id	name	url
64277	" Ephedra foliata"	
354	Acanthaceae	https://openherbarium.org/taxa/index.php?taxon=Acanthaceae
328	Aizoaceae	https://openherbarium.org/taxa/index.php?taxon=Aizoaceae
448	Alismataceae	https://openherbarium.org/taxa/index.php?taxon=Alismataceae
305	Amaranthaceae	https://openherbarium.org/taxa/index.php?taxon=Amaranthaceae
14909	Amaryllidaceae	https://openherbarium.org/taxa/index.php?taxon=Amaryllidaceae
242	Anacardiaceae	https://openherbarium.org/taxa/index.php?taxon=Anacardiaceae
369	Apocynaceae	https://openherbarium.org/taxa/index.php?taxon=Apocynaceae
9748	Aponogeton	https://openherbarium.org/taxa/index.php?taxon=Aponogeton
445	Aponogetonaceae	https://openherbarium.org/taxa/index.php?taxon=Aponogetonaceae
428	Araceae	https://openherbarium.org/taxa/index.php?taxon=Araceae
440	Arecaceae	https://openherbarium.org/taxa/index.php?taxon=Arecaceae
23915	Asparagaceae	https://openherbarium.org/taxa/index.php?taxon=Asparagaceae
23917	Asphodelaceae	https://openherbarium.org/taxa/index.php?taxon=Asphodelaceae
19583	Aspleniaceae	https://openherbarium.org/taxa/index.php?taxon=Aspleniaceae
391	Asteraceae	https://openherbarium.org/taxa/index.php?taxon=Asteraceae
76164	"Azolla nilotica"	"https://openherbarium.org/taxa/index.php?taxon=Azolla nilotica"
359	Bignoniaceae	https://openherbarium.org/taxa/index.php?taxon=Bignoniaceae
361	Boraginaceae	https://openherbarium.org/taxa/index.php?taxon=Boraginaceae
284	Brassicaceae	https://openherbarium.org/taxa/index.php?taxon=Brassicaceae
290	Burseraceae	https://openherbarium.org/taxa/index.php?taxon=Burseraceae
52554	Buxaceae	https://openherbarium.org/taxa/index.php?taxon=Buxaceae
76226	"Buxus hildebrandtii"	"https://openherbarium.org/taxa/index.php?taxon=Buxus hildebrandtii"
343	Cactaceae	https://openherbarium.org/taxa/index.php?taxon=Cactaceae
64271	"Canna x generalis"	"https://openherbarium.org/taxa/index.php?taxon=Canna x generalis"
459	Cannaceae	https://openherbarium.org/taxa/index.php?taxon=Cannaceae
236	Capparaceae	https://openherbarium.org/taxa/index.php?taxon=Capparaceae
287	Celastraceae	https://openherbarium.org/taxa/index.php?taxon=Celastraceae
23914	Colchicaceae	https://openherbarium.org/taxa/index.php?taxon=Colchicaceae
303	Combretaceae	https://openherbarium.org/taxa/index.php?taxon=Combretaceae
453	Commelinaceae	https://openherbarium.org/taxa/index.php?taxon=Commelinaceae
370	Convolvulaceae	https://openherbarium.org/taxa/index.php?taxon=Convolvulaceae
260	Crassulaceae	https://openherbarium.org/taxa/index.php?taxon=Crassulaceae
254	Cucurbitaceae	https://openherbarium.org/taxa/index.php?taxon=Cucurbitaceae
420	Cymodoceaceae	https://openherbarium.org/taxa/index.php?taxon=Cymodoceaceae
432	Cyperaceae	https://openherbarium.org/taxa/index.php?taxon=Cyperaceae
47643	Equisetopsida	https://openherbarium.org/taxa/index.php?taxon=Equisetopsida
62689	"Equisetum ramosissimum"	"https://openherbarium.org/taxa/index.php?taxon=Equisetum ramosissimum"
244	Euphorbiaceae	https://openherbarium.org/taxa/index.php?taxon=Euphorbiaceae
310	Fabaceae	https://openherbarium.org/taxa/index.php?taxon=Fabaceae
64540	"Flagellaria guineensis"	"https://openherbarium.org/taxa/index.php?taxon=Flagellaria guineensis"
455	Flagellariaceae	https://openherbarium.org/taxa/index.php?taxon=Flagellariaceae
47153	Gnetopsida	https://openherbarium.org/taxa/index.php?taxon=Gnetopsida
422	Hydrocharitaceae	https://openherbarium.org/taxa/index.php?taxon=Hydrocharitaceae
23912	Hypoxidaceae	https://openherbarium.org/taxa/index.php?taxon=Hypoxidaceae
64267	"Hypoxis angustifolia"	"https://openherbarium.org/taxa/index.php?taxon=Hypoxis angustifolia"
465	Iridaceae	https://openherbarium.org/taxa/index.php?taxon=Iridaceae
441	Juncaceae	https://openherbarium.org/taxa/index.php?taxon=Juncaceae
5304	Juncus	https://openherbarium.org/taxa/index.php?taxon=Juncus
62710	"Juniperus procera"	"https://openherbarium.org/taxa/index.php?taxon=Juniperus procera"
348	Lamiaceae	https://openherbarium.org/taxa/index.php?taxon=Lamiaceae
76225	Lasiosiphon	https://openherbarium.org/taxa/index.php?taxon=Lasiosiphon
62688	Liliopsida	https://openherbarium.org/taxa/index.php?taxon=Liliopsida
47154	Lycopodiopsida	https://openherbarium.org/taxa/index.php?taxon=Lycopodiopsida
282	Lythraceae	https://openherbarium.org/taxa/index.php?taxon=Lythraceae
248	Malvaceae	https://openherbarium.org/taxa/index.php?taxon=Malvaceae
19664	Marsilea	https://openherbarium.org/taxa/index.php?taxon=Marsilea
19565	Marsileaceae	https://openherbarium.org/taxa/index.php?taxon=Marsileaceae
280	Meliaceae	https://openherbarium.org/taxa/index.php?taxon=Meliaceae
388	Moraceae	https://openherbarium.org/taxa/index.php?taxon=Moraceae
64739	Moringa	https://openherbarium.org/taxa/index.php?taxon=Moringa
320	Moringaceae	https://openherbarium.org/taxa/index.php?taxon=Moringaceae
64269	"Musa (cultivars)"	"https://openherbarium.org/taxa/index.php?taxon=Musa (cultivars)"
439	Musaceae	https://openherbarium.org/taxa/index.php?taxon=Musaceae
232	Myrtaceae	https://openherbarium.org/taxa/index.php?taxon=Myrtaceae
64275	Non-monocots	https://openherbarium.org/taxa/index.php?taxon=Non-monocots
378	Nyctaginaceae	https://openherbarium.org/taxa/index.php?taxon=Nyctaginaceae
292	Oleaceae	https://openherbarium.org/taxa/index.php?taxon=Oleaceae
20467	"Ophioglossum polyphyllum"	"https://openherbarium.org/taxa/index.php?taxon=Ophioglossum polyphyllum"
458	Orchidaceae	https://openherbarium.org/taxa/index.php?taxon=Orchidaceae
429	Pandanaceae	https://openherbarium.org/taxa/index.php?taxon=Pandanaceae
64266	"Pandanus kirkii"	"https://openherbarium.org/taxa/index.php?taxon=Pandanus kirkii"
24840	Phyllanthaceae	https://openherbarium.org/taxa/index.php?taxon=Phyllanthaceae
47155	Pinopsida	https://openherbarium.org/taxa/index.php?taxon=Pinopsida
48000	Plantae	
433	Poaceae	https://openherbarium.org/taxa/index.php?taxon=Poaceae
47156	Polypodiopsida	https://openherbarium.org/taxa/index.php?taxon=Polypodiopsida
6042	Portulaca	https://openherbarium.org/taxa/index.php?taxon=Portulaca
306	Portulacaceae	https://openherbarium.org/taxa/index.php?taxon=Portulacaceae
9749	Potamogeton	https://openherbarium.org/taxa/index.php?taxon=Potamogeton
446	Potamogetonaceae	https://openherbarium.org/taxa/index.php?taxon=Potamogetonaceae
47157	Psilotopsida	https://openherbarium.org/taxa/index.php?taxon=Psilotopsida
19596	Pteridaceae	https://openherbarium.org/taxa/index.php?taxon=Pteridaceae
281	Resedaceae	https://openherbarium.org/taxa/index.php?taxon=Resedaceae
315	Rhamnaceae	https://openherbarium.org/taxa/index.php?taxon=Rhamnaceae
346	Rubiaceae	https://openherbarium.org/taxa/index.php?taxon=Rubiaceae
63784	Salvadoraceae	https://openherbarium.org/taxa/index.php?taxon=Salvadoraceae
19557	Salviniaceae	https://openherbarium.org/taxa/index.php?taxon=Salviniaceae
396	Santalaceae	https://openherbarium.org/taxa/index.php?taxon=Santalaceae
20463	Selaginella	https://openherbarium.org/taxa/index.php?taxon=Selaginella
64270	"Siphonochilus aethiopicus"	"https://openherbarium.org/taxa/index.php?taxon=Siphonochilus aethiopicus"
351	Solanaceae	https://openherbarium.org/taxa/index.php?taxon=Solanaceae
401	Thymelaeaceae	https://openherbarium.org/taxa/index.php?taxon=Thymelaeaceae
9488	"Typha domingensis"	"https://openherbarium.org/taxa/index.php?taxon=Typha domingensis"
437	Typhaceae	https://openherbarium.org/taxa/index.php?taxon=Typhaceae
64261	Velloziaceae	https://openherbarium.org/taxa/index.php?taxon=Velloziaceae
355	Verbenaceae	https://openherbarium.org/taxa/index.php?taxon=Verbenaceae
286	Vitaceae	https://openherbarium.org/taxa/index.php?taxon=Vitaceae
64798	Xerophyta	https://openherbarium.org/taxa/index.php?taxon=Xerophyta
461	Zingiberaceae	https://openherbarium.org/taxa/index.php?taxon=Zingiberaceae
251	Zygophyllaceae	https://openherbarium.org/taxa/index.php?taxon=Zygophyllaceae
