id	created_at	updated_at	title	author	description	item	spatial	remarks	source_id	created_by	updated_by	key_file
11972	"2021-04-14 00:58:23"	"2021-04-13 14:58:24"	"Major groups of plants"	"Mary E. Barkworth"	"This key is to break the species up according to their major group. In most cases, the ""major group"" is a class. If only one species for that class is present in Somaliland, it will lead to that species and connect to a description in OpenHerbarium. In other instances, notably the monocots and non-monocots, it will lead to another key.  The major reference for all these keys is the Flora of Somalia (Thulin, ed.), but the family treatment follows that of the Angiosperm Phylogeny Group, ed. Some of the generic treatments have also been changed to reflect recent research. "	Plantae	Somaliland			mary.barkworth@usu.edu	niels.klazenga@rbg.vic.gov.au	key-11972-major-groups-of-plants.tsv
11973	"2021-04-14 01:13:16"	"2021-04-20 20:58:41"	"Liliopsida (Monocot) families"	"Mary E. Barkworth"	"This key is is based on the Key to Monocots in the Flora of Somalia but reflects family changes recommended by the Angiosperm Phylogeny Group. The families most affected are those in the Liliales and Asparagales."	Liliopsida	Somaliland			mary.barkworth@usu.edu	mary.barkworth@usu.edu	key-11973-liliopsida-monocot-families.tsv
11974	"2021-04-14 01:16:23"	"2021-04-13 15:16:24"	"Non-monocot families"	"Mary E. Barkworth"	"This includes only a subset of the families present in Somaliland, It will gradually be expanded to include the additional families."	Non-monocots	Somaliland			mary.barkworth@usu.edu	niels.klazenga@rbg.vic.gov.au	key-11974-non-monocot-families.tsv
11975	"2021-04-14 03:04:19"	"2021-04-13 17:13:32"	"Polypodiopsida families"	"Mary E. Barkworth"		Polypodiopsida	Somaliland			mary.barkworth@usu.edu	niels.klazenga@rbg.vic.gov.au	key-11975-polypodiopsida-families.tsv
