1	"Plants greyish from a dense indumentum of stellate or dendritic hairs; aerial stems usually much-branched, plants often subshrubs; mallee areas only"	2
1	"Leaves and stems glabrous or somewhat pubescent, but not greyish overall, hairs simple or septate-barbed; stems prostrate or erect, but few-branched"	3
from	statement	to
2	"Spikes 1.5–2 cm wide, dense; tepals silky-hairy all over outer surface; leaves whitish"	"Ptilotus obovatus"
2	"Spikes 2.5–3 cm wide, rather loose; outer surfaces of tepals with long silky hairs in upper half only (but with much shorter branched hairs all over); leaves greyish or grey-green"	"Ptilotus sessilifolius"
3	"Perianth pink or reddish at or near apex (but spike may appear coloured or whitish overall)"	4
3	"Perianth yellow-green to straw-coloured at apex"	6
4	"Leaves linear or narrowly oblanceolate, to c. 3 mm wide; bracts pale straw-coloured or whitish; perianth ± curved upwards;"	"Ptilotus erubescens"
4	"Leaves obovate to oblanceolate, the largest wider than 3 mm; bracts entirely brown or with a brown median stripe; perianth straight"	5
5	"Annual (or short-lived perennial) herbs with stems arising from a fleshy, little-branched taproot; basal leaves mostly 20–60 mm wide, shortly attenuate, usually distinctly mucronate; inflorescence cylindrical; mostly north-west mallee areas"	"Ptilotus exaltatus"
5	"Long-lived, perennating herbs, with annual stems arising from a much-branched, woody rootstock; basal leaves to c. 5 mm wide, long-attentuate, not or very shortly mucronate; inflorescence usually hemispherical or ovoid (rarely cylindrical); mostly Wimmera"	"Ptilotus semilanatus"
6	"Flowering stems prostrate to ascending, to c. 30 cm high, usually several-branched (at least near base)"	7
6	"Flowering stems erect, 30 cm high or more, simple or few-branched"	8
7	"Outer surface of tepals glabrous in the lower quarter (except on margins and at very base); spikes remaining hemispherical to ovoid; basal leaves narrowly obovate, mostly more than 1 cm wide, the blade longer than the narrow base"	"Ptilotus seminudus"
7	"Outer surface of tepals ± evenly hairy to base; spikes finally cylindric; basal leaves spathulate, mostly less than 1 cm wide, the narrow base much longer than the blade"	"Ptilotus spathulatus"
8	"Perianth to 16 mm long; bracteoles rounded at apex; leaves retaining at least scattered hairs at maturity"	"Ptilotus polystachyus"
8	"Perianth 18 mm long or more; bracteoles acute, or obtuse and sometimes mucronate at apex; leaves glabrous at maturity"	9
9	"Leaves linear to narrowly obovate; bracts and bracteoles ± transparent, the bracteoles glabrous; perianth covered throughout with long, silky hairs; absent from far north-west"	"Ptilotus macrocephalus"
9	"Leaves obovate to oblanceolate; bracts and bracteoles opaque about the mid-nerve, pubescent or tuberculate; perianth with long silky hairs confined to the upper half; far north-west only and rare"	"Ptilotus nobilis"
