from	statement	to
1	"Corolla-tube greatly exceeding calyx; style and stamens much exserted; plant more or less glabrous; leaves narrow, at least 5 mm long"	"Wilsonia backhousei"
1	"Corolla-tube about as long as calyx; style and stamens shortly exserted; plant variously hairy; leaves broad and/or under 5 mm long"	2
2	"Leaves concave, imbricate, distichous, silvery; plant with appressed hairs"	"Wilsonia humilis"
2	"Leaves flat, not imbricate or distichous, green; plant with spreading hairs"	"Wilsonia rotundifolia"
