from	statement	to
1	"Leaves and bracts more or less entire, margins spiny; florets bright orange; pappus usually absent"	"Carthamus tinctorius"
1	"Leaves and bracts deeply toothed to pinnatisect with spines on teeth and lobes; florets pink, purple, yellow or cream; pappus present at least on inner cypselas"	2
2	"Florets yellow or cream"	"Carthamus lanatus"
2	"Florets pink or purplish"	3
3	"Stems densely glandular-hairy; cypselas 5–6 mm long"	"Carthamus dentatus"
3	"Stems glabrescent with a greyish bloom; cypselas 3–4 mm long"	"Carthamus leucocaulos"
