1	"Undersurface of pinnules generally without hairs; scales absent or sparse; lamina light to dark green"	2
1	"Undersurface of pinnules thickly beset with hairs and/or scales; lamina dark green to grey-green"	3
from	statement	to
2	"Lamina mostly 3–10 cm wide, triangular to ovate, 3-pinnate; pinnae close together; undersurface of rachis and midrib with scattered fine scales and few hairs"	"Cheilanthes austrotenuifolia"
2	"Lamina mostly 2–3 cm wide, oblong to ovate, 2-pinnate (or 3-pinnate near base); pinnae well separated; undersurface of rachis and midrib with scattered segmented hairs (many appressed and glandular) and few scales"	"Cheilanthes sieberi"
3	"Undersurface of pinnules covered in flat scales; upper surface of pinnules with small, sparse, simple hairs"	"Cheilanthes distans"
3	"Undersurface of pinnules with fine scales and numerous branched hairs; upper surface of pinnules with moderate to dense cover of branched hairs"	"Cheilanthes lasiophylla"
