from	statement	to
1	"Mature leaves hairy on the lower surface"	2
1	"Lower surface of leaves glabrous or with hairs restricted to veins"	3
2	"Lower surface of leaves densely felted; long-shoot leaves palmatifid"	"Populus alba"
2	"Lower surface of leaves with a thin layer of cobwebbed hair; leaves not palmatifid"	"Populus ×canescens"
3	"Leaves longer than wide; lower surface of leaves distinctly white"	"Populus yunnanensis"
3	"Leaf length similar to width, or leaves slightly wider than long; lower surface of leaves pale green or blueish-grey"	4
4	"Leaves suborbicular, blue-grey below; apex rounded or apiculate"	"Populus tremula"
4	"Leaves triangular, broadly ovate or deltoid-ovoid, pale green below; apex acuminate"	5
5	"Base of leaves cuneate, often broadly so; glands absent from near base of leaf"	"Populus nigra 'Italica'"
5	"Base of leaves truncate or shallowly cordate; usually at least some leaves with a gland on one or both sides of the midvein near the junction of the petiole and lamina"	"Populus ×canadensis"
