from	statement	to
1	"Leaves mostly crenate to crenate-dentate; corolla-lobes each with a laciniate longitudinal keel on the inner surface; placentas and stigmas usually 5, stigmas decur- rent on the style; seed without a caruncle"	"Nymphoides crenata"
1	"Leaves entire or mildly crenate; corolla-lobes not keeled; placentas and stigmas usually 2, stigmas not decurrent; seed with a thin to prominent circular caruncle"	2
2	"Flowers homostylous; seed more or less globular but slightly laterally compressed, 0.6–0.95 mm long, usually bearing prominent broad obtuse tubercles"	"Nymphoides geminata"
2	"Flowers heterostylous; seed ellipsoid but strongly laterally compressed, 1.1–1.55 mm long, usually smooth or else with prominent fine acute tubercles"	3
3	"Leaves mostly entire, uniformly green above; seeds usually smooth, rarely with minute obtuse tubercles"	"Nymphoides montana"
3	"Leaves mostly mildly crenate but often entire, upper surface with a cyclamen-coloured spot at the point of petiole insertion and often mottled in greens and maroon-browns; seeds with prominent fine acute tubercles"	"Nymphoides spinulosperma"
