1	"Lower surface of leaf-lamina densely papillose"	2
1	"Lower surface of leaf-lamina glabrous or variously hairy, never just papillose"	3
from	statement	to
2	"Leaves more or less flat, usually more than 20 mm long and 1.5 mm wide; apex usually apiculate"	"Logania albiflora"
2	"Leaves revolute, usually c. 10 mm long, mature leaves less than 1.5 mm wide; apex obtuse to acute"	"Logania granitica"
3	"Leaf-base attenuate, somewhat decurrent; lamina linear to very narrowly elliptic, length-to-width ratio (5–) 10; leaf-margin not thickened, more or less flat"	"Logania linifolia"
3	"Leaf-base rounded to slightly cuneate; lamina broadly ovate to ovate, rarely narrowly ovate, length-to-width ratio 1.2–2.5 (–3.5); leaf-margin slightly thickened and slightly recurved"	"Logania ovata"
