from	statement	to
1	"Glumes 7–11 mm long, coriaceous, finely many-nerved with distinct midrib, not at all or only obscurely keeled; spikelet not much wider than culm"	"Eleocharis sphacelata"
1	"Glumes less than 5 mm long, membranous with distinct midrib, often distinctly keeled, sides nerveless; spikelet distinctly wider than culm unless the latter is flat"	2
2	"Style 2-fid; mouth of leaf-sheath never mucronate"	"Eleocharis minuta"
2	"Style 3-fid, or rarely 2-fid in E. pallens and E. acuta and then the mouth of the uppermost leaf-sheath transverse and prominently mucronate"	3
3	"External surface of the nut longitudinally ridged, the intervening cells transversely linear or oblong; nut obscurely trigonous or terete"	4
3	"Surface of nut finely reticulate, wrinkled, pitted or smooth, the cells very small and often very faint, mostly shortly vertically oblong in very numerous series; nut distinctly trigonous or lenticular"	6
4	"Nut obpyriform, with c. 8 prominent ridges on each face; culm surface with circular to elliptic cell outlines in longitudinal columns (obvious at X 20 magnification"	"Eleocharis macbarronii"
4	"Nut narrow-obovoid to obovoid, with 3–5 prominent ridges on each face; culm surface smooth on and between ribs"	5
5	"Spikelet narrow-ovoid to linear, 10–20 mm long, rarely producing fruit; glumes 3–5 mm long; plants often proliferating and producing tubers; glumes red-brow"	"Eleocharis atricha"
5	"Spikelet ovoid, 2–7 mm long, usually setting fruit; glumes 2.0–2.5 mm long; plants neither proliferating nor with tubers; glumes dark red-brown to blackish"	"Eleocharis pusilla"
6	"Nut biconvex or plano-convex; mouth of leaf-sheath truncate and mucronate"	7
6	"Nut  trigonous; mouth of leaf-sheath oblique, usually not mucronate"	9
7	"Rhizome very short; culms densely tufted; nut with ± prominently ribbed angles; anther appendage not exceeding 0.15 mm in length; glumes readily deciduous; culms strongly longitudinally ridged (obvious at least when dried) with surface minutely reticulate and glistening between ridges"	"Eleocharis pallens"
7	"Rhizome creeping; nut not strongly ribbed on the angles; anthers with apical appendage c. 0.2 mm long; glumes tardily deciduous; culms faintly striate or obscurely wrinkled, otherwise smooth"	8
8	"Culms terete or nearly so, ± trigonous immediately below the spikelet (may be flattened when dried, and then mucro at mouth of leaf-sheath may be in any position relative to 'margins' of flattened culm); spikelet often much wider than culm"	"Eleocharis acuta"
8	"Culms strongly flattened when fresh, even at apex; mucro at mouth of leaf-sheaths always at middle of one flat face of culm; spikelet slightly wider than culm"	"Eleocharis plana"
9	"Plants not more than 5 cm high, extensively stoloniferous or rhizomatous, almost turf-like and producing copious small tubers; spikelets less than 5 mm long"	"Eleocharis parvula"
9	"Plants more than 5 cm high, tufted or shortly rhizomatous, never turf-like, tubers lacking or rare; spikelets longer than 5 mm"	10
10	"Nut more or less evenly trigonous with ribbed dorsal angle; hypogynous bristles retrorsely toothed,  equal, as long as or longer than nut"	"Eleocharis gracilis"
10	"Nut unevenly trigonous, with the dorsal angle not ribbed; hypogynous bristles smooth, uneven, up to half the length of nut"	"Eleocharis obicis"
