from	statement	to
1	"Leaves mostly 6–12 cm long, 30–50 mm wide, petioles 10–20 mm long; panicles 15–25 cm long"	"Ligustrum lucidum"
1	"Leaves mostly 2.5–7 cm long, 8–30 mm wide, petioles 1–8 mm long; panicles 3–15 cm long"	2
2	"Calyx 2–3 mm long; corolla-tube longer than lobes; berry 8–10 mm diam.;"	"Ligustrum ovalifolium"
2	"Calyx 1–1.5 mm long; corolla-tube shorter than or as long as lobes; berry 5–8 mm diam."	3
3	"Leaves glabrous; corolla-tube distinctly exserted from calyx-tube"	"Ligustrum vulgare"
3	"Leaves pubescent at least on the midrib on the lower surface; corolla-tube usually barely exserted from calyx-tube"	"Ligustrum sinense"
