from	statement	to
1	"Styles separate; leaves linear (filiform in aquatic forms) to very narrowly ovate (0.2–1.2 mm wide); corolla 1.4–1.7 mm long; involucre 6-veined"	"Phyllangium distylis"
1	"Styles connate; leaves elliptic, narrowly elliptic or narrowly obovate (0.8–4 mm wide); corolla 2.5–5.4 mm long; involucre 6-, 8- or 9-veined"	2
2	"Involucre 8- or 9-veined; seeds brown or grey, finely reticulate"	"Phyllangium divergens"
2	"Involucre 6-veined, rarely with 4 additional veins; seeds black, sulcate"	"Phyllangium sulcatum"
