from	statement	to
1	"Leaves reduced to a grass-like phyllode, tendril absent"	"Lathyrus nissolia"
1	"Leaves compound, terminal leaflet modified into 1 or more tendrils"	2
2	"Stems and petioles not winged; stipules less than 2 mm wide; flowers 1 or rarely 2; corolla to c. 10 mm long; pod usually less than 5 mm wide"	"Lathyrus angulatus"
2	"Stems and petioles winged, at least in upper parts; stipules more than 2 mm wide; flowers 1-many; corolla more than 10 mm long; pod more than 5 mm wide"	3
3	"Plant perennial; flowers 3–15 in racemes; calyx-lobes unequal"	"Lathyrus latifolius"
3	"Plant annual; flowers mostly 1–3; calyx-lobes more or less equal"	4
4	"Peduncles mostly less than 6 cm long; pods with 2 wings on upper suture"	"Lathyrus sativus"
4	"Peduncles mostly more than 7 cm long; pods not winged"	5
5	"Calyx pubescent, teeth longer than tube; pod pubescent"	"Lathyrus odoratus"
5	"Calyx glabrous, teeth shorter than tube; pod glabrous"	"Lathyrus tingitanus"
