from	statement	to
1	"Branch leaves to 1 mm long; stipe leaves patent and distant; operculum rostrate"	"Camptochaete excavata"
1	"Branch leaves mostly greater than 1 mm long; stipe leaves appressed and overlapping; operculum blunt or apiculate"	2
2	"Cells at leaf apex 1.5–3.5 times longer than wide; leaves collapsed-wrinkled when dry, strongly concave; apices of branch leaves acute"	"Camptochaete arbuscula"
2	"Cells at leaf apex 4–9 times longer than wide; leaves hardly altered when dry or occasionally striate-wrinkled, moderately concave; apices of branch leaves acute to acuminate"	"Camptochaete deflexa"
