from	statement	to
1	"Foliage leaves clearly of two sorts, 2 dorsal rows flattened into one plane; stems prostrate or procumbent; alpine"	"Lycopodium scariosum"
1	"Foliage leaves similar, overlapping and spirally arranged; at least fertile branches erect"	2
2	"Plants 30–100 cm tall; main stem rigidly erect then much-branched; leaves very small, often of more than one sort; strobili numerous, 1–2 cm long, on tips of ultimate branches; lowlands"	"Lycopodium deuterodensum"
2	"Plants usually less than 30 cm tall; stems erect or trailing, much-branched; leaves all alike, spreading and curved upwards; strobili few, 2–5 cm long, carried above foliage leaves, often on almost leafless stalks; alps and subalps"	"Lycopodium fastigiatum"
