from	statement	to
1	"Leaves linear to narrow-lanceolate, margins recurved to revolute; flowers 2–3 mm diam.; dwarf, short-lived perennial shrub from the Grampians, Brisbane and Pyrete Ranges and far East Gippsland"	"Poranthera corymbosa"
1	"Leaves spathulate to obovate, margins more or less flat; flowers less than 2 mm diam.; small herbs"	2
2	"Plants dioecious, perennial, with annual stems dying back to rootstock; alps and subalps of eastern Victoria"	"Poranthera oreophila"
2	"Plants monoecious, annual; lowlands to subalps"	3
3	"Seeds smooth; plants compact; leaves mostly >11 mm long; north-west Victoria only"	"Poranthera leiosperma"
3	"Seeds tuberculate; plants often diffuse; leaves <11 mm long; widespread"	"Poranthera microphylla"
