1	"Outer florets with ligules 1.5–5 mm long"	2
1	"Outer florets with a minute oblique limb or ligules up to 1 mm long"	3
from	statement	to
2	"Plants sprawling, usually freely branched with numerous capitula; at least some leaves usually deeply toothed or lobed; cypselas c. 1 mm long, with pappus c. 2 mm long; garden-escaped plant of disturbed sites"	"Erigeron karvinskianus"
2	"Plants unbranched above (but sometimes with branching rhizomes), with leaves rosetted or crowded at base and capitula solitary, on erect peduncles, or plant stiffly erect, with capitula in narrowly corymbose inflorescence; native species of alps"	"Erigeron conyzoides"
3	"Involucral bracts glabrous or almost so; capitula usually 3–4 mm long"	4
3	"Involucral bracts hairy; capitula usually 4–6(–12) mm long"	6
4	"Outer florets with a minute oblique limb; involucral bracts lanceolate or narrowly triangular, brown inside when reflexed at maturity"	"Erigeron bilbaoanus"
4	"Outer florets with short ligules; involucral bracts narrow, linear to narowly lanceolate, the inner at maturity pale on most of the inner face"	5
5	"Stems coarsely pilose or hirsute (but not densely so); leaf-margins usually coarsely pilose; outer involucral bracts with a few hairs; bracts without a purplish spot at the apex"	"Erigeron canadensis"
5	"Stems glabrous or inconspicuously hairy; leaf margins with a few scattered long hairs at base, otherwise finely strigose; involucral bract usually glabrous, usually with a purplish spot at the apex"	"Erigeron pusillus"
6	"Capitula 4–5 mm long, numerous in a pyramidal panicle, inner involucral bracts mostly brown on the inner face at maturity"	"Erigeron sumatrensis"
6	"Capitula 5–6 mm long and numerous, or up to 12 mm long and rather few (to c. 35); panicle not usually pyramidal; inner involucral bracts mostly pale on the inner face at maturity (sometimes brown above but then with broad pale margins below)"	7
7	"Capitula 5–6 mm long, usually numerous"	"Erigeron bonariensis"
7	"Capitula c. 8–12 mm long, up to c. 35"	"Erigeron primulifolius"
