from	statement	to
1	"Inflorescence 2 (rarely 3)-branched, flowers rather distant; leaves hastate at base; stems with stiff reflexed hairs"	"Persicaria praetermissa"
1	"Inflorescence of dense, or sometimes interrupted, ovoid to cylindric spikes; leaves attenuate at base; stems without reflexed hairs"	2
2	"Undersurfaces of leaves densely pubescent, often appearing whitish"	3
2	"Leaves glabrous or with scattered bristles, never densely pubescent"	4
3	"Leaf undersurface cobwebbed, hairs shedding with age; veins with short scales c. 0.4 mm long"	"Persicaria lapathifolia"
3	"Leaf undersurface subvillous; veins with long appressed hairs c. 2 mm long"	"Persicaria attenuata"
4	"Stems and peduncles densely to sparsely hairy"	5
4	"Stems and peduncles glabrous (rarely with a very few scattered hairs)"	7
5	"Ochreas not developing green limb; plants rhizomatous"	"Persicaria subsessilis"
5	"Ochreas developed from upper margin into a spreading green limb; plants not rhizomatous"	6
6	"Leaves to 5 cm long and 1 cm wide; margin of ochreas lobed or toothed and ciliate"	"Persicaria prostrata"
6	"Leaves more than 6 cm long and 3 cm wide; margin of ochreas entire, ciliate"	"Persicaria orientalis"
7	"Virtually all parts of plant with conspicuous glands; leaves with very hot, peppery taste"	8
7	"Glands absent from at least flowers and ochreas; leaves not peppery tasting"	9
8	"Flowers white or greenish; leaves without strong coriander-like smell"	"Persicaria hydropiper"
8	"Flowers pink or white; leaves with a strong coriander-like smell; plants cultivated"	"Persicaria odorata"
9	"Ochreas without marginal bristles; leaves with more or less yellowish glands on at least lower surface; flowers dull pink or whitish"	"Persicaria lapathifolia"
9	"Ochreas with marginal bristles; leaves eglandular or sparsely glandular on lower surface; flowers bright pink; leaves often with a dark blotch toward base"	10
10	"Spikes usually slender (3–5 mm diam.), narrowly cylindric, rather lax; leaves glabrous except along margins and main veins; perennial"	"Persicaria decipiens"
10	"Spikes stout (7–10 mm diam.), more or less ovoid, dense; pedicels exceeding subtending bracts; leaves commonly with short appressed hairs on lamina; annual"	"Persicaria maculosa"
