from	statement	to
1	"Inflorescence of 1–30 flowers, sessile; sepals (in fruit) usually more than 1 mm long, usually same length as or longer than perigynous zone"	2
1	"Inflorescence of solitary or paired flowers, on short or long peduncles; sepals (in fruit) less than 1 mm long, shorter than perigynous zone"	4
2	"Flowers and fruit sessile; sepals lanceolate; plants perennial with woody base"	"Scleranthus diander"
2	"Flowers and fruit shortly pedicellate; sepals linear; plants annual, non-woody"	3
3	"Stems and leaves with some hairs; stamens 2–7; leaves usually less than 0.7 mm wide with acute apex; fruit pedicel usually less than 1 mm long"	"Scleranthus annuus"
3	"Stems and leaves glabrous; stamens 2; leaves usually more than 0.5 mm wide with mucronate apex; fruit pedicel more than 1 mm long"	"Scleranthus minusculus"
4	"Flowers solitary on peduncles; bracts 2 per inflorescence"	"Scleranthus singuliflorus"
4	"Flowers paired on peduncles; bracts 4 per inflorescence"	5
5	"Stems and bracts with some hairs; leaves fascicled; plant usually prostrate, spreading, not dense or compact but straggly and lax"	"Scleranthus fasciculatus"
5	"Stems and bracts glabrous; leaves not fascicled; plant usually cushion-like, dense, compact"	6
6	"Sepals 4; stamens level with or exserted beyond sepals, long persistent"	"Scleranthus biflorus"
6	"Sepals 5; stamens included, caducous"	"Scleranthus brockiei"
