from	statement	to
1	"Calyx-lobes one-third to half the length of the hypanthium; hypanthium reddish-brown at maturity; stipules usually conspicuously veined"	"Aphanes australiana"
1	"Calyx-lobes up to one-third the length of the hypanthium; hypanthium green to light brown at maturity; stipules usually not conspicuously veined"	2
2	"Hypanthium either glabrescent or hairs slightly spreading; calyx-lobes with spreading hairs, longer than those of the hypanthium"	"Aphanes arvensis"
2	"Hairs on hypanthium dense, silky white; calyx-lobes either glabrous or with hairs the same length as those of the hypanthium"	"Aphanes inexspectata"
