from	statement	to
1	"Flowers white, segments less than 5 mm long; leaves to c. 2 mm wide; plant usually less than 20 cm tall; roots fleshy-fibrous"	"Caesia parviflora var. minor"
1	"Flowers white to blue, segments to 8.5 mm long; widest leaves mostly more than 2 mm wide; plant usually more than 20 cm tall"	2
2	"Flowers white or pale blue to pink; staminal filaments greenish white; leaves to 5 mm wide; roots fleshy-fibrous"	"Caesia parviflora var. parviflora"
2	"Flowers dark blue with darker venation; staminal filaments blue, often with transverse white bands; leaves to 8 mm wide; roots with fusiform tubers"	"Caesia parviflora var. vittata"
