from	statement	to
1	"Juvenile leaves glossy green; Mt Arapiles and northern Grampians only"	"Eucalyptus goniocalyx subsp. viridissima"
1	"Juvenile leaves glaucous or blue-green; widespread"	2
2	"Bark light brown, thin, finely fibrous, peppermint-like, sparsely-fractured (smooth in appearance), extending to the upper trunk; Lerderderg State Park"	"Eucalyptus goniocalyx subsp. fallax"
2	"Bark grey to brown, thick, often crusty, tessellated and scaly, box-like, either persisting to the secondary branches or forming a stocking on the lower trunk"	3
3	"Rough bark only as a stocking on lower trunk; bark above loosely-attached, non-fibrous; bark on branches smooth; Brisbane Ranges only"	"Eucalyptus goniocalyx subsp. laxa"
3	"Box-like bark extending to the minor branches; bark on lower trunk thick, crusty and deeply fractured, scaly or tessellated above; widespread"	"Eucalyptus goniocalyx subsp. goniocalyx"
