from	statement	to
1	"Leaves in pairs and stipules small or absent on upper stems; plant often climbing; north-western Victoria only"	"Asperula gemella"
1	"Leaves and stipules in whorls of 4–9 throughout; plant not or barely climbing"	2
2	"Leaves and stipules mostly in whorls of 4, glabrous"	3
2	"Leaves and stipules mostly in whorls of 6–9, variously hairy or glabrous"	5
3	"Leaves and stipules unequal; plant with woody lower stems and rootstock; rare in east"	"Asperula ambleia"
3	"Leaves and stipules more or less equal; plant herbaceous throughout"	4
4	"Leaves obovate, oblanceolate or elliptic, drying dark green to black"	"Asperula gunnii"
4	"Leaves linear to linear lanceolate, drying green"	"Asperula subsimplex"
5	"Leaves mostly suberect, arcuate, curving inwards towards stem (at least in the dried state); plant drying grey-green; north-western Victoria only"	"Asperula wimmerana"
5	"Leaves mostly spreading or deflexed, usually more or less straight; plant drying green or blackish"	6
6	"Leaves with an almost pungent hyaline tip 0.2–0.5 mm long"	"Asperula scoparia"
6	"Leaves with hyaline tip absent of if present, less than 0.2 mm long"	7
7	"Leaves of stems and major branches greater than 10 mm long and with a length:width ratio greater than 10"	"Asperula charophyton"
7	"Leaves less than 10 mm long or if longer then with a length:width ratio less than 10"	8
8	"Leaves mildly tapering basally (base greater than half of maximum width), with abaxial midrib robust and protruding relative to margins"	"Asperula conferta"
8	"Leaves moderately to strongly tapering basally (base less than half of maximum width), with abaxial midrib slender and generally recessed relative to margins"	9
9	"Stems glabrous or almost so with up to c. 5 minute prickle-like hairs per mm of stem angle"	10
9	"Stems clearly hairy  usually with greater than 10 minute prickle-like hairs per mm of stem angle, at least near nodes"	12
10	"Leaves generally nearly parallel-sided, at least some with apex recurved or rolled under or obtuse to rounded; abaxial midrib, if hairy, with narrow-based hairs; cymes congested with pedicels generally less than 1 mm long"	"Asperula pusilla"
10	"Leaves usually distinctly narrow-elliptic or oblanceolate with apex not recurved, subacute to acute; abaxial midrib, if hairy, with broad-based hairs; cymes slightly lax with pedicels commonly greater than 1 mm long"	11
11	"Upper surface of leaves with scattered minute hairs; leaves predominantly less than 0.7 mm wide; corolla-tube of female flowers less than 0.5 mm long"	"Asperula minima"
11	"Upper surface of leaves glabrous or with only a few hairs near apex and margins; leaves predominantly greater than 0.7 mm wide; corolla-tube of female flowers greater than 0.5 mm long"	"Asperula oblanceolata"
12	"Leaves generally nearly parallel-sided, often with apex recurved or rolled under; abaxial midrib, if hairy, with narrow-based hairs, needle-like in profile"	"Asperula pusilla"
12	"Leaves usually distinctly narrow-elliptic, narrow-oblanceolate or narrow-obovate, often with apex recurved or rolled; abaxial midrib, if hairy, with broad-based hairs, narrow-triangular in profile"	13
13	"Abaxial midrib glabrous"	"Asperula gunnii"
13	"Abaxial midrib with scattered broad-based hairs"	14
14	"Leaves narrow-cuneate, less than 1.5 mm wide 3 mm from base, with length:width ratio 4–10; larger stems usually with at least one whorl 7- or 8-partite; anthers greater than 0.6–07 mm long (male plants); style 2–2.2 mm long (female plants)"	"Asperula polymera"
14	"Leaves cuneate, greater than 1.5 mm wide 3 mm from base, with length:width ratio 2–5; stems usually with all whorls 6-partite; anthers 0.4–0.5 mm long (male plants); style 1.2–1.8 mm long (female plants)"	"Asperula euryphylla"
