from	statement	to
1	"Leaves decussate"	2
1	"Leaves alternate or verticillate"	9
2	"Leaves with 5–7 veins; flowers pale yellow to cream"	"Melaleuca squarrosa"
2	"Leaves with 1 or 3 veins or veins obscure"	3
3	"Leaves more or less sessile; flowers pink or purplish"	4
3	"Leaves shortly but distinctly petiolate; flowers whitish or red"	6
4	"Flower clusters 2.2–3.3 cm wide; fruits not immersed in stem"	"Melaleuca wilsonii"
4	"Flower clusters 1–1.5 cm wide; fruits finally immersed in the swollen stem"	5
5	"Leaves linear to narrowly oblanceolate, 4–15 mm long, mostly suberect, incurved towards tip"	"Melaleuca decussata"
5	"Leaves ovate to obovate, 2–6 mm long, spreading, recurved at apex"	"Melaleuca gibbosa"
6	"Inflorescence a lax spike; stamen bundles somewhat plumose with 30–70 short filaments arising along the length the claw"	"Melaleuca linariifolia"
6	"Inflorescence a dense spike, head or flowers in small clusters; stamen not as above, less than 30 per bundle"	7
7	"Leaves 1–4 cm long, 4–10 mm wide; flowers in a dense spike; stamens red"	"Melaleuca hypericifolia"
7	"Leaves less than 1 cm long and 4 mm wide; flowers in short heads or loose clusters; stamens whitish"	8
8	"Bark not papery; leaves narrowly elliptic, 5–10 mm long, 2–4 mm wide; flowers in lateral heads on old wood"	"Melaleuca acuminata"
8	"Bark papery; leaves linear-lanceolate, 3–7 mm long, 1–2 mm wide; flowers in terminal clusters on new wood"	"Melaleuca halmaturorum"
9	"Leaves ovate to broadly ovate, somewhat pungent, with numerous faint longitudinal veins"	"Melaleuca styphelioides"
9	"Leaves not as above"	10
10	"Staminal claw 5 mm or more long; filaments 13–18 per bundle; leaves 1.5–2.5 cm long, their tips recurved and hook-like"	"Melaleuca armillaris"
10	"Staminal claw less than 5 mm long; filaments 4–14 per bundle; leaf tips not recurved, or leaves mostly more than 2 cm long"	11
11	"Fruits in globular heads"	12
11	"Fruits not in globular heads (either solitary, in few-flowered clusters, or in cylindric spikes)"	14
12	"Leaves obovate to elliptic, more than 3 mm wide"	"Melaleuca nesophila"
12	"Leaves linear or lanceolate, less than 3 mm wide"	13
13	"Flowers 1 per bract, pink to purple; leaves less than 14 mm long, lanceolate with 3–5 veins, upturned towards tip"	"Melaleuca squamea"
13	"Flowers 3 per bract, white or yellow; leaves more than 14 mm long, terete with a recurved tip"	"Melaleuca uncinata"
14	"Flowers lateral on old wood, the tips not growing out into leafy shoots"	"Melaleuca brevifolia"
14	"Flowers terminal on new growth, the tips growing out into leafy shoots"	15
15	"Leaves elliptic to narrowly ovate, (1–)3–7 mm wide"	16
15	"Leaves linear to narrowly elliptic, 1–3 mm wide"	17
16	"Leaves alternate; stamens more than 10 mm long, green; capsules more than 6 mm wide"	"Melaleuca diosmifolia"
16	"Leaves in whorls of 3 or some alternate; stamens less than 10 mm long, usually yellowish or white; capsules less than 6 mm wide"	"Melaleuca densa"
17	"Leaves not in whorls, linear to narrowly elliptic, flowers 3 per bract"	"Melaleuca lanceolata"
17	"Leaves usually in whorls of 3, more or less linear; flowers 1 per bract"	18
18	"Stems and leaves pilose"	"Melaleuca incana:Melaleuca incana subsp. incana"
18	"Stems shortly appressed-pubescent or glabrous; leaves more or less glabrous"	19
19	"Bark rough, scaly; flower cluster less than 1 cm wide, stamens 4–7 per bundle; leaves rough with protruding oil glands when fresh, black-dotted when dry"	"Melaleuca parvistaminea"
19	"Bark mostly papery. Flower cluster more than 1 cm wide, stamens usually 7–12 per bundle; oil glands not or hardly protruding when fresh, indistinct when dry"	20
20	"Staminal claw less than 3 mm long; leaves linear, oil glands usually distinct(at least on young leaves); widespread in south-eastern Victoria, commonly in swamps and near streams"	"Melaleuca ericifolia"
20	"staminal claw usually at least 3 mm long; leaves linear to very narrowly ovate or very narrowly obovate, oil grands obscure; cultivated plants"	"Melaleuca viminea"
