from	statement	to
1	"Flowers ciliate on at least one floral segment"	2
1	"Flowers lacking cilia on any segment, labellum margins and column wings sometimes irregular or denticulate but never ciliate"	7
2	"Cilia present on labellum and at least some other perianth segments"	3
2	"Cilia confined to labellum margins"	4
3	"Cilia sparse, short, present on labellum and petals but not dorsal sepal; flowers mostly 5–12 in a short crowded inflorescence"	"Corunastylis archeri"
3	"Cilia numerous, long, present on labellum, petals and dorsal sepal; flowers mostly 10–22 in a long crowded inflorescence"	"Corunastylis morrisii"
4	"Flowers 2–3 mm across; perianth segments gland-tipped; labellum cilia 0.1–0.2 mm long"	"Corunastylis nuda"
4	"Flowers 4–6 mm across; perianth segments not gland-tipped; labellum cilia more than 0.5 mm long"	5
5	"Lateral sepals erect or sub-erect; perianth segments wholly purple to purplish black; montane to sub-alpine areas; flowers appearing in Summer"	"Corunastylis arrecta"
5	"Lateral sepals porrect or deflexed; perianth segments not wholly purplish black; lowland areas; flowers appearing in Autumn"	6
6	"Lateral sepals porrect; perianth segments usually bright green with a contrasting reddish labellum"	"Corunastylis ciliata"
6	"Lateral sepals deflexed; perianth segments dark green and purplish with a dark reddish labellum"	"Corunastylis archeri"
7	"Free part of leaf lamina arising among the lower flowers and projecting conspicuously outwards"	8
7	"Free part of leaf lamina ending short of lowest flower, usually appressed to flowering stem"	9
8	"Lateral sepals about twice as long as the narrow-lanceolate labellum; very rare in the Otway Ranges"	"Corunastylis leptochila"
8	"Lateral sepals considerably less than twice as long as the obovate labellum; very rare in the Snowy Plains area"	"Corunastylis densa"
9	"Labellum lanceolate, apex acuminate to long-acuminate"	"Corunastylis despectans"
9	"Labellum oblong, obovate or cuneate, apex obtuse to acute"	10
10	"Petals lacking an apical gland; labellum obovate-oblong or cuneate, contracting abruptly to an upturned irregularly crenate tip; flowers well-spaced"	11
10	"Petals gland-tipped; labellum more or less obovate, tip rounded or obtuse, margins entire or crenulate; flowers congested"	12
11	"Dorsal sepal 3.5–4 mm long; lateral sepals 4.5–5 mm long; mainly north of the Dividing Range"	"Corunastylis clivicola"
11	"Dorsal sepal 3–3.5 mm long; lateral sepals 4–4.5 mm long; apparently confined to near-coastal areas between Sale and Bairnsdale"	"Corunastylis capparina"
12	"Gland on petals bead-like; labellum dark purplish black; dry inland areas"	"Corunastylis tepperi"
12	"Gland on petals thin and wavy; labellum green to yellowish; moist coastal and near-coastal habitats"	"Corunastylis pumila"
