from	statement	to
1	"Leaves grey above; corolla white, sometimes pale lavendar; stamens exserted above adaxial lip of corolla"	"Salvia apiana"
1	"Leaves green above; corolla rusty-brown, blue, purple, lilac or pale blue; stamens remaining below adaxial lip of corolla"	2
2	"Perennial shrub to c. 1.5 m high; abaxial lip of calyx broadly lobed; corolla rusty- brown"	"Salvia africana-lutea"
2	"Perennial herb or annual subshrub to c. 70 cm high; abaxial lip of calyx with mucronate or spine-tipped lobes; corolla purple, bluish or white"	3
3	"Branches with long multicellular, spreading to patent hairs, with or without short simple retrorse hairs; leaf-base truncate or cor-date, margin pinnatifid to pinnatisect or incised"	"Salvia verbenaca"
3	"Branches with short simple retrorse hairs only; leaf-base cuneate to tapering, mar- gin crenate or almost entire"	4
4	"Leaf margin crenate; inflorescence usually much-branched; corolla 3.5–5 mm long"	"Salvia plebeia"
4	"Leaf margin almost entire, with shallow distant serrations; inflorescence unbranched; corolla 7–10 mm long"	"Salvia reflexa"
