1	"Ligule long-ciliate or woolly"	2
1	"Ligule chartaceous or membranous, narrow, glabrous or fimbriate on upper margin (hairs 0.1 mm long or less)"	4
from	statement	to
2	"Leaf apex uncinate; base of plant dull; Grampians only"	"Gahnia ancistrophylla"
2	"Leaf apex straight, pungent; base of plant ± shining; mallee areas"	3
3	"Leaves scabrous; glumes very long-mucronate, ± densely woolly on margins; stamens 4–7 (The 1964 specimen from near Dadwells Bridge is considered to have been mislabelled, and therefore the species is excluded from the Victorian flora.)"	"Gahnia deusta"
3	"Leaves ± smooth; glumes acuminate to long-acute, glabrous; stamens 3"	"Gahnia lanigera"
4	"Lowest 7–12 glumes of spikelet much shorter than upper glumes (less than one-third length of spikelet), so that nut-bearing spikelet is pyriform or clavate"	5
4	"Glumes similar in length or 1–2 lowest or uppermost shorter than the rest;nut-bearing spikelet not pyriform or clavate"	6
5	"Stamen filaments to 8 mm long; nut 2.5–3.0 mm long, orange to red, with apex obtuse to broad-acute, umbonate"	"Gahnia clarkei"
5	"Stamen filaments to 20 mm long; nut 3.0–4.5 mm long, red-brown to dark brown, with apex acute"	"Gahnia grandis"
6	"Mature spikelets yellow-brown or red-brown"	7
6	"Mature spikelets dark grey-brown to black"	10
7	"Culms to 45 cm high, 1–2 mm diam.; spikelets 2-flowered, with 6–9 glumes; leaves about as long as culms"	"Gahnia microstachya"
7	"Culms to 125 cm high, 2–5 mm diam.; spikelets 1-flowered (rarely 2-flowered in G. trifida), with 2–6 glumes; leaves longer than culms, often longer than inflorescences"	8
8	"Involucral bracts leaf-like, longer than inflorescence; culms 4–5 mm diam.; anthers 0.9–1.3 mm long (including apical appendage 0.2–0.3 mm long); chiefly rainforest areas of the far east"	"Gahnia melanocarpa"
8	"Involucral bracts not leaf-like, shorter than inflorescence; culms 2–4 mm diam.; anthers 1.8–2.3 mm long (including apical appendage 0.4–0.5 mm long); mostly near-coastal, usually in saline or brackish swamps, often fringing saltmarsh"	9
9	"Nut ± linear to very narrow-ovoid, triquetrous, 5.0–6.0 mm long, 1.0–1.5 mm diam., with surface very finely granulate, glistening; spikelets with 2–3 glumes; leaves and leafy bracts smooth to finely scabrous"	"Gahnia filum"
9	"Nut narrow-obovoid to narrow-ellipsoid, trigonous, 2.0–2.6 mm long, 0.8- 1.0 mm diam., with surface smooth and reticulate, shining; spikelets with 3–6 glumes; leaves and leafy bracts coarsely scabrous"	"Gahnia trifida"
10	"Nut red to orange (yellowish when immature)"	11
10	"Nut straw-coloured to dark brown, grey or black"	12
11	"Nut 2.5–4.0 mm long; anthers 2.7–3.2 mm long (including apical appendage 0.3–0.5 mm long); culms 5–12 mm diam., hollow; forming big tussocks to 3 m high; widespread in lowlands, rare in montane areas"	"Gahnia sieberiana"
11	"Nut 4.0–4.5 mm long; anthers 1.9–2.5 mm long (including appendage c. 0.2 mm long); culms 3–5 mm diam., solid; forming small tussocks to 125 cm high; montane swamps in east and rare"	"Gahnia subaequiglumis"
12	"Culms to 45 cm high, 1–2 mm diam.; spikelets with all glumes subequal; basal leaves numerous; dry, often rocky areas"	"Gahnia microstachya"
12	"Culms to 70 cm high, 2.5–5 mm diam.; spikelets with uppermost 2–3 glumes much shorter than the lower 2–4; basal leaves rather few; chiefly inhabiting poorly drained sites"	"Gahnia radula"
