1	"Hypanthium glabrous"	2
1	"Hypanthium villous or silky on at least lower half"	3
from	statement	to
2	"Leaves 8–15 mm long, 3–5 mm wide, usually yellow-green or light green in colour; ovary 5–8-locular"	"Gaudium coriaceum"
2	"Leaves 15–30 mm long, 5–10 mm wide, usually grey-green in colour; ovary 7–11-locular"	"Gaudium laevigatum"
3	"Ovary apex shortly silky only around base of style and along valve margins; plants usually growing on deep sandy soils"	4
3	"Ovary apex shortly silky all over; plants commonly growing amongst rock or on shallow soils"	5
4	"Sepals glabrous on outer surface; leaves incurved, margins occasionally minutely denticulate"	"Gaudium myrsinoides"
4	"Sepals silky on outer surface; leaves flat, margins entire"	"Gaudium trinervium"
5	"Adult leaves silky on lower surface; young stems without a groove or flange near base of petiole; flowers sessile or pedicel less than 1 mm long; ovary 3-locular; seeds without any loose cells along margins"	"Gaudium multicaule"
5	"Adult leaves glabrous (rarely retaining some sparse appressed silky hairs); young stems with a groove or flange present near base of petiole; flowers with pedicel more than 1 mm long; ovary usually 4–6-locular; seeds often with loose cells along margins"	6
6	"Bark on larger stems fibrous, persistent; sepals triangular; fruit 3–4 mm diam"	"Gaudium brevipes"
6	"Bark peeling in many papery layers from larger stems; sepals narrowly triangular; fruit 2–3 mm diam"	"Gaudium jingera"
