from	statement	to
1	"Plant completely glabrous, low-growing, with slender stems; flowers in shortly pedunculate umbellate clusters"	"Cassytha glabella"
1	"Plant pubescent at least on inflorescence, often ascending to several metres high, with stout stems; flowers in spikes"	2
2	"Flower buds covered by mostly black hairs; mature stems to 4 mm thick, glabrous; mature fruit glabrous, smooth, often streaked blackish, c. 1 cm diam. or more"	"Cassytha melantha"
2	"Flower buds covered by mostly brown or reddish hairs; mature stems to 1.5 mm thick, often pubescent; mature fruit pubescent, sometimes ribbed, 5–9 mm diam"	3
3	"Spikes loose, mostly greater than 26 mm long; fruit ribbed, obovoid or pyriform, reddish-pubescent"	"Cassytha phaeolasia"
3	"Spikes congested, less than 26 mm long; fruit smooth, ovoid or globular, white-pubescent"	"Cassytha pubescens"
