from	statement	to
1	"Petals spreading or incurved (rarely deflexed against ovary, and if so, labellum elliptic to oblong); labellum broadest towards base or middle"	2
1	"Petals deflexed against the ovary; labellum broadest towards tip"	5
2	"Flowers mostly pale green; labellum narrowly ovate with more or less sessile glands"	"Chiloglottis cornuta"
2	"Flowers often darkly coloured or tinted; labellum broadly ovate or elliptical with at least some stalked glands"	3
3	"Labellum broadly elliptical with a central ant-like cluster of stalked and sessile glands"	"Chiloglottis ×pescottiana"
3	"Labellum broadly ovate to cordate with several scattered individual stalked and sessile glands"	4
4	"Flower to 30 mm across; dorsal sepal <10 mm wide; petals spreading widely; labellum to 12 mm across"	"Chiloglottis jeanesii"
4	"Flower to 40 mm across; dorsal sepal >10 mm wide; petals incurved; labellum >12 mm across"	"Chiloglottis valida"
5	"Labellum obliquely erect, callus a single central ant-like cluster of sessile glands"	"Chiloglottis trapeziformis"
5	"Labellum horizontal or slightly deflexed, callus a large cluster of stalked and sessile glands"	6
6	"Glands concentrated near centre of labellum lamina and extending well short of apex"	"Chiloglottis seminuda"
6	"Glands covering much of labellum lamina and extending virtually to apex"	7
7	"Main callus gland held well above other glands when viewed in profile; lateral sepals 10–13 mm long, usually recurved, with thickened clubs 2–3 mm long"	"Chiloglottis curviclavia"
7	"Main callus gland more or less continuous with other glands when viewed in profile; lateral sepals 15–18 mm long, usually deflexed, with thickened clubs 3–5 mm long"	"Chiloglottis reflexa"
