from	statement	to
1	"Anthers 1.3–2.1 mm long"	"Puccinellia ciliata"
1	"Anthers 0.5–1 mm long"	2
2	"Spikelets 3–5 mm long; lemmas c.2 mm long, longer than upper glume; perennial"	"Puccinellia fasciculata"
2	"Spikelets 4–10 mm long; lemmas 2.5 mm long or more, subequal to upper glumel often annual"	3
3	"Panicle branches soon widely divergent or deflexed; spikelets mostly 4–5-flowered, confined to the upper parts of the branches and pedicellate or terminal on lateral branchlets; mostly salt lakes of the volcanic plain"	"Puccinellia perlaxa"
3	"Panicle remaining narrow and contracted at maturity; spikelets mostly more than 5-flowered, many sessile or subsessile along the branches; mostly near-coastal saltmarsh and saline areas of the north-west"	"Puccinellia stricta"
