from	statement	to
1	"Leaves appearing laquered when dry, with a distinct border of elongate cells from base to at least mid-leaf; apex with a golden or castaneous hair-point; laminal cells densely pitted but appearing finely pluripapillose; alar cells strongly differentiated; seta at least 6 mm long when mature"	Rhacocarpus
1	"Leaves mostly dull, not appearing laquered; without a border; apex hyaline or without a prominent hairpoint; laminal cells truly papillose; alar cells not clearly differentiated; seta to 1.5 mm long"	2
2	"Leaf apex hyaline; papillae on mid-leaf laminal cells branched; perichaetial leaves with ciliate margins"	Hedwigia
2	"Leaf apex pigmented; papillae on mid-leaf laminal cells simple; perichaetial leaves with entire margins"	Braunia
