1	"Perianth segments 6 (at least in female or bisexual flowers), in 2 distinct whorls"	2	
1	"Perianth segments 3–5, subequal, not distinctly in 2 whorls"	5	
from	statement	to	shortcut
2	"Outer 3 perianth segments of female flowers larger than inner, awn-tipped, becoming enlarged and hardened in fruit; annual"	Emex	
2	"Outer 3 perianth segments unawned, smaller than inner which often enlarge in fruit; perennial"	3	
3	"Flowers unisexual; inner perianth segments not significantly enlarging in fruit; plants usually less than c. 30 cm high"	Acetosella	"Acetosella vulgaris"
3	"Flowers bisexual; inner perianth enlarging in fruit, often developing wings, teeth or tubercles"	4	
4	"Plant climbing; leaves hastate; inner perianth segments inflated, papery and prominently net-veined in fruit"	Acetosa	
4	"Plant not climbing; leaves not hastate; inner perianth segments not inflated and papery (but often toothed and/or with spongy tubercles) in fruit"	Rumex	
5	"Outer perianth segments strongly keeled or winged in fruit"	Fallopia	
5	"Outer perianth segments not strongly keeled or winged"	6	
6	"Flowers unisexual; perianth distinctly enlarging in fruit"	7	
6	"Flowers all or mostly bisexual; stigmas capitate; perianth not or barely enlarging in fruit"	8	
7	"Much-branched shrubs; branches spine-tipped or leaves deciduous, naked branches appearing somewhat spiny"	Duma	
7	"Twining, scrambling, prostrate to semi-erect subshrubs, or slender shrubs; branches not spine-tipped"	Muehlenbeckia	
8	"Leaves triangular, almost as wide as long; nut much exceeding perianth"	Fagopyrum	
8	"Leaves not as above; nut enclosed by perianth"	9	
9	"Ochrea transparent or brownish-translucent, initially tubular, but sometimes soon disintegrating, often ciliate at apex; flowers in spikes or spike-like panicles; staminal filaments filiform or tapered gradually from base"	Persicaria	
9	"Ochrea whitish or silvery, soon becoming deeply lacerated, glabrous; flowers solitary or few together in axils of leaves or reduced bracts; staminal filaments widely dilated in lower half"	Polygonum	
