from	statement	to
1	"Bracts of young inflorescences soon caducous; branches not covered with maroon-purple hairs, hence not appearing purplish; leaves on abaxial surface with scattered reddish-brown, red or orange sessile glands"	"Plectranthus ecklonii"
1	"Bracts of inflorescence persistent at least until the fruiting stage; branches covered with maroon-purple multicelled hairs, hence branches usually purplish; leaves on abaxial surface with abundant yellow or honey-coloured sessile glands"	2
2	"Corolla whitish, freely speckled with purple on the inner surface of the lips; leaf margin and calyx ciliate with purplish multicellular hairs"	"Plectranthus ciliatus"
2	"Corolla bluish-mauve, rarely pink or pale blue, with darker purple spots on upper lip; leaf margin not ciliate; calyx with occasional multicellular hairs"	"Plectranthus fruticosus"
