from	statement	to
1	"Corolla 9 mm long or more; largest leaf-segments often 2 mm wide or more"	2
1	"Corolla less than 9 mm long; largest leaf-segments often less than 2 mm wide"	4
2	"Flower predominantly white (rarely flushed red); sepals 4 mm long or more; fruiting pedicels strongly recurved"	"Fumaria capreolata"
2	"Flower predominantly pink; sepals less than 4 mm long; fruiting pedicels erect or arcuate, not strongly reflexed"	3
3	"Inner petals with pale yellow median streak (becoming more prominent on drying), lower petal wider than 0.5 mm medially; peduncles and pedicels rather stout, pedicels remaining erect in fruit; fruit rather straight-sided, squarish at base, distinctly tuberculate-rugulose at maturity"	"Fumaria bastardii"
3	"Inner petals lacking median yellow streak, lower petal less than 0.5 mm wide medially; peduncles and pedicels slender, pedicels commonly arcuate and spreading in fruit; fruit rounded, smooth to minutely tuberculate"	"Fumaria muralis"
4	"Sepals less than 1.5 mm (usually less than 1 mm) long; bracts exceeding flowering pedicels"	5
4	"Sepals more than 1.5 mm long"	6
5	"Flowers pink; largest leaf-segments wider than 0.5 mm"	"Fumaria indica"
5	"Flowers white (sometimes becoming flushed red after fertilization); largest leaf-segments to c. 0.5 mm broad"	"Fumaria parviflora"
6	"Sepals broadly ovate to subrotund, broader than corolla; bracts exceeding flowering pedicels"	"Fumaria densiflora"
6	"Sepals ovate, narrower than corolla; bracts shorter than to equal to flowering pedicels"	7
7	"Inner petals with median yellow streak; pedicels remaining erect in fruit; fruit rather straight-sided, squarish at base, distinctly tuberculate-rugulose"	"Fumaria bastardii"
7	"Inner petals rarely with median yellow streak; pedicels commonly arcuate and spreading in fruit; fruit rounded, smooth to minutely tuberculate"	"Fumaria muralis"
