1	"Annual herb, with a single main stem, and branching in consecutive nodes"	2
1	"Perennial herb, with after first year more than one main stem, and branching in sporadic nodes"	4
from	statement	to
2	"Corolla yellow"	"Euphrasia scabra"
2	"Corolla white to lilac, with yellow blotch sometimes on lower side of mouth"	3
3	"Corolla lilac, lacking purple striations. Leaves pinnatifid, the apical lobe 2–15 mm long"	"Euphrasia caudata"
3	"Corolla white to lilac, with purple longitudinal striations on the lobes. Leaves crenate-serrate, the apical lobe 2–6.5 mm long"	"Euphrasia eichleri"
4	"Calyx and bracts densely lined by soft long white eglandular hairs, the outer surface lacking glandular hairs"	"Euphrasia crassiuscula"
4	"Calyx and bracts without prominent eglandular hairy margin, the outer surface glabrous or glandular-hairy"	5
5	"Corolla white to lilac, not prominently lined; anther backs hairy"	"Euphrasia collina"
5	"Corolla white to lilac with prominent purple longitudinal striations on the lobes; anther backs glabrous or hairy"	6
6	"Leaves with 1–2 pairs of teeth; anther backs glabrous"	"Euphrasia gibbsiae"
6	"Leaves with 1–7 pairs of teeth; anther backs hairy"	"Euphrasia lasianthera"
