from	statement	to
1	"Costa extending to 1/2 of leaf length; midlaminal cells sparsely papillose, with 1–5 papillae"	"Papillaria nitens"
1	"Costa extending to 2/3 of leaf length; midlaminal cells densely papillose, with greater than 5 papillae"	2
2	"Cells in auricles with their long axis perpendicular to the leaf margin"	"Papillaria flexicaulis"
2	"Cells in auricles with their long axis ± parallel to the leaf margin"	3
3	"Marginal cells quadrate to short rectangular; leaf margin plane; stem leaves to 2 mm long"	"Papillaria crocea"
3	"Marginal cells linear; leaf margin strongly recurved near midleaf; stem leaves greater than 2 mm long"	"Papillaria flavolimbata"
