1	"Glumes with finely scabrous lateral surfaces, marginal cilia and strongly scabrous keels ending in setae at least 0.7 mm long"	2
1	"Glumes either smooth or lacking marginal cilia, but never with apical setae as long as 0.7 mm"	3
from	statement	to
2	"Awn well-developed, geniculate, inserted about halfway along lemma back; mature panicle spreading above but with strongly deflexed lower branches; florets fertile"	"Lachnagrostis deflexa"
2	"Awn reduced to a weak straight or curved (not geniculate) bristle, inserted about two-thirds (from base) along lemma  back; mature panicle with contracted to somewhat spreading primary branches but appressed secondary and tertiary branchlets."	"Lachnagrostis ×contracta"
3	"Lemma awn inserted within one-quarter lemma length from base; fresh leaves tightly folded"	"Lachnagrostis semibarbata"
3	"Lemma awn inserted above one-quarter lemma length from base; fresh leaves flat or involute"	4
4	"Lemma awn well developed and strongly geniculate"	5
4	"Lemma awnless or awn variously reduced to a minute point or a straight to curved or weakly geniculate bristle"	9
5	"Lemma without hairs"	6
5	"Lemma with hairs"	7
6	"Lemma strongly scaberulous in upper half; fresh leaves involute"	"Lachnagrostis robusta"
6	"Lemma smooth or very finely scaberulous in upper half; fresh leaves flat"	"Lachnagrostis billardierei"
7	"Inflorescence remaining green or sometimes with a purplish cast/flecking but never distinctly purple, sometimes becoming divaricate/spreading in late maturity"	"Lachnagrostis filiformis"
7	"Inflorescence distinctly purple or becoming so with maturity, soon divaricate/spreading"	8
8	"Spikelets mostly > 4 mm long; anthers > 0.6 mm long; fresh leaves flat"	"Lachnagrostis aemula"
8	"Spikelets mostly < 4 mm long; anthers < 0.6 mm long or less; fresh leaves involute"	"Lachnagrostis palustris"
9	"Lemma covered in hairs"	10
9	"Lemma not covered in hairs, but sparse, scattered hairs may be present"	11
10	"Inflorescence strongly purple; culms > 50 cm high (SW Vic.)"	"Lachnagrostis leviseta"
10	"Inflorescence green or purplish; culms < 50 cm high (montane spp.)"	"Lachnagrostis meionectes"
11	"Fresh leaf blades involute; mostly in saline to subsaline depressions on the volcanic plain west of Melbourne"	"Lachnagrostis adamsonii"
11	"Fresh leaf blades flat; mosty in damp (freshwater) sites in forest or shrubland usually near the coast"	12
12	"Awn absent, or if present, to 1.8 mm long"	"Lachnagrostis rudis"
12	"Awn always present, 2–2.5 mm long"	"Lachnagrostis ×ripulae"
