from	statement	to
1	"Corolla yellow, sometimes with an orange palate; perennial"	"Linaria vulgaris"
1	"Corolla violet or purple, sometimes with a white or yellow palate; annuals"	2
2	"Corolla 2–2.7 mm long along upper side, spur at right-angles to tube, 1.5–2 mm long"	"Linaria arvensis"
2	"Corolla 5–23 mm long along the upper side, spur backwards-directed from tube, 6.5–11 mm long"	3
3	"Plant completely glabrous; palate white or lilac; seeds with an encircling wing of papillae"	"Linaria pelisseriana"
3	"Inflorescence and sterile stems pubescent; palate yellow or orange; seeds without an encircling wing"	"Linaria bordiana subsp. kralikiana"
