from	statement	to
1	"Lower surface of leaves with glandular and simple hairs; stipules glandular"	"Rosa rubiginosa"
1	"Leaves more or less glabrous except for scattered glands on the midvein below; stipules with glands restricted to margins"	2
2	"Margins of stipules entire, fringed with fine gland-tipped hairs; pedicels more or less glabrous; petals 5"	"Rosa canina"
2	"Margins of stipules serrate to subpinnatifid, with dispersed gland-tipped hairs between teeth; pedicels usually with few to many glandular hairs; flowers usually double (with 10 or more petals)"	3
3	"Leaves semi-persistent or persistent; bracts absent; styles protruding, fused in a column"	"Rosa luciae"
3	"Leaves persistent; bracts present, sometimes falling early; styles shortly protruding, free"	"Rosa chinensis"
