from	statement	to
1	"Fertile lemma with membranous margins, of distinctly thinner texture than lemma body, laying flat over palea and obscuring c. one-third of it or more; spikelets neatly and distichously arranged; racemes often longer than the axis internode and hence overlapping the base of the raceme above; locally abundant in flood-prone areas along Murray River and major tributaries downsream from Wodonga area"	"Paspalidium jubiflorum"
1	"Fertile lemma with recurved margin, as thick-textured as body of lemma, exposing most of the palea beneath; spikelets generally not neatly and distichously arranged (except perhaps P. aversum); racemes shorter than the axis internode and not overlapping the base of the raceme above"	2
2	"Sterile lemma with palea c. half as long as lemma"	3
2	"Sterile lemma without a palea, or palea vestigial, less than one-quarter as long as lemma"	4
3	"Lower lemma rather thick-textured, opaque, veins inconspicuous; axis of inflorescence narrowly but distinctly winged"	"Paspalidium flavidum"
3	"Lower lemma membranous, whitish-translucent except for distinct veins; axis of inflorescence not or barely winged"	"Paspalidium aversum"
4	"Lower glume shortly scabrous-pubescent; north-central to north-west Victoria, Werribee area and rain-shadowed upper Snowy River area in the east"	"Paspalidium constrictum"
4	"Lower glume smooth and glabrous; only rain-shadowed upper Snowy River area in the east"	"Paspalidium gracile"
