1	"Cypselas without marginal ridges or ribs on the flattened faces"	2
1	"Cypselas with marginal ridges developed and often prominent, flattened faces with or without ribbing"	3
from	statement	to
2	"Pappus plumose; cypselas not compressed"	"Vittadinia pterochaeta"
2	"Pappus barbellate; cypselas slightly compressed"	"Vittadinia pustulata"
3	"Flattened faces of cypselas unribbed"	4
3	"Flattened faces of cypselas ribbed"	5
4	"Cypselas 5–6.5 mm long; stems usually branched above base; plants annual"	"Vittadinia eremaea"
4	"Cypselas 6–11 mm long; stems unbranched above base; plants perennial"	"Vittadinia megacephala"
5	"Facial ribs of cypselas convergent below the summit of the cypsela body and none or few of the ribs continued through to the summit; marginal ribs commonly fused with adjacent facial ribs"	6
5	"Facial ribs of cypselas not or scarcely convergent, and all or most ribs continued through to summit; marginal ribs rarely fused with adjacent facial ribs"	7
6	"Cypselas hairy throughout, with a mixture of simple hairs and shortly stalked or sessile glands (but glands often confined to apical area)"	"Vittadinia cervicularis"
6	"Cypselas glabrous toward base (apart from callus tuft), upper part rather sparsely hairy, devoid of glandular hairs"	"Vittadinia sulcata"
7	"Marginal ribs of cypselas glabrous (except near basal tuft), or rarely, with a few small hairs near summit, hairs on cypsela faces all eglandular"	8
7	"Marginal ribs of cypselas covered with hairs similar to those of cypsela faces (but hairs sometimes smaller), glands or glandular hairs often present on cypsela faces"	11
8	"Leaves oblanceolate to elliptic, sometimes with a pair of teeth or lobes toward apex; inner involucral bracts acuminate; cypselas with all facial ribs continued to base"	"Vittadinia australasica"
8	"Leaves filiform to narrow-elliptic, entire or with narrow, acute lobes arising well below apex; inner involucral bracts obtuse to acute (or if acuminate then leaves entire and narrow); cypselas with facial ribs convergent toward base"	9
9	"Cypselas with short, thick, clavate hairs on ribs in upper part, glabrous toward base; very rare, in north-west"	"Vittadinia blackii"
9	"Cypselas with narrow subclavate or straight blunt hairs between and/or on ribs; Melbourne area and eastern Victoria"	10
10	"Leaves linear to narrow-ovate, usually with 2–6 narrow, acute lateral lobes; cypselas appressed-hairy on lower part; plants usually several-stemmed from base, stems simple or branched"	"Vittadinia muelleri"
10	"Leaves filiform to narrow-linear, simple, channelled above; cypselas more or less glabrous toward base; plants usually single-stemmed at base, branched above"	"Vittadinia tenuissima"
11	"Eglandular hairs on upper part of cypsela faces with bluntly bifid apices; eglandular hairs on marginal ridges similar to those on faces but markedly smaller or absent but then short glandular hairs present; vegetative parts conspicuously glandular"	"Vittadinia condyloides"
11	"Eglandular hairs on upper part of cypsela faces entire or minutely and acutely bifid; hairs on marginal ridges of similar length to those of faces (but sometimes incurved); vegetative parts weakly glandular or eglandular"	12
12	"Leaves once or twice trilobed or trisected above a very narrow, petiole-like base, not or hardly folded; involucres less than 6 mm long"	"Vittadinia dissecta"
12	"Leaves cuneate, oblanceolate or obovate (rarely spathulate and then more or less evenly tapered to base), usually longitudinally folded, entire or with a pair of short lobes toward tip; involucres mostly more than 6 mm long"	13
13	"Indumentum of straight or slightly curved or crisped, spreading to appressed, stiffish hairs, if ever somewhat cottony never completely covering stems, leaves or bracts"	"Vittadinia cuneata"
13	"Indumentum of fine white cottony hairs, usually covering younger stems, often extending to leaves and involucral bracts"	"Vittadinia gracilis"
