from	statement	to
1	"Leaves plicate throughout; alar cells inflated; costa percurrent to short-excurrent"	"Breutelia pendula"
1	"Leaves plicate only at the base (occasionally not plicate); alar cells not inflated; costa long-excurrent"	2
2	"Leaves ovate-lanceolate or oblong-lanceolate; midlaminal cells irregular in shape and size, isodiametric to linear, with cell walls c. 2 µm wide"	"Breutelia affinis"
2	"Leaves narrowly lanceolate to lanceolate; midlaminal cells regular in shape and size, rectangular to linear, with cell walls 4–6 µm wide"	"Breutelia pseudophilonotis"
