from	statement	to
1	"Perianth tube narrow basally, abruptly widened c. 1 cm from ovary"	"Gladiolus watsonius"
1	"Perianth tube gradually widened from base"	2
2	"Basal leaf solitary, 0.2–0.4 cm wide, cross-shaped in section"	"Gladiolus tristis"
2	"Basal leaves 1–several, 0.5–2 cm wide, flat"	3
3	"Perianth tube less than 2 cm long"	4
3	"Perianth tube more than 2 cm long"	5
4	"Flowers funnel-shaped; leaves somewhat fleshy, midvein and margins prominent; coastal areas of East Gippsland"	"Gladiolus gueinzii"
4	"Flowers bilabiate; leaves herbaceous, with several prominent veins; plants of garden origin"	"Gladiolus communis"
5	"Perianth lobes flat, central markings often dark-edged"	"Gladiolus ×colvillei"
5	"Perianth lobes undulate at margins and apex, central markings without dark edge"	6
6	"Flowers funnel-shaped, white to cream-coloured; perianth tube more than 4 cm long; lobes subequal, apex acuminate, margins and apex strongly undulate"	"Gladiolus undulatus"
6	"Flowers funnel-shpaed to bilabiate, white to pale pink; perianth tube less than 4 cm long; lobes unequal, the lower three distinctly smaller, apex acute, margins and apex usually only wealky undulate"	"Gladiolus carneus"
