1	"Leaves (at least the undersurfaces), branchlets and capsules conspicuously pubescent"	2
1	"Leaves, branchlets and capsules glabrous (sometimes minutely pubescent when very young)"	4
from	statement	to
2	"Hairs of young growth red-brown; leaves finally glabrous or almost so, mostly more than 25 mm wide; flowers yellow; uncommon, rather sparse, spreading shrub of East Gippsland"	"Pittosporum revolutum"
2	"Hairs white or greyish; leaves retaining pubescence on lower surface at maturity, not wider than 25 mm; flowers yellow, streaked maroon, or entirely maroon"	3
3	"Leaves narrowly obovate to oblanceolate, notably thick-textured; petals wholly maroon; capsule usually c. 20 mm diam; occasional shrub of coastal scrubs, escaped from cultivation"	"Pittosporum crassifolium"
3	"Leaves oblong or narrowly elliptic, not particularly thick-textured; petals yellow internally; capsule to c. 10 mm diam; shrub or tree of cool, moist, often upland forests"	"Pittosporum bicolor"
4	"Leaves narrow-linear, to 1 cm wide (often much less), margins plane; slender shrub of north and west, usually with pliant, drooping branches"	"Pittosporum angustifolium"
4	"Leaves lanceolate, elliptic or oblanceolate, mostly 2 cm wide or more, margins usually undulate; spreading shrubs or small trees"	5
5	"Flowers solitary in leaf axils or in small axillary cymes; petals maroon to blackish; leaves up to 6 cm long"	"Pittosporum tenuifolium"
5	"Flowers in terminal umbel-like cymes or panicles; petals white, cream or yellow; leaves usually more than 6 cm long"	6
6	"Inflorescence usually paniculate; petals yellowish, to c. 7 mm long; sepals c. 2 mm long; capsule 5–6 mm long"	"Pittosporum eugenioides"
6	"Inflorescence of 1–several simple, stalked umbels; petals white, 8–17 mm long; sepals 5–10 mm long; capsule c. 1 cm long"	"Pittosporum undulatum"
