from	statement	to
1	"Inflorescences 1- or 2-flowered; flowers regular, with all 10 stamens fertile; mericarps with awns glabrous or very shortly pubescent on inner surface, rolled upwards and usually remaining attached at apex of stylar column at maturity"	Geranium
1	"Inflorescences umbellate, at least some more than 2-flowered; flowers regular or zygomorphic with 3–8 fertile stamens; mericarps with awns c. plumose on inner surface, separating from stylar column at maturity"	2
2	"Flowers regular; sepals not prolonged into a spur; fertile stamens 5; mericarps sharp-pointed at base, lower part of awn tightly twisted at maturity"	Erodium
2	"Flowers zygomorphic, the 2 upper petals differently shaped from, and mostly larger than, the 3 lower ones; uppermost sepal produced downwards into a nectary spur adnate to the pedicel (sometimes indistinct, and appearing as a small swelling on the pedicel); fertile stamens 3–8; mericarps obtuse to acute but not sharp-pointed at base, awns loosely spiralled at maturity"	Pelargonium
