from	statement	to
1	"Bracts subtending the compound heads c. as long as or exceeding the heads; compound heads broadly ovoid to depressed ovoid; pappus absent"	"Angianthus preissianus"
1	"Bracts subtending the compound heads no more than c. one-quarter as long as the heads; compound heads c. ellipsoid to ovoid (often narrowly so); pappus present"	2
2	"Pappus cup-shaped, variably jagged, often with 1 or 2 smooth bristles which are distinctly shorter than the corolla"	"Angianthus brachypappus"
2	"Pappus of 2–3 jagged scales, each scale terminating in 1 or 2 terminally subplumose bristles about the length of the corolla"	"Angianthus tomentosus"
