from	statement	to
1	"Calyx and corolla each with 6–12 lobes"	"Blackstonia:Blackstonia perfoliata"
1	"Calyx and corolla each with 4 or 5 lobes"	2
2	"Sepals under 2 mm long, fused for at least half their length; tiny, erect, often unbranched, yellow-flowered ephemerals or annuals"	Cicendia
2	"Sepals longer than 2 mm, fused for less than half their length; annuals or perennials, usually branched to some degree"	3
3	"Stigma persistent, corolla white, bluish or cream commonly with darker veins or streaks"	4
3	"Stigma deciduous, corolla white, yellow or pink"	5
4	"Leaves sessile; corolla 4–5 lobed to ± one third of corolla length, with smaller often lacerate lobes in between; tube well-developed"	"Gentiana:Gentiana baeuerlenii"
4	"At least the lower leaves petiolate (often purplish at the base); corolla deeply 4–5 lobed with a very short tube or tube apparently absent"	Gentianella
5	"Ovary 2-locular; capsule shorter than and enclosed by calyx; calyx-lobes connate only near base; flowers yellow or white; anthers not twisting after dehiscence"	Sebaea
5	"Ovary 1-locular; capsule equal to or exceeding calyx; calyx-lobes connate for at least one quarter their length; flowers pink or yellow; anthers spirally twisting after dehiscence"	6
6	"Inflorescence a dichasium, often corymbose; corolla not or barely constricted below limb; style slightly usually shortly bifid below stigma; stigma lobes reniform to shoe-shaped, fleshy; capsule cylindric"	Centaurium
6	"Inflorescence of spicate monochasia, never corymbose; corolla distinctly constricted below limb, particularly evident in fruit; style not bifid below stigma; stigma not or indistinctly bilobed, the lobes then rhombic to fan-shaped, not fleshy; capsule ellipsoid to ovoid"	"Schenkia:Schenkia australis"
