from	statement	to
1	"Ovary inferior; receptacle not enlarged and fleshy below drupe"	"Exocarpos acerbus"
1	"Ovary superior; receptacle often enlarged and fleshy below drupe"	2
2	"Leaves more or less opposite; prostrate or low shrubs from high altitudes"	"Exocarpos nanus"
2	"Leaves alternate; erect shrubs or small trees from low to moderate altitudes"	3
3	"Flowers in elongated spikes"	4
3	"Flowers in short clusters or very condensed spikes"	5
4	"Leaves triangular or lanceolate, c. 0.5 mm long (to 5 mm on new growth), more or less straight; widespread, but rare in north-west"	"Exocarpos cupressiformis"
4	"Leaves linear-subulate, 2–10 mm long, uncinate; north-west only"	"Exocarpos sparteus"
5	"Branchlets prominently angular; leaves linear-subulate"	"Exocarpos strictus"
5	"Branchlets terete or slightly angular; leaves ovate to lanceolate"	6
6	"Branchlets usually divaricate, stellate-hairy when young, grey-green; fruiting receptacle red, depressed-obovoid"	"Exocarpos aphyllus"
6	"Branchlets erect, glabrous, dark green; fruiting receptacle white to pinkish, ellipsoid"	"Exocarpos syrticola"
