1	"Anthers without pollen or with a few small grains only"	2
1	"Anthers with abundant pollen"	3
from	statement	to
2	"Outer involucral bracts uniformly abruptly recurved, none twisted sideways"	"Taraxacum simile"
2	"Outer involucral bracts variously patent to abruptly recurved, some twisted sideways"	"Taraxacum quadrangulum"
3	"Adaxial lamina of mature leaves with numerous short, patent, tubercle-based hairs (use X10 lens); midrib with woolly hairs"	"Taraxacum skanderbegii"
3	"Adaxial lamina of mature leaves glabrous or with woolly hairs only"	4
4	"Outer involucral bracts uniformly arcuate-patent; leaves lettuce-green"	"Taraxacum spathulatum"
4	"Outer involucral bracts not uniformly arcuate-patent; leaves glaucous"	5
5	"Lateral leaf-lobes deltoid with attenuate-acute and often caudate apices"	"Taraxacum quadrangulum"
5	"Lateral leaf-lobes hamate, the apices abruptly acute, never caudate"	"Taraxacum oblongatum"
