1	"Lemmas more than 5.5 mm long, acute to narrowly obtuse at apex, entire or erose"	2
1	"Lemmas 2.5–5 mm long, broadly obtuse or truncate, sometimes toothed at apex"	3
from	statement	to
2	"Leaves with conspicuous occasional septae between longitudinal veins; upper glume 5–8 mm long; lemmas entire, 6–11 mm long, acute, the midvein continued to the apex"	"Glyceria australis"
2	"Leaves lacking conspicuous septae between longitudinal veins; upper glume 3–4(–5) mm long; lemmas often erose, 5.5–7 mm long, mostly narrowly obtuse and the midvein terminating before the apex"	"Glyceria fluitans"
3	"Spikelets 5–10 mm long, with 4–8 florets; panicle with numerous (more than 100) spikelets"	"Glyceria maxima"
3	"Spikelets 10–25 mm long, with 8–18 florets; panicle with fewer than 50 spikelets"	4
4	"Lemma nerves usually reaching or very nearly reaching the shallowly toothed apex; palea with 2 narrow teeth, shortly exceeding lemma; leaf-blades boat-shaped or broadly acute at apex"	"Glyceria declinata"
4	"Lemma nerves usually not extending to margins of the entire or irregularly indented apex; palea not exceeding lemma; leaf-blades acuminate at apex"	"Glyceria notata"
