1	"Most leaves greater than 14 mm long"	2
1	"Most leaves less than 13 mm long"	3
from	statement	to
2	"Lower surface of leaves and petals silver- lepidote; leaves elliptic to obovate, apex rounded"	"Phebalium squamulosum subsp. argenteum"
2	"Lower surface of leaves and petals ferruginous or silver-ferruginous; leaves narrow-oblong to elliptic, apex obtuse to truncate or retuse"	"Phebalium squamulosum subsp. squamulosum"
3	"Leaves oblong to elliptic, margins not or slightly recurved"	"Phebalium squamulosum subsp. alpinum"
3	"Leaves oblong-ovate to broad-obovate, margins strongly recurved"	"Phebalium squamulosum subsp. ozothamnoides"
