from	statement	to
1	"Leaves small (to c. 5 mm long) and narrow, covered in minute fringed peltate scales, borne in fascicles along twiggy, often divaricate and/or spinescent branches"	"Lawrencia squamata"
1	"Leaves more than 5 mm long, ± ovate to obovate with crenate or serrate margins, not fascicled; indumentum of stellate hairs or plants glabrous, never spinescent"	2
2	"Flowers distinctly pedicellate, with white petals 6–12 mm long; styles 6–11; mericarps densely stellate-hairy"	"Lawrencia berthae"
2	"Flowers sessile or subsessile, petals green or yellow, not or barely exceeding calyx; styles 5; mericarps glabrous"	3
3	"Leaves not rosetted, plants usually branched from base with flowers clustered along stems; stellate-pubescent plants of the north-west"	"Lawrencia glomerata"
3	"Leaves rosetted at base of plant; inflorescence an erect, often unbranched leafy spike; glabrous, coastal or near-coastal plants"	"Lawrencia spicata"
