from	statement	to
1	"Erect herb, not rooting from lower nodes; leaves much reduced and bract-like in upper (flowering) part; lower leaves soon deciduous after flowering"	"Polygonum bellardii"
1	"Prostrate to decumbent herbs, commonly mat-forming, stems often rooting at nodes; leaves not markedly different in flowering region, usually persistent"	2
2	"Leaves linear-oblong to narrowly elliptic; lateral veins not visible; margins mostly strongly recurved; stems to c. 15 cm long, with minutely verrucose ridges when young; nut smooth and shining"	"Polygonum plebeium"
2	"Leaves narrowly elliptic to narrowly ovate; lateral veins visible on lower surface; margins not or rarely recurved; stems to c. 100 cm long, with smooth ridges when young; nut minutely roughened"	3
3	"Leaves more or less equal throughout; largest leaves 5–20 mm long"	"Polygonum arenastrum"
3	"Leaves of lateral branches markedly smaller than (usually c. half as long as) those of main stem(s); largest leaves 20–50 mm long"	"Polygonum aviculare"
