from	statement	to
1	"Leaves and involucral bracts glabrous, except for ciliate margins"	2
1	"Leaves and involucral bracts hirsute to velvety"	3
2	"Leaf-sheaths glabrous; involucral bracts acute"	"Oreomyrrhis ciliata"
2	"Leaf-sheaths ciliate; involucral bracts obtuse"	"Oreomyrrhis pulvinifica"
3	"Umbels 10–15-flowered; fruit 5–10 per umbel"	"Oreomyrrhis brevipes"
3	"Umbels more than 15-flowered; fruit usually more than 10 per umbel"	4
4	"Involucral bracts 6–8; plants shiny silver"	"Oreomyrrhis argentea"
4	"Involucral bracts 8–12; plants hairy but not silvery"	"Oreomyrrhis eriopoda"
