1	"Tepals 3, often hooded and inflated towards the apex in fruit"	2
1	"Tepals 5, not hooded or inflated towards the apex"	3
from	statement	to
2	"Flowers in sessile axillary clusters, not exceeding the subtending leaves"	"Dysphania glomulifera"
2	"Flowers in dense erect, leafless spikes, far exceeding the ephemeral basal leaves; rare annual of far north-west"	"Dysphania simulans"
3	"Tepals of most flowers united to just below apex; stamens 5; seed horizontal to erect"	4
3	"Tepals shortly united at base; stamens 1 or 2; seed erect"	5
4	"Leaves irregularly toothed"	"Dysphania ambrosioides"
4	"Leaves pinnatisect"	"Dysphania multifida"
5	"Tepals prominently crested by a deeply laciniate, pubescent ridge; plants of north-west only"	"Dysphania cristata"
5	"Tepals rounded, acute or keeled by an entire dorsal ridge"	6
6	"Tepals keeled; seed narrowly flanged; plants of far east only"	"Dysphania carinata"
6	"Tepals rounded dorsally, but often thickening and becoming pale at maturity; seed not flanged; widespread, often weedy species of lowlands and foothills"	"Dysphania pumilio"
