1	"Mature leaves bipinnate"	2
1	"Mature leaves modified into phyllodes (either flat, spiny or needle-like) or absent"	15
from	statement	to
2	"Flower heads single on an unbranched peduncle; pinnae with 2–6 pairs of pinnules"	"Acacia mitchellii"
2	"Flower heads in racemes; pinnae in 2–25 pairs, each pinna with 10 or more pairs of pinnules"	3
3	"Pinnules 2–12 mm wide, 8–60 mm long"	4
3	"Pinnules 0.5–1.5 mm wide, 1–15 mm long"	6
4	"Pinnules 30–60 mm long; tree 8 m high or more, escaped from cultivation"	"Acacia elata"
4	"Pinnules 5–23 mm long; shrub or small tree"	5
5	"Rachis with large elongate gland below basal pinnae; pinnules distinctly paler below, with 1 vein; branchlets ridged, reddish"	"Acacia terminalis"
5	"Rachis with an orbicular gland below basal pinnae; pinnules not paler below, usually with more than 1 vein; brachlets not ridged, pruinose"	"Acacia schinoides"
6	"Leaf rachis with glands at the junction of each pinna pair (jugary) and also between each successive pair (interjugary)"	7
6	"Leaf rachis with glands only at the junction of at least some pinna pairs (jugary)"	9
7	"Pinnules lanceolate (broadest below centre), 5–8 mm long; East Gippsland"	"Acacia silvestris"
7	"Pinnules linear to oblong, 1–10 mm long"	8
8	"Leaves with 2–8 pairs of pinnae; pinnae with 10–30 pinnules; pinnules 3.5–10 mm long"	"Acacia deanei"
8	"Leaves with 8–25 pairs of pinnae; pinnae with 30–70 pinnules; pinnules 1–5 mm long"	"Acacia mearnsii"
9	"Leaves with up to 6 pairs of pinnae; branchlets more or less terete (at most slightly angled or furrowed); pinnules shorter towards ends of pinna"	"Acacia baileyana"
9	"Leaves with at least 5 pairs of pinnae, rarely as few as 4; branchlets terete or with wing-like ridges; pinnules of more or less equal length throughout pinna"	10
10	"Branchlets with prominent wing-like ridges; pinnules 5–15 mm long"	"Acacia decurrens"
10	"Branchlets ridged but not winged nor conspicuously angled; pinnules 1–5(–7) mm long"	11
11	"Ridges of branchlets usually scabrous, with tufted hairs; rachis gland at junction of uppermost 1–3 pairs of pinnae only; localized in Cann River area"	"Acacia irrorata"
11	"Ridges of branchlets smooth, with soft hairs; rachis gland at junction of all pinnae"	12
12	"Pinnules ovate to obovate, 1–1.5 mm wide, 1–3 mm long; branchlets not glaucous"	"Acacia cardiophylla"
12	"Pinnules oblong to linear-oblong, 0.5–1 mm wide, 1–5(–7) mm long; branchlets glaucous"	13
13	"Branchlets terete; pinnules velvety, with dense silvery-grey hair; pods densely hairy, 4–7 mm wide"	"Acacia mollifolia"
13	"Branchlets angled; pinnules sparsely hairy; pods glabrous, usually pruinose, 8–20 mm wide"	14
14	"Pinnules more or less acute at apex, minutely hairy, mostly longer than 2 mm"	"Acacia dealbata"
14	"Pinnules obtuse at apex, almost glabrous, up to 2.5 mm long"	"Acacia nanodealbata"
15	"Flowers in cylindric spikes"	16
15	"Flowers in globular (rarely obloid) heads"	33
16	"Phyllodes pungent, up to 4 cm long"	17
16	"Phyllodes innocuous, over 4 cm long (except A. alpina)"	20
17	"Phyllodes decurrent on stem"	"Acacia triptera"
17	"Phyllodes articulate on stem"	18
18	"Phyllodes more or less triangular, widest point around the middle, grey-green or glaucous"	"Acacia cultriformis"
18	"Phyllodes linear or lanceolate, broadest at base, green"	19
19	"Phyllodes alternate, with more than 1 nerve on each face"	"Acacia oxycedrus"
19	"Phyllodes in whorls or fascicles, with 1 nerve on each face"	"Acacia verticillata"
20	"Phyllodes not reticulate, with all veins separate (rarely a few anastomosing minor veins); if phyllodes more than 20 times as long as wide then rachis not visible when flowers opened; mostly  from the far north-east and upper Snowy River area"	21
20	"Phyllodes reticulate, with few to numerous anastomosing minor veins; if phyllodes more than 20 times as long as wide then rachis usually visible when flowers opened"	25
21	"Leaves covered with fine, white-grey appressed hairs, glaucous"	"Acacia binervia"
21	"Leaves glabrous, occasionally hairy when young and hairs restricted to margins when mature, rarely glaucous"	22
22	"Phyllodes narrow-elliptic to oblong (usually less than 20 times as long as broad); margins of young phyllodes transparent"	"Acacia subtilinervis"
22	"Phyllodes linear (usually more than 20 times as long as broad); margins of phyllodes never transparent"	23
23	"Phyllodes hairy when young, mature leaves with pubescent margins"	"Acacia acuminata"
23	"Phyllodes glabrous"	24
24	"Phyllodes 3–8 mm wide; inflorescence cylindric; near Beechworth and Suggan Buggan"	"Acacia doratoxylon"
24	"Phyllodes 1–2 mm wide; inflorescence obloid to globular; Pine Mountain"	"Acacia phasmoides"
25	"Phyllodes less than 4 cm long, obovate or suborbicular"	"Acacia alpina"
25	"Phyllodes over 4 cm long, linear, elliptic or obovate"	26
26	"Phyllode margins uneven and resinous"	27
26	"Phyllode margins even"	28
27	"Flowers creamy to pale yellow; phyllodes 7–23 mm wide; East Gippsland (and naturalized in upper Yarra River area)"	"Acacia obtusifolia"
27	"Flowers deep yellow; phyllodes 15–60 mm wide; Buffalo Range"	"Acacia phlebophylla"
28	"Phyllode gland apparently absent"	29
28	"Phyllode gland evident"	30
29	"Phyllodes more than 10 times longer than wide; flower spikes 20–80 mm long; spreading shrub, usually with weeping branchlets; watercourses and damp forests of Gippsland lowlands east of Maffra"	"Acacia floribunda"
29	"Phyllodes less than 7 times longer than wide; flower spikes to 25 mm long; slender, more or less erect shrub; known only from subalpine areas in the Cobungra-Mt Hotham area"	"Acacia ureniae"
30	"Phyllodes up to 10 (rarely to 12) mm wide"	"Acacia mucronata"
30	"Phyllodes over 10 mm wide"	31
31	"Flowers May-Jul., pale yellow; rachis densely pubescent; Orbost area only"	"Acacia maidenii"
31	"Flowers Jun.-Dec., mid to bright yellow; rachis glabrous"	32
32	"Tree to 15 m; phyllodes falcate, secondary veins obscure; subalpine and montane forests"	"Acacia dallachiana"
32	"Shrub or small tree to 10 m; phyllodes mostly straight, secondary veins prominent; mostly coastal areas and foothills"	"Acacia longifolia"
33	"Phyllodes with more than 1 main vein or veins obscure"	34
33	"Phyllodes with 1 main vein per face (if 4 (or 5)-angled in cross-section then 4 (or 5)-veined overall)"	72
34	"Flower heads in a raceme"	35
34	"Flower heads on axillary peduncles or at least appearing so (rachis not more than 1 mm long)"	49
35	"Phyllodes triangular, less than 2 cm long"	36
35	"Phyllodes not triangular, more than 2 cm long"	37
36	"Shrubs to 8 m high; phyllodes 6–20 mm long; pods formed; widespread in north-eastern Victoria"	"Acacia pravissima"
36	"Small root-suckering shrubs to c. 1 m high; phyllodes 3–8 mm long; pods not formed; Wulgulmerang area"	"Acacia nanopravissima"
37	"Phyllodes pinnately veined with 2 main longitudinal veins (in A. difformis one is weaker and merges with the upper margin)"	38
37	"Phyllodes with longitudinal veins, with or without anastomosing veins between them"	39
38	"Flower heads in raceme with rachis 10–60 mm long; phyllodes dull, apex obtuse"	"Acacia difformis"
38	"Flower heads on axillary peduncles or in short raceme with rachis to 3 mm long; phyllodes often shiny, apex acute to mucronate"	"Acacia verniciflua"
39	"Phyllodes less than 5 (rarely to 10) mm wide, more than 25 times as long as wide (or if slightly stouter then always less than 4 mm wide)"	40
39	"Phyllodes more than 4 mm wide, less than 25 times as long as wide"	41
40	"Phyllodes less than 14 cm long"	"Acacia elongata"
40	"Phyllodes more than 14 cm long; Murray River floodplain in north-west"	"Acacia stenophylla"
41	"Phyllodes with non-anastomosing veins or veins obscure"	42
41	"Phyllodes with anastomosing veins"	44
42	"Pods less than 8 mm wide, seed longitudinal; phyllodes glabrous or with a few minute hairs towards base; flower heads 5–8 mm diam"	"Acacia homalophylla"
42	"Pods more than 6 mm wide, seed transverse; phyllodes covered with minute hairs (difficult to see even with hand lens); flower heads up to 5 mm diam"	43
43	"Pod thin and almost papery, not winged; flowers 25–50 per head; phyllodes usually rigid, always with spaces between hairs"	"Acacia melvillei"
43	"Pod thick and almost woody, margin with 2–3 mm wing; flowers 12–25 per head; phyllodes usually flexible, with dense cover of hairs"	"Acacia pendula"
44	"Phyllodes 3–11 cm long, 3–11 mm wide; peduncles 1–5 mm long (inflorescence spike-like)"	45
44	"Phyllodes 4–20 cm long, 6–50 mm wide; peduncles 4.5–16 mm long"	46
45	"Phyllodes linear; branchlets minutely pubescent between ridges only; north-east and far east Victoria"	"Acacia dawsonii"
45	"Phyllodes obovate to oblanceolate; branchlets minutely pubescent on and between ridges; north-west Victoria"	"Acacia trineura"
46	"Peduncles white pubescent; funicle in 3 loops over apex of seed; phyllodes more than 15 mm wide"	"Acacia frigescens"
46	"Peduncles glabrous or with resin cells and sometimes scattered hairs; funicle, if restricted to apex of seed, looped only 1 or 2 times; phyllodes less than 25 mm wide"	47
47	"Funicle white, looped 1 or 2 times around apex of seed; flowering Dec.-Mar.; leaves usually falcate, mostly broadest near or below centre"	"Acacia implexa"
47	"Funicle red, looped twice around entire seed; flowering mostly Aug.-Oct.; leaves straight to slightly curved, rarely strongly falcate, usually broadest near or above centre"	48
48	"Phyllodes 4–12 mm wide, lateral veins somewhat obscure; peduncles glabrous; coastal only"	"Acacia cyclops"
48	"Phyllodes 6–25 wide, lateral veins prominent; peduncles scurfy with resin cells and sometimes hairs"	"Acacia melanoxylon"
49	"Phyllodes in whorls or fascicles"	"Acacia verticillata"
49	"Phyllodes alternate"	50
50	"Phyllodes flattened or terete, with non-anastomosing veins"	51
50	"Phyllodes flattened, with anastomosing veins"	60
51	"Phyllodes 3–14 cm long, not pungent, narrow-linear to needle-like"	52
51	"Phyllodes 1–5 cm long, if not pungent then either sigmoid or flattened and stiff"	55
52	"Branchlets glabrous; phyllodes glabrous, gland central"	"Acacia havilandiorum"
52	"Branchlets pubescent, usually minutely so; phyllodes usually minutely pubescent, gland basal"	53
53	"Branchlets white-tomentose, not or hardly ribbed; phyllodes and peduncles with subappressed hairs"	"Acacia cineramis"
53	"Branchelts ribbed, minutely hairy, the ribs usually glabrous; phyllodes and peduncles with minute appressed hairs"	54
54	"Branchlets without yellow ridges"	"Acacia loderi"
54	"Branchlet ridges yellowish"	"Acacia rigens"
55	"Phyllodes not pungent"	56
55	"Phyllodes pungent"	57
56	"Phyllodes linear-oblanceolate, straight or slightly curved; peduncles glabrous"	"Acacia sclerophylla"
56	"Phyllodes linear to oblong-elliptic, more or less sigmoid; peduncles minutely hairy"	"Acacia wilhelmiana"
57	"Phyllodes and branches roughened"	"Acacia enterocarpa"
57	"Phyllodes and branches not roughened"	58
58	"Phyllodes flat (sometimes thick, but not terete)"	"Acacia ancistrophylla"
58	"Phyllodes more or less terete or slightly compressed"	59
59	"Phyllodes with 8 strongly raised veins, gland on basal swelling"	"Acacia colletioides"
59	"Phyllodes with c. 20 hardly raised veins, gland 2–7 mm above pulvinus"	"Acacia nyssophylla"
60	"Phyllodes usually pungent; pods covered in minute or long hairs"	61
60	"Phyllodes not pungent (but may have a hardened mucro); pods glabrous, or if hairy then phyllodes with obtuse or beak-shaped apex"	62
61	"Flower heads bright yellow, with 20–30 flowers per head; peduncles 2–9 mm long"	"Acacia lanigera"
61	"Flower heads pale yellow, with 8–15 flowers per head; peduncles less than 1 mm long"	"Acacia oswaldii"
62	"Phyllodes dotted with oil glands (resinous-punctate)"	63
62	"Phyllodes not dotted with oil glands, but sometimes viscid"	67
63	"Phyllodes with 2–5 main veins; flowers pale lemon-yellow, 10–25 per head; East Gippsland only"	64
63	"Phyllodes with 2 main veins; flowers creamy-yellow to golden, 20–60 per head; widespread"	65
64	"Phyllodes less than 4 mm wide; heads with 10–17 flowers"	"Acacia cognata"
64	"Phyllodes 4–11 mm wide; heads with 20–25 flowers"	"Acacia subporosa"
65	"Branchlets usually glabrous, with broad, pale yellowish ribs (sometimes only slightly raised) with thick resin in the space between them"	"Acacia verniciflua"
65	"Branchlets with pubescent ribs or if glabrous lacking thick layer of dark resin between ribs"	66
66	"Phyllodes usually more than 50 mm long and 13 mm wide; apex acute or subacute, mucro centrally positioned; pods glabrous or sparsely hairy; widespread"	"Acacia leprosa"
66	"Phyllodes usually less than 50 mm long and 13 mm wide, apex obtuse or subacute, beak-shaped, the mucro not centrally positioned; pods densely hairy, at least when young; Bacchus Marsh area"	"Acacia rostriformis"
67	"Peduncles densely tomentose; south-west Victoria only"	"Acacia exudans"
67	"Peduncles glabrous or pubescent"	68
68	"Branchlets viscid"	"Acacia montana"
68	"Branchlets not viscid"	69
69	"Inflorescence cylindric to obloid, up to 15 mm long; alpine and subalpine areas"	"Acacia alpina"
69	"Inflorescence globular, c. 3–4 mm diam (up to 10 mm diam in A. elongata)"	70
70	"Heads 5–10 mm diam., c. 20–40-flowered; phyllodes usually linear, 5–17 cm long"	"Acacia elongata"
70	"Heads less than 5 mm diam., up to 20-flowered; phyllodes usually less than 7 cm long, variable in shape"	71
71	"Phyllodes oblanceolate, 2–7 cm long, branchlets mostly glabrous (with minute hairs only at nodes); western Victoria"	"Acacia farinosa"
71	"Phyllodes elliptic to lanceolate, less than 3 cm long, branchlets with pubescent ribs; eastern Victoria"	"Acacia howittii"
72	"Flower heads on axillary peduncles or at least appearing so (rachis not more than 1 mm long)"	73
72	"Flower heads in a raceme"	104
73	"Phyllodes in whorls or fascicles"	"Acacia verticillata"
73	"Phyllodes alternate"	74
74	"Phyllodes 4-angled in cross-section or terete, pungent or with hardened mucro"	75
74	"Phyllodes flat, pungent or not (in A. euthycarpa the phyllodes may be terete but the tip is always non-pungent and curved)"	80
75	"Phyllodes 0.5–2.5 cm long, 0.5–1.5 mm wide; flowers 4- or 5-merous"	76
75	"Phyllodes 0.5–11 cm long, 1–3 mm wide; flowers 4-merous"	78
76	"At least some phyllodes reflexed; flowers 4-merous"	"Acacia aculeatissima"
76	"Phyllodes not reflexed; flowers 5-merous"	77
77	"Phyllodes not broadening at base (without 'gland-angle'), often distant; stipules usually less than 1 mm long, often deciduous; flowers golden"	"Acacia brownii"
77	"Phyllodes broader at base, often crowded; stipules usually more than 1 mm long, persistent; flowers creamy-yellow"	"Acacia ulicifolia"
78	"Branchlets and phyllodes viscid"	"Acacia rupicola"
78	"Branchlets and phyllodes not viscid"	79
79	"Phyllodes less than 4 cm long (rarely to 8 cm); widespread but not in Pine Mountain area"	"Acacia genistifolia"
79	"Phyllodes more than 4 cm long; restricted to Pine Mountain"	"Acacia phasmoides"
80	"Phyllodes pungent; north-eastern Victoria only"	"Acacia siculiformis"
80	"Phyllodes not pungent (but may have hardened mucro)"	81
81	"Branchlets spinescent"	82
81	"Branchlets not spinescent"	83
82	"Phyllodes always present; peduncles 5–15 mm long"	"Acacia acanthoclada"
82	"Phyllodes almost always absent; flower heads usually sessile (peduncles rarely to 6 mm long)"	"Acacia spinescens"
83	"Phyllodes with numerous, closely spaced lateral veins making small angle with midrib; smaller branchlets with prominent yellowish resin-ribs"	"Acacia stricta"
83	"Phyllodes with lateral veins obscure or sparse and diverging widely from midrib; branchlets with or without resin-ribs"	84
84	"Young branchlets and phyllodes viscid"	85
84	"Branchlets and phyllodes not viscid"	94
85	"Phyllodes up to 3 cm long, not dotted with glands"	86
85	"Phyllodes 2–15 cm long (shorter in A. daviesii), dotted with glands"	89
86	"Midrib more or less in middle of phyllode"	87
86	"Midrib close to one margin"	88
87	"Phyllodes more than 3 times as long as wide, covered in erect, stiff hairs (some glandular)"	"Acacia aspera"
87	"Phyllodes less than 2 times as long as wide, glabrous"	"Acacia glandulicarpa"
88	"Phyllodes kinked near base; brachlet ribs coated with a thick layer of resin"	"Acacia flexifolia"
88	"Phyllodes not kinked near base; branchlet ribs viscid but not coated with resin"	"Acacia lineata"
89	"Phyllodes broadly elliptic to circular, up to 1 cm long; plants suckering"	"Acacia daviesii"
89	"Phyllodes ± linear or oblong to narrowly elliptic, more than 2 cm long"	90
90	"Branchlet ribs tuberculate, phyllodes with surface roughened and 2 or 3 marginal glands"	"Acacia dodonaeifolia"
90	"Branchlet ribs not tuberculate, phyllodes with surface not roughened and 1 marginal gland"	91
91	"Smaller branchlets with raised resin-ribs, glabrous; peduncles densely tomentose"	"Acacia ausfeldii"
91	"Branchlets glabrous or hairy, viscid, resin sometimes forming thick bands between ribs; peduncles usually with minute appressed hair, rarely with lax long hairs"	92
92	"Branchlets usually glabrous, with broad, pale yellowish ribs (sometimes only slightly raised) with thick resin in the space between them"	"Acacia verniciflua"
92	"Branchlets with pubescent ribs or if glabrous lacking thick layer of dark resin between ribs"	93
93	"Peduncles with dense minute appressed hairs; gland 0–8 mm above pulvinus; bracteoles not exceeding buds"	"Acacia leprosa"
93	"Peduncles with long (c. 0.5 mm) lax, curved hairs; gland 0–0.5 mm above pulvinus; bracteoles exceeding young buds"	"Acacia stictophylla"
94	"Stipules spinescent, prominent, usually more than 5 mm long"	"Acacia paradoxa"
94	"Stipules insignificant or less than 5 mm long and not spinescent"	95
95	"Phyllodes more or less triangular in shape, with prominent expansion at gland"	"Acacia gunnii"
95	"Phyllodes linear, elliptic, ovate or obovate"	96
96	"Phyllodes less than 2.5 times as long as wide, 1–3 cm long"	97
96	"Phyllodes more than 2.5 times as long as wide, 0.4–11 cm long"	98
97	"Stems with patent hairs or sometimes glabrous"	"Acacia brachybotrya"
97	"Stems with antrorsely appressted hairs; new growth often golden"	"Acacia dictyocarpa"
98	"Phyllodes covered in soft, woolly hairs; new growth and pods densely covered in rusty-brown, woolly hairs; Nunniong Plateau in far north-east"	"Acacia lucasii"
98	"Plant glabrous or with minute hairs (not woolly)"	99
99	"Phyllodes less than 2 cm long"	"Acacia acinacea"
99	"Phyllodes more than 2 cm long"	100
100	"Peduncles minutely hairy"	"Acacia ×grayana"
100	"Peduncles glabrous"	101
101	"Phyllodes flexible, 1–6 mm wide, apex usually tapering and always curved"	"Acacia euthycarpa"
101	"Phyllodes firm, 3–15 mm wide, apex mucronate or notched"	102
102	"Phyllodes obtuse, with apical gland"	"Acacia microcarpa"
102	"Phyllodes acute, without apical gland"	103
103	"Branchlets with minute appressed hairs; phyllodes usually straight, 3–7 cm long, 4–15 mm wide; heads with more than 35 flowers"	"Acacia halliana"
103	"Branchlets glabrous; phyllodes usually slightly curved, 1.5–5 cm long, 2–9 mm wide; heads with up to 35 flowers"	"Acacia simmonsiana"
104	"Stipules spinescent"	"Acacia victoriae"
104	"Stipules absent or not spinescent"	105
105	"Phyllodes more or less triangular, less than 1.5 cm long (rarely to 3 cm long)"	106
105	"Phyllodes elliptic to linear, more than 1 cm long"	108
106	"Phyllodes up to 3 cm long, gland 8–15 mm above base; heads with more than 10 flowers"	"Acacia cultriformis"
106	"Phyllodes usually less than 1.5 cm long, gland 2–7 mm above base; heads with fewer than 10 flowers"	107
107	"Shrubs to 8 m high; phyllodes 6–20 mm long; pods formed; widespread in north-eastern Victoria"	"Acacia pravissima"
107	"Small root-suckering shrubs to c. 1 m high; phyllodes 3–8 mm long; pods not formed; Wulgulmerang area"	"Acacia nanopravissima"
108	"Phyllodes filiform, 5-angled in section, 6–24 cm long, more than 60 times longer than wide"	"Acacia extensa"
108	"Phyllodes not as above"	109
109	"Phyllodes always on raised stem projections (phyllodes elliptic to oblanceolate, sometimes narrowly so, 2–10 cm long, 2–17 mm wide); eastern and northeastern Victoria only"	110
109	"Phyllodes rarely on raised stem projections"	112
110	"Phyllodes 5–17 mm wide, with 1–3 glands and vein-like margins; upper reaches of Snowy River in East Gippsland"	"Acacia amoena"
110	"Phyllodes 2–10 mm wide, with 1 gland and margins not thickened and veinlike"	111
111	"Branchlets minutely hairy; peduncles covered in white or yellow minute hairs; between Shepparton and Wangaratta, and near Wodonga"	"Acacia decora"
111	"Branchlets and usually peduncles glabrous; higher parts of Great Dividing Range in north-east Victoria"	"Acacia kettlewelliae"
112	"Branchlets acutely angled or flat, at least at extremities"	113
112	"Branchlets terete or ribbed, but not acutely angled (except sometimes near phyllode attachment)"	122
113	"Phyllodes obtuse, with a midrib and a second fainter longitudinal vein close to the upper margin"	"Acacia difformis"
113	"Phyllodes more or less acute or mucronate, with a single longitudinal vein"	114
114	"Young inflorescence covered by prominent overlapping bracts; sepals free; seeds transverse or longitudinal in pod"	115
114	"Young inflorescence not covered by overlapping bracts; sepals usually united; seeds longitudinal in pod"	116
115	"Heads 3–10-flowered, on peduncles up to 5 mm long; seeds transverse in pod; branchlets distinctly angled"	"Acacia suaveolens"
115	"Heads 12–17-flowered, on peduncles 6–10 mm long; seeds longitudinal in pod; branchlets angled only at extremities"	"Acacia iteaphylla"
116	"Phyllodes with pale, thickened margins; flowers 4-merous, 2–5 (–8) per head"	"Acacia myrtifolia"
116	"Phyllodes with margins not thickened; flowers 5-merous, 7–50 per head"	117
117	"Phyllodes with obscure gland; heads with 18–50 flowers"	118
117	"Phyllodes with prominent, often exserted gland; heads with 7–25(–30) flowers"	120
118	"Phyllodes 2.5–5.5 cm long; inflorescence rachis 1–5 mm long; north-western Victoria only"	"Acacia ×grayana"
118	"Phyllodes 3–22 cm long; inflorescence rachis 7–40 mm long"	119
119	"Phyllodes 7–22 cm long, often glaucous, apices straight or subuncinate; flowers usually 30–50 per head; usually inland"	"Acacia provincialis"
119	"Phyllodes 3–6.5 cm long, green, uncinate to subuncinate; flowers 18–30 per head; coastal"	"Acacia uncifolia"
120	"Phyllodes linear, 6–14 cm long, gland 10–60 mm above pulvinus; juvenile leaves often persisting on lower branches; heads usually 20–30-flowered"	"Acacia linearifolia"
120	"Phyllodes lanceolate, linear or narrowly elliptic, 3–6 cm long, gland 1–20 mm above pulvinus; juvenile leaves soon lost; heads 7–20-flowered"	121
121	"Phyllodes  5–12 mm wide, 4–9 times longer than wide; gland exserted, 5–20 mm above pulvinus"	"Acacia prominens"
121	"Phyllodes 2–5 mm wide, c. 10 times longer than wide; gland submerged and swollen within the lamina, 1–7 mm above pulvinus"	"Acacia fimbriata"
122	"Pods thick and woody; heads 15–25-flowered; phyllodes with 2–5 glands; mostly north-western Victoria and along Murray River"	123
122	"Pods not thick and woody"	126
123	"Phyllodes flaccid, pendulous; flowers cream; pods tough, not snapping easily"	"Acacia salicina"
123	"Phyllodes thick or moderately so, ascending, erect or patent; flowers golden; pods usually brittle and snapping readily between seeds"	124
124	"Branchlets usually red-brown, not ribbed; phyllodes 1–4 mm wide, usually obtuse with a small central mucro"	"Acacia cupularis"
124	"Branchlets light brown and distinctly yellow-ribbed; phyllodes 4–14 mm wide, uncinate or recurved-mucronate"	125
125	"Shrub or small tree, not forming dense thickets; phyllodes thick (with coarse wrinkles when dry), usually 3–7.5 cm long, lacking moderate cover of brown spots; glands usually 3"	"Acacia ligulata"
125	"Suckering shrub, often forming dense thickets; phyllodes thin to moderately thick (with fine wrinkles when dry), 5–11.5 cm long, usually with moderate cover of minute brown spots; glands 2"	"Acacia rostellifera"
126	"Branchlets, phyllodes and pods entirely covered in woolly, silky or spreading hairs"	127
126	"Phyllodes glabrous or rarely with scattered hairs, other parts glabrous or hairy"	129
127	"New growth pruinose, covered with moderate to dense cover of soft erect hair"	"Acacia podalyriifolia"
127	"New growth lacking waxy bloom, but appearing rusty or silvery-blue due to dense cover of silky appressed or woolly hairs"	128
128	"Phyllodes obtuse, silvery blue-grey due to silky cover of silvery white hairs; Murtoa area only, presumed extinct"	"Acacia argyrophylla"
128	"Phyllodes acute to obtuse-mucronate, grey-green and covered in rusty-brown or silvery-white, woolly hairs; Nunniong Plateau only"	"Acacia lucasii"
129	"Branchlets and peduncles densely hairy all over (if phyllodes 1–3 cm long and inflorescence rachis less than 5 mm long, branchlets and peduncles rarely glabrous)"	130
129	"Branchlets glabrous, sparsely hairy or hairy between glabrous ridges; peduncles glabrous or hairy; plants never with combination of phyllodes 1–3 cm long and inflorescence rachis less than 5 mm long"	132
130	"Phyllodes (1–) 2.5–5 cm long; inflorescence rachis 10–40 mm long; pod 10–20 mm wide, seeds oblique or transverse; Suggan Buggan-Gelantipy area in northern East Gippsland only"	"Acacia kybeanensis"
130	"Phyllodes 1–3 cm long; inflorescence rachis less than 5 mm long; pods 4–8 mm wide, seeds longitudinal; western and northern Victoria"	131
131	"Stems with patent hairs or sometimes glabrous"	"Acacia brachybotrya"
131	"Stems with antrorsely appressted hairs; new growth often golden"	"Acacia dictyocarpa"
132	"Phyllodes up to 3 cm long, mostly elliptic, upper margin more or less straight"	133
132	"Phyllodes usually 3 cm or more long and otherwise not as above"	134
133	"Shrubs to 4 m high; phyllodes 1–3 cm long, usually 2–6 mm wide with central mucro; pods formed; relatively widespread in north-eastern Victoria"	"Acacia buxifolia"
133	"Small root-suckering shrubs to 0.5 m high; phyllodes 0.6–1.7 cm long, usually 1–2 mm wide, eccentrically mucronate; pods not formed; Wulgulmerang area"	"Acacia tabula"
134	"Branchlets with minute, appressed hairs confided to ridges (and glabrous between ridges) or the space between ridges (and then ridges glabrous)"	135
134	"Branchlets glabrous or rarely sparsely hairy all over"	136
135	"Phyllodes not dotted with glands; inflorescence rachis 5–25 mm long"	"Acacia dawsonii"
135	"Phyllodes dotted with glands; inflorescence rachis 2–4 mm long"	"Acacia leprosa"
136	"Branchlets with viscid ridges; inflorescence rachis never more than 5 mm long"	"Acacia dodonaeifolia"
136	"Branchlets terete or ridged but ridges not viscid"	137
137	"Phyllodes up to 5 mm wide"	138
137	"Phyllodes more than 5 mm wide (rarely some to 3 mm wide)"	142
138	"Phyllodes 8–25 cm long, gland at or near distal end of pulvinus; widespread garden-escape"	"Acacia saligna"
138	"Phyllodes 1–14 cm long, gland 2–60 mm above pulvinus; native species"	139
139	"Heads with 25–40 flowers; north-western Victoria"	"Acacia euthycarpa"
139	"Heads with 5–20 flowers"	140
140	"Phyllodes glaucous (except at ends of flowering branches); heads with 15–20 flowers; pods 3–3.5 mm wide; north-central from Inglewood to Rushworth"	"Acacia williamsonii"
140	"Phyllodes green to grey-green; heads with 5–10 flowers; pods 4–6 mm wide; mostly Snowy River area, also near Myrtleford"	141
141	"Erect to spreading shrub to 5 m high, not suckering; phyllodes c. 3–6 cm long; pods formed"	"Acacia boormanii"
141	"Small root-suckering shrubs to c. 1 m high; phyllodes c. 1–4 cm long; pods not formed"	"Acacia infecunda"
142	"Heads with more than 40 flowers"	143
142	"Heads with fewer than 40 flowers"	145
143	"Gland 3–45 mm above pulvinus; pulvinus 4–7 mm long"	"Acacia pycnantha"
143	"Gland 0–3 mm above pulvinus; pulvinus 1–6 mm long"	144
144	"Phyllodes stiff; seed transverse in pod; rare native species of north-western and north-central Victoria"	"Acacia notabilis"
144	"Phyllodes pliant; seed longitudinal in pod; widespread garden-escape"	"Acacia saligna"
145	"Phyllode margins and veins reddish (especially when dry)"	"Acacia rubida"
145	"Phyllode margins and veins not reddish"	146
146	"Peduncles covered in appressed, golden hairs; phyllodes 10–22 cm long"	"Acacia falciformis"
146	"Peduncles glabrous (or rarely with scattered hairs); phyllodes 4–17 cm long"	147
147	"Pods linear, 4–6 mm wide; phyllodes (3–) 6–12 mm wide"	"Acacia hakeoides"
147	"Pods oblong, 10–25 mm wide; phyllodes 5–50 mm wide"	148
148	"Phyllodes lacking faint vein connecting the gland to the midrib"	149
148	"Phyllodes with a faint vein connecting the gland to the midrib"	150
149	"Phyllodes 2–7 cm long, usually indented at gland, apex usually with a pointed tip"	"Acacia sporadica"
149	"Phyllodes 5–17 cm long, not indented at gland, apex obtuse"	"Acacia obliquinervia"
150	"Phyllodes not indented at gland, glaucous, pruinose when young, apex obtuse"	"Acacia caerulescens"
150	"Phyllodes indented at gland, usually green, apex acute or obtuse"	"Acacia penninervis"
