1	"Fruiting perianth with 5 horizontal wings"	2
1	"Fruiting perianth with a single horizontal wing, sometimes the wing very narrow (or not developed in M. microphylla), sometimes accessory wings present above and/or below horizontal wing"	7
from	statement	to
2	"Fruiting perianth with erect, club-shaped processes arising vertically from summit"	"Maireana lobiflora"
2	"Wings of fruiting perianth lacking erect processes"	3
3	"Wings very narrow, margins thickened or narrowly incurved; fruiting perianth 5 mm wide or less; prostrate or decumbent herb"	"Maireana enchylaenoides"
3	"Wings obovate to fan-shaped (or lacking); fruiting perianth 6 mm wide or more (except sometimes in M. microphylla when wings do not develop) more or less erect herbs or shrubs"	4
4	"Wings of fruiting perianth pubescent with curled hairs"	"Maireana cheelii"
4	"Wings of fruiting perianth glabrous"	5
5	"Two of the five wings smaller and suberect; leaves often opposite; plants usually dioecious"	"Maireana oppositifolia"
5	"Wings equal and horizontal; leaves alternate; flowers bisexual"	6
6	"Wings free to base; leaves glabrous, distinctly tapered toward base; perianth lobes developing spongy dorsal humps in fruit"	"Maireana brevifolia"
6	"Wings fused for more than half their length; leaves often hairy, not tapered at base"	"Maireana microphylla"
7	"Fruiting perianth less than 5 mm diam., pentagonal, truncate, very narrowly winged near base, usually immersed in hairs; prostrate to decumbent herb with woody base; branches woolly"	8
7	"Fruiting perianth more than 5 mm diam., usually distinctly winged, the tube usually tapered above and/or below the wing"	9
8	"Fruiting perianth with distinctly raised pentagonal ridge"	"Maireana pentagona"
8	"Fruiting perianth with 5 radial ridges, each extending to a corner of the fruit"	"Maireana ciliata"
9	"Fruiting perianth with erect, club-shaped processes arising vertically from summit"	"Maireana lobiflora"
9	"Wings of fruiting perianth lacking erect processes from summit, but sometimes vertically winged along tube"	10
10	"Tube of fruiting perianth with 3–5 vertical wings"	11
10	"Tube of fruiting perianth without vertical wings"	13
11	"Plant glabrous except for tufts of hairs in leaf axils"	"Maireana triptera"
11	"Plant hairy on branches, with hairs not confined to leaf axils"	12
12	"Vertical wings attached along length of tube and united at apex with horizontal wing; summit of fruiting perianth flat or slightly convex"	"Maireana erioclada"
12	"Vertical wings often present only towards base of tube; summit of fruiting perianth conspicuously convex due to enlarged and arched perianth lobes"	"Maireana pentatropis"
13	"Wing of fruit pubescent above"	14
13	"Wing of fruit glabrous (but perianth lobes sometimes pubescent)"	15
14	"Perianth tube with a hard, rounded base; leaves elliptic to narrowly obovate; plant prostrate or decumbent"	"Maireana humillima"
14	"Perianth tube thin-walled, the base expanded into a hollow stipe; leaves semi-terete; plant erect or ascending"	"Maireana trichoptera"
15	"Fruiting perianth above wing prominently raised with enlarged perianth lobes; divaricately branched shrub of far north-west"	"Maireana pyramidata"
15	"Fruiting perianth flat, concave or slightly convex above wing"	16
16	"Tube of fruiting perianth expanded into a hollow, spongy base; perennial herb"	"Maireana excavata"
16	"Tube of fruiting perianth not or hardly expanded at base"	17
17	"Wing of fruiting perianth entire, mostly 15–20 mm diam.; tube turbinate"	"Maireana turbinata"
17	"Wing of fruiting perianth with radial slit"	18
18	"Tube of fruiting perianth thick-walled; wing 14–20 mm diam."	"Maireana georgei"
18	"Tube of fruiting perianth thin-walled; wing less than 14 mm diam."	19
19	"Tube of fruiting perianth pubescent; leaves obovoid or clavate, appearing bluish or silvery from a close indumentum"	"Maireana sedifolia"
19	"Tube of fruiting perianth glabrous; other features not as above"	20
20	"Fruiting perianth closed at summit"	21
20	"Fruiting perianth open at summit and exposing the utricle"	23
21	"Leaves and stems weakly pubescent; flowers in dense leafy spikes; divaricately branched shrub; wing of fruiting perianth often not developed"	"Maireana microphylla"
21	"Leaves and stems white-woolly; flowers scattered; branches not divaricate; wing of fruiting perianth usually developed"	22
22	"Summit of fruiting perianth glabrous or glabrescent; wings lacking prominent dark radiating nerves"	"Maireana appressa"
22	"Summit of fruiting perianth pubescent; wings with obvious dark, radiating nerves"	"Maireana radiata"
23	"Shrubs stiffly divaricately branched, older branches leafless, often spinescent"	24
23	"Shrubs not stiffly branched, remaining leafy, never spinescent"	25
24	"Flowers scattered or in loose spikes; spines stout; fruiting perianth 8–10 mm diam."	"Maireana aphylla"
24	"Flowers in dense leafy spikes; spines (if present) slender and weak; fruiting perianth to 7 mm diam., but wing usually not developed and then fruit c. 1.5–3 mm diam."	"Maireana microphylla"
25	"Branchlets glabrous except for small tufts of hair in leaf axils"	"Maireana obrienii"
25	"Branchlets sparsely to densely covered with cottony hairs"	26
26	"Wing of fruiting perianth 6–10 mm diam., flat or weakly undulate"	"Maireana decalvans"
26	"Wing of fruiting perianth 11–16 mm diam., often (strongly) undulate"	"Maireana rohrlachii"
