from	statement	to
1	"Capitula arranged ± alternately along inflorescence axes; inflorescence height equal to or longer than width; florets 2 or 3 per capitulum"	2
1	"Capitula arranged in compound dichasia; inflorescence height shorter than wide; florets usually at least 4 per capitulum"	3
2	"Inflorescence red, brown or purplish; corolla lobes red to purple; main branches rarely exceeding 1 cm diam."	"Cassinia sifton"
2	"Inflorescence white or cream; corolla lobes white; main branches up to 1.5 cm diam."	"Cassinia arcuata"
3	"Cypselas brown, purple or black, usually constricted at apex, with pericarp closely adherent to seed, ridged or more or less cylindrical, glabrous or with elongate twin hairs"	4
3	"Cypselas grey to silvery-white, not or scarcely constricted at apex, irregularly 4- or 5-ridged longitudinally with a loose pericarp, glabrous or with subsessile globular hairs (very rarely sparse twin hairs)"	8
4	"Mature cypselas longitudinally ribbed, glabrous or rarely with occassional twin hairs near apex"	"Cassinia nivalis"
4	"Mature cypselas smooth, unribbed, usually with moderately dense twin hairs"	5
5	"Leaves to 40 mm long, if ever to 50 mm, then adaxial surfaces aculeate to shortly hispid; margins strongly recurved to revolute; foliage not viscid"	6
5	"At least the longest leaves mostly 40 mm long or more, adaxial surface smooth; margins not or barely recurved; new growth typically rather viscid"	7
6	"Inflorescences ochre-coloured, usually with 20–50 (rarely up to 200) capitula; northwest"	"Cassinia wilsoniae"
6	"Inflorescences dull white (occasionally pink fading to white); absent from northwest"	"Cassinia aculeata"
7	"Leaves with only the midrib prominent"	"Cassinia longifolia"
7	"Leaves with 3 prominent veins"	"Cassinia trinerva"
8	"Capitula round in transverse section; involucral bracts membranous (cellophane-like), lamina hyaline throughout or white opaque only at extreme tip, arranged spirally, never longitudinally ranked; capitula all ± sessile in very dense flat-topped heads; pappus often absent"	9
8	"Capitula strongly 5-angled in transverse section; involucral bracts cartilaginous, lamina of at least the inner ones opaque white, arranged in 5 longitudinal ranks when capitulum is mature; capitula shortly pedunculate; inflorescence relatively open; pappus always present"	11
9	"Leaves glabrous adaxially, with very short acicular gland-tipped hairs on the lamina (but not midrib) abaxially"	"Cassinia venusta"
9	"Leaves pilose adaxially and abaxially"	10
10	"Young stems cottony tomentose, leaves (at least when young) sparsely cottony tomentose adaxially, densely cottony tomentose throughout abaxially, truncate at base; at least the lateral capitula of dichasial groups shortly pedunculate"	"Cassinia ozothamnoides"
10	"Young stems with dense acicular gland-tipped hairs; leaves with dense acicular gland-tipped hairs (shorter than on young stems) on both surfaces, shortly auriculate at base; all capitula sessile"	"Cassinia scabrida"
11	"Involucral bracts arranged more or less spirally"	12
11	"Involucral bracts arranged into 5 strong vertical ranks"	13
12	"All involucral bracts smooth, not undulate; leaves grey-green to blue-green, loosely terete to flattened (alpine plants)"	"Cassinia monticola"
12	"At least inner involucral bracts undulate; leaves midgreen to blue-green, linear to oblong (plants of subcoastal swampy areas in south-west)"	"Cassinia rugata"
13	"Plants lacking a sticky resinous coating; involucral bracts in 5 ranks of c. 5"	"Cassinia tegulata"
13	"Plants sticky, with a viscid resinous coating on young stems, upper surfaces of leaves and often involucral bracts; involucral bracts in 5 ranks of c. 3 or 4"	14
14	"Capitula 2.5–2.8 mm (rarely to 3.0 mm) long; style c. 1.1 mm long; corolla tube 1.5–1.6(–2.3) mm long"	"Cassinia diminuta"
14	"Capitula 3.3–5.0 mm long; style 1.8–2.0 mm long; corolla tube 1.7–2.5 mm long"	15
15	"Capitula 4.5–5.0 mm long, usually lacking resinous coating; corolla tube 2.2–2.5 mm long; inner involucral bracts 3.5–4.0 mm long"	"Cassinia maritima"
15	"Capitula 3.3–4.2(–5.0) mm long, usually covered at least at base with a resinous coating; corolla tube 1.7–2.0 (–2.2) mm long; inner involucral bracts 2.9–3.3 mm long"	"Cassinia complanata"
