from	statement	to
1	"Leaves ovate to triangular (at least half as wide as long), broadly obtuse or shallowly cordate at base, arranged ± horizontally on branches, slightly discolorous, upper leaf surface glossy dark green, paler below"	"Acrothamnus maccraei"
1	"Leaves ±  oblong (much less than half as wide as long), evenly and narrowly tapered at base, spirally arranged on branches, strongly discolorous, dull above with glaucous or whitish undersides"	2
2	"Corolla lobes bearded on inner face; leaves usually convex"	"Acrothamnus hookeri"
2	"Corolla lobes glabrous or papillose on inner face; leaves usually flat or slightly concave toward apex"	"Acrothamnus montanus"
