from	statement	to
1	"Phyllodes usually 8–15 mm wide, with 1 longitudinal vein, gland 2–8 mm above the pulvinus"	"Acacia leprosa var. uninervia"
1	"Phyllodes with 2 longitudinal veins, width variable, often more than 15 mm, gland usually less than 2 mm above pulvinus"	2
2	"Bract at base of peduncle persistent and relatively large (3–4 mm long); Otway Ranges"	"Acacia leprosa var. magna"
2	"Bract at base of peduncle early caducous or if ever persistent less than 3 mm long; widespread"	3
3	"Heads on peduncles usually less than 5 mm long, often appearing subsessile, densely puberulous-tomentose; bracteole distinctly acuminate; gland usually 0–1 mm above pulvinus; ranges west of Avoca"	"Acacia leprosa var. crassipoda"
3	"Peduncles usually more than 4 mm long, subglabrous to moderately appressed-puberulous; bracteole not or hardly acuminate; gland usually (0.5–)2–4 mm above pulvinus; east of the Macedon Ranges with isolated occurrences in the Otways"	"Acacia leprosa var. graveolens"
