1	"Fruit circumsciss; bracts and bracteoles (except in A. graecizans) rigid and spinescent, subequal to or exceeding perianth"	2
1	"Fruit not or irregularly dehiscent; bracts and bracteoles (except in rare forms of A. albus) shorter than perianth, generally not spinescent"	8
2	"Flowers in small axillary clusters; tepals 2 or 3"	3
2	"Flowers in dense spikes or spike-like panicles, terminal and in upper axils; tepals 3–5"	4
from	statement	to
3	"Bracts and bracteoles spinescent, c. twice as long as perianth"	"Amaranthus albus"
3	"Bracteoles not spinescent, shorter than perianth"	"Amaranthus graecizans"
4	"Inflorescence reddish, purplish or yellowish, usually with long drooping spikes 15 cm long or more"	"Amaranthus caudatus"
4	"Inflorescence greenish (rarely reddish), spikes erect or spreading but not drooping"	5
5	"Tepals of female flowers obtuse, truncate or emarginate, usually shortly mucronate"	"Amaranthus retroflexus"
5	"Tepals of female flowers acute, not mucronate"	6
6	"Inflorescence stiff, relatively few-branched, branches typically 1 cm diam. or more at midway; longest bracts 4–6 mm long; tepals 3–5 (often within one inflorescence) 2.5–3 mm long"	"Amaranthus powellii"
6	"Inflorescence somewhat lax, usually with many short branches arising at near right-angles from main axis, branches typically 5–8 mm diam. at midway; longest bracts 2–3.5 mm long; tepals 5, 1.5–2 mm long"	7
7	"Utricle globoid to slightly compressed, distinctly longer than perianth"	"Amaranthus cruentus"
7	"Utricle distinctly compressed, shorter than or equal to perianth"	"Amaranthus hybridus"
8	"Tepals 5 (rarely 4)"	9
8	"Tepals 2 or 3"	11
9	"Tepals 4–7 mm long in fruit; erect plants with inflorescence of axillary clusters"	"Amaranthus grandiflorus"
9	"Tepals c. 2 mm long in fruit; ± prostrate plants; inflorescence spicate or axillary"	10
10	"Utricle c. twice as long as perianth; flowers in dense axillary clusters"	"Amaranthus macrocarpus"
10	"Utricle slightly exceeding perianth; inflorescence spicate, terminal"	"Amaranthus muricatus"
11	"Bracts and bracteoles spinescent"	"Amaranthus albus"
11	"Bracts and bracteoles not spinescent"	12
12	"Flowers in globular axillary clusters; mature utricles blackish"	"Amaranthus macrocarpus"
12	"Flowers in spikes or spike-like panicles (all terminal or sometimes also in upper axils); mature utricles brownish or green"	13
13	"Prostrate perennial with ± hairy stems; seed much smaller than utricle; perianth segments mostly 2"	"Amaranthus deflexus"
13	"Ascending to erect annual, almost glabrous; seed almost filling utricle; perianth segments mostly 3"	"Amaranthus viridis"
