from	statement	to
1	"Plant a woody shrub with simple or forked spines on branchlets; far north-west only"	"Scaevola spinescens"
1	"Plant a herb or wiry shrub without spines"	2
2	"Leaves reduced to small recurved scales; stems glabrous; far north-west only"	"Scaevola depauperata"
2	"Leaves usually present; stems variously hairy"	3
3	"Leaves sessile with more or less recurved margins; calyx-lobes 3–5 mm long, longer than tube; corolla violet; peduncles usually more than 2 cm long"	"Scaevola ramosissima"
3	"Leaves more or less petiolate, flat; calyx-lobes minute or obsolete, much shorter than tube; corolla blue, white or pinkish; peduncles usually less than 2 cm long"	4
4	"Plant prostrate, rooting at nodes; flowers shortly pedunculate"	"Scaevola hookeri"
4	"Plant procumbent or ascending, never rooting at nodes; flowers subsessile"	5
5	"Leaves more or less entire, thick-textured; fruit succulent, berry-like; coastal sand-dunes"	"Scaevola calendulacea"
5	"Leaves prominently toothed, thin-textured; fruit dry"	6
6	"Stems coarsely hispid; lower leaves mostly 5–8 cm long; corolla more than 15 mm long, lilac or bright blue with a yellowish throat; ovary 2-celled"	"Scaevola aemula"
6	"Stems finely appressed-pubescent; all leaves less than 5 cm long; corolla less than 15 mm long, white or pale bluish; ovary 1-celled"	"Scaevola albida"
