from	statement	to
1	"External surface of the calyx glabrous (except sometimes for a small area just below the median clefts)"	2
1	"External surface of calyx extensively (but sometimes very shortly) hairy"	4
2	"Lower corolla-lobes externally glabrous (best seen by glabrous exposed part of corolla in bud), emarginate; rear anther awns 0.1–0.5 mm long; seeds 0.5–1.0 mm long"	"Euphrasia collina subsp. tetragona"
2	"Lower corolla-lobes externally hairy usually all over or along midline, rarely at base only"	3
3	"Upper leaves of main inflorescence-bearing branches 1.5–4.4 mm wide, with 0–2 (usually 1) pair(s) of teeth confined to distal half; lower corolla-lobes usually emarginate to truncate, rarely obtuse; rear anther awns 0.2–0.6 mm long"	"Euphrasia collina subsp. collina"
3	"Upper leaves of main inflorescence-bearing branches 2.4–8.0 mm wide, with 1–6 (usually 1–3) pairs of teeth confined to the distal fifth to almost the entire length of the leaf; lower corolla-lobes usually obtuse or truncate, rarely emarginate; rear anther awns 0.15–0.4 mm long"	"Euphrasia collina subsp. paludosa"
4	"Bracts and external surface of calyx covered by eglandular hairs"	"Euphrasia collina subsp. muelleri"
4	"Bracts and external surface of calyx with glandular hairs, sometimes mixed with eglandular hairs"	5
5	"Main inflorescence-bearing branches bearing branches or shoots to high above ground-level; glandular hairs on calyx up to 0.1, rarely 0.2 mm long; rear anther awns 0.1–0.5 mm long"	"Euphrasia collina subsp. trichocalycina"
5	"Main inflorescence-bearing branches with branches or shoots confined to basal parts"	6
6	"Glandular hairs on external surface of calyx up to 0.1 (–0.15) mm long"	7
6	"Glandular hairs on external surface of calyx at least (0.05–) 0.1–0.2 mm long"	8
7	"Glands on external surface of calyx clearly stalked, 0.05–0.1 (–0.15) mm long"	"Euphrasia collina subsp. 1"
7	"Glands on external surface of calyx subsessile, up to 0.05 mm long"	"Euphrasia collina subsp. paludosa"
8	"Seeds (0.9–) 1.1–1.9 mm long; anthers 1.7–3.0 mm long, with rear awns (0.25–) 0.3–0.5 (–0.6) mm long"	"Euphrasia collina subsp. diversicolor"
8	"Seeds 0.4–0.9 (–1.0) mm long; anthers 1.3–2.2 mm long, with rear awns (0.1–) 0.2–0.3 (–0.4) mm long"	"Euphrasia collina subsp. speciosa"
