from	statement	to
1	"Epicalyx exceeding calyx, enlarging further and spreading in fruit; flowers bright magenta to purple; ± erect shrub to c. 3 m high, chiefly coastal"	"Lavatera arborea"
1	"Epicalyx remaining shorter than calyx, not much enlarged in fruit; flowers pale, bluish, pink or white; spreading to erect shrubs, but rarely exceeding 1.5 m"	2
2	"Petals 10–18 mm long; epicalyx at least two-thirds as long as calyx at anthesis; mericarps smooth dorsally, adjacent angles usually rounded"	"Lavatera cretica"
2	"Petals 15–30 mm long; epicalyx less than two-thirds as long as calyx at anthesis; mericarps reticulate, adjacent angles acute, sometimes narrowly winged, usually dentate"	"Lavatera plebeia"
