from	statement	to
1	"Bracts opposite, at least in lower part of inflorescence"	2
1	"Bracts alternate throughout inflorescence"	4
2	"Leaves and stems moderately to densely covered with spreading hairs"	"Gonocarpus teucrioides"
2	"Stems with appressed hairs only; leaves virtually glabrous"	3
3	"Plant more or less prostrate; stamens 4; staminodes 4; fruit usually dull silvery-grey; alpine and subalpine areas only"	"Gonocarpus montanus"
3	"Plant erect or ascending; stamens 8; staminodes absent; fruit usually with a reddish to purplish metallic sheen; upper Delegate River area only"	"Gonocarpus serpyllifolius"
4	"Leaves all alternate"	"Gonocarpus elatus"
4	"Leaves opposite, at least in lower parts"	5
5	"Stamens 4; staminodes 4"	"Gonocarpus humilis"
5	"Stamens 8; staminodes absent"	6
6	"Stems strigose; leaves lanceolate"	"Gonocarpus tetragynus"
6	"Stems glabrous, scabrous or with spreading or semi-appressed tuberculate hairs; leaves ovate to cordate"	7
7	"Plant erect or ascending, more than 10 cm tall; bracteoles reddish, ovate, toothed, persistent; Grampians only"	"Gonocarpus mezianus"
7	"Plant prostrate or ascending, less than 10 cm tall; bracteoles brown, orbicular, entire or serrulate, deciduous"	"Gonocarpus micranthus"
