from	statement	to
1	"All leaves alternate, opposite or irregularly arranged"	2
1	"Lower or submerged leaves always in whorls"	12
2	"Leaves all or mostly opposite"	3
2	"Leaves all or mostly alternate or irregular"	6
3	"Lower leaves pectinate"	"Myriophyllum muelleri"
3	"Lower leaves entire, lobed or trifid"	4
4	"Mericarps ovoid to cylindric, apex truncate"	"Myriophyllum lophatum"
4	"Mericarps teardrop-shaped, apex attenuate into the style"	5
5	"Leaves usually obovate to broad-lanceolate, some lower leaves occasionally broadly lobed"	"Myriophyllum amphibium"
5	"Leaves usually linear, lower leaves occasionally trifid with linear lobes"	"Myriophyllum pedunculatum"
6	"Lower leaves pectinate"	7
6	"Lower leaves entire or trifid"	9
7	"Plant aquatic; sepals of male flowers absent or vestigial and triangular"	"Myriophyllum striatum"
7	"Plant semi-aquatic or terrestrial; sepals of male flowers lanceolate to ovate"	8
8	"All or most leaves alternate; mericarps cylindric, more or less the same diameter throughout, dorsal surface with papillae arranged in rows"	"Myriophyllum gracile"
8	"At least some leaves in whorls; mericarps ovoid, widest near the base, dorsal surface with evenly arranged papillae"	"Myriophyllum simulans"
9	"Plant perennial or potentially so; stems prostrate, rooting at nodes"	10
9	"Plant annual; stems erect or procumbent, never rooting at nodes"	11
10	"Male flowers with sepals"	"Myriophyllum gracile"
10	"Male flowers without sepals"	"Myriophyllum striatum"
11	"Flowers and fruits in fascicles"	"Myriophyllum glomeratum"
11	"Flowers and fruits solitary"	"Myriophyllum integrifolium"
12	"Only submerged leaves in whorls, emergent leaves alternate or irregular"	13
12	"All leaves in whorls"	15
13	"Submerged leaves in pseudowhorls or arranged irregularly"	"Myriophyllum striatum"
13	"Submerged leaves strictly in whorls"	14
14	"Emergent leaves linear or terete; mericarps <1 mm long"	"Myriophyllum simulans"
14	"Emergent leaves oblong to ovate; mericarps c. 1.5 mm long"	"Myriophyllum caput-medusae"
15	"Emergent leaves pectinate"	16
15	"Emergent leaves terete, lanceolate, ovate or oblong, entire or toothed, never pectinate"	18
16	"Emergent leaves glaucous, in whorls of 4–6, with 18–36 pinnae; plants with female flowers only"	"Myriophyllum aquaticum"
16	"Emergent leaves green to reddish-purple, in whorls of 2–4, with less than 12 pinnae; plants usually with both male and female flowers present"	17
17	"Leaves often congested at tips of stems; mericarps shortly ovoid, smooth or sparsely papillos"	"Myriophyllum alpinum"
17	"Leaves not congested at tips of stems; mericarps cylindric, angular, coarsely and irregularly warty"	"Myriophyllum verrucosum"
18	"Emergent leaves terete or lanceolate (more than 3 times as long as wide)"	19
18	"Emergent leaves ovate to oblong (less than 3 times as long as wide)"	22
19	"Stems usually papillose; all emergent leaves coarsely toothed; flowers and fruit in fascicles; stigmas mauve to purple"	"Myriophyllum papillosum"
19	"Stems glabrous or with crisped hairs; uppermost emergent leaves more or less entire; flowers and fruit solitary; styles white to pink"	20
20	"Stems usually with crisped hairs; emergent leaves in whorls of 5–8; flowering shoots fusiform"	"Myriophyllum crispatum"
20	"Stems glabrous; emergent leaves in whorls of 3–6; flowering shoots more or less cylindric, tip truncate"	21
21	"Plant aquatic or semi-terrestrial; emergent leaves usually in whorls of 3 or 4, sometimes irregularly so; styles pink fading to white; fruit reddish-purple, mericarps ovoid"	"Myriophyllum simulans"
21	"Plant aquatic; emergent leaves usually in whorls of 5; styles white; fruit yellow-brown, mericarps cylindric"	"Myriophyllum variifolium"
22	"Mericarps oblong to ovoid"	23
22	"Mericarps cylindric"	24
23	"Mericarps ovoid, smooth to minutely papillose"	"Myriophyllum salsugineum"
23	"Mericarps oblong, angular, coarsely and irregularly warty"	"Myriophyllum verrucosum"
24	"Plant perennial; stems to 2 m long; emergent leaves more or less entire, becoming alternate on upper stems; mature mericarps with dense fine spines on dorsal surface"	"Myriophyllum caput-medusae"
24	"Plant annual; stems to 40 cm long; emergent leaves often lobed near base, all whorled; mature mericarps with 3 longitudinal ridges and coarse conical warts on dorsal surface"	"Myriophyllum porcatum"
