1	"Corolla-tube with a short longitudinal split on the upper side, the split not deeper than half the corolla-tube length"	2
1	"Corolla-tube with a deep longitudinal split on the upper side, the split deeper than half the corolla-tube length and usually reaching the base"	5
from	statement	to
2	"Corolla-tube longer than 10 mm; leaves pinnatisect, 15–120 mm long; herb of rocky areas with erect or decumbent stems not rooting at nodes"	"Isotoma axillaris"
2	"Corolla-tube shorter than 10 mm; leaves entire or toothed, less than 23 mm long; herbs of seasonally moist, low-lying areas, with prostrate or decumbent stems root- ing at nodes"	3
3	"Anther tube 1–1.3 mm long, the apex of the lower 2 anther cells each with a minute seta c. 0.1–0.2 mm long but lacking penicillate hairs; fruit 1.5–3 mm long, apparently indehiscent; leaves 0.5–3 mm wide, the distal-most pair of teeth usually prominent so that the leaf-apex appears 3-toothed"	"Hypsela tridens"
3	"Anther tube 1.2–2.5 mm long, the apex of the lower 2 anther cells each with a seta c. 0.3–0.6 mm long and shorter penicillate hairs c. 0.1–0.2 mm long; fruit 2.5–10.5 mm long, dehiscent; leaves 1–20 mm wide, the apex infrequently appear- ing 3-toothed"	4
4	"Corolla-lobes white, blue or occasionally mauvish-blue, the lower 3 with a darker (mauve or blue) transverse band towards base and with erect hairs on upper surface (rarely almost glabrous); corolla-tube split on upper side to within 2–5 mm of base; seeds 0.4–0.5 mm long, weakly reticulate; widely distributed species"	"Isotoma fluviatilis"
4	"Corolla-lobes light violet, the lower 3 lacking a darker transverse band, glabrous on upper surface; corolla-tube split on upper side to within 1.2–2 mm of base; seeds 0.8–1.1 mm long, prominently reticulate (appearing pitted); south-western Victoria only"	"Lobelia beaugleholei"
5	"Corolla deep purple; stigmatic lobes linear, recoiled; style with a ring of tiny pollen-presenting hairs c. 0.4–0.7 mm below the stigma cleft; hypanthium pubescent with deflexed hairs"	"Monopsis debilis"
5	"Corolla white, blue, mauve or purplish but never wholly deep purple; stigmatic lobes hemispherical to broadly oblong, recurved to revolute but not recoiled; style without a ring of pollen presenting hairs c. 0.4–0.7 mm below the stigma cleft, but stigmatic lobes sometimes closely surrounded by a dense ring of tiny hairs; hypanthium glabrous or with spreading or appressed hairs"	6
6	"All anthers densely penicillate at tip (appearing as a dense ring of hairs around the anther tube orifice), longer setae absent; upper 2 corolla-lobes markedly different from lower 3 lobes, strongly recurved and distally concave; stiffly erect annual herbs of well-drained sites, not rooting at nodes"	7
6	"Lower 2 anther cells minutely penicillate at tip, each also with a longer apical seta, the upper 3 cells apically glabrous or rarely with a rudimentary inconspicuous crest to c. 0.1 mm long; upper 2 corolla-lobes never strongly recurved and distally concave; prostrate, decumbent or erect perennial (annual in introduced Lobelia erinus) herbs, usually occurring in seasonally moist low-lying areas, often rooting at nodes"	11
7	"Seeds strongly 3-angled, 0.45–0.7 mm long, 0.3–0.4 mm wide, smooth"	"Lobelia simplicicaulis"
7	"Seeds sometimes irregularly angular but never strongly 3-angled, 0.2–0.45 mm long, 0.1–0.25 mm wide, smooth, reticulate, or with very faint parallel ridges"	8
8	"Lower leaves spathulate, obovate, oblanceolate or oblong, 2–15 mm wide, broadest leaves less than 5 times longer than wide, margins coarsely toothed or pinnately lobed; corolla-tube glabrous, papillose or minutely pubescent internally; seeds smooth or with very faint parallel ridges"	9
8	"Lower leaves linear to narrowly oblanceolate, 0.2–3.2 (–5) mm wide, broadest leaves at least 5 times longer than wide, margins entire or with sparse narrow teeth; corolla-tube papillose to minutely pubescent internally; seeds (at magnifi- cations above 10 times) reticulate"	10
9	"Flowers in 4–13-flowered raceme-like inflorescences; corolla (10–) 13–28 mm long; pedicels not or only slightly elongating after flowering, not exceeding 45 mm long; East Gippsland only"	"Lobelia dentata"
9	"Flowers in 1–4-flowered cymes, the inflorescence not raceme-like; corolla 10–15 mm long; pedicels obviously elongating after flowering, up to 120 mm long; west of Wilsons Promontory"	"Lobelia rhombifolia"
10	"Anther tube 2.5–4 mm long; staminal filaments 4–6.5 mm long; corolla 10–20 mm long; leaves entire"	"Lobelia gibbosa"
10	"Anther tube 1.8–2.3 mm long; staminal filaments 2–3 mm long; corolla 9–14 mm long; leaves narrowly toothed, often indistinctly, rarely apparently entire"	"Lobelia browniana"
11	"Upper 2 corolla-lobes distinctly narrower than lower 3 lobes"	12
11	"Corolla-lobes subequal in width"	17
12	"Corolla-tube split on the upper side to within 1–2.5 mm of the base"	13
12	"Corolla-tube split on the upper side to within 0.7 mm or less of the base"	14
13	"Calyx-lobes 1.4–2.5 mm long; pedicels (10–) 30–110 mm long; seeds 0.8–1.1 mm long, with alveoles c. isodiametric (appearing pitted)"	"Lobelia beaugleholei"
13	"Calyx-lobes 2.5–7 mm long; pedicels less than 45 mm long; seeds c. 0.4–0.5 mm long, smooth or very faintly ridged"	"Lobelia erinus"
14	"Internodes of fertile stems usually narrowly winged; flowers in terminal raceme or panicle-like inflorescences; bracts in upper part of inflorescence markedly different from lower leaves; flowers bisexual; fruit a cylindrical to obconical capsule; seeds smooth or very faintly striated"	"Lobelia anceps"
14	"Internodes of fertile stems sometimes with decurrent ridges but never with distinct wings; flowers axillary, solitary; leaves subtending flowers similar to other leaves; flowers unisexual or rarely some bisexual; fruit capsular or indehiscent, ellipsoid, ovoid, obovoid or globose; seeds with alveoles elongate or c. isodiametric"	15
15	"All or most leaves attenuated towards the base, a distinct petiole generally not distinguishable from the blade; pedicels minutely pubescent; apex of upper 3 anthers each with a very inconspicuous crest-like tuft of hairs c. 0.1 mm long; fruit a capsule"	"Lobelia pratioides"
15	"All or most leaves contracting abruptly near the base, sessile or with a short petiole to c. 2 mm long; pedicels glabrous or rarely sparsely and minutely pubescent; apex of upper 3 anthers glabrous (although sometimes dorsally hispidulous); fruit indehiscent"	16
16	"Leaves ovate, broadly elliptic or orbicular, 2–13 mm long; corolla sky-blue to mauve, the tube 2–4 mm long; external surface of the upper anthers with short thick mostly blunt-tipped hairs (most obvious in male flowers); staminal filaments 1.5–3 mm long; south-western Victoria"	"Lobelia pachytricha"
16	"Leaves lanceolate to ovate, 4–28 mm long; corolla white tinged pink or purplish-pink externally, the tube 4–7 mm long; external surface of the upper anthers glabrous or with short acute hairs (most obvious in male flowers); staminal filaments 3.5–5 mm long; near-coastal East Gippsland only"	"Lobelia purpurascens"
17	"Leaf-margins entire or with minute indentations"	18
17	"At least some leaf-margins toothed (teeth often minute)"	20
18	"Corolla 5–11 mm long"	"Lobelia surrepens"
18	"Corolla 1.8–4.5 mm long"	19
19	"Flowers bisexual; corolla fan-shaped; seeds broadly ellipsoid c. 0.4 mm long, with strongly elongate alveoles; leaves linear to narrowly elliptic with entire or minutely indented margins; rare alpine species"	"Lobelia gelida"
19	"Flowers unisexual; corolla subregular; seeds ellipsoid 0.7–0.9 mm long, alveoles c. isodiametric (appearing pitted); leaves linear to orbicular with entire or toothed margins; lowland species"	"Lobelia irrigua"
20	"All or at least lower leaves attenuated towards the base, a distinct petiole generally not distinguishable from the blade"	21
20	"All or most leaves contracting abruptly near the base, sessile or with a short petiole to c. 2 mm long"	22
21	"Pedicels minutely pubescent; calyx-lobes 1.5–3 mm long; corolla blue to light violet, 5.5–11 mm long; fruit capsular; seeds with elongate alveoles"	"Lobelia pratioides"
21	"Pedicels glabrous; calyx-lobes 0.4–1.5 mm long; corolla white on both surfaces or mauve tinged abaxially, 1.8–4.5 mm long; fruit indehiscent; seeds with alveoles c. isodiametric (appearing pitted)"	"Lobelia irrigua"
22	"Leaves oblong-lanceolate to oblong-elliptic, 6–45 mm long; corolla white tinged pink externally, the lobes lanceolate-subulate, 0.4–1.3 mm wide; pedicels 3–15 mm long; seeds with alveoles c. isodiametric (appearing pitted); colonial herb usually with stout stems"	"Lobelia concolor"
22	"Leaves ovate, broadly elliptic or orbicular, 2–13 mm long; corolla white tinged blue or purplish-blue, or wholly blue, the lobes elliptic to oblanceolate-obovate, 0.5–3 mm wide; pedicels 3–100 mm long; seeds with alveoles elongate; mat- forming herb usually with relatively fine stems"	"Lobelia pedunculata"
