1	"Perianth tube 2 cm long or more"	2
1	"Perianth tube to 1.4 cm long"	3
from	statement	to
2	"Perianth tube 2–3 cm long; flowers pink to mauve"	"Ixia longituba"
2	"Perianth tube 4–7 cm long; flowers chiefly cream to yellow"	"Ixia paniculata"
3	"Stamens united into a tube, at least near base"	"Ixia fuscocitrina"
3	"Stamens free to base"	4
4	"Perianth tube to 3 mm long; leaves with midrib and margins thickened"	"Ixia campanulata"
4	"Perianth tube longer than 4 mm; leaves not thickened along midrib or margins"	"Ixia polystachya"
