from	statement	to
1	"Lower cauline leaves broad and much-divided with the terminal lobe more than 1.5 mm wide; lobes gradually becoming narrower towards the apex"	"Convolvulus angustissimus subsp. angustissimus"
1	"Cauline leaves with narrow lobes almost from base of plant; lobes <1.5 mm wide, or if wider then basal lobes spreading and clavate and terminal lobe distinctly obovate-clavate"	2
2	"Flowers 14–25 mm long; flowering pedicels 8–18 mm long"	"Convolvulus angustissimus subsp. omnigracilis"
2	"Flowers 9–14 mm long; flowering pedicels 4–8 mm long"	"Convolvulus angustissimus subsp. fililobus"
