1	"Inflorescence corymbose or paniculate; stigma 3–5-lobed"	2	
1	"Inflorescence a spike or flowers solitary or paired in axils; stigma capitate or slightly 2-lobed"	3	
from	statement	to	shortcut
2	"Leaves pinnately compound"	Sambucus	
2	"Leaves simple"	Viburnum	"Viburnum tinus"
3	"Fruit a 2-seeded drupe; ovary 4-celled"	Symphoricarpos	
3	"Fruit a many-seeded berry; ovary 2–3- or 5–8-celled"	4	
4	"Flowers in drooping, bracteate spikes; corolla more or less equally 5-lobed, c. hidden by the subtending bracts; apex of leaves long-acuminate; erect shrub; ovary 5–8-celled"	Leycesteria	"Leycesteria formosa"
4	"Flowers in axillary pairs; corolla distinctly 2-lipped, conspicuous; apex of leaves not long-acuminate; climber or scrambler; ovary 2- or 3-celled"	Lonicera	"Lonicera japonica"
