from	statement	to
1	"Awn 2 mm long or less, not conspicuously protruding beyond glumes"	"Alopecurus aequalis"
1	"Awn more than 2 mm long, clearly protruding beyond glumes"	2
2	"Spikelets (excluding awns) less than 4 mm long; margins of glumes and lemmas commonly free to base; anthers 0.7–1.8 mm long; culm often decumbent at base and rooting at lower nodes"	"Alopecurus geniculatus"
2	"Spikelets (excluding awns) 4–6 mm long; margins of glumes and lemmas connate above base; anthers 2–4 mm long; culms erect, not rooting at nodes"	3
3	"Glumes conspicuously hairy on keels and sides (hairs of keel >1 mm long), united up to 30% of their length from base"	"Alopecurus pratensis"
3	"Glumes almost glabrous (hairs confined to keel and then sparse and to c. 0.5 mm long), united for up to 50% of their length from base. See note under genus description."	"Alopecurus myosuroides"
