from	statement	to
1	"Leaves 5–12 cm long; perianth 7–9 mm long at maturity, limb c. as long as tube; plants usually much-branched and more than 1 m high when flowering"	"Conospermum mitchellii"
1	"Leaves less than 5 cm long; perianth to c. 7 mm long at maturity, limb usually less than half as long as tube; plants slender, few-branched, rarely 1 m high"	2
2	"Leaves spreading widely, arcuate, to c. 1.5 mm wide, rarely wider; common peduncles longer than branches of inflorescence; perianth usually white or bluish; far western Victoria only"	"Conospermum patens"
2	"Leaves erect or spreading, more or less straight, mostly 1.5–3 mm wide; common peduncles not significantly longer than branches of inflorescence; perianth white or cream; far eastern Victoria only"	"Conospermum taxifolium"
