from	statement	to
1	"Phyllodes not pungent-pointed, or rarely absent"	2
1	"Phyllodes pungent-pointed"	8
2	"Branchlets triangular in cross-section, to winged; flowers in regular umbel; East Gippsland only"	"Daviesia wyattiana"
2	"Branchlets somewhat angular to more or less terete; flowers in raceme, but rachis sometimes short"	3
3	"Bracts conspicuous, 2–4 mm long, spreading widely"	4
3	"Bracts inconspicuous, 0.75–2 mm long, more or less appressed to pedicel"	5
4	"Phyllode margins entire, tertiary venation obscure; inflorescence rachis usually 20–30 mm long; Grampians and Mt Cole area only"	"Daviesia laevis"
4	"Phyllode margins minutely crenate, tertiary venation reticulate and prominent; inflorescence rachis 25–80 mm long"	"Daviesia latifolia"
5	"Racemes 40–120 mm long; montane areas"	"Daviesia laxiflora"
5	"Racemes less than 25 mm long"	6
6	"Phyllodes linear, upper surface somewhat convex; venation conspicuous with a longitudinal vein near each margin"	"Daviesia leptophylla"
6	"Phyllodes ovate to obovate, rarely linear, margins flat or undulate; venation sometimes obscure, pinnate"	7
7	"Phyllodes ovate to circular, minutely crenate, glossy, green; base cordate to rounded; montane areas"	"Daviesia buxifolia"
7	"Phyllodes narrow-elliptic to narrow-obovate, usually entire, dull green or slightly glaucous; base tapered, rarely cuneate"	"Daviesia mimosoides"
8	"Phyllodes horizontally flattened or subulate; midrib apparent above or below"	9
8	"Phyllodes terete or slightly compressed vertically; midrib not apparent"	10
9	"Plants usually grey-hispid; phyllodes concave above, V-shaped in section, mid-vein prominent below"	"Daviesia arenaria"
9	"Plants glabrous or hispid; phyllodes flat or convex above, midvein prominent above"	"Daviesia ulicifolia"
10	"Phyllodes compressed vertically, strongly decurrent by a 3–10 mm broad base, usually perpendicular to the branchlets, blue-grey; Little Desert and adjacent areas only"	"Daviesia pectinata"
10	"Phyllodes terete, rarely slightly compressed, if decurrent then scarcely so, perpendicular or oblique to the branchlets, green"	11
11	"Phyllodes oblique to stem, less than 6 mm long, stout, slightly recurved; pod inflated"	"Daviesia brevifolia"
11	"Phyllodes more or less perpendicular to stem, 5–30 mm long, slender, straight; pod compressed"	12
12	"Phyllodes articulate on branchlets; pod more than 7 mm long"	"Daviesia genistifolia"
12	"Phyllodes continuous with branchlets; pod less than 7 mm long"	13
13	"Plants root-suckering; stipules absent; north-central Victoria (and possibly Grampians)"	"Daviesia schwarzenegger"
13	"Plants not root-suckering; minute (<1 mm long) stipules present; SA border to Bendigo area"	"Daviesia devito"
