from	statement	to
1	"Corolla green to yellow"	2
1	"Corolla red or pink, with green or pale lobes"	3
2	"Calyx truncate or dentate"	"Correa reflexa var. reflexa"
2	"Calyx with 4 deeply triangular lobes"	"Correa reflexa var. lobata"
3	"Calyx appearing 8-lobed; leaves narrow-oblong; Grampians and nearby areas"	"Correa reflexa var. angustifolia"
3	"Calyx truncate or 4-dentate; leaves narrow to broad ovate or cordate, rarely oblong; widespread"	4
4	"Flowers pendent, clasped between 2 reflexed foliaceous bracts"	"Correa reflexa var. reflexa"
4	"Flowers erect to pendent, not obviously clasped between 2 reflexed foliaceous bracts"	5
5	"Corolla trumpet-shaped; western Victoria"	"Correa reflexa var. scabridula"
5	"Corolla cylindric or swollen; central and eastern Victoria"	"Correa reflexa var. speciosa"
