from	statement	to
1	"Inflorescence an umbel"	"Burchardia:Burchardia umbellata"
1	"Inflorescence otherwise or flowers solitary"	2
2	"Roots fibrous with small tubers; plants semi-prostrate; flowers pedicellate, pink; leaves ovate, with undulate margins"	"Schelhammera:Schelhammera undulata"
2	"Rootstock a bulb or corm; plants erect; flowers and leaves not as above"	3
3	"Flowers pedicellate, bisexual; inner surface of perianth yellow"	"Baeometra:Baeometra uniflora"
3	"Flowers sessile, often unisexual; perianth whitish"	Wurmbea
