from	statement	to
1	"Annual, prostrate herb"	"Frankenia pulverulenta"
1	"Perennial, prostrate or ascending shrub"	2
2	"Petioles absent or to 0.7 mm long, not or hardly tapering distally; north-western Victoria only"	3
2	"Petioles 0.4–2.7 mm long, tapering or markedly narrowed distally"	4
3	"Revolute leaf-margins leaving gap through which midrib is prominent and raised; ovules c. 14–40 per carpel"	"Frankenia foliosa"
3	"Revolute leaf-margins almost meeting, midrib inconspicuous or only slightly raised, linear; ovules 2–3 per carpel"	"Frankenia sessilis"
4	"Branch-hairs appressed; petioles more or less cylindrical just below lamina"	"Frankenia crispa"
4	"Branch-hairs spreading (sometimes with curved tips); petioles more or less flattened throughout"	5
5	"Leaves c. 1–2 mm wide, upper surface glabrous or with few scattered hairs; stem-hairs c. 0.1–0.2 mm long (hardly visible under x10 hand lens); ovules 6–18 per carpel; coastal saltmarsh and north to Horsham in western Victoria"	"Frankenia pauciflora"
5	"Leaves 1–8 mm wide, upper surface glabrous or densely hairy (if glabrous then stem-hairs c 0 5 mm long or more and clearly visible with x10 hand lens); ovules 2–3 per carpel; north of Dimboola area only"	"Frankenia serpyllifolia"
