from	statement	to
1	"Leaf tips toothed, notched or deeply cleft, no longer than 12 mm; rare shrubs of Little Desert, Grampians or East Gippsland"	2
1	"Leaves entire or if ever emarginate, at least some longer than 12 mm"	3
2	"Leaves obovate, 3-toothed at apex; margins plane to slightly recurved; leaves all greyish-pubescent above and below; Grampians and East Gippsland heaths"	"Spyridium cinereum"
2	"Leaves deeply cleft, Y-shaped; margins strongly recurved; normal leaves glabrescent on upper surface; southern fringes of Little Desert"	"Spyridium furculentum"
3	"Surfaces of leaves shining from a covering of appressed silky hairs; rare, spindly shrub of southern Big Desert near South Australian border"	"Spyridium nitidum"
3	"Leaves glabrous or pubescent, but not with shining appressed hairs"	4
4	"Floral leaves white-felted, differing from stem leaves"	5
4	"Floral leaves not noticeably differing from stem leaves"	7
5	"Leaves with lateral venation indistinct, not impressed above; upper surface (other than floral leaves) glabrous; shrub of western heaths"	"Spyridium vexilliferum"
5	"Leaves with lateral veins impressed above and with prominent lateral venation; upper surfaces (other than floral leaves) glabrous or hispid"	6
6	"Leaves narrow-elliptic, at least twice as long as wide; Grampians only"	"Spyridium x ramosissimum"
6	"Leaves broadly ovate to broadly obovate, less than twice as long as wide; widespread shrub, including Grampians"	"Spyridium parvifolium"
7	"Leaves oblong or narrowly ovate to narrowly obovate, obtuse, at least when young usually greyish from a covering of fine stellate hairs; margins recurved to revolute, but undersurface usually partly exposed"	"Spyridium subochreatum"
7	"Leaves linear, sharp-pointed or mucronate, glabrous; margins revolute, under-surface not or barely visible"	8
8	"Stipules obtuse to acute but lacking fine-acuminate apices; flowers virtually sessile in dense, button-like heads"	"Spyridium eriocephalum"
8	"Stipules with fine-acuminate apices; flowers distinctly pedicellate, in subumbellate cymes; Grampians only"	"Spyridium daltonii"
