from	statement	to
1	"Leaf margins sinuate or lobed; inflorescence branches winged"	2
1	"Leaves entire; inflorescence branches terete or angular, but not winged"	3
2	"Leaves and flowering branches glabrous, or leaves ciliate along the margin only; calyx pale blue, with 5 more or less acute, membranous lobes alternating with 5 bristle-like projections; annual"	"Limonium lobatum"
2	"Leaves and flowering branches hispid or scabrous; calyx bright blue or purplish (rarely white), inconspicuously lobed; perennial"	"Limonium sinuatum"
3	"Leaves acute or narrowly obtuse, mostly more than 6 cm long; inflorescence branches angular or ribbed"	"Limonium australe"
3	"Leaves broadly obtuse to rounded or emarginate, to c. 5 cm long; inflorescence branches terete"	4
4	"Calyx-lobes with midrib extended to apex; annual or short-lived perennial with slender taproot"	"Limonium companyonis"
4	"Calyx-lobes with midrib terminating c. 0.5–1 mm below apex; perennial with rather stout, woody rootstock"	"Limonium hyblaeum"
