from	statement	to
1	"Tree to 40 m tall; leaves of mature crown broadly lanceolate to lanceolate, 9–14 cm long; forest trees of East Gippsland"	"Eucalyptus polyanthemos subsp. longior"
1	"Small, spreading trees; leaves of mature crown orbicular to ovate, rarely lanceolate, 4–8 cm long"	2
2	"Adult leaves glaucous; buds waxy; spreading trees of eastern and central Victoria"	"Eucalyptus polyanthemos subsp. vestita"
2	"Adult leaves green or blue-green; buds non-waxy; small trees or mallees of North-and West-central Victoria, the eastern Wimmera and the Brisbane Ranges"	"Eucalyptus polyanthemos subsp. marginalis"
