from	statement	to
1	"Stems hairy; hairs symmetrically or asymmetrically medifixed"	2
1	"Stems glabrous or hairy; hairs basifixed or laterally attached at base"	8
2	"Leaflets with a circular, yellow apical gland"	"Swainsona adenophylla"
2	"Leaflets lacking an apical gland"	3
3	"Flowers predominantly orange and yellow; stipules 3-lobed, the central lobe longest"	"Swainsona stipularis"
3	"Flowers predominantly purple or pink; stipules entire"	4
4	"Stem-hairs at least 0.5 mm long"	5
4	"Stem-hairs mostly to 0.5 mm long"	6
5	"Flowers mostly 10–15 mm long; keel longer than wings; leaflets usually truncate to emarginate with a central point"	"Swainsona phacoides"
5	"Flowers 7–11 mm long; keel about as long as wings; leaflets usually acute  to acuminate"	"Swainsona sericea"
6	"Leaflets narrowly acute with recurved point; racemes mostly 3–11-flowered; base of calyx spirally twisted"	"Swainsona murrayana"
6	"Leaflets acute or subacute to emarginate, sometimes mucronate; racemes mostly 3–25-flowered; base of calyx not spirally twisted"	7
7	"Leaflets 13–21; keel apex not twisted; widespread coastal plant"	"Swainsona lessertiifolia"
7	"Leaflets 3–11 per leaf; keel apex often twisted; rare plant of the north-west"	"Swainsona purpurea"
8	"Stems moderately to densely hairy"	9
8	"Stems glabrous or sparsely hairy"	15
9	"Stem-hairs mostly appressed, ends sometimes raised"	10
9	"Stem-hairs spreading, antrorsely divergent or curved"	11
10	"Leaflets narrow-elliptic to elliptic, 2–10 mm wide; flowers predominantly purple; coastal plants"	"Swainsona lessertiifolia"
10	"Leaflets cuneate to suborbicular, 1–5 mm wide; flowers predominantly purple, pink or white; inland plants"	"Swainsona microphylla"
11	"Leaves with 21–41 leaflets; leaflets broad-cuneate to orbicular, 1–5 mm long"	"Swainsona microphylla"
11	"Leaves with 5–25 leaflets; leaflets obovate to elliptic or narrow-lanceolate, mostly 5–40 mm long"	12
12	"Stem-hairs spreading or antrorsely curved; keel apex conspicuously twisted"	"Swainsona swainsonioides"
12	"Stem-hairs spreading or antrorsely divergent; keel apex not conspicuously twisted"	13
13	"Erect shrub to 2 m tall; leaflets 15–25; flowers 20–25 mm long; bracts 5–10 mm long; calyx with white-woolly pubescence"	"Swainsona greyana"
13	"Prostrate or ascending herbs to 15 cm tall; leaflets 5–15; flowers 5–10 mm long; bracts 1–4 mm long; calyx pubescence not white-woolly"	14
14	"Leaflets mostly opposite, the terminal longer than laterals; stipules usually forming an abaxial ridge; calyx hairs mostly dark brown to black; keel apex twisted; upper part of style not wing-like"	"Swainsona behriana"
14	"Leaflets often all irregular; stipules not usually forming an abaxial ridge; calyx hairs dark, light or mixed; keel apex barely twisted; upper part of style winglike"	"Swainsona reticulata"
15	"Stipules leaf-like, broad-ovate, often obliquely so, mostly more than 5 mm wide, 4–15 mm long; flowers yellow"	"Swainsona pyrophila"
15	"Stipules triangular to triangular-acuminate, mostly less than 5 mm wide, 1–10 mm long; flowers not yellow"	16
16	"Apices of leaflets narrow and long-tapering"	"Swainsona recta"
16	"Apices of leaflets obtuse, retuse or emarginate, if acute then not long-tapering"	17
17	"Flowers 5–10 mm long; stipules 1–5 mm long"	18
17	"Flowers 8–20 mm long (very rarely shorter); stipules 2–15 mm long"	20
18	"Leaves mostly with 21–41 leaflets; leaflets broad-cuneate to orbicular, 1–5 mm long"	"Swainsona microphylla"
18	"Leaves with 3–23 leaflets; leaflets narrow-elliptic to (ob)ovate, 1–20 mm long"	19
19	"Stems glabrous or with tubercles bearing minute hairs; leaflets 1–4 mm wide; pods on stipe 2–3 mm long"	"Swainsona brachycarpa"
19	"Stems densely or sparsely pubescent, not tuberculate; leaflets 3–10 mm wide; pods on stipe less than 2 mm long"	"Swainsona luteola"
20	"Keel apex obtuse and obscurely lipped; stipules 2–5 mm long"	"Swainsona galegifolia"
20	"Keel apex strongly upcurved, recurved or coiled; stipules 2–15 mm long"	21
21	"Keel apex strongly upcurved; style less than 10 mm long, tip straight"	"Swainsona plagiotropis"
21	"Keel apex strongly recurved or coiled; style more than 10 mm long, tip curved"	22
22	"Stem-hairs sparse, minute and appressed or absent; keel usually twisted in a complete circle, tip yellow"	"Swainsona procumbens"
22	"Stem-hairs dense or sparse, c. 0.5 mm long, curved or spreading; keel usually twisted in an incomplete circle, tip blue"	"Swainsona swainsonioides"
