from	statement	to
1	"Leaves more or less narrow-elliptic, at least the longer ones more than 30 mm; inflorescences 3–8-floweredmostly with more than one flower and peduncles apparent"	"Philotheca myoporoides subsp. myoporoides"
1	"Leaves obovate, cuneate or broad-elliptic, 10–20(–35)mm long, up to 12 mm wide; inflorescences 1–3(–4)-flowered"	2
2	"Leaves broad-elliptic, strongly conduplicate and falcate; Strathbogie Ranges"	"Philotheca myoporoides subsp. euroensis"
2	"Leaves obovate to cuneate; Gippsland"	3
3	"Leaves apiculate; peduncle to 2 mm long, often barely apparent; Suggan Buggan area"	"Philotheca myoporoides subsp. brevipedunculata"
3	"Leaves not apiculate; peduncle 2.2–3 mm long; Buchan River catchment"	"Philotheca myoporoides subsp. petraeus"
