from	statement	to
1	"Inflorescence a solitary flower"	"Moraea fugacissima"
1	"Inflorescence of 2 or more flowers"	2
2	"Style with petaloid branches, each covering a stamen, with 2 erect crests exceeding the flap-shaped stigma (Iris-shaped flowers)"	3
2	"Style without petaloid branches and crests absent; stamens exposed"	5
3	"Herbs more than 50 cm tall; flowers yellow; inner perianth more than 2.5 cm long, erect"	"Moraea spathulata"
3	"Herbs less than 40 cm tall; flowers white or purple; inner perianth less than 2.5 cm long, erect to spreading or trifid, and at least the central lobe spreading"	4
4	"Herbs less than 20 cm tall; flowers purple with a yellow mark on the outer perianth; inner perianth entire, obtuse"	"Moraea setifolia"
4	"Herbs more than 20 cm tall; flowers white with deep blue mark on the outer perianth; inner perianth reduced, trifid, lateral lobes obtuse, central lobe acute"	"Moraea aristata"
5	"Flower clusters arranged laterally along the inflorescence"	6
5	"Flower clusters terminal on the branches of the inflorescence"	7
6	"Perianth tube absent; capsule extended beyond the bracts"	"Moraea lewisiae"
6	"Perianth tube c. 5 mm long; capsule included within the bracts"	"Moraea virgata"
7	"Leaves 2 or 3, sub-basal; bulbils produced in the axils"	"Moraea miniata"
7	"Leaf solitary, inserted above ground level; bulbils absent"	8
8	"Lower primary bracts 2–6 cm long; style crests c. 1 mm long, acute"	"Moraea flaccida"
8	"Lower primary bracts 6–7 cm long; style crests vestigial and obtuse or absent"	"Moraea ochroleuca"
