from	statement	to
1	"Leaves glabrous on upper surface, pubescent and yellowish or rusty below; tepals densely pubescent on outside"	"Lomatia fraseri"
1	"Leaves glabrous or almost so on both surfaces; tepals more or less glabrous"	2
2	"Leaves ovate to lanceolate or oblong-elliptic, usually less than 4 times as long as broad, long-petiolate, margins coarsely and pungently toothed; widespread shrub to 1 (–2) m high"	"Lomatia ilicifolia"
2	"Leaves linear to narrowly oblong to lanceolate, usually more than 8 times as long as broad, sessile or very shortly petiolate, margins with a few distant teeth to almost entire; large shrub or small tree 3–5 m high, mostly riparian"	"Lomatia myricoides"
