from	statement	to
1	"Leaves with recurved to revolute margins, discolorous; fruit 6–8 mm diam., blue or purplish; rare shrub of far East Gippsland"	"Santalum obtusifolium"
1	"Leaves with flat margins, more or less concolorous; fruit 7–30 mm diam., blue, red, brownish or purplish; shrubs or small trees from northern and north-western Victoria"	2
2	"Flowers 4–8 mm long; disc with prominent lobes; fruit 7–10 mm diam.; extremely rare tree from the Wangaratta and Robinvale areas"	"Santalum lanceolatum"
2	"Flowers 2–3.5 mm long; disc obscurely lobed; fruit 15–30 mm diam"	3
3	"Leaves always opposite, 3–9 cm long, 3–15 mm wide, not uncinate; stigma 2-lobed; perianth persistent in fruit; ripe fruit sweet"	"Santalum acuminatum"
3	"Leaves often in threes, 1.5–3.5 cm long, 1.5–4 mm wide, uncinate; stigma 3-lobed; perianth deciduous in fruit; ripe fruit very bitter"	"Santalum murrayanum"
