from	statement	to
1	"Axillary inflorescences all or mostly single-flowered (rarely some 2- or 3-flowered) with subtending bracts and bracteoles collectively more than 3; bracts and bracteoles often difficult to distinguish from one another and grading in size to the sepals"	2
1	"Axillary inflorescences single-flowered, spicate or racemose, individual flowers subtended by a solitary persistent or caducous (sometimes leaf-like) bract and two bracteoles"	4
2	"Staminal filaments broad and distinctly flattened, ± fleshy; stamens not or barely exserted from corolla tube; corolla red or orange"	"Styphelia humifusa"
2	"Staminal filaments slender, terete to slightly flattened; stamens distinctly exserted beyond corolla tube; corolla white, yellow or pinkish"	3
3	"Prostrate or decumbent shrub; leaves 8–32 mm long; sepals 7–13.5 mm long; corolla tube 12.5–20 mm long, the interior surface with a ring of hairs towards the base; Grampians to eastern Victoria"	"Styphelia adscendens"
3	"Erect shrub; leaves 3.2–9 mm long; sepals 2.4–3.2 mm long; corolla tube 3–4.3 mm long, the interior surface glabrous in the lower half; Big Desert"	"Styphelia exarrhena"
4	"Leaves distinctly concave on upper surface"	"Styphelia rufa"
4	"Leaves flat or convex"	5
5	"Leaves obovate to ovate or suborbicular; obtuse at apex (but sometimes shortly mucronate); western"	6
5	"Leaves narrow, tapered at base, acute (rarely obtuse) and often pointed at apex; eastern, except widespread L. ericoides"	8
6	"Leaves tapered at base; flowers pendent"	"Styphelia woodsii"
6	"Leaves truncate to cordate at base; flowers erect"	7
7	"Leaves ovate to broadly ovate, less than 2 mm wide, lower surface with very short hairs between veins; flowers normally solitary (sometimes paired)"	"Styphelia clelandii"
7	"Leaves broadly ovate to orbicular, 3–12 mm wide, wider than long, both surfaces glabrous; flowers normally paired (sometimes solitary or in 3s)"	"Styphelia cordifolia"
8	"Leaves erect, flat, sometimes slightly twisted, mostly longer than 15 mm; ovary 2-locular; localized on poorly drained, near-coastal heaths in the far east"	"Styphelia esquamata"
8	"Leaves spreading to ascending, usually distinctly convex (if leaves ever flat then habitat not as above), rarely to 15 mm long"	9
9	"Flowers several in short, erect axillary spikes"	10
9	"Flowers solitary or paired (rarely in clusters of 3)"	11
10	"Leaves dull, usually roughened or variously hairy, margins strongly recurved to revolute; usually on sandy soils"	"Styphelia ericoides"
10	"Leaves smooth and shining above, glabrous, margins rather weakly recurved; apparently confined to gorge tracts of Snowy River"	"Styphelia riparia"
11	"Corolla lobes up to half as long as tube; corolla tube clearly exceeding sepals"	12
11	"Corolla lobes subequal to or distinctly longer than tube; corolla tube not exceeding sepals"	13
12	"Corolla tube 2.5–4.5 mm long; lobes about half as long as tube; trailing to decumbent shrub"	"Styphelia nesophila"
12	"Corolla tube 5–7 mm long; lobes only about one-quarter as long as tube; erect shrub"	"Styphelia sieberi"
13	"Flowers erect; style only 0.5–0.9 mm long, not reaching throat of corolla tube"	"Styphelia attenuata"
13	"Flowers pendent; style 4–7 mm long, exceeding throat of corolla tube"	"Styphelia fletcheri"
