from	statement	to
1	"Leaves linear to narrow-lanceolate, 10–18 times as long as wide; slender twiner of the north-west Mallee"	"Marsdenia australis"
1	"Leaves oblong to broad-ovate, less than 5 times as long as wide; robust twiners of moist eastern forests"	2
2	"Leaves oblong-lanceolate, lower surface densely pubescent; flowers in compound cymes, yellowish; corolla-lobes glabrous inside; follicle fusiform"	"Marsdenia flavescens"
2	"Leaves broad-oblong to broad-ovate, lower surface glabrous; flowers in simple umbels, whitish; corolla-lobes hairy inside near base; follicle ovoid"	"Marsdenia rostrata"
