from	statement	to
1	"Leaves entire, toothed, or with a pair of small basal lobes, white or grey-tomentose on both surfaces; coastal perennial"	"Arctotheca populifolia"
1	"Leaves pinnatisect, green above, white-tomentose beneath; widespread annual (rarely perennial)"	2
2	"Annual, never rooting at nodes; disc florets black; cypselas woolly; pappus of small scales"	"Arctotheca calendula"
2	"Perennial, rooting at nodes; disc florets yellow; cypselas glabrous or somewhat hairy but never woolly; pappus absent"	"Arctotheca prostrata"
