from	statement	to
1	"Leaves tapering distally; margin minutely serrulate distally; stigma peltate, c. 1.5- 2 mm wide with margin entire"	"Lepilaena australis"
1	"Leaves ± same width throughout; margin entire and smooth; stigma ± obliquely funnel-shaped, 0.2–0.6 mm wide with margin entire or deeply fringed (in L. bilocularis)"	2
2	"Stigma deeply and narrowly divided, hence 'feathery'; stamen with a single 2-locular anther"	"Lepilaena bilocularis"
2	"Stigma with margin entire and smooth to irregular; androecium ('stamen') with a 6-locular anther mass"	3
3	"Mature fruit longer than subtending scales and extending beyond the leaf-sheath, pedicel elongated after fertilization"	"Lepilaena cylindrocarpa"
3	"Mature fruit shorter than subtending scales and usually not extended beyond the leaf-sheath, pedicel remaining short"	4
4	"Plants monoecious with female flowers clustered together with male flowers; stigma c. 0.2 mm wide; leaf auricles 0.9–1.4 mm long"	"Lepilaena preissii"
4	"Plants dioecious with female flowers occurring singly some distance from each other; stigma 0.3–0.5 mm wide; leaf auricles 1.5–2.5 mm long"	5
5	"Leaf auricles 2–2.5 mm long; pedicels at anthesis elongated to 10–15 mm long; stigma c. 0.3–0.5 mm wide"	"Lepilaena marina"
5	"Leaf auricles 1.5–1.8 mm long; pedicels at anthesis elongated to c. 2.5 mm long; stigma 0.2–0.3 mm wide"	"Lepilaena patentifolia"
