from	statement	to
1	"Corolla tubular, more than 20 mm long; stamens usually slightly exserted"	2
1	"Corolla more or less campanulate, up to 10 mm long; stamens included in corolla"	4
2	"Plants covered in long gland-tipped hairs, leaves usually in whorls of 4; flowers pink or white with red longitudinal ridges"	"Erica glandulosa:Erica glandulosa subsp. glandulosa"
2	"Plants with short eglandular hairs, mostly restricted to stems; leaves in whorls of 3; flowers red, sometimes greenish or yellow at tips"	3
3	"Bracteoles c. 6 mm long, subtending sepals; sepals more than 7 mm long; petals tubular or trumpet-shaped, red with greenish or yellow tips; anther filaments attached at towards base of anthers"	"Erica discolor"
3	"Bracteoles c. 1 mm long, near base of pedicle; sepals less than 4 mm long; petals tubular, tube and lobes red; anthers with high dorsal attachment"	"Erica cruenta"
4	"Corolla magenta-pink, globose, 4-angled; sepals subequal to corolla"	"Erica baccans"
4	"Corolla white to pale pink, urceolate to campanulate, not or hardly 4-angled; sepals less than half as long as the corolla"	5
5	"Young stems invested with shortly branched hairs; flowers white or cream"	"Erica arborea"
5	"Young stems with simple hairs only; flowers often pinkish"	6
6	"Corolla distinctly narrowed toward mouth (i.e. broadest above level of separation of lobes); lower bracteole of 3 inserted some distance below the upper pair"	"Erica lusitanica"
6	"Corolla not or hardly narrowed toward mouth (lobes arising at about the widest point); lower bracteole of 3 inserted immediately below upper pair, the 3 appearing ± whorled"	7
7	"Rounded shrubs, often divaricately branched; angle between corolla lobes acute"	"Erica quadrangularis"
7	"Plants erect; angle between corolla lobes conspicuously rounded"	"Erica mauritanica"
