from	statement	to
1	"Leaves narrow-linear with revolute margins, mostly less than 2 cm long and less than 3 mm wide; female flowers sessile"	2
1	"Leaves oblong-linear, flat, 2–7 cm long, 3–8 mm wide; female flowers on stout peduncles 1–5 mm long"	3
2	"Branchlets and young foliage more or less glabrous; leaves resinous and sticky; male perianth lobes c. 2 mm long; ovary glabrous; upper Mitchell, Snowy and Wellington Rivers"	"Bertya cunninghamii"
2	"Branchlets and young foliage greyish or yellowish from the stellate indumentum; leaves non-resinous; male perianth lobes c. 4 mm long; ovary usually densely stellate-hairy; north-west Victoria and upper Mitta Mitta River"	"Bertya tasmanica"
3	"Young branchlets with pale golden-yellow indumentum; petioles 1.5–3.5 mm long; eastern Vic."	"Bertya findlayi"
3	"Young branchlets with whitish indumentum; petioles 0.9–1.5 mm long; Grampians"	"Bertya grampiana"
