1	"Most leaves more than 3 cm long"	2
1	"Most leaves less than 3 cm long"	3
from	statement	to
2	"Leaves elliptic, ovate or obovate, leaf length to width ratio c. 2, rarely more than 60 mm long"	"Cotoneaster glaucophyllus"
2	"Leaves narrowly elliptic, oblong or obovate, leaf length to width ratio c. 2.5 or more, mostly more than 60 mm long"	"Cotoneaster ×watereri"
3	"Leaves white-tomentose below"	4
3	"Leaves sparsely appressed-hairy below"	5
4	"Leaves 20–35 mm long, upper surface glabrescent, shiny, veins conspicuous; flowers pinkish; fruit bright orange-red"	"Cotoneaster franchetii"
4	"Leaves 12–25 mm long, upper surface glabrous, dull, veins inconspicuous; flowers white; fruit dull red"	"Cotoneaster pannosus"
5	"Flowers usually in 3s, short-pedicelled; leaves 17–36 mm long; shrub to c. 2 m high or more; branches more or less erect"	"Cotoneaster simonsii"
5	"Flowers usually 1–2 together, subsessile; leaves 5–14 mm long; shrub to c. 0.5 m high; branches spreading almost horizontally"	"Cotoneaster horizontalis"
