from	statement	to
1	"Lemma glabrous except for basal hair-tuft and occasionally a few sparse hairs near the awn-base"	2
1	"Lemma more or less covered by silky hairs in the lower half"	4
2	"Rachilla jointed between florets which readily separate at maturity"	"Avena fatua"
2	"Rachilla not jointed between florets which fall united at maturity"	3
3	"Lemma shallowly bifid, not bristle-tipped at apex; awn mostly 15–20 mm long, occasionally absent"	"Avena sativa"
3	"Lemma apex produced into one or two fine bristles 3–9 mm long; awn 20–35 mm long"	"Avena strigosa"
4	"Rachilla jointed between florets which fall separately at maturity; awn slender, mostly less than 40 mm long"	5
4	"Rachilla not jointed between florets which fall united at maturity; awn stout, mostly more than 40 mm long"	6
5	"Lemma apex deeply bifid, tapered to setiform lobes 3–5 mm long; body of lemma densely hairy in lower half"	"Avena barbata"
5	"Lemma apex shallowly bifid, lacking setiform lobes; body of lemma usually rather sparsely hairy"	"Avena fatua"
6	"Glumes 30–50 mm long; lemma of lower floret 23–30 mm long; awn 60–90 mm long"	"Avena sterilis"
6	"Glumes 20–30 mm long; lemma of lower floret 14–23 mm long; awn 30–60 mm long"	"Avena ludoviciana"
