from	statement	to
1	"Inner involucral bracts 3.8–5 mm long; leaves silvery-white"	"Argyrotegium mackayi"
1	"Inner involucral bracts usually 5 mm or more (if ever 5 mm, then leaves grey-green)"	2
2	"Inflorescence of a single capitulum"	"Argyrotegium nitidulum"
2	"Inflorescence of several capitula"	3
3	"Leaves silvery-white, 5 mm wide or more; inflorescence of 5–15 capitula"	"Argyrotegium fordianum"
3	"Leaves grey-green, rarely wider than 4 mm; inflorescence of 3–5(–7) capitula"	"Argyrotegium poliochlorum"
