from	statement	to
1	"Inner involucral bracts without radiating laminae or the laminae less than 1 mm long; corolla 3–4-lobed"	2
1	"Inner involucral bracts with radiating white or yellow laminae more than 2 mm long; corolla 5-lobed"	3
2	"Leaves terete, not fleshy; entire plant sparsely hairy"	"Hyalosperma demissum"
2	"Leaves elliptic to obovate, fleshy; entire plant manifestly hairy"	"Hyalosperma stoveae"
3	"Inner involucral bracts usually white (rarely yellow); outer bracts acute, smaller than but otherwise resembling inner bracts; all bracts widely spreading at anthesis (the capitulum c. hemispherical)"	"Hyalosperma praecox"
3	"Inner involucral bracts yellow; outer bracts obtuse or rounded, colourless or brownish; the outer bracts and basal, non-coloured parts of inner bracts c. erect at anthesis (the capitulum c. cup-shaped)"	4
4	"Pappus bristles plumose in the upper half, and dilated toward base and variably united into a sheath; cypsela smooth or minutely papillose; expanded capitula more than 15 mm diam."	"Hyalosperma glutinosum"
4	"Pappus bristles plumose throughout, not or hardly dilated, united only at base; cypsela strongly papillose; expanded capitula mostly up to 13 mm diam."	"Hyalosperma semisterile"
