from	statement	to
1	"Corolla 15–20 mm long; leaves at least 5 times as long as wide"	"Lycium afrum"
1	"Corolla 8–12 mm long; leaves usually less than 5 times as long as wide"	2
2	"Corolla-lobes about a quarter the length of corolla; stamens included or scarcely exserted; leaves thick and fleshy, usually 1.5–5 mm wide"	"Lycium australe"
2	"Corolla-lobes one-third to half the length of corolla; stamens much exserted; leaves slightly fleshy, at least some more than 5 mm wide"	3
3	"Lateral branches mostly shorter than 10 mm, leafless, ending in a spine or not; leaves mostly ovate; berry more or less ellipsoid"	"Lycium barbarum"
3	"Lateral branches mostly longer than 10 mm, leafy, ending in a spine; leaves mostly obovate; berry more or less globose"	"Lycium ferocissimum"
