from	statement	to
1	"Prostrate, mat-forming herb; leaves 0.2–1.1 cm long; alps and subalps"	"Gratiola nana"
1	"Erect to procumbent herbs; leaves 0.5–4.5 cm long; lowlands to montane areas"	2
2	"Pedicels 8–26 mm long; sessile glands with globular heads conspicuous on the leaves, bracteoles and sepals; branches, pedicels, bracteoles and sepals usually finely glandular-pubescent when young"	"Gratiola pedunculata"
2	"Pedicels less than 7 (–12) mm long; sessile glands conspicuous or obscure; indumentum of glandular and eglandular hairs variable"	3
3	"Sessile glands with conspicuous globular heads on the leaves, bracteoles and sepals; sepals and bracteoles finely glandular-pubescent; pedicels 1–2.5 mm long"	"Gratiola pubescens"
3	"Sessile glands obscure, evident as hollows on the leaves, bracteoles and sepals; sepals and bracteoles sparsely hairy with eglandular hairs and/or finely glandular-pubescent to glabrous; pedicels 0.5–8 (–12) mm long"	4
4	"Leaves ovate to somewhat elliptic or broadly so, usually 6–27 mm wide; style (on young capsules) 1.8–3.5 mm long; corolla pink, white in parts"	"Gratiola peruviana"
4	"Leaves narrow-ovate to narrow-elliptic, 1–8 mm wide; style (on young capsules) usually 1.3–1.8 mm long; corolla white"	"Gratiola pumilo"
