from	statement	to
1	"Most midlaminal cells less than 20 µm long; stems and branches always julaceous; leaves always deeply concave"	Lembophyllum
1	"Most midlaminal cells greater than 20 µm long; stems and branches julaceous or with leaves complanate; leaves deeply to weakly concave"	2
2	"Apex of branch leaves sharply acute, acuminate or abruptly mucronate; stems usually with an ascending unbranched stipe section leading to a branched frond section"	Camptochaete
2	"Apex of branch leaves rounded to broadly acute; stems not clearly differentiated into clear stipe and frond sections"	3
3	"Plants small, with secondary stems to c. 4 cm long, growing in rough mats or wefts; laminal cells prorulate"	Fallaciella
3	"Plants large, to 25 cm long or more, growing in wefts or pendents; laminal cells not markedly prorulate"	Weymouthia
