from	statement	to
1	"Outer side of leaves rounded, stem appearing rounded; cone with columella sometimes angular but not lobed"	2
1	"Outer side of leaves keeled, stem appearing angular (more evident in dried specimens); columella in cone 3-lobed or with 3–4 separate parts"	4
2	"Cones never with warts; cone scales thin, separating to base; straight tree with single trunk, to 20 m high"	"Callitris glaucophylla"
2	"Cones usually slightly to profusely warty; cone scales thick, fused at base"	3
3	"Cones with or without scattered warts; straight tree with single trunk, generally 5–15 m tall"	"Callitris gracilis"
3	"Cones entirely covered with small, resinous warts; small stunted tree, trunks often several, generally less than 5 m tall"	"Callitris verrucosa"
4	"Cones smooth, ovoid, distinctly longer than broad; alternate cone scales much larger, evenly tapered to apex"	"Callitris oblonga"
4	"Cones smooth or wrinkled, ovoid to globose; alternate cone scales larger,  narrowing abruptly toward apex"	5
5	"Cone drying blackish, wrinkled or not wrinkled; cone scales more or less narrowing upwards, with small sharp projection near apex"	"Callitris endlicheri"
5	"Cone drying brown and wrinkled; alternate cone scales widening upwards, with bold, broadly conical dorsal protuberance"	"Callitris rhomboidea"
