from	statement	to	shortcut
1	"Leaves imparipinnate; flowers with or without a corolla"	Fraxinus	
1	"Leaves simple or trifoliolate; flowers with a corolla"	2	
2	"Leaves trifoliolate; corolla-lobes 5–6; rare Mallee climber or scrambler"	Jasminum	"Jasminum didymum subsp. lineare"
2	"Leaves trifoliolate; corolla-lobes 5–6; rare Mallee climber or scrambler"	Jasminum	"Jasminum didymum"
2	"Leaves simple; corolla-lobes 4"	3	
3	"Flowers in simple racemes; corolla-lobes united only at very base"	Notelaea	
3	"Flowers in panicles or fascicles; corolla-lobes united into at least a short tube"	4	
4	"Flowers in axillary fascicles; fruit a globose drupe c. 10 mm diam"	Phillyrea	
4	"Flowers in terminal or axillary panicles; fruit a globose berry less than 9 mm diam., an ellipsoidal drupe or a capsule"	5	
5	"Panicles mostly axillary; leaves usually densely covered with peltate scales on lower surface; fruit an ellipsoidal drupe 15–25 mm long"	Olea	"Olea europaea subsp. europaea"
5	"Panicles mostly axillary; leaves usually densely covered with peltate scales on lower surface; fruit an ellipsoidal drupe 15–25 mm long"	Olea	"Olea europaea"
5	"Panicles terminal or from lateral buds at the end of a shoot; leaves glabrous, or pubescent when young; fruit a berry or capsule"	6	
6	"Fruit a globose berry 5–8 mm diam.; panicles terminal; anthers exserted from corolla-tube; flowers white or cream"	Ligustrum	
6	"Fruit a capsule 12–18 mm long; panicles from lateral buds at the end of a shoot; anthers included in corolla-tube; flowers usually lilac or sometimes white"	Syringa	"Syringa vulgaris"
