from	statement	to
1	"At least some leaves more than trifoliolate"	"Cullen tenax"
1	"Leaves mostly trifoliolate (rarely some unifoliolate)"	2
2	"Terminal leaflet more or less sessile; leaflet margins entire"	3
2	"Terminal leaflet petiolulate and distant from lateral ones; leaflet margins toothed; north-west Victoria only"	4
3	"Petals twice as long as calyx; ovary glabrous; pod black, wrinkled"	"Cullen microcephalum"
3	"Petals slightly exceeding calyx; ovary and pod white-pubescent"	"Cullen parvum"
4	"Calyx 2–3 mm long, usually shorter than pod"	"Cullen cinereum"
4	"Calyx 3.2–10 mm long, usually longer than pod"	5
5	"Plant a shrub with erect, much-branched stems, 0.5–2.5 m tall; inflorescence interrupted"	"Cullen australasicum"
5	"Plant herbaceous with prostrate or ascending stems, usually less than 0.5 m tall; inflorescence continuous"	6
6	"Stems ascending then decumbent; corolla equal to or scarcely exceeding calyx"	"Cullen pallidum"
6	"Stems usually prostrate; corolla exceeding calyx by c. 1 mm"	7
7	"Peduncle when in early flower mostly more than 26 mm long, more than 0.4 times the length of subtending leaf; corolla usually purple distally, white towards base"	"Cullen patens"
7	"Peduncle when in early flower mostly less than 26 mm long, less than 0.4 times the length of subtending leaf; corolla usually white with a purplish blotch on keel"	"Cullen discolor"
