from	statement	to
1	"Perianth segments less than 7 mm long; plants annual; leaves flat to subterete"	2
1	"Perianth segments more than 7 mm long; plants perennial; leaves channelled, subterete or terete"	3
2	"Seeds winged; capsule 4–9 mm long; all staminal filaments hairy below anther"	"Bulbine alata"
2	"Seeds not winged; capsule 2–5 mm long; inner 3 stamens bearded"	"Bulbine semibarbata"
3	"Mature leaves somewhat flaccid, hollow, pale to dark green; stamens bunched, anthers partially obscured by acute or clavate filament hairs; generally with tuberous rootstock"	"Bulbine bulbosa"
3	"Mature leaves not flaccid, glaucous or grey-green; stamens grouped or spreading, anthers not obscured by hairs on filaments; rootstock not tuberous"	4
4	"Scapes 2–6 mm diam.; all stamens bearded; leaves glaucous"	"Bulbine glauca"
4	"Plants robust, scapes 7–10 mm diam.; inner stamens bearded, outer stamens glabrous or sparsely hairy; leaves generally not glaucous"	"Bulbine crassa"
