from	statement	to
1	"Anther connectives without (or with only a few) surrounding hairs; corollas white, with purple striations in tube and hood, often extending onto lobes, or striations sometimes lacking"	"Euphrasia crassiuscula subsp. eglandulosa"
1	"Anther connectives surrounded by usually dense (but sometimes sparse) hairs; corollas white to deep lilac or purple, with purple striations on tube and hood only or striations completely absent"	2
2	"Glandular hairs absent except on corolla; corollas white to deep lilac or purple"	"Euphrasia crassiuscula subsp. crassiuscula"
2	"Glandular hairs present on lower parts of branches and lower leaves, sometimes extending to the bracts and calyces; corolla pale to deep lilac or purple"	"Euphrasia crassiuscula subsp. glandulifera"
