from	statement	to
1	"Sepals more than 15 mm long, each tapered to a fine long point; leaf bluntly toothed (sometimes minutely)"	"Acianthus caudatus"
1	"Sepals less than 15 mm long, terminating in a shorter point; never thread-like; leaf not toothed"	2
2	"Petals spreading, not reflexed towards the ovary; dorsal sepal hooded closely over column"	3
2	"Petals reflexed towards the ovary; dorsal sepal not hooded closely over column"	4
3	"Dorsal sepal 6–8 mm long, usually somewhat warty; labellum all or mostly reddish-purple; north-east Victoria"	"Acianthus collinus"
3	"Dorsal sepal 9–12 mm long, smooth or very nearly so; labellum wholly green or green and maroon; near-coastal far east Victoria"	"Acianthus fornicatus"
4	"Labellum 6–7 mm long, ovate-cordate, base of lamina truncate to cordate"	"Acianthus exsertus"
4	"Labellum 3–5 mm long, oblong-ovate to ovate-lanceolate, base of lamina broadly wedge-shaped or squarish with rounded corners"	"Acianthus pusillus"
