from	statement	to
1	"Spikelets densely silky-hairy on adaxial surface; panicle branches stiffly spreading; uncommon perennials of dry areas"	2
1	"Spikelets glabrous to shortly pubescent; panicle branches not stiff; annuals (or short-lived perennials) of disturbed or irrigated areas"	4
2	"Panicle branches not whorled, bearing spikelets virtually to base, remaining suberect at maturity"	"Digitaria brownii"
2	"Lower panicle branches whorled, devoid of spikelets in the lower 2 cm or more, widely spreading at maturity"	3
3	"Spikelets 2–3 mm long; leaf margins strongly crimped"	"Digitaria ammophila"
3	"Spikelets 3–4.5 mm long; leaf margins plane or weakly undulate"	"Digitaria divaricatissima"
4	"Spikelets less than 2.5 mm long"	5
4	"Spikelets 2.6–3.7 mm long"	6
5	"Inflorescence not digitate, branches spaced along main axis; spikelets bearing short acute hairs (often obscure); native perennial"	"Digitaria diffusa"
5	"Inflorescence digitate or subdigitate; spikelets with club-shaped hairs; weedy annual"	"Digitaria ischaemum"
6	"Inflorescence digitate, generally with 4–10 racemes; upper glume up to half as long as the  spikelet; common and widespread summer to early autumn-active weed"	"Digitaria sanguinalis"
6	"Inflorescence of 2 or 3 racemes (rarely more); upper glume as long as the spikelet; currently known from Mallacoota area only."	"Digitaria aequiglumis"
