from	statement	to
1	"Leaves in ranks of 5 (this sometimes obscured when dry); operculum rostrate with a long thin bent apex; peristome teeth absent or smooth and joined at the apex"	Conostomum
1	"Leaves not ranked; operculum convex to umbonate; peristome teeth absent or papillose and not joined at the apex"	2
2	"Leaves plicate at least at the base"	Breutelia
2	"Leaves not plicate"	3
3	"Leaf lamina 2- or 3-stratose, at least in patches or at the margins; leaf base broadened, hyaline and sheathing or if without a differentiated base, leaves appressed when dry"	Bartramia
3	"Leaf lamina unistratose; leaves never with a differentiated base or appressed when dry"	Philonotis
