from	statement	to
1	"Lemmas with at least the inner pair of apical teeth ending in a bristle 2–4 mm long"	"Amphibromus archeri"
1	"Apical teeth of lemma not bristle-tipped"	2
2	"Plants usually stoloniferous; awns straight or gently curved"	3
2	"Plants tufted; awns with a strong bend at or below midway"	4
3	"Lowest lemma in spikelet less than 6 mm long; spikelets (excluding awns) (6–)9–15 mm long; florets up to 10 per spikelet"	"Amphibromus fluitans"
3	"Lowest lemma in spikelet more than 6 mm long; spikelets (excluding awns) 12–21 mm long; florets up to 7 per spikelet"	"Amphibromus sinuatus"
4	"Lemma densely hispid, the 4 apical teeth more or less equal; awn scarcely twisted; lemma mostly less than 5 mm long; spikelet mostly less than 10 mm long"	"Amphibromus recurvatus"
4	"Lemma scabrous or papillose, apical teeth 2 or 4, if 4 then the outer pair usually poorly developed; awn twisted near base; lemma mostly more than 5 mm long (occasionally shorter in A. neesii); spikelet more than 10 mm long"	5
5	"Ligule less than 5 mm long; lemma swollen in lower half"	"Amphibromus pithogastrus"
5	"Ligule more than 6 mm long (rarely as short as 4.5 mm in A. neesii); lemma not obviously swollen"	6
6	"Awn inserted in the upper one-third of lemma which is rather abruptly tapered above the point of insertion"	"Amphibromus neesii"
6	"Awn inserted in middle one-third of lemma which is not abruptly tapered above the point of insertion"	7
7	"Apex of lemma elongate, papery, (2–) 4-toothed; lemma strongly scabrous on back in lower half; awn inserted at or below midway on lemma (50–60% of the total lemma length from apex)"	"Amphibromus macrorhinus"
7	"Apex of lemma evenly tapered from widest part, 2-toothed (sometimes with an outer pair of much reduced teeth); lemma smooth to scabrous on back in lower half; awn inserted at or slightly above midway (40–55% of lemma length from apex)"	"Amphibromus nervosus"
