from	statement	to
1	"Lemma with a moderately dense to dense covering of hairs, with or without a row of hairs below the sinus and another above the callus"	2
1	"Lemma with hairs in distinct transverse rows (although these sometimes incomplete), otherwise glabrous or occasionally with scattered hairs between the rows, or lemma glabrous except for marginal tufts of hairs"	12
2	"Hairs of lemma more or less uniform in length"	3
2	"Hairs of lemma elongating gradually from the base to the sinus or the upper row of hairs distinctly longer than the remainder"	5
3	"Central awn of lemma not or barely longer than lateral lobes, palea broad, obtuse, not or barely exceeding sinus"	"Rytidosperma geniculatum"
3	"Central awn of lemma distinctly longer (by at least 2 mm) than lateral lobes, palea narrow and exceeding sinus by 2 mm or more"	4
4	"Lemma mostly 4–5 mm long, central awn strongly twisted in lower 3–5 mm; robust, caespitose grass usually with finely inrolled leaves (channelled in alpine forms), 20–40 cm long, and culms often exceeding 1 m"	"Rytidosperma pallidum"
4	"Lemma mostly 2.5–4 mm long, central awn weakly (once or twice) twisted in lower 1.5–2.5 mm; rhizomatous grass producing sparse tufts of channelled to inrolled leaves to 15 cm long, and culms to 60 cm high"	"Rytidosperma lepidopodum"
5	"Hairs of lemma uniformly short (0.5–1.2 mm) except for a conspicuously longer upper series (c. 3 mm long); lemma less than 3 mm long with narrow lateral lobes"	6
5	"Hairs of lemma mostly longer than 1.2 mm long, increasing in length incrementally from basal to upper series, or, if the upper series suddenly longer, lateral lobes broad; lemma more than 3 mm long"	7
6	"Culms mostly 4–6-noded; hairs of greater part of lemma c. 1 mm long; lateral lobes of lemma exceeding the upper series of hairs by 2–4 mm; typically of drier, raised, often rocky sites"	"Rytidosperma longifolium"
6	"Culms mostly 3-noded; hairs of greater part of lemma c. 0.5 mm long; lateral lobes of lemma not or hardly exceeding the upper series of hairs (rarely exceeding hairs by 2–3 mm); typically of damp or sandy lowland sites"	"Rytidosperma semiannulare"
7	"Lateral lobes of lemma no longer than lemma body, and usually not longer than upper hairs of lemma; lemma surface granular (but sometimes obscured by hairs); plants usually less than 40 cm high, with compact, ovate panicles, to c. 4 cm long"	"Rytidosperma carphoides"
7	"Lateral lobes of lemma longer than lemma body (rarely subequal in rare, northern R. richardsonii) and exceeding upper hairs of lemma; lemma surface smooth; plants usually more than 40 cm high with linear to lanceolate inflorescences, usually 5 cm long or more"	8
8	"Palea exceeding sinus of lemma by 3 mm or more, or if less, then palea approaching or exceeding midway along the lateral lemma lobes"	9
8	"Palea exceeding sinus of lemma by up to 2.5 mm, never reaching midway on the lateral lemma lobes"	10
9	"Lemma 4–5.5 mm long, lateral lobes of lemma with setiform tips, at least 5 mm long in all, central awn strongly twisted in basal 4–6 mm; palea reaching to about halfway along lateral lemma lobes"	"Rytidosperma indutum"
9	"Lemma 3–4 mm long, lateral lobes without setiform tips, less than 5 mm long, central awn weakly twisted in basal c. 2 mm; palea approaching tips of lateral lobes"	"Rytidosperma lepidopodum"
10	"Palea broadly obovate, obtuse, exceeding the sinus of the lemma by no more than 1 mm; lateral lobes of lemma rather broad, membranous at base, scarcely or very shortly setiform at the tips"	"Rytidosperma richardsonii"
10	"Palea lanceolate to narrowly ovate, tapered to a narrow but truncate, often twisted apex, distinctly exceeding sinus (by 1–2.5 mm); lateral lobes of lemma attenuate into the distinct but often short setae"	11
11	"Base of central awn copper-coloured and strongly twisted near base; inflorescence mostly 6–12 cm long; glumes 12–18 mm long; culms often more than 50 cm high"	"Rytidosperma fulvum"
11	"Base of central awn pale and twisted no more than twice near base; inflorescence mostly 2–6 cm long; glumes 7–13 mm long; culms mostly less than 50 cm high"	"Rytidosperma bipartitum"
12	"Lemma with only dorsal and/or marginal tufts of hairs below the sinus (rarely with an almost complete upper series in R. racemosum and R. pilosum) or with hairs lacking (excluding the callus region which may be hairy)"	13
12	"Lemma with a complete row of hairs below the sinus (rarely with one or two tufts suppressed in some forms of R. setaceum)"	18
13	"Lateral lobes of lemma shorter than body (or apparently absent) which is only 1.5–2.5 mm long; hairs (other than those of the callus) either totally lacking, reduced to marginal tufts or rarely, sparsely scattered over back of lemma; grass of alpine bogs, heathland or gravely creek beds"	14
13	"Lateral lobes of lemma at least as long as lemma body which is more than 2.5 mm long (or rarely only 2 mm long in R. pilosum), lemma body with at least some hair"	15
14	"Rhizomatous or tufted grass; culms to c. 30 cm high; lemma with cental awn more than 2 mm long, exceeding lateral lobes"	"Rytidosperma nivicola"
14	"Turf-forming rhizomatous grass; culms to 8 cm high; lemma with a minute cental awn less than 0.5 mm long, lateral lobes obscure or apparently absent"	"Rytidosperma australe"
15	"Hairs of lemma reduced to marginal and callus tufts; leaves rigid, usually strongly flexed at the sheath-blade junction; alps and subalps"	"Rytidosperma nudiflorum"
15	"Some tufts of hairs present on dorsal surface of lemma as well as callus"	16
16	"Callus of all but the lowest florets in a spikelet elongate, 1.5–2 mm long, the upper florets far exceeding the glumes as a consequence; lateral lobes of lemma contracted rather suddenly into the setae; inflorescence very slender, often interrupted and appearing racemose"	"Rytidosperma racemosum"
16	"Callus not elongate, to c. 1 mm long; lateral lobes of lemma tapered evenly into the setae; inflorescence various"	17
17	"Palea lanceolate to oblanceolate, exceeding sinus of lemma by c. 1 mm; base of central awn usually pale, not strongly twisted and often less than 0.3 mm wide; inflorescence commonly very slender, often interrupted and drooping"	"Rytidosperma penicillatum"
17	"Palea obovate to oblanceolate, not or barely exceeding (by up to 0.5 mm) sinus of lemma; base of central awn usually dark, strongly twisted and rather stout, more than 0.3 mm wide; inflorescence commonly dense and ovate, but occasionally slender"	"Rytidosperma pilosum"
18	"Lemma less than 3 mm long (rarely to 3.5 mm long in the variable R. setaceum)"	19
18	"Lemma 3 mm long or more"	20
19	"Body of lemma rather broad (at least half as wide as long), triangular or more or less ovate in outline, lateral lobes with short (2–4 mm) setae; palea obovate, barely exceeding sinus; rather rare grass, mostly in and around the goldfields"	"Rytidosperma monticola"
19	"Body of lemma narrow, oblong to narrow-triangular in outline, lateral lobes with very fine setae 4–9 mm long (or the lobes 3–4 mm overall); palea narrow-elliptic to lanceolate, shortly exceeding sinus; very common widespread and variable species"	"Rytidosperma setaceum"
20	"Lemma hairs confined to the lemma margins and a transverse row just below the base of the awn, or rarely also with just a few hairs along a transverse line just above the callus; consequently affording a completely uninterrupted view of most of the particularly shiny lemma surface"	"Rytidosperma laeve"
20	"Lemma with a row or expanse of hairs just above the callus, the hairs interrupting the view of most of the dorsal surface of the lemma (perhaps only slightly)"	21
21	"Lemma with the row of hair tufts just above the lemma callus with a gap in the middle due to the absence of two of the ten tufts that make up a complete row (magnification required); hairs on the lemma callus not reaching the row above; base of mature inflorescence usually not or scarcely exserted from the subtending leaf sheath; habitat semi-arid to arid"	"Rytidosperma robertsoniae"
21	"Lemma with a complete row of hair tufts just above the callus; at least one other character not matching the above"	22
22	"Palea narrow, exceeding sinus of lemma by 2 mm or more and approaching setiform part of lateral lobes; lemma often with scattered hairs between the upper and lower series"	23
22	"Palea various, exceeding sinus by up to 2.5 mm but never approaching setiform part of lateral lobes; lemma usually quite glabrous between upper and lower series"	24
23	"Culms to c. 30 cm high; inflorescence dense, 2–5 cm long; leaves rigid, folded; subalpine to alpine grass of exposed crags"	"Rytidosperma alpicola"
23	"Culms mostly more than 40 cm high; inflorescence rather loose, to 15 cm long; leaves not rigid, closely inrolled; lowland to foothills grass, never subalpine or alpine"	"Rytidosperma indutum"
24	"Membranous margins of lateral lobes of lemma ending abruptly in a distinct triangular lobe; body of lemma broad; palea obovate; leaves mostly fine with spreading hairs; panicle short, ovate, with few spikelets"	"Rytidosperma auriculatum"
24	"Margins of lateral lobes without conspicuous triangular lobes, rarely a minute 'shoulder' present at the base of the setiform part of the lobe"	25
25	"Body of lemma shining golden brown at maturity; lower branch(es) of panicle rather long, often bare at base and reflexed at anthesis; grass typically of heavy soils prone to inundation"	"Rytidosperma duttonianum"
25	"Body of lemma remaining pale (rarely maturing to golden brown in some forms of R. caespitosum); lower branches of inflorescence not long or reflexed at anthesis"	26
26	"Lemma more or less oblong in outline, mostly more than 4 mm long, the twisted part of the central awn commonly exceeding the hairs of the upper series; palea oblong to narrow-lanceolate, the apex membranous and commonly notched"	27
26	"Lemma triangular in outline, mostly less than 4 mm long, the twisted part of the central awn commonly exceeded by the hairs of the upper series; palea broad-lanceolate to obovate, firm"	28
27	"Lateral lobes of lemma exceeding twisted base of central awn by 2 mm or more; body of lemma remaining pale at maturity; glumes not strongly purple-tinted; very widespread grass, but not usually inhabiting swampy ground"	"Rytidosperma caespitosum"
27	"Lateral lobes of lemma exceeding twisted base of central awn by less tha 2 mm; body of lemma usually brown and shining at maturity; glumes strongly purple-tinted; apparently confined to swamps in the far south-west with an isolated occurrence in outer eastern suburbs of Melbourne"	"Rytidosperma aff. caespitosum (South-west swamps)"
28	"Leaf-blades fine, inrolled (less than 1 mm diam.); lemma with hair-tufts of upper series commonly subtended by crescentic swellings, lemma quite glabrous between series; setiform part of lateral lobes 3 mm long or more, usually about as long as lower flat part; inflorescence ovate, compact or loose, 2–7 cm long; typically of dryish sites, rarely above 600 m altitude"	"Rytidosperma erianthum"
28	"Leaf-blades flat or folded, more than 1 mm broad; lemma without crescentic swellings below hair-tufts, commonly with scattered hairs between series; setiform part of lateral lobes less than 3 mm, always shorter than lower flat part; inflorescence mostly linear or narrowly spreading, mostly more than 7 cm long, or if ever ovate and under 7 cm long, a species of alps and subalps (R. oreophilum)"	29
29	"Body of lemma rather thin-textured, dull, with prominent nerves (the nerves continuing within the lateral lobes); palea exceeding sinus by 1.5–2.5 mm, evenly tapered to the narrow, often pleated or twisted, narrowly truncate apex; mostly of drier, often rocky areas"	30
29	"Body of lemma firm, shining, without raised nerves; palea exceeding sinus by up to c. 1 mm, rather abruptly tapered to the obtuse apex; typically of damper sites and subalps"	31
30	"Base of central awn copper-coloured and strongly twisted near base; inflorescence mostly 6–12 cm long; glumes 12–18 mm long; culms often more than 50 cm high"	"Rytidosperma fulvum"
30	"Base of central awn pale and twisted no more than twice near base; inflorescence mostly 2–6 cm long; glumes 7–13 mm long; culms mostly less than 50 cm high"	"Rytidosperma bipartitum"
31	"Glumes more or less twice as long as aggregated florets; palea pilose between keels; inflorescence usually more or less linear; mostly lowlands"	"Rytidosperma tenuius"
31	"Glumes only slightly longer than aggregated florets; palea glabrous between keels; inflorescence ovate; mostly rocky sites in alps and subalps"	"Rytidosperma oreophilum"
