from	statement	to
1	"Inflorescence up to 2 cm long, usually barely exceeding the leaves (flowers sometimes solitary); lower petal 4–8 mm long; leaf lamina to 3.5 cm long; north-western and north-central Victoria"	"Pigea floribunda"
1	"Inflorescence 2.5–20 cm long and far exceeding the leaves, or flowers solitary; lower petal 7–20 mm long; leaf-lamina to 9 cm long; eastern Victoria"	2
2	"Flowers in raceme; leaf-lamina to 9 cm long; mostly montane"	"Pigea monopetala"
2	"Flowers solitary; leaf-lamina to 4.5 cm long; coastal heaths and damp depressions"	"Pigea vernonii"
