1	"Plants creeping or prostrate; alpine or subalpine"	2
1	"Plants more or less erect; lowlands to alps"	5
2	"Seeds with a pale cellular rim"	3
2	"Seeds without a pale cellular rim"	4
from	statement	to
3	"Tips of stems often somewhat ascending; coma absent from seeds"	"Epilobium curtisiae"
3	"Plant completely prostrate; coma present on seeds"	"Epilobium willisii"
4	"Plant completely prostrate; leaves opposite throughout, margins entire or with few weakly developed teeth"	"Epilobium brunnescens"
4	"Tips of stems often somewhat ascending; leaves opposite on lower stems, alternate near inflorescences, margins with sparse, shallow teeth"	"Epilobium tasmanicum"
5	"Seeds with a pale cellular rim surrounding ventral face; mainly damp situations at high altitudes"	"Epilobium gunnianum"
5	"Seeds without a pale cellular rim"	6
6	"Plants with a dense covering of conspicuous long, spreading non-glandular hairs; leaves mostly alternate or opposite"	7
6	"Stems and leaves lacking long, spreading non-glandular hairs; leaves mostly opposite, at least on lower parts of stems"	8
7	"Erect perennial to c. 1.2 m high with an indumentum of fine spreading hairs c. 0.5 mm long; leaves mostly alternate, linear to narrow-lanceolate, often grey-green; petals to 8 mm long"	"Epilobium hirtigerum"
7	"Robust perennial to c. 2.5 m high with an indumentum of large, spreading, often straight hairs c. 1–2 mm long; leaves mostly opposite, lanceolate-elliptic to narrow-elliptic, green; petals more than 8 mm long"	"Epilobium hirsutum"
8	"Dead leaves often retained on base of stems; inner surface of hypanthium glabrous or with very sparse tufts between stamen bases; fruiting pedicel 1.5–5 cm long; mainly dry, rocky slopes at high altitudes"	"Epilobium sarmentaceum"
8	"Dead leaves not normally retained on base of stems; inner surface of hypanthium with a line of hairs between stamen bases; fruiting pedicel usually less than 3 cm long"	9
9	"Petals to 5.5 mm long; papillae on seeds arranged in obvious longitudinal lines"	"Epilobium ciliatum"
9	"Petals 3–14 mm long; papillae on seeds not arranged in obvious longitudinal lines"	10
10	"Inflorescences erect; flowers usually less than 2 cm across"	"Epilobium billardiereanum"
10	"Inflorescences nodding; flowers large and showy, 2 cm or more across"	"Epilobium pallidiflorum"
