from	statement	to
1	"Bracts and sepals prominently serrate; stamens 4; plant with glandular and eglandular hairs"	"Verbascum creticum"
1	"Bracts and sepals more or less entire; stamens 5"	2
2	"Leaves grey to whitish or yellowish, from a dense woolly to tomentose or sometimes floccose indumentum; inflorescence dense, the flowers and fruits closely packed; basal leaves entire or crenate"	"Verbascum thapsus"
2	"Leaves more or less green, glabrous or sparsely hairy"	3
3	"Flowering and fruiting pedicels 10–25 mm long, much longer than subtending bracts; 1 pedicel at each node; basal leaves lobed to toothed, glabrous or almost so"	"Verbascum blattaria"
3	"Flowering and fruiting pedicels less than 10 mm long, usually 2–5 mm long and much shorter than subtending bracts; 1–5 pedicels at each node; basal leaves regularly toothed, sparsely hairy to glabrous"	"Verbascum virgatum"
