from	statement	to
1	"Internodes with single line of hairs between nodes"	2
1	"Internodes entirely glabrous to uniformly hairy, without line of hairs between nodes"	3
2	"Petals present; only lower leaves petiolate; sepals 4–6 mm long; stamens 3–5; seeds dark reddish-brown, more than 0.9 mm long"	"Stellaria media"
2	"Petals absent; most leaves petiolate; sepals 2–4(–4.5) mm long; stamens 1–3; seeds yellowish to mid brown, rarely dark, less than 0.9 mm long"	"Stellaria pallida"
3	"Flowers numerous in a much-branched inflorescence, usually a dichasium"	4
3	"Flowers solitary and axillary, or in a monochasium, sometimes interrupted"	6
4	"Plant with basal rosette of filiform leaves and scarious, linear to ovate stem leaves; capsule far exceeding sepals; petals reduced, less than half sepal length"	"Stellaria filiformis"
4	"Plant with leaves ovate to linear throughout, lacking a basal rosette; capsule equal to or shortly exceeding sepals; petals c. equal to or exceeding the sepals"	5
5	"Inflorescence leaves and sepals occasionally toothed or scabrous, but never ciliate; capsule valves slightly recurved at apex; seeds (0.7–)1.0–1.4(–2) mm long"	"Stellaria angustifolia"
5	"Inflorescence leaves and some sepal-margins ciliate; capsule valves straight; seeds, 0.5–1 mm long"	"Stellaria graminea"
6	"Petals obvious, slightly less than, equal to or much longer than sepals"	7
6	"Petals not obvious, if present then less than half length of sepals, less than 2 mm long"	9
7	"Leaves appearing petiolate, spathulate, ovate or elliptic, margins usually undulate"	"Stellaria flaccida"
7	"Leaves sessile, narrow-ovate, lanceolate to linear, margins flat"	8
8	"Leaves and sepals acute and pungent, rigid, margins often sparsely ciliate; stems densely to sparsely tomentose"	"Stellaria pungens"
8	"Leaves and sepals obtuse to acute but never pungent or rigid, margins glabrous or scabrous, never ciliate; stems glabrous to scabrous"	"Stellaria angustifolia"
9	"Fruiting pedicels absent or short, usually less than 1 mm; seeds 2–3 per capsule; capsule valves thickened and papillate"	"Stellaria papillata"
9	"Fruiting pedicels 1–20 mm long; seeds 5–25 per capsule; capsule valves thin, semi-transparent, not papillate"	10
10	"Leaves all petiolate; sepal-apex obtuse; petals absent; stamens 1–3"	"Stellaria pallida"
10	"Leaves mostly sessile; sepal-apex acute; petals 3–5, rarely absent, minute, often reduced to a single arm; stamens (2–)3–10"	"Stellaria multiflora"
