1	"Flowers bisexual; leaves pinnate; plants deciduous"	2
1	"Flowers unisexual (but female flowers sometimes with staminodes); leaves ternate to triternate, rarely simple; plants evergreen"	3
from	statement	to
2	"Sepals pubescent along margins of lower surface, elsewhere sparsely pubescent or glabrous; leaflets 12–15"	"Clematis flammula"
2	"Sepals densely pubescent on both upper and lower surfaces; leaflets usually 5"	"Clematis vitalba"
3	"Anthers with a sterile apical appendage (short in C. glycinoides); leaves mostly once-ternate, widest ultimate leaflets mostly more than 15 mm wide, margins entire or toothed"	4
3	"Anthers without a sterile apical appendage; leaves mostly biternate to triternate, ultimate leaflets no more than c. 12 mm wide, margins entire or lobed"	5
4	"Anther appendage pointed, 1 mm long or more; anthers 2–3.5 mm long; leaflets usually dull, with toothed margins; widespread vine of wet forests"	"Clematis aristata"
4	"Anther appendage blunt, c. 0.5 mm long; anthers c. 1.5 mm long; leaflets glossy, with entire (very rarely obscurely toothed) margins; east of Melbourne only"	"Clematis glycinoides"
5	"Leaflets 9(–12), up to 6 cm long, rarely lobed"	"Clematis microphylla"
5	"Leaflets more than 12, up to 4.5 cm long, lobed or entire"	6
6	"Leaflets 18–36, oblong to obovate, terminal leaflet 0. 5–1.5(–2.5) cm long; drier areas in the east"	"Clematis leptophylla"
6	"Leaflets 12–15, narrow-ovate to oblong, terminal leaflet 1.2–4.5 cm long; mostly in southern and western Victoria"	"Clematis decipiens"
