from	statement	to
1	"Stipe and rachis with long, fine, dark, red-brown bristles; Otway Range and southern part of Eastern Highlands"	"Lastreopsis hispida"
1	"Stipe and rachises with soft hairs or scales, or stipe glabrous"	2
2	"Fronds tufted; lamina usually 2-pinnate (sometimes 3-pinnate), few hairs only on rachises and veins; stipe glossy with a pinkish tinge; indusium lacking glands; widespread"	"Lastreopsis acuminata"
2	"Fronds separated along a creeping rhizome; lamina 3–4-pinnate, with numerous hairs, particularly on veins; stipe dull, fawn to brown; indusium with glands; far East Gippsland only"	3
3	"Rhizome thick and shortly creeping; stipe glabrous; pinnules with apices acuminate, mucronate or apiculate; sori c. 0.5 mm in diameter, indusium not persistent, glandular-hairy around margin"	"Lastreopsis decomposita"
3	"Rhizome narrow and widely creeping; stipe minutely hairy underneath; pinnules with apices obtuse or broadly rounded; sori c. 1 mm or more in diameter; indusium persistent, glandular-hairy near centre"	"Lastreopsis microsora"
