from	statement	to
1	"Leaves rounded or cordate at base, without basal lobes; sepals enlarging and united in fruit; capsules depressed-globose; seeds pitted"	"Kickxia spuria"
1	"At least some leaves hastate or sagittate; sepals not enlarging, free in fruit; capsules more or less globose; seeds tuberculate or pitted"	2
2	"Capsules 2–2.5 mm diam., thick-walled; seeds tuberculate; pedicels 1.5–10 times as long as the subtending leaves"	"Kickxia commutata"
2	"Capsules 3–4 mm diam., thin-walled, fragile; seeds pitted; pedicels 0.8–3 times as long as the subtending leaves"	"Kickxia elatine"
