1	"Stamens surrounding the 3 or rarely 1–5 carpels"	2
1	"Stamens in a single group on one side of the 2 carpels"	15
2	"Ovary glabrous; leaf-base flat and stem-clasping"	3
2	"Ovary hairy; leaf-base raised to some extent in relation to petiole and not stem-clasping"	9
from	statement	to
3	"Leaves ± glabrous, cuneate to spathulate, usually lobed at or just below the apex; carpel 1"	"Hibbertia monogyna"
3	"Carpels 2–5; leaves not as above, when present, lobes irregular and/or not restricted to near the apex"	4
4	"Climber; stamens arranged in a continuous ring around carpels"	"Hibbertia dentata"
4	"Prostrate to erect shrubs; stamens in 5 more or less distinct groups around carpels"	5
5	"Leaf-margin shortly recurved; central vein visible on much of the lamina"	6
5	"Leaf-margin indistinct, spreading to incurved; central vein below visible only at the base of lamina"	7
6	"At least some leaves toothed or lobed; bracts and outer sepals acute"	"Hibbertia diffusa"
6	"Leaves entire; bracts and outer sepals obtuse to rounded"	"Hibbertia obtusifolia"
7	"Stems prostrate with distinct internodes; carpels 3–5"	"Hibbertia procumbens"
7	"Stems erect, spreading or decumbent and without internodes on short shoots; carpels 3"	8
8	"All leaf-axils with long or short shoots"	"Hibbertia fasciculata"
8	"Few leaf-axils with short or long shoots"	"Hibbertia virgata"
9	"Branches with stellate hairs each with more than 5 branches"	10
9	"Branches with simple hairs, or if with few stellate hairs then each hair with fewer than 5 branches"	11
10	"Branches and undersurface of leaves covered with tubercle-based stellate hairs under larger stalked stellate hairs"	"Hibbertia hermanniifolia"
10	"Branches and undersurface of leaves covered with more or less similar sized tubercle-based stellate hairs"	"Hibbertia spathulata"
11	"Flowers sessile; erect to spreading woody shrubs"	"Hibbertia ericifolia"
11	"Flowers pedunculate; generally procumbent wiry shrublets"	12
12	"Petals less than 8 mm long; vestiture largely non-persistent, plants glabrescent"	13
12	"Petals usually more than 8 mm long; plants hirsute, sometimes only sparsely so, branches and leaves with long simple hairs"	14
13	"Central ridge distant from revolute margins, exposing leaf undersurface; leaves usually more than 4.5 mm long; sepals more than 4.5 mm long"	"Hibbertia exponens"
13	"Leaf undersurface completely obscured by the revolute margins; leaves mostly less than 4.5 mm long; sepals less than 4.5 mm long"	"Hibbertia exposita"
14	"Vestiture of simple hairs; lower leaf surface ± glabrous"	"Hibbertia porcata"
14	"Vestiture of simple and stellate hairs; lower leaf surface stellate-hairy"	"Hibbertia samaria"
15	"Leaves with pointed or beaked apex, lower surface glabrous or with simple hairs"	16
15	"Leaves with apex obtuse to rounded, rarely acute, lower surface and/or margins with stellate, or stellate and simple hairs"	20
16	"Flowers pedunculate"	17
16	"Flowers sessile or peduncle less than 3 mm long"	18
17	"Bract below calyx awn-shaped; leaves awned at apex"	"Hibbertia acicularis"
17	"Bract at base of peduncle blunt; leaves acute at apex with deciduous terminal tuft of hairs"	"Hibbertia rufa"
18	"Sepals pubescent; leaves pubescent to glabrescent with age"	"Hibbertia calycina"
18	"Sepals glabrous; leaves papillose, rarely with rudimentary hairs"	19
19	"Carpels glabrous; leaf apex beaked and with few terminal hairs"	"Hibbertia cistiflora"
19	"Carpels hairy; leaf apex pointed and with single terminal hair"	"Hibbertia exutiacies"
20	"Leaves linear, usually less than 6 mm long and 1.3 mm wide"	21
20	"Leaves otherwise, if linear then at least 5 mm long and usually more than 1 mm wide"	22
21	"Leaves and branches with tubercule-based stellate hairs"	"Hibbertia torulosa"
21	"Leaves and branches mostly with simple hairs, stellate hairs not tubercule-based, and largely confined to lower leaf surface"	"Hibbertia dispar"
22	"Leaves relatively thin-textured, elliptic to obovate, more or less flat, margins plane to recurved, the lower lamina apparent between the margin and midrib"	23
22	"Leaves thickish,  linear to narrowly elliptic, the lower lamina often more or less obscured by the midrib and revolute margins"	29
23	"Undersurface of leaves sparsely hairy and mainly with hooked simple hairs"	24
23	"Undersurface of leaves densely stellate-hairy with or without scattered hooked simple hairs"	25
24	"Stamens 5–9; at least some stellate hairs present on the central vein on lower surface of leaves, branches, and calyx; simple hairs usually spreading to erect"	"Hibbertia empetrifolia"
24	"Stamens 9–12; plants with very few stellate hairs, stellate hairs absent on the central vein; simple hairs usually appressed"	"Hibbertia appressa"
25	"Petals shorter than sepals; styles overtopping anthers; branches without simple hairs; upper and lower leaf surfaces with ± equally dense cover of stellate hairs"	"Hibbertia pallidiflora"
25	"Petals longer than sepals; styles ± equal to anthers; plants otherwise not as above"	26
26	"Sepals stellate-pubescent, with layer of distinctly longer simple hairs; stamens 10–12"	27
26	"Sepals stellate-pubescent, if ever with scattered longer simple hairs then flowers with less than 9 stamens"	28
27	"Upper surface of adult leaves prominently stellate-hairy; bracts at least half the length of sepals; Wilsons Promontory"	"Hibbertia hirticalyx"
27	"Upper surface of adult leaves mostly with simple hairs; bracts usually less than half the length of sepals; Howe Range, far east corner of Victoria"	"Hibbertia notabilis"
28	"Stamens 4–6(–9); stems usually with some simple hairs; leaves obolanceolate to obovate, mostly up to 7 mm wide (fast-growing young leaves sometimes larger); East Gippsland"	"Hibbertia aspera"
28	"Stamens 10–12; stems lacking simple hairs; leaves broad-obovate, usually more than 7 mm wide; near-coastal, west of Cape Otway"	"Hibbertia truncata"
29	"Leaves below with central ridge not visibly continued into apex; undersurface visible between central ridge and revolute margins, at least on some leaves"	30
29	"Leaves below with central ridge continued into apex; undersurface often not visible between central ridge and revolute margins"	32
30	"Flowers pedunculate and/or nodding after flowering"	"Hibbertia humifusa"
30	"Flowers sessile and remaining erect after flowering"	31
31	"Flowers sessile in terminal clusters, rarely on short shoots with leaves, if single then branches pubescent to tomentose"	"Hibbertia sericea"
31	"Flowers single, sessile on very short shoots so that they appear to be axillary along the branches; branches almost glabrous"	"Hibbertia sessiliflora"
32	"Tufts of hairs between petals and stamens present; flowers surrounded and often hidden by 3–7 bract-like leaves"	"Hibbertia crinita"
32	"Tufts of hairs between petals and stamens absent; flowers subtended by, and usually well exceeding 1–few small bracts"	33
33	"Flowers on peduncles more than 5 mm long; plants lacking simple hairs, branches and calyx moderately to densely stellate hairy"	"Hibbertia australis"
33	"Flowers sessile, or if ever on peduncles more than 5 mm long then branches glabrescent or plants with some simple hairs"	34
34	"Plants greyish, pubescent to hirsute; vestiture entirely of stellate hairs (except for tufts of simple hairs in leaf axils), sepals with layers of short and distinctly larger (3–8 times longer) stellate hairs"	"Hibbertia setifera"
34	"Plants various, pubescent to glabrescent; vestiture of stellate and/or simple hairs, sepals lacking a layer of distinctly longer (no more than 2 times longer) stellate hairs"	35
35	"Leaves with scattered short, antrorse, few-branched stellate hairs; sepals with long antrorse simple hairs, sometimes with smaller stellate hairs; northern slopes of the Great Dividing Range east of Benalla"	"Hibbertia strigosa"
35	"Leaves and sepals with erect to spreading stellate or simple hairs, sometimes becoming glabrous"	36
36	"Branches pubescent, or if glabrescent, then with distinct tufts of long hairs in leaf axils; when present, simple hairs on leaves and sepals straight, rarely hooked"	"Hibbertia riparia"
36	"Branches sparsely hairy to glabrescent, lacking tufts of long hairs in leaf axils; when present, simple hairs on leaves and sepals usually hooked"	"Hibbertia devitata"
