from	statement	to
1	"Stem present; leaves cauline (sometimes a basal rosette also present)"	2
1	"Stem reduced, hence leaves in a basal rosette"	6
2	"Leaves linear, not peltate"	"Drosera finlaysoniana"
2	"Leaves hemispherical, more or less peltate"	3
3	"Stem scrambling or climbing, weak; leaves regular, circular in outline, peltate"	"Drosera macrantha"
3	"Stem more or less erect, self-supporting; leaves irregular, more or less lunate, subpeltate"	4
4	"Sepals glabrous; basal rosette usually absent; seeds cylindrical, >0.8 mm long"	"Drosera auriculata"
4	"Sepals hairy; basal rosette usually present; seeds variable in shape, rarely cylindrical,  <0.8 mm long"	5
5	"Stem leaves 1–5 mm diam.; seeds ovoid or obovoid with surface shallowly elongate-reticulate; stems usually thread-like, unbranched or branching from base"	"Drosera peltata"
5	"Stem leaves 4–10 mm diam.; seeds fusiform, often curved, with surface deeply pitted; stem short and robust, unbranched or branching towards apex or at base"	"Drosera hookeri"
6	"Leaf-lamina once or twice divided into narrow-linear lobes"	"Drosera binata"
6	"Leaf-lamina entire, not linear"	7
7	"Stipules present"	8
7	"Stipules absent or fused to base of lamina and so appearing absent"	10
8	"Stipules more or less entire, fused to base of petiole, 1–2 (–2.5) mm long"	"Drosera glanduligera"
8	"Stipules variously divided"	9
9	"Stipules 3-partite distally, 3–5 mm long; sepals, petals and stamens each 4"	"Drosera pygmaea"
9	"Stipules laciniate, 5–7 mm long; sepals, petals and stamens each 5"	"Drosera spatulata"
10	"Leaves sheathing at base; lamina linear to narrowly oblong; petiole slightly narrower than lamina"	"Drosera arcturi"
10	"Leaves not sheathing at base; lamina spathulate to obovate, gradually tapering into an indistinct petiole"	11
11	"Petals orange or red, 4–5 mm long; tuber absent"	"Drosera glanduligera"
11	"Petals white, rarely pink, 8–12 mm long; tuber present"	"Drosera aberrans"
