from	statement	to
1	"Lemma summit without a corona (but sometimes with an interrupted ring of bristles or spines to 0.5 mm long around the awn-base)"	2
1	"Lemma summit with a corona of firm tissue armed at the apex with spines or cilia"	3
2	"Awn 2–3.5 cm long; floret 1.5–2 mm long"	"Nassella trichotoma"
2	"Awn 4.5–9 cm long; floret 2–3 mm long"	"Nassella tenuissima"
3	"Lemma 3.5–6 mm long, including callus to 1 mm long"	"Nassella hyalina"
3	"Lemma more than 6 mm long, callus more than 1 mm long"	4
4	"Corona at least half as long as (and sometimes longer than) lemma body"	"Nassella charruana"
4	"Corona less than half as long as lemma body"	5
5	"Summit of corona ciliate, with erect hairs, 0.6–1.5 mm long at maturity; glumes 11–15 mm long; awns 35–60 mm long; inflorescence usually far exceeding leaves"	"Nassella leucotricha"
5	"Summit of corona with slightly divergent spines, 0.2–0.5 mm long at maturity; glumes 16–25 mm long; awns 60–90 mm long; inflorescence usually subequal to leaves"	"Nassella neesiana"
