from	statement	to
1	"Tepals (and to a lesser extent leaves and branchlets) covered in a mixture of glistening, hollow, curled-linear, branched and rounded vesicular hairs"	"Chenopodium desertorum subsp. desertorum"
1	"Tepals and vegetative parts with rounded vesicular hairs only"	2
2	"Plants erect, often somewhat spinescent; inflorescences usually exceeding upper leaves"	"Chenopodium desertorum subsp. rectum"
2	"Plants prostrate to decumbent, not spinescent; inflorescences usually shorter than leaves"	3
3	"Leaves elliptic, ovate or nearly circular, often glabrescent above; plants not obviously odorous"	"Chenopodium desertorum subsp. microphyllum"
3	"Leaves narrow-elliptic, mealy pubescent on both surfaces; plants fetid when crushed"	"Chenopodium desertorum subsp. virosum"
