1	"Stigmas linear"	2
1	"Stigmas capitate"	4
from	statement	to
2	"Style, including stigma, not longer than ovary at anthesis"	"Cuscuta epilinum"
2	"Style, including stigma, longer than ovary at anthesis"	3
3	"Corolla 2.5–4 mm long; inflorescences mostly 6–10 mm diam"	"Cuscuta epithymum"
3	"Corolla 1.5–2 mm long; inflorescences mostly 2–6 mm diam"	"Cuscuta planiflora"
4	"Flowers in loose few-flowered clusters; pedicels 3–6 mm long"	5
4	"Flowers in dense globose clusters; pedicels mostly less than 2.5 mm long"	6
5	"Calyx shorter than corolla-tube; corolla-lobes shorter than corolla-tube, acute"	"Cuscuta suaveolens"
5	"Calyx as long as corolla-tube; corolla-lobes as long as or longer than corolla-tube, obtuse"	"Cuscuta tasmanica"
6	"Calyx lobes 2–2.5 mm long; corolla 3–3.5 mm long"	"Cuscuta chinensis"
6	"Calyx lobes 1–1.5 mm long; corolla 2–3 mm long"	7
7	"Corolla-lobes obtuse; scales subtending stamens shorter than corolla-tube, sparsely fringed"	"Cuscuta australis"
7	"Corolla-lobes acute, often inflexed; scales subtending stamens longer than corolla- tube, densely fringed"	"Cuscuta campestris"
