from	statement	to
1	"Annual or biennial; stipules to 4 cm long, green, deeply lobed; lower petal broad-cuneate"	"Viola arvensis"
1	"Perennials; stipules small, often brownish, translucent; lower petal ovate to linear-oblong"	2
2	"Plants not stoloniferous (but usually rhizomatous), stems often elongated and decumbent; lower petal spurred; flowers without scent"	3
2	"Plants stoloniferous (rarely also rhizomatous), stems rarely elongated; lower petal shallowly pouched or spurred; flowers with or without scent"	6
3	"Stems lax, elongated; leaves scattered along stem or at nodes, lamina ovate to circular, base cordate"	4
3	"Stems erect, short; leaves in basal rosette, lamina lanceolate, obovate or oblong, base truncate, cuneate or slightly cordate"	5
4	"Stipules entire or sparsely toothed; corolla white or rarely pale violet; native, usually riparian species of eastern Victoria"	"Viola caleyana"
4	"Stipules fimbriate; corolla blue-violet; uncommon garden-escape"	"Viola riviniana"
5	"Leaf base cuneate to shallowly cordate, lamina more or less ovate; petiole + lamina mostly less than 15 cm long"	"Viola betonicifolia subsp. betonicifolia"
5	"Leaf base hastate, lamina triangular, margins straight or concave; petiole + lamina usually more than 15 cm long"	"Viola betonicifolia subsp. novaguineensis"
6	"Petiole with short deflexed hairs, flowers usually strongly scented; lower petal spurred; capsule hairy"	"Viola odorata"
6	"Petiole glabrous, or if hairy, the hairs not deflexed; flowers without scent or faintly scented; lower petal shallowly pouched but not spurred; capsule usually glabrous"	7
7	"Flowers rather distinctly 2-coloured, petals 7–10 mm long; leaves with lamina reniform to more or less circular, often broader than long, base mostly truncate or cordate, sometimes cuneate"	8
7	"Flowers usually 1 colour, sometimes indistinctly 2-coloured; petals 2–7 mm long; leaves usually with lamina ovate, rhombic or spathulate, as long as wide or longer, withbase cuneate and tapering to petiole (but leaves wider than long and semi-circular to reniform in rare V. curtisiae from the Baw Baws)"	11
8	"Anterior petal broadest in the distal third, venation somewhat irregular; petals with indistinct demarcation between violet and white areas; seeds dull, cream to brown, usually mottled"	"Viola hederacea"
8	"Anterior petal broadest in the proximal third or at the mid-point, venation regularly triplinerved; petals with sharp demarcation between violet and white areas; seeds glossy, purple-black"	9
9	"Flowers blackish-violet, with or without small white tips to the petals"	"Viola ×zophodes"
9	"Flowers bright violet and white, with prominent white (rarely pale violet) tips to the petals"	10
10	"Anterior petal broadest at the mid-point; leaves reniform to orbicular, about as long as wide, often with a deep, narrow sinus; escapees from horticulture"	"Viola banksii"
10	"Anterior petal broadest in the proximal third; leaves reniform, wider than long, with a broad sinus or truncate at base; mostly moist to wet forests, typically montane to subalpine"	"Viola eminens"
11	"Flower-scapes 3–8 cm long, usually exceeding the leaves; flowers pale to mid blue-violet; western, from Grampians area to SA border"	"Viola sieberiana"
11	"Flower-scapes less than 3 cm long, usually shorter than or only just exceeding the leaves; flowers blackish-violet, pale blue-violet or cream"	12
12	"Petals 5–7 mm long, pale blue-violet or white"	13
12	"Petals less than 4 mm long, blackish-violet or cream"	14
13	"Leaves rhombic to ovate, wider than long; Nunniong Plateau"	"Viola improcera"
13	"Leaves semi-circular to reniform, longer than wide; Baw Baws"	"Viola curtisiae"
14	"Corolla cream, often with a purplish tinge towards the centre; lower petal c. 1 mm wide, linear to oblong; leaves generally longer than wide; mostly dryish lowland forests and sandy heaths of southern Victoria"	"Viola cleistogamoides"
14	"Corolla blackish-violet, lower petal c. 2 mm wide, obovate to elliptic; leaves generally wider than long; mainly damp, peaty ground of alps but with isolated occurrences in south Gippsland"	"Viola fuscoviolacea"
