from	statement	to
1	"Pinnae sessile, bases flanged, except for an isolated pair of shortly stalked pinnae at base (which may be absent in some specimens); stipe and rachis rough, with black scales"	"Doodia aspera"
1	"Pinnae in lower part of lamina shortly stalked or with basal margins approaching midvein at least on upper side, separate"	2
2	"Pinnae stalked in lower half of lamina; fertile fronds longer and more erect than sterile ones; stipe and rachis generally smooth"	"Doodia caudata"
2	"Pinnae stalked for less than lower one-third of lamina (pinnae bases in middle region of lamina may be narrowed (more so on upper side) but not stalked); fertile fronds similar to sterile ones or else (when growing among rocks) longer and with pinnae more separated; stipe and rachis moderately rough and tuberculate"	"Doodia australis"
