from	statement	to
1	"Wax present at least on juvenile leaves, usually on buds"	2
1	"Wax absent from all structures"	3
2	"Pedicels less than 1 cm long (equal to or shorter than fruit)"	"Eucalyptus leucoxylon subsp. pruinosa"
2	"Pdeicels more than 1.4 cm long (longer than fruit)"	"Eucalyptus leucoxylon subsp. bellarinensis"
3	"Fruit more than 1.2 cm long, 1.1 cm diam.; leaves usually more than 2.5 cm wide"	"Eucalyptus leucoxylon subsp. megalocarpa"
3	"Fruit less than 1.2 cm long, 1.1 cm diam.; leaves usually less than 2.5 cm wide"	4
4	"Pedicel c. half length of fruit, pellicle persisting on mature fruits"	"Eucalyptus leucoxylon subsp. stephaniae"
4	"Pedicel equal to or longer than fruit, pellicle rarely persisting across orifice of mature fruit"	5
5	"Juvenile leaves never connate; buds ovoid"	"Eucalyptus leucoxylon subsp. leucoxylon"
5	"Juvenile leaves connate; buds globular"	"Eucalyptus leucoxylon subsp. connata"
