from	statement	to
1	"Plant glabrous or sparsely pubescent; bracts subtending flower heads minute or absent"	"Ornithopus pinnatus"
1	"Plant pubescent; bracts subtending flower heads leafy, pinnate, 5–22 mm long"	2
2	"Flowers yellow; pod strongly curved, hardly constricted between articles"	"Ornithopus compressus"
2	"Flowers white or pink; pod straight or slightly curved, quite constricted between articles"	3
3	"Stems usually branched at base only; calyx teeth about half as long as tube; corolla 3–5 mm long"	"Ornithopus perpusillus"
3	"Stems usually branched high up; calyx teeth slightly shorter than or as long as tube; corolla 6–9 mm long"	"Ornithopus sativus"
