from	statement	to
1	"Stems little-branched; inflorescences lacking glandular hairs; leaves narrowly ovate to ovate, margins densely serrulate, teeth 16–40 each side"	"Epilobium billardiereanum subsp. billardiereanum"
1	"Stems usually well-branched; inflorescences with or without glandular hairs; leaves linear or lanceolate to narrowly ovate, margins coarsely serrate or serrulate, teeth 1–20 each side"	2
2	"Leaves linear to narrowly ovate, margins coarsely serrate, teeth 1–6 each side"	"Epilobium billardiereanum subsp. cinereum"
2	"Leaves lanceolate to narrowly ovate, margins serrulate, teeth 4–20 each side"	3
3	"Leaves lanceolate to narrowly ovate, margins not undulate, teeth shallow, regular, 4–12 each side (montane areas in damp places)"	"Epilobium billardiereanum subsp. hydrophilum"
3	"Leaves usually lanceolate, margins often undulate, teeth small, dense, irregular, 6–20 each side"	"Epilobium billardiereanum subsp. intermedium"
