from	statement	to
1	"Leaves well developed, or if ever reduced to sheathing bracts then these fused at the base and plants with both male and female flowers or flowers bisexual"	2
1	"Wiry plants with jointed stems; leaves reduced to sheathing bracts (bracts overlapping at base); male and female plants separate (except sometimes in Lepyrodia)"	3
2	"Inflorescence laterally flattened and spike-like; primary bracts 5–12; flowers distinct, not clustered"	Aphelia
2	"Inflorescence head-like; primary bracts 2, more or less enclosing the inflorescence with their basal sheaths; flowers clustered into bisexual and female units"	Centrolepis
3	"Flowers in a narrow, branched inflorescence, not grouped in spikelets (not arranged alternately above 2 empty floral bracts); plants dioecious or monoecious or with bisexual flowers"	4
3	"Male flowers in spikelets; female flowers usually in spikelets; plants dioecious (in Victoria)"	5
4	"Erect or scrambling monoecious or dioecious herbs; stem ± smooth; hollow portion of stem pith circular in section; perianth whorls ± equal in length, outer sometimes longer than inner, or plants monoecious if inner is longer"	Lepyrodia
4	"Scrambling dioecious herbs; stems minutely warty; hollow portion of stem pith triangular in section or indistinct; male flowers with inner perianth much longer than the outer"	"Sporadanthus:Sporadanthus tasmanicus"
5	"Green tissue of stems forming a continuous cylinder, not interrupted; stems usually not striate; glabrous or hairy, but never with a dense covering of broad multi-cellular hairs"	6
5	"Green tissue of stems interrupted by lines of enlarged epidermal cells or by pillar cells (lacking chloroplasts); stems striate, at least when dry; glabrous or hairy, sometimes with a greyish covering of closely appressed broad multi-cellular hairs"	9
6	"Ovary 2-chambered; style branches 2; male spikelets arranged in large branching clusters or if in compact clusters then total inflorescence (1.5–) 2–6 cm long and subtending floral bracts 10–30 mm long, 3–6 mm wide"	Baloskion
6	"Ovary 1-chambered; style branches 1–3; male spikelets arranged in small, compact clusters less than 1 cm long and subtending floral bracts 3–7 mm long, up to c. 3 mm wide"	7
7	"Sheathing bracts very deciduous, leaving distinct dark annular scars; stems mostly unbranched; male spikelets with more than 20 flowers"	"Lepidobolus:Lepidobolus drapetocoleus"
7	"Sheathing bracts persistent; stems branched or unbranched; male spikelets with fewer than 20 flowers"	8
8	"Rhizome not hairy; perianth firm, brown; female flowers with 3 staminodes; male spikelets 1-flowered"	"Calorophus:Calorophus elongatus"
8	"Rhizome hairy; perianth membranous, pale; female flowers without staminodes; male spikelets 2–several-flowered"	"Empodisma:Empodisma minus"
9	"Ovary 2-chambered; anthers exserted on long, slender filaments; stems flattened"	"Eurychorda:Eurychorda complanata"
9	"Ovary 1-chambered; anthers almost sessile and included, or on short filaments and just exserted; stems subterete or terete"	10
10	"Female inflorescence made up of 1-flowered, sessile spikelets; each flower surrounded by 3–6 sterile floral bracts; male plants much-branched"	"Hypolaena:Hypolaena fastigiata"
10	"Female inflorescence made up of 1-flowered clusters; each flower subtended by a floral bract; male plants unbranched, with 1 or 2 branches, or branched at the base only"	11
11	"Male and female inflorescences very different in appearance; male spikelets 3–5 mm long; female spikelets simple, 1–many flowered"	"Leptocarpus:Leptocarpus tenax"
11	"Male and female inflorescences nearly similar; male spikelets 5–15 mm long; female flowers arranged in dense, crowded clusters, spikelets indistinct, 3–5 flowered"	"Apodasmia:Apodasmia brownii"
