from	statement	to
1	"Plant prostrate, forming extensive mats;  flowers 1.5–2 cm diam."	"Lampranthus tegens"
1	"Plant decumbent to more or less erect, tufted; flowers 2–7 cm diam"	2
2	"Leaves 14–16 mm long, papillate; flowers yellow"	"Lampranthus glaucus"
2	"Leaves 15–40 mm long, without papillae; flowers white, pink, rose or magenta"	3
3	"Leaves 15–25 mm long; flowers 30–50 mm diam.; filamentous staminodes absent; plants 25–40 cm tall, decumbent to erect"	"Lampranthus multiradiatus"
3	"Leaves 25–40 mm long; flowers 50–70 mm diam.; filamentous staminodes present, few; plants 40–60 cm tall, erect"	"Lampranthus haworthii"
