1	"Flowers in terminal rounded inflorescences with reduced bracts; perennials with leaves usually longer than 12 mm (to 3.5 mm long in C. ericoides)"	2	
1	"Flowers single or in cymes in axils of leaf-like bracts along parts of or all branches; annuals or if perennials then flowers 4-merous (C. helmsii, C. sieberiana) or carpels each with 2 ovules (C. muscosa)"	9	
2	"Leaves petiolate (rarely sessile in C. multicava and C. sarmentosa), loosely opposite; corolla star-shaped"	3	
2	"Leaves sessile, stiffly 4-ranked or opposite; corolla tubular"	6	
3	"Plants sprawling or prostrate, sparsely branched; leaves serrate"	4	
3	"Plants decumbent to erect, often much-branched; leaves entire"	5	
from	statement	to	shortcut
4	"Leaves often cordate; petiole 3–7(–18) mm long; petal lobes 3–5 mm long"	"Crassula spathulata"	
4	"Leaves subsessile, base obtuse or cuneate; petiole up to 3 mm long; petal lobes 4–11 mm long"	"Crassula sarmentosa"	
5	"Leaf lamina gradually tapering towards base; petiole often indistinct, less than 5 mm long; flowers 5-merious; corolla lobes more than 6 mm long"	"Crassula ovata"	
5	"Leaf lamina usually abruptly constricted at base; petiole usually more than 5 mm long; flowers mostly 4-merious; corolla lobes less than 6 mm long"	"Crassula multicava"	"Crassula multicava subsp. multicava"
6	"Leaves scale-like, 3.2–3.5 mm long"	"Crassula ericoides"	
6	"Leaves linear-triangular, lanceolate or oblanceolate, 8–50 mm long"	7	
7	"Plants mostly less than 30 cm high; stems less than 3 mm diam., internodes distinctly papillose; leaves with a whitish bloom"	"Crassula biplanata"	
7	"Shrubs or subshrubs mostly more than 30 cm high; basal branches 3–10 mm diam., internodes lacking papillae; leaves green or grey-green"	8	
8	"Corolla lobes 4–5.5 mm long; leaves flattened, oblanceolate, 5–13 mm wide"	"Crassula rubricaulis"	
8	"Corolla lobes less than 3 mm long; leaves ± terete, linear-triangular, mostly 3–6 mm wide"	"Crassula tetragona"	"Crassula tetragona subsp. robusta"
9	"Perennial with scale-like leaves strictly opposite-decussate and overlapping"	"Crassula muscosa"	
9	"Annuals or if perennials then leaves loosely opposite, rarely decussate and not overlapping"	10	
10	"Flowers in the axil of one leaf at each node; calyx half to two-thirds as long as the corolla (rarely longer in C. helmsii)"	11	
10	"Flowers in the axil of both leaves at a node; calyx at least as long as corolla"	13	
11	"Carpels each with 1 ovule"	"Crassula natans"	
11	"Carpels each with 2–14 ovules"	12	
12	"Carpels gradually constricted into styles (c. half as long as body of carpels)"	"Crassula helmsii"	
12	"Carpels abruptly constricted into short styles (usually less than one-quarter as long as body of carpels)"	"Crassula peduncularis"	
13	"Flowers pedicellate and loosely arranged along usually much-branched branches"	14	
13	"Flowers sessile or almost so in spike-like inflorescences; plants little-branched mainly from the base"	18	
14	"Carpels each with 4–24 ovules"	15	
14	"Carpels each with 2 ovules"	16	
15	"Seeds less than twice as long as broad, with widely spaced papillae along the vertical ridges; branches erect; calyx-lobes and bracts papillate toward the apex"	"Crassula closiana"	
15	"Seeds greater than twice as long as broad, with dense papillae (c. touching one another) along vertical ridges; branches often decumbent; calyx-lobes usually smooth"	"Crassula decumbens"	
16	"Decumbent annuals, branched from base; fruiting calyx 0.5–1(–1.1) mm long, lobes spreading, somewhat fleshy, rarely with membranous margins"	"Crassula tetramera"	
16	"Erect annuals or decumbent perennials; fruiting calyx (1.1–)1.2–2.2 mm long, apex of lobes clasping each other or erect and lobes flattened to a more or less membranous margin"	17	
17	"Uppermost leaves without a colourless point; often decumbent perennials"	"Crassula sieberiana"	
17	"Uppermost leaves with a colourless point; usually stiffly erect annuals"	"Crassula colligata"	
18	"Flowers mainly 3-merous"	"Crassula alata"	"Crassula alata var. alata"
18	"Flowers 4- or 5-merous"	19	
19	"Follicles often tuberculate, not splitting longitudinally, detaching basally to release seed; styles at least two-thirds as long as bodies of carpels"	"Crassula colorata"	
19	"Follicles smooth or papillose, splitting longitudinally from apex on adaxial side, but often detaching basally to release seed; styles up to one-quarter as long as bodies of carpels"	20	
20	"Fruiting calyx-lobes incurved between half exposed recurved follicles"	"Crassula exserta"	
20	"Fruiting calyx-lobes erect, enclosing erect follicles"	21	
21	"Decumbent annuals, branched from base; fruiting calyx 0.5–1(–1.1) mm long, lobes spreading, somewhat fleshy, rarely with membranous margins"	"Crassula tetramera"	
21	"Erect annuals or decumbent perennials; fruiting calyx (1.1–)1.2–2.2 mm long, apex of lobes clasping each other or erect and lobes flattened to a more or less membranous margin"	22	
22	"Uppermost leaves without a colourless point; often decumbent perennials"	"Crassula sieberiana"	
22	"Uppermost leaves with a colourless point; usually stiffly erect annuals"	"Crassula colligata"	
