from	statement	to
1	"Sepals 1.5 mm long, tightly appressed to ripe capsule; seeds tumid-reniform, lacking a dorsal groove"	"Sagina namadgi"
1	"Sepals c. 2–4 mm long, erect to spreading in fruit; seeds not tumid-reniform, with a dorsal groove"	2
2	"Perennial with fibrous roots, often adventitious from nodes; stems diffusely branching with sterile axillary shoots common, often mat-forming; mature fruiting sepals broad-ovate to suborbicular"	"Sagina procumbens"
2	"Annual with slender branching taproot; stems erect or ascending, lacking sterile axillary shoots and rarely mat-forming; mature fruiting sepals ovate"	3
3	"Leaves subulate, aristate, at least the upper often basally ciliate; inflorescence often glandular; fruiting sepals spreading, usually distinctly shorter than capsule"	"Sagina apetala"
3	"Leaves linear, obtuse or acute, often minutely mucronate but not aristate or ciliate; inflorescence never glandular; fruiting sepals erect, c. equalling capsule"	"Sagina maritima"
