from	statement	to
1	"Perennial subshrub with long-trailing or climbing branches; flowers yellow, pedicellate; pedicels at least 5 mm long"	2
1	"Annual herbs with rather short, prostrate branches; flowers green, sessile or subsessile"	4
2	"Flowers solitary or paired; fruit succulent"	"Tetragonia implexicoma"
2	"Flowers in clusters of 3–5; fruit dry"	3
3	"Leaves non-succulent, narrow-obovate to narrow-elliptic; flowers spicate on ± erect branches"	"Tetragonia fruticosa"
3	"Leaves succulent, ± spathulate; flowers axillary"	"Tetragonia decumbens"
4	"Stamens 10–16; fruit 10 mm long or more; coastal or near-coastal"	"Tetragonia tetragonioides"
4	"Stamens 4–8; plants from inland sites"	5
5	"Fruits with incurved claw-like projections, lacking wings; styles and locules 8–13; stamens 4–8; restricted to floodplains in the north-west"	"Tetragonia moorei"
5	"Fruits without incurved claw-like projections or winged with horn-like projections; styles and locules 2–8; stamens 4"	6
6	"Styles and locules 3–8; fruit prominently winged (usually 2 large and 2 smaller wings) with intervening ribs; 5–7 mm long and usually wider than long; northwestern"	"Tetragonia eremaea"
6	"Styles and locules 2–3; fruit not winged, sometimes ribbed on angles; 4–5 mm long, never wider than long; eastern"	"Tetragonia microptera"
