from	statement	to
1	"Flowers entirely yellow;'inner'primary bract translucent"	"Romulea flava"
1	"Flowers with perianth lobes green, pink, lilac and/or white, only the perianth tube yellow; 'inner' primary bract green with margin dry and membranous or wholly dry and membranous"	2
2	"Flowers 8–15 mm long; perianth lobes obtuse, 5–9 mm long; anthers 1.5–2 mm long"	"Romulea minutiflora"
2	"Flowers 15–38 mm long; perianth lobes acute, 10–38 mm long; anthers 3–10 mm long"	"Romulea rosea"
