1	"Lower glume 1-nerved (uncommonly 3-nerved in lower half), upper glume 3-nerved"	2
1	"Lower glume 3–7-nerved, upper glume 5–9-nerved"	7
from	statement	to
2	"Lemma (excluding awn) 20 mm or more; lower glume more than 15 mm; panicle lax at maturity"	"Bromus diandrus"
2	"Lemma (excluding awn) 20 mm or less; lower glume less than 15 mm; panicle lax or dense at maturity"	3
3	"Rhizomatous perennial; leaf blades glabrous; awn of lemma (if present) entered by a single nerve; very rare, perhaps extinct weed in Victoria"	"Bromus inermis"
3	"Tufted annual; leaf sheaths, and usually blades, hairy; awn of lemma entered by 3 nerves"	4
4	"Panicle branches spreading at maturity, most pedicels longer than their (rarely purplish) spikelets (awns excluded)"	5
4	"Panicle branches remaining erect at maturity, pedicels shorter than their (often purplish) spikelets (awns excluded)"	6
5	"Panicle very lax, lower branches with only 1 or 2 spikelets; lemma 14–20 mm long"	"Bromus sterilis"
5	"Panicle rather dense, lower branches bearing 4 or more spikelets; lemma 8–12 mm long"	"Bromus tectorum"
6	"Panicle rather lax, pedicels of at least the lower spikelets more than 10 mm long"	"Bromus madritensis"
6	"Panicle very dense, pedicels less than 10 mm long, spikelets often subsessile"	"Bromus rubens"
7	"Awn absent or no more than half as long as lemma; often perennials"	8
7	"Awn at least half as long as the lemma; annuals"	10
8	"Lemma glabrous (rarely with a few scattered hairs); awn lacking or less than one-third as long as lemma body"	"Bromus catharticus"
8	"Lemma hairy; awn at least one-third as long as body of lemma"	9
9	"Glumes and lemmas sparsely hairy; lower glume (5.5–)7–12.5 mm long, upper glume (7–)9–14 mm long; awn 3–12 mm long, scabrous at base"	"Bromus catharticus"
9	"Glumes and lemmas densely hairy; lower glume 3.5–7 mm long, upper glume 5.5–10 mm long; awn 3–6(–8) mm long, pubescent at base"	"Bromus lithobius"
10	"Panicle rather dense, with branches more or less erect"	11
10	"Panicle lax, with branches often drooping, at least some pedicels usually longer than their spikelets (excluding awns)"	12
11	"Spikelet (excluding awns) less than 2 cm long, rather plump, awns remaining more or less erect"	"Bromus hordeaceus"
11	"Spikelet (excluding awns) 2 cm long or more, strongly laterally compressed, awns spreading at maturity"	"Bromus alopecuros"
12	"Awn inserted more than 1.5 mm from apex of lemma"	"Bromus arenarius"
12	"Awn inserted less than 1.5 mm from apex of lemma"	13
13	"Lemma of lowest floret 6.5–8.3 mm long"	"Bromus racemosus"
13	"Lemma of lowest floret 8.5–11.5 mm long"	"Bromus commutatus"
