from	statement	to	shortcut
1	"Leaves flat, oblong-linear, alternate; seed subtending fleshy, berry-like structure"	Podocarpaceae	Podocarpus
1	"Leaves scales or needle-like, alternate, opposite or whorled, rarely flat; cone woody"	2	
2	"Leaves needle-like, rarely flattened, mostly greater than 15 mm long, solitary or in clusters of 2–5 or densely whorled, free from stem; female cones mostly greater than 30 mm long"	Pinaceae	
2	"Leaves scale like, mostly opposite or whorled and less than 10 mm long (rarely flat, 2-ranked and up to 30 mm in Sequoia), appressed to stem; female cones less than 30 mm long"	Cupressaceae	
