from	statement	to
1	"Adult leaves dull, blue-green to subglaucous"	"Eucalyptus wimmerensis subsp. pallida"
1	"Adult leaves sub-lustrous to lustrous, olive green, or green, sometimes with a bluish tinge"	2
2	"Bark smooth throughout"	3
2	"Box bark present on at least lower stem"	4
3	"Juvenile leaves 0.5–1 cm wide; fruit 3–4 mm diam."	"Eucalyptus wimmerensis subsp. parviformis"
3	"Juvenile leaves 0.6–1.5 cm wide; fruit 4–7 mm diam."	"Eucalyptus wimmerensis subsp. wimmerensis"
4	"Box bark persistent to at least mid-stem; juvenile leaves 0.4–1 cm wide"	"Eucalyptus wimmerensis subsp. arapilensis"
4	"Box bark forming a short basal stocking; juvenile leaves 1–1.8 cm wide"	5
5	"Adult leaves held erect, 6–10 cm long, 0.7–1.6 cm wide"	"Eucalyptus wimmerensis subsp. wimmerensis"
5	"Adult leaves pendulous, 7–12 cm long, 1–2 cm wide"	"Eucalyptus wimmerensis subsp. grata"
