from	statement	to
1	"Leaf lamina partially bistratose in apical third near costa; seta twisted anticlockwise; coastal sites exposed to salt spray"	"Macromitrium longirostre"
1	"Leaf lamina completely unistratose; seta twisted clockwise; more inland and sheltered sites"	2
2	"Leaves arranged in spiral ranks around the stem and most noticeable when dry, giving the shoots a rope-like appearance; laminal cells in apical half flat and smooth"	"Macromitrium microstomum"
2	"Leaves not noticeably arranged in spiral ranks around the stem; laminal cells in apical half bulging, papillose or smooth"	3
3	"Branch leaf cells near apex strongly bulging-conical, unipapillose; marginal cells smaller than those near the costa; capsules 4–8-plicate; peristome absent or fragmentary"	"Macromitrium archeri"
3	"Branch leaf cells near apex smooth to low-pluripapillosee; marginal cells similar in size to those near the costa; capsules 8-plicate or with a distinct darkened non-plicate often collapsed rim; peristome present or absent"	4
4	"Leaves consistently lanceolate"	"Macromitrium hemitrichodes"
4	"Leaves mostly oblong to ligulate"	5
5	"Mature branches often detached from stem; calyptra with dense hairs"	"Macromitrium involutifolium subsp. involutifolium"
5	"Mature branches remaining attached to the stem; calyptra glabrous or with a few hairs"	6
6	"Capsules not plicate but sometimes narrowed at mouth when dry; peristome of 16 erect teeth"	"Macromitrium ligulare"
6	"Capsules distinctly 8-plicate and puckered at mouth when dry; peristome a low basal membrane"	"Macromitrium ligulaefolium"
