from	statement	to
1	"Stems usually simple, occasionally sparingly branched, not differentiated into stipe and rachis, usually quadrangular, sometimes terete; sporophytes projecting beneath plane of gametophyte"	Cyathophorum
1	"Stems branched, differentiated into an unbranched basal stipe and a more distal branched rachis section, terete; sporophytes projecting above plane of gametophore"	2
2	"Plants usually palmate or umbellate, less often pinnate or flabellate; walls thin; costa of lateral frond leaves reaching 80% of leaf length at most; seta smooth"	Hypopterygium
2	"Plants pinnate to bipinnate; walls incrassate; costa of lateral frond leaves percurrent or nearly so; seta mammillose"	Lopidium
