1	"Stems with prominent contrasting green ridges decurrent from basal margins"	2
1	"Stems terete or if angular or slightly ridged, then ridges not green"	5
from	statement	to
2	"Inner involucral bracts boat-shaped, lamina white to straw-coloured throughout"	"Ozothamnus retusus"
2	"Inner involucral bracts linear; lamina hyaline occasionally with white tips, or white with a hyaline margin"	3
3	"Leaves flat or recurved, obovate; inflorescences often quite flat-topped"	"Ozothamnus obcordatus"
3	"Leaves revolute, c. linear; inflorescences hemispherical"	4
4	"Leaves erect and c. appressed to stem; lamina of involucral bract hyaline"	"Ozothamnus adnatus"
4	"Leaves spreading; lamina of involucral bract white with a hyaline margin"	"Ozothamnus decurrens"
5	"Leaves revolute, margins completely obscuring the abaxial surface"	6
5	"Leaves flat, or if recurved or revolute, margins not completely obscuring the abaxial surface"	9
6	"Leaves sessile, erect, closely appressed to stems; inflorescences compact terminal clusters"	"Ozothamnus cupressoides"
6	"Leaves petiolate; inflorescences hemispherical or corymbose"	7
7	"Leaves distinctly scabrous; erect shrub of swampy heaths and watercourses"	"Ozothamnus rosmarinifolius"
7	"Leaves not scabrous; shrubs mostly of dry sites or coasts"	8
8	"Capitula less than 5 mm long; drier foothills to subalps"	"Ozothamnus rogersianus"
8	"Capitula 6.5–8 mm long; compact shrub of coastal dunes and cliffs"	"Ozothamnus turbinatus"
9	"Leaves erect, c. concolorous, glossy below"	"Ozothamnus pholidotus"
9	"Leaves spreading, discolorous, dull or obscured by indumentum below"	10
10	"Inflorescences secund"	11
10	"Inflorescences not secund"	12
11	"Leaves with midribs on lower surface tomentose, upper surface dull, also often tomentose"	"Ozothamnus secundiflorus"
11	"Leaves with midribs on lower surface glabrous, upper surface shining, glabrous"	"Ozothamnus thyrsoideus"
12	"Leaves glabrous or with few cottony hairs on adaxial surface"	13
12	"Leaves with silky, appressed indumentum on adaxial surface"	15
13	"Involucral bracts all erect or incurved, without differentiated lamina"	"Ozothamnus obcordatus"
13	"At least the inner involucral bracts with differentiated, spreading lamina"	14
14	"Leaves cuneate to oblanceolate, apex rounded, white or yellowish beneath"	"Ozothamnus cuneifolius"
14	"Leaves linear to narrow-oblanceolate or narrow-elliptic, apex acute, greyish beneath"	"Ozothamnus ferrugineus"
15	"Mature leaves 4–25 (–28) mm long, 1.5–3 mm wide"	16
15	"Mature leaves (22–) 30–125 mm long, 3.5–8.5 mm wide"	17
16	"Leaves recurved to revolute, viscid; capitula cylindric to turbinate; involucral bracts 15–26, reddish in bud; compact alpine or higher subalpine shrubs"	"Ozothamnus alpinus"
16	"Leaves flat, not viscid; capitula campanulate; involucral bracts 28–35, white; shrubs mostly of drier eastern ranges"	"Ozothamnus conditus"
17	"Capitula turbinate, under 4.5 mm long; not or slightly viscid shrub of lowlands in far east, sweetly spicily aromatic"	"Ozothamnus argophyllus"
17	"Capitula subglobose, 5.5–8 mm long; very viscid shrub of north-eastern ranges"	"Ozothamnus stirlingii"
