from	statement	to
1	"Upper surfaces of leaves smooth, lacking granules, asperities, or wrinkles"	2
1	"Upper surfaces of leaves with granules, asperities, and/or wrinkles"	4
2	"Leaves less than 2 mm wide, linear; midvein of lower surface not detectable through thick indumentum"	"Astrotricha sp. 4"
2	"Leaves 6–18 mm wide, narrowly elliptic; midvein of lower surface usually evident through indumentum"	3
3	"Leaves 45–95 mm long, 6–11 mm wide; petals of terminal umbels pink to purplish or white to cream or rarely pale green, petals of lateral umbels white to cream or pink to purplish; fruits 2.5–3.5 mm long"	"Astrotricha asperifolia"
3	"Leaves 106–135 mm long, 11–18 mm wide; petals of terminal and lateral umbels concolorous, all white or all pale yellowish-green; fruits 2–2.5 mm long"	"Astrotricha sp. 2"
4	"Leaves 3–10 mm wide, not linear"	5
4	"Leaves less than 3 mm wide, more or less linear"	9
5	"Upper surfaces of leaves with fine granules only, lacking large acute asperities or protuberances"	6
5	"Upper surfaces of leaves with large acute asperities or protuberances (sometimes also with finer granules)"	7
6	"Leaves narrowly elliptic or narrowly oblanceolate (widest at or above middle); leaf apex obtuse to subacute"	"Astrotricha asperifolia"
6	"Leaves either narrowly ovate (widest near base) or oblong-elliptic (c. straight-sided); leaf apex obtuse"	"Astrotricha ledifolia"
7	"Leaves narrowly oblanceolate (widest above middle), often a few slightly spathulate (widest just below the obtuse apex); upper surface of leaf with openly distributed very erect and narrow-spiculate protuberances, each usually subtended by a short wrinkle, surface glossy between"	"Astrotricha sp. 3"
7	"Leaves narrowly elliptic, narrowly oblong-elliptic, or narrowly ovate, widest at middle or near base, or straight-sided; upper surface of leaf with more or less densely distributed granules and/or robust subtriangular protuberances, surface between dull"	8
8	"Leaves 13–35 (–45) mm long, narrowly ovate or narrowly oblong-elliptic; larger protuberances of leaf surfaces mainly towards the margins"	"Astrotricha ledifolia"
8	"Leaves (20–) 35–70 (–120) mm long, narrowly oblong-elliptic; larger protuberances of leaf surfaces more or less uniformly distributed"	"Astrotricha sp. 1"
9	"Leaf upper surface with many conspicuous coarse short obtuse wrinkles, often each surmounted by a short subtriangular asperity"	"Astrotricha sp. 5"
9	"Leaf upper surface lacking conspicuous wrinkles but with densely to openly distributed fine granules or larger asperities"	10
10	"Leaf upper surface with very small fine granules only, lacking larger c. erect subtriangular to spiculate protuberances"	11
10	"Leaf upper surface with at least some large c. erect subtriangular to spiculate protuberances, often also with smaller granules"	13
11	"Leaf upper surface with the midvein shallowly channelled; inflorescence axes and pedicels densely and closely white-lanate"	"Astrotricha sp. 4"
11	"Leaf upper surface with the midvein deeply channelled; inflorescence axes and pedicels closely to loosely brown- or grey-floccose"	12
12	"Petals of terminal and lateral umbels of inflorescence discolorous (those of the terminal umbels pale yellow-green, those of the lateral umbels white to cream); inflorescence (100–) 200–300 mm long"	"Astrotricha asperifolia"
12	"Petals of terminal and lateral umbels of inflorescence concolorous, either white to cream or pale yellow-green (petals of the terminal umbels sometimes a darker shade of same colour); inflorescence 30–70 (–170) mm long"	"Astrotricha linearis"
13	"Fruit with a hollow locellus on either side of the endosperm in each mericarp; leaf upper surface with large subtriangular protuberances only, lacking granules"	"Astrotricha parvifolia"
13	"Fruit lacking locelli; leaf upper surface with fine granules and large subtriangular to spiculate protuberances, or the latter only"	14
14	"Leaves often slightly spathulate at apex; leaf upper surface with well-spaced slender erect-spiculate protuberances"	"Astrotricha sp. 3"
14	"Leaves never spathulate at apex; leaf upper surface with dense to openly distributed, robust subtriangular protuberances, often also finer granules"	15
15	"Leaf upper surface with smaller granules more frequent than larger protuberances; inflorescence 30–70 (–170) mm long; petals white to cream or pale yellowish-green"	"Astrotricha linearis"
15	"Leaf upper surface with larger protuberances more frequent than smaller granules; inflorescence 60–260 mm long; petals white to cream, occasionally tinged purplish"	"Astrotricha sp. 1"
