1	"Bracts with long, multicelled rigid hairs on outer surface; leaves hairy or glabrous"	2
1	"Bracts glabrous, rarely with a few minute triangular hairs on midrib; leaves glabrous"	3
from	statement	to
2	"Bracts with lamina 2–6 mm long and distinctly exceeding the flowers; carpels 2–4 per inflorescence unit"	"Centrolepis fascicularis"
2	"Bracts with lamina 0.5–1 mm long and only just exceeding the flowers; lower bract inserted 0.5–1 mm below upper bract; carpels 5 or 6 per inflorescence unit"	"Centrolepis strigosa"
3	"Lower bract with an abruptly narrowed, ± flattened, straight lamina (8–) 10–45 mm long; upper bract with an abruptly narrowed lamina 3–15 (–22) mm long"	"Centrolepis aristata"
3	"Lower bract with an abruptly narrowed, terete, recurved or straight lamina 0.4–8 (–10) mm long; upper bract without a distinct lamina, hence apex obtuse to acute"	4
4	"Inflorescence unit 1 per pair of bracts, consisting of 1 stamen (or stamen absent) and 6–14 carpels, secondary bracts absent; styles only fused at base"	"Centrolepis polygyna"
4	"Inflorescence unit 3–22 (–40) per pair of bracts, consisting of 1 stamen (or stamen absent) and 3–10 carpels per unit, secondary bracts present or absent; style fused together for up to one-half their length"	5
5	"Herb forming a dense, compact, rounded tuft; inflorescence borne on an axis 3–9 mm long and flowers usually included amongst the leaves; bracts recurved, 2–4 mm long"	"Centrolepis cephaloformis"
5	"Herb tufted, but never forming a compact rounded tuft; inflorescence borne on an axis 2–25 (–40) mm long and flowers usually held above the leaves; bracts straight, 0.4–3 mm long"	"Centrolepis glabra"
