from	statement	to
1	"Stamens fully exserted from corolla-tube; flowers fragrant"	"Myosotis exarrhena"
1	"Stamens included in corolla-tube (anthers sometimes exserted in M. australis); flowers not fragrant"	2
2	"Calyx-hairs appressed, not hooked; leaf-hairs appressed"	"Myosotis laxa"
2	"Calyx-hairs spreading, hooked; leaf-hairs spreading"	3
3	"Corolla pale blue to sky blue with a yellow throat; pedicel longer than calyx in fruit"	4
3	"Corolla white or yellow, sometimes turning pale blue; pedicel shorter than calyx in fruit"	5
4	"Style about as long as stamens; corolla 6–10 mm diam., lobes more than 2 mm long"	"Myosotis sylvatica"
4	"Style shorter than stamens; corolla 2–5 mm diam., lobes less than 2 mm long"	"Myosotis arvensis"
5	"Corolla white or yellow; inflorescence axis hairs spreading; calyx-lobes triangular and c. twice as long as wide in fruit; calyx-hairs usually long and dense"	"Myosotis australis"
5	"Corolla white or yellow, turning blue; inflorescence axis hairs appressed; calyx-lobes linear to narrow-triangular and 2.5–3 times longer than wide in fruit; calyx-hairs short and sparse"	"Myosotis discolor"
