1	"Leaf-blades terete or oval in cross-section (rarely somewhat angular or flattened at apex)"	2
1	"Leaf-blades flat or 4-angled in cross-section, or all reduced to flattened mucros on sheaths"	5
from	statement	to
2	"Leaves hollow, perfectly transversely septate"	"Baumea articulata"
2	"Leaves pith-filled, occasionally irregularly transversely septate"	3
3	"Spikelets few, not in dense clusters, 1-flowered; glumes 2–4 (mostly 3)"	"Baumea gunnii"
3	"Spikelets numerous, often clustered, 1–4-flowered; glumes 4–6"	4
4	"Nut straw-coloured to whitish, with acute apex, triquetrous, 2.0–2.5 mm long, 1.0–1.3 mm diam.; spikelets spaced ± evenly along branches; leaf-blades and involucral bracts terete and obviously transversely septate when dry"	"Baumea arthrophylla"
4	"Nut pale red-brown to bright orange at maturity, with obtuse apex, obscurely trigonous, 2.2–4.0 mm long, 1.2–2.0 mm diam.; spikelets usually in dense, discrete clusters on inflorescence branches; leaf-blades and involucral bracts flattened at least at apex, not appearing septate when dry"	"Baumea rubiginosa"
5	"All leaves reduced to flattened mucros; culms 1–3-noded"	"Baumea juncea"
5	"Basal leaves well-developed (cauline leaves reduced if present); culms nodeless or 1-(rarely 2)-noded"	6
6	"Leaves square to rhomboid (occasionally narrowly so) in cross-section, faces concave or occasionally flat"	"Baumea tetragona"
6	"Leaves flattened (at least near apex in B. rubiginosa) or narrow-rhomboid, faces flat or convex"	7
7	"Leaves scabrous, with raised'midrib'even if otherwise flat"	"Baumea planifolia"
7	"Leaves smooth, without a raised 'midrib'"	8
8	"Spikelets 1-flowered; glumes 3 or 4; inflorescence 2–6 cm long (rarely to 14 cm), no more than 1 cm dia"	"Baumea acuta"
8	"Spikelets 2–5-flowered; glumes 4 or 5; inflorescence usually 15–40 cm long (occasionally as short as 7 cm), 1–2.5 cm dia"	9
9	"Nut straw-coloured to red-brown; culms nodeless; leaves flat throughout; spikelets ± few, spread out on long branches"	"Baumea laxa"
9	"Nut bright orange (paler red-brown when immature); culms 1–2-noded (rarely nodeless); leaves often terete near base; spikelets numerous, in dense discrete clusters"	"Baumea rubiginosa"
