from	statement	to
1	"Leaves U-to crescent-shaped in cross-section, tough"	"Uncinia sulcata"
1	"Leaves nearly flat or broadly V-shaped in cross-section or filiform, ± soft"	2
2	"Inflorescence more than 4 cm long; spikelets somewhat spread out along axis; tussocks rather large with fibrous bases"	3
2	"Inflorescence 0.7–3 cm long; spikelets ± crowded (sometimes spread out towards base); tussocks small or culms spread out along rhizome"	4
3	"Female glumes persistent; utricles distinctly longer than glumes, 6–7 mm long; culms scaberulous toward apex"	"Uncinia riparia"
3	"Female glumes deciduous; utricles ± the same length as glumes, 4.5–6 mm long; culms smooth"	"Uncinia nemoralis"
4	"Leaves 2–3.5 mm wide; culms usually scabrous below inflorescence, 0.8–1.1 mm dia"	"Uncinia compacta"
4	"Leaves 0.5–1.8 mm wide; culms mostly smooth below inflorescence, 0.2–0.7 mm diam"	5
5	"Stamens 3; inflorescence 1.5–3 cm long; utricle 1.5–1.8 mm diam.; leaves shorter than culms, 0.8–1.8 mm wide; culms 0.3–0.7 mm dia"	"Uncinia flaccida"
5	"Stamens 2; inflorescence 0.7–1.5 cm long; utricle 0.8–1 mm diam.; leaves exceeding or equalling culms, 0.5–1 mm wide; culms 0.2–0.4 mm diam"	"Uncinia tenella"
