from	statement	to
1	"Petals yellow; seeds covered with small bumps, not mucilaginous"	2
1	"Petals white; seeds reticulate or ± smooth, often mucilaginous when wet"	3
2	"Fruit somewhat inflated, up to 10 mm long and 3 mm wide; petals 1–2 mm long"	"Rorippa palustris"
2	"Fruit linear, slender, usually > 10 mm long, c. 1 mm wide; petals 2–6 mm long"	"Rorippa sylvestris"
3	"Stamens 6; seed coat firm, reticulate"	4
3	"Stamens 4; seed coat spongy, not reticulate"	5
4	"Leaves petiolate; pedicels usually more than 8 mm long; seeds not mucilaginous when wet"	"Rorippa dictyosperma"
4	"Leaves sessile (stem leaves sagittate); pedicels 3–8 mm long; seeds mucilaginous when wet"	"Rorippa gigantea"
5	"Seeds in 2 rows, not winged, up to 0.8 mm long; petals shorter than sepals"	"Rorippa eustylis"
5	"Seeds in 1 row, slightly winged, more than 0.7 mm long; petals longer than sepals"	"Rorippa laciniata"
