1	"Petiole with sparse purple striations on a green background, leaf midrib green"	2
1	"Petiole with dense to sparse purple striations on a green background, at least the lower part of the leaf midrib similarly coloured"	3
from	statement	to
2	"Terminal leaf-lobe sagittate, often with a distinct mucro"	"Taraxacum pruinatum"
2	"Terminal leaf-lobe rounded-triangular, without a distinct mucro"	"Taraxacum akteum"
3	"At least ¾ of leaf midrib with dense purple striations"	4
3	"Only the basal 1/3 of leaf midrib with dense purple striations"	6
4	"Terminal leaf-lobe longer than wide, sagittate"	"Taraxacum spiculatum"
4	"Terminal leaf-lobe as long as wide, more or less triangular"	5
5	"Terminal leaf-lobe with a distinct mucro. Scape without a large laciniate bract"	"Taraxacum prionum"
5	"Terminal leaf-lobe without a distinct mucro. Scape frequently with a large laciniate bract"	"Taraxacum bracteatum"
6	"Lateral leaf-lobes patent and deltoid, but the apices may be upturned or downturned"	7
6	"Lateral leaf-lobes hamate"	8
7	"Distal margins of the lateral leaf-lobes plane or with one acute tooth"	"Taraxacum ericinoides"
7	"Distal margins of the lateral leaf-lobes dissected into linear acute lobules"	"Taraxacum kernianum"
8	"Lateral leaf-lobes of the middle and inner leaves with markedly dentate distal margins"	"Taraxacum subericinum"
8	"Lateral leaf-lobes of the middle and inner leaves with plane or denticulate margins"	9
9	"Outer involucral bracts with a white hair-fringed border"	"Taraxacum hamatulum"
9	"Outer involucral bracts with an indistinct white border, not hair-fringed"	"Taraxacum hamiferum"
