from	statement	to
1	"Small trees, shrubs or semi-woody herbs; style 1; sepals, petals and stamens each 5; capsule septicidal, lacking distal horns"	2
1	"Herbs; styles 2, separate at base (fused distally) or separate throughout; sepals, petals and stamens each 4; capsule loculicidal, 2-horned distally"	3
2	"Stamens inserted on the corolla tube, distinctly below the sinus between the lobes; calyx lobes obtuse; flowers unisexual; erect leafy shrubs"	Logania
2	"Stamens inserted in the sinus between corolla lobes; calyx lobes acute; flowers bisexual; subshrubs, either more or less leafless and erect, or leafy and procumbent or trailing"	Orianthera
3	"Calyx absent; corolla enclosed in a 2-lobed foliaceous involucre (appearing like a 2-lobed calyx)"	Phyllangium
3	"Calyx present; involucre absent"	4
4	"Calyx with sepals fused into cupular, campanulate or cylindric tube, with all lobes similar"	Mitrasacme
4	"Calyx with very short tube, with lobes dimorphic"	"Schizacme:Schizacme montana"
