from	statement	to
1	"Stamens arranged symmetrically around the style, alternating with 3 staminodes"	"Watsonia marginata"
1	"Stamens arranged asymmetrically such that all 3 anthers are displaced to one side of the flower, staminodes absent"	2
2	"Flowers white"	"Watsonia versfeldii"
2	"Flowers pink to red"	3
3	"Upper perianth tube (after bend) more than twice as long as lobes; lobes c. 1 cm long"	"Watsonia aletroides"
3	"Upper perianth tube (after bend) less than twice as long as lobes; lobes more than 1.5 cm long"	4
4	"Perianth lobes 2.8–3.5 cm long"	"Watsonia borbonica"
4	"Perianth lobes 1.7–2.6 cm long"	"Watsonia meriana"
