from	statement	to
1	"Cypselas mostly 7–10 mm long; pappus scales 30–66, hardly widened at base; ligules to c. 15 mm long; roots several, cylindrical or long-tapered, usually branched shortly below leaves; mostly from basalt plains"	"Microseris scapigera"
1	"Cypselas usually less than 7 mm long; pappus scales to c. 20, noticeably widened at base; ligules usually more than 15 mm long; roots cylindrical or napiform, branched or not; lowland to alpine plants, rarely on basaltic soils"	2
2	"Pappus scales 10–20, c. 0.3–0.5 mm wide at base; fleshy roots several, cylindrical to long-tapered, branching just below ground-level; alpine and subalpine"	"Microseris lanceolata"
2	"Pappus scales usually c. 10, 0.5–1.3 mm wide at base; fleshy root usually expanding to a solitary, napiform to narrow-ellipsoid or narrow-ovoid, annually replaced tuber (rarely stocky, few-branched and apparently perennial); widespread in lowland areas"	"Microseris walteri"
