1	"Aquatics with all leaves permanently submerged and divided into numerous filiform or linear segments, often rapidly shrivelling upon exposure to air (but inflorescences sometimes emergent)"	2	
1	"Land plants or semi-aquatics, with at least the terminal leaves (when present) normally exposed to the air (but leaves sometimes lying flat on water surface)"	6	
2	"Leaves whorled; flowers minute, inconspicuous"	3	
2	"Leaves alternate or opposite; flowers conspicuous"	4	
from	statement	to	shortcut
3	"Leaves pinnately dissected; flowers in a terminal spike; perianth present"	Haloragaceae	
3	"Leaves dichotomously forked 1–3 times; perianth absent"	Ceratophyllaceae	
4	"Leaves opposite; flowers with dark red or blackish perianth segments"	Cabombaceae	
4	"Leaves alternate; flowers with yellowish segments"	5	
5	"Plant free-floating; leaves interspersed with bladders; flower zygomorphic, conspicuously spurred, emergent on erect peduncle; fruit a capsule, ripening in the air"	Lentibulariaceae	
5	"Plant rooted in mud; bladders absent; flower actinomorphic, barely emergent; pedicel recurving in fruit (head of achenes ripening under water)"	Ranunculaceae	
6	"Herbs lacking chlorophyll (stems brownish or yellowish); leaves reduced to scales, or absent; fruit a capsule"	7	
6	"Green plants; if ever leaves absent at maturity, then plants woody; fruit various"	8	
7	"Slender, twining, stem-parasites; flowers actinomorphic, minute, usually in globoid clusters"	Convolvulaceae	
7	"Stout, erect, root parasites; flowers zygomorphic, conspicuous, more or less tubular, arranged in spikes"	Orobanchaceae	
8	"Leafless, twining, stem-parasites, rooted only in juvenile phase; flowers 3-partite; fruit a drupe with viscid flesh"	Lauraceae	
8	"Plants rooted at maturity, or if stem-parasites then not twining, leaves normally present and flowers 4–5-partite"	9	
9	"Shrubs and trees with jointed, grooved, filiform branchlets; leaves present as whorls of 5 or more minute teeth, encircling branchlet joints; infructescence a woody cone"	Casuarinaceae	
9	"Plants not combining the above features"	10	
10	"Perianth absent or of 1 whorl, or of 2 or more similar whorls (sometimes falling off as an operculum at anthesis)"	11	
10	"Perianth of 2 (rarely more) distinct whorls (sepals and petals), differing from each other in shape, size or colour (calyx or corolla sometimes deciduous at anthesis)"	101	
11	"Perianth corolla-like (but sometimes very small), at least the inner segments usually brightly coloured or white (in Eupomatia the perianth is operculate, falling entire at anthesis to expose several series of petaloid staminodes)"	12	
11	"Perianth wholly greenish and calyx-like, or colourless and papery, or absent"	47	
12	"Stamens numerous (more than 12)"	13	
12	"Stamens 12 or fewer"	20	
13	"Aquatic herbs, rooted in mud, with floating, peltate leaves and dark purple flowers"	Cabombaceae	
13	"Terrestrial plants, or if ever aquatic or semi-aquatic, flowers not dark purple"	14	
14	"Ovary inferior or semi-inferior; perianth segments and/or staminodes usually numerous (more than c. 20); plants often succulent"	15	
14	"Ovary superior; perianth segments fewer than 20; plants usually not succulent"	17	
15	"Tree or woody shrub of eastern rainforests; flowers with a deciduous operculum, scented; carpels numerous, immersed in the hypanthium"	Eupomatiaceae	
15	"Succulent plants (leaves sometimes absent); flowers not operculate, not or hardly scented"	16	
16	"Leaves always present; perianth tubular, 4- or 5-lobed, often with numerous petaloid staminodes; ovary 5-many-locular; plants not spinose"	Aizoaceae	
16	"Leaves absent or early deciduous, the branches flattened, usually spinose; perianth segments free, in several series, staminodes absent; ovary 1-locular"	Cactaceae	
17	"Carpels free or nearly so"	18	
17	"Carpels united"	19	
18	"Carpels numerous (rarely 5); flowers bisexual or unisexual; fruit a head or spike or achenes; herbs"	Ranunculaceae	
18	"Carpels 5; perianth of a single whorl of petaloid sepals; flowers unisexual; fruit a woody follicle; trees"	Malvaceae	
19	"Herbs; petals usually 4, relatively large and brightly coloured; sepals 2 (sometimes fused into a narrowly conical operculum), falling as the flower opens; carpels 2, or 4-many"	Papaveraceae	
19	"Shrubs; perianth segments small, 3–6; carpels and loculi of ovary both 3"	Euphorbiaceae	
20	"Ovary inferior (or becoming so after anthesis)"	21	
20	"Ovary superior"	29	
21	"Trees or shrubs"	22	
21	Herbs	24	
22	"Anthers cohering in a tube around the 2-armed style; flowers always sessile, in bracteate heads"	Asteraceae	
22	"Stamens free or aggregated in clusters, anthers not cohering; style undivided"	23	
23	"Aromatic shrubs with narrow, oil-dotted leaves; fruit dry"	Myrtaceae	
23	"Non-aromatic shrubs or trees, leaves never oil-dotted, sometimes reduced and scale-like; fruit a drupe"	Santalaceae	
24	"Leaves in whorls of 4 or more (paired only in north-western Asperula gemella which has filiform, dichotomously branched stems)"	Rubiaceae	
24	"Leaves not in whorls"	25	
25	"Flowers sessile, in heads surrounded by a common involucre"	26	
25	"Flowers not in true heads, but sometimes very shortly stalked in compact umbels"	27	
26	"Stamens free; flowers bisexual"	Dipsacaceae	
26	"Anthers cohering in a tube around the style, or flowers unisexual"	Asteraceae	
27	"Flowers in umbels (sometimes compound); perianth tube absent; fruit of 2 mericarps (includes Hydrocotyle and Trachymene which are now included in Araliaceae, see note under family description)"	Apiaceae	
27	"Flowers not in umbels; perianth tube present and distinct; fruit nut-like"	28	
28	"Flowers in cymes; leaves opposite; stamens 1–3; weeds or garden-escapes"	Valerianaceae	
28	"Flowers solitary in axils; leaves alternate; stamens 5; rare herb of eastern highlands"	Santalaceae	
29	"Perianth strongly zygomorphic, often spurred or saccate at base; sepals 2, soon deciduous; stamens 2 (both 3-lobed), or if 4, then plants strongly curry-scented; leaves much-divided"	Papaveraceae	
29	"Perianth actinomorphic, or if ever zygomorphic, then never spurred, nor leaves much-divided or curry-scented"	30	
30	Herbs	31	
30	"Shrubs or trees"	38	
31	"Perianth segments 4, united for the greater part, non-glandular; stamens 2; leaves commonly opposite"	Thymelaeaceae	
31	"Perianth segments 5"	32	
32	"Perianth segments united, glandular-hairy; stamens 1–4"	Nyctaginaceae	
32	"Perianth segments free, non-glandular"	33	
33	"Stipules present, sheathing and scarious; inflorescence a spike"	Polygonaceae	
33	"Stipules absent; inflorescence a raceme or cluster, or flowers solitary"	34	
34	"Flowers in long racemes"	35	
34	"Flowers solitary or in axillary clusters"	36	
35	"Climber; racemes axillary; flowers each subtended by 2 pairs of connate bracts; fruit not produced"	Basellaceae	
35	"Shrubby plant; racemes leaf-opposed; bracts free, not paired; fruit a purplish berry"	Phytolaccaceae	
36	"Receptacle long, columnar, with numerous carpels; fruit a spike of achenes"	Ranunculaceae	
36	"Receptacle short, few-carpellate; fruit not a spike of achenes"	37	
37	"Perianth segments free, spreading"	Molluginaceae	
37	"Perianth tubular (sometimes shortly)"	Aizoaceae	
38	"Perianth tubular (usually long-tubular); stamens 2 (4 in rare alpine, Kelleria); leaves often opposite and flowers often in heads"	Thymelaeaceae	
38	"Perianth not or only slightly tubular; stamens more than 2"	39	
39	"Flowers unisexual"	40	
39	"Flowers bisexual"	42	
40	"Leaves opposite, 2 cm long or more, strongly nutmeg-scented when crushed; tall shrubs or trees of cool-temperate rainforest"	Atherospermataceae	
40	"Leaves alternate, or if ever opposite, less than 2 cm long, never nutmeg-scented; shrubs under 3 m high (only Phyllanthus gunnii ever occurring in rainforest)"	41	
41	"Stamens 6 or 9; at least some leaves opposite or in 3s; stipules minute and inconspicuous, or lacking"	Picrodendraceae	
41	"Stamens 3; leaves simple an alternate; stipules sometimes small but conspicuous"	Phyllanthaceae	
42	"Perianth segments 4; stamens 4, often fused with perianth segments"	Proteaceae	
42	"Perianth segments and, or stamens more than 4 (stamens never fused to perianth segments)"	43	
43	"Hairy (often stellate-hairy) shrubs"	44	
43	"Glabrous shrubs or trees"	45	
44	"Flowers yellow; stamens 10"	Rutaceae	
44	"Flowers white, pink or mauve; stamens 5"	Malvaceae	
45	"Shrubs with toothed leaves (each leaf subtended by a deeply 5-lobed spine); flowers yellow, in drooping racemes"	Berberidaceae	
45	"Trees or shrubs; leaves entire or absent"	46	
46	"Plants hemiparasitic; leaves absent, reduced to scales or well developed with bipinnate venation, domatia absent; perianth segments and stamens unimerous"	Santalaceae	
46	"Plants not hemiparasitic; leaves oblong, ovate to broadly ovate, 3-veined with conspicuous domatia in axils or with pinnate venation without domatia; perianth segments and stamens di- or trimerous"	Lauraceae	
47	"Non-woody plants"	48	
47	"Woody plants (trees, shrubs or stem-parasites)"	70	
48	"Water plants; leaves simple, opposite, under 2 cm long; flowers minute, solitary in axils, without a perianth; fruit flattened, 4-lobed"	Plantaginaceae	
48	"Terrestrial plants (but sometimes growing on mud); if flowers ever minute and solitary in axils, then perianth present"	49	
49	"Flowers in simple or compound umbels"	50	
49	"Flowers not in umbels"	51	
50	"Leaves whorled; ovary superior; fruit a 3-locular capsule"	Molluginaceae	
50	"Leaves not whorled, often compound; ovary inferior; fruit of 2 mericarps (or 1 by abortion); plants often aromatic (includes Hydrocotyle and Trachymene which are now included in Araliaceae, see note under family description)"	Apiaceae	
51	"Leaves pinnate or deeply dissected"	52	
51	"Leaves simple or absent"	53	
52	"Leaves compound (pinnate or palmate), stipulate, more or less odourless; flowers in heads, clusters or corymbs"	Rosaceae	
52	"Leaves deeply dissected but not compound, without stipules, odorous; flowers in racemes"	Brassicaceae	
53	"Inflorescence of several male flowers (each of 1 stamen on a jointed pedicel), and 1 female flower (reduced to a stalked, 3-locular ovary), all grouped together in a common involucre (cyathium) having 4 or 5 crescentic or rounded glands; plants with milky latex"	Euphorbiaceae	
53	"Inflorescence not as above"	54	
54	"Inflorescence of 1–several heads of minute sessile flowers surrounded by involucral bracts (heads sometimes unisexual, then the females in lower leaf-axils); ovary inferior; fruit a cypsela"	Asteraceae	
54	"Flowers not in true heads (but sometimes contracted in clusters); fruit not a cypsela"	55	
55	"Leaves absent; stems succulent, jointed; perianth immersed in stem-joints; plants of damp saline ground"	Chenopodiaceae	
55	"Leaves present and obvious; stems not succulent or conspicuously jointed"	56	
56	"Leaves all opposite or whorled"	57	
56	"Leaves alternate or radical (occasionally the lowermost opposite)"	61	
57	"Leaves toothed or lobed"	58	
57	"Leaves entire"	59	
58	"Plants with stinging hairs"	Urticaceae	
58	"Plants lacking stinging hairs"	Cannabaceae	
59	"Perianth segments 2 or perianth 2-lobed, or perianth absent; stamen 1; plants often growing on mud"	Plantaginaceae	
59	"Perianth segments 4 or more; stamens 3 or more"	60	
60	"Leaves whorled; stipules soon deciduous; stigmas 3, virtually sessile on ovary"	Molluginaceae	
60	"Leaves opposite (upper leaves sometimes alternate); stigmas not sessile"	Caryophyllaceae	
61	"Leaves with persistent membranous stipules ensheathing the stem (sometimes shredding with age) or adnate to the petiole"	62	
61	"Stipules absent or free, not stem-sheathing or fused to the petiole"	63	
62	"Stiples ensheathing the stem; flowers with 2–6 perianth segments"	Polygonaceae	
62	"Stipules fused to petioles; perianth absent"	Saururaceae	
63	"Stipules leaf-like; perianth of 4 segments, subtended or encircled by a 4-partite epicalyx; leaves palmately lobed"	Rosaceae	
63	"Stipules very small or absent; perianth without an epicalyx"	64	
64	"Ovary superior, 2–several-locular; fruit 2–several-seeded"	65	
64	"Ovary inferior or superior, 1-locular; fruit 1-seeded"	67	
65	"Ovary 3-locular, 3–6-seeded"	Phyllanthaceae	
65	"Ovary 2-locular, 2-seeded"	66	
66	"Leaves reniform; flowers solitary in axils; sepals and stamens 5; plants prostrate, rooting at nodes"	Convolvulaceae	
66	"Leaves not reniform; flowers in elongating racemes; sepals 4, stamens 4 or 6; plants more or less erect, never rooting at nodes"	Brassicaceae	
67	"Ovary inferior; flowers solitary in axils; leaves linear; rare plant of eastern highlands"	Santalaceae	
67	"Ovary superior"	68	
68	"Style 1, the stigma sometimes feathery; flowers 2- or 4-partite; tender herbs"	Urticaceae	
68	"Styles 2 or more, free or united near base; stigmas simple; flowers mostly 5-partite"	69	
69	"Perianth herbaceous; plants often of saline ground; flowers usually small and greenish (perianth sometimes enlarging and showy in fruit)"	Chenopodiaceae	
69	"Perianth scarious; plants rarely of saline ground; flowers frequently quite showy"	Amaranthaceae	
70	"Stem parasites; leaves opposite, thickish, or absent; flowers bisexual"	Santalaceae	
70	"Plants not parasitic or root-parasites only"	71	
71	Climbers	72	
71	"Non-climbers (sometimes only weakly shrubby)"	73	
72	"Plants climbing by tendrils; leaves palmate with 5 leaflets"	Vitaceae	
72	"Plants climbing by small adventitious roots"	Araliaceae	
73	"Trees or large shrubs of forest gullies and streamsides, with large, glabrous and glossy, opposite leaves; flowers unisexual, the males with numerous stamens, females with 10–20 free carpels maturing a succulent, yellow aggregate fruit (Hedycarya)"	Monimiaceae	
73	"Plants not as above"	74	
74	"Leaves with membranous, stem-sheathing stipules (ochreas), sometimes shredding with age, or leaves absent; style-arms 3; fruit trigonous or biconvex nut"	Polygonaceae	
74	"Leaves either without stipules, or stipules not sheathing and soon deciduous, or if leaves absent, then style-arms 2; fruit not a trigonous nut"	75	
75	"Flowers numerous, unisexual, in catkins; individual flowers usually subtended by a small bract; mostly deciduous trees and shrubs"	76	
75	"Flowers not in catkins; plants usually evergreen"	79	
76	"Ovary superior; fruit a capsule"	Salicaceae	
76	"Ovary inferior; fruit a nut or winged samara"	77	
77	"Leaves pinnate; fruit a drupe-like nut with a thick fleshy husk covering a thick, wrinkled shell (Walnuts)"	Juglandaceae	
77	"Leaves simple, often deeply lobed; fruit not as above"	78	
78	"Fruits subtended or enclosed by a cupule (Quercus)"	Fagaceae	
78	"Fruits usually winged, not subtended by a cupule (Betula)"	Betulaceae	
79	"Flowers numerous, minute, enclosed within a hollow, fleshy receptacle (fig) or inflroescence capitate, fruit a large syncap; rare evergreen rainforest tree of extreme east, or garden-escapes; sap milky"	Moraceae	
79	"Flowers not enclosed within receptacle"	80	
80	"Ovary inferior or partly inferior"	81	
80	"Ovary superior"	87	
81	"Flowers with an operculum that is deciduous at anthesis; stamens numerous"	82	
81	"Flowers non-operculate; stamens 5 or fewer"	83	
82	"Foliage odourless, not oil-dotted; inner stamens sterile, broad and petaloid; shrubs or trees of eastern rainforests"	Eupomatiaceae	
82	"Foliage aromatic, with translucent oil dots; stamens never broad and petaloid (sometimes outer stamens sterile)"	Myrtaceae	
83	"Trees; flowers unisexual, the females sessile (1 or 3 together) in a scaly 4-valved or cup-shaped involucre"	Nothofagaceae	
83	"Shrubs or small trees; flowers usually bisexual, never grouped within a common involucre"	84	
84	"Leaves alternate, hairy (often with stellate hairs); fruit splitting into 3, 1-seeded chambers"	Rhamnaceae	
84	"Leaves opposite, glabrous, or much reduced and scale-like"	85	
85	"Leaves subtending spines; fruit dry, capsular, 3-chambered"	Rhamnaceae	
85	"Plants not spinose; fruit 1-seeded, a drupe or nut"	86	
86	"Leaves entire, dull; sepals deciduous in fruit"	Santalaceae	
86	"Leaves toothed, glossy; sepals enlarged and persistent in fruit"	Aphanopetalaceae	
87	"Deciduous trees with opposite or alternate leaves; fruit a single samara or a pair of basally joined samaras; garden-escapes"	88	
87	"Plants not deciduous; fruit not a samara"	90	
88	"Leaves alternate, 1-foliate; margins serrate (Ulmus)"	Ulmaceae	
88	"Leaves opposite, deeply lobed or pinnate"	89	
89	"Leaves pinnate; samaras single (Fraxinus)"	Oleaceae	
89	"Leaves palmately lobed; samaras paired (Acer)"	Sapindaceae	
90	"Ovary 1-locular with several ovules; fruit an oblong to linear, several-seeded pod; stamens numerous and much exceeding the perianth"	Fabaceae	"Fabaceae subfam. Mimosoideae"
90	"Ovary 2-many-locular, or 1-locular and 1-ovulate; fruit not a pod; stamens usually few, but if many, then flowers unisexual"	91	
91	"Ovary of 4–30 carpels radiating from a central column; stamens 8–60; flowers unisexual; shrubs or slender trees of mallee regions"	Gyrostemonaceae	
91	"Ovary 1–3-locular; stamens 6 or fewer (rarely to 9)"	92	
92	"Ovary 1-locular; fruit single-seeded"	93	
92	"Ovary 3- or 4-locular; fruit usually several-seeded (rarely 1-seeded by abortion)"	95	
93	"Style simple, very short; leaves small and soon deciduous, or reduced to scales; fruit a drupe"	Santalaceae	
93	"Style 2-branched from base"	94	
94	"Trees; leaves broad, often scabrous, stipulate at least when young; fruit winged or a drupe"	Cannabaceae	
94	"Shrubs; leaves often succulent, sometimes very small or absent, if ever broad, then never scabrous; fruit dry, but fruiting perianth sometimes inflated or fleshy; plants often from saline ground"	Chenopodiaceae	
95	"Fruit with 3 or 4 sharp angles or papery wings; each locule 2-seeded; shrubs commonly viscid or resinous"	Sapindaceae	
95	"Fruit not sharply angled or winged; locules 1- or 2-seeded"	96	
96	"Fruit blackish, drupe-like, with 3 bony nutlets; naturalized shrub of near-coastal areas (Rhamnus)"	Rhamnaceae	
96	"Fruit not drupaceous"	97	
97	"Fruit of 1–4 persistent, tardily dehiscent, 1-seeded lobes; seeds with a large scarlet aril; grey-green tree or shrub of mallee"	Sapindaceae	
97	"Fruit 3-chambered, readily dehiscent; seeds not red-arillate"	98	
98	"Inflorescence a loose terminal (and sometimes upper-axillary) cyme or cymose panicle; flowers bisexual"	Rhamnaceae	
98	"Inflorescence a spike, or flowers axillary (either solitary or densely clustered); flowers often unisexual"	99	
99	"Ovules 1 per locule; seeds usually 3 per fruit; hairs, if present, often branched, or surfaces invested with peltate scales; petioles often with small glands just below leaf lamina; leaf lamina sometimes lobed."	Euphorbiaceae	
99	"Ovules 2 per locule (but fruit maturing 1–6 seeds); hairs, if present, simple; petioles lacking glands; leaf lamina entire or trifoliolate"	100	
100	"Stamens 6 or 9; at least some leaves opposite or in 3s; stipules minute and inconspicuous, or lacking"	Picrodendraceae	
100	"Stamens 3; leaves simple and alternate; stipules sometimes small but conspicuous"	Phyllanthaceae	
101	"Petals all united (or rarely with 1 free petal), at least at the base, the tubular part sometimes short"	102	
101	"Petals free to base (rarely shortly united near the tips)"	173	
102	"Ovary inferior"	103	
102	"Ovary superior (but sometimes closely surrounded by a narrow calyx-tube)"	118	
103	"Flowers in heads, surrounded by an involucre of bracts or floral leaves"	104	
103	"Flowers never in heads (if clustered, then without a common involucre)"	106	
104	"Anthers cohering in a tube around the style, if ever free (rarely), then heads unisexual; calyx absent, but a pappus of scales or bristles sometimes present at summit of ovary"	Asteraceae	
104	"Anthers free; calyx well-developed"	105	
105	"Heads large, 2.5 cm wide or more; tall, prickly, thistle-like biennials, or annuals with dissected foliage; flowers with an epicalyx of united bracteoles"	Dipsacaceae	
105	"Heads under 2.5 cm wide; plants neither prickly, nor with dissected leaves; epicalyx absent"	Rubiaceae	
106	"Anthers 2, fused with the style to form a column which is often irritable; flowers very zygomorphic, one petal (the labellum) much reduced"	Stylidiaceae	
106	"Anthers not fused with the style; flowers actinomorphic or zygomorphic, but then never with one petal much reduced"	107	
107	"Anthers connate, forming a tube around the style; flowers zygomorphic, blue, purplish or white; plants often with milky sap"	Campanulaceae	
107	"Anthers free; flowers actinomorphic or zygomorphic; plants lacking latex"	108	
108	"Flowers 2-lipped, or fan-shaped, often with winged petals; stigma with an indusial cup"	Goodeniaceae	
108	"Flowers not 2-lipped; stigma without an indusial cup"	109	
109	"Stem-parasites (mistletoes)"	Loranthaceae	
109	"Plants never parasitic"	110	
110	"Leaves alternate"	111	
110	"Leaves opposite"	114	
111	"Annual herbs with alternate, broad, cordate leaves, climbing or scrambling by tendrils"	Cucurbitaceae	
111	"Herbs or woody plants, but never with tendrils; leaves often opposite"	112	
112	"Creeping semi-shrub of shaded subalpine gullies and slopes; flowers axillary; corolla urceolate or campanulate, greenish; fruit a berry"	Alseuosmiaceae	
112	"Herbs; flowers terminal or in racemes, white or bluish; fruit capsular"	113	
113	"Stamens opposite corolla-lobes; flowers white; stigma capitate; ovary 1-locular"	Primulaceae	
113	"Stamens alternating with corolla-lobes; flowers bluish; stigmas 2–5; ovary 2–5-locular"	Campanulaceae	
114	"Leaves pinnate"	Caprifoliaceae	
114	"Leaves simple"	115	
115	"Leaves with stipules or apparently whorled (whorl including leaf-like stipules); stamens 4, or if more then flowers unisexual"	Rubiaceae	
115	"Leaves without stipules, not whorled"	116	
116	"Shrubs or woody climbers or twiners; fruit a red or blackish drupe or berry; garden escapes"	Caprifoliaceae	
116	"Herbs; fruit a capsule or achene, or if ever berry-like then never red or blackish; mostly native"	117	
117	"Stamens 1–3, inserted on the narrowly tubular corolla; flowers pink, white or mauve"	Valerianaceae	
117	"Stamens 4 or 5, not inserted on the funnel-shaped corolla; flowers blue or purple (sometimes yellowish outside)"	Campanulaceae	
118	"Stamens very numerous, much longer than the minute perianth; flowers in dense heads or spikes"	Fabaceae	"Fabaceae subfam. Mimosoideae"
118	"Stamens 10 or fewer"	119	
119	"Stamens 6–10"	120	
119	"Stamens 5 or fewer"	123	
120	"Flowers actinomorphic; stamens 8–10, free"	121	
120	"Flowers strongly zygomorphic; stamens 6–10, sometimes united into a tube"	122	
121	"Leaves opposite, 5 mm wide or more, stellate-hairy; fruit splitting into 4, 1- or 2-seeded chambers"	Rutaceae	
121	"Leaves alternate, or if ever opposite or whorled, then small, ericoid (much less than 5 mm wide), not stellate-hairy (but stems sometimes with barbellate or ciliate bristles); fruit a many-seeded capsule or a globose berry"	Ericaceae	
122	"Petals 5, the uppermost usually larger than others, the lowermost pair united for the greater part forming a keel; stamens 10; leaves sometimes divided"	Fabaceae	"Fabaceae subfam. Faboideae"
122	"Petals 3 (but 2 sepals enlarged and petaloid); stamens 6–8; leaves entire"	Polygalaceae	
123	"Flowers blue, 5-partite, in hemispherical heads terminating naked peduncles; leaves all basal"	Goodeniaceae	
123	"Plants not combining features as above"	124	
124	"Sepals 2 (with or without a pair of sepal-like bracts subtending calyx); petals 5; corolla actinomorphic"	125	
124	"Sepals more than 2, or if 2, then corolla zygomorphic (2 sepal-like bracts some times present outside calyx)"	127	
125	"Vigorous, tuberous vine with broad ovate or cordate leaves (apparent sepals actually bracts, in 2 connate pairs below perianth of 5 tepals); fruit never maturing"	Basellaceae	
125	"Small non-scandent herbs; sepals not subtended by a pair of sepal-like bracts"	126	
126	"Flowers white, pink or purple; style-branches 3; ovary superior; capsule dehiscing longitudinally"	Montiaceae	
126	"Flowers yellow; style-branches 3–7; ovary semi-inferior; capsule circumsciss"	Portulacaceae	
127	"Ovary deeply 4-lobed"	128	
127	"Ovary not 4-lobed"	130	
128	"Leaves alternate (often rosetted at base), often with tubercle-based hairs or bristles; stems not 4-angled; corolla actinomorphic"	Boraginaceae	
128	"Leaves opposite; stems usually 4-angled; corolla often zygomorphic"	129	
129	"Corolla not or hardly zygomorphic, 5-cleft; style terminal; plants hardly aromatic"	Verbenaceae	
129	"Corolla distinctly zygomorphic, or almost equally 4-cleft; style gynobasic or arising between the 4 lobes of the ovary; plants commonly aromatic"	Lamiaceae	
130	"Corolla zygomorphic"	131	
130	"Corolla actinomorphic"	145	
131	"Sepals 3, the lower sepal larger and spurred; petals 5, partially fused, the uppermost petal free and the lower 4 fused in laterial pairs; pedicle twisted through 180°; garden escape"	Balsaminaceae	
131	"Plants not containing the features above"	132	
132	"Herbs of wet ground with small (c. 1–2 mm diam.) bladders on roots (for the capture and digestion of small organisms); leaves small, simple and more or less rosetted at base, or divided into filiform lobes; ovary 1-locular; corolla spurred, pink or purple, rarely yellow"	Lentibulariaceae	
132	"Roots without bladders; ovary 2-locular; if corolla spurred, then leaves neither rosetted at base nor divided into filiform segments"	133	
133	"Ovules 4; seeds never flat"	134	
133	"Ovules usually numerous; seeds sometimes flattened or winged"	135	
134	"Fruit a drupe, with 4-locular stone; leaves often alternate; woody shrubs, sometimes prostrate; stems not 4-angled"	Scrophulariaceae	
134	"Fruit dry, splitting into 2 or 4 nutlets; leaves always opposite; herbs or soft-wooded shrubs; stems usually strongly 4-angled"	Verbenaceae	
135	"Stamens 5"	136	
135	"Stamens 2 or 4"	137	
136	"Petals winged, with a membranous, often crinkled marginal portion bordering the firmer central part; stigma with a cup-like indusium"	Goodeniaceae	
136	"Petals unwinged; stigma without a stigmatic indusium"	Scrophulariaceae	
137	"Leaves pinnate; fruit capsular; seeds with wide hyaline wings; climbers of moist forests or in sheltered rock crevices"	Bignoniaceae	
137	"Leaves simple, but sometimes toothed; fruit and seeds not as above"	138	
138	"Fruit a berry; leaves of each opposite pair often very unequal; creeping epiphyte or lithophyte of moist, shaded gullies"	Gesneriaceae	
138	"Fruit dry, capsular; leaves of each opposite pair more or less equal, or leaves alternate or tufted at base"	139	
139	"Ovary 1-locular; fruit more than 10 cm long, with a slender beak that splits into 2 long, incurved horns"	Pedaliaceae	
139	"Ovary 2-locular; fruit less than 10 cm long, and without long apical horns"	140	
140	"Seeds attached to placenta by hooked processes on funicle; capsule explosively dehiscent; rare procumbent herb of far east or garden-escaped perennial with large, glossy, lobed leaves"	Acanthaceae	
140	"Seeds without hooked processes on funicle; capsule not explosively dehiscent"	141	
141	"Sepals 4, fused, lobes of equal length; plants usually with glandular pubescence"	Orobanchaceae	
141	"Plants lacking the above combination of characters, if ever with 4 fused sepals, then lobes unequal in length and plants lacking glandular hairs"	142	
142	"Flowers solitary in leaf axils, sometimes in clusters of 2 or 3, arising from a basal rosette; sepals fused; stigma with a single or pair of irritable flaps (responsive to touch); leaves often gland-dotted"	Phrymaceae	
142	"Flowers arranged in a spike or raceme, or if solitary then calyx of free sepals and stigma lacking irritable flaps"	143	
143	"Fertile stamens 2, sometimes with staminodes"	Plantaginaceae	
143	"Fertile stamens 4, usually in 2 unequal pairs"	144	
144	"Sepals free or shortly united at base; corolla 2-lipped, sometimes obscurely so and the lobes much shorter than tube"	Plantaginaceae	
144	"Corolla more or less cylindric (rarely 2-lipped, and then calyx united for c. half its length); sepals united, or if free then corolla lobes cylindric and c. as long or longer than tube"	Scrophulariaceae	
145	"Stamens fewer than corolla-lobes"	146	
145	"Stamens as many as corolla-lobes"	154	
146	"Climbing plants; leaves pinnate"	147	
146	"Non-climbing plants (but sometimes creeping epiphytes); leaves simple"	148	
147	"Leaflets 3; stamens 2; fruit a berry"	Oleaceae	
147	"Leaflets 5 or more; stamens 4; fruit a capsule"	Bignoniaceae	
148	"Shrub or small tree of intertidal mud of sheltered coasts and tidal streams, producing many erect, emergent straw-like roots (pneumatophores); fruit a fleshy 2-valved capsule, with cotyledons fully developed and green when falling from plant"	Verbenaceae	
148	"Plants not combining features as above"	149	
149	"Fruit a berry; leaves of each opposite pair often very unequal; creeping epiphyte or lithophyte of moist, shaded gullies in east"	Gesneriaceae	
149	"Plants not as above"	150	
150	"Fruit a drupe; shrubs or trees"	151	
150	"Fruit a capsule; herbs or shrubs"	152	
151	"Leaves opposite; flowers small, greenish; stamens 2"	Oleaceae	
151	"Leaves alternate; flowers conspicuous, white (often dotted in throat); stamens 4"	Scrophulariaceae	
152	"Shrubs (far west, north-west or far east only); leaves alternate; stamens 4"	Solanaceae	
152	"Herbs; leaves commonly opposite; stamens 2 or 4"	153	
153	"Stamens 2; flower colour variable; annual or perennial herbs or semi-woody shrubs"	Plantaginaceae	
153	"Stamens 4; flowers white or yellow; annual, biannual or short-lived perennial herbs"	Scrophulariaceae	
154	"Leaves opposite"	155	
154	"Leaves mostly alternate or all radical"	159	
155	"Carpels 2, usually free; style expanded into a ring below the stigma; plants usually with milky latex, often twiners"	Apocynaceae	
155	"Carpels united; style without a ring below the stigma; plants without latex; plants not twining (rarely semi-scandent woody shrubs)"	156	
156	"Stamens opposite petals; ovary 1-locular, with free-central placentation"	Primulaceae	
156	"Stamens alternating with petals; placentation never free-central"	157	
157	"Ovary 1-locular; herbs; leaves without stipules"	Gentianaceae	
157	"Ovary 2-locular; herbs or shrubs; leaves with stipules"	158	
158	"Plants glabrous or with simple hairs"	Loganiaceae	
158	"Plants with stellate hairs on leaves and branchlets"	Scrophulariaceae	
159	"Sepals, petals and stamens 4; rosetted herbs; flowers in slender spikes"	Plantaginaceae	
159	"Sepals, petals and stamens 5; habit and inflorescence various"	160	
160	"Climbers; corolla campanulate or tubular, 15 mm long or more, with imbricate lobes; stamens free from corolla"	Pittosporaceae	
160	"Non-climbing herbs or shrubs, or if ever climbing, then petals valvate or contorted and stamens at least partially fused with petals"	161	
161	"Leaves hard, ericoid, often pungent, usually with distinct parallel venation beneath; style and stigma undivided; fruit either a drupe or a 5-valved, 5-locular capsule (formally Epacridaceae)"	Ericaceae	
161	"Leaves not as above; style and/or stigma sometimes divided; if fruit ever 5-valved, then not 5-locular"	162	
162	"Flowers in scorpioid cymes"	163	
162	"Flowers not in scorpioid cymes"	164	
163	"Fruit a 1-seeded circumciss or irregularly dehiscent capsule; styles 5, free or united near base; ovary 1-locular"	Plumbaginaceae	
163	"Fruit a 2-seeded loculicidal capsule opening by 2 valves; style 1, deeply cleft; ovary 2-locular"	Boraginaceae	
164	"Stigmas 3–5; leaves sometimes pinnately divided"	165	
164	"Stigmas 1 or 2; leaves never pinnate"	166	
165	"Stigmas 3; fruit a 3-locular capsule; leaves pinnately divided"	Polemoniaceae	
165	"Stigmas 3–5; fruit of 3–5, 1-seeded nutlets, partially fused; leaves never pinnate; corolla lobes free at base"	Celastraceae	
166	"Stamens opposite petals; ovary 1-locular; placentation free-central"	167	
166	"Stamens alternating with petals; ovary 1–10-locular; placentation never free-central"	168	
167	"Herbs; fruit capsular"	Primulaceae	
167	"Trees or tall shrubs; fruit a drupe"	Myrsinaceae	
168	"Yellow-flowered marsh plants; leaves cordate, long-petiolate; fruit with numerous seeds"	Menyanthaceae	
168	"Not as above, or if leaves long-petiolate, then seeds very few"	169	
169	"Twining or prostrate herbs or shrubs; seeds 2 or 4 per fruit; corolla regular, more or less funnel-shaped"	Convolvulaceae	
169	"Plants never twining; seeds numerous"	170	
170	"Sepals 3; stigma with an indusial cup; rosetted alpine herb with small yellow flowers on stalks shorter than leaves"	Goodeniaceae	
170	"Sepals 5 (or calyx 5-toothed); stigma without an indusial cup"	171	
171	"Flowers numerous in long terminal spikes or racemes; 3 or all stamens with hairy filaments"	Scrophulariaceae	
171	"Flowers solitary or in cymes or loose corymbs"	172	
172	"Corolla-tube rather long, or if short then anthers connivent around style; style simple"	Solanaceae	
172	"Corolla-tube very short; anthers free; styles 3–5"	Linaceae	
173	"Ovary inferior or semi-inferior"	174	
173	"Ovary superior (but sometimes closely surrounded by a narrow calyx-tube)"	194	
174	"Apparent petals (petaloid staminodes) numerous, brightly coloured or white; succulents"	Aizoaceae	
174	"Petals 2–9"	175	
175	"Stamens numerous (more than 10)"	176	
175	"Stamens 10 or fewer"	179	
176	"Leaves lacking stipules, entire, aromatic with translucent oil dots"	Myrtaceae	
176	"Leaves with stipules, or if stipules lacking, then leaves entire, usually non-aromatic but never with oil dots"	177	
177	"Leaves opposite, trifoliolate (sometimes apparently whorled)"	Cunoniaceae	
177	"Leaves alternate"	178	
178	"Leaves without stipules; rare evergreen rainforest trees of far east"	Symplocaceae	
178	"Leaves with stipules; herbs or shrubs, if ever small trees, then garden-escapes and often deciduous"	Rosaceae	
179	"Aquatic herbs (sometimes growing on mud), usually with most leaves submerged and pinnately divided into filiform segments; flowers in terminal spikes projecting above the water's surface, often unisexual"	Haloragaceae	
179	"Terrestrial plants, or if aquatic, submerged leaves not pinnate, and flowers bisexual"	180	
180	"Herbs (sometimes semi-woody in garden-escaped Fuchsia)"	181	
180	"Trees or shrubs (sometimes climbing)"	184	
181	"Perianth whorls green and sepaloid (petals absent, epicalyx sometimes developed); fruit an achene, commonly with barbed spines or prickles at the apex; flowers in spikes, heads, clusters or corymbs"	Rosaceae	
181	"Inner perianth whorl petaloid, sometimes small, epicalyx absent; fruit not spinose or prickly"	182	
182	"Flowers in umbels or sessile in heads; petals 5; styles normally 2; plants often aromatic (includes Hydrocotyle and Trachymene which are now included in Araliaceae, see note under family description)"	Apiaceae	
182	"Flowers not in umbels or heads; petals 4 or 5; styles 1–4; plants not aromatic"	183	
183	"Style single, stigma lobed; ovary elongate; seeds numerous; petals conspicuous"	Onagraceae	
183	"Styles 2–4, stigmas usually plumose; ovary short and broad; seeds 1–4; petals often minute"	Haloragaceae	
184	"Flowers sessile or subsessile, clustered into a head, surrounded by an involucre of 4 spreading creamy-white bracts, each 2.5–3.5 cm long; fruit a pinkish globular fleshy head c. 1–3 cm diam.; garden-escaped shrub or small tree"	Cornaceae	
184	"Plants not combining the above features"	185	
185	"Flowers in umbels (simple or compound), usually small and greenish; ovary 2-carpellate"	186	
185	"Flowers not in umbels (but sometimes clustered in cymes); ovary various"	187	
186	"Fruit dry; leaves commonly ternately or pinnately divided, rarely 2 cm long"	Apiaceae	
186	"Fruit succulent, berry-like, leaves variously pinnate, palmately divided or entire, or if fruit dry, then leaves entire, linear, and usually more than 2 cm long"	Araliaceae	
187	"Branch-parasites; leaves entire; fruit a succulent drupe with sticky flesh"	Loranthaceae	
187	"Non-parasitic plants, rooted in soil or mud"	188	
188	"Spiny shrubs"	189	
188	"Shrubs or herbs without spines; fruit non-succulent"	190	
189	"Leaves alternate, palmately lobed; fruit a succulent, many-seeded berry c. 2 cm long"	Grossulariaceae	
189	"Leaves and spines opposite (leaves usually present only on younger stems); fruit a 3-partite capsule"	Rhamnaceae	
190	"Leaves simple and entire (if ever toothed, then bearing stellate hairs); sepals 5"	191	
190	"Leaves either compound, or simple and toothed, never stellate-hairy; sepals 4 or 6–8"	192	
191	"Leaves glabrous, aromatic, with translucent oil dots; style simple"	Myrtaceae	
191	"Leaves hairy (often with stellate hairs), neither aromatic nor oil-dotted; style 3-branched"	Rhamnaceae	
192	"Leaves trifoliolate; sepals 6–8; fruit a 2-locular capsule"	Cunoniaceae	
192	"Leaves simple; sepals 4; fruit a 1-seeded nut or nutlet"	193	
193	"Shrubs or climbers growing at margins of rainforest; leaves opposite, ovate, 1.5–4 cm wide; petals minute or apparently absent, distinctly smaller than sepals"	Aphanopetalaceae	
193	"Plants not containing the features above"	Haloragaceae	
194	"Carpels and styles free, or the carpels shortly united near the base"	195	
194	"Carpels and/or styles distinctly united for the greater part, or ovary consisting of a single carpel"	205	
195	"Sepals and petals each 2 or 3"	196	
195	"Sepals and petals more than 3"	198	
196	"Small herbs; leaves opposite, succulent"	Crassulaceae	
196	"Shrubs or vines; leaves alternate, not succulent"	197	
197	"Montane to alpine shrubs with aromatic (peppery to the taste), oblong to oblanceolate leaves"	Winteraceae	
197	"Vine or liane of lowland forests and rainforests; leaves broadly ovate, cordate at base"	Menispermaceae	
198	"Stamens more than twice as many as petals"	199	
198	"Stamens not more than twice as many as petals"	202	
199	"Herbs, lacking stipules; perianth segments inserted below carpels"	Ranunculaceae	
199	"Herbs with stipules, or shrubs; flowers various"	200	
200	"Montane to alpine shrubs with aromatic leaves (peppery to the taste); sepals 2–4"	Winteraceae	
200	"Leaves not aromatic; herbs or shrubs; sepals 5"	201	
201	"Perianth segments inserted below ovary (hypogynous); shrubs or twiners with showy, yellow, usually emarginate petals"	Dilleniaceae	
201	"Perianth segments inserted on short tube or rim extending above the ovary base (perigynous); herbs with stipules, or shrubs with entire, non-yellow petals"	Rosaceae	
202	"Small annual herbs or succulent perennials"	203	
202	"Perennial shrubs or trees"	204	
203	"Receptacle elongate, with numerous (usually more than 100) carpels; non-succulent herbs"	Ranunculaceae	
203	"Receptacle short, carpels 4 or 5; more or less succulent herbs"	Crassulaceae	
204	"Leaves simple, sometimes shallowly toothed, under 10 cm long; shrubs or twiners with rather showy, yellow, bisexual flowers"	Dilleniaceae	
204	"Leaves pinnate, longer than 20 cm; trees with small, unisexual flowers"	Simaroubaceae	
205	"Flowers distinctly zygomorphic"	206	
205	"Flowers actinomorphic or very nearly so"	217	
206	"Flowers spurred or saccate at base"	207	
206	"Flowers neither spurred nor saccate at base"	210	
207	"Leaves simple; stamens 5 or 8; flowers solitary"	208	
207	"Leaves pinnate or much-divided; stamens 2, 4 or 6; flowers in racemes"	209	
208	"Stamens 5, connivent around the style; flowers with a short blunt basal spur; leaves basally attached, but sometimes obcordate or reniform"	Violaceae	
208	"Stamens 8, quite separate, uneven; flowers with a long basal spur, the upper 2 petals shorter and inserted at the lip of the spur; leaves peltately attached"	Tropaeolaceae	
209	"Small tender annual herbs; fruit a 1-seeded nutlet, rarely a small flattened capsule or a pod breaking into 1-seeded articles (if the latter then plant strongly curry-scented)"	Papaveraceae	
209	"Shrubby, rank-smelling perennials; fruit a 4-lobed, bladdery capsule"	Melianthaceae	
210	"Flowers strongly zygomorphic, the lower petal or pair of petals forming a conspicuous keel; upper petals more or less erect"	211	
210	"Flowers weakly zygomorphic, not keeled; petals spreading"	212	
211	"Petals 5, the uppermost usually larger than others, the lowermost pair united for the greater part forming a keel; anthers opening by slits; ovary 1-locular (but sometimes with incomplete papery partitions inside"	Fabaceae	"Fabaceae subfam. Faboideae"
211	"Petals 3 (but 2 sepals often enlarged and petaloid); anthers opening by pores; ovary 2-locular, 2-seeded"	Polygalaceae	
212	"Stoloniferous herb, glandular-hairy; leaves simple, reniform to orbicular, variegated above; flowers with a conspicuous nectary disc; upper 3 petals smaller than lower 2"	Saxifragaceae	
212	"Plants lacking the above combination of characters"	213	
213	"Flowers in (often umbel-like) cymes; ovary 5-lobed, long-beaked; fruit with 5, 1-seeded segments, splitting from the base, remaining attached at the summit of the persistent awn or column"	Geraniaceae	
213	"Flowers in racemes, or few and terminal; ovary entire or 2-lobed, rarely beaked; fruit not as above"	214	
214	"Shrubs; leaves pinnate; stamens 10; flowers bright yellow"	Fabaceae	"Fabaceae subfam. Caesalpinioideae"
214	"Herbs, or if at all woody, then leaves not pinnate; stamens never regularly 10"	215	
215	"Petals fringed or lobed; stamens 8–40; capsule opening only at top"	Resedaceae	
215	"Petals entire or emarginate; stamens no more than 6; capsule splitting along entire length (rarely fruit indehiscent)"	216	
216	"Stamens 6 (rarely 4), surrounding the ovary; petals usually white, yellow or greenish (rarely pink or purple) herbs, usually odorous"	Brassicaceae	
216	"Stamens 5, arranged on one side of the ovary; petals blue; perennial subshrubs, not odorous"	Pittosporaceae	
217	"Stamens more than twice as many as petals, always more than 6, or both stamens and petals numerous"	218	
217	"Stamens no more than twice as many as petals, or petals 2 and stamens 6"	232	
218	"Stamens all united into a single tube or column, free part of filaments short to long"	219	
218	"Stamens all free, or clustered into bundles"	221	
219	"Leaves linear, with revolute margins; flowers unisexual, petals white, much exceeding sepals; ovary 3-locular"	Euphorbiaceae	
219	"Leaves otherwise; flowers bisexual or if ever unisexual, then petals hardly exceeding sepals"	220	
220	"Leaves bipinnate; flowers in short spikes; ovary 1-locular"	Fabaceae	"Fabaceae subfam. Mimosoideae"
220	"Leaves not bipinnate; flowers solitary or in cymes; ovary 2-many-locular"	Malvaceae	
221	"Plants aquatic, with long-petiolate leaves floating on or shortly emergent from water surface, suborbicular, more or less peltate; petals in several whorls"	Nymphaeaceae	
221	"Plants terrestrial; leaves basally attached; petals in 1 (rarely 2) whorls"	222	
222	"Perianth segments inserted on short tube or rim extending above the ovary base (perigynous); carpel and ovule each 1; fruit a drupe; plants sometimes deciduous (Prunus)"	Rosaceae	
222	"Perianth segments inserted below ovary (hypogynous); plants evergreen (except Actinidia)"	223	
223	"Flowers sessile in globose heads or cylindric spikes; individual flowers small, petals minute, far exceeded by the conspicuous cream to yellow stamens; fruit a dry, several-seeded pod (Acacia)"	Fabaceae	"Fabaceae subfam. Mimosoideae"
223	"Flowers not in heads or spikes; petals more or less conspicuous; fruit not a pod"	224	
224	"Herbs (usually annual) with watery sap or yellowish latex; sepals 2, distinct, or united into a conical calyptra, soon deciduous; styles 1 or absent"	Papaveraceae	
224	"Perennial herbs, shrubs or trees; sepals 3–8; styles 1-several"	225	
225	"Leaves succulent, often fascicled; fruit a reddish drupe; stiff, often spinescent shrub of saline ground in north and north-west"	Nitrariaceae	
225	"Leaves not succulent and fascicled; fruit and habit not as above"	226	
226	"Leaves alternate, petiolate, trifoliate; fruit a capsule, valvate or dehiscent in distal half"	Cleomaceae	
226	"Plants not combining features as above"	227	
227	"Herbs; leaves succulent, alternate, irregularly multifid"	Nitrariaceae	
227	"Plants not combining features as above"	228	
228	"Woody vine; stems with segmented pith; lower surface of leaves with stellate hairs; fruit a densely tomentose berry with green pulp (Kiwifruit)"	Actinidiaceae	
228	"Plants not combining features as above"	229	
229	"Leaves alternate; fruit a drupe; tall shrubs or small to medium trees of eastern Victoria"	Elaeocarpaceae	
229	"Leaves opposite (sometimes apparently whorled); fruit a capsule or berry; herbs or shrubs to c. 2 m high, rarely trees to 12 m high"	230	
230	"Plants with at least some stellate hairs; flowers large and showy, white or pink with numerous yellow anthers borne on a hypogynous disc; style 1"	Cistaceae	
230	"Plants glabrous or with simple hairs; flowers not as above; styles 2 or more"	231	
231	"Flowers yellow; leaves simple"	Hypericaceae	
231	"Flowers white, pink or magenta; leaves trifoliolate or pinnate"	Cunoniaceae	
232	"Climbing or trailing plants with tendrils; eastern Victoria, or naturalized more widely; fruit a berry (but the wall sometimes hard or leathery)"	233	
232	"Herbs, shrubs or trees, if ever climbing then lacking tendrils; fruit various"	234	
233	"Leaves palmate, with 5 distinct leaflets; flowers small, dull; seeds 1–4"	Vitaceae	
233	"Leaves simple, shallowly to deeply lobed but not palmate; flowers relatively large, colourful; seeds numerous"	Passifloraceae	
234	Herbs	235	
234	"Shrubs or trees"	256	
235	"Sepals 2; petals 5; leaves usually more or less succulent"	Montiaceae	
235	"Sepals more than 2, equal in number to petals"	236	
236	"Sepals and petals each 6 (rarely fewer by abortion), inserted at the summit of a relatively long, tubular hypanthium; plants usually of wet ground; flowers purplish"	Lythraceae	
236	"Sepals and petals normally 5 or fewer; hypanthium not developed, or saucer- to cup-shaped, never long-tubular"	237	
237	"Leaves opposite or whorled"	238	
237	"Leaves alternate or rosetted"	246	
238	"Leaves peltate, crescentic or binate, fringed with viscid glandular hairs"	Droseraceae	
238	"Leaves not as above"	239	
239	"Leaves lobed or divided"	240	
239	"Leaves simple and entire"	241	
240	"Leaves paripinnate; petals yellow; fruit a hard, spiny schizocarp"	Zygophyllaceae	
240	"Leaves lobed only or imparipinnate; petals not yellow; fruit not spiny, long-awned from the persistent column, splitting from base"	Geraniaceae	
241	"Stipules present"	242	
241	"Stipules absent (but leaf-bases sometimes connate)"	244	
242	"Stipules herbaceous; plants semi-aquatic, quite prostrate"	Elatinaceae	
242	"Stipules scarious; plants terrestrial, rarely quite prostrate"	243	
243	"Flowers bisexual; ovary 1-locular"	Caryophyllaceae	
243	"Flowers unisexual; ovary 3-(rarely 2-) locular"	Picrodendraceae	
244	"Style simple, stigma undivided; ovary incompletely 2-locular; annual of wet ground in north-west"	Lythraceae	
244	"Style divided above base, or styles several; ovary unilocular, or incompletely 3–5-locular"	245	
245	"Style undivided for greater part, but stigmas free; ovary with parietal placentation"	Frankeniaceae	
245	"Styles several, not united at base; ovary with free-central placentation"	Caryophyllaceae	
246	"Leaves clover-like, sour-tasting, with 3 (rarely 4) obcordate, cuneate or almost linear leaflets"	Oxalidaceae	
246	"Leaves never at once clover-like and noticeably sour-tasting"	247	
247	"Leaves covered with viscid glandular hairs (enabling the plant to catch insects)"	Droseraceae	
247	"Plants neither insectivorous nor with viscid glandular hairs"	248	
248	"Sepals and petals each 2 or 3, often not strongly differentiated; flowers small, pink or greenish; ovary 1-locular, 1-seeded; fruit a nut, commonly 3-angled or biconvex"	Polygonaceae	
248	"Sepals and petals each 4 or 5"	249	
249	"Both floral whorls green and sepal-like; flowers small, with conspicuous hollow receptacles; leaves shallowly to deeply palmately lobed; rhizomatous herbs of alpine or subalpine marshes, or small annual herbs"	Rosaceae	
249	"Petals brightly coloured or white, never sepal-like"	250	
250	"Sepals and petals each 4; stamens 6 (rarely 4 or 2)"	251	
250	"Sepals and petals each 5; stamens 5 or 10"	252	
251	"Petals actinomorphically arranged; hairs eglandular; stipules absent"	Brassicaceae	
251	"Petals turned to one side, making flowers appear somewhat zygomorphic; plants with glandular hairs and spines; stipules usually spinose"	Cleomaceae	
252	"Calyx funnel-shaped or obconic, scarious, and enclosing the fruit"	Plumbaginaceae	
252	"Sepals free, not scarious (or only along the margins), not enclosing the fruit"	253	
253	"Flowers unisexual; petals minute, white; ovary 3-locular; anthers opening by pores"	Phyllanthaceae	
253	"Flowers bisexual, petals conspicuous, often coloured; ovary 2–5-locular; anthers opening by longitudinal slits"	254	
254	"Leaves broad, toothed or dissected, long-petiolate, stipulate; fruit long-beaked, splitting from the base into 5, 1-seeded segments, remaining united at the apex"	Geraniaceae	
254	"Leaves entire, linear to spathulate, without stipules; fruit not long-beaked"	255	
255	"Flowers long-pedicellate, in loose corymbs or panicles; petals broad, spreading from near base; fruit a radially dehiscing capsule"	Linaceae	
255	"Flowers subsessile, in spikes or racemes, or solitary in axils; corolla tubular for the greater part, but segments free at base; fruit a schizocarp of 3–5 mericarps"	Celastraceae	
256	"Perianth segments in several whorls of 3; yellow-flowered garden-escape, with spinose, toothed leaves and stipules"	Berberidaceae	
256	"Perianth in 2 whorls of 4–6"	257	
257	"Leaves usually spine-toothed (occasionally entire, but then with apical mucro), dark green and glossy above; perianth segments in 2 whorls of 4; fruit a bright red drupe (Holly)"	Aquifoliaceae	
257	"Leaves not spinose (but branches or stipules sometimes spine-tipped); flowers and fruit various"	258	
258	"Leaves pinnate"	259	
258	"Leaves entire (rarely plants apparently leafless)"	265	
259	"Leaflets 2, succulent; soft-wooded subshrubs"	Zygophyllaceae	
259	"Leaflets 2–many, not succulent; true woody shrubs or trees"	260	
260	"Branches with paired spines or stipules; inflorescence a cylindric to ovoid spike; perianth parts small, much exceeded by the stamens; weed of northern Victoria"	Fabaceae	"Fabaceae subfam. Mimosoideae"
260	"Branches unarmed or with single spines; inflorescence not a spike; perianth parts usually apparent, not or not much exceeded by the stamens"	261	
261	"Leaves strongly aromatic (usually spicy or fruity), either with translucent oil dots in the leaves, or with milky resinous sap"	262	
261	"Leaves not aromatic (sometimes with an unpleasant odour); plants lacking obvious oil dots and milky sap"	263	
262	"Leaves opposite, with translucent oil dots, usually more or less fruitily aromatic; sap not milky; fruit dehiscent"	Rutaceae	
262	"Leaves alternate, lacking translucent oil dots, peppery-aromatic; sap milky, resinous; fruit a pink drupe with crustaceous skin"	Anacardiaceae	
263	"Shrubs; flowers relatively large, yellow; fruit a linear to oblong pod"	Fabaceae	"Fabaceae subfam. Caesalpinioideae"
263	"Trees; flowers small, not brightly coloured; fruit not a pod"	264	
264	"Fruit a 3-lobed capsule, seed with large fleshy aril; rare evergreen tree of extreme east"	Sapindaceae	
264	"Fruit a cluster of 2–5 flattened, winged, 1-seeded samaras; fast-growing deciduous trees, escaped from cultivation"	Simaroubaceae	
265	"Stamens united in an urn-shaped tube around the pistil; flowers fragrant, pendent; fruit a purple to black, often mottled berry; branches usually spinose"	Violaceae	
265	"Stamens free, or united at the very base; fruit a berry, capsule, schizocarp or drupe"	266	
266	"Low shrubs or subshrubs of saline ground; leaves small (under 1 cm long), opposite, connate at base; usually greyish from secreted salt; ovary 1-locular, enclosed in fruit by persistent calyx"	Frankeniaceae	
266	"Habit and foliage not as above"	267	
267	"Small non-glandular shrubs; sepals 4; petals inconspicuous, 0 or 4; fruit strongly flattened, less than 1 cm long, 2-locular, dehiscent, with 1 seed per locule"	Brassicaceae	
267	"Plants not combining the above characteristics"	268	
268	"Stamens alternating with and equal in number to petals"	269	
268	"Stamens opposite petals or twice as many as petals"	273	
269	"Fruit a drupe; leaves opposite, virtually odourless, lacking oil dots"	Oleaceae	
269	"Fruit a berry or capsule, or if ever a drupe (rarely) then leaves aromatic, with translucent oil dots"	270	
270	"Flowers with a conspicuous disc; petals less than 3 (rarely to 4) mm long; style often lobed at apex; seeds sometimes arillate"	271	
270	"Flowers without a disc; petals longer than 3 mm; style undivided; seeds without an aril"	272	
271	"Leaves reduced and scale-like (to c. 4 mm long); flowers in terminal narrow cylindric spikes; capsule small, ovoid, seeds not arillate; garden-escaped shrubs or trees"	Tamaricaceae	
271	"Leaves well-developed (at least 2 cm long); flowers in terminal or axillary racemes, cymes or panicles; capsule conspicuous, colourful, to c. 1 cm long, seeds with large orange aril; woody liane or straggling shrub of eastern lowland rainforests and margins, or garden-escaped shrubs"	Celastraceae	
272	"Flowers 5-partite; fruit a berry or 2- or 3-valved capsule; leaves lacking translucent oil dots"	Pittosporaceae	
272	"Flowers 4- or 5-partite; fruit with 4 or 5 locules, each 1- or 2-seeded, or rarely fruit a drupe; leaves with translucent oil dots"	Rutaceae	
273	"Leaves crenate or lobed, broad, sometimes aromatic; fruit splitting into 5 long- beaked (or awned) 1-seeded fruitlets"	Geraniaceae	
273	"Leaves almost or quite entire, or if ever toothed, then fruits not splitting into beaked or awned segments"	274	
274	"Anthers dark, opening by terminal pores; fruit a 2-valved capsule; leaves often more or less whorled; subshrubs with showy pink, mauve or white flowers, glabrous or with simple hairs"	Elaeocarpaceae	
274	"Anthers yellowish or dark reddish, opening by longitudinal slits; stems sometimes stellate-pubescent; fruit various, but not a 2-valved capsule; stellate hairs sometimes present"	275	
275	"Some (rarely all) stamens modified into staminodia"	276	
275	"Stamens all perfect"	278	
276	"Plants with (usually stellate) hairs"	Malvaceae	
276	"Plants more or less glabrous"	277	
277	"Leaves aromatic; ovary 5-locular; fruit dry, a capsule or schizocarp; garden escape"	Rutaceae	
277	"Leaves not aromatic; ovary 1–3-locular; fruit a green drupe; rare, yellow-green shrubs of far eastern lowlands"	Olacaceae	
278	"Shrubs aromatic; leaves with translucent oil dots; fruit capsular"	Rutaceae	
278	"Shrubs non-aromatic; leaves without obvious oil dots; fruit a drupe"	279	
279	"Leaves narrow, succulent, entire, often clustered; fruit reddish with long, pitted stone; often spinescent shrub of saline ground in north and north-west"	Nitrariaceae	
279	"Leaves broad, usually toothed, alternate; fruit black with short, smooth stone; naturalized, usually near-coastal"	Rhamnaceae	
