from	statement	to
1	"Flowers in spaced pairs or in clusters along horizontal usually floating stems; side-wings of corolla-lobes laciniate; capsules mostly indehiscent and submerged, sometimes dehiscing by valves on plants on mud"	Nymphoides
1	"Flowers in open panicles on erect to semi-erect stems; side-wings of corolla-lobes entire; capsules aerial, opening by 4 apical valves"	2
2	"Leaves erect or floating, mostly about as broad as long, often strongly dorsiventral; flowers homostylous; capsule ovoid-ellipsoid, adnate to the calyx-tube only at the base; seed mostly 1–1.5 mm long, smooth or tuberculate, without a caruncle"	Ornduffia
2	"Leaves erect, usually much longer than broad, matt and more or less isolateral; flowers heterostylous; capsule subglobular to broad-ellipsoid, the lower third to half adnate to the calyx-tube; seed large, mostly 1.7–2.6 mm long, mostly sparsely to densely tuberculate (tubercles to 0.3 mm long), with a conspicuous circular caruncle"	Liparophyllum
