from	statement	to
1	"Leaf-sheaths mostly confined to base of plant, not striate; plant dioecious"	"Lepyrodia anarthria"
1	"Leaf-sheaths spaced along stem, if deciduous then scars present, striate; plant monoecious or dioecious"	2
2	"Stems straight to slightly curved, never flexuose; inflorescence with flowers in shortly pedicellate clusters; plants monoecious or dioecious"	"Lepyrodia muelleri"
2	"Stems flexuose on flower-bearing part; inflorescence with flowers in sessile clusters; plants dioecious"	"Lepyrodia flexuosa"
