from	statement	to
1	"Intermediate involucral bracts yellow"	2
1	"Intermediate involucral bracts white, sometimes tinged with pink"	4
2	"Basal and at least lower stem leaves adaxially scabrous or slightly roughened by persistent short septate hairs or bristles (apparent at x10 magnification); rosette usually developed, or at least lower leaves broader and close-spaced; capitula mostly 25 mm diam. or more; plants typically of lowland to foothill heathy woodlands and forests, rarely in grasslands"	"Coronidium scorpioides"
2	"Leaves essentially smooth adaxially, devoid of conspicuous septate multi-celled hairs; basal rosette not or rarely developed and lower leaves barely differing from mid-stem leaves; capitula mostly less than 25 mm diam.; plants chiefly of lowland grasslands and/or montane to alpine woodland or heath"	3
3	"Involucral bracts usually lemon-yellow or paler; aerial stems not or sparingly branched; leaves distinctly discolourous, upper surface glabrescent, lower surface with ± appressed cottony hairs, or, if ever ± concolourous then glabrescent throughout; apex acuminate, not mucronate; lower- to mid-stem leaves mostly longer than 4 cm; length:width ratio greater than 8; generally in grasslands on heavy soils, or riverine woodlands"	"Coronidium gunnianum"
3	"Involucral bracts usually rich yellow to orange; aerial stems often freely branched; leaves ±  concolourous or not strongly discolourous, upper surface retaining (often copious) cottony hairs, lower surface with loose woolly hairs; apex acute with a short (0.5–1 mm) but distinct mucro; lower- to mid-stem leaves mostly less than 4 cm long; length:width ratio less than or equal to 8; montane to high-alpine sites"	"Coronidium monticola"
4	"Stems woolly at least in leaf-axils; plant perennial"	"Coronidium elatum"
4	"Stems scabrous and minutely glandular-hairy, not woolly; plant annual"	5
5	"Leaf undersides with sessile or shortly stipitate glandular hairs below; leaf-bases broad and stem clasping"	"Coronidium adenophorum"
5	"Leaf undersides white-wooly; leaf-bases narrow, not stem-clasping"	"Coronidium waddelliae"
