from	statement	to
1	"Leaves almost or quite concolourous, both surfaces cottony; inflorescence c. paniculate or contracted (but hardly spicate)"	"Gamochaeta calviceps"
1	"Leaves distinctly discolourous, glabrous, glabrescent or sparsely arachnoid above; inflorescences spicate"	2
2	"Basal leaves usually withering or withered by flowering and not persisting in a rosette; cauline leaves oblong to oblong-oblanceolate, those of the lower and mid-stem often distinctly subclasping (but not auriculate), often slightly decurrent"	"Gamochaeta americana"
2	"Basal leaves usually persisting in a rosette at flowering; cauline leaves spatulate to oblanceolate, oblanceolate-oblong, or oblanceolate-obovate, none clasping or decurrent"	"Gamochaeta purpurea"
