from	statement	to
1	"Mature leaves usually less than 2 cm long (occasionally some to 2.5 cm long); mature berries burgundy; Baw Baw Plateau only"	"Tasmannia vickeriana"
1	"Mature leaves 2 cm long or more (usually longer than 3 cm); mature berries black"	2
2	"Leaf-apices acute, lamina thin, drying olive-green; stems smooth; petals 3 or more; mature berries solitary (rarely paired) on pedicel, marked with a distinct furrow"	"Tasmannia lanceolata"
2	"Leaf-apices obtuse to subacute, lamina coriaceous, drying brownish-rubescent; stems finely tuberculate; petals 2; berries 2–6 (–11) per pedicel"	"Tasmannia xerophila"
