1	"Ovary attenuated, cylindric to narrow obovoid, appressed to rachis"	2
1	"Ovary short, obovoid to pyriform, not appressed to rachis"	4
from	statement	to
2	"Labellum bent at an angle greater than 90 deg., basal portion pouched, callus ending in two protruding knuckles"	"Prasophyllum australe"
2	"Labellum bent at an angle less than 90 deg., basal portion not pouched, callus not ending in protruding knuckles"	3
3	"Leaf-blade more than 3 cm long; labellum margins voluminous, not incurved; tubers ovoid"	"Prasophyllum elatum"
3	"Leaf-blade less than 3 cm long; labellum margins narrow, incurved; tubers rhizomatous"	"Prasophyllum flavum"
4	"Labellum lamina and/or callus papillate or pubescent"	5
4	"Labellum lamina and callus not papillate or pubescent"	11
5	"Flower spikes dense with flowers overlapping; petals strongly recurved; subalpine"	"Prasophyllum morganii"
5	"Flower spikes not dense with flowers not overlapping; petals not strongly recurved; lowland plants (except rarely in P. lindleyanum)"	6
6	"Labellum with a sigmoid bend when viewed from the side"	"Prasophyllum lindleyanum"
6	"Labellum bent once at about 90 deg. near the middle"	7
7	"Ovaries tumid, short and roundish at anthesis"	"Prasophyllum occultans"
7	"Ovaries not tumid, narrow ellipsoidal at anthesis"	8
8	"Perianth segments usually not widely opening, at least petals remaining forwards-directed; labellum lamina pink (sometimes fading to white with age) with a green callus"	"Prasophyllum roseum"
8	"Perianth segments spreading; labellum lamina whitish with a brownish callus, or labellum (and usually other segments) deep pink to purple and shining"	9
9	"Labellum lamina, and usually other floral segments, deep pink to purplish, distinctly glossy; callus of similar colour but darker"	"Prasophyllum nitidum"
9	"Labellum lamina pale green or whitish with a brownish callus, neither it nor other segments distinctly glossy"	10
10	"Lateral sepals more or less parallel, narrow and not flared at the base; labellum <3 mm wide, recurved near midde then the tip recurved beyond vertical; known only from Stawell area"	"Prasophyllum stygium"
10	"Lateral sepals spreading, broad and flared widely at the base; labellum >3 mm wide, recurved near middle and the tip remaining about vertical; known only from Edenhope area"	"Prasophyllum spadiceum"
11	"Labellum callus hardly raised, lamina prominently crisped and undulate toward margin, usually white, translucent"	12
11	"Labellum callus distinctly raised, lamina not prominently crisped, variously coloured, not translucent"	19
12	"Lateral sepals joined for at least part of their length"	13
12	"Lateral sepals free to base"	14
13	"Labellum reflexed back on itself; not alpine"	"Prasophyllum brevilabre"
13	"Labellum reflexed at about 90 deg; alpine"	"Prasophyllum suttonii"
14	"Flowers densely crowded; flowering stem to 80 cm high; lowland heaths"	"Prasophyllum spicatum"
14	"Flowers not densely crowded; flowering stem usually <50 cm tall; various habitats"	15
15	"Petals lavender; labellum pink; lateral sepals gibbous at base; Bayswater to Heathmont east of Melbourne where probably extinct"	"Prasophyllum colemaniarum"
15	"Combination of flower features not as above; widespread and variable"	16
16	"Ovaries short, pyriform; labellum narrow, reflexed at more than right angles near middle; alps and subalps only"	"Prasophyllum suttonii"
16	"Ovaries somewhat elongate, obovoid;  if labellum ever reflexed beyond right-angles, habitat not alpine"	17
17	"Sepals 10–12 mm long; labellum 12–15 mm long; known only from grassland in north-central Victoria and Callitris woodlands of the north-west"	"Prasophyllum beatrix"
17	"Sepals to 10 mm long; labellum 6–10 mm long; widespread species from a range of habitats"	18
18	"Lateral sepals diverging; habitat various but not from deep sands in north-western Victoria"	"Prasophyllum odoratum"
18	"Lateral sepals parallel or very nearly so; known with certainty only from deep sand mallee-heath in north-western Victoria"	"Prasophyllum rousei"
19	"Labellum callus most prominent near the labellum bend, not extending to labellum apex; perianth segments generally short and broad; lateral sepals usually free"	20
19	"Labellum callus most prominent beyond the labellum bend, extending almost to labellum apex; perianth segments slender; lateral sepals often joined at least near base"	29
20	"Labellum with a tail-like caudiform apex"	"Prasophyllum appendiculatum"
20	"Labellum with an apiculate to obtuse apex"	21
21	"Perianth mostly incurved; labellum callus ending in a highly raised verrucose horse-shoe shaped structure"	"Prasophyllum frenchii"
21	"Perianth spreading widely; labellum callus not as above"	22
22	"Labellum callus extending to, or just beyond, bend; labellum lamina extending well beyond end of callus"	23
22	"Labellum callus extending well beyond bend; labellum lamina not extending well beyond end of callus"	25
23	"Petals <7.0 mm long; lateral sepals <9.0 mm long; flowers December to January"	"Prasophyllum uvidulum"
23	"Petals >7.5 mm long; lateral sepals >9.0 mm long; flowers October to November"	24
24	"Callus ovate-oblong, broad and open; petals very broad, whitish, similar in colour to labellum lamina"	"Prasophyllum anticum"
24	"Callus lanceolate, channelled; petals narrow, greenish, similar in colour to the lateral sepals"	"Prasophyllum sp. aff. diversiflorum 2"
25	"Labellum margins crisped to undulate; petals broad, similar in colour to labellum lamina"	26
25	"Labellum margins entire to slightly irregular; petals narrow, similar in colour to the lateral sepals"	27
26	"Labellum laterally compressed near bend; petals whitish; moist grassland near water-courses"	"Prasophyllum diversiflorum"
26	"Labellum not laterally compressed; petals reddish; coastal heath and scrub on sand"	"Prasophyllum litorale"
27	"Lateral sepals partially connate;  alpine herbfields; flowers mostly January"	"Prasophyllum niphopedium"
27	"Lateral sepals free to base; low altitude grasslands; flowers October to December"	28
28	"Lateral sepals more or less parallel; labellum lamina usually white, not constricted; grasslands south of Ballarat"	"Prasophyllum fosteri"
28	"Lateral sepals diverging; labellum lamina usually pink, often constricted just beyond the bend; grasslands near Warrnambool"	"Prasophyllum viretrum"
29	"Flowers opening widely with petals and sepals reflexed; labellum erect almost from base"	30
29	"Flowers not opening widely; labellum only erect from the bend"	32
30	"Petals retroflexed and not upswept; lateral sepal < 6mm long"	"Prasophyllum retroflexum"
30	"Petals recurved and upswept; lateral sepals > 6 mm long"	31
31	"Inflorescence of up to 20 flowers in an open inflorescence; stigmatic plate much longer than column wings; grasslands near Bairnsdale"	"Prasophyllum correctum"
31	"Inflorescence of up to 50 flowers in a crowded inflorescence; stigmatic plate of similar length to column wings; grasslands near Mortlake"	"Prasophyllum sp. aff. correctum (Mortlake)"
32	"Labellum with a broad white lamina; petals with extensive white colouration at distal end; grasslands near Wangaratta"	"Prasophyllum argillaceum"
32	"Labellum and petals not as above; widespread"	33
33	"Plants from higher altitude grasslands, herbfields and swampy heaths often on peaty soils"	34
33	"Plants from lower altitude sites, or if in montane areas then in dry woodlands on shallow soils"	35
34	"Sepals to 6.5 mm long; labellum sessile"	"Prasophyllum tadgellianum"
34	"Sepals > 6.5 mm long; labellum on a short stalk"	"Prasophyllum sphacelatum"
35	"Plants from waterlogged or seasonally inundated heavy loams, silts, peats or peaty sand"	36
35	"Plants from well-drained shallow or dry sandy soils"	45
36	"Distal labellum margins undulate to crenulate"	37
36	"Distal labellum margins entire, more or less flat to slightly irregular"	39
37	"Flowers to 12 × 7 mm; distal labellum margins undulate and narrow; native pine and buloke woodlands on wet loams and cracking clay; flowers September"	"Prasophyllum occidentale"
37	"Flowers >12 × 7 mm; distal labellum margins undulate to crenulate, relatively broad"	38
38	"Distal labellum margins crinkled-crenulate and of moderate width; flowers usually green to brownish; flowers August to September"	"Prasophyllum occidentale"
38	"Distal labellum margins undulate-crispate, voluminous; flowers usually bright pink and white; flowers November to December"	"Prasophyllum hygrophilum"
39	"Flowers >12 × 6 mm"	40
39	"Flowers to 12 × 6 mm"	42
40	"Perianth segments thin-textured; lateral sepals contracting abruptly; River Red Gum woodlands on water-retentive clay; north-east Victoria; flowers October to November"	"Prasophyllum gilgai"
40	"Perianth segments thick-textured; lateral sepals tapering evenly from base to apex; habitat not as above"	41
41	"Lateral sepals with acute to shortly acuminate, widely diverging apices; flowers to 9 mm across; petals to 8.5 mm long; swampy habitats; western Victoria; flowers December to January"	"Prasophyllum readii"
41	"Lateral sepals with long-acuminate, not widely diverging apices; flowers 9 mm across or more; petals 9 mm long or more; dryer habitats; eastern Victoria; flowers October to November"	"Prasophyllum chasmogamum"
42	"Labellum narrow, length to width ratio >2; labellum lamina <0.3 mm wide"	43
42	"Labellum broader than above, length to width ratio <2; labellum lamina >0.4 mm wide"	44
43	"Lateral sepals 2–3 mm long; labellum protruding forward and strongly reflexed in distal third; southern Victorian basalt plains grassland; flowers October to November"	"Prasophyllum suaveolens"
43	"Lateral sepals 5–7 mm long; labellum erect and only slightly reflexed in distal third; northern Victorian grasslands on winter-wet heavy clays; flowers August to September"	"Prasophyllum aff. occidentale D"
44	"Labellum reflexed at <90 deg. in distal half; lateral sepals not bidentate at apex; plants not clumping; River Red Gum woodlands on water-retentive clay; flowers October to November"	"Prasophyllum erythrocommum"
44	"Labellum reflexed at >90 deg. in distal half; lateral sepals often bidentate at apex; plants often clumping; southern Victorian basalt plains grassland; flowers September to October"	"Prasophyllum sp. aff. occidentale E"
45	"Flowers <12 mm × 7 mm"	46
45	"Flowers >12 mm × 7 mm"	49
46	"Labellum callus with a deep groove down centre for entire length; apex of lateral sepals often unequally bidentate"	"Prasophyllum subbisectum"
46	"Labellum callus not deeply grooved for the greater part; apex of lateral sepals not or weakly bidentate"	47
47	"Lateral sepals connate at base; coastal heathlands east of French Island"	"Prasophyllum parviflorum"
47	"Lateral sepals mostly free; woodlands and heathy woodlands of western Victoria"	48
48	"Plants usually >16 cm tall; flowers >10 per inflorescence; dry inland areas"	"Prasophyllum sp. aff. occidentale C"
48	"Plants usually <16 cm tall; flowers <10 per inflorescence; mesic near coastal areas"	"Prasophyllum aff. parviflorum"
49	"Apex of lateral sepals usually strongly bidentate"	50
49	"Apex of lateral sepals not or only weakly bidentate"	51
50	"Labellum margins entire or slightly irregular; lateral sepals >8 mm long"	"Prasophyllum barnettii"
50	"Labellum margins irregularly wavy to crinkled-crenulate; lateral sepals 6–7.5 mm long"	"Prasophyllum occidentale"
51	"Distal margins of labellum irregularly crenulate"	"Prasophyllum sp. aff. montanum"
51	"Distal margins of labellum entire or slightly irregular"	52
52	"Labellum callus wrinkled; perianth segments relatively broad, usually greenish brown; labellum lamina not pure white"	53
52	"Labellum callus not wrinkled; perianth segments relatively narrow, usually light greenish; labellum lamina white"	54
53	"Flowers <20 mm long; labellum tapering gradually from below the middle to the apex, margins broad and often conspicuously veined; petals tapering from base to apex"	"Prasophyllum pyriforme"
53	"Flowers often >20 mm long; labellum abruptly contracted near middle to a slender tail-like tip, margins not as above; petals not tapering from base to apex"	"Prasophyllum maccannii"
54	"Flowers to 15 mm long; plants of near coastal forests"	"Prasophyllum sylvestre"
54	"Flowers >15 mm long; plants of inland open forests and woodlands"	"Prasophyllum sp. aff. validum"
