1	"Leaves petiolate, distal leaves emergent and floating, dissimilar to basal submerged leaves"	2
1	"Leaves sessile and ± similar, all submerged"	5
from	statement	to
2	"Floating leaves often ± translucent, membranous, with conspicuous secondary veins"	"Potamogeton australiensis"
2	"Floating leaves opaque, ± leathery, with inconspicuous or not visible secondary veins"	3
3	"Floating leaves ovate to elliptic, 4–8 cm long, 3–5.5 cm wide, with more than 20 veins; inflorescence with more than 20 flowers; infructescence (excluding the non-fruiting part of axis) more than 3 cm long"	"Potamogeton sulcatus"
3	"Floating leaves lanceolate to ovate, rarely elliptic, 0.8–5 cm long, 1–3.5 cm wide, with less than 20 veins; inflorescence usually with fewer than 20 flowers; infructescence (excluding the non-fruiting part of axis) less than 3 cm long"	4
4	"Floating leaves lanceolate to ovate, more than 1.5 cm wide, with more than 10 veins"	"Potamogeton cheesemanii"
4	"Floating leaves ellpitic to ovate, less than 1.5 cm wide, often with less than 10 veins"	"Potamogeton drummondii"
5	"Leaves basally clasping branch; base cordate"	"Potamogeton perfoliatus"
5	"Leaves not clasping branch; base ± acute to rounded, not cordate"	6
6	"Leaf margin serrulate and usually undulate to strongly crisped; leaf surface without numerous, fine longitudinal secondary veins, midrib and marginal longitudinal veins connected by well-spaced spreading veins"	"Potamogeton crispus"
6	"Leaf margin entire, flat; leaf surface with numerous, fine longitudinal secondary veins, cross-connecting veins absent"	7
7	"Leaf apex acute to mucronate; principal veins 3 (rarely 5)"	"Potamogeton acutifolius"
7	"Leaf apex rounded to obtuse; principal veins 5 (rarely 3)"	"Potamogeton ochreatus"
