from	statement	to
1	"Leaves compound, imparipinnate"	Polyscias
1	"Leaves simple, margin entire to deeply lobed, sometimes appearing compound with 3–5 digitate or palmate leaflets"	2
2	"Perennial or annual herbs"	3
2	"Woody plants"	4
3	"Stipules present, scarious"	Hydrocotyle
3	"Stipules absent"	Trachymene
4	"Shrubs or small trees; mature leaves densely indumented on lower surface; styles free; fruit a dry schizocarp"	Astrotricha
4	"Woody creeper (rarely shrubby with age), with aerial roots; mature leaves glabrous; styles fully connate; fruit a drupe"	"Hedera:Hedera helix"
