from	statement	to
1	"Lamina pinnately divided, pinnae decurrent along rachis; sori oval, singly on lobes"	"Notogrammitis heterophylla"
1	"Lamina undivided, narrowly lanceolate or obolanceolate; sori linear to oblong, in a single row on each side of midvein"	2
2	"Rhizome long-creeping, branched; fronds less than 3 cm long; fertile fronds with 1–4 pairs of sori, confluent to form rounded mass"	"Notogrammitis crassior"
2	"Rhizome short, unbranched; fronds usually more than 3 cm long; fertile fronds with more than 4 pairs of sori"	3
3	"Sori oblique to midvein (at least towards tip of frond); stipe hairs sparse to common; lamina 0.4–0.7 (rarely to 0.9) cm wide"	"Notogrammitis billardierei"
3	"Sori slightly oblique or parallel to midvein; stipe hairs absent to very rare; lamina 0.2–0.5 cm wide"	"Notogrammitis angustifolia subsp. Nothofageti"
