from	statement	to
1	"Leaf-like, ecostate gemmae borne on a terminal pseudopodium; leaf margins finely and irregularly denticulate toward apex; laminal cells papillose"	Aulacomnium
1	"Asexual propagules absent; leaf margins distinctly serrate; lamina cells smooth"	2
2	"Leaves  arranged aorund stem and spreading in all directions, without a distinct border of elongated cells; marginal teeth paired"	Hymenodontopsis
2	"Leaves complanate, with a distinct border of elongated cells; marginal teeth single"	Mesochaete
