from	statement	to
1	"Seed virtually smooth, shining, 1.3–1.8 mm diam.; mature capsule c. 2.5 mm long; flowers all or mostly solitary in axils"	"Montia fontana subsp. fontana"
1	"Seed distinctly tuberculate, dull or shining, 0.6–1.2 mm diam.; mature capsule up to 2 mm long; flowers both solitary and in clusters or all clustered"	2
2	"Tubercles of several dorsal rows ± conical, those on the sides elongated and less raised; seed 0.6–1 mm diam."	"Montia fontana subsp. amporitana"
2	"Tubercles dorsally rounded, virtually equal in size, shape and distribution all over seed; seed 0.8–1.2 mm diam."	"Montia fontana subsp. chondrosperma"
