from	statement	to
1	"Sepals 3; leaves almost entire; corolla 7–10 mm long; seed not winged; alps and subalps"	"Velleia montana"
1	"Sepals 5; leaves variously toothed; corolla 10–22 mm long; seed conspicuously winged"	2
2	"Bracteoles fused; corolla often with purplish markings, not spurred; far north-west"	"Velleia connata"
2	"Bracteoles free or nearly so; corolla wholly yellow or brownish near throat, spurred"	3
3	"Corolla-lobes more or less equal; indusium narrow-oblong; wing around seed 1–2 mm broad; plant glabrous or nearly so; far north-west and Dimboola area"	"Velleia arguta"
3	"Corolla-lobes unequal; indusium ovate; wing around seed to 1 mm broad; plant usually hairy; widespread"	"Velleia paradoxa"
