from	statement	to
1	"Corolla 1-sided, fan-like, with the lobes more or less equal; fruit indehiscent, drupe-like; creeping fleshy-leaved herb rooting at nodes, mostly of saltmarsh"	"Goodenia radicans"
1	"Corolla not fan-like, lobes generally not equal (usually the upper pair shorter and/or narrower than lower 3); fruit capsular; plants prostrate to erect, not creeping but sometimes stoloniferous, occasionally in swampy sites, but hardly"	2
2	"Corolla wholly mauve or blotched with purple; leaves lobed, commonly lyrate; strongly aromatic herb or subshrub of rocky areas of Snowy and Macalister River catchments in eastern Victoria"	"Goodenia macmillanii"
2	"Corolla yellow or yellowish; leaves entire or lobed but very rarely lyrate; habit various but not strongly aromatic (G. ovata occasionally faintly aromatic)."	3
3	"ovary superior; sepals 3 or 5"	4
3	"Ovary inferior; sepals 5"	7
4	"Sepals 3; leaves almost entire; corolla 7–10 mm long; seed not winged; alps and subalps"	"Goodenia montana"
4	"Sepals 5; leaves variously toothed; corolla 10–22 mm long; seed conspicuously winged"	5
5	"Bracteoles fused; corolla often with purplish markings, not spurred; far north-west"	"Goodenia connata"
5	"Bracteoles free or nearly so; corolla wholly yellow or brownish near throat, spurred"	6
6	"Corolla-lobes more or less equal; indusium narrow-oblong; wing around seed 1–2 mm broad; plant glabrous or nearly so; far north-west and Dimboola area"	"Goodenia arguta"
6	"Corolla-lobes unequal; indusium ovate; wing around seed to 1 mm broad; plant usually hairy; widespread"	"Goodenia paradoxa"
7	"Shrubs or subshrubs with woody stems and cauline leaves, basal leaves absent or ephemeral"	8
7	"Low herbs usually with a basal tuft or rosette of leaves, cauline leaves often also present"	11
8	"Pubescent subshrubs to 40 cm high; leaves sessile or subsessile"	9
8	"Glabrous subshrubs or shrub to 2 m high; leaves petiolate"	10
9	"Leaves more or less erect and appressed against stems; flowers subsessile; western Victoria only"	"Goodenia benthamiana"
9	"Leaves spreading to some degree, sometimes recurved; flowers pedicellate; Licola and upper Snowy River areas"	"Goodenia heterophylla"
10	"Plant erect, 0.5–2 m high; bracteoles to 6 mm long; sepals 3–11 mm long; leaves finely and closely toothed, thin-textured, on slender petioles"	"Goodenia ovata"
10	"Plant with  decumbent, ascending to sometimes erect stems, to c. 1 m high; bracteoles to 1.5 mm long; sepals 2–4 mm long; leaves almost entire to faintly or coarsely  irregularly toothed, thick, tapered gradually into petioles; western Victoria only"	"Goodenia varia"
11	"Bracteoles absent"	12
11	"Bracteoles present"	20
12	"Plant stoloniferous or appearing so; leaves in basal or central radical rosettes and in fascicles at the end of spreading stolon-like stems; western Victoria only"	"Goodenia heteromera"
12	"Plant not stoloniferous; leaves in basal rosettes, cauline leaves often also present"	13
13	"Leaves densely glandular-pubescent, sometimes also with simple hairs; outer surface of corolla densely glandular-hairy"	"Goodenia havilandii"
13	"Leaves glabrous, strigose, cottony-hairy or with crisped hairs; outer surface of corolla glabrous or with simple hairs"	14
14	"Cauline leaves well-developed, similar to but smaller than basal leaves"	"Goodenia elongata"
14	"Cauline leaves poorly developed, few or absent"	15
15	"Leaves entire, toothed or lobed, never pinnatifid"	16
15	"Leaves often pinnatifid"	18
16	"Leaves glaucous; corolla pale yellow"	"Goodenia glauca"
16	"Leaves never glaucous; corolla deep or bright yellow"	17
17	"Corolla strigose and sometimes cottony outside; indusium glabrous to sparsely hairy below; corolla-lobes not reflexed"	"Goodenia fascicularis"
17	"Corolla glabrous or with a few crisped hairs outside; indusium densely hairy below; corolla-lobes often reflexed"	"Goodenia pinnatifida"
18	"Indusium notched; corolla to 7 mm long; stems with long spreading hairs"	"Goodenia pusilliflora"
18	"Indusium entire; corolla 8–19 mm long; stems glabrous, strigose or with short antrorse or crisped hairs"	19
19	"Indusium glabrous or with minute bristles on upper lip; exterior of corolla appressed-pubescent; sepals mostly 2.5–3.5 mm long; Dimboola and Kerang districts only"	"Goodenia lunata"
19	"Indusium with prominent bristles on upper lip; exterior of corolla almost glabrous; sepals mostly 3–6 mm long; widespread"	"Goodenia pinnatifida"
20	"At least upper flowers more or less sessile; far East Gippsland only"	21
20	"All flowers distinctly pedicellate"	22
21	"Corolla hairs simple; sepals 1.5–4 mm long; fruit to 4 mm long"	"Goodenia bellidifolia"
21	"Corolla hairs stellate; sepals 4–5 mm long; fruit 5–9 mm long"	"Goodenia stelligera"
22	"Flowers in leafless bracteate panicles; pedicels not or hardly longer than flowers"	23
22	"Flowers solitary on long slender axillary peduncles and/or on pedicels much longer than flowers"	27
23	"Panicles mostly up to one and a half times as long as leaves"	"Goodenia humilis"
23	"Panicles more than one and a half times as long as leaves"	24
24	"Sepals 4–7 mm long; corolla 15–25 mm long, orange-yellow with purplish stripes in lower half; indusium c. 3 mm wide, with long hairs on apex; south-west Victoria only"	"Goodenia lineata"
24	"Sepals less than 3 mm long; corolla less than 15 mm long, lemon-yellow; indusium to c. 2 mm wide, virtually glabrous except for a short apical fringe"	25
25	"Indusium notched and folded downwards lengthwise"	"Goodenia gracilis"
25	"Indusium not or barely notched and flat or dorsally concave"	26
26	"Leaves mostly narrower than 6 mm, not or indistinctly toothed; corolla mostly less than 10 mm long (occasionally to 13 mm); north-central to north-eastern Victoria"	"Goodenia macbarronii"
26	"Leaves mostly wider than 6 mm, distinctly toothed; corolla 10 mm long or more; eastern Victoria, south of the Dividing Range"	"Goodenia paniculata"
27	"Stems often long, creeping; basal leaves few; cauline leaves many, well-developed"	28
27	"Stems, if present, usually short, ascending; basal leaves many, well-developed; cauline leaves few"	29
28	"Sepals linear, <1 mm wide, glabrescent or with whitish, curled, sometimes felted hairs only; peduncles not or barely geniculate"	"Goodenia hederacea"
28	"Sepals elliptic, >2 mm wide, invested with strigose hairs, sometimes with a few fine curled whitish hairs; peduncles usually distinctly geniculate"	"Goodenia lanata"
29	"Upper leaf surface with stellate hairs (usually with some longer simple hairs); mallee areas of north-west Victoria"	30
29	"Upper leaf surface with simple hairs only or glabrescent; widespread, but rare (if present) in mallee areas of north-west"	31
30	"Inflorescences several-flowered on scapes usually far exceeding leaves; largest basal leaves usually wider than 15 mm"	"Goodenia robusta"
30	"Inflorescences single-flowered, shorter than to about twice as long as leaves;  largest basal leaves to c. 15 mm wide"	"Goodenia willisiana"
31	"Mature leaves usually white cottony-tomentose on lower surface, glabrescent on upper surface; bracteoles 5–12 mm long; indusium concave"	"Goodenia blackiana"
31	"Mature leaves with scattered hairs on both surfaces but not tomentose; bracteoles mostly 3–5 mm long; indusium strongly folded"	"Goodenia geniculata"
