from	statement	to
1	"Stems and undersurface of leaves covered in velvety hairs; perianth white or pink inside"	"Passiflora tarminiana"
1	"Stems and leaves glabrous"	2
2	"Mature leaves 5-lobed; perianth white or pale pink inside"	"Passiflora caerulea"
2	"Mature leaves 3-lobed"	3
3	"Petiole without glands; perianth red inside"	"Passiflora cinnabarina"
3	"Petiole with 2–4 stalked glands; perianth white inside"	4
4	"Stipules broad and leafy, usually >10 mm long; margins of leaf lobes ± entire; glands mid-way along petiole"	"Passiflora subpeltata"
4	"Stipules narrow, not leafy, < 10 mm long; margins of leaf lobes regularly toothed; glands on petiole near base of leaf lamina"	"Passiflora edulis"
