from	statement	to
1	"Leaves bi- or tripinnatisect; stems succulent; capitula and leaves rather crowded; ligules not or hardly longer than involucre in pressed specimens (Bass Strait Islands)"	"Senecio pinnatifolius var. capillifolius"
1	"Leaves undivided to pinnatisect or if rarely bipinnatisect, then stems not or hardly succulent; capitula and leaves crowded or lax; ligules generally distinctly longer than involucre in pressed specimens (widespread)"	2
2	"Distal portion of stereome of inner bracts (those that have both lateral margins overlapped by outer bracts), 1 mm below apex, usually bordered by a purple region and more than twice as broad as stereome of outer bracts (those that overlap inner involucral bracts with both lateral margins); margin of outer bracts ± as broad as stereome 1 mm below apex; tap-root generally poorly developed"""	"Senecio pinnatifolius var. lanceolatus"
2	"Distal portion of stereome of inner bracts not or occasionally faintly bordered by a purple region and generally less than twice as broad as stereome of outer bracts (both measured c. 1 mm below apex); margin of outer bracts narrower than stereome 1 mm below apex; tap-root often well-developed"	3
3	"Plants rhizomatous or not, with aerial stems sometimes unbranched; leaves oblanceolate in outline and/or marginal points and segments clearly more numerous beyond mid-leaf; usually both peduncle and margin of bracteoles moderately pubescent (montane to alpine regions)"	"Senecio pinnatifolius var. alpinus"
3	"Plants not rhizomatous, with stems generally branched; leaves not as above or if so then peduncle and margin of bracteoles not both pubescent"	4
4	"Leaves generally only slightly fleshy, pressing fairly thin; leaves often developing straplike basal segments from a narrow rachis; rachis of upper-branch leaves generally narrower than stem at base; cypselas to 4.5 mm long, usually c. half to two-thirds of the length of bracts"	"Senecio pinnatifolius var. pinnatifolius"
4	"Leaves fleshy, pressing thick, and often coarsely wrinkled; leaves not developing straplike basal segments from a narrow rachis; rachis of upper branch leaves often as broad as or broader than stem at base; cypselas to 3 mm long, generally less than half the length of bracts"	"Senecio pinnatifolius var. maritimus"
