from	statement	to
1	"Corolla virtually actinomorphic; stamens 5"	"Eremophila deserti"
1	"Corolla zygomorphic; stamens 4"	2
2	"Corolla with upper lip 4-lobed, deeply separated from lower 1-lobed lip"	3
2	"Corolla with upper lip 2-lobed, lower lip 3-lobed or lobes more or less equal"	4
3	"Pedicels shorter than calyx, straight, stellate-hairy; sepals lanceolate; corolla not spotted"	"Eremophila glabra"
3	"Pedicels much longer than calyx, sigmoidal, glabrous; sepals ovate; corolla usually spotted inside"	"Eremophila maculata"
4	"Leaves less than 15 mm long (mostly less than 10 mm long); corolla blue or lilac"	5
4	"Leaves more than 15 mm long (mostly more than 20 mm long); corolla variously coloured"	8
5	"Plant silvery in appearance from an indumentum of minute appressed scales; leaves with apex hooked, bases long-decurrent; calyx lobes never imbricate at base"	"Eremophila scoparia"
5	"Plant glabrous, never silvery in appearance; leaves with apex blunt or straight, bases not decurrent; calyx lobes imbricate at base"	6
6	"Leaves linear-lanceolate to -oblanceolate, mostly 5–15 mm long; branchlets sometimes spine-tipped; calyx usually 4-lobed; corolla usually 12–20 mm long, stellate-pubescent externally; drupe longer than calyx"	"Eremophila divaricata"
6	"Leaves ovate to oblong, less than 8 mm long; branchlets never spine-tipped; calyx 5-lobed; corolla less than 12 mm long, glabrous externally; drupe not longer than calyx"	7
7	"Leaves ovate, obovate or orbicular, 4–8 mm long, decurved, flat or concave above, wrinkled below; drupe ovoid, succulent"	"Eremophila crassifolia"
7	"Leaves oblong to cordiform, 2–5 mm long, erect and appressed, plano-convex, tuberculate below; drupe thin, flattened, almost dry"	"Eremophila gibbifolia"
8	"Prostrate shrubs; leaves commonly with a few large reflexed teeth basally"	"Eremophila debilis"
8	"Decumbent to erect shrubs or small trees; leaves never with reflexed basal teeth"	9
9	"Calyx-lobes imbricate at base, ovate, acute, 3–4 mm wide"	10
9	"Calyx-lobes never imbricate at base, either less than 3 mm wide or obtuse"	11
10	"Leaves more than 5 cm long, mostly more than 4 mm wide; corolla creamy-white; stamens shortly exserted; fruit ovoid, 15–20 mm long; shrub or small tree, never divaricate"	"Eremophila bignoniiflora"
10	"Leaves less than 5 cm long and 3 mm wide; corolla pinkish; stamens included; fruit narrow-obloid, c. 10 mm long; divaricate shrub"	"Eremophila polyclada"
11	"Leaves more than 3 mm wide, apex straight; sepals lanceolate, acute, mostly c. 4 mm long; corolla dull red; drupe succulent, glabrous"	"Eremophila longifolia"
11	"Leaves 1–3 mm wide, apex hooked; sepals oblanceolate, obtuse, more than 5 mm long; corolla white, pinkish or lilac; drupe dry, hoary-pubescent"	12
12	"Leaves often opposite, 3–9 cm long, hoary; calyx hoary; corolla 20 mm long or more, glabrous outside, white or suffused with pink"	"Eremophila oppositifolia"
12	"Leaves always alternate, less than 3 cm long, glabrous, viscid; calyx glabrous, vis- cid; corolla less than 15 mm long, pubescent outside, pale lilac"	"Eremophila sturtii"
