from	statement	to
1	"Flowers zygomorphic; perianth cream-coloured with fine dark greenish veins; perianth lobes without hyaline margins; primary bracts brown"	"Tritonia gladiolaris"
1	"Flowers almost regular; perianth bright orange to pale pink or rarely light vermilion, flushed deeper pink or yellow in centre or veins deeper pink; perianth lobes with hyaline margins; primary bracts green or brown"	2
2	"Perianth bright orange, orange-red or pinkish-orange, with yellow stripes near base of lobes"	"Tritonia crocata"
2	"Perianth pink to pinkish-orange, deep pink at base of lobes or veins deeper pink"	"Tritonia squalida"
