from	statement	to	shortcut
1	"Bracteoles present"	Mazus	"Mazus pumilio"
1	"Bracteoles absent"	2	
2	"Calyx glandular-hairy; leaves distinctly toothed; corolla yellow"	Erythranthe	
2	"Calyx glabrous or eglandular-hairy; leaves entire or indistinctly toothed; corolla mauve, purple or whitish (sometimes indistinct)"	3	
3	"Corolla less than 4 mm long, whitish; stigma with an irritable broad flap that closes the corolla mouth when triggered"	Glossostigma	
3	"Corolla 10 mm long or more, mauve, white and yellow (rarely all white); stigma of 2 equal flaps that close together when triggered"	4	
4	"Plants pubescent (at least on young parts); leaves virtually united at base; corolla rotate, without a raised palate"	Elacholoma	"Elacholoma prostrata"
4	"Plants glabrous; leaf pairs with a visible gap between the pairs at base; corolla 2-lipped with a raised palate"	5	
5	"Leaves glandular-punctate; plants prostrate, mat-forming; pedicels not more than 10 mm long; capsules thick-walled, tardily dehiscent; seeds prominently ribbed"	Thyridia	"Thyridia repens"
5	"Leaves not glandular; plants ascending to erect; pedicels longer than 10 mm capsules thin-walled, readily dehiscent; seeds not ribbed"	Mimulus	"Mimulus gracilis"
