from	statement	to
1	"Leaves glabrous and smooth above, margins entire; stipules usually more than 3 cm long; figs globose, glabrous, osteole minute; large trees with buttressed trunks, commonly planted as street trees"	"Ficus macrophylla f. macrophylla"
1	"Leaves sparsely hispid above, margins subentire to toothed; stipules less than 2 cm long; figs subglobose, ellipsoid, ovoid or obovoid, hispid or puberulous, osteole raised; trees or shubs"	2
2	"Leaves deeply lobed, more than 5 cm wide; figs puberulous, usually pear-shaped, without lateral bracts; commonly grown, cultivated fruit tree, occasionally found on roadsides and near farmland"	"Ficus carica"
2	"Leaves not lobed, mostly less than 5 cm wide; figs hispid, ellipsoid to ovoid, with scattered lateral bracts; restricted to rainforest in the far east of Victoria"	"Ficus coronata"
