from	statement	to
1	"Leaves densely hirsute on upper and lower surfaces"	2
1	"Leaves glabrous or glabrescent, at least on upper surface"	4
2	"Leaves simple"	"Zieria veronicea"
2	"Leaves mostly trifoliolate"	3
3	"Erect shrub to 3 m; leaflet margin flat to slightly recurved; inflorescence normally exceeding length of leaves"	"Zieria cytisoides"
3	"Spreading shrub to 1 m high; leaflet margin recurved to revolute; inflorescence usually not exceeding length of leaves"	"Zieria littoralis"
4	"Terminal leaflet less than 15 mm long"	5
4	"Terminal leaflet greater than 15 mm long"	7
5	"Leaf margin usually flat, more or less crenulate; branches, leaves and sepals glandular-verrucose"	"Zieria robusta"
5	"Leaf margins recurved to revolute, smooth; leaves, stems and sepals not prominently glandular-verrucose"	6
6	"Leaves usually greater than 5 mm long and 3 mm wide, margins revolute; central Victoria"	"Zieria aspalathoides"
6	"Leaves usually less than 5 mm long and less than 3 mm wide, margins slightly revolute; north-east Victoria"	"Zieria citriodora"
7	"Branches, leaves and follicles glandular-verrucose; leaflet margins revolute"	"Zieria smithii"
7	"Leaves and follicles not glandular-verrucose, branches not or sometimes slightly verrucose; leaflet margins flat or slightly recurved"	8
8	"Stems usually scurfy to pubescent with stellate hairs, slightly ridged; widespread in wet forests"	"Zieria arborescens"
8	"Stems glabrous, distinctly ridged; Grampians only"	"Zieria oreocena"
