from	statement	to
1	"Lemmas with awns 5–10 mm long"	"Bromus catharticus var. elatus"
1	"Lemmas unawned or with awns to 4 mm long"	2
2	"Inflorescence compact with short, more or less appressed branches; spikelets 10–20(–24) mm long, less than 4 times as long as wide; lemmas unawned or with short awn to 1 mm long"	"Bromus catharticus var. rupestris"
2	"Inflorescence open to loosely contracted; spikelets (20–)25–40 mm long, at least 5 times as long as wide; at least some lemmas with a short, but distinct awn 1–4 mm long"	"Bromus catharticus var. catharticus"
