from	statement	to
1	"Sori spherical, discrete, protected or not protected by reflexed flap of leaf margin"	2
1	"Sori linear and continuous, protected by reflexed leaf margins"	3
2	"Inner indusium and reflexed flap of leaf margin forming 2-valved, cup-like structure around each sorus; hairs on undersurface of lamina thin and colourless"	"Dennstaedtia:Dennstaedtia davallioides"
2	"Inner indusium absent; sori protected or not protected by reflexed flap of leaf margin; hairs on undersurface of lamina sometimes with coloured glandular tip"	Hypolepis
3	"Rhizome with scales; fronds membranous, pale or blue-green; pinnules sessile, opposite, more than 6 mm wide; inner indusium absent"	"Histiopteris:Histiopteris incisa"
3	"Rhizome with hairs; fronds harsh-textured, dark green; pinnules shortly stalked, alternate and less than 6 mm wide; inner indusium present"	"Pteridium:Pteridium esculentum"
