from	statement	to
1	"Spikelet 6–8 mm long; glumes and sterile lemma woolly; panicle contracted; robust rhizomatous perennial"	"Panicum racemosum"
1	"Spikelet less than 6 mm long; glumes and sterile lemma glabrous; annuals or perennials"	2
2	"Lower floret staminate"	3
2	"Lower floret neuter"	4
3	"Plants annual; cataphylls absent; leaf margins smooth; currently known only from Harcourt area"	"Panicum schinzii"
3	"Plants perenial; cataphylls present; leaf margins scabrous; collected from the vicinity of the Murray and lower Goulburn Rivers"	"Panicum coloratum"
4	"Lower glume widely obtuse or truncate (sometimes with a short central point), distinctly less than half as long as spikelet"	5
4	"Lower glume acutish to acuminate, c. half as long to distinctly more than half as long as spikelet"	8
5	"Palea of lower floret absent or vestigial; nodes of culm hairy; decumbent perennial of wet areas"	"Panicum obseptum"
5	"Palea of lower floret fully developed (c. two-thirds to three-quarters as long as its lemma); nodes of culm glabrous"	6
6	"Branches of inflorescence stiff, finally widely spreading from primary branches, mostly whorled at lowest node; rachilla apparent between upper and lower glume; robust native perennial, forming leafy, erect, blue-green tussocks"	"Panicum decompositum"
6	"Branches of inflorescence pliant, remaining appressed to primary branches (rarely somewhat spreading, but still inclined to axes), mostly solitary at lowest node; rachilla apparent or not between the glumes; cataphylls present or absent; tussocks rather slender or loose, with spreading to ascending culms"	7
7	"Upper glume 7-(rarely indistinctly 9-)nerved; sheaths not or rarely purplish; cupular summit of pedicel not angular; uncommon native grass of the Murray floodplain between Albury and Swan Hill"	"Panicum laevinode"
7	"Upper glume 9–11-nerved; sheaths often purplish; cupular summit of pedicel angular; widespread weedy grass"	"Panicum gilvum"
8	"Upper glume and lower lemma conspicuously 9–11-nerved"	"Panicum miliaceum"
8	"Upper glume and lower lemma up to 7-(rarely 9)-nerved, nerves usually inconspicuous"	9
9	"Panicle small, few-branched, usually c. 4–10 cm long; rare, East Gippsland only"	"Panicum simile"
9	"Panicle (usually much) more than 10 cm long, with many capillary branches; widespread grasses"	10
10	"Palea of sterile floret present (c. half to three-quarters as long as its lemma); lower and upper glume shortly separated by development of rachilla; fertile lemma smooth or minutely roughened; annuals or perennials"	11
10	"Palea absent from sterile floret or much reduced (less than one-quarter as long as its lemma); rachilla not apparent between lower and upper glume; fertile lemma quite smooth; annuals"	12
11	"Plants perennial; leaves glabrous to moderately hairy with rather stiff hairs; callus of fertile lemma entirely basal, less than 0.5 mm wide"	"Panicum effusum"
11	"Plants annual; leaves with numerous, fine, spreading, tubercle-based hairs; callus of fertile lemma crescentic, extending upwards from base, more than 0.5 mm wide"	"Panicum hillmanii"
12	"Spikelet 3.5–5 mm long"	"Panicum queenslandicum"
12	"Spikelet to 3.3 mm long"	13
13	"Leaves glabrous, margins flat; panicle soon exserted from upper sheath; internodes hollow; stoloniferous plants"	"Panicum bisulcatum"
13	"Leaf-sheaths (and often blades) with spreading, tubercle-based hairs, margins often finely undulate; panicle enclosed within upper sheath until maturity; internodes of culm solid or pithy; tufted plants"	"Panicum capillare"
