1	"Pinnules with long (1 mm or more), fine stalks attached near centre of wedge-shaped base"	2
1	"Pinnules with short (usually less than 1 mm) stalks at one corner of approximately rhomboid pinnules"	3
from	statement	to
2	"Sori 1–4 per pinnule, kidney-shaped, outer margin deeply concave"	"Adiantum aethiopicum"
2	"Sori 3–7 per pinnule, oblong, with outer margin flat or slightly concave (if sori 3–7 per pinnule and kidney-shaped, and pinnules deeply dissected between sori, see notes under A. aethiopicum)"	"Adiantum capillus-veneris"
3	"Rhizome long; fronds well-separated, more than 45 cm tall; sori in shallow hollows of lobes (4–8 per pinnule)"	"Adiantum formosum"
3	"Rhizome short; fronds tufted, less than 45 cm tall; sori in deep notches between lobes"	4
4	"Fronds soft; pinnules with numerous small, stiff reddish-brown hairs on under-surface; rachises glabrous; sori 5–10 per pinnule"	"Adiantum diaphanum"
4	"Fronds relatively harsh; pinnules and rachises with numerous soft white hairs on undersurface; sori mostly more than 10 per pinnule"	5
5	"Pinnules dark green, not noticeably paler beneath; abaxial pinnule surfaces with sparse to dense pale setose hairs"	"Adiantum hispidulum var. hispidulum"
5	"Pinnules blue-green, paler beneath; abaxial pinnule surfaces with crowded pale lax hairs"	"Adiantum hispidulum var. hypoglaucum"
