from	statement	to
1	"Aerial parasites (mistletoes); East Gippsland only"	2
1	"Plants rooted in the ground (but parasitic, albeit not obviously, on roots of other species); throughout Victoria"	3
2	"Plant leafy, often golden-yellow, stems neither conspicuosly flattened or jointed; usually growing on other mistletoes; often on Dendrophthoe vitellina in Victoria"	Notothixos
2	"Plant with minute scale-like leaves at nodes of flattened jointed stems, but appearing leafless, dark green; usually growing on Syzygium smithii in Victoria."	Korthalsella
3	"Weak, erect herb or subshrub to c. 40 cm high; peduncle united to base of sub- tending leaf; inflorescence 1-flowered"	"Thesium:Thesium australe"
3	"Woody shrubs or trees, rarely prostrate; peduncle, when present, free from base of subtending leaf; inflorescence a raceme, spike, panicle, corymb or cluster, occasionally reduced to a single flower"	4
4	"Ovary superior; receptacle often enlarged and fleshy below drupe"	Exocarpos
4	"Ovary inferior; receptacle not enlarged and fleshy below drupe"	5
5	"Plant dioecious; branches resinous and lustrous; leaves absent; eastern and north- eastern Victoria only"	"Exocarpos:Exocarpos acerbus"
5	"Plant with bisexual flowers; branches neither resinous nor lustrous; leaves present at least on young branches, though often small and caducous"	6
6	"Leaves well-developed, opposite or whorled, persistent"	Santalum
6	"Leaves small or scale-like, alternate, often caducous"	7
7	"Flowers single or in clusters, each flower subtended by 2 or more persistent bracteoles; drupe scarcely succulent"	Choretrum
7	"Flowers in lateral spikes or racemes, each flower subtended by a single deciduous bract; drupe succulent"	Leptomeria
