from	statement	to
1	"Buds angled; operculum conical"	"Eucalyptus pauciflora subsp. debeuzevillei"
1	"Buds round in cross section"	2
2	"Branchlets, buds and immature fruits copiously waxy"	3
2	"Branchlets, buds and immature fruits not copiously waxy"	4
3	"Buds and fruits shortly pedicellate, fruit 8–10 mm diam."	"Eucalyptus pauciflora subsp. niphophila"
3	"Buds sessile, ovoid to oblong; fruit sessile, 10–14 mm diam."	"Eucalyptus pauciflora subsp. hedraia"
4	"Adult leaves to 17 cm long; fruit 9–12 mm diam."	"Eucalyptus pauciflora subsp. pauciflora"
4	"Adult leaves to 10 cm long; fruit 5–8 mm diam."	5
5	"Spreading trees; branchlets not waxy; fruit sessile"	"Eucalyptus pauciflora subsp. acerina"
5	"Mallees; branchlets faintly waxy; fruit shortly pedicellate"	"Eucalyptus pauciflora subsp. parvifructa"
