from	statement	to
1	"Petals free at or immediately after anthesis"	2
1	"Petals remaining fused into a tube"	3
2	"Petals pale green to bluish, 15–30 mm long; flowers distinctly stalked, pedicel 1–3 cm long; non-coastal, western Victoria"	"Correa aemula"
2	"Petals white (rarely pink), less than 15 mm long; flowers subsessile or pedicels to 5 mm long; coastal"	"Correa alba"
3	"Adaxial surface of leaves pubescent or slightly scabrous"	"Correa reflexa"
3	"Adaxial surface of leaves smooth and glabrous or nearly so"	4
4	"Staminal filaments linear throughout; corolla pink to red, cream, yellow or green; usually tall shrubs of tall wet forests or gullies"	"Correa lawrenceana"
4	"Staminal filaments, at least the antepetalous ones, widened at base; corolla usually cream, green or yellow, but sometimes red or dull pink; usually low shrubs (rarely to 2 m high) of heathlands, woodlands and usually drier open-forest, or garden-escaped plants"	5
5	"Calyx and lower surfaces of leaves with a dense tomentum; corolla cream or red"	6
5	"Calyx and leaves glabrous or glabrescent; corolla pale green to pale yellow or pink"	7
6	"Leaves broadly elliptic to ovate, margin entire, flat; Cape Otway area only"	"Correa backhouseana"
6	"Leaves narrow oblong to cordate, margin entire to crenulate, flat to recurved; widespread"	"Correa reflexa"
7	"Calyx and pedicel almost or quite glabrous; corolla pink"	"Correa 'Dusky Bells'"
7	"Calyx and pedicel variably hairy; corolla pale green to pale yellow"	"Correa glabra"
