from	statement	to
1	"Stems twining; leaves with hastate bases; fruiting perianth with keeled segments"	"Fallopia convolvulus"
1	"Stems erect; leaves rounded, truncate or broadly cordate at base; fruiting perianth distinctly winged"	2
2	"Undersurface of leaves with c. 1 mm long multicellular hairs on veins; leaves usually more than 15 cm long; base cordate; apex acute to shortly acuminate"	"Fallopia sachalinensis"
2	"Undersurface of leaves glabrous, often scabrid or with short hairs on veins when young; leaves mostly less than 15 cm long; base truncate to cordate; apex acuminate to cuspidate"	"Fallopia japonica"
