from	statement	to
1	"Leaf undersurfaces white and puberulous, margins revolute; inflorescence axillary"	"Leionema phylicifolium"
1	"Leaf undersurfaces glabrous or sparsely stellate, margins flat or recurved; inflorescence terminal, sometimes also in uppermost axils"	2
2	"Leaf apex bilobed or c. truncate"	"Leionema bilobum"
2	"Leaf apex acute or rounded"	3
3	"Stems smooth; leaves 3–5 mm long; central Victoria"	"Leionema microphyllum"
3	"Stems verrucose; leaves 3–10 mm long; central and eastern Victoria"	"Leionema lamprophyllum"
