from	statement	to
1	"Plants usually with creeping stems and erect branches; leaves scarcely to slightly twisted when dry, upper leaves with projecting apices"	"Ulota viridis var. viridis"
1	"Plants erect, without creeping stems; leaves strongly twisted or crisped when dry, without projecting apices"	2
2	"Leaves twisted, rarely crisped when dry, lacking the indentation above the broadly ovate base; neck very short"	"Ulota cochleata"
2	"Leaves strongly crisped when dry, indented by recurvature of margin for a short length immediately above the broad ovate base; neck of capsule long, tapering, smooth and not ribbed, often twisted with the seta when dry"	"Ulota lutea var. lutea"
