from	statement	to
1	"Leaf margins recurved"	2
1	"Leaf margins incurved"	3
2	"Leaves usually narrowly elliptic, medium to dark green on upper surface; involucral bracts ovate or rarely lanceolate"	"Pimelea linifolia subsp. linifolia"
2	"Leaves usually more or less linear, dark bluish-green or dark green on upper surface; involucral bracts lanceolate or rarely ovate; Grampians and Wilsons Promontory"	"Pimelea linifolia subsp. linoides"
3	"Leaves usually glaucous, upper and lower surfaces similar in colour; flowers usually more than twice as long as bracts; north-eastern mountains"	"Pimelea linifolia subsp. caesia"
3	"Leaves medium to dark green, usually paler on lower surface; flowers usually not much longer than bracts"	"Pimelea linifolia subsp. linifolia"
