1	"Leaf-blades involute, often terete, less than 1 mm wide"	2
1	"Leaf-blades flat or channelled, 2–20 mm wide"	3
from	statement	to
2	"Leaf-blades scabrous to shortly hispid (rarely smooth), sheath glabrous; lemma (excluding awn) 6–9 mm long"	"Festuca asperula"
2	"Leaf-blades smooth (occasionally minutely scabrous near the tips), sheath minutely pubescent; lemma (excluding awn) 4–6 mm long"	"Festuca rubra"
3	"Plants smooth on culms, smooth to lightly scabrous on leaves and nerves of lemma; mostly wetter sites in the lowlands"	"Festuca arundinacea"
3	"Plants conspicuously scabrous on culms, leaves and lemma; rocky subalps"	"Festuca muelleri"
