from	statement	to
1	"Calyx-lobes 4; plants often hairy on leaves and calyx; anthers 4"	"Glossostigma elatinoides"
1	"Calyx-lobes 3; plants glabrous; anthers 2 or 4"	2
2	"Pedicels 0–0.5 mm long (extending to c. 1 mm long in fruit) with the fruits down-turned into the substrate; corolla rudimentary; flowers cleistogamous; anthers 2"	"Glossostigma cleistanthum"
2	"Pedicels 2–10 (–20) mm long, always erect; corolla conspicuous; anthers 2 or 4"	3
3	"Anthers 2; leaves with petiole 0.5–2 times as long as blade, the blade almost as thin as the petiole, forward-directed with the midrib apparent below"	"Glossostigma diandrum"
3	"Anthers 4; leaves with petiole (2–) 3–5 times as long as blade, the blade thickened, recurved and with the midrib obscure"	"Glossostigma drummondii"
