from	statement	to
1	"Apical appendage of intermediate involucral bracts stiff and spiny"	2
1	"Apical appendage of intermediate involucral bracts pectinate, lacerate or fimbriate, never spiny"	5
2	"Flowers purple; pappus absent"	"Centaurea calcitrapa"
2	"Flowers yellow; pappus present"	3
3	"Capitula ± concealed by an involucre-like cluster of foliar bracts"	"Centaurea benedicta"
3	"Capitula exposed, not concealed by an involucre-like cluster of foliar bracts"	4
4	"Apical appendage of intermediate involucral bracts consisting of a spine 6–9 mm long with 1–3 pairs of spinules along sides near base; cypsela longer than pappus"	"Centaurea melitensis"
4	"Apical appendage of intermediate involucral bracts consisting of a spine 10–25 mm long with 1 or 2 pairs of spinules at base only; cypsela shorter than pappus"	"Centaurea solstitialis"
5	"Capitula 25–60 mm diam.; florets yellow"	"Centaurea macrocephala"
5	"Capitula to 25 mm diam.; florets purple, blue, pink or white, never yellow"	6
6	"Capitula 3–6 mm diam.; cauline leaves pinnatifid"	"Centaurea paniculata"
6	"Capitula more than 10 mm diam.; cauline leaves entire, toothed or pinnatisect"	7
7	"Lower involucral bracts without a clearly differentiated terminal appendage, margins toothed"	8
7	"Lower involucral bracts with a clearly differentiated terminal appendage constricted at attachment, margins of basal, non-modified part entire"	10
8	"Cauline leaves pinnatisect; pappus 4–5 mm long; probably not in Victoria, see note following genus description"	"Centaurea scabiosa"
8	"Cauline leaves ± entire; pappus to 4 mm long"	9
9	"Basal and lower cauline leaves to 1.5 cm wide; pappus 2–4 mm long; annual or rarely biennial; probably not in Victoria, see note following genus description"	"Centaurea cyanus"
9	"Basal and lower cauline leaves greater than 3 cm wide; pappus 0.5–1 mm long; perrenial"	"Centaurea montana"
10	"Terminal appendage of lower involucral bracts undivided or lacerate"	"Centaurea jacea"
10	"Terminal appendage of lower involucral bracts pectinate"	11
11	"Terminal appendage of involucral bracts entirely blackish; peripheral florets not expanded and raylike"	"Centaurea nigra"
11	"Terminal appendage of involucral bracts brown to dark-brown, if black then confined to middle of appendage; peripheral florets expanded and raylike"	"Centaurea x moncktonii"
