1	"Upper stem leaves sessile, either bract-like or broad to stem-clasping at base, or upper part of stem leafless"	2
1	"Upper stem leaves petiolate or narrowed to base"	4
from	statement	to
2	"All leaves glabrous, base of stem leaves clasped around less than a third of the stem; stamens erect"	"Brassica oleracea"
2	"Basal leaves usually bristly, base of stem leaves clasped around at least half of the stem; filament of outer stamens curved at base"	3
3	"First year rosettes grass green; inflorescence with open flowers equalling or overtopping the buds; petals 6–11 mm long, bright yellow"	"Brassica rapa"
3	"Leaves always glaucous; inflorescence with buds overtopping the open flowers; petals 11–14 mm long, pale yellow"	"Brassica ×napus"
4	"Leaves and stem glabrous to very sparsely bristly; basal leaves with 1–3 lateral lobes; fruits not appressed"	5
4	"Basal leaves (at least underneath) and lower stem moderately to densely bristly"	6
5	"Fruit 1–2 mm wide, on 1–3 mm stalk beyond end of pedicel; biennial or perennial; basal leaves with 2–3 pairs of lateral lobes"	"Brassica fruticulosa"
5	"Fruit 2–4 mm wide, terminating pedicel; annual; basal leaves with 1–2 pairs of lateral lobes"	"Brassica ×juncea"
6	"Basal leaves with 1–3 pairs of lateral lobes, bristly on both sides; fruit appressed, beak 1–3 mm long"	"Brassica nigra"
6	"Basal leaves with 4–10 pairs of lateral lobes, densely bristly below; fruit erect, beak 8–12 mm long"	"Brassica tournefortii"
