from	statement	to
1	"Outer involucral bracts leaf-like, often extending beyond inner bracts and florets; cypsela body retrorsely barbed; ray florets yellow"	"Bidens tripartita"
1	"Outer involucral bracts not leaf-like, not extending beyond inner bracts; cypsela body antrorsely barbed; ray florets white or yellow if present"	2
2	"Leaves simple, trifoliolate or once-pinnate; ray florets absent, or if present, distinct and white to pale yellow"	"Bidens pilosa"
2	"Leaves bipinnate or further pinnatifid or pinnatisect; ray florets absent or rudimentary and yellow; doubtfully naturalised in Victoria, see note following genus description"	"Bidens subalternans"
