from	statement	to
1	"Flowers yellowish to orange with darker veins, pendulous; staminal column usually longer than petals; leaves palmately 3–5-lobed, glabrous above with scattered stellate hairs below"	"Abutilon pictum"
1	"Flowers yellow, rarely orange, held erect or spreading; staminal column contained within petals; leaves not or hardly divided, both surfaces pubescent"	2
2	"Fruitlets 5–8, remaining attached basally; plants prostrate with leaves broadly ovate and sometimes 3–5-lobed, or erect twiggy herbs with narrowly ovate leaves with subsagittate bases"	3
2	"Fruitlets more than 10, remaining attached basally or soon dissociating; plants upright or sprawling; leaves ovate to broadly ovate, never subsagittate at base"	4
3	"Plants prostrate, 30–70 cm wide; leaves broadly ovate, to 3 cm long and wide, cordate and rounded at base, 3–5-lobed or not lobed; clayey floodplain soils in the north-west"	"Abutilon malvifolium"
3	"Plants erect, spindly, to 100 cm high; leaves narrowly ovate, to 4 cm long, 1 cm wide, subsagittate at base; rain-shadow areas of the east"	"Abutilon oxycarpum:Abutilon oxycarpum var. subsagittatum"
4	"Adjacent mericarps adhering to each other for over three-quarters of their length; garden-escaped exotic species"	5
4	"Adjacent mericarps adhering for less than half their length; native species of northern Victoria"	6
5	"Mericarps distinctly awned, awns >2 mm long; staminal column glabrous"	"Abutilon theophrasti"
5	"Mericarps not or hardly awned; staminal column stellate-pubescent; apparently no longer extant in Victoria"	"Abutilon indicum"
6	"Erect shrubs; mericarps distinctly exceeding calyx; leaves up to 18 cm long"	"Abutilon grandifolium"
6	"Plants spreading or sprawling; mericarps shorter than or subequal to calyx lobes; leaves less than 8 cm long"	7
7	"Calyx-lobes not keeled at base but with darker midline at apex of each lobe, not enclosing fruit; calyx campanulate in open flower; mericarps rounded at point of basal attachment to columella"	"Abutilon fraseri"
7	"Calyx-lobes distinctly keeled at base, without darker midline at apex of each lobe, enclosing fruit; calyx urceolate in open flower; mericarps notched at point of basal attachment to columella"	"Abutilon otocarpum"
