from	statement	to
1	"Flowers sessile; bracteoles persistent"	"Baeckea ericaea"
1	"Flowers pedicellate; bracteoles absent or deciduous"	2
2	"Leaves more or less terete, tapered at apex to a needle-point (far east only)"	"Baeckea linifolia"
2	"Leaves flat or thick but not terete, apex obtuse to acute but not needle-pointed"	3
3	"Petals usually pinkish; ovary 3-celled"	"Baeckea crassifolia"
3	"Petals white; ovary 2-celled (alps and subalps only)"	4
4	"Leaves 2–4 mm long, concave above, not keeled below"	"Baeckea gunniana"
4	"Leaves 4–10 mm long, more or less flat above, keeled below"	5
5	"Leaves elliptic to obovate, 2–6 mm wide"	"Baeckea latifolia"
5	"Leaves oblanceolate to elliptic, 1–3 mm wide"	"Baeckea utilis"
