from	statement	to
1	"Inflorescence pedunculate, terminal or axillary; plants glabrous, forming large dense mats, with stems to 10 m long, rooting at nodes; leaves mostly more than 30 mm long and 10 mm wide"	"Alternanthera philoxeroides"
1	"Inflorescence sessile in axis; plants pubescent (at least when young), not exceeding 1 m in length; leaves mostly less than 30 mm long, if longer, not more than 10 mm wide"	2
2	"Leaves broadly elliptic or obovate, mostly more than 1 cm wide; inner and outer tepals unequal, the longer, outer tepals spine-tipped"	"Alternanthera pungens"
2	"Leaves oblong to narrowly elliptic or obovate, less than 1 cm wide; tepals ± equal, not spine-tipped"	3
3	"Perianth 3–5 mm long, acuminate; taprooted herb with ± ascending branches"	"Alternanthera nodiflora"
3	"Perianth 2–3.5 mm long, acute; prostrate or scrambling herbs often rooting at lower nodes"	4
4	"Leaves ± oblong to narrow-elliptic, mostly 30 mm long or more; internodes mostly more than 25 mm; trailing or weakly ascending herb of swamps and river margins"	"Alternanthera denticulata"
4	"Leaves ovate to obovate, mostly under 25 mm long; internodes mostly less than 20 mm; prostrate herb of drier sites, often on heavy soils"	"Alternanthera sp. 1"
