from	statement	to
1	"Pinnules pouched; sporangia 2 (rarely 3) per sorus, partially or wholly obscured by strongly recurved pinnule margin; pinna-rachis sparsely to densely covered with scales on undersurface"	"Gleichenia dicarpa"
1	"Pinnules flat or with slightly recurved margins; sporangia 2–4 per sorus, not hidden by recurved pinnule margin; pinna-rachis without scales on undersurface"	2
2	"Lateral axes with abundant bundles of red-brown bristles; undersurface of pinnae pale green"	"Gleichenia microphylla"
2	"Lateral axes glabrous or nearly so; undersurface of pinnae usually glaucous"	"Gleichenia rupestris"
