from	statement	to
1	"Flowers with petals semi-spreading from base, bright blue (rarely white); anthers longer than filaments, coherent at apex (at least when young)"	"Billardiera fusiformis"
1	"Flowers more or less tubular, yellow, green, orange or pale bluish; anthers shorter than filaments, free"	2
2	"Flowers 3–12 together, in terminal cymes; corolla white or purplish"	3
2	"Flowers solitary or paired (rarely in 3s), corolla green, yellowish or orange"	4
3	"Inflorescence  ± sessile in leaf axil; petals white with a red marking in throat, petals often becoming darker in colour with age"	"Billardiera versicolor"
3	"Inflorescence a lax cyme, shortly pedunculate, peduncle > 5 mm long; flowers reddish or blue, rarely white"	"Billardiera cymosa"
4	"Corolla 25 mm long or more; style about as long as corolla; petals shortly spreading near the tips; leaves and stems shining and glabrous; berry purplish, shining, 2-locular"	"Billardiera macrantha"
4	"Corolla 12–25 mm long; style up to c. half length of corolla; petals spreading from about the middle; at least the younger leaves and stems hairy, older leaves remaining dull; berry dull, greenish, unilocular"	5
5	"Twining shrubs; leaves mostly narrowly elliptic or ovate with flat or undulate margins; pedicels slender, pendulous or curving, 12–45 mm long in flower, often extending in fruit; ovary and fruit glabrous or rarely pubescent"	"Billardiera mutabilis"
5	"Ascending shrubs; leaves c. oblong, usually with distinctly recurved margins; pedicels stout, erect or sometimes pendulous, up to 12 mm long in fruit; ovary and fruit densely villous"	"Billardiera scandens"
