from	statement	to
1	"Spikelets enclosed by a burr-like involucre composed of several rows of spines that are flattened and fused at their bases"	2
1	"Spikelets subtended by an involucre of bristles that are free to the base"	3
2	"Burr with fewer than 40 spines; largest spines to 4 mm long; all spines flat for their entire length"	"Cenchrus spinifex"
2	"Burr with more than 40 spines (including basal bristles); longest spines 5 mm or more long and becoming terete toward the apex"	"Cenchrus longispinus"
3	"Inflorescence reduced to one or a few spikelets, remaining enclosed within the uppermost leaf-sheaths; bristles of involucre shorter than spikelets; vigorous weed or lawn-grass, spreading extensively by rhizomes and stolons"	"Cenchrus clandestinus"
3	"Inflorescence of numerous spikelets, fully exserted from upper sheaths; bristles of involucre as long as or longer than spikelets; plants tufted or rhizomatous, not stoloniferous"	4
4	"Bristles of involucre scabrous"	5
4	"At least the inner bristles of involucre ciliate or plumose"	6
5	"Bristles of involucre 20–35 mm long, purplish; spikelets separating from main axis with panicle branch (2–4 mm long) attached; main axis hairy"	"Cenchrus purpurascens"
5	"Bristles of involucre 10–15 mm long, straw-coloured; spikelet separating from main axis immediately below involucre; main axis smooth or scabrous"	"Cenchrus macrourus"
6	"Bristles of involucre <15 mm long"	"Cenchrus ciliaris"
6	"Bristles of involucre >15 mm long"	7
7	"Inflorescence 8–30 cm long; bristles purplish; lemma of lower (sterile) floret 3-nerved, palea of lower floret lacking; robust, strongly tussock-forming"	"Cenchrus setaceus"
7	"Inflorescence 3–10 cm long; bristles white or yellowish (rarely purplish); lemma of lower (staminate or sterile) floret 7–9-nerved, palea of lower floret fully developed; long-rhizomatous or weakly tussock-forming"	"Cenchrus longisetus"
