1	"Rachis remaining intact at maturity; cultivated species, rarely escaping"	2
1	"Rachis breaking at each node at maturity; weedy species"	3
from	statement	to
2	"All spikelets of all but the uppermost and lowermost triads fertile"	"Hordeum vulgare"
2	"All triads with the lateral pair of spikelets sterile"	"Hordeum distichon"
3	"Perennial; glumes all subulate; awn of fertile lemma 6–12 mm long; uncommon, naturalized between Swan Hill and Shepparton"	"Hordeum secalinum"
3	"Annual; glumes lanceolate or subulate; awn of fertile lemma 10–35 mm long; widespread"	4
4	"Both glumes of central spikelet and inner glume of lateral spikelets lanceolate and ciliate, outer glume of lateral spikelets subulate"	5
4	"Glumes of central spikelet subulate and scabrous"	6
5	"Anthers of the central floret 0.2–0.5 mm long, usually blackish, less than half as long as those of lateral florets; article of rachis on which the triad of florets are united c. 2 mm long; leaves commonly glaucous"	"Hordeum glaucum"
5	"Anthers of central floret c. 1 mm long, usually pale, at least half as long as those of lateral florets; article of rachis 2.5 mm long or more; leaves green"	"Hordeum leporinum"
6	"Glumes of lateral spikelets similar, subulate or rarely linear-lanceolate; lower leaf-sheaths with hairs at least 0.5 mm long"	"Hordeum hystrix"
6	"Glumes of lateral spikelets dissimilar, the outer subulate, the inner lanceolate or winged near base; lower leaf-sheaths glabrous or with hairs not more than 0.5 mm long"	"Hordeum marinum"
