from	statement	to
1	"Awn 60–90 mm long, column 32–45 mm long; lemma 8.6–11.5 mm long; glumes broadly obtuse with 1–2 mm of delicately membranous, often erose tip, upper glume 11–14.5 mm long"	"Austrostipa rudis subsp. australis"
1	"Awn less than 65 mm long, column less than 30 mm long, lemma 5–10 mm long; lower glume usually narrowly truncate"	2
2	"Callus 1.5–2.5 mm long, usually more than 20% the length of lemma; column 20–25 mm long; upper glume membranous at tip, 9–12.5 mm long; hairs of lemma not extending to apex of lemma"	"Austrostipa rudis subsp. rudis"
2	"Callus 0.8–1.7 mm long, usually less than 20% the length of lemma; column less than 20 mm long; upper glume firm at tip, 7–10 mm long; hairs of lemma often extending to apex and exserted as a sparse coma to 1 mm long"	"Austrostipa rudis subsp. nervosa"
