from	statement	to
1	"Ligules to 2 mm long; leaves with moderately dense glandular hairs"	"Brachyscome ciliaris var. brachyglossa"
1	"Ligules 5–9 mm long; leaves glabrous or if glandular hairs present then sparse and mostly near base and apex"	2
2	"Leaves entire or sometimes with 1–3 segments on each side; segments linear; leaf axils often with a tuft of white woolly hair"	"Brachyscome ciliaris var. subintegrifolia"
2	"Leaves pinnatisect, occasionally 2-pinnatisect, with 1–6 segments on each side; segments usually obovate to spathulate; leaf axils with a similar density of tomentum as stem"	"Brachyscome ciliaris var. ciliaris"
