from	statement	to
1	"Margins of involucral bracts entire (apices sometimes minutely dentate, fimbriate or laciniate), never ciliate or cottony"	2
1	"Margins of involucral bracts ciliate (sometimes shortly) or cottony"	5
2	"Leaves linear, 1–4 cm long, 1–4 mm wide, indumentum of appressed arachnoid hairs, involucral bracts ovate to orbicular"	"Leptorhynchos nitidulus"
2	"Leaves elliptic-oblanceolate, 1–7 cm long, 1–6 mm wide, indumentum of septate hirsute hairs, involucral bracts ovate or elliptic"	3
3	"Cypselas gradually tapering to obscure beak, or not beaked, papillose at least near apex"	"Leptorhynchos elongatus"
3	"Cypselas rather abruptly tapered to distinct slender beak about as long as body, scabrous, but at least upper part of beak smooth"	4
4	"Involucral bract surfaces smooth; inner involucral bracts without a hyaline apiculum or if present then short (to 0.5 mm long)"	"Leptorhynchos orientalis"
4	"Involucral bract surfaces minutely scabridulous; inner involucral bracts with a hyaline apiculum c. 2 mm long"	"Leptorhynchos scaber"
5	"Flowering stem leafy to within 2 cm of capitula, sometimes with scarious or partially scarious bracts (these grading to leaves but of similar form)"	"Leptorhynchos waitzia"
5	"Flowering stem leafless in upper 2–20 cm, sometimes with scarious or partially scarious bracts (but these strongly differentiated from leaves)"	6
6	"Pappus bristles of bisexual florets more than 8"	"Leptorhynchos squamatus"
6	"Pappus bristles of bisexual floret fewer than 8"	7
7	"Perennial; pappus bristles of bisexual florets 4–7; cypsela smooth"	"Leptorhynchos tenuifolius"
7	"Annual; pappus bristles of bisexual florets 4 (rarely 5); cypsela papillose to minutely scabrous"	"Leptorhynchos tetrachaetus"
