from	statement	to
1	"Plants not producing suckers, flowering summer to autumn; leaves only slightly oblique, usually less than 5 cm long, upper surface glabrous, margins serrate; samsara without broad wing"	"Ulmus parvifolia"
1	"Plants usually spreading via suckers, flowering late winter and spring; leaves strongly oblique, usually more than 5 cm long, upper surface glabrous to scabrous, margins double-serrate; samsara with a broad wing"	2
2	"Leaves forming in small clusters, lamina broad, usually ± round, 4–9 cm long with an abruptly acuminate apex, upper surface usually softly glabrescent"	"Ulmus procera"
2	"Leaves not clustered, lamina ovate, 6–15 cm long, apex gradually narrowing, upper surface usually somewhat waxy or firm"	"Ulmus ×hollandica"
