1	"Stems variably glandular"	2
1	"Stems lacking glandular hairs"	4
from	statement	to
2	"Leaves glandular-puberulous and with minute sessile glands; female florets with 0–3 pappus bristles; Western Victoria"	"Chrysocephalum apiculatum subsp. attenuatum"
2	"Leaves with sessile and glandular stipitate hairs; female florets with 4–9 pappus bristles"	3
3	"Leaves linear to oblong-obovate, often curved, tomentose; female florets with 4–9 pappus bristles; Mallee"	"Chrysocephalum apiculatum subsp. glandulosum"
3	"Leaves narrowly oblong, acute, glandular-stipitate and sparsely cottony; female florets with (3–)4–7 pappus bristles; East Gippsland"	"Chrysocephalum apiculatum subsp. variabile"
4	"Stems cottony or cobwebbed (hairs subappressed)"	5
4	"Stems silky with strongly appressed silvery hair"	6
5	"Stems cottony; leaves cobwebbed, cottony or silky; female florets with 4 or 5 pappus bristles; coastal areas"	"Chrysocephalum apiculatum subsp. orarium"
5	"Stems and leaves cobwebbed; female florets with 0–6 shortly plumose pappus bristles"	"Chrysocephalum apiculatum subsp. apiculatum"
6	"Leaves linear to narrowly oblong or narrowly obovate, with cottony hairs"	7
6	"Leaves filiform to linear, with silky hairs"	8
7	"Mid-stem leaves entire, flat; capitula congested; female florets with 0–4 pappus bristles"	"Chrysocephalum apiculatum subsp. congestum"
7	"Mid-stem leaves with recurved margins and somewhat undulate; capitula in small corymbs; female florets with 0 or 1 pappus bristles"	"Chrysocephalum apiculatum subsp. gracile"
8	"Leaves filiform, silky; capitula 1–5, in compact terminal clusters; female florets with 1 or 2 pappus bristles"	"Chrysocephalum apiculatum subsp. filifolium"
8	"Leaves filiform to linear, silky, becoming glabrous with age; capitula solitary or in a compact orbicular cyme; female florets with 5 or 6 pappus bristles"	"Chrysocephalum apiculatum subsp. caespitosum"
