from	statement	to
1	"Style with prominent clusters of reflexed hairs; leaves somewhat flaccid, undersurface with a sparse vestiture of hairs; flowers more or less white; near-coastal in south-west only"	"Lasiopetalum schulzenii"
1	"Style glabrous or with one or several scattered hairs; leaves somewhat rigid, undersurface with a dense, somewhat matted vestiture of hairs; flowers pink"	2
2	"Inner surface of calyx more or less glabrous"	3
2	"Inner surface of calyx with indumentum of stellate hairs"	4
3	"Flowers distinctly stalked in a loose inflorescence; leaves ovate or lanceolate, 5–12 cm long, 1–4 cm wide, margins flat; chiefly mallee areas"	"Lasiopetalum behrii"
3	"Flowers subsessile in a dense, compact inflorescence; leaves mainly oblong or lanceolate, 3–8 cm long, 0.5–2 cm wide, margins flat or recurved; not in mallee areas"	"Lasiopetalum macrophyllum"
4	"Leaves mostly linear or narrowly oblong, 1.5–6 cm long, 0.2–0.7 mm wide; flowers in loose inflorescences"	"Lasiopetalum baueri"
4	"Leaves mostly ovate to lanceolate, 2–12 cm long, usually more than 1 cm wide; flowers in dense, nearly sessile clusters"	"Lasiopetalum ferrugineum"
