1	"Stamens > 6"	2	
1	"Stamens 4 or 5"	4	
from	statement	to	shortcut
2	"Leaves narrow-linear, to 1 cm long; margins closely revolute; sepals and petals each 4; corolla persisent"	Erica	
2	"Leaves obovate to ovate or lanceolate, 2 cm long or more; margins plane (but usually serrate); sepals and petals each 5; corolla deciduous"	3	
3	"Fruit a globular berry, c. 2 cm diam., rough and orange-red at maturity; stems with gland-tipped hairs; tall shrub or small tree escaped from cultivation"	Arbutus	"Arbutus unedo"
3	"Fruit a capsule, enclosed at maturity by the white or pinkish, enlarged and thickened calyx; stems with acicular bristles; weak montane shrub to c. 1.6 m high"	Gaultheria	
4	"Leaf-bases entirely sheathing stem; staminal filaments free from corolla and inserted at base of ovary"	5	
4	"Leaves petiolate, sessile or stem-clasping, but bases never entirely sheathing stem; staminal filaments fused to corolla"	6	
5	"Corolla not separating into lobes but splitting transversely near base, the upper hood-like part (operculum) shed, the lower cup-like part persisting; anthers free, glabrous; montane to alpine watercourses and bogs"	Dracophyllum	
5	"Corolla lobes separating at anthesis, not forming a deciduous operculum; anthers cohering around the style, densely hairy; lowland (rarely montane) wet heathlands"	Sprengelia	"Sprengelia incarnata"
6	"Style inserted in a deep depression between the carpels; fruit a capsule opening by 5 valves"	Epacris	
6	"Style not inserted in a deep depression between the carpels; fruit a drupe or sometimes the endocarp separating into pyrenes"	7	
7	"Axillary inflorescences all or mostly single-flowered (rarely some 2- or 3-flowered) with subtending bracts and bracteoles collectively more than 3; bracts and bracteoles often difficult to distinguish from one another and grading in size to the sepals"	8	
7	"Axillary inflorescences single-flowered, spicate or racemose, individual flowers subtended by a solitary persistent or caducous (sometimes leaf-like) bract and two bracteoles"	14	
8	"Staminal filaments slender, terete to slightly flattened"	9	
8	"Staminal filaments broad and distinctly flattened, ± fleshy"	11	
9	"Anthers much exserted from corolla tube on long erect filaments; filaments much longer than the anthers; style longer than corolla tube"	Styphelia	
9	"Anthers enclosed within to shortly exserted from corolla tube on short filaments; filaments shorter than or equal in length to the anthers; style shorter than corolla tube"	10	
10	"Hard endocarp of fruit not separating into pyrenes; pungent-leaved shrub 0.5–3 m high; near-coastal"	Leptecophylla	"Leptecophylla oxycedrus"
10	"Hard endocarp of fruit separating into pyrenes; blunt-leaved mat-forming shrub less than 15 cm high; higher alps"	Pentachondra	"Pentachondra pumila"
11	"Inner surface of corolla tube glabrous except for 5 reflexed fringed ovate scales inserted above the middle; corolla lobes obtuse to subacute, imbricate in bud"	Brachyloma	
11	"Inner surface of corolla tube with hairs scattered or in tufts or a ring towards the base, lacking reflexed scales above the middle; corolla lobes acute-acuminate, valvate in bud"	12	
12	"Inner surface of corolla tube with tufts or a ring of papilla-like glandular hairs towards the base; style less than 1 mm long; filaments becoming free from the corolla near the base of the tube; veins on undersurface of leaf several, parallel, unbranched and separated by deep grooves"	Melichrus	"Melichrus urceolatus"
12	"Inner surface of corolla tube with hairs scattered, in tufts or in a ring towards the base, but hairs not glandular and papilla-like; style longer than 5 mm; filaments becoming free from corolla well above base of tube; midvein only visible on underside of leaf, or if several veins apparent then some branched and/or not separated by deep grooves"	13	
13	"Flowers solitary or 2–3, in a short spike; external surface of corolla glabrous; bracteoles less than 5 mm long, c. half the length of calyx"	Styphelia	
13	"Flowers solitary; external surface of corolla minutely hairy or glabrous; bracteoles more than 6 mm long, c. two-thirds to three-quarters the length of calyx"	Stenanthera	
14	"Bracteoles distant from base of calyx; inner surface of corolla tube glabrous in lower third to half, pilose above"	Lissanthe	"Lissanthe strigosa subsp. subulata"
14	"Bracteoles inserted immediately below base of calyx; inner surface of corolla tube glabrous, or if hairs present, then confined to apex (i.e. in throat) and often in 5 tufts between the staminal filaments"	15	
15	"Throat of corolla tube partially or fully closed by 5 tufts of dense spreading hairs originating from near the junction of the corolla tube and lobes, the corolla lobes above wholly glabrous to minutely papillose or with an isolated subterminal comb-like tuft of long erect stiff hairs; flowers strictly in spikes borne on branchlets at least 1 year old; anthers much exserted from corolla tube on erect or strongly reflexed filaments; fruit 2–11-locular, endocarp ± separating into pyrenes"	16	
15	"Throat of corolla tube not closed by hairs, or if partially closed then the corolla lobes above neither wholly glabrous to minutely papillose nor with an isolated subterminal comb-like tuft of long erect stiff hairs; flowers solitary or in spikes or racemes on current season?s or 1 year old (rarely older) branchlets; anthers enclosed or exserted from corolla tube; fruit 1–5-locular, endocarp not separating into pyrenes"	17	
16	"Corolla lobes usually green, with a subterminal comb-like tuft of long erect stiff hairs; ovary and fruit 3–7-locular; widespread"	Acrotriche	
16	"Corolla lobes usually maroon, lacking a subterminal tuft of hairs; ovary and fruit 8–11-locular; decumbent shrub of montane to subalpine sites in the east"	Trochocarpa	"Trochocarpa clarkei"
17	"Ovary 1-locular; corolla tube glabrous internally; corolla lobes glabrous, minutely papillose or rarely with a few very sparse inconspicuous hairs internally"	Monotoca	
17	"Ovary 2–5-locular; corolla tube usually with hairs in the throat between the anthers; corolla lobes papillose or sparsely to densely bearded internally"	18	
18	"Corolla lobes distinctly imbricate in bud, minutely papillose internally"	Brachyloma	
18	"Corolla lobes valvate in bud, sparsely to densely bearded internally (glabrous to minutely papillose in alpine L. montanus)"	19	
19	"Flowers unisexual or at least functionally so; corolla lobes shorter or subequal to tube; anthers without sterile tip; alpine and subalpine areas"	Acrothamnus	
19	"Flowers bisexual; corolla lobes usually longer or equal to tube, if ever much shorter than tube then flowers on distinctly decurved spike; anthers with or without a sterile tip; mostly from lowland and montane areas"	20	
20	"Flowers all axillary, either solitary or in 2s or 3s on a short spike; anthers without a sterile tip"	Styphelia	
20	"Flowers terminal and sometimes axillary, in spikes (sometimes condensed) mostly of >3 flowers; anthers with a sterile tip"	Leucopogon	
