from	statement	to
1	"Plant perennial, often more than 1 m high; corolla bright blue, 15–25 mm diam.; mericarps more than 6 mm long, attached at base; sepals elongating to c. 20 mm in fruit; collected once near Warragul, not considered naturalised, not treated further"	"Anchusa azurea"
1	"Plant annual or biennial, usually less than 60 cm high; corolla pale blue or white, less than 15 mm diam.; mericarps less than 5 mm long, attached obliquely; sepals elongating to no more than c. 12 mm in fruit"	2
2	"Corolla zygomorphic; sepals free nearly to base, elongating markedly in fruit; leaf- margins undulate-dentate; mericarps with areole narrower than its base"	"Anchusa arvensis"
2	"Corolla regular; sepals joined for at least half their length, scarcely elongating in fruit; leaf-margins entire; mericarps with areole about as wide as or wider than its base"	"Anchusa capensis"
