from	statement	to
1	"Leaves glabrous or if hairy with few marginal setae"	"Pappochroma tasmanicum"
1	"Leaves more or less covered with multicellular or glandular hairs, margins more or less ciliate with multicellular hairs"	2
2	"Plants with spreading, slender, often branched rhizomes; leaves crowded but rarely truly rosetted at base, passing gradually into bracts of peduncles; involucre to 1.5 cm wide at maturity; plants of moist mossbeds, heathlands and swampy sites"	"Pappochroma paludicola"
2	"Plants with short, thickish rhizomes, solitary or colony-forming; leaves in a basal rosette, distinctly differentiated form bracts of peduncles; involucre 1.2–2.5 cm wide at maturity"	3
3	"Leaves non-viscid, hirsute with multicellular hairs"	"Pappochroma bellidioides"
3	"Leaves viscid (often shining) from more or less sessile glandular hairs"	"Pappochroma nitidum"
