from	statement	to
1	"Corolla lobes with a crenate glabrous margin, which has thickened ribs corresponding with the veins and/or a thickened rim"	2
1	"Corolla lobes with a smooth or somewhat crinkled but not thickened margin, sometimes hairy right to the margin, the veins often deeply coloured but not thickened"	7
2	"Calyx lobes more than twice as long as the calyx tube"	3
2	"Calyx lobes about as long as or up to twice as long as the calyx tube"	4
3	"Inflorescence with bases of individual flowers hidden by a dense white indumentum; calyx lobes densely hairy, not obvious below the hairs"	"Dicrastylis sessilifolia"
3	"Inflorescence with bases of individual flowers visible; calyx lobes sparsely to moderately hairy, obvious"	"Dicrastylis mitchellii"
4	"Inflorescence resembling a simple or compound spike with few or no long basal peduncles; bracts narrowly ovate or rarely ovate"	5
4	"Inflorescence pyramidal or with multiple long basal peduncles; bracts ovate"	6
5	"Calyx indumentum bright yellow, rarely with some reddish hairs present"	"Dicrastylis beveridgei"
5	"Calyx indumentum white, off-white or violet"	"Dicrastylis costelloi"
6	"Inflorescences 12–35(–65) mm long, all or mostly broader than long; axes with yellowish or red-tinged, peltate-dendritic hairs (i.e. dendritic hairs with the branched summit flat)"	"Dicrastylis cundeeleensis"
6	"Inflorescences up to 170 mm long, usually much longer than wide; axes with white or cream, usually erect dendritic hairs"	"Dicrastylis doranii"
7	"Inflorescence with head-like cymes arranged in a panicle, ± pyramidal or spike-like (or spike-like with basal branches), usually with discrete 7-flowered cymes; corolla white or coloured; hairs often coloured"	8
7	"Inflorescence loosely to densely corymbose, sometimes head-like, with cymes or combined cymes commonly more than 7-flowered; corolla white (including hairs)"	18
8	"Inflorescence short, subterminal below a leafy shoot apex; calyx lobes with scattered  dendritic hairs outside; corolla lobes ± glabrous"	"Dicrastylis subterminalis"
8	"Inflorescence long, terminal; calyx lobes densely dendritic-hairy outside; corolla lobes densely hairy outside except on margin"	9
9	"Young stems with long, glandular hairs protruding far beyond the short, non-glandular indumentum; upper surface of leaves sparsely hairy, with short glandular hairs and much longer non-glandular hairs"	"Dicrastylis sp. Ilkurlka (R.Davis et al. 11637)"
9	"Young stems without protruding glandular hairs; upper surface of leaves usually densely hairy; glandular hairs (when present) not greatly differing in length from non-glandular hairs"	10
10	"Leaves sessile’ flowers medium to deep violet-blue, with white hairs not obscuring the calyx"	11
10	"Leaves with a petiole 1.5–20 mm long; flowers white or pale blue or mauve inside, often appearing pale to deep pink or yellow outside because of the presence of coloured hairs"	14
11	"Leaves ± linear, 1–2 mm wide; margins revolute, ± meeting below at midrib or revealing very little of the midrib; inflorescence one-sided"	"Dicrastylis capitellata"
11	"Leaves ± linear to almost circular or cordate, usually 2–30 mm wide; margins flat or recurved, usually widely separated; inflorescence not or only partially one-sided."	12
12	"Leaves opposite, ± obovate; cymes opposite and decussate; peduncles mostly less than 2 mm long, rarely those of lowest axils up to 8 mm long"	"Dicrastylis flexuosa"
12	"Leaves partially opposite and partially whorled, ± linear to narrowly obovate; cymes often whorled or solitary; peduncles of lowest axils more than 2 mm long, up to 20 mm long"	13
13	"Calyx 3–4 mm long; corolla ± equally lobed; tube 3–4 mm long; lobes 1–1.5 mm long"	"Dicrastylis nicholasii"
13	"Calyx 5–6 mm long; corolla with central lobe enlarged in lateral flowers, ±, equally lobed in central flower of a cluster; tube 5–6 mm long; lobes 2–3.5 mm long"	"Dicrastylis lewelliniii"
14	"Leaves cordate, broadly ovate or ± ovate; flowers with pink to deep purple indumentum"	"Dicrastylis cordifolia"
14	"Leaves often narrower than above choice, if ovate to circular then flowers with yellow indumentum"	15
15	"Calyx indumentum white to pale yellow or purplish; lobes almost linear to narrowly ovate"	16
15	"Calyx indumentum usually medium to bright yellow, sometimes also purplish; lobes ± ovate or broadly ovate"	17
16	"Leaves green with yellow-brown and red-brown indumentum; petiole 1.5–5 mm long; blade 17–45 × 5–13 mm; occurring mainly on red sandplains and other sandy habitats"	"Dicrastylis brunnea"
16	"Leaves grey-green on flowering stems, sometimes becoming green with age; petiole 4–13 mm long; blade 35–85 × 12–32 mm; occurring in rocky habitats on the central Australian ranges"	"Dicrastylis gilesii"
17	"Leaf blades very narrowly ovate to almost linear-elliptic, 50–70 × 6–11 mm; corolla lobes broadly triangular to very broadly ovate, margin crinkled, with prominent glands outside"	"Dicrastylis kumarinensis"
17	"Leaf blades very narrowly ovate to almost circular, 40–90 × 11–23 mm; corolla lobes triangular to ovate, margin smooth, without prominent glands outside"	"Dicrastylis exsuccosa"
18	"Corolla lobes shorter than corolla tube"	19
18	"Corolla lobes as long as or longer than corolla tube"	23
19	"Flowers all or mostly 4-merous; style divided for less than 1/3 of its length, glabrous except on base of entire part"	20
19	"Flowers all or mostly 5-merous (rarely mostly 4-merous in D. corymbosa); style divided for more than 1/3 of its length, hairy at least to the top of the entire part"	21
20	"Leaves ovate to narrowly obovate, 1.5–4 mm wide, usually densely hairy on upper surface at least at first; margins recurved; flowers 6–7 mm long. Style branches 0.5–1 mm long at maturity"	"Dicrastylis globiflora"
20	"Leaves narrowly ovate or linear, 1–1.5 mm wide, largely glabrous on upper surface; margins revolute; flowers 4–5 mm long. Style branches 0.2–0.3 mm long at maturity"	"Dicrastylis rugosifolia"
21	"Shrub c. 1 m high, on granite outcrops; leaves ovate or broadly ovate; undersurface with hairs restricted to the veins"	"Dicrastylis reticulata"
21	"Shrub 0.1–0.6 m high, on sandplain and other sandy habitats; leaves ovate  to oblong or (usually) narrowly so; undersurface hairy throughout"	22
22	"Leaves 4–12(–15) mm long; upper surface usually grey-green, the revolute margins often green; lower surface with a dense, fairly uniform indumentum; bracts usually with pale to deep orange or purplish hairs"	"Dicrastylis corymbosa"
22	"Leaves 12–20 mm long; upper surface green; lower surface with a dense layer of minute white hairs and with much larger hairs (these may be lost from older leaves) scattered along the midvein and usually other main veins; bracts with white hairs"	"Dicrastylis velutina"
23	"Pedicel and calyx with an appressed indumentum of subsessile, scale-like hairs less than 0.2 mm long."	24
23	"Pedicel with patent dendritic hairs 0.2–0.35 mm long; calyx with dendritic hairs 0.2–3 mm long, not scale-like but sometimes peltate (i.e. with branched summit horizontal)"	26
24	"Leaves obovate or broadly obovate, 6–13 × 3–10 mm ; upper surface fairly uniformly hairy; anthers 0.4–0.5 mm long"	"Dicrastylis obovata"
24	"Leaves almost linear to narrowly obovate, 13–45 × 1–6 mm ; upper surface glabrous throughout or with the bullae becoming glabrous; anthers usually 0.6–0.7 mm long"	25
25	"Upper leaf surface shallowly bullate, hairy between the bullae; stamens usually 5; filament 2.5–3.7 mm long"	"Dicrastylis linearifolia"
25	"Upper leaf surface prominently reticulate-patterned, glabrous; stamens usually 4; filament c. 1.5 mm long"	"Dicrastylis archeri"
26	"Stem hairs with a sub-basal whorl of simple branches, unbranched above, with a terminal gland"	"Dicrastylis micrantha"
26	"Stem hairs dendritic, either non-glandular or with several branches terminating in a gland"	27
27	"Largest hairs (on stems) 2–3.5 mm long, apparently with several branches ending in a gland (the glands sometimes lost with age); leaves sessile"	"Dicrastylis incana"
27	"Largest hairs (on stems) non-glandular; leaves with a petiole up to 1.5 mm long, rarely sessile"	28
28	"Calyx with hairs 0.2–0.4 mm long"	29
28	"Calyx with hairs 0.5–1.5 mm long"	31
29	"Corolla lobes with a dense indumentum reaching the margin. Anthers 0.4–0.6 mm long, pale yellowish to medium brown; occurs on the coast on strand, dunes or limestone"	"Dicrastylis maritima"
29	"Corolla lobes with a distinct glabrous border. Anthers 0.25–0.35 mm long, purple or black; occurs inland and also on hummock grassland close to, but not on, the coast"	30
30	"Leaves 5–20 × 1–3.5(–5) mm; panicles 15–75 mm across"	"Dicrastylis parvifolia"
30	"Leaves 20–30 × 8–10 mm; panicles c. 130 mm across"	"Dicrastylis sp. Denham (M. Lewis 42/92)"
31	"Leaves mostly narrowly ovate, the larger ones 35–40 mm long; lower surface with large lacunae and minute hairs not covering the lacunae; flowers c. 3 mm long"	"Dicrastylis sp. Cue (A.A. Mitchell 764)"
31	"Leaves narrowly to broadly ovate to obovate, the larger ones 10–33(–37) mm long (if more than 33 mm long then narrowly obovate); lower surface with small lacunae and/or with large hairs obscuring the lacunae; flowers 4–6 mm long"	32
32	"Stem indumentum (not including inflorescence branches) of patent dendritic hairs 0.4–1.4 mm long; leaves mostly narrowly to broadly ovate, 5–14 mm wide"	"Dicrastylis fulva"
32	"Stem indumentum (not including inflorescence branches) of peltate-dendritic hairs (i.e. with a patent stalk and a horizontal branches) up to 0.3 mm long; leaves mostly narrowly obovate or obovate, 3–9 mm wide"	33
33	"Young stems brownish; leaves mostly grey-green or green"	"Dicrastylis soliparma"
33	"Young stems silvery; leaves silvery"	"Dicrastylis sp. Peron Peninsula (M.E.Trudgen 7373)"
