from	statement	to
1	"Leaves, at least those of primary stem, markedly decurrent (more than 4 mm) or stem-clasping"	2
1	"Leaves attenuate at base (simply sessile or only slightly decurrent (< 2 mm) on stem)"	4
2	"Involucres at least 15 mm long; marginal florets without ligules"	"Streptoglossa macrocephala"
2	"Involucres < 15 mm long; marginal florets ligulate"	3
3	"Leaves on primary stem 8–23 mm wide; florets 45–80 per capitulum; capitula usually in loose corymbs"	"Streptoglossa decurrens"
3	"Leaves on primary stem rarely > 10 mm wide; florets 15–30 (rarely > 45) per capitulum; capitula scattered"	"Streptoglossa odora"
4	"Leaves not all linear or if oblanceolate then broader than 3 mm"	5
4	"Leaves all narrowly linear or oblanceolate, to 3 mm wide"	"Streptoglossa odora"
5	"Median involucral bracts densely glandular; fresh plants strongly aromatic"	6
5	"Median involucral bracts with few scattered glands or non-glandular; plants never strongly aromatic"	7
6	"Outer and median involucral bracts without non-glandular multiseptate hairs; involucral bracts straw-coloured, never purple- tipped; involucres at least 15 mm long"	"Streptoglossa macrocephala"
6	"Outer and median involucral bracts villous; involucral bracts green, often purple-tipped; involucres < 15 mm long"	"Streptoglossa bubakii"
7	"Involucres < 13 mm long"	8
7	"Involucres at least 13 mm long"	10
8	"Receptacle non-glandular"	"Streptoglossa tenuiflora"
8	"Receptacle glandular"	9
9	"Capitula terminating branches > 30 mm long; plants sparsely and openly branched; ligules conspicuous, 3–6.7 mm long"	"Streptoglossa liatroides"
9	"Capitula terminating branches to 30 mm long; plants much- branched, compact; ligules inconspicuous, 1–2 mm long"	"Streptoglossa adscendens"
10	"Median involucral bracts glabrescent to villous; receptacles glandular"	"Streptoglossa liatroides"
10	"Median involucral bracts glabrous; receptacles non-glandular"	"Streptoglossa cylindriceps"
