from	statement	to
1	"Leaves all simple, entire or lobed"	2
1	"Some leaves compound"	11
2	"Leaves terete or subterete or narrowly elliptic, entire"	3
2	"Leaves narrowly oblong to ovate, obovate, or trilobed"	10
3	"Plant glabrous (except flowers); leaves opposite"	4
3	"Plant glabrous or with puberulous or puberulous branches; leaves opposite or alternate or fasciculate or whorled"	7
4	"Staminal filaments filiform, glabrous"	"Cyanothamnus bussellianus"
4	"Staminal filaments neither filiform nor glabrous"	5
5	"Stigma large, subsessile or on a short thick style; sepals broadly ovate"	"Cyanothamnus subsessilis"
5	"Stigma small, style slender; sepals narrowly or broadly ovate or triangular or broadly oblong"	6
6	"Leaves filiform, 4–20 mm long"	"Cyanothamnus defoliatus"
6	"Leaves subterete, thick, 3–10 mm long"	"Cyanothamnus coerulescens"
7	"Petals stellate-pubescent; leaves opposite"	"Cyanothamnus westringioides"
7	"Petals glabrous or puberulous with simple hairs; leaves opposite or alternate or fasciculate or whorled"	8
8	"Leaves opposite"	"Cyanothamnus coerulescens"
8	"Leaves subopposite, alternate, or in fascicles"	9
9	"Branchlets spinescent"	"Cyanothamnus acanthocladus"
9	"Branchlets not spinescent"	"Cyanothamnus fabianoides"
10	"Leaves oblong to obovate or trilobed; petals glabrous or with a few simple hairs; petals variably glandular"	"Cyanothamnus coerulescens"
10	"Leaves boat-shaped to obovate, sessile, appressed; petals stellate- puberulous, usually red gland-dotted all over"	"Cyanothamnus baeckeaceus"
11	"Leaves petiolate"	12
11	"Leaves sessile"	13
12	"Leaflets linear to terete, concave or channelled above"	"Cyanothamnus ramosus"
12	"Leaflets flat or slightly convex above"	"Cyanothamnus inconspicuus"
13	"Leaflets ±linear to narrowly cuneate, flat or convex above"	"Cyanothamnus penicillatus"
13	"Leaflets boat-shaped to obovate, concave above"	"Cyanothamnus baeckeaceus"
