from	statement	to
1	"Inflorescence with 2 (–6) flowers and ending in a tuft of leaves (Kunzea subgen. Angasomyrtus)"	"Kunzea salina"
1	"Inflorescence with 6–∞ flowers or without terminal tuft of leaves"	2
2	"Ovary mainly with 4 or 5 locules; epidermis of young branches shed in large slough­-like pieces, or flowers red and filaments 10–24 mm long"	3
2	"Ovary with 2 or 3, rarely 5 locules; epidermis of young branches shed in strips"	5
3	"Filaments 10–24 mm long; hypanthium > 3.3 mm long; petals red, rarely white"	"Kunzea subgen. Salisia sect. Salisia"
3	"Filaments 2–5.5 mm long; hypanthium < 3.1 mm long; petals pink to off­-white"	4
4	"Inflorescence with (1–) 3–8 (–12) flowers; stamens usually shorter than, or as long as petals"	"Kunzea subgen. Salisia sect. Floridae"
4	"Inflorescence with > 10 flowers; stamens longer than petals"	"Kunzea subgen. Salisia sect. Zeanuk"
5	"Distal young main branches irregularly branching from some nodes and these lateral branches are usually longer than the subtending leaf (except K. petrophila, but then with acuminate bracts); bracts usually scale­like chartaceous (Kunzea subgen. Niviferae K. sect. Platyphylla)"	"Kunzea petrophila"
5	"Distal main branches developing lateral branches in the axil of each leaf, but some remain short shoots which are shorter or as long as subtending leaf; bracts fleshy and green and often with mem­branous margin"	6
6	"Mature flower buds apically acute with erect calyx lobes; inflorescence usually without terminal leaves (Kunzea subgen. Niviferae sect. Pallidiflorae)"	"Kunzea ambigua"
6	"Mature flower buds apically truncate with incurved calyx lobes; inflorescence with few to many terminal leaves"	"Kunzea subgen. Niviferae sect. Niviferae"
