from	statement	to
1	"Bracts and sepals prominently serrate; stamens 4; plant with glandular and eglandular hairs"	"Verbascum creticum"
1	"Bracts and sepals more or less entire; stamens 5"	2
2	"Leaves grey to whitish or yellowish, from a dense woolly to tomentose or sometimes floccose indumentum; inflorescence dense, the flowers and fruits closely packed; basal leaves entire or crenate"	"Verbascum thapsus subsp. thapsus"
2	"Leaves more or less green, glabrous or sparsely hairy"	"Verbascum virgatum"
