from	statement	to
1	"Style protruding between anthers or slightly bent, displacing one anther, erect for most of its length but recurved near apex"	2
1	"Style bent strongly near base, displaced from the centre of the flower (eccentric)"	"Solanum lithophilum"
2	"Stems ultimately ascending or erect; bushy plants"	"Solanum quadriloculatum"
2	"Stems ultimately prostrate or procumbent; ground covering plants"	3
3	"Calyx prickles >50; fruits 18–22 mm diameter; inflorescences 1(–2)-flowered"	"Solanum horridum"
3	"Calyx prickles 5–50; fruits 9–17 mm diameter; inflorescences 1–6-flowered"	"Solanum cleistogamum"
