from	statement	to
1	"Inflorescences all or mainly axillary clusters, rarely also forming a very small leafless terminal spike or panicle"	2
1	"Inflorescences mainly terminal, leafless, elongated spikes or panicles, although smaller spikes or axillary clusters may also be present"	10
2	"Bracts and bracteoles 2.5–4 mm long, shortly aristate, pungent"	"Amaranthus albus"
2	"Bracts and bracteoles 1–3 mm long, mucronate to shortly aristate but not pungent"	3
3	"Fruit a circumscissile capsule"	"Amaranthus undulatus"
3	"Fruit an indehiscent utricle"	4
4	"Fruit smooth to rugose, with prominent (rarely weak), longitudinal, straight ribs or inflated undulate ribs"	5
4	"Fruit rugulose to rugose, without prominent, longitudinal, straight ribs or inflated undulate ribs"	8
5	"Midnerve of tepals at the fruiting stage broad, 0.3–1 mm wide for some or all of length"	6
5	"Midnerve of tepals at the fruiting stage narrow, c. 0.1 mm wide for entire length"	"Amaranthus interruptus"
6	"Fruit 1.2–1.5 mm long, obovoid to globose; ribs inflated and undulate"	"Amaranthus mitchellii"
6	"Fruit 1.5–3 mm long, ellipsoid; ribs slightly raised, straight"	7
7	"Leaves linear to narrowly oblong or narrowly ovate; margins of tepals at the fruiting stage with a single or serrated tooth-like projection on each side"	"Amaranthus induratus"
7	"Leaves ovate or elliptic; margins of tepals at the fruiting stage without tooth-like projections"	"Amaranthus centralis"
8	"Tepals at the fruiting stage1.2–1.6 mm long (rarely to 2 mm long), spathulate; fruit usually equal to or longer than tepals"	"Amaranthus cochleitepalus"
8	"Tepals at the fruiting stage1.5–3 mm long, broadly spathulate, obovate-spathulate, rounded-obtrullate-spathulate, narrowly obovate-spathulate or narrowly obovate; fruit equal to or shorter than tepals"	9
9	"Tepals at the fruiting stage broadly spathulate, obovate-spathulate or rounded-obtrullate-spathulate, spreading to recurved"	"Amaranthus cuspidifolius"
9	"Tepals at the fruiting stage narrowly obovate-spathulate or narrowly obovate, usually erect"	"Amaranthus interruptus"
10	"Inflorescence pendulous, deep red to maroon or sometimes greenish"	"Amaranthus caudatus"
10	"Inflorescence erect, various colours other than deep red to maroon (green but often tinged reddish in A. cruentus)"	11
11	"Fruit an indehiscent utricle"	12
11	"Fruit a circumscissile capsule"	17
12	"Tepals 5 in female flowers, or if 4, then bracts and bracteoles 1 mm long or longer"	13
12	"Tepals 3 (rarely 2) in female flowers, or if 4, then bracts and bracteoles less than 1 mm long"	16
13	"Fruit ellipsoid, smooth to rugose, longitudinally ribbed; tepals becoming hardened in fruit, with midnerve broad, 0.5–1 mm wide"	14
13	"Fruit globose or obovoid, rugulose to rugose, not or weakly ribbed; tepals remaining membranous in fruit, with midnerve narrow, 0.1–0.3 mm wide"	15
14	"Leaves linear to narrowly oblong or narrowly ovate; margins of tepals at the fruiting stage with a single entire or serrated tooth-like projection on each side"	"Amaranthus induratus"
14	"Leaves ovate or elliptic; margins of tepals of female flowers in fruit without tooth-like projections"	"Amaranthus centralis"
15	"Leaves ovate to trullate; stems sparsely hairy"	"Amaranthus interruptus"
15	"Leaves linear to narrowly elliptic; stems glabrous"	"Amaranthus muricatus"
16	"Young stems glabrous, leaves usually deeply or broadly emarginate; fruit smooth or rugulose in the lower half"	"Amaranthus blitum"
16	"Young stems sparsely hairy; leaves usually obtuse or shallowly emarginate; fruit rugose all over"	"Amaranthus viridis"
17	"Bract and bracteoles longer than tepals at the fruiting stage"	18
17	"Bract and bracteoles shorter than or equal to tepals at the fruiting stage"	21
18	"Young stems and inflorescences sparsely to densely hairy, tepals obtuse or emarginate"	"Amaranthus retroflexus"
18	"Young stems and inflorescences glabrous to sparsely hairy; tepals acute or acuminate"	19
19	"Bracts and bracteoles 2–3 mm long, erect"	20
19	"Bracts and bracteoles 3.5–6 mm long, or if <3.5 mm long then spreading to recurved"	"Amaranthus powellii"
20	"Spikes greenish, usually 4–7 mm wide; fruit slightly shorter than or equal to tepals"	"Amaranthus hybridus"
20	"Spikes green but often tinged reddish, 7–12 mm wide; fruit equal to or longer than tepals"	"Amaranthus cruentus"
21	"Tepals of male and female flowers 4 or 5"	22
21	"Tepals of male and female flowers 3"	"Amaranthus tricolor"
22	"Leaves narrowly ovate; midnerve of tepals at the fruiting stage broad, 0.5–0.8 mm wide"	"Amaranthus clementii"
22	"Leaves ovate to broadly ovate or rhombic to trullate or elliptic to circular; midnerve of tepals at the fruiting stage narrow, 0.1 mm wide"	"Amaranthus undulatus"
