from	statement	to
1	"Corolla white, hairs evenly distributed across the lobes and into the throat of the tube (Borden–Wellstead–Ongerup)"	"Acrotriche dura"
1	"Corolla predominantly greenish, occasionally yellowish-green or greenish suffused purple; lobes usually with hairs confined to subapical tufts, occasionally with very sparse long hairs scattered across the surface; tube with 5 hair tufts in the throat"	2
2	"Leaf with a long, pungent mucro"	3
2	"Leaf apex usually obtuse or subacute, if occasionally acute then with an innocuous tip, never pungent"	6
3	"Leaves ovate, occasionally narrowly ovate, 3–6 mm wide, most, or at least some leaves with cordate bases. Corolla throat hairs arising from unmodified epidermal cells. Fruiting endocarp with deep, sharply angular longitudinal ribs (coastal and subcoastal: Toolinna Cove–South Australian border)"	"Acrotriche patula"
3	"Leaves narrowly ovate, narrowly oblong, narrowly elliptic or linear, 1.3–3.2 mm wide, with cuneate or rounded bases. Corolla throat hairs arising from 5 raised, cushion-like outgrowths. Fruiting endocarp smooth or if with longitudinal ribs apparent then not as above"	4
4	"Leaves convex, the margins clearly recurved on dried specimens, intercostal distance between midrib and first veins on either side 0.2–0.3 mm"	5
4	"Leaves slightly concave, flat or slightly convex, if the margins ± recurved on dried specimens the intercostal distance between midrib and first veins c. 0.5 mm (Kondinin–Gt Eastern Hwy–Bremer Range–Lake King)"	"Acrotriche lancifolia"
5	"Leaves shallowly antrorse to shallowly retrorse. Inflorescences mostly 6–11-flowered, usually arising from bare nodes well below the leaves. Fruit globose to broadly obovoid, 3–4 mm wide (Stirling Range–Ravensthorpe; Cape le Grand–Israelite Bay)"	"Acrotriche ramiflora"
5	"Leaves usually steeply antrorse. Inflorescence 2–6-flowered, arising from leaf axils or from bare nodes a little below the current leaves. Fruit strongly depressed-obovoid, 5.5–7 mm wide (Cascade area)"	"Acrotriche platycarpa"
6	"Corolla lobe hairs largely confined to a subapical tuft, the latter arranged in a crescent-shaped formation. Ovary 7–10-locular (Stirling Range–Ravensthorpe; outliers at Tarin Rock and Dongolocking)"	"Acrotriche parviflora"
6	"Corolla lobe hairs either mostly in a subapical tuft or not, but if so then the tuft a ± straight transverse band. Ovary 4–5-locular"	7
7	"Leaves pruinose, broadly ovate to depressed-ovate, broadly elliptic to transversely elliptic, or occasionally broadly obovate to depressed-obovate. Corolla lobes 0.6–0.7 mm long, with rather sparse hairs scattered across the surfaces. Corolla throat hairs in rather sparse tufts arising from unmodified epidermal cells (Ravensthorpe area)"	"Acrotriche orbicularis"
7	"Leaves not pruinose, variable in shape, whether ovate, elliptic or obovate, rarely broadly so. Corolla lobes 1.2–1.9 mm long, with hairs in a well-defined subapical tuft (occasionally a very few hairs may be present below the tuft). Corolla throat hairs dense, arising from 5 raised cushion-like outgrowths (mostly coastal, from Leeman along the W and S coasts to Great Australian Bight, but extending well inland in parts of central south coast)"	"Acrotriche cordata"
