from	statement	to
1	"Style with 2 long stigmatic branches"	"Polymeria distigma"
1	"Style with 4-9( 16) stigmatic branches"	2
2	"Rhizomatous perennials; corolla mainly 14–23 mm long, if less then leaves and stems densely sericeous; outer sepals with appressed to weakly ascending hairs; bracts 2–12 mm long"	"Polymeria longifolia"
2	"Non-rhizomatous perennials with trailing stems rooting at the basal nodes; corolla 6–15 mm long; outer sepals glabrous or with spreading hairs; bracts mainly < 5 mm long"	3
3	"Outer sepals 4–8 mm wide at flowering, expanding to 10 mm at fruiting, length-width ratio < 1.5, base cordate to sub-cordate"	"Polymeria calycina"
3	"Outer sepals mainly < 4 mm wide at flowering, expanding up to 6 mm at fruiting, length-width ratio > 1.5, base rounded to tapering"	4
4	"Outer sepals broad-ovate to elliptic, 2.5–4 mm wide at flowering"	5
4	"Outer sepals narrow-ovate to ovate, < 2.5 mm wide at flowering"	6
5	"Leaves moderately to densely hairy with hairs 0.5–1 mm long; venation of sepals more or less obscure; seeds lanate"	"Polymeria mollis"
5	"Leaves glabrous to sparsely hairy with hairs < 0.5 mm long; sepals with reddish reticulated venation"	"Polymeria ambigua"
6	"Outer sepals ovate, glabrous to sparsely hairy, if moderately hairy then fimbriate on and leaf blade < 4 mm wide; seeds evenly pubescent"	"Polymeria quadrivalvis"
6	"Outer sepals narrow-ovate to elliptic, moderately to densely hairy; seeds with tufts of hairs"	"Polymeria lanata"
