from	statement	to
1	"Margins of pinnae revolute; pinnae narrow (mostly less than 4 mm wide)"	"Cycas pruinosa"
1	"Margins of pinnae flat or recurved; pinnae not revolute, more than 4 mm wide"	2
2	"Midrib of pinnae equally prominent above and below; pinna margins flat and not distinctly thickened"	"Cycas lane-poolei"
2	"Midrib of pinnae not prominent above, very prominent below; pinna margins slightly to distinctly recurved, distinctly thickened"	3
3	"Leaves keeled (angle between opposing pinnae 135° or less); pinnae inserted at 40–50° on rachis"	"Cycas furfuracea"
3	"Leaves flat (angle between opposing pinnae 180°); pinnae inserted at 70–80° on rachis"	"Cycas basaltica"
