from	statement	to
1	"Fruit a siliqua (length, excluding beak, at least three times width)"	2
1	"Fruit a silicula (length, excluding beak, less than three times width)"	18
2	"Siliqua differentiated into valve and beak; cotyledons conduplicate"	3
2	"Siliqua with valve region only (style persistent or not, but not developed into a beak); cotyledons not conduplicate"	8
3	"Seeds in two rows in each locule"	4
3	"Seeds in one row in each locule"	5
4	"Petals without purple veins; stigma capitate; beak conical to 2-edged"	Diplotaxis
4	"Petals with purple veins; stigma bilobed; beak sabre-like"	"Eruca: Eruca sativa"
5	"Siliqua dehiscent, not constricted between seeds, not breaking into 1-seeded units"	6
5	"Siliqua indehiscent, constricted between seeds, often breaking into 1-seeded units"	Raphanus
6	"Valves with one prominent midvein"	Brassica
6	"Valves with three or more prominent veins"	7
7	"Siliqua appressed to stem; beak swollen"	"Hirschfeldia: Hirschfeldia incana"
7	"Siliqua spreading; beak cylindrical, conical or sabre-like"	Sinapis
8	"Plants with simple hairs, or glabrous"	9
8	"Plants with branched hairs"	14
9	"Seeds with incumbent radicle"	10
9	"Seeds with accumbent radicle"	13
10	"Siliqua not constricted between seeds at replum margin"	11
10	"Siliqua constricted between seeds at replum margin"	Heliophila
11	"Septum complete"	12
11	"Septum incomplete or absent"	Menkea
12	"Seeds mucous"	Arabidella
12	"Seeds not mucous"	Sisymbrium
13	"Siliqua valves flat"	Cardamine
13	"Siliqua valves convex"	Rorippa
14	"Seeds in one row in each locule"	15
14	"Seeds in two rows in each locule"	16
15	"Petals 10 mm long or longer"	"Matthiola: Matthiola incana"
15	"Petals less than 10 mm long"	"Arabidopsis: Arabidopsis thaliana"
16	"Siliqua aerial"	17
16	"Siliqua subterranean"	"Geococcus: Geococcus pusillus"
17	"Petals obtuse, somewhat clawed"	"Harmsiodoxa: Harmsiodoxa brevipes var. brevipes"
17	"Petals thread-like, not clawed"	Stenopetalum
18	"Silicula spinose, aerial, about 20 mm long, (twining annual vine)"	"Succowia: Succowia balearica"
18	"Silicula non-spinose"	19
19	"Silicula distinctly differentiated into 2 parts (valve region and beak)"	20
19	"Silicula not distinctly differentiated into valve region and beak"	22
20	"Beak rounded to conical"	21
20	"Beak flattened and leaf-like"	"Carrichtera: Carrichtera annua"
21	"Silicula less than 10 mm long"	"Rapistrum: Rapistrum rugosum"
21	"Silicula more than 10 mm long"	Cakile
22	"Silicula with one seed per locule"	23
22	"Silicula with more than one seed per locule"	24
23	"Silicula with a narrow septum and keeled valves"	Lepidium
23	"Silicula with a broad septum and flat or rounded valves"	"Lobularia: Lobularia maritima"
24	"Silicula with a narrow replum; valves winged or keeled"	25
24	"Silicula with a broad replum; valves not winged or keeled"	30
25	"Plants glabrous or with simple hairs only"	26
25	"Plants hairy, at least some of the hairs branched"	28
26	"Silicula keeled"	27
26	"Silicula winged"	Microlepidium
27	"Silicula round; branching of the stem not zigzag"	Cuphonotus
27	"Silicula elongate; branching of stem zigzag"	"Hornungia: Hornungia procumbens"
28	"Simple and stellate hairs present"	29
28	"Hairs all bifid"	Phlegmatospermum
29	"Silicula more than 5 mm long"	"Capsella: Capsella bursa-pastoris"
29	"Silicula less than 5 mm long"	Microlepidium
30	"Petals threadlike, acute, or bifid"	Stenopetalum
30	"Petals somewhat obtuse (or emarginate), entire"	31
31	"Silicula with septum complete"	32
31	"Silicula with septum incomplete or absent"	Menkea
32	"Silicula aerial"	33
32	"Silicula subterranean"	"Geococcus: Geococcus pusillus"
33	"Staminal filaments without appendage; hairs, if stellate, not appressed"	34
33	"Staminal filaments with appendage; hairs stellate, appressed"	"Alyssum: Alyssum linifolium"
34	"Hairs absent or all simple"	Rorippa
34	"Hairs present, at least some branched"	"Camelina: Camelina sativa"
