from	statement	to
1	"Peripheral florets with long conspicuous ligules, much exceeding the disc florets"	2
1	"Peripheral florets hardly exceeding those of the disc"	7
2	"Laminae of involucral bracts more or less smooth, not transversely rugose, entirely scarious"	3
2	"Laminae of involucral bracts transversely rugose"	4
3	"Ligulate florets yellow"	"Podolepis nutans"
3	"Ligulate florets pink"	"Podolepis gracilis"
4	"Laminae of involucral bracts slightly rugose, their apices acute to acuminate; involucre shining"	5
4	"Laminae of involucral bracts very deeply rugose; involucres not shining, with honeycombed appearance"	6
5	"Claws of outer and intermediate involucral bracts truncate distally at the base of the entirely scarious laminae"	"Podolepis canescens"
5	"Claws of outer and intermediate involucral bracts extending half-way or more along the median portion of the laminae"	"Podolepis gardneri"
6	"Involucral bracts obtuse (N of Geraldton)"	"Podolepis rugata"
6	"Involucral bracts acuminate (S of Geraldton)"	"Podolepis auriculata"
7	"Intermediate involucral bracts with slender claws and sharply demarcated scarious laminae; florets all tubular, female ones with 3–4-lobed corolla"	8
7	"All involucral bracts sessile, with an herbaceous central region"	9
8	"Plants to 40 cm high, much branched; basal leaves to 4.5 cm long; marginal florets 8–16; pappus bristles of central florets of 3 or 4 distally plumose bristles"	"Podolepis lessonii"
8	"Plants to 15 cm high, sparsely branched; basal leaves to 2.0 cm long; marginal florets 10–20; pappus of central florets of 5-10 minutely barbellate bristles"	"Podolepis tepperi"
9	"Involucral bracts acute, their scarious margins transversely rugose"	"Podolepis kendallii"
9	"Scarious margins of involucral bracts not rugose"	10
10	"Involucral bracts glabrous, shining; female florets 9–12; capitula longer than broad (widespread)"	"Podolepis capillaris"
10	"Involucral bracts glandular on outer surfaces, not shining; female florets 6; capitula broader than long (Shark Bay district)"	"Podolepis microcephala"
