from	statement	to
1	"Stipules large and papery, acute or sometimes with a short deciduous point, readily torn, each pair united for some distance but free at the summit. Disc annular, continuing under the stamens to form an undulate or lobed ring above the hairy ovary summit"	2
1	"Stipules small and coriaceous in most species, if large then long-acuminate, fairly resilient but tending to loose point or distal half with age, each pair either very shortly united at base or free throughout. Disc of 5 lobes alternating with the stamens above the hairy ovary summit; lobes either broadly oblong to transversely elliptic and emarginate, or triangular"	4
2	"Flowers very hairy, the largest hairs on sepals 0.7–1.3 mm long. Seeds orange–brown (above a dark base), without obvious darker markings"	"Spyridium polycephalum"
2	"Flowers with a short to medium–sized indumentum outside, the largest hairs on sepals 0.1–0.5 mm long. Seeds yellow–brown with obvious dark spots or other dark markings"	3
3	"Stipules and bracts deep red–brown. Sepal hairs c. 0.1 mm long (often c. 0.2 mm long in South Australia). Occurring on limestone"	"Spyridium subochreatum var. subochreatum"
3	"Stipules and bracts orange-brown (giving the inflorescence a somewhat ferruginous appearance). Sepal hairs 0.3–0.5 mm long. Occurring on non-calcareous rocks"	"Spyridium oligocephalum"
4	"Disc lobes more or less triangular, the apex of the triangle midway between adjacent pairs of stamens"	5
4	"Disc lobes broadly oblong to transversely elliptic and emarginate"	13
5	"Leaves appearing sessile, the short (0.3–0.5 mm) petiole appressed to the stem; blade 1–2.5 mm long, very dorsally thickened, about as thick as broad. (Inflorescence c. 2-flowered.)"	"Spyridium minutum"
5	"Leaves with a distinct petiole 0.5–5 mm long; blade 2–80 mm long, broader than thick"	6
6	"Floral tube with long erect (antrorse) hairs which are easily detached, becoming glabrous in fruit"	7
6	"Floral tube with short and/or long spreading hairs, which persist in fruit"	10
7	"Leaves almost circular, folded inwards, with incurved or flat margins. Bracts 4–6 mm long"	"Spyridium tricolor"
7	"Leaves linear to broadly ovate or cordate, not folded, with distinctly recurved or revolute margins. Bracts 1.5–3 mm long"	8
8	"Leaves cordate or broadly ovate, 2–5 mm long, usually as wide as long; petioles often indistinct; flower-heads 2.5–5.5 (–7) mm diam.; overall length of a single flower (base to sepals) < 2 mm [shrub to 0.5 m high; stipules and bracts hairy outside; petiole to 2 (–2.2) mm long; petals shortly clawed"	"Spyridium cordatum"
8	"Leaves usually linear to oblong or ovate, sometimes elliptic or ovate, 4–9 mm long, longer than wide; petioles indistinct to distinct; flower-heads 4–6.5 (–9) mm diam.; overall length of one flower > 2 mm"	9
9	"Shrubs to 1.5 m high; leaves usually < 1.5 mm wide, very narrowly ovate to linear or oblong, straight; base truncate to cuneate; apex acute to mucronate or obtuse (especially in the Cape Arid area); lower surface usually obscured by revolute margins with only the midrib visible; petioles obscure, to 2 mm long; stipules and bracts outside with few hairs; petals with a distinct claw to 0.2 mm long"	"Spyridium microcephalum"
9	"Prostrate to erect shrublets to 0.4 m high; leaves > 1.5 mm wide, ovate to narrowly ovate, leaf blade often recurved; base truncate; apex obtuse; lower surface usually visible; petioles obvious, to 3 mm long; stipules and bracts quite hairy outside; petals with a very short claw to 0.1 mm long"	"Spyridium longicor"
10	"Leaves 2–4(4.5) x 0.8–1.5 mm, with a glabrous mucro. Bracts 1–2 mm long, ciliate; outer surface glabrous or with minute hairs concentrated along midvein"	11
10	"Leaves 12-16 x 5-9 mm, with a hairy mucro. Bracts c. 3 mm long; outer surface uniformly covered by short appressed hairs"	"Spyridium glaucum"
11	"Leaves 1.4–1.6 mm wide. Flowers usually c. 10 per head"	"Spyridium mucronatum subsp. multiflorum"
11	"Leaves 0.6–1.2 mm wide. Flowers usually 3-6 per head"	12
12	"Leaves slightly recurved at apex; mucro 0.1–0.3 mm long. Sepals with hairs 0.2–0.4 mm long"	"Spyridium mucronatum subsp. mucronatum"
12	"Leaves distinctly recurved at apex; mucro up to 0.1 mm long. Sepals with hairs 0.1–0.2 mm long"	"Spyridium mucronatum subsp. recurvum"
13	"Leaves large, usually (20)25–80 x 10–37 mm but sometimes smaller on Abrolhos Islands, subtended by small thick stipules. (Bracts hairy outside over most of surface.)"	14
13	"Leaves usually small and 4–18(23) x 1.5–11 mm, sometimes large (up to 45 x 15 mm) in S. spadiceum but then subtended by large thin stipules"	15
14	"Young stems with short white or off–white hairs; flowers with long or short white hairs. Leaves usually glabrous above"	"Spyridium globulosum"
14	"Young stems and flowers with long ferruginous hairs as well as short white hairs. Leaves hairy on both surfaces"	"Spyridium montanum"
15	"Bracts usually hairy throughout or over more than half the surface. Sepals with a combination of short and medium–sized hairs c. 0.2 mm long or with short hairs only. (Leaves narrowly oblong to almost circular, 4–18(23) x 2.5–11 mm.)"	"Spyridium majoranifolium"
15	"Bracts largely glabrous but with hairs at base, along midrib and on margins. Sepals with a mixture of large hairs 0.4–0.6 mm long and much shorter hairs"	16
16	"Leaves very narrowly or narrowly ovate, 8–17 x 1.5–2.5(3.5) mm, acute, glabrous or subglabrous on upper surface. Occurring along rivers or streams"	"Spyridium riparium"
16	"Leaves either linear to elliptic and obtuse or narrowly ovate to ovate and 5–15 mm wide, (12)14–45 mm long, densely minutely hairy on upper surface when young but sometimes becoming subglabrous. Occurring on hills or possibly sometimes on lower ground"	17
17	"Leaves narrowly ovate or ovate, up to 45 mm long, (5)7–15 mm wide, becoming subglabrous on upper surface. Restricted to granitic hills"	"Spyridium spadiceum"
17	"Leaves linear to elliptic, up to 22 mm long, 1.5–6 mm wide, densely hairy on upper surface. Recorded in sandy soils, sometimes over sandstone"	"Spyridium villosum"
