from	statement	to
1	"Plants usually with scale-like glandular hairs on major axes and leaves, if absent (G. cassiniana) or seemingly so then each capitulum subtended by a single broad bract, the bract manifestly different in morphology from the capitular bracts; compound heads in some species narrowly oblong to cylindrical (Gnephosis s.str.)"	2
1	"Plants lacking scale-like glandular hairs on major axes and leaves; capitulum-subtending bract absent or if 1 or more present then not manifestly differing from outer capitular bracts; compound heads never cylindrical (Gnephosis s.lat.)"	9
2	"Inner capitular bracts with a prominent c. 0.4–0.5 mm long, yellow terminal lamina"	"Gnephosis angianthoides"
2	"Inner capitular bracts lacking a prominent terminal lamina, or if at all developed then not yellow but the same pale brownish as the marginal lamina"	3
3	"Plants glabrous; leaves somewhat succulent; pappus absent"	"Gnephosis cassiniana"
3	"Plants with scale-like hairs; leaves barely ever even slightly succulent; pappus present or absent"	4
4	"Capitular bracts 2–6 (c. 10); capitula with (2) 3–5 (8) florets"	5
4	"Capitular bracts 2; capitula usually with 1 or 2 florets (rarely 3 or 4 in G. drummondii)"	6
5	"Pappus absent; capitular bracts with ciliate margins; corolla 3–5-lobed"	"Gnephosis multiflora"
5	"Pappus present (often a small jagged ring but sometimes with several apically divided bristles); capitular bracts with entire margins; corolla 5-lobed"	"Gnephosis tenuissima"
6	"Midrib of capitulum-subtending bracts with at least 3 distinct lobes"	"Gnephosis trifida"
6	"Midrib of capitulum-subtending bracts not divided"	7
7	"Corollas mainly 5-lobed; anthers usually 5"	"Gnephosis uniflora"
7	"Corollas 3- or 4-lobed; anthers 3 or 4"	8
8	"Compound heads narrowly oblong, c. 1–2.5 cm long; florets (1) 2 or 3 (4) per capitulum"	"Gnephosis drummondii"
8	"Compound heads narrowly oblong to cylindrical, (c. 1) 3–6 cm long"	"Gnephosis tridens"
9	"Branches and leaves beset with stiff, erect bristles (probably confined to Monger Drainage System)"	"Gnephosis setifera"
9	"Branches and leaves glabrous or variably hairy but lacking bristles"	10
10	"Capitula 1-flowered"	11
10	"Capitula at least 2-flowered"	12
11	"Leaves straight to somewhat falcate; corolla yellow; pappus possibly absent or a ring to c. 0.2 mm and exceeded by the hairs of the cypsela (Carnarvon region)"	"Gnephosis gynotricha"
11	"Leaves commonly curved in their upper part and somewhat sigmoid; corolla orange; pappus a small cup c. 0.26–0.6 mm high and somewhat hidden by the hairs of the cypsela (commonly margins of salt lakes, absent from the Carnarvon region)"	"Gnephosis macrocephala"
12	"Capitula with 2 florets"	"Gnephosis arachnoidea"
12	"Capitula with 4 to c. 36 florets"	13
13	"Stem and branches not flexuose, with a cottony indumentum beneath the compound heads"	"Gnephosis brevifolia"
13	"Stem and branches flexuose, glabrous"	14
14	"Corolla 5-lobed"	"Gnephosis acicularis"
14	"Corolla 3-lobed"	"Gnephosis newbeyi"
