from	statement	to
1	"Inflorescences racemose, one-sided, unbranched or sometimes with up to c. 5 (rarely more) +/- erect branches"	2
1	"Inflorescences cymose, paniculate or of solitary flowers"	6
2	"Corolla with mid-lobe of lower lip distinctly obovate to spathulate, length less than 3 (usually less than 2) times width, mostly wider than 3 mm"	3
2	"Corolla with mid-lobe of lower lip linear to elliptic (occasionally oblanceolate), length more than 3 times width"	5
3	"Corollas <9.5 mm long"	"Lobelia cleistogamoides"
3	"Corollas >9.5 mm long"	4
4	"Seeds ±plano-convex, with 3–6 conspicuous transverse grooves or ridges on the dorsal surface; lower 3 corolla lobes as wide as long or wider"	"Lobelia simulans"
4	"Seeds trigonous, usually winged, smooth; lower 3 corolla lobes generally longer than wide"	"Lobelia heterophylla"
5	"Corolla 4–6.5 mm long; anther tube 1.2–1.5 mm long"	"Lobelia archeri"
5	"Corolla >8 mm long; anther tube >1.8 mm long; ovary not strongly gibbous"	"Lobelia gibbosa"
6	"Leaves linear to narrowly lanceolate, entire or minutely toothed"	7
6	"At least the basal leaves elliptic to rhombic or obovate, variously incised"	8
7	"Corolla slit dorsally to within 1.5–2.5 mm of calyx; lateral lobes of lower lip of corolla distinctly falcate"	"Lobelia rarifolia"
7	"Corolla slit dorsally to the calyx; lateral lobes of lower lip of corolla not or indistinctly falcate"	"Lobelia fissiflora"
8	"Mid-lobe of lower lip of corolla narrowly elliptic to narrowly obovate; plants often many-branched; seeds smooth, <0.4 mm long"	"Lobelia rhombifolia"
8	"Mid-lobe of lower lip of corolla broadly obovate, spathulate or obcuneate; plants unbranched or with few branches, rarely many-branched; seeds deeply wrinkled on at least one face, or, if smooth, >0.5 mm long"	9
9	"Each of the upper, reflexed, pair of corolla lobes with a distinct falcate lobe longer than it is wide from the ventral margin"	"Lobelia winifrediae"
9	"Upper pair of corolla lobes entire, or if ever somewhat lobed (rarely, in L. rhytidosperma), then the lobe neither falcate nor longer than wide"	10
10	"Seeds smooth or finely reticulate; upper and lower surfaces similar"	"Lobelia tenuior"
10	"Seeds with 3–6 conspicuous transverse ridges or grooves on the dorsal surface; lower surface deeply pitted"	11
11	"Corolla slit dorsally to within 2.5–7 mm of calyx; plants usually >15 cm tall, not or hardly succulent, withering soon after uprooted; at least some plants in populations +/-hispid on leaves, stems and hypanthium"	"Lobelia rhytidosperma"
11	"Corolla slit to the calyx or to within 2 mm of it; plants usually <15 cm tall, +/-succulent, remaining turgid and often continuing to grow for days after being uprooted; plants essentially glabrous, but leaves and hypanthium sometimes minutely scabrous-papillose"	"Lobelia simulans"
