from	statement	to
1	"Tepals hairy on the whole of the outer surface or at least on the whole of the claw"	2
1	"Tepals with a terminal tuft of hairs, glabrous on all or most of claw"	5
2	"Inflorescences usually pendulous, occasionally erect; branchlets with straight or somewhat curved hairs but no coiled hairs present. Involucral bracts glabrous or partially hairy outside; hairs appressed, ± straight (usually has divided leaves)"	"Isopogon teretifolius"
2	"Inflorescences always erect; branchlets covered with short coiled hairs, sometimes also with long straight hairs. Involucral bracts densely hairy outside; hairs spreading and/or coiled"	3
3	"Tepals cream or yellow. Mature leaves 20–65 mm long"	"Isopogon autumnalis"
3	"Tepals pink. Mature leaves 80–180 mm long"	4
4	"Leaves 2.5–3 mm wide. Mature tepals > 20 mm long; longest hairs c. 2 mm long"	"Isopogon robustus"
4	"Leaves 1–1.7 mm wide. Mature tepals < 20 mm long; longest hairs < 1 mm long (I. scabriusculus subsp. scabriusculus usually has divided leaves)"	"Isopogon scabriusculus subsp. pubifloris"
5	"Branchlets villous. Mature leaves 12–26 mm long, with fine spreading hairs (usually has divided leaves)"	"Isopogon adenanthoides"
5	"Branchlets glabrous or minutely hairy. Mature leaves 22–180 mm long, ± glabrous or with appressed hairs"	6
6	"Flower heads pendulous. Young branchlets with ± appressed, straight hairs or glabrous"	"Isopogon nutans"
6	"Flower heads erect. Young branchlets minutely hairy with coiled hairs (these sometimes restricted to small patches adjacent to axils, with the rest of the stem glabrous), sometimes also with some straighter hairs"	7
7	"Stem directly below the inflorescence usually glabrous (although with minute, coiled hairs on young branchlets). Leaves usually 0.7–1 mm wide, rarely up to 1.4 mm wide. Mature cones with a neat, regular outline produced by numerous, tightly packed rows of cone scales (usually has divided leaves)"	"Isopogon divergens"
7	"Stem directly below the inflorescence with minute, coiled hairs. Leaves 1.3–4 mm wide. Mature cones with an irregular outline resulting from few rows of somewhat protruding cone scales (I. scabriusculus subsp. scabriusculus usually has divided leaves)"	"Isopogon scabriusculus subsp. stenophyllus"
