from	statement	to
1	"Plants marine or estuarine"	2
1	"Plants in fresh or slightly brackish water"	4
2	"Leaves opposite or apparently so, or in pseudowhorls; blade oblong or lanceolate to ovate, <5 times as long as broad"	Halophila
2	"Leaves tufted; blade linear, many times longer than broad"	3
3	"Rhizomes covered with dark persistent fibres from old leaves, usually c. 1 cm diam."	"Enhalus: Enhalus acoroides"
3	"Rhizomes with annular scars, glabrous, usually <1 cm diam."	"Thalassia: Thalassia hemprichii"
4	"Plants floating (rooted in mud when stranded); leaves (when floating) with swollen spongy cells abaxially"	"Limnobium: Limnobium spongia"
4	"Plants submersed to emergent; leaves without swollen spongy cells abaxially"	5
5	"Mature leaves floating or emergent"	"Ottelia: Ottelia ovalifolia"
5	"Leaves normally all submerged"	6
6	"Leaves basal"	7
6	"Leaves cauline"	9
7	"Leaf blade elliptic to broadly ovate"	"Ottelia: Ottelia ovalifolia"
7	"Leaf blade linear"	8
8	"Male flowers conspicuous, not detaching; fruiting peduncle not coiled"	Blyxa
8	"Male flowers minute, detaching and floating to surface at maturity; fruiting peduncle coiled"	Vallisneria
9	"Leaves alternate or scattered"	Vallisneria
9	"Leaves opposite, subopposite or whorled"	10
10	"Male flowers with a single stamen and perianth segment; leaves in subopposite pairs (sometimes sub-whorled), serrulate"	Najas
10	"Male flowers with 3-9(-10) stamens and 6 perianth segments in two whorls of 3; leaves clearly whorled, serrulate or entire"	11
11	"Inner perianth segments much larger than outer segments; leaves mostly in whorls of 4 or 5; margins serrulate"	"Egeria: Egeria densa"
11	"All perianth segments ±same size; leaves in whorls of 3–8; margins entire or serrulate"	"Hydrilla: Hydrilla verticillata"
