from	statement	to
1	"Sterile leaves dimorphic (at least on the branches); plant erect or creeping"	"Selaginella ciliaris"
1	"Sterile leaves monomorphic (although those at base of stem may be smaller); plant erect"	2
2	"Plant an annual, without a perennial rootstock or fleshy rhizome; stems 2–5 cm tall, simple or divided once or twice near base; sporophylls occupying the greater part of the stem, not forming distinct strobili"	"Selaginella gracillima"
2	"Plant a perennial; stems to 35 cm long, usually much-branched, profusely tufted from a short perennial rootstock or arising singly at short intervals along a stout subterranean widely creeping rhizome; sporophylls forming distinct terminal strobili on all branches"	"Selaginella pygmaea"
