from	statement	to
1	"Leaf blades linear or narrow elliptic, 2.5–4.0 (–5.5) mm wide, with margins recurved or revolute"	"Psydrax suaveolens"
1	"Leaf blades variously shaped, usually more than 5.0 mm wide, with margins flat or rarely recurved"	2
2	"Leaves usually more than 10 cm long"	3
2	"Leaves usually less than 10 cm long"	4
3	"Leaf blades narrow elliptic, subfalcate, 11.5–17.0 (–18.5) cm long, conspicuously nerved with lateral nerves ascending; domatia absent; young branchlets 4-angular, red coloured"	"Psydrax pendulina"
3	"Leaf blades narrow elliptic or lanceolate, usually less than 11 cm long; lateral nerves oblique; domatia present or absent; young branchlets terete or slightly angular, brown, red brown or grey coloured"	"Psydrax attenuata var. tenella"
4	"Leaf blades up to twice as long as broad, with conspicuous raised nerves and close secondary reticulate venation (especially in dried specimens); main lateral nerves in (3 or) 4–8 pairs"	"Psydrax latifolia"
4	"Leaf blades not with the above set of characters, broad or narrow, with lateral nerves and reticulate venation prominent or obscure, or veins absent; main lateral nerves in 1–4 (–6) pairs"	5
5	"Branchlets and peduncles finely hairy"	6
5	"Branchlets and peduncles glabrous"	8
6	"Leaves usually less than 5.0 cm long"	"Psydrax odorata subsp. arnhemica"
6	"Leaves usually more than 5.0 cm long"	7
7	"Leaf blades elliptic, elliptic-ovate or subobovate, (2.2–) 3.0–4.4 (–5.2) cm wide, usually very glossy on adaxial surface; reticulate veins apparent; domatia usually present"	"Psydrax odorata subsp. arnhemica"
7	"Leaf blades narrow elliptic or sublanceolate, 0.8–1.8 cm wide, dull on adaxial surface; reticulate veins inconspicuous; domatia absent"	"Psydrax rigidula"
8	"Domatia present on leaf blades, prominent"	9
8	"Domatia absent from leaf blades or if present inconspicuous"	10
9	"Leaf blades 0.6–2.7 (–3.0) cm wide, usually more than 3 times as long as wide, dull or slightly shiny on adaxial surface; flowers loosely arranged along branches of the inflorescence; pedicels comparatively long and slender; flowers mostly 5-merous, corolla chartaceous"	"Psydrax attenuata var. tenella"
9	"Leaf blades 1.4–4.4 cm wide, usually up to twice as long as wide, mostly very glossy on adaxial surface; flowers usually crowded on the branches of the inflorescence; pedicels stout, comparatively short, those on branches of the cyme almost obsolete; flowers mostly 4-merous, corolla fleshy"	"Psydrax odorata subsp. arnhemica"
10	"Leaf blades to 4.8 cm wide, with 3–6 pairs of conspicuous lateral nerves; flowers mostly 4-merous; corolla 5.0–6.5 mm long; pedicels comparatively short, that of solitary flowers 0.2–0.35 cm long; young branchlets usually stout, reddish brown coloured"	"Psydrax ammophila"
10	"Leaf blades 1.0–3.0 (–4.0) cm wide, with 2 or 3 pairs of prominent lateral nerves; flowers 4- or 5-merous; corolla 6.0–11.0 mm long; pedicels comparatively long, that of solitary flowers (0.3–) 0.5–1.0 cm long; young branchlets slender, reddish brown, brown or greyish coloured"	"Psydrax attenuata var. tenella"
