from	statement	to
1	"Style 5-fid"	"Wahlenbergia capensis"
1	"Style 2- or 3-fid"	2
2	"Corolla rotate, lobes > 4 times as long as the tube; style capitate, deeply constricted less than a third of the way down from the stigmatic lobes"	"Wahlenbergia multicaulis"
2	"Corolla campanulate, lobes < 4 times as long as the tube; style unconstricted or constricted more than a third of the way down from the stigmatic lobes"	3
3	"Corolla-lobes 2–4 times as long as the tube"	4
3	"Corolla-lobes 1–2 times as long as the tube"	5
4	"Annuals with slender taproots, often single-stemmed; lower leaves opposite; capsules elongated-obconic or ellipsoid to globose"	"Wahlenbergia preissii"
4	"Perennials developing thickened, woody taproots, few- to many-stemmed; lower leaves alternate (sometimes the lowermost opposite); capsules hemispherical to obconic"	"Wahlenbergia littoricola subsp. littoricola"
5	"Corolla-lobes 6–20 mm long"	6
5	"Corolla-lobes 0.5–6 mm long"	8
6	"At least the lowermost leaves opposite, margins typically undulate; sepals 3–16 mm long; capsules ellipsoid or globose, often hirsute"	"Wahlenbergia stricta subsp. stricta"
6	"Leaves alternate, margins typically flat; sepals 1–6 mm long; capsules hemispherical, obconic or elongated-obconic, always glabrous"	7
7	"Capsules obconic to elongated-obconic, 4–9 mm long; lower leaves mostly linear"	"Wahlenbergia capillaris"
7	"Capsules hemispherical to shortly obconic, 1.5–5 mm long; lower leaves broader than linear"	"Wahlenbergia queenslandica"
8	"Annuals with slender taproots, often single-stemmed"	9
8	"Perennials developing thickened, woody taproots, few- to many-stemmed"	"Wahlenbergia tumidifructa"
9	"Sepals narrowly oblong; capsules often hirsute; lower leaves opposite; mesic and semi-arid regions of southern Australia"	"Wahlenbergia gracilenta"
9	"Sepals narrowly triangular; capsules glabrous"	10
10	"Lower leaves alternate; corolla-tube shorter than the lobes; arid and semi-arid regions"	"Wahlenbergia tumidifructa"
10	"Lower leaves opposite; corolla-tube often longer than the lobes; wetter tropical regions"	"Wahlenbergia caryophylloides"
