from	statement	to
1	"Flowers well-separated on a 1-sided spike"	"Lysinema lasianthum"
1	"Flowers few together or forming a dense terminal head or spike"	2
2	"Anthers and stigma distinctly exserted from the corolla-tube"	"Lysinema elegans"
2	"Anthers and stigma included in the corolla-tube"	3
3	"Leaves and bracts attenuate-acuminate"	"Lysinema conspicuum"
3	"Leaves and bracts obtuse to acute, not attenuate"	4
4	"Bracts fringed with irregularly lacerate lobes"	"Lysinema fimbriatum"
4	"Bracts ciliate, not irregularly lacerate-lobed"	5
5	"Bracts 12–20(–25), chestnut-brown without a contrasting pale margin; leaves elliptic to ovate or (rarely) obovate"	"Lysinema ciliatum"
5	"Bracts 20–36, usually dull brown with a contrasting pale-ciliate margin; leaves linear to narrowly ovate"	"Lysinema pentapetalum"
