from	statement	to
1	"Receptacular bracts absent"	"Cthonocephaus viscosus"
1	"Receptacular bracts present"	2
2	"Plants seemingly stemless, consisting of a compound head surrounded by a basal rosette of leaves, if branching then with an apparently sessile compound head immediately above the root"	3
2	"Plants with all compound heads terminating major axes that are more than c. 1 cm long"	5
3	"Plants branching or if not branching then the compound head surrounded by c. 2–4 erect leaves."	"Cthonocephaus spathulatus"
3	"Plants with a reduced, seemingly absent stem; leaves surrounding compound heads not held erect"	4
4	"Florets 5-lobed"	"Cthonocephaus oldfieldianus"
4	"Florets 3- or 4-lobed"	"Cthonocephaus pseudevax"
5	"Pappus absent"	"Cthonocephaus tomentellus"
5	"Pappus of plumose bristles"	"Cthonocephaus muellerianus"
