from	statement	to
1	"Plants forming a more or less tangled, wiry mass, prostrate to nearly 2 m tall; leaves <1 cm long, rarely to 2 cm"	"Muehlenbeckia complexa"
1	"Plants with habit otherwise (shrubs, subshrubs, climbers); leaves 2–12 cm long (rarely shorter in M. diclina, which is an erect shrub)"	2
2	"Leaves c. 1–2 times as long as wide, ovate, obovate, subcircular to oblong or sagittate, with distinct petiole and base sagittate, cordate or truncate, persistent; plants twining, climbing, mat-forming, or decumbent subshrubs"	"Muehlenbeckia adpressa"
2	"Leaves 4–10 times as long as wide, linear, narrow-lanceolate, narrow-elliptic or narrow-obovate (rarely hastate on young stems), sessile to subsessile"	3
3	"Leaves linear to narrow-lanceolate (rarely hastate on young stems), sessile to subsessile with base attenuate, often not persistent on older stems; plants erect shrubs, often intricately branched"	"Muehlenbeckia diclina subsp. diclina"
3	"Leaves narrow-elliptic to narrow-obovate, sessile, semi-succulent; plants semi-succulent shrubs c. 0.5 m tall or straggling along the ground; stems finely but prominently ribbed"	"Muehlenbeckia polybotrya"
