from	statement	to
1	"Bracteoles 2 per axis, never sheathing, filiform, to 1.8 cm long, with 1 nerve or nerve absent"	"Pauridia glabella"
1	"Bracteoles usually 1 per axis and sheathing, 1–7 cm long, with more than 1 nerve"	2
2	"Stigmatic lobes usually longer than stylar column; bracteoles 15–70 mm long; perianth lobes 4, 5 or 6"	3
2	"Stigmatic lobes much shorter than stylar column; bracteoles 5–70 mm long; perianth lobes 6"	4
3	"Mature capsule obovoid-ellipsoidal, less than 3.5 times as long as wide; perianth lobes 6"	"Pauridia vaginata var. vaginata"
3	"Mature capsule linear, more than 4 times as long as wide; perianth lobes 4, 5 or 6"	"Pauridia occidentalis"
4	"Ovary linear, mare than 4 times as long as wide"	"Pauridia gardneri"
4	"Ovary obovoid, c. 1 mm long, bracteole 5 mm long"	"Pauridia salina"
