from	statement	to
1	"Spikelets numerous in a spike-like panicle with mixed male and female flowers"	2
1	"Spikelets 1-7 in a terminal cluster or solitary in the leaf axils, the male and female flowers on separate spikelets or on different parts of the same spikelet"	3
2	"Inflorescence 50-100 mm long; stems terete or slightly compressed in the lower part, obtusely 3-angled above"	"Carex tereticaulis"
2	"Inflorescence 100-400 mm long; stems acutely 3-angled above"	"Carex appressa"
3	"Male and female flowers occuring in each spikelet; style branches 2"	4
3	"Male flowers confined to the terminaland subterminal spikelets, the lowers spikelets female; style branches usually 3"	5
4	"Inflorescence not exceeded by the subtending bracts; male and female flowers nearly equal in number, the males uppermost"	"Carex divisa"
4	"Inflorescence greatly exceeded by one or more long leafy bracts; female flowers more numerous than males and uppermost"	"Carex inversa"
5	"Spikelets erect, the uppermost spikelets almost sessile; glume margin almost translucent"	6
5	"Spikelets with long pendulous peduncle; glume margin somewhat darker than the central portion"	"Carex fascicularis"
6	"Utricle 5-6 mm long, not striped; terminal spikelet with many female flowers below the male flowers"	"Carex pumila"
6	"Utricle 3-4 mm long, distinctly striped; terminal spikelet male or with most flowers male"	"Carex thecata"
