from	statement	to
1	"Flower stalks glandular hairy"	2
1	"Flower stalks bristly, spiny or glabrous"	3
2	"Leaves with 3-5 leaflets; flowers pink to purple with numerous petals"	"Rosa chinensis × moschata"
2	"Leaves with 7 leaflets; flowers dark pink to red with numerous petals"	"Rosa chinensis × multiflora"
3	"Flower stalks bristly or spiny"	4
3	"Flower stalks glabrous"	5
4	"Flower stalks bristly; leaves with usually 3 leaflets; flowers white with 5 petals"	"Rosa laevigata"
4	"Flower stalks spiny; leaves with 5 or 7 leaflets; flowers pink with 5 petals"	"Rosa rubiginosa"
5	"Leaves with 5 leaflets; flowers pink or white with 5 relatively small petals"	"Rosa canina"
5	"Leaves with 7 leaflets; flowers dark pink to red with numerous petals"	"Rosa chinensis × multiflora"
