from	statement	to
1	"Leaf blades ± oblong in outline, 0.6–1 mm thick. Peduncles ± absent but pedicels 1.3–2.5 mm long. Seeds scarcely facetted, ± reniform, with a shortly tuberculate outer surface"	"Anticoryne melanosperma"
1	"Leaf blades very broadly obovate to almost linear, not very thick. Peduncles 2.5–7 mm long, often exceeding the 1–5 mm long pedicels. Seeds facetted, with a smooth to slightly colliculate outer surface"	2
2	"Leaf blades 1.2–2.3 mm wide, ± entire. Outer sepals slightly ridged. Stamens 20–45, in a continuous circle"	"Anticoryne diosmoides"
2	"Leaf blades 2–4 mm wide, the margins with coarse laciniae up to 0.2 mm long. Outer sepals prominently ridged. Stamens 12–17, with gaps present"	"Anticoryne ovalifolia"
