from	statement	to
1	"Petals orange or red, 7–10 mm long. Mature style 10–24 mm long"	2
1	"Petals white or pink, 2.5–7 mm long. Mature style 2–4 mm long"	3
2	"Leaves keeled for full length of blade, with an apical point 0.15–0.3 mm long.Hypanthium 8–20 mm long. Mature style 20–24 mm long (Latham–Kirkalocka Stn–near Hyden–W of Kalgoorlie)"	"Balaustion pulcherrimum"
2	"Leaves only keeled in distal half, often indented along the midvein proximally, lacking an apical point. Hypanthium 3–4 mm long. Mature style 11–12 mm long (Diemals Stn area)"	"Balaustion tangerinum"
3	"Young stems shedding outer layers in strips (without splitting into fibres). Stamens either all connate at the base, or in an interrupted circle with distinct gaps between some or all of the narrow-based filaments. Ovules 4–9(–11) per loculus"	4
3	"Young stems with outer layers tending to disintegrate into numerous fibres. Stamens all free or rarely with a few of the stamens connate, contiguous at base or with gaps narrower than the broad base of the filament. Ovules (8–)10–22 per loculus"	6
4	"Peduncles 0–0.6 mm long, greatly exceeded by pedicels 2–8.5 mm long. Sepals 1.3–3 mm long. Stamens 16–28, basally united for 0.3–1 mm into a ring (Bookarra–Wongan Hills)"	"Balaustion grande"
4	"Peduncles 1–4.5 mm long, much longer than to slightly exceeded by pedicels 0–2 mm long. Sepals 0.5–1.3 mm long. Stamens 13–23, free, in an interrupted circle"	5
5	"Hypanthium ± hemispherical in bud and flower. Sepals 0.8–1.2 mm long. (Canna–Billeranga Hills)"	"Balaustion hemisphaericum"
5	"Hypanthium ± broadly obconic in bud and flower. Sepals 0.5–0.9 mm long. (Petrudor Rock Reserve–Wyalkatchem–Mukinbudin)"	"Balaustion interruptum"
6	"Leaves all with the keel distally rounded, not knobbed or pointed (see Figure 1E & F), the apex also not pointed in most taxa"	7
6	"Young leaves with the keel projecting into a subterminal knob or small point, often with some leaves also with an apical point making them double-pointed (see Figure 1A–D)"	13
7	"Mature stigma 0.3–0.4 mm diam. Seeds dark brown; cavity 0.3–0.4 mm long, much shorter than seed (Hatter Hill–Mt Gibbs area–near Frank Hann NP)"	"Balaustion thamnoides"
7	"Mature stigma 0.15–0.25(–0.3) mm diam. Seeds golden brown to medium brown; cavity 0.6–0.7 mm long, about half as long as seed"	8
8	"Leaves not much thickened, with the larger oil glands in 2 to 4 main rows on each side of midvein. Mature style 2.6–3.2 mm long. Occurring well to the N of Merredin"	9
8	"Leaves all or mostly very thick, less than four times as wide as thick, with the larger oil glands usually in 1 or 2 main rows on each side of midvein. Mature style 1.6–2.5 mm long. Occurring E and SE of Merredin"	10
9	"Sepals inconspicuous (see Figure 1G), 0.5–0.8 mm long. Bracteoles c. 2 mm long, shed early (near Kalannie–NE of Wongan Hills–E of Koorda)"	"Balaustion baiocalyx"
9	"Sepals obvious, 2–2.5 mm long. Bracteoles 4–6 mm long, persistent in flower (Diemals Stn–Bonnie Rock–Wialki)"	"Balaustion karroun"
10	"Shrub with multiple slender stems from a thickened woody base. Leaves 0.5–0.7 mm wide (S of Sheoak Rock)"	"Balaustion multicaule"
10	"Shrub single-stemmed or several-branched at base. Leaves 0.7–1.5 mm wide"	11
11	"Peduncles not changed much at distal end. Pedicels 0.7–1.5 mm long. Bracteoles usually caducous, 2–3 mm long (Mt Gibbs area–near NW end Frank Hann NP)"	"Balaustion grandibracteatum subsp. meridionale"
11	"Peduncles usually broader and somewhat flattened distally. Pedicels 0–0.5(–0.7) mm long. Bracteoles caducous to persistent, 3–6 mm long"	12
12	"Bracteoles enclosing late buds and persistent after anthesis, usually present on mature fruits, 4–6 mm long (W of Southern Cross–Yellowdine)"	"Balaustion grandibracteatum subsp. grandibracteatum"
12	"Bracteoles enclosing young buds but rarely present at anthesis, absent from mature fruits, 3–5.5 mm long (Mt Holland area–Forrestania area)"	"Balaustion grandibracteatum subsp. juncturum"
13	"Leaves obovate to almost circular, lacking a terminal point but with the keel often ending in an abrupt subterminal claw-like point. Associated with granite (N of Bullfinch)"	"Balaustion unguiculatum"
13	"Leaves linear in outline to obovate-elliptic, commonly double-pointed, both the keel and the apex tending to have a small point. Occurring on sandplain, with Balaustion spenceri probably also associated with granite"	14
14	"Bracteoles enclosing the mature bud, often persistent after anthesis and embracing the hypanthium, 4–5.5 mm long.Pedicels ± absent. Sepals 1.4–2.5 mm long (Bonnie Rock–Chiddarcooping NR)"	"Balaustion mukinbudin"
14	"Bracteoles either borne well below the flowers at anthesis or shed at an earlier stage, 0.8–3.5 mm long. Pedicels 0.5–4 mm long. Sepals 0.8–2 mm long"	15
15	"Petals 6–7 mm long. Stamens c. 30. Ovules 20–22 per loculus (E of Koolyanobbing)"	"Balaustion polyandrum"
15	"Petals 3–6 mm long. Stamens 15–25. Ovules 8–16 per loculus"	16
16	"Mature style 1.4–2.2 mm long"	17
16	"Mature style 2.5–4 mm long"	18
17	"Hypanthium with 5 lobes surrounding and extending slightly below (rarely level with) the apex of the pedicel (North Bungulla NR–Lake Grace–E of Lake King)"	"Balaustion quinquelobum"
17	"Hypanthium lacking lobes but sometimes with broadly rounded antisepalous ‘ridges’, entirely above the apex of the pedicel (Billyacatting Hill area)"	"Balaustion sp. Billyacatting Hill"
18	"Petioles 0.1–0.2 mm long. Longest leaf blades 3–7 mm long, 0.2–0.3(–0.4) mm wide, broadest at the base, entire (Bonnie Rock area–Mukinbudin area)"	"Balaustion filifolium"
18	"Petioles 0.2–0.6 mm long. Longest leaf blades 1.3–5 mm long, 0.3–1.2 mm wide, usually narrowed at the base or not exceeding the width elsewhere, toothed laterally or around the apex at least when young"	19
19	"Bracteoles 2–3.5 mm long. Pedicels 0.6–2 mm long, much shorter than the peduncles (S of Mukinbudin)"	"Balaustion bimucronatum"
19	"Bracteoles 0.8–1.6(–2) mm long. Pedicels (1.2–)2–3.5 mm long, shorter than to much longer than the peduncles"	20
20	"Leaf blades not very thick, remaining flattened at all stages (W of Bullfinch)"	"Balaustion spenceri"
20	"Leaf blades 0.4 – 0.5 mm thick, mostly or at least some of them not much broader than thick (Waddouring Hill–Hyden area)"	"Balaustion exsertum"
