from	statement	to
1	"Longest floral rachises 1–2 cm long; floral bracts falling in early to mid bud stage"	2
1	"Longest floral rachises 2–6 cm long; floral bracts often persistent until late bud stage or until after anthesis, occasionally falling in early bud"	5
2	"Leaf lower surface with minute ascending or rarely appressed hairs openly to sparsely but evenly distributed on the lamina away from the main veins, the hairs persisting (sometimes sparsely) on adult leaves"	"Grevillea synapheae subsp. synapheae"
2	"Leaf lower surface glabrous or with very scattered hairs mainly on midveins when young"	3
3	"Leaf rachis straight or gently and evenly downcurved, not laterally flexuose; leaf lobes coplanar with rachis or only weakly divaricate; plant mounded to spreading or erect"	4
3	"Leaf rachis angularly deflexed at each node, laterally flexuose (zigzag); leaf lobes strongly divaricate; plant sprawling or semi- prostrate"	"Grevillea synapheae subsp. A Flora of Australia (S.D. Hopper 6333)"
4	"Primary leaf lobes 5–15 mm wide; ultimate lobes usually shallow and broadly triangular"	"Grevillea synapheae subsp. latiloba"
4	"Primary leaf lobes 2.5–6 mm wide; ultimate lobes narrowly triangular or oblong or ovate, rarely broadly triangular"	"Grevillea synapheae subsp. synapheae"
5	"Ultimate leaf lobes straight, 3–11 mm wide; lower surface of adult leaves with lamina on either side of midvein usually glabrous, rarely with a few scattered hairs; pollen-presenter conical, lacking a projecting basal flange or rim"	"Grevillea synapheae subsp. pachyphylla"
5	"Ultimate leaf lobes gently curved, 2–3 (–5?) mm wide; lower surface of adult leaves usually with an open indumentum of appressed hairs; pollen-presenter conical with a distinct basal flange or rim"	"Grevillea synapheae subsp. minyulo"
