from	statement	to
1	"Plants with a generally leafless aspect, though some leaves may be present"	2
1	"Plants leafy"	18
2	"Stems winged; ovules one to five per loculus"	"Tetratheca affinis"
2	"Stems terete or tri- to quadrangular in cross-section; ovules one or two per loculus"	3
3	"Ovules typically one per loculus"	4
3	"Ovules typically two per loculus"	13
4	"Peduncles and calyx densely pubescent, pedicels less than 5 mm in length"	5
4	"Peduncles and calyx glabrous or with occasional glandular hairs, pedicels 5 mm or more in length"	7
5	"Peduncles and calyces hispid with few additional small, red, glandular hairs; leaf margins flat"	"Tetratheca aphylla"
5	"Peduncles and calyces hispid with numerous additional large, red glandular hairs, these frequently bearing small, simple hairs towards their base; leaf margins loosely revolute"	6
6	"Stems 0.8–0.9 mm broad in the flowering region; anther body 1.9–2.5 mm with the lowest 0.6–1.0 mm extremely flattened and resembling the 0.6–1.0 mm long filament"	"Tetratheca paucifolia"
6	"Stems 1.7–1.9 mm broad in the flowering region; anther body 2.5–2.6 mm long, not flattened in the lower region, curved at base adaxially and abruptly meeting the 1.1–1.8 mm long filament"	"Tetratheca nephelioides"
7	"Stems glabrous or very sparsely glandular hairy; ovary pubescent to sericeous, with or without additional glandular hairs, or with glandular hairs only; anther tube 0.35–1.6 mm long"	8
7	"Stems usually with fine to coarse, scattered to dense setae, occasionally glabrous; ovary glabrous; anther tube 1.5–2.5 mm long"	11
8	"Stems compressed to quadrangular"	"Tetratheca angulata"
8	"Stems terete"	9
9	"Ovary covered with stout glandular hairs only; style glabrous; anther tube 1.3–1.6 mm long"	"Tetratheca spartea"
9	"Ovary with a dense covering of simple hairs as well as slender glandular hairs; style pubescent at base; anther tube 0.35–1 mm long"	10
10	"Body of anther not flattened towards base, filament 0.20–0.35 mm long, tube 0.35–0.50 mm long"	"Tetratheca nuda"
10	"Body of anther flattened in lower third, filament 0.6–1.4 mm long, tube 0.6–1.0 mm long"	"Tetratheca applanata"
11	"Stems densely covered with patent, stout setae arising from broad tubercles; leaves small (1.9–6.2 mm long) with flat, sparsely dentate and/or glandular hairy margins"	"Tetratheca harperi"
11	"Stems glabrous or finely setose, setae reflexed to retrorse when present and arising from small tubercles; leaves large (2.0–15.5 mm long) with revolute, glabrous margins"	12
12	"Leaf-blades tapered at the base; anther filaments stout, c. 1 mm long"	"Tetratheca virgata"
12	"Leaf-blades broad at the base; anther filaments slender, c. 0.5 mm long"	"Tetratheca remota"
13	"Stems densely covered in broad tubercules bearing patent, stout, somewhat senescent setae; petals white to pale pink with dark pink spots or pale mauve"	"Tetratheca erubescens"
13	"Stems smooth to minutely tuberculate, usually glabrous or with scattered glandular hairs or retrorse setae; petals uniformly dark or mauve-pink, occasionally white"	14
14	"Stems usually sinuous; leaves usually in fascicles, or alternate; anther tube 2.5–3.0 mm long with a conspicuously 2-lipped orifice"	"Tetratheca efoliata"
14	"Stems straight. Leaves alternate, never in fascicles; anther tube 0.6–2.5 mm long, the orifice oblique or with a longer inner lip"	15
15	"Base of the plant usually covered with strongly retrorse, dark coloured setae; peduncles glabrous, 7–16 mm long; leaves with revolute margins"	"Tetratheca retrorsa"
15	"Base of the plant lacking strongly retrorse, dark-coloured setae; peduncles scabrous to hispidulous, often with scattered, small glandular hairs or sub-glabrous with glandular hairs in the mid-region, 1–11 mm long; leaves with flat margins"	16
16	"Stems rugulose, dull light green, glabrous; peduncles and calyces dull, pinkish mauve to purple-red"	"Tetratheca spenceri"
16	"Stems tuberculate, mid-green, often with scattered glandular hairs; peduncles and calyces glossy, green and red"	17
17	"Stems minutely tuberculate; calyx segments broadly elliptic"	"Tetratheca chapmanii"
17	"Stems densely covered with rounded to truncate tubercles; calyx segments narrowly triangular to lanceolate"	"Tetratheca paynterae"
18	"Flowers purple; stamens with very slender filaments 1 mm long, the anthers yellow, occasionally flushed with purple, and with a short tube with a broad orifice"	"Tetratheca pilifera"
18	"Flowers dark pink, or occasionally white; stamens not as above"	19
19	"Petals with a prominent, very dark patch at the base; anther tube clearly defined from anther body, usually dark coloured and covered in minute tubercles, very long (>1.6 mm), with a very narrow, oblique orifice (rarely shorter (1.2–1.6 mm), and smooth, with a narrow, straight orifice)"	20
19	"Petals with or without a dark patch at base; anther tube not as above"	21
20	"White hairs on the stems present or absent, if present, curled or irregular"	"Tetratheca hirsuta"
20	"White hairs on the stems numerous, straight"	"Tetratheca hispidissima"
21	"Flowers 4-merous or if 5-merous then the filaments 1 mm long"	22
21	"Flowers 5-merous; filaments less than 1 mm in length"	24
22	"Leaves in whorls of 3"	"Tetratheca similis"
22	"Leaves alternate"	23
23	"Leaves pubescent; stamens 3 mm long"	"Tetratheca fasciculata"
23	"Leaves glabrous or almost so; stamens 4.5 mm or more in length"	"Tetratheca virgata"
24	"Leaf-blades broad at the base and glabrous or with few hairs, smooth"	25
24	"Leaf-blades narrow at the base or if broad then pubescent or densely tuberculate"	26
25	"Anther-tube 1.5-2 mm long; filament slender"	"Tetratheca remota"
25	"Anther-tube 0.5 mm long; filament absent"	"Tetratheca deltoidea"
26	"Peduncles less than 2 cm in length; calyx-segments thickened near the base"	27
26	"Peduncles usually more than 2 cm in length; calyx segments not conspicuously thickened at the base"	34
27	"Petals less than 8 mm in length; calyx-segments 1.5 mm long and bearing scattered stout setae"	28
27	"Petals 8 mm or more in length; calyx-segments 2 mm or more in length, or if less then glabrous"	29
28	"Stems covered with short, curled white hairs; leaves spirally arranged, lacking a prominent apiculus"	"Tetratheca parvifolia"
28	"Stems evenly covered with small (to 0.05 mm long), papillose tubercules  and sparse to openly spaced, long (0.95–2 mm long), stiff, orange to red-brown, strongly antrorse to adpressed, setae; leaves mostly opposite-decussate, apex bearing a prominent, stiff, apical seta (0.65–1.4 mm long)"	"Tetratheca pilata"
29	"Leaves broadly ovate and usually with 2-4 lobes, often in whorls of 3"	"Tetratheca pubescens"
29	"Leaves elliptical to linear, alternate"	30
30	"Stamens 3 mm long; peduncles 6 mm or less in length"	31
30	"Stamens 3.5-4 mm long; peduncles usually more than 6 mm in length"	32
31	"Leaves densely arranged, pale, dull green, usually glaucous and glabrous to glabrescent, margins strongly revolute, adaxial surface smooth to slightly wrinkled"	"Tetratheca exasperata"
31	"Leaves openly spaced, prominently discolorous with a paler abaxial surface, indumentum variable but usually prominently strigose, margins not strongly revolute"	"Tetratheca setigera"
32	"Stems glabrous in the upper part and with strongly retrorse setae in the lower part; receptacle of the flower 2-2.5 mm broad"	"Tetratheca retrorsa"
32	"Stems usually covered with spreading setae; receptacle of the flower 1.5 mm broad"	33
33	"Leaves densely arranged, pale, dull green, usually glaucous and glabrous to glabrescent, margins strongly revolute, adaxial surface smooth to slightly wrinkled"	"Tetratheca exasperata"
33	"Leaves openly spaced, prominently discolorous with a paler abaxial surface, indumentum variable but usually prominently strigose, margins not strongly revolute"	"Tetratheca setigera"
34	"Leaves alternate or irregularly opposite, conspicuously pubescent"	"Tetratheca confertifolia"
34	"Leaves in whorls of 3, with sparse hairs"	"Tetratheca filiformis"
