from	statement	to
1	"Flowers 4-merous; fruit with 4 vertical wings or a 4-angled capsule"	2
1	"Flowers 5-merous; ovary and capsule 5-angled"	14
2	"Fruit with 4 vertical wings, dispersed in its entirety or breaking into 4 winged segments corresponding to the carpels; filaments not winged"	3
2	"Fruit a capsule, opening loculicidally to disperse seeds, not winged; filaments winged or not"	8
3	"Leaflets distinctly articulated with petiole"	"Roepera fruticulosa"
3	"Leaflets not articulated with petiole"	4
4	"Fruits breaking into 4 single-winged fruitlets for dispersal; stand-alone shrubs, often sprawling but not climbing in other vegetation"	5
4	"Fruits dispersed as whole, not dissociating into winged fruitlets at maturity; plants scrambling or sprawling, often climbing in other vegetation"	7
5	"Fruiting style 0.1–0.2 mm long; petals shorter than or equal to sepals; disc lobes oblong"	"Roepera tetraptera"
5	"Fruiting style at least 0.5 mm long; petals longer than sepals; disc lobes semicircular"	6
6	"Petals less than 5 mm long; style less than 1.0 mm long"	"Roepera halophila"
6	"Petals more than 5 mm long; style more than 1.5 mm long"	"Roepera aurantiaca subsp. aurantiaca"
7	"Fruits 7–9 mm long, with very close sub-parallel venation on wings"	"Roepera eremaea"
7	"Fruits 11–15 mm long, with widely spaced reticulate venation on wings"	"Roepera reticulata"
8	"Capsule (and ovary) ±obtriangular or obtrullate in outline (i.e. with truncate or obliquely truncate apex)"	9
8	"Capsule (and ovary) elliptic, obovate or circular in outline, not truncate apically, or capsule (and ovary) rectangular with erect appendages at each of the 4 angles of the summit"	12
9	"Perennials; petals 7–10 mm long; style 3–5.5 mm long"	"Roepera billardierei"
9	"Annuals or short-lived perennials; petals not more than 5 mm long; style 3 mm long or less"	10
10	"Fruiting pedicel more than 5 mm long; petals 4.2–8 mm long; leaflets articulated at base"	"Roepera angustifolia "
10	"Fruiting pedicel not more than 5 mm long; leaflets articulated at base or not"	11
11	"Stamens 4"	"Roepera ammophila"
11	"Stamens 8"	"Roepera similis"
12	"Mature capsule less than 10 mm long; petals not more than 4 mm long"	13
12	"Mature capsule 10 mm long or more; petals 5–13 mm long"	"Roepera glauca"
13	"Leaflets 1–3 mm wide, not appressed to each other; fruiting pedicels to 3 mm long; petals 1–1.8 mm long, shorter than to as long as sepals"	"Roepera ovata"
13	"Leaflets 4–20 mm wide, appressed to each other; fruiting pedicels 5–12 mm long; petals 2.5–4 mm long, longer than sepals"	"Roepera compressa"
14	"Capsule ±obtriangular in outline, truncate apically, with triangular extension (apiculum) on upper corner of each angle"	"Roepera apiculata"
14	"Capsule oblong, elliptic, ovate, or obovate in outline, not obtriangular, rounded apically, lacking an extension on upper corner of each angle"	15
15	"Leaflets lobed at base on outer side"	"Roepera lobulata"
15	"Leaflets not lobed at base"	16
16	"Leaflets (2–) 3 (–4)-lobed at apex"	17
16	"Leaflets entire or emarginate at apex"	18
17	"Petals 5.5–7 mm long; capsule 8–13 mm long; seeds 2–4 per cell"	"Roepera kochii"
17	"Petals 2–4 mm long; capsule 5–6 mm long; seeds 1 or 2 per cell"	"Roepera lobulata"
18	"Fruiting pedicel more than 7 mm long"	19
18	"Fruiting pedicel less than 7 mm long"	20
19	"Flowers white"	"Roepera tesquorum"
19	"Flowers yellow, drying white"	"Roepera retivalvis"
20	"Stamens with wing apex oblique and with an acute tooth either side of filament; capsule 6.5–8 mm long, 7.5–9.5 mm wide; leaflets entire"	"Roepera eichleri"
20	"Stamens with wing apex truncate, erose, lacking tooth either side of filament; capsule 4–6 mm long, 5–7 mm wide; leaflets rounded or emarginate"	"Roepera iodocarpa"
