from	statement	to
1	"Culms with complete transverse septa, visible (at least when dry) from the outside"	2
1	"Culms not transversely septate"	3
2	"Glumes 7 to11 mm long; culms in a close linear series on a stout horizontal rhizome"	"Eleocharis sphacelata"
2	"Glumes < 7 mm long; culms tufted, not on a stout rhizome"	"Eleocharis dulcis"
3	"Glumes < 1.5 mm long"	"Eleocharis atropurpurea"
3	"Glumes > 1.5 mm long"	4
4	"Uppermost leaf-sheaf orifice tight, with a distinct mucro 1 to 4 mm long"	5
4	"Uppermost leaf-sheaf orifice loose, frequently scarious, sometimes acute but with no mucro"	7
5	"Uppermost glumes apex obtuse"	"Eleocharis spiralis"
5	"Uppermost glumes apex acute"	6
6	"Plants with a short rhizome; lower part of the style base with short crisped hairs"	"Eleocharis pallens"
6	"Plants with a long creeping rhizome; lower part of style base glabrous"	"Eleocharis acuta"
7	"Glumes texture thin or membranous, with sides nerveless; only the keel or midrib may be nerved"	8
7	"Glumes texture cartilaginous, may be membranous on the margins, whole surface with many fine nerves"	12
8	"Glumes < 2 mm long"	9
8	"Glumes > 2 mm long"	11
9	"Style 2-fid"	"Eleocharis geniculata"
9	"Style 3-fid"	10
10	"Annual; glumes 1.6-2 mm long; achene almost smooth, obscure epidermal cells longitudinally oblong"	"Eleocharis caespitosissima"
10	"Perennial; glumes 1.7-2.7 mm long; achene glistening, trigonous with 3 or 4 vertical ribs, epidermal cells between the ribs transversely elongate"	"Eleocharis pusilla"
11	"Style 2-fid"	"Eleocharis geniculata"
11	"Style 3-fid"	"Eleocharis pusilla"
12	"Culms with 4 or 5 unequal sharply angled sides"	"Eleocharis philippinensis"
12	"Culms 3 angled or terete"	13
13	"Culms sharply 3-angled"	14
13	"Culms terete or with the angles rounded"	15
14	"Bristles mostly rudimentary; achene punctate or pitted"	"Eleocharis triquetra"
14	"Bristles well developed; achene with rows of transverse, linear-oblong epidermal"	"Eleocharis acutangula subsp. acutangula"
15	"Culms < 2.5 mm wide"	16
15	"Culms > 2.5 mm wide"	17
16	"Glumes 3-3.5 mm long; achene punctate or pitted"	"Eleocharis rivalis"
16	"Glumes 3.5-5 mm long; achene with rows of transverse, linear-oblong epidermal cells"	"Eleocharis ochrostachys"
17	"Glumes 7/8 imbricate, exposed part of the glumes much broader than long"	"Eleocharis sundaica"
17	"Glumes < ¾ imbricate, exposed part of the glumes much longer than broad"	18
18	"Spikelets mostly green or stramineous in colour"	"Eleocharis brassii"
18	"Spikelets mostly reddish brown in colour"	"Eleocharis sanguinolenta"
