from	statement	to
1	"Herbs or subshrubs"	2
1	"Trees or shrubs"	4
2	"Hypanthium narrowly tubular"	Lythrum
2	"Hypanthium variously campanulate, funnel-shaped or globose"	3
3	"Flowers axillary, solitary and sessile or subsessile"	Rotala
3	"Flowers in axillary cymes or if solitary then on long pedicels"	Ammannia
4	"Mangroves; stamens numerous; petals small or absent"	"Sonneratia: Sonneratia alba"
4	"Non-mangroves; stamens to twice the number of sepals, if more then petals prominent"	5
5	"Flowers and large fruits bright orange, the swollen hypanthium and sepals thick and fleshy at anthesis"	"Punica: Punica granatum"
5	"Flowers and fruits not as above"	6
6	"Flowers in panicles; petals distinctly clawed; stamens more than 18"	"Lagerstroemia: Lagerstroemia archeriana var. divaricatiflora"
6	"Flowers solitary; petals not clawed; stamens up to 18"	"Pemphis: Pemphis acidula"
