from	statement	to
1	"Plants occurring in the South-West Province of WA"	2
1	"Plants occurring in the Kimberley Province of WA"	11
2	"Inflorescence a simple or branched raceme with paired flowers; pedicels joined near base"	3
2	"Inflorescence paniculate, cymose, head-like, umbel-like or a raceme with solitary flowers; pedicels not joined"	4
3	"Plants 50–200 cm tall; sepals ⅔ - c. ¾ as long as petals"	"Haemodorum spicatum"
3	"Plants 8–35 cm tall; sepals ½ as long as petals or slightly longer"	"Haemodorum brevisepalum"
4	"Style at anthesis not exceeding anthers"	5
4	"Style at anthesis usually exceeding anthers"	7
5	"Flowers solitary"	"Haemodorum sparsiflorum"
5	"Flowers in clusters of 2–6 flowers"	6
6	"Anthers not versatile, the connective decurrent onto filament"	"Haemodorum simplex"
6	"Anthers versatile"	"Haemodorum paniculatum"
7	"Inflorescence a panicle of large dense many-flowered clusters"	"Haemodorum simulans"
7	"Inflorescence an open panicle, with flowers in small clusters of 2–5"	8
8	"Bracteoles relatively translucent in centre, brown, with veins visible abaxially"	9
8	"Bracteoles opaque in centre, black, with veins obscure abaxially"	10
9	"Basal leaves 1–4 mm wide, rarely to 5 mm"	"Haemodorum laxum"
9	"Basal leaves 5.5–22 mm wide"	"Haemodorum venosum"
10	"Basal leaves up to 4; lamina 1.3–5.2 mm wide, rarely to 6 mm"	"Haemodorum discolor"
10	"Basal leaf usually 1, occasionally 2; lamina 6–20 mm wide"	"Haemodorum loratum"
11	"Inflorescence 5–10 cm tall, a compact raceme, much shorter than the leaves"	12
11	"Inflorescence (40–)60–175 cm tall, racemose, corymbose or paniculate, exceeding the leaves"	13
12	"Leaves terete to subterete; flowers blackish red; inflorescence dense"	"Haemodorum brevicaule"
12	"Leaves narrowly elliptic in transverse section and finely ribbed; flowers grey-brown; inflorescence not dense"	"Haemodorum griseofuscum"
13	"Leaves ±flat in transverse section, (0.9–)1.8–8 mm wide"	14
13	"Leaves terete to subterete, usually 0.6–1.2 mm wide (rarely to 2.5 mm wide in Haemodorum condensatum)"	22
14	"Flowers yellowish green; leaves very bright green"	"Haemodorum subvirens"
14	"Flowers brown, orange or red; leaves dark green to dull bluish green"	15
15	"Inflorescence with terminal flower clusters 1–few, capitate; leaves 0.9–2.5 mm wide"	"Haemodorum capitatum"
15	"Inflorescence an open panicle of well-spaced flowers, or when dense, a raceme, ±flat-topped corymb or series of corymbs; leaves (1–)1.8–8 mm wide"	16
16	"Flowers yellow-orange to dull orange; inflorescence an open corymb"	"Haemodorum basalticum"
16	"Flowers bright orange-red to red to brown or ageing to reddish (but bright orange-yellow to reddish in Haemodorum macfarlanei); inflorescence a dense corymb, open panicle or compound raceme"	17
17	"Leaves flat or subterete, 1–3.3 mm wide; inflorescence a raceme or compound raceme; flowers yellow to bright orange-red to red"	18
17	"Leaves flat, 4–8 mm wide; inflorescence a dense corymb or open panicle; flowers dull red to orange-red to brown, red-brown or bright red"	20
18	"Leaves flat to subterete; flowers pale yellow when fresh, maturing red, densely packed on the inflorescence"	"Haemodorum condensatum"
18	"Leaves flat; flowers bright orange to red when fresh, maintaining colour or becoming darker with age, well-spaced on the inflorescence"	19
19	"Leaves 0.6–0.8(–1.1) mm wide; flowers 4–5.5 mm long, bright yellow-orange to reddish, with a pair of subtending bracteoles"	"Haemodorum macfarlanei"
19	"Leaves (1.6–)1.8–3.3 mm wide; flowers 5.2–7.1 mm long, brilliant orange-red to dark red, with a single subtending bracteole"	"Haemodorum thedae"
20	"All flowers well-spaced along inflorescence branches; flowers dull red to orange-red to brown, often with dull green basal parts"	"Haemodorum ensifolium"
20	"Flowers in close terminal clusters (dense panicle) on well-spaced inflorescence branches; flowers bright red to dark red-brown"	21
21	"Flowers bright red; anthers 2.0–2.4(–3.7 in Queensland) mm long"	"Haemodorum coccineum"
21	"Flowers dark red-brown; anthers 2.6–3.5 mm long"	"Haemodorum interrex"
22	"Leaves flat or subterete, 1–2.5 mm wide; flowers pale yellow when fresh, maturing red, densely packed on the inflorescence"	"Haemodorum condensatum"
22	"Leaves ±terete (or flat to subterete in Haemodorum macfarlanei, but fresh flowers orange to red), 0.6–1(–1.2) mm wide; flowers yellow, greenish, orange or red, uniform in colour or darkening only slightly with maturity, well-spaced on inflorescence"	23
23	"Flowers greenish yellow or yellow; inflorescence racemose"	"Haemodorum flaviflorum s. lat."
23	"Flowers orange to red; inflorescence paniculate or few-branched and racemose"	24
24	"Inflorescence a flat-topped panicle; flowers red"	"Haemodorum gracile"
24	"Inflorescence racemose, occasionally compound; flowers orange or red"	25
25	"Flowers yellow-orange to reddish; inflorescence (1–)3–5-branched; on basalt"	"Haemodorum macfarlanei"
25	"Flowers red; inflorescence not or 1-branched; on sandstone"	"Haemodorum parviflorum"
