from	statement	to
1	"Herbs or undershrubs"	2
1	"Shrubs, trees or woody climbers"	6
2	"Capsule without horns, not bilobed"	3
2	"Capsule two-horned (horns occasionally adherent along almost their entire length, appearing continuous with base of styles) or bilobed"	4
3	"Stamens inserted in middle of corolla tube, anthers included in corolla tube; apex of calyx lobes obtuse; flowers unisexual"	Logania
3	"Stamens inserted in mouth of corolla tube, anthers exserted from corolla tube; apex of calyx lobes acute; flowers bisexual"	Orianthera
4	"Calyx, corolla and androecium 4-merous, or calyx absent"	5
4	"Calyx, corolla and androecium 5-merous"	"Adelphacme: Adelphacme minima"
5	"Calyx absent; corolla and capsule enclosed in a two-lobed foliaceous involucre; ovary semi-inferior"	Phyllangium
5	"Calyx present, involucre absent; ovary superior"	Mitrasacme
6	"Fruit indehiscent, berry-like"	"Strychnos: Strychnos lucida"
6	"Fruit a 2-valved capsule"	7
7	"Dioecious shrubs to trees or woody climbers; calyx obtuse; stamens inserted in middle of corolla tube, with anthers included within tube"	Logania
7	"Hermaphroditic undershrubs to shrubs, never trees or climbers; calyx lobes tapering, acute; stamens inserted in or near sinus between corolla tube, with anthers exserted beyond tube"	Orianthera
