from	statement	to
1	"Calyx lobes 4"	2
1	"Calyx lobes 2"	4
2	"Corolla bright pink (or sometimes white), with yellow spots on the palate"	3
2	"Corolla pale pink with darker pink spots on the palate"	"Utricularia westonii"
3	"Spur of corolla about as long as the lower lip"	"Utricularia tenella"
3	"Spur of corolla much shorter than the lower lip"	"Utricularia multifida"
4	"Corolla white or shades of red, violet or brown, usually with a yellow palate"	5
4	"Corolla yellow, apricot or orange-yellow"	31
5	"Scales present on peduncle"	6
5	"Scales absent from peduncle"	12
6	"Bracts basifixed; bracteoles present"	7
6	"Bracts basisolute; bracteoles present or absent"	10
7	"Peduncle twining"	"Utricularia foveolata"
7	"Peduncle erect, not twining"	8
8	"Bracts much wider than bracteoles"	"Utricularia uliginosa"
8	"Bracts not, or not much, wider than bracteoles"	9
9	"Corolla lower lip 3-lobed"	"Utricularia minutissima"
9	"Corolla lower lip entire or emarginate"	"Utricularia simplex"
10	"Bracteoles present"	"Utricularia caerulea"
10	"Bracteoles absent"	11
11	"Spur of corolla 7–15 mm long, 0.5–1 mm thick; leaf segments flattened"	"Utricularia leptoplectra"
11	"Spur of corolla 3–5 mm long, 1–2 mm thick; leaf segments terete"	"Utricularia limosa"
12	"Peduncle twining"	13
12	"Peduncle erect or ascending, not twining"	14
13	"Corolla lower lip entire, 20–40 mm wide"	"Utricularia volubilis"
13	"Corolla lower lip 3-lobed, ±6 mm wide"	"Utricularia helix"
14	"Corolla with 2 capillary lobes extending vertically above the flower"	15
14	"Corolla without capillary lobes extending above the flower"	16
15	"Capillary lobes arising from the apex of the corolla upper lip"	"Utricularia dunlopii"
15	"Capillary lobes arising laterally from the base of the corolla lower lip"	"Utricularia antennifera"
16	"Corolla lower lip 5-lobed"	"Utricularia quinquedentata"
16	"Corolla lower lip 2–4-lobed or entire"	17
17	"Freely suspended aquatic with verticillate, narrowly linear leaves"	"Utricularia tubulata"
17	"Terrestrial or affixed aquatic; leaves not verticillate"	18
18	"Corolla bright red; spur 2–4 times as long as corolla lower lip, 2–3 mm thick"	"Utricularia menziesii"
18	"Corolla violet, mauve or white; spur shorter than corolla lower lip, or if longer then less than 2 mm thick"	19
19	"Bracts and bracteoles basisolute, the inferior parts connate to form a sleeve-like tube below the point of attachment"	20
19	"Bracts and bracteoles basisolute or basifixed, if basisolute then inferior part not connate to form a tube"	21
20	"Corolla lower lip shallowly 3-lobed or entire, with a prominent, lobed basal swelling"	"Utricularia kimberleyensis"
20	"Corolla lower lip deeply 3-lobed without a prominent basal swelling"	"Utricularia georgei"
21	"Peduncle hairy, at least near the base"	22
21	"Peduncle glabrous throughout or at the most minutely papillose at the base"	24
22	"Bracts and bracteoles ciliate"	"Utricularia lasiocaulis"
22	"Bracts and bracteoles not ciliate"	23
23	"Traps uniform, with the mouth basal and all appendages deeply laciniate"	"Utricularia kenneallyi"
23	"Traps dimorphic, with the mouth lateral and only the ventral wings laciniate"	"Utricularia leptorhyncha"
24	"Stolons absent, all leaves and traps arising from a short stem at the base of the peduncle"	25
24	"Stolons present, with leaves and traps at their nodes"	27
25	"Corolla 4–9 mm long; spur about twice as long as lower lip"	"Utricularia violacea"
25	"Corolla 10–20 mm long; spur shorter than to scarcely longer than the lower lip"	26
26	"Corolla upper and lower lips violet; lower lip with rounded entire apex and 5 or more diverging yellow ridges at the base"	"Utricularia inaequalis"
26	"Corolla upper lip cream or yellow, lower lip violet; lower lip distinctly 3-lobed, with 4 parallel yellow ridges at the base"	"Utricularia benthamii"
27	"Traps with all appendages narrowly deltoid to narrowly ovate, with margins entire; inner margins of all ciliate with numerous fine deflexed hairs"	"Utricularia lasiocaulis"
27	"Traps not as above"	28
28	"Corolla lower lip distinctly 3-lobed"	29
28	"Corolla lower lip entire or obscurely 2–4 crenate"	30
29	"Corolla lower lip lobes about as long as wide"	"Utricularia arnhemica"
29	"Corolla lower lip lobes 3 or more times as long as wide"	"Utricularia tridactyla"
30	"Peduncle hollow; none of the trap appendages with fimbriate margins; lower lip of the corolla without conspicuous ridges at the base"	"Utricularia fistulosa"
30	"Peduncle not hollow; at least some of the trap appendages with fimbriate margins; lower lip of corolla with conspicuous ridges at the base, with the central ridges yellow"	"Utricularia oppositiflora"
31	"Lower lip of corolla 3- or 4-lobed"	"Utricularia chrysantha"
31	"Lower lip of corolla entire or shallowly 2-lobed"	32
32	"Bracteoles present, much narrower than the bract; terrestrial plants with simple leaves"	33
32	"Bracteoles absent; aquatic plants with divided leaves"	34
33	"Peduncle twining"	"Utricularia circumvoluta"
33	"Peduncle erect"	"Utricularia bifida"
34	"Inflorescence with a whorl of ellipsoid floats above the middle"	35
34	"Inflorescence without a whorl of floats or with narrowly fusiform floats at or near the base"	36
35	"Floats shortly stipitate; seeds lenticular with a narrow wing"	"Utricularia muelleri"
35	"Floats sessile; seeds prismatic and winged on all the angles"	"Utricularia stellaris"
36	"Ultimate segments on each leaf very numerous (20–80)"	37
36	"Ultimate segments on each leaf few (2–8)"	"Utricularia gibba"
37	"Primary segments 2; 1 or more scales present on the peduncle"	"Utricularia australis"
37	"Primary segments 3 or more; scales always absent"	"Utricularia aurea"
