from	statement	to
1	"Placentation parietal but sometimes close to base of ovary; ovules 2 to many, 1 or more per placenta; funicles not or scarcely longer than ovules erect or sometimes recurved"	2
1	"Placentation basal; ovules usually 2–4 (as many as there are style branches), rarely 4 or 5 (with funicle divided, carrying 2 ovules); funicles usually longer than ovules, erect at base, distally recurved"	22
2	"Leaves sessile or almost so"	3
2	"Leaves petiolate, the petiole often winged and ciliate"	13
3	"Bracteolar sheath surrounding calyx base and partly adnate to it, becoming leathery or woody in fruit"	4
3	"Bracteolar sheath forming small or shallow cup, not enclosing or attached to calyx"	5
4	"Leaves ovate, sometimes narrowly, the base cordate; calyx 5.5–9.5 mm long; desert species"	"Frankenia cordata"
4	"Leaves linear to lanceolate, the base rounded, never cordate; calyx 4.5–6 mm long; in coastal NW W.A."	"Frankenia ambita"
5	"Leaf lamina produced below point of attachment"	6
5	"Leaf lamina not produced below node"	8
6	"Leaf lamina below attachment shortly decurrent; ovules 8 or 9"	"Frankenia decurrens"
6	"Leaf lamina below attachment free, lobed; ovules 2–18"	7
7	"Leaves often spreading, 1–5 mm long; ovules 4–18"	"Frankenia cinerea"
7	"Leaves usually appressed, 2–4 mm long; ovules 2–7"	"Frankenia punctata"
8	"Flowers in dense head-like terminal dichasia"	"Frankenia conferta"
8	"Flowers in open or short dichasia or solitary, not head-like"	9
9	"Leaves spreading or reflexed, often broader and longer towards apex of shoot, densely pubescent, often white-encrusted or greyish"	"Frankenia sessilis"
9	"Leaves rarely spreading and if so glabrous, narrower towards apex of shoot"	10
10	"Leaves subsessile; ovules 8–16 per placentas"	"Frankenia irregularis"
10	"Leaves sessile; ovules 1–5 per placenta"	11
11	"Upper surface of leaves glabrous, shining"	"Frankenia tetrapetala"
11	"Upper surface of leaves scurfy or minutely pilose, dull or encrusted"	12
12	"Calyx densely puberulous"	"Frankenia sessilis"
12	"Calyx with scattered hairs, or ribs glabrous and grooves puberulous"	"Frankenia brachyphylla"
13	"Bracteolar sheath cupped, clasping calyx and often partially adnate to it"	"Frankenia cordata"
13	"Bracteolar sheath small, if cupped then not adnate to calyx"	14
14	"Calyx setulose-pilose in upper half, glabrous below"	"Frankenia parvula"
14	"Calyx pubescent to almost glabrous but never as above"	15
15	"Ovules l or 2 per placenta"	"Frankenia densa"
15	"Ovules 3 to many per placenta"	16
16	"Calyx densely hairy with spreading hairs to 1 mm long"	17
16	"Calyx glabrous or shortly pubescent or with scattered hairs"	18
17	"Leaves and bracts oblong, ovate or elliptic, most of underside exposed"	"Frankenia hispidula"
17	"Leaves and bracts linear or oblong-linear, only midrib exposed beneath"	"Frankenia magnifica"
18	"Leaves oblong to ovate or obovate, more or less flat, or if margins recurved then undersurface exposed"	19
18	"Leaves oblong to linear, subterete, the lower ones sometimes flattened but never obovate"	20
19	"Upper leaves with cordate bases"	"Frankenia confusa"
19	"Leaf bases not cordate"	"Frankenia pulverulenta"
20	"Dichasia spreading; stems erect; bracts and bracteoles to ⅓ length of calyx"	"Frankenia laxiflora"
20	"Dichasia short or dense, sometimes open but not spreading; bracts and bracteoles ⅓ length of calyx or more"	21
21	"Calyx 5–8 mm long; petals 6.5–12 mm long; upper leaf-surface glabrous; lower leaves often flat"	"Frankenia pauciflora"
21	"Calyx 7–11 mm long; petals 13–18 mm long; upper leaf-surface rough with minute hairs, gland-dotted"	"Frankenia fecunda"
22	"Flowers in dense, head-like dichasia"	23
22	"Flowers in loose or open dichasia, occasionally dense but not head-like"	25
23	"Bracts and bracteoles broader than leaves, flat, lanceolate to ovate"	"Frankenia bracteata"
23	"Bracts and bracteoles similar to leaves, linear, subterete"	24
24	"Upper leaf-surface covered with fine bristles; calyx with fine bristly hairs"	"Frankenia setosa"
24	"Upper leaf-surface glabrous; calyx glabrous or with few weak hairs"	"Frankenia glomerata"
25	"Leaves subsessile"	26
25	"Leaves petiolate"	27
26	"Calyx glabrous or sparsely pubescent; leaves almost glabrous"	"Frankenia desertorum"
26	"Calyx and foliage tomentose with spreading or retrorse hairs"	"Frankenia interioris"
27	"Stem, calyx and leaves never with hooked hairs"	28
27	"Stem or calyx or both, and rarely leaves, with hooked hairs"	"Frankenia georgei"
28	"Plant procumbent, often rooting at the nodes, glabrous or with few scattered hairs; stigma minute"	"Frankenia drummondii"
28	"Plant erect; stems densely pubescent; stigma linear, c. 1 mm long"	"Frankenia eremophila"
