from	statement	to
1	"Leaves not or scarcely keeled. Bracteoles caducous. Calyx lobes all very reduced. Stamens equidistant, opposite the calyx lobes and petals"	2
1	"Leaves with an obvious keel especially towards apex. Bracteoles persistent. Calyx lobes varied in size, the largest ones petal-like. Stamens irregularly spaced, with 1–3 opposite each calyx lobe"	3
2	"Leaves 0.6–0.7 mm wide, about as wide as thick. Anthopodium 0–0.7 mm long. Flowers c. 6 mm diam."	"Astus duomilia"
2	"Leaves 1.2–1.6 mm wide, much wider than thick. Anthopodium 1–2 mm long. Flowers 7.5–9 mm diam."	"Astus wittweri"
3	"Young leaves with 2 or 3 rows of prominent oil glands on each side of midvein. Corolla white or very pale pink"	"Astus tetragonus"
3	"Young leaves with 1 row of prominent oil glands on each side. Corolla pale to medium pink or purplish pink"	"Astus subroseus"
