from	statement	to
1	"Petals pubescent inside; two callosities distally on petals, scarious margin of sepals and floral bracts usually yellow (dried)"	"Cassytha glabella forma bicallosa"
1	"Petals glabrous inside; scarious margin of sepals and floral bracts white (dried)"	2
2	"Fruit with conspicuous glandular rim (yellow) on top"	"Cassytha glabella forma casuarinae"
2	"Fruit without glandular rim"	3
3	"Fruit ovoid; floral bracts spreading"	"Cassytha glabella forma glabella"
3	"Fruit pyriform to fusiform; fruit base clasped by ascending floral bracts"	"Cassytha glabella forma dispar"
