from	statement	to
1	"Outer florets radiate, the rays prominent"	2
1	"Outer florets essentially tubular, regular or irregular, with 4–5 lobes"	4
2	"Pappus bristles barbellate"	"Asteridea pulverulenta"
2	"Pappus bristles plumose"	3
3	"Outer bracts beset with long, entangled eglandular hairs; pappus bristles 6–10"	"Asteridea asteroides"
3	"Outer bracts with some eglandular hairs but stalked glandular hairs prominent; pappus bristles 3–6"	"Asteridea gracilis"
4	"Pappus bristles sub-barbellate"	"A croniniana"
4	"Pappus bristles plumose, at least for part of their length"	5
5	"Corolla white; peduncles with a dense, grayish, cottony indumentum"	6
5	"Corolla yellow; peduncles reddish, wiry, glabrescent and mostly leafless"	7
6	"Pappus bristles 1(–2) bristles per floret; leaves often appressed for much of their length, mostly densely white villous on both surfaces"	"Asteridea archeri"
6	"Pappus bristles 4–8 per floret; leaves not appressed, with upper surface glabrous or with scattered cottony hairs"	"Asteridea nivea"
7	"Perennial subshrub; leaves densely white-woolly"	"Asteridea chaetopoda"
7	"Annual herbs; leaves appearing grey-green, hairy but not white-woolly"	8
8	"Outer involucral bracts conspicuously plumose, their margins with long, whitish eglandular hairs; pappus bristles 3–4"	"Asteridea athrixioides"
