from	statement	to
1	"Shrubs, scramblers, climbers to 3 m; leaves mostly clustering or alternate, heterophylly if present not markedly so"	2
1	"Small to medium height trees in adult stages; leaves usually appearing whorled at the ends of branches, marked heterophylly may be present"	7
2	"Shrubs, not overtly rhizomatous; sometimes initially erect but scandent in later adult stages; fruit spindle shaped or cylindrical"	3
2	"Rhizomatous shrubs, erect or sprawling/procumbent, never scandent; fruit about as wide as long"	5
3	"Flowers regular; fruits indehiscent berries or berry-like, seeds inserted in two rows in each loculus"	Billardiera
3	"Flowers irregular or zygomorhic; fruit capsular with seeds intermeshing into one row"	4
4	"Anthers much shorter than filaments, clustered at differing heights into a group opposite petal break; seeds mostly lozenge shaped or round"	Marianthus
4	"Anthers about same length as or longer than filaments, aligned in a row facing the curving pistil; seeds globose"	Cheiranthera
5	"Branches erect; spinescent short shoots sometimes present"	6
5	"Branches and stems rapidly procumbent, just above or just below the soil surface; spinescent short shoots absent"	Bentleya
6	"Shrubs to 2–3 m; numerous tiny (4–8 mm) white flowers; petals spreading from the base; fruit flat, purse shaped"	"Bursaria: Bursaria occidentalis"
6	"Shrubs to 20 cm; single large pendulous green flower; petals >10 mm, cohering; fruit variable but not flat"	Bentleya
7	"Spinescent short shoots present in most developmental stages; new stems often scabrid with rigid hair bases"	8
7	"Spinescent short shoots mostly absent; new stems ridged or smooth without scabrid surfaces"	9
8	"Fruit flattened, purse-shaped, loculicidally and part septicidally dehiscent; seeds flat, dry and often winged"	"Bursaria: Bursaria occidentalis"
8	"Fruit globose-cylindrical, indehiscent or loculicidally dehiscent only; seeds chunky, immersed in resin and not winged"	Pittosporum
9	"Monoecious; fruit prominently bilocular with a septal depression (tetragonal), about as wide as long; seeds dry, not immersed in resin"	Auranticarpa
9	"Mainly dioecious trees and shrubs; fruit unilocular without septal depressions, shape more cylindrical or ovate; seeds always immersed in viscid resin"	Pittosporum
