from	statement	to
1	"Leaves entire, subterete to narrowly elliptic and boat-shaped; branchlets not divaricate and spinescent"	2
1	"Leaves entire or lobed, somewhat flattened or concave; branchlets often divaricate and spinescent"	"Cyanothamnus coerulescens subsp. spinescens"
2	"Leaves mostly subterete and tightly incurved; branchlets glabrous or puberulous with curved or straight hairs principally between decurrent leaf bases"	"Cyanothamnus coerulescens subsp. coerulescens"
2	"Leaves narrowly oblong to narrowly elliptic, concave above; branchlets densely pubescent all round with short straight spreading hairs"	"Cyanothamnus coerulescens subsp. spicatus"
