from	statement	to
1	"Main stem with petiolate leaves up to 3⁄4 its height, base of stems with lanate hairs (WA; Kimberley)"	"Nicotiana benthamiana s.s."
1	"Main stem with petiolate leaves to at least the middle, base of stems with straight hairs, distribution not as above"	2
2	"Main stem with mostly basal branching (eastern WA)"	"Nicotiana rupestris"
2	"Main stem with little basal branching"	3
3	"Inflorescence branching mostly bifacial, at least when younger (coastal plain of the Pilbara Craton)"	"Nicotiana candelabra"
3	"Inflorescence branching on all sides (Pilbara Craton, excluding the coastal plain)"	"Nicotiana bilybara"
