from	statement	to
1	"Culms 1-noded; leaf-blades 20-55 cm long; leaf-sheaths compressed; 2-3 of the involucral bracts 10-30 cm long, more than three times longer than the inflorescence"	"Mesomelaena tetragona"
1	"Culms not noded; leaf-blades no more than 15 cm long; sheaths not compressed; 1-2 of the involucral bracts 2-8 cm long, at least twice as long as the inflorescence"	2
2	"Two of the involucral bracts subequal, longer than the inflorescence; ligule brown, narrow, chartaceous, occasionally with a narrow membranous margin"	"Mesomelaena pseudostygia"
2	"One involucral bract longer than the inflorescence, with a second bract no longer than the inflorescence; ligule white-membranous, to 1.5 cm long"	3
3	"Leaf-sheaths yellow-brown, very shiny; culms markedly ridged"	"Mesomelaena stygia"
3	"Leaf-sheaths red-brown to grey-brown with age, dull or only slightly shiny; culms not markedly ridged"	4
4	"Culms grey-green; inflorescence a hemispherical or globose head of numerous spikelets; nut 2-2.5 mm long, seated on an hypogynous disc"	"Mesomelaena preissii"
4	"Culms yellow-green; inflorescence a narrowly elliptic head of 1-5 spikelets; nut 5-8 mm long, without a disc"	"Mesomelaena graciliceps"
