from	statement	to
1	"Leaves stellate-tomentose (sometimes hairs minute; juvenile foliage sometimes with a sparse indumentum)"	2
1	"Leaves glabrous or with few scattered hairs"	4
2	"Pedicel 0.5–1 mm long; mature leaves densely tomentose all over, with epidermis not visible at magnification"	"Boronia ternata var. ternata"
2	"Pedicel > 2 mm long; leaves not densely tomentose, with epidermis visible at magnification, often glabrous at margins"	3
3	"Leaves obviously tomentose including margins; staminal filaments with simple hairs only; styles pilose"	"Boronia ternata var. promiscua"
3	"Leaves appearing glabrous but minutely tomentose, margins often glabrous and appearing slightly glaucous; staminal filaments with simple and bifid hairs; styles glabrous"	"Boronia ternata var. austrofoliosa"
4	"Petals glabrous"	"Boronia ternata var. ternata"
4	"Petals variously hairy"	5
5	"Pedicels 4–10 mm long, at least 1/2 length of leaves; petals 6–11 mm long; style pilose"	"Boronia ternata var. elongata"
5	"Pedicels 1.5–2 (–5) mm long, usually < 1/2 length of leaves; petals 4–6 mm long; style glabrous"	6
6	"Leaflet tip usually obcordate; leaves predominantly trifoliolate; sepals 1.5–2 mm long"	"Boronia ternata var. glabrifolia"
6	"Leaflet tip always obtuse; leaves predominantly simple; sepals 2.5–3 mm long"	"Boronia ternata var. foliosa"
