from	statement	to
1	"Leaves on individual plants relatively uniform in shape, basal lobes absent or if present then usually entire, the central lobe always without further divisions"	2
1	"Leaves on individual plants usually variously shaped, basal lobes often further divided into secondary lobes, sometimes the central lobe itself with secondary lobes"	5
2	"Corolla 6.5–7 mm long; leaf margins crenate and often undulate, never entire; post-fire ephemeral"	"Convolvulus pyrophilus"
2	"Corolla 8–30 mm long; leaf margins entire, apart from basal lobes in C. remotus and C. arvensis; perennial herbs"	3
3	"Corolla blue or violet; leaves broadly ovate to suborbicular, basal lobes absent"	"Convolvulus sabatius subsp. mauritanicus"
3	"Corolla pink or white; leaves broadly to narrowly ovate, oblong, narrowly triangular to linear, basal lobes present"	4
4	"Stems ±quadrangular, or rare narrowly winged, ± glabrous or with an indumentum ± spreading hairs; outer sepals distinctly narrower then inner, corolla 15–30 mm; basal leaf lobes always entire"	"Convolvulus arvensis"
4	"Stems terete, with an indumentum of mostly appressed hairs; outer sepals not distinctly narrower then inner, corolla 8–18 mm long; basal leaf lobes not always entire, may possess ascending secondary lobes"	"Convolvulus remotus"
5	"Fruiting pedicel recurved"	6
5	"Fruiting pedicel not recurved"	7
6	"Leaves 10–65 mm long, central lobe margin mostly entire, ascending secondary lobes when present usually do not exceed ½ length of the central lobe; petioles 2–20 mm long; pedicels 3–23 mm long; corolla 8–21 mm long; sepals 3.5–6.5 mm; seeds 2.9–4 mm long, brown, with wavy, ± anastomosing ridges and ± continuous narrow wings"	"Convolvulus angustissimus"
6	"Leaves up to 25 mm, though most less than 15 mm, central lobe margin often coarsely crenate, shallow to deeply lobed, ascending secondary lobes when present more than ½ length of the central lobe; petioles 2–10(–12) mm; pedicels 2–6 mm long; corolla 5–7 mm long; sepals 3–4 mm; seeds 2.5–3.5 mm long, brown to dark brown, with fine dense anastomosing ridges and a discontinuous wing"	"Convolvulus recurvatus subsp. Nullarborensis"
7	"Leaves of the same plant often strongly dimorphic, leaf margin coarsely crenate, laciniate to deeply lobed, ascending secondary lobes often exceed ½ length of central lobes; sepals 3.5–5.5 mm with mostly spreading or ascending hairs; corolla 6–9(–10) mm long; seeds 2.5–3.5 mm long, chubby, less 1.5 long as wide, with ridges and tubercles of unevenly distributed tufts of dense partly fused hair-like structures"	"Convolvulus clementii"
7	"Leaves generally not strongly dimorphic, central lobe margin mostly entire, when present ascending secondary lobes rarely exceed ⅓ of the central lobe length; sepals 4–7 mm with mostly appressed hairs, rarely spreading; corolla 8–18 mm long; seeds 3–4.8 mm long, elongated, more 1.5 long as wide, with a fine to nearly smooth pattern of low irregular tubercles and ridges (rarely with spongy outgrowth towards outer margins)"	"Convolvulus remotus"
