from	statement	to
1	"Spikelet blunt at apex"	2
1	"Spikelet narrowed to pointed at apex"	5
2	"Lowest floret lemma hairy on lower margin"	3
2	"Lowest floret lemma glabrous on margin"	4
3	"Awns much longer than spikelets"	"Chloris virgata"
3	"Awns shorter to slightly longer than spikelets"	"Chloris gayana"
4	"Spikelet 3-flowered"	"Chloris inflata"
4	"Spikelet 2-flowered"	"Chloris truncata"
5	"Lemma 1-awned"	"Chloris pectinata"
5	"Lemma 3-awned"	6
6	"Lemma awns subequal, the central slightly longer"	"Chloris lobata"
6	"Lemma awns very unequal"	"Chloris pumilio"
