from	statement	to
1	"Petiole, peduncle, pedicel and calyx glabrous"	2
1	"Petiole, peduncle, pedicel and calyx puberulous-pubescent or pubescent-tomentose"	"Clerodendrum floribundum var. floribundum"
2	"Leaf blades cordate-subcordate, ovate or almost truncate at the base, coriaceous; inflorescence very lax"	"Clerodendrum floribundum var. coriaceum"
2	"Leaf blades ovate, lanceolate or narrow elliptic-lanceolate, rounded or cuneate towards the base, chartaceous or subcoriaceous; inflorescence semi-lax"	3
3	"Leaf blades ovate, rounded or very broadly narrowing towards the base, generally 35–90 mm wide"	"Clerodendrum floribundum var. ovatum"
3	"Leaf blades lanceolate or narrowly elliptic-lanceolate, long cuneate towards the base, generally 15–30 mm wide"	"Clerodendrum floribundum var. angustifolium"
