from	statement	to
1	"Annuals or short-lived perennials, monoecious; fruiting bracteoles almost totally united, spongy or (in one species) dorsiventrally flattened and with broad vertical wings; appendages (other than wings) absent"	2
1	"Annuals, perennials, or shrubs; fruiting bracteoles free or united, not spongy though sometimes with spongy appendages; wings absent"	8
2	"Bracteoles globular, ellipsoidal, or obovoid; wing-like appendages absent"	3
2	"Bracteoles variously shaped bearing one or two horizontal to vertical wing-like appendages (sometimes very narrow)"	4
3	"Leaves sessile or shortly petiolate; bracteoles broadly ellipsoidal to globular, 4–6 mm long, rarely to 8 mm"	"Atriplex spongiosa"
3	"Leaves conspicuously petiolate; bracteoles globular to obovoid, 8–12 mm long"	"Atriplex holocarpa"
4	"Fruiting bracteoles and vertical wings at right angles to each other, giving the fruit a four-winged appearance; wings and bracteoles entire, dentate or lacinate"	"Atriplex canescens"
4	"Fruiting bracteoles and wings not as above"	5
5	"Tube small, obconical, 1–3 mm high, somewhat compressed"	"Atriplex macropterocarpa"
5	"Tube prominent, 5–12 mm high, either compressed and bordered by decurrent wings or turbinate to globular without decurrent wings"	6
6	"Bracteoles broadly turbinate, cup-shaped, or subglobular; wing more or less horizontal"	7
6	"Bracteoles compressed; wings erect or spreading, decurrent down tube"	"Atriplex lindleyi"
7	"Bracteoles subglobular; upper surface curved; wing narrow, almost horizontal; leaves narrowly elliptic to narrowly obovate, acute"	"Atriplex lindleyi"
7	"Bracteoles turbinate to cup-shaped; upper surface flat; wing prominent, horizontal, thin; leaves rhombic to orbicular"	"Atriplex codonocarpa"
8	"Annuals with slender, ribbed stems; leaves herbaceous, flat, with open venation"	9
8	"Perennial herbs or shrubs; leaves with closed dark green reticulate venation"	10
9	"Fruiting bracteoles sub-orbicular, c. 10 mm long, thin, reticulate, or bracteoles absent and perianth present; erect plant with triangular leaves"	"Atriplex hortensis"
9	"Fruiting bracteoles deltoid to rhomboid, 3–6 mm long, thickened with age and sometimes tuberculate"	"Atriplex prostrata"
10	"Perennial herbs or shrubs, predominantly dioecious; glomerules of male flowers spicate or paniculate"	11
10	"Perennial herbs, monoecious; glomerules of male flowers axillary or spicate"	26
11	"Bracteoles with slender stipe, reniform or semicircular, entire"	12
11	"Bracteoles with a thick stipe or sessile to subsessile"	13
12	"Bracteole appendages absent; leaves elliptic to broadly elliptic, 0.5–1 cm long, entire"	"Atriplex stipitata"
12	"Bracteole appendages reniform, inflated, c. half width of valve; leaves oblanceolate, c. 2 cm long, distantly toothed"	"Atriplex quinii"
13	"Leaves large; lamina c. 5 cm or more long, thick; bracteoles sessile or with a short hard turbinate stipe; tubercular or verrucose processes often present on bracteoles"	14
13	"Leaves mostly 0.5–3 cm long; bracteoles not as above"	16
14	"Female flowers paniculate, terminal"	"Atriplex isatidea"
14	"Female flowers axillary"	15
15	"Female flowers in axillary clusters"	"Atriplex cinerea"
15	"Female flowers solitary, axillary (often present in small numbers on plants with mostly male flowers)"	"Atriplex yeelirrie"
16	"Bracteoles with bladder-like appendages, occasionally absent in A. vesicaria"	17
16	"Bracteoles without appendages, or with two slender antler-like appendages"	19
17	"Decumbent or spreading shrub; leaves narrowly elliptic, c. 1 cm long; bracteoles thin, orbicular, each with an inflated appendage"	"Atriplex hymenotheca"
17	"Erect shrub; leaves narrowly to broadly elliptic to obovate, sometimes broadly so"	18
18	"Small, dense, rounded shrub c. 30 cm high; leaves narrowly elliptic, boat-shaped, thick, c. 8 mm long; bracteoles deltoid-cordate, c. 5 mm long on a short thick stipe; appendages inflated, sometimes verrucose or divided in two"	"Atriplex nana"
18	"Erect or decumbent shrub; leaves flat, elliptic to obovate; bracteoles sessile or shortly stipitate"	"Atriplex vesicaria"
19	"Leaves entire"	20
19	"Leaves dentate or denticulate"	25
20	"Female flowers in terminal panicles"	21
20	"Female flowers axillary"	22
21	"Leaves bluish; bracteoles cordate, apex obtuse or rounded; valves thin, sometimes with 2 antler-like appendages at base"	"Atriplex bunburyana"
21	"Leaves greenish grey; bracteoles cordate to deltoid, acute, without antler-like appendages"	"Atriplex paludosa"
22	"Plant monoecious, decumbent; leaves glabrous above"	"Atriplex hypoleuca"
22	"Plant dioecious or subdioecious; leaves scurfy or scaly on both surfaces"	23
23	"Fruiting bracteoles 4.5-10 mm long"	24
23	"Fruiting bracteoles 1.5-2 mm long"	"Atriplex eremitis"
24	"Fruiting bracteoles broadly fan-shaped, 4.5-7 mm long"	"Atriplex yeelirrie"
24	"Fruiting bracteoles obovoid, broadly deltoid to rhomboid, 4.5-10 mm long"	"Atriplex cinerea"
25	"Leaves elliptic to oblong, often shortly hastate, remotely denticulate, often glabrescent above; bracteoles somewhat rhomboid, biconvex, hard all over or with short papery valves"	"Atriplex amnicola"
25	"Leaves deltoid to cordate, broadly elliptic or orbicular"	"Atriplex nummularia subsp. spathulata"
26	"Fruiting bracteoles free to near base"	27
26	"Bracteoles from half to nearly entirely united"	30
27	"Bracteoles fan-shaped to reniform, unequal"	"Atriplex eardleyae"
27	"Bracteoles not as above"	28
28	"Bracteoles prominently lobed"	"Atriplex quadrivalvata var. quadrivalvata"
28	"Bracteoles entire or the margin sinuate or toothed"	29
29	"Leaves 3–6 mm long; bracteoles 2–3 mm long"	"Atriplex exilifolia"
29	"Leaves 5–40 mm long; bracteoles in all c. 5 mm long"	"Atriplex semibaccata"
30	"Bracteoles cylindrical or with a cylindrical tube"	31
30	"Bracteoles flattened to biconvex, without a cylindrical tube"	32
31	"Bracteoles 4–6-lobed at apex, the lobes horn-like, fan-shaped, or reduced to small teeth"	"Atriplex limbata"
31	"Bracteoles acute to rounded or truncate"	"Atriplex leptocarpa"
32	"Bracteoles with dorsal appendages"	33
32	"Bracteoles without dorsal appendages"	37
33	"Bracteole appendages numerous, verrucose, papillose or spiny"	34
33	"Bracteole appendages 1–4, or few and flattened or inflated"	35
34	"Appendages needle-like"	"Atriplex spinulosa"
34	"Appendages blunt, verrucose or papillose"	"Atriplex flabelliformis"
35	"Appendages distinct, tuberculate, papillose, or slender"	"Atriplex elachophylla"
35	"Appendages inflated, foliaceous, or spiny (and usually united towards base)"	36
36	"Flower-clusters arranged in spikes; bracteoles equal; appendages spiny and arranged in a semicircle on both valves"	"Atriplex semilunaris"
36	"Flowers axillary; appendages foliaceous or inflated on both margins of only one side of bracteoles"	"Atriplex eardleyae"
37	"Bracteoles stipitate"	38
37	"Bracteoles sessile or appearing so"	39
38	"Bracteoles deltoid to rhomboid, flattened, reticulate; leaves glabrescent above"	"Atriplex semibaccata"
38	"Bracteoles swollen at least in part"	"Atriplex acutibractea"
39	"Bracteoles ± deltoid, prominently reticulate, often red and succulent when fresh; plant prostrate or decumbent"	"Atriplex semibaccata"
39	"Bracteoles variously shaped, not succulent"	40
40	"Erect divaricately branched plant with deeply concave clasping leaves"	"Atriplex cryptocarpa"
40	"Prostrate to erect; leaves not clasping"	41
41	"Plant prostrate; leaves 2–6 mm long; bracteoles 1–1.5 mm long"	"Atriplex pumilio"
41	"Plant decumbent to erect; leaves and bracteoles longer than above"	42
42	"Bracteoles oblong with somewhat swollen tube"	"Atriplex acutibractea"
42	"Bracteoles compressed and rhomboid to deltoid or swollen and rounded at apex"	43
43	"Bracteoles swollen, rounded at apex"	"Atriplex muelleri"
43	"Bracteoles compressed, rhomboid to deltoid"	44
44	"Leaves coarsely serrate, sparsely scurfy above and below; bracteoles scurfy-pubescent"	"Atriplex suberecta"
44	"Leaves sinuate-dentate to entire, scurfy below, glabrescent above"	"Atriplex semibaccata"
