from	statement	to
1	"Leaves c. 3 mm long; intricately branched spinescent shrubs"	2
1	"Leaves more than 3 mm long, or plant not spinescent"	3
2	"Stamens woolly at base; seed radially verruculose"	"Rhagodia acicularis"
2	"Stamens glabrous; seed smooth to minutely granular"	"Rhagodia ulicina"
3	"Perianth glabrous or almost so"	4
3	"Perianth mealy"	5
4	"Leaves linear to narrowly or broadly obovate, scurfy below"	"Rhagodia preissii"
4	"Leaves narrowly elliptic, mealy with minute spherical or saucer-shaped vesicular hairs, rarely glabrous"	"Rhagodia baccata"
5	"Leaves becoming scaly and covered with a silvery sheen; staminodes present in female flowers"	6
5	"Leaves mealy with spherical to irregular vesicular hairs or glabrous, not becoming scaly or covered by a sheen"	7
6	"Leaves flat, papery or slightly fleshy"	"Rhagodia candolleana subsp. candolleana"
6	"Leaves fusiform or semiterete, fleshy"	"Rhagodia crassifolia"
7	"Indumentum of spherical or saucer-shaped vesicular hairs"	8
7	"Indumentum of irregular vesicular hairs"	10
8	"Leaves oblong to narrowly elliptic, c. 30 mm long, glabrous above, sparsely mealy below"	"Rhagodia baccata"
8	"Leaves elliptic to deltoid or circular"	9
9	"Leaves narrowly elliptic; lamina mostly 7–10 mm long; female flowers lacking both disc and staminodes; seed almost smooth"	"Rhagodia drummondii"
9	"Leaf shape variable; lamina mostly 5–20 mm long; lateral female flowers with disc and often staminodes; seed prominently reticulate"	"Rhagodia spinescens"
10	"Leaves broadly obovate to orbicular or obtusely hastate, flat; inflorescence pyramidal"	"Rhagodia latifolia"
10	"Leaves linear to elliptic or oblong-elliptic"	11
11	"Leaves semiterete, somewhat fleshy; panicle narrow, often racemose"	"Rhagodia latifolia"
11	"Leaves elliptic to ovate"	12
12	"Leaves ovate or oblong-ovate, c. 15 mm long, sparsely mealy below with minute hairs; flowers in dense slender spikes sometimes paniculately arranged; staminodes usually absent"	"Rhagodia eremaea"
12	"Leaves elliptic, 10–20 mm long, densely mealy below; flowers in panicles"	"Rhagodia baccata"
