from	statement	to
1	"Branches spinescent; leaves up to 7 mm long"	"Hovea acanthoclada"
1	"Branches not spinescent; leaves all or mostly more than  7 mm long"	2
2	"Leaves flat or with slightly recurved margins"	3
2	"Leaves flat +/- linear, margins much revolute"	5
3	"Leaves prickly-tothed; upper stamen filament free"	"Hovea chorizemifolia"
3	"Leaves entire or slightly crisped"	4
4	"Tall shrub or tree 1.5-3 m; calyx lower lobes fully half as long as upper lobes; ovules always 2 per ovary"	"Hovea elliptica"
4	"Low trailing shrub to 60 cm; calyx lower lobes very small; ovules 2-7 per ovary"	"Hovea trisperma"
5	"Leaves shortly petiolate, obtuse with pungent mucrone"	"Hovea stricta"
5	"Leaves sub-sessile, tapering to pungent point, often inserted almost at right angles to the stem"	"Hovea pungens"
