from	statement	to
1	"Fruit of four 1-seeded mericarps"	2
1	"Fruit of two pyrenes, or by abortion only one"	3
2	"Corolla salverform; style more than 3 times length of ovary; calyx often greatly lengthened, ±contorted; pericarp extended basally producing a cavity; mericarps separating tardily"	"Glandularia: Glandularia aristigera"
2	"Corolla funneliform; style less than 3 times length of ovary; calyx not contorted; pericarp not extended basally; mericarps separating readily"	Verbena
3	"Stamens 2, with a posterior pair of staminodes"	Stachytarpheta
3	"Stamens 4"	4
4	"Calyx rim truncate or shallowly toothed; corolla 4- or 5-lobed; fruit a drupe"	Lantana
4	"Calyx rim 2–4-cleft or conspicuously toothed; corolla 4-lobed, or in Phyla, corolla 2-lipped with lower lip 3-lobed and upper lip entire or 2-lobed; fruit small, dry, with a hard and thin or papery covering"	Phyla
