from	statement	to
1	"Inflorescences umbellate or rarely very shortly racemose, 3–12-flowered; plants prostrate, not scrambling or twining"	"Kennedia coccinea subsp. esotera"
1	"Inflorescence shortly racemose, (7–)13–30+-flowered; plants twining, scrambling or prostrate"	2
2	"Plants twining, scrambling or rarely prostrate; stigma capitate; apex of keel petal rounded; occurs on gravels, loams or sands in forested areas"	"Kennedia coccinea subsp. coccinea"
2	"Plants prostrate, scrambling or (very rarely) loosely twining; stigma appendaged; apex of keel petal shortly beaked; occurs on sands in coastal heath"	"Kennedia coccinea subsp. calcaria"
