from	statement	to
1	"Stems and/or leaves with glandular hairs 0.2-0.5 mm long, in one species (T. filiobum) sometimes with more numerous simple hairs, all hairs straight and patent"	2
1	"Stems and leaves with non-glanular simple hairs or branched which may be patent, curved or closely pressed to stem, and often also with sessile glands (See also T. fililobum if in Mutadgin-Gnowangerup area as this occassionally has very few glandular hairs)"	4
2	"Stems sparsely covered by minute glandular hairs; leaves obovate or broadly obovate, serrate (Bell Rock Range, NT, SA)"	"Teucrium grandiusculum subsp. grandisculum"
2	"Stems rather densely hairy, the hairs varying from all being glandular to nearly all simle; leaves undivided to deeply divided into obtuse lobes, the whole leaf or divisions linear to narrowly ovate (Muntadgin to Gnowangurup)"	3
3	"Leaves simple, with numerous glandular hairs c. 0.5 mm long (Newdegate to Lake Johnston)"	"Teucrium fililobum subsp. glandular (W. Rogerson 233)"
3	"Leaves mostly deeply divided or if simple then at least some with rudimentary lobes present, with short simple hairs and/or minute glandular hairs c. o.2 mm long (Mutadgin to Gnowangerup)"	"Teucrium fililobum subsp. fililobum"
4	"Leaves simple and entire, linear to ovate"	5
4	"Leaves mostly deeply divided into lobes, the overall outline usually more or less obovate, the lobes often more or less linear"	10
5	"Stems glabrous or with broad retrorse hairs resembling papillae; peduncles prominent, longer than calyx"	6
5	"Stems hairs, very to rather slender, not like papillae; peduncles short"	8
6	"Flowers 2-5 per axil (Kimberley, NT, Qld)"	"Teucrium integrifolium"
6	"Flowers solitary in the axils (Sturt Creek Station, Gascoyne to Reid and Wurburton area, also NT, SA, Qld, NSW)"	7
7	"Stems glabrous; leaves almost glabrous below, with course curved marginal hairs (Sturt Creek Station)"	"Teucrium sp. Sturt Creek (A.A. Mitchell 5536)"
7	"Stems densely covered by retrorse hairs; leaves densely covered by minute closely pressed hairs below and on margins (Gascoyne to Reid and Wurburton area, also NT, SA, Qld, NSW)"	"Teucrium racemosum"
8	"Young stem hairs branched, very fine"	9
8	"Young stem hairs simple, fine to course"	"Teucrium myriocladum"
9	"Flowers in a spike-like inflorescences; calyx lobes with dendritic-hairy outside (Newdegate to Balladonia)"	"Teucrium eremaeum"
9	"Flowers in head-like inflorescences; calyx lobes with dendritic hairs concentrated on the margins"	"Teucrium sp. Hutt River (W.H. Butler 54)"
10	"Stems with hairs mostly closely pressed to the stem"	11
10	"Stems with rather course simple hair or branched hairs remaining patent or curved downwards"	12
11	"Stems with course T-shaped hairs; leaves very pale grey-green"	"Teucrium pilbaranum"
11	"Stems with very fine branched hairs, the branches becoming rather closely pressed against the stem; leaves grey-green at first becoming darker green (Fraser Range to Cape Arid National Park to Caiguna)"	"Teucrium sp. Balladonia (K.R. Newbey 7380)"
12	"Leaves less than 5 mm long; flowers small"	"Teucrium diabolicum"
12	"Leaves more than 5 mm long; flowers moderately large"	13
13	"Young sems rather densely covered by simple hairs; leaves deeply divided from near the base into more or less linear lobes (Southern Cross to Fraser Range to Kumarl)"	"Teucrium sp. Norseman (T.E.H. Aplin 1851)"
13	"Young stems largely glabrous, the hairs often branched; leaves variable, shallowly to deeply divided bur only deeply divided in the upper half (Dalwalinu to Kalgoorlie to Fraser range, SA & Vic)"	"Teucrium sessiliflorum"
