from	statement	to
1	"Climbers or scandent shrubs"	Cyathostemma
1	"Trees or shrubs, not scandent"	2
2	"Fruit syncarpous carpels with one basal ovule"	"Annona: Annona reticulata"
2	"Fruit of free apocarps, few to many; ovules marginal"	3
3	"Outer petals sepaloid, markedly different in shape and colour from inner petals"	"Miliusa: Miliusa brahei"
3	"Outer petals not sepaloid, similar in shape and colour but may be larger or smaller than inner petals"	4
4	"Ovules 1, fruit 1-seeded"	"Monoon: Monoon australe"
4	"Ovules 3-9, fruit mostly several-seeded"	"Meiogyne: Meiogyne cylindrocarpa"
