from	statement	to
1	"Ovary hairy but in most species surrounded (and often hidden at first) by a glabrous disc. Schizocarp hairy above the disc"	2
1	"Ovary (only summit visible) glabrous. Fruit glabrous, partially or fully enclosed in the floral tube, which is also glabrous"	11
2	"Indumentum of simple hairs, the young stems and upper surface of leaves rather sparsely hairy, the lower surface of leaves densely hairy. Disc densely papillose"	"Trymalium angustifolium"
2	"Indumentum of long simple hairs and short stellate hairs, the young stems and leaves densely hairy throughout or the upper surface of leaves glabrous to sparsely hairy. Disc glabrous or stellate-hairy"	3
3	"Stipules persistent in a dense arrangement on the branchlets after leaves shed. Leaves small, less than 10 mm long"	4
3	"Stipules usually deciduous, if persistent then not densely arranged. Leaves large, over 10 mm long"	7
4	"Inflorescence of condensed head-like cymes; pedicels 0.2-0.3 mm long at anthesis. Disc stellate-hairy"	"Trymalium densiflorum"
4	"Inflorescence of elongate cymes; pedicels 0.5-2 mm long at anthesis. Disc glabrous"	5
5	"Leaves linear to narrowly obovate and with revolute margins. Schizocarp between half and three-quarters inferior"	"Trymalium daphnifolium"
5	"Leaves narrowly obcordate to obovate and folded inwards. Schizocarp fully or almost fully inferior"	6
6	"Spinescent branchlets absent. Leaves 4.5-12.5 x 1.5-4 mm"	"Trymalium myrtillus subsp. myrtillus"
6	"Spinescent branchlets numerous. Leaves2.5-4.5x1-1.5mm"	"Trymalium myrtillus subsp.pungens"
7	"Inflorescence very hairy; pedicels with many hairs 0.4-0.7 mm long; sepals villous throughout without any small hairs visible, the long terminal hairs extending 1-1.5 mm beyond the apex"	"Trymalium venustum"
7	"Inflorescence not so obviously hairy; pedicels with short hairs alone or also with scattered hairs 0.2-0.4 mm long; sepals almost glabrous or with short hairs, sometimes also with long hairs extending up to 0.6 mm beyond apex"	8
8	"Leaves obovate or narrowly obovate; lower surface with long antrorse hairs; upper surface shiny, either completely glabrous or with a row of hairs on the deeply indented midvein. (Sepals densely hairy, the indumentum similar to that of floral tube.)"	"Trymalium spatulatum"
8	"Leaves narrowly ovate to more or less circular or (in T. litorale) sometimes obovate or broadly so; lower surface with minute hairs or with a mixture of long patent hairs and minute hairs; upper surface usually rather dull, hairy throughout or with rows of hairs on the indented midvein and usually also on the main lateral veins"	9
9	"Leaves narrowly to very broadly ovate or more or less circular; upper surface largely glabrous or with scattered long patent simple hairs. Sepals usually either distinctly less densely hairy than floral tube or with short hairs mixed with long hairs which protrude 0.3-0.6 mm from the sepal apex"	10
9	"Leaves ovate-elliptic to obovate or broadly so; upper surface with a dense indumentum of short stellate hairs. Sepals with a similar short indumentum to that of the floral tube"	"Trymalium litorale"
10	"Leaves narrowly ovate or ovate, 12-50(95) mm long, usually obtuse, with scattered long patent hairs on upper surface. Stigmatic lobes 2 in all or most flowers"	"Trymalium floribundum subsp. floribundum"
10	"Leaves narrowly ovate to almost circular, (20)35-130 mm long, usually acute to attenuate, usually glabrous above except on the main veins, if hairy then usually broadly ovate to circular. Stigmatic lobes 3 in all or most flowers"	"Trymalium floribundum subsp. trifidum"
11	"Leaves narrowly obcordate to broadly obtriangular, with margins flat or incurved at maturity. Floral tube constricted below apex in fruit and extended slightly above the fully inferior fruit"	12
11	"Leaves linear to oblong-elliptic, with margins somewhat recurved to revolute at maturity. Floral tube not constricted in fruit and exceeded or equalled in length by the half-inferior to fully inferior fruit"	13
12	"Leaves entire, hairy. Fruit terete, 3-seeded"	"Trymalium urceolare"
12	"Leaves distally toothed, glabrous. Fruit trigonous, 1-seeded"	"Trymalium monospermum"
13	"Leaves 2-5 mm long. Fruit c. two-thirds inferior, erect or spreading, regularly dehiscent into three equal parts. Monocarps coriaceous to brittle at maturity; inner surface finely reticulate, not ridged"	"Trymalium elachophyllum"
13	"Leaves 8-40 mm long. Fruit usually fully inferior (except in T. ledifolium var. ledifolium), pendulous, irregularly dehiscent. Monocarps very hard at maturity; inner surface prominently ridged, with large deep lacunae"	14
14	"Plants growing close to the coast on limestone, tending to become multistemmed. (Leaves 18-40 x 1.5-8 mm.)"	"Trymalium ledifolium var. ledifolium"
14	"Plants usually growing on clay or sand, often on granite or laterite but not on limestone, usually or always single-stemmed"	15
15	"Leaves 14-38 x 0.7-2.5 mm, long-linear, with revolute margins meeting or nearly meeting on the undersurface"	"Trymalium ledifolium var. lineare"
15	"Leaves 8-37 x 1-6 mm, usually narrowly obovate to almost elliptic, rarely linear, usually with recurved margins, if with revolute margins then these usually not meeting on the undersurface"	"Trymalium ledifolium var. rosmarinifolium"
