from	statement	to
1	"Ovary with 2 locules, each with 1 or 2 ovules; leaves club-shaped and with straight appressed hairs"	"Kunzea eriocalyx"
1	"Ovary with 5, rarely 3 locules, each with 6 or more ovules; leaf lamina linear, elliptic or if oblanceolate then ± flat and with tomentum varying, but if somewhat club-shaped then with ± coiled hairs"	2
2	"Young leaves on long shoots hairy on both surfaces"	3
2	"Young leaves on long shoots glabrous on adaxial surface"	12
3	"Hypanthium and calyx lobes glabrous"	"Kunzea dracopetrensis"
3	"Hypanthium and calyx lobes densely hairy, at least when young"	4
4	"Hairs on leaves and branches coiled"	5
4	"Hairs on leaves and branches straight or irregularly twisted"	6
5	"Leaves club-shaped, (2.8–)3.5–6.4(–7.3) mm long"	"Kunzea cincinnata"
5	"Leaves linear-elliptic, dorsiventrally compressed, 2.1–3.2 mm long"	"Kunzea cincinnata × K. jucunda"
6	"Ovary 3-locular; calyx lobes pointed; leaves glabrescent or less densely hairy adaxially than abaxially"	7
6	"Ovary 5-locular; calyx lobes bluntly acute to rounded and leaves with varying tomentum, but if the former pointed, then leaves ± densely hairy on both surfaces"	8
7	"Bracteoles 3.2–3.5(–3.7) mm long, hidden"	"Kunzea similis subsp. similis"
7	"Bracteoles 3.8–4.2(–4.4) mm long, apex exposed"	"Kunzea similis subsp. mediterranea"
8	"Hairs on adaxial surface of leaves shorter and fewer than on abaxial surface"	9
8	"Hairs on both leaf surfaces equally long and dense"	10
9	"Bracts shorter than half the hypanthium; leaf lamina linear-oblanceolate to club-shaped (0.5–)0.6–0.8(–1.1) mm broad; tomentum on branches and leaves appressed (strigose)"	"Kunzea strigosa"
9	"Bracts usually longer than half, and usually as long as, the hypanthium; leaf lamina oblong-elliptic to oblanceolate (0.8–)1.0–1.3(–1.6) mm broad; tomentum on branches and leaves loosely appressed (pubescent)"	"Kunzea preissiana"
10	"Bracts acute to acuminate, densely covered with spreading hairs; hairs on leaves and inflorescence 0.4–1.2 mm long"	11
10	"Bracts rounded rarely with bluntly acute or mucronate apex, with hairs dense to becoming patchy and ± appressed; hairs on leaves and inflorescence 0.15–0.25 mm long"	"Kunzea micromera × K. preissiana"
11	"Leaf lamina (broader) (1.2–)1.5–2.2(–2.6) mm broad; calyx lobes acute to pointed"	"Kunzea acicularis"
11	"Leaf lamina (narrower) (0.8–)1.0–1.3(–1.6) mm broad; calyx lobes obtuse to rounded unless folded lengthwise"	"Kunzea preissiana"
12	"Calyx lobes acute to acuminate, rarely folded"	13
12	"Calyx lobes bluntly acute to rounded unless folded"	14
13	"Hypanthium, calyx lobes and bracts glabrous"	"Kunzea pauciflora"
13	"Hypanthium, calyx lobes and bracts hairy"	"Kunzea acuminata"
14	"Hypanthium and calyx lobes glabrous"	15
14	"Hypanthium and/or calyx lobes glabrescent (tomentum of calyx often varying from lobe to lobe)"	17
15	"Young branches with long appressed hairs"	16
15	"Young branches glabrous or with a few spreading hairs"	"Kunzea jucunda"
16	"Leaf lamina linear; bracts usually beaked or acute"	"Kunzea affinis"
16	"Leaf lamina elliptic; bracts rounded rarely mucronate"	"Kunzea affinis × K. jucunda"
17	"Bracts rounded, rarely mucronate; leaf lamina (1.5–)2–2.5(–3) times longer than broad"	"Kunzea jucunda × K. preissiana"
17	"Bracts acute to acuminate to cuspidate; leaf lamina (3–)4–6(–8) times longer than broad"	"Kunzea strigosa"
