from	statement	to
1	"Lemma muticous or awn variously reduced to a minute point or a straight to curved or weakly geniculate bristle"	2
1	"Lemma awn well developed and strongly geniculate"	3
2	"All spikelets with a pedicel 4 mm long or more"	"Lachnagrostis nesomytica"
2	"Some spikelets with a pedicel less than 4 mm long"	"Lachnagrostis billardierei subsp. billardierei"
3	"Lemma with hairs"	4
3	"Lemma without hairs"	"Lachnagrostis billardierei subsp. billardierei"
4	"Lemma awn inserted within 10–20 (–25)% of lemma length from base"	"Lachnagrostis plebeia"
4	"Lemma awn inserted 25% or more of lemma length from base"	5
5	"Inflorescence and spikelets not entirely as above"	6
5	"Inflorescence a loosely contracted and dense panicle with branches floriferous from within 2.5 cm of bases; spikelets 5–8 mm long"	"Lachnagrostis drummondiana"
6	"Inflorescence distinctly purple or becoming so with maturity, soon divaricate/spreading"	7
6	"Inflorescence remaining green or sometimes with a purplish cast/flecking but never distinctly purple, sometimes becoming divaricate/spreading in late maturity"	8
7	"Spikelets < 3 mm long; lemma with scattered hairs"	"Lachnagrostis nesomytica"
7	"Spikelets > 3 mm long; lemma densely hairy"	"Lachnagrostis aemula"
8	"Awn column > 0.5 mm wide; plants often spindly with very fine, long-attenuate leaves"	"Lachnagrostis preissii"
8	"Awn column < 0.5 mm wide; plants usually vigorous with thin to broad leaves"	"Lachnagrostis filiformis"
