from	statement	to
1	"Flowers solitary"	"Microcybe ambigua"
1	"Flowers clustered"	2
2	"Leaves subterete due to revolute margins, minutely and sparsely scabridulous and glandular-punctate"	"Microcybe pauciflora"
2	"Leaves subterete to narrowly oblong, deltate, or ovate, glandular-punctate to glandular-verrucose, otherwise smooth"	3
3	"Leaves spreading to divaricate to erect; petals glabrous or sparsely stellate-ciliate"	"Microcybe multiflora"
3	"Leaves spreading or reflexed; petals sparsely silvery-stellate-lepidote"	"Microcybe albiflora"
