from	statement	to
1	"Pericarp horny all over; testa smooth and glossy; fruitlets ± obscured"	2
1	"Pericarp crustaceous at apex, membranous below; testa faintly reticulate, dull; fruitlets not obscured by bracts"	"Tecticornia indica subsp. julacea"
2	"Plant decumbent or prostrate; articles ± corky with age, truncate, eciliate"	"Tecticornia indica subsp. indica"
2	"Plants ± erect; articles often lobed, ± ciliolate, cortical tissue shrivelling with age"	3
3	"Spike cylindrical or ellipsoidal; lowest ring of bracts small; vegetative articles truncate or shallowly lobed"	"Tecticornia indica subsp. leiostachya"
3	"Spike ovoid; lowest ring of bracts large and deeply lobed; vegetative articles deeply lobed"	"Tecticornia indica subsp. bidens"
