from	statement	to
1	"Perennial herbs, commonly 1.5-2 m high; stems 2.5-6mm wide, if 2.5-3 mm wide then leaf sheaths prominently winged; nut smooth"	2
1	"Annual or slender perennial herbs, up to 0.8 m high; stems 0.2-3 mm wide; leaf sheaths not or sometimes narrowly winged; nut usually with longitudinal rows of pits or tuberculate or ridged, rarely smooth"	4
2	"Leaf sheaths with wings 2-5 mm wide; contraligule 1-2 mm long, glabrous; nut ovoid or broadly ovoid, 3.5-4.5 mm long, glabrous"	"Scleria psilorrhiza"
2	"Leaf sheaths not winged; contraligule either 5-10 mm long or densely ciliate; nut very broadly ovoid or globular, 2-2.5 mm long, minutely hairy"	3
3	"Contraligule 0.5-1.5 mm long, densely ciliate; anthers ca 1.3 mm long; nut white and usually tinged purple"	"Scleria polycarpa"
3	"Contraligule 5-10 mm long, glabrous; anthers ca 2 mm long; nut white"	"Scleria lingulata"
4	"Plants 0.1-0.8 m high; contraligules 0.5-3 mm long or, if absent, then truncate orifice of sheath densely hairy; nut-bearing glumes 3 or more"	5
4	"Plants 20-70 mm high; contraligule absent, the sheath orifice glabrous; nut-bearing glumes 2"	8
5	"Perennial herb, with a stout rhizome; anthers ca 2.5 mm long"	"Scleria brownii"
5	"Annual herbs; anthers0.5-1.5 mm long"	6
6	"Stamens 2 or 3; anthers 1-1.5 mm long; stipe scar deeply 3-lobed; disc more or less triangular, thin, flat"	"Scleria novae-hollandiae"
6	"Stamen 1; anther 0.5-0.7 mm long; stipe scar more or less triangular; disc 3-lobed, the lobes very thick and concave on outer surface"	7
7	"Leaf sheaths not winged; blade 9-20 x ca 1 mm; female spikelets ca 3 mm long; nut with 3 prominent ridges of tubercles and further tubercles in between"	"Scleria sp. B Kimberley Flora (C.R. Dunlop 5409)"
7	"Leaf sheaths usually narrowly winged; blade 6-300 x 0.7-5 mm; female spikelets 4-6 mm long; nut without prominent ridges, tuberculate or pitted or largely smooth"	"Scleria rugosa"
8	"Primary bracts spreading, 6-25 x 1-2.5 mm; fruiting peduncle prominently swollen below nut-bearing glumes; nut greyish, globular, with 3 longitudinal ridges each with a prominent basal swelling, tuberculate between the ridge"	"Scleria pygmaea"
8	"Primary bracts erect, 15-30 x 0.1-0.7 mm; fruiting peduncle scarcely enlarged; nut brown, ovoid to ellipsoid, with many longitudinal ridges or rarely smooth, with only slight basal swellings, not tuberculate"	"Scleria sp. C Kimberley Flora (K.F. Kenneally 4873)"
