from	statement	to
1	"Leaves palmately lobed to near the base but not palmately compound"	"Distimake dissectus"
1	"Leaves palmately compound with 3–5 leaflets"	2
2	"Leaflets 3, outer leaflets with a secondary lobe, so appearing 5, leaflets undulate to occasionally toothed; sepals glabrous, 12–15 mm long, sub- equal, acute"	"Distimake kimberleyensis"
2	"Leaflets 5, entire"	3
3	"Plant with dense stellate indumentum"	"Distimake davenportii"
3	"Plant glabrous or with simple hairs"	4
4	"Outer sepals glabrous, 7–10 mm long, obtuse, much shorter than the inner; corolla 3–5 cm long"	"Distimake quinatus"
4	"Outer sepals patently hirsute, 12–25 mm long, acute or acuminate, slightly longer than the inner; corolla 2–3.5 cm long"	"Distimake aegyptius"
