from	statement	to
1	"Stigmas much expanded, sagittate; leaves becoming markedly recurved"	"Hemiphora uncinata"
1	"Stigmas small, capitate; leaves usually not recurved or becoming recurved only near the apex"	2
2	"Upper stamens exserted; lower stamens reduced to much shorter staminodes, with a glabrous filament"	"Hemiphora elderi"
2	"Upper stamens included; lower stamens usually fertile, if reduced to staminodes then hairy on basal half of filament"	3
3	"Dendritic hairs on leaves with fairly erect branches; fruit lop-sided, one side abortive, indehiscent"	"Hemiphora bartlingii"
3	"Dendritic hairs on leaves with mostly horizontal branches;  fruit separating into two equal fruitlets"	4
4	"Stem hairy but soon becoming glabrous; upper leaves hairy on undersurface; style and stamens prominently exserted"	"Hemiphora exserta"
4	"Stem very densely hairy; upper leaves very densely hairy; style and stamens scarcely exserted"	"Hemiphora lanata"
