from	statement	to
1	"Rhizome herbaceous, monopodially branching; roots fleshy; leaf sheath persisting after blade is shed; fruit indehiscent"	2
1	"Rhizome stiff to woody, sympodially branching; roots stiff or wiry; leaf sheath and blade shed together; viviparous seedlings"	4
2	"Leaf blade linear, flat; longitudinal veins conspicuous; flowers solitary"	3
2	"Leaf blade terete; longitudinal veins inconspicuous; many flowers in cymose spike-like inflorescences"	"Syringodium: Syringodium isoetifolium"
3	"Leaf blade with 7 or more longitudinal veins; roots branched; anthers attached at same height; style divided into 2 stigmas"	Cymodocea
3	"Leaf blade with 3 longitudinal veins; roots unbranched; anthers not attached at same height; style undivided"	Halodule
4	"Branched stems arising at irregular rhizome node intervals; roots at every node; leaf apex bidentate; anther with 2 or 3 branched appendages; stigmas 3; viviparous seedling with comb-like grappling apparatus"	Amphibolis
4	"Unbranched or little-branched stems arising at every fourth rhizome node; roots arising at node preceding stem-bearing node; leaf apex rounded, coarsely denticulate; anther with 1 appendage; stigmas 2; viviparous seedling within the enlarged innermost floral bract, lacking comb-like grappling apparatus"	Thalassodendron
