from	statement	to
1	"Specimen sterile"	2
1	"Specimen fruiting"	4
2	"Axillary bulbils present"	"Dioscorea bulbifera"
2	"Axillary bulbils absent"	3
3	"Leaves ovate to triangular, more than 2 cm wide, usually cordate at base"	"Dioscorea transversa"
3	"Leaves linear to narrowly triangular, less than 2 cm wide, usually hastate or rounded at base"	"Dioscorea hastifolia"
4	"Capsule at least twice as long as wide; seeds winged at base"	"Dioscorea bulbifera"
4	"Capsule at least as wide as long; seeds winged all round"	5
5	"Capsule apex usually obcordate; seeds (not including wing) more than 5 mm long"	"Dioscorea transversa"
5	"Capsule apex usually truncate, rarely obcordate; seeds (not including wing) less than 4 mm long"	"Dioscorea hastifolia"
