from	statement	to
1	"Leaves segmented, whether divided or simple and linear"	"Lilaeopsis: Lilaeopsis polyantha"
1	"Leaves not segmented, or absent"	2
2	"Leaves without petiole and entire margins, sometimes reduced to scales or absent"	3
2	"Leaves (at least lower ones) divided, lobed, or if entire then petiolate"	5
3	"Leaves linear (petal apex incurved); sepals round"	"Schoenolaena: Schoenolaena juncea"
3	"Leaves elliptic or lanceolate, or if linear then petal apex spreading; sepal apex pointed if present"	4
4	"Inflorescence surrounded by large bracts; leaves clasping stems"	Bupleurum
4	"Inflorescence with small often scale-like bracts; leaves absent or not clasping stem"	Platysace
5	"Flowers sessile or nearly so in dense heads and surrounded by often coloured bracts of similar size (involucre) and being often larger than flowers or spine-tipped"	6
5	"Flowers stalked in umbels, or if not, then with 1 or few Usually unequal bracts (not spine-tipped and not larger than inflorescences)"	11
6	"Leaves and bracts spine-tipped"	Eryngium
6	"Leaves and bracts without spines"	7
7	"Ovary (or fruit) with 1 chamber and 1 ovule"	Actinotus
7	"Ovary (or fruit) with 2 chambers each with 1 ovule"	8
8	"Fruits irregularly wrinkled"	9
8	"Fruits more or less vertically ribbed"	10
9	"Plants to 200 mm high; leaves simple; involucral bracts and bracteoles ovate, cartilaginous; nectaries free from the styles"	"Chlaenosciadium: Chlaenosciadium gardneri"
9	"Plants to 22 mm high; leaves ternately divided; involucral bracts and bracteoles linear, foliaceous; nectaries adnate to styles"	"Brachyscias: Brachyscias verecundus"
10	"Petals not inflexed; styles thick, constricted at the base"	Pentapeltis
10	"Petals with an inflexed appendage; styles not thickened or constricted at the base"	Xanthosia
11	"Fruits with stiff spines"	Daucus
11	"Fruits without spines, rarely with soft irregular appendages"	12
12	"Inflorescence compound, regularly branched into many-flowered secondary umbels, i.e. dense terminal umbrella-shaped inflorescence"	13
12	"Inflorescence simple, or if branched then irregular and part-inflorescences few-flowered"	20
13	"Lobes of leaves linear and rarely more than 2 mm broad"	14
13	"Lobes of leaves rhombic, ovate, or elliptic"	15
14	"Petals yellow"	"Foeniculum: Foeniculum vulgare"
14	"Petals white"	"Coriandrum:Coriandrum sativum"
15	"Petals yellow"	16
15	"Petals white"	17
16	"Fruits strongly compressed and winged"	"Pastinaca: Pastinaca sativa"
16	"Halves of fruit terete or slightly compressed"	"Petroselinum: Petroselinum crispum"
17	"Leaves pinnate"	18
17	"Leaves bipinnate or tripinnate"	19
18	"Leaflets rhombic in outline, usually trilobed and toothed"	Apium
18	"Leaflets elliptic to lanceolate, serrate or toothed"	"Berula: Berula erecta"
18	"Leaflets divided by 3s into numerous threadlike segments"	"Cyclospermum: Cyclospermum leptophyllum"
19	"Bracts at base of inflorescence many and divided"	"Ammi: Ammi majus"
19	"Bracts at base of inflorescence 5, undivided"	"Conium: Conium maculatum"
20	"Leaves without stipules"	21
20	"Leaves with stipules at the base"	"Centella: Centella asiatica"
21	"Fruit without vertical ridges but often wrinkled, hairy, or with appendages"	22
21	"Fruits with vertical ridges"	24
22	"Ovary (or fruit) with 1 chamber and 1 ovule"	Actinotus
22	"Ovary (or fruit) with 2 chambers each with 1 ovule"	23
23	"Inflorescence among leaves along stem"	"Homalosciadium: Homalosciadium homalocarpum"
23	"Inflorescence in terminal position"	Platysace
24	"Inflorescence simple"	25
24	"Inflorescence branched into secondary umbels with one to several flowers"	26
25	"Halves of fruits with 9 ribs; inflorescence with 1 or few flowers"	Xanthosia
25	"Halves of fruits with 5 marked ribs; inflorescence usually with 10 or more flowers"	Apium
26	"Leaves petiolate, usually compound"	Apium
26	"Leaves sessile, simple, but deeply lobed"	Platysace
