from	statement	to
1	"Pappus bristles 5 per floret"	2
1	"Pappus bristles not 5 per floret"	5
2	"Heads obovoid to very broadly obovoid, rarely ± oblong; outer involucral bracts with stalked, glandular hairs not flat, septate hairs; pappus bristles usually white or pale yellow but sometimes the upper part pink"	"Podotheca wilsonii"
2	"Heads ovoid to narrowly ovoid; bracts glabrous or with flat, septate hairs, sometimes with stalked glandular hairs; pappus bristles white or pale yellow, never pink"	3
3	"Florets inconspicuous, barely exerted above the bracts; anthers 0.40–1.15 mm long"	"Podotheca angustifolia"
3	"Florets conspicuous, exerted well beyond the bracts; anthers 1.24–2.61 mm long"	4
4	"Leaves and bracts at most semi-succulent, dark green or purple; glandular hairs usually present on major axes; outer involucral bracts usually with septate hairs, rarely glabrous"	"Podotheca gnaphalioides"
4	"Leaves and bracts succulent, pale-green, rarely purplish; glandular hairs absent from major axes; outer involucral bracts glabrous"	"Podotheca pritzelii"
5	"Pappus bristles 1 per floret"	"Podotheca uniseta"
5	"Pappus bristles 9–11 per floret"	"Podotheca chrysantha"
