from	statement	to
1	"Seeds surrounded by dense lanate floss (cotton)"	"Gossypium hirsutum"
1	"Seeds glabrous or hairy but not surrounded by dense lanate floss"	2
2	"Leaves isobilateral, major veins of leaves equally raised abaxially and adaxially, distinguishable only by a small nectary on the main vein of the abaxial side of the leaf"	"Gossypium anapoides"
2	"Leaves distinctly dorsiventral, raised veins obvious only on the abaxial surface"	3
3	"Erect shrubs; herbage odoriferous when crushed, glaucous, with raised black tubercles on stems and petioles; bracts of the involucel broadly cordate to narrowly triangular, exceeding calyx; calyx truncate to short-toothed; petals mauve; cotyledons obcordate (sometimes nearly bifid) (section Sturtia)"	4
3	"Erect or decumbent subshrubs; herbage nonodoriferous, glabrate to puberulent or pubescent, punctate but lacking raised tubercles on stems and petioles; bracts of the involucel linear-subulate to filiform, usually shorter than the calyx; calyx 5-lobed; petals mauve or white; cotyledons obtuse or emarginate"	5
4	"Leaves simple; foliar nectaries 1–3, obscure, basal; bracts of the involucel ovate, entire (rarely laciniate); seeds 3–4 mm long; much-branched shrubs, as broad as tall"	"Gossypium sturtianum var. sturtianum"
4	"Leaves deeply 3- to 5-lobed, the lobes ovate-lanceolate, acuminate; foliar nectaries 3–5, often red, prominent, distal; bracts of the involucel triangular to linear-lanceolate (rarely ovate-lanceolate), entire; seeds 4–6 mm long; little-branched shrubs, taller than broad"	"Gossypium robinsonii"
5	"Erect or decumbent subshrubs; foliage finely tomentose to pilose to glabrate; leaves simple, the foliar nectary obscure; peduncles uniflorate, 1–8 cm long, articulated near or below middle; bracts of the involucel erect or reflexed, subulate, usually shorter than the calyx; calyx lobes usually long and broadly foliaceous; capsules glabrous, 3-loculed; seeds glabrous, sometimes with a small aril (section Grandicalyx)"	6
5	"Usually erect subshrubs; foliage finely puberulent; leaves simple, lobed, or shallowly lobed; foliar nectary usually prominent(4–12 mm long), red; inflorescences often multiflorate, sympodial; cleistogamy common; pedicels 1–2 cm long; bracts of the involucel erect, linear to filiform, subequal to calyx; calyx lobes narrowly acuminate; capsules puberulent, 3- to 5-loculed; seeds comose"	"Gossypium australe"
6	"Plants prostrate, the pedicels generally at more or less right angles to the stem"	7
6	"Plants suberect (ascending or reclining) to erect, the pedicels at acute angles to the stem"	8
7	"Stems minutely pilose (rarely glabrate), the hairs simple, erect, 0.1–0.3(1) mm long; foliar nectary at base of the midrib or somewhat displaced onto the petiole; stipules 4–6 mm long; calyx glabrate; seeds brown to dark brown, 6-15 per capsule"	"Gossypium rotundifolium"
7	"Stems glabrous to hirsute, the hairs (if present) simple, ca. 1 mm long; foliar nectary on the midrib 2–4 mm distant from the petiole; stipules 6–11 mm long; calyx glabrous or sparsely pilose, the hairs 1 mm long; seeds dark brown to blackish, 3-6 per capsule"	"Gossypium exiguum"
8	"Plants erect; foliage finely puberulent or glabrous; involucellar nectaries present; foliar nectaries sometimes >4 mm long; calyces 0.6–2.2 mm long"	9
8	"Plants reclining, ascending, or suberect; foliage minutely pubescent, pilose, or glabrous; involucellar nectaries usually <4 mm long; calyces 0.9–3.4 cm long"	11
9	"Foliage glabrous; calyx 0.6–1.2 cm long"	"Gossypium enthyle"
9	"Foliage finely puberulent; calyx 1.2–2.2 cm long"	10
10	"Petals 3.5–4 cm long, with gossypol glands evenly distributed throughout; androecium pallid; leaves palmately nerved; foliar nectaries 1–2.5 mm long, located on the midrib 4–9 mm distant from the petiole; stipules 4–6 mm long; sinuses between the calyx lobes subacute; seeds black, 3 per capsule"	"Gossypium pulchellum"
10	"Petals 4–6 cm long, with gossypol glands confined to the external margin; androecium purplish; leaves tending toward penninerved; foliar nectaries 4–22 mm long, located on the midrib 9–20 mm distant from the petiole; stipules 8–10 mm long; sinuses between the calyx lobes broadly rounded; seeds brown, 6-15 per capsule"	"Gossypium nobile"
11	"Stems and calyces minutely pubescent; anthers red, the staminal column pallid; petal glands few or many"	12
11	"Stems and calyces puberulent, pilose or glabrous; anthers and staminal column generally pallid; petal glands few, on the margins, or none"	13
12	"Involucellar nectaries absent; pedicel articulated at or near the base; foliar nectaries 2–6(18) mm long; gossypol glands in the petals obscure, uniformly distributed; leaf blades deeply cordate"	"Gossypium londonderriense"
12	"Involucellar nectaries present; pedicel articulated 5–15 mm below the flower; foliar nectaries 1–2 mm long; gossypol glands in the petals confined to auricle; leaf blades subtruncate to cordate"	"Gossypium marchantii"
13	"Petioles ca. ¼ length of the blade; blade more or less truncate basally; pedicel articulated at or near the base; calyx lobes broadly foliaceous, the sinuses more or less acute"	"Gossypium costulatum"
13	"Petioles ½ -1 times the length of the blade; blade cordate to deeply cordate basally; pedicels with more or less median articulation; calyx lobes narrowly acuminate, the sinuses broadly rounded"	14
14	"Involucellar nectaries usually absent; stems and calyces usually more or less pilose (rarely glabrate); calyx 1.8_3.4 cm long"	"Gossypium pilosum"
14	"Involucellar nectaries present; stems and calyces glabrous; calyx 0.9_1.8 cm long"	"Gossypium populifolium"
