from	statement	to
1	"All leaves entire, filiform, to c. 1 mm wide, with hairs on basal sheath"	"Cotula cotuloides"
1	"Some or all leaves divided, or if all entire then not filiform, > 1 mm wide and/or entirely glabrous"	2
2	"Peduncle becoming obconical in distalmost 3–8 mm following anthesis; intermediate series of florets with white and usually abaxially purple ligules"	"Cotula turbinata"
2	"Peduncle not becoming obconical or at least not as conspicuously as above; intermediate series of ligulate florets lacking"	3
3	"Stems and leaves usually moderately hairy; female florets in several series; achenes of female florets papillose on both faces"	"Cotula australis"
3	"Stems and leaves glabrous or with hairs rather sparse; female florets in 1 series or absent; achenes of female florets papillose only on inner face"	4
4	"Largest leaves entire, lobed, or 1- to sub-2-pinnatisect; peduncle mostly > 2 cm long, glabrous; female florets numerous, with corolla absent, with pedicel tapering distally"	"Cotula coronopifolia"
4	"Largest leaves 1- or 2-pinnatisect; peduncle mostly < 2 cm long, with scattered hairs at anthesis; female florets absent or up to c. 10, with corolla present, with pedicel not tapering"	"Cotula bipinnata"
