from	statement	to
1	"Perianth tube gibbous, abruptly dilated c. 1 cm above ovary"	"Gladiolus watsonius"
1	"Perianth tube gradually widened, never gibbous"	2
2	"Leaves finely pubescent"	"Gladiolus caryophyllaceus"
2	"Leaves glabrous"	3
3	"Basal leaf solitary, narrowly linear, cruciform in section"	"Gladiolus tristis"
3	"Basal leaves 2 to several, linear-ensiform to lanceolate, flat"	4
4	"Flower bilabiate; perianth tube manifestly shorter than lobes"	5
4	"Flower not bilabiate; perianth tube equal to or longer than lobes"	6
5	"Bracts narrowly lanceolate; flowers purple"	"Gladiolus communis subsp. byzantinus"
5	"Bracts ovate; flowers orange to pink and lime-green"	"Gladiolus alatus"
6	"Perianth tube about twice as long as lobes"	"Gladiolus angustus"
6	"Perianth tube about equal to lobes"	7
7	"Perianth lobes long-acuminate with tapering undulate tips"	"Gladiolus undulatus"
7	"Perianth lobes acute"	"Gladiolus carneus"
