from	statement	to
1	"Lemma with an articulation"	2
1	"Lemma without an articulation"	7
2	"Glumes inverse (lower longer than upper)"	"Aristida polyclados"
2	"Glumes normal (not inverse)"	3
3	"Awns dissimilar, median thicker and usually recurved, laterals slender usually erect and up to 2 cm shorter"	"Aristida dominii"
3	"Awns ± similar and erect, laterals as long as median or shorter by 2-5 mm"	4
4	"Column 5.5-8 cm long, c. 1 mm thick"	"Aristida hygrometrica"
4	"Column usually less than 5 cm long, occasionally longer (to 6.5 cm) but then thinner (to 0.3 mm thick)"	5
5	"Culms ± wavy; lemma (including callus) 5-7 mm long, brownish when mature"	"Aristida contorta"
5	"Culms ± straight; lemma (including callus) 7-10 mm long, purplish when mature"	6
6	"Leaf blades to 1.5 mm wide, involute"	"Aristida holathera var. holathera"
6	"Leaf blades more than 3 mm wide, flattened"	"Aristida holathera var. latifolia"
7	"Lemma involute, with a furrow on ventral surface of caryopsis"	8
7	"Lemma convolute, without a furrow on ventral surface of caryopsis"	20
8	"Lemma column present"	"Aristida perniciosa"
8	"Lemma column absent"	9
9	"Margins of lemma furrow with one to several rows of tubercles"	10
9	"Margins of lemma furrow smooth or lemma muricate towards apex"	13
10	"Glumes inverse"	11
10	"Glumes subequal or normal"	"Aristida jerichoensis var. subspinulifera"
11	"Glumes differing in length by more than 2 mm"	12
11	"Glumes differing in length by less than 2 mm"	"Aristida jerichoensis var. subspinulifera"
12	"Lemma with a pseudo-articulation; leaf blades curling up on maturity"	"Aristida inaequiglumis"
12	"Lemma without a pseudo-articulation; leaf blades straight or flexuous"	"Aristida pruinosa"
13	"Lemma with a pseudo-articulation"	14
13	"Lemma without a pseudo-articulation"	15
14	"Glumes differing in length by more than 3 mm"	"Aristida inaequiglumis"
14	"Glumes differing in length by less than 3 mm"	"Aristida ingrata"
15	"Lemma muricate towards apex"	16
15	"Lemma smooth"	17
16	"Annual or short lived perennial usually less than 30 cm tall; inflorescence a densely congested spike"	"Aristida anthoxanthoides"
16	"Perennials more than 50 cm tall; inflorescence a loosely arranged spike"	"Aristida exserta"
17	"Lemma margins distinctly protruding from ventral furrow"	"Aristida lazaridis"
17	"Lemma margins not protruding or if so, not distinctly"	18
18	"Glumes more than 13 mm long"	"Aristida sciuroides"
18	"Glumes less than 12 mm long"	19
19	"Lower glume 3-nerved"	"Aristida sciuroides"
19	"Lower glume 1-nerved"	"Aristida calycina var. calycina"
20	"Lemma with a twisted column (sometimes reduced to a 1/2 spiral)"	"Aristida latifolia"
20	"Lemma without a column"	21
21	"Lemma extended beyond both glumes"	"Aristida ramosa"
21	"Lemma not extended beyond both glumes"	22
22	"Lower glume longer than or subequal to upper glume, 3-nerved"	"Aristida kimberleyensis"
22	"Lower glume shorter than or equal to upper glume, 1-nerved"	23
23	"Lemma shorter than or equal to upper glume"	24
23	"Lemma shorter than or subequal to lower glume"	25
24	"Upper glume more than 12 mm long"	"Aristida obscura"
24	"Upper glume less than 12 mm long"	"Aristida ramosa"
25	"Lemma smooth or minutely scaberulous or scabrous only along margins"	"Aristida burbidgeae"
25	"Lemma tuberculate to distinctly scabrous all over apically"	26
26	"Lemma tuberculate-spiny"	"Aristida nitidula"
26	"Lemma distinctly scabrous"	27
27	"Lemma 8.5-12 mm long; leaf blades conduplicate or flat"	"Aristida strigosa"
27	"Lemma 5-8.5 mm long; leaf blades filiform"	"Aristida capillifolia"
