from	statement	to
1	"Corolla rotate"	"Scleromitrion scleranthoides"
1	"Corolla funnel-shaped"	2
2	"Flowers in lax terminal cymes"	3
2	"Flowers axillary, either solitary or in subsessile or pedicellate fascicles"	4
3	"Plants to 50 cm tall; leaves to 6 cm long; corolla tube longer than 6 mm; capsule 2-3 mm diameter"	"Scleromitrion largiflorens"
3	"Plants to 30 cm tall; leaves 1-4 cm long; corolla tube less than 5 mm long or if longer then the capsule 1.5-2.0 mm diameter"	"Scleromitrion laceyi"
4	"Indumentum on stems and leaves retrorse"	"Scleromitrion delicatum"
4	"Indumentum, if present, on stems and leaves erect or antrorse"	"Scleromitrion galioides"
