from	statement	to
1	"Leaves densely hispid or ciliate"	2
1	"Leaves glabrous"	4
2	"Prostrate herb with perennial rootstock and woody basal branches; leaves ciliate, stamens10"	"Trianthema rhynchocalyptra"
2	"Prostrate herb, not woody; leaves densely hispid. stamens more than 10"	3
3	"Operculum dish shaped with translucent cover across apex; seeds smooth and shiny"	"Trianthema patellitectum"
3	"Operculum cylindric with depressed apex; seeds minutely tuberculate"	"Trianthema pilosum"
4	"Leaves thick and terete or clavate"	5
4	"Leaves thin and flat or inrolled"	6
5	"Operculum conic, apex acute and tapering into thickened persistent style; seeds finally shiny black, but initially covered with a translucent coating which is unevenly papillose and granulate"	"Trianthema cussackianum"
5	"Operculum more or less hemispheric, apex obtuse; style persistent but reduced; seeds with longitudinal ridges of minute papillae"	"Trianthema turgidifolium"
6	"Petiole expanded into a sheath which is connate with opposing leaf base to form a cup; flowers largely hidden in the leaf axil by fusion of the floral tube with leaf bases; floral whorl caducous"	"Trianthema portulacastrum"
6	"Petiole expanded into a sheath, free from opposing leaf base; flowers not hidden, free from leaf base; floral whorl persistent"	7
7	"Style flattened, tongue-like; seeds longitudinally furrowed"	"Trianthema glossostigmum"
7	"Style terete or filiform; seeds papillose or smooth"	8
8	"Stems papillose; stamens 5; operculum depressed obovoid"	"Trianthema triquetrum"
8	"Stems glabrous or with simple hairs; stamens 10 or more; operculum conic to hemispheric"	9
9	"Seeds papillose"	10
9	"Seeds smooth"	"Trianthema kimberleyi"
10	"Flowers pedicellate; seeds usually completely covered with elongate papillae which increase in size towards the ridge"	"Trianthema oxycalyptrum var. oxycalyptrum"
10	"Flowers sessile; seeds with papillae only on the ridge"	"Trianthema oxycalyptrum var. sessiliflorum"
