from	statement	to
1	"Leaflets with 1 main nerve (midvein), not falcate"	"Aeschynomene indica"
1	"Leaflets with 2 or 3 conspicuous longitudinal nerves, usually +/- falcate"	2
2	"Ovary and fruit glabrous or puberulous; fruits spreading +/- falcate, upper margin +/- entire, lower ones deeply indented between seeds; joints between articles short; articles semiorbicular, thick-walled; leaves 26-60-foliolate; leaflets 6-14.5 mm long, usually 3-nerved; flowers purple"	"Aeschynomene americana var. americana"
2	"Ovary villous; fruits deflexed, hispid, not falcate, slightly indented on both margins; joints as long as articles; articles globose or ellipsoid, thin-walled; leaves 16-38-foliolate; leaflets 4-9 mm long, 2- (or 3) nerved; flowers usually yellow"	"Aeschynomene villosa"
