from	statement	to
1	"Plants with fruiting material present"	2
1	"Plants with flowering material present"	10
2	"All pods single-seeded"	3
2	"All pods, or a majority of pods, with more than one seed"	7
3	"Peduncles glabrous throughout, or with hairs only in the upper one-fifth"	4
3	"Peduncles hairy throughout"	5
4	"Pods glabrous or with very dense eglandular hairs c. 0.1 mm long; leaflets 23–34 pairs per pinna; lower bract 1.5–2.3 mm long"	"Neptunia monosperma"
4	"Pods with sparse glandular hairs 0.2–0.4 mm long; leaflets 11–24 pairs per pinna; lower bract 5–14.5 mm long"	"Neptunia xanthonema"
5	"Peduncle hairs 0.5–0.9 mm long, eglandular"	"Neptunia longipila"
5	"Peduncle hairs 0.1–0.3 mm long, glandular"	6
6	"Erect shrub; some peduncles with 3 or 4 bracts; petiole nectary absent"	"Neptunia valida"
6	"Prostrate shrub; all peduncles with 2 bracts; petiole nectary usually present"	"Neptunia scutata"
7	"Most or all petioles with a nectary"	8
7	"No petioles with a nectary"	9
8	"Upright shrub; stipules deciduous; leaf pinnae with 23–39 pairs of leaflets"	"Neptunia major"
8	"Prostrate shrub; stipules persistent; leaf pinnae with 10–20 pairs of leaflets"	"Neptunia dimorphantha"
9	"Leaves with 4–6 pairs of pinnae; rachises with straight or curved antrorse hairs 0.2–0.5 mm long; peduncle bracts ovate to broadly ovate, on the proximal one-third of peduncle"	"Neptunia heliophila"
9	"Leaves with 1–3(–4) pairs of pinnae; rachises glabrous or sparsely hairy; peduncle bracts consistently absent"	"Neptunia tactilis"
10	"Petiole nectary absent from all leaves"	11
10	"Petiole nectary present on most or all leaves"	16
11	"Peduncles with 2–4 bracts"	12
11	"Peduncles without bracts or with only one bract"	15
12	"Peduncles mostly with 3 or 4 bracts, occasionally with 2"	"Neptunia valida"
12	"All peduncles with 2 bracts"	13
13	"Peduncles 7–35 mm long at anthesis"	14
13	"Peduncles 33–110 mm long at anthesis"	"Neptunia heliophila"
14	"Peduncles glabrous except at apex; largest leaflets 5.8–11 mm long; pinna pairs 2 or 3(–4)"	"Neptunia xanthonema"
14	"Peduncles hairy throughout; largest leaflets 3–7 mm long; pinna pairs 3–5(–6)"	"Neptunia scutata"
15	"Neuter flowers absent; flowering peduncles 14–36 mm long"	"Neptunia tactilis"
15	"Neuter flowers present; flowering peduncles (25–)40–110 mm long"	"Neptunia heliophila"
16	"Stipules deciduous, visible only on new growth; upright plants"	17
16	"Stipules persistent for many nodes; prostrate plants"	18
17	"Plant 1–2(–3) m high; petioles 10–18 mm long; peduncle 15–55 mm long at anthesis"	"Neptunia major"
17	"Plant to 0.5 m high; petioles 5–11 mm long; peduncle 4–12 mm long at anthesis"	"Neptunia monosperma"
18	"Peduncle glabrous except at apex; leaves with (1 or)2 or 3 pairs of pinnae"	"Neptunia xanthonema"
18	"Peduncles hairy throughout; leaves with 3–5 pairs of pinnae"	19
19	"Hairs on peduncle 0.5–0.9 mm long; inflorescences broadly-ellipsoidal"	"Neptunia longipila"
19	"Hairs on peduncle 0.1–0.5 mm long; inflorescences globose"	20
20	"Staminodes 4–7.5 mm long; ovary hairy throughout"	"Neptunia scutata"
20	"Staminodes 8.5–14 mm long; ovary hairy along the margins only"	"Neptunia dimorphantha"
