from	statement	to
1	"Placenta projecting more or less horizontally into the loculus; ovules forming a complete ring"	"Xanthostemon paradoxus"
1	"Placenta oblique to erect; ovules not forming a complete ring"	2
2	"Petals ovate or elliptical; ovules attached at the apex of the placenta; seeds not winged"	3
2	"Petals narrowly spathulate; ovules attached part-way up the axis; seeds winged"	"Xanthostemon eucalyptoides"
3	"Adult leaves alternate"	"Xanthostemon psidioides"
3	"Adult leaves opposite"	"Xanthostemon umbrosus"
