from	statement	to
1	"Stamens 10 or less"	2
1	"Stamens greater than 16"	4
2	"Leaves channelled on adaxial surface, tip recurved. Ovules 3–5 per loculus"	"Euryomyrtus recurva"
2	"Leaves not channelled on adaxial surface, tip not recurved.Ovules 2 per loculus"	3
3	"Processes 2–5, white, c. 0.1 mm long. Leaves sessile or with a petiole < 0.1 mm long; lamina 0.6–4 mm long"	"Euryomyrtus maidenii"
3	"Processes 4 or 5, reddish, 0.2–0.3 mm long. Leaves with a petiole 0.2–0.4 mm long; lamina 1–5 mm long"	"Euryomyrtus patrickiae"
4	"Stamens 16–23. Anthopodium 1.0–2.3 mm long"	"Euryomyrtus leptospermoides"
4	"Stamens 25–29. Anthopodium less than 0.1 mm long"	"Euryomyrtus inflata"
