from	statement	to
1	"Lateral surfaces of all disc cypselas with a distinct gap and prominent tubercles between apically swollen longitudinal ridges"	2
1	"Lateral surfaces of many disc cypselas with a single or almost single swollen ridge with or without distinct tubercles (other cypselas in same capitulum may have two variably distinct ridges) or the lateral surfaces with a very narrow gap or cleft (sometimes absent), the cleft with or without tubercles and the longitudinal ridges often obscure"	"Roebuckiella cheilocarpa var. quobbensis"
2	"Disc cypselas with their lateral surfaces with distinct lateral ridges and a distinct gap (cleft) with prominent tubercles between them; ab/adaxial margins of disc cypselas with wing­like extensions or tubercles and eglandular hairs; bracts always with white, eglandular hairs"	"Roebuckiella cheilocarpa var. cheilocarpa"
2	"Disc cypselas differing in one or more of the features outlined for var. cheilocarpa; bracts usually glabrous"	3
3	"Pappus elements 0.25 mm or more long, denticulate; lateral surfaces of cypselas with horn­like swellings at apex; ab/adaxial margins of disc cypselas with wing­like extensions or tubercles and eglandular hairs; leaves 1­pinnatisect"	"Roebuckiella cheilocarpa var. glabrata"
3	"Pappus elements c. 0.02–0.1 mm long; lateral surfaces of cypselas with apical swellings but not horn­like; ab/adaxial margins of disc cypselas mostly entire and without tubercles, eglandular hairs absent or few; leaves 1-­ or 2­-pinnatisect"	"Roebuckiella cheilocarpa var. integra"
