from	statement	to
1	"Apex of calyx lobes distinctly rounded; lobes elliptic or obovate; vexillate (margins overlapping) in bud; flowers white, with base of petal and calyx dark pink or dark red"	2
1	"Apex of calyx lobes acute; lobes ovate; valvate (not overlapping) in bud; flowers pink, red, white or yellow throughout or with base green or red"	3
2	"Mature leaves elliptic or oblong, not trilobed; base of outer surface of calyx and pedicels with ferruginous hairs ~0.7 mm long"	"Androcalva pulchella"
2	"Mature leaves obovate with trilobed apex, or ovate from trilobed base; base of outer surface of calyx and pedicels with small, white or pale golden hairs ~0.3 mm long"	"Androcalva microphylla"
3	"Leaf base prominently oblique and strongly cordate, broadest basal segments mainly overlapping the stem. [Calyx and petals white with a dark pink base.]"	4
3	"Leaf base scarcely to moderately oblique, and not overlapping stem; cordate, truncate or attenuate"	5
4	"Mature leaf upper surface with occasional to medium-density, stellate hairs with 1–6(–12) arms; petioles 1–2.5 mm long, so base of mature leaves strongly overlapping stem; decumbent or prostrate shrub. [Fruit globose, woolly; seed creamy-brown.]"	"Androcalva gaudichaudii"
4	"Mature leaf upper surface with dense, stellate hairs with (4–) 6–12 arms; petioles 2.5–7 mm long, so base of mature leaves not as strongly overlapping stem; erect shrub. [Fruit not seen.]"	"Androcalva lachna"
5	"Petal ligule shortly stalked then orbicular or suborbicular; petal apex equal to or extends beyond apex of calyx lobes; one staminode between stamens; flowers yellow, petal base with prominent red ribs; shrub 1–4 m high. [Fruit globose woolly.]"	"Androcalva luteiflora"
5	"Petal ligule subsessile, obovate or suborbicular; petal apex shorter than calyx; one to three staminodes between stamens; flowers white, pink, yellow or red, petal basal ribs indistinct; shrubs <1 m high"	6
6	"Petal base lateral lobes incurved with pouched margins; apical ligule obovate to suborbicular; flowers white with green or dark red base; three staminodes between stamens; shrubs erect, rarely decumbent; calyx 3–6 mm long"	7
6	"Petal base lateral lobes incurved with flat margins; apical ligule spathulate, obovate to suborbicular; flowers red, white, yellow; one to three staminodes between stamens; shrubs erect, decumbent or prostrate"	8
7	"Leaf almost concolorous, pale greyish-green, velvety. [Fruit short setae only towards dehiscence lines]"	"Androcalva perlaria"
7	"Leaf discolorous, mid- to dark green over paler fawnish-green. [Fruit with short setae on dehiscence lines or dense setae throughout]"	"Androcalva crispa"
8	"Leaf upper surface velvety tomentose"	9
8	"Leaf upper surface with occasional to dense hairs, not velvety; flowers red, pink, or white; one to three staminodes between stamens"	11
9	"Flowers pink, or white and pink; prostrate habit. [Capsule globose dense setae throughout]"	10
9	"Flowers yellow; prostrate or mainly decumbent habit. [Fruit setae only towards dehiscence lines.]"	"Androcalva loxophylla"
10	"Leaves mainly cuneiform, crisped, irregularly crenulate"	"Androcalva cuneata"
10	"Leaves mainly elliptic, margin flat, regularly serrulate or sinuate"	"Androcalva aphrix"
11	"Pedicel and outer surface of calyx with glandular trichomes"	12
11	"Pedicel and outer surface of calyx without glandular trichomes. [Fruit globose, setae dense throughout]"	14
12	"Inflorescence <9 mm long, calyx <3 mm long; flowers white or pink; one (rarely 3) staminodes between stamens"	13
12	"Inflorescence 12–16 mm long, calyx 4.5–6 mm long; flowers white; three staminodes between stamens. [Capsule globose woolly.]"	"Androcalva bivillosa"
13	"Glandular trichomes conspicuous, abundant, red-tipped, longer than hairs; leaf smooth above, mainly simple hairs; base strongly cordate oblique; calyx pink outside, white inside; petals white. [Fruit unknown.]"	"Androcalva adenothalia"
13	"Glandular trichomes inconspicuous, few beneath hairs; leaf minor veins strongly impressed above, mainly stellate hairs; base scarcely cordate oblique; calyx and petals white throughout or white with apical red tinge. [Fruit setae only towards dehiscence lines.]"	"Androcalva fragifolia"
14	"Leaves strongly discolorous, dark green above, with occasional to scattered hairs"	15
14	"Leaf upper surface slightly discolorous, with dense, stellate hairs"	"Androcalva aphrix"
15	"Petal ligule obovate to suborbicular"	16
15	"Petal ligule spathulate"	"Androcalva loxophylla"
16	"Flowers bright red; mature leaves rugose, minor veinlets impressed, upper surface with simple hairs. [Seed large, ~3 × 1.7 mm, aril multi-lobed]"	"Androcalva melanopetala"
16	"Flowers pink or white; mature leaves smooth or only major veins impressed, upper surface with stellate hairs"	17
17	"Leaf narrowly elliptic to oblong, margin incised; flowers dusty pink, 1 (rarely 2) staminodes between stamens"	"Androcalva incilis"
17	"Leaf elliptic, margin sinuate becomes entire; flowers white, 3 staminodes between stamens"	"Androcalva stowardii"
