from	statement	to
1	"Stamens 10"	2
1	"Stamens 3-5"	7
2	"Indumentum of short glandular hairs with globular terminal cell"	3
2	"Plant glabrous or indumentum eglandular or of long glandular hairs lacking an enlarged terminal cell"	5
3	"Leaves shorter than 6 mm"	"Bergia auriculata"
3	"Leaves longer than 6 mm"	4
4	"Annual, +/- erect; pedicels 15-25 mm long; capsule globular; stigmas +/- sessile; seeds smooth, to 0.3 mm long"	"Bergia pedicellaris"
4	"Perennial, prostrate; pedicels to 7.5 mm long; capsule pyriform; styles 1-1.5 mm long; seeds alveolate, 0.5-0.75 mm long"	"Bergia henshallii"
5	"Leaves narrowly elliptic to elliptic; capsule pyriform"	"Bergia perennis subsp. perennis"
5	"Leaves narrowly elliptic to +/- circular; capsule globular"	6
6	"Leaf apex obtuse; bracteoles obscure, at base of pedicel; sepals mostly greater than 1.5 mm long, about 0.5 X length of petal, apex obtuse; indumentum if present eglandular uniseriate hairs"	"Bergia perennis subsp. obtusifolia"
6	"Leaf apex acute, rarely obtuse; bracteoles conspicuous, mostly well above base of pedicel; sepals mostly less than 1.5 mm long, about 0.75 X length of petal, apex acute; indumentum if present of multiseriate glandular hairs"	"Bergia perennis subsp. exigua"
7	"Calyx and corolla 5-merous"	8
7	"Calyx and corolla 3-4-merous"	9
8	"Flowers in dense fascicles; bracteoles inconspicuous at base of pedicel; seed faintly striate"	"Bergia ammannioides"
8	"Flowers solitary; bracteoles prominent, at apex of pedicel; seed distinctly alveolate"	"Bergia occultipetala"
9	"Annual, erect, glabrous; capsule 4-locular"	"Bergia pusilla"
9	"Perennial or annual, prostrate or decumbent, rarely erect in young stages, mostly pubescent; capsule 3-(rarely 4-) locular"	"Bergia trimera"
