from	statement	to
1	"Sepals and petals translucent green, 7-9 mm long; labellum triangular; column approximately 4mm long"	"Cyrtostylis tenuissima"
1	"Sepals and petals pale green or greenish, > or = 9 mm long; labellum oblong; column approximately 5mm long"	2
2	"Flowers dull reddish-green; sepals and petals greenish, 9-14 mm long; labellum pale reddish-purple, oblong, 11-15 mm long, 3.5-6 mm wide"	"Cyrtostylis huegellii"
2	"Flowers pale reddish-green; sepals and petals pale green, 10-14 mm long; labellum pale reddish, oblong, 9-12 mm long, 2-3 mm wide"	"Cyrtostylis robusta"
