from	statement	to
1	"Inflorescence terminally compressed (‘capitate’)"	2
1	"Inflorescence not terminally compressed, although sometimes the flowers crowded towards the apex"	5
2	"Leaflet length : width <3 : 1"	3
2	"Leaflet length : width >8 : 1"	"Glycine pindanica"
3	"Plant moderately erect; leaflet abaxial surface hairs dense, abaxial areoli obscured by hairs; rhizome bearing cleistogamous flowers or fruit"	"Glycine albicans"
3	"Plant prostrate; leaflet abaxial surface hairs moderately dense to dense, abaxial areoli not obscured by hairs; usually not rhizomatous (if so, then lacking cleistogamous flowers or fruit)"	4
4	"Leaves unifoliolate; peduncles 2–11 mm long"	"Glycine remota"
4	"Leaves digitately or pinnately trifoliolate; peduncles 15–90 mm long"	"Glycine lactivirens"
5	"Fruit apex curved upwards at maturity, either sharply distally to include the last one or two seeds (G. canescens) or more gently to include most of the pod (other species)"	6
5	"Fruit straight, or only the very tip slightly curved with the curvature not including any seeds"	7
6	"Seed smooth (perisperm not adhering); leaves digitately trifoliolate; rhizomatous; 1-seeded cleistogamous fruit on rhizomes"	"Glycine falcata"
6	"Seed rough (perisperm adhering); leaves pinnately to sometimes digitately trifoliolate (individuals generally have one type); not rhizomatous; 3- or more-seeded cleistogamous fruit axillary"	"Glycine canescens"
7	"Leaves digitately trifoliolate"	8
7	"Leaves pinnately trifoliolate"	11
8	"Leaflet reticulation obvious"	"Glycine pindanica"
8	"Leaflet reticulation obscure or nearly so"	9
9	"Secondary veins obscure"	10
9	"Secondary veins obvious"	"Glycine pindanica"
10	"Fruit 5–9-seeded, up to 30mm long; seed surface smooth; leaflet adaxial surface hairs almost always absent"	"Glycine rubiginosa"
10	"Fruit 2–4-seeded, up to 18mm long; seed surface rough; leaflet adaxial surface hairs sparse"	"Glycine peratosa"
11	"Leaflet reticulation obscure; rachis < 4mm long; not stoloniferous"	"Glycine peratosa"
11	"Leaflet reticulation usually obvious; rachis variable, often >4mm long; sometimes stoloniferous"	12
12	"Seeds 4–5mm long, orange or mottled orange-brown (perisperm partly adhering); peduncles <80mm long, often <20mm long"	"Glycine pullenii"
12	"Seeds <4mm long, brown or black (perisperm usually completely adhering); peduncles variable, up to 200mm long"	13
13	"Stoloniferous, adventitious root buds may be visible in axils of older stems, brown; leaflet length : width 1.3–7 : 1"	"Glycine tabacina"
13	"Not stoloniferous, lacking adventitious root buds; leaflet length : width 1.1–20 : 1"	14
14	"Leaflet length : width 5–13 : 1; rachis <4mm long"	"Glycine arenaria"
14	"Leaflet length : width 1.1–6 : 1; rachis variable, up to 15mm long"	15
15	"Standard petals 4–5×4–5 mm; stem hairs white to grey-white, never pale rusty; stems quite robust, not herbaceous; inflorescences up to 30mm long, with 3–5 flowers; terminal leaflets 2–3 times longer than lateral leaflets"	"Glycine aphyonotos"
15	"Standard petals 5–9×4–8 mm; hairs on most parts white to pale rusty; stems herbaceous; inflorescences 20–80mm long, with c. 5–15 flowers; terminal leaflets usually up to 2 times longer than lateral leaflets"	16
16	"Able to produce litter pods (cleistogamous fruit under leaf litter)"	"Glycine tomentella"
16	"Never producing litter pods"	"Glycine tomentella"
