from	statement	to
1	"Longer callus hairs 3.5-5 mm long"	2
1	"Longer callus hairs up to 1.3 mm long"	3
2	"Leaf sheaths to 6 mm wide, rolling back at maturity"	"Cymbopogon bombycinus"
2	"Leaf sheaths 2-3 mm wide, not rolling back at maturity"	"Cymbopogon obtectus"
3	"Leaf blades more than 4 mm wide; culms robust and erect"	4
3	"Leaf blades up to 3 mm wide, filiform to very narrow; culms delicate and drooping"	"Cymbopogon dependens"
4	"Plant 1.5-2.5 m tall with 7-11-noded inflorescences; lower glume of sessile spikelet not more than 4.5 mm long"	"Cymbopogon procerus"
4	"Plant usually less than 1.5 m tall with 4-8-noded inflorescences; lower glume of sessile spikelet 5.5-7 mm long"	"Cymbopogon ambiguus"
