from	statement	to
1	"Flowering material"	2
1	"Fruiting material"	11
2	"Calyx tube plus pedicel more than 25 mm long"	"Syzygium suborbiculare"
2	"Calyx tube plus pedicel less than 20 mm long"	3
3	"Calyx tube plus pedicel more than 4 mm long"	4
3	"Calyx tube plus pedicel 4 mm or less"	10
4	"Leaf blade length: breadth ratio more than 6"	"Syzygium eucalyptoides"
4	"Leaf blade length: breadth ratio less than 6"	5
5	"Inflorescence terminal and/or in the axils of the leaves"	6
5	"Inflorescence ramiflorous on both large and small branches but rarely in the axils of the leaves"	"Syzygium forte subsp. potamophilum"
6	"Style more than 17 mm long at anthesis"	7
6	"Style up to 17 mm long at anthesis"	9
7	"Petals 9 mm or more wide"	8
7	"Petals less than 9 mm wide"	"Syzygium forte subsp. potamophilum"
8	"Style 12-24 mm long; ovules 17-25 per locule; leaves ± isobilateral"	"Syzygium eucalyptoides"
8	"Style 20-55 mm long; ovules 20-65 per locule; leaves dorsiventral"	"Syzygium suborbiculare"
9	"Petals more than 10 mm diam.; an open forest tree"	"Syzygium eucalyptoides"
9	"Petals less than 10 mm diam.; trees and shrubs occurring mainly in rainforests and closed forests"	"Syzygium forte subsp. potamophilum"
10	"Calyx calyptrate, apex rostrate"	"Syzygium nervosum var. nervosum"
10	"Calyx lobes distinct, apex of bud rounded"	"Syzygium angophoroides"
11	"Calyx lobes absent on the fruit or, if present, less than 1 mm long"	12
11	"Calyx lobes persistent on the fruit, each lobe 1 mm or longer"	14
12	"Leafy twigs with a pocket, hump or spur above each node (pockets formed by the amalgamation of decurrent wings from the petioles immediately above); leafy twigs 4-angled or 4-winged"	"Syzygium angophoroides"
12	"Leafy twigs without a pocket, hump or spur above each node; leafy twigs terete or 4-angled"	13
13	"Infructescences terminal and in the upper axils; calyx lobes persistent though sometimes very small"	"Syzygium angophoroides"
13	"Infructescences lateral on the branches behind the leaves; calyx lobes absent but apex of the fruit marked by a persistent calyx rim"	"Syzygium nervosum var. nervosum"
14	"Leaf blade length: breadth ratio more than 6"	"Syzygium eucalyptoides"
14	"Leaf blade length: breadth ratio less than 6"	15
15	"Infructescences terminal and in the axils of leaves, or scale leaves; leaves normally present above and below the insertion of the infructescence"	16
15	"Infructescences ramal, either on the large branches or on the small branches but not in the axils of the leaves; leaves normally present above but not below the insertion of the infructescence"	"Syzygium forte subsp. potamophilum"
16	"Fruit 30 mm or more diam. when ripe"	17
16	"Fruit less than 30 mm diam. when ripe"	"Syzygium forte subsp. potamophilum"
17	"Fruit white or cream when ripe"	18
17	"Fruit pink, red, maroon or purple when ripe"	19
18	"Leaf blade ± isobilateral; bark on the older twigs slightly flaky or scaly; calyx lobes about 5mm long; an open-forest tree with sections of bark included in the wood of the stem and branches"	"Syzygium eucalyptoides"
18	"Leaf blade dorsiventral; bark on the older twigs very flaky to somewhat papery; calyx lobes 1.5-3.0 mm long; trees of the rainforests, closed gallery forests and beach forests; wood of the stem and branches without sections of included bark"	"Syzygium forte subsp. potamophilum"
19	"Calyx lobes 6 mm or more long"	"Syzygium suborbiculare"
19	"Calyx lobes less than 6 mm long"	"Syzygium eucalyptoides"
