from	statement	to
1	"Fruit dehiscent and usually many-seeded"	2
1	"Fruit indehiscent and few-seeded"	"Oenothera lindheimeri"
2	"Capsule clavate, the basal part narrow and sterile; flower pink, rose purple or white"	"Oenothera speciosa"
2	"Capsule not clavate or if somewhat clavate the basal part fertile; flower yellow or white"	3
3	"Seeds sharply angled; stems with small red spots"	"Oenothera glazioviana"
3	"Seeds not sharply angled, stems not spotted"	4
4	"Hypanthium curved upwards in young buds; plant glandular-pubescent only on the hypanthium and sepals; seeds distinctly pitted"	5
4	"Hypanthium straight in young buds, plant glandular-pubescent; seeds not distinctly pitted"	6
5	"Leaves usually subentire, greyish green; petals more than 2 cm long"	"Oenothera drummondii subsp. drummondii"
5	"Leaves usually deeply lobed to dentate, green; petals less than 2 cm long"	"Oenothera laciniata"
6	"Hypanthium 7 cm or more in length"	"Oenothera affinis"
6	"Hypanthium less than 7 cm long"	7
7	"Capsule 1.5–2.5 mm wide; petals 4–10 mm long"	"Oenothera indecora subsp. bonariensis"
7	"Capsule 3–4 mm wide; petals 8–30 mm or more long"	8
8	"Subtending leaf usually shorter than, occasionally equal in length to, the capsule"	"Oenothera stricta subsp. stricta"
8	"Subtending leaf longer than the capsule"	"Oenothera mollissima"
