from	statement	to
1	"Leaves rugose; sepals pale green, somewhat translucent, broad, imbricate; corolla white; an indumentum of shortly stalked or ± sessile stellate hairs on the stems, sepals and outer corolla"	"Dampiera prasiolitica"
1	"Plants not having the above combination of characters"	2
2	"Leaves mostly basal"	3
2	"Leaves mostly cauline"	7
3	"Leaves glabrous or glabrescent below"	4
3	"Leaves tomentose at least below"	5
4	"Bracts obtuse; leaves mostly entire or crenulate"	"Dampiera wellsiana"
4	"Bracts acute; leaves dentate"	"Dampiera dentata"
5	"Corolla hairs yellowish"	"Dampiera ramosa"
5	"Corolla hairs white to grey"	6
6	"Sepals 2–4 mm long, but hidden by long hairs; leaves spathulate, sessile"	"Dampiera plumosa"
6	"Sepals 0.5 mm long with tuft of long hairs at tip, or entirely replaced by tuft of long hairs; leaves obovate to elliptic, petiolate"	"Dampiera eriocephala"
7	"Ovary and fruit gibbous"	8
7	"Ovary and fruit not gibbous"	15
8	"Upper stems triangular or with 3 wings or with two narrow grooves below nodes"	9
8	"Upper stems compressed or flattened with 2 wings or angles"	11
9	"Stems with 2 narrow grooves below nodes; upper cauline leaves similar to others"	"Dampiera carinata"
9	"Upper stems triangular or with 3 wings"	10
10	"Leaves entire; branches with obtuse angles"	"Dampiera angulata"
10	"Leaves dentate; branches with very acute angles or wings"	"Dampiera coronata"
11	"Wing of adaxial petal obsolete above auricle"	"Dampiera heteroptera"
11	"Wing of adaxial petal present above auricle although sometimes smaller than others"	12
12	"Leaves triangular-ovate"	"Dampiera deltoidea"
12	"Leaves not triangular-ovate"	13
13	"Stems compressed, biconvex in T.S."	"Dampiera sacculata"
13	"Stems flattened, usually with a midrib"	14
14	"Corolla hairs not appressed"	"Dampiera alata"
14	"Corolla hairs appressed"	"Dampiera lindleyi"
15	"Young stems compressed, flat, triangular or with a narrow groove on each side of stem immediately below uppermost node"	16
15	"Young stems terete or with five narrow grooves"	26
16	"Ovary 2-locular"	17
16	"Ovary 1-locular"	19
17	"Stem with 3 wings each 2.5–5 mm wide"	"Dampiera latealata"
17	"Stem angled or with wings to 2 mm wide"	18
18	"Weak ascending herb; leaves linear to lanceolate, 2–6 mm wide"	"Dampiera trigona"
18	"Stiff, robust plant; leaves ovate to elliptic, decurrent into very acute angles, 5–23 mm wide"	"Dampiera decurrens"
19	"Ovary with an oblique top"	"Dampiera obliqua"
19	"Ovary with a flat top"	20
20	"Stems with 2 narrow grooves immediately below uppermost nodes"	21
20	"Stems with distinct angles and no narrow grooves"	22
21	"Bracteoles numerous below flower; flower sessile"	"Dampiera parvifolia"
21	"Bracteoles 1 or 2 below flower; flower usually pedicellate"	"Dampiera sericantha"
22	"Ovary glabrous or sparsely hairy"	"Dampiera leptoclada"
22	"Ovary densely hairy"	23
23	"Corolla hairs yellowish grey, yellowish brown or golden"	"Dampiera triloba"
23	"Corolla hairs grey to black"	24
24	"Corolla hairs appressed"	25
24	"Corolla hairs loose"	"Dampiera loranthifolia"
25	"Upper leaves in pseudo-whorls"	"Dampiera fasciculata"
25	"Upper leaves not in pseudo-whorls"	"Dampiera glabrescens"
26	"Flowers in terminal racemes spikes or rarely thyrses; leaves subtending flowers much smaller than other cauline leaves"	27
26	"Flowers in leafy inflorescences, usually with several flowers on each axillary branch"	34
27	"Mature leaves densely hairy on both surfaces"	28
27	"Mature leaves glabrous, or with few scattered hairs above, or glabrous above and hairy below"	30
28	"Corolla to 7 mm long"	"Dampiera cinerea"
28	"Corolla more than 7 mm long"	29
29	"Leaves petiolate, closely tomentose"	"Dampiera atriplicina"
29	"Leaves sessile, loosely tomentose often in patches"	"Dampiera stenostachya"
30	"Corolla to 7 mm long"	31
30	"Corolla more than 7 mm long"	32
31	"Leaves oblong to lanceolate"	"Dampiera conospermoides"
31	"Leaves ovate to orbicular"	"Dampiera candicans"
32	"Leaves linear to narrowly lanceolate, mostly to 2 mm wide, glabrescent on both surfaces"	"Dampiera teres"
32	"Leaves mostly more than 2 mm wide, hairy below"	33
33	"Hairs on young stems brownish; wing of adaxial petal obsolete above auricle"	"Dampiera krauseana"
33	"Hairs on young stems white to grey or yellowish; wing of adaxial petal present above auricle but often smaller"	"Dampiera spicigera"
34	"Leaves flat, concave or slightly recurved"	35
34	"Leaves revolute or strongly recurved"	60
35	"Mature leaves glabrous"	36
35	"Mature leaves hairy, at least below"	44
36	"Corolla glabrous outside"	"Dampiera diversifolia"
36	"Corolla hairy outside"	37
37	"Bracteole below flower at least half as long as flower"	38
37	"Bracteole below flower much less than half as long as flower"	40
38	"Corolla hairs appressed"	"Dampiera scaevolina"
38	"Corolla hairs loose"	39
39	"Leaves elliptic to cuneate, to 16 mm wide"	"Dampiera linearis"
39	"Leaves linear to narrowly oblong, to 4 mm wide"	"Dampiera pedunculata"
40	"Corolla hairs appressed"	"Dampiera tenuicaulis"
40	"Corolla hairs not appressed"	41
41	"Corolla 7–10 mm long"	42
41	"Corolla 13-20 mm long"	43
42	"Leaf margins revolute"	"Dampiera eriantha"
42	"Leaf margins flat, not revolute"	"Dampiera metallorum"
43	"Corolla hairs slate grey, closely tomentose"	"Dampiera juncea"
43	"Corolla hairs silvery grey, loosely tomentose"	"Dampiera oligophylla"
44	"Mature leaves hairy below, glabrous or much less hairy above"	45
44	"Mature leaves hairy on both surfaces"	54
45	"Leaves with petiole more than 2 mm long"	"Dampiera hederacea"
45	"Leaves sessile or with petiole less than 2 mm long"	46
46	"Fruit bent or curved"	47
46	"Fruit straight"	49
47	"Corolla hairs whitish, short"	"Dampiera altissima"
47	"Corolla hairs grey, long"	48
48	"Corolla tomentose, with type i hairs"	"Dampiera tephrea"
48	"Corolla silky, with type ii hairs"	"Dampiera salahae"
49	"Inflorescence branches with brownish grey or yellowish hairs"	50
49	"Inflorescence branches with grey or white hairs"	52
50	"Corolla hairs grey or white"	51
50	"Corolla hairs brownish, greyish brown, or yellowish"	"Dampiera luteiflora"
51	"Corolla hairs white"	"Dampiera stenophylla"
51	"Corolla hairs grey"	"Dampiera haematotricha"
52	"Leaves mostly recurved or concave"	"Dampiera oligophylla"
52	"Leaves flat"	53
53	"Leaves elliptic to obovate; corolla closely tomentose, the hairs not paler towards tip"	"Dampiera roycei"
53	"Leaves obovate to orbicular; corolla loosely tomentose, the longer hairs at ±90°, paler towards tip"	"Dampiera haematotricha"
54	"Bracteole beneath flower at least as long as corolla tube"	"Dampiera haematotricha"
54	"Bracteole beneath flower much shorter than corolla tube"	55
55	"Corolla hairs appressed"	"Dampiera orchardii"
55	"Corolla hairs not appressed"	56
56	"Corolla yellow"	"Dampiera luteiflora"
56	"Corolla blue"	57
57	"Lower leaf surface clearly visible beneath hairs"	"Dampiera roycei"
57	"Lower leaf surface completely hidden beneath dense hairs"	58
58	"Corolla hairs long, silky, branched near base (type ii), some type i hairs also present"	"Dampiera tomentosa"
58	"Corolla hairs short, not silky, branched along length (type i)"	59
59	"Leaves narrowly-obovate to obovate; fruit and ovary bent or oblique to stem; occurs on sandy, frequently calcareous soils at low altitudes in coastal or near-coastal districts"	"Dampiera incana"
59	"Leaves broadly-elliptic to obovate or obovate-elliptic; fruit and ovary straight, not oblique to stem; restricted to skeletal soils on banded ironstone formations above 1000m in the Pilbara region"	"Dampiera anonyma"
60	"Stems glabrous except when very young, or sometimes with hairs in grooves"	61
60	"Mature stems pubescent"	"Dampiera stenophylla"
61	"Sepals obsolete"	"Dampiera eriantha"
61	"Sepals distinct (although sometimes hidden by hairs), mostly more than 0.5 mm long"	62
62	"Bracteoles shorter than connate part of abaxial corolla lobes; corolla hairs grey"	"Dampiera lavandulacea"
62	"Bracteoles equalling connate part of abaxial corolla lobes; corolla hairs silvery white"	"Dampiera fitzgeraldensis"
