from	statement	to
1	"Branchlets not spinescent"	2
1	"Branchlets spinescent"	7
2	"Plant glandular-pubescent, rarely almost glabrous"	3
2	"Plant glabrous, rarely pubescent, the branches sometimes with prickles"	5
3	"Leaves 10–30 mm wide"	"Anthocercis viscosa"
3	"Leaves 0.5–10 mm wide"	4
4	"Corolla 9–16 mm long, the lobes 4–9 mm long"	"Anthocercis fasciculata"
4	"Corolla 15–28 mm long, the lobes 10–20 mm long"	"Anthocercis gracilis"
5	"Leaves 1–2 mm wide, few at flowering; flowers in small groups"	"Anthocercis gracilis"
5	"Leaves 4–35 mm wide; branches leafy; inflorescence raceme- or panicle-like"	6
6	"Plant much-branched from base; inflorescence a leafy raceme; corolla-tube not more than one-third of corolla length, the lobes narrow"	"Anthocercis littorea"
6	"Plant with 1 or 2 main stems; inflorescence a pyramidal panicle leafless except at base; corolla-tube one-third to one-half of corolla length, the lobes broad"	"Anthocercis ilicifolia"
7	"Branches and leaves conspicuously pubescent"	8
7	"Branches and leaves glabrous or sparsely pubescent"	9
8	"Flowers white to cream; spines pubescent; corolla lobes glabrous at apex"	"Anthocercis anisantha"
8	"Flowers green and purple; spines usually glabrous; corolla lobes with hair tufts at apex"	"Anthocercis sylvicola"
9	"Inflorescence usually branched; pedicels glandular-pubescent; most leaves at least 3 mm wide"	"Anthocercis intricata"
9	"Inflorescence not branched; pedicels glabrous or sparsely pubescent most leaves 0.5–2.5 mm wide"	10
10	"Corolla lobes with minute hairs at apex"	"Anthocercis genistoides"
10	"Corolla lobes glabrous"	"Anthocercis anisantha"
