from	statement	to
1	"Style with petaloid branches, each covering a stamen, with 2 erect crests exceeding the flap-shaped stigma (Iris-shaped flowers)"	2
1	"Style without petaloid branches or crests; stamens exposed"	4
2	"Ovary beakless; capsules exserted from spathes"	3
2	"Ovary with a filiform sterile beak longer than fertile portion; capsules enclosed by spathes"	"Moraea setifolia"
3	"Leaves 3 or 4; stem pubescent"	"Moraea vegeta"
3	"Leaves 1 or 2; stem glabrous"	"Moraea fugax subsp. fugax"
4	"Rhipidia terminal on branches of scape; style branches entire or bilobed at apex"	5
4	"Rhipidia arranged laterally along scape; style branches bifid from base, forming 6 filiform branches"	"Moraea lewisiae"
5	"Leaves 2 or 3; anthers coherent"	"Moraea miniata"
5	"Leaf solitary; anthers divergent"	6
6	"Scape bracts 6–7 cm long; style crests vestigial and obtuse or absent"	"Moraea ochroleuca"
6	"Scape bracts 2–6 cm long; style crests c. 1 mm long, acute"	"Moraea flaccida"
