from	statement	to
1	"Flowers clustered"	2
1	"Flowers solitary"	3
2	"Tepals yellowish, smooth outside at base; stems slightly striate, more or less terete; young branches ridged or angled"	"Choretrum chrysanthum"
2	"Tepals white, papillose outside at base; stems distinctly striate, angular; young branches winged"	"Choretrum glomeratum"
3	"Flowers globose in bud and closed flower, 1.5–2 mm diam."	"Choretrum pritzelii"
3	"Flowers cylindrical in bud and closed flower, 1–1.5 mm diam."	"Choretrum lateriflorum"
