from	statement	to
1	"Alae petaloid, blue, mauve, pink or white in colour"	2
1	"Alae herbaceous to leaf-like, more or less green, rarely tinged dark maroon and/or purple"	4
2	"Robust erect perennial shrubs, usually 1–2 m high"	3
2	"Slender spreading, ascending or erect herbs or subshrubs, usually <60 cm high, if taller than annual herbs"	"Polygala longifolia"
3	"Leaves obovate to oblong; inflorescences short and few-flowered amongst the upper leaves"	"Polygala myrtifolia"
3	"Leaves narrow-obovate to almost linear (sometimes almost absent); inflorescences pyramidal and several-flowered, exceeding the upper leaves"	"Polygala virgata"
4	"Staminal filaments 3+2+3 (triadelphous)"	"Polygala wightiana"
4	"Staminal filaments 8 (monadelphous)"	5
5	"At least some capsules prominently winged, wing between 0.5 mm and 4 mm wide, sometimes winged only at apex on some capsules"	6
5	"Capsules not prominently winged, if present, wing up to 0.5 mm wide"	8
6	"Alae lanceolate or narrowly elliptic and falcate; capsule asymmetrical"	"Polygala praecox"
6	"Alae ovate, elliptic, very widely ovate to orbicular, not falcate; capsule more or less symmetrical"	7
7	"Seed with collar-like thickened testa adjacent to aril null"	"Polygala crassitesta"
7	"Seed testa uniform, without thickened collar-like area"	"Polygala pterocarpa"
8	"Style shortly hooked at apex (but not forming horseshoe shape, sinuous null or curved throughout null; accumulation of pollen above stigma can obscure view in dried material"	9
8	"Style distinctly hooked at apex to form horseshoe shape null; pollen accumulation in bend of hook"	15
9	"Floral appendages horned null; style cleft null"	"Polygala eriocephala"
9	"Floral appendages not horned; style not cleft"	10
10	"Style truncated into broad flattened apex, shortly hooked"	11
10	"Style not truncated into broad flattened apex, straight or curved but not hooked"	12
11	"Apex of capsule lobes rounded, obtuse"	"Polygala canaliculata"
11	"Apex of capsule lobes acute"	"Polygala rhynchocarpa"
12	"Style distinctly dorsoventrally flattened when fresh, without groove above stigma null; seed usually ovoid–oblong"	"Polygala succulenta var. congesta"
12	"Style more or less terete, not distinctly dorsoventrally flattened when fresh, if distinctly dorsoventrally flattened then with groove above stigma; seed usually ovoid"	13
13	"Each floral appendage fimbriate or bifurcate (2- to 4-pronged) and succulent null"	14
13	"Each floral appendage entire null, coralliform null or crenate null"	"Polygala parviloba"
14	"Floral appendages fimbriate (≥4 prongs per appendage), leaves 4–33 mm long"	"Polygala exsquarrosa"
14	"Floral appendages variously divided, not fimbriate (<4 prongs per appendage), leaves 6–55 mm long"	"Polygala petrophila var. petrophila"
15	"Seed with two hair types, fine whitish hairs over much of seed and hollow clear hairs below aril null"	16
15	"Seed with one hair type, fine whitish or ferruginous hairs throughout or glabrous (hairs can be of different lengths)"	17
16	"Leaves of two general shapes, elliptic or ovate and linear, lanceolate or narrowly elliptic; plant with erect and decumbent branches"	"Polygala bifoliata"
16	"Leaves linear, lanceolate to narrowly elliptic; plant erect, branches spreading and ascending in the form of a candelabra"	"Polygala stenosepala"
17	"Aril head reduced, only represented by the attachment of the appendages; if somewhat developed then approaching helmet-shape type null and plant tufted with foliage ±glaucous and leaf apex mostly emarginate or truncate"	"Polygala glaucifolia"
17	"Aril head not reduced and either helmet-shaped, hooked or rounded; if somewhat reduced null, then plant erect, foliage green and leaf apex obtuse"	18
18	"Stem and leaf indumentum usually of curved hairs only (Polygala tepperi very rarely with a few straight hairs, or very rarely glabrescent)"	19
18	"Stem and leaf indumentum usually of curved and straight hairs (Polygala pendulina and Polygala dimorphotricha very rarely with curved hairs only)"	21
19	"Lateral pocket on keel well developed null"	"Polygala saccopetala"
19	"Lateral pocket on keel absent or poorly developed"	20
20	"Capsule antrorse, apex usually acute, rarely rounded; leaves linear; plants up to 65 cm tall"	"Polygala tepperi"
20	"Capsule perpendicular to reflexed apex rounded; leaves various, linear to obovate; plants up to 60 cm tall, never 65 cm tall"	"Polygala galeocephala"
21	"Most leaves obovate, oblanceolate, orbicular, very widely ovate or very widely elliptic, usually with at least some leaves >11 mm wide"	22
21	"Most leaves linear, lanceolate, elliptic, oblong or ovate, if oblanceolate or obovate then ≤10 mm wide"	"Polygala isingii"
22	"Aril head helmet-shaped; floral appendages fimbriate null"	"Polygala kimberleyensis"
22	"Aril head rounded or hooked, not helmet-shaped; floral appendages spathulate null"	"Polygala dimorphotricha"
