from	statement	to
1	"Upper branches densely (sometimes sparsely) tomentose with mostly dendritic, non-glandular hairs"	"Cyphanthera racemosa"
1	"Upper branches sparsely to moderately pubescent with mostly simple or forked, glandular hairs (hairs sometimes decapitated, but branches then viscid), or with scattered, weak, dendritic hairs, or glabrous"	2
2	"Branches and leaves not viscid; flowers in thyrses; leaves mostly more than 10 mm long"	"Cyphanthera racemosa"
2	"Branches and leaves viscid; flowers solitary or in few-flowered cymes; leaves mostly less than 10 mm long"	3
3	"Leaves triangular-cordate, the bases subauriculate"	"Cyphanthera miersiana"
3	"Leaves ovate, elliptic or oblong, the bases cuneate or rounded"	"Cyphanthera microphylla"
