from	statement	to
1	"Floral bracts white or yellow-brown with black or dark brown apex, with 2 parallel grooves on outer surface, the apex acute or tapering to needle-like point (northern Aust.)"	2
1	"Floral bracts black, dark brown or olive-brown, without grooves on outer surface, the apex tapered, mucronate or rounded but never needle-like (southern Aust.)"	3
2	"Leaf blades (when dry, measured in mid section of leaf) 0.3–0.8 mm wide. Testa of mature seeds obtusely tuberculate, tubercle apices smooth, sulcate or rugose on tubercle sides. [Testa cells measured at centre of seed (35–)40–70 μm in longest dimension, 2 per 0.1 mm]"	"Borya stenophylla"
2	"Leaf blades (dry) 0.6–1.1 mm wide, the broadest leaves on a plant 0.9–1.1 mm wide. Testa of mature seeds almost smooth or with low, broad tubercles, centre of cells or tubercles rugose with anastomosing veins (Fig. 1I, L). [Testa cells measured at centre of seed mostly 30–60 μm in longest dimension, c. 2 per 0.1 mm in orientation of longest cell dimension.]"	"Borya subulata"
3	"Perianth pale yellow; scapes usually more than 20 cm long"	"Borya longiscapa"
3	"Perianth white; scapes usually less than 15 cm long"	4
4	"Leaf-margins and longest bract of involucre minutely ciliate; leaf-base constricted below joint; floral bracts black"	"Borya constricta"
4	"Leaf-margins and longest bract of involucre smooth or minutely scabrous; leaf-base not constricted; floral bracts black, brown, olive or green"	5
5	"Upper part of leaf-base elongated, easily seen, the lower margins bearing tangled hairs"	"Borya sphaerocephala"
5	"Upper part of leaf-base not elongated or prominent, the margins hairless or lobed or with rigid bristles that are never tangled"	6
6	"Leaf-base with rigid, ascending, flat bristles which often zig-zag and rarely cross; leaf apex pale yellow"	"Borya nitida"
6	"Leaf-base without hairs, or with a small membranous lobe that may be fringed at apex; leaf apex brown or pale yellow"	7
7	"Plant prostrate, with scape less than 4 cm high; leaves secund, recurved; leaf apex dark brown"	"Borya laciniata"
7	"Plant tufted, with scape more than 5 cm high; leaves straight or slightly curved, arranged uniformly around stem; leaf apex pale yellow or brown"	"Borya scirpoidea"
