from	statement	to
1	"Bristles of fruits 3–5 mm long. Articles large 3–7 mm long"	"Zornia chaetophora"
1	"Bristles of fruits less than 2 mm long. Articles less than 3.5 mm long"	2
2	"Plants epunctate, rarely with a few obscure dots on leaflets and bracts"	3
2	"Plants with conspicuous dots on leaflets"	7
3	"Stems erect"	4
3	"Stems prostrate"	5
4	"Bracts 4–8 mm wide, broadly ovate, obtuse, prominently reticulate-veined. Plants hairy; fruits hairy; bristles long, hairy"	"Zornia albiflora"
4	"Bracts narrow, 1–5 mm wide, elliptic or ovate, acute or acuminate, obscurely reticulate-veined. Plants glabrous or hairy; fruits hairy or glabrous; bristles variable"	"Zornia muriculata subsp. angustata"
5	"Leaflets and bracts less than 2.5 mm wide"	"Zornia muriculata subsp. angustata"
5	"Leaflets and bracts more than 3 mm wide"	6
6	"Leaflets 3–6 mm wide, lower ones usually smaller and broader then upper ones"	"Zornia muriculata subsp. angustata"
6	"Leaflets 6.5–15 mm wide; lower ones rarely smaller than upper ones"	"Zornia prostrata var. prostrata"
7	"Bracts usually very separated, small, 4–7 mm long, 1.5–4 mm wide. Leaflets linear oblong or narrowly elliptic, 1–3.5 mm wide. Articles very bristly, glabrous or finely hairy"	"Zornia areolata"
7	"Bracts overlapping to separated, 7–14 mm long, 2–7 mm wide. Leaflets ovate-oblong or elliptic, 4–13 mm wide. Articles with few peripheral bristles or non bristly, glabrous or hairy"	"Zornia muelleriana subsp. congesta"
