from	statement	to
1	"Ovules 2 in all loculi."	2
1	"Ovules usually 3–12 in all loculi, rarely the ovary with a mixture of 2- and 3-ovulate loculi."	10
2	"Filaments ± terete, less than 0.25 mm wide, free. Seeds lacking an aril, either with a large, longitudinally partitioned cavity on inner surface, or with a large, ± flat hilum."	3
2	"Filaments of antipetalous stamens flat, (0.3–) 0.5–1.2 mm wide, connate at the base. Seeds arillate, without any large cavity or flat hilum."	7
3	"Staminodes 10–21. Seeds 1.6–1.8 mm long, tuberculate; inner surface with a large flat hilum and no partitions. (Merredin–Hatter Hill, W.A)"	"Rinzia torquata"
3	"Staminodes absent or few. Seeds 1.1–1.5 (–1.6) mm long, colliculate; inner surface with a large cavity that is longitudinally divided into 3 parts."	4
4	"Flowers ± sessile within persistent bracteoles. Sepals usually with an obvious pale midrib. Stamens 15, in discrete groups of 3 opposite the petals."	5
4	"Flowers on a pedicel 0.8–5 mm long, the bracteoles shed in bud or flower. Sepals not obviously ribbed or outer ones with a dark keel. Stamens 5–20, ± equidistant, usually not all in groups of three opposite the petals."	6
5	"Stems with numerous short lateral branchlets bearing widely antrorse to patent leaves with a petiole 0.2–0.3 mm long and blade 1.7–3.2 mm long, often also with longer leaves on the main stems. Stamens all separated. (Kangaroo Island, S.A)"	"Rinzia ericaea subsp. insularis"
5	"Stems with usually longer, more erect branchlets bearing antrorse to widely antrorse leaves with a petiole 0.1–0.2 mm long and blade 1.3–1.7 mm long, with longer leaves on the main stems. Stamens sometimes contiguous. (Eyre Peninsula, S.A.–western Vic)"	"Rinzia ericaea subsp. ericaea"
6	"Stipules generally present only on very young leaves. Pedicels 0.8–1.5 mm long. Sepals very dark-coloured, darker than hypanthium. Stamens 5–10 (–13). (Eyre Peninsula & Kangaroo Island, S.A.–lower Darling & Murrumbidgee Rivers area, N.S.W.–Ballarat area, Vic)"	"Rinzia orientalis"
6	"Stipules present on young leaves. Pedicels 1.3–5 mm long. Sepals not much darker than the hypanthium. Stamens (11–) 13–20. (Lort River area–Israelite Bay, W.A)"	"Rinzia icosandra"
7	"Leaves sessile, sometimes sparsely ciliolate to densely ciliate with white hairs. (N of Mt Holland–near Pyramid Lake–Poinier Rock)"	"Rinzia sessilis"
7	"Leaves with a petiole 0.2–0.5 mm long, glabrous."	8
8	"Leaves very thick. Antipetalous filaments not or scarcely emarginate at summit, with papillae inconspicuously coloured and extending down but becoming sparser below summit of filament, i.e. not forming a definite terminal band. (Frank Hann NP–Gnowangerup–Young River area)"	"Rinzia communis"
8	"Leaves usually distinctly broader than thick. Antipetalous filaments often distinctly emarginate at summit, terminating in a white band of papillae."	9
9	"Flowers 5.5–8 mm diam. Stamens 5–10, variable between flowers rather than uniformly 10. Mature style 0.6–1.1 mm long. Seeds 1.3–1.5 mm long, smooth or colliculate, with a slight beak adjacent to each end of the aril. (Brookton Hwy–Collie–Kalgan River area)"	"Rinzia fumana"
9	"Flowers 7.5–13 mm diam. Stamens 10 in all or nearly all flowers. Mature style 1.1–1.6 mm long. Seeds 1.6–2 mm long, tuberculate, not 2-beaked. (Watheroo–near Perth–Brookton)"	"Rinzia crassifolia"
10	"Stamens 15–24, with staminodes sometimes increasing the total number of filaments to a maximum of c. 35. Filaments ± terete."	11
10	"Stamens 5–10 (–12), without staminodes. Filaments flattened."	13
11	"Androecium with 16–24 stamens and no staminodes; antipetalous filaments 1.2–1.7 mm long. Seeds with a small hilum. (Rawlinson Ra. area, W.A.–Macdonnell Ra. area, N.T)"	"Rinzia polystemona"
11	"Androecium with 15 stamens and 5–21 staminodes; antipetalous filaments 0.8–1.3 mm long; staminodes with a connective gland but no thecae. Seeds with a large, ± flat hilum."	12
12	"Leaf blades 0.8–1.2 mm wide, mostly distinctly wider than thick; abaxial surface with a flattened section down the centre, which is narrower than the margins and often hollowed down the middle. Staminodes 10–21. Ovules usually 2 in all loculi, the ovary rarely with a combination of 2- and 3-ovulate loculi. (Merredin–Hatter Hill)"	"Rinzia torquata"
12	"Leaf blades 0.5–0.6 mm wide, about as thick as wide; abaxial surface either uniformly curved or flattened for most of its width. Staminodes 5–11. Ovules usually 3 in all loculi, the ovary rarely with a combination of 3- and 4-ovulate loculi. (Diemals Stn–Moorine Rock area–Coolgardie area)"	"Rinzia triplex"
13	"Antipetalous filaments 5, free, 0.25–0.6 mm wide, attenuate or somewhat narrowed at apex where the anther is inserted such that the anther is versatile. Seeds lacking an aril."	14
13	"Antisepalous filaments absent or up to 5, when present connate by up to 1/3 of their length, but sometimes only very shortly, to the adjacent filaments, 0.5–1 mm wide, emarginate, truncate or obtuse, with non-versatile anther attached to inner surface. Seeds with an obvious aril in most species (vestigial or absent in R. rubra)."	16
14	"Young leaves very rugose-glandular. Mature leaves 5–0.8 mm thick, entire. (Koorda–Coolgardie–near Hunt Ra.–near Norseman)"	"Rinzia carnosa"
14	"Young leaves not very rugose. Mature leaves to 0.4 mm thick, minutely fringed."	15
15	"Leaves thick. Filaments of antipetalous stamens 1.2–1.4 mm long, 0.35–0.6 mm wide. Style 2–2.7 mm long. (Southern Cross area)"	"Rinzia fimbriolata"
15	"Leaves fairly flat. Filaments of antipetalous stamens 0.6–0.8 mm long, 0.25–0.35 mm wide. Style 1.2–1.8 mm long. (Parker Ra)"	"Rinzia medifila"
16	"Leaves discolorous, thin, with slightly to prominently recurved margins. Mature pedicels (4–) 7–37 mm long."	17
16	"Leaves concolorous, usually thick, always with level margins. Mature pedicels 0.8–5 (–6.5) mm long."	19
17	"Leaves obtuse. Ovules 8–12 per loculus. Seeds shortly tuberculate. (Fitzgerald River NP)"	"Rinzia oxycoccoides"
17	"Leaves acute. Ovules 4–8 per loculus. Seeds smooth or colliculate."	18
18	"Flowers 5–8 mm diam. Stamens scarcely connate at base. Ovules 4–6 per loculus. Aril 0.5–0.7 mm long. (near Kordabup–near Bremer Bay)"	"Rinzia schollerifolia"
18	"Flowers 8–13.5 mm diam. Stamens connate for c. 1/4–1/3 of length of antipetalous filaments. Ovules 5–8 per loculus, mostly 6–8. Aril usually 0.8–1 mm long. (Stirling Ra.–Jerramungup area)"	"Rinzia longifolia"
19	"Flowers with anther loculi protruding beyond apex of filament and 5–9 ovules per loculus. Seeds minutely tuberculate; aril vestigial or absent. (Frank Hann NP–Bremer Ra)"	"Rinzia rubra"
19	"Flowers with anther loculi usually exceeded by filament, with only the connective gland protruding, and usually 3–5 ovules per loculus. Seeds smooth; aril obvious, 0.6–1 mm long."	20
20	"Sepals partially maroon, with a whitish border 0.2–0.35 mm wide. Petals white or pale pink. Occurring west of Oldfield River. (near Corrigin–Harrismith–Lake King area)"	"Rinzia affinis"
20	"Sepals almost fully coloured, the whitish border to 0.1 mm wide. Petals bright pink or rarely pale pink to white. Occurring east of Oldfield River. (N of Esperance–Howick Hill)"	"Rinzia dimorphandra"
