from	statement	to
1	"Corolla tube hairy"	2
1	"Corolla tube glabrous"	3
2	"Seed reticulate, the areoles 1-2 times as long as wide; inflorescence 10-20(30) flowered; hairs on the surface of the calyx 0.2-0.5 mm long, at least some 0.4-0.5 mm long"	"Buchnera ramosissima"
2	"Seed longitudinally striate, areoles 1.5-8 times longer than wide; inflorescence (10)30-80 flowered; hairs on the surface of the calyx (if present) 0.1-0.2 mm long, rarely with scattered hairs 0.4-0.7 mm long"	"Buchnera asperta"
3	"Upper leaves 30-70 mm long; hairs on surface of calyx 0.1-0.2 mm long, spreading to slightly retrorse; branches hairy throughout"	"Buchnera linearis"
3	"Upper leaves ca. 0.5 mm long; hairs on surface of calyx 0.05-0.1 mm long, retrorse; branches glabous midway, hairy below and above"	"Buchnera urticifolia"
