from	statement	to
1	"Corolla 5-lobed"	2
1	"Corolla 3- or 4-lobed"	10
2	"Bracts of general involucre with milk-white tips"	3
2	"Bracts of general involucre with hyaline, pale fawn, straw-coloured, or dirty white tips"	5
3	"Plant variably woolly; leaves linear, 1–3 cm long, acute to acuminate"	4
3	"Plant glabrous; leaves linear, 2–4 cm long, with rounded apex"	"Myriocephalus helichrysoides"
4	"Cypsela narrowly cylindrical, without a narrow sterile base; pappus absent"	"Myriocephalus appendiculatus"
4	"Cypsela narrowly top-shaped at base; pappus absent, or a scale, or of 1–3 bristles"	"Myriocephalus rudallii"
5	"Stem simple, erect, not branched; plant glandular puberulous and cottony; pappus absent"	"Myriocephalus nudus"
5	"Plant branched, usually spreading from base, cottony or woolly but without glandular hairs; pappus absent or present"	6
6	"Cypsela narrowly cylindrical or narrowly ellipsoid (sometimes with a very short turbinate base)"	7
6	"Cypsela narrowly top-shaped with a narrow sterile base"	"Myriocephalus walcottii"
7	"Bracts of general involucre with a pale fawn, or straw-coloured, or very pale dirty white hyaline apex; pappus absent or of 1(2) slender bristles"	8
7	"Bracts of general involucre with a glossy transparent hyaline apex; pappus a single firm bristle"	9
8	"Capitula with 2 florets"	"Myriocephalus biflorus"
8	"Capitula with 4 florets"	"Myriocephalus oldfieldii"
9	"Florets 4 per capitulum; twin-hairs on cypsela with an anchor-shaped tip"	"Myriocephalus scalpellus"
9	"Florets 5 per capitulum; twin-hairs on cypsela minutely bidentate"	"Myriocephalus gascoynensis"
10	"Capitular bracts noticeably cartilaginous towards base"	"Myriocephalus occidentalis"
10	"Capitular bracts not cartilaginous towards base"	"Myriocephalus pygmaeus"
