from	statement	to
1	"Leaves mostly < 30 cm long, usually 3–20-sect and often with some secondary division; surfaces of adult leaves glabrous or sparsely to densely sericeous"	2
1	"Leaves mostly 30–42 cm long, simple and linear or 2- or 3-sect with linear to strap-like lobes; surfaces of adult leaves glabrous or almost so"	"Grevillea pyramidalis subsp. longiloba"
2	"Adult leaves glabrous or nearly so; lobes 3–21 mm broad, linear to very narrowly obovate; leaf rachis usually flattened above first node"	"Grevillea pyramidalis subsp. pyramidalis"
2	"Adult leaves usually densely to openly sericeous with lobes 1–5 (–12) mm broad, rarely glabrous or nearly so and then lobes 0.6–1.0 mm broad; leaf rachis ±terete above first node"	"Grevillea pyramidalis subsp. leucadendron"
