from	statement	to
1	"Ovary 3-locular in most flowers; ovules 3-23 per loculus. Fruits dehiscent by valves; style base immersed to the level of the placentas in a long central depression"	2
1	"Ovary functionally 1-locular or 2-locular in most or all flowers; ovules 1-10 in one loculus but often absent or few in the other loculus. Fruits indehiscent or dehiscent, when 1-locular the style base off-centre and only shortly inset"	20
2	"Mature seeds with a thick, shallowly reticulate-pitted or colliculate testa, usually uniformly dark red-brown and strongly contrasting with the white inner protrusion (but with chaff pieces often lacking the colour contrast) or with a reticulate red pattern rather than a uniform one. (Two species that key here can be distinguished by having young stems with crown-shaped outgrowths)"	3
2	"Mature seeds with a thin, uniformly cream to medium brown or red-mottled testa with a smooth, reticulate pattern on the surface (i.e. cells level rather than being pitted or convex)"	7
3	"Plants either with crown-shaped outgrowths on the young stems or with smooth sepals. Seeds uniformly dark red or red-brown at maturity"	4
3	"Plants lacking crown-shaped outgrowths, the sepals strongly ridged or horned. Seeds partially dark red at maturity"	6
4	"Young stems with crown-shaped outgrowths. Stamens 15–35, with 1–11 opposite each sepal and rarely any opposite petals. Outer sepals usually ridged"	5
4	"Young stems fairly smooth. Stamens 40–53, in fascicles of 5–11 opposite each sepal and usually also with a single stamen opposite all or some of the petals. Outer sepals not ridged"	"Astartea cicatricosa"
5	"Petioles 0–0.5 mm long. Peduncles sometimes paired in the axils, much longer than the pedicels at all stages, up to 3-flowered. Ovules 10-16 per loculus. Occurring well inland"	"Astartea muricata"
5	"Petioles 0.5–0.8 mm long. Peduncles always solitary, much shorter than to much longer than the pedicels in late flower and in fruit, always 1-flowered. Ovules 6-12(-14) per loculus. Occurring on or near the south coast"	"Astartea aspera"
6	"Petioles 1–1.5 mm long. Hypanthium rather strongly 10-ribbed. Occurring in gullies on quartzite"	"Astartea decemcostata"
6	"Petioles 0.4–0.8 mm long. Hypanthium not ribbed or somewhat 5-ribbed. Occurring in swamps or along creek lines"	"Astartea reticulata"
7	"Young stems prominently winged; wings distinctly expanded at the apex. Pedicels usually much longer than the peduncles. Occurring in very damp habitats, often in gullies"	"Astartea pulchella"
7	"Young stems not winged to moderately winged; wings (when present) fairly uniformly expanded. Pedicels usually shorter than, or similar in length to, the peduncles. Occurring in varied damp habitats including granite outcrops, swamps and river banks"	8
8	"Hypanthium (of old buds and young flowers) deeply reticulate-pitted. Petals usually pale to medium pink"	9
8	"Hypanthium (of old buds and young flowers) smooth or somewhat rugose or with oil glands prominent, but not very pitted. Petals usually white or pale pink"	11
9	"Shrubs with a lignotuber. Staminodes often present on margins of fascicles or opposite petals. Occurring mainly on and between peaks in a mountain range"	"Astartea montana"
9	"Single-stemmed shrubs. Staminodes absent. Occurring on the margins of swamps"	10
10	"Peduncles 2–4 mm long. Stamens 5–11, with 0–3 per sepal, mostly not in fascicles. Occurring east of Hopetoun"	"Astartea astarteoides"
10	"Peduncles (2–)4–10 mm long. Stamens usually 15–21, with 1–6 per sepal, all or mostly in fascicles. Occurring west of Hopetoun"	"Astartea glomerulosa"
11	"Plants restricted to granite outcrops or coastal granite. Flowers 8-15 mm diam. Stamens 5-13 per fascicle, flanked by staminodes in one species, the other two species with long-horned sepals"	12
11	"Plants associated with watercourses and runoff areas from rocks and swamps. Flowers 4–11 mm diam. Stamens 0–11 opposite each stamen, if sepals long-horned then some fascicles absent or with less than 5 stamens"	14
12	"Young stems with prominently thickened, pale pale grey stripes below each petiole and alternating with reddish brown stripes. Sepals prominently ridged, not horned. Stamen fascicles flanked by 1 or 2 long staminodes. Ovules 14–23 per loculus. Occurring on coastal granite"	"Astartea fascicularis"
12	"Young stems with thinner, more irregular, pale grey stripes. Sepals long-horned. Stamen fascicles mostly without any staminodes. Ovules 10–15 per loculus. Occurring in soil pockets on granite outcrops"	13
13	"Single-stemmed shrubs, killed by fires. Mature seeds produced copiously, uniformly coloured (Granite outcrops north of Walpole)"	"Astartea granitica"
13	"Lignotuberous shrubs, resprouting after fires. Mature seeds apparently rarely produced, partially red (Granite outcrops north of Broke Inlet)"	"Astartea middletonii"
14	"Seeds developing reddish markings. (Sepals prominently horned in both species)"	15
14	"Seeds uniformly off-white to golden brown"	16
15	"Shrub 0.5–2 m high. Peduncles 4–7 mm long. Flowers 8–11 mm diam"	"Astartea schaueri"
15	"Shrub usually 0.3–0.5 m high. Peduncles 1.5–3.5 mm long. Flowers 4–6.5 mm diam."	"Astartea corniculata"
16	"Tall shrub or small tree to 5 m high, single-stemmed or with a row of stems through layering (usually with particularly slender leaves). Restricted to river banks subject to destructive flooding"	"Astartea leptophylla"
16	"Small to tall shrubs 0.3–3 m high, lignotuberous or single-stemmed, not layering. Associated with swamps or other wetlands, not on major river banks"	17
17	"Shrubs single-stemmed or multi-branched at the base, not lignotuberous"	18
17	"Lignotuberous shrubs, resprouting by multiple close basal shoots"	19
18	"Outer sepals strongly ridged or shortly horned; horn up to 0.4 mm long. Stamens 21–31, all in antisepalous fascicles of 3–8. Ovules 7–14 per loculus"	"Astartea eobalta"
18	"Outer sepals prominently horned; horn 0.9–1.4 mm long. Stamens 6–18, some (rarely all) in antisepalous fascicles of 2–5, usually with solitary stamens or no stamens opposite at least one of the sepals. Ovules 3–9 per loculus"	"Astartea onycis"
19	"Young stems usually with a delicate-looking, grey epidermis dotted with small dark glands, with leaves mostly in fascicles. Outer sepals smooth to strongly ridged, not horned"	"Astartea scoparia"
19	"Young stems not as above, the leaves mostly not in fascicles. Outer sepals with a horn 0.3–1 mm long"	"Astartea affinis"
20	"Flowers 1.5–2.5 mm diam. Stamens 3–5, not in fascicles. Ovary functionally 1-locular, with 1 or rarely 2 ovules"	21
20	"Flowers 3.5–6.5 mm diam. Stamens usually more than 5, often in antisepalous fascicles. Ovary functionally 1- or 2-locular, usually with several ovules per loculus"	22
21	"Leaves mostly not in fascicles, always opposite, 2.5–5 mm long. Fruits with the hypanthium somewhat compressed bilaterally; seed obliquely positioned, ± broadly ovoid, off-white to golden brown"	"Astartea arbuscula"
21	"Leaves mostly in dense fascicles, sometimes in whorls of three, 2–2.5 mm long. Fruits not compressed; seed transverse, ± reniform, with reddish markings"	"Astartea transversa"
22	"Ovary functionally 2-locular, with 2–10 ovules per loculus. Fruits usually dehiscent"	23
22	"Ovary functionally 1-locular, with 1–6 ovules. Fruits (where known) indehiscent"	24
23	"Leaves mostly in fascicles, 2.5–4.5 mm long. Outer sepals with a prominent dorsal horn 0.4–1 mm long"	"Astartea corniculata"
23	"Leaves mostly not in fascicles, 4–10 mm long. Outer sepals smooth to strongly ridged"	"Astartea zephyra"
24	"Petals deep pink. Stamen filaments 0.5-0.6 mm long. Style 0.6–0.8 mm long"	"Astartea arbuscula × corniculata"
24	"Petals white or pale pink. Stamen filaments 0.6-1.1 mm long. Style 1.2–1.6 mm long"	"Astartea zephyra"
