from	statement	to
1	"Mature plants with few or no leaves; if leaves present, these either normal sized and basal or very reduced and cauline"	"Samolus junceus"
1	"Mature plants with basal and/or cauline leaves well developed"	2
2	"Stoloniferous or rhizomatous perennials with erect lateral branches and mainly cauline leaves; plants in or near saline swamps or marshes near the coast or around mound springs in arid areas"	"Samolus repens"
2	"Erect annual or perennial tufted herbs with basal and/or cauline leaves; plants of either fresh water areas or of dry habitats in arid regions"	3
3	"Calyx lobes obtuse, much shorter than the entire portion, anthers globose, less than 0.5 mm long, without terminal appendage"	"Samolus valerandii"
3	"Calyx lobes acute, approximately twice as long as entire part, anthers narrower than long, c. 1 mm long with terminal appendage"	4
4	"Basal leaves only, in dense rosette with brown wide scarious margins; margins of saline lakes"	"Samolus caespitosus"
4	"Basal and cauline leaves present, without brown scarious margins; edges freshwater creeks"	"Samolus eremaeus"
