from	statement	to
1	"Stems with conspicuous long, spreading non-glandular hairs"	"Epilobium hirtigerum"
1	"Stems without conspicuous long, spreading non-glandular hairs, if spreading the pubescence glandular"	2
2	"Seeds finely but conspicuously striate, very narrowly obovoid; petals to 5.5 mm long"	"Epilobium ciliatum"
2	"Seeds not conspicuously striate or if somewhat striate then obovoid; petals more or less than 5.5 mm long"	3
3	"Leaf bases not decurrent"	"Epilobium billardiereanum"
3	"Leaf bases decurrent, forming ridges on the stem"	"Epilobium tetragonum subsp. tetragonum"
