from	statement	to
1	"Pedicelled spikelets ±similar to sessile spikelets"	2
1	"Pedicelled spikelets very different to sessile spikelets"	"Bothriochloa decipiens var. cloncurrensis"
2	"Racemes not subdigitate; on a main axis 4-14 cm long"	"Bothriochloa bladhii subsp. bladhii"
2	"Racemes subdigitate; on a main axis less than 4 cm long"	3
3	"Leaf blades with a distinctive white marginal band; spikelets not or very rarely pitted"	"Bothriochloa ewartiana"
3	"Leaf blades without distinctive white marginal band; spikelets always pitted"	"Bothriochloa pertusa"
