from	statement	to
1	"Leaves densely hairy below or on both surfaces"	2
1	"Leaves glabrous excepting a few hairs on nerves"	4
2	"Procumbent shrub on sandy sea-shores; stem creeping, rooting at nodes; leaves mostly 1-foliolate, rotund or rotund-obovate, pubescent-tomentulose all over, usually smile, sometimes with a petiole 1-5 (-10) mm long"	"Vitex rotundifolia"
2	"Erect shrubs or small trees along the coast or inland; stems neither creeping nor rooting at nodes; leaves mostly 3-5-foliolate, sometimes 1-2-foliolate; leaflets lanceolate, elliptic-lanceolate, ovate or oblanceolate, glabrescent or greyish-velutinous above, petiolate, petiole 10-60 mm long"	3
3	"Leaflets greyish-velutinous all over; ovary vinous at the top, not glandular"	"Vitex velutinifolia"
3	"Leaflets glabrescent above, greyish-tomentose or pubescent beneath; ovary glabrous, glandular"	"Vitex trifolia var. subtrisecta"
4	"Inflorescence axillary towards the ends of branches; cymes lax, arranged in a dichotomously branched thyrse; calyx and corolla not glandular outside; filaments glandular, villous towards the base"	"Vitex glabrata"
4	"Inflorescence terminal; cymes arranged in a pyramidal thyrse; calyx and corolla glandular outside; filaments not glandular, glabrous in the upper half, villous towards the base"	"Vitex acuminata"
