from	statement	to
1	"Leaves 2.5–7 mm long, orbicular-reniform to obcordate (sometimes broadly ovate at shoot tips), L:B mostly 0.65–0.96; calyx 2.0–2.5 mm long"	"Grammosolen archeri"
1	"Leaves 7–30 mm long, ovate, ovate-elliptic, ovate-triangular (sometimes broadly so) or subcordate, L:B mostly 0.8–3.8; calyx 2.5–7 mm long"	2
2	"Leaves conspicuously petiolate, with petiole 2–4 mm long; leaf base cuneate; indumentum very densely and closely tomentose with multiangulate-dendritic hairs 0.05–0.15 mm long above and below"	"Grammosolen truncatus"
2	"Leaves of subsessile appearance, with petiole 0.5–1.5 mm long, rarely 3 mm long in larger leaves; leaf base rounded-truncate, cordate, cuneate or attenuate; indumentum densely to very densely tomentose to lanate- tomentose with multangulate-dendritic and verticillately-branched hairs 0.2–1.0 mm long"	"Grammosolen odgersii"
