from	statement	to
1	"Leaves terete and simple (usually divided in I. adenanthoides, I. divergens, I. scabriusculus subsp. scabriusculus and I. teretifolius)"	2
1	"Leaves not as above"	9
2	"Tepals hairy on the whole of the outer surface or at least on the whole of the claw"	3
2	"Tepals with a terminal tuft of hairs, glabrous on all or most of claw"	6
3	"Inflorescences usually pendulous, occasionally erect; branchlets with straight or somewhat curved hairs but no coiled hairs present. Involucral bracts glabrous or partially hairy outside; hairs appressed, ± straight"	"Isopogon teretifolius"
3	"Inflorescences always erect; branchlets covered with short coiled hairs, sometimes also with long straight hairs. Involucral bracts densely hairy outside; hairs spreading and/or coiled"	4
4	"Tepals cream or yellow. Mature leaves 20–65 mm long"	"Isopogon autumnalis"
4	"Tepals pink. Mature leaves 80–180 mm long"	5
5	"Leaves 2.5–3 mm wide. Mature tepals > 20 mm long; longest hairs c. 2 mm long"	"Isopogon robustus"
5	"Leaves 1–1.7 mm wide. Mature tepals < 20 mm long; longest hairs < 1 mm long"	"Isopogon scabriusculus"
6	"Branchlets villous. Mature leaves 12–26 mm long, with fine spreading hairs"	"Isopogon adenanthoides"
6	"Branchlets glabrous or minutely hairy. Mature leaves 22–180 mm long, ± glabrous or with appressed hairs"	7
7	"Flower heads pendulous. Young branchlets with ± appressed, straight hairs or glabrous"	"lsopogon nutans"
7	"Flower heads erect. Young branchlets minutely hairy with coiled hairs (these sometimes restricted to small patches adjacent to axils, with the rest of the stem glabrous), sometimes also with some straighter hairs"	8
8	"Stem directly below the inflorescence usually glabrous (although with minute, coiled hairs on young branchlets). Leaves usually 0.7–1 mm wide, rarely up to 1.4 mm wide. Mature cones with a neat, regular outline produced by numerous, tightly packed rows of cone scales"	"lsopogon divergens"
8	"Stem directly below the inflorescence with minute, coiled hairs. Leaves 1.3–4 mm wide. Mature cones with an irregular outline resulting from few rows of somewhat protruding cone scales"	"lsopogon scabriusculus"
9	"Leaves terete and divided"	10
9	"Leaves flat or slightly concave, entire or divided"	19
10	"Flowers creamy yellow or yellow"	11
10	"Flowers dirty white tinged with pink, creamy pink, reddish, purple or mauve"	12
11	"Shrub to 0.6 m tall; petiole to c. 13 cm long; lamina to c. 12 cm long; flowers to 20 mm long"	"Isopogon villosus"
11	"Shrub to 1.6 m tall; petiole to c. 25 mm long; lamina to c. 4 cm long; flowers to 30 mm long"	"Isopogon gardneri"
12	"Perianth completely glabrous"	"Isopogon asper"
12	"Perianth hirsute, villous, densely pubescent or largely glabrous but with a tuft of hairs at the apex of each tepal"	13
13	"Perianth hirsute, villous or densely pubescent; flowers creamy pink, pink, or dirty white tinged with pink or purple"	14
13	"Perianth glabrous but with a tuft of hairs at the apex of each tepal; flowers pale to dark pink, reddish or mauve"	16
14	"Flowers drooping, grey-hirsute; low shrub to 0.8 m tall"	"Isopogon inconspicuus"
14	"Flowers not drooping, villous or densely pubescent; shrub to 2 m tall"	15
15	"Flowers densely pubescent, to c. 15 mm long; shrub to 2 m tall"	"Isopogon teretifolius"
15	"Flowers villous, to c. 30 mm long; shrub to 1.6 m tall"	"Isopogon gardneri"
16	"Mature leaves to c. 5.5–18 cm long, ±glabrous, variously divided but not trifid"	17
16	"Mature leaves 1.2–2.6 cm long, with long, fine, spreading hairs, trifid or occasionally simple"	"Isopogon adenanthoides"
17	"Leaves with a shallow longitudinal groove"	"Isopogon formosus"
17	"Leaves lacking a shallow longitudinal groove"	18
18	"Leaves usually pinnate, occasionally simple; branchlets glabrous; flowers to 25 mm long"	"Isopogon divergens"
18	"Leaves forked; branchlets minutely pubescent; flowers to c. 18 mm long"	"Isopogon scabriusculus"
19	"Leaves undivided; margins entire"	20
19	"Leaves variously divided or lobed"	29
20	"Flowers pink to mauve to purplish pink"	21
20	"Flowers white, creamy white, greenish, creamy yellow, yellow or creamy green"	25
21	"Inflorescence terminal, sometimes clustered towards the end of the branchlets; flowers glabrous or with a tuft of hairs at the apex of each tepal"	22
21	"Inflorescence axillary; flowers villous-plumose towards the apex"	"Isopogon axillaris"
22	"Perianth glabrous"	"Isopogon linearis"
22	"Perianth with a tuft of hairs at the apex of each tepal"	23
23	"Inflorescence terminal or clustered towards the ends of the branchlets, to 2 cm long; flowers 10–15 mm long"	"Isopogon buxifolius"
23	"Inflorescence terminal, solitary, to 8 cm diam.; flowers to c. 35 mm long"	24
24	"Lamina narrowly obovate to oblong-obovate; apex obtuse; flowers c. 25 mm long"	"Isopogon cuneatus"
24	"Lamina obovate to broadly elliptic; apex acute; flowers c. 35 mm long"	"Isopogon latifolius"
25	"Erect bushy shrub, 1–2.5 m tall; lamina apex never uncinate"	26
25	"Tufted shrub to 0.4 m tall; lamina apex usually uncinate"	"Isopogon uncinatus"
26	"Flowers with a tuft of hairs on the apex of each tepal; lamina to 3.5 cm long"	"Isopogon buxifolius"
26	"Flowers silky-villous or the limb and sometimes part of the tube villous; lamina to 16 cm long"	27
27	"Flowers silky-villous; shrub to 2.5 m tall; inflorescence solitary"	"Isopogon longifolius"
27	"Flowers with the limb and sometimes part of the tube villous"	28
28	"Leaves glabrous, oblong-spathulate to ±linear; lamina margins not recurved; petiole to c. 5 cm long"	"Isopogon attenuatus"
28	"Leaves often remaining hirsute, linear to narrowly obovate; lamina margins often recurved; petiole not discernible"	"Isopogon sphaerocephalus"
29	"Flowers white, silvery white, creamy white, pale grey, pink or purple"	30
29	"Flowers creamy yellow or yellow"	35
30	"Lamina canaliculate"	"Isopogon dubius"
30	"Lamina not canaliculate"	31
31	"Flowers to 35 mm long, greyish-villous"	"Isopogon baxteri"
31	"Flowers to 30 mm long, glabrous except for a tuft of hairs on the apex of each tepal, or pubescent or silky"	32
32	"Lamina to 6.5 cm long"	33
32	"Lamina to c. 18 cm long"	34
33	"Leaves once or twice ternately divided; lamina to 4 cm long; flowers reddish pink"	"Isopogon crithmifolius"
33	"Leaves simple, 3-toothed; lamina, to 6.5 cm long; flowers mostly white"	"Isopogon tridens"
34	"Shrub to 2 m tall; flowers pink or red, with a tuft of hairs at the apex of each tepal, the tube glabrous or pubescent"	"Isopogon scabriusculus"
34	"Low shrub, to 0.45 m tall; flowers yellowish, densely silky towards the top"	"Isopogon alcicornis"
35	"Low shrub to 45 cm tall; lamina 10–40 cm long; flowers white or pink, 15–20 mm long"	"Isopogon alcicornis"
35	"Shrub to 2–2.5 m tall; lamina to 15.5 cm long; flowers cream to yellow, 8–15 mm long"	36
36	"Flowers c. 8–10 mm long, silky-pubescent; lamina 3–9-toothed to deeply 3–5-lobed, 2–5.5 cm long"	"Isopogon trilobus"
36	"Flowers to c. 15 mm long, silky-villous; lamina simple or deeply 2–3-lobed, c. 15.5 cm long"	"Isopogon longifolius"
