from	statement	to
1	"Flower with corona"	2
1	"Flower lacking a corona"	3
2	"Perianth and corona white; leaves 2-35 cm wide"	Proiphys
2	"Perianth white, yellow, pink or purple; corona yellow, orange or pink; leaves 0.5-2.5 cm wide"	Narcissus
3	"Perianth segments free or only shortly fused"	4
3	"Perianth segments conspicuously fused"	Crinum
4	"Anther dehiscence apical"	"Leucojum: Leucojum aestivum"
4	"Anther dehiscence longitudinal"	5
5	"Anther filaments swollen at base"	"Nerine:Nerine bowdenii"
5	"Anther filaments not swollen at base"	"Amaryllis: Amaryllis belladonna"
