from	statement	to
1	"Leaves compound"	2
1	"Leaves simple"	8
2	"Leaves pinnate"	3
2	"Leaves 2–3-pinnate"	"Melia: Melia azedarach"
3	"Leaflets serrate"	"Azadirachta: Azadirachta indica"
3	"Leaflets entire"	4
4	"Disc usually tubular, surrounding or obscuring ovary"	Dysoxylum
4	"Disc absent or, at least, not surrounding and obscuring ovary"	5
5	"Seeds winged or corky"	6
5	"Seeds neither winged nor corky"	7
6	"Seeds winged"	"Khaya: Khaya senegalensis"
6	"Seeds unwinged, with a corky or woody outer covering"	Xylocarpus
7	"Indumentum of simple hairs; anthers 8 or 10"	Owenia
7	"Indumentum of stellate hairs and/or stellate or peltate scales (sometimes sparse); anthers 3–6"	Aglaia
8	"Fruit a berry"	"Vavaea: Vavaea amicorum"
8	"Fruit a dehiscent capsule"	"Turraea: Turraea pubescens"
