from	statement	to
1	"Longest peduncles 5-9 mm long; sepals 3.8-4 mm long; petals 1.6-2 mm long"	"Verticordia densiflora var. pedunculata"
1	"Longest peduncles 1.5-4mm long; sepals 2-3.5mm long; petals 0.8-1.9mm long"	2
2	"Flower groups small, more or less rounded; floral leaves 2-2.5 mm wide"	3
2	"Flower groups corymb-like; floral leaves 0.8-1.2 mm wide"	4
3	"Flowers pink or pink and cream"	"Verticordia densiflora var. roseostella"
3	"Flowers yellow or cream"	"Verticordia densiflora var. stelluligera"
4	"Sepals 2-2.2mm long; petals 0.8-1 mm long"	"Verticordia densiflora var. densiflora"
4	"Sepals 2.5-3.5 mm long; petals 1.3-1.9 mm long"	"Verticordia densiflora var. cespitosa"
