from	statement	to
1	"Achenes without evident marginal ridges or facial ribs"	"Vittadinia pustulata"
1	"Achenes with marginal ridges developed and often prominent, lateral faces with or without ribbing"	2
2	"Achenes with without ribs on the lateral faces"	3
2	"Achenes with 3–7 ribs on the lateral faces (apart from the marginal ridges)"	4
3	"Involucral bracts dorsally clothed with short gland-tipped hairs projecting from surface, septate hairs absent"	"Vittadinia eremaea"
3	"Involucral bracts with septate dorsal hairs conspicuously longer than gland-tipped ones if the latter are present"	"Vittadinia humerata"
4	"Facial ribs convergent below or near summit, often varying in thickness with some or all failing to reach the summit between the marginal ridges which are thickened by fusion with adjacent ribs"	5
4	"Facial ribs not or scarcely convergent, often parallel for the length of the achene, all or almost all ribs continued to summit, lateral ribs free form marginal ridges or (less often) fused with them for almost their whole length"	8
5	"Lower portion of the achenes bearing appressed hairs on facial areas and (or only) on lower parts of the ridges, glandular hairs usually present on the faces (Vittadinia cervicularis)"	6
5	"Lower portion of achenes glabrous or almost so apart from short appressed basal hairs near callus, glandular hairs absent, some facial ribs extending almost or quite to the summit"	"Vittadinia sulcata"
6	"Intermediate and inner involucral bracts with slender acuminate ciliate apices bearing an apical tuft of cilia; achenes with glandular hairs (often viscid) always numerous, especially on broader upper portion and narrow neck (if present), facial ribs rarely more than 5 per face, usually with a distinct neck (to 3 mm long) formed of thickened marginal ridges"	"Vittadinia cervicularis var. cervicularis"
6	"Intermediate and inner involucral bracts without attenuate ciliate apices, though sometimes with scanty apical cilia; glandular hairs on achenes minute, scanty or apparently absent, faces with 5–7 ribs of which 2–4 extend to summit between ridges, narrowed above or with a short neck"	7
7	"Plants sparsely strigose; achenes 8–9 mm long, commonly narrowed or with a short neck below the pappus"	"Vittadinia cervicularis var. occidentalis"
7	"Plants scabrid-hirsute; achenes 5.5–7 mm long, narrowed above but without distinct neck"	"Vittadinia cervicularis var. oldfieldii"
8	"Marginal ridges of achenes glabrous except near basal tuft or (rarely) with a few hairs near the summit"	9
8	"One or both of the marginal ridges with hairs, these similar to those of the faces"	12
9	"Inner involucral bracts acuminate (but apices not finely attenuate though often ciliate); leaves oblanceolate to elliptical, with or without a pair of lateral teeth or lobes in upper third; achenes with almost all facial ribs continued to base (Vittadinia australasica)"	10
9	"Inner involucral bracts obtuse to acute with short ciliate apices, if acuminate then plants very slender and leaves linear-terete and channeled above or linear and conduplicate; achenes with facial ribs coalescent in lower portion"	"Vittadinia blackii"
10	"Involucral bracts minutely pubescent with glandular hairs or subglabrous"	11
10	"Involucral bracts with scattered strigose septate hairs, stems and leaves with strigose septate hairs, underlying minute glandular hairs less evident than above or apparently absent"	"Vittadinia australasica var. oricola"
11	"Stems and leaves with numerous minute glandular hairs (more or less viscid), septate hairs few and often mostly restricted to margins of leaves and midrib of lower surface"	"Vittadinia australasica var. australasica"
11	"Stems with scanty, often crumpled, minute hairs mixed with minute glandular hairs; leaves subglabrous apart from marginal septate hairs; or plants appearing almost glabrous"	"Vittadinia australasica var. subglabra"
12	"Leaves cuneate, oblanceolate or obovate or if spathulate then without a very narrow lower portion, usually conduplicate, entire or with a pair of lobes above the middle of terminal part of lamina; involucres usually more than 6 mm long"	13
12	"Leaves broadly spathulate with upper part one or twice trifid above very narrow base(uppermost leaves sometimes entire), not or rarely conduplicate; involucres less than 6 mm long"	"Vittadinia dissecta var. hirta"
13	"Vestiture strigose on stems and leaves or spreading on stems and strigose on leaves"	"Vittadinia cuneata var. cuneata"
13	"Vestiture softly woolly tomentose, at least on the stems"	14
14	"Perennial; vestiture of dense woolly or cottony tomentum on stems and commonly also on leaves and involucral bracts; achenes oblanceolate, upper portion with loose hairs which do not obscure underlying glandular hairs"	"Vittadinia gracilis"
14	"Annual; stems woolly tomentose, leaves with shorter woolly-strigose hairs; achenes slender compressed-turbinate, upper portion densely clothed with short blunt mostly appressed hairs which tend to be more numerous in the grooves between ribs, glandular hairs not evident"	"Vittadinia nullarborensis"
