from	statement	to
1	"Flowers sessile or subsessile, in few-flowered clusters or in dense heads; corolla yellow"	2
1	"Flowers pedicellate; inflorescence an open panicle; corolla yellow or white"	3
2	"Calyx tube and sometimes lobes covered in long fine hairs; capsule thinly membranous, breaking or dehiscing irregularly; seed smooth and shining"	"Liparophyllum capitatum"
2	"Calyx glabrous; capsule thickly chartaceous, splitting into 4 valves; seed dull and carunculate"	"Liparophyllum congestiflorum"
3	"Corolla white; seeds with spinescent tubercules, without a conspicuous caruncle"	"Liparophyllum lasiospermum"
3	"Corolla yellow; seeds smooth, with a conspicuous translucent caruncle"	4
4	"Small stoloniferous, mat-forming, perennial herb; flowering stems < 150 mm, cauline leaves usually absent or few near base"	"Liparophyllum violifolium"
4	"Erect perennial herb; flowering stems > 300 mm high, cauline leaves 1–4 at each of lower nodes"	"Liparophyllum latifolium"
