from	statement	to
1	"Leaflets to 5.5 mm long, 1-2 times longer than wide"	2
1	"Leaflets more than 10 mm long, more than twice as long as wide"	3
2	"Erect subshrub to 70 cm; leaflets oblong or orbicular, moderately pilose on both surfaces; pods of 1 or 2 densely appressed-hairy articles"	"Aphyllodium beardii"
2	"Prostrate subshrub; leaflets narrowly ovate with more or less appressed hairs; pods of 2 or 3 articles, appressed hairy on veins"	"Aphyllodium parvifolium"
3	"Bracteoles 5-9 mm long, more than 1.5 times longer than calyx"	"Aphyllodium schindleri"
3	"Bracteoles to 5 mm long, only slightly longer than calyx"	4
4	"Distal (or single) article of pod 7-9 mm long"	"Aphyllodium glossocarpum"
4	"Articles of pod less than 5.5 mm long"	5
5	"Leaflets +/- acute; stipules 10-20 mm long; petioles 10-16 mm long"	"Aphyllodium stylosanthoides"
5	"Leaflets obtuse; stipules 6-15 mm long; petioles 3-11 mm long"	"Aphyllodium biarticulatum"
