from	statement	to
1	"Keel with two awn-like or boss-like appendages on or near the keel apex"	2
1	"Keel without appendages on apex"	4
2	"Keel appendage awn-like or attenuate"	"Swainsona cornuta"
2	"Keel appendage boss-like or rounded"	3
3	"Style apex with abaxial tuft of hairs"	"Swainsona incei"
3	"Style apex without abaxial tuft of hairs"	"Swainsona canescens"
4	"Style geniculate"	5
4	"Style not geniculate"	17
5	"Abaxial tuft of hairs present behind the style tip or rarely with a row of sparse hairs"	6
5	"Abaxial tuft or row of hairs absent behind style tip"	13
6	"Bracteoles longer than or equal to calyx tube"	7
6	"Bracteoles minute, shorter than calyx tube"	8
7	"Calyx lobes narrow; keel greenish-yellow"	"Swainsona flavicarinata"
7	"Calyx lobes broad; keel not greenish-yellow"	"Swainsona disjuncta"
8	"Hypanthium with sparse appressed turgid hairs; fruit tightly curved with ornamented surface and appressed turgid hairs"	9
8	"Hypanthium with fine spreading hairs; fruit straight, not ornamented with turgid hairs"	10
9	"Leaflets 1-7, 10-50 mm long"	"Swainsona cyclocarpa"
9	"Leaflets 9-13, 1-7 mm long"	"Swainsona halophila"
10	"Calyx lobes clearly longer than the calyx tube; upper wing surface with curved white marking"	"Swainsona katjarra"
10	"Calyx lobes clearly shorter than the calyx tube; upper wing surface without markings"	11
11	"Leaves broadly obovate to ovate, unifoliate leaves common"	"Swainsona unifoliata"
11	"Leaves narrowly lanceolate to elliptic rarely with unifoliate leaves"	12
12	"Stem hairs appressed; pulvinus at base of peduncle obvious, dark in colour, hairy"	"Swainsona oroboides"
12	"Stem hairs patent; pulvinus at base of peduncle not apparent"	"Swainsona picta"
13	"Adaxial hairs in two distinct rows on distal portion of style; fruit glabrous except for row of hairs at the base of the suture"	"Swainsona pterostylis"
13	"Adaxial hairs in a single row on distal portion of style; fruit with scattered hairs"	14
14	"Standard with two vertical thickenings sometimes merged at the claw"	15
14	"Standard with hardened tissue at the apex of the claw, without two vertical thickenings"	16
15	"Sinus of the wing broad and rounded"	"Swainsona paucifoliata"
15	"Sinus of the wing narrowly tapering"	"Swainsona tenuis"
16	"Standard apex with a mucronate tip"	"Swainsona campestris"
16	"Standard apex without a mucronate tip"	"Swainsona oroboides"
17	"Tuft of hairs present on abaxial surface of style"	18
17	"Tuft of hairs absent on abaxial surface of style"	33
18	"Ovary and fruit variously hairy"	19
18	"Ovary and fruit glabrous"	29
19	"Leaves and stems with ascending or appressed turgid hairs"	20
19	"Leaves and stems with spreading or ascending fine hairs"	25
20	"Leaves and stems without medifixed hairs"	21
20	"Leaves and stems with medifixed hairs"	24
21	"Bracts narrowly lanceolate to ovate; bracteoles attenuate"	22
21	"Bracts broadly ovate; bracteoles ovate"	23
22	"Erect annual herb; flowers mauve to maroon; fruit 10-13 mm long"	"Swainsona complanata"
22	"Prostrate annual or perennial herb; flowers cream-green or sometimes tinged pink; fruit 10-25 mm long"	"Swainsona oliveri"
23	"Stipules strongly toothed; standard > 8 mm wide, with thickenings at the base"	"Swainsona laciniata"
23	"Stipules sparsely lobed; standard < 8 mm wide, without thickenings at the base"	"Swainsona paradoxa"
24	"Flowers 1-4 per raceme, without pulvinus at base of peduncle"	"Swainsona rotunda"
24	"More than 5 flowers per raceme, with pulvinus at base of peduncle"	"Swainsona microcalyx"
25	"Inflorescences with 1-3 flowers"	"Swainsona leeana"
25	"Inflorescences with > 4 flowers"	26
26	"Flowers > 15 mm long"	"Swainsona ecallosa"
26	"Flowers < 10 mm long"	27
27	"Calyx lobe broad-triangular, clearly shorter than calyx tube"	"Swainsona complanata"
27	"Calyx lobe narrow-triangular, equal to or longer than calyx tube"	28
28	"Keel auricle recurved"	"Swainsona decurrens"
28	"Keel auricle broad-erect"	"Swainsona villosa"
29	"Leaves and stems variously hairy; fruit < 10 mm long"	30
29	"Leaves and stems glabrous; fruit ³ 10 mm long"	32
30	"Stems and leaves usually with dense (sometimes sparse) long, fine spreading hairs"	"Swainsona decurrens"
30	"Stems and leaves with dense (sometimes sparse) turgid hairs"	31
31	"Leaves usually with 7-25 leaflets; style tip narrowing from the top with narrowed piece variously extended"	"Swainsona affinis"
31	"Leaves usually with 21-41 leaflets; style tip usually truncate"	"Swainsona microphylla"
32	"Stipules broadly elliptical; fruit 30-40 mm long"	"Swainsona colutoides"
32	"Stipules narrowly lanceolate; fruit 10-12 mm long"	"Swainsona stenodonta"
33	"Keel > 25 mm long"	34
33	"Keel < 25 mm long"	35
34	"Keel long and tapering to a point; sprawling annual or short-lived perennial"	"Swainsona formosa"
34	"Keel rounded; erect annual to 2 m"	"Swainsona maccullochiana"
35	"Stipule lobes present"	36
35	"Stipule lobes absent"	43
36	"Pulvinus absent at base of peduncle"	37
36	"Pulvinus present at base of peduncle"	38
37	"Hypanthium with long spreading hairs; calyx lobes ± twice as long as tube"	"Swainsona elegantoides"
37	"Hypanthium with short appressed turgid hairs; calyx lobes shorter than or equal to tube"	"Swainsona tanamiensis"
38	"Hypanthium with turgid appressed hairs"	"Swainsona gracilis"
38	"Hypanthium with long fine spreading hairs"	39
39	"Keel > 15 mm long"	"Swainsona beasleyana"
39	"Keel < 12 mm long"	40
40	"Keel to 9 mm long; auricle barely visible"	41
40	"Keel greater than 10 mm long; auricle clearly visible"	42
41	"Calyx lobes twice the length of tube; fruit with long pilose hairs, >1 mm long"	"Swainsona longipilosa"
41	"Calyx lobes shorter than tube; fruit with short hairs, < 0.4 mm long"	"Swainsona sp. Burnerbinmah (D. Edinger et al. 38)"
42	"Keel conspicuously longer than the wings; lamina on wing auricle glabrous"	"Swainsona calcicola"
42	"Keel scarcely longer than the wings; lamina on wing auricle hairy"	"Swainsona elegans"
43	"Calyx tube glabrous (or rarely with the odd hair)"	44
43	"Calyx tube conspicuously hairy"	48
44	"Pulvinus present at base of peduncle"	"Swainsona pedunculata"
44	"Pulvinus absent at base of peduncle"	45
45	"Stipules ovate, leaf-like, 6-20 mm long"	"Swainsona kingii"
45	"Stipules attenuate not leaf-like, < 5 mm long"	46
46	"Wing crescent-shaped, much longer than keel"	"Swainsona campylantha"
46	"Wings straight, much shorter than keel"	47
47	"Stems erect, glabrous or with fine hairs; flowers dark red"	"Swainsona stenodonta"
47	"Stems prostrate, glabrous or with a mixture of fine and turgid hairs; flowers mauve with yellow centres"	"Swainsona thompsoniana"
48	"Style apex broadly flattened spoon-like, with two rows of hairs"	"Swainsona restellata"
48	"Style apex tapering, not flattening, with single row of hairs"	49
49	"Pulvinus present at base of peduncle"	50
49	"Pulvinus absent at base of peduncle"	52
50	"Two conspicuous horizontal flaps at the base of the standard present"	"Swainsona longicarinata"
50	"Two conspicuous horizontal flaps at the base of the standard absent"	51
51	"Wing conspicuously shorter than keel"	"Swainsona phacoides"
51	"Wing equal to or longer than keel"	"Swainsona purpurea"
52	"Keel apex flattened and twisted"	"Swainsona acuticarinata"
52	"Keel apex rounded and not twisted"	53
53	"Bracts rounded to broadly ovate, bases cordate"	"Swainsona perlonga"
53	"Bracts attenuate to narrowly ovate, bases not cordate"	54
54	"Stem hairs turgid and appressed"	"Swainsona sp. Brooking Gorge (A. Markey & K. Brown FV 11506)"
54	"Stem hairs fine spreading or upwardly curved"	55
55	"Stem hairs upwardly curved, to 0.5 mm long"	"Swainsona forrestii"
55	"Stem hairs spreading, to 2 mm long"	"Swainsona elegantoides"
