from	statement	to
1	"Perennial with fibrous roots, often adventitious from nodes; stems diffusely branching, with sterile axillary shoots common, often mat-forming; mature fruiting sepals broad-ovate to suborbicular"	"Sagina procumbens"
1	"Annual with slender, branching tap root; stems erect or ascending, lacking sterile axillary shoots and rarely mat-forming; mature fruiting sepals ovate"	2
2	"Leaves subulate, aristate, at least the upper often basally ciliate; inflorescence often glandular; fruiting sepals spreading, usually distinctly shorter than capsule"	"Sagina apetala"
2	"Leaves linear, obtuse or acute, often mucronulate, but not aristate or ciliate; inflorescence never glandular; fruiting sepals erect, ±equalling capsule"	"Sagina maritima"
