from	statement	to
1	"Stems acutely 4-angled"	"Lepidosperma tetraquetrum"
1	"Stems compressed or terete"	2
2	"Stem and leaf margins with prominent resinous hairy tubercles"	"Lepidosperma tuberculatum"
2	"Stem and leaf margins not tuberculate"	3
3	"Stems compressed (very rarely subterete in L. angustatum), often convex on l or both surfaces in the central portion, the edges usually compressed"	4
3	"Stems terete or slightly compressed at least just below the inflorescence (see also L. angustatum)"	12
4	"Stems 13-22 mm broad"	"Lepidosperma gladiatum"
4	"Stems 1-10 mm broad"	5
5	"Panicle 0.25-1 m long; anthers 2-2.5 mm long"	"Lepidosperma effusum"
5	"Panicle < 0.2 m or, if 0.2-0.3 m long, then the anthers 3-5 mm long"	6
6	"Stems 4-9 mm broad; panicle narrow or compact, not spreading"	7
6	"Stems 1-5 mm broad, if 4-5 mm then the panicle with widely spreading branches"	8
7	"Stems very slightly convex-concave or flat; margins brown or reddish, scabrous just below the inflorescence"	"Lepidosperma drummondii"
7	"Stems convex on both surfaces; margins not very distinctively coloured, smooth"	"Lepidosperma longitudinale"
8	"Panicle branches widely spreading, with many rather loosely arranged spikelets; stems 2.5-5 mm broad"	9
8	"Panicle often dense or with short branches. Stems 0.7-3 mm broad"	10
9	"Stems concave-convex or flat; leafy shoots not tapering at the base"	"Lepidosperma squamatum"
9	"Stems convex on both surfaces in the centre; leafy shoots tapering to a slender base"	"Lepidosperma calcicola"
10	"Panicle fairly erect, 20-60 x 12-25 mm; branches short but bearing very dense spikelets"	"Lepidosperma angustatum"
10	"Panicle not as above"	11
11	"Panicle 30-80 mm long, slender, usually very loosely arranged (recorded on the Swan Coastal Plain but not on coastal dunes or limestone)"	"Lepidosperma costale"
11	"Panicle usually squat and ca 20 mm long or, if elongate, then quite dense (confined to coastal dunes and limestone)"	"Lepidosperma calcicola"
12	"Stems smooth or indistinctly ribbed"	13
12	"Stems distinctly ribbed"	"Lepidosperma scabrum"
13	"Involucral bracts usually 20-70 mm long; uppermost leaves with a well developed blade resembling the stems but shorter"	"Lepidosperma leptostachyum"
13	"Involucral bracts up to 15 mm long; leaves with a very reduced blade"	"Lepidosperma apricola"
