from	statement	to
1	"Ligule absent or with cilia to 1.5 mm long; plants annual"	2
1	"Ligule a fringe of long stiff hairs; plants perennial"	"Echinochloa pyramidalis"
2	"Spikelets at maturity very turgid and subglobose"	3
2	"Spikelets at maturity less turgid and subglobose"	4
3	"Spikelets pallid; grain whitish"	"Echinochloa frumentacea"
3	"Spikelets purplish to blackish-brown; grain brownish"	"Echinochloa esculenta"
4	"Mature grain 2.5-3.5 mm long"	5
4	"Mature grain less than 2.5 mm long"	7
5	"Spikelets without well-developed anthocyanin pigmentation; upper floret 3.5-4.5 mm long"	"Echinochloa oryzoides"
5	"Spikelets with well-developed anthocyanin pigmentation; upper floret 4.5-6.5 mm long"	6
6	"Upper floret 5-6.5mm long; anthers 1.5-2.1 mm long"	"Echinochloa kimberleyensis"
6	"Upper floret 4.5-5mm long; anthers 2.5-2.8 mm long"	"Echinochloa macrandra"
7	"Upper glume noticeably awned"	8
7	"Upper glume not or scarcely awned"	9
8	"Spikelets 3-4.2 mm long, with purplish awns"	"Echinochloa telmatophila"
8	"Spikelets 4-4.5 mm long, with pale awns"	"Echinochloa elliptica"
9	"Inflorescence drooping with soft flexuous branches; racemes compound"	"Echinochloa crus-pavonis"
9	"Inflorescence usually erect with branches stiffly spreading; racemes simple"	10
10	"Upper floret apex gradually narrowing into a firm tip to 1.5 mm long"	"Echinochloa microstachya"
10	"Upper floret apex abruptly terminating in a fragile tip to 0.5 mm long"	11
11	"Spikelets awnless to cuspidate, close together in 4 irregular rows; grain 1.1-1.2 mm wide, whitish"	"Echinochloa colona"
11	"Spikelets awnless to strongly awned, not in 4 rows; grain 1.2-1.6 mm wide, pale brownish"	"Echinochloa crus-galli"
