from	statement	to
1	"Leaf 3–12 cm long, 2–5mm wide, linear; inflorescence multiflowered, 3–10 (rarely 1–2); pedicels to 5mm long; lateral sepals upswept above horizontal or downswept; labellum with calli along entire upper surface, uniformly glossy black or proximal calli greenish yellow and distal calli black"	2
1	"Leaf 1–4 cm long, 3–11mm wide, boat-shaped or cordiform; inflorescence solitary (rarely 2-flowered); pedicels to 20mm long; lateral sepals downswept, vertical; labellum with calli usually in terminal half of upper surface (to three quarters of length in P. nigrita)"	3
2	"Leaf flat in cross-section; lateral sepals obliquely ascending; proximal calli greenish yellow and distal calli black"	"Paracaleana lyonsii"
2	"Leaf V-shaped in cross-section; lateral sepals obliquely descending; calli uniformly black"	"Paracaleana minor"
3	"Labellum lamina with calli along more than half its length"	4
3	"Labellum lamina with calli confined to the apical third or less of its length"	5
4	"Labellum lamina in side view humped and bent slightly below horizontal about half way towards the apex, column lacking a median dorsal ridge"	"Paracaleana nigrita"
4	"Labellum lamina flat in side-view, column usually with a median dorsal ridge"	"Paracaleana hortiorum"
5	"Labellum lamina covered in black glossy calli in the apical third"	6
5	"Labellum lamina covered in black glossy calli in the apical fifth"	12
6	"Labellum lamina with a hump two-thirds towards the apex in side view; lower Murchison River area"	"Paracaleana alcockii"
6	"Labellum lamina flat in side view; south and south-east from Arrowsmith River area"	7
7	"Leaf narrowly boat-shaped or narrowly cordiform; labellum lamina from above 6–9mm×3–4mm"	8
7	"Leaf broadly boat-shaped; labellum lamina from above 8–14mm×4 (rarely 2.5)-7mm"	9
8	"Leaf narrowly boat-shaped; widespread in south-west Australia, South Australia and Victoria in seasonally wet sands away from granite outcrops"	"Paracaleana disjuncta"
8	"Leaf narrowly cordiform; confined to granite outcrops in jarrah forest of south-west Australia"	"Paracaleana gracilicordata"
9	"Scape 4–7 cm tall; labellum when set held obliquely below horizontal; confined to moss mats on granite outcrops"	"Paracaleana granitica"
9	"Scape 6–18 cm tall; labellum when set held obliquely above horizontal; found on deep sandy or lateritic soils or shallow soils over lateritic or sandstone outcrops"	10
10	"Leaf at anthesis fresh and turgid; flowering September–mid-October"	"Paracaleana triens"
10	"Leaf at anthesis withered; flowering late October– January"	11
11	"Scape 6–12 (rarely to 17) cm tall; labellum lamina from above 8–12mm long, broadly flask-shaped with a shortly projecting narrowly triangular neck-like obtuse apex"	"Paracaleana brockmanii"
11	"Scape 13–18 cm tall. Labellum lamina from above 12–14mm long, flask-shaped with a projecting slender neck-like parallel-sided and notched apex"	"Paracaleana dixonii"
12	"Labellum lamina from above 8–10mm×4–4.5 mm; lower Murchison area"	"Paracaleana terminalis"
12	"Labellum lamina from above 6–8mm×2.0–2.5 mm; east of Esperance area"	"Paracaleana parvula"
