from	statement	to
1	"Broadest lateral leaflets ≤ 5 mm wide; medial leaflet usually moderately to strongly folded"	2
1	"Broadest lateral leaflets > 5 mm wide, or if narrower, then medial leaflet not moderately to strongly folded"	3
2	"Indumentum ± appressed; leaves glabrous or inconspicuously hairy; medial leaflet mostly obtuse to truncate (folded) with apiculum to c. 0.5 mm long"	"Plagiocarpus conduplicatus"
2	"Indumentum ± spreading; leaves conspicuously hairy; medial leaflet acute (folded) with apiculum 0.6-1.5 mm long"	"Plagiocarpus arcuatus"
3	"Claws of standard and keel petals 1-1.5 mm long; leaves lanate (fleecy) with surfaces much obscured"	"Plagiocarpus lanatus"
3	"Claws of standard and keel petals 2-3 mm long; leaves sparsely-haired, or villous or sericeous-villous with surfaces not or only mildly obscured"	"Plagiocarpus dispermus"
