from	statement	to
1	"Inflorescence simple or compound but not large and diffuse; flowers in glomerules or umbels"	2
1	"Inflorescence a large diffuse cyme; flowers usually solitary"	8
2	"Basic inflorescence unit a glomerule"	3
2	"Basic inflorescence unit an umbel"	6
3	"Peduncle filiform; inflorescence often including some solitary flowers"	"Boerhavia burbidgeana"
3	"Peduncle stout, or if slender then not filiform; inflorescence rarely including solitary flowers"	4
4	"Peduncle usually less than 3 cm long"	5
4	"Peduncle usually more than 3 cm long"	"Boerhavia dominii"
5	"Plants with long (type 2) hairs on stem; inflorescence usually compound; stamens more than 1"	"Boerhavia coccinea"
5	"Plants with short (type 1) hairs on stem; inflorescence simple; stamen 1"	"Boerhavia schomburgkiana"
6	"Basic inflorescence unit a several-flowered umbel; fruit with rounded prominent ribs and wide furrows"	7
6	"Basic inflorescence unit a 3-flowered umbel, occasionally- a single flower; fruit with wide flat ribs and deep furrows"	"Boerhavia repleta"
7	"Inflorescence usually simple; stamen 1"	"Boerhavia schomburgkiana"
7	"Inflorescence usually compound; stamens more than 1"	"Boerhavia dominii"
8	"Plant erect; pedicels 1–3 cm long; no long (type 2) hairs on stem"	"Boerhavia paludosa"
8	"Plant prostrate; pedicels 1–1.5 cm long; long (type 2) hairs on stem"	"Boerhavia gardneri"
