from	statement	to
1	"Calyx with one external rib per lobe; carpels three; apex of style slightly wider than the base; adaxial surface of leaf with prominent yellow venation (G. anota and G. apetala are excluded from the following revision pending further examination of their generic status relative to Lasiopetalum)"	2
1	"Calyx with 3–5 external ribs per lobe; carpels five; apex of style is equal in width or narrower than base; adaxial surface of leaf with yellow venation absent or slight"	3
2	"Leaves not lobed, oblong or obovate (Mt Short, WA)"	"Guichenotia anota"
2	"Leaves trilobed, ovate (Mt Desmond, WA)"	"Guichenotia apetala"
3	"Upper 2/3 of style glabrous, base may have sessile stellate and/or glandular hairs up to 1/4 of style length"	4
3	"Upper 1/2–2/3 of style with dense stalked disc-like stellate hairs, base may have sessile stellate and/or glandular hairs up to 1/4 of style length"	8
4	"Stipule base with one side distinctly larger (oblique), stipules not resembling leaf shape and c. 1/3 of leaf length"	5
4	"Stipule base symmetric and obtuse or indistinctly oblique, stipules resembling leaf shape and c. 2/3 of leaf length"	6
5	"Leaves white tomentose below; calyx >12 mm long; filaments free; outer surface of mature ovary with stellate hairs and clavate glands that are the same length throughout. (Northampton to Brookton)"	"Guichenotia angustifolia"
5	"Leaves with scattered golden, stellate hairs below; calyx <12 mm long; filaments connate into short staminal tube; outer surface of mature ovary with stellate hairs and clavate glands that are longer at the base of the ovary than the apex (Eneabba, Hutt River, Arrowsmith River)"	"Guichenotia quasicalva"
6	"Ovules 6–14 per cell; calyx 15–26 mm long; inflorescence 2- or 3 flowered; outer surface of ovary with stellate hairs and inconspicuous, white, stalked, clavate glands. (Murchison River to Pingaring)"	"Guichenotia macrantha"
6	"Ovules 2–4 per cell; calyx 5–15 mm long; inflorescence 3- or 14-flowered; outer surface of ovary with stellate hairs only, or with intermixed white, stalked, clavate glands (inconspicuous as same colour and as short as hairs)"	7
7	"Inflorescence 3–10(–14)-flowered; calyx <10 mm long; outer surface of ovary with stellate hairs, glands absent. (Dirk Hartog I. to Cape Riche)"	"Guichenotia ledifolia"
7	"Inflorescence 2–4-flowered; calyx 10–15 mm long; outer surface of ovary with stellate hairs and stalked white clavate glands. (SW of Kalbarri, Zuytdorp)"	"Guichenotia intermedia"
8	"Flowers more than one per inflorescence, rarely solitary flowers may be mixed on a plant with multi-flowered inflorescences."	9
8	"Flowers always solitary"	17
9	"Anthers >2 mm long, apex acute and glabrous; stipules always present, large, 1/3–2/3 of leaf length, either linear and resembling the leaf shape with base obtuse, or ovate with strongly oblique base"	10
9	"Anthers <2 mm long, apex truncate and stellate hairy; stipules if present, small, c. 1/5–1/6 of leaf length, reniform, not resembling leaf shape, symmetrical at base"	15
10	"Calyx white; flowers 2 (rarely 1 or 3) per inflorescence; filaments stellate hairy. (Cataby to Mt Adams)"	"Guichenotia alba"
10	"Calyx mauve pink or hot pink; flowers 3–7 (rarely 1 or 2) per inflorescence; filaments glabrous"	11
11	"Outer surface of ovary lacking glands, stellate hairs present (Carnamah to Cunderdin)"	"Guichenotia astropletha"
11	"Outer surface of ovary with glands present and stellate hairs present or absent"	12
12	"Outer surface of ovary with glands alone"	13
12	"Outer surface of ovary with white, stellate hairs mixed with short-stalked, red, clavate glands"	14
13	"Outer surface of ovary and style base with stalked, dark red, clavate glands 0.1 mm diam.; mature leaves revolute. (Three Springs to Newdegate)"	"Guichenotia sarotes"
13	"Outer surface of ovary with globose dark red tubercle glands up to 0.45 mm diam.; style base glabrous; mature leaves recurved. (New Norcia to Wannamal)"	"Guichenotia tuberculata"
14	"Pedicel with stellate hairs only, glands absent, stipules linear with base obtuse. (Three Springs to Newdegate)"	"Guichenotia sarotes"
14	"Pedicel with stellate hairs and intermixed dense, stalked, clavate glands, stipules ovate with base strongly oblique Uberin Rock)"	"Guichenotia glandulosa"
15	"Leaf base sagittate, blade ovate, <5(–8) mm long; calyx base cordate, tube c. 1/4 of calyx length with deep pleating at the point of lobe fusion. (Tammin to Kalbarri)"	"Guichenotia impudica"
15	"Leaf base obtuse, blade oblong to linear, >5mm long; calyx base attenuate, tube c. 1/2–1/3 of calyx length with minimal pleating at the point of lobe fusion"	16
16	"Stipules present (reniform) and absent on same stem; leaves with recurved margin; staminodes glabrous, or rarely with one apical hair; inner surface of calyx with dark red base (fresh or dried). Kalbarri to Fitzgerald River NP)"	"Guichenotia micrantha"
16	"Stipules absent; leaves with revolute margin; staminodes densely or rarely sparsely stellate hairy; inner surface of calyx with a green base outlined with dark red (Fig. 8B) (green base only visible on fresh material). [Indarra (NE Geraldton) to Shark Bay]"	"Guichenotia basiviridis"
17	"Stipules leaf-like; calyx >10 mm long; anther apex acuminate, glabrous; ovary outer surface with glandular and stellate hairs; calyx salmon pink in bud, becoming white or rarely pink. (Corrigin, Youndegin)"	"Guichenotia seorsiflora"
17	"Stipules absent; calyx <7.5 mm long; anther apex truncate, stellate hairy; ovary outer surface with glandular hair only; calyx white. (Dunn Rock, Newdegate, Dragon Rocks)"	"Guichenotia asteriskos"
