from	statement	to
1	"Whorls of stems predominantly 5 or more-partite"	2
1	"Whorls of stems maximally 4-partite (very rarely 1 or 2 whorls with more parts)"	7
2	"Mericarps cylindrical; corolla-lobes < 1/2 length of ovary; inflorescences with few-flowered cymes arising from primary axis and not subtended by a leaf"	"Galium murale"
2	"Mericarps somewhat ellipsoid, globose or obovoid; corolla-lobes > 1/2 length of ovary; inflorescence not of few-flowered cymes arising from primary axis, or if so then cymes subtended by a leaf"	3
3	"Corolla-lobes < 1 mm long and/or shorter than the ovary; if ever more than 1 mm long then stem-angles and leaf-margin bearing a line of robust retrorsely curved hairs"	4
3	"Corolla-lobes > 1 mm long, longer than the ovary; stem-angles and leaf-margin lacking robust retrorsely curved hairs"	"Galium palustre"
4	"Mericarps < 1 mm long; margin of leaves with antrorse-appressed hairs; panicles arising from stems, with primary axis 0.1-0.2 mm diam., commonly bearing more than 10 flowers"	"Galium divaricatum"
4	"Mericarps > 1 mm long; margin of leaves with robust retrorsely curved spine-like hairs; cymes arising from stems, with primary peduncle 0.4-0.6 mm diam., bearing 1-6(-10) flowers"	5
5	"Ovaries and fruit with tubercle-based hairs > 0.3 mm long, apically hooked; upper surface of leaves glabrous or if hairy then hairs not distributed as above"	6
5	"Ovaries and fruit tuberculate, with hairs absent or minute, not hooked; upper surface of leaves with a line of antrorse hairs in distal third near the margin but otherwise glabrous"	"Galium tricornutum"
6	"Corolla-lobes c. 0.8 mm long, cream to white; cyme-bracts commonly 2 or more at primary node; mericarps 2-4 mm long; whorls usually maximally 7- or 8-partite"	"Galium aparine"
6	"Corolla-lobes c. 0.5 mm long, greenish-cream; cyme-bracts commonly 0 or 1 at primary node; mericarps 1.2-2.3 mm long; whorls usually maximally 6-partite"	"Galium spurium"
7	"Corolla snow-white adaxially, with lobes ≥ twice length of ovary"	"Galium palustre"
7	"Corolla pale yellow, cream, dull-white, greenish or purplish adaxially, with lobes < twice length of ovary"	8
8	"Cymes not subtended by a leaf; corolla-lobes < 1/2 length of ovary; mericarps > twice as long as broad"	"Galium murale"
8	"Cymes subtended by a leaf; corolla-lobes > 1/2 length of ovary; mericarps < twice as long as broad"	"Galium leptogonium"
