from	statement	to
1	"Leaves sessile, thick, not narrowed at base. Mature style green, 0.8–1 mm long; stigma capitate, c. 0.15 mm diam."	"Ericomyrtus drummondii"
1	"Leaves usually with a petiole 0.1–0.8 mm long, rarely sessile, much broader than thick, narrowed at base. Mature style red, 1.3–2.7 mm long; stigma peltate, 0.2–0.4 mm diam."	2
2	"Leaf blades ovate to obovate to almost circular, 4.5–8 × 3–7.5 mm. Flowers 8–11 mm diam. Mature style 1.6–2.7 mm long. Seeds 0.8–1.2 mm long"	"Ericomyrtus tenuior"
2	"Leaf blades narrowly obovate to almost circular, 1.8–5.5 × 1–3 mm, if over 4.5 mm long then 1–1.5 mm wide. Flowers 5–8 mm diam. Mature style 1.3–1.8 mm long. Seeds 0.5–0.95 mm long"	3
3	"Leaf blades 1.8–2.4 × 1–1.4 mm"	"Ericomyrtus parviflora"
3	"Leaf blades usually 2.5–4.5 × 1.5–3 mm, rarely 4–5.5 × 1–1.5 mm"	"Ericomyrtus serpyllifolia"
