from	statement	to
1	"At least some leaves longer than 40 mm"	2
1	"All or most leaves less than 35 mm long"	3
2	"Leaves obovate, 5–14 mm wide"	"Calothamnus quadrifidus subsp. homalophyllus"
2	"Leaves narrowly obovate to linear, 1–3 mm wide"	"Calothamnus quadrifidus subsp. angustifolius"
3	"Leaves terete or semicircular in cross section"	4
3	"Leaves flat"	5
4	"Leaves commonly pilose; hypanthium commonly hairy"	"Calothamnus quadrifidus subsp. quadrifidus"
4	"Leaves glabrous; hypanthium glabrous"	"Calothamnus quadrifidus subsp. teretifolius"
5	"Leaves linear but usually widening slightly in upper half"	6
5	"Leaves narrowly obovate"	10
6	"Mature leaves glabrous"	7
6	"Mature leaves scabrid or hairy"	8
7	"Leaves usually 20–50 mm long; young leaves, if hairy, closely silky; hypanthium glabrous or minutely hairy"	"Calothamnus quadrifidus subsp. angustifolius"
7	"Leaves usually 10–25 mm long; young leaves, if hairy, spreading-pilose; hypanthium tomentose, sometimes in lower half only, or glabrous"	"Calothamnus quadrifidus subsp. quadrifidus"
8	"Staminal bundles 18–20 mm long; hypanthium tomentose in lower half or almost glabrous"	"Calothamnus quadrifidus subsp. obtusus"
8	"Staminal bundles 25–30 mm long; hypanthium tomentose for half to its full length"	9
9	"Hypanthium and sepals tomentose; fruit 10–11 mm long"	"Calothamnus quadrifidus subsp. petraeus"
9	"Hypanthium tomentose in lower half to two-thirds, rarely throughout; sepals glabrous except finely ciliate margins; fruit 8–9 mm long"	"Calothamnus quadrifidus subsp. seminudus"
10	"At least some leaves more than 30 mm long"	"Calothamnus quadrifidus subsp. angustifolius"
10	"All leaves less than 30 mm long"	11
11	"Leaves prominently scabrid"	"Calothamnus quadrifidus subsp. asper"
11	"Leaves smooth or obscurely scabrid"	"Calothamnus quadrifidus subsp. obtusus"
