from	statement	to
1	"Petals united to the middle or higher"	2
1	"Petals free to base or almost so"	3
2	"Petals 5"	Dendrophthoe
2	"Petals 6"	Lysiana
3	"Anthers basifixed, immobile, introrse"	4
3	"Anthers dorsifixed, versatile"	"Nuytsia: Nuytsia floribunda"
4	"Petals united for 0.5-3 mm from base, the corolla shed as a single unit; inflorescence a raceme of triads"	Decaisnina
4	"Petals free to base, shed separately"	5
5	"Inflorescence capitate, subtended by 2 enlarged foliaceous bracts connate at margins, covering buds during development"	Diplatia
5	"Inflorescence not subtended by enlarged foliaceous bracts"	Amyema
