from	statement	to
1	"Inflorescence axes and racemules finely scabrid; pedicels 0.3–0.8 mm long"	"Corynotheca asperata"
1	"Inflorescence axes and racemules smooth, ribbed or crenulate; pedicels 0.8–2.9(–3.4) mm long (except for C. flexuosissima; pedicels 0.2–0.9 mm long and C. divaricata; pedicels 0.3–1.2 mm long)"	2
2	"Mature basal leaves persistent at anthesis, 2.5–4.1(–9) mm wide; racemules consistently continuous at ±180° (i.e. straight); caruncle lobes free"	"Corynotheca licrota"
2	"Mature basal leaves mostly dry at anthesis, 0.6–2.2(–2.9) mm wide; racemules usually diverging at 80–170° (C. elongata & C. pungens often almost straight); caruncle lobes fused"	3
3	"Plants with mature cauline leaves not reduced to bracts, persistent, clustered in major axils, margins sometimes with scabrid hairs; upper bract apices stiff, ±pungent; racemules 0.6–1.1 mm diam."	"Corynotheca pungens"
3	"Plants with leaves all basal, dry at anthesis, reduced to bracts above, margins glabrous; upper bract apices acuminate to acute, but not pungent; racemules 0.2–0.9 mm diam."	4
4	"Racemules 4–12(–25) mm long, with (5–)9–20 nodes, internodes 0.8–2 mm long, inflorescence with a dense, gnarled appearance; perianth 1.4–2.1 mm long"	"Corynotheca flexuosissima"
4	"Racemules (4–)10–300 mm long, with 0–8(–13) nodes, internodes 2–23 mm long; inflorescence open to somewhat dense, not gnarled; perianth 2.8–8.0 mm long"	5
5	"Seed testa smooth to very finely pitted; pedicels 0.3–1.2 mm long; basal leaves 1.6–2.9 mm wide"	"Corynotheca divaricata"
5	"Seed testa longitudinally striate; pedicels 0.8–2.9(–3.4) mm long; basal leaves 0.4–1.7 mm wide"	6
6	"Racemules with 0–5 internodes (always some <4)"	7
6	"Racemules with 4–13 internodes (always some >5)"	10
7	"Inflorescence branches stiff; racemules ±stiffly straight or sometimes diverging, pungent, 4–27 mm long"	"Corynotheca acanthoclada"
7	"Inflorescence branches flexible, racemules slender, ±flexible, straight to diverging, not pungent, 10–75 mm long"	8
8	"Racemule internodes diverging at 130–180°, 0.3–0.6 mm wide; perianth 2.8–4.5 mm long; basal leaves 28–105 mm long; seeds 2.3–3.4 mm long"	"Corynotheca micrantha"
8	"Racemule internodes diverging at 80–140°, 0.2–0.4 mm wide; perianth 3.9–6.5 mm long; basal leaves 6–25 mm long; seeds 3.4–4.7 mm long"	9
9	"Racemule internodes diverging at 80–100°; pedicels 0.9–1.3 mm long; staminal filaments 1.4–2.1 mm long"	"Corynotheca borealis"
9	"Racemule internodes diverging at 110–140°; pedicels 1.0–3.1 mm long; staminal filaments 1.9–4.0 mm long"	"Corynotheca gracilis"
10	"Racemule with (1–)5–13 internodes, diverging at 80–110°, internodes 1–7 mm long"	"Corynotheca dichotoma"
10	"Racemule with (2–)5–8 internodes, diverging or straight (140–180°), internodes 4–19(–20) mm long"	11
11	"Basal leaves 5–34 mm long; racemule internodes diverging at (160–)170–180°; internodes 4–13(–20) mm long, 0.2–0.5 mm diam., ±straight; seeds 1.8–2.7 mm long"	"Corynotheca elongata"
11	"Basal leaves 45–180 mm long; racemule internodes diverging at 140–180°; internodes 8–19 mm long, 0.3–0.7 mm diam., ±straight to evenly curving; seeds 2.8–3.3 mm long"	"Corynotheca panda"
