from	statement	to
1	"Stellate hairs on upper and lower leaf surfaces multiradiate; central ray indistinguishable from lateral rays"	"Solanum reclusum"
1	"Stellate hairs on leaves porrect; central ray absent or present, when present, easily distinguishable from lateral rays"	2
2	"Prickles 200–1,000 per 0.1 m length of stem"	"Solanum kentrocaule"
2	"Prickles 0–56 per 0.1 m length of stem"	3
3	"Most stellate hairs on leaves with 6–8 (predominantly 8) lateral rays"	"Solanum octona"
3	"All stellate hairs on leaves with 10–16 lateral rays"	4
4	"Prickles present on at least some leaf laminae on each branch; stellate hairs of calyx with central ray 0.2–1 times as long as laterals; branchlet prickles acicular, (6–)9–18 times longer than wide"	5
4	"Prickles absent from all leaf laminae; stellate hairs on all plant parts lacking a central ray; branchlet prickles broad-based, 4–8 times longer than wide"	7
5	"Lower leaf surface white to grey, with dense to very dense indumentum of stellate hairs; ovary glabrous"	"Solanum austropiceum"
5	"Lower leaf surface green to grey-green, with very sparse to moderate stellate hairs; ovary with glandular hairs and sometimes also with stellate hairs"	6
6	"Calyx lobes violet, with stellate indumentum very sparse to sparse, 0.1–0.2 mm diam.; stellate hairs of upper leaf surface with central ray 0.5–0.9 times as long as laterals"	"Solanum iodinum"
6	"Calyx lobes white to pale yellow, with indumentum of stellate hairs very dense, 0.25–0.3 mm diam.; stellate hairs of upper leaf surface with central ray 0–0.4 times as long as laterals"	"Solanum piceum"
7	"Leaf lamina 3.1–5.7 times longer than broad; branchlet stellate hairs 0.3–0.5 mm diam."	"Solanum sturtianum"
7	"Leaf lamina 5.7–16 times longer than broad; branchlet stellate hairs 0.15–0.3 mm diam."	8
8	"Upper leaf surface very sparsely to sparsely hairy; style and ovary with small glandular hairs; small shrub 0.3–1 m high; stems usually without prickles; juvenile leaves entire"	"Solanum morrisonii"
8	"Upper leaf surface with moderate to very dense indumentum; style and ovary glabrous; large shrub to 2.5(–3) m high; stems usually sparsely prickly; juvenile leaves with conspicuous lobes"	"Solanum elatius"
