from	statement	to
1	"Plant tomentose, sometimes minutely so; branchlets not spinescent"	2
1	"Plant appressed-villous with medifixed hairs; branchlets spinescent"	"Cratystylis subspinescens"
2	"Glandular hairs seemingly absent (involucral bracts resinous); leaves obovate, spreading, 5-10 mm long; capitula (4)5(6)-flowered"	"Cratystylis conocephala"
2	"Globular sessile glandular hairs obvious; leaves from subterete and appressed to spathulate and spreading; capitula 1-4-flowered"	3
3	"Leaves 1-2 mm long, semi-terete, closely appressed to branch, resinous; capitula 1-flowered"	"Cratystylis microphylla"
3	"Leaves 2-6 mm long, elliptic to obovate or narrowly so, not closely appressed to branch, tomentose to somewhat resinous; capitula 2-4-flowered"	4
4	"Capitula 2-flowered [W.A., between Coolgardie and Norseman]"	"Cratystylis conocephala x C. microphylla"
4	"Capitula 3- or 4-flowered [N.T.]"	"Cratystylis centralis"
