from	statement	to
1	"Male plants"	2
1	"Female plants"	5
2	"inflorescence umbelliform or a peduncled capitulum"	"Stephania: Stephania japonica var. japonica"
2	"Inflorescence not as above"	3
3	"Innermost whorl of sepals imbricate"	4
3	"Innermost whorl of sepals valvate, at least at apex"	"Pleogyne: Pleogyne australis"
4	"Inflorescence glabrous or puberulous, axillary or on leafless plants, racemose or branched-spiciform"	Tinospora
4	"Inflorescence yellowish pubescent, always axillary and subracemose"	"Pachygone: Pachygone ovata"
5	"Inflorescence not umbelliform or a peduncled capitulum"	6
5	"Inflorescence umbelliform or a peduncled capitulum"	"Stephania: Stephania japonica var. japonica"
6	"Drupe with style or its scar near base; seed strongly curved, +/- horseshoe-shaped or bean-shaped"	7
6	"Drupe with style or its scar terminal or shortly below the apex; seed straight and +/- ellipsoidal, or dorsiventrally flattened and concave"	Tinospora
7	"Drupes not narrowed at base into a stipe"	"Pachygone: Pachygone ovata"
7	"Drupes narrowed at base into a short stipe"	"Pleogyne: Pleogyne australis"
