from	statement	to
1	"Calyx biseriate in 2 whorls of 2–4 sepals; corolla lobes divided; stipules frequently present"	"Mimusops: Mimusops elengi"
1	"Calyx a single whorl of 4, 5 or 6 sepals; corolla lobes and stamens mostly same number as sepals; corolla lobes undivided; stipules absent"	2
2	"Tertiary and higher order venation finely areolate (Fig. 1)"	"Sersalisia: Sersalisia sericea"
2	"Tertiary venation often parallel to and reticulate between secondary veins, never areolate (Fig. 2)"	"Planchonella: Planchonella arnhemica"
