from	statement	to
1	"Inflorescences strictly single-flowered"	2
1	"Inflorescences multi-flowered, or a mixture of multi- and single-flowered, always some multi-flowered inflorescences present"	3
2	"Inflorescences arising from the axils of bract-like early seasonal leaves that are strongly dimorphic from regular leaves; inflorescence axis terminates at the flower, no bud-rudiment present; inflorescence axis bare below the bracteoles, bracts absent; drupe cylindrical to very narrowly obovoid, sometimes ± curved, 3.8–4.2 mm long (restricted: NE of Lake King)"	"Styphelia anomala"
2	"Inflorescence arising from the axils of regular, mature leaves; inflorescence axis terminating in a bud-rudiment; inflorescence axis with a fertile bract subtending the bracteoles and with 3 or 4 sterile bracts on the axis below; drupe narrowly ellipsoid or oblongoid, 2.7–3.3 mm long (widespread: SE of Quairading–S of Bodallin–NW ofCascade–N of Borden)"	"Styphelia planiconvexa"
3	"Sepals 1.7–2.4 mm long, distinctly recurved distally; flowers with a short, thick pedicel, to 0.5 mm long, present below the bracteoles; drupe cylindrical or sometimes very narrowly ovoid, often ± curved, 0.8–1.1 mm wide (W Fitzgerald River N.P.–Israelite Bay and as far inland as the Scaddan area)"	"Styphelia cylindrica"
3	"Sepals 2.3–3.0 mm long, appressed to the corolla; flowers sessile below the bracteoles; drupe narrowly obovoid or claviform, 2.3–3.0 mm wide (W Stirling Range N.P.–W Fitzgerald River N.P.–Manypeaks area)"	"Styphelia corynocarpa"
