from	statement	to
1	"Lemma lobes partly to almost entirely fused, the free portions typically <1/3 the length of the lemma"	2
1	"Lemmas deeply 3-lobed, the free portions typically at least 1/2 the length of the lemma"	6
2	"Inflorescence a spike or, if racemose, the spikelets with pedicels 3 mm long"	3
2	"Inflorescence a panicle, the spikelets with pedicels 2–19 mm long (some always >5 mm long)"	5
3	"Leaf sheaths and orifices glabrous or puberulent; leaf blades 4.5–9.8 cm long; ligule 0.5 mm long"	4
3	"Leaf sheaths and orifices densely woolly with crimped hairs 1–2 mm long; leaf blades 8–17 cm long; ligule 1–2 mm long"	"Triodia mallota"
4	"Spikelets 5–9.8 mm long; glumes 3–4.2 mm long; paleas 3–4 mm long"	"Triodia plurinervata"
4	"Spikelets 12.5–17 mm long; glumes 5.2–6.2 mm long; paleas 5.2–6 mm long"	"Triodia infesta"
5	"Paleas distinctly winged, the wings visible when looking at the broad side of the intact spikelet; leaf blades 2.5–8.8 cm long; inflorescence 5–8.8 cm long; glumes 5–11-nerved"	"Triodia concinna"
5	"Paleas not or only slightly winged, the wings not visible when looking at the broad side of the intact spikelet; leaf blades 7–25 cm long; inflorescence (6.5–)8.2–13.3 cm long; glumes 10–17-nerved"	"Triodia birriliburu"
6	"Leaf blades 3.5–28(–38.5) cm long, the longest on any specimen typically >15 cm long; inflorescences 3.3–19.5 cm long with 5–54 spikelets"	7
6	"Leaf blades 2.5–11(–13.7) cm long, the longest on any specimen rarely >10 cm long; inflorescences 2.8–9.8 cm long with 5–22 spikelets"	10
7	"Orifice pubescent to densely tangled-villous or woolly with hairs 0.2–4 mm long, the hairs extending along the pseudopetiole well onto the blade"	8
7	"Orifice glabrous to puberulent or rarely pubescent but hairs 1(–1.5) mm long, the hairs (if present) not extending along the pseudopetiole onto the blade"	9
8	"Callus (0.2–)0.5–1 mm long; lemma midlobe nerved portion (3.2–) 3.5–5.5(–7) mm long, 0.8–1.4 the length of the lateral lobe nerved portion; glumes (4.5–)6–9(–11) mm long"	"Triodia basedowii"
8	"Callus 0.8–1.5(–1.8) mm long; lemma midlobe nerved portion 4.2–11 mm long, 1.1–2.2 the length of the lateral lobe nerved portion; glumes 6–13.5(–15.8) mm long"	"Triodia lanigera"
9	"Body of palea strongly bent with rhachilla closely appressed; inflorescence with 9–15 spikelets on pedicels 1–11 mm long"	"Triodia glabra"
9	"Body of palea strongly flattened so that the rhachilla diverges approximately perpendicularly away from the palea; inflorescence with (8–)13–29 spikelets on pedicels 2–19 mm long"	"Triodia birriliburu"
10	"Lemma midlobe nerved portion 4.2–8 mm long, abaxially sparsely pubescent in the lower half; lemma lateral lobe nerved portion 3.5–5.5 mm long; spikelets 10–16.5 mm long"	"Triodia chichesterensis"
10	"Lemma midlobe nerved portion 2.2–5.2 mm long, abaxially glabrous; lemma lateral lobe nerved portion 2.2–4.2 mm long; spikelets 7–13 mm long"	11
11	"Minute droplets (sparkly in sunlight) not evident on leaf sheaths; palea 2.8–3.2  0.8–1 mm"	"Triodia nana"
11	"Minute droplets (sparkly in sunlight) often evident on leaf sheaths; palea 2.8–4.2  1–1.5 mm"	12
12	"Inflorescences with 5–9(–14) spikelets, 0–3(–5) branches bearing more than one spikelet"	"Triodia vanleeuwenii"
12	"Inflorescences with 7–19 spikelets, (1–)2–7 branches bearing more than one spikelet"	"Triodia scintillans"
