from	statement	to
1	"Diaspore with an elongated stipe, > 1 mm long"	"Enteropogon ramosus"
1	"Diaspore with a stipe < 0.7 mm long"	2
2	"Lemma of proximal floret < 3.8 mm long; contraligule present; inflorescence culm furrowed or flattened on one side"	"Enteropogon minutus"
2	"Lemma of proximal floret > 3.5 mm long; contraligule usually absent; inflorescence culm circular in cross-section"	3
3	"First floret > 1 mm wide; racemes usually 1–2 (–4)"	"Enteropogon scabrilemma"
3	"First lemma smooth or sparsely scabrid; racemes usually 6"	"Enteropogon dolichostachyus"
