from	statement	to
1	"Ovules 1 or 2"	2
1	"Ovules 4–10"	28
2	"Ovule 1"	3
2	"Ovules 2"	5
3	"Petals very narrowly clawed. Stamens 5"	"Micromyrtus papillosa"
3	"Petals fairly broadly clawed or broad-based. Stamens 10"	4
4	"Leaf blades oblong-elliptic. Adnate part of hypanthium narrowed towards base, rounded on abaxial surface, with adaxial rib very prominent"	"Micromyrtus uniovulum"
4	"Leaf blades obovate. Adnate part of hypanthium the same width throughout, almost flat on abaxial surface, with adaxial rib not prominent"	"Micromyrtus ninghanensis"
5	"Hypanthium 1–4 mm long, circular in TS or 5-angled to very compressed, if pentagonal in TS then ± cylindric rather than broadly expanding, scarcely ribbed to distinctly 10-ribbed"	6
5	"Hypanthium 0.8–2.5 mm long, pentagonal in TS and expanding to a broad summit (i.e. somewhat obconic), each angle with a prominent rib opposite a sepal"	25
6	"Stamens 5"	"Micromyrtus barbata"
6	"Stamens 10"	7
7	"Leaves densely and shortly laciniate"	8
7	"Leaves entire or denticulate"	9
8	"Peduncles 0.2–0.5 mm long. Bracteoles persistent. Hypanthium somewhat compressed, 10-ribbed"	"Micromyrtus serrulata"
8	"Peduncles 0.8–1.3 mm long. Bracteoles deciduous. Hypanthium very compressed, with 2 abaxial, 1 adaxial and 2 lateral ribs"	"Micromyrtus rogeri"
9	"Bracteoles usually persistent. Flower buds with apex conic, i.e. appearing acute from side view"	10
9	"Bracteoles usually caducous or deciduous. Flower buds with apex hemispheric or narrowing to an obtuse tip, i.e. broadly or narrowly obtuse"	12
10	"Hypanthium with adnate portion somewhat compressed. Sepals reduced to a narrow rim"	"Micromyrtus elobata"
10	"Hypanthium with adnate portion very compressed. Sepals 0.4–0.6 mm long"	11
11	"Hypanthium scarcely swollen laterally in bud, 10-ribbed in flower. Sepals 0.4–0.5 × 0.5–0.8 mm"	"Micromyrtus acuta"
11	"Hypanthium laterally swollen (compressed-urceolate) in bud, scarcely ribbed or with 5 ribs opposite the petals. Sepals 0.5–0.6 × 0.8–1 mm"	"Micromyrtus placoides"
12	"Anthers longer than the filaments; cells fused into a 3-lobed structure"	13
12	"Anthers shorter than or rarely as long as the filaments; cells together forming a 2- or 4-lobed structure but not closely fused"	14
13	"Leaves 1–1.5 mm wide. Floral leaves concave adaxially but margins usually divergent. Hypanthium 1.9–3 mm long"	"Micromyrtus triptycha"
13	"Leaves 0.5–0.7 mm wide. Floral leaves very concave adaxially, the margins almost parallel. Hypanthium 1.5–2.3 mm long"	"Micromyrtus navicularis"
14	"Petals yellow, widely spreading in fruit. Stamens obvious; filament 0.6–0.9 mm long. Style 0.5–1 mm long"	"Micromyrtus sulphurea"
14	"Petals white to yellow, closing erect and shed before fruit matures. Stamens not always obvious; filament 0.1–0.7 mm long. Style 0.15–0.6 mm long"	15
15	"Hypanthium compressed or very compressed, with ribs usually not very obvious or the adaxial ones more obvious than the abaxial ones"	16
15	"Hypanthium not very compressed, fairly prominently and equally10-ribbed"	18
16	"Leaves with a mucro 0.1–0.3 mm long. Hypanthium 3.3–3.7 mm long. Sepals 0.5–0.7 mm long, erect in fruit. Occurring north of Geraldton"	"Micromyrtus greeniana"
16	"Leaves with mucro c. 0.1 mm long or absent. Hypanthium 1.4–3.5 mm long. Sepals 0.1–0.5 mm long. Occurring south-east of Geraldton"	17
17	"Hypanthium 2.5–3.5 mm long, compressed; ribs not very obvious. Sepals 0.1–0.2 mm long, erect in fruit"	"Micromyrtus stenocalyx"
17	"Hypanthium 1.4–2.2 mm long; adaxial ribs often more prominent than abaxial ones. Sepals 0.25–0.5 mm long but strongly incurved in fruit and then appearing to be absent"	"Micromyrtus clavata"
18	"Bracteoles 2.2–3 mm long. Sepals 1–1.5 mm long"	"Micromyrtus rubricalyx"
18	"Bracteoles 0.7–2.3 mm long. Sepals 0.2–0.7 mm long"	19
19	"Leaves 4–9 mm long, 0.4–0.6 mm wide, 0.3–0.5 mm thick, terminating in a narrow mucro 0.1–0.15 mm long. Petals pale yellow or yellow. Occurring on ironstone habitats in a region c. 50 to 100 km south of Yalgoo"	"Micromyrtus trudgenii"
19	"Leaves usually differing from the above choice in being shorter, wider or thicker, or in lacking a mucro. Petals white or cream, rarely pale pink. Occurring in varied habitats from near Kalbarri to near Hyden, if south of Yalgoo then over 100 km south."	20
20	"Base of hypanthium usually wider than peduncle. Antipetalous filaments 0.4–0.7 mm long. Mature style 0.4–0.6 mm long"	"Micromyrtus prochytes"
20	"Base of hypanthium not exceeding width of peduncle. Antipetalous filaments 0.25–0.4 mm long. Mature style 0.25–0.4 mm long"	21
21	"Leaves distinctly mucronulate; mucro 0.1–0.3 mm long"	22
21	"Leaves not or scarcely mucronulate; mucro (when present) up to 0.1 mm long"	23
22	"Leaves dotted with many inconspicuous oil glands on each side. Hypanthium 3.3–3.7 mm long, often tending to appear 5-ribbed at first (but 10-ribbed in fruit) and often somewhat compressed. Occurring in sandplain north of Geraldton"	"Micromyrtus greeniana"
22	"Leaves with a single main row of large oil glands on each side, often with 10–12 oil glands per row. Hypanthium usually 2.4–2.8 mm long, obviously 10-ribbed, terete. Occurring in rocky habitats south-east of Geraldton"	"Micromyrtus mucronulata"
23	"Leaves 2.2–8.5 mm long, 0.7–1.4 mm wide. Flowers with hypanthium 2–3.3 mm long, sepals 0.25–0.7 mm long and petals 1.3–2 mm long. Occurring north of Geraldton"	24
23	"Leaves 1.8–4(–5.5) mm long, 0.5–0.8 mm wide. Flowers with hypanthium 1.4–2.5 mm long, sepals 0.1–0.35(–0.4) mm long and petals1.1–1.6 mm long. Occurring east or south of Geraldton"	"Micromyrtus racemosa"
24	"Shrub with main stem unbranched below the erect main branches or with some bare branches, occurring in rocky habitats. Leaves 4–8.5 mm long, 0.7–1 mm wide. Hypanthium 2–2.5 mm long"	"Micromyrtus collina"
24	"Shrub with multiple lateral leafy branchlets on the main stem below the main erect branches, occurring in sand. Leaves 2.2–4 mm long, 0.8–1.4mm wide. Hypanthium 2.6–3.7 mm long"	"Micromyrtus arenicola"
25	"Hypanthium ribs narrow, sharply angled. Petals either closing to a fairly erect position or spreading at base but incurved distally in fruit"	26
25	"Hypanthium ribs broad and rounded. Petals widely spreading and becoming reddish in fruit"	"Micromyrtus imbricata"
26	"Hypanthium 1.5–2.5 mm long. Petals 1.8–2.4 mm long, widely spreading in fruit at least in basal half, the distal half sometimes curved inwards"	"Micromyrtus monotaxis"
26	"Hypanthium 0.8–1.6 mm long. Petals 1.1–2 mm long, fairly erect in fruit"	27
27	"Peduncles 1.3–2 mm long. Stamens 5–10. Style 0.1–0.25 mm long"	"Micromyrtus erichsenii"
27	"Peduncles 0.5–1.5 mm long. Stamens 10. Style 0.35–0.8 mm long"	"Micromyrtus obovata"
28	"Stamens 10 or 12"	29
28	"Stamens 5 or 6"	31
29	"Sepals not or scarcely auriculate, with margin ± erect. Petals white or yellow. Filaments filiform, less than 0.2 mm wide"	"Micromyrtus helmsii"
29	"Sepals distinctly auriculate, with margin strongly recurved. Petals pink. Filaments lorate, c. 0.4 mm wide"	30
30	"Leaf blades elliptic to broadly ovate, 1–2 mm long. Sepals with large fimbriate auricles obscuring the hypanthium"	"Micromyrtus fimbrisepala"
30	"Leaf blades linear to narrowly ovate, 3–4 mm long. Sepals with small denticulate auricles"	"Micromyrtus hymenonema"
31	"Peduncles 1.5–2.5 mm long. Hypanthium 2.3–3.6 mm long"	"Micromyrtus flaviflora"
31	"Peduncles 0.6–1.1 mm long. Hypanthium 1.2–1.5 mm long"	"Micromyrtus redita"
