from	statement	to
1	"Sepals, at least finally, reflexed"	2
1	"Sepals spreading or appressed to petals, finally not distinctly reflexed (except sometimes reflexed in R. inundatus and R. amphitrichus)"	5
2	"Achenes smooth"	3
2	"Achenes with few to many tubercles or spines on the lateral faces; plants annual"	4
3	"Achenes less than 1 mm long, very numerous, in elongated heads; beak minute; plants annual or overwintering biennial"	"Ranunculus sceleratus subsp. sceleratus"
3	"Achenes longer than 1 mm, few to many in globose heads; beak distinct; plants perennial"	"Ranunculus colonorum"
4	"Leaves (except sometimes, those immediately subtending flowers) simple, 3-lobed to 3-fid; fruiting heads not elongated; achenes 5–8 mm long with stout acute tubercles on lateral faces; style-beak 2–3 mm long"	"Ranunculus muricatus"
4	"Leaves (except sometimes the lowest) trifoliolate; fruiting heads usually slightly elongated; achenes 2–4 mm long, tubercles not spiny; style beak ±0.5 mm long"	"Ranunculus trilobus"
5	"Plants perennial; achenes smooth or obscurely and irregularly rugose or ridged on lateral faces, somewhat to strongly biconvex"	6
5	"Plants annual; achenes mostly tuberculate or strongly flattened (smooth and biconvex in R. pumilio var. politus)"	9
6	"Stolons robust, mostly above ground; flowers 20–30 mm diam., petals 5–10 mm wide; leaves usually trifoliolate with petiolulate terminal leaflet"	"Ranunculus repens"
6	"Stolons slender, below ground (except sometimes if plants aquatic); flowers mostly < 20 mm diam., petals mostly < 5 mm wide; terminal leaflet (if apparent) not or rarely petiolulate"	7
7	"Leaves palmatisect, i.e. the incision of the lateral segments almost to the base and almost as deep as that between the lateral and terminal segments"	8
7	"Leaves trifoliolate or 3-sect, the incision of the lateral segments less deep than that between the terminal and lateral segments"	"Ranunculus amphitrichus"
8	"Nectary a tumid semilunar bracket without a petaloid lobe; leaf segments ±linear in submerged leaves, often cuneate or obovate-cuneate in aerial leaves"	"Ranunculus amphitrichus"
8	"Nectary with a distinct petaloid lobe, often ±attached at the lateral margins and forming a pocket"	"Ranunculus inundatus"
9	"Plants almost glabrous; achenes strongly flattened, thin, papery with a thickened margin, often somewhat twisted when ripe, 2–4 mm long"	"Ranunculus pentandrus var. platycarpus"
9	"Plants hairy; achenes flattened but neither papery-thin nor twisted, their margins not distinctly thickened"	10
10	"Achenes with prominent bristle-tipped conical tubercles scattered over lateral faces, the bristles hooked and not or barely longer than the subtending tubercle; body of achene often nearly flat; leaf segments of mature leaves ±cuneate, flabelliform or linear"	"Ranunculus sessiliflorus"
10	"Achenes with hairs on very short tubercles, or smooth and glabrous, the hairs ±straight or gently curved, distinctly longer than subtending tubercle; body of achene distinctly biconvex; leaf segments of mature leaves ±oblong to linear"	"Ranunculus pumilio"
