from	statement	to
1	"Leaf scars closed; old sheaths forming a scarious mass; leaf apex obtusely rounded, slightly serrulate; rhizome internodes without cortical fibre bundles"	"Cymodocea rotundata"
1	"Leaf scars open; old sheaths not forming a scarious mass; rhizome internodes with cortical fibres bundles"	2
2	"Leaf blade 3–6 mm wide; longitudinal veins 9–13; leaf apex obtuse to slightly attenuate, sparsely serrate, sometimes bifurcate; leaf sheath slightly obconic; rhizome internode cortical vascular bundles associated with cortical fibre bundles"	"Cymodocea angustata"
2	"Leaf blade 4–9 mm wide; longitudinal veins 13–17; leaf apex rounded to obtuse, distinctly serrulate; leaf sheath broadly triangular, narrowed at base; rhizome internode cortical vascular bundles free from fibre bundles"	"Cymodocea serrulata"
