from	statement	to
1	"Stamens included, occasionally apex of anthers slightly exceeding top of corolla tube"	2
1	"Stamens exserted, rarely a small portion of anther base not exceeding top of corolla tube"	6
2	"Margin of ventral groove of seed with deep incisions (Fig. 10G); corolla deep maroon, drying black; clay soils"	"Spermacoce pogostoma"
2	"Margin of ventral groove of seed mainly entire (Fig. 10D); corolla white or shades of blue, rarely yellow"	3
3	"Seeds with persistent obturator"	"Spermacoce leptoloba"
3	"Seeds lacking obturator remains"	4
4	"Ventral groove conspicuously extending under testa margin (Fig. 9H); > 1mm wide; clay soils"	"Spermacoce argillacea"
4	"Ventral groove not extending under testa margin"	5
5	"Seeds conspicuously reticulate, areole density <15 per mm (Fig. 11E)"	"Spermacoce brachystema"
5	"Seeds obscurely reticulate, areole density >25 per mm (Fig. 11B)"	"Spermacoce dolichosperma"
6	"Capsule 1-seeded and indehiscent; apical half of seed gibbous (Fig. 8G)"	"Spermacoce gibba"
6	"Capsule 2-seeded and dehiscent; seed not gibbous"	7
7	"Inner surface of corolla lobes glabrous or with scattered hairs"	8
7	"Inner surface of corolla lobes with appendages or hair-like outgrowths arranged on 2 arcs that follow anther margin (Fig. 4)"	10
8	"Dorsal seed surface rugose (Fig. 12E); introduced"	"Spermacoce remota"
8	"Dorsal seed surface reticulate, foveate, or smooth"	9
9	"Capitula at several nodes on stem"	"Spermacoce stenophylla"
9	"Capitula usually only terminal, rarely also at penultimate node"	"Spermacoce laevigata"
10	"Seeds without a persistent obturator"	11
10	"Seeds with a persistent obturator"	12
11	"Ventral groove extending under testa margin (Fig. 9C)"	"Spermacoce hillii"
11	"Ventral groove not extending under margin (Fig. 9F)"	"Spermacoce occidentalis"
12	"Persistent obturator cream/white, surface smooth under x10 magnification (Fig. 15G)"	"Spermacoce phaeosperma"
12	"Persistent obturator clear or shades of brown, distinctly cellular, fluid-filled or not (Fig. 14D)"	13
13	"Inner surface of corolla lobes with hairs below appendages but sometimes restricted to a few along mid-vein"	"Spermacoce breviflora"
13	"Inner surface of corolla lobes glabrous below appendages"	"Spermacoce constricta"
