from	statement	to
1	"Inflorescence spatheate or subtended by a pair of opposite leafy bracts"	2
1	"Inflorescence without a spathe and without leafy bracts"	3
2	"Flowers and fruits arising from a spathe"	Commelina
2	"Flowers and fruits arising from a pair of opposite leafy bracts"	"Tradescantia: Tradescantia fluminensis"
3	"Inflorescences mainly axillary"	4
3	"Inflorescences all or mainly terminal"	5
4	"Axillary flowers sessile, terminal inflorescence present; fertile stamens 2-3"	Murdannia
4	"Axillary flowers pedicellate, though scarcely exceeding leaf sheath, terminal inflorescence absent; fertile stamens 6"	"Cyanotis: Cyanotis axillaris"
5	"Fertile stamens 2-3"	Murdannia
5	"Fertile stamens 6"	6
6	"Leaf margins minutely denticulate; petals white"	"Callisia: Callisia repens"
6	"Leaf margins entire; petals pink or yellow"	Cartonema
