from	statement	to
1	"Inflorescences pedunculate"	"Alternanthera brasiliana var. villosa"
1	"Inflorescences sessile"	2
2	"Older leaves conspicuously hairy"	"Alternanthera nana"
2	"Older leaves glabrous or almost so"	3
3	"Leaves elliptical, 1.5-3.5 times longer than broad"	"Alternanthera pungens"
3	"Leaves lanceolate to linear, more than 5 times longer than wide"	4
4	"Tepals conspicuously woolly on lower half"	"Alternanthera angustifolia"
4	"Tepals glabrous or nearly so"	5
5	"Tepals 3.5-5 mm long; fruits less than half length of tepals"	"Alternanthera nodiflora"
5	"Tepals 1-3 mm long; fruits more than half as long as tepals"	"Alternanthera denticulata"
