from	statement	to
1	"Sporangia partially or completely covered by a velum"	"Isoetes muelleri"
1	"Sporangia lacking a velum"	2
2	"Leaves distichous"	3
2	"Leaves spirally arranged"	4
3	"Megaspores lobed"	"Isoetes inflata"
3	"Megaspores globose"	"Isoetes australis"
4	"Megaspores polymorphic"	5
4	"Megaspores Type I only"	7
5	"Proximal faces of megaspore usually with one large tubercle; labium large, obscuring most of ligule; internal hairs present in lacunae"	"Isoetes coromandelina: Isoetes coromandelina subsp. macrotuberculata"
5	"Proximal faces of megaspores with numerous small tubercles which often coalesce; labium and internal hairs absent"	6
6	"Sporangium wall with patches of thickened and pigmented cells"	"Isoetes mongerensis"
6	"Sporangium wall with uniformly thickened pigmented cells"	"Isoetes drummondii"
7	"Stomata present on leaves"	8
7	"Stomata absent from leaves"	9
8	"Mature megaspores dull brown; sporangium wall with patches of thickened and pigmented cells; peripheral fibre strands of lacunae absent"	"Isoetes tripus"
8	"Mature megaspores white or greyish white; sporangium wall with uniformly thickened and pigmented cells; peripheral fibre strands of lacunae present"	"Isoetes drummondii"
9	"Megaspores cristate or reticulate"	"Isoetes caroli"
9	"Megaspores tuberculate or smooth"	"Isoetes brevicula"
