from	statement	to
1	"Leaves simple and/or pinnatisect, the former longitudinally veined (usually 3-veined, but up to 7-veined)"	2
1	"Leaves all simple, penniveined"	3
2	"Aerial leaves aromatic; long-uniseriate trichomes present on all aerial green parts: seeds black; cleistogamous flowers absent from the highly dissected submerged leaves; divergent bracteoles always present"	"Limnophila brownii"
2	"Aerial leaves non-aromatic; long-uniseriate trichomes present only on the inside of corolla; seeds brown; cleistogamous flowers sometimes present among the highly dissected submerged leaves; bracteoles absent or rarely to 3 mm and appressed"	"Limnophila australis"
3	"Flowers sessile, corolla white-cream; calyx in fruit estriate; 'australis' type stem anatomy"	"Limnophila fragrans"
3	"Flowers pedicellate, corolla mauve to blue; calyx in fruit striate; 'chinensis' type stem anatomy"	4
4	"Prostrate or decumbent herb, usually under 0.2 m; long-uniseriate trichomes present on pedicels and calyces, and sometimes densely on all green parts; bracteoles divergent"	"Limnophila chinensis"
4	"Erect herb to 0.5 m; long-uniseriate trichomes absent from all green parts; bracteoles appressed"	"Limnophila aromatica"
