from	statement	to
1	"Anthers of at least shorter stamens hairy; pods with 2 wings along each suture"	"Mucuna gigantea subsp. gigantea"
1	"Anthers glabrous; pod lacking wings on valves or at sutures but with two longitudinal ribs in addition to sutural ribs"	2
2	"Standard ±4 cm long; calyx tube 8–10 mm long, its upper lip 10–12 mm long (measurements of flower parts from typical subsp.) ; pod straight to slightly curved, with 2 longitudinal, closely parallel ribs in centre of each valve; climbing plant"	"Mucuna diabolica subsp. kenneallyi"
2	"Standard to 2.5–3.5 cm long; calyx tube 5–7 mm long, its upper lip 6–10 mm long; pod curved, lacking lateral ribs; prostrate plant"	"Mucuna reptans"
