from	statement	to
1	"Mature fruiting carpels sessile or subsessile, the stipe always much shorter than the carpel"	"Ruppia tuberosa"
1	"Mature fruiting carpels with an elongate stipe always longer than the carpel"	2
2	"Flowers remaining below water surface, pollination occurring below surface; peduncle usually less than 5 cm long (always less than 10 cm) not or only once or twice loosely coiled"	"Ruppia maritima"
2	"Flowers rising to water surface on long flexuose peduncles, pollination occurring at surface and flowers then retracted by the coiling peduncles; peduncles usually more than 10 cm long (always more than 5 cm long)"	3
3	"Undamaged mature leaf apices obtuse; carpels mostly (4–) 6–8 (–16); endocarp perforations narrowly triangular"	"Ruppia polycarpa"
3	"Undamaged mature leaf apices bidentate or truncate; carpels (2–) 4 (–6); endocarp perforations broadly triangular"	"Ruppia megacarpa"
