from	statement	to
1	"Leaves simple, subterete; upper surface with a narrow rounded longitudinal ridge (much narrower than leaf), the base of the ridge usually with a shallow inconspicuous groove on either side (pistil (6–) 8–15 mm long)"	"Grevillea nematophylla subsp. nematophylla"
1	"Some or all leaves divided, or if all simple then either vertically flattened (narrowly elliptic to oblong in cross-section), or three-quarters round in cross-section with upper surface a broad shallowly concave strip almost as wide as leaf, with grooves under outer edges of strip"	2
2	"Simple leaves or lobes three-quarters round in cross-section with upper surface a broad shallowly concave strip as wide as leaf, with grooves under outer edges of strip; pistil 5–6 mm long"	"Grevillea nematophylla subsp. supraplana"
2	"Simple leaves or lobes laterally flattened (narrowly elliptic to oblong in cross-section), pistil c. 7–9 mm long"	"Grevillea nematophylla subsp. planicosta"
