from	statement	to
1	"Pappus present, the bristles fused into a basal ring"	2
1	"Pappus absent"	3
2	"Plants densely tomentose except on the upper surfaces of the leaves. Laminae of bracts acute"	"Pithocarpa cordata"
2	"Plants glabrescent, leaves linear to oblanceolate, scabrid above, tomentose or glabrescent below. Laminae of bracts obtuse"	"Pithocarpa ramosa"
3	"Involucral bracts without dark pigment; capitula in more or less compact, well-defined corymbs of 2–11 capitula, rarely solitary on lateral branches within the flowering region; ovary and cypsela glabrous"	"Pithocarpa corymbulosa"
3	"At least some involucral bracts marked with dark reddish-maroon on the abaxial surface; capitula in open, loose corymbs of 2–6 capitula, as well as solitary, on lateral branches within the flowering region; ovary and cypsela with antrorse, clavate duplex hairs"	"Pithocarpa pulchella"
