from	statement	to
1	"Stigma narrowly conical and included within corolla tube; stamens included within or partly exserted beyond corolla tube"	2
1	"Stigma bifid, exserted beyond corolla tube; stamens partly or completely exserted beyond corolla tube"	3
2	"Corolla lobes 1.0–1.5 mm long; capsule 2.0–2.5 mm wide; seeds depressed obconic"	"Paranotis kochiae"
2	"Corolla lobes 1.5–3.0 mm long; capsule 2.5–3.5 mm wide; seeds scutelliform"	"Paranotis halfordii"
3	"Pedicels stout, unequal in length within an inflorescence; capsule depressed obovoid, deeply furrowed along dissepiment, beak emarginate; ovules 2–6 per locule"	"Paranotis pterospora"
3	"Pedicels slender, ± equal in length within an inflorescence; capsule subglobose, ovoid-globose or depressed obovoid, slightly furrowed at dissepiment, beak rounded or truncate; ovules > 10 per locule"	"Paranotis mitrasacmoides subsp. mitrasacmoides"
