from	statement	to
1	"Sepals persistent"	2
1	"Sepals deciduous"	9
2	"Hypanthium glabrous"	3
2	"Hypanthium pubescent"	6
3	"Hypanthium obconoid, compressed obconoid, or compressed goblet-shaped"	4
3	"Hypanthium with the free region subtubular and much narrower than the subturbinate ovarian region"	"Homalocalyx coarctatus"
4	"Sepals 2-3.8 mm long, ovary apex flat or variously developed (never into a ridge)"	5
4	"Sepals 4-4.5 mm long, ovary apex produced into an abaxial-adaxial ridge"	"Homalocalyx staminosus"
5	"Ovary apex convex"	"Homalocalyx grandiflorus"
5	"Ovary apex flat"	"Homalocalyx polyandrus"
5	"Ovary apex distinctly swollen or domed on the adaxial side"	"Homalocalyx thryptomenoides"
6	"Ovary apex flat to umbonate"	7
6	"Ovary apex depressed transversely or concave"	8
7	"Sepals 2-2.8 mm long, total length of the cheiridium 4.3-8 times the length of the lobes"	"Homalocalyx pulcherrimus"
7	"Sepals 3.5-43 mm long, total length of the cheiridium 1.5-2 times the length of the lobes"	"Homalocalyx echinulatus"
8	"Ovary apex depressed transversely, petals pale yellow"	"Homalocalyx aureus"
8	"Ovary apex concave, petals purplish"	"Homalocalyx chapmanii"
9	"Hypanthium glabrous"	"Homalocalyx ericaeus"
9	"Hypanthium pubescent"	"Homalocalyx inerrabundus"
