from	statement	to
1	"Flowers 4.5-6(-7) mm diameter, with 5(6) stamens opposite the sepals"	2
1	"Flowers 7-12 mm diameter, with c. 10 or more stamens, usually irregularly arranged, always with some alternate to the sepals and petals"	3
2	"Stems with firmly attached grey bark. Leaves 3.5-6.5 mm long, with a prominent recurved apical point 1-1.4 mm long. Peduncles 1-3 mm long"	"Aluta appressa"
2	"Stems with loose flaky red-brown bark. Leaves 1-2.5 mm long, scarcely pointed. Peduncles up to 0.8 mm long"	"Aluta maisonneuvei"
3	"Leaves 15-20 mm long, with an erect to incurved apical point. Outer sepals distinctly auriculate. Stamens 15-22"	"Aluta quadrata"
3	"Leaves 1.5-13 mm long, with apical point recurved or very reduced to absent. Sepals not or scarcely auriculate. Stamens c. 10"	4
4	"Leaves more or less terete, with a prominent recurved apical point. Bracteoles ovate, with a recurved apical point"	"Aluta teres"
4	"Leaves 4-angled in cross-section, scarcely pointed. Bracteoles broadly ovate or with a very broad base and linear apex, acute"	"Aluta aspera"
