from	statement	to
1	"Leaves all unifoliolate or apparently simple"	2
1	"Leaves pinnate or trifoliolate"	10
2	"Leaves apparently simple"	3
2	"Leaves unifoliolate, articulate on the petiole"	5
3	"Pod at least 10 mm long; flowers pink to purple"	4
3	"Pod to 3 mm long; flowers red"	"Indigofera linifolia"
4	"Stems covered with small wart-like protuberances; pods viscid"	"Indigofera ixocarpa"
4	"Stems lacking wart-like protuberances; pods not viscid"	"Indigofera ammobia"
5	"Leaves densely grey- or white-tomentose; inflorescences to c. 45 mm long"	6
5	"Leaves grey or greenish, hairs sparse to moderately dense, appressed or spreading; inflorescences often to 120 mm long"	7
6	"Leaf with conspicuously impressed veins; calyx lobes 3.5–5.5 mm long; corolla 6–10 mm long"	"Indigofera rugosa"
6	"Leaf lacking conspicuously impressed veins; calyx lobes 1.4–2.3 mm long; corolla 3–4 mm long"	"Indigofera petraea"
7	"Leaflet veins prominent below, often impressed above"	"Indigofera monophylla"
7	"Leaflet veins obscure to somewhat prominent below"	8
8	"Stipules short , triangular, 1–2 mm long; staminal tube 5.5–6.5 mm long"	9
8	"Stipules slender, 3–4.5 mm long; staminal tube 4–4.5 mm long"	"Indigofera rotula"
9	"Leaflet ovate to elliptical, silvery-grey to green; indumentum dense, appressed"	"Indigofera deserticola"
9	"Leaflet rounded, pale green-grey; indumentum sparse"	"Indigofera rivularis"
10	"Leaves all trifoliolate (rarely some 1- or 5-foliolate)"	11
10	"Leaves pinnate (occasional leaves with 3 leaflets may occur)"	12
11	"Leaflets with appressed hairs; pod 4-angled"	"Indigofera trita"
11	"Leaflets with spreading hairs; pod terete"	"Indigofera boviperda subsp. eremaea"
12	"Leaflets alternate"	13
12	"Leaflets usually regularly opposite"	15
13	"Pod short, straight, usually <10 mm long; seeds 2–4"	14
13	"Pod curved, 10–30 mm long; seeds 4–8"	"Indigofera oblongifolia"
14	"Sepals distinctly fused at base, to 0.5 mm wide; staminal tube 2.5–3.2 mm long"	"Indigofera linnaei"
14	"Sepals only slightly fused at base, to 0.2 mm wide; staminal tube 1.5–1.8 mm long"	"Indigofera sessiliflora"
15	"Pods flattened"	"Indigofera hochstetteri"
15	"Pods ± terete"	16
16	"Plants with gland-tipped hairs, at least on the pod"	"Indigofera colutea"
16	"Plants lacking gland-tipped hairs"	17
17	"Leaflets mostly 15 or more"	18
17	"Leaflets usually 5–11"	19
18	"Inflorescence to 200 mm or more"	"Indigofera occidentalis"
18	"Inflorescence <100 mm long"	"Indigofera australis subsp. hesperia"
19	"Upper surface of leaflets glabrous or sparsely hairy"	20
19	"Upper surface of leaflets moderately to densely hairy"	24
20	"Stipules persistent and spinescent or thickened at the base"	21
20	"Stipules sometimes persistent but not markedly thickened at the base or spinescent"	22
21	"Stipules persistent and spinescent; bracts caducous"	"Indigofera helmsii"
21	"Stipules with conspicuous, thickened bases; bracts ± persistent"	"Indigofera warburtonensis"
22	"Young stems flexuose; staminal tube 3–4.5 mm long"	"Indigofera fractiflexa"
22	"Young stems not flexuose; staminal tube 4.5–6 mm long"	23
23	"Leaflets usually narrowly elliptical, 3–7 mm wide; calyx lobes usually ≤ 1 mm long"	"Indigofera kingiana"
23	"Leaflets obovate to elliptical, 5–12 mm wide; calyx lobes usually 1–2.5 mm long"	"Indigofera georgei"
24	"Staminal tubes ≥ 5 mm long"	25
24	"Staminal tubes ≤ 5 mm long (if c. 5 mm long, plants decumbent)"	30
25	"Leaflets 1.5–3.5 mm wide"	"Indigofera cuspidata"
25	"Leaflets usually at least 5 mm wide"	26
26	"Leaflets usually 5–7 (rarely 3 or 9); stipules not thickening"	27
26	"Leaflets usually 9–13 (rarely 5); stipules becoming thickened"	29
27	"Terminal leaflet sessile; flowers pink"	"Indigofera roseola"
27	"Terminal leaf not sessile; flowers red"	28
28	"Mature foliage silvery grey, with dense, appressed hairs; stipules c. 1 mm long"	"Indigofera oraria"
28	"Mature foliage greenish to grey, hairs variably dense, with ends spreading; stipules 1.5–2.5 mm long"	"Indigofera georgei"
29	"Inflorescences mostly 15–50 mm long; flowers pink"	"Indigofera cornuligera"
29	"Inflorescences mostly 60–100 mm long when fully expanded; flowers reddish pink"	"Indigofera gilesii"
30	"Stipules linear-subulate, usually >5 mm long; pod deflexed, densely clothed with spreading hairs c. 1 mm long"	"Indigofera hirsuta"
30	"Stipules narrowly triangular to subulate, ≤ 5 mm long; pod ascending to descending, with hairs ≤ 0.5 mm long"	31
31	"Leaflets with veins impressed above and prominent below"	"Indigofera boviperda subsp. boviperda"
31	"Leaflets without such conspicuous veins"	32
32	"Young stems with scattered, distinctly pigmented hairs giving a speckled appearance"	"Indigofera melanosticta"
32	"Young stems not as above (but if so, inflorescences ≤ 70 mm long)"	33
33	"All vegetative parts very densely tomentose; leaflets 3–5; inflorescences to 135 mm long"	"Indigofera eriophylla"
33	"Branchlets with appressed or sparse to moderately dense, ± spreading hairs"	34
34	"Leaflets (3–)5–7; inflorescences to 100 mm long"	35
34	"Leaflets (5–)7–9(–13); inflorescences 50–180(–280) mm long"	"Indigofera psammophila"
35	"Branchlets with dense, ± appressed hairs obscuring the stem surface; pods often ascending"	"Indigofera chamaeclada"
35	"Branchlets with sparse to moderately dense, ± spreading hairs (stem surface visible); pods descending"	"Indigofera decipiens"
