from	statement	to
1	"Perianth of male flowers 4- or 5(rarely 6)-merous"	2
1	"Perianth of male flowers 3(occasionally also 4)-merous"	5
2	"Plants monoecious; female flowers subtended by clusters of male flowers"	3
2	"Plants dioecious"	4
3	"Leaves usually linear (rarely narrowly elliptical) with blade revolute to midrib; blades attenuate but ultimately abruptly contracted to petiole; margins of stipules entire or with 1-6 scattered, eglandular teeth; anthers more than 0.35 mm long"	"Amperea ericoides"
3	"Leaves usually obovate to ovate (rarely to linear) with blade * flat or somewhat concave; blades evenly attenuate to petiole; margins of stipules irregularly, often glandular, fimbriate; anthers less than 0.35 mm long"	"Amperea simulans"
4	"Leaves with margins entire, revolute to midrib; tips acute"	"Amperea micrantha"
4	"Leaves with margins recurved and coarsely toothed (mainly distally), usually tipped with a conspicuous, red, bristle-hair as are the teeth"	"Amperea conferta"
5	"Stems erect, slender, ascending or decumbent; leaves present throughout, flat, with conspicuous thickened margins; stipules mostly fimbriate"	"Amperea protensa"
5	"Stems erect below but upwards twining and vine-like, usually leafless distally; leaves with revolute margins; stipules entire"	"Amperea volubilis"
