from	statement	to
1	"Mature fruits with prominent horns"	2
1	"Mature fruits sometimes with wings extending above the apex but these not horn-like"	4
2	"Fruit horns claw-like and incurved, sometimes erect; stamens 4–8"	"Tetragonia moorei"
2	"Fruit horns erect to ± divergent; stamens usually 8–22"	3
3	"Fruit with 2 large and several smaller horns, sparsely papillose"	"Tetragonia tetragonoides"
3	"Fruit with 7-10 unequal horns, densely papillose"	"Tetragonia coronata"
4	"Flowers pedicellate; pedicels at least 4 mm long"	5
4	"Flowers sessile or subsessile"	7
5	"Fruit succulent"	"Tetragonia implexicoma"
5	"Fruit dry, variously winged"	6
6	"Fruit pale, papillose; wings thick"	"Tetragonia decumbens"
6	"Fruit dark, not papillose; wings thin"	"Tetragonia nigrescens"
7	"Anthers 4"	8
7	"Anthers twice number of perianth lobes or more"	"Tetragonia cristata"
8	"Fruit with 2 large and 2 smaller woody wings extending laterally"	"Tetragonia eremaea"
8	"Fruit with 2 thin wings extending above ovary"	"Tetragonia diptera"
