from	statement	to
1	"Most leaves < 7 cm long, with up to 15 pairs of pinnae"	2
1	"Most leaves > 7 cm long, with up to 51 pairs of pinnae"	5
2	"Branchlets glabrous; pods glabrous"	3
2	"Branchlets hairy, especially when young (sometimes almost glabrous); pods hairy or glabrous"	4
3	"Leaves with a minute jugary gland at base of all pairs of pinnae; petiole 1.2-4 cm long; pinnules 3.5-35 mm long, 1.5-9.5 mm wide"	"Vachellia pachyphloia"
3	"Leaves with jugary glands not present at base of all pairs of pinnae; petiole 0.2-2 cm long; pinnules 1-15 mm long, 0.5-3.5 mm wide"	"Vachellia farnesiana"
4	"Pinnae always 1 or 2 pairs; leaf rachis when present 0.1-0.2 cm long; heads solitary in axils, 4-7-flowered"	"Vachellia suberosa"
4	"Pinnae (1-) 2-25 pairs; leaf rachis 0.3-12.5 cm long; heads up to 6 in axils, with more than 10 flowers"	"Vachellia nilotica subsp. indica"
5	"Leaf rachis with jugary glands"	6
5	"Leaf rachis without jugary glands (a petiolar gland occurs at the base of lowest pair of pinnae)"	"Vachellia ditricha"
6	"Petiole 1.2-7.5 cm long; pinnae 1-11 pairs, 5.5-19.8 cm long; jugary glands minute, inconspicuous"	"Vachellia pachyphloia"
6	"Petiole 0.3-2.2 cm long; pinnae 6-45 pairs, 0.7-11.5 cm long; jugary glands ±conspicuous"	"Vachellia valida"
