from	statement	to
1	"Branches and/or leaves with an obvious dense white branched tomentum at least at the branch tips"	2
1	"Branches and/or leaves glabrous or glandular-pubescent but may have scattered branched hairs, particularly on the leaf margins"	5
2	"Prostrate shrub, leaves and branches white tomentose, flowers yellow"	"Eremophila glabra subsp. elegans"
2	"Erect shrub, leaves and flowers variable"	3
3	"Hairs on branches forming dense white bands with the hairs absent below leaf bases"	"Eremophila glabra subsp. glabra"
3	"Hairs on branches evenly distributed"	4
4	"Leaves and branches persistently thickly white tomentose, hairs often floccose on branches; leaves ovate to broad-elliptic; flowers red"	"Eremophila glabra subsp. tomentosa"
4	"Leaves and branches variable in indumentum density but never floccose; leaves densely pubescent to tomentose; leaves linear-elliptic, lanceolate to oblanceolate; corolla red, green or yellowish green"	"Eremophila glabra subsp. albicans"
5	"Branches and leaves lacking branched hairs"	6
5	"Branches and/or leaves with branched hairs"	7
6	"Leaves slightly fleshy, oblanceolate, often distinctly dentate to serrate in the distal half; sepals fleshy, corolla glabrous outside"	"Eremophila glabra subsp. carnosa"
6	"Leaves not fleshy, variable in shape, entire or rarely serrate; sepals not fleshy; corolla glandular-pubescent outside"	"Eremophila glabra subsp. glabra"
7	"Leaves narrowly elliptic to rarely oblanceolate, margins at least at branch tips with obvious branched hairs; corolla green"	"Eremophila glabra subsp. chlorella"
7	"Leaves variable, stellate hairs scattered on surfaces; corolla red or yellow"	"Eremophila glabra subsp. psammophora"
