from	statement	to
1	"Tree; flowers large, standard 70-100 mm long; leaflets oblong-elliptic, 9-14.5 mm wide"	"Sesbania formosa"
1	"Herb or shrb; flowers small, standard 8-22 mm long; leaflets narrowly oblong-elliptic, 1.5-5.5 mm wide"	2
2	"Standard petal 8-12 mm long, always prominently streaked with red, calli with or without a very short free apex less than 0.5 mm long"	"Sesbania cannabina"
2	"Standard petal 12-22 mm long, sometimes flecked but not prominently with red, calli with an obtuse free apex 0.5-2.0 mm long"	3
3	"Calyx lobes subulate, (2.5)3-5 mm long, long-acuminate"	"Sesbania simpliciuscula var simpliciuscula"
3	"Calyx lobes triangular to deltate, 0.5-1.5 mm long, acute"	4
4	"Corolla yellow"	"Sesbania simpliciuscula var fitzroyensis"
4	"Corolla pink, blue or purple"	"Sesbania erubescens"
