from	statement	to
1	"Carpels in several whorls, apparently spirally arranged; flowers bisexual or unisexual"	"Sagittaria: Sagittaria platyphylla"
1	"Carpels in 1 whorl; flowers bisexual"	2
2	"Carpels roughly triangular with long beak, united along central axis, not closely packed"	"Damasonium: Damasonium minus"
2	"Carpels rounded on back, not triangular, not united along central axis, often closely packed"	3
3	"Leaves lanceolate to ovate, base a gradual continuation of the petiole"	"Alisma: Alisma lanceolatum"
3	"Leaves sagittate or deeply cordate"	"Albidella: Albidella oligococca"
