from	statement	to
1	"Leaflets 1 or 2 pairs, large; petiolar gland absent; plant annual"	2
1	"Leaflets at least 3 pairs, small; petiolar glands always present on some leaves; plant annual or perennial"	3
2	"Leaves with 2 pairs of leaflets; sepals obtuse or rounded at apex; plant sticky because of vesicle-based setae"	"Chamaecrista absus"
2	"Leaves with 1 pair of leaflets; sepals acute at apex; plant not sticky"	"Chamaecrista rotundifolia"
3	"Petiolar gland sessile, not tapering to the base nor stipitate; stamens 8 or more"	4
3	"Petiolar gland stipitate or at least tapering to the base and obconic, distinctly raised from the petiole; stamens 5, rarely fewer"	6
4	"Petiolar gland oblong, cushion-like, 2–4 mm long, 1–1.5 mm wide; leaflets 2–6 mm wide, almost symmetrical with ±central midrib"	"Chamaecrista nigricans"
4	"Petiolar gland circular or elliptic, largest dimension less than 1.5 mm; leaflets less than 2 mm wide, asymmetrical; main vein anticous"	5
5	"Leaf rachis distinctly crested between leaflets on adaxial side, serrulate or crenate in profile; leaflets strongly sensitive to touch, closely folded"	"Chamaecrista mimosoides"
5	"Leaf rachis canaliculate on adaxial side sometimes with ciliate rim; leaflets often not closely folded"	"Chamaecrista nomame"
6	"Petals less than 2 mm long, distinctly shorter than sepals; leaflets up to 3.5 mm long, rarely to 4 mm; pedicels to 6 mm long"	"Chamaecrista deserti"
6	"Petals more than 3 mm long, slightly shorter, or longer than sepals; leaflets rarely less than 3.5 mm long; pedicels 5–30 mm long"	7
7	"Subshrub to 60 cm tall; leaflets usually 8–12 pairs, crowded on rachis; flowers large; petals to 10 mm long; style not flared at tip"	"Chamaecrista symonii"
7	"Tufted perennial to 30 cm tall; leaflets 2–7 pairs, widely separated on rachis; flowers small; petals to 5 mm long; style flared at tip"	"Chamaecrista moorei"
