from	statement	to
1	"Leaf-base asymmetrical"	2
1	"Leaf-base symmetrical"	3
2	"Male flowers without a disk; ovary up to 25-locular"	Glochidion
2	"Male flowers with a disk or glands; ovary up to 8-locular"	Phyllanthus
3	"Male flower sepals valvate; female flowers with double disk"	"Bridelia: Bridelia tomentosa"
3	"Male flower sepals imbricate; female flowers with single disk or disk absent"	4
4	"Leaves with acariform domatia; male flowers sessile or subsessile"	"Antidesma: Antidesma ghaesembilla"
4	"Leaves lacking acariform domatia; male flowers pedicellate"	5
5	"Male flowers with petals"	6
5	"Male flowers without petals"	9
6	"Woody subshrubs, shrubs or small trees"	Phyllanthus
6	"Herbs or soft, non-woody subshrubs"	7
7	"Flowers in axillary glomerules"	"Notoleptopus: Notoleptopus decaisnei"
7	"Flowers in terminal corymbose racemes or axillary but not forming glomerules"	8
8	"Flowers in terminal corymbs"	Poranthera
8	"Flowers axillary"	Phyllanthus
9	"Male flowers with pistillode"	"Flueggea: Flueggea virosa subsp. melanthesoides"
9	"Male flowers without pistillode"	10
10	"Disk annular or embracing the base of the filaments or style in male and female flowers"	"Margaritaria: Margaritaria dubium-traceyi"
10	"Disk dissected or absent in male and female flowers; seed coat not as above"	11
11	"Disk absent in male flowers"	12
11	"Disk present in male flowers"	Phyllanthus
12	"Fruits wider than high; seeds smooth; pistillate flowers with subglobose ovaries, often flattened apically; stigmas usually split from halfway to completely"	13
12	"Fruits higher than wide; seeds prominently sculptured; pistillate flowers with ovate ovaries, apex obtuse or lobed; stigmas generally not split or split less than halfway"	Synostemon
13	"Foliage drying black-blue; male flower calyx turbinate; fruit reddish-pink; seed-coat fleshy"	"Breynia: Breynia cernua"
13	"Foliage drying otherwise; male flower calyx + discoid, never turbinate; fruit brown, cream, green or orange; seed-coat dry"	"Sauropus: Sauropus arenosus"
