from	statement	to
1	"Plants perennial; leaf sheaths without auricles, the margins gradually narrowed forming ligules; tepals and stamens 6; fruits smooth or with rounded ridges or keels"	2
1	"Plants annual; leaf sheaths auriculate; tepals and stamens mostly 1–3, sometimes 6; fruits often with obtuse or acute projections or fine spurs, sometimes smooth or narrowly winged"	3
2	"Rootstock bulbous, fibre-covered, bearing smaller bulbils; fruits with 3 fertile carpels"	"Triglochin bulbosa"
2	"Rootstock rhizomatous; fruits with usually 3–6 fertile carpels"	"Triglochin striata"
3	"Fruiting carpels with points, spurs or spines which project from the body of the carpel, these sometimes reduced and near-absent"	4
3	"Fruiting carpels without such projections, sometimes with rounded expansions or bulges at or above base"	13
4	"Fruit projections apical, or from narrow lateral wings, sometimes also basal in T. mucronata"	5
4	"Fruit projections all basal"	6
5	"Fruit inverted-pyramidal; fertile carpels with stylar beaks spreading or recurving outwards; sterile carpels with ±erect apical points"	"Triglochin mucronata"
5	"Fruit elliptic to elliptic-rectangular; fertile carpels with 2 narrow, lateral wings, each wing 2-pointed; points from bluntly triangular to rarely long and spinescent, sometimes near-absent"	"Triglochin hexagona"
6	"Fruits usually sessile, sometimes on pedicels to 0.2 mm long"	7
6	"Fruits pedicellate, on pedicels usually 0.2–15 mm long, from less than to about twice as long as fruit"	10
7	"Fruit body narrowly obovoid; basal spines thickened dorsally, membranous ventrally, spreading"	"Triglochin calcitrapa"
7	"Fruit body ±narrowly pyramidal to ellipsoid or ovoid; basal spurs various"	8
8	"Fruits erect and strongly appressed to rachis, sometimes semi-erect; fertile carpels with narrow side-wings extended into short basal points 0.1–0.4 mm long; wings almost obscuring sterile carpels; receptacle prominently thickened"	"Triglochin centrocarpa"
8	"Fruits not as above"	9
9	"Basal spurs down-pointed to spreading, 0.5–2.8 mm long; sterile carpels with broad dorsal surfaces readily visible between fertile carpels"	"Triglochin muelleri"
9	"Basal spurs from slightly upcurved to strongly inrolled, 0.5–2.6 mm long; sterile carpels (central axis) sunken between fertile carpels and almost hidden"	"Triglochin sp. A Flora of Australia (G.J. Keighery 2477)"
10	"Fruit body narrowly linear-pyramidal; basal spurs 2 per carpel"	11
10	"Fruit body narrowly to broadly ovoid or ellipsoid but a little narrowed above middle; basal spurs 4 per carpel"	12
11	"Fruit 1.8–6 mm long; basal spurs consisting of short downward to outward points, sometimes near-absent, or upcurved when longest; membrane when present thin and translucent"	"Triglochin nana"
11	"Fruit (10–) 12–15.5 mm long; basal spurs of each carpel upcurved, their lower edges united by a thick membrane"	"Triglochin stowardii"
12	"Fruit body ovoid to broadly ovoid or ellipsoid, often ±abruptly contracted at base, 1.3–3.2 mm long; basal spurs 4, 2 spreading laterally, straight to upcurved, 0.05–0.15 mm long, also 2 downpointed, shorter"	"Triglochin trichophora"
12	"Fruit body narrowly ovoid to ovoid, 3.5–7.5 mm long; basal spurs 4, 2 spreading laterally, upcurved to inrolled, usually 1.5–3.7 mm long, also 2 downpointed, shorter, near-absent to 1.3 mm long"	"Triglochin isingiana"
13	"Fruits sessile, rarely on pedicels to 0.2 (–1.2) mm long"	14
13	"Fruits pedicellate; pedicels (0.1–) 0.25–6.2 mm long"	16
14	"Perianth segments of non-terminal flowers 2 or 3; fruits ellipsoid to obloid, usually remaining whole; sterile carpels with broad dorsal surfaces readily visible between fertile carpels and curving continuously into receptacle"	"Triglochin muelleri"
14	"Perianth segments of non-terminal flowers 1; fruits with carpels separating at maturity; sterile carpels visible but narrow"	15
15	"Fruits very narrowly pyramidal to subobloid, not widened at base, 1–2.2 mm long"	"Triglochin minutissima"
15	"Fruits ±cylindric, slender, widened at base, 3.2–5.8 mm long"	"Triglochin longicarpa"
16	"Fruits ovoid to broadly ovoid to ellipsoid, 1.5–3 mm long; fertile carpels with lateral edges slightly rounded at base in dorsal view, not bulged or tapered; fruit base ±truncate"	"Triglochin trichophora"
16	"Fruits narrowly trullate, 4–6.1 mm long; fertile carpels each with 2 rounded bulges projecting outwards near base (rarely bulges lacking); carpels tapered downwards and inwards below bulges"	"Triglochin protuberans"
