from	statement	to
1	"Flowers dull red or pinkish red, more rarely cream or yellow with prominent dull red markings"	"Caladenia denticulata subsp. rubella"
1	"Flowers dull white, cream or pale yellow to greenish yellow and white with faint (never prominent) dull red markings"	2
2	"Flowers pale yellow to greenish yellow and white; Waroona to Eneabba and inland to Lake Moore"	"Caladenia denticulata subsp. denticulata"
2	"Flowers dull white or cream; Arrowsmith area"	"Caladenia denticulata subsp. albicans"
