from	statement	to
1	"Tepals 1–4"	2
1	"Tepals 5"	13
2	"Tepals 1–3"	3
2	"Tepals 4"	11
3	"Flowers in axillary clusters"	4
3	"Flowers in spike-like inflorescences"	8
4	"Tepals of lateral flowers of clusters 1 or 2; seed erect, ellipsoidal to obovoid or laterally flattened"	5
4	"Tepals 3; seed turnip-shaped to subglobular"	"Dysphania littoralis"
5	"Tepals united at base; tepals shed with seed enclosed"	"Dysphania glomulifera"
5	"Tepals free; seed and tepals shed separately"	6
6	"Seed strongly flattened laterally (usually slightly twisted), ± obovate; pericarp almost smooth"	"Dysphania platycarpa"
6	"Seed ellipsoidal, obovoid or lenticular; pericarp smooth or glandular-papillate"	7
7	"Pericarp smooth, puncticulate or minutely papillate; seed ellipsoidal to obovoid or lenticular"	"Dysphania glomulifera"
7	"Pericarp prominently papillate; seed asymmetrically narrowly obovoid, the embryo side flat"	"Dysphania glandulosa"
8	"Seed compressed-globular; embryo oblique to erect"	"Dysphania sphaerosperma"
8	"Seed ellipsoidal or broadly pear-shaped, erect; embryo lateral and basal"	9
9	"Tepals free, rounded or inconspicuously keeled on back"	10
9	"Tepals united into a hard cup-shaped tube in lower half, prominently and horizontally keeled"	"Dysphania simulans"
10	"Style solitary, pericarp faintly areolate otherwise smooth"	"Dysphania plantaginella"
10	"Styles 2, pericarp covered with prominent gland-like papillae"	"Dysphania congestiflora"
11	"Plant erect with one main stem; seed dull (rarely glossy), almost globular"	12
11	"Plant prostrate or decumbent, many stems from the base; seed glossy, compressed globular"	"Dysphania kalpari"
12	"Inflorescence spike-like, composed of compact axillary cymes"	"Dysphania rhadinostachya"
12	"Inflorescence paniculate, composed of open dichasia"	"Dysphania saxatilis"
13	"Stamens 5; pericarp with geniculate glandular hairs"	14
13	"Stamens 1 or 2; pericarp glabrous, minutely puberulous or papillose"	15
14	"Leaves serrate; seed horizontal to oblique"	"Dysphania ambrosioides"
14	"Leaves pinnatisect; seed erect"	"Dysphania multifida"
15	"Tepals strongly crested"	"Dysphania cristata"
15	"Tepals rounded to acute on back or keeled"	16
16	"Tepals firmly united in lower half, completely covering fruit, pale fawn or black"	17
16	"Tepals free to near base, not completely covering the fruit, white"	"Dysphania pumilio"
17	"Fruiting perianth black"	"Dysphania melanocarpa f. melanocarpa"
17	"Fruiting perianth pale fawn"	"Dysphania melanocarpa f. leucocarpa"
