from	statement	to
1	"Compact shrub to 1 m tall; stems and both surfaces of leaflets villous with dense spreading hairs 0.8–1mm long; petioles 2–3 mm long; pod unknown"	"Alysicarpus suffruticosus"
1	"Annuals or perennials, prostrate or erect, usually sparingly branched; stems and leaflets only sparsely hairy, not villous"	2
2	"Pod not, or only slightly, constricted between the articles; articles smooth or obscurely reticulately veined when dry; annual or perennial plants"	3
2	"Pod markedly constricted between the articles; articles predominantly reticulately veined; plants annual"	5
3	"Flowers in short, rather open, racemes, terminal and in upper axils forming an open leafy panicle; leaflet 10–20(–24) mm wide; articles 2–3 mm long; plants annual"	"Alysicarpus ovalifolius"
3	"Flowers in rather dense terminal racemes, seldom in upper axils; leaflets 3–12 mm wide; articles to 4mm long; plants perennial"	4
4	"Racemes dense, flowers overlapping at anthesis; pod articles somewhat flattened, pubescent, 3.5–4 mm long; seeds not seen, (probably smaller than those of A. vaginalis)"	"Alysicarpus major"
4	"Racemes open or dense; pod articles scarcely flattened, glabrous, to 3.5 mm long; seeds c. 2 × 1.5 mm"	"Alysicarpus vaginalis"
5	"Calyx 7–9 mm long; pod articles 2.5–4 mm long, 3–3.3 (–4) mm wide, coarsely reticulate, pale straw-coloured when mature"	"Alysicarpus muelleri"
5	"Calyx 4–6 mm long; pod articles 1.5–2.5 mm long, 1.5–2 mm wide, finely transversely reticulate, black when mature"	"Alysicarpus schomburgkii"
