from	statement	to
1	"Inflorescences strictly pendulous (see notes on inflorescence orientation above); stigma usually not, or barely expanded at anthesis (distinctly expanded only in S. filifolia); style usually smooth throughout"	2
1	"Inflorescences erect to spreading (see notes on inflorescence orientation above); stigma distinctly expanded at anthesis; style usually scabrous in the upper half"	14
2	"Leaves adaxially concave, the margins not recurved; leaf apex a broad, innocuous callus tip (Porongurup and Stirling Range–Israelite Bay)"	"Styphelia woodsii"
2	"Leaves adaxially convex, the margins recurved to revolute (occasionally ± flat in S. inframediana); leaf apex usually strongly mucronate, often pungent (sometimes with an innocuous callus tip in S. concinna)"	3
3	"Corolla lobes shorter than the tube"	4
3	"Corolla lobes longer than the tube"	7
4	"Longest leaves per specimen to 5 mm long (very rarely to 6 mm), leaf margins usually gently recurved, longitudinal axis of leaves usually variously recurved; ovary 3- or 4-locular; fruit cylindrical or very narrowly ellipsoid (widespread; New Norcia–Lake Muir–Gibson, and inland in the south of its range to Kojonup and Lake Magenta)"	"Styphelia concinna"
4	"Longest leaves per specimen > 5 mm long, or if occasionally no more than 5 mm then leaf margins strongly recurved to revolute, longitudinal axis of leaves usually ± straight; ovary 5-locular; fruit variously shaped, never as above"	5
5	"Leaf margins strongly recurved to revolute, the leaf apical mucro usually innocuous, occasionally sharply pungent; fruit narrowly obovoid (widespread; SE of Armadale–Augusta–Mount Manypeaks, and inland in the south of its range to Boyup Brook and Mount Barker)"	"Styphelia pendula (typical variant)"
5	"Leaf margins usually gently recurved, very occasionally moderately recurved in S. graniticola, the leaf apical mucro always sharply pungent; fruit ovoid, ellipsoid, narrowly ovoid, narrowly ellipsoid or occasionally (S. graniticola) narrowly obovoid"	6
6	"All, or at least some leaves retrorse; style 6.5–9.0 mm long; filaments attached to anthers 1/3–1/2 above anther base; fruit usually ovoid or narrowly ovoid, occasionally ellipsoid or narrowly ellipsoid, at least 3 mm wide (mostly Darling Range; N of Bindoon–Boyup Brook"	"Styphelia nitens"
6	"Leaves variously antrorse; style 3.5–5.3 mm long; filaments attached to anthers 2/3–3/4 above anther base; fruit narrowly ellipsoid to narrowly obovoid, 1.7–2.0 mm wide (restricted; SW to NE of Walpole)"	"Styphelia graniticola"
7	"Longest leaves per specimen to 5 mm long (very rarely to 6 mm), leaf margins usually gently recurved, longitudinal axis of leaves usually variously recurved; ovary 3- or 4-locular; fruit cylindrical or very narrowly ellipsoid (widespread; New Norcia–Lake Muir–Gibson, and inland in the south of its range to Kojonup and Lake Magenta)"	"Styphelia concinna"
7	"Longest leaves per specimen > 5 mm long, or if occasionally no more than 5 mm then leaf margins strongly recurved to revolute, longitudinal axis of leaves usually ± straight; ovary 5-locular; fruit variously shaped, never as above"	8
8	"Leaf apices shortly mucronate (the mucros 0.1–0.6 mm long) and innocuous, or very occasionally sub-pungent"	9
8	"Leaf apices long-mucronate (the mucros 0.4–2.0 mm long) and sharply pungent"	11
9	"Sepals and bracteoles shortly and densely hairy; fruit actinomorphic, globose or occasionally broadly ellipsoid (Busselton–Scott River–Donnybrook, with an apparent outlier in the Yarloop area)"	"Styphelia globosa"
9	"Sepals and bracteoles glabrous; fruit strongly zygomorphic or if actinomorphic, narrowly obovoid"	10
10	"Adaxial leaf surfaces with 3–5 sunken longitudinal lines evident; stigma distinctly expanded; fruit strongly zygomorphic, bilaterally compressed (sporadically from N of Eneabba–Harvey)"	"Styphelia filifolia"
10	"Adaxial leaf surfaces smooth, lacking sunken lines; stigma not, or barely, expanded; fruit actinomorphic, circular in transverse section, narrowly obovoid (Walpole–Albany–Stirling Range)"	"Styphelia pendula (short-tube variant)"
11	"Tangled, spreading shrubs; leaves linear or very narrowly ovate, 0.5–1.7 mm wide, ± patent to strongly retrorse; inflorescence axes glabrous; filaments 0.3–0.6 mm long; fruit ellipsoid to obovoid (SE of Margaret River–E of Augusta)"	"Styphelia intricata"
11	"Erect shrubs, never tangled; leaves variously shaped, but if linear or very narrowly ovate, then wider leaves > 1.7 mm wide, mostly variously antrorse (sometimes retrorse in S. inframediana); inflorescence axes hairy (sometimes ± glabrous in S. madida subsp. madida); filaments 0.5–1 mm long; fruit globose, broadly ellipsoid, broadly obovoid or (sometimes in S. inframediana) ellipsoid"	12
12	"Leaves 3.5–9.0 mm long, including a mucro 0.4–0.8 mm long; bracteoles 0.8–1.0 mm long, including a mucro 0.1–0.2 mm long; inflorescence axes 2.0–5.2 mm long; fruit broadly obovoid to ellipsoid (Denmark–Albany–Stirling Range)"	"Styphelia inframediana"
12	"Leaves 8.0–21 mm long, including a mucro 0.7–2.0 mm long; bracteoles 1.0–1.6 mm long, including a mucro 0.2–0.7 mm long; inflorescence axes 3.0–10 mm long; fruit globose or broadly ellipsoid"	13
13	"Young branchlets with sparse to moderately dense indumentum of short, straight hairs to c. 0.1 mm long; leaves 0.8–2.0 mm wide, the widest usually 1.8 mm or less; bracteole mucros 0.2–0.4 mm long; sepals 1.8–2.7 mm long (NW of Walpole–William Bay)"	"Styphelia madida subsp. madida"
13	"Young branchlets with a dense indumentum of straight or wavy hairs 0.1–0.4 mm long; leaves 1.5–3.8 mm wide, the widest usually at least 2.2 mm; bracteole mucros 0.4–0.7 mm long; sepals 2.5–3.0 mm long (just E of Albany–Bald Island)"	"Styphelia madida subsp. hirtigera"
14	"Sepals equal to, or longer than, the corolla tube"	15
14	"Sepals shorter than the corolla tube"	16
15	"Sepals acute, prominently mucronate; leaves strongly antrorse, very narrowly elliptic, very narrowly obovate or linear, longest leaves per specimen, 16–30 mm long (widespread; Warradarge–Augusta–Cape Riche, and inland to Narrogin and the Stirling Range)"	"Styphelia propinqua"
15	"Sepals obtuse, not mucronate; leaves spreading, varying from shallowly antrorse to shallowly retrorse, narrowly elliptic to narrowly ovate, if linear-oblong then longest leaves per specimen 9–16 mm long (near-coastal and islands; Dongara–Mandurah)"	"Styphelia insularis"
16	"Leaves strongly glaucous, margins obviously ciliate with stiff, spreading hairs, 0.1–0.2 mm long; inflorescences erect (mostly Darling Range; John Forrest N.P.–Darkan area)"	"Styphelia stricta"
16	"Leaves not glaucous, margins glabrous or minutely ciliolate with hairs < 0.05 mm long; inflorescences spreading"	17
17	"Inflorescence axis glabrous; leaves mostly long-linear or less often very narrowly ovate, very narrowly elliptic or very narrowly obovate, longest leaves per specimen 15–35 mm long; fruit strongly zygomorphic, bilaterally compressed (somewhat disjunct; Lancelin–Yalgorup; Margaret River–Two Peoples Bay)"	"Styphelia racemulosa"
17	"Inflorescence axis hairy; leaves usually wider than above, ovate to narrowly ovate, elliptic to narrowly elliptic or obovate to narrowly obovate, if linear-oblong the longest leaves per specimen 7–16 mm long; fruit actinomorphic, circular in transverse section"	18
18	"Corollas white or pink to red; corolla tube hairy on internal surfaces; sepal margins ciliolate not obviously translucent; fruit ellipsoid, narrowly ellipsoid, obovoid or narrowly obovoid, mesocarp not, or poorly, developed (widespread; Moore River N.P.–Augusta–W of Bremer Bay, and inland to York and the Stirling Range)"	"Styphelia erubescens"
18	"Corollas always white; corolla tube glabrous below the lobes on internal surfaces; sepal margins glabrous, translucent; fruit globose or broadly ovoid, mesocarp well developed, obviously fleshy (near-coastal and islands; Dongara–Mandurah)"	"Styphelia insularis"
