from	statement	to
1	"Leaves with 3 (rarely 5) veins, generally narrow and widest about the middle, distal portions only very slightly recurved; non-lignotuberous; fruits sometimes with 4 or 6 lobes"	"Eremaea asterocarpa subsp. histoclada"
1	"Leaves with 5-7 or more veins, generally recurved in upper quarter; fruits always with only 5 prominent lobes"	2
2	"Plants erect with straight or slightly arching branches; leaves widest above the middle"	"Eremaea asterocarpa subsp. asterocarpa"
2	"Plants low with branches short, zig-zag or contorted; leaves generally widest about the middle"	"Eremaea asterocarpa subsp. brachyclada"
