from	statement	to
1	"Stellate hairs absent; prickles absent or rare (introduced species)"	2
1	"Stellate hairs and/or prickles present (native species)"	6
2	"Leaves deeply pinnatisect; flowers yellow; fruit red, sub-globular"	"Solanum lycopersicum"
2	"Leaves entire or lobed, not pinnatisect; flowers mauve, purple or rarely white; fruit red, green, brown or lack, globular"	3
3	"Climbing or scrambling perennials; leaves deeply 3–9-lobed; berry usually 10–12 mm diam.; seeds shaggy-haired"	"Solanum seaforthianum"
3	"Annuals or herbaceous perennials, not climbing; leaves entire, or some with 1–5 basal lobes or leaflets; berry 5–10 mm diam.; seeds not hairy"	4
4	"Leaves usually 1–2 cm wide, hairs (if present) forked; berries bright orange-red, 1 or 2 per peduncle"	"Solanum pseudocapsicum"
4	"Leaves 1–8 cm wide, hairs not forked; berries not bright orange-red, usually 2–10 per peduncle"	5
5	"Mature berry shiny; seeds usually more than 40 in each fruit"	"Solanum americanum"
5	"Mature berry dull; seeds usually 20–40 in each fruit"	"Solanum nigrum"
6	"Hairs predominantly simple or glandular"	7
6	"Hairs predominantly stellate"	9
7	"Fruiting calyx largely enclosing berry"	"Solanum oedipus"
7	"Fruiting calyx not enclosing berry"	8
8	"Leaves deeply and narrowly lobed; inflorescence reduced, with one bisexual flower below several several male flowers; seeds discoid"	"Solanum oligandrum"
8	"Leaves with triangular loves; inflorescence not reduced as above; seeds flat, distinctly winged"	"Solanum pugiunculiferum"
9	"Indumentum of glandular stellate hairs, each hair stalked, with a ring of short non-glandular branches, and terminating in a very long, erect, glandular branch arising from the centre of the whorl"	"Solanum sp. Bachsten Creek (R.L. Barrett & M.D. Barrett RLB 3813)"
9	"Indumentum of non-glandular stellate hairs"	10
10	"Prickles absent or rare"	11
10	"Prickles present on stems, leaves, petioles and/or inflorescences"	23
11	"Flowers all male"	12
11	"At least the basal flower male"	16
12	"Leaves linear-lanceolate, sometimes lobed"	"Solanum tudununggae"
12	"Leaves lanceolate to elliptic or ovate, not lobed"	13
13	"Leaves green"	"Solanum vansittartense"
13	"Leaves silvery or rusty"	14
14	"Leaves discolorous, lanceolate-elliptic, rusty, 1–2 cm wide"	"Solanum cunninghamii"
14	"Leaves concolorous, ovate-elliptic, rusty, silvery or greenish white, 1–5 cm wide"	15
15	"Indumentum silvery (type form) or rusty (W Kimberley form)"	"Solanum dioicum"
15	"Indumentum greenish white"	"Solanum sp. Longini (C.T. Martine et al. CTM 805)"
16	"Lowest flower of inflorescence bisexual, the others male, or flowers solitary and bisexual"	17
16	"Flowers all bisexual, rarely lower ones bisexual and upper ones male"	19
17	"Leaves lanceolate to elliptic or ovate, not lobed"	18
17	"Leaves linear-lanceolate, sometimes lobed"	"Solanum tudununggae"
18	"Leaves 10–15 mm wide; fruit . 20 mm diam."	"Solanum cunninghamii"
18	"Leaves 2–3 mm wide; fruit . 5 mm diam."	"Solanum sp. Boomerang Bay"
19	"Leaves sparsely pubescent or glabrous on upper surface(Not yet recorded in the Kimberley region, but probably present)"	"Solanum chenopodinum"
19	"Leaves densely to moderately pubescent on upper surface"	20
20	"Mature berry dry, brown or black"	21
20	"Mature berry mucilaginous, yellow, green or orange-brown"	22
21	"Small sub-shrub to 0.5 m; calyx with few or no prickles (S Kimberley & arid Australia)"	"Solanum centrale"
21	"Erect shrub to 3 m; calyx with prominent prickles (far N Kimberley)"	"Solanum vansittartense"
22	"Leaves oblong, sometimes shallowly lobed; flowering pedicel 10–15 mm long; calyx lobes lobes linear or narrow-triangular, 2–3 mm long"	"Solanum esuriale"
22	"Leaves oblong, not lobed; flowering pedicel to 10 mm long; calyx lobes triangular, 1–1.5 mm long (Not yet recorded in the Kimberley region, but probably present)"	"Solanum tumulicola"
23	"Flowers all male"	24
23	"At least basal flower bisexual; fruits, when present, one to several on each peduncle"	38
24	"Leaves entire"	25
24	"Leaves lobed"	31
25	"Leaves lanceolate to elliptic or ovate, 10–70 mm wide"	26
25	"Leaves linear-lanceolate or lanceolate, 8–15 mm wide"	29
26	"Leaves green"	"Solanum vansittartense"
26	"Leaves silvery or rusty"	27
27	"Leaves discolorous, lanceolate-elliptic, rusty, 1–2 cm wide"	"Solanum cunninghamii"
27	"Leaves concolorous, ovate-elliptic, rusty, silvery, or greenish white, 1–5 cm wide"	28
28	"Indumentum silvery (type form) or rusty (W Kimberley form)"	"Solanum dioicum"
28	"Indumentum greenish white"	"Solanum sp. Longini (C.T. Martine et al. CTM 805)"
29	"Leaves silvery; corolla 30–45 mm diam., purple"	"Solanum tudununggae"
29	"Leaves grey-green; corolla 15–20 mm diam., pale lavender"	30
30	"Male flowers 15–25 mm diam., female flowers 20–30 diam."	"Solanum petraeum"
30	"Male flowers c. 8 mm diam., female flowers c. 15 mm diam."	"Solanum sp. Prince Regent River (T. Handasyde TH 1925)"
31	"Lobes cut no more than half way to midrib"	32
31	"Lobes cut almost to midrib"	35
32	"Leaves glabrous or nearly so; glandular hairs absent; lobes narrow-linear"	"Solanum cataphractum"
32	"Leaves pubescent with minute stellate and glandular hairs; lobes triangular"	33
33	"Leaves strongly discolorous, dull olive green"	"Solanum sp. Prince Regent River (T. Handasyde TH 1925)"
33	"Leaves not or only weakly discolorous, dark green"	34
34	"Plants spreading, with thin woody stems up to 0.6 cm thick at the base; leaves densely stellate-hairy when young, sparsely reticulae 60–110 µm across, mostly ± rounded"	"Solanum leopoldense"
34	"Plants erect, with thick woody stems up to 2–3 cm thick at the base; leaves consistently densely stellate-hairy; glandular hairs stalked; Glandular hairs stalked; seed reticulation very fine, reticulae 50–80 µm across, ± elongate"	"Solanum zoeae"
35	"Leaf lobes 3–5 or 7–14, oblong to broadly triangular"	36
35	"Leaf lobes 4–14, linear"	37
36	"Leaf lobes 3–5"	"Solanum aff. carduiforme"
36	"Leaf lobes 7–14"	"Solanum zoeae"
37	"Leaves 3–6 cm long, green, the lobes 2–20 mm long, 1–3 mm wide"	"Solanum cataphractum"
37	"Leaves 9–25 cm long, silvery, the lobes 10–170 mm long, 5–10 mm wide"	"Solanum tudununggae"
38	"Fruiting calyx surrounding or enclosing at least three-quarters of berry (sometimes split)"	39
38	"Fruiting calyx not enclosing berry"	67
39	"Berry mostly enclosed in or surrounded by lobes of persistent calyx"	40
39	"Berry mostly enclosed in enlarged calyx tube"	44
40	"Glandular hairs present on calyx of bisexual flower; berry 15–20 mm diam., slightly bilobed"	"Solanum oedipus"
40	"Glandular hairs usually absent; berry 20–40 mm diam., globular or ellipsoid"	41
41	"Fruiting calyx lobes triangular to broadly angular, 10–25 mm long"	"Solanum beaugleholei"
41	"Fruiting calyx lobes narrowly triangular, linear, or triangular with a linear tip, 20–50 mm long"	42
42	"Bisexual flower 40–50 mm diam.; male flowers 30–40 mm diam.; fruiting pedicel to 25 mm long"	"Solanum phlomoides"
42	"Bisexual flower 30–35 mm diam.; male flowers 20–25 mm diam.; fruiting pedicel 25–45 mm long"	43
43	"Lower leaves shallowly lobed or entire; anthers basifixed, filaments 0.5–1.5 mm long; mature fruits globular, internal cavity dry"	"Solanum chippendalei"
43	"Lower leaves deeply lobed; anthers dorsifixed, filaments (1.6–)2.0–3.3 mm long; mature fruits mostly longer than broad, internal cavity liquid-filled (Not yet recorded in the Kimberley region, but probably present)"	"Solanum succosum"
44	"Leaves lobed"	45
44	"Leaves entire or slightly undulate"	55
45	"Flowers solitary, rarely numerous with basal one bisexual and upper ones male"	46
45	"Flowers 1–15 on each peduncle but never regularly 1, usually all bisexual"	53
46	"Lobes cut almost to midrib"	47
46	"Lobes cut no more than half way to midrib"	50
47	"Leaf lobes 3–5 or 7–14, oblong to broadly triangular"	48
47	"Leaf lobes 4–14, linear"	49
48	"Leaf lobes 3–5"	"Solanum aff. carduiforme"
48	"Leaf lobes 7–14"	"Solanum zoeae"
49	"Leaves 3–6 cm long, green, the lobes 2–20 mm long, 1–3 mm wide"	"Solanum cataphractum"
49	"Leaves 9–25 cm long, silvery, the lobes 1–17 cm long, 5–10 mm wide"	"Solanum tudununggae"
50	"Leaves dull green or yellow-green, sometimes discolorous, the lobes broadly triangular"	"Solanum heteropodium"
50	"Leaves green, concolorous, the lobes tooth-like or narrowly triangular"	51
51	"Leaves glabrous or nearly so; glandular hairs absent; lobes narrow-linear"	"Solanum cataphractum"
51	"Leaves pubescent with minute stellate and glandular hairs; lobes triangular"	52
52	"Plants spreading, with thin woody stems up to 0.6 cm thick at the base; leaves densely stellate-hairy when young, sparsely ± rounded"	"Solanum leopoldense"
52	"Plants erect, with thick woody stems up to 2–3 cm thick at the base; leaves consistently densely stellate-hairy; glandular hairs stalked; ± elongate"	"Solanum zoeae"
53	"Indumentum on stems, calyx and young shoots rusty red or orange-brown (Not yet recorded in the Kimberley region, but probably present)"	"Solanum gilesii"
53	"Indumentum on all parts grey-green, yellow-green or purple-green"	54
54	"Stems erect or almost"	"Solanum lasiophyllum"
54	"Stems prostrate or sprawling"	"Solanum lucani"
55	"Flowers always solitary"	56
55	"Flowers 2–15 on each peduncle"	61
56	"Leaves usually 1–1.5 cm wide"	57
56	"Leaves usually 2–7 cm wide"	59
57	"Leaves concolorous, silvery green, 15–20 cm long; calyx with scattered prickles"	"Solanum tudununggae"
57	"Leaves discolorous, mostly 3–7 cm long; calyx densely prickly"	58
58	"Leaves usually with rusty hairs over a green blade, lanceolate-elliptic; berry 20 mm diam."	"Solanum cunninghamii"
58	"Leaves never as above, lanceolate; berry 15–20 mm diam."	"Solanum petraeum"
59	"Fruiting pedicel to 15 mm long, erect; fruit splitting around circumference to form a loose cap"	"Solanum vansittartense"
59	"Fruiting pedicel to 15–30 mm long, deflexed or nodding; fruit not splitting around circumference"	60
60	"Indumentum silvery (type form) or rusty (W Kimberley form)"	"Solanum dioicum"
60	"Indumentum greenish white"	"Solanum sp. Longini (C.T. Martine et al. CTM 805)"
61	"Stems prostrate or sprawling"	62
61	"Stems erect or almost so"	64
62	"Stellate hairs 0.3–0.6 mm diam. on branchlets and petioles, the central ray 0.3–1.2 length of lateral rays; all stellate hairs on fruiting calyx with stalks <0.5 mm long; proto-prickles absent"	"Solanum fecundum"
62	"Stellate hairs 0.6–1.1 mm diam. on branchlets and petioles, the central ray 1–1.8 length of lateral rays; some stellate hairs on fruiting calyx with stalks >0.8 mm long, proto-prickles sometimes present"	63
63	"Leaves slightly discolorous; petioles 25–55% of lamina length; average of 10–66 prickles per cm on branchlets; leaf margins often repand (wavy); calyx lobes 2.5–6 mm long at anthesis"	"Solanum echinatum"
63	"Leaves distinctly discolorous; petioles 55–115% of lamina length; average of 0.3–8 prickles per cm on branchlets; leaf margins entire; calyx lobes 1–2.5 mm long at anthesis"	"Solanum lucani"
64	"Indumentum bright rusty or orange-brown"	65
64	"Indumentum grey-green, yellow-green or white"	66
65	"Inflorescence 2–5 flowered; peduncle to 4 cm long; berry depressed-globular, squarish in outline"	"Solanum echinatum"
65	"Inflorescence 1- or 2-flowered; peduncle to 0.5 cm long; berry globular, circular in outline (Not yet recorded in the Kimberley region, but probably present)"	"Solanum gilesii"
66	"Leaves concolorous; berry globular or ovoid, rarely conical or ellipsoid, yellow"	"Solanum lasiophyllum"
66	"Leaves discolorous; berry depressed-globular, squarish in outline, pale green"	"Solanum echinatum"
67	"Berry red, orange-red or blackish red"	68
67	"Berry green, yellow or purple, often drying to brown or black"	69
68	"Leaves linear or nearly so, 2–14 mm wide"	"Solanum ferocissimum"
68	"Leaves lanceolate, elliptic or ovate, 10–140 mm wide (Not yet recorded in the Kimberley region, but probably present)"	"Solanum chenopodinum"
69	"Inflorescence forked"	"Solanum beaugleholei"
69	"Inflorescence simple"	70
70	"Berry 30–40 mm wide, yellow"	"Solanum phlomoides"
70	"Berry up to 30 mm wide, green, yellow or brown"	71
71	"Lowest flower of inflorescence bisexual, the others male; berry 15–30 mm diam., always solitary; seeds black"	72
71	"Flowers all bisexual, rarely lower ones bisexual, upper ones male; berry usually less than 15 mm diam.; seeds not black"	78
72	"Leaves entire or shallowly lobed with several basal lobes"	73
72	"Leaves deeply lobed, cut more than half way to midrib"	76
73	"Fruiting calyx lobes triangular to broadly angular, 10–25 mm long"	"Solanum beaugleholei"
73	"Fruiting calyx lobes narrowly triangular, linear, or triangular with a linear tip, 20–50 mm long"	74
74	"Bisexual flower 40–50 mm diam; male flowers 30–40 mm diam.; fruiting pedicel to 25 mm long"	"Solanum phlomoides"
74	"Bisexual flower 30–35 mm diam.; male flowers 20–25 mm diam.; fruiting pedicel 25–45 mm long"	75
75	"Lower leaves shallowly lobed or entire; anthers basifixed, filaments 0.5–1.5 mm long; mature fruits globular, internal cavity dry"	"Solanum chippendalei"
75	"Lower leaves deeply lobed; anthers dorsifixed, filaments (1.6–)2.0–3.3 mm long; mature fruits mostly longer than broad, internal cavity liquid-filled (Not yet recorded in the Kimberley region, but probably present)"	"Solanum succosum"
76	"Fruiting calyx lobes broadly triangular, appressed"	"Solanum diversiflorum"
76	"Fruiting calyx lobes narrow, triangular to elliptic, not appressed"	77
77	"Lower leaf lobes often cut 2–3 mm from midrib; flowering calyx to 10 mm long; fruiting calyx lobes 1–1.5 cm long"	"Solanum eburneum"
77	"Lower leaf lobes rarely cut 2–3 mm from midrib; flowering calyx 10–30 mm long; fruiting calyx lobes 2–2.5 cm long"	"Solanum chippendalei"
78	"Leaves shallowly lobed"	"Solanum esuriale"
78	"Leaves entire or slightly undulate"	79
79	"Berry dry, yellow, finally brown or black"	"Solanum centrale"
79	"Berry bony or mucilaginous, yellow, green, purple or orange-brown"	80
80	"Berry hard and bony, the lower half enclosed by the calyx"	"Solanum quadriloculatum"
80	"Berry succulent, the lower half not enclosed by the calyx"	81
81	"Calyx 2–3 mm long; stellate hairs on the foliage minute (Not yet recorded in the Kimberley region, but probably present)"	"Solanum tumulicola"
81	"Calyx 4–8 mm long; stellate hairs not minute"	"Solanum esuriale"
