from	statement	to
1	"Evergreen trees, shrubs or climbers"	2
1	"Deciduous trees"	"Acer: Acer negundo"
2	"Herbaceous vines with tendrils; leaves biternate"	Cardiospermum
2	"Trees or shrubs; tendrils absent; leaves simple, trifoliolate or pinnate"	3
3	"Leaves simple, sometimes deeply lobed"	4
3	"Leaves trifoliolate or pinnate or pinnatifid"	7
4	"Petals present"	5
4	"Petals absent"	6
5	"Petals showy, without scales; flowers irregular; fruit separating into cocci or a capsule, not winged; leaves to 4 cm long, lobed or dentate, rarely entire; low shrubs, usually glandular-hairy"	Diplopeltis
5	"Petals small, usually with scales; flowers regular; fruit separating into winged samaras; leaves 4-17 cm long, entire; tall shrubs or trees with simple hairs"	Atalaya
6	"Sepals united; ovule 1 per locule; fruit of 1 or 2 rounded indehiscent lobes, not winged; aril red, cupular"	Alectryon
6	"Sepals free; ovules 2 per locule; fruit a capsule with 2-4 wings or angles; aril absent or white and funnel-shaped"	Dodonaea
7	"Leaves pinnatifid or deeply divided or lobed"	Diplopeltis
7	"Leaves trifoliolate or pinnate"	8
8	"Leaves usually imparipinnate; leaflets 1-29 pairs, to 40 mm long, and to 8 mm wide; fruit usually membranous, capsular, septicidal or septifragal; sepals free; petals absent; ovules 2 per locule"	Dodonaea
8	"Leaves usually paripinnate; leaflets 1-19 pairs, usually more than 40 mm long and 8 mm wide; fruit various, either capsular or indehiscent or breaking up irregularly or separating into winged samaras; sepals free or united; petals present or absent; ovules 1 or 2 per locule"	9
9	"Fruit either indehiscent or cells breaking up irregularly or separating into winged samaras; calyx cupular 4-6-toothed or -partite or truncate, or sepals free"	10
9	"Fruit loculicidally dehiscent; calyx cupular and dentate or sepals free and 2-seriate"	"Cupaniopsis: Cupaniopsis anacardioides"
10	"Fruit separating into samaras with long wings; sepals free, suborbicular; petals usually with scales"	Atalaya
10	"Fruit either indehiscent or breaking up irregularly; sepals free or united; petals if present usually with scales"	11
11	"Ovules 2 per locule; petals absent; calyx cupular, toothed; leaves and branchlets with resinous scales"	"Ganophyllum: Ganophyllum falcatum"
11	"Ovules 1 per locule; petals usually present; sepals free or united; leaves and branchlets without resinous scales"	12
12	"Petals with well-developed crested scales; disc one-sided; sepals free, suborbicular, concave; fruit 1-4-lobed or not lobed; seeds exarillate; buds globose"	"Lepisanthes: Lepisanthes rubiginosa"
12	"Petals with small, crestless scales; disc complete; calyx cupular, truncate, lobes toothed or partite; fruit 1-4-lobed or not lobed; seeds arillate or not; buds ovoid"	Alectryon
