from	statement	to
1	"Annual or perennial herbs, flowers in axils of leaves or bracts on upper parts of leafy stems (i.e. in terminal racemes); bracts similar to or much smaller than leaves"	2
1	"Perennial herbs, flowers in lateral racemes with bracts distinctly smaller than leaves"	3
2	"Pedicels more than 5 mm long in fruit"	"Veronica persica"
2	"Pedicels less than 5 mm long in fruit"	"Veronica arvensis"
3	"Leaves with rounded or subacute apex and teeth; hairs on stems 1–2 mm long"	"Veronica calycina"
3	"Leaves with acute apex and teeth; hairs on stems all or mostly less than 0.4 mm long"	"Veronica plebeia"
