from	statement	to
1	"Longest leaves in pseudo-whorls"	2
1	"Longest leaves not in pseudo-whorls"	3
2	"Longest leaves < 40 mm long; corolla white, hairs uniformly distributed on corolla lobes (Cape Le Grand – Cape Arid – Recherché Archipelago)"	"Leucopogon interruptus"
2	"Longest leaves > 50 mm long; corolla pink, hairs restricted to lower half of corolla lobes (wetter parts of the south-west, Perth–Augusta–just E of Albany)"	"Leucopogon verticillatus"
3	"Longest leaves > 30 mm long"	4
3	"Longest leaves < 30 mm long"	8
4	"Inflorescence ± pendulous, axis glabrous (restricted distribution E of Albany)"	"Leucopogon altissimus"
4	"Inflorescence erect, axis hairy"	5
5	"Young branchlets entirely glabrous; leaf margins entirely glabrous"	6
5	"Young branchlets minutely hairy throughout, or at least around the nodes; leaf margins scabrous with minute, stiff, antrorse hairs"	7
6	"Leaves narrowly ovate to narrowly elliptic (length to width ratio of longest leaves 6.1–11.2 : 1); fruit depressed globose (plants of forest and winter-wet heath in wetter parts of the south-west, Gingin–Augusta–Albany)"	"Leucopogon australis"
6	"Leaves narrowly obovate to narrowly elliptic (length to width ratio of longest leaves 2.8–6.2: 1); fruit globose, ovoid or broadly ellipsoid (plants of coastal heath along the west and south coasts between Dongara and Israelite Bay)"	"Leucopogon parviflorus"
7	"Length to width ratio of longest leaves 7.2–13.9 : 1; widest leaves 2.5–5.0 mm wide, marginal hairs present along entire leaf length on most leaves (plants of forest and mountain heath, Augusta–Bridgetown–Albany–Stirling Range)"	"Leucopogon interstans"
7	"Length to width ratio of longest leaves 2.8–6.2 : 1; widest leaves 4–9 mm wide, marginal hairs, if present, confined to upper half (plants of coastal heath along the west and south coasts between Dongara and Israelite Bay)"	"Leucopogon parviflorus"
8	"All leaves with manifestly recurved or revolute margins, often partially concealing the lower surface"	9
8	"Leaves adaxially concave, flat or if margins somewhat recurved, then these not concealing the abaxial surface"	13
9	"Longest leaves 3 mm long or less; length to width ratio of longest leaves 1.4–3.1 : 1; ovary usually 3-locular, rarely 4-locular (restricted distribution NW of Esperance)"	"Leucopogon rugulosus"
9	"Longest leaves at least 5 mm long; length to width ratio of longest leaves usually >5: 1; ovary 5-, 4- or 2-locular, very rarely 3-locular"	10
10	"Both leaf surfaces with short, patent hairs; sepals acute or subacute; ovary 2- or very occasionally 3-locular (Moresby Range)"	"Leucopogon borealis"
10	"Upper leaf surface usually glabrous or with short, tubercle-based, antrorse hairs; sepals obtuse or occasionally subacute; ovary 5- or 4- locular, very occasionally 3-locular"	11
11	"Abaxial leaf surface deeply grooved between prominent ribs, patent-hairy in the grooves, adaxial leaf surface without evident venation, usually glabrous but if somewhat hairy, then hairs variously orientated, not tubercle-based (N and NE of Esperance)"	"Leucopogon canaliculatus"
11	"Abaxial leaf surface smooth or faintly striate, glabrous, or with a sparse, evenly distributed indumentum, adaxial leaf surface with 1 or 3 sunken veins evident, always scabrous with antrorse, tubercle-based hairs"	12
12	"Leaf apex obtuse or rather abruptly contracted to a blunt point, leaf margins apparently glabrous (minutely ciliolate under high magnification) (forest and coastal heath between Augusta and Cape Arid)"	"Leucopogon obovatus"
12	"Leaf apex smoothly attenuate, leaf margins manifestly ciliolate with hairs 0.05–0.20 mm long (Perth–Augusta–Bridgetown–Albany)"	"Leucopogon capitellatus"
13	"Longest leaves < 10 mm long (very occasional specimens of L. capitellatus may have their longest leaves less than 10 mm)"	14
13	"Longest leaves > 10 mm long"	19
14	"Leaf bases deeply cordate, ± stem clasping, petiole very indistinct. Inflorescence axis glabrous or occasionally very sparsely hairy. Fruit trigonous or transversely elliptic in cross section"	15
14	"Leaf bases cordate or not, but if so then leaves with well defined petioles; inflorescence axis always manifestly hairy; fruit circular in cross section"	16
15	"Sepals 1.0–1.5 mm long; corolla tube shallowly campanulate, 0.5–0.8 mm long, corolla lobes 1.0–1.4 mm long, sparsely bearded; anthers 0.4–0.7 mm long; fruit 0.9–1.2 mm long and 0.7–1 mm wide (swamps between Augusta and the Donnelly River)"	"Leucopogon alternifolius"
15	"Sepals 1.5–2.1 mm long; corolla tube campanulate, 1.3–1.8 mm long, corolla lobes 1.7–2.1 mm long, densely bearded; anthers 1.2–1.6 mm long; fruit 1.8–2.1 mm long and 1.1–1.5 mm wide (swamps between Walpole & Albany)"	"Leucopogon wheelerae"
16	"Leaf surfaces and margins hairy with a mixed indumentum (hairs forming two or sometimes three ± distinct layers), the longest hairs of which are > 0.4 mm long; corolla lobes with sparse hairs confined to upper half (swamps between Cape Naturaliste and Albany with an outlier near Collie)"	"Leucopogon hirsutus"
16	"Leaf surfaces glabrous, margins minutely ciliolate; corolla lobes densely bearded throughout"	17
17	"Leaves narrowly ovate, ovate, narrowly elliptic or elliptic, length to width ratio of longest leaves 2.6–3.9: 1, lamina usually concave, less often flat, never convex, markedly incurved along longitudinal axis, apex acute, straight, base cuneate (restricted distribution NE of Esperance)"	"Leucopogon remotus"
17	"Leaves depressed-ovate, broadly ovate, ± circular or elliptic, length to width ratio of longest leaves 0.8–2.5: 1, lamina concave, flat or convex, longitudinal axis ± straight, apex obtuse or subacute, usually slightly deflexed, base cuneate, rounded, truncate or cordate"	18
18	"Sepals 1.9–2.6 mm long, 1.1–1.6 mm wide; corolla tube 1.3–2.0 mm long, corolla lobes 1.9–3.5 mm long, corolla lobe to tube ratio 1.4–2: 1; style 0.6–0.9 mm long; ovary 0.6–0.7 mm long , 0.6-0.8 mm wide (Ravensthorpe to the Cascades area)"	"Leucopogon diversifolius"
18	"Sepals 1.4–1.9 mm long, 0.8–1.2 mm wide; corolla tube 1.1–1.5 mm long, corolla lobes 1.5–2.0 mm long, corolla lobe to tube ratio 1.1–1.4 : 1; style 0.4–0.5 mm long; ovary 0.5–0.6 mm long, 0.5–0.6 mm wide (restricted distribution in the Israelite Bay area)"	"Leucopogon bossiaea"
19	"Sepals 2.4 mm or longer, acute or subacute; corolla lobes 2.8–4.4 (usually > 3) mm long"	20
19	"Sepals to 2.2 mm long, obtuse (acute or subacute in L. interstans); corolla lobes 1.7–3.0 (usually < 2.8) mm long"	22
20	"Longest fertile bracts in any inflorescence at least 2 mm long; style (including stigma) 2.0–3.0 mm long (Cape Le Grand – Cape Arid – Recherché Archipelago–Russell Range)"	"Leucopogon apiculatus"
20	"Longest fertile bracts in any inflorescence c. 1.5 mm long; style 0.5–1.0 mm long"	21
21	"Leaves 15–25 mm long; inflorescence axis 20–65 mm long; bracteoles 1.1–1.6 mm long; flowers clearly pedicellate below the bracteoles (Helena and Aurora Range)"	"Leucopogon spectabilis"
21	"Leaves 9–16 mm long; inflorescence axis 5–15 mm long; bracteoles 1.8–2.2 mm long; flowers sessile (Parker Range)"	"Leucopogon validus"
22	"Branchlet indumentum dense, patent or antrorse, dimorphic, the longer hairs 0.3–0.7 mm long; upper leaf surface always scabrous with antrorse, tubercle-based hairs (Perth–Augusta–Bridgetown–Albany)"	"Leucopogon capitellatus"
22	"Branchlets glabrous, or if hairy, then indumentum monomorphic and usually sparse, < 0.1 mm long; upper leaf surface glabrous, except sometimes immediately above the petiole"	23
23	"Length to width ratio of longest leaves 7.2–13.9 : 1, widest leaves 2.5–5.0 mm wide, marginal hairs present along entire leaf length on most leaves (plants of forest and mountain heath, Augusta–Bridgetown–Albany–Stirling Range)"	"Leucopogon interstans"
23	"Length to width ratio of longest leaves 2.8–6.2 : 1, widest leaves 4–9 mm wide, marginal hairs, if present, confined to upper half (plants of coastal heath along the west and south coasts between Dongara and Israelite Bay)"	"Leucopogon parviflorus"
