from	statement	to
1	"Petal-like staminodes yellow, later turning pink, densely streaked overall when dry"	"Carpobrotus edulis"
1	"Petal-like staminodes purple, paler to white near base, not densely streaked overall when dry"	2
2	"Petal-like staminodes pale but never white at base, streaked when dry"	"Carpobrotus aequilaterus"
2	"Petal-like staminodes white at base, streaked only near midline when dry"	3
3	"Styles shortly united at base; flower up to 20 mm diameter"	"Carpobrotus modestus"
3	"Styles not united at base; flower 35-85 mm diameter"	4
4	"Stamens 250-300"	"Carpobrotus virescens"
4	"Stamens 100-250"	"Carpobrotus rossii"
