from	statement	to
1	"Leaves usually decussate, occasionally helically arranged on some branchlets, thick-textured, venation not evident on abaxial side; apex of sepals obtuse"	"Dielsiodoxa oligarrhenoides"
1	"Leaves always helically arranged, thin-textured, venation at least weakly evident on abaxial side of some leaves; apex of sepals acute to obtuse"	2
2	"Outer surface of corolla tube and lower part of corolla lobes with sparse short hairs; restricted to the Stirling Ranges"	"Dielsiodoxa tamariscina"
2	"Outer surface of corolla glabrous"	3
3	"Ovary and fruit pustulate or with elongate papillae; mature leaves ± linear, narrowly ovate, narrowly elliptic, ovate or narrowly rhombic, 0.8–5.5 mm long, 0.2–1.1 mm wide, with l:w ratio of 2–13: 1; 1–7 veins weakly visible on the abaxial leaf surface; raised abscission scars 0.10–0.35 mm wide"	4
3	"Ovary and fruit smooth or with minute, dense, slightly raised, elongate surface cells; mature leaves ovate, elliptic, depressed-ovate or rhombic-elliptic, 1.3–3.0 mm long, 0.9–2.5 mm wide, with l:w ratio of 0.7–2.1: 1; 7–13 veins visible on the abaxial surface; raised abscission scars (0.3)0.4–0.7 mm wide"	5
4	"Flowers pedicellate above the bracteoles, with short, thick pedicels; ovary and fruit with prominent, elongate papillae; style 0.3 mm long (eastern Stirling Range)"	"Dielsiodoxa altimontana"
4	"Flowers sessile; ovary and fruit pustulate; style 0.1–0.2 mm long (Walpole area, Denmark area and Mt Manypeaks)"	"Dielsiodoxa lycopodioides"
5	"Axis of fertile branchlets usually continuing growth beyond the uppermost fertile nodes at anthesis, new growth sometimes also shooting from within fertile section of branchlet; leaves subtending inflorescences (from central part of fertile section of branchlet) broadly ovate, depressed ovate or rarely broadly rhombic-elliptic 1.5-2.2 mm wide, apex acute though sometimes appearing obtuse due to the abruptly incurved hidden tip that is at right angles to the axis of the leaf; shrub with comparatively few, mostly erect and straight branchlets; restricted to the Mt Ragged area"	"Dielsiodoxa propullulans"
5	"Axis of fertile branchlets usually not continuing growth beyond the uppermost fertile nodes at anthesis, if occasionally vegetative shoot beginning to grow through, then these very short and abortive, new growth more often shooting from below fertile section of branchlet; leaves subtending inflorescences (from central part of fertile section of branchlet) broadly rhombic-elliptic to broadly rhombic-ovate 0.6-1.5 mm wide, apex acute to acuminate, almost straight to distinctly incurved, the tip usually at an angle of 45 degrees or less relative to the leaf axis, very occasionally at right angles; west of Ravensthorpe"	"Dielsiodoxa leucantha"
