from	statement	to
1	"Plant a leafy epiphyte"	2
1	"Plant terrestrial, leafy or not"	4
2	"Leaves stiff and leathery; flowers yellow and purple or green; labellum not spurred"	"Cymbidium canaliculatum"
2	"Leaves not leathery; labellum spurred (Dendrobium)"	3
3	"Flowers with planar tepals, white with a pink or green labellum"	"Dendrobium dicuphum"
3	"Flowers with twisted tepals, white at the base, yellow towards the apex, with a white labellum with prominent red markings"	"Dendrobium foelschei"
4	"Leaves with a winged keel, ± Y-shaped in cross-section; labellum conspicuous, entire, not spurred, densely hairy (Calochilus)"	5
4	"Leaves pleated or smooth, not Y-shaped in cross-section, or absent; labellum various, not prominently hairy"	7
5	"Inflorescence with 10–40+ flowers; flowers 20–25 mm long, 8–12 mm wide; leaves more than 10 mm across (usually fully developed, or nearly so, at anthesis); growing in association with Corymbia spp"	"Calochilus holtzei"
5	"Inflorescence with 2–10 flowers; flowers 11.7–21.4 mm long, 5.2–9.2 mm wide; leaves less than 8 mm wide (sometimes absent at anthesis)"	6
6	"Inflorescences with 2–4 flowers; flowers 11.7–15.6 mm long, 5.2–7.4 mm wide; ovary narrowly ovate (length), labellum tip not concave"	"Calochilus kimberleyensis"
6	"Inflorescences with 6–10 flowers; flowers 18.4–21.4 mm long, 8.1–9.2 mm wide; ovary ovate (length), labellum tip concave"	"Calochilus barbarossa"
7	"Leaves present at time of flowering"	8
7	"Plant leafless or leaves not present at time of flowering"	16
8	"Leaves arising on separate stalk from inflorescence, top of flowering spike reflexed in flower, straightening in fruit"	"Eulophia picta"
8	"Leaves arising on same stalk as inflorescence, inflorescence straight"	9
9	"Leaves pleated"	"Empusa habenarina"
9	"Leaves smooth"	10
10	"Labellum not or only weakly spurred"	11
10	"Labellum deeply three-lobed and with a long spur"	13
11	"Labellum insectiform, column with two lateral horns"	"Phoringopsis byrnesii"
11	"Labellum not insectiform, column without lateral horns"	12
12	"Flowers white; inflorescence bracts hairy"	"Zeuxine oblonga"
12	"Flowers pink; inflorescence bracts glabrous"	"Spiranthes sinensis"
13	"Lateral petals two-lobed, the lower lobes similar to the labellum lobes"	"Habenaria hymenophylla"
13	"Lateral petals entire (Pecteilis)"	14
14	"Labellum lobes filiform, up to 25 mm long, nectar spur 20–35 mm long"	"Pecteilis elongata"
14	"Labellum lobes less than 20 mm long, nectar spur 8–15 mm long"	15
15	"Lateral labellum lobes narrowly ovate and recurved"	"Pecteilis ochroleuca"
15	"Labellum lobes filiform, up to 12 mm long, spreading to slightly recurved"	"Pecteilis eurystoma"
16	"Petals and sepals adnate for almost half their length; plant leafless"	"Didymoplexis pallens"
16	"Petals and sepals free; plant leafless, or leaves not present during flowering"	17
17	"Labellum tubular to convex, not spurred; leaves ovate to broadly ovate, emerging after flowering"	"Nervilia holochila"
17	"Labellum with or without a small spur at base; leaves narrowly lanceolate or absent"	18
18	"Labellum convex, shallowly 3-lobed at the apex, with a small spur at base; leaves present after flowering time, narrowly lanceolate"	"Eulophia bicallosa"
18	"Labellum flat, entire, not spurred at the base; plant obligately mycotrophic and leafless (Dipodium)"	19
19	"Petals not spotted; growing on sandstone outcrops"	"Dipodium ammolithum"
19	"Petals obscurely spotted and streaked; growing in open woodland on basalt soils"	"Dipodium basalticum"
