from	statement	to
1	"Stems variably glandular"	2
1	"Stems without glandular hairs"	3
2	"Stems glandular-puberulous, sometimes cottony; female florets with 7–14 pappus bristles. [Leaves linear and revolute to narrowly elliptic and flat; capitula dense or loose]"	"Chrysocephalum apiculatum subsp. pilbarense"
2	"Stems glandular-puberulous and woolly or shortly glandular-stipitate and sparsely cottony; female florets with 0–9 pappus bristles"	"Chrysocephalum apiculatum subsp. glandulosum"
3	"Stems cottony"	"Chrysocephalum apiculatum subsp. curvifolium"
3	"Stems woolly"	4
4	"Leaves narrowly oblong, glandular with minute sessile hairs, woolly on both surfaces; female florets with 6–8 very shortly plumose pappus bristles. [Stems sometimes woolly and glandular]"	"Chrysocephalum apiculatum subsp. norsemanense"
4	"Leaves narrowly oblong or obovate, densely woolly; female florets in typical variant with 0 or 1 pappus bristles (some variants with up to 6 bristles)"	"Chrysocephalum apiculatum subsp. racemosum"
