from	statement	to
1	"Carpels free laterally and centrally"	2
1	"Carpels fused laterally at basal 1/3 to 1/2, centrally free"	3
2	"Calyx purple to dark pink with rib base yellow. Leaves scarcely ovate to oblong with velvety tomentum above"	"Seringia nephrosperma"
2	"Calyx purple with purple rib. Leaves linear, narrowly oblong or narrowly elliptic with medium-density, stiff, simple or stellate hairs above"	"Seringia adenogyna"
3	"Upper surface of mature leaf with velvety tomentum"	4
3	"Upper surface of mature leaf glabrous or with occasional to medium density stellate hairs"	7
4	"Mature leaves majority are narrowly oblong, L : W ~ 3 : 1"	"Seringia velutina"
4	"Mature leaves majority elliptic to oblong L : W ~ 2 : 1"	5
5	"Mature leaves majority >1.5 cm long"	6
5	"Mature leaves majority <1.5 cm long (anomalous populations not glabrous on upper surface of leaf)"	"Seringia integrifolia"
6	"Calyx apex acute to acuminate, lobes longer than broad, margin entire to denticulate"	"Seringia exastia"
6	"Calyx apex rounded to acute, lobes broader than long, margin entire to scarcely denticulate"	"Seringia ×katatona"
7	"Mature leaf margin undulate to crisped, and strongly recurved"	8
7	"Mature leaf margin flat, and scarcely or not recurved"	10
8	"Lower surface of mature leaf glabrous, or with occasional, or rarely medium-density, stellate hairs, on veins"	"Seringia saxatilis"
8	"Lower surface of mature leaf tomentose"	9
9	"Mature leaves upper surface with medium-density, large, stellate hairs throughout or scattered towards the margins; stem hairs white with tan centres"	"Seringia hermanniifolia"
9	"Mature leaves upper surface glabrous; stem hairs ferruginous"	"Seringia undulata"
10	"Mature leaf mainly linear, narrowly oblong; upper surface glabrous or rarely with simple hairs to 0.1 mm long; bract outer surface with dark ferruginous hairs"	"Seringia cacaobrunnea"
10	"Mature leaf mainly elliptic; upper surface glabrous or towards margin with scattered or medium-density, small, stellate hairs; bract outer surface with hairs white or pale tan"	"Seringia integrifolia"
