from	statement	to
1	"Leaves flat"	2
1	"Leaves terete"	3
2	"Ray bracts present, pink or whit"	"Schoenia cassiniana"
2	"Ray bracts absent"	"Schoenia ayersii"
3	"Terminal barbs of pappus bristles densely clustered, clavate"	"Schoenia mcivorii"
3	"Terminal barbs of pappus bristles distinct, acute"	4
4	"Involucre turbinate to cylindrical; ray 3–6 mm long"	5
4	"Involucre hemispherical; ray 7–10 mm long"	"Schoenia filifolia subsp. subulifolia"
5	"lant single-stemmed; involucre turbinate"	"Schoenia filifolia subsp. filifolia"
5	"Plant multi-stemmed; involucre cylindrical"	"Schoenia filifolia subsp. arenicola"
