from	statement	to
1	"Sepals and petals of similar length or petals longer than sepals; petals spreading broadly, not forming a cup"	2
1	"Petals much shorter than sepals, together forming a cup, not spreading or with overlapping margins"	8
2	"Most inflorescences (except sometimes terminal one) not exceeding leaves, erect or decurved, or sessile"	3
2	"All inflorescences exceeding leaves, erect"	6
3	"Terminal inflorescence pedunculate; axillary inflorescences sessile"	"Laxmannia jamesii"
3	"All peduncles of equal length or inflorescences sessile"	4
4	"Inflorescences sessile"	"Laxmannia sessiliflora"
4	"Inflorescences on short decurved peduncles"	5
5	"Sepals lined red; petals white;"	"Laxmannia ramosa"
5	"Flowers white"	"Laxmannia sessiliflora"
6	"Sepals lined red; petals white"	"Laxmannia ramosa"
6	"Flowers uniformly pink, white or green"	7
7	"Flowers green or yellow-green"	"Laxmannia arida"
7	"Flowers white or pink"	"Laxmannia minor"
8	"Inflorescences often not exceeding leaves; peduncles less than 8 mm long"	9
8	"Inflorescences exceeding leaves; peduncles more than 8 mm long"	10
9	"Peduncle terete"	"Laxmannia squarrosa"
9	"Peduncle expanding above, bottle-shaped"	"Laxmannia brachyphylla"
10	"Inflorescence bracts uniformly pale straw or brown, the longest 4–5 mm long"	"Laxmannia squarrosa"
10	"Inflorescence bracts brown or transparent with dark brown central stripe, the longest 7–9 mm long"	11
11	"Bracts brown, with dark brown central stripe; leaves 0.5–0.6 mm wide"	"Laxmannia paleacea"
11	"Bracts transparent with dark brown to almost black central stripe; leaves c. 1 mm wide"	12
12	"Bracts acute; pedicels ±1 mm long"	"Laxmannia omnifertilis"
12	"Bracts obtuse; pedicels 3–4 mm long"	"Laxmannia grandiflora"
