from	statement	to
1	"Leaves simple, toothed; styles crossed; petals ovate"	2
1	"Leaves variously ternatisect; styles not crossed; petals spathulate or absent"	5
2	"Leaves cuneate; stems glabrescent with an indumentum of sparse, short, patent trichomes"	3
2	"Leaves orbiculate, rhomboidal or ovate; stems with a villous indumentum"	4
3	"Leaves mostly basal with more than three teeth on the margin; branches robust"	"Actinotus omnifertilis"
3	"Leaves scattered along branches, tridentate; branches weak"	"Actinotus laxus"
4	"Plants prostrate; leaf lamina ovate, glabrous or sparsely indumented"	"Actinotus repens"
4	"Plants ascending; leaf lamina orbiculate-rhomboidal, villous"	"Actinotus rhomboideus"
5	"Sepals free, elongated"	6
5	"Sepals connate forming an entire or shortly toothed rim"	7
6	"Leaf laminas 20–25 mm long; flowers numerous and arranged in an umbellate pseudanthium; stylopodium and nectary free from each other in fruit; peduncles 50–80 mm long"	"Actinotus whicheranus"
6	"Leaf laminas 4–12 mm long; flowers 3–5 per umbel; stylopodium and nectary connate, becoming swollen in fruit; umbels sessile or shortly pedunculate"	"Actinotus glomeratus"
7	"Anthers purple at maturity; involucral bracts 7 mm long"	"Actinotus leucocephalus"
7	"Anthers yellow at maturity; involucral bracts 15 mm long"	8
8	"Stems and inflorescences erect; involucral bracts 2–3 mm wide (appearing wider due to indumentum)"	"Actinotus superbus"
8	"Stems erect or spreading; inflorescences radiating; involucral bracts 5 mm wide"	"Actinotus humilis"
