from	statement	to
1	"Leaves basal or almost so; perianth segments 7–18 mm long"	2
1	"Leaves sheathing lower 1/4–2/3 of scape; perianth segments c. 3–7 mm long"	4
2	"Scape flaccid and prostrate in fruit, 3-angled; flowers pendent; perianth segments white with green external stripe; stigma 3-lobed"	"Allium triquetrum"
2	"Scape always erect, terete or slightly angled; flowers ascending; perianth segments white or pink, without broad green external stripe; stigma entire"	3
3	"Scape slightly 3-angled; outer tunic of bulb not pitted; outer perianth segments usually c. twice as long as wide, white"	"Allium neapolitanum"
3	"Scape terete; outer tunic of bulb pitted; outer perianth segments usually c. 3 times as long as wide, pink"	"Allium roseum"
4	"Leaves solid, flat or channelled, 5–40 mm wide (Allium Porrum)"	"Allium ampeloprasum"
4	"Leaves hollow, cylindrical or semicylindrical, 1–4 mm wide"	"Allium vineale"
