from	statement	to
1	Herbs	"Croton setiger"
1	"Lianes, shrubs or trees"	2
2	"Leaf lamina palminerved"	3
2	"Leaf lamina penninerved"	"Croton habrophyllus"
3	"Leaf lamina silver-white below"	4
3	"Leaf lamina green below (not silver-white)"	5
4	"Stipules linear-lanceolate, 3–6 mm long; leaf lamina below with dense overlapping peltate scales"	"Croton schultzii"
4	"Stipules lanceolate, 1.2–1.8 mm long; leaf lamina below with dense stellate trichomes"	"Croton tomentellus"
5	"Leaf lamina denticulate to crenate with 60–100 teeth"	"Croton arnhemicus"
5	"Leaf lamina denticulate to crenate with 30–52 teeth"	"Croton aridus"
