from	statement	to
1	"Stems and peduncles glabrous"	2
1	"Stems and peduncles sparsely to densely pubescent"	5
2	"Heads large, to 35 mm in diameter when open; ray achenes with glochidial twin-hairs"	"Minuria macrocephala"
2	"Heads small, to 12 mm in diameter when open; dray achenes with notched or glochidial twin-hairs"	3
3	"Uppermost leaves overtopping the heads"	"Minuria annua"
3	"Uppermost leaves not overtopping the heads"	4
4	"Ray pappus longer than achene; disc pappus hairs uniform with 8–10 barbellate bristles 1.5–2.0 mm long; ray achene with notched twin-hairs"	"Minuria integerrima"
4	"Ray pappus shorter than or equal to achene; disc pappus hairs dimorphic with short barbellate bristles c. 0.8 mm long and c. 8 longer bristles 2.5–3.0 mm long; ray achenes with glochidial twin-hairs"	"Minuria rigida"
5	"Stems more or less woolly with stellate hairs; leaves somewhat pubescent with simple hairs; leaf margins conspicuously denticulate, apices often denticulate or entire"	"Minuria denticulata"
5	"Stems pubescent with simple hairs; leaves glabrous or pubescent with simple hairs; leaf margins entire, apices entire or distinctly 3-toothed"	6
6	"Leaf apices distinctly 3-toothed"	"Minuria tridens"
6	"Leaf apices entire"	7
7	"Leaves glabrous"	8
7	"Leaves sparsely to densely pubescent"	10
8	"Ray florets large and conspicuous, ligules 5–7 m long; ray achenes pubescent with glochidial twin-hairs; disc achenes glabrous"	"Minuria cunninghamii"
8	"Ray florets small and inconspicuous, ligules less than 1 mm long; ray achenes with a sparse cover of notched twin-hairs; disc achenes pubescent"	9
9	"Ray floret corollas 0.75–1.50 mm long, ligules 0.12–0.40 mm long"	"Minuria gardneri"
9	"Ray floret corollas 1.9–4.5 mm long, ligules 0.9–3.2 mm long"	"Minuria multiseta"
10	"Innermost involucral bracts glabrous"	"Minuria leptophylla"
10	"Innermost involucral bracts pubescent"	"Minuria macrorhiza"
