from	statement	to
1	"Leaf on flowering plants usually >30 mm long"	2
1	"Leaf on flowering plants usually <30 mm long"	3
2	"Leaf on flowering plants navicular to narrowly navicular with an attenuate acute apex; coastal calcareous soils"	"Eriochilus dilatatus subsp. dilatatus"
2	"Leaf on flowering plants narrowly ovate–ovate with a shortly acute apex; ubiquitous in high-rainfall habitats except calcareous coastal soils"	"Eriochilus dilatatus subsp. magnus"
3	"Leaf on flowering plants navicular to narrowly navicular with an attenuate acute apex; confined to coastal calcareous soils"	"Eriochilus dilatatus subsp. dilatatus"
3	"Leaf on flowering plants usually narrowly ovate–ovate with a shortly acute apex; not on coastal calcareous soils (except for subsp. orientalis)"	4
4	"Scape of 3–20+ flowers; high rainfall forests and/or wheatbelt granite outcrops"	5
4	"Scape of 1–3 (–7) flowers; semiarid country, absent from high rainfall forest"	6
5	"Leaf on flowering plants usually fully expanded; lateral sepals usually 15–18 mm long; ubiquitous in high-rainfall habitats"	"Eriochilus dilatatus subsp. magnus"
5	"Leaf on flowering plants often usually fully expanded; lateral sepals usually 10–15 mm long; high rainfall forests and wheatbelt granite outcrops"	"Eriochilus dilatatus  subsp. multiflorus"
6	"Leaf on flowering plants often not fully expanded, with flat margins; 3–20+ flowers per scape; wheatbelt granite outcrops"	"Eriochilus dilatatus  subsp. multiflorus"
6	"Leaf on flowering plants usually fully expanded, with or without undulate margins; 1–3 (–7) flowers per scape; shallow soils on limestone or sandstone, or deeper wheatbelt soils"	7
7	"Leaf on flowering plants with margins rarely undulate; scapes fleshy, 15–25 cm tall; flowers 2–7 per scape; confined to limestone near Toolina Cove"	"Eriochilus dilatatus subsp. orientalis"
7	"Leaf on flowering plants with margins undulate; scapes wiry or fleshy, 5–20 cm tall; flowers 1–3 per scape; on sandstone or in deep wheatbelt soils"	8
8	"Leaf pale maroon with greenish streaks below; scapes green, wiry; flowering April–mid-May; widespread in wheatbelt and adjacent semi-arid woodlands on deep soils"	"Eriochilus dilatatus subsp. undulatus"
8	"Leaf uniformly pale maroon below; scapes pale maroon, thick; flowering mid-May–June; restricted to red loams in well-watered areas and shallow soil in sandstone areas from Dongara north to the Murchison River area"	"E. dilatatus subsp. brevifolius"
