from	statement	to
1	"Scandent shrubs or twiners; inflorescences either solitary or paired flowers, or if corymbose with up to six flowers with the anthers cohering"	2
1	"Erect shrubs; inflorescences with three or more flowers"	4
2	"Anthers not connivent past anthesis, dehiscing by apical pores; inflorescences paired or solitary flowers"	3
2	"Anthers connivent, dehiscing by apical slits; inflorescences corymbose with up to six flowers"	"Cheiranthera simplicifolia"
3	"Weakly scandent shrubs with new shoots and leaves softly, persistently villous; leaves ovate"	"Cheiranthera preissiana"
3	"Glabrous twiner; leaves linear, falcate"	"Cheiranthera parviflora"
4	"Leaves club-shaped, to 12 mm long; inflorescences mostly with three or fewer flowers"	"Cheiranthera brevifolia"
4	"Leaves filiform, much longer than 12 mm; inflorescences usually with more than three flowers"	"Cheiranthera filifolia"
