from	statement	to
1	"Leaves all reduced to non-spinose scales"	2
1	"At least some phyllodes developed (some or many nodes might bear scale-leaves or spines)"	14
2	"Branchlets terete"	3
2	"Branchlets angular or flattened"	11
3	"Terminal branchlets > 5 cm long, erect or ascending and not or scarcely spinescent at apex"	4
3	"Terminal branchlets short (2–5 cm), divaricate and fiercely spinescent"	9
4	"Bracts imbricate and covering the inflorescence rachis, ≥ 2–5 mm long, striate"	5
4	"Bracts scattered so that inflorescence rachis is clearly visible, ≤ 1 mm long, smooth"	8
5	"Calyx ca. 1.5 mm long, with very shallow, obtuse lobes; usually a few slender, pungent, 1–5 mm-long phyllodes scattered over branchlets (WA)"	"Daviesia hakeoides subsp. subnuda"
5	"Calyx 2–3 mm long, with distinct acuminate lobes (at least the lower 3); phyllodes all reduced to scales"	6
6	"Inflorescences all 3-flowered; receptacle at base of calyx truncate, 2x diam. of pedicel (WA)"	"Daviesia triflora"
6	"Inflorescences with a variable number of flowers (2–4 or 3–5); receptacle tapered to pedicel"	7
7	"Calyx-lobes with dark grey tips, upper 2 united in a truncate emarginate lip; standard 6–6.5 mm broad (WA)"	"Daviesia debilior subsp. sinuans"
7	"Calyx-lobes with yellow-green tips, upper 2 free, triangular, separated by a 0.75 mm sinus; standard 9–10 mm broad (WA)"	"Daviesia gracilis"
8	"Habit broom-like, with erect or ascending branchlets, often in fascicles; branchlets striate when dry, 0.75–1.25 mm diam.; all phyllodes reduced to scales; raceme with 1–3(4) flowers; subtending bracts ca. 1 mm long, ≥ pedicels (WA)"	"Daviesia scoparia"
8	"Habit open and divaricate; branchlets obscurely wrinkled when dry, 1.5–2.5 mm diam.; usually 1 or 2 short spinose phyllodes present at some branchlet tips on the plant; raceme with (3)4 or more flowers; subtending bracts ca. 0.5 mm long, ≤ pedicels (WA, SA)"	"Daviesia aphylla"
9	"Bracts spreading or reflexed (WA)"	"Daviesia horrida"
9	"Bracts appressed to pedicels (WA) (Daviesia divaricata)"	10
10	"Calyx not woolly inside, though sometimes with a ring of short hairs inside the lobes, faintly 5-ribbed externally; upper 2 lobes united into a broad, truncate lip (S of Walkaway, WA)"	"Daviesia divaricata subsp. divaricata"
10	"Calyx with a conspicuous ring of woolly hairs inside the lobes and visible externally in the sinuses; upper 2 lobes not united in a truncate lip; prominently 5-ribbed externally (N of Walkaway, WA)"	"Daviesia divaricata subsp. lanulosa"
11	"Branchlets narrowly winged, triquetrous in cross-section"	12
11	"Branchlets flat or biconvex in cross-section"	13
12	"Procumbent to prostrate shrubs; subtending bracts fimbriate (NSW)"	"Daviesia alata"
12	"Erect shrubs; subtending bracts not fimbriate (WA)"	"Daviesia pteroclada"
13	"Branchlets biconvex, < 5 mm broad, dull green; flowers < 1 cm long, yellow (WA)"	"Daviesia anceps"
13	"Branchlets flattened, to 1–2 cm or broader, stag-horn-like, pruinose; flowers > 2 cm long, red (WA)"	"Daviesia epiphyllum"
14	"Phyllodes pungent at apex"	15
14	"Phyllodes often mucronate but not pungent"	124
15	"Phyllodes basally articulate at the branchlet"	16
15	"Phyllodes continuous with the branchlet (rarely with node-like thickenings on midrib and marginal nerves at the base)"	87
16	"Phyllodes terete"	17
16	"Phyllodes compressed or flattened"	34
17	"Phyllodes neither appearing succulent nor filled with pith, 0.5–2.5 mm diam"	18
17	"Phyllodes appearing succulent but filled with pith, (2–)3–6 mm diam"	33
18	"Phyllodes often striate but otherwise smooth"	19
18	"Phyllodes minutely scabrous"	31
19	"Phyllodes ±erect, giving the plant a ’broombush’ appearance; phyllodes 2–10 cm or longer"	20
19	"Phyllodes spreading at 45°- 90° or more, the plant usually divaricate in appearance; many or most phyllodes < 2 cm long"	25
20	"Pedicels (excluding stipe-like receptacle) 4–10 mm long"	21
20	"Pedicels 1–3 mm long"	24
21	"Phyllodes glaucous to pruinose, longitudinally ribbed, 1.25–2.5 mm diam"	22
21	"Phyllodes dull- or yellow-green, smooth or longitudinally wrinkled or very finely striate, 0.75–1 mm diam"	23
22	"Phyllodes 1.25–1.5 mm diam.; flowers 7–10 mm long; pods 12–15 mm long; flowering June to October (WA)"	"Daviesia teretifolia"
22	"Phyllodes 2–2.5 mm diam.; flowers 15–20 mm long; pods 15–20 mm long; flowering December to April (WA)"	"Daviesia grossa"
23	"Phyllodes smooth or longitudinally wrinkled when dry; pods thin-walled, ca. 7 mm long, obtuse or scarcely acute (NT, WA)"	"Daviesia eremaea"
23	"Phyllodes very finely striate even when fresh; pods coriaceous, ca. 20 mm long, tapered to a long pungent beak (WA)"	"Daviesia lineata"
24	"Upper 2 calyx-lobes fully united into a truncate or obtuse lip; phyllodes with a pungent apical mucro 0.5–1 mm long; pod compressed; flowering November to March (WA)"	"Daviesia apiculata"
24	"Upper 2 calyx-lobes ± equal to lower 3; phyllodes with an acicular tip 2–3 mm long; pod turgid; flowering July to August (WA)"	"Daviesia oxylobium"
25	"Flowers solitary, very small (3–4 mm long); pods ca. 4 mm long; nodes crowded (2.5–3.5 per cm)(WA)"	"Daviesia microcarpa"
25	"Flowers 2 or more per unit inflorescence, 5 mm or longer; pods > 7 mm long; nodes < 2 per cm"	26
26	"Flowers 5–7 mm long"	27
26	"Flowers 9–10 mm long"	30
27	"Keel ± obtuse; pod strongly compressed; phyllodes and branchlets striate with multiple ribs when dry; phyllodes present over the whole plant"	28
27	"Keel acute or beaked; pod moderately to very turgid; phyllodes and branchlets longitudinally wrinkled when dry; phyllodes often reduced to scales over much of the plant"	29
28	"Rachis of raceme 0–6 mm long; upper 2 calyx-lobes united in a truncate emarginate lip (SA, Qld, NSW, Vic.)"	"Daviesia genistifolia"
28	"Rachis of raceme 5–12 mm long; calyx-lobes all similar, acuminate (WA)"	"Daviesia pleurophylla"
29	"Phyllodes at 45°- 90°; keel constricted to a sharply incurved beak; pod very turgid, 10–12 mm long (WA)"	"Daviesia brachyphylla"
29	"Phyllodes spreading at 90° or more (retrorse); keel acute; pod moderately turgid, 9–10 mm long (WA)"	"Daviesia retrorsa"
30	"Phyllodes spreading at 45°– 60°(–90°), gently uncinate; stems and branchlets ascending (WA)"	"Daviesia inflata"
30	"Phyllodes spreading at 90° or more (retrorse), not recurved at tips; branchlets divaricate and recurved, so that plant is very tangled and intricate (WA)"	"Daviesia ramosissima"
31	"Phyllodes resembling caterpillars, crowded, ascending at ca. 45°, gently curved, either sigmoid or irregular; apex asymmetric, dilated upwards, with pungent point deflexed (WA)"	"Daviesia campephylla"
31	"Phyllodes needle-like, well-spaced, spreading at 60°– 90°, straight or gently recurved, tapered to a symmetrical point"	32
32	"Flowers in short erect racemes; petals yellow with red markings; standard very broad-ovate, much broader than keel; stamens enclosed in keel at anthesis (WA)"	"Daviesia articulata"
32	"Flowers pendulous in umbelliform racemes; petals maroon; standard scarcely broader than keel, tongue-like; anthers exposed at anthesis (WA)"	"Daviesia glossosema"
33	"Phyllodes pruinose, spreading at right angles, cylindrical and not tapered to base; petals yellow and maroon (WA)"	"Daviesia pachyphylla"
33	"Phyllodes dull green, erect, clavate (tapered to the base); petals pure yellow (WA)"	"Daviesia crassa"
34	"Phyllodes vertically compressed or flattened, i.e. with adaxial and abaxial edges"	35
34	"Phyllodes horizontally compressed or flattened, i.e. with adaxial and abaxial surfaces"	52
35	"Stipules clearly present, ca. 1 mm long, subulate, recurved; calyx-lobes subulate, equal to or longer than the tube; plant procumbent to prostrate; phyllodes linear (WA)"	"Daviesia pachyloma"
35	"Stipules absent; calyx-lobes shorter (usually much shorter) than the tube; plant erect or spreading (except Daviesia mesophylla); phyllode shapes various"	36
36	"Phyllodes often asymmetrically lobed but never with > 1 pungent apex"	37
36	"Phyllodes 3- or 4-sided, with 2 pungent apices at either end of the abaxial edge"	51
37	"Phyllodes and branchlets smooth (except the ribs when present) or (in Daviesia dielsii) tomentose"	38
37	"Phyllodes and branchlets minutely scabrous"	49
38	"Branchlets and usually the phyllodes minutely tomentose with recurved hairs; phyllodes obliquely obovate, 2–4 mm long (WA)"	"Daviesia dielsii"
38	"Plants entirely glabrous; phyllodes usually ≥ 5 mm long"	39
39	"Phyllodes entire, although often asymmetric by slight dilation of the upper margin; plants green, glaucous or pruinose"	40
39	"At least the lower phyllodes bilobed by dilation of the upper margin, with a shallow sinus between the lobe and deflexed pungent tip, sometimes obtriangular (upper phyllodes usually not lobed but merely asymmetric); plants ± pruinose"	48
40	"Pods thin-walled, compressed, scarcely acute; anthers of all 5 stamens in inner whorl with thecae confluent; phyllodes subulate (Vic., NSW)"	"Daviesia genistifolia"
40	"Pods coriaceous, turgid, pungently beaked; anther thecae confluent only in vexillary stamen; phyllodes subulate or other shapes (WA)"	41
41	"Branchlets angular with sharp raised ridges, at least when dry"	42
41	"Branchlets smooth when fresh, longitudinally wrinkled when dry"	46
42	"Phyllodes ca. 5 mm long, oblong-elliptic, spreading ± at right angles to branchlet, often retrorse; branchlets divaricate, short (2–5 cm long), usually terminated by a spine (WA)"	"Daviesia microphylla"
42	"Phyllodes mostly > 5 mm long, oblong, linear or subulate, usually ascending, sometimes at right angles, but never retrorse; branchlets mostly ascending and > 5 cm long, never spinescent"	43
43	"Phyllodes very crowded with bases manifestly overlapping along branchlets, (2.5–)3–4 mm broad, oblong to deltoid, or narrowly so, often falcate (WA)"	"Daviesia chapmanii"
43	"Phyllodes not or scarcely overlapping, 1–2.5 mm broad, shaped as above or linear, or subulate"	44
44	"Plants procumbent or prostrate; pedicels 5–8 mm long (WA)"	"Daviesia mesophylla"
44	"Plants erect; pedicels 1–4 (5) mm long"	45
45	"Outer part of standard pure yellow; pedicels 2–4(5) mm long; racemes 2–4-flowered; rachis 1–3 mm long; flower- ing March to July (WA)"	"Daviesia angulata"
45	"Outer part of standard pinkish yellow or orange; pedicels 1–2 mm long; racemes 1- or 2-flowered; rachis absent; flowering July to September (WA)"	"Daviesia polyphylla"
46	"Phyllodes crowded with bases overlapping along branchlets"	47
46	"Phyllodes scattered with bases not overlapping along branchlets (WA)"	"Daviesia preissii"
47	"Plants glaucous to pruinose; phyllodes obliquely oblong-elliptic, (3–)4–6.5 mm broad, without thickened bases (WA)"	"Daviesia striata"
47	"Plants often grey-green but not glaucous; phyllodes subulate, 1.5–3(–4) mm broad, with thickened bases (WA)"	"Daviesia spinosissima"
48	"Branchlet apex spinescent (WA)"	"Daviesia oxyclada"
48	"Branchlet apex not spinescent (WA)"	"Daviesia physodes"
49	"Phyllodes resembling caterpillars: clavate, asymmetrically thickened or lobed at the apex so that the pungent point is oblique, longitudinally wrinkled when dry but not striate (WA)"	"Daviesia campephylla"
49	"Phyllodes subulate to falciform, not apically thickened, longitudinally striate when fresh (SA) (Daviesia asperula)"	50
50	"Phyllodes subulate, broadest at or near the base (SA)"	"Daviesia asperula subsp. asperula"
50	"Phyllodes falciform or obliquely narrow-obovate, broadest at or above the middle (SA)"	"Daviesia asperula subsp. obliqua"
51	"Branchlets angular and never spinescent; phyllodes sessile, adnate to the branchlet by a base 1.5–4 mm broad; unit inflorescences umbelliform with a robust, 5–12 mm long peduncle + rachis, with 3–6 flowers on pedicels 1–4 mm long (WA)"	"Daviesia quadrilatera"
51	"Branchlets terete, often terminated by a spine; phyllodes contracted at the base to a 1–2 mm long stipe resembling a petiole; unit inflorescences with a very short peduncle + rachis 1(–3) mm long, with 1 or 2(3) flowers on pedicels 2– 4 mm long (WA)"	"Daviesia podophylla"
52	"Calyx manifestly zygomorphic, with upper 2 lobes ± united into a lip"	53
52	"Calyx-lobes ± equal"	77
53	"Untidy plant with zigzag branchlets; phyllodes spreading widely or retrorse at base but curving round so that the apex points forward, narrowly elliptic or obovate, with margins longitudinally folded downwards to ± conceal the abaxial surface; midrib obscure or absent (WA)"	"Daviesia tortuosa"
53	"Not as above"	54
54	"Phyllodes ± opposite, ovate to orbicular, cordate, with prominent reticulate venation; conspicuous involucral bracts present, ± orbicular, 4–5 mm diam. in flower, enlarging to ca. 2 cm when enclosing fruit (WA)"	"Daviesia crenulata"
54	"Not as above"	55
55	"Phyllodes forming dense fascicles terminating each seasonal shoot, conspicuously pilose, linear, broadest at apex and tapering to base, 2–4 cm long (WA)"	"Daviesia croniniana"
55	"Not as above"	56
56	"Phyllodes mostly <2 cm long, variously shaped, spreading or erect; plants often hirsute, at least on branchlets"	57
56	"Phyllodes 2–5 cm long, lanceolate, rigid and erect; plants glabrous"	76
57	"Flowers solitary or clustered in axils, rarely 2 on a common peduncle"	58
57	"Inflorescence a manifestly pedunculate umbel"	73
58	"Phyllodes rhombic with conspicuously reticulate venation; flowers in axillary clusters (WA)"	"Daviesia rhombifolia"
58	"Phyllodes not as above; flowers solitary (rarely 2) in each axil"	59
59	"Branchlets densely and obviously hirsute with white or cream hairs; flowers subsessile and almost hidden by the phyllodes; phyllodes lanceolate, folded upwards longitudinally, steeply ascending (though gently recurved) and overlapping along the branchlets, 10–20 mm long (WA)"	"Daviesia abnormis"
59	"Branchlets often hirsute or hispid but inconspicuously so; flowers manifestly pedicellate and visible; phyllodes lanceolate to ovate-acuminate, convex, flat, concave or (in Daviesia eurylobos) somewhat folded upwards, spreading, often widely, usually < 15 mm long (to 20 mm in Daviesia cunderdin)"	60
60	"Three node-like thickenings present on midrib and marginal nerves at junction of phyllode and branchlet (WA) (Daviesia cardiophylla group)"	61
60	"Articulation between phyllode and branchlet with 0 or 1 node-like thickening (eastern Australia)"	64
61	"Flowers large and red; keel 16–17 mm long; standard 12–15 mm long, with a pair of deltoid appendages (0.6–0.7 mm high) at base of lamina (WA)"	"Daviesia cunderdin"
61	"Flowers smaller, predominantly yellow with red markings; keel 8–13 mm long; standard 6–10 mm long, with a pair of small calli or low ridges at base of lamina, these often indistinct"	62
62	"Phyllodes ±folded upwards longitudinally, or at least strongly concave above, mostly narrow-ovate or -elliptic; keel and style curving sharply upwards at an acute angle so that apex points in towards to the standard; pod ± obtuse at apex (WA)"	"Daviesia eurylobos"
62	"Phyllodes flat to concave above but not folded upwards longitudinally, narrowly to very broadly ovate or elliptic; keel and style bent at an obtuse angle and pointing more outwards than upwards; pod acuminate at apex"	63
63	"Phyllodes narrow-ovate or -elliptic (length: breadth = 3:1–6:1), tapered, cuneate or rounded at base; calyx with a small callus below each sinus (WA)"	"Daviesia umbonata"
63	"Phyllodes ovate to very broadly so (length: breadth ≤ 2:1), cordate at base; calli usually lacking on calyx (WA)"	"Daviesia cardiophylla"
64	"Lamina of phyllodes glabrous but margins, midrib and branchlets often hispid"	65
64	"Lamina of phyllodes, as well as most parts of plant, hispid, sometimes sparsely"	70
65	"Phyllodes broadly to narrowly ovate or cordiform; venation reticulate or obscure; margins recurved (in Daviesia nova- anglica) or undulate"	66
65	"Phyllodes broadly to narrowly oblong or elliptic; adaxial surface of phyllode with 2 usually prominent longitudinal veins between midrib and margins; margins recurved (Qld) (Daviesia filipes)"	69
66	"Uppermost bracts in cluster at base of pedicel 1–1.5 mm long, 0.5–0.75 mm broad; phyllodes ovate or narrow-ovate, rounded or subcordate at base, acute or acuminate at apex; margins recurved (NSW)"	"Daviesia nova-anglica"
66	"Uppermost bracts in cluster at base of pedicel 0.3–0.8 mm long, 0.25–0.6 mm broad; phyllodes ovate, broad-ovate or cordiform, cordate to truncate at base, cuspidate at apex; margins undulate"	67
67	"Keel not falcate, 2.0–2.2 mm broad, scarcely acute; upper 2 calyx-lobes acuminate, scarcely broader or united higher than lower 3 (NSW)"	"Daviesia squarrosa"
67	"Keel falcate, 1.4–1.5 mm broad, conspicuously beaked; upper 2 calyx-lobes united in a truncate emarginate lip"	68
68	"Hairs along branchlets twisted and bent in every direction (Qld)"	"Daviesia quoquoversus"
68	"Hairs standing straight out from branchlets (Qld)"	"Daviesia villifera"
69	"Inflorescences all simple, axillary; flowers solitary or an umbellate pair (Qld, White Mts to Darling Downs)"	"Daviesia filipes subsp. filipes"
69	"Terminal 1–5-flowered racemose or paniculate inflorescences present in addition to simple axillary inflorescences (Qld, Mareeba to Ravenshoe)"	"Daviesia filipes subsp. terminalis"
70	"Phyllodes broad-ovate; apex long-acuminate, 3–7 mm long; margins undulate (Qld, NSW)"	"Daviesia villifera"
70	"Phyllodes mostly narrow-oblong or -ovate; apex short-acuminate, 1–2 mm long; margins strongly recurved"	71
71	"Inflorescence rachis (portion at base bearing bracts) about equal to or longer than pedicel (portion above highest bract), hispid; calyx including stipe-like receptacle 2.8–3.3 mm long (NSW)"	"Daviesia pubigera"
71	"Inflorescence rachis much shorter than pedicel(s), sometimes absent, glabrous; calyx including receptacle 2.3–2.8 mm long (Qld) (59. Daviesia filipes)"	72
72	"Inflorescences all simple, axillary; flowers solitary or an umbellate pair (Qld, White Mts to Darling Downs)"	"Daviesia filipes subsp. filipes"
72	"Terminal 1–5-flowered racemose or paniculate inflorescences present in addition to simple axillary inflorescences (Qld, Mareeba to Ravenshoe)"	"Daviesia filipes subsp. terminalis"
73	"Phyllodes conspicuously and softly hirsute, green, broad-obovate to orbicular, 5–15 mm broad (WA)"	"Daviesia mollis"
73	"Phyllodes glabrous or hirsute only on margins and midrib, often glaucous, variously shaped but not orbicular, 2–6 mm broad"	74
74	"Pedicels dilated upwards; phyllodes broadest around or above the middle; flowering October to January (WA)"	"Daviesia lancifolia"
74	"Pedicels not or scarcely dilated upwards; phyllodes broadest around or below the middle; flowering July to October (an isolated population of Daviesia umbellulata in New England flowers in summer)"	75
75	"Branchlets glaucous to pruinose; peduncles 10–30 mm long; pedicels viscid; calyx4–5 mm long (WA)"	"Daviesia pedunculata"
75	"Branchlets not glaucous; peduncles 3–18 mm long; pedicels not viscid; calyx 2.5–3.5 mm long (Qld, NSW)"	"Daviesia umbellulata"
76	"Inflorescence a short raceme of 2–4 flowers, with rachis clearly visible; pod turgid (WA)"	"Daviesia daphnoides"
76	"Inflorescence 1-flowered (each axil may have up to 3 inflorescences, each with a cluster of bracts at the base of the pedicel), no rachis visible below pedicel; pod compressed (WA)"	"Daviesia audax"
77	"Growth habit not divaricate; branchlets not spinescent; phyllodes with margins strongly recurved to revolute, bear- ing scattered minute teeth (NSW, Qld)"	"Daviesia acicularis"
77	"Growth habit divaricate; all or most branchlets terminating in a spine; phyllodes often concave below but margins not or scarcely recurved, lacking teeth"	78
78	"Adaxial surface of phyllode convex or nearly flat, with midrib more prominent than on abaxial surface; phyllodes variously shaped but never cordate; plants usually glabrous, or rarely hispid on branchlets, midrib and margins of phyllodes"	79
78	"Phyllodes somewhat folded upwards with a groove along the centre of the adaxial face, with midrib prominent on abaxial face; phyllodes commonly cordate, occasionally tapered to base; plants grey-hispid, rarely glabrous (on deep sand in mallee districts of SA, NSW, Vic.)"	"Daviesia arenaria"
79	"Calyx-lobes flat or keeled, slightly recurved from the base (obscured by pressing); phyllodes obovate or narrowly so, sometimes narrow-elliptic, often large (> 15 mm long and > 3 mm wide), secondary venation usually visible"	80
79	"Calyx-lobes strongly keeled, incurved at the margins and in profile; phyllodes ovate, elliptic, narrow-elliptic or linear, if > 15 mm long then generally < 2–3 mm wide, secondary venation usually not visible (except subsp. pilligensis) (all states except NT) (Daviesia ulicifolia)"	81
80	"Calyx-lobes 0.75–1.5 mm long; phyllodes dull dark green, very thick, somewhat fleshy, wrinkled when dry; standard > 6 mm wide (Tas. and southern Yorke Peninsula, SA)"	"Daviesia sejugata"
80	"Calyx-lobes 0.5–1 mm long; phyllodes glaucescent, not very thick, nor fleshy nor wrinkled on drying; standard < 5 mm wide (central Australian parts of WA, NT, SA, Qld)"	"Daviesia arthropoda"
81	"Unit inflorescence umbellate or shortly racemose"	82
81	"Unit inflorescence 1-flowered, sometimes paired in the axils"	84
82	"Standard yellow toward margins with red markings toward centre; plant dull green (south-east SA, Vic., NSW, Tas.)"	"Daviesia ulicifolia subsp. ulicifolia"
82	"Standard orange near margins, becoming red towards centre; plant glaucescent"	83
83	"Standard <4.5 mm wide; inflorescence appearing umbellate though tending to shortly racemose; plants very divaricate, rigid and spiny (on sand in southern arid regions of WA, SA, and far south-west NSW)"	"Daviesia ulicifolia subsp. aridicola"
83	"Standard > 5 mm wide; inflorescence strictly umbellate; plants usually open and spreading (various soils, restricted to the Mt Lofty and Flinders Ranges, and Kangaroo Island, SA)"	"Daviesia ulicifolia subsp. incarnata"
84	"Phyllodes narrow-elliptic or narrow-ovate to linear"	85
84	"Phyllodes ± ovate, rarely narrow"	86
85	"Phyllodes 9–20 mm long, 0.5–1(–1.5) mm wide, linear-elliptic to linear-ovate (Qld and northern NSW)"	"Daviesia ulicifolia subsp. stenophylla"
85	"Phyllodes either > 1 mm wide or < 9 mm long, narrow-elliptic to narrow-ovate (NSW, Vic.)"	"Daviesia ulicifolia subsp. ulicifolia"
86	"Phyllodes convex above with midrib more prominent above than below; standard orange (fading to yellow with age); stems often hispid (on heavy-textured soils at moderate to high elevation in Vic., southern NSW and Tas.)"	"Daviesia ulicifolia subsp. ruscifolia"
86	"Phyllodes flat to concave above, or undulate, with midrib equal on both faces or more prominent below; standard yellow; stems always glabrous (on sand in SE Qld, NSW)"	"Daviesia ulicifolia subsp. pilligensis"
87	"Cactus-like subshrubs with erect, terete, thick (6–10 mm diam.) cladodes, appearing fleshy but filled with pith; phyllodes reduced to scattered spines 0.5–2.5 mm long (WA)"	"Daviesia euphorbioides"
87	"Not as above"	88
88	"Phyllodes horizontally flattened or compressed, i.e. leaf-like (a decurrent vertical rib or wing may also be present)"	89
88	"Phyllodes terete, or vertically compressed or flattened"	94
89	"Phyllodes triquetrous in cross-section, decurrent into a broad wing running down the branchlet (WA)"	"Daviesia trigonophylla"
89	"Phyllodes not triquetrous; branchlets not winged"	90
90	"Phyllodes ± appressed to branchlet, obovate, with an outwardly bent apical cusp; branchlets hirsute, midrib and mar- gins of phyllodes with a few stiffly spreading hairs (WA)"	"Daviesia uniflora"
90	"Phyllodes ascending to widely spreading, lanceolate, ovate, elliptic or obovate, apical cusp seldom bent back; plants entirely glabrous or (in subsp. hirtella) sparsely hispid on branchlets (WA) (Daviesia nudiflora)"	91
91	"Phyllodes concentrated near branchlet apex, with scale-leaves present at lower nodes; flowers mostly in axils of scale-leaves"	92
91	"Phyllodes evenly distributed along branchlets"	93
92	"Phyllodes obovate to ovate, broad to narrow, ascending or spreading, flat or somewhat folded upwards; nerves not thickened at base; plants entirely glabrous (WA)"	"Daviesia nudiflora subsp. nudiflora"
92	"Phyllodes broad-elliptic, folded upwards and spreading widely; the three nerves thickened at junction with branch- let; branchlets and phyllode margins often hispid (WA)"	"Daviesia nudiflora subsp. hirtella"
93	"Phyllodes spreading at 60°– 90°, heart-shaped and stem-clasping at the base, smooth, glaucous to pruinose; pods 7–9 mm broad (WA)"	"Daviesia nudiflora subsp. amplectens"
93	"Phyllodes ascending at 0°– 30°(–45°), ovate or elliptic and usually narrow, tapered to the base, yellow-green to glaucous, minutely scabrid; pods 5–6 mm broad (WA)"	"Daviesia nudiflora subsp. drummondii"
94	"Phyllodes terete"	95
94	"Phyllodes compressed or flattened in the vertical plane (i.e. having adaxial and abaxial edges)"	115
95	"Flowers ≥ 20 mm long, uniformly red; plant pruinose; phyllodes terete, robust and resembling branchlets, mostly 3– 8 cm long, ca. 2 mm diam. (WA)"	"Daviesia speciosa"
95	"Flowers ≤ 12 mm long, a combination of yellow or orange and dark red; plant pruinose or not; phyllodes (if terete) ≤ 1.5 mm diam"	96
96	"Bracts usually not striate, upper ones ≤ ca. 1 mm long; lower bracts not conspicuously imbricate nor covering rachis"	97
96	"Bracts striate, upper ones 2–3 mm long; lower bracts conspicuously imbricate, covering rachis"	110
97	"Phyllodes and branchlets neither ribbed nor striate when fresh, longitudinally wrinkled when dry"	98
97	"Phyllodes and branchlets striate, at least when dry"	107
98	"Pod compressed or turgid, thin-walled, to 7 mm long, apiculate but not beaked; inner whorl of 5 stamens with anther thecae confluent; outer portion of standard yellow to orange"	99
98	"Pod very turgid, thick-walled, ≥ 12 mm long, tapered to an acuminate beak; inner whorl of 5 of stamens with anthers 2-celled, except confluent in the vexillary stamen; outer portion of standard orange to red"	104
99	"Epidermis of phyllodes and branchlets smooth"	100
99	"Epidermis of phyllodes and branchlets minutely scabrid (WA)"	"Daviesia scabrella"
100	"Phyllodes and branchlets glaucous to purplish; pod turgid, not dehiscing elastically (WA, SA)"	"Daviesia purpurascens"
100	"Phyllodes and branchlets dull- or yellow-green, occasionally glaucescent; pod compressed, dehiscing elastically"	101
101	"Minute (< 1 mm) narrowly triangular stipules present at base of phyllodes (SA, NSW, Vic.)"	"Daviesia devito"
101	"Stipules absent"	102
102	"Phyllodes developed only at uppermost 0–6(–8) nodes of each seasonal branchlet, reduced to scales at lower nodes, 0–15(–25) mm long, diverging at ca. 90° or nearly so (WA, SA)"	"Daviesia aphylla"
102	"Phyllodes well developed, usually 6–many along upper 2/3 (at least) of each seasonal branchlet, reduced to scales only in lower third (or less) of branchlet, (10–)15–50(–100) mm long, diverging at 45°– 60° (in Daviesia benthamii) or ca. 90° (in Daviesia schwarzenegger)"	103
103	"Plants with an open crown and usually higher than wide, not suckering from roots; phyllodes (10–)20–100 mm long, lengthening at successively lower nodes until abruptly reduced to scales in lower ca. 1/3 of branchlet (WA)"	"Daviesia benthamii"
103	"Bushy plants, spreading by suckering from roots and usually wider than high; phyllodes 10–25(–35) mm long, not or scarcely increasing in length down the branchlet and replaced by scales only near the branchlet base (SA, NSW, Vic.)"	"Daviesia schwarzenegger"
104	"Phyllodes short (mostly 1–3 mm long), oblique, broadest near the middle and constricted above and below it (SA, Vic.)"	"Daviesia brevifolia"
104	"Phyllodes variable, mostly 5–20 mm long, straight or recurved, broadest near the base, juvenile phyllodes with a dilated upper margin towards the apex (WA) (Daviesia incrassata)"	105
105	"Branchlets zigzag with phyllodes retrorse or spreading at right angles (WA, possibly also SA)"	"Daviesia incrassata subsp. reversifolia"
105	"Branchlets straight or somewhat flexuose with phyllodes ascending"	106
106	"Phyllodes all terete, even at base of plant (WA)"	"Daviesia incrassata subsp. teres"
106	"Phyllodes vertically compressed or dilated towards base of plant, sometimes all over the plant (WA)"	"Daviesia incrassata subsp. incrassata"
107	"Branchlets straight; phyllodes inconspicuous, 2–8 mm long; standard with a bilobed, V-shaped central yellow marking (WA)"	"Daviesia localis"
107	"Branchlets flexuose; phyllodes conspicuous, 4–50 mm or longer; central yellow marking on standard narrowly oblong, not V-shaped"	108
108	"Calyx including receptacle ca. 2 mm long; keel ca. 3 mm long, scarcely acute; vexillary filament channelled and flared at apex (WA)"	"Daviesia intricata subsp. intricata"
108	"Calyx including receptacle 2.5–5 mm long; keel 5.5–8 mm long, tapered and very acute to acicular; vexillary filament terete and not flared at apex"	109
109	"Plants multi-stemmed and tufted but not rhizomatous; phyllodes ascending, uncinate; inflorescence 2–several-flowered (WA)"	"Daviesia uncinata"
109	"Plants in tufts arising from lignotubers and spreading by rhizomes to form extensive colonies; phyllodes patent to retrorse, straight or gently recurved at apex; inflorescence strictly 1-flowered (WA)"	"Daviesia rhizomata"
110	"Branchlets striate with multiple fine ribs; phyllodes ≤ 1.5 mm diam., ascending or spreading at right angles"	111
110	"Branchlets smooth, or longitudinally wrinkled when dry; phyllodes very robust (1–2 mm diam.), spreading at right angles or even somewhat retrorse (WA) (Daviesia sarissa)"	114
111	"Bracts subtending pedicels reflexed, 4–5 mm long; calyx-lobes acuminate, each with a pale stripe; standard ca. 12 mm broad; pod 13–14 mm long, viscid (WA)"	"Daviesia major"
111	"Bracts subtending pedicels ascending or spreading, ≤ 3 mm long; standard < 10 mm broad; pod smaller, not viscid"	112
112	"Stems pruinose, especially towards the base; calyx-lobes well-developed, acute or acuminate (WA)"	"Daviesia smithiorum"
112	"Stems greyish but not pruinose; calyx-lobes very shallow, obtuse (WA) (Daviesia hakeoides)"	113
113	"Phyllodes well-developed, conspicuous, 10–50 mm or longer (WA)"	"Daviesia hakeoides subsp. hakeoides"
113	"Phyllodes inconspicuous, 1–5(–10) mm long, often reduced to scales over most of the plant, but detectable by their pungent feel (WA)"	"Daviesia hakeoides subsp. subnuda"
114	"Bracts subtending pedicels imbricate and concealing inflorescence at anthesis, 3–5 mm long, 2–3 mm broad, striate with many prominent ribs; pedicels 0.5–1.5 mm long; calyx including receptacle ca. 2.5 mm long; standard ca. 5.5 mm broad (WA)"	"Daviesia sarissa subsp. sarissa"
114	"Bracts subtending pedicels neither imbricate nor concealing inflorescence, 1.5–2 mm long, 0.75–1 mm broad, inconspicuously striate with few ribs; pedicels 1.5–3 mm long; calyx including receptacle ca. 3.5 mm long; standard ca. 6.5 mm broad (WA)"	"Daviesia sarissa subsp. redacta"
115	"Phyllodes concentrated near branchlet apex, spreading at 90°, subulate, very rigid, abruptly replaced by scale-leaves on lower part of branchlets; naked portion of branchlets terete (WA)"	"Daviesia intricata subsp. xiphophylla"
115	"Arrangement of phyllodes not as above"	116
116	"Phyllodes and/or branchlets striate, ribbed or ridged (sometimes winged), even when fresh"	117
116	"Phyllodes and branchlets smooth when fresh, wrinkled or striate when dry, neither ribbed nor ridged"	122
117	"Branchlets trigonous to triquetrous with decurrent ridges from phyllode bases; phyllodes straight, incurved or recurved"	118
117	"Branchlets terete or oval (rounded-trigonous immediately below phyllode bases); phyllodes hooked"	121
118	"Bracts with striations visible under a hand-lens; phyllodes striate when fresh (WA)"	"Daviesia decurrens subsp. decurrens"
118	"Bracts not striate, minute; phyllodes smooth or with a single eccentric rib when fresh, wrinkled-striate when dry"	119
119	"Phyllodes with a fine, conspicuous, pale rib 0.5–1 mm below upper margin; pod compressed, ≤ 10 mm long (SA, Vic.)"	"Daviesia pectinata"
119	"Phyllodes lacking a rib, or if present, then rib obscure and not differing in colour from rest of phyllode; pod either inflated or compressed and 15–20 mm long"	120
120	"Receptacle tapered evenly to petiole; calyx evenly ciliate around margins; pod strongly compressed, purple-spotted, 15–20 mm long (WA)"	"Daviesia flexuosa"
120	"Receptacle truncate and greater in diam. than petiole; ciliae present only at tips of calyx-lobes; pod inflated, thick- walled, evenly red-brown or purplish, ca. 12 mm long (WA)"	"Daviesia decipiens"
121	"Branchlets straight; phyllodes 2–10(–15) mm long; flowering July to September (WA)"	"Daviesia decurrens subsp. hamata"
121	"Branchlets flexuose; phyllodes (5–)20–70 mm long; flowering November to January (WA)"	"Daviesia uncinata"
122	"Phyllodes usually subulate and straight or slightly recurved, lower (juvenile) ones may be dilated; calyx 2.5–3.5 mm long including the receptacle; pod either compressed and small (< 7 mm long) or turgid and large (≥ 11 mm long)"	123
122	"Phyllodes usually recurved (to hooked) and with upper margin dilated, seldom subulate and straight; calyx 4–5 mm long including the receptacle; pod compressed, 7–8 mm long (WA)"	"Daviesia dilatata"
123	"Keel with a ca. 2 mm subulate beak and a minute hook at the apex; pod turgid, rounded-obtriangular in outline, 11– 14 mm long (WA)"	"Daviesia incrassata subsp. incrassata"
123	"Keel scarcely acute and neither beaked nor hooked; pod compressed, obliquely shallowly obtriangular in outline, ca. 5 mm long (WA)"	"Daviesia subulata"
124	"Phyllodes terete or compressed to flattened vertically (i.e. having adaxial and abaxial edges)"	125
124	"Phyllodes compressed or flattened horizontally (i.e. leaf-like, flattened at right angles to the branchlet)"	129
125	"Phyllodes disarticulating from branchlets with age, 20–40 mm long (WA)"	"Daviesia nematophylla"
125	"Phyllodes continuous with branchlets, not articulate at the base, at least the lower ones >> 40 mm long"	126
126	"Bracts caducous; stems lightly pruinose, becoming reddish or purplish with age (WA)"	"Daviesia rubiginosa"
126	"Bracts persistent; stems sometimes glaucous but not also reddish or purplish"	127
127	"Phyllodes smooth when fresh, wrinkled-striate when dry; racemes resembling clusters in axils; subtending bracts conspicuous, shell-shaped, imbricate and enclosing rachis (WA)"	"Daviesia pseudaphylla"
127	"Phyllodes with 4 or more prominent longitudinal ribs; racemes open, rachis clearly visible and not enclosed by involucral bracts; subtending bracts minute"	128
128	"Phyllodes tetragonous in cross-section, with one rib at each angle and no other visible venation; standard cordate at the base (WA)"	"Daviesia costata"
128	"Phyllodes terete or somewhat oblong in cross-section, with 6 or more ribs; standard truncate at the base (WA)"	"Daviesia longifolia"
129	"Branchlets unarmed (phyllodes might be spinescent)"	130
129	"Branchlets spinescent (check that spines are not actually reduced phyllodes, i.e. lateral)"	167
130	"Phyllodes twisted into a corkscrew shape (WA)"	"Daviesia spiralis"
130	"Phyllodes not or scarcely spirally twisted"	131
131	"Branchlets terete or, if angular, with 4 or more angles or ribs"	132
131	"Branchlets triquetrous, winged to angular (often becoming terete with growth)"	162
132	"Unit inflorescence umbelliform; flowers subtended by an involucre of bracts 3–20 mm long; involucral bracts enlarging considerably to enclose pods, becoming scarious or coriaceous (Daviesia cordata group)"	133
132	"Unit inflorescence not umbelliform, or if so, then bracts not as above"	138
133	"Bracts and phyllodes linear-elliptic (WA)"	"Daviesia elongata"
133	"Bracts ± orbicular; phyllodes ovate, obovate or elliptic, broad to narrow, rarely linear"	134
134	"Phyllodes tapered to rounded at base"	135
134	"Phyllodes cordate to sagittate at base"	137
135	"Phyllodes broadest at or below the middle; involucral bracts 6–10 mm long at anthesis, much shorter than flowers (WA)"	"Daviesia ovata"
135	"Phyllodes broadest at or above middle; involucral bracts 12–22 mm long at anthesis, enclosing flowers"	136
136	"Involucral bracts undulate but essentially planar, minutely pubescent at anthesis (WA)"	"Daviesia alternifolia"
136	"Involucral bracts concavo-convex, glabrous (WA)"	"Daviesia oppositifolia"
137	"Phyllodes ovate or narrowly ovate, 50–150 mm long, often sagittate at base, tapered to a long acute apex (WA)"	"Daviesia cordata"
137	"Phyllodes very broadly ovate to orbicular, 8–25 mm long, cordate at base, obtuse or scarcely acute and somewhat acuminate at apex (WA)"	"Daviesia crenulata"
138	"Phyllodes articulate at base, sometimes linear but rarely angular or terete in cross-section"	139
138	"Phyllodes lacking an articulation at base, linear and often angular or terete in cross-section"	158
139	"Bracts caducous (WA)"	"Daviesia rubiginosa"
139	"Bracts persistent"	140
140	"Calyx including receptacle ≤ 6 mm long at anthesis, not significantly enlarged in fruit; upper 2 lobes usually much broader and united higher than lower 3"	141
140	"Calyx including receptacle 7–8 mm long at anthesis, much enlarged in fruit; lobes alike, acuminate"	157
141	"Plants prostrate or procumbent; phyllode apex acuminate or cuspidate, semi-pungent; inflorescence a 2–4(5)-flowered umbel; pedicel dilated upwards, with an annular thickening at the apex (WA)"	"Daviesia lancifolia"
141	"Not the above combination"	142
142	"Flowers per unit inflorescence (3–)5–many"	143
142	"Flowers per unit inflorescence 1–3(4) (note: a unit inflorescence is recognised by the cluster of vacant bracts at the base of the peduncle; there may be > 1 per axil)"	154
143	"Phyllodes linear-elliptic, 5–20 cm long, tapered to a long acute apex, discolorous, thin in texture; secondary veins dense, fine but conspicuous, ± longitudinal and anastomosing"	144
143	"Not the above combination"	145
144	"Tall shrubs or small trees with corky bark; racemes 8–15-flowered, rachis 10–27 mm long (Qld, NSW)"	"Daviesia arborea"
144	"Shrubs to 2 m without corky bark; racemes 3–8-flowered, rachis 5–10 mm long (Qld)"	"Daviesia discolor"
145	"Bracts ± appressed, inconspicuous, 0.75–1(–2) mm long"	146
145	"Bracts spreading widely, conspicuous, (1–)2–4(–7) mm long"	152
146	"Racemes 40–120 mm long (Vic.)"	"Daviesia laxiflora"
146	"Racemes < 25 mm long"	147
147	"Phyllodes linear; slightly convex on adaxial face; venation with a raised longitudinal nerve near each margin (SA, NSW, Vic.)"	"Daviesia leptophylla"
147	"Phyllodes ovate to obovate, often narrow but rarely linear, flat or undulate; venation pinnate or obscure"	148
148	"Phyllodes entire (rarely shallowly crenate), dull to glaucescent; tapered to base or rarely cuneate; peduncles 0–5 mm long"	149
148	"Phyllodes crenulate (may be obscure), glossy, green; base cordate, rounded or cuneate; peduncles 3.5–15 mm long"	151
149	"Shrubs or trees to 6 m high; flowers strongly fragrant; lower calyx lobes 0.8–1 mm long, tips not thickened nor coloured (NSW)"	"Daviesia suaveolens"
149	"Shrubs (rarely arborescent) to 3 m high; flowers usually not or scarcely fragrant; lower calyx lobes 0.3–0.6 mm long, tips thickened and tinged dark brown (Qld, NSW, Vic) (Daviesia mimosoides)"	150
150	"Phyllodes narrowly elliptic to obovate or linear, acute or obtuse at apex, tapered to base, not crenulate, dull green to glaucescent (Qld, NSW, Vic.)"	"Daviesia mimosoides subsp. mimosoides"
150	"Phyllodes obovate or elliptic, scarcely narrow, rounded or obtuse at apex, occasionally acute, cuneate at base, obscurely crenulate, glaucescent (NSW, Vic.)"	"Daviesia mimosoides subsp. acris"
151	"Phyllodes ovate to orbicular, cordate to rounded at base (southern NSW, Vic.)"	"Daviesia buxifolia"
151	"Phyllodes mostly elliptic or narrowly elliptic, cuneate to rounded at base (Qld, northern NSW)"	"Daviesia elliptica"
152	"Unit inflorescence corymbose (NSW)"	"Daviesia corymbosa"
152	"Unit inflorescence racemose"	153
153	"Phyllode margins crenulate; tertiary venation conspicuously reticulate; inflorescence rachis 25–80 mm long (Qld, NSW, Vic., Tas.)"	"Daviesia latifolia"
153	"Phyllode margins entire; tertiary venation obscure; inflorescence rachis 20–30(–80) mm long (Vic.)"	"Daviesia laevis"
154	"Flowers per unit inflorescence 1; phyllode margins thickened; calyx lightly 5-ribbed"	155
154	"Flowers per unit inflorescence mostly 2 or 3; phyllode margins not thickened; calyx not ribbed"	156
155	"Calyx including receptacle 3.0–3.5 mm long, upper 2 lobes similar to lower 3, united scarcely higher; stipules present, 0.5–1 mm long (WA)"	"Daviesia grahamii"
155	"Calyx including receptacle 4.8–5.6 mm long, upper 2 lobes united into a deeply notched lip; stipules present but minute, ca. 0.1 mm long (WA)"	"Daviesia newbeyi"
156	"Phyllodes (30–)40–100 mm long (NSW)"	"Daviesia suaveolens"
156	"Phyllodes7–25(–35)mm long (WA)"	"Daviesia argillacea"
157	"Phyllodes green, 5–12 mm broad; unit inflorescences 1(2)-flowered (WA)"	"Daviesia megacalyx"
157	"Phyllodes glaucous, 10–65 mm broad; unit inflorescences 2- or 3-flowered (WA)"	"Daviesia obovata"
158	"Bracts to 3 mm long and 2 mm broad, cupped, imbricate and concealing rachis of inflorescence (WA)"	"Daviesia debilior subsp. debilior"
158	"Bracts < 1.5 mm long and < 1 mm broad, subulate, neither imbricate nor concealing rachis"	159
159	"Phyllodes with 1 or more longitudinal nerves between midrib and margin, or when < ca. 2 mm broad, oblong or terete in cross-section, with 6 or more ribs"	160
159	"Phyllodes lacking longitudinal nerves between midrib and margin, or when < ca. 2 mm broad, diamond-shaped in cross-section, with 4 ribs, one at each angle"	161
160	"Calyx with upper 2 lobes curved away from each other, larger than lower 3; unit inflorescence 4–11-flowered, rachis (4–)6–45(–150) mm long (WA)"	"Daviesia longifolia"
160	"Calyx with all lobes alike, not curved; unit inflorescence 1–3(4)-flowered, rachis 1–12 mm long (WA)"	"Daviesia pauciflora"
161	"Calyx including receptacle 3.5–5 mm long, prominently 10-ribbed; lobes subequal (WA)"	"Daviesia costata"
161	"Calyx including receptacle 5.5–7 mm long, not ribbed; upper 2 lobes united into a truncate lip, lower 3 shorter, acute (WA)"	"Daviesia implexa"
162	"Branchlets winged; phyllodes mostly reduced to scales; subtending bracts fimbriate (NSW)"	"Daviesia alata"
162	"Branchlets angular; phyllodes present over whole plant; subtending bracts not fimbriate"	163
163	"Unit inflorescence an umbel; petals yellow or orange with dark red or purple markings"	164
163	"Unit inflorescence racemose, sometimes umbelliform at apex, or aggregating into panicles; petals yellow, reddish markings faint or absent"	165
164	"Calyx accrescent in fruit, viscid; lobes acuminate, recurved at tips; peduncles 3–7 mm long; pedicels 2–5 mm long; pod 9–13 mm long (SA)"	"Daviesia stricta"
164	"Calyx not enlarging significantly in fruit, not viscid; lobes acute, not or scarcely recurved; peduncles 7–28 mm long; pedicels 7–15 mm long; pod 7–10 mm long (Qld, NSW, Vic.)"	"Daviesia wyattiana"
165	"Phyllodes usually emarginate; calyx covered with minute white dots; receptacle about as long as body of calyx (WA)"	"Daviesia emarginata"
165	"Phyllodes rarely emarginate; calyx not covered with white dots; receptacle distinctly shorter than body of calyx"	166
166	"Phyllodes to 15 mm broad; unit inflorescence sometimes umbelliform at apex, rachis 10–40 mm long; calyx 3–3.5 mm long including receptacle, not accrescent in fruit (Qld)"	"Daviesia flava"
166	"Phyllodes 1–6 mm broad; unit inflorescence strictly a raceme, rachis 10–80 mm long; calyx 5.5–7 mm long including receptacle, enlarging in fruit (WA, NT)"	"Daviesia reclinata"
167	"Phyllodes always present, narrowly obovate, up to 20 mm long (WA)"	"Daviesia bursarioides"
167	"Phyllodes often absent on upper parts of plant, mostly linear-elliptic, up to 120 mm long (WA)"	"Daviesia horrida"
