from	statement	to
1	"Seed tuberculate-glochidiate. Anther cells globular, 0.3-0.5 mm long. Bracts in lower half at least with moderately dense slender eglandular hairs visible with the naked eye and 0.5-2.5 mm long. Corolla lobes 4.8-7 mm long. Leaves lanceolate to ovate"	"Dicliptera ciliata"
1	"Seed smooth. Anther cells linear, 0.7-1.4 mm long. Bracts without long, slender eglandular hairs, with indumentum various (see below). Corolla lobes 8-10 mm long. Leaves linear to lanceolate"	2
2	"Bracts orbicular; base truncate or rounded, external indumentum either completely glabrescent apart from sparse 1-4-celled eglandular hairs on margin or a sparse cover of small, erect eglandular hairs, sometimes mixed with short glandular hairs"	"Dicliptera armata"
2	"Bracts spathulate to elliptic; base cuneate, external indumentum a dense mixture of tall, prominently glandular hairs mixed with much shorter glandular or eglandular puberulence"	"Dicliptera miscella"
