from	statement	to
1	"Glumes shorter than floret"	2
1	"Glumes longer than floret"	3
2	"Plants with rhizomes and stolons"	"Cynodon dactylon"
2	"Plants only with stolons"	"Cynodon nlemfuensis var. nlemfuensis"
3	"Plant prostrate; inflorescence spikes and leaf blades up to 1.1 cm long"	"Cynodon prostratus"
3	"Plant erect or stoloniferous; inflorescence spikes and leaf blades more than 2 cm long"	4
4	"Glumes 3.5-4.5 mm long; leaf sheath auricles bearded"	"Cynodon convergens"
4	"Glumes 2-3 mm long; leaf sheath auricles glabrous"	"Cynodon tenellus"
