from	statement	to
1	"Stipules spinescent, spreading or recurved and up to 1 cm long"	"Templetonia aculeata"
1	"Stipules not spinescent"	2
2	"Plant leafy, the leaves simple, unifoliolate or digitately to pinnately 3-5-foliolate"	3
2	"Plant appearing leafless, the leaves reduced to scales up to 1 mm long"	6
3	"Leaves simple"	4
3	"Leaves unifoliolate or digitately to pinnately 3-5-foliolate"	5
4	"Flowers red (very occasionally white or yellow); standard elliptic, 2.7-3.4 cm long; pods 3.5-8 cm long; leaves broadly obovate to almost rotund or narrowly cuneate-oblong to oblanceolate, 0.3-2.6 cm wide"	"Templetonia retusa"
4	"Flowers yellow and brown or purplish-brown; standard orbicular, 0.95-1.6 cm long; pods 1.6-3 cm long; leaves narrow-oblong to slightly obovate- or linear-oblong, 0.2-0.55 (-0.7) cm wide"	"Templetonia neglecta"
5	"Leaves unifoliolate; petiole distinctly sulcate adaxially; lamina ovate to narrow- elliptic or obovate-oblong; flowers on pedicels up to 0.75 cm long"	"Templetonia drummondii"
5	"Leaves unifoliolate or digitately to pinnately 3-5-foliolate; petiole not as above; leaflets linear-terete to filiform; flowers on filiform pedicels 2-2.5 cm long"	"Templetonia hookeri"
6	"Branches erect to suberect, terete, blunt at terminus; a triangular scale developed at nodes"	7
6	"Branches moderately divergent, flattened, or if ever terete then also tapering into a spine-like terminus; a pair of triangular stipules and a leaf rudiment developed at nodes (often only obvious on new growth)"	8
7	"Flowering-branch diameter mostly < 1.5 mm, with ridges well-defined; pedicels > 1 mm long at flowering; standard-limb 3–4 times length of claw; pods commonly < 18 mm long"	"Templetonia egena"
7	"Flowering-branch diameter mostly > 1.5 mm, with ridges generally poorly defined; pedicels < 1 mm long at flowering; standard-limb c. 2 times length of claw; pods mostly > 18 mm long"	"Templetonia incrassata"
8	"Branches terete; bracteole usually with a tuft of glandular material at apex; style c. 2 mm long"	"Templetonia battii"
8	"Branches flattened; bracteoles with glandular material absent or in minute amounts; style c. 3 mm long"	9
9	"Branches spine-like (tapering and becoming terete, c. 0.1–0.2 mm wide at tip); bracteoles brown and chartaceous in distal 2/3 only; lower medial calyx lobe incurved not brown-chartaceous; flower buds rounded at apex"	10
9	"Branches not spine-like (tapering but flattened and at least 0.5 mm wide at tip); bracteoles almost entirely brown and chartaceous; lower medial calyx lobe straight, brown-chartaceous distally, flower buds acute at apex"	11
10	"Pods 5–6 mm wide, 10–13 mm long; seeds 3.5–4.5 mm long; flowering branches 1.5–3.5(–4.5) mm wide, sometimes minutely papillose"	"Templetonia sulcata"
10	"Pods 9–12 mm wide, 15–28 mm long; seeds 9–16 mm long; flowering branches 3–8 mm wide, smooth"	"Templetonia smithiana"
11	"Branches not encrusted with epicuticular wax; flowering branches 2–7 mm wide; ovaries 2- or 3-ovulate; aril > 1 mm wide, frilly"	"Templetonia rossii"
11	"Branches encrusted with epicuticular wax that lifts in sheets; flowering branches 1–3(–4) mm wide; ovaries 4-ovulate; aril < 1 mm wide, entire"	"Templetonia ceracea"
