from	statement	to
1	"All stamens fertile; pollen presenter conical; leaves entire or lobed or deeply segmented"	2
1	"One stamen sterile; pollen presenter flattened and elliptic; leaves entire"	35
2	"Leaves with terete laciniae; flowers not more than 15 mm long"	3
2	"Leaves entire or lobed or with terete segments or laciniae; flowers more than 15 mm long and generally more than 20 mm long"	5
3	"Leaves usually with 5 laciniae; flowers yellow with red apex; perianth tube with dense tuft of hairs inside at throat after anthesis; style sharply recurved at base, almost straight above after anthesis"	"Adenanthos drummondii"
3	"Leaves with 3 or 5 laciniae; flowers cream or pale pink; perianth tube without hairs inside; style distinctly arcuate after anthesis"	4
4	"Leaves glabrous or nearly so, without silvery sheen; flowers cream; prostrate shrub"	"Adenanthos apiculatus"
4	"Leaves hirsute with silvery sheen; flowers cream or pink; erect shrub"	"Adenanthos dobagii"
5	"Leaves entire (very rarely with some lobed leaves)"	6
5	"Leaves lobed or deeply divided (very rarely with some entire leaves)"	13
6	"Leaves linear"	7
6	"Leaves not linear"	8
7	"Leaves not rigid, flattened in cross-section, obtuse; flowers cream"	"Adenanthos linearis"
7	"Leaves rigid (densely sclerified), terete, with sharply pointed apices; flowers pink"	"Adenanthos pungens"
8	"Flowers with glandular hairs on outside, claret with cream band in centre; leaves ovate to obovate, acuminate or mucronate-acute, with tuft of hairs near base, but otherwise glabrous"	"Adenanthos venosus"
8	"Flowers without glandular hairs, colour not as above; leaves not as above"	9
9	"Leaves sessile; flowers 22–25 mm long; erect shrub to 70 cm tall"	10
9	"Leaves petiolate; flowers 24–30 mm long; shrub prostrate or erect to 3 m tall"	11
10	"Leaves conspicuously tomentose with silvery sheen; involucral bracts without conspicuous apical glands; style glabrous or sparsely hirsute; ovary hirsute"	"Adenanthos dobsonii"
10	"Leaves glabrescent; involucral bracts with conspicuous apical glands; style glabrous; ovary glabrous"	"Adenanthos glabrescens"
11	"Leaves almost glabrous, without silvery sheen, to 30 mm long"	"Adenanthos ellipticus"
11	"Leaves tomentose, silvery, 20 mm long or less"	12
12	"Leaves cuneate, with numerous, scattered glands; flowers crimson"	"Adenanthos cuneatus"
12	"Leaves spathulate or obovate, with single apical gland only (or single apical gland on each segment); flowers pale red and cream, or cream"	"Adenanthos forrestii"
13	"Leaves deeply divided into segments or laciniae; segments or laciniae terete, linear, spathulate or obovate, without marginal spines"	14
13	"Leaves with broad lamina, with rounded or triangular apical lobes only, or with marginal spines"	30
14	"Segments rigid (densely sclerified) and terete"	15
14	"Segments or laciniae not as above (if terete, then not rigid)"	16
15	"Laciniae 3–6, not sharply pointed; flowers cream and reddish pink; style glabrous; shrubs with lignotuber"	"Adenanthos gracilipes"
15	"Segments 2 or 3, sharply pointed; flowers pink; style often hirsute near apex; shrubs without lignotuber"	"Adenanthos pungens"
16	"Flowers with glandular hairs outside, occasionally with glandular hairs on leaves"	17
16	"Flowers and leaves without glandular hairs"	18
17	"Leaves without velvety indumentum, but petiole sometimes densely hairy; flowers purple; involucral bracts less than 5 mm long"	"Adenanthos meisneri"
17	"Leaves with persistent, conspicuous, velvety indumentum; flowers cream and grey-black; involucral bracts to 8 (–9) mm long"	"Adenanthos velutinus"
18	"Segments or laciniae flattened in T.S."	19
18	"Laciniae terete (A. oreophilus ±terete, channelled in upper surface)"	22
19	"Leaf with 3 or more laciniae or apical lobes; lobes or laciniae linear to linear-ovate and not conspicuously broader near apex"	20
19	"Leaf with 2 or 3 segments, not further divided; segments spathulate, obovate or obovate-lanceolate"	21
20	"Apical lobes mostly 3 to 5, linear-ovate to linear; leaves 10–15 mm long; flowers bright pink; shrub with lignotuber, rarely more than 1 m tall"	"Adenanthos cacomorphus"
20	"Laciniae at least 6, linear; leaves c. 25–30 mm long; flowers dull crimson; shrub without lignotuber, to 2 m tall"	"Adenanthos x cunninghamii"
21	"Segments without emarginate apex, to 10 mm long; flowers dark crimson; ovary glabrous; bark warty"	"Adenanthos eyrei"
21	"Segments with emarginate apex, to 5 mm long; flowers cream and pale red or cream; ovary hirsute; bark not warty"	"Adenanthos forrestii"
22	"Most leaves with 5 or fewer laciniae"	23
22	"Most leaves with more than 5 laciniae"	27
23	"Mature leaves glabrous or often glabrescent with hairs persisting at the base; flowers pale pink, creamy green, cream or cream and green, or claret and cream, shortly hairy or villous"	24
23	"Leaves usually with persistent appressed straight hairs, often silvery; flowers scarlet or bright pink, rarely pale pink or cream, if pale pink or cream then with hairs conspicuous and white or yellow"	25
24	"Leaves to 20 mm long, with both curled and straight hairs; flowers pink and green, or creamy green; style c. 37 mm long"	"Adenanthos cygnorum"
24	"Leaves c. 15 mm long, with long hairs often persistent towards base and on petiole; flowers cream with claret base and dark claret apex; style to 33 mm long"	"Adenanthos labillardierei"
25	"Leaves c. 20 mm long; flowers scarlet"	"Adenanthos oreophilus"
25	"Leaves to 15 mm long; flowers bright pink (rarely cream or pale pink) with yellow or white hairs"	26
26	"Leaves sessile or almost so, to 15 mm long; shrub with lignotuber; perianth c. 27 mm long; ovary hirsute"	"Adenanthos flavidiflorus"
26	"Leaves distinctly petiolate, to 10 mm long; shrub without lignotuber; perianth c. 20 mm long; ovary glabrous"	"Adenanthos argyreus"
27	"Flowers not scarlet; leaves 20 mm long or less, not concealing flowers"	28
27	"Flowers scarlet, usually concealed by leaves; leaves 25–45 mm long"	"Adenanthos sericeus"
28	"Leaves with more than 12 laciniae; involucral bracts to 6 mm long; flowers to 21 mm long, cream and blue-black"	"Adenanthos filifolius"
28	"Leaves with 5 (–9) or 5–7 laciniae; involucral bracts less than 5 mm long; flowers 22–28 mm long, cream and claret, pink and green or creamy green"	29
29	"Leaves to 20 mm long, with 5–7 laciniae, with short curled and long straight hairs persistent near base; flowers pink and green or creamy green; style c. 37 mm long"	"Adenanthos cygnorum"
29	"Leaves c. 15 mm long, with 5 (–9) laciniae, with long hairs often persistent towards base; flowers cream with claret base and dark claret apex; style to 33 mm long"	"Adenanthos labillardierei"
30	"Leaves without marginal spines"	31
30	"Leaves with marginal spines"	"Adenanthos acanthophyllus"
31	"Leaves to 30 mm long, glabrescent, elliptic to obovate; flowers cream and orange-red"	"Adenanthos ellipticus"
31	"Leaves on mature plants 25 mm long or less, cuneate, fan-shaped or ±triangular; leaves glabrous, glabrescent or tomentose; flowers crimson, bright pink or cream and pale pink"	32
32	"Leaves with minute, scattered glands; flowers crimson"	33
32	"Leaves without scattered glands on lamina but lobes each with single apical gland; flowers pink or pink and cream"	34
33	"Shrub with a lignotuber; mature leaves silvery tomentose, to 20 mm long; style to 40 mm long, with long hairs above and shorter hairs near base; ovary glabrous"	"Adenanthos cuneatus"
33	"Shrub without a lignotuber; leaves on mature plants ±glabrescent, to 25 mm long; style c. 35 mm long, with long and short hairs above, short hairs only at base; ovary pubescent"	"Adenanthos stictus"
34	"Shrub to 2 m tall; leaves to 10 mm long, with 3 apical lobes, lobed to about 1/4 of length of leaf; flowers cream and pale pink"	"Adenanthos ileticos"
34	"Shrub rarely over 1 m tall; leaves 10–15 mm long, with 3–5 (–7) lobes incised to at least 1/2 of length of leaf; flowers bright pink"	"Adenanthos cacomorphus"
35	"Leaves linear-lanceolate or oblong-linear to elliptic, more than 30 mm long; flower bud with acute, upturned apex; involucral bracts conspicuously hirsute"	36
35	"Leaves elliptic or obovate to spathulate, usually less than 30 mm long; flower bud with obtuse apex, not upturned; involucral bracts glabrous or sparsely pubescent"	37
36	"Leaves with conspicuous, scattered, tuberculate glands; flowers yellow; shrub without lignotuber"	"Adenanthos detmoldii"
36	"Leaves without scattered glands but with a single apical gland; flowers red; shrub with lignotuber"	"Adenanthos barbiger"
37	"Flowers scarlet (very rarely orange); leaves without scattered glands but with a single apical gland"	"Adenanthos obovatus"
37	"Flowers bright orange or pale red; leaves with numerous scattered glands"	"Adenanthos ×pamela"
