from	statement	to
1	"Leaves linear in outline, thick, with a recurved apical point. Sepals acute and sometimes with a recurved apical point, not horned. Connective gland (before dehiscence) forming a lobe similar in size and shape to those of the 2 dark brown thecae"	"Oxymyrrhine gracilis"
1	"Leaves narrowly obovate to cordate, not very thick, often mucronate. Sepals horned or folded and horn-like. Connective gland (before dehiscence) not prominent and often not obvious, more flattened than the thecae."	2
2	"Leaves cordate, entire. Sepals prominently horned"	"Oxymyrrhine cordata"
2	"Leaves narrowly obovate to broadly elliptic, with denticulate to laciniate margins. Sepals not horned but folded and often horn-like"	3
3	"Leaves 1.8–2.7 mm long, with laciniate margins. Sepals folded flat, not constricted, with very laciniate margins. Filament of longest stamens 0.7–0.8 mm long. Mature style 1.3–1.4 mm long"	"Oxymyrrhine plicata"
3	"Leaves 3.5–6 mm long, with denticulate margins. Sepals constricted towards base, folded but not flat, serrulate or entire. Filament of longest stamens 0.3–0.5 mm long. Mature style 0.7–0.9 mm long"	"Oxymyrrhine coronata"
