from	statement	to
1	"Inflorescence of pedunculate, simple or compound heads surrounded by an involucre of bracts; calyx 10-14 mm long"	"Flemingia trifoliata"
1	"Inflorescence of racemes or panicles; calyx 3-8 mm long"	2
2	"Prostrate subshrub; leaves subsessile or with petioles to 1mm long; calyx 3-4 mm long"	"Flemingia trifoliastrum"
2	"Sprawling to erect herb or shrub; leaves with petioles 10-50 mm long; calyx 5-8 mm long"	3
3	"Leaflets silvery, the dense hairs hiding the sessile glands, veins strongly impressed above and raised below"	"Flemingia pauciflora"
3	"Leaflets not silvery, the hairs not hiding the sessile glands, veins not strongly impressed above although raised below"	4
4	"Glands orange, conspicuous; stipules 2.5-3 mm long; racemes usually arranged in panicles"	"Flemingia lineata"
4	"Glands black, inconspicuous; stipules 13-15 mm long; racemes spike-like, nor arranged in panicles"	"Flemingia parviflora"
