from	statement	to
1	"Stamens 4-12"	2
1	"Stamens 30 or more"	4
2	"Leaves oblong; perianth lobes green inside"	3
2	"Leaves linear, perianth lobes white or pink inside"	"Gunniopsis propinqua"
3	"Valves of capsule bifid; seeds white, brown on radicular edge"	"Gunniopsis septifraga"
3	"Valves of capsule simple; seeds light brown"	"Gunniopsis rubra"
4	"Capsule dehiscing septicidally and also partly loculicidally; valves bifid"	5
4	"Capsule dehiscing septicidally; valves simple"	"Gunniopsis divisa"
5	"Leaves terete, or flattened only near base"	"Gunniopsis quadrifida"
5	"Leaves flat"	6
6	"Leaves lanceolate; stems and leaves covered with peltate scales"	"Gunniopsis calcarea"
6	"Leaves spathulate, ovate or linear; if stems and leaves pubescent, trichomes not peltate scales"	7
7	"Plant with well-developed fleshy taproot; stems rarely branched; flowers solitary, terminal"	"Gunniopsis glabra"
7	"Plant without fleshy taproot, stems much-branched; flowers in cymes"	8
8	"Perianth yellow inside"	"Gunniopsis intermedia"
8	"Perianth white inside"	"Gunniopsis rodwayi"
