from	statement	to
1	"Aerial stem and branches present, erect, ascending or creeping; leaves axillary, often whorled; peduncles axillary"	2
1	"Aerial stem and branches absent or much reduced; leaves and peduncles radical or appearing so"	11
2	"Petals 14–30 mm long (occasionally < 14 mm long in O. incarnata), usually mauve, pink or purplish, yellow or green at base; bulbs (and sometimes bulbils) present; calli usually present on leaflets, bracts and sepals"	3
2	"Petals to c. 13 mm long, white or yellow; bulbs and bulbils absent; calli absent"	6
3	"Leaflets obcordate, bilobed with lobes 5–20 mm wide; bulbils formed on rhizome and in leaf axils; petals very pale lilac or pale pinkish-purple, greenish at base"	"Oxalis incarnata"
3	"Leaflets linear, oblong or cuneate, lobes 0.5–5 mm wide; bulbils when present formed on old bulb or rhizome; petals bright pink or purplish, yellow at base or white with prominent red-purple margin (appearing striped in convolute bud), very rarely rose-pink"	4
4	"Leaflets 3-foliolate, clearly emarginate or deeply bifurcate"	5
4	"Leaflets 5-foliate (sometimes the shorter outer leaves are 3-foliolate), leaflets not emarginate or only minutely emarginate"	"Oxalis polyphylla"
5	"Stems slender 0.4–0.8 mm wide; abaxial surface of leaflets with blister-like cells, the apex of leaflets with two minute apical calli; petals glabrous"	"Oxalis glabra"
5	"Stems 1–2.5 mm wide; abaxial surface of leaflets with calli absent or with calli all over the lamina, blister-like cells absent; petals hairy"	"Oxalis hirta"
6	"Hairs on stem and branches mostly antrorse (sometimes stems virtually glabrous in O. exilis); stipules conspicuous, not truncate (or sometimes truncate in O. exilis)"	7
6	"Hairs on stem and branches mostly spreading and/or retrorse; stipules either inconspicuous, or membranous and truncate"	10
7	"Seed ridges with distinctive white blotches and stripes; stems glabrescent"	8
7	"Seed ridges uniformly coloured; stems glabrescent to densely hairy"	9
8	"At least most inflorescences (2–)3–6-flowered, often umbel-like; fruits 10–13 mm long; plants not or only proximally rooting at nodes; stipules ca. 2 mm long; stems 1–1.3 mm wide"	"Oxalis corniculata"
8	"Inflorescence 1(–2)-flowered; fruits < 10.5 mm long; plants usually readily rooting at most nodes; stipules 1–1.2 long; stems 0.5–0.7 mm wide"	"Oxalis exilis"
9	"Fruit short and broad, 5–6.5 (–10) mm long, 2–3 mm diam., with simple hairs, occasionally with some patent septate hairs; apex tapering; inflorescence 1(–2)-flowered; stems creeping or ascending, often rooting at nodes"	"Oxalis exilis"
9	"Fruit moderately long, 8–30 mm long, 2.5–5 mm diam., septate hairs absent; apex abruptly narrowed; inflorescence (1–)2–3(–6)-flowered; stems ascending to erect, occasionally creeping, rarely rooting at nodes"	"Oxalis perennans"
10	"Stipules obvious, 2–3 mm long, truncate; taproot, if present (rarely), not stout and woody"	"Oxalis corniculata"
10	"Stipules inconspicuous, to 1 mm long, keeled; taproot stout and woody"	"Oxalis radicosa"
11	"Petals yellow or pale orange-fawn"	12
11	"Petals pale mauve, reddish, pink, purple, or white"	14
12	"Inflorescences (13–)30-flowered; rhizome white and fleshy"	13
12	"Inflorescences 1-flowered; rhizome brown and papery"	"Oxalis flava"
13	"Petioles cylindric in cross-section, without wings"	"Oxalis pes-caprae"
13	"Petioles dorsoventrally compressed and narrowly-winged"	"Oxalis compressa"
14	"Inflorescence 1-flowered"	15
14	"Inflorescence 3–30-flowered (if ever 1-flowered, then plants with bulb and or bulbils present)"	16
15	"Leaflets not hollow-dotted; sepals without calli"	"Oxalis purpurea"
15	"Leaflets hollow-dotted on both surfaces when dry; sepals with 2–4 apical calli; weeds of lawns and disturbed sites"	"Oxalis depressa"
16	"Leaflets with calli as dots at least around distal margins, usually evenly over surface or in a band along margins at base of notch or in the upper half of the lamina"	17
16	"Leaflets without calli"	18
17	"Abaxial surface of leaflets with calli at least around distal margins, usually evenly over surface"	"Oxalis debilis"
17	"Abaxial surface of leaflets with calli in lines along margins of notch or in a band along margin in the upper half of the lamina"	"Oxalis violacea"
18	"Bulbs several in a cluster; abaxial surface of leaflets with glandular-pilose"	"Oxalis bowiei"
18	"Bulb single; abaxial surface of leaflets glabrous or variously hairy, never with glandular hairs"	19
19	"Leaflets broad obdeltate"	"Oxalis caprina"
19	"Leaflets linear"	"Oxalis polyphylla"
