from	statement	to
1	"Leaves narrow with very revolute margins"	2
1	"Leaves not as above"	6
2	"Flowers axillary (in leafy racemes)"	3
2	"Flowers crowded in a short terminal raceme"	"Aotus phylicoides"
3	"Leaves narrow linear, scattered"	4
3	"Leaves lanceolate, in whorls of 3"	"Aotus genistoides"
4	"Ovary stipitate"	"Aotus procumbens"
4	"Ovary sessile"	5
5	"Branchlets soon glabrous, upper surface of leaf and midrib glabrous"	"Aotus gracillima"
5	"Branchlets persistently hairy; upper surface of leaf often sparsely hairy, midrib always hairy"	"Aotus intermedia"
6	"Leaves flat"	7
6	"Leaves folded lengthwise, densely silky-hairy"	12
7	"Leaves ovate-cordate, margins undulate"	"Aotus cordifolia"
7	"Leaves elliptic, oblong-elliptic to lanceolate"	8
8	"Diffuse  or prostrate shrub"	9
8	"Erect shrub"	11
9	"Bracts and bracteoles absent"	"Aotus lanea"
9	"Bracts or bracteoles present"	10
10	"Bracts present, bracteoles absent"	"Aotus sp. Diffusa (W.E. Blackall & C.A. Gardner 1739)"
10	"Bracts present, bracteoles present"	"Aotus prosacris"
11	"Style glabrous"	"Aotus tietkensii"
11	"Style hirsute"	"Aotus passerinoides"
12	"Leaves in whorls of 3, keeled below, densely silky-hairy"	"Aotus carinata"
12	"Leaves appressed, opposite and decussate, adaxial surface with dense hairs, abaxial surface glabrous or with medium density, white, appressed hairs"	"Aotus franklandii"
