id	name	url
9885	Angophora	
16468	"Angophora costata"	https://apps.lucidcentral.org/euclid/text/entities/angophora_costata_subsp._costata.htm
14959	"Angophora floribunda"	https://plantnet.rbgsyd.nsw.gov.au/cgi-bin/NSWfl.pl?page=nswfl&lvl=sp&name=Angophora~floribunda
16466	"Angophora leiocarpa"	
16471	"Angophora paludosa"	
16476	"Angophora robur"	
16474	"Angophora subvelutina"	
16472	"Angophora woodsiana"	
36272	"Corymbia gummifera"	
41210	"Corymbia intermedia"	
40863	"Corymbia trachyphloia"	
94985	Eucalypts	
5572	Eucalyptus	
95525	"Eucalyptus  acmenoides"	
95524	"Eucalyptus 'patentinervis'"	
22042	"Eucalyptus agglomerata"	
41402	"Eucalyptus amplifolia subsp. amplifolia"	
41403	"Eucalyptus amplifolia subsp. sessiliflora"	
42406	"Eucalyptus ancophila"	
42420	"Eucalyptus baileyana"	
42530	"Eucalyptus bancroftii"	
42546	"Eucalyptus biturbinata"	
42547	"Eucalyptus brunnea"	
42436	"Eucalyptus cameronii"	
42458	"Eucalyptus campanulata"	
42423	"Eucalyptus carnea"	
42417	"Eucalyptus crebra"	
42525	"Eucalyptus dorrigoensis"	
42556	"Eucalyptus dunnii"	
42432	"Eucalyptus eugenioides"	
42414	"Eucalyptus fibrosa"	
42409	"Eucalyptus fusiformis"	
42527	"Eucalyptus glaucina"	
22040	"Eucalyptus globoidea"	
14990	"Eucalyptus grandis"	
95520	"Eucalyptus henryi"	
42531	"Eucalyptus interstans"	
42472	"Eucalyptus largeana"	
42447	"Eucalyptus ligustrina"	
14989	"Eucalyptus maculata"	
42412	"Eucalyptus melanophloia"	
21966	"Eucalyptus melliodora"	
42512	"Eucalyptus microcodon"	
15010	"Eucalyptus microcorys"	
42462	"Eucalyptus moluccana"	
42553	"Eucalyptus nobilis"	
42477	"Eucalyptus notabilis"	
42415	"Eucalyptus ophitica"	
42467	"Eucalyptus oreades"	
15011	"Eucalyptus paniculata"	
15008	"Eucalyptus pilularis"	
42405	"Eucalyptus placita"	
42419	"Eucalyptus planchoniana"	
42545	"Eucalyptus propinqua"	
42425	"Eucalyptus psammitica"	
42454	"Eucalyptus pyrocarpa"	
42482	"Eucalyptus quadrangulata"	
40881	"Eucalyptus resinifera"	
14993	"Eucalyptus robusta"	
42452	"Eucalyptus rudderi"	
42451	"Eucalyptus rummeryi"	
14991	"Eucalyptus saligna"	
40883	"Eucalyptus scias"	
42532	"Eucalyptus seeana"	
42501	"Eucalyptus serpentinicola"	
42416	"Eucalyptus siderophloia"	
42520	"Eucalyptus signata"	
22013	"Eucalyptus tereticornis"	
95519	"Eucalyptus tessellaris"	
42408	"Eucalyptus tetrapleura"	
42428	"Eucalyptus tindaliae"	
42422	"Eucalyptus umbra"	
95159	"Group 1 - Redgums"	
95160	"Group 2 - Blue gums, White gums, Grey gums"	
95158	"Group 3 - Spotted gums, Scribbly gum and Miscellaneous species"	
95161	"Group 4 - Ironbarks"	
95163	"Group 5 - Bloodwoods"	
95164	"Group 6 - Boxes"	
95162	"Group 7 - Stringybarks, Mahoganies, Blackbutts and Tallowwoods"	
