from	statement	to
1	"Valves conspicuously exserted. Buds and fruits ± sessile."	"Eucalyptus quadrangulata"
1	"Valves not exserted; sometimes flush with the rim (or points slightly protruding in E. rummeryi). Buds and fruits pedicellate."	2
2	"Fruits exceeding 7 mm diameter, hemispherical to subglobose."	"Eucalyptus pilularis"
2	"Fruits 7 mm diameter or less."	3
3	"Fruits with 5-7 valves. Inflorescence simple."	"Eucalyptus melliodora"
3	"Fruits with 3-4 valves. Inflorescence compound."	4
4	"Fruits markedly longer than broad; 5-9 x 4-5 mm. Rough bark covering as little as half of the trunk, or up to the intermediate branches. Calyptra scar absent."	"Eucalyptus moluccana"
4	"Fruits about as long as broad; up to 5 x 5 mm. Rough bark extending to at least the main branches. Calyptra scar present."	5
5	"Valves ± flush with rim, or with the points exserted. Adult leaves dorsiventral."	"Eucalyptus rummeryi"
5	"Valves enclosed. Adult leaves isobilateral (or slightly dorsiventral in E. rudderi)."	6
6	"Calyptra short-conical to hemispherical; narrower than hypanthium at join. Peduncles 3-9 mm long. Stamens inflexed; staminodes present."	"Eucalyptus rudderi"
6	"Calyptra conical, about equal to hypanthium at join. Peduncles 9-15 mm long. Stamens variously flexed; staminodes absent."	"Eucalyptus largeana"
