from	statement	to
1	"Small trees of mallee habit, up to 6 m tall, with several smooth stems arising from a woody mass (lignotuber) at ground level."	2
1	"Larger trees of woodland or forest form."	4
2	"Smooth bark with conspicuous insect scribbles. Broadest leaves exceeding 2 cm wide."	"Eucalyptus signata"
2	"Bark with no conspicuous scribbles. Broadest leaves less than 2 cm  wide."	3
3	"Adult leaves narrow-lanceolate. Peduncles terete. In southern part of region only."	"Eucalyptus serpentinicola"
3	"Adult leaves lanceolate to broad-lanceolate. Peduncles flattened. Northern part of region only."	"Eucalyptus microcodon"
4	"Fruits papery or fragile, deforming under moderate pressure."	"Eucalyptus tessellaris"
4	"Mature fruits woody, not easily deformed."	5
5	"Inflorescence compound. Fruits 9-18 mm diameter, robust. Smooth white bark mottled or dimpled with pink or grey spots."	6
5	"Inflorescence a simple umbel. Fruits 4-9 mm diameter."	7
6	"Adult leaves 12-20 x 1-4 cm. Fruits 9-12 mm diameter."	"Eucalyptus maculata"
6	"Adult leaves 20-30 x 3-4 cm. Fruits up to 18 mm diameter."	"Eucalyptus henryi"
7	"Adult leaves paler on undersurface (dorsiventral)."	8
7	"Adult leaves similar on both surfaces (isobilateral)."	9
8	"Juvenile leaves broad-lanceolate. Valves narrow."	"Eucalyptus saligna"
8	"Juvenile leaves ovate to orbicular. Valves broad at base."	"Eucalyptus brunnea"
9	"Smooth bark with conspicuous insect scribbles. Inflorescence typically with 11 flowers or more."	"Eucalyptus signata"
9	"Smooth bark without conspicuous insect scribbles. Inflorescence typically 7-flowered."	10
10	"Fruits mostly 7-9 mm diameter. Disc conspicuous, about 2 mm wide."	"Eucalyptus oreades"
10	"Fruits 4-7 mm diameter. Disc narrow or inconspicuous, less than 1.5 mm wide."	11
11	"Fruits 4-5 mm diameter. Valves 4. Smooth bark white, short sock of rough bark."	"Eucalyptus dorrigoensis"
11	"Fruits 5-7 mm diameter. Valves 5-6. Smooth bark streaked with grey or yellow. Long stocking of yellow-brown fibrous-flaky bark on lower half of trunk."	"Eucalyptus melliodora"
