from	statement	to
1	"Fruits less than 11 mm diameter."	"Corymbia trachyphloia"
1	"Fruits more than 11 mm diameter."	2
2	"Fruits contracted at the summit, ovoid or weakly urn-shaped; often warty or scaly, sometimes white-spotted. Seeds conspicuously terminally winged. Small branches usually rough barked. Timber pink."	"Corymbia intermedia"
2	"Fruits urn-shaped; smooth and ± glossy. Seeds with an inconspicuous marginal wing. Small branches usually smooth barked. Timber red."	"Corymbia gummifera"
