from	statement	to
1	"Buds and fruits with 4 prominent longitudinal ribs; squarish in cross-section."	"Eucalyptus tetrapleura"
1	"Buds and fruits rounded in cross-section; not conspicuously 4- ribbed (but may have several fine ribs)."	2
2	"Adult leaves opposite. Leaves, twigs, buds and usually fruit all glaucous."	"Eucalyptus melanophloia"
2	"Adult leaves alternate. Leaves and twigs not glaucous. Buds and fruits sometimes sub-glaucous."	3
3	"Stamens all fertile, irregularly flexed; anthers dehiscing through lateral pores. Calyptra about as long as hypanthium or longer. Valves exserted, flush with rim or shallowly enclosed. Adult leaves isobilateral."	4
3	"Stamens regularly inflexed, the outer ones long and lacking anthers (staminodes present); anthers dehiscing through apical pores. Inner calyptra distinctly shorter and narrower than hypanthium. Valves deeply enclosed. Adult leaves isobilateral or dorsiventral."	7
4	"Juvenile leaves linear to narrow lanceolate. Valves flush with rim or enclosed. Fruits 4-6 mm diameter."	"Eucalyptus crebra"
4	"Juvenile leaves broad-lanceolate to rounded. Valves flush with rim or exserted. Fruits 5-10 mm diameter."	5
5	"Buds 10-20 mm long; the calyptra long-conical or horn-shaped, longer than the hypanthium. Adult leaves 2.5-5 cm wide."	"Eucalyptus fibrosa"
5	"Buds up to 10 mm long; the calyptra hemispherical or conical, about as long as the hypanthium. Adult leaves 1-3 cm wide."	6
6	"Buds 8-10 mm long, calyptra hemispherical, slightly wider than the hypanthium. Disc domed or ascending. Valves prominently exserted, broad, the points often outcurved."	"Eucalyptus ophitica"
6	"Buds 5-7 mm long; calyptra conical or beaked, slightly narrower than the hypanthium. Disc descending. Valves flush with rim or slightly exserted, narrow triangular, the points erect or incurved."	"Eucalyptus siderophloia"
7	"Adult leaves moderately to prominently dorsiventral."	8
7	"Adult leaves isobilateral or almost so."	9
8	"Longest peduncles exceeding 12 mm long; adult leaves glossy dark green."	"Eucalyptus paniculata"
8	"Longest peduncles less than 12 mm long; adult leaves glossy light green."	"Eucalyptus placita"
9	"Longest petioles exceeding 20 mm. Adult leaves large, up to 20 x 4.5 cm."	"Eucalyptus ancophila"
9	"Longest petiole less than 20 mm. Adult leaves up to 15 x 3 cm."	10
10	"Buds 4-8 mm long. Fruits hemispherical or shortly tapered."	"Eucalyptus placita"
10	"Buds 8-11 mm long. Fruits fusiform or long tapered."	"Eucalyptus fusiformis"
