from	statement	to
1	"Bark on trunk all or mostly smooth; shed annually.  'Gums'."	2
1	"Bark rough and persistent; extending at least halfway up the trunk: 'Roughbarks' and 'half barks'."	4
2	"Valves of fruits exserted."	3
2	"Valves of fruits enclosed or flush with the disc; not exserted."	"Group 3 - Spotted gums, Scribbly gum and Miscellaneous species"
3	"Calyptra 1 and half to 4 times as long as hypanthium. Bark typically white, 	smooth and sometimes glossy, with orange-brown blotches or streaks.  Adult leaves isobilateral."	"Group 1 - Redgums"
3	"Calyptra about as long as hypanthium, or less. Bark white to creamy-yellow, often with bluish, greenish, cream-brown or grey streaks or blotches. Adult leaves isobilateral or dorsiventral."	"Group 2 - Blue gums, White gums, Grey gums"
4	"Bark pale grey to black; thick, tough and very hard; deeply fissured; difficult to remove from trunk; often impregnated with abundant kino."	"Group 4 - Ironbarks"
4	"Bark grey or brown, rarely black; not noticeably thick; soft to firm but not hard; flaky, scaly, fibrous or stringy with shallow to medium fissures; not difficult to remove from trunk; kino absent or present in modest amounts."	5
5	"Bark flaky, scaly or shortly-fibrous, usually forming a tessellated pattern."	6
5	"Bark stringy, fibrous, or long fibrous-flaky; not noticeably tessellated."	"Group 7 - Stringybarks, Mahoganies, Blackbutts and Tallowwoods"
6	"Bark corky-flaky to scaly; brown; persistent to the smallest branches. Fruits ~10 mm diameter (except E. trachyphloia). Leaves dorsiventral. Inflorescence compound."	"Group 5 - Bloodwoods"
6	"Bark shortly fibrous-flaky; grey or brown; persistence variable. Fruits < 10 mm diameter.  Leaves isobilateral (except E. rummeryi). Inflorescence simple or compound."	"Group 6 - Boxes"
