from	statement	to
1	"Fruits large, 16-25 mm diameter, with numerous prominent longitudinal ribs."	"Eucalyptus planchoniana"
1	"Fruits less than 16 mm diameter, longitudinal ribs absent or inconspicuous."	2
2	"Bark stringy, pulling away in bundles of long fibres. Seedlings and suckers with stellate hairs on stems, leaf under-surfaces or margins."	3
2	"Bark fibrous or sub-stringy; pulling away in short to long ribbons. Hairs on seedlings and/or sucker shoots either simple or absent, not stellate."	9
3	"Fruits 9-15 mm diameter, the rim distinctly 4-lobed."	"Eucalyptus baileyana"
3	"Fruits up to 11 mm diameter, the rim not lobed."	4
4	"Disc bright red when fresh. Adult leaves noticeably thick. Buds and fruits mostly sessile."	"Eucalyptus tindaliae"
4	"Disc not bright red when fresh. Adult leaves not noticeably thick. Buds and fruits either sessile or pedicellate."	5
5	"Fruits up to 6 mm diameter; (rarely 7); disc narrow, descending or flat. Buds 2-3 mm diameter."	6
5	"Fruits larger, mostly exceeding 6 mm diameter; disc broad, ± flat or convex. Buds 3-4 mm diameter."	7
6	"Juvenile leaves 2-6 x 2-4 cm; the margins denticulate. Peduncles 5-10 mm long."	"Eucalyptus cameronii"
6	"Juvenile leaves very small, 1-3 x 0.5-2 cm, the margins entire or almost so. Peduncles up to 6 mm long."	"Eucalyptus ligustrina"
7	"Adult leaves thin; prominently or slightly dorsiventral. Buds and fruits pedicellate (or occasionally ± sessile in northern populations)."	"Eucalyptus eugenioides"
7	"Adult leaves not thin; mostly isobilateral. Buds and fruits ± sessile, crowded."	8
8	"Adult leaves distinctly bluish or blue-grey when fresh. Buds 2.5-3 times as long as broad."	"Eucalyptus agglomerata"
8	"Adult leaves all green. Buds about twice as long as broad."	"Eucalyptus globoidea"
9	"Fruits prominently cylindrical, the valves joined across the orifice forming a '+' sign."	"Eucalyptus robusta"
9	"Fruits and valves otherwise."	10
10	"Valves strongly exserted. Calyptra mostly longer than hypanthium, or equal to it."	11
10	"Valves ± flush with rim or enclosed. Calyptra as long as hypanthium, or shorter."	14
11	"Fruits 10-12 mm long x 10-16 mm diameter; peduncles very broadly flattened."	"Eucalyptus scias"
11	"Fruits 10 mm diameter or less. Peduncles angular or narrowly flattened."	12
12	"Fruits campanulate. Adult leaves ± isobilateral."	"Eucalyptus 'patentinervis'"
12	"Fruits hemispherical to conical. Adult leaves strongly dorsiventral."	13
13	"Calyptra longer than hypanthium. Fruits 6-8 mm diameter."	"Eucalyptus resinifera"
13	"Calyptra about as long as hypanthium. Fruits 8-10 mm diameter."	"Eucalyptus notabilis"
14	"Fruits distinctly longer than wide, tapering into the pedicels."	15
14	"Fruits about as long as wide, or less; not tapering gradually to the pedicels."	16
15	"Valves routinely 3. Calyptras bearing prominent sutures (fine ribs). Leaves dorsiventral."	"Eucalyptus microcorys"
15	"Valves 4-5. No prominent sutures visible on calyptras. Leaves isobilateral."	"Eucalyptus campanulata"
16	"Rough bark persistent on the lower half of the trunk or up to the main branches (i.e. 'half bark')."	17
16	"Rough bark persistent throughout."	18
17	"Young stems and lower part of buds and fruits glaucous. Fruits large; up to 16 mm diameter."	"Eucalyptus pyrocarpa"
17	"Stems, buds and fruits not glaucous. Fruits up to 12 mm diameter."	"Eucalyptus pilularis"
18	"Adult leaves distinctly dorsiventral."	19
18	"Adult leaves ± isobilateral."	20
19	"Fruits 4-7 mm diameter. Early juvenile leaves stem-clasping. Adult leaves noticeably thin."	"Eucalyptus  acmenoides"
19	"Fruits up to 10 mm diameter. Juvenile leaves petiolate. Adult leaves not noticeably thin."	"Eucalyptus notabilis"
20	"Adult leaves bluish. Fruits 4-8 mm diameter."	"Eucalyptus carnea"
20	"Adult leaves green. Fruits 7-9 mm diameter."	21
21	"Juvenile leaves ovate. Peduncles 15-25 mm long. Disc narrow."	"Eucalyptus umbra"
21	"Juvenile leaves broad-lanceolate. Peduncles 12-18 mm long. Disc broad."	"Eucalyptus psammitica"
