from	statement	to
1	"Adult leaves paler on the undersurface - (dorsiventral)."	2
1	"Adult leaves similar on both surfaces - (isobilateral)."	6
2	"Bark granular, with dark grey matt blotches. No rough bark."	3
2	"Bark smooth, evenly coloured or with greenish or bluish or creamy-brown streaks. Short stocking of rough bark typically persistent at base of trunk."	4
3	"Fruits 3-5 mm diameter. Disc ± flat or weakly domed."	"Eucalyptus propinqua"
3	"Fruits 5-9 mm diameter. Disc ascending."	"Eucalyptus biturbinata"
4	"Valves incurved; twigs, buds and young fruits, mostly glaucous."	"Eucalyptus grandis"
4	"Valves almost erect or outcurved; twigs, buds and fruits not glaucous."	5
5	"Juvenile leaves broad-lanceolate. Valves narrow, often strongly outcurved."	"Eucalyptus saligna"
5	"Juvenile leaves ovate to orbicular. Valves barely exserted; broad triangular, ± erect."	"Eucalyptus brunnea"
6	"Buds and twigs strongly glaucous; calyptra  much longer than hypanthium."	"Eucalyptus glaucina"
6	"Buds and twigs not glaucous or slightly glaucous; calyptra about as long as hypanthium."	7
7	"Juvenile leaves strongly glaucous. Disc narrow, flat to slightly convex. Fruits 3-5 mm diameter."	"Eucalyptus dorrigoensis"
7	"Juvenile leaves not strongly glaucous. Disc prominent, sometimes broad, flat to ascending. Fruits 5-8 mm diameter."	8
8	"Juvenile leaves ovate, orbicular or cordate. Disc flat to slightly ascending."	"Eucalyptus dunnii"
8	"Juvenile leaves lanceolate to broad-lanceolate. Disc domed or ascending."	"Eucalyptus nobilis"
