from	statement	to
1	"Bark smooth throughout; pink-grey to reddish; shed annually."	2
1	"Bark rough, flaky or fibrous, grey to brown; persisting to the smallest branches."	3
2	"Fruits up to 11 mm diameter; longitudinal ribs absent or inconspicuous.  Leaves rarely exceeding 2 cm wide."	"Angophora leiocarpa"
2	"Fruits exceeding 11 mm diameter (rarely less); longitudinal ribs prominent. Leaves routinely exceeding 2 cm wide."	"Angophora costata"
3	"Adult leaves mostly cordate at base, pubescent below; petioles less than 3mm long or absent."	4
3	"Adult leaves not cordate at the base, often falcate, not pubescent below; petioles exceeding 2mm long."	5
4	"Fruits up to 11 mm diameter. Adult leaves up to 10 cm long."	"Angophora subvelutina"
4	"Fruits 12 mm diameter or larger. Adult leaves up to 18 cm long"	"Angophora robur"
5	"Fruits exceeding 10 mm diameter, blackish, with only primary longitudinal ribs prominent; pedicels 12-24 mm long."	"Angophora woodsiana"
5	"Fruits 10 mm diameter or less, grey to brown, with primary and secondary longitudinal ribs prominent; pedicels 2-13 mm long."	6
6	"Leaves 1.5-3.5 cm wide; petioles 6-12 mm long."	"Angophora floribunda"
6	"Leaves 0.8 - 1.5 cm wide; petioles 3-8 mm long."	"Angophora paludosa"
