from	statement	to
1	"Disc ascending almost vertically, ± annular, not smoothly grading to the valves."	2
1	"Disc ascending, incurved; often smoothly grading to the valves, the fruit and valves thus appearing ± ovoid or globose."	4
2	"Calyptra long-cylindrical, sometimes constricted near middle, terminating in a rounded or beaked dome."	"Eucalyptus bancroftii"
2	"Calyptra ± conical."	3
3	"Juvenile leaves narrow, pendulous; mostly < 1.2 cm wide. Largest fruit up to 7 mm diameter.  Shortest peduncle < 9 mm long."	"Eucalyptus seeana"
3	"Juvenile leaves broad-lanceolate to ovate, mostly 1.2-4 cm wide. Largest fruit up to 9 mm diameter.  Shortest peduncle > 9 mm long."	"Eucalyptus interstans"
4	"Buds, twigs and juvenile leaves glaucous. Fruits 7-10 x 7-10 mm."	"Eucalyptus glaucina"
4	"Buds and twigs not glaucous. Fruits 4-6 x 4-8 mm."	5
5	"Umbels 7- to rarely 11-flowered.  Juvenile leaves glossy- green; broad lanceolate to ovate, mostly < 6cm wide."	"Eucalyptus tereticornis"
5	"Umbels 11-20-flowered. Juvenile leaves dull green; ovate to orbicular, 5-12 cm wide."	6
6	"Buds and fruits pedicellate."	"Eucalyptus amplifolia subsp. amplifolia"
6	"Buds and fruits consistently sessile."	"Eucalyptus amplifolia subsp. sessiliflora"
