id	created_at	updated_at	title	author	description	item	spatial	remarks	source_id	created_by	updated_by	key_file
13122	"2023-08-14 07:04:41"	"2023-09-27 21:26:04"	"Key to the species of Angophora"			Angophora	"New South Wales"			andrew.thornhill@gmail.com	andrew.thornhill@gmail.com	key-13122-key-to-the-species-of-angophora.tsv
13166	"2023-09-27 20:48:46"	"2023-09-27 10:48:46"	"Key to the eucalypt genera"			Eucalypts	"New South Wales"			andrew.thornhill@gmail.com	niels.klazenga@rbg.vic.gov.au	key-13166-key-to-the-eucalypt-genera.tsv
13167	"2023-09-27 21:13:26"	"2023-09-27 11:13:26"	"Key to the groups of Eucalyptus"			Eucalyptus	"New South Wales"			andrew.thornhill@gmail.com	niels.klazenga@rbg.vic.gov.au	key-13167-key-to-the-groups-of-eucalyptus.tsv
13168	"2023-10-04 13:31:14"	"2023-10-06 01:12:42"	"Group 1 - Redgums"			"Group 1 - Redgums"	"New South Wales"			andrew.thornhill@gmail.com	niels.klazenga@rbg.vic.gov.au	key-13168-group-1-redgums.tsv
13179	"2023-10-11 13:35:37"	"2023-10-11 02:35:39"	"Group 2 - Blue gums, White gums, Grey gums"			"Group 2 - Blue gums, White gums, Grey gums"	"New South Wales"			andrew.thornhill@gmail.com	niels.klazenga@rbg.vic.gov.au	key-13179-group-2-blue-gums-white-gums-grey-gums.tsv
13180	"2023-10-11 13:41:16"	"2023-10-11 02:41:17"	"Group 3 - Spotted gums, Scribbly gum and Miscellaneous species"			"Group 3 - Spotted gums, Scribbly gum and Miscellaneous species"	"New South Wales"			andrew.thornhill@gmail.com	niels.klazenga@rbg.vic.gov.au	key-13180-group-3-spotted-gums-scribbly-gum-and-miscellaneous-species.tsv
13181	"2023-10-11 13:42:08"	"2023-10-11 02:42:09"	"Group 4 - Ironbarks"			"Group 4 - Ironbarks"	"New South Wales"			andrew.thornhill@gmail.com	niels.klazenga@rbg.vic.gov.au	key-13181-group-4-ironbarks.tsv
13185	"2023-10-17 16:28:06"	"2023-10-17 05:29:32"	"Group 5 - Bloodwoods"			"Group 5 - Bloodwoods"	"New South Wales"			andrew.thornhill@gmail.com	niels.klazenga@rbg.vic.gov.au	key-13185-group-5-bloodwoods.tsv
13186	"2023-10-17 16:30:26"	"2023-10-17 05:30:27"	"Group 6 - Boxes"			"Group 6 - Boxes"	"New South Wales"			andrew.thornhill@gmail.com	niels.klazenga@rbg.vic.gov.au	key-13186-group-6-boxes.tsv
13187	"2023-10-17 16:31:24"	"2023-10-17 05:31:26"	"Group 7 - Stringybarks, Mahoganies, Blackbutts and Tallowwoods"			"Group 7 - Stringybarks, Mahoganies, Blackbutts and Tallowwoods"	"New South Wales"			andrew.thornhill@gmail.com	niels.klazenga@rbg.vic.gov.au	key-13187-group-7-stringybarks-mahoganies-blackbutts-and-tallowwoods.tsv
