id	name	url
3229	Arundinella	
64970	"Arundinella berteroniana"	https://openherbarium.org/taxa/index.php?taxon=Arundinella%20berteroniana
64969	"Arundinella deppeana"	https://openherbarium.org/taxa/index.php?taxon=Arundinella%20deppeana
64968	"Arundinella hispida"	https://openherbarium.org/taxa/index.php?taxon=Arundinella%20hispida
3294	Digitaria	
13837	"Digitaria abyssinica"	https://openherbarium.org/taxa/index.php?taxon=Digitaria%20abyssinica
59919	"Digitaria arenicola"	https://openherbarium.org/taxa/index.php?taxon=Digitaria%20arenicola
64973	"Digitaria argillacea"	https://openherbarium.org/taxa/index.php?taxon=Digitaria%20argillacea
64971	"Digitaria badia"	https://openherbarium.org/taxa/index.php?taxon=Digitaria%20badia
59926	"Digitaria bakeri"	https://openherbarium.org/taxa/index.php?taxon=Digitaria%20bakeri
13819	"Digitaria bicornis"	https://openherbarium.org/taxa/index.php?taxon=Digitaria%20bicornis
64975	"Digitaria breedlovei"	https://openherbarium.org/taxa/index.php?taxon=Digitaria%20breedlovei
26661	"Digitaria californica"	https://openherbarium.org/taxa/index.php?taxon=Digitaria%20californica
13826	"Digitaria ciliaris"	https://openherbarium.org/taxa/index.php?taxon=Digitaria%20ciliaris
64979	"Digitaria clarkiae"	https://openherbarium.org/taxa/index.php?taxon=Digitaria%20clarkiae
64980	"Digitaria costaricensis"	https://openherbarium.org/taxa/index.php?taxon=Digitaria%20costaricensis
64976	"Digitaria curtigluma"	https://openherbarium.org/taxa/index.php?taxon=Digitaria%20curtigluma
13828	"Digitaria eriantha"	https://openherbarium.org/taxa/index.php?taxon=Digitaria%20eriantha
63748	"Digitaria filiformis var. filiformis"	https://openherbarium.org/taxa/index.php?taxon=Digitaria%20filiformis%20var.%20filiformis
63746	"Digitaria filiformis var. laeviglumis"	https://openherbarium.org/taxa/index.php?taxon=Digitaria%20filiformis%20var.%20laeviglumis
59928	"Digitaria hitchcockii"	https://openherbarium.org/taxa/index.php?taxon=Digitaria%20hitchcockii
59934	"Digitaria horizontalis"	https://openherbarium.org/taxa/index.php?taxon=Digitaria%20horizontalis
59930	"Digitaria insularis"	https://openherbarium.org/taxa/index.php?taxon=Digitaria%20insularis
64982	"Digitaria leucites"	https://openherbarium.org/taxa/index.php?taxon=Digitaria%20leucites
59925	"Digitaria leucocoma"	https://openherbarium.org/taxa/index.php?taxon=Digitaria%20leucocoma
64983	"Digitaria michoacanensis"	https://openherbarium.org/taxa/index.php?taxon=Digitaria%20michoacanensis
13827	"Digitaria milanjiana"	https://openherbarium.org/taxa/index.php?taxon=Digitaria%20milanjiana
64978	"Digitaria obtusa"	https://openherbarium.org/taxa/index.php?taxon=Digitaria%20obtusa
64977	"Digitaria panicea"	https://openherbarium.org/taxa/index.php?taxon=Digitaria%20panicea
64974	"Digitaria paniculata"	https://openherbarium.org/taxa/index.php?taxon=Digitaria%20paniculata
59929	"Digitaria patens"	https://openherbarium.org/taxa/index.php?taxon=Digitaria%20patens
59921	"Digitaria pubiflora"	https://openherbarium.org/taxa/index.php?taxon=Digitaria%20pubiflora
13830	"Digitaria sanguinalis"	https://openherbarium.org/taxa/index.php?taxon=Digitaria%20sanguinalis
64981	"Digitaria sellowii"	https://openherbarium.org/taxa/index.php?taxon=Digitaria%20sellowii
13829	"Digitaria setigera"	https://openherbarium.org/taxa/index.php?taxon=Digitaria%20setigera
13815	"Digitaria ternata"	https://openherbarium.org/taxa/index.php?taxon=Digitaria%20ternata
59931	"Digitaria texana"	https://openherbarium.org/taxa/index.php?taxon=Digitaria%20texana
13847	"Digitaria velutina"	https://openherbarium.org/taxa/index.php?taxon=Digitaria%20velutina
13818	"Digitaria violascens"	https://openherbarium.org/taxa/index.php?taxon=Digitaria%20violascens
