from	statement	to
1	"Espiguillas en grupos de 3 ó más, al menos en la mitad de la rama primaria"	2
1	"Espiguillas pareada o solitarias"	16
2	"Lema estéril y segunda gluma glabras"	3
2	"Lema estéril y segunda gluma pilosas, o al menos una de ellas con algunos pelos en el ápice o en los márgenes"	4
3	"Plantas anuales; espiguillas 1.6–2 mm largo"	"Digitaria filiformis var. laeviglumis"
3	"Plantas perennis; espiguillas 2.3–2.4 mm largo"	"Digitaria bakeri"
4	"Pelos de las brácteas de las espiguillas color café"	5
4	"Pelos de las brácteas de las espiguillas blancos o amarillentos"	6
5	"Espiguillas 2.3–2.6 mm largo, 1–1.1 mm ancho; primera gluma glabra; lema estéril 7-nervada; anteras 1–1.1 mm largo"	"Digitaria badia"
5	"Espiguillas 2.6–2.7 mm largo, 1.3–1.4 mm ancho; primera gluma pilosa; lema estéril 5-nervada; anteras 1.3–1.4 mm largo"	"Digitaria michoacanensis"
6	"Rachis de las ramas primarias alado; pelos de las brácteas de las espiguillas con paredes verrucosas"	"Digitaria violascens"
6	"Rachis de las ramas primarias triquetro o triangular; pelos de las brácteas de las espiguillas con las paredes lisas"	7
7	"Pelos de la lema estéril de dos tipos, el primero amarillos a dorados, vidriosos, setáceos con el ápice agudo, hasta 0.8 mm largo, mezclados con un segundo tipo los cuales son más cortos, blanquecinos, más delicados con el ápice bulboso"	"Digitaria argillacea"
7	"Lema estéril with un solo tipo de pelos con el ápice bulboso"	8
8	"Segunda gluma y lema estéril 7-nervada"	"Digitaria paniculata"
8	"Segunda gluma 0–3-nervada; lema estéril 5–7-nervada"	9
9	"Segunda gluma hasta 0.5 mm largo, menos de la mitad del largo de la espiguilla, 0-nervada"	10
9	"Segunda gluma 0.5–0.8 mm largo, más de la mitad del largo de las espiguillas, si menos, entonces 3-nervada"	11
10	"Espiguillas 1.3–1.5 mm largo; plantas anuales; anteras ca. 0.5 mm largo"	"Digitaria breedlovei"
10	"Espiguillas 1.8–2.7 mm largo; plantas perennes; anteras 1.3–1.5 mm largo........D. curtigluma"	"Digitaria curtigluma"
11	"Segunda gluma la mitad de largo de las espiguillas, con algunos pelos hacia el ápice; plantas perennes; lemma estéril 7-nervada"	"Digitaria bakeri"
11	"Segunda gluma más de la mitad del largo a tan larga como la espiguilla, pilosa; plantas anuales o perennes; lemas estériles 5–7-nervada"	12
12	"Lema fértil 1.4–1.9 mm largo; anteras 0.3–0.5 mm largo; plantas anuales"	13
12	"Lema fértil 1.9–2.5 mm largo; anteras 0.8-1.1 mm largo; plantas anuales o perennes"	14
13	"Espiguillas normalmente más largas de 1.5 mm y delgadas, pelos de la segunda y lema estéril largos; con numerosos racimos"	"Digitaria filiformis var. filiformis"
13	"Espiguillas hasta 1.5 mm de largo, más anchas, pelos de la segunda gluma y lema estéril muy cortos; racimos 1–3 (probablemente sea la misma especie que la anterior)"	"Digitaria panicea"
14	"Plantas anuales; espiguillas elípticas, con la base y ápice redondos"	"Digitaria ternata"
14	"Plantas perennes; espiguillas ovado-lanceoladas, con la base y ápice angostado a atenuado"	15
15	"Lígula 0.6–0.8 mm largo; láminas hasta 9(–13) cm largo; plantas geniculadas en la base"	"Digitaria obtusa"
15	"Lígula 1.3–2.6 mm largo; láminas 15–25 cm largo; plantas erectas"	"Digitaria leucocoma"
16	"Espiguillas con pedicelos muy largos formando una sinflorescencia en panícula abierta, ramas primarias verticiladas, subverticiladas o a lo largo del eje principal"	17
16	"Espiguillas con pedicelos muy cortos, aparentemente formando ramas racemosas, ramas primarias digitadas, verticiladas o a lo largo del eje principal"	34
17	"Nervaduras de las lemas estériles desigualmente espaciadas, espacios entre las venas centrales glabros; plantas anuales o perennes de vida corta"	"Digitaria clarkiae"
17	"Nervaduras de la lemma igualmente espaciadas, espacios entre todas las venas pilosos; plantas perennes con bases nodosas"	18
18	"Espiguillas del par dimórficas"	"Digitaria bicornis"
18	"Espiguillas del par homomórficas"	19
19	"Nervaduras de la lema estéril igualmente espaciadas"	20
19	"Nervaduras centrales de la lema estéril evidentemente distantes entre ellas, dejando espacios más anchos que los espacios entre las nervaduras laterales"	23
20	"Primera gluma una pestaña diminuta, menos de 0.3 mm largo o ausente, truncada; espiguillas 1.5–4 mm largo; lema estéril 7–9-nervada"	21
20	"Primera gluma triangular u ovada, 0.3–1 mm largo; espiguillas 2.5–5 mm largo; lema estéril 5-nervada"	22
21	"Espiguillas 1.5–2 mm largo; segunda gluma 3-nervada; ramas primarias de la sinflorescencia comúnmente ramificadas"	"Digitaria velutina"
21	"Espiguillas 3.5–4 mm largo; segunda gluma 5–7-nervada; ramas primarias de la sinflorescencia no ramificadas"	"Digitaria costaricensis"
22	"Espiguillas 4–5 mm largo; espacios entre las nervaduras centrales glabros, espacios de las nervaduras laterales pilosos; pelos de la lema estéril hasta 2 mm largo, generalmente amarillos, a veces blanquecinos"	"Digitaria sellowii"
22	"Espiguillas 2.5–3.1 mm largo; todos los espacios entre las nervaduras pilosos; pelos de la lema estéril hasta 1 mm largo, blancos a púrpuras"	"Digitaria hitchcockii"
23	"Nervaduras central o laterals escabrosas o escabriúsculas"	24
23	"Nervaduras de la lema estéril glabras"	26
24	"Espacios entre las nervaduras de la lema estéril glabros; nervadura central glabra, sólo las laterales escabriúsculas arriba de la mitad; plantas anuales"	"Digitaria sanguinalis"
24	"Espacios de las nervaduras laterals pilosus; nervadura central escabrosa o escabriúscula desde la base hasta el ápice o solamente arriba de la mitad, a veces solo unos pocos aguijones hacia el ápice vistos con alta magnificación; plantas perennes"	25
25	"Ápice de la lígula lisa; ramas primarias verticiladas o a lo largo del eje principal"	"Digitaria milanjiana"
25	"Ápice de la ligula ciliolado; ramas primarias verticiladas en un eje corto"	"Digitaria eriantha"
26	"Pelos de la lema estéril 1.5–6 mm largo"	27
26	"Pelos de la lema estéril hasta 1 mm largo"	29
27	"Espacios entre la nervadura central y laterales todos pilsos, los pelos sedosos, amarillos a blancos"	"Digitaria insularis"
27	"Espacios entre la nervadura central y laterales proximales glabros, los espacios entre las nervaduras laterales pilosos, los pelos sedosos, blancos a púrpuras"	28
28	"Lema fértil elíptico-lanceolada, ligeramente inflada; lema estéril 5-nervada"	"Digitaria patens"
28	"Lema fértil ovado-lanceolada, ligeramente aplanada; lema estéril 5–7-nervada"	"Digitaria californica"
29	"Espacios entre las nervaduras de la lema estéril glabra o con pelos diminutos y esparcidos en los márgenes"	"Digitaria abyssinica"
29	"Espacios entre las nervaduras de la lema estéril pilosos hacia los lados y márgenes"	30
30	"Segunda gluma casi tan larga como la espiguilla"	31
30	"Segunda gluma hasta 1/3 tan larga como la espiguilla"	32
31	"Pelos de la lema estéril 0.5–0.6 mm largo"	"Digitaria leucites"
31	"Pelos de la lema estéril 0.1–0.3 mm largo"	"Digitaria texana"
32	"Raquis de las ramas primarias con pocos pelos largos, generalmente en la mitad inferior"	"Digitaria horizontalis"
32	"Raquis de las ramas primarias sin pelos largos"	33
33	"Primera gluma triangular a ovada, 0.2–0.8 mm largo; pelos de la lema estéril 0.5–1 mm largo; segunda gluma (1.2–)1.5–2.7 mm largo"	"Digitaria ciliaris"
33	"Primera gluma ausente o una pestaña truncada hasta 0.1 mm largo; pelos de la lema estéril 0.1–0.2 mm largo; segunda gluma 0.5–1.3 mm largo"	"Digitaria setigera"
34	"Espiguillas 2.3–3.3 mm largo; segunda gluma 3-nervada"	"Digitaria pubiflora"
34	"Espiguillas 3.5–4.6 mm largo; segunda gluma 5–7-nervada"	"Digitaria arenicola"
