id	name	url
25303	Acaulon	http://ucjeps.berkeley.edu/cgi-bin/get_moss_gk.pl?genus=Acaulon
25620	"Acaulon rufescens"	http://ucjeps.berkeley.edu/cgi-bin/get_moss_treatment.pl?taxon=Acaulon%20rufescens
25619	"Acaulon triquetrum"	http://ucjeps.berkeley.edu/cgi-bin/get_moss_treatment.pl?taxon=Acaulon%20triquetrum
25291	Aloina	http://ucjeps.berkeley.edu/cgi-bin/get_moss_gk.pl?genus=Aloina
25623	"Aloina ambigua"	http://ucjeps.berkeley.edu/cgi-bin/get_moss_treatment.pl?taxon=Aloina%20ambigua
25621	"Aloina bifrons"	http://ucjeps.berkeley.edu/cgi-bin/get_moss_treatment.pl?taxon=Aloina%20bifrons
25624	"Aloina rigida"	http://ucjeps.berkeley.edu/cgi-bin/get_moss_treatment.pl?taxon=Aloina%20rigida
25622	"Aloina roseae"	http://ucjeps.berkeley.edu/cgi-bin/get_moss_treatment.pl?taxon=Aloina%20roseae
25656	"Alsia californica"	http://ucjeps.berkeley.edu/cgi-bin/get_moss_treatment.pl?taxon=Alsia%20californica
25305	Amblystegium	http://ucjeps.berkeley.edu/cgi-bin/get_moss_gk.pl?genus=Amblystegium
25634	"Amblystegium juratzkanum"	http://ucjeps.berkeley.edu/cgi-bin/get_moss_treatment.pl?taxon=Amblystegium%20juratzkanum
25633	"Amblystegium serpens"	http://ucjeps.berkeley.edu/cgi-bin/get_moss_treatment.pl?taxon=Amblystegium%20serpens
25629	"Amblystegium varium"	http://ucjeps.berkeley.edu/cgi-bin/get_moss_treatment.pl?taxon=Amblystegium%20varium
25320	Amphidium	http://ucjeps.berkeley.edu/cgi-bin/get_moss_gk.pl?genus=Amphidium
25637	"Amphidium californicum"	http://ucjeps.berkeley.edu/cgi-bin/get_moss_treatment.pl?taxon=Amphidium%20californicum
25638	"Amphidium lapponicum"	http://ucjeps.berkeley.edu/cgi-bin/get_moss_treatment.pl?taxon=Amphidium%20lapponicum
25639	"Amphidium mougeotii"	http://ucjeps.berkeley.edu/cgi-bin/get_moss_treatment.pl?taxon=Amphidium%20mougeotii
25807	"Amphidium: various species"	http://ucjeps.berkeley.edu/cgi-bin/get_moss_treatment.pl?taxon=Amphidium:%20various%20species
25317	Anacolia	http://ucjeps.berkeley.edu/cgi-bin/get_moss_gk.pl?genus=Anacolia
25646	"Anacolia baueri"	http://ucjeps.berkeley.edu/cgi-bin/get_moss_treatment.pl?taxon=Anacolia%20baueri
25645	"Anacolia laevisphaera"	http://ucjeps.berkeley.edu/cgi-bin/get_moss_treatment.pl?taxon=Anacolia%20laevisphaera
25647	"Anacolia menziesii"	http://ucjeps.berkeley.edu/cgi-bin/get_moss_treatment.pl?taxon=Anacolia%20menziesii
25294	Andreaea	http://ucjeps.berkeley.edu/cgi-bin/get_moss_gk.pl?genus=Andreaea
25649	"Andreaea alpestris"	http://ucjeps.berkeley.edu/cgi-bin/get_moss_treatment.pl?taxon=Andreaea%20alpestris
25652	"Andreaea blyttii"	http://ucjeps.berkeley.edu/cgi-bin/get_moss_treatment.pl?taxon=Andreaea%20blyttii
25651	"Andreaea heinemannii"	http://ucjeps.berkeley.edu/cgi-bin/get_moss_treatment.pl?taxon=Andreaea%20heinemannii
25650	"Andreaea nivalis"	http://ucjeps.berkeley.edu/cgi-bin/get_moss_treatment.pl?taxon=Andreaea%20nivalis
25653	"Andreaea rothii"	http://ucjeps.berkeley.edu/cgi-bin/get_moss_treatment.pl?taxon=Andreaea%20rothii
25648	"Andreaea rupestris"	http://ucjeps.berkeley.edu/cgi-bin/get_moss_treatment.pl?taxon=Andreaea%20rupestris
25654	"Andreaea schofieldiana"	http://ucjeps.berkeley.edu/cgi-bin/get_moss_treatment.pl?taxon=Andreaea%20schofieldiana
26075	"Anoectangium aestivum"	http://ucjeps.berkeley.edu/cgi-bin/get_moss_treatment.pl?taxon=Anoectangium%20aestivum
26231	"Anomobryum julaceum"	http://ucjeps.berkeley.edu/cgi-bin/get_moss_treatment.pl?taxon=Anomobryum%20julaceum
25307	Antitrichia	http://ucjeps.berkeley.edu/cgi-bin/get_moss_gk.pl?genus=Antitrichia
25660	"Antitrichia californica"	http://ucjeps.berkeley.edu/cgi-bin/get_moss_treatment.pl?taxon=Antitrichia%20californica
25661	"Antitrichia gigantea"	http://ucjeps.berkeley.edu/cgi-bin/get_moss_treatment.pl?taxon=Antitrichia%20gigantea
25616	"Aphanorrhegma serratum"	http://ucjeps.berkeley.edu/cgi-bin/get_moss_treatment.pl?taxon=Aphanorrhegma%20serratum
26396	Archidium	
25614	"Archidium alternifolium"	http://ucjeps.berkeley.edu/cgi-bin/get_moss_treatment.pl?taxon=Archidium%20alternifolium
25613	"Archidium donnellii"	http://ucjeps.berkeley.edu/cgi-bin/get_moss_treatment.pl?taxon=Archidium%20donnellii
26130	"Arctoa fulvella"	http://ucjeps.berkeley.edu/cgi-bin/get_moss_treatment.pl?taxon=Arctoa%20fulvella
26129	"Arctoa hyperborea"	http://ucjeps.berkeley.edu/cgi-bin/get_moss_treatment.pl?taxon=Arctoa%20hyperborea
25770	"Atractylocarpus flagellaceus"	http://ucjeps.berkeley.edu/cgi-bin/get_moss_treatment.pl?taxon=Atractylocarpus%20flagellaceus
25336	Atrichum	http://ucjeps.berkeley.edu/cgi-bin/get_moss_gk.pl?genus=Atrichum
25662	"Atrichum selwynii"	http://ucjeps.berkeley.edu/cgi-bin/get_moss_treatment.pl?taxon=Atrichum%20selwynii
25665	"Atrichum species A"	http://ucjeps.berkeley.edu/cgi-bin/get_moss_treatment.pl?taxon=Atrichum%20species%20A
25663	"Atrichum tenellum"	http://ucjeps.berkeley.edu/cgi-bin/get_moss_treatment.pl?taxon=Atrichum%20tenellum
25664	"Atrichum undulatum"	http://ucjeps.berkeley.edu/cgi-bin/get_moss_treatment.pl?taxon=Atrichum%20undulatum
25324	Aulacomnium	http://ucjeps.berkeley.edu/cgi-bin/get_moss_gk.pl?genus=Aulacomnium
25668	"Aulacomnium androgynum"	http://ucjeps.berkeley.edu/cgi-bin/get_moss_treatment.pl?taxon=Aulacomnium%20androgynum
25669	"Aulacomnium palustre"	http://ucjeps.berkeley.edu/cgi-bin/get_moss_treatment.pl?taxon=Aulacomnium%20palustre
25319	Barbula	http://ucjeps.berkeley.edu/cgi-bin/get_moss_gk.pl?genus=Barbula
25676	"Barbula convoluta"	http://ucjeps.berkeley.edu/cgi-bin/get_moss_treatment.pl?taxon=Barbula%20convoluta
25675	"Barbula ehrenbergii"	http://ucjeps.berkeley.edu/cgi-bin/get_moss_treatment.pl?taxon=Barbula%20ehrenbergii
25677	"Barbula eustegia"	http://ucjeps.berkeley.edu/cgi-bin/get_moss_treatment.pl?taxon=Barbula%20eustegia
25672	"Barbula orizabensis"	http://ucjeps.berkeley.edu/cgi-bin/get_moss_treatment.pl?taxon=Barbula%20orizabensis
25674	"Barbula unguiculata"	http://ucjeps.berkeley.edu/cgi-bin/get_moss_treatment.pl?taxon=Barbula%20unguiculata
25643	"Bartramia halleriana"	http://ucjeps.berkeley.edu/cgi-bin/get_moss_treatment.pl?taxon=Bartramia%20halleriana
25640	"Bartramia ithyphylla"	http://ucjeps.berkeley.edu/cgi-bin/get_moss_treatment.pl?taxon=Bartramia%20ithyphylla
25642	"Bartramia pomiformis"	http://ucjeps.berkeley.edu/cgi-bin/get_moss_treatment.pl?taxon=Bartramia%20pomiformis
25644	"Bartramia stricta"	http://ucjeps.berkeley.edu/cgi-bin/get_moss_treatment.pl?taxon=Bartramia%20stricta
25666	"Bartramiopsis lescurii"	http://ucjeps.berkeley.edu/cgi-bin/get_moss_treatment.pl?taxon=Bartramiopsis%20lescurii
25658	"Bestia longipes"	http://ucjeps.berkeley.edu/cgi-bin/get_moss_treatment.pl?taxon=Bestia%20longipes
25373	"Blindia acuta"	http://ucjeps.berkeley.edu/cgi-bin/get_moss_treatment.pl?taxon=Blindia%20acuta
26039	"Brachydontium olympicum"	http://ucjeps.berkeley.edu/cgi-bin/get_moss_treatment.pl?taxon=Brachydontium%20olympicum
26317	"Brachydontium trichodes"	http://ucjeps.berkeley.edu/cgi-bin/get_moss_treatment.pl?taxon=Brachydontium%20trichodes
25727	"Brachymenium exile"	http://ucjeps.berkeley.edu/cgi-bin/get_moss_treatment.pl?taxon=Brachymenium%20exile
25743	"Brachymenium spirifolium"	http://ucjeps.berkeley.edu/cgi-bin/get_moss_treatment.pl?taxon=Brachymenium%20spirifolium
25723	"Brachymenium systylium"	http://ucjeps.berkeley.edu/cgi-bin/get_moss_treatment.pl?taxon=Brachymenium%20systylium
25368	Brachythecium	http://ucjeps.berkeley.edu/cgi-bin/get_moss_gk.pl?genus=Brachythecium
25682	"Brachythecium albicans"	http://ucjeps.berkeley.edu/cgi-bin/get_moss_treatment.pl?taxon=Brachythecium%20albicans
25701	"Brachythecium asperrimum"	http://ucjeps.berkeley.edu/cgi-bin/get_moss_treatment.pl?taxon=Brachythecium%20asperrimum
25632	"Brachythecium bolanderi"	http://ucjeps.berkeley.edu/cgi-bin/get_moss_treatment.pl?taxon=Brachythecium%20bolanderi
25681	"Brachythecium calcareum"	http://ucjeps.berkeley.edu/cgi-bin/get_moss_treatment.pl?taxon=Brachythecium%20calcareum
25691	"Brachythecium collinum"	http://ucjeps.berkeley.edu/cgi-bin/get_moss_treatment.pl?taxon=Brachythecium%20collinum
25684	"Brachythecium erythrorrhizon"	http://ucjeps.berkeley.edu/cgi-bin/get_moss_treatment.pl?taxon=Brachythecium%20erythrorrhizon
25692	"Brachythecium fendleri"	http://ucjeps.berkeley.edu/cgi-bin/get_moss_treatment.pl?taxon=Brachythecium%20fendleri
25689	"Brachythecium frigidum"	http://ucjeps.berkeley.edu/cgi-bin/get_moss_treatment.pl?taxon=Brachythecium%20frigidum
25699	"Brachythecium holzingeri"	http://ucjeps.berkeley.edu/cgi-bin/get_moss_treatment.pl?taxon=Brachythecium%20holzingeri
25697	"Brachythecium hylotapetum"	http://ucjeps.berkeley.edu/cgi-bin/get_moss_treatment.pl?taxon=Brachythecium%20hylotapetum
25683	"Brachythecium laetum"	http://ucjeps.berkeley.edu/cgi-bin/get_moss_treatment.pl?taxon=Brachythecium%20laetum
25686	"Brachythecium leibergii"	http://ucjeps.berkeley.edu/cgi-bin/get_moss_treatment.pl?taxon=Brachythecium%20leibergii
25690	"Brachythecium nelsonii"	http://ucjeps.berkeley.edu/cgi-bin/get_moss_treatment.pl?taxon=Brachythecium%20nelsonii
25687	"Brachythecium occidentale"	http://ucjeps.berkeley.edu/cgi-bin/get_moss_treatment.pl?taxon=Brachythecium%20occidentale
25700	"Brachythecium oedipodium"	http://ucjeps.berkeley.edu/cgi-bin/get_moss_treatment.pl?taxon=Brachythecium%20oedipodium
25698	"Brachythecium plumosum"	http://ucjeps.berkeley.edu/cgi-bin/get_moss_treatment.pl?taxon=Brachythecium%20plumosum
25680	"Brachythecium populeum"	http://ucjeps.berkeley.edu/cgi-bin/get_moss_treatment.pl?taxon=Brachythecium%20populeum
25679	"Brachythecium reflexum"	http://ucjeps.berkeley.edu/cgi-bin/get_moss_treatment.pl?taxon=Brachythecium%20reflexum
25688	"Brachythecium rivulare"	http://ucjeps.berkeley.edu/cgi-bin/get_moss_treatment.pl?taxon=Brachythecium%20rivulare
25702	"Brachythecium rutabulum"	http://ucjeps.berkeley.edu/cgi-bin/get_moss_treatment.pl?taxon=Brachythecium%20rutabulum
25685	"Brachythecium salebrosum"	http://ucjeps.berkeley.edu/cgi-bin/get_moss_treatment.pl?taxon=Brachythecium%20salebrosum
25678	"Brachythecium starkei"	http://ucjeps.berkeley.edu/cgi-bin/get_moss_treatment.pl?taxon=Brachythecium%20starkei
25693	"Brachythecium velutinum"	http://ucjeps.berkeley.edu/cgi-bin/get_moss_treatment.pl?taxon=Brachythecium%20velutinum
25694	"Brachythecium venustum"	http://ucjeps.berkeley.edu/cgi-bin/get_moss_treatment.pl?taxon=Brachythecium%20venustum
26076	"Braunia secunda"	http://ucjeps.berkeley.edu/cgi-bin/get_moss_treatment.pl?taxon=Braunia%20secunda
26121	"Breidleria pratensis"	http://ucjeps.berkeley.edu/cgi-bin/get_moss_treatment.pl?taxon=Breidleria%20pratensis
25358	Bruchia	http://ucjeps.berkeley.edu/cgi-bin/get_moss_gk.pl?genus=Bruchia
25705	"Bruchia bolanderi"	http://ucjeps.berkeley.edu/cgi-bin/get_moss_treatment.pl?taxon=Bruchia%20bolanderi
25704	"Bruchia flexuosa"	http://ucjeps.berkeley.edu/cgi-bin/get_moss_treatment.pl?taxon=Bruchia%20flexuosa
47629	Bryidae	
25815	"Bryoerythrophyllum columbianum"	http://ucjeps.berkeley.edu/cgi-bin/get_moss_treatment.pl?taxon=Bryoerythrophyllum%20columbianum
25816	"Bryoerythrophyllum recurvirostrum"	http://ucjeps.berkeley.edu/cgi-bin/get_moss_treatment.pl?taxon=Bryoerythrophyllum%20recurvirostrum
25673	"Bryoerythrophyllum: B recurvirostrum"	http://ucjeps.berkeley.edu/cgi-bin/get_moss_treatment.pl?taxon=Bryoerythrophyllum:%20B%20recurvirostrum
26160	"Bryolawtonia vancouveriensis"	http://ucjeps.berkeley.edu/cgi-bin/get_moss_treatment.pl?taxon=Bryolawtonia%20vancouveriensis
25898	"Bryoxiphium norvegicum"	http://ucjeps.berkeley.edu/cgi-bin/get_moss_treatment.pl?taxon=Bryoxiphium%20norvegicum
25343	Bryum	http://ucjeps.berkeley.edu/cgi-bin/get_moss_gk.pl?genus=Bryum
25750	"Bryum algovicum"	http://ucjeps.berkeley.edu/cgi-bin/get_moss_treatment.pl?taxon=Bryum%20algovicum
25748	"Bryum alpinum"	http://ucjeps.berkeley.edu/cgi-bin/get_moss_treatment.pl?taxon=Bryum%20alpinum
25751	"Bryum amblyodon"	http://ucjeps.berkeley.edu/cgi-bin/get_moss_treatment.pl?taxon=Bryum%20amblyodon
25716	"Bryum arcticum"	http://ucjeps.berkeley.edu/cgi-bin/get_moss_treatment.pl?taxon=Bryum%20arcticum
25711	"Bryum argenteum"	http://ucjeps.berkeley.edu/cgi-bin/get_moss_treatment.pl?taxon=Bryum%20argenteum
25756	"Bryum badium"	http://ucjeps.berkeley.edu/cgi-bin/get_moss_treatment.pl?taxon=Bryum%20badium
25730	"Bryum barnesii"	http://ucjeps.berkeley.edu/cgi-bin/get_moss_treatment.pl?taxon=Bryum%20barnesii
25728	"Bryum bicolor"	http://ucjeps.berkeley.edu/cgi-bin/get_moss_treatment.pl?taxon=Bryum%20bicolor
25752	"Bryum bimum"	http://ucjeps.berkeley.edu/cgi-bin/get_moss_treatment.pl?taxon=Bryum%20bimum
25722	"Bryum blindii"	http://ucjeps.berkeley.edu/cgi-bin/get_moss_treatment.pl?taxon=Bryum%20blindii
25757	"Bryum caespiticium"	http://ucjeps.berkeley.edu/cgi-bin/get_moss_treatment.pl?taxon=Bryum%20caespiticium
25721	"Bryum calobryoides"	http://ucjeps.berkeley.edu/cgi-bin/get_moss_treatment.pl?taxon=Bryum%20calobryoides
25744	"Bryum canariense"	http://ucjeps.berkeley.edu/cgi-bin/get_moss_treatment.pl?taxon=Bryum%20canariense
25747	"Bryum capillare"	http://ucjeps.berkeley.edu/cgi-bin/get_moss_treatment.pl?taxon=Bryum%20capillare
25712	"Bryum cyclophyllum"	http://ucjeps.berkeley.edu/cgi-bin/get_moss_treatment.pl?taxon=Bryum%20cyclophyllum
25742	"Bryum elegans"	http://ucjeps.berkeley.edu/cgi-bin/get_moss_treatment.pl?taxon=Bryum%20elegans
25745	"Bryum erythroloma"	http://ucjeps.berkeley.edu/cgi-bin/get_moss_treatment.pl?taxon=Bryum%20erythroloma
25740	"Bryum flaccidum"	http://ucjeps.berkeley.edu/cgi-bin/get_moss_treatment.pl?taxon=Bryum%20flaccidum
25724	"Bryum gemmascens"	http://ucjeps.berkeley.edu/cgi-bin/get_moss_treatment.pl?taxon=Bryum%20gemmascens
25731	"Bryum gemmiferum"	http://ucjeps.berkeley.edu/cgi-bin/get_moss_treatment.pl?taxon=Bryum%20gemmiferum
25729	"Bryum gemmilucens"	http://ucjeps.berkeley.edu/cgi-bin/get_moss_treatment.pl?taxon=Bryum%20gemmilucens
25726	"Bryum gemmiparum"	http://ucjeps.berkeley.edu/cgi-bin/get_moss_treatment.pl?taxon=Bryum%20gemmiparum
25733	"Bryum klinggraeffii"	http://ucjeps.berkeley.edu/cgi-bin/get_moss_treatment.pl?taxon=Bryum%20klinggraeffii
25749	"Bryum knowltonii"	http://ucjeps.berkeley.edu/cgi-bin/get_moss_treatment.pl?taxon=Bryum%20knowltonii
25741	"Bryum laevifilum"	http://ucjeps.berkeley.edu/cgi-bin/get_moss_treatment.pl?taxon=Bryum%20laevifilum
25709	"Bryum lanatum"	http://ucjeps.berkeley.edu/cgi-bin/get_moss_treatment.pl?taxon=Bryum%20lanatum
25754	"Bryum lisae"	http://ucjeps.berkeley.edu/cgi-bin/get_moss_treatment.pl?taxon=Bryum%20lisae
25718	"Bryum meesioides"	http://ucjeps.berkeley.edu/cgi-bin/get_moss_treatment.pl?taxon=Bryum%20meesioides
25739	"Bryum microerythrocarpum"	http://ucjeps.berkeley.edu/cgi-bin/get_moss_treatment.pl?taxon=Bryum%20microerythrocarpum
25720	"Bryum miniatum"	http://ucjeps.berkeley.edu/cgi-bin/get_moss_treatment.pl?taxon=Bryum%20miniatum
25725	"Bryum muehlenbeckii"	http://ucjeps.berkeley.edu/cgi-bin/get_moss_treatment.pl?taxon=Bryum%20muehlenbeckii
25719	"Bryum pallens"	http://ucjeps.berkeley.edu/cgi-bin/get_moss_treatment.pl?taxon=Bryum%20pallens
25755	"Bryum pallescens"	http://ucjeps.berkeley.edu/cgi-bin/get_moss_treatment.pl?taxon=Bryum%20pallescens
25753	"Bryum pseudotriquetrum"	http://ucjeps.berkeley.edu/cgi-bin/get_moss_treatment.pl?taxon=Bryum%20pseudotriquetrum
25734	"Bryum pyriferum"	http://ucjeps.berkeley.edu/cgi-bin/get_moss_treatment.pl?taxon=Bryum%20pyriferum
25735	"Bryum radiculosum"	http://ucjeps.berkeley.edu/cgi-bin/get_moss_treatment.pl?taxon=Bryum%20radiculosum
25732	"Bryum rubens"	http://ucjeps.berkeley.edu/cgi-bin/get_moss_treatment.pl?taxon=Bryum%20rubens
25714	"Bryum schleicheri"	http://ucjeps.berkeley.edu/cgi-bin/get_moss_treatment.pl?taxon=Bryum%20schleicheri
25738	"Bryum subapiculatum"	http://ucjeps.berkeley.edu/cgi-bin/get_moss_treatment.pl?taxon=Bryum%20subapiculatum
25737	"Bryum tenuisetum"	http://ucjeps.berkeley.edu/cgi-bin/get_moss_treatment.pl?taxon=Bryum%20tenuisetum
25746	"Bryum torquescens"	http://ucjeps.berkeley.edu/cgi-bin/get_moss_treatment.pl?taxon=Bryum%20torquescens
25715	"Bryum turbinatum"	http://ucjeps.berkeley.edu/cgi-bin/get_moss_treatment.pl?taxon=Bryum%20turbinatum
25717	"Bryum uliginosum"	http://ucjeps.berkeley.edu/cgi-bin/get_moss_treatment.pl?taxon=Bryum%20uliginosum
25736	"Bryum violaceum"	http://ucjeps.berkeley.edu/cgi-bin/get_moss_treatment.pl?taxon=Bryum%20violaceum
25713	"Bryum weigelii"	http://ucjeps.berkeley.edu/cgi-bin/get_moss_treatment.pl?taxon=Bryum%20weigelii
26221	"Buckiella undulata"	http://ucjeps.berkeley.edu/cgi-bin/get_moss_treatment.pl?taxon=Buckiella%20undulata
25290	Buxbaumia	http://ucjeps.berkeley.edu/cgi-bin/get_moss_gk.pl?genus=Buxbaumia
25759	"Buxbaumia aphylla"	http://ucjeps.berkeley.edu/cgi-bin/get_moss_treatment.pl?taxon=Buxbaumia%20aphylla
25760	"Buxbaumia piperi"	http://ucjeps.berkeley.edu/cgi-bin/get_moss_treatment.pl?taxon=Buxbaumia%20piperi
25758	"Buxbaumia viridis"	http://ucjeps.berkeley.edu/cgi-bin/get_moss_treatment.pl?taxon=Buxbaumia%20viridis
25367	Calliergon	http://ucjeps.berkeley.edu/cgi-bin/get_moss_gk.pl?genus=Calliergon
25763	"Calliergon cordifolium"	http://ucjeps.berkeley.edu/cgi-bin/get_moss_treatment.pl?taxon=Calliergon%20cordifolium
25764	"Calliergon giganteum"	http://ucjeps.berkeley.edu/cgi-bin/get_moss_treatment.pl?taxon=Calliergon%20giganteum
26119	"Calliergonella cuspidata"	http://ucjeps.berkeley.edu/cgi-bin/get_moss_treatment.pl?taxon=Calliergonella%20cuspidata
25308	Campylium	http://ucjeps.berkeley.edu/cgi-bin/get_moss_gk.pl?genus=Campylium
25850	"Campylium polygamum"	http://ucjeps.berkeley.edu/cgi-bin/get_moss_treatment.pl?taxon=Campylium%20polygamum
25768	"Campylopodiella stenocarpa"	http://ucjeps.berkeley.edu/cgi-bin/get_moss_treatment.pl?taxon=Campylopodiella%20stenocarpa
25349	Campylopus	http://ucjeps.berkeley.edu/cgi-bin/get_moss_gk.pl?genus=Campylopus
25774	"Campylopus atrovirens"	http://ucjeps.berkeley.edu/cgi-bin/get_moss_treatment.pl?taxon=Campylopus%20atrovirens
25776	"Campylopus introflexus"	http://ucjeps.berkeley.edu/cgi-bin/get_moss_treatment.pl?taxon=Campylopus%20introflexus
25777	"Campylopus pilifer"	http://ucjeps.berkeley.edu/cgi-bin/get_moss_treatment.pl?taxon=Campylopus%20pilifer
25773	"Campylopus pyriformis"	http://ucjeps.berkeley.edu/cgi-bin/get_moss_treatment.pl?taxon=Campylopus%20pyriformis
25775	"Campylopus schmidii"	http://ucjeps.berkeley.edu/cgi-bin/get_moss_treatment.pl?taxon=Campylopus%20schmidii
25772	"Campylopus subulatus"	http://ucjeps.berkeley.edu/cgi-bin/get_moss_treatment.pl?taxon=Campylopus%20subulatus
26321	"Campylostelium saxicola"	http://ucjeps.berkeley.edu/cgi-bin/get_moss_treatment.pl?taxon=Campylostelium%20saxicola
25363	Ceratodon	http://ucjeps.berkeley.edu/cgi-bin/get_moss_gk.pl?genus=Ceratodon
25779	"Ceratodon purpureus"	http://ucjeps.berkeley.edu/cgi-bin/get_moss_treatment.pl?taxon=Ceratodon%20purpureus
25778	"Ceratodon stenocarpus"	http://ucjeps.berkeley.edu/cgi-bin/get_moss_treatment.pl?taxon=Ceratodon%20stenocarpus
25695	"Cirriphyllum cirrosum"	http://ucjeps.berkeley.edu/cgi-bin/get_moss_treatment.pl?taxon=Cirriphyllum%20cirrosum
25310	Claopodium	http://ucjeps.berkeley.edu/cgi-bin/get_moss_gk.pl?genus=Claopodium
25783	"Claopodium bolanderi"	http://ucjeps.berkeley.edu/cgi-bin/get_moss_treatment.pl?taxon=Claopodium%20bolanderi
25782	"Claopodium crispifolium"	http://ucjeps.berkeley.edu/cgi-bin/get_moss_treatment.pl?taxon=Claopodium%20crispifolium
25781	"Claopodium whippleanum"	http://ucjeps.berkeley.edu/cgi-bin/get_moss_treatment.pl?taxon=Claopodium%20whippleanum
26163	"Climacium dendroides"	http://ucjeps.berkeley.edu/cgi-bin/get_moss_treatment.pl?taxon=Climacium%20dendroides
25626	"Conardia compacta"	http://ucjeps.berkeley.edu/cgi-bin/get_moss_treatment.pl?taxon=Conardia%20compacta
26197	"Conostomum tetragonum"	http://ucjeps.berkeley.edu/cgi-bin/get_moss_treatment.pl?taxon=Conostomum%20tetragonum
26040	"Coscinodon calyptratus"	http://ucjeps.berkeley.edu/cgi-bin/get_moss_treatment.pl?taxon=Coscinodon%20calyptratus
26034	"Coscinodon cribrosus"	http://ucjeps.berkeley.edu/cgi-bin/get_moss_treatment.pl?taxon=Coscinodon%20cribrosus
25841	"Cratoneuron filicinum"	http://ucjeps.berkeley.edu/cgi-bin/get_moss_treatment.pl?taxon=Cratoneuron%20filicinum
25347	Crossidium	http://ucjeps.berkeley.edu/cgi-bin/get_moss_gk.pl?genus=Crossidium
25784	"Crossidium aberrans"	http://ucjeps.berkeley.edu/cgi-bin/get_moss_treatment.pl?taxon=Crossidium%20aberrans
25786	"Crossidium crassinerve"	http://ucjeps.berkeley.edu/cgi-bin/get_moss_treatment.pl?taxon=Crossidium%20crassinerve
25785	"Crossidium seriatum"	http://ucjeps.berkeley.edu/cgi-bin/get_moss_treatment.pl?taxon=Crossidium%20seriatum
25787	"Crossidium squamiferum"	http://ucjeps.berkeley.edu/cgi-bin/get_moss_treatment.pl?taxon=Crossidium%20squamiferum
26312	"Crumia latifolia"	http://ucjeps.berkeley.edu/cgi-bin/get_moss_treatment.pl?taxon=Crumia%20latifolia
47638	Cynodontium	
25789	"Cynodontium jenneri"	http://ucjeps.berkeley.edu/cgi-bin/get_moss_treatment.pl?taxon=Cynodontium%20jenneri
25788	"Cynodontium strumulosum"	http://ucjeps.berkeley.edu/cgi-bin/get_moss_treatment.pl?taxon=Cynodontium%20strumulosum
25790	"Cynodontium tenellum"	http://ucjeps.berkeley.edu/cgi-bin/get_moss_treatment.pl?taxon=Cynodontium%20tenellum
25809	"Cynodontium: various species"	http://ucjeps.berkeley.edu/cgi-bin/get_moss_treatment.pl?taxon=Cynodontium:%20various%20species
26222	"Dacryophyllum falcifolium"	http://ucjeps.berkeley.edu/cgi-bin/get_moss_treatment.pl?taxon=Dacryophyllum%20falcifolium
25655	"Dendroalsia abietina"	http://ucjeps.berkeley.edu/cgi-bin/get_moss_treatment.pl?taxon=Dendroalsia%20abietina
25351	Dichelyma	http://ucjeps.berkeley.edu/cgi-bin/get_moss_gk.pl?genus=Dichelyma
25792	"Dichelyma falcatum"	http://ucjeps.berkeley.edu/cgi-bin/get_moss_treatment.pl?taxon=Dichelyma%20falcatum
25791	"Dichelyma uncinatum"	http://ucjeps.berkeley.edu/cgi-bin/get_moss_treatment.pl?taxon=Dichelyma%20uncinatum
25325	Dichodontium	http://ucjeps.berkeley.edu/cgi-bin/get_moss_gk.pl?genus=Dichodontium
25794	"Dichodontium flavescens"	http://ucjeps.berkeley.edu/cgi-bin/get_moss_treatment.pl?taxon=Dichodontium%20flavescens
25793	"Dichodontium olympicum"	http://ucjeps.berkeley.edu/cgi-bin/get_moss_treatment.pl?taxon=Dichodontium%20olympicum
25795	"Dichodontium pellucidum"	http://ucjeps.berkeley.edu/cgi-bin/get_moss_treatment.pl?taxon=Dichodontium%20pellucidum
25354	Dicranella	http://ucjeps.berkeley.edu/cgi-bin/get_moss_gk.pl?genus=Dicranella
25797	"Dicranella crispa"	http://ucjeps.berkeley.edu/cgi-bin/get_moss_treatment.pl?taxon=Dicranella%20crispa
25798	"Dicranella grevilleana"	http://ucjeps.berkeley.edu/cgi-bin/get_moss_treatment.pl?taxon=Dicranella%20grevilleana
25804	"Dicranella heteromalla"	http://ucjeps.berkeley.edu/cgi-bin/get_moss_treatment.pl?taxon=Dicranella%20heteromalla
25800	"Dicranella hilariana"	http://ucjeps.berkeley.edu/cgi-bin/get_moss_treatment.pl?taxon=Dicranella%20hilariana
25801	"Dicranella howei"	http://ucjeps.berkeley.edu/cgi-bin/get_moss_treatment.pl?taxon=Dicranella%20howei
25803	"Dicranella pacifica"	http://ucjeps.berkeley.edu/cgi-bin/get_moss_treatment.pl?taxon=Dicranella%20pacifica
25796	"Dicranella palustris"	http://ucjeps.berkeley.edu/cgi-bin/get_moss_treatment.pl?taxon=Dicranella%20palustris
25805	"Dicranella rufescens"	http://ucjeps.berkeley.edu/cgi-bin/get_moss_treatment.pl?taxon=Dicranella%20rufescens
25799	"Dicranella schreberiana"	http://ucjeps.berkeley.edu/cgi-bin/get_moss_treatment.pl?taxon=Dicranella%20schreberiana
25806	"Dicranella subulata"	http://ucjeps.berkeley.edu/cgi-bin/get_moss_treatment.pl?taxon=Dicranella%20subulata
25802	"Dicranella varia"	http://ucjeps.berkeley.edu/cgi-bin/get_moss_treatment.pl?taxon=Dicranella%20varia
25769	"Dicranodontium denudatum"	http://ucjeps.berkeley.edu/cgi-bin/get_moss_treatment.pl?taxon=Dicranodontium%20denudatum
25356	Dicranoweisia	http://ucjeps.berkeley.edu/cgi-bin/get_moss_gk.pl?genus=Dicranoweisia
25808	"Dicranoweisia cirrata"	http://ucjeps.berkeley.edu/cgi-bin/get_moss_treatment.pl?taxon=Dicranoweisia%20cirrata
25635	"Dicranoweisia contermina"	http://ucjeps.berkeley.edu/cgi-bin/get_moss_treatment.pl?taxon=Dicranoweisia%20contermina
25810	"Dicranoweisia roellii"	http://ucjeps.berkeley.edu/cgi-bin/get_moss_treatment.pl?taxon=Dicranoweisia%20roellii
25318	Dicranum	http://ucjeps.berkeley.edu/cgi-bin/get_moss_gk.pl?genus=Dicranum
25372	"Dicranum fragilifolium"	http://ucjeps.berkeley.edu/cgi-bin/get_moss_treatment.pl?taxon=Dicranum%20fragilifolium
25383	"Dicranum fuscescens"	http://ucjeps.berkeley.edu/cgi-bin/get_moss_treatment.pl?taxon=Dicranum%20fuscescens
25376	"Dicranum howellii"	http://ucjeps.berkeley.edu/cgi-bin/get_moss_treatment.pl?taxon=Dicranum%20howellii
25375	"Dicranum majus"	http://ucjeps.berkeley.edu/cgi-bin/get_moss_treatment.pl?taxon=Dicranum%20majus
25381	"Dicranum pallidisetum"	http://ucjeps.berkeley.edu/cgi-bin/get_moss_treatment.pl?taxon=Dicranum%20pallidisetum
25374	"Dicranum polysetum"	http://ucjeps.berkeley.edu/cgi-bin/get_moss_treatment.pl?taxon=Dicranum%20polysetum
25379	"Dicranum rhabdocarpum"	http://ucjeps.berkeley.edu/cgi-bin/get_moss_treatment.pl?taxon=Dicranum%20rhabdocarpum
25377	"Dicranum scoparium"	http://ucjeps.berkeley.edu/cgi-bin/get_moss_treatment.pl?taxon=Dicranum%20scoparium
25378	"Dicranum spadiceum"	http://ucjeps.berkeley.edu/cgi-bin/get_moss_treatment.pl?taxon=Dicranum%20spadiceum
25382	"Dicranum sulcatum"	http://ucjeps.berkeley.edu/cgi-bin/get_moss_treatment.pl?taxon=Dicranum%20sulcatum
25380	"Dicranum undulatum"	http://ucjeps.berkeley.edu/cgi-bin/get_moss_treatment.pl?taxon=Dicranum%20undulatum
25333	Didymodon	http://ucjeps.berkeley.edu/cgi-bin/get_moss_gk.pl?genus=Didymodon
25831	"Didymodon australasiae"	http://ucjeps.berkeley.edu/cgi-bin/get_moss_treatment.pl?taxon=Didymodon%20australasiae
25823	"Didymodon brachyphyllus"	http://ucjeps.berkeley.edu/cgi-bin/get_moss_treatment.pl?taxon=Didymodon%20brachyphyllus
25825	"Didymodon eckeliae"	http://ucjeps.berkeley.edu/cgi-bin/get_moss_treatment.pl?taxon=Didymodon%20eckeliae
25818	"Didymodon fallax"	http://ucjeps.berkeley.edu/cgi-bin/get_moss_treatment.pl?taxon=Didymodon%20fallax
25819	"Didymodon ferrugineus"	http://ucjeps.berkeley.edu/cgi-bin/get_moss_treatment.pl?taxon=Didymodon%20ferrugineus
25828	"Didymodon insulanus"	http://ucjeps.berkeley.edu/cgi-bin/get_moss_treatment.pl?taxon=Didymodon%20insulanus
25822	"Didymodon nevadensis"	http://ucjeps.berkeley.edu/cgi-bin/get_moss_treatment.pl?taxon=Didymodon%20nevadensis
25826	"Didymodon nicholsonii"	http://ucjeps.berkeley.edu/cgi-bin/get_moss_treatment.pl?taxon=Didymodon%20nicholsonii
25817	"Didymodon norrisii"	http://ucjeps.berkeley.edu/cgi-bin/get_moss_treatment.pl?taxon=Didymodon%20norrisii
25824	"Didymodon occidentalis"	http://ucjeps.berkeley.edu/cgi-bin/get_moss_treatment.pl?taxon=Didymodon%20occidentalis
25820	"Didymodon revolutus"	http://ucjeps.berkeley.edu/cgi-bin/get_moss_treatment.pl?taxon=Didymodon%20revolutus
25829	"Didymodon rigidulus"	http://ucjeps.berkeley.edu/cgi-bin/get_moss_treatment.pl?taxon=Didymodon%20rigidulus
25821	"Didymodon tectorum"	http://ucjeps.berkeley.edu/cgi-bin/get_moss_treatment.pl?taxon=Didymodon%20tectorum
25814	"Didymodon tophaceus"	http://ucjeps.berkeley.edu/cgi-bin/get_moss_treatment.pl?taxon=Didymodon%20tophaceus
25830	"Didymodon umbrosus"	http://ucjeps.berkeley.edu/cgi-bin/get_moss_treatment.pl?taxon=Didymodon%20umbrosus
25827	"Didymodon vinealis"	http://ucjeps.berkeley.edu/cgi-bin/get_moss_treatment.pl?taxon=Didymodon%20vinealis
26232	"Discelium nudum"	http://ucjeps.berkeley.edu/cgi-bin/get_moss_treatment.pl?taxon=Discelium%20nudum
26398	Distichium	
25832	"Distichium capillaceum"	http://ucjeps.berkeley.edu/cgi-bin/get_moss_treatment.pl?taxon=Distichium%20capillaceum
25833	"Distichium inclinatum"	http://ucjeps.berkeley.edu/cgi-bin/get_moss_treatment.pl?taxon=Distichium%20inclinatum
25321	Ditrichum	http://ucjeps.berkeley.edu/cgi-bin/get_moss_gk.pl?genus=Ditrichum
25834	"Ditrichum ambiguum"	http://ucjeps.berkeley.edu/cgi-bin/get_moss_treatment.pl?taxon=Ditrichum%20ambiguum
25837	"Ditrichum flexicaule"	http://ucjeps.berkeley.edu/cgi-bin/get_moss_treatment.pl?taxon=Ditrichum%20flexicaule
25840	"Ditrichum heteromallum"	http://ucjeps.berkeley.edu/cgi-bin/get_moss_treatment.pl?taxon=Ditrichum%20heteromallum
25838	"Ditrichum montanum"	http://ucjeps.berkeley.edu/cgi-bin/get_moss_treatment.pl?taxon=Ditrichum%20montanum
25835	"Ditrichum pusillum"	http://ucjeps.berkeley.edu/cgi-bin/get_moss_treatment.pl?taxon=Ditrichum%20pusillum
25839	"Ditrichum schimperi"	http://ucjeps.berkeley.edu/cgi-bin/get_moss_treatment.pl?taxon=Ditrichum%20schimperi
25366	Drepanocladus	http://ucjeps.berkeley.edu/cgi-bin/get_moss_gk.pl?genus=Drepanocladus
25849	"Drepanocladus aduncus"	http://ucjeps.berkeley.edu/cgi-bin/get_moss_treatment.pl?taxon=Drepanocladus%20aduncus
25847	"Drepanocladus capillifolius"	http://ucjeps.berkeley.edu/cgi-bin/get_moss_treatment.pl?taxon=Drepanocladus%20capillifolius
25853	"Drepanocladus crassicostatus"	http://ucjeps.berkeley.edu/cgi-bin/get_moss_treatment.pl?taxon=Drepanocladus%20crassicostatus
25848	"Drepanocladus polycarpos"	http://ucjeps.berkeley.edu/cgi-bin/get_moss_treatment.pl?taxon=Drepanocladus%20polycarpos
25854	"Drepanocladus sordidus"	http://ucjeps.berkeley.edu/cgi-bin/get_moss_treatment.pl?taxon=Drepanocladus%20sordidus
26295	E	http://ucjeps.berkeley.edu/cgi-bin/get_moss_gk.pl?genus=E
25312	Encalypta	http://ucjeps.berkeley.edu/cgi-bin/get_moss_gk.pl?genus=Encalypta
25856	"Encalypta affinis"	http://ucjeps.berkeley.edu/cgi-bin/get_moss_treatment.pl?taxon=Encalypta%20affinis
25858	"Encalypta brevicollis"	http://ucjeps.berkeley.edu/cgi-bin/get_moss_treatment.pl?taxon=Encalypta%20brevicollis
25859	"Encalypta brevipes"	http://ucjeps.berkeley.edu/cgi-bin/get_moss_treatment.pl?taxon=Encalypta%20brevipes
25857	"Encalypta ciliata"	http://ucjeps.berkeley.edu/cgi-bin/get_moss_treatment.pl?taxon=Encalypta%20ciliata
25860	"Encalypta intermedia"	http://ucjeps.berkeley.edu/cgi-bin/get_moss_treatment.pl?taxon=Encalypta%20intermedia
25855	"Encalypta procera"	http://ucjeps.berkeley.edu/cgi-bin/get_moss_treatment.pl?taxon=Encalypta%20procera
25392	"Encalypta rhaptocarpa"	http://ucjeps.berkeley.edu/cgi-bin/get_moss_treatment.pl?taxon=Encalypta%20rhaptocarpa
25861	"Encalypta vulgaris"	http://ucjeps.berkeley.edu/cgi-bin/get_moss_treatment.pl?taxon=Encalypta%20vulgaris
25339	Entosthodon	http://ucjeps.berkeley.edu/cgi-bin/get_moss_gk.pl?genus=Entosthodon
25867	"Entosthodon attenuatus"	http://ucjeps.berkeley.edu/cgi-bin/get_moss_treatment.pl?taxon=Entosthodon%20attenuatus
25865	"Entosthodon bolanderi"	http://ucjeps.berkeley.edu/cgi-bin/get_moss_treatment.pl?taxon=Entosthodon%20bolanderi
25862	"Entosthodon californicus"	http://ucjeps.berkeley.edu/cgi-bin/get_moss_treatment.pl?taxon=Entosthodon%20californicus
25864	"Entosthodon drummondii"	http://ucjeps.berkeley.edu/cgi-bin/get_moss_treatment.pl?taxon=Entosthodon%20drummondii
25870	"Entosthodon fascicularis"	http://ucjeps.berkeley.edu/cgi-bin/get_moss_treatment.pl?taxon=Entosthodon%20fascicularis
25863	"Entosthodon kochii"	http://ucjeps.berkeley.edu/cgi-bin/get_moss_treatment.pl?taxon=Entosthodon%20kochii
25869	"Entosthodon planoconvexus"	http://ucjeps.berkeley.edu/cgi-bin/get_moss_treatment.pl?taxon=Entosthodon%20planoconvexus
25868	"Entosthodon rubrisetus"	http://ucjeps.berkeley.edu/cgi-bin/get_moss_treatment.pl?taxon=Entosthodon%20rubrisetus
25866	"Entosthodon tucsoni"	http://ucjeps.berkeley.edu/cgi-bin/get_moss_treatment.pl?taxon=Entosthodon%20tucsoni
25610	"Ephemerum serratum"	http://ucjeps.berkeley.edu/cgi-bin/get_moss_treatment.pl?taxon=Ephemerum%20serratum
26230	"Epipterygium tozeri"	http://ucjeps.berkeley.edu/cgi-bin/get_moss_treatment.pl?taxon=Epipterygium%20tozeri
26070	"Eucladium: E verticillatum"	http://ucjeps.berkeley.edu/cgi-bin/get_moss_treatment.pl?taxon=Eucladium:%20E%20verticillatum
25370	Eurhynchium	http://ucjeps.berkeley.edu/cgi-bin/get_moss_gk.pl?genus=Eurhynchium
25878	"Eurhynchium hians"	http://ucjeps.berkeley.edu/cgi-bin/get_moss_treatment.pl?taxon=Eurhynchium%20hians
25877	"Eurhynchium pulchellum"	http://ucjeps.berkeley.edu/cgi-bin/get_moss_treatment.pl?taxon=Eurhynchium%20pulchellum
25871	"Eurhynchium striatum"	http://ucjeps.berkeley.edu/cgi-bin/get_moss_treatment.pl?taxon=Eurhynchium%20striatum
25304	Fabronia	http://ucjeps.berkeley.edu/cgi-bin/get_moss_gk.pl?genus=Fabronia
25879	"Fabronia ciliaris"	http://ucjeps.berkeley.edu/cgi-bin/get_moss_treatment.pl?taxon=Fabronia%20ciliaris
25880	"Fabronia pusilla"	http://ucjeps.berkeley.edu/cgi-bin/get_moss_treatment.pl?taxon=Fabronia%20pusilla
25334	Fissidens	http://ucjeps.berkeley.edu/cgi-bin/get_moss_gk.pl?genus=Fissidens
25889	"Fissidens adianthoides"	http://ucjeps.berkeley.edu/cgi-bin/get_moss_treatment.pl?taxon=Fissidens%20adianthoides
25892	"Fissidens aphelotaxifolius"	http://ucjeps.berkeley.edu/cgi-bin/get_moss_treatment.pl?taxon=Fissidens%20aphelotaxifolius
25895	"Fissidens asplenioides"	http://ucjeps.berkeley.edu/cgi-bin/get_moss_treatment.pl?taxon=Fissidens%20asplenioides
25883	"Fissidens bryoides"	http://ucjeps.berkeley.edu/cgi-bin/get_moss_treatment.pl?taxon=Fissidens%20bryoides
25886	"Fissidens crispus"	http://ucjeps.berkeley.edu/cgi-bin/get_moss_treatment.pl?taxon=Fissidens%20crispus
25882	"Fissidens curvatus"	http://ucjeps.berkeley.edu/cgi-bin/get_moss_treatment.pl?taxon=Fissidens%20curvatus
25890	"Fissidens dubius"	http://ucjeps.berkeley.edu/cgi-bin/get_moss_treatment.pl?taxon=Fissidens%20dubius
25888	"Fissidens fontanus"	http://ucjeps.berkeley.edu/cgi-bin/get_moss_treatment.pl?taxon=Fissidens%20fontanus
25887	"Fissidens grandifrons"	http://ucjeps.berkeley.edu/cgi-bin/get_moss_treatment.pl?taxon=Fissidens%20grandifrons
25885	"Fissidens minutulus"	http://ucjeps.berkeley.edu/cgi-bin/get_moss_treatment.pl?taxon=Fissidens%20minutulus
25896	"Fissidens osmundioides"	http://ucjeps.berkeley.edu/cgi-bin/get_moss_treatment.pl?taxon=Fissidens%20osmundioides
25894	"Fissidens pauperculus"	http://ucjeps.berkeley.edu/cgi-bin/get_moss_treatment.pl?taxon=Fissidens%20pauperculus
25884	"Fissidens sublimbatus"	http://ucjeps.berkeley.edu/cgi-bin/get_moss_treatment.pl?taxon=Fissidens%20sublimbatus
25893	"Fissidens taxifolius"	http://ucjeps.berkeley.edu/cgi-bin/get_moss_treatment.pl?taxon=Fissidens%20taxifolius
25891	"Fissidens taylorii"	http://ucjeps.berkeley.edu/cgi-bin/get_moss_treatment.pl?taxon=Fissidens%20taylorii
25881	"Fissidens ventricosus"	http://ucjeps.berkeley.edu/cgi-bin/get_moss_treatment.pl?taxon=Fissidens%20ventricosus
25302	Fontinalis	http://ucjeps.berkeley.edu/cgi-bin/get_moss_gk.pl?genus=Fontinalis
25903	"Fontinalis antipyretica"	http://ucjeps.berkeley.edu/cgi-bin/get_moss_treatment.pl?taxon=Fontinalis%20antipyretica
25905	"Fontinalis chrysophylla"	http://ucjeps.berkeley.edu/cgi-bin/get_moss_treatment.pl?taxon=Fontinalis%20chrysophylla
25902	"Fontinalis gigantea"	http://ucjeps.berkeley.edu/cgi-bin/get_moss_treatment.pl?taxon=Fontinalis%20gigantea
25904	"Fontinalis howellii"	http://ucjeps.berkeley.edu/cgi-bin/get_moss_treatment.pl?taxon=Fontinalis%20howellii
25899	"Fontinalis hypnoides"	http://ucjeps.berkeley.edu/cgi-bin/get_moss_treatment.pl?taxon=Fontinalis%20hypnoides
25901	"Fontinalis mollis"	http://ucjeps.berkeley.edu/cgi-bin/get_moss_treatment.pl?taxon=Fontinalis%20mollis
25900	"Fontinalis neomexicana"	http://ucjeps.berkeley.edu/cgi-bin/get_moss_treatment.pl?taxon=Fontinalis%20neomexicana
25338	Funaria	http://ucjeps.berkeley.edu/cgi-bin/get_moss_gk.pl?genus=Funaria
25909	"Funaria calvescens"	http://ucjeps.berkeley.edu/cgi-bin/get_moss_treatment.pl?taxon=Funaria%20calvescens
25906	"Funaria convexa"	http://ucjeps.berkeley.edu/cgi-bin/get_moss_treatment.pl?taxon=Funaria%20convexa
25910	"Funaria hygrometrica"	http://ucjeps.berkeley.edu/cgi-bin/get_moss_treatment.pl?taxon=Funaria%20hygrometrica
25908	"Funaria microstoma"	http://ucjeps.berkeley.edu/cgi-bin/get_moss_treatment.pl?taxon=Funaria%20microstoma
25907	"Funaria muhlenbergii"	http://ucjeps.berkeley.edu/cgi-bin/get_moss_treatment.pl?taxon=Funaria%20muhlenbergii
25313	Grimmia	http://ucjeps.berkeley.edu/cgi-bin/get_moss_gk.pl?genus=Grimmia
25988	"Grimmia alpestris"	http://ucjeps.berkeley.edu/cgi-bin/get_moss_treatment.pl?taxon=Grimmia%20alpestris
26048	"Grimmia americana"	http://ucjeps.berkeley.edu/cgi-bin/get_moss_treatment.pl?taxon=Grimmia%20americana
26054	"Grimmia anodon"	http://ucjeps.berkeley.edu/cgi-bin/get_moss_treatment.pl?taxon=Grimmia%20anodon
25636	"Grimmia anomala"	http://ucjeps.berkeley.edu/cgi-bin/get_moss_treatment.pl?taxon=Grimmia%20anomala
26059	"Grimmia arcuatifolia"	http://ucjeps.berkeley.edu/cgi-bin/get_moss_treatment.pl?taxon=Grimmia%20arcuatifolia
26033	"Grimmia caespiticia"	http://ucjeps.berkeley.edu/cgi-bin/get_moss_treatment.pl?taxon=Grimmia%20caespiticia
26041	"Grimmia donniana"	http://ucjeps.berkeley.edu/cgi-bin/get_moss_treatment.pl?taxon=Grimmia%20donniana
25942	"Grimmia elatior"	http://ucjeps.berkeley.edu/cgi-bin/get_moss_treatment.pl?taxon=Grimmia%20elatior
26038	"Grimmia hamulosa"	http://ucjeps.berkeley.edu/cgi-bin/get_moss_treatment.pl?taxon=Grimmia%20hamulosa
26043	"Grimmia hartmanii"	http://ucjeps.berkeley.edu/cgi-bin/get_moss_treatment.pl?taxon=Grimmia%20hartmanii
26037	"Grimmia incurva"	http://ucjeps.berkeley.edu/cgi-bin/get_moss_treatment.pl?taxon=Grimmia%20incurva
26036	"Grimmia laevigata"	http://ucjeps.berkeley.edu/cgi-bin/get_moss_treatment.pl?taxon=Grimmia%20laevigata
26061	"Grimmia leibergii"	http://ucjeps.berkeley.edu/cgi-bin/get_moss_treatment.pl?taxon=Grimmia%20leibergii
25969	"Grimmia lesherae"	http://ucjeps.berkeley.edu/cgi-bin/get_moss_treatment.pl?taxon=Grimmia%20lesherae
26058	"Grimmia lisae"	http://ucjeps.berkeley.edu/cgi-bin/get_moss_treatment.pl?taxon=Grimmia%20lisae
26060	"Grimmia longirostris"	http://ucjeps.berkeley.edu/cgi-bin/get_moss_treatment.pl?taxon=Grimmia%20longirostris
26050	"Grimmia mariniana"	http://ucjeps.berkeley.edu/cgi-bin/get_moss_treatment.pl?taxon=Grimmia%20mariniana
26031	"Grimmia mollis"	http://ucjeps.berkeley.edu/cgi-bin/get_moss_treatment.pl?taxon=Grimmia%20mollis
26056	"Grimmia montana"	http://ucjeps.berkeley.edu/cgi-bin/get_moss_treatment.pl?taxon=Grimmia%20montana
26067	"Grimmia moxleyi"	http://ucjeps.berkeley.edu/cgi-bin/get_moss_treatment.pl?taxon=Grimmia%20moxleyi
26051	"Grimmia nevadensis"	http://ucjeps.berkeley.edu/cgi-bin/get_moss_treatment.pl?taxon=Grimmia%20nevadensis
26068	"Grimmia orbicularis"	http://ucjeps.berkeley.edu/cgi-bin/get_moss_treatment.pl?taxon=Grimmia%20orbicularis
26044	"Grimmia ovalis"	http://ucjeps.berkeley.edu/cgi-bin/get_moss_treatment.pl?taxon=Grimmia%20ovalis
26063	"Grimmia pilifera"	http://ucjeps.berkeley.edu/cgi-bin/get_moss_treatment.pl?taxon=Grimmia%20pilifera
26053	"Grimmia plagiopodia"	http://ucjeps.berkeley.edu/cgi-bin/get_moss_treatment.pl?taxon=Grimmia%20plagiopodia
26049	"Grimmia poecilostoma"	http://ucjeps.berkeley.edu/cgi-bin/get_moss_treatment.pl?taxon=Grimmia%20poecilostoma
26066	"Grimmia pulvinata"	http://ucjeps.berkeley.edu/cgi-bin/get_moss_treatment.pl?taxon=Grimmia%20pulvinata
26011	"Grimmia ramondii"	http://ucjeps.berkeley.edu/cgi-bin/get_moss_treatment.pl?taxon=Grimmia%20ramondii
26052	"Grimmia reflexidens"	http://ucjeps.berkeley.edu/cgi-bin/get_moss_treatment.pl?taxon=Grimmia%20reflexidens
26042	"Grimmia serrana"	http://ucjeps.berkeley.edu/cgi-bin/get_moss_treatment.pl?taxon=Grimmia%20serrana
26055	"Grimmia shastae"	http://ucjeps.berkeley.edu/cgi-bin/get_moss_treatment.pl?taxon=Grimmia%20shastae
26047	"Grimmia tergestina"	http://ucjeps.berkeley.edu/cgi-bin/get_moss_treatment.pl?taxon=Grimmia%20tergestina
26035	"Grimmia torquata"	http://ucjeps.berkeley.edu/cgi-bin/get_moss_treatment.pl?taxon=Grimmia%20torquata
26064	"Grimmia trichophylla"	http://ucjeps.berkeley.edu/cgi-bin/get_moss_treatment.pl?taxon=Grimmia%20trichophylla
26057	"Grimmia ungeri"	http://ucjeps.berkeley.edu/cgi-bin/get_moss_treatment.pl?taxon=Grimmia%20ungeri
26032	"Grimmia unicolor"	http://ucjeps.berkeley.edu/cgi-bin/get_moss_treatment.pl?taxon=Grimmia%20unicolor
25330	Gymnostomum	http://ucjeps.berkeley.edu/cgi-bin/get_moss_gk.pl?genus=Gymnostomum
26073	"Gymnostomum aeruginosum"	http://ucjeps.berkeley.edu/cgi-bin/get_moss_treatment.pl?taxon=Gymnostomum%20aeruginosum
26072	"Gymnostomum calcareum"	http://ucjeps.berkeley.edu/cgi-bin/get_moss_treatment.pl?taxon=Gymnostomum%20calcareum
25845	"Hamatocaulis vernicosus"	http://ucjeps.berkeley.edu/cgi-bin/get_moss_treatment.pl?taxon=Hamatocaulis%20vernicosus
25292	Hedwigia	http://ucjeps.berkeley.edu/cgi-bin/get_moss_gk.pl?genus=Hedwigia
26078	"Hedwigia ciliata"	http://ucjeps.berkeley.edu/cgi-bin/get_moss_treatment.pl?taxon=Hedwigia%20ciliata
26079	"Hedwigia detonsa"	http://ucjeps.berkeley.edu/cgi-bin/get_moss_treatment.pl?taxon=Hedwigia%20detonsa
26080	"Hedwigia stellata"	http://ucjeps.berkeley.edu/cgi-bin/get_moss_treatment.pl?taxon=Hedwigia%20stellata
26101	"Helodium blandowii"	http://ucjeps.berkeley.edu/cgi-bin/get_moss_treatment.pl?taxon=Helodium%20blandowii
26375	"Hennediella heimii"	http://ucjeps.berkeley.edu/cgi-bin/get_moss_treatment.pl?taxon=Hennediella%20heimii
26372	"Hennediella stanfordensis"	http://ucjeps.berkeley.edu/cgi-bin/get_moss_treatment.pl?taxon=Hennediella%20stanfordensis
26123	"Herzogiella seligeri"	http://ucjeps.berkeley.edu/cgi-bin/get_moss_treatment.pl?taxon=Herzogiella%20seligeri
26122	"Herzogiella striatella"	http://ucjeps.berkeley.edu/cgi-bin/get_moss_treatment.pl?taxon=Herzogiella%20striatella
25296	Heterocladium	http://ucjeps.berkeley.edu/cgi-bin/get_moss_gk.pl?genus=Heterocladium
26083	"Heterocladium dimorphum"	http://ucjeps.berkeley.edu/cgi-bin/get_moss_treatment.pl?taxon=Heterocladium%20dimorphum
25916	"Heterocladium macounii"	http://ucjeps.berkeley.edu/cgi-bin/get_moss_treatment.pl?taxon=Heterocladium%20macounii
25920	"Heterocladium procurrens"	http://ucjeps.berkeley.edu/cgi-bin/get_moss_treatment.pl?taxon=Heterocladium%20procurrens
26161	"Homalia trichomanoides"	http://ucjeps.berkeley.edu/cgi-bin/get_moss_treatment.pl?taxon=Homalia%20trichomanoides
25365	Homalothecium	http://ucjeps.berkeley.edu/cgi-bin/get_moss_gk.pl?genus=Homalothecium
26025	"Homalothecium aeneum"	http://ucjeps.berkeley.edu/cgi-bin/get_moss_treatment.pl?taxon=Homalothecium%20aeneum
26086	"Homalothecium arenarium"	http://ucjeps.berkeley.edu/cgi-bin/get_moss_treatment.pl?taxon=Homalothecium%20arenarium
26087	"Homalothecium californicum"	http://ucjeps.berkeley.edu/cgi-bin/get_moss_treatment.pl?taxon=Homalothecium%20californicum
26089	"Homalothecium fulgescens"	http://ucjeps.berkeley.edu/cgi-bin/get_moss_treatment.pl?taxon=Homalothecium%20fulgescens
26091	"Homalothecium nevadense"	http://ucjeps.berkeley.edu/cgi-bin/get_moss_treatment.pl?taxon=Homalothecium%20nevadense
26090	"Homalothecium nuttallii"	http://ucjeps.berkeley.edu/cgi-bin/get_moss_treatment.pl?taxon=Homalothecium%20nuttallii
26088	"Homalothecium pinnatifidum"	http://ucjeps.berkeley.edu/cgi-bin/get_moss_treatment.pl?taxon=Homalothecium%20pinnatifidum
26113	"Homomallium mexicanum"	http://ucjeps.berkeley.edu/cgi-bin/get_moss_treatment.pl?taxon=Homomallium%20mexicanum
25298	Hookeria	http://ucjeps.berkeley.edu/cgi-bin/get_moss_gk.pl?genus=Hookeria
25918	"Hookeria acutifolia"	http://ucjeps.berkeley.edu/cgi-bin/get_moss_treatment.pl?taxon=Hookeria%20acutifolia
26092	"Hookeria lucens"	http://ucjeps.berkeley.edu/cgi-bin/get_moss_treatment.pl?taxon=Hookeria%20lucens
25628	"Hygroamblystegium tenax"	http://ucjeps.berkeley.edu/cgi-bin/get_moss_treatment.pl?taxon=Hygroamblystegium%20tenax
25301	Hygrohypnum	http://ucjeps.berkeley.edu/cgi-bin/get_moss_gk.pl?genus=Hygrohypnum
26099	"Hygrohypnum alpinum"	http://ucjeps.berkeley.edu/cgi-bin/get_moss_treatment.pl?taxon=Hygrohypnum%20alpinum
26095	"Hygrohypnum bestii"	http://ucjeps.berkeley.edu/cgi-bin/get_moss_treatment.pl?taxon=Hygrohypnum%20bestii
26097	"Hygrohypnum cochlearifolium"	http://ucjeps.berkeley.edu/cgi-bin/get_moss_treatment.pl?taxon=Hygrohypnum%20cochlearifolium
26100	"Hygrohypnum duriusculum"	http://ucjeps.berkeley.edu/cgi-bin/get_moss_treatment.pl?taxon=Hygrohypnum%20duriusculum
26094	"Hygrohypnum luridum"	http://ucjeps.berkeley.edu/cgi-bin/get_moss_treatment.pl?taxon=Hygrohypnum%20luridum
26098	"Hygrohypnum molle"	http://ucjeps.berkeley.edu/cgi-bin/get_moss_treatment.pl?taxon=Hygrohypnum%20molle
25922	"Hygrohypnum ochraceum"	http://ucjeps.berkeley.edu/cgi-bin/get_moss_treatment.pl?taxon=Hygrohypnum%20ochraceum
26096	"Hygrohypnum smithii"	http://ucjeps.berkeley.edu/cgi-bin/get_moss_treatment.pl?taxon=Hygrohypnum%20smithii
26093	"Hygrohypnum styriacum"	http://ucjeps.berkeley.edu/cgi-bin/get_moss_treatment.pl?taxon=Hygrohypnum%20styriacum
25295	Hylocomium	http://ucjeps.berkeley.edu/cgi-bin/get_moss_gk.pl?genus=Hylocomium
26104	"Hylocomium splendens"	http://ucjeps.berkeley.edu/cgi-bin/get_moss_treatment.pl?taxon=Hylocomium%20splendens
26071	"Hymenostylium: H recurvirostrum"	http://ucjeps.berkeley.edu/cgi-bin/get_moss_treatment.pl?taxon=Hymenostylium:%20H%20recurvirostrum
25299	Hypnum	http://ucjeps.berkeley.edu/cgi-bin/get_moss_gk.pl?genus=Hypnum
26126	"Hypnum callichroum"	http://ucjeps.berkeley.edu/cgi-bin/get_moss_treatment.pl?taxon=Hypnum%20callichroum
26127	"Hypnum circinale"	http://ucjeps.berkeley.edu/cgi-bin/get_moss_treatment.pl?taxon=Hypnum%20circinale
26117	"Hypnum cupressiforme"	http://ucjeps.berkeley.edu/cgi-bin/get_moss_treatment.pl?taxon=Hypnum%20cupressiforme
26125	"Hypnum dieckii"	http://ucjeps.berkeley.edu/cgi-bin/get_moss_treatment.pl?taxon=Hypnum%20dieckii
26120	"Hypnum lindbergii"	http://ucjeps.berkeley.edu/cgi-bin/get_moss_treatment.pl?taxon=Hypnum%20lindbergii
26112	"Hypnum revolutum"	http://ucjeps.berkeley.edu/cgi-bin/get_moss_treatment.pl?taxon=Hypnum%20revolutum
26124	"Hypnum subimponens"	http://ucjeps.berkeley.edu/cgi-bin/get_moss_treatment.pl?taxon=Hypnum%20subimponens
26116	"Hypnum vaucheri"	http://ucjeps.berkeley.edu/cgi-bin/get_moss_treatment.pl?taxon=Hypnum%20vaucheri
26128	"Isopterygiopsis pulchella"	http://ucjeps.berkeley.edu/cgi-bin/get_moss_treatment.pl?taxon=Isopterygiopsis%20pulchella
26223	"Isopterygium tenerum"	http://ucjeps.berkeley.edu/cgi-bin/get_moss_treatment.pl?taxon=Isopterygium%20tenerum
25315	Isothecium	http://ucjeps.berkeley.edu/cgi-bin/get_moss_gk.pl?genus=Isothecium
26134	"Iwatsukiella: I leucotricha"	http://ucjeps.berkeley.edu/cgi-bin/get_moss_treatment.pl?taxon=Iwatsukiella:%20I%20leucotricha
47657	Jaffueliobryum	
26045	"Jaffueliobryum raui"	http://ucjeps.berkeley.edu/cgi-bin/get_moss_treatment.pl?taxon=Jaffueliobryum%20raui
26046	"Jaffueliobryum wrightii"	http://ucjeps.berkeley.edu/cgi-bin/get_moss_treatment.pl?taxon=Jaffueliobryum%20wrightii
25353	Kiaeria	http://ucjeps.berkeley.edu/cgi-bin/get_moss_gk.pl?genus=Kiaeria
26132	"Kiaeria blyttii"	http://ucjeps.berkeley.edu/cgi-bin/get_moss_treatment.pl?taxon=Kiaeria%20blyttii
26133	"Kiaeria falcata"	http://ucjeps.berkeley.edu/cgi-bin/get_moss_treatment.pl?taxon=Kiaeria%20falcata
26131	"Kiaeria starkei"	http://ucjeps.berkeley.edu/cgi-bin/get_moss_treatment.pl?taxon=Kiaeria%20starkei
25364	Kindbergia	http://ucjeps.berkeley.edu/cgi-bin/get_moss_gk.pl?genus=Kindbergia
25872	"Kindbergia oregana"	http://ucjeps.berkeley.edu/cgi-bin/get_moss_treatment.pl?taxon=Kindbergia%20oregana
25873	"Kindbergia praelonga"	http://ucjeps.berkeley.edu/cgi-bin/get_moss_treatment.pl?taxon=Kindbergia%20praelonga
26146	"Leptobryum pyriforme"	http://ucjeps.berkeley.edu/cgi-bin/get_moss_treatment.pl?taxon=Leptobryum%20pyriforme
25630	"Leptodictyum humile"	http://ucjeps.berkeley.edu/cgi-bin/get_moss_treatment.pl?taxon=Leptodictyum%20humile
25627	"Leptodictyum riparium"	http://ucjeps.berkeley.edu/cgi-bin/get_moss_treatment.pl?taxon=Leptodictyum%20riparium
26368	"Leptophascum leptophyllum"	http://ucjeps.berkeley.edu/cgi-bin/get_moss_treatment.pl?taxon=Leptophascum%20leptophyllum
26136	"Leptopterigynandrum austro-alpinum"	http://ucjeps.berkeley.edu/cgi-bin/get_moss_treatment.pl?taxon=Leptopterigynandrum%20austro-alpinum
25293	Lescuraea	http://ucjeps.berkeley.edu/cgi-bin/get_moss_gk.pl?genus=Lescuraea
26143	"Lescuraea atricha"	http://ucjeps.berkeley.edu/cgi-bin/get_moss_treatment.pl?taxon=Lescuraea%20atricha
26140	"Lescuraea baileyi"	http://ucjeps.berkeley.edu/cgi-bin/get_moss_treatment.pl?taxon=Lescuraea%20baileyi
25947	"Lescuraea incurvata"	http://ucjeps.berkeley.edu/cgi-bin/get_moss_treatment.pl?taxon=Lescuraea%20incurvata
26144	"Lescuraea pallida"	http://ucjeps.berkeley.edu/cgi-bin/get_moss_treatment.pl?taxon=Lescuraea%20pallida
26138	"Lescuraea patens"	http://ucjeps.berkeley.edu/cgi-bin/get_moss_treatment.pl?taxon=Lescuraea%20patens
26145	"Lescuraea radicosa"	http://ucjeps.berkeley.edu/cgi-bin/get_moss_treatment.pl?taxon=Lescuraea%20radicosa
26142	"Lescuraea saviana"	http://ucjeps.berkeley.edu/cgi-bin/get_moss_treatment.pl?taxon=Lescuraea%20saviana
26141	"Lescuraea stenophylla"	http://ucjeps.berkeley.edu/cgi-bin/get_moss_treatment.pl?taxon=Lescuraea%20stenophylla
26139	"Leskea polycarpa"	http://ucjeps.berkeley.edu/cgi-bin/get_moss_treatment.pl?taxon=Leskea%20polycarpa
26162	"Leucolepis acanthoneura"	http://ucjeps.berkeley.edu/cgi-bin/get_moss_treatment.pl?taxon=Leucolepis%20acanthoneura
25625	"Limbella fryei"	http://ucjeps.berkeley.edu/cgi-bin/get_moss_treatment.pl?taxon=Limbella%20fryei
25852	"Limprichtia revolvens"	http://ucjeps.berkeley.edu/cgi-bin/get_moss_treatment.pl?taxon=Limprichtia%20revolvens
25612	"Lorentziella imbricata"	http://ucjeps.berkeley.edu/cgi-bin/get_moss_treatment.pl?taxon=Lorentziella%20imbricata
25355	Meesia	http://ucjeps.berkeley.edu/cgi-bin/get_moss_gk.pl?genus=Meesia
26016	"Meesia longiseta"	http://ucjeps.berkeley.edu/cgi-bin/get_moss_treatment.pl?taxon=Meesia%20longiseta
26002	"Meesia triquetra"	http://ucjeps.berkeley.edu/cgi-bin/get_moss_treatment.pl?taxon=Meesia%20triquetra
26003	"Meesia uliginosa"	http://ucjeps.berkeley.edu/cgi-bin/get_moss_treatment.pl?taxon=Meesia%20uliginosa
26227	"Meiotrichum lyallii"	http://ucjeps.berkeley.edu/cgi-bin/get_moss_treatment.pl?taxon=Meiotrichum%20lyallii
26158	"Metaneckera menziesii"	http://ucjeps.berkeley.edu/cgi-bin/get_moss_treatment.pl?taxon=Metaneckera%20menziesii
25780	"Meteorium nigrescens"	http://ucjeps.berkeley.edu/cgi-bin/get_moss_treatment.pl?taxon=Meteorium%20nigrescens
25332	Microbryum	http://ucjeps.berkeley.edu/cgi-bin/get_moss_gk.pl?genus=Microbryum
26148	"Microbryum davallianum"	http://ucjeps.berkeley.edu/cgi-bin/get_moss_treatment.pl?taxon=Microbryum%20davallianum
26149	"Microbryum starckeanum"	http://ucjeps.berkeley.edu/cgi-bin/get_moss_treatment.pl?taxon=Microbryum%20starckeanum
26147	"Microbryum vlassovii"	http://ucjeps.berkeley.edu/cgi-bin/get_moss_treatment.pl?taxon=Microbryum%20vlassovii
47670	Mielichhoferia	
26150	"Mielichhoferia elongata"	http://ucjeps.berkeley.edu/cgi-bin/get_moss_treatment.pl?taxon=Mielichhoferia%20elongata
26151	"Mielichhoferia shevockii"	http://ucjeps.berkeley.edu/cgi-bin/get_moss_treatment.pl?taxon=Mielichhoferia%20shevockii
26152	"Mielichhoferia tehamensis"	http://ucjeps.berkeley.edu/cgi-bin/get_moss_treatment.pl?taxon=Mielichhoferia%20tehamensis
26242	"Mielichhoferia: various species"	http://ucjeps.berkeley.edu/cgi-bin/get_moss_treatment.pl?taxon=Mielichhoferia:%20various%20species
25337	Mnium	http://ucjeps.berkeley.edu/cgi-bin/get_moss_gk.pl?genus=Mnium
25978	"Mnium ambiguum"	http://ucjeps.berkeley.edu/cgi-bin/get_moss_treatment.pl?taxon=Mnium%20ambiguum
26153	"Mnium arizonicum"	http://ucjeps.berkeley.edu/cgi-bin/get_moss_treatment.pl?taxon=Mnium%20arizonicum
26155	"Mnium blyttii"	http://ucjeps.berkeley.edu/cgi-bin/get_moss_treatment.pl?taxon=Mnium%20blyttii
26157	"Mnium marginatum"	http://ucjeps.berkeley.edu/cgi-bin/get_moss_treatment.pl?taxon=Mnium%20marginatum
26154	"Mnium spinulosum"	http://ucjeps.berkeley.edu/cgi-bin/get_moss_treatment.pl?taxon=Mnium%20spinulosum
26156	"Mnium thomsonii"	http://ucjeps.berkeley.edu/cgi-bin/get_moss_treatment.pl?taxon=Mnium%20thomsonii
26074	"Molendoa sendtneriana"	http://ucjeps.berkeley.edu/cgi-bin/get_moss_treatment.pl?taxon=Molendoa%20sendtneriana
26081	"Myurella julacea"	http://ucjeps.berkeley.edu/cgi-bin/get_moss_treatment.pl?taxon=Myurella%20julacea
25297	Neckera	http://ucjeps.berkeley.edu/cgi-bin/get_moss_gk.pl?genus=Neckera
25917	"Neckera douglasii"	http://ucjeps.berkeley.edu/cgi-bin/get_moss_treatment.pl?taxon=Neckera%20douglasii
26354	"Oedipodium griffithianum"	http://ucjeps.berkeley.edu/cgi-bin/get_moss_treatment.pl?taxon=Oedipodium%20griffithianum
25667	Oligotrichum	http://ucjeps.berkeley.edu/cgi-bin/get_moss_gk.pl?genus=Oligotrichum
25362	Oncophorus	http://ucjeps.berkeley.edu/cgi-bin/get_moss_gk.pl?genus=Oncophorus
25371	"Orthodicranum tauricum"	http://ucjeps.berkeley.edu/cgi-bin/get_moss_treatment.pl?taxon=Orthodicranum%20tauricum
25352	Orthodontium	http://ucjeps.berkeley.edu/cgi-bin/get_moss_gk.pl?genus=Orthodontium
26111	"Orthothecium chryseum"	http://ucjeps.berkeley.edu/cgi-bin/get_moss_treatment.pl?taxon=Orthothecium%20chryseum
25327	Orthotrichum	http://ucjeps.berkeley.edu/cgi-bin/get_moss_gk.pl?genus=Orthotrichum
25970	"Orthotrichum affine"	http://ucjeps.berkeley.edu/cgi-bin/get_moss_treatment.pl?taxon=Orthotrichum%20affine
26194	"Orthotrichum alpestre"	http://ucjeps.berkeley.edu/cgi-bin/get_moss_treatment.pl?taxon=Orthotrichum%20alpestre
26185	"Orthotrichum anomalum"	http://ucjeps.berkeley.edu/cgi-bin/get_moss_treatment.pl?taxon=Orthotrichum%20anomalum
25961	"Orthotrichum bolanderi"	http://ucjeps.berkeley.edu/cgi-bin/get_moss_treatment.pl?taxon=Orthotrichum%20bolanderi
26171	"Orthotrichum consimile"	http://ucjeps.berkeley.edu/cgi-bin/get_moss_treatment.pl?taxon=Orthotrichum%20consimile
26186	"Orthotrichum cupulatum"	http://ucjeps.berkeley.edu/cgi-bin/get_moss_treatment.pl?taxon=Orthotrichum%20cupulatum
26183	"Orthotrichum diaphanum"	http://ucjeps.berkeley.edu/cgi-bin/get_moss_treatment.pl?taxon=Orthotrichum%20diaphanum
26015	"Orthotrichum euryphyllum"	http://ucjeps.berkeley.edu/cgi-bin/get_moss_treatment.pl?taxon=Orthotrichum%20euryphyllum
26192	"Orthotrichum flowersii"	http://ucjeps.berkeley.edu/cgi-bin/get_moss_treatment.pl?taxon=Orthotrichum%20flowersii
26188	"Orthotrichum hallii"	http://ucjeps.berkeley.edu/cgi-bin/get_moss_treatment.pl?taxon=Orthotrichum%20hallii
26173	"Orthotrichum holzingeri"	http://ucjeps.berkeley.edu/cgi-bin/get_moss_treatment.pl?taxon=Orthotrichum%20holzingeri
26181	"Orthotrichum laevigatum"	http://ucjeps.berkeley.edu/cgi-bin/get_moss_treatment.pl?taxon=Orthotrichum%20laevigatum
26168	"Orthotrichum lyellii"	http://ucjeps.berkeley.edu/cgi-bin/get_moss_treatment.pl?taxon=Orthotrichum%20lyellii
26182	"Orthotrichum macounii"	http://ucjeps.berkeley.edu/cgi-bin/get_moss_treatment.pl?taxon=Orthotrichum%20macounii
26172	"Orthotrichum obtusifolium"	http://ucjeps.berkeley.edu/cgi-bin/get_moss_treatment.pl?taxon=Orthotrichum%20obtusifolium
26195	"Orthotrichum pallens"	http://ucjeps.berkeley.edu/cgi-bin/get_moss_treatment.pl?taxon=Orthotrichum%20pallens
26169	"Orthotrichum papillosum"	http://ucjeps.berkeley.edu/cgi-bin/get_moss_treatment.pl?taxon=Orthotrichum%20papillosum
26187	"Orthotrichum pellucidum"	http://ucjeps.berkeley.edu/cgi-bin/get_moss_treatment.pl?taxon=Orthotrichum%20pellucidum
26180	"Orthotrichum praemorsum"	http://ucjeps.berkeley.edu/cgi-bin/get_moss_treatment.pl?taxon=Orthotrichum%20praemorsum
26170	"Orthotrichum pulchellum"	http://ucjeps.berkeley.edu/cgi-bin/get_moss_treatment.pl?taxon=Orthotrichum%20pulchellum
26193	"Orthotrichum pumilum"	http://ucjeps.berkeley.edu/cgi-bin/get_moss_treatment.pl?taxon=Orthotrichum%20pumilum
26179	"Orthotrichum pylaisii"	http://ucjeps.berkeley.edu/cgi-bin/get_moss_treatment.pl?taxon=Orthotrichum%20pylaisii
26189	"Orthotrichum rivulare"	http://ucjeps.berkeley.edu/cgi-bin/get_moss_treatment.pl?taxon=Orthotrichum%20rivulare
26178	"Orthotrichum rupestre"	http://ucjeps.berkeley.edu/cgi-bin/get_moss_treatment.pl?taxon=Orthotrichum%20rupestre
26190	"Orthotrichum shevockii"	http://ucjeps.berkeley.edu/cgi-bin/get_moss_treatment.pl?taxon=Orthotrichum%20shevockii
26184	"Orthotrichum species A"	http://ucjeps.berkeley.edu/cgi-bin/get_moss_treatment.pl?taxon=Orthotrichum%20species%20A
26176	"Orthotrichum speciosum"	http://ucjeps.berkeley.edu/cgi-bin/get_moss_treatment.pl?taxon=Orthotrichum%20speciosum
26175	"Orthotrichum spjutii"	http://ucjeps.berkeley.edu/cgi-bin/get_moss_treatment.pl?taxon=Orthotrichum%20spjutii
26174	"Orthotrichum striatum"	http://ucjeps.berkeley.edu/cgi-bin/get_moss_treatment.pl?taxon=Orthotrichum%20striatum
26196	"Orthotrichum tenellum"	http://ucjeps.berkeley.edu/cgi-bin/get_moss_treatment.pl?taxon=Orthotrichum%20tenellum
26177	"Orthotrichum texanum"	http://ucjeps.berkeley.edu/cgi-bin/get_moss_treatment.pl?taxon=Orthotrichum%20texanum
26191	"Orthotrichum underwoodii"	http://ucjeps.berkeley.edu/cgi-bin/get_moss_treatment.pl?taxon=Orthotrichum%20underwoodii
26366	"Oxystegus tenuirostris"	http://ucjeps.berkeley.edu/cgi-bin/get_moss_treatment.pl?taxon=Oxystegus%20tenuirostris
47679	Palustriella	
25842	"Palustriella commutata"	http://ucjeps.berkeley.edu/cgi-bin/get_moss_treatment.pl?taxon=Palustriella%20commutata
25843	"Palustriella falcata"	http://ucjeps.berkeley.edu/cgi-bin/get_moss_treatment.pl?taxon=Palustriella%20falcata
25771	"Paraleucobryum enerve"	http://ucjeps.berkeley.edu/cgi-bin/get_moss_treatment.pl?taxon=Paraleucobryum%20enerve
25611	"Phascum cuspidatum"	http://ucjeps.berkeley.edu/cgi-bin/get_moss_treatment.pl?taxon=Phascum%20cuspidatum
25323	Philonotis	http://ucjeps.berkeley.edu/cgi-bin/get_moss_gk.pl?genus=Philonotis
25956	"Philonotis americana"	http://ucjeps.berkeley.edu/cgi-bin/get_moss_treatment.pl?taxon=Philonotis%20americana
26202	"Philonotis caespitosa"	http://ucjeps.berkeley.edu/cgi-bin/get_moss_treatment.pl?taxon=Philonotis%20caespitosa
26204	"Philonotis calcarea"	http://ucjeps.berkeley.edu/cgi-bin/get_moss_treatment.pl?taxon=Philonotis%20calcarea
26199	"Philonotis capillaris"	http://ucjeps.berkeley.edu/cgi-bin/get_moss_treatment.pl?taxon=Philonotis%20capillaris
26205	"Philonotis fontana"	http://ucjeps.berkeley.edu/cgi-bin/get_moss_treatment.pl?taxon=Philonotis%20fontana
26200	"Philonotis marchica"	http://ucjeps.berkeley.edu/cgi-bin/get_moss_treatment.pl?taxon=Philonotis%20marchica
26198	"Philonotis muhlenbergii"	http://ucjeps.berkeley.edu/cgi-bin/get_moss_treatment.pl?taxon=Philonotis%20muhlenbergii
26206	"Philonotis tomentella"	http://ucjeps.berkeley.edu/cgi-bin/get_moss_treatment.pl?taxon=Philonotis%20tomentella
26201	"Philonotis uncinata"	http://ucjeps.berkeley.edu/cgi-bin/get_moss_treatment.pl?taxon=Philonotis%20uncinata
26203	"Philonotis yezoana"	http://ucjeps.berkeley.edu/cgi-bin/get_moss_treatment.pl?taxon=Philonotis%20yezoana
25615	"Physcomitrella readeri"	http://ucjeps.berkeley.edu/cgi-bin/get_moss_treatment.pl?taxon=Physcomitrella%20readeri
25340	Physcomitrium	http://ucjeps.berkeley.edu/cgi-bin/get_moss_gk.pl?genus=Physcomitrium
25980	"Physcomitrium californicum"	http://ucjeps.berkeley.edu/cgi-bin/get_moss_treatment.pl?taxon=Physcomitrium%20californicum
26208	"Physcomitrium collenchymatum"	http://ucjeps.berkeley.edu/cgi-bin/get_moss_treatment.pl?taxon=Physcomitrium%20collenchymatum
26207	"Physcomitrium hookeri"	http://ucjeps.berkeley.edu/cgi-bin/get_moss_treatment.pl?taxon=Physcomitrium%20hookeri
25617	"Physcomitrium immersum"	http://ucjeps.berkeley.edu/cgi-bin/get_moss_treatment.pl?taxon=Physcomitrium%20immersum
26209	"Physcomitrium pygmaeum"	http://ucjeps.berkeley.edu/cgi-bin/get_moss_treatment.pl?taxon=Physcomitrium%20pygmaeum
26210	"Physcomitrium pyriforme"	http://ucjeps.berkeley.edu/cgi-bin/get_moss_treatment.pl?taxon=Physcomitrium%20pyriforme
25710	"Plagiobryum zierii"	http://ucjeps.berkeley.edu/cgi-bin/get_moss_treatment.pl?taxon=Plagiobryum%20zierii
25335	Plagiomnium	http://ucjeps.berkeley.edu/cgi-bin/get_moss_gk.pl?genus=Plagiomnium
26211	"Plagiomnium cuspidatum"	http://ucjeps.berkeley.edu/cgi-bin/get_moss_treatment.pl?taxon=Plagiomnium%20cuspidatum
26212	"Plagiomnium drummondii"	http://ucjeps.berkeley.edu/cgi-bin/get_moss_treatment.pl?taxon=Plagiomnium%20drummondii
26216	"Plagiomnium ellipticum"	http://ucjeps.berkeley.edu/cgi-bin/get_moss_treatment.pl?taxon=Plagiomnium%20ellipticum
26213	"Plagiomnium insigne"	http://ucjeps.berkeley.edu/cgi-bin/get_moss_treatment.pl?taxon=Plagiomnium%20insigne
26214	"Plagiomnium medium"	http://ucjeps.berkeley.edu/cgi-bin/get_moss_treatment.pl?taxon=Plagiomnium%20medium
26215	"Plagiomnium rostratum"	http://ucjeps.berkeley.edu/cgi-bin/get_moss_treatment.pl?taxon=Plagiomnium%20rostratum
25641	"Plagiopus oederianus"	http://ucjeps.berkeley.edu/cgi-bin/get_moss_treatment.pl?taxon=Plagiopus%20oederianus
25300	Plagiothecium	http://ucjeps.berkeley.edu/cgi-bin/get_moss_gk.pl?genus=Plagiothecium
26220	"Plagiothecium cavifolium"	http://ucjeps.berkeley.edu/cgi-bin/get_moss_treatment.pl?taxon=Plagiothecium%20cavifolium
26218	"Plagiothecium denticulatum"	http://ucjeps.berkeley.edu/cgi-bin/get_moss_treatment.pl?taxon=Plagiothecium%20denticulatum
26219	"Plagiothecium laetum"	http://ucjeps.berkeley.edu/cgi-bin/get_moss_treatment.pl?taxon=Plagiothecium%20laetum
26217	"Plagiothecium piliferum"	http://ucjeps.berkeley.edu/cgi-bin/get_moss_treatment.pl?taxon=Plagiothecium%20piliferum
25631	"Platydictya jungermannioides"	http://ucjeps.berkeley.edu/cgi-bin/get_moss_treatment.pl?taxon=Platydictya%20jungermannioides
25875	"Platyhypnidium riparioides"	http://ucjeps.berkeley.edu/cgi-bin/get_moss_treatment.pl?taxon=Platyhypnidium%20riparioides
26388	"Plaubelia sprengelii"	http://ucjeps.berkeley.edu/cgi-bin/get_moss_treatment.pl?taxon=Plaubelia%20sprengelii
25707	"Pleuridium acuminatum"	http://ucjeps.berkeley.edu/cgi-bin/get_moss_treatment.pl?taxon=Pleuridium%20acuminatum
25706	"Pleuridium subulatum"	http://ucjeps.berkeley.edu/cgi-bin/get_moss_treatment.pl?taxon=Pleuridium%20subulatum
26106	"Pleurozium schreberi"	http://ucjeps.berkeley.edu/cgi-bin/get_moss_treatment.pl?taxon=Pleurozium%20schreberi
25344	Pogonatum	http://ucjeps.berkeley.edu/cgi-bin/get_moss_gk.pl?genus=Pogonatum
26225	"Pogonatum contortum"	http://ucjeps.berkeley.edu/cgi-bin/get_moss_treatment.pl?taxon=Pogonatum%20contortum
26229	"Pogonatum dentatum"	http://ucjeps.berkeley.edu/cgi-bin/get_moss_treatment.pl?taxon=Pogonatum%20dentatum
26228	"Pogonatum urnigerum"	http://ucjeps.berkeley.edu/cgi-bin/get_moss_treatment.pl?taxon=Pogonatum%20urnigerum
25341	Pohlia	http://ucjeps.berkeley.edu/cgi-bin/get_moss_gk.pl?genus=Pohlia
26237	"Pohlia andalusica"	http://ucjeps.berkeley.edu/cgi-bin/get_moss_treatment.pl?taxon=Pohlia%20andalusica
26238	"Pohlia annotina"	http://ucjeps.berkeley.edu/cgi-bin/get_moss_treatment.pl?taxon=Pohlia%20annotina
26251	"Pohlia bolanderi"	http://ucjeps.berkeley.edu/cgi-bin/get_moss_treatment.pl?taxon=Pohlia%20bolanderi
26235	"Pohlia camptotrachela"	http://ucjeps.berkeley.edu/cgi-bin/get_moss_treatment.pl?taxon=Pohlia%20camptotrachela
26243	"Pohlia cardotii"	http://ucjeps.berkeley.edu/cgi-bin/get_moss_treatment.pl?taxon=Pohlia%20cardotii
26244	"Pohlia cruda"	http://ucjeps.berkeley.edu/cgi-bin/get_moss_treatment.pl?taxon=Pohlia%20cruda
26233	"Pohlia drummondii"	http://ucjeps.berkeley.edu/cgi-bin/get_moss_treatment.pl?taxon=Pohlia%20drummondii
26246	"Pohlia elongata"	http://ucjeps.berkeley.edu/cgi-bin/get_moss_treatment.pl?taxon=Pohlia%20elongata
26250	"Pohlia erecta"	http://ucjeps.berkeley.edu/cgi-bin/get_moss_treatment.pl?taxon=Pohlia%20erecta
26234	"Pohlia filum"	http://ucjeps.berkeley.edu/cgi-bin/get_moss_treatment.pl?taxon=Pohlia%20filum
26241	"Pohlia lescuriana"	http://ucjeps.berkeley.edu/cgi-bin/get_moss_treatment.pl?taxon=Pohlia%20lescuriana
26253	"Pohlia longibracteata"	http://ucjeps.berkeley.edu/cgi-bin/get_moss_treatment.pl?taxon=Pohlia%20longibracteata
26248	"Pohlia ludwigii"	http://ucjeps.berkeley.edu/cgi-bin/get_moss_treatment.pl?taxon=Pohlia%20ludwigii
26245	"Pohlia nutans"	http://ucjeps.berkeley.edu/cgi-bin/get_moss_treatment.pl?taxon=Pohlia%20nutans
26240	"Pohlia obtusifolia"	http://ucjeps.berkeley.edu/cgi-bin/get_moss_treatment.pl?taxon=Pohlia%20obtusifolia
26254	"Pohlia pacifica"	http://ucjeps.berkeley.edu/cgi-bin/get_moss_treatment.pl?taxon=Pohlia%20pacifica
26239	"Pohlia proligera"	http://ucjeps.berkeley.edu/cgi-bin/get_moss_treatment.pl?taxon=Pohlia%20proligera
26249	"Pohlia sphagnicola"	http://ucjeps.berkeley.edu/cgi-bin/get_moss_treatment.pl?taxon=Pohlia%20sphagnicola
26236	"Pohlia tundrae"	http://ucjeps.berkeley.edu/cgi-bin/get_moss_treatment.pl?taxon=Pohlia%20tundrae
26252	"Pohlia vexans"	http://ucjeps.berkeley.edu/cgi-bin/get_moss_treatment.pl?taxon=Pohlia%20vexans
26247	"Pohlia wahlenbergii"	http://ucjeps.berkeley.edu/cgi-bin/get_moss_treatment.pl?taxon=Pohlia%20wahlenbergii
26226	"Polytrichastrum alpinum"	http://ucjeps.berkeley.edu/cgi-bin/get_moss_treatment.pl?taxon=Polytrichastrum%20alpinum
25345	Polytrichum	http://ucjeps.berkeley.edu/cgi-bin/get_moss_gk.pl?genus=Polytrichum
26259	"Polytrichum commune"	http://ucjeps.berkeley.edu/cgi-bin/get_moss_treatment.pl?taxon=Polytrichum%20commune
26261	"Polytrichum formosum"	http://ucjeps.berkeley.edu/cgi-bin/get_moss_treatment.pl?taxon=Polytrichum%20formosum
26258	"Polytrichum juniperinum"	http://ucjeps.berkeley.edu/cgi-bin/get_moss_treatment.pl?taxon=Polytrichum%20juniperinum
26260	"Polytrichum longisetum"	http://ucjeps.berkeley.edu/cgi-bin/get_moss_treatment.pl?taxon=Polytrichum%20longisetum
26256	"Polytrichum piliferum"	http://ucjeps.berkeley.edu/cgi-bin/get_moss_treatment.pl?taxon=Polytrichum%20piliferum
26255	"Polytrichum sexangulare"	http://ucjeps.berkeley.edu/cgi-bin/get_moss_treatment.pl?taxon=Polytrichum%20sexangulare
26257	"Polytrichum strictum"	http://ucjeps.berkeley.edu/cgi-bin/get_moss_treatment.pl?taxon=Polytrichum%20strictum
26159	"Porotrichum bigelovii"	http://ucjeps.berkeley.edu/cgi-bin/get_moss_treatment.pl?taxon=Porotrichum%20bigelovii
26077	"Pseudobraunia californica"	http://ucjeps.berkeley.edu/cgi-bin/get_moss_treatment.pl?taxon=Pseudobraunia%20californica
25761	"Pseudocalliergon angustifolium"	http://ucjeps.berkeley.edu/cgi-bin/get_moss_treatment.pl?taxon=Pseudocalliergon%20angustifolium
25767	"Pseudocalliergon trifarium"	http://ucjeps.berkeley.edu/cgi-bin/get_moss_treatment.pl?taxon=Pseudocalliergon%20trifarium
25766	"Pseudocalliergon turgescens"	http://ucjeps.berkeley.edu/cgi-bin/get_moss_treatment.pl?taxon=Pseudocalliergon%20turgescens
47686	Pseudocrossidium	
25670	"Pseudocrossidium crinitum"	http://ucjeps.berkeley.edu/cgi-bin/get_moss_treatment.pl?taxon=Pseudocrossidium%20crinitum
25671	"Pseudocrossidium obtusulum"	http://ucjeps.berkeley.edu/cgi-bin/get_moss_treatment.pl?taxon=Pseudocrossidium%20obtusulum
47687	Pseudoleskeella	
25659	"Pseudoleskeella serpentinensis"	http://ucjeps.berkeley.edu/cgi-bin/get_moss_treatment.pl?taxon=Pseudoleskeella%20serpentinensis
26082	"Pseudoleskeella tectorum"	http://ucjeps.berkeley.edu/cgi-bin/get_moss_treatment.pl?taxon=Pseudoleskeella%20tectorum
25696	"Pseudoscleropodium purum"	http://ucjeps.berkeley.edu/cgi-bin/get_moss_treatment.pl?taxon=Pseudoscleropodium%20purum
26224	"Pseudotaxiphyllum elegans"	http://ucjeps.berkeley.edu/cgi-bin/get_moss_treatment.pl?taxon=Pseudotaxiphyllum%20elegans
26135	"Pterigynandrum filiforme"	http://ucjeps.berkeley.edu/cgi-bin/get_moss_treatment.pl?taxon=Pterigynandrum%20filiforme
25657	"Pterogonium gracile"	http://ucjeps.berkeley.edu/cgi-bin/get_moss_treatment.pl?taxon=Pterogonium%20gracile
25346	Pterygoneurum	http://ucjeps.berkeley.edu/cgi-bin/get_moss_gk.pl?genus=Pterygoneurum
25987	"Pterygoneurum californicum"	http://ucjeps.berkeley.edu/cgi-bin/get_moss_treatment.pl?taxon=Pterygoneurum%20californicum
26262	"Pterygoneurum lamellatum"	http://ucjeps.berkeley.edu/cgi-bin/get_moss_treatment.pl?taxon=Pterygoneurum%20lamellatum
26263	"Pterygoneurum ovatum"	http://ucjeps.berkeley.edu/cgi-bin/get_moss_treatment.pl?taxon=Pterygoneurum%20ovatum
26264	"Pterygoneurum subsessile"	http://ucjeps.berkeley.edu/cgi-bin/get_moss_treatment.pl?taxon=Pterygoneurum%20subsessile
26118	"Ptilium crista-castrensis"	http://ucjeps.berkeley.edu/cgi-bin/get_moss_treatment.pl?taxon=Ptilium%20crista-castrensis
25357	Ptychomitrium	http://ucjeps.berkeley.edu/cgi-bin/get_moss_gk.pl?genus=Ptychomitrium
25996	"Ptychomitrium gardneri"	http://ucjeps.berkeley.edu/cgi-bin/get_moss_treatment.pl?taxon=Ptychomitrium%20gardneri
26267	"Ptychomitrium serratum"	http://ucjeps.berkeley.edu/cgi-bin/get_moss_treatment.pl?taxon=Ptychomitrium%20serratum
26265	"Ptychomitrium sinense"	http://ucjeps.berkeley.edu/cgi-bin/get_moss_treatment.pl?taxon=Ptychomitrium%20sinense
26266	"Ptychomitrium species A"	http://ucjeps.berkeley.edu/cgi-bin/get_moss_treatment.pl?taxon=Ptychomitrium%20species%20A
26030	"Ptychomitrium: probably P. gardneri"	http://ucjeps.berkeley.edu/cgi-bin/get_moss_treatment.pl?taxon=Ptychomitrium:%20probably%20P%2E%20gardneri
25309	Racomitrium	http://ucjeps.berkeley.edu/cgi-bin/get_moss_gk.pl?genus=Racomitrium
26270	"Racomitrium aciculare"	http://ucjeps.berkeley.edu/cgi-bin/get_moss_treatment.pl?taxon=Racomitrium%20aciculare
26278	"Racomitrium affine"	http://ucjeps.berkeley.edu/cgi-bin/get_moss_treatment.pl?taxon=Racomitrium%20affine
26284	"Racomitrium brevipes"	http://ucjeps.berkeley.edu/cgi-bin/get_moss_treatment.pl?taxon=Racomitrium%20brevipes
26275	"Racomitrium depressum"	http://ucjeps.berkeley.edu/cgi-bin/get_moss_treatment.pl?taxon=Racomitrium%20depressum
26281	"Racomitrium elongatum"	http://ucjeps.berkeley.edu/cgi-bin/get_moss_treatment.pl?taxon=Racomitrium%20elongatum
26280	"Racomitrium ericoides"	http://ucjeps.berkeley.edu/cgi-bin/get_moss_treatment.pl?taxon=Racomitrium%20ericoides
26272	"Racomitrium fasciculare"	http://ucjeps.berkeley.edu/cgi-bin/get_moss_treatment.pl?taxon=Racomitrium%20fasciculare
26288	"Racomitrium heterostichum"	http://ucjeps.berkeley.edu/cgi-bin/get_moss_treatment.pl?taxon=Racomitrium%20heterostichum
26279	"Racomitrium lanuginosum"	http://ucjeps.berkeley.edu/cgi-bin/get_moss_treatment.pl?taxon=Racomitrium%20lanuginosum
26274	"Racomitrium macounii"	http://ucjeps.berkeley.edu/cgi-bin/get_moss_treatment.pl?taxon=Racomitrium%20macounii
26285	"Racomitrium microcarpon"	http://ucjeps.berkeley.edu/cgi-bin/get_moss_treatment.pl?taxon=Racomitrium%20microcarpon
26269	"Racomitrium molle"	http://ucjeps.berkeley.edu/cgi-bin/get_moss_treatment.pl?taxon=Racomitrium%20molle
26268	"Racomitrium norrisii"	http://ucjeps.berkeley.edu/cgi-bin/get_moss_treatment.pl?taxon=Racomitrium%20norrisii
26287	"Racomitrium obesum"	http://ucjeps.berkeley.edu/cgi-bin/get_moss_treatment.pl?taxon=Racomitrium%20obesum
26283	"Racomitrium occidentale"	http://ucjeps.berkeley.edu/cgi-bin/get_moss_treatment.pl?taxon=Racomitrium%20occidentale
26276	"Racomitrium pacificum"	http://ucjeps.berkeley.edu/cgi-bin/get_moss_treatment.pl?taxon=Racomitrium%20pacificum
26282	"Racomitrium pygmaeum"	http://ucjeps.berkeley.edu/cgi-bin/get_moss_treatment.pl?taxon=Racomitrium%20pygmaeum
26273	"Racomitrium ryszardii"	http://ucjeps.berkeley.edu/cgi-bin/get_moss_treatment.pl?taxon=Racomitrium%20ryszardii
26277	"Racomitrium sudeticum"	http://ucjeps.berkeley.edu/cgi-bin/get_moss_treatment.pl?taxon=Racomitrium%20sudeticum
26271	"Racomitrium varium"	http://ucjeps.berkeley.edu/cgi-bin/get_moss_treatment.pl?taxon=Racomitrium%20varium
25342	Rhizomnium	http://ucjeps.berkeley.edu/cgi-bin/get_moss_gk.pl?genus=Rhizomnium
25982	"Rhizomnium glabrescens"	http://ucjeps.berkeley.edu/cgi-bin/get_moss_treatment.pl?taxon=Rhizomnium%20glabrescens
26289	"Rhizomnium gracile"	http://ucjeps.berkeley.edu/cgi-bin/get_moss_treatment.pl?taxon=Rhizomnium%20gracile
26290	"Rhizomnium magnifolium"	http://ucjeps.berkeley.edu/cgi-bin/get_moss_treatment.pl?taxon=Rhizomnium%20magnifolium
26293	"Rhizomnium nudum"	http://ucjeps.berkeley.edu/cgi-bin/get_moss_treatment.pl?taxon=Rhizomnium%20nudum
26291	"Rhizomnium pseudopunctatum"	http://ucjeps.berkeley.edu/cgi-bin/get_moss_treatment.pl?taxon=Rhizomnium%20pseudopunctatum
26292	"Rhizomnium punctatum"	http://ucjeps.berkeley.edu/cgi-bin/get_moss_treatment.pl?taxon=Rhizomnium%20punctatum
26107	"Rhytidiadelphus loreus"	http://ucjeps.berkeley.edu/cgi-bin/get_moss_treatment.pl?taxon=Rhytidiadelphus%20loreus
26109	"Rhytidiadelphus squarrosus"	http://ucjeps.berkeley.edu/cgi-bin/get_moss_treatment.pl?taxon=Rhytidiadelphus%20squarrosus
26110	"Rhytidiadelphus subpinnatus"	http://ucjeps.berkeley.edu/cgi-bin/get_moss_treatment.pl?taxon=Rhytidiadelphus%20subpinnatus
26108	"Rhytidiadelphus triquetrus"	http://ucjeps.berkeley.edu/cgi-bin/get_moss_treatment.pl?taxon=Rhytidiadelphus%20triquetrus
26105	"Rhytidiopsis robusta"	http://ucjeps.berkeley.edu/cgi-bin/get_moss_treatment.pl?taxon=Rhytidiopsis%20robusta
26103	"Rhytidium rugosum"	http://ucjeps.berkeley.edu/cgi-bin/get_moss_treatment.pl?taxon=Rhytidium%20rugosum
25708	"Roellia roellii"	http://ucjeps.berkeley.edu/cgi-bin/get_moss_treatment.pl?taxon=Roellia%20roellii
25844	"Sanionia uncinata"	http://ucjeps.berkeley.edu/cgi-bin/get_moss_treatment.pl?taxon=Sanionia%20uncinata
25762	"Sarmentypnum sarmentosum"	http://ucjeps.berkeley.edu/cgi-bin/get_moss_treatment.pl?taxon=Sarmentypnum%20sarmentosum
25350	Schistidium	http://ucjeps.berkeley.edu/cgi-bin/get_moss_gk.pl?genus=Schistidium
26297	"Schistidium atrichum"	http://ucjeps.berkeley.edu/cgi-bin/get_moss_treatment.pl?taxon=Schistidium%20atrichum
25989	"Schistidium cinclidodonteum"	http://ucjeps.berkeley.edu/cgi-bin/get_moss_treatment.pl?taxon=Schistidium%20cinclidodonteum
26304	"Schistidium confertum"	http://ucjeps.berkeley.edu/cgi-bin/get_moss_treatment.pl?taxon=Schistidium%20confertum
26298	"Schistidium dupretii"	http://ucjeps.berkeley.edu/cgi-bin/get_moss_treatment.pl?taxon=Schistidium%20dupretii
26301	"Schistidium flaccidum"	http://ucjeps.berkeley.edu/cgi-bin/get_moss_treatment.pl?taxon=Schistidium%20flaccidum
26294	"Schistidium maritimum"	http://ucjeps.berkeley.edu/cgi-bin/get_moss_treatment.pl?taxon=Schistidium%20maritimum
26299	"Schistidium platyphyllum"	http://ucjeps.berkeley.edu/cgi-bin/get_moss_treatment.pl?taxon=Schistidium%20platyphyllum
26296	"Schistidium rivulare"	http://ucjeps.berkeley.edu/cgi-bin/get_moss_treatment.pl?taxon=Schistidium%20rivulare
26302	"Schistidium species A"	http://ucjeps.berkeley.edu/cgi-bin/get_moss_treatment.pl?taxon=Schistidium%20species%20A
26303	"Schistidium species B"	http://ucjeps.berkeley.edu/cgi-bin/get_moss_treatment.pl?taxon=Schistidium%20species%20B
26300	"Schistidium strictum"	http://ucjeps.berkeley.edu/cgi-bin/get_moss_treatment.pl?taxon=Schistidium%20strictum
26062	"Schistidium tenerum"	http://ucjeps.berkeley.edu/cgi-bin/get_moss_treatment.pl?taxon=Schistidium%20tenerum
26065	"Schistidium: various species"	http://ucjeps.berkeley.edu/cgi-bin/get_moss_treatment.pl?taxon=Schistidium:%20various%20species
25897	"Schistostega pennata"	http://ucjeps.berkeley.edu/cgi-bin/get_moss_treatment.pl?taxon=Schistostega%20pennata
25369	Scleropodium	http://ucjeps.berkeley.edu/cgi-bin/get_moss_gk.pl?genus=Scleropodium
26308	"Scleropodium californicum"	http://ucjeps.berkeley.edu/cgi-bin/get_moss_treatment.pl?taxon=Scleropodium%20californicum
26310	"Scleropodium cespitans"	http://ucjeps.berkeley.edu/cgi-bin/get_moss_treatment.pl?taxon=Scleropodium%20cespitans
25876	"Scleropodium colpophyllum"	http://ucjeps.berkeley.edu/cgi-bin/get_moss_treatment.pl?taxon=Scleropodium%20colpophyllum
26309	"Scleropodium julaceum"	http://ucjeps.berkeley.edu/cgi-bin/get_moss_treatment.pl?taxon=Scleropodium%20julaceum
26307	"Scleropodium obtusifolium"	http://ucjeps.berkeley.edu/cgi-bin/get_moss_treatment.pl?taxon=Scleropodium%20obtusifolium
26306	"Scleropodium species A"	http://ucjeps.berkeley.edu/cgi-bin/get_moss_treatment.pl?taxon=Scleropodium%20species%20A
26305	"Scleropodium touretii"	http://ucjeps.berkeley.edu/cgi-bin/get_moss_treatment.pl?taxon=Scleropodium%20touretii
26311	"Scopelophila cataractae"	http://ucjeps.berkeley.edu/cgi-bin/get_moss_treatment.pl?taxon=Scopelophila%20cataractae
25331	Scouleria	http://ucjeps.berkeley.edu/cgi-bin/get_moss_gk.pl?genus=Scouleria
26001	"Scouleria aquatica"	http://ucjeps.berkeley.edu/cgi-bin/get_moss_treatment.pl?taxon=Scouleria%20aquatica
26313	"Scouleria marginata"	http://ucjeps.berkeley.edu/cgi-bin/get_moss_treatment.pl?taxon=Scouleria%20marginata
26314	"Scouleria species A"	http://ucjeps.berkeley.edu/cgi-bin/get_moss_treatment.pl?taxon=Scouleria%20species%20A
25359	Seligeria	http://ucjeps.berkeley.edu/cgi-bin/get_moss_gk.pl?genus=Seligeria
26320	"Seligeria campylopoda"	http://ucjeps.berkeley.edu/cgi-bin/get_moss_treatment.pl?taxon=Seligeria%20campylopoda
26318	"Seligeria donniana"	http://ucjeps.berkeley.edu/cgi-bin/get_moss_treatment.pl?taxon=Seligeria%20donniana
26319	"Seligeria recurvata"	http://ucjeps.berkeley.edu/cgi-bin/get_moss_treatment.pl?taxon=Seligeria%20recurvata
26114	"Sematophyllum adnatum"	http://ucjeps.berkeley.edu/cgi-bin/get_moss_treatment.pl?taxon=Sematophyllum%20adnatum
25306	Sphagnum	http://ucjeps.berkeley.edu/cgi-bin/get_moss_gk.pl?genus=Sphagnum
26351	"Sphagnum angustifolium"	http://ucjeps.berkeley.edu/cgi-bin/get_moss_treatment.pl?taxon=Sphagnum%20angustifolium
26335	"Sphagnum bartlettianum"	http://ucjeps.berkeley.edu/cgi-bin/get_moss_treatment.pl?taxon=Sphagnum%20bartlettianum
26336	"Sphagnum capillifolium"	http://ucjeps.berkeley.edu/cgi-bin/get_moss_treatment.pl?taxon=Sphagnum%20capillifolium
26323	"Sphagnum centrale"	http://ucjeps.berkeley.edu/cgi-bin/get_moss_treatment.pl?taxon=Sphagnum%20centrale
26328	"Sphagnum compactum"	http://ucjeps.berkeley.edu/cgi-bin/get_moss_treatment.pl?taxon=Sphagnum%20compactum
26343	"Sphagnum contortum"	http://ucjeps.berkeley.edu/cgi-bin/get_moss_treatment.pl?taxon=Sphagnum%20contortum
26350	"Sphagnum fallax"	http://ucjeps.berkeley.edu/cgi-bin/get_moss_treatment.pl?taxon=Sphagnum%20fallax
26330	"Sphagnum fimbriatum"	http://ucjeps.berkeley.edu/cgi-bin/get_moss_treatment.pl?taxon=Sphagnum%20fimbriatum
26333	"Sphagnum fuscum"	http://ucjeps.berkeley.edu/cgi-bin/get_moss_treatment.pl?taxon=Sphagnum%20fuscum
26331	"Sphagnum girgensohnii"	http://ucjeps.berkeley.edu/cgi-bin/get_moss_treatment.pl?taxon=Sphagnum%20girgensohnii
26326	"Sphagnum henryense"	http://ucjeps.berkeley.edu/cgi-bin/get_moss_treatment.pl?taxon=Sphagnum%20henryense
26324	"Sphagnum imbricatum"	http://ucjeps.berkeley.edu/cgi-bin/get_moss_treatment.pl?taxon=Sphagnum%20imbricatum
26346	"Sphagnum inundatum"	http://ucjeps.berkeley.edu/cgi-bin/get_moss_treatment.pl?taxon=Sphagnum%20inundatum
26345	"Sphagnum lescurii"	http://ucjeps.berkeley.edu/cgi-bin/get_moss_treatment.pl?taxon=Sphagnum%20lescurii
26322	"Sphagnum magellanicum"	http://ucjeps.berkeley.edu/cgi-bin/get_moss_treatment.pl?taxon=Sphagnum%20magellanicum
26348	"Sphagnum mendocinum"	http://ucjeps.berkeley.edu/cgi-bin/get_moss_treatment.pl?taxon=Sphagnum%20mendocinum
26327	"Sphagnum palustre"	http://ucjeps.berkeley.edu/cgi-bin/get_moss_treatment.pl?taxon=Sphagnum%20palustre
26325	"Sphagnum papillosum"	http://ucjeps.berkeley.edu/cgi-bin/get_moss_treatment.pl?taxon=Sphagnum%20papillosum
26342	"Sphagnum platyphyllum"	http://ucjeps.berkeley.edu/cgi-bin/get_moss_treatment.pl?taxon=Sphagnum%20platyphyllum
26332	"Sphagnum quinquefarium"	http://ucjeps.berkeley.edu/cgi-bin/get_moss_treatment.pl?taxon=Sphagnum%20quinquefarium
26349	"Sphagnum recurvum"	http://ucjeps.berkeley.edu/cgi-bin/get_moss_treatment.pl?taxon=Sphagnum%20recurvum
26339	"Sphagnum rubellum"	http://ucjeps.berkeley.edu/cgi-bin/get_moss_treatment.pl?taxon=Sphagnum%20rubellum
26338	"Sphagnum russowii"	http://ucjeps.berkeley.edu/cgi-bin/get_moss_treatment.pl?taxon=Sphagnum%20russowii
26340	"Sphagnum squarrosum"	http://ucjeps.berkeley.edu/cgi-bin/get_moss_treatment.pl?taxon=Sphagnum%20squarrosum
26329	"Sphagnum strictum"	http://ucjeps.berkeley.edu/cgi-bin/get_moss_treatment.pl?taxon=Sphagnum%20strictum
26334	"Sphagnum subnitens"	http://ucjeps.berkeley.edu/cgi-bin/get_moss_treatment.pl?taxon=Sphagnum%20subnitens
26344	"Sphagnum subsecundum"	http://ucjeps.berkeley.edu/cgi-bin/get_moss_treatment.pl?taxon=Sphagnum%20subsecundum
26347	"Sphagnum tenellum"	http://ucjeps.berkeley.edu/cgi-bin/get_moss_treatment.pl?taxon=Sphagnum%20tenellum
26341	"Sphagnum teres"	http://ucjeps.berkeley.edu/cgi-bin/get_moss_treatment.pl?taxon=Sphagnum%20teres
26337	"Sphagnum warnstorfii"	http://ucjeps.berkeley.edu/cgi-bin/get_moss_treatment.pl?taxon=Sphagnum%20warnstorfii
26355	"Splachnum ampullaceum"	http://ucjeps.berkeley.edu/cgi-bin/get_moss_treatment.pl?taxon=Splachnum%20ampullaceum
26361	"Splachnum sphaericum"	http://ucjeps.berkeley.edu/cgi-bin/get_moss_treatment.pl?taxon=Splachnum%20sphaericum
26360	"Splachnum vasculosum"	http://ucjeps.berkeley.edu/cgi-bin/get_moss_treatment.pl?taxon=Splachnum%20vasculosum
25874	"Steerecleus serrulatus"	http://ucjeps.berkeley.edu/cgi-bin/get_moss_treatment.pl?taxon=Steerecleus%20serrulatus
25348	Stegonia	http://ucjeps.berkeley.edu/cgi-bin/get_moss_gk.pl?genus=Stegonia
25618	"Stegonia hyalinotricha"	http://ucjeps.berkeley.edu/cgi-bin/get_moss_treatment.pl?taxon=Stegonia%20hyalinotricha
26352	"Stegonia latifolia"	http://ucjeps.berkeley.edu/cgi-bin/get_moss_treatment.pl?taxon=Stegonia%20latifolia
26353	"Stegonia pilifera"	http://ucjeps.berkeley.edu/cgi-bin/get_moss_treatment.pl?taxon=Stegonia%20pilifera
25765	"Straminergon stramineum"	http://ucjeps.berkeley.edu/cgi-bin/get_moss_treatment.pl?taxon=Straminergon%20stramineum
25311	Syntrichia	http://ucjeps.berkeley.edu/cgi-bin/get_moss_gk.pl?genus=Syntrichia
25384	"Syntrichia amplexa"	http://ucjeps.berkeley.edu/cgi-bin/get_moss_treatment.pl?taxon=Syntrichia%20amplexa
25391	"Syntrichia bartramii"	http://ucjeps.berkeley.edu/cgi-bin/get_moss_treatment.pl?taxon=Syntrichia%20bartramii
25386	"Syntrichia bolanderi"	http://ucjeps.berkeley.edu/cgi-bin/get_moss_treatment.pl?taxon=Syntrichia%20bolanderi
25388	"Syntrichia caninervis"	http://ucjeps.berkeley.edu/cgi-bin/get_moss_treatment.pl?taxon=Syntrichia%20caninervis
25393	"Syntrichia laevipila"	http://ucjeps.berkeley.edu/cgi-bin/get_moss_treatment.pl?taxon=Syntrichia%20laevipila
25385	"Syntrichia latifolia"	http://ucjeps.berkeley.edu/cgi-bin/get_moss_treatment.pl?taxon=Syntrichia%20latifolia
25395	"Syntrichia montana"	http://ucjeps.berkeley.edu/cgi-bin/get_moss_treatment.pl?taxon=Syntrichia%20montana
25399	"Syntrichia norvegica"	http://ucjeps.berkeley.edu/cgi-bin/get_moss_treatment.pl?taxon=Syntrichia%20norvegica
25398	"Syntrichia obtusissima"	http://ucjeps.berkeley.edu/cgi-bin/get_moss_treatment.pl?taxon=Syntrichia%20obtusissima
25390	"Syntrichia pagorum"	http://ucjeps.berkeley.edu/cgi-bin/get_moss_treatment.pl?taxon=Syntrichia%20pagorum
25389	"Syntrichia papillosa"	http://ucjeps.berkeley.edu/cgi-bin/get_moss_treatment.pl?taxon=Syntrichia%20papillosa
25400	"Syntrichia papillosissima"	http://ucjeps.berkeley.edu/cgi-bin/get_moss_treatment.pl?taxon=Syntrichia%20papillosissima
25394	"Syntrichia princeps"	http://ucjeps.berkeley.edu/cgi-bin/get_moss_treatment.pl?taxon=Syntrichia%20princeps
25401	"Syntrichia ruralis"	http://ucjeps.berkeley.edu/cgi-bin/get_moss_treatment.pl?taxon=Syntrichia%20ruralis
25397	"Syntrichia speciesA"	http://ucjeps.berkeley.edu/cgi-bin/get_moss_treatment.pl?taxon=Syntrichia%20speciesA
25396	"Syntrichia sucrosa"	http://ucjeps.berkeley.edu/cgi-bin/get_moss_treatment.pl?taxon=Syntrichia%20sucrosa
25360	Tayloria	http://ucjeps.berkeley.edu/cgi-bin/get_moss_gk.pl?genus=Tayloria
26356	"Tayloria hornschuchii"	http://ucjeps.berkeley.edu/cgi-bin/get_moss_treatment.pl?taxon=Tayloria%20hornschuchii
26357	"Tayloria lingulata"	http://ucjeps.berkeley.edu/cgi-bin/get_moss_treatment.pl?taxon=Tayloria%20lingulata
26358	"Tayloria serrata"	http://ucjeps.berkeley.edu/cgi-bin/get_moss_treatment.pl?taxon=Tayloria%20serrata
25361	Tetraphis	http://ucjeps.berkeley.edu/cgi-bin/get_moss_gk.pl?genus=Tetraphis
26359	"Tetraplodon mnioides"	http://ucjeps.berkeley.edu/cgi-bin/get_moss_treatment.pl?taxon=Tetraplodon%20mnioides
26315	"Tetrodontium brownianum"	http://ucjeps.berkeley.edu/cgi-bin/get_moss_treatment.pl?taxon=Tetrodontium%20brownianum
26316	"Tetrodontium repandum"	http://ucjeps.berkeley.edu/cgi-bin/get_moss_treatment.pl?taxon=Tetrodontium%20repandum
26164	"Thamnobryum neckeroides"	http://ucjeps.berkeley.edu/cgi-bin/get_moss_treatment.pl?taxon=Thamnobryum%20neckeroides
26102	"Thuidium recognitum"	http://ucjeps.berkeley.edu/cgi-bin/get_moss_treatment.pl?taxon=Thuidium%20recognitum
25316	Timmia	http://ucjeps.berkeley.edu/cgi-bin/get_moss_gk.pl?genus=Timmia
25948	"Timmia austriaca"	http://ucjeps.berkeley.edu/cgi-bin/get_moss_treatment.pl?taxon=Timmia%20austriaca
26363	"Timmia bavarica"	http://ucjeps.berkeley.edu/cgi-bin/get_moss_treatment.pl?taxon=Timmia%20bavarica
26362	"Timmia megapolitana"	http://ucjeps.berkeley.edu/cgi-bin/get_moss_treatment.pl?taxon=Timmia%20megapolitana
25322	Timmiella	http://ucjeps.berkeley.edu/cgi-bin/get_moss_gk.pl?genus=Timmiella
25954	"Timmiella anomala"	http://ucjeps.berkeley.edu/cgi-bin/get_moss_treatment.pl?taxon=Timmiella%20anomala
26364	"Timmiella crassinervis"	http://ucjeps.berkeley.edu/cgi-bin/get_moss_treatment.pl?taxon=Timmiella%20crassinervis
26084	"Tomentypnum nitens"	http://ucjeps.berkeley.edu/cgi-bin/get_moss_treatment.pl?taxon=Tomentypnum%20nitens
25328	Tortella	http://ucjeps.berkeley.edu/cgi-bin/get_moss_gk.pl?genus=Tortella
25962	"Tortella alpicola"	http://ucjeps.berkeley.edu/cgi-bin/get_moss_treatment.pl?taxon=Tortella%20alpicola
26367	"Tortella fragilis"	http://ucjeps.berkeley.edu/cgi-bin/get_moss_treatment.pl?taxon=Tortella%20fragilis
26365	"Tortella tortuosa"	http://ucjeps.berkeley.edu/cgi-bin/get_moss_treatment.pl?taxon=Tortella%20tortuosa
25314	Tortula	http://ucjeps.berkeley.edu/cgi-bin/get_moss_gk.pl?genus=Tortula
26373	"Tortula atrovirens"	http://ucjeps.berkeley.edu/cgi-bin/get_moss_treatment.pl?taxon=Tortula%20atrovirens
25943	"Tortula brevipes"	http://ucjeps.berkeley.edu/cgi-bin/get_moss_treatment.pl?taxon=Tortula%20brevipes
26014	"Tortula californica"	http://ucjeps.berkeley.edu/cgi-bin/get_moss_treatment.pl?taxon=Tortula%20californica
26377	"Tortula euryphylla"	http://ucjeps.berkeley.edu/cgi-bin/get_moss_treatment.pl?taxon=Tortula%20euryphylla
26380	"Tortula guepinii"	http://ucjeps.berkeley.edu/cgi-bin/get_moss_treatment.pl?taxon=Tortula%20guepinii
25387	"Tortula inermis"	http://ucjeps.berkeley.edu/cgi-bin/get_moss_treatment.pl?taxon=Tortula%20inermis
26381	"Tortula leucostoma"	http://ucjeps.berkeley.edu/cgi-bin/get_moss_treatment.pl?taxon=Tortula%20leucostoma
26369	"Tortula mucronifolia"	http://ucjeps.berkeley.edu/cgi-bin/get_moss_treatment.pl?taxon=Tortula%20mucronifolia
26379	"Tortula muralis"	http://ucjeps.berkeley.edu/cgi-bin/get_moss_treatment.pl?taxon=Tortula%20muralis
26371	"Tortula nevadensis"	http://ucjeps.berkeley.edu/cgi-bin/get_moss_treatment.pl?taxon=Tortula%20nevadensis
26376	"Tortula obtusifolia"	http://ucjeps.berkeley.edu/cgi-bin/get_moss_treatment.pl?taxon=Tortula%20obtusifolia
26382	"Tortula plinthobia"	http://ucjeps.berkeley.edu/cgi-bin/get_moss_treatment.pl?taxon=Tortula%20plinthobia
26374	"Tortula protobryoides"	http://ucjeps.berkeley.edu/cgi-bin/get_moss_treatment.pl?taxon=Tortula%20protobryoides
25950	"Tortula subulata"	http://ucjeps.berkeley.edu/cgi-bin/get_moss_treatment.pl?taxon=Tortula%20subulata
26378	"Tortula systylia"	http://ucjeps.berkeley.edu/cgi-bin/get_moss_treatment.pl?taxon=Tortula%20systylia
26370	"Tortula truncata"	http://ucjeps.berkeley.edu/cgi-bin/get_moss_treatment.pl?taxon=Tortula%20truncata
26085	"Trachybryum megaptilum"	http://ucjeps.berkeley.edu/cgi-bin/get_moss_treatment.pl?taxon=Trachybryum%20megaptilum
25703	"Trematodon boasii"	http://ucjeps.berkeley.edu/cgi-bin/get_moss_treatment.pl?taxon=Trematodon%20boasii
25836	"Trichodon cylindricus"	http://ucjeps.berkeley.edu/cgi-bin/get_moss_treatment.pl?taxon=Trichodon%20cylindricus
26385	"Trichostomum brachydontium"	http://ucjeps.berkeley.edu/cgi-bin/get_moss_treatment.pl?taxon=Trichostomum%20brachydontium
26386	"Trichostomum crispulum"	http://ucjeps.berkeley.edu/cgi-bin/get_moss_treatment.pl?taxon=Trichostomum%20crispulum
26393	"Trichostomum sweetii"	http://ucjeps.berkeley.edu/cgi-bin/get_moss_treatment.pl?taxon=Trichostomum%20sweetii
26137	"Tripterocladium leucocladulum"	http://ucjeps.berkeley.edu/cgi-bin/get_moss_treatment.pl?taxon=Tripterocladium%20leucocladulum
25813	"Triquetrella californica"	http://ucjeps.berkeley.edu/cgi-bin/get_moss_treatment.pl?taxon=Triquetrella%20californica
25326	Ulota	http://ucjeps.berkeley.edu/cgi-bin/get_moss_gk.pl?genus=Ulota
26165	"Ulota megalospora"	http://ucjeps.berkeley.edu/cgi-bin/get_moss_treatment.pl?taxon=Ulota%20megalospora
26167	"Ulota obtusiuscula"	http://ucjeps.berkeley.edu/cgi-bin/get_moss_treatment.pl?taxon=Ulota%20obtusiuscula
26166	"Ulota phyllantha"	http://ucjeps.berkeley.edu/cgi-bin/get_moss_treatment.pl?taxon=Ulota%20phyllantha
26115	"Vesicularia vesicularis"	http://ucjeps.berkeley.edu/cgi-bin/get_moss_treatment.pl?taxon=Vesicularia%20vesicularis
26404	Warnstorfia	
25846	"Warnstorfia exannulata"	http://ucjeps.berkeley.edu/cgi-bin/get_moss_treatment.pl?taxon=Warnstorfia%20exannulata
25851	"Warnstorfia fluitans"	http://ucjeps.berkeley.edu/cgi-bin/get_moss_treatment.pl?taxon=Warnstorfia%20fluitans
25329	Weissia	http://ucjeps.berkeley.edu/cgi-bin/get_moss_gk.pl?genus=Weissia
26387	"Weissia andersoniana"	http://ucjeps.berkeley.edu/cgi-bin/get_moss_treatment.pl?taxon=Weissia%20andersoniana
26392	"Weissia andrewsii"	http://ucjeps.berkeley.edu/cgi-bin/get_moss_treatment.pl?taxon=Weissia%20andrewsii
26394	"Weissia condensa"	http://ucjeps.berkeley.edu/cgi-bin/get_moss_treatment.pl?taxon=Weissia%20condensa
26389	"Weissia controversa"	http://ucjeps.berkeley.edu/cgi-bin/get_moss_treatment.pl?taxon=Weissia%20controversa
26390	"Weissia inoperculata"	http://ucjeps.berkeley.edu/cgi-bin/get_moss_treatment.pl?taxon=Weissia%20inoperculata
26391	"Weissia ligulaefolia"	http://ucjeps.berkeley.edu/cgi-bin/get_moss_treatment.pl?taxon=Weissia%20ligulaefolia
26384	"Weissia planifolia"	http://ucjeps.berkeley.edu/cgi-bin/get_moss_treatment.pl?taxon=Weissia%20planifolia
26383	"Weissia sinaloensis"	http://ucjeps.berkeley.edu/cgi-bin/get_moss_treatment.pl?taxon=Weissia%20sinaloensis
26286	Z	http://ucjeps.berkeley.edu/cgi-bin/get_moss_gk.pl?genus=Z
26405	Zygodon	
26395	"Zygodon menziesii"	http://ucjeps.berkeley.edu/cgi-bin/get_moss_treatment.pl?taxon=Zygodon%20menziesii
26069	"Zygodon rupestris"	http://ucjeps.berkeley.edu/cgi-bin/get_moss_treatment.pl?taxon=Zygodon%20rupestris
