from	statement	to
1	"Leaf margins entire, erect to incurved at margin"	2
1	"Leaf margins usually dentate or, if entire, without the strong incurving of the margin"	5
2	"Leaves strongly cucullate at apex; plant small with leaves mostly less than 5 mm long"	"Polytrichum sexangulare"
2	"Leaves mostly flat at apex, denticulate to dentate at least at apex"	3
3	"Leaf with a strongly hyaline apex that is reddish only in a small portion of its base, if at all"	"Polytrichum piliferum"
3	"Leaf with a reddish to concolorous apex, hyaline only at extreme tip, if at all"	4
4	"Plants mostly more than 10 cm high, occupying bogs and very wet sites, often with Sphagnum; leaves rigidly erect when dry; stems densely covered with white to pale brown rhizoids"	"Polytrichum strictum"
4	"Plants mostly shorter, occupying mesic to rather dry soil, never in bogs; leaves ascending when dry; stems with only sparse rhizoidal cover"	"Polytrichum juniperinum"
5	"Marginal cells of the lamellae notched in cross-sectional view, without either papillae or cuticular ridges"	"Polytrichum commune"
5	"Marginal cells otherwise"	6
6	"Laminar cells 15-25 Âµm in longest diameter; mid-leaf with lamina 6 or more cells wide; capsule inconspicuously sulcate"	"Polytrichum longisetum"
6	"Laminar cells 10-15 Âµm in longest diameter; mid-leaf with lamina 1-5 cells wide; capsule strongly sulcate"	"Polytrichum formosum"
