from	statement	to
1	"Leaves on at least some specimens elongate, somewhat spatulate, 3-4:1; peristome present, fugacious and clinging to operculum; urn oblong to cylindric, 4-6:1; cells papillose on back, at least in the distal end of the leaves"	"Pterygoneurum lamellatum"
1	"Leaves ovate, often broadly so, never spatulate; peristome absent; urn mostly ovoid to hemispheric; cells smooth or somewhat papillose dorsally near leaf apex"	2
2	"Sporophyte emergent or exserted with seta longer than the urn"	"Pterygoneurum ovatum"
2	"Sporophyte immersed on a seta shorter than the urn"	3
3	"Spores densely papillose; calyptra mitrate; median laminal cells mostly with corner thickenings"	"Pterygoneurum subsessile"
3	"Spores smooth; calyptra cucullate; median laminal cells evenly thick-walled"	"Pterygoneurum californicum"
