from	statement	to
1	"Leaves not keeled, completely plane and very flaccid"	"Fontinalis hypnoides"
1	"Leaves clearly carinate"	2
2	"Leaf keel curved throughout; branch and stem leaves similar in shape and only gradually different in size"	3
2	"Leaf, when viewed from the side, showing a nearly straight keel that basally curves abruptly to the point of insertion; branch and stem leaves strongly and abruptly different in size and shape"	6
3	"Branch apices spinulose with tightly overlapping immature leaves making a bud-like structure 5-10 times as long as its width at mid-point, triangular in cross-section; plants regularly with sporophytes; perichaetial leaves abruptly apiculate"	"Fontinalis neomexicana"
3	"Branch apices not so strongly resolved into a bud-like structure; perichaetial leaves obtuse"	4
4	"Leaves of larger stems broadest near the middle (look at either half of the keeled leaf)"	"Fontinalis mollis"
4	"Leaves broadest near the base, mostly near the point of inflection of the basal curve"	5
5	"Leaves (when spread flat) mostly about as broad as long; best-developed leaves at least 5 mm broad"	"Fontinalis gigantea"
5	"Leaves typically nearly twice as long as broad; best-developed leaves less than 5 mm broad"	"Fontinalis antipyretica"
6	"Leaves keeled so that the two lateral halves approach being pressed on one another; branch leaves proportionately more narrow than leaves of stem"	"Fontinalis howellii"
6	"Leaves concave to nearly plane in distal portion; branch leaves markedly more narrow than stem leaves, almost subulate near branch apices"	"Fontinalis chrysophylla"
