from	statement	to
1	"Hyaline point consistently absent; sometimes mucronate to apiculate or with a few enlarged apical cells"	2
1	"Hyaline point present on at least some leaves"	13
2	"Leaf cells smooth to mammillose, or with a few small papillae in distal portion of leaf; cells of leaf margin typically somewhat smaller and thicker walled than adjacent laminal cells"	3
2	"Leaf cells papillose, usually densely so; margin various"	6
3	"Costa cross-section showing no stereid band or with only 1-4 such dorsal stereid cells; cells of leaf middle thin and bulging- vesiculose; margin crenulate-papillose"	"Leptophascum leptophyllum"
3	"Costa cross-section showing a clear dorsal stereid band; cells of leaf middle with somewhat thickened walls, not vesiculose; leaves entire or low dentate near the apex"	4
4	"Leaf margins strongly recurved to revolute at least near base; plants mostly with stems more than 5 mm long with leaves conduplicate folded when dry"	"Tortula mucronifolia"
4	"Leaf margins plane throughout; plants mostly smaller with leaves crumpled when dry"	5
5	"Leaf margins entire throughout; peristome absent; deoperculate capsule hemispheric or nearly so"	"Tortula truncata"
5	"Leaf margins on well developed leaves with a few serrulations near the apices; peristome present; deoperculate capsule short cylindric, mostly about 2:1"	"Tortula nevadensis"
6	"Leaf bordered by elongate cells to above the middle"	7
6	"Leaf not bordered by elongate cells, or border restricted to leaf base"	8
7	"Leaves mostly more than 3 mm long with entire or papillose-crenulate margins; plant autoicous and usually with sporophytes"	"Tortula subulata"
7	"Leaves little more than 1 mm long with at least a few marginal cells enlarged into teeth; plant dioicous, unknown with sporophytes"	"Hennediella stanfordensis"
8	"Plants with a thick cushion of enlarged cells on the ventral surface of the costa at the distal end; plants of periodically dry soil in arid areas"	"Tortula atrovirens"
8	"Ventral surface of costa plane or grooved, not convex"	9
9	"Leaves deeply concave, rather closely comose, appearing somewhat bulbiform; leaf apex acuminate; capsules cleistocarpous"	"Tortula protobryoides"
9	"Leaves not forming a strongly bulbiform cluster; leaf apex obtuse to mucronate; capsules stegocarpous"	10
10	"Marginal cells throughout upper and median portion of leaf epapillose or nearly so, radically differentiated from the heavily papillose interior cells"	"Hennediella heimii"
10	"Marginal cells not differentiated from interior laminal cells"	11
11	"Leaves folded lengthwise and variously twisted when dry"	"Tortula inermis"
11	"Leaves little distorted when dry"	12
12	"Median leaf cells typically less than 12 Âµm in diameter; plant of soil banks in lowland oak savannahs and grasslands"	"Tortula obtusifolia"
12	"Median leaf cells typically more than 15 Âµm; plant of wet soils in high montane regions"	"Tortula euryphylla"
13	"Leaf cells typically smooth"	14
13	"Leaf cells papillose, usually densely so"	15
14	"Capsule systylious and with peristome short, not much spirally twisted; leaf cells mostly 2:1, to 20 Âµm long"	"Tortula systylia"
14	"Capsule with operculum free from the columella; peristome long and twisted in several spirals; leaf cells nearly isodiametric, mostly over 25 Âµm wide"	"Tortula californica"
15	"Leaves bordered with thicker-walled cells or marginal cells with corner-thickenings; plant epiphytic or on cement or brick walls"	"Tortula muralis"
15	"Leaves not so bordered; plant of calcareous or desert soil"	16
16	"Marginal cells more lightly papillose than adjacent cells; leaves seldom more than 1.5 mm long; plant mostly on periodically dry lowland soils near the coast"	"Tortula guepinii"
16	"Marginal cells not more lightly papillose; leaves mostly more than 2 mm long"	17
17	"Leaves, disregarding the awn, narrowed to apex, usually acute"	18
17	"Leaves, disregarding the awn, rounded to emarginate at apex"	19
18	"Leaves broadest near the base; juxtalaminal, abaxial cells of costa usually enlarged and yellowish-brown to orange in a pair of uniseriate rows on each side of costa; marginal recurvature at least at mid-leaf performing a complete spiral"	"Pseudocrossidium crinitum"
18	"Leaves ovate to ovate-lanceolate, broadest at or near the middle, juxtalaminal, abaxial cells of costa not so differentiated; marginal recurvature less pronounced"	"Tortula leucostoma"
19	"Median cells mostly more than 15 Âµm broad; plants of rather moist habitats at high elevations; dry leaves weakly crispate, not at all carinate"	"Tortula euryphylla"
19	"Median cells mostly smaller; plants of lower elevations; dry leaves weakly carinate, mostly twisted around stem"	20
20	"Awn mostly less than 2 mm long with leaves often simply mucronate; mucro or awn irregularly low serrulate near apex; peristome without a basal membrane"	"Tortula plinthobia"
20	"Awn mostly about 4 mm long with that awn entire or nearly so; peristome with filiform teeth arising from a clear basal membrane"	"Tortula brevipes"
