from	statement	to
1	"Leaves strongly decurrent"	2
1	"Leaves not decurrent or with decurrency formed by a group of only 1-3 cells in total"	6
2	"Leaves long-acuminate"	3
2	"Leaves acute to obtuse or short-acuminate"	4
3	"Leaves gradually long-acuminate, closely serrate to serrulate; central basal cells thick-walled and pitted; capsule sulcate"	"Herzogiella striatella"
3	"Leaves abruptly long-acuminate with the acumen variously twisted or contorted away from stem axis; acumen remotely serrulate to almost entire; median basal cells thin-walled without pitting; capsule smooth"	"Plagiothecium piliferum"
4	"Decurrency broad and somewhat auriculate; cells in decurrency markedly inflated and usually 2-4:1"	"Plagiothecium denticulatum"
4	"Decurrency mostly only 1-3 cells broad, narrowing to a single cell, not at all auriculate; cells in decurrency not inflated, mostly 5-10:1"	5
5	"Median leaf cells mostly less than 10 Âµm wide; plant strongly complanate throughout"	"Plagiothecium laetum"
5	"Median leaf cells mostly broader; plant julaceous or with some branches julaceous"	"Plagiothecium cavifolium"
6	"Leaves mostly more than 3 mm long, lightly undulate; median leaf cells with cuticular papillosity (view under high magnification and at low light intensity"	"Buckiella undulata"
6	"Leaves markedly shorter, not undulate; median leaf cells completely smooth"	7
7	"Basal cells strongly pitted; leaves serrate to serrulate; capsule sulcate"	8
7	"Leaves entire to serrulate; basal cells not much pitted; capsule smooth"	9
8	"Leaves long-acuminate, strongly decurrent with somewhat inflated rectangular, often reddened cells"	"Herzogiella striatella"
8	"Leaves acute to short acuminate, almost not at all decurrent"	"Herzogiella seligeri"
9	"Leaves broadly ovate with median cells more than 12 Âµm broad, mostly less than 3:1; alar cells not differentiated"	"Vesicularia vesicularis"
9	"Leaves lanceolate to ovate-lanceolate; median cells more narrow and relatively longer; alar cells various"	10
10	"Leaves cultriform with distal one-half falcate; pseudoparaphyllia narrowly lanceolate"	"Dacryophyllum falcifolium"
10	"Leaves mostly symmetric or falcate; pseudoparaphyllia absent or filamentose"	11
11	"Alar cells well demarcated, quadrate to short rectangular, thin-walled and vesicular in part; pseudoparaphyllia filamentose; gemmae filamentose and papillose"	"Isopterygium tenerum"
11	"Alar cells not well differentiated; pseudoparaphyllia absent; gemmae various, not papillose"	12
12	"Gemmae usually present in the axils of upper leaves, these gemmae being clusters of microphyllous, caducous branchlets; margin serrulate or even slightly serrate near apex; costa often extending to 1/3 of leaf"	"Pseudotaxiphyllum elegans"
12	"Gemmae uncommon, fusiform, 4-6 celled; margin almost completely entire; costa very short and sometimes not at all visible"	"Isopterygiopsis pulchella"
