from	statement	to
1	"Leaves ampliate clasping with the antical base carinate and pocketing the stem allowing the definition of a ""vaginant lamina"" differentiated from the more distal, non-carinate ""apical lamina"" and the costal ridge which serves as a ""dorsal lamina"""	2
1	"Leaves deeply carinate but without differentiation into a dorsal and an apical lamina thus the plant not identifiable to Fissidens"	17
2	"Leaves with a strong border of elongate cells on all laminae"	3
2	"Leaves not bordered, or bordered on vaginant laminae or with a group of lighter cells on dorsal and apical laminae"	8
3	"Plant of submerged rocks in flowing streams; leaves more than 2 mm long; lamina and margin with bistratose streaks"	"Fissidens ventricosus"
3	"Plant usually on soil; leaves smaller; lamina consistently unistratose"	4
4	"Leaves narrowly attenuate with the dorsal lamina ending above the leaf base; laminal cells 2-4:1; sterile plants consistently larger and with more clearly distichous leaves than the archegoniate ones"	"Fissidens curvatus"
4	"Leaves not strongly attenuate; dorsal lamina extending to or near the leaf base; laminal cells nearly isodiametric; sterile and archegoniate plants not strongly differentiated"	5
5	"Cells of the lamina about as broad as thick in cross-section, mostly not very bulging; dorsal lamina extending downward and inserted on the stem; plants of rather moist habitats"	"Fissidens bryoides"
5	"Cells of the lamina markedly broader than thick in cross-section, mostly bulging mammillose; dorsal lamina mostly not extending downward to leaf insertion; plants of moist or dry habitats"	6
6	"Dorsal lamina tapering to extinction at leaf insertion; plant of soils in dry grasslands"	"Fissidens sublimbatus"
6	"Dorsal lamina continuing to leaf insertion; plant of moist sites mostly in western California"	7
7	"Limbidium ending more than two cells below leaf apex; base of stem strongly reddened; plant usually on rocks"	"Fissidens minutulus"
7	"Limbidium confluent with costa at apex; base of stem not reddened; plant usually on soil"	"Fissidens crispus"
8	"Leaves with a rigid, multistratose lamina, 3-5 mm long; plant aquatic to semiaquatic especially in calcareous regions"	"Fissidens grandifrons"
8	"Lamina unistratose and smaller"	9
9	"Leaves flaccid, blackening when dry, mostly more than ten times as long as wide, with the vaginant lamina less than 1/3 leaf length; plant immersed or seasonally immersed in streams and ponds, often calcareous"	"Fissidens fontanus"
9	"Leaves neither flaccid nor so long; plant not aquatic"	10
10	"Leaves serrate in distal one-half"	11
10	"Leaves crenulate to entire"	12
11	"Median leaf cells to 12 Âµm in longest dimension; leaf lamina unistratose throughout"	"Fissidens adianthoides"
11	"Median leaf cells smaller; lamina at mid and upper leaf with bistratose streaks"	"Fissidens dubius"
12	"Vaginant lamina with a somewhat defined limbidium; dorsal and apical laminae with markedly smaller cells on margin even to near the apex; costa percurrent; fertile plants markedly smaller than sterile plants"	"Fissidens taylorii"
12	"Vaginant lamina elimbate; dorsal and apical laminae mostly not bordered or with marginal cells both smaller and paler than immediate interior cells; costa various; fertile and sterile plants of similar size and development"	13
13	"Costa excurrent to percurrent on at least some of the leaves of the plant"	14
13	"Costa ending below the leaf apex"	15
14	"Median leaf cells smooth to slightly bulging, almost pellucid in dorsal microscopic view; leafy plants mostly less than 2 cm long; leaf apex excluding apiculus acute"	"Fissidens aphelotaxifolius"
14	"Median leaf cells strongly mammillose-bulging, opaque in dorsal microscopic view; leafy plants mostly more than 2.5 cm long; leaf apex excluding apiculus obtuse to rounded"	"Fissidens taxifolius"
15	"Plant less than 5 mm tall; marginal cells of leaf smaller and paler than immediate interior cells"	"Fissidens pauperculus"
15	"Plant mostly more than 10 mm tall; marginal cells not so differentiated"	16
16	"Median leaf cells less than 10 Âµm in longest dimension; leaves crenulate throughout"	"Fissidens asplenioides"
16	"Median leaf cells more than 12 Âµm in longest dimension; leaves with at least a few serrulations near apex but crenulate below"	"Fissidens osmundioides"
17	"Leaf without any keeling, arranged flat in vertical rows; leaves confluent with one another by means of a decurrent postical base that is continuous with the antical base of the next leaf below thus resembling the leaflet arrangement of the fern Osmunda"	"Schistostega pennata"
17	"Leaves base carinate and pocketing the stem; leaves not confluent with one another on the stem"	18
18	"At least the proximal portion of the stem with bluntly rounded leaves, without a subula; distal portion of fertile stems with long but erect subulae"	"Bryoxiphium norvegicum"
18	"All the fully developed leaves with a defined, glossy base and with a divergent subulate apex"	19
19	"Plant evenly and uniformly distichous; capsule erect and symmetric; spores 17-20 Âµm; plant paroicous"	"Distichium capillaceum"
19	"Plant obviously distichous but with some portions of that plant rather obscurely so; capsule inclined and asymmetric; spores 30-40 Âµm; plant autoicous"	"Distichium inclinatum"
