from	statement	to
1	"Leaf axils densely beset with a dense cushion of rhizoids, usually gemmiparous; basal leaf cells thin-walled but with large trigones, especially near the boundary with the heavily papillose median laminal cells; uniseriate, filamentous and papillose rhizoidiform gemmae in leaf axils"	"Encalypta procera"
1	"Leaf axils without rhizoid cushions; basal leaf cells not so abruptly demarcated from median laminal cells; gemmae not present"	2
2	"Transverse walls of the enlarged basal cells thickened and concolorous; abaxial surface of basal cells papillose with that papillosity extending across the leaf or confined to a few rows of cells on the leaf margin"	"Encalypta affinis"
2	"Basal cells not at all papillose or with the papillae of the median cells somewhat transgressing onto the adjacent basal cells"	3
3	"Transverse walls of basal cells thickened and reddened with the line between the cells of the base and those of the limb rather abrupt and almost perpendicular to long axis of leaf"	"Encalypta rhaptocarpa"
3	"Transverse walls of basal cells yellow to orange with the line between the basal and limb cells an upside-down ""U"""	4
4	"Leaf margins recurved at least in middle with that recurvature on both sides of leaf; calyptra fringed with the individual straps set off from the main body by a line of quadrate cells"	"Encalypta ciliata"
4	"Leaf margins plane or recurved near base on only one side; calyptra not fringed or with fringes not so defined at base"	5
5	"Leaves with a strongly developed hair point mostly more than 1.5 mm long; leaf apices mostly cucullate; calyptra fringed; rare plants not yet found in California"	6
5	"Leaves muticous or with the hair point usually absent from the lower leaves; calyptra not fringed; abundant plants in California"	7
6	"Capsules smooth and cylindrical even when dry; calyptra with beak constituting about 1/3 of its total length"	"Encalypta brevicollis"
6	"Capsules ribbed at least near mouth, often wrinkled throughout; calyptra with beak ill-defined and constituting less than 1/4 of its length"	"Encalypta brevipes"
7	"Rhizoids pale and repeatedly branched, not monopodial, forming a dense cushion in leaf axils, mostly 10-12 Âµm in diameter; enlarged basal cells mostly 2-3:1, to 12 Âµm broad; seta short with capsule barely exserted above the perichaetial leaves"	"Encalypta intermedia"
7	"Rhizoids red-brown, to 35 Âµm in diameter, monopodially branched with branches of much smaller diameter, not densely clustered in leaf axils; enlarged basal cells mostly 3-6:1, to 18 Âµm broad; seta longer with capsule above even the tips of the perichaetial leaves"	"Encalypta vulgaris"
