from	statement	to
1	"Stem leaves with proximal one-half erect and nearly parallelling the stem but falcate and acuminate above that proximal base"	"Pseudocalliergon angustifolium"
1	"Stem leaves straight, erect to weakly spreading throughout, apiculate or rounded at apex"	2
2	"Alar cells, including those of the extreme margin very thin-walled and strongly inflated; basal leaf margin broadly decurrent with that decurrency at least in part several cells wide; distal portion of leaves usually with a few nematogons"	3
2	"Alar cells at least at basal margin rather thick-walled, less inflated than more interior alar cells; leaf margin narrowly or not at all decurrent; nematogons present or not"	5
3	"Leaves elliptic, more than 2:1, with apex having a small apiculus; plants strongly washed with a reddish blush"	"Sarmentypnum sarmentosum"
3	"Leaves broadly ovate to rounded deltoid with apex obtuse to rounded; plants green to brownish green"	4
4	"Cells of alar region showing a gradual transition to the cells distal to that region; plants sparingly branched, not regularly pinnate"	"Calliergon cordifolium"
4	"Cells of alar region sharply delimited from the adjacent more distal cells; plants regularly pinnate"	"Calliergon giganteum"
5	"Leaves mostly more than 2:1; plants mostly with a reddish wash; most of the cells of the alar region strongly inflated and thin-walled; distal portion of leaves usually with a few nematogons"	"Straminergon stramineum"
5	"Leaves nearly as broad as long, never with a reddish wash; all cells of the alar region with a significant amount of wall-thickening; nematogons not present in leaf"	6
6	"Stem leaves apiculate"	"Pseudocalliergon turgescens"
6	"Stem leaves with broadly rounded apex"	"Pseudocalliergon trifarium"
