from	statement	to
1	"Leaf margins plane to erect when moist"	2
1	"Leaf margins incurved when moist"	6
2	"Hyaline, rectangular cells of the leaf base extending to shoulder, and thus reaching somewhat farther along the margins than along the costa; upper portion of leaf lamina tending to be quite fragile and separating from the leaf in small pieces"	"Oxystegus tenuirostris"
2	"Hyaline, rectangular cells of the leaf base not extending to shoulder; upper portion of leaf lamina not fragile"	3
3	"Leaves minutely mucronate to rounded at apex, mostly less than 2 mm long, typically with costa only 3-4 cells wide at mid-leaf"	4
3	"Leaves cucullate or mucronate-recurved at apex, mostly more than 2 mm long, typically with costa 5-6 cells wide at mid-leaf"	5
4	"Leaves broadest near the middle"	"Weissia sinaloensis"
4	"Leaves ligulate with parallel sides"	"Weissia planifolia"
5	"Leaf apices with a short and reflexed mucro; leaf base with the rectangular cells only gradually demarcated from the quadrate cells of the mid-leaf"	"Trichostomum brachydontium"
5	"Leaf apices channeled and somewhat cucullate; leaf base with the rectangular cells abruptly demarcated from the quadrate cells of the median leaf lamina"	"Trichostomum crispulum"
6	"Cells with high and branched papillae that arise from a mammillose cell lumen; leaves with limb constricted above junction with differentiated basal cells"	"Weissia andersoniana"
6	"Papillae low and unbranched, mostly not arising from a mammillose cell lumen; leaves not strongly constricted at base of limb"	7
7	"Median leaf cells bulging mammillose on adaxial surface, smooth and flat abaxially; papillae low to absent; leaf incurvature loose and broad, not extending to leaf apex"	"Plaubelia sprengelii"
7	"Median leaf cells not bulging mammillose, mostly strongly papillose; leaf incurvature tight and narrrow, extending to near leaf apex"	8
8	"Costa mostly less than 50 Âµm wide at base"	9
8	"Costa 60-90 Âµm wide at the base"	11
9	"Leaves broadest below the middle; apex acute to narrowly obtuse or mucronate"	"Weissia controversa"
9	"Leaf base ligulate with parallel sides, mostly with the more elongate cells extending farther along costa than along margin"	10
10	"Leaf apex acute above the inrolled margin; capsule cleistocarpous"	"Weissia inoperculata"
10	"Leaf apex broadly acute to rounded; capsule stegocarpous"	"Weissia ligulaefolia"
11	"Margin at mid-leaf inrolled in nearly a complete spiral"	"Weissia andrewsii"
11	"Margin at mid-leaf incurved but not so much inrolled"	12
12	"Leaves ligulate, with essentially parallel margins"	"Trichostomum sweetii"
12	"Leaves narrowly ovate-lanceolate, broadest near the base"	"Weissia condensa"
