from	statement	to
1	"Median leaf cells mostly papillose or mammillose; terminal cell of photosynthetic filaments nearly globose; photosynthetic filaments often so low as to be inconspicuous"	2
1	"Median leaf cells smooth (ignore any papillosity that may be on cells near the leaf apex); terminal cell of filaments markedly longer than wide; photosynthetic filaments so high as to obscure almost all of the leaf lamina"	3
2	"Upper leaf cells mammillose or with a single central papillae; perichaetial leaves broadest near the apex; photosynthetic filaments separate to the base"	"Crossidium aberrans"
2	"Upper leaf cells papillose with several C-shaped papillae; perichaetial leaves widest near the base to near the middle; photosynthetic filaments partially fused into lamellae that may be up to 4 cells high"	"Crossidium seriatum"
3	"Lumen/wall ratio of upper and median cells mostly more than 4:1, the lumen therefore obvious; leaf margin recurved to revolute from base to above the leaf middle; papillae solid on terminal cell of photosynthetic filaments"	"Crossidium crassinerve"
3	"Lumen/wall ratio of upper and median cells mostly less than 1:1; the lumen therefore inconspicuous; leaf margin plane at base, sometimes recurved near leaf middle; papillae hollow on terminal cell of photosynthetic filaments"	"Crossidium squamiferum"
