from	statement	to
1	"Plant dendroid; stem leaves triangular and almost echlorophyllose; costa with teeth on the abaxial surface of most of its distal portion"	"Leucolepis acanthoneura"
1	"Plant not dendroid; stem leaves gradually or not strongly differentiated from branch leaves; abaxial teeth of costa present or not"	2
2	"Marginal teeth long and sharply pointed"	3
2	"Marginal teeth blunt"	6
3	"Leaves serrate in distal 1/2 to 2/3 but entire below"	4
3	"Leaves serrate to base, or with teeth reduced to essentially absent"	5
4	"Median leaf cells thick and with obvious corner thickenings; median juxtacostal cells predominantly isodiametric, 25-35 Âµm in diameter"	"Plagiomnium cuspidatum"
4	"Median leaf cells rather thin, without corner thickenings; median juxtacostal cells often elongate, mostly more than 40 Âµm broad"	"Plagiomnium drummondii"
5	"Sexual stems with rhizoids found only near the base; laminal cells isodiametric throughout; some leaves more than 8 mm long"	"Plagiomnium insigne"
5	"Rhizoids cloaking sexual stems up to the perichaetium or the perigonium; median to juxtacostal laminal cells slightly elongate; leaves usually less than 8 mm long"	"Plagiomnium medium"
6	"Leaves obviously and broadly decurrent; teeth of leaf margin mostly in a different plane from the adjacent lamina or limbidium much weaker proximally than distally; plants normal sized for a moss"	"Mnium blyttii"
6	"Leaves without obvious decurrencies or with those decurrencies at most one or two cells broad; leafy plants with or without reddening of stem but without such a post-mortal blush; marginal teeth when present inserted in the plane of the leaf lamina; plants large for a moss"	7
7	"Leaves of plagiotropic shoot distantly inserted, less than 2: 1, somewhat emarginate at apex, often apiculate; median cells mostly < 25 Âµm broad"	"Plagiomnium rostratum"
7	"Leaves of plagiotropic shoots approximate, more than 2: 1, rounded and mucronate at apex; median cells > 30 Âµm broad"	"Plagiomnium ellipticum"
