from	statement	to
1	"Cells of branch leaves pluripapillose; plant usually more or less pinnately branched; stems papillose"	"Heterocladium macounii"
1	"Cells of branch leaves unipapillose to smooth; stems irregularly branched, not papillose"	2
2	"Branch leaves obtuse to minutely apiculate"	"Myurella julacea"
2	"Branch leaves acute to acuminate"	3
3	"Plants irregularly branched"	"Pseudoleskeella tectorum"
3	"Plants pinnately branched"	4
4	"Cells of stem leaves smooth"	"Heterocladium procurrens"
4	"Cells of stem leaves unipapillose"	"Heterocladium dimorphum"
