from	statement	to
1	"Auricle present and formed of thin-walled, brownish cells that are often left on stem with careless dissection; marginal cells narrowly rectangular to linear; median laminal cells 6-10:1"	"Blindia acuta"
1	"Leaves with a non-auriculate base but with alar region more less distinct; marginal cells of median lamina short rectangular with the interior laminal cells seldom more than 5:1"	2
2	"Capsule strongly ribbed when dry, erect, not strumose, with exothecial cells short and thick-walled"	3
2	"Capsule not, or lightly, sulcate, inclined and strumose with exothecial cells various"	4
3	"Laminal cells above the leaf middle mostly 1-2:1; leaves 3-5 mm long; peristome teeth erect when dry"	"Arctoa hyperborea"
3	"Laminal cells above leaf middle rectangular, 2-5:1; leaves 2-3 mm long; peristome teeth when dry widely spreading from mouth of capsule"	"Arctoa fulvella"
4	"Cells of alar region sharply demarcated, somewhat inflated; perigonium mostly within a few cells of perichaetium; exothecial cells more than 4:1 with lumen wall ratio about 5-8:1"	"Kiaeria starkei"
4	"Cells of alar region not very inflated with only a gradual transition toward the median laminal region; perigonium and exothecial cells various"	5
5	"Leaves somewhat distorted to almost crispate when dry; perigonia either near base of perichaetial stem or on a separate branch; capsule not at all sulcate; exothecial cells more than 4:1 with lumen wall ratio about 5-8:1"	"Kiaeria blyttii"
5	"Leaves falcate but not at all distorted when dry; perigonium mostly within a few cells of perichaetium; capsule often very lightly sulcate when old and deoperculate; exothecial cells less than 2:1 with lumen/wall ratio less than 4:1"	"Kiaeria falcata"
