from	statement	to
1	"Costa weak, usually ending at or before mid-leaf, often distally forked; plant typically at least somewhat julaceous"	2
1	"Costa stronger, extending to or beyond the base of the acumen"	6
2	"Leaves with a hyaline awn; plant of foggy mountain ridges in northwestern Oregon"	"Iwatsukiella: I leucotricha"
2	"Leaves without such an awn"	3
3	"Paraphyllia present, foliose to variously lobed; median leaf cells prorate at both ends on dorsal leaf surface; costa absent or short and double; plants mostly rather irregularly branched"	"Pterigynandrum filiforme"
3	"Paraphyllia absent; costa extending to near mid-leaf, sometimes forked; median leaf cells smooth or obscurely papillose; plants closely pinnately branched"	4
4	"Leaf cells with cuticular verruculosities (view under high magnification and low light intensity); costa distally forked; leaves somewhat falcate"	"Leptopterigynandrum austro-alpinum"
4	"Leaf cells smooth; costa forked or not; leaves mostly symmetric"	5
5	"Plants mostly with a russet to reddish blush; costa broad and flattened, forked distally; median and more distal cells of leaf seldom more than 3:1"	"Pseudoleskeella serpentinensis"
5	"Plant green to brownish; costa slender, not forked distally; median and more distal cells of leaf at least in part more than 4:1"	"Tripterocladium leucocladulum"
6	"Cells strongly unipapillose over the center of the lumen"	7
6	"Cells smooth or with low papillae over the cell ends"	8
7	"Leaf margins strongly recurved from base to middle of leaf or beyond; some cells in the leaf middle 2:1"	"Lescuraea patens"
7	"Leaf margins plane or recurved only near the base; all median cells isodiametric"	"Leskea polycarpa"
8	"Paraphyllia absent; juxtacostal cells of leaf base longer than the median cells"	"Lescuraea baileyi"
8	"Paraphyllia present, easily seen on stems and branches after removal of leaves"	9
9	"Base of acumen of branch leaves with a recurvature that specially separates that acumen from the rest of the leaf"	10
9	"Leaf margin recurved primarily at the base with acumen not so defined"	11
10	"Leaves gradually narrowed to a long acumen that nearly equals or exceeds the length of the rest of the leaf; leaves mostly straight and symmetric; plant mostly corticolous in alder groves at high elevations"	"Lescuraea stenophylla"
10	"Leaves with the acumen shorter; leaves somewhat falcate by reason of the obliquely oriented acumen; plant epipetric"	"Lescuraea saviana"
11	"All cells of the acumen shorter than 4:1; walls of median cells mostly with lumen:wall ratio less than 3:1"	12
11	"At least some cells in acumen more than 4:1; lumen:wall ratio of median cells more than 5:1"	13
12	"Median cells of stem leaves, sometimes also of branch leaves pitted; all alar cells quadrate to short rectangular"	"Lescuraea atricha"
12	"Median cells of stem leaves not pitted; some of the alar cells transversely elongate"	"Lescuraea incurvata"
13	"Leaves quite strongly concave; branches ascending to erect; cells pellucid and somewhat bulging; plant of high mountain sites in the Sierra and Cascades"	"Lescuraea pallida"
13	"Leaves not strongly concave; stems and branches mostly prostrate to decumbent; cells rather opaque; plant of montane sites in the Klamath Range"	"Lescuraea radicosa"
