from	statement	to
1	"Interior basal cells of leaf strongly porose; leaves decurrent; plants large with leaves mostly more than 2 cm long; leaf apices narrowed to a long acumen or short apiculus"	2
1	"Interior basal cells of leaf not porose; rather thin-walled and somewhat inflated if plant is large; leaf apices various"	3
2	"Leaves with an abrupt short and reflexed acumen; plant restricted to lawns and similar disturbed areas"	"Pseudoscleropodium purum"
2	"Leaves with a very narrow long acumen which is at least 1/4 the length of the deeply concave main portion of that leaf; plant of wet and forested areas"	"Cirriphyllum cirrosum"
3	"Leaves 0.6-1.4 mm wide; cells across the leaf base rectangular (6-10:1) in one or two series"	4
3	"Leaves 0.3-0.8 mm wide; cells across the leaf base quadrate to short-rectangular (1-3:1) in up to six series"	7
4	"Branches variable with some leaves spreading to erect-spreading and only faintly concave while other branches are strongly julaceous"	"Scleropodium colpophyllum"
4	"Branches on the entire plant similar and strongly julaceous"	5
5	"Leaves on at least some stems with a short-acuminate, recurved apiculus; plant not aquatic but normally on moist soil"	"Scleropodium touretii"
5	"Leaves never with a recurved apiculus; plant typically aquatic and usually in flowing water"	6
6	"Leaves orbicular or nearly so; plant with even the ultimate branchlets rigidly spreading"	"Scleropodium species A"
6	"Leaves about 1.5 times as long as broad; plant flaccid, especially the ultimate branchlets"	"Scleropodium obtusifolium"
7	"Leaves broadest near the base and gradually tapering to the acute apex; stems not very julaceous but growing in thin, straggling mats; seta papillose throughout; capsule curved and asymmetric"	"Scleropodium californicum"
7	"Leaves broadest at about 1/3 and more or less abruptly contracted to the somewhat obtuse apex; stems, seta and capsule various"	8
8	"Branches strongly julaceous; capsule curved and asymmetric"	"Scleropodium julaceum"
8	"Branches usually weakly julaceous; capsule erect to inclined"	"Scleropodium cespitans"
