from	statement	to
1	"Cortical cells of stems and branches with spiral fibrils; apex of branch leaves concave and cucullate with abaxial surface appearing roughened by irregular digestion of the leucocyst walls"	2
1	"Cortical cells of stem and branches without spiral fibrils; apex of branch leaves usually not cucullate"	7
2	"Chlorocysts completely included within the layer of hyalocysts, or with slight and equal exposure of the lenticular chlorocysts on both surfaces"	3
2	"Chlorocysts with a broad base of exposure on the adaxial surface, not exposed or only slightly exposed on the abaxial surface"	4
3	"Plant typically with a reddish to copper blush"	"Sphagnum magellanicum"
3	"Plant greenish to whitish green, never reddish tinged"	"Sphagnum centrale"
4	"Chlorocysts mostly almost as broad on the adaxial surface as they are deep, thus appearing in cross-sections equilateral-triangular; leucocysts of stem leaves, especially near the leaf base, appearing once divided by an oblique fibrillose thickening of the cell wall"	5
4	"Chlorocysts on adaxial surface markedly more narrow than deep, thus appearing in cross-sections isosceles-triangular; leucocysts of stem leaves without oblique fibrillae"	6
5	"Chlorocysts, especially near the branch leaf bases, with abundant comb-fibrils; innermost walls of innermost layer of stem cortical cells horizontally striate"	"Sphagnum imbricatum"
5	"Chlorocysts papillose on walls shared with leucocysts; cortical cells without horizontal striae"	"Sphagnum papillosum"
6	"Hyalocysts of the branches with rounded-elliptic pores on the abaxial surface; chlorocysts, especially near the leaf base showing extensive development of comb-fibrils (seen as minute papillose roughenings of the lateral walls of those chlorocysts)"	"Sphagnum henryense"
6	"Hyalocysts of the branches with narrowly elliptic pores on the abaxial surface; chlorocysts without such comb-fibrils"	"Sphagnum palustre"
7	"Cortical cells of branch stems isomorphic and distally porose (seen in branch cross-section as a single layer of uniform-sized enlarged outer cells); branch leaves truncate and denticulate at apex, much larger than the broadly deltoid stem leaves"	8
7	"Cortical cells of branch stems dimorphic with only the larger ones porose (seen in branch cross-section as a layer of enlarged outer cells of two differing diameters); branch leaves usually narrowed and involute to an apex of varying shapes but not significantly truncate; branch leaves not much larger than the stem leaves"	9
8	"Chlorocysts of branch leaves completely included; abaxial surface of hyalocysts of branch leaves with numerous pseudopores (ringed structures that resemble pores but lack digestion of actual holes)"	"Sphagnum compactum"
8	"Chlorocysts of branch leaves with broadest exposure on the abaxial surface; hyalocysts of branch leaves without pseudopores"	"Sphagnum strictum"
9	"Chlorocysts of branch leaves with broadest exposure on the adaxial surface (look at and visually compare the chlorocysts of both surfaces of the leaf whole-mount)"	10
9	"Chlorocysts with broadest exposure on the abaxial surface, or with essentially equal or no exposure"	19
10	"Stem leaves truncate or broadly rounded with distinct fimbriae across a distance equal to at least half the leaf width; central basal area of stem leaf with outer cell walls strongly resorbed forming a triangular, transparent and well demarcated central zone"	11
10	"Stem leaves narrowed to apex, often notched but never fimbriate; central basal area of stem leaves without such a well demarcated central zone"	12
11	"Stem leaves broadest near the apex, fringed across entire apex with the fringe often continuing even to the lateral margins"	"Sphagnum fimbriatum"
11	"Stem leaves somewhat narrowed toward apex, fimbriate only in the central 1/2-3/4 of apex"	"Sphagnum girgensohnii"
12	"Ascending branches mostly 3 per fascicle; stem leaves bordered below by elongate cells comprising over 1/2 of leaf base, bordered above nearly to apex by a margin of elongate cells 3 or more cells wide"	"Sphagnum quinquefarium"
12	"Ascending branches mostly 2 per fascicle; stem leaves more narrowly bordered"	13
13	"Plant, especially the inner cells of the stem, brown, never red; plant forming very compact clones in bogs of low mineral availability; cortical cells of stem without pores (view a number of cells on stems stained with crystal violet)"	"Sphagnum fuscum"
13	"Plant with some reddish cast, or reddening when placed in dilute chlorox solution; clones rather loosely arranged; cortical cells of stem porose or not"	14
14	"Stem leaves appearing acuminate to abruptly apiculate because of the strongly involute upper margins"	15
14	"Stem leaves mostly with plane margins, or with margins not so much involute as to make the leaf apex appear narrowed"	17
15	"Leucocysts in median portions of branch leaves contacting the adjacent chlorocysts over only a small portion of their surface and thus hemispheric-convex on the abaxial surface; leaves of dry plant glossy"	"Sphagnum subnitens"
15	"Leucocysts in median portions of branch leaves having a free convexity that describes less than 180 of arc; dry leaves not glossy"	16
16	"Stem leaves more than 3:1; branch leaves noticeably 5-ranked; abaxial surface of proximal hyalocysts of stem leaves usually fibrillose throughout"	"Sphagnum bartlettianum"
16	"Stem leaves less than 2.5:1; branch leaves not noticeably ranked; abaxial surface of proximal hyalocysts of stem leaves usually with membrane gaps"	"Sphagnum capillifolium"
17	"Hyaline cells in distal portion of branch leaves with ringed pores whose width is about 1/5 of width of the cell; cortical cells of stem without pores"	"Sphagnum warnstorfii"
17	"Hyaline cells in distal portion of branch leaves with larger pores (mostly about 1/3 of cell width) only obscurely ringed"	18
18	"Cells of stem cortex mostly with pores; hyalocysts of stem leaves undivided, mostly short-rhomboidal"	"Sphagnum russowii"
18	"Cells of stem cortex without pores; hyalocysts of stem leaves long rhomboidal, with cross-fibrils"	"Sphagnum rubellum"
19	"Stem leaves mostly broadly triangular with the apex truncate, erose to nearly entire at apex; pores on abaxial portion of leucocysts of branch leaves to about 1/5 of width of those leucocysts"	20
19	"Stem leaves mostly ligulate, 3-4:1, quite lacerate at the apex; pores on abaxial portion of leucocysts of branch leaves mostly more than 1/3 as broad as the leucocyst"	21
20	"Branch leaves abruptly contracted to the squarrose limb; leucocysts with ringed pores on adaxial surface"	"Sphagnum squarrosum"
20	"Branch leaves gradually contracted with the limb not usually strongly squarrose; leucocysts not ringed or inconspicuously so"	"Sphagnum teres"
21	"Clorocysts of branch leaves truncately elliptic with equal exposure on both surfaces; leucocysts of branch leaves with numerous small pores visible on the abaxial surface of the leaf, these pores strongly ringed and located at the junction of the spiral fibrils and the lateral cell margin; ascending and descending branches similar in length and degree of attenuation"	22
21	"Chlorocysts of branch leaves triangular and exposed on dorsal surface; leucocysts mostly without so numerous commissural pores and often with those pores more centrally located over the lumen; descending branches significantly longer and more attenuate than the ascending ones"	26
22	"Stem cross-section showing 2-3 complete layers of enlarged and thin-walled cortical cells"	23
22	"Stem cross-section showing a single layer of enlarged and thin-walled cortical cells"	24
23	"Terminal bud protruding above capitulum and thus very obvious; stem leaves broadly elliptic, at least as large as branch leaves; ascending and descending branchlets of fascicle not clearly differentiated"	"Sphagnum platyphyllum"
23	"Terminal bud inconspicuous within capitulum; stem leaves oblong to deltoid, smaller than branch leaves; ascending and descending branchlets of fascicle often somewhat differentiated"	"Sphagnum contortum"
24	"Stem leaves mostly 1/3-1/2 as long as the branch leaves; hyalocysts of stem leaves mostly undivided"	"Sphagnum subsecundum"
24	"Stem leaves mostly markedly more than 1/2 as long as the branch leaves; hyalocysts of stem leaves mostly with several cross-fibrils"	25
25	"Abaxial face of hyalocysts of stem leaves with numerous pores but with such pores few on the adaxial face"	"Sphagnum lescurii"
25	"Abaxial face of hyalocysts of stem leaves with few pores but with such pores numerous on the adaxial face"	"Sphagnum inundatum"
26	"Stem and branch leaves similar in size and shape and in cellular detail"	"Sphagnum tenellum"
26	"Stem and branch leaves quite dissimilar"	27
27	"Branch leaf hyalocysts with pores on abaxial surface arranged in close rows along the commissures"	"Sphagnum mendocinum"
27	"Branch leaf hyalocysts without such a close commissural arrangement"	28
28	"Stem leaves trapezoidal, truncate at the broad and fimbriate to dentate apex"	"Sphagnum recurvum"
28	"Stem leaves deltoid-triangular, about as broad as long, terminating in an acute to bluntly acute apex"	29
29	"Branch leaves, when dry, strongly undulate, spreading at apices; capitula large and 5-radiate; stem leaves 0.7-1.1 mm long"	"Sphagnum fallax"
29	"Branch leaves, when dry, appressed, hardly undulate; capitula small, not conspicuously 5-radiate; stem leaves 0.4-0.8 mm long"	"Sphagnum angustifolium"
