from	statement	to
1	"Leaves not squarrose; costa about 1/3 of leaf base"	2
1	"Leaves squarrose; costa less than 1/5 the width of the leaf base"	3
2	"Leaves very narrowly linear-setaceous; margin plane"	"Leptobryum pyriforme"
2	"Leaves lingulate with margin strongly recurved throughout; stem without an hyaloderm"	"Meesia uliginosa"
3	"Leaf margins entire or nearly so; plant obscurely tristichous"	"Meesia longiseta"
3	"Leaf margins toothed to the base; plant strongly tristichous"	"Meesia triquetra"
