from	statement	to
1	"Costa and adjacent lamina with distal portion covered on adaxial side with a cushion of bottle-shaped and papillose cells; capsule immersed to slightly emergent, cleistocarpous on a short seta"	"Microbryum vlassovii"
1	"Costa without such an adaxial cushion; capsule exserted"	2
2	"Leaves mostly more than 2:1, with a reddish apiculus; spores densely spinulose"	"Microbryum davallianum"
2	"Leaves mostly less than 2:1, with a short yellowish apiculus; spores finely papillose"	"Microbryum starckeanum"
