from	statement	to
1	"Leaves longitudinally plicate, mostly falcate-secund"	2
1	"Leaves of wet or dry plant not plicate or, if so, not falcate"	6
2	"Alar cells very thin-walled and hyaline in a strongly demarcated region that extends to the costa; foliose paraphyllia scattered over the stem (especially visible near the stem apex); at least the basal cells with distal prorations"	3
2	"Alar cells not inflated and hyaline, or with the inflated cells in a smaller group; paraphyllia not present; none of the cells prorate"	5
3	"Paraphyllia lanceolate, more than one cell wide except terminal cell"	"Cratoneuron filicinum"
3	"Paraphyllia linear, only one cell wide for several cells distally"	4
4	"Stem leaves deltoid-triangular with a somewhat cordate base, abruptly narrowed near the leaf middle into a long acumen; alar cells forming a large group in the cordate base"	"Palustriella commutata"
4	"Stem leaves lanceolate and falcate, gradually narrowed from near the base to the long acuminate apex; alar cells forming a small group to 5 cells long at margin"	"Palustriella falcata"
5	"Stem cross-section with an obvious hyaloderm; leaves falcate-secund from the base; plant never with a reddish pigmentation, autoicous"	"Sanionia uncinata"
5	"Hyalodermis absent; leaves straight in proximal 1/2, becoming falcate distally; plant mostly with a reddish pigmentation, dioicous"	"Hamatocaulis vernicosus"
6	"Alar cells inflated and extending nearly or completely across the leaf base; plant aquatic or in seepages"	7
6	"Alar cells not in such a large group; habitat various"	12
7	"Plant typically brownish-green to purple or reddish; leaves with nematogons on each side of the costa, these nematogons appearing as empty cells strongly differentiated from the highly pigmented adjacent cells; plant mostly in running water of small streams"	"Warnstorfia exannulata"
7	"Plant typically green to glaucous-green although sometimes darker due to a covering of sediments, never reddish or purple; plant without nematogons on the leaves; mostly in seepages and slow-flowing to stagnant waters"	8
8	"Leaf margin serrate to serrulate; leaves broadly ovate, about 2:1; lanceolate to filamentous paraphyllia normally sparse but present on well-developed stems; plants of calcareous seepages"	"Cratoneuron filicinum"
8	"Leaf margin absolutely entire, even at apex; leaves ovate-lanceolate, more than 3:1; paraphyllia absent; plant of slow-flowing or stagnant waters"	9
9	"Costa percurrent to excurrent"	"Drepanocladus capillifolius"
9	"Costa ending somewhat before the apex"	10
10	"Plant with quadrate or very short rectangular cells in 1-4 rows immediately above the alar region"	"Drepanocladus polycarpos"
10	"Alar region not set off by rows of short cells"	11
11	"Leaves typically falcate-secund with acumen not well-demarcated from the rest of the leaf"	"Drepanocladus aduncus"
11	"Leaves straight with acumen well-demarcated"	"Campylium polygamum"
12	"Terminal cell of leaf 1.5-3:1; alar cells only gradually differentiated from adjacent laminal cells"	13
12	"Terminal cell of leaf longer and not much differentiated; alar cells somewhat different from adjacent laminal cells"	14
13	"Plant mostly growing submerged in water or on frequently submerged objects; leaves obliquely attached to stem; median leaf cells mostly more than 10:1"	"Leptodictyum riparium"
13	"Plants growing on mesic or very wet habitats, seldom submerged; line of leaf insertion at a right angle to the long axis of the stem; median leaf cells seldom more than 8:1"	"Leptodictyum humile"
14	"Alar cells thin-walled and inflated; leaf margins serrulate, often minutely so; nematogons present as clear cells near costa in distal portion of leaf"	"Warnstorfia fluitans"
14	"Alar cells not in an a well-demarcated area of inflation; leaf margins entire, incurved in distal portions of leaf; leaf without nematogons"	15
15	"Outer cells of stem cross-section somewhat enlarged relative to adjacent, more interior cells; proximal 1/2-2/3 of leaf elliptic and symmetrical with only the distal portion of leaf curved in a falcate manner; plant reddened throughout"	"Limprichtia revolvens"
15	"Outer several rows of cells in stem cross-section markedly smaller than more interior cells; leaves falcate throughout or straight; plant green to brown"	16
16	"Alar cells only gradually differentiated; costa of stem leaves mostly occupying more than 1/4 of leaf base, bulging on both surfaces of the leaf"	"Drepanocladus crassicostatus"
16	"Alar cells thick-walled and incrassate; well-demarcated from other basal cells; costa more narrow, bulging abaxially if at all"	"Drepanocladus sordidus"
