from	statement	to
1	"Leaves broadly acute to obtuse"	2
1	"Leaves mucronate to acuminate"	3
2	"Peristome double; leaves ovate to elliptic ovate; suboral exothecial cells long and narrow, to 6 times as wide as long in up to 8 rows"	"Entosthodon californicus"
2	"Exostome present and well-developed, to 250 Âµm long, endostome absent; leaves ligulate; suboral exothecial cells short rectangular, to 3 times as wide as long in only a few rows"	"Entosthodon kochii"
3	"Costa broad and long, ending at least in the base of the acumen; capsules pyriform, less than 2:1"	"Entosthodon drummondii"
3	"Costa not so extended"	4
4	"Costa ending at 1/2-3/4 of leaf; leaf apex slenderly and abruptly acuminate"	5
4	"Costa stronger; leaf apex various"	6
5	"Exostome long and well-developed with teeth of newly deoperculate capsule meeting at their tips in the open capsule mouth; capsules pyriform, more than twice as long as wide; spores 28-30 Âµm in diameter; endostome present"	"Entosthodon bolanderi"
5	"Exostome abortive, consisting of only a few cell fragments; capsules short pyriform to oblong, less than twice as long as wide; spores 35-40 Âµm in diameter; endostome absent"	"Entosthodon tucsoni"
6	"Leaves nearly entire or finely crenulate, bordered by several rows of narrower cells"	"Entosthodon attenuatus"
6	"Leaves with at least some serrulations near the apex, elimbate"	7
7	"Capsules somewhat inclined and asymmetric; terminal cells in leaf acumen markedly elongated with only one or 2 tiers of cells in that acumen; suboral cells of exothecium not or hardly differentiated"	"Entosthodon rubrisetus"
7	"Capsules strictly erect and symmetric; terminal cells of acumen not so elongate; suboral cells differentiated in 2-4 rows, transversely elongated"	8
8	"Operculum flat, without an apiculus; spores mostly about 20 Âµm in diameter"	"Entosthodon planoconvexus"
8	"Operculum with a small apiculus; spores 25-30 Âµm in largest diameter"	"Entosthodon fascicularis"
