from	statement	to
1	"Leaf squarrose from a strongly sheathing base"	2
1	"Leaf base not abruptly expanded and sheathing"	5
2	"Leaf base only gradually contracted to the lanceolate limb; leaf apex broadly obtuse to rounded"	"Dicranella palustris"
2	"Leaf base abruptly contracted to the subulate limb with the shoulders defining nearly a 45 angle relative to the costa; leaf apex narrowly obtuse to acute"	3
3	"Capsule erect and sulcate; distal portion of subula 2-3 cells thick, not well-differentiated in cross-section from the costa"	"Dicranella crispa"
3	"Capsule inclined, sulcate or not; distal portion of subula mostly unistratose except for the margin"	4
4	"Leaves distally denticulate; many of the cells at mid-leaf more than 10 Âµm wide; capsules sulcate when dry"	"Dicranella grevilleana"
4	"Leaves entire or nearly so to the apex; cells at mid-leaf about 5 Âµm wide; capsules smooth when dry"	"Dicranella schreberiana"
5	"Plant crispate when dry; leaf margins recurved"	6
5	"Plant not crispate; leaf margins incurved or recurved and bistratose"	8
6	"Median leaf cells papillose or papillose on high mammillae; leaf margins unistratose"	"Cynodontium strumulosum"
6	"Median leaf cells smooth or mammillose"	7
7	"Leaf margins unistratose; perigonium with acute bracts; median leaf cells mostly more than 12 Âµm wide"	"Cynodontium jenneri"
7	"Leaf margins bistratose; perigonium with obtuse bracts; median leaf cells mostly less than 10 Âµm wide"	"Cynodontium tenellum"
8	"Vegetative leaves lanceolate to narrowly lanceolate, with the lamina at mid-leaf mostly more than 10 cells wide on each side of the costa; leaf margins recurved at least near the base"	9
8	"Vegetative leaves subulate above the middle with the lamina mostly more narrow; leaf margins plane to incurved, mostly unistratose"	12
9	"Leaves bluntly rounded or obtuse at apex with margins unistratose"	"Dicranella hilariana"
9	"Leaves acute to narrowly subulate at apex with margins bistratose"	10
10	"Costa broad, occupying about 1/3 of the leaf base; guide cells present on adaxial surface in costa cross-section; leaf margin only minutely recurved near the base; lateral walls of the exothecial cells somewhat sinuose, not much thicker than the transverse walls"	"Dicranella howei"
10	"Costa occupying up to 1/4 of leaf base; guide cells not adaxially exposed; leaf margin recurved to mid-leaf; lateral walls of the exothecial cells nearly straight, about twice as thick as the associated transverse walls"	11
11	"Upper leaves to 2 mm long; leaf cells near the apex mostly two or more times as long as broad"	"Dicranella varia"
11	"Upper leaves more than 3 mm long; leaf cells near the apex mostly less than twice as long as broad"	"Dicranella pacifica"
12	"Seta yellow, even when old; mouth of capsule oblique when dry and deoperculate; spores nearly smooth"	"Dicranella heteromalla"
12	"Seta becoming red-brown to purple at maturity; mouth of capsule not oblique; spores finely papillose"	13
13	"Capsule erect or nearly so, symmetric; annulus wanting"	"Dicranella rufescens"
13	"Capsule inclined to horizontal, asymmetric; annulus well developed, of two rows of cells"	"Dicranella subulata"
