from	statement	to
1	"Leaves with abaxial ridges on costa, never with a hyaline awn"	"Grimmia ramondii"
1	"Costa not ornamented on abaxial surface"	2
2	"Leaves strictly muticous"	3
2	"At least some of the leaves in a clone with an hyaline awn"	13
3	"Leaf cells with low papillae over lumen or over lateral walls"	4
3	"Leaf cells smooth"	9
4	"Leaves oblong, with a broad, rounded, often dentate to serrulate apex; plant aquatic or in high elevation seepages"	5
4	"Leaves lanceolate with the apex acuminate to rounded but always with the apex entire and considerably narrowed from below the leaf middle"	7
5	"Margins at mid-leaf bistratose to 10 cells wide; papillosity at mid-leaf very low and inconspicuous; leaf apices primarily acute"	"Racomitrium norrisii"
5	"Leaf unistratose throughout; papillosity at mid-leaf conspicuous even at lower magnifications; leaf apices primarily obtuse"	6
6	"Costa ending near mid-leaf, only 2-3 cells wide distally; leaves elliptical to oblong-elliptical, broadly rounded and nearly entire at apex"	"Racomitrium molle"
6	"Costa extending nearly to leaf apex, more than 4 cells wide distally; leaves broadly lingulate to oblong-lanceolate, rounded obtuse or even with a slight acumination, usually erose-dentate at apex"	"Racomitrium aciculare"
7	"Alar cells much inflated; apex on at least some leaves with a hyaline awn; operculum 0.6-0.9 as long as urn"	"Racomitrium varium"
7	"Alar cells not inflated; apex consistently muticous; operculum relatively shorter"	8
8	"Median leaf cells elongate, more than 3:1; stems with numerous short, lateral branches"	"Racomitrium fasciculare"
8	"Median leaf cells mostly isodiametric; stems without a close grouping of short lateral branches"	"Racomitrium ryszardii"
9	"Leaves somewhat laterally twisted when dry; margin bistratose in 2-4 rows at least from near the apex to below the middle; plants with a red brown cast"	"Racomitrium macounii"
9	"Leaves appressed to falcate when dry; margin unistratose throughout or with rather more limited bistratose streaks; plants mostly without such a red brown cast"	10
10	"Leaf apices bluntly rounded, often crenulate; margin unistratose, usually somewhat crenulate distally, inconspicuously recurved, often plane on one side"	11
10	"Leaf apices acute to bluntly acute, not at all crenulate; margin often in part bistratose, mostly with a rather long area of recurvature on both sides especially near the leaf middle"	12
11	"Leaves concave, mostly longer than 3 mm; alar cells mostly thin-walled, sometimes decurrent, in a poorly demarcated region; plants growing in streams, mostly in high mountains"	"Racomitrium depressum"
11	"Leaves smaller and not concave; alar cells short and thick-walled, often porose, in a well demarcated, often auriculate group; plants growing on wet rocks in lowlands"	"Racomitrium pacificum"
12	"Costa mostly less than 80 Âµm broad near base, near abaxial apex so convex as to appear almost cylindrical; leaf apex rather gradually acuminate; inner perichaetial leaves only slightly differentiated from adjacent vegetative leaves"	"Racomitrium sudeticum"
12	"Costa mostly broader, near apex not so abaxially convex; leaf apex acute; inner perichaetial leaves very much reduced in size, hyaline or nearly so"	"Racomitrium affine"
13	"Hyaline awn prominently papillose"	14
13	"Hyaline awn smooth or absent (note that the awn may sometimes be toothed and appear papillose)"	17
14	"Cells of lamina smooth, with a lumen:wall ratio less than l:1; hyaline awn decurrent a distance almost equal to the length of the rest of the awn"	"Racomitrium lanuginosum"
14	"Cells of lamina papillose; walls thinner; awn decurrency short or absent"	15
15	"Costa ending at about 1/2-3/4, frequently forked distally; leaves mostly less than 3:1, not keeled except at extreme apex"	"Racomitrium ericoides"
15	"Costa extending to the base of the acumen or beyond, not forked distally; leaves mostly more than 4:1, strongly keeled in distal 1/3"	16
16	"Leaves with distinct and somewhat inflated alar cells; costa obscured by its position in the deep central keel; abundant plant on most substrata and at most altitudes"	"Racomitrium elongatum"
16	"Leaves with alar cells not so inflated; costa not so obscured; plant rarely present at higher elevations in Washington State"	"Racomitrium pygmaeum"
17	"Costa strongly convex abaxially, distally grooved or ridged; awn terete, strongly spinulose, not flexuose; plant green and sparsely branched"	"Racomitrium occidentale"
17	"Costa not distally grooved or ridged"	18
18	"Median leaf cells with small to rather large papillae over the lateral walls"	19
18	"Median leaf cells smooth in lateral or cross-sectional view"	20
19	"Plant mostly gray- to glaucous green; alar cells much inflated; costa at mid leaf lying in a poorly defined channel, less than 8 cells wide; operculum 0.6-0.9 times as long as urn"	"Racomitrium varium"
19	"Plants olive-green to fuscous or blackish; alar cells poorly differentiated; costa at mid-leaf in a well-defined channel, about 8 cells wide; operculum less than 0.5 times the length of the urn"	"Racomitrium brevipes"
20	"Leaf margins at mid-leaf bistratose in a band two or more cells wide; costa dorsally convex and mostly 4-stratose; plants brown to russet"	"Racomitrium macounii"
20	"Leaf margins at mid-leaf unistratose or with the bistratosity only one cell wide; costa mostly not so thick; plants green to blackish green"	21
21	"Basal cells of leaf thick-walled and porose but without sinuosities; basal marginal cells forming a distinct limbidium of several cell rows; costa near base only 3-4 cells wide"	"Racomitrium microcarpon"
21	"Basal cells of leaf not differentiated, not forming a limbidium; costa near base 5-9 cells wide"	22
22	"Basal marginal cells quadrate to rectangular with transverse walls markedly thicker than lateral walls; costa near base flattened and somewhat grooved, usually with a small and thin abaxial stereid band"	"Grimmia leibergii"
22	"Basal marginal cells mostly rectangular without transverse wall thickening; costa near the base not strongly flattened or grooved; mostly without stereids"	23
23	"Margin recurved from near the base to near the awn; awn of dry leaf mostly not squarrose"	24
23	"Margin mostly not recurved above the middle; awn of dry leaf usually at least somewhat squarrose"	Z
24	"Leaf margin at mid-leaf mostly bistratose; leaf lamina somewhat contracted at intersection with the terete and rigid awn"	"Racomitrium obesum"
24	"Leaf margin at mid-leaf mostly unistratose; leaf lamina not at all contracted; awn rather broad and flat at base"	25
25	"Costa adaxially grooved to canaliculate immediately below mid-leaf; costa cross-section mostly only 2 cells thick at mid-leaf"	"Racomitrium heterostichum"
25	"Costa not at all adaxially grooved, or perhaps slightly so near leaf apex; costa cross-section mostly 3 cells thick at mid-leaf"	"Racomitrium affine"
