from	statement	to
1	"Leaf margins serrate with multicellular teeth; fertile plants polysetous with seta mostly more than 2 cm long"	Ptychomitrium
1	"Margins entire to serrulate"	2
2	"Apex of leaf filiform with about 2-5 isodiametric to short- rectangular cells in a uniseriate apex"	3
2	"Apex of leaf not uniseriate"	4
3	"Plant stoloniferous with prostrate axes possessing abundant red-brown rhizoids; axillary gemmae absent; erect branches short, not at all hamate when dry; median leaf cells pluripapillose with papillae blunt and covering most of cell"	"Ulota megalospora"
3	"Plant erect and tufted, heavily gemmiparous in leaf axils; stem apices of dry plant strongly hamate; median leaf cells pluripapillose with papillae sharp and punctiform"	"Zygodon rupestris"
4	"Basal marginal cells quadrate to very short rectangular, abruptly differentiated in several rows from the more elongate interior basal cells; capsules exserted with a long and well-demarcated neck; stomates phaneroporous"	5
4	"Basal marginal cells not so abruptly demarcated; capsules and stomates various"	6
5	"Apex of upper leaves with a reddish-brown cluster of septate gemmae; plant found only within a mile or so of the ocean"	"Ulota phyllantha"
5	"Apex of leaves not gemmiparous; plant more widely distributed"	"Ulota obtusiuscula"
6	"Leaves with the suprabasal, perimarginal cells having high, pointed papillae inserted not on the lumen but on end and lateral walls; plant dioicous with leaf apices either very long and somewhat flexuose when dry or with that apex bluntly eroded by gemma production"	7
6	"Leaves without such a papillar arrangement; plant monoicous with leaf apices not usually long and flexuose; gemma production various"	8
7	"Plant usually with dense gemmae on upper lamina and costa of most of the upper leaves; leaves not long-acuminate"	"Orthotrichum lyellii"
7	"Plant without gemmae; leaves usually long-acuminate, often with elongate cells in a slightly serrulate acumen"	"Orthotrichum papillosum"
8	"Leaves crispate when dry; plant growing as small tufts mainly on twigs of shrub and trees in the northwest of California; capsule with cryptoporous stomates"	9
8	"Leaves erect and imbricate when dry; habit and stomate position of plant various"	10
9	"Exostome red"	"Orthotrichum pulchellum"
9	"Exostome white"	"Orthotrichum consimile"
10	"Margins incurved to plane throughout"	11
10	"Margins recurved to revolute at least at the base and usually through most of the leaf"	12
11	"Plant blackish; leaf lamina bistratose; growing on moderately dry rocks"	"Orthotrichum bolanderi"
11	"Plant green, often with a reddish-brown cast; lamina unistratose; growing on trees in mountains often near watercourses"	"Orthotrichum obtusifolium"
12	"Stomata phaneroporous; basal cells elongate and somewhat porose or with sinuose walls"	13
12	"Stomata cryptoporous; basal cells short-rectangular with evenly thickened walls"	23
13	"Leaves smooth; peristome smooth; calyptra glabrous; very localized plant of volcanic plateaus in northeastern California and in neighboring states to the northeast"	"Orthotrichum holzingeri"
13	"Leaves strongly papillose; peristome minutely to high papillose; calyptra with abundant hairs"	14
14	"Capsule smooth, shorter than 4:1"	"Orthotrichum striatum"
14	"Capsule ribbed at least in upper half; capsule longer"	15
15	"Peristome reduced to a few basal plates; plant glaucous due to the very high multifid papillae; adaxial face of costa covered by laminal cells in at least the distal 1/3 of leaf; spores to 11 Âµm in diameter"	"Orthotrichum spjutii"
15	"Peristome fully developed; plant not glaucous; adaxial face of costa with elongate cells throughout; spores markedly larger"	16
16	"Endostome at least in part two cells wide, more than half as long as exostome; mostly epiphytic plants with cylindric capsules"	17
16	"Endostome mostly not present or quite abortive; mostly rupestral plants with oblong capsules"	18
17	"Capsule immersed, strangulate and strongly ribbed from near the mouth to the base; exostome teeth not fenestrate"	"Orthotrichum affine"
17	"Capsule emergent, ribbed only in distal half; exostome teeth usually fenestrate"	"Orthotrichum speciosum"
18	"Sporophyte immersed so that the apices of the nearest perichaetial leaves are above the mouth of the capsule"	19
18	"Sporophyte emergent to exserted"	20
19	"Plant growing as small, closely aggregated, tufts on rocks or trees; exostome densely papillose"	"Orthotrichum texanum"
19	"Plant growing as rather large, loose mats primarily on rocks; exostome low papillose to almost smooth"	"Orthotrichum rupestre"
20	"Peristome erect to spreading when dry; endostome segments essentially absent"	21
20	"Peristome reflexed and often broken but with the bases still showing that reflexing; endostome segments sometimes present"	22
21	"Capsule ovate to short-oblong, exserted or nearly so; exostome teeth 16 but sometimes tardily separating from an initial 8 pairs"	"Orthotrichum pylaisii"
21	"Capsule cylindric, about 1/2 emergent; exostome teeth 8, even in older capsules; leaf apices acuminate to cuspidate, often bleached"	"Orthotrichum praemorsum"
22	"Leaves bluntly acute to obtuse; median cells mostly rather low papillose; adaxial surface of costa above its middle showing elongate to linear, thick-walled cells"	"Orthotrichum laevigatum"
22	"Leaves long-acuminate to narrowly acute; median cells with papillar salients at least as high as 1/2 the cell thickness; adaxial surface of costa above its middle covered with cells like those of the adjacent lamina"	"Orthotrichum macounii"
23	"Leaves terminating in a hyaline awn"	"Orthotrichum diaphanum"
23	"Leaves without hyaline awn"	24
24	"Plant strongly heterophyllous with the vegetative leaves blunt and ligulate but with the leaves below the perichaetium acuminate and lanceolate, markedly enlarged relative to vegetative leaves; exostome erect to somewhat spreading, densely spiculate-papillose; endostome very short"	"Orthotrichum species A"
24	"Plant isophyllous without differentiation between the vegetative leaves and perichaetial leaves; peristome with exostome reflexed and papillose with endostome obvious or erect and striate with endostome very short to absent"	25
25	"Exostome erect or spreading, with the striate ridges on the dorsal face resembling a fingerprint; endostome absent; leaves often bistratose or with bistratose streaks; plants consistently epipetric"	26
25	"Exostome reflexed to recurved, papillose to papillose-striate but never with a fingerprint-like pattern; endostome present; leaves unistratose; most of the species epiphytic"	29
26	"Capsule exserted and cylindrical, mostly with 8 long ribs alternating with 8 short ones"	"Orthotrichum anomalum"
26	"Capsule immersed to emergent; with 8 or 16 ribs"	27
27	"Capsule with 16 ribs; leaves only remotely keeled, acute"	"Orthotrichum cupulatum"
27	"Capsule with 8 ribs; leaves distally keeled, obtuse to bluntly acute"	28
28	"Leaves unistratose, stiff, ligulate with the apices incurved; papillae high and forked; plant glaucous"	"Orthotrichum pellucidum"
28	"Leaves bistratose, lanceolate and loosely appressed; papillae low, conical and not forked; plant green to dark green"	"Orthotrichum hallii"
29	"Leaf apex rounded-obtuse and often irregularly serrate; leaves smooth to inconspicuously papillose; plant of seasonally inundated rocks or tree bases"	30
29	"Leaf apex acute to acuminate or mucronate, entire to, at most, papillose-crenulate; leaves smooth to densely papillose; plant epiphytic or occasionally epipetric on dry rocks"	31
30	"Leaves very dark green to nearly black; median cells mostly more than 15 Âµm in diameter; costa terete in cross-section; plant of rocks on stream heads in exposed dry to semi-desert sites"	"Orthotrichum euryphyllum"
30	"Leaves rich dark green, sometimes black on older portions; median cells mostly to 12 Âµm; costa flat in cross-section; on trees and rocks in frequently flooded areas of stream flood- plains"	"Orthotrichum rivulare"
31	"Leaf margins bistratose; capsules immersed with seta less than 0.5 mm long"	"Orthotrichum shevockii"
31	"Leaf margins unistratose or leaf lamina bistratose throughout; capsules immersed to emergent"	32
32	"Sporophyte immersed so that the apices of the nearest perichaetial leaves are above the mouth of the capsule"	33
32	"Sporophyte emergent to exserted"	35
33	"Capsules sulcate throughout, short-cylindric; endostome with 16 separate segments"	"Orthotrichum underwoodii"
33	"Capsules lightly sulcate primarily toward the strangulate mouth, mostly oblong in shape; endostome with 8 segments"	34
34	"Leaves oblong-ovate, carinate in the rounded obtuse apex, often mucronate"	"Orthotrichum flowersii"
34	"Leaves ovate-lanceolate, not at all carinate in the acute, usually apiculate apex"	"Orthotrichum pumilum"
35	"Calyptra with hairs prorate to papillose"	"Orthotrichum alpestre"
35	"Calyptra with hairs absent or smooth"	36
36	"Subsidiary cells around stomates without thickened radial walls, thus with guard cells only somewhat covered by those subsidiary cells; leaves somewhat decurrent"	"Orthotrichum pallens"
36	"Subsidiary cells with strongly thickened radial walls that obscure the outline of the guard cells below; leaves not at all decurrent"	"Orthotrichum tenellum"
