from	statement	to
1	"Margin entire to apex; limbidium present as a one cell wide, unistratose border of enlarged and thicker-walled cells"	2
1	"Margin serrate to dentate; margin mostly of several layers of cells, at least near leaf apex"	3
2	"Median laminal cells smooth, quadrate, to 12 Âµm in diameter; leaves mostly less than 3 mm long"	"Scopelophila cataractae"
2	"Median laminal cells papillose, hexagonal, > 20 Âµm in diameter; leaves mostly more than 5 mm long"	"Crumia latifolia"
3	"Rhizoids never inserted on abaxial surface of costa; alar region with a cluster of isodiametric, rather thin walled cells extending toward the costa in 8 or more rows"	"Schistidium rivulare"
3	"Rhizoids abundantly inserted on adaxial surface of costa; alar region usually with 1-3 rows of quadrate cells set off by an infra-marginal limbidium of elongate and rectangular cells that border the shorter cells inward toward the costa"	4
4	"Capsules gymnostomous; leaf margin 3-5 cells thick above the leaf middle with internal cells of that thickened margin substereid"	"Scouleria marginata"
4	"Capsules peristomate; leaf margin at most 2 cells thick without substereid cells internally"	5
5	"Leaves bi- to multistratose in most of leaf; leaf shape somewhat ovate-lanceolate"	"Scouleria species A"
5	"Leaves uniformly unistratose or with scattered bistratose streaks in the central lamina and on the margin; leaf shape elliptic, broadest near the middle"	"Scouleria aquatica"
