from	statement	to
1	"Abaxial surfaces of median leaf cells smooth or prorate on distal ends"	2
1	"Abaxial surfaces of median leaf cells prorate on proximal ends or papillose over lumen"	6
2	"Leaves glaucous, obviously pentastichous; costa of lower leaves ending before the apex"	"Conostomum tetragonum"
2	"Leaves green to pale green, unranked or obscurely pentastichous; costa of all leaves percurrent to excurrent"	3
3	"Costa percurrent; perigonia broader than the diameter of the stem with perigonial leaves spreading"	"Philonotis muhlenbergii"
3	"Costa excurrent by at least a few cells; perigonia various"	4
4	"Leaf margins plane; costa long-excurrent with the awn on the most distal leaves about 1/4 of laminal length; distal cells of lamina mostly less than 4:1"	"Philonotis capillaris"
4	"Leaf margins recurved to revolute; costa excurrent but shorter; distal cells of lamina mostly longer than 4:1"	5
5	"Perigonia broader than the diameter of the stem with perigonial leaves spreading; leaves mostly more than 1.5 mm long"	"Philonotis marchica"
5	"Perigonia smaller than the diameter of the stem with perigonial leaves erect; leaves mostly less than 1.5 mm long"	"Philonotis uncinata"
6	"Margins plane; leaves not plicate"	"Philonotis caespitosa"
6	"Margins recurved at least at base; leaves lightly plicate near base"	7
7	"Leaves pentastichous, inserted on stem at more than a 30 angle, twisted around stem when dry"	"Philonotis americana"
7	"Leaves imbricate, not twisted"	8
8	"Leaf cells with central papillae"	"Philonotis yezoana"
8	"Leaf cells prorate to nearly smooth"	9
9	"Leaves mostly more than 2 mm long with costa more than 250 Âµm wide; cells at mid-leaf near costa with lumen:wall ratio more than 4:1; perigonial bracts acute"	"Philonotis calcarea"
9	"Leaves mostly less than 1.5 mm long with costa more narrow; cells at mid-leaf near costa with lumen: wall ratio less than 2.5:1; perigonial bracts obtuse or broadly acute"	10
10	"Leaves ovate; costa hardly excurrent"	"Philonotis fontana"
10	"Leaves narrowly lanceolate to ovate-lanceolate; costa strongly excurrent"	"Philonotis tomentella"
