from	statement	to
1	"Costa reaching into acumen, often nearly percurrent; seta papillose; plant autoicous"	2
1	"Costa shorter, usually ending at 1/2-3/4 of the leaf length"	4
2	"Apex twisted on at least some leaves; leaves cordate-deltoid, 1.5-2:1"	"Brachythecium starkei"
2	"Apex never twisted; leaves ovate-lanceolate, 3-5:1"	3
3	"Leaves somewhat spreading and rather distantly inserted so that the stems can be seen without dissection; decurrency extending several cells down stem"	"Brachythecium reflexum"
3	"Leaves more appressed and imbricate, typically obscuring the stems, almost not decurrent"	"Brachythecium populeum"
4	"Leaves plicate, often with plicae defining the alar region and thus ignored but with those plicae extending more than 1/4 up the leaf"	5
4	"Leaves not plicate or plicae restricted to leaf base"	13
5	"Alar cells quadrate to irregular, in a large group extending more than 5 cells up the margin; branches mostly prostrate to decumbent"	6
5	"Alar cells fewer, mostly rectangular, somewhat inflated and decurrent; branches erect or ascending"	10
6	"Leaves contracted to a linear, nearly entire awn, when dry imbricate and homomallous"	7
6	"Leaves acuminate but with that acumen neither filiform nor entire; acumen serrulate to serrate"	8
7	"Acumen filiform with several of its terminal cells arranged in a uniseriate fashion; alar region rather dense"	"Brachythecium calcareum"
7	"Acumen narrowly linear but not uniseriate distally; alar region pellucid"	"Brachythecium albicans"
8	"Alar region opaque and appearing darker than adjacent lamina"	"Brachythecium laetum"
8	"Alar region pellucid with constituent cells of larger diameter than those of adjacent lamina"	9
9	"Leaves strongly falcate-secund; decurrent with cells of the decurrency rectangular, abruptly differentiated from the quadrate cells of the alar region; leaves with acumen well-demarcated; plant dioicous"	"Brachythecium erythrorrhizon"
9	"Leaves straight or only obscurely falcate; short decurrent with cells of the decurrency only gradually different from cells of the alar region; leaves mostly only gradually contracted to apex; plant autoicous"	"Brachythecium salebrosum"
10	"Leaves lightly to strongly falcate, sometimes with this falcation best seen as asymmetry when detached; upper leaf margin serrulate with the teeth comprised primarily of thickening of the walls on the distal end of the cells; leaves mostly less than 2.25 mm long"	"Brachythecium leibergii"
10	"Leaves not falcate; upper leaf margin various but with teeth not so incrassate; leaves mostly more than 2.5 mm long"	11
11	"Plant sparingly branched with leaves closely appressed, concave between the plications; alar and basal cells little or not at all inflated, not extending across the leaf base; margin serrate near apex, serrulate nearly to base; plant autoicous; seta mostly smooth"	"Brachythecium occidentale"
11	"Plants with leaves erect-spreading to loosely imbricate, not keeled along costa; alar cells inflated in the decurrent auricle; margin serrulate to serrate; plant dioicous; seta papillose"	12
12	"Leaves acute to bluntly acute, mostly only lightly plicate; inflated cells; region of inflated cells often occupying a well-demarcated basal auricle and the very long decurrency; seldom with inflation of interior basal cells"	"Brachythecium rivulare"
12	"Leaves acuminate with apex of some leaves laterally twisted, strongly plicate; region of inflated cells including both the decurrency and one or more rows of basal cells extending inwards to costa"	"Brachythecium frigidum"
13	"Alar cells, especially within the decurrency, strongly inflated in several series"	14
13	"Cells of alar and decurrency region only gradually or not at all inflated, seldom more than twice as wide as upper laminal cells"	15
14	"Leaves broadly ovate to oblong-ovate, abruptly contracted to a blunt apiculus; alar region not extending to costa"	"Brachythecium rivulare"
14	"Leaves deltoid-triangular, gradually contracted to a short or long acumen; alar region broad, reaching to costa"	"Brachythecium nelsonii"
15	"Plant small with leaves less than 1.5 mm long; margin serrate to serrulate throughout"	16
15	"Plant mostly larger; alar group poorly defined with cells short-rectangular to irregular; leaves mostly entire to low serrulate below the middle"	20
16	"Leaves deeply concave with the plants somewhat julaceous; alar cells in a large group extending more than 10 cells up the margin"	"Brachythecium collinum"
16	"Leaves not concave, or the plants larger"	17
17	"Leaf cells mostly less than 6:1; plant dioicous; seta papillose throughout"	"Brachythecium bolanderi"
17	"Leaf cells longer; plant monoicous; seta variable"	18
18	"Leaves appressed, not at all plicate; plant synoicous; seta smooth"	"Brachythecium fendleri"
18	"Leaves erect-spreading to loosely ascending; plant autoicous; seta papillose"	19
19	"Seta rough throughout"	"Brachythecium velutinum"
19	"Seta smooth, or somewhat papillose at immediate base"	"Brachythecium venustum"
20	"Leaves falcate-secund with short basal plications; alar cells short-rectangular, decurrent in a rather broad, triangular group"	"Brachythecium erythrorrhizon"
20	"Leaves not falcate-secund; decurrency various"	21
21	"Stem leaves deeply concave, abruptly narrowed to an apiculus or an acumen, often with the apices of some or all leaves twisted or reflexed"	22
21	"Stem leaves not abruptly apiculate from a concave base; apices of leaves not twisted"	24
22	"Stem and branch leaves abruptly narrowed to a very narrow acumen which is at least 1/4 as long as the rest of the leaf"	"Cirriphyllum cirrosum"
22	"Leaves without such a narrow acumen"	23
23	"Plant strongly julaceous with branching regular and in a single plane; leaves with an abrupt short and reflexed acumen; plant restricted to lawns and similar disturbed areas"	"Pseudoscleropodium purum"
23	"Plant neither julaceous nor with planar branching; leaves with acumen twisted; plant of medium to high elevations in the Cascades"	"Brachythecium hylotapetum"
24	"Alar region poorly defined with the cells not at all inflated, quadrate to short-rectangular at least some of the plant often with a red-brown cast"	25
24	"Alar region moderately well-defined with the cells short rectangular, often somewhat inflated plants green"	26
25	"Leaves with a well-defined acumen filled with elongate cells, ascending and somewhat homomallous; plant mostly mesic, on soil, logs or rocks"	"Brachythecium plumosum"
25	"Leaves acute to bluntly acute, without a defined acumen, with distal cell typical very short; leaves obliquely inserted, appearing somewhat complanate; plant aquatic or on very wet soil"	"Leptodictyum riparium"
26	"Some leaves 3-5 cells decurrent with rectangular cells; median cells mostly with straight walls"	27
26	"Leaves less decurrent with cells of the decurrency slightly inflated; median cells vermicular"	28
27	"Stem leaves ovate lanceolate, broadest at about 1/3; acumen long but only gradually defined; seta nearly smooth"	"Brachythecium holzingeri"
27	"Stem leaves deltoid, broadest near the base; acumen mostly rather abruptly defined; seta coarsely papillose"	"Brachythecium oedipodium"
28	"Plant dioicous; dry leaves little distorted, appearing acuminate; leaves typically with a single short plica on each side"	"Brachythecium asperrimum"
28	"Plant autoicous; dry leaves with the margins ascending and thus appearing apiculate at apex; leaves often irregularly wrinkled but not plicate even at the base"	"Brachythecium rutabulum"
