from	statement	to
1	"Gametophyte essentially absent; plant visible as a large sporophyte (8 mm or more high) with a papillose seta and an asymmetric, capsule on an erect seta; restricted to rotten logs or highly organic soil"	Buxbaumia
1	"Not as above"	2
2	"Leaves ecostate (plants considered to be ecostate usually have a short double costa that extends only a few cells above the leaf insertion; only a few cannot be shown to have a costa), or doubly costate with neither branch extending much above mid-leaf"	3
2	"Leaves unicostate (plants considered unicostate generally have that costa extending to mid-leaf or beyond but sometimes that costa ends slightly below mid-leaf; some unicostate mosses have accessory short costae on each side of the main costa; some unicostate mosses may have that costa with short forks near its distal end)"	34
3	"Leaves with hyaline awns; leaves deeply concave"	4
3	"Leaves without hyaline awns; leaves various, mostly not concave"	6
4	"Plant erect and unbranched; central portion of leaf with photosynthetic filaments; capsules arranged on long and straight setae"	Aloina
4	"Plant prostrate and extensively branched central portion of leaf without photosynthetic lamellae; setae long or short"	5
5	"Median cells strongly papillose; leaves longer than 1 mm; capsules mostly immersed on short lateral branches"	Hedwigia
5	"Median cells smooth; leaves very small, seldom more than 0.5 mm long; capsules exserted"	Lescuraea
6	"Median and upper leaf cells papillose or prorate"	7
6	"Median and upper leaf cells smooth or, at most, with a few of the cells near the apex sparingly prorate"	11
7	"Reddish to blackish erect and essentially unbranched plant growing in cushions on exposed siliceous rocks"	Andreaea
7	"Plant extensively branched and mostly prostrate to decumbent or forming pinnate axes which may be partially ascending"	8
8	"Paraphyllia present and obvious, especially on main stem axis"	9
8	"Paraphyllia absent or leaf-like; branching not as above"	10
9	"Plant regularly many times pinnately branched with the branches arranged in a single plane; leaves of branches markedly differentiated from those of the main stem"	Hylocomium
9	"Plant sparingly and irregularly branched; branch and stem leaves very similar"	Lescuraea
10	"Costa double with both branches reaching nearly to mid-leaf; leaves large, mostly more than 4 mm long"	Hylocomium
10	"Costa absent or short; leaves smaller"	Heterocladium
11	"Plant complanate-foliate"	12
11	"Plant not at all complanate"	19
12	"Leaves strongly undulate, serrate near apex with the distal teeth on some of the leaves curled back and pointing toward the leaf base"	Neckera
12	"Leaves entire to serrulate or, if somewhat serrate, the teeth not recurved and the leaves not undulate"	13
13	"Median leaf cells mostly over 50 µm broad; leaf apices obtuse to broadly acute; nematogons present at leaf apices"	Hookeria
13	"Median leaf cells more narrow or the leaf without nematogons in the apical region"	14
14	"Interior basal cells strongly porose; at least some leaves of the stem tips with serrate apices"	Hypnum
14	"Interior basal cells not porose; leaves entire to serrulate"	15
15	"Outer cortical cells of stem thick-walled and narrow-lumened, thus resembling adjacent inner cortical cells"	16
15	"Outer cortical cells of stem mostly larger and thinner-walled than adjacent inner cells, not resembling inner cortical cells"	17
16	"Stem and branch leaves radically different with the stem leaves long acuminate but the branch leaves bluntly acute to almost obtuse; median cells mostly less than 5:1"	Heterocladium
16	"Plant essentially isophyllous; median laminal cells mostly more than 8:1"	Plagiothecium
17	"Leaves at least somewhat concave with a short, usually forked costa or with a strong double costa; leaf apex blunt; plant aquatic or semiaquatic"	Hygrohypnum
17	"Leaves not at all concave; costa, if present, not forked above the base; leaf apex usually acute; plant of mesic habitats"	18
18	"Leaves strongly decurrent to auriculate-decurrent"	Plagiothecium
18	"Leaves not decurrent; tropical plant escaped as a lawn weed in coastal cities of California"	Hypnum
19	"Leaf apex blunt, obtuse or rounded, never with an apiculus or an awn"	20
19	"Leaf apex acute to acuminate or subulate"	25
20	"Plant erect and unbranched, with deeply concave leaves formed by infolded leaf margins, with photosynthetic lamellae arranged along the leaf center"	Aloina
20	"Plant prostrate and branched, without photosynthetic lamellae on the leaves"	21
21	"Leaves 3-ranked and usually so strongly carinate (except in Fontinalis hypnoides) as to have the two lateral halves of the leaves pressed against one another; plant aquatic"	Fontinalis
21	"Leaves not 3-ranked, never strongly carinate"	22
22	"Alar cells so inflated as to appear swollen and overlapping, very hyaline, these cells making a group ascending 4-10 cells up the margin and a similar distance toward the middle; stem tips with leaves so closely appressed as to appear fusiform"	Hypnum
22	"Alar cells less inflated and fewer; stem and branch apices not at all fusiform"	23
23	"Leaves less than 0.5 mm long, coarsely dentate, closely arranged on julaceous stems"	Heterocladium
23	"Leaves larger, entire to serrulate, not julaceous"	24
24	"Plant of mesic to very wet but never submerged sites, mostly pinnately branched from obvious reddish stems; alar cells quadrate and mostly somewhat thick-walled"	Hylocomium
24	"Plant aquatic or in constantly very wet sites, seldom pinnately branched, never with red stems; alar cells various"	Hygrohypnum
25	"Plant very small with larger leaves less than 1 mm long"	26
25	"Plant and leaves larger"	30
26	"Plant unbranched with a cleistocarpous, sessile capsule arising from a rosette of strongly serrate to fimbriate leaves; protonema usually forming a conspicuous greenish felt"	Acaulon
26	"Plant with stems more than l mm long; branched and usually prostrate; sporophyte, when present, stegocarpous"	27
27	"Leaves dentate to fimbriate with their terminal cells abruptly several times as long as the adjacent subterminal ones"	Fabronia
27	"Leaves with entire to serrulate or serrate margins; apical cells of leaves not so differentiated"	28
28	"Plant julaceous"	Lescuraea
28	"Leaves spreading to loosely erect"	29
29	"Leaves somewhat falcate-secund; costa forked distally below or near mid-leaf; cuticle often minutely verruculose"	Lescuraea
29	"Leaves symmetric with costa shorter and not-forked; cuticle smooth"	Amblystegium
30	"Plant whitish-green, densely fasciculate-branched; leaf cells of two forms with large, empty transparent ones alternating with small, green ones (these green cells may be so narrow as to be interpreted as the lateral walls of the transparent cells); plant restricted to very wet sites"	Sphagnum
30	"Not as above"	31
31	"Leaves 3-6 mm long, broadly ovate, often plicate; costae two, with both extending to leaf middle or beyond"	Hylocomium
31	"Leaves smaller and usually ovate-lanceolate or more narrow; costae shorter"	32
32	"Plant plumose and ascending from an inconspicuous prostrate base; alar cells very numerous, quadrate and pachydermous, extending more than 10 cells up the margin"	Antitrichia
32	"Plant prostrate to ascending without strong differentiation of a prostrate main axis and an erect secondary axis; alar cells fewer and poorly differentiated"	33
33	"Leaves squarrose but not falcate; abruptly contracted below or near the middle into a long and channeled acumen"	Campylium
33	"Leaves not squarrose, often falcate-secund, with apices various but without a channeled acumen"	Hypnum
34	"Basal and sometimes all cells thick-walled with the lateral walls sinuose"	Racomitrium
34	"Cells with lateral walls not sinuose"	35
35	"Cells papillose, cuticular papillose, strongly mammillose or evenly prorate at least in the distal one-half of the limb"	36
35	"Cells smooth, or with a few scattered prorae in the distal portion of the leaf"	86
36	"Leaves with hyaline to yellowish awns"	37
36	"Leaves not awned or with the awns concolorous with the adjacent apex or only slightly bleached near the distal end"	46
37	"Plants prostrate and much branched; costa ending before the apex and the awn composed mostly of lamina cells"	Claopodium
37	"Plants erect and usually little branched; or, if branched, the awn formed from the excurrent costa"	38
38	"Costa with adaxial photosynthetic lamellae or filaments; margins plane to incurved"	39
38	"Costa without such outgrowths"	42
39	"Photosynthetic lamellae mostly fewer than 12, covering only a small portion the upper leaf lamina; plants strongly crispate when dry"	Atrichum
39	"Photosynthetic lamellae mostly more than 20, covering the broadened costa on nearly all the upper leaf; plants mostly not very crispate"	40
40	"Distal cells of photosynthetic lamellae papillose or cuticular papillose"	Pogonatum
40	"Distal cells of photosynthetic lamellae smooth"	41
41	"Leaves strongly crispate when dry"	Pogonatum
41	"Leaves not at all crispate"	Polytrichum
42	"Plants with multicellular gemmae obvious in leaf axils or inserted on leaf lamina; leaf margins plane or nearly so; plants usually less than 5 mm high and mostly epiphytic"	Syntrichia
42	"Plants without such multicellular gemmae; leaf margins and plant habit various"	43
43	"Leaf margins plane to erect, or slightly recurved near middle; awn mostly smooth; calyptra large and campanulate enveloping all the capsule"	Encalypta
43	"Leaf margin recurved at least near base or, if with plane margins, with a serrulate awn; calyptra cucullate and sheathing only distal 1/2 of capsule"	44
44	"Basal cells not enlarged and thin-walled; alar cells quadrate; adaxial surface of costa covered by rectangular cells with somewhat sinuose lateral walls"	Grimmia
44	"Basal cells mostly large, rectangular and thin-walled without alar differentiation; adaxial surface of costa with quadrate cells similar to those of lamina"	45
45	"Costa in cross-section with a single crescentic abaxial stereid band and mostly without a differentiated dorsal epidermis"	Syntrichia
45	"Costa in cross-section with an elliptical abaxial stereid band and sometimes with a small adaxial band; epidermis of abaxial face of costa well-differentiated"	Tortula
46	"Leaf margins in distal portion of leaf serrulate to dentate"	47
46	"Leaf margins entire throughout, or with toothing only near the base, or within a few cells of the apex"	66
47	"Plants branched"	48
47	"Plants unbranched or branched only by innovations, sometimes seemingly irregularly branched"	52
48	"Plants plumosely branched with the branches somewhat elevated above the substratum; leaves not catenulate when dry"	49
48	"Plants prostrate; leaves catenulate when dry"	51
49	"Alar cells thick-walled and very deeply green in an explanate pocket; most of the cells in the distal portion of the leaf prorate-spinose; plant mostly pendent from tree limbs in the northwest of the state"	Isothecium
49	"Alar cells not so differentiated; habitat various"	50
50	"Stems and branches with leaves julaceous; median cells prorate; alar cells quadrate, extending in a large group more than 10 cells up the leaf margin and toward the costa"	Antitrichia
50	"Plants not julaceous; median cells unipapillose or pluripapillose; alar cells not uniformly quadrate"	Hylocomium
51	"Plants without foliose paraphyllia on stems and branches; cells of leaf margin almost without papillae; median cells centrally unipapillose"	Claopodium
51	"Plants mostly with such paraphyllia; cells of leaf margin with similar papillosity to those of interior; median cells mostly with papillae near cell ends"	Lescuraea
52	"Leaf base differentiated with that base completely wrapped around stem, hyaline to reddish, strongly differentiated in cell shape and color from the limb"	53
52	"Leaf base sometimes partially sheathing but never completely encircling the stem"	54
53	"Leaves strongly mammillose with the limb rigidly appressed when dry"	Timmia
53	"Leaves strongly papillose or prorate-papillose with the limb often somewhat crispate"	Anacolia
54	"Marginal cells differentiated as a limbidium, either elongate or epapillose and somewhat larger than adjacent isodiametric laminal cells"	Tortula
54	"Marginal cells not differentiated in the manner described above"	55
55	"Alar cells very much inflated, usually reddish in older leaves; leaves falcate-secund"	Dicranum
55	"Alar cells neither inflated nor strongly colored"	56
56	"Median cells of leaves pluripapillose; cells across the entire leaf base rectangular, thin-walled, smooth and pellucid"	Barbula
56	"Median cells of leaves unipapillose, prorate or with cuticular papillosity; basal cells various"	57
57	"Leaves 10:1 or more, mostly subulate with costa filling most of the apex and percurrent to excurrent"	58
57	"Leaves broader with costa of various lengths"	62
58	"Median cells with cuticular papillose ridges running continuously from near the base to the apex; leaves crispate when dry"	59
58	"Median cells without such cuticular ridges; leaves crispate or not"	60
59	"Leaf margins remotely serrate to serrulate with very small teeth right angular in outline; leaves spirally inserted, not obviously ranked"	Amphidium
59	"Leaf margins evenly and coarsely dentate with pointed teeth; leaves in 3 straight ranks on the stem"	Anacolia
60	"Plant red-brown to almost black, growing on siliceous rock at high elevations, often below snow beds; capsules without an operculum, dehiscent by four longitudinal lines"	Andreaea
60	"Leaf limb symmetrical to falcate; plant green to brownish green; habitat various; capsules dehiscent by operculum"	61
61	"Leaf margins recurved; older portion on stem with dense red-brown, papillose rhizoids inserted in a halo around the macronematal apparatus"	Anacolia
61	"Leaf margins plane to incurved; rhizoids smooth, not densely inserted and inserted around the macronematal apparatus"	Ditrichum
62	"Leaves bistratose with cells high mammillose only on adaxial surface; plant of low to mid-elevation, mostly disturbed soils"	Timmiella
62	"Leaves unistratose with cells papillose, mammillose or prorate"	63
63	"Leaves in five distinct ranks with that ranking emphasized by the strong keeling of each leaf; plant mostly among other mosses at high elevations"	Philonotis
63	"Leaves not ranked, not strongly keeled; habitat various"	64
64	"At least some of the cells of the distal leaf margin prorate, mostly with all of the distal cells prorate; leaves lanceolate, 2.5-3.5:1; acute to acuminate at apices"	Philonotis
64	"Median leaf cells mammillose to centrally unipapillose; leaves mostly ovate to elliptic, bluntly acute to obtuse at apices"	65
65	"Leaf apices acute to acuminate; lower portion of plant densely covered with red rhizoids; median cells centrally unipapillose"	Aulacomnium
65	"Leaf apices bluntly acute to rounded; lower portion of plant not densely covered with rhizoids; median laminal cells mammillose or papillose on cellular mammillosities"	Dichodontium
66	"Leaf margins plane to ascending or incurved, not recurved or with inconspicuous recurvature near the middle"	67
66	"Leaf margins recurved, at least near the base"	74
67	"Plant prostrate and branched; paraphyllia numerous, foliose"	Lescuraea
67	"Plant erect and sparsely or not at all branched; paraphyllia absent"	68
68	"Papillae primarily of cuticular origin and thus not conforming positionally to cell outlines when viewed on leaf whole-mount"	Amphidium
68	"True papillae present"	69
69	"Leaves ending in a uniseriate awn that may be bleached but is not truly hyaline; plants almost strictly epiphytic in California"	Ulota
69	"Leaves variously acute or acuminate to obtuse at apex, never uniseriate at apex; ecology various"	70
70	"Plant with elliptic-oblong leaves broadly rounded toward the apex; dry leaves not or little distorted, not truly crispate"	71
70	"Plant with lanceolate leaves acute to acuminate at apex; dry leaves crispate or not"	72
71	"Median leaf cells pluripapillose; basal cells rectangular and inflated with transverse walls thin but with lateral walls somewhat thick and pigmented yellow to orange or reddish"	Encalypta
71	"Median leaf cells pluripapillose or unipapillose; basal cells rectangular and thick-walled, not pigmented but with some sinuosity on lateral walls"	Orthotrichum
72	"Basal cells of leaf very much inflated and rectangular, extending upward along margin significantly farther than in the juxtacostal region; the margin between the laminal and basal cells thus describing a V-shape"	Tortella
72	"Basal marginal cells not extending distally with those basal cells not describing a ""V"""	73
73	"Margin strongly inrolled or infolded when dry; cells of limb rather uniform in size and shape"	Weissia
73	"Margin plane to erect; cells of strongly variable size and shape throughout the leaf limb"	Gymnostomum
74	"Leaves with an obvious limbidium"	75
74	"Leaves without a limbidium"	77
75	"Limbidium formed of abruptly elongate cells"	Tortula
75	"Limbidium formed of cells larger, more pachydermous, or less papillose cells"	76
76	"Plant large with leaves mostly more than 3 mm long; limbidium formed of one or several rows of larger and thicker, often reddened cells; plant usually growing in calcareous seeps"	Scouleria
76	"Plant smaller with limbidium formed of one or several rows of epapillose and more pellucid cells; plant of temporarily moist soil"	Syntrichia
77	"Plants less than 3 mm high with the leaves closely inserted; costa percurrent to excurrent"	78
77	"Plants mostly larger, not bulbiform"	79
78	"Median cells with obvious C-shaped papillae; plant strongly bulbiform with an essentially sessile capsule"	Acaulon
78	"Median cells with numerous papillae that appear round in surface view; plant bulbiform but with capsule emergent to exserted"	Microbryum
79	"Papillae cuticular and therefore seen as low ridges that frequently extend across boundaries between adjacent cells; leaves when dry spirally coiled into several turns from apex to base"	Amphidium
79	"Leaves with true papillae; mostly with dry leaves not spirally coiled"	80
80	"Adaxial surface cells of costa rectangular with sinuose lateral walls; immediate suprabasal cells near costa strongly porose; some leaves in clone often with a hyaline awn"	Grimmia
80	"Adaxial surface cells of costa various in shape but never with sinuose lateral walls; suprabasal cells near costa various; leaves mostly not with hyaline awns"	81
81	"Costa homogeneous; papillae few, mostly high and sharp; capsules short elliptic, often sulcate; calyptra campanulate, usually hairy and plicate"	Orthotrichum
81	"Costa with at least a dorsal stereid and sometimes also with a ventral one; papillae low and numerous, obscuring the lumen; capsules longer cylindric, not sulcate; calyptra mostly cucullate"	82
82	"Leaves elliptic to broadly ovate; costa cross-section without an adaxial stereid band and with abaxial stereid band lunate, without either an abaxial or an adaxial epidermis"	83
82	"Leaves narrowly ovate to lanceolate; costa often with two stereid bands; abaxial stereid band elliptic"	84
83	"Leaf margins revolute in more than one complete spiral; hydrated plants with a distinct pin-wheel appearance"	Didymodon
83	"Leaf margins plane to incurved or recurved; hydrated plants otherwise"	Syntrichia
84	"Central strand absent in stem cross-section; juxtacostal cells of median leaf slightly elongate, mostly with small trigones; peristome absent with operculum usually systylious"	Gymnostomum
84	"Central strand usually present in stem cross-section; juxtacostal cells of median leaf similar to other median laminal cells; peristome present, mostly long and spirally twisted"	85
85	"Cell lumina tending to be quadrate with the walls equally thickened throughout; papillae low and not obscuring the cell outlines, usually four or more per cell; axillary hairs with a basal brown cell; leaf apex mostly acute, often narrowly so; costa with at least a strong dorsal stereid"	Didymodon
85	"Cell lumina rounded to elliptic; papillae either numerous and obscuring the cell outlines, or few and sharp, sometimes inconspicuous; axillary hairs pale throughout; apices and stereids various"	Barbula
86	"Immediate leaf marginal cells long and narrow in one or more rows abruptly set off from the shorter cells within"	87
86	"Leaves elimbate or with an intramarginal limbidium, or with the limbidium of short cells differentiated in cell thickness"	98
87	"Leaves arranged in two vertical ranks with the leafy plant thus appearing flat; leaf or its base with the lamina split into two flaps that pocket the stem like the base of an Iris leaf"	Fissidens
87	"Leaves mostly spirally inserted (if distichous, without the ampliate-clasping aspect of a Fissidens)"	88
88	"Limbidium intramarginal, several cells thick, with short cells like those of the median lamina to the outside of the elongate cells"	Amblystegium
88	"Limbidium marginal, often only one cell in thickness"	89
89	"Plant dendroid with the deltoid-triangular, almost echlorophyllose stem leaves contrasting sharply with the ovate, strongly chlorophyllose branch leaves"	Plagiomnium
89	"Plant not dendroid"	90
90	"Plant very small, with sporophyte immersed and capsule almost globose; growing as a winter and spring ephemeral on open, mostly disturbed soil"	Acaulon
90	"Plant small to large but with sporophyte exserted and cylindrical; time and duration of growth various"	91
91	"Margin geminate-dentate"	92
91	"Margin entire or with the teeth singly placed"	93
92	"Leaves with vertical photosynthetic lamellae on costa; lamina frequently spinose-dentate on surface"	Atrichum
92	"Leaves without photosynthetic lamellae; lamina never with surface teeth except as associated with injury during development"	Mnium
93	"Median leaf cells primarily quadrate to short rectangular; leaves strongly comose on the short stem; capsule sulcate with operculum dome-shaped"	94
93	"Median leaf cells primarily elongate-hexagonal; capsules smooth with operculum apiculate"	96
94	"Capsules inclined, often sulcate; endostome and exostome present"	Funaria
94	"Capsules erect, smooth; endostome usually reduced; exostome present or absent"	95
95	"Exostome present, often inconspicuous (if possible, remove operculum from young capsules); exothecial cells oblong; calyptra cucullate, loosely inflated around capsule"	Entosthodon
95	"Peristome absent; exothecial cells irregular, mostly somewhat hexagonal; calyptra mitrate to campanulate"	Physcomitrium
96	"Median laminal cells elongate-hexagonal to rectangular with angular end-walls, mostly more than 4:1; leaves of dorsal portion of leaning stems markedly narrower and shorter than more lateral leaves"	Pohlia
96	"Median laminal cells mostly shorter than 4:1; leaves of erect stems without a dorso-lateral heterophylly"	97
97	"Leaves broadly rounded to apiculate at apex, 1.5-4:1, mostly more than 3 mm long; margin multistratose at least in part"	Rhizomnium
97	"Leaves with apices mostly acute to acuminate, if rounded to apiculate, with margin unistratose or leaves smaller or more narrow"	Bryum
98	"Leaves two-ranked, keeled at the base, mostly ampliate clasping at the base in the manner of an iris stem"	Fissidens
98	"Leaves inserted in more than 2 ranks, mostly not obviously ranked"	99
99	"Leaves with adaxial vertical photosynthetic lamellae or filaments over the costa or over both the costa and the lamina"	100
99	"Leaves without such adaxial lamellae"	106
100	"Leaves mostly very coarsely toothed; if with entire leaves those leaves mostly more than 3 mm long"	101
100	"Leaves entire to serrulate; plant and leaves much smaller"	104
101	"Photosynthetic lamellae mostly fewer than 12, covering only a small portion the upper leaf lamina; plants strongly crispate when dry"	Atrichum
101	"Photosynthetic lamellae mostly more than 20, covering the broadened costa on nearly all the upper leaf; plants mostly not very crispate"	102
102	"Distal cells of photosynthetic lamellae papillose or cuticular papillose"	Pogonatum
102	"Distal cells of photosynthetic lamellae smooth"	103
103	"Leaves strongly crispate when dry"	Pogonatum
103	"Leaves not at all crispate"	Polytrichum
104	"Leaf margins erect from near the base, cucullate at apex; leaves mostly without hyaline awns; cushion of photosynthetic filaments seemingly filling most of leaf concavity"	Aloina
104	"Leaf margins recurved or erect but not at all cucullate; leaves almost always with hyaline awns; photosynthetic filaments or lamellae not obscuring the bulk of the leaf lamina"	105
105	"Leaves deeply concave with margins almost never with recurvature and with 3-5 photosynthetic lamellae narrowly inserted over costa"	Pterygoneurum
105	"Leaves not concave with margins recurved near base or nearly to apex; photosynthetic filaments present over costa"	Crossidium
106	"Plants very small and essentially stemless with the closely crowded leaves forming a bulbiform cluster; costa percurrent to excurrent with the distal cells of the lamina and costa forming a somewhat bleached to almost hyaline awn; leaf cross-section with the abaxial walls of the laminal cells markedly more thick-walled than those of the adaxial surface"	Stegonia
106	"Plants not in all respects as above"	107
107	"Leaves with hyaline awns"	108
107	"Leaves without hyaline awns or with the distal half of the leaf bleached and hyaline, thus appearing awned"	111
108	"Costa filling half or more of leaf base"	Campylopus
108	"Costa more narrow"	109
109	"Plant without sporophytes"	Grimmia
109	"Plant with sporophytes"	110
110	"Capsules immersed and systylious"	Schistidium
110	"Capsules mostly exserted, never systylious"	Grimmia
111	"Leaves more than 10:1, with the costa percurrent to excurrent, often filling the long and narrow apex; plant erect hardly at all branched"	112
111	"Leaves broader or the costa shorter"	131
112	"Leaves falcate-secund, plants green to brownish-green, mostly more than 1 cm tall"	113
112	"Leaves not falcate-secund; or if somewhat falcate, with older plants densely coated with red-brown rhizoid and with leaves having short basal plications"	117
113	"Plant irregularly but frequently branched, restricted to frequently flooded logs and tree bases along streams"	Dichelyma
113	"Plant unbranched except for innovations; growing in various habitats"	114
114	"Outer cortical cells of stem strongly inflated and therefore abruptly differentiated from adjacent inner cells; plant mostly with a hint of falcate-secund expression"	Orthodontium
114	"Outer cortical cells not so enlarged and differentiated"	115
115	"Alar cells inflated, often red-brown; cells of alar region bistratose"	Dicranum
115	"Alar cells not inflated; cells of alar region unistratose"	116
116	"Costa without stereids in cross-section; plant primarily growing on rocks mainly in alpine regions"	Kiaeria
116	"Costa with stereids in cross-section; plant primarily growing on soil"	Dicranella
117	"Costa filling half or more of the leaf base"	118
117	"Costa more narrow"	119
118	"Leaves very narrowly linear-setaceous; leaf margin plane; rhizoids abundant and papillose; axillary hairs persistent, with basal cells of those hairs vividly red to red-brown"	Meesia
118	"Leaves mostly lanceolate; leaf margin erect; rhizoids few and smooth; axillary hair fugacious, never with reddened basal cells"	Campylopus
119	"Leaves crispate when dry"	120
119	"Leaves not crispate"	122
120	"Leaf margins entire, or with a few serrulations at immediate apex"	Dicranoweisia
120	"Leaf margins serrate to dentate even below the immediate apex"	121
121	"Leaf margins dentate with teeth mostly composed of more than one cell"	Ptychomitrium
121	"Leaf margins serrate, leaves more than 10:1"	Anacolia
122	"Leaves distichous with base erect and limb reflexed"	Ditrichum
122	"Leaves spirally inserted"	123
123	"Leaves strongly squarrose with the sheathing base abruptly widened relative to the limb"	Dicranella
123	"Leaves not squarrose with limb and base not strongly differentiated"	124
124	"Leaf tips fragile with most older leaves lacking those apices"	Dicranum
124	"Leaf tips not so fragile"	125
125	"Leaf margins recurved"	126
125	"Leaf margins plane to incurved"	127
126	"Older stems densely coated with papillose rhizoids; leaf once plicate on each side of the extreme base with that plica reflected in the leaf buttress"	Anacolia
126	"Rhizoids smooth, not densely coating older stems; leaf not plicate or with plica not so reflected in the leaf buttress"	Ditrichum
127	"Outer cortical cells of stem strongly inflated and therefore abruptly differentiated from adjacent inner cells; plant of logs and trees in the Sequoia forests"	Orthodontium
127	"Outer cortical cells mostly not enlarged as an hyaloderm, or if somewhat differentiated; plant growing on soil in open areas"	128
128	"Capsules sessile and cleistocarpous; plant of disturbed or exposed soil"	Bruchia
128	"Capsules exserted, often stegocarpous"	129
129	"Costa excurrent; sporophytes without a well-defined hypophysis"	Ditrichum
129	"Costa percurrent in a somewhat blunt apex"	130
130	"Plant very small, growing on rock; hypophysis not obvious"	Seligeria
130	"Plant an ephemeral of open soil; sporophytes with an hypophysis at least as long as the urn"	Bruchia
131	"Plant erect and essentially unbranched, or if branched, cells isodiametric or elongate with strongly sinuose walls"	132
131	"Plant extensively branched, mostly with main stems prostrate; cells mostly elongate"	167
132	"Leaves on both the stems and branches squarrose"	133
132	"Leaves not squarrose or only the stem leaves squarrose"	135
133	"Plant aquatic in rapidly flowing streams, leaves and stems dark black"	Scouleria
133	"Plant of wetland sites but not in rapidly flowing water; plants green"	134
134	"Leaves very obviously tristichous; leaf base erect-spreading"	Meesia
134	"Leaves spirally inserted with sheathing base and squarrose limb"	Dicranella
135	"Costa of mature leaf filling 1/3 or more of leaf base"	136
135	"Costa more narrow"	137
136	"Leaves blunt at apex; margin recurved; plant of bogs"	Meesia
136	"Leaves acute by an excurrent costa that fills the subula; margin erect; plant of soil in open forests and savannahs"	Campylopus
137	"Leaves strongly obovate-spatulate with distal portion of leaf 4-6 times as broad as leaf base; basal margin of leaf with long cilia"	Tayloria
137	"Leaf apex more narrow relative to base; basal margin of leaf without cilia"	138
138	"Capsules erect with a vertically or laterally expanded hypophysis; leaves somewhat broadened near the apex with cells large and thin-walled"	Tayloria
138	"Capsules and hypophysis otherwise; leaf shape and nature of cells various"	139
139	"Leaf margin papillose-crenate; leaves somewhat spatulate"	Tortula
139	"Leaf margin without papillose crenations; leaves mostly broadest below the middle"	140
140	"Plants with stems almost absent and with the leaves closely arranged in a bud-like cluster; leaves broadest at the middle or below"	141
140	"Plant with an obvious stem; leaf arrangement and shape various"	142
141	"Capsule sessile and cleistocarpous"	Acaulon
141	"Capsule erect on a seta about 10 mm long, stegocarpous"	Pohlia
142	"Plants strongly julaceous with leaves deeply concave and closely inserted"	Pohlia
142	"Plants not julaceous"	143
143	"Median and upper cells of leaf isodiametric or very short rectangular, often transversely elongate"	144
143	"Median and upper cells of leaf predominantly more than 1.5:1"	159
144	"Basal cells not differentiated from median cells, all cells thick-walled and isodiametric or nearly so, with rounded lumina; most plants with very broad apical leaves forming a cup in which multicellular, disciform gemmae are placed; plant of logs and tree bases, typically with a rust-red cast in older portions"	Tetraphis
144	"At least the basal or alar cells elongate and differentiated from median cells; plants without gemma cups; plants without a rust-red cast except for occasional dense rhizoidal cushions"	145
145	"Leaf bases sheathing or rather tightly wrapped around stem with cells of sheath markedly longer than the nearly isodiametric cells of the limb; leaf limbs lanceolate and rather coarsely dentate"	Oncophorus
145	"Leaves not sheathing, only gradually contracted to the very narrowly ovate base"	146
146	"Leaf margins coarsely serrulate to dentate with at least some of the teeth composed of 1/2 or more of a cell"	Ptychomitrium
146	"Leaf margins entire or occasionally serrulate to crenulate near apex"	147
147	"Leaves very obviously tristichous; cells somewhat elongate, smooth; plant of bogs"	Meesia
147	"Leaves not tristichous; cells isodiametric and somewhat mammillose; plant of soil and rock outcrops"	148
148	"Costa with abaxial lamellae several cells high"	Grimmia
148	"Costa without abaxial lamellae"	149
149	"Leaves bordered by a row of cells abruptly different in size, wall thickness, cell papillosity or pigmentation from the adjacent internal laminal cells"	Scouleria
149	"Leaves not so bordered"	150
150	"Adaxial cells of costa at and above mid-leaf rectangular with at least some sinuosity on the lateral walls; leaves asymmetric with rows of cells on each side of costa differing in number"	151
150	"Adaxial cells of costa quadrate or rectangular, not sinuose on lateral walls; leaves symmetric with rows of cells on each side of costa equal in number"	155
151	"Leaves bistratose throughout"	152
151	"Leaves mostly unistratose near costa at mid-leaf, often bistratose in several rows near margin"	154
152	"Leaves narrowly lanceolate above an abruptly broadened base, often falcate-secund"	Grimmia
152	"Leaves without a differentiated broadened base, never falcate-secund"	153
153	"Leaves with numerous quadrate cells at the alar region; sporophytes systylious and immersed; plant primarily of seasonally wet to submerged sites, often in sheet drainage; plants typically with a reddish wash"	Schistidium
153	"Leaves with few or no quadrate cells in the alar region, instead with these cells mostly rectangular with thickened end-walls; sporophyte immersed or exserted but never systylious; plant primarily of rock faces and boulders, generally dry; coloration typically green to black"	Grimmia
154	"Leaves with numerous quadrate cells at the alar region; sporophytes systylious and immersed; plant primarily of seasonally wet to submerged sites, often in sheet drainage; plants typically with a reddish wash"	Schistidium
154	"Leaves with few or no quadrate cells in the alar region, instead with these cells mostly rectangular with thickened end-walls; sporophyte immersed or exserted but never systylious; plant primarily of rock faces and boulders, generally dry; coloration typically green to black"	Grimmia
155	"Leaves elliptic to elliptic-ovate, rather broad to the apex; costa with only an abaxial stereid with that band elliptic in outline"	Tortula
155	"Leaves lanceolate, often narrowly so, if broader, then costa without stereid bands"	156
156	"Leaf margins or all of upper leaf bistratose"	157
156	"Leaves unistratose throughout"	158
157	"Costa cross-section without stereid bands; plant forming low red cushions or tufts on siliceous rocks; leaves not crispate when dry; capsules without an operculum, dehiscent by longitudinal lines"	Andreaea
157	"Costa with stereid bands; plant primarily on logs and tree bases near the coast; leaves crispate when dry; capsules with an operculum"	Dicranoweisia
158	"Leaf margins with at least a few minute serrulations near apex; costa with two obvious stereid bands; capsules with seta more than 10 mm long, purple to red, occasionally yellow"	Ceratodon
158	"Leaf margins strictly entire; stereid bands absent; capsules immersed to emergent on a shorter seta, not strumose but often sulcate and strangulate"	Orthotrichum
159	"Leaves falcate-secund with strongly differentiated quadrate and inflated alar cells; median laminal cells with thick and porose walls; distal portion of leaf somewhat undulate"	Dicranum
159	"Leaves not or only slightly falcate, without such an alar region; median laminal cells mostly thin, hardly or not at all porose"	160
160	"Leaves spreading from an erect base; leaf margins entire or with a few serrulations near apex; median leaf cells rectangular with nearly parallel lateral walls"	Meesia
160	"Leaves erect to spreading but without a differentiation of the base; leaf margins various; median leaf cells mostly rhomboidal to hexagonal but with longitudinal walls not parallel"	161
161	"Median laminal cells narrowly rectangular with oblique end-walls, mostly less than 10 µm in width; margin crassiserrulate at least near apex; capsule erect, with neck as long as urn"	Bruchia
161	"Median laminal cells rectangular to hexagonal or rhomboidal, mostly more than 10 µm in width; margin various, often dentate or serrate; capsule mostly inclined to horizontal or pendulous, never with such a long and well-defined neck"	162
162	"Leaves with a hint of falcation, blunt at apex with margins recurved and somewhat crenulate; median leaf cells rectangular, less than 8 µm wide, thick-walled with lumen: wall ratio less than 6:1"	Dicranella
162	"Leaves mostly symmetrical with apices and margins various; median leaf cells larger, rectangular or hexagonal with thin walls"	163
163	"Median leaf cells primarily quadrate to short rectangular; leaves strongly comose on the short stem; capsule mostly sulcate with operculum dome-shaped; teeth of leaf margin when present somewhat vesicular-inflated; perigonia borne on small but elongate branches inserted at base of female branches; axillary hairs of markedly enlarged diameter toward distal end"	164
163	"Median leaf cells primarily elongate-hexagonal; capsules smooth with operculum apiculate; teeth of leaf margin formed of equally thick-walled cells or of cells thickened at the tooth apex (crassi-serrate); perigonial position various but seldom at the end of a branch inserted at base of female branch; axillary hairs typically of equal diameter throughout"	166
164	"Capsules inclined, often sulcate; endostome and exostome present"	Funaria
164	"Capsules erect, smooth; endostome usually reduced; exostome present or absent"	165
165	"Exostome present, often inconspicuous (if possible, remove operculum from young capsules); exothecial cells oblong; calyptra cucullate, loosely inflated around capsule"	Entosthodon
165	"Peristome absent; exothecial cells irregular, mostly somewhat hexagonal; calyptra mitrate to campanulate"	Physcomitrium
166	"Leaves mostly with cells more than 4:1; costa usually with scattered prorate cells on some of the distal portion of its abaxial surface"	Pohlia
166	"Leaves mostly with cells shorter; costa almost never with abaxial prorations"	Bryum
167	"Plant plumose to dendroid, with stem erect or upwardly arching"	168
167	"Plant not dendroid or plumose"	175
168	"Paraphyllia or paraphyllia-like rhizoids abundant on erect axis and larger branches"	169
168	"Paraphyllia absent"	171
169	"Leaves complanate and strongly undulate"	Neckera
169	"Leaves neither complanate nor undulate"	170
170	"Leaves coarsely dentate at least above the middle; plant dendroid, mostly on soil; paraphyllia-like rhizoids with uniseriate cell arrangement present in parallel streaks along stem and branches"	Neckera
170	"Leaves entire to serrulate; plant plumose, epiphytic; paraphyllia simple and unlobed or with lobes mostly more than one cell wide"	Antitrichia
171	"Stem rigidly erect with branches radiating from near its apex; stem leaves small, deltoid-triangular, bleached and scale-like, radically different from the larger ovate to ovate-lanceolate branch leaves"	Plagiomnium
171	"Stem mostly arching upwards from the substratum; stem leaves not radically differentiated as bleached scales"	172
172	"Leaves strongly rugose, wet or dry; median cells mostly 6-10:1"	Hylocomium
172	"Leaves not rugose; median cells isodiametric to short rectangular"	173
173	"Median cells isodiametric to short rectangular or rhomboidal; leaves weakly or not at all plicate"	Neckera
173	"Median cells mostly more than 5:1; leaves at least somewhat plicate, at least on the stem"	174
174	"Stem leaves strongly spreading to squarrose, broadly decurrent, markedly broader and less decurrent than branch leaves"	Kindbergia
174	"Stem and branch leaves rather similar to one another, auriculate but not decurrent; median cells very strongly pitted"	Homalothecium
175	"Alar cells strongly inflated in a patch about as long as wide; plant of very moist to submerged sites"	176
175	"Alar cells not so inflated; habitat various"	178
176	"Costa ending at base of acumen or percurrent"	Drepanocladus
176	"Costa not so strong"	177
177	"Leaf apex rounded to bluntly obtuse"	Calliergon
177	"Leaf apex acute to acuminate"	Brachythecium
178	"Quadrate alar cells very numerous, concolorous and thick-walled; plant plumose-erect from a prostrate rhizome; paraphyllia present"	Antitrichia
178	"Quadrate alar cells otherwise; plant mostly prostrate or weakly ascending; paraphyllia various"	179
179	"Costa extending at least to base of acumen"	180
179	"Costa mostly ending near middle to 3/4"	203
180	"Leaves strongly squarrose with acumen well-demarcated and channeled, and with leaf margin essentially entire"	Campylium
180	"Leaves not squarrose"	181
181	"Leaves mostly less than 1.0 mm long, minutely serrulate above, sometimes serrate in the peri-alar region"	Amblystegium
181	"Leaves larger, serrulate to serrate but without the special group of teeth in the peri-alar region; rhizoids smooth, not bearing gemmae"	182
182	"Leaves narrowly ovate-lanceolate to lanceolate, more than 4:1; leaves mostly plicate"	183
182	"Leaves broader; leaves plicate or not"	184
183	"Leaves serrulate to serrate at least near the apex; stem never with a hyaloderm; costa of at least some branch leaves ending in an abaxial spine"	Homalothecium
183	"Leaves entire or nearly so; if somewhat serrulate, with a prominent hyaloderm in the stem cross-section; costa never with an abaxial spine"	Drepanocladus
184	"Median cells typically less than 5:1"	185
184	"Median cells typically longer"	196
185	"Leaves bluntly rounded to obtuse at the serrulate to coarsely dentate apex"	Neckera
185	"Leaves acute to acuminate, or apex entire to serrate"	186
186	"Quadrate or isodiametric alar cells very numerous (more than ten along margin and toward costa); leaves serrate at least in the distal 1/2"	187
186	"Quadrate alar cells fewer; leaves entire to serrate"	189
187	"Costa forked or spurred near base, broad and flat at base with nematogons on its abaxial surface; margins narrowly and evenly recurved from base to near the apex"	Antitrichia
187	"Costa not forked or forked distally only; margins plane or recurved only near the base"	188
188	"Plant with leaves with coarsely serrate to fimbriate leaf margins, less than 1 mm long; terminal cell of leaves abruptly several times as long as the adjacent subterminal ones"	Fabronia
188	"Plant markedly larger with leaves serrulate with alternating large and smaller serrulations along the margin; terminal cell of leaves not differentiated"	Isothecium
189	"Plant julaceous"	190
189	"Plant not julaceous"	191
190	"Leaves with the adaxial surface of the costa base covered with short and thin-walled cells similar to those of the adjacent basal cells; leaf base typically not at all decurrent"	Scleropodium
190	"Leaves with all surface cells of the basal, adaxial costa surface elongate and similar to such surface cells throughout the costa; leaves decurrent"	Brachythecium
191	"Leaves serrate from base to apex, mostly with a blunt apex; operculum long rostrate"	192
191	"Leaves entire to serrulate or serrate only at extreme apex"	194
192	"Plant plumosely branched with stem leaves markedly broader than branch leaves and with those stem leaves flexed away from stem in almost squarrose manner; distal cells of leaves not markedly shorter than proximal cells of leaves"	Kindbergia
192	"Plant more irregularly branched, almost isophyllous and without squarrose flexing of stem leaves"	193
193	"Distal cells of leaves markedly shorter than proximal cells of leaves; distal leaf cells not prorate"	Eurhynchium
193	"Distal cells of leaves similar to those of proximal region; many distal cells of leaves dorsally prorate"	Brachythecium
194	"Leaves broadly rounded, sometimes mucronate at apex; plants of bogs and fens"	Calliergon
194	"Leaves acute to broadly acute at apex; plants of mesic or hydric habitats but not in bogs or fens"	195
195	"Margins plane, entire or sometimes with a few minute serrulations at apex; costa never ending in a spine; dry leaves loosely appressed to spreading; pseudoparaphyllia foliose but with the outermost bract inserted laterally or proximally"	Amblystegium
195	"Margins typically at least slightly recurved near base; serrulate, near the apex often coarsely so; costa frequently ending in a spine; dry leaves appressed to loosely spreading; pseudoparaphyllia foliose and so arranged that the outermost bract is inserted on the distal side of the cluster"	Brachythecium
196	"Plant julaceous"	197
196	"Plant not julaceous"	198
197	"Leaves with the adaxial surface of the costa base covered with short and thin-walled cells similar to those of the adjacent basal cells; leaf base typically not at all decurrent"	Scleropodium
197	"Leaves with all surface cells of the basal, adaxial costa surface elongate and similar to such surface cells throughout the costa; leaves decurrent"	Brachythecium
198	"Leaves serrate from base to apex, mostly with a blunt apex; operculum long rostrate"	199
198	"Leaves entire to serrulate or serrate only at extreme apex"	201
199	"Plant plumosely branched with stem leaves markedly broader than branch leaves and with those stem leaves flexed away from stem in almost squarrose manner; distal cells of leaves not markedly shorter than proximal cells of leaves"	Kindbergia
199	"Plant more irregularly branched, almost isophyllous and without squarrose flexing of stem leaves"	200
200	"Distal cells of leaves markedly shorter than proximal cells of leaves; distal leaf cells not prorate"	Eurhynchium
200	"Distal cells of leaves similar to those of proximal region; many distal cells of leaves dorsally prorate"	Brachythecium
201	"Leaves broadly rounded, sometimes mucronate at apex; plants of bogs and fens"	Calliergon
201	"Leaves acute to broadly acute at apex; plants of mesic or hydric habitats but not in bogs or fens"	202
202	"Margins plane, entire or sometimes with a few minute serrulations at apex; costa never ending in a spine; dry leaves loosely appressed to spreading; pseudoparaphyllia foliose but with the outermost bract inserted laterally or proximally"	Amblystegium
202	"Margins typically at least slightly recurved near base; serrulate, near the apex often coarsely so; costa frequently ending in a spine; dry leaves appressed to loosely spreading; pseudoparaphyllia foliose and so arranged that the outermost bract is inserted on the distal side of the cluster"	Brachythecium
203	"Leaves narrowly ovate-lanceolate to lanceolate, more than 4:1; leaves mostly plicate"	204
203	"Leaves broader; leaves plicate or not"	205
204	"Leaves serrulate to serrate at least near the apex; stem never with a hyaloderm; costa of at least some branch leaves ending in an abaxial spine"	Homalothecium
204	"Leaves entire or nearly so; if somewhat serrulate, with a prominent hyaloderm in the stem cross-section; costa never with an abaxial spine"	Drepanocladus
205	"Median cells typically less than 5:1"	206
205	"Median cells typically longer"	217
206	"Leaves bluntly rounded to obtuse at the serrulate to coarsely dentate apex"	Neckera
206	"Leaves acute to acuminate, or apex entire to serrate"	207
207	"Quadrate or isodiametric alar cells very numerous (more than ten along margin and toward costa); leaves serrate at least in the distal 1/2"	208
207	"Quadrate alar cells fewer; leaves entire to serrate"	210
208	"Costa forked or spurred near base, broad and flat at base with nematogons on its abaxial surface; margins narrowly and evenly recurved from base to near the apex"	Antitrichia
208	"Costa not forked or forked distally only; margins plane or recurved only near the base"	209
209	"Plant with leaves with coarsely serrate to fimbriate leaf margins, less than 1 mm long; terminal cell of leaves abruptly several times as long as the adjacent subterminal ones"	Fabronia
209	"Plant markedly larger with leaves serrulate with alternating large and smaller serrulations along the margin; terminal cell of leaves not differentiated"	Isothecium
210	"Plant julaceous"	211
210	"Plant not julaceous"	212
211	"Leaves with the adaxial surface of the costa base covered with short and thin-walled cells similar to those of the adjacent basal cells; leaf base typically not at all decurrent"	Scleropodium
211	"Leaves with all surface cells of the basal, adaxial costa surface elongate and similar to such surface cells throughout the costa; leaves decurrent"	Brachythecium
212	"Leaves serrate from base to apex, mostly with a blunt apex; operculum long rostrate"	213
212	"Leaves entire to serrulate or serrate only at extreme apex"	215
213	"Plant plumosely branched with stem leaves markedly broader than branch leaves and with those stem leaves flexed away from stem in almost squarrose manner; distal cells of leaves not markedly shorter than proximal cells of leaves"	Kindbergia
213	"Plant more irregularly branched, almost isophyllous and without squarrose flexing of stem leaves"	214
214	"Distal cells of leaves markedly shorter than proximal cells of leaves; distal leaf cells not prorate"	Eurhynchium
214	"Distal cells of leaves similar to those of proximal region; many distal cells of leaves dorsally prorate"	Brachythecium
215	"Leaves broadly rounded, sometimes mucronate at apex; plants of bogs and fens"	Calliergon
215	"Leaves acute to broadly acute at apex; plants of mesic or hydric habitats but not in bogs or fens"	216
216	"Margins plane, entire or sometimes with a few minute serrulations at apex; costa never ending in a spine; dry leaves loosely appressed to spreading; pseudoparaphyllia foliose but with the outermost bract inserted laterally or proximally"	Amblystegium
216	"Margins typically at least slightly recurved near base; serrulate, near the apex often coarsely so; costa frequently ending in a spine; dry leaves appressed to loosely spreading; pseudoparaphyllia foliose and so arranged that the outermost bract is inserted on the distal side of the cluster"	Brachythecium
217	"Plant julaceous"	218
217	"Plant not julaceous"	219
218	"Leaves with the adaxial surface of the costa base covered with short and thin-walled cells similar to those of the adjacent basal cells; leaf base typically not at all decurrent"	Scleropodium
218	"Leaves with all surface cells of the basal, adaxial costa surface elongate and similar to such surface cells throughout the costa; leaves decurrent"	Brachythecium
219	"Leaves serrate from base to apex, mostly with a blunt apex; operculum long rostrate"	220
219	"Leaves entire to serrulate or serrate only at extreme apex"	222
220	"Plant plumosely branched with stem leaves markedly broader than branch leaves and with those stem leaves flexed away from stem in almost squarrose manner; distal cells of leaves not markedly shorter than proximal cells of leaves"	Kindbergia
220	"Plant more irregularly branched, almost isophyllous and without squarrose flexing of stem leaves"	221
221	"Distal cells of leaves markedly shorter than proximal cells of leaves; distal leaf cells not prorate"	Eurhynchium
221	"Distal cells of leaves similar to those of proximal region; many distal cells of leaves dorsally prorate"	Brachythecium
222	"Leaves broadly rounded, sometimes mucronate at apex; plants of bogs and fens"	Calliergon
222	"Leaves acute to broadly acute at apex; plants of mesic or hydric habitats but not in bogs or fens"	223
223	"Margins plane, entire or sometimes with a few minute serrulations at apex; costa never ending in a spine; dry leaves loosely appressed to spreading; pseudoparaphyllia foliose but with the outermost bract inserted laterally or proximally"	Amblystegium
223	"Margins typically at least slightly recurved near base; serrulate, near the apex often coarsely so; costa frequently ending in a spine; dry leaves appressed to loosely spreading; pseudoparaphyllia foliose and so arranged that the outermost bract is inserted on the distal side of the cluster"	Brachythecium
