from	statement	to
1	"Leaf base erect and encircling stem thus forming a sheath from which arises the outwardly flexed limb"	"Bartramia ithyphylla"
1	"Leaf base not strictly erect, not forming a sheath"	2
2	"Leaves strongly crispate when dry"	3
2	"Leaves stiffly erect or spreading when dry"	5
3	"Leaves three-ranked with stem cross-section rounded triangular; median laminal cells cuticular papillose"	"Plagiopus oederianus"
3	"Leaves spirally inserted with stem cross-section rounded pentagonal; median laminal cells prorate"	4
4	"Leaf base gradually contracted toward leaf limb without a definition of a shoulder; plant glaucous; capsule exserted on a long seta"	"Bartramia pomiformis"
4	"Leaf base with parallel sides, constricted to the limb at a region clearly defined as a shoulder; plants brownish-green; capsule on such a short seta as to appear immersed"	"Bartramia halleriana"
5	"Leaves not at all plicate at base; plant mostly growing on soil in moist to seasonally moist habitats"	"Bartramia stricta"
5	"Leaves plicate at least at immediate base; plant mostly growing on rocks or on very thin soil over rocks"	6
6	"Cells prorate at both their distal and proximal ends in most of limb"	"Anacolia laevisphaera"
6	"Cells nearly smooth except in extreme distal portion of limb"	7
7	"Capsule oblong to short-cylindric; spores less than 25 Âµm broad; seta more than 1 cm long; dry leaves on branch apices forming a tight cluster with all subulae closely parallel"	"Anacolia baueri"
7	"Capsule ovoid to globose; spores more than 25 Âµm; seta less than 1 cm long; leaves of branch apices forming a loose cluster with all subulae lightly divergent"	"Anacolia menziesii"
