from	statement	to
1	"Leaves gradually contracted into a narrowly linear to subulate apex"	"Tortella tortuosa"
1	"Leaves broader at the apex with the costa mucronate"	2
2	"Leaves strongly crispate when dry, often losing portions of their lamina but not with broken apices; differentiated basal cells extending barely to the shoulders and thus not defining a V-shaped line between the basal cells and those of the limb"	"Oxystegus tenuirostris"
2	"Leaves rigid, usually with many of the apices broken; differentiated basal cells extending above the shoulders and thus defining a V-shaped line between the basal cells and those of the limb"	3
3	"Leaf bases strictly hyaline, without a yellowish blush; distal portion of leaves segmented into a series of elliptical and multicellular segments; leafy stems with rhizoids not formed into a dense indumentum; stems with central strand"	"Tortella alpicola"
3	"Leaf base usually with a yellowish blush; distal portion of leaves not articulated but instead breaking into segments of irregular lengths; leafy stems with rhizoids often densely compacted into axillary indumenta; stem without central strand"	"Tortella fragilis"
