from	statement	to
1	"Leaf cells elongate in radiating rows from costa to margin; limbidium greatly weakened proximally and marginal teeth inconspicuous proximally"	"Mnium arizonicum"
1	"Leaf cells not in radiating rows or the rows parallel to the costa; in many species limbidium strong even proximally, marginal teeth various"	2
2	"Cells with somewhat angular lumina due to the equal thickening of the cell walls"	3
2	"Cells with more or less rounded or elliptic lumina due to the trigone-like corner thickenings"	5
3	"Many mid-laminal cells >25 Âµm in longest diameter; distal limbidium in cross-section with very thick-walled cells (stereids), >2 cells thick; costa confluent with limbidium at apex; paroicous"	"Mnium spinulosum"
3	"Few mid-laminal cells >20 Âµm in longest diameter; limbidium cells only slightly thickend with lumen:wall ~1:1, rarely >2 cells thick; costa in many leaves weakening before apex; dioicous"	4
4	"Leaf margins mostly entire or with a few poorly developed teeth, only occasionally with those teeth geminate; dried older plants with an iridescent (gasoline) cast or bluish-green blush (suggestive of the color of cyanobacteria); limbidium 1-2 cells wide and 1-2 cells thick; costa not confluent with limbidium; leaves generally shorter though variable depending on position (perichaetial bracts to 4.5 mm, oblong to oblong-lanceolate, perigonial bracts ovate)"	"Mnium blyttii"
4	"Leaf margins prominently toothed from at least mid-leaf to apex and teeth geminate; dried plant a purer green turning pink in death; limbidium mostly wider and thicker at least in well-developed leaves; costa various but often with a weak connection to the limbidium; leaves generally longer (perichaetial bracts to 6 mm linear lanceolate; perigonial bracts ovate-lanceolate)"	"Mnium thomsonii"
5	"Median leaf cells mostly >20 Âµm in diameter; costa seldom with abaxial teeth; many leaves long acuminate at apex; marginal teeth blunt"	"Mnium marginatum"
5	"Median leaf cells mostly <20 Âµm in diameter; costa with abaxial teeth; leaves short acute at apex; marginal teeth sharply acute"	"Mnium ambiguum"
