from	statement	to
1	"Leaves with hyaline to yellowish awns; juxtalaminal, abaxial cells of the costa surface usually enlarged and yellowish-brown to orange in a pair of uniseriate rows on each side of costa"	"Pseudocrossidium crinitum"
1	"Leaves without hyaline awns; juxtacostal, abaxial cells along distal portion of costa not differentiated"	2
2	"Margins of leaves very strongly revolute in one or more spirals; thin walled cells with hollow papillae present within the spiralled margin; abaxial costal epidermis differentiated in cross-sectional view"	"Pseudocrossidium obtusulum"
2	"Margins of leaves not so strongly revolute and differentiated; costa without a differentiated abaxial epidermis"	3
3	"Leaf margins recurved almost to leaf apex; costa percurrent to shortly excurrent and mucronate"	4
3	"Leaf margins with recurvature restricted to base or sometimes extending nearly to leaf middle; costa various"	5
4	"Leaves ovate to ovate-lanceolate, mostly less than 3:1; costa on at least some leaves mucronate in the rather blunt apex; plant green to brownish-green without any reddish blush; margin at leaf apex crenulate papillose but without any trace of toothing; median leaf cells less than 10 Âµm in diameter"	"Barbula orizabensis"
4	"Leaves lanceolate to ligulate-lanceolate; mostly more than 4:1; costa mostly subpercurrent but not mucronate; plant usually with a reddish blush; margin at leaf apex often with enlarged cells giving a hint of toothing; median leaf cells more than 10 Âµm in diameter"	"Bryoerythrophyllum: B recurvirostrum"
5	"Costa very shortly excurrent in the mucronate apex; median leaf cells so papillose as to obscure the outlines of the cell lumen; plant mostly of disturbed habitats; leaf margins recurved to near apex"	"Barbula unguiculata"
5	"Costa mostly subpercurrent; median cells only lightly and inconspicuously papillose; leaf margins plane, or recurved only in proximal half"	6
6	"Costa percurrent in the rounded to obtuse apex; median leaf cells nearly smooth or obscurely papillose; plant of calcareous semiaquatic habitats often associated with tufa deposits"	"Barbula ehrenbergii"
6	"Costa ending before the rounded apex; median leaf cells papillose with lobed papillae which are inserted over the central lumen and thus not obscuring the cell outlines; plant of disturbed areas especially along streams"	7
7	"Perichaetial leaves, at least in part, rounded-obtuse or bluntly acute with these leaves convolute-sheathing"	"Barbula convoluta"
7	"Perichaetial leaves acute with the inner ones abruptly contracted to a subulum, these leaves loosely ascending"	"Barbula eustegia"
