from	statement	to
1	"Leaf margins recurved near the base or weakly reflexed nearly to apex, entire throughout or with a few weak teeth near the apex"	2
1	"Leaf margins plane to ascending, clearly serrulate to serrate in distal 1/2"	5
2	"Leaves with many parallel plications reaching above mid-leaf; median basal cells porose"	"Orthothecium chryseum"
2	"Leaves not plicate; median basal cells not or hardly porose"	3
3	"Leaves only lightly concave with basal margins strongly recurved; alar cells quadrate in numerous rows, hardly inflated"	"Hypnum revolutum"
3	"Leaves deeply concave with a weak reflexing along nearly the entire margin"	4
4	"Alar cells quadrate but only gradually differerentiated from median laminal cells; leaves with a very strong contraction to the acuminate apex"	"Homomallium mexicanum"
4	"Alar cells strongly differentiated, inflated in one basal row of 2-4 cells; leaves rather gradually contracted to the acumen"	"Sematophyllum adnatum"
5	"Leaves broadly ovate with median cells more than 12 Âµm broad, mostly less than 3:1; alar cells not differentiated"	"Vesicularia vesicularis"
5	"Leaves lanceolate to ovate-lanceolate; median cells more narrow and relatively longer; alar cells various"	6
6	"The majority of the alar cells quadrate and not inflated, sometimes with a few inflated cells at extreme angles; quadrate alar cells mostly extending more than 10 cells up margin"	7
6	"Quadrate alar cells few, mostly subtended by several inflated cells at basal angles"	9
7	"Leaves 0.5-1.0 mm long, not falcate but sometimes secund or homomallous, spreading and distant or concave and julaceous; alar cells quadrate in a well demarcated patch; multicellular gemmae often present in leaf axils"	"Platydictya jungermannioides"
7	"Leaves larger, mostly falcate-secund; alar cells mostly few in a poorly demarcated patch; gemmae seldom present"	8
8	"Leaves rather strongly concave, abruptly contracted to the acumen; median cells mostly less than 5:1; alar cells mostly more than 15 along margin"	"Hypnum vaucheri"
8	"Leaves concave or not, gradually contracted to the acumen; median cells mostly more than 6:1; alar cells fewer than 12 along margin"	"Hypnum cupressiforme"
9	"Leaves strongly plicate and decurrent; plant so regularly pinnate and plumose as to have the branches parallel and contiguous; branches strongly hamate at apices"	"Ptilium crista-castrensis"
9	"Leaves lightly, or not at all, plicate; plant irregularly to regularly pinnate, never plumose and ascending; branches homomallous but not hamate"	10
10	"Outer cortical cells of stem hyaline, thin-walled and enlarged relative to the adjacent inner cells"	11
10	"Outer cortical cells not enlarged"	23
11	"Alar cells strongly hyaline and inflated, mostly >5 times as broad as the adjacent laminal cells"	12
11	"Alar cells mostly not hyaline, less inflated, mostly with at least some wall thickening"	19
12	"Area of inflated and hyaline alar cells extending 3 or more cells up the margin and most of the way to mid-leaf; leaves homomallous but not very falcate"	13
12	"Area of inflated and hyaline alar cells inconspicuous and often left on stem with careless dissection, including only 1-2 rows of cells along the basal margin; plant mostly conspicuously falcate-secund"	14
13	"Apices of stems and major branches with the leaves so tightly imbricate as to form an acicular tip; stem leaves typically nearly entire even near apex; leaves straight, never falcate"	"Calliergonella cuspidata"
13	"Stem and branch apices never acicular; stem leaves markedly serrulate near apex; leaves falcate-secund"	"Hypnum lindbergii"
14	"Leaves rounded at the base in such a manner that the breadth of the insertion is only about 1/2 as great as the maximum leaf breadth immediately above that insertion; leaves straight to slightly falcate; leaf apices broadly acute to somewhat obtuse"	"Breidleria pratensis"
14	"Leaf bases not so rounded; breadth of insertion mostly more than 3/4 as great as the maximum leaf breadth; leaves falcate to somewhat circinate; leaf apices so long and narrow as to be less than 8 cells broad within 3 cell lengths of apex"	15
15	"Leaves rather strongly serrulate; median basal cells strongly pitted; capsule sulcate"	16
15	"Leaves entire to serrulate; median basal cells not pitted; capsule smooth"	17
16	"Leaves strongly decurrent with inflated rectangular cells in a triangular patch 3-5 cells wide distally"	"Herzogiella striatella"
16	"Leaves not significantly decurrent (be careful that you do not interpret cells of the hyaloderm as decurrencies)"	"Herzogiella seligeri"
17	"Stem leaves falcate from a somewhat erect base; basal marginal cells above the hyaloderm mostly quadrate to short rectangular, or with one or two somewhat inflated cells at extreme basal angles"	"Hypnum subimponens"
17	"Stem and branch leaves falcate to circinate from their bases; basal marginal cells above the hyaloderm cells of the stem enlarged relative to adjacent cells of the leaf"	18
18	"Leaves serrulate at least at the apex; plants regularly pinnate with a red-brown wash on older stems and leaves; extreme leaf apex not filiform"	"Hypnum dieckii"
18	"Leaves entire throughout; plants irregularly branched, green without a brownish wash; some leaves uniseriate for 2-3 cells at immediate apex"	"Hypnum callichroum"
19	"Leaves rather strongly serrulate; median basal cells strongly pitted; capsule sulcate"	20
19	"Leaves entire to serrulate; median basal cells not pitted; capsule smooth"	21
20	"Leaves strongly decurrent with inflated rectangular cells in a triangular patch 3-5 cells wide distally"	"Herzogiella striatella"
20	"Leaves not significantly decurrent (be careful that you do not interpret cells of the hyaloderm as decurrencies)"	"Herzogiella seligeri"
21	"Stem leaves falcate from a somewhat erect base; basal marginal cells above the hyaloderm mostly quadrate to short rectangular, or with one or two somewhat inflated cells at extreme basal angles"	"Hypnum subimponens"
21	"Stem and branch leaves falcate to circinate from their bases; basal marginal cells above the hyaloderm cells of the stem enlarged relative to adjacent cells of the leaf"	22
22	"Leaves serrulate at least at the apex; plants regularly pinnate with a red-brown wash on older stems and leaves; extreme leaf apex not filiform"	"Hypnum dieckii"
22	"Leaves entire throughout; plants irregularly branched, green without a brownish wash; some leaves uniseriate for 2-3 cells at immediate apex"	"Hypnum callichroum"
23	"Quadrate alar cells numerous, mostly exceeding 15; plant olive-green and regularly pinnate, especially common on bark of coniferous trees"	"Hypnum circinale"
23	"Quadrate alar cells fewer than 5; plant of soil and rocks mostly at high elevations"	"Isopterygiopsis pulchella"
