from	statement	to
1	"Adaxial costal surface with quadrate cells throughout; leaf margins plane; cells pluripapillose with papillar salients more than 5 Âµm high; plant typically in zone of melt-water in very high montane areas"	"Dichodontium olympicum"
1	"Adaxial costal surface with rectangular cells in at least the distal portion of leaf; leaf margins usually recurved near the base; cells mammillose or papillose with papillar salients lower"	2
2	"Leaves regularly crenulate above, seldom longer than 2 mm; plant of rocky outcrops at high elevations"	"Cynodontium strumulosum"
2	"Leaves irregularly serrulate to dentate above, some more than 2 mm long; plant of riverbanks and muddy seepages at many elevations"	3
3	"Leaves mostly more than 4:1, contracted gradually from the broad immediate base to the acuminate apex; teeth of upper leaf margin in part composed of a complete cell"	"Dichodontium flavescens"
3	"Leaves about 3-4:1, broadest a few cells above the immediate leaf base and contracted to a broadly acute or obtuse apex; teeth of upper leaf margin seldom as large as a full cell"	"Dichodontium pellucidum"
