from	statement	to
1	"Leaves ecostate; perichaetial leaves convolute-sheathing, much larger than adjacent vegetative leaves"	2
1	"Costa present, at least above leaf base; perichaetial leaves not strongly convolute-sheathing"	3
2	"Leaves somewhat secund; papillar salients on dorsal portion of mid-leaf mostly higher than leaf thickness"	"Andreaea rupestris"
2	"Leaves nearly straight and symmetrical; papillar salients low to inconspicuous throughout leaf"	"Andreaea alpestris"
3	"Median laminal cells sharply papillose; leaf margins crenulate to minutely serrate"	"Andreaea nivalis"
3	"Median laminal cells smooth; leaf margins entire or nearly so"	4
4	"Costa in extreme base of leaf only 1-3 cells thick, or not visible; plant dioicous; cells of lamina and abaxial cells of costa smooth; leaf limb moderately or not at all differentiated from the leaf base"	5
4	"Costa present and not much flattened toward leaf base; plant autoicous; leaf at least somewhat constricted above an oblong-ovate base to a subulate or lanceolate limb"	6
5	"At least some of the leaves bluntly rounded at apex; costa missing in extreme leaf base; median basal cells of leaf quadrate; spores mostly less than 18 Âµm"	"Andreaea heinemannii"
5	"Leaves subulate, not bluntly rounded; costa at least two cells thick to base; median basal cells of leaf rectangular with unpitted, straight lateral walls; spores mostly 25-30 Âµm in diameter"	"Andreaea blyttii"
6	"Leaf limb more than twice as long as the leaf base; spores 35-50 Âµm in diameter"	"Andreaea rothii"
6	"Leaf limb less than twice as long as the leaf base; spores 20-30 Âµm in diameter"	"Andreaea schofieldiana"
