from	statement	to
1	"Costa very strong, ending at least in the base of the acumen"	2
1	"Costa absent or shorter"	6
2	"Leaves with a prominent border of elongate and thick-walled cells arranged as multistratose limbidium that resembles an additional two costae"	"Limbella fryei"
2	"Leaf border undifferentiated or consisting only of slightly more elongate cells"	3
3	"Leaf serrate to serrulate at base, often with the corners of two adjacent cells contributing to a single tooth; rhizoids typically papillose"	"Conardia compacta"
3	"Leaf entire or distally minutely serrulate; rhizoids smooth"	4
4	"Median leaf cells mostly more than 15:1; leaves 2-4 mm long, inserted somewhat obliquely on the stem"	"Leptodictyum riparium"
4	"Median leaf cells 2-6:1; leaves mostly less than 1.5 mm long, inserted transversely on the stem"	5
5	"Costae of most leaves broadened at the base and tapering above, filling about 1/4-1/5 of leaf base, percurrent to short-excurrent; leaves with 2-3 rows of enlarged, short rectangular to elliptical cells at their insertion and below the numerous quadrate alar cells"	"Hygroamblystegium tenax"
5	"Costa more narrow, typically ending before the leaf apex or percurrent; leaves with only a single row of such enlarged cells at insertion"	"Amblystegium varium"
6	"Alar cells gradually shorter than median laminal cells but remaining rectangular and not at all well-defined"	7
6	"Alar cells quadrate to short-rectangular or inflated, forming a rather abruptly defined group at cell angles"	8
7	"Leaves on at least some stems obliquely attached and asymmetric; median leaf cells mostly more than 10:1; plant usually in slow-flowing or stagnant water"	"Leptodictyum riparium"
7	"Leaves all transversely attached and symmetric; median leaf cells less than 10:1; plant usually on soil or logs on stream sides"	"Leptodictyum humile"
8	"Leaves seldom exceeding l mm in length; costa essentially absent"	"Platydictya jungermannioides"
8	"Leaves larger; costa mostly extending to mid-leaf"	9
9	"Leaf margins strongly serrate nearly to base; some of the upper leaf cells with distal prorations"	"Brachythecium bolanderi"
9	"Leaf margins entire or weakly serrate above the middle; none of the distal leaf cells with prorations"	10
10	"Leaves erect to erect-spreading with the angle between leaf and stem seldom exceeding 30 degrees; alar cells quadrate"	"Amblystegium serpens"
10	"Leaves widely spreading (leaf/stem angle exceeding 45 degrees); alar and basal cells rectangular and wider than upper cells"	"Amblystegium juratzkanum"
