from	statement	to
1	"Upper exothecial cells elongate and so strongly thickened as to appear virtually without a lumen; annulus not well-defined; spores with high papillae"	2
1	"Upper exothecial cells irregularly isodiametric to irregularly oblong; annulus well-defined and revoluble; spores nearly smooth"	3
2	"Tip of leaf obtuse to rounded; leaves abruptly narrowed to an apiculus; operculum plane or convex"	"Funaria convexa"
2	"Tip of leaf acuminate; leaves attenuate; operculum conic"	"Funaria muhlenbergii"
3	"Upper leaves rather abruptly acuminate; endostome segments less than 1/2 the length of the exostome; spores 23-30 Âµm"	"Funaria microstoma"
3	"Upper leaves acute to short acuminate; endostome segments almost as long as the exostome; spores 12-15 Âµm"	4
4	"Setae straight without a tendency for adjacent ones to twist and tangle with one another; proximal portion of stem almost denuded of leaves or with leaves inconspicuous scales; capsules only very lightly sulcate with the depth of the sulcae less than the width between sulcae"	"Funaria calvescens"
4	"Setae twisted and tangled with adjacent setae; proximal portion of stem with leaves gradually enlarged from base to the somewhat defined apical coma; capsules more deeply sulcate"	"Funaria hygrometrica"
