from	statement	to
1	"Stems and branches with a hyalodermis"	"Hygrohypnum ochraceum"
1	"Outer cortex of stems and branches thick-walled"	2
2	"Leaves falcate or some leaves on the same or different stems within the same specimen falcate"	3
2	"Leaves all straight, sometimes secund"	4
3	"Alar cells undifferentiated from adjacent cells; leaf apex abruptly acuminate"	"Hygrohypnum styriacum"
3	"Alar cells small, quadrate to short-rectangular, incrassate; leaf apex acute"	"Hygrohypnum luridum"
4	"Leaves with a single marginal, sometimes incomplete, row of marginal cells broader and thinner walled than more interior cells; these marginal leaf cells 60 Âµm long or longer; leaves mostly more than 1.5 mm long"	"Hygrohypnum bestii"
4	"Marginal leaf cells not so differentiated; leaves mostly smaller"	5
5	"Costa on most leaves single, stout, extending to mid-leaf or slightly beyond, forked or short and double on smaller leaves; alar cells quadrate and incrassate; vegetative leaves less than 1 mm long"	6
5	"Costa short and double, or longer and distally forked; alar cells variation; leaves mostly longer"	7
6	"Leaves broadly ovate, about 1.5:1, somewhat concave"	"Hygrohypnum smithii"
6	"Leaves orbicular, so concave as to describe a hemisphere"	"Hygrohypnum cochlearifolium"
7	"Leaves orbicular, to 1.2:1"	8
7	"Leaves mostly about 1.5:1"	10
8	"Alar cells undifferentiated or with the few quadrate or short-rectangular cells incrassate or thin-walled"	"Hygrohypnum molle"
8	"Alar cells clearly differentiated, either thin-walled or incrassate"	9
9	"Alar cells thin-walled, usually hyaline, enlarged, rounded rectangular, forming a rectangular group whose long axis parallels the leaf margins; median leaf cells not at all prorate; inner perichaetial leaves prorate on the abaxial surface near the apex; dry plant soft to the touch"	"Hygrohypnum alpinum"
9	"Alar cells incrassate, clearly pigmented in older leaves, quadrate, short rectangular or irregular, forming an irregular group, median leaf cells uniformly prorate on distal ends; inner perichaetial leaves smooth; dry plant harsh to the touch"	"Hygrohypnum duriusculum"
10	"Alar cells clearly differentiated, smaller, incrassate and quadrate to short rectangular; leaf apex gradually contracted to an obtuse to bluntly rounded tip; plants autoicous"	"Hygrohypnum luridum"
10	"Alar cells undifferentiated or not localized in a well-demarcated group; leaf apex abruptly acuminate, tapering to a slender tip; plants with dwarf males"	"Hygrohypnum styriacum"
