from	statement	to
1	"Leaves with a well-defined limbidium of elongate cells and with that limbidium possessing geminate teeth"	2
1	"Leaves without a limbidium and marginal teeth singly placed"	5
2	"Highest photosynthetic lamellae 4-6 or more cells in height; median leaf cells 25-40 Âµm in longest diameter; cell walls thin with minute corner thickenings; calyptra without hairs"	3
2	"Highest photosynthetic lamellae 4 or fewer cells in height; median leaf cells to 25 Âµm in longest diameter; cell walls thick with corner thickenings; calyptra with a few hairs on its distal portions"	4
3	"Leaves comose distally, normally with a few teeth protruding off the lamina along lines of the undulations; leaves rather blunt at apex; capsule cylindric, more than 4:1, widest near its base"	"Atrichum selwynii"
3	"Leaves evenly spaced along the stem, with teeth on lamina absent or few and blunt; leaves acute at apex; capsule oblong, less than 2:1"	"Atrichum tenellum"
4	"Leaves evenly spaced around the stem; laminal cells above the leaf middle isodiametric; capsules arcuate, mostly less than 4 mm long"	"Atrichum undulatum"
4	"Leaves comosely arranged on stem; laminal cells above the leaf middle transversely elongate; capsules nearly straight, mostly longer"	"Atrichum species A"
5	"Leaf base with uniseriate, multicellular cilia on leaf shoulders; lamina at mid-leaf bistratose"	"Bartramiopsis lescurii"
5	"Leaf shoulders without such cilia; lamina unistratose or with bistratose streaks"	Oligotrichum
