from	statement	to
1	"Leaf margins recurved and usually bistratose (if unistratose, the vegetative leaves ovate to lanceolate, not at all subulate"	2
1	"Leaf margins plane to incurved"	5
2	"Median cells quadrate and isodiametric; leaves evenly contracted to the narrowly acute apex so that the line depicting the leaf margin is almost straight; peristome teeth 16, triangular"	3
2	"Median cells rectangular, at least 2:1; leaves contracted above the base into a distinctive acumen"	4
3	"Seta yellow; plant occasionally locally introduced, usually on roofs of buildings and on road pavement"	"Ceratodon stenocarpus"
3	"Seta red-brown; plant widespread, especially in disturbed sites"	"Ceratodon purpureus"
4	"Leaves of dry plant curved to crispate; peristome teeth spinose-papillose; seta red; operculum long-rostrate, usually over 1/3 as long as the urn"	"Ditrichum ambiguum"
4	"Leaves of dry plant straight and erect; peristome teeth low- papillose to striate; seta brown to yellowish brown; operculum short-rostrate"	"Ditrichum pusillum"
5	"Leaf squarrose from an abruptly expanded and strongly sheathing base; awn dorsally prorate"	"Trichodon cylindricus"
5	"Leaf base not abruptly expanded and sheathing"	6
6	"Median leaf cells mostly about 2:1"	7
6	"Median leaf cells mostly more than 4:1"	8
7	"Plant of seepages in montane calcareous springs; stems mostly exceeding 5 cm long, densely matted below with rhizoids; leaf lamina mostly unistratose or with bistratosity near apex"	"Ditrichum flexicaule"
7	"Plant of moist soil, often on roadbanks; plant smaller not matted with rhizoids; leaf lamina and margins bistratose or with bistratose streaks in the upper one-half"	"Ditrichum montanum"
8	"Costa very broad, filling about 1/3-1/4 of leaf base; plant autoicous; spores rough, 20-29 Âµm"	"Ditrichum schimperi"
8	"Costa more narrow; plant dioicous; spores smooth and smaller"	"Ditrichum heteromallum"
