from	statement	to
1	"Leaves without hyaline awns, but sometimes with the apex very narrow and occasionally uniseriate"	2
1	"Leaves with hyaline, more or less flexuose awns"	3
2	"Median cells seriate-papillose; base of leaf strongly cordate-auriculate; older parts of plant mostly blackened"	"Meteorium nigrescens"
2	"Median cells unipapillose; base of leaf rounded but not cordate; plant green to golden-green"	"Claopodium whippleanum"
3	"Median cells unipapillose; hyaline awn flexed outward on moist plant"	"Claopodium crispifolium"
3	"Median cells pluripapillose; hyaline awn flexed into the clone of a moist plant"	"Claopodium bolanderi"
