from	statement	to
1	"Apex of upper leaves with a reddish-brown cluster of septate gemmae; plant found only within a mile or so of the ocean"	"Ulota phyllantha"
1	"Apex of leaves not gemmiparous; plant more widely distributed"	2
2	"Apex of leaf not uniseriate; plant forming tight cushions of strongly crispate leaves"	"Ulota obtusiuscula"
2	"Apex of leaf filiform with about 2-5 isodiametric to short-rectangular cells in a uniseriate apex"	3
3	"Plant tufted with rhizoids axillary and bearing abundant multicellular elliptical gemmae"	"Zygodon rupestris"
3	"Plant stoloniferous with prostrate axes possessing abundant red-brown rhizoids, gemmae absent"	"Ulota megalospora"
