from	statement	to
1	"Leaf margins entire, plane to erect; leaves ovate-lanceolate without significant differentiation of a narrowed acumen"	"Ptychomitrium sinense"
1	"Leaf margins dentate, recurved at least near base; leaves lanceolate but contracted below the middle into a well-defined acumen"	2
2	"Marginal teeth of distal 1/4 of leaf sharply pointed and diverging from margin at more than a 30 degree angle; mid-leaf cross-section unistratose except for a narrowly bistratose margin; leaf with a well demarcated acumen that includes about 1/2 or more of that leaf"	"Ptychomitrium gardneri"
2	"Marginal teeth of leaf mostly rather blunt or pointed but inflexed relative to margin; mid-leaf cross-section various; acumen markedly shorter"	3
3	"Leaf mostly bistratose above the middle; basal cells rectangular but with lateral walls not sinuose; marginal teeth variable with some of them somewhat sharply pointed and inflexed in plane of leaf"	"Ptychomitrium species A"
3	"Leaf mostly unistratose; rectangular basal cells with lateral walls sinuose; marginal teeth uniformly blunt"	"Ptychomitrium serratum"
