from	statement	to
1	"Leaf margins bistratose at mid-leaf; costa short-excurrent; immediate supra-basal marginal cells with thin lateral walls compared to the thick transverse walls"	"Dicranoweisia contermina"
1	"Leaf margins unistratose throughout; costa ending within one or more cells of leaf apex; immediate suprabasal marginal cells without strong difference between lateral and transverse wall thickness"	2
2	"Leaves not crispate; leaf apices with clusters of green gemmae; basal marginal cells quadrate with transverse walls thicker than lateral walls"	"Grimmia anomala"
2	"Leaves strongly crispate; gemmae absent; basal marginal cells elongate with lateral and transverse walls evenly thin"	3
3	"Margin serrulate with teeth remote from one another; basal juxtacostal cells primarily about 3-5:1; restricted to low elevations"	"Amphidium californicum"
3	"Margin entire; basal juxtacostal cells primarily about 2-3:1; typically montane in California"	4
4	"Perichaetial leaves sheathing with apex abruptly contracted into a short apiculus; seta about as long as capsule; synoicous; leaves a bit shorter (more lanceolate than linear) and more strongly crisped when dry; leaf margins only slightly recurved; supposedly with cuticular papillae larger but one would have to standardize the part of the leaf under observation"	"Amphidium lapponicum"
4	"Perichaetial leaves longer and only gradually tapering; seta longer; dioicous; leaf margins more consistently recurved throughout a greater length of the leaf; leaves longer (more linear than lanceolate) and less strongly crisped when dry; cuticular papillae smaller"	"Amphidium mougeotii"
