from	statement	to
1	"Leaves bistratose from edge to edge (not just along margin)"	2
1	"Leaves bistratose at most along margins"	3
2	"Leaves strongly 3-ranked, squarrose spreading when moist from a somewhat sheathing base; plant of shallow soil over rocks, mostly in grassy areas near the coast"	"Triquetrella californica"
2	"Leaves spirally inserted and inconspicuously ranked, closely imbricate and ascending to erect spreading; plant of calcareous seeps"	"Didymodon tophaceus"
3	"Median cells of leaf densely papillose with the papillae obscuring the cell walls at least in distal portion of leaf; adaxial cells of costa mostly quadrate, densely pluripapillose with bifid papillae"	4
3	"Median cells of leaf low and bluntly papillose to almost smooth; adaxial cells of costa short-oblong or occasionally quadrate, often nearly smooth"	6
4	"Plant conspicuously reddish with coloration obvious in the walls of the laminal cells under the compound microscope; leaf margin recurved with marginal cells not significantly less papillose than interior cells"	5
4	"Plant of various colors but with red coloration not obvious in the compound microscope; leaf margin revolute in at least one complete spiral with the marginal cells low papillose to almost smooth relative to the interior cells"	"Pseudocrossidium obtusulum"
5	"Basal cells of normally developed leaves quadrate or nearly so; area of differentiated interior basal cells ovate; costa short excurrent in the acute and entire apex"	"Bryoerythrophyllum columbianum"
5	"Basal cells short rectangular >2:1; area of differentiated basal cells elliptical to oblong, mostly with nearly parallel lateral margins; costa subpercurrent to percurrent in the rather blunt, often dentate apex"	"Bryoerythrophyllum recurvirostrum"
6	"Leaf margins crenulate-papillose in distal 1/2; leaves not keeled; plant fragile with leafy stems breaking from clone"	"Didymodon norrisii"
6	"Leaf margins entire or, if crenulate, leaves keeled; plant not very fragile"	7
7	"Adaxial surface of costa at mid-leaf with elongate rectangular (>2.5:1) cells"	8
7	"Adaxial surface of costa at mid-leaf with quadrate to very short rectangular cells"	9
8	"Moist leaves when detached from stem describing less than 120 degrees of arc; costa broadened at base"	"Didymodon fallax"
8	"Moist leaves when detached from stem describing almost 180 degrees of arc, almost impossible to lay flat on slide without cutting into short portions; costa almost evenly tapered to apex"	"Didymodon ferrugineus"
9	"Margins recurved nearly to apex; leaf apex sometimes obtuse"	10
9	"Margins recurved only in the proximal 2/3 or less; apex more narrow"	13
10	"Costa medially about 8 cells broad, often branched (spurred) in its distal portion; plant of calcarous rocks"	"Didymodon revolutus"
10	"Costa mostly more narrow, not spurred; plant of more varied ecology"	11
11	"Leaf apex mucronate, not at all cucullate; costa very short excurrent in the mucro; leaves deltoid to deltoid lanceolate"	"Didymodon tectorum"
11	"Leaf apex obtuse to bluntly acute, cucullate to somewhat concave; costa percurrent to subpercurrent; leaves ovate to ovate-lanceolate"	12
12	"Cells of adaxial costa surface bulging and with proportions deeper than wide so that that surface appears convex in hand-lens view; guide cells in more than one layer below those adaxial epidermal cells"	"Didymodon nevadensis"
12	"Cells of adaxial costa not bulging; guide cells in only a single layer"	"Didymodon brachyphyllus"
13	"Lamina on each side of costa in mid-leaf erect or nearly so, thus causing the costa to appear to occupy a medial groove; leaf apex usually with a differentiated conical apical cell"	14
13	"Leaves not channeled or with only a channeling of the extreme distal portion of the leaf; leaf apex usually without a differentiated conical apical cell"	18
14	"Leaf apices bistratose at least in the distal portion; these apices often regularly caducous; basal cells mostly quadrate"	"Didymodon occidentalis"
14	"Leaf apices unistratose and not fragile; basal cells mostly rectangular"	15
15	"Leaves evenly crenulate with margins bistratose in 1-2 rows in at least the distal 1/2"	"Didymodon eckeliae"
15	"Leaves entire throughout with marginal bistratosity appearing only in marginal patches"	16
16	"Leaves narrowly lanceolate (>6:1) with the apex often terminated by a cluster of rhizoids; marginal cells of leaf base often short-rectangular; dry leaves usually somewhat crispate"	"Didymodon nicholsonii"
16	"Leaves lanceolate but mostly proportionately broader, without terminal rhizoids; marginal cells of leaf base rectangular; dry leaves not crispate"	17
17	"Leaves to 2.5 mm long with the apices more or less regularly erect and not very crispate; leaf margins recurved to above the middle"	"Didymodon vinealis"
17	"Leaves longer with the apices flexuose; leaf apices strongly crispate with leaf margins recurved only in distal 1/3"	"Didymodon insulanus"
18	"Juxtacostal basal cells not so thin-walled, mostly short-rectangular with the lumen/wall ratio often less than 6:1; leaf not distally channeled"	"Didymodon rigidulus"
18	"Juxtacostal basal cells thin-walled and rectangular, often somewhat inflated, lumen/wall ratio greater than 10:1; leaf usually strongly and abruptly channeled in extreme apex"	19
19	"Cortical cells of stem inflated; marginal, basal cells forming a moderately differentiated area of more narrowly rectangular cells; adaxial cells of costa usually somewhat elongate"	"Didymodon umbrosus"
19	"Cortical cells of stem not differentiated; basal cells without a margin of more narrow cells; adaxial cells of costa uniformly quadrate"	"Didymodon australasiae"
