from	statement	to
1	"Plant with an erect seta"	2
1	"Plant with an arcuate seta"	7
2	"Leaves with costa absent or ending before the apex; peristome teeth 4, rigidly erect; calyptra mitrate and lightly plicate"	3
2	"Leaves with costa percurrent to excurrent in a narrow subula; peristome teeth 16 or absent; calyptra cucullate"	4
3	"Perichaetial leaves costate to above middle, ovate and shortly acuminate, protonematal flaps to 2 mm long; flagelliform shoots present"	"Tetrodontium brownianum"
3	"Perichaetial leaves ligulate; ecostate; protonematal flaps to 0.5 mm long; flagelliform shoots frequent"	"Tetrodontium repandum"
4	"Costa excurrent and filling up to 1/6 of the length of the leaf apex"	"Seligeria recurvata"
4	"Costa percurrent in the mostly subulate apex"	5
5	"Plant growing on calcareous seeps; leaves oblong-lanceolate, distally obtuse"	"Seligeria campylopoda"
5	"Plant growing on siliceous rock, mostly only periodically moist; leaves narrowly subulate"	6
6	"Seta shorter than the perichaetial leaves; capsule gymnostomous"	"Brachydontium olympicum"
6	"Seta elevating capsule above the perichaetial leaves; capsule with 16 narrow peristome teeth"	"Campylostelium saxicola"
7	"Capsule sulcate when mature and dry: plant on siliceous rocks, often granites or basalts"	"Brachydontium trichodes"
7	"Capsule smooth when mature and dry; plant on calcareous seeps"	"Seligeria donniana"
