from	statement	to
1	"Leaves broadly ovate, abruptly contracted into a narrow concolorous awn; sporophyte nearly sessile with a broadly elliptic capsule"	"Lorentziella imbricata"
1	"Leaves lanceolate, often narrowly so; gradually contracted to the acute apex; sporophyte nearly sessile with a spherical capsule"	2
2	"Median cells of larger leaves extremely variable in size and shape, often with quadrate cells adjacent to long elliptic cells; perigonia on lateral branches with fully defined bracts"	"Archidium donnellii"
2	"Median cells of larger leaves uniformly short rectangular to rhombic; antheridia usually naked in axils of lower perichaetial leaves"	"Archidium alternifolium"
