from	statement	to
1	"Terminal cell of each photosynthetic lamella smooth throughout; plant green and strongly crispate when dry"	"Pogonatum contortum"
1	"Terminal cell of each photosynthetic lamella with obvious papillosity especially on distal end; plant glaucous, not at all crispate when dry"	2
2	"Terminal cell of photosynthetic lamellae longer than broad with papillae on that cell rather inconspicuous"	3
2	"Terminal cell of photosynthetic lamellae as broad or broader than long with papillae on that cell very conspicuous"	4
3	"Excised leaf tending to turn over on its side and to describe 180 degrees of arc when laid on the slide; cells of leaf lamina across the shoulder mostly transversely elongate with transverse walls markedly thicker than lateral walls; outermost walls of terminal cell of photosynthetic lamellae almost as thick as lumen"	"Polytrichastrum alpinum"
3	"Excised leaf tending to lie flat on the slide; cells of leaf lamina across the shoulder mostly quadrate without transverse walls thickening; outermost walls of terminal cell of photosynthetic lamellae rather thin"	"Meiotrichum lyallii"
4	"Terminal cell of photosynthetic lamellae round in section, of same size as adjacent cells of lamellae as seen in lamellar scrape; teeth of leaf margin mostly unicellular; cells hyaline and thin-walled at leaf margin at distal area of leaf base"	"Pogonatum urnigerum"
4	"Terminal cell of photosynthetic lamellae distally flat, smaller in longitudinal diameter than adjacent non-terminal lamellar cells as see in lamellar scrape; teeth of margin multicellular; shoulder of leaf without a hyaline border"	"Pogonatum dentatum"
