from	statement	to
1	"Leaves with a long subulate awn completely filled by the costa"	2
1	"Leaves with awn not filled by the costa"	3
2	"Awn comprising less than 1/4 of leaf; capsule exserted on a straight seta with the urn subtended by a long hypophysis; capsule peristomate with a well-differentiated operculum, dehiscing at maturity; calyptra cucullate; plant of alpine and subalpine sites"	"Trematodon boasii"
2	"Awn relatively longer; capsule barely emergent and without a long hypophysis; capsule cleistocarpous without a peristome; calyptra mitrate; plant of low elevation grasslands"	"Bruchia flexuosa"
3	"Plant of alpine and subalpine sites; leaves mostly less than 8:1; median cells of leaves mostly more than 8 Âµm broad; capsule long exserted above the perichaetial leaves; hypophysis as long as the urn"	"Bruchia bolanderi"
3	"Plant of low elevation grassy and barren sites; leaves subulate and longer than 8:1; median cells of leaves more narrow; capsule immersed on a somewhat curved seta; hypophysis not much differentiated"	4
4	"Lamina unistratose at shoulder of upper laminal and perichaetial leaves; plants autoicous, antheridia enclosed in axillary buds"	"Pleuridium subulatum"
4	"Lamina bistratose at shoulder of upper laminal and perichaetial leaves; plants paroicous, antheridia naked in the axils of upper stem leaves"	"Pleuridium acuminatum"
