from	statement	to
1	"Leaves complanate; plant not dendroid but sometimes irregularly plumose"	2
1	"Leaves not complanate; plant mostly dendroid to plumose"	6
2	"Leaves strongly undulate"	3
2	"Leaves not at all undulate"	4
3	"Leaves ecostate; leaf apex acute to acuminate, strongly dentate, mostly with some of the teeth recurved in the plane of the leaf; paraphyllia absent"	"Neckera douglasii"
3	"Leaves with strong costa reaching above mid-leaf; leaf apices blunt to obtuse, serrulate to nearly entire; paraphyllia densely arranged on main stems and branches"	"Metaneckera menziesii"
4	"Juxtacostal cells in median leaf 4-8:1; leaves usually more than 1.5 mm long; margin of most leaves broadly recurved near the base on one side"	"Porotrichum bigelovii"
4	"Juxtacostal median cells shorter; not much longer than median marginal cells; leaves shorter"	5
5	"Leaves to 1 mm long; alar cells quadrate in a small but poorly defined group"	"Bryolawtonia vancouveriensis"
5	"Leaves larger; alar cells not at all differentiated"	"Homalia trichomanoides"
6	"Leaf margin with somewhat elongate cells forming a somewhat differentiated limbidium; leaves of stem bleached and deltoid-triangular, markedly different from those of the branches"	"Leucolepis acanthoneura"
6	"Leaf margin without a limbidium; stem leaves not so different from those of branches"	7
7	"Paraphyllia arranged in parallel lines along stems and branches; distal portion of costa without abaxial spines or cristae"	"Climacium dendroides"
7	"Paraphyllia absent; distal portion of costa with abaxial spines or cristae"	8
8	"Leaf apices obtuse and coarsely dentate; alar cells irregularly quadrate to rectangular, not well differentiated; leaves not plicate or recurved"	"Thamnobryum neckeroides"
8	"Leaf apices mostly acute; alar cells markedly greener than adjacent laminal cells, quadrate and thick-walled with rounded lumina; leaves somewhat plicate and recurved near base"	"Bestia longipes"
