from	statement	to
1	"Hyaline awn consistently absent; sometimes mucronate to apiculate or with a few enlarged apical cells"	2
1	"Hyaline awn present on at least some leaves"	5
2	"Leaf cells smooth to mammillose, or with a few small papillae in distal portion of leaf; cells of basal leaf margin markedly more narrow and thicker walled than adjacent rectangular basal cells; cells of upper leaf margin somewhat smaller and more pellucid than interior cells"	"Syntrichia amplexa"
2	"Leaf cells papillose, usually densely so; margin various"	3
3	"Leaves spatulate to oblong-obovate, broadest in distal region; spherical, multicellular gemmae produced on leaf lamina; plant corticolous on streamside trees"	"Syntrichia latifolia"
3	"Leaves broadest at or below the middle; gemmae absent or placed on the rhizoids"	4
4	"Leaf, above the basal area of rectangular cells, bordered with several rows of smaller, less papillose cells"	"Syntrichia bolanderi"
4	"Leaves not so bordered"	"Tortula inermis"
5	"Leaf lamina bistratose above; plant very dark blackish, of desert soils"	"Syntrichia caninervis"
5	"Leaf lamina bistratose only at margins or in apex, if at all"	6
6	"Margin plane to ascending, or sometimes with inconspicuous recurvature near or below the leaf middle"	7
6	"Margin recurved, often strongly so (though weakly in S. laevipila); gemmae mostly absent; habitat various"	10
7	"Median leaf cells unipapillose on abaxial surface, smooth or nearly so on adaxial surface; plants with conspicuous gemmae on leaf, mostly epiphytic especially in riverine corridors"	"Syntrichia papillosa"
7	"Median leaf cells pluripapillose on both surfaces; gemmae absent or restricted to leaf axils"	8
8	"Plant bearing multistratose, leaf-like gemmae in axillary clusters at stem apex; costa smooth on abaxial surface; plant mostly epiphytic, almost restricted to cultivated areas"	"Syntrichia pagorum"
8	"Plant without gemmae; costa papillose on abaxial surface; plant epilithic in dry scrub or in desert areas"	9
9	"Cells of basal portion of leaf rectangular and abruptly inflated; costa not or almost imperceptibly tapered; sporophytes unknown in the species"	"Syntrichia bartramii"
9	"Cells of basal portion of leaf rectangular and somewhat incrassate, only gradually demarcated from the isodiametric median cells; costa tapered from a broad base to a very narrow apex; calyptra campanulate and sheathing the entire capsule"	"Encalypta rhaptocarpa"
10	"Costa showing hydroids in cross-section (this appears as a gap that comes to a sharp point between two guide cells, though it really consists of several cells); stem cross-section with central strand (cells in the center are smaller, angular and often crushed); median juxtacostal cells more than 15 Âµm in diameter; plant mostly monoicous"	11
10	"Costa without hydroids; stem without central strand; median juxtacostal cells mostly about 12 Âµm; plant dioicous"	16
11	"Margins recurved weakly about midleaf; costa tends toward a yellowish-brown when viewed with transmitted light; awn mostly smooth to remotely toothed, often rather flexuose; leaves mostly somewhat spatulate, less than 3 mm long; internal cells of lamina at juncture with basal cells not collenchymatous"	"Syntrichia laevipila"
11	"Margins more strongly recurved; costa tends toward reddish-brown; awn closely covered with teeth, often reddish-brown near base, in most species somewhat rigid; leaf shape and size various; internal cells of lamina at juncture with basal cells sometimes collenchymatous"	12
12	"Plant large (seta 20 mm; stem generally quite long and cloaked with leaves); mid-laminal cells toward costa 12-17 Âµm; apex broadly rounded, with the lamina not retuse where it attaches to awn; distal portion of costa spinose to prorate abaxially; synoicous (sporophytes numerous and no perigonia is a suggestive field character)"	"Syntrichia princeps"
12	"Plants not unusually large (seta <<20 mm; stems in most cases shorter); mid-laminal cells smaller or larger; leaves (or many of them) retuse at apex"	13
13	"Cells 8-12 Âµm in diameter"	14
13	"Cells generally larger"	15
14	"Papillae merely bumps on the cells, which are not mammalose; not appearing frosted"	"Syntrichia montana"
14	"Papillae pedicellate on more or less mammalose cells; as seen in hand often with a ""sugary"" frosting"	"Syntrichia sucrosa"
15	"Lamina inrolled but immediate margin recurved (giving the distal third of leave a concave appearance); green part of leaf about twice as long as wide with widest point more than half way from start of green part to tip; abaxial side of cells often pigmented orangish (like the costa but not so much)"	"Syntrichia speciesA"
15	"costa yellowish to brownish, smooth throughout (not very prorate) except on the hyaline awn"	"Syntrichia obtusissima"
16	"Awn weak and somewhat flexuose, often reddish-brown except at its extreme apex; costa in distal 1/4 of leaf with substereids replacing the stereid cells of the stereid bands [the cells abaxial to the guide cells sometimes almost as large as the guide cells and thinner walled than the stereids]; margin plane in distal 1/4; plant of moist rocks at high elevations"	"Syntrichia norvegica"
16	"Awn hyaline throughout, sometimes somewhat reddish brown at its insertion on the leaf lamina; costa with abaxial stereid bands with stereid cells very thick-walled and with lumen appearing as mere pin-pricks [the cells abaxial to the guid cells, even if thiner walled than most stereids, not much larger in diameter when including the wall than the stereids; margin recurved nearly to apex; habitat various"	17
17	"Leaf in cross-section showing high, branched papillae that interlock so as to give a grossly tristratose appearance; plant of eastern deserts and scrublands"	"Syntrichia papillosissima"
17	"Papillae not so high and interlocking; plant habitat various"	"Syntrichia ruralis"
