from	statement	to
1	"Median and basal cells with cuticular papillosity; costa with substereids, and without clear definition of the guide cells; sporophytes immersed to slightly emergent"	"Amphidium: various species"
1	"Cuticular papillosity absent or present as long streaks restricted to median leaf cells; costa with a strong abaxial stereid band; sporophytes exserted on a long seta"	2
2	"Margins recurved near the base; cuticular papillosity lacking"	3
2	"Margins plane to incurved; cuticular ridges present on median laminal cells"	4
3	"Plant epiphytic and on logs and fenceposts, often at low elevations; juxtacostal, immediate supra-basal cells usually with very thick walls (lumen/wall ratio often greater than 1)"	"Dicranoweisia cirrata"
3	"Plant on soil or rocks at high elevations; juxtacostal, supra-basal cells without such wall thickening"	"Cynodontium: various species"
4	"Basal portions of peristome teeth striate; awn comprising about 1/3 of perichaetial leaf length; plant common in forests at mid elevations"	"Dicranoweisia contermina"
4	"Peristome teeth papillose throughout; awn comprising about 1/2 of perichaetial leaf length; plant rare and local in alpine regions"	"Dicranoweisia roellii"
