from	statement	to
1	"Leaves muticous"	2
1	"At least the perichaetial leaves with hyaline awns; median laminal cells extending along the margin nearly to the leaf base"	8
2	"Leaves at least in the lower portion of the stem typically more than 4:1"	3
2	"Leaves typically broader"	5
3	"Plants occasionally washed by salt spray of the ocean; not adaxially grooved or with sinuose rectangular cells on adaxial surface; costa cross-section exhibiting a strong abaxial stereid band"	"Schistidium maritimum"
3	"Plants found away from immediate maritime rocks; costa cross-section without stereid bands"	4
4	"Leaves almost consistently bi- to tri-stratose above the middle; costa flattened at the base and merging imperceptibly into the bistratose juxtacostal basal lamina"	"Schistidium cinclidodonteum"
4	"Leaves mostly unistratose throughout or sometimes bistratose at extreme apex; costa at base terete and well set-off from adjacent lamina"	E
5	"Upper leaf margin typically denticulate; plant usually submerged on riverside rocks"	"Schistidium rivulare"
5	"Upper leaf margin entire; plant seldom submerged"	6
6	"Leaves less than l mm long, not recurved or only minutely so at the base; cells 4-8 Âµm broad"	"Schistidium atrichum"
6	"Leaves on well developed stems mostly over l mm long; margins recurved to near the middle; cells 7-10 Âµm broad"	7
7	"Urn ovoid, not much broadened to the apex; leaves to 1.5 mm long"	"Schistidium dupretii"
7	"Urn broad at the mouth, gradually narrowed to the base; leaves mostly more than 2 mm long"	"Schistidium platyphyllum"
8	"Leaf margins plane to incurved; leaves mostly long-lanceolate, more than 6:1; awn very minute, mostly less than 5 cells in length, smooth"	"Schistidium cinclidodonteum"
8	"Leaf margins recurved, at least on one side near base"	9
9	"Leafy stems less than 0.5 mm wide and mostly less than 25 mm long; leaves less than l mm long; plants forming wiry chestnut-brown turfs on seepages at high elevations"	"Schistidium tenerum"
9	"Plants and leaves larger"	10
10	"Leaves with at least a few papillae on dorsal surface, often rather densely covered; urn broadened toward the mouth; peristome spreading from mouth of urn"	"Schistidium strictum"
10	"Leaves smooth throughout; urn evenly ovoid; peristome erect or absent"	11
11	"Peristome absent or present as irregularly truncate segments"	"Schistidium flaccidum"
11	"Peristome present and well developed"	12
12	"Vegetative leaves mostly more than 1.5 mm long with the perichaetial leaves exceeding 3 mm long; peristome teeth deep red, not or very little cribrose; transverse walls of basal marginal cells not thickened"	"Schistidium species A"
12	"Vegetative leaves and perichaetial leaves smaller; peristome teeth pale- or bleached red-brown, strongly cribrose; transverse walls of basal marginal cells markedly thicker than the lateral walls"	13
13	"Leaves frequently with a hyaline awn and with that awn terete and serrate on its entire circumference; plant when moist with leaves spreading, often almost squarrose"	"Schistidium species B"
13	"Hyaline awn mostly found on some of the perichaetial leaves, only occasionally on vegetative leaves; plant when moist with leaves ascending to erect-ascending"	"Schistidium confertum"
