from	statement	to
1	"Leaf sheath orange to brown, lacking stereids in cross-sectional view; cilia of endostome not appendiculate; plant dioicous"	"Timmia austriaca"
1	"Leaf sheath hyaline to cream-colored, with stereids; cilia appendiculate; plant monoicous"	2
2	"Distal portion of leaf sheath with papillose cells; median cells of the limb mostly more than 10 Âµm in diameter; cells with corner thickenings; basal membrane of endostome with apertures"	"Timmia megapolitana"
2	"Distal portion of leaf sheath smooth; median cells of the limb mostly less than 10 Âµm; cells without corner thickenings; basal membrane of endostome without apertures"	"Timmia bavarica"
