from	statement	to
1	"Leaf with hyaline awn"	2
1	"Leaf muticous with costa ending before apex or percurrent"	3
2	"Costa cross-section lacking stereid bands, costa therefore hard to distinguish from adjacent cells"	"Aloina bifrons"
2	"Costa present and well-defined; stereid bands in cross-section several cells thick"	"Aloina roseae"
3	"Marginal cells of leaf base similar to adjacent interior cells"	"Aloina ambigua"
3	"Cells of basal margin of leaf hyaline and thin-walled, often elongate, forming a well-demarcated limbidium"	"Aloina rigida"
