from	statement	to
1	"Leaves ecostate and strap-shaped with margins coarsely dentate; plant with a very conspicuous felt-like protonema"	"Ephemerum serratum"
1	"Leaves costate, lanceolate to ovate-lanceolate with margins entire to serrulate or serrate, rarely dentate; protonema seldom obvious"	2
2	"Median leaf cells mostly papillose with C-shaped papillae; abaxial walls of median laminal cells not markedly different in thickness from the adaxial walls; leaf margins mostly rather broadly recurved near the middle"	"Phascum cuspidatum"
2	"Median leaf cells smooth; leaf margins plane or minutely recurved near the extreme base"	3
3	"Spores larger than 100 Âµm in diameter"	4
3	"Spores markedly smaller, mostly about 20 Âµm in diameter"	6
4	"Costa cross-section without stereid bands; leaves appearing bleached and hyaline, at least above the middle; plant with inconspicuous rhizomatous branches arising from basal portions of the upright stem"	"Lorentziella imbricata"
4	"Costa cross-section with a well-developed abaxial stereid band; leaves of healthy plants not bleached; plant without rhizomatous growths"	5
5	"Median cells of larger leaves extremely variable in size and shape, often with quadrate cells adjacent to long elliptic cells; perigonia on lateral branches with fully defined bracts"	"Archidium donnellii"
5	"Median cells of larger leaves uniformly short rectangular to rhombic; antheridia usually naked in axils of lower perichaetial leaves"	"Archidium alternifolium"
6	"Leaves subtending the sessile sporophyte spreading and easily revealing the sporophyte whether moist or dry; median laminal cells rectangular and thin-walled"	7
6	"Leaves erect around the sessile sporophyte hiding most or all of it without dissection; median laminal cells otherwise"	9
7	"Capsules irregularly and tardily dehiscent; exothecial cells very thin-walled throughout"	"Physcomitrella readeri"
7	"Capsules with a well-defined operculum; exothecial cells with collenchymatous or regular thickenings"	8
8	"Exothecial cells strongly collenchymatous; operculum conic-apiculate to rostellate"	"Aphanorrhegma serratum"
8	"Exothecial cells thick-walled, not collenchymatous; operculum rostrate"	"Physcomitrium immersum"
9	"Leaves with a prominent awn, often somewhat hyaline; sporophyte immersed but not completely hidden by the enclosing perichaetial leaves"	"Stegonia hyalinotricha"
9	"Leaves without an awn or with that awn short and not hyaline; sporophyte so immersed as to require removal of perichaetial leaves to enable visibility"	10
10	"Upper (perichaetial) leaves keeled but slightly spreading so that some part of the urn of the mature sporophyte can usually be seen without dissection; plant tristichous in vertical view; seta arcuate"	"Acaulon triquetrum"
10	"Upper leaves closely enclosing and hiding the mature sporophyte; plant roughly pentastichous in vertical view; seta straight"	"Acaulon rufescens"
