from	statement	to
1	"Leaves terminating in a single elongate and more or less hyaline cell that differs strongly from the isodiametric subapical cells; cells of leaf lamina with multiple, sharp and discrete papillae; axils of younger leaves usually with stalked, elliptical, septate gemmae"	"Zygodon rupestris"
1	"Leaf apices acute but mostly without a differentiated apical cell; cells of leaf lamina with multiple, blunt papillae that seem to merge with neighboring papillae in a complex of roughenings; gemmae scarce, not stalked"	2
2	"Leaf margin at junction between the basal and upper laminal cells with several teeth"	"Eucladium: E verticillatum"
2	"Leaf margin entire throughout"	3
3	"Margin recurved at extreme basal margin on at least one side of some of the leaves; extreme distal cell of leaf pellucid and somewhat enlarged"	"Hymenostylium: H recurvirostrum"
3	"Margins plane throughout; distal cell of leaf not so differentiated"	4
4	"Costa on adaxial surface with quadrate cells little different from adjacent laminal cells; leaves not adaxially grooved; leaves spirally arranged along stem"	5
4	"Costa with elongate cells on adaxial surface; leaf deeply grooved by ascending lamina on each side of costa on at least the distal one-half; perichaetia lateral; leaves obscurely tristichous"	6
5	"Costa less than 50 Âµm wide at base; cells near leaf apex 7-8 Âµm wide"	"Gymnostomum calcareum"
5	"Costa more than 60 Âµm wide at base; cells near leaf apex more than 10 Âµm wide"	"Gymnostomum aeruginosum"
6	"Leaves concave, especially near apex; costa of well developed leaves with two stereid bands"	"Molendoa sendtneriana"
6	"Leaves keeled along costa; costa with only one stereid band"	"Anoectangium aestivum"
