from	statement	to
1	"Capsules immersed"	"Physcomitrium immersum"
1	"Capsules exserted"	2
2	"Leaves without a differentiated limbidium; dry capsule broadest at the mouth, globose or nearly so; suboral cells of capsule poorly differentiated or in few rows"	3
2	"Leaves with a clear limbidium at least near middle; dry capsule not flaring, pyriform to turbinate; exothecial cells at capsule mouth rectangular, mostly in more than 8 rows"	5
3	"Leaves essentially entire; costa ending a few cells before leaf apex; annulus vesiculose"	"Physcomitrium hookeri"
3	"Leaves serrulate distally; costa percurrent to excurrent; annulus of small and essentially quadrate cells"	4
4	"Operculate capsule orbicular with little definition of a neck; costa ending within 2-4 cells of apex"	"Physcomitrium collenchymatum"
4	"Operculate capsule pyriform with neck nearly as long as urn; costa mostly shorter"	"Physcomitrium pygmaeum"
5	"Leaves serrulate distally; capsule erect and pyriform"	"Physcomitrium pyriforme"
5	"Leaves essentially entire; capsule erect and turbinate"	"Physcomitrium californicum"
