id	created_at	updated_at	title	author	description	item	spatial	remarks	source_id	created_by	updated_by	key_file
3046		"2014-01-18 11:41:34"	"General Key"			Bryidae	California			niels.klazenga@rbg.vic.gov.au	niels.klazenga@rbg.vic.gov.au	key-3046-general-key.tsv
3047		"2013-12-21 20:23:21"	Dicranum			Dicranum	California			niels.klazenga@rbg.vic.gov.au	niels.klazenga@rbg.vic.gov.au	key-3047-dicranum.tsv
3048		"2013-12-21 20:23:42"	Syntrichia			Syntrichia	California			niels.klazenga@rbg.vic.gov.au	niels.klazenga@rbg.vic.gov.au	key-3048-syntrichia.tsv
3050		"2013-12-21 20:23:14"	Acaulon			Acaulon	California			niels.klazenga@rbg.vic.gov.au	niels.klazenga@rbg.vic.gov.au	key-3050-acaulon.tsv
3051		"2013-12-21 20:23:15"	Aloina			Aloina	California			niels.klazenga@rbg.vic.gov.au	niels.klazenga@rbg.vic.gov.au	key-3051-aloina.tsv
3052		"2013-12-21 20:23:15"	Amblystegium			Amblystegium	California			niels.klazenga@rbg.vic.gov.au	niels.klazenga@rbg.vic.gov.au	key-3052-amblystegium.tsv
3053		"2013-12-21 20:23:15"	Amphidium			Amphidium	California			niels.klazenga@rbg.vic.gov.au	niels.klazenga@rbg.vic.gov.au	key-3053-amphidium.tsv
3054		"2013-12-21 20:23:15"	Anacolia			Anacolia	California			niels.klazenga@rbg.vic.gov.au	niels.klazenga@rbg.vic.gov.au	key-3054-anacolia.tsv
3055		"2013-12-21 20:23:16"	Andreaea			Andreaea	California			niels.klazenga@rbg.vic.gov.au	niels.klazenga@rbg.vic.gov.au	key-3055-andreaea.tsv
3056		"2013-12-21 20:23:16"	Antitrichia			Antitrichia	California			niels.klazenga@rbg.vic.gov.au	niels.klazenga@rbg.vic.gov.au	key-3056-antitrichia.tsv
3057		"2013-12-21 20:23:16"	Archidium			Archidium	California			niels.klazenga@rbg.vic.gov.au	niels.klazenga@rbg.vic.gov.au	key-3057-archidium.tsv
3058		"2013-12-21 20:23:16"	Atrichum			Atrichum	California			niels.klazenga@rbg.vic.gov.au	niels.klazenga@rbg.vic.gov.au	key-3058-atrichum.tsv
3059		"2013-12-27 15:05:07"	Aulacomnium			Aulacomnium	California			niels.klazenga@rbg.vic.gov.au	niels.klazenga@rbg.vic.gov.au	key-3059-aulacomnium.tsv
3060		"2013-12-21 20:23:16"	Barbula			Barbula	California			niels.klazenga@rbg.vic.gov.au	niels.klazenga@rbg.vic.gov.au	key-3060-barbula.tsv
3061		"2013-12-21 20:23:17"	Brachythecium			Brachythecium	California			niels.klazenga@rbg.vic.gov.au	niels.klazenga@rbg.vic.gov.au	key-3061-brachythecium.tsv
3062		"2013-12-21 20:23:17"	Bruchia			Bruchia	California			niels.klazenga@rbg.vic.gov.au	niels.klazenga@rbg.vic.gov.au	key-3062-bruchia.tsv
3063		"2013-12-21 20:23:19"	Bryum			Bryum	California			niels.klazenga@rbg.vic.gov.au	niels.klazenga@rbg.vic.gov.au	key-3063-bryum.tsv
3064		"2013-12-21 20:23:19"	Buxbaumia			Buxbaumia	California			niels.klazenga@rbg.vic.gov.au	niels.klazenga@rbg.vic.gov.au	key-3064-buxbaumia.tsv
3065		"2013-12-27 18:17:43"	Calliergon			Calliergon	California			niels.klazenga@rbg.vic.gov.au	niels.klazenga@rbg.vic.gov.au	key-3065-calliergon.tsv
3066		"2013-12-21 20:23:19"	Campylopus			Campylopus	California			niels.klazenga@rbg.vic.gov.au	niels.klazenga@rbg.vic.gov.au	key-3066-campylopus.tsv
3067		"2013-12-21 20:23:19"	Ceratodon			Ceratodon	California			niels.klazenga@rbg.vic.gov.au	niels.klazenga@rbg.vic.gov.au	key-3067-ceratodon.tsv
3068		"2013-12-21 20:23:19"	Claopodium			Claopodium	California			niels.klazenga@rbg.vic.gov.au	niels.klazenga@rbg.vic.gov.au	key-3068-claopodium.tsv
3069		"2013-12-21 20:23:20"	Crossidium			Crossidium	California			niels.klazenga@rbg.vic.gov.au	niels.klazenga@rbg.vic.gov.au	key-3069-crossidium.tsv
3070		"2013-12-21 20:23:20"	Cynodontium			Cynodontium	California			niels.klazenga@rbg.vic.gov.au	niels.klazenga@rbg.vic.gov.au	key-3070-cynodontium.tsv
3071		"2013-12-21 20:23:20"	Dichelyma			Dichelyma	California			niels.klazenga@rbg.vic.gov.au	niels.klazenga@rbg.vic.gov.au	key-3071-dichelyma.tsv
3072		"2013-12-21 20:23:20"	Dichodontium			Dichodontium	California			niels.klazenga@rbg.vic.gov.au	niels.klazenga@rbg.vic.gov.au	key-3072-dichodontium.tsv
3073		"2013-12-21 20:23:20"	Dicranella			Dicranella	California			niels.klazenga@rbg.vic.gov.au	niels.klazenga@rbg.vic.gov.au	key-3073-dicranella.tsv
3074		"2013-12-21 20:23:21"	Dicranoweisia			Dicranoweisia	California			niels.klazenga@rbg.vic.gov.au	niels.klazenga@rbg.vic.gov.au	key-3074-dicranoweisia.tsv
3075		"2013-12-27 17:58:36"	Didymodon			Didymodon	California			niels.klazenga@rbg.vic.gov.au	niels.klazenga@rbg.vic.gov.au	key-3075-didymodon.tsv
3076		"2013-12-21 20:23:22"	Distichium			Distichium	California			niels.klazenga@rbg.vic.gov.au	niels.klazenga@rbg.vic.gov.au	key-3076-distichium.tsv
3077		"2013-12-21 20:23:22"	Ditrichum			Ditrichum	California			niels.klazenga@rbg.vic.gov.au	niels.klazenga@rbg.vic.gov.au	key-3077-ditrichum.tsv
3078		"2013-12-21 20:23:22"	Drepanocladus			Drepanocladus	California			niels.klazenga@rbg.vic.gov.au	niels.klazenga@rbg.vic.gov.au	key-3078-drepanocladus.tsv
3079		"2013-12-21 20:23:22"	Encalypta			Encalypta	California			niels.klazenga@rbg.vic.gov.au	niels.klazenga@rbg.vic.gov.au	key-3079-encalypta.tsv
3080		"2013-12-21 20:23:23"	Entosthodon			Entosthodon	California			niels.klazenga@rbg.vic.gov.au	niels.klazenga@rbg.vic.gov.au	key-3080-entosthodon.tsv
3081		"2013-12-21 20:23:23"	Eurhynchium			Eurhynchium	California			niels.klazenga@rbg.vic.gov.au	niels.klazenga@rbg.vic.gov.au	key-3081-eurhynchium.tsv
3082		"2013-12-21 20:23:23"	Fabronia			Fabronia	California			niels.klazenga@rbg.vic.gov.au	niels.klazenga@rbg.vic.gov.au	key-3082-fabronia.tsv
3083		"2013-12-21 20:23:23"	Fissidens			Fissidens	California			niels.klazenga@rbg.vic.gov.au	niels.klazenga@rbg.vic.gov.au	key-3083-fissidens.tsv
3084		"2013-12-21 20:23:23"	Fontinalis			Fontinalis	California			niels.klazenga@rbg.vic.gov.au	niels.klazenga@rbg.vic.gov.au	key-3084-fontinalis.tsv
3085		"2013-12-21 20:23:23"	Funaria			Funaria	California			niels.klazenga@rbg.vic.gov.au	niels.klazenga@rbg.vic.gov.au	key-3085-funaria.tsv
3086		"2013-12-21 20:23:31"	Grimmia			Grimmia	California			niels.klazenga@rbg.vic.gov.au	niels.klazenga@rbg.vic.gov.au	key-3086-grimmia.tsv
3087		"2013-12-21 20:23:31"	Gymnostomum			Gymnostomum	California			niels.klazenga@rbg.vic.gov.au	niels.klazenga@rbg.vic.gov.au	key-3087-gymnostomum.tsv
3088		"2013-12-21 20:23:31"	Hedwigia			Hedwigia	California			niels.klazenga@rbg.vic.gov.au	niels.klazenga@rbg.vic.gov.au	key-3088-hedwigia.tsv
3089		"2013-12-21 20:23:31"	Heterocladium			Heterocladium	California			niels.klazenga@rbg.vic.gov.au	niels.klazenga@rbg.vic.gov.au	key-3089-heterocladium.tsv
3090		"2013-12-21 20:23:32"	Homalothecium			Homalothecium	California			niels.klazenga@rbg.vic.gov.au	niels.klazenga@rbg.vic.gov.au	key-3090-homalothecium.tsv
3091		"2013-12-21 20:23:32"	Hookeria			Hookeria	California			niels.klazenga@rbg.vic.gov.au	niels.klazenga@rbg.vic.gov.au	key-3091-hookeria.tsv
3092		"2013-12-21 20:23:32"	Hygrohypnum			Hygrohypnum	California			niels.klazenga@rbg.vic.gov.au	niels.klazenga@rbg.vic.gov.au	key-3092-hygrohypnum.tsv
3093		"2013-12-21 20:23:33"	Hylocomium			Hylocomium	California			niels.klazenga@rbg.vic.gov.au	niels.klazenga@rbg.vic.gov.au	key-3093-hylocomium.tsv
3094		"2013-12-21 20:23:33"	Hypnum			Hypnum	California			niels.klazenga@rbg.vic.gov.au	niels.klazenga@rbg.vic.gov.au	key-3094-hypnum.tsv
3095		"2013-12-21 20:23:33"	Jaffueliobryum			Jaffueliobryum	California			niels.klazenga@rbg.vic.gov.au	niels.klazenga@rbg.vic.gov.au	key-3095-jaffueliobryum.tsv
3096		"2013-12-21 20:23:33"	Kiaeria			Kiaeria	California			niels.klazenga@rbg.vic.gov.au	niels.klazenga@rbg.vic.gov.au	key-3096-kiaeria.tsv
3097		"2013-12-21 20:23:33"	Kindbergia			Kindbergia	California			niels.klazenga@rbg.vic.gov.au	niels.klazenga@rbg.vic.gov.au	key-3097-kindbergia.tsv
3098		"2013-12-21 20:23:34"	Lescuraea			Lescuraea	California			niels.klazenga@rbg.vic.gov.au	niels.klazenga@rbg.vic.gov.au	key-3098-lescuraea.tsv
3099		"2013-12-21 20:23:34"	Meesia			Meesia	California			niels.klazenga@rbg.vic.gov.au	niels.klazenga@rbg.vic.gov.au	key-3099-meesia.tsv
3100		"2013-12-21 20:23:34"	Microbryum			Microbryum	California			niels.klazenga@rbg.vic.gov.au	niels.klazenga@rbg.vic.gov.au	key-3100-microbryum.tsv
3101		"2013-12-21 20:23:34"	Mielichhoferia			Mielichhoferia	California			niels.klazenga@rbg.vic.gov.au	niels.klazenga@rbg.vic.gov.au	key-3101-mielichhoferia.tsv
3102		"2013-12-21 20:23:34"	Mnium			Mnium	California			niels.klazenga@rbg.vic.gov.au	niels.klazenga@rbg.vic.gov.au	key-3102-mnium.tsv
3103		"2013-12-21 20:23:34"	Neckera			Neckera	California			niels.klazenga@rbg.vic.gov.au	niels.klazenga@rbg.vic.gov.au	key-3103-neckera.tsv
3104		"2013-12-21 20:23:35"	Orthotrichum			Orthotrichum	California			niels.klazenga@rbg.vic.gov.au	niels.klazenga@rbg.vic.gov.au	key-3104-orthotrichum.tsv
3105		"2013-12-21 20:23:35"	Palustriella			Palustriella	California			niels.klazenga@rbg.vic.gov.au	niels.klazenga@rbg.vic.gov.au	key-3105-palustriella.tsv
3106		"2013-12-21 20:23:36"	Philonotis			Philonotis	California			niels.klazenga@rbg.vic.gov.au	niels.klazenga@rbg.vic.gov.au	key-3106-philonotis.tsv
3107		"2013-12-21 20:23:36"	Physcomitrium			Physcomitrium	California			niels.klazenga@rbg.vic.gov.au	niels.klazenga@rbg.vic.gov.au	key-3107-physcomitrium.tsv
3108		"2013-12-21 20:23:36"	Plagiomnium			Plagiomnium	California			niels.klazenga@rbg.vic.gov.au	niels.klazenga@rbg.vic.gov.au	key-3108-plagiomnium.tsv
3109		"2013-12-21 20:23:36"	Plagiothecium			Plagiothecium	California			niels.klazenga@rbg.vic.gov.au	niels.klazenga@rbg.vic.gov.au	key-3109-plagiothecium.tsv
3110		"2013-12-21 20:23:37"	Pogonatum			Pogonatum	California			niels.klazenga@rbg.vic.gov.au	niels.klazenga@rbg.vic.gov.au	key-3110-pogonatum.tsv
3111		"2013-12-21 20:23:37"	Pohlia			Pohlia	California			niels.klazenga@rbg.vic.gov.au	niels.klazenga@rbg.vic.gov.au	key-3111-pohlia.tsv
3112		"2013-12-21 20:23:38"	Polytrichum			Polytrichum	California			niels.klazenga@rbg.vic.gov.au	niels.klazenga@rbg.vic.gov.au	key-3112-polytrichum.tsv
3113		"2013-12-21 20:23:38"	Pseudocrossidium			Pseudocrossidium	California			niels.klazenga@rbg.vic.gov.au	niels.klazenga@rbg.vic.gov.au	key-3113-pseudocrossidium.tsv
3114		"2013-12-21 20:23:38"	Pseudoleskeella			Pseudoleskeella	California			niels.klazenga@rbg.vic.gov.au	niels.klazenga@rbg.vic.gov.au	key-3114-pseudoleskeella.tsv
3115		"2013-12-21 20:23:38"	Pterygoneurum			Pterygoneurum	California			niels.klazenga@rbg.vic.gov.au	niels.klazenga@rbg.vic.gov.au	key-3115-pterygoneurum.tsv
3116		"2013-12-21 20:23:38"	Ptychomitrium			Ptychomitrium	California			niels.klazenga@rbg.vic.gov.au	niels.klazenga@rbg.vic.gov.au	key-3116-ptychomitrium.tsv
3117		"2013-12-21 20:23:39"	Racomitrium			Racomitrium	California			niels.klazenga@rbg.vic.gov.au	niels.klazenga@rbg.vic.gov.au	key-3117-racomitrium.tsv
3118		"2013-12-21 20:23:39"	Rhizomnium			Rhizomnium	California			niels.klazenga@rbg.vic.gov.au	niels.klazenga@rbg.vic.gov.au	key-3118-rhizomnium.tsv
3119		"2013-12-21 20:23:39"	Schistidium			Schistidium	California			niels.klazenga@rbg.vic.gov.au	niels.klazenga@rbg.vic.gov.au	key-3119-schistidium.tsv
3120		"2013-12-21 20:23:40"	Scleropodium			Scleropodium	California			niels.klazenga@rbg.vic.gov.au	niels.klazenga@rbg.vic.gov.au	key-3120-scleropodium.tsv
3121		"2013-12-21 20:23:40"	Scouleria			Scouleria	California			niels.klazenga@rbg.vic.gov.au	niels.klazenga@rbg.vic.gov.au	key-3121-scouleria.tsv
3122		"2013-12-21 20:23:40"	Seligeria			Seligeria	California			niels.klazenga@rbg.vic.gov.au	niels.klazenga@rbg.vic.gov.au	key-3122-seligeria.tsv
3123		"2013-12-21 20:23:42"	Sphagnum			Sphagnum	California			niels.klazenga@rbg.vic.gov.au	niels.klazenga@rbg.vic.gov.au	key-3123-sphagnum.tsv
3124		"2013-12-21 20:23:42"	Stegonia			Stegonia	California			niels.klazenga@rbg.vic.gov.au	niels.klazenga@rbg.vic.gov.au	key-3124-stegonia.tsv
3125		"2013-12-21 20:23:42"	Tayloria			Tayloria	California			niels.klazenga@rbg.vic.gov.au	niels.klazenga@rbg.vic.gov.au	key-3125-tayloria.tsv
3126		"2013-12-21 20:23:42"	Timmia			Timmia	California			niels.klazenga@rbg.vic.gov.au	niels.klazenga@rbg.vic.gov.au	key-3126-timmia.tsv
3127		"2013-12-21 20:23:42"	Timmiella			Timmiella	California			niels.klazenga@rbg.vic.gov.au	niels.klazenga@rbg.vic.gov.au	key-3127-timmiella.tsv
3128		"2013-12-21 20:23:43"	Tortella			Tortella	California			niels.klazenga@rbg.vic.gov.au	niels.klazenga@rbg.vic.gov.au	key-3128-tortella.tsv
3129		"2013-12-21 20:23:43"	Tortula			Tortula	California			niels.klazenga@rbg.vic.gov.au	niels.klazenga@rbg.vic.gov.au	key-3129-tortula.tsv
3130		"2013-12-21 20:23:43"	Ulota			Ulota	California			niels.klazenga@rbg.vic.gov.au	niels.klazenga@rbg.vic.gov.au	key-3130-ulota.tsv
3131		"2013-12-21 20:23:43"	Warnstorfia			Warnstorfia	California			niels.klazenga@rbg.vic.gov.au	niels.klazenga@rbg.vic.gov.au	key-3131-warnstorfia.tsv
3132		"2013-12-21 20:23:44"	Weissia			Weissia	California			niels.klazenga@rbg.vic.gov.au	niels.klazenga@rbg.vic.gov.au	key-3132-weissia.tsv
3133		"2013-12-21 20:23:44"	Zygodon			Zygodon	California			niels.klazenga@rbg.vic.gov.au	niels.klazenga@rbg.vic.gov.au	key-3133-zygodon.tsv
