from	statement	to
1	"Perianth crown a conspicuous tube"	2
1	"Perianth crown 0"	3
2	"Stamens free from, generally included in crown"	Narcissus
2	"Stamens fused to, exserted from crown"	"Pancratium:Pancratium maritimum"
3	"Flowers appearing after leaves withered; perianth parts +- pink, sometimes white or yellow basally; filaments >> anthers"	"Amaryllis:Amaryllis belladonna"
3	"Flowers appearing before leaves withered; perianth parts white, each with a green spot below thickened tip; filaments < anthers"	"Leucojum:Leucojum aestivum"
