from	statement	to
1	"Leaves simple; corolla white, fruit indehiscent, generally inflated"	"Genista monosperma"
1	"Leaves ternately 1-compound, simple on young stems; corolla yellow, fruit dehiscent, not inflated"	2
2	"Leaflet linear or narrow-oblong to -oblanceolate, length generally >= 5 × width, margins rolled under; banner silky-hairy"	"Genista linifolia"
2	"Leaflet oblanceolate to widely obovate, elliptic, or +- round, length generally < 5 × width, margins flat; banner glabrous except for +- V-shaped hairy area along midrib especially near tip or hairy only on midrib or glabrous"	3
3	"Leaflet 5--10(12) mm; banner glabrous except for +- V-shaped hairy area along midrib especially near tip"	"Genista canariensis"
3	"Leaflet generally 10--15 mm; banner hairy only on midrib or glabrous"	4
4	"Stipules 3--6 mm, persistent; twigs generally dull-yellow-brown-hairy; racemes terminal"	"Genista maderensis"
4	"Stipules < 2 mm, deciduous; twigs silvery-silky-hairy, at least in youth; racemes axillary"	"Genista monspessulana"
