from	statement	to	shortcut
1	"Hypanthium leathery, 2--5 cm, wall smooth; ovary inferior; sepals 5--9"	Punica	"Punica granatum"
1	"Hypanthium membranous, 2--8 mm, wall 4--12-ribbed; ovary superior; sepals 4--6"	2	
2	"Hypanthium cylindric, > 2 × longer than wide"	Lythrum	
2	"Hypanthium bell- to urn-shaped, < 2 × longer than wide"	3	
3	"Leaf with basal ear-like lobes; flowers in dense axillary cymes"	Ammannia	
3	"Leaf narrowly tapered to base; flowers 1 per axil on main shoots and on short axillary shoots"	4	
4	"Sepals, stamens generally 6; hypanthium broadly bell-shaped"	"Lythrum portula"	
4	"Sepals, stamens generally 4; hypanthium bell- to +- urn-shaped"	Rotala	
