from	statement	to
1	"Sepal pit margins lacking +- 1 mm silky hairs; plant erect, unbranched near ground; stipules +- 4--4.5(9) mm"	"Fremontodendron mexicanum"
1	"Sepal pit margins (and occasionally surface) with +- 1 mm silky hairs; plant erect, branched near ground, or decumbent; stipules +- 2 mm"	2
2	"Plant erect, taller than wide; flower (23)35--60(76) mm wide; sepals yellow, margins +- red or not"	"Fremontodendron californicum"
2	"Plant decumbent, much wider than tall; flower 30--50 mm wide; sepals orange, coppery, or +- red"	"Fremontodendron decumbens"
