from	statement	to
1	"Perennial herb"	2
1	"Annual (rarely perennial herb in <i>Claytonia rubra</i> subsp. <i>rubra</i>)"	8
2	"Plant from thick, taprooted caudex or spheric tuberous root"	3
2	"Plant from rhizomes, caudex generally 0 or short, taproot 0 or slender"	5
3	"Basal leaves many, from caudex; cauline leaves linear to narrowly oblanceolate; alpine; n&c SNH, Wrn"	"Claytonia megarhiza"
3	"Basal leaves 0 to few, from oblong to spheric tuberous root; cauline leaves +- linear to ovate or widely elliptic; montane to alpine; widespread, not include SNH, including Wrn"	4
4	"Cauline leaves generally +- sessile, +- linear to ovate"	"Claytonia lanceolata"
4	"Cauline leaves petioled, widely elliptic"	"Claytonia umbellata"
5	"Rhizome short, not branched, without bulb-like winter buds; petals +- = to >> sepals"	"Claytonia sibirica"
5	"Rhizome long, generally branched, often with bulb-like winter buds; petals >> sepals"	6
6	"Plant < 15 cm; rhizomes fleshy, pale, bulb-like buds 0; bract 1, below lowest flower; petals +- pink"	"Claytonia nevadensis"
6	"Plant 15--60 cm; rhizomes slender, often +- brown, bulb-like buds at nodes; bracts 0 or 1 below each flower; petals generally white"	7
7	"Bracts 0; basal leaf blade widely ovate, base truncate to cordate, petiole distinct, linear; cauline leaves widely ovate, sessile"	"Claytonia cordifolia"
7	"Bracts 1 below each flower; basal leaf blade narrowly elliptic to oblanceolate, base tapered, petiole +- indistinct, linear; cauline leaves oblanceolate to widely elliptic, sessile or tapered to winged petiole"	"Claytonia palustris"
8	"Bracts 1 per 1--4 flowers; petals 4--12 mm; leaf blades oblanceolate to ovate, if +- linear, some leaf bases bulb-like"	9
8	"Bract generally 1, below lowest flower; petals 1--8 mm; leaf blades linear elliptic, oblanceolate, diamond-shaped, deltate, or reniform, leaf bases not bulb-like"	10
9	"Flowers generally 1--2 per bract; cauline leaves lanceolate to ovate, free; petals 6--12 mm; stigmas maturing after anthers (cross-pollinated); NW, CaRH, SnFrB"	"Claytonia sibirica"
9	"Flowers often 2--4 per bract; cauline leaves widely ovate to +- round, free or fused < 5 mm on 1 side; petals 4--5 mm; stigmas maturing +- with anthers (self-pollinated); NCo"	"Claytonia washingtoniana"
10	"Seeds dull black, +- tubercled, appendage +- brown, fleshy or shrunken, filling notch or not"	11
10	"Seeds shiny black, smooth, appendage white, fleshy, filling notch or +- exserted from it"	14
11	"Basal leaves +- prostrate; plant cushion-shaped, < 6 cm wide, generally not glaucous; cauline leaves ovate, free; petals 5--8 mm, +- pink; seed appendage filling notch"	"Claytonia saxosa"
11	"Basal leaves decumbent to erect; plant open or tufted, often > 6 cm wide, generally glaucous; cauline leaves linear if free; petals 1--8 mm, pink or white; seed appendage not filling notch"	12
12	"Petals 5--8 mm; stigmas maturing after anthers (cross-pollinated); inflorescence 3--30-flowered, long-stalked above cauline leaves"	"Claytonia gypsophiloides"
12	"Petals 2--5 mm; stigmas maturing +- with anthers (self-pollinated); inflorescence 3--15-flowered, sessile to long-stalked above cauline leaves"	13
13	"Cauline leaves free or +- fused on 1 side; petals 2--5 mm"	"Claytonia exigua subsp. exigua"
13	"Cauline leaves fused into +- disk; petals +- 2 mm"	"Claytonia exigua subsp. glauca"
14	"Basal leaf blades > 3 × longer than wide, base tapered gradually to petiole; petals 1--6 mm"	15
14	"Basal leaf blades < 3 × longer than wide, base cordate to tapered abruptly to petiole; petals generally < 5 mm"	18
15	"Petals 4--6 mm; stigmas maturing after anthers (cross-pollinated); cauline leaves fused into +- disk (or +- fused on 1 side) --- SNF, Teh"	"Claytonia parviflora subsp. grandiflora"
15	"Petals < 4(6) mm; stigmas maturing +- with anthers (self-pollinated); cauline leaves fused into +- disk or free (or +- fused on 1 side)"	16
16	"Cauline leaves free (or +- fused on 1 side)"	"Claytonia parviflora subsp. viridis"
16	"Cauline leaves fused into +- disk"	17
17	"Basal leaves linear; vernally moist, often disturbed sites"	"Claytonia parviflora subsp. parviflora"
17	"Basal leaves elliptic; rock crevices, alluvial fans, boulder fields"	"Claytonia parviflora subsp. utahensis"
18	"Basal leaves generally many, prostrate to spreading, smaller inward; cauline fused or +- free on 1 side; petals 2--3.5 mm"	19
18	"Basal leaves few to many, spreading to erect, +- equal; cauline leaves fused; petals 2--6 mm"	20
19	"Basal leaves elliptic to obovate, base wedge-shaped; petioles but not whole plant often red"	"Claytonia rubra subsp. depressa"
19	"Basal leaves diamond-shaped to deltate, base +- truncate; petioles or whole plant often red"	"Claytonia rubra subsp. rubra"
20	"Basal leaf tips mucronate; cauline leaf disk angles generally short-pointed"	"Claytonia perfoliata subsp. mexicana"
20	"Basal leaf tips obtuse to acute; cauline leaf disk angles generally 0 or +- obtuse"	21
21	"Basal leaves elliptic to round-deltate (diamond-shaped); shrubland, woodland, rock crevices, alluvial fans, boulder fields"	"Claytonia perfoliata subsp. intermontana"
21	"Basal leaf blades elliptic to deltate; vernally moist, often shady or disturbed sites"	"Claytonia perfoliata subsp. perfoliata"
