from	statement	to
1	"Tree, > 9 m, not forming thickets"	2
1	"Shrub, < 9 m, forming thickets"	4
2	"Leaf blade adaxially shiny, base cordate to truncate"	"Alnus cordata"
2	"Leaf blade adaxially dull, base rounded to tapered"	3
3	"Leaf margin generally serrate, not tightly rolled under"	"Alnus rhombifolia"
3	"Leaf margin doubly serrate, tightly rolled under"	"Alnus rubra"
4	"Lateral buds stalked, scales 0; pedicels < cone-like catkins; leaf thick, margin doubly serrate to crenate, teeth pointed, blunt, or rounded"	"Alnus incana subsp. tenuifolia"
4	"Lateral buds sessile, scales present; pedicels > cone-like catkins; leaf thin to firm, margin serrate, teeth pointed"	5
5	"Blade firm, adaxially dark green, margins generally densely serrate; coastal, 0--500 m"	"Alnus viridis subsp. fruticosa"
5	"Blade thin, adaxially yellow-green, margins coarsely doubly serrate; montane, 1000--2700 m"	"Alnus viridis subsp. sinuata"
