from	statement	to
1	"Leaf tip notched, blunt, rounded, rarely with abrupt, short point; stipule sheaths on proximal stems often inflated, others not; fruit beak inconspicuous"	"Stuckenia filiformis subsp. alpina"
1	"Leaf tip acute or with abrupt, short to long point, rarely rounded; stipule sheaths not inflated; fruit beak conspicuous"	2
2	"Leaves 0.2--1 mm wide, tip acute or with abrupt, short to medium-long point; inflorescence axillary or terminal; fruit 2.5--5 mm"	"Stuckenia pectinata"
2	"Leaves (0.4)1.5--5(8.5) mm wide, tip with abrupt, medium-long to long point, rarely rounded; inflorescence axillary, rarely terminal; fruit 3--3.9 mm"	"Stuckenia striata"
