from	statement	to
1	"Corolla generally white, with dark or purple lines or spots or not; banner < 10 or 10--15 mm"	2
1	"Corolla pale or golden yellow; banner generally > 10--25 mm"	3
2	"Banner < 10 mm; leaflets < 10 mm"	"Cytisus multiflorus"
2	"Banner 10--15 mm; leaflets 10--30 mm"	"Cytisus proliferus"
3	"Calyx glabrous; fruit flat, glabrous except margin; branches generally 5-angled"	"Cytisus scoparius"
3	"Calyx appressed-hairy; fruit +- inflated, densely white-hairy; branches generally 8--10-angled"	"Cytisus striatus"
