from	statement	to
1	"One or both glumes >= lowest floret, sometimes enclosing all of them"	2
1	"Lower glume < lowest floret, never enclosing 2 or more florets"	14
2	"Spikelet length +- = width; glumes, lemma papery to translucent, inflated, at right angles to spikelet axis"	Briza
2	"Spikelet longer than wide; glumes, lemma not papery to translucent, nor at right angles to axis"	3
3	"Glumes of 2 kinds, lower linear to lanceolate, upper 3--4× wider than lower when spread flat; spikelet axis breaking below glumes"	"Sphenopholis:Sphenopholis obtusata"
3	"Glumes similar in shape, equal in length or not; spikelets breaking above glumes and between florets (except <i>Trisetum</i>)"	4
4	"Lemma awnless"	5
4	"Lemma awned"	8
5	"Spikelet axis extended beyond bisexual florets as a slender, hairy bristle, sometimes with a reduced floret at its tip"	6
5	"Spikelet axis not extended beyond bisexual florets"	7
6	"Spikelets shiny; glume keels minutely ciliate; axis internodes < 1 mm"	Koeleria
6	"Spikelets not shiny; glume keels not ciliate; axis internodes 1.5--2 mm"	Trisetum
7	"Perennial herb; palea veins swollen at base; spikelets 7--15 mm"	"Danthonia decumbens"
7	"Annual; palea veins not swollen at base; spikelets 4.5--7 mm"	Schismus
8	"Spikelets 15--50 mm"	Avena
8	"Spikelets < 15(20) mm"	9
9	"Lemma awned at or below middle"	10
9	"Lemma awned at or near tip or between 2 teeth"	12
10	"Annual; lemma tip 2-lobed; spikelet axis not extended beyond upper floret"	Aira
10	"Perennial herb (except <i>Deschampsia danthonioides</i>); lemma tip 2--4 toothed at truncate tip; spikelet axis generally extended beyond upper floret"	11
11	"Leaves generally basal, blades 1--3 mm wide; spikelet axis >= 0.75 mm beyond upper floret, generally densely hairy"	Deschampsia
11	"Leaves generally cauline, blades 3--7 mm wide; spikelet axis inconspicuous beyond upper floret, +- 0.5 mm, generally glabrous"	"Vahlodea:Vahlodea atropurpurea"
12	"Spikelet axis clearly hairy"	Trisetum
12	"Spikelet axis +- glabrous"	13
13	"Lemma hairy, hairs in 1+ transverse rows"	Rytidosperma
13	"Lemma glabrous or if hairy, hairs on margins or evenly distributed"	Danthonia
14	"Lemma awnless"	15
14	"Lemma awned"	22
15	"Lemma veins +- prominent, equally-spaced, parallel"	16
15	"Lemma veins not especially prominent, converging at tip"	18
16	"Upper glume 1-veined; leaf sheath closed to near top"	Glyceria
16	"Upper glume 3-veined; leaf sheath open"	17
17	"Rhizomes 0; lemma faintly 5-veined; plants of saline or alkaline soils"	Puccinellia
17	"Rhizomes present; lemma distinctly 7--9-veined; plants of freshwater sites"	Torreyochloa
18	"Leaf tips prow-shaped; callus and/or lemma base generally cobwebby-hairy"	Poa
18	"Leaf tips flat; callus or lemma base glabrous to scabrous"	19
19	"Spikelet axis segments thickened, falling with florets; lemma +- round in ×-section"	"Desmazeria:Desmazeria rigida"
19	"Spikelet axis segments not thickened, not falling with florets; lemma flattened"	20
20	"Lower glume broadly translucent distally and along margins; uppermost florets vestigial, densely clustered, sometimes appearing as a club-shaped rudiment; leaf sheaths closed"	Melica
20	"Lower glume generally membranous or narrowly translucent near tip or margins only; uppermost florets, if vestigial, not densely clustered, club-shaped rudiment 0; leaf sheaths open or closed"	21
21	"Leaf sheath closed to near top; lemma tip 2-toothed; spikelets generally 15--70 mm"	Bromus
21	"Leaf sheath open for at least 1/2 its length; lemma tip tapering to a point; spikelets generally 3.5--12(18) mm"	Festuca
22	"Inflorescence often dense, cylindric, spike-like, or more open in full flower; spikelets shiny, palea colorless"	Koeleria
22	"Inflorescence branching evident; spikelets not especially shiny; palea brown or green, at least along veins"	23
23	"Spikelets in dense, 1-sided clumps on distal portions of panicle branches; lemma keels stiff-ciliate"	"Dactylis:Dactylis glomerata"
23	"Spikelets not densely clumped at ends of panicle branches; lemma keels not stiff-ciliate"	24
24	"Lower glume broadly translucent distally and along margins; uppermost florets vestigial, densely clustered, sometimes appearing as a club-shaped rudiment; leaf sheaths closed"	Melica
24	"Lower glume generally membranous or narrowly translucent near tip or margins only; uppermost florets, if vestigial, not densely clustered, club-shaped rudiment 0; leaf sheaths open or closed"	25
25	"Spikelet axis hairy, extended beyond upper florets; upper glume >= lowest floret"	Trisetum
25	"Spikelet axis generally glabrous, not extended beyond upper florets; upper glume < lowest floret"	26
26	"Leaf sheath closed; spikelet generally 1+ cm; lemma tip 2-toothed; ovary tip hairy"	Bromus
26	"Leaf sheath open for at least 1/2 its length (except in <i>Festuca rubra</i>); spikelet generally < 1 cm; lemma tip entire; ovary tip glabrous"	Festuca
