from	statement	to
1	"Leaf blade widely triangular, base cordate and +- hastate, margin entire to coarsely dentate"	2
1	"Leaf blade lanceolate to elliptic or ovate, base generally not cordate or hastate, margin coarsely toothed to deeply divided"	3
2	"Leaf generally scabrous to thinly stiff-hairy; phyllaries glandular and loosely long-soft-hairy"	"Balsamorhiza deltoidea"
2	"Leaf densely canescent-tomentose, at least when young; phyllary bases permanently tomentose"	"Balsamorhiza sagittata"
3	"Leaf blade coarsely serrate but generally not deeply lobed"	"Balsamorhiza serrata"
3	"Leaf blade generally deeply pinnately lobed to divided"	4
4	"Stem densely glandular-puberulent (and generally also sparsely long-hairy)"	"Balsamorhiza hirsuta"
4	"Stem strigose to densely hairy (sometimes also gland-dotted), sometimes becoming +- glabrous"	5
5	"Outer phyllaries lanceolate, 2--4 mm wide, acuminate; herbage densely +- white-tomentose"	"Balsamorhiza lanata"
5	"Outer phyllaries lance-ovate to widely ovate, 4--10 mm wide, obtuse to acute; herbage finely strigose to silky or bristly, green to densely silvery-canescent"	6
6	"Outer phyllaries 20--40 mm, >> disk; leaves thinly strigose, green or lightly silvery-canescent"	"Balsamorhiza macrolepis"
6	"Outer phyllaries 12--24 mm, generally = or slightly > disk; leaves generally densely strigose, lightly canescent to silvery"	7
7	"Leaf +- gray-green (generally not silvery), lobes generally again divided; e CaR, n SNH, MP"	"Balsamorhiza hookeri"
7	"Leaf silvery, lobes generally entire; e KR"	"Balsamorhiza sericea"
