from	statement	to
1	"Leaf generally serrate to crenate over much of margin"	2
1	"Leaf generally entire or with a few well separated low or rounded teeth toward tip"	4
2	"Leaf tip obtuse or +- notched, oblong-obovate to obovate; pedicels glabrous or sparsely hairy in flower; stones +- black"	"Pyracantha fortuneana"
2	"Leaf tip generally acute, generally oblong-elliptic to lanceolate, elliptic, or ovate (rarely oblanceolate in some <i>Pyracantha coccinea</i>); pedicels generally hairy in flower; stones brown"	3
3	"Hypanthium hairy in flower; new growth gray-hairy; leaves on vigorous shoots generally elliptic"	"Pyracantha coccinea"
3	"Hypanthium glabrous in flower; new growth rusty-hairy; leaves on vigorous shoots narrow-oblong-elliptic"	"Pyracantha crenulata"
4	"Sepals in fruit, young leaves densely gray-hairy abaxially; leaves generally narrowly oblong to +- oblanceolate"	"Pyracantha angustifolia"
4	"Sepals in fruit, young leaves +- glabrous or +- rusty- or yellow-brown-hairy abaxially; leaves narrowly oblanceolate to elliptic"	5
5	"Leaves generally widest near middle, tips generally obtuse or abruptly soft-pointed; petals generally ovate, 4--5 mm"	"Pyracantha atalantioides"
5	"Leaves generally widest above middle, tips generally truncate or +- notched; petals generally round or widely elliptic, 3--4 mm"	"Pyracantha koidzumii"
