from	statement	to
1	"Lf-bundle sheath deciduous or mostly so; seed cone scale tip generally without prickle"	2
1	"Lf-bundle sheath persistent; seed cone scale tip with prickle, at least when immature (sometimes 0 at maturity)"	11
2	"Leaves generally < 5 per bundle"	3
2	"Leaves 5 per bundle"	5
3	"Leaves (3)4(5) per bundle"	"Pinus quadrifolia"
3	"Leaves generally 1--2 per bundle"	4
4	"Leaves generally 2 per bundle"	"Pinus edulis"
4	"Leaves generally 1 per bundle"	"Pinus monophylla"
5	"Seed cone generally closed, generally torn apart by animals, generally not on ground intact; seed wings persistent on scale"	"Pinus albicaulis"
5	"Seed cone opening and releasing seeds, not torn apart by animals, generally on ground intact (except for released seeds); seed wings persistent on scale or not"	6
6	"Seed cone scale thinnest at tip, without prickle"	7
6	"Seed cone scale thickest at tip, with prickle"	9
7	"Seed cone stalk < 2 cm; seed wings narrow, generally persistent on scale"	"Pinus flexilis"
7	"Seed cone stalk > 2 cm; seed wings wide, deciduous from scale"	8
8	"Seed cone 20--60 cm; mature bark dark purple-brown"	"Pinus lambertiana"
8	"Seed cone 9--25 cm; mature bark dark gray to red-brown"	"Pinus monticola"
9	"Scale knob tip prickle 1--6 mm; trunks often many"	"Pinus longaeva"
9	"Scale knob tip prickle <= 1 mm; trunks generally 1"	10
10	"Leaf +- yellow-green; bark red-brown, in +- square plates; s SNH"	"Pinus balfouriana subsp. austrina"
10	"Leaf +- blue-green; bark gray-brown, in +- narrow ridges; KR, NCoRH"	"Pinus balfouriana subsp. balfouriana"
11	"Leaves 2 per bundle"	12
11	"Leaves 3 or 5 per bundle (2--5 in <i>Pinus ponderosa</i>)"	15
12	"Seed cone 5--9.7 cm; leaf generally 5--15 cm"	"Pinus muricata"
12	"Seed cone 2--6 cm; leaf 2.5--8.6 cm"	13
13	"Seed cone generally not opening, asymmetric"	"Pinus contorta subsp. bolanderi"
13	"Seed cone opening, asymmetric or +- symmetric"	14
14	"Seed cone on stem many years after opening"	"Pinus contorta subsp. contorta"
14	"Seed cone deciduous soon after opening"	"Pinus contorta subsp. murrayana"
15	"Leaves 5 per bundle, often 3 in young trees"	16
15	"Leaves 3 per bundle (rarely 2 in <i>Pinus ponderosa</i>)"	17
16	"Crown +- closed, generally wider than long, most open seed cones with combined length and width > 27 cm, width > length; light colored scale tips generally prominent; n ChI (Santa Rosa Island)"	"Pinus torreyana subsp. insularis"
16	"Crown +- open, generally longer than wide, most open seed cones with combined length and width < 27 cm, width <= length; light colored scale tips generally not prominent; s SCo (mostly Torrey Pines State Reserve)"	"Pinus torreyana subsp. torreyana"
17	"Proximal seed cone scale tips recurved, elongated 1.5--7 cm"	18
17	"Proximal seed cone scale tips rarely recurved, then elongated < 3 cm"	19
18	"Seed cone +- yellow; seed < wing; leaf rigid, not drooping"	"Pinus coulteri"
18	"Seed cone +- brown; seed > wing; leaf flexible, generally drooping"	"Pinus sabiniana"
19	"Seed cones on stems many years"	20
19	"Seed cones deciduous except stalks, proximal scales persistent"	21
20	"Seed cone scale tips, except distal, with knob angled, > 2 cm"	"Pinus attenuata"
20	"Seed cone scale tips, except distal, with knob rounded, < 2 cm"	"Pinus radiata"
21	"Bark crevices with definite odor of vanilla/banana, especially on warm days; scales of open seed cone +- crowded, generally not darker abaxially than adaxially; leaf gray-blue-green, glaucous; bark outer scales with +- pink inner surfaces; vegetative buds not resinous; seed cone generally 13--25 cm, scales each with a generally incurved prickle, bracts with white fringing hairs"	"Pinus jeffreyi"
21	"Bark crevices generally lacking odor of vanilla/banana; scales of open seed cone well separated to very crowded, generally darker abaxially than adaxially; leaf gray-green, shiny deep green, or light green; bark outer scales with +- yellow inner surfaces; vegetative buds resinous; seed cone 7--15(18) cm, scales each with a straight or outcurved prickle, bracts with light brown fringing hairs"	22
22	"Mature bark light to medium yellow-brown; maturing closed cones green; open mature cones generally 8--18 cm, scales abaxially black"	"Pinus ponderosa var. pacifica"
22	"Mature bark generally medium to dark red- or yellow-brown; maturing closed cones +- green to dark purple; open mature cones 6--12(15) cm, scales abaxially brown with black striations or black"	23
23	"Immature seed cones green-brown to dark purple; mature open cones ovate to +- conic, 7--12(15) cm, scales abaxially generally black, occasionally brown with black striations; CaRH, n SNH, MP"	"Pinus ponderosa var. ponderosa"
23	"Immature seed cones dark red-purple; mature open cones ovate or generally conic, generally 6--11 cm, scales abaxially generally brown with black striations, occasionally black; CaRH, n SNH, Wrn"	"Pinus ponderosa var. washoensis"
