from	statement	to
1	Annual	2
1	"Perennial herb --- rhizomes or stolons sometimes present"	4
2	"Spikelets 1--4 per inflorescence branch; branch axis prolonged beyond terminal spikelet node generally > 5 mm; inflorescence branches deciduous in fruit, spikelets falling with branch"	"Bouteloua aristidoides var. aristidoides"
2	"Spikelets > 6 per inflorescence branch; branch axis terminated by spikelet; inflorescence branches persistent, spikelet axis breaking between glumes and lower floret"	3
3	"Tip of lower floret lemma 2-lobed, central awn from sinus; base of middle or, if only 2 florets, upper floret hairy-tufted"	"Bouteloua barbata var. barbata"
3	"Tip of lower floret lemma tapered to central awn; base of upper floret glabrous"	"Bouteloua trifida"
4	"Inflorescence branches 13--60, deciduous in fruit, spikelets falling with branch"	"Bouteloua curtipendula"
4	"Inflorescence branches < 8, persistent in fruit, spikelet axis breaking between glumes and lower floret"	5
5	"Lower stem internodes hairy; inflorescence branch axis slightly prolonged beyond terminal spikelet node"	"Bouteloua eriopoda"
5	"Lower stem internodes glabrous or minutely scabrous; inflorescence branch axis terminated by fertile or vestigial spikelet"	6
6	"Base of middle or, if only 2 florets, upper floret hairy-tufted; tip of lower floret lemma 2-lobed, central awn from sinus"	"Bouteloua gracilis"
6	"Base of upper floret glabrous; tip of lower floret lemma tapered to central awn"	"Bouteloua trifida"
