from	statement	to
1	"Inflorescence < to +- > leaves; style +- coiled; leaf blade linear to narrowly lanceolate, base tapered; pedicels generally recurved to spreading"	"Alisma gramineum"
1	"Inflorescence generally >> leaves; style +- erect, tip recurved; leaf blade generally lanceolate to ovate, base tapered or truncate to +- lobed; pedicels generally ascending to erect"	2
2	"Petals pink; leaf blade generally lanceolate, base tapered; fruit lateral walls generally thin, translucent"	"Alisma lanceolatum"
2	"Petals white; leaf blade lanceolate to ovate, base truncate to +- lobed; fruit lateral walls thick, opaque"	"Alisma triviale"
