from	statement	to
1	"Leaves evergreen, leathery, veins not prominent abaxially; pedicel jointed to flower; filaments +- hairy"	2
1	"Leaves deciduous (rarely evergreen in young plants of <i>Vaccinium parvifolium</i>), thin or +- thick, veins generally prominent abaxially; pedicel not jointed to flower; filaments glabrous"	3
2	"Plant < 1.5 dm, branches slender; leaf generally 7--17 mm, +- entire; corolla lobes >> tube, reflexed when anthers open"	"Vaccinium macrocarpon"
2	"Plant 5--30 dm, branches stout; leaf 20--50 mm, serrate; corolla lobes < tube, erect to spreading when anthers open"	"Vaccinium ovatum"
3	"Leaf entire; calyx lobes generally > tube, persistent; twigs not angled, not green; flowers 1--4 on leafless older shoots"	"Vaccinium uliginosum subsp. occidentale"
3	"Leaf serrate or minutely so (but see <i>Vaccinium parvifolium</i>); calyx lobes +- 0 or generally < tube, deciduous; twigs angled or not, green or not; flowers often 1 in axils of lowest leaves of youngest shoots"	4
4	"Twigs strongly angled, green; fruit red (or dark purple when dry)"	5
4	"Twigs not or weakly angled, +- green or yellow-green but not green; fruit not red (rarely dark red in <i>Vaccinium membranaceum</i>)"	6
5	"Plant erect shrub, 10--40 dm, generally not rhizomed; leaf entire to serrate or with only deciduous, sharp point at tip, abaxially (especially midvein) puberulent"	"Vaccinium parvifolium"
5	"Plant brushy shrub, < 5 dm, rhizomed; leaf serrate, abaxially glabrous"	"Vaccinium scoparium"
6	"Plant generally 5--15 dm; twigs weakly angled; leaf generally ovate to elliptic or obovate, 2--5 cm, thin, membranous, base often rounded to truncate, tip acute"	"Vaccinium membranaceum"
6	"Plant generally < 5 dm; twigs not or weakly angled; leaf generally oblong or elliptic to obovate or oblanceolate, rarely elliptic, generally 1--3.5 cm, generally thin but not membranous, base tapered, tip seldom acute"	7
7	"Youngest twigs generally puberulent or glandular; leaf not glaucous, generally oblong or obovate to elliptic; corolla narrowly urn-shaped; fruit < 9 mm wide"	"Vaccinium cespitosum"
7	"Youngest twigs generally glabrous, glaucous; leaf glaucous, obovate to oblanceolate (elliptic); corolla +- spheric; fruit > 9 mm wide"	"Vaccinium deliciosum"
