from	statement	to
1	"Inflorescence raceme-like; filaments white, +- from base of perianth tube; leaf tip-spine 4--20 cm"	2
1	"Inflorescence panicle-like; filaments yellow, from middle of perianth tube or above; leaf tip-spine 2--4 cm"	3
2	"Leaf tip-spine ivory-white, 10--20 cm"	"Agave utahensis var. eborispina"
2	"Leaf tip-spine brown to +- white, 4--8.5 cm"	"Agave utahensis var. nevadensis"
3	"Leaf narrow-ovate; perianth 6--10 cm, lobes 17--40 mm; fruit 5.5--7 cm; s SCo (sw San Diego Co.)"	"Agave shawii var. shawii"
3	"Leaf lance-linear to lanceolate; perianth 3--6 cm, lobes 13--20 mm; fruit 3--6 cm; DMtns (San Bernardino Co.), DSon"	4
4	"Perianth tube 3--5 mm, bell-shaped; filaments +- from top of perianth tube; rosettes many; DSon"	"Agave deserti var. deserti"
4	"Perianth tube (3)5--10 mm, funnel-shaped; filaments from above middle of perianth tube; rosette 1; DMtns (San Bernardino Co.)"	"Agave deserti var. simplex"
