from	statement	to
1	"Perennial herb from long rhizomes; fruit +- compressed, 3--4-angled, 2-ribbed between angles"	2
1	"Annual from taproots; fruit weakly to strongly flattened"	3
2	"Peduncles and phyllaries stalked-glandular"	"Sonchus arvensis subsp. arvensis"
2	"Peduncles and phyllaries generally sessile-glandular, rarely tomentose"	"Sonchus arvensis subsp. uliginosus"
3	"Stem slender; leaves deeply lobed, lobes toothed and often with smaller 2° lobes; fruit only slightly flattened, transversely roughened; ligule > corolla tube; uncommon"	"Sonchus tenerrimus"
3	"Stem stout; leaves toothed or with wide lobes; fruit flat, with thin edges, smooth or cross-roughened; ligule <= corolla tube; widespread and common"	4
4	"Proximal (clasping) lobes of leaves rounded, strongly curved to coiled; fruit 3-ribbed per side, otherwise smooth; ligule < corolla tube"	"Sonchus asper subsp. asper"
4	"Proximal (clasping) lobes of leaves acute; fruit 2--4-ribbed and cross-wrinkled; ligule +- = corolla tube"	"Sonchus oleraceus"
