from	statement	to
1	"Plants rhizomed (loosely cespitose)"	2
1	"Plants cespitose to loosely so"	7
2	"Inflorescence ovoid to oblong, open to dense; lowest spikelets generally obvious at arm's length"	3
2	"Inflorescence spheric to ovoid, dense; lowest spikelets not obvious at arm's length"	5
3	"Inflorescence 3--4 mm wide; lateral spikelets with 1--3 peri"	"Carex disperma"
3	"Inflorescence > 5 mm wide; lateral spikelets with > 3 peri"	4
4	"Peri bulging, marginal veins occasionally not visible abaxially; pistillate flower bracts often with awns > 1 mm, the bracts covering peri"	"Carex tumulicola"
4	"Peri not bulging, marginal veins visible abaxially; pistillate flower bracts with awns 0 or < 1 mm, the bracts < or > peri, covering peri or not"	"Group 7, couplet 12"
5	"Spikelets generally pistillate"	"Group 7, couplet 12"
5	"Spikelets staminate/pistillate"	6
6	"Leaves inrolled, +- = stem, 0.5--1.5 mm wide; stem curved; peri +- not inflated, > pistillate flower bracts, beak indistinct, 0.4--0.9 mm; anthers 0.9--1.4 mm"	"Carex incurviformis"
6	"Leaves flat, < stem, (1.5)2--3.5(4) mm wide; stem straight; peri not inflated, +- = pistillate flower bracts, beak distinct, 0.9--1.5 mm; anthers 1.5--2.8 mm"	"Carex vernacula"
7	"Inflorescence branched, lower nodes or branches generally with > 1 spikelet; spikelets often > 10"	8
7	"Inflorescence not branched, lower nodes with 1 spikelet; spikelets generally < 10"	16
8	"Leaf sheath faces red-dotted"	9
8	"Leaf sheath faces white, not red-dotted"	13
9	"Peri pale to medium brown"	10
9	"Peri dark brown to black"	11
10	"Peri, beak, pistillate flower bract dull yellow-brown to medium- or red-brown; pistillate flower bract awns 0.5--2 mm; peri adaxial veins 0--5, abaxial 3--7; inflorescence often continuous, obvious bracts generally 0--few; flowering stems generally longer than leaves"	"Carex densa"
10	"Peri, beak, pistillate flower bract dull yellow-green to pale gray-brown; pistillate flower bract awns to 3 mm; peri adaxial veins 0, abaxial 0--3; inflorescence often interrupted, obvious bracts often > few; flowering stems generally < leaves"	"Carex vulpinoidea"
11	"Leaf sheath faces widely dark or coppery at top"	"Carex cusickii"
11	"Leaf sheaths faces pale, not dark or coppery at top (narrowly copper-margined)"	12
12	"Peri 3--4.5 mm, 1.4--2.1 mm wide, beak 1--1.5 mm fruit 1--1.3 mm wide"	"Carex alma"
12	"Peri 2--2.9 mm, 0.9--1.4 mm wide, beak 0.9--1.1 mm; fruit 0.7--1 mm wide"	"Carex diandra"
13	"Peri widest near base, gradually narrowed to indistinct beak, length > 2 × width; sheath faces generally cross-wrinkled"	14
13	"Peri generally widest near middle, +- abruptly narrowed to distinct beak, length generally < 2 × width; sheath faces cross-wrinkled or not"	15
14	"Stem not winged, mid-stem generally <= 1.5 mm wide, not easily compressed between fingers; lower inflorescence branches < 1 cm"	"Carex neurophora"
14	"Stem wide-3-winged, mid-stem generally 2.5--7 mm wide, easily compressed between fingers; lower inflorescence branches generally 1--3+ cm"	"Carex stipata var. stipata"
15	"Inflorescence open, lowest internode generally 2+ × lowest spikelet"	"Carex divulsa subsp. divulsa"
15	"Inflorescence dense, lowest internode < lowest spikelet (see couplet 12)"	"Carex Group 9, couplet 12"
16	"Peri widest near base, gradually narrowed to indistinct beak"	17
16	"Peri widest near middle, often abruptly narrowed to distinct beak"	21
17	"Peri beak pale or green; introduced weeds at low elevations"	18
17	"Peri beak dark brown; native, often montane"	19
18	"Spikelets densely clustered, indistinct at arm's length; inflorescence ovate; peri ovate"	"Carex leavenworthii"
18	"Spikelets loosely clustered, at least lowest spikelets distinct at arm's length; inflorescence narrow-oblong; peri lanceolate"	"Carex texensis"
19	"Leaf sheath front generally cross-wrinkled; peri beak serrate at least on 1 side"	"Carex neurophora"
19	"Leaf sheath front not cross-wrinkled; peri beak entire"	20
20	"Peri adaxial veins 5--7; lower leaves generally overlapped and hiding sheaths; sheath mouth without thick rim"	"Carex jonesii"
20	"Peri adaxial veins 7--12; lower leaves generally not overlapped and hiding sheaths; sheath mouth generally with thick rim"	"Carex nervina"
21	"Peri pale green or light brown; peri > pistillate flower bracts, easily visible"	22
21	"Peri center brown or copper, margins generally contrasting pale or green; peri >= pistillate flower bracts, often obscured"	23
22	"Inflorescence lowest internode generally 2+ × lowest spikelet"	"Carex divulsa subsp. divulsa"
22	"Inflorescence lowest internode <= lowest spikelet"	"Carex vallicola"
23	"Inflorescence ovoid or spheric, 0.8--2 cm, 6--15 mm wide; lower spikelets generally not distinct"	"Carex hoodii"
23	"Inflorescence oblong, 1.5--5 cm, 6--10 mm wide; lower spikelets +- distinct"	24
24	"Peri ascending to spreading, beak 0.6--1.3 mm; pistillate flower bracts 3.4--4 mm, 1.6--2 mm wide; lower bracts generally < spikelets, inflorescence"	"Carex occidentalis"
24	"Peri erect, beak 1.2--3 mm; pistillate flower bracts 4--5.2 mm, 2--2.8 mm wide; lower bracts > spikelets, often > inflorescence"	"Carex tumulicola"
