from	statement	to
1	"Fruit beak short, thick; biennial or per"	2
1	"Fruit beak slender, thread-like; annual or biennial"	3
2	"Biennial from short taproot; open heads 1--1.5 cm diam; NW, n CCo"	"Lactuca biennis"
2	"Perennial herb from long, deep rhizome; open heads 2--3 cm diam; CaRH, c SNH, MP"	"Lactuca tatarica subsp. pulchella"
3	"Fruit with 1 median rib on each face"	4
3	"Fruit with 5--9 ribs on each face"	5
4	"Open heads 5--10 mm diam; flowers 13--25"	"Lactuca canadensis"
4	"Open heads 4--5 mm diam; flowers 20--56"	"Lactuca ludoviciana"
5	"Biennial; basal rosette leaves toothed or shallowly lobed; cauline leaves widely clasping"	"Lactuca virosa"
5	"Annual; basal leaves generally 0 at flower; cauline leaves with narrow, acute, basal lobes clasping stem"	6
6	"Stems proximally decumbent and arching upward or erect, 5--10(20) dm; leaves lance-linear, entire or few-lobed, lobes linear; peduncles and inflorescence branches often appressed to axis; flowers 5--12"	"Lactuca saligna"
6	"Stems erect, 5--30 dm; leaves oblanceolate to oblong-elliptic or obovate in outline, margins prickly-toothed, sometimes also coarsely lobed; inflorescence branches often widely spreading; flowers 14--20"	"Lactuca serriola"
