from	statement	to
1	"Fruit circumscissile; plants prostrate"	"Nemacladus californicus"
1	"Fruit valvate; plants erect or ascending"	2
2	"Ovary superior in fruit; fruit 2--3 × > sepals"	3
2	"Ovary partly to completely inferior in fruit; fruit < or +- > sepals"	4
3	"Corolla 3--3.5 mm, tube 1.5--2.5 mm; filaments +- 2--3 mm"	"Nemacladus longiflorus var. breviflorus"
3	"Corolla 5--10 mm, tube 2.5--5.5 mm; filaments 3.5--7.5 mm"	"Nemacladus longiflorus var. longiflorus"
4	"Stem < 1 cm; inflorescence generally head-like"	"Nemacladus twisselmannii"
4	"Stem generally > 1 cm, spreading, decumbent, or erect; inflorescence an open raceme"	5
5	"Stem below branches silver-gray, rarely dark; corolla white or cream with yellow and maroon marks or yellow, pink, or +- brown tips"	6
5	"Stem below branches +- red, brown, or dark purple, not silver-gray; corolla white, cream, pink, lavender, or +- purple, with dark maroon marks or not"	8
6	"Flower not inverted, adaxial corolla lobes 3, abaxial 2; filaments declined, straight or tips +- curved; leaves entire"	"Nemacladus rubescens"
6	"Flower inverted, adaxial corolla lobes 2, abaxial 3; filaments arched over, strongly curved; leaves toothed or pinnately lobed"	7
7	"Corolla lobes dissimilar, adaxial 2 linear, arched, maroon, abaxial lobes yellow, central oblong-elliptic, flanking abaxial ones +- reniform"	"Nemacladus tenuis var. aliformis"
7	"Corolla lobes similar, oblong-elliptic, white, tips pink or +- yellow"	"Nemacladus tenuis var. tenuis"
8	"Corolla white or cream with dark maroon or +- brown marks, divided +- to base, tube 0"	9
8	"Corolla white or pale lavender, midvein on lobes sometimes pink, lavender, or maroon, otherwise without darker marks, divided 1/3--1/2 to base, tube bell-shaped or cylindric"	13
9	"Fruit base rounded, top acute; sepals spreading or reflexed"	10
9	"Fruit base acute, top acute, +- pointed, or rounded; sepals erect"	11
10	"Corolla lobes 1.3--2.5 mm"	"Nemacladus orientalis"
10	"Corolla lobes 0.2--0.5 mm"	"Nemacladus rigidus"
11	"Pedicel straight, base to tip; sepals +- 0.5 mm; corolla lobes 0.7 mm"	"Nemacladus capillaris"
11	"Pedicel straight near base, curved at tip; sepals +- 2 mm; corolla lobes 2--4 mm"	12
12	"Filaments 2 mm; fruit 2--2.5 mm; seed 0.5 mm, with clearly pitted rows; leaf blades irregularly serrate"	"Nemacladus interior"
12	"Filaments 3 mm; fruit 2.5--3 mm; seed 1 mm, with deeply impressed, vertical lines; leaf blades entire or obscure-toothed"	"Nemacladus montanus"
13	"Corolla tube narrow- or wide-cylindric"	14
13	"Corolla tube bell-shaped"	15
14	"Corolla tube 0.5--0.8 mm; leaf 2--3 mm, elliptic"	"Nemacladus secundiflorus var. robbinsii"
14	"Corolla tube 2.5--3.5 mm; leaf 3--6 mm, oblanceolate"	"Nemacladus secundiflorus var. secundiflorus"
15	"Corolla lobes all held on adaxial side of flower, bases of 2 lowest fused into spur"	"Nemacladus calcaratus"
15	"Corolla lobes radiating or +- held on abaxial side of flower, bases of 2 lowest +- fused, not forming spur"	16
16	"Inflorescence axis strongly zigzag"	17
16	"Inflorescence axis straight or weakly zigzag"	18
17	"Pedicel straight except curved up below tip; leaves toothed or pinnately lobed; bracts linear to lanceolate"	"Nemacladus glanduliferus"
17	"Pedicel S-curved; leaves entire or irregularly dentate; bracts ovate"	"Nemacladus sigmoideus"
18	"Anthers 0.5 mm, filaments +- 2 mm; bracts 2--4 mm, recurved; corolla white to lavender, midvein on lobes lavender; fruit base acute, tip rounded"	"Nemacladus gracilis"
18	"Anthers 0.1--0.3 mm, filaments 0.7--2 mm; bracts 2--9 mm, erect or appressed; corolla white or +- pink; fruit bulging near base or not, tip acute"	19
19	"Bracts ascending, appressed to pedicel base; pedicel straight, tip hooked upward abruptly; fruit base, tip acute"	"Nemacladus pinnatifidus"
19	"Bracts erect, not appressed to pedicel base; pedicel +- S-curved or straight, tip erect; fruit bulging near base"	"Nemacladus ramosissimus"
