from	statement	to
1	"Fruit narrowly awl-shaped, (0.7)1--1.4(1.8) cm, appressed to rachis; seeds 10--20"	"Sisymbrium officinale"
1	"Fruit narrowly linear, (1.7)3--14 cm, not appressed to rachis; seeds 30--140"	2
2	"Pedicels narrower than fruit"	3
2	"Pedicels +- as thick as fruit"	4
3	"Young fruit overtopping flowers; petals 2.5--3.5(4) mm; plants glabrous or sparsely hairy"	"Sisymbrium irio"
3	"Young fruit not overtopping flowers; petals 6--8 mm; plants generally densely hairy at least proximally"	"Sisymbrium loeselii"
4	"Distal-most leaves finely pinnately divided into linear to thread-like segments; sepals horned; pedicels (4)6--10(13) mm"	"Sisymbrium altissimum"
4	"Distal-most leaves generally simple, if lobed then not finely pinnately divided into linear segments; sepals not horned; pedicels 1--6 mm"	5
5	"Pedicels 1--2(3) mm; petals 1.4--2.5 mm; seeds 30--46(54)"	"Sisymbrium erysimoides"
5	"Pedicels 3--6 mm; petals (6)7--9(10) mm; seeds (60)80--100(140)"	"Sisymbrium orientale"
