from	statement	to
1	"Some or all spikelets stalked"	2
1	"All spikelets sessile or nearly so (upper spikelets sometimes stalked in <i>Scribneria</i>)"	9
2	"Spikelets 3 per node, sessile and stalked (or only stalk remaining after upper spikelet has fallen); inflorescence spike-like"	3
2	"Spikelets 1 per node, stalked; inflorescence raceme-like"	4
3	"Stem internodes solid; auricles 0; central spikelet short-stalked, laterals sessile; glumes awned"	Hilaria
3	"Stem internodes hollow; auricles present or 0; central spikelet sessile, laterals stalked; glumes awnless"	Hordeum
4	"Lemma veins prominent, parallel; palea keeled, winged on lower 1/2"	Pleuropogon
4	"Lemma veins converging at tip; palea not winged"	5
5	"Glumes >= florets, +- enclosing them"	Danthonia
5	"Glumes +- = lower florets only"	6
6	"Spikelet axis thickened, falling with florets; lemma +- circular in ×-section"	"Desmazeria:Desmazeria rigida"
6	"Spikelet axis not thickened, not falling with florets; lemma flattened"	7
7	"Upper leaf sheaths closed; lemma tips generally 2-forked or 2-lobed"	Bromus
7	"Upper leaf sheaths open; lemma tips obtuse or acute"	8
8	"Upper glume veins (3)5--9; palea keeled, ciliate"	Brachypodium
8	"Upper glume veins 3(5); palea glabrous or hairy, but not keeled, nor ciliate"	Festuca
9	"Glume 1 (except in uppermost spikelets)"	10
9	"Glumes 2"	11
10	"Stem internodes hollow; inflorescence axis remaining intact at maturity; spikelets breaking apart above glumes; lemma veins 5"	Festuca
10	"Stem internodes solid; inflorescence axis breaking apart at maturity, spikelets falling with axis segments; lemma veins 3"	"Hainardia:Hainardia cylindrica"
11	"Spikelet bases +- embedded in cavities or pits in thickened inflorescence axis"	12
11	"Spikelet bases not embedded in cavities or pits of thickened inflorescence axis"	15
12	"Perennial herb from stolons or rhizomes; spikelets attached to one side of flattened inflorescence axis"	"Stenotaphrum:Stenotaphrum secundatum"
12	"Annual; spikelets attached to both sides of rounded inflorescence axis"	13
13	"Spikelets awnless"	Parapholis
13	"Spikelets awned"	14
14	"Glumes awned; lemmas awnless; florets 2--5"	Aegilops
14	"Glumes awnless; lemma awned; floret 1"	"Scribneria:Scribneria bolanderi"
15	"Spikelets borne on one side of inflorescence axis; lemma veins 3"	Bouteloua
15	"Spikelets 2-ranked; lemma veins 5--9"	16
16	"Spikelets 2--8 per node"	Elymus
16	"Spikelets 1 per node"	17
17	"Lemma keels ciliate"	"Secale:Secale cereale"
17	"Lemma keels (if present) not ciliate"	18
18	"Glumes > florets and generally enclosing them (except awns and lemma teeth)"	Danthonia
18	"Glumes < florets"	19
19	"Fertile floret 1, subtended by 2 sterile florets"	"Ehrharta longiflora"
19	"Fertile florets 2+, sterile florets above the fertile ones"	20
20	"Auricles 0"	21
20	"Auricles present"	22
21	"Palea keels strongly ciliate; awns (when present) straight; nodes generally pubescent"	Brachypodium
21	"Palea keels not ciliate; awns twisted, bent; nodes glabrous"	"Gaudinia:Gaudinia fragilis"
22	"Glumes and lemma backs rounded"	Elymus
22	"Glumes and lemmas keeled"	23
23	"Perennial herb; lemma awns 1--6 mm"	"Agropyron:Agropyron cristatum subsp. pectinatum"
23	"Annual; lemma awns to (0)4 cm"	"Triticum:Triticum aestivum"
