from	statement	to
1	"Main leaf axis without prickle-like glands; leaflet midrib generally ending as awn-like gland 0.5--1.5 mm"	"Amorpha fruticosa"
1	"Main leaf axis with prickle-like glands; leaflet midrib generally ending as sessile, head-like gland <= 0.5 mm"	2
2	"Plant hairy; longest calyx lobe (except gland at tip) 1--2 mm"	"Amorpha californica var. californica"
2	"Plant +- glabrous; longest calyx lobe (except gland at tip) 0.5--1 mm --- s NCoR, n SnFrB (Marin Co.)"	"Amorpha californica var. napensis"
