from	statement	to
1	"Leaf dark green, contrasting strongly with pale stem; leaves all +- linear or tapering from near base; no leaves with > 1 central vein"	"Callitriche fassettii"
1	"Leaf pale green and not contrasting strongly with stem; leaves +- linear and vein 1, to broad, petioled, and veins > 1"	2
2	"Fruit wing 0 or winged only distal to middle"	3
2	"Fruit winged from tip to base"	5
3	"Fruit length >= width, wing distal to middle only or 0; fruit with evident lines of cells on faces"	"Callitriche palustris"
3	"Fruit length +- = width, generally wing 0; cells on fruit faces obscure"	4
4	"Fruit 0.8--1.4 mm"	"Callitriche heterophylla var. bolanderi"
4	"Fruit 0.6--0.8 mm"	"Callitriche heterophylla var. heterophylla"
5	"Peduncle in fruit 2--25 mm"	6
5	"Peduncle in fruit 0--1 mm"	7
6	"Fruit length >= width, 1--1.2 mm, 0.9--1.2 mm wide"	"Callitriche longipedunculata"
6	"Fruit length < width, 0.7--1 mm, 1.1--1.4 mm wide"	"Callitriche marginata"
7	"Mature fruit gray-brown, not contrasting strongly with wing"	"Callitriche stagnalis"
7	"Mature fruit dark brown to black, contrasting strongly with translucent wing"	8
8	"Fruit length < width, 0.7--1 mm, 1.1--1.4 mm wide"	"Callitriche marginata"
8	"Fruit length = width, 1--1.5 mm, 1--1.5 mm wide"	"Callitriche trochlearis"
