from	statement	to
1	"Perennial herb to shrub; leaves generally > 10 mm; flowers in terminal inflorescence, many"	2
1	"Annual; leaves generally < 6 mm; flowers in leaf axils, 1--2 per node, or terminal, 1"	4
2	"Leaves linear to narrow-deltate, +- cylindric"	"Crassula tetragona"
2	"Leaves obovate to ovate or wide-elliptic, +- flat"	3
3	"Perennial herb; stems erect or decumbent; leaf ovate to wide-elliptic, petiole 5--20 mm; pedicel 3--8 mm; petals generally 4, 3--4 mm"	"Crassula multicava subsp. multicava"
3	"Shrub; stems erect; leaf obovate, petiole +- 0; pedicel 8--12 mm; petals generally 5, 7--10 mm"	"Crassula ovata"
4	"Flowers 1 per node (or terminal); sepals +- 1/2 petals; seeds >= 3; plants generally aquatic or on wet substrates (e.g., seeps, vernal pools, ditches); stems +- decumbent to ascending, generally rooting at nodes"	5
4	"Flowers generally 2 per node; sepals >= petals; seeds (1)2; plants generally terrestrial but not on wet substrates; stems +- erect, not rooting at nodes"	6
5	"Seeds with +- regular, continuous, longitudinal lines at 20×, +- dull or shiny but not glistening as if wet; follicles subtruncate at tip, suture abruptly outcurved in distal 1/4; sepals 0.5--1.5 mm, ovate to oblong"	"Crassula aquatica"
5	"Seeds with irregular, interrupted, longitudinal lines at 20×, shiny, glistening as if wet; follicles oblique-acute at tip, suture gradually outcurved in distal 1/2; sepals 0.4--1 mm, deltate-ovate to lanceolate"	"Crassula solieri"
6	"Flower parts generally in 3s; pedicels generally < 0.5 mm"	"Crassula tillaea"
6	"Flower parts generally in 4s or 5s; pedicels generally > 1.5 mm"	7
7	"Flower parts generally in 5s; leaves generally 4--5 mm, tip acute, with short awn or point; petals +- 1.2 mm, lanceolate"	"Crassula colligata subsp. lamprosperma"
7	"Flower parts generally in 4s; leaves generally < 4 mm, tip acute to rounded, without awn or point; petals generally < 1.2 mm, narrow-deltate"	"Crassula connata"
