from	statement	to
1	"Leaves glabrous or cauline (especially distal) sometimes glandular; corolla orange to +- red; ray flowers 6--13; disk flowers 45--80+"	"Raillardella pringlei"
1	"Leaves silky-hairy or glandular and sometimes sparsely, minutely coarse-hairy; corolla yellow to yellow-orange; ray flowers 0--5(7); disk flowers 7--40+."	2
2	"Leaves silky-hairy, silvery, sometimes sparsely glandular, glands inconspicuous; ray flowers 0; plant 1--15 cm"	"Raillardella argentea"
2	"Leaves glandular, occasionally sparsely and minutely coarse-hairy; ray flowers 0--5(7); plant 6--53 cm"	"Raillardella scaposa"
