from	statement	to
1	"Leaf glabrous or +- hairy; filaments all densely purple-hairy; fruit glabrous to glandular-puberulent"	2
1	"Leaf densely tomentose; upper 3 filaments white- or yellow-hairy, lower 2 glabrous to +- hairy; fruit densely tomentose"	3
2	"Leaf glabrous; proximal pedicels 10--15(25) mm, flowers 1 per node"	"Verbascum blattaria"
2	"Leaf +- hairy; proximal pedicels < 10 mm, flowers 1--4 per node"	"Verbascum virgatum"
3	"Inflorescence branched, not dense"	"Verbascum speciosum"
3	"Inflorescence generally unbranched, dense"	4
4	"Cauline leaves not decurrent; corolla 20--30 mm; petals not glandular"	"Verbascum bombyciferum"
4	"Cauline leaves decurrent; corolla 12--20 mm; petals glandular"	"Verbascum thapsus"
