from	statement	to
1	"Leaflets 2; generally of disturbed habitats"	2
1	"Leaflets 2--16, > 2 at least on some leaves; generally of natural habitats"	8
2	"Corolla 20--30 mm"	3
2	"Corolla 8--15 mm"	5
3	"Inflorescence 4--15-flowered; wings of stem, petiole often >= 2 mm wide"	"Lathyrus latifolius"
3	"Inflorescence 1--4-flowered; wings of stem, petiole < 2 mm wide"	4
4	"Fruit hairy; leaflets ovate to narrowly elliptic, length 1.2--3 × width"	"Lathyrus odoratus"
4	"Fruit glabrous; leaflets lanceolate to widely ovate, length 1.2--6.5 × width"	"Lathyrus tingitanus"
5	"Fruit hairy; inflorescence 1--2-flowered; calyx tube +- = lobes"	"Lathyrus hirsutus"
5	"Fruit glabrous; inflorescence 1-flowered; calyx tube +- <= lobes"	6
6	"Inflorescence axis not extended beyond flower; calyx tube << lobes; corolla red-purple"	"Lathyrus cicera"
6	"Inflorescence axis extended as bristle beyond flower; calyx tube +- <= lobes; corolla not red-purple"	7
7	"Peduncle 2--8 cm; corolla lavender or purple; fruit veins indistinct, netted"	"Lathyrus angulatus"
7	"Peduncle 0.5--2 cm; corolla orange-red; fruit veins distinct, longitudinal"	"Lathyrus sphaericus"
8	"Leaflet, fruit gland-dotted; leaflets +- 14--16 --- NCoR (Humboldt, n Mendocino cos.)"	"Lathyrus glandulosus"
8	"Leaflet, fruit not gland-dotted; leaflets often < 14"	9
9	"Stem with wings +- >= 1 mm wide"	10
9	"Stem with angles or flanges < 1 mm wide"	13
10	"Leaflets (4)6(8), opposite; immediate coast, n NCo"	"Lathyrus palustris"
10	"Leaflets generally 8--16, irregularly arranged; immediate coast only in n CCo"	11
11	"Corolla 10--15 mm, white, generally lavender-striate, fading yellow-tan; nw KR (Del Norte, w Siskiyou cos.)"	"Lathyrus delnorticus"
11	"Corolla 15--20 mm, generally pink to pink-purple"	12
12	"Plant generally puberulent; KR, NCoR, CaR, n SN, GV, CW, SCoRO"	"Lathyrus jepsonii var. californicus"
12	"Plant glabrous; GV (especially Solano Co., nearby CCo)"	"Lathyrus jepsonii var. jepsonii"
13	"Tendrils not coiled or branched, often a short bristle"	14
13	"Tendrils, at least on some leaves, coiled and generally branched"	23
14	"Stipule +- >= leaflet; generally dunes, beaches of immediate coast --- NCo, n&c CCo"	15
14	"Stipule < leaflet; not of immediate coast"	16
15	"Plant glabrous or puberulent; leaflet 2.5--4.5 cm"	"Lathyrus japonicus"
15	"Plant gray-hairy; leaflet 1--2 cm"	"Lathyrus littoralis"
16	"Inflorescence 1--2-flowered; leaflet generally 0.5--2 cm; fruit glabrous or puberulent"	17
16	"Inflorescence 2--16-flowered; leaflet 1--8 cm; fruit glabrous"	19
17	"Leaflets 10--15, elliptic to ovate, 1--2 cm; fruit puberulent --- NCo, NCoR, SnFrB"	"Lathyrus torreyi"
17	"Leaflets 4--8, generally oblong or narrowly lanceolate to linear; fruit glabrous"	18
18	"Leaflets 4, lance-oblong, generally 0.5--1(2) cm; corolla green-white, dark-striate; NCoRH (Red Mtn, Humboldt Co.)"	"Lathyrus biflorus"
18	"Leaflets of at least some leaves 4--8, narrowly lanceolate to linear, 1.5--8 cm; corolla pale lavender to purple; KR, SNH, MP"	"Lathyrus lanszwertii var. aridus"
19	"Stems erect, many, clustered; inflorescence dense; corolla white to pink, 17--23 mm; MP (Modoc Co.)"	"Lathyrus rigidus"
19	"Stems erect or sprawling, 1--few, clustered; inflorescence open or dense; corolla lavender to pink-purple or, if white, < 17 mm; n CA-FP"	20
20	"Leaflets 10--16, subopposite to alternate; stipules in width often +- = leaflets; plant glabrous --- KR, n&c NCoR"	"Lathyrus polyphyllus"
20	"Leaflets 4--10, irregularly arranged or opposite; stipules in width generally +- <= leaflets; plant often hairy"	21
21	"Corolla 13--25 mm; leaflets generally elliptic or widely ovate, generally opposite"	"Lathyrus nevadensis var. nevadensis"
21	"Corolla 7--12 mm; leaflets generally linear to lanceolate, irregularly arranged or opposite"	22
22	"Corolla pale lavender to purple; KR, SNH, MP"	"Lathyrus lanszwertii var. aridus"
22	"Corolla white to cream, banner often dark-striate; KR, NCoR"	"Lathyrus lanszwertii var. tracyi"
23	"Leaflets +- = stipules, 6--8; coastal beaches, dunes --- NCo (Del Norte, Humboldt cos.)"	"Lathyrus japonicus"
23	"Leaflets generally > stipules, 6--8 or not; generally inland"	24
24	"Corolla white-yellow to bronze-orange (drying tan or dark), 11--14 mm; banner reflexed above middle; inflorescence 10--15-flowered, dense, generally 1-sided --- flower appearing wide, blocky; KR, NCoR, SN"	"Lathyrus sulphureus"
24	"Corolla not white-yellow (except <i>Lathyrus lanszwertii</i> var. <i>tracyi</i>) to bronze-orange (occasionally fading tan-yellow), 11--14 mm or not; banner reflexed or bent from middle or below; inflorescence 1--15-flowered, generally +- open (1-sided)"	25
25	"Corolla wine-red to crimson, 25--35 mm; banner reflexed 120--180° --- s SCo, PR (San Diego Co.)"	"Lathyrus splendens"
25	"Corolla white to purple, 8--25 mm; banner bent +- 90°"	26
26	"Leaflets (4)6(8), opposite, glabrous or +- puberulent, flowers 3--6 per inflorescence, 15--20 mm; immediate coast, n NCo"	"Lathyrus palustris"
26	"Leaflets, flowers not entirely as above; immediate coast only in n CCo"	27
27	"Stipules > 1 cm wide, leaflets 10--16, plants of KR, NCoR"	"Lathyrus polyphyllus"
27	"Stipules < 1 cm wide and leaflets <= 12 or plants not of KR, NCoR"	28
28	"Inflorescence generally 2-flowered; ne DMoj (Grapevine Mtns, Inyo Co.)"	"Lathyrus hitchcockianus"
28	"Inflorescence occasionally 2--16-flowered; not DMoj"	29
29	"Corolla white or cream, fading yellow-tan (occasionally to lavender in <i>Lathyrus vestitus</i> var. <i>ochropetalus</i>) --- NW"	30
29	"Corolla purple, lavender, or +- red (occasionally to white in <i>Lathyrus nevadensis</i> var. <i>nevadensis</i>)"	32
30	"Stem flanged or narrowly winged; stipules widely triangular, 0.5--0.8 cm wide; nw KR (Del Norte, w Siskiyou cos.)"	"Lathyrus delnorticus"
30	"Stem angled or +- flanged; stipules generally lanceolate, < 0.5 mm wide; NW"	31
31	"Leaflets generally 4--6, glabrous or puberulent; corolla 9--12 mm"	"Lathyrus lanszwertii var. tracyi"
31	"Leaflets generally 8--12, glabrous; corolla 14--16 mm"	"Lathyrus vestitus var. ochropetalus"
32	"Stipules > 1 cm wide; leaflets 10--16 --- KR, NCoR"	"Lathyrus polyphyllus"
32	"Stipules < 1 cm wide; leaflets 4--12"	33
33	"Flowers often crowded, generally 8--14, corolla 14--20 mm; leaflets 8--12, generally subopposite to alternate; w CA-FP"	34
33	"Flowers generally spaced, either 2--10 and corollas 8--16 mm or 2--4 and corollas 13--25 mm; leaflets 4--10, opposite or subopposite; especially KR, CaR, SN"	35
34	"Corolla wine red to dark purple, 16--20 mm; banner generally reflexed > 90°; SCo, s ChI, PR"	"Lathyrus vestitus var. alefeldii"
34	"Corolla pale lavender to purple, 14--18 mm; banner bent +- 90°; NCo, NCoR, CW, SW"	"Lathyrus vestitus var. vestitus"
35	"Leaflets generally opposite, generally elliptic or widely ovate; inflorescence 2--4-flowered; corolla 13--25 mm"	"Lathyrus nevadensis var. nevadensis"
35	"Leaflets generally subopposite or irregularly arranged, ovate to linear; inflorescence 2--10-flowered; corolla 8--16 mm"	36
36	"Stipules widely ovate-triangular, often toothed, conspicuous; calyx glabrous except lobes often finely ciliate; corolla generally 10--14 mm, banner upcurved above other petals"	"Lathyrus brownii"
36	"Stipules lanceolate, not toothed, often inconspicuous; calyx generally hairy; corolla 10--16 mm, banner generally more reflexed than other petals"	"Lathyrus lanszwertii var. lanszwertii"
