from	statement	to
1	"Inflorescence +- bent, flexible, or nodding"	2
1	"Inflorescence straight, stiff, erect"	4
2	"Peri wing generally 0.1--0.2 mm wide, inrolled, not visible in abaxial view; peri generally without adaxial veins, margins often entire above widest point"	"Carex gracilior"
2	"Peri wing generally 0.2--0.6 mm wide, flat, visible in abaxial view; peri often with strong adaxial veins, margins serrate above widest point"	3
3	"Peri beak tip brown, cylindric and entire > 0.4 mm, or flat and entire < 0.4 mm; peri generally +- flat except over fruit, body generally wide-elliptic"	"Carex leporina"
3	"Peri beak tip white, generally cylindric, entire > 0.4 mm; peri generally +- planoconvex, body generally narrow-elliptic"	"Carex praticola"
4	"Longer peri 6--8.1 mm"	5
4	"Longer peri < 6 mm"	6
5	"Inflorescence open; peri beak with obvious white abaxial flap; peri walls thick, opaque"	"Carex petasata"
5	"Inflorescence dense; peri beak with inconspicuous abaxial flap; peri walls thin, +- translucent"	"Carex specifica"
6	"Peri 0.8--1.2 mm wide, beak indistinct, wings generally incurved"	"Carex leporinella"
6	"Peri 1.3--2.6 mm wide, beak distinct or not, wings not incurved"	7
7	"Peri generally widest near or above middle; inflorescence generally dense, spikelets overlapped; leaf sheath mouth white; subalpine to alpine, 2500--4000 m"	8
7	"Peri generally widest below middle; inflorescence dense or open, spikelets overlapped or not; leaf sheath mouth occasionally brown-tinged; coastal, montane, 0--3500 m"	9
8	"Strong adaxial peri veins generally 0(4); peri walls thin, +- translucent"	"Carex phaeocephala"
8	"Strong adaxial peri veins 3--8; peri walls thick, opaque"	"Carex tahoensis"
9	"Peri adaxial veins generally reaching beak base; peri walls sometimes thin, +- translucent"	10
9	"Peri adaxial veins 0 or generally reaching at most to fruit tip; peri walls generally +- thick, opaque"	11
10	"Peri not shiny at 10×, beak tip +- flat, serrate; inflorescence elongate, generally open, green or gold; montane, 800--3500 m"	"Group 11b, couplet 2"
10	"Peri +- shiny at 10×, beak tip cylindric, entire; inflorescence ovoid, dense, generally brown or coppery; coastal, insular, or montane, < 900 m"	"Carex harfordii"
11	"Well-developed peri with wing at mid-body generally 0.4--0.6 mm wide"	"Carex leporina"
11	"Well-developed peri with wing at mid-body <= 0.4 mm wide"	12
12	"Inflorescence generally open, lower spikelets distinct; peri wings generally 0.1--0.2 mm wide at mid-body, generally inrolled, not visible abaxially, margins at 16× entire from base to above widest point; peri upper body entire or not, beak minute-serrate; leaf blades 1.2--3 mm wide"	"Carex gracilior"
12	"Inflorescence +- dense (except on late season stems), lower spikelets often clustered or overlapped, indistinct; peri wings generally 0.2--0.3(0.4) mm wide at mid-body, flat, visible abaxially, margins at 16× entire from base to +- widest point; peri upper body, most of beak minute-serrate; leaf blades 1.3--4.6 mm wide"	"Carex subbracteata"
