from	statement	to
1	"Perianth black-striped, tips blunt, hooded, incurved; anthers >> filaments; rhizomatous; coastal salt marshes"	"Juncus gerardi subsp. gerardi"
1	"Perianth green, brown, or red, tips acute or acuminate, not incurved or hooded; anthers < to > filaments; cespitose; inland wetlands"	2
2	"Leaf sheath appendages stiff, thick, plastic-like, rounded, shiny, +- yellow"	"Juncus dudleyi"
2	"Leaf sheath appendages not stiff, thin, rounded to acuminate, dull, white or translucent"	3
3	"Fruit chambers 3, partitions straight, united except at tip"	4
3	"Fruit chamber 1, partitions concave, separated except at base"	5
4	"Sepals +- = petals; style 0.1--0.2 mm; anthers < filaments; perianth with thick, darker brown stripes, pale margins broad; inflorescence generally compact"	"Juncus confusus"
4	"Sepals > petals; style (0.3)0.4--0.8 mm; anthers > filaments; perianth generally green or light brown, pale margins narrow; inflorescence open"	"Juncus trilocularis"
5	"Fruit ridged, truncate or notched; perianth green or with thick dark brown stripes"	"Juncus occidentalis"
5	"Fruit ridges 0 or obscure, fruit rounded or acute; perianth green or +- red, pale brown in age"	6
6	"Leaf sheath appendages generally rounded, +- opaque below, 0.2--0.6 mm; bractlets acuminate, generally bristle-tipped; stem with 2--6 strong ridges per side; DMtns"	7
6	"Leaf sheath appendages generally acute to acuminate, +- translucent, generally 1--8 mm until late in season when generally smaller or absent; bractlets generally acute to blunt; stem with or without strong ridges per side; widespread"	8
7	"Bractlets acute to blunt, not bristle-tipped; inflorescence bracts +- hardened; seed 0.3--0.4 mm; NCoRI"	"Juncus dichotomus"
7	"Bractlets acuminate, generally bristle-tipped; inflorescence bracts soft; seed 0.4--0.7 mm; DMtns"	"Juncus interior"
8	"Stem with 2--6 strong ridges per side; fruit < 2.5 mm, < 75% perianth; inflorescence generally orange-red; flower < internodes"	"Juncus anthelatus"
8	"Stem with 0--1 strong ridges per side; fruit generally > 2.5 mm, > 75% perianth; inflorescence generally green; flower generally > internodes"	"Juncus tenuis"
