from	statement	to
1	"Leaf 1-pinnate, pinnae unlobed or deeply 2(3)-lobed"	2
1	"Leaf 2--4-pinnate, pinnae compound."	3
2	"Pinnae lance-ovate, deeply 2(3)-lobed; fracture lines at base of stipe many; rhizome scales without dark mid-stripe"	"Pellaea breweri"
2	"Pinnae rounded, unlobed; fracture lines at base of stipe 0; rhizome scales with dark mid-stripe"	"Pellaea bridgesii"
3	"Leaf 2--4-pinnate"	4
3	"Leaf 2-pinnate"	5
4	"Segment without mucro, generally 6--15 mm, 3--10 mm wide; stipe +- light brown"	"Pellaea andromedifolia"
4	"Segment with mucro generally 2--6(8) mm, 0.5--2(4) mm wide; stipe dark brown to +- black"	"Pellaea mucronata var. mucronata"
5	"Segment 5--15 × longer than wide, > costa"	"Pellaea brachyptera"
5	"Segment 1--4 × longer than wide, < costa"	6
6	"Fertile segment generally appearing folded in half, recurved margins +- meeting abaxially; c&s SNH, TR, PR, SNE, DMtns (except Providence, New York mtns)"	"Pellaea mucronata var. californica"
6	"Fertile segment not appearing folded in half, recurved margins not meeting abaxially; DMtns (Providence, New York mtns)"	"Pellaea truncata"
