from	statement	to
1	"Spur 6--18 mm"	2
1	"Spur 1--6(9) mm"	6
2	"Spur +- straight, perpendicular to inflorescence axis; upper sepal pointed forward; stem generally < 3 mm diam"	"Piperia transversa"
2	"Spur +- curved, parallel to inflorescence axis; upper sepal ascending to erect to curved back; stem generally > 3 mm diam"	3
3	"Sepals white with dark green midvein"	"Piperia elegans subsp. elegans"
3	"Perianth green to yellow-green"	4
4	"Lip deltate-ovate; lower sepals spreading"	"Piperia michaelii"
4	"Lip narrowly lanceolate or lance-deltate; lower sepals +- reflexed"	5
5	"Lateral petals +- sickle-shaped, 2 mm wide at base, 2--3 × as long"	"Piperia elongata"
5	"Lateral petals linear, 1 mm wide at base, 4--5 × as long"	"Piperia leptopetala"
6	"Perianth mostly white or white-margined on upper sepal, lateral petals, mostly white on lower sepals, lip; lip pointed down toward spur"	7
6	"Perianth green; lip +- straight to strongly upcurved above middle"	9
7	"Inflorescence generally +- 1-sided; stem bracts < 6; lip +- ovate, +- obtuse"	"Piperia candida"
7	"Inflorescence +- not 1-sided; stem bracts > 6; lip +- ovate or not, +- acute"	8
8	"Lateral petals ovate to lance-oblong, white margins +- equal; stem base swollen toward tuber; fragrance at night"	"Piperia elegans subsp. decurtata"
8	"Lateral petals sickle-shaped, white margins unequal, outer much wider than inner; stem base narrowed toward tuber; fragrance in daytime"	"Piperia yadonii"
9	"Spur < lip, 1--2.5 mm; leaves grass-like, erect, 3--10(19) mm wide"	"Piperia colemanii"
9	"Spur >= lip, 2--9 mm; leaves not grass-like, prostrate to spreading, (5)10--40 mm wide"	10
10	"Lateral petals linear, 4--5 × longer than wide; spur tapered; fragrance lemony or otherwise pleasant but not honey-like"	"Piperia leptopetala"
10	"Lateral petals lanceolate to deltate-ovate, < 3.5 × longer than wide; spur cylindric, blunt; fragrance musky, soapy, or honey-like"	11
11	"Inflorescence axis <= peduncle; lip deltate-ovate; fragrance honey-like; stem long-tapered toward tuber"	"Piperia cooperi"
11	"Inflorescence axis generally > peduncle; lip broadly ovate to lance-elliptic; fragrance musky, soapy, or honey-like; stem uniform or swollen toward tuber"	"Piperia unalascensis"
