from	statement	to
1	"Peri flat, thin except over fruit (+- inflated, convex both faces)"	2
1	"Peri generally planoconvex, thick"	6
2	"Peri wide-elliptic to +- round, margins occasionally crinkled or ruffled, beak distinct, 20--25% of total peri length; anthers early-deciduous to persistent; pistillate flower bracts 1/2 peri width"	3
2	"Peri ovate to lanceolate, margins generally flat, beak indistinct or > 25% of total peri length; anthers generally deciduous; pistillate flower bracts > 1/2 peri width"	4
3	"Peri beak <= 1.2 mm; leaves generally 0.5--2.7 mm wide when flat, in life generally folded or channeled toward base; inflorescence dense to more open, ovate, elliptic, or oblong"	"Carex proposita"
3	"Peri beak generally 1.2--1.5 mm; leaves (1.7)3--4 mm wide when flat, in life flat or folded; inflorescence generally dense, ovate"	"Carex straminiformis"
4	"Most peri distinctly short-stalked, dried stalks often bent or crumpled; inflorescence bract on some heads long-awned, wide at base"	"Carex athrostachya"
4	"Most or all peri not distinctly stalked; inflorescence bract rarely long-awned or wide at base"	5
5	"Peri 4--6.5 mm, (2.3)2.6--4.2 mm beak tip to fruit; peri green, dark brown, or coppery, margins often darker than wings; stem 9--20(40) cm; subalpine to alpine"	"Carex haydeniana"
5	"Peri (2.8)3.4--4.5(5.2) mm, 1.5--2.5(2.8) mm beak tip to fruit; peri green to light brown, center often brown, margin color generally same as wings; stem 20--110 cm; montane to alpine"	"Carex microptera"
6	"Peri adaxial veins generally 3--10, generally exceeding fruit"	7
6	"Peri adaxial veins 0 or short, 0 (1) exceeding fruit"	10
7	"Inflorescence elongated, oblong to elliptic, not head-like, lower spikelets generally distinct, bases generally tapered; montane"	8
7	"Inflorescence compact, often ovoid, head-like, lower spikelets indistinct, bases generally blunt; coastal or montane"	9
8	"Peri 2.5--4.8(5.3) mm"	"Carex mariposana"
8	"Peri (5.7)6--8.5 mm"	"Carex petasata"
9	"Peri margins entire from base to +- widest point, minute-serrate on beak and upper body; stems erect, not branched at nodes; sheath face tops generally pale; generally without leaf-like inflorescence bract; 1200--3450 m"	"Carex abrupta"
9	"Peri margins entire from base often to above widest point, minute-serrate on beak and occasionally uppermost body; stems often leaning, occasionally branched at nodes, branches leafy or fertile; sheath face tops often brown-tinged; inflorescence bract occasionally leaf-like; < 900 m"	"Carex harfordii"
10	"Peri margins at 16× entire from base to above widest point; marginal wings at mid-body often inrolled so not visible from abaxial side"	"Carex gracilior"
10	"Peri margins at 16× entire from base to +- widest point; marginal wings at mid-body generally not inrolled, visible from abaxial side"	11
11	"Pistillate flower bracts generally 4.2--5.8 mm, +- hiding peri"	12
11	"Pistillate flower bracts generally < 4.2 mm, not hiding peri"	13
12	"Inflorescence generally open, often bent or flexed at lowest node, most spikelets distinct at arm's length"	"Carex praticola"
12	"Inflorescence generally dense, erect, most spikelets indistinct at arm's length"	"Carex subbracteata"
13	"Peri generally 2.3--3.5 mm, wing margin at midbody generally 0.1--0.25 mm wide; inflorescence at arm's length fine-textured, parts small"	"Carex subfusca"
13	"Peri generally >= 3.5 mm, wing margin at midbody generally 0.3--0.4 mm wide; inflorescence at arm's length coarse-textured, parts large"	14
14	"Peri spreading; spikelet +- star-shaped, outline jagged at arm's length; pistillate flower bract dark throughout, or white margins narrow, < 0.1 mm wide"	"Carex pachystachya"
14	"Peri +- ascending; spikelet not star-shaped, outline +- smooth at arm's length; pistillate flower bract generally with white margins 0.2--0.5 mm wide"	15
15	"Peri beaks of 2 kinds in an inflorescence, some +- flat, with smooth entire part < 0.4 mm, some cylindric, with smooth entire part > 0.4 mm; generally dry soil; 1800--3400 m, KR, NCoR, CaRH, SNH, SnJt"	"Carex preslii"
15	"Peri beaks of 1 kind, generally cylindric, smooth entire part > 0.4 mm; seasonally wet soil; < 900 m, NCo, NCoRO, CW, SCo, n ChI, WTR"	"Carex subbracteata"
