from	statement	to
1	"Tip of plant body acute, upper surface +- concave or flat --- dead plant with brown cells"	"Wolffia borealis"
1	"Tip of plant body rounded, upper surface +- convex (except <i>Wolffia arrhiza</i>)"	2
2	"Upper surface of vegetative plant body with a conical bump near center; dead plant with brown cells"	"Wolffia brasiliensis"
2	"Upper surface of plant body smooth; dead plants without brown cells"	3
3	"Upper surface dark green, flat; stomates generally 15--100"	"Wolffia arrhiza"
3	"Upper surface transparent green, +- convex; stomates 1--10(30)"	4
4	"Plant body 0.8--1.3 mm, +- spheric, upper surface mostly convex, center flat"	"Wolffia columbiana"
4	"Plant body 0.4--0.8 mm, longer than wide, upper surface barely convex throughout"	"Wolffia globosa"
