from	statement	to
1	"Calyx +- 2(3) mm; leaf blade abruptly narrowed to petiole"	"Androsace filiformis"
1	"Calyx (2.5)3--6 mm; leaf blade tapered to petiole"	2
2	"Involucre bracts lance-linear to lanceolate, generally < 0.5 mm wide; corolla >= calyx; 2700--3600 m"	"Androsace septentrionalis"
2	"Involucre bracts lanceolate to ovate, < 1.7 mm wide; corolla < calyx; < 1700 m"	3
3	"Calyx lobes awl-like, tips acute, stiff; peduncles 1--several"	"Androsace elongata subsp. acuta"
3	"Calyx lobes widely lanceolate to deltate, tips acute to obtuse, not stiff; peduncles generally 1"	"Androsace occidentalis"
