from	statement	to
1	"Inflorescence thornless"	2
1	"Inflorescence thorn-tipped"	5
2	"Flowers 2.5--5 mm, +- cleistogamous, keel petal beakless"	"Polygala californica"
2	"At least some flowers > 7 mm, opening, keel petal beaked"	3
3	"Flower 9--14.5 mm (occasionally 2.5--5 mm cleistogamous flowers near plant base), keel petal beak oblong, generally notched or contorted, +- 0.7--1 mm diam near tip; aril glabrous"	"Polygala californica"
3	"Flower 7--14 mm, of 1 kind, keel petal beak linear, entire, +- 0.2 mm diam near tip; aril hairy"	4
4	"Flower 8.5--14 mm, wings dense-puberulent; upper sepal generally acute to acuminate"	"Polygala cornuta var. cornuta"
4	"Flower 7--11.2 mm, wings generally ciliate, surface glabrous or puberulent only near tip; upper sepal generally rounded to obtuse"	"Polygala cornuta var. fishiae"
5	"Flower 2.5--5.3 mm, wings cream or +- green; twigs densely hairy"	6
5	"Flower 6--13.5 mm, wings pink; twigs glabrous to short-stiff-hairy"	7
6	"Pedicels, outer sepals, and leaves spreading-hairy"	"Polygala acanthoclada"
6	"Pedicels glabrous; outer sepals glabrous or ciliate, occasionally sparsely hairy near tip; leaf hairs incurved or appressed"	"Polygala intermontana"
7	"Keel petal beak prominently notched below; seeds hairier near aril"	"Polygala heterorhyncha"
7	"Keel petal beak entire or +- jagged; seeds generally evenly hairy"	"Polygala subspinosa"
