from	statement	to
1	"Stamens attached alternately at 2 levels"	2
1	"Stamens attached at 1 level"	6
2	"Ovary 2 × stalk; perianth tube rounded at base"	"Triteleia grandiflora"
2	"Ovary <= stalk; perianth tube acute to long-tapered at base (rounded at base in <i>Triteleia hyacinthina</i>, <i>Triteleia lilacina</i>)"	3
3	"Stamens unequal"	4
3	"Stamens +- equal"	5
4	"Pedicel 7--20 mm; perianth 12--19 mm, bright yellow or pale blue; ovary green"	"Triteleia crocea"
4	"Pedicel 20--180 mm; perianth 15--28 mm, white, often flushed violet abaxially; ovary bright yellow"	"Triteleia peduncularis"
5	"Perianth 16--27 mm, lavender; anthers +- 1.5 mm, purple; s ChI (San Clemente Island)"	"Triteleia clementina"
5	"Perianth 18--47 mm, blue, blue-purple, or white; anthers 2--5 mm, white to +- blue; NW, CaR, SN, CW, TR"	"Triteleia laxa"
6	"Stamens +- equal"	7
6	"Stamens unequal"	11
7	"Perianth 27--45 mm, tube tapered at base, > lobes"	"Triteleia bridgesii"
7	"Perianth 7--26 mm, tube bowl-shaped to tapered at base, < lobes"	8
8	"Perianth tube yellow or white, often tinged or fading blue, or yellow aging purple"	9
8	"Perianth tube white (occasionally flushed purple abaxially), blue, or lilac"	10
9	"Perianth 18--26 mm, filaments < 1/2 perianth lobes"	"Triteleia hendersonii"
9	"Perianth 12--17 mm, filaments > 1/2 perianth lobes"	"Triteleia montana"
10	"Filaments generally triangular; anthers +- white to yellow"	"Triteleia hyacinthina"
10	"Filaments linear; anthers lilac or lilac-dotted"	"Triteleia lilacina"
11	"Tips of longer filaments rounded, without appendages"	"Triteleia lugens"
11	"Tips of longer filaments not rounded, generally with appendages"	12
12	"Filament tip appendages 0 or short, blunt; perianth tube = lobes"	"Triteleia dudleyi"
12	"Filament tip appendages forked, pointed; perianth tube <= lobes"	13
13	"Leaf 1, 10--20 cm"	"Triteleia ixioides subsp. unifolia"
13	"Leaves 1--2, 10--50 cm"	14
14	"Perianth tube +- = lobes, white to pale straw-colored --- w-c SCoRO (s Santa Lucia Range)"	"Triteleia ixioides subsp. cookii"
14	"Perianth tube < lobes, yellow (drying +- blue) or gold-yellow or straw-colored to pale yellow"	15
15	"Anthers generally blue or cream; filament tip appendages straight or incurved --- KR, CaR, SN"	"Triteleia ixioides subsp. anilina"
15	"Anthers cream or yellow, occasionally blue; filament tip appendages +- straight to recurved"	16
16	"Perianth tube 7--10 mm; c&s CCo, sw SnFrB, SCoRI"	"Triteleia ixioides subsp. ixioides"
16	"Perianth tube 3--7 mm; KR, CaR, SN"	"Triteleia ixioides subsp. scabra"
