from	statement	to
1	"Annual (or appearing so); stems generally all flower, ascending to erect"	2
1	"Perennial herb; stems both non-flowering (mat-forming) and flowering (+- erect)"	5
2	"Calyx 8.5--12 mm; fruit 14--22 mm; seeds 0.9--1.1 mm"	"Cerastium dichotomum"
2	"Calyx 3--7 mm; fruit 3.5--11 mm; seeds +- 0.4--1 mm"	3
3	"Upper bracts scarious-margined; scarious margin of most outer sepals 0.2--0.6 mm wide"	"Cerastium fontanum subsp. vulgare"
3	"Upper bracts not scarious (rarely with minute scarious tip); scarious margin of most outer sepals < 0.1 mm wide"	4
4	"Flower parts 4(5); sepals with 0 hairs exceeding tip; bracts not scarious or rarely with minute scarious tip; pedicels in fruit generally > sepals"	"Cerastium diffusum"
4	"Flower parts 5; sepals with some hairs exceeding tip by 0.2--0.8 mm; bracts not scarious; pedicels in fruit (except lowest) < sepals"	"Cerastium glomeratum"
5	"Petals 1.5 mm < to 0.5 mm > sepals"	"Cerastium fontanum subsp. vulgare"
5	"Petals +- 1.2--6 mm > sepals"	6
6	"Leaves not clustered in flower stem axils; petals 1.2--2.8 mm > sepals; fruit 5.5--8.5 mm; seeds 0.7--0.8 mm; 2900--4300 m"	"Cerastium beeringianum"
6	"Leaves clustered in flower stem axils, especially below; petals 3--6 mm > sepals; fruit (7.5) 9--16 mm; seeds +- 1--1.5 mm; < 2500 m"	7
7	"Stems 5--20(30) cm; petals 7.5--9 mm; sepals 4.2--6(7) mm"	"Cerastium arvense subsp. strictum"
7	"Stems 15--45 cm; petals 10--15 mm; sepals 6--9 mm"	"Cerastium viride"
