from	statement	to
1	"Flower stalked"	2
1	"Flower sessile"	3
2	"Petals 5--23 mm (often < 15 mm), 1.8--5.5 mm wide; flower +- nodding; 1200--2000 m; c KR (especially Marble Mtns, Siskiyou Co.)"	"Trillium ovatum subsp. oettingeri"
2	"Petals 1.5--7 cm, 5--45 mm wide; flower generally +- erect; 10--1600 m; NW, CW"	"Trillium ovatum subsp. ovatum"
3	"Stamens < 1.25 × pistil; flower odor generally musty or fetid; w KR, SN (except Teh), s CCo, SCoRO"	"Trillium angustipetalum"
3	"Stamens +- 2 × pistil; flower odor generally sweet rose-like or +- spicy; NW, CaR, n SN, SnFrB"	4
4	"Ovary, tissue between anther sacs +- green (ovary +- purple); petals white to +- pink, base occasionally +- purple; NW, CaR, n SN, SnFrB"	"Trillium albidum"
4	"Ovary, tissue between anther sacs purple; petals yellow to pink to dark purple, occasionally white; NCoRI, SnFrB"	"Trillium chloropetalum"
