from	statement	to
1	"Plant scapose; cauline leaves 0"	2
1	"Plant not scapose; at least 1 cauline leaf present"	5
2	"Ovules or seeds 1--4"	Cusickiella
2	"Ovules or seeds >= 10"	3
3	"Petals yellow to orange"	Draba
3	"Petals white, lavender, rose, or purple"	4
4	"Sepals 4--5 mm; petioles of previous year persistent"	Anelsonia
4	"Sepals 1.5--3 mm; petioles of previous year not persistent"	Draba
5	"Cauline leaves sessile, basally lobed, sagittate, or clasping"	6
5	"Cauline leaves petioled, if sessile then not basally lobed or clasping"	8
6	"Perennial herb with well-developed woody caudex; hairs many-branched"	Phoenicaulis
6	"Annual or biennial (perennial herb), woody caudex 0; hairs a mixture of different types"	7
7	"Petals white (pink); at least some branched hairs sessile, stellate"	Capsella
7	"Petals yellow (white); branched hairs stalked, not stellate"	Camelina
8	"Inflorescence bracted throughout"	Tropidocarpum
8	"Inflorescence not bracted or occasionally most proximal flowers bracted"	9
9	"Petals strongly 2-lobed"	Berteroa
9	"Petals entire or notched"	10
10	"Inflorescence 1-sided; young fruit reflexed; annual"	Athysanus
10	"Inflorescence not 1-sided; young fruit not reflexed; annual to subshrub"	11
11	"Cauline leaves only with sessile, 2-rayed hairs"	Lobularia
11	"Cauline leaves with various hair types but never only as above"	12
12	"At least some filaments winged, dentate, or appendaged"	13
12	"All filaments wingless, not dentate, or unappendaged"	14
13	"Annual; style 0.3--1.6 mm"	Alyssum
13	"Perennial herb; style 4--12 mm"	Aubrieta
14	"Ovules or seeds 1 or 2, near ovary or fruit tip"	15
14	"Ovules or seeds 4--100, parietal"	17
15	"Petals (10)12--15 mm"	Dithyrea
15	"Petals 0.9--3(4) mm"	16
16	"Petals 0.9--1.3 mm; ovaries, young fruit ovoid"	Euclidium
16	"Petals 1.5--3(4) mm; ovaries, young fruit round to obovate, flat"	Alyssum
17	"Sepals linear to oblong-linear, erect; petals narrowly oblanceolate to linear"	Lyrocarpa
17	"Sepals oblong to ovate, erect to reflexed; petals ovate, obovate, spoon-shaped, oblong, or oblanceolate"	18
18	"Cauline leaves entire or dentate (wavy)"	19
18	"Cauline leaves 1--3-pinnately divided or comb-like"	21
19	"Leaf hairs stellate, +- sessile, webbed or not"	Physaria
19	"Leaf hairs simple, forked, cross-shaped, tree-like, or a mixture of 2 or more of types, never only sessile-stellate"	20
20	"Young fruit with 1--4 seeds"	Cusickiella
20	"Young fruit with > 4 seeds"	Draba
21	"Perennial herb with well-developed caudex"	22
21	"Annual or biennial"	23
22	"Leaves rigid, lobes linear"	Polyctenium
22	"Leaves not rigid, lobes obovate or oblong"	Smelowskia
23	"Petals yellow; most or all hairs many-branched"	Descurainia
23	"Petals white; hairs simple or forked"	Hornungia
