from	statement	to
1	"Stem not winged; cauline leaves generally narrowly linear; annual"	"Helenium amarum var. amarum"
1	"Stem winged by decurrent leaf bases; cauline leaves generally wider; annual or per"	2
2	"Cauline leaf margin +- toothed"	"Helenium autumnale"
2	"Cauline leaf margin entire"	3
3	"Heads (1)4--20(30); ray corolla 3.8--10 mm (occasionally ray flowers 0); disk corolla generally 4-lobed, 1.6--2.7 mm; pappus scales 0.4--1 mm"	"Helenium puberulum"
3	"Heads 1--20; ray corolla 12--37 mm; disk corolla 5-lobed, 3--5.2 mm; pappus scales 1.3--4.5 mm"	4
4	"Peduncle sparsely to moderately hairy; pappus scales 1.3--2.2(2.7) mm; widespread but not NCo"	"Helenium bigelovii"
4	"Peduncle generally densely hairy; pappus (2.5)3--4.5 mm; NCo"	"Helenium bolanderi"
