from	statement	to
1	"Perennial herb or subshrub from woody root-crown"	2
1	"Shrub; stems arising from woody trunk"	3
2	"Heads discoid; disk fruit <= 10 mm"	"Hazardia whitneyi var. discoidea"
2	"Heads radiate; disk fruit generally 5--8 mm"	"Hazardia whitneyi var. whitneyi"
3	"Heads discoid"	4
3	"Heads radiate (rays sometimes inconspicuous) or disciform"	8
4	"Fruit 2--4 mm --- DMoj"	"Hazardia brickellioides"
4	"Fruit 5--8 mm"	5
5	"Flowers 4--8; leaf 15--25 mm, 7--12 mm wide; SCoR"	"Hazardia stenolepis"
5	"Flowers 9--30; leaf 15--50 mm, 10--20 mm wide; s SnJV, SCoRO, SW, n Baja California"	6
6	"Herbage generally sparsely hairy, generally not resinous; involucre 8--12 mm; flowers 9--16, corolla 9--10 mm; pappus white to red-brown"	"Hazardia squarrosa var. grindelioides"
6	"Herbage glabrous to sparsely hairy, generally resinous; involucre 11--15 mm; flowers 18--30, corolla 10--11 mm; pappus tan"	7
7	"Stem glabrous to scabrous; phyllaries smooth, resinous, +- truncate to obtuse, abruptly pointed, +- erect"	"Hazardia squarrosa var. obtusa"
7	"Stem sparsely hairy distally or becoming glabrous; phyllaries glandular, obtuse to acute, recurved"	"Hazardia squarrosa var. squarrosa"
8	"Ray generally exceeding disk corolla; leaf margin +- entire"	"Hazardia orcuttii"
8	"Ray not exceeding disk corolla; leaf margin generally +- entire to toothed"	9
9	"Leaf soft-hairy to scabrous; plant 2--8 dm"	"Hazardia brickellioides"
9	"Leaf densely tomentose, at least abaxially; plant 6--25 dm"	10
10	"Leaf thin, becoming glabrous adaxially; outer phyllary tips loosely woolly-tufted; disk corolla 5--8 mm"	"Hazardia cana"
10	"Leaf thick, +- densely tomentose adaxially; phyllary generally densely woolly throughout; disk corolla 8--10 mm"	"Hazardia detonsa"
