from	statement	to
1	"Stem 5--14 mm wide at base, internodes fleshy; middle leaf blades generally flat when fresh or inrolled near tip, 4--25 mm wide at base; rhizome present; coastal"	2
1	"Stem 1.5--6 mm wide at base, internodes firm; middle leaf blades generally inrolled when fresh, 1--8 mm wide at base; rhizome sometimes 0; coastal or interior"	3
2	"Inflorescence +- open, spikes loosely overlapping, loosely appressed or spreading (to 10°--20°)"	"Spartina alterniflora"
2	"Inflorescence dense, cylindric, spikes closely overlapping, generally closely appressed"	"Spartina foliosa"
3	"Inflorescence open, spikes ascending to spreading (to +- 60°), lowest often not overlapping; coastal"	"Spartina patens"
3	"Inflorescence compact, spikes appressed, overlapping"	4
4	"Rhizome generally 0 (rarely present, short, stout); coastal"	"Spartina densiflora"
4	"Rhizome present, elongate, slender; interior"	"Spartina gracilis"
