from	statement	to
1	"Leaf generally 1; flowers generally < 4; hypanthium generally > 2 × calyx lobes; s SCo, PR"	"Jepsonia parryi"
1	"Leaves generally 2--3; flowers generally > 4; hypanthium < 1.5 × calyx lobes; ChI, n SNF (Calaveras Co.), c SNF"	2
2	"Petals persistent, withering; peduncle red-pink, often drying tan; seeds pale brown; n&c SNF, n SnJV"	"Jepsonia heterandra"
2	"Petals persistent but not withering; peduncle +- green, often drying brown; seeds dark brown; ChI"	"Jepsonia malvifolia"
