from	statement	to
1	"Sepals and petals 4; leaf entire"	"Reseda luteola"
1	"Sepals and petals 5--6; leaf entire or lobed"	2
2	"Leaf pinnately lobed, lobes 4--11 per side; petals alike, +- equally 3-lobed; fruit 4-parted, with persistent filaments"	"Reseda alba"
2	"Leaf entire or 3- or pinnate-lobed, lobes 0--3 per side; petals not alike, entire to unequally 6-lobed; fruit 3-parted, without persistent filaments"	3
3	"Leaf pinnately lobed, lobes 1--3 per side; bracts not persistent; pedicel 2--4.5 mm; stamens 14--17; seed 1.5--1.7 mm, smooth"	"Reseda lutea"
3	"Leaf entire to 3-lobed, lobes 0--1 per side; bracts persistent; pedicel 4--12 mm; stamens 20--25; seed 2--2.2 mm, rough"	"Reseda odorata"
