from	statement	to
1	"Styles and generally all stamens included in full flower"	2
1	"Styles and stamens exserted in full flower"	7
2	"Petals generally 0; inflorescence narrow, spike-like"	"Heuchera cylindrica"
2	"Petals present, +- conspicuous; inflorescence more open, panicle or raceme-like"	3
3	"Hypanthium + calyx 2--3(4.2) mm, radial; calyx lobes equal, cream to +- yellow, tips pink to +- green"	"Heuchera parvifolia"
3	"Hypanthium + calyx generally > 3.5 mm, +- bilateral; calyx lobes +- unequal, light pink to red-purple, tips green or not (<i>Heuchera caespitosa</i> complex)"	4
4	"Inflorescence glands nearly sessile, stalk +- = gland; leaf blade generally < 15 mm, generally broadly ovate, lobed +- 1/2 to base"	"Heuchera abramsii"
4	"Inflorescence glands nearly sessile and long-stalked, stalk >> gland; leaf blade generally > 15 mm, generally round to reniform, lobed 1/4--1/3 to base"	5
5	"Stamens generally < 1/2 calyx lobes; part of hypanthium free from ovary +- 0.7 mm on short side, +- 1.5 mm on long side --- PR (San Diego Co.)"	"Heuchera brevistaminea"
5	"Stamens +- = calyx lobes; part of hypanthium free from ovary > 0.8 mm on short side, > 1.8 mm on long side"	6
6	"Calyx lobes all well developed"	"Heuchera caespitosa"
6	"Calyx lobes on long side of hypanthium minute --- PR"	"Heuchera hirsutissima"
7	"Flower +- bilateral; calyx lobes +- equal or not; part of hypanthium fused to ovary +- = long side of free part"	8
7	"Flower +- radial; calyx lobes +- equal; part of hypanthium fused to ovary generally > free part"	9
8	"Petals 2--3 mm, > 0.3 mm wide, oblanceolate, unequal; hypanthium strongly oblique"	"Heuchera parishii"
8	"Petals 3--6 mm, generally << 0.3 mm wide, thread-like to narrowly oblanceolate, equal; hypanthium slightly oblique"	"Heuchera rubescens"
9	"Styles 2--4 mm, exserted; hypanthium broadly obconic, base tapered; inflorescence generally open"	10
9	"Styles generally <= 1.8 mm, barely exserted; hypanthium bell-shaped, base truncate; inflorescence +- dense or open"	11
10	"Hypanthium + calyx 3.5--4.5 mm; leaf blade 6--18 cm wide; n ChI"	"Heuchera maxima"
10	"Hypanthium + calyx 1.5--3(5) mm; leaf blade 2--10 cm wide; mainland"	"Heuchera micrantha"
11	"Leaf blade generally round, base +- truncate; petiole 2--5 cm, hairs short, stiff; >= 1500 m"	"Heuchera merriamii"
11	"Leaf blade generally ovate, base cordate; petiole 7--20 cm, hairs long, soft; < 500 m"	"Heuchera pilosissima"
