from	statement	to
1	"Inflorescence a spike; hypanthium prickles in fruit > 4, longest generally 1--3 mm, +- throughout; plant from +- woody, branched caudex; leaflets pinnately dissected"	"Acaena pinnatifida var. californica"
1	"Inflorescence a head; hypanthium prickles in fruit 4, longest 7.5--15 mm, +- on top; plant from stolons; leaflets toothed"	2
2	"Hypanthium in fruit with longest prickle 7.5--12 mm, without vestigial prickles below top; stem 1--2 mm diam; leaflets dull, smooth adaxially, generally +- glaucous abaxially"	"Acaena novae-zelandiae"
2	"Hypanthium in fruit with longest prickle 9--15 mm, generally with a few vestigial prickles below top; stem 2--3 mm diam; leaflets shiny, wrinkled adaxially, pale with uneven wax layer abaxially"	"Acaena pallida"
