from	statement	to
1	"Stigma lobes widely spreading --- inner perianth pale to deep rose-pink or rose-violet, midstripe conspicuously darker"	"Coryphantha alversonii"
1	"Stigma lobes erect to ascending"	2
2	"Inner perianth ascending or recurved only at tips, +- yellow-green to pale cream-yellow or pale orange, darker midstripe generally well defined"	"Coryphantha chlorantha"
2	"Inner perianth generally spreading, recurved, pale to dark rose-pink to magenta, lacking a well defined midstripe"	"Coryphantha vivipara var. rosea"
