from	statement	to
1	"Spikelets narrowly cylindrical; glumes of fertile spikelets 1-awned or long-toothed"	"Aegilops cylindrica"
1	"Spikelets lance-ovate to urn-shaped; glumes of fertile spikelets 2--5-awned"	2
2	"Distal spikelets > 7 mm; fertile lemmas 2--3-toothed, 1 occasionally extended as awn to 10 mm"	"Aegilops triuncialis"
2	"Distal spikelets 2--5 mm; fertile lemmas with 2--3 awns to 40 mm"	3
3	"Basal vestigial spikelets 1(2); spikelets gradually narrowing distally"	"Aegilops geniculata"
3	"Basal vestigial spikelets 3(2); lower spikelets +- ovate, upper abruptly +- oblong"	"Aegilops neglecta"
