from	statement	to
1	"Perianth parts 2--8 mm; stamens >= perianth"	2
1	"Perianth parts 4--15 mm; stamens generally < perianth (+- = perianth in <i>Toxicoscordion fontanum</i>)"	4
2	"Inflorescence a panicle; flowers bisexual or on branches sterile or staminate; outer perianth parts generally +- not clawed; bracts 5--15 mm, green; NW, CaR, n SNH, GB"	"Toxicoscordion paniculatum"
2	"Inflorescence a panicle or raceme except occasionally with 1 branch below; flowers bisexual; outer perianth parts often clawed; bracts 5--40 mm, green to white-membranous; NW, CaR, SN, CW, WTR, PR, GB, DMtns"	3
3	"Plant scabrous at least below; pedicels in fruit generally spreading, with tips upturned or not, 12--40 mm; proximal inflorescence branches in fruit 60--90° from main axis; NW"	"Toxicoscordion micranthum"
3	"Plant glabrous; pedicels in fruit spreading to generally ascending, 3--25 mm; proximal inflorescence branches in fruit 10--60° from main axis; NW, CaR, SN, CW, WTR, PR, GB, DMtns"	"Toxicoscordion venenosum var. venenosum"
4	"Bract 2--8 mm, < 1/2 pedicel; filaments curved, thin; fruit width 1/2 length"	"Toxicoscordion brevibracteatum"
4	"Bract 3--50 mm, 1/3--3 × pedicel; filaments straight, proximally thick; fruit elongate, width generally < 1/2 length"	5
5	"Flowers bisexual except on lower inflorescence branches staminate or with stunted ovary; perianth parts 5--12 mm, outer often persistently reflexed below fruit; bulbs often clumped; SNF"	"Toxicoscordion exaltatum"
5	"Flowers bisexual; perianth parts 4--15 mm, outer not persistently reflexed below fruit; bulbs not clumped; not SNF"	6
6	"Perianth +- bell-shaped, parts 4--12 mm, ovate to elliptic; bracts 5--35 mm; inflorescence narrow, often pyramid-shaped in youth; NCoR, SnFrB, SCoRI"	"Toxicoscordion fontanum"
6	"Perianth rotate, parts 5--15 mm, widely ovate; bracts 5--50 mm; inflorescence wide; NW, c SNF (just west of Chinese Camp, Tuolumne Co.), ScV, CW, SW"	"Toxicoscordion fremontii"
