from	statement	to
1	"Plant strongly perennial herb; stamens 7--10"	2
1	"Annual (<i>Spergularia rubra</i>, <i>Spergularia media</i> short-lived perennial herb); stamens 2--10"	5
2	"Seeds 0.4--0.5 mm; calyx lobes 2.5--4 mm, in fruit < 5 mm; styles 0.4--0.6 mm"	"Spergularia villosa"
2	"Seeds 0.6--0.9 mm; calyx lobes 4.5--7 mm, in fruit < 8 mm; styles 0.6--3 mm"	3
3	"Petals pink to rosy or blue; styles 0.5--1.2 mm"	"Spergularia macrotheca var. macrotheca"
3	"Petals white; styles 1.2--3 mm"	4
4	"Fruit 1.2--1.4 × calyx; styles 1.2--1.9 mm"	"Spergularia macrotheca var. leucantha"
4	"Fruit 0.8--1 × calyx; styles 2--3 mm"	"Spergularia macrotheca var. longistyla"
5	"Seeds black, not papillate"	"Spergularia atrosperma"
5	"Seeds light to dark brown or red-brown, if nearly black, seeds covered with gland-tipped papillae"	6
6	"Stamens 6--10"	7
6	"Stamens 2--5"	9
7	"Seeds 0.8--1.1 mm, smooth, not papillate, generally winged; fruit (4.5)5.5--8 mm; plant stout, lower main stem generally 1--3 mm diam; leaves clearly fleshy"	"Spergularia media var. media"
7	"Seeds 0.4--0.6 mm, roughened or variously sculptured, papillate, not winged; fruit 2.7--5.4 mm; plant +- delicate, lower main stem generally 0.3--1 mm diam; leaves barely to +- fleshy"	8
8	"Leaves generally 0--2 per axillary cluster, +- fleshy; seeds light brown; stipules generally 1.5--4.5 mm, mostly deltate, dull, white to tan, generally inconspicuous, tip acute to short-acuminate"	"Spergularia bocconi"
8	"Leaves 2--4+ per axillary cluster, barely fleshy; seeds red-brown to dark brown; stipules generally 3.5--5 mm, lanceolate, shiny, white, conspicuous, tip +- long-acuminate"	"Spergularia rubra"
9	"Seeds 0.9--1.1 mm"	"Spergularia canadensis var. occidentalis"
9	"Seeds 0.3--0.7(0.8) mm"	10
10	"Inflorescence glandular-hairy, 1--3+ × compound or flowers 1 in axils; fruit 2.8--6.4 mm; calyx lobes 2.5--4.5 mm, in fruit < 4.8 mm; seeds 0.5--0.7(0.8) mm"	"Spergularia marina"
10	"Inflorescence glabrous, generally 4--7+ × compound; fruit 1.4--2.6 mm; calyx lobes 0.9--1.6 mm, in fruit < 2 mm; seeds 0.3--0.4 mm"	"Spergularia platensis var. platensis"
