from	statement	to
1	"Leaf margins fibrous-shredding, not serrate; leaf 30–150 cm; fruit fleshy in youth, pendent in age; s SW, s DMoj, e DMtns, nw DSon"	2
1	"Leaf margins minute-serrate, not fibrous-shredding; leaf 10–35(40) cm; fruit dry, spongy, or leathery in youth, spreading to erect in age; s SNH (e slope), Teh, e SNE, DMoj"	3
2	"Stem ± 0 or short-decumbent, rosettes at tips, ± at ground; perianth parts 5–13 cm, fused > 1 mm; e D"	"Yucca baccata var. baccata"
2	"Stem erect, rosettes at tips, well above ground; perianth parts 3–5 cm, free or fused < 1 mm; SW (exc WTR & SnGb & ChI), s DMoj, nw DSon"	"Yucca schidigera"
3	"Plant 6–9(16) m, trunk distinct, generally branched 1–3 m above plant base; leaf (12)15–35(40) cm; corolla cream, ± spheric, partially opening; perianth lobes curved inward; s SNH (e slope), Teh, e SNE, w&s DMoj"	"Yucca brevifolia"
3	"Plant 3–6(9) m, trunk distinct or not, generally branched < 1 m above plant base; leaf 10–21 cm; corolla greenish to cream-colored, narrow-bell-shaped; perianth lobe tips recurved; e DMoj (e San Bernardino Co.)"	"Yucca jaegeriana"
