from	statement	to
1	"Terminal leaflet not or +- jointed to midrib, joint unlike that of lateral leaflet; lateral leaflets often reduced or 0, spaces between generally >> 1.5 × leaflet width; leaves few, sparse"	2
1	"Terminal leaflet jointed to midrib, joint like that of lateral leaflet; lateral leaflets not reduced or 0, spaces between rarely > 1.5 × leaflet width; leaves generally many, not sparse"	3
2	"Fruit compressed side-to-side, base stalk-like; banner 9.4--12.2 mm"	"Astragalus inversus"
2	"Fruit cylindric or +- compressed side-to-side, base not stalk-like; banner 17--26 mm"	"Astragalus serenoi var. shockleyi"
3	"Annual, slender, rarely persisting to 2nd season"	4
3	"Perennial herb, often coarse --- flower, fruit > 5 mm (fruit < 5 in <i>Astragalus anxius</i>)"	6
4	"Banner 3--5 mm; fruit <= 4 mm"	"Astragalus didymocarpus var. dispermus"
4	"Banner 4.7--7.6 mm; fruit >= 12 mm"	5
5	"Fruit not inflated, 2--3 mm wide; leaflet adaxially +- appressed-hairy"	"Astragalus acutirostris"
5	"Fruit inflated, 6--10 mm wide; leaflet adaxially +- glabrous"	"Astragalus geyeri var. geyeri"
6	"Leaf hairs branched"	7
6	"Leaf hairs simple"	8
7	"Leaflets 1--7"	"Astragalus calycosus var. calycosus"
7	"Leaflets 7--25"	"Astragalus canadensis var. brevidens"
8	"Fruit densely white-hairy, resembling a cotton ball; stem 0--14 cm; plant hairs dense, of 2 kinds or not"	9
8	"Fruit silvery-hairy or not, not resembling a cotton ball; stem often > 10 cm; plant hairs sparse or dense, generally not of 2 kinds"	10
9	"Stems forming thickened crown covered by persistent leaf bases; longer hairs of leaf generally straight, some spreading; fruit hairs of 2 kinds, some curly, short, some +- straight, long (see also <i>Astragalus platytropis</i>)"	"Astragalus newberryi var. newberryi"
9	"Stems tufted or matted, leaf bases not persistent; longer hairs of leaf wavy, tangled; fruit hairs of 1 kind, +- wavy or straight"	"Astragalus purshii"
10	"Calyx base strongly asymmetric, pedicel attached at lower side, upper +- pouched; petals white to +- yellow; fruit curved 1/4 to +- full circle, base stalk-like"	11
10	"Calyx base +- symmetric, pedicel attached +- at middle, upper side +- not pouched; petals white, +- yellow, or purple-pink; fruit straight to curved +- full circle, base stalk-like or not"	12
11	"Stem hairs subappressed or incurved; fruit 2.5--4.5 mm wide; lowest stipules not fused"	"Astragalus curvicarpus var. curvicarpus"
11	"Stem hairs generally spreading, straight; fruit 4--8 mm wide; lowest stipules fused around stem into sheath"	"Astragalus gibbsii"
12	"Fruit spreading or pendent, early +- flat, then bulged around seeds, base stalk-like; corolla white, pale yellow, or cream"	13
12	"Fruit erect to pendent or reflexed, early +- swollen, then +- round, triangular, or 2-lobed in ×-section, base stalk-like or not; corolla +- white, +- yellow, or +- purple"	14
13	"Calyx, leaf hairs wavy, +- ascending or spreading; calyx > 6 mm"	"Astragalus californicus"
13	"Calyx, leaf hairs +- straight, appressed; calyx generally < 6 mm"	"Astragalus filipes"
14	"Stipule sheaths (on herbarium specimens or not) ruptured by stem expansion or not"	15
14	"Stipule sheaths +- 0 (lower stipules not or appearing not to be fused around stem into sheaths)"	23
15	"Stalk-like fruit base >= 0.5 mm"	16
15	"Stalk-like fruit base 0 (see also <i>Astragalus johannis-howellii</i>, at 16.)"	17
16	"Banner < 6 mm; fruit body narrow, 7--11 mm, 3-sided"	"Astragalus johannis-howellii"
16	"Banner > 8 mm; fruit body bladdery, > 15 mm, +- round in ×-section"	"Astragalus whitneyi"
17	"Banner generally < 9 mm (< 10 mm in <i>Astragalus anxius</i>); fruit 1-chambered; stem delicate, 1--20 cm"	18
17	"Banner often > 9 mm; fruit +- 2-chambered; stem often coarse, 0--35 cm"	19
18	"Fruit generally compressed side-to-side, +- 3-sided, 3.5--4.5 mm, hairs subappressed, +- straight; banner 6.5--10 mm, recurved +- 60--80°"	"Astragalus anxius"
18	"Fruit bladdery, +- round in ×-section, 10--20 mm, hairs +- spreading; banner 5.2--8.5 mm, recurved 90--100°"	"Astragalus pulsiferae"
19	"Herbage sparsely hairy or +- glabrous; flowers, fruits strongly ascending, crowded"	"Astragalus agrestis"
19	"Herbage densely hairy; flowers +- ascending to spreading, fruits +- ascending, spreading, reflexed, or pendent, crowded or not"	20
20	"Plants cespitose; stem < 2 cm; fruit bladdery"	"Astragalus platytropis"
20	"Plants tufted or loose-matted; stem > 5 cm; fruit not bladdery"	21
21	"Crown at surface; lowest few internodes above surface, densely white-tomentose; fruit ×-section blunt-triangular"	"Astragalus andersonii"
21	"Crown below surface; lowest few internodes below surface, +- glabrous; fruit ×-section oblong or blunt-triangular"	22
22	"Keel 6.7--8 mm; fruit oblong in ×-section, not fully 2-chambered, +- narrowed at sutures"	"Astragalus monoensis"
22	"Keel 10--12.2 mm; fruit bluntly 3-sided in ×-section, fully 2-chambered, not narrowed at sutures"	"Astragalus sepultipes"
23	"Flowers 1--4 per inflorescence, strongly ascending; corolla pink-purple; stems low, tufted or matted, strigose to spreading-hairy"	"Astragalus argophyllus var. argophyllus"
23	"Flowers generally > 4 per inflorescence, strongly ascending to reflexed; corolla +- red-purple to white; stems low or not, tufted or not, rarely matted, +- glabrous to strigose to spreading-hairy"	24
24	"Fruit +- 1-chambered at mid-section, stalk-like base generally > 3 mm or 0"	25
24	"Fruit +- 2-chambered at mid-section, stalk-like base generally <= 3 mm or 0"	30
25	"Stalk-like fruit base 2--12 mm"	26
25	"Stalk-like base of fruit 0"	27
26	"Stalk-like fruit base 3.5--12 mm; ovary, fruit glabrous"	"Astragalus oophorus"
26	"Stalk-like base of fruit 2--5 mm; ovary, fruit +- hairy"	"Astragalus inyoensis"
27	"Keel < 6 mm; fruit 10--20 mm, bladdery"	"Astragalus pulsiferae"
27	"Keel >= 8 mm; fruit 12--55 mm, swollen but not bladdery"	28
28	"Stem ascending or erect, not mat-forming; leaflets > 4 × longer than wide, spaces between >> width; keel > 10 mm"	"Astragalus casei"
28	"Stem +- prostrate to decumbent, +- mat-forming; leaflets < 2.5 × longer than wide, spaces << or +- = width; keel < 10 mm"	29
29	"Herbage, fruit hairs 0 or stiff, straight, appressed, < 0.7 mm; among sagebrush, woodland to barren areas on gravels, sands, volcanic ash"	"Astragalus iodanthus"
29	"Herbage, fruit hairs soft, wavy, spreading, 0.7--1.2 mm; sandy flats, dunes"	"Astragalus pseudiodanthus"
30	"Banner 4.8--6.1 mm; peduncles often in 2s or 3s in upper axils"	"Astragalus lemmonii"
30	"Banner > 7 mm; peduncles generally in 1s in upper axils"	31
31	"Stipules 7--17 mm, +- white or pale yellow; fruit, herbage hairs +- 1.5--2.5 mm, spreading"	"Astragalus malacus"
31	"Stipules < 6 mm, often +- green; fruit, herbage hairs 0 or generally < 1.5 mm, +- appressed"	32
32	"Fls, fruits in head-like racemes, strongly ascending; herbage sparsely hairy or +- glabrous"	"Astragalus agrestis"
32	"Fls, fruits not in head-like racemes, generally spreading or reflexed; herbage +- glabrous to densely hairy"	33
33	"Fruit erect, < 4 mm wide, straight, beak slender, +- tooth-like"	"Astragalus obscurus"
33	"Fruit spreading or reflexed, generally > 4 mm wide, straight to curved, beak +- triangular"	34
34	"Crown at surface; fruit not or +- curved, generally +- as deep as wide"	"Astragalus lentiginosus"
34	"Crown below surface; fruit curved at least 1/2 circle, wider than deep"	"Astragalus pseudiodanthus"
