from	statement	to
1	"Ovary, young fruit hairs minute, curved"	"Astragalus whitneyi var. confusus"
1	"Ovary, young fruit glabrous"	2
2	"Herbage hairs spreading to ascending; leaf 2–4 cm, ± without spaces between leaflets"	"Astragalus whitneyi var. lenophyllus"
2	"Herbage hairs incurved-ascending to appressed; leaf often > 4 cm, with spaces between leaflets"	3
3	"Fruit body 1.5–6 cm; herbage hairs ± appressed; KR, n NCoRH, CaRH, MP"	"Astragalus whitneyi var. siskiyouensis"
3	"Fruit body 1.5–3 cm; herbage hairs incurved-ascending to appressed; CaRH, s SNF, SNH, n WTR, n SNE, W&I"	"Astragalus whitneyi var. whitneyi"
