from	statement	to
1	"Rhizomes long, creeping; stem scattered or in lines, in loose colonies"	2
1	"Rhizomes short; stem cespitose, in dense tufts like bunchgrass"	6
2	"Blades well developed on some upper sheaths, > 5 cm, stem-like"	"Juncus mexicanus"
2	"Blades 0 or < 1 cm, not stem-like"	3
3	"Perianth < 5.5(6) mm; inflorescence open"	4
3	"Perianth generally > 6 mm; inflorescence open or a dense head"	5
4	"Stem smooth, not stiff, generally dark green; fruit acute below beak; stem generally < 1.1 m"	"Juncus balticus subsp. ater"
4	"Stem ridged, stiff, gray-green; fruit +- obtuse below beak; stem to 2 m"	"Juncus textilis"
5	"Inflorescence dense, branches obscured; older sheaths shiny, dark brown; stem generally flattened, generally arching, twisted"	"Juncus breweri"
5	"Inflorescence generally open, branches obvious; sheaths dull to +- shiny, pale to dark brown; stem cylindric, erect, generally not twisted"	"Juncus lescurii"
6	"Stamens 6"	7
6	"Stamens 3"	11
7	"Inflorescence < 6 flowers"	8
7	"Inflorescence > 10 flowers"	9
8	"Fruit notched or truncate; leaf blades 0 or vestigial; moist ground"	"Juncus drummondii"
8	"Fruit acute or acuminate; leaf blades > 2 cm, stem-like; +- dry ground"	"Juncus parryi"
9	"Sheaths bladeless; stem slender, blue-green"	"Juncus patens"
9	"Sheaths with blades 5--100 cm, stem-like, tip sharp; stem coarse, dark green"	10
10	"Perianth 2--4 mm; fruit >> perianth; fresh sepals rounded or notched with short awn, thin, not stiff; stem smooth, base fibrous"	"Juncus acutus subsp. leopoldii"
10	"Perianth 4--6 mm; fruit +- = perianth; fresh sepals spiny, acuminate, thick, firm; stem with 6--11 low wide ridges per side, base not fibrous"	"Juncus cooperi"
11	"Petals blunt, perianth << fruit; pith generally chambered"	"Juncus usitatus"
11	"Petals acuminate, perianth +- >= fruit; pith generally solid"	12
12	"Upper sheath tip generally strongly asymmetrical on fertile stem"	13
12	"Upper sheath tip +- symmetrical on fertile stem"	15
13	"Sheath tip thickened, with a raised rim; sheath generally dark brown to black"	"Juncus effusus subsp. pacificus"
13	"Sheath tip thin with broad membranous wings; sheath green when fresh to pale or mid-brown when dry"	14
14	"Perianth dark brown- to black-striped; fertile stem slender, generally 0.8--2 mm diam above sheath; NCo, KR, CCo, SCoRO"	"Juncus hesperius"
14	"Perianth pale brown; fertile stem stout, generally 2--3.7 mm diam above sheath; SW, DSon"	"Juncus effusus subsp. austrocalifornicus"
15	"Fertile stem slender, 0.8--2 mm diam above sheath; perianth with mid- to dark-brown stripes; stem striations 8--12 per side, coarse, best seen on dry stem; montane natives"	16
15	"Fertile stem stout, generally 2--5 mm diam above sheath; perianth generally pale brown; stem striations 14--26 per side, slender; rare introduced subspecies"	17
16	"Upper 1/2 of sheath green to pale brown, thin, dull, veins prominent, tip thin, +- inrolled towards stem"	"Juncus exiguus"
16	"Sheath generally dark brown to +- black throughout, thick, glossy, veins obscure, tip thickened, not inrolled"	"Juncus laccatus"
17	"Perianth spreading or curving away from fruit; sheaths 5--14 cm, margins generally dark-banded; sheath clasping stem, margins overlapping 2--4 cm from tip"	"Juncus effusus subsp. effusus"
17	"Perianth erect, pressed to fruit; sheaths generally 15--27 cm, margins generally pale; sheath not clasping stem, margins generally loose, flattened or unrolled"	"Juncus effusus subsp. solutus"
