from	statement	to
1	"Calyx interior with ring of hairs; vegetative stems decumbent, flowering stems upright"	"Mentha pulegium"
1	"Calyx interior glabrous or hairs few, scattered; both vegetative and flowering stems upright"	2
2	"Inflorescence generally axillary"	3
2	"Inflorescence terminal"	6
3	"All leaves +- equal in size, blade generally ovate, generally spicy-scented"	"Mentha arvensis"
3	"Leaves reduced in size distally, blade generally linear to lanceolate, generally pennyroyal- or spearmint-scented"	4
4	"Leaves gradually reduced distally on stem, generally pennyroyal-scented"	"Mentha canadensis"
4	"Leaves greatly reduced distally on stem, generally spearmint-scented (fruit-scented)"	5
5	"Calyx 1.5--3 mm, lobes triangular"	"Mentha X gracilis"
5	"Calyx 2.5--4 mm, lobes sharply tapering"	"Mentha X smithiana"
6	"Inflorescence generally head-like, clustered at distal 3--5 nodes"	7
6	"Inflorescence spike-like"	8
7	"Blade generally ovate, generally lavender- and citrus-scented"	"Mentha aquatica"
7	"Blade ovate to lanceolate, generally peppermint- or spearmint-scented (lavender and citrus)"	"Mentha x piperita"
8	"Leaves wrinkled"	9
8	"Leaves not wrinkled, occasionally deeply veined"	10
9	"Blade lance-oblong, glabrous (branched-hairy abaxially), spearmint-scented"	"Mentha spicata"
9	"Blade ovate, with scattered many-branched hairs abaxially, fruit-scented"	"Mentha suaveolens"
10	"Blade lanceolate to lance-oblong"	11
10	"Blade oblong to ovate"	12
11	"Blade widest near middle, hairs unbranched; fertile anthers +- 0.3--0.4 mm; generally musty-scented"	"Mentha longifolia"
11	"Blade widest near base, occasionally branched-hairy abaxially; fertile anthers +- 0.4--0.5 mm; generally spearmint-scented"	"Mentha spicata"
12	"Calyx ciliate; fertile anthers 4; leaf blade base tapered to +- lobed; corolla 2.5--3.5 mm; GV, CCo, TR"	"Mentha x rotundifolia"
12	"Calyx generally canescent; fertile anthers generally 0; leaf blade base tapered; corolla 3--4 mm; TR"	"Mentha X villosa"
