from	statement	to
1	"Involucre 9--15 mm; fruit glabrous or with few glandular hairs; style appendages +- = stigmatic portion"	"Chrysothamnus depressus"
1	"Involucre 4--10 mm; fruit moderately to densely hairy; style appendages generally < stigmatic portion"	2
2	"Heads generally overtopped by distal leaves; flowers 2--3(4); style branches generally not exserted beyond spreading corolla lobes; lower phyllaries leaf-like and >= rest of involucre"	"Chrysothamnus humilis"
2	"Heads not overtopped by distal leaves (occasionally distal may reach into inflorescence but not beyond); flowers 3--5(14); lower phyllaries +- green but << rest of involucre; style branches exserted beyond spreading corolla lobes."	3
3	"Leaves thread-like, 0.5--2 mm wide; phyllary tips acuminate to rigidly short-pointed; flowers 4--5"	"Chrysothamnus greenei"
3	"Leaves thread-like or linear to oblong or (ob)lanceolate, 0.5--10 mm wide; phyllary tips acute to obtuse or rounded; flowers 3--14"	4
4	"Distal stems and often leaves hairy"	5
4	"Stem glabrous; leaf faces glabrous, margins +- ciliate"	6
5	"Stem +- green, bristly hairy; leaves green, 2--6 mm wide, rough-hairy especially abaxially, sometimes glabrous adaxially, 3--5-veined"	"Chrysothamnus viscidiflorus subsp. lanceolatus"
5	"Stem and leaves gray-green, puberulent; leaves 1--2(4) mm wide; 1-veined (sometimes 3-veined proximally)"	"Chrysothamnus viscidiflorus subsp. puberulus"
6	"Leaves 0.5--1 mm wide; flowers 3--4(5); involucre +- obconic"	"Chrysothamnus viscidiflorus subsp. axillaris"
6	"Leaves 1--10 mm wide; flowers 4--14; involucre narrowly cylindric"	"Chrysothamnus viscidiflorus subsp. viscidiflorus"
