from	statement	to
1	"Annual 1--6(8) dm; leaf blade 18--40(90) mm; inflorescence generally +- head- or spike-like, often < petiole, of staminate and pistillate flowers; fruit deltate"	"Urtica urens"
1	"Perennial herb 5--30 dm; leaf blade 60--200 mm; inflorescence raceme- or panicle-like, generally > petiole, of staminate or pistillate flowers; fruit ovate"	2
2	"Non-stinging hairs on stem, leaf 0 to +- dense, occasionally > 1 mm, those on abaxial veins appressed; stem green"	"Urtica dioica subsp. gracilis"
2	"Non-stinging hairs on stem, leaf dense, < 1 mm, those on abaxial veins erect; stem gray-green"	"Urtica dioica subsp. holosericea"
