from	statement	to
1	"Bracts grading into distal leaves, uniformly green or occasionally distal-most purple-tinged, lobes 3, triangular to lanceolate"	2
1	"Bracts differing abruptly from distal leaves, +- purple or white at tips, lateral 2--4 lobes much narrower than ovate or oblong central lobe"	3
2	"Corolla white to +- purple, generally 12--20 mm; beak tip strongly hooked; lower corolla lip deeply pouched, teeth 0"	"Orthocarpus bracteosus"
2	"Corolla golden-yellow, 10--15 mm; beak tip obscurely hooked; lower corolla lip moderately pouched, teeth 3, incurved"	"Orthocarpus luteus"
3	"Beak with conspicuous, cylindric, hooked tip"	4
3	"Beak straight, without cylindric, hooked tip"	5
4	"Corolla 10--15 mm"	"Orthocarpus imbricatus"
4	"Corolla 25--30 mm"	"Orthocarpus pachystachyus"
5	"Corolla 16--25 mm; beak 7--8 mm, generally 1--4 mm > lower lip; pouches 4--5 mm deep"	"Orthocarpus cuspidatus subsp. cuspidatus"
5	"Corolla 9--18 mm; beak 3--6 mm, <= 1 mm > lower lip; pouches 1--3 mm deep"	6
6	"Corolla 14--18 mm, exserted, beak 5--6 mm, pouches +- 3 mm deep"	"Orthocarpus cuspidatus subsp. copelandii"
6	"Corolla 9--14 mm, included, +- hidden by bract, beak 3--4 mm, pouches 1--2 mm deep"	"Orthocarpus cuspidatus subsp. cryptanthus"
