from	statement	to
1	"Stem hairs short proximally, conspicuously glandular distally; style hairy; upper corolla lip +- = lower, 2-lobed, deeply hooded"	"Acanthomintha lanceolata"
1	"Stem hairs 0 to long, if glandular then inconspicuous; style glabrous; upper corolla lip < lower, entire, shallowly hooded"	2
2	"Upper stamens sterile; anthers glabrous; SCo, sw PR"	"Acanthomintha ilicifolia"
2	"Upper stamens fertile; anthers hairy; CW, WTR"	3
3	"Anthers pink-red; margins of distal leaves not spiny; stem generally unbranched; inflorescence generally terminal; CCo, SnFrB"	"Acanthomintha duttonii"
3	"Anthers cream; margins of distal leaves spiny; stem generally branched proximally; inflorescence terminal and axillary; SCoR, WTR"	4
4	"Hairs of stem and calyx 0 to short, not glandular; bracts round to wider than long, cordate-clasping at base; SCoRO, w&c WTR"	"Acanthomintha obovata subsp. cordata"
4	"Hairs of stem and calyx short or long, some inconspicuously glandular; bracts generally longer than wide, obtuse to truncate at base; SCoRI"	"Acanthomintha obovata subsp. obovata"
