from	statement	to
1	"Hypanthium 4.5--40 mm; plant with cauline, simple leaves; rosette 0 or poorly developed (sect. <i>Lignothera</i>)"	2
1	"Hypanthium 0.4--8 mm; plant generally with well-developed basal rosette, occasionally cauline leaves also present; leaves generally 1-pinnate (sect. <i>Chylismia</i>)"	4
2	"Hypanthium 18--40 mm; inflorescence open; sepals 8--15 mm"	"Chylismia arenaria"
2	"Hypanthium 4.5--14 mm; inflorescence dense; sepals 3--9 mm"	3
3	"Hypanthium 4.5--12 mm; hairs generally spreading, occasionally some glandular; c&s DMoj (San Bernardino Co.), DSon"	"Chylismia cardiophylla subsp. cardiophylla"
3	"Hypanthium 9--14 mm; hairs generally glandular, some spreading, nonglandular; n DMoj (Inyo Co.)"	"Chylismia cardiophylla subsp. robusta"
4	"Petals lavender, base generally yellow, lavender-dotted; rosette poorly developed"	"Chylismia heterochroma"
4	"Petals yellow or white, occasionally fading purple or red or base purple- or red-dotted; rosette well developed"	5
5	"Fruit generally < 2 mm wide, +- same width throughout"	6
5	"Fruit > 2 mm wide, wider toward tip"	9
6	"Sepals 1.5--4 mm; hypanthium 1--1.5 mm; stigma +- = anthers; inflorescence erect; lateral leaflets < 30 mm"	"Chylismia walkeri subsp. tortilis"
6	"Sepals 5--9 mm; hypanthium 3--8 mm; stigma > anthers; inflorescence nodding; lateral leaflets generally < 10 mm or 0"	7
7	"Flower bud reflexed; petals generally fading red"	"Chylismia brevipes subsp. arizonica"
7	"Flower bud not reflexed; petals not fading red"	8
8	"Plant hairs spreading; sepals in bud with free subterminal tips; petals not red-dotted"	"Chylismia brevipes subsp. brevipes"
8	"Plant strigose (spreading-hairy proximally); sepals in bud without free tips; petals generally red-dotted"	"Chylismia brevipes subsp. pallidula"
9	"Pedicel and fruit becoming reflexed; petals yellow"	"Chylismia munzii"
9	"Pedicel and fruit spreading or ascending; petals white or yellow"	10
10	"Plant spreading-hairy proximally; free tips of sepals in bud conspicuous; petals generally yellow"	"Chylismia claviformis subsp. peirsonii"
10	"Plant strigose or glabrous proximally (except <i>Chylismia claviformis</i> subsp. <i>cruciformis</i>); free tips of sepals in bud 0 or inconspicuous (except <i>Chylismia claviformis</i> subsp. <i>funerea</i>); petals white or yellow"	11
11	"Petals yellow"	12
11	"Petals white (pale yellow in <i>Chylismia claviformis</i> subsp. <i>claviformis</i>)"	14
12	"Plant strigose distally, also glandular or not; free tips of sepals in bud 0 or short"	"Chylismia claviformis subsp. yumae"
12	"Plant glabrous distally or glandular-hairy; free tips of sepals in bud 0"	13
13	"Terminal leaflet ovate to +- cordate, lateral leaflets few to many; flower generally opening at dawn"	"Chylismia claviformis subsp. cruciformis"
13	"Terminal leaflet lanceolate, lateral leaflets 0--few; flower opening at dusk"	"Chylismia claviformis subsp. lancifolia"
14	"Lateral leaflets generally well developed"	15
14	"Lateral leaflets generally 0 or poorly developed"	16
15	"Plant strigose distally (glandular-hairy)"	"Chylismia claviformis subsp. aurantiaca"
15	"Plant +- glabrous distally or with few glandular hairs"	"Chylismia claviformis subsp. claviformis"
16	"Free tips of sepals in bud conspicuous; plant generally strigose distally"	"Chylismia claviformis subsp. funerea"
16	"Free tips of sepals in bud 0 or minute; plant +- glabrous distally or generally with some glandular hairs"	"Chylismia claviformis subsp. integrior"
