from	statement	to
1	"Glumes awnless"	"Polypogon viridis"
1	"Glumes awned, awns 1--12 mm"	2
2	"Lemma awnless"	"Polypogon maritimus"
2	"Lemma generally awned (occasionally 0 in <i>Polypogon imberbis</i>)"	3
3	"Spikelet stalk > 2 mm"	"Polypogon imberbis"
3	"Spikelet stalk < 2 mm"	4
4	"Annual; glume lobed; inflorescence dense"	"Polypogon monspeliensis"
4	"Perennial herb; glume lobes 0; inflorescence lobed or interrupted"	5
5	"Glume awn (2)4--7(11) mm"	"Polypogon australis"
5	"Glume awn 1.5--4.5 mm"	"Polypogon interruptus"
