from	statement	to
1	"Perennial herb"	2
1	Annual	8
2	"Leaf lobes 0"	"Leptosiphon floribundus subsp. hallii"
2	"Leaf lobes palmate"	3
3	"Leaf lobes generally 3; pedicel generally 1--6 mm"	4
3	"Leaf lobes generally 5; pedicel 0 or << 1 mm"	5
4	"Leaf, calyx hairy"	"Leptosiphon floribundus subsp. floribundus"
4	"Leaf, calyx glabrous"	"Leptosiphon floribundus subsp. glaber"
5	"Corolla tube > calyx; leaf lobes lance-linear; seeds > 2 mm"	"Leptosiphon pachyphyllus"
5	"Corolla tube <= calyx; leaf lobes generally linear; seeds < 2 mm"	6
6	"Leaf, calyx sparsely hairy"	"Leptosiphon nuttallii subsp. nuttallii"
6	"Leaf, calyx densely hairy"	7
7	"Leaf lobes 3--7 mm; NCoRH"	"Leptosiphon nuttallii subsp. howellii"
7	"Leaf lobes 5--10 mm; SNE"	"Leptosiphon nuttallii subsp. pubescens"
8	"Corolla not both salverform and in dense bracted heads"	9
8	"Corollas both salverform (tube >> calyx) and in dense, bracted heads"	21
9	"Flowers sessile"	10
9	"Flowers pedicelled"	11
10	"Corolla 15--30 mm; c CW"	"Leptosiphon grandiflorus"
10	"Corolla < 15 mm; s SW, DSon"	"Leptosiphon lemmonii"
11	"Hairy ring inside corolla 0, filaments glabrous; corolla generally < calyx"	12
11	"Hairy ring inside corolla present or, if 0, then filaments hairy; corolla > calyx"	14
12	"Stem branches generally above base or 0; corolla tube << lobes; stamens exserted; seeds 1 per chamber"	"Leptosiphon harknessii"
12	"Stem branches at base; corolla tube >= lobes; stamens included; seeds > 1 per chamber"	13
13	"Corolla white; SNF, GV, CW, SW (except ChI)"	"Leptosiphon pygmaeus subsp. continentalis"
13	"Corolla blue; s ChI (San Clemente)"	"Leptosiphon pygmaeus subsp. pygmaeus"
14	"Hairy ring inside corolla 0; filaments hairy at base"	15
14	"Hairy ring inside corolla present; filaments glabrous (rarely hairy at base in <i>Leptosiphon septentrionalis</i>)"	16
15	"Stem branched at base; calyx membrane as wide as lobes; corolla veins obscure"	"Leptosiphon filipes"
15	"Stem branched above base; calyx membrane wider than lobes; corolla veins conspicuous"	"Leptosiphon liniflorus"
16	"Corolla 2--4 mm; stamens attached at or below hairy ring"	"Leptosiphon septentrionalis"
16	"Corolla 4--15 mm; stamens attached above hairy ring"	17
17	"Corolla tube < lobes"	18
17	"Corolla tube > lobes"	19
18	"Corolla lobes bright yellow"	"Leptosiphon aureus subsp. aureus"
18	"Corolla lobes white"	"Leptosiphon aureus subsp. decorus"
19	"Stigmas 1--2 mm; corolla throat generally maroon; stamens attached at or above mid throat; SnJV, SnFrB, SCoRI"	"Leptosiphon ambiguus"
19	"Stigmas <= 1 mm; corolla throat yellow; stamens attached at or below mid throat; NW, CaR, n&c SNF, n SNH, SnFrB, MP"	20
20	"Corolla tube < 5 mm, white, pink, blue, or lilac, <= calyx"	"Leptosiphon bolanderi"
20	"Corolla tube 10--15 mm, maroon, > 1.5 × calyx"	"Leptosiphon rattanii"
21	"Calyx membrane at least as wide as lobes"	22
21	"Calyx membrane much narrower than lobes"	26
22	"Bracts white-ciliate"	23
22	"Bracts not white-ciliate"	24
23	"Corolla tube 10--25 mm, lobes 2--4 mm"	"Leptosiphon ciliatus"
23	"Corolla tube 25--30 mm, lobes 5--8 mm"	"Leptosiphon montanus"
24	"Leaf lobes oblanceolate; corolla lobes generally truncate or +- notched; s SNH"	"Leptosiphon oblanceolatus"
24	"Leaf lobes linear to lance-linear; corolla lobes rounded; s SNH and elsewhere in s CA"	25
25	"Bract lobes not connected by translucent membrane; corolla tube glabrous outside; SnGb, SnBr, DMoj"	"Leptosiphon breviculus"
25	"Bract lobes connected at base by translucent membrane; corolla tube hairy outside; s SNH, Teh"	"Leptosiphon nudatus"
26	"Corolla tube 7--8 mm, < 2 × calyx"	"Leptosiphon serrulatus"
26	"Corolla tube generally > 10 mm, 2--6 × calyx"	27
27	"Calyx hairs sparse or 0 except on margins, nonglandular"	28
27	"Calyx hairs dense, glandular or not"	31
28	"Corolla lobes generally < 4 mm; stigmas <= 1(3) mm"	"Leptosiphon bicolor"
28	"Corolla lobes > 4 mm; stigmas < or > 1 mm"	29
29	"Corolla lobes 4--6 mm; stigmas generally < 2 mm"	"Leptosiphon jepsonii"
29	"Corolla lobes 6--14 mm; stigmas generally > 2 mm"	30
30	"Corolla lobes generally 6--9 mm, rounded; leaf lobes spoon-shaped, tips rounded"	"Leptosiphon rosaceus"
30	"Corolla lobes generally > 8 mm, often abruptly soft-pointed; leaf lobes narrowly oblanceolate to linear, tips pointed"	"Leptosiphon androsaceus"
31	"Leaf, calyx lobes needle-like; corolla lobes 3(5) mm, bright yellow"	"Leptosiphon acicularis"
31	"Leaf, calyx lobes not needle-like; corolla lobes generally > 5 mm, yellow or otherwise colored, but not both < 5 mm and yellow"	32
32	"Corolla lobes 2--4 mm, tube 5--16 mm"	"Leptosiphon minimus"
32	"Corolla lobes >= 4 mm, tube generally > 14 mm"	33
33	"Corolla lobes > 5 mm wide, rounded, bright yellow; calyx lobes generally deltate"	"Leptosiphon croceus"
33	"Corolla lobes < 5 mm wide, not both rounded and yellow; calyx lobes generally narrowly lanceolate"	34
34	"Tip of middle leaf lobe rounded, generally > 2 mm wide at widest point; corolla lobes abruptly soft pointed or generally truncate, tube generally > 1 mm wide"	"Leptosiphon latisectus"
34	"Tip of middle leaf lobe acute, generally < 2 mm wide at widest point; corolla lobes rounded, tube generally < 1 mm wide"	"Leptosiphon parviflorus"
