from	statement	to
1	"Peri gradually narrowed to indistinct beak, generally lanceolate; pistillate flower bract tip acuminate to short-awned"	"Carex scoparia var. scoparia"
1	"Peri abruptly narrowed to distinct beak, ovate to +- round to obovate or widely elliptic; pistillate flower bract tip blunt to acute"	2
2	"Peri body widest at or below middle; vegetative stems not leaning or branching or rooting at nodes"	"Carex feta"
2	"Peri body widest above middle; vegetative stems occasionally leaning or branching or rooting at nodes"	"Carex longii"
