from	statement	to
1	"Stem generally branched, leafy; inflorescence or flowers scattered along stem or congested in terminal cluster; stamens 3 or 6"	2
1	"Stem not branched, leafless, leaves basal; inflorescence or flowers terminal; stamens 2--3(--5)"	7
2	"Sepals 2--4 mm"	3
2	"Sepals generally 4--10 mm"	5
3	"Flowers scattered along stem, 1 per node"	"Juncus bufonius var. occidentalis"
3	"Flowers terminal, 3--10(25) per cluster"	4
4	"Perianth green to red or pale brown; lowest bract > inflorescence"	"Juncus capitatus"
4	"Perianth dark brown to +- black; lowest bract < inflorescence"	"Juncus planifolius"
5	"Fruit tip generally truncate, +- = petals; petals +- blunt"	"Juncus ambiguus"
5	"Fruit tip generally rounded or acute, < petals; petals acute to acuminate"	6
6	"Inflorescence open; generally non-saline soil"	"Juncus bufonius var. bufonius"
6	"Inflorescence congested, dense; generally saline soil"	"Juncus bufonius var. congestus"
7	"Inflorescence bracts leaf-like, > inflorescence; sepals >>, more acuminate than petals"	"Juncus capitatus"
7	"Inflorescence bracts inconspicuous, membranous, < inflorescence; sepals, petals similar in size, shape, occasionally sepals < petals"	8
8	"Anthers >= 0.9 mm, >(=) filaments; style >= 0.9 mm, flowers outcrossing"	9
8	"Anthers < 0.8 mm, < filaments; style < 0.6 mm, flowers generally self-pollinating"	12
9	"Fruit generally 11--17 mm, +- 3--4 × > perianth"	"Juncus digitatus"
9	"Fruit 1--5 mm, < or +- = perianth"	10
10	"Perianth parts acuminate; petals colored to tip, margins narrowly scarious; seed striate at 15×"	"Juncus triformis"
10	"Perianth parts acute; petals generally not colored to tip, sepal and petal margins broadly scarious; seed not striate at 15×"	11
11	"Flowers generally 1(2) per stem"	"Juncus leiospermus var. ahartii"
11	"Flowers generally 2--4(7) per stem"	"Juncus leiospermus var. leiospermus"
12	"Perianth dark brown to +- black; generally 3--6+ flowers per stem"	"Juncus planifolius"
12	"Perianth generally green to pink or red; generally 1--2 flowers per stem"	13
13	"Seed not striate; flowers 1 per stem; bracts 0 or 1--2, truncate to acute"	14
13	"Seed striate; flowers 1--2(7) per stem; bracts 2, acute to acuminate"	17
14	"Inflorescence bractlets 0; stem thickened below flower"	"Juncus hemiendytus var. abjectus"
14	"Inflorescence bractlets 1--2; stem not thickened below flower"	15
15	"Inflorescence bractlet 1, tip truncate, sheathing stem; stamens 2--3"	"Juncus uncialis"
15	"Inflorescence bractlets 1--2, tips acute to blunt, ovate to rounded, not sheathing stem; stamens 2--4"	16
16	"Perianth parts generally 6, shiny, incurved, generally > fruit"	"Juncus bryoides"
16	"Perianth parts generally 4, dull, erect or outcurved, generally < fruit"	"Juncus hemiendytus var. hemiendytus"
17	"Perianth parts generally 4"	18
17	"Perianth parts generally 6"	19
18	"Fruit much paler than perianth; seed 0.5--0.8 mm, < 4 per row, < 10 per capsule; fruit generally +- spheric to obovoid, < perianth"	"Juncus capillaris"
18	"Fruit, perianth both pale green or pink; seed 0.3--0.5 mm, > 4 per row, > 10 per capsule; some fruit +- ellipsoid or oblong, >= perianth"	"Juncus tiehmii"
19	"Perianth generally > and darker than capsule; < 10 seeds per capsule; seed 0.5--0.8 mm, striations generally faint at 30×"	"Juncus capillaris"
19	"Perianth +- = and same color as capsule; > 40 seeds per capsule; seed 0.3--0.6 mm, striations obvious at 30×"	20
20	"Flowers generally (1)2--3(4) per stem; fruit, perianth generally +- dark red in age; seed 0.4--0.6 mm"	"Juncus kelloggii"
20	"Flowers 1(2) per stem; fruit, perianth generally pale green to pale red in age, perianth midvein tips dark red; seed 0.3--0.4 mm"	"Juncus luciensis"
