from	statement	to
1	"Mature plants shrub-like; flowers orange; fruit > 10 cm wide"	"Cucurbita pepo var. pepo"
1	"Mature plants trailing; flowers yellow; fruit < 10 cm wide"	2
2	"Leaf blade angular, finely toothed or weakly lobed at base; tendril branched generally > 1 cm from base"	"Cucurbita foetidissima"
2	"Leaf blade deeply lobed, coarsely toothed at base or not; tendril branched +- from base"	3
3	"Leaf blade lobes +- lance-linear, distinct +- to petiole"	"Cucurbita digitata"
3	"Leaf blade lobes triangular or wide-lanceolate, distinct +- 1/2 to petiole"	"Cucurbita palmata"
