from	statement	to
1	"Leaf +- flat, leaflets toothed or lobed generally < 3/4 to base, generally +- separate --- plants rosettes or hanging clumps"	2
1	"Leaf +- cylindric, leaflets generally lobed +- to base, overlapped"	6
2	"Stamens 15--40 --- s SNH, SnBr, PR, SNE, DMtns"	"Ivesia saxosa"
2	"Stamens 5--10"	3
3	"Hypanthium bractlets 5; MP, adjacent SNH"	4
3	"Hypanthium bractlets generally 0; DMtns"	5
4	"Petals pale yellow; hypanthium bractlets +- = sepals"	"Ivesia baileyi var. baileyi"
4	"Petals white; hypanthium bractlets +- < 1/2 sepals"	"Ivesia baileyi var. beneolens"
5	"Hypanthium width <= length, receptacle stalked in pistil-bearing portion; n DMtns"	"Ivesia arizonica var. arizonica"
5	"Hypanthium width > 2 × length; receptacle not stalked; e DMtns"	"Ivesia patellifera"
6	"Stamens 10--20 (if 10, cauline leaves >= 3)"	7
6	"Stamens 5 or 10; cauline leaves 1--3"	17
7	"Leaflets < 8 per side; stems hanging to +- matted; caudex few- to many-branched; rock outcrops"	8
7	"Leaflets > 10 per side; stems decumbent to erect; caudex 0--few-branched; meadows, sandy flats"	9
8	"Leaflet lobes < 4; petals white; SnJt"	"Ivesia callida"
8	"Leaflet lobes 3--6; petals yellow; e DMtns"	"Ivesia jaegeri"
9	"Leaflets generally 15--20 per side; sheathing leaf bases glabrous; stamens 10--16, filament +- < 1 mm; style < 1.5 mm"	10
9	"Leaflets >= 20 per side; sheathing leaf bases generally +- strigose; stamens 15--20; filament 1--4 mm; style +- > 2 mm"	11
10	"Petals 4(5), pale yellow; inflorescence not red-tinged; s SNH"	"Ivesia campestris"
10	"Petals 5, white or pink-tinged; inflorescence often red-tinged; c&s SNH"	"Ivesia unguiculata"
11	"Inflorescence of separate flowers or generally < 5-flowered clusters; pedicels generally > 5 mm; leaflets generally 30--80 per side"	12
11	"Inflorescence of generally > 5-flowered clusters; pedicels generally < 3 mm (except lowest); leaflets 20--35 per side"	14
12	"Leaf mousetail-like, leaflets indistinct, obscured by dense, silvery hairs, lobes < 1.5 mm; stamens 15; pistil 1; granitic sand --- SNH, TR, SnJt"	"Ivesia santolinoides"
12	"Leaf not mousetail-like, leaflets overlapped but distinct, not obscured by hairs, lobes >= 2 mm; stamens 20; pistils >= 2; meadows"	13
13	"Herbage hairs +- 0 or appressed, < 1 mm; petals +- obovate; alkali meadows; n SNE"	"Ivesia kingii var. kingii"
13	"Herbage hairs spreading, < 4 mm; petals +- oblanceolate; generally on serpentine clays; c KR"	"Ivesia pickeringii"
14	"Stem 10--20 cm, +- decumbent; leaves generally 4--8 cm, cauline +- 2; filament +- flat; SnBr"	"Ivesia argyrocoma var. argyrocoma"
14	"Stem generally > 20 cm, decumbent to erect; leaves > 8 cm, cauline >= 3; filament thread-like, not flat; n SNH, MP"	15
15	"Petals white; hypanthium length >= width; hairs of stem base +- spreading, 2--4 mm"	"Ivesia sericoleuca"
15	"Petals yellow; hypanthium length <= width; hairs of stem base ascending, < 2 mm"	16
16	"Petals 2--3 mm, oblanceolate; filament 1--1.5 mm; n SNH (except Dog Valley), s MP"	"Ivesia aperta var. aperta"
16	"Petals generally 4--7 mm, +- obovate; filament 2--4 mm; n SNH (Dog Valley, e Sierra Co.)"	"Ivesia aperta var. canina"
17	"Hypanthium bractlets > sepals --- KR (Castle Crags)"	"Ivesia longibracteata"
17	"Hypanthium bractlets +- 1/2 sepals"	18
18	"Inflorescence generally +- open between separate flowers or of +- loose clusters; plant +- matted from much-branched caudex; pedicels generally +- S-shaped in fruit; sheathing leaf bases strigose"	19
18	"Inflorescence of 1--few generally head-like, 3--20-flowered clusters (becoming more open in <i>Ivesia webberi</i>); plant generally rosetted from 0--few-branched caudex; pedicels straight in fruit; sheathing leaf-bases hairy or not"	21
19	"Stamens 10; pistils 10--30 --- c&s SNH"	"Ivesia pygmaea"
19	"Stamens 5; pistils generally < 5"	20
20	"Petals white to pale +- yellow, linear, +- 1 mm; plant densely hairy, glands not obvious; 1400--1800 m; MP"	"Ivesia paniculata"
20	"Petals yellow, oblanceolate, +- 2 mm; plant moderately hairy, glands many; 2700--4000 m; n&c SNH, W&I"	"Ivesia shockleyi var. shockleyi"
21	"Cauline leaves 2, +- opposite; leaflets 4--8 per side, lobes linear to lanceolate; 1500--1900 m --- s-most MP, adjacent n SNH"	"Ivesia webberi"
21	"Cauline leaves generally 1 or alternate; leaflets > 8 per side, lobes oblanceolate to +- round; > 1800 m"	22
22	"Leaf mousetail-like, leaflets indistinct, < 1 mm, hidden by dense, silvery hairs; petals 1--2 mm --- c&s SNH"	"Ivesia muirii"
22	"Leaf not mousetail-like, leaflets overlapped but distinct, generally > 1 mm, +- glabrous to +- hairy; petals >= 2 mm"	23
23	"Stamens 10; sheathing leaf-bases generally +- strigose; hypanthium length +- < l/2 width --- c&s SNH"	"Ivesia pygmaea"
23	"Stamens 5; sheathing leaf-bases not strigose (+- glabrous or glandular); hypanthium length > 1/2 width"	24
24	"Hypanthium length >= width; petals narrow-oblanceolate; pistils generally 2--4; fruit +- 2 mm, mottled brown"	25
24	"Hypanthium length +- < width; petals +- obovate; pistils generally 5--15; fruit 1--1.5 mm, not mottled"	26
25	"Stems ascending to erect, generally not +- red"	"Ivesia gordonii var. alpicola"
25	"Stems prostrate to ascending, dark +- red"	"Ivesia gordonii var. ursinorum"
26	"Leaflet lobes +- 1 mm, +- round, +- glabrous; petals 2--3 mm --- rocky areas; n&c SNH, SNE (Sweetwater Mtns)"	"Ivesia lycopodioides var. lycopodioides"
26	"Leaflet lobes >= 1 mm, narrow-oblanceolate to obovate, often +- hairy; petals generally > 3 mm"	27
27	"Leaflet lobes 2--8 mm, +- glabrous to sparsely hairy, bristle-tip 0--0.5 mm; wet meadows; c&s SNH"	"Ivesia lycopodioides var. megalopetala"
27	"Leaflet lobes 1--3 mm, moderately to densely hairy, bristle-tip generally 0.5--1 mm; vernally moist, rocky areas; c&s SNH, W&I"	"Ivesia lycopodioides var. scandularis"
