from	statement	to
1	"Corolla tube generally < 10 mm; inflorescence open to head-like, terminal"	2
1	"Corolla tube 10--45 mm; inflorescence clusters, lateral"	5
2	Annual	3
2	"Perennial herb"	4
3	"Corolla +- bilateral, deep pink to white mottled pink; stamens exserted"	"Ipomopsis effusa"
3	"Corolla radial, generally white; stamens generally included"	"Ipomopsis polycladon"
4	"Leaf pinnate-lobed"	"Ipomopsis congesta subsp. congesta"
4	"Leaf palmate-lobed"	"Ipomopsis congesta subsp. montana"
5	"Corolla white to pink or lavender, +- speckled at lobe bases, tube 25--45 mm"	"Ipomopsis tenuituba"
5	"Corolla generally red, mottled white on lobes, throat or not, tube 5--30 mm"	6
6	"Corolla +- bilateral, lobes notched; stamens strongly exserted"	"Ipomopsis tenuifolia"
6	"Corolla radial, lobes acute to acuminate; stamens included or exserted"	7
7	"Corolla tube 10--20 mm; anthers included; e DMtns"	"Ipomopsis arizonica"
7	"Corolla tube 20--30 mm; anthers exserted; KR, NCoRH, CaRH, SNH, GB"	8
8	"Pollen white, light yellow, or +- blue; cauline leaf lobes acute"	"Ipomopsis aggregata subsp. aggregata"
8	"Pollen generally blue; cauline leaf lobes blunt to rounded"	"Ipomopsis aggregata subsp. bridgesii"
