from	statement	to
1	"Hairs of stem-buds, leaflet axils, leaf axils, inflorescence +- white or +- gray"	2
1	"Hairs of stem-buds, leaflet axils, leaf axils, inflorescence primarily red-brown"	3
2	"Leaflets dull adaxially, 11--17; stem-bud not shiny, not sticky, hairs dense"	"Sorbus aucuparia"
2	"Leaflets shiny adaxially, 7--13; stem-bud shiny, sticky, hairs generally sparse"	"Sorbus scopulina"
3	"Leaflets shiny adaxially, 2--4 cm; stem-bud shiny, sticky, not glaucous, hairs generally only on scale margins, tips; flower, fruit pedicel +- glabrous"	"Sorbus californica"
3	"Leaflets dull adaxially, 2--6 cm; stem-bud glaucous, not shiny, not sticky, hairs on scale margins, tips, faces; flower, fruit pedicel glabrous or +- hairy"	4
4	"Lateral leaflets +- entire or toothed above middle"	"Sorbus sitchensis var. grayi"
4	"Lateral leaflets toothed below middle"	"Sorbus sitchensis var. sitchensis"
