from	statement	to
1	"Leaf 1--3.5 cm wide, obtuse, acute, or short-acuminate, margin simply or occasionally doubly serrate"	2
1	"Leaf 3.5--8.3 cm wide, acuminate, margin doubly serrate"	3
2	"Bark not furrowed, peeling as irregular woody scales 2--8 cm wide, orange-brown where freshly exposed, soon weathering ash-gray; flowers, fruit in autumn"	"Ulmus parvifolia"
2	"Bark deeply furrowed, remaining firmly attached, medium gray; flowers, fruit appearing before leaves in spring"	"Ulmus pumila"
3	"Pedicel 7--17 mm, slender; flower, fruit drooping; fruit wing margin densely ciliate; bark split into ridges that mostly curve together at their ends; branches never with corky outgrowths"	"Ulmus americana"
3	"Flower, fruit sessile or nearly so; fruit including wings glabrous except for pubescence on stigmatic surface in notch; bark split into ridges or plates that seldom curve together; generally some branches with corky warts or wings"	"Ulmus minor"
