from	statement	to
1	Annual	"Elymus caput-medusae"
1	"Perennial herb"	2
2	"Inflorescence branched, at least at base"	3
2	"Inflorescence spike-like (raceme-like), spikelets sessile or some slightly stalked (< 1 mm)"	4
3	"Stem 11--35 dm, 6--10 mm wide at base; blade 15--35 mm wide; spikelet 10--40 per node (inc branches)"	"Elymus condensatus"
3	"Stem 6.5--21 dm, 3.5--5 mm wide at base; blade 6--15 mm wide; spikelet 2--6 per node"	"Elymus X gouldii"
4	"Plants of coastal beaches, dunes, and bluffs"	5
4	"Plants of other habitats"	7
5	"Glumes awl-like"	"Elymus pacificus"
5	"Glumes flat, lanceolate"	6
6	"Glumes 1--2 mm wide at mid-length, keeled"	"Elymus X vancouverensis"
6	"Glumes 3--5 mm wide at mid-length, rounded"	"Elymus mollis subsp. mollis"
7	"Glumes 0 or << lowest lemma"	"Elymus californicus"
7	"Glumes 2 (on at least upper spikelets in <i>Elymus salina</i>), equal or unequal, but > 1/2 lowest lemma"	8
8	"Inflorescence axis breaking apart with age"	9
8	"Inflorescence axis remaining intact with age"	13
9	"Spikelets generally 1 per node; glumes narrowly lanceolate"	"Elymus scribneri"
9	"Spikelets 2(3) per node; glumes awn-like"	10
10	"Glumes cleft into 3--9 awn-like divisions; auricles generally present"	"Elymus multisetus"
10	"Glumes entire or 2(3)-cleft; auricles often lacking"	11
11	"Glumes 2 on all spikelets; palea veins generally not extended as short bristles"	"Elymus elymoides var. brevifolius"
11	"Glumes on spikelets at lower nodes appearing to be 3, 1 a glume-like sterile floret; palea veins generally extended as short bristles"	12
12	"Glumes entire; lemma awns generally > glume awns"	"Elymus elymoides var. californicus"
12	"Some glumes with 2--3 awn-like divisions; lemma awns generally < glume awns"	"Elymus elymoides var. elymoides"
13	"Lemma awn generally 10--40 mm"	14
13	"Lemma awn 0--10(15) mm"	18
14	"Lemma awn curving outward with age"	15
14	"Lemma awn straight or wavy, but not curving outward (sometimes slightly curved in <i>Elymus glaucus</i>)"	16
15	"Stem erect at base, 30--100 cm; sagebrush steppe, woodland, < 1650 m"	"Elymus spicatus"
15	"Stem decumbent at base, generally 20--50 cm; alpine, subalpine conifer forest, > 1800 m"	"Elymus sierrae"
16	"Spikelets generally 2 per node"	"Elymus glaucus subsp. glaucus"
16	"Spikelets generally 1 per node"	17
17	"Anthers 4--7 mm; inflorescence internodes generally 9--27 mm"	"Elymus stebbinsii"
17	"Anthers 1.2--2.5 mm; inflorescence internodes generally 7--9 mm"	"Elymus trachycaulus subsp. trachycaulus"
18	"Glumes generally awl-like, or if lanceolate, then often inconspicuously 0--3(5)-veined, hard or tough textured, and awn-tipped or acute"	19
18	"Glumes flat, narrowly to broadly lanceolate, strongly 3--9-veined, thin (if thickened, tip obtuse)"	24
19	"Spikelets 2--7 per node"	20
19	"Spikelets generally 1 per node (sometimes 2--3 in <i>Elymus salina</i>)"	22
20	"Stem node region generally densely pubescent; plants generally cespitose"	"Elymus cinereus"
20	"Stem node region glabrous; plants rhizomatous"	21
21	"Leaf blades generally 3--6 mm wide; spikelets 2(3) per node, 3--7 florets"	"Elymus triticoides"
21	"Leaf blades generally 6--15 mm wide; spikelets 2--6 per node, with 6--9 florets"	"Elymus X gouldii"
22	"Florets generally twisted so that back of lowermost lemma centered between glumes"	"Elymus triticoides"
22	"Florets not twisted, back of lowermost lemma not centered between glumes"	23
23	"Plants generally cespitose (sometimes weakly rhizomed); stem 30--90 cm; cauline leaves present; glumes not curved distally"	"Elymus salina"
23	"Plants rhizomatous; stem 20--100 cm; leaves mostly basal; glumes +- curved distally"	"Elymus smithii"
24	"Glume tips rounded, obtuse to truncate"	25
24	"Glume tips acute to acuminate and/or awned"	26
25	"Plants rhizomatous; midvein of glume more prominent than lateral veins"	"Elymus hispidus"
25	"Plants cespitose; midvein of glume and lateral veins +- equally prominent"	"Elymus ponticus"
26	"Rhizomes present"	27
26	"Rhizomes generally 0"	28
27	"Leaf blade 1--6 mm wide; lemma hairy"	"Elymus lanceolatus subsp. lanceolatus"
27	"Leaf blade 6--14 mm wide; lemma glabrous"	"Elymus repens"
28	"Spikelets generally 2 per node"	"Elymus glaucus subsp. virescens"
28	"Spikelets generally 1 per node"	29
29	"Anthers 4--7 mm; inflorescence internodes generally 9--27 mm"	"Elymus stebbinsii"
29	"Anthers 1.2--2.5 mm; inflorescence internodes generally 7--9 mm"	"Elymus trachycaulus subsp. trachycaulus"
