from	statement	to
1	"Styles 2, fused (Subg. <i>Monogynella</i>)"	2
1	"Styles 2, free"	3
2	"Style >= stigmas"	"Cuscuta japonica var. formosana"
2	"Style < stigmas. (Extirpated)"	"Cuscuta reflexa"
3	"Stigmas elongate; calyx abruptly narrowed to short, obtuse, fleshy appendage (Subg. <i>Cuscuta</i>)"	"Cuscuta approximata"
3	"Stigmas spheric to widely elliptic; calyx lobes not narrowed to appendage (Subg. <i>Grammica</i>)"	4
4	"Corolla scales 0"	5
4	"Corolla scales present"	10
5	"Corolla lobes 1/3--1/2 tube, ovate-triangular, tips incurved"	"Cuscuta jepsonii"
5	"Corolla lobes 3/4 to > tube, narrowly lanceolate to lanceolate, tips not incurved"	6
6	"Styles 0.5--1(1.5) mm; anthers 0.25--0.5 mm, wide-elliptic; fruit translucent, surrounded by corolla"	"Cuscuta occidentalis"
6	"Styles 1.2--3 mm; anthers 0.7--1.1 mm, oblong to linear; fruit not translucent, +- enclosed by corolla (top not or barely visible)"	7
7	"Calyx 1/2--1/4 corolla tube; corolla lobes <= tube; filaments 0.2--0.6 mm"	"Cuscuta brachycalyx"
7	"Calyx 3/4 to = corolla tube; corolla lobes >= tube; filaments 0.6--1.1 mm"	8
8	"Ovary, fruit ovoid-conic, tip pointed; seed 1"	"Cuscuta californica var. apiculata"
8	"Ovary, fruit spheric to spheric-depressed; seeds (1)2--4"	9
9	"Perianth, pedicels dense-papillate"	"Cuscuta californica var. papillosa"
9	"Perianth, pedicels not papillate"	"Cuscuta californica var. californica"
10	"Corolla scales generally reduced, shallowly finely dentate (rarely 2-lobed, +- fringed into 1--3 short units on each side of filaments)"	"Cuscuta suksdorfii"
10	"Corolla scales well developed, fringed"	11
11	"Calyx, corolla lobe tips dissimilar, calyx lobe tips obtuse to rounded, corolla lobe tips acute"	12
11	"Calyx, corolla lobes tips similar, both either acute to long-acuminate or obtuse to rounded"	13
12	"Calyx 1/2--3/4 corolla tube. (Extirpated)"	"Cuscuta suaveolens"
12	"Calyx generally +- = corolla tube"	"Cuscuta campestris"
13	"Calyx, corolla lobes obtuse to rounded"	14
13	"Calyx, corolla lobes acute to long-acuminate"	16
14	"Calyx veined, shiny; calyx, corolla lobes finely dentate; seeds 1, spheric to spheric-ovoid"	"Cuscuta denticulata"
14	"Calyx not veined, not shiny; calyx, corolla lobes entire or calyx lobes finely serrate; seeds (1)2--4"	15
15	"Flower parts in (3s)4s(5s); fruit capped by corolla"	"Cuscuta cephalanthi"
15	"Flower parts in (4s)5s; fruit surrounded by corolla. (Extirpated)"	"Cuscuta obtusiflora var. glandulosa"
16	"Corolla lobe tips incurved"	"Cuscuta indecora var. indecora"
16	"Corolla lobe tips straight or recurved but not incurved"	17
17	"Embryo enlarged on 1 end"	18
17	"Embryo not enlarged on 1 end"	19
18	"Flowers 1--2(5), (2.8)3--4(5) mm; calyx lobes lanceolate, +- entire; anthers 0.4--0.7 mm, filaments (0)0.1--0.3 mm; desert, on shrubs in <i>Atriplex</i>, <i>Ambrosia</i>, <i>Psorothamnus</i>, <i>Xylorhiza</i>"	"Cuscuta nevadensis"
18	"Flowers (1)2--5, 1.9--3.2 mm; calyx lobes oblong to obovate-rhombic, +- irregularly finely dentate; anthers 0.3--0.4 mm, filaments 0.2--0.4 mm; desert, on <i>Bursera</i>, <i>Schinus</i>. (Extirpated)"	"Cuscuta veatchii"
19	"Flower 5--7(9) mm; calyx generally 1/2 corolla tube, lobe bases overlapped; corolla lobes 1/4--1/3 tube; anthers 0.8--2 mm"	"Cuscuta subinclusa"
19	"Flower 2.5--5(6) mm; calyx generally +- = corolla tube, lobe bases generally not overlapped; corolla lobes generally +- = tube; anthers 0.3--0.7 mm"	20
20	"Flowers in host inflorescence, parts in 4s(5s); calyx, corolla lobes acuminate to long-acuminate; fruit spheric to spheric-depressed, not thickened, not raised around opening between styles; seeds 1--4"	"Cuscuta howelliana"
20	"Flowers not in host inflorescence, parts in 5s; calyx, corolla lobes acute to acuminate; fruit elliptic-ovoid, +- thickened, +- raised around opening between styles; seeds 1--2"	21
21	"Pedicels (0.5)1--5 mm; flower 2.5--4.5 mm; corolla tube +- cylindric, lobes reflexed to spreading, ovate- to lance-oblong; inland salt flats"	"Cuscuta salina"
21	"Pedicels 0.5--2 mm; flower 3.5--6 mm; corolla tube bell-shaped, lobes spreading to erect, widely ovate; coastal salt marshes, interdune depressions, tidal flats"	22
22	"Pedicels, calyx papillate; interdune depressions"	"Cuscuta pacifica var. papillata"
22	"Pedicels, calyx not papillate; coastal salt marshes, tidal flats"	"Cuscuta pacifica var. pacifica"
