from	statement	to
1	"Abaxial leaf hairs dense, curly-wavy, interwoven, felt-like, not appressed toward leaf tip"	2
1	"Abaxial leaf hairs 0 to dense, straight to wavy, not felt-like, appressed toward leaf tip"	3
2	"Leaf margin +- to strongly wavy and often +- to strongly rolled under; pistillate flowers (1)3 per bract; inflorescence in fruit 18--28 mm wide; NCo, NCoRO, n SNF, ScV, CCo, SnFrB, SCoRO"	"Garrya elliptica"
2	"Leaf margin flat to +- wavy and sometimes +- rolled under; pistillate flowers 1(3) per bract; inflorescence in fruit 13--18 mm wide; SCoRO, SW"	"Garrya veatchii"
3	"Abaxial leaf hairs 0 (or sparse on young leaves); fruit glabrous or near tip sparsely hairy"	"Garrya fremontii"
3	"Abaxial leaf hairs sparse to dense; fruit dense-hairy, glabrous, or near tip sparsely hairy"	4
4	"Abaxial leaf hairs dense, fine, wavy"	"Garrya congdonii"
4	"Abaxial leaf hairs sparse to dense, +- coarse, straight to +- curved"	5
5	"Fruit glabrous or near tip sparsely hairy; abaxial leaf hairs generally dense; NW"	"Garrya buxifolia"
5	"Fruit generally dense-hairy; abaxial leaf hairs sparse to +- dense; NW, SN, CW, SW, DMtns"	"Garrya flavescens"
