from	statement	to
1	"Outer phyllaries generally enlarged, leaf-like, incurved; involucre 2.5--4 cm diam; fruit center thick, edge thin"	"Helianthella castanea"
1	"Outer phyllaries seldom enlarged or leaf-like, not incurved; involucre generally (1)1.5--2 cm diam; fruit compressed, thin"	2
2	"Pappus 0; stem branched; cauline leaves generally opposite"	"Helianthella californica var. californica"
2	"Pappus present; stem generally unbranched; cauline leaves generally alternate"	3
3	"Disk generally 1.5--2 cm diam; pappus generally of 2 awns or narrow scales, 1--2 mm, and crown of short scales; leaf blades oblong- or lance-linear, (1.5)2--4(4.5) cm wide, heads generally 2--3"	"Helianthella californica var. nevadensis"
3	"Disk generally 1--1.5 cm diam; pappus generally of 2 awns, 1 mm; leaf blades linear to lance-linear (narrowly ovate), 3--6(18) mm wide; heads generally 1"	"Helianthella californica var. shastensis"
