from	statement	to
1	"Leaf divided into 2 nearly identical sporophores and no trophophore"	"Botrychium paradoxum"
1	"Leaf divided into trophophore and sporophore (latter occasionally aborted)"	2
2	"Trophophore ternate, appearing to be divided into 3 +- equal segments due to great enlargement and dissection of basal pinna pair"	3
2	"Trophophore pinnate; basal pinnae not disproportionately enlarged"	5
3	"Trophophore sessile or nearly so, stalk of sporophore 0.3--0.7 × trophophore"	"Botrychium pumicola"
3	"Trophophore clearly stalked, sporophore stalk generally >= trophophore"	4
4	"Middle pinnae narrowly attached to rachis, slightly or not decurrent; plants yellow-green; generally in seasonally moist meadows"	"Botrychium simplex var. compositum"
4	"Middle pinnae broadly attached to rachis, strongly decurrent; plants blue-green; generally in hard-water-saturated substrate"	"Botrychium simplex var. simplex"
5	"Basal pinna pair pinnately dissected, midribbed; pinnae ovate to elliptic, broadest near base or middle"	"Botrychium pinnatum"
5	"Basal pinna pair entire or palmately dissected, fan-shaped, broadest at outer margin"	6
6	"Trophophore and sporophore joined well below mid-leaf, generally at ground level"	"Botrychium simplex or b. pumicola (small or shade pls, see couplet 3 to separate the species)"
6	"Trophophore and sporophore joined generally near or distal to mid-leaf"	7
7	"Side margins of simple pinnae +- parallel or, if cleft into segments, side margins of segments +- parallel"	8
7	"Side margins of simple pinnae converging at > 30°, or, if cleft into segments, segments wedge-shaped"	9
8	"Trophophore +- sessile; sporophore stalk very short, pinnae elongate, longer than wide, not decurrent to rachis"	"Botrychium lineare"
8	"Trophophore and sporophore stalk long, pinnae rhomboid, as long as wide, strongly decurrent"	"Botrychium montanum"
9	"Side margins of basal pinnae converging at (90)150--180°; pinnae touching to overlapping, especially toward tip"	10
9	"Side margins of basal pinnae converging at 30--120(160)°; pinnae generally well-spaced to touching"	12
10	"Middle pinnae spreading, +- perpendicular to rachis; pinna texture delicate, outer margins generally finely crenate to dentate; basal sporophore branches often downturned, occurring in or near saturated substrate"	"Botrychium crenulatum"
10	"Middle pinnae ascending; pinna texture firm, outer margins entire to wavy to coarsely toothed; basal sporophore branches generally not downturned"	11
11	"Spores 33--39 µm in longest diam"	"Botrychium lunaria"
11	"Spores 46--57 µm in longest diam"	"Botrychium yaaxudakeit"
12	"Pinnae spreading, +- perpendicular to rachis; fertile portion of sporophore triangular to deltate; basal sporophore branches often downturned"	13
12	"Pinnae ascending; fertile portion of sporophore oblong to deltate; basal sporophore branches not downturned"	14
13	"Pinnae fan-shaped, texture delicate, deep green, outer margins generally finely crenate to dentate; occurring in or near saturated substrate"	"Botrychium crenulatum(sun plants)"
13	"Pinnae oblong or rounded without a sharp angle between side and outer margin, texture thick, yellow-green, outer margins entire or shallowly cleft; occurring in well-drained sites"	"Botrychium tunux"
14	"Pinnae entire to symmetrically cleft into 2--4 segments, outer margins dentate; sporophore branches short, stiffly erect"	"Botrychium ascendens"
14	"Pinnae entire to irregularly cleft or shallowly lobed, outer margins entire to coarsely toothed or lobed; sporophore branches long, spreading"	"Botrychium minganense"
