from	statement	to
1	"Hypanthium broadly bell-shaped, 1--2 mm, ribs conspicuous or not; stem extensively creeping or decumbent, rooting at nodes"	"Lythrum portula"
1	"Hypanthium cylindric, 4--7 mm, ribs conspicuous; stem prostrate or ascending to erect, rooting at base"	2
2	"Flowers > 2 per axil, in dense, +- sessile cymes, not on short axillary shoots"	"Lythrum salicaria"
2	"Flowers 1--2 per axil, on short axillary shoots or not"	3
3	"Stem erect, branches many, above; epicalyx lobes < to > sepals, horn-like; perennial herb"	"Lythrum californicum"
3	"Stem decumbent to ascending or erect, branches at base, generally 0--few above; epicalyx lobes >> to = sepals; annual or short-lived per"	4
4	"Flowers 1 per axil, not on short axillary shoots; hypanthium 4--5 × longer than wide; epicalyx lobes +- 2 × > sepals"	"Lythrum hyssopifolia"
4	"Flowers 1 per axil on main shoots and on short axillary shoots; hypanthium 8--10 × longer than wide; epicalyx lobes +- = sepals"	"Lythrum tribracteatum"
