from	statement	to
1	"Flower bisexual; fruit spheric to ovoid, skin adherent to pulp; stem hairy, generally glabrous in age"	"Vitis vinifera"
1	"Flower unisexual; fruit spheric or 0, skin separating from pulp; stem +- tomentose or glabrous"	2
2	"Leaf reniform, glabrous, +- folded at midrib; stem climbing or not, < 1 m"	"Vitis rupestris"
2	"Leaf cordate to reniform, +- tomentose, not folded at midrib; stem climbing, > 1 m"	3
3	"Fruit purple, glaucous, generally > 8 mm wide if seeds 3--4; round structure opposite seed attachment scar generally raised; stipules generally < 3.5 mm; stem tomentose when young, less so in age, nodal partitions generally 3--4 mm thick"	"Vitis californica"
3	"Fruit black, +- not glaucous, generally < 8 mm wide if seeds 3--4; round structure opposite seed attachment scar generally sunken; stipules generally > 3.5 mm; stem densely tomentose in youth, +- remaining so in age, nodal partitions generally 2--3 mm thick"	"Vitis girdiana"
