from	statement	to
1	"Stem below ground, horizontal; leaf blade 12--35 mm wide"	"Nolina interrata"
1	"Stem generally above ground, erect; leaf blade 12--48 mm wide"	2
2	"Leaf margin in age fibrous-shredding; seed gray-white; DMtns, DSon"	"Nolina bigelovii"
2	"Leaf margin in age not fibrous-shredding; seed red-brown; s SNH (Kern Plateau), SCo, WTR, e SnBr, PR"	3
3	"Leaf base 3--8.5 cm wide, inflorescence 0.9--1.8 m; dry chaparral of coastal mtns; SCo, WTR, PR"	"Nolina cismontana"
3	"Leaf base 5--16.5 cm wide; inflorescence 1.4--3.8 m; pinyon/juniper woodland, rocky desert slopes; s SNH (Kern Plateau), e SnBr, PR, DMtns, DSon"	"Nolina parryi"
