from	statement	to
1	"Flower +- erect; corolla purple; style curved"	"Physalis lobata"
1	"Flower generally nodding or otherwise not +- erect; corolla +- yellow to pale yellow; style straight"	2
2	"Leaf hairs branched; per"	3
2	"Leaf hairs 0 or simple; annual, perennial herb, subshrub"	4
3	"Corolla with 5 purple-brown spots at base adaxially or not"	"Physalis hederifolia var. fendleri"
3	"Corolla generally with 0 spots but with darker green veins adaxially"	"Physalis viscosa"
4	"Perennial herb or subshrub from rhizome"	5
4	"Annual from taproot"	7
5	"Anthers generally with some blue or purple"	"Physalis longifolia"
5	"Anthers yellow"	6
6	"Pedicel > flower, in fruit > calyx"	"Physalis crassifolia"
6	"Pedicel < flower, in fruit < calyx"	"Physalis hederifolia var. palmeri"
7	"Plant +- densely hairy"	8
7	"Plant glabrous to sparsely hairy"	9
8	"Leaf 5--9 cm, +- thick, teeth many"	"Physalis pubescens var. grisea"
8	"Leaf 3--5 cm, thin, teeth 0--few"	"Physalis pubescens var. integrifolia"
9	"Corolla with 5 dark-purple spots adaxially; anthers twisted after opening"	"Physalis philadelphica"
9	"Corolla without spots adaxially; anthers not clearly twisted after opening"	10
10	"Corolla pale yellow with dark yellow center, 15--23 mm wide; leaf teeth < 7 mm; anthers 3 mm"	"Physalis acutifolia"
10	"Corolla yellow, 7--8 mm wide; leaf teeth 0 or < 3 mm; anthers 1--2 mm"	"Physalis lancifolia"
