from	statement	to
1	"Perennial herb, from thick, scaly, underground caudex"	2
1	"Annual, biennial, from short, +- slender roots"	10
2	"Inflorescence 1-flowered"	"Geranium potentilloides"
2	"Inflorescence 2-flowered"	3
3	"Mericarp without basal callus"	4
3	"Mericarp with basal callus"	5
4	"Petals 19--21 mm; leaf divided > 0.9 to base or midrib"	"Geranium palmatum evidently known only from +- urban environments in california"
4	"Petals 7--11 mm; leaf divided 0.5--0.6 to base"	"Geranium pyrenaicum neither naturalized nor escaped in california; collected only once, in 1914, on uc berkeley campus"
5	"Petals glabrous adaxially, ciliate at base"	6
5	"Petals 1/3--3/4 hairy adaxially, ciliate at base or not"	8
6	"Petals 12--21 mm; fruit beak 27--44 mm"	"Geranium oreganum"
6	"Petals 3--8.1 mm; fruit beak 8.8--15.1 mm"	7
7	"Pedicel hairs reflexed, appressed, 0.2--0.6 mm"	"Geranium core-core"
7	"Pedicel hairs spreading or reflexed, not appressed, 0.2--2 mm"	"Geranium solanderi"
8	"Nectaries woolly abaxially; petals white; stigmas 3--4 mm"	"Geranium richardsonii"
8	"Nectaries glabrous abaxially, hair-tufted at top; petals white to red-purple; stigmas 3--8 mm"	9
9	"Fruit narrow tip 5--6 mm, stigmas 6--8 mm; leaves 3--8 cm wide; petals 10--15 mm"	"Geranium californicum"
9	"Fruit narrow tip 3--4 mm, stigmas 3--6 mm; leaves 7.1--16 cm wide; petals 17--20 mm"	"Geranium viscosissimum"
10	"Fertile stamens 5 (outer 5 lacking anthers)"	"Geranium pusillum"
10	"Fertile stamens 10 (inner 5 and outer 5 all with anthers)"	11
11	"Sepals with transverse flaps between lengthwise keels"	"Geranium lucidum"
11	"Sepals without flaps or keels"	12
12	"Mericarp ribbed or +- net-like or transversely wrinkled"	13
12	"Mericarp smooth (although sometimes +- ribbed or hairy or bristly)"	15
13	"Mericarp without collar-like rings or fibers at tip, transversely wrinkled"	"Geranium molle"
13	"Mericarp with 1--5 collar-like rings and long fibers at tip, ribbed or +- net-like"	14
14	"Petals 5--9.5 mm; mericarp with 3--5 collar-like rings at tip; anthers +- yellow"	"Geranium purpureum"
14	"Petals 10--14 mm; mericarp with 1--3 collar-like rings at tip; anthers +- purple"	"Geranium robertianum"
15	"Mericarp base with prong, without callus"	"Geranium dissectum"
15	"Mericarp base without prong, generally with callus"	16
16	"Mericarp glabrous except base generally ciliate"	"Geranium aequale"
16	"Mericarp +- hairy throughout except basal callus bristly"	17
17	"Fruit beak with a narrow tip < 2 mm"	18
17	"Fruit beak with a narrow tip 2--6 mm"	19
18	"Pedicel hairs spreading, glandular and nonglandular, sometimes also reflexed, not appressed, nonglandular; mericarp hairs dense, 0.5--1.8 mm"	"Geranium carolinianum"
18	"Pedicel hairs reflexed, appressed, nonglandular; mericarp hairs sparse, 0.2--0.7 mm"	"Geranium texanum"
19	"Peduncles without glandular hairs"	"Geranium columbinum"
19	"Peduncles with glandular hairs"	20
20	"Leaf divided 0.85--0.95 to base"	"Geranium bicknellii"
20	"Leaf divided 0.55--0.65 to base"	"Geranium rotundifolium"
