from	statement	to
1	"Shrub; fruit inflated; petals 4--5 mm wide"	2
1	"Annual; fruit not inflated; petals < 4 mm wide"	4
2	"Fruit fusiform"	"Peritoma arborea var. angustata"
2	"Fruit obovoid or spheric"	3
3	"Fruit obovoid"	"Peritoma arborea var. arborea"
3	"Fruit spheric"	"Peritoma arborea var. globosa"
4	"Plant densely glandular-hairy; fruit oblong, +- flat; sepals awl-shaped, generally 4--6 mm"	"Peritoma platycarpa"
4	"Plant glabrous or +- so; fruit +- linear, not +- flat; sepals ovate to lanceolate, generally 1.6--3 mm"	5
5	"Leaflets generally 3; petals purple (white)"	"Peritoma serrulata"
5	"Leaflets generally 5; petals golden or pale yellow"	6
6	"Fruit 40--60 mm; receptacle in fruit 15--25 mm; petals golden yellow, 10--13 mm; stamens 20--30 mm; plant 5--10(20) dm"	"Peritoma jonesii"
6	"Fruit 15--40 mm; receptacle in fruit 5--17 mm; petals pale yellow, 5--8 mm; stamens 10--15 mm; plant (1.5)2.5--3 dm"	"Peritoma lutea"
