from	statement	to
1	"Basal, lower cauline leaves pinnately compound, leaflets lobed to deeply dissected"	2
1	"Basal, lower cauline leaves crenate to pinnately lobed to dissected, lobes or segments lobed to dissected, especially basal pair"	3
2	"Pits at top of mericarp without glands"	"Erodium cicutarium"
2	"Pits at top of mericarp with glands"	"Erodium moschatum"
3	"Pits at top of mericarp with glands"	"Erodium malacoides"
3	"Pits at top of mericarp 0 or without glands"	4
4	"Sepals with glands, spreading hairs"	5
4	"Sepal without glands, with appressed hairs"	6
5	"Mericarp top with pits 0 or transversely narrow and inconspicuous, subtended by (2)3--4 glabrous ridges"	"Erodium botrys"
5	"Mericarp top with pits +- round, subtended by 1--2 +- hairy ridges"	"Erodium brachycarpum"
6	"Sepal hairs directed basally; petals < 0.8 cm"	"Erodium cygnorum"
6	"Sepal hairs directed apically; petals generally 0.7--1.5 cm"	"Erodium texanum"
