from	statement	to
1	"Stem 3-sided, at least near inflorescence, where sometimes obscure"	2
1	"Stem cylindric"	6
2	"Inflorescence panicle-like"	3
2	"Inflorescence head-like or spikelet 1"	4
3	"Inflorescence head-like or spikelet 1"	"Schoenoplectus triqueter"
4	"Leaf blades 0; flower bract tips not notched; fruit with many wavy transverse ridges; plant tufted, rhizomes short, inconspicuous"	"Schoenoplectus mucronatus"
4	"Leaf blades 1--6; flower bract tips notched; fruit smooth; plant mat-forming, rhizomes long, conspicuous"	5
5	"Distal leaf blade < 1.5 × sheath; flower bract tip notch 0.1--0.4 mm, awn 0.2--0.6 mm"	"Schoenoplectus americanus"
5	"Distal leaf blade (1)2--5 × sheath; flower bract tip notch (0.3)0.5--1 mm, awn 0.5--2.5 mm"	"Schoenoplectus pungens var. longispicatus"
6	"Stem <= 1.5 mm diam; plant to 1.5 m; flower bract tip notch 0; spikelets 1--20"	7
6	"Stem 2--10 mm diam; plant to 4 m; flower bract tip notch present; spikelets 3--100+"	8
7	"Spikelets 1--20, spreading; fruit with sharp wavy transverse ridges; plant tufted, rhizomes short, generally not evident"	"Schoenoplectus saximontanus"
7	"Spikelets 1, erect; fruit smooth; plant mat-forming, rhizomes long, evident"	"Schoenoplectus subterminalis"
8	"Flower bract awns some or all markedly contorted, 0.5--2 mm (often broken off); spikelets 3--100+, in clusters of 1--8, not all 1 on 1 plant"	"Schoenoplectus acutus var. occidentalis"
8	"Flower bract awns not or +- contorted, 0.2--1 mm; spikelets 5--200, in clusters of 1(2) or 1--4(7), all 1 on 1 plant or not"	9
9	"Fruit 3-sided, 1.8--2.2 mm; stigmas 3; spikelets in clusters of 1(2)"	"Schoenoplectus heterochaetus"
9	"Fruit 2-sided, 1.5--1.8 mm; stigmas 2(3); spikelets in clusters of 1--4(7)"	"Schoenoplectus tabernaemontani"
