from	statement	to
1	Annual	"Sphaeralcea coulteri"
1	"Subshrub (flower 1st year or not)"	2
2	"Leaves +- lance-linear"	"Sphaeralcea angustifolia"
2	"Leaves wider than lance-linear"	3
3	"Leaves deeply divided"	4
3	"Leaves often lobed but not deeply divided"	5
4	"Sepals < 11 mm"	"Sphaeralcea grossulariifolia"
4	"Sepals 13--15 mm"	"Sphaeralcea rusbyi var. eremicola"
5	"Inflorescence an open panicle, occasionally dense in bud"	6
5	"Inflorescence raceme-like or a dense panicle"	7
6	"Petals red-orange to apricot"	"Sphaeralcea ambigua var. ambigua"
6	"Petals lavender to pink"	"Sphaeralcea ambigua var. rosacea"
7	"Leaves coarsely dentate"	"Sphaeralcea munroana"
7	"Leaves entire, +- wavy, crenate, or finely dentate"	8
8	"Leaf markedly wrinkled abaxially"	"Sphaeralcea ambigua var. rugosa"
8	"Leaf +- not wrinkled abaxially"	9
9	"Hairs coarse; leaves gray-green; fruit segment 4.5--5 mm, dehiscent part +- 60% of segment"	"Sphaeralcea emoryi var. emoryi"
9	"Hairs fine; leaves generally yellow-green; fruit segment 2.5--3 mm, dehiscent part < 20% of segment"	"Sphaeralcea orcuttii"
