from	statement	to	shortcut
1	"Glumes leathery to hardened (at least in sessile spikelets), +- equal, 1 or both generally > upper floret (except awns); fertile and sterile lemmas generally translucent"	2	
1	"Glumes membranous, flexible, lower glume generally < upper (0), upper glume <= upper floret; sterile lemma membranous and resembling upper glume, fertile lemma leathery to hardened (membranous in <i>Digitaria</i>)"	6	
2	"Spikelets 1 per node, subtended by a hairy bristle"	Andropogon	
2	"Spikelets 2 or 3 per node, 1 sessile and 1 (2) stalked"	3	
3	"Terminal spikelets per branch in 3s, 1 sessile and 2 stalked"	Sorghum	
3	"Terminal spikelets per branch in 2s, 1 sessile and 1 stalked"	4	
4	"Inflorescence unbranched, raceme-like"	Heteropogon	"Heteropogon contortus"
4	"Inflorescence branched, panicle-like"	5	
5	"Inflorescence internodes and spikelet stalks with a translucent longitudinal groove; lowest pair of spikelets per raceme fertile"	Bothriochloa	
5	"Inflorescence internodes and spikelet stalks without a translucent longitudinal groove; lowest pair of spikelets per raceme staminate"	Hyparrhenia	"Hyparrhenia hirta"
6	"Spikelet subtended by a cup- or ring-like structure"	Eriochloa	
6	"Spikelet not subtended by cup- or ring-like structure"	7	
7	"Ligule 0, at least on upper leaves"	Echinochloa	
7	"Ligule present"	8	
8	"Inflorescence a series of digitate or raceme-like branches"	9	
8	"Inflorescence panicle-like"	10	
9	"Fertile floret membranous, flexible at maturity"	Digitaria	
9	"Fertile floret leathery to hardened, rigid at maturity"	Paspalum	
10	"Fertile lemma thin, flexible; lower glume minute or 0"	"Digitaria californica var. californica"	
10	"Fertile lemma +- thick, rigid; lower glume well-developed"	Panicum	
