from	statement	to
1	"Leaf blade with scales, nonglandular; young leaf tip hooked"	2
1	"Leaf blade without scales, glandular or not; young leaf tip hooked or coiled"	6
2	"Rhizome scales loosely appressed, 1-colored; sporangia 32-spored; rhizome long-creeping, leaves scattered"	"Myriopteris wootonii"
2	"Rhizome scales strongly appressed, 1- or 2-colored; sporangia 64-spored; rhizome +- short-creeping, leaves clustered"	3
3	"Rhizome scales 1- or 2-colored, dark brown or black, some with narrow light brown margin; scales on abaxial leaf +- > 1 mm wide, obscuring surface, exceeding margin"	"Myriopteris covillei"
3	"Rhizome scales 2-colored, with dark mid-stripe, light margins; scales on abaxial leaf +- < 1 mm wide, not obscuring surface, +- exceeding margin"	4
4	"Leaf blade scales linear, 2--3(5) cells wide; leaf 2--3 pinnate, segments +- round to generally oblong"	"Myriopteris gracillima"
4	"Leaf blade scales lance-ovate, > 5 cells wide; leaf 3--4 pinnate, segments +- round"	5
5	"2-colored rhizome scales with well-defined, dark mid-stripe and light brown margins 1/2 to = width of mid-stripe; leaf gray-green, segments round to +- cordate"	"Myriopteris clevelandii"
5	"2-colored rhizome scales with well-defined, dark mid-stripe and light brown margins much narrower than mid-stripe; leaf dark green, segments +- round"	"Myriopteris intertexta"
6	"Rhizome scales with dark mid-stripe; young leaf tip coiled"	7
6	"Rhizome scales without dark mid-stripe; young leaf tip hooked or coiled"	8
7	"Hairs on leaf segment adaxially sparse, generally not intertwined; dark mid-stripe of rhizome scales not thread-like, > 0.1 mm wide at base; pinna stalk +- 0--1 mm; pinnule stalk +- green adaxially, +- brown abaxially"	"Myriopteris gracilis"
7	"Hairs on leaf segment adaxially dense, intertwined; dark mid-stripe of rhizome scales thread-like, < 0.1 mm wide at base; pinna stalk 1--2(5) mm; pinnule stalk generally +- brown adaxially, abaxially"	"Myriopteris parryi"
8	"Leaf surface with +- clear, sticky exudate, generally with short glandular hairs and sessile glands"	"Myriopteris viscida"
8	"Leaf surface without sticky exudate, with short or long, glandular or nonglandular hairs"	9
9	"Rhizome scales of 1 kind, tan to red-brown +- throughout; leaf segment abaxial surfaces visible through +- sparse, untangled, glandular and nonglandular hairs; young leaf tip coiled; rhizome short-creeping"	"Myriopteris cooperae"
9	"Rhizome scales of 2 kinds, some maroon with a tan, curly, hair-like tip, others tan +- throughout, narrower; leaf segment abaxial surfaces not visible through dense, tangled, nonglandular hairs; young leaf tip hooked; rhizome short- to long-creeping"	"Myriopteris newberryi"
