from	statement	to
1	"Style present; stigma head-like, lobes 4--11"	"Papaver heterophyllum"
1	"Style 0; stigma disk-like, lobes 4--20"	2
2	"Cauline leaf base clasping; fruit 3--5 cm, round"	"Papaver somniferum"
2	"Cauline leaf base not clasping; fruit 1--2 cm, narrowly obovate to round"	3
3	"Peduncle hairs appressed; leaf segments linear to lanceolate; fruit bristly"	4
3	"Peduncle hairs 0 or spreading; leaf segments oblong to lanceolate; fruit glabrous"	5
4	"Fruit oblong to club-shaped, hairs sparse, soft"	"Papaver argemone"
4	"Fruit obovate to round, hairs dense, stiff"	"Papaver hybridum"
5	"Petals 10--20 mm; peduncle glabrous or soft-hairy; fruit narrowly obovate; native, after fire or disturbance"	"Papaver californicum"
5	"Petals 20--40 mm; peduncle bristly; fruit widely obovate to round; alien, from cultivation"	"Papaver rhoeas"
