from	statement	to
1	"Fruit > 4 mm wide, cup-shaped to cylindric or barrel-shaped, or fruit 3--6 mm wide and urn-shaped; seeds transverse-folded or ridged at middle with beak-like end, fusiform and ribbed lengthwise, or lenticular and winged; annual, biennial, or per"	2
1	"Fruit < 4(5) mm wide, cylindric to obconic, if 4--5 mm wide, then obconic only; seeds irregular-rounded to irregular-angular or prism-shaped; annual"	14
2	"Filament distal lobes 2, anther generally on thin stalk between lobes"	3
2	"Filament distal lobes 0"	6
3	"Flower bract white-scarious, margin +- green"	"Mentzelia involucrata"
3	"Flower bract +- all green"	4
4	"Anther stalk between filament lobes generally < lobes; seeds narrowed at middle"	"Mentzelia tricuspis"
4	"Anther stalk generally >= filament lobes; seeds widest at middle"	5
5	"Upper leaves sessile; fruit erect, 13--25 mm; w DSon"	"Mentzelia hirsutissima"
5	"Upper leaves petioled; fruit erect to reflexed, 9--18 mm; c DMoj"	"Mentzelia tridentata"
6	"Petals 8; annual"	"Mentzelia reflexa"
6	"Petals 5 or petals and petal-like staminodes 10; biennial or per"	7
7	"Fruit urn-shaped and gradually narrowing; seeds not winged, all filaments thread-like"	"Mentzelia torreyi"
7	"Fruit cup-shaped to cylindric; seeds winged; 5 outer stamens with filaments wider than thread-like"	8
8	"5 outermost stamens with linear filaments, <= 2 mm wide, with anthers; petal tips acute; fruit 11--44 mm"	9
8	"5 outermost stamens with spoon-shaped to oblanceolate filaments, >= 1 mm wide, with anthers or not; petal tips acute to round or obtuse; fruit 8--18 mm"	10
9	"Petals < 3 cm"	"Mentzelia inyoensis"
9	"Petals > 3 cm"	"Mentzelia laevicaulis"
10	"5 outermost stamens without anther; petal tips acute to long-tapered"	"Mentzelia pterosperma"
10	"5 outermost stamens with or without anthers; petal tips rounded to obtuse"	11
11	"Fruit generally cylindric, >= 1 cm; anthers not spiral-twisted in age"	"Mentzelia longiloba"
11	"Fruit cup-shaped, generally <= 1 cm; anthers spiral-twisted in age"	12
12	"Lower leaves generally entire, linear to narrowly elliptic or oblanceolate"	"Mentzelia polita"
12	"Lower leaves lobed to toothed, obovate to ovate, elliptic, or oblanceolate"	13
13	"Upper leaves deltate to cordate, base clasping stem"	"Mentzelia oreophila"
13	"Upper leaves ovate to broadly elliptic, base not clasping stem"	"Mentzelia puberula"
14	"Seed rows 1 above mid-fruit; seeds +- prism-shaped, ×-section generally triangular with grooves along longitudinal edges"	15
14	"Seed rows +- 3 above mid-fruit; seeds irregular-rounded to -angular (winged) above mid-fruit, below mid-fruit ×-section occasionally triangular with grooves along longitudinal edges"	17
15	"Outer 5 filaments widened and distally 2-lobed"	"Mentzelia micrantha"
15	"Outer filaments +- thread-like, not lobed"	16
16	"Lower leaves generally lobed (toothed); style 3--6.5 mm; < 1200 m"	"Mentzelia affinis"
16	"Lower leaves generally entire or toothed; style generally 1--3.5 mm; > 900 m"	"Mentzelia dispersa"
17	"Flower bracts generally entire, green only"	18
17	"Flower bracts toothed to lobed or flower bracts entire with +- white base and green margin"	23
18	"Petals generally < 8 mm"	19
18	"Petals generally >= 8 mm"	21
19	"Seeds tan and moderately to densely mottled brown to black in age; seed coat cells pointed or domed, in age > 1/2 tall as wide on seed surface edges"	"Mentzelia albicaulis"
19	"Seeds tan, not or sparsely mottled in age; seed coat cells flat-surfaced to domed, in age < 1/2 tall as wide on seed surface edges"	20
20	"Seed coat cells generally flat-surfaced in age"	"Mentzelia desertorum"
20	"Seed coat cells domed in age"	"Mentzelia obscura"
21	"Sepals generally > 8 mm; style 7--15 mm"	"Mentzelia eremophila"
21	"Sepals generally <= 8 mm; style 4--10 mm"	22
22	"Seeds without conspicuous recurved flap over attachment scar; seed coat cells pointed or domed, in age > 1/2 tall as wide on seed surface edges"	"Mentzelia jonesii"
22	"Seeds with conspicuous recurved flap over attachment scar; seed coat cells domed, in age < 1/2 tall as wide on seed surface edges"	"Mentzelia nitens"
23	"Flower bracts green only"	24
23	"Flower bracts +- white at base, margin green"	29
24	"Styles > 15 mm"	25
24	"Styles < 15 mm"	26
25	"Petals generally 8--17 mm wide; c&s SNF, s SNH"	"Mentzelia crocea"
25	"Petals generally 16--33 mm wide; SnJV, e SnFrB, n SCoRI"	"Mentzelia lindleyi"
26	"Petals generally < 8 mm"	27
26	"Petals generally >= 8 mm"	28
27	"Petals orange to orange-yellow, base generally red to orange; flower bracts 3--7-toothed to lobed (entire); fruit generally curved < 40°"	"Mentzelia veatchiana"
27	"Petals yellow, base generally orange; flower bracts 3-toothed to entire; fruit generally curved < 180°"	"Mentzelia albicaulis"
28	"Petals yellow only; w DMoj"	"Mentzelia eremophila"
28	"Petals orange to yellow, base red to orange; s SNF, s SnJV, s SCoRO, n WTR"	"Mentzelia pectinata"
29	"Flower bracts +- concealing fruits, mostly white-scarious; inflorescence dense"	"Mentzelia congesta"
29	"Flower bracts not concealing fruits, +- white below middle; inflorescence open to +- dense"	30
30	"Petals generally > 8 mm, yellow, base generally orange; seed coat cells domed, in age +- 1/2 tall as wide on seed surface edges"	31
30	"Petals generally < 8 mm, orange to yellow, base generally red to orange; seed coat cells generally pointed or domed, in age > 1/2 tall as wide on seed surface edges"	32
31	"Pine/oak woodland; s SnFrB, SCoR, WTR, w SnGb"	"Mentzelia gracilenta"
31	"Desert scrub, Joshua-tree woodland; SnGb, e PR, sw DMoj, w DSon"	"Mentzelia ravenii"
32	"Styles generally < 3.5 mm; longest mature fruit generally > 10 mm"	33
32	"Styles generally >= 3.5 mm; longest mature fruit generally > 15 mm"	34
33	"Flower bracts 3-toothed to entire; +- white base of bracts faint, small; longest mature fruit generally > 15 mm, generally curved < 180°; below 2300 m"	"Mentzelia albicaulis"
33	"Flower bracts 3--7-toothed; +- white base of bracts prominent, generally conspicuously extending outwards from midvein; longest mature fruit generally < 17 mm, curved < 45°; 600--3400 m"	"Mentzelia montana"
34	"Petals orange to orange-yellow, base generally red to orange; flower bracts 3--7-toothed to lobed (entire)"	"Mentzelia veatchiana"
34	"Petals yellow, base generally orange; flower bracts 7-toothed to entire"	35
35	"Flower bracts 3-toothed to entire, width < 2/3 length; +- white base of bracts faint, small; fruit generally curved < 180°"	"Mentzelia albicaulis"
35	"Flower bracts 3--7-toothed, width > 1/3 length; +- white base of bracts prominent, generally conspicuously extending outwards from midvein; fruit generally curved < 40°"	36
36	"Stem generally spreading; desert scrub, Joshua-tree woodland"	"Mentzelia ravenii"
36	"Stem generally erect; pine/oak woodland, grassland"	"Mentzelia veatchiana"
