from	statement	to
1	"Leaves submersed and floating"	2
1	"Leaves submersed"	10
2	"Submersed leaves linear, < 1 cm wide"	3
2	"Submersed leaves linear or wider, generally 1--7 cm wide"	5
3	"Stipules fused to blade base; inflorescences of 2 kinds, lower submersed, spheric, upper emergent, cylindric; fruit compressed"	"Potamogeton diversifolius"
3	"Stipules free from blade base; inflorescences all emergent, +- cylindric; fruit +- compressed or not"	4
4	"Submersed leaves with a net-like band along midrib, ribbon-like, 2--10 mm wide"	"Potamogeton epihydrus"
4	"Submersed leaves without a net-like band along midrib, not ribbon-like, either cylindric, often petiole-like, < 2 mm wide, or linear to lance-elliptic, 10--40 mm wide"	"Potamogeton natans"
5	"Submersed leaves curved backward, generally folded along midvein, generally lanceolate to ovate; floating leaves 27--50-veined"	"Potamogeton amplifolius"
5	"Submersed leaves not curved backward, not folded along midvein, lanceolate to elliptic to oblanceolate; floating leaves < 30-veined"	6
6	"Submersed leaves petioled"	7
6	"Submersed leaves sessile (petioles rarely <= 3 cm in <i>P. gramineus</i>)"	8
7	"Submersed leaves microscopically serrate near tip, petioles 0.5--4 cm"	"Potamogeton illinoensis"
7	"Submersed leaves entire, petioles 2--13 cm"	"Potamogeton nodosus"
8	"Submersed leaves 3--9-veined; fruit 1.9--2.3 mm"	"Potamogeton gramineus"
8	"Submersed leaves 7--19-veined; fruit 2.5--3.6 mm"	9
9	"Floating leaves 7--15-veined; submersed leaves 7--9-veined, entire"	"Potamogeton alpinus"
9	"Floating leaves 13--29-veined; submersed leaves 7--19-veined, microscopically serrate near tip"	"Potamogeton illinoensis"
10	"Leaves linear or ovate to lanceolate to elliptic to oblanceolate, sessile or petioled"	11
10	"Leaves linear (linear to lanceolate in <i>P. robbinsii</i>), sessile"	19
11	"Leaf blade serrate; fruit beak 2--3 mm"	"Potamogeton crispus"
11	"Leaf blade entire or microscopically serrate near tip; fruit beak < 2 mm"	12
12	"Leaf base not clasping"	13
12	"Leaf base clasping"	18
13	"Petioles 0.5--26 cm"	14
13	"Petioles 0"	16
14	"Leaf microscopically serrate near tip, tip acute-mucronate"	"Potamogeton illinoensis"
14	"Leaf entire, tip acute"	15
15	"Leaves 19--50-veined, curved backward, generally folded along midvein"	"Potamogeton amplifolius"
15	"Leaves 7--15-veined, not curved backward, not folded along midvein"	"Potamogeton nodosus"
16	"Leaves entire, 7--9-veined; fruit pedicelled"	"Potamogeton alpinus"
16	"Leaves minutely to microscopically serrate near tip, 3--19-veined; fruit sessile"	17
17	"Leaf blade 3--9-veined, 2--10 cm, (3)10--27 mm wide; fruit 1.9--2.3 mm, beak erect, 0.3--0.5 mm"	"Potamogeton gramineus"
17	"Leaf blade 7--19-veined, 6--20 cm, 15--50 mm wide; fruit 2.5--3.6 mm, beak erect to +- recurved, 0.5--0.8 mm"	"Potamogeton illinoensis"
18	"Leaf lance-linear, 5--20 cm, tip hood-like, splitting when dry; stipules 2--10 cm, persistent; stems often zigzag; fruit 4--5 mm, keels 1(3)"	"Potamogeton praelongus"
18	"Leaf linear- to lance-ovate, 1--12 cm, tip flat, not hood-like, not splitting when dry; stipules < 2 cm, persistent as fibers; stems generally straight; fruit 2--4 mm, keels 0(1)"	"Potamogeton richardsonii"
19	"Stipules fused to blade base for +- 1/4 to 1/2 stipule length, or 1--15 mm, sheath-like basally, liguled."	20
19	"Stipules free from or fused to blade base for <= 1/5 stipule length, or 1--2 mm, not sheath-like basally, not liguled"	21
20	"Leaves thin, not conspicuously 2-ranked, vein 1, not fine"	"Potamogeton diversifolius"
20	"Leaves +- stiff, 2-ranked, 3--4(8) mm wide, veins 20--60, fine"	"Potamogeton robbinsii"
21	"Leaf veins 15--35; stems compressed, winged"	"Potamogeton zosteriformis"
21	"Leaf veins 1--13; stems +- compressed or cylindric"	22
22	"Rhizomes present, winter buds 0; fruit 2.5--4.5 mm, 2--3.6 mm wide; stems compressed"	"Potamogeton epihydrus"
22	"Rhizomes 0, winter buds present; fruit 1.4--2.7 mm, 1.1--2.2 mm wide; stems rounded to +- compressed"	23
23	"Fruit with wing-like keel; peduncles 0.3--1.1(3.7) cm; nodal glands 0 (faint)"	24
23	"Fruit without keel; peduncles 0.5--8 cm; nodal glands present"	25
24	"Stipule veins in age persisting as fibers; inflorescence interrupted; fruit pale green, 1.4--1.7 mm, 1.1--1.2 mm wide, keel < 0.2 mm high, beak <= 0.2 mm"	"Potamogeton foliosus subsp. fibrillosus"
24	"Stipule veins in age decaying, occasionally persistent as delicate fibers; inflorescence generally not interrupted; fruit olive to green-brown, 1.5--2.7 mm, 1.2--2.2 mm wide, keel 0.2--0.4 mm high, beak 0.2--0.6 mm"	"Potamogeton foliosus subsp. foliosus"
25	"Fruit widest at or below middle, sides convex (concave); peduncles per plant > 3; inflorescence continuous; stipules free"	"Potamogeton berchtoldii"
25	"Fruit widest above middle, sides concave; peduncles per plant 1--3; inflorescence interrupted; stipules fused below middle"	"Potamogeton pusillus"
