from	statement	to
1	"Leaves crenate to coarsely dentate; petal base with area of different color; fruit segments generally 25--35, 2.8--3.5 mm"	"Eremalche rotundifolia"
1	"Leaves palmately lobed to dissected; petal base without area of different color; fruit segments 9--22, 1.4--2 mm"	2
2	"Stem prostrate to decumbent; petals 4--5.5 mm, +- = calyx; plant with bisexual flowers"	"Eremalche exilis"
2	"Stem generally +- erect; petals 3--25 mm, often >> calyx; plant with bisexual or occasionally only pistillate flowers"	3
3	"Calyx 3--10 mm, lobes 1.5--3.5 mm wide; plant with pistillate or bisexual flowers"	"Eremalche parryi subsp. kernensis"
3	"Calyx 10--14 mm, lobes 2.5--5 mm wide; plant with bisexual flowers"	"Eremalche parryi subsp. parryi"
