from	statement	to
1	"Rays +- 0, umbels dense, spheric; bractlets 0 or poorly developed"	2
1	"Rays +- developed, umbels open to +- dense, not spheric; bractlets generally evident"	5
2	"Leaf minutely hairy or roughened; bracts conspicuous, fused proximally; fruit glabrous"	"Cymopterus cinerarius"
2	"Leaf glabrous; bracts 0; fruit hairy"	3
3	"Leaf round, ternate"	"Cymopterus ripleyi"
3	"Leaf oblong-ovate, ternate to 2-pinnate or 2-pinnately dissected"	4
4	"Stem 0; fruit wings unequal"	"Cymopterus deserticola"
4	"Stem short, underground; fruit wings +- equal"	"Cymopterus globosus"
5	"Plant not woody; corolla +- purple; leaf simple to 2-pinnately dissected or compound, lobes, segments, or leaflets wider than linear"	6
5	"Plant woody at base; corolla +- yellow or white; leaf finely dissected, segments generally +- linear"	8
6	"Bracts 0; leaf round-reniform, ternate"	"Cymopterus gilmanii"
6	"Bracts conspicuous, scarious, veiny; leaf oblong-ovate, 1--2-pinnate or -ternate"	7
7	"Bracts and bractlets +- green or +- purple, with many green or purple veins; pedicels < 1 mm"	"Cymopterus multinervatus"
7	"Bracts and bractlets white, with 1--5 green or white veins; pedicels 3--8 mm"	"Cymopterus purpurascens"
8	"Leaf finely hairy; corolla white; umbels +- dense"	"Cymopterus aboriginum"
8	"Leaf glabrous; corolla +- yellow; umbels open"	9
9	"Rays generally unequal; calyx lobes persistent; bractlets generally < mature pedicels"	10
9	"Rays +- equal; calyx lobes 0; bractlets > mature pedicels"	11
10	"Leaf blade length +- = width; KR, NCoRO, CaRH, SNH, n SNE"	"Cymopterus terebinthinus var. californicus"
10	"Leaf blade length >> width; c SNE"	"Cymopterus terebinthinus var. petraeus"
11	"Leaf segments not crowded, 3--20 mm, flexible"	"Cymopterus panamintensis var. acutifolius"
11	"Leaf segments +- crowded, 1--5 mm, rigid"	"Cymopterus panamintensis var. panamintensis"
