from	statement	to
1	"Glumes unequal, lower glumes 1-veined, +- 1/2 upper glumes; 2 lower floret awns 3--10 mm"	2
1	"Glumes +- equal, generally 3-veined; 2 lower floret awn 0"	3
2	"Annual; lower sterile lemma awn bent"	"Anthoxanthum aristatum subsp. aristatum"
2	"Perennial herb; lower sterile lemma awn straight"	"Anthoxanthum odoratum"
3	"Upper leaf blades +- spreading; lower lemma hairy, often papillate"	"Anthoxanthum nitens subsp. nitens"
3	"Upper leaf blades generally stiffly erect; lemma mostly glabrous"	"Anthoxanthum occidentale"
