from	statement	to	shortcut
1	"Leaf simple; corolla pink-purple"	Cercis	"Cercis occidentalis"
1	"Leaf compound; corolla generally +- yellow"	2	
2	"Leaf 1-pinnate, plant unarmed or main leaf axis generally > 2 cm, a weak spine at tip; corolla generally yellow"	Senna	
2	"Leaf generally 2-pinnate (both 1- and 2-pinnate in some), plant armed, main leaf axis generally < 2 cm (except <i>Gleditsia</i>), a strong spine at tip, or (if leaf interpreted as 1-pinnate; see <i>Parkinsonia</i>), leaf subtended by a strong spine generally < 2 cm and main leaf axis not a spine at tip; corolla +- yellow to orange, less often +- red or with orange to +- red marks"	3	
3	"Flower +- 3--5 mm; sepals, petals +- alike in color, texture; plant tree, generally armed"	Gleditsia	"Gleditsia triacanthos"
3	"Flower > 5 mm; sepals, petals not alike in color, texture; plant perennial herb, shrub, small tree, armed or not"	4	
4	"Plant unarmed"	5	
4	"Plant armed"	6	
5	"Shrub, small tree, < 4 m; 2° leaflets 14--22"	Caesalpinia	
5	"Perennial herb, shrub, < 30 cm or < 2.5 m; 2° leaflets 3--13"	Hoffmannseggia	
6	"Plant with scattered prickles; sepals not alike; fruit indehiscent"	Caesalpinia	
6	"Plant with stipular spines at nodes or thorns in leaf axils (see leaf scars) or main leaf axis a strong spine; sepals alike; fruit indehiscent to partly dehiscent late"	Parkinsonia	
