from	statement	to
1	"Leaf blade white-tomentose abaxially"	"Populus alba"
1	"Leaf blade glabrous or hairy abaxially"	2
2	"Leaf blade lanceolate"	"Populus angustifolia"
2	"Leaf blade ovate, +- round, elliptic, rhomboid, or deltate (sometimes lanceolate on suckers or stressed plants of <i>Populus trichocarpa</i>)"	3
3	"Leaf blade rhomboid or deltate, margin crenate, serrate, or coarsely scalloped"	4
3	"Leaf blade ovate to +- round, margin finely scalloped"	5
4	"Leaf blade deltate, margin coarsely scalloped"	"Populus fremontii subsp. fremontii"
4	"Leaf blade deltate to rhomboid, margin crenate to serrate"	"Populus nigra"
5	"Leaf blade widely ovate to +- round, 2--4(7) cm, petiole laterally compressed"	"Populus tremuloides"
5	"Leaf blade narrowly to widely ovate (sometimes lanceolate on suckers or stressed plants), 3--7 cm; petiole abaxially round, adaxially channeled"	"Populus trichocarpa"
