from	statement	to
1	"Ray flowers 0; outer disk pappus scales few --- generally dry streambeds"	2
1	"Ray flowers present; outer disk pappus scales generally many"	5
2	"Leaves of branches sparsely hairy or scabrous, +- densely glandular"	3
2	"Leaves of branches +- densely hairy, sparsely glandular"	4
3	"Leaves of branches generally > 13 mm, > 3 mm wide, sparsely hairy; outer phyllaries lance-deltate; NW, CaR, CW"	"Heterotheca oregona var. oregona"
3	"Leaves of branches generally < 13 mm, < 3 mm wide, +- scabrous; outer phyllaries ovate-deltate; SnJV, CW"	"Heterotheca oregona var. scaberrima"
4	"Stem generally branched proximal to middle; leaves long-soft-hairy and +- densely bristly, appearing gray-green; NW, CaR, n&c SNF, n SNH, SnJV, CW"	"Heterotheca oregona var. compacta"
4	"Stem generally loosely branched distal to middle; leaves short-bristly, appearing green; NW, CaR, n SNF, CW"	"Heterotheca oregona var. rudis"
5	"Ray fruit +- glabrous or minutely puberulent; ray pappus 0; annual to short-lived per"	6
5	"Ray fruit hairy; ray pappus present; per"	7
6	"Distal leaves not clasping; +- CA-FP"	"Heterotheca grandiflora"
6	"Distal leaves clasping; Teh, SCo, e DSon"	"Heterotheca subaxillaris subsp. latifolia"
7	"Disk corolla lobes +- glabrous or sparsely minutely strigose; leaf stiff-hairy, margins flat or inrolled --- CaR, SN, MP, sw DMtns"	8
7	"Disk corolla lobes generally sparsely short- to long-hairy (coastal or SnFrB plants sometimes +- glabrous); leaf stiff- or soft-hairy, margins often wavy"	10
8	"Stem generally 5--13 dm; mid-stem leaves lance-triangular, margin generally +- inrolled; inner pappus bristles <= disk corolla; s SNF"	"Heterotheca shevockii"
8	"Stem (1)2--5 dm; mid-stem leaves (ob)lanceolate or narrowly lance-triangular, generally flat; inner pappus bristles generally >= disk corolla"	9
9	"Mid-stem leaves (ob)lanceolate, +- moderately strigose (not bristly), glandular; CaR, SN, MP"	"Heterotheca villosa var. minor"
9	"Mid-stem leaves narrowly lance-triangular, +- sparsely scabrous to bristly, +- densely glandular; sw DMtns"	"Heterotheca villosa var. scabra"
10	"Stem 9--18 cm; distal leaves narrowly oblanceolate, little reduced, bases tapering; SN"	"Heterotheca monarchensis"
10	"Stem generally 20--70(130) cm; distal leaves narrowly to widely lanceolate (if oblanceolate then corolla lobe hairs to 1 mm), generally reduced, bases rounded; Teh, CW, SW"	11
11	"Margins of distal leaves flat to weakly wavy, leaf hairs +- 2 mm"	12
11	"Margins of distal leaves distinctly wavy, leaf hairs +- 1 mm"	13
12	"Proximal stem sparsely woolly; distal leaves oblanceolate, little reduced, flat, strigose to long-woolly; c&s NCo, n CCo, SnFrB"	"Heterotheca sessiliflora subsp. bolanderi"
12	"Proximal stem bristly; distal leaves elliptic to lanceolate, generally much reduced, occasionally +- wavy-margined, strigose and bristly; generally inland c&s California"	"Heterotheca sessiliflora subsp. echioides"
13	"Head not subtended by leaf-like bracts; distal leaves +- white, stiff; TR, PR, w DMoj, w DSon > 100 m"	"Heterotheca sessiliflora subsp. fastigiata"
13	"Head subtended by large leaf-like bracts; distal leaves green, not stiff; s CCo, SCo <= 60 m"	"Heterotheca sessiliflora subsp. sessiliflora"
