from	statement	to
1	"Crown at surface; stem hairy; stipules distinct; fruit hairy, hairs 1–1.7 mm"	"Astragalus pulsiferae var. coronensis"
1	"Crown below surface; stem strigose to hairy; stipules distinct or lowermost fused around stem; fruit strigose to hairy, hairs 0.4–0.9 mm"	2
2	"Stem, main leaf axis, peduncle hairy, hairs ± spreading to ascending"	"Astragalus pulsiferae var. pulsiferae"
2	"Stem, main leaf axis, peduncle ± strigose, hairs ascending and subappressed"	"Astragalus pulsiferae var. suksdorfii"
