from	statement	to
1	"Perianth tube cylindric, >= 20 mm; inflorescence open; perianth tube red, lobes yellow-green"	"Dichelostemma ida-maia"
1	"Perianth tube cylindric to +- spheric, < 20 mm; inflorescence dense; perianth tube pink or not but not red, lobes not yellow-green"	2
2	"Scape twining; perianth pink (white); staminodes 3, stamen-like, alternate stamens"	"Dichelostemma volubile"
2	"Scape straight or +- curved; perianth blue, purple, or white; staminodes 0"	3
3	"Stamens 6, unequal; perianth tube not narrowed above ovary"	4
3	"Stamens 3, equal; perianth tube narrowed above ovary or +- so"	5
4	"Bracts generally dark purple (paler, striped dark purple); flowers 6--15; pedicels 1--15 mm, generally < bracts"	"Dichelostemma capitatum subsp. capitatum"
4	"Bracts +- white or streaked purple; flowers 2--5; pedicels 6--35 mm, > bracts"	"Dichelostemma capitatum subsp. pauciflorum"
5	"Perianth crown deep-notched; inflorescence raceme-like; perianth tube +- narrowed above ovary"	"Dichelostemma congestum"
5	"Perianth crown truncate or rounded; inflorescence umbel-like; perianth tube narrowed above ovary"	"Dichelostemma multiflorum"
