from	statement	to
1	"Stamens > 2 per flower"	2
1	"Stamens 1–2 per flower"	4
2	"Bud scale margins fused; anthers 0.6–1 mm"	"Salix lasiandra"
2	"Bud scale margins free, overlapping; anthers 0.4–0.6 mm"	3
3	"Leaf blade not glaucous abaxially; twigs ± yellow or yellow-green or ± tan; margins of leaves on catkin shoots finely serrate; young leaves white-hairy"	"Salix gooddingii"
3	"Leaf blade glaucous abaxially; twigs ± tan; margins of leaves on catkin shoots entire; young leaves glabrous or white- or white-and-rusty-hairy"	"Salix laevigata"
4	"Stamen 1 per flower"	5
4	"Stamens 2 per flower"	7
5	"Catkins and leaves (at least some) ± opposite"	"Salix purpurea"
5	"Catkins and leaves alternate"	6
6	"Leaf blade 8–25 mm wide, length 3–7.3 × width; flower bract sparsely hairy; filaments generally hairy basally; twigs very brittle at base; KR, CaRH, SNH; 1000–3400 m"	"Salix jepsonii"
6	"Leaf blade 17–48 mm wide, length 2–4 × width; flower bract moderately hairy; filaments glabrous; twigs flexible or ± brittle at base; NW, n SNH, CW (except SCoRI), w WTR; 0–400 m (1800–2500 m in Siskiyou, Humboldt cos.)"	"Salix sitchensis"
7	"Shrub < 0.2 m, forming mats by rhizomes or adventitious roots; alpine"	8
7	"Shrub to tree, > 0.2 m, not forming mats; not alpine"	9
8	"Catkin and leafy shoot terminal; catkin 7–19 mm; flower bract ± glabrous (hairy or not on margin); young leaves glabrous; nectaries adaxial, abaxial"	"Salix nivalis"
8	"Catkin and leafy shoot lateral; catkin 18–32 mm; flower bract hairy; young leaves long-soft-wavy-hairy; nectaries generally only adaxial"	"Salix petrophila"
9	"Nectaries adaxial and abaxial; catkins blooming with or after leaves, on leafy shoots"	10
9	"Nectaries adaxial; catkins blooming before or with leaves, sessile or on leafy shoots; native"	14
10	"Tree; twigs flexible or ± brittle at base"	11
10	"Shrub; twigs flexible at base"	12
11	"Stems and twigs erect to spreading; twigs ± yellow or gray to ± tan, densely silky; petiole silky"	"Salix alba"
11	"Stems and twigs pendent; twigs ± tan, short-silky to velvety, glabrous in age (except at nodes); petiole tomentose"	"Salix babylonica"
12	"Shrub generally < 0.5 m, not clonal by root-sprouting, subalpine; catkin 4–5 mm on leafy shoot ± 1 mm; anther 0.3–0.5 mm"	"Salix brachycarpa var. brachycarpa"
12	"Shrub 0.8–7 m, clonal by root-sprouting, riparian; catkin 13–54 mm on leafy shoot 5–70 mm; anther 0.6–1.1 mm"	13
13	"Leaf blade linear to narrow-elliptic or -oblanceolate, length 2.8–8.5 × width; twigs gray-brown; young leaves long-soft-wavy-hairy, tomentose, or velvety; petiole glabrous"	"Salix melanopsis"
13	"Leaf blade linear, length 10–23 × width; twigs ± tan; young leaves short- and long-silky; petiole hairy"	"Salix exigua"
14	"Catkins blooming before leaves (sometimes ± so), sessile or on bracted shoots or on leafy shoots to 4 mm"	15
14	"Catkins blooming with leaves, on (sometimes very short) leafy shoots"	24
15	"Flower bract ± tan or light rose; on serpentine"	"Salix breweri"
15	"Flower bract brown to black; not on serpentine (except <i>Salix delnortensis</i>)"	16
16	"Anthers >= 0.6 mm"	17
16	"Anthers generally <= 0.6 mm"	20
17	"Twigs tomentose or velvety, brittle at base; serpentine"	"Salix delnortensis"
17	"Twigs generally hairy, not velvety, brittle or flexible at base; non-serpentine"	18
18	"Anthers yellow; catkins sessile or on leafy shoots to 8 mm, length 1.6–6.4 × width; twigs brittle at base"	"Salix hookeriana"
18	"Anthers purple, in age yellow; catkins sessile or on leafy shoots to 4 mm, length 1.3–3.2 × width; twigs flexible at base"	19
19	"Low shrubs generally restricted to subalpine meadows, SNH, SNE; twigs generally glabrous to sparsely hairy; adaxial nectaries narrowly oblong to oblong"	"Salix planifolia"
19	"Tall shrubs to trees in forest openings, NW, CaR, SN, n CCo, SnFrB, SnGb, SnBr, SnJt, GB; twigs sparsely hairy to densely velvety; adaxial nectaries oblong to square"	"Salix scouleriana"
20	"Plants of SNH, SNE (<i>Salix lasiolepis</i> also in SNH, W&I, but in staminate plants morphologically indistinguishable from <i>Salix drummondiana</i> and <i>Salix planifolia</i>)"	21
20	"Plants not of SNH, SNE"	22
21	"Twigs brittle at base, generally strongly glaucous; c&s SNH, W&I"	"Salix drummondiana"
21	"Twigs flexible at base, generally not glaucous; SNH, SNE"	"Salix planifolia"
22	"Twigs glabrous, long-soft hairy, tomentose, or woolly; filaments glabrous or hairy; anthers yellow; NCo (< 100 m), n NCoRO (500–1000 m), CaRF, n CCo (Sonoma Co.)"	"Salix hookeriana"
22	"Twigs glabrous, densely short-soft-spreading-hairy, or tomentose; filaments glabrous; anthers purple, in age yellow; CA"	23
23	"Stipule tip acute; leaf glands submarginal or distinctly on adaxial surface; young leaves thick, yellow-green (or ± red)"	"Salix lasiolepis"
23	"Stipule tip convex to rounded; leaf glands marginal; young leaves thin, ± red"	"Salix tracyi"
24	"Young leaves rusty- or white-and-rusty-hairy"	25
24	"Young leaves white-hairy or glabrous"	27
25	"Flower bracts widest above middle; leaf abaxial hairs spreading; young leaves glabrous, tomentose, or puberulent"	"Salix tracyi"
25	"Flower bracts widest at middle; leaf abaxial hairs appressed; young leaves silky"	26
26	"Catkin spheric, 11–18 mm; flower bract glabrous or hairy, ± tan to dark brown; anthers 0.4–0.5 mm"	"Salix geyeriana"
26	"Catkin stout-cylindric, 19–44 mm; flower bract hairy, brown to 2-colored; anthers 0.5–0.9 mm"	"Salix lemmonii"
27	"Filaments hairy"	28
27	"Filaments glabrous"	33
28	"Leaf blade abaxially not glaucous; leaves on catkin shoots generally finely short-slender-serrate (or entire or gland-dotted)"	"Salix eastwoodiae"
28	"Leaf blade abaxially glaucous or surface obscured by hair; leaves on catkin shoots entire or gland-dotted"	29
29	"Stipules 0 or vestigial"	30
29	"Stipules leaf-like"	31
30	"Catkin spheric, 11–18 mm; anthers 0.4–0.5 mm; leaf blade shiny adaxially; petiole velvety"	"Salix geyeriana"
30	"Catkin stout-cylindric, 16–34 mm; anthers 0.6–1 mm; leaf blade dull adaxially; petiole tomentose"	"Salix orestera"
31	"Leaf blade abaxially densely silky; petiole silky or velvety; twigs very brittle at base"	"Salix jepsonii"
31	"Leaf blade abaxially sparsely to moderately tomentose or silky; petiole puberulent or tomentose; twigs flexible at base"	32
32	"Flower bract ± tan; twigs moderately to densely long-soft-wavy-hairy; petiole puberulent; 1000–1400 m"	"Salix bebbiana"
32	"Flower bract brown; twigs sparsely soft-shaggy-hairy or silky, glabrous in age; petiole tomentose; 2100–4000 m"	"Salix orestera"
33	"Later stipules 0 or vestigial, scars 0 or minute"	"Salix geyeriana"
33	"Later stipules leaf-like, scars not 0, not minute"	34
34	"Leaf blade not glaucous abaxially"	35
34	"Leaf blade glaucous abaxially"	36
35	"Young leaves shaggy-hairy; mature leaf blade abaxially glabrous or soft-shaggy-hairy, adaxially shiny to highly glossy"	"Salix boothii"
35	"Young leaves densely tomentose, silky, or woolly; mature leaf blade abaxially tomentose, long-soft-wavy-hairy, woolly-tomentose, silky, or glabrous in age, adaxially dull"	"Salix eastwoodiae"
36	"Twigs yellow-gray or yellow- or gray-brown, not peeling; anthers 0.4–0.8 mm"	"Salix lutea"
36	"Twigs yellow-green or generally ± tan, peeling; anthers 0.5–0.8 mm"	37
37	"Leaf blade margin entire to crenate; flower bract 1.2–3.2 mm, hairs wavy; catkin leafy shoots 0.5–11 mm"	"Salix bebbiana"
37	"Leaf blade margin generally serrate; flower bract 0.8–1.6 mm, hairs curly; catkin leafy shoots 0–3 mm"	38
38	"Leaf blade strap-shaped to narrowly elliptic, base convex to subcordate; stipule tip rounded to acuminate"	"Salix ligulifolia"
38	"Leaf blade narrowly oblong or lanceolate to obovate, base rounded to cordate; stipule tip convex to rounded"	"Salix prolixa"
