from	statement	to
1	"Annual; caudex 0; corolla +- white (blue-white), tube with 5 vertical bands of hairs; fruit +- brown, wrinkled, +- tubercled, +- dull"	"Lithospermum arvense"
1	"Perennial herb; caudex +- woody; corolla +- yellow, tube without longitudinal bands of hairs; fruit white to gray, smooth to pitted, shiny"	2
2	"Corolla 15--35 mm, 10--20 mm diam, appendaged, lobe margin jagged; cleistogamous flowers present; se DMtns"	"Lithospermum incisum"
2	"Corolla 9--18 mm, 7--13 mm diam, appendages 0, lobes entire; cleistogamous flowers 0; KR, NCoRH, NCoRI, CaR, n SNH, MP"	3
3	"Flowers in open panicles or 1 in upper leaf axils; pedicels 4--7 mm, recurved in fruit; corolla 12--18 mm, 1.5--2 × calyx, golden yellow; heterostylous; leaf blades oblong to lance-ovate, few, scattered"	"Lithospermum californicum"
3	"Flowers in dense cymes; pedicels 1--3 mm, +- erect in fruit; corolla 9--12 mm, 1--1.5 × calyx, pale- to green-yellow; homostylous; leaf blades lanceolate to linear, many, crowded"	"Lithospermum ruderale"
