from	statement	to
1	"Perennial herb; stem prostrate, mat-forming; taproot > 3 mm diam; flower hairs sparse, near tip, +- straight"	"Paronychia franciscana"
1	"Annual; stem +- erect; taproot < 1 mm diam; flower hairs +- dense, on lower 1/2, hooked or tightly coiled at tip"	2
2	"Stem 0.5--1.2 cm, +- hidden by leaves; flower 1, 4.2--5 mm; sepal awn 1.5--2 mm; scarious sepal margin 0.5--2 mm wide, tip erect"	"Paronychia ahartii"
2	"Stem 2--20 cm, not hidden by leaves; flowers 3--12, 2--2.5 mm; sepal awn 0.6--0.9 mm; scarious sepal margin 0.1--0.2 mm wide, tip recurved adaxially"	"Paronychia echinulata var. echinulata"
