from	statement	to
1	"Leaf united completely around stem (giving stem +- jointed appearance), +- mucronate"	"Tamarix aphylla"
1	"Leaf +- clasping stem, acute to long-acuminate"	2
2	"Sepals, petals, stamens generally 4"	"Tamarix parviflora"
2	"Sepals, petals, stamens 5"	3
3	"Nectary disk lobes confluent with stamens, sometimes very shallow or +- 0"	"Tamarix gallica"
3	"Nectary disk lobes alternate stamens"	4
4	"Sepals entire; flowers with 1--2 stamens attached between lobes of nectary disk, 3--4 below nectary disk"	"Tamarix chinensis"
4	"Sepals minutely dentate; flowers with 5 stamens attached below nectary disk"	"Tamarix ramosissima"
