from	statement	to
1	"Fruit +- same width throughout; flowers at proximal nodes 0"	2
1	"Fruit base wider than tip; flowers at proximal nodes present or 0"	3
2	"Sepals 1.5--2.5 mm; petals 1.8--3 mm; stigma +- surrounded by anthers"	"Eremothera chamaenerioides"
2	"Sepals 4--6 mm; petals 3.5--7 mm; stigma exceeding anthers"	"Eremothera refracta"
3	"Inflorescence erect; petals 0.8--1.3 mm; sepals 0.8--1.8 mm"	"Eremothera minor"
3	"Inflorescence nodding; petals 3--7.5 mm; sepals (2.7)4--8 mm"	4
4	"Rosette present at time of 1st flower in late winter, spring; bracts not leaf-like, +- inconspicuous; plant +- glabrous or hairs not spreading"	5
4	"Rosette generally withered by time of 1st flower in late spring, summer; bracts leaf-like, conspicuous; plant hairs often spreading"	7
5	"Fruit 2--3.8 mm wide at base, woody, curved outward but not downward"	"Eremothera boothii subsp. condensata"
5	"Fruit 1--2.3 mm wide at base, not woody, curved outward or downward"	6
6	"Fruit 1.7--2.3 mm wide at base, curved outward"	"Eremothera boothii subsp. decorticans"
6	"Fruit 1--1.6 mm wide at base, generally curved downward"	"Eremothera boothii subsp. desertorum"
7	"Plant strigose, also rarely with spreading or glandular hairs; seeds all minutely pitted"	"Eremothera boothii subsp. alyssoides"
7	"Plant hairs spreading, some glandular; seeds of 2 kinds, minutely pitted and coarsely papillate"	8
8	"Plant generally 15--40 cm; cauline leaves lanceolate to narrowly ovate, serrate"	"Eremothera boothii subsp. boothii"
8	"Plant 5--20 cm; cauline leaves +- narrowly lanceolate or lower oblanceolate, +- entire to minutely serrate"	"Eremothera boothii subsp. intermedia"
