from	statement	to
1	"Stem much-branched above base"	"Phyllostachys:Phyllostachys aurea"
1	"Stem not branched above base (except inflorescence)"	2
2	"Leaves predominantly basal"	3
2	"Leaves well distributed along stems"	4
3	"Stem internodes hollow; spikelets unisexual (pls generally pistillate)"	Cortaderia
3	"Stem internodes solid; spikelets bisexual"	"Stipa mauritanica"
4	"Inflorescence branches and spikelets glabrous"	5
4	"Inflorescence branches and/or spikelets hairy"	7
5	"Glumes 0 or vestigial - inflorescence branches unisexual, spikelets remaining intact until harvested"	"Zizania:Zizania palustris var. interior"
5	"Glumes present"	6
6	"Inflorescence spike-like (branched below)"	"Elymus condensatus"
6	"Inflorescence panicle-like"	Sorghum
7	"Stem internodes solid; spikelets paired, one or both stalked"	8
7	"Stem internodes hollow; spikelets 1 per node"	9
8	"Spikelets unequally stalked; inflorescence axis remaining intact at maturity"	"Imperata:Imperata brevifolia"
8	"1 spikelet sessile, 2nd stalked; inflorescence axis breaking apart at maturity, segments with spikelets attached"	"Saccharum:Saccharum ravennae"
9	"Spikelet axis glabrous; lemma densely hairy"	"Arundo:Arundo donax"
9	"Spikelet axis silky-hairy; lemma glabrous"	"Phragmites:Phragmites australis"
