from	statement	to	shortcut
1	"Plant non-green; leaves 0 or scale-like"	2	
1	"Plant green; leaves leaf-like (except some <i>Pyrola</i>)"	8	
2	"Ovary chamber 1 or appearing > 1 by intrusion of parietal placentas; fruit a berry; fruit axis fleshy, not long-persisting"	3	
2	"Ovary chambers 4--5; fruit a capsule; fruit axis fibrous, generally persisting long after seed dispersal"	5	
3	"Petals fused; anthers elongate, dehiscing by separate slits"	Hemitomes	"Hemitomes congestum"
3	"Petals free; anthers elongate or not, dehiscing by separate or fused slits"	4	
4	"Corolla densely hairy inside, +- glabrous outside; anthers not elongate; stigma < 5 mm wide, +- funnel-shaped, subtended by ring of hairs"	Pityopus	"Pityopus californicus"
4	"Corolla glabrous; anthers elongate; stigma 1.5--2.5 mm wide, crown-like, not subtended by hairs"	Pleuricospora	"Pleuricospora fimbriolata"
5	"Petals free; fruit dehiscing tip to base; seed fusiform"	6	
5	"Petals fused; fruit dehiscing base to tip or indehiscent; seed ovate, winged or not"	7	
6	"Inflorescence emerging from ground erect, with red or maroon stripes; pedicel not recurved when anthers open; sepals 0(2--4), petals 5; stamens exserted"	Allotropa	"Allotropa virgata"
6	"Inflorescence emerging from ground nodding, without red or maroon stripes; pedicel recurved to spreading when anthers open; sepals, petals generally 5; stamens included"	Monotropa	
7	"Plant +- pink, in age brown; inflorescence 1.5--17 dm, axis < 1.5 cm wide just below lowest flower; corolla 6--9 mm, cream to +- yellow; anthers awned; fruit dehiscing; seed winged"	Pterospora	"Pterospora andromedea"
7	"Plant +- red; inflorescence generally 1.5--3 dm, axis generally > 1 cm wide just below lowest flower; corolla 12--18 mm, red; anthers unawned; fruit indehiscent; seed unwinged"	Sarcodes	"Sarcodes sanguinea"
8	"Plant not or +- woody; leaves basal or cauline but on short stems, alternate to whorled; petals free"	9	
8	"Plant woody; leaves cauline, alternate (opposite, whorled); petals 0, free and reduced, or generally fused, or calyx, corolla +- indistinguishable, perianth parts 3--6, +- free"	12	
9	"Flowers 1 or to 10 in +- head- or umbel-like raceme; fruit dehiscing tip to base"	10	
9	"Flowers few--many in elongate raceme; fruit dehiscing base to tip"	11	
10	"Flowers in raceme; style in depression, stout; stigma not crown-like; nectary present; leaves cauline, leathery, elliptic to oblanceolate"	Chimaphila	
10	"Flowers 1; style not or in slight depression, slender; stigma crown-like; nectary 0; leaves +- basal, not leathery, ovate to obovate"	Moneses	"Moneses uniflora"
11	"Inflorescence 1-sided, arched, in fruit +- erect; petal tubercles 2, basal, adaxial; nectary present"	Orthilia	"Orthilia secunda"
11	"Inflorescence not 1-sided, +- erect; petal tubercles 0; nectary 0"	Pyrola	
12	"Flowers reduced, wind-pollinated, unisexual"	Empetrum	"Empetrum nigrum"
12	"Flowers not reduced, not wind-pollinated, bisexual"	13	
13	"Ovary inferior; fruit a berry"	Vaccinium	
13	"Ovary 1/2-inferior or generally superior; fruit a berry, drupe, or capsule"	14	
14	"Fruit generally +- enclosed by fleshy calyx; leaves evergreen"	Gaultheria	
14	"Fruit not enclosed by calyx; leaves evergreen or deciduous"	15	
15	"Corolla generally persistent in fruit; leaf needle-like, generally < 1 mm wide"	Erica	"Erica lusitanica"
15	"Corolla not persistent in fruit; leaf linear or wider, generally not needle-like, generally > 1 mm wide"	16	
16	"Fruit a drupe or berry; plants generally of low elevations, dry habitats (except <i>Arbutus</i>, some <i>Arctostaphylos</i>)"	17	
16	"Fruit a capsule; plants generally of high elevations or moist habitats (some <i>Rhododendron</i>, <i>Menziesia</i> from low elevations, moist habitats)"	21	
17	"Leaves opposite or whorled, +- linear; fruit a drupe, stones fused, each generally 2-seeded"	Ornithostaphylos	"Ornithostaphylos oppositifolia"
17	"Leaves alternate (except some <i>Xylococcus</i>), wider than linear; fruit a berry or drupe, stones free or fused, each 1--few-seeded"	18	
18	"Ovary, fruit smooth, not papillate; fruit not juicy; inflorescence generally dense"	19	
18	"Ovary, fruit papillate; fruit +- juicy; inflorescence generally open"	20	
19	"Leaf margin generally flat; filament swollen at base; fruit flesh generally mealy, occasionally 0, stones free to all fused"	Arctostaphylos	
19	"Leaf margin rolled under; filament not swollen at base; fruit flesh dry, stones fused"	Xylococcus	"Xylococcus bicolor"
20	"Fruit a berry; seeds few per chamber"	Arbutus	"Arbutus menziesii"
20	"Fruit a drupe; seeds 1 per stone"	Comarostaphylis	
21	"Anthers awned or not; fruit loculicidal"	22	
21	"Anthers unawned; fruit septicidal"	23	
22	"Leaves boat-shaped, opposite, 2--5 mm, appressed; flowers 1 in upper leaf axils; anthers awns elongate"	Cassiope	"Cassiope mertensiana"
22	"Leaves not boat-shaped, alternate, 15--80 mm, spreading; flowers in racemes; anthers awns 0 or vestigial"	Leucothoe	"Leucothoe davisiae"
23	"Fruit dehiscing base to tip; petals fused at base or generally free"	Rhododendron	
23	"Fruit dehiscing tip to base; petals +- fused"	24	
24	"Corolla generally rotate to cup-shaped, with pockets holding anthers until dehiscence"	Kalmia	"Kalmia polifolia"
24	"Corolla generally not cup-shaped to rotate, without pockets"	25	
25	"Leaf < 5 mm wide, margin strongly rolled under, abaxial surface < 1/3 visible; bud scales 0"	Phyllodoce	
25	"Leaf > 5 mm wide, margin not strongly rolled under, abaxial surface > 1/3 visible (except sometimes in bud); buds scales deciduous or +- persistent"	26	
26	"Corolla urn-shaped to +- spheric, 6--7(13) mm; leaves deciduous"	Menziesia	"Menziesia ferruginea"
26	"Corolla widely bell- to funnel-shaped, 10--50 mm; leaves deciduous or evergreen"	Rhododendron	
