from	statement	to
1	"Lower lateral spikelets nodding on drooping stalks"	2
1	"Lower lateral spikelets generally erect, stalks sometimes 0"	6
2	"Peri strongly 7--11-veined, beak teeth without eroded tips, 0.3--2.8 mm"	3
2	"Peri weakly 0--7-veined, beak teeth with eroded tips or < 0.5 mm"	4
3	"Peri beak teeth spreading or strongly curved, 1.3--2.8 mm, not prickle-like; stem base brown"	"Carex comosa"
3	"Peri beak teeth erect, straight, 0.3--0.9 mm, prickle-like; stem base red-purple"	"Carex hystericina"
4	"Peri obovate; leaf margins very sharply scabrous"	"Carex spissa"
4	"Peri elliptic to ovate; leaf margins smooth to +- serrate"	5
5	"Plant rhizomed; peri beak 0.7--1.2 mm"	"Carex amplifolia"
5	"Plant cespitose; peri beak 0.5 mm"	"Carex pendula"
6	"Lateral spikelets 4--20 mm; peri 1.8--4.5 mm"	7
6	"Lateral spikelets 20--100 mm; peri 3.6--12.7 mm"	8
7	"Pistillate flower bracts dark purple or black; peri 1.6--2.1 mm wide"	"Carex raynoldsii"
7	"Pistillate flower bracts green to rusty; peri 0.8--1.6 mm wide"	"Carex viridula subsp. viridula"
8	"Peri widest above middle, weakly veined; leaf margins very sharply scabrous; young leaves blue-green"	"Carex spissa"
8	"Peri widest below middle, strongly veined; leaf margins entire or weakly serrate; young leaves green"	9
9	"Plant long-rhizomed; stem base spongy-thickened, brown or red-tinged, crosswalls between veins many, well developed, yielding brick-like pattern, sheaths generally not fibrous; ligule length generally < width on lower leaves; widest leaves to 15 mm wide"	"Carex utriculata"
9	"Plant +- cespitose; stem base not spongy-thickened, generally red- or purple-tinged, crosswalls between veins generally few, weakly developed, not yielding brick-like pattern; sheaths often fibrous; ligule length > width on lower leaves; widest leaves to 6.5 mm wide"	10
10	"Larger peri 7.5--12.7 mm, length 3.4--7.4 × width, tip gradually narrowed to an indistinct beak; < 1800 m"	"Carex exsiccata"
10	"Larger peri 3.6--8.2 mm, length generally 2--3.5 × width, tip +- abruptly narrowed to +- distinct beak; < 3300 m"	"Carex vesicaria"
