from	statement	to
1	"Perianth barbs reflexed; fruit +- smooth, base narrow-stalk-like"	2
1	"Perianth barbs ascending; fruit wrinkled, base wide-stalk-like or not stalk-like"	3
2	"Perianth bristles 10--12; spikelets pale-brown to +- white"	"Rhynchospora alba"
2	"Perianth bristles 5--7; spikelets brown to dark brown"	"Rhynchospora capitellata"
3	"Perianth bristles generally exceeding tubercle tip; fruit base wide-stalk-like"	"Rhynchospora californica"
3	"Perianth bristles generally exceeded by tubercle base; fruit base not stalk-like"	"Rhynchospora globularis"
