from	statement	to	shortcut
1	"Perianth parts +- free at base, not forming obvious tube"	2	
1	"Perianth parts fused at base, forming obvious tube"	3	
2	"Filaments basally dilated, fused to form nectar cup, distally thread-like"	Bloomeria	
2	"Filaments thread-like to dilated, occasionally overlapped or fused but not forming cup"	Muilla	
3	"Stamens 3, equal (or 6, 3 smaller in <i>Dichelostemma capitatum</i>)"	4	
3	"Stamens 6, equal or not"	5	
4	"Scape generally straight; staminodes (0)3, alternate 3 stamens; filaments generally not forming crown-like tube"	Brodiaea	
4	"Scape generally curved, twisted, or twining; staminodes 0 (3, stamen-like in <i>Dichelostemma volubile</i>); filaments forming crown-like tube outside anthers"	Dichelostemma	
5	"Filaments fused into tube with appendages forming crown"	Androstephium	"Androstephium breviflorum"
5	"Filaments free, appendages forming crown or generally 0"	Triteleia	
