from	statement	to
1	"Corolla bright pink to red or red-orange, tube 16--25 mm, throat indistinct"	2
1	"Corolla white, yellow, or brown-purple, short tube and distinct throat together 4--11 mm"	5
2	"Leaves +- opposite"	3
2	"Leaves generally whorled in 3s (occasionally few opposite)"	4
3	"Leaf base rounded to cordate; anther sacs 1.1--1.5 mm"	"Keckiella cordifolia"
3	"Leaf base wedge-shaped; anther sacs 0.9--1 mm"	"Keckiella corymbosa"
4	"Calyx glandular, 3.8--5.5 mm"	"Keckiella ternata var. septentrionalis"
4	"Calyx glabrous, 4.5--7.2 mm"	"Keckiella ternata var. ternata"
5	"Corolla 10--15 mm, tube + throat > upper lip"	6
5	"Corolla 12--23 mm, tube + throat < upper lip"	8
6	"Inflorescence a panicle; flowers pedicelled; anther sac valves spreading widely; staminode densely hairy; young stems glabrous, glaucous"	"Keckiella lemmonii"
6	"Inflorescence spike-like; flowers +- sessile; anther sac valves barely spreading; staminode glabrous near tip; young stems densely short-hairy, green"	7
7	"Corolla 13--15 mm, sparsely long-hairy; leaves green, becoming glabrous"	"Keckiella rothrockii var. jacintensis"
7	"Corolla 10--12 mm, becoming glabrous; leaves canescent"	"Keckiella rothrockii var. rothrockii"
8	"Staminode densely yellow-hairy; corolla yellow; anther sacs 1.1--1.8 mm"	9
8	"Staminode glabrous near tip; corolla white, cream, or rose-tinged; anther sacs 0.6--0.8 mm"	10
9	"Calyx 3--6 mm, lobes widely ovate, tips obtuse to acute; plant finely hairy; anther sacs 1.4--1.8 mm"	"Keckiella antirrhinoides var. antirrhinoides"
9	"Calyx 5.5--9 mm, lobes lanceolate, tips acute to acuminate; plant canescent; anther sacs 1.1--1.5 mm"	"Keckiella antirrhinoides var. microphylla"
10	"Calyx glandular"	"Keckiella breviflora var. breviflora"
10	"Calyx glabrous"	"Keckiella breviflora var. glabrisepala"
