from	statement	to
1	"Corolla 3–4 mm; anthers 2–3 mm; fruit 4.5–5.5 mm"	"Hymenopappus filifolius var. nanus"
1	"Corolla 4–7 mm; anthers 3–4 mm; fruit 5–7 mm"	2
2	"Corolla ± white; peduncle 8–16 cm; cauline leaves 2–7; fruit hairs 0.5–1.5 mm"	"Hymenopappus filifolius var. eriopodus"
2	"Corolla generally yellow; peduncles 2–12 cm; cauline leaves 0–7; fruit hairs 1–2 mm"	3
3	"Cauline leaves 0–3; divisions of basal leaves 3–15 mm; main phyllaries 6–10 mm"	"Hymenopappus filifolius var. lugens"
3	"Cauline leaves (1)2–7; divisions of basal leaves 5–30 mm; main phyllaries 8–12(14) mm"	"Hymenopappus filifolius var. megacephalus"
