from	statement	to
1	"Inflorescence an elongate raceme, flowers 15--many"	2
1	"Inflorescence a short, +- flat-topped raceme or umbel-like to subsessile cluster, flowers 1--12"	4
2	"Leaves deciduous, finely serrate; inflorescence leafy at base; fruit 6--14 mm"	"Prunus virginiana var. demissa"
2	"Leaves evergreen, entire or spiny-serrate; inflorescence leafless at base; fruit 12--25 mm"	3
3	"Leaf margin spiny-serrate, +- wavy, blade widely ovate to round; petiole 3--10 mm; s NCoR, CW, SW (except ChI)"	"Prunus ilicifolia subsp. ilicifolia"
3	"Leaf margin generally entire, flat, blade generally ovate; petiole 8--25 mm; ChI"	"Prunus ilicifolia subsp. lyonii"
4	"Ovary, fruit generally glabrous"	5
4	"Ovary, fruit densely puberulent or velvety"	7
5	"Inflorescence raceme; sepal entire; fruit 7--14 mm; twigs with true terminal bud"	"Prunus emarginata"
5	"Inflorescence umbel-like; sepal gland-toothed to nearly entire; fruit 15--30 mm; twigs with false terminal bud"	6
6	"Leaf blade elliptic to (ob)ovate, base obtuse; flowers 1(2), appearing before leaves; tree, roadsides, streambanks, chaparral as waif"	"Prunus cerasifera"
6	"Leaf blade oblong-ovate to +- round, base rounded to subcordate; flowers 2--5, appearing with leaves; shrub, mixed-evergreen or conifer forest"	"Prunus subcordata"
7	"Tree 3--10 m, not thorny; leaf blade 25--150 mm; fruit 25--80 mm; petals 10--25 mm"	8
7	"Shrub < 4 m, often thorny; leaf blade 5--30 mm; fruit 7--18 mm; petals 1.4--12 mm"	9
8	"Petiole (8)10--25 mm; leaf blade 25--100 mm; petals pink to nearly white; fruit pulp leathery"	"Prunus dulcis"
8	"Petiole 5--10(15) mm; leaf blade (50)70--150 mm; petals dark pink; fruit pulp fleshy"	"Prunus persica"
9	"Leaf blade < 2 × longer than wide, base wedge-shaped to rounded or subcordate"	10
9	"Leaf blade >= 2 × longer than wide, base long-tapered"	11
10	"Leaf blade ovate to obovate, +- hairy, base wedge-shaped to obtuse; flowers generally unisexual; hypanthium, sepals densely puberulent abaxially"	"Prunus eremophila"
10	"Leaf blade ovate to round, glabrous, base obtuse to rounded or subcordate; flowers bisexual; hypanthium, sepals glabrous abaxially"	"Prunus fremontii"
11	"Petals (5)8--11 mm, dark pink to nearly white; pedicel (1)4--12 mm; leaf blade 2--6 mm wide, finely serrate"	"Prunus andersonii"
11	"Petals 1.4--4 mm, white to +- yellow; pedicel 0--4 mm; leaf blade 1--2(4) mm wide, generally entire"	12
12	"Leaf puberulent; s SNF, Teh, s SCoRI, n TR, e PR, D"	"Prunus fasciculata var. fasciculata"
12	"Leaf glabrous to low-papillate; s CCo, s SCoRO"	"Prunus fasciculata var. punctata"
