from	statement	to
1	"Heads +- disciform; ray 0--0.5 mm; disk fruit 2-angled; disk pappus of 2--7 scales"	"Monolopia congdonii"
1	"Heads radiate; ray 2--20 mm; disk fruit 4-angled; disk pappus 0"	2
2	"Ray entire to slightly toothed, or middle lobe < outer"	3
2	"Ray +- equally 3-lobed"	4
3	"Fruit glabrous or sparsely hairy, +- 2 mm; branches +- spreading, generally near top of plant"	"Monolopia gracilens"
3	"Fruit +- uniformly gray-strigose, 2.5--3 mm; branches +- erect"	"Monolopia stricta"
4	"Fruit +- uniformly gray-strigose; phyllaries free to +- 1/2 fused"	"Monolopia lanceolata"
4	"Fruit +- glabrous or hairs concentrated at top; phyllaries fused into cup with triangular lobes"	"Monolopia major"
