from	statement	to
1	"Leaves in 2 forms, basal < and generally wider than cauline, rosette well developed, generally persistent; main panicle branches forked at base (subg. <i>Dichanthelium</i>)"	2
1	"Leaves gradually reduced upward, basal rosette not well developed; main panicle branches simple at base (subg. <i>Panicum</i>)"	5
2	"Spikelet 2.7--3.5 mm, 2--2.4 mm wide; upper glume 9-veined with a prominent orange spot at base, lower glume acuminate; ligule hairs 1--1.5 mm"	"Panicum oligosanthes var. scribnerianum"
2	"Spikelet 1--2 mm, +- < 1 mm wide; upper glume 7-veined, lacking orange spot at base, lower glume acute; ligule of hairs 2--4 mm"	3
3	"Stem, lower sheath generally glabrous"	"Panicum acuminatum var. lindheimeri"
3	"Stem, sheath soft-hairy"	4
4	"Leaf blade puberulent abaxially; inflorescence generally long-exserted"	"Panicum acuminatum var. fasciculatum"
4	"Leaf blade soft-hairy abaxially; inflorescence generally scarcely exserted"	"Panicum acuminatum var. thermale"
5	"Sheath compressed-keeled, blade folded at base; ligule ragged"	"Panicum rigidulum subsp. rigidulum"
5	"Sheath not compressed-keeled, blade flat or rolled under; ligule ciliate"	6
6	"Perennial herb, generally with rhizomes or stolons; lower floret staminate"	7
6	"Annual; lower floret sterile"	8
7	"Stem hard, almost woody; upper lemma with flat margin"	"Panicum antidotale"
7	"Stem not especially hard; upper lemma margin inrolled"	"Panicum urvilleanum"
8	"Stem, leaves +- glabrous; lower glume +- truncate, < 1/3 spikelet length"	"Panicum dichotomiflorum subsp. dichotomiflorum"
8	"Stem, leaves hairy; lower glume acute, > 1/3 spikelet length"	9
9	"Spikelet > 4 mm; panicle dense, spikelets in overlapping clusters"	"Panicum miliaceum subsp. miliaceum"
9	"Spikelet < 4 mm; panicle open, most spikelets well separated"	10
10	"Lower palea 0; base of upper floret without paired crescent-shaped scars"	"Panicum capillare"
10	"Lower palea present; base of upper floret generally with paired crescent-shaped scars"	11
11	"Spikelet axis not elongated between glumes and florets; lower glume 1--1.5 mm, < 1/2 spikelet length; stalks generally spreading, generally > 2 mm"	"Panicum hillmanii"
11	"Spikelet axis +- elongated between glumes and florets, visible; lower glume 1.5--2.5 mm, > 1/2 spikelet length; stalks generally appressed, generally < 2 mm"	"Panicum hirticaule subsp. hirticaule"
