from	statement	to
1	"Flowers radial, +- closed; style +- included, straight, < 2 mm, stigma lobes spreading; anthers < 1.5 mm, +- without tube-like constrictions subtending pores (subg. <i>Amelia</i>)"	"Pyrola minor"
1	"Flowers subradial to bilateral, +- open; style exserted, downcurved, > 4 mm, stigma lobes +- erect; anthers >= 2 mm, with tube-like constrictions subtending pores (subg. <i>Pyrola</i>)"	2
2	"Flower bract generally >> pedicel"	3
2	"Flower bract generally <= pedicel"	5
3	"Leaf blades generally vestigial or 0, sessile, +- appressed, +- not green, dull adaxially"	"Pyrola aphylla"
3	"Leaf blades well developed, petioled, spreading, green (chlorophyll present), +- shiny adaxially"	4
4	"Flower bract 1--1.5 × pedicel; sepals 2--3.5 mm, deltate to lanceolate; leaf round to reniform, entire to +- crenate; anthers 2--3 mm"	"Pyrola asarifolia subsp. asarifolia"
4	"Flower bract generally > 2 × pedicel; sepals 3--5.8 (generally >> 3.5) mm, lanceolate to lance-oblong; leaf +- round to elliptic, generally minutely mucronate-dentate; anthers 2.5--3.5 mm"	"Pyrola asarifolia subsp. bracteata"
5	"Leaf blades generally vestigial or 0, largest lanceolate to deltate, sessile, +- not green, +- 1 cm"	"Pyrola aphylla"
5	"Leaf blades generally present, largest round to obovate, oblanceolate, or elliptic, petioled, green, generally > 1.5 cm"	6
6	"Leaves glaucous, bluish, erect; petiole +- 1/4--1/2 blade; blades entire to serrate"	"Pyrola dentata"
6	"Leaves not glaucous, dark green, spreading; petiole +- >= 1/2 blade; blades entire (serrate)"	7
7	"Leaf blade without white mottling on veins adaxially, round, 1--2.5 cm, adaxial veins raised"	"Pyrola chlorantha"
7	"Leaf blade with white mottling on veins adaxially, ovate to obovate to elliptic, 2.5--7 cm; adaxial veins not raised"	8
8	"Sepals 2.2--3.4 mm; flower bract generally > 1/2 pedicel; KR, NCoRO, NCoRH, CaR"	"Pyrola crypta"
8	"Sepals 1.2--2(2.5) mm; flower bract generally +- 1/2 pedicel; NW, CaR, SN, SnFrB, SCoRO, SnBr, PR, SnJt, MP"	"Pyrola picta"
