from	statement	to
1	"Leaf tip generally obtuse to rounded, blade +- elliptic, 2--8(12) cm; plant shrub, top rounded; bark generally +- thin, +- smooth"	"Chrysolepis sempervirens"
1	"Leaf tip abruptly long-tapered, blade lanceolate to oblong, 5--15 cm; plant shrub, tree, top +- conic; bark +- thick, rough, furrowed"	2
2	"Tree, 15--30(45) m; leaf blade +- flat"	"Chrysolepis chrysophylla var. chrysophylla"
2	"Shrub, small tree, < 5(10) m; leaf blade +- folded, margins upturned"	"Chrysolepis chrysophylla var. minor"
