from	statement	to
1	"Blade abaxially uniformly soft-hairy, tip slender, long-acuminate; fruit 10--12 mm diam; pedicel in fruit 11--31 mm"	"Celtis australis"
1	"Blade abaxially smooth or scabrous between hairy veins, tip acute or +- short-acuminate; mature fruit 5--8 mm diam; pedicel in fruit 4--10(18) mm"	2
2	"Shrub or small tree 3--5(10) m; blade thick, rigid, adaxially scabrous, abaxially +- all veins raised"	"Celtis reticulata"
2	"Tree to 20 m; blade flexible, adaxially smooth, abaxially only major veins raised"	"Celtis sinensis"
