from	statement	to
1	"Lowest floret lemma 8--12 mm; stem 7--16 dm; rhizome evident"	2
1	"Lowest floret lemma 4.5--7.5 mm; stem (0.4)1.5--9.5 dm; rhizome 0"	3
2	"Awn 0.2--4 mm; spikelets erect or ascending at maturity"	"Pleuropogon hooverianus"
2	"Awn 5--22 mm; spikelets reflexed at maturity"	"Pleuropogon refractus"
3	"Annual; lemma awn generally present, (0)5--11 mm; palea appendages 0.5--2.5 mm"	"Pleuropogon californicus var. californicus"
3	"Perennial herb; lemma awn occasionally present, <= 1.5 mm; palea appendages 0.5--1 mm"	"Pleuropogon californicus var. davyi"
