from	statement	to
1	"Burls at base of main stem, also above or not; plant sprouting after fire"	2
1	"Burls 0; plant not sprouting after fire"	30
2	"Leaves with stomata generally only abaxially, surfaces generally differing in color and/or hairiness"	3
2	"Leaves with stomata on both surfaces, occasionally fewer adaxially, surfaces generally the same in color and/or hairiness (except <i>Artostaphylos pacifica</i>)"	13
3	"Old stem bark persistent, gray, shredding"	4
3	"Old stem bark generally smooth or peeling, +- red"	7
4	"Twig with glands"	"Arctostaphylos tomentosa subsp. bracteosa"
4	"Twig without glands"	5
5	"Twig short-tomentose and long-nonglandular-hairy"	"Arctostaphylos tomentosa subsp. daciticola"
5	"Twig short-tomentose or short-nonglandular-hairy"	6
6	"Leaves glabrous abaxially"	"Arctostaphylos tomentosa subsp. hebeclada"
6	"Leaves tomentose abaxially"	"Arctostaphylos tomentosa subsp. tomentosa"
7	"Plant prostrate; burls at base of main stem or occasionally above; fruit spheric; leaf blades oblanceolate to obovate or narrowly elliptic; widespread"	"Arctostaphylos uva-ursi"
7	"Plant erect; burls at base of main stem; fruit depressed-spheric; leaf blades oblong-ovate to lance-oblong; NCoRI, CW, s CCo/SCoRO (nw Santa Barbara Co.), n ChI"	8
8	"Twig, nascent inflorescence axes densely glandular-hairy"	"Arctostaphylos crustacea subsp. subcordata"
8	"Twig, nascent inflorescence axes glabrous or nonglandular-hairy, occasionally sparsely glandular-hairy"	9
9	"Twig with short and long hairs"	10
9	"Twig with short hairs"	11
10	"Leaf abaxially densely nonglandular-hairy"	"Arctostaphylos crustacea subsp. crinita"
10	"Leaf abaxially +- nonglandular-hairy, in age glabrous"	"Arctostaphylos crustacea subsp. crustacea"
11	"Leaf abaxially densely short-nonglandular-hairy"	"Arctostaphylos crustacea subsp. insulicola"
11	"Leaf abaxially glabrous"	12
12	"Pedicel, ovary glabrous"	"Arctostaphylos crustacea subsp. eastwoodiana"
12	"Pedicel, ovary generally short-nonglandular-hairy"	"Arctostaphylos crustacea subsp. rosei"
13	"Old stem bark persistent, shredding, gray"	"Arctostaphylos rudis"
13	"Old stem bark smooth or peeling, +- red"	14
14	"Plant prostrate to mounded; inflorescence raceme, 0--1-branched"	15
14	"Plant erect; inflorescence panicle"	16
15	"Leaf entire; fruit dark brown; KR, NCoRO"	"Arctostaphylos nevadensis subsp. knightii"
15	"Leaf serrate; fruit +- red; CCo (San Bruno Mtn)"	"Arctostaphylos pacifica"
16	"Twig and/or inflorescence axes and/or bracts glandular"	17
16	"Twig, inflorescence axes, bracts not glandular (except twig minutely glandular, inflorescence axes sparsely short glandular in <i>Arctostaphylos rainbowensis</i>)"	20
17	"Glands golden, on short hairs; burl 0 or often flat, obscure; NCoRH, CaRH, SNH, SnGb, SnBr, SnJt"	"Arctostaphylos patula"
17	"Glands black or clear (pink), on short and long hairs; burl hemispheric; KR, NCoR, SnFrB, SCoR, w SnBr, PR"	18
18	"Leaves strongly white-glaucous"	"Arctostaphylos glandulosa subsp. leucophylla"
18	"Leaves green to gray-green, +- glaucous"	19
19	"Twig generally glandular; KR, NCoR, SnFrB, SCoR, PR"	"Arctostaphylos glandulosa subsp. glandulosa"
19	"Twig not glandular; SCoRO (c&e Santa Lucia Range)"	"Arctostaphylos glandulosa subsp. howellii"
20	"Fruit spheric (depressed-spheric in <i>Arctostaphylos mewukka</i>)"	21
20	"Fruit depressed-spheric, (to +- spheric in <i>Arctostaphylos patula</i>)"	24
21	"Stones generally free; fruit dark mahogany-brown; SNF, n SNH"	"Arctostaphylos mewukka subsp. mewukka"
21	"Stones fused; fruit dark red to dark brown with +- purple tinge; SnBr, PR"	22
22	"Twig minutely glandular; PR (San Diego, Riverside cos.)"	"Arctostaphylos rainbowensis"
22	"Twig nonglandular; SnBr, PR (San Jacinto, Santa Rosa, San Ysidro mtns)"	23
23	"Leaves gray-glaucous; PR (San Jacinto, Santa Rosa, San Ysidro mtns)"	"Arctostaphylos parryana subsp. desertica"
23	"Leaves green; SnBr"	"Arctostaphylos parryana subsp. tumescens"
24	"Nascent inflorescence bracts scale-like or awl-shaped"	25
24	"Nascent inflorescence bracts at least occasionally leaf-like"	26
25	"Twig hairs 0 or nonglandular; leaves dull to bright green; burl prominent; NCoRI, CaRF (Butte Co.)"	"Arctostaphylos manzanita subsp. roofii"
25	"Twig hairs glandular or nonglandular; leaves bright green; burl 0 or often flat, obscure; NCoRH, CaRH, SNH, SnGb, SnBr, SnJt"	"Arctostaphylos patula"
26	"Leaves strongly white-glaucous; SW (except ChI)"	"Arctostaphylos glandulosa subsp. adamsii"
26	"Leaves green, yellow-, or gray-green; KR, NCoR, SnFrB, SCoR, SCo (San Diego Co.), TR, PR"	27
27	"Twig hairs soft-wavy"	"Arctostaphylos glandulosa subsp. mollis"
27	"Twig hairs not soft-wavy"	28
28	"Leaves shiny bright green; fruit depressed-spheric, stones fused or in 2(3) fused units"	"Arctostaphylos glandulosa subsp. gabrielensis"
28	"Leaves not shiny or bright green; fruit depressed-spheric, stones generally free"	29
29	"Leaf blades dark green, margins often +- red; fruit markedly depressed-spheric; SCo (San Diego Co.)"	"Arctostaphylos glandulosa subsp. crassifolia"
29	"Leaf blades green or gray-green; fruit not markedly depressed-spheric; KR, NCoR, SnFrB, SCoR, PR"	"Arctostaphylos glandulosa subsp. cushingiana"
30	"Leaves with stomata abaxially, surfaces generally different in color and/or hairiness"	31
30	"Leaves with stomata on both surfaces, surfaces similar in color and/or hairiness"	40
31	"Flower parts in 4s; fruit 3--4 mm wide"	32
31	"Flower parts in 5s; fruit 5--15 mm wide"	34
32	"Old stem bark smooth, +- red; w SnFrB (Bolinas Ridge, Mount Tamalpais, Santa Cruz Mtns)"	"Arctostaphylos sensitiva"
32	"Old stem bark generally rough or shredding, gray or red-gray; c NCo (Mendocino Co.), c&s NCoRO"	33
33	"Plant prostrate to mounded; leaf blade 0.5--1.2 cm, 0.3--0.7 cm wide, oblong-elliptic; pygmy forest; c NCo (Mendocino Co.)"	"Arctostaphylos nummularia subsp. mendocinoensis"
33	"Plant prostrate to erect; leaf blade 1--2.2 cm, 0.8--1.8 cm wide, round to round-ovate; coastal prairie, maritime chaparral, closed-cone forest; c NCo/NCoRO (Mendocino Co.)"	"Arctostaphylos nummularia subsp. nummularia"
34	"Leaf abaxially generally tomentose, sparsely so in age"	35
34	"Leaf abaxially glabrous or sparsely nonglandular-hairy"	36
35	"Leaf blade oblong-ovate to -elliptic, 1.5--3 cm, base +- truncate to +- cordate; plant erect; s CCo (s Morro Bay, San Luis Obispo Co.)"	"Arctostaphylos morroensis"
35	"Leaf blade narrowly obovate to oblanceolate, 1--2 cm, base wedge-shaped; plant prostrate to mounded; c CCo (around Monterey Bay, Monterey Co.)"	"Arctostaphylos pumila"
36	"Plant generally prostrate to low-mounded"	37
36	"Plant erect"	38
37	"Leaves oblanceolate to obovate, occasionally narrowly elliptic, base wedge-shaped; NCo, c SNH (above Convict Lake, Mono Co), CCo"	"Arctostaphylos uva-ursi"
37	"Leaves elliptic to round-ovate, base truncate to +- lobed; c CCo (nw Monterey Co.)"	"Arctostaphylos edmundsii"
38	"Petioles 4--8 mm; leaf oblong-elliptic, base rounded, tip obtuse; n ChI (Santa Cruz Island)"	"Arctostaphylos insularis"
38	"Petioles 1--2(4) mm; leaf oblong to triangular-ovate, base lobed, tip acute; n-c CCo, s&w SnFrB"	39
39	"Old stem bark smooth, +- red; leaf light green; w SnFrB (Santa Cruz Mtns)"	"Arctostaphylos andersonii"
39	"Old stem bark persistent, shredding, gray or +- red; leaf blue-green; n-c CCo, s SnFrB (Pajaro Hills)"	"Arctostaphylos pajaroensis"
40	"Plant prostrate to prostrate-mounded, 0.1--0.5(3) m"	41
40	"Plant generally erect, occasionally mounded to erect, (0.1)0.3--8 m"	48
41	"Petioles to 2 mm; leaf base lobed, clasping; nascent inflorescence bracts leaf-like"	42
41	"Petioles 1--12 mm; leaf base rounded or obtuse to wedge-shaped, not clasping; nascent inflorescence bracts scale-like (basal-most leaf-like in <i>Arctostaphylos franciscana</i>)"	43
42	"Twig, nascent inflorescences, pedicel, ovary nonglandular; < 150 m, c CCo (s Monterey, nw San Luis Obispo cos.)"	"Arctostaphylos cruzensis"
42	"Twig, nascent inflorescence, pedicel, ovary glandular; 200--400 m, CCo (San Bruno Mtn)"	"Arctostaphylos imbricata"
43	"Twig, inflorescence axes, bracts glandular; e KR (Scott Mtn Divide, Slate Mtn)"	"Arctostaphylos klamathensis"
43	"Twig, inflorescence axes, bracts generally nonglandular; Sonoma Co. to San Luis Obispo Co."	44
44	"Inflorescence panicle, 3--5-branched; leaf blade generally 3--5 cm --- s NCoRO (near Healdsburg and Santa Rosa, Sonoma Co.)"	"Arctostaphylos stanfordiana subsp. decumbens"
44	"Inflorescence +- raceme or panicle, 0--3(5)-branched; leaf blade generally 0.8--3 cm"	45
45	"Fruit 3--5 mm wide"	46
45	"Fruit 6--8 mm wide"	47
46	"Leaf blade +- elliptic, 0.8--1.2 cm, 0.4--0.7 cm wide; fruit 3--5 mm wide; s CCo (n San Luis Obispo Co.)"	"Arctostaphylos hookeri subsp. hearstiorum"
46	"Leaf blade round to round-elliptic, 1--2 cm, 1--1.5 cm wide; fruit 4--5 mm wide; n CCo (San Francisco Presidio)"	"Arctostaphylos montana subsp. ravenii"
47	"Twig gray-tomentose; bracts 3--4 mm; c CCo (San Francisco)"	"Arctostaphylos franciscana"
47	"Twig sparsely short-nonglandular-hairy; bracts near inflorescence base occasionally 5--10 mm; KR, NCoRH, CaRH, SNH, MP, n SNE (Sweetwater Mtns)"	"Arctostaphylos nevadensis subsp. nevadensis"
48	"Nascent inflorescence bracts fleshy, scoop-shaped or generally scale-like, deltate to awl-shaped, keeled or not"	49
48	"Nascent inflorescence bracts generally leaf-like, flat"	74
49	"Inflorescence generally +- raceme, occasionally 1--2-branched"	50
49	"Inflorescence panicle, (1)3--8-branched"	53
50	"Old stem bark persistent, shredding, gray --- s CCo, s SCoRO (Nipomo, Burton mesas, Point Sal; sw San Luis Obispo, nw Santa Barbara cos.)"	"Arctostaphylos rudis"
50	"Old stem bark smooth, dark red with +- gray or +- glaucous patches or +- red"	51
51	"Twig glandular-hairy; old stems dark red with +- gray or +- glaucous patches; n SNF (Amador, Calaveras cos.)"	"Arctostaphylos myrtifolia"
51	"Twig sparsely short-nonglandular-hairy; old stems +- red, without +- gray or +- glaucous patches; n CCo, s SnFrB (s Santa Cruz Mtns), SCoR, SnBr, PR, e DMtns"	52
52	"Nascent inflorescence spheric, cup-like, axis 0.3--1 cm, crook-necked, bracts +- spreading; fruit 3--8 mm wide; n CCo, s SnFrB (s Santa Cruz Mtns)"	"Arctostaphylos hookeri subsp. hookeri"
52	"Nascent inflorescence club-like, axis 0.5--1.5 cm, not crook-necked, bracts recurved; fruit 8--14 mm wide; SCoR, SnBr, PR, e DMtns"	"Arctostaphylos pungens"
53	"Leaf blade +- white, white-glaucous, gray-green, gray-glaucous"	54
53	"Leaf blade green, shiny or dull both surfaces, not +- white or +- gray due to +- glaucous or hairy surfaces"	61
54	"Fruit (10)12--16 mm wide, spheric or +- spheric"	55
54	"Fruit 6--12 mm wide, depressed-spheric"	57
55	"Stones free, occasionally some fused; nascent inflorescence bracts appressed; fruit glabrous; s CaRF, CaRH (near Paradise), n SNF"	"Arctostaphylos mewukka subsp. truei"
55	"Stones fused; nascent inflorescence bracts spreading; fruit glabrous or sticky; SnFrB, SCoR, TR, PR, sw DMtns (Little San Bernardino Mtns)"	56
56	"Petiole 1--4 mm; leaf generally short-nonglandular-hairy, base lobed; ovary, fruit glabrous, not sticky; n SCoRI (n&c Gabilan Range, San Benito, Monterey cos.)"	"Arctostaphylos gabilanensis"
56	"Petiole 7--15 mm; leaf glabrous, base rounded, truncate, or +- lobed; ovary, fruit glandular-sticky; SnFrB, SCoR, TR, PR, sw DMtns (Little San Bernardino Mtns)"	"Arctostaphylos glauca"
57	"Nascent inflorescence bracts nonglandular; KR, NCoR, CaRF, SN"	58
57	"Nascent inflorescence bracts glabrous or nonglandular- or glandular-hairy; KR, NCoRI (Sonoma, Colusa, Shasta, Trinity cos.), c&s NCoRO"	60
58	"Twig densely glandular-hairy; leaf sparsely short-glandular-hairy, ciliate, papillate, scabrous; SN"	"Arctostaphylos viscida subsp. mariposa"
58	"Twig glabrous to sparsely short-nonglandular-hairy; leaf glabrous"	59
59	"Ovary, fruit rough, sticky-glandular; KR, NCoR"	"Arctostaphylos viscida subsp. pulchella"
59	"Ovary, fruit smooth, glabrous, not sticky; KR, NCoRI, CaRF, SN"	"Arctostaphylos viscida subsp. viscida"
60	"Leaf blade glaucous, canescent or densely white-tomentose, in age glabrous; ovary densely nonglandular-hairy; KR, NCoRI (Sonoma, Colusa, Shasta, Trinity cos.)"	"Arctostaphylos malloryi"
60	"Leaf +- glaucous, glabrous or scabrous; ovary glabrous (minutely glandular-hairy); c&s NCoRO"	"Arctostaphylos manzanita subsp. glaucescens"
61	"Twig glandular"	62
61	"Twig nonglandular"	68
62	"Nascent inflorescence spreading to erect, axes < 1 mm wide; bracts appressed, +- = buds; buds appearing as scattered beads"	63
62	"Nascent inflorescence pendent, axes generally > 1 mm wide; bracts generally +- appressed, > buds, buds not appearing as beads"	64
63	"Leaf blade 1.5--3 cm, dull green; corolla white; twig finely glandular-hairy; KR, NCoRO"	"Arctostaphylos hispidula"
63	"Leaf blade 3--5 cm, bright green to +- glaucous; corolla white to pink; twig short-glandular-hairy; s NCoRI (s Mendocino, w Lake cos.)"	"Arctostaphylos stanfordiana subsp. raichei"
64	"Leaf blade generally 2--6 cm, at least some > 3 cm, round to widely ovate or oblong"	65
64	"Leaf blade 1.5--3 cm, elliptic to ovate"	66
65	"Glands of twig, nascent inflorescences dark or clear; leaf dull green, scabrous, glandular; NCoRH, CaRF (Shasta, Tehama cos.)"	"Arctostaphylos manzanita subsp. wieslanderi"
65	"Glands of twig, nascent inflorescences gold or 0; leaf bright green, glabrous; NCoRH, CaRH, SNH, SnGb, SnBr, SnJt"	"Arctostaphylos patula"
66	"Twig with occasionally long glandular hairs; siliceous shale, sw SnFrB (n Ben Lomond Mtn, nw Santa Cruz Co.)"	"Arctostaphylos ohloneana"
66	"Twig with glandular hairs or sessile glands; serpentine, s NCoRO (Sonoma Co.)"	67
67	"Twig with glandular hairs; s NCoRO (central Sonoma Co. s of Guerneville)"	"Arctostaphylos bakeri subsp. bakeri"
67	"Twig with sessile glands; s NCoRO (Sonoma Co. from The Cedars to Healdsburg)"	"Arctostaphylos bakeri subsp. sublaevis"
68	"Nascent inflorescence axis generally < 1 mm wide"	69
68	"Nascent inflorescence axis > 1 mm wide"	70
69	"Leaf blade 1--2.5 cm; bracts > buds; buds not appearing as beads; plant mounded to erect; s NCoRO (Vine Hill near Forestville, Sonoma Co.)"	"Arctostaphylos densiflora"
69	"Leaf blades 3--5 cm; bracts +- = buds; buds appearing as scattered beads; plant erect; NCoRO, c&s NCoRI"	"Arctostaphylos stanfordiana subsp. stanfordiana"
70	"Leaf blade 1--2.5 cm"	"Arctostaphylos montana subsp. montana"
70	"Leaf blade 1.5--5 cm"	71
71	"Ovary, fruit minutely glandular-hairy; plant erect; KR, NCoR"	"Arctostaphylos manzanita subsp. elegans"
71	"Ovary, fruit glabrous; plant mounded or erect; KR, NCoRO, NCoRI, s CaRF, n&c SNF, n SNH, ScV, n&e SnFrB, TR"	72
72	"Fruit spheric, stones fused; TR"	"Arctostaphylos parryana subsp. parryana"
72	"Fruit depressed-spheric, stones free; KR, NCoRO, NCoRI, s CaRF, n&c SNF, n SNH, ScV, n&e SnFrB"	73
73	"Leaf blade bright green; inflorescence 2--4-branched, axis > 1 mm wide; nascent inflorescence branches to 15 mm; s NCoRI (Vaca Mtns), e SnFrB (Mount Diablo)"	"Arctostaphylos manzanita subsp. laevigata"
73	"Leaf blade dull to bright green; inflorescence 4--7-branched, axis +- 1 mm wide; nascent inflorescence branches generally 15--25 mm; KR, NCoRO, NCoRI, s CaRF, n&c SNF, n SNH, ScV, n SnFrB"	"Arctostaphylos manzanita subsp. manzanita"
74	"Old stem bark persistent, gray, shredding (except occasionally smooth on <i>Arctostaphylos osoensis</i>)"	75
74	"Old stem bark smooth, +- red"	76
75	"Leaf gray, dull, sparsely appressed-puberulent, in age glabrous, base rounded to wedge-shaped, not clasping; n SN (Placer, El Dorado cos.), c SNF (Tuolumne Co.)"	"Arctostaphylos nissenana"
75	"Leaf dark green, +- shiny, sparsely short-nonglandular-hairy or glabrous, base lobed, clasping; s CCo (w Los Osos Valley, San Luis Obispo Co.)"	"Arctostaphylos osoensis"
76	"Leaf gray-canescent in youth, glabrous in age"	77
76	"Leaf green to glaucous, glabrous to variously hairy but not gray-canescent"	83
77	"Leaf base lobed, clasping; petiole to 4 mm"	78
77	"Leaf base wedge-shaped, rounded, truncate, or +- lobed, not clasping; petiole 3--10 mm"	80
78	"Ovary, fruit glabrous; SCoRO (se of Cuesta Pass, San Luis Obispo Co.)"	"Arctostaphylos luciana"
78	"Ovary, fruit nonglandular-hairy or glandular- and nonglandular-hairy; eastern and southwestern SnFrB"	79
79	"Ovary, fruit nonglandular-hairy; e SnFrB (Mount Diablo and vicinity)"	"Arctostaphylos auriculata"
79	"Ovary, fruit glandular- and nonglandular-hairy; sw SnFrB (n Ben Lomond Mtn, nw Santa Cruz Co.)"	"Arctostaphylos glutinosa"
80	"Ovary glabrous; corolla white"	81
80	"Ovary glandular- or nonglandular-hairy; corolla pink or white"	82
81	"Inflorescence 2--4-branched panicle; pedicel 8--10 mm; SCoRO (c&s Santa Lucia Range)"	"Arctostaphylos obispoensis"
81	"Inflorescence 0--1-branched, +- raceme; pedicel 5--7 mm; sw SnFrB (s Santa Cruz Mtns)"	"Arctostaphylos silvicola"
82	"Ovary nonglandular-hairy; KR, NCoR, n CCo (Tassajara, Santa Lucia Range), w SnFrB (Mount Tamalpais; s Santa Cruz Mtns)"	"Arctostaphylos canescens subsp. canescens"
82	"Ovary glandular-hairy; w KR, NCoRO, w SnFrB (Shasta-Santa Cruz cos.)"	"Arctostaphylos canescens subsp. sonomensis"
83	"Leaf base lobed (truncate to lobed in <i>Arctostaphylos viridissima</i>), often clasping (except <i>Arctostaphylos hooveri</i> with longer petiole)"	84
83	"Leaf base rounded, truncate, wedge-shaped, or +- lobed, not clasping (except occasionally in suspected hybrids of <i>Arctostaphylos montereyensis</i> and <i>Arctostaphylos pajaroensis</i>)"	91
84	"Nascent inflorescence nonglandular-hairy"	85
84	"Nascent inflorescence glandular-hairy"	87
85	"Pedicel nonglandular-hairy; n ChI (e Santa Cruz Island)"	"Arctostaphylos viridissima"
85	"Pedicel glabrous or sparsely nonglandular-hairy; s CCo, s SCoRO/WTR"	86
86	"Leaf blade 2--5 cm; fruit 8--12 mm wide; stones generally fused; s CCo (Morro Bay to Avila Beach, San Luis Obispo Co.)"	"Arctostaphylos pechoensis"
86	"Leaf blade 1--2.5 cm; fruit 5--8 mm wide; stones free; s CCo, s SCoRO/WTR (w Santa Barbara Co.)"	"Arctostaphylos purissima"
87	"Fruit 10--15 mm wide, spheric; stones fused; s SCoRO/w WTR (Santa Ynez Mtns)"	"Arctostaphylos refugioensis"
87	"Fruit 6--10(15) mm wide, depressed-spheric; stones free; CCo, SnFrB, SCoRO"	88
88	"Leaf blade generally ovate, 2.5--4.5 cm, not boat-shaped, sparsely glandular or not but not sticky"	89
88	"Leaf blade oblong-ovate, 3--6 cm, boat-shaped, glandular-sticky in youth, glabrous but possibly still sticky in age"	90
89	"Leaf blade bright green, not glaucous; twig long-glandular-hairy; CCo (San Bruno Mtn), w SnFrB (Montara Mtn)"	"Arctostaphylos montaraensis"
89	"Leaf blade green, glaucous; twig short- and long-nonglandular-hairy; e SnFrB (Sobrante, Huckleberry ridges; Alameda, Contra Costa cos.)"	"Arctostaphylos pallida"
90	"Petiole 3--6 mm; leaves not clasping; SCoRO (Santa Lucia Range)"	"Arctostaphylos hooveri"
90	"Petiole < 3 mm; leaves clasping; w SnFrB (n Santa Cruz Mtns)"	"Arctostaphylos regismontana"
91	"Lf-like bracts deep pink, glandular, deciduous after flower; SnBr, PR"	"Arctostaphylos pringlei subsp. drupacea"
91	"Lf-like bracts green, glandular or not, persistent after flower; NCo, nw&w KR, NCoRO, CCo, nw SnFrB, SCoRO, ChI, sw PR"	92
92	"Fruit spheric; stones free or fused"	93
92	"Fruit depressed-spheric; stones free"	94
93	"Fruit 8--15 mm wide; leaf papillate, scabrous, base truncate to +- lobed; s ChI (Santa Catalina Island)"	"Arctostaphylos catalinae"
93	"Fruit 6--8 mm wide; leaf not papillate, not scabrous, base wedge-shaped, rounded, or truncate; sw PR"	"Arctostaphylos otayensis"
94	"Inflorescence +- raceme, 0--1-branched"	95
94	"Inflorescence panicle, 3--10-branched"	97
95	"Twig, inflorescence axes, bracts glandular; n CCo, nw SnFrB (Marin Co.)"	"Arctostaphylos virgata"
95	"Twig, inflorescence axes, bracts nonglandular (except occasionally minutely glandular in <i>Arctostaphylos nortensis</i>); nw KR, s CCo, s SCoRO"	96
96	"Pedicel, ovary, fruit nonglandular-hairy; 500--940 m, nw KR (n Del Norte Co.)"	"Arctostaphylos nortensis"
96	"Pedicel, ovary, fruit glabrous; 30--1250 m, s CCo (Pismo Beach vicinity), s SCoRO (s Santa Lucia, La Panza ranges and s)"	"Arctostaphylos pilosula"
97	"Leaves overlapped; plant shrub, prostrate to mounded or erect, 0.1--2 m; n ChI (Santa Rosa Island)"	"Arctostaphylos confertiflora"
97	"Leaves not overlapped; plant shrub or tree, erect, 1--5 m; NCo, w KR, NCoRO, c CCo, n SCoRO"	98
98	"Leaf lanceolate to ovate, dark green; nascent inflorescence generally short- and long-nonglandular-hairy, occasionally glandular-hairy; NCo, w KR, NCoRO"	"Arctostaphylos columbiana"
98	"Leaf round to oblong-ovate, bright green or +- glaucous; nascent inflorescence glandular-hairy; c CCo (Fort Ord), n SCoRO (Mount Toro, nw Monterey Co.)"	"Arctostaphylos montereyensis"
