from	statement	to
1	"Inflorescence erect in fruit; flowers >= 15 per inflorescence; ovules 10--16 per flower --- Wrn"	"Synthyris missurica subsp. missurica"
1	"Inflorescence curved to reclining on soil in fruit; flowers 5--10 per inflorescence; ovules 4 per flower"	2
2	"Leaf blade generally longer than wide, base lobed to cordate, tip acute to obtuse; corolla tube glabrous to minutely hairy; NW"	"Synthyris cordata"
2	"Leaf blade wider than long, base lobed, tip obtuse to rounded; corolla tube long-soft-wavy-hairy; NW, SnFrB"	"Synthyris reniformis"
