from	statement	to
1	"Petals 3--8 mm; stigma exserted beyond anthers (see also <i>Gayophytum heterozygum</i>)"	2
1	"Petals 0.5--3 mm; stigma generally not exserted beyond anthers"	3
2	"Petals 3--7 mm; CaR, n SNH (Plumas Co.), SnBr, Wrn"	"Gayophytum diffusum subsp. diffusum"
2	"Petals 4--8 mm; SN (s of Placer Co.)"	"Gayophytum eriospermum"
3	"Seeds +- 50% aborted; fruit very irregular, lumpy"	"Gayophytum heterozygum"
3	"Seeds all maturing; fruit not irregular, smooth to very knobby"	4
4	"Fruit flat; plant generally branched only proximally, 2° branches 0--many"	5
4	"Fruit +- cylindric; plant branched only distally to throughout, 2° branches generally many"	6
5	"Lateral fruit valves staying attached; petals 0.8--1.5 mm; larger stamens +- 0.7 mm"	"Gayophytum humile"
5	"All fruit valves coming free; petals 1.3--1.8 mm; larger stamens 0.8--1.5 mm"	"Gayophytum racemosum"
6	"Seeds in each chamber overlapped, generally in 2 rows"	7
6	"Seeds in each chamber not overlapped, in 1 row"	8
7	"Petals 1.2--3 mm; pedicel generally < fruit"	"Gayophytum diffusum subsp. parviflorum"
7	"Petals 0.7--1.5 mm; pedicel generally > fruit"	"Gayophytum ramosissimum"
8	"Seeds > 9, +- opposite; fruit slightly knobby"	9
8	"Seeds (1)3--9, generally alternate; fruit very knobby"	10
9	"Branches +- throughout, generally 2--8 nodes between"	"Gayophytum decipiens"
9	"Branches at base or not, many distally, generally 0--1 node between"	"Gayophytum diffusum subsp. parviflorum"
10	"Seeds 6--9; fruit generally > pedicel"	"Gayophytum diffusum subsp. parviflorum"
10	"Seeds (1)3--5; fruit +- = pedicel"	"Gayophytum oligospermum"
