from	statement	to
1	"Corolla yellow"	2
1	"Corolla generally not yellow (except sometimes throat)"	3
2	"Leaf lanceolate to ovate; corolla 20--50 mm; seed +- pyramid-shaped, ridged"	"Linaria dalmatica subsp. dalmatica"
2	"Leaf +- linear; corolla 18--32 mm; seed flat, winged"	"Linaria vulgaris"
3	"Perennial herb from woody base; leaf linear to oblanceolate"	"Linaria purpurea"
3	"Annual; leaf linear to elliptic"	4
4	"Inflorescence glabrous; corolla violet, throat swelling white with orange patch at base"	"Linaria bipartita"
4	"Inflorescence +- glandular-puberulent; corolla red-violet to magenta, throat swelling red, yellow, or white"	5
5	"Calyx lobes lanceolate; inflorescence open in fruit; corolla 20--38 mm"	"Linaria maroccana"
5	"Calyx lobes ovate; inflorescence dense in fruit; corolla 15--18 mm"	"Linaria pinifolia"
