from	statement	to
1	"Plants dioecious"	2
1	"Plants monoecious"	3
2	"Spikelets 1--4; plant loosely cespitose; fruit << peri body"	"Carex scabriuscula"
2	"Spikelet generally 1; plant rhizomed; fruit +- = peri body"	"Carex scirpoidea subsp. pseudoscirpoidea"
3	"Leaf blades glabrous, sheaths hairy at least at mouth"	4
3	"Leaf blades hairy, sheaths hairy or glabrous"	10
4	"Peri glabrous; leaves 1.5--23 mm wide"	5
4	"Peri hairy; leaves 1.5--8 mm wide"	8
5	"Longer teeth of peri beak 1.5--3.3 mm, curved"	"Carex atherodes"
5	"Longer teeth of peri beak < 0.5 mm, straight"	6
6	"Plant rhizomed; leaves 8--23 mm wide; peri abruptly narrowed to beak"	"Carex amplifolia"
6	"Plant cespitose; leaves 1.5--5.5 mm wide; peri gradually narrowed to beak"	7
7	"Distal lateral spikelets arching or drooping, 0.7--3.5(--6) mm between peri at mid-spikelet; proximal staminate flower bract awns 0.5--5 mm; pistillate flower bracts, including awns, (2.2–)3–4.8(–6.8) mm, awns (0--)0.5--2.2(--3.1) mm"	"Carex cyrtostachya"
7	"Distal lateral spikelets erect or ascending, 0.3--0.6(--1.2) mm between peri at mid-spikelet; proximal staminate flower bract awns 0 (0.3--0.5 mm); pistillate flower bracts, including awns, 1.7--3.2(--3.7) mm, awns 0--0.3(--2) mm"	"Carex mendocinensis"
8	"Plant rhizomed; often in standing water"	"See couplet 5"
8	"Plant cespitose; upland or damp ground, rarely in standing water"	9
9	"Pistillate flower bract face hairy; lowest inflorescence bract sheath < 5 mm; spikelets, upper 1/2 of peri dark purple; talus, 2600--3900 m"	"Carex congdonii"
9	"Pistillate flower bract face glabrous; lowest inflorescence bract sheath 20--30 mm; spikelets, peri green to gold or pale brown; moist ground, often on serpentine, 150--1600 m"	"Carex mendocinensis"
10	"Plant long-rhizomed; sheath fronts occasionally fibrous"	11
10	"Plant cespitose to loosely so, forming clumps; sheath fronts not fibrous"	14
11	"Peri sparse-hairy on main veins or glabrous; longer teeth of peri beak 1.5--3.3 mm"	"Carex atherodes"
11	"Peri dense-hairy; longer teeth of peri beak 0.2--1.4 mm"	12
12	"Peri gradually narrowed to long beak; fruit << peri body; leaf sheaths white, not red-dotted, not fibrous; mature spikelets 8--10 mm wide"	"Carex sheldonii"
12	"Peri +- abruptly narrowed to beak; fruit +- = body; leaf sheaths often red-dotted, fibrous; mature spikelets 4--7 mm wide"	13
13	"Leaf blades inrolled to triangular-channeled, 0.7--2(2.2) mm wide, those of vegetative shoots especially prolonged into curled, thread-like tips; midvein of leaf, inflorescence bract a low, rounded, inconspicuous keel at least toward base"	"Carex lasiocarpa"
13	"Leaf blades flat or folded into an M-shape except at base and near tip, (2)2.2--4.5(6) mm wide, not prolonged into thread-like tips; midvein of leaf, inflorescence bract a prominent, sharp keel"	"Carex pellita"
14	"Lowest inflorescence bract sheath < 5 mm; terminal spikelet staminate; not on serpentine"	15
14	"Lowest inflorescence bract sheath > 5 mm; terminal spikelet staminate or staminate and pistillate; generally on serpentine"	17
15	"Peri glabrous, face strongly 5-veined; pistillate flower bracts glabrous; stem brown (red-brown) at base"	"Carex whitneyi"
15	"Peri hairy, face faintly 0--10 veined; pistillate flower bracts hairy near tips; stem red to purple at base"	16
16	"Pistillate flower bracts dark purple with 1--5 pale brown, strong veins; spikelets dark; peri > pistillate flower bracts, purple on upper 1/2 of body, gradually narrowed above; talus, 2600--3900 m"	"Carex congdonii"
16	"Pistillate flower bracts with 1 weak vein in wide central green zone; spikelets light; peri < or > pistillate flower bracts, green to dark brown (dark purple) on upper 1/2 of body, generally abruptly narrowed above; moist or wet sites, 1200--2600 m"	"Carex sartwelliana"
17	"Peri generally glabrous (sparse-hairy toward tip); leaf blade glabrous or sparsely hairy at base; basal leaves 1.5--5.5 mm wide"	"Carex mendocinensis"
17	"Peri hairy; leaf blade hairy; basal leaves occasionally > 7 mm wide"	18
18	"Pistillate flower bracts obovate to wide-elliptic, red-brown or +- purple, midrib green; peri purple-splotched; on serpentine, < 600 m, NCo, KR, NCoRO, n CCo (Marin, Santa Cruz cos.), SnFrB, SCoRO"	"Carex gynodynama"
18	"Pistillate flower bracts elliptic to elliptic-obovate, green or pale red-brown, midrib green; peri green or gold-green to pale brown, occasionally red-dotted but not purple-splotched; often on serpentine, 60--1200 m, NCoR (Mendocino, Lake cos.), CaR, n&c SN"	"Carex hirtissima"
