from	statement	to
1	"Stamens 10; 1° leaflets generally 2--4"	Prosopis
1	"Stamens > 10; 1° leaflets generally > 4, or leaf simple"	2
2	"Filaments fused below, free above; leaf 2-pinnate"	3
2	"Filaments free; leaf 2-pinnate or simple"	4
3	"Inflorescence axillary spike-like racemes or +- terminal panicle of head-like racemes; petiole with a gland; fruit not or slowly dehiscent, valves not recurving; ScV, CCo, SnFrB, SCoRO, SW"	Albizia
3	"Inflorescence axillary heads; petiole without a gland; fruit dehiscent, valves recurving; DSon"	"Calliandra:Calliandra eriophylla"
4	"Plant unarmed"	Acacia
4	"Plant armed with prickles or stipular spines"	5
5	"Plant armed with prickles"	"Senegalia:Senegalia greggii"
5	"Plant armed with stipular spines"	6
6	"Leaf simple"	Acacia
6	"Leaf 2-pinnate"	Vachellia
