from	statement	to
1	"Flowers 1--7 per head"	2
1	"Flowers generally 8--many per head --- heads not in 2° head"	9
2	"Leaves coarsely 1--2-pinnately lobed, spiny-margined --- heads 1-flowered, grouped in spheric 2° head"	"Echinops:Echinops sphaerocephalus"
2	"Leaves entire or toothed"	3
3	"Shrub; leaves sometimes forming spines"	4
3	"Herb; leaves never forming spines"	6
4	"Heads in raceme- or panicle-like cluster; 1° leaves soft, entire or distally (2)3(5)-toothed"	Artemisia
4	"Heads in +- tight head-like cluster; 1° leaves +- persistent as spines"	5
5	"Heads 1-flowered, clustered in 2° heads; phyllaries +- 15 in several overlapping series"	"Hecastocleis:Hecastocleis shockleyi"
5	"Heads 5--6-flowered, short-peduncled in terminal clusters; phyllaries 5--6 in 1 series"	"Tetradymia comosa"
6	"Herbage glabrous"	"Flaveria:Flaveria trinervia"
6	"Herbage hairy or glandular"	7
7	"Plant densely glandular, soft-hairy to bristly, 5--120 cm"	"Madia glomerata"
7	"Plant not glandular, soft-spreading-hairy to woolly, 1--15 cm"	8
8	"Heads +- sessile; plant 1--2.5 cm, tufted, +- woolly"	"Eriophyllum mohavense"
8	"Heads slender-peduncled; plant 2--15 cm, soft-spreading-hairy"	"Pentachaeta exilis subsp. exilis"
9	"Leaves with spine-tipped lobes or teeth"	Carthamus
9	"Leaves not spiny"	10
10	"Fruit compressed"	11
10	"Fruit not compressed"	14
11	Annual	12
11	"Perennial herb or subshrub"	13
12	"Proximal leaves 2--4 × dissected"	"Chaenactis artemisiifolia"
12	"Proximal leaves entire"	"Pentachaeta exilis subsp. exilis"
13	"Phyllaries in 1 series, weakly fused; leaves long-acuminate"	"Pericome:Pericome caudata"
13	"Phyllaries in 2--3 series, +- equal, free; leaves not long-acuminate"	Perityle
14	"Leaves 1--2 × pinnately dissected"	15
14	"Leaves entire or toothed to shallowly few-lobed"	17
15	"Involucre ovoid to hemispheric, +- enclosing flowers; head +- hemispheric; heads many in spike- to panicle-like cluster"	Artemisia
15	"Involucre shallowly cup-like or disk-like; head conic to spheric; heads 1--4 in cyme-like cluster"	16
16	"Mature head spheric; herbage strongly pungent-scented; proximal portion of corolla tube sac-like, enclosing top of ovary"	"Oncosiphon:Oncosiphon piluliferum"
16	"Mature head ovoid; herbage sweetly scented; proximal portion of corolla tube not enclosing top of ovary"	Matricaria
17	"Shrub, strongly scented"	Artemisia
17	"Herb, not or weakly scented"	18
18	"Corolla pink to lavender"	"Lessingia arachnoidea"
18	"Corolla yellow to +- red, red-brown or purple"	19
19	"Plant 50--160 cm --- heads spheric, many-flowered, long-peduncled, solitary or in open clusters"	"Helenium puberulum"
19	"Plant 1--15 cm"	20
20	"Plant densely woolly; heads +- sessile in leafy clusters at branch tips"	"Eriophyllum pringlei"
20	"Plant soft-spreading-hairy; heads slender-peduncled"	"Pentachaeta exilis subsp. exilis"
