from	statement	to
1	"Leaflets 5--11, elliptic to oblong-ovate, entire; nut shell +- thin, wrinkled"	"Juglans regia"
1	"Leaflets (9)11--21, narrow-elliptic to -triangular or -lanceolate, +- serrate; nut shell thick, smooth to shallowly grooved."	2
2	"Leaflets generally narrow-elliptic to -lance-elliptic (less often lanceolate), rounded to acute; abaxial vein axils glabrous"	"Juglans californica"
2	"Leaflets narrow-triangular to -lanceolate, acuminate; abaxial vein axils with tufts of hairs"	"Juglans hindsii"
