from	statement	to
1	"Flowers 1(2--3) on inflorescence branches"	2
1	"Flowers in dense, ovoid to cylindric clusters, or entire inflorescence congested"	5
2	"Inflorescence branches generally at +- right angles; perianth part tip +- reflexed"	"Luzula divaricata"
2	"Inflorescence branches nodding to spreading but not at +- right angles; perianth parts appressed to erect, not reflexed"	3
3	"Plant < 30 cm; cauline leaves 2--3, basal leaves 3--4 mm wide; perianth parts generally dark brown"	"Luzula piperi"
3	"Plant 30--70 cm; cauline leaves (3)4--5, basal leaves 5--8 mm wide; perianth parts generally straw-brown"	4
4	"Inflorescence few-flowered, branches long; perianth parts generally pale- to straw-brown"	"Luzula parviflora subsp. fastigiata"
4	"Inflorescence many-flowered, main branches long, distal 2° branches short; perianth parts medium brown"	"Luzula parviflora subsp. parviflora"
5	"Cauline leaf tips microscopically generally not thickened or rounded"	6
5	"Cauline leaf tips microscopically generally thickened and rounded"	7
6	"Inflorescence dense, generally interrupted at base, nodding; basal leaves 1.5--3 mm wide, channeled"	"Luzula spicata"
6	"Inflorescence of 4--20 clusters on peduncles of variable length, not nodding, some peduncles occasionally arching or +- flexuous; basal leaves 3--6 mm wide, flat"	"Luzula subcongesta"
7	"Inflorescence dense, +- black-brown; seeds 0.5--0.6 mm wide"	"Luzula orestera"
7	"Inflorescence of peduncled or +- sessile clusters, if dense then pale brown to straw-brown, otherwise not darker than brown; seeds > 0.7 mm wide"	8
8	"Seeds ovoid-subspheric, 0.9--1.1 mm wide; style 0.6--1.2 mm"	"Luzula subsessilis"
8	"Seeds ovoid or narrowly ovoid; 0.7--0.9 mm wide, style 0.4--0.7 mm"	9
9	"Inflorescence generally dense; style 0.4--0.5 mm; anthers 0.6--1 mm; seeds 1--1.2 mm, 0.8--0.9 mm wide"	"Luzula comosa var. comosa"
9	"Inflorescence generally of peduncled clusters; style 0.5--0.7 mm; anthers 0.8--1.2(1.5) mm; seeds 1.1--1.3 mm, 0.7--0.8 mm wide"	"Luzula comosa var. laxa"
