from	statement	to	shortcut
1	"Shrub or tree"	2	
1	"Annual to perennial herb (shrubby)"	3	
2	"Flowers white to yellow or purple; parts generally in 4s; leaves generally opposite"	Buddleja	
2	"Flowers white, purple-dotted; parts generally in 5s; leaves alternate"	Myoporum	"Myoporum laetum"
3	"Annual, plant generally < 30 cm, scapose; generally +- aquatic or of wet habitats"	Limosella	
3	"Biennial, perennial herb (shrubby), 30--200 cm, not scapose, inflorescence a raceme or panicle; plants generally of drier habitats"	4	
4	"Stem square in ×-section; corolla bilateral, pale green to dark red or black; stamens 4, staminode 1; inflorescence generally a panicle"	Scrophularia	
4	"Stem round in ×-section; corolla +- radial, yellow or white (purple); stamens 5, staminode 0; inflorescence a raceme or panicle"	Verbascum	
