from	statement	to
1	"Calyx lobes ovate, tip obtuse to acute, +- = fruit; leaves generally short-petioled, generally serrate"	"Lycopus uniflorus"
1	"Calyx lobes awl-like, tip acuminate to short-awned, generally > fruit; leaves +- sessile to short-petioled, serrate to deeply lobed or cut"	2
2	"Leaves generally short-petioled, deeply lobed to cut, especially in lower 1/2; fruit 1--1.5 mm, tip rounded"	"Lycopus americanus"
2	"Leaves generally +- sessile, serrate; fruit 1.5--2 mm, tip +- truncate"	"Lycopus asper"
