from	statement	to
1	"Plant low perennial herb or subshrub, stems woody at base or not"	2
1	"Plant shrub, stems woody"	3
2	"Plant subshrub, stem erect, 1--3 m"	"Eriodictyon parryi"
2	"Plant perennial herb, stem prostrate to ascending, 0.16--0.5 m"	"Eriodictyon lobbii"
3	"Calyx, corolla stalked-glandular abaxially; corolla urn-shaped, +- constricted at throat"	4
3	"Calyx, corolla not stalked-glandular abaxially; corolla funnel-shaped, not constricted at throat"	6
4	"Calyx lobes 2.5--4 mm, dense-long-hairy, stalked glands fewer than hairs; corolla 3--5 mm, tube exceeding calyx by < 2 mm"	"Eriodictyon tomentosum"
4	"Calyx lobes 4--5 mm, moderate-hairy, stalked glands as many as hairs; corolla 6--10 mm, tube exceeding calyx by > 2 mm"	5
5	"Petiole 10--20 mm; leaf blade elliptic, 1.5--4 cm wide; corolla 7--10 mm"	"Eriodictyon traskiae subsp. smithii"
5	"Petiole 2--5 mm; leaf blade narrow-elliptic, 1--1.5 cm wide; corolla 6--7 mm"	"Eriodictyon traskiae subsp. traskiae"
6	"Leaf linear to lance-linear, 0.2--1.1 cm wide"	7
6	"Leaf lanceolate to oblong or ovate, 1--5 cm wide"	9
7	"Inflorescence head-like; calyx lobes 6--8 mm, dense-long-hairy"	"Eriodictyon capitatum"
7	"Inflorescence open, branched; calyx lobes 2--5 mm, glabrous to sparse-hairy"	8
8	"Leaf abaxially with all but midvein obscured by hairs; pedicel, peduncle glabrous, sticky; calyx lobes 3--5 mm, abaxially glabrous, sticky; corolla 11--16 mm, lavender"	"Eriodictyon altissimum"
8	"Leaf abaxially with all but midvein not obscured by hairs; pedicel, peduncle sparse-stiff-hairy, not sticky; calyx lobes 2--3 mm, abaxially sparse-stiff-hairy, not sticky; corolla 3--7 mm, white"	"Eriodictyon angustifolium"
9	"Leaf adaxially sparse-hairy to dense-tomentose"	10
9	"Leaf adaxially glabrous to sparse-long-wavy-hairy"	11
10	"Leaf adaxially dense-gray- to -white-tomentose; leaf +- ovate, not sticky; corolla 8--16 mm"	"Eriodictyon crassifolium var. crassifolium"
10	"Leaf adaxially dull +- green, sparse- to moderate-short-hairy; leaf lanceolate, sticky between hairs; corolla 6--10 mm"	"Eriodictyon crassifolium var. nigrescens"
11	"Calyx abaxially glabrous to sparse-hairy, adaxially short-stiff-hairy; corolla 8--12(17) mm, abaxially sparse-hairy; flower buds appearing dark, not gray-hairy"	"Eriodictyon californicum"
11	"Calyx dense-long-hairy; corolla 6--8 mm, abaxially dense-long-hairy; flower buds appearing gray-hairy"	12
12	"Stem sparse- to dense-long-wavy-hairy; leaf adaxially sparse-long-wavy-hairy, abaxially dense-white-tomentose, all but midvein, secondary veins obscured"	"Eriodictyon trichocalyx var. lanatum"
12	"Stem glabrous to sparse-short-hairy; leaf adaxially +- glabrous, sparse-short-hairy mostly on midvein, abaxially sparse-tomentose between yellow-green, glabrous veins in net-like pattern"	"Eriodictyon trichocalyx var. trichocalyx"
