from	statement	to
1	"Perennial herb to subshrub; leaflets generally 4--18"	2
1	"Shrub to small tree; leaflets generally 4--20"	3
2	"Leaflets 4--8; gland(s) on main leaf axis between leaflet pairs; plant densely hairy"	"Senna covesii"
2	"Leaflets 12--18; gland(s) near base of petiole; plant glabrous"	"Senna marilandica"
3	"Shrubs of dry places; leaflets linear or generally ovate, generally flat, persistent or < 1 cm, ephemeral"	4
3	"Shrubs to small trees generally not of dry places; leaflets oblong to elliptic, not ephemeral"	5
4	"Stem, leaf +- glabrous; leaflets 4--8, 4--6 mm"	"Senna armata"
4	"Stem, leaf sparsely to densely hairy; leaflets 6--16, 10--25 mm"	"Senna artemisioides"
5	"Stipules 6--17 mm, ovate-cordate, generally persistent; uppermost, unopened flowers covered by bracts; fruit flat, dehiscent"	"Senna didymobotrya"
5	"Stipules 3.5--7 mm, lanceolate, ephemeral; uppermost, unopened flowers not covered by bracts; fruit not flat, indehiscent"	"Senna multiglandulosa"
