from	statement	to
1	"Keel 2.4–4.5 mm; s ± 1/2 CA"	2
1	"Keel 4.7–7.2 mm; s CCo, s SCoRO, SW (except WTR)"	3
2	"Calyx hairs mostly black, lobes generally 0.8–1.5 mm, <(=) tube; leaflets ± glabrous adaxially; stem ± erect"	"Astragalus didymocarpus var. didymocarpus"
2	"Calyx hairs mostly white, lobes generally 1.5–2.4 mm, > tube; leaflets ± canescent adaxially; stem ± prostrate"	"Astragalus didymocarpus var. dispermus"
3	"Calyx hairs mostly black; keel abruptly curved, tip short, blunt"	"Astragalus didymocarpus var. milesianus"
3	"Calyx hairs mostly white; keel crescent-shaped, tip narrowly triangular, acute"	"Astragalus didymocarpus var. obispoensis"
