from	statement	to
1	"Shrub, densely mounded; branches many, spreading to ascending, twigs short, stout, becoming thorny; corolla white, tinged red or purple; fruit +- indehiscent"	2
1	"Perennial herb to subshrub, broom-like; branches 0--few, ascending to erect, slender; corolla yellow; fruit circumscissile"	3
2	"Calyx tube in flower generally > 1.5 mm; corolla tube > 7 mm"	"Menodora spinescens var. mohavensis"
2	"Calyx tube in flower generally < 1.5 mm; corolla tube < 5 mm"	"Menodora spinescens var. spinescens"
3	"Plants generally > 30 cm, +- glabrous; leaves proximal to inflorescence > 5 × width, generally linear or lance-linear; internodes proximal to inflorescence generally > 1.5 × subtending leaves; calyx lobes 5--7(10)"	"Menodora scabra var. glabrescens"
3	"Plants generally < 28 cm, +- scabrous, often densely so; leaves proximal to inflorescence < 4 × width, generally narrowly lanceolate or oblanceolate; internodes proximal to inflorescence generally < 1.5 × subtending leaves; calyx lobes (8)9--10(12)"	"Menodora scabra var. scabra"
