from	statement	to
1	"Flowers bilateral"	2
1	"Flowers radial"	3
2	"Ovary, young fruit linear; ovules or seeds many"	Streptanthus
2	"Ovary, young fruit ovate to obcordate; ovules or seeds 2"	Iberis
3	"Stamens 2 or 4"	4
3	"Stamens 6"	6
4	"Ovary linear"	Cardamine
4	"Ovary broader, not linear"	5
5	"Ovary, young fruit with 10–24 ovules or seeds"	Hornungia
5	"Ovary, young fruit with 2–4 ovules or seeds"	Lepidium
6	"Ovary, young fruit ovate to ovoid, obovate, round, spheric, oblong, or elliptic, occasionally of 2 segments of such shapes"	7
6	"Ovary, young fruit linear (narrowly lanceolate or awl-shaped)"	15
7	"Petals 15–30 mm, purple to lavender (white); style, stalk above receptacle well developed"	Lunaria
7	"Petals 0.5–12(15) mm, yellow to cream or white (lavender); style, stalk above receptacle generally 0"	8
8	"Ovary, young fruit with 24–80 ovules or seeds"	Rorippa
8	"Ovary, young fruit with 1–12(14) ovules or seeds"	9
9	"Ovary, young fruit 2-segmented"	10
9	"Ovary, young fruit unsegmented"	12
10	"Petals cream or pale yellow, veins dark brown or purple; ovules 4–6"	Carrichtera
10	"Petals white, lavender, or yellow, dark veins 0; ovules 1 or 2(4)"	11
11	"Plant stiff-hairy below; style distinct; petals yellow"	Rapistrum
11	"Plant glabrous; style 0; petals white to lavender"	Cakile
12	"Ovules or seeds 1–2"	13
12	"Ovules or seeds 6–14"	14
13	"Young fruit erect to spreading"	Lepidium
13	"Young fruit reflexed"	Thysanocarpus
14	"Perennial herb, roots fleshy; stem 5–12(20) dm; basal leaves 1.5–12 dm"	Armoracia
14	"Biennial or perennial herb, fleshy roots 0; stem (0.1)0.5–3(4) dm; basal leaves 0.1–1 dm"	Cochlearia
15	"Cauline leaves compound"	16
15	"Cauline leaves simple, occasionally shallowly divided"	17
16	"Plant aquatic, rooting from proximal stem nodes"	Nasturtium
16	"Plant terrestrial, not rooting from proximal stem nodes"	Cardamine
17	"Plant with multicellular stalked glands"	Chorispora
17	"Glands 0"	18
18	"Stamens ± equal in length, well-exserted beyond petals or all flower parts spreading"	19
18	"Stamens 4 long, 2 short, or in 3 pairs of unequal length"	21
19	"Petals yellow to white; filament bases hairy or papillate"	Stanleya
19	"Petals white, lavender, or purple; filaments glabrous"	20
20	"Fruit ± sessile on receptacle"	Caulanthus
20	"Fruit stalked above receptacle"	Thelypodium
21	"Stamens in 3 pairs of unequal length"	22
21	"Stamens 4 long, 2 short"	25
22	"Fruit cylindric; seeds wingless"	Caulanthus
22	"Fruit distinctly to ± flattened; seeds generally winged at least at tip"	23
23	"Sepals 4–8 mm; stems (0.7)1–8 dm"	Streptanthus
23	"Sepals 2.8–3.2 mm; stem 0.5–2 dm"	24
24	"Longest stamens with fused filaments and sterile anthers"	Sibaropsis
24	"Longest stamens with free filaments and fertile anthers"	Streptanthella
25	"Petals dark-veined"	26
25	"Petals not dark-veined"	29
26	"Perennial herb or subshrub, glabrous; leaves entire or dentate"	Hesperidanthus
26	"Annual, generally hairy; leaves generally pinnately lobed"	27
27	"Fruit corky, indehiscent, lower segment rudimentary, seedless"	Raphanus
27	"Fruit not corky, dehiscent, lower segment well developed, seeded"	28
28	"Fruit valve 3-veined; terminal segment (0)1–6-seeded"	Coincya
28	"Fruit valve 1-veined; terminal segment seedless"	Eruca
29	"Cauline leaves entire"	30
29	"At least proximal cauline leaves pinnately divided, lobed, wavy, or dentate"	31
30	"Biennial or perennial herb with caudex; ovules 28–90 per ovary"	Boechera
30	"Perennial herb with rhizomes or tubers; ovules 6–28 per ovary"	Cardamine
31	"Petals white, pink, lavender, or purple"	32
31	"Petals generally yellow"	36
32	"Ovules or seeds (1)2(4)"	Cakile
32	"Ovules or seeds many"	33
33	"Leaf lateral lobes linear to thread-like, entire"	Sibara
33	"Leaf lateral lobes not linear to thread-like, generally dentate"	34
34	"At least most distal leaves entire or dentate"	Caulanthus
34	"All leaves pinnately lobed, divided or dissected"	35
35	"Seeds wingless"	Cardamine
35	"Seeds winged"	Planodes
36	"Inflorescence bracted at least below"	Erucastrum
36	"Inflorescence generally not bracted"	37
37	"Ovary, young fruit 2-segmented"	38
37	"Ovary, young fruit unsegmented"	40
38	"Sepals generally erect to ascending; fruit valves 1-veined"	Brassica
38	"Sepals spreading to reflexed; fruit valves 3–7-veined"	39
39	"Stigma entire; seeds ovoid"	Hirschfeldia
39	"Stigma 2-lobed; seeds spheric"	Sinapis
40	"Stigma entire"	Rorippa
40	"Stigma 2-lobed"	41
41	"Seeds in 2 rows; fruit valves 1-veined"	Diplotaxis
41	"Seeds in 1 row; fruit valves 3-veined"	Sisymbrium
