from	statement	to
1	"Leaflets 3--5; corolla 8--10 mm; plant decumbent; NCoR"	"Hosackia yollabolliensis"
1	"Leaflets (3)5--15; corolla generally 8--16 mm; plant generally ascending or erect; if leaflets < 5, not of NCoR"	2
2	"Leaf silky or canescent, gray or silvery; fruit glabrous"	"Hosackia incana"
2	"Leaf glabrous or hairy, rarely gray or silvery; fruit generally hairy if leaf hairy"	3
3	"Peduncle bract 0 or just below umbel, generally simple or 2--3-parted; fruit 1.5--3 mm wide"	4
3	"Peduncle bract generally well below umbel, generally 3--5-parted, sometimes fragile, deciduous; fruit 3--5 mm wide"	7
4	"Petal claw included to +- exserted from calyx tube; plant often hairy"	5
4	"Petal claw exserted from calyx tube; plant +- glabrous"	6
5	"Leaflets 3--7, glabrous; corolla 8--9 mm; n SNF (Calaveras Co.), s SNH (Tulare Co.), SNE"	"Hosackia oblongifolia var. cuprea"
5	"Leaflets 7--11, hairy or glabrous; corolla 9--13 mm; CA-FP, MP, DMoj"	"Hosackia oblongifolia var. oblongifolia"
6	"Corolla wings pink-purple, fading white; bracts generally 3-parted"	"Hosackia gracilis"
6	"Corolla wings white; bracts 0 or generally simple"	"Hosackia pinnata"
7	"Hairs spreading, glandular or not; stipules often wide, leaflet-like, persistent, in age scarious or not; corolla pink to red-purple"	8
7	"Hairs generally +- 0 or appressed, rarely glandular; stipules scarious, fragile, not leaflet-like, generally some deciduous; corolla initially white, pink, or yellow-green"	9
8	"Stem wiry; stipules wide, clasping stem"	"Hosackia stipularis var. ottleyi"
8	"Stem often fleshy; stipules narrow or wide, not or +- clasping stem"	"Hosackia stipularis var. stipularis"
9	"Flowers generally 6--10; corolla 10--12 mm, white or +- pink, in age striate, darker; pedicel 2--3 mm, +- longer in fruit; leaflet length 2--3 × width --- NCo, NCoRO, n SNH"	"Hosackia rosea"
9	"Flowers generally 12--20; corolla 12--17 mm, yellow-green, dark-blotched in age; pedicel generally 3--6 mm, > 3 mm at least in fruit; leaflet length generally 1--2.5 × width"	10
10	"Plant glabrous or strigose; widespread except s PR"	"Hosackia crassifolia var. crassifolia"
10	"Plant soft-hairy; s PR (Otay Mtn, San Diego Co.)"	"Hosackia crassifolia var. otayensis"
