from	statement	to
1	"Annual (rarely short-lived perennial herb); heads generally radiate"	"Perityle emoryi"
1	"Perennial herb or generally subshrubs; heads discoid"	2
2	"Herbage generally long-hairy"	3
2	"Herbage short-rough-hairy"	4
3	"Leaf serrate to serrate-lobed; leaves opposite or alternate"	"Perityle inyoensis"
3	"Leaf entire or each margin with 1--3 short, pointed lobes; leaves alternate"	"Perityle villosa"
4	"Heads 2--6 in tight clusters; peduncle 1--10 mm; leaf blade linear, generally entire (rarely 3-lobed)"	"Perityle intricata"
4	"Heads 1 or 2--3 in loose clusters; peduncle 10--45(80) mm; leaf blade generally elliptic or lanceolate to widely ovate or round (sometimes linear in <i>Perityle megalocephala</i> var. <i>oligophylla</i>), entire, serrate or lobed"	5
5	"Leaves many, lance-ovate to +- round, 4--9 mm wide"	"Perityle megalocephala var. megalocephala"
5	"Leaves few, linear to lanceolate, 1--4 mm wide"	"Perityle megalocephala var. oligophylla"
