from	statement	to
1	"Leaves deciduous, blades thin"	2
1	"Leaves semi-deciduous or evergreen, blades +- leathery or thin"	8
2	"Fruit 3-stoned; leaf blade (50)80--150 mm"	3
2	"Fruit 2(3)-stoned; leaf blade 15--80 mm"	5
3	"Leaf blade blue- or green-gray, +- glaucous when fresh, papillate, densely hairy or adaxially velvety, light green, abaxially sparsely to densely hairy"	"Frangula purshiana subsp. ultramafica"
3	"Leaf blade green, not papillate, glabrous to sparsely hairy"	4
4	"Leaf base tapered; KR, CaR, n&c SN"	"Frangula purshiana subsp. annonifolia"
4	"Leaf base rounded or cordate; NCo, KR, NCoRO, NCoRH"	"Frangula purshiana subsp. purshiana"
5	"Leaf blade finely hairy"	"Frangula rubra subsp. yosemitana"
5	"Leaf blade glabrous or abaxially puberulent on midrib, veins"	6
6	"Twigs gray; leaves clustered on short-shoots"	"Frangula rubra subsp. modocensis"
6	"Twigs red to gray; leaves scattered along stem"	7
7	"Leaf base, tip rounded"	"Frangula rubra subsp. obtusissima"
7	"Leaf base, tip acute"	"Frangula rubra subsp. rubra"
8	"Leaves semi-deciduous, fruit 2--3-stoned"	9
8	"Leaves generally evergreen; fruit generally 2-stoned"	10
9	"Leaf blade thin, 20--60 mm, elliptic; fruit 2-stoned"	"Frangula californica subsp. cuspidata"
9	"Leaf blade +- leathery, 50--100 mm, widely oblong or ovate to obovate; fruit 3-stoned"	"Frangula purshiana subsp. ultramafica"
10	"Leaf blade +- glabrous or abaxially +- puberulent"	11
10	"Leaf blade adaxially glabrous to tomentose, abaxially glabrous to tomentose, velvety, or silvery"	12
11	"Leaf blade dark green adaxially, bright green or yellow abaxially; fruit 2-stoned"	"Frangula californica subsp. californica"
11	"Leaf blade +- yellow-green; fruit 3-stoned"	"Frangula californica subsp. occidentalis"
12	"Leaf blade adaxially green, glabrous or minutely puberulent, abaxially glabrous to white-tomentose mixed with long hairs"	13
12	"Leaf blade white-tomentose, or adaxially dull green, glabrous, abaxially white-tomentose or velvety to silvery, long hairs 0."	14
13	"Leaf tip abruptly pointed or not, margin dentate to dentate-serrate, long hairs conspicuous abaxially; c&s SN, Teh, TR, nw PR, SnJt, SNE, DMoj"	"Frangula californica subsp. cuspidata"
13	"Leaf tip acute to rounded, margin entire to serrate, long hairs inconspicuous abaxially; DMtns (Clark, New York, Providence mtns)"	"Frangula californica subsp. ursina"
14	"Leaf blade narrowly elliptic, abaxially velvety to silvery"	"Frangula californica subsp. tomentella"
14	"Leaf blade widely elliptic, abaxially white-tomentose or velvety to silvery"	15
15	"Leaf blade adaxially white-tomentose, tip obtuse; s KR, NCoRI"	"Frangula californica subsp. crassifolia"
15	"Leaf blade adaxially glabrous (white-tomentose), tip acute; s KR, NCoR, CaRF, SNF, n SNH, ScV, SnFrB, SCoR, SW"	"Frangula californica subsp. tomentella"
