from	statement	to
1	"Flowers yellow-orange (pink, cream), with dark red marks or not; leaves acute, entire to coarse-crenate; stipules 0"	"Impatiens capensis"
1	"Flowers white, pink, or purple, with yellow or dark purple marks or not; leaves acute to acuminate, serrate; stipules gland-like"	2
2	"Taper to flower spur gradual, spur +- straight, 10--10 mm; leaves alternate; stipules dome-shaped, unlobed, < 1 mm"	"Impatiens balfourii"
2	"Taper to flower spur abrupt, spur +- recurved, 5--6 mm; leaves opposite or whorled; stipules oblong, lobed or not, 2--4 mm"	"Impatiens glandulifera"
