from	statement	to
1	"Stipules +- 1 cm or more, distal leaf-like; petal >= 5 mm; leaf blade divided > 1/2 to base; inflorescence +- flat-topped"	"Boykinia major"
1	"Stipules <= 0.4 cm, distal brown-bristly; petal generally < 4 mm; leaf blade divided < 1/8--1/3 to base; inflorescence +- tapered to tip"	2
2	"Petal generally > 3 mm, > calyx lobe; flowers not crowded; leaf blade divided 1/4--1/3 to base"	"Boykinia occidentalis"
2	"Petal generally < 3 mm, +- = calyx lobe; flowers crowded, +- overlapping; leaf blade divided < 1/8 to base"	"Boykinia rotundifolia"
