from	statement	to
1	"Stamens 3"	2
1	"Stamens 6"	3
2	"Plant base with knobby tubers; anthers +- purple-red; cespitose"	"Juncus marginatus"
2	"Tubers 0; anthers yellow; rhizomatous or cespitose"	"Juncus planifolius"
3	"Seeds slender, 1--2 appendages >= 1/2 seed body"	4
3	"Seeds plump, appendages 0 or short points, << seed body"	5
4	"Seed body > both appendages; petals generally > sepals; inflorescence clusters generally 5--20, clusters generally 2--5-flowered; leaves <= 4.5 mm wide"	"Juncus howellii"
4	"Seed body < 1--2 appendages; petals generally = sepals; inflorescence clusters 1--5, clusters generally 10--30-flowered; leaves < 3 mm wide"	"Juncus regelii"
5	"Perianth generally 2--3.6 mm; fruit >= perianth"	6
5	"Perianth generally 4--6 mm; fruit generally <= perianth"	7
6	"Fruit blunt or notched, petals blunt or acute; heads 1--6, branches erect, inflorescence narrow; leaves blue-green"	"Juncus covillei"
6	"Fruit, petals acuminate; heads 10--50, branches spreading, inflorescence diffuse; leaves green"	"Juncus cyperoides"
7	"Leaf sheath appendages well developed, generally rounded, > 1 mm"	8
7	"Leaf sheath appendages 0 or obscure, generally pointed, < 1 mm"	9
8	"Rhizomatous; sepals generally = petals; inflorescence clusters 1--4(5); perianth midveins smooth to occasionally papillate, green"	"Juncus longistylis"
8	"Loosely cespitose; sepals < petals; inflorescence clusters 8--30; perianth midveins smooth, generally red-streaked"	"Juncus macrophyllus"
9	"Perianth parts < 1.5 mm wide; fruit brown; heads 3--12; generally montane"	"Juncus orthophyllus"
9	"Perianth parts > 1.5 mm wide; fruit +- black; heads 1--3(5); coastal"	10
10	"Petals acuminate, generally > 5 mm; anthers generally > 1.7; fruit tip acute to truncate, inconspicuous, << perianth, generally ellipsoid to oblong; CCo"	"Juncus falcatus subsp. falcatus"
10	"Petals acute to blunt, generally < 4.5 mm; anthers < 1.5 mm; fruit tip notched, conspicuous, +- = perianth, generally spheric to broadly ellipsoid; NCo"	"Juncus falcatus subsp. sitchensis"
