from	statement	to
1	"Head 3--7-flowered"	2
1	"Head 8--90-flowered"	4
2	"Leaf blade lanceolate to lance-ovate, dentate to serrate; faces gland-dotted and sparsely puberulent or hairy, not appearing glossy or varnished"	"Brickellia knappiana"
2	"Leaf blade linear to lance-elliptic or -ovate, entire or nearly so; faces gland-dotted, appearing varnished or glossy, often also puberulent"	3
3	"Leaf blade linear or lance-linear to lance-elliptic, flat, not folded or sickle-shaped, 2--9 mm wide, length 8--25 × width, base tapered"	"Brickellia longifolia var. longifolia"
3	"Leaf blade lance-ovate to narrowly lanceolate, folded along midvein and/or sickle-shaped, 2--15 mm wide, length 4--8 × width, base rounded"	"Brickellia longifolia var. multiflora"
4	"Perennial herb or subshrub from woody caudex"	5
4	Shrub	7
5	"Petiole 10--70 mm"	"Brickellia grandiflora"
5	"Petiole 0--2 mm"	6
6	"Leaf blade ovate, serrate"	"Brickellia greenei"
6	"Leaf blade elliptic, lance-linear or oblong, entire"	"Brickellia oblongifolia var. linifolia"
7	"Head 40--90-flowered"	8
7	"Head 8--35-flowered"	11
8	"Stem, leaves densely white-tomentose"	"Brickellia incana"
8	"Stem minutely glandular; leaves glabrous or puberulent, often strigose, or with mix of glandular and glandless hairs"	9
9	"Outer phyllaries widely ovate"	"Brickellia atractyloides var. atractyloides"
9	"Outer phyllaries lance-linear to -ovate"	10
10	"Margin of outer phyllaries +- entire"	"Brickellia atractyloides var. arguta"
10	"Margin of outer phyllaries dentate"	"Brickellia atractyloides var. odontolepis"
11	"Leaf blade oblong to spoon-shaped, entire"	"Brickellia frutescens"
11	"Leaf blade deltate, ovate, to nearly round or cordate, generally toothed (entire)"	12
12	"Phyllaries in 4--7 series, erect"	13
12	"Phyllaries in 5--9 series, tips recurved or spreading"	14
13	"Petiole 5--60+ mm; leaf blade 10--100 mm"	"Brickellia californica"
13	"Petiole 1--2.5 mm; leaf blade 3--15 mm"	"Brickellia desertorum"
14	"Plant densely tomentose and glandular; head 16--24-flowered"	"Brickellia nevinii"
14	"Plant glandular-puberulent or glands mixed with long, crooked hairs, occasionally short-tomentose; head 8--24-flowered"	15
15	"Head 15--28(34)-flowered; plant with glands mixed with long, crooked hairs, occasionally short-tomentose"	"Brickellia microphylla var. microphylla"
15	"Head generally 8--15-flowered; plant glandular-puberulent"	"Brickellia microphylla var. scabra"
