from	statement	to
1	"Leaf 2--3-ternate-pinnately dissected, segments linear or linear-oblong, entire, 2--10 cm"	"Angelica lineariloba"
1	"Leaf 1--3-pinnate or -ternate-pinnate, leaflets lanceolate to widely ovate, generally serrate to dentate or irregularly cut (entire), 3--15 cm"	2
2	"Bractlets conspicuous, 5--15 mm; rays, pedicels not webbed at base"	3
2	"Bractlets generally 0 or inconspicuous; rays, pedicels webbed at base"	4
3	"1° leaflets generally sharply reflexed; fruit compressed, ovate to round, 3--4 mm, ribs on back much narrower than marginal, thin"	"Angelica genuflexa"
3	"1° leaflets not reflexed; fruit cylindric, +- oblong, 4--9 mm, ribs +- equal, widely, thickly corky-winged"	"Angelica lucida"
4	"Basal leaves 1-ternate-pinnate"	5
4	"Basal leaves 2--3-ternate-pinnate"	7
5	"Rays +- equal, spreading-ascending to reflexed"	"Angelica callii"
5	"Rays unequal, ascending"	6
6	"Leaf oblong; leaflets entire to sparsely serrate; rays 7--14; ovary minutely bristly; fruit oblong, 4--5 mm"	"Angelica kingii"
6	"Leaf triangular-ovate; leaflets sharply serrate; rays 15--50; ovary glabrous to minutely hairy; fruit oblong to ovate, 6--7 mm"	"Angelica californica"
7	"Plant glaucous"	"Angelica tomentosa"
7	"Plant bright green, at least adaxially on leaves"	8
8	"Plant coastal; leaf thick, abaxially generally white-tomentose"	"Angelica hendersonii"
8	"Plant not coastal; leaf thin, green, both sides generally glabrous"	9
9	"Petals, ovary glabrous"	"Angelica arguta"
9	"Petals, ovary hairy"	"Angelica breweri"
