from	statement	to
1	"Leaves ephemeral (stem generally leafless), narrow-linear"	2
1	"Leaves persistent, narrow-linear to wide-ovate or -elliptic"	3
2	"Hoods exceeded by anther head"	"Asclepias albicans"
2	"Hoods much exceeding anther head"	"Asclepias subulata"
3	"Leaves 1 per node (alternate or subwhorled)"	"Asclepias asperula subsp. asperula"
3	"Leaves > 1 per node (opposite or whorled)"	4
4	"Horn 0 or included in hood"	5
4	"Horn exserted from hood"	9
5	"Hoods not or +- exceeded by anther head"	6
5	"Hoods exceeded by anther head"	8
6	"Leaf sessile, blade base clasping stem; corolla dark red-purple"	"Asclepias cordifolia"
6	"Leaf short-petioled or sessile, blade base rarely clasping stem; corolla green-yellow or white"	7
7	"Leaf +- cordate or ovate to +- round; corolla green-yellow, lobes 10--15 mm; fruit glabrous, prickles 0"	"Asclepias cryptoceras"
7	"Leaf linear or narrow- to oblong-lanceolate, acuminate; corolla white, lobes 7--8 mm; fruit puberulent, with thread-like prickles"	"Asclepias fruticosa"
8	"Stem decumbent to +- ascending; plant dense-hairy, +- white (appearing woolly at arm's length); tops of hoods exceeding base of anther head (hoods, anther head overlapped)"	"Asclepias californica"
8	"Stem prostrate (and +- flat); plant +- hairy, green (appearing glabrous at arm's length); tops of hoods exceeded by base of anther head (hoods, anther head not overlapped)"	"Asclepias solanoana"
9	"Horn generally exceeding hood"	10
9	"Horn at +- same level as to much exceeded by hood"	11
10	"Filament column +- 2 mm; leaves opposite, without clusters of smaller leaves in axils; corolla bright crimson, rarely yellow or white"	"Asclepias curassavica"
10	"Filament column +- 1 mm; leaves opposite (and reduced, on sterile branches) or whorled, often with clusters of smaller leaves in axils; corolla green-white, purple-tinged or not"	"Asclepias fascicularis"
11	"Hoods exceeding anther head by at least 1/2 their lengths"	12
11	"Hoods not exceeding anther head by at least 1/2 their lengths"	13
12	"Hoods at +- same level as exserted horns, +- erect, tips rounded"	"Asclepias nyctaginifolia"
12	"Hoods much exceeding exserted horns, +- ascending, tips acute"	"Asclepias speciosa"
13	"Inflorescences at nodes sessile or nearly so"	"Asclepias vestita"
13	"Inflorescences at nodes peduncled"	14
14	"Leaves generally broad-elliptic, rarely lanceolate to ovate, tip obtuse to truncate or notched. (Extirpated)"	"Asclepias latifolia"
14	"Leaves elliptic, lanceolate, or ovate, tip acute to acuminate"	15
15	"Leaves opposite or whorled, short-petioled to sessile, blade bases tapered to obtuse, rarely cordate, margins generally not wavy, generally entire; hoods exceeded by to at +- same level as anther head; seed 8--9 mm"	"Asclepias eriocarpa"
15	"Leaves opposite, generally sessile, blade bases tapered to cordate, margins generally +- wavy and/or +- jagged; hoods +- exceeding anther head; seed 10--13 mm"	"Asclepias erosa"
