from	statement	to
1	"Annual, often glandular-hairy on pedicels, sepals, or both; sterile basal rosettes 0; stem thread-like; pedicels +- straight"	2
1	"Perennial herb, generally glabrous; sterile basal rosettes often present; stem not thread-like; pedicels often recurved in flower, straight in fruit"	3
2	"Upper leaves minutely ciliate near base; sepals 4(5); petals 0(4), minute, < sepals"	"Sagina apetala"
2	"Upper leaves glabrous; sepals generally 5; petals generally 5, +- = sepals"	"Sagina decumbens subsp. occidentalis"
3	"Sepals 4(5), spreading to ascending in fruit; petals 0 or 1/4--1/2 × sepals"	"Sagina procumbens"
3	"Sepals 5, +- appressed in fruit; petals 3/4--1 × sepals"	4
4	"Leaves fleshy, widely linear; sepals generally 2.5--3.5 mm"	"Sagina maxima subsp. crassicaulis"
4	"Leaves not fleshy, narrowly linear; sepals 1.5--2.5 mm"	5
5	"Leaf margins glabrous, base pairs not forming cup"	"Sagina saginoides"
5	"Leaf margins minutely glandular, base pairs forming cup"	"Sagina subulata"
