from	statement	to
1	"Ovary (and generally fruit, at least when fruit young) glabrous (sometimes hairy on beak or when ovary young)"	2
1	"Ovary (and generally fruit, at least when fruit young) hairy (sometimes hairy only on beak or when ovary young)"	17
2	"Flower bracts deciduous, ± tan, sparsely hairy, tips often ragged"	3
2	"Flower bracts generally persistent, ± tan to black, generally hairy, tips entire"	8
3	"Bud scale margins free, overlapping; tree"	4
3	"Bud scale margins fused; shrub to tree"	5
4	"Leaf blade not glaucous abaxially; beak of ovary abruptly tapered to style"	"Salix gooddingii"
4	"Leaf blade glaucous abaxially; beak of ovary gradually tapered to style"	"Salix laevigata"
5	"Petiole with glands; plant not clonal; stigmas persistent"	6
5	"Petiole glands 0; plant clonal by root-sprouting; stigmas deciduous"	7
6	"Tree 10–25 m; stipules not conspicuously glandular; fruit 3.5–5 mm; twigs ± yellow or gray to ± tan"	"Salix alba"
6	"Shrub to tree, 1–11 m; stipules conspicuously glandular; fruit 6–11 mm; twigs yellow-brown"	"Salix lasiandra"
7	"Petiole hairy; leaf margins ± rolled under; style ± green or ± tan"	"Salix exigua"
7	"Petiole ± glabrous; leaf margins flat; styles ± red or ± brown"	"Salix melanopsis"
8	"Tree; twigs pendent; nectary > ovary stalk"	"Salix babylonica"
8	"Shrub to tree; twigs erect; nectary < ovary stalk"	9
9	"Flower bract dark brown, wider distally, tip rounded, hairs dense, short, generally wavy; leaves white- or white-and-rusty-hairy"	10
9	"Flower bract not as above in all ways; young leaves white-hairy"	11
10	"Stipule tip acute; leaf glands submarginal or distinctly on adaxial surface; young leaves thick, yellow-green (or ± red)"	"Salix lasiolepis"
10	"Stipule tip convex to rounded; leaf glands marginal; young leaves thin, ± red"	"Salix tracyi"
11	"Leaf blade not glaucous abaxially"	12
11	"Leaf blade glaucous abaxially"	13
12	"Catkins blooming before or with leaves, on leafy shoots 1–9 mm; leaf blade adaxially glabrous (or becoming so) or soft-shaggy-hairy and highly glossy; ovary generally glabrous"	"Salix boothii"
12	"Catkins blooming with leaves, on leafy shoots 2–12 mm; leaf blade adaxially tomentose or silky and dull to shiny; ovary glabrous or generally silky"	"Salix eastwoodiae"
13	"Stipules 0 or vestigial on early leaves, 0 or prominent on later; flower bract hairs straight or wavy, rarely ± 0"	14
13	"Stipules prominent on all leaves; flower bract hairs generally curly, rarely straight or wavy"	15
14	"Style 0.6–1.5 mm; fruit 5–10 mm; twigs generally thinly glaucous; leaf blade abaxially soft-shaggy or woolly, length 1.5–4.2 × width; flower bract with long, straight hairs, generally not wider distally, tip pointed or not"	"Salix hookeriana"
14	"Style 0.1–0.6 mm; fruit 2.5–5.5 mm; twigs not glaucous; leaf blade abaxially tomentose or silky (glabrous in age), length 2.2–9.6 × width; flower bract with short, generally wavy hairs, generally wider distally, tip rounded"	"Salix lasiolepis"
15	"Twigs yellow-gray or yellow- or gray-brown, not peeling, glabrous or sparsely soft-shaggy-hairy"	"Salix lutea"
15	"Twigs red- or yellow-brown, generally peeling, glabrous or long-soft-wavy-hairy"	16
16	"Ovary stalk 0.9–2.5 mm; leaf blade strap-shaped to very narrowly elliptic, length 2.9–6.4 × width, base convex to subcordate; stipule tip rounded to acuminate"	"Salix ligulifolia"
16	"Ovary stalk 1.3–4.2 mm; leaf blade narrowly oblong or lanceolate to obovate, length 2.4–4.5 × width, base rounded to cordate; stipule tip convex to rounded"	"Salix prolixa"
17	"Dwarf shrub, forming mats by rhizomes or adventitious roots, alpine"	18
17	"Low to tall shrub to tree, not forming mats, not alpine"	19
18	"Catkins ± 4–17-flowered; flower bract ± glabrous (hairy or not on margin); nectary 0–0.5 mm; style 0.2–0.4 mm; leaf abaxially strongly net-veined"	"Salix nivalis"
18	"Catkins ± 50-flowered; flower bract hairy; nectary 0.5–1.2 mm; style 0.4–1.6 mm; leaf abaxially not strongly net-veined"	"Salix petrophila"
19	"Flower bracts deciduous, ± tan, sparsely to moderately hairy"	20
19	"Flower bracts persistent, black, brown, or ± tan, generally moderately to densely hairy"	22
20	"Petioles not glandular at distal end; leaf margins with 0–4 teeth/cm, abaxial surface hairy"	"Salix exigua"
20	"Petioles glandular at distal end; leaf margins with 5–14 teeth/cm, abaxial surface sparsely hairy or generally glabrous"	21
21	"Bud scale margins free, overlapping; petioles with a pair of glands; leaf with white hairs"	"Salix gooddingii"
21	"Bud scale margins fused; petioles generally with a cluster of glands; leaf with generally a mixture of white and rusty hairs"	"Salix lasiandra"
22	"Catkins blooming with leaves, on leafy shoots"	23
22	"Catkins blooming before leaves (sometimes ± so), sessile or on bracted shoots, rarely on leafy shoots to 5 mm"	36
23	"Leaf blade abaxially not glaucous or surface obscured by hair"	24
23	"Leaf blade abaxially glaucous"	30
24	"Leaf blade abaxially densely silky or silky-woolly, adaxially dark green, sparsely silky (glabrous in age); twigs generally brittle at base"	25
24	"Leaf blade on both surfaces sparsely to densely tomentose or silky, gray-green; twigs flexible at base"	26
25	"Leaf blade 8–25 mm wide, length 3–7.3 × width, margins flat or ± rolled under; nectary 0.3–0.6 mm; twigs very brittle at base; KR, CaRH, SNH; 1000–3400 m"	"Salix jepsonii"
25	"Leaf blade 17–48 mm wide, length 2–4 × width, margins strongly rolled under, especially basally; nectary 0.5–0.9 mm; twigs flexible or ± brittle at base; NW, n SNH, CW (except SCoRI), w WTR; 0–400 m (1800–2500 m in Siskiyou, Humboldt cos.)"	"Salix sitchensis"
26	"Leaves on catkin shoots and first leaves on vegetative twigs entire or finely short-slender-serrate"	"Salix eastwoodiae"
26	"Leaves on catkin shoots and first leaves on vegetative twigs entire or margins gland-dotted"	27
27	"Leaf blade abaxially sparsely to moderately woolly-tomentose or silky, glabrous in age"	28
27	"Leaf blade abaxially densely silky to woolly"	29
28	"Leaf blade abaxially generally shaggy (sometimes appressed)-hairy, base rounded to cordate; flower bract brown or black; KR, NCoR, CaRH, SNH, SnJV, MP, W&I"	"Salix eastwoodiae"
28	"Leaf blade abaxially silky, base wedge-shaped to convex; flower bract brown; SN, SNE"	"Salix orestera"
29	"Leaf blade 8–25 mm wide, length 3–7.3 × width, margins flat or ± rolled under; nectary 0.3–0.6 mm; twigs very brittle at base; KR, CaRH, SNH; 1000–3400 m"	"Salix jepsonii"
29	"Leaf blade 17–48 mm wide, length 2–4 × width, margins strongly rolled under, especially basally; nectary 0.5–0.9 mm; twigs flexible or ± brittle at base; NW, n SNH, CW (except SCoRI), w WTR; 0–400 m (1800–2500 m in Siskiyou, Humboldt cos.)"	"Salix sitchensis"
30	"Ovary stalk 0–0.3 mm; shrub, generally < 0.5 m; subalpine"	"Salix brachycarpa var. brachycarpa"
30	"Ovary stalk 0.4–5 mm; shrub to tree, > 0.5 m; alpine, subalpine, or montane"	31
31	"Young leaves rusty- or white-and-rusty-hairy"	32
31	"Young leaves white-hairy"	33
32	"Catkin ± spheric, 8–21 mm; style 0.1–0.2 mm; fruit 3–6 mm; flower bract pale; leaves generally persistently silky on both surfaces; petiole 2–9 mm; stipules 0 or vestigial"	"Salix geyeriana"
32	"Catkin cylindric, 19–44 mm; style 0.3–1 mm; fruit 5–7 mm; flower bract dark; leaves silky but glabrous in age on both surfaces; petiole 5–16 mm; stipules vestigial on first leaves, leaf-like on later"	"Salix lemmonii"
33	"Style 0.1–0.4 mm; ovary stalk 1–5 mm"	34
33	"Style 0.4–1 mm; ovary stalk 0.4–2 mm"	35
34	"Catkin cylindric, 16–60 mm; twigs shaggy, not glaucous; petiole puberulent; leaf blade dull adaxially; stipules leaf-like; ovary stalk 2–6 mm; 1000–1400 m"	"Salix bebbiana"
34	"Catkin ± spheric, 8–21 mm; twigs tomentose or velvety, generally glaucous; petiole velvety; leaf blade shiny adaxially; stipules 0 or vestigial; ovary stalk 1–2.8 mm; 1450–3600 m"	"Salix geyeriana"
35	"Style 0.4–0.6 mm; ovary short-silky; twigs very brittle at base; leaf blade abaxially densely silky; petiole silky or velvety"	"Salix jepsonii"
35	"Style 0.6–1 mm; ovary long-silky; twigs flexible at base; leaf blade abaxially sparsely to moderately silky; petiole tomentose"	"Salix orestera"
36	"Flower bract ± tan or light rose"	37
36	"Flower bract brown, black, or 2-colored"	40
37	"Flower bract sparsely hairy; ovary sparsely or moderately silky, long-beaked; style 0.1–0.4 mm"	38
37	"Flower bract moderately to densely hairy; ovary densely hairy, short-beaked; style 0.4–0.8 mm"	39
38	"Catkin cylindric, 16–60 mm; twigs shaggy, not glaucous; petiole puberulent; leaf blade dull adaxially; stipules leaf-like; ovary stalk 2–6 mm; 1000–1400 m"	"Salix bebbiana"
38	"Catkin ± spheric, 8–21 mm; twigs tomentose or velvety, generally glaucous; petiole velvety; leaf blade shiny adaxially; stipules 0 or vestigial; ovary stalk 1–2.8 mm; 1450–3600 m"	"Salix geyeriana"
39	"Ovary tomentose, stalk 0–0.4 mm, < nectary; nectary generally narrowly oblong; leaf margins ± rolled under, blade abaxially sparsely or moderately tomentose; stipule tip rounded; on serpentine"	"Salix breweri"
39	"Ovary silky, stalk 0.4–1.4 mm, < to > nectary; nectary square to flask-shaped; leaf margins strongly rolled under, especially basally, blade abaxially densely silky or woolly; stipule tip generally acute; not on serpentine"	"Salix sitchensis"
40	"Catkins and leaves (at least some) ± opposite"	"Salix purpurea"
40	"Catkins and leaves alternate"	41
41	"Twigs generally strongly glaucous"	"Salix drummondiana"
41	"Twigs not glaucous or weakly so"	42
42	"Young leaves generally white-hairy (hairs sometimes ± yellow, gray, or rusty)"	43
42	"Young leaves white- or white-and-rusty-hairy"	45
43	"Catkin stout; ovary stalk 1–2 mm"	"Salix hookeriana"
43	"Catkin slender; ovary stalk 0–1.4 mm"	44
44	"Ovary stalk 0–0.3 mm; catkin 17–53 mm; leaf blade abaxially densely tomentose; on serpentine, nw KR"	"Salix delnortensis"
44	"Ovary stalk 0.4–1.4 mm; catkin 25–73 mm; leaf blade abaxially densely silky or woolly; not on serpentine, NW, n SNH, CW (except SCoRI), w WTR"	"Salix sitchensis"
45	"Stigma 0.2–0.4 mm; catkin < 45 mm"	46
45	"Stigma 0.4–1 mm; catkin 15–117 mm"	47
46	"Catkin ± spheric, 8–21 mm; style 0.1–0.2 mm; fruit 3–6 mm; flower bract pale; leaves generally silky persistently on both surfaces; petiole 2–9 mm; stipules 0 or vestigial"	"Salix geyeriana"
46	"Catkin cylindric, 19–44 mm; style 0.3–1 mm; fruit 5–7 mm; flower bract dark; leaves silky but glabrous in age on both surfaces; petiole 5–16 mm; stipules vestigial on first leaves, leaf-like on later"	"Salix lemmonii"
47	"Young leaves generally sparsely hairy; ovary stalk 0.3–0.8 mm; fruit <= 6 mm"	"Salix planifolia"
47	"Young leaves generally densely hairy; ovary stalk 0.8–2.3 mm; fruit generally > 6 mm"	48
48	"Style 0.6–1.5 mm; stigma 0.3–0.6 mm, generally broad-cylindric to plump"	"Salix hookeriana"
48	"Style 0.2–0.6 mm; stigma 0.4–1 mm, slender-cylindric"	"Salix scouleriana"
