from	statement	to
1	"Stem generally < 20 cm, +- angled at least when young, straw-colored, yellow, yellow-green, olive-green, green, brown, purple; leaf scale-like, < 1 mm; fruit +- broadly fusiform-spheric, 2-colored (1 color below, 1 above), not white, not pink, not +- red, explosive, pedicel recurved; pistillate perianth parts 2; anthers +- 1-chambered; on <i>Abies</i>, <i>Pinus</i>, <i>Pseudotsuga</i>, <i>Tsuga</i>, <i>Picea</i>"	Arceuthobium
1	"Stem generally > 20 cm, not angled, green, yellow-green, gray-green, less often +- red; leaf blade 5--70 mm, or leaf scale-like, < 1 mm; fruit +- spheric, 1-colored, white, pink, or +- red, not explosive, pedicel +- straight or 0; pistillate perianth parts generally 3--4; anthers 2--several-chambered; on woody angiosperms or <i>Abies</i>, <i>Calocedrus</i>, <i>Juniperus</i>, <i>Hesperocyparis</i>."	2
2	"Perianth parts generally 3, pistillate persistent; inflorescence few- to many-flowered spikes; flowers +- sunken into axis (by proliferation of axis tissue); fruit +- 3--6 mm; leaf blade 5--47 mm, or leaf scale-like, < 1 mm, glabrous or minutely tomentose; anthers 2-chambered; on especially <i>Abies</i>, <i>Acacia</i>, <i>Adenostoma</i>, <i>Alnus</i>, <i>Arctostaphylos</i>, <i>Calocedrus</i>, <i>Cercidium</i>, <i>Fraxinus</i>, <i>Hesperocyparis</i>, <i>Juglans</i>, <i>Juniperus</i>, (<i>Larrea</i>), <i>Olneya</i>, <i>Platanus</i>, <i>Populus</i>, <i>Prosopis</i>, <i>Quercus</i>, <i>Rhus</i>, <i>Robinia</i>, <i>Salix</i>, <i>Umbellularia</i>, reportedly on <i>Pinus monophylla</i>"	Phoradendron
2	"Perianth parts generally 4, pistillate generally deciduous; inflorescence few-flowered cymes; flowers not sunken into axis; fruit 6--10 mm; leaf blade generally 50--80 mm, fleshy, glabrous; anthers several-chambered; on especially <i>Acer</i>, <i>Alnus</i>, <i>Betula</i>, <i>Crataegus</i>, <i>Malus</i>, <i>Populus</i>, <i>Robinia</i>, <i>Salix</i>, <i>Ulmus</i>"	"Viscum:Viscum album"
