from	statement	to
1	"Short-shoot leaves deeply lobed, veined to sinuses; fruit red to deep red"	"Crataegus monogyna"
1	"Short-shoot leaves unlobed to shallowly lobed, not veined to sinuses; fruit deep purple to black"	2
2	"Stamens +- 20; short-shoot leaves unlobed to shallowly lobed; thorns 8--12 mm"	"Crataegus gaylussacia"
2	"Stamens +- 10; short-shoot leaves generally shallowly lobed; thorns 15--23 mm"	3
3	"Inflorescence hairy; thorns 18--23 mm"	"Crataegus castlegarensis"
3	"Inflorescence glabrous; thorns 15--18 mm"	"Crataegus douglasii"
