from	statement	to
1	"Leaves +- whorled near stem tip, with smaller leaves proximal to near tip or not"	2
1	"Leaves distributed +- evenly along stem, of +- equal size"	3
2	"Corolla generally white; pedicels > leaves"	"Lysimachia europaea"
2	"Corolla generally pink to rose; pedicels < leaves"	"Lysimachia latifolia"
3	"Corolla 0; calyx white, pink, red, or lavender, corolla-like; pedicels +- 0"	"Lysimachia maritima"
3	"Corolla present; calyx green, not corolla-like; pedicels 0--5 cm"	4
4	"Calyx > corolla"	"Lysimachia minima"
4	"Calyx <= corolla"	5
5	"Corolla yellow; fruit 5--6-valved; perennial herb"	6
5	"Corolla salmon, pink, red, blue, blue-white; fruit circumscissile; annual or perennial herb"	7
6	"Stem creeping; flowers 1 in leaf axils; corolla lobes ovate"	"Lysimachia nummularia"
6	"Stem erect; flowers in tight racemes in leaf axils; corolla lobes linear"	"Lysimachia thyrsiflora"
7	"Annual; corollas 4--7 mm; pedicels recurved in fruit"	"Lysimachia arvensis"
7	"Perennial herb; corollas 5--12 mm; pedicels ascending in fruit"	"Lysimachia monelli"
