from	statement	to
1	"Leaf blade glabrous, shiny adaxially, flushed red, base generally wedge-shaped; on serpentine"	"Holodiscus discolor var. cedrorum"
1	"Leaf blade sparsely to densely hairy adaxially, dull, not flushed red, base wedge-shaped or truncate to rounded; generally not on serpentine"	2
2	"Leaf blade 1.5–8 cm, teeth toothed, base generally truncate to rounded; inflorescence 5–25 cm, 5–25 cm wide, branches generally many"	"Holodiscus discolor var. discolor"
2	"Leaf blade 0.3–3 cm, teeth entire, above middle, base generally wedge-shaped; inflorescence 2–8 cm, 1.5–5 cm wide, branches 0–few"	3
3	"Leaf puberulent to glabrous both surfaces, glands visible"	"Holodiscus discolor var. glabrescens"
3	"Leaf ± long-hairy 1 or both surfaces, glands 0 or generally obscured by hairs"	"Holodiscus discolor var. microphyllus"
