from	statement	to
1	"Perianth +- yellow; filaments +- completely free (sect. <i>Echthronema</i>)"	2
1	"Perianth +- blue to violet (white), parts generally with a basal yellow blotch; filaments +- completely fused (sect. <i>Sisyrinchium</i>)"	4
2	"Stem generally 2--7 mm wide; perianth generally 11--18 mm"	"Sisyrinchium californicum"
2	"Stem generally < 2 mm wide; perianth generally 7--11 mm"	3
3	"Pedicels spreading to drooping in fruit; fruit generally widest near or above middle"	"Sisyrinchium elmeri"
3	"Pedicels ascending to erect in fruit; fruit generally widest at middle"	"Sisyrinchium longipes"
4	"Stem branched; leaves cauline at >= 1 node"	5
4	"Stem unbranched; leaves all +- basal"	6
5	"Translucent margins of inner bract not extended above tip; perianth deep blue-purple to -violet or pale blue, occasionally white, 10.5--17 mm, outer parts generally widely wedge-shaped; w California"	"Sisyrinchium bellum"
5	"Translucent margins of inner bract extended above tip as 2 rounded teeth; perianth generally pale blue, 10--15 mm, outer parts generally narrowly wedge-shaped; ne DMoj"	"Sisyrinchium funereum"
6	"Rhizome elongate; perianth +- purple, base darker"	"Sisyrinchium hitchcockii"
6	"Rhizome compact; perianth light to dark violet-blue (white), base not darker, with yellow blotch"	7
7	"Inner bract +- = outer, with widely translucent margins extended above tip as 2 rounded teeth; outer perianth parts generally wedge-shaped"	"Sisyrinchium halophilum"
7	"Inner bract << outer, with +- narrowly translucent margins ended at or below tip; outer perianth parts generally elliptic to narrowly oblanceolate"	8
8	"Stem 2--2.5 mm wide, distal margins generally with a few small teeth; outer perianth parts 13--17(20) mm"	"Sisyrinchium idahoense var. idahoense"
8	"Stem 1.5--2 mm wide, distal margins generally entire; outer perianth parts 8--13 mm"	"Sisyrinchium idahoense var. occidentale"
