from	statement	to
1	"Leaf sheath front green +- to top, white-translucent triangular area extending < 6 mm below top"	"Carex Group 11a"
1	"Leaf sheath front with extensive white-translucent zone extending > 10 mm below top"	2
2	"Contraligule 3--13 mm"	"Carex Group 11b"
2	"Contraligule 0--2 mm"	3
3	"Peri margin entire and marginal wings 0 or < 0.2 mm wide"	"Carex Group 11c"
3	"Peri margin minute-serrate, especially upper body or beak base or marginal wings generally > 0.2 mm wide"	4
4	"Pistillate flower bracts uniformly covering and +- obscuring peri; peri generally with strong abaxial veins"	"Carex Group 11d"
4	"Pistillate flower bracts < or narrower than peri, peri easily visible; peri with strong abaxial veins or not"	5
5	"Larger peri 6--9.3 mm"	"Carex Group 11e"
5	"Larger peri < 6 mm"	6
6	"Inflorescence bract obvious, > inflorescence"	"Carex Group 11f"
6	"Inflorescence bract inconspicuous, < inflorescence"	7
7	"Peri beak tip broadly winged and flattened, minute-serrate throughout or +- so (cylindric entire tip <= 0.3 mm), generally pale or only slightly darkened"	"Carex Group 11g"
7	"Peri beak tip cylindric, entire >= 0.4 mm, often darkened or +- black"	"Carex Group 11h"
