from	statement	to
1	"Receptacle without expanded ring beneath sepals; anthers linear-oblong, >= 1/2 filaments; stamens 6, in 1 series"	"Meconella denticulata"
1	"Receptacle with expanded ring beneath sepals; anthers widely elliptic to round, < 1/2 filaments; stamens (6)12(6), in 2 series, or 4--6, in 1 series"	2
2	"Stamens generally 12 (fewer in smallest plants), in 2 series, outer filaments < inner"	"Meconella californica"
2	"Stamens 4--6, in 1 series, outer filaments = inner"	"Meconella oregana"
