from	statement	to
1	"Peri fleshy, plump, often dense-papillate, tip blunt or with beak <= 0.3 mm; sheath of inflorescence bract generally > 4 mm; plants long-rhizomed"	2
1	"Peri not fleshy, +- flat, papillate or not, tip distinctly beaked < or > 0.3 mm; sheath of inflorescence bract generally < 2 mm; plants long-rhizomed or cespitose"	4
2	"Mature peri, just before dropping, bright orange (green to white when immature, as in many herbarium specimens), +- spheric, +- spreading; pistillate flower bracts spreading, often falling before peri; ripe peri smooth (often papillate when immature)"	"Carex aurea"
2	"Mature peri, just before dropping, green to white, occasionally purple- or red-brown-marked, elliptic to elliptic-obovate, ascending; pistillate flower bracts ascending, generally +- persistent with peri; ripe peri dense-papillate at 10×"	3
3	"Upper 1/2 of peri generally green or white, +- abruptly rounded, blunt, or only slightly narrowed, red-brown generally only on small, occasionally bent beak, if present; lower staminate flower bracts blunt or short-awned, generally < 4 mm, not like inflorescence bract; spikelets 1 per lower node"	"Carex hassei"
3	"Upper 1/2 of peri red-brown- or purple-splotched, gradually narrowed to tip or short straight beak; lower staminate flower bracts generally long-awned, >= 4.5 mm, like inflorescence bract; spikelets occasionally > 1 per lower node"	"Carex saliniformis"
4	"Plant cespitose; peri veined"	5
4	"Plant rhizomed; peri veined or not"	9
5	"Leaf sheath fronts fibrous; lower sheaths scabrous, red-brown to shiny dark brown"	6
5	"Leaf sheath fronts not fibrous; lower sheaths glabrous, dull light brown"	7
6	"Stem 30--70 cm, < 1 cm wide at base; staminate spikelets 1--2, terminal < 5 cm; peri purple-splotched on upper 2/3; below high water mark on rocky streams"	"Carex nudata"
6	"Stem 75--150 cm, +- 1 cm wide at base; staminate spikelets 2--7, terminal generally > 5 cm; peri red-spotted, generally more densely so toward base; creekbanks, wet meadows, swamps"	"Carex schottii"
7	"Lower spikelets 4--6 mm wide; peri stalks 0.4--0.7 mm; lower spikelets crowded, overlapping; peri = pistillate flower bracts; NCo, < 20 m"	"Carex lenticularis var. limnophila"
7	"Lower spikelets generally 3--4 mm wide; peri stalks 0.1--0.5 mm; lower spikelets generally more separated; peri > pistillate flower bracts; CCo, SnFrB or montane, < 3000 m"	8
8	"Upper 1/2 of peri purple-dotted, abaxially 1--3-veined, beak generally purple; peri stalks 0.1--0.2 mm"	"Carex lenticularis var. impressa"
8	"Upper 1/2 of peri generally green, abaxially generally 5--7-veined, beak generally green, tip purple; peri stalks 0.2--0.5 mm"	"Carex lenticularis var. lipocarpa"
9	"Leaf sheath fronts generally fibrous; lower sheaths generally scabrous"	10
9	"Leaf sheath fronts not fibrous (generally fibrous in <i>Carex barbarae</i>); lower sheaths generally not scabrous"	13
10	"Peri +- soft, thin"	11
10	"Peri +- tough, thick"	12
11	"Bladeless sheaths present on lower stem; peri 2.2--3.1 mm, 1.2--2 mm wide, weakly 1--3-veined adaxially on lower 1/2"	"Carex angustata"
11	"Bladeless sheaths 0 on lower stem; peri 3--4 mm, 2--2.2 mm wide, strongly 3--7-veined abaxially, adaxially"	"Carex senta"
12	"Peri generally red-spotted, faintly veined, dull, beak teeth bristly; pistillate flower bract awns bristly; fruit 0 or lenticular, not indented"	"Carex barbarae"
12	"Peri generally not red-spotted, not veined, shiny, beak teeth 0 or minute, not bristly; pistillate flower bract awns generally entire; fruit generally indented on 1--2 sides, like a bent beer can"	"Carex obnupta"
13	"Spikelets drooping or nodding (generally erect when immature)"	14
13	"Spikelets generally erect or ascending"	15
14	"Longest spikelets 1.8--5 cm; fruit often indented on 1--2 sides, like a bent beer can; coastal salt marshes, freshwater intertidal zones"	"Carex lyngbyei"
14	"Longest spikelets 4.55--11.5 cm; fruit not indented; coastal or inland, freshwater"	"Carex aquatilis var. dives"
15	"Mature peri faces veined, walls tough or thick"	16
15	"Mature peri faces not veined, walls delicate or thin"	17
16	"Leaves green, generally not glaucous, sheath front red-dotted, generally dark copper or purple near tip, lower generally fibrous"	"Carex barbarae"
16	"Leaves generally blue-green, +- glaucous, sheath fronts generally white, occasionally sparse-red-dotted or +- coppery, lower not fibrous"	"Carex nebrascensis"
17	"Leaf sheaths red-dotted or white; inflorescence bract generally > inflorescence; flower stem base spongy-thickened"	"Carex aquatilis var. aquatilis"
17	"Leaf sheaths brown- or purple-dotted; inflorescence bract < inflorescence; flower stem base thin, not spongy-thickened"	"Carex scopulorum var. bracteosa"
