from	statement	to
1	"Corolla inconspicuous, 2.5--8 mm, +- included in bracts, calyces; fertile stamens 2, lower pair only, < 2 mm, upper pair of stamens sterile and vestigial or 0"	2
1	"Corolla conspicuous, 9--20 mm, exserted from bracts, calyces; fertile stamens 4, upper and lower pairs, lower pair > 3.5 mm"	4
2	"Inflorescence elongate, spike-like, generally +- from plant base"	"Pogogyne floribunda"
2	"Inflorescence generally short, head-like, +- from plant top"	3
3	"Plant inconspicuous; stem slender, +- 0.5 mm diam, generally prostrate to decumbent; fruit 1--1.3 mm; grassy areas"	"Pogogyne serpylloides"
3	"Plant conspicuous; stem stout, +- 1 mm diam, generally ascending to erect; fruit 1.5--2.5 mm; vernal pools, swales, drainages"	"Pogogyne zizyphoroides"
4	"Inflorescence 1--3 cm wide; lower calyx lobes > 1.5 × upper; vernal pools, swales, n of Point Conception (Santa Barbara Co.)"	"Pogogyne douglasii"
4	"Inflorescence <= 2 cm wide; lower calyx lobes < 1.5 × upper; coastal mesas, terraces (San Diego Co.), creek beds (Monterey Co.)"	5
5	"Inflorescence generally < 10 mm wide; calyx lobe tip extension 0 or short; bract tips generally obtuse to rounded; creek beds, swales (Monterey Co.)"	"Pogogyne clareana"
5	"Inflorescence 8--20 mm wide; calyx lobe tip extension elongate, pointed; bract tips narrowly acute to acuminate; vernal pools (San Diego Co.)"	6
6	"Calyx outer surface with dense, generally curved hairs; inflorescence 8--10 mm wide"	"Pogogyne abramsii"
6	"Calyx outer surface glabrous or hairs sparse, generally straight; inflorescence 10--20 mm wide --- Otay Mesa"	"Pogogyne nudiuscula"
