from	statement	to
1	"Inflorescence branches in 2--4 separate whorls, spreading"	"Chloris verticillata"
1	"Inflorescence branches digitate, branches 4--30, +- erect"	2
2	Annual	"Chloris virgata"
2	"Perennial herb, generally from stolons"	3
3	"Leaf blades 25--50 cm, 3--9 mm wide; upper florets generally (1)2--4, sterile or staminate; spikelets light brown to brown-orange"	"Chloris gayana"
3	"Leaf blades 5--20 cm, 2--3 mm wide; upper florets 1(2), staminate; spikelets dark brown to black"	"Chloris truncata"
