from	statement	to
1	"Perennial herb or subshrub; stem generally branched only in proximal 1/2; peduncle 8–25 cm"	"Xylorhiza tortifolia var. tortifolia"
1	"Shrub; stem generally branched throughout; peduncle 0–11 cm"	2
2	"Younger stems and peduncles short-glandular; phyllaries loosely appressed, outermost glandular, innermost < immediately preceding series"	"Xylorhiza cognata"
2	"Younger stems and peduncles generally glabrous (rarely puberulent proximal to heads); phyllaries tightly appressed, ± glabrous; innermost >= immediately preceding series"	"Xylorhiza orcuttii"
