from	statement	to
1	"Inflorescence generally short, generally +- ovate, dense, +- head-like"	"Carex pachycarpa"
1	"Inflorescence elliptic to oblong, dense or not, not head-like"	2
2	"Peri wings generally 0.1--0.25 mm wide at mid-body; contraligule generally 5--13 mm; inflorescence often +-white or green (pale brown); peri abruptly narrowed to distinct beak"	"Carex fracta"
2	"Peri wings generally 0.3--0.5 mm wide at mid-body; contraligule generally 1--5 mm; inflorescence green or light- to rusty-brown; peri abruptly or gradually narrowed to beak"	3
3	"Peri adaxial veins generally 1--6, 0 exceeding fruit; peri ovate to narrow-ovate, 3.7--5.5 mm, walls translucent to opaque"	"Carex multicostata"
3	"Peri adaxial veins generally 6--10, >= 3 exceeding fruit; peri generally lanceolate, 4.9--6.6 mm, walls generally translucent"	"Carex specifica"
