from	statement	to
1	"Stem, leaf margin, pedicel glandular-hairy; filaments << anthers; ovary chambers 1; fruit generally 2-seeded"	"Prosartes parvifolia"
1	"Stem, leaf margin, pedicel hairy or not, nonglandular; filaments > anthers; ovary chambers 3; fruit generally > 3-seeded"	2
2	"Leaf margin hairs many, short, sharp, ascending, blade abaxially minute-scabrous, especially on veins; perianth parts +- spreading at middle; anthers generally exserted"	"Prosartes hookeri"
2	"Leaf margin hairs 0 or long, spreading, generally falling in age, blade abaxially glabrous or sparsely hairy; perianth parts spreading at tip; anthers included"	"Prosartes smithii"
