from	statement	to
1	Annual	2
1	"Perennial herb"	11
2	"Banner generally 2.5--3.3 mm; flowers early dense, ascending, then spaced, reflexed; fruit reflexed, 2.8--4.2 mm, width > depth --- fruits overlapped, ovate or +- round in top view"	"Astragalus gambelianus"
2	"Banner generally > 3 mm; flowers remaining dense, erect if banner +- 3 mm, otherwise erect, spreading, or reflexed; fruit erect to pendent, generally > 4 mm, if not then width +- = to or << depth"	3
3	"Flower, fruit generally strongly ascending or spreading, in dense, oblong or +- spheric, head-like racemes; fruit 2--4 or >> 4 mm, 1--2-chambered, not or 2-lobed in ×-section"	4
3	"Flower, fruit often ascending early, then spreading or reflexed, often in loose racemes; fruit > 4 mm, generally unlobed in ×-section, 1--2-chambered"	5
4	"Corolla white-lavender to purple; fruit 2--4 mm, 2-chambered, 2-lobed in ×-section"	"Astragalus didymocarpus"
4	"Corolla generally white; fruit >> 4 m, 1-chambered, generally unlobed in ×-section"	"Astragalus hornii var. hornii"
5	"Inflorescence 10--40-flowered; fruit inflated, papery, 1-chambered, 4--17 mm wide, sides generally strongly convex"	"Astragalus palmeri"
5	"Inflorescence 2--14-flowered; fruit not inflated, +- 2-chambered, <= 4 mm wide, sides parallel or +- convex"	6
6	"Plant silvery-canescent; local, Cushenbury Canyon (ne SnBr, adjacent DMoj)"	"Astragalus albens"
6	"Plant +- green, +- hairy; widespread, not Cushenbury Canyon"	7
7	"Fruit body 5--10 mm, tapered to spine-like or hooked beak +- = body; ovules 2--6; fruit in head- or umbel-like racemes"	"Astragalus breweri"
7	"Fruit body > 10 mm or beak < 1/4 body; ovules 5--20; fruit in head- or umbel-like racemes or not"	8
8	"Keel > wings; fruit base stalk-like, receptacle with peg-like extension (evident after fruit drop)"	"Astragalus claranus"
8	"Keel << wings; fruit base +- stalk-like or not, receptacle without peg-like extension"	9
9	"Inflorescence 2--7-flowered, open, axis in fruit 7--20 mm; fruit +- purple or +- purple-mottled"	"Astragalus pauperculus"
9	"Inflorescence 2--12-flowered, +- dense, axis in fruit 1--8 mm; fruit pale yellow or black"	10
10	"Fruit on erect peduncle; seeds pitted; NCoR"	"Astragalus rattanii"
10	"Fruit on spreading or reflexed peduncle; seeds smooth; GV, CCo, SnFrB, SCo"	"Astragalus tener"
11	"Hairs branched; corolla cream or green-white (tinged dull purple); fruit erect; n GB, adjacent CA-FP"	"Astragalus canadensis var. brevidens"
11	"Hairs simple; corolla often pink-purple, white, or yellow; fruit erect to reflexed; generally not n GB, adjacent CA-FP"	12
12	"Calyx 10--12 mm, base with pouch adaxially; flowers reflexed --- petals dull yellow; fruit hanging from stalk-like base; n SNH"	"Astragalus gibbsii"
12	"Calyx generally < 10 mm, base generally without pouch; flowers ascending or spreading if calyx > 10 mm"	13
13	"Terminal leaflet not or +- jointed to midrib, joint unlike that of lateral leaflets; lateral leaflets often reduced or 0, spaces between generally >> 1.5 × leaflet width; leaves few, sparse"	14
13	"Terminal leaflet jointed to midrib, joint like that of lateral leaflets; lateral leaflets present, spaces between rarely > 1.5 × leaflet width; leaves generally many, not sparse"	15
14	"Calyx 8--10 mm; corolla +- white; fruit +- 4-sided"	"Astragalus bicristatus"
14	"Calyx 4--5 mm; corolla red-pink and yellow; fruit 2-sided"	"Astragalus inversus"
15	"Plant tufted or matted; stem < 15 cm (generally much shorter), from crown at surface; flowers strongly ascending, plant hairs dense"	16
15	"Plant generally open; stem generally > 15 cm, generally from crown at or below surface; flowers in age spreading or reflexed, plant hairs sparse, or both, if plant tufted or matted"	20
16	"Banner, wings hairy on outside; fruit 5--7 mm, +- included in calyx"	"Astragalus austiniae"
16	"Banner, wings glabrous on outside; fruit >= 7 mm, well exserted from calyx"	17
17	"Calyx 4--6 mm; fruit 3-sided in ×-section, generally < 4 mm wide; hairs of stem, leaf sparse, +- straight, generally < 0.5 mm"	"Astragalus obscurus"
17	"Calyx 6--14 mm; fruit +- round or 2-lobed in ×-section, generally > 4 mm wide; hairs of stem, leaf dense, curly, often > 0.5 mm"	18
18	"Fruit hairs generally > 1.5 mm, hiding surface"	"Astragalus purshii"
18	"Fruit hairs generally <<, rarely > 1 mm, hiding surface or not"	19
19	"Petals +- white with some lilac, banner 11--13.3 mm; fruit 8--15 mm; leaflets 7--13"	"Astragalus subvestitus"
19	"Petals pink-purple, banner 16--18.5 mm; fruit 13--25 mm; leaflets 7--19"	"Astragalus leucolobus"
20	"Lower stipules fused around stem into sheath or low and +- inconspicuous"	21
20	"Lower stipules not fused around stem into sheath or sometimes lowest 1--3 pairs fused into a sheath around stem but ruptured early and seemingly not fused"	42
21	"Leaflets of at least some leaves > 22; petals +- white or cream"	22
21	"Leaflets generally < 22; petals white, pale yellow, cream, +- pink, or +- purple"	29
22	"Banner 7--10 mm; fruit 6--11 mm, beak long, hooked"	"Astragalus pycnostachyus"
22	"Banner 10--19 mm; fruit often > 11 mm, beak not long, not hooked"	23
23	"Plant gray-white-woolly; stipules finely tomentose; ChI"	"Astragalus miguelensis"
23	"Plant +- green even if hairy; stipules generally glabrous or sparsely hairy or densely strigose; ChI or mainland"	24
24	"Fruit base not stalk-like; stems not more densely hairy than leaves; generally coastal"	"Astragalus nuttallii"
24	"Fruit base stalk-like; stems more densely hairy than leaves or not; often non-coastal"	25
25	"Flowers early spreading, then reflexed; stalk-like fruit base 5--40 mm, +- strigose"	26
25	"Flowers early ascending or spreading, then often reflexed; stalk-like fruit base 2--12 mm, glabrous, strigose, or shaggy"	27
26	"Stalk-like fruit base 14--40 mm"	"Astragalus asymmetricus"
26	"Stalk-like fruit base 5--17 mm"	"Astragalus trichopodus"
27	"Stalk of ovary with hairs minute, dense, +- wavy, +- ascending; lower stipules densely shaggy or not; keel >= 13 mm"	"Astragalus oxyphysus"
27	"Stalk of ovary glabrous or sparsely strigose; lower stipules +- glabrous or sparsely shaggy; keel < 13 mm"	28
28	"Stalk-like fruit base 5--12 mm, jointed at base; fruit +- 2-lobed in ×-section, 2-chambered; CaRH, SNH"	"Astragalus bolanderi"
28	"Stalk-like fruit base 2--6 mm, jointed at top; fruit +- round in ×-section, 1-chambered; s CCo, w SCoR, n ChI"	"Astragalus curtipes"
29	"Stalk-like fruit base >= 2 mm"	30
29	"Stalk-like fruit base 0 or < 2 mm"	34
30	"Fruit +- narrowly oblong in side view, compressed side-to-side, hairy"	31
30	"Fruit widely oblong, ovate, or +- round in side view, swollen, often glabrous"	32
31	"Calyx tube 5.2--7 mm, hairs +- spreading; fruit body 27--43 mm"	"Astragalus californicus"
31	"Calyx tube 3--3.5 mm, hairs +- appressed; fruit body 17--30 mm"	"Astragalus filipes"
32	"Fruit bladdery, thinly papery"	"Astragalus whitneyi"
32	"Fruit swollen, often +- inflated, but not bladdery, not thinly papery"	33
33	"Fruit body stiffly leathery or +- woody when dry, +- pendent on a downcurved stalk-like base, 1-chambered"	"Astragalus bicristatus"
33	"Fruit body stiff-papery when dry, erect or +- spreading --- at angle on ascending to +- reflexed stalk-like base, 2-chambered"	"Astragalus bolanderi"
34	"Calyx 8--13 mm; banner 14--19 mm"	35
34	"Calyx generally < 9 mm; banner generally 5--12(14) mm, except in <i>Astragalus cicer</i>"	36
35	"Flowers spreading, 10--30 per inflorescence"	"Astragalus sepultipes"
35	"Flowers ascending to +- spreading, 6--14 per inflorescence"	"Astragalus webberi"
36	"Stem 1--10 cm, from crown below surface; fruit swollen but not bladdery, walls stiff-papery or leathery"	37
36	"Stem > 10 cm, generally from crown at surface (1--35 cm if from crown below surface); fruit bladdery, walls thinly papery, or fruit swollen, walls stiff-papery or leathery"	38
37	"Inflorescence 7--17-flowered; peduncle +- stout, hairs spreading; s SNH, n Teh, 1750--1900 m"	"Astragalus ertterae"
37	"Inflorescence 2--8-flowered; peduncle +- thread-like, hairs appressed; s SNH, 3400--3450 m"	"Astragalus ravenii"
38	"Fruit 1-chambered; crown below surface (except <i>Astragalus pulsiferae var. coronensis</i>)"	39
38	"Fruit 2-chambered; crown generally at surface"	40
39	"Stem +- prostrate; fruit bladdery, not 3-sided proximally, blunt at both ends, 10--20 mm"	"Astragalus pulsiferae"
39	"Stem decumbent to ascending; fruit narrow, +- 3-sided proximally, tapered at both ends, 13--31 mm"	"Astragalus shevockii"
40	"Fruit ascending or spreading, widely ovate or +- spheric, inflated"	"Astragalus cicer"
40	"Fruit spreading, bent or curved downward, or pendent, +- lenticular, oblong, or linear-oblong to narrowly lanceolate, inflated or not"	41
41	"Inflorescence 12--26-flowered; fruit 10--18 mm"	"Astragalus andersonii"
41	"Inflorescence 5--10-flowered; fruit 5--9 mm"	"Astragalus lentiformis"
42	"Stalk-like fruit base > 3 mm; corolla white to yellow"	43
42	"Stalk-like fruit base 0 or < 3 mm; corolla white or cream to yellow, +- pink, or +- purple, tinged red-brown or not"	49
43	"Plant of islands (San Nicolas, Santa Barbara, San Clemente islands), fruit +- 2-chambered, not bladdery --- lower side of fruit grooved; leaves soft-hairy"	44
43	"Plant of mainland, if of islands then fruit 1-chambered, bladdery"	45
44	"Banner 10.6--12.7 mm; ovary, fruit glabrous"	"Astragalus nevinii"
44	"Banner 14.2--17.5 mm; ovary, fruit hairy"	"Astragalus traskiae"
45	"Fls, fruits strongly ascending; leaflets linear or linear-oblong, adaxially silvery-strigose, abaxially less densely strigose, +- green or +- gray; leaves few, sparse --- plant bushy, stems wiry"	"Astragalus pachypus"
45	"Fls, fruits spreading to reflexed; leaflets linear to widely obovate, both sides +- green or +- gray-strigose; leaves many, not sparse"	46
46	"Inflorescence 7--15-flowered; fruit fleshy; KR, CaRF"	"Astragalus accidens var. hendersonii"
46	"Inflorescence generally 10--65-flowered; fruit papery; not KR, CaRF"	47
47	"Stalk-like fruit base spreading-, wavy-hairy"	"Astragalus oxyphysus"
47	"Stalk-like fruit base strigose or +- glabrous"	48
48	"Leaflets generally 9--19; fruit compressed side-to-side"	"Astragalus filipes"
48	"Leaflets 15--39; fruit compressed side-to-side to swollen, bladdery"	"Astragalus trichopodus"
49	"Leaflets 5--9; plant silvery; Cushenbury Canyon (ne SnBr, adjacent DMoj)"	"Astragalus albens"
49	"Leaflets generally > 9; plants often green; Cushenbury Canyon, elsewhere"	50
50	"Fruit 4--7 mm, generally 2-chambered; calyx 3--4 mm; banner 4--7 mm"	51
50	"Fruit 6.5--60 mm, 2- or often 1-chambered; calyx 4--13 mm; banner generally > 7 mm"	52
51	"Stem 3--10 dm; flowers reflexed, 20--100 per inflorescence"	"Astragalus clevelandii"
51	"Stem 1--4(5) dm; flowers ascending, 2--13 per inflorescence"	"Astragalus lemmonii"
52	"Fruit bladdery, walls generally thinly papery"	53
52	"Fruit narrow or swollen, +- bladdery or inflated, walls stiff-papery, leathery, or woody"	58
53	"Middle of fruit 2-chambered, beak compressed side-to-side, triangular in side view, 1-chambered; banner recurved 30--50°"	"Astragalus lentiginosus"
53	"Middle of fruit 1-chambered, beak often not or +- compressed side-to-side, not triangular in side view, 2-chambered or not; banner recurved 40--90°, often > 60°"	54
54	"Fls, fruits crowded in head-like clusters 2.5--3.5 cm wide; fruit 12--18 mm, ascending, hairs +- spreading"	"Astragalus hornii var. hornii"
54	"Fls, fruits, if crowded, in clusters > 3.5 cm wide; fruit generally > 18 mm, often spreading, hairs ascending or +- appressed or 0 in age"	55
55	"Banner generally > 11 mm, recurved +- 40--45°; leaflets often > 25 (see also <i>Astragalus macrodon</i>, at 57.)"	56
55	"Banner generally < 11 mm, recurved 60--90°; leaflets generally < 25 (see also <i>Astragalus deanei</i>, at 56.)"	57
56	"Leaflets 19--29, not clearly smaller from leaf base to tip; leaflet midrib prominently raised abaxially; ovules 29--40; 250--300 m; PR (sw San Diego Co.)"	"Astragalus deanei"
56	"Leaflets 25--41, clearly, gradually smaller from leaf base to tip; leaflet midrib not prominently raised abaxially; ovules 34--55; 50--700 m; s SCoRO, SCo, PR, nw Baja California"	"Astragalus pomonensis"
57	"Leaf, fruit minutely strigose or in age glabrous; leaflet margin, midrib green; calyx lobes 0.7--2.6 mm; ovules 51--71; s SN, Teh, GV, CW, SW"	"Astragalus douglasii"
57	"Leaf, fruit hairs +- sparse to dense, +- ascending or spreading to +- incurved; leaflet margin, midrib generally purple; calyx lobes 2.5--4.3 mm; ovules 29--52; c&s SCoR"	"Astragalus macrodon"
58	"Stem 3.5--10 cm, spreading-hairy, from crown below surface; s SNH, n Teh"	"Astragalus ertterae"
58	"Stem generally > 10 cm, ascending- or appressed-strigose or +- glabrous, generally from crown at surface; s SNH, n Teh, elsewhere"	59
59	"Stem erect to widely ascending, 60--150 cm; sw SW"	60
59	"Stem decumbent to erect, 30--90 cm; widespread, including sw SW"	61
60	"Flower reflexed; corolla dull lilac; fruit reflexed, deciduous, < 10 mm, densely wavy-hairy"	"Astragalus brauntonii"
60	"Flower widely ascending; corolla cream; fruit erect, persistent, 15--25 mm, +- glabrous"	"Astragalus oocarpus"
61	"Fruit 1-chambered, thickly papery, +- strongly inflated; flowers spreading; corolla often pink-purple (or cream); w edge DSon, adjacent foothills of SnBr, PR"	"Astragalus palmeri"
61	"Fruit +- 2-chambered, at least in middle, thinly papery to stiffly leathery or woody, linear to swollen or +- bladdery-inflated; flowers ascending to reflexed; corolla white, cream or pink-purple; widespread (including places at 61.)"	62
62	"Beak of fruit triangular in side view, compressed strongly side-to-side, 1-chambered; fruit > 5 mm wide, swollen, both sutures +- sunken; corolla +- purple or +- white"	"Astragalus lentiginosus"
62	"Beak of fruit acuminate to +- triangular in side view, generally not compressed strongly, generally 2-chambered; fruit generally < 5 mm wide, +- 3-sided, lower suture generally sunken, upper raised; corolla pale to dark lilac, pink- or green-white, or +- white"	63
63	"Fruit, ovary glabrous"	64
63	"Fruit, ovary hairy"	66
64	"Plant +- glabrous; fruit body 14--24 mm, spreading or reflexed; KR, NCoRO"	"Astragalus umbraticus"
64	"Plant minutely strigose, especially above; fruit body 20--42 mm, ascending; SnBr, DMtns"	65
65	"Leaflets 7--19; banner 7--10.2 mm; calyx tube 2.7--4.1 mm"	"Astragalus bernardinus"
65	"Leaflets 17--27; banner 12.6--15.7 mm; calyx tube 4.1--5 mm"	"Astragalus tricarinatus"
66	"Flowers generally 3--14 per inflorescence, ascending; fruit erect; stem 5--15 cm; se KR, CaR (also MP)"	"Astragalus obscurus"
66	"Flowers generally (8)10--40 per inflorescence, spreading or reflexed; fruit ascending or reflexed; stem > 15 cm; SNE, SNF, NCoRO"	67
67	"Plant +- glabrous, especially at base, +- green; calyx 6.5--9 mm; corolla white; NCoRO"	"Astragalus agnicidus"
67	"Plant hairy, gray to silver; calyx +- 5--13 mm; corolla pink- to lilac-white, wing tips +- white, or +- cream; c&s SNF, e edge SNH, SNE"	68
68	"Herbage silvery-silky, hairs appressed; calyx 8.5--13 mm; corolla pink- to lilac-white, wing tips +- white; e edge SNH, SNE"	"Astragalus sepultipes"
68	"Herbage gray-hairy, hairs +- spreading; calyx 5--8 mm; corolla +- cream; c&s SNF"	"Astragalus congdonii"
