from	statement	to
1	"Annual; remains of previous year's growth not present"	2
1	"Perennial herb; previous year's leaves persistent"	3
2	"Lowest lemma 1.8--2.2 mm; lemma tip obtuse to truncate"	"Puccinellia parishii"
2	"Lowest lemma 2.5--4 mm; lemma tip acute"	"Puccinellia simplex"
3	"Spikelet stalk glabrous to sparsely scabrous"	4
3	"Spikelet stalk uniformly scabrous"	6
4	"Lemma margin near tip entire or sparsely finely scabrous at 10×; anthers of lowest floret 0.5--1.2 mm; coastal habitats, NCo"	"Puccinellia pumila"
4	"Lemma margin near tip scabrous-serrate at 10×; anthers of lowest floret 0.4--2 mm; coastal and inland habitats"	5
5	"Anthers of lowest floret 1.5--2 mm; inland habitats, KR (Shasta Co.)"	"Puccinellia howellii"
5	"Anthers of lowest floret 0.5--1.4 mm; coastal habitats, NCo"	"Puccinellia nutkaensis"
6	"Lowest lemma 1.5--2(2.2) mm; lemma tip obtuse to truncate; lower inflorescence branches spreading to reflexed in fruit; anthers of lowest floret 0.4--0.8 mm"	"Puccinellia distans"
6	"Lowest lemma 2--5 mm; lemma tip acute or acuminate to obtuse; lower inflorescence branches erect to reflexed in fruit; anthers of lowest floret 0.5--2 mm"	7
7	"Cauline leaf blade inrolled, 1--2 mm wide when flat; lemma tip acute, margin near tip generally entire, sometimes sparsely finely scabrous or scabrous-serrate at 10× anthers of lowest floret 1--2 mm"	"Puccinellia lemmonii"
7	"Cauline leaf blade flat to inrolled, 1--6 mm wide when flat; lemma tip acute to obtuse, margin near tip scabrous-serrate at 10× anthers of lowest floret 0.5--2 mm"	8
8	"Cauline leaf blade 1.5--6 mm when flat; lowest lemma (2.2)3--4.5(5) mm; coastal habitats, NCo"	"Puccinellia nutkaensis"
8	"Cauline leaf blade 1--4 mm when flat; lowest lemma (2)2.2--3(3.5) mm; generally inland habitats, occasionally coastal"	"Puccinellia nuttalliana"
