from	statement	to
1	"Annual; inflorescence 1--5 cm, terminal and axillary at +- most stem nodes; upper glume 2.5--5 mm; lemma leathery, tip beaked"	"Sporobolus vaginiflorus"
1	"Perennial herb; inflorescence 8--80 cm, generally terminal, sometimes axillary at some stem nodes; upper glume 0.5--3 mm; lemma membranous, tip obtuse to acute"	2
2	"Sheath collar with conspicuous hairs to 4 mm; glume back keeled, upper glume midvein +- scabrous at 20×"	3
2	"Sheath collar glabrous or with sparse long hairs to 6 mm; glume back rounded, upper glume midvein +- smooth at 20×"	5
3	"Lower 1° inflorescence branches generally < 2 cm, bearing 2° inflorescence branches and spikelets to near base"	"Sporobolus contractus"
3	"Lower 1° inflorescence branches > 3 cm, bearing 2° inflorescence branches and spikelets along upper 3/4, base naked"	4
4	"2°, 3° inflorescence branches weakly spreading or appressed, +- obscure"	"Sporobolus cryptandrus"
4	"2°, 3° inflorescence branches spreading, evident, entangled"	"Sporobolus flexuosus"
5	"Upper glume length < 0.6 × lemma, tip obtuse, minutely toothed; anthers 0.5--1.1 mm"	"Sporobolus indicus"
5	"Upper glume length > 0.6 × lemma, tip acute, entire; anthers 1.1--1.8 mm"	6
6	"Stem generally 3--10 dm, to +- 3 mm thick at base; 2° inflorescence branches spreading, bearing spikelets distally, base naked, 3° inflorescence branches spreading"	"Sporobolus airoides"
6	"Stem generally 9--25 dm, to +- 9 mm thick at base; 2° inflorescence branches weakly spreading or appressed, bearing spikelets to near base, 3° inflorescence branches appressed"	"Sporobolus wrightii"
