from	statement	to
1	"Perianth white to cream; spur generally >= 1.5 × lip"	"Platanthera dilatata var. leucostachys"
1	"Perianth green to yellow-green; spur << to +- > lip"	2
2	"Column generally 2.5--4 mm, +- 2/3 hood formed by upper sepal, lateral petals; lip linear to lance-linear"	"Platanthera sparsiflora"
2	"Column generally 1.5--2 mm, <= +- 1/2 hood formed by upper sepal, lateral petals; lip wider than lance-linear"	3
3	"Spur generally cylindric, +- curved --- lip lanceolate to oblong or linear-oblong, green-yellow to yellow; leaves clustered near base"	"Platanthera tescamnis"
3	"Spur club- to sac-like"	4
4	"Lip linear to lanceolate, green, red-marked or not; leaves not clustered"	"Platanthera stricta"
4	"Lip generally lance-rhombic, yellow, not red-marked; leaves clustered below"	"Platanthera yosemitensis"
