from	statement	to
1	"Heads solitary."	2
1	"Infloresences of several to many heads."	4
2	"Leaves crowded and overlapping, satiny with tightly appressed hairs, the margins incurved."	"Argyrotegium nitidulum"
2	"Leaves many but not regularly overlapping, softly woolly with loose hairs."	3
3	"Outer involucral bracts loosely woolly; heads always solitary on long peduncles."	"Euchiton traversii"
3	"Outer involucral bracts glabrous; heads often sessile."	"Argyrotegium mackayi"
4	"Heads in globose, terminal clusters or indistinct leafy inflorescences."	5
4	"Heads in distinct elongate often leafy spikes, or a large corymb of spike-like branches."	13
5	"Upper surface of leaves similar to lower surface in colour and indumentum."	6
5	"Upper surface of leaves distinctly darker than lower surface and glabrous or with many fewer hairs than the woolly lower surface."	10
6	"Leaves very fine, linear or narrow-oblong, 1–2 mm wide."	"Gnaphalium indutum"
6	"Leaves oblanceolate to obovate, more than 3 mm wide."	7
7	"Leaves satiny with tightly appressed hairs."	"Argyrotegium fordianum"
7	"Leaves softly woolly with loose hairs."	8
8	"Outer involucral bracts with dense long hairs obscuring the heads; heads in tight terminal globose clusters; confined to arid areas of western N.S.W."	"Gnaphalium diamantinense"
8	"Outer involucral bracts glabrous or woolly only at the base, in no way obscuring the heads; heads in loose groups; grows in alpine or montane areas of eastern N.S.W."	9
9	"Heads on long peduncles with few leaves; mat-forming perennial."	"Argyrotegium mackayi"
9	"Heads sessile on leafy branches; erect or ascending annuals or perennials."	"Argyrotegium poliochlorum"
10	"Involucral bracts acuminate, the tips delicate and deeply lacerate; species of subalpine or montane areas."	"Euchiton umbricola"
10	"Involucral bracts obtuse to broad-acute, firm and leathery; widespread species."	11
11	"Heads subtended by large, leafy bracts, much longer than the diameter of the head; basal rosette soon withering."	12
11	"Heads without visible subtending bracts or with bracts only a little longer than the diameter of the head; basal rosette persistent."	"Euchiton japonicus"
12	"Annuals; heads mostly 1–2 mm diam., with a single bisexual floret per head."	"Euchiton sphaericus"
12	"Stoloniferous perennials; heads 2–4 mm diam., with 3 or more bisexual florets per head."	"Euchiton involucratus"
13	"Leaves densely white woolly on both surfaces."	14
13	"Leaves darker and with fewer hairs (to glabrescent) on the upper surface than the lower surface; large leafy annuals with distinct basal rosettes."	15
14	"Involucral bracts with broad, membranous tips; stems, leaves and inflorescences more or less obscured by loose white woolly hairs; weak decumbent annual."	"Gnaphalium polycaulon"
14	"Involucral bracts firm and leathery to the tip; stems, leaves and inflorescences with tangled but appressed hairs giving a satiny appearance; robust erect or prostrate herb."	"Gamochaeta calviceps"
15	"Heads surrounded by and almost obscured by, long woolly hairs; leaves loosely woolly on lower surface."	"Gamochaeta pensylvanica"
15	"Woolly hairs at the base of the heads limited to the peduncles; leaves with fine, appressed hairs below, or glabrous."	16
16	"Leaves with a prominent paler midvein on the upper surface; inflorescences usually a closed spike."	"Gamochaeta coarctata"
16	"Leaves concolorous on the upper surface; inflorescences slightly loose and spreading, the heads not held together tightly"	"Gamochaeta purpurea"
