from	statement	to
1	"Plants conspicuously pubescent."	"Zornia muriculata"
1	"Plants glabrous to sparsely pubescent."	2
2	"Leaflets mostly 2–7 mm wide; lower and upper leaflets different in shape, the lower usually broader and shorter, the upper more or less lanceolate to linear; lomentum glabrous or sparsely hairy, bristles absent or few."	"Zornia dyctiocarpa"
2	"Leaflets mostly 1–2 mm wide; lower and upper leaflets more or less similar in shape; lomentum with numerous bristles, shortly hairy"	"Zornia floribunda"
