from	statement	to
1	"Awns 3.5–6 cm long; lemmas more than 2 cm long."	"Bromus diandrus"
1	"Awns, if present, to 3.5 cm long; lemmas not usually more than 2 cm long."	2
2	"Lemmas strongly compressed and keeled, often unawned."	3
2	"Lemmas only slightly compressed if at all, rounded on the back, keel not as prominent; lemmas usually awned."	4
3	"Panicle compact with spikelets borne on short, erect branches; spikelets and leaves often dull, blue-green; common on sheep camps."	"Bromus brevis"
3	"Panicle more open with spikelets borne on long, often drooping branches; spikelets and leaves bright green; found in disturbed areas but not usually sheep camps. (Bromus stamineus also keys out here.)."	"Bromus catharticus"
4	"Plants rhizomatous; leaves glabrous; lemmas awnless or with short awns, 1–3 mm long."	"Bromus inermis"
4	"Plants without rhizomes, leaves usually hairy; lemmas with awns more than 4 mm long."	5
5	"Lower glume 1-nerved; spikelets wedge-shaped due to spreading of upper lemmas at maturity."	6
5	"Lower glumes 3–5-nerved; spikelets usually lanceolate in outline as upper lemmas not usually divaricate."	9
6	"Panicle open with spreading, often drooping branches; spikelets nodding, not usually purplish."	7
6	"Panicle dense and brush-like to moderately open but branches stiffly erect; spikelets often purplish."	8
7	"Spikelets (including awns) usually 4–6 cm long; lower branches of panicle with only 1 or 2 spikelets (panicle sometimes reduced to a raceme); annual or biennial."	"Bromus sterilis"
7	"Spikelets (with awns) usually less than 4 cm long; lower branches of panicle with 4 or more spikelets; annual."	"Bromus tectorum"
8	"Peduncle pubescent; panicle dense and much contracted."	"Bromus rubens"
8	"Peduncle glabrous; panicle less dense with divaricate but always erect branches."	"Bromus madritensis"
9	"Panicle compact with spikelets erect on only slightly spreading branches."	10
9	"Panicle open with spreading branches (panicle sometimes erect when first emerged but branches spread later), spikelets often drooping."	13
10	"Awn arising from c. 75% of way from lemma base to apex, twisted (often geniculate) and bent away from the spikelet; panicle dense, ovoid. (Bromus squarrosus also keys out here.)."	"Bromus alopecuros"
10	"Awn usually subterminal, arising from top 25% of lemma (if arising 75% of way from lemma base then panicle open), straight, usually not twisted but may curve away from spikelets; panicle less dense than Bromus alopecuros."	11
11	"Lemmas glabrous or with short hairs less than 0.5 mm long; spikelets and panicle often narrow."	"Bromus racemosus"
11	"Lemmas hairy with hairs more than 1 mm long; spikelets and panicle broader than Bromus racemosus."	12
12	"Spikelets turgid, the lemmas broad, 8–11 mm long, often tapering abruptly to the tip, awn usually straight."	"Bromus hordeaceus"
12	"Spikelets more compressed with narrower elliptic lemmas 7–8 mm long, awns often curving outwards. (Bromus coloratus & B. hankianus also key out here.)."	"Bromus molliformis"
13	"Spikelets not usually exceeding 2.5 cm (including awns); lemmas 6–9 mm long, awns to 8 mm long, straight; pedicles not curved."	"Bromus secalinus"
13	"Spikelets 2–4.6 cm long including awns; lemmas 10–15 mm long (sometimes spreading at maturity), awns more than 8 mm long, straight or bending away from the spikelet; pedicles slender and curved. (Bromus japonicus also keys out here.)"	"Bromus arenarius"
