from	statement	to
1	"Plants erect."	2
1	"Plants low-growing, to 15 cm high, usually prostrate."	9
2	"Seeds with pale cellular rim."	"Epilobium gunnianum"
2	"Seeds without pale cellular rim."	3
3	"Stems softly hairy with spreading hairs."	4
3	"Stems with short crisped hairs."	5
4	"Leaves usually >10 mm wide, margins serrulate with 15 or more teeth each side; petals 9–20 mm long."	"Epilobium hirsutum"
4	"Leaves to 8 mm wide, margins coarsely toothed with up to 12 teeth each side; petals 3–8 mm long."	"Epilobium hirtigerum"
5	"Inner surface of hypanthium glabrous; fruiting pedicel 15–50 mm long."	"Epilobium sarmentaceum"
5	"Inner surface of hypanthium with ring of hairs; fruiting pedicel, less than 30 mm long."	6
6	"Petals 3–5 mm long; papillae on seed surface in longitudinal lines."	"Epilobium ciliatum"
6	"Petals 3–14 mm long; papillae on seed surface not in lines."	7
7	"Glandular hairs present in the flowering region; leaves almost glabrous to hirsute, linear or lanceolate to narrow-ovate."	"Epilobium billardierianum"
7	"Glandular hairs absent from flowering region; leaves glabrous except for a few crisped hairs on margins and veins, narrow-lanceolate to ovate."	8
8	"Leaves narrow-lanceolate to lanceolate, with up to 25 small well-spaced teeth on each side; inflorescences nodding."	"Epilobium pallidiflorum"
8	"Leaves narrow-ovate to ovate, with up to 40 small regular teeth on each side; inflorescences erect."	"Epilobium billardierianum"
9	"Seeds with pale cellular rim, not comose."	"Epilobium curtisiae"
9	"Seeds without pale cellular rim, comose"	"Epilobium tasmanicum"
