from	statement	to
1	"Inflorescence a single cymule of usually 3 flowers; peduncle erect, c. 2 mm long; leaves cuneate to spathulate, less than 30 mm long and less than 10 mm wide; indumentum white, appearing grey-green with age."	"Notothixos incanus"
1	"Inflorescence of 3 or more cymules on a common axis; cymules with usually 7–9 flowers; leaves narrow-ovate to elliptic, mostly more than 30 mm long and more than 10 mm wide; indumentum golden (rarely greyish or silvery), or white or tawny."	2
2	"Inflorescences determinate, of 1 terminal or 2 lateral fan-like cymules; bracts 0.5–0.8 mm long."	"Notothixos subaureus"
2	"Inflorescences indeterminate, of 4–12 decussate pairs of cymules in racemose arrangement; axis usually 25–60 mm long; bracts 1–1.5 mm long"	"Notothixos cornifolius"
