from	statement	to
1	"Plant glabrous."	"Heliotropium curassavicum"
1	"Plant hairy."	2
2	"Corolla throat glabrous."	3
2	"Corolla throat hairy."	5
3	"Sepals fused for much of their length."	"Heliotropium supinum"
3	"Sepals free for much of their length."	4
4	"Leaves with margins undulate and revolute; style longer than the stigma."	"Heliotropium asperrimum"
4	"Leaves with margins not both undulate and revolute; style shorter than the stigma."	"Heliotropium europaeum"
5	"Leaves linear; mericarps 4; flowers white."	6
5	"Leaves elliptic or lanceolate; mericarps 2; flowers purple."	"Heliotropium amplexicaule"
6	"Hairs on lower surface of leaves spreading to ascending."	"Heliotropium brachygyne"
6	"Hairs on lower surface of leaves appressed"	"Heliotropium sp. a sensu harden (1992)"
