from	statement	to
1	"Fronds 1-pinnate, sometimes the lowermost pinnae further divided; fronds often somewhat dimorphic."	2
1	"Fronds 2–3-pinnate, sometimes 1-pinnate in the upper half of the frond; fronds not markedly dimorphic."	5
2	"Pinnae fan-shaped or rhombic; veins free."	3
2	"Pinnae lanceolate to ± ovate; veins loosely anastomosing."	"Lindsaea fraseri"
3	"Stipe and rachis red-brown to black."	"Lindsaea linearis"
3	"Stipe and rachis straw-coloured."	4
4	"Fertile pinnae and median sterile pinnae attached asymmetrically."	"Lindsaea brachypoda"
4	"Pinnae fan-shaped."	"Lindsaea dimorpha"
5	"Lamina of fronds linear, <1.5 cm wide."	"Lindsaea incisa"
5	"Lamina of fronds oblong or triangular-oblong, 2–6 cm wide."	6
6	"Stipe straw-coloured, except at the very base; lamina yellowish green, 3-pinnatifid."	"Lindsaea microphylla"
6	"Stipe reddish brown; lamina dark green, 2-pinnate at least at base, upper pinna pinnatifid"	"Lindsaea trichomanoides"
