from	statement	to
1	"Leaves 0.3–1.5 cm long, 1–2 mm wide, ± narrowly oblong-cuneate, apex truncate to retuse or obcordate, often appearing apically lobed."	2
1	"Leaves 1–3 cm long, 2–5 mm wide, narrow-oblong to narrowly oblong-cuneate, apex truncate and slightly retuse, apex not appearing lobed."	4
2	"Leaves with midvein strongly impressed above."	3
2	"Leaves without midvein impressed on upper surface. Leaves narrowly oblong-cuneate, c. 0.5 cm long, 1–2 mm wide, apex truncate and retuse, margins revolute, upper surface smooth, sparsely glandular-warty. Pedicels 2–4 mm long. Calyx shortly hemispherical, with rusty scales, teeth broad-triangular, very obtuse, c. 0.8 mm long, 1.5 mm wide, margin with broad, triangular lobes. Petals broad-elliptic, c. 3 mm long."	"Phebalium glandulosum subsp. eglandulosum"
3	"Leaves narrowly oblong-cuneate, c. 2 mm wide at apex; calyx obturbinate to deeply hemispherical. Leaves narrowly oblong-cuneate, 0.3–1.5 cm long, 1–2.5 mm wide, apex truncate to retuse or obcordate, margins recurved to revolute; upper surface prominently glandular-warty, stellate when young. Pedicels 2–3 mm long. Calyx 0.8–1.5 mm long, 2–2.5 mm wide, margin undulate or with prominent triangular acuminate teeth. Petals to 3 mm long, broad-elliptic."	"Phebalium glandulosum subsp. glandulosum"
3	"Leaves linear-cuneate, c. 1 mm wide at apex; calyx shortly hemispherical. Leaves linear-cuneate, 0.5–0.8 cm long, 0.5–1 mm wide, apex truncate and retuse, margins slightly recurved, upper surface prominently glandular-warty. Pedicels 4–5 mm long. Calyx c. 1 mm long, 2 mm wide, margin undulate. Petals 1–2 mm long, elliptic."	"Phebalium glandulosum subsp. angustifolium"
4	"Leaves with upper surface dull and midvein sharply depressed; confined to the Bourke district (NWP). Leaves 1–3 cm long, c. 3 mm wide."	"Phebalium glandulosum subsp. glandulosum"
4	"Leaves with upper surface glossy and midvein only slightly depressed; restricted to the Warrumbungle N.P. (NWS). Leaves narrow-oblong to narrowly oblong-elliptic, 1–3 cm long, 2–4 mm wide, margins crenate and glandular-warty, apex truncate and slightly retuse; upper surface convex with shallow depression over midrib, glossy, smooth or sparsely glandular-warty; lower surface smooth apart from the sparsely warty midrib, fawn-scaly. Pedicels 5–7 mm long. Calyx c. 2 mm long, margin with prominent triangular lobes. Petals 3–4 mm long, broad-elliptic."	"Phebalium glandulosum subsp. nitidum"
