from	statement	to
1	"Leaves with blade 5–8 mm wide; tall perennial with thick woody rhizome."	"Scleria levis"
1	"Leaves with blade less than 4 mm wide; slender tufted annuals or perennials with very short, slender rhizome."	2
2	"Disk thickish, rather collar-like, lobes without mucro."	3
2	"Disk shallow, triangular, with mucro at each corner."	"Scleria tricuspidata"
3	"Leaves with blade 2–4 mm wide; stamen 1; anther 0.5–0.7 mm long; disk minutely papillose; annual."	"Scleria rugosa"
3	"Leaves with blade 1–2 mm wide; stamens 3; anthers 2–2.5 mm long; disk not papillose; perennial"	"Scleria mackaviensis"
