from	statement	to
1	"Leaves in whorls of 7 or more."	2
1	"Leaves mainly in whorls of 4,and sometimes up to 6."	5
2	"Cymes usually of 10 flowers or more, corolla yellowish and somewhat purplish-red abaxially."	"Galium divaricatum"
2	"Cymes of usually of 6 or less flowers, corolla white or cream."	3
3	"Annual to 20 cm high; primary peduncle 1–2 mm long, bracts barely developed at the primary node."	"Galium murale"
3	"Annual to 1 m high; primary peduncles 10 mm or more; bracts various ie. not developed, or 1 or more at the primary node."	4
4	"Primary peduncle 10–70 mm long, bracts present at all nodes, usually in whorls of 2–6 at primary node; annual to 1 m high."	"Galium aparine"
4	"Primary peduncle 10–30 mm long, bracts not developed or one or occasionally 2 bracts at the primary node."	"Galium tricornutum"
5	"Ovary glabrous."	6
5	"Ovary hairy."	12
6	"Indumentum over whole plant sparcely covered with very coarse, plump hairs, often pigmented brown."	"Galium liratum"
6	"Indumentum over whole plant either glabrous or with scabrosites or/and fine hairs."	7
7	"Leaves and stipules of similar length below the inflorescences or throughout the branches."	8
7	"Stipules usually 3/4 or less the length of the leaves throughout the branches."	9
8	"Inflorescence shorter than the whorls, often growing in semi arid and arid areas, often associated with Triodia sp.; fruit smooth."	"Galium microlobum"
8	"Inforescence invariably exceeding the whorls; widespread habitat; fruit smooth but with shoulders"" appearing gelatinous."""	"Galium ciliare"
9	"Bracts generally a lot longer than peduncle; ovary 0.3–0.7 mm long."	"Galium gaudichaudii"
9	"Bracts shorter than peduncle; ovary 0.2–0.5 mm long."	10
10	"Corolla snow-white throughout or tinged with pink; mericarps globose, slightly rugose."	"Galium palustre"
10	"Corolla greenish cream or cream; mericarps not globose, definitely reticulately rugose."	11
11	"Plant sparcely indumented with scabrosites, or less often hairs; cymes 1–6-flowered."	"Galium binifolium"
11	"Plant densely indumented with slender hairs to 0.8 mm long; cymes 3–30-flowered."	"Galium polyanthum"
12	"Fruits and ovaries with pustules or short antrorsely curved spinules."	"Galium leptogonium"
12	"Fruits and ovaries with other hair types or ovaries hairy and fruits smooth."	13
13	"Plants with stout rootstock and multistemmed robust stems; growing at altitude of 600 metres or more; (from the Bungonia Caves area and surrounds on the Southern Tablelands)."	"Galium bungoniensis"
13	"Plants not robust; prostate, sprawling, and delicate; rhizomes present or not."	14
14	"Stem angles broadened; so broad that they obliterate the faces of the stems; (restricted to the Cooleman Caves district in the Southern Tablelands)."	"Galium roddii"
14	"Stem angles only slightly broadened or slender so that the faces of the stems can be seen clearly and are not obliterated."	15
15	"Ovary c. 0.8 mm long; no long hairs evident near the nodes."	"Galium spurium"
15	"Ovary less than 0.6 mm long, hairs of various types near nodes."	16
16	"Plant with a dense indumentum of slender hairs to 0.8 mm long; no scabrosites present."	"Galium polyanthum"
16	"Plant either with a dense or sparce indumentum of coarse hairs or with scabrosites; if hairs are slender then hairs less than 0.6 mm long."	17
17	"Indumentum sparcely hairly with hairs to 0.3 mm long or retrorse scabrosites; stipules similar in length to leaves."	"Galium leiocarpum"
17	"Indumentum dense with slender or coarse hairs to 0.5 mm long or scabrosites; stiples 2/3 of leaf length below inflorescence and deceasing upwards to 1/2 the length of the leaves [G. curvihirtum also keys out here, however the stipules are sometimes absent. G. curvihirtum usually occurs in Victoria - only known from one collection from the Northern Tablelands which is a probable introduction.]"	"Galium australe"
