from	statement	to
1	"Flowers mostly in pairs."	2
1	"Flowers solitary."	7
2	"Mericarps glabrous and wrinkled."	3
2	"Mericarps hirsute to pilose, smooth."	4
3	"Petals 4–5 mm long; basal leaves more or less palmatifid with primary lobes divided to about halfway."	"Geranium molle"
3	"Petals 6–9 mm long; basal leaves more or less pinnatisect to ternate, with primary lobes divided more or less to the midrib."	"Geranium purpureum"
4	"Awn of the mericarps with conspicuous glandular hairs; seeds pale brown."	"Geranium dissectum"
4	"Awn of the mericarps with mostly non-glandular hairs and sometimes some minute glandular ones; seeds black to dark brown."	5
5	"Pedicels with hairs retrorse-appressed in the flowering stage; seeds dark brown or black with pits more or less elongated or equal-sided."	6
5	"Pedicels with hairs retrorse-reflexed or spreading, never appressed, stiff; seeds black with large more or less equal-sided pits."	"Geranium solanderi"
6	"Leaves with lobes broad; taproot branched, not turnip-like; seeds dark brown with more or less elongated pits."	"Geranium homeanum"
6	"Leaves with usually linear lobes; taproot turnip-like; seeds black or very dark brown with equal-sided pits."	"Geranium retrorsum"
7	"Flowering stems usually shorter than the basal leaves or reduced to a single peduncle and pedicel; seeds black, smooth or with minute pits."	8
7	"Flowering stems usually longer than the basal leaves; seeds dark brown or black, pits distinct."	9
8	"Pedicels with hairs retrorse-appressed; petals oblong to narrow-elliptic, 4–8 mm long, 1–3 mm wide."	"Geranium sessiliflorum"
8	"Pedicels with hairs antrorse-appressed; petals obovate, 6–12 mm long, 3–5 mm wide."	"Geranium antrorsum"
9	"Taproot swollen and more or less turnip-shaped; sepals obtuse or acute to acuminate, 2–5 mm wide."	10
9	"Taproot not turnip-shaped; sepals distinctly mucronate, 1–2.5 mm wide."	11
10	"Sepals obtuse; seeds dark brown with small obscure pits; plants softly hairy; restricted species, higher altitudes from the A.C.T. to the Kosciusko area."	"Geranium obtusisepalum"
10	"Sepals acute to acuminate; seeds black, with coarse pits; plants hirsute; widespread species."	"Geranium solanderi"
11	"Petals 13–15 mm long; peduncle and pedicel together c. 8 cm long."	"Geranium neglectum"
11	"Petals 4–6 mm long; peduncle and pedicel together less than 5 cm long."	12
12	"Petals completely white; seeds black with large pits."	"Geranium graniticola"
12	"Petals almost always pink or tinged with pink, or if completely white then the seeds dark brown with small pits"	"Geranium potentilloides"
