from	statement	to
1	"Mitre-processes terminal, spreading or appressed to mitre, < 5 mm long; outer perianth bristle absent, [perianth red to orange]."	"Thismia rodwayi"
1	"Mitre-processes dorsal, erect or spreading, usually > 3 mm long; outer perianth bristle evident."	2
2	"Outer perianth bristles slender, 3–6 mm long; apical processes slender, 4–6 mm long; perianth red to orange."	"Thismia megalongensis"
2	"Outer perianth bristles thick, 9–11 mm long; apical processes well-developed, 20–25 mm long; perianth translucent to whitish, with processes often very pale to bright orange"	"Thismia clavarioides"
