from	statement	to
1	"Leaves <10, quill-like and tufted at the top of the short tuberous stem; strobilus on a simple leafless fleshy peduncle."	Phylloglossum
1	"Leaves numerous, small and often scale-like and overlapping on the long branching stems; strobili if present on simple or branched leafy peduncles."	2
2	"Leaves >1 mm wide, 5–18 mm long; sporophylls similar to vegetative leaves, equal or smaller in size, persistent; plants ± tufted, lacking branched rhizome or creeping stem; branches often growing on beyond fertile part of stem."	Huperzia
2	"Leaves <1 mm wide, 1–7 mm long; sporophylls strongly modified, very dissimilar to vegetative leaves, ephemeral; plants with branched rhizome or creeping stem, aerial stems or branches not or rarely tufted; strobili terminating main or lateral branches."	3
3	"Erect stems branching more than twice; strobili terminating branchlets, erect."	Lycopodium
3	"Either erect stems unbranched or sometimes once or twice branched and strobili erect, lateral or terminal, or if erect stems more branched then strobili pendent and numerous"	Lycopodiella
