from	statement	to
1	"Petiole >3mm long; fruit blue to mauve, pedicel usually >3 mm long: leaves entire or toothed."	2
1	"Petiole <3 mm long; fruit black, on pedicel mostly <2 mm long; leaves entire."	"Myrsine subsessilis"
2	"Petiole 7–20 mm long: terminal buds rusty hairy (red-furry)."	"Myrsine howittiana"
2	"Petiole 3–7 mm long; terminal buds glabrous or hairy with white to brownish hairs, but not red-furry."	3
3	"Leaves glossy, leathery, margins usually toothed with stiff teeth, not undulate, mostly oblanceolate; flowers mostly 4-merous; widespread in rainforest and open forest north from Milton."	"Myrsine variabilis"
3	"Leaves not glossy, not leathery, margins entire and undulate, mostly elliptic; flowers usually 5-merous; grows in or on the ecotone of subtropical rainforest on the north coast, from the Richmond R. to the Mt Warning area"	"Myrsine richmondensis"
