from	statement	to
1	"Leaves narrow-lanceolate, >8 mm wide; peduncles 20–40 cm long, 1 or 2 in subterminal positions."	"Conospermum longifolium subsp. longifolium"
1	"Leaves narrow-lanceolate to linear, <8 mm wide; peduncles 8–30 cm long, usually 2–4 in upper axils."	2
2	"Broadest leaves 4–8 mm wide; peduncles usually 15–30 cm long."	"Conospermum longifolium subsp. mediale"
2	"Broadest leaves 1–4 mm wide; peduncles usually 8–20 cm long"	"Conospermum longifolium subsp. angustifolium"
