from	statement	to
1	"Fertile stamens twice as many as petals."	Tetratheca
1	"Fertile stamens more than twice as many as petals."	2
2	"Leaves alternate, petiole usually less than a third as long as lamina; fruit a capsule or drupe, not red."	3
2	"Leaves opposite or almost so, petiole usually at least half as long as lamina; fruit a berry, red."	Aristotelia
3	"Fruit a capsule, covered with bristles or prickly, yellowish brown; peduncles usually 1-flowered."	Sloanea
3	"Fruit a drupe, smooth, usually blue, sometimes black; peduncles many-flowered, flowers in racemes"	Elaeocarpus
