from	statement	to
1	"Leaves succulent, much bulkier than the inconspicuous pseudobulbs, channelled on upper surface."	2
1	"Leaves papery to leathery, flat and keeled or concave."	4
2	"Rhizomes entirely prostrate, forming a dense mat; pseudobulbs less than 10 mm apart on rhizomes."	"Bulbophyllum shepherdii"
2	"Rhizomes prostrate basally, pendent towards the tips, not forming a dense mat; pseudobulbs usually more than 10 mm apart on rhizomes."	3
3	"Sepals white with yellow tips; lateral sepals coherent for less than half their length."	"Bulbophyllum lamingtonense"
3	"Sepals white with orange to red tips; lateral sepals coherent for more than half their length."	"Bulbophyllum schillerianum"
4	"Leaves less than 3 mm long, papery, concave; pseudobulbs usually less than 3 mm diam."	5
4	"Leaves more than 5 mm long, thinly leathery, flat, keeled; pseudobulbs usually more than 3 mm diam."	6
5	"Pseudobulbs flattened, globose; inflorescence c. 3 mm long."	"Bulbophyllum minutissimum"
5	"Pseudobulbs ovoid to globose; inflorescence 10–15 mm long."	"Bulbophyllum globuliforme"
6	"Lateral sepals about twice as long as dorsal sepal, 12–26 mm long; leaf 3–11 cm long."	"Bulbophyllum elisae"
6	"Lateral sepals as long as or slightly longer than dorsal sepal, 4–14 mm long; leaf 1.5–5 cm long."	7
7	"Dorsal sepal 8–12 mm long; inflorescence 1-flowered."	"Bulbophyllum weinthalii"
7	"Dorsal sepal 3–6 mm long; inflorescence 1–30-flowered."	8
8	"Inflorescence 10–30-flowered; sepals and lateral petals cream to yellow and heavily mottled with purple."	"Bulbophyllum bracteatum"
8	"Inflorescence 1–5-flowered; sepals and lateral petals whitish."	9
9	"Rhizome between adjacent pseudobulbs 4–6 mm long; ovary minutely tuberculate."	"Bulbophyllum argyropus"
9	"Rhizome between adjacent pseudobulbs mostly 10–38 mm long; ovary smooth"	"Bulbophyllum exiguum"
