from	statement	to
1	"Branches with rigid axillary spines; male and female flowers in more or less globose heads, not enclosed in a fleshy receptacle; fruit compound, a syncarp, individual drupes fused into a more or less globose fruit by the fusion of the enlarged floral axis and fleshy perianths."	Maclura
1	"Branches without spines; male flowers in spikes, male inflorescences variable; fruit solitary or compound but not as above."	2
2	"Trees or erect shrubs."	3
2	"Climbers or scandent shrubs."	5
3	"Flowers formed within a hollow fleshy receptacle; true fruits achenes inside the false fruit, a fig; leaves mostly entire, rarely irregularly toothed, sometimes lobed on young plants; stipule scar encircling the stem."	Ficus
3	"Flowers not within a hollow receptacle; fruit a drupe or cluster of drupes; leaves regularly toothed, sometimes lobed on young plants; stipule scar not encircling the stem."	4
4	"Leaves elliptic to lanceolate, not strongly 3-veined from the base; juvenile leaves often lobed; drupes solitary."	Streblus
4	"Leaves ovate, strongly 3-veined from base; small drupes clustered and forming a multiple fruit."	Morus
5	"Plants climbing by adventitious roots."	Ficus
5	"Plants without adventitious roots"	Trophis
