from	statement	to
1	"Branches often spinescent; pedicels with more or less sparse, short, curved hairs, not obscuring the surface."	"Aotus subspinescens"
1	"Branches not spinescent; pedicels with dense, often long, spreading to appressed hairs, obscuring the surface."	2
2	"Stems with long, soft, spreading hairs and densely tomentose; flowers yellow, 8–15 mm long; apex of leaves acute."	"Aotus lanigera"
2	"Stems without long, soft, spreading hairs; flowers yellow with red or purple markings, 5–10 mm long; apex of leaves obtuse to occasionally acute."	3
3	"Stems densely velvety-tomentose; upper surface of at least young leaves, pubescent."	"Aotus mollis"
3	"Stems not velvety-tomentose; upper surface of leaves mostly glabrous or with scattered, long hairs."	4
4	"Stems with white, appressed, silky hairs; flowers with standard yellow with a large purple blotch and keel red-purple; leaves narrow-linear to lanceolate, 1–3 mm wide."	"Aotus subglauca"
4	"Stems with a variable but close, often rusty pubescence; flowers with standard yellow with a reddish or orange blotch and keel yellow; leaves variable, 1–5 mm wide"	"Aotus ericoides"
