from	statement	to
1	"Flowers white to pale yellow, pedicellate, in 1–9-flowered clusters; leaves mostly >3 cm long, 5–30 mm wide, flat."	2
1	"Flowers usually bright yellow, sessile or pedicellate, solitary or in few-flowered clusters; leaves usually <3 cm long, 2–10 mm wide, with margins slightly recurved to revolute."	5
2	"Leaves with apex acuminate; petals 8–14 mm long."	"Asterolasia elegans"
2	"Leaves with apex obtuse to acute; petals 5–9 mm long."	3
3	"Leaves with upper surface glabrous at maturity, lower surface stellate-tomentose."	"Asterolasia correifolia"
3	"Leaves with both surfaces stellate-tomentose at maturity."	4
4	"Petals 7–9 mm long; flowers 1-few in terminal or axillary clusters, pedicels 5–20 mm long, lengthening up to 30 mm in fruit; branchlets rusty-tomentose."	"Asterolasia hexapetala"
4	"Petals c. 6 mm long; flowers solitary in axils of leaves, pedicels 2–7 mm long, scarcely lengthening in fruit.; branchlets fawnish tomentose."	"Asterolasia sp. 'dungowan creek' (beckers s.n. 25 oct 1995)"
5	"Leaves narrow-oblong to oblong-cuneate (length:breadth ratio of 5–8:1), upper surface muricate, margins recurved."	"Asterolasia rivularis"
5	"Leaves variable in shape, elliptic to spathulate, ± circular or obcordate to obdeltate (length: breadth ratio of 1–3:1), upper surface glabrous or stellate hairy, margins recurved or flat."	6
6	"Flowers 1-few, pedicels 2- 20 mm long at flowering; cocci beaked; from Torrington, Mt Kaputar N.P. and Mt Parlour (Armidale district), Mt Canobolas and Tumut to Geehi (NT, CT, ST)."	7
6	"Flowers solitary, sessile or subsessile; cocci rounded or beaked; south from the Mt Tomah district in the Blue Mtns (SC, CT, ST)."	8
7	"Leaves obcordate to obdeltate, 7–20 mm long, upper surface densely stellate, shortly petiolate (<2 mm) or sessile; petiole when present somewhat thickened and flat, often appressed to the stem; Mt Kaputar N.P. and Mt Canobolas (NT, CT)."	"Asterolasia rupestris"
7	"Leaves ± lanceolate to elliptic or oblanceolate, sometimes narrow-oblong, 4–35 mm long, upper surface sparsely or densely stellate; petiole terete, 2–7mm long, not appressed to the stem; base of lamina often v-shaped on upper surface giving the appearance of an extended petiole; Tumut district to Geehi and near Torrington (NT, ST)."	"Asterolasia asteriscophora"
8	"Leaves mostly 5–18 mm long; ovary glabrous; restricted to the Mt Tomah area of the Blue Mtns (CT)."	"Asterolasia buxifolia"
8	"Leaves usually 3–10 mm long; ovary stellate-tomentose; south from the Penrose area."	9
9	"Leaves elliptic to circular, with margins recurved/revolute, upper surface glossy, glabrous or sparsely stellate hairy or hispidulous; cocci not beaked; south from the A.C.T and the Budawang Ra. (SC, ST)."	"Asterolasia trymalioides"
9	"Leaves broad-obovate, with margins not recurved, upper surface dull, glabrous or sparsely stellate hairy; cocci beaked; confined to the Wingello district (CT)."	"Asterolasia buckinghamii"
