from	statement	to
1	"Petals white."	2
1	"Petals yellow or greenish yellow."	3
2	"Robust herb mostly 15–30 cm high; leaves palmately lobed with broad overlapping segments."	"Ranunculus anemoneus"
2	"Diminutive herb 1–8 cm high; leaves pinnately divided into narrow-linear segments < 2 mm wide."	"Ranunculus millanii"
3	"Stolons present."	4
3	"Stolons absent."	13
4	"Petals more than 9 mm wide, with a broad-cuneate nectary lobe."	"Ranunculus repens"
4	"Petals less than 9 mm wide, nectary lobe not cuneate."	5
5	"Nectary without a distinct lobe but with a thick crescentic or semicircular ridge."	6
5	"Nectary with a distinct lobe, free for most of its length or attached at sides to form a pocket."	8
6	"Leaves simple, entire or with 1 tooth on each side."	7
6	"Leaves palmately divided into few or many lobes."	"Ranunculus amphitrichus"
7	"Leaves with petiole longer than lamina."	"Ranunculus muelleri"
7	"Leaves with petiole shorter than lamina"	"Ranunculus acrophilus"
8	"Lateral faces of mature achene with 2–5 prominent, broad, oblique or nearly longitudinal ridges."	"Ranunculus collinus"
8	"Lateral faces of achenes smooth, undulate or with numerous transverse ridges."	9
9	"Leaves ternate, the primary segments entire or each with 2–5 lobes, thick-textured."	10
9	"Leaves ternately or palmately divided, the primary segments with numerous lobes or teeth, thin- or thick-textured."	11
10	"Petals 7–12 mm long, 2–4 mm wide."	"Ranunculus papulentus"
10	"Petals 3.5–5.5 mm long, 0.6–1.5 mm wide."	"Ranunculus diminutus"
11	"Sepals glabrous; petals ± 7 mm long; receptacle almost glabrous among the achenes (although pilose in staminal zone), lateral faces of achenes smooth or irregularly undulate."	"Ranunculus inundatus"
11	"Sepals pilose; petals more than 7 mm long; receptacle pilose throughout, achenes with transverse ridges."	12
12	"Achenes mostly 1.0–1.6 mm long (excluding beak), the margin not thickened."	"Ranunculus species a sensu harden (1990)"
12	"Achenes 1.8–2.5 mm long (excluding beak), the margin conspicuously thickened."	"Ranunculus undosus"
13	"Sepals spreading and petals more than 5 in number and flowers more than 3 mm diam."	14
13	"Either sepals reflexed or if sepals spreading then petals 1–3 and flowers less than 3 mm diam."	26
14	"Leaves simple, plant glabrous or nearly so."	"Ranunculus flammula"
14	"Leaves palmately lobed or divided, or if simple then plant pilose or hirsute."	15
15	"Achenes strongly compressed, stems usually branching."	16
15	"Achenes not strongly compressed, stems branched or simple."	17
16	"Achenes 6–8 mm long (excluding beak) with long slender spines to 3 mm."	"Ranunculus arvensis"
16	"Achenes 3–4.5 mm long (excluding beak), lacking spines."	"Ranunculus clivicola"
17	"Petals less than 4 mm wide."	18
17	"Petals more than 4 mm wide."	19
18	"Petals golden-yellow, 4–9 mm long."	"Ranunculus pimpinellifolius"
18	"Petals pale yellow, 1.5–2.5 mm long."	"Ranunculus productus"
19	"Achenes almost globose."	"Ranunculus pachycarpus"
19	"Achenes lens-shaped, body of achene not almost as thick as long."	20
20	"Leaves simple, entire or with 1 tooth on each side."	21
20	"Leaves dissected or lobed or with more than 3 teeth."	22
21	"Leaves with petiole longer than lamina."	"Ranunculus muelleri"
21	"Leaves with petiole shorter than lamina"	"Ranunculus acrophilus"
22	"Leaves divided into subterete or linear-lanceolate segments or lobes; petals often more than 5."	23
22	"Leaves less divided or with broad segments or lobes; petals mostly 5."	24
23	"Petals with 2 or 3 nectaries (rarely more) in shallow pits with thickened margins; leaves 2–3 times pinnately divided into linear subterete segments."	"Ranunculus gunnianus"
23	"Petals with 1 nectary with a triangular or oblong lobe; leaves once or several times ternately divided with linear-lanceolate lobes and teeth."	"Ranunculus dissectifolius"
24	"Nectary lobes present."	25
24	"Nectaries in small pits without distinct lobes."	"Ranunculus niphophilus"
25	"Nectary lobes broadest in upper part, usually obovate or cuneate, broader than long; flowering stems mostly branched with 2–10 flowers."	"Ranunculus lappaceus"
25	"Nectary lobes not broadest in upper part, oblong or triangular; flowering stems usually unbranched."	"Ranunculus graniticola"
26	"Flowers more than 5 mm diam."	27
26	"Flowers less than 5 mm diam."	31
27	"Achenes with spines or tubercles."	28
27	"Achenes lacking spines or tubercles."	29
28	"Achenes 7–8 mm long with stout tapering spines on the lateral faces and a stout slightly recurved beak c. 3–4 mm long."	"Ranunculus muricatus"
28	"Achenes 2–3 mm long with short blunt tubercles on the lateral faces, and a short beak."	"Ranunculus trilobus"
29	"Achenes less than 1 mm long, with a minute beak, numerous (40–300), in an elongated head."	"Ranunculus sceleratus"
29	"Achenes more than 1 mm long, with a distinct beak, few to many in a globose head."	30
30	"Achene beak less than 1 mm long, strongly recurved."	"Ranunculus plebeius"
30	"Achene beak more than 1 mm long, straight or arching with a recurved tip."	"Ranunculus scapiger"
31	"Achenes 2–4 mm long, very thin (laterally compressed), usually twisted when mature, with a thickened margin."	"Ranunculus pentandrus"
31	"Achenes 1.5–2 mm long, not strongly compressed or twisted."	32
32	"Achenes smooth and glabrous or with numerous small tubercles bearing hairs longer than the distance between the tubercles."	"Ranunculus pumilio"
32	"Achenes with prominent conical tubercles bearing recurved hairs shorter than the distance between tubercles."	"Ranunculus sessiliflorus"
