from	statement	to
1	"Spike or raceme 2–3 mm wide (including spikelets), the spikelets with 2–4 florets and rachilla internodes 2–4 mm long."	"Astrebla elymoides"
1	"Spike or raceme 5–30 mm wide (including spikelets), the spikelets with 3–9 florets and rachilla internodes 1 mm long or less."	2
2	"Lobes of the lemma all similar, the lemma villous on and around the lateral nerves only."	"Astrebla squarrosa"
2	"Lobes of the lemma dissimilar, the middle lobe alone tapering into a sharp point; body of the lemma villous all over the back."	3
3	"Spikelets densely overlapping; the outer lobes of the lemma with scarious margins at least 50% the length of the lemma; lower glume 5–9-nerved."	"Astrebla pectinata"
3	"Spikelets loosely overlapping; the outer lobes of the lemma firmer in texture and with narrow scarious margins less than 50% the length of the lemma; lower glume 1–3-nerved."	"Astrebla lappacea"
