from	statement	to
1	"Base of style and summit of ovary pilose or rarely glabrous, capsule subacute or truncate or slightly emarginate; leaves paler on lower surface but not pruinose, teeth mostly uniform or alternating large and small."	2
1	"Base of style and summit of ovary glabrous, capsule distinctly emarginate; leaves pruinose on lower surface. Leaves narrow-ovate to narrow-lanceolate, teeth coarse. Pedicels 5–10 mm in fruit."	"Veronica derwentiana subsp. derwentiana"
2	"Leaves lanceolate to narrow-lanceolate, mostly 15–25 mm wide with length 4–11 times breadth, base cuneate or truncate; pedicels mostly 5–7 mm long in fruit."	"Veronica derwentiana subsp. subglauca"
2	"Leaves ovate to lanceolate, mostly 30–40 mm wide with length 1.6–3.5 times breadth, base cordate or sometimes truncate; pedicels mostly 2–4 mm long in fruit"	"Veronica derwentiana subsp. maideniana"
