from	statement	to
1	"Dorsal sepal with a narrow basal claw suddenly expanded to the lamina; labellum tubular throughout with a terminal orifice."	2
1	"Dorsal sepal expanded gradually to the lamina; labellum tubular only at the base then expanded to an open lamina."	4
2	"Dorsal sepal longer than labellum; flowers distinctly banded."	"Corybas fordhamii"
2	"Dorsal sepal as long as or shorter than labellum; flowers uniformly coloured."	3
3	"Flowers purple; lamina calli c. 1 mm long."	"Corybas unguiculatus"
3	"Flowers reddish; lamina calli c. 0.25 mm long."	"Corybas montanus"
4	"Auricles at the base of the labellum tube remaining closed."	5
4	"Auricles at the base of the labellum tube open at the apex."	7
5	"Dorsal sepal not obscuring labellum; labellum apex with a short tail."	"Corybas undulatus"
5	"Dorsal sepal obscuring most of the labellum; labellum apex without a tail."	6
6	"Flowers white to pinkish."	"Corybas barbarae"
6	"Flowers reddish grey to reddish purple."	"Corybas aconitiflorus"
7	"Labellum boss notched in the upper margin."	8
7	"Labellum boss entire."	9
8	"Labellum margins coarsely toothed."	"Corybas hispidus"
8	"Labellum margins entire or finely toothed."	"Corybas incurvus"
9	"Labellum tube shorter or as long as the lamina."	10
9	"Labellum tube longer than lamina."	11
10	"Labellum tube much shorter than lamina."	"Corybas fimbriatus"
10	"Labellum tube about as long as lamina."	"Corybas pruinosus"
11	"Flower 18–24 mm long, dark reddish with a conspicuous white labellum boss."	"Corybas dilatatus"
11	"Flower 12–16 mm long, pale reddish pink, with an inconspicuous off-white labellum boss"	"Corybas sp. a sensu harden (1993)"
