from	statement	to
1	"Corolla red or pink."	2
1	"Corolla white, yellow, purple or blue."	3
2	"Style slightly bifid; stigma lobes reniform to shoeshaped, fleshy; capsule linear in shape."	Centaurium
2	"Style not divided to subcapitate; stigma lobes rhombic to fan-shaped, not fleshy; capsule elliptic to oval in shape."	Schenkia
3	"Corolla yellow; ovary 1- or 2-locular."	4
3	"Corolla blue or white with purple or blue markings; ovary 1-locular."	5
4	"Calyx 5–6 mm long, lobes more than 4 mm long; ovary 2-locular, stigma 2-lobed or stigmas 2."	Sebaea
4	"Calyx 2–5 mm long, lobes less than 2 mm long; ovary 1-locular, stigma peltate on a filiform style."	Cicendia
5	"Corolla white with 5–9 prominent dark veins on each lobe, broad-campanulate, 5-lobed but without small lobes alternating with the major lobes; capsule partly enclosed in the persistent calyx and corolla."	Gentianella
5	"Corolla blue with 3 or fewer faint veins on each lobe, tubular with 5 spreading lobes, and with small folded lobes alternating with the major lobes; capsule usually exserted beyond the persistent calyx and corolla by elongation of the stipe"	Gentiana
