from	statement	to
1	"Capsules distinctly clavate, the narrow basal part sterile; flowers pink or white."	2
1	"Capsules cylindrical to ovoid, fertile to the base; flowers yellow or white."	4
2	"Petals 20–35 mm long."	3
2	"Petals c. 10 mm long."	"Oenothera rosea"
3	"Stems with long spreading hairs."	"Oenothera tetraptera"
3	"Stems without long spreading hairs."	"Oenothera speciosa"
4	"Capsules ovoid with 4 broad wings."	"Oenothera triloba"
4	"Capsules more or less cylindrical, without wings."	5
5	"Hypanthium 7 cm or more long."	6
5	"Hypanthium less than 7 cm long."	7
6	"Cauline leaves ovate to elliptic; leaves subtending the fruit shorter than the capsules."	"Oenothera longiflora"
6	"Leaves narrow-lanceolate; leaves subtending the fruit longer than the capsules."	"Oenothera affinis"
7	"Stems with some hairs dark red at base, stems appear red-spotted; flowers in a spike."	"Oenothera glazioviana"
7	"Stems with hairs not dark red at base, stems not appearing red-spotted; flowers solitary in upper leaf axils."	8
8	"Cauline leaves sinuate-pinnatifid."	"Oenothera laciniata"
8	"Cauline leaves sparsely toothed."	9
9	"Plants hairy."	10
9	"Plants glabrous or sparsely hairy."	11
10	"Plants with coarse, moderately stiff hairs; cauline leaves obovate to oblanceolate, tapering to the base."	"Oenothera drummondii"
10	"Plants with fine, soft hairs; cauline leaves narrow-lanceolate to elliptic, sessile."	"Oenothera mollissima"
11	"Hypanthium less than 2 cm long, petals less than 1.2 cm long; basal leaves usually less than 8 cm long, rosette often not persistent."	"Oenothera indecora"
11	"Hypanthium more than 2 cm long, petals more than 1.2 cm long; basal leaves mostly more than 8 cm long, rosette always present"	"Oenothera stricta"
