from	statement	to
1	"Corolla actinomorphic."	2
1	"Corolla zygomorphic."	15
2	"Tall shrub (more than 2 m high) or tree."	Ehretia
2	"Small shrub (less than 2 m high) or herb."	3
3	"Anthers exserted, appressed to the style; anther appendages present (rarely very short)."	4
3	"Anthers included (if exserted not appressed to the style); anther appendages absent."	6
4	"Anthers and appendages straight."	5
4	"Anther appendages twisted."	Trichodesma
5	"Scabrous or viscid shrub; ovary entire."	Halgania
5	"Hispid herb; ovary lobed."	Borago
6	"Ovary 4-lobed; stigma small, capitate or shortly 2-lobed."	7
6	"Ovary entire; stigma large, more or less conical."	Heliotropium
7	"Mericarps bearing barbed spines."	8
7	"Mericarps smooth or wrinkled."	10
8	"Spines numerous, more or less equal in size, occurring on the margins and outer face of the mericarp."	9
8	"Spines few (8–10), varying in size, restricted to the margins of the mericarps."	Omphalolappula
9	"Plants spreading to erect."	Cynoglossum
9	"Plants weak and straggling."	Austrocynoglossum
10	"Gynobase conical."	11
10	"Gynobase flat."	12
11	"Inflorescence bracteate; flowers white."	Plagiobothrys
11	"Inflorescence lacking bracts; flowers yellow."	Amsinckia
12	"Corolla with scales in the throat."	13
12	"Corolla without scales."	14
13	"Mericarps smooth and shiny."	Myosotis
13	"Mericarps wrinkled."	Anchusa
14	"Mericarps smooth on outer face; flowers yellow."	Neatostema
14	"Mericarps tuberculate all over; flowers white."	Buglossoides
15	"Stamens included in corolla."	Anchusa
15	"At least 2 stamens exserted from corolla"	Echium
