from	statement	to
1	"Leaves simple."	"Flindersia maculosa"
1	"Leaves 3-foliolate or pinnate."	2
2	"Leaves with rachis prominently winged, wings extending 3–4 mm on each side; leaflets obovate, apex rounded to emarginate; capsules with tubercles 1–2 mm long."	"Flindersia collina"
2	"Leaves with rachis not winged or occasionally with narrow wings extending less than 1 mm on each side; leaflets oblong-elliptic to elliptic or ovate, apex obtuse to more or less acuminate; capsules with tubercles 2–10 mm long."	3
3	"Leaves usually alternate, crowded towards the ends of the branchlets, or alternate and opposite on the same branch; sepals 2.2–2.5 mm long; capsule valves separating to about half their length, but not completely separating; seeds winged at one end only."	"Flindersia australis"
3	"Leaves opposite or more or less opposite; sepals 1–1.5 mm long; capsule valves fully separating; seeds winged at both ends."	4
4	"Leaflets not falcate, base more or less symmetrical, apex obtuse or occasionally acute, more or less leathery; staminal filaments glabrous; capsules 4–7 cm long."	"Flindersia bennettiana"
4	"Leaflets usually falcate, base asymmetric, apex bluntly acute to more or less acuminate, membranous to chartaceous to more or less leathery; staminal filaments pilose subapically; capsules 6.5–13 cm long."	5
5	"Leaves with 7–19 leaflets, oil dots dense, not unusually brittle when dry; petals villous inside, sparsely appressed-hairy outside; capsules with thick tubercles."	"Flindersia schottiana"
5	"Leaves with 3–11 leaflets, oil dots sparse or absent, very brittle when dry; petals glabrous; capsules with slender tubercles"	"Flindersia xanthoxyla"
