from	statement	to
1	"Erect shrubs or small trees 0.5–4.5 m high, branches erect or pendent; branchlets angular or winged; flowers in racemes in upper axils or scattered singly along branches."	2
1	"Decumbent or ascending shrubs to c. 0.5 m high; branchlets terete, longitudinally furrowed; flowers 1 or 2 in upper leaf axils."	3
2	"Branchlets ± minutely pubescent, appearing grey-green; plants mostly 1.5–4.5 m high, branches erect or pendent; calyx pale grey-green, sometimes tinged red, 5–8 mm long; petals cream to orange-yellow, occasionally with red markings; pods 6–12 mm long, stipe 3–5 mm long; style 4–8 mm long, persistent in fruit; widespread species; (NC, CC, SC, NT, CT, NWS, CWS, NWP, SWP)."	"Jacksonia scoparia"
2	"Branchlets glabrous, appearing green; plants mostly 0.5–2 m high, branches erect; calyx deep red, 3–4 mm long; petals red and yellow; pods 4–7.5 mm long, stipe 0.8–1.2 mm long; style 2–4 mm long; confined to the Woodenbong and Koreelah districts (NC)."	"Jacksonia sp. 'little plain' (williams 94233)"
3	"Calyx teeth lanceolate to narrow-ovate, 1.5–2.5 mm wide, ± equal; pods ovoid, shortly stipitate, not concealed by calyx; inland species (NWP)."	"Jacksonia rhadinoclona"
3	"Calyx teeth ovate to triangular, 3–4 mm wide, upper pair united for two-thirds of their length; pods sessile, concealed by calyx; coastal species"	"Jacksonia stackhousei"
