from	statement	to
1	"Thallus globose to ovoid, 1–1.5 times as deep as broad, biggest breadth below the water surface."	"Wolffia globosa"
1	"Thallus boat-like, 2–3 times as deep as broad, biggest breadth near the water surface."	2
2	"Thallus 0.3–0.8 mm wide, length to breadth ratio 1.3–2, depth 1.3–2 times length of upper surface; upper surface uniformly green and shining, slightly convex and rounded laterally, with 50–80 stomata."	"Wolffia australiana"
2	"Thallus 0.2–0.5 mm wide, length to breadth ratio 1.6–3.5, depth 2–3 times length of upper surface; upper surface whitish green towards central part, green near 'margin', flat and sharply edged laterally, with 8–25 stomata"	"Wolffia angusta"
