from	statement	to
1	"Clusters of flowers in upper leaf axils, with branch visible between the clusters; calyx 13-veined (except M. pulegium 10-veined)."	2
1	"Flower clusters terminal, forming a spike-like inflorescence, clusters subtended by narrow bracts, not subtended by leaves, with branch frequently not visible between the clusters; calyx 10-veined."	6
2	"Calyx lobes villous on inner surface; clusters few-flowered. (Mentha satureioides group)."	3
2	"Calyx lobes with short more or less spreading hairs on inner surface, not villous; clusters few- to many-flowered."	4
3	"Branches almost glabrous; calyx glabrous on outer surface; flowers in 3-flowered clusters per leaf axil; leaves narrow-elliptic to linear-elliptic, 0.5–3.5 cm long, 0.2–0.7 cm wide; margins entire."	"Mentha satureioides"
3	"Branches and calyx hairy; flowers in 3–8-flowered clusters per leaf axil; leaves ovate, often angular-ovate, rarely narrow-ovate or elliptic, 0.6–2 cm long, 0.4–1.2 cm wide; margins entire or sometimes with distant shallow teeth."	"Mentha diemenica"
4	"Flowers 2–6, rarely more per leaf axil."	"Mentha laxiflora"
4	"Flowers crowded in dense clusters, at least 10 flowers per leaf axil."	5
5	"Leaves narrow-ovate, 1.2–6 cm long, 8–20 mm wide, margins with 2–7 teeth, apex acute; calyx 13-veined; corolla white or pink."	"Mentha australis"
5	"Leaves obovate, elliptic to more or less circular, 0.6–3 cm long, 4–20 mm wide, margins entire or with small blunt teeth, apex obtuse or rounded; calyx 10-veined; corolla usually pale-mauve to lilac."	"Mentha pulegium"
6	"Branches and lower surface of leaves densely hairy, with branched and long simple hairs."	"Mentha x rotundifolia"
6	"Branches and leaves glabrous or sparsely hairy, especially on the veins."	7
7	"Basal leaves sessile; plants producing fruit; calyx lobes about half the length of calyx."	"Mentha x spicata"
7	"Basal leaves petiolate; plants not producing fruit; calyx lobes a third the length of calyx"	"Mentha x piperita"
