from	statement	to
1	"Tepals more than 7 mm long; ovules 2–8 per loculus; seeds without wings."	2
1	"Tepals 4–7 mm long; ovules 1 or 2 per loculus; seeds with or without wings."	4
2	"Scape terete or slightly angled; stamens more or less equal in length; seeds smooth to slightly ridged."	3
2	"Scape sharply angular; stamens unequal in length, with inner 3 longest; seeds strongly ridged."	"Bulbine vagans"
3	"Usually with bulb; leaves slightly scabrid; scapes 1 or 2; stamens 8–9 mm long; anthers more or less basifixed; seeds brown to almost black."	"Bulbine bulbosa"
3	"Without bulb, sometimes with rhizome; leaves glabrous; scapes 2 or more; stamens 5–8 mm long; anthers apparently dorsifixed; seeds silver-grey with black markings."	"Bulbine glauca"
4	"Seeds without wings; capsule 2–5 mm long; only 3 longest stamens with hairs at base of anther."	"Bulbine semibarbata"
4	"Seeds with wings; capsule 4–9 mm long; all stamens with hairs at base of anther"	"Bulbine alata"
