from	statement	to
1	"Leaves mostly basal, ternately dissected."	2
1	"Leaves mostly cauline, simple or trifoliolate."	3
2	"Plants 10–50 cm high, perennial; umbels exceeding the leaves; bracteoles and petals white."	"Xanthosia atkinsoniana"
2	"Plants prostrate, up to 10 cm high; umbels not exceeding the leaves; bracteoles green; petals white or reddish."	"Xanthosia dissecta"
3	"Plants herbs; leaves trifoliolate, leaflets elliptic, margins entire; fruit with 5–7 ribs."	"Xanthosia tasmanica"
3	"Plants shrubs or subshrubs; leaves simple or compound."	4
4	"Leaves simple, cuneate, apex 3-notched; sepals peltate; fruit glabrous."	"Xanthosia tridentata"
4	"Leaves simple or compound, elliptic or ovate, entire, crenate or serrate; sepals not peltate; fruit hirsute on the summit."	5
5	"Mature stems excorticating (flaky)."	"Xanthosia scopulicola"
5	"Mature stems not excorticating."	6
6	"Leaves simple or compound, if compound then with the terminal leaflet at least 1.5 times longer than the lateral leaflets."	"Xanthosia pilosa"
6	"Leaves compound with the terminal leaflet equal to slightly longer than the lateral leaflets, the leaflets similar in shape, usually with three lobes."	7
7	"Trichomes on adaxial leaf surface stellate, isolated to sparse."	"Xanthosia stellata"
7	"Trichomes on the adaxial leaf surface long, simple or dendritic, dense"	"Xanthosia ternifolia"
