from	statement	to
1	"Scars of inner pair of bud scales directly above those of outer pair; ovary sparsely hairy; ovules 5 per loculus; mature cocci sparsely hairy, 8–10 mm wide."	"Bosistoa floydii"
1	"Scars of inner pair of bud scales remote from those of outer pair; ovary woolly; ovules 4 per loculus; mature cocci densely and minutely hairy, 10–25 mm wide."	2
2	"Petals ± glabrous; leaves 3–13-foliolate, leaflets mostly 7–11, margins usually crenate; cocci >15 mm wide."	"Bosistoa pentacocca"
2	"Petals pubescent; leaves 1-foliolate or 3-foliolate, margins entire; cocci c. 10–13 mm wide."	"Bosistoa transversa"
