from	statement	to
1	"Fronds with main rachises densely covered with spreading, dark red-brown bristle-like scales with tuberculate bases."	"Lastreopsis hispida"
1	"Fronds with main rachises covered with soft hairs or ± glabrous, sometimes with a few short, ovate or lanceolate scales."	2
2	"Rhizomes short and erect or oblique, fronds tufted; indusia glabrous; upper pinnae without basal lobes fused to rachis."	3
2	"Rhizomes short- to long-creeping; indusia absent or bearing oblong or rounded glandular hairs; upper pinnae often with basal lobes fused to rachis."	4
3	"Fronds 3–4-pinnate; axes almost glabrous, except in the channel of the rachis; lamina dark green."	"Lastreopsis smithiana"
3	"Fronds 2–3-pinnate; axes covered with relatively long, soft, spreading hairs; lamina pale green."	"Lastreopsis acuminata"
4	"Marginal teeth of the ultimate segments distinctly aristate."	"Lastreopsis munita"
4	"Marginal teeth of ultimate segments never distinctly aristate but sometimes acute."	5
5	"Mature indusia black or very dark brown."	"Lastreopsis marginans"
5	"Mature indusia light brown, although often with a dark centre."	6
6	"Ultimate segments with acute to acuminate apex."	"Lastreopsis decomposita"
6	"Ultimate segments with obtuse apex; rhizome long- creeping."	7
7	"Margins of ultimate segments toothed, teeth acute with thickened tips; stipes, rachises and veins often bearing rather dense, short or long pale brown hairs, sometimes glabrous."	"Lastreopsis microsora"
7	"Margins of ultimate segments crenate; stipes, rachises and veins bearing dense, soft pale to reddish brown hairs"	"Lastreopsis silvestris"
