from	statement	to
1	"Flowers not in widely separated clusters, inflorescence panicle-like or small, narrow and spike-like; cauline sheaths not as below."	2
1	"Flowers in clusters which are either distant along the rachis of the inflorescence or, more rarely, few or solitary at the apex of the culm, each cluster in the axil of a broad bract; cauline sheaths appressed except where subtending a branch, 5–15 mm long, bearing a small to long (towards the base), terete or flat, usually reflexed but caducous lamina, 1–27 mm long."	"Sporadanthus interruptus"
2	"Sheaths confined to the base of the culm or 1 or 2 on the aerial part of the culm."	"Lepyrodia anarthria"
2	"Cauline sheaths present, 3 or more on each culm."	3
3	"Sheaths all loose and open."	4
3	"Some or all of the sheaths on the culm closely appressed, except where subtending a branch; plants monoecious or dioecious."	5
4	"Rhizome shortly creeping or plant tufted; culm internodes 3–6; culms usually 35–90 cm high, 0.8–1.8 mm diam."	"Lepyrodia scariosa"
4	"Rhizome usually long creeping; culm internodes 6–12; culm internodes 6–12; culms usually 70–110 cm long and c. 1.2–2.8 mm diam."	"Lepyrodia imitans"
5	"Culms 0.5–0.9 mm diam., thin and wiry, 15–50 cm high, the surface mostly minutely wrinkled or pitted."	"Lepyrodia leptocaulis"
5	"Culms usually 1–3 mm in diam., 50–200 cm high, the surface smooth for the most part."	6
6	"Outer and inner tepals about equal in length or the outer slightly longer, whitish or straw-coloured; bracts and glumes persistent, often conspicuous."	7
6	"Outer tepals shorter than the inner, not exceeding 2.3 mm long; inner tepals reddish when fresh; bracts and glumes very thin, soon breaking up, inconspicuous."	"Sporadanthus gracilis"
7	"Culms not exceeding 2 mm diam. over all at the base, 0.1–1.0 cm apart on the rhizome, c. 40–75 cm high."	"Lepyrodia muelleri"
7	"Culms up to 5 mm diam. over all at the base, often 2–2.5 cm apart on the rhizome, 55–200 cm high, erect or scrambling"	"Sporadanthus caudatus"
