from	statement	to
1	"Involucral bracts 6–18; achenes with beak straight."	2
1	"Involucral bracts 3–5; achenes with beak more or less curved."	"Millotia perpusilla"
2	"Corollas with 5 (rarely 4) acute lobes more than 0.5 mm; connective apices of anthers exserted beyond corolla tube at anthesis."	3
2	"Corollas with 3 to 4 (rarely 5) more or less obtuse lobes less than 0.5 mm long; connective apices of anthers enclosed or only slightly protruding beyond corolla tube at anthesis."	4
3	"Achenes with clavate papillae (with 2 minute projections at tip); pappus bristles as long as corolla; involucral bracts more or less apiculate; corollas white to creamy-yellow."	"Millotia myosotidifolia"
3	"Achenes with short rounded or conical papillae; pappus bristles more or less a third as long as corolla; involucral bracts acute, more or less fimbriate; corollas yellow."	"Millotia greevesii"
4	"Indumentum of woolly and pale golden glandular hairs; beaks of achenes more or less level with involucre at maturity; corolla lobes more or less erect at anthesis; pappus bristles barbellate."	"Millotia tenuifolia"
4	"Indumentum of dense woolly hairs only; beaks of achenes protruding c. 2–3 mm above involucre at maturity; corolla lobes more or less spreading at anthesis; pappus bristles semiplumose"	"Millotia macrocarpa"
