from	statement	to
1	"Leaves sessile or subsessile; leaflet margins recurved to revolute; stipules absent; standard hairy."	"Genista linifolia"
1	"Leaves with petiole at least 2 mm long; leaflet margins flat; stipules present; standard more or less glabrous."	2
2	"Inflorescences 3–7-flowered, short racemes or clusters, less than 2 cm long; petioles 2–4 mm long; leaflets obovate to oblanceolate, mostly 0.5–2 cm long."	"Genista monspessulana"
2	"Inflorescences 5–26-flowered, short to elongate racemes, mostly 2–9 cm long; petioles 4–12 mm long; leaflets elliptic to obovate or oblanceolate, 0.8–3 cm long"	"Genista stenopetala"
