from	statement	to
1	"Inflorescence of several obviously pedunculate flower clusters or with only shortly pedunculate clusters."	2
1	"Inflorescence a single ovate or globose head, or an oblong head with a few subsessile lower clusters."	8
2	"Anthers 0.7–1.6 mm long."	3
2	"Anthers 0.2–0.6 mm long."	6
3	"Shoots with more or less bulbous base; peduncles to 6 cm long; tepals either pale red-brown with more or less broad creamy to hyaline margins or red-brown to dark brown, without conspicuously paler margins."	4
3	"Shoots without bulbous base; peduncles to 3 cm long; tepals red-brown to dark brown with a narrow but conspicuous, or broad, hyaline to creamy margin."	5
4	"Tepals red-brown to dark brown, without conspicuously paler margins; flowers 2.6–3.5 mm long."	"Luzula meridionalis"
4	"Tepals pale red-brown, with more or less broad creamy to hyaline margins; flowers usually 1.6–2.5 mm long."	"Luzula densiflora"
5	"Leaves moderately hairy; mature capsule usually pale yellow-brown (rarely red-brown at apex)."	"Luzula flaccida"
5	"Leaves almost glabrous except near base; mature capsule usually dark red-brown."	"Luzula novae-cambriae"
6	"Shoots without bulbous bases; mature capsule usually pale yellow-brown, rarely red-brown near apex."	"Luzula flaccida"
6	"Shoots with mostly bulbous bases; mature capsule red-brown or purple-brown throughout or red-brown above."	7
7	"Tepals all acuminate; mature capsule red-brown or purple-brown throughout; inflorescence of a central cluster with 2 or 3 smaller lateral clusters."	"Luzula ovata"
7	"Outer tepals acuminate, inner acute; mature capsule red-brown above and yellow-brown below, rarely red-brown throughout; inflorescence of more than 3 clusters."	"Luzula densiflora"
8	"Inflorescence red-brown or creamy brown; tepals with conspicuous pale brown or creamy to white membranous margins."	9
8	"Inflorescence blackish; tepals without conspicuous paler margins."	14
9	"Plants long-rhizomatous; inflorescence oblong in outline."	"Luzula modesta"
9	"Plants more or less tufted; inflorescence ovate or circular in outline."	10
10	"Leaves more or less channelled; caruncle a tenth to an eighth the length of seed."	11
10	"Leaves flat; caruncle a third to a quarter the length of seed."	12
11	"Leaves 3–5 mm wide; anthers 1.1–1.5 mm long."	"Luzula australasica"
11	"Leaves 1–2 mm wide; anthers 0.4–0.6 mm long."	"Luzula alpestris"
12	"Shoots without bulbous bases; mature capsule usually pale yellow-brown (rarely reddish at apex)."	"Luzula flaccida"
12	"Shoots with mostly bulbous bases; mature capsule red-brown or purple-brown throughout, or red-brown above."	13
13	"Tepals all acuminate; mature capsule red-brown or purple-brown throughout."	"Luzula ovata"
13	"Outer tepals acuminate, inner acute; mature capsule red-brown above and yellow-brown below, rarely red-brown throughout."	"Luzula densiflora"
14	"Slender tufted plants; flowering culms usually more than 10 cm long; leaf apex obtuse."	"Luzula atrata"
14	"Dwarf mat-forming plants; flowering culms less than 8 cm long; leaf apex acute"	"Luzula acutifolia"
