from	statement	to
1	Climbers.	Calamus
1	"Trees or shrubs."	2
2	"Leaves palmately divided (fan-shaped); flowers bisexual."	Livistona
2	"Leaves pinnately divided (feather-like); flowers unisexual."	3
3	"Leaves to 1.5 m long."	4
3	"Leaves 2–7 m long."	6
4	"Inflorescence spike-like, elongated, pendulous; no crownshaft; leaves with 6–12 pairs of pinnae irregularly shaped and arranged."	Linospadix
4	"Inflorescence panicle-like, spreading to drooping; crownshaft 20–50 cm long; leaves with numerous (>20) pairs of pinnae, regularly shaped and arranged."	5
5	"Short crownshaft to 20 cm long, green with brown scurf ."	Lepidorrhachis
5	"Elongated crownshaft to 50 cm long, glaucous ."	Hedyscepe
6	"Crownshaft 0.5–1 m long."	7
6	"No crownshaft."	8
7	"Leaflets more or less flat and held in one plane on the frond; crownshaft green."	Archontophoenix
7	"Leaflets inversely V-shaped and held semi-erect in a V-shape on the frond; crownshaft glaucous."	Hedyscepe
8	"Inflorescence spike-like, elongated, pendulous."	Howea
8	"Inflorescence panicle-like, spreading to drooping."	9
9	"Leaves with large, stout spines near base of the stalk; trunk covered in rough leaf bases or rough diamond-shaped scars from fallen leaf bases."	Phoenix
9	"Leaves without spines; trunks smooth apart from rings (circular scars) from fallen leaves."	10
10	"Fruit 10–35 cm long, with large central cavity filled with fluid."	Cocos
10	"Fruit 2–3 cm long, with small central cavity without fluid"	Syagrus
