from	statement	to
1	"Leaves hirsute, sometimes glabrescent; leaves mostly with 3–5 leaflets, rarely bipinnate; inflorescences usually 1–3-flowered."	2
1	"Leaves ± glabrous, bipinnate or pinnate with 3–5 leaflets; inflorescences mostly 6–9-flowered. Leaves 3–5-foliolate or bipinnate, prominently glandular, glabrous or glabrescent, 13–35 mm long; petiole mostly 5–9, rarely to 16 mm long; leaflets simple, flattened, broad-cuneate to oblanceolate, apex entire or 3-toothed, 3–13 mm long, 1–4 mm wide, terminal leaflets usually shorter. Inflorescences mostly 3–6-flowered (range 1 to >9 flowers); pedicels 1.5–6 mm long. Petals not persistent in fruit."	"Boronia anemonifolia subsp. variabilis"
2	"Leaves sparsely to moderately hirsute; leaflets usually <2 mm wide. Leaves 3-foliolate or rarely bipinnate with the lower leaflets ternate, glabrescent to pubescent, 4–20 mm long; petiole 2–10 mm long; leaflets terete or flattened, narrow-cuneate, apex 3-toothed; terminal leaflet 2–9 mm long, 1–2.5 mm wide, about as long as lateral leaflets. Inflorescences 1–3-flowered; pedicels 1–5 mm long. Petals persistent in fruit."	"Boronia anemonifolia subsp. anemonifolia"
2	"Leaves densely hirsute; leaflets 2–5 mm wide. Leaves 3–5-foliolate, glabrescent to pubescent, 8–18 mm long; petiole 3–8 mm long; leaflets flattened, obovate, oblanceolate or cuneate, apex entire or 3-toothed; terminal leaflet 4–9 mm long, 2–6 mm wide, shorter or the same length as the lateral leaflets. Inflorescences 3-flowered or rarely 1- or 2-flowered; pedicels 2–3.5 mm long. Petals persistence unknown."	"Boronia anemonifolia subsp. wadbilligensis"
