from	statement	to
1	"Flowers stalked below the bracteoles."	2
1	"Flowers sessile below bracteoles (i.e. bracteoles in axil of bract)."	5
2	"Cauline leaves mostly reduced to triangular scales up to 3 mm long; stems glabrous."	"Scaevola depauperata"
2	"Cauline leaves not reduced; stems hairy."	3
3	"Shrubs with thorns, often with branched hairs."	"Scaevola spinescens"
3	"Herbs or shrubs without thorns, without branched hairs."	4
4	"Bracteoles linear to oblanceolate, more than 10 mm long."	"Scaevola ramosissima"
4	"Bracteoles elliptic to oblong; less than 10 mm long."	"Scaevola hookeri"
5	"Plants hairy, occasionally more or less glabrous."	6
5	"Plants glabrous."	"Scaevola collaris"
6	"Indusium with a tuft of prominent stiff often purplish hairs at the base which are longer than the bristles on the lips."	7
6	"Indusium with short stiff usually white hairs at base shorter than bristles on lips or with longer weaker hairs in same position."	8
7	"Hairs on stem white; drier western areas and tablelands."	"Scaevola humilis"
7	"Hairs on stem yellowish; damper coastal districts."	"Scaevola aemula"
8	"Fruit fleshy, purplish white; hairs on leaves appressed; prostrate plant of coastal dunes."	"Scaevola calendulacea"
8	"Fruit dry, green; hairs on leaves not appressed; plants rarely on coastal dunes."	9
9	"Corolla densely bearded inside; drier western areas."	"Scaevola parvibarbata"
9	"Corolla with only a few scattered hairs inside; eastern areas with higher rainfall"	"Scaevola albida"
