from	statement	to
1	"Lemma awnless."	"Lachnagrostis scabra"
1	"Lemma awned."	2
2	"Lemma glabrous."	"Lachnagrostis billardierei"
2	"Lemma pubescent."	3
3	"Small alpine grass, plants 10–30 cm tall; leaves 1–7 cm long, ligule to 5 mm long; panicle to 10 cm long."	"Lachnagrostis meionectes"
3	"Plants of lower altitudes, plants 20–70 cm tall; leaves usually >7 cm long, ligule 2–8 mm long; panicle 10–30 cm long."	4
4	"Pedicels of spikelets usually diverging from the axis, spikelets c. 5 mm long, often purplish."	"Lachnagrostis aemula"
4	"Pedicels of spikelets usually close to the axis, spikelets 2–4 mm long, usually greenish"	"Lachnagrostis filiformis"
