from	statement	to
1	"Spines or bristles fused for 25% or less of their length from the base, forming a small disc or shallow cup at the base of the burr."	2
1	"Spines or bristles fused for 25% or more of their length from the base, forming a ± globular burr or involucre enclosing 1-several spikelets."	5
2	"Burr 5–11 mm long, bristles retrorsely barbed, burrs often dark purplish black."	3
2	"Burr c. 12 mm long, with one bristle longer than the others, bristles antrorsely barbed, inner bristles ciliate in the lower part."	4
3	"Spikelets 7 mm long or less, rarely exceeding the 4–7 mm long bristles; cupule at the base of the involucre usually well developed; spikelets tending to diverge from the c. 1 mm diameter axis at maturity."	"Cenchrus caliculatus"
3	"Spikelets 9 mm long or more, usually exceeding the 7–9 mm long involucral bristles; cupule well developed, often one-sided; rachis >1 mm in diam., spikelets not diverging at maturity."	"Cenchrus robustus"
4	"Inner bristles of involucre fused only at the base forming a short disc, otherwise free, bristles forming an uninterrupted ring; a variable species."	"Cenchrus ciliaris"
4	"Inner bristles of involucre fused at the base for 1–3 mm to form a shallow, often oblique cup, burr usually deeply cleft on one side."	"Cenchrus pennisetiformis"
5	"Burr consisting of an inner whorl of fused, flattened bristles or spines subtended by at least one whorl of shorter, finer bristles often united only at the base."	6
5	"Burr consisting of several whorls of flattened spines fused into a cleft, cup-like structure with spines protruding at regular intervals; ring(s) of smaller bristles absent."	7
6	"Bristles retrorsely barbed; burr 4–10 mm long, 3.5–6 mm wide; bristles often tinged with purple at the tips."	"Cenchrus echinatus"
6	"Bristles antrorsely barbed; burr 3–7 mm long, 1.5–4 mm wide, not purple tinged."	"Cenchrus setiger"
7	"Spikelets 6–7 mm long protruding from the burr which is made up of 40–70 spines; burrs with one deep cleft and sometimes purple-tinged."	"Cenchrus longispinus"
7	"Spikelets 4.5–5.5 mm long their tips scarcely protruding beyond the burr which is made up of <40 spines; burrs with two deep clefts; rarely purple-tinged"	"Cenchrus incertus"
