from	statement	to
1	"Plants stoloniferous; lemmas with straight awns."	2
1	"Plants not stoloniferous, tufted; lemmas with bent and often twisted awns."	3
2	"Spikelets 12–21 mm long; lemmas more than 6 mm long; florets 5–7."	"Amphibromus sinuatus"
2	"Spikelets 9–15 mm long; lemmas less than 6 mm long; florets 6–10."	"Amphibromus fluitans"
3	"ligule 5 mm long or less; lemmas swollen."	"Amphibromus pithogastrus"
3	"ligule 6 mm long or more; lemmas not swollen."	4
4	"Awn arising near the lemma tip, from top 30% of lemma length; lemma apex appearing constricted."	"Amphibromus neesii"
4	"Awn dorsal, arising from bottom 60% of the lemma length; apex of lemma not appearing constricted."	5
5	"Back of lemma very roughly papillose; awn arising 50–60% of the lemma length from apex which is drawn out, papery."	"Amphibromus macrorhinus"
5	"Back of lemma smooth or scabrous; awn arising 40–50% of lemma length from apex which tapers evenly"	"Amphibromus nervosus"
