from	statement	to
1	"Lemmas 2–5.5 mm long, rarely 6 mm long."	2
1	"Lemmas 6–10 mm long."	3
2	"Spikelets 12–25 mm long with 8–15 florets; lemmas appear toothed at the tip; panicle usually with less than 50 spikelets."	"Glyceria declinata"
2	"Spikelets 5–10 mm long with 4–8 florets; lemmas obtuse not toothed; panicle with 50–100 spikelets."	"Glyceria maxima"
3	"Lower glume 1-nerved, 1.5–6 mm long; lemmas subulate or obtuse."	"Glyceria australis"
3	"Lower glumes 3–5-nerved, 7–8 mm long; lemmas obtuse to acute"	"Glyceria latispicea"
