from	statement	to
1	"Lemma c. as long as broad, <3.5 mm long; summit of the crown without a cylindrical corona."	2
1	"Lemma much longer than broad, >3.5 mm long; summit of the crown forming a cylindrical corona 0.5–2.5 mm long around the base of the awn."	3
2	"Awn 2–3.5 cm long; floret 1.5–2 mm long; inflorescence fully exserted and detaching at maturity."	"Nassella trichotoma"
2	"Awn 4.5–9 cm long; floret 2–3 mm long; inflorescence often only partly exserted from sheath, detactching or not detaching at maturity."	"Nassella tenuissima"
3	"Floret c. 4 mm long; awn 35–40 mm long, column minutely scabrous with hairs less than 0.05 mm long."	"Nassella hyalina"
3	"Floret 5.5–10 mm long; awn 45–85 mm long, column scabrous or pubescent with hairs usually 0.2 mm long."	4
4	"Lower glume 8–10 mm long; floret 5.5–6 mm long; coronal spines c. 0.1 mm long."	"Nassella megapotamia"
4	"Lower glume 14–18 mm long; floret 6–10 mm long; coronal spines c. 0.5 mm long"	"Nassella neesiana"
