from	statement	to
1	"Branches, inflorescence and, at least lower surface of leaves woolly; corolla white."	2
1	"Branches, inflorescence and leaves with short or long, spreading, retrorse or antrorse hairs; indumentum never woolly."	3
2	"Petioles 3–7 cm long; leaves with lamina 5–12 cm wide with margins deeply and irregularly toothed; inflorescence much-branched; bracts stiff and spinescent, persistent in fruit."	"Salvia aethiopis"
2	"Petioles 1–2 cm long; leaves with lamina 0.7–2 cm wide with margins finely crenate; inflorescence unbranched; bracts soft, not spinescent, not persistent in fruit."	"Salvia leucantha"
3	"Branches with short, simple retrorse hairs and long, multicellular more or less spreading hairs; lamina base truncate or cordate."	4
3	"Branches with short, simple retrorse hairs only; lamina base cuneate to tapering."	5
4	"Corolla red, rarely pink; margins of leaves crenate or toothed."	"Salvia coccinea"
4	"Corolla blue-purple to lilac; margins of leaves pinnatifid to pinnatisect or incised."	"Salvia verbenaca"
5	"Leaves with margins crenate; inflorescence usually much-branched; corolla 3.5–5 mm long."	"Salvia plebeia"
5	"Leaves with margins almost entire, with shallow distant teeth; inflorescence unbranched; corolla 7–10 mm long"	"Salvia reflexa"
