from	statement	to
1	"Leaves sessile or subsessile."	2
1	"Leaves petiolate."	33
2	"Leaves with margins flat."	3
2	"Leaves with margins weakly to strongly revolute."	13
3	"Leaves with venation indistinct, apart from midvein."	4
3	"Leaves with venation distinctly reticulate or pinnate."	11
4	"Leaves viscid on upper surface."	5
4	"Leaves not viscid on upper surface."	8
5	"Leaves discolorous."	"Olearia viscidula"
5	"Leaves concolorous."	6
6	"Leaves cuneate; apex truncate, 3-lobed."	"Olearia rhizomatica"
6	"Leaves linear or oblanceolate; apex acute or rounded."	7
7	"Leaves linear; heads solitary or clustered; pappus 1- seriate."	"Olearia passerinoides"
7	"Leaves oblanceolate; heads in panicles; pappus 2- seriate."	"Olearia decurrens"
8	"Leaves flat, punctate; heads solitary."	9
8	"Leaves conduplicate, not punctate; heads in compound corymbs or leafy panicles."	10
9	"Disc florets ± 18; pappus 1-seriate, bristles ± 50."	"Olearia muelleri"
9	"Disc florets ± 21; pappus 2-seriate, bristles ± 74."	"Olearia calcarea"
10	"Leaves without a mucro; heads in compound corymbs; disc florets yellow."	"Olearia glandulosa"
10	"Leaves mucronate; heads in leafy panicles; disc florets pink."	"Olearia suffruticosa"
11	"Leaves discolorous; ray florets ± 30; disc florets ± 20."	12
11	"Leaves concolorous; ray florets ± 39; disc florets ± 86."	"Olearia rudis"
12	"Ray florets 8–15; disc florets 7–16; pappus bristles ± 43."	"Olearia canescens"
12	"Ray florets 16–30; disc florets 15–20; pappus bristles ± 44."	"Olearia phlogopappa"
13	"Leaves with venation distinctly reticulate."	"Olearia rosmarinifolia"
13	"Leaves with venation indistinct, apart from midvein."	14
14	"Leaves viscid on upper surface."	"Olearia iodochroa"
14	"Leaves not viscid on upper surface."	15
15	"Leaves discolorous."	16
15	"Leaves concolorous."	29
16	"Disc florets blue or mauve."	"Olearia ramosissima"
16	"Disc florets cream or yellow."	17
17	"Heads axillary."	18
17	"Heads terminal."	21
18	"Leaves grey-woolly or minutely tuberculate on upper surface."	19
18	"Leaves glabrous or subglabrous on upper surface."	20
19	"Leaves grey-woolly, peduncles ± 3 mm long."	"Olearia axillaris"
19	"Leaves minutely tuberculate, peduncles ± 14 mm long."	"Olearia ramulosa"
20	"Leaves scattered, lamina linear or obovate, ± 5 mm long; heads pedunculate."	"Olearia subspicata"
20	"Leaves crowded, lamina elliptic or narrow-obovate ± 3 mm long; heads sessile."	"Olearia algida"
21	"Leaves tuberculate on upper surface."	22
21	"Leaves not tuberculate."	24
22	"Heads ± 22 mm in diam.; disc florets blue or yellow."	"Olearia ramosissima"
22	"Heads ± 20 mm in diam.; disc florets yellow."	23
23	"Leaves narrow- to broad-spathulate."	"Olearia microphylla"
23	"Leaves linear, narrow-elliptic or narrow-obovate."	"Olearia ramulosa"
24	"Leaves stellate-hairy."	"Olearia asterotricha"
24	"Leaves not stellate-hairy."	25
25	"Heads distinctly pedunculate."	26
25	"Heads sessile or subsessile."	27
26	"Disc florets ± 10."	"Olearia burgessii"
26	"Disc florets ± 14."	"Olearia pimeleoides"
27	"Achenes not glandular."	"Olearia floribunda"
27	"Achenes glandular."	28
28	"Leaves clustered, ± 0.8 mm wide."	"Olearia lepidophylla"
28	"Leaves scattered, ± 1 mm wide."	"Olearia minor"
29	"Leaves narrow-elliptic to narrow-obovate or cuneate, glabrous to subglabrous or tomentose."	30
29	"Leaves linear, glandular or finely pubescent."	31
30	"Leaves glabrous to subglabrous; achenes glabrous or subglabrous."	"Olearia magniflora"
30	"Leaves tomentose; achenes silky and glandular."	"Olearia incana"
31	"Ray florets ± 18; disc florets ± 35."	32
31	"Ray florets ± 30; disc florets ± 39."	"Olearia flocktoniae"
32	"Disc florets ± 33; pappus with an outer row of short bristles."	"Olearia tenuifolia"
32	"Disc florets ± 33; pappus without an outer row of short bristles."	"Olearia cordata"
33	"Leaves alternate."	34
33	"Leaves opposite."	50
34	"Leaves viscid on upper surface."	"Olearia elliptica"
34	"Leaves not viscid on upper surface."	35
35	"Pappus bristles pink."	"Olearia myrsinoides"
35	"Pappus bristles white or straw-coloured."	36
36	"Leaves with venation reticulate or indistinct apart from midvein."	37
36	"Leaves with venation pinnate."	47
37	"Heads axillary."	"Olearia quercifolia"
37	"Heads terminal."	38
38	"Disc florets purple."	"Olearia montana"
38	"Disc florets cream or yellow."	39
39	"Heads ± 40 mm in diam."	"Olearia stilwelliae"
39	"Heads ± 32 mm in diam."	40
40	"Heads solitary or clustered."	41
40	"Heads in panicles or corymbs."	42
41	"Ray florets ± 15; pappus 2-seriate."	"Olearia lasiophylla"
41	"Ray florets ± 16; pappus multiseriate."	"Olearia phlogopappa"
42	"Heads in corymbs."	43
42	"Heads in panicles."	46
43	"Heads sessile."	"Olearia oliganthema"
43	"Heads pedunculate."	44
44	"Ray achenes minutely strigose; disc achenes densely glandular; pappus bristles 30–36."	"Olearia heterocarpa"
44	"Ray and disc achenes glabrous; pappus bristles 26–80."	45
45	"Leaves minutely silver-tomentose on lower surface; pappus bristles ± 44."	"Olearia argophylla"
45	"Leaves beige-tomentose on lower surface; pappus bristles ± 50."	"Olearia megalophylla"
46	"Disc florets cream; achenes silky; pappus with an outer row of short bristles."	"Olearia stellulata"
46	"Disc florets yellow; achenes glabrous; pappus without an outer row of short bristles."	"Olearia erubescens"
47	"Leaves grey-pubescent on upper surface."	"Olearia gravis"
47	"Leaves glabrous or subglabrous on upper surface."	48
48	"Leaves silver-felted on lower surface; pappus without an outer row of short bristles."	"Olearia cydoniifolia"
48	"Leaves brown-, beige- or grey-felted on lower surface; pappus with an outer row of short bristles."	49
49	"Leaves ovate, margins prickly or toothed, apex acute; peduncle ± 35 mm long."	"Olearia nernstii"
49	"Leaves elliptic, margins toothed or sinuately lobed, apex obtuse or rounded; peduncle ± 70 mm long."	"Olearia tomentosa"
50	"Heads in panicles."	"Olearia chrysophylla"
50	"Heads in simple or compound corymbs."	51
51	"Ray florets ± 4; disc florets ± 4."	52
51	"Ray florets ± 6; disc florets ± 6."	53
52	"Pappus bristles pink."	"Olearia aglossa"
52	"Pappus bristles white or straw-coloured."	"Olearia covenyi"
53	"Leaves beige-tomentose on lower surface, margins flat, petiole ± 30 mm long."	"Olearia megalophylla"
53	"Leaves grey-tomentose on lower surface, margins revolute, petiole ± 12 mm long."	54
54	"Leaves with margins entire; peduncles ± 25 mm long."	"Olearia alpicola"
54	"Leaves with margins toothed; peduncles ± 50 mm long"	"Olearia oppositifolia"
