from	statement	to
1	"Flowers unisexual and plants dioecious; corolla 4–7 mm long, inner surface glabrous. Leaves 5–15 mm long. Ovary with short sparse or long dense hairs. Female flowers with corolla 4–6 mm long; anthers small, pale without pollen; ovary 4–5 mm long, ovules fertile. Male flowers with corolla usually 4–7 mm long; anthers blue-black, pollen fertile; stigma rarely exerted from the anther tube, ovary 1–2 mm long, ovules absent or rarely 1 or 2."	"Isotoma fluviatilis subsp. fluviatilis"
1	"Flowers bisexual; corolla 6–15 mm long, inner surface hairy."	2
2	"Corolla 6–10 mm long; leaves 5–12 mm long, 2–5 mm broad; pedicels 5–40 mm long in flower, to 60 mm in fruit. Corolla tube and lobes hairy inside. Ovary glabrous or minutely pubescent."	"Isotoma fluviatilis subsp. borealis"
2	"Corolla 7–15 mm long; leaves 5–13 mm long, 2–7 mm wide; pedicels 3–85 mm long. Corolla blue, rarely pinkish, tube and lobes hairy inside. Ovary mostly glabrous"	"Isotoma fluviatilis subsp. australis"
