from	statement	to
1	"Sepals awned at or below the apex; corolla trumpet-shaped."	2
1	"Sepals not distinctly awned, corolla funnel-shaped or campanulate."	4
2	"Leaves pinnately divided into linear lobes; corolla red."	"Ipomoea quamoclit"
2	"Leaves with margins entire or shallowly lobed."	3
3	"Corolla red, less than 5 cm long."	"Ipomoea hederifolia"
3	"Corolla white, more than 5 cm long."	"Ipomoea alba"
4	"Corolla less than 3 cm long."	5
4	"Corolla more than 3 cm long."	8
5	"Erect or decumbent herb; corolla pink."	"Ipomoea polymorpha"
5	"Trailing or twining herb; corolla white."	6
6	"Sepals and corolla glabrous; stems coarse, trailing."	"Ipomoea diamantinensis"
6	"Sepals ciliate; mid-petaline band hairy; stems trailing or twining."	7
7	"Stems twining; leaves cordate."	"Ipomoea plebeia"
7	"Stems trailing; leaves attenuate or rounded at the base."	"Ipomoea lonchophylla"
8	"Leaves palmately divided to the base."	"Ipomoea cairica"
8	"Leaves entire or lobed."	9
9	"Stems trailing; leaves more or less leathery, rounded, emarginate."	"Ipomoea brasiliensis"
9	"Stems twining; leaves herbaceous, ovate, acuminate."	10
10	"Sepals acute, less than 15 mm long; inflorescence 1- to few-flowered, bracteoles less than 7 mm long."	"Ipomoea purpurea"
10	"Sepals long attenuate, more than 15 mm long; inflorescence many-flowered, bracteoles more than 1 cm long"	"Ipomoea indica"
