from	statement	to
1	"Siliqua less than 2 cm long, conical, erect, at least pedicel closely appressed to stem."	"Sisymbrium officinale"
1	"Siliqua more than 2 cm long, linear, spreading from spreading pedicel."	2
2	"Flowers large, the petals more than 5 mm long, style more than 1 mm long; plants scabrous to pubescent."	3
2	"Flowers small, petals less than 5 mm long, style less than 1 mm long; plants glabrous or softly hairy."	5
3	"Inflorescence with bracts; pedicels usually 5–20 mm long; cotyledons longitudinally folded."	"Sisymbrium thellungii"
3	"Inflorescence without bracts; pedicels less than 10 mm long; cotyledons flat."	4
4	"Outer sepals not horned; upper leaves petiolate, entire or sagittate with the terminal lobe oblong or lanceolate."	"Sisymbrium orientale"
4	"Outer sepals horned; upper leaves more or less sessile, pinnatisect with the terminal lobe linear."	"Sisymbrium altissimum"
5	"Siliqua curved, spreading; pedicel slender, 6–10 mm long; petals more than 2.5 mm long."	"Sisymbrium irio"
5	"Siliqua straight, horizontal; pedicel thick, 2–5 mm long; petals less than 2.5 mm long"	"Sisymbrium erysimoides"
