from	statement	to
1	"Flowers in cymes or racemes."	2
1	"Flowers solitary."	3
2	"Inflorescence usually 10–20 cm long, much exceeding leaves; flowers well-spaced; lamina 0.5–9 cm long."	"Hybanthus monopetalus"
2	"Inflorescence usually shortly exceeding the leaves; flowers more or less crowded; lamina 0.5–3.5 cm long."	"Hybanthus floribundus"
3	"Lower petal 4–8 mm long."	"Hybanthus floribundus"
3	"Lower petal 8–15 mm long."	4
4	"Petals blue-mauve; margins of leaves revolute or recurved."	5
4	"Petals orange or yellow; margins of lamina recurved to flat."	"Hybanthus stellarioides"
5	"Lateral petals lanceolate-falcate, 4.5–5 mm long."	"Hybanthus enneaspermus"
5	"Lateral petals broad-oblong, 1.5–3 mm long"	"Hybanthus vernonii"
