from	statement	to
1	"Erect herb, stems not rooting at the nodes; flowering region more or less obvious because of the very small bract-like leaves; lower leaves mostly not persistent after flowering."	"Polygonum bellardii"
1	"Prostrate to decumbent herbs, commonly mat-forming, stems often rooting at the nodes; flowering region not obvious, leaves all similar or somewhat smaller in the flowering region but not bract-like; leaves usually persistent."	2
2	"Leaves narrow-elliptic to narrow-ovate, 5–50 mm long, 2–15 mm wide, with lateral veins visible on lower surface, margins flat, wavy or rarely recurved; stems to 100 cm long."	3
2	"Leaves linear-oblong to very narrow-elliptic, 3–20 mm long, 1–3.5 mm wide, lateral veins not visible, margins mostly strongly recurved (flatter on large leaves); stems to c. 15 cm long."	"Polygonum plebeium"
3	"Branch leaves about half the size of stem leaves; perianth divided for about two-thirds its length, tapering abruptly below nut; nut with 3 subequal concave faces."	"Polygonum aviculare"
3	"All leaves of similar size; perianth divided for about half its length, tapering gradually to base; nut with 2 more or less convex faces and 1 narrower concave face"	"Polygonum arenastrum"
