from	statement	to
1	"Leaves scale-like and exuding white latex when cut."	"Cynanchum viminale"
1	"Leaves obvious and longer than 1.5 cm long, exuding clear watery latex when cut."	2
2	"Leaves thick (semi-succulent), fleshy, but firm, without glands at base of lamina."	"Cynanchum carnosum"
2	"Leaves thin, soft, with 1–3 glands at base of lamina."	3
3	"Most leaves with apex long-attenuate, triangular or narrow-triangular; corona lobes 20, much longer than anthers, long-attenuate, erect; cymes dense."	"Cynanchum floribundum"
3	"Most leaves with apex abruptly acuminate, or acute, ovate or ovate-cordate; corona lobes 5, about same length or slightly longer than anthers, abruptly narrowed and curved inwards; inflorescence sparse"	"Cynanchum elegans"
