from	statement	to
1	"Leaves mostly less than 8 cm long; berries more or less globose; petals 0, 2, or more than 2."	2
1	"Leaves mostly more than 8 cm long; berries ovoid to oblong; petals usually 2."	4
2	"Leaves lanceolate to oblong-elliptic, shortly petiolate, green on both surfaces; flowers more than 10 mm diam."	"Tasmannia lanceolata"
2	"Leaves oblanceolate to spathulate, sessile, glaucous or green on lower surface; flowers small, mostly less than 10 mm diam."	3
3	"Lower surface of leaves green, not papillose; petals usually 2, sometimes to 5, white to yellow."	"Tasmannia xerophila"
3	"Lower surface of leaves glaucous, densely papillose; petals absent."	"Tasmannia glaucifolia"
4	"Leaves with lamina distinctly truncate and usually auriculate at base, borne on a distinct petiole 2–4 mm long; carpels and berries sessile, solitary."	"Tasmannia insipida"
4	"Leaves neither truncate nor auriculate at base, more or less sessile; carpels and berries stalked, 2–9 per female flower."	5
5	"Leaves oblanceolate, obtuse, mostly 8–18 cm long, 3–5 cm wide; secondary veins forming angle of c. 450 with the midvein."	"Tasmannia purpurascens"
5	"Leaves narrow-lanceolate to narrow-elliptic, usually 8–13 cm long, 1–2 cm wide; secondary veins forming angle of c. 300 with the midvein"	"Tasmannia stipitata"
