from	statement	to
1	"At least some leaves with more than 3 leaflets."	"Cullen tenax"
1	"Leaves 3-foliolate."	2
2	"Terminal leaflet more or less sessile and close to the lateral ones; margins of leaflets entire."	3
2	"Terminal leaflets petiolulate and distant from the lateral ones; margins of leaflets toothed."	4
3	"Leaflets usually less than 5 mm wide, but always less than 10 mm wide; mostly more than 4 times as long as wide."	"Cullen tenax"
3	"Leaflets usually more than 10 mm wide; mostly less than 4 times as long as wide."	"Cullen microcephalum"
4	"Calyx 2–3 mm long, open in fruit; pod protruding from calyx."	"Cullen cinereum"
4	"Calyx 3–10 mm long, not open in fruit; pod enclosed within calyx."	5
5	"Small shrubs; stems 0.5–2.5 m high, erect; inflorescences interrupted; plants of heavy soils."	"Cullen australasicum"
5	"Herbs; stems usually less than 0.5 m long, usually prostrate or ascending; inflorescences continuous, dense; plants of sandy soils."	6
6	"Petals protruding before and after anthesis for at least 1 mm; stems ascending then decumbent."	"Cullen pallidum"
6	"Petals enclosed before anthesis and not visible; stems prostrate."	7
7	"Calyx silky, visible under long stout spreading hairs, gland-dotted."	"Cullen graveolens"
7	"Calyx villous, hidden by dense appressed white hairs; glands on the calyx concealed or lacking"	"Cullen patens"
