from	statement	to
1	"Leaves and involucral bracts glabrous except for finely ciliate margins."	2
1	"Leaves and involucral bracts velvety to hirsute."	3
2	"Densely tufted, often cushion-forming plant, less than 10 cm high; peduncles more or less equal or just exceeding the leaves in fruit; leaf sheaths ciliate; petioles less than 4 cm long; bracts obtuse."	"Oreomyrrhis pulvinifica"
2	"Tufted, rosette-forming plant, usually more than 15 cm high; peduncles well exceeding leaves in fruit; leaf sheaths glabrous; petioles more than 5 cm long; bracts acute."	"Oreomyrrhis ciliata"
3	"Plants with stem branched, branches numerous; peduncles 50–75, in upper axils; umbels 10–15-flowered; pedicels shorter than involucre; fruit 5–10 per umbel."	"Oreomyrrhis brevipes"
3	"Plants without an obvious stem, leaves in a basal rosette; umbels more than 15-flowered; peduncles to 25 from the base; pedicels usually longer than involucre; fruit usually more than 10 per umbel."	4
4	"Plant shining silvery; petioles stout, often shorter than lamina; involucral bracts 6–8."	"Oreomyrrhis argentea"
4	"Plant hirsute but not silvery; petioles slender, usually longer than lamina; involucral bracts 8–12"	"Oreomyrrhis eriopoda"
