from	statement	to
1	"Umbels usually 8–14-flowered."	"Lotus uliginosus"
1	"Umbels mostly 1–7-flowered or occasionally to 8."	2
2	"Flowers purple, red to pink or white."	3
2	"Flowers yellow."	5
3	"Umbels 3–8-flowered, peduncles much longer than subtending leaves; corolla usually pink to white."	"Lotus australis"
3	"Umbels 1–3-flowered, peduncles about same length or shorter than the subtending leaves; corolla usually red."	4
4	"Corolla <10 mm long; leaflets usually <10 mm long; pods not winged."	"Lotus cruentus"
4	"Corolla >15 mm long; leaflets >10 mm long; pods with wings c. 2 mm wide."	"Lotus tetragonolobus"
5	"Flowers >9 mm long; umbels 2–8-flowered."	6
5	"Flowers <9 mm long; umbels 1–4-flowered."	7
6	"Teeth of calyx equal to or shorter than tube; pods usually 1.5–3 cm long; perennials."	"Lotus corniculatus"
6	"Teeth of calyx about 1.5 times as long as tube; pods mostly 3–4.5 cm long; annuals."	"Lotus preslii"
7	"Pods 6–15 mm long; umbels 2–4-flowered; keel with a long beak bent upwards from near base."	"Lotus subbiflorus"
7	"Pods 20–30 mm long; umbels 1- or 2-flowered; keel with a short beak bent upwards from the middle."	"Lotus angustissimus"
