from	statement	to
1	"Mericarps distinctly awned at upper outer edge."	2
1	"Mericarps obtuse or angled at upper outer edge."	4
2	"Fruit black, c. 20 mm diam."	"Abutilon theophrasti"
2	"Fruit green, less than 10 mm diam."	3
3	"Fruit only slightly exceeding calyx."	"Abutilon malvifolium"
3	"Fruit usually twice as long as calyx."	"Abutilon oxycarpum"
4	"Fruit either papery or straight-sided and truncate; corolla 3–14 mm long."	5
4	"Fruit divergent and depressed, not papery; corolla 10–25 mm long."	6
5	"Fruit papery, divergent and depressed; corolla 12–14 mm long."	"Abutilon halophilum"
5	"Fruit hard, green, straight-sided and truncate; corolla 3–4 mm long."	"Abutilon macrum"
6	"Corolla more or less equalling calyx."	7
6	"Corolla much longer than calyx."	8
7	"Calyx strongly 5-keeled in lower half, depressed in centre in fruit; pubescence velvety-grey."	"Abutilon otocarpum"
7	"Calyx not as above; pubescence hoary, usually blue-green."	"Abutilon cryptopetalum"
8	"Corolla less than 25 mm long; calyx lobes longer than tube."	9
8	"Corolla more than 25 mm long; calyx lobes shorter than tube."	10
9	"Calyx 7–8 mm long; stipules linear-subulate; flowers always solitary."	"Abutilon fraseri"
9	"Calyx 10–15 mm long; stipules narrow-ovate; flowers often in few-flowered panicles."	"Abutilon grandifolium"
10	"Calyx narrow-tubular; mericarps angled."	"Abutilon tubulosum"
10	"Calyx broad-tubular, campanulate; mericarps obtuse"	"Abutilon leucopetalum"
