from	statement	to
1	"Leaves up to 2.5 mm wide, strongly discolorous, margins distinctly revolute, tapering to a prominent aristate apex, pungent; veins prominently raised abaxially, unbranched, c. 5; flowers not pedicellate above the bracteoles."	"Agiortia cicatricata"
1	"Leaves up to 5 mm wide, discolorous or not, margins flat or only slightly incurved, the apex blunt or acute but not pungent; veins distinct on the abaxial surface but not prominently raised, numerous, subparallel, branching distally and to the margins; flowers shortly pedicellate above the bracteoles."	2
2	"Lamina discolorous, abaxial surface glaucous and bearing lines of minute papillae between the veins."	"Agiortia pedicellata"
2	"Lamina not markedly discolorous, abaxial surface paler green but not glaucous, without lines of papillae between the veins"	"Agiortia pleiosperma"
