from	statement	to
1	"Anthers more or less laterally dehiscent; staminodes densely hairy; hairs stellate (<i>Commersonia</i> s. str.)."	2
1	"Anthers extrorsely dehiscent; staminodes glabrous (<i>Androcalva</i>)."	9
2	"Staminodes 3 between each stamen; tree (shrub-like when juvenile or regrowth form); inflorescence with 50–200 flowers; flowers cream-coloured."	"Commersonia bartramia"
2	"Staminodes 1 between each stamen; shrubs; inflorescence with 1 to many flowers; flowers white, pink or yellow."	3
3	"Upper surface of leaf with few, scattered hairs towards margin or glabrous throughout."	4
3	"Upper surface of leaf moderately to very densely hairy."	5
4	"Leaf elliptic to narrowly elliptic, chartaceous; petioles less than 5 mm long; shrub, prostrate, becoming procumbent; fruit with setae up to 0.9 mm long."	"Commersonia hermanniifolia"
4	"Leaf ovate, thin pliable; petioles 10–20 mm long; prostrate mat; fruit with setae more than 2 mm long. (NSW: N of Newcastle to Vic: Gippsland Lakes)."	"Commersonia prostrata"
5	"Petal base prominently gibbous (cup-like) below and above petal attachment point."	"Commersonia amystia"
5	"Petal base not gibbous, or gibbous only above petal attachment point."	6
6	"Lower and upper surface of leaf densely hairy; hairs long, stellate, all equally long; fruit setae have apical hairs with reflexed arms."	"Commersonia dasyphylla"
6	"Lower surface of leaf tomentose with long, stellate hairs; upper surface with stellate hairs shortly armed; fruit setae have apical hairs with erect or horizontal arms."	7
7	"Leaf narrowly ovate; margin mainly entire; petals absent or less than 3 mm long; ligule up to 1.7 mm long."	"Commersonia salviifolia"
7	"Leaf ovate or elliptic; margin serrulate; petals 2.1–3.8 mm long; ligule 1.3–2.9 mm long."	8
8	"Mature leaves ovate or narrowly ovate; anther filaments mainly stellate hairy; fruit with setae dense throughout, up to 4.6 mm long."	"Commersonia rugosa"
8	"Mature leaves narrowly elliptic or elliptic, rarely ovate; anther filaments mainly glabrous; fruit with setae scattered towards apex, up to 0.9 mm long."	"Commersonia breviseta"
9	"Staminodes three between each stamen, all narrowly spathulate, petaloid, glabrous; leaf with apex acute; pedicels articulated; capsules with conspicuous, triangular wings."	10
9	"Staminodes 1–3 between each stamen, with central or single staminode petaloid, ovate or narrowly triangular; lateral staminodes (when present) terete,linear or clavate and apical third minutely papillose; leaf with apex obtuse to subacute; pedicels not articulated; capsules lacking conspicuous wings."	12
10	"Stems and pedicels with conspicuous, red-tipped, clavate, glandular trichomes, much longer than stellate hairs."	"Commersonia viscidula"
10	"Stems and pedicels without glandular trichomes, or glandular trichomes inconspicuous and shorter than, or as long as stellate hairs."	11
11	"Stem and flowering stems with white, stellate hairs, or hairs white with pale brown centres, c. 0.5 mm long."	"Commersonia fraseri"
11	"Stem and flowering stems with long golden to ferruginous stellate hairs, c. 1 mm long."	"Commersonia rossii"
12	"Petals with ligule narrower at apex than at base, either narrowly triangular, triangular, ovate or narrowly ovate with apex blunt, or narrowly oblong with base only very slightly broader base. Petal base (when lateral lobes flattened) 2–4.5mm across."	"Commersonia rosea"
12	"Petal with ligule broader towards apex than base, orbicular, suborbicular, obovate, spathulate; petal base (when flattened) less than 2.5 mm wide"	"Commersonia procumbens"
