from	statement	to
1	"Perennials of more or less permanently aquatic habitats."	2
1	"Annuals or ephemerals of ephemerally wet habitats or damp ground."	3
2	"Slender rhizomatous plants of coastal salt marsh; fertile carpels (3) alternating with sterile ones."	"Triglochin striata"
2	"Caespitose plants with root tubers and thick rhizomes of slightly saline to freshwater habitats; all carpels (usually 6) fertile."	"Triglochin procera"
3	"All carpels fertile; individual fruit cylindrical with a short conical summit; each carpel rounded on the back, with 2 short, spreading spurs at the base."	"Triglochin turrifera"
3	"Fertile carpels alternating with sterile ones; individual fruit tapered or angular, not cylindrical with a conical top; fertile carpels either keeled or winged, with or without basal spurs."	4
4	"Fruit about twice as long as wide; fertile carpels each with 2 angular wings and no basal spurs."	"Triglochin hexagona"
4	"Fruit more or less linear, tapering gradually towards apex; fertile carpels more or less keeled, wings absent, each with 2 basal conspicuous or inconspicuous spurs."	5
5	"Basal spurs on carpel incurved, conspicuous."	"Triglochin calcitrapa"
5	"Basal spurs of carpels straight, not prominent"	"Triglochin centrocarpa"
