from	statement	to
1	"Seed coat shiny, smooth to colliculate, no cells with tubercles, lateral cells elongate, seeds 1–1.5 mm diam."	"Montia fontana subsp. fontana"
1	"Seed coat with at least some cells tuberculate."	2
2	"Seed coat dull, all cells with obtuse to rounded tubercles, lateral cells ± hexagonal, occasionally elongate, seeds 1–1.2 mm diam."	"Montia fontana subsp. chondrosperma"
2	"Seed coat ± shiny, cells of keel with acute tubercles, lateral cells elongate, colliculate and without tubercles, seeds 0.7–1 mm diam"	"Montia fontana subsp. amporitana"
