from	statement	to
1	"Leaves with base of lamina subcordate, slightly clasping branch, hence lamina distinctly sessile; margin variously serrate, never lobed."	2
1	"Leaves with base of lamina acute, attenuate, tapering or narrow; lamina shortly petiolate or superficially appearing so, but never clasping branch; margin variously pinnatifid, or at least with some leaves variously toothed or sometimes with margin of some leaves entire."	4
2	"Bracts conspicuously longer than calyx; corolla-tube c. 3 times longer than calyx."	"Verbena rigida"
2	"Bracts shorter than, equal to or slightly longer than calyx; corolla-tube up to 2 times longer than calyx."	3
3	"Corolla-tube distinct, much longer than calyx; bracts, calyx and peduncles distinctly glandular; mericarps 1.5–1.8 mm long."	"Verbena bonariensis"
3	"Corolla-tube only slightly longer than calyx; bracts, calyx and peduncles only occasionally with a few stalked glands; mericarps 1.3–1.5 mm long."	"Verbena incompta"
4	"Lower leaves with margin variously pinnatifid or pinnatisect; ultimate divisions narrowly linear, or subulate to narrowly obovate (note: upper leaves smaller, with margin incised to subentire)."	5
4	"Leaves (upper and lower) with margin variously toothed or sometimes with margin of some leaves entire, never pinnatifid or pinnatisect; ultimate divisions more or less obliquely ovate to triangular."	6
5	"Calyx 5-toothed, long-tubular, 6–9 mm long; corolla tube 11–14 mm long; spike with flowers overlapping each other."	"Glandularia aristigera"
5	"Calyx 4-toothed, to c. 3 mm long; corolla tube 1.5–2 mm long; spike with flowers not or just overlapping each other."	"Verbena supina"
6	"Branches moderately glandular distally."	7
6	"Branches non-glandular."	8
7	"Branches with eglandular hairs antrorse; calyx 5-toothed; infloresnce spikes compact, 6–12 mm diameter."	"Verbena hispida"
7	"Branches with eglandular hairs variously spreading; calyx 4-toothed; inflorescence slender, 5–6 mm diameter."	"Verbena macrostachya"
8	"Calyx 4-toothed; branches glabrous, except for a few hairs on or near nodes."	"Verbena caracasana"
8	"Calyx 5-toothed; branches variously hairy throughout, may be sparsely so, or glabrous."	9
9	"Flowers crowded, opening together in whorls."	"Verbena quadrangularis"
9	"Flowers distant, opening singly along inflorescence axis."	10
10	"Leaves deeply incised, such that lamina reduced to a central narrow rachis with long, narrow lobes (teeth); inflorescence lacking glands."	"Verbena gaudichaudii"
10	"Leaves variously serrate, but lamina not reduced to a central rachis; inflorescences glandular or eglandular (V. x brasiliensis and V. litoralis)."	11
11	"Inflorescences eglandular."	12
11	"Inflorescences, bracts and calyces distinctly glandular."	13
12	"Inflorescences consisting of long slender spikes, with flowers spaced along axis, flowers opening together in a narrow zone near apex of inflorescence; lower leaves variously acutely serrate, 1- or 2-pinnatifid."	"Verbena litoralis"
12	"Inflorescences consisting of long slender spikes, with flowers crowded together, flowers opening together in distal part of inflorescences, but in a broader zone than for V. litoralis; lower leaves coarsely serrate, never pinnatifid."	"Verbena x brasiliensis"
13	"Leaves with margin bluntly serrate, 1- or 2-pinnatifid; corolla twice as long as calyx; bracts shorter than calyx."	"Verbena officinalis"
13	"Leaves with margin serrate, never pinnatifid; corolla slightly longer than calyx; bracts at least reaching top of calyx or shorter than calyx"	"Verbena africana"
