from	statement	to
1	"Leaflets glabrous above and scarcely silky to densely silky below."	2
1	"Leaflets hairy on both surfaces."	3
2	"Leaflets 5–9; raceme 5–20 cm long."	"Lupinus angustifolius"
2	"Leaflets 9–17; raceme 20–60 cm long."	"Lupinus polyphyllus"
3	"Flowers bright yellow, strongly scented; seeds smooth; stipules dimorphic, those of lower leaves subulate, c. 8 mm long, those of upper leaves narrow-obovate or oblanceolate, 12–25 mm long."	"Lupinus luteus"
3	"Flowers mostly blue, scarcely scented; seeds rough; stipules not dimorphic, mostly subulate c. 8 mm long."	4
4	"Stem hairs ≤1 mm long; pedicels 2–4 mm long; seeds 6–9 mm diam."	"Lupinus cosentinii"
4	"Stem hairs 2–4 mm long; pedicels 5–9 mm long; seeds 10–14 mm diam."	"Lupinus pilosus"
