from	statement	to
1	"Leaves simple."	2
1	"Leaves compound, paripinnate with 2 or more leaflets."	3
2	"Leaves usually more than 8 times as long as wide, margins always entire."	"Alectryon oleifolius"
2	"Leaves usually less than 8 times as long as wide, at least some leaves with margins irregularly toothed."	"Alectryon diversifolius"
3	"Leaflets entire."	4
3	"Leaflets toothed."	6
4	"Leaves with usually 2 or rarely 4 or 6 leaflets, discolorous with lower surface pale grey-green."	5
4	"Leaves usually 4–6 or sometimes 2 leaflets, both surfaces more or less dark green."	"Alectryon subcinereus"
5	"Apex of leaflets obtuse; confined to rainforest and scrub near the sea."	"Alectryon coriaceus"
5	"Apex of leaflets shortly acuminate; in dry rainforest and scrub in the escarpment gorges and Western Slopes."	"Alectryon forsythii"
6	"Leaves, branchlets and fruit glabrous or finely pubescent; leaflets 2–6; fruit usually 2-lobed."	7
6	"Leaves, branchlets and fruit rusty-tomentose; leaflets 4–8; fruit usually 3-lobed."	"Alectryon tomentosus"
7	"Leaflets usually more than 2 times as long as wide; lobes of fruit globose, glabrous; apex of leaflets mostly acuminate."	"Alectryon subcinereus"
7	"Leaflets less than 2 times as long as wide; lobes of fruit more or less compressed at margins, hairy; apex of leaflets obtuse to more or less acute"	"Alectryon subdentatus"
