from	statement	to
1	"Lemma terminating in 2 fine bristles 3–12 mm long."	2
1	"Lemma with 2 small teeth or lobes less than 2 mm long."	3
2	"Rachilla not disarticulating between the florets at maturity (florets separated by fracturing the rachilla); bristles on lemma often with lateral teeth; glumes 7–9-nerved."	"Avena strigosa"
2	"Rachilla disarticulating between florets at maturity; bristles on lemma usually without lateral teeth; glumes 9- or 10-nerved."	"Avena barbata"
3	"Lemmas (at least the lower 2) conspicuously hairy in the lower part; awn twisted and geniculate."	4
3	"Lemmas glabrous or with a few hairs at the base and at the sides; awn often straight or not strongly geniculate and scarcely twisted."	6
4	"Rachilla disarticulating above the glumes but not between the florets at maturity so that the florets fall as a unit or separate by fracture of the rachilla; spikelets 25–45 mm long."	5
4	"Rachilla disarticulating above the glumes and between the florets at maturity; spikelets 18–25 mm long."	"Avena fatua"
5	"Lowest lemma 25–33 mm long; ligule 6–8 mm long; awn stout, 6–9 cm long."	"Avena sterilis"
5	"Lowest lemma 18–25 mm long; ligule 3–4 mm long; awn slender, 3–6 cm long."	"Avena ludoviciana"
6	"Spikelets with 2 or 3 florets; most of the rachilla remaining with the lower floret; awn, when present, with a distinct column."	"Avena sativa"
6	"Spikelets usually with 3 florets (sometimes 4); most of the rachilla remaining with the upper floret(s); awn without a distinct column"	"Avena byzantina"
