from	statement	to
1	"Fruit fleshy; flowers more than 8 mm long and arranged in heads; leaves distinctly petiolate, or shortly so."	2
1	"Fruit dry; flowers less than 8 mm long, but if more then arranged in elongated spikes; leaves variable but not as above."	3
2	"Flowers arranged in elongated spikes, 10–30 cm long; fruit (5-)7–10(-14) mm diam., enclosed by an orange-coloured calyx; leaves ovate, elliptic or obovate."	Duranta
2	"Flowers arranged in heads, up to 3 cm diam.; fruit 4–6 mm diam., purplish black, not enclosed by coloured calyx; leaves more or less ovate."	Lantana
3	"Herbs with trailing or ascending branches and leaves not divided into segments; fruit separating into two mericarps."	Phyla
3	"Herbs with erect branches or occasionally branches trailing and then leaves divided into segments; fruit separating into four mericarps."	4
4	"Inflorescence a simple spike or panicle of spikes, often branched; style short, up to 3 times as long as ovary."	Verbena
4	"Inflorescence a contracted head, unbranched; style long, more than 3 times as long as ovary"	Glandularia
