from	statement	to
1	"Leaves opposite, mostly regularly toothed, sometimes more or less entire."	"Mallotus claoxyloides"
1	"Leaves alternate, margins not toothed, entire or almost so."	2
2	"Shoots and main veins covered with whitish hairs; fruit and leaves without red granular glands, lower surface of leaves covered with minute yellowish surface glands; inflorescence axillary, unbranched."	"Mallotus discolor"
2	"Shoots and main veins rusty-hairy; fruit and lower surface of leaves covered with red, often granular, surface glands; inflorescence terminal, mostly branched"	"Mallotus philippensis"
