from	statement	to
1	"Sori circular, often in the fork between the lobes of ultimate segments."	2
1	"Sori linear, marginal, covered by false indusia formed from recurved margins of the segments."	3
2	"Indusium cup-like with the outer, false, indusium fused to the inner indusium."	Dennstaedtia
2	"Indusium false or absent, sori protected by recurved marginal flap or if sori away from margin then unprotected."	Hypolepis
3	"Fronds tough and leathery, veins free; rhizome covered with hairs."	Pteridium
3	"Fronds soft and membranous, veins loosely anastomosing; rhizome covered with scales and/or hairs"	Histiopteris
