from	statement	to
1	"Leaves with petiole and rachis winged; margins of leaflets toothed to more or less entire; capsules slightly compressed at margins, lobes 2-seeded."	"Harpullia alata"
1	"Leaves with petiole and rachis not winged; margins of leaflets entire; capsules inflated, lobes 1-seeded."	2
2	"Capsules leathery to more or less woody, finely hairy; seeds 2/3 covered by basal aril; leaflets mostly 6–12, more or less oblong, apex usually rounded."	"Harpullia hillii"
2	"Capsules papery, glabrous; seeds without arils; leaflets usually 4–8, more or less elliptic, apex usually acuminate"	"Harpullia pendula"
