from	statement	to
1	"Peduncles <5 mm long."	2
1	"Peduncles >5 mm long."	4
2	"Leaves to 12 mm long; corolla to 5 mm long."	3
2	"Leaves 10–30 mm long; corolla >5 mm long."	"Pratia concolor"
3	"Leaves oblong to elliptic; 1–3 mm wide; inland species."	"Pratia darlingensis"
3	"Leaves ovate to spathulate or ± circular, 2.5–8 mm wide; tableland species."	"Pratia sp. a sensu harden (1992)"
4	"Leaves usually obovate to spathulate, margins mostly entire."	"Pratia surrepens"
4	"Leaves not as above, margins ± toothed."	5
5	"Leaves ovate to lanceolate to oblong-lanceolate, 10–30 mm long, glabrous."	6
5	"Leaves ovate to ± circular, mostly <10 mm long, usually hairy or glabrescent."	7
6	"Peduncles 10–70 mm long; calyx lobes with a small basal tooth on each side; leaves mostly petiolate, often purplish on lower surface."	"Pratia purpurascens"
6	"Peduncles 3–13 mm long; calyx lobes without basal teeth; leaves sessile, green on lower surface."	"Pratia concolor"
7	"Peduncles mostly <20 mm long; corolla 4–6 mm long."	"Pratia puberula"
7	"Peduncles >20 mm long, corolla usually 6–10 mm long"	"Pratia pedunculata"
