from	statement	to
1	"Shrubs apparently leafless, leaves reduced to scales."	2
1	"Shrubs with some leaves."	3
2	"Branches distinctly flat, rarely more or less terete, mostly 3–5 mm wide, tips rigid and sharply pointed; calyx teeth 4."	"Templetonia sulcata"
2	"Branches terete, mostly 1–3 mm wide, tips blunt, more or less lax; calyx teeth 5."	"Templetonia egena"
3	"Stipules spinescent, recurved, 2–10 mm long."	"Templetonia aculeata"
3	"Stipules not spinescent, triangular, c. 1 mm long"	"Templetonia stenophylla"
