from	statement	to
1	"Small tree or large shrub, 5–10 m high."	"Bursaria spinosa subsp. spinosa"
1	"Erect, sprawling, or multistemmed shrub, usually less than 5 m high."	2
2	"Leaves 20–35 mm long, 7–12 mm wide."	"Bursaria spinosa subsp. lasiophylla"
2	"Leaves 5–12 mm long, up to 4 mm wide."	3
3	"Young branchlets densely covered with persistent, appressed hairs; occurs on limestone-derived soils; restricted to Wombeyan Caves area."	"Bursaria calcicola"
3	"Young branchlets usually with spreading hairs; occurs on sandstone-derived soils; restricted to Blue Mountains area"	"Bursaria longisepala"
