from	statement	to
1	"Annual with tender stems; bracts free at base, equal to or exceeding the perianth in fruit; style absent, stigmatic hairs seated directly on ovary."	2
1	"Perennial with firm more or less wiry stems; bracts often fused at base, shorter than perianth in fruit; stigma on a long style."	"Parietaria judaica"
2	"Bracts lanceolate to broad-elliptic, with simple or more or less branched midvein."	"Parietaria debilis"
2	"Bracts cordate, with a conspicuous radial reticulate venation"	"Parietaria cardiostegia"
