from	statement	to
1	"Leaves 1–8 cm long, more than 10 mm wide; flowers in clusters."	2
1	"Leaves less than 2 cm long, less than 6 mm wide; flowers solitary."	3
2	"Leaves leathery, apex acuminate, base attenuate, domatia absent or obscure on lower surface."	"Coprosma hirtella"
2	"Leaves more or less fleshy, apex obtuse, truncate or emarginate, base abruptly tapered, domatia prominent on lower surface."	"Coprosma repens"
3	"Erect shrubs; branches more or less spinescent; leaves to 2 cm long; drupe with persistent calyx lobes."	4
3	"Prostrate shrubs or subshrubs; branches not spinescent; leaves mostly less than 10 mm long; drupe without persistent calyx lobes."	5
4	"Leaves broad-ovate to lanceolate, thin-textured, venation reticulate; stipules triangular."	"Coprosma quadrifida"
4	"Leaves linear to narrow-ovate, thick-textured, 1-veined; stipules tubular."	"Coprosma nitida"
5	"Stipules triangular and attenuate at apex; flowers often incompletely unisexual (both male and female with vestigial or functional organs of the opposite sex); shrub with stems to 1 m long."	"Coprosma niphophila"
5	"Stipules shortly rounded to bluntly triangular; flowers strictly unisexual; subshrubs with stems to 60 cm long."	6
6	"Leaves linear to narrow-oblanceolate, 6–13 mm long, mostly 1–2 mm wide, midvein distinct, more or less sessile; fruit bluish."	"Coprosma nivalis"
6	"Leaves lanceolate to oblanceolate or ovate to obovate, 4.5–7 mm long, mostly 2–3.5 mm wide, midvein more or less obscure, shortly petiolate; fruit red to orange"	"Coprosma perpusilla"
