from	statement	to
1	"Leaf blades flat, or 4-angled in cross section, or all reduced to flattened mucros on sheaths."	2
1	"Leaf blades terete or ovate in cross section (rarely somewhat angular or flattened at apex)."	8
2	"All leaves reduced to flattened mucros; culms 1–3-noded."	"Baumea juncea"
2	"Basal leaves well-developed (cauline leaves reduced if present); culms nodeless or 1- (rarely 2-) noded."	3
3	"Leaves square to rhomboid (occasionally narrowly so) in cross section, faces concave or occasionally flat."	"Baumea tetragona"
3	"Leaves flattened (at least near apex in Baumea rubiginosa) or narrow-rhomboid, faces flat or convex."	4
4	"Leaves scabrous."	5
4	"Leaves smooth."	6
5	"Glumes 3.0–3.8 mm long; spikelets 3.5–4.5 mm long; nut 1.7–2.0 mm long, 0.8–1.1 mm diam.; culms 1.2–4 mm diam.; sheaths pale brown; leaves with raised 'midvein' even if otherwise flat."	"Baumea planifolia"
5	"Glumes 6–10 mm long; spikelets 6–11 mm long; nut 2.7–3.5 mm long, 1.0–1.6 mm diam.; culms 1–2 mm diam.; sheaths reddish; leaves without a raised midvein."	"Baumea johnsonii"
6	"Nut 2.2–4 mm long, 1.2–2.0 mm diam., pale red-brown to bright orange or dark red-brown to blackish."	7
6	"Nut 1.5–2.2 mm long, 1.0–1.3 mm diam., red-brown to black."	"Baumea acuta"
7	"Nut pale red-brown to bright orange; spikelets 2- or 3-flowered, in dense clusters; glumes 5; culms 1- or 2-noded (rarely nodeless); leaves often terete near base."	"Baumea rubiginosa"
7	"Nut dark red-brown to blackish; spikelets 1-flowered, spread out along branches; glumes 3 or 4; culms nodeless; leaves flat throughout."	"Baumea muelleri"
8	"Leaves hollow, perfectly transversely septate."	"Baumea articulata"
8	"Leaves pith-filled, occasionally irregularly transversely septate."	9
9	"Spikelets few, not in dense clusters, 1-flowered; glumes 2–4 (mostly 3)."	10
9	"Spikelets numerous, often clustered, 1–4-flowered; glumes 4–6."	11
10	"Leaves much exceeding culms (to twice as long), c. 0.5 mm diam.; nut 2.0–2.3 mm long, 1.0–1.3 mm diam.; culms smooth."	"Baumea nuda"
10	"Leaves shorter than to slightly exceeding culms, 0.7–1.5 mm diam.; nut 2.5–3.5 mm long, 1.3–1.8 mm diam.; culms scaberulous or smooth."	"Baumea gunnii"
11	"Nut strongly wrinkled, minutely papillose at base and apex, minutely hispid at extreme apex, 1.3–2.2 mm long."	"Baumea teretifolia"
11	"Nut smooth at maturity or somewhat reticulate, minutely hispid at apex, 2.0–4.0 mm long."	12
12	"Nut straw-coloured to whitish, triquetrous, 2.0–2.5 mm long, 1.0–1.3 mm diam.; spikelets not densely clustered; leaf blades and involucral bracts terete at apex."	"Baumea arthrophylla"
12	"Nut pale red-brown to bright orange at maturity, trigonous, 2.2–4.0 mm long, 1.2–2.0 mm diam.; spikelets in dense, discrete clusters on inflorescence branches; leaf blades and involucral bracts flattened at least at apex"	"Baumea rubiginosa"
