from	statement	to
1	"Stigma elongated, pyramidal; style no longer than stigma; spines on fruit well-developed; cocci 4–14 mm long."	2
1	"Stigma hemispherical or globose, occasionally elongated but then style relatively much longer; spines on fruit not well- developed; cocci 2–5 mm long."	3
2	"Fruit with numerous spines; cocci 8–14 mm long."	"Tribulus eichlerianus"
2	"Fruit with 2 upper and 2 lower spines; cocci 4–8 mm long."	"Tribulus terrestris"
3	"Style longer than stigma, often 2.5 times as long; petals 5–13 mm long."	"Tribulus micrococcus"
3	"Style much shorter than stigma, often nearly absent; petals 3–4 mm long"	"Tribulus minutus"
