from	statement	to
1	"Corolla yellow, sometimes with an orange palate; perennials."	2
1	"Corolla violet or purple, sometimes with a white or yellow palate; annuals."	3
2	"Leaves more or less stem-clasping, usually 5–20 mm wide; sepals mostly 5.5–6 mm long; seeds compressed tetrahedral, 1–2 mm long."	"Linaria genistifolia"
2	"Leaves cuneate at base, usually 1–4 mm wide; sepals 2–3 mm long; seeds discoid, 2–3 mm long."	"Linaria vulgaris"
3	"Corolla 5–11 mm long along the upper side; spur backwards-directed from tube, 6.5–11 mm long; seeds reniform or discoid, without an entire wing."	4
3	"Corolla 2–3.5 mm long along upper side; spur at right angles to tube, 1.5–3.5 mm long; seeds discoid and winged or oblong and angled."	5
4	"Inflorescence glandular-pubescent; corolla mouth open; capsule obliquely broad oblong-ellipsoid, 4.5–5 mm long; seeds obliquely reniform, transversely wrinkled, 0.7–0.8 mm long."	"Linaria incarnata"
4	"Inflorescence glabrous; corolla mouth more or less closed; capsule symmetrical, with 2 globose lobes, 2.2–2.7 mm long; seeds discoid, more or less circular, 1–1.2 mm long, fimbriate."	"Linaria pelisseriana"
5	"Corolla 2–2.7 mm long along upper side; spur 1.5–2 mm long; seeds discoid, winged."	"Linaria arvensis"
5	"Corolla 3–3.5 mm long along upper side; spur 2.5–4 mm long; seeds oblong, angled"	"Linaria canadensis"
