from	statement	to
1	"Flowers pink to purple."	2
1	"Flowers white or yellow."	5
2	"Leaves mostly alternate or occasionally opposite on some branchlets."	3
2	"Leaves mostly opposite or more or less opposite or occasionally alternate on some branchlets."	"Kunzea opposita"
3	"Leaves with 3 main veins."	"Kunzea capitata"
3	"Leaves with only the midvein visible."	4
4	"Leaves linear or linear-lanceolate; hypanthium glabrous or shortly pubescent."	"Kunzea parvifolia"
4	"Leaves narrow-obovate; hypanthium villous."	"Kunzea obovata"
5	"Flowers in head-like groups at ends of branchlets."	6
5	"Flowers not in heads, crowded on leafy side branches or in axils of upper leaves."	14
6	"Ovary 3-locular."	7
6	"Ovary 2-locular."	13
7	"Leaves with at least 3 main veins; young stems usually with long, spreading hairs."	"Kunzea capitata"
7	"Leaves with midvein only; young stems usually with appressed hairs or shortly pubescent."	8
8	"Leaves narrow-elliptic to broad-elliptic or obovate, ± 0.75 mm wide."	9
8	"Leaves linear to terete, more or less 0.5 mm wide."	11
9	"Leaves with lamina tapering to a short petiole, narrow-elliptic to obovate, obtuse to acute."	10
9	"Leaves with lamina abruptly tapering to the petiole, elliptic to broad-elliptic, acute to acuminate."	"Kunzea sp. mt cookem (benson 4470)"
10	"Prostrate shrub; leaves 3–6 mm long."	"Kunzea sp. wadbilliga (rodd 6168)"
10	"Erect shrub; leaves 4–8 mm long."	"Kunzea bracteolata"
11	"Leaves 1–3.5 mm long."	"Kunzea parvifolia"
11	"Leaves 3–8 mm long."	12
12	"Flowers yellow; bracts not much enlarged; placentation axile."	"Kunzea muelleri"
12	"Flowers white to cream; bracts large; placentation apical."	"Kunzea sp. braidwood (powell 371)"
13	"Erect shrub; hypanthium villous."	"Kunzea rupestris"
13	"Prostrate to ascending shrub; hypanthium silky."	"Kunzea cambagei"
14	"Pedicels ± 2 mm long."	15
14	"Pedicels ± 3 mm long."	"Kunzea ericoides"
15	"Hypanthia ± 3 mm wide."	16
15	"Hypanthia ± 2 mm wide."	"Kunzea sp. middle brother mtn (wilson 505)"
16	"Young stems rather densely hairy."	"Kunzea ambigua"
16	"Young stems glabrous or finely hairy and soon glabrescent"	"Kunzea sp. mt kaputar (jackson 2246)"
