from	statement	to
1	"Mature leaves green and glabrous, or almost so, on both surfaces."	2
1	"Mature leaves white or silvery below, densely covered with stellate hairs or scales on the lower surface, or on both surfaces."	3
2	"Leaves thick; petiolar glands sessile; buds and young stems covered with brown scales, scales also sparsely scattered on lower surface of younger leaves, glabrescent with age."	"Croton acronychioides"
2	"Leaves thin; petiolar glands stalked; buds and young stems covered with silvery scales; lamina glabrous on both surfaces."	"Croton verreauxii"
3	"Leaves more or less glabrous and green above, silvery or whitish below; petiolar glands usually present."	4
3	"Leaves densely woolly with stellate hairs, both surfaces white; petiolar glands absent."	"Croton capitatus"
4	"Leaves more than 15 mm wide, glands present."	5
4	"Leaves less than 15 mm wide, glands sometimes absent."	6
5	"Leaves silvery below, covered with scales; petiolar glands sessile."	"Croton insularis"
5	"Leaves whitish below, covered with stellate hairs; petiolar glands stalked."	"Croton stigmatosus"
6	"Margins of leaves usually entire, secondary veins slightly raised above, more or less obscure below."	"Croton phebalioides"
6	"Margins of leaves mostly toothed, secondary veins impressed above, distinctly raised below"	"Croton stigmatosus"
