from	statement	to
1	"Leaves >15 mm long, elliptic to broad-elliptic or ± ovate."	2
1	"Leaves <15 mm long, ovate to broad-obovate or broad-elliptic."	3
2	"Leaves obtuse to acuminate; ovary glabrous."	"Nematolepis squamea"
2	"Leaves retuse; ovary with silvery scales."	"Nematolepis elliptica"
3	"Leaves broad-ovate to broad-elliptic, apex obtuse to rounded, sometimes acute; bracteoles 2, ovate, grading into sepals, 1–1.5 mm long; ovary scaly."	"Nematolepis ovatifolia"
3	"Leaves obovate, apex obcordate; bracteoles 0–2, narrow-oblong, <1 mm long; ovary glabrous."	"Nematolepis rhytidophylla"
