from	statement	to
1	"Fruiting valves without teeth."	2
1	"Fruiting valves with lateral teeth."	4
2	"Callosities absent; fruiting valves 10–15 mm long."	"Rumex hymenosepalus"
2	"Callosities present; fruiting valves less than 7 mm long."	3
3	"Fruiting valves 3.5–6 mm long and wide, with callosity small and not covering most of valve surface; fruiting pedicel 3–7 mm long; flower whorls close together, rarely lowermost subtended by a leaf."	"Rumex crispus"
3	"Fruiting valves 2.2–3.2 mm long, 1–1.7 mm wide, with callosity large and covering most of valve surface; fruiting pedicel 1–2.5 mm long; flower whorls distant and each whorl mostly subtended by a leaf."	"Rumex conglomeratus"
4	"Valves either with 1–3 straight or slightly curved teeth on each side and a straight or slightly curved tip, or with margins much divided."	5
4	"Valves with 3–5 hooked teeth on each side and with a hooked tip."	"Rumex brownii"
5	"Water plant with inflated prostrate and/or floating unbranched stems, rooting at nodes; callosities present as convex lumps not distinct from valves."	"Rumex bidens"
5	"Land plant with erect, often intricately branched stems, not rooting at nodes; callosities absent or present as distinct convex lumps on valves."	6
6	"Basal leaves ovate-oblong or elliptic, c. 2–3 times as long as broad."	7
6	"Basal leaves linear to lanceolate, at least 5 times as long as broad."	8
7	"Flower whorls more or less close together, without subtending leaf; fruiting pedicels slender, at least twice as long as valves, articulate well below middle."	"Rumex obtusifolius"
7	"Flower whorls distant, each with a subtending leaf; fruiting pedicels thick, c. as long as valves, articulate eventually c. midway along their length."	"Rumex pulcher"
8	"Perennials; valves 2.5–6 mm long; plants drying green or brown but not orange; stems flexuous to intricate."	9
8	"Annual; valves 1.5–2.3 mm long; plants usually drying orange; stems erect."	"Rumex crystallinus"
9	"Flowers 2–8 per whorl; leaves 8–20 mm wide, 5–20 times as long as broad."	10
9	"Flowers numerous per whorl; leaves c. 5 mm wide, 18–30 times as long as broad."	"Rumex tenax"
10	"Valves broad-triangular, c. 3 mm wide, with 2 or 3 teeth on each side, callosities present or absent."	"Rumex dumosus"
10	"Valves narrowly tongue-shaped, c. 1.5 mm wide, with 1 spreading tooth near base on each side, callosities present"	"Rumex stenoglottis"
