from	statement	to
1	"Plant usually >20 cm high; primary inflorescence branches ascending; flowers white to blue; tepals to 8.5 mm long."	2
1	"Plant usually <20 cm high; primary inflorescence branches widely divergent, often horizontal but ascending apically; flowers mainly white, also blue or purple; tepals <5 mm long. Leaves to c. 2 mm wide."	"Caesia parviflora var. minor"
2	"Flowers white to pale pink or blue, often with veins outlined in green or purple; filaments greenish white throughout. Leaves to 5 mm wide."	"Caesia parviflora var. parviflora"
2	"Flowers blue with darker veins; filaments blue often with transverse white bands. Leaves to 8 mm wide"	"Caesia parviflora var. vittata"
