from	statement	to
1	"Lateral sepals erect and embracing the galea; flowers usually 1 or rarely 2."	2
1	"Lateral sepals deflexed away from the galea; flowers usually more than 2 or rarely 2."	45
2	"Flower solitary (rarely 2)."	3
2	"Flowers 2 or more, rosette leaves attached to a growth arising laterally from the base of a scape."	44
3	"Rosette leaves encircling the base of the scape."	4
3	"Rosette leaves only developed on non-flowering plants."	39
4	"Rosette leaves petiolate, tightly grouped at the base of the scape."	5
4	"Rosette leaves sessile, grouped in a loose spiral in the basal third of the scape."	19
5	"Labellum apex conspicuously notched."	6
5	"Labellum apex entire."	9
6	"Labellum apex just visible, not protruding through the front of the sinus in the set position."	"Pterostylis concinna"
6	"Distal third of labellum protruding conspicuously through the sinus in the set position."	7
7	"Flower 2–2.5 cm long."	"Pterostylis x conoglossa"
7	"Flower 3–5 cm long."	8
8	"Rosette leaves dull, flower semi-nodding, lobes of labellum notch nearly parallel."	"Pterostylis ophioglossa"
8	"Rosette leaves shiny, flower erect, lobes of labellum notch widely spreading."	"Pterostylis collina"
9	"Labellum not protruding through the front of the sinus in the set position, either the tip just visible or the whole labellum enclosed and not visible."	10
9	"Distal quarter to third of the labellum protruding through the front of the sinus in the set position."	13
10	"Sepals all with filiform points of similar length."	"Pterostylis pedoglossa"
10	"Dorsal sepal much shorter than the lateral sepals."	11
11	"Lateral sepals tightly embracing the galea, no lateral gap visible."	"Pterostylis nana"
11	"Lateral sepals loosely embracing the galea, leaving a lateral gap."	12
12	"Flower c. 1.5 cm long, apex of galea horizontal or decurved, labellum ovate."	"Pterostylis pedunculata"
12	"Flower c. 2 cm long, apex of galea obliquely erect, labellum ovate-oblong."	"Pterostylis erecta"
13	"Apex of labellum acuminate."	"Pterostylis acuminata"
13	"Apex of labellum obtuse to subacute."	14
14	"Flower conspicuously nodding."	15
14	"Flower erect to semi-erect, not conspicuously nodding."	16
15	"Flower c. 2.5 cm long, labellum 12–16 mm long."	"Pterostylis nutans"
15	"Flower c. 1.5 cm long, labellum 9–13 mm long."	"Pterostylis hispidula"
16	"Flowers 5–6 cm long, erect."	"Pterostylis baptistii"
16	"Flowers semi-erect, 2–3.5 cm long."	17
17	"Labellum scabrid, distal half protruding from the sinus in the set position."	"Pterostylis x ingens"
17	"Labellum smooth, the tip to distal quarter protruding from the sinus in the set position."	18
18	"Flower c. 3.5 cm long, labellum tip twisted prominently to one side."	"Pterostylis curta"
18	"Flower 2–2.5 cm long, labellum tip straight (not twisted)."	"Pterostylis hildae"
19	"Labellum apex notched."	20
19	"Labellum apex entire."	21
20	"Flower c. 3 cm long, green and white, stem leaves ovate."	"Pterostylis x furcillata"
20	"Flower c. 3.5 cm long, heavily suffused with red, stem leaves lanceolate."	"Pterostylis pulchella"
21	"Dorsal sepal acute to acuminate, lacking a filiform point."	22
21	"Dorsal sepal with a distinct filiform apical point, at least 4 mm long."	24
22	"Petal margins prominently flared, dark red-brown, distal half of labellum linear to filiform with a slightly expanded apex."	"Pterostylis grandiflora"
22	"Petal margins decurved, green to light brown, labellum tapered in distal half but not linear to filiform, apex acute to subacute."	23
23	"Flower c. 2 cm long, lateral sepal points erect, labellum strongly curved."	"Pterostylis longicurva"
23	"Flower 4–5 cm long, lateral sepal points widely divergent, labellum shallowly curved."	"Pterostylis truncata"
24	"Sinus V-shaped when viewed from the front."	25
24	"Sinus flat or raised, often with a small central notch when viewed from the front."	29
25	"Labellum not protruding from the sinus in the set position, apex obtuse, truncate or slightly notched."	"Pterostylis fischii"
25	"Labellum protruding from the sinus in the set position, apex long-acuminate."	26
26	"Flower erect."	"Pterostylis reflexa"
26	"Flower semi-erect to semi-nodding."	27
27	"Flower 4.5–7 cm long, galea with a long sweeping shallow curve. labellum 18–24 mm long."	"Pterostylis sp. b sensu harden (1993)"
27	"Flower 2–3 cm long, galea with a short curve, labellum 12–17 mm long."	28
28	"Flower pale green and white."	"Pterostylis revoluta"
28	"Flower heavily suffused with light brown to dark brown."	"Pterostylis longipetala"
29	"Sinus abruptly protruding and platform-like when viewed from the side."	30
29	"Sinus flat or shallowly mounded or curved when viewed from the side, never platform-like."	35
30	"Distal third of labellum protruding from the sinus in the set position."	31
30	"Labellum tip barely visible through the sinus in the set position."	32
31	"Flower bluish green and white, labellum 15–19 mm long (CT, ST)."	"Pterostylis aestiva"
31	"Flower dark green and white, labellum 13–15 mm long (NC)."	"Pterostylis russellii"
32	"Flower less than 2 cm long."	"Pterostylis alveata"
32	"Flower more than 2 cm long."	33
33	"Flower green and white with red-brown suffusions in the galea."	34
33	"Flower green and white only, labellum 9–11 mm long."	"Pterostylis obtusa"
34	"Flower 2–2.5 cm long, labellum 11–13 mm long."	"Pterostylis decurva"
34	"Flower 3.5–4 cm long, labellum 15–17 mm long."	"Pterostylis abrupta"
35	"Flower more than 3 cm long."	36
35	"Flower 2–2.5 cm long."	37
36	"Sinus scabrid, labellum protruding prominently from the sinus in the set position."	"Pterostylis coccina"
36	"Sinus smooth, labellum tip just visible in the set position."	"Pterostylis robusta"
37	"Labellum tip just visible in the set position."	"Pterostylis striata"
37	"Labellum protruding prominently from the sinus in the set position."	38
38	"Flowers semi-nodding, labellum evenly curved throughout."	"Pterostylis laxa"
38	"Flower erect, labellum curved forwards suddenly in the distal third."	"Pterostylis decurva"
39	"Labellum dark blue-green."	"Pterostylis dubia"
39	"Labellum dark green to brownish, never blue-green."	40
40	"Flower c. 2 cm long, lateral sepals tightly embracing the galea, no lateral gap visible."	"Pterostylis foliata"
40	"Flower 3 cm or more long, lateral sepals loosely embracing the galea leaving a lateral gap."	41
41	"Flower with dark brown stripes and suffusions."	"Pterostylis riparia"
41	"Flower green and white."	42
42	"Scape smooth."	"Pterostylis furcata"
42	"Scape scabrid."	43
43	"Flower c. 3 cm long, sinus protruding prominently in an abrupt curve when viewed from the side, free points reflexed behind the galea."	"Pterostylis alpina"
43	"Flower 4–5 cm long, sinus protruding in a shallow curve when viewed from the side, free points erect above the galea."	"Pterostylis monticola"
44	"Flowers c. 7 mm long, green and white; labellum narrow-elliptic."	"Pterostylis parviflora"
44	"Flowers c. 10 mm long, dark brown, green and white; labellum rhombic."	"Pterostylis nigricans"
45	"Labellum lamina filiform with an apical knob and numerous long yellow trichomes."	"Pterostylis plumosa"
45	"Labellum flat, lacking an apical knob and yellow trichomes."	46
46	"Labellum with 2 lateral lobes developed as large basal extensions; rosette leaves attached to a growth arising laterally from the base of a scape."	"Pterostylis daintreana"
46	"Labellum lacking lateral lobes or with poorly developed lateral lobes that do not extend basally; rosette either stem-encircling or only on non-flowering plants."	47
47	"Stem leaves well-developed and spreading, rosette only developed on non-flowering plants."	48
47	"Stem leaves reduced and tightly sheathing the peduncle, rosette leaves encircling the base of a scape."	49
48	"Flowers c. 1.5 cm long, labellum 2.5–3 mm wide, pale green with a blackish central stripe, with numerous transparent, acicular trichomes."	"Pterostylis longifolia"
48	"Flowers c. 1 cm long, labellum 1.5–2 mm wide, wholly dark brown, with very few transparent, acicular trichomes."	"Pterostylis tunstallii"
49	"Labellum lamina glabrous, thin and membranous, with a well-developed dark-coloured basal appendage."	50
49	"Labellum lamina thick and fleshy, covered with transparent siliceous cells, basal appendage absent or poorly developed, margins with spreading trichomes."	52
50	"Labellum appendage erect, central lobe produced into a beak-like structure."	51
50	"Labellum appendage recurved, central lobe not produced into a knob-like structure."	"Pterostylis mutica"
51	"Flowers c. 8 mm long, labellum appendage dark green, central lobe of appendage prolonged and pointed."	"Pterostylis cycnocephala"
51	"Flowers c. 1 cm long, labellum appendage blackish, central lobe of appendage short and blunt."	"Pterostylis bicolor"
52	"Labellum with 2 prominent basal trichomes 2.5–6 mm long, arising near the base and directed forwards."	53
52	"Labellum lacking 2 prominent, erect basal trichomes, those trichomes present in basal area less than 2 mm long."	55
53	"Basal lobe of the labellum c. 3 mm long, filamentous tips of lateral sepals c. 10 cm or more long."	"Pterostylis woollsii"
53	"Basal lobe of the labellum c. 1 mm long, filamentous tips of lateral sepals less than 2 cm long."	54
54	"Flowers transparent with green or light brown markings, labellum elliptic-oblong."	"Pterostylis biseta"
54	"Flowers transparent with dark brown markings, labellum obovate."	"Pterostylis maxima"
55	"Labellum margins scalloped inwards between trichomes."	"Pterostylis lingua"
55	"Labellum margins flat between trichomes."	56
56	"Lateral sepals reflexed back against the ovary."	"Pterostylis gibbosa"
56	"Lateral sepals deflexed, not reflexed back against the ovary."	57
57	"Tips of lateral sepals hooked forwards."	58
57	"Tips of lateral sepals deflexed or curved gently forwards, not hooked."	60
58	"Proximal flanges of petals not meeting leaving a gap, labellum wholly visible from the side."	"Pterostylis setifera"
58	"Proximal flanges of petals meeting and blocking off the base of the galea, labellum not or only partially visible from the side."	59
59	"Flower c. 1.2 cm long."	"Pterostylis calceolus"
59	"Flower c. 2 cm long."	"Pterostylis hamata"
60	"Dorsal sepal with a filiform point 8 mm or more long."	61
60	"Dorsal sepal with a filiform point 3 mm long or less."	63
61	"Labellum widest near the base and tapered to the apex, lateral sepals deeply concave, the labellum not visible from the side in the set position."	"Pterostylis boormanii"
61	"Labellum widest at or above the middle, lateral sepals flat to shallowly concave, the labellum visible from the side in the set position."	62
62	"Margins of lateral sepals densely ciliate, free points of lateral sepals 5–6 mm long, curved forwards."	"Pterostylis cobarensis"
62	"Margins of lateral sepals glabrous or nearly so, free points of lateral sepals 7–20 mm long, deflexed or swept backwards."	"Pterostylis chaetophora"
63	"Labellum obovate, 4.5–5 mm long."	64
63	"Labellum oblong, c. 4 mm long."	65
64	"Labellum broad-obovate, marginal trichomes 3–5 pairs."	"Pterostylis saxicola"
64	"Labellum narrow-obovate, marginal trichomes 12–14 pairs."	"Pterostylis praetermissa"
65	"Flowers nodding."	"Pterostylis rufa"
65	"Flowers more or less erect."	66
66	"Outer third of lateral sepal margins folded inwards and nearly touching beneath the labellum."	"Pterostylis pusilla"
66	"Lateral sepals folded inwards at the very margins only."	67
67	"Flowers c. 4 mm wide, green and light brown, dull, lateral sepals swept back."	"Pterostylis aciculiformis"
67	"Flowers c. 7 mm wide, reddish brown, shiny, lateral sepals deflexed"	"Pterostylis squamata"
