from	statement	to
1	"Annuals or possibly short-lived perennials; lamina of intermediate involucral bracts broad-ovate to more or less circular, pale yellow; leaves linear to oblong or oblanceolate."	"Leucochrysum molle"
1	"Perennials; lamina of intermediate involucral bracts narrow-lanceolate to ovate; leaves filiform to broad-obovate."	2
2	"Leaves filiform to linear to broad-obovate, woolly; involucral bracts ovate to narrow-elliptic, the inner white or yellow."	"Leucochrysum albicans"
2	"Leaves filiform, margin strongly revolute, glabrescent; involucral bracts narrow-elliptic, the inner pale yellow"	"Leucochrysum graminifolium"
