from	statement	to
1	"Flowers reddish; plants softly hairy; mature berry red."	"Cestrum elegans"
1	"Flowers orange to greenish yellow; new growth sparsely hairy or glabrescent; mature berry white or black."	2
2	"Corolla orange yellow; leaves elliptic to broad-elliptic to ovate; mature berry white."	"Cestrum aurantiacum"
2	"Corolla greenish yellow; leaves narrow-elliptic to lanceolate; mature berry black or white."	3
3	"Corolla tube 2–3 mm wide at apex; filaments with an erect process; mature berry white."	"Cestrum nocturnum"
3	"Corolla tube 3–5 mm wide at apex; filaments without an erect process; mature berry black"	"Cestrum parqui"
