from	statement	to
1	"Leaves alternate or occasionally opposite or in whorls; sepals unequal, 2 inner ones large and wing-like; stamens 8, anthers opening by apical pores."	2
1	"Leaves clustered on short axillary shoots; sepals almost equal, 2 inner ones larger but not wing-like; stamens 7, anthers opening by longitudinal slits."	Muraltia
2	"Leaves always alternate, often caducous or reduced to scales; capsule cuneate and narrowed at base, rarely circular; seeds without caruncle, with hairs lengthening into a coma."	Comesperma
2	"Leaves alternate or occasionally opposite or in whorls, rarely caducous or reduced to scales; capsule obovate, obcordate, ovate or circular; seeds with caruncle, with hairs not lengthening into a coma"	Polygala
