from	statement	to
1	"Flowers solitary, in uppermost leaf axils; prostrate herb, forming mats."	"Stackhousia pulvinaris"
1	"Flowers in terminal inflorescence, several- to many-flowered, erect herbs."	2
2	"Flowers arranged singly along the inflorescence axis; 1–3 bracts at each main inflorescence node."	3
2	"Flowers in clusters of 1–6 along the inflorescence axis; 3–12 or more bracts at each main inflorescence node."	4
3	"Leaves spathulate, rounded at apex; cocci prominently winged."	"Stackhousia spathulata"
3	"Leaves obovate to linear or lanceolate, acute; cocci not winged."	"Stackhousia monogyna"
4	"Cocci pyriform to dumbbell-shaped, muricate at apex, with a prominent round basal cavity; leaves linear, 1–2.5 mm wide."	"Stackhousia muricata"
4	"Cocci obovoid, wrinkled to reticulate, rarely muricate at apex, the basal cavity lacking or shallow and ovate to narrow-triangular; leaves narrow-obovate to elliptic, 1.5–8 mm wide or reduced to scales."	5
5	"Leaves foliose, 1.6–7.5 mm wide, the basal ones sometimes reduced to scales."	"Stackhousia viminea"
5	"Leaves reduced to scales, less than 1.6 mm wide"	"Stackhousia nuda"
