from	statement	to
1	"Fruits whitish when mature; flowers white; inflorescence 60–150 cm long[; leaf gradually tapering to base so petiole not clearly distinct from lamina]."	"Cordyline australis"
1	"Fruits yellow, orange, red or black when mature; flowers blue to mauve or occasionally white; inflorescence 20–40 cm long."	2
2	"Fruit purple to black when mature; leaf gradually tapering to base so petiole not clearly distinct from lamina."	3
2	"Fruit red or orange-red when mature; petiole distinct from leaf lamina."	4
3	"Leaves more or less linear, 1–1.5(–2.2 but then minimum width c. 8 mm) cm wide at widest point, 5–8 mm wide at narrowest point."	"Cordyline stricta"
3	"Leaves narrow-elliptical to more or less linear, 2–3 cm wide at widest point, 3–5 mm wide at narrowest point."	"Cordyline sp. mt banda banda (p.hind 2232)"
4	"Leaves usually more than 5 cm wide, apex more or less toothed, petiole more or less tubular in section; tepals equal."	"Cordyline petiolaris"
4	"Leaves mostly less than 5 cm wide, apex not toothed, petiole more or less flat, not distinctly tubular in section; outer tepals shorter than inner tepals."	5
5	"Leaves with margins (especially at junction of lamina and petiole) breaking down irregularly, rough, scabrous above; inflorescence congested, with several branches at the same node."	"Cordyline congesta"
5	"Leaves with margins smooth at junction of lamina and petiole; inflorescence not congested"	"Cordyline rubra"
