from	statement	to
1	"Stamens with filaments fused for at least half their length, free portion of filaments pilose."	2
1	"Stamens free, filaments usually hairy from base, sometimes cohering by intertwined hairs."	4
2	"Anthers ± visible beyond the spreading to ± appressed long hairs on the filaments, anthers glabrous."	3
2	"Anthers concealed by the long upwardly appressed hairs on the filaments, anthers with an apical tuft of long hairs."	"Philotheca reichenbachii"
3	"Petals 6–12 mm long, pink to purple; leaves 5–15 mm long, 1–1.5 mm wide, glabrous ."	"Philotheca salsolifolia"
3	"Petals 4–5 mm long, white to pink; leaves 3–9 mm long, c. 0.5 mm wide, sparsely ciliate or glabrous."	"Philotheca ciliata"
4	"Flowers terminal, or if axillary then with pubescent petals; hairs (if present) on stems scattered or in longitudinal lines; stipules present or absent."	5
4	"Flowers axillary or in axillary cymes; petals glabrous or sparsely and finely hispid outside; hairs if present on stems scattered; stipules absent."	10
5	"Flowers axillary; leaves 8–20 mm long."	"Philotheca linearis"
5	"Flowers terminal; leaves 1.5–12 mm long."	6
6	"Leaves 1.5–2.5 mm long; petals c. 2 mm long; sepals varying in shape and size on the same flower."	"Philotheca cuticularis"
6	"Leaves 3–12 mm long; petals 4–10 mm long; sepals similar on the same flower."	7
7	"Petals pubescent outside, at least towards margin."	8
7	"Petals glabrous outside."	9
8	"Petals c. 9 mm long; leaves needle-like."	"Philotheca ericifolia"
8	"Petals <6 mm long; leaves fleshy and ± terete to flat, narrow-oblong to broad-elliptic to ovate."	"Philotheca difformis"
9	"Leaves and sepals with a dark-coloured, gland-like apiculum; staminal filaments evenly attenuate; stipules, if present, minute."	"Philotheca brevifolia"
9	"Leaves and sepals without a gland-like apiculum; at least some staminal filaments abruptly narrowed near apex to a subulate tip; stipules small."	"Philotheca angustifolia"
10	"Leaves ± terete to narrow-oblong or narrow-ovate, concave above or with margins tightly incurved."	11
10	"Leaves oblong to elliptic or obovate, often broadly so, if narrow then with recurved, crenulate margins."	12
11	"Stems glabrous; leaves mostly >2 cm long."	"Philotheca myoporoides"
11	"Stems either finely hispid or glabrous and then leaves <2 cm long."	"Philotheca scabra"
12	"Plant glabrous."	13
12	"Plant ± finely bristly or shortly pubescent."	15
13	"Pedicels usually pedunculate (sometimes very shortly so), with a whorl of bracteoles at base."	"Philotheca myoporoides"
13	"Pedicels sessile with several small imbricate basal bracts."	14
14	"Leaves >5 mm wide, flat, >3 cm long; carpels united at periphery; flowers 5-merous."	"Philotheca trachyphylla"
14	"Leaves <4 mm wide, margins ± recurved, <2 cm long; carpels free to base; flowers 4-merous."	"Philotheca virgata"
15	"Margins of leaves revolute, glandular-crenate."	"Philotheca hispidula"
15	"Margins of leaves flat to slightly recurved, entire to glandular-crenate."	16
16	"Leaves not mucronate, broad-obovate to obcordate, ± flat."	"Philotheca obovalis"
16	"Leaves mucronate, broad-ovate to obovate, flat or slightly concave above."	"Philotheca buxifolia"
