from	statement	to
1	"Tepals white with a green stripe on outer surface; ovary yellow-green to brown."	2
1	"Tepals white without a green stripe on outer surface; ovary black to violet."	4
2	"Leaves to 15 mm wide; fewer than 70 flowers per inflorescence."	3
2	"Leaves 20–50 mm wide; up to 300 flowers per inflorescence."	"Albuca bracteata"
3	"Pedicels 7–10 cm long; tepals 15–20 mm long; ovary ovoid to obovoid."	"Ornithogalum umbellatum"
3	"Pedicels to 3 cm long; tepals 11–15 mm long; ovary subglobose to ellipsoid."	"Ornithogalum pyramidale"
4	"Pedicels to 4 cm long; all stamen filaments linear to lanceolate, without appendages."	"Ornithogalum arabicum"
4	"Pedicels 6–8 cm long; stamen filaments opposite perianth segments broadened, with appendage"	"Ornithogalum thyrsoides"
