from	statement	to
1	"Leaves less than 3 mm wide."	2
1	"Leaves more than 3 mm wide."	7
2	"Leaves less than 4 cm long."	3
2	"Leaves more than 4 cm long."	6
3	"Flowers red."	4
3	"Flowers yellow."	5
4	"Leaves needle-like, mostly less than 1 mm diam.; spikes 2–3 cm diam.; species of inland plains."	"Callistemon brachyandrus"
4	"Leaves flat to subulate, mostly 0.75–3 mm wide; spikes 4–5 cm diam.; species of coastal and tableland districts."	"Callistemon subulatus"
5	"Branches stiff; leaves 1–2(–3.2) cm long, 0.75–1.5 mm diam.; mainly on the tablelands in boggy heathland."	"Callistemon pityoides"
5	"Branches flexuous; leaves 2–5 cm long, 2–5 mm wide; widespread along watercourses, creekbeds and gullies."	"Callistemon sieberi"
6	"Flowers yellow-green or rarely red; leaves terete or channelled, rough with oil glands."	"Callistemon pinifolius"
6	"Flowers red; leaves flat or channelled, not or scarcely rough."	"Callistemon linearis"
7	"Flowers yellow or green."	8
7	"Flowers red, pink or lilac."	13
8	"Fruit less than 5.5 mm diam."	9
8	"Fruit more than 5.5 mm diam."	12
9	"Spikes mostly 3–3.5 cm diam., occasionally more."	10
9	"Spikes less than 3 cm diam."	11
10	"Bark mostly soft and papery; leaves willow-like, narrowly rhomboidal."	"Callistemon salignus"
10	"Bark hard; leaves not willow-like, elliptic to oblanceolate."	"Callistemon pallidus"
11	"Leaves 6–8 mm wide, broadest below the middle, margins usually recurved; spikes c. 2 cm diam."	"Callistemon shiressii"
11	"Leaves 2–5 mm wide, mostly broadest above the middle, margins not recurved; spikes usually 2–2.5 cm diam."	"Callistemon sieberi"
12	"Leaves grey-green, smooth, apex abruptly narrowed; Wallum heath and hind dunes of northern coastal districts."	"Callistemon pachyphyllus"
12	"Leaves dark green, rough with oil glands, apex mostly pointed; tableland species, generally in rocky areas."	"Callistemon flavovirens"
13	"Flowers red."	14
13	"Flowers pink or lilac."	22
14	"Stamens fused into a ring at the base."	"Callistemon viminalis"
14	"Stamens free."	15
15	"Leaves more or less linear."	16
15	"Leaves not linear."	18
16	"Spikes less than 5 cm diam., leafy; fruit less than 6 mm diam."	"Callistemon subulatus"
16	"Spikes more than 5 cm diam., not leafy; fruit more than 6 mm diam."	17
17	"Leaves mostly 8–10 cm long, 5–8 mm wide."	"Callistemon linearifolius"
17	"Leaves mostly 5–7 cm long, 3–4 mm wide."	"Callistemon rigidus"
18	"Leaves willow-like, narrowly rhomboidal, margins undulate."	"Callistemon acuminatus"
18	"Leaves generally broadest above the middle, margins not undulate."	19
19	"Leaves mostly more than 1 cm wide."	"Callistemon comboynensis"
19	"Leaves mostly less than 1 cm wide."	20
20	"Leaves with one side almost straight; spikes generally broader than long; fruit 7–8 mm diam."	"Callistemon montanus"
20	"Leaves more or less symmetrical; spikes longer than broad; fruit mostly less than 7 mm diam."	21
21	"Leaves abruptly narrowed at apex, veins obscure."	"Callistemon pachyphyllus"
21	"Leaves not abruptly narrowed at apex, veins evident."	"Callistemon citrinus"
22	"Leaves more than 5 mm wide."	"Callistemon citrinus"
22	"Leaves less than 5 mm wide."	23
23	"Leaves with pronounced pungent point c. 2 mm long; flowers lilac."	"Callistemon pungens"
23	"Leaves, if pungent, with point c. 1 mm long or less; flowers pink"	"Callistemon sieberi"
