from	statement	to
1	"Perianth less than 3 cm long; pedicels less than 7 mm long; leaves with marginal teeth c. 2 mm long."	"Aloe vera"
1	"Perianth more than 3 cm long; pedicels more than 7 mm long; leaves with marginal teeth 3–5 mm long."	2
2	"Upper surface of leaves with numerous paler spots; perianth red to salmon-orange; capsule less than 15 mm long; usually without a stem."	"Aloe maculata"
2	"Upper surface of leaves without paler spots; perianth usually yellow-brown, or some forms red or orange; capsule more than 15 mm long; usually with a branching stem"	"Aloe arborescens"
