from	statement	to
1	"Callus up to twice the length of the spikelet axis internode."	2
1	"Callus greater than twice the length of the spikelet axis internode."	10
2	"Hairs on the lemma forming a continuous indumentum, sometimes with tufts on the upper margin; leaves not disarticulating."	3
2	"Hairs on the lemma in two untidy rows, most of lemma surface glabrous and shiny, leaves often disarticulating from sheath."	6
3	"Marginal hair tufts absent; anthers red."	"Rytidosperma pallidum"
3	"Marginal hair tufts present; anther yellow to orange."	4
4	"Lateral lobes shortly awned."	"Rytidosperma longifolium"
4	"Lateral lobes not or minutely awned."	5
5	"Leaf-sheaths glabrous."	"Rytidosperma semiannulare"
5	"Leaf-sheaths distinctly pilose."	"Rytidosperma gracile"
6	"Spikelet axis internode 1/3–1/2 lemma length."	7
6	"Spikelet axis internode up to 1/4 lemma length."	8
7	"Lemma c. 2.5 mm long, ±hairy."	"Rytidosperma pumilum"
7	"Lemma c. 2 mm long, glabrous."	"Rytidosperma australe"
8	"Lateral lobes distinctly longer than the body of lemma."	"Rytidosperma nudiflorum"
8	"Lateral lobes shorter than or only slightly longer than body of lemma."	9
9	"Leaf blades tightly inrolled, florets shorter than glumes except for the exserted awns; central awn well separated from lateral lobes."	"Rytidosperma nivicola"
9	"*Leaf blades flat at base, becoming folded or slightly inrolled; florets exserted from glumes; central awn scarcely separated from lateral lobes."	"Rytidosperma vickeryae"
10	"Lemma with hairs only in distinct transverse rows of tufts on back."	11
10	"Lemma with hairs scattered uniformly over back instead of or as well as hairs in tufts."	25
11	"Lemma with a complete transverse row of hair-tufts just below sinus."	12
11	"Lemma with marginal and/or dorsal tufts of hair below sinus sometimes forming an interrupted row."	23
12	"Lemma without a row of hair-tufts above callus."	"Rytidosperma laeve"
12	"Lemma with a row of hair-tufts above callus."	13
13	"Outer margins of lateral lobes with auricles."	"Rytidosperma auriculatum"
13	"Outer margins of lateral lobes without auricles."	14
14	"Body of lemma golden brown at maturity."	"Rytidosperma duttonianum"
14	"Body of lemma pale at maturity."	15
15	"Body of lemma 1.25–3 mm long."	16
15	"Body of lemma 3 mm or more long."	18
16	"Lateral lobes less than 6 mm long."	"Rytidosperma setaceum"
16	"Lateral lobes 6–10 mm long."	17
17	"Setae of lateral lobes 2–4 mm long."	"Rytidosperma monticola"
17	"Setae of lateral lobes 4–6 mm long."	"Rytidosperma setaceum"
18	"Setae much shorter than flat portion of lateral lobes."	19
18	"Setae ± as long as flat portion of lateral lobes."	21
19	"Palea 7–8mm long, ±equaling flat part of lemma lateral lobes."	"Rytidosperma indutum"
19	"Palea to 6mm long, shorter than flat part of lemma lateral lobes."	20
20	"Palea broad, 1–3 times as long as wide."	"Rytidosperma oreophilum"
20	"Palea narrow, 3–5 times as long as wide."	"Rytidosperma tenuius"
21	"Palea up to 3 mm wide."	"Rytidosperma erianthum"
21	"Palea less than 2 mm wide."	22
22	"Leaves 5–10 cm long, thick and rigid."	"Rytidosperma alpicola"
22	"Leaves 10–30 cm long, not thick and rigid."	"Rytidosperma caespitosum"
23	"Inflorescence 3–5 cm long."	"Rytidosperma pilosum"
23	"Inflorescence 5–15 cm long."	24
24	"Spikelets 4–6-flowered."	"Rytidosperma penicillatum"
24	"Spikelets 7–10-flowered."	"Rytidosperma racemosum"
25	"Lateral lobes shorter than body of lemma."	"Rytidosperma carphoides"
25	"Lateral lobes equal to or longer than body of lemma."	26
26	"Lateral lobes 2–3 times as long as body of lemma."	"Rytidosperma monticola"
26	"Lateral lobes less than twice as long as body of lemma or latter at least 3mm long."	27
27	"Lemma hairs uniformly short (about 0.5 mm long) except for those directly below sinus."	28
27	"Lemma hairs grading from 1mm long at base to 5 mm long at apex."	29
28	"Body of lemma less than 3 mm long."	"Rytidosperma setaceum"
28	"Body of lemma at least 3 mm long."	"Rytidosperma alpicola"
29	"Central awn reflexed or loosely twisted at base."	30
29	"Central awn strongly twisted at base."	31
30	"Palea broadly obovate, obtuse; body of lemma 4–6 mm long."	"Rytidosperma richardsonii"
30	"Palea lanceolate-elliptic, acute; body of lemma 3–3.5 mm long."	"Rytidosperma bipartitum"
31	"Body of lemma 3–4 mm long; palea less than 5 mm long."	"Rytidosperma fulvum"
31	"Body of lemma 4–5.5 mm long; palea 6–8 mm long"	"Rytidosperma indutum"
