from	statement	to
1	"Plant glabrous; bracts and sepals neither ciliate nor fimbriate."	"Cassytha glabella"
1	"Plants pubescent, but often glabrescent with age, and/or bracts and sepals ciliate or fimbriate."	2
2	"Fruit pubescent, sometimes sparsely so; drying grey-black."	"Cassytha pubescens"
2	"Fruit glabrous or glabrescent; drying black or dark green to brown, not grey-black."	3
3	"Fruit 10–15 mm diam., globose."	"Cassytha melantha"
3	"Fruit less than 10 mm diam. and less than 8 mm long; obovoid, ovoid or globose."	4
4	"Flowers and fruits sessile in spikes."	"Cassytha filiformis"
4	"Flowers and fruits stalked in simple or branched racemes or clustered in heads"	"Cassytha racemosa"
