from	statement	to
1	"Climbing or hemi-epiphytic plants."	Pothos
1	"Terrestrial or aquatic plants."	2
2	"Plants floating aquatic, lettuce-like, hairy."	Pistia
2	"Plants terrestrial, not lettuce-like, glabrescent."	3
3	"Leaves linear, less than 3 cm wide; flowers bisexual; perianth present; spathes absent."	Gymnostachys
3	"Leaves with lamina expanded, deeply 3-lobed or unlobed and more than 10 cm wide; flowers unisexual; perianth absent; spathe present."	4
4	"Fine venation striate between lateral veins."	Zantedeschia
4	"Fine venation reticulate between lateral veins."	5
5	"Leaves peltate, glaucous."	Colocasia
5	"Mature leaves not peltate, not glaucous."	6
6	"Stem massive, trunk-like; lamina of leaves 40–70 cm long."	Alocasia
6	"Stem small, cormous to rhizomatous; lamina of leaves less than 30 cm long."	7
7	"Filiform sterile flowers above female and male zones of spadix; leaves marbled with white."	Arum
7	"Filiform sterile flowers above female zone of spadix; leaves not marbled white"	Typhonium
