from	statement	to
1	"Leaves less than 1 mm wide, either undivided, linear or subulate, or trifoliolate with filiform segments less than 0.5 mm wide."	2
1	"Leaves more than 1 mm wide, undivided or lobed, not 3-foliolate."	4
2	"Stems scabrous to hispid; leaves shortly petiolate."	"Platysace ericoides"
2	"Stems glabrous; leaves sessile."	3
3	"Leaves 0.5–1 mm wide, undivided; inflorescence erect, peduncles to 25 mm long."	"Platysace linearifolia"
3	"Leaves less than 0.5 mm wide, often 3-foliolate with filiform segments; inflorescence lax, peduncles more than 25 mm long."	"Platysace heterophylla"
4	"Leaves undivided, oblong, elliptic or oblanceolate."	5
4	"Lower leaves or all leaves deeply or shallowly 3–5-lobed."	6
5	"Stems shortly pubescent; leaves narrow- to broad-elliptic or rarely oblanceolate, more than 3.5 mm wide; umbels 15–50 mm diam., with 3–11 or more rays."	"Platysace lanceolata"
5	"Stems scabrous to hispid; leaves elliptic-oblong or oblong, to 1.8 mm wide; umbels to 20 mm diam., with 3–6 rays."	"Platysace ericoides"
6	"Leaves 12–20 mm long, 5–7 mm wide, with lower leaves or all leaves deeply 3-lobed; lobes 2–4 mm long, c. 1 mm wide; lamina scabrous; fruit bullate-tuberculate."	"Platysace stephensonii"
6	"Leaves 6–7 mm long, to 10 mm wide, all with 3–5 shallow lobes; lamina sparsely hispid or villous; fruit sparsely bristly"	"Platysace clelandii"
