from	statement	to
1	"Pods neither spiny nor tuberculate."	2
1	"Pods tuberculate to spiny."	7
2	"Inflorescences 10–50-flowered; peduncles more than twice as long as subtending petioles."	3
2	"Inflorescences 1–10-flowered (rarely to 15-flowered in Medicago tornata); peduncles less than twice as long as subtending petioles."	4
3	"Pods reniform, with only the distal end coiled, 1-seeded; corolla yellow; standard 2–2.5 mm long."	"Medicago lupulina"
3	"Pods cylindrical, 2–3-coiled, 2–6-seeded; corolla violet; standard 6–12.5 mm long."	"Medicago sativa"
4	"Pods 11–17 mm diam., lateral veins not visible."	5
4	"Pods 2.5–10 mm diam., lateral veins visible."	6
5	"Coils of pods concave, lower coils enclosing upper ones; pods ellipsoid or cup-shaped."	"Medicago scutellata"
5	"Coils of pods convex, stacked together on top of one another; pods lenticular."	"Medicago orbicularis"
6	"Pods with lateral veins separated from dorsal suture by a narrow deep groove; coils with flat sides, 15–20 radial veins per coil."	"Medicago polymorpha"
6	"Pods with lateral veins separated from dorsal suture by a flat region; coils with convex sides, c. 10 radial veins per coil."	"Medicago tornata"
7	"Upper surface of leaflets sparsely to densely hairy when young."	8
7	"Upper surface of leaflets glabrous."	9
8	"Stipules hairy only on lower surface, weakly toothed to deeply incised; pods with lateral veins separated from dorsal suture by narrow, deep groove, dorsal suture narrow."	"Medicago truncatula"
8	"Stipules hairy on both surfaces, entire to weakly toothed; pods with lateral veins separated from dorsal suture by a broad, slightly concave region, dorsal suture wide."	"Medicago minima"
9	"At least some leaflets deeply laciniate."	"Medicago laciniata"
9	"Leaflets entire to toothed."	10
10	"Pods 10–14 mm diam."	"Medicago intertexta"
10	"Pods 4–9 mm diam."	11
11	"Dorsal suture bisected by a shallow groove; leaflets marked by an upper central blotch or a very wide shield occupying the basal two-thirds of the leaflet."	"Medicago arabica"
11	"Dorsal suture not grooved; leaflets either not marked or with darker flecks or a basal darker patch."	12
12	"Calyx teeth longer than tube; keel shorter than wings; inflorescences 1–10-flowered; terminal leaflets 8–27 mm long; peduncles shorter than to twice as long as the subtending petioles."	"Medicago polymorpha"
12	"Calyx teeth shorter than tube; keel longer than wings; inflorescences 1–3-flowered; terminal leaflets 5.5–12 mm long; peduncles shorter than subtending petioles."	13
13	"Standards 4.5–6 mm long; pods 5–6 mm diam., dorsal suture elevated above lateral veins; 7–14-seeded; leaflets oblanceolate."	"Medicago laciniata"
13	"Standards 2–3 mm long; pods 4–5 mm diam., dorsal suture level with lateral veins; 3–6-seeded; leaflets obovate to obcordate"	"Medicago praecox"
