from	statement	to
1	"Phyllodes present but not pungent, or rarely absent."	2
1	"Phyllodes present, pungent-pointed."	12
2	"Venation prominent, reticulate."	3
2	"Venation ± obscure, parallel to pinnate."	4
3	"Unit inflorescence corymbose to umbelliform."	"Daviesia corymbosa"
3	"Unit inflorescence racemose."	"Daviesia latifolia"
4	"Branchlets triangular in section, manifestly angular or winged."	5
4	"Branchlets ± terete."	6
5	"Phyllodes absent over most of plant; branchlets winged; calyx teeth and bracts fimbriate."	"Daviesia alata"
5	"Phyllodes present; branchlets angular; calyx teeth and bracts not fimbriate."	"Daviesia wyattiana"
6	"Small trees (shrubby when young); phyllodes discolorous."	7
6	"Shrubs, rarely arborescent; phyllodes concolorous."	8
7	"Bark corky; phyllodes linear, tapering to a long acute apex."	"Daviesia arborea"
7	"Bark smooth; phyllodes narrow-obovate, rarely linear; apex obtuse or rounded."	"Daviesia suaveolens"
8	"Phyllodes linear; upper surface slightly convex; venation conspicuous, with a longitudinal vein near each margin."	"Daviesia leptophylla"
8	"Phyllodes ± circular, lanceolate to ovate or oblanceolate to obovate, often narrow but rarely linear; flat or undulate; venation pinnate, sometimes obscure."	9
9	"Phyllodes crenulate, glossy, green; base cordate, rounded or cuneate; peduncles 3.5–13 mm long."	10
9	"Phyllodes entire or rarely slightly crenulate, dull to slightly glaucous; base tapered or rarely cuneate; peduncles 0–5 mm long."	11
10	"Phyllodes ovate to circular, base cordate to rounded."	"Daviesia buxifolia"
10	"Phyllodes mostly elliptic or narrow-elliptic, base cuneate to rounded."	"Daviesia elliptica"
11	"Shrubs or trees to 6 m high; flowers strongly fragrant; lower calyx teeth 0.8–1 mm long, tips neither thickened nor coloured."	"Daviesia suaveolens"
11	"Shrubs (rarely arborescent) to 3 m high; flowers not or scarcely fragrant; lower calyx teeth 0.3–0.6 mm long, tips thickened and tinged dark brown."	"Daviesia mimosoides"
12	"Phyllodes terete or slightly compressed vertically; no midrib apparent."	13
12	"Phyllodes horizontally flattened or subulate, with a prominent midrib above or below."	14
13	"Phyllodes articulated at base."	"Daviesia genistifolia"
13	"Phyllodes continuous with branchlet."	"Daviesia benthamii"
14	"At least some branchlet apices spinescent."	15
14	"Branchlet apices not spinescent."	16
15	"Plants usually grey-hispid; occurring on deep sand in mallee communities."	"Daviesia arenaria"
15	"Plants usually glabrous; widespread on various soils."	"Daviesia ulicifolia"
16	"Flowers up to 6 in axillary umbels."	"Daviesia umbellulata"
16	"Flowers 1, or rarely 2, per unit inflorescence."	17
17	"Phyllodes subulate or ± linear, 10–40 mm long; margins recurved or revolute, with scattered minute teeth; flower stalks 1–2 mm long."	"Daviesia acicularis"
17	"Phyllodes usually narrow-elliptic or lanceolate to broad-ovate or cordate, never subulate, 4–20 mm long; margins recurved or undulate or complicate, often with bristly hairs but not toothed; flower stalks mostly 2.5–12 mm long."	18
18	"Lamina of phyllodes, as well as most parts of plant, hispid."	19
18	"Lamina of phyllodes glabrous, margins, midrib and branchlets often hispid."	20
19	"Phyllodes lanceolate to linear; apex short-acuminate, 1–2 mm long; margins strongly recurved."	"Daviesia pubigera"
19	"Phyllodes cordate to ovate, or rarely lanceolate; apex long-acuminate, 3–7 mm long; margins undulate."	"Daviesia villifera"
20	"Uppermost bracts in cluster at base of peduncle 0.3–0.8 mm long, 0.3–0.4 mm wide."	"Daviesia squarrosa"
20	"Uppermost bracts in cluster at base of peduncle 1–1.5 mm long, 0.5–0.75 mm wide."	"Daviesia nova-anglica"
