from	statement	to
1	"Plants erect or with prostrate stems rooting at the nodes; fruit with seeds free."	2
1	"Plants with prostrate stems rooting at the nodes; fruit with seeds embedded in the endocarp."	"Ludwigia peploides"
2	"Petals present, stamens twice as many as sepals; leaves alternate."	3
2	"Petals absent, stamens as many as sepals; leaves opposite."	"Ludwigia palustris"
3	"Fruit prominently 4- or sometimes 5-angled."	4
3	"Fruit ribbed, but ± terete."	"Ludwigia octovalvis"
4	"Plant hairy; leaves ovate to lanceolate to elliptic, up to 12 cm long."	"Ludwigia peruviana"
4	"Plant glabrous; leaves linear to oblong-lanceolate, usually >12 cm long."	"Ludwigia longifolia"
