from	statement	to
1	"Calyptra conical or hemispherical, ± rostrate. Adult leaves green. Peduncles flattened 6–16 mm long, to 7 mm wide apically; pedicels 2–9 mm long. Mature buds ovoid to fusiform, 14–23 mm long, 9–14 mm diam. Fruit cup-shaped, 4–6-locular, 8–16 mm long, 9–20 mm diam."	"Eucalyptus scias subsp. scias"
1	"Calyptra hemispherical."	2
2	"Calyptra oblong, rounded; fruit sessile. Leaves and buds often bluish, especially when dried."	"Eucalyptus scias subsp. apoda"
2	"Calyptra hemispherical, apiculate; fruit pedicellate. Adult leaves green. Peduncles flattened 8–23 mm long, to 5 mm wide apically; pedicels 2–5 mm long. Mature buds clavate to ovoid, 14–18 mm long, 9–12 mm diam. Fruit cup-shaped, 3- or 4-locular, 8–12 mm long, 9–14 mm diam"	"Eucalyptus scias subsp. callimastha"
