from	statement	to
1	"Small herbs less than 5 cm high; leaves less than 10 mm long; heads sessile in clusters surrounded by floral leaves; florets whitish, 2–3 mm long."	"Rutidosis multiflora"
1	"Herbs more than 10 cm high; lower leaves more than 10 mm long; inflorescences more than 5 cm long, heads usually pedunculate; florets yellow, more than 3 mm long."	2
2	"Inflorescences much-branched; stems and leaves covered with cottony hairs; basal leaves mostly more than 2 mm wide; pappus of 4–6 entire scales."	"Rutidosis helichrysoides"
2	"Inflorescences unbranched or sparsely branched; stem and leaves glabrous to hairy but then hairs not cottony; leaves usually less than 2 mm wide; pappus of 7–15 scales, margins of scales ciliate, fimbriate to more or less plumose."	3
3	"Stems leafy, slender, mostly more than 15 cm high; margins of pappus scales fimbriate to plumose."	"Rutidosis leptorrhynchoides"
3	"Leaves chiefly tufted towards base of stems, scapes usually less than 15 cm high; margins of pappus scales ciliate."	4
4	"Stems glabrous; pappus scales c. 10, longer than achenes; north coast species."	"Rutidosis heterogama"
4	"Stems more or less finely cottony; pappus scales 10–15, shorter to about as long as achenes; southern tableland species"	"Rutidosis leiolepis"
