from	statement	to
1	"Leaves more than 15 mm wide, obovate to elliptic, several-veined, persistent."	"Exocarpos latifolius"
1	"Leaves less than 2 mm wide, scale-like or linear more or less veinless, often caducous."	2
2	"Leaves opposite or almost so, prostrate or low shrubs of high altitudes."	"Exocarpos nanus"
2	"Leaves alternate, erect shrubs of low to medium altitudes."	3
3	"Flowers in elongated spikes; branches not rigid, slender."	4
3	"Flowers in short clusters or very condensed spikes; branches more or less rigid, sometimes more or less slender."	5
4	"Leaves linear-subulate 2–10 mm long, apex hooked, more or less persistent; usually a shrub to 4 m high with a weeping crown; bark smooth and pinkish."	"Exocarpos sparteus"
4	"Leaves triangular, c. 0.5 mm long, apex not hooked (except on suckering shoots), caducous; shrub or small tree to 8 m high with a rounded or pyramidal crown; bark dark and rough."	"Exocarpos cupressiformis"
5	"Branchlets acutely 2- or 3-angled; leaves linear-subulate, 1–3 mm long."	"Exocarpos strictus"
5	"Branches usually terete; leaves ovate, c. 1 mm long"	"Exocarpos aphyllus"
