from	statement	to
1	"Achenes without facial ribbing."	2
1	"Achenes with facial ribbing."	6
2	"Achenes with prominent marginal ribs."	3
2	"Achenes without prominent marginal ribs."	5
3	"Achenes narrowly constricted in the lower half, truncate at the apex below the pappus; pappus in many rows."	"Vittadinia eremaea"
3	"Achenes gradually tapered to the base, constricted at the apex; pappus in 1 or 2 rows."	4
4	"Stems and leaves with mainly septate hairs, glandular hairs minute and obscure."	"Vittadinia hispidula"
4	"Stems and leaves with mainly glandular hairs, septate hairs mainly restricted to margins and midrib of abaxial leaf surface."	"Vittadinia arida"
5	"Pappus plumose; achenes evenly pubescent."	"Vittadinia pterochaeta"
5	"Pappus barbellate; achenes with hairs denser in the centre or glabrescent."	"Vittadinia pustulata"
6	"Facial ribs converging below the apex, fusing with marginal ribs, not all reaching the apex, the apex never truncate."	7
6	"Facial ribs not or scarcely converging, almost all ribs continued to the apex, the apex often more or less truncate."	8
7	"Achenes with glandular hairs especially at the apex."	"Vittadinia cervicularis"
7	"Achenes without glandular hairs."	"Vittadinia sulcata"
8	"Marginal ribs of achenes glabrous; leaves linear or if oblanceolate then with narrow-acuminate lobes and attenuate base."	9
8	"One or both of the marginal ribs with hairs; leaves cuneate, obovate, oblanceolate or spathulate; lobes when present obtuse or shortly acute."	11
9	"Achene faces with clavate or subclavate hairs towards the apex."	10
9	"Achene faces with slender hairs towards the apex."	"Vittadinia tenuissima"
10	"Achenes with appressed hairs on the lower half, the upper half with subclavate hairs between the ribs."	"Vittadinia muelleri"
10	"Achenes without hairs on the lower half, the upper half with clavate hairs on the ribs."	"Vittadinia blackii"
11	"Hairs on the upper half of the achenes conspicuously clavate, hairs on the marginal ribs much smaller."	"Vittadinia condyloides"
11	"Hairs on the upper half of the achenes with acutely bifid apices, never clavate, hairs on the marginal ribs scarcely smaller."	12
12	"Heads usually more than 6 mm long; leaves cuneate to oblanceolate, without a very narrow base; the upper part entire or with 2 small lateral lobes."	13
12	"Heads less than 6 mm long; leaves broad-spathulate with a very narrow base, the upper part dissected."	"Vittadinia dissecta"
13	"Indumentum hirsute or stiffly semi-appressed."	"Vittadinia cuneata"
13	"Indumentum soft, white-tomentose"	"Vittadinia gracilis"
