from	statement	to
1	"Inflorescence umbellate or shortly racemose."	2
1	"Inflorescence 1-flowered, sometimes paired flowers in the axils."	3
2	"Inflorescence only umbellate with 2–5 flowers; plant not glaucous. Phyllodes lanceolate to narrow-elliptic, 4–20 mm long, 1–3 mm wide."	"Daviesia ulicifolia subsp. ulicifolia"
2	"Inflorescence either umbellate or racemose with 2–7 flowers; plant glaucous. Phyllodes lanceolate to oblong, 8–17.5 mm long, 1.3–2.5 mm wide."	"Daviesia ulicifolia subsp. aridicola"
3	"Phyllodes narrow-elliptic or lanceolate to linear."	4
3	"Phyllodes lanceolate to ± ovate, rarely narrower."	5
4	"Phyllodes 9–20 mm long, 0.5–1.5 mm wide, ± linear."	"Daviesia ulicifolia subsp. stenophylla"
4	"Phyllodes either <9 mm long, or >1 mm wide, narrow-elliptic to lanceolate."	"Daviesia ulicifolia subsp. ulicifolia"
5	"Phyllodes convex above with midrib more prominent above than below; standard petal orange (fading to yellow with age); stems often hispid. Phyllodes 5–12 mm long, 1.5–4 mm wide. ."	"Daviesia ulicifolia subsp. ruscifolia"
5	"Phyllodes flat to concave above with midrib equal on both surfaces or more prominent below; standard petal yellow; stems always glabrous. Phyllodes 7–20 mm long, 2–5 mm wide."	"Daviesia ulicifolia subsp. pilligensis"
