from	statement	to
1	"Stamens and style included in corolla tube; lower corolla lip villous inside with a few sparse and short hairs running down into the tube."	"Chloanthes parviflora"
1	"Stamens and style exserted from corolla tube; lower corolla lip glabrous inside."	2
2	"Leaves with margins scarcely recurved, usually 5–7 cm long and 5–11 mm wide, lower surface shortly hispid."	"Chloanthes glandulosa"
2	"Leaves with revolute margins, usually less than 5 cm long and less than 5 mm wide, lower surface woolly"	"Chloanthes stoechadis"
