from	statement	to
1	"Leaves 3-foliolate."	2
1	"Leaves pinnate, leaflets usually 5–25 (rarely a few 3-foliolate leaves near the base of the stem)."	9
2	"Keels conspicuously ciliate."	3
2	"Keels glabrous or not conspicuously ciliate."	4
3	"Leaflet margins usually flat or recurved, leaflets 2–6 mm wide; corolla 20–30 mm long."	"Gompholobium latifolium"
3	"Leaflet margins revolute, leaflets 0.5–1.5 mm wide; corolla 15–20 mm long."	"Gompholobium huegelii"
4	"Leaflets mostly more than 12 mm long, if less then apex obtuse."	5
4	"Leaflets mostly less than 12 mm long."	7
5	"Apex of leaflets acute with a sharp point; flowers 15–25 mm long."	"Gompholobium grandiflorum"
5	"Apex of leaflets obtuse or blunt (truncate); flowers 12–20 mm long."	6
6	"Stems smooth."	"Gompholobium virgatum"
6	"Stems tuberculate between ribs."	"Gompholobium aspalathoides"
7	"Stems covered with short, spreading hairs, not tuberculate; buds ridged at junction of calyx teeth."	"Gompholobium minus"
7	"Stems glabrous or sparsely hairy when young, more or less tuberculate; buds not ridged as above."	8
8	"Flowers red to orange-red; stipules absent; leaflets 4–12 mm long."	"Gompholobium uncinatum"
8	"Flowers yellow or yellow-green; stipules minute but conspicuously recurved; leaflets 5–8 mm long."	"Gompholobium inconspicuum"
9	"Leaflets cuneate, obovate or obcordate, apex obtuse, usually glaucous; flowers orange-red."	"Gompholobium foliolosum"
9	"Leaflets narrow-linear to elliptic, apex acute, not glaucous; flowers yellow or greenish yellow."	10
10	"Leaflets 5–7, rachis condensed; stems densely tuberculate."	"Gompholobium glabratum"
10	"Leaflets 15–25, rachis not condensed; stems smooth"	"Gompholobium pinnatum"
