from	statement	to
1	"Leaves simple or 1-foliolate."	2
1	"Leaves 3-foliolate."	3
2	"Leaves ovate to lanceolate, more than 10 mm wide; petioles 5–10 mm long; fruit 10–12 mm long; style 10–13 mm long."	"Jasminum volubile"
2	"Leaves linear to narrow-elliptic, less than 10 mm wide; petioles 1–3 mm long; fruit 7–8 mm long; style 5–7 mm long."	"Jasminum suavissimum"
3	"Leaflets ovate, more than 8 mm wide, base obtuse, rounded or truncate; inflorescences usually 1–5-flowered."	"Jasminum dallachii"
3	"Leaflets linear to narrow-lanceolate, less than 6 mm wide, base attenuate into petiole; inflorescences 5–15-flowered"	"Jasminum lineare"
