from	statement	to
1	"Shrubs or trees."	2
1	"Herbs or subshrubs."	3
2	"Corolla zygomorphic or rarely actinomorphic and then stamens 5, variously coloured or rarely white; stamens usually 4, enclosed or exserted, aggregated together or with distal ends converging; fruit dry or rarely succulent."	Eremophila
2	"Corolla actinomorphic or nearly so, white or rarely pinkish; stamens 4, exserted with distal ends parallel or diverging; fruit succulent, rarely dry."	Myoporum
3	"Leaves scale-like; stem, leaves, bracts and calyx brown."	Orobanche
3	"Leaves conspicuous, not scale-like; stem, leaves, bracts and calyx green."	4
4	"Bracteoles present between the calyx and bract (minute in Bacopa caroliniana)."	5
4	"Bracteoles absent."	12
5	"Calyx split down lower side; corolla 15–20 mm long, narrow-campanulate; anthers 2-locular."	Centranthera
5	"Calyx equally cleft between the lobes or sepals; corolla 5–12 mm long, 2-lipped, trumpet-shaped, campanulate or cylindrical; anthers 1- or 2-locular."	6
6	"Sepals fused for more than half their length."	7
6	"Sepals fused for less than half their length."	8
7	"Stem very short, within leafy rosettes connected by rhizomes; inflorescence scape-like; corolla 2-lipped; anthers 1-locular."	Mazus
7	"Stem elongated, erect, with spaced leaves; inflorescence a terminal spike; corolla trumpet-shaped; anthers 1-locular."	Buchnera
8	"Fertile stamens 2, sometimes with staminodes; corolla cylindrical."	9
8	"Fertile stamens 4, staminodes absent or present; corolla 2-lipped or more or less campanulate."	10
9	"Herbs; leaves thin, not densely crowded."	Gratiola
9	"Alpine subshrub; leaves leathery, densely crowded."	Chionohebe
10	"Leaves radical; inflorescence scape-like; sepals partly fused at base; bracteoles alternate, borne on pedicel well below calyx; anther loculi contiguous at apex."	Mazus
10	"Leaves cauline; inflorescence terminating leafy branches, solitary or raceme-like; sepals free to very base; bracteoles opposite, just below or appressed to calyx; anther loculi contiguous or separate."	11
11	"Sepals unequal; corolla more or less campanulate, almost actinomorphic; anther loculi contiguous; capsule loculicidal or also septicidal."	Bacopa
11	"Sepals equal; corolla strongly 2-lipped; anther loculi separate; capsule septicidal."	Stemodia
12	"Sepals fused for less than half their length."	13
12	"Sepals fused for at least half their length."	28
13	"Stamens 2; calyx and corolla 4- or 5-, rarely 6-merous, the corolla almost equally lobed or 2-lipped and lower lip slipper-shaped."	14
13	"Stamens 5 or 4; calyx and corolla 5-merous, the corolla usually unequally lobed."	17
14	"Corolla almost equally lobed."	15
14	"Corolla slipper-shaped, the lower lip greatly recurved above and much larger than upper; anthers 1-locular, with staminodes absent."	Calceolaria
15	"Capsule septicidal and often partly loculicidal, usually not strongly compressed; woody perennials or subshrubs."	Derwentia
15	"Capsule loculicidal and sometimes partly septicidal, usually strongly laterally flattened; annual or perennial herbs or semiwoody perennials."	16
16	"Perennial herbs, rarely stout; leaves various."	Veronica
16	"Semiwoody perennials; leaves broad-ovate and toothed."	Parahebe
17	"Leaves opposite or whorled."	18
17	"Leaves alternate, at least in upper parts."	22
18	"Corolla tube swollen or pouched at base; capsule asymmetrical in side view."	19
18	"Corolla tube symmetrical at base; capsule symmetrical in sides view."	20
19	"Corolla tube long, not pouched, 2 upper lobes pointed outwards and 3 lower lobes."	Misopates
19	"Corolla tube pouched, lower lip entire or emarginate, upper lip 4-lobed."	Nemesia
20	"Corolla subglobose, with a short tube and 5 small lobes; staminode present, scale-like; inflorescence many-flowered, a panicle of cymes."	Scrophularia
20	"Corolla 2-lipped, with a long or short tube; staminode absent; inflorescence few-flowered, a raceme."	21
21	"Branches prominently 4-ribbed; sepals broad, imbricate; corolla more than 20 mm long."	Artanema
21	"Branches obscurely to distinctly 4-angled; sepals narrow, hardly overlapping; corolla less than 10 mm long."	Lindernia
22	"Corolla closed at mouth by palate on lower side, the base of the tube spurred on lower side."	23
22	"Corolla mouth open, with or without palate, the tube symmetrical at base."	25
23	"Leaves with lamina reniform to semicircular, lobed with 5–9 rounded to triangular lobes, palmately veined; capsules dehiscing by irregular longitudinal apical slits."	Cymbalaria
23	"Leaves with lamina entire or with a pair of large basal lobes, pinnately veined; capsules dehiscing by an apical pore or irregular longitudinal slits."	24
24	"Plants erect; leaves sessile; flowers in terminal racemes or spikes; capsules dehiscing by irregular longitudinal slits."	Linaria
24	"Plants procumbent to ascending; leaves petiolate; flowers solitary; capsules dehiscing by an apical pore covered by a detachable lid."	Kickxia
25	"Corolla rotate, less than 15 mm long, tube much shorter than the 5 widely spreading lobes; stamens 5 or 4 and sometimes with a staminode; anthers 1-locular, upper 2 or 3 reniform, the lower decurrent along filaments."	Verbascum
25	"Corolla 2-lipped, more than 30 mm long, the tube longer than the lobes; stamens 4, sometimes with a staminode; anthers 2-locular, reniform."	26
26	"Erect herbs; leaves with lamina attenuate at base; capsule septicidal; seeds not winged."	Digitalis
26	"Climbers; leaves with lamina cordate at base; capsule irregularly dehiscing by transverse slit or pore; seeds broadly winged."	27
27	"Leaves glabrous; sepals less than 10 mm long, lanceolate, apex long-acuminate; seeds not winged."	Maurandya
27	"Leaves more or less villous; sepals more than 20 mm long, more or less ovate, apex obtuse or subacute; seeds winged."	Lophospermum
28	"Leaves densely clustered, their attachment obscure."	29
28	"Leaves spaced along branches."	30
29	"Calyx smooth, 3- or 4-lobed; stamens 2 or 4; stigma a broad flap; capsule loculicidal."	Glossostigma
29	"Calyx 5-angled, 5-lobed, in depauperate plants rarely 3-lobed; stamens 4; stigma capitate; capsule septifragal (the septum remaining attached to the placental column)."	Limosella
30	"Leaves alternate, at least in the upper parts."	31
30	"Leaves opposite or whorled."	32
31	"Semiaquatic herb, sometimes stoloniferous, with radical leaves entire; flowers solitary; calyx 5-toothed, in depauperate plants rarely less; corolla campanulate, more or less rotate; capsule septifragal."	Limosella
31	"Terrestrial herb, non-clonal, with cauline leaves toothed; flowers in racemes; calyx 4-toothed; corolla 2-lipped; capsule loculicidal."	Orthocarpus
32	"Leaves with patches of sessile glands below; calyx equally 4-toothed; anther loculi 2; stigma capitate or obscurely obliquely 2-lobed; capsule loculicidal."	33
32	"Leaves sometimes with scattered sessile glands; calyx equally 5-toothed or unequally 3- or 4-toothed; anther loculi 2 or 1; stigmas either 2 or 1, flap-like, or 2."	35
33	"Upper corolla lobes recurved; awns of rearmost pair of anthers longer than the other 6 awns; seeds longitudinally ribbed, scalariform between."	Euphrasia
33	"Upper corolla lobes pointed outwards; awns of anthers equal; seeds smooth, finely reticulate or ribbed."	34
34	"Capsules oblong; seeds smooth or finely reticulate, c. 0.5 mm long."	Parentucellia
34	"Capsules globose; seeds ribbed, scalariform between ribs, c. 0.7 mm long."	Bartsia
35	"Calyx smooth, unequally 3- or 4-lobed; anthers 1-locular; capsules septicidal; mat-forming herbs."	Glossostigma
35	"Calyx 5-ribbed, equally 5-lobed; anthers 1- or 2-locular; capsules septicidal or irregularly loculicidal; erect or mat-forming herbs."	36
36	"Stamens 4; anthers 2-locular; stigma 2-flapped (the flaps often appressed); capsule septicidal; erect or prostrate herbs."	Mimulus
36	"Stamens 2; anthers 1-locular; mat-forming herbs."	37
37	"Stigma 1-flapped; capsule tardily and irregularly septicidally and loculicidally from the base."	Peplidium
37	"Stigma of 2 terete lobes; capsule septicidal from the apex"	Elacholoma
