from	statement	to
1	"Capsule with numerous bristles."	2
1	"Capsule glabrous."	3
2	"Capsule 10–12.5 mm long, 10–15 mm diam., subglobose to ovoid."	"Papaver hybridum"
2	"Capsule 15–20 mm long, 3–5 mm diam., oblong."	"Papaver argemone"
3	"Capsule at least twice as long as broad, 6–8 mm diam."	4
3	"Capsule no more than twice as long as broad, 10 mm or more diam."	5
4	"Capsule c. 15 mm long, with 4–8 stigmatic rays."	"Papaver aculeatum"
4	"Capsule 15–25 mm long, with 6–10 stigmatic rays."	"Papaver dubium"
5	"Stem leaves sessile, clasping stem."	"Papaver somniferum"
5	"Stem leaves shortly petiolate, petiole usually winged"	"Papaver rhoeas"
