from	statement	to
1	"Leaflets less than 2.5 cm long; stipules cordate; flowers mostly 1–2 on a peduncle 1–3 cm long."	"Kennedia prostrata"
1	"Leaflets mostly more than 2.5 cm long; stipules not cordate; flowers racemose, 2–12 on a peduncle 2–15 cm long."	2
2	"Leaflets 2–5 cm long, 1–3.5 cm wide, upper surface rugose; pods glabrous."	"Kennedia procurrens"
2	"Leaflets 3–13 cm long, 2–10 cm wide, upper surface not rugose, pods hairy."	3
3	"Flowers 3–4 cm long; racemes 4–5 cm long, 2–12-flowered; stems more or less glabrous to rusty pubescent."	"Kennedia rubicunda"
3	"Flowers 1.2–1.5 cm long; racemes to 25 cm long, mostly 4–20-flowered; stems and leaflets usually densely rusty to whitish pubescent"	"Kennedia retrorsa"
