from	statement	to
1	"Apex of mature fruit curved upwards before dehiscence."	2
1	"Fruit straight before dehiscence."	3
2	"Leaflet reticulation usually obvious; secondary veins ≥60°; mature fruit with purple flecks."	"Glycine cyrtoloba"
2	"Leaflet reticulation obscure; secondary veins usually ≤50°; fruit without purple flecks."	"Glycine canescens"
3	"Leaflets palmately 3-foliolate."	4
3	"Leaflets pinnately 3-foliolate."	6
4	"Leaflet reticulation obvious; stoloniferous."	"Glycine microphylla"
4	"Leaflet reticulation obscure; not stoloniferous."	5
5	"Fruit 7–13-seeded; secondary veins ≥50°, obvious; seed surface rough, not mottled; terminal stipels usually present."	"Glycine clandestina"
5	"Fruit 5–9-seeded; secondary veins ≤50°, obscure; seed surface smooth, mottled; terminal stipels usually absent."	"Glycine rubiginosa"
6	"Leaflet reticulation obscure; rachis ≤4 mm long; not stoloniferous; fruit 7–13-seeded."	"Glycine clandestina"
6	"Leaflet reticulation usually obvious; rachis variable, often >4 mm long; stoloniferous or not stoloniferous; fruit 1–10-seeded, usually ≤8-seeded."	7
7	"Stoloniferous; adventitious root buds may be visible in axils of older stems, brown; leaflets with length:breadth ratio of ratio 1.3–7:1."	8
7	"Not stoloniferous; lacking adventitious root buds; leaflets with length:breadth ratio of 1.1–20:1."	10
8	"Seeds with obvious raised warts (appearing granular under a microscope); leaflets with length:breadth ratio of 1.3–2.2:1; plants moderately hairy on most parts."	"Glycine latifolia"
8	"Seeds with very obscure flattened warts; leaflets with length:breadth ratio of 1.6–7:1; plants sparsely hairy on most parts, or nearly glabrous."	9
9	"Seeds usually shortly barrel-shaped (rarely ± spherical); leaflets with length:breadth ratio of 1.6–4:1; secondary veins 30–60° from midvein (rarely to 70°); rachis often >2 mm long."	"Glycine tabacina"
9	"Seeds usually ± spherical; leaflets with length:breadth ratio of 2–7:1; secondary veins 60–80° from midvein; rachis often <2 mm long."	"Glycine microphylla"
10	"Lower surface of leaflets moderately to densely hairy, upper surfaces sparsely to densely hairy; leaflets up to 38 mm wide; cleistogamous fruit either in leaf axils or on specialised branches arising from partly-covered aerial stems ('litter pods')."	"Glycine tomentella"
10	"Lower surface of leaflets sparsely hairy, upper surfaces glabrous to sparsely hairy; leaflets up to 13 mm wide; cleistogamous fruit in leaf axils only."	11
11	"Fruit usually up to 6-seeded (rarely 7-seeded); fruit usually up to 28 mm long (rarely to 30 mm); sinus between upper calyx teeth 0.25–0.5 mm long."	"Glycine stenophita"
11	"Fruit usually 6–9-seeded (rarely 4-seeded); fruit usually >28 mm long (rarely from 25 mm long); sinus between upper calyx teeth 0.25–1 mm long."	"Glycine pacifica"
