from	statement	to
1	"Leaves less than 6 mm long, narrow-triangular to lanceolate, rigid, spreading or suberect."	2
1	"Leaves more than 10 mm long, linear, soft, grass-like, often recurved, somewhat flaccid."	3
2	"Leaves spreading, channelled above, convex below; with thickened margins, a prominently keeled midrib and a pungent apex; pedicels 1–2 mm long, thickened, shorter than calyx."	"Colobanthus pulvinatus"
2	"Leaves suberect with flat margins, a flattened midrib and an acicular but not pungent-pointed apex; pedicels slender, 3–10 mm long, at least as long as calyx."	"Colobanthus nivicola"
3	"Capsules c. 4 mm long, longer than the calyx; pedicel 25–60 mm long; sepals broad-triangular, obtuse to subacute, c. 3 mm long."	"Colobanthus affinis"
3	"Capsules c. 3 mm long, as long as the calyx; pedicel usually 8–12 mm long; sepals acuminate, 2.5–4 mm long"	"Colobanthus apetalus"
