from	statement	to
1	"Upper glume and lower lemma exceeding the fertile floret by up to 1 mm; leaves with blade flat and well-developed with a distinct midvein; spikelets 2.5–3.8 mm long."	"Entolasia marginata"
1	"Upper glume and lower lemma about as long as the fertile floret; leaves with blade slightly incurved to involute, sometimes very short and without a prominent midvein; spikelets 2.2–6 mm long."	2
2	"Spikelets 2.2–3.8 mm long; tufts of short leafy shoots often present at the nodes."	"Entolasia stricta"
2	"Spikelets 4–6 mm long; culms branched at the nodes but without tufts of short shoots"	"Entolasia whiteana"
