from	statement	to
1	"Plant growing on Lord Howe Island."	"Elaeocarpus costatus"
1	"Plant growing in NSW."	2
2	"Mature leaves hairy on lower surface, usually densely so, glabrous or hairy above; inflorescence always borne amongst the leaves."	3
2	"Mature leaves glabrous, or almost so, on both surfaces, sometimes young leaves hairy; inflorescence ramiflorous or borne amongst the leaves."	5
3	"Leaves simple, margins distinctly and regularly toothed; petiole <10 mm long, apex not swollen."	"Elaeocarpus holopetalus"
3	"Leaves 1-foliolate, margins more or less entire or with a few shallow teeth; petiole >10 mm long, apex swollen at junction with lamina."	4
4	"Leaves oblanceolate, not glaucous on lower surface; inflorescences >10-flowered; fruit strongly 3-grooved."	"Elaeocarpus williamsianus"
4	"Leaves elliptic to obovate, glaucous on lower surface; inflorescences <10-flowered; fruit not strongly grooved"	"Elaeocarpus sedentarius"
5	"Leaves simple, petiole not swollen at junction with lamina."	6
5	"Leaves 1-foliolate, petiole swollen near junction with lamina."	8
6	"Leaves finely and regularly toothed; secondary veins more than 9 pairs."	7
6	"Leaves irregularly and shallowly toothed or crenate, rarely entire; secondary veins less than 9 pairs."	"Elaeocarpus obovatus"
7	"Domatia absent; petiole less than 10 mm long."	"Elaeocarpus holopetalus"
7	"Domatia regularly present along midvein, numerous; petiole 10–20 mm long."	"Elaeocarpus grandis"
8	"Leaves with usually more than 9 pairs of secondary veins; lamina regularly and finely toothed from near the base; small domatia regularly present along midvein."	9
8	"Leaves with 6–9 pairs of secondary veins; lamina with irregular distant teeth, often only in the upper half, or margins sometimes more or less entire; domatia absent."	"Elaeocarpus eumundi"
9	"Leaves with 9–15 pairs of secondary veins, petiole mostly less than 20 mm long."	"Elaeocarpus reticulatus"
9	"Leaves with usually more than 15 pairs of secondary veins; petiole mostly more than 20 mm long."	"Elaeocarpus kirtonii"
