from	statement	to
1	"Long-lived perennial shrubs; frequently dioecious."	2
1	"Annuals or short-lived perennials; monoecious."	10
2	"Mostly dioecious, though some mixing of sexes may occur; woody perennials."	3
2	"Plants usually monoecious; woody or herbaceous perennials."	8
3	"Shrub 1.5–3 m high, inland species only."	4
3	"Shrubs to c. 1 m high, inland and coastal species."	5
4	"Foliage and stems with a bluish grey scaly sheen on all surfaces; bracteoles thickened and corky all over."	"Atriplex rhagodioides"
4	"Foliage and stems grey-green,bracteoles thin and papery toward apical margin."	"Atriplex nummularia"
5	"Coastal species; fruiting bracteoles obtuse to acute, united to just below the middle, sometimes with a small base, lower central portion swollen or not."	"Atriplex cinerea"
5	"Inland species; fruiting bracteoles with or without appendages, obtuse or acute, sessile or with a long stipe-like base."	6
6	"Delicate erect shrub to c. 1 m high; fruiting bracteoles with a stipe-like base more than 3 mm long."	"Atriplex stipitata"
6	"Robust or spreading shrubs to c. 1 m high; fruiting bracteoles virtually sessile."	7
7	"Fruiting bracteoles with entire margins and usually with an appendage; appendage sometimes inflated and almost as long as the bracteole or reduced."	"Atriplex vesicaria"
7	"Fruiting bracteoles lobed and without appendages."	"Atriplex sp. b sensu jacobs (1990)"
8	"Fruiting bracteoles sessile or subsessile, more or less triangular, occasionally with spiny appendages."	"Atriplex velutinella"
8	"Fruiting bracteoles with an obvious stipe-like base; apex expanded, more or less fan-like; bracteoles with or without appendages."	9
9	"Fruiting bracteoles without dorsal appendages."	"Atriplex stipitata"
9	"Fruiting bracteoles with a reniform dorsal appendage."	"Atriplex quinii"
10	"Fruiting bracteoles fused for less than half their length."	11
10	"Fruiting bracteoles fused for more than half their length."	24
11	"Fruiting bracteoles with dorsal appendage(s)."	12
11	"Fruiting bracteoles without dorsal appendages."	19
12	"Fruiting bracteoles with entire margins or 3-lobed but otherwise entire."	13
12	"Margins of fruiting bracteoles with more than 3 teeth."	17
13	"Fruiting bracteoles more than 6 mm long."	14
13	"Fruiting bracteoles less than 6 mm long."	15
14	"Fruiting bracteoles sessile or subsessile, more or less triangular."	"Atriplex velutinella"
14	"Fruiting bracteoles with a hardened stipe-like base."	"Atriplex acutibractea"
15	"Fruiting bracteoles both with numerous papillate appendages."	"Atriplex papillata"
15	"Fruiting bracteoles at most with two small tooth-like appendages on one or both bracteoles."	16
16	"Fruiting bracteoles broader than long."	"Atriplex acutiloba"
16	"Fruiting bracteoles longer than broad or as long as broad."	"Atriplex semibaccata"
17	"Bracteole teeth usually 5."	"Atriplex acutiloba"
17	"Bracteole teeth more than 5."	18
18	"Fruiting bracteoles sessile, leaves elliptic or broad- elliptic to obovate."	"Atriplex fissivalvis"
18	"Fruiting bracteoles with stipe-like base 0.5–1.5 mm long, leaves lanceolate to narrow-obovate."	"Atriplex spinibractea"
19	"Margins of fruiting bracteoles with more than 3 teeth."	"Atriplex spinibractea"
19	"Margins of fruiting bracteoles entire or 3-lobed."	20
20	"Fruiting bracteoles rhombic, apex triangular."	21
20	"Fruiting bracteoles broad-triangular."	22
21	"Plant prostrate; fruit solitary or few together, axillary."	"Atriplex semibaccata"
21	"Plant erect; fruit in dense clusters in terminal spike-like inflorescences."	"Atriplex patula"
22	"Inland short-lived perennial; leaves ovate or rhombic; fruiting bracteoles 6–9 mm long."	"Atriplex velutinella"
22	"Coastal annuals (rarely short-lived perennials); leaves hastate or ovate; fruiting bracteoles less than 6 mm long."	23
23	"Plant decumbent; leaves and fruit glaucous; inflorescence usually c. 20–30% of plant."	"Atriplex australasica"
23	"Plant erect; leaves green, fruit dark green; inflorescence usually c. 50% of plant."	"Atriplex prostrata"
24	"Fruiting bracteoles with dorsal appendage(s)."	25
24	"Fruiting bracteoles without dorsal appendages."	35
25	"Fruiting bracteoles with a stipe-like base more than 1 mm long."	26
25	"Fruiting bracteoles sessile or with a stipe-like base less than 1 mm long."	30
26	"Fruiting bracteoles broadest c. midway up."	"Atriplex spinibractea"
26	"Fruiting bracteoles broadest at the top."	27
27	"Dorsal appendages larger than the free portion of the bracteole."	"Atriplex limbata"
27	"Dorsal appendages smaller than the free portion of the bracteole."	28
28	"Appendages reniform, 1 on each bracteole."	"Atriplex quinii"
28	"Appendages tooth-like, 1 or 2 on one bracteole only."	29
29	"Leaves petiolate, spreading; appendages 2 on one bracteole."	"Atriplex eardleyae"
29	"Leaves sessile, erect; appendages 1 or 2 on one bracteole or absent."	"Atriplex pseudocampanulata"
30	"Fruiting bracteoles less than 3 mm long."	31
30	"Fruiting bracteoles more than 3 mm long."	32
31	"Apex of fruiting bracteoles acute."	"Atriplex infrequens"
31	"Apex of fruiting bracteoles truncate."	"Atriplex elachophylla"
32	"Dorsal appendages large, inflated."	33
32	"Appendages small, tooth-like."	34
33	"Central lobe of apex longer than the two lateral lobes, c. as long as the inflated base."	"Atriplex nessorhina"
33	"All 3 terminal lobes more or less equal, much shorter than the inflated appendage."	"Atriplex morrisii"
34	"Fruiting bracteoles broadest at the base, broad-triangular."	"Atriplex acutiloba"
34	"Fruiting bracteoles broadest around the middle, rhombic."	"Atriplex semibaccata"
35	"Fruiting bracteoles spongy, inflated."	36
35	"Fruiting bracteoles neither spongy nor inflated."	38
36	"Apex of bracteoles flattened, with wing-like margins."	"Atriplex lindleyi"
36	"Apex of bracteoles rounded, no wing-like margins."	37
37	"Leaves sessile."	"Atriplex spongiosa"
37	"Leaves petiolate."	"Atriplex holocarpa"
38	"Fruiting bracteoles with hardened stipe-like base."	39
38	"Fruiting bracteoles sessile or shortly stalked, sometimes hardened but without an obvious hardened stipe-like base."	46
39	"Fruiting bracteoles at least twice as broad at apex as elsewhere."	40
39	"Fruiting bracteoles cylindrical or broadest at the middle."	44
40	"Fruiting bracteoles more than 6 mm long."	41
40	"Fruiting bracteoles less than 6 mm long."	43
41	"Fruiting bracteoles almost as broad as long (about two-thirds as broad as long), upper free portion of bracteoles usually with recurved lobes (rarely the lobes reduced)."	"Atriplex angulata"
41	"Fruiting bracteoles about half as broad as long, upper portion of bracteoles fan-shaped."	42
42	"Stipe-like base of fruiting bracteoles swollen and hardened."	"Atriplex intermedia"
42	"Stipe-like base of fruiting bracteoles hardened but not swollen."	"Atriplex turbinata"
43	"Fruiting bracteoles 3.5 mm long or less."	"Atriplex crassipes"
43	"Fruiting bracteoles more than 3.5 mm long."	"Atriplex pseudocampanulata"
44	"Fruiting bracteoles broadest at the middle."	"Atriplex spinibractea"
44	"Fruiting bracteoles more or less cylindrical."	45
45	"Fruiting bracteoles less than 4 mm long; leaves obovate, to 15 mm long."	"Atriplex sturtii"
45	"Fruiting bracteoles more than 4 mm long; leaves oblong to linear-lanceolate, may be more than 15 mm long."	"Atriplex leptocarpa"
46	"Fruiting bracteoles spreading at the apex to form a broad, terminal, more or less flat wing more than 5 mm diam."	"Atriplex macropterocarpa"
46	"Fruiting bracteoles various but not forming a broad, flat, terminal wing."	47
47	"Fruiting bracteoles less than 3 mm long."	48
47	"Fruiting bracteoles more than 3 mm long."	51
48	"Fruiting bracteoles acute with a central acute lobe, lateral lobes present or absent."	49
48	"Fruiting bracteoles more or less truncate; lobes, if present, more or less equal."	50
49	"Fruiting bracteoles with lateral lobes and with a vertical thickened zone."	"Atriplex lobativalvis"
49	"Fruiting bracteoles rhombic, without lateral lobes, not obviously thickened."	"Atriplex infrequens"
50	"Fruiting bracteoles not obviously thickened, tapering gradually into the truncate, unlobed to 3-lobed apex."	"Atriplex pumilio"
50	"Fruiting bracteoles with swollen, hardened base surmounted by a small lobed apex."	"Atriplex elachophylla"
51	"Fruiting bracteoles more than 8 mm long, flattened dorsiventrally."	"Atriplex conduplicata"
51	"Fruiting bracteoles less than 6 mm long, more or less swollen."	52
52	"Fruiting bracteoles more or less rhombic, no obviously thickened zone, though sometimes succulent and red."	"Atriplex semibaccata"
52	"Fruiting bracteoles with a globose thickened zone surmounted by a lobed apex."	53
53	"Apex of fruiting bracteoles obtuse, all teeth more or less equal in length; leaf apex obtuse."	"Atriplex muelleri"
53	"Apex of fruiting bracteoles acute, with one tooth more prominent; leaf apex acute to obtuse"	"Atriplex suberecta"
