from	statement	to
1	"Flowers at the tip of the shoot in a raceme-like arrangement, subtended by bracts or very reduced leaves."	2
1	"Flowers solitary in the axils of leaves (but leaves often reducing in size towards the tips of stems in L. anceps)."	6
2	"Stems decumbent, flowering shoots ascending; leaves ovate, base of lamina truncate to cordate."	"Lobelia trigonocaulis"
2	"Stems erect or ascending; leaves oblanceolate to linear-elliptic, sessile, subsessile or tapering to the base."	3
3	"Seeds strongly 3-angled, smooth and shiny."	4
3	"Seeds not 3-angled, surface very faintly ridged or reticulate."	5
4	"Capsule 7–15 mm long; upper corolla lobes recurved, glabrous."	"Lobelia simplicicaulis"
4	"Capsule 3.5–4 mm long; upper corolla lobes incurved and pilose."	"Lobelia andrewsii"
5	"Lower leaves with margins usually entire, rarely with a few narrow teeth; seeds irregularly angular, reticulate."	"Lobelia gibbosa"
5	"Lower leaves ovate, margins broadly lobed; seeds ellipsoidal, very faintly ridged to almost smooth."	"Lobelia dentata"
6	"Young stems usually with a narrow wing 0.2–1.1 mm wide; capsule ± cylindrical, 8–12.5 mm long, 2–2.5 mm wide."	"Lobelia anceps"
6	"Stems sometimes ridged but not distinctly winged; capsule ellipsoid to obovoid or obconical, = 7 mm long."	7
7	"Pedicels 1–5(–7) mm long; leaves crowded."	"Lobelia darlingensis"
7	"Pedicels (8–)10–60(–70) mm long; leaves ± well spaced."	8
8	"Lamina usually broadly ovate, margins toothed, base rounded; petiole distinct."	"Lobelia membranacea"
8	"Lamina linear to narrow-elliptical or elliptical, tapering to an indistinct petiole."	9
9	"Pedicels (8–)10–30 mm long; plants with spreading hairs."	"Lobelia pratioides"
9	"Pedicels 35–70 mm long; plants glabrous"	"Lobelia stenophylla"
