from	statement	to
1	"Inflorescence small, 1–several few-flowered clusters or very short loose spike-like racemes on slender branches; stems creeping, prostrate to decumbent."	2
1	"Inflorescence of numerous flowers in mostly dense, elongated or more rarely subglobose spike-like racemes, usually arranged in large panicles; stems erect to decumbent or prostrate, occasionally with slender antrorse or spreading hairs but never strongly retrorse-strigose."	5
2	"Stems strongly retrorse-strigose; perianth not enlarged or changing colour when fruiting."	3
2	"Stems not retrorse-strigose; peranth enlarged, succulent, blue-black and surrounding the fruit."	"Persicaria chinensis"
3	"Leaf bases hastate, sagittate or occasionally truncate."	4
3	"Leaf bases acute to cuneate, occasionally obtuse to truncate."	"Persicaria dichotoma"
4	"Inflorescence of 2–4 branches with small terminal subglobose flower clusters 5–10 mm long with bracts crowded at ends of branches; inflorescence branches with stalked glandular hairs and usually some shorter simple hairs; leaves 15–32 mm wide."	"Persicaria strigosa"
4	"Inflorescence of 2 or 3 branches but bracts 5–15 mm apart so that flowers appear solitary; inflorescence branches with stalked glandular hairs only or with a few simple hairs as well; leaves 6–17 mm wide."	"Persicaria praetermissa"
5	"Spikes globose or ovoid or short-cylindrical with length no more than twice as great as diam. (occasionally slightly more in Persicaria maculosa and then spikes interrupted below)."	6
5	"Spikes elongate-cylindrical, at least four times as long as wide."	8
6	"Ocreas not developed into a green limb; perianth pink to whitish, not thickened and corky."	7
6	"Ocreas developed into spreading green toothed limb; perianth green, becoming truncate, thickened and corky in fruit."	"Persicaria prostrata"
7	"Perianth c. twice as long as the nut; inflorescence bracts subtriangular, stiff; plants prostrate; spikes ovoid or globose, dense, not interrupted."	"Persicaria capitata"
7	"Perianth only slightly exceeding nut; inflorescence bracts funnel-shaped, soft-textured; plants ascending or erect; spikes short-cylindrical, dense but often interrupted below."	"Persicaria maculosa"
8	"Ocreas developed on upper margin into a spreading green limb."	9
8	"Ocreas not developed into green limb."	10
9	"Large erect herb; perianth pale pink, not becoming thick and corky in fruit; ocrea limb collar-like, to 7 mm wide, entire; leaf base obtuse, often slightly oblique and petiole winged for 1–2 cm."	"Persicaria orientalis"
9	"Small decumbent to prostrate herb; perianth green, becoming truncate, thickened and corky in fruit; ocrea limb lobed and toothed; leaf base attenuate."	"Persicaria prostrata"
10	"Stalked glandular hairs present on most parts, occasionally sessile glands present too; simple hairs present on leaf margins."	"Persicaria elatior"
10	"Hairs simple on stems or absent, but sessile glands may be present on stem, leaf, ocrea or perianth."	11
11	"Stigmas tough and persistent on fruit, hook-like."	"Persicaria filiformis"
11	"Stigmas remaining delicate when fruiting, usually deciduous."	12
12	"Plants glabrous or with hairs only on leaf margins, veins and ocreas."	13
12	"Plants hairy, usually densely so, not just on leaf veins and margins."	16
13	"Perianth densely glandular, pink to whitish or greenish white."	14
13	"Perianth not densely glandular, pink to white."	15
14	"Perianth greenish white; upper margins of ocreas mostly with cilia 3–5 mm long; petioles 1–5 mm long; spikes slender, lax, with each flower cluster distinct."	"Persicaria hydropiper"
14	"Perianth pink to whitish; ocreas without marginal hairs; petioles 5–22 mm long; spikes dense, with flowers crowded and overlapping."	"Persicaria lapathifolia"
15	"Leaves with glands (usually yellow) dense on lower surface and scattered on upper; spikes dense, 4–7 mm diam."	"Persicaria lapathifolia"
15	"Leaves not conspicuously glandular but usually minutely warty, often with purplish blotch near the middle of the upper surface; spikes slender, rather lax, 3–4 mm diam."	"Persicaria decipiens"
16	"Leaves subsessile, petiole no more than 2 mm long."	"Persicaria subsessilis"
16	"Leaves obviously petiolate, petiole 5–40 mm long."	17
17	"Plants erect; perianth sparsely sessile-glandular; leaves densely to sparsely tomentose, sometimes mixed with more or less glabrous leaves on same plant."	"Persicaria lapathifolia"
17	"Plants decumbent; perianth not glandular; leaves not tomentose but densely and shortly pubescent beneath, hairs on upper surface more or less densely and coarsely antrorse"	"Persicaria attenuata"
