from	statement	to
1	"Leaves on adult plants more than 8 times as long as wide, linear to lanceolate; anther cone long-exserted above the corolla on spirally twisted filaments; fruit ovoid or narrow-ovoid; widespread inland species of the Slopes and plains."	"Parsonsia eucalyptophylla"
1	"Leaves on adult plants usually less than 8 times as long as wide, not linear, sometimes lanceolate but usually wider; anther cone partially or almost wholly exserted but never raised high above the corolla, filaments twisted or not twisted; fruit more or less terete, mostly slender; chiefly in coastal areas, sometimes extending to the Slopes and plains."	2
2	"Leaves less than 4.5 cm long, margins crisped or flatter and finely toothed."	"Parsonsia lilacina"
2	"Leaves usually more than 4.5 cm long, margins neither crisped nor toothed (sometimes shallowly toothed at the base only in Parsonsia tenuis)."	3
3	"Corolla glabrous inside; apex of leaves obtuse, emarginate or short-acute and with a stiff point."	"Parsonsia lanceolata"
3	"Corolla with a ring of hairs at the throat, sometimes tube and lobes also hairy inside; apex of leaves mostly gradually acute or acuminate."	4
4	"Leaves softly pubescent on lower surface; petiole and branchlets densely pubescent (older leaves sometimes glabrescent in Parsonsia velutina)."	5
4	"Leaves glabrous or with inconspicuous sparse fine hairs on lower surface."	8
5	"Hairs fawn to brownish, especially on young leaves and stems, the young expanding leaves brown-silky or furry on both surfaces; leaves broad, 3.5–9 cm wide; anthers without a dorsal keel or crest."	6
5	"Hairs mostly colourless or whitish, the leaves and shoots neither brownish nor silky; leaves 1–5 cm wide; anthers with a prominent dorsal keel or ridge."	7
6	"Leaves broad-ovate or elliptic, apex short-acuminate or acute, base broad-cuneate to rounded or shallowly cordate (2-lobed at the base in leaves on juvenile plants), small domatia usually present; flowers pedicellate in loose cymose panicles."	"Parsonsia fulva"
6	"Leaves ovate, apex acuminate to a fine point, base strongly cordate (2-lobed at the base in leaves on juvenile plants), domatia absent; flowers more or less sessile in condensed cymes."	"Parsonsia velutina"
7	"Tertiary veins of leaves numerous and prominent on lower surface forming backwardly curving connections between secondary veins; corolla tube globose."	"Parsonsia ventricosa"
7	"Tertiary veins faint, few and irregular or transverse on lower surface, not forming a regular curving pattern; corolla tube cylindrical."	"Parsonsia tenuis"
8	"Leaves with the secondary veins faintly visible on upper surface and more or less invisible on lower surface; older stems more than 5 mm diam. with prominent corky outgrowths."	"Parsonsia rotata"
8	"Leaves with the secondary veins (and often some smaller veins) distinct on lower surface; stems without discrete corky outgrowths."	9
9	"Corolla tube ovoid or globose."	10
9	"Corolla tube cylindric or gradually tapering to the base, neither ovoid nor globose."	11
10	"Milky latex exuding from cut stems and petioles; corolla tube ovoid, lobes strongly recurved; anthers with only the tips exserted, filaments twisted."	"Parsonsia dorrigoensis"
10	"Clear watery sap exuding from cut stems and petioles; corolla tube globose, lobes spreading; anthers half-exserted, filaments not twisted."	"Parsonsia ventricosa"
11	"Leaves finely reticulate on both surfaces, the reticulum raised in dried leaves; climbing by adventitious roots but some stems twining and without climbing roots."	"Parsonsia straminea"
11	"Leaves with the fine reticulum invisible; climbing roots absent."	12
12	"Leaves with 9 or more pairs of secondary veins."	"Parsonsia brownii"
12	"Leaves with 3–8 (rarely 9) pairs of secondary veins."	13
13	"Clear watery latex exuding from cut stems and petioles; leaves more than twice as long as broad; petiole less than half as long as lamina; corolla lobes no longer than tube."	14
13	"Milky latex exuding from cut stems and petioles; leaves with the blades less than twice as long as broad; petiole mostly more than half as long as lamina; corolla lobes more than 4 times long as tube."	"Parsonsia longipetiolata"
14	"Leaves very thin and soft, the reticulum mostly invisible, secondary veins usually interconnecting to form a fine intramarginal vein; dried leaves green on upper surface, green to pale purple on lower surface; apex long-acuminate to a fine point, corolla lobes erect, hood-shaped."	"Parsonsia induplicata"
14	"Leaves firm, of moderate thickness, the coarser reticulum visible, no intramarginal vein present; dried leaves purple or purplish black on both surfaces; apex acute or acuminate with a small stiff point; corolla lobes spreading, not hood-shaped"	"Parsonsia purpurascens"
