from	statement	to
1	"Margins of leaves not recurved; leaves usually opposite, not usually warty."	2
1	"Margins of leaves recurved; leaves alternate, opposite or whorled, upper surface often warty."	"Podolobium alpestre"
2	"Leaves lobed, the lobes pungent-pointed."	3
2	"Leaves entire, with or without a pungent apex."	4
3	"Margins of leaves deeply and irregularly lobed; leaves ovate to narrow-ovate in outline."	"Podolobium ilicifolium"
3	"Margins of leaves with shallow, ± regular, sinuate lobes; leaves oblong to ovate in outline."	"Podolobium aestivum"
4	"Stipules spinose; calyx teeth shorter than tube; bracteoles absent."	"Podolobium aciculiferum"
4	"Stipules bristly; calyx teeth ± equal to tube; bracteoles present."	5
5	"Leaves obovate or ovate to elliptic, 1–7 cm long, apex obtuse or with a soft mucronate point, margins flat."	"Podolobium scandens"
5	"Leaves ovate, 1–2.5 cm long, apex pungent-pointed, margins undulate."	"Podolobium procumbens"
