from	statement	to
1	"Leaves narrow-oblong to narrow-elliptic, with length:breadth ratio of >3:1."	2
1	"Leaves obcordate, length:breadth ratio of mostly <2:1. Leaves 9–11 mm long, 4–5.5 mm wide. Petals 7–9 mm long; pedicels c. 3.5 mm long."	"Crowea exalata subsp. obcordata"
2	"Petals 5–8.5 mm long; pedicels 0.5–1.5 mm long; leaves narrow-oblong to oblanceolate, 13–50 mm long, 1.5–5 mm wide; leaf apex obtuse to acute."	"Crowea exalata subsp. exalata"
2	"Petals 7.5–14 mm long; pedicels 1.5–4 mm long; leaves narrow-elliptic or rarely narrow-oblong to oblanceolate, 20–75 mm long, 3–9.5 mm wide; leaf apex mucronate to apiculate, retuse in some southern populations."	"Crowea exalata subsp. magnifolia"
