from	statement	to
1	"Fruit dry."	2
1	"Fruit more or less fleshy."	26
2	"Calyx 2-lipped; lips sometimes toothed."	3
2	"Calyx 5–10-toothed, not divided into two lips."	10
3	"Calyx with upper lip emarginate to undivided."	4
3	"Calyx with upper lip deeply 3-lobed or truncate with 3 sharp, almost obsolete teeth-like lobes."	7
4	"Calyx with lower lip emarginate or undivided."	5
4	"Calyx with lower lip deeply 4-toothed."	6
5	"Perennial herb; upper calyx lip with a hollow prominent swelling."	Scutellaria
5	"Woody subshrub to tree; upper calyx lip without a prominent swelling."	Prostanthera
6	"Stamens free, distinctly exceeding the corolla; stigma capitate-clavate; corolla tube always straight and narrow."	Orthosiphon
6	"Stamens joined basally, included within lower corolla lip; stigma shortly 2-fid; corolla tube usually more or less bent and often swollen basally."	Plectranthus
7	"Fertile stamens 2; anthers with loculi separated by an elongated connective, 1 loculus more or less sterile."	Salvia
7	"Fertile stamens 4; anthers 2- or 1-locular; connective not elongated."	8
8	"Flowers sessile, in short dense terminal spike-like inflorescences."	Prunella
8	"Flowers distinctly pedicellate, in open terminal or axillary racemose inflorescences."	9
9	"Flowers subtended by spinose leaf-like bracts."	Dracocephalum
9	"Flowers subtended by entire leaf-like bracts, not spine-tipped."	Melissa
10	"Corolla more or less equally 4-lobed to indistinctly 2-lipped."	11
10	"Corolla distinctly 1- or 2-lipped."	13
11	"Flowers in compact, thyrse-like inflorescences, with overlapping mauve bracts more or less covering the sessile 3-flowered cymes; strongly aromatic."	Lavandula
11	"Flowers in axillary cymose whorls, in the axils of leaf-like bracts or solitary in leaf axils; bracts not overlapping."	12
12	"Stamens 4; leaves mostly soft, with margins entire or variously toothed, but never sharply toothed."	Mentha
12	"Stamens 2; staminodes 2; leaves stiff, with margins sharply toothed."	Lycopus
13	"Corolla 1-lipped."	14
13	"Corolla 2-lipped."	16
14	"Calyx lobes thread-like (subulate) and apex hooked."	Oncinocalyx
14	"Calyx lobes broad, not thread-like and apex more or straight, not hooked."	15
15	"Corolla white; upper lip slit so that the lower lip appears 5-lobed; leaves cauline."	Teucrium
15	"Corolla blue to purple, rarely pinkish to white; upper lip inconspicuous; lower lip 3-lobed; leaves mainly in a basal rosette."	Ajuga
16	"Leaves in whorls of 3–5."	17
16	"Leaves opposite."	18
17	"Upper stamens with connective elongated, terminated by dilated and bearded end."	Hemigenia
17	"Upper stamens with connective not or only very shortly elongated, not dilated or bearded."	Westringia
18	"Calyx 8–10-toothed."	19
18	"Calyx 5-toothed, sometimes only minutely toothed."	20
19	"Leaves narrow-elliptic, green, sparsely hairy; corolla orange, 30–55 mm long; shrub to 3 m high."	Leonotis
19	"Leaves rhombic, ovate to circular, white-tomentose; corolla white, 6–12 mm long; herb to 1 m high, sometimes woody at base."	Marrubium
20	"Calyx expanded and bonnet-like, much longer than corolla; teeth minute."	Moluccella
20	"Calyx not expanded, shorter or as long as corolla; teeth well-developed."	21
21	"Corolla with upper lip broad-oblong, flat, erect, 2-lobed, not hooded."	22
21	"Corolla with upper lip hooded."	23
22	"Leaves with margins entire or often shallowly toothed; petiole to 0.6 cm long; flowers in spreading head-like clusters."	Origanum
22	"Leaves with margins crenate to lobed; petiole 0.5–2.5 cm long; flowers in obloid raceme-like clusters."	Nepeta
23	"Leaves deeply lobed (more or less palmatifid to palmatisect or dissected with linear incised segments)."	Leonurus
23	"Leaves entire or finely to coarsely crenate and/or lobed."	24
24	"Upper leaves sessile, stem-clasping, subtending and embracing the flowers, more or less equal to lower petiolate leaves."	Lamium
24	"Upper leaves subtending flowers petiolate, not embracing the flowers, noticeably reduced in size."	25
25	"Annual herb to 0.4 m high; inflorescence mostly 3-flowered per bract or leaf axil; calyx 5–7 mm long."	Stachys
25	"Perennial herb to 2 m high; inflorescence usually more than 12-flowered per leaf axil; calyx 7–13 mm long."	Ballota
26	"Corolla actinomorphic, not 2-lipped, 2–3 mm long; stamens 4, equal; fruit less than 4 mm diam., usually bright purple when ripe."	Callicarpa
26	"Corolla zygomorphic, more or less 2-lipped or one lobe much larger than other lobes, more than 4 mm long; stamens 4, more or less didynamous; fruit more than 4 mm diam., often black, bluish or red, sometimes purplish but then dull."	27
27	"Fruit black and usually surrounded by the conspicuously enlarged reddish calyx."	28
27	"Fruit blue to purple, pink to reddish or if black then leaves usually 3- or 5-foliolate; fruiting calyx unchanged, not reddish."	29
28	"Corolla blue, with lower lobe much longer than other 4 lobes."	Rotheca
28	"Corolla white, lobe more or less equal."	Clerodendrum
29	"Fruit more than 15 mm diam., bluish purple; leaves with lamina more than 10 cm long and more than 5 cm wide; corolla more than 20 mm long; widespread rainforest tree."	Gmelina
29	"Fruit less than 15 mm diam., blue to black or reddish purple; leaves or leaflets with lamina less than 10 cm long and less than 5 cm wide; corolla less than 15 mm long; in rainforest and coastal communities north from the Richmond River."	30
30	"Corolla usually 4-lobed, mostly straight; calyx truncate, without lobes or with small teeth; leaves simple."	Premna
30	"Corolla usually 5-lobed, often markedly curved; calyx 5-toothed or 5-cleft, rarely 3-cleft; leaves mostly palmately compound with 3 or 5 leaflets"	Vitex
