from	statement	to
1	"Rostellum and column wings much elongated and linear (at least twice as long as the anther); largely autumn-flowering."	"Prasophyllum striatum"
1	"Rostellum and column wings short and broad with rostellum triangular and staminodes weakly triangular to sickle-shaped (not much longer than the anther); flowers spring–summer."	2
2	"Ovary elongate, cylindrical, appressed to rachis."	3
2	"Ovary ovoid to pyriform, not appressed to rachis."	5
3	"Leaf lamina greatly reduced, less than 2 cm long; lateral sepals cucullate."	"Prasophyllum flavum"
3	"Leaf lamina at leasat 3 cm long; lateral sepals erect."	4
4	"Leaf base with vertical red striations; labellum base gibbous, lamina strongly reflexed."	"Prasophyllum australe"
4	"Leaf base without striations; labellum base not gibbous, lamina recurved at less then 90°."	"Prasophyllum elatum"
5	"Labellum lamina papillose or minutely pubescent."	6
5	"Labellum lamina glabrous."	7
6	"Flowers crowded; labellum without a sigmoid bend; petals reflexed; alpine species."	"Prasophyllum retroflexum"
6	"Flowers not crowded; labellum with a sigmoid bend; petals not reflexed; coastal species."	"Prasophyllum lindleyanum"
7	"Labellum callus hardly raised, lamina voluminous, usually white, pellucid, crisped."	8
7	"Labellum callus distinctly raised, lamina not voluminous, variously coloured but not pure white, not pellucid."	14
8	"Lateral sepals cojoined for at least part of their length."	9
8	"Lateral sepals free and divergent."	12
9	"Lateral sepals free at base, joined near their knobbed apices."	"Prasophyllum dossenum"
9	"Lateral sepals joined from the base, apices not knobbed."	10
10	"Alpine plants with a blunt leaf apex; labellum not reflexed back upon itself."	"Prasophyllum suttonii"
10	"Non-alpine plants, leaf apex acute; labellum reflexed back on itself."	11
11	"Flowers more than 7 mm across; labellum more than 8 mm long; labellum callus without tufted papillae; plants not very slender, to 50 cm high, many-flowered (usually 10–35); widespread species."	"Prasophyllum brevilabre"
11	"Flowers less than 7 mm across; labellum less than 8 mm long; labellum callus tufted with papillae; plants slender, filiform, usually less than 20 cm high, less than 10-flowered; confined to far north coast."	"Prasophyllum exilis"
12	"Labellum reflexed back on itself; common widespread species."	"Prasophyllum odoratum"
12	"Labellum recurved, but not reflexed back on itself; species with restricted distribution, in alpine sites and coastal districts."	13
13	"Labellum broad, recurved gradually in a semi-circle; flowers sweetly fragrant; robust alpine plants."	"Prasophyllum candidum"
13	"Labellum narrow, recurved at a sharp angle; flowers lemon-scented; slender lowland plants."	"Prasophyllum patens"
14	"Lateral sepals at least partly cojoined in most flowers."	15
14	"Lateral sepals free in mature flowers."	17
15	"Flowers less than 1 cm across; lateral sepals strongly recurved; labellum lamina c. 1 mm wide with straight margins; alpine plants."	"Prasophyllum alpinum"
15	"Flowers more than 1 cm across; lateral sepals hardly recurved; labellum lamina more than 1 mm wide with undulate margins; lowland plants."	16
16	"Flowers thick-textured; petals incurved; labellum lamina often constricted, callus plate arising before the labellum bend and greatly raised; plants of coastal heath."	"Prasophyllum affine"
16	"Flowers thin-textured; petals straight; labellum triangular, not constricted, callus not greatly raised, not present before the labellum bend; forest plants."	"Prasophyllum sylvestre"
17	"Labellum base circular, apical portion small, tail- or appendix-like, margins neither undulate nor crenulate."	18
17	"Labellum base not circular, apical portion not tail- or appendix-like, but tapering gradually into the base, margins crenulate or undulate."	19
18	"Column appendages longer than rostellum, pink; labellum calluse well-developed before the bend; swamp plants."	"Prasophyllum fuscum"
18	"Column appendages shorter than the rostellum, dull-coloured; labellum callus developing at the bend; heath or forest plants."	"Prasophyllum appendiculatum"
19	"Labellum with a short conical swelling at the base; callus plate very broad at base; column appendages longer than rostellum."	20
19	"Labellum without a short conical basal swelling, callus plate narrow and tapering throughout; column appendages shorter than rostellum."	21
20	"Labellum callus very short, obtuse; flower segments less than 9 mm long."	"Prasophyllum rogersii"
20	"Labellum callus with an extended sub-acute midlobe; floral segments more than 9 mm long."	"Prasophyllum sp. a sensu harden (1993)"
21	"Floral bract acute; labellum callus swollen, column appendages as broad as long."	22
21	"Floral bracts obtuse, labellum callus, minutely wrinkled or irregular; column appendages longer than broad."	23
22	"Flowers large, 3-coloured, strongly fragrant; sepals more than 8 mm long; widespread species of inland plains."	"Prasophyllum campestre"
22	"Flowers small, dull-coloured, weakly fragrant; sepals less than 8 mm long; restricted to a small area near Canberra."	"Prasophyllum petilum"
23	"Flowers drying dark, petals with longitudinal darker stripe outside; labellum margins undulate, not crenulate; plants from damp sites."	"Prasophyllum pallens"
23	"Flowers drying pale; petals uniformly coloured; labellum margins crenulate; plants of dry subalpine redges"	"Prasophyllum montanum"
