from	statement	to
1	"Inflorescence pedunculate, axillary or terminal; peduncles to 4 cm long."	"Alternanthera philoxeroides"
1	"Inflorescence sessile, axillary."	2
2	"Perianth segments unequal; outer 2 c. 4–5 mm long, acuminate, pungent; next inner narrower, c. 3 mm, apex toothed with midrib excurrent; 2 innermost to c. 2.5 mm long, acute, sigmoid, with dorsal tuft of hairs at first bend."	"Alternanthera pungens"
2	"Perianth segments more or less equal."	3
3	"Perianth segments woolly on the midback."	"Alternanthera angustifolia"
3	"Perianth segments mostly glabrous, or sometimes with a few hairs along back of midrib."	4
4	"Perianth segments 4–5 mm long, lanceolate, with long, tapered, acute apex."	"Alternanthera nodiflora"
4	"Perianth segments 2–3 mm long, lanceolate or oblong, acute."	5
5	"Innermost bracts lanceolate, acuminate, 1.5–2.5 mm long; perianth segments lanceolate."	"Alternanthera denticulata"
5	"Innermost bracts ovate, acute, to 1.5 mm long; perianth segments oblong."	6
6	"Leaves lanceolate to oblanceolate or elliptic, 15–25 mm long, 6–10 mm wide."	"Alternanthera nana"
6	"Leaves ovate to oblong-ovate or obovate, 5–50 mm long, 3–6 mm wide"	"Alternanthera sp. a flora of new south wales (m.gray 5187)"
