from	statement	to
1	"Leaves distinctly spirally twisted."	2
1	"Leaves not twisted or rarely slightly so."	8
2	"Inflorescences terminal and/or in the upper axils, racemose with 1 to several flowers, often pedunculate."	3
2	"Inflorescences axillary, consistently 2-flowered, ± sessile."	7
3	"Leaves covered with rather stiff hairs or, if almost glabrous, with a few stiff hairs only near apex; calyx glabrous externally or with a sparse to moderate cover of stiff hairs."	"Dillwynia phylicoides"
3	"Leaves glabrous; calyx glabrous externally, usually shortly ciliate with weak hairs."	4
4	"Erect to diffuse shrubs 0.5–2.5 m high."	5
4	"Weak ascending shrubs <0.5 m high."	6
5	"Leaves mostly >5 mm long; widespread, north from the Budawang Ra. (NC, CC, SC, CT, NWS)."	"Dillwynia retorta"
5	"Leaves mostly 1–5 mm long; restricted to the Cumberland Plain, and to Douglas Park (CC)."	"Dillwynia parvifolia"
6	"Peduncles 5–15 mm long; widespread, grows in heaths and open woodlands (NC, CC, CT, ST)."	"Dillwynia sp. 'trichopoda' (maiden & boorman s.n. nsw 40290)"
6	"Peduncles 11–28 mm long; restricted to alpine swamp margins (ST)."	"Dillwynia palustris"
7	"Leaves flattened or trigonous in section, branchlets with long spreading to antrorse hairs; on coastal sand and sandstone, north from Ulladulla (NC, CC, SC)."	"Dillwynia floribunda"
7	"Leaves terete or almost so, branchlets with short appressed hairs; on rocky sandstone ridges from Port Jackson to near Rylstone (CC, CT)."	"Dillwynia elegans"
8	"Calyx tapering gradually towards the base; petals not persistent in fruit."	9
8	"Calyx abruptly narrowed at the base; pods surrounded by the persistent remains of the petals."	20
9	"Calyx tube hairy."	10
9	"Calyx tube glabrous."	13
10	"Inflorescences with peduncles 0.5 mm or longer."	11
10	"Inflorescences with ± sessile flowers or peduncles <0.5 mm long."	12
11	"Lateral stems and branchlets spinescent."	"Dillwynia ramosissima"
11	"Lateral stems not spinescent."	"Dillwynia hispida"
12	"Leaves mostly <10 mm long, smooth to sparsely warty."	"Dillwynia sericea"
12	"Leaves mostly >10 mm long, strongly warty."	"Dillwynia rudis"
13	"Prominent decurrent leaf bases absent."	14
13	"Prominent decurrent leaf bases present."	18
14	"Leaves with apex strongly hooked (as opposed to apex recurved)."	15
14	"Leaves with apex ± straight (sometimes recurved but not strongly hooked)."	16
15	"Inflorescences 1–4-flowered, corymbose on peduncles >3 mm long."	"Dillwynia glaberrima"
15	"Inflorescences 1–2-flowered, at the end of lateral branches on peduncles <3 mm long."	"Dillwynia tenuifolia"
16	"Plants prostrate."	"Dillwynia prostrata"
16	"Plants erect."	17
17	"Inflorescences 2-flowered; on rocky sandstone ridges from Port Jackson to near Rylstone (CC, CT)."	"Dillwynia elegans"
17	"Inflorescences 1-flowered; known from the Windellama, Michelago and Numeralla areas (ST)."	"Dillwynia glaucula"
18	"Stipules present; inflorescences 2-flowered."	19
18	"Stipules absent; inflorescences 1-flowered."	"Dillwynia sp. 'barren grounds' (chadwick s.n. nsw 39509)"
19	"Stipules 0.5–1.5 mm long; grows in swampy heaths."	"Dillwynia stipulifera"
19	"Stipules 0.1–0.5 mm long; grows in heath near escarpments."	"Dillwynia crispii"
20	"Leaf apex either obtuse or if acute without an obvious sharp or pungent point."	21
20	"Leaves with an obvious sharp to pungent point."	23
21	"Inflorescences sessile, dense, terminal heads."	"Dillwynia brunioides"
21	"Inflorescences racemose, corymbose or single-flowered, terminal or axillary, never forming sessile, terminal heads."	22
22	"Flowers pedunculate; bracteoles narrow-lanceolate, caducous; from between Deniliquin and Moama (SWP)."	"Dillwynia cinerascens"
22	"Flowers sessile; bracteoles broad-lanceolate to ovate, persistent; known from near Bathurst, Yass, Canberra and Tarcutta (CT, ST, SWS)."	"Dillwynia sp. 'yetholme' (p.c. jobson 5080)"
23	"Leaves terminated by a distinctly pungent point 1–1.5 mm long."	24
23	"Leaves terminated by a sharp but not pungent point 0.2–0.5 mm long."	25
24	"Leaves sessile."	"Dillwynia juniperina"
24	"Leaves with short yellowish petiole, 0.4–1.2 mm long."	"Dillwynia sieberi"
25	"No obvious leaf base scars; standard 7–9 mm long; from the Goulburn R. to Bargo (CC, CT, CWS)."	"Dillwynia acicularis"
25	"Obvious leaf base scars present; standard 9–12 mm long; from Gibraltar Ra. to Ebor district (NT)."	"Dillwynia rupestris"
