from	statement	to
1	"Plants with or without stolons; stems erect, not stiff with stem leaves absent or much reduced; inflorescence solitary or in a cluster."	2
1	"Plants without stolons; stems erect and stiff and leafy; inflorescence an open round-topped cluster."	"Hieracium murorum"
2	"Flowers orange to red in an open round cluster; basal leaves with numerous simple hairs on upper surface and simple and stellate hairs on the lower surface."	"Hieracium aurantiacum"
2	"Flowers yellow, sometimes with red stripes, solitary on a leafless stem; basal leaves with upper surface dark green with numerous long simple hairs, lower surface whitish from a dense mat of stellate hairs"	"Hieracium pilosella"
