from	statement	to
1	"Lateral arms of mitra with cilia or hair tufts; mitra midlobe large enough to conceal most or all of the anther."	2
1	"Lateral arms glabrous (arms obscure bumps or flattened fins with toothed to warty margins); mitra midlobe too small (reduced to a sheath or ornamented collar) to conceal the anther (The species in this group are sometimes treated as the variable species complex Thelymitra longifolia J. R. Forst. & G. Forst. s. lat.)."	16
2	"Mitra midlobe expansive or inflated forming a tubular, weakly ornamented, hood; hood shaped like a cone, crescent or pincer."	3
2	"Mitra midlobe short, forming an ornate crest; crest either flanked by 2 lobes or culminating in a continuous, wrinkled ridge."	10
3	"Mitra midlobe with irregular bumps or warts, the hood tip short to narrow (abrupt); dorsal sepal and lateral petals often spotted."	"Thelymitra truncata"
3	"Mitra midlobe sides smooth to minutely papillose, the tip long and inflated to rounded; dorsal sepal and lateral petals never spotted."	4
4	"Perianth segments overlapping widely and untidily; midlobe much elongated, flat-topped and slanted."	"Thelymitra megcalyptra"
4	"Perianth segments without severe, untidy overlap; midlobe not much elongated round-topped to dome-like."	5
5	"Lateral sepals narrower than dorsal sepal, petals spotted, broader to rounder than the dorsal sepal; confined to subalpine woods."	"Thelymitra decora"
5	"Lateral sepals similar to dorsal sepal, petals spotless and similar to dorsal sepal; not confined to subalpine woods."	6
6	"Perianth segments less than 11 mm long, opening tardily; labellum often smaller than the other 5 segments."	"Thelymitra pauciflora"
6	"Perianth segments 15–20 mm long, opening readily; labellum not smaller than the other 5 segments."	7
7	"Midlobe tip narrowed, slender, notch toothed, the hairs on lateral arms confined to dense tufts terminating each arm tip; inflorescence to 80 cm high."	8
7	"Midlobe tip broadened, rounded, cleft smooth to bumpy, the hairs on lateral arms emergent along arm margins (ciliate); inflorescence to 65 cm high."	9
8	"Lateral arms ending in white to yellowish tufts."	"Thelymitra aristata"
8	"Lateral arms ending in mauve tufts."	"Thelymitra malvina"
9	"Leaf thin and shallow, flaccid; hair tuft at tip of lateral arm compact, globose; perianth usually mauve."	"Thelymitra fragrans"
9	"Leaf thick and ribbed, erect; hair tuft at tip of lateral arm looser, brushy; perianth usually blue."	"Thelymitra nuda"
10	"Each lateral arm isolated from the ornate crest by a separate, obtrusive, colourful, accessory lobe (lobe flat to erect, columnar or wing-like, often ornamented)."	11
10	"Lateral arms not conspicuously separated from the ornate crest by abrupt lobes as the crest is an extended, exaggerated-angled ridge formed by the continuous fusion of the accessory lobes to the crest."	15
11	"Lateral arms flat-fleshy, warty to papillose (bear paw); hairs coarse, forming a thick, fan-like fringe."	"Thelymitra x irregularis"
11	"Lateral arms narrow stalks, non-papillose; hairs fine forming tufted tips or clothing stalks in loose brushes."	12
12	"Accessory lobes lying flat against the anther, margins deeply fringed with long finely curved teeth; base of the mitra rim bordering the stigma often with a stalked, brushy tuft."	"Thelymitra circumsepta"
12	"Accessory lobes held erect, margins lacking deep fringes or long teeth; base of the mitra rim always naked."	13
13	"Crest with few rows of short calli (subtended by a dark band), lobes short, narrow and ridgelike (usually broader than long); inflorescence to 90 cm high."	"Thelymitra media"
13	"Crest with many rows of long calli (band absent), lobes long, thick and column-like (usually longer than broad); inflorescence to 60 cm high."	14
14	"Perianth segments to 22 mm long and 12 mm wide (sometimes elongated); dorsal sepal and lateral petals usually spotted, never purple."	"Thelymitra ixioides"
14	"Perianth segments less than 15 mm long and 7 mm wide (never elongated); dorsal sepal and lateral petals purple, not spotted."	"Thelymitra purpurata"
15	"Midlobe ridge discontinuous (with a low, notched central gap) with the ridge ends forming obliquely flaring, scalloped wings; crest ornaments usually prominent and congested."	"Thelymitra merraniae"
15	"Midlobe ridge continuous with the ridge curving into a short, abruptly angled cone or cylinder; crest ornaments reduced and sparse."	"Thelymitra truncata"
16	"Lateral arms of mitra severely reduced to 2 rounded bumps; petals and sepals pale yellow."	"Thelymitra flexuosa"
16	"Lateral arms of mitra longer; petals and sepals rarely yellow."	17
17	"Bluish flowers with lateral petals and labellum outlined by dark veins (sepals and petals usually more than 15 mm long), lateral arms thin and narrowing; restricted to montane or subalpine sites."	18
17	"Pinkish red to cream or yellow flowers with lateral petals and labellum lacking dark veins (sepals and lateral petals usually less than 10 mm long), lateral arms thicker, often broadening; not restricted to montane or subalpine sites."	20
18	"Midlobe a short, thickened rim, marginally toothed with a short, flattened to slanted notch (lateral arms held stiff and straight, strongly toothed or fringed); labellum similar to lateral petals."	"Thelymitra pulchella"
18	"Midlobe a thin or obscure sheath, lacking teeth or a flattened to slanted notch (lateral arms often coiled to spiralling, weakly toothed to lobed or entire); labellum usually broader, more concave and/or crisped than the lateral petals."	19
19	"Perianth segments to 16 mm long and 10 mm wide; lateral arms short, apices often lobed."	"Thelymitra cyanea"
19	"Perianth segments to 25 mm long and 12 mm wide; lateral arms longer, apices entire."	"Thelymitra venosa"
20	"Petals and sepals usually less than 8 mm long, sepal tips blunted or ending in very short points; margins of lateral arms scalloped but poorly ornamented to weakly papillose."	"Thelymitra carnea"
20	"Petals and sepals usually more than 8 mm long, sepal tips acute and ending in long, fine, points (often curved); margins of the lateral arms densely but irregularly fringed with slender to warty teeth"	"Thelymitra rubra"
