from	statement	to
1	"Stamens 2; shrubs, small trees or herbs."	Pimelea
1	"Stamens 4 or more; shrubs or small trees."	2
2	"Leaves less than 20 mm long and less than 2 mm wide, very crowded."	3
2	"Leaves more than 20 mm long and more than 10 mm wide, not crowded."	4
3	"Stamens 4; leaves less than 5 mm long; prostrate shrubs; flowers white, less than 2 mm long."	Kelleria
3	"Stamens at least 8; leaves 6–12 mm long; erect shrubs; flowers yellow, more than 8 mm long."	Gnidia
4	"Ovary 1-locular, with 1 ovule; scale-like petals 4, free or united in pairs; leaf laminas usually less than 4 cm long."	Wikstroemia
4	"Ovary 2-locular, with 1 ovule in each loculus; scale-like petals united in a short cup; leaf laminas mostly more than 4 cm long"	Phaleria
