from	statement	to
1	"Main bract of the partial involucre with scarious margins at least as broad as stereome and extending well beyond stereome tip, stereome usually narrow."	2
1	"Main bract of the partial involucre without scarious margins or occasionally with narrow scarious margins less than half as broad as stereome, with or without a scarious tip, stereome usually broad."	3
2	"Compound head often branched at the base or from within the head; main bract of the partial involucre broad-ovate with a narrow-linear glandular stereome, and broad spreading scarious margins; leaves with few or no fine woolly hairs."	"Pycnosorus pleiocephalus"
2	"Compound head never branched; main bract of the partial involucre linear-ovate with a narrow-clavate stereome, margins not broadly spreading; leaves densely covered in fine woolly hairs."	"Pycnosorus thompsonianus"
3	"Main bract of the partial involucre comprising a tough brown glandular stereome, rarely with narrow membranous margins at base, without woolly hairs; leaves 1-ribbed, discolorous, upper surface dark grey-green, always darker than the stems, lower surface similar or grey."	"Pycnosorus chrysanthes"
3	"Main bract of the partial involucre with a narrow membranous tip about half as broad as the stereome, and with narrow membranous margins towards the base; leaves usually 3–8-ribbed (rarely only 1-ribbed), concolorous with long fine appressed hairs"	"Pycnosorus globosus"
