from	statement	to
1	"Florets white."	2
1	"Florets yellow or orange."	3
2	"Leaves broad, more than 5 mm wide, green and glabrous except for occasional hairs on margins."	"Craspedia leucantha"
2	"Leaves narrow, less than 5 mm wide, covered with long fine hairs."	"Craspedia alba"
3	"Leaves covered in long fine loose silvery hairs, occasionally with small glandular hairs, but never with long coarse multiseptate hairs."	4
3	"Leaves and lower part of scape covered in long coarse multiseptate hairs, occasionally with scattered minute glandular hairs and/or long fine hairs on the margins, rarely glabrous."	6
4	"Scapes woolly with long fine hairs; heads usually more than 2 cm diam.; leaves white, very thickly covered with long fine tangled hairs; usually alpine."	"Craspedia maxgrayii"
4	"Scapes glabrescent; heads less than 2 cm diam.; leaves silvery grey or grey-green, covered in long fine hairs or glabrescent on the upper surface; not alpine."	5
5	"Leaves long-attenuate at the base, usually silvery grey with a dense covering of long fine hairs; lower subalpine species."	"Craspedia coolaminica"
5	"Leaves not long-attenuate at the base, grey-green the upper surface often glabrescent; coastal to montane species."	"Craspedia canens"
6	"Florets orange."	7
6	"Florets yellow."	8
7	"Leaves often long-attenuate at the base, with the base of the plant purple; heads usually 10–15 mm diam."	"Craspedia crocata"
7	"Leaves not long-attenuate at the base or if so then the base of the plant not purple; heads usually c. 20 mm or more diam."	"Craspedia aurantia"
8	"Leaves more than 15 cm long, oblong, blackish green, glabrous or occasionally with a few hairs; base of leaves c. 10 mm wide, often reddish."	"Craspedia paludicola"
8	"Leaves less than 15 cm long, spathulate to linear-ovate, not blackish green, hairy; base of leaves usually less than 5 mm wide, rarely reddish."	9
9	"Apex of scape conspicuously covered with long fine hairs."	10
9	"Apex of scape not conspicuously covered in long fine hairs, or, if long fine hairs present, then head hemispherical."	11
10	"Rosette spreading and pale green; leaves conspicuously pubescent with long multi-septate hairs terminating in long fine apices."	"Craspedia costiniana"
10	"Rosette erect and green; leaves not conspicuously hairy except on the margins."	"Craspedia lamicola"
11	"General bract narrow-ovate with narrow scarious margins; main bract of the partial involucre with a narrow band of scarious margins evenly distributed around the herbaceous central region; heads hemispherical."	"Craspedia jamesii"
11	"General bract broad-ovate with broad scarious margins; main bract of the partial involucre with scarious margins and a distinct elongated scarious tip; head ovoid to globose."	12
12	"A single taproot present; peduncles long; heads loose so that partial heads easily distinguishable when in flower."	"Craspedia haplorrhiza"
12	"Many equal thick spreading roots present; peduncles short; heads tight so that partial heads not easily distinguishable when in flower"	"Craspedia variabilis"
