from	statement	to
1	"Short shoots present; adult leaves clustered or alternate, usually not whorled at end of branches."	2
1	"Short shoots absent; adult leaves usually appearing whorled at end of branches."	9
2	"Short shoots spinescent in most developmental stages; stems usually scabrid; fruit indehiscent (dehiscent in Pittosporum oreillyanum)."	3
2	"Short shoots never spinescent; stems ridged and generally glabrescent, never scabrid; fruit dehiscent, always 2- or 3-valved."	7
3	"Flowers with petals pale orange on inner surface and maroon on outer surface; leaves with lamina c. 6 mm long."	"Pittosporum oreillyanum"
3	"Flowers cream-coloured; leaves with lamina greater than 8 mm long."	4
4	"Leaves almost orbicular; margin angular-dentate; petals hairy on inner surface; fruit orange."	"Pittosporum multiflorum"
4	"Leaves elliptic or obovate; margin lacking angular teeth; petals glabrous; fruit green, maturing to black-brown."	5
5	"Leaves alternate, not stem clasping."	"Pittosporum lancifolium"
5	"Leaves mainly clustered in groups of 3 or more, stem clasping."	6
6	"Leaves 8–15 mm long; fruit to 25 mm diameter, thick-walled."	"Pittosporum spinescens"
6	"Leaves 20–25 mm long; fruit less than 10 mm diameter, thin-walled."	"Pittosporum viscidum"
7	"Sepals with distinctive woolly fringe of hairs; flowers held below leaves on long, pendant stalks; fruit 3-valved."	"Pittosporum erioloma"
7	"Sepals without woolly hairs; flowers held amongst leaves; fruit usually 2-valved."	8
8	"Leaves oblong or linear to narrowly elliptic, falcate, glabrous; petiole c. 10 mm long."	"Pittosporum angustifolium"
8	"Leaves narrowly ovate to narrowly oblong, not falcate, abaxial surface densely hairy; petiole 2–3 mm long."	"Pittosporum bicolor"
9	"Fruit with thick woody, often warty valves; valves >2 mm thick; shrub to c. 3 m high."	"Pittosporum revolutum"
9	"Fruit leathery, not woody nor warty; valves c. 1–2 mm thick; tall shrub or tree to 15 m high."	10
10	"Leaf margin undulate, occasionally flat; lamina ovate or elliptic to narrowly obovate, 6–15 cm long, 1.5–4 cm wide, glabrous, with apex acute to acuminate; petals white to cream-coloured."	"Pittosporum undulatum"
10	"Leaf margin flat, slightly revolute; lamina obovate to narrowly so, (3-)4–7(-9) cm long, 1.3–2(-2.5) cm wide, abaxial surface pale green with whitish hairs, with apex bluntly acute to obtuse; petals purplish red"	"Pittosporum crassifolium"
