from	statement	to
1	"Fronds 1-pinnatifid to incompletely 2-pinnate."	2
1	"Fronds 3-pinnate or more compound."	4
2	"Fronds 1-pinnate; the pinnae distinctly stalked, decreasing in size towards the base of the frond."	"Pteris vittata"
2	"Fronds 1-pinnatifid to incompletely 2-pinnate; primary pinnae increasing in size towards the base of the frond."	3
3	"Fronds to 35 cm long, lowermost primary pinnae to 16 cm long."	"Pteris ensiformis"
3	"Fronds at least 60 cm long, lowermost primary pinnae at least 10–30 cm long."	"Pteris umbrosa"
4	"Fronds pale green with a brown rachis, the veins free."	"Pteris tremula"
4	"Fronds dark green with a yellowish rachis; the veins reticulate"	"Pteris comans"
