from	statement	to
1	"Decumbent, stoloniferous and rhizomatous perennial; leaves with blade folded."	"Pennisetum clandestinum"
1	"Tufted annuals or perennials with well-developed spike-like panicles and flat or rolled leaves."	2
2	"Cultivated annual with stout culms and dense, cylindrical spike-like panicles with crowded spikelets that gape at maturity to expose the grain; bristles of the stalked involucre slender, persistent, about as long as the spikelets."	"Pennisetum glaucum"
2	"Perennials, cultivated or otherwise; panicle spike-like but not very dense, neither with crowded spikelets nor spikelets that gape at maturity; bristles prominent, deciduous, involucre stalked or sessile."	3
3	"Tall, robust plants forming large tufts or bamboo-like clumps over 2 m high; leaves with blade 30–120 cm long and 1.5–4 cm wide; bristles of the subsessile involucre spreading or reflexed at maturity."	"Pennisetum purpureum"
3	"Tufts or clumps not as robust, rarely exceeding 1.5 m in height, leaves less than 1.5 cm wide, involucre spreading but not reflexed at maturity."	4
4	"Inner bristles of the involucre plumose, involucre with a hairy stalk."	5
4	"Inner bristles of the involucre scabrous not plumose, involucre stalked or sessile."	7
5	"Bristles of the inner whorl of involucre flattened at the base, forming a disc.See."	Cenchrus
5	"Bristles slender throughout their length, neither flattened nor forming a basal disc."	6
6	"Panicle 10–28 cm long, often purplish, involucre c. 2.6 cm long; spikelets to 6.5 mm long."	"Pennisetum setaceum"
6	"Panicle 2–12 cm long, pale green to white; involucre 3–5 cm long, spikelets 9–14 mm long."	"Pennisetum villosum"
7	"Plants rhizomatous and tufted; spikelets 4–6 mm long; bristles of the subsessile involucre about as long as the spikelet except 1 that is longer and stouter; panicle pale-coloured."	"Pennisetum macrourum"
7	"Plants tufted; spikelets 6–8 mm long; bristles of the stalked involucre 2–5 times as long as the spikelets, inner bristles slightly longer than outer bristles; panicle usually purplish"	"Pennisetum alopecuroides"
