from	statement	to
1	"Inflorescence axis branched; lower branches subtended by leaf-like bracts more than 10 cm long."	2
1	"Inflorescence axis unbranched, or if branched the lower branches subtended by leaf-like, linear or subulate bracts less than 10 cm long."	3
2	"Roots fleshy-fibrous, or slender and tuberous but without distinct distal tubers; seeds granulate with scattered tubercles."	"Caesia parviflora"
2	"Roots fleshy-fibrous with broadly fusiform tubers distally; seeds colliculate, often with irregularly scattered tubercles."	"Caesia calliantha"
3	"Inflorescence axis unbranched."	4
3	"Inflorescence axis branched."	5
4	"Inflorescence spreading-decumbent."	"Caesia alpina"
4	"Inflorescence erect or ascending."	"Caesia calliantha"
5	"Plant less than 10 cm high; tepals less than 5 mm long; seeds granulate without tubercles or pustules."	"Caesia alpina"
5	"Plant usually more than 15 cm high; tepals more than 5 mm long; seeds granulate and regularly tuberculate"	"Caesia parviflora"
