from	statement	to
1	"Lower surface of leaves, inflorescence and persistent sepals on fruits densely white-tomentose; leaves narrowly oblong-cuneate, thick-textured, margins entire and revolute."	"Pyracantha angustifolia"
1	"Lower surface of leaves glabrous, inflorescences glabrous at least in fruit, persistent sepals glabrous or pubescent but not densely tomentose; leaves oblong to obovate, spathulate or elliptic, not thick-textured, margins mostly at least obscurely toothed or crenate, not revolute."	2
2	"Leaves mostly less than 10 mm wide, rarely to 15 mm wide and then to 7 cm long; length:width ratio c. 4:1 or greater, or if slightly less then leaves less than 30 mm long."	3
2	"Leaves mostly more than 10 mm wide, length:width ratio c. 3:1 or less."	"Pyracantha crenatoserrata"
3	"Apex of leaves acute or mucronate, margins fairly evenly and sharply toothed for most of their length, though some teeth very small; leaves mostly more than 30 mm long, widest at c. the middle."	"Pyracantha crenulata"
3	"Apex of leaves obtuse or rounded to emarginate, margins toothed, most prominently so only close to the apex, teeth rather coarse and blunt; leaves mostly less than 30 mm long, widest above the middle"	"Pyracantha rogersiana"
