from	statement	to
1	"Placentation parietal but placentas sometimes almost basal; ovules 3–many, 1 or more per placenta, funicle not or scarcely longer than ovule, erect to sometimes recurved."	2
1	"Placentation basal; ovules usually 3 (same number as style branches), rarely 4 or 5 (divided funicle with 2 ovules), funicle longer than ovule, erect at base then recurved."	6
2	"Leaves more or less sessile; stigmas club-shaped."	"Frankenia foliosa"
2	"Leaves petiolate, the petiole often winged and ciliate; stigmas linear to club-shaped."	3
3	"Bracteolar sheath cupped, clasping calyx and often partly fused to it."	"Frankenia cupularis"
3	"Bracteolar sheath small, if cupped then not fused to the calyx."	4
4	"Ovules 1 per placenta, attached in upper half of ovary; stems densely hairy with thick white recurved hairs."	"Frankenia crispa"
4	"Ovules more than 1 per placenta; stems minutely pubescent."	5
5	"Small shrub; hairs more or less dense, those on the stems and calyces never hooked."	"Frankenia sp. a sensu harden (1990)"
5	"Annual herb; hairs sparse and at least some of those on stems and calyces hooked."	"Frankenia annua"
6	"Upper leaf surface more or less glabrous."	7
6	"Upper leaf surface densely pubescent, sometimes glabrescent with age."	8
7	"Stigmas linear to filiform; hairs of indumentum very short."	"Frankenia gracilis"
7	"Stigmas linear to club-shaped, capitate; hairs of indumentum long, pilose becoming scabrous."	"Frankenia uncinata"
8	"Hairs on leaves, stems and calyx ribs bristly, to 1 mm long; bracts and bracteoles often smaller and hairier than leaves; funicles long, recurved; stigmas capitate to club-shaped."	"Frankenia serpyllifolia"
8	"Hairs on leaves less than 0.5 mm long; bracts and bracteoles the same as leaves; funicles long, reflexed; stigmas linear."	9
9	"Calyces 6–10 mm long; stigmas 0.7–2 mm long."	10
9	"Calyces 3–7 mm long; stigmas 0.3–1 mm long."	"Frankenia angustipetala"
10	"All leaves linear to more or less oblong, margins strongly recurved with only midrib exposed below; calyx ribs minutely pubescent."	"Frankenia connata"
10	"Lower leaves ovate or elliptic to oblong, margins slightly recurved or flat; calyx with spreading hairs 0.5–1 mm long"	"Frankenia latior"
