from	statement	to
1	"Apex of leaves obtuse to acute, neither emarginate nor truncate; staminodes simple."	2
1	"Apex of leaves emarginate or truncate; staminodes bifid."	"Olax retusa"
2	"Branchlets more or less terete; most leaves less than 10 mm long, less than 3 mm wide, linear to narrow-elliptic, apex hooked; corolla less than 5 mm long."	"Olax stricta"
2	"Branchlets angular; leaves mostly more than 10 mm long, more than 3 mm wide, elliptic, apex not hooked; corolla more than 5 mm long"	"Olax angulata"
