from	statement	to
1	"Leaves linear to narrrow-oblong or narrow-lanceolate to lanceolate, ususlly >6 times as long as wide; rarely cordate at base; secondary veins usually not prominent on lower surface, except in L. ferrugineum."	2
1	"Leaves ovate to lanceolate, less than 6 times as long as wide; base mostly cordate; secondary veins obvious on lower surface of leaves, except in some Lasiopetalum ferrugineum var. cordatum."	7
2	"Calyx lobes 8–12 mm long."	"Lasiopetalum joyceae"
2	"Calyx lobes 3–8 mm long."	3
3	"Calyx lobes glabrous on inner surface, whitish tomentose on outer surface."	4
3	"Calyx lobes distinctly hairy on both surfaces."	5
4	"Calyx lobes c. 3 mm long; widespread on the coast and adjacent ranges."	"Lasiopetalum parviflorum"
4	"Calyx lobes 3–8 mm long; confined to mallee area in western N.S.W"	"Lasiopetalum behrii"
5	"Leaves 2–4 mm wide; secondary veins absent or obscure on lower surface; flowers few in a pedunculate raceme."	6
5	"Leaves 5–12 mm wide; secondary veins prominent below; cymes dense, many-flowered, nearly sessile."	"Lasiopetalum ferrugineum"
6	"Bracteoles more than 2 mm long, 1–1.5 mm wide."	"Lasiopetalum rufum"
6	"Bracteoles 1–1.5 mm long, 0.5 mm wide."	"Lasiopetalum baueri"
7	"Flowers not crowded and spike-like; stamens half as long as calyx, filaments mostly shorter than anthers."	8
7	"Flowers crowded in 2 one-sided rows on spike-like branches; stamens as long as calyx, filaments at least 3 times as long as anthers."	"Lasiopetalum longistamineum"
8	"Calyx segments hairy on both surfaces."	"Lasiopetalum ferrugineum"
8	"Calyx segments glabrous on inner surface, rusty-tomentose on outer surface."	"Lasiopetalum macrophyllum"
