from	statement	to
1	"Leaves and stems distinctly pubescent between the longer, scattered stinging hairs; petiole often less than half as long as the lamina; lamina dark green on both surfaces."	"Urtica dioica"
1	"Leaves and stems more or less glabrous between the stinging hairs; petiole usually more than half as long as the lamina; lamina dark green above, paler green below."	2
2	"Leaves with lamina mostly 1–5 cm long, ovate to elliptic; annual; inflorescence usually branched and shorter than the petiole."	"Urtica urens"
2	"Leaves with lamina mostly 5–12 cm long, usually lanceolate to narrow-ovate, sometimes to broad-ovate; perennial; inflorescence mostly unbranched and often much longer than the petiole"	"Urtica incisa"
