from	statement	to
1	"Female glumes persistent; utricles hispid."	"Uncinia sinclairii"
1	"Female glumes deciduous; utricles glabrous."	2
2	"Leaves thickly U-shaped to crescent-shaped in cross section, tough."	"Uncinia sulcata"
2	"Leaves nearly flat or broadly V-shaped or filiform, more or less soft."	3
3	"Inflorescence 3–7 cm long; spikelets more or less spread out along axis (basal internodes 5–12 mm long); fibrous bases to more or less large tussocks."	4
3	"Inflorescence 0.7–3 cm long; spikelets more or less crowded on axis (may be more spread out towards base but internodes no more than c. 4 mm long); small tussocks (bases not fibrous) or culms spread out along rhizomes."	5
4	"Leaves 1.5–2.2 mm wide; nut 2.5–3 mm long, 0.8–1.3 mm diam.; hooked rachilla protruding from utricle for 4–6.5 mm."	"Uncinia nemoralis"
4	"Leaves 0.5–1.0 mm wide; nut c. 2.2 mm long, c. 0.7 mm diam.; hooked rachilla protruding from utricle for 3.5–4 mm."	"Uncinia debilior"
5	"Leaves 2–3.5 mm wide; culms usually scabrous below inflorescence, 0.8–1.1 mm diam."	"Uncinia compacta"
5	"Leaves 0.5–1.8 mm wide; culms mostly smooth below inflorescence, 0.2–0.7 mm diam."	6
6	"Stamens 3; inflorescence 1.5–2.5(–3) cm long; utricle 1.5–1.8 mm diam.; leaves shorter than culms, 0.8–1.8 mm wide; culms 0.3–0.7 mm diam."	"Uncinia flaccida"
6	"Stamens 2; inflorescence 0.7–1.5 cm long; utricle 0.8–1 mm diam.; leaves exceeding or equalling culms, 0.5–1 mm wide; culms 0.2–0.4 mm diam"	"Uncinia tenella"
