from	statement	to
1	"Leaves distinctly peltate."	2
1	"Leaves not peltate."	3
2	"Stems bearing prickles."	Echinostephia
2	"Stems without prickles."	Stephania
3	"Leaves palmately veined with 5–7, rarely 3, main veins radiating from near the base of the lamina; petiole usually at least half as long as lamina, mostly more than 5 cm long."	4
3	"Leaves pinnately veined, rarely 3-veined from base; petiole mostly less than one-third as long as lamina, mostly less than 4 cm long."	6
4	"Leaves with lamina more or less circular, usually cordate at base; upper surface mostly glabrous and dark green, lower surface very pale green or ashy-green and often hairy; petiole frequently longer than lamina, at least three-quarters as long as lamina; inflorescence a dichasial cyme."	Legnephora
4	"Leaves with lamina broad-ovate to broad-triangular, sometimes ovate, often cordate at base, sometimes hastate or rounded; glabrous and green on both surfaces; petiole usually shorter than lamina, mostly half to three-quarters as long; inflorescence raceme-like or a panicle."	5
5	"Leaves with lamina palmately 7-veined from base, the inner pair extending at least three-quarters of the way up the lamina, the outer pair sometimes obscure and more or less fused with the margin; base of lamina usually deeply cordate; widespread, not confined to rainforest."	Sarcopetalum
5	"Leaves with lamina palmately 5- or rarely 3-veined from base, the inner pair extending less than half way up the lamina; base of lamina truncate, rounded, cordate or hastate; confined to rainforest north of the Richmond R."	Tinospora
6	"Leaves glabrous or almost so on both surfaces."	7
6	"Leaves hairy at least on lower surface."	9
7	"Leaves with base of lamina hastate or cordate. (Juvenile leaves of Tinospora tinosporoides have lamina narrow-oblong to narrow-lanceolate.)."	Tinospora
7	"Leaves with base of lamina rounded to truncate."	8
8	"Leaves with lamina narrow-oblong to narrow-elliptic, more than 4 times as long as wide, usually more than 8 cm long; young shoots and petioles brown-pubescent."	Carronia
8	"Leaves with lamina ovate to lanceolate, less than 4 times as long as wide, less than 8 cm long; young shoots and petioles glabrous."	Tinospora
9	"Leaves with more than 6 pairs of secondary veins."	Carronia
9	"Leaves with less than 6 pairs of secondary veins"	Hypserpa
