from	statement	to
1	"Umbel loose; leaves almost basal; scape flaccid to 3-angled or 3-angled."	2
1	"Umbel compact; leaves sheathing half to two-thirds of scape; scape terete."	3
2	"Scape always erect; perianth ascending; stigma entire; seeds without elaiosome."	"Allium neapolitanum"
2	"Scape often flaccid; perianth pendent to reflexed; stigma 3-fid; seeds with elaiosome."	"Allium triquetrum"
3	"Bulblets absent; leaves sheathing half to two-thirds of scape, hollow in lower part; spathe persistent with two unequal, elongated lobes much longer than pedicels."	"Allium oleraceum"
3	"Bulblets present; leaves sheathing up to half of scape; spathe caducous or, if persistent, shorter than pedicels."	4
4	"Leaves solid, flat or channelled, 15–30 mm wide; bulbils absent; spathe persistent."	"Allium ampeloprasum"
4	"Leaves hollow, cylindrical, 3–6 mm wide; bulbils present; spathe caducous"	"Allium vineale"
