from	statement	to
1	"Stems ± short, 1–2 mm diam., leaflets linear to lanceolate or ovate, often lobed at base, 2–8 cm long, 3–35 mm wide."	2
1	"Stems long and slender, <1 mm diam., leaflets linear to linear-lanceolate, usually unlobed at base, mostly 4–8 cm long, 2–7 mm wide."	"Vigna lanceolata var. filiformis"
2	"Leaflets linear to lanceolate or narrow-ovate, base often lobed and ± hastate, mostly 2–7 cm long, 3–10 mm wide."	"Vigna lanceolata var. lanceolata"
2	"Leaflets wide-lanceolate to ovate, often wedge-shaped towards base, sometimes lobed, mostly 2–8 cm long, 10–35 mm wide"	"Vigna lanceolata var. latifolia"
