from	statement	to
1	"Flower usually solitary, occasionally 2; anthers yellow; tepals white with 2 white nectaries."	"Wurmbea uniflora"
1	"Flowers usually 2–11, rarely flowers solitary; anthers pink or purple; tepals white (occasionally greenish or yellowish) with 1 pink, purple, greenish, white or pale purple nectary or with 2 purple, greenish, pink or very faintly purple nectaries."	2
2	"Tepals with 2 nectaries, comprising distinct structures separated by a broad gap and with inner margins thickened; nectaries pink, sometimes pale or fading with age."	"Wurmbea biglandulosa"
2	"Tepals usually with 1 nectary or with apparently 2 nectaries comprising a transverse band with a relatively narrow gap at midline of tepal; nectaries purple, faintly purple, white or greenish."	3
3	"Nectaries dark purple or greenish."	"Wurmbea dioica"
3	"Nectaries white or very faintly purple"	"Wurmbea latifolia"
