from	statement	to
1	"Flowers single or in pairs without a common peduncle; pedicels distinctly winged; fruit globose."	"Lysiana murrayi"
1	"Flowers in pairs on a common peduncle (sometimes very short), pedicels not distinctly winged; fruit ellipsoidal to ovoid."	2
2	"Leaves flat (rarely compressed when very narrow)."	3
2	"Leaves terete."	"Lysiana linearifolia"
3	"Leaves linear to narrow-oblong, with obscure venation; fruit dark coloured; calyx usually short, entire."	"Lysiana exocarpi"
3	"Leaves oblanceolate, with distinct venation; fruit more or less translucent; calyx usually lobed or toothed"	"Lysiana subfalcata"
