from	statement	to
1	"Male perianth segments 4–12 mm long."	"Pseudanthus pimeleoides"
1	"Male perianth segments <5 mm long."	2
2	"Ovules 1 per loculus."	"Pseudanthus ovalifolius"
2	"Ovules 2 per loculus."	3
3	"Male perianth segments 2.5–5 mm long."	"Pseudanthus pauciflorus"
3	"Male perianth segments <2.5 mm long."	4
4	"Leaves broadly elliptic to orbicular; margins not conspicuously thickened, green."	"Pseudanthus orbicularis"
4	"Leaves ovate to elliptical or oblong to linear; margins conspicuously thickened, whitish."	5
5	"Leaves 3 to 9 times as long as broad; stipules glabrous, toothed."	"Pseudanthus orientalis"
5	"Leaves 2 to 3 times as long as broad; stipules fimbriate, usually without teeth"	"Pseudanthus divaricatissimus"
