from	statement	to
1	"Leaves glabrous or with scattered hairs along the veins below."	"Rhodamnia maideniana"
1	"Leaves with a distinct indumentum on the lower surface."	2
2	"Lower surface of leaves white with very fine, matted hairs."	3
2	"Lower surface of leaves pubescent with erect hairs."	"Rhodamnia rubescens"
3	"Petals more or less glabrous outside; primary leaf veins 1–3 mm from the margin."	"Rhodamnia whiteana"
3	"Petals white-hairy outside; primary leaf veins 4–6 mm from the margin"	"Rhodamnia argentea"
