from	statement	to
1	"Flowering stems not winged, stems terete or ribbed; calyx less than 5 mm long."	2
1	"Flowering stems prominently 3-winged; calyx more than 8 mm long."	4
2	"Stem leaves scale-like, often apparently absent."	3
2	"Stem leaves more than 10 mm wide, often falling early."	"Limonium otolepis"
3	"Corolla pink to violet; calyx 4.5–5.5 mm long, pink."	"Limonium hyblaeum"
3	"Corolla yellow; calyx 6–8 mm long, white to pale pink ."	"Limonium australe"
4	"Wings of stem and branchlets 3–8 mm wide, ending in a stiff lobe 10–30 mm long; calyx pale blue or whitish, c. 10 mm long; more or less glabrous annual."	"Limonium lobatum"
4	"Wings of stem 1–3 mm wide, ending in a linear to lanceolate leaf-like appendage 20–50 mm long; calyx bright blue or purplish, c. 15 mm long; scabrous perennial"	"Limonium sinuatum"
