from	statement	to
1	"Fronds 1-pinnatisect for most of their length, most segments attached by a broadened to decurrent base."	2
1	"Fronds with more than 1 pair of pinnae free, sessile to shortly stalked."	3
2	"Sori in one row on each side of the vein and located very close to it, usually 2–3 mm long."	"Doodia maxima"
2	"Sori in 1 or 2 rows on each side of the midvein and distinctly separated from it, ± circular, 0.51.5 mm long, sometimes becoming confluent with age."	"Doodia aspera"
3	"Fronds not markedly dimorphic, harsh, ± leathery."	"Doodia australis"
3	"Fronds usually dimorphic, almost membranous to ± leathery."	4
4	"Fronds pinnately divided for most of their length, but often with an apical pinna half to two-thirds the length of the lamina; various habits from creek banks in rainforest to open rocky areas."	"Doodia caudata"
4	"Fronds undivided for half to two thirds of their length, with a few pairs of short, broad pinnae at the base; protected sites in rainforest and open forest"	"Doodia linearis"
