from	statement	to
1	"Petals <6 mm long, ± spreading; stamens ± equal to or slightly longer than petals."	2
1	"Petals >7 mm long, erect; stamens considerably exceeding petals."	12
2	"Leaves 2.5–4 cm wide, base stem-clasping."	"Leionema ambiens"
2	"Leaves <2 cm wide, base not stem-clasping."	3
3	"Leaves hairy on lower surface."	4
3	"Leaves glabrous on lower surface."	7
4	"Leaves pilose or coarsely stellate on lower surface; inflorescences terminal."	"Leionema diosmeum"
4	"Leaves minutely white stellate-pubescent on lower surface; inflorescences axillary."	5
5	"Apex of leaves 2-toothed, leaves 2–8 cm long, margins recurved to revolute, entire to finely toothed; inflorescences >10 mm long, c. 10-flowered."	"Leionema dentatum"
5	"Apex of leaves entire, leaves 0.8–2 cm long, margins entire; inflorescences usually <10 mm long, 1–3-flowered."	6
6	"Ovary globose, white stellate-pubescent or rarely glabrous; species of southern alpine and subalpine regions (ST)."	"Leionema phylicifolium"
6	"Ovary narrow-ovoid, glabrous; confined to the Blue Mtns (CT)."	"Leionema lachnaeoides"
7	"Stems strongly angled, glabrous; leaves 3–7 cm long, narrow-elliptic to oblanceolate, margins finely and regularly toothed, apex acute."	"Leionema coxii"
7	"Stems terete to slightly angled, glabrous or hairy; leaves 0.6–5 cm long, margins usually entire or sometimes minutely erose or crenate, variously shaped."	8
8	"Inflorescences axillary, terminal peduncles absent; leaves linear to narrow-oblong or narrow-elliptic, with recurved to revolute margins."	"Leionema phylicifolium"
8	"Inflorescences mostly terminal, terminal peduncles present; leaves linear- to broad-spathulate or ± circular, obovate or elliptic, with flat to recurved margins."	9
9	"Leaves >13 mm long."	10
9	"Leaves <13 mm long."	11
10	"Leaves spathulate to oblanceolate, obovate or oblong, 3–10 mm wide."	"Leionema elatius"
10	"Leaves linear-oblanceolate, 2–3 mm wide."	"Leionema sp. colo river (p.h. weston 2423)"
11	"Stems warty, minutely hairy in longitudinal lines or all over; leaves erect to spreading, not imbricate, 2–4 mm wide."	"Leionema lamprophyllum"
11	"Stems not warty, minutely stellate-hairy all over; leaves erect and ± imbricate, 4–6 mm wide."	"Leionema rotundifolium"
12	"Petals fused."	"Leionema sympetalum"
12	"Petals free."	13
13	"Stems glabrous, strongly angled."	"Leionema ralstonii"
13	"Stems pilose or tomentose, ± terete."	14
14	"Leaves ± spreading, ovate to lanceolate, c. 1 cm long, obtuse; stems pilose."	"Leionema carruthersii"
14	"Leaves ± erect, narrow-oblong to elliptic, 2–4 cm long, retuse; stems stellate-tomentose."	"Leionema viridiflorum"
