from	statement	to
1	"Leaves usually divided into flat or terete segments, rarely some leaves below inflorescences entire and then leaves linear and less than 5 mm wide."	2
1	"Leaves entire, oblanceolate to linear, more than 5 mm wide."	"Isopogon fletcheri"
2	"Leaves with segments terete, less than 1 mm diam."	"Isopogon anethifolius"
2	"Leaves with segments flat, more than 1 mm wide."	3
3	"Perianth more or less silvery-white to creamy-yellowish, densely covered with silky hairs, at least in the upper half."	4
3	"Perianth yellow, glabrous except for terminal tuft of hairs."	5
4	"Leaves mostly more than 8 cm long, ultimate segments linear and often more than 10 mm long."	"Isopogon dawsonii"
4	"Leaves usually less than 8 cm long, ultimate segments curved towards the leaf axis, usually less than 10 mm long."	"Isopogon mnoraifolius"
5	"Leaves with segments 1–2 mm wide; prostrate shrub; tuft of hairs on perianth long, conspicuous in bud."	"Isopogon prostratus"
5	"Leaves with segments usually more than 3 mm wide; plants erect or spreading; tuft of hairs on perianth small, hairs short."	6
6	"Leaves mostly more than 9 cm long; undivided part of leaf usually about twice as long as divided part; segments divaricate, 3–7 mm wide with 3–5 conspicuous veins, tips of segments pungent; perianth c. 8 mm long."	"Isopogon petiolaris"
6	"Leaves usually less than 9 cm long; undivided part of leaf more or less equal to length of the divided part; segments not divaricate, 3–5 mm wide, only midvein conspicuous or all veins obscure, tips not pungent; perianth 10–12 mm long"	"Isopogon anemonifolius"
