from	statement	to
1	"Fruit and spines glabrous, largest spines with thickened bases."	"Acaena echinata var. echinata"
1	"Fruit with spreading pilose hairs, larger spines with thickened bases or slender."	2
2	"Spines all slender; fruit ovoid without longitudinal ridges."	"Acaena echinata var. subglabricalyx"
2	"Spines (at least the longer ones) with thickened bases; fruit with 3 or 4 longitudinal ridges."	3
3	"Stamens 1–2 mm long; stipules 2–3 mm long, spike unbranched."	"Acaena echinata var. retrorsumpilosa"
3	"Stamens 3–5 mm long; stipules 4–5 mm long; spike usually branched at base."	"Acaena echinata var. tylacantha"
