from	statement	to
1	"Calyx lobes erect, very much shorter than the calyx tube; stamen 1."	2
1	"Calyx lobes more or less spreading, at least as long as the calyx tube; stamens 2–10."	5
2	"Flowers solitary on scabrous peduncles; bracts 2."	"Scleranthus singuliflorus"
2	"Flowers paired on glabrous or hairy peduncles; bracts 4."	3
3	"Stems and bracts with some hairs; leaves in fascicles; plant usually prostrate, spreading, straggly and lax."	"Scleranthus fasciculatus"
3	"Stems and bracts glabrous; leaves not in fascicles; plant usually cushion-like, dense, compact."	4
4	"Sepals 4; stamens level with or exserted beyond top of sepals, long-persistent."	"Scleranthus biflorus"
4	"Sepals 5; stamens shorter than sepals, shed early."	"Scleranthus brockiei"
5	"Flowers shortly pedicellate; calyx lobes linear, sometimes with narrow, scarious margins."	6
5	"Flowers not pedicellate; calyx lobes lanceolate, often with wide scarious margins."	7
6	"Leaves crowded together in pseudwhorls separated by internodes usually more than 8 mm long; stamens 5–10."	"Scleranthus annuus"
6	"Leaves not crowded together, distributed evenly along the stem; stamens 2."	"Scleranthus minusculus"
7	"Leaves pungent; calyx lobes pungent; flowers with 5 stamens and 5 linear staminodes."	"Scleranthus pungens"
7	"Leaves acute but not pungent; calyx lobes more or less acute; stamens 2"	"Scleranthus diander"
