from	statement	to
1	"Leaves well-developed."	2
1	"Leaves reduced, rudimentary or scale-like, or absent."	3
2	"Leaves alternate; ovary superior."	Exocarpos
2	"Leaves opposite, rarely alternate; ovary inferior or half-inferior."	Santalum
3	"Slender perennial herbs; inflorescences 1-flowered; fruit a nut enclosed by a persistent hypanthium; peduncles united at base with the subtending leaf."	Thesium
3	"Shrubs or small trees."	4
4	"Wiry glabrous shrub; leaves absent; branches resinous and lustrous."	Omphacomeria
4	"Shrubs or trees, leaves present at least on young branches though often caducous; branches neither resinous nor lustrous."	5
5	"Flowers in spikes or clusters, each flower in a notch of the rachis or in the axil of a minute scale-like bract; ovary superior; fruit fleshy, pedicel often enlarged and fleshy below drupe."	Exocarpos
5	"Flowers in axillary racemes or clusters or solitary, subtended by a bract or bracteoles; ovary inferior or half-inferior; fruit dry or fleshy, crowned by the persistent perianth."	6
6	"Flowers solitary, subtended by an often caducous bract; drupe succulent."	Leptomeria
6	"Flowers clustered, occasionally solitary, subtended by 2 or more bracts; drupe scarcely succulent"	Choretrum
