from	statement	to
1	"Upper stem leaves sessile and more or less bract-like or upper part of stem leafless."	2
1	"Upper stem leaves petiolate or narrowed to base."	3
2	"At least basal leaves hairy, stem leaves at least half stem-clasping."	"Brassica rapa"
2	"All leaves glabrous, glaucous, stem leaves less than a third stem-clasping."	"Brassica oleracea"
3	"Ovary on a gynophore."	"Brassica fruticulosa"
3	"Ovary sessile."	4
4	"Fruit spreading on pedicel 7–20 mm long; beak more than 4 mm long."	5
4	"Fruit appressed on pedicel 2–5 mm long; beak less than 4 mm long."	"Brassica nigra"
5	"Basal leaves lyrate-pinnatisect with 1 or 2 pairs of lobes, sparsely bristly; beak 4–10 mm long, narrower than stigma."	"Brassica juncea"
5	"Basal leaves runcinate-pinnatisect with 6–10 pairs of lobes, densely bristly; beak 8–20 mm long, as broad as the stigma"	"Brassica tournefortii"
