from	statement	to
1	"Racemes not disarticulating readily at maturity."	2
1	"Racemes disarticulating readily at maturity."	3
2	"Grains usually exposed at maturity between gaping glumes; axis and branches tough."	"Sorghum bicolor subsp. bicolor"
2	"Grain not exposed at maturity; upper portion of the rachis internode attached to the sessile spikelet when the spikelets finally fall."	"Sorghum bicolor subsp. drummondii"
3	"Perennial with strong rhizomes."	"Sorghum bicolor subsp. almum"
3	"Weak perennial, without rhizomes. Sessile spikelets break away cleanly from the rachis internodes when falling."	"Sorghum bicolor subsp. arundinaceum"
