from	statement	to
1	"Flowers zygomorphic; hypanthium swollen or spurred on one side at the base."	Cuphea
1	"Flowers actinomorphic; hypanthium not swollen or spurred at the base."	2
2	"Hypanthium narrow-tubular."	Lythrum
2	"Hypanthium variously campanulate, funnel-shaped or globose."	3
3	"Flowers solitary and sessile in axils of bracts, sometimes forming terminal racemes; leaves mainly circular to ovate or lanceolate."	Rotala
3	"Flowers in axillary cymes, peduncles to 6 mm long; leaves narrow-oblong to lanceolate."	Ammannia
