from	statement	to
1	"Mericarps distinctly awned and calyx distinctly ribbed at the base, or mericarps covered with stout spines and calyx prominently veined, or mericarps winged."	2
1	"Mericarps not distinctly awned, not covered with stout spines or winged, but sometimes deeply wrinkled, grooved or with short points; calyx not prominently ribbed or veined."	8
2	"Mericarps winged or covered with stout spines."	3
2	"Mericarps distinctly awned and calyx with 10 definite ribs at base when in fruit."	4
3	"Mericarps covered with long stout spines."	"Sida platycalyx"
3	"Mericarps with prominent ribs or wings."	"Sida goniocarpa"
4	"Flowers on peduncles 10–30 mm long; mostly solitary."	5
4	"Flowers on peduncles <10 mm long; in dense clusters or solitary."	6
5	"Plant with a persistent short grey tomentum; flowering calyx 6–10 mm long; mericarps with apical points 3–5 mm long, armed with retrorse hairs."	"Sida rohlenae"
5	"Plant glabrescent; flowering calyx 5–6 mm long; mericarps with apical points to 1 mm long."	"Sida rhombifolia"
6	"Leaves with a soft or short tomentum or glabrescent; fruit with barbs on the spines of the mericarps."	7
6	"Leaves glabrous or with hairs on margins; fruit without barbs on the spines of the mericarps."	"Sida acuta"
7	"Plant with a persistent, soft yellowish green tomentum; leaves 10–40 mm wide; mericarps 8–10 per fruit."	"Sida cordifolia"
7	"Plant with a short grey-green tomentum, often glabrescent; leaves 4–15 mm wide; mericarps 3–5 per fruit"	"Sida spinosa"
8	"Flowers 2–15, clustered in axils, sometimes forming dense spikes."	9
8	"Flowers solitary or in pairs in axils or in cymes."	12
9	"Peduncles 5–10 mm long; mericarps 7–10 per fruit."	"Sida pleiantha"
9	"Peduncles 0.5–3.5 mm long; mericarps 4–6 per fruit."	10
10	"Shrub to 2 m high; flowers more or less sessile, few to several in clusters on axils, often forming a terminal spike."	"Sida subspicata"
10	"Subshrub or herb less than 50 cm high; flowers on peduncles 1–3.5 mm long, 1–4 per axil."	11
11	"Lamina ovate to obovate; stipules filiform; calyx lobes acuminate; mericarps 5."	"Sida sp. a sensu harden (1990)"
11	"Lamina narrow-ovate to oblong; stipules narrow-triangular; calyx lobes truncate; mericarps 6 or 7."	"Sida sp. b sensu harden (1990)"
12	"Leaf laminas either reniform with scales or ovate to triangular, less than 10 mm long, and plant often spiny."	13
12	"Leaf laminas not as above or if so then plant not spiny."	14
13	"Perennial herb covered with minute scales; leaves reniform, more than 10 mm long."	"Sida leprosa"
13	"Small spindly subshrub with stellate hairs; branches sometimes ending in spines; leaves ovate to obovate, less than 10 mm long or absent."	"Sida intricata"
14	"Fruit 7–10 mm wide; hoary, more or less flat on top; mericarps 9–12."	"Sida cunninghamii"
14	"Fruit less than 7 mm wide; not hoary and flat on top; mericarps less than 8 (6–10 in Sida corrugata)."	15
15	"Calyx 6–12 mm long in fruit; plant with a dense tomentum often yellow- or brown-tinted."	16
15	"Calyx less than 5 mm long in fruit; plant mostly grey- to green- tomentose or glabrescent."	17
16	"Calyx lobes ovate-triangular, finely stellate-pubescent often with dark hairs, to 12 mm long in fruit; plant with a yellowish grey tomentum."	"Sida petrophila"
16	"Calyx lobes narrow-triangular, obscured by thick brown stellate hair; to 10 mm long in fruit; plant with yellowish brown tomentum."	"Sida phaeotricha"
17	"Flowers cymose, 3–7 (sometimes appearing solitary); fruit hardly wrinkled on sides."	"Sida fibulifera"
17	"Flowers 1 or 2 in axils; fruit wrinkled on sides."	18
18	"Flowers on peduncles 5 mm or more in length."	19
18	"Flowers on peduncles less than 5 mm long."	23
19	"Fruit glabrous; the central apical region prominently raised."	20
19	"Fruit persistently pubescent (occasionally more or less glabrous in Sida trichopoda); the central apical region flat to rounded, hardly raised."	22
20	"Mericarps 5; leaf laminas narrow-ovate to narrow-oblong, 10–50 mm long, 2–11 mm wide."	"Sida ammophila"
20	"Mericarps 5–8; leaf laminas mostly ovate, ovate-cordate to lanceolate, 5–30 mm long, 5–22 mm wide."	21
21	"Prostrate to erect subshrub less than 30 cm high; leaves with persistent dense velvety tomentum, grey-blue turning green above, grey-green below; flowers on peduncles to 15 mm long."	"Sida sp. c sensu harden (1990)"
21	"Erect or procumbent subshrub to 60 cm high; leaves with a coarse to dense tomentum, often brownish and sometimes velvety; flowers on peduncles to 40 mm long."	"Sida filiformis"
22	"Flowers on peduncles to 60 mm long; corolla 5–15 mm long; leaves linear to ovate-oblong, 2–15 mm wide."	"Sida trichopoda"
22	"Flowers on peduncles to 15 mm long; corolla 4–7 mm long; leaves circular to ovate."	"Sida corrugata"
23	"Leaves ovate to obovate; stipules filiform; calyx lobes acuminate; mericarps 5."	"Sida sp. a sensu harden (1990)"
23	"Leaves narrow-ovate to oblong; stipules narrow, triangular; calyx lobes truncate; mericarps 6 or 7."	"Sida sp. b sensu harden (1990)"
