from	statement	to
1	"Leaves 1-pinnate."	2
1	"Leaves 2-pinnate or rarely 3-pinnate."	"Polyscias sambucifolia subsp. bipinnate leaves (j.h.ross 3967) vic. herbarium"
2	"Leaves with ± 5 pairs of leaflets; leaflets usually 9–20 cm long and 3–17 cm wide, rarely smaller. Small tree or shrub to 5 m high. Leaves 1-pinnate, 5–30 cm long; leaflets commonly petiolulate, occasionally subtended by a stipel, ovate or elliptic to broad-elliptic, margins ± toothed. Inflorescence commonly branched to third order."	"Polyscias sambucifolia subsp. long leaflets (p.g.neish 208) vic. herbarium"
2	"Leaves with ± 6 pairs of leaflets; leaflets usually 20–40 mm long and 3–7 mm wide, rarely to 70 mm long and 20 mm wide. Densely branched shrub rarely exceeding 1.5 m high. Leaves 6–30 cm long; leaflets sessile (or rarely petiolulate); without stipels, oblong-linear and occasionally slightly falcate, margins entire or rarely lobed. Inflorescence with first order branching only, or rarely with second order branching"	"Polyscias sambucifolia subsp. short leaflets (v.stajsic 196) vic. herbarium"
