from	statement	to
1	"Stems and peduncles glabrous."	2
1	"Stems and peduncles sparsely to densely pubescent."	3
2	"Uppermost leaves overtopping heads; disc florets with corolla tube 2–2.8 mm long."	"Minuria annua"
2	"Uppermost leaves not overtopping heads; discfloretswith corolla tube c. 0.3 mm long."	"Minuria integerrima"
3	"Stems more or less woolly with stellate hairs;leaves with margins conspicuously toothed; sometimesentire apically."	"Minuria denticulata"
3	"Stems pubescent with simple hairs; leaves with marginsentire."	4
4	"Leaves glabrous; ray florets with pappus 7.6–9 mm long."	"Minuria cunninghamii"
4	"Leaves subglabrous to pubescent;florets with pappus2.5–4 mm long"	"Minuria leptophylla"
