from	statement	to
1	"Mature fruit broad-ellipsoid, usually >2 mm diam.; valve apex strongly revolute."	"Stellaria multiflora subsp. multiflora"
1	"Mature fruit narrow-ovoid to narrow-ellipsoid, <2 mm diam.; valve apex straight or slightly recurved."	2
2	"Fruiting pedicels with distinct collar, pedicel at collar >0.5 mm diam.; petals 3–5(-6), minute but usually 2-fid."	"Stellaria multiflora subsp. collaris"
2	"Fruiting pedicels lacking collar, pedicel c. 0.5 mm diam.or less; petals absent"	"Stellaria multiflora subsp. nebulosa"
