from	statement	to
1	"All mature achenes without wings."	2
1	"Mature achenes of disc florets with wings, and in most cases those of the ray florets similarly winged (wings often almost as thick as the achene and difficult to distinguish), rarely the wings restricted to the apex of the achene."	23
2	"All leaves entire."	3
2	"At least some leaves dissected or toothed."	8
3	"Faces of achenes tuberculate; leaves cauline."	4
3	"Faces of achenes smooth; leaves cauline or basal, sometimes forming a rosette."	5
4	"Pappus a microscopic rim; stems weakly erect, from a rhizome, not extensively branched."	"Brachyscome basaltica"
4	"Pappus a ring of small fused teeth; stems rigidly erect, from a woody taproot, extensively branched."	"Brachyscome trachycarpa"
5	"Margins of achenes very swollen."	"Brachyscome graminea"
5	"Margins of achenes flat."	6
6	"Pappus prominent, ± 0.5 mm long."	"Brachyscome stolonifera"
6	"Pappus minute, ± 0.3 mm long."	7
7	"Achene margins defined; bases of dead outer leaves persisting."	"Brachyscome scapigera"
7	"Achene margins not differentiated; bases of dead outer leaves not persisting."	"Brachyscome obovata"
8	"Peduncles and/or involucral bracts glandular."	9
8	"Peduncles and bracts glabrous."	16
9	"Achene faces tuberculate."	10
9	"Faces of the achenes smooth."	14
10	"Pappus minute (not distinguishable as anything more than a small white rim)."	11
10	"Pappus prominent (but may be reflexed), clearly composed of bristles."	12
11	"Leaves linear or with linear lobes."	"Brachyscome trachycarpa"
11	"Leaves oblanceolate with broad-acute lobes."	"Brachyscome nova-anglica"
12	"Achenes 4-angled, expanded at the apex, with 4 tuberculate ridges; pappus obliquely-placed."	"Brachyscome goniocarpa"
12	"Achenes flattened, obovate, with 2 more or less smooth margins, or margins absent; pappus more or less centric."	13
13	"Achenes 1–1.8 mm long; basal leaves rarely present; some cauline leaves on each plant opposite."	"Brachyscome microcarpa"
13	"Achenes 2–2.5 mm long; basal leaves often present; all cauline leaves alternate."	"Brachyscome melanocarpa"
14	"Pappus minute (usually c. 0.1 mm) and centric, or absent."	15
14	"Pappus conspicuous (c. 0.5 mm long), obliquely placed; achenes with 2 longitudinal folds on each side."	"Brachyscome diversifolia"
15	"Achenes clavate, 4-angled at the apex, reflexed on the receptacle at maturity."	"Brachyscome exilis"
15	"Achenes cuneate, flattened, erect on the receptacle."	"Brachyscome tenuiscapa"
16	"Achenes 4-angular, swollen."	17
16	"Achenes flattened, with 2 margins."	18
17	"Stems glabrous; achenes glabrous, ridges entire or slightly tuberculate."	"Brachyscome readeri"
17	"Stems woolly and with scattered glandular hairs; achenes usually with a few scattered hairs at apex of ridges, very knobbly, outer ridge with a well-developed crest."	"Brachyscome species a"
18	"Leaves spathulate, entire or toothed."	19
18	"Leaves pinnatifid to pinnatisect or if entire then linear."	20
19	"Rays pale blue; leaves fleshy; achene faces with minute bifid hairs; pappus minute."	"Brachyscome decipiens"
19	"Rays white; leaves not fleshy; achenes with simple hairs; pappus bristles 0.4–0.6 mm long."	"Brachyscome gracilis"
20	"Septate and/or glandular hairy herbs."	21
20	"Glabrous herbs or small shrubs, sometimes woody at the base."	22
21	"Achene faces with thick, glandular hairs."	"Brachyscome leptocarpa"
21	"Achenes with a central groove full of glandular hairs on each face."	"Brachyscome ciliocarpa"
22	"Achenes with 2 longitudinal folds near the margin of each face."	"Brachyscome stuartii"
22	"Achenes lacking longitudinal folds."	"Brachyscome multifida"
23	"Achenes of 2 types: ray achenes tuberculate and wingless; disc achenes smooth, with broad wings."	"Brachyscome ciliaris"
23	"Achenes all winged and similar."	24
24	"Faces of the achenes smooth."	25
24	"Faces of the achenes tuberculate."	40
25	"Faces of the achenes hairy or with scattered glandular hairs."	26
25	"Faces of the achenes glabrous (but wings may have marginal hairs)."	31
26	"Leaves in a basal rosette."	27
26	"Leaves cauline."	29
27	"Basal leaves oblong, entire except for the occasional obtuse lobe; alpine and subalpine."	"Brachyscome sp. 1 sensu p.s. short (1999)"
27	"Basal leaves pinnatisect."	28
28	"Faces of the achenes with 2 or 3 longitudinal ridges; leaves on the peduncle narrow-linear, lobes of the basal leaves sharp-acute."	"Brachyscome ptychocarpa"
28	"Faces of the achenes flat; leaves on the peduncle pinnatisect, lobes of the basal leaves broad-acute; alpine and subalpine."	"Brachyscome nivalis"
29	"Achenes strongly curved."	"Brachyscome curvicarpa"
29	"Achenes more or less flat."	30
30	"Cauline leaves pinnatisect with linear lobes, rarely entire and linear; weak annual to 12 cm high."	"Brachyscome debilis"
30	"Lower cauline leaves oblong to spathulate, crenate to acutely lobed apically; robust perennial to 60 cm high."	"Brachyscome aculeata"
31	"Leaves linear to oblong, entire or with a few distal, irregular, oblong lobes."	32
31	"Leaves pinnatisect or spathulate."	37
32	"Achene wings folded back on themselves to almost enclose the inner face of the achene; leaves cauline."	"Brachyscome muelleroides"
32	"Achene wings unfolded or slightly curved."	33
33	"Achene wings turgid and with conspicuous, dense, long-ciliate curled hairs; pappus conspicuous, of unequal-length bristles grouped in bundles."	34
33	"Achene wings thin and minutely ciliate or finely toothed or if inflated lacking the above combination of features."	36
34	"Achenes curved above, somewhat cobra-head like in appearance; ligules violet."	"Brachyscome eriogona"
34	"Achenes straight; ligules white to occasionally mauve."	35
35	"Ligules of the ray florets more than 10 mm long."	"Brachyscome dichromosomatica"
35	"Ligules less than 10 mm long."	"Brachyscome lineariloba"
36	"Achene wings inflated (at maturity); faces with 2 or 3 longitudinal folds towards margins; alpine."	"Brachyscome radicans"
36	"Achene wings flat; faces lacking longitudinal folds."	"Brachyscome cardiocarpa"
37	"Leaves spathulate."	"Brachyscome spathulata"
37	"Leaves pinnatisect."	38
38	"Achene wings deeply dissected; pappus absent."	"Brachyscome perpusilla"
38	"Achene wings entire; pappus present."	39
39	"Leaves regularly pinnatisect with short, spreading, pungent lobes; achene wings narrow and membranous."	"Brachyscome rigidula"
39	"Leaves irregularly pinnatisect with long, flexuous lobes; achenes strongly curved; achene wings broad, densely ciliate especially at the base and at the apex."	"Brachyscome species b"
40	"Achene wings dissected."	41
40	"Achene wings more or less entire, or minutely toothed or ciliate."	43
41	"Stems or young shoots softly white-woolly; achene wings deeply dissected."	"Brachyscome dentata"
41	"Stems and young shoots glabrous, occasionally with a few hairs in the lower axils; achene wings only finely dissected."	42
42	"Pappus prominent, uneven; achene wings about a quarter the breadth of the body."	"Brachyscome angustifolia"
42	"Pappus small; achene wings equal in breadth to the body."	"Brachyscome procumbens"
43	"Involucral bracts with long, septate hairs; achene faces inflated."	"Brachyscome whitei"
43	"Involucral bracts glabrous or with short, glandular hairs; achene faces not inflated."	44
44	"Involucral bracts glandular; achenes with dense, flattened papillae on the faces; wings more or less equal in width to the body and often corrugated."	"Brachyscome papillosa"
44	"Involucral bracts glabrous; achenes with ridges between the body and the wing; wing more or less half the width of the body or less."	45
45	"Ligules mauve or white."	"Brachyscome dissectifolia"
45	"Ligules pink"	"Brachyscome formosa"
