from	statement	to
1	"All flowers with petals; terrestrial plants."	2
1	"Female flowers lacking petals; aquatic herbs."	Myriophyllum
2	"Flowering shoot not ending with a flower; anthers not apiculate."	3
2	"Flowering shoot terminating in a flower; anthers shortly apiculate."	4
3	"Fruits 2–4-locular, woody; flowers usually in axillary groups of 3–7."	Haloragis
3	"Fruits 1-locular, membranous; flowers usually solitary in axils."	Gonocarpus
4	"Leaves opposite, regularly toothed; inflorescences narrow and spike-like."	Haloragodendron
4	"Leaves alternate, entire; inflorescences spreading and umbel-like"	Glischrocaryon
