from	statement	to
1	"Branches coarsely and densely hirsute, with long, more or less spreading hairs."	2
1	"Branches glabrous or sparsely and shortly hairy; hairs more or less appressed."	3
2	"Plant prostrate or procumbent; inflorescence 1-flowered."	"Mitrasacme pilosa"
2	"Plant erect; inflorescence umbellate, 3–5-flowered."	"Mitrasacme polymorpha"
3	"Inflorescence 1- or 2-flowered (calyx 4-lobed)."	4
3	"Inflorescence umbellate, 3–5-flowered (calyx 2-  or 4-lobed)."	5
4	"Flowers almost sessile; corolla c. 2 mm long; perennial herb, prostrate or procumbent."	"Mitrasacme serpyllifolia"
4	"Flowers with pedicel up to 12 mm long; corolla 5–7 mm long; annual herb, mostly erect."	"Mitrasacme alsinoides"
5	"Calyx 2-lobed; corolla 1.8–3.5 mm long, just exserted from calyx, lobes 0.6–1 mm long."	"Mitrasacme paradoxa"
5	"Calyx 4-lobed; corolla 3–5 mm long, lobes c. 2 mm long"	"Mitrasacme paludosa"
