from	statement	to
1	"Stamens 6."	2
1	"Stamens 2 or 4."	6
2	"Stem leaves sessile, auriculate, entire to toothed, generally more than 3 mm wide, scattered."	3
2	"Stem leaves more or less linear, entire, not auriculate, mostly less than 2 mm wide, often clustered."	5
3	"Stem leaves more or less broad-ovate to circular, entire."	"Lepidium perfoliatum"
3	"Stem leaves more or less triangular or oblanceolate to obovate, margins usually toothed, sometimes lobed or entire."	4
4	"Stems, pedicels and leaves glabrous."	"Lepidium foliosum"
4	"Stems, pedicels and leaves hairy."	"Lepidium campestre"
5	"Fruiting pedicel less than 5 mm long; style more or less shorter than apical notch of silicula; stem warty or shortly papillose."	"Lepidium phlebopetalum"
5	"Fruiting pedicel more than 5 mm long; style longer than apical notch of silicula; stem sparsely papillose."	"Lepidium leptopetalum"
6	"Stamens usually 4."	7
6	"Stamens usually 2."	11
7	"Leaves auriculate; stems distinctly hairy; silicula more or less hairy when young."	8
7	"Stem leaves attenuate at base; stems more or less glabrous or finely hairy; silicula glabrous or papillose."	9
8	"Stem with obtuse hairs or papillose."	"Lepidium papillosum"
8	"Stem with acicular hairs."	"Lepidium oxytrichum"
9	"Petals absent or shorter than sepals; wings at least commencing in lower half of fruit."	10
9	"Petals longer than sepals; wing formed only in upper half of fruit."	"Lepidium virginicum"
10	"Fruit glabrous; wings acute, uniform around fruit."	"Lepidium monoplocoides"
10	"Fruit papillose; wings obtuse, tapering in lower half of fruit."	"Lepidium pseudopapillosum"
11	"Petals longer than sepals."	"Lepidium virginicum"
11	"Petals absent or reduced and shorter than sepals."	12
12	"All leaves lobed or dissected to some degree."	"Lepidium bonariense"
12	"At least upper stem leaves neither lobed nor dissected."	13
13	"Leaf bases more or less auriculate."	14
13	"Leaf bases attenuate."	19
14	"Inflorescence a corymb, short, not elongating in fruit."	"Lepidium fasciculatum"
14	"Inflorescence a raceme, elongating in fruit."	15
15	"Pedicels glabrous."	16
15	"Pedicels hairy."	18
16	"Silicula more than 3 mm long; petals rudimentary, ovate."	"Lepidium hypenantion"
16	"Silicula less than 3 mm long; petals, if present, rudimentary, linear."	17
17	"Silicula 2–2.5 mm long, not tapering to base; lower stem leaves 5–10 cm long, pinnatifid with linear lobes."	"Lepidium sagittulatum"
17	"Silicula 3 mm long, tapering into base; stem leaves 3-toothed at apex to entire."	"Lepidium sp. b sensu harden (1990)"
18	"Plants not spinescent; silicula more or less hairy."	"Lepidium hyssopifolium"
18	"Smaller branches spinescent; silicula glabrous."	"Lepidium aschersonii"
19	"Pedicels glabrous."	"Lepidium pseudohyssopifolium"
19	"Pedicels hairy."	20
20	"Pedicels more or less shorter than or equal to silicula."	21
20	"Pedicel longer than silicula."	"Lepidium peregrinum"
21	"Fruit less than 3 mm long; stem glabrous or with a few scattered hairs."	22
21	"Fruit more than 3 mm long; stem with long spreading obtuse hairs."	"Lepidium muelleri-ferdinandi"
22	"Marginal hairs on leaves long or absent."	"Lepidium africanum"
22	"Marginal hairs on leaves short, acute or obtuse (often visible only on young leaves)"	"Lepidium pseudotasmanicum"
