from	statement	to
1	"Ovaries and fruits densely hairy, non-resinous."	"Beyeria lasiocarpa"
1	"Ovaries and fruits glabrous or with a few scattered hairs, usually resinous."	2
2	"Abaxial surface of leaf blades densely and minutely tomentose with crispate hairs > 0.1 mm long, never resinous."	"Beyeria lechenaultii"
2	"Abaxial surface of leaf blades glabrous or densely puberulous with hairs <0.1 mm long, often obscured by resinous covering."	3
3	"Leaf blades lanceolate; fruits 10–12 mm long."	"Beyeria lanceolata"
3	"Leaf blades narrow-elliptic to elliptic or narrow-obovate; fruits 5–9 mm long."	4
4	"Leaf blades narrow-obovate, 7–20 mm long, < 5 mm wide; ovaries 2-locular."	"Beyeria opaca"
4	"Leaf blades narrow-elliptic to elliptic or narrow-obovate to obovate, 20–90 mm long, 5–30 mm wide; ovaries 3-locular."	"Beyeria viscosa"
