from	statement	to
1	"Callus 2.5 mm long, sharp-pointed; sterile florets usually 4–7; lemmas 5–7-nerved, margins broad, with a wing-like upper part."	"Oxychloris scariosa"
1	"Callus minute, obtuse, sterile florets usually 1–3; lemmas not winged, usually 3-nerved."	2
2	"Spikelets blunt at the apex; upper lemma(s) (of sterile florets) obtuse or truncate, notched or obscurely lobed."	3
2	"Spikelets acute and narrowed at the apex; upper lemma acute, acuminate, subulate or deeply divided into 2 lobes or teeth with an awn in the sinus."	6
3	"Lemma of the fertile (lowest) floret hairy on the lower and upper margins (upper margins of fertile lemma often bearded)."	4
3	"Lemma of the fertile floret glabrous on the lower part of the margins (but sometimes hairy above)."	5
4	"Florets 3 or 4, at least 1 bisexual, the other(s) imperfect (reduced to a lemma); strongly stoloniferous perennial; spikes frequently in 2 whorls."	"Chloris gayana"
4	"Florets 2, 1 bisexual, the other imperfect and reduced to a lemma; lower lemma apex bearded with hairs 2–3 mm long; plants annual, not stoloniferous; spikes rarely in 2 whorls."	"Chloris virgata"
5	"Lemma of the fertile floret glabrous or puberulous on the margins; upper awn usually shorter than the spikelet; spikes 3–5, each 4–10 cm long; stems usually branched."	"Chloris ventricosa"
5	"Lemma of the fertile floret pubescent on the upper margins; upper awn longer than the spikelet; spike-like racemes 6–9, each 4–20 cm long; plants often stoloniferous, stems usually unbranched."	"Chloris truncata"
6	"Spike-like racemes 3.5–9 cm long; fertile lemma (including callus and lobes) 3–5.5 mm long, usually smooth; spikelets diverging from the axis like fingers of a comb."	"Chloris pectinata"
6	"Spike-like racemes 7–20 cm long and widely spreading at maturity; fertile lemma (including callus and lobes) 2–3 mm long, scabrous; spikelets tending to be appressed to the axis"	"Chloris divaricata"
