from	statement	to
1	"Diffuse or procumbent shrub; corolla with petals free or cohering for 0.2–0.3 mm at the base."	"Sprengelia monticola"
1	"Erect shrubs; corolla with a broad tube, 0.7–6 mm long."	2
2	"Flowers white, solitary; corolla tube 2–3 mm, rarely to 6 mm long, lobes broad-ovate, more or less obtuse."	"Sprengelia sprengelioides"
2	"Flowers pink, often numerous, forming leafy inflorescences 7–20 mm long; corolla tube 0.7–1.3 mm long, lobes narrow-triangular, acute"	"Sprengelia incarnata"
