from	statement	to
1	"Leaves with lamina broad-ovate, mostly 10–25 cm long, pale green and dull, usually distinctly hairy on both surfaces; domatia absent; petiole mostly more than 5 cm long."	2
1	"Leaves with lamina elliptic to ovate, mostly 6–13 cm long, dark green and glossy above, more or less glabrous except for scattered stinging hairs, especially along the veins; domatia present; petiole usually 2–5 cm long."	"Dendrocnide photinophylla"
2	"Leaves peltate, petiole inserted c. 10 mm in from margin."	"Dendrocnide moroides"
2	"Leaves not peltate"	"Dendrocnide excelsa"
