from	statement	to
1	"Sepals 5."	2
1	"Sepals 3."	5
2	"Bracteoles fused to each other."	"Velleia connata"
2	"Bracteoles free or nearly so."	3
3	"Lobes of corolla more or less equal; indusium narrow-oblong."	"Velleia arguta"
3	"Lobes of corolla unequal; indusium ovate to depressed-ovate."	4
4	"Peduncles pubescent; indusium ovate."	"Velleia paradoxa"
4	"Peduncles glabrous or nearly so; indusium depressed-ovate."	"Velleia glabrata"
5	"Bracteoles fused together."	"Velleia perfoliata"
5	"Bracteoles free from each other."	6
6	"Corolla lobes more or less equal; peduncles usually shorter than leaves."	"Velleia montana"
6	"Corolla lobes very unequal; peduncles usually longer than leaves."	7
7	"Peduncles pubescent."	"Velleia spathulata"
7	"Peduncles glabrous or glabrescent."	8
8	"Upper sepal cordate at base."	"Velleia lyrata"
8	"Upper sepal not cordate at base"	"Velleia parvisepta"
