from	statement	to
1	"Leaves mostly with toothed margins, veins prominently raised on upper surface; involucral bracts conspicuous."	2
1	"Leaves not toothed, veins not or slightly raised on upper surface; involucral bracts inconspicuous."	3
2	"Adult leaves narrow-obovate to narrow-spathulate, margins with 0–3 pairs of teeth in lower half, glabrous or rarely lower surface moderately rusty-hairy on lower surface (usually with less than 35 hairs per mm2); south from the Watagan Mtns."	"Telopea speciosissima"
2	"Adult leaves elliptic to more or less obovate, margins usually with 3–11 pairs of teeth in lower half, lower surface moderately to densely rusty-hairy (usually with more than 35 hairs per mm2); confined to Gibraltar Ra."	"Telopea aspera"
3	"Adult leaves mostly 25–60 mm wide, surfaces minutely granulate when dried."	"Telopea oreades"
3	"Adult leaves mostly 10–20 mm wide, surfaces quite smooth between veins when dried"	"Telopea mongaensis"
