from	statement	to
1	"Leaves opposite, circular or broad-ovate; flowers on pedicels 3–6 mm long."	"Portulaca bicolor"
1	"Leaves alternate, linear, lanceolate, or obovate to oblanceolate, never circular or broad-ovate; flowers sessile."	2
2	"Leaves obovate to oblanceolate, usually more than 4 mm wide, dorsiventrally flattened; axillary hairs inconspicuous, to 1 mm long."	3
2	"Leaves linear, lanceolate or rarely oblanceolate, less than 4 mm wide, terete or flattened; axillary hairs conspicuous, usually more than 5 mm long."	4
3	"Petals 10–17 mm long, twice as long as the sepals; stamens more than 20."	"Portulaca intraterranea"
3	"Petals 4–7 mm long, scarcely exceeding the sepals; stamens less than 20."	"Portulaca oleracea"
4	"Leaves linear, lanceolate or rarely oblanceolate, dorsiventrally flattened; petals pink."	"Portulaca pilosa"
4	"Leaves linear, terete; petals yellow."	5
5	"Petals 4–10 mm long."	"Portulaca filifolia"
5	"Petals 15–20 mm long"	"Portulaca grandiflora"
