from	statement	to
1	"Prostrate, decumbent or procumbent shrubs to 0.75 m high; flowers solitary or few together in lax, leafy spikes."	2
1	"Erect shrubs to more than 1 m high; flowers in dense spikes at or towards the end of branches."	3
2	"Leaves 3–10 mm long, 0.5–0.75 mm wide, apex obtuse to acute with a small straight or more or less recurved point; bracteoles linear, 3–4 mm long."	"Phyllota humifusa"
2	"Leaves 6–14 mm long, 0.75–1.25 mm wide, apex acuminate with a distinct yellowish, recurved mucro; bracteoles lanceolate, 5–13 mm long."	"Phyllota squarrosa"
3	"Leaves 1.0–2.25 mm wide; flowers 12–15 mm long; calyx densely villous."	"Phyllota grandiflora"
3	"Leaves 0.75–1.25 mm wide; flowers to 5–11.5 mm long; calyx glabrous or pubescent"	"Phyllota phylicoides"
