from	statement	to
1	"Leaves glabrous, entire or 3–5-lobed; follicles glabrous on outside, stalks more than 20 mm long; calyx less than 20 mm long, inner surface glabrous; stamens and staminodes each 10–20."	2
1	"Leaves tomentose, 3–7-lobed; follicles rusty-brown pubescent outside, stalks less than 20 mm long; calyx more than 20 mm long, inner surface pubescent; stamens and staminodes each 25–30."	"Brachychiton discolor"
2	"Leaves with lamina usually 10–30 cm long, rhombic to ovate, entire or widely 3–5-lobed, apex short-acuminate; petiole usually 10–20 cm long; flowers bright coral-red."	"Brachychiton acerifolius"
2	"Leaves with lamina usually 5–10 cm long, ovate to lanceolate, entire or sometimes narrowly 3-, rarely 5-lobed, apex long-acuminate; petiole usually 5–8 cm long; flowers creamy-white and speckled dark red in throat"	"Brachychiton populneus"
