from	statement	to
1	"Style 3-fid; nut trigonous."	2
1	"Style 2-fid (rarely some styles 3-fid within an inflorescence in Carex gaudichaudiana); nut lenticular or plano-convex."	16
2	"Inflorescence of a single spike, less than 1.5 cm long."	3
2	"Spikes several to numerous; inflorescence 3–90 (rarely 1–3) cm long."	5
3	"Male part of the spike as long as or longer than the female part and not less conspicuous."	"Carex capillacea"
3	"Male part of the spike from slightly to much shorter than the female part, always inconspicuous and usually the spike appears to be wholly female."	4
4	"Spike 7–12 mm long, with many female flowers; lowest bract glume-like."	"Carex cephalotes"
4	"Spike 4–5 mm long, with about 3–6 female flowers; lowest bract leaf-like, exceeding the spike."	"Carex archeri"
5	"Spikes in clusters of 2–5 (or occasionally some solitary) at distant nodes."	6
5	"Spikes solitary at nodes (nodes may be close together)."	8
6	"Female glumes white with greenish midrib, 1.2–1.5 mm wide."	"Carex hubbardii"
6	"Female glumes pale yellow-brown to red-brown with greenish midrib, 1.5–4 mm wide."	7
7	"Female glumes yellow-brown to red-brown, 3.5–5.5 mm long, 1.5–2 mm wide; spikes lax-flowered below, rather dense-flowered above, 3–5 mm thick in mature fruiting stage, upper gynaecandrous (sometimes with male apices), uppermost with a long, usually very long, male basal part, the lower gynaecandrous or female."	"Carex longebrachiata"
7	"Female glumes pale yellow-brown, 4–8 mm long, 2.5–4 mm wide; spikes dense-flowered, 5–8 mm thick in mature fruiting stage, the uppermost 1–4 wholly male, rarely with a few female flowers in the terminal spike, the remainder wholly female or with male bases and/or apices."	"Carex iynx"
8	"Utricles hispid; nut with persistent enlarged disk-like junction of nut body and style-base."	"Carex breviculmis"
8	"Utricles glabrous or minutely papillose, sometimes minutely hispid on the margins of the beak; nut without enlarged junction with style-base."	9
9	"Utricles corky, with impressed nerves."	10
9	"Utricles neither corky nor with impressed nerves."	11
10	"Culms extending above the leaf sheaths for a considerable distance; male spikes 3–15; female spikes mostly spread at some distance from one another; female glumes mucronate, dark to very dark red-brown; utricles 4–5 mm long, yellow-brown usually tinged dark red-brown; leaves with marginal prickles more or less regularly antrorse."	"Carex bichenoviana"
10	"Culms usually hidden in the leaf sheaths; male spikes 1–4; female spikes usually approximate; female glumes not mucronate, yellow-brown to red-brown; utricles 4–8 mm long, yellow-brown occasionally tinged dark red-brown; leaves with marginal prickles irregular and at 90° to leaf."	"Carex pumila"
11	"Leaves prominently septate-nodulose (septa less obvious when fresh); beak of utricle with apex deeply divided into 2 stiff slender teeth c. 1 mm long."	"Carex fascicularis"
11	"Leaves not septate-nodulose; beak of utricle with apex truncate, split or shortly divided into 2 membranous, short but broad teeth."	12
12	"Male glumes with a mucro as long as or longer than the body of the glume; utricles glabrous."	"Carex brownii"
12	"Male glumes not mucronate or with mucro shorter than the body of the glume; utricles glabrous, minutely papillose or minutely hispid on margins and beak."	13
13	"Utricles minutely papillose, with beak to 0.3 mm long; leaf sheath and ligule occasionally red-dotted; culms 10–70 cm long."	14
13	"Utricles not minutely papillose, with beak 0.5–2 mm long; leaf sheath and ligule not red-dotted; culms 1–10 cm long."	15
14	"Terminal spike gynaecandrous; leaves shorter than or scarcely exceeding culms; utricles not or faintly nerved, 3–4.5 mm long."	"Carex buxbaumii"
14	"Terminal spike male or at least male in the upppermost portion; leaves much exceeding culms; utricles strongly numerous-nerved, 2.3–3 mm long."	"Carex maculata"
15	"Inflorescence 1–3 cm long, hidden amongst leaves; utricles 4–6.5 mm long, glabrous, with beak 1–2 mm long."	"Carex jackiana"
15	"Inflorescence 8–35 cm long, mostly exceeding leaves (lowest spikes may be amongst the leaves); utricles 3.3–4 mm long, minutely hispid on upper margins (occasionally glabrous), with beak 0.5–0.8 mm long."	"Carex blakei"
16	"Inflorescence of a single spike."	17
16	"Spikes 2–numerous."	19
17	"Plants long-rhizomatous; female bracts 3–4 mm long; utricle slightly hispidulous on upper margins."	18
17	"Plants short-rhizomatous; female bracts 2.5–3 mm long; utricle glabrous."	"Carex cephalotes"
18	"Female flowers above male in spike; utricles 2.5–3 mm long, weakly several-nerved; culms 25–40 cm long."	"Carex raleighii"
18	"Male flowers above female in spike; utricles 5.5–7 mm long, with 8–10 strong nerves abaxially, adaxially several weak nerves or none; culms 80–160 cm long."	"Carex klaphakei"
19	"Spikes long-cylindrical (i.e. much longer than broad), mostly 2–17 cm long (rarely some as short as 0.5 cm but then glumes dark red-brown or blackish), clearly distinct and often distant from each other."	20
19	"Spikes ovoid or short-cylindrical (mostly c. 0.5 cm long, occasionally to 1.5 cm long) or ovate in outline, often densely clustered in an inflorescence that is itself ovoid or short-cylindrical."	24
20	"At least lower spikes obviously pedicellate, drooping to spreading."	21
20	"Spikes sessile to subsessile ('pedicels' may be up to 1 cm long in C. polyantha), erect to spreading."	22
21	"Utricle white-hispid, with beak c. 1 mm long with 2-fid or split apex; spikes clustered at nodes or rarely solitary at lower nodes."	"Carex brunnea"
21	"Utricle minutely papillose; beak to 0.3 mm long with truncate or obliquely truncate apex; spikes solitary at nodes."	"Carex lobolepis"
22	"Leaves 4–9 mm wide; spikes mostly 3–17 cm long; utricles nerveless or with few rather faint nerves."	"Carex polyantha"
22	"Leaves 2–4 mm wide; spikes 0.5–6 cm long; utricles distinctly several- to numerous-nerved."	23
23	"Uppermost spike male; inflorescence 7–18 cm long; mouth of utricle notched to obliquely truncate, pallid, occasionally minutely hispid, 0.2–0.3 mm diam."	"Carex gaudichaudiana"
23	"Uppermost spike gynandrous or occasionally male; inflorescence 2–8 cm long; mouth of utricle truncate, blackish, smooth, c. 0.15 mm diam."	"Carex hypandra"
24	"All spikes androgynous (male portion often not conspicuous), or upper spike(s) androgynous or male and lower spikes androgynous or occasionally female."	25
24	"All spikes gynaecandrous (male portion often not conspicuous) or lower wholly female."	34
25	"Spikes very numerous, forming a long narrow spike-like panicle 6–30 cm long, with appressed secondary branches to 4 cm long; leaves often obviously septate-nodulose; culms 2–4 mm in diameter."	26
25	"Spikes 2–15 in an inflorescence, forming a short clustered panicle 0.8–3 cm long (or an interrupted spike-like panicle in C. divulsa), without secondary branches; leaves not septate-nodulose; culms to 2 mm in diameter."	29
26	"Utricle glabrous, margins not winged."	"Carex declinata"
26	"Utricle hispid on slightly winged margins at least near apex."	27
27	"Culms trigonous to triquetrous at least above; glumes uniformly whitish, or yellow-brown without or with very narrow whitish or hyaline margins above."	28
27	"Culms terete; female glumes orange-brown with broad white or hyaline margins above."	"Carex tereticaulis"
28	"Utricle with thickened truncate base, dark yellow-brown at maturity; inflorescence often more than 12 cm long (4–45 cm); plants forming large tussocks."	"Carex appressa"
28	"Utricle without thickened truncate base, blackish at maturity; inflorescence 3–12 cm long; culms in slender tufts spread along long rhizome."	"Carex incomitata"
29	"Inflorescence 6–18 cm long, narrow, with upper spikes contiguous but lower spikes 2–6 cm apart; rhizome short; culms tufted."	"Carex divulsa"
29	"Inflorescence 1–8 cm long, pyramidal or ovoid, with spikes mostly close-packed; rhizome long; culms usually solitary and spread out along rhizome."	30
30	"Inflorescence 2–8 cm long; utricle winged."	31
30	"Inflorescence 1–3 cm long; utricle not winged."	32
31	"Female glumes 3.5–4.5 mm long; leaves more or less straight throughout their length."	"Carex disticha"
31	"Female glumes 5–6 mm long; leaves curly towards apex."	"Carex arenaria"
32	"Utricle 5.5–7 mm long, with obtuse base, abaxial face with 8–10 strong nerves; spikes 1–3; culms 80–160 cm long, relatively soft and flexible (usually supported by surrounding plants)."	"Carex klaphakei"
32	"Utricle 3–4 mm long, with more or less narrow stipe-like base, faces nerveless or with a few faint nerves; spikes 3–12; culms 8–80 cm long, stiffly erect."	33
33	"Utricle 1.8–3.2 mm in diameter, with acute base; leaves 1.5–3 mm wide; rhizome short."	"Carex divisa"
33	"Utricle 1.0–1.2 mm in diameter, with narrow base; leaves to 1.7 mm wide; rhizome long."	"Carex chlorantha"
34	"Lowest involucral bract much shorter than inflorescence, glume-like or leaf-like."	35
34	"Lowest involucral bract exceeding (usually by far) the whole inflorescence, leaf-like."	37
35	"Utricle winged on upper margins."	"Carex leporina"
35	"Utricle not winged on margins."	36
36	"Utricles strongly reflexed at maturity, with smooth surface; beak about as long as the body of the utricle, 2-fid or notched with teeth 0.25–0.5 mm long."	"Carex echinata"
36	"Utricles spreading at maturity, minutely hispid and colliculate near apex; beak much shorter than the body of the utricle, truncate or shortly split abaxially."	"Carex canescens"
37	"Glumes orange-brown or pale red-brown, with more or less broad whitish or hyaline margins; utricles never transversely wrinkled."	38
37	"Glumes whitish to pale yellow-brown with green midrib; utricles often transversely wrinkled at maturity."	39
38	"Inflorescence longer in outline than wide; culms 25–40 cm long; leaves c. 1 mm wide; utricles 2.5–3 mm long, 1–1.4 mm in diameter."	"Carex raleighii"
38	"Inflorescence broader in outline than long (or about the same length and breadth); culms 4–20(–35) cm long; leaves 1–2.5 mm wide; utricles 3.2–4.5 mm long, 1.5–2 mm in diameter."	"Carex hebes"
39	"Utricle with beak 0.3–1.1 mm long."	"Carex inversa"
39	"Utricle with beak c. 2 mm long"	"Carex lophocarpa"
