from	statement	to
1	"Fronds 2-pinnate or more compound; midribs of pinnae not grooved on the upper surface; veins forked, free."	Macrothelypteris
1	"Fronds 1-pinnate or 2-pinnatifid; midribs of pinnae grooved on the upper surface; veins simple, anastomosing."	2
2	"Rhizomes long-creeping in swampy ground; lower pinnae not markedly reduced."	Cyclosorus
2	"Rhizomes erect or creeping, growing in damp places but not in swamps; lower pinnae often reduced in size."	3
3	"Fronds with lower surface of the pinnae bearing short, fine, white hairs along the veins; indusia always present, hairy; rhizomes creeping or erect; scales of rhizome and stipe base narrow, <1 mm wide."	Christella
3	"Fronds with lower surface of the pinnae glabrous; indusia glabrous or absent; rhizomes erect, developing into a short trunk with age; scales of rhizome and stipe base wide, c. 2 mm wide"	Pneumatopteris
