from	statement	to
1	"Leaves compound with 2–many leaflets; petals less than 2 cm long."	2
1	"Leaves simple; petals c. 2.5 cm long."	Turraea
2	"Leaves 2–3-pinnate, leaflets usually more or less toothed."	Melia
2	"Leaves 1-pinnate, leaflets generally entire."	3
3	"Stamens with filaments free; seeds winged."	Toona
3	"Stamens with filaments fused into a tube; seeds not winged."	4
4	"Fruit a drupe with woody endocarp; staminal tube with frilly lobes and terminated by appendages."	Owenia
4	"Fruit a capsule; staminal tube not as above."	5
5	"Leaves with usually 10–23 leaflets; staminal tube attached about halfway to petals."	Dysoxylum
5	"Leaves with 2–11 leaflets; staminal tube not fused to petals."	6
6	"Leaves imparipinnate, leaflets 5–11; capsule depressed-globose."	Synoum
6	"Leaves paripinnate, leaflets 2 or 4, or rarely 6; capsule obovoid or globose"	Anthocarapa
