from	statement	to
1	"Shrubby mangroves with pneumatophores."	Avicennia
1	"Not mangroves."	2
2	"Flowers on peduncles more than 30 mm long; calyx concealed by 2 erect sagittate bracteoles; twiners or climbers."	Thunbergia
2	"Flowers sessile or peduncles less than 15 mm; large bracteoles if present not sagittate: herbs or shrubs, rarely climbing."	3
3	"Leaves linear to lanceolate, more than 20 mm long, attenuate at base; capsules with a swelling on either side of mucronate apex."	Hygrophila
3	"Leaves either ovate to elliptic or if linear or lanceolate then distinctly petiolate or less than 20 mm long; capsules without apical swellings."	4
4	"Branches with dense linear cystoliths parallel to branch axis (although sometimes partly obscured by indumentum), thickened at the nodes, bent and woody."	5
4	"Branches without cystoliths or with cystoliths randomly arranged, branches constricted or thickened above the nodes, not bent."	6
5	"Flowers purple, leaves mostly less than 25 mm long."	Dipteracanthus
5	"Flowers red, leaves mostly greater than 25 mm, sometimes up to 18 cm long."	Odontonema
6	"Corolla more or less actinomorphic, the 5 lobes equal; seeds hairy or pitted."	7
6	"Corolla 2-lipped, the 5 lobes very unequal; seeds variously tuberculate but not hairy."	8
7	"Stamens 4; seeds covered with hairs."	Brunoniella
7	"Stamens 2 with 2 small staminodes; seeds pitted, glabrous."	Pseuderanthemum
8	"Corolla tube twisted 180°, enclosed within a cylindrical involucre of fused bracts and bracteoles."	Hypoestes
8	"Corolla tube neither twisted 180° nor enclosed within a cylindrical involucre."	9
9	"Corolla with upper lip 4-lobed and lower lip entire."	Xerothamnella
9	"Corolla with upper lip notched or 3-lobed."	10
10	"Calyx segments 4, bracts usually with white margins."	Rostellularia
10	"Calyx segments 5, bracts without white margins."	11
11	"Bracts conspicuous, 5–9 mm long, obcordate."	Calophanoides
11	"Bracts inconspicuous, 0.5–2 mm long, triangular or linear-lanceolate."	12
12	"Leaves sessile, branchlets spinescent; seeds with conical protuberances."	Rhaphidospora
12	"Leaves petiolate, branchlets not spinescent; seeds with concentric ridges"	Isoglossa
