from	statement	to
1	"Branches with pedicellate glandular hairs and simple hairs; corolla c. 10 mm long, with lower lip much longer than upper lip."	"Scutellaria mollis"
1	"Branches glabrous or with simple, mostly antrorse hairs only; corolla c. 5 mm long, with lower lip slightly longer than upper lip."	2
2	"Leaves ovate, less than 2 cm long, often cordate basally; margins crenate to lobed."	"Scutellaria humilis"
2	"Leaves narrow-ovate or narrow-triangular to narrow-oblong, 2–2.6 cm long, hastate basally and often with acuminate auricles; margins shallowly sinuate or entire"	"Scutellaria racemosa"
