from	statement	to
1	"Flowers white; inflorescence a simple or branched panicle."	2
1	"Flowers yellow to red; inflorescence a raceme."	3
2	"Base of leaves broadened and membranous; leaves hollow; scape hollow; inflorescence a simple panicle; ovules 1 or 2 per loculus."	Asphodelus
2	"Base of leaves surrounded by membranous sheaths; leaves hollow at base; scape usually solid; inflorescence a divaricately branched panicle; ovules more than 2 per loculus."	Trachyandra
3	"Perianth 4–25 mm long; tepals yellow with brown central stripe; capsule globose to obovoid."	Bulbine
3	"Perianth more than 25 mm long; tepals red, salmon-orange or yellow-green; capsule linear to oblong or ovoid."	4
4	"Leaves fleshy, succulent, without distinct keel, more than 4 cm wide; margins sharply toothed with teeth 0.5–5 mm long; bracts several-veined."	Aloe
4	"Leaves papery and thin (often fibrous), distinctly keeled, less than 3 cm wide; margins smooth to minutely toothed or with a few scattered teeth towards apex; bracts 1-veined"	Kniphofia
