from	statement	to
1	"Lateral shoots 0.5–10 mm long, hairy; leaves often with scattered hairs, 10–25 mm long, margins minutely toothed; cross-veins in 6–9 pairs; plants monoecious with 1 male and 1 female flower in each spathe."	"Halophila decipiens"
1	"Lateral shoots glabrous, minute or not developed at all; leaves glabrous, 1–7 cm long, margins entire, cross-veins in 10–25 pairs; plants dioecious."	2
2	"Styles 6; scales at base of female fertile branch usually green and foliose; leaf blade usually 3–4 times as long as wide."	"Halophila australis"
2	"Styles 3; scales all hyaline; leaf blade usually 1.5–2 times as long as wide"	"Halophila ovalis"
