from	statement	to
1	"Fruit with 5 more or less horizontal wings surrounding the upper perianth."	2
1	"Fruit with a single wing surrounding the upper perianth; appendages or accessory wings may also be present."	8
2	"Fruit with erect appendages arising from the upper perianth."	3
2	"Fruit without erect appendages."	4
3	"Wings flat, truncate or rounded at apex; fruit shortly woolly."	"Maireana lobiflora"
3	"Wings spine-like; fruit densely silky-woolly."	"Maireana sclerolaenoides"
4	"Fruit wheel-like, with 5 flattened T-shaped lobes, pubescent with curled hairs."	"Maireana cheelii"
4	"Fruit with lobed wing or 5 fan-shaped to crescentic lobes; lobes glabrous or hairy."	5
5	"Wing of fruit silky-woolly, 5-lobed."	"Maireana eriantha"
5	"Wing(s) of fruit glabrous."	6
6	"Wing(s) thin, obovate to fan-shaped."	7
6	"Wings small, imbricate, crescentic, incurved or inflated on margins."	"Maireana enchylaenoides"
7	"Leaves not attenuate at base, often hairy; wing simple and finely crenate if present."	"Maireana microphylla"
7	"Leaves attenuate at base, glabrous; wing of 5 free lobes."	"Maireana brevifolia"
8	"Fruit either less than 5 mm diam. and more or less densely silky-pilose or mostly more than 5 mm diam. and then fruit glabrous with large rounded soft spongy tube."	9
8	"Fruit not combining the above characters."	13
9	"Fruit less than 5 mm diam., more or less densely silky-pilose; tube mostly flat and continuous with the narrow wing."	10
9	"Fruit (including wing) mostly over 5 mm diam., glabrous with large rounded soft spongy tube; upper perianth more or less flat."	12
10	"Upper surface of fruit with an erect cup-shaped appendage."	"Maireana coronata"
10	"Fruit with either a central raised pentagonal area or 5 narrow radial ridges."	11
11	"Fruit 2.5–4 mm diam., upper surface with a central raised pentagonal area."	"Maireana pentagona"
11	"Fruit c. 4 mm diam., upper surface with 5 narrow radial ridges."	"Maireana ciliata"
12	"Branches with a pale fawn indumentum of dendritic hairs; horizontal wing not decurrent on tube."	"Maireana campanulata"
12	"Branches with a white woolly indumentum of simple hairs; horizontal wing attached by a short decurrent wing to tube."	"Maireana spongiocarpa"
13	"Either 1–5 vertical wings on the tube or above the horizontal wing, or vertical appendages present on upper perianth, or vertical wings on tube and appendages on upper perianth absent and then the plant glabrous apart from axillary hair tufts."	14
13	"Vertical wings and appendages as above absent, plants variously hairy."	21
14	"One to five vertical wings on the tube or above the horizontal wing."	15
14	"No vertical wings on tube."	18
15	"Plant glabrous or almost so."	"Maireana triptera"
15	"Plant hairy, at least on branches."	16
16	"Leaves villous; perianth lobes erect and longer than the tube."	"Maireana schistocarpa"
16	"Leaves glabrous; perianth lobes not erect."	17
17	"Vertical wings running length of tube and united at apex with horizontal wing; perianth lobes prominently woolly-ciliate."	"Maireana erioclada"
17	"Vertical wings often present only towards base of tube; perianth lobes arched and prominently tomentose."	"Maireana pentatropis"
18	"Vertical appendages present on upper perianth."	"Maireana lanosa"
18	"No vertical appendages present above the wing."	19
19	"Upper perianth convex; leaves linear to semiterete, shortly spurred at base; fruit straw-coloured when dry."	"Maireana aphylla"
19	"Upper perianth more or less flat; leaves terete; fruit dark brown to black when dry."	20
20	"Leaves not fleshy; stem sparsely hairy with short, straight appressed hairs."	"Maireana microphylla"
20	"Leaves fleshy; stem sparsely hairy with short woolly hairs."	"Maireana decalvans"
21	"Wing of fruit glabrous."	22
21	"Wing of fruit pubescent above."	44
22	"Upper perianth flat or slightly concave or convex."	23
22	"Upper perianth columnar with large erect lobes."	43
23	"Tube of fruit abruptly narrowed at base into a prominent terete stipe-like base 1–3 mm long."	24
23	"Tube not forming a prominent stipe-like base."	25
24	"Upper perianth convex, open in centre to expose utricle."	"Maireana aphylla"
24	"Upper perianth flat or slightly sunken, completely covering utricle."	"Maireana appressa"
25	"Tube expanded into a hollow spongy base."	"Maireana excavata"
25	"Tube not, or scarcely, expanded at base."	26
26	"Wing of fruit with radial slit."	27
26	"Wing of fruit continuous, without a radial slit; leaves semiterete."	40
27	"Leaves, branches and flowers closely tomentose with dendritic hairs; leaves obovate; tube and convex upper perianth of fruit pubescent."	"Maireana astrotricha"
27	"Leaves and branches with more or less simple hairs or glabrous."	28
28	"Fruit large, wing c. 15 mm diam. or more; tube thick-walled, turbinate."	"Maireana georgei"
28	"Fruit with wing 5–14 mm diam., tube not thick-walled."	29
29	"Tube of fruit pubescent; upper perianth more or less flat; leaves obovate to oblong, succulent."	"Maireana sedifolia"
29	"Tube of fruit glabrous; leaves various."	30
30	"Leaves flattened, linear to obovate."	"Maireana villosa"
30	"Leaves terete, semiterete or obovate."	31
31	"Fruit produced into a short, terete, hollow stipe-like base, straw-coloured when dry."	32
31	"Fruit without a stipe-like base."	33
32	"Open, divaricately branched shrub; branches striate and often spinescent; upper perianth convex and open in centre."	"Maireana aphylla"
32	"Branches more or less ascending, neither spinescent nor striate; upper perianth flat or sunken and completely covering utricle."	"Maireana appressa"
33	"Upper perianth with a convex disc, open in centre."	34
33	"Upper perianth more or less flat, concave, or if convex then closed in centre."	35
34	"Stem striate; leaves sessile, woolly to glabrescent."	"Maireana aphylla"
34	"Stem not obviously striate, leaves narrowed at base, glabrous."	"Maireana rohrlachii"
35	"Upper perianth tomentose."	36
35	"Fruit glabrous or sparsely villous."	37
36	"Wing with fine but obvious radiating veins."	"Maireana radiata"
36	"Wing of fruit with indistinct or no visible veins."	"Maireana integra"
37	"Branches sparsely strigose, sparsely villous or somewhat woolly when very young; leaves slender, 2–10 mm long; wing of fruit finely crenate; flowers in leafy spike-like inflorescences."	"Maireana microphylla"
37	"Branches more or less tomentose, at least on young parts, rarely glabrous; flowers not in leafy spike-like inflorescences."	38
38	"Leaves tomentose; fruit straw-coloured when dry."	"Maireana appressa"
38	"Leaves glabrous or sparsely villous; fruit brown when dry."	39
39	"Upper perianth closed in centre; tube firm."	"Maireana microcarpa"
39	"Upper perianth open in centre, exposing the utricle; tube weak."	"Maireana decalvans"
40	"Fruit large, wing c. 15 mm diam., tube turbinate, smooth."	"Maireana turbinata"
40	"Fruit small, wing 11 mm or less in diam., tube hemispherical to cupular."	41
41	"Leaves 2–5 mm long, appressed on younger branches; wing 4–6 mm diam."	"Maireana ovata"
41	"Leaves more than 5 mm long, spreading; wing usually 8–10 mm diam."	42
42	"Upper perianth pubescent."	"Maireana integra"
42	"Upper perianth glabrous, or almost so, apart from the ciliate lobes."	"Maireana tomentosa"
43	"Leaves 2–6 mm long, shortly pubescent; no vertical wing on tube."	"Maireana pyramidata"
43	"Leaves 5–12 mm long, appressed-villous; tube with a narrow vertical wing."	"Maireana schistocarpa"
44	"Upper perianth erect and columnar."	"Maireana schistocarpa"
44	"Upper perianth not erect and columnar."	45
45	"Perianth tube thin-walled, base expanded into a hollow stipe; leaves semiterete, c. 10 mm long."	"Maireana trichoptera"
45	"Perianth tube with a hard boss-like base; leaves narrow-elliptic to narrow-obovate, mostly 7–12 mm long"	"Maireana humillima"
