from	statement	to
1	"Fruit a berry, sometimes firm or slightly dry."	2
1	"Fruit a capsule."	12
2	"Flowers solitary or in few-flowered clusters at nodes."	3
2	"Flowers in definite racemose, cymose, subumbellate or panicle-like inflorescences."	8
3	"Calyx enlarged in fruit, becoming larger than berry and often enclosing it."	4
3	"Calyx not or scarcely enlarged in fruit, always shorter than berry."	6
4	"Corolla pale blue to mauve."	Nicandra
4	"Corolla yellow or yellow-green, often with dark spots."	5
5	"Mature berry yellow or yellow-green."	Physalis
5	"Mature berry bright red."	Withania
6	"Corolla stellate with lobes as long as tube."	Capsicum
6	"Corolla tube narrow, funnel-shaped or urn-shaped, with lobes much shorter than tube."	7
7	"Spinescent shrubs or herbs."	Lycium
7	"Non-spinescent scrambling or climbing herbs."	Salpichroa
8	"Leaves pinnatisect; corolla yellow and berry red."	Lycopersicon
8	"Leaves entire or lobed; corolla white, blue to dark purple, rarely pink, if yellow, orange-yellow or green yellow then berry white or black, never red."	9
9	"Corolla lobes valvate in bud."	10
9	"Corolla lobes rolled or folded."	11
10	"Corolla orange-yellow or green-yellow; anthers versatile with connective small; berry white or black."	Cestrum
10	"Corolla pink; anthers basifixed with connective large and conspicuous; berry dark red."	Cyphomandra
11	"Stamens 4; anthers 1-locular; corolla white with purple striations."	Duboisia
11	"Stamens 5; anthers 2-locular; corolla variously coloured, with striations absent."	Solanum
12	"Stamens 4 or 5, all equal or subequal in length."	13
12	"Stamens 5, with 4 equal and 1 much shorter."	15
13	"Stamens 4."	Cyphanthera
13	"Stamens 5."	14
14	"Capsule spiny or tuberculate."	Datura
14	"Capsule smooth or nearly so."	Hyoscyamus
15	"Corolla tube c. 1 mm wide for most of its length, abruptly dilated near apex into a broad, shallow cup."	Nierembergia
15	"Corolla tube more than 1 mm wide near base, gradually widening towards apex."	16
16	"Calyx segments fused to about halfway; valves of capsule 4 or rarely 2, entire."	Nicotiana
16	"Calyx segments free almost to base; valves of capsules 2, entire or 2-fid."	17
17	"Leaves ovate to elliptic, more than 2 cm long; corolla more than 2 cm long."	Petunia
17	"Leaves oblong-linear to spathulate, less than 2 cm long; corolla less than 2 cm long"	Calibrachoa
