from	statement	to
1	"Shrubs 1–4 m high; branchlets usually spinescent; flowers slightly zygomorphic; fruit a berry."	Melicytus
1	"Herbs or rarely shrubs to 1.5 m high; spines absent; flowers strongly zygomorphic; fruit a capsule."	2
2	"Lowest petal scarcely longer than the others; herbs with mostly short stems, often stoloniferous; leaves usually long-petiolate."	Viola
2	"Lowest petal much longer than the others; erect-stemmed perennial herbs or shrubs, never stoloniferous; leaves more or less sessile"	Hybanthus
