from	statement	to
1	"Lateral awns less than 30% as long as the central awn, different in texture from it and thin."	"Aristida spuria"
1	"Lateral awns well-developed or, if shorter, over 30% as long as the central awn and similar in texture to it."	2
2	"Articulation (swollen joint) present between lemma and awn or column of awn."	3
2	"Articulation absent on the lemma (awn persistent or breaking at no particular place)."	4
3	"Column 10–18(–25)mm long; lemma 5–7 mm long, brownish when mature; plants 10–30(–50) cm high."	"Aristida contorta"
3	"Column (16–)28–40 mm long; lemma 7–10 mm long, purplish when mature; plants 30–60 cm high."	"Aristida holathera"
4	"Lemma involute, with a furrow on the ventral surface (sometimes the margins shows tendency to be convolute but the ventral furrow is distinct); grain with a well-developed ventral furrow."	5
4	"Lemma convolute, without a ventral furrow; grain with or without a very shallow furrow."	14
5	"Awns unequal in length, laterals 30–65% as long as median."	"Aristida queenslandica"
5	"Awns more or less equal in length, or laterals more than 70% as long as median."	6
6	"Margins of involute lemma with rows of distinct short spines (tubercles) more prominent in the upper part of the groove."	7
6	"Margins of the lemma furrow smooth or scabrous but without tubercles."	9
7	"Glumes inverse i.e. the lower longer than the upper (var. praealta)."	"Aristida calycina"
7	"Glumes subequal or normal (lower shorter than upper), rarely inverse."	8
8	"Lemma 6–9 mm long, subequal to glumes, without a pseudo-articulation (var. subspinulifera)."	"Aristida jerichoensis"
8	"Lemma 4–5.5 mm long, much shorter than the glumes, with a pseudo-articulation."	"Aristida helicophylla"
9	"Lemma muricate (with protuberances) towards the apex."	10
9	"Lemma smooth."	11
10	"Inflorescence a dense, spike-like panicle; plants usually less than 30 cm high, annuals."	"Aristida anthoxanthoides"
10	"Inflorescence more loosely arranged; plants usually more than 50 cm high, perennials."	"Aristida muricata"
11	"Lateral awns shorter than the central awn by 1–2 mm; upper glume 8 mm long with an acute, entire apex (var. jerichoensis)."	"Aristida jerichoensis"
11	"Lateral awns shorter than the central awn by more than 2 mm; upper glume more or less acute, entire."	12
12	"Lemma 3.5–5.5 mm long; upper glume 5–6 mm long with a 2-fid apex and a mucro between the lobes."	"Aristida benthamii"
12	"Lemma more than 6 mm long, upper glume entire."	13
13	"Glumes acuminate to awned, distinctly inverse."	"Aristida acuta"
13	"Glumes acute to obtuse, subequal, normal; inflorescence branches bearing spikelets from near their bases."	"Aristida calycina"
14	"Column of half to several spirals between the lemma apex and the awns."	15
14	"Column absent, the awns borne directly on lemma apex."	17
15	"Lower glume 3-nerved."	"Aristida warburgii"
15	"Lower glume 1-nerved."	16
16	"Lower glume less than 8 mm long, glumes differing in length by up to 2 mm."	"Aristida psammophila"
16	"Lower glume more than 8 mm long, glumes differing in length by 3–4 mm."	"Aristida latifolia"
17	"Lemma extended beyond both glumes."	18
17	"Lemma not extended beyond both glumes."	24
18	"Lower glume c. 4 mm long, upper glume less than 7 mm long."	19
18	"Lower glume more than 5 mm long, upper glume more than 7 mm long."	20
19	"Inflorescence 3–7 cm long, 1–4 cm wide, oblong-ovate in outline."	"Aristida caput-medusae"
19	"Inflorescence larger, irregular in outline."	"Aristida vagans"
20	"Culms bushy with many fine branches."	"Aristida gracilipes"
20	"Culms not bushy, if much-branched then robust, otherwise slender with few branches."	21
21	"Glumes acute to shortly aristulate."	"Aristida ramosa"
21	"Glumes prominently aristulate."	22
22	"Lemma scabrous-tuberculate; culms very robust."	"Aristida lignosa"
22	"Lemma scabrous only on the margins near the apex; culms slender to robust."	23
23	"Culms 25–45 cm high; inflorescence 5–11 cm long."	"Aristida leichhardtiana"
23	"Culms 60–120 cm high; inflorescence 10–30 cm long (var. speciosa)."	"Aristida ramosa"
24	"Lemma shorter than or subequal to the upper glume."	25
24	"Lemma shorter than or subequal to the lower glume."	33
25	"Upper glume more than 12 mm long."	26
25	"Upper glume less than 12 mm long."	29
26	"Inflorescence longer than wide."	"Aristida vickeryae"
26	"Inflorescence about as wide as long."	27
27	"Inflorescence 14–30 cm long and almost as wide; spikelets terminal in inflorescence branches."	"Aristida leptopoda"
27	"Inflorescence 6–12 cm long and wide; spikelets evenly distributed on the branches."	28
28	"Peduncle terete (cylindrical), inflorescence dense; lemma almost smooth."	"Aristida behriana"
28	"Peduncle compressed (flattened), inflorescence more open; lemma densely scabrous."	"Aristida obscura"
29	"Lemma apex tuberculate (var. scaberula)."	"Aristida ramosa"
29	"Lemma smooth or scabrous at the apex, not tuberculate."	30
30	"Lemma distinctly scabrous in the upper 60%."	"Aristida longicollis"
30	"Lemma smooth or scabrous only on the apical margins."	31
31	"Glume tips acute to shortly aristulate (var. speciosa)."	"Aristida ramosa"
31	"Glume tips prominently aristulate."	32
32	"Culms 25–45 cm high; inflorescence 5–8 cm long."	"Aristida leichhardtiana"
32	"Culms 60–120 cm high; inflorescence 10–30 cm long."	"Aristida ramosa"
33	"Inflorescence loose and open."	"Aristida blakei"
33	"Inflorescence dense or spike-like."	34
34	"Lemma to 6.5 mm long; leaves with blade flat and curly, not stiff; plants rather delicate."	"Aristida platychaeta"
34	"Lemma usually more than 6.5 mm long; leaves with blade stiff and usually folded; robust, wiry plants."	35
35	"Glumes subequal; lemma 6–8.5 mm long; awns 8–15 mm long."	"Aristida nitidula"
35	"Glumes unequal; lemma 8.5–12 mm long; awns 13–18 mm long"	"Aristida strigosa"
