from	statement	to
1	"Fruit broader than long."	2
1	"Fruit almost circular or longer than broad."	3
2	"Mature leaves rhombic, sometimes with lateral teeth; mericarp wing 25% or more the breadth of the mericarp."	"Callitriche muelleri"
2	"Mature leaves linear to linear-obovate, never with lateral teeth; mericarp wing less than 20% the breadth of the mericarp."	"Callitriche sonderi"
3	"First-formed leaves linear, 1-veined; portion of mericarp closest to point of attachment of fruit swollen."	"Callitriche umbonata"
3	"First-formed leaves linear-spathulate to spathulate, 3- veined; lower part of fruit broader than top but no part of mericarp particularly swollen"	"Callitriche stagnalis"
