from	statement	to
1	"Corolla white or very pale pink, less than 13 mm long, lobes splitting to base and more or less spreading."	"Correa alba"
1	"Corolla green to red, more than 15 mm long, tube rarely splitting to base."	2
2	"Filaments somewhat dilated at base; anthers oblong to lanceolate, the margins not recurved after dehiscence; corolla not persistent in fruit."	3
2	"Filaments scarcely broadened at base; anthers lanceolate with margins recurved after dehiscence (at least when dry); corolla persistent in fruit."	4
3	"Leaves with upper surface smooth to slightly rough, base cordate, or if not cordate then slightly rough; flowers usually red and green, rarely only green; anthers partly to fully exserted."	"Correa reflexa"
3	"Leaves with upper surface smooth, base rounded to cuneate; flowers pale green; anthers well exserted."	"Correa glabra"
4	"Calyx rounded at the base without any protuberance, cup-shaped."	"Correa lawrenceana"
4	"Calyx with a short cup-shaped outgrowth at the base, shaped like an inverted chef's hat"	"Correa baeuerlenii"
