from	statement	to
1	"Sepals with thread-like filiform points more than 20 mm long."	"Acianthus caudatus"
1	"Sepals with thread-like filiform points less than 3 mm long."	2
2	"Petals reflexed against the ovary, dorsal sepal not hooded closely over the column."	3
2	"Petals spreading, dorsal sepal hooded closely over the column."	4
3	"Flowers 8–12 mm long, dull green to dull pink; labellum 4–4.5 mm long, 2–3 mm wide."	"Acianthus pusillus"
3	"Flowers 12–16 mm long, pinkish purple to dark purple; labellum 5–6 mm long, 3.5–4 mm wide."	"Acianthus exsertus"
4	"Flowers 5–7 mm long."	5
4	"Flowers more than 8 mm long."	6
5	"Labellum flat."	"Acianthus exiguus"
5	"Labellum margins recurved."	"Acianthus sp. a sensu harden (1993)"
6	"Labellum callus narrow-cordate (flowers Feb.–Apr.)."	"Acianthus apprimus"
6	"Labellum callus cordate to broad-cordate (flowers May–Aug.)."	7
7	"Flowers 8–11 mm long, dorsal sepal 6–8 mm long, 4–5 mm wide, labellum callus cordate (inland ranges)."	"Acianthus collinus"
7	"Flowers 10–14 mm long, dorsal sepal 9–12 mm long, 5–6 mm wide, labellum callus more or less cordate (coastal and near-coastal ranges)"	"Acianthus fornicatus"
