from	statement	to
1	"Silicula more or less globose to obovoid."	2
1	"Silicula linear to terete."	"Stenopetalum lineare"
2	"Pedicel horizontal to recurved."	3
2	"Pedicels erect to spreading."	"Stenopetalum velutinum"
3	"Silicula more or less globose, 3–5 mm long, slightly emarginate; pedicel generally horizontal, usually 3–8 mm long."	"Stenopetalum sphaerocarpum"
3	"Silicula obovoid, generally 8–10 mm long, slightly compressed; pedicel mostly recurved, 8–15 mm long"	"Stenopetalum nutans"
