from	statement	to
1	"Stems erect; leaves mostly less than 8 mm wide, apex usually acute, glabrous to silky; bracteoles more than 2.5 mm long."	"Polymeria longifolia"
1	"Stems trailing or twining; leaves to 20 mm wide, apex usually rounded to emarginate, mostly glabrous but if hairy then not silky; bracteoles less than 2.5 mm long."	2
2	"Stems trailing, rooting at nodes; flowers pink, mostly 6–8 mm long; sepals 3–4 mm long, more or less equal."	"Polymeria pusilla"
2	"Stems trailing and twining; flowers purple-violet, 7–15 mm long; sepals 6–12 mm long, outer ones broader than inner ones"	"Polymeria calycina"
