from	statement	to
1	"Leaves pinnately compound, the leaflets toothed to deeply pinnatisect."	2
1	"Leaves shallowly lobed to deeply dissected, pinnatifid to pinnatisect or palmatisect or ternately dissected."	3
2	"Leaflets toothed; pits on the mericarp at the base of the awns with large glandular hairs."	"Erodium moschatum"
2	"Leaflets deeply pinnatisect; pits on the mericarps without glandular hairs."	"Erodium cicutarium"
3	"Pits on the mericarp at the base of the awns with large glandular hairs."	4
3	"Pits on the mericarp at the base of the awns without glandular hairs."	5
4	"Basal leaves more or less ovate, shallowly lobed; awn on sepals c. 1 mm long, conspicuous."	"Erodium malacoides"
4	"Basal leaves oblong-ovate, more or less deeply lobed; awn on sepals c. 0.5 mm long, inconspicuous."	"Erodium aureum"
5	"Hairs on the calyx mostly non-glandular."	"Erodium crinitum"
5	"Hairs on the calyx mostly glandular."	6
6	"Hairs on the stems glandular; leaves 3-lobed."	"Erodium carolinianum"
6	"Hairs on the stems coarse and non-glandular towards base; leaves pinnately lobed or dissected."	7
7	"Pits on the mericarp at the base of the awn glabrous with an acute papery rim; awn usually more than 8.5 cm long."	"Erodium botrys"
7	"Pits on the mericarp at the base of the awn hirsute, with an obtuse rim; awn ± 8.5 cm long"	"Erodium brachycarpum"
