from	statement	to
1	"Calyx lobes unequal in length; corolla tube short, broad apically; lower lobe longer and more spreading than the erect upper lobes; fruit enclosed by inward folded lower calyx lobe; upper calyx lobe usually recurved. (section 1 Prostanthera)."	2
1	"Calyx lobes more or less equal in length; corolla tube long, slightly expanded apically; median upper and lower lobes more or less equal; fruit not enclosed by the calyx lobes. (section 2 Klanderia)."	50
2	"Flowers arranged in terminal inflorescences, the floral leaves all or mostly reduced to membranous, usually caducous bracteoles."	3
2	"Flowers arranged in leafy botryoids, appearing axillary, with floral leaves similar to and sometimes smaller than the leaves on the branchlets."	25
3	"Leaves with margins entire."	4
3	"Leaves with margins variously toothed."	12
4	"Branches glabrous, except for nodes and/or lateral ridges."	5
4	"Branches sparsely to densely hairy."	6
5	"Branches with hairs restricted to nodes; leaves lanceolate to linear, usually less than 40 mm long, less than 5 mm wide, petiole 0–2 mm long."	"Prostanthera linearis"
5	"Branches with hairs restricted to lateral ridges and nodes; leaves ovate, 40–70 mm long, 12–26 mm wide, petiole 5–12 mm long."	"Prostanthera petraea"
6	"Leaves at least 2.5 cm long."	7
6	"Leaves less than 2.5 cm long."	9
7	"Leaves ovate."	"Prostanthera prunelloides"
7	"Leaves narrow-ovate."	8
8	"Hairs short and curled."	"Prostanthera cineolifera"
8	"Hairs short and straight."	"Prostanthera lanceolata"
9	"Leaves with lamina very broad-ovate or almost circular."	10
9	"Leaves with lamina ovate or narrow-ovate."	11
10	"Leaves with lamina very broad-ovate, base truncate."	"Prostanthera cruciflora"
10	"Leaves with lamina almost circular, base cuneate."	"Prostanthera rotundifolia"
11	"Calyx glabrous or almost so; leaves with lamina oval."	"Prostanthera ovalifolia"
11	"Calyx densely hairy; leaves with lamina narrow-ovate."	"Prostanthera discolor"
12	"Leaves flat."	13
12	"Leaves with margins recurved or revolute."	21
13	"Leaves deeply toothed with teeth rounded and directed forward; branches and leaves moderately to densely covered with distinct, long (1–1.5 mm long), more or less spreading hairs."	"Prostanthera askania"
13	"Leaves shortly toothed; branches and/or leaves glabrous or if hairy then hairs short (less than 1 mm long) and curled."	14
14	"Leaves ± 2.5 cm long."	15
14	"Leaves less than 2.5 cm long."	18
15	"Inflorescence usually a much-branched and panicle-like, sometimes branched-botryoidal; corolla white, sometimes with very pale mauve tinge, throat with dull-orange and/or red-purple dots; leaves narrowly ovate to elliptic."	"Prostanthera lasianthos"
15	"Inflorescence botryoidal to branched-botryoidal, not greatly branched; corolla blue-mauve and lacking coloured dots, or if corolla white then with brown and mauve-purple dots in throat and leaves narrow-ovate to linear."	16
16	"Leaves ovate."	"Prostanthera melissifolia"
16	"Leaves narrow-ovate to linear."	17
17	"Leaves with length c. 3 times breadth."	"Prostanthera caerulea"
17	"Leaves with length 7–10 times breadth."	"Prostanthera tallowa"
18	"Leaves toothed or lobed."	"Prostanthera incisa"
18	"Leaves entire or occasionally with 1 or 2 large blunt teeth (in P. rotundifolia)."	19
19	"Leaves with lamina almost circular, base cuneate."	"Prostanthera rotundifolia"
19	"Leaves with lamina ovate to narrow-ovate."	20
20	"Calyx glabrous or almost so; leaves with lamina ovate."	"Prostanthera ovalifolia"
20	"Calyx densely hairy; leaves with lamina lanceolate to oblong."	"Prostanthera discolor"
21	"Leaves glabrous, except for a few short stiff hairs near margin."	"Prostanthera denticulata"
21	"Leaves hairy on both surfaces."	22
22	"Leaves with margins crenate."	23
22	"Leaves with margins entire."	24
23	"Leaves ± 5 mm long with short stiff hairs."	"Prostanthera violacea"
23	"Leaves ± 10 mm long, finely and densely hairy."	"Prostanthera incana"
24	"Leaves narrow-ovate, up to 1 cm long."	"Prostanthera stricta"
24	"Leaves more or less ovate, appearing narrow-ovate when margins revolute, up to 2 cm long."	"Prostanthera hirtula"
25	"Leaves convex or with margins recurved to revolute."	26
25	"Leaves flat or margins conduplicate or incurved."	42
26	"Leaves more or less terete, oblong or linear, or if deeply 3- or 5-fid (in P. staurophylla) then lobes linear."	27
26	"Leaves narrow-ovate to broad-ovate, more or less circular or obovate, never lobed; margins often strongly recurved or revolute."	33
27	"Leaves more or less terete, to 1 mm wide; margins entire or deeply 3- or 5-fid and lobes 3–5 mm long; bracteoles not persistent, c. 0.5 mm long; branches densely covered with shortly curled hairs."	28
27	"Leaves oblong, narrow-oblong or linear, more than 1 mm wide; margins entire; bracteoles persistent, at least 1.6 mm long; branches glabrous between nodes or sparsely to densely covered with more or less straight, spreading to appressed hairs."	29
28	"Adult leaves grey-green, strongly revolute such that lamina appears subterete, 5–16 mm long; margin entire or deeply 2- or 3-fid, densely covered with sessile glands; branches densely covered with sessile glands; anther appendage absent or minute."	"Prostanthera teretifolia"
28	"Adult leaves lime- to dark green, oblong or linear, if lobed, then lobes linear, never terete-like, 2–9 mm long, deeply (2–)3(–7)-fid, with scattered glandular hairs adaxially; branches densely covered with podiate glandular hairs; anther appendage present."	"Prostanthera staurophylla"
29	"Branches glabrous, except for nodes."	"Prostanthera linearis"
29	"Branches hairy throughout."	30
30	"Leaves with apex acute; calyx lower lip often retuse with two sharp points."	"Prostanthera scutellarioides"
30	"Leaves with apex obtuse; calyx lower lip rounded."	31
31	"Branches with appressed hairs restricted to area between lateral ridges."	"Prostanthera phylicifolia"
31	"Branches densely hairy throughout."	32
32	"Leaves with margins shortly (often indistinctly) lobed to bluntly toothed; hairs suberect to spreading, not appressed."	"Prostanthera stenophylla"
32	"Leaves with margins entire; hairs appressed, antrorse, short."	"Prostanthera saxicola"
33	"Leaves wrinkled with margins crenate."	"Prostanthera rugosa"
33	"Leaves more or less smooth with margins entire."	34
34	"Spines present."	"Prostanthera sejuncta"
34	"Spines absent."	35
35	"Leaves more or less circular, usually appearing angular-ovate (rhombic."	"Prostanthera rhombea"
35	"Leaves narrow-ovate to ovate or obovate, if broad-ovate then usually appearing narrow-ovate because margins revolute (in P. decussata)."	36
36	"Leaves glabrous."	37
36	"Leaves hairy, at least with a few short tooth-like hairs near margin."	38
37	"Leaves obovate, 4–5 mm long; bracteoles not persistent, 3–3.5 mm long; strongly aromatic shrub; branches densely covered with short, more or less spreading hairs."	"Prostanthera cuneata"
37	"Leaves narrow-ovate, 5–15 mm long; bracteoles persistent, 2.5 mm long; slightly aromatic; branches sparsely covered with short, appressed hairs between ridges."	"Prostanthera phylicifolia"
38	"Leaves often with upper surface almost glabrous, having a few tooth-like hairs."	39
38	"Leaves with upper surface densely hairy."	40
39	"Leaves hairy, at least with a few short tooth-like hairs near margin; branches densely covered with short to long spreading to antrorse hairs."	"Prostanthera decussata"
39	"Leaves with upper surface almost glabrous, having a few tooth-like hairs; branches predominantly glandular, usually sparsely to moderately covered with short, more or less antrorse hairs."	"Prostanthera howelliae"
40	"Anther appendage absent."	"Prostanthera granitica"
40	"Anther appendage longer than loculus."	41
41	"Branchlets, leaves and calyces scabrous hirsute; leaves narrow-ovate to narrow-elliptic."	"Prostanthera marifolia"
41	"Branchlets, leaves and calyces densely and softly hairy; leaves broad-ovate, often cordate."	"Prostanthera densa"
42	"Branchlets, leaves and calyces glabrous."	"Prostanthera striatiflora"
42	"Branchlets, leaves or calyces hairy."	43
43	"Branchlets, leaves and calyces distinctly glandular."	"Prostanthera euphrasioides"
43	"Branchlets, leaves and calyces not glandular or not obviously so."	44
44	"Leaves linear, conduplicate or incurved; appearing terete."	"Prostanthera nivea"
44	"Leaves more or less flat or slightly channelled above; margins slightly incurved or slightly recurved."	45
45	"Branches (often appearing glabrous) with opposite decussate bands of hairs."	46
45	"Branches sparsely hairy with appressed hairs or almost glabrous, hairs often restricted to nodes."	48
46	"Leaves obovate to more or less spathulate."	"Prostanthera palustris"
46	"Leaves linear to ovate."	47
47	"Strongly aromatic shrub; branches with shortly curled or long spreading hairs; leaves with lamina linear to narrow-ovate, 6–9 mm long, 2–3 mm wide, margins obscurely toothed; calyx glabrous."	"Prostanthera cryptandroides"
47	"Non-aromatic or faintly aromatic shrub; branches with short, more or less straight, antrorse hairs; leaves with lamina narrow-ovate to ovate, 10–30 mm long, 4–12 mm wide, margins entire; calyx hairy on inner surface of lobes."	"Prostanthera hindii"
48	"Leaves 6–10 mm wide."	"Prostanthera sp. c sensu conn (1992)"
48	"Leaves to less than 5 mm wide."	49
49	"Leaves up to 15 mm long."	"Prostanthera saxicola"
49	"Leaves 15 mm long."	"Prostanthera linearis"
50	"Bracteoles inserted at base or on lower half of pedicel."	"Prostanthera ringens"
50	"Bracteoles inserted at base of calyx or on upper half of pedicel."	51
51	"Leaves with lamina more or less terete."	"Prostanthera aspalathoides"
51	"Leaves with lamina ovate to narrow-ovate, sometimes more or less circular, never terete or linear-obovate."	52
52	"Branches 4-angular and 4-ridged, ridges fused to base of petiole."	"Prostanthera porcata"
52	"Branches more or less terete, ridges absent."	53
53	"Leaves with lamina less than 5 mm long; petiole absent or to 0.5 mm long; venation not visible."	"Prostanthera serpyllifolia"
53	"Leaves with lamina more than 10 mm long; petiole more than 1.5 mm long; venation visible, often faint."	54
54	"Bracteoles 10–18 mm long; inner surface of calyx lobes hairy; leaves non-aromatic."	"Prostanthera monticola"
54	"Bracteoles 4–6.5 mm long; inner surface of calyx lobes glabrous; leaves aromatic"	"Prostanthera walteri"
