from	statement	to
1	"Perennial shrubs, usually more than 50 cm high."	2
1	"Annual or perennial herbs, or if shrubby, then less than 50 cm high."	5
2	"Plant glandular-pubescent, not `mealy'."	"Chenopodium ambrosioides"
2	"Plant `mealy' with vesicular hairs."	3
3	"Spinescent shrub with spathulate to linear leaves."	"Chenopodium nitrariaceum"
3	"Non-spiny shrubs; leaves elliptic to hastate."	4
4	"Fruit succulent; leaves densely hairy, 1–15 mm long."	"Chenopodium curvispicatum"
4	"Fruit dry; leaves glabrescent above, mealy below, at least some more than 20 mm long."	"Chenopodium auricomum"
5	"Leaves and stems mealy or glabrous, without glandular hairs."	6
5	"Glandular hairs present on leaves and possibly stems."	16
6	"Perianth either glabrous or slightly mealy and not shed with fruit."	7
6	"Perianth mealy; perianth shed with the fruit enclosed."	9
7	"Perianth glaucous."	"Chenopodium glaucum"
7	"Perianth slightly mealy."	8
8	"Leaves with entire margins."	"Chenopodium auricomiforme"
8	"Leaves with deeply incised margins."	"Chenopodium erosum"
9	"Plants foetid."	10
9	"Plants not foetid."	12
10	"Perianth segments fused to near apex."	"Chenopodium vulvaria"
10	"Perianth segments fused only at base."	11
11	"Stamens 1 or 2; leaves sparsely hairy, 3–10 cm long."	"Chenopodium detestans"
11	"Stamens 5; leaves densely hairy, c. 1 cm long."	"Chenopodium desertorum"
12	"Leaves usually 20 mm long or less; margins entire."	13
12	"Leaves, or at least the lower ones, more than 30 mm long, margins usually toothed."	14
13	"Seeds reticulate; pericarp succulent."	"Chenopodium curvispicatum"
13	"Seeds smooth to slightly wrinkled, pericarp dry or succulent."	"Chenopodium desertorum"
14	"Seed black, strongly patterned; leaves to 15 cm long, margins deeply incised."	"Chenopodium erosum"
14	"Seed black to brownish, smooth or with minute or weakly developed pattern; leaves to 9 cm long, margins variously toothed."	15
15	"Leaves usually mealy with vesicular hairs, especially on lower surface; seeds bluntly keeled, smooth to weakly furrowed, pericarp readily detached."	"Chenopodium album"
15	"Leaves nearly glabrous, except when very young; seeds prominently keeled, finely pitted, pericarp persistent."	"Chenopodium murale"
16	"Perennials; stamens 5."	17
16	"Annuals; stamens 1 or 2."	18
17	"Seeds horizontal or oblique; fruiting perianth not pouch-like."	"Chenopodium ambrosioides"
17	"Seeds vertical; fruiting perianth pouch-like."	"Chenopodium multifidum"
18	"Perianth segments fused to near apex."	"Chenopodium truncatum"
18	"Perianth segments fused below halfway."	19
19	"Perianth segments strongly crested with a fimbriate keel."	"Chenopodium cristatum"
19	"Perianth segments rounded to acute, if keeled then broadest above base and the keel not fimbriate."	20
20	"Perianth segments fused in lower half, often dark."	"Chenopodium melanocarpum"
20	"Perianth segments fused only near base, usually light-coloured."	21
21	"Perianth segments rounded on back, exposing fruit, especially below."	"Chenopodium pumilio"
21	"Perianth segments keeled, at least towards apex, more or less covering the fruit"	"Chenopodium carinatum"
