from	statement	to
1	"Corolla white to creamy-white; branches and leaves tomentose with the longest hairs usually 0.3–0.8 mm long."	2
1	"Corolla yellow or pale yellow; branches and leaves closely tomentose, the hairs usually <0.3 mm long. Leaves mostly 5–17 mm long, 3–6 mm wide, sometimes larger. Corolla 8–19 mm long, sparsely to moderately pubescent outside with non-glandular and/or glandular hairs."	"Cyphanthera albicans subsp. tomentosa"
2	"Leaves mostly 6–15 mm long, 1.5–7 mm wide, sometimes larger. Corolla 6.5–13 mm long, glabrous to moderately pubescent outside with non-glandular hairs."	"Cyphanthera albicans subsp. albicans"
2	"Leaves mostly 18–35 mm long, 3–6 mm wide, sometimes larger. Corolla 13–22 mm long, glabrous outside"	"Cyphanthera albicans subsp. notabilis"
