from	statement	to
1	"Margins of leaves entire or toothed."	2
1	"Leaves variously lobed, pinnatifid, trifid or multifid with more or less palmate divisions."	7
2	"Leafy stems more or less square in cross section and distinctly 4-ribbed, leaves usually opposite until inflorescence."	3
2	"Stems smooth to weakly 4-ribbed; leaves usually opposite only at the base of the plant."	5
3	"Ovary 4-locular, styles 4."	4
3	"Ovary 2-locular, styles 2."	"Haloragis serra"
4	"Leaves ± 5 mm wide."	"Haloragis exalata"
4	"Leaves mostly 2–4 mm wide."	"Haloragis stricta"
5	"Leaves with a distinct petiole 5–15 mm long."	"Haloragis odontocarpa"
5	"Leaves sessile or very shortly petiolate."	6
6	"Leaves and stems glaucous, glabrous or scabrous with curved hairs."	"Haloragis glauca"
6	"Leaves and stems grey-green, scabrous with hooked hairs."	"Haloragis aspera"
7	"Leaves pinnatifid."	"Haloragis aspera"
7	"Leaves below inflorescences trifid or multifid with more or less palmate divisions"	"Haloragis heterophylla"
