from	statement	to
1	"Plants saprophytic, fleshy, brittle; lateral sepals much longer than dorsal sepal."	"Genoplesium baueri"
1	"Plants non-saprophytic, neither fleshy nor brittle; lateral sepals about as long as dorsal sepal or slightly longer."	2
2	"Flowers lacking cilia on any segment, labellum margins sometimes irregular or finely toothed but never ciliate."	3
2	"Flowers ciliate on at least one floral segment."	8
3	"Free part of leaf lamina arising among the lower flowers and projecting conspicuously outwards."	"Genoplesium nudiscapum"
3	"Free part of leaf lamina ending well short of lowest flower, usually appressed to peduncle."	4
4	"Flowers c. 1.5 mm across; labellum c. 1.5 mm long, dorsal sepal and petals striped or banded."	"Genoplesium pedersonii"
4	"Flowers 2.5–4 mm across; labellum 2 mm or more long, dorsal sepals and petals not striped or banded."	5
5	"Labellum apex acuminate to long-acuminate."	"Genoplesium despectans"
5	"Labellum apex obtuse to acute."	6
6	"Flowers wholly red to reddish brown, rarely with some greenish markings."	"Genoplesium rufum"
6	"Sepals and petals green to yellowish green, sometimes with a few red markings."	7
7	"Labellum green to yellowish green; coastal and near-coastal habitats."	"Genoplesium pumilum"
7	"Labellum dark purplish black; inland districts."	"Genoplesium nigricans"
8	"Cilia confined to labellum margins."	9
8	"Cilia present on labellum and at least one other tepalline whorl."	14
9	"Flowers 2–3 mm across; labellum cilia 0.1–0.2 mm long."	"Genoplesium nudum"
9	"Flowers 4–6 mm across; labellum cilia more than 0.5 mm long."	10
10	"Flowers wholly purple to purplish black."	11
10	"Flowers green to greenish brown with stripes on the dorsal sepal and petals, labellum wholly reddish purple or reddish towards the apex."	13
11	"Labellum c. 2 mm long and 1.3 mm wide, margins sparsely ciliate; subalpine swamps."	"Genoplesium turfosum"
11	"Labellum more than 3 mm long and 1.5 mm wide, margins densely ciliate; lowland to montane sclerophyll forest."	12
12	"Lateral sepals parallel or slightly divergent; labellum obovate, cilia 0.3–0.5 mm long."	"Genoplesium rhyoliticum"
12	"Lateral sepals widely divergent; labellum ovate, cilia 0.5–1 mm long."	"Genoplesium archeri"
13	"Lateral sepals 7.5–9 mm long; labellum oblong, 5–5.5 mm long."	"Genoplesium plumosum"
13	"Lateral sepals 5–6 mm long; labellum obovate, 3.5–4 mm long."	"Genoplesium sagittiferum"
14	"Cilia present on labellum and petals but not dorsal sepal."	15
14	"Cilia present on labellum, petals and dorsal sepal."	16
15	"Lateral sepals obliquely deflexed; petals with numerous cilia."	"Genoplesium morinum"
15	"Lateral sepals erect; petals sparsely ciliate."	"Genoplesium archeri"
16	"Cilia 0.1–0.2 mm long, often glandular."	17
16	"Cilia more than 0.5 mm long, coarse and often tangled, non-glandular."	19
17	"Lateral sepals erect; labellum thin-textured, narrow-obovate."	"Genoplesium filiforme"
17	"Lateral sepals obliquely deflexed; labellum thick and fleshy, broad-ovate to broad-obovate."	18
18	"Flowers 2–3.3 mm across; labellum 1.5–2 mm long; rare species confined to Mt Wilson (Blue Mtns)."	"Genoplesium eriochilum"
18	"Flowers 4–6 mm across; labellum 2.5–4 mm long; widespread in central districts."	"Genoplesium woollsii"
19	"Labellum cilia reddish, pinkish or pinkish mauve."	20
19	"Labellum cilia dark brown or purplish black."	22
20	"Lateral sepals 9–10 mm long, dark pinkish purple."	"Genoplesium superbum"
20	"Lateral sepals 5–6.5 mm long, green."	21
21	"Labellum hinged and motile, flowers opening widely; all perianth segments present."	"Genoplesium fimbriatum"
21	"Labellum fixed, immobile, flowers cleistogamous or opening tardily; one or more perianth segments often absent."	"Genoplesium apostasioides"
22	"Labellum broadest towards the base."	23
22	"Labellum broadest at or above the middle."	24
23	"Labellum ovate to lanceolate, callus extending about half way to labellum apex; coastal and near-coastal districts."	"Genoplesium acuminatum"
23	"Labellum narrow-ovate, callus extending to the labellum apex; inland ranges."	"Genoplesium systenum"
24	"Flowers c. 5 mm across, strongly lemon-scented."	"Genoplesium citriodorum"
24	"Flowers c. 7–8 mm across, not lemon-scented."	25
25	"Labellum narrow-obovate to narrow-spathulate, usually 5–6 mm long and 2 mm wide."	"Genoplesium simulans"
25	"Labellum narrow-elliptic, usually 4–5 mm long and 1.5 mm wide"	"Genoplesium morrisii"
