id	name	url
48564	"[not in Tas.]"	
94912	"×Thinoelymus drucei"	
94907	"×Thinoelymus mucronatus"	
18804	"A.C.Rozefelds 323"	
19181	"A.M.Gray 1513"	
892	Acacia	
3585	"Acacia axillaris"	
17799	"Acacia baileyana"	
36072	"Acacia dealbata subsp. dealbata"	
3384	"Acacia decurrens"	
93987	"Acacia derwentiana"	
3346	"Acacia elata"	
4088	"Acacia floribunda"	
3587	"Acacia genistifolia"	
3642	"Acacia gunnii"	
3725	"Acacia howittii"	
3487	"Acacia iteaphylla"	
36081	"Acacia leprosa var. graveolens"	
4099	"Acacia longifolia"	
36084	"Acacia longifolia subsp. longifolia"	
36085	"Acacia longifolia subsp. sophorae"	
3365	"Acacia mearnsii"	
3955	"Acacia melanoxylon"	
4080	"Acacia mucronata"	
64364	"Acacia mucronata subsp. dependens"	
48214	"Acacia mucronata subsp. longifolia"	
64365	"Acacia mucronata subsp. mucronata"	
3404	"Acacia myrtifolia"	
3400	"Acacia paradoxa"	
3465	"Acacia pataczekii"	
3388	"Acacia pravissima"	
36090	"Acacia provincialis"	
3543	"Acacia pycnantha"	
3507	"Acacia retinodes"	
4081	"Acacia riceana"	
3651	"Acacia siculiformis"	
3397	"Acacia stricta"	
3486	"Acacia suaveolens"	
3348	"Acacia terminalis"	
3641	"Acacia ulicifolia"	
36099	"Acacia uncifolia"	
4048	"Acacia verticillata"	
36101	"Acacia verticillata subsp. ovoidea"	
36102	"Acacia verticillata subsp. ruscifolia"	
36103	"Acacia verticillata subsp. verticillata"	
354	Acanthaceae	
2951	Acanthocladium	
9712	Acer	
5452	Acetosa	
5450	Acetosella	
94227	"Achyrocline or Helichrysum"	
2938	Acomis	
6128	Acradenia	
12917	Acrothamnus	
12920	"Acrothamnus hookeri"	
12922	"Acrothamnus montanus"	
5391	Acrotriche	
19222	"Acrotriche affinis"	
19221	"Acrotriche cordata"	
19223	"Acrotriche serrulata"	
2883	Actinobole	
95049	"Adiantum (A. aethiopicum)"	
20484	"Adiantum aethiopicum"	
5300	Adonis	
523	Agastachys	
468	Agavaceae	
3228	Agrostis	
47617	"Agrostis aemula"	
48438	"Agrostis aequata"	
48433	"Agrostis aff. australiensis"	
48431	"Agrostis aff. hyemalis"	
48434	"Agrostis aff. parviflora"	
48432	"Agrostis aff. scabra"	
13394	"Agrostis australiensis"	
20995	"Agrostis avenacea"	
48436	"Agrostis billardierei and vars."	
20999	"Agrostis capillaris"	
13399	"Agrostis gigantea"	
48435	"Agrostis lacunarum"	
13388	"Agrostis muelleriana"	
13393	"Agrostis parviflora"	
48437	"Agrostis rudis"	
13400	"Agrostis stolonifera"	
13387	"Agrostis venusta"	
3174	Aira	
13405	"Aira caryophyllea"	
48439	"Aira elegatissima"	
13401	"Aira praecox"	
328	Aizoaceae	
94246	Alatoseta	
94168	Aliella	
48408	Alistmataceae	
1386	Allium	
8659	"Allium neapolitanum"	
8657	"Allium triquetrum"	
8665	"Allium vineale"	
5243	Allocasuarina	
6375	"Allocasuarina crassa"	
6609	"Allocasuarina duncanii"	
6429	"Allocasuarina littoralis"	
6401	"Allocasuarina monilifera"	
6387	"Allocasuarina paludosa"	
6458	"Allocasuarina verticillata"	
6426	"Allocasuarina zephyrea"	
3216	Alopecurus	
13410	"Alopecurus geniculatus"	
13409	"Alopecurus myosuroides"	
13411	"Alopecurus pratensis"	
6239	Alternanthera	
305	Amaranthaceae	
6231	Amaranthus	
15722	"Amaranthus albus"	
15737	"Amaranthus deflexus"	
15723	"Amaranthus graecizans"	
15748	"Amaranthus powellii"	
15734	"Amaranthus spinosus"	
2934	Ammobium	
3221	Ammophila	
3177	Amphibromus	
13420	"Amphibromus archeri"	
48442	"Amphibromus macroshinus"	
13417	"Amphibromus neesii"	
13422	"Amphibromus recurvatus"	
48441	"Amphibromus sinusatus"	
94160	Amphiglossa	
94229	Anaphalioides	
24947	Anaphalis	
94174	Anaxeton	
24951	Ancistrocarphus	
94172	Anderbergia	
19274	Androstoma	
15851	Anemocarpa	
5295	Anemone	
2887	Angianthus	
94186	Anisochaeta	
94199	Anisochaetu	
94187	Anisothrix	
5913	Anodopetalum	
95054	"Anogramma (A. leptophylla)"	
22737	"Anogramma leptophylla"	
6163	Anopterus	
24948	Antennaria	
3203	Anthoxanthum	
94180	Antithrixia	
23110	Apalochlamys	
5308	Aphelia	
12212	"Aphelia gracilis"	
12215	"Aphelia pumilio"	
255	Apiaceae	
369	Apocynaceae	
32709	"Apodasmia brownii"	
445	Aponogetonaceae	
93857	"Apteropteris applanata"	
5294	Aquilegia	
428	Araceae	
339	Araliaceae	
22910	Arbutus	
5397	Archeria	
19184	"Archeria comberi"	
19182	"Archeria eriocarpa"	
19183	"Archeria hirtella"	
19186	"Archeria minor"	
19185	"Archeria serpyllifolia"	
5283	Argemone	
15855	Argentipallium	
2952	Argyroglottis	
3204	Aristida	
5977	Aristotelia	
3172	Arrhenatherum	
94184	Arrowsmithia	
94247	Artemisiopsis	
1378	Arthropodium	
8608	"Arthropodium milleflorum"	
8609	"Arthropodium minus"	
1369	Asparagus	
1404	Asphodelus	
19620	Asplenium	
20538	"Asplenium bulbiferum"	
20536	"Asplenium flabellifolium"	
20540	"Asplenium flaccidum"	
20537	"Asplenium hookerianum"	
37116	"Asplenium obtusatum"	
53026	"Asplenium terrestre"	
36142	"Asplenium trichomanes subsp. quadrivalens"	
27158	"Asplenium trichomanes subsp. trichomanes"	
1370	Astelia	
391	Asteraceae	
13066	Asteridea	
5384	Astroloma	
19249	"Astroloma humifusum"	
19250	"Astroloma pinifolium"	
94259	Athrixia	
94191	Atrichantha	
4944	Atriplex	
10118	"Atriplex australasica"	
19038	"Atriplex billardierei"	
10106	"Atriplex cinerea"	
10058	"Atriplex hortensis"	
10112	"Atriplex paludosa"	
19039	"Atriplex patula"	
10117	"Atriplex prostrata"	
10073	"Atriplex semibaccata"	
10078	"Atriplex suberecta"	
5208	Australina	
3109	Australopyrum	
9991	"Australopyrum pectinatum"	
9989	"Australopyrum velutinum"	
3169	Austrofestuca	
20983	"Austrofestuca hookeriana"	
20984	"Austrofestuca littoralis"	
3173	Avena	
13599	"Avena barbata"	
13600	"Avena fatua"	
13597	"Avena sativa"	
48443	"Avena sterilis ssp. ludoviciana"	
13595	"Avena strigosa"	
95061	"Azolla (A. rubra)"	
20567	"Azolla filiculoides"	
5609	Baeckea	
19080	"Baeckea gunniana"	
19081	"Baeckea leptocaulis"	
16483	"Baloskion australe"	
36155	"Baloskion tetraphyllum subsp. tetraphyllum"	
497	Banksia	
1006	"Banksia integrifolia"	
1001	"Banksia marginata"	
1015	"Banksia serrata"	
2874	Basedowia	
304	Basellaceae	
4961	Bassia	
5303	Batrachium	
11511	"Batrachium trichophyllum"	
6160	Bauera	
5962	Baumea	
20739	"Baumea acuta"	
20744	"Baumea arthrophylla"	
20742	"Baumea articulata"	
20743	"Baumea gunnii"	
20736	"Baumea juncea"	
20741	"Baumea rubiginosa"	
20737	"Baumea tetragona"	
520	Bellendena	
2921	Bellida	
94204	Belloa	
344	Berberidaceae	
5709	Berberis	
94203	Berroa	
4943	Beta	
413	Betulaceae	
359	Bignoniaceae	
1407	Blandfordia	
19625	Blechnum	
20557	"Blechnum cartilagineum"	
20565	"Blechnum chambersii"	
20559	"Blechnum fluviatile"	
20560	"Blechnum minus"	
20564	"Blechnum nudum"	
20558	"Blechnum patersonii"	
20562	"Blechnum penna-marina"	
20563	"Blechnum vulcanicum"	
20561	"Blechnum wattsii"	
10691	Blennospora	
5930	Bolboschoenus	
16533	"Bolboschoenus caldwellii"	
16534	"Bolboschoenus medianus"	
94256	Bombycilaena	
361	Boraginaceae	
6125	Boronia	
18956	"Boronia anemonifolia"	
18963	"Boronia citriodora"	
18972	"Boronia citriodora subsp. citriodora"	
18971	"Boronia citriodora subsp. orientalis"	
18973	"Boronia citriodora subsp. paulwilsonii"	
18961	"Boronia elisabethiae"	
18965	"Boronia gunnii"	
18964	"Boronia hemichiton"	
18962	"Boronia hippopala"	
18959	"Boronia megastigma"	
18955	"Boronia nana"	
18975	"Boronia nana var. hyssopifolia"	
18974	"Boronia nana var. nana"	
18957	"Boronia parviflora"	
18960	"Boronia pilosa"	
18969	"Boronia pilosa subsp. pilosa"	
18970	"Boronia pilosa subsp. tasmanensis"	
18958	"Boronia rhomboidea"	
18966	"Boronia rozefeldsii"	
47303	Bothriochoa	
19667	Botrychium	
20471	"Botrychium australe"	
20470	"Botrychium lunaria"	
19282	"Brachyglottis brunonis"	
5389	Brachyloma	
19229	"Brachyloma ciliatum"	
19228	"Brachyloma depressum"	
3102	Brachypodium	
284	Brassicaceae	
3163	Briza	
13625	"Briza maxima"	
13626	"Briza minor"	
3155	Bromus	
13628	"Bromus alopecuros"	
13639	"Bromus arenarius"	
13629	"Bromus brevis"	
13631	"Bromus catharticus"	
13630	"Bromus cebadilla"	
13627	"Bromus diandrus"	
48445	"Bromus fonkii"	
21010	"Bromus hordeaceus"	
13642	"Bromus madritensis"	
13638	"Bromus sterilis"	
19149	Brugmansia	
909	Brunonia	
94151	Bryomorphe	
1376	Bulbine	
8644	"Bulbine bulbosa"	
8646	"Bulbine glauca"	
8643	"Bulbine semibarbata"	
1409	Burchardia	
464	Burmanniaceae	
1384	Caesia	
8552	"Caesia alpina"	
8551	"Caesia calliantha"	
48560	"Caesia paraviflora var. vittata"	
8549	"Caesia parviflora"	
21107	"Caesia parviflora var. minor"	
21108	"Caesia parviflora var. parviflora"	
3227	Calamagrostis	
6045	Calandrinia	
19047	"Calandrinia calyptrata"	
19045	"Calandrinia ciliata"	
19048	"Calandrinia eremaea"	
19046	"Calandrinia granulifera"	
94181	Callilepis	
416	Callitrichaceae	
19161	Calluna	
2896	Calocephalus	
95063	"Calochlaena (C. dubia)"	
22745	"Calochlaena dubia"	
23084	Calomeria	
9833	Calorophus	
22765	"Calorophus elongatus"	
48446	"Calorophus erostis"	
28210	"Calorophus erostris"	
94192	Calotesta	
5054	Calystegia	
19057	"Calystegia marginata"	
19058	"Calystegia sepium"	
19059	"Calystegia silvatica"	
19056	"Calystegia soldanella"	
5599	Calytrix	
352	Campanulaceae	
44036	Campynema	
62253	Capriofoliaceae	
5969	Carex	
93832	"Carex ""Algonkian Rivulet"""	
93835	"Carex ""Western Tasmania"""	
48453	"Carex aff. cirrhosa"	
48459	"Carex aff. diandra"	
48455	"Carex albula"	
20865	"Carex appressa"	
48457	"Carex appressa complex"	
48458	"Carex appressa f. minor"	
20842	"Carex archeri"	
93826	"Carex austrocompacta (Uncinia compacta)"	
93827	"Carex austroflaccida (Uncinia flaccida)"	
93823	"Carex austrotenella (Uncinia tenella)"	
48456	"Carex barbata"	
20847	"Carex bichenoviana"	
20845	"Carex breviculmis"	
93837	"Carex buxbaumii (i)"	
36213	"Carex canescens"	
20840	"Carex capillacea"	
48449	"Carex cataractae"	
20841	"Carex cephalotes"	
93825	"Carex cheesemanniana (Uncinia nervosa)"	
20870	"Carex chlorantha"	
48460	"Carex curta"	
48451	"Carex demissa"	
93830	"Carex demissa (i)"	
20869	"Carex divisa"	
93836	"Carex divisa (i)"	
20867	"Carex divulsa"	
93834	"Carex divulsa (i)"	
20849	"Carex fascicularis"	
20846	"Carex flacca"	
93833	"Carex flacca (i)"	
48447	"Carex flagellifera"	
93828	"Carex flagellifera (i)"	
48450	"Carex flaviformis"	
20862	"Carex gaudichaudiana"	
20871	"Carex gunniana"	
20863	"Carex hypandra"	
34269	"Carex inversa"	
20844	"Carex iynx"	
48452	"Carex lepidocarpa"	
93831	"Carex lepidocarpa (i)"	
93838	"Carex leporina (i)"	
20843	"Carex longebrachiata"	
48461	"Carex ovalis"	
20861	"Carex polyantha"	
20848	"Carex pumila"	
20860	"Carex raleighii"	
48462	"Carex scoparia"	
93839	"Carex scoparia (i)"	
93822	"Carex subtilis (Uncinia elegans)"	
20856	"Carex tasmanica"	
20864	"Carex tereticaulis"	
48448	"Carex testacea"	
93829	"Carex testacea (i)"	
93824	"Carex umbricola (Uncinia riparia)"	
5949	Carpha	
20716	"Carpha alpina"	
48464	"Carpha curvata"	
48463	"Carpha rodwayi"	
4978	Carpobrotus	
19052	"Carpobrotus aequilateralus"	
9598	"Carpobrotus edulis"	
9603	"Carpobrotus rossii"	
325	Caryophyllaceae	
2941	Cassinia	
5258	Cassytha	
8353	"Cassytha glabella"	
8361	"Cassytha melantha"	
8351	"Cassytha pedicellosa"	
8355	"Cassytha pubescens"	
387	Casuarinaceae	
3140	Catapodium	
94188	Catatia	
5964	Caustis	
94215	Cautrecasasiella	
516	Cenarrhenes	
6197	Centranthus	
444	Centrolepidaceae	
5309	Centrolepis	
12199	"Centrolepis aristata"	
12191	"Centrolepis fascicularis"	
12205	"Centrolepis glabra"	
12192	"Centrolepis monogyna"	
12202	"Centrolepis muscoides"	
48465	"Centrolepis paludicola"	
12203	"Centrolepis pedderensis"	
12208	"Centrolepis polygyna"	
48466	"Centrolepis pulvinata"	
12196	"Centrolepis strigosa"	
2895	Cephalipterum	
2875	Cephalosorus	
94253	Chamaepus	
1383	Chamaescilla	
19618	Cheilanthes	
20489	"Cheilanthes austrotenuifolia"	
20491	"Cheilanthes distans"	
20490	"Cheilanthes sieberi"	
390	Chenopodiaceae	
4950	Chenopodium	
10128	"Chenopodium album"	
19040	"Chenopodium capitatum"	
10124	"Chenopodium erosum"	
10126	"Chenopodium glaucum"	
10127	"Chenopodium murale"	
10130	"Chenopodium vulvaria"	
65546	Chevreulia	
94232	Chiliocephalum	
94173	Chionolaena	
24504	Chondropyxis	
49086	"Chordifex hookeri"	
49087	"Chordifex monocephalus"	
5923	Chorizandra	
20689	"Chorizandra australis"	
20690	"Chorizandra enodis"	
19548	Chrysocephalum	
2878	Chthonocephalus	
94200	Cladochaeta	
5289	Clematis	
9222	"Clematis aristata"	
9219	"Clematis clitorioides"	
9229	"Clematis decipiens"	
9218	"Clematis gentianoides"	
9228	"Clematis microphylla"	
9216	"Clematis vitalba"	
245	Clusiaceae	
18953	Coleonema	
6040	Collomia	
94176	Comborhiza	
5351	Comesperma	
19279	"Comesperma calymega"	
19280	"Comesperma defoliatum"	
19276	"Comesperma ericinum"	
19277	"Comesperma retusum"	
19278	"Comesperma volubile"	
453	Commelinaceae	
501	Conospermum	
5291	Consolida	
370	Convolvulaceae	
5055	Convolvulus	
11671	"Convolvulus angustissimus"	
11669	"Convolvulus arvensis"	
895	Coopernookia	
6123	Correa	
18978	"Correa alba"	
18982	"Correa alba var. alba"	
18983	"Correa alba var. rotundifolia"	
18980	"Correa backhouseana"	
18979	"Correa lawrenceana"	
18981	"Correa reflexa"	
18985	"Correa reflexa var. nummulariifolia"	
18995	"Correa reflexa var. reflexa"	
3084	Cortaderia	
13711	"Cortaderia jubata"	
48467	"Cortaderia richardii"	
13710	"Cortaderia selloana"	
6062	Cotoneaster	
21795	"Cotoneaster franchetii"	
21793	"Cotoneaster glaucophyllus"	
21794	"Cotoneaster pannosus"	
21796	"Cotoneaster simonsii"	
2879	Craspedia	
260	Crassulaceae	
24498	Cremnothamnus	
1322	Crocosmia	
70833	"Ctenopteris heterophylla"	
5000	Cucumis	
254	Cucurbitaceae	
48734	CULTIVATED	
293	Cunoniaceae	
47636	Curcurbitaceae	
9726	Cuscuta	
19053	"Cuscuta epithymum"	
19055	"Cuscuta suaveolens"	
19054	"Cuscuta tasmanica"	
22726	Cyathea	
36298	"Cyathea australis"	
36300	"Cyathea cunninghamii"	
93922	"Cyathea marcescens"	
5388	Cyathodes	
13248	"Cyathodes glauca"	
13247	"Cyathodes platystoma"	
13246	"Cyathodes straminea"	
94255	Cymbolaena	
420	Cymodoceaceae	
3122	Cynodon	
3158	Cynosurus	
13733	"Cynosurus cristatus"	
13732	"Cynosurus echinatus"	
432	Cyperaceae	
5940	Cyperus	
20770	"Cyperus congestus"	
20783	"Cyperus eragrostis"	
37139	"Cyperus gunnii"	
20771	"Cyperus lucidus"	
20789	"Cyperus sanguinolentus"	
48469	"Cyperus tenellus"	
5073	Cyphanthera	
95060	"Cystopteris (C. tasmanica)"	
22755	"Cystopteris tasmanica"	
62301	"D. arcturi"	
62304	"D. auriculata"	
62297	"D. binata"	
62300	"D. glanduligera"	
62307	"D. gunniana"	
62306	"D. hookeri"	
62303	"D. macrantha"	
62302	"D. murfetii"	
62305	"D. peltata"	
62298	"D. pygmaea"	
62299	"D. spatulata"	
3167	Dactylis	
896	Dampiera	
3183	Danthonia	
48481	"Danthonia caespitosa"	
48471	"Danthonia carphoides var. angustior"	
26686	"Danthonia decumbens"	
48483	"Danthonia diemenica"	
48477	"Danthonia dimidiata"	
48479	"Danthonia fortunae-hibernae"	
48470	"Danthonia geniculata"	
48474	"Danthonia gracilis"	
48475	"Danthonia laevis"	
48490	"Danthonia nitens"	
48489	"Danthonia nivicola"	
48484	"Danthonia nudiflora"	
62058	"Danthonia pauciflora"	
48488	"Danthonia penicillata"	
48486	"Danthonia pilosa"	
48472	"Danthonia popinensis"	
48480	"Danthonia procera"	
48487	"Danthonia racemosa"	
48485	"Danthonia remota"	
48473	"Danthonia semiannularis"	
48476	"Danthonia setacea"	
48482	"Danthonia tenuior"	
5074	Datura	
11210	"Datura ferox"	
11209	"Datura stramonium"	
2876	Decazesia	
19281	"Delairea odorata"	
94245	Denekia	
3176	Deschampsia	
13745	"Deschampsia cespitosa"	
13746	"Deschampsia gracillima"	
47307	Deshampsia	
3226	Deyeuxia	
13754	"Deyeuxia apsleyensis"	
41288	"Deyeuxia benthamiana"	
48491	"Deyeuxia brachyanthera"	
13761	"Deyeuxia carinata"	
48492	"Deyeuxia contracata"	
13770	"Deyeuxia contracta"	
13773	"Deyeuxia decipiens"	
13752	"Deyeuxia densa"	
13772	"Deyeuxia frigida"	
13778	"Deyeuxia gunniana"	
13750	"Deyeuxia innominata"	
13757	"Deyeuxia lawrencei"	
13762	"Deyeuxia minor"	
13759	"Deyeuxia monticola"	
13755	"Deyeuxia quadriseta"	
13764	"Deyeuxia rodwayi"	
13776	"Deyeuxia scaberula"	
1375	Dianella	
8532	"Dianella longifolia"	
8527	"Dianella revoluta"	
21103	"Dianella revoluta var. brevicaulis"	
41300	"Dianella revoluta var. revoluta"	
8536	"Dianella tasmanica"	
47302	Dicanthium	
3225	Dichelachne	
48493	"Dichelachne crinata"	
13799	"Dichelachne inaequiglumis"	
13794	"Dichelachne micrantha"	
13797	"Dichelachne rara"	
5046	Dichondra	
1400	Dichopogon	
95048	"Dicksonia (D. antarctica)"	
22743	"Dicksonia antarctica"	
20365	Dicotyledons	
24515	Dielitzia	
3294	Digitaria	
13826	"Digitaria ciliaris"	
13830	"Digitaria sanguinalis"	
13815	"Digitaria ternata"	
267	Dilleniaceae	
1307	Diplarrena	
8311	"Diplarrena latifolia"	
8310	"Diplarrena moraea"	
95055	"Diplazium (D. australe)"	
28299	"Diplazium australe"	
382	Dipsacaceae	
5971	Dipsacus	
94161	Disparago	
4985	Disphyma	
3085	Distichlis	
2873	Dithyrostegia	
847	Dodonaea	
1491	"Dodonaea filiformis"	
1474	"Dodonaea viscosa"	
94258	Dolichothrix	
62251	Donatiaceae	
19576	Doodia	
20555	"Doodia caudata"	
54699	"Doodia media"	
5375	Dracophyllum	
19174	"Dracophyllum milliganii"	
19175	"Dracophyllum minimum"	
4983	Drosanthemum	
5183	Drosera	
283	Droseraceae	
1374	Drymophila	
3156	Dryopoa	
4948	Dysphania	
10147	"Dysphania glomulifera"	
19041	"Dysphania pumilio"	
5003	Ecballium	
3312	Echinochloa	
13886	"Echinochloa crus-galli"	
13875	"Echinochloa esculenta"	
13874	"Echinochloa frumentacea"	
3224	Echinopogon	
50875	Edmondia	
5991	Egeria	
3199	Ehrharta	
48499	"Ehrharta acuminata"	
13915	"Ehrharta calycina"	
48498	"Ehrharta distichophylla"	
13911	"Ehrharta erecta"	
48497	"Ehrharta juncea"	
13912	"Ehrharta longiflora"	
48502	"Ehrharta oreophylla var. minor"	
48501	"Ehrharta oreophylla var. oreophylla"	
48494	"Ehrharta stipoides"	
48495	"Ehrharta tasmanica"	
48496	"Ehrharta tasmanica var. subalpina"	
48500	"Ehrharta tasmanica var. subaplina"	
279	Elaeocarpaceae	
5974	Elaeocarpus	
295	Elatinaceae	
5931	Eleocharis	
20830	"Eleocharis acuta"	
20828	"Eleocharis gracilis"	
20826	"Eleocharis pusilla"	
20823	"Eleocharis sphacelata"	
5990	Elodea	
3108	Elymus	
94904	"Elymus campestris subsp. campestris"	
94911	"Elymus campestris subsp. campestris × Elymus repens"	
59766	"Elymus caninus"	
48504	"Elymus elongatus"	
48503	"Elymus farctus ssp. boreali-atlanticus"	
94897	"Elymus panormitanus"	
32108	"Elymus repens"	
21012	"Elymus scaber"	
94909	"Elytrigia aenaeana"	
94910	"Elytrigia laxula"	
94163	Elytropappus	
5449	Emex	
9843	Empodisma	
22764	"Empodisma minus"	
62255	Epacricaceae	
52547	Epacridaceae	
47642	Epacridoideae	
5395	Epacris	
19207	"Epacris acuminata"	
19190	"Epacris apsleyensis"	
19206	"Epacris barbata"	
19205	"Epacris cerasicollina"	
19197	"Epacris corymbiflora"	
19195	"Epacris curtisiae"	
19212	"Epacris exserta"	
19200	"Epacris franklinii"	
19214	"Epacris glabella"	
19203	"Epacris grandis"	
19210	"Epacris graniticola"	
19187	"Epacris gunnii"	
19191	"Epacris heteronema"	
19268	"Epacris heteronema var. gigantea"	
19267	"Epacris heteronema var. heteronema"	
19192	"Epacris impressa"	
19193	"Epacris lanuginosa"	
19202	"Epacris limbata"	
19201	"Epacris marginata"	
19211	"Epacris moscaliana"	
19199	"Epacris mucronulata"	
19204	"Epacris myrtifolia"	
19188	"Epacris navicularis"	
19198	"Epacris obtusifolia"	
19194	"Epacris paludosa"	
19189	"Epacris petrophila"	
19196	"Epacris serpyllifolia"	
19209	"Epacris stuartii"	
19208	"Epacris tasmanica"	
19213	"Epacris virgata"	
21956	"Epilobium billardierianum subsp. billardierianum"	
21957	"Epilobium billardierianum subsp. cinereum"	
21959	"Epilobium billardierianum subsp. intermedium"	
73536	"Epilobium brunnescens subsp. aff. beaugleholei"	
73537	"Epilobium brunnescens subsp. brunnescens"	
8963	"Epilobium ciliatum"	
8968	"Epilobium curtisiae"	
8970	"Epilobium fugitivum"	
8959	"Epilobium gunnianum"	
8960	"Epilobium hirtigerum"	
73535	"Epilobium New"	
8964	"Epilobium obscurum"	
8966	"Epilobium pallidiflorum"	
8973	"Epilobium perpusillum"	
8961	"Epilobium rotundifolium"	
8962	"Epilobium sarmentaceum"	
8971	"Epilobium tasmanicum"	
8969	"Epilobium willisii"	
2892	Epitriche	
95066	"Equisetum (E. hymale)"	
3154	Eragrostis	
13949	"Eragrostis cilianensis"	
14022	"Eragrostis curvula"	
42964	"Eragrostis molybdea"	
14020	"Eragrostis tenuifolia"	
19162	Erica	
19165	"Erica arborea"	
19163	"Erica baccans"	
19167	"Erica caffra"	
19164	"Erica holosericea"	
19168	"Erica lusitanica"	
19166	"Erica scoparia"	
379	Ericaceae	
47644	Ericoideae	
2880	Eriochlamys	
5314	Erodium	
16542	"Erodium botrys"	
16537	"Erodium cicutarium"	
16538	"Erodium malacoides"	
16536	"Erodium moschatum"	
15879	Erymophyllum	
47304	Erythranthera	
19071	Escallonia	
19070	Escalloniaceae	
18717	Eschscholtzia	
5572	Eucalyptus	
19113	"Eucalyptus amygdalina"	
19097	"Eucalyptus archeri"	
19104	"Eucalyptus barberi"	
19102	"Eucalyptus brookeriana"	
19117	"Eucalyptus coccifera"	
19114	"Eucalyptus cordata"	
19123	"Eucalyptus cordata subsp. cordata"	
19124	"Eucalyptus cordata subsp. quadrangulosa"	
19099	"Eucalyptus dalrympleana"	
19112	"Eucalyptus delegatensis"	
14995	"Eucalyptus globulus"	
19129	"Eucalyptus globulus subsp. globulus"	
19130	"Eucalyptus globulus subsp. pseudoglobulus"	
19119	"Eucalyptus gunnii"	
19126	"Eucalyptus gunnii subsp. divaricata"	
19125	"Eucalyptus gunnii subsp. gunnii"	
19096	"Eucalyptus johnstonii"	
19120	"Eucalyptus morrisbyi"	
19122	"Eucalyptus nebulosa"	
19103	"Eucalyptus nitens"	
19108	"Eucalyptus nitida"	
19105	"Eucalyptus obliqua"	
19101	"Eucalyptus ovata"	
19111	"Eucalyptus pauciflora"	
19116	"Eucalyptus perriniana"	
19109	"Eucalyptus pulchella"	
19107	"Eucalyptus radiata"	
19106	"Eucalyptus regnans"	
19115	"Eucalyptus risdonii"	
19100	"Eucalyptus rodwayi"	
19118	"Eucalyptus rubida"	
19110	"Eucalyptus sieberi"	
19098	"Eucalyptus subcrenulata"	
19121	"Eucalyptus tenuiramis"	
19095	"Eucalyptus urnigera"	
19094	"Eucalyptus vernicosa"	
14998	"Eucalyptus viminalis"	
19128	"Eucalyptus viminalis subsp. Hentyensis"	
19127	"Eucalyptus viminalis subsp. viminalis"	
22693	Euchiton	
9703	Eucryphia	
18816	"Eucryphia lucida"	
18817	"Eucryphia milliganii"	
18820	"Eucryphia milliganii subsp. milliganii"	
18821	"Eucryphia milliganii subsp. pubescens"	
62250	Eucryphiaceae	
244	Euphorbiaceae	
36479	"Eurychorda complanata"	
5608	Euryomyrtus	
19083	"Euryomyrtus parviflora"	
18181	"Euryomyrtus ramosissima"	
94254	Evacidium	
2944	Ewartia	
94261	Ewartiothamnus	
1430	Exocarpos	
9302	"Exocarpos cupressiformis"	
9300	"Exocarpos humifusus"	
9299	"Exocarpos nanus"	
9304	"Exocarpos strictus"	
9306	"Exocarpos syrticola"	
310	Fabaceae	
2940	Facelis	
403	Fagaceae	
5443	Fallopia	
16497	"Fallopia convolvulus"	
16500	"Fallopia japonica"	
24513	Feldstonia	
3168	Festuca	
14103	"Festuca arundinacea"	
14098	"Festuca nigrescens"	
14100	"Festuca plebeia"	
14096	"Festuca rubra"	
23080	Filago	
24512	Fitzwillia	
6192	Forstera	
297	Frankeniaceae	
5365	Fraxinus	
1313	Freesia	
48729	"FULLY NATURALISED"	
5723	Fumaria	
8033	"Fumaria bastardii"	
8037	"Fumaria densiflora"	
8034	"Fumaria muralis"	
8032	"Fumaria officinalis"	
407	Fumariaceae	
5950	Gahnia	
20752	"Gahnia filum"	
20747	"Gahnia grandis"	
20749	"Gahnia microstachya"	
20755	"Gahnia radula"	
48505	"Gahnia rodwayi"	
20753	"Gahnia sieberiana"	
20751	"Gahnia trifida"	
5892	Gaimardia	
48506	"Gaimardia amblyphylla"	
48507	"Gaimardia fitzgeraldii"	
48508	"Gaimardia setacea"	
4988	Galenia	
94262	Galeomma	
22692	Gamochaeta	
94216	Gamochaetopsis	
3219	Gastridium	
3138	Gaudinia	
5981	Gaultheria	
19171	"Gaultheria depressa"	
19169	"Gaultheria hispida"	
19172	"Gaultheria lanceolata"	
19170	"Gaultheria tasmanica"	
62257	Genianaceae	
12481	Genista	
17582	"Genista linifolia"	
17583	"Genista monspessulana"	
17584	"Genista stenopetala"	
356	Gentianaceae	
326	Geraniaceae	
5313	Geranium	
19142	"Geranium brevicaule"	
19141	"Geranium dissectum"	
19138	"Geranium homeanum"	
19139	"Geranium molle"	
19143	"Geranium potentilloides"	
19144	"Geranium retrorsum"	
19140	"Geranium rotundifolium"	
19145	"Geranium solanderi"	
19137	"Geranium yeoi"	
48413	Ghania	
24511	Gilberta	
2950	Gilruthia	
1325	Gladiolus	
48509	"Gladiolus communis ssp. byzantinus"	
8342	"Gladiolus tristis"	
8346	"Gladiolus undulatus"	
5284	Glaucium	
19642	Gleichenia	
19574	"Gleichenia abscida"	
70213	"Gleichenia alpina"	
20502	"Gleichenia dicarpa"	
20503	"Gleichenia microphylla"	
3164	Glyceria	
14112	"Glyceria australis"	
14114	"Glyceria declinata"	
14111	"Glyceria fluitans"	
14113	"Glyceria maxima"	
14115	"Glyceria plicata"	
94167	Gnaphaliothamnus	
2882	Gnaphalium	
2891	Gnephosis	
94250	Gnomophalium	
901	Goodenia	
4665	"Goodenia elongata"	
4605	"Goodenia geniculata"	
4616	"Goodenia humilis"	
4607	"Goodenia lanata"	
4575	"Goodenia ovata"	
4653	"Goodenia pinnatifida"	
373	Goodeniaceae	
19645	Grammitis	
20513	"Grammitis billardierei"	
70821	"Grammitis magellanica"	
20512	"Grammitis poeppigiana"	
70827	"Grammitis pseudociliata"	
93923	"Grammitis sp. A"	
93924	"Grammitis sp. B"	
24518	Gratwickia	
507	Grevillea	
1875	"Grevillea australis"	
1709	"Grevillea rosmarinifolia"	
5948	Gymnoschoenus	
349	Gyrostemonaceae	
23087	Haeckeria	
23071	Haegiela	
454	Haemodoraceae	
3097	Hainardia	
508	Hakea	
1641	"Hakea decurrens"	
19076	"Hakea decurrens subsp. physocarpa"	
19077	"Hakea decurrens subsp. platytaenia"	
1632	"Hakea epiglottis"	
19078	"Hakea epiglottis subsp. epiglottis"	
19079	"Hakea epiglottis subsp. milliganii"	
1623	"Hakea laurina"	
1635	"Hakea lissosperma"	
1633	"Hakea megadenia"	
1604	"Hakea microcarpa"	
1613	"Hakea nodosa"	
1574	"Hakea salicifolia"	
1552	"Hakea teretifolia"	
1669	"Hakea ulicina"	
5325	Halophila	
256	Haloragaceae	
24267	Haptotrichion	
94230	Helichrysopis	
2860	Helichrysum	
3244	Hemarthria	
6228	Hemichroa	
1399	Herpolirion	
24952	Hesperevax	
5311	Heterozostera	
5338	Hibbertia	
19004	"Hibbertia acicularis"	
19009	"Hibbertia appressa"	
19001	"Hibbertia basaltica"	
19006	"Hibbertia calycina"	
19010	"Hibbertia empetrifolia"	
19003	"Hibbertia hirsuta"	
19008	"Hibbertia hirticalyx"	
19015	"Hibbertia obtusifolia"	
19013	"Hibbertia procumbens"	
19011	"Hibbertia prostrata"	
19007	"Hibbertia riparia"	
19002	"Hibbertia rufa"	
19005	"Hibbertia sericea"	
19012	"Hibbertia serpyllifolia"	
19014	"Hibbertia virgata"	
3200	Hierochloe	
14127	"Hierochloe fraseri"	
14124	"Hierochloe rariflora"	
14125	"Hierochloe redolens"	
95051	"Histiopteris (H. incisa)"	
22751	"Histiopteris incisa"	
3192	Holcus	
14129	"Holcus lanatus"	
14128	"Holcus mollis"	
48415	Homeria	
3101	Hordeum	
14134	"Hordeum distichon"	
14138	"Hordeum marinum"	
48513	"Hordeum marinum ssp. gussonianum"	
48512	"Hordeum murinum ssp. glaucum"	
48511	"Hordeum murinum ssp. leporinum"	
48510	"Hordeum murinum ssp. murinum"	
14135	"Hordeum vulgare"	
94201	Humeocline	
19659	Huperzia	
95039	"Huperzia (H. australiana)"	
20455	"Huperzia australiana"	
20456	"Huperzia varia"	
2885	Hyalochlamys	
15885	Hyalosperma	
48414	Hydatella	
435	Hydatellaceae	
422	Hydrocharitaceae	
94157	Hydroidea	
62256	Hydrophylaceae	
19650	Hymenophyllum	
95045	"Hymenophyllum (H. applanatum)"	
20476	"Hymenophyllum australe"	
20474	"Hymenophyllum cupressiforme"	
20477	"Hymenophyllum flabellatum"	
42648	"Hymenophyllum marginatum"	
20475	"Hymenophyllum peltatum"	
20478	"Hymenophyllum rarum"	
5075	Hyoscyamus	
9845	Hypolaena	
22766	"Hypolaena fastigiata"	
19588	Hypolepis	
20527	"Hypolepis amaurorachis"	
55555	"Hypolepis distans"	
20525	"Hypolepis glandulifera"	
20524	"Hypolepis muelleri"	
20526	"Hypolepis rugosula"	
1359	Hypoxis	
8516	"Hypoxis glabella"	
8515	"Hypoxis hygrometrica"	
8517	"Hypoxis vaginata"	
21098	"Hypoxis vaginata var. brevistigmata"	
21097	"Hypoxis vaginata var. vaginata"	
94248	Ifloga	
3230	Imperata	
5063	Ipomoea	
465	Iridaceae	
1298	Iris	
8293	"Iris foetidissima"	
8291	"Iris germanica"	
20457	Isoetes	
20458	"Isoetes drummondii"	
71029	"Isoetes elatior"	
71020	"Isoetes gunnii"	
71018	"Isoetes humilior"	
20459	"Isoetes muelleri"	
93925	"Isoetes sp. A"	
5938	Isolepis	
20804	"Isolepis alpina"	
20810	"Isolepis aucklandica"	
48517	"Isolepis cerna"	
20794	"Isolepis crassiuscula"	
20796	"Isolepis fluitans"	
20811	"Isolepis habra"	
20801	"Isolepis hookeriana"	
20797	"Isolepis inundata"	
48515	"Isolepis limbata"	
20812	"Isolepis marginata"	
20807	"Isolepis montivaga"	
48514	"Isolepis nodosus"	
20806	"Isolepis platycarpa"	
20795	"Isolepis producta"	
20802	"Isolepis setacea"	
20817	"Isolepis stellata"	
20809	"Isolepis subtilissima"	
48516	"Isolepis tasmanica"	
20800	"Isolepis wakefieldiana"	
44313	Isophysis	
524	Isopogon	
1318	Ixia	
8333	"Ixia flexuosa"	
8331	"Ixia maculata"	
8332	"Ixia polystachya"	
2922	Ixiolaena	
2893	Ixodia	
94153	Jalcophila	
441	Juncaceae	
447	Juncaginaceae	
5304	Juncus	
20655	"Juncus acuminatus"	
42353	"Juncus acutiflorus"	
20641	"Juncus amabilis"	
20668	"Juncus antarcticus"	
20659	"Juncus articulatus"	
48520	"Juncus astreptus"	
20645	"Juncus australis"	
20631	"Juncus bassianus"	
20646	"Juncus bufonius"	
20653	"Juncus bulbosus"	
20669	"Juncus caespiticius"	
20666	"Juncus capitatus"	
48519	"Juncus conglomerataus"	
48522	"Juncus curtisiae"	
20630	"Juncus effusus"	
20667	"Juncus falcatus"	
20621	"Juncus filicaulis"	
20663	"Juncus fockei"	
20644	"Juncus gregiflorus"	
20662	"Juncus holoschoenus"	
48524	"Juncus indescriptus"	
20664	"Juncus kraussii"	
20657	"Juncus microcephalus"	
20627	"Juncus pallidus"	
20628	"Juncus pauciflorus"	
20670	"Juncus planifolius"	
20654	"Juncus prismatocarpus"	
20635	"Juncus procerus"	
48521	"Juncus ratkowskyanus"	
20651	"Juncus revolutus"	
20660	"Juncus sandwithii"	
20640	"Juncus sarophorus"	
48523	"Juncus squarrosus"	
20637	"Juncus subsecundus"	
20647	"Juncus tenuis"	
20623	"Juncus vaginatus"	
4766	Kelleria	
48430	"Key to Genera of Zosteraceae"	
3179	Koeleria	
5586	Kunzea	
19092	"Kunzea ambigua"	
19093	"Kunzea ericoides"	
94156	Lachnospermum	
5989	Lagarosiphon	
3220	Lagurus	
348	Lamiaceae	
4984	Lampranthus	
94170	Langebergia	
94249	Lasiopogon	
19638	Lastreopsis	
20548	"Lastreopsis acuminata"	
20547	"Lastreopsis hispida"	
402	Lauraceae	
15895	Lawrencella	
1397	Laxmannia	
18954	Leionema	
18990	"Leionema bilobum"	
18989	"Leionema montanum"	
18991	"Leionema oldfieldii"	
5997	Lemna	
11447	"Lemna disperma"	
11449	"Lemna trisulca"	
425	Lemnaceae	
23078	Lemooria	
367	Lentibulariaceae	
50877	Leontopodium	
4747	Lepidium	
10636	"Lepidium africanum"	
10624	"Lepidium bonariense"	
21657	"Lepidium campestre"	
29226	"Lepidium coronopus"	
10630	"Lepidium desvauxii"	
29227	"Lepidium didymum"	
29223	"Lepidium draba"	
10635	"Lepidium flexicaule"	
10600	"Lepidium foliosum"	
10629	"Lepidium hyssopifolium"	
10598	"Lepidium latifolium"	
10632	"Lepidium pseudotasmanicum"	
10605	"Lepidium sativum"	
5952	Lepidosperma	
20733	"Lepidosperma concavum"	
20730	"Lepidosperma curtisiae"	
20728	"Lepidosperma elatius"	
48526	"Lepidosperma ensiforme"	
20719	"Lepidosperma filiforme"	
20718	"Lepidosperma forsythii"	
20732	"Lepidosperma gladiatum"	
48527	"Lepidosperma globosum"	
20731	"Lepidosperma gunnii"	
48525	"Lepidosperma inops"	
20727	"Lepidosperma laterale"	
20725	"Lepidosperma longitudinale"	
48987	"Lepidosperma monticola"	
20721	"Lepidosperma neesii"	
48988	"Lepidosperma oldfieldii"	
20729	"Lepidosperma tortuosum"	
20726	"Lepidosperma viscidum"	
94210	Lepidostephium	
6226	Lepilaena	
11318	"Lepilaena australis"	
11317	"Lepilaena bilocularis"	
11319	"Lepilaena cylindrocarpa"	
11322	"Lepilaena marina"	
11320	"Lepilaena patentifolia"	
11321	"Lepilaena preissii"	
19240	Leptecophylla	
19241	"Leptecophylla abietina"	
19242	"Leptecophylla divaricata"	
19244	"Leptecophylla juniperina"	
19266	"Leptecophylla juniperina subsp. juniperina"	
19264	"Leptecophylla juniperina subsp. oxycedrus"	
19265	"Leptecophylla juniperina subsp. parvifolia"	
19243	"Leptecophylla pendulosa"	
19245	"Leptecophylla pogonocalyx"	
9846	Leptocarpus	
20620	"Leptocarpus tenax"	
1436	Leptomeria	
9329	"Leptomeria drupacea"	
9328	"Leptomeria glomerata"	
2943	Leptorhynchos	
5592	Leptospermum	
16350	"Leptospermum glaucescens"	
16371	"Leptospermum grandiflorum"	
16352	"Leptospermum laevigatum"	
16386	"Leptospermum lanigerum"	
16384	"Leptospermum nitidum"	
16383	"Leptospermum riparium"	
16370	"Leptospermum rupestre"	
16373	"Leptospermum scoparium"	
94242	Leptotriche	
9834	Lepyrodia	
20614	"Lepyrodia muelleri"	
48529	"Lepyrodia tasmanica"	
15903	Leucochrysum	
50878	Leucogenes	
23082	Leucophyta	
5392	Leucopogon	
43100	"Leucopogon affinis"	
19234	"Leucopogon australis"	
19236	"Leucopogon collinus"	
19237	"Leucopogon ericoides"	
19231	"Leucopogon esquamatus"	
19230	"Leucopogon fraseri"	
19238	"Leucopogon oreophilus"	
19233	"Leucopogon parviflorus"	
19239	"Leucopogon pilifer"	
19235	"Leucopogon virgatus"	
19272	"Leucopogon virgatus var. brevifolius"	
19271	"Leucopogon virgatus var. virgatus"	
5306	Levenhookia	
94179	Leysera	
1310	Libertia	
8316	"Libertia pulchella"	
48561	"Libertia pulchella var. pulchella"	
48562	"Libertia pulchella var. pygmaea"	
5368	Ligustrum	
442	Liliaceae	
6037	Limonium	
19152	"Limonium australe"	
19154	"Limonium australe var. australe"	
19155	"Limonium australe var. baudinii"	
19153	"Limonium sinuatum"	
329	Linaceae	
20528	Lindsaea	
20529	"Lindsaea linearis"	
20531	"Lindsaea trichomanoides"	
18825	"Linum bienne"	
18822	"Linum catharticum"	
18826	"Linum marginale"	
18823	"Linum trigynum"	
18824	"Linum usitatissimum"	
17905	Liparophyllum	
5387	Lissanthe	
40892	Lobeliaceae	
48731	"LOCALLY NATURALISED"	
62258	Loganaceae	
2900	Logfia	
3134	Lolium	
14214	"Lolium loliaceum"	
14210	"Lolium multiflorum"	
14211	"Lolium perenne"	
14215	"Lolium rigidum"	
14212	"Lolium temulentum f. arvense"	
1544	Lomandra	
9061	"Lomandra longifolia"	
9037	"Lomandra nana"	
509	Lomatia	
17791	"Lomatia fraseri"	
17790	"Lomatia polymorpha"	
17797	"Lomatia tasmanica"	
17795	"Lomatia tinctoria"	
5891	Lonicera	
23049	"Lonicera japonica"	
42963	"Lonicera periclymenum"	
94171	Loricaria	
94205	Lucilia	
94207	Luciliocline	
5305	Luzula	
20676	"Luzula acutifolia"	
20675	"Luzula atrata"	
41685	"Luzula australasica"	
60783	"Luzula campestris"	
60786	"Luzula congesta"	
41683	"Luzula densiflora"	
40893	"Luzula flaccida"	
20671	"Luzula meridionalis"	
20673	"Luzula modesta"	
60785	"Luzula multiflora"	
60784	"Luzula novaecambriae"	
60787	"Luzula poimena"	
5069	Lycium	
11076	"Lycium barbarum"	
11075	"Lycium ferocissimum"	
19661	Lycopodiella	
68841	"Lycopodiella diffusa"	
20453	"Lycopodiella lateralis"	
20454	"Lycopodiella serpentina"	
19660	Lycopodium	
20451	"Lycopodium deuterodensum"	
20452	"Lycopodium fastigiatum"	
20450	"Lycopodium scariosum"	
282	Lythraceae	
5113	Lythrum	
8777	"Lythrum hyssopifolia"	
8775	"Lythrum salicaria"	
94185	Macowania	
5710	Mahonia	
248	Malvaceae	
95042	"Marsilea (M. mutica)"	
20498	"Marsilea mutica"	
5584	Melaleuca	
19088	"Melaleuca armillaris"	
19090	"Melaleuca ericifolia"	
19084	"Melaleuca gibbosa"	
19086	"Melaleuca pallida"	
19091	"Melaleuca pustulata"	
19089	"Melaleuca squamea"	
19085	"Melaleuca squarrosa"	
19087	"Melaleuca virens"	
18827	Melicytus	
377	Menyanthaceae	
4976	Mesembryanthemum	
19051	"Mesembryanthemum cordifolium"	
9611	"Mesembryanthemum crystallinum"	
94164	Metalasia	
94214	Mexerion	
94252	Micropsis	
24954	Micropus	
95065	"Microsorum (M. pustulatum subsp. pustulatum)"	
1358	Milligania	
8507	"Milligania densiflora"	
8505	"Milligania johnstonii"	
8508	"Milligania lindoniana"	
8506	"Milligania longifolia"	
8509	"Milligania stylosa"	
2902	Millotia	
52563	Mimosaceae	
94150	Mniodes	
347	Monimiaceae	
20364	Monocotyledons	
5390	Monotoca	
19215	"Monotoca elliptica"	
19217	"Monotoca empetrifolia"	
19219	"Monotoca glauca"	
19218	"Monotoca linifolia"	
19263	"Monotoca linifolia subsp. algida"	
19262	"Monotoca linifolia subsp. linifolia"	
19220	"Monotoca scoparia"	
19216	"Monotoca submutica"	
19270	"Monotoca submutica var. autumnalis"	
19269	"Monotoca submutica var. submutica"	
6047	Montia	
18221	"Montia australasica"	
18222	"Montia fontana"	
19050	"Montia fontana subsp. chrondosperma"	
19049	"Montia fontana subsp. fontana"	
19275	Montitega	
5444	Muehlenbeckia	
19027	"Muehlenbeckia adpressa"	
19026	"Muehlenbeckia axillaris"	
19028	"Muehlenbeckia gunnii"	
365	Myoporaceae	
5293	Myosurus	
2877	Myriocephalus	
232	Myrtaceae	
1346	Narcissus	
3133	Nardus	
3210	Nassella	
26968	Nasturtium	
36735	"Nasturtium microphyllum"	
29246	"Nasturtium officinale"	
48710	NATIVE	
48711	"NATIVE AND CULTIVATED"	
48714	"NATIVE AND CULTIVATED AND FULLY NATURALISED"	
48716	"NATIVE AND CULTIVATED AND LOCALLY NATURALISED"	
48715	"NATIVE AND CULTIVATED AND PREVIOUSLY LOCALLY NATURALISED"	
48713	"NATIVE AND CULTIVATED AND PREVIOUSLY NATURALISED"	
48718	"NATIVE AND CULTIVATED AND PREVIOUSLY SPARINGLY NATURALISED"	
48719	"NATIVE AND CULTIVATED AND SPARINGLY NATURALISED"	
48712	"NATIVE AND CULTIVATED AND TRANSIENT"	
48722	"NATIVE AND FULLY NATURALISED"	
48724	"NATIVE AND LOCALLY NATURALISED"	
48723	"NATIVE AND PREVIOUSLY LOCALLY NATURALISED"	
48721	"NATIVE AND PREVIOUSLY NATURALISED"	
48725	"NATIVE AND PREVIOUSLY SPARINGLY NATURALISED"	
48726	"NATIVE AND SPARINGLY NATURALISED"	
48720	"NATIVE AND TRANSIENT"	
6041	Navarretia	
6131	Nematolepis	
18992	"Nematolepis squamea"	
18994	"Nematolepis squamea subsp. retusa"	
18993	"Nematolepis squamea subsp. squamea"	
2908	Neotysonia	
94243	Nestlera	
5077	Nicotiana	
48707	"NO STATUS"	
5369	Notelaea	
8027	Nothofagus	
8029	"Nothofagus cunninghamii"	
8030	"Nothofagus gunnii"	
1387	Nothoscordum	
32628	Notogrammitis	
95057	"Notogrammitis (N. heterophylla)"	
5341	Nymphoides	
19069	"Nymphoides crenata"	
19067	"Nymphoides exigua"	
19068	"Nymphoides montana"	
24500	Odixia	
94177	Oedera	
5367	Olea	
292	Oleaceae	
22723	"Olearia phlogopappa"	
59422	"Olearia phlogopappa subsp. angustifolia"	
59426	"Olearia phlogopappa subsp. gunniana"	
47135	"Olearia phlogopappa subsp. insularis"	
59425	"Olearia phlogopappa subsp. phlogopappa"	
47131	"Olearia phlogopappa subsp. salicina"	
59424	"Olearia phlogopappa subsp. subrepanda"	
302	Onagraceae	
95062	"Ophioglossum (O. lusitanicum subsp. coriaceum)"	
20468	"Ophioglossum lusitanicum"	
458	Orchidaceae	
5955	Oreobolus	
48530	"Oreobolus acutifolius"	
20759	"Oreobolus distichus"	
48531	"Oreobolus oligocephalus"	
20761	"Oreobolus oxycarpus"	
95572	"Oreobolus oxycarpus ssp. brownii"	
20760	"Oreobolus pumilio"	
95571	"Oreobolus pumilio ssp. pumilio"	
95573	"Oreobolus tholicarpus"	
94222	Oreoleysera	
518	Orites	
9093	"Orites acicularis"	
9096	"Orites diversifolius"	
9094	"Orites milliganii"	
9095	"Orites revolutus"	
366	Orobanchaceae	
337	Oxalidaceae	
6272	Oxalis	
18793	"Oxalis articulata"	
18801	"Oxalis corniculata"	
18798	"Oxalis exilis"	
18794	"Oxalis incarnata"	
18795	"Oxalis latifolia"	
18797	"Oxalis magellanica"	
18802	"Oxalis perennans"	
18792	"Oxalis pes-capre"	
18796	"Oxalis purpurea"	
18800	"Oxalis radicosa"	
18799	"Oxalis rubens"	
18791	"Oxalis vallicola"	
94182	Oxylaena	
22682	Ozothamnus	
3306	Panicum	
21056	"Panicum capillare"	
48563	"Panicum capillare var capillare"	
14286	"Panicum capillare var. capillare"	
41793	"Panicum capillare var. occidentale"	
14288	"Panicum hillmanii"	
14275	"Panicum miliaceum"	
14296	"Panicum schinzii"	
5282	Papaver	
8974	"Papaver aculeatum"	
8976	"Papaver argemone"	
8979	"Papaver dubium"	
8977	"Papaver hybridum"	
8978	"Papaver rhoeas"	
8975	"Papaver somniferum"	
341	Papaveraceae	
2939	Parantennaria	
3095	Parapholis	
14313	"Parapholis incurva"	
14312	"Parapholis strigosa"	
3324	"Paraserianthes lophantha"	
5213	Parietaria	
9510	"Parietaria cardiostegia"	
9509	"Parietaria debilis"	
9508	"Parietaria judaica"	
3308	Paspalum	
14352	"Paspalum dilatatum"	
14338	"Paspalum distichum"	
14353	"Paspalum urvillei"	
5178	Passiflora	
10510	"Passiflora cinnabarina"	
18952	"Passiflora tarminiana"	
874	Patersonia	
1330	"Patersonia fragilis"	
1338	"Patersonia occidentalis"	
5312	Pelargonium	
19134	"Pelargonium australe"	
19132	"Pelargonium capitatum"	
19135	"Pelargonium inodorum"	
19136	"Pelargonium littorale"	
19131	"Pelargonium Xasperum"	
19133	"Pelargonium Xdomesticum"	
19616	Pellaea	
23926	"Pellaea calidirupium"	
22738	"Pellaea falcata"	
3284	Pennisetum	
21064	"Pennisetum clandestinum"	
21065	"Pennisetum macrourum"	
21068	"Pennisetum villosum"	
5385	Pentachondra	
19248	"Pentachondra ericifolia"	
19246	"Pentachondra involucrata"	
19247	"Pentachondra pumila"	
3212	Pentapogon	
94183	Pentatrichia	
5448	Persicaria	
19072	"Persicaria capitata"	
19025	"Persicaria decipiens"	
19022	"Persicaria hydropiper"	
19023	"Persicaria lapathifolia"	
19021	"Persicaria maculosa"	
19018	"Persicaria praetermissa"	
19019	"Persicaria prostrata"	
19024	"Persicaria subsessilis"	
494	Persoonia	
810	"Persoonia gunnii"	
669	"Persoonia juniperina"	
809	"Persoonia moscalii"	
811	"Persoonia muelleri"	
19073	"Persoonia muelleri subsp. angustifolia"	
19075	"Persoonia muelleri subsp. densifolia"	
19074	"Persoonia muelleri subsp. muelleri"	
94169	Petalacte	
94154	Phaenocoma	
94219	Phagnalon	
3202	Phalaris	
48533	"Phalaris acquatica"	
20989	"Phalaris arundinacea"	
14367	"Phalaris canariensis"	
14370	"Phalaris minor"	
14364	"Phalaris paradoxa"	
6141	Phebalium	
6134	Philotheca	
18988	"Philotheca freyciana"	
18987	"Philotheca verrucosa"	
18986	"Philotheca virgata"	
94217	Philyrophyllum	
95040	"Phlegmariurus (P. varius)"	
3223	Phleum	
12384	Phragmites	
6194	Phyllachne	
95037	"Phylloglossum (P. drummondii)"	
22732	"Phylloglossum drummondii"	
93870	"Phymatosorus pustulatus"	
5085	Physalis	
95043	"Pilularia (P. novae-hollandiae)"	
22739	"Pilularia novae-hollandiae"	
902	Pimelea	
4797	"Pimelea axiflora"	
4776	"Pimelea cinerea"	
4813	"Pimelea curviflora"	
4800	"Pimelea drupacea"	
4824	"Pimelea filiformis"	
4785	"Pimelea flava"	
4848	"Pimelea glauca"	
4787	"Pimelea humilis"	
4802	"Pimelea ligustrina"	
4862	"Pimelea linifolia"	
4812	"Pimelea micrantha"	
4809	"Pimelea milliganii"	
4777	"Pimelea nivea"	
4818	"Pimelea pauciflora"	
4793	"Pimelea pygmaea"	
4778	"Pimelea sericea"	
4775	"Pimelea serpyllifolia"	
3209	Piptatherum	
2937	Pithocarpa	
313	Pittosporaceae	
94165	Planea	
15148	Planocarpa	
15149	"Planocarpa nitida"	
15150	"Planocarpa petiolaris"	
15151	"Planocarpa sulcata"	
48000	Plantae	
353	Plantaginaceae	
9725	Plantago	
22479	"Plantago antarctica"	
22464	"Plantago australis"	
47510	"Plantago bellidioides"	
22466	"Plantago coronopus"	
47503	"Plantago coronopus ssp. commutata"	
47502	"Plantago coronopus ssp. coronopus"	
22484	"Plantago coronopus subsp. commutata"	
22483	"Plantago coronopus subsp. coronopus"	
47508	"Plantago daltonii"	
22478	"Plantago debilis"	
22481	"Plantago gaudichaudii"	
47511	"Plantago glabrata"	
22471	"Plantago glacialis"	
47506	"Plantago gunnii"	
22482	"Plantago hispida"	
22468	"Plantago lanceolata"	
22467	"Plantago major"	
22472	"Plantago muelleri"	
47507	"Plantago paradoxa"	
47505	"Plantago tasmanica var. archeri"	
47504	"Plantago tasmanica var. tasmanica"	
47509	"Plantago triantha"	
22480	"Plantago varia"	
24956	Plecostachys	
58734	Pleuropappus	
95053	"Pleurosorus (P. rutifolius)"	
22752	"Pleurosorus rutifolius"	
332	Plumbaginaceae	
95056	"Pneumatopteris (P. pennigera)"	
22748	"Pneumatopteris pennigera"	
3170	Poa	
14386	"Poa annua"	
14388	"Poa bulbosa"	
14402	"Poa clelandii"	
14392	"Poa compressa"	
14417	"Poa costiniana"	
14414	"Poa fawcettiae"	
14416	"Poa gunnii"	
14412	"Poa halmaturina"	
14424	"Poa hiemata"	
14397	"Poa hookeri"	
14387	"Poa infirma"	
14420	"Poa jugicola"	
20977	"Poa labillardierei"	
20980	"Poa labillardierei var. acris"	
14431	"Poa mollis"	
20978	"Poa poiformis"	
14415	"Poa poiformis var. ramifer"	
14393	"Poa pratensis"	
14425	"Poa rodwayi"	
20976	"Poa saxicola"	
20981	"Poa sieberiana"	
14401	"Poa tenera"	
14396	"Poa trivialis"	
433	Poaceae	
2986	Podolepis	
17767	Podotheca	
2889	Pogonolepis	
375	Polemoniaceae	
23075	Polycalymma	
5350	Polygala	
12600	"Polygala myrtifolia"	
12602	"Polygala vulgaris"	
275	Polygalaceae	
397	Polygonaceae	
5447	Polygonum	
19017	"Polygonum arenastrum"	
19016	"Polygonum aviculare"	
95046	"Polyphlebium (P. venosum)"	
22734	"Polyphlebium venosum"	
3218	Polypogon	
21008	"Polypogon maritimus"	
14435	"Polypogon monspeliensis"	
14433	"Polypogon viridis"	
95058	"Polystichum (P. proliferum)"	
20545	"Polystichum proliferum"	
5176	Populus	
10551	"Populus alba"	
18838	"Populus nigra cv. Italica"	
18835	"Populus tremula"	
18836	"Populus Xcanescens"	
6042	Portulaca	
306	Portulacaceae	
421	Posidoniaceae	
9749	Potamogeton	
11299	"Potamogeton australiensis"	
11293	"Potamogeton crispus"	
11295	"Potamogeton ochreatus"	
20601	"Potamogeton pectinatus"	
11291	"Potamogeton perfoliatus"	
11300	"Potamogeton tricarinatus"	
446	Potamogetonaceae	
48730	"PREVIOUSLY LOCALLY NATURALISED"	
48728	"PREVIOUSLY NATURALISED"	
48732	"PREVIOUSLY SPARINGLY NATURALISED"	
376	Primulaceae	
5398	Prionotes	
319	Proteaceae	
5721	Pseudofumaria	
24957	Pseudognaphalium	
94228	"Pseudognaphalium or Helichrysum"	
24953	Psilocarphus	
5299	Psychrophila	
95064	"Pteridium (P. esculentum subs. esculentum)"	
22750	"Pteridium esculentum"	
47688	Pteridophyta	
19680	Pteris	
20496	"Pteris comans"	
20495	"Pteris tremula"	
24519	Pterochaeta	
94158	Pterothrix	
2954	Pterygopappus	
6233	Ptilotus	
47305	Puccinella	
48535	"Puccinella distans"	
48536	"Puccinella stricta var. perlaxa"	
48534	"Puccinella stricta var. stricta"	
3165	Puccinellia	
22667	Pycnosorus	
2894	Quinetia	
24510	Quinqueremulus	
94211	Rachelia	
268	Ranunculaceae	
5302	Ranunculus	
9263	"Ranunculus acaulis"	
9264	"Ranunculus acris"	
9252	"Ranunculus amphitrichus"	
9279	"Ranunculus arvensis"	
9262	"Ranunculus collicola"	
9258	"Ranunculus collinus"	
18731	"Ranunculus crassipes"	
9270	"Ranunculus decurvus"	
9260	"Ranunculus diminutus"	
9237	"Ranunculus flammula"	
9257	"Ranunculus glabrifolius"	
9242	"Ranunculus gunnianus"	
9273	"Ranunculus jugosus"	
9268	"Ranunculus lappaceus"	
9248	"Ranunculus muricatus"	
9269	"Ranunculus nanus"	
9247	"Ranunculus parviflorus"	
9276	"Ranunculus pascuinus"	
9271	"Ranunculus pimpinellifolius"	
9261	"Ranunculus prasinus"	
9283	"Ranunculus pumilio"	
9251	"Ranunculus repens"	
9250	"Ranunculus sardous"	
9246	"Ranunculus scapiger"	
9243	"Ranunculus sceleratus"	
9282	"Ranunculus sessiliflorus"	
9235	"Ranunculus setaceus"	
9249	"Ranunculus trilobus"	
9238	"Ranunculus triplodontus"	
50876	Raoulia	
94152	Raouliopsis	
94178	Relhania	
9711	Reseda	
10715	"Reseda alba"	
10716	"Reseda lutea"	
10714	"Reseda luteola"	
10717	"Reseda odorata"	
281	Resedaceae	
47689	Restio	
20617	"Restio australis"	
20618	"Restio complanatus"	
48538	"Restio hookeri"	
48539	"Restio monocephalus"	
20616	"Restio tetraphyllus"	
434	Restionaceae	
315	Rhamnaceae	
22697	Rhodanthe	
5980	Rhododendron	
94244	Rhynchopsidium	
5373	Richea	
14787	"Richea acerosa"	
14796	"Richea alpina"	
14795	"Richea dracophylla"	
14793	"Richea gunnii"	
14786	"Richea milliganii"	
14794	"Richea pandanifolia"	
19260	"Richea pandanifolia subsp. pandanifolia"	
19261	"Richea pandanifolia subsp. ramulosa"	
14788	"Richea procera"	
14791	"Richea scoparia"	
14789	"Richea sprengelioides"	
19173	"Richea Xcurtisiae"	
47690	Richeeae	
1301	Romulea	
259	Rosaceae	
94175	Rosenia	
47306	Rostraia	
346	Rubiaceae	
6048	Rubus	
24075	"Rubus anglocandicans"	
36909	"Rubus echinatus"	
36910	"Rubus erythrops"	
66583	"Rubus gunnianus"	
21780	"Rubus laciniatus"	
36911	"Rubus leucostachys"	
36912	"Rubus loganobaccus"	
21778	"Rubus parvifolius"	
40952	"Rubus philadelphicus"	
21783	"Rubus polyanthemus"	
66589	"Rubus rubritinctus"	
66586	"Rubus sp. Tasmania"	
21782	"Rubus vestitus"	
5451	Rumex	
19029	"Rumex bidens"	
19033	"Rumex brownii"	
19031	"Rumex conglomeratus"	
19032	"Rumex crispus"	
19030	"Rumex dumosus"	
19035	"Rumex obtusifolius"	
19034	"Rumex pulcher"	
95059	"Rumohra (R. adiantiformis)"	
22754	"Rumohra adiantiformis"	
9742	Ruppia	
11307	"Ruppia megacarpa"	
11306	"Ruppia polycarpa"	
11304	"Ruppia tuberosa"	
424	Ruppiaceae	
239	Rutaceae	
2947	Rutidosis	
414	Salicaceae	
5177	Salix	
10554	"Salix alba"	
10556	"Salix cinerea"	
18850	"Salix cinerea subsp. cinerea"	
18851	"Salix cinerea subsp. oleifolia"	
18839	"Salix humboldtiana"	
18849	"Salix matsudana cv. Tortuosa"	
18844	"Salix matsudana X Salix alba"	
18840	"Salix purpurea"	
18848	"Salix Xcalodendron"	
18845	"Salix Xfragilis"	
18843	"Salix Xpendulina"	
18847	"Salix Xreichardtii"	
18846	"Salix Xrubens"	
18842	"Salix Xsepulcralis"	
5088	Salpichroa	
4962	Salsola	
396	Santalaceae	
243	Sapindaceae	
4969	Sarcocornia	
10270	"Sarcocornia blackiana"	
10269	"Sarcocornia quinqueflora"	
19042	"Sarcocornia quinqueflora subsp. quinqueflora"	
19043	"Sarcocornia quinqueflora subsp. tasmanica"	
5972	Scabiosa	
899	Scaevola	
4464	"Scaevola aemula"	
4476	"Scaevola albida"	
4454	"Scaevola hookeri"	
19682	Schizaea	
20481	"Schizaea asperula"	
20480	"Schizaea bifida"	
20479	"Schizaea fistulosa"	
48416	Schizostylis	
9819	Schoenia	
94233	"Schoenia (Sayersii)"	
5934	Schoenoplectus	
20819	"Schoenoplectus pungens"	
20818	"Schoenoplectus validus"	
5946	Schoenus	
48543	"Schoenus absconditus"	
20693	"Schoenus apogon"	
48541	"Schoenus biglumis"	
20713	"Schoenus brevifolius"	
20698	"Schoenus calyptratus"	
20711	"Schoenus carsei"	
20692	"Schoenus fluitans"	
20694	"Schoenus latelaminatus"	
20699	"Schoenus maschalinus"	
20700	"Schoenus nitens"	
48542	"Schoenus pygmaeus"	
48540	"Schoenus tenuissimus"	
20708	"Schoenus tesquorum"	
20703	"Schoenus turbinatus"	
48412	Schoeplectus	
1394	Scilla	
3162	Sclerochloa	
62259	Scrohpulariaceae	
358	Scrophulariaceae	
58739	Scyphocoronis	
3103	Secale	
20463	Selaginella	
20465	"Selaginella gracillima"	
20466	"Selaginella uliginosa"	
4335	Selliera	
2869	Senecio	
18071	"Senecio albogilvus"	
18089	"Senecio angulatus"	
18016	"Senecio biserratus"	
18031	"Senecio campylocarpus"	
18091	"Senecio elegans"	
18037	"Senecio extensus"	
18025	"Senecio georgianus"	
19295	"Senecio glomeratus subsp. glomeratus"	
19296	"Senecio glomeratus subsp. longifructus"	
18036	"Senecio gunnii"	
18013	"Senecio hispidissimus"	
18012	"Senecio hispidulus"	
17998	"Senecio jacobaea"	
18070	"Senecio leptocarpus"	
19284	"Senecio linearifolius var. arachnoideus"	
19285	"Senecio linearifolius var. denticulatus"	
19286	"Senecio linearifolius var. latifolius"	
19283	"Senecio linearifolius var. linearifolius"	
18019	"Senecio longipilus"	
18028	"Senecio macrocarpus"	
18009	"Senecio microbasis"	
18010	"Senecio minimus"	
18048	"Senecio odoratus"	
18068	"Senecio papillosus"	
19288	"Senecio pectinatus var. pectinatus"	
18038	"Senecio phelleus"	
19292	"Senecio pinnatifolius var. alpinus"	
19290	"Senecio pinnatifolius var. capillifolius"	
19291	"Senecio pinnatifolius var. lanceolatus"	
19294	"Senecio pinnatifolius var. maritimus"	
18603	"Senecio pinnatifolius var. pinnatifolius"	
18007	"Senecio prenanthoides"	
19287	"Senecio primulaefolius"	
18035	"Senecio psilocarpus"	
18005	"Senecio quadridentatus"	
19293	"Senecio spathulatus var. spathulatus"	
18021	"Senecio squarrosus"	
18033	"Senecio tasmanicus"	
19289	"Senecio vagus subsp. vagus"	
18058	"Senecio velleioides"	
17996	"Senecio vulgaris"	
3279	Setaria	
48544	"Setaria gracilis var. pauciseta"	
14522	"Setaria italica"	
14533	"Setaria parviflora"	
14525	"Setaria pumila subsp. pumila"	
14521	"Setaria verticillata"	
14526	"Setaria viridis"	
5007	Sicyos	
2890	Siloxerus	
94149	Sinoleontopodium	
1311	Sisyrinchium	
351	Solanaceae	
62260	Solanceae	
5066	Solanum	
94889	"Solanum alpinum"	
11110	"Solanum americanum"	
11106	"Solanum chenopodioides"	
11082	"Solanum dulcamara"	
11078	"Solanum furcatum"	
94891	"Solanum hirtulum"	
11101	"Solanum laciniatum"	
11186	"Solanum marginatum"	
66510	"Solanum memphiticum"	
11113	"Solanum nigrum"	
94888	"Solanum nitidibaccatum"	
19151	"Solanum nodiflorum"	
11107	"Solanum opacum"	
94886	"Solanum palitans"	
19150	"Solanum physalifolium"	
11104	"Solanum pseudocapsicum"	
94890	"Solanum pseudospinosum"	
94894	"Solanum pygmaeum"	
11114	"Solanum retroflexum"	
11108	"Solanum sarrachoides"	
94893	"Solanum scabrum"	
94887	"Solanum tarderemotum"	
11103	"Solanum triflorum"	
94892	"Solanum umalilaense"	
11097	"Solanum vescum"	
11109	"Solanum villosum"	
18789	Soleirolia	
17726	Sondottia	
1365	Sowerbaea	
1319	Sparaxis	
48733	"SPARINGLY NATURALISED"	
3135	Spartina	
3092	Spinifex	
36976	"Sporadanthus tasmanicus"	
3215	Sporobolus	
5377	Sprengelia	
19179	"Sprengelia distichophylla"	
19176	"Sprengelia incarnata"	
19177	"Sprengelia montana"	
19178	"Sprengelia propinqua"	
19180	"Sprengelia sp. Mt Field"	
334	Stackhousiaceae	
48708	"STATUS UNCERTAIN"	
94190	Stenocline	
94198	Stenophalium	
3277	Stenotaphrum	
47697	Sterculiaceae	
19644	Sticherus	
20507	"Sticherus lobatus"	
93926	"Sticherus tener form A"	
93927	"Sticherus tener form B"	
20913	Stipa	
48545	"Stipa aphylla"	
20949	"Stipa bigeniculata"	
20945	"Stipa blackii"	
20929	"Stipa caudata"	
20954	"Stipa flavescens"	
20961	"Stipa mollis"	
20942	"Stipa nodosa"	
20959	"Stipa pubinodis"	
48546	"Stipa rudis ssp. australis"	
20940	"Stipa scabra"	
20962	"Stipa semibarbata"	
20931	"Stipa stipoides"	
20953	"Stipa stuposa"	
94162	Stoebe	
2872	Stuartina	
94257	Stuckertiella	
383	Stylidiaceae	
5307	Stylidium	
19060	"Stylidium armeria"	
19062	"Stylidium beaugleholei"	
19063	"Stylidium despectum"	
12360	"Stylidium graminifolium"	
19061	"Stylidium perpusillum"	
24955	Stylocline	
5379	Styphelia	
47699	Stypheliae	
4955	Suaeda	
10343	"Suaeda australis"	
19044	"Suaeda maritima"	
19158	"subfam. Arbutoideae"	
19156	"subfam. Epacridoideae"	
19157	"subfam. Ericoideae"	
19159	"subfam. Vaccinioideae"	
94197	Syncarpha	
94189	Syncephalum	
5568	Syzygium	
18807	"T.Rudman HO510551"	
24509	Taplinia	
4974	Tecticornia	
515	Telopea	
94260	Tenrhynea	
4987	Tetragonia	
9614	"Tetragonia implexicoma"	
9620	"Tetragonia tetragonoides"	
5951	Tetraria	
1539	Tetratheca	
16423	"Tetratheca ciliata"	
16429	"Tetratheca gunnii"	
16421	"Tetratheca labillardierei"	
16433	"Tetratheca pilosa"	
18814	"Tetratheca pilosa subsp. latifolia"	
18815	"Tetratheca pilosa subsp. pilosa"	
18805	"Tetratheca procumbens"	
18810	"Tetratheca sp. Flinders Is."	
18803	"Tetratheca sp. Freycinet Pen."	
1380	Thelionema	
8541	"Thelionema caespitosum"	
8540	"Thelionema umbellatum"	
3256	Themeda	
1427	Thesium	
3106	Thinopyrum	
94905	"Thinopyrum ×duvalii"	
94903	"Thinopyrum acutum"	
60782	"Thinopyrum elongatum"	
94900	"Thinopyrum flaccidifolium"	
63517	"Thinopyrum intermedium subsp. barbulatum"	
63516	"Thinopyrum intermedium subsp. intermedium"	
94908	"Thinopyrum intermedium subsp.intermedium × Elymus campestris subsp. campestris"	
14607	"Thinopyrum junceiforme"	
59826	"Thinopyrum junceum"	
94906	"Thinopyrum junceum × Elymus repens"	
94800	"Thinopyrum obtusiflorum"	
94902	"Thinopyrum podperae"	
94898	"Thinopyrum sartorii"	
2931	Thiseltonia	
4959	Threlkeldia	
5613	Thryptomene	
401	Thymelaeaceae	
94899	"Thynopyrum corsicum"	
1364	Thysanotus	
24517	Tietkensia	
19679	Tmesipteris	
20446	"Tmesipteris elongata"	
20445	"Tmesipteris obliqua"	
20448	"Tmesipteris parva"	
95047	"Todea (T. barbara)"	
48321	"Todea barbara"	
58740	Toxanthes	
48727	TRANSIENT	
52574	Tremandraceae	
19255	"tribe Archerieae"	
19253	"tribe Cosmelieae"	
19256	"tribe Epacreae"	
19257	"tribe Oligarrheneae [not in Tas.]"	
19254	"tribe Prionoteae"	
19252	"tribe Richeeae"	
19258	"tribe Styphelieae"	
17735	Trichanthodium	
94159	Trichogyne	
1377	Tricoryne	
5954	Tricostularia	
12477	Trifolium	
17546	"Trifolium angustifolium"	
17547	"Trifolium arvense"	
17525	"Trifolium campestre"	
17537	"Trifolium cernuum"	
17526	"Trifolium dubium"	
17520	"Trifolium fragiferum"	
17533	"Trifolium glomeratum"	
17541	"Trifolium hybridum"	
17550	"Trifolium incarnatum"	
60788	"Trifolium medium"	
17527	"Trifolium micranthum"	
17531	"Trifolium pratense"	
17539	"Trifolium repens"	
17521	"Trifolium resupinatum"	
17535	"Trifolium scabrum"	
17545	"Trifolium squamosum"	
17549	"Trifolium stellatum"	
17534	"Trifolium striatum"	
17523	"Trifolium subterraneum"	
17532	"Trifolium suffocatum"	
17522	"Trifolium tomentosum"	
5993	Triglochin	
48551	"Triglochin centrocarpum"	
48550	"Triglochin minutissimum"	
48549	"Triglochin mucronatum"	
48547	"Triglochin procerum"	
48548	"Triglochin striatum"	
23107	Triptilodiscus	
3178	Trisetum	
9745	Trithuria	
18715	"Trithuria filamentosa"	
18714	"Trithuria submersa"	
3105	Triticum	
1321	Tritonia	
5386	Trochocarpa	
19227	"Trochocarpa cunninghamii"	
19226	"Trochocarpa disticha"	
19224	"Trochocarpa gunnii"	
19225	"Trochocarpa thymifolia"	
94251	Troglophyton	
9486	Typha	
9488	"Typha domingensis"	
9487	"Typha latifolia"	
9489	"Typha orientalis"	
437	Typhaceae	
400	Ulmaceae	
5968	Uncinia	
20837	"Uncinia compacta"	
48552	"Uncinia elegans"	
20838	"Uncinia flaccida"	
48553	"Uncinia nervosa"	
34132	"Uncinia riparia"	
20839	"Uncinia tenella"	
5205	Urtica	
9502	"Urtica incisa"	
9503	"Urtica urens"	
389	Urticaceae	
9728	Utricularia	
17642	"Utricularia australis"	
17687	"Utricularia dichotoma"	
17649	"Utricularia lateriflora"	
17686	"Utricularia monanthos"	
17630	"Utricularia tenella"	
17685	"Utricularia uniflora"	
17673	"Utricularia violacea"	
62308	"V. arvensis"	
62311	"V. betonicifolia"	
62309	"V. caleyana"	
62312	"V. cleistogamoides"	
62310	"V. cunninghamii"	
62313	"V. curtisiae"	
62314	"V. fuscoviolacea"	
62316	"V. hederacea"	
62315	"V. serpentinicola"	
381	Valerianaceae	
6199	Valerianella	
19147	"Valerianella eriocarpa"	
19146	"Valerianella locusta"	
19148	"Valerianella rimosa"	
5331	Vallisneria	
898	Velleia	
4416	"Velleia montana"	
4435	"Velleia paradoxa"	
23114	Vellereophyton	
355	Verbenaceae	
5340	Villarsia	
19064	"Villarsia exaltata"	
19065	"Villarsia reniformis"	
19066	"Villarsia umbricola"	
5181	Viola	
10450	"Viola hederacea"	
18832	"Viola hederacea subsp. curtisiae"	
18831	"Viola hederacea subsp. hederacea"	
309	Violaceae	
3139	Vulpia	
14718	"Vulpia bromoides"	
14719	"Vulpia fasciculata"	
48555	"Vulpia megalura"	
48554	"Vulpia myruros"	
2897	Waitzia	
1312	Watsonia	
48556	"Watsonia bulbillifera"	
8326	"Watsonia meriana"	
48557	"Watsonia versfeldii var. alba"	
5047	Wilsonia	
16461	"Wilsonia backhousei"	
16462	"Wilsonia humilis"	
16463	"Wilsonia rotundifolia"	
9832	Winifredia	
44931	"Winifredia sola"	
404	Winteraceae	
5995	Wolffia	
1412	Wurmbea	
8721	"Wurmbea dioica"	
8722	"Wurmbea latifolia"	
8734	"Wurmbea uniflora"	
47301	"X Agropogon"	
1545	Xanthorrhoea	
9555	"Xanthorrhoea arenaria"	
9545	"Xanthorrhoea australis"	
9561	"Xanthorrhoea bracteata"	
457	Xanthorrhoeaceae	
24502	Xerochrysum	
94901	XX	
451	Xyridaceae	
9750	Xyris	
48559	"Xyris gracilis ssp. tasmanica"	
15581	"Xyris marginata"	
15574	"Xyris muelleri"	
15578	"Xyris operculata"	
4992	Zaleya	
419	Zannichelliaceae	
6119	Zieria	
18930	"Zieria arborescens"	
18977	"Zieria littoralis"	
18976	"Zieria veronicea"	
5310	Zostera	
423	Zosteraceae	
3143	Zoysia	
251	Zygophyllaceae	
