from	statement	to
1	"Bracts with flat terminal awn; awns of outer or both bracts much longer than body; scapes flattened in upper part"	"Centrolepis aristata"
1	"Bracts acute or with subulate awns; scapes not flattened"	2
2	"Leaves spirally imbricate, occasionally flattened in one plane but insertion not distichous"	3
2	"Leaves distichous and equitant"	9
3	"Bracts lanceolate or narrow-lanceolate; width of flowering head less than its length (excluding awns)"	4
3	"Bracts ovate; width of flowering head equal to or greater than its length (excluding awns)"	7
4	"Each bract containing 1-3 pseudanthia; each pseudanthium with a single carpel and stamen"	5
4	"Each bract containing 1-5 pseudanthia; each pseudanthium with 5-10 (-20) superposed ovaries and 1-2 stamens"	6
5	"Pseudanthia 1 in each bract"	"Centrolepis monogyna"
5	"Pseudanthia 2-3 in each bract"	"Centrolepis paludicola"
6	"Outer bract with awn as long as or longer than body; plant often dark purple-brown"	"Centrolepis polygyna"
6	"Outer bract with awn shorter than body; plant usually green"	"Centrolepis glabra"
7	"Bracts conspicuously hispid"	8
7	"Bracts ribbed, glabrous or the outer one with some hairs"	"Centrolepis pulvinata"
8	"Perennial; outer bract contracted to awn about as long as body; pseudanthia with (2-) 3 (-4) superposed ovaries"	"Centrolepis fascicularis"
8	"Annual; outer bract contracted to awn less than 1 mm long; pseudanthia with (4-) 6 (-8) superposed ovaries"	"Centrolepis strigosa"
9	"Leaves 5-6 (-10) mm long; inflorescence scarcely as high as the leaves; stigma papillose"	"Centrolepis muscoides"
9	"Leaves 8-30 mm long; inflorescence slightly above leaves; stigma carrying stout 3-lobed receptive hairs"	"Centrolepis pedderensis"
