from	statement	to
1	"Leaf blades tightly inrolled, stiff, smooth, shining, pungent pointed; lemma lobes 0.5-3 mm long"	"Stipa stipoides"
1	"Leaf blades various but not as above, lemma lobes absent or up to 0.4 mm long"	2
2	"Lemma naked except for a dense line of hairs along the mid nerve and on each margin; callus c. 0.75 mm long, awn up to 20 mm long, almost straight; cleistogamous florets produced in basal leafsheaths"	"Stipa caudata"
2	"Lemma with hairs more-or-less evenly distributed, often naked towards the tip; callus 1 mm or more long; awn more than 20 mm long, once or twice kneed; cleistogamous florets not produced in basal leaf-sheaths"	3
3	"Awn once kneed, bristle falcate"	4
3	"Awn twice kneed, bristle curved or straight but not falcate"	5
4	"Leaves very fine, blades 0.6-1.2 mm wide, inrolled, usually flexuose; internodes usually shorter than leaf-sheaths; palea shorter than the lemma"	"Stipa scabra"
4	"Leaves coarser, blades 1-3 mm wide, fairly stiff, more-or-less erect; nodes usually prominent, palea subequal to the lemma"	"Stipa nodosa"
5	"Lemma glabrous for varying lengths below the apex; coma absent or present"	6
5	"Lemma hairy overall, hairs occasionally sparser at the apex; coma present"	10
6	"Leaf-blades absent or very small at flowering time; coma present"	"Stipa aphylla"
6	"Leaf-blades present and well developed at flowering time; coma absent"	7
7	"Awn column with hairs up to 0.3 mm long; nerves of glumes noticeably thickened"	8
7	"Awn column  with hairs 0.3-2 mm long; nerves of glumes not thickened"	9
8	"Lower glume 12-15 mm long"	"Stipa rudis ssp. australis"
8	"Lower glume 17-25 mm long"	"Stipa pubinodis"
9	"Awn column 15-30 mm long, plumose, the hairs 0.6-2 mm long, produced on one face of the column and appearing to spiral around it"	"Stipa mollis"
9	"Awn column 30-40 mm long, shortly plumose, the hairs 0.3-1 mm long, produced more-or-less evenly around the column and not appearing to spiral"	"Stipa semibarbata"
10	"Lemma coma hairs 0.5-1.5 mm long"	11
10	"Lemma coma hairs 2-5 mm long"	12
11	"Awn column scaberulous, the hairs less than 0.2 mm; palea equalling lemma"	"Stipa bigeniculata"
11	"Awn column puberulous to pilose, the hairs 0.25-1 mm; palea shorter than the lemma"	"Stipa flavescens"
12	"Lemma coma hairs 2-3 mm long; awn column puberulous to pilose, the hairs 0.5-1 mm long"	"Stipa stuposa"
12	"Lemma coma hairs 3-5 mm long, awn column scaberulous, the hairs less than 0.2 mm long"	"Stipa blackii"
