from	statement	to
1	"Specimens of the taxon in question have been collected from Tasmania and are known to be in one or more collections of the Australian herbaria"	2
1	"No specimens of the taxon in question are known to be in the collections of the Australian herbaria"	"NO STATUS"
2	"Evidence supports that the taxon is native or introduced in Tasmania"	3
2	"Insufficient evidence exists to determine whether the taxon is native or introduced in Tasmania"	"STATUS UNCERTAIN"
3	"Specimen collecting information is informative and provides evidence regarding the taxon's status"	4
3	"Specimen collecting information is uninformative regarding the taxon's status"	"NO STATUS"
4	"The taxon is cultivated in gardens, crops etc."	5
4	"The taxon is not known to be cultivated"	32
5	"The taxon is known only from cultivated plants"	CULTIVATED
5	"The taxon is known from both cultivated and non-cultivated plants"	6
6	"The taxon is known to be native in Tasmania"	7
6	"The taxon is known to be introduced in Tasmania"	21
7	"The taxon is only ever recorded in natural habitats within its known native range"	"NATIVE AND CULTIVATED"
7	"The taxon is recorded outside of its known native range"	8
8	"Outside of the taxon's known native range it is only known from cultivated plants"	"NATIVE AND CULTIVATED"
8	"Outside of the taxon's known native range it is not only known from cultivated plants"	9
9	"Evidence suggests that the taxon's native range is larger than previously thought 'Range extension'"	"NATIVE AND CULTIVATED"
9	"Evidence suggest that the native taxon has naturalised to some extent outside of its known native range"	10
10	"The taxon is common outside of its known native range"	11
10	"The taxon is uncommon outside of its known native range"	16
11	"The taxon is widespread outside of its known native range"	12
11	"The taxon is restricted outside of its known native range"	14
12	"Outside of its known native range the taxon is known from self-perpetuating, persistent and more-or-less expanding populations"	13
12	"Outside of its known native range the taxon is not known from self-perpetuating, persistent and more-or-less expanding populations"	"NATIVE AND CULTIVATED AND TRANSIENT"
13	"Populations outside of the taxon's known native range have been eradicated"	"NATIVE AND CULTIVATED AND PREVIOUSLY NATURALISED"
13	"Populations outside of the taxon's known native range have not been eradicated"	"NATIVE AND CULTIVATED AND FULLY NATURALISED"
14	"Outside of its known native range the taxon is known from self-perpetuating, persistent and more-or-less expanding populations"	15
14	"Outside of its known native range the taxon is not known from self-perpetuating, persistent and more-or-less expanding populations"	"NATIVE AND CULTIVATED AND TRANSIENT"
15	"Populations outside of the taxon's known native range have been eradicated"	"NATIVE AND CULTIVATED AND PREVIOUSLY LOCALLY NATURALISED"
15	"Populations outside of the taxon's known native range have not been eradicated"	"NATIVE AND CULTIVATED AND LOCALLY NATURALISED"
16	"The taxon is widespread outside of its known native range"	17
16	"The taxon is restricted outside of its known native range"	19
17	"Outside of its known native range the taxon is known from self-perpetuating, persistent and more-or-less expanding populations"	18
17	"Outside of its known native range the taxon is not known from self-perpetuating, persistent and more-or-less expanding populations"	"NATIVE AND CULTIVATED AND TRANSIENT"
18	"Populations outside of the taxon's known native range have been eradicated"	"NATIVE AND CULTIVATED AND PREVIOUSLY SPARINGLY NATURALISED"
18	"Populations outside of the taxon's known native range have not been eradicated"	"NATIVE AND CULTIVATED AND SPARINGLY NATURALISED"
19	"Outside of its known native range the taxon is known from self-perpetuating, persistent and more-or-less expanding populations"	20
19	"Outside of its known native range the taxon is not known from self-perpetuating, persistent and more-or-less expanding populations"	"NATIVE AND TRANSIENT"
20	"All populations outside of the taxon's known native range have been eradicated"	"NATIVE AND CULTIVATED AND PREVIOUSLY SPARINGLY NATURALISED"
20	"Populations outside of the taxon's known native range have not been eradicated"	"NATIVE AND CULTIVATED AND SPARINGLY NATURALISED"
21	"The taxon is common in Tasmania"	22
21	"The taxon is uncommon in Tasmania"	27
22	"The taxon is widespread in Tasmania"	23
22	"The taxon is restricted in Tasmania"	25
23	"The taxon is known from self-perpetuating, persistent and more-or-less expanding populations"	24
23	"The taxon is not known from self-perpetuating, persistent and more-or-less expanding populations"	TRANSIENT
24	"All populations of the taxon have been eradicated"	"PREVIOUSLY NATURALISED"
24	"Populations of this taxon have not been eradicated"	"FULLY NATURALISED"
25	"The taxon is known from self-perpetuating, persistent and more-or-less expanding populations"	26
25	"The taxon is not known from self-perpetuating, persistent and more-or-less expanding populations"	TRANSIENT
26	"All populations of the taxon have been eradicated"	"PREVIOUSLY LOCALLY NATURALISED"
26	"Populations have not been eradicated"	"LOCALLY NATURALISED"
27	"The taxon is widespread in Tasmania"	28
27	"The taxon is restricted in Tasmania"	30
28	"The taxon is known from self-perpetuating, persistent and more-or-less expanding populations"	29
28	"The taxon is not known from self-perpetuating, persistent and more-or-less expanding populations"	TRANSIENT
29	"All populations of the taxon have been eradicated"	"PREVIOUSLY SPARINGLY NATURALISED"
29	"Populations of this taxon have not been eradicated"	"SPARINGLY NATURALISED"
30	"The taxon is known from self-perpetuating, persistent and more-or-less expanding populations"	31
30	"The taxon is not known from self-perpetuating, persistent and more-or-less expanding populations"	TRANSIENT
31	"All populations of the taxon have been eradicated"	"PREVIOUSLY SPARINGLY NATURALISED"
31	"Populations of this taxon have not been eradicated"	"SPARINGLY NATURALISED"
32	"The taxon is known to be native in Tasmania"	33
32	"The taxon is known to be introduced in Tasmania"	46
33	"The taxon is only recorded in natural habitats within its known native range"	NATIVE
33	"The taxon is recorded outside of its known native range"	34
34	"Evidence suggests that the taxon's native range is larger than previously thought 'Range extension'"	NATIVE
34	"Evidence suggest that the taxon has naturalised to some extent outside of its known native range"	35
35	"The taxon is common outside of its known native range"	36
35	"The taxon is uncommon outside of its known native range"	41
36	"The taxon is widespread outside of its known native range"	37
36	"The taxon is restricted outside of its known native range"	39
37	"Outside of its known native range the taxon is known from self-perpetuating, persistent and more-or-less expanding populations"	38
37	"Outside of its known native range the taxon is not known from self-perpetuating, persistent and more-or-less expanding populations"	"NATIVE AND TRANSIENT"
38	"All populations outside of the taxon's known native range have been eradicated"	"NATIVE AND PREVIOUSLY NATURALISED"
38	"Populations outside of the taxon's known native range have not been eradicated"	"NATIVE AND FULLY NATURALISED"
39	"Outside of its known native range the taxon is known from self-perpetuating, persistent and more-or-less expanding populations"	40
39	"Outside of its known native range the taxon is not known from self-perpetuating, persistent and more-or-less expanding populations"	"NATIVE AND TRANSIENT"
40	"All populations outside of the taxon's known native range have been eradicated"	"NATIVE AND PREVIOUSLY LOCALLY NATURALISED"
40	"Populations outside of the taxon's known native range have not been eradicated"	"NATIVE AND LOCALLY NATURALISED"
41	"The taxon is widespread outside of its known native range"	42
41	"The taxon is restricted outside of its known native range"	44
42	"Outside of its known native range the taxon is known from self-perpetuating, persistent and more-or-less expanding populations"	43
42	"Outside of its known native range the taxon is not known from self-perpetuating, persistent and more-or-less expanding populations"	"NATIVE AND TRANSIENT"
43	"All populations outside of the taxon's known native range have been eradicated"	"NATIVE AND PREVIOUSLY SPARINGLY NATURALISED"
43	"Populations outside of the taxon's known native range have not been eradicated"	"NATIVE AND SPARINGLY NATURALISED"
44	"Outside of its known native range the taxon is known from self-perpetuating, persistent and more-or-less expanding populations"	45
44	"Outside of its known native range the taxon is not known from self-perpetuating, persistent and more-or-less expanding populations"	"NATIVE AND TRANSIENT"
45	"All populations outside of the taxon's known native range have been eradicated"	"NATIVE AND PREVIOUSLY SPARINGLY NATURALISED"
45	"Populations outside of the taxon's known native range have not been eradicated"	"NATIVE AND SPARINGLY NATURALISED"
46	"The taxon is common in Tasmania"	47
46	"The taxon is uncommon in Tasmania"	52
47	"The taxon is widespread in Tasmania"	48
47	"The taxon is restricted in Tasmania"	50
48	"The taxon is known from self-perpetuating, persistent and more-or-less expanding populations"	49
48	"The taxon is not known from self-perpetuating, persistent and more-or-less expanding populations"	TRANSIENT
49	"All populations of the taxon have been eradicated"	"PREVIOUSLY NATURALISED"
49	"Populations of this taxon have not been eradicated"	"FULLY NATURALISED"
50	"The taxon is known from self-perpetuating, persistent and more-or-less expanding populations"	51
50	"The taxon is not known from self-perpetuating, persistent and more-or-less expanding populations"	TRANSIENT
51	"All populations of the taxon have been eradicated"	"PREVIOUSLY LOCALLY NATURALISED"
51	"Populations of this taxon have not been eradicated"	"LOCALLY NATURALISED"
52	"Taxon widespread outside of its known native range"	53
52	"Taxon restricted outside of its known native range"	55
53	"The taxon is known from self-perpetuating, persistent and more-or-less expanding populations"	54
53	"The taxon is not known from self-perpetuating, persistent and more-or-less expanding populations"	TRANSIENT
54	"All populations of the taxon have been eradicated"	"PREVIOUSLY SPARINGLY NATURALISED"
54	"Populations of this taxon have not been eradicated"	"SPARINGLY NATURALISED"
55	"The taxon is known from self-perpetuating, persistent and more-or-less expanding populations"	56
55	"The taxon is not known from self-perpetuating, persistent and more-or-less expanding populations"	TRANSIENT
56	"All populations of the taxon have been eradicated"	"PREVIOUSLY SPARINGLY NATURALISED"
56	"Populations of this taxon have not been eradicated"	"SPARINGLY NATURALISED"
