from	statement	to
1	"Stems erect, not climbing; leaves simple, rarely deeply 3-lobed or ternate, petioles and petiolules straight"	"Clematis gentianoides"
1	"Stems climbing; leaves compound, petioles and petiolules often acting as tendrils"	2
2	"Plants deciduous, with bisexual flowers; stamens and carpels numerous"	"Clematis vitalba"
2	"Plants evergreen, dioecious; female flowers with one row of staminodes, male flowers lacking rudiments of a gynoecium"	3
3	"Leaves ternate, or 5-foliolate"	4
3	"Leaves 2-3-ternate, or flammuliform"	5
4	"Abaxial surface of tepals glabrous in centre and lanuginose on the margins; at least some leaves 5-foliolate"	"Clematis clitorioides"
4	"Abaxial surface of tepals evenly pubescent; leaves mostly ternate"	"Clematis aristata"
5	"Leaves usually biternate with up to 12 leaflets (leaflets sometimes lobed)"	"Clematis microphylla"
5	"Leaves flammuliform or triternate, with > 12 leaflets (immature leaves can have fewer leaflets)"	"Clematis decipiens"
