from	statement	to
1	"No dormant bud or continued growth from fork of paired fronds. South-western Tasmania"	"Gleichenia abscida"
1	"Dormant bud present or growth continued from fork of paired fronds. Statewide"	2
2	"Pinnules longer than broad, flat or slightly recurved; sporangia easily visible, > 2 per pinnule"	"Gleichenia microphylla"
2	"Pinnules round and pouched; sporangia mostly hidden, 2 per pinnule"	3
3	"Fronds dark green; pinnules rarely present on rachises at main fork; pinna midrib densely covered in dark-brown, fringed scales. Alpine and subalpine habitats"	"Gleichenia alpina"
3	"Fronds light green; pinnules usually present on rachises at main fork; pinna midrib bare or covered in white cobwebby hairs and pale-brown, fringed scales. Sea-level to subalpine habitats"	"Gleichenia dicarpa"
