from	statement	to
1	"Spikelets usually in groups of three from each node of the rhachis; internerves on the upper glume and lower lemma densely clavate-hairy; fertile lemma blackish"	"Digitaria ternata"
1	"Spikelets in pairs at each node of the rhachis; internerves of upper glume and lower lemma glabrous; fertile lemma greyishbrown"	2
2	"Spikelet 2.5-3 mm long, upper glume a third to two thirds the length of the spikelet; lateral nerves of the sterile lemma scaberulous, at least towards the apex"	"Digitaria sanguinalis"
2	"Spikelet 3-3.25 mm long; upper glume half to three quarters the length of the spikelet; lateral nerves of the sterile lemma glabrous"	"Digitaria ciliaris"
