from	statement	to
1	"Bracts of inflorescence more-or-less regularly imbricate in 5 vertical series, their size progressively increasing above the base"	"Xyris operculata"
1	"Bracts of inflorescence imbricate but not in distinct series"	2
2	"Leaf-margins entire, not differing in texture from blade; flower with lateral sepals (resembling bracteoles) keeled with margins broad, fringed in upper part"	"Xyris marginata"
2	"Leaf-margins distinct, paler than blade, more-or-less translucent, minutely rough; flower with lateral sepals (resembling bracteoles) narrowly keeled with margins broad, membranous, entire"	3
3	"At early flowering the head subglobose; outermost bracts lanceolate-acuminate, half to two thirds as long as the head, usually spreading widely"	"Xyris muelleri"
3	"At early flowering the head ellipsoid or obovoid; outermost bracts oblong or truncate and abruptly shortly pointed, scarcely half as long as the head, bases broad, not spreading"	"Xyris gracilis ssp. tasmanica"
