from	statement	to
1	"Pinnule undersurfaces with an indumentum of silky hairs which may be shed with age. Common, statewide"	2
1	"Pinnule undersurfaces glabrous. Uncommon in rainforest or on rainforest margins in the west and north-west"	"Sticherus lobatus"
2	"Ultimate segments of frond lanceolate in outline; pinnules arising at an angle of between 55–75 degrees to the midrib, thick textured, upper surfaces shiny with sori indentations prominent"	"Sticherus tener form A"
2	"Ultimate segments of frond linear in outline; pinnules arising at an angle of between 80–90 degrees to the midrib, thin textured, upper surfaces dull with sori indentations not prominent"	"Sticherus tener form B"
