from	statement	to
1	"Soral hairs present; fronds dark green, coarse-textured and bracken-like. (Extreme northern Tasmania)"	"Hypolepis muelleri"
1	"Soral hairs absent; fronds light green and soft- to coarse textured"	2
2	"Sori covered by well-developed lamina margin; fronds narrow and wiry, scrambling. (Very rare, north-western Tasmania and King Island)"	"Hypolepis distans"
2	"Sori bare, or slightly covered by reflexed lamina margin; fronds narrow to broad, stiff and erect"	3
3	"Fronds soft, 75-200 cm in length, light green in colour turning glaucous with age; new growth sticky from abundant white, glandular hairs. Uncommon, north eastern and northern coastal river and stream-side flats"	"Hypolepis glandulifera"
3	"Fronds harsh, 30–130 cm in length, mid-green in colour; some glandular hairs may be present, but new growth not sticky. Statewide"	4
4	"Fronds narrowly triangular in outline; pinnae deeply and irregularly lobed or incised, with broad segments. Uncommon; permanent, usually isolated individuals in sheltered rocky habitats above 250 m"	"Hypolepis amaurorachis"
4	"Fronds broadly triangular in outline unless growing in dense shade where narrowly triangular; pinnae + regularly lobed or incised, with narrow segments. Abundant and weedy; a temporary, opportunistic species forming large colonies in disturbed sites"	"Hypolepis rugosula"
