from	statement	to
1	"Lemma densely hairy"	2
1	"Lemma shiny, glabrous or with a few scattered hairs"	4
2	"Florets separating by fracture of the rhachilla"	"Avena sterilis ssp. ludoviciana"
2	"Florets separating by abscission below the upper lemmas"	3
3	"Lemma apex acute, shortly 2-4-toothed; palea keels ciliate for most of their length"	"Avena fatua"
3	"Lemma apex acuminate, extending into 2 fine bristles; palea keels ciliate in the upper third"	"Avena barbata"
4	"Spikelet often 1-flowered; lemma awned, apex acute, extending into 2-4 bristles; palea keels ciliate in the upper half"	"Avena strigosa"
4	"Spikelet always 2-3-flowered; lemma awned or awnless, apex obtuse or acute, entire or shortly toothed; palea keels ciliate for most of their length"	"Avena sativa"
