from	statement	to
1	"Sepals at least half the length of the corolla, pink; corolla pink"	2
1	"Sepals less than half the length of the corolla, green or white or yellowish-white; corolla green, white or yellowish"	3
2	"Flowers to 5 mm long, distinctly 4-angled due to keeled sepals; sepals c. as long as corolla though not concealing it"	"Erica baccans"
2	"Flowers 6-10 mm long, rounded; sepals not keeled, mostly concealing corolla"	"Erica holosericea"
3	"Hairs on stems of 2 types: branched hairs and unbranched hairs"	"Erica arborea"
3	"Hairs on stems with only unbranched hairs, sometimes minute"	4
4	"Flowers minute; corolla not exceeding 2 mm long, green or green-tinged red or white; anthers awnless"	"Erica scoparia"
4	"Flowers large; corolla 4-8 mm long, white, cream to pale greenish-yellow, pink or red; anthers awned"	5
5	"Corolla and calyx pilose abaxially"	"Erica caffra"
5	"Corolla and calyx glabrous abaxially"	"Erica lusitanica"
