from	statement	to
1	"Petal tip an incurved hook; seed rugulose, at magnification tuberculate (sectionÊCyanothamnus)"	2
1	"Petal tip terminal or subterminal abaxially, often apiculate; seed smooth, even at magnification (sectionÊBoronia)"	3
2	"Leaves 1 or 3-foliolate, without a strong smell when crushed; weak, scrambling subshrub or herb"	"Boronia nana"
2	"Leaves (3-)5-9-foliolate, with a strong smell of turpentine when crushed; erect (rarely procumbent) woody shrub"	"Boronia anemonifolia"
3	"Leaves simple"	4
3	"Leaves pinnate"	5
4	"Leaves linear to narrow elliptic to elliptic or obovate, at least as twice as long as wide, apex acute"	"Boronia parviflora"
4	"Leaves broad-obovate to almost circular or rarely obovate, less than twice as long as wide, apex obtuse"	"Boronia rhomboidea"
5	"Leaves sessile; petals yellow and brown"	"Boronia megastigma"
5	"Leaves petiolate; petals pink or white"	6
6	"Stems and sometimes leaves and/or sepals pilose; hairs exceeding 0.3 mm long"	"Boronia pilosa"
6	"Stems, leaves and sepals glabrous to hispidulous; hairs to 0.25 mm long"	7
7	"Weakly ascending to prostrate subshrub, stems not tuberculate; entire leaf in outline 5-11(-15) mm long, 5-18 mm wide, leaflets to 1 mm wide (W Tas.)"	"Boronia elisabethiae"
7	"Erect shrub (if semi erect then leaflets > 1 mm wide or branches tuberculate); entire leaf in outline 6-25 mm long and wide; widest leaflets 1-4 mm wide (if < 1 mm wide then branches tuberculate and/or plant erect) (widespread)"	8
8	"Sepals sparsely to densely hispidulous on abaxial surface"	9
8	"Sepals glabrous or ciliate"	11
9	"Leaves hispidulous; cocci hispidulous"	"Boronia hippopala"
9	"Leaves hispidulous only on petiole, rhachis segments and proximal half of leaflets; cocci glabrous (seen only forB. hemichiton)"	10
10	"Leaflets 1-2 mm wide; sepals 1.75-2 mm long, 1-1.25 mm wide (Ben Lomond, Mt Barrow)"	"Boronia citriodora"
10	"Leaflets 0.5-1 mm wide; sepals 0.75-1.25 mm long, 0.25-0.5 mm wide (Mt Arthur)"	"Boronia hemichiton"
11	"Sepals narrowly deltate, tips acute to acuminate; petals to 6 mm long (very rarely to 7.5 mm long and then leaflets < 2 mm wide); widest lateral leaflets to 2 mm wide"	"Boronia pilosa"
11	"Sepals deltate or if approaching narrowly deltate then petals 8-10.5 mm long and widest lateral leaflets > 2.5 mm wide; sepal tip acute; widest lateral leaflets 1-4 mm wide"	12
12	"Leaflets narrowly oblanceolate; lateral leaflets 5-25 mm long, 0.75-2.5 mm wide, largest 17-25 mm long; glands on leaflets and branchlets usually appearing as shiny discs; petiole 3-6 mm long; sepals c. 1 mm long, 0.75-1 mm wide"	"Boronia gunnii"
12	"Leaflets narrowly obovate to narrowly elliptic or rarely narrowly oblanceolate; lateral leaflets 2-16 mm long, 0.5-4 mm wide, glands on leaflets and branchlets not appearing as shiny discs; petiole 0.5-6 mm long; sepals (0.75-)1-3.5 mm long, 0.75-2.5 mm wide"	13
13	"Petals 8-10 mm long; petiole 1-3 mm long; leaves congested; stems and leaves not obviously glandular (Schouten Is.)"	"Boronia rozefeldsii"
13	"Petals 3-7 mm long, if 7-8.5 mm long then petiole 3-6 mm long and leaves not congested; stems and leaves sometimes slightly glandular tuberculate (western & central regions)"	"Boronia citriodora"
