from	statement	to
1	"Plants prostrate; branches closely packed, forming dense, matted patches; stamens 2"	"Pimelea pygmaea"
1	"Plants prostrate, ascending or erect; branches not densely crowded, plants not forming matted patches; stamens 1 or 2"	2
2	"Plants prostrate or ascending, branches lax, spreading; stamen 1"	"Pimelea filiformis"
2	"Plants ascending or erect, branches ± rigid; stamens 2"	3
3	"Involucral bracts clearly differing from foliage leaves in size, shape or colour"	4
3	"Involucral bracts not or scarcely differentiated from foliage leaves"	10
4	"Flowers bright yellow"	"Pimelea flava"
4	"Flowers white, cream, greenish yellow or pink"	5
5	"Inflorescence loose, 3-6(-8) flowers"	6
5	"Inflorescence ± compact, 6-15(-25+) flowers"	7
6	"Leaves 3-8(-10) mm long, elliptical to oblanceolate-obovate; flowers shortly pedicillate; pedicels pubescent"	"Pimelea serpyllifolia"
6	"Leaves 5-10(-20) mm long, linear-elliptic to linear-lanceolate; flowers shortly pedicillate; pedicels glabrous"	"Pimelea pauciflora"
7	"Most flower heads conspicuously deflexed-drooping"	8
7	"Most flower heads quite erect"	9
8	"Leaves 2-4(-6) cm long, thin, pinnate veins clearly visible on lower surface"	"Pimelea ligustrina"
8	"Leaves 0.5-1(-2.5) cm long, relatively thick, only the midrib visible"	"Pimelea linifolia"
9	"Plants with stems distinctly hairy"	"Pimelea humilis"
9	"Plants glabrous except for the inflorescence"	"Pimelea glauca"
10	"Leaves (3-)5-8 cm long; flowers in loose, axillary heads; fruit dry, not succulent"	"Pimelea axiflora"
10	"Leaves (0.2-)1-3 cm long; flowers in ± dense terminal heads or on short axillary shoots; fruit dry or succulent"	11
11	"Leaves hairy on both surfaces, adaxial surface sometimes sparsely so"	12
11	"Leaves hairy only on abaxial surface, adaxial surface glabrous"	15
12	"Leaves narrowly-elliptic to narrow-oblanceolate, alternate or sub-opposite; older stems ± leafy; leaf scars absent; flowers distinctly yellow to brownish-yellow"	13
12	"Leaves broadly-ovate to elliptic, opposite; older stems leafless; leaf scars prominent; flowers white or creamy-yellow"	14
13	"Leaves ± hairy on both sides"	"Pimelea micrantha"
13	"Leaves sparsely hairy abaxially, few and scattered, or glabrous adaxially"	"Pimelea curviflora"
14	"Leaves densely hairy on both surfaces; flowers 6-10; hypanthium 5-8 mm long, hairs on hypanthium not obscuring flower detail"	"Pimelea milliganii"
15	"Leaves at least twice as long as broad, elliptical to elliptical-oblanceolate"	16
15	"Leaves almost as wide as long, broadly elliptical, elliptical-ovate to orbicular"	17
16	"Flower heads mostly terminal on longer branches; fruit dry, enclosed within persistent base of hypanthium at maturity, not exposed"	"Pimelea cinerea"
16	"Flower heads on very short axillary branchlets; fruit black, succulent, naked at maturity,"	"Pimelea drupacea"
17	"Leaves ± erect; margins flat; abaxial surface silvery-silky with straight, appressed hairs"	"Pimelea sericea"
17	"Leaves ± spreading; margins narrowly recurved; abaxial surface white-tomentose with crisped, felty hairs"	"Pimelea nivea"
