from	statement	to
1	"Leaves with white or greyish indumentum on one or both surfaces, remaining hairy or becoming glabrous or glabrescent with age; leaf margin coarsely dentate"	2
1	"Leaves glabrous or nearly so; leaf margin finely serrate"	3
2	"Mature leaves with a persistent tomentum on abaxial surface; leaves on long shoots distinctly palmatilobed"	"Populus alba"
2	"Mature leaves glabrous or nearly so; leaves on long shoots seldom palmatilobed"	"Populus Xcanescens"
3	"Branches erect or sharply ascending; tree with a very narrow crown"	"Populus nigra cv. Italica"
3	"Branches spreading to erect; tree with a broad crown"	"Populus tremula"
