from	statement	to
1	"Fruit a capsule"	2
1	"Fruit a berry"	6
2	"Stamens 4, staminode present or absent"	Cyphanthera
2	"Stamens 5, all functional; staminodes absent"	3
3	"Fruiting calyx cartilaginous, hard, lobes rigid, ± sharp"	Hyoscyamus
3	"Fruiting calyx soft or ± leathery, not hard, lobes not rigid or sharp"	4
4	"Flowers in panicles; calyx campanulate to shortly tubular"	Nicotiana
4	"Flowers solitary; calyx long-tubular"	5
5	"Flowers red, 8-10(-15) cm long; capsule smooth"	Brugmansia
5	"Flowers white, 4-6(-10) cm long; capsule variously spiny"	Datura
6	"Corolla stellate to rotate, rarely campanulate"	7
6	"Corolla urceolate, funnel-shaped or tubular"	8
7	"Flowers dull yellow with internal brownish markings; fruiting calyx inflated, entirely enclosing fruit"	Physalis
7	"Flowers white, blue or purplish, sometimes with yellow centres; fruiting calyx never inflated or enclosing fruit"	Solanum
8	"Shrubs with rigid, spiny branches, to c. 4 m high"	Lycium
8	"Scrambling, non-spinous perennial herbs or semi-woody, short-lived shrubs, to c. 1 m high"	Salpichroa
