from	statement	to
1	"Leaves variously divided; leaflet margins entire or toothed"	2
1	"Leaves simple, or very rarely some irregularly lobed or divided; margins various"	3
2	"Leaves regularly pinnately divided; leaflets broad, margins toothed"	"Lomatia tasmanica"
2	"Leaves irregularly pinnate or bi-pinnate; lobes linear margins entire"	"Lomatia tinctoria"
3	"Leaves 2-6(-8) cm long; margins entire or occasionally irregularly lobed"	"Lomatia polymorpha"
3	"Leaves 6-12 cm long; margins usually variously toothed"	"Lomatia fraseri"
