from	statement	to
1	"Staminal filaments long, anthers exerted or reflexed"	2
1	"Staminal filaments short, anthers included"	6
2	"Corolla lobes glabrous"	Monotoca
2	"Corolla lobes hirsute to some degree"	3
3	"Flowers in compact rounded clusters (condensed spikes) on bare stems or amongst old leaves, usually on past seasonÕs wood; corolla lobes with a tuft of stiff hairs at the apex"	Acrotriche
3	"Flowers axillary or terminal, either solitary or in spikes or racemes, borne usually on present season's wood; corolla lobes hirsute inside, but without stiff hairs at the apex"	4
4	"Plant forming a prostrate mat; fruit with a succulent mesocarp"	Styphelia
4	"Plant an erect or scrambling shrub, not mat-forming; fruit with a pithy mesocarp"	5
5	"Leaves concolorous; fruit separating into pyrenes"	Trochocarpa
5	"Leaves glaucous beneath; fruit with a pithy mesocarp, the locules fused into a single woody stone"	Cyathodes
6	"Flowers subtended by 1 bract and 2 bracteoles"	7
6	"Flowers subtended by 4 or more bracts/bracteoles"	12
7	"Flowers unisexual and morphologically distinct, the male flowers larger; plants dioecious"	Acrothamnus
7	"Flowers apparently hermaphrodite and morphologically similar; plants monoecious"	8
8	"Flowers glabrous, pedicellate above the subtending bracts"	Lissanthe
8	"Flowers hirsute to some degree, sessile in the subtending bracts"	9
9	"Tufts of long stiff hairs at the base of the lobes project into the tube beyond the base of the anthers"	Brachyloma
9	"Corolla lobes hirsute or papillose, lacking basal tufts of long stiff hairs"	10
10	"Leaves alternate without any evident clustering; bud scales deciduous"	Leucopogon
10	"Leaves in annual clusters; bud scales persistent"	11
11	"Leaf clusters distinctly verticillate; bud scales morphologically different from leaves"	Androstoma
11	"Leaf clusters not clearly verticillate; bud scales morphologically similar to leaves"	Planocarpa
12	"Flowers unisexual and morphologically distinct, the male flowers larger; plants dioecious"	Leptecophylla
12	"Flowers apparently hermaphrodite and morphologically similar; plants monoecious"	13
13	"Leaves concolorous"	Pentachondra
13	"Leaves glaucous beneath"	14
14	"Flowers red or bicoloured yellow/green, corolla tube usually 1-2 cm long"	Astroloma
14	"Flowers creamy-white, corolla tube usually < 1cm"	Montitega
