from	statement	to
1	"Filaments of 3 stamens bearded; plants usually annual; roots fibrous"	"Bulbine semibarbata"
1	"Filaments of all 6 stamens bearded; plants perennial; roots fleshy, thickened; bulb-like tubers sometimes present"	2
2	"Bulb-like tuber usually present; filament inserted in the sinus between the anther-lobes; hairs on the filament inserted 0.5 mm or less below the anther"	"Bulbine bulbosa"
2	"Bulb-like tuber absent; filament inserted above the sinus between the anther-lobes; hairs on the filament inserted 1-2 mm below the anther"	"Bulbine glauca"
