from	statement	to
1	"Plant with culms erect, 30-80 cm high terminating in a narrow panicle 6-20 cm long"	2
1	"Plant not as above"	3
2	"Culms rigid, c. 2 mm diameter, terete with 1 longitudinal channel; spikelets usually with 3-4 fertile flowers; glumes red-brown, more-or-less puberulent"	"Schoenus brevifolius"
2	"Culms wiry, less than 1 mm in diameter, terete; spikelets with 1 (-2) fertile flowers; glumes grey-brown with broad hyaline margins"	"Schoenus carsei"
3	"Spikelets terminal, solitary, or 2 held at the same level with their flattened faces parallel, or 2-c. l0 in one terminal head"	4
3	"Spikelets axillary, sessile or pedicellate, or mainly in a terminal head but also in 1 or more distant clusters below the head"	12
4	"Plant with head of c. 8-10 spikelets subtended by 3-5 narrow-linear, involute bracts longer than the head"	"Schoenus turbinatus"
4	"Plant not as above"	5
5	"Spikelets 1-flowered (sometimes a vestigial or imperfect flower above the perfect one)"	6
5	"Spikelets 2-6-flowered (sometimes 1-flowered in Schoenus nitens)"	9
6	"Flowers with perianth of 3 or more thick, coriaceous scales surrounding the ovary"	"Schoenus tenuissimus"
6	"Flowers without scales but with 5-7 hypogynous bristles"	7
7	"Leaves overtopping the culms; spikelets usually 2 approximate (rarely 1), much flattened, the 2 outer glumes strongly keeled, serrulate"	"Schoenus calyptratus"
7	"Leaves shorter than culms; glumes not or scarcely keeled, glabrous"	8
8	"Bract stiffly erect, continuing line of the culm, the base sheathing more-or-less enveloping the floret; glumes 2; nut with apex shortly hispid"	"Schoenus biglumis"
8	"Bract more-or-less spreading; glumes 3 (-4); nut glabrous, white, shining"	"Schoenus pygmaeus"
9	"Culm very short; spikelets usually 2 approximate, 15-16 mm long, overtopped by leaves and leafy bracts"	"Schoenus absconditus"
9	"Culm well developed; spikelets solitary or several clustered in a head not overtopped by leaves"	10
10	"Land plants; leaves all basal or confined to lower parts of stems"	11
10	"Plants usually submerged in fresh water with stems floating, leafy throughout (plants sometimes found on land in very wet places)"	"Schoenus fluitans"
11	"Plant with long, slender, woody rhizomes; spikelets 1-c. 6, sessile, more-or-less turgid, chestnut to dark brown, shining, 3-5 mm long"	"Schoenus nitens"
11	"Plant densely tufted; spikelets subsessile, more-or-less flattened, usually deep reddish-purple, 4-7 mm long"	"Schoenus apogon"
12	"Spikelets terminal, solitary or in a group of 2-c. 10 with 1 or more distant groups below the terminal head"	13
12	"Spikelets axillary in upper parts of leafy stems"	16
13	"Annual; leaves and bracts pale green, grass-like, flat, c.1.2 mm broad; nut cream, ovoid-trigonous, ribbed, sides and ribs alveolate"	"Schoenus latelaminatus"
13	"Perennial; leaves narrow-linear and channelled, or filiform, or setaceous; nut not as above"	14
14	"Leaves longer than the culms; spike lets 1-3, often 2 approximate, strongly flattened"	"Schoenus calyptratus"
14	"Leaves shorter than the culms; spikelets a terminal cluster of 3-c. 10 with 1-2 more-or-less distant clusters below"	15
15	"Subtending bracts of lower clusters of spikelets overtopping the head; florets with 6 hypogynous bristles; nut minutely scalariform"	"Schoenus apogon"
15	"Subtending bracts of lower clusters of spikelets not overtopping the head; florets without or with only minute bristles; nut almost smooth"	"Schoenus tesquorum"
16	"Spikelets solitary, narrow-ovoid, 3-4 mm long, terminal and often 1 in leaf axil below;"	"Schoenus pygmaeus"
16	"Spikelets 1-3 together, ovoid, c.2.5 mm long, in axils of leaves in upper parts of' the stems"	"Schoenus maschalinus"
