from	statement	to
1	"Inflorescence a lateral raceme arising opposite a leaf; fruit broader than long, indehiscent, flattened at right angles to the septum, sometimes splitting into 2 portions; leaves finely dissected"	2
1	"Plants not as above"	3
2	"Inflorescence exceeding leaves at maturity; sepals 1-2 mm long; petals shorter than sepals or absent; stamens 2 (rarely 4); fruit bilobed, 1.5-2 mm long, 2-3 mm wide, notched at apex and base, constricted at septum, separating into 2 subglobose portions, valve surfaces with small pits or warts; plants prostrate to ascending, with or without sparse hairs; malodorous"	"Lepidium didymum"
2	"Inflorescence shorter than leaves at maturity; sepals c. 1 mm long; petals c. 1 mm long; stamens usually 6; fruit reniform, 2-3 mm long, 3.5-4 mm wide, apex acute and base notched, somewhat constricted at septum, not separating into 2 portions, valve surfaces with prominent ridges and peaks; plants prostrate, without hairs; not malodorous"	"Lepidium coronopus"
3	"Inflorescence elongating from a corymb; fruit about as long as broad (heart-shaped), apex obtuse to rounded (but not notched), indehiscent, flattened at right angles to the septum, separating into 1 or 2 seeded portions, valves hemispherical and not winged; plants densely covered with simple hairs; basal leaves obovate to elliptic to 10 cm long, margins scalloped, toothed or entire; stem leaves with base stem-clasping, margins broadly toothed"	"Lepidium draba"
3	"Inflorescence a raceme; fruit squat (less than 3 times as long as broad), dehiscent, flattened at right angles to the septum, apex notched with the style either enclosed in, or exserted from, notch; valves strongly keeled, usually winged"	4
4	"Plants robust, 30 cm to 100 cm tall (rarely up to 200 cm) , producing numerous woody stems arising from an extensive creeping root system; leaves waxy, basal leaves long-petioled, 10-30 cm long and 2.5-8 cm wide; stem leaves sessile, 1-4 cm wide; introduced species, rarely collected"	"Lepidium latifolium"
4	"Plants not as above"	5
5	"Mature stems smooth, scabrous or papillose, or rarely with a few scattered hairs (but then not finely and densely hairy)"	6
5	"Mature stems at least moderately covered with acute or bladder-like hairs, or finely puberulent with short papillate or tapered hairs; stems may be glabrescent to glabrous with age so check carefully"	10
6	"Leaves without hairs, smooth or with scattered dome-shaped tubercles"	7
6	"Leaves with hairs or conical papillae, the indumentum sometimes sparse or on margins only"	8
7	"Basal leaves toothed (extremely rarely pinnately lobed); stem leaves lanceolate, the margins toothed (most usual) or entire, margins glabrous or with sparse needle-like hairs, thin; pedicels 2-3 mm long, shorter than or equal to fruit, with minutely hairy upper surface; fruit 2-3.5 mm long, 1.5-2.5 mm wide; stamens 2; annual or perennial herb up to c. 70 cm tall (but often much less); introduced species of mainly disturbed habitats"	"Lepidium africanum"
7	"Basal leaves bipinnately lobed, stem leaves spathulate, lobed, broadly toothed or entire, thick to leathery; pedicels 4-6 mm long, sometimes papillose on upper surface; fruit 4.5-6 mm long, 3-4.5 mm wide; stamens 4-6; perennial shrub usually less than 30 cm tall; plants of coastal habitats"	"Lepidium foliosum"
8	"Fruit more than 4.5 mm long, distinctly winged and with a deep apical notch, style not extending beyond notch; introduced species, rarely collected"	"Lepidium sativum"
8	"Fruit not as above (always less than 4.5 mm long)"	9
9	"Basal leaves toothed (extremely rarely pinnately lobed); stem leaves lanceolate, the margins toothed (most usual) or entire; leaf margins glabrous or with sparse needle-like hairs"	"Lepidium africanum"
9	"Basal leaves pinnately lobed, lobes narrowly linear; stem leaves linear, pinnately lobed (usually present) to entire; leaf margins (and mid-rib) with stout conical to claw-like hairs (at least towards base of leaf)"	"Lepidium pseudotasmanicum"
10	"Fruit papillose; introduced species, mainly of crops"	"Lepidium campestre"
10	"Fruit not papillose"	11
11	"Perennial herb forming densely leafy patches in summer; stems weakly flexuous, prostrate to decumbent; leaves glabrous, firmly fleshy to succulent, glassy dark-green to yellow-green, turning yellow at senescence; leaf margins usually with minute protrusions or scales; plants with a pungent aroma, flowers sweetly fragrant; plants of wholly coastal habitats"	"Lepidium flexicaule"
11	"Plants not as above"	12
12	"All leaves lobed or dissected to some extent"	"Lepidium bonariense"
12	"At least upper stem leaves not lobed or divided (may be toothed)"	13
13	"Basal leaves pinnately lobed, the lobes toothed, terminal lobe the largest, with often large, coarse hairs; stem leaves distant, spathulate to narrowly wedge-shaped, toothed near apex (rarely closer to base); leaf margin hairs arising from warty projection, and often bilobed; base of leaf tapering to auriculate; stem usually scabrous, with mostly deflexed hairs; most 'natural' records are from very near-coastal sites such as just above the wave-wash zone of rocky shores but the species is also recorded as 'naturalised' in disturbed habitats such as road verges"	"Lepidium desvauxii"
13	"Basal leaves pinnately lobed or toothed; stem leaves linear-lanceolate, toothed or entire, with fine short hairs; leaf margin hairs longer than lamina hairs, not arising from warty projection; base of leaf tapering but not auriculate; stem covered with short, fine spreading hairs; species usually restricted to highly modified habitats such as the suppression zone of ornamental conifers on road verges, but apparently native"	"Lepidium hyssopifolium"
