from	statement	to
1	"Awn 20-40 mm long, falcate, not geniculate; panicle pale green, very dense"	"Dichelachne crinata"
1	"Awn up to 20 mm long, geniculate; panicle green or purplish, open or fairly dense"	2
2	"Lemma 2-3.5 (-4) mm long; awns 6-13 mm long"	"Dichelachne micrantha"
2	"Lemma 4-6 mm long; awns 12-20 mm long"	3
3	"Glumes unequal; lemma longer than the lower glume, often longer than the upper glume"	"Dichelachne inaequiglumis"
3	"Glumes equal to subequal; lemma shorter than to subequal to the glumes"	"Dichelachne rara"
