from	statement	to
1	"Culms producing, in the middle and upper portions, dense fascicles of repeatedly branched sterile branches"	"Restio tetraphyllus"
1	"Culms unbranched or bearing a few fertile branches"	2
2	"Culms flattened, cauline sheaths thin, pale, closely appressed"	"Restio complanatus"
2	"Culms terete, cauline sheaths scarious to coriaceous, open above and more-or-less spreading"	3
3	"Floral glumes caudate"	"Restio australis"
3	"Floral glumes obtuse to acute or shortly mucronate"	4
4	"Cauline sheaths several, spreading to patent in the upper half, apex obtuse, woolly-hairy; glumes with ciliate margins and occasionally with a cluster of woolly hairs below the apex"	"Restio hookeri"
4	"Cauline sheaths 1 (-2), apex glabrous, with membranous auricles and a reduced lamina up to 4 mm long; glumes glabrous, with narrow membranous margins"	"Restio monocephalus"
