from	statement	to
1	"Sterile and fertile fronds unbranched; fertile lamina ('comb') > four times as long as broad, the pinnae with ragged forward-pointing lobes and no hairs"	"Schizaea fistulosa"
1	"Sterile and fertile fronds sometimes branched; fertile lamina < three times as long as broad, the pinnae margins smooth, with fine, long hairs"	2
2	"Sterile fronds present, branched up to five times; fertile fronds branched up to four times"	"Schizaea asperula"
2	"Sterile fronds usually absent but unbranched when present; fertile fronds unbranched or branched once"	"Schizaea bifida"
