from	statement	to
1	"Sporangia borne on stems, in the axils of leaves or leaf-like organs, or embedded in the expanded bases of such organs (fern allies)"	2
1	"Sporangia borne otherwise (on leaves or in nut-like sporocarps) (ferns)"	8
2	"Sporangia very large, fused in pairs (synangia) and borne on the upper surface of forked leaves"	Tmesipteris
2	"Sporangia single, large (visible to the naked eye), and borne on the upper (adaxial) basal section of leaves"	3
3	"Plant heterosporous; leaves ligulate (see Figs 5D, E)"	4
3	"Plant homosporous; leaves without a ligule"	5
4	"Leaves very small (< 10 mm in length) and scale-like. Terrestrial plant of damp soil"	Selaginella
4	"Leaves 30–700 mm in length, rosette-forming and quill-like. Aquatic or semi-aquatic plants"	Isoetes
5	"Plant spreading, upright or pendant, with numerous scale like leaves and at least several fertile spikes or regions"	6
5	"Plant growing from a tuber, with a basal rosette of cylindrical leaves and a solitary fertile spike"	"Phylloglossum drummondii"
6	"Plant stem tufted; sporophylls similar to vegetative leaves, fertile regions not markedly discernible"	Huperzia
6	"Plant stem spreading (but sometimes with erect branches); sporophylls grouped into distinct strobili"	7
7	"Strobili lateral on stems or side-branches. Plants of permanently moist or poorly drained soils"	Lycopodiella
7	"Strobili terminating stems or side-branches. Plants of usually well-drained soils"	Lycopodium
8	"Plant aquatic (at least for part of the year)"	9
8	"Plant terrestrial, epiphytic or lithophytic"	11
9	"Plant free-floating"	"Azolla filiculoides"
9	"Plant rooted in mud, often immersed"	10
10	"Leaves clover-like and floating. (Introduced species)"	"Marsilea mutica"
10	"Leaves grass-like and often immersed"	"Pilularia novae-hollandiae"
11	"Plant NOT possessing a typical fern frond as below; sterile and fertile fronds markedly different"	12
11	"Plant possessing typical fern frond – either simple or divided, with sporangia or sori present on its underside or margin; sterile and fertile fronds similar"	15
12	"Fertile spike and vegetative leaf having a shared leaf petiole; new fronds non-circinate"	13
12	"Fertile and vegetative leaves separate; new fronds circinate"	14
13	"Leaf compound"	Botrychium
13	"Leaf simple"	"Ophioglossum lusitanicum"
14	"Fertile lamina a comb-like structure"	Schizaea
14	"Fertile lamina a reduced version of the sterile lamina"	Blechnum
15	"Fronds small (usually < 15 cm in length) and membranous; sporangia on margins of pinnae in cup-shaped protuberances (filmy ferns)"	16
15	"Fronds small to large, herbaceous to coriaceous; sporangia on underside of fronds or on their inrolled margins"	18
16	"Fronds green or yellow-green, glabrous"	17
16	"Fronds grey-brown, densely clothed in stellate hairs"	"Apteropteris applanata"
17	"Indusium short and split into two halves with no protruding bristle"	Hymenophyllum
17	"Indusium long and tubular with a long, protruding bristle"	"Polyphlebium venosum"
18	"Fronds bipinnate, monomorphic; sporangia not grouped into sori but densely spread over pinnule undersurface"	"Todea barbara"
18	"Fronds simple to quadripinnate, monomorphic or dimorphic; sporangia grouped into sori"	19
19	"Plant capable of producing a trunk > 1 m tall; base of stipe > 10 mm thick (treefern)"	20
19	"Plant with ultimate trunk height of < 1 m, or no trunk at all; base of stipe < 10 mm thick"	21
20	"Stipe bases and croziers clothed with scales; sori approximately halfway between midvein and margin"	Cyathea
20	"Stipe bases and croziers clothed with hairs; sori marginal"	"Dicksonia antarctica"
21	"Sori lacking an indusium, with up to five very large sporangia easily visible to the naked eye; annual increments of frond growth in tiers (except Gleichenia abscida)"	22
21	"Sori with or without an indusium, sporangia small and numerous, not visible to the naked eye"	23
22	"Pinnules + hemispherical, <5 mm in diameter"	Gleichenia
22	"Pinnules linear, > 10 mm in length"	Sticherus
23	"Fertile fronds lobed like the sterile fronds but with much narrower pinnae; sori parallel to pinna midrib"	24
23	"Fertile and sterile fronds similar"	25
24	"Pinnae on fertile fronds < half as wide as pinnae on sterile fronds; sori continuous on either side of pinna midvein"	Blechnum
24	"Pinnae on fertile fronds > half as wide as pinnae on sterile fronds; sori oblong and interrupted either side of pinna midvein"	Doodia
25	"Sori marginal or appearing so; the pinnule margin often reflexed over the sori as a false indusium"	26
25	"Sori situated well away from pinnule or frond margin"	35
26	"Sori kidney-shaped"	"Adiantum aethiopicum"
26	"Sori round, linear or continuous around pinnule margin"	27
27	"Sori round"	28
27	"Sori linear or continuous around pinnule margin"	29
28	"Stipe and rachis almost glabrous except for white, non septate hairs matted at base of stipe and scattered on the rachis; indusium cup-like, formed from reflexed leaf margin and inner membranous flap"	"Calochlaena dubia"
28	"Stipe and rachis sparsely to densely covered in septate (and non-septate) hairs; indusium not present, or sori protected by the slightly reflexed leaf margin"	Hypolepis
29	"Rhizome erect"	30
29	"Rhizome short- to long-creeping"	31
30	"Sori more or less continuous around the pinna margin, protected by the reflexed margin but with no indusium"	Pteris
30	"Sori elongated along vein, oblong, and the indusium easily visible; pinna margin not reflexed"	Asplenium
31	"Rhizome very long-creeping; fronds 60–200 cm tall. Plant weedy or opportunistic"	32
31	"Rhizome short- to medium-creeping; fronds < 50 cm tall"	33
32	"Lamina dark green and coriaceous; pinna midribs with shallow lobing between the ultimate pinnae; pinnule undersurface covered with brown hairs. (Bracken fern)"	"Pteridium esculentum"
32	"Lamina blue-green and herbaceous; all midribs smooth; pinnule undersurface glabrous"	"Histiopteris incisa"
33	"Indusium opening outwards towards the leaf margin"	Lindsaea
33	"No indusium present (sori may be protected by inrolled leaf margin"	34
34	"Fronds pinnate; leaf margin hardly or not reflexed"	Pellaea
34	"Fronds bi- to tripinnate; leaf margin greatly reflexed"	Cheilanthes
35	"Sorus a continuous single band either side of and parallel to the pinna midvein"	36
35	"Sorus not as above"	37
36	"Frond < 30 cm in length; pinnae at mid frond < 3 cm in length, lower pinnae much reduced in size"	Doodia
36	"Frond > 30 cm in length; pinnae at mid frond > 5 cm in length, lower pinnae hardly reduced in size (B. cartilagineum)"	Blechnum
37	"Fronds undivided or pinnatifid"	38
37	"Fronds pinnate or more dissected"	40
38	"Fronds < 15 cm in length, dull, undivided or pinnatifid; lamina veins not visible to the naked eye"	39
38	"Fronds usually > 15 cm in length, shiny, variable in shape but often pinnatifid; lamina veins clearly visible to the naked eye"	"Phymatosorus pustulatus"
39	"Fronds undivided"	Grammitis
39	"Fronds pinnatifid, or if undivided then immature"	"Ctenopteris heterophylla"
40	"Sori oblong to linear or, rarely, in an undefinable mass"	41
40	"Sori more or less round"	45
41	"Lamina with a dense covering of hairs"	"Pleurosorus rutifolius"
41	"Lamina not hairy"	42
42	"Sori parallel to pinna midrib"	Doodia
42	"Sori oblique to pinna midrib"	43
43	"Sorus protected by an indusium, at least until spores are shed"	44
43	"Sorus not protected by an indusium"	"Anogramma leptophylla"
44	"Plant terrestrial; rhizome erect; base of stipe covered in non-clathrate, papery scales"	"Diplazium australe"
44	"Plant epiphytic or lithophytic, rarely terrestrial; rhizome erect or short-creeping; base of stipe with a tuft of clathrate scales"	Asplenium
45	"Immature sori without indusia, or slightly covered by reflexed leaf margin"	46
45	"Immature sori with indusia"	48
46	"Rhizome long-creeping"	Hypolepis
46	"Rhizome erect"	47
47	"Plant terrestrial; fronds > 20 cm in length; sori round"	"Pneumatopteris pennigera"
47	"Plant epiphytic or on rock; fronds < 20 cm in length; sori oval"	"Ctenopteris heterophylla"
48	"Rhizome erect or creeping; rachis sparsely covered in scales or not at all"	49
48	"Rhizome erect; rachis heavily clothed in scales"	"Polystichum proliferum"
49	"Rhizome long-creeping; frond coriaceous; indusium round, peltate (attached at the centre)"	"Rumohra adiantiformis"
49	"Rhizome erect, creeping or very short creepeing; frond herbaceous or mebranous; indusium kidney or hood-shaped, attached along its radius or at its base and arching over the sorus"	50
50	"Rhizome erect or creeping; frond herbaceous; indusium kidney-shaped, attached along its radius"	Lastreopsis
50	"Rhizome very short-creeping; frond membranous; indusium hood-shaped, attached at its base and arching over the sorus"	"Cystopteris tasmanica"
