from	statement	to
1	"Flowers yellow; calyx 5-veined; pod shortly stipitate"	2
1	"Flowers white, pink or crimson; calyx 10–20-veined (but 5-veined in <i>T. hybridum</i>)"	4
2	"Standard furrowed, not folded longitudinally; flowers 30–50 in dense ovoid heads"	"Trifolium campestre"
2	"Standard not or scarcely furrowed, folded longitudinally; flowers 2–20 in loose globular heads"	3
3	"Flowers (4–)10–20 in a head; pedicels shorter than the calyx tube; standard entire"	"Trifolium dubium"
3	"Flowers 2–6 in a head; pedicels slender, c. equal to the calyx tube; standard notched"	"Trifolium micranthum"
4	"Heads pedunculate, 2–6-flowered, inner florets sterile; in the fruiting stage calyces of sterile flowers recurved and enlarged to cover pods, peduncles deflexed and head pushed into the ground"	"Trifolium subterraneum"
4	"Heads pedunculate or sessile but fruiting heads not as above"	5
5	"Calyx swollen and bladder-like in the fruiting stage"	6
5	"Calyx not swollen in the fruiting stage"	8
6	"Perennial herb rooting at the nodes; peduncles long, 5–15 cm"	"Trifolium fragiferum"
6	"Annual herb, stem not rooting at the nodes; peduncles short, 0.5–2.5 cm"	7
7	"Upper lip of calyx resupinate and swollen, tomentose, conspicuously reticulate with the veins often dark; 2 upper calyx teeth short, c. as long as the hairs"	"Trifolium tomentosum"
7	"Upper lip of calyx resupinate and swollen, somewhat tomentose, faintly reticulate; 2 upper calyx teeth divergent, conspicuous"	"Trifolium resupinatum"
8	"Stems creeping and rooting at the nodes; flowers white, in heads on long peduncles"	"Trifolium repens"
8	"Stems not rooting at the nodes"	9
9	"Heads terminal or terminating axillary branches, sessile, or on peduncles shorter than the petioles"	10
9	"Heads terminal, sometimes also axillary, on peduncles longer than the petioles"	14
10	"Throat of the calyx tube glabrous inside, not constricted"	11
10	"Throat of the calyx tube with a ring of hairs or callous inside at the base of the lobes"	13
11	"Heads shortly pedunculate, rather loose; flowers on short pedicels"	"Trifolium cernuum"
11	"Heads and flowers sessile"	12
12	"Heads crowded at the base of very short prostrate stems; petals white, scarcely longer than the calyx"	"Trifolium suffocatum"
12	"Heads not crowded, often distant along the branches; petals pink, much longer than the calyx"	"Trifolium glomeratum"
13	"Lateral veins of the leaflets forked, recurved and thickened at the tips; calyx lobes recurved in the fruit; petals white"	"Trifolium scabrum"
13	"Lateral veins of the leaflets straight, not thickened at the tips; calyx lobes sub-erect in the fruit; petals pink"	"Trifolium striatum"
14	"Mature flower heads globular or ovoid"	15
14	"Mature flower heads cylindrical"	19
15	"Calyx lobes longer than the corolla, spreading widely in the fruiting stage"	"Trifolium stellatum"
15	"Calyx lobes not longer than the corolla"	16
16	"Flowers on short pedicels which are deflexed after flowering"	"Trifolium hybridum"
16	"Flowers sessile and erect after flowering"	17
17	"Corolla 2–3 times as long as the calyx and up to 18 mm long"	18
17	"Corolla only slightly longer than the calyx, up to 8 mm long"	"Trifolium squamosum"
18	"Flower-heads closely subtended by a pair of more-or-less opposite leaves; calyx tube and lobes hairy"	"Trifolium pratense"
18	"Flower-heads clearly above: the last leaves of the stem or pedunculate in the axil of a leaf; calyx tube glabrous, lobes hairy"	"Trifolium medium"
19	"Mature heads 1.5–2.0 cm long"	"Trifolium arvense"
19	"Mature heads 3–8 cm long"	20
20	"Leaflets broadly obovate"	"Trifolium incarnatum"
20	"Leaflets linear or Iinear-lanceolate, 3–5 cm long"	"Trifolium angustifolium"
