from	statement	to
1	"Plants tufted or tussock-forming; leaf-blades (4-)8-40 cm long, suberect to recurved, upper part more-or-less curled as it dries; inflorescence of 8-30 spikelets in 3-6 groups; 1 or more leafy bracts overtopping inflorescence by 0.5-7 cm"	2
1	"Plants forming extensive mats; leaf-blades 2-5 cm long, half-spreading, rigid; inflorescence of 2-6 spikelets in 1-3 groups; leafy bracts not or scarcely overtopping inflorescence"	"Carpha rodwayi"
2	"Leaves with only tips tending to curl when drying; glumes blunt to subacute; hypogynous bristles with spreading hairs 1.25-1.7 mm long"	"Carpha alpina"
2	"Leaves with upper third conspicuously curled when drying; glumes long-acute, apices often more-or-less spreading; hypogynous bristles with suberect hairs 0.75-0.95 mm long"	"Carpha curvata"
