from	statement	to
1	"Fertile and sterile fronds equal in dimensions"	"Blechnum cartilagineum"
1	"Fronds dimorphic, fertile frond a reduced version of the sterile frond"	2
2	"Fronds mostly undivided, occasionally pinnatifid"	"Blechnum patersonii"
2	"Fronds pinnate"	3
3	"Basal pinnae of sterile fronds not reduced in size, or only slightly smaller than those of mid-frond"	4
3	"Basal pinnae of sterile fronds much reduced in size"	6
4	"Pinnae of sterile fronds rounded or oblong"	"Blechnum fluviatile"
4	"Pinnae of sterile fronds lanceolate"	5
5	"Basal pair of pinnae markedly curved, dissimilar to other pinnae"	"Blechnum vulcanicum"
5	"All pinnae similar, not curved"	"Blechnum wattsii"
6	"Rhizome long-creeping; sterile fronds usually < 20 cm in length, the pinnae at mid-frond < 1.5 cm in length"	"Blechnum penna-marina"
6	"Rhizome erect; sterile fronds 15–200 cm in length, the pinnae at mid-frond > 2 cm in length"	7
7	"Pinnae of sterile frond well-spaced, joined to the rachis by a slender stalk"	"Blechnum minus"
7	"Pinnae of sterile frond closely set, broadly attached to the rachis (lacking a distinct stalk)"	8
8	"Lamina dark green and harsh-textured; rachis grooved; pinnae margins irregularly and shallowly serrated. Creekside plant in sheltered areas"	"Blechnum chambersii"
8	"Lamina light green and soft-textured; rachis very shallowly grooved or not at all; pinnae margins entire. Abundant in a wide range of habitats"	"Blechnum nudum"
