from	statement	to
1	"Phyllodes mostly fascicled or alternate, not in distinct whorls, subulate, slender, divaricate or reflexed; flowers in small globular ovoid heads (rarely in short spikes); procumbent shrub to ca. 60 cm tall, with few straggly-spreading branches; usually near-coastal in sandy heathy vegetation"	"Acacia verticillata subsp. ovoidea"
1	"Phyllodes usually in distinct whorls (rarely fascicled); flowers in distinct spikes"	2
2	"Phyllodes usually <3 mm wide, linear-subulate or narrow-lanceolate, narrowed into a pungent point, with 1 prominent central vein; flowers in cylindrical spikes usually 1-2 cm long; tall shrub to small tree; widespread species of various habitats"	"Acacia verticillata subsp. verticillata"
2	"Phyllodes usually >3 mm wide lanceolate, oblanceolate or oblong, acuminate-pungent, with 1 prominent central vein and sometimes 1-2 lateral veins; flowers as in subsp. verticillata but often more crowded and forming a dense spike; shrub; usually near-coastal in windswept and saltspray-influenced habitats"	"Acacia verticillata subsp. ruscifolia"
