from	statement	to
1	"Leaves and culms unitubular, septate"	"Baumea articulata"
1	"Leaves and culms not hollow, or the culms hollow below the panicle, if septate, the centres multi tubular, the septa only partially transverse"	2
2	"Leaves and culms quadrilateral in section"	"Baumea tetragona"
2	"Leaves and culms terete or flattened"	3
3	"Leaves and culms flattened"	"Baumea acuta"
3	"Leaves and culms terete or somewhat compressed"	4
4	"Leaves and culms with a multitubular pith and partially transverse septa, culms hollow, at least below the panicle"	5
4	"Leaves without septa and culms with a spongy pith"	6
5	"Septa of the leaf obvious externally, at least in dried specimens, mature nut 2-2·5 mm long, whitish, at first with 3 prominent ribs"	"Baumea arthrophylla"
5	"Septa of the leaf not obvious externally; mature nut c. 3 mm long, orange, smooth, shining"	"Baumea rubiginosa"
6	"Leaves reduced to a sheathing base with a minute lamina"	"Baumea juncea"
6	"Leaves 20-70 cm long, similar to the culms"	"Baumea gunnii"
