from	statement	to
1	"Leaves narrow-linear to subulate, apex acute or pungent; tepals without marginal wings"	"Persoonia juniperina"
1	"Leaves narrowly to broadly obovate to spathulate, apex rounded or blunt; tepals with undulate marginal wings"	2
2	"Prostrate shrubs; leaves 0.5-0.8(-1.5) cm long, often twisted to one side; tepals 7-10 mm long"	"Persoonia moscalii"
2	"Erect shrubs; leaves 1.5-5 cm long, not or scarcely twisting to one side; tepals 8-15(-20) mm long"	3
3	"Leaves 2-4 cm long, thin, transverse ridges few or obscure, abaxial surface strigose only in distal portion; tepals (8-)10-15 mm long"	"Persoonia gunnii"
3	"Leaves 1.5-5 cm long, thick, drying with conspicuous transverse ridges, abaxial surface usually strigose throughout at maturity (± glabrescent in subsp. muelleri); tepals (10-)15-20 mm long"	"Persoonia muelleri"
