from	statement	to
1	"Inflorescence a dense, terminal capitulum on a long, erect scape; corolla bright blue, almost actinomorphic; leaves radical"	Brunonia
1	"Inflorescence not a terminal head, if scapose then lax; corolla pink, mauve, yellow or white, zygomorphic; leaves radical and/or cauline"	2
2	"Anthers connate around the style"	Dampiera
2	"Anthers free"	3
3	"Corolla yellow, sometimes with brownish markings"	4
3	"Corolla pink, mauve, white or cream"	5
4	"Ovary inferior to half inferior"	Goodenia
4	"Ovary superior"	Velleia
5	"Corolla pink or mauve, 2-lipped, lobes unequal"	Coopernookia
5	"Corolla white or cream, 1-lipped, lobes ± equal"	6
6	"Corolla lobes winged; seeds unwinged; leaves not fleshy; plants hairy (not in saline marshes)"	Scaevola
6	"Corolla lobes without wings; seeds winged; leaves fleshy; plants glabrous (saline marshes)"	Selliera
