from	statement	to
1	"Spikelets in groups of 7 with a fertile spikelet surrounded by 6 reduced sterile spikelets"	"Phalaris paradoxa"
1	"Spikelets all alike"	2
2	"Perennials with spreading rhizomes; sterile lemmas equal, c. half as long as the fertile floret, subulate"	"Phalaris arundinacea"
2	"Perennials or annuals, without spreading rhizomes; sterile lemmas unequal or if subequal and c. half as long as the fertile floret then not subulate"	3
3	"Sterile lemmas subequal, c. half as long as the fertile floret, relatively broad, chartaceous; plants annual"	"Phalaris canariensis"
3	"Sterile lemmas unequal, subulate, the lower much reduced or absent; plants annual or perennial"	4
4	"Plants perennial from a crown of contracted rhizomes; basal internodes often swollen; fertile floret symmetrically ovate-lanceolate in side view, 3-4.5 mm long"	"Phalaris acquatica"
4	"Plants annual, basal internodes not swollen; fertile floret asymmetrically ovate-lanceolate in side view, usually 2.7-3 mm long"	"Phalaris minor"
