from	statement	to
1	"Pinnae margins serrated"	2
1	"Pinnae margins entire"	3
2	"Pinnae divided both sides of midrib"	"Hymenophyllum cupressiforme"
2	"Pinnae divided one side only of midrib"	"Hymenophyllum peltatum"
3	"Frond undivided or occasionally once or twice forked, usually < 15 mm in length, with a black margin"	"Hymenophyllum marginatum"
3	"Frond pinnate to tripinnate, > 20 mm in length, without a black margin"	4
4	"Stipe winged"	5
4	"Stipe not winged"	6
5	"Lamina broadly triangular in outline, often crinkled; base of indusium rounded"	"Hymenophyllum australe"
5	"Lamina oblong to linear in outline, flat; base of indusium angular"	"Hymenophyllum rarum"
6	"Lamina light- or yellow-green, bi- to tripinnate, narrowly triangular in outline, to 30 cm in length; stipe base with yellow hairs"	"Hymenophyllum flabellatum"
6	"Lamina dark- or blue-green, pinnate to bipinnate, oblong to linear in outline, to 15 cm in length; stipe base glabrous"	"Hymenophyllum rarum"
