from	statement	to
1	"Lateral nerves of the lemma extending beyond the lemma apex as bristles, the inner pair of bristles up to 4 mm long; lemma 6-8 mm long"	"Amphibromus archeri"
1	"Lateral nerves of the lemma not extending beyond the lemma apex or if extended as mucros or very short awns then the lemma 4.5-5.5 mm long"	2
2	"Lemma apex more-or-less truncate, the lateral nerves extending into 4 more-or-less equal teeth and occasionally beyond as mucros or very short awns; lemmas 4.5-5.5 mm long, panicle more-or-less linear, the branches short, appressed"	"Amphibromus recurvatus"
2	"Lemma apex acute, 2-lobed, the lobes hyaline, lateral nerves extending into the hyaline lobes but not beyond the margin; lemmas 4.5-8 mm long; panicle branches more-or-less spreading"	3
3	"Culms decumbent, rooting at the nodes; lemma awn straight, not twisted"	"Amphibromus sinusatus"
3	"Culms erect; plant tufted; lemma awns bent, the column more-or-less twisted"	4
4	"Lemma coarsely papillose-scabrous; awn inserted at about the midpoint of the lemma"	"Amphibromus macroshinus"
4	"Lemma sub smooth to minutely scaberulous; awn inserted in the upper third of the lemma"	"Amphibromus neesii"
