from	statement	to
1	"Fronds pinnate"	2
1	"Fronds bi- to tripinnate"	5
2	"Pinnae lanceolate to elliptic, leathery, > 20 mm in length. Common on coastal rock"	"Asplenium obtusatum"
2	"Pinnae rounded, oblong or fan-shaped, < 20 mm in length"	3
3	"Stipe and rachis soft and flexible, green or brown in colour; top portion of rachis bare, sometimes proliferous"	"Asplenium flabellifolium"
3	"Stipe and rachis brittle and shiny brown to black in colour; top portion of rachis with pinnae, not proliferous"	4
4	"Stipes and rachises mostly black in colour. Growing on limestone; widespread"	"Asplenium trichomanes subsp. quadrivalens"
4	"Stipes and rachises mostly reddish brown in colour. Growing on non-calcareous rock; rare, localised in the north-east"	"Asplenium trichomanes subsp. trichomanes"
5	"Fronds bipinnate, rosette-forming, < 15 cm in length; segments thinly stalked. Very rare, terrestrial in dark gullies"	"Asplenium hookerianum"
5	"Fronds bi- to tripinnate, weeping, 10–90 cm in length; segments thickly stalked. Epiphytic or on rock"	6
6	"Pinnules well-spaced (distance between segments > half segment length). Mainly on trees in rainforest in the west of the State"	"Asplenium flaccidum"
6	"Pinnules crowded or even fused together. On trees or rock; statewide"	7
7	"Fronds dark green; pinnule undersurfaces and midribs almost glabrous, the pinnae with long and seldom-toothed acuminate tips; sori 2–7 mm in length; bulbils absent. Common; epiphytic and on rock"	"Asplenium terrestre"
7	"Fronds pale- to mid-green; pinnule undersurfaces and midribs sparsely to densely covered in small scales; the pinnae + deeply toothed for their whole length; sori 2– 4 mm in length; bulbils sometimes present. Common; epiphytic and on rock"	"Asplenium bulbiferum"
