from	statement	to
1	"Plant prostrate; vegetative leaves dimorphic and flattened into one plane"	"Lycopodium scariosum"
1	"Plant almost prostrate to upright; vegetative leaves uniform and not flattened into one plane"	2
2	"Plant tree-like to 60 cm in height; combined length of strobilus and stalk less than one-fifth of plant height. Lowlands"	"Lycopodium deuterodensum"
2	"Plant compact or sparsely bushy to 20 cm in height; combined length of strobilus and stalk more than one quarter of plant height. Highlands"	"Lycopodium fastigiatum"
