from	statement	to
1	"Leaves compound, imparipinnate"	Fraxinus
1	"Leaves simple"	2
2	"Leaves densely peltate-scaly on the abaxial surface, scattered peltate-scaly on the adaxial surface; flowers in axillary racemes"	Olea
2	"Leaves glabrous, or puberulous when young; flowers in terminal panicles or axillary racemes"	3
3	"Flowers in axillary racemes; corolla lobes united in pairs only at the very base by the insertion of the filaments"	Notelaea
3	"Flowers in terminal racemes or panicles; corolla lobes united at the base into a small tube"	Ligustrum
