from	statement	to
1	"Fruit a loculicidal capsule"	2
1	"Fruit a drupe"	6
2	"Leaf bases broadly sheathing"	3
2	"Leaf bases not sheathing (but lamina may be stem clasping)"	4
3	"Leaf scars annular"	"tribe Richeeae"
3	"Leaf scars absent, stems smooth"	"tribe Cosmelieae"
4	"Leaf margins serrate or serrulate; anthers dehiscing by two slits"	"tribe Prionoteae"
4	"Leaf margins entire; anthers dehiscing by a single slit"	5
5	"Flowers pedicellate above upper bracts"	"tribe Archerieae"
5	"Flowers not pedicellate above upper bracts"	"tribe Epacreae"
6	"Ovary 2-locular; stamens 2; corolla glabrous inside"	"tribe Oligarrheneae [not in Tas.]"
6	"Ovary 1-11 locular; stamens 4 or 5; corolla hairy inside"	"tribe Styphelieae"
