from	statement	to
1	"Stamens (2)5"	"subfam. Epacridoideae"
1	"Stamens 8 or 10"	2
2	"Bush or subshrub; leaves scale-like or narrow-linear, ericoid, 0.1-2 cm long; flowers 4-merous"	"subfam. Ericoideae"
2	"Bush or small tree; leaves narrow-elliptical to broadly-elliptical or lanceolate or almost orbicular, 0.3-16 cm long; flowers 5-merous"	3
3	"Petals 35-45 mm long; fruit a dry capsule, not surrounded by a persistent calyx"	"subfam. Ericoideae:Rhododendron"
3	"Petals 2.5-10 mm long; fruit either a dry capsule and then surrounded by fleshy calyx, or a fleshy berry"	4
4	"Tall erect shrub or small tree; fruit a fleshy berry, not surrounded by fleshy calyx; stems with gland-tipped hairs"	"subfam. Arbutoideae"
4	"Weak shrub; fruit a capsule surrounded by fleshy calyx; stems with acicular hairs"	"subfam. Vaccinioideae"
