from	statement	to
1	"Plants with stellate hairs and long, scattered spines throughout"	"Solanum marginatum"
1	"Plants with simple or glandular hairs, stellate hairs and spines absent"	2
2	"At least some leaves deeply lobed or divided, entire leaves may also be present"	3
2	"Leaves entire or shallowly lobed"	6
3	"Shrubs to 3 m high; leaves (5-)10-30 cm long, entire or ± evenly divided into 2-4(-6) distant, broad-linear lobes; flowers 2-5 cm diam.; mature berries green or yellowish-orange, 2-3.5 cm diam."	4
3	"Prostrate or scrambling herbs or shrubs; leaves 3-5(-8) cm long, entire, or with 1-2 basal lobes, or irregularly pinnate to pinnatisect; flowers 0.8-1.5 cm diam.; mature berries red or olive-brown, 1-1.5 cm diam."	5
4	"Corolla lobes acute to rounded; mature berry green with whitish markings, globular"	"Solanum vescum"
4	"Corolla lobes emarginate; mature berry yellowish-orange, ellipsoid"	"Solanum laciniatum"
5	"Lower leaves entire, upper leaves with 1-4 ± uneven basal lobes; mature berry bright red"	"Solanum dulcamara"
5	"All leaves irregularly pinnatifid to pinnatisect; mature berry pale olive-brown"	"Solanum triflorum"
6	"Mature berry red; peduncle usually 1-2 flowered"	"Solanum pseudocapsicum"
6	"Mature berry black, green or green with purplish markings; peduncle mostly with 2 or more flowers"	7
7	"Plants sprawling; mature berry green or green with purplish markings"	8
7	"Plants mostly erect; mature berry black"	9
8	"Indumentum mainly of non-glandular hairs; calyx 2-3 mm long, slightly enlarged in fruit, lobes 0.5-1 mm long; berry 8-10 mm diam."	"Solanum opacum"
8	"Indumentum of glandular hairs; calyx 1.5-2.5 mm long, accrescent in fruit, lobes 1-2.5 mm long, broad-triangular; berry 6-9 mm diam."	"Solanum physalifolium"
9	"Mature berry very glossy; > 40 seeds per fruit"	"Solanum nodiflorum"
9	"Mature berry dull; < 40 seeds per fruit"	10
10	"Stigma 2-3 mm above anther tips; corolla 10-20 mm diam."	"Solanum furcatum"
10	"Stigma enclosed or not more than 1 mm above anther tips; corolla 8-12 mm diam."	"Solanum nigrum"
