from	statement	to
1	"Leaves 1-4 cm long, dark green, stiff, more-or-less glossy; inflorescence usually a raceme, occasionally a reduced panicle, shorter than or slightly longer than the leaves, 2-6-flowered"	"Milligania johnstonii"
1	"Leaves more than 5 cm long, not dark green, stiff and glossy; inflorescence usually a panicle, occasionally, in depauperate plants, a raceme, usually more than 15 cm long, 7-many-flowered"	2
2	"Ovary not hidden within the perianth tube; perianth lobes spreading or reflexed in fruit"	3
2	"Ovary more-or-less enclosed and hidden within the perianth tube; perianth lobes more-or-less erect in fruit, enfolding the capsule"	4
3	"Leaves 5-20 cm long, lower surface with a dense tomentum of crisped woolly hairs; flowers white or cream, red at the throat; filaments red; styles up to 1.5 mm long; capsule longer than wide"	"Milligania lindoniana"
3	"Leaves 15-50 cm long; lower surface white with a dense indumentum of felted hairs, perianth and filaments white; styles 1.5-2 mm long; capsule more-or-less as wide as long"	"Milligania stylosa"
4	"Leaves linear, up to 125 cm long and up to 2.5 cm wide, more-or-less glabrous; perianth tube and lobes glabrous or sparsely hairy; panicle axis and branches with more-or-less scattered fascicles of short crisped hairs"	"Milligania longifolia"
4	"Leaves lanceolate or lanceolate-attenuate, up to 55 cm long by up to 5 cm wide with an indumentum of long silky hairs, persistent or caducous; panicle axis, branches, pedicels and perianth tube densely silky-hairy"	"Milligania densiflora"
