from	statement	to
1	"Nectaries 2 per perianth segment, white, inserted at the margins of the segment; flowers 1-2 per inflorescence, bisexual"	"Wurmbea uniflora"
1	"Nectary 1 per segment, a transverse band, sometimes with a narrow break at the middle, purple, white or pale violet; plants dioecious or the flowers bisexual"	2
2	"Nectary purple; stamens half to two thirds the length of the perianth; plants dioecious or the flowers bisexual"	"Wurmbea dioica"
2	"Nectary white or pale violet; stamens two thirds to three quarters the length of the perianth; plants dioecious"	"Wurmbea latifolia"
