from	statement	to
1	"Culm stout, erect, cane-like; panicle compound, wide-spreading; spikelets very numerous, less than 10 mm long; lemmas 3-4 mm long"	"Glyceria maxima"
1	"Culm soft, somewhat weak, erect or ascending; panicle simple or compound; spikelets usually less than 50, more than 10 mm long; lemmas 3·5-10 mm long"	2
2	"Apex of lemma obtuse, with a wide hyaline margin, shallowly toothed or lobed"	3
2	"Apex of lemma acute to acuminate, hyaline margin narrow, not toothed or lobed"	4
3	"Palea slightly longer than the lemma, apex acute, the keels curving gradually to terminate in two cuspidate teeth; lemma nerves extending well into the hyaline margin which has 3-5 shallow lobes"	"Glyceria declinata"
3	"Palea shorter than the lemma, apex obtuse, terminating in two short bristles; lemma nerves not extending far into the hyaline margin which is entire or 3-lobed"	"Glyceria plicata"
4	"Upper glume 5-8 mm long; lemmas 6-10 mm long, acute or acuminate"	"Glyceria australis"
4	"Upper glume 3-4 mm long; lemmas 5.5-7 mm long, acute or subobtuse"	"Glyceria fluitans"
