from	statement	to
1	"Spikelets 4.5-5 mm long"	"Panicum miliaceum"
1	"Spikelets less than 3.5 mm long"	2
2	"Plant decumbent; leaves purplish; panicle enclosed at the base in the uppermost leaf-sheath; shorter pedicel of the pair of spikelets 1.5-2 mm long"	"Panicum schinzii"
2	"Plant erect; leaves green; panicle exserted, decompound, widespreading; shorter pedicel of the pair of spikelets at least 2.5 mm long, usually much more"	3
3	"Spikelets 2-2.5 mm long; fertile floret c. 1.5 mm long"	"Panicum capillare var. capillare"
3	"Spikelets 2.5-3 (-3.3) mm long; fertile floret c. 2 mm long"	4
4	"Lowest branches slender, shorter than the intermediate branches; sterile floret, palea absent; fertile lemma truncate at the base"	"Panicum capillare var. occidentale"
4	"Lowest branches stout, longer than the upper branches; sterile floret, palea c. half as long as, the lemma; fertile lemma with a brownish lunate scar at the base"	"Panicum hillmanii"
