from	statement	to
1	"Ovary 2-3 locular; styles 2-3; fruit a capsule"	2
1	"Ovary 1-locular; styles 3; fruit a nut"	3
2	"Flowers arranged in spikelets with imbricate glumes; ovary 2-locular"	Restio
2	"Flowers not in spikelets, each subtended by 1-2 bracteoles; ovary and capsule 3-locular"	Lepyrodia
3	"Flowers arranged in spikelets with imbricate glumes"	4
3	"Flowers not in spikelets; each subtended by 1-2 bracteoles"	5
4	"Culms usually simple, spikelets several-flowered"	Leptocarpus
4	"Culms much-branched, wiry, often flexuose; spikelets 1-flowered"	Hypolaena
5	"Culms simple, erect, stout"	Winifredia
5	"Culms much-branched, scrambling, slender, wiry"	6
6	"Flowers sessile to shortly pedicellate, within bracts of the inflorescence; staminodes absent"	Empodisma
6	"Flowers on elongated pedicels much longer than the bracts; staminodes"	Calorophus
