from	statement	to
1	"Inflorescence of simple clusters; flowers solitary, crowded in heads; bracts persistent (section Cystanthe)"	2
1	"Inflorescence of compound spikes or panicles; flowers in clusters along a central axis; bracts caducous (section Dracophylloides)"	5
2	"Leaves 8-25 mm long; flowers in erect terminal heads"	3
2	"Leaves 20-40(-80) mm long; flowers in drooping terminal heads"	"Richea milliganii"
3	"Leaves greater than 3 mm wide; nectary lobes absent"	4
3	"Leaves less than 2 mm wide; nectary lobes present"	"Richea acerosa"
4	"Inflorescence maturing from the base up (acropetal); filaments distally thickened; anthers distinctly bilobed on dehiscence"	"Richea procera"
4	"Inflorescence maturing from the top down (basipetal); filaments slender; anthers dehiscing by single slit"	"Richea sprengelioides"
5	"Inflorescence a slender spike-like panicle with little lateral branching"	6
5	"Inflorescence a broad panicle with extensive lateral branching"	8
6	"Leaves mostly 10-20 cm long"	"Richea Xcurtisiae"
6	"Leaves 5-8(-10) cm long"	7
7	"Inflorescence compact with internodes of equal length; older branches with flaky bark"	"Richea scoparia"
7	"Inflorescence loose with proximal internodes elongated; older branches with prominent annular scars"	"Richea gunnii"
8	"Inflorescence axillary; leaves > 60 cm long"	"Richea pandanifolia"
8	"Inflorescence terminal; leaves < 35 cm long"	9
9	"Shrub 1.5-5 m high; old branches with annular scars; corolla white"	"Richea dracophylla"
9	"Shrub usually < 1 m high; old branches with rough bark; corolla pink, orange or red"	"Richea alpina"
