from	statement	to
1	"Leaves sub-erect to spreading, tip short, blunt, veins > 5; corolla lobes densely pubescent inside"	"Leptecophylla abietina"
1	"Leaves spreading, tip pungent, veins 3-7; corolla lobes glabrous"	2
2	"Style inserted in a depression at the apex of the ovary"	3
2	"Style attenuate from the apex of the ovary"	4
3	"Corolla tube with long hairs inside; leaf margin recurved"	"Leptecophylla divaricata"
3	"Corolla entirely glabrous; leaf margin flat or slightly recurved"	"Leptecophylla pendulosa"
4	"Corolla tube glabrous or sparsely hairy, > calyx; calyx glabrous; leaf margin flat or recurved"	"Leptecophylla juniperina"
4	"Corolla tube glabrous, < or = calyx; calyx puberulent; leaf margin flat"	"Leptecophylla pogonocalyx"
