from	statement	to
1	"Tepals glabrous; seed horizontal or erect"	2
1	"Tepals mealy, at least when young; seed horizontal"	3
2	"Inflorescence terminal or axillary, of clusters of flowers arranged in short simple or branched spikes"	"Chenopodium glaucum"
2	"Inflorescence axillary, of clusters of flowers arranged in globular heads"	"Chenopodium capitatum"
3	"Plant with an unpleasant odour resembling rotting fish; tepals united, completely enclosing the seed"	"Chenopodium vulvaria"
3	"Plant without an unpleasant odour; tepals not united or united to midway, not or enclosing fruit"	4
4	"Seed prominently pitted in concentric lines; tepals opening widely in fruit, with a prominent midrib (Flinders Is.; presumed extinct)"	"Chenopodium erosum"
4	"Seed smooth or minutely pitted; tepals enclosing the seed (widespread)"	5
5	"Leaves light grey-green to yellowish; upper leaves narrow-lanceolate to elliptic, usually entire; seed margin rounded"	"Chenopodium album"
5	"Leaves dull grey-green; upper leaves narrow-trullate, shallowly toothed; seed margin acute"	"Chenopodium murale"
