from	statement	to
1	"Spathe-bracts densely streaked or spotted rust-brown in the upper half; flowers yellowish-cream with dark purple centre, outer perianth segments with purple band down the middle"	"Ixia maculata"
1	"Spathe-bracts whitish with dark nerves, sometimes with a few brown streaks or spots at the apex; flowers white, pink, mauve or blue"	2
2	"Lower spathe-bract whitish, truncate, apiculate, midnerve brownish-purple; anthers longer than filaments; style divided below the level of the base of the anthers"	"Ixia polystachya"
2	"Lower spathe-bract whitish, often with brown streaks or spots at the apex, tricuspidate, the setae up to 1.5 mm long; anthers shorter than filaments; style divided level with the base of the anthers or above"	"Ixia flexuosa"
