from	statement	to
1	"Plants perennial, large, robust, more than 10 cm tall when flowering; leaves numerous, radical, dense"	2
1	"Plants mostly ephemeral, delicate 2-4(-10) cm high, including inflorescence; leaves few, radical or scattered"	3
2	"Plant robust; leaves linear-lanceolate to oblong to oblong-lanceolate, 3-5(-15) mm wide at the widest point; margins smooth; inflorescence a dense, often much-contracted spike, 8-50(-100) cm high, upper scape 2.5-4 mm diam."	"Stylidium armeria"
2	"Plant moderately robust, but slender; leaves narrow-linear, usually 1.5-2(-5) mm wide at the widest point; margins often serrulate; inflorescence a loose spike, 5-20(-75) cm high, upper scape 1-2 mm diam."	"Stylidium graminifolium"
3	"Capsule and receptacle globose, slightly shorter than lobes, glandular-hairy; lobes free"	"Stylidium perpusillum"
3	"Capsule and receptacle narrow, oblong-linear, much longer than broad, much shorter than the lobes, almost glabrous; 2 lobes united almost to their tips"	4
4	"Corolla 1.3-3 mm diam., fan-shaped, posterior lobes almost twice as long as the anterior lobes, pale, pink with deep reddish stripe along outer side of each lobe; throat appendages 6"	"Stylidium beaugleholei"
4	"Corolla 3-4 mm diam., not fan-shaped, petals oriented in nearly equal, opposite pairs, white or pale pink, not striped; throat appendages 0 or 4"	"Stylidium despectum"
