from	statement	to
1	"Plant glabrous"	2
1	"Plant pubescent"	3
2	"Flowers and fruits sessile; fruit without a thickened apical rim"	"Cassytha glabella"
2	"Flowers and fruit shortly pedicellate, apex of fruiting receptacle having a prominently thickened rim"	"Cassytha pedicellosa"
3	"Pubescence on perianth white or golden; fruit 5–6 mm in diameter, densely pubescent"	"Cassytha pubescens"
3	"Pubescence on perianth reddish, drying black; fruit 7–10 mm in diameter, glabrescent"	"Cassytha melantha"
