from	statement	to
1	"Shrubs, dioecious or monoecious"	2
1	"Annual or perennial herbs, monoecious"	3
2	"Leaves glabrous on adaxial surface, white-scaly on abaxial surface; female flowers mostly in terminal and axillary spikes or panicles"	"Atriplex paludosa"
2	"Leaves silvery or grey-green on both surfaces; female flowers clustered in axillary glomerules"	"Atriplex cinerea"
3	"Plant prostrate, succulent, covered with shining watery bladder-hairs (sandy shores)"	"Atriplex billardierei"
3	"Plant prostrate and ascending or erect; leaves not succulent, glabrous to scurfy (various habitats)"	4
4	"Female flowers dimorphic; fruiting bracteoles suborbicular"	"Atriplex hortensis"
4	"Female flowers all of one form; fruiting bracteoles rhombic to trullate"	5
5	"Plants perennial; leaf venation minutely reticulate"	6
5	"Plants annual; leaf venation open"	7
6	"Leaf-margins entire or sinuate; fruiting bracteoles glabrescent, veins prominent"	"Atriplex semibaccata"
6	"Leaf-margins toothed or shallowly lobed; fruiting bracteoles mealy, veins obscure"	"Atriplex suberecta"
7	"Lower leaf-blades truncate, sagittate or hastate at the base, upper leaves triangular or ovate"	"Atriplex prostrata"
7	"Lower leaves cuneate at the base, with forwardly-directed basal lobes, upper leaves linear, linear-lanceolate or elliptic"	8
8	"Fruiting bracteoles mealy, venation obscure"	"Atriplex patula"
8	"Fruiting bracteoles glabrous, shining, with prominent venation"	"Atriplex australasica"
