from	statement	to
1	"Female inflorescences blackish-brown; floral bracts absent; stigma ovate-oblong to broad-lanceolate; pollen in tetrads"	"Typha latifolia"
1	"Female inflorescences cinnamon or chestnut-brown; floral bracts present or absent; stigma linear to narrow-lanceolate; pollen shed as single grains"	2
2	"Stigma narrow-lanceolate; floral bracts in female inflorescence few or absent, capillary, apex hyaline, narrower than the stigma of the fertile florets; male and female inflorescences contiguous or up to 2 (-5?) cm apart"	"Typha orientalis"
2	"Stigma linear; floral bracts in female inflorescences numerous, apex light brown, wider than the stigma of the fertile florets; male and female inflorescences 2-8 cm apart"	"Typha domingensis"
