from	statement	to
1	"Stipe and/or frond base glabrous"	2
1	"Stipe and/or frond base hairy"	5
2	"Fronds 3–12 cm in length, thinly coriaceous to coriaceous, midrib darkened (at Least at base) on underside or topside or both and sunken on topside; individual sori distinct. On rocks and trees from sea-level to above 800 m"	"Grammitis magellanica"
2	"Fronds < 8 cm in length, thickly coriaceous, midrib concolorous with lamina, and broad and thickened on the underside; sori tending to coalesce. On rock, usually above 800 m"	3
3	"Rhizome erect or short-creeping, not mat-forming; fronds 20–80 mm long, oblanceolate, margins entire (sinuate in larger plants), up to 15 pairs of sori. High-altitude exposed sandstone outcrops in far southern Tasmania"	"Grammitis sp. A"
3	"Rhizome short- to long-creeping, frequently mat-forming; fronds 5–50 mm long, spathulate or oblanceolate, margins entire, up to five (rarely 10) pairs of sori. Widespread on dolerite in the highlands"	4
4	"Rhizome long-creeping; stipes black; fronds mostly spathulate and flat; small hairs present amongst sporangia in sori"	"Grammitis sp. B"
4	"Rhizome short- to long-creeping; stipes absent; fronds mostly oblanceolate, often with margins rolled over sori at apex; hairs absent from within sori"	"Grammitis poeppigiana"
5	"Lamina, including sori, densely covered in hairs; sori markedly closer to midrib than to frond margin. Lowland rainforest, epiphytic on live Atherosperma and Eucryphia, but not on Dicksonia or logs"	"Grammitis pseudociliata"
5	"Lamina glabrous or with a sparse covering of hairs, but hairs not in sori; sori approximately midway between midrib and frond margin. Widespread from a range of habitats and hosts"	6
6	"Plant frequently resurrective; frond margins often recurved, dark midrib conspicuous on top side; sori oblong, + parallel to midrib, with their indentations not usually conspicuous on top side of frond. Epiphytic in rainforest where fronds are long and narrow, epiphytic or on rock in drier or more exposed habitats where fronds are shorter and oblanceolate. (Not on logs or Dicksonia)"	"Grammitis magellanica"
6	"Plant not resurrective; frond † flat, midrib not markedly conspicuous on top side; sori oblong, oblique to midrib, with their indentations conspicuous on top side of frond. Terrestrial, epiphytic or on rock, from a range of habitats and hosts including Dicksonia and logs"	"Grammitis billardierei"
