from	statement	to
1	"Culms branching above base (Leptocarpus tenax rarely branches above base)"	2
1	"Culms unbranched above base (not including inflorescence branches)"	8
2	"Culm sheaths reflexed or at a 60-90 degree angle from sheath base"	3
2	"Culm sheaths appressed or pointing upwards and not bent back"	5
3	"Spikelets sessile or almost sessile, mostly enclosed in subtending culm sheath; crisped white hairs protruding from culm sheaths"	"Empodisma minus"
3	"Spikelets on elongated peduncles, usually emerging well beyond subtending culm sheath; crisped hairs absent"	4
4	"Culms dull, brown or green, smooth"	"Calorophus elongatus"
4	"Culm sheaths glossy, red to black, tuberculate"	"Calorophus erostris"
5	"Culms bearing fine whorls of axillary sterile branches; sterile finely branched culms present, usually on younger plants"	"Baloskion tetraphyllum subsp. tetraphyllum"
5	"Culms not bearing fine whorls of axillary sterile branches; sterile finely branched culms absent"	6
6	"Culms and culm sheaths smooth"	"Lepyrodia muelleri"
6	"Culms and culm sheaths striate and/or tuberculate (this can be felt by running the tip of fingernail over plant stem)"	7
7	"Culm sheaths red-brown to black, shiny; culms with striations parallel to culm main axis"	"Hypolaena fastigiata"
7	"Culm sheaths light brown, dull; culm striations perpendicular to culm main axis (transverse verrucose ridges)"	"Sporadanthus tasmanicus"
8	"Culms distinctly flattened, often with two sharp edges (can be difficult to discern at times)"	"Eurychorda complanata"
8	"Culms terete or almost terete"	9
9	"Culm sheaths flared and reflexed, upper 1/3-3/4 not flush with culm"	10
9	"Culm sheaths not flared or flared only at tip, tightly appressed to culm for most of length"	11
10	"Culms with 3-several culm sheaths, with 1-20 spikelets"	"Chordifex hookeri"
10	"Culms with 1(2) culm sheaths, with 1(2) spikelets"	"Chordifex monocephalus"
11	"Rhizomes pubescent"	12
11	"Rhizomes glabrous"	13
12	"Rhizome hairs white; culms widely spaced, greater than 1 cm apart, 2-4 mm wide; spikelets 1-3, terminal or in axil of upper most culm\sheath"	"Winifredia sola"
12	"Rhizome hairs brown; culms clustered, usually less than 1 cm apart, 1-1.5(-2) mm wide; spikelets in compact terminal clusters"	"Apodasmia brownii"
13	"Culm sheaths 10-35 mm long, without lamina"	"Baloskion australe"
13	"Culm sheaths 5-20 mm long, with lamina; lamina short and may weather away"	14
14	"Culm sheaths red-brown, terminally flared (sometimes erodes off); culms 0.9-1.5 mm wide"	"Leptocarpus tenax"
14	"Culm sheaths dull brown, terminally appressed; culms c. 2 mm wide"	"Lepyrodia muelleri"
