from	statement	to
1	"Plants monoecious"	2
1	"Plants dioecious"	3
2	"Leaf tapering to the apex, margins serrulate, at least in the upper part; perianth segments of female flowers entire"	"Lepilaena australis"
2	"Leaf apex acute or acuminate, margins entire, perianth segments of female flowers deeply bifid, irregularly dentate"	"Lepilaena preissii"
3	"Plants of intertidal habitats; mature carpels shorter than the perianth segments"	"Lepilaena marina"
3	"Plants of fresh, brackish or saline habitats in lagoons, creeks and estuaries; mature carpels projecting beyond the perianth"	4
4	"Stigma entire to denticulate; mature achene 1.5-2.25 mm long"	5
4	"Stigma deeply laciniate; mature achene 0.8-1.3 mm long"	"Lepilaena bilocularis"
5	"Mature fruit oblong, verrucose; leaves 0.5-1 mm wide"	"Lepilaena patentifolia"
5	"Mature fruit cylindrical, smooth; leaves 0.1-0.4 mm wide"	"Lepilaena cylindrocarpa"
