from	statement	to
1	"Petals free at or immediately after anthesis, white or rarely with a pink tinge"	"Correa alba"
1	"Petals remaining fused into a tube, cream, yellow, green, red or white"	2
2	"Staminal filaments linear throughout"	"Correa lawrenceana"
2	"Staminal filaments, at least the antepetalous ones, widened at base"	3
3	"Leaves broadly elliptic to ovate, adaxial surface of leaves smooth and glabrous or nearly so, margin entire, flat"	"Correa backhouseana"
3	"Leaves narrow oblong to cordate, adaxial surface of leaves pubescent or scabrous, margin entire to crenulate, flat to recurved"	"Correa reflexa"
