from	statement	to
1	"Stamens in a single group on one side of the 2 carpels or, all stamens but 1 in a single group and 1 stamen on the opposite side of the carpels"	2
1	"Stamens surrounding the (2)3(-5) carpels, sometimes in 3-4 groups"	11
2	"Stamens 4-8, all but 1 in a single group with 1 stamen on the opposite side of the carpels (rare, basalt soils near Pontville, S Tas.)"	"Hibbertia basaltica"
2	"Stamens (1-)3-16(-20), in a single group on one side of the carpels (widespread)"	3
3	"Ovaries glabrous; stems red, slender, trailing (rare, NE Tas.)"	"Hibbertia rufa"
3	"Ovaries pubescent to glabrescent; stems not conspicuously red (widespread)"	4
4	"Petals 1-5, narrow-linear, as long or scarcely longer than sepals"	"Hibbertia hirsuta"
4	"Petals 5, conspicuous, much broader and longer than sepals."	5
5	"Leaves narrow-linear, rigid, apex tapering to a pungent point"	"Hibbertia acicularis"
5	"Leaves narrow elliptic, elliptic-ovate or oblong-obovate with blunt or mucronate apex, not pungent"	6
6	"Small shrubs, erect or decumbent; leaves narrow-linear to oblong-linear; margins strongly infolded to, or almost to prominent central ridge"	7
6	"Spreading, scrambling or trailing shrubs; leaves elliptical, elliptic-ovate to obovate; margins flat or only shortly recurved; central ridge scarcely prominent"	9
7	"Leaves densely villous-silky with long, simple hairs over short stellate hairs; stellate hairs dense on abaxial surface; prominent central ridge not extending right to apex"	"Hibbertia sericea"
7	"Leaves glabrous or scabrous due to tuberculate glands, or, sparsely to more or less densely stellate-hairy; abaxial surface obscured by incurved margins and large central ridge; central ridge extending right to apex"	8
8	"Leaves densely crowded on short lateral branchlets; length:breadth ratio 10-15/1; apex blunt or mucronate"	"Hibbertia calycina"
8	"Leaves not densely crowded, well dispersed; length:breadth ratio (3-)5(-10)/1; apex acute-apiculate"	"Hibbertia riparia"
9	"Small, stout, spreading shrub; leaves obovate, (8-)10-15(-20) mm long, (3-)5-8(-10) mm wide, crowded, 2-4 together at each node, or smaller and closely dispersed on very short lateral branches"	"Hibbertia hirticalyx"
9	"Scrambling or trailing shrubs; leaves elliptic to occasionally elliptic-ovate, (5-)8(-10) mm long, (2-)3-4(-7) mm wide, mostly scattered, hardly crowded"	10
10	"Leaves and calyces with appressed, simple hairs (usually > 1 mm long) only; young branches with appressed, simple hairs and minute stellate hairs"	"Hibbertia appressa"
10	"Leaves and young branches with erect, simple hairs (< 1 mm long) and minute stellate hairs; calyces with stellate hairs only"	"Hibbertia empetrifolia"
11	"Leaves in densely crowded clusters, terete"	"Hibbertia prostrata"
11	"Leaves scattered or in loose, few-leaved clusters, ± flat or with the margins inrolled"	12
12	"Leaves linear with margins strongly revolute"	"Hibbertia serpyllifolia"
12	"Leaves flat or convex, margins not or scarcely revolute"	13
13	"Plant prostrate; leaves with apex acute"	"Hibbertia procumbens"
13	"Plant erect; leaves with apex blunt or submucronate"	14
14	"Plants glabrous; leaves concave; stamens 10-15(-20)"	"Hibbertia virgata"
14	"Plants softly pubescent; leaves convex; stamens 30 or more (possibly extinct)"	"Hibbertia obtusifolia"
