from	statement	to
1	"Spikes solitary, terminal, with male flowers above (when solitary in some depauperate spp. then with female flowers above)"	2
1	"Spikes several to many, lateral spikes sessile or stalked"	4
2	"Staminate part of spike conspicuous, about as long as pistillate portion"	"Carex capillacea"
2	"Staminate part of spike much shorter than pistillate portion"	3
3	"Inflorescence a very short spike, female flowers 2-3; stigmas 3"	"Carex archeri"
3	"Inflorescence 5-8 mm long; flowers crowded; stigmas 2"	"Carex cephalotes"
4	"Spikes dissimilar in appearance, terminal 1 or more male (sometimes with a few female flowers), lower spikes wholly or mainly female"	5
4	"Spikes all similar in appearance, usually androgynous"	25
5	"Stigmas 2; nut biconvex or plano-convex"	6
5	"Stigmas 3; nut trigonous"	10
6	"Plant with spreading rhizomes, forming loose tufts or extensive swards; culms shorter or longer than leaves, scarcely elongated in fruiting stage"	7
6	"Plant densely tufted, with short rhizomes; culms very slender, wiry, in fruiting stage lengthening to 1 m or more"	9
7	"Terminal spike wholly male"	8
7	"Terminal spike with female flowers above"	"Carex hypandra"
8	"Lateral spikes sessile or lowest very shortly pedunculate; spikes with all flowers closely packed; female glumes with apices rounded or obtuse"	"Carex gaudichaudiana"
8	"Lateral spikes pedunculate; female spikes with flowers more widely spaced towards the base, glumes with apices acute, or acuminate, or aristate"	"Carex polyantha"
9	"Glumes more-or-less firm, reddish-brown; utricles c. 2 mm long, biconvex, cinnamon-brown above, shining"	"Carex flagellifera"
9	"Glumes membranous, light brown with red-brown striae; utricles 2.5-3 mm long, plano-convex, purplish-brown above, cream-veined"	"Carex testacea"
10	"Spikes in fascicles of 1-5 at nodes of culms; peduncle of lowest spike often very long"	11
10	"Spikes solitary at nodes, sometimes clustered but not in fascicles"	12
11	"Female spikes 3-4 mm broad; flowers rather lax especially towards base; female glumes ovate, 3.5-4.5 mm long; male spikes usually 1 with a few female flowers interspersed"	"Carex longebrachiata"
11	"Female spikes 4-7 mm broad; flowers dense; female glumes oblanceolate, 5.5-6.5 mm long; male spikes 1-4"	"Carex iynx"
12	"Leaves septate-nodulose; utricle stipitate with beak slender, c. as long as subtrigonous body"	"Carex fascicularis"
12	"Plant not as above"	13
13	"Mature utricles bright yellow or yellowish-green, trigonous, ribbed, inflated, narrowed gradually or abruptly to slender beak 0.75-1.5 mm long"	14
13	"Mature utricles not as above"	17
14	"Terminal spike sessile or subsessile; lateral spikes overlapping, closely clustered below terminal one or sometimes lowest spike distant"	15
14	"Terminal spike pedunculate; lateral spikes contiguous but not closely clustered, also 1-2 more-or-less distant"	16
15	"Leaves lax, erect to half spreading; utricle c. 2.75 mm long with beak c. 0.75 mm, tapered to apex"	"Carex cataractae"
15	"Leaves stiff, sheathing at least basal half of culm, often to base of lowest spike; utricle 3.5-4 mm long, beak 1-1.5mm long, narrow-cylindrical"	"Carex flaviformis"
16	"Utricle 3-4 mm long, abruptly narrowed to straight beak having apex notched; leaves often longer than culm with ligule rounded, notched"	"Carex demissa"
16	"Utricle 3.5-4.5 mm long, gradually narrowed to a beak arcuate in side view having apex split on abaxial side; leaves usually half as long as culm with ligule tubular"	"Carex lepidocarpa"
17	"Inflorescence more-or-less hidden by leaves and bracts; spikes closely clustered around terminal one"	18
17	"Inflorescence not hidden by leaves and bracts; spikes not clustered as above"	19
18	"Leaves straight; utricles minutely pubescent; plant widespread"	"Carex breviculmis"
18	"Leaves with apices curled; utricles glabrous; plant rare"	"Carex aff. cirrhosa"
19	"Utricles corky, hard, with narrow ribs or impressed veins"	20
19	"Utricles coriaceous, subcoriaceous or membranous, smooth or with broad ribs"	21
20	"Culms more-or-less completely enclosed by leaf-sheaths; female glumes redbrown with broad hyaline margins"	"Carex pumila"
20	"Culms erect, well exserted beyond leaf-sheaths; female glumes deep purple-brown"	"Carex bichenoviana"
21	"Utricles minutely papillose, sometimes also with some short, stiff hairs; leaves bluish-green, the lower surface glaucous"	"Carex flacca"
21	"Utricles smooth or ribbed, may be scaberulous on margins; leaves not as above"	22
22	"Leaves stiff, upper surface very pale or cream, rorid; utricle fusiform, usually shed with appressed female glume"	"Carex albula"
22	"Leaves wholly green; utricles ovoid, not appressed to glume"	23
23	"Distal portion of leaves and bracts much coiled on drying; utricle coriaceous"	"Carex tasmanica"
23	"Leaves not coiled; utricles membranous"	24
24	"Utricles 4.5-5.5 mm long including slender beak 1-1.5 mm long"	"Carex gunniana"
24	"Utricles 3-4 mm long, beak c. 0.4 mm long"	"Carex barbata"
25	"Culm up to 1-4 m high, 4 mm diameter, rigid, terete, hollow throughout"	"Carex tereticaulis"
25	"Culm not as above"	26
26	"Inflorescence 5-15 cm long with 5-8 few-flowered spikes, upper ones female, contiguous, lower ones androgynous, widely separated. Plant rare"	"Carex divulsa"
26	"Inflorescence not as above"	27
27	"Spikes predominently androgynous with male flowers above, sometimes a terminal one male or 1-2 basal ones female"	28
27	"All spikes androgynous with female flowers above"	32
28	"Plant stout, tufted or shortly rhizomatous; inflorescence a compressed panicle up to 30 cm long"	"Carex appressa complex"
28	"Plant with long rhizomes; inflorescence an oblong or ovoid head 1.5-4.5 cm long"	29
29	"Mature utricle dark brown, hard and corky at base"	30
29	"Mature utricle pale brown or greenish-brown, not corky at base"	31
30	"Utricle biconvex, ovoid, base rounded; both faces strongly ribbed"	"Carex appressa f. minor"
30	"Utricle biconvex, deltoid-ovate in outline or base saccate, cordate; adaxial face ribbed only in lower half"	"Carex aff. diandra"
31	"Leaves basal, erect, stiff, grey-green; utricle ovate or broadly elliptic, margins smooth"	"Carex divisa"
31	"Leaves basal, erect, lax, also 1-3 short, more-or-less spreading, cauline in lower, third of culm; utricle narrow-ovate, margins serrulate almost to base"	"Carex chlorantha"
32	"Lowest bract leafy or setaceous, longer than inflorescence; spikes (1-) 2-5, crowded in ellipsoid or broadly ovoid head up to 1.5 cm long"	33
32	"Lowest bract glumaceous or setaceous, not or scarcely as long as inflorescence; spikes 2-10 forming lobed ovoid head c. 2.5 cm long"	34
33	"Leaves flaccid; utricle distinctly ribbed, sometimes with cross-bars between ribs"	"Carex inversa"
33	"Leaves very slender, wiry, more-or-less arcuate; utricle obscurely ribbed on adaxial face"	"Carex raleighii"
34	"Plant rhizomatous, loosely tufted; utricle with rounded margins and narrow cream ribs"	"Carex curta"
34	"Plant tufted; utricles winged"	35
35	"Female glumes deep brown, shining, elliptic-lanceolate, acute; mature utricles about as broad as glume and covered by it"	"Carex ovalis"
35	"Female glumes pale brown, lanceolate-acuminate; mature utricles broader than glume and with beak 1.2-1.5 mm long, exserted. (One collection from West Coast.)"	"Carex scoparia"
