from	statement	to
1	"Inflorescence a spike of 4-24 flowers; rhachis (excluding peduncle) 3-7 mm long, clearly visible between individual flowers; erect shrub or small tree with a rounded or often pyramidal crown"	"Exocarpos cupressiformis"
1	"Inflorescence a condensed spike (sometimes resembling a cluster) of 2-8 flowers; rhachis (excluding peduncle) 0.4-2 mm long, often obscured by the closely packed bracts and flowers; prostrate to erect subshrub or shrub"	2
2	"Leaves opposite or subopposite"	"Exocarpos nanus"
2	"Leaves alternate"	3
3	"Furrows between longitudinal ridges on fertile branchlets 0.05-0.3 mm wide; basal portion of leaves persistent, distal portion soon weathering away (rarely entire leaf persistent)"	"Exocarpos strictus"
3	"Furrows between longitudinal ridges on fertile branchlets <0.05-0.1 mm wide; entire leaf usually persistent (distal portion sometimes weathering away)"	4
4	"Erect shrub, > 0.5 m tall, widespread at low and medium altitudes (< 500 m)"	"Exocarpos syrticola"
4	"Prostrate or ascending shrub < 0.5 m tall, occurring at higher altitudes (usually > 800 m, though found much lower in west)"	"Exocarpos humifusus"
