from	statement	to
1	"Leaves imbricate, distichous, appressed silvery-hairy; corolla tube about as long as the calyx; stamens and styles barely exserted; anthers scarcely spirally twisted after dehiscence"	"Wilsonia humilis"
1	"Leaves alternate or clustered, green, glabrous or variously hirsute-hairy; corolla tube much longer than the calyx; stamens and styles much exserted; anthers distinctly spirally twisted after dehiscence"	2
2	"Leaves linear-lanceolate to linear-obovate, glabrous"	"Wilsonia backhousei"
2	"Leaves broad-ovate to ovate-spathulate, variously hirsute-hairy"	"Wilsonia rotundifolia"
