from	statement	to
1	"Flowers in small axillary clusters"	2
1	"Flowers in dense spikes or spike-like panicles, terminal or in upper axils"	3
2	"Bracts and bracteoles spinescent, c. twice as long as perianth"	"Amaranthus albus"
2	"Bracts and bracteoles not spinescent, shorter than perianth"	"Amaranthus graecizans"
3	"Plant procumbent; fruit indehiscent"	"Amaranthus deflexus"
3	"Plant erect or decumbent; fruit dehiscent"	4
4	"Bracts subtending inflorescence branches not spinescent, c. 3 mm long"	"Amaranthus powellii"
4	"Bracts subtending inflorescence branches spiny, in pairs, 10-15 mm long"	"Amaranthus spinosus"
