from	statement	to
1	"Involucral bristles retrorsely scabrous"	"Setaria verticillata"
1	"Involucral bristles antrorsely scabrous"	2
2	"Lemma of upper floret strongly transversely ridged, with apex tapered to a minute apical point"	3
2	"Lemma of upper floret smooth or granular but not boldly ridged, with apex blunt"	4
3	"Plants annual, without rhizomes; leaves mostly wider than 5 mm; bristles generally considerably longer than spikelets"	"Setaria pumila subsp. pumila"
3	"Plants perennial, with horizontal, branched, knotty rhizomes; leaves mostly narrower than 4 mm; bristles generally about as long as spikelets"	"Setaria parviflora"
4	"Plant up to 150 cm high; panicle 2.5–30 cm long; glumes persistent; palea of lower floret reduced to a minute scale or absent"	"Setaria italica"
4	"Plant up to 75(–90) cm high; panicle 1–10 cm long; glumes falling with the florets; palea of lower floret up to ½ as long as the lemma"	"Setaria viridis"
