from	statement	to
1	"Flowers numerous, in large, open, showy panicles, usually erect and emergent or reclining; capsule dehiscent, opening in air by 4 apical valves"	Villarsia
1	"Flowers solitary or in pairs, or in spaced pairs or clusters along floating or submerged stems, if the latter then only 1-2 flowers emergent at any one time on elongating pedicels; capsule usually indehiscent, usually ripening whilst submerged"	2
2	"Flowers solitary, rarely in pairs, on terminal peduncles as long as or a little shorter than the leaves; leaves linear to linear-oblong or narrow, obtuse to sub-acute, fleshy, crowded at the nodes, usually arising from submerged stems"	Liparophyllum
2	"Flowers solitary, or in spaced pairs or clusters, terminal or axillary, on peduncles shorter than the leaves; leaves orbicular or broadly elliptical, or broad ovate and deeply cordate, clustered or dispersed along horizontal, usually floating or submerged stems"	Nymphoides
