from	statement	to
1	"Plant aquatic and free-floating"	"Utricularia australis"
1	"Plant terrestrial, or aquatic but not free-floating"	2
2	"Calyx of four lobes; corolla lower lip consisting of three deeply notched lobes, always pink"	"Utricularia tenella"
2	"Calyx of two lobes; corolla lower lip entire or shallowly lobed and purple to mauve, or pink, rarely white"	3
3	"Scape bearing sterile bracts below the first flower"	"Utricularia lateriflora"
3	"Scape without sterile bracts"	4
4	"Upper corolla lip deeply notched, plant lacking stolons with all leaves and traps arising from the short stem at the base of the peduncle"	"Utricularia violacea"
4	"Upper corolla lip truncate or emarginate, plant stoloniferous with leaves and traps arising from the nodes"	5
5	"Flowers pink to mauve or lilac (rarely white); lower corolla lip with only two central yellow ridges that do not project distally below the ridges on either side"	"Utricularia uniflora"
5	"Flowers violet or purple to almost blue (rarely white); lower corolla lip with three central yellow ridges which project distally below the level of the surrounding ridges"	6
6	"Inflorescence less than 4cm tall, 1-2 flowered; corolla less than 1cm long"	"Utricularia monanthos"
6	"Inflorescence 10-50 cm tall, (1-)2-3(-many) flowered; corolla more than 12 mm long"	"Utricularia dichotoma"
