from	statement	to
1	"Panicle more-or-less pyramidal, 2.5-15 cm long; spikelets densely clustered; leaves and culms flat, plano-convex or biconvex in transverse section"	2
1	"Panicle more-or-less linear or lanceolate, 1.5-80 cm long, branches nodding or erect; spikelets not or densely clustered; leaves and culms from flat to deeply biconvex or terete"	4
2	"Leaf and culm margins scabrous or smooth, not resinous"	3
2	"Leaf and culm margins resinous and ciliate"	"Lepidosperma viscidum"
3	"Culms 5-18(-20) mm wide, with biconvex rib and flat margins; leaf-sheaths blackish; leaf and culm margins smooth or with a few scattered scabridities"	"Lepidosperma gladiatum"
3	"Culms 2-6 mm wide, flat, plano-convex or shallowly biconvex; leaf-sheaths brown, shining; leaf and culm margins scabrous"	"Lepidosperma concavum"
4	"Culms terete or bluntly angled; leaves terete or angled or channelled or reduced to the sheathing base with a reduced lamina"	5
4	"Culms and leaves biconvex, plano-convex or flat in transverse section"	7
5	"Inflorescence rachis erect; spikelets up to 9 mm long; leaves developed or reduced to the sheathing base"	6
5	"Inflorescence rachis flexuose; spikelets 9-10 mm long; leaves reduced to the sheathing base with a short lamina"	"Lepidosperma forsythii"
6	"Inflorescence a simple spike or reduced panicle; rachis slender, flattened, more-or-less zig-zag; spikelets often somewhat distant"	"Lepidosperma filiforme"
6	"Inflorescence branched; rachis fairly stout; spikelets clustered, concealing the rachis"	"Lepidosperma neesii"
7	"Culms up to 4(-9) cm high, always shorter than the leaves; leaves 2-10(-25) cm long, prominently distichous, forming flat fans; inflorescence a reduced panicle of two groups of 2-4 spikelets"	8
7	"Culms 7-180(-220) cm high, shorter or longer than leaves; leaves up to 3.5 m long, more-or-less distichous, not forming flat fans"	9
8	"Culms usually half or less than half as long as the leaves; subtending bract 27-60 mm long; plants of lowland habitats, 20-500 m a.s.l."	"Lepidosperma inops"
8	"Culms usually more than half to two-thirds as long as the leaves; subtending bract 9-25 mm long; plants of montane habitats, 700-1100 m a.s.l."	"Lepidosperma monticola"
9	"Inflorescence a 2-4(-5)-flowered spike; rachis flexuose; leaves up to 16 cm long, more or less falcate"	"Lepidosperma tortuosum"
9	"Inflorescence a panicle or few-flowered spike; rachis erect or nodding, not flexuose; leaves up to 3.5 m long"	10
10	"Culms and leaves 1-2.5 mm wide; panicles 1.5-8 cm long, usually less than 20-flowered"	11
10	"Culms 1.75-10 mm wide; leaves 1.75-13 mm wide; panicles 8- 80 cm long, usually many more than 20-flowered"	12
11	"Culms (15-)20-35 cm high, usually longer than, occasionally equalling, or slightly shorter than the leaves; hypogynous scales with long ciliate tips"	"Lepidosperma gunnii"
11	"Culms 5-17 cm high, always shorter than the leaves; hypogynous scales without long ciliate tips"	"Lepidosperma curtisiae"
12	"Culms soft and compressible when green, the pith often hollow; leaf margins smooth"	"Lepidosperma longitudinale"
12	"Culms hard and incompressible; leaf and culm margins scaberulous or papillose"	13
13	"Leaves up to 3.5 m long, 5-13 mm wide, flat or with a deeply convex midrib and wide, flat margins; culms up to 2.2 m high, 2.5-9 mm wide with a deeply convex midrib and wide flat margins"	14
13	"Leaves up to 100 cm long, 1-6.5 mm wide, concavo-convex, biconvex or with a pronounced midrib and wide flat margins; culms concavo-convex or biconvex, up to 180 cm high, up to 6.5 mm wide"	15
14	"Leaves 0.6-3.5 m long, 4-13 mm wide, with a deeply biconvex midrib and wide flat margins"	"Lepidosperma elatius"
14	"Leaves up to 1.4 m long, 8-15 mm wide, upper part completely flat or shallowly biconvex, fairly thin"	"Lepidosperma ensiforme"
15	"Leaves and culms 1-3 mm wide, biconvex; leaves stiffly erect; culms up to 35(-50) cm high; panicle 3.5-8 cm long"	"Lepidosperma globosum"
15	"Leaves and culms flat, plano-convex, concavo-convex or shallowly biconvex, 1.75-6.5 mm wide; culms up to 100 cm high; panicle 4-35 cm long"	16
16	"Leaves up to 70 cm long, 1.75-6.5 mm wide, flat, concavo-convex or shallowly biconvex; panicle 4-25 cm long, linear or somewhat spreading, light to mid-brown; nut ellipsoid-ovate, apex obtuse"	"Lepidosperma laterale"
16	"Leaves 50-130 cm long, 2-5 mm wide, biconvex with narrow margins or with a pronounced midrib and wide, flat margins; panicle 15-35 cm long, erect or somewhat spreading, dark brown to blackish; nut obovoid, apex truncate"	"Lepidosperma oldfieldii"
