from	statement	to
1	"Spikelet with all florets awned, awns on most florets exceeding 5 mm"	"Lolium multiflorum"
1	"Spikelet with florets usually unawned or if some awned the awns weak, less than 3 mm long"	2
2	"Florets swollen at maturity, ovate to elliptic; caryopsis less than 3 times as long as broad; glume usually exceeding florets, lemmas awnless or with a weak awn less than 3 mm long"	"Lolium temulentum f. arvense"
2	"Florets not swollen at maturity, lanceolate; caryopsis more than 3 times as long as broad; glumes shorter to longer than florets; lemmas usually awnless"	3
3	"Plant perennial, with some non-flowering shoots at anthesis; lemmas awnless"	"Lolium perenne"
3	"Plant annual, without non-flowering shoots at anthesis; lemmas awnless or with an awn up to 3 mm long; glumes equalling the spikelet"	4
4	"Culms reddish, at least at the nodes; culms 1(-1.5) mm diameter below the spike; spike shorter than the remainder of the culm; spikelets 3-11- flowered"	"Lolium rigidum"
4	"Culms rarely reddish; culms stiff, often somewhat arcuate, c 2 mm diameter below the spike; spike longer than the remainder of the culm; spikelets 1-4- flowered"	"Lolium loliaceum"
