from	statement	to
1	"Leaves linear, lanceolate or oblanceolate, > 3 times longer than wide; large trees or shrubs, with one to many stems at base of plant; catkins < or = 13 mm wide"	2
1	"Leaves ovate to obovate, < 3 times as long as wide; shrubs to small trees, usually with many main stems at base of plant; catkins usually > or = 20 mm wide, or < 10 mm wide (Salix Xcalodendron)"	10
2	"Trees with a columnar crown; catkins not or only rarely seen on mature plants"	"Salix humboldtiana"
2	"Trees or shrubs without columnar crown; catkins always produced on mature plants"	3
3	"Shrubs with opposite to sub-opposite arranged leaves and stems; catkins usually < or = 20 mm long"	"Salix purpurea"
3	"Trees with alternately arranged leaves and stems; catkins > 20 mm long"	4
4	"Trees with contorted stems and leaves; catkins female"	"Salix matsudana cv. Tortuosa"
4	"Trees without contorted stems and leaves; catkins bisexual, male or female"	5
5	"Branches strongly pendulous"	6
5	"Branches erect to spreading or slightly pendulous"	7
6	"Stems golden-yellow; catkins bisexual, male or female"	"Salix Xsepulcralis"
6	"Stems olive-brown to grey-brown; catkins female"	"Salix Xpendulina"
7	"Branches slightly pendulous"	8
7	"Branches erect to spreading"	9
8	"Stems grey-green to reddish brown; mature leaves glabrous; catkins bisexual, male or female, 15-50 mm long"	"Salix matsudana X Salix alba"
8	"Stems golden-yellow; mature leaves with a persistent layer of fine, appressed hairs; catkins female, 60-75 mm long"	"Salix alba"
9	"Stems brown to olive-brown; leaves completely glabrous; catkins male; wide spread species of rural and urban stream banks"	"Salix Xfragilis"
9	"Stems orange-yellow, reddish or brown to olive-brown; leaves occasionally with few persistent hairs; catkins male or female (occasional in both cultivation and resulting from in situ hybridisation between Salix Xfragilis var. fragilis X Salix alba var. vitellina)"	"Salix Xrubens"
10	"Branches spreading, forming a crown that is usually rounded (i.e. ± as tall as wide); leaves usually obovate"	"Salix cinerea"
10	"Branches erect, forming a crown that is upright (i.e. taller than wide); leaves usually elliptic"	11
11	"Leaf margin strongly recurved, prominently undulate; stipules caducous; catkins male, ovoid"	"Salix Xreichardtii"
11	"Leaf margin narrowly recurved, slightly undulate; stipules persistent; catkins female, cylindrical"	"Salix Xcalodendron"
