from	statement	to
1	"Plant perennial; leaf-sheaths without ligule or auricles at the orifice; fertile carpels 6, carpophore absent"	"Triglochin procerum"
1	"Plant perennial or annual; leaf-sheath with a ligule or auricles at the orifice; fertile carpels 3 alternating with 3 sterile carpels, the 3 sterile carpels persistent on the carpophore"	2
2	"Plant perennial, rhizomatous; leaves 2-40 cm long, flat or terete; group of mature carpels subglobular"	"Triglochin striatum"
2	"Plant annual, tufted; leaves 1-10 cm long, filiform; group of mature carpels linear-pyramidal or subturbinate"	3
3	"Mature fruit subturbinate, stylar beaks of fertile carpels spreading"	"Triglochin mucronatum"
3	"Mature fruit linear-pyramidal, styles short, erect"	4
4	"Mature fruits c. 2 mm long, subsessile or on pedicels c. 0.5mm long, more-or-less patent"	"Triglochin minutissimum"
4	"Mature fruits 3-4·5 mm long, pedicels 0·5-5·5 mm long, erect or half-spreading"	"Triglochin centrocarpum"
