from	statement	to
1	"Plants glabrous, sometimes with a sparse indumentum on younger parts"	2
1	"Plants always hairy, ± throughout"	4
2	"Erect, robust plants (Freycinet Pen.)"	"Tetratheca sp. Freycinet Pen.:A.C.Rozefelds 323"
2	"Slender, procumbent or weakly ascending plants (widespread)"	3
3	"Anthers without distinct apical constriction of the tube, distal end ± expanded below large pore (Asbestos Ra., N Tas.)"	"Tetratheca gunnii"
3	"Anther with distinct apical constriction of the tube below small pore (widespread)"	"Tetratheca procumbens"
4	"Leaves distinctly whorled"	5
4	"Leaves alternate or sometimes randomly clustered"	6
5	"Leaves broadly oblong-elliptic to rhomboid-orbicular, 5-12 mm wide, 8-14 mm long, margins ± flat and entire"	"Tetratheca ciliata"
5	"Leaves elliptic to oblong, 4-7(-10) mm long, 1.5-3 mm wide, margins narrowly recurved and ± crenate"	"Tetratheca sp. Flinders Is.:T.Rudman HO510551"
6	"Glandular hairs present"	"Tetratheca labillardierei"
6	"Glandular hairs absent"	"Tetratheca pilosa"
