from	statement	to
1	"Leaf-sheaths and blades imbricate and distichous"	2
1	"Leaf-sheaths spirally imbricate, blades sometimes more-or-less distichous"	3
2	"Pseudo-petiole with blade curved outwards more-or-less abruptly from leaf-sheath; blade thick, subequally trigonous in section, 0.7-1.2 mm broad; nut ellipsoid, apex acute or subacute"	"Oreobolus distichus"
2	"Entire leaf erect or suberect; blade flat, 0.4-0.6 mm broad; nut obovoid, apex sub truncate"	"Oreobolus acutifolius"
3	"Leaf-blade with 5 or more translucent longitudinal veins seen on both surfaces"	4
3	"Leaf-blade with 1-3 veins or these obscure on upper surface"	"Oreobolus oxycarpus"
4	"Culm carrying solitary terminal spikelet; leaf-blade with 5-6 longitudinal veins"	"Oreobolus pumilio"
4	"Culm carrying a capitate raceme with 1-4 pairs of branchlets each with a terminal spikelet; leaf-blade with 6-8 longitudinal veins"	"Oreobolus oligocephalus"
