from	statement	to
1	"Phyllodes 5-15 cm long, ca. 2 mm wide, with 1 or several prominent longitudinal veins; usually near-coastal in east and north"	"Acacia mucronata subsp. longifolia"
1	"Phyllodes wider than 2 mm; widespread"	2
2	"Phyllodes linear or narrow oblanceolate, usually 5-6 cm long, 3-5 mm wide, leathery, blunt or mucronate, with 3-5 fairly prominent longitudinal veins and faint reticulations between; widespread in a range of habitats"	"Acacia mucronata subsp. mucronata"
2	"Phyllodes oblanceolate, ca. 4-5 cm long, 8-10 mm wide, apex very blunt and oblique, mucronate, with 5-7 longitudinal veins; mainly in north and northwest in wetter forests"	"Acacia mucronata subsp. dependens"
