from	statement	to
1	"Leaves linear-lanceolate, l : w ratio >7, thinly textured; margins entire; densely glandular on both surfaces"	"Olearia phlogopappa subsp. salicina"
1	"Leaf shape variable, l : w ratio <7, or if ever >7, leaves not thin-textured; margins usually lobed; surfaces moderately to densely glandular"	2
2	"Leaves subpetiolate, narrow-linear to narrow-obovate, <3.5 mm wide, <25 mm long; margins entire or weakly lobed; glandular above, shrub up to 1.5 m; known only from East Risdon and Mount Douglas, Tasmania"	"Olearia phlogopappa subsp. angustifolia"
2	"Leaves variable, >3.5 mm wide, or if 3.5 mm wide, leaves not narrowlinear, l : w ratio <3, or with strongly lobed margins; variously glandular; widespread"	3
3	"Leaves with glands, mostly >22 mm long, l : w ratio >3; margins lobed, if ever sinuate, then leaves ovate; upper surface dark green, lower surface white, grey or cream; capitula in panicles; montane and foothill forest"	"Olearia phlogopappa subsp. gunniana"
3	"Leaves generally lacking glands, or shape and colour not as above; capitula arrangement variable; subalpine, alpine, or coastal areas"	4
4	"Leaves <20 (rarely up to 25) mm long, l : w ratio <4; margins lobed; petiole <3 mm long; lower leaf surface white, grey or cream, rarely yellowish; alps and subalps"	"Olearia phlogopappa subsp. subrepanda"
4	"Leaves mostly >20 mm, if <20 mm long, then petiole >3 mm long or leaves with margins subentire and leaf-surface yellowish below; coastal areas to alps"	5
5	"Leaves >30 mm long, or >7 mm wide; margins deeply crenate or serrate; mature leaves generally glabrous or sparsely stellate-hairy above, leaves thick; coastal heath and near-coastal forests, and on granite peaks above 300 m a.s.l. in the Furneaux Islands"	"Olearia phlogopappa subsp. phlogopappa"
5	"Leaves generally <30 mm long,<7 mm wide; margins sinuate to crenate, indumentum of adaxial leaf surfaces variable, generally moderately stellate-hairy, sometimes with glands on either surface, leaves variable in thickness; coastal heath on dunes, islands in Bass Strait"	"Olearia phlogopappa subsp. insularis"
