from	statement	to
1	"Flower spikes terminal on main or short axillary branches"	"Monotoca elliptica"
1	"Flower spikes axillary, sometimes reduced to a single floret"	2
2	"Leaf apex obtuse with a blunt callous point; leaves oblanceolate to obovate"	"Monotoca submutica"
2	"Leaf apex a pungent mucro; leaves narrow-oblong, elliptic, or oblanceolate"	3
3	"Procumbent or ascending shrub, rarely above 30 cm high; leaves convex; drupe spherical, creamy white"	"Monotoca empetrifolia"
3	"Erect shrub, often reaching 2 + m high; leaves flat or slightly convex; drupe ovoid, greyish-green, or spherical, pink or purple"	4
4	"Drupe spherical, pinkish or purple, c. 2-4 mm diam."	"Monotoca linifolia"
4	"Drupe ovoid, greenish-yellow, 1-3 mm long"	5
5	"Leaves flat or slightly convex, many longitudinal or palmate veins evident abaxially; flowers few in short axillary spikes, often obscured amongst the leaves"	"Monotoca glauca"
5	"Leaves convex or the margins revolute, midrib and 2-4 main longitudinal veins evident abaxially, several minor veins running to the margin; flowers conspicuous in spikes extending down main branches"	"Monotoca scoparia"
