from	statement	to
1	"Lamina of lower leaves usually much larger than 12(-25) cm long, deeply palmatisect to almost ternate with 3-5 primary lobes and 2 or more secondary lobes; awns of sepals 3-5 mm long"	"Geranium yeoi"
1	"Lamina of lower leaves rarely larger than 6(-12) cm long, palmatifid to palmatisect with 3-9 primary lobes and never more than 2 secondary lobes; awns of sepals up to 2.5 mm long"	2
2	"Sepals usually reflexed in ripe fruit; 2 inner sepals broadly obovate; margins broadly hyaline"	"Geranium homeanum"
2	"Sepals usually erect in ripe fruit; 2 inner sepals ovate to broad lanceolate; margins not or only narrowly hyaline,"	3
3	"Lamina divided to 2/3 of length or less"	4
3	"Lamina divided to more than 2/3 or more"	5
4	"Ripe mericarps distinctly wrinkled, glabrous; seeds smooth"	"Geranium molle"
4	"Ripe mericarps smooth, glabrous or pilose; seeds ± reticulate"	"Geranium rotundifolium"
5	"Annual; hairs on pedicel and dorsal surface of awn glandular"	"Geranium dissectum"
5	"Perennial; hairs on pedicel and dorsal surface of awn non-glandular"	6
6	"Stems very short; leaves rosetted; flowers sessile at anthesis, elongating in fruit; petals narrow, not exceeding sepals"	"Geranium brevicaule"
6	"Stems elongated, leafy; leaves not rosetted, or if so only in young plants; flowers pedicillate; petals broad, usually longer than the sepals"	7
7	"Flowers solitary, rarely few paired"	"Geranium potentilloides"
7	"Flowers paired, rarely few solitary"	8
8	"Indumentum of short, retrorse, appressed hairs"	"Geranium retrorsum"
8	"Indumentum consisting of short and long, patent to retrorse, non-appressed hairs"	"Geranium solanderi"
