from	statement	to
1	"Leaves cauline, trichotomously dividing into capillary segments in several planes; aquatic"	"Batrachium trichophyllum"
1	"Leaves in a basal rosette and/or cauline, entire, ternate, palmatifid, palmatisect, or pinnate, segments in one plane; aquatic or terrestrial"	2
2	"Plants connected by ramifying, long rhizomes or stolons"	3
2	"Plants tufted with fibrous roots or with a short creeping rootstock, rarely with a short, non-ramifying, robust, arching stolon"	11
3	"Leaf rosettes connected by stout (above-ground) stolons; petals 6-17 mm long"	"Ranunculus repens"
3	"Leaf rosettes connected by slender (underground) rhizomes; petals 4-11 mm long"	4
4	"Sepals sparsely to densely hairy on the abaxial surface; petals 4-11 mm long with nectary near base"	5
4	"Sepals glabrous, rarely sparsely hairy (R. collicola) and then petals < 4 mm long and nectary near or just below middle"	6
5	"Leaves matt, leathery, teeth apices acute; segments or leaflets or, especially lateral ones, usually dissected to midway or below; fruiting pedicels erect; nectary of petal ± 0.5-1 mm long"	"Ranunculus glabrifolius"
5	"Leaves glossy, ± fleshy, teeth apices blunt; segments or leaflets usually shallowly toothed; fruiting pedicels often recurved; nectary of petal 0.2-0.5 mm long"	"Ranunculus collinus"
6	"Receptacle hispid in staminal zone"	7
6	"Receptacle glabrous in staminal zone"	8
7	"Leaves to 12 mm across, trifoliolate; leaflets ± fleshy; nectary near petal base"	"Ranunculus diminutus"
7	"Leaves to 90 mm across, often so deeply lobed as to appear palmatifid or palmatisect; nectary usually at about 1/3 petal length from base"	"Ranunculus amphitrichus"
8	"Sepals and petals c. equal (Macquarie Is.)"	"Ranunculus crassipes"
8	"Sepals shorter than petals (areas other than Macquarie Is.)"	9
9	"Leaves obviously hairy"	"Ranunculus prasinus"
9	"Leaves glabrous, glabrescent or with fine scattered hairs"	10
10	"Petals pale greenish-yellow, 2.5-7 mm long; flowers 1-2; lateral leaflets/lobes elliptic to lanceolate, 1-8 mm long, 1-4 mm wide, usually 2-lobed, at least some of the more proximal lobes > 1 mm long (coastal areas of the south-west)"	"Ranunculus acaulis"
10	"Petals golden-yellow, 3-4 mm long; flowers 1-5; lateral leaflets/lobes narrowly elliptic, to 3 mm long, to 1 mm wide, usually entire, rarely lobed and then the more proximal lobes < 1 mm long (central plateau)"	"Ranunculus collicola"
11	"Basal leaves entire, not divided or lobed"	12
11	"Basal leaves divided or lobed"	14
12	"Leaves cuneate, 3-dentate, lamina truncate at the base"	"Ranunculus triplodontus"
12	"Leaves linear, linear-elliptic, elliptic or lanceolate, tapering into a petiole"	13
13	"Lamina narrow linear, ± terete, rarely trifurcate, 0.5-1.25 mm wide"	"Ranunculus setaceus"
13	"Lamina linear-elliptic or lanceolate, 2-15 mm wide"	"Ranunculus flammula"
14	"Some leaves trilobed; lateral lobes to 0.5 mm wide"	"Ranunculus setaceus"
14	"Leaves trilobed, trifoliolate or pinnate; most lateral lobes > 1 mm wide"	15
15	"Leaves in a basal rosette, rarely with small cauline leaves or bracts on flowering stems"	16
15	"Leaves in a basal rosette as well as with numerous smaller cauline leaves"	24
16	"Leaves with narrow, linear segments, segments 1-2 mm wide; 3 or more nectaries at base of petals"	"Ranunculus gunnianus"
16	"Leaves with broad segments, segments 1.5-25 mm wide; 1 nectary between base and midway of petals"	17
17	"Flowers pale yellow, inconspicuous on scapes shorter than the leaves"	18
17	"Flowers golden-yellow, conspicuous on scapes as long as or longer than the leaves"	20
18	"Leaves pinnate, 3-5(7)-foliolate, hirsute; nectary a crescentic bracket, lacking a lobe"	"Ranunculus decurvus"
18	"Leaves 3(5)-foliolate or -lobed, or simple, glabrous or hirsute; nectary covered by a small fleshy lobe"	19
19	"Leaves trilobed or trifoliolate, lateral leaflets usually not distant from terminal, abaxial surface glabrous or hairy; petiole sparsely to densely pilose, rarely glabrescent; petals 0-6"	"Ranunculus triplodontus"
19	"Leaves 3-5-foliolate, lateral leaflets distant from terminal leaflet, glabrous or with long, sparse ± appressed hairs near margins; petiole glabrous or with sparsely pilose; petals 5-6"	"Ranunculus jugosus"
20	"Sepals reflexed"	"Ranunculus scapiger"
20	"Sepals spreading or appressed to petals"	21
21	"Hairs on stems and leaves closely appressed; leaflets attached asymmetrically"	"Ranunculus pascuinus"
21	"Hairs on leaves spreading, on stems spreading or appressed; leaflets attached symmetrically"	22
22	"Nectary one-third from base of petal, naked, forming a crescentic pit; often with a short, stout rhizome"	"Ranunculus nanus"
22	"Nectary near petal-base, covered by a petaloid or small fleshy lobe or nectary a bracket; without a rhizome"	23
23	"Leaves pinnate; nectary lobe rounded, or sub-acute triangular"	"Ranunculus pimpinellifolius"
23	"Leaves ternate or ternately lobed; nectary lobe truncate, free to half-attached"	"Ranunculus lappaceus"
24	"Achenes glabrous and smooth"	25
24	"Achenes with hairs, spines or tubercles"	28
25	"Achenes in a oblong head; nectary of petal without lobe"	"Ranunculus sceleratus"
25	"Achenes in a globular head; nectary of petal with lobe 0.7-2.8 mm long"	26
26	"Receptacle glabrous; basal leaves with lamina ± orbicular to reniform in outline, 1-23 cm diam., ± palmately 5-7-partite, each lobe again variously divided"	"Ranunculus acris"
26	"Receptacle glabrous in stamen zone, hispid above; basal leaves with lamina ovate to deltate in outline, 0.6-5.5 cm diam., trifoliolate, or palmately trilobed"	27
27	"Sepals reflexed; achenes with marginal rib narrow, sometimes with a line of subappressed hairs"	"Ranunculus scapiger"
27	"Sepals spreading or appressed to petals; achenes with margin narrowly ridged"	"Ranunculus lappaceus"
28	"Flowers > 8 mm diam.; petals golden-yellow; sepals reflexed"	29
28	"Flowers very small, < 7 mm diam.; petals pale-yellow or lemon; sepals erect"	31
29	"Leaves palmatifid; sepals ± glabrous, achenes with smooth margins and long spiny tubercles"	"Ranunculus muricatus"
29	"Leaves trifoliolate or ternate; sepals pubescent, achenes with short, blunt tubercles"	30
30	"Flower 12-25 mm diam.; stamens 10-18; achenes with small obtuse tubercles round margin"	"Ranunculus sardous"
30	"Flower 8-12 mm diam.; stamens 35-50; achenes with flattened brown face and short, blunt conical tubercles"	"Ranunculus trilobus"
31	"Nectary a prominent petaloid lobe wider than petal; achenes with very long prominent spines"	"Ranunculus arvensis"
31	"Nectary a small pocket or bracket, significantly narrower than petal; achenes with tubercles or bristles"	32
32	"Flowers 4-7 mm diam.; achenes covered with conical tubercles only"	"Ranunculus parviflorus"
32	"Flowers 2-3 mm diam.; achenes covered with tubercles ending in a stiff bristle, or bristles only"	33
33	"Achenes with a few conical tubercles ending in recurved bristles over lateral faces but not margins"	"Ranunculus sessiliflorus"
33	"Achenes with numerous bristles over lateral faces and margins"	"Ranunculus pumilio"
