from	statement	to
1	"Leaves with apex blunt or rounded, more-or-less thickened"	2
1	"Leaves with apex acute"	"Luzula acutifolia"
2	"Inflorescence umbellate or subumbellate, the peduncles long or short but distinct"	3
2	"Inflorescence a spike (sometimes with sub sessile lower clusters) or with branches congested forming a single head"	8
3	"Plants loosely tufted and with stolons or rhizomes"	4
3	"Plants loosely or densely tufted, without stolons or rhizomes"	5
4	"Seeds with conspicuous caruncle half as long as the seed; plant stoloniferous"	"Luzula campestris"
4	"Seeds with small caruncle scarcely one fifth as long as the seed; plant shortly rhizomatous"	"Luzula novaecambriae"
5	"Ripe capsule pale, creamy or greenish or light brown (valves sometimes with chestnut-brown margins and midribs)"	"Luzula flaccida"
5	"Ripe capsule mid-brown or darker or reddish-brown at least in the upper half"	6
6	"Flowering stems 20-40 cm high, not bulbous at base; scarious floral bracts fimbriate"	"Luzula multiflora"
6	"Flowering stems 5-30 cm high , conspicuously hard and bulbous at the base; scarious floral bracts entire or more-or-less laciniate"	7
7	"Tepals dark brown, concolorous or with narrow, pale margins; anthers c. 1 mm long"	"Luzula meridionalis"
7	"Tepals light or reddish-brown with wide, pale margins; anthers c. 0.5 mm long"	"Luzula densiflora"
8	"Inflorescence a narrow-oblong spike sometimes with several lower sub sessile clusters"	"Luzula modesta"
8	"Inflorescence a head, more-or-less globular or ovoid or conical"	9
9	"Seeds with conspicuous caruncle a third to a half as long as the seed"	10
9	"Seeds with small caruncle one fifth as long as the seed or less"	12
10	"Tepals cream with narrow brown central band or wholly cream; capsules pale, creamy or greenish or light brown"	"Luzula flaccida"
10	"Tepals chestnut-brown with membranous margins; capsules reddish-brown"	11
11	"Stems 6-30 cm high, bases bulbous, hard; margins of leaves usually densely villous"	"Luzula densiflora"
11	"Stems 20-80 cm high, bases not bulbous; margins of leaves sparsely villous but with conspicuous tuft of tangled hairs at junction with sheath"	"Luzula congesta"
12	"Capsules dark brown, almost black; leaf-margins almost without hairs except at junction of sheath and blade"	"Luzula atrata"
12	"Capsules yellowish- to reddish-brown; leaf-margins rounded, with scattered erect, long hairs especially in the lower third"	13
13	"Inflorescence more-or-less globular; flowers close-set, their bases not visible; leaves grass-like, flat, 3-7 mm broad"	"Luzula australasica"
13	"Inflorescence conical; flowers not very close-set, bases of flowers and branches easily seen; leaves rather stiff, blades slightly incurved, often reddish, 1.5-3.5 mm broad"	"Luzula poimena"
