from	statement	to
1	"Freshwater plant; leaves sessile, either cauline or in a basal tuft, linear or linear-lanceolate"	2
1	"Marine plant; leaves petiolate with blade oblong-elliptic"	Halophila
2	"Leaves cauline, opposite or in whorls on elongated stems, 0.6-3 cm long"	3
2	"Leaves in a basal rosette, 15-60 cm long or longer"	Vallisneria
3	"Leaves in whorls of 3, or opposite or alternate"	4
3	"Leaves usually in whorls of 4-5, occasionally opposite near base of the stem"	Egeria
4	"Leaves lax, 6-12 mm long, whorled"	Elodea
4	"Leaves stiff (although thin), strongly recurved, 16-25 mm long, alternate but crowded in upper parts of stems appearing almost whorled"	Lagarosiphon
