from	statement	to
1	"Corolla tube equal to calyx, corolla usually glabrous or with isolated hairs; fruit red-black and shiny; abaxial leaf surface subglaucous"	"Planocarpa nitida"
1	"Corolla tube longer than calyx, corolla densely pubescent; fruit red or red-black, dull or shiny; abaxial leaf surface glaucous"	2
2	"Abaxial leaf surface with 7-9 veins, adaxial surface shallowly grooved at the base, margin flat; gynoecium densely puberulent; fruit red or red-black, dull"	"Planocarpa petiolaris"
2	"Abaxial leaf surface with 5 veins, adaxial surface with a central groove, margin recurved; gynoecium glabrous; fruit red, shiny"	"Planocarpa sulcata"
