from	statement	to
1	"Petals 6-15 mm long, purple"	"Calandrinia ciliata"
1	"Petals 2.5-4 mm long, white or pale pink"	2
2	"Capsule broad-ovoid to subglobose, black, opening by 3 short valves at the apex; sepals not persistent"	"Calandrinia granulifera"
2	"Capsule narrow-ovoid, light brown, opening by valves to the base; sepals persistent"	3
3	"Seeds 10-20, lenticular, shining, smooth to faintly colliculate; sepals obscurely veined"	"Calandrinia calyptrata"
3	"Seeds 30-55, reniform, colliculate with a metallic lustre; sepals prominently veined"	"Calandrinia eremaea"
