from	statement	to
1	"Fruiting carpels subsessile or on podogynes shorter than the carpels; turions commonly produced"	"Ruppia tuberosa"
1	"Fruiting carpels on podogynes several times longer than the carpels; turions less commonly or not produced"	2
2	"Undamaged leaf-tips obtuse to acute; carpels 4-8 (-16?) per flower; fruiting carpels 2-2·5 mm long"	"Ruppia polycarpa"
2	"Undamaged leaf-tips bidentate, tridentate or truncate; carpels 2-4 (-6) per flower; fruiting carpels 3·5-4 mm long"	"Ruppia megacarpa"
