from	statement	to
1	"Flowers white, in ± spherical spikes which are terminal or axillary towards the ends of short branches; corolla glabrous"	"Trochocarpa gunnii"
1	"Flowers red or rarely white, in terminal cylindrical spikes; corolla bearded inside at the throat"	2
2	"Leaves ovate, 2-4 mm long"	"Trochocarpa thymifolia"
2	"Leaves ovate-lanceolate or narrow-elliptical, 8-20 mm long"	3
3	"Branchlets glabrous; erect shrub 3-4 m high (local in the extreme south)"	"Trochocarpa disticha"
3	"Branchlets pubescent; semi-prostrate, spreading shrub (widespread on mountains of the south, west & Central Plateau)"	"Trochocarpa cunninghamii"
