from	statement	to
1	"Flowers cleistogamous (corolla lobes erect, appressed, persistent, anthers not exserted"	"Plantago australis"
1	"Flowers chasmogamous (corolla lobes spreading, anthers exserted)"	2
2	"Scapes furrowed, anterior sepals fused for at least 1/2 their length"	"Plantago lanceolata"
2	"Scapes not furrowed, anterior sepals free more-or-less to base"	3
3	"Keels of posterior sepals winged"	4
3	"Keels of posterior sepals not winged"	5
4	"Scapes slender, 0.5-1.8 mm diam., mostly longer than leaves; bracts mostly longer than sepals; keel of anterior sepals more-or-less equal to membranous margins"	"Plantago coronopus ssp. coronopus"
4	"Scapes stout, 1.3-2.3 mm diam., shorter than or equal to leaves; bracts mostly shorter than or equal to sepals; keel of anterior sepals much broader than membranous margins"	"Plantago coronopus ssp. commutata"
5	"Leaves broadly ovate, with 5-7 more-or-less equal veins and narrowed abruptly to a long winged petiole; capsules with 8-16 seeds"	"Plantago major"
5	"Leaves either not 5-7 nerved, or having capsules with 2-5 seeds"	6
6	"Rootstocks short and lateral roots spreading"	7
6	"Taproots long (sometimes branched)"	13
7	"Plants with thick leaves which are densely tomentose, shortly petiolate; spikes cylindrical; seeds pigmented a deep, matte, purple-brown"	8
7	"Plants with leaves glabrous or sparingly hispid, or if tomentose, then spikes capitate and seeds pale brown, glistening"	9
8	"Fruiting scapes approximately twice leaf length"	"Plantago tasmanica var. tasmanica"
8	"Fruiting scapes scarcely as long as the leaves"	"Plantago tasmanica var. archeri"
9	"Leaves spathulate with an indumentum of long pilose hairs spread evenly over the upper surface. Small plants growing in alpine cushion plants"	"Plantago gunnii"
9	"Leaves ± glabrous, or with hairs confined to bands on the upper surface"	10
10	"Scapes (sub-)sessile at anthesis"	11
10	"Scapes elongate at anthesis"	12
11	"Plants with an axillary tuft of golden brown hairs; leaves glabrous; seeds (1-)4"	"Plantago muelleri"
11	"Plants with an axillary tuft of silvery-white hairs (if present); leaves with bands of hairs more-or-less across the blade; seeds (4-)8"	"Plantago paradoxa"
12	"Flowers crowded in a cylindrical (but sometimes reduced) spike; petioles about as long as the blade; axillary hairs silvery-white and with a tuft of hairs in the axil of the bract"	"Plantago daltonii"
12	"Flowers (1-)2-3(-5) on a capitate spike; petioles shorter than the blade; axillary hairs golden brown; tuft of hairs absent from the axil of the bract"	"Plantago glacialis"
13	"Leaves more-or-less glabrous, fleshy, 3-5 cuspid, bracts and sepals glabrous; plants of coastal rocks"	"Plantago triantha"
13	"Leaves, bracts and/or sepals pilose"	14
14	"Keels of the bracts and sepals pilose"	15
14	"Keels of sepals more-or-less glabrous; bracts glabrous or with fimbriate-ciliate margins"	18
15	"Bracts minute, or if long, then less than half the calyx length; hairs in leaf axils short, whitish or pale yellow-brown"	"Plantago hispida"
15	"Bracts greater than half sepal length; hairs in leaf axils long, tufted, deep golden brown"	16
16	"Leaves broadly obovate, anterior sepals, 1.8-2 mm long, narrowly elliptic; bracts more-or-less 2/3 sepals"	"Plantago bellidioides"
16	"Leaves linear to lanceolate; anterior sepals 2.8-3.5 mm long, broadly elliptic-obovate; bracts more-or-less equal sepals"	17
17	"Leaves narrow-elliptic to lanceolate, pilose, length 5-10 times the breadth"	"Plantago varia"
17	"Leaves linear to narrow elliptic more-or-less glabrous, length more than 15 times than breadth"	"Plantago gaudichaudii"
18	"Bracts fimbriate-ciliate, as long or longer than the calyces"	"Plantago glabrata"
18	"Bracts entire, shorter than the calyx"	19
19	"Scapes slender bearing interrupted spikes of small, distant flowers"	"Plantago debilis"
19	"Spikes dense; flowers closely imbricate"	"Plantago antarctica"
