from	statement	to
1	"Stamens (2)5 (subfam. Epacridoideae)"	2
1	"Stamens 8 or 10"	23
2	"Style inserted into an apical depression of the ovary; Fruit a loculicidal capsule"	3
2	"Style usually attenuate, from the ovary, rarely seated in a shallow apical depression; Fruit a drupe"	8
3	"Leaf bases broadly sheathing"	4
3	"Leaf bases not sheathing (but lamina may be stem clasping)"	6
4	"Leaf scars annular (Richeeae)"	5
4	"Leaf scars absent, stems smooth (Cosmelieae)"	Sprengelia
5	"Corolla ovoid or conical, forming an operculum, the lobes not opening at anthesis"	Richea
5	"Corolla cylindrical or campanulate, the lobes spreading"	Dracophyllum
6	"Leaf margins serrate or serrulate; anthers bilocular, dehiscing by a single slit above the common septum (Prionoteae)"	Prionotes
6	"Leaf margins entire; anthers unilocular, dehiscing by a single slit"	7
7	"Flowers pedicellate above upper bracts (Archerieae)"	Archeria
7	"Flowers not pedicellate above upper bracts (Epacreae)"	Epacris
8	"Ovary 2-locular; stamens 2; corolla glabrous inside (Oligarrheneae)"	"[not in Tas.]"
8	"Ovary 1–11 locular; stamens 4 or 5; corolla hairy inside (Styphelieae)"	9
9	"Staminal filaments long, anthers exerted or reflexed"	10
9	"Staminal filaments short, anthers included"	14
10	"Corolla lobes glabrous"	Monotoca
10	"Corolla lobes hirsute to some degree"	11
11	"Flowers in compact rounded clusters (condensed spikes) on bare stems or amongst old leaves, usually on past season’s wood; corolla lobes with a tuft of stiff hairs at the apex"	Acrotriche
11	"Flowers axillary or terminal, either solitary or in spikes or racemes, borne usually on present season's wood; corolla lobes hirsute inside, but without stiff hairs at the apex"	12
12	"Plant forming a prostrate mat; fruit with a succulent mesocarp"	Styphelia
12	"Plant an erect or scrambling shrub, not mat-forming; fruit with a pithy mesocarp"	13
13	"Leaves concolorous; fruit separating into pyrenes"	Trochocarpa
13	"Leaves glaucous beneath; fruit with a pithy mesocarp, the locules fused into a single woody stone"	Cyathodes
14	"Flowers subtended by 1 bract and 2 bracteoles"	15
14	"Flowers subtended by 4 or more bracts/bracteoles"	20
15	"Flowers unisexual and morphologically distinct, the male flowers larger; plants dioecious"	Acrothamnus
15	"Flowers apparently hermaphrodite and morphologically similar; plants monoecious"	16
16	"Flowers glabrous, pedicellate above the subtending bracts"	Lissanthe
16	"Flowers hirsute to some degree, sessile in the subtending bracts"	17
17	"Tufts of long stiff hairs at the base of the lobes project into the tube beyond the base of the anthers"	Brachyloma
17	"Corolla lobes hirsute or papillose, lacking basal tufts of long stiff hairs"	18
18	"Leaves alternate without any evident clustering; bud scales deciduous"	Leucopogon
18	"Leaves in annual clusters; bud scales persistent"	19
19	"Leaf clusters distinctly verticillate; bud scales morphologically different from leaves"	Androstoma
19	"Leaf clusters not clearly verticillate; bud scales morphologically similar to leaves"	Planocarpa
20	"Flowers unisexual and morphologically distinct, the male flowers larger; plants dioecious"	Leptecophylla
20	"Flowers apparently hermaphrodite and morphologically similar; plants monoecious"	21
21	"Leaves concolorous"	Pentachondra
21	"Leaves glaucous beneath"	22
22	"Flowers red or bicoloured yellow/green, corolla tube usually 1-2 cm long"	Astroloma
22	"Flowers creamy-white, corolla tube usually < 1cm"	Montitega
23	"Bush or subshrub; leaves scale-like or narrow-linear, ericoid, 0.1-2 cm long; flowers 4-merous (subfam. Ericoideae"	24
23	"Bush or small tree; leaves narrow-elliptical to broadly-elliptical or lanceolate or almost orbicular, 0.3-16 cm long; flowers 5-merous"	26
24	"Leaves large, 6-16 cm long, plane, elliptical; flowers 5-merous; petals 35-45 mm long"	Rhododendron
24	"Leaves scale-like or narrow-linear, ericoid, to 2 cm long; flowers 4-merous; petals 2-10 mm long"	25
25	"Leaves scale-like, 1-2 mm long, appressed to stem; petals shorter than sepals"	Calluna
25	"Leaves narrow-linear, 3-20 mm long, spreading or appressed; petals longer than sepals"	Erica
26	"Petals 35-45 mm long; fruit a dry capsule, not surrounded by a persistent calyx (subfam. Ericoideae)"	Rhododendron
26	"Petals 2.5-10 mm long; fruit either a dry capsule and then surrounded by fleshy calyx, or a fleshy berry"	27
27	"Tall erect shrub or small tree; fruit a fleshy berry, not surrounded by fleshy calyx; stems with gland-tipped hairs (subfam. Arbutoideae)"	Arbutus
27	"Weak shrub; fruit a capsule surrounded by fleshy calyx; stems with acicular hairs (subfam. Vaccinioideae)"	Gaultheria
