from	statement	to
1	"Upper glume up to 20 mm long, awned; pedicels dilated distally"	"Vulpia fasciculata"
1	"Upper glume up to 8 mm long, unawned; pedicels not dilated"	2
2	"Lower glume more than half as long as the upper; panicle much exserted from upper leaf sheath"	"Vulpia bromoides"
2	"Lower glume less than half as long as the upper; panicle base more-or-less enclosed in the uppermost leaf sheath"	3
3	"Lemma-margins hairless"	"Vulpia myruros"
3	"Lemma margins, at least in the upper florets, bearing erect hairs in the upper third"	"Vulpia megalura"
