from	statement	to
1	"Plants with bulbs and/or bulbils, or thick, fleshy or woody rhizomes"	2
1	"Plants without bulbs, bulbils or woody rhizomes, but sometimes with slender, fleshy rhizomes"	7
2	"Petals yellow or white"	3
2	"Petals pink, mauve or purple"	4
3	"Petals white, rarely with very faint pink/bluish tinge; leaves usually with distinctive maroon markings (rare)"	"Oxalis vallicola"
3	"Petals yellow; leaves sometimes with purple flecks (widespread)"	"Oxalis pes-capre"
4	"Plants without bulbs; woody rhizomes present"	"Oxalis articulata"
4	"Plants with bulbs and/or bulbils and rhizomes"	5
5	"Stems well developed and leafy"	"Oxalis incarnata"
5	"Stems absent or very short, never leafy"	6
6	"Flowers in umbels of 6-14; stems very short; tunic scales of bulbils pale fawn-brown"	"Oxalis latifolia"
6	"Flowers solitary; stems absent or very short; tunic scales of bulbils black-brown"	"Oxalis purpurea"
7	"Petals white"	"Oxalis magellanica"
7	"Petals yellow"	8
8	"Plants with stems creeping, usually compact, strongly rooting at the nodes; tap root poorly developed or absent"	9
8	"Plants with stems loose, erect or ascending, scarcely compact, weakly rooting at the nodes; tap root slender or well developed"	10
9	"Stems green or greenish-yellow, not reddish; fruit conical to shortly cylindric, 3-6(-8) mm long (sub-montane and inland wetter sites)"	"Oxalis exilis"
9	"Stems at least partially distinctly reddish; fruit cylindrical or ± slightly expanded in the middle, 12-24 mm long (coastal sandy areas)"	"Oxalis rubens"
10	"Leaves dull green to brownish-purple with pale green midrib; stipules inconspicuous; tap root stout, deeply penetrating"	"Oxalis radicosa"
10	"Leaves distinctly green throughout; stipules obvious; tap root absent or slender, shallow"	11
11	"Stem hairs spreading or retrorse"	"Oxalis corniculata"
11	"Stem hairs mostly antrorse"	"Oxalis perennans"
