from	statement	to
1	"Semi-woody shrubs, 0.5-2 m high; leaves all cauline"	"Goodenia ovata"
1	"Procumbent or ascending herbs, rarely erect and then < 0.5 m tall, sometimes woody at the base; leaves mainly in a basal rosette or sometimes cauline"	2
2	"Leaves pinnately divided, for one quarter to half the width of the leaf"	"Goodenia pinnatifida"
2	"Leaves entire, or lobed or toothed for less than one quarter width of the leaf"	3
3	"Inflorescences basal, shorter or scarcely longer than the leaves; corolla 10 mm long or less"	"Goodenia humilis"
3	"Inflorescences basal or axillary, longer than the leaves; corolla 12-20 mm long"	4
4	"Stems erect or ascending; bracteoles absent; pedicels erect or spreading after anthesis"	"Goodenia elongata"
4	"Stems rarely ascending, usually procumbent, creeping or absent; bracteoles present; pedicels ± reflexed after anthesis"	5
5	"Plant tufted, without aerial stems; leaves oblanceolate, ± entire (localized in the NW)"	"Goodenia geniculata"
5	"Plant with procumbent or creeping stems, rarely ascending; leaves usually obovate, toothed or lobed (throughout state)"	"Goodenia lanata"
