from	statement	to
1	"Adult leaves with margins regularly toothed, lateral veins parallel, at right angles to midrib, conspicuous on abaxial surface"	"Banksia serrata"
1	"Adult leaves entire or irregularly and unevenly toothed, mainly toward the apex, lateral veins reticulate ± conspicuous on abaxial surface"	2
2	"Trees; leaves 5-12 cm long, 1-2.5 cm wide (extinct in Tas.; Bass Strait)"	"Banksia integrifolia"
2	"Small trees or shrubs; leaves 2-8 cm long, 0.3-1 cm wide (widespread)"	"Banksia marginata"
