from	statement	to
1	"Capsule with stiff hairs or bristles"	2
1	"Capsule glabrous"	3
2	"Capsule almost globose, bristles spreading"	"Papaver hybridum"
2	"Capsule clavate, more than 3 times as long as broad, bristles antrorse"	"Papaver argemone"
3	"Capsule ovoid or oblong, ± twice as long as broad"	4
3	"Capsule subglobose or broadly turbinate, not much longer than broad"	5
4	"Peduncle with scattered stiff, spreading bristles"	"Papaver aculeatum"
4	"Peduncle with soft appressed hairs"	"Papaver dubium"
5	"Plant hairy, not glaucous, upper leaves pinnately lobed"	"Papaver rhoeas"
5	"Plant glaucous or sub-glaucous; upper leaves stem-clasping, shallowly lobed or toothed"	"Papaver somniferum"
