from	statement	to
1	"Leaves well-developed, not scale-like; peduncle of flower united with subtending leaf; perennial herb or subshrub"	Thesium
1	"Leaves scale like; peduncle, where present, free from subtending leaf; subshrub, shrub (sometimes prostrate) or tree"	2
2	"Ovary superior; receptacle often enlarged and fleshy below fruit; tepals yellowish or greenish (sometimes tinged reddish)"	Exocarpos
2	"Ovary inferior; receptacle not enlarged and fleshy below fruit; tepals white (sometimes tinged reddish-pink)"	Leptomeria
