from	statement	to
1	"Annual, stems more-or-less setaceous, up to 8 cm high"	2
1	"Perennial, stems stout, 15-90 cm high"	3
2	"Involucral bracts 1 (-2), erect, looking like continuation of stem; spikelets 1-4, sessile, in 1 (-2) digitate clusters"	"Cyperus tenellus"
2	"Involucral bracts 2-3, unequal, spreading widely; inflorescence a small head or umbel"	"Cyperus sanguinolentus"
3	"Spikelets light green to pale brown, ovoid-oblong, 2-3 mm broad. Stamen 1"	"Cyperus eragrostis"
3	"Spikelets chestnut-brown to reddish-purple, linear or linear-lanceolate, 1-2 mm broad. Stamens 3"	4
4	"Leaves and bracts smooth with keel and margins scabrous"	"Cyperus congestus"
4	"Leaves and bracts septate-nodulose"	5
5	"Involucral bracts 5-8; spikelets usually with 4-6 fertile flowers;glumcs c. 5 mm long"	"Cyperus lucidus"
5	"Involucral bracts 3-4; spikelets usually with 8-12 fertile flowers; glumes c. 2.5 mm long"	"Cyperus gunnii"
