from	statement	to
1	"Plants glabrous, scrambling, twining or climbing; leaves distinctly petiolate and with a lobate lamina 1-2 times as long as broad"	2
1	"Plants glabrous or hairy, not growing as above; leaves various, not entirely as above"	3
2	"Capitula radiate; leaves dark green, with lamina generally longer than broad and with base truncate to cuneate; petiole 1-4 cm long; stipules absent"	"Senecio angulatus"
2	"Capitula discoid; leaves pale green, lamina about as broad as long and with base strongly cordate (heart-shaped); petiole 4-7 cm long; kidney-shaped stipules present"	"Delairea odorata"
3	"Capitula radiate"	4
3	"Capitula not radiate"	23
4	"Woody shrubs or trees, 2-4 m high; leaves linear, with margins entire, viscid (Mts Wellington and Dromedary)"	"Brachyglottis brunonis"
4	"Herbaceous plants (sometimes woody basally), to 2 m high; leaves various, not viscid (distribution various)"	5
5	"Ligules of ray florets crimson to purple, or rarely white (and if white, then inflorescences of several capitula)"	"Senecio elegans"
5	"Ligules of ray florets yellow, or if ever cream or whitish then inflorescences of a single capitulum"	6
6	"Involucre < 5.5 mm long, < 2 mm diameter; disc florets < 30; ray florets 4-8; leaves never lobate or pinnatisect"	7
6	"Involucre 4-15 mm long, > 2 mm diameter; disc florets > 30; ray florets c. 13, or more; leaves sometimes lobate or pinnatisect"	10
7	"All leaves appearing entire"	"Senecio linearifolius var. linearifolius"
7	"At least the stem leaves callus-denticulate, denticulate or dentate"	8
8	"New axillary growth densely cobwebby to woolly; involucre mostly > 4.0 mm long"	"Senecio linearifolius var. arachnoideus"
8	"New axillary growth glabrous or only sparsely cobwebby; involucre 2.5-4.0 mm long"	9
9	"Mid- to upper-stem leaves less than 25 mm wide and with l:w ratio > 4; leaf-base attenuate to cuneate"	"Senecio linearifolius var. denticulatus"
9	"Mid- to upper-stem leaves more than 25 mm wide, or if narrower then l:w ratio < 4 and/or with leaf-base broad-cuneate, truncate or cordate (heart-shaped)"	"Senecio linearifolius var. latifolius"
10	"Leaves bi- or tri-pinnatisect, with ultimate segments variable in width; calycular bracteoles narrow-lanceolate, to c. 0.5 mm wide; achenes of ray florets glabrous but those of disc florets hairy"	"Senecio jacobaea"
10	"Leaves not bi- or tri-pinnatisect, or if so with all ultimate segments of leaves similarly narrow and with calycular bracteoles ovate to lanceolate, 0.7-1.6 mm wide; achenes either all hairy or all glabrous"	11
11	"Plants rosette-forming; leaves/bracts above mid-stem much smaller than basal leaves; calycular bracteoles narrow-oblong, > 4 mm long (mostly montane to alpine)"	12
11	"Plants not rosette-forming, or if so then calycular bracteoles ovate, less-than or equal to 3 mm long; largest leaves occurring along stems (mostly lowland)"	16
12	"Leaves distinctly hairy; stem leaves/bracts up to 5 (excluding distal-most 1 cm of stem)"	13
12	"Leaves glabrous or nearly so; stem leaves/bracts 5-15 (excluding distal-most 1 cm of stem)"	14
13	"Basal leaves not spathulate (demarcation between petiole and blade more or less abrupt), usually at least some > 15 mm wide; upper surface lacking broad-based coarse hairs; inflorescences of 1-4 capitula"	"Senecio primulaefolius"
13	"Basal leaves spathulate, < 15 mm wide; upper surface with broad-based coarse septate hairs to c. 1.5 mm long (or their stout residual bases); inflorescences of a single capitulum"	"Senecio papillosus"
14	"Leaves deeply lobate to pinnatisect, with 3-6 more or less oblong segments per side, concolorous or nearly so; inflorescences of 1 capitulum (rarely 2); ligules yellow"	"Senecio pectinatus var. pectinatus"
14	"Leaves less dissected than above, with 1-several serrations or somewhat triangular lobes per side, markedly discolorous; inflorescences of 1 or more capitula; ligules yellow, white, or cream"	15
15	"Leaves 4-10 mm wide, with teeth or lobes 3 or more per side; inflorescences mostly of 3 or more capitula; ligules yellow"	"Senecio leptocarpus"
15	"Leaves 1-4 mm wide, with teeth 1 or 2 per side; inflorescences of a single capitulum; ligules white or cream"	"Senecio albogilvus"
16	"Leaves entire or denticulate to dentate, strongly amplexicaul; calycular bracteoles up to 4; plants often glaucous"	"Senecio velleioides"
16	"Leaves variously dissected, not or hardly amplexicaul; calycular bracteoles 6 or more; plants not glaucous"	17
17	"Calycular bracteoles 5-10 mm long; phyllaries with conspicuous dark hairs; ligules 7- or 8-veined"	"Senecio vagus subsp. vagus"
17	"Calycular bracteoles 1-3 mm long; phyllaries glabrous; ligules mostly 4-veined"	18
18	"Leaves bi- or tri-pinnatisect; stems succulent; capitula and leaves rather crowded (Bass Strait islands)"	"Senecio pinnatifolius var. capillifolius"
18	"Leaves not bi-pinnatisect, or if so then stems not or hardly succulent; capitula and leaves crowded or lax"	19
19	"Stereome of inner phyllaries more than twice as broad as stereome of outer phyllaries measured c. 1 mm below apex, and usually bordered by a purple chevron; margins of outer phyllaries c. as broad as the stereome 1 mm below apex (Fig. 12)"	"Senecio pinnatifolius var. lanceolatus"
19	"Stereome of inner phyllaries less than twice as broad as that of outer phyllaries measured c. 1 mm below apex, usually not bordered by a purple chevron but sometimes weakly so; margin of outer phyllaries narrower than stereome 1 mm below apex (Fig. 12)"	20
20	"Leaves halfway to 2/3 along stems/major branches broadest beyond midleaf and/or with marginal points or segments clearly more numerous in distal half of leaf; peduncles commonly hairy at flowering (montane to alpine)"	"Senecio pinnatifolius var. alpinus"
20	"Leaves halfway to 2/3 along stems/major branches not broadest beyond midleaf and with marginal points or segments not more numerous in distal half; peduncles commonly glabrous at flowering (generally lower than montane)"	21
21	"Leaves generally only slightly fleshy (although succulent on coast); base of upper-branch leaves (excluding any lobes or segments) generally not broader than the branch (east coast and inland)"	"Senecio pinnatifolius var. pinnatifolius"
21	"Leaves fleshy; base of upper-branch leaves commonly broader than branch (west coast)"	22
22	"Achenes 3.0-5.5 mm long; pappus persistent; broadest stereomes of phyllaries well over 1 mm wide (sandy sites only)"	"Senecio spathulatus var. spathulatus"
22	"Achenes < 3.0 mm long; pappus not persistent; broadest stereomes of phyllaries to c. 1 mm wide (rocky sites as well as on sand)"	"Senecio pinnatifolius var. maritimus"
23	"Involucres all or mostly of 7-10 phyllaries"	24
23	"Involucres all or mostly of more than 11 phyllaries (mostly c. 13, but sometimes more)"	30
24	"Capitula discoid, with florets 10-16; corolla of all florets 5-lobed and markedly dilated distally; plant aromatic, usually quite glaucous"	"Senecio odoratus"
24	"Capitula disciform with florets mostly more than 16; corolla of outer florets hardly dilated distally and less than 5-lobed; plants not usually aromatic, not glaucous"	25
25	"Plants greyish in appearance with a cottony to woolly indumentum of fine hairs at least on stems and lower surface of leaves; coarse hairs absent"	"Senecio quadridentatus"
25	"Plants not greyish in appearance with fine hairs rather sparse except on newest growth; if ever somewhat greyish overall then the indumentum of coarse hairs"	26
26	"Achenes lageniform, > 2.8 mm long, with hairs rather sparse in lines; secondary roots slightly tuberiform"	"Senecio prenanthoides"
26	"Achenes not lageniform and/or < 2.8 mm long, with hairs variously dense; secondary roots not tuberiform"	27
27	"At least lower- to mid-stem leaves lobed; marginal teeth scattered (< 3 per cm)"	28
27	"Stem leaves not lobed; margins often crowded-toothed (c. 5 per cm)"	29
28	"Lobation of leaves markedly angled forwards, with acute teeth on the lobes also angled forwards; upper surface of upper-stem leaves nearly glabrous; achenes (2.0-) 2.5-3.2 mm long"	"Senecio biserratus"
28	"Lobation of leaves nearly at right-angles to midrib, with subacute teeth on the lobes hardly angled forwards; upper surface of all leaves with scattered coarse hairs; achenes 1.5-2.2 mm long; achenes red-brown"	"Senecio hispidulus"
29	"Leaf margins smooth or with scattered points; inflorescences of few to c. 30 capitula"	"Senecio microbasis"
29	"Leaf margins with numerous crowded denticulations; inflorescences of 100s of capitula"	"Senecio minimus"
30	"Capitula discoid; calycular bracteoles conspicuously jet black in distal 0.5-1 mm; near glabrous annuals to 0.5 m high"	"Senecio vulgaris"
30	"Capitula disciform, or if discoid then plants densely hairy; calycular bracteoles with black pigmentation absent or inconspicuous and confined to very tip; short-lived perennials of various height, hairy or not"	31
31	"At least lower-stem region developing coarse hairs (these sometimes partly obscured by overlying wispy extensions), these hairs sometimes becoming lost with age"	32
31	"Stems glabrous or with all hairs very fine (appressed-cottony or woolly), nowhere developing any coarse hairs"	38
32	"Involucre < 2.0 mm diameter (see glossary), 3.0-6.0 mm long or to 9 mm long but then achenes markedly lageniform (neck 0.3-1.0 mm long); achene hairs forming lines or bands narrower than ribs"	33
32	"Involucre mostly > 2.0 mm in diameter, (5.0-) 6.0-12.0 mm long; achenes not or only slightly lageniform (neck c. 0.2 mm long); achene hairs forming bands c. as wide as ribs"	36
33	"Involucre 6.0-9.0 mm long; achenes lageniform, 2.8-4.5 mm long; secondary roots slightly tuberiform"	"Senecio prenanthoides"
33	"Involucre 3.0-6.0 mm long; achenes obloid, 1.0-2.2 mm long; secondary roots not tuberiform"	34
34	"Peduncle and capitulum glabrous at flowering; calycular bracteoles 4-8"	"Senecio hispidulus"
34	"Peduncle and capitulum (in region of bracteoles) cobwebby to woolly at flowering; calycular bracteoles 6-12"	35
35	"Achenes < 1/3 of phyllary length (phyllaries 4.0-6.0 mm long; achenes 1.0-1.7 mm long); peduncles and lower parts of capitulum moderately cobwebby to woolly; pappus usually > 5 mm long"	"Senecio glomeratus subsp. glomeratus"
35	"Achenes > 1/3 of phyllary length (phyllaries 3.0-5.0 mm long; achenes 1.3-2.2 mm long); peduncles and lower parts of capitulum sparsely to moderately cobwebby; pappus usually < 5 mm long"	"Senecio glomeratus subsp. longifructus"
36	"Upper-stem leaves not or hardly auriculate; apex of phyllaries black-tipped but without a zone of purple below this; achenes commonly slightly lageniform"	"Senecio longipilus"
36	"Upper-stem leaves usually auriculate; apex of phyllaries black-tipped or not, commonly with a zone of purple immediately below; achenes narrow-obloid"	37
37	"Coarse hairs on stems persisting throughout; achenes light to mid brown; phyllaries c. 13"	"Senecio hispidissimus"
37	"Coarse hairs on stems giving way to cottony hairs above mid-stem; achenes sometimes dark-brown to blackish; phyllaries c. 13, or often 16-20"	"Senecio squarrosus"
38	"Capitula discoid"	"Senecio georgianus"
38	"Capitula disciform"	39
39	"Achenes lageniform, 2.0-7.0 mm long"	40
39	"Achenes obloid to ellipsoid, 1.5-3.0 mm long"	43
40	"Involucre > 3.0 mm diameter; calycular bracteoles > 3.0 mm long; achenes with hairs in bands c. as broad as ribs"	"Senecio macrocarpus"
40	"Involucre < 3.0 mm diameter; calycular bracteoles < 3.0 mm long, appressed; achenes with hairs in lines or bands much narrower than ribs"	41
41	"Leaves in lower third of stems with scattered coarse hairs; achenes 5-7 mm long, markedly lageniform with a very long slender neck (> 1 mm long)"	"Senecio tasmanicus"
41	"Leaves in lower third of stems lacking coarse hairs; achenes 2.0-4.5 mm long, with neck shorter (< 1 mm long)"	42
42	"Plants with a grey appearance; taproot stout; at start of flowering lower-stem region densely cottony to woolly and capitula and peduncles either glabrous or cobwebby; outer achenes usually red"	"Senecio quadridentatus"
42	"Plants with a greenish appearance; taproot inconspicuous; at start of flowering lower-stem region glabrous or sparsely cottony and capitula and peduncles cobwebby; outer achenes dark brown"	"Senecio campylocarpus"
43	"Calycular bracteoles 1.0-2.0 mm long, 3-5 per capitulum; capitulum glabrous at flowering"	44
43	"Calycular bracteoles 2.0-5.0 mm long, more than 5 per capitulum or if 3-5 then capitula (in region of bracteoles) cobwebby at flowering"	45
44	"Involucre 1.0-1.5 mm diameter; florets up to 25; mature receptacle 1.0-2.0 mm diameter"	"Senecio microbasis"
44	"Involucre 1.5-2.0 mm diameter; florets more than 25; mature receptacle 2.5-3.0 mm diameter"	"Senecio phelleus"
45	"Peduncles and capitula glabrous at flowering (swamp plants)"	"Senecio psilocarpus"
45	"Peduncles and capitula (in region of bracteoles) cobwebby at flowering (not swamp plants)"	46
46	"Achenes with dense hair-bands c. as broad as ribs, mid-brown or blackish between bands; involucre 2.0-4.0 mm diameter (lowland)"	"Senecio squarrosus"
46	"Achenes glabrous or hairs in lines much narrower than ribs, olive-brown or red-brown; involucre 1.7-2.0 mm diameter (montane or higher altitudes)"	47
47	"Achenes 2.5-4.0 mm long, olive-brown; calycular bracteoles extending up to c. one-quarter of way along involucre; upper-stem leaves entire or denticulate"	"Senecio gunnii"
47	"Achenes 2.0-2.2 mm long, red-brown; calycular bracteoles extending c. one-third to halfway along involucre; upper-stem leaves lobate"	"Senecio extensus"
