from	statement	to
1	"Leaves ovate-cordate, entire or ± shallowly 5-7 lobed; stylar column (rostrum) less than or equal to 3 cm long in fruit"	"Erodium malacoides"
1	"Leaves distinctly lobed to pinnate; stylar column (rostrum) > 3 cm long in fruit"	2
2	"Leaves lobed to deeply pinnatifid, with wings of connecting tissue along rachis"	"Erodium botrys"
2	"Leaves distinctly pinnate, without wings of connecting tissue along rachis"	3
3	"Leaflets deeply pinnately lobed, almost to midrib; filaments of stamens widened at base but not toothed; pits on mericarp at base of awn without glandular hairs"	"Erodium cicutarium"
3	"Leaflets toothed or lobed, usually less than 1/2 way to the midrib; filaments of stamens toothed at the base; pits on mericarp at base of awn with glandular hairs"	"Erodium moschatum"
