from	statement	to
1	"Ovary inferior or partially inferior"	2
1	"Ovary superior"	6
2	"Plant bulbous; leaves basal; flowers borne on a leafless scape"	Narcissus
2	"Plant not bulbous; leaves basal and cauline"	3
3	"Styles 3"	4
3	"Styles 1"	5
4	"Ovary inferior, unilocular; flowers green, dull yellow or purplish"	Campynema
4	"Ovary partially inferior; flowers white or cream, sometimes tinged pink"	Milligania
5	"Perianth yellow; ovary inferior; capsule circumscissile"	Hypoxis
5	"Perianth white or cream, sometimes tinged pink; ovary partially inferior; capsule loculicidal"	Milligania
6	"Stamens 3; staminodes 3"	Sowerbaea
6	"Stamens 6 or occasionally more"	7
7	"Fruit a berry"	8
7	"Fruit a capsule"	11
8	"Flowers unisexual, plants dioecious"	9
8	"Flowers bisexual"	10
9	"Plants glabrous; leaves reduced to scales; cladodes present; flowers solitary"	Asparagus
9	"Plants with young leaves and inflorescences with a more-or-less dense indumentum of silvery scales; flowers in terminal panicles"	Astelia
10	"Leaves mostly confined to the upper part of the stem; flowers white, solitary in the leaf-axils, pendulous"	Drymophila
10	"Leaves mostly basal; flowers blue or violet or rarely white, in compound cymes"	Dianella
11	"Anther filaments all hairy or 3 hairy, 3 glabrous"	12
11	"Anther filaments glabrous or scabrous or papillose"	15
12	"Anther filaments shortly bearded over most of their length, naked only at the extreme ends; inflorescence a cyme, corymb or dichasium"	Thelionema
12	"Anther filaments long-bearded in the distal half; inflorescence a raceme or umbel"	13
13	"Flowers blue, purple or white tinged purple"	Arthropodium
13	"Flowers yellow"	14
14	"Flowers in a raceme on a fleshy scape; leaves fleshy, hollow"	Bulbine
14	"Flowers in umbels on wiry, unbranched stems; leaves flat, linear, grass-like"	Tricoryne
15	"Perianth twisted after flowering"	16
15	"Perianth not twisted after flowering"	17
16	"Inflorescence corymbose-paniculate; ovules 4-18 per loculus"	Chamaescilla
16	"Inflorescence racemose or paniculate; ovules 2 per loculus"	Caesia
17	"Plants bulbous"	18
17	"Plants without bulbs (Wumbea has a tunicated corm, Blandfordia a tuberous corm)"	20
18	"Inflorescence a corymb or raceme, espatheate; flowers blue-violet"	Scilla
18	"Inflorescence an umbel, sub tended by a spathe; flowers white, greenish or brownish"	19
19	"Plant with onion or garlic odour when bruised; style gynobasic; flowers white or replaced by bulbils"	Allium
19	"Plant without onion or garlic odour; style terminal; flowers greenish or brownish"	Nothoscordum
20	"Flowers in a head or umbel"	21
20	"Flowers in a spike or raceme or panicle or solitary"	22
21	"Inflorescence capitate, pedunculate to sessile, surrounded by scarious bracts; stems branched, wiry; leaves in fascicles"	Laxmannia
21	"Inflorescence a terminal umbel; stems more-or-less fleshy, usually unbranched; basal leaves 1 or 2, stem bracts 1 or 2; flowers white, buds pink"	Burchardia
22	"Flowers solitary"	23
22	"Flowers in a spike, raceme or panicle"	25
23	"Plant climbing; perianth segments fringed"	Thysanotus
23	"Plant not climbing; perianth segments not fringed"	24
24	"Plants rhizomatous; flowers bisexual; perianth segments bright blue or rarely white, without nectaries"	Herpolirion
24	"Plants with tunicated corms; flowers unisexual or bisexual; perianth segments white or cream, with 2 marginal nectaries or one nectary forming a purple, pale violet or white transverse band"	Wurmbea
25	"Flowers red and yellow or yellow or purple"	26
25	"Flowers white or pale green or tinged pink"	27
26	"Flowers 6-14 mm long, purple; anthers with basal appendages"	Dichopogon
26	"Flowers 35-45 mm long, orange-red or yellow externally, yellow internally; anthers without basal appendages"	Blandfordia
27	"Leaves terete, hollow; perianth segments white or pale pink with a prominent brownish linear stripe"	Asphodelus
27	"Leaves flat or channelled, not hollow; perianth segments white, cream or white tinged green or pink"	28
28	"Plant tufted, rhizomatous; young leaves and inflorescence with an indumentum of simple, dendroid or crisped hairs, perianth segments without nectaries"	Milligania
28	"Plant with a tunicated corm; plant glabrous; perianth segments with 2 marginal nectaries or one nectary forming a transverse band"	Wurmbea
