from	statement	to
1	"Sporangium wholly (rarely partially) covered by a velum"	2
1	"Sporangium lacking a velum"	3
2	"Leaves rigid and erect; both megaspores and microspores present. Alpine and subalpine altitudes"	"Isoetes humilior"
2	"Leaves flexible; megaspores only present. Lowland and alpine altitudes"	"Isoetes muelleri"
3	"Leaves rigid"	4
3	"Leaves soft and flexible"	5
4	"Leaves to 20 cm in length, erect. Highland lakes and tarns"	"Isoetes gunnii"
4	"Leaves to 6 cm in length, recurved. A calcicole of the south western lowlands"	"Isoetes sp. A"
5	"Leaves 25–70 cm in length, covered with algae and often swept sideways. Plant evergreen, aquatic, immersed in permanent running water of lowland rivers"	"Isoetes elatior"
5	"Leaves 3–12 cm in length, clean and rosette-forming. Plant deciduous, amphibious in seasonal, still, shallow waters or in drying mud, ranging from lowland to alpine altitudes"	"Isoetes drummondii"
