from	statement	to
1	"Leaves (3-)5-7(-10) mm diam, texture thin; petioles 5-15-30(-50) mm long. Flowers solitary or in pairs"	"Nymphoides exigua"
1	"Leaves 20-35-65 mm diam., texture thick; petioles 2-65 cm long; flowers in spaced pairs or clusters, usually one flower emergent at any time"	2
2	"Leaves not or only obscurely crenate; corolla lobes not keeled; placentae and stigmas usually two, stigmas not decurrent; seed with a prominent circular caruncle"	"Nymphoides montana"
2	"Leaves mostly crenate to crenate-dentate; corolla lobes with laciniate longitudinal keel on the inner surface; placentae 5; stigmas 5, decurrent on the style; seeds without caruncle"	"Nymphoides crenata"
