from	statement	to
1	"Inflorescences with 1 or 2 flowers; awns ± glabrous, detaching from the base of the style column (rostrum) and rolling upwards, not spirally twisting;"	Geranium
1	"Inflorescences ± umbellate, usually with more than 2 flowers; awns plumose on the inner surface, detaching from the apex of the style column (rostrum) and twisting spirally downwards"	2
2	"Leaves palmate or palmately lobed; flowers zygomorphic; mericarps not sharply pointed"	Pelargonium
2	"Leaves pinnate or pinately lobed; flowers actinomorphic; mericarps sharply pointed"	Erodium
