from	statement	to
1	"Leaves 3-lobed nearly to the midrib; Australia (introduced and coastal)"	"Solanum palitans"
1	"Leaves entire, sinuate-dentate or pinnatifid, but never regularly 3-lobed"	2
2	"Leaves shallowly to deeply pinnatifid"	"Solanum triflorum"
2	"Leaves entire to sinuate-dentate"	3
3	"Glandular trichomes present (e.g. along stems, petioles and leaves), plants usually sticky to touch when fresh"	4
3	"Glandular trichomes absent (e.g. along stems, petioles and leaves), plants not sticky to touch when fresh"	17
4	"Anthers < 1.8 mm long"	5
4	"Anthers ≥ 1.8 mm long"	9
5	"Inflorescences with 10–40 flowers; pedicels spaced 1–2 mm apart, sharply bent at the base (near articulation point) in flower and fruit; Africa"	"Solanum tarderemotum"
5	"Inflorescences with 2–5(-10) flowers; pedicels spaced 0–1 mm apart, nodding, erect or spreading in flower and fruit, reflexed and slightly curved in some species in fruit but never in flower; pantropical"	6
6	"Calyx lobes 1–1.5 mm long in flower; fruiting calyces not accrescent, the tube remaining 1–1.7 mm long and lobes 1–1.5 mm long; fruit black when ripe, not markedly shiny"	7
6	"Calyx lobes 1.5–2.5 mm long in flower; fruiting calyces accrescent, the tube 3–4 mm long and lobes 2.5–8.0 mm long; fruit green when ripe, shiny"	8
7	"Leaves rhomboidal to lanceolate in shape; inflorescences unbranched, never furcate; buds globose; calyx lobes all equal in size, strongly reflexed in fruit; berries with a glaucous cast; southern Africa (also cultivated; introduced in Australia)"	"Solanum retroflexum"
7	"Leaves elliptic to slightly ovate; inflorescences unbranched or rarely furcate; buds ellipsoid; calyx lobes unequal with two larger lobes, appressed to somewhat spreading in fruit; berries matte, but not markedly glaucous; Australasia and the Pacific"	"Solanum opacum"
8	"Leaf bases attenuate to cuneate; inflorescences mostly internodal, with 4–8(- 10) flowers; pedicels spaced 0.3–1 mm apart; calyx lobes 1.7–2.5 mm long; corollas with yellow-green central eye with black-purple “V”-shaped margins; anthers 1.0–1.4 mm long; berries dark green to green-brown marbled with white lines, becoming usually translucent and shiny, lower half of berries covered with enlarged calyces but berry mostly visible; seeds brown; stone cells (1-)2–3, these 0.5 mm in diameter"	"Solanum nitidibaccatum"
8	"Leaf bases truncate; inflorescences mostly leaf-opposed, with 2–5(-7) flowers; pedicels spaced 0(-1) mm apart; calyx lobes 1.5–2.0 mm long; corolla with yellow-green or translucent basal star without black-purple colouration; anthers 1.2–2.0 mm long; berries pale green, shiny becoming dull, opaque, usually completely enveloped by enlarged calyces; seeds pale yellow; stone cells 4–6, these (0.5-)0.8–1 mm in diameter"	"Solanum sarrachoides"
9	"Anthers ≥ 2.8 mm long"	10
9	"Anthers < 2.8 mm long"	12
10	"Inflorescences with bracteoles present in most individuals; buds narrowly ellipsoid; corolla lobes narrowly lanceolate; berries with >30 stone cells"	"Solanum triflorum"
10	"Inflorescences never with bracteoles; buds globose, ovoid or narrowly ellipsoid; corolla lobes variously triangular; berries with (0)2–4 stone cells"	11
11	"Flower buds globose to ovoid; calyx lobes 1–1.5(-2) mm long, long-triangular with rounded tips; corolla rotate-stellate; Arabian Peninsula to Egypt and south in eastern Africa"	"Solanum memphiticum"
11	"Flower buds narrowly ellipsoid; calyx lobes 0.5–1.0 mm long, broadly deltate to triangular with acute tips; corolla stellate; Java to Lesser Sunda Islands"	"Solanum alpinum"
12	"Calyx lobes appressed to spreading in fruit, never strongly reflexed"	13
12	"Calyx lobes strongly reflexed in fruit"	15
13	"Calyx accrescent in fruit, calyx tube 3–4 mm long and lobes 2.5–8 mm long."	"Solanum sarrachoides"
13	"Calyx not accrescent in fruit, calyx tube 1–2 mm long and lobes 1–1.5 mm Long"	14
14	"Buds ellipsoid; calyx tube 1.5–2.0 mm long, lobes 1–1.5 mm long, elongatedeltate with rounded tips; fruiting pedicels persisting when fruits mature and fall off; Cameroon line (Cameroon and Equatorial Guinea), usually above 2,000 m elevation"	"Solanum pseudospinosum"
14	"Buds subglobose; calyx tube 0.8–1.0 mm long, lobes 0.5–0.8 mm long, triangular with rounded to acute tips; fruiting pedicels generally not persisting and falling off with mature fruits; common across Old World especially in temperate areas or below 1,000 m in the tropics and subtropics (Asia"	"Solanum nigrum"
15	"Leaves rhomboidal to lanceolate; filaments 1.2–1.5 mm long, anthers 1.3– 1.8(-2) mm long; seeds 1.6–1.8 mm long and 1.3–1.5 mm wide"	"Solanum retroflexum"
15	"Leaves broadly to narrowly ovate to elliptic; filaments 0.5–1.3 mm long; anthers 1.8–2.5 mm long; seeds 1.8–2.2 mm long and 1.5–1.7 mm wide"	16
16	"Calyx with broad and relatively transparent sinuses, lobes elliptic to triangular, rounded at tip; free part of the filaments 1.0–1.3 mm long; mature berries slightly ellipsoid, shiny yellow, orange or red; stone cells always absent"	"Solanum villosum"
16	"Calyx with narrow, sharp triangular sinuses, lobes deltate with acute or rounded tips; free part of the filaments 0.5–0.7 mm long; mature berries round, dull black or green; stone cells 0–4"	"Solanum nigrum"
17	"Anthers < 1.8 mm long"	18
17	"Anthers ≥ 1.8 mm long"	21
18	"Pedicels spaced 1–2 mm apart, pedicels sharply bent at the base (near the articulation point) in flower and fruit; Africa"	"Solanum tarderemotum"
18	"Pedicels spaced 0–0.5 mm apart, pedicels nodding, erect or spreading in flower and fruit; pantropical"	19
19	"Leaves with entire margins, occasionally sinuate-dentate; calyx lobes 0.3–0.5 mm long in flower, 1(-2) mm in fruit; mature fruits black, the surface very shiny"	"Solanum americanum"
19	"Leaves shallowly toothed, occasionally entire; calyx lobes 1.0–1.5 mm long in flower, 1.5–2 mm in fruit; mature fruits purple-black or green, the surface matte"	20
20	"Leaves rhomboidal to lanceolate in shape; inflorescences unbranched, never furcate; buds globose; calyx lobes all equal in size, strongly reflexed in fruit; southern Africa (also cultivated; introduced in Australia"	"Solanum retroflexum"
20	"Leaves elliptic to slightly ovate; inflorescences unbranched or rarely furcate; buds ellipsoid; calyx lobes unequal with two larger lobes, appressed to somewhat spreading in fruit; Australasia and the Pacific"	"Solanum opacum"
21	"Anthers < 2.8 mm long"	22
21	"Anthers ≥ 2.8 mm long"	31
22	"Berries without stone cells"	23
22	"Berries with 2–22 stone cells"	28
23	"Pedicels persisting and not dropping with mature fruits; calyx lobes in fruit mostly strongly reflexed"	24
23	"Pedicels dropping with mature fruits; calyx lobes in fruit appressed to slightly spreading, rarely strongly reflexed"	26
24	"Leaves rhomboidal to lanceolate; filaments 1.2–1.5 mm long, anthers 1.3– 1.8(-2) mm long; seeds 1.6–1.8 mm long and 1.3–1.5 mm wide"	"Solanum retroflexum"
24	"Leaves broadly to narrowly ovate to elliptic; filaments 0.5–1.3 mm long; anthers 1.8–2.5 mm long; seeds 1.8–2.2 mm long and 1.5–1.7 mm wide"	25
25	"Calyx with broad and relatively transparent sinuses, lobes elliptic to triangular, rounded at tip; filaments 1.0–1.3 mm long; mature berries slightly ellipsoid, shiny yellow, orange or red; stone cells always absent"	"Solanum villosum"
25	"Calyx with narrow, sharp triangular sinuses, lobes deltate with acute tips; filaments 0.5–0.7 mm long; mature berries round, dull black or green; stone cells generally absent (2–4 stone cells common in Asian material"	"Solanum nigrum"
26	"Buds elongate-oblong; fruiting peduncles strongly deflexed at the base (bent downwards at junction with the stem"	"Solanum chenopodioides"
26	"Buds ellipsoid to subglobose; fruiting peduncles straight or ascending"	27
27	"Pedicels spaced 1–2 mm apart, sharply bent at the base (near the articulation point) in flower and fruit; seeds 1.5–2 mm long and 1–1.5 mm wide; Africa."	"Solanum tarderemotum"
27	"Pedicels spaced 0–0.7 mm apart, straight, spreading or reflexed in flower and fruit; pantropical; seeds 1.8–2 mm long and 1.5–1.6 mm wide; widespread"	"Solanum nigrum"
28	"Prostrate herb; leaves narrowly elliptic to lanceolate, base strongly attenuate; inflorescences with 1–5 flowers; pedicels stout and spreading; calyx lobes linear-oblong with rounded apices; mountains of Ethiopia"	"Solanum hirtulum"
28	"Upright or spreading herb; leaves broadly ovate to elliptic, base acuminate, acute, obtuse, truncate to abruptly attenuate; inflorescences with 2–40 flowers; pedicels spreading to strongly reflexed; calyx lobes triangular, broadly deltoid or ovate with acute to rounded apices"	29
29	"Pedicels strongly bent at the base (near articulation point) in flower and Fruit"	"Solanum tarderemotum"
29	"Pedicels spreading, stout or pendent in flower, occasionally recurved in fruit but never strongly bent at the base"	30
30	"Inflorescences unbranched or more often branched, often with small leaves (bracteoles?); calyx lobes broadly deltate to mere enations of the rim; style exserted 1.0–1.5 mm beyond anther cone; mature berries 3–4(-5) mm in diameter, dull yellowish-brown"	"Solanum umalilaense"
30	"Inflorescences unbranched, never with small leaves; calyx lobes triangular; style exserted 0–1 mm beyond anther cone; mature berries 6–10 mm in diameter, dull black"	"Solanum nigrum"
31	"Inflorescences with bracteoles present in most individuals; buds narrowly elliptic; berries with >30 stone cells"	"Solanum triflorum"
31	"Inflorescences never with bracteoles; buds globose, ovoid or narrowly ellipsoid; berries with 0–14 stone cells"	32
32	"Berries without stone cells"	33
32	"Berries with 2–14 stone cells"	35
33	"Buds narrowly ellipsoid; pedicels 1.0–1.3 cm long; anthers 2.8–3.8(-4) mm Long"	"Solanum alpinum"
33	"Buds elongate-oblong to globose; pedicels 0.5–1.0 cm long; anthers (2.0-) 2.3–3.0 mm long"	34
34	"Buds elongate-oblong; calyx lobes broadly deltate to triangular with acute tips; fruiting peduncles strongly bent at the base near junction with the stem; fruiting pedicels reflexed and slightly recurved; seeds 1.2–1.4 mm long and 1.0–1.2 mm wide"	"Solanum chenopodioides"
34	"Buds globose-subglobose; calyx lobes broadly deltate with rounded tips; fruiting peduncles straight; fruiting pedicels stout, erect and spreading; seeds 2–2.8 mm long and 1.5–1.8 mm wide"	"Solanum scabrum"
35	"Leaves narrowly elliptic to lanceolate, bases strongly attenuate"	36
35	"Leaves lanceolate, ovate or rhomboidal, bases cuneate-acute to occasionally attenuate"	37
36	"Calyx lobes 1.5–1.8 mm long, elliptic with long-acuminate to acute tips; anthers 3.0–3.8 mm long; Europe, occasional adventive associated with human activity, at or close to sea level"	"Solanum pygmaeum"
36	"Calyx lobes 0.8–1.2 mm long, linear-oblong with rounded tips; anthers 2.3– 2.8 mm long; Ethiopia, usually above 2,000 m elevation"	"Solanum hirtulum"
37	"Leaves ovate to rhomboidal; inflorescences furcate, occasionally simple; calyx lobes rectangular to narrowly obovate with obtuse to shortly acute tips; Australia and New Zealand (introduced at or close to sea level"	"Solanum furcatum"
37	"Leaves lanceolate to ovate, most commonly narrowly elliptic or broadly lanceolate; inflorescences always simple; calyx lobes broadly deltate to triangular with acute tips; Java and Lesser Sunda Islands, usually above 2,000 m elevation"	"Solanum alpinum"
