from	statement	to
1	"Palea minute or absent"	2
1	"Palea at least half as long as the lemma"	9
2	"Lemma awned, the awn more-or-less geniculate, yellowish-brown, exserted beyond the glumes, inserted at or below the mid-point of the lemma"	"Agrostis venusta"
2	"Lemma awnless or if awned the awn delicate, straight, colourless, usually not exceeding the glumes, inserted at or above the midpoint of the lemma"	3
3	"Panicle 12-35 cm long, branches wide-spreading, capillary"	4
3	"Panicle usually less than 12 cm long, contracted or the branches rather stiffly spreading and less capillary"	5
4	"Plant up to 40 cm high; leaves up to 4 cm long, mostly confined to a basal tuft; spikelets appressed at the tips of the branches"	"Agrostis aff. hyemalis"
4	"Plant up to 125 cm high; leaves up to 25 cm long; culm leafy; spikelets loosely arranged towards the tips of the branches"	"Agrostis aff. scabra"
5	"Panicle contracted, 2-3 cm long"	"Agrostis muelleriana"
5	"Panicle open, usually 3-12 cm long"	6
6	"Leaf-blades subulate or inrolled-setaceous, up to 5 cm long (occasionally flat and up to 7 cm long in Agrostis parviflora); anthers 0.3-0.4 mm long"	7
6	"Leaf-blades flat, up to 13 cm long; anthers 0.4-1.6 mm long"	8
7	"Panicle usually exserted well above the basal tuft of leaves; branches stiffly spreading more-or-less at right angles to the axis, lower branches often deflexed; spikelets 1.5-2 mm long"	"Agrostis parviflora"
7	"Panicle at first with the lower branches enclosed in the uppermost leaf-sheath, loosely spreading; spikelets 2.2-2.3 mm long"	"Agrostis australiensis"
8	"Lemma 2-2.5 mm long, slightly shorter than to slightly longer than the upper glume; anthers 0.6-1.6 mm long"	"Agrostis aff. australiensis"
8	"Lemma 1-1.75 mm long, shorter than the upper glume; anthers 0.4-0.5 mm long"	"Agrostis aff. parviflora"
9	"Lemma hairy on the back"	10
9	"Lemma glabrous"	12
10	"Lemma awn 1.5-5.5 mm long; anthers 0.2-0.8 mm long"	11
10	"Lemma awn (5-) 6.5-10 mm long; anthers 0.6-1.2 mm long"	"Agrostis aemula"
11	"Lemma (1.5-) 2-2.5 mm long; awn 1.5-3.25 mm long; anthers 0.6- 0.8 mm long"	"Agrostis lacunarum"
11	"Lemma 1.3-2 mm long; awn 3.5-5.5 mm long; anthers 0.2-0.5 mm long"	"Agrostis avenacea"
12	"Spikelets 4.5-7 mm long"	"Agrostis billardierei and vars."
12	"Spikelets 1.75-3.5 mm long"	13
13	"Palea equalling or slightly shorter than the lemma"	14
13	"Palea half to two thirds as long as the lemma"	15
14	"Spikelet 2.5-3 mm long; lemma 2-2.3 mm long with a fine subterminal awn, minute or up to 2 mm long; rhachilla produced as a hairy bristle c. 0.6 mm long; plant of inland areas"	"Agrostis rudis"
14	"Spikelet 1.75-2 (-3) mm long; lemma up to 2 mm long, awnless or a few spikelets with weakly awned lemmas; rhachilla bristle minute and glabrous or up to 0.5 mm long with a few hairs; limited to coastal areas"	"Agrostis aequata"
15	"Plant with wide-spreading leafy stolons"	"Agrostis stolonifera"
15	"Plant spreading by short rhizomes"	16
16	"Plant up to 150 cm high; leaf-blades up to 20 cm long by 2-6 (- 8) mm wide; ligule up to 6 mm long, panicle 6-30 cm long; clavate tips of the pedicels often scabrous"	"Agrostis gigantea"
16	"Plant up to 55 cm high; leaf-blades up to 15 cm long by 3 mm wide; ligule up to 2 mm long; panicle 2-15 cm long; clavate tipsaof the pedicels glabrous"	"Agrostis capillaris"
