from	statement	to
1	"Plants less than 10 cm high; inflorescence axis more-or-less decumbent; perianth segments greenish-white, less than 5 mm long; stamen filaments flattened in the middle"	"Caesia alpina"
1	"Plants usually more than 10 cm high, inflorescence erect; perianth segments greenish-white, blue-pink or purplish, 3-9 mm long; stamen filaments filiform or fusiform"	2
2	"Roots fleshy-fibrous; leaf-blades less than 7 mm wide"	"Caesia parviflora"
2	"Roots thick-fibrous with broad-fusiform tuberous swellings towards the tips, leaf-blades up to 9 (-15?) mm wide"	"Caesia calliantha"
