from	statement	to
1	"Branchlets densely packed, plant forming cushion-like mounds; flowers immersed, or slightly protruding above surface of the mound"	Phyllachne
1	"Plant with stems loosely arranged or solitary; flowers pedunculate"	2
2	"Corolla actinomorphic or almost so; labellum obscure"	Forstera
2	"Corolla zygomorphic; labellum small but distinctive"	3
3	"Labellum hooded, enclosing the short, erect column"	Levenhookia
3	"Labellum small or narrow, not enclosing the short, erect column"	Stylidium
