from	statement	to
1	"Leaves shallowly to deeply pinnatifid"	"Solanum triflorum"
1	"Leaves entire to sinuate-dentate"	2
2	"Glandular trichomes present (e.g. along stems, petioles and leaves), plants usually sticky to touch when fresh"	3
2	"Glandular trichomes absent (e.g. along stems, petioles and leaves), plants not sticky to touch when fresh"	6
3	"Anthers < 1.8 mm long"	4
3	"Anthers ≥ 1.8 mm long"	5
4	"Calyx lobes 1–1.5 mm long in flower; fruiting calyces not accrescent, the tube remaining 1–1.7 mm long and lobes 1–1.5 mm long; fruit black when ripe, not markedly shiny"	"Solanum opacum"
4	"Calyx lobes 1.5–2.5 mm long in flower; fruiting calyces accrescent, the tube 3–4 mm long and lobes 2.5–8.0 mm long; fruit green when ripe, shiny"	"Solanum nitidibaccatum"
5	"Anthers ≥ 2.8 mm long"	"Solanum triflorum"
5	"Anthers < 2.8 mm long"	"Solanum nigrum"
6	"Anthers < 1.8 mm long"	7
6	"Anthers ≥ 1.8 mm long"	8
7	"Leaves with entire margins, occasionally sinuate-dentate; calyx lobes 0.3–0.5 mm long in flower, 1(-2) mm in fruit; mature fruits black, the surface very shiny"	"Solanum americanum"
7	"Leaves shallowly toothed, occasionally entire; calyx lobes 1.0–1.5 mm long in flower, 1.5–2 mm in fruit; mature fruits purple-black or green, the surface matte"	"Solanum opacum"
8	"Anthers < 2.8 mm long"	9
8	"Anthers ≥ 2.8 mm long"	12
9	"Berries with 2–22 stone cells"	"Solanum nigrum"
9	"Berries without stone cells"	10
10	"Pedicels persisting and not dropping with mature fruits; calyx lobes in fruit mostly strongly reflexed"	"Solanum nigrum"
10	"Pedicels dropping with mature fruits; calyx lobes in fruit appressed to slightly spreading, rarely strongly reflexed"	11
11	"Buds elongate-oblong; fruiting peduncles strongly deflexed at the base (bent downwards at junction with the stem"	"Solanum chenopodioides"
11	"Buds ellipsoid to subglobose; fruiting peduncles straight or ascending"	"Solanum nigrum"
12	"Inflorescences with bracteoles present in most individuals; buds narrowly elliptic; berries with >30 stone cells"	"Solanum triflorum"
12	"Inflorescences never with bracteoles; buds globose, ovoid or narrowly ellipsoid; berries with 0–14 stone cells"	13
13	"Berries without stone cells"	"Solanum chenopodioides"
13	"Berries with 2–14 stone cells"	"Solanum furcatum"
