from	statement	to
1	"Plants perennial; leaves with 1 main vein arising from the lamina/petiole junction; inflorescence with central flower female and lateral flowers bisexual; bracts subtending flowers connate at base, forming a common involucre"	"Parietaria judaica"
1	"Plants annual; leaves with 3 main veins arising from the lamina/petiole junction; inflorescence with central flower bisexual and lateral flowers female; bracts subtending flowers free at base, not forming a common involucre"	2
2	"Bracts of lateral flowers lanceolate to elliptic with simple or ± branched venation"	"Parietaria debilis"
2	"Bracts of lateral flowers ovate-cordate venation pinnate-reticulate"	"Parietaria cardiostegia"
