from	statement	to
1	"Leaves decussate"	2
1	"Leaves alternate (occasionally ternate)"	3
2	"Flowers mauve, purple or pink; fruit distinctly embedded in the rhachis"	"Melaleuca gibbosa"
2	"Flowers white or pale to lemon yellow; fruit not embedded in the rhachis"	"Melaleuca squarrosa"
3	"Stamens free throughout"	4
3	"Stamens fused at the base in 5 bundles"	5
4	"Leaves 20-79 mm long, 4-17 mm wide, untwisted; flowers (stamens) pale yellow, lemon or rarely pink or pinkish-red; cotyledons obvolute"	"Melaleuca pallida"
4	"Leaves 14-37 mm long, 1.8-5 mm wide, twisted; flowers (stamens) yellow or green; cotyledons flattened planoconvex"	"Melaleuca virens"
5	"Inflorescences on secondary shoots among or below the leaves, spicate"	"Melaleuca armillaris"
5	"Inflorescences terminal or pseudoterminal on the branchlets, capitate or spicate"	6
6	"Branchlets terete; leaves narrowly ovate, very narrowly ovate, linear-ovate, subulate or ovate, oil glands sparse; flowers (stamens) purple, mauve, pink or purplish-pink, rarely cream to white"	"Melaleuca squamea"
6	"Branchlets ridged (the leaf bases continuing down the stem); leaves generally linear or nearly so (narrowly elliptic, linear-elliptic, very narrowly ovate, linear-ovate, linear, or very narrowly obovate), oil glands dense or moderately dense; flowers (stamens) white, cream or yellow"	7
7	"Fruit with the calyx lobes developed into teeth"	"Melaleuca ericifolia"
7	"Fruit with the calyx lobes weathering away (also becoming somewhat immerged in the hypanthium wall)"	"Melaleuca pustulata"
