from	statement	to
1	"Small to medium trees, 5-15(-20) m tall; petals deeply fringed or many-lobed; fruit a fleshy, blue to blackish drupe (King Is., Flinders Is.)"	Elaeocarpus
1	"Small, wiry or straggling shrubs, to 4 m tall; petals entire or 3-lobed; fruit a dry capsule or ± fleshy, white, pink, crimson or black berry (widespread)"	2
2	"Petals entire, pink-mauve, rarely white; fruit a dry capsule"	Tetratheca
2	"Petals usually 3-lobed, white, with reddish longitudinal stripes; fruit a fleshy berry"	Aristotelia
