from	statement	to
1	"Leaf-sheath adnate to the leaf-petiole, stem-clasping, produced as a ligule at the base of the blade; leaves less than 2 mm wide"	"Potamogeton pectinatus"
1	"Leaf-sheath not adnate to the petiole-leaves, if linear usually more than 2 mm wide"	2
2	"Leaves all more-or-less similar in texture, all submerged"	3
2	"Leaves dissimilar, submerged leaves thin, floating leaves coriaceous"	6
3	"Leaves linear to oblong"	4
3	"Leaves lanceolate, ovate or almost orbicular"	5
4	"Leaves linear-oblong, margins minutely toothed, usually undulate"	"Potamogeton crispus"
4	"Leaves narrow-linear to linear, margins entire"	"Potamogeton ochreatus"
5	"Leaves cordate at the base, stem-clasping"	"Potamogeton perfoliatus"
5	"Leaves cuneate or cordate at the base, petiolate"	"Potamogeton australiensis"
6	"Submerged leaves broad-lanceolate to suborbicular; floating leaves thinly coriaceous, secondary and cross-veining prominent; keels of the achene small, prominent only in dry fruit"	"Potamogeton australiensis"
6	"Submerged leaves linear to lanceolate; floating leaves coriaceous, opaque, cross-veining obscure; keels of the achene prominent, more-or-less crenulate"	"Potamogeton tricarinatus"
