from	statement	to
1	"Small annuals with soft herbaceous leaves; ligules thinly membranous, glabrous; web absent"	2
1	"Perennials of various habit; leaves and web various"	3
2	"Spikelets 3-8-flowered; lemma 2.5-4 mm long; anthers 0.7-1.3 mm long"	"Poa annua"
2	"Spikelets 2-4-flowered; lemma less than 2.5 mm long; anthers 0.2-0.5 mm long"	"Poa infirma"
3	"Plants with lower leaf-sheaths swollen to form a bulbous base"	"Poa bulbosa"
3	"Plants without a bulbous base"	4
4	"Panicle linear with short erect branches, spikelets plump, the lemmas broad and firm, often with a minute subterminal awn; palea ovate-lanceolate, the keels densely long-ciliate, cilia in several rows"	"Poa saxicola"
4	"Panicle at maturity more-or-less pyramidal and spreading or if contracted then with numerous spikelets; lemma and palea various but never as broad as the preceding; lemma never with a subterminal awn; palea never as densely ciliate on the keels"	5
5	"Internodes of the culm strongly compressed"	6
5	"Internodes terete or only slightly compressed"	7
6	"Plant with wiry rhizomes; leaf-blades up to 12 cm long, folded at first, flat later, blue-green; spikelets 2-8-flowered; internerves of lemma glabrous; ligule truncate, whitish"	"Poa compressa"
6	"Plant without rhizomes; leaf-blades up to 25 cm long, folded, more-or-less compressed, not stiff; spikelets 2-3 (-4) flowered; lemma with internerves hairy in the lower half; ligule rounded-truncate, pallid or honey-coloured"	"Poa clelandii"
7	"Leaf-blades densely pubescent on the outer (abaxial) surface but not harshly scabrous"	8
7	"Leaf-blades smooth or scabrous on the abaxial surface but not densely and softly pubescent (sometimes loosely hispid in Poa hookeri and pilose in Poa jugicola)"	9
8	"Leaf blades velutinous, usually with at least some basal leaf-sheaths purplish; internerves of lemma usually glabrous; web absent"	"Poa mollis"
8	"Leaf-blades hirsute or scabrous-pubescent; basal leaf-sheaths not purplish; internerves of lemma usually pubescent in the lower half; web sparse or absent"	"Poa rodwayi"
9	"Ligule thinly membranous, not ciliolate at the apex or puberulous or scaberulous on the back (except sometimes puberulous on the back in Poa hookeri and Poa pratensis)"	10
9	"Ligule firmly membranous, usually ciliolate at the apex and puberulous or scaberulous on the back"	13
10	"Plant with creeping rhizomes; leaf-blades herbaceous, folded or flat, apex tapering abruptly"	"Poa pratensis"
10	"Plant without rhizomes; leaf-blades various"	11
11	"Leaf-blades folded at first, flat later and 1.5-6 mm wide; ligule 4-10 mm long; web long and copious"	"Poa trivialis"
11	"Leaf-blades inrolled and capillary or folded and more-or-less compressed; ligule up to 4.5 mm long; web absent"	12
12	"Leaf-blades inrolled, capillary, soft; ligule whitish, 0.3-4.5 mm long; culms slender, terete, green; plant of dry lowland habitats"	"Poa hookeri"
12	"Leaf-blades folded, more-or-less compressed; ligule 0.25-1 mm long, rounded-truncate, pallid or honey-coloured; culms more-or-less flattened, often purplish; plant not restricted to lowland habitats"	"Poa clelandii"
13	"Leaf-blades (or at least some of them) flat and expanded in vivo or folded and the margins sometimes inrolled on drying"	14
13	"Leaf-blades closely folded and/or the margins rolled so that the blade is more-or-less angular-terete"	19
14	"Stems often leafy and branching from the aerial nodes, or stoloniferous"	15
14	"Stems not branching from aerial nodes; plants tufted or rhizomatous"	16
15	"Leaf-blades soft, flaccid, smooth or scaberulous; culms slender, weak,smooth, green, spikelets small, the lemmas 2-3 mm long; weak trailing grass of moist but well-drained situations"	"Poa tenera"
15	"Leaf-blades somewhat thick, stiff, culms rather stout, internodes often purple, sometimes scabrous below the panicle; spikelets large, the lemmas (3-) 4-5 (-6) mm long; coastal plant, mostly on offshore islands"	"Poa poiformis var. ramifer"
16	"Plants rhizomatous, leaf-blades herbaceous"	"Poa pratensis"
16	"Plants not rhizomatous; leaf-blades firm"	17
17	"Leaf-blades usually tightly inrolled, occasionally flat; ligule ciliolate at the apex, puberulous on the back; web usually copious"	18
17	"Leaf-blades folded; ligule 0.25-1 mm long, glabrous, pallid or honeycoloured, rounded-truncate; web absent"	"Poa clelandii"
18	"Leaf-blades usually smooth, fairly thick; panicle linear or if the branches spreading then at least some of them short, bearing spikelets almost to the base; coastal and estuarine foreshores"	"Poa poiformis"
18	"Leaf-blades more-or-less scabrous, not so thick as the foregoing; panicles widespreading at maturity, the branches without spikelets in the lower half; sea level to about 1300 m"	"Poa labillardierei"
19	"Plants small with slender spreading rhizomes; and very fine smooth terete leaves; panicles contracted, up to 3 cm long, with few, short erect branches; plant restricted to coastal sands on the Bass Strait islands and the South West coast"	"Poa halmaturina"
19	"Plants various but without the above combination of characters, distribution various"	20
20	"Leaf-blades more-or-less rigid, smooth"	21
20	"Leaf-blades not rigid or if so, scabrous"	24
21	"Lemmas more-or-less pubescent in the lower half; leaves stiff, erect, pungent"	"Poa fawcettiae"
21	"Lemmas with hairs confined to the keels and lateral nerves (rarely with a few loose hairs on the internerves) or completely glabrous"	22
22	"Panicles usually green or pallid, more-or-less linear or if somewhat spreading then at least some of the branches short with spikelets almost to the base; tussocks usually large and dense; coastal and estuarine foreshores"	"Poa poiformis"
22	"Panicles spreading at maturity, often purplish; tussocks rarely large; usually found above 800 m (except that in the south Poa gunnii extends to lower altitudes)"	23
23	"Lemmas 2.5-3.5 (-5) mm long, usually boat-shaped, often glabrous; leaves up to 1 mm in diameter, apex acute but not pungent; web scanty or absent"	"Poa gunnii"
23	"Lemma (3.5-) 4-4.5 (-5.5) mm long, usually lanceolate in outline, with at least some hairs on the keel and marginal nerves; leaves up to 1.5 mm in diameter, apex pungent, web copious to scanty"	"Poa costiniana"
24	"Blades rigid and scabrous"	25
24	"Blades not rigid"	26
25	"Leaves bluish-green; lower sheaths more-or-less purplish; web usually copious; tussock large and coarse"	"Poa labillardierei var. acris"
25	"Leaves not bluish-green; lower sheaths rarely purple; web scanty or absent; tussock small and fine"	"Poa gunnii"
26	"Culms at times branching to form fascicles of aerial shoots or plants rhizomatous and shortly stoloniferous"	27
26	"Culms not branching, plants not rhizomatous or stoloniferous"	28
27	"Culms producing fascicles of aerial shoots, plants not rhizomatous; lemmas 2-3 mm long"	"Poa tenera"
27	"Culms not producing fascicles of aerial shoots; plants rhizomatous; lemmas 3.5-4.5 mm long"	"Poa jugicola"
28	"Lemmas hairy on the keels and lateral nerves but rarely on the internerves"	29
28	"Lemmas more-or-less hairy all over the lower half"	30
29	"Tussocks large and coarse"	"Poa labillardierei"
29	"Tussocks small and fine-leaved"	"Poa gunnii"
30	"Leaf-blades smooth to the touch, not densely hirsute or scabro-pubescent or scabrous"	31
30	"Leaf-blades densely hirsute or scabro-pubescent or scabrous"	32
31	"Leaf-blades rather soft, not rigid, not pungent, usually bright green in vivo"	"Poa hiemata"
31	"Leaf-blades hard, more-or less rigid, pungent, usually blue-green"	"Poa fawcettiae"
32	"Scabridities or pubescence very dense, not harsh to the touch"	"Poa rodwayi"
32	"Scabridities less dense, short, harsh to the touch"	"Poa sieberiana"
