from	statement	to
1	"Leaves thin, ± distichous, acute apex, slightly prickly"	2
1	"Leaves somewhat thickened, irregular often crowded, apex blunt"	3
2	"Ovary and capsule pubescent"	"Archeria eriocarpa"
2	"Ovary and capsule glabrous"	"Archeria hirtella"
3	"Flowers pink, axillary, glabrous, solitary or in short racemes"	"Archeria comberi"
3	"Flowers white, in terminal racemes"	4
4	"Lobes pilose; style short, the stigma close to the ovary"	"Archeria serpyllifolia"
4	"Lobes glabrous or sparsely pubescent; style long, the stigma at the base of the anthers"	"Archeria minor"
