from	statement	to
1	"Involucral bristles retrorsely scabrous"	"Setaria verticillata"
1	"Involucral bristles antrorsely scabrous"	2
2	"Plants annual, without rhizomes"	3
2	"Plants perennial, with horizontal, branched, knotty rhizomes"	"Setaria gracilis var. pauciseta"
3	"Plant up to 150 cm high; panicle 2.5-30 cm long; glumes persistent; palea of lower floret reduced to a minute scale or absent"	"Setaria italica"
3	"Plant up to 75(-90) cm high; panicle 1-10 cm long; glumes falling with the florets; palea of lower floret up to half as long as the lemma"	"Setaria viridis"
