from	statement	to
1	"Inflorescence fairly open, the racemes more-or-less distinctly secund; spikelets awned or awnless, ovate-elliptical, fertile floret not usually exposed at maturity"	"Echinochloa crus-galli"
1	"Inflorescence dense, rhachises of the racemes hidden by the spikelets; spikelets awnless, broadly elliptical, upper part of fertile floret exposed at maturity"	2
2	"Spikelets purplish to brown, shortly acute, grain brownish"	"Echinochloa esculenta"
2	"Spikelets pale, usually obtuse, grain whitish"	"Echinochloa frumentacea"
