from	statement	to
1	"Utricle sparsely hispid on margins and surfaces of upper part"	"Uncinia elegans"
1	"Utricle glabrous"	2
2	"Leaves filiform; spike 0·6-2 cm long; stamens 2"	"Uncinia tenella"
2	"Leaves narrow-linear, flat or variously folded; spike (0·8-) 1-5-8 cm long; stamens 3"	3
3	"Glumes of female flowers long-persistent, fawn, dull"	"Uncinia riparia"
3	"Glumes of female flowers deciduous, dark or yellowish-brown or green, more-or-less iridescent"	4
4	"Leaves 0·5-0·75 mm broad , linear, erect, firm , scarcely narrowed to rounded apex"	"Uncinia nervosa"
4	"Leaves 1·5-2·5 (-3) mm broad, long-tapered to very narrow truncate apex"	5
5	"Spike dense; leaves firm, harsh, erect to suberect, much shorter than fruiting culm"	"Uncinia compacta"
5	"Spike with spikelets overlapping but not crowded; leaves thin, suberect to half spreading, as long as or longer than fruiting culm, upper part variously curved on drying"	"Uncinia flaccida"
