from	statement	to
1	"Stipules to 4 cm long, green, deeply lobed; plants annual"	"V. arvensis"
1	"Stipules small, brownish, entire or toothed but not deeply lobed; plants perennial"	2
2	"Plants lacking stolons; anterior petal with a short basal spur"	3
2	"Plants stoloniferous; anterior petal ± saccate at the base but lacking a spur"	5
3	"Leaf lamina deeply cordate at the base; flowering stems ascending, to 30 cm long"	"V. caleyana"
3	"Leaf lamina with base truncate or shortly cuneate; flowering stems to 18 cm long"	4
4	"Leaf lamina broadly ovate to broadly triangular; corolla 5–8 mm long, white with purple veins"	"V. cunninghamii"
4	"Leaf lamina oblong or lanceolate; corolla 10–17 mm long, purple, violet or almost white"	"V. betonicifolia"
5	"Corolla cream or very pale mauve, mostly concolorous"	6
5	"Corolla blackish-purple to pale violet or discolorous"	7
6	"Corolla cream, minute, downfacing, hidden among the leaves, scarcely longer than calyx; leaf bases decurrent, the lamina rhomboid"	"V. cleistogamoides"
6	"Corolla cream or pale mauve, forward-facing, extending well beyond the calyx; leaf base cordate, the lamina reniform or semicircular"	"V. curtisiae"
7	"Scapes usually shorter than the leaves; corolla blackish-purple at least in bud, often paler at maturity"	"V. fuscoviolacea"
7	"Scapes longer than leaves; corolla purple with paler apices"	8
8	"Leaves coriaceous, brittle, glossy dark green; lamina deltoid or rhomboidal with acute apex and base decurrent or truncate; occurring only in areas of ultramafic geology on the west coast"	"V. serpentinicola"
8	"Leaves soft-textured, pale to mid-green; lamina reniform with base cordate (small specimens can have a decurrent base); widespread"	"V. hederacea"
