from	statement	to
1	"The anthers and upper part of the filaments persistently connivant to the style during and after anthesis"	"Sprengelia incarnata"
1	"Filaments and anthers connivant to the style at the onset of anthesis, but separate and become erect or spreading as anthesis progresses"	2
2	"Flowers with sepals and petals spreading forming a star shaped flower"	3
2	"Petals and sepals erect forming a cup shaped flower"	4
3	"Plant rarely above 30 cm high; flowers pink; stamens hirsute or rarely glabrous (montane area)"	"Sprengelia montana"
3	"Tall, robust plant, up to 2m high; flowers white; stamens hirsute (sea level to montane in the SW)"	"Sprengelia propinqua"
4	"Prostrate or low scrambling plant; leaves flattened against the stem, distichous; flowers pink"	"Sprengelia distichophylla"
4	"Erect, low, bushy plant, commonly an inhabitant of an alpine cushion (usually Dracophyllum minimum, occasionally Donatia novae-zelandieae), rarely separate; leaves spreading, not distichous; flowers white"	"Sprengelia sp. Mt Field:A.M.Gray 1513"
