from	statement	to
1	"Anthers wholly included in the corolla tube, or the tips barely showing"	2
1	"Anthers exserted above the plane of the corolla lobes either in greater part or wholly"	15
2	"Corolla tube widely campanulate, the width at the throat equal to or greater than the length of the tube"	3
2	"Corolla tube ± cylindrical or narrowly campanulate, the width at the throat less than the length of the tube"	5
3	"Leaves usually > 5 mm long, ovate, cordate the base, stem clasping, concave and spreading above; apex acuminate and pungent"	"Epacris gunnii"
3	"Leaves usually < 5 mm long, linear to elliptic, keeled, the base obtuse, lamina appressed or partially spreading above; apex blunt"	4
4	"Leaves aligned in 5 distinct ranks"	"Epacris navicularis"
4	"Leaves not ranked"	"Epacris petrophila"
5	"Leaf apex acuminate and pungent"	6
5	"Leaf apex obtuse, shortly mucronate or acute but not pungent"	10
6	"Style short, the stigma below the anthers"	7
6	"Style long, the stigma at the top of or above the anthers"	8
7	"Leaves reflexed, margins ± entire, non-hyaline, the midrib prominent abaxially; corolla caducous"	"Epacris apsleyensis"
7	"Leaves ± straight, margin hyaline at least in part, 3-5(-7) veins conspicuous abaxially; dead corollas brown and persistent"	"Epacris heteronema"
8	"Corolla tube with 5 basal impressions; flowers often in secondary arrangement; style slender"	"Epacris impressa"
8	"Corolla tube free of basal impressions; flowers in terminal clusters (often dense); style with a basal or central swelling"	9
9	"Style hirsute at centre; corolla tube with sparse hairs inside"	"Epacris lanuginosa"
9	"Style and corolla tube glabrous"	"Epacris paludosa"
10	"Leaves usually < 6 mm long, margin narrowly hyaline at least in part"	11
10	"Leaves usually > 6 mm long, margin entire and not hyaline"	12
11	"Style short, the stigma about midway up the tube (lowland plant of sedgeland-heaths and associated scrub in the west, between the Pieman and Arthur Rivers)"	"Epacris curtisiae"
11	"Style longer, the stigma may reach the base of the anthers (abundant in montane heathlands state-wide)"	"Epacris serpyllifolia"
12	"Bracts and sepals brown, shiny, hardening as flowers age"	"Epacris corymbiflora"
12	"Bracts and sepals green-white, pink tinged or pink striate, not hardening as flowers age"	13
13	"Corolla tube bulbous above the middle, throat constricted; leaves semi-appressed, apex obtuse"	"Epacris obtusifolia"
13	"Corolla tube not bulbous, no throat constriction; leaves spreading, apex acute or with a small mucro"	14
14	"Style short, the stigma below or at the base of the anthers"	"Epacris mucronulata"
14	"Style long, the stigma at the top of the anthers"	"Epacris franklinii"
15	"Style short, the stigma included within the corolla tube"	16
15	"Style long, the stigma exserted, at the top of or above the anthers"	19
16	"Leaves with a distinct hyaline margin"	17
16	"Leaf margin not hyaline"	18
17	"Leaves crowded, broadly lanceolate tapering to a fine point, grey-green, striate below; flowers numerous, densely clustered, partly hidden by the leaves; the stigma about midway up the corolla tube"	"Epacris marginata"
17	"Leaves more open and spreading than above, ovate, shortly acuminate, dark green, not conspicuously striate below; flowers usually separated and extending down the branches, emergent from the leaves; the stigma near the corolla throat"	"Epacris limbata"
18	"Sepals and bracts hirsute"	"Epacris grandis"
18	"Sepals and bracts glabrous"	"Epacris myrtifolia"
19	"Leaf apex acute, attenuate, pungent"	20
19	"Leaf apex acute or rounded or mucronate, blunt"	24
20	"Filaments c. 1/2 to as long as the anthers; anthers part exserted above the plane of the corolla lobes"	21
20	"Filaments longer than the anthers; anthers wholly exserted"	22
21	"Sepals and bracts glabrous"	"Epacris cerasicollina"
21	"Sepals and bracts hirsute"	"Epacris barbata"
22	"Leaf base broadly obtuse or rarely cordate; lamina concave and stem clasping at the base, straight and ± spreading above"	"Epacris acuminata"
22	"Leaf base narrowly obtuse or cuneate; lamina ± flat or slightly concave but not stem clasping, spreading"	23
23	"Leaves lanceolate, recurved in the upper part (widespread in SE)"	"Epacris tasmanica"
23	"Leaves elliptic-ovate to obovate, flat, the apex barely pungent (known only from Southport Bluff)"	"Epacris stuartii"
24	"Leaf margin thickened, scabrous, scattered hairs over adaxial surface"	25
24	"Leaf margin not thickened, microserrulate, adaxial surface glabrous or sparse hairs extending from petiole"	26
25	"Lamina lanceolate, 4-6(-8) mm long, recurved"	"Epacris graniticola"
25	"Lamina ovate to oblanceolate, rarely lanceolate, usually < 4 mm long, straight"	"Epacris moscaliana"
26	"Leaves elliptic-lanceolate or narrow-oblong, 6 mm or longer, the apex a blunt, usually inturned mucro"	"Epacris exserta"
26	"Leaves lanceolate-ovate, ovate, rounded or obovate, mostly < 5mm, the apex obtuse or a short blunt mucro"	27
27	"Flowers numerous, typically in long, open, spicate arrangement extending far down the main stems, or more rarely in denser, shorter groupings on lesser branchlets; young branchlets hirsute"	"Epacris virgata"
27	"Flowers few in small clusters at the branch tips; young branchlets glabrous"	"Epacris glabella"
