from	statement	to
1	"Leaves flat, up to 12 mm wide, auriculate; plant up to 180 (-200) cm tall"	"Festuca arundinacea"
1	"Leaves inrolled or tightly folded, not auriculate; plant up to 90 cm tall"	2
2	"Spikelet 15-18 mm long; lower glume 3-6 mm long, upper glume 4-7.5 mm long; grain not adherent to the palea"	"Festuca plebeia"
2	"Spikelet 6-12 mm long; lower glume 2-3 mm long, upper glume 3.5-4.5 mm long; grain adherent to the palea"	3
3	"Plant rhizomatous"	"Festuca rubra"
3	"Plant not rhizomatous"	"Festuca nigrescens"
