from	statement	to
1	"Plant mostly low-growing, usually prostrate, mat -forming, small in size < 5-(10) cm long"	2
1	"Plant mostly erect, large in size > 5-(10) cm high"	9
2	"leaf blades about as long as wide, roughly roundish/rotund; highly localised (Fern Tree, Pipeleine track, NW Bay River)"	"Epilobium rotundifolium"
2	"leaf blades much longer than wide, linear lanceolate, not roundish/rotund"	3
3	"Seeds with a pale inflated lip/rim or thin wing around, or mostly around the seed"	4
3	"Seeds without a pale inflated lip/rim around the seed"	5
4	"Coma absent (i.e. no conspicuous long fine hairs at one end of seed"	"Epilobium curtisiae"
4	"Coma present (i.e. conspicuous long fine hairs at one end of seed)"	"Epilobium willisii"
5	"Leaves of the flowering/fruiting region alternate"	6
5	"Leaves of the flowering/fruiting region opposite"	7
6	"Petals usually purplish-pink; fruiting pedicels pubescent, seeds>1mm long"	"Epilobium fugitivum"
6	"Petals usually white; fruiting pedicels usually glabrous, seed <1mm long"	"Epilobium tasmanicum"
7	"Stems and nodes glabrous, restricted to major south, western and northern rivers (Franklin, Gordon, Denison, Picton, Mersey)"	"Epilobium perpusillum"
7	"Stems and nodes variously hairy, widespread"	8
8	"coma two-tufted, rusty coloured; seed pappilose; mostly restricted to highly localised alpine sedimentary parent rock mountain-tops to west of Cradle Mt-Lake St Clair National Park"	"Epilobium brunnescens subsp. aff. beaugleholei"
8	"Coma single-tufted and brown coloured at one end of non-pappilose seed; Plants restricted to sub-antarctic Macquarie Island"	"Epilobium brunnescens subsp. brunnescens"
9	"Seeds with an oblong light coloured wing around the seed"	"Epilobium gunnianum"
9	"Seeds without an oblong light coloured wing around the seed"	10
10	"Stems with conspicuous long, spreading non-glandular hairs"	"Epilobium hirtigerum"
10	"Stems without conspicuous long, spreading non-glandular hairs, if spreading the pubescence glandular hairs"	11
11	"Inner surface of hypanthium glabrous; fruiting pedicels 1.5-5cm long"	"Epilobium sarmentaceum"
11	"Inner surface of hypanthium pubescent; fruiting pedicels usually less than 3cm long"	12
12	"Papillae on seeds arranged in obvious longitudinal lines; seeds with small rounded appendage on apex"	"Epilobium ciliatum"
12	"Papillae on seeds not arranged in obvious longitudinal lines; seeds without small rounded appendage on apex"	13
13	"Leaves in pairs, almost linear, widely spaced, stem hugging; apex with dark markings; Glandular hairs restricted to the hypanthium, highly restricted  infrequent weed from one site 19km  north of Queenstown and another  west of Hobart Airport"	"Epilobium obscurum"
13	"Leaves various, not widely spaced, spreading,; apex without dark markings; Glandular hairs absent from the hypantheum, or if present not restricted to the hypanthium; widespread and frequent"	14
14	"Flowers large and showy to 2 cm (or more) wide; Infloresence often nodding; glandular hairs absent from flowering region; leaves narrowly lanceolate to lanceolate; mostly in lowland areas of northern Tasmania"	"Epilobium pallidiflorum"
14	"Infloresences erect, less showy flowers <1.5 cm wide; Glandular hairs present in the flowering region, or if absent, the leaves narrow ovate; widespread and common from lowland to alpine areas of the state."	15
15	"Stems little branched; leaves ovate to narrowly ovate, margins densley serrulate, teeth 16-40 each side"	"Epilobium billardierianum subsp. billardierianum"
15	"Stems well branched; leaves narrowly ovate to linear or lanceolate; margin coarsely serrate or serrulate, teeth 1-20 each side"	16
16	"Leaves linear to narrowly ovate; margins coarsely serrate, teeth 1-6 each side, widespread and frequent in Tasmania"	"Epilobium billardierianum subsp. cinereum"
16	"Leaves usually lanceolate; margins often undulate, teeth small and dense, irregular; highly localised and infrequent"	"Epilobium billardierianum subsp. intermedium"
