from	statement	to
1	"Stems fleshy, articulate and appearing leafless"	2
1	"Stems leafy and not articulate"	3
2	"Plant a herb or subshrub with procumbent rooting stems; upright stems not branched; flowers 3-9(-12) on each side of a stem article; stamens 2"	Sarcocornia
2	"Plant a bushy shrub; upright stems usually with obvious opposite decussate branching; flowers (1-)3 on each side of a stem article; stamen 1"	Tecticornia
3	"Perianth scarious (thin & dry)"	4
3	"Perianth herbaceous"	7
4	"Leaves opposite"	Alternanthera
4	"Leaves alternate"	5
5	"Tepals plumose"	Ptilotus
5	"Tepals glabrous"	6
6	"Flowers in cymose clusters forming axillary or terminal spikes or panicles"	Amaranthus
6	"Flowers solitary, axillary"	Hemichroa
7	"Leaves narrow, sub-terete or plano-convex, often ± fleshy; hairs (if present) simple, bifurcate or stellate, neither glandular or mealy"	8
7	"Leaves flat, if terete then mealy when young"	11
8	"Young stems and branches conspicuously woolly-hairy; tepals enlarged in fruit, with a transverse wing"	Bassia
8	"Young stems and branches glabrous or sparsely hairy or with short axillary pubescence only; tepals not enlarged in fruit, without a transverse wing"	9
9	"Flowers clustered, at least in the lower leaf-axils; bracteoles of lateral flowers 3, minute, hyaline"	Suaeda
9	"Flowers solitary in leaf-axils; bracteoles of flowers absent or exceeding perianth"	10
10	"Leaves linear to oblanceolate; tepals c. 2 mm long, membranous, not hardening in fruit; stamens 3"	Threlkeldia
10	"Leaves narrow-triangular or subterete; tepals 2.5-3 mm long, membraneous at first, hardening in fruit; stamens 5"	Salsola
11	"Plants glabrous, leaves glossy, entire; ovary semi-inferior; fruiting perianth woody or corky towards base, adhering in a cluster"	Beta
11	"Plants usually mealy with vesicular hairs, at least when young, or glabrous; ovary superior; fruiting perianth not woody or corky, sometimes clustered but not adhering in a cluster"	12
12	"Leaves linear to oblanceolate; tepals c. 2 mm long, membranous, not hardening in fruit; stamens 3"	Threlkeldia
12	"Leaves narrow-triangular or subterete; tepals 2.5-3 mm long, membraneous at first, hardening in fruit; stamens 5"	Salsola
