from	statement	to
1	"Sepals sparsely hispidulous to hispidulous abaxially (NE Tas. - Mt Barrow, Ben Lomond)"	"Boronia citriodora subsp. orientalis"
1	"Sepals glabrous abaxially (W & Central Tas.)"	2
2	"Leaves less than 15(-17 and then leaves mostly trifoliolate) mm long; lateral leaflets to 10 mm long, 1-2 mm wide (to 13 x 2.5, Mt Field); pedicels 1.5-4.5 mm long; sepals 0.75-1.5 mm long (Central Tas.)"	"Boronia citriodora subsp. citriodora"
2	"Largest leaves greater than 15 mm long; largest lateral leaflets greater than 10 mm long, 1.75-4.5 mm wide; pedicels 5-15 mm long; sepals 1.5-2.5 mm long (W Tas.)"	"Boronia citriodora subsp. paulwilsonii"
