from	statement	to
1	"Nut enclosed in a utricle; flowers all unisexual"	2
1	"Nut not enclosed in a utricle but sometimes shed enfolded in glume(s); flowers bisexual or unisexual"	3
2	"Rhachilla produced beyond utricle, ending in a hook"	Uncinia
2	"Rhachilla rarely seen, when present enclosed within utricle, flat"	Carex
3	"Stems often scrambling, up to 70 cm x 1.2 mm; leaves basal and cauline, reduced to purplish-brown sheathing scales, each node with 2 or more branches, these concavo-convex or convex"	Caustis
3	"Stems and branches not as above"	4
4	"Inflorescence a dense subglobose to globose terminal head 8-20 mm in diameter"	5
4	"Inflorescence a spike, panicle or umbel or a head not as above"	7
5	"Leaves numerous, blades linear, plano-convex, stiff; involucral bracts more-or-less orbicular, c. 5 mm long"	Gymnoschoenus
5	"Leaves few, stem-like or represented by basal sheaths; primary involucral bract stem-like; longer than head"	6
6	"Spikelets with flowers unisexual, terminal one pistillate, lower ones staminate"	Chorizandra
6	"Spikelets with 6-8 bisexual flowers"	Isolepis
7	"Perianth of 3-6 hypogynous scales"	8
7	"Perianth absent or of 3-6 hypogynous bristles"	10
8	"Plant with leaves having blades developed; nut with very short broad stipe or subsessile"	9
8	"Plant with leaves reduced to basal sheaths; nut obovoid-pyriform tapered to a narrow stipe"	Schoenus
9	"Hypogynous scales thin, becoming rigid, persistent at apex of culm after nut has fallen; leaves showing 3 subequal regions, sheath, pseudo-petiole, blade"	Oreobolus
9	"Hypogynous scales hyaline at anthesis, enlarging and becoming spongy as nut matures, persistent, cohering to base of nut and falling with it; leaves similar to culms or flatter"	Lepidosperma
10	"Perianth of 6 plumose hypogynous bristles 2-3 times as long as nut"	Carpha
10	"Perianth absent or of bristles not as above"	11
11	"Nut with persistent style-base, narrow-conical, about as long as nut, constricted at junction with nut; plant very slender with many sterile culms"	Tetraria
11	"Nut and plant not as above"	12
12	"Spikelets with all glumes (except sometimes 1-(2) at base) subtending fertile bisexual flowers"	13
12	"Spikelets with only 1-2 (-3) glumes in middle or near apex of spikelet subtending fertile bisexual flowers"	17
13	"Glumes distichous, imbricate, more-or-less flattened; spikelets with 4 to many fertile flowers"	Cyperus
13	"Glumes spirally arranged around rhachilla"	14
14	"Inflorescence ebracteate; spikelet solitary, cylindrical to ovoid, acute; nut crowned by persistent, tuberculate base of style"	Eleocharis
14	"Inflorescence bracteate; base of style not enlarged"	15
15	"Stout rhizomatous perennials; culms unbranched, 30-90 (-120) cm high; inflorescence a panicle or an umbel of heads or clusters, sometimes reduced to a single ovoid head; perianth of 6 hypogynous bristles"	16
15	"Slender annuals or perennials; culms unbranched or branched and floating; inflorescence a head of 1 to many spikelets; perianth absent"	Isolepis
16	"Leaves cauline; involucral bracts leaf-like, spreading, longer than inflorescence"	Bolboschoenus
16	"Leaves basal; primary involucral bract stem-like, continuing line of culm, shorter than inflorescence"	Schoeplectus
17	"Nut pubescent, brown with 3 pale longitudinal ribs; plant uncommon in Furneaux, North East and East Coast"	Tricostularia
17	"Nut glabrous or pubescent only at apex"	18
18	"Spikelets developing 1-4 fruits; glumes distichous more-or-less flattened; rhachilla more-or-less flexuose with internodes below fertile glumes longer than those between sterile glumes"	Schoenus
18	"Spikelets developing 1-2 fruits; rhachilla not as above"	19
19	"Leaves ligulate, flat or inrolled, tapered to a long, narrow flexuose tip; spikelets with 1 fertile bisexual flower; style not expanded at base"	Ghania
19	"Leaves not ligulate; spikelets with 1 (-2) fertile bisexual flowers; style expanded at base"	20
20	"Style-base conical, pubescent, persistent on nut; perianth absent"	Baumea
20	"Style-base expanded, continuous with ovary, at maturity scarcely distinguishable from apex of nut; perianth of 3-6 persistent scales"	Lepidosperma
