from	statement	to
1	"Lower glume 1-nerved, upper glume 3-nerved; lemma firm, very narrow, tapering to a fine point (Section Genea)"	2
1	"Lower glume 3-9-nerved, upper glume 3-11-nerved; lemma broad, laterally compressed and keeled or rounded on the back"	4
2	"Lemma 20 mm long or more; awns 35-60 mm long"	"Bromus diandrus"
2	"Lemma up to 19 mm long; awns up to 25 mm long"	3
3	"Panicle open, drooping, most branches longer than the spikelets"	"Bromus sterilis"
3	"Panicle more-or-less erect and compact, branches shorter than the spikelets"	"Bromus madritensis"
4	"Spikelets laterally compressed; lemmas keeled, at least above; biennials or short-lived perennials (Section Ceratochloa)"	5
4	"Spikelets more-or-less terete or slightly compressed at least at first; lemmas rounded on the back; annuals (Section Bromus)"	8
5	"Leaves folded in the bud, panicle branches, short, erect"	"Bromus brevis"
5	"Leaves rolled in the bud, panicle branches fairly long, often drooping"	6
6	"Lemma glabrous, sometimes scaberulous above"	"Bromus catharticus"
6	"Lemma more-or-less densely hairy"	7
7	"Glumes densely pilose, lower glume 3.5-7 mm long, 3-5-nerved; upper glume 5.5-9 mm long, 7-nerved; lemma 8.5-12 mm long, 7-nerved"	"Bromus fonkii"
7	"Glumes sparingly pilose, lower glume 7.5-11 mm long, 7-9-nerved; upper glume 8.5-14 mm long, 9-11-nerved; lemma 11-13 mm long, 9-11-nerved"	"Bromus cebadilla"
8	"Awn terete or flattened at the base, never basally twisted"	9
8	"Awn flattened and twisted at the base, patent at maturity"	"Bromus alopecuros"
9	"Culms up to 45 cm high; panicle open, branches long, slender, often flexuose; rare native species"	"Bromus arenarius"
9	"Culms up to 1 m high; panicle ovoid-elliptical, more-or-less dense, sometimes reduced to a few spikelets, branches not long and flexuose; common introduced species"	"Bromus hordeaceus"
