from	statement	to
1	"Phyllichnia verruculose; furrows pubescent; cones cylindrical to almost orbicular"	"Allocasuarina verticillata"
1	"Phyllichnia smooth; furrows pubescent or glabrous; cones ovate to cylindrical"	2
2	"Phyllichnia flat or slightly rounded with a median groove along their length"	"Allocasuarina paludosa"
2	"Phyllichnia rounded or angular, without a median groove"	3
3	"Furrows glabrous; plant an erect small tree to 8 m high of conifer-like habit; dioecious (S of Hobart)"	"Allocasuarina duncanii"
3	"Furrows glabrous or pubescent; plant a shrub or tree of spreading habit (widespread)"	4
4	"Shrub or small tree spreading habit to 10 m high; furrows usually pubescent, sometimes sparingly so"	"Allocasuarina littoralis"
4	"Shrub, usually less than 3 m high; furrows pubescent or glabrous"	5
5	"Furrows densely to sparingly pubescent; articles 1-2.5 mm diam.; teeth spreading to recurved (Tasman Pen.: Cape Pillar area, Tasman Is.)"	"Allocasuarina crassa"
5	"Furrows usually glabrous; articles 0.6-1.5 mm diam.; teeth appressed to spreading (widespread)"	6
6	"Plants monoecious or sometimes dioecious; teeth (4)5-10, appressed to slightly spreading; furrows usually glabrous but sometimes sparingly pubescent in basal articles of the branchlet"	"Allocasuarina monilifera"
6	"Plants dioecious; teeth 7-9(10), erect to spreading; furrows glabrous"	"Allocasuarina zephyrea"
