from	statement	to
1	"Rachilla elongated beyond utricle, stiffly hooked at tip; inflorescence always a single spike; female glumes deciduous (hook sedge species - formerly Uncinia)"	2
1	"Rachilla not hooked, not produced beyond utricle; inflorescence of 1-many spikes; female glumes usually persistent, rarely deciduous"	7
2	"Utricle sparsely hispid on margins and surfaces of upper part"	"Carex subtilis (Uncinia elegans)"
2	"Utricle glabrous"	3
3	"Leaves filiform; spike 6-20 mm long; stamens 2"	"Carex austrotenella (Uncinia tenella)"
3	"Leaves narrow-linear, flat or varuiously folded; spike (8-)15-80 mm long; stamens 3"	4
4	"Glumes of female flowers long persistent, fawn dull"	"Carex umbricola (Uncinia riparia)"
4	"Glumes of female flowers deciduous, dark or yellow-brownish or green, more-or-less iridescent"	5
5	"Leaves 0.5-0.75 mm broad, linear, erect firm scarcely narrowed to rounded apex"	"Carex cheesemanniana (Uncinia nervosa)"
5	"Leaves 1.5-2.5(-3) mm broad, long-tapered to very narrow truncate apex"	6
6	"Spikes dense; leaves firm, harsh, erect to suberect, much shorter than fruiting culm"	"Carex austrocompacta (Uncinia compacta)"
6	"Spike with spikelets overlapping but not crowded; leaves thin, suberect to half spreading, as long as or longer than fruiting culm, upper part variously curved on drying"	"Carex austroflaccida (Uncinia flaccida)"
7	"Spikes solitary, terminal with male flowers above (when solitary in some depauperate specimens then female flowers above) (Unispicate Sedges)"	8
7	"Spikes several to many, lateral spikes sessile or stalked"	10
8	"Male part of spike conspicuous, about as long as female portion"	"Carex capillacea"
8	"Male part of spike shorter than female portion"	9
9	"Inflorescence a very short spike, female flowers 2-3; stigmas 3"	"Carex archeri"
9	"Inflorescence 5-8 mm long; flowers crowded; stigmas 2"	"Carex cephalotes"
10	"Spikes dissimilar in appearance, terminal 1 or more male (sometimes with a few female flowers), lower spikes wholly or mainly female"	11
10	"Spikes all similar in appearance, usuallly androgynous (sometimes male only at base of terminal spike)"	29
11	"Stigmas 2, (occassionally 3); nut biconvex or plano-convex"	12
11	"Stigmas 3; nut trigonous"	15
12	"Plant with spreading rhizomes, forming loose tufts or extensive swards; culms shorter or longer than leaves, scarcely elongated in fruiting stage"	13
12	"Plant densely tufted, with short rhizomes; culm very slender, wiry, in fruiting stage lenthening to 1 m or more (NZ tussock sedges)"	14
13	"Lateral spikes sessile or lowest very shortly pedunculate; spikes with all flowers closely packed; female glumes with apices rounded or obtuse"	"Carex gaudichaudiana"
13	"Lateral spikes pedunculate; female spikes with flowers more widely spaced towards the base, glumes with apices acute or acuminate or aristate"	"Carex polyantha"
14	"Glumes more-or-less firm, reddish-brown; utricles c. 2 mm long, biconvex, cinnamon-brown above, shining"	"Carex flagellifera (i)"
14	"Glumes membraneous, light brown with red-brown striae; utricles 2.5-3 mm long, plano-convex, purplish-brown above cream-veined (4 records from Hobart)"	"Carex testacea (i)"
15	"Spikes in fascicles of 1-5 at nodes of culms; peduncle of lowest spike often very long"	16
15	"Spikes solitary at nodes, sometimes clustered but not in fascicles"	17
16	"Female glumes yellow to red-brown, 3.5â€“5.5 mm long, 1.5â€“2 mm wide; spikes lax-flowered below, rather dense-flowered above, 3â€“5 mm thick in mature fruiting stage; upper spikes with female flowers above male flowers (occasionally with additionalmale flowers above), uppermost with a long (usually very long), male basal part"	"Carex longebrachiata"
16	"Female glumes pale yellow-brown, 4â€“8 mm long, 2.5â€“4 mm wide; spikes dense-flowered, 5â€“8 mm thick in mature fruiting stage, uppermost 1â€“4 wholly male, rarely with a few female flowers in the terminal spike"	"Carex iynx"
17	"Leaves septate-nodulose; utricle stipitate with beal slender, c. as long as subtrigonous body"	"Carex fascicularis"
17	"Plant not as above"	18
18	"Mature utricles bright yellow or yellow-greenish, trigonous, ribbed inflated, narrowed gradually or abruptly to slender beak 0.75-1.5 mm long (flava group)"	19
18	"Mature utricles not as above"	22
19	"Terminal spike sessile or subsessile; lateral spikes overlapping, closely clustered below terminal one or sometimes lowest spike distant"	20
19	"Terminal spike pedunculate; lateral spikes contiguous but not closely clustered, also 1-2 more-or-less distant"	21
20	"Leaves lax, erect to half spreading; utricle c. 2.75 mm long with beak c. 0.75 mm, tapered to apex"	"Carex cataractae"
20	"Leaves stiff, sheathing at least basal half of culm, often to base of lowest spike; utricle 3.5-4 mm long, beak 1-1.5 mm long, narrow-cylindrical"	"Carex flaviformis"
21	"Utricle 3-4 mm long, abruptly narrowed to straight beak having apex notched; leaves often longer than culm; ligule rounded"	"Carex demissa (i)"
21	"Utricle 3.5-4.5 mm long, gradually narrowed to a beak arcuate in side view having apex split on abaxial side; leaves usually half as long as culm; ligule tubular"	"Carex lepidocarpa (i)"
22	"Inflorescence more-or-less hidden by leaves and bracts; spikes closely clustered around terminal one"	23
22	"Inflorescence not hidden by leaves and bracts; spikes not clustered as above"	24
23	"Leaves straight; utricles minutely pubescent; plant widespread"	"Carex breviculmis"
23	"Leaves with apices curled; utricles glabrous; plant rare"	"Carex ""Algonkian Rivulet"""
24	"Utricles corky, hard with narrow ribs or impressed veins"	25
24	"Utricles coriaceous, subcoriaceous or membraneous, smooth or with broad ribs"	26
25	"Culms more-or-less completely enclosed by leaf sheaths; female glumes reddish-brown with broad hyaline margins"	"Carex pumila"
25	"Culms erect, well exserted beyond leaf-sheaths; female glumes deep purple-brown"	"Carex bichenoviana"
26	"Utricles minutely pappilose, sometimes also with some short, stiff hairs; leaves bluish-green, lower surface glaucous"	"Carex flacca (i)"
26	"Utricles smooth or ribbed, may be scaberulous on margins; leaves not as above"	27
27	"Distal portion of Leaves and bracts much coiled on drying; utricle coriaceous"	"Carex tasmanica"
27	"Leaves not coiled; utricles membraneous"	28
28	"Utricles 4.5-5.5 mm long including slender beak; beak 1-1.5 mm long"	"Carex gunniana"
28	"Utricles 3-4 mm long; beak c. 0.4mm long"	"Carex barbata"
29	"Culms up to 1.4 m high, 4 mm diameter, rigid, terete, hollow throughout"	"Carex tereticaulis"
29	"Culms not as above"	30
30	"Inflorescence 5-15 cm long with 5-8 few-flwd spikes, upper ones female, contiguous, lower ones androgynous, widely seperated"	"Carex divulsa (i)"
30	"Inflorescence not as above"	31
31	"Spikes predominately uniform with male flowers above, sometimes a terminal 1 male or 1-2 basal one female"	32
31	"All spikes similar with female flowers above"	36
32	"Plant stout, tufted or shortly rhizomatous; inflorescence a compressed panicle up to 30 cm long"	"Carex appressa"
32	"Plant with long rhizomes; inflorescence an oblong or ovoid head 1.5-4.5 cm long"	33
33	"Mature utricle dark brown, hard and corky at base"	34
33	"Mature utricle pale brown or greenish-brown, not corky at base"	35
34	"Utricle biconvex, ovoid, base rounded, faces strongly ribbed"	"Carex appressa"
34	"Utricle biconvex, deltoid-ovate in outline or base saccate, cordate, adaxial face ribbed only in lower half"	"Carex ""Western Tasmania"""
35	"Leaves basal, erect, stiff, grey-green; utricle ovate or broadly elliptic, margins smooth"	"Carex divisa (i)"
35	"Leaves basal, erect, lax, also 1-3 short, spreading, cauline in lower third of culm, utricle narrow-ovate, margins serrulate almost to base"	"Carex chlorantha"
36	"Stigmas 2; nut biconvex or plano-convex"	37
36	"Stigmas 3; nut trigonous; (3 records from the Central Plateau)"	"Carex buxbaumii (i)"
37	"Lowest bract leafy or setaceous, longer than inflorescence; spikes (1-)2-6, crowded in ellipsoid or broadly ovoid head up to 20 mm long"	38
37	"Lowest bract glumaceous or setaceous, not or rarely longer than inflorescence; spikes 2-10 forming a lobed ovoid head c. 20-50 mm long"	40
38	"Leaves more than or equal to 2 mm wide; culm scabrous in upper section; glumes dark brown to black"	"Carex hypandra"
38	"Leaves less than or equal to 2 mm wide; culm smooth throughout; glumes orange brown to white"	39
39	"Leaves flaccid; utricle distinctly ribbed, sometimes with cross-bars between ribs"	"Carex inversa"
39	"Leaves very slender, wiry, more-or-less arcuate; utricle obscurely ribbed on adaxial face"	"Carex raleighii"
40	"Plant rhizomatous, loosely tufted; utricle with rounded margins and narrow cream ribs, less than or equal to 3 mm long (frequently stemless in Great Lake area)"	"Carex canescens"
40	"Plants tufted; utricles winged, more than 3 mm long"	41
41	"female glumes deep brown, shining, elliptic-lanceolate, acute; mature utricles about as broad as glume and covered by it"	"Carex leporina (i)"
41	"female glumes pale brown, lanceolate-acuminate; mature utricles broader than glume & with beak 1.2-1.5 mm long, exserted. (1 collection from West Coast)"	"Carex scoparia (i)"
