from	statement	to
1	"Leaves opposite; climbers or shrubs; achenes with elongated, plumose styles"	Clematis
1	"Leaves basal or alternate or spirally arranged; annual or perennial herbs; styles never plumose"	2
2	"Perianth segments with basal spur"	3
2	"Perianth segments without spurs"	5
3	"Flowers zygomorphic; leaves basal and cauline, palmately divided or lobed"	Consolida
3	"Flowers actinomorphic; leaves in a basal rosette and sometimes also cauline, ternately compound or simple"	4
4	"Large perennial; leaves ternately compound; flowers conspicuous, petals 20-38 mm long; fruit a whorl of several follicles"	Aquilegia
4	"Small annual; leaves simple; flowers very small, petals 1.5-3.5 mm long; fruit of numerous achenes on an elongated subulate spike"	Myosurus
5	"Peduncle with a whorl of involucral bracts inserted below perianth"	Anemone
5	"Peduncle without a whorl of involucral bracts"	6
6	"Perianth of ± equal segments, not clearly separated into sepals and petals; leaves simple and entire, usually with 2 wing-like appendages or lobes lying almost against the adaxial surface"	Psychrophila
6	"Perianth divided into sepals and petals (sepals rarely deciduous); leaves simple or variously divided but without 2 wing-like appendages or lobes on the adaxial surface"	7
7	"Aquatic plants; leaves cauline, submerged leaves repeatedly trichotomously divided into filiform segments in many planes; petals white"	Batrachium
7	"Terrestrial or aquatic plants; leaves in a basal rosette and/or cauline, simple, or once, twice or rarely thrice divided and then in one plane; leaf-segments broad, rarely filiform; petals cream, yellow, greenish yellow or red"	8
8	"Petals with 1 or more nectary secreting pits; perennial with or without stolons or rhizomes; leaves simple or variously divided; ultimate segments various"	Ranunculus
8	"Petals without a nectary secreting pit; annual without stolons or rhizomes; leaves bi- or tri-pinnate; ultimate segments linear"	Adonis
