from	statement	to
1	"Leaves deeply ternately dissected or pinnatisect; plants coarsely hirsute to scabrous, strongly fragrant"	"Pelargonium Xasperum"
1	"Leaves shallowly lobed to almost entire (if ever lobed c. 1/2 way to midrib then lobes rather broad and obtuse); plants villous to pubescent or glabrous, hairs when present, rather soft, scarcely or not fragrant"	2
2	"Plants semi-woody, petals 15-20 mm long; lacking extensive roots or rhizomes; plants introduced, odorous"	3
2	"Plants herbaceous; petals < 10 mm long, if petals > 10 mm long then roots tuberous or extensively rhizomatous; native plants ± without odour"	4
3	"Leaf margins bluntly toothed; stems, peduncles and pedicels without glandular hairs"	"Pelargonium capitatum"
3	"Leaf margins acutely glandular-toothed; stems, peduncles and pedicels with minute, scattered glandular hairs"	"Pelargonium Xdomesticum"
4	"Fertile stamens 6-8; larger petals 6-12 mm long, much exceeding sepals; sepals villous"	"Pelargonium australe"
4	"Fertile stamens 3-5(-7); larger petals 3-6(-10) mm, about as long as the sepals; sepals with short or long hairs and broad-based appressed hairs"	5
5	"Sepal hairs all short, coarse and scattered; larger petals 3-5(-7) mm long; rootstock slender; annual or short-lived perennial (often spontaneous after fires)"	"Pelargonium inodorum"
5	"Sepal hairs long, soft, spreading, often mixed with shorter hairs; larger petals 5-7(-10) mm long; rootstock stout, ± rhizomatous; plants perennial"	"Pelargonium littorale"
