from	statement	to
1	"Fronds < 10 cm in length; pinnule undersurfaces densely covered in pale-brown scales. Rare"	"Cheilanthes distans"
1	"Fronds 5–40 cm long; pinnule undersurfaces glabrous or with sparse, transparent scales. Common in areas of low rainfall"	2
2	"Fronds light green, broadly triangular in outline; croziers, stipes and undersurfaces of pinnae sparsely to densely covered in white, hair-like scales"	"Cheilanthes austrotenuifolia"
2	"Fronds dark green, oblong to linear in outline; croziers, stipes and undersurfaces of pinnae glabrous or nearly so"	"Cheilanthes sieberi"
