from	statement	to
1	"Some or all leaves hastate or cordate-sagittate"	"Persicaria praetermissa"
1	"All leaves narrowed at the base"	2
2	"Inflorescence an ovoid or globose head, no more than twice as long as wide"	3
2	"Inflorescence an elongate spike or spike-like raceme or panicle, more than four times as long as wide"	5
3	"Ochreas usually terminating in a green, toothed or lobed limb; perianth green"	"Persicaria prostrata"
3	"Ochreas without a green limb at the apex (Persicaria capitata often has a leaf-like projection at the petiole-ochrea junction); perianth pink to whitish"	4
4	"Leaves ovate to elliptic, up to 3.5 cm long; perianth about twice as long as the nut; plants prostrate"	"Persicaria capitata"
4	"Leaves lanceolate, 3-15 cm long; perianth only slightly exceeding the nut; plants ascending to erect"	"Persicaria maculosa"
5	"Perianth conspicuously or sparsely glandular"	6
5	"Perianth without glands"	7
6	"Inflorescence slender; perianth segments usually five; ochreas ciliate at apex"	"Persicaria hydropiper"
6	"Inflorescence stout; perianth segments usually four; ochreas not ciliate at apex"	"Persicaria lapathifolia"
7	"Inflorescences mostly axillary, dense, shorter or scarcely longer than the leaves"	"Persicaria prostrata"
7	"Inflorescences mostly terminal or terminating lateral branches, usually extending well beyond the leaves"	8
8	"Leaves uniformly green, with conspicuous stiff hairs that are long on the abaxial surface but short on the  adaxial"	"Persicaria subsessilis"
8	"Leaves often with a dark blotch near the centre, apparently glabrous although sometimes with scattered hairs especially on the abaxial surface, or with glandular dots, and the margins often with short, stiff, curved hairs"	9
9	"Inflorescence slender, 3-5 mm diam., with the groups of flowers distinct and not, or scarcely, overlapping"	"Persicaria decipiens"
9	"Inflorescence stout, 7-10 mm diam., with the groups of flowers crowded and overlapping"	"Persicaria maculosa"
