from	statement	to
1	"Flowers solitary, arranged in clusters in a loose or contracted panicle"	Lepyrodia
1	"Flowers arranged in spikelets with imbricate glumes"	2
2	"Spikelets (1-) 2 (-4) in the axils of inflorescence bracts"	3
2	"Spikelets in open or contracted panicles or solitary and terminal"	4
3	"Leaf-sheaths on the culm with woolly hairs, produced on cataphylls within the sheaths, protruding beyond the sheath"	Empodisma
3	"Leaf-sheaths on the culm without protruding woolly hairs"	Calorophus
4	"Spikelets in open, often nodding, panicles"	5
4	"Spikelets in contracted panicles or solitary and terminal"	6
5	"Culms much branched"	Hypolaena
5	"Culms usually simple"	Leptocarpus
6	"Culms arising in tufts or if at intervals along a horizontal rhizome then usually less than 1 cm apart and up to 1.75 mm in diameter"	Restio
6	"Culms arising from a horizontal rhizome, usually more than 1 cm apart and 2-3 mm diameter"	Winifredia
