from	statement	to
1	"Stems transversely septate, 4-12 mm in diameter"	"Eleocharis sphacelata"
1	"Stems not septate, less than 4 mm in diameter, sometimes very slender"	2
2	"Uppermost leaf-sheath truncate, mucronate, thickened immediately below the margin and especially below the mucro"	"Eleocharis acuta"
2	"Uppermost leaf-sheath with oblique orifice"	3
3	"Hypogynous bristles present, as long as or longer than nut, uppermost leaf-sheath with orifice more-or-less thickened and darker in colour than region below"	"Eleocharis gracilis"
3	"Hypogynous bristles absent or present but much shorter than nut; uppermost leaf-sheath hyaline or more-or-less withered at apex"	"Eleocharis pusilla"
