from	statement	to
1	"Leaves grass-like, flat, smooth; panicle few-flowered, up to 13 cm long, always shorter than the leaves; stamen 1"	"Gahnia rodwayi"
1	"Leaves inrolled or flat, more-or-less scabrous; panicle numerous-flowered, 15-120 cm long; stamens 3-6"	2
2	"Glumes 2 (-3), thinly membranous; nut fusiform, 5-6 mm long"	"Gahnia filum"
2	"Glumes 5 or more, at least the lower glumes firmly membranous; nut subglobose, ellipsoid, narrow doliform or obovoid"	3
3	"Panicle more-or-less linear, 2-3 cm wide"	4
3	"Panicle ovoid to pyramidal, 4-7 cm wide"	5
4	"Spikelets 5-5.5 mm long, in dense oblong spike-like clusters; florets 1(-2) per spikelet"	"Gahnia trifida"
4	"Spikelets 3.5-4 mm long, not densely clustered; florets 2 per spikelet"	"Gahnia microstachya"
5	"Mature nut c. 2 mm long, obovoid, whitish to dull brown, surface reticulate-colliculate"	"Gahnia radula"
5	"Mature nut 3-5 mm long, ellipsoid to obovoid-ellipsoid, bright red, shining, wholly or partly suspended from the spikelet"	6
6	"Culm solid; spikelet with 11-30 glumes, mature nut suspended from the spikelet by the anther filaments"	"Gahnia grandis"
6	"Culm hollow; spikelet with 6-8 glumes, mature nut partly exserted, filaments not exserted"	"Gahnia sieberiana"
