from	statement	to
1	"Stem leaves opposite; petals white"	"Linum catharticum"
1	"Stem leaves alternate; petals blue, white, or yellow"	2
2	"Styles free throughout"	3
2	"Styles fused for (0-)0.5-0.75 their length"	4
3	"Petals yellow, 4-6 mm long; stigmas capitate"	"Linum trigynum"
3	"Petals usually blue or white, 8-15 mm long; stigmas linear"	"Linum usitatissimum"
4	"Petals blue-violet, 8-12 mm long; sepals entire or fimbriate-laciniate; style fused for (0-)0.5 length"	"Linum bienne"
4	"Petals blue or white, (3-)8-10(-12) mm long; sepals ciliolate; style fused for 0.5-0.75 length"	"Linum marginale"
