from	statement	to
1	"Rhachis not disarticulating at the nodes; cultivated cereals"	2
1	"Rhachis disarticulating at the nodes; weedy species"	3
2	"Lateral spikelets of triplet hermaphrodite"	"Hordeum vulgare"
2	"Lateral spikelets of triplet sterile"	"Hordeum distichon"
3	"Leaves with auricles; glumes of central spikelet with ciliate margins"	4
3	"Leaves without auricles; glumes of central spikelets with margins glabrous or scabrous"	6
4	"Floret of central spikelet on a stipe much shorter than the pedicels of the lateral spikelets"	"Hordeum murinum ssp. murinum"
4	"Floret of central spikelet on a stipe almost equalling the pedicels of the lateral spikelets"	5
5	"Anthers of central floret brownish or pale, 1 mm or more long; rhachilla bristle of lateral florets subulate, green"	"Hordeum murinum ssp. leporinum"
5	"Anthers of central floret blackish, up to 0.5 mm long; rhachilla bristle of lateral floret narrow-fusiform, orange, drying brown"	"Hordeum murinum ssp. glaucum"
6	"Sheaths of lower leaves glabrous or puberulous; lower glume of lateral florets expanded below, winged on the outer margin"	"Hordeum marinum"
6	"Sheaths of lower leaves pilose; glumes of lateral spikelets setiform throughout"	"Hordeum marinum ssp. gussonianum"
