from	statement	to
1	"Bract equalling or exceeding the pedicel; sepals broad-ovate to sub-orbicular, wider than the corolla"	"Fumaria densiflora"
1	"Bract shorter than to almost equalling the pedicel; sepals elliptical to ovate-lanceolate, narrower than the corolla"	2
2	"Ultimate leaf-segments linear to linear-lanceolate, up to 1.5 mm wide; lower petal spathulate with spreading margins"	"Fumaria officinalis"
2	"Ultimate leaf-segments oblanceolate, more than 1.5 mm wide; lower petal without spreading margins"	3
3	"Inflorescence 15-25-flowered; inner petals yellowish in the middle and proximal part with a darker yellow mid-vein; fruit ± square at the base"	"Fumaria bastardii"
3	"Inflorescence 12-15-flowered; inner petals pinkish-purple in the middle and proximal part, usually without a yellow mid-vein; fruit rounded at the base"	"Fumaria muralis"
