from	statement	to
1	"Midnerve of the lemma continued as a short rounded mucro; lateral lobes minute, more-or-less equalling the mucro"	"Danthonia decumbens"
1	"Midnerve of the lemma continued as a prominent awn; lateral lobes variously developed"	2
2	"Body of the lemma with a fairly dense covering of hairs and with or without a row of hair-tufts below the sinus and another above the callus"	3
2	"Body of the lemma with hairs in distinct tufts or transverse rows of tufts (rarely with a few sparse hairs between the upper and lower row), or the tufts reduced or absent"	7
3	"Hairs on the lemma all more-or-less of the same size, without rows of conspicuously longer hairs"	"Danthonia geniculata"
3	"Hairs on the dorsal area of the lemma shorter than the row of hair tufts below the sinus"	4
4	"Lateral lobes shorter or slightly longer than the body of the lemma, awn only slightly exceeding the lateral lobes"	"Danthonia carphoides var. angustior"
4	"Lateral lobes longer than the body of the lemma by 1.5 mm or more; awn considerably exceeding the lateral lobes"	5
5	"Body of the lemma 3.75-4.5 mm long, upper and lower row of hair-tufts present"	"Danthonia popinensis"
5	"Body of the lemma up to 3 mm long, lower row of hair-tufts absent"	6
6	"Spikelets 4-6-flowered; awn column 2.0-3.5 mm long; leaf-sheaths glabrous"	"Danthonia semiannularis"
6	"Spikelets usually 3-flowered; awn column c. 1 mm long; leaf-sheaths pilose"	"Danthonia gracilis"
7	"Lemma with a distinct and uninterrupted row of hair-tufts below the sinus"	8
7	"Lemma with dorsal and marginal hair-tufts only below the sinus, or an interrupted row or the tufts absent"	19
8	"Lemma with a row of hair-tufts above the callus, the row sometimes interrupted or reduced to dorsal and marginal tufts"	9
8	"Lemma without a row of hair-tufts above the callus"	"Danthonia laevis"
9	"Dorsal area of lemma with abundant hairs scattered between the upper and lower rows of hair-tufts"	"Danthonia popinensis"
9	"Dorsal area glabrous or with a few sparse hairs scattered between the upper and lower rows"	10
10	"Body of the lemma up to 2.5 (-3) mm long"	11
10	"Body of the lemma (2.75-) 3 mm long or more"	14
11	"Lateral lobes of the lemma, including setae, 6-10 mm long"	"Danthonia setacea"
11	"Lateral lobes, including setae up to 5 mm long"	12
12	"Upper row of hair-tufts on the lemma interrupted or sparse, up to 1.5 mm long, inserted midway between the lower row and the sinus"	"Danthonia dimidiata"
12	"Upper row of hair-tufts usually dense, 2-3 mm long, inserted just below the sinus"	13
13	"Glumes 4-7 mm long; body of lemma 1.25-2 mm long, lateral lobes terminating in minute setae"	"Danthonia pauciflora"
13	"Glumes 7-10 (-11?) mm long; body of lemma 2-2.5 mm long, setae of the lateral lobes more-or-less equalling the flattened portion"	"Danthonia fortunae-hibernae"
14	"Palea 7-8 mm long, more-or-less equalling the flat portion of the lateral lobes of the lemma"	"Danthonia procera"
14	"Palea up to 6 mm long, always shorter than the flat portion of the lateral lobes"	15
15	"Lateral lobes, including setae, up to 3 mm long; upper row of hair tufts sparse to interrupted"	"Danthonia dimidiata"
15	"Lateral lobes, including setae, 5-10 mm long, upper row of hairtufts usually dense"	16
16	"Body of the lemma 2-3 mm long"	"Danthonia setacea"
16	"Body of the lemma 3-6 mm long"	17
17	"Spikelets (6) 7-9-flowered; awn 13 mm long or more"	"Danthonia caespitosa"
17	"Spikelets 4-6 flowered; awn up to 12 mm long"	18
18	"Lemma callus of upper florets long and stipe-like; lateral lobes 6-10 mm long; rhachilla segment minute"	"Danthonia tenuior"
18	"Lemma callus short; lateral lobes 5-6 mm long; rhachilla segment produced, usually 0.5 mm long"	"Danthonia diemenica"
19	"Lemma lobes, including setae, longer than the body of the lemma"	20
19	"Lemma lobes, including setae, shorter than the body of the lemma or more-or-less equalling it"	25
20	"Lower and upper rows of hair-tufts absent, occasionally a few weak hairs scattered over the lower half of the lemma"	"Danthonia nudiflora"
20	"Lower and usually upper row of hair-tufts present, sparse or interrupted or reduced to a few tufts"	21
21	"Column of awn equalling or exceeding lateral lobes including setae"	"Danthonia dimidiata"
21	"Column of awn more-or-less equalling flat portion of lateral lobes"	22
22	"Leaves glabrous; lower glume 9-13-nerved; recorded only from Hibbs Pyramid on the West Coast"	"Danthonia remota"
22	"Leaves subglabrous to pilose; lower glume 5-9-nerved; plants of widespread distribution"	23
23	"Innovations intravaginal, the plant tufted, erect"	"Danthonia pilosa"
23	"Innovations extravaginal, the plant only loosely tufted, spreading at the base"	24
24	"Group of florets often exceeding the glumes; lower glume 5-7-nerved"	"Danthonia racemosa"
24	"Group of florets usually shorter than the glumes; only awns and setae of lateral lobes exserted; lower glume 7-9-nerved"	"Danthonia penicillata"
25	"Upper row of hair-tufts inserted about half-way between the sinus and the lower row; awn 7-11 mm long, the column 2-3 mm long"	"Danthonia dimidiata"
25	"Upper row of hair-tufts inserted at the level of the sinus or absent; awn 3-4 mm long, the column up to 1 mm long"	26
26	"Culm stiffly erect, panicle axis and branches scaberulous; lemma oblanceolate or obovate, a few hairs often present in interrupted rows at the level of the sinus and above the callus, nerves often obscure; marginal hair-tufts dense, more-or-less overlapping, linked by a sparse row of hairs"	"Danthonia nivicola"
26	"Culm slender, not stiffly erect; panicle axis, branches and pedicels pilose; lemma fusiform, shining, the nerves prominent, completely glabrous except for the marginal hair-tufts which are somewhat sparse, distant, not overlapping"	"Danthonia nitens"
