from	statement	to
1	"Lemma longer than the glumes"	2
1	"Lemma shorter than the glumes"	5
2	"Panicle with short, stiff, spreading branches; lemma always obviously exceeding the glumes"	"Deyeuxia gunniana"
2	"Panicle loosely contracted or open, the branches not stiffly spreading; lemma slightly longer or slightly shorter than the glumes"	3
3	"Spikelets 5.5-6.75 mm long; awn dorsal, 7.5-8 mm long"	"Deyeuxia apsleyensis"
3	"Spikelets 2-3.5 mm long; awn subterminal, up to 1 mm long"	4
4	"Panicle loosely contracted; callus hairs usually half as long as the lemma or more; leaf-blades smooth"	"Deyeuxia innominata"
4	"Panicle open, the branches naked for half their length; callus hairs less than one :third the length of the lemma; leaf-blades scaberulous"	"Deyeuxia decipiens"
5	"Lower glume longer than the upper or subequal to it"	6
5	"Lower glume shorter than the upper or subequal to it"	8
6	"Spikelet 7-8 mm long; lemma 4-5 mm long"	"Deyeuxia lawrencei"
6	"Spikelet 6 mm long or less; lemma at least two thirds as long as the glumes"	7
7	"Awn attached above the middle of the lemma; rhachilla bristle long, hairy"	"Deyeuxia densa"
7	"Awn attached at the base of the lemma or just above; rhachilla bristle absent or minute"	"Deyeuxia quadriseta"
8	"Panicle dense and contracted or if rather loose the shorter branches at each node carrying spikelets almost from their base"	9
8	"Panicle more-or-less loose with spreading or nodding branches naked at the base"	15
9	"Awn attached in the lower half of the lemma"	"Deyeuxia monticola"
9	"Awn attached in the upper half of the lemma"	10
10	"Awn attached in the middle third of the lemma or slightly above"	11
10	"Awn attached just below the apex of the lemma (subterminal)"	"Deyeuxia contracta"
11	"Panicle loosely contracted; awn 2-3 mm long; plant slender, ascending"	"Deyeuxia rodwayi"
11	"Panicle dense, linear or somewhat lobed; awn 3-7 mm long"	12
12	"Lemma indurated, densely scaberulous"	"Deyeuxia densa"
12	"Lemma only slightly indurated, more-or-less smooth and shining in the lower half or scaberulous below and the internerves smooth and shining above"	13
13	"Lemma scaberulous or occasionally smooth below, nerves prominent above, the internerves smooth, shining, apex shortly 4-toothed"	"Deyeuxia minor"
13	"Lemma more-or-less smooth and shining below, more-or-less scaberulous or puberulous above, apex not 4-toothed"	14
14	"Panicle dense, linear; lemma smooth and shining below, scaberulous or puberulous above, apex narrowly membranous, awn geniculate, the column once or twice twisted; leaf-blades up to 3·5 mm wide"	"Deyeuxia carinata"
14	"Panicle .more-or-less lobed, the branches narrowly spreading; lemma minutely scaberulous, more-or-less shining in the lower half, awn recurved, not differentiated into column and bristle; leaf-blades (5-) 7 mm wide"	"Deyeuxia brachyanthera"
15	"Awn attached in the basal third of the lemma"	"Deyeuxia apsleyensis"
15	"Awn attached in the middle third of the lemma or above"	16
16	"Awn attached in the middle third of the lemma or just above, at least 1 mm below the apex"	17
16	"Awn attached just below the lemma apex or not more than 0.75 mm below, or minute or absent"	20
17	"Awn c. 1.5 mm long, shortly exceeding the lemma"	"Deyeuxia benthamiana"
17	"Awn 2-7 mm long, considerably exceeding the lemma"	18
18	"Lemma not or slightly indurated, subsmooth and more-or-less shining in the lower half; awn 4-7 mm long, not differentiated into awn and bristle"	"Deyeuxia brachyanthera"
18	"Lemma indurated, densely and coarsely scaberulous, awn 2-4 mm long, column twisted"	19
19	"Spikelets 3-4 mm long; awn 2-3 mm long"	"Deyeuxia rodwayi"
19	"Spikelets 4-5.5 (-7) mm long; awn 3-4 mm long"	"Deyeuxia frigida"
20	"Lemma indurated, densely scaberulous, nerves obscure"	21
20	"Lemma only slightly indurated, subsmooth, nerves prominent"	22
21	"Spikelets 2.5-3 mm long; callus hairs up to 1 mm long; rhachilla bristle 0.4-0.8 mm long"	"Deyeuxia contracata"
21	"Spikelets 3-4 mm long; callus hairs up to 1.5 mm long; rhachilla bristle 0.5-1.5 mm long"	"Deyeuxia scaberula"
22	"Leaf-blades scaberulous; panicle open, the branches naked for half their length; callus hairs less than one third the length of the lemma; rhachilla segment less than 0.5 mm long"	"Deyeuxia decipiens"
22	"Leaf-blades smooth; panicle loosely contracted; callus hairs half as long as the lemma or more; rhachilla segment c. 1 mm long, plumose, the hairs more-or-less equalling the lemma"	"Deyeuxia innominata"
