from	statement	to
1	"Inflorescence a terminal cluster of spikelets on very short pedicels"	"Oreobolus oligocephalus"
1	"Inflorescence of 1-3 spikelets solitary at nodes on the culm"	2
2	"Leaf-lamina channelled, depressed-triangular in section, 2-veined; achene fusiform with an acute apex"	"Oreobolus distichus"
2	"Leaf-lamina flat or plano-convex; achene either obovoid to pyriform, apex ± truncate or with an elongated conical or domed apex"	3
3	"Achene obovoid to pyriform, apex ± truncate"	4
3	"Achene with an elongated conical or domed apex"	5
4	"Leaf-lamina long-tapered to an acute apex, upper surface veins obscure, stomates absent"	"Oreobolus acutifolius"
4	"Leaf-lamina linear, tapering above to an obtuse or subacute apex, upper surface 5-6 veined, densely covered with stomates"	"Oreobolus pumilio ssp. pumilio"
5	"Abaxial surface of leaf lamina with one vein; nut with an elongated conical blackish-purple apex which collapses at maturity"	"Oreobolus oxycarpus ssp. brownii"
5	"Abaxial surface of leaf lamina 3 veined; nut ± dolioform with a domed fuscous apex which does not collapse at maturity"	"Oreobolus tholicarpus"
