from	statement	to
1	"Plants with spreading rhizomes"	2
1	"Plants caespitose or shortly rhizomatous"	3
2	"Rhachis breaking readily between the spikelets; plant restricted to coastal sands"	"Elymus farctus ssp. boreali-atlanticus"
2	"Rhachis tough, not breaking between the spikelets; plant not restricted to coastal sands"	"Elymus repens"
3	"Plant densely tufted; lemmas truncate"	"Elymus elongatus"
3	"Plant loosely tufted or shortly rhizomatous; lemmas with divergent awns up to 4 cm long"	"Elymus scaber"
