from	statement	to
1	"Sterile lemmas villous"	"Ehrharta calycina"
1	"Sterile lemmas glabrous, smooth or scabrous"	2
2	"Upper sterile lemma with an awn 1.5-25 mm long"	3
2	"Upper sterile lemma obtuse, acute, apiculate or with an awn up to 1 mm long"	6
3	"Glumes up to 1 mm long, not overlapping the subtended lemmas"	"Ehrharta stipoides"
3	"Glumes 2-5 mm long overlapping the subtended lemmas"	4
4	"Lower glume 5-nerved; upper glume 7-9-nerved"	"Ehrharta longiflora"
4	"Lower glume 1-nerved; upper glume obscurely 3-nerved"	5
5	"Spikelets 15-20 mm long, including awns; awn of upper sterile lemma c. 5 mm long"	"Ehrharta tasmanica"
5	"Spikelets 6-9 mm long including awns; awn of upper sterile lemma 1-4 mm long"	"Ehrharta tasmanica var. subalpina"
6	"Sterile lemmas obtuse"	7
6	"Sterile lemmas acute, apiculate or short-awned"	9
7	"Inflorescence an open or contracted panicle; spikelets 3-4 mm long; lateral faces of upper sterile lemmas corrugated above"	"Ehrharta erecta"
7	"Inflorescence a spike-like raceme; spikelets 4-6 mm long. Sterile lemmas not corrugated"	8
8	"Culms wiry, scabrous, up to 6 m long, scrambling over supporting vegetation; leaf-sheaths scabrous, spikelets 5-6 mm long; glumes 3-nerved"	"Ehrharta juncea"
8	"Culms decumbent, tomentose; leaves distichous, leaf-sheaths tomentose; spikelets 4-5 mm long; glumes 7-nerved"	"Ehrharta distichophylla"
9	"Culms decumbent or scrambling, leafy; leaves flat, both surfaces more-or-less of the same colour"	"Ehrharta acuminata"
9	"Culms erect, leaves mostly basal, the plants tufted or mat-forming; leaves flat, upper surface whitish, lower surface darker or the leaves inrolled"	10
10	"Upper sterile lemma acute or extended as a mucro or short awn up to 0.5 mm long; callus not bearded"	11
10	"Upper sterile lemma with an awn c. 1 mm long; callus shortly bearded"	"Ehrharta tasmanica var. subaplina"
11	"Leaf-blades tightly inrolled"	"Ehrharta oreophylla var. oreophylla"
11	"Leaf-blades flat"	"Ehrharta oreophylla var. minor"
