from	statement	to
1	"Larger leaves 30-80 mm long; erect or spreading shrub to 1(-2) m tall"	"Gaultheria hispida"
1	"Leaves 3-22 mm long; prostrate, spreading or erect shrub to 30 cm tall"	2
2	"Leaves 3-6(-8) mm long, narrow-elliptical, margins smooth; branchlets almost glabrous"	"Gaultheria tasmanica"
2	"Leaves 5-22 mm long, narrow-elliptical, lanceolate or broadly elliptical to almost orbicular, margins serrate; branchlets hispid or with long spreading bristles"	3
3	"Leaves 5-10 mm long, broadly elliptical to almost orbicular, apex blunt; fruit a dry capsule, completely enclosed by succulent calyx"	"Gaultheria depressa"
3	"Leaves 12-22 mm long, narrow-elliptical, lanceolate, apex acute; fruit a succulent pericarp, half-enclosed by succulent calyx"	"Gaultheria lanceolata"
