from	statement	to
1	"Leaves erect, usually much longer than broad, concolorous, dull; flowers heterostylous seed mostly 1.7-2.6 mm long, sparsely to densely tuberculate, (tubercles to 0.3 mm long), with a conspicuous caruncle"	"Villarsia exaltata"
1	"Leaves erect or floating, mostly about as long as broad, often strongly discolorous, more or less glossy; flowers homostylous; seed mostly 1.5 mm long, smooth or tuberculate, without caruncle"	2
2	"Plants stoloniferous; leaf blades usually floating and strongly discolorous; scapes robust and usually erect; mature capsules on erect pedicels"	"Villarsia reniformis"
2	"Plants not stoloniferous; leaf blades usually erect to reclining, weakly discolorous; scapes lax, spreading; mature capsules on recurved pedicels"	"Villarsia umbricola"
