from	statement	to
1	"Dwarf herbaceous plants, rarely >5 cm high; stems unarmed; leaves lobed or pinnate; carpels 6–10"	"Rubus gunnianus"
1	"Woody plants, much more than 5 cm high; stems armed (except one taxon); leaves lobed, palmate or pinnate and mostly of 3, 5 or 7 leaflets; carpels few–600"	2
2	"Leaves with 5, 7 (or 9) leaflets, arranged pinnately; some leaves may have 3 leaflets"	3
2	"Leaves with 3–5 leaflets, arranged palmately"	4
3	"Lower surface of leaves densely felted, grey-green or grey-white"	"Rubus parvifolius"
3	"Lower surface of leaves not densely felted, green"	"Rubus loganobaccus"
4	"Leaflets often deeply lobed and some cut almost to midrib, dissection varying from laciniate to undivided, green below; petals pink, apex often notched"	"Rubus laciniatus"
4	"Leaflets entire, never deeply cut, green or grey-green to white below; petals white or pink, apex usually entire"	5
5	"Flowers and fruit mostly <9 in racemose subcorymbose clusters on axillary shoots along the primocane"	6
5	"Flowers and fruits mostly >8 in terminal paniculate inflorescence terminating floricane"	7
6	"Lower surface of mature leaflets densely felted, grey-green to grey-white; ripe fruits red"	"Rubus parvifolius"
6	"Lower surface of mature leaflets not densely felted, pilose, silky, green; ripe fruits black"	"Rubus philadelphicus"
7	"Long-stalked, reddish, glandular hairs present, particularly in the inflorescence, few or abundant (lens often desirable)"	8
7	"Long-stalked glandular hairs absent"	"Rubus leucostachys"
8	"Stalked glands abundant and conspicuous on most parts; leaflets usually green below"	9
8	"Stalked glands few and not conspicuous, mostly confined to inflorescence and new growth of primocanes; leaflets green to grey-green below"	10
9	"Exposed stems deep purple-red, angles rounded, usually with 15 or less prickles per 5 cm length; leaflets arranged pedately; carpels pubescent"	"Rubus erythrops"
9	"Exposed stems brownish green, angles blunt or sharp, usually with 15 or more prickles per 5 cm length; leaflets arranged subpedately to pedately; carpels glabrous or with a few terminal hairs"	"Rubus echinatus"
10	"Primocane leaves 3-foliolate, rarely if ever 5-foliolate; carpels pubescent"	"Rubus sp. Tasmania"
10	"Primocane leaves with at least some 5-foliolate; carpels glabrous to hairy"	11
11	"Leaflets green below, scarcely felted, lamina surface usually visible; leaflets digitately or subpedately arranged"	"Rubus polyanthemus"
11	"Leaflets grey-green or lightly felted below, lamina surface usually obscure; leaflets pedately arranged"	12
12	"Inflorescence axis with densely erect pubescence"	"Rubus vestitus"
12	"Inflorescence axis pubescent, but hairs not dense and erect"	13
13	"Lower surface of leaflets grey-green to white, densely felted (lamina obscured), long simple hairs present or absent"	14
13	"Lower surface of leaflets green, not densely felted and with simple hairs distinct from the underlying felt"	15
14	"High arching plants; leaflets arranged digitately; petals white (or pale pink), elliptic, flat or only shallowly channelled"	"Rubus anglocandicans"
14	"Spreading plants; leaflets arranged pedately; petals pink or white, broad elliptic to near orbicular, often cupped or crumpled"	"Rubus leucostachys"
15	"Leaflets arranged digitately or subpedately, veins impressed above; young shoots often yellow-green; petals well separated; carpels sparsely pubescent"	"Rubus polyanthemus"
15	"Leaflets usually arranged pedately, veins scarcely impressed above; young shoots not yellow-green; petals not widely spaced; carpels glabrous"	"Rubus rubritinctus"
