from	statement	to
1	"Synflorescence soft, easily flexible; glumes and lemmas papery, the first ones progressively aculeolate on ribs towards the apex, the second with a thin, sometimes a bit flexuous apical awn"	2
1	"Synflorescence more or less rigid, scarcely flexible; glumes and lemmas subcoriaceous, the first ones aculeolate just on the keel, the second unawned, mucronate or with a thick, straight apical awn"	3
2	"Glumes shorter then the first lemma, ribs spaced"	"Elymus caninus"
2	"Glumes at least as long as the first lemma, ribs crowded"	"Elymus panormitanus"
3	"Anthers in bud turgid, regularly dehiscent; pollen with grains subequal, mostly well developed and viable (never vitreous); caryopses regularly formed"	4
3	"Anthers somewhat flat and flaccid in bud, hardly dehiscent; pollen grains scarce or lacking, unequal, very irregular, often empty and vitreous; the caryopses do not form"	16
4	"Rhizomes absent, culms in well delimited tufts"	5
4	"Rhizomes more or less developed, culms sparse or in loose, often undefined tufts"	9
5	"Adaxial blade surface finely velvety-tomentose with hairs < 0.3 mm; blades not wider than 2 mm"	6
5	"Adaxial blade surface spinulose, glabrous or sparsely hairy (hairs > 0.3 mm), never velvety-tomentose; blades to 5 mm wide"	8
6	"Rachis fragile, self-disarticulating at maturity"	"Thinopyrum sartorii"
6	"Rachis robust, not disarticulating at maturity"	7
7	"Culms (incl. sheaths) between 2nd and 4th node mainly not more than 1.5 mm thick; spikelets usually not or little compressed"	"Thynopyrum corsicum"
7	"Culms (incl. sheaths) between 2nd and 4th node mainly not less than 2.5 mm thick; spikelets usually compressed"	"Thinopyrum flaccidifolium"
8	"Rachilla segments almost smooth on the edges; lemmas mainly 7-veined; spikelets 10-17 mm with 7-8 flowers"	"Thinopyrum elongatum"
8	"Rachilla segments on the edges with papillae; lemmas mainly 3-5-veined; spikelets 17-25 mm with 8-13 flowers"	"Thinopyrum obtusiflorum"
9	"Adaxial blade surface finely velvety-tomentose by hairs < 0.3 mm; rachis fragile, self-disarticulating at maturity, with smooth edges"	"Thinopyrum junceum"
9	"Adaxial blade surface glabrous to sparsely hairy with hairs > 0.5 mm; rachis robust, not disarticulating at maturity, denticulate with papillae on the edges"	10
10	"Mature spikelets with flowers loosely imbricate, the 2nd rachilla segment ≥ 20% of the adjacent lemma; glumes (excluding apical mucro or awn) obtuse to obliquely truncated"	11
10	"Mature spikelets with flowers thickly imbricate, the 2nd rachilla segment ≤ 20% of the adjacent lemma; glumes (excluding apical mucro or awn) acute to obtuse"	14
11	"Spikelets mainly with 4-5 flowers, scarcely appressed to the rachis to erecto-patent"	12
11	?????????????????????????????	XX
12	"Glumes and lemmas ciliate at the margins only"	"Thinopyrum podperae"
12	"Glumes and lemmas ciliate everywhere or glabrous"	13
13	"Glumes and lemmas hairless"	"Thinopyrum intermedium subsp. intermedium"
13	"Glumes and lemmas hairy"	"Thinopyrum intermedium subsp. barbulatum"
14	"Adaxial blade surface on average with 1 prominent rib every 4; glumes (excluding mucro or awn) acute; leaves and culms green to glaucous"	"Elymus repens"
14	"Adaxial blade surface on average with 1 prominent rib every 2 or with all ribs prominent; glumes (excluding mucro or awn) subobtuse to obtuse (acute in Thinopyrum acutum); leaves and culms always glaucous-green to glaucous"	15
15	"Adaxial surface of the glumes without papillae (smooth); lemma (excluding mucro or awn) usually not more than 0.5 mm exceeding the palea; adaxial blade surface with all or almost all ribs prominent; plants growing along the coasts, less frequently far from the sea"	"Thinopyrum acutum"
15	"Adaxial surface of the glumes coated with papillae; lemma (excluding mucro or awn) usually exceeding the palea for at least 0.5 mm; adaxial blade surface with alternation of prominent and thin ribs; plants usually growing away from beaches"	"Elymus campestris subsp. campestris"
16	"Adaxial blade surface more or less densely velvety by hairs < 0.5 mm; rachis edges smooth or bearing more or less sparse, minute papillae which are deciduous under flexion of the mature synflorescence; glumes and lemmas on average 11-14 mm long; coastal plants"	17
16	"Adaxial blade surface glabrous or with sparse hairs > 0.5 mm; edges of the rachis denticulate with minute papillae not deciduous under flexion of the mature synflorescence; glumes and lemmas 6-12 mm long; coastal and inner land plants"	18
17	"Adaxial blade surface with subequal ribs"	"Thinopyrum ×duvalii"
17	"Adaxial blade surface with clearly unequal ribs"	"Thinopyrum junceum × Elymus repens"
18	"Glumes (excluding mucro or awn) evidently obtuse; flowers of mature spikelets loosely imbricate, the 2nd rachilla segment ≥ 20% of the adjacent lemma"	19
18	"Glumes (excluding mucro or awn) subacute to acute at least in proximal spikelets; mature spikelets with flower thickly imbricated, the 2nd rachilla segment ≤ 20% of the adjacent lemma"	20
19	"Adaxial surface of the glumes smooth (no papillae); adaxial blade surface on average with 1 prominent rib every 4 or with 3 types of ribs: prominent, slightly prominent and thin"	"×Thinoelymus mucronatus"
19	"Adaxial surface of the glumes, at least in the middle, more or less papillose; adaxial blade surface on average with 1 prominent rib every 2"	"Thinopyrum intermedium subsp.intermedium × Elymus campestris subsp. campestris"
20	"Glumes lanceolate, gradually narrowed at the apex into an awn to 1 mm long; adaxial blade surface with prominent ribs rounded at the top"	21
20	"Glumes ovate-lanceolate to oblong-lanceolate, apiculate to mucronate or awned; adaxial blade surface with prominent ribs flattened or truncate at the top"	22
21	"Internodes of the rachis 4-6(-8) mm; spikelets 3-5-flowered; glumes 5-6-veined; leaves and culms slightly glaucous; blades near the ligula adaxially and abaxially glabrous; free margins of sheaths sparsely ciliolate to glabrous"	"Elytrigia aenaeana"
21	"Internodes of the rachis 6-10(-12) mm; spikelets 5-7-flowered; glumes 5-8-veined; leaves and culms strongly glaucous to glaucous-green; blades near the ligula adaxially and abaxially puberulous; free margins of sheaths glabrous"	"Elytrigia laxula"
22	"Adaxial surface of the glumes, at least in the middle, more or less papillose"	"Elymus campestris subsp. campestris × Elymus repens"
22	"Adaxial surface of the glumes without papillae"	"×Thinoelymus drucei"
