from	statement	to
1	"Erect shrubs, leaves persisting on most of plant; wing sepals usually pink or magenta"	2
1	"Erect wiry subshrubs or twining climbers, often few-leaved or with leaves reduced to scales or with only a basal rosette of true leaves; wing sepals usually blue or mauve"	3
2	"Stems glabrous to hispidulous, smooth, not usually glaucous; leaves with recurved margins, paler below, linear to narrow-obovate, apex produced into a recurved mucro; inflorescences pyramidal, elongating in fruit"	"Comesperma ericinum"
2	"Stems glabrous, usually tuberculate, usually glaucous; leaves concolorous, flat, oblong, obtuse and not mucronate; inflorescences corymb-like, not elongated in fruit"	"Comesperma retusum"
3	"Twining climbers; inflorescences axillary"	"Comesperma volubile"
3	"Erect wiry subshrubs; inflorescences terminal"	4
4	"Leaves often forming a basal rosette with scale leaves above or true leaves persisting for much of the length of the stems; wing sepals about twice as long as outer sepals, usually deep blue"	"Comesperma calymega"
4	"Leaves not forming a basal rosette, reduced to scales very close to base of plant (so appearing ±leafless); wing sepals less than twice as long as outer sepals, violet to mauve"	"Comesperma defoliatum"
