from	statement	to
1	"Inflorescence more than 20-flowered; petals white and spreading; leaves usually more than 30 mm long"	"Cotoneaster glaucophyllus"
1	"Inflorescence less than 20-flowered; petals white or pink; leaves usually less than 30 mm long"	2
2	"Leaves elliptic, rhombic or ovate, sparsely hairy on lower surface, with the lamina visible between the hairs; fruit with 3–4 pyrenes"	"Cotoneaster simonsii"
2	"Leaves elliptic or ovate, persistently densely hairy on lower surface, with the lamina obscured by the hairs; fruit with 2–3 pyrenes"	3
3	"Leaves usually less than 30 mm long, with veins on upper surface inconspicuous; petioles 4–8 mm long; petals white, spreading; fruit with 2 pyrenes"	"Cotoneaster pannosus"
3	"Leaves usually 20–35 mm long, with veins on upper surface conspicuous; petioles 3–4 mm long; petals white to pinkish, erect; fruit with 2–3 pyrenes"	"Cotoneaster franchetii"
