from	statement	to
1	"Wiry, rush-like perennial (15-) 30-90 cm high; inflorescence a dense globular head up to 1.5 cm in diameter"	"Isolepis nodosus"
1	"Slender perennials or annuals usually less than 20 cm high (unless submerged in water); inflorescence not as above"	2
2	"Stigmas 2 in all flowers; nut lenticular"	3
2	"Stigmas 3 in majority of flowers; nut usually trigonous, sometimes plano-convex or dorsal angle obscure (nut globular in Isolepis hookeriana)"	5
3	"Spikelets with lowest glume shorter or longer than spikelet but empty; leaf-blades with 3 (-4) longitudinal veins distinct"	4
3	"Spikelets with lowest glume enclosing a flower; leaf-blades rather thick, striate, with more than 4 longitudinal veins"	"Isolepis crassiuscula"
4	"Leaf-sheaths hyaline, pale or with minute red striations; nut lenticular, margins not ribbed"	"Isolepis fluitans"
4	"Leaf-sheaths purple or deeply marked with purple, often more-or-less inflated; nut lenticular with margins narrowly ribbed"	"Isolepis producta"
5	"Plant tufted and with slender, long-creeping rhizomes"	6
5	"Plant tufted, sometimes with short; erect rootstock, branched or shortly spreading"	11
6	"Spikelets carried on very short culms hidden by leaves 2-3 times as long and by long bracts"	"Isolepis montivaga"
6	"Spikelets conspicuous, borne on culms longer or only slightly shorter than leaves"	7
7	"Sheathing base of involucra I bract with wings broad, enveloping at least half of the usually solitary spikelet; nut with 3 angles rounded or dorsal one narrowly ribbed, usually persistent after glumes have fallen"	"Isolepis aucklandica"
7	"Sheathing base of involucral bract with wings about as broad as the blade; nut with 3 angles rounded or ribbed, not persistent"	8
8	"Ripe nut concolorous, pale straw-coloured or darkening to pale brown, angles rounded or narrowly ribbed"	9
8	"Ripe nut with sides brownish-purple, angles cream, broadly ribbed"	"Isolepis limbata"
9	"Spikelets 2-3(-4), rarely 1, sometimes proliferous; glumes subcoriaceous, incurved with keel prominent only in upper part"	"Isolepis tasmanica"
9	"Spikelets usually 1, sometimes 2-3, not proliferous; glumes membranous, keel prominent throughout"	10
10	"Culms usually less than 6 cm long; spikelets 1.5-3 mm long; nuts up to 1 mm long"	"Isolepis subtilissima"
10	"Culms usually more than 6 cm long; spikelets 2.5-3.5 mm long; nuts more than 1 mm long"	"Isolepis habra"
11	"Spikelets carried on very short culms hidden by leaves 2-3 times as long and by long bracts"	"Isolepis montivaga"
11	"Spikelets conspicuous on culms longer or slightly shorter than leaves"	12
12	"Stamens 1 or 2 in majority of flowers"	13
12	"Stamens 3 in majority of flowers but often fewer in uppermost ones"	16
13	"Stamens 2; ripe nut black, opalescent, patterned with longitudinal ribs and fine bars between ribs"	"Isolepis setacea"
13	"Stamens 1; ripe nut stramineous or, if dark brown to black, then minutely reticulate"	14
14	"Ripe nut very dark brown to black"	"Isolepis stellata"
14	"Ripe nut stramineous"	15
15	"Spikelets often proliferous; nut obovate in outline, trigonous, plano-convex, angles narrowly ribbed, smooth"	"Isolepis inundata"
15	"Spikelets not proliferous; nut suborbicular in outline, trigonous, somewhat compressed, patterned with narrow longitudinal ribs and transverse bars"	"Isolepis wakefieldiana"
16	"Glumes 2.5-3.5 mm long; leaves subulate comprising 2 longitudinal septate tubes"	"Isolepis alpina"
16	"Glumes 1.2-1.5 (-2) mm long; leaves not as above"	17
17	"Glumes rigid, almost horny, shining, incurved, sides deeply furrowed and with curved longitudinal veins, pale with red-brown patch in upper part"	"Isolepis marginata"
17	"Glumes membranous or herbaceous, sides not furrowed but veins sometimes prominent"	18
18	"Ripe nut reddish brown; glumes concave with keel indistinct except in upper part"	"Isolepis cerna"
18	"Ripe nut dark brown to black, shining or opalescent; glumes with keel distinct, sometimes excurrent"	19
19	"Nut globular, patterned with longitudinal rows of minute papillae and transverse bars"	"Isolepis hookeriana"
19	"Nut suborbicular in outline, biconvex, subtrigonous, reticulate in honeycomb pattern"	"Isolepis platycarpa"
