from	statement	to
1	"Stamens free"	"Paraserianthes lophantha"
1	"Filaments of the stamens unites forming a tube surrounding the ovary"	2
2	"Adult leaves compound (bipinnate)"	3
2	"Adult leaves replaced by phyllodes"	8
3	"Pinnules more than 2 mm wide"	4
3	"Pinnules less than 2 mm wide (generally £ 1.5 mm wide)"	5
4	"Pinnules 30-60 mm long; tree to 8 m or more"	"Acacia elata"
4	"Pinnules <30 mm long; shrub"	"Acacia terminalis"
5	"Leaves bright green, dark green or bronze"	6
5	"Leaves silvery or grey to bluish-grey"	7
6	"Pinnae 5–10(–15) pairs; rachis of the leaf with a gland on the rachis at the base of each pair of pinnae; pinnules (10–)15–45 pairs, distinctly widely spaced, not or hardly touching, 5–10(–15) mm long 0.5–1 mm wide, both surfaces glabrous; pulvinus distinct, 2–4 mm long; leaves bright to dark green; 3 prominent decurrent ridges extending below the petiole; young branches distinctly angular; pod cylindrical-narrowly oblong, 3–10 cm long, 5–8 mm wide, slightly constricted between the seeds."	"Acacia decurrens"
6	"Pinnae 8–10(–25); rachis of leaf with basal jugary glands and interjugary glands pairs randomly; pinnules 15–25(–75) pairs, crowded and usually touching, 1.5–5 mm long, 0.5–0.8 mm wide; leaves dark green to bronze; pulvinus indistinct; branchlets only shallowly ridged below petioles; pod flat, narrowly oblong, 5–12 cm long, 5–8 mm wide, often strongly constricted between the seeds"	"Acacia mearnsii"
7	"Leaves and stems silvery-grey, hoary; pinnae (8–)10–20 pairs, all spreading to sub-erect, basal pair distant from stem; a single gland on the rachis at the base of each pinnae pair; pinnules 15–25(–50) pairs, 2–6 mm long, 0.5–1 mm wide; pod broadly oblong, 5–12 cm long, 8–10(–12) mm wide, not or scarcely constricted between the seeds"	"Acacia dealbata subsp. dealbata"
7	"Leaves and stems silvery-grey, pruinose-glaucous, glabrous; pinnae 3–6 pairs, basal pair deflexed and arising immediately above the stem junction; a large gland on the rachis at or slightly below each pinnae pair or sometimes absent from the lower 1–2 pairs; pinnules (4–)8–24 pairs, (3–)5–8 mm long, 0.5–1.5 mm wide; pod broadly oblong, 4–10 cm long, 8–15 mm wide, scarcely constricted between the seeds"	"Acacia baileyana"
8	"Stipules prominent and spiny"	"Acacia paradoxa"
8	"Stipules absent, or caducous, or when present, small and membranous"	9
9	"Phyllodes rigid, the apex sharp"	10
9	"Phyllodes leathery, the apex blunt or pointed but not sharp"	21
10	"Flowers in spherical heads, solitary"	11
10	"Flowers in spikes or racemes"	15
11	"Penultimate and older branchlets with prominent lenticels or bark breaking into small ± rectangular flakes"	"Acacia siculiformis"
11	"Bark not as above (generally smooth)"	12
12	"Ultimate branchlets green, angled; phyllodes prominently angled with a decurrent ridge below their insertion"	"Acacia genistifolia"
12	"Ultimate branchlets brown, ± terete; no prominent ridge below the phyllodes"	13
13	"Phyllodes narrow-linear, not noticeably wider near the base; flowers 1-6 per head"	"Acacia axillaris"
13	"Phyllodes asymmetrical, broadly or narrowly triangular, distinctly broader at the base; flowers more than 20 per head"	14
14	"Phyllodes with the upper margin bent in a distinct angle, with a prominent gland on adaxial margin"	"Acacia gunnii"
14	"Phyllodes narrowly triangular but not sharply bent, gland obscure or absent on adaxial margin"	"Acacia ulicifolia"
15	"Flowers in spikes"	16
15	"Flowers in spherical heads in racemes or spikes"	20
16	"Phyllodes clustered into whorls or false whorls"	"Acacia verticillata"
16	"Phyllodes scattered or in clusters on one side of the stem (but not in distinct whorls)"	17
17	"Flowers in very short spikes, sessile or on very short peduncles"	"Acacia axillaris"
17	"Flowers not as above"	18
18	"Phyllodes in false whorls, scattered along branches; flowers in small ovoid heads; procumbent shrub to ca. 60 cm tall, with few straggly-spreading branches; usually near-coastal in sandy heathy vegetation"	"Acacia verticillata subsp. ovoidea"
18	"Plant not as above"	19
19	"Phyllodes <12 times as long as wide, in clusters of 3-6"	"Acacia riceana"
19	"Phyllodes >12 times as long as wide, scattered along the stem"	"Acacia derwentiana"
20	"Phyllodes usually glaucous; flowers about 15 per head; tall shrub to small tree"	"Acacia pataczekii"
20	"Phyllodes glossy; flowers 3-6 per head; low to medium shrub"	"Acacia myrtifolia"
21	"Flowers in cylindrical spikes"	22
21	"Flowers in spherical heads that may be solitary or in racemes"	27
22	"Phyllodes relatively broad (>1 cm wide)"	"Acacia longifolia"
22	"Phyllodes narrow and more elongated (<1 cm wide)"	23
23	"Phyllodes <5 mm wide"	24
23	"Phyllodes >5 mm wide"	26
24	"Phyllodes blunt (sometimes with a small mucro but not pungent or sharp)"	"Acacia mucronata"
24	"Phyllodes with sharp (sometimes pungent) apex"	25
25	"Phyllodes <12 times as long as wide, in clusters of 3-6"	"Acacia riceana"
25	"Phyllodes >12 times as long as wide, scattered along the stem"	"Acacia derwentiana"
26	"Phyllodes flexible and moderately soft, apex acute; phyllodes without a gland"	"Acacia floribunda"
26	"Phyllodes leathery, apex more or less rounded, apart from the mucro, phyllodes with a gland on the upper edge, about 5-10 mm above the base"	"Acacia mucronata"
27	"Flowers in solitary heads, often 2 or 3 at each node"	28
27	"Flowers mostly in axillary racemes"	30
28	"Phyllodes with one main vein, glaucous or glossy but not viscid"	"Acacia stricta"
28	"Phyllodes viscid, with 2 or 3 prominent veins"	29
29	"Phyllodes large (>4 cm long and >1 cm wide)"	"Acacia leprosa var. graveolens"
29	"Phyllodes small (<3 cm long and <1 cm wide)"	"Acacia howittii"
30	"Phyllodes triangular and strongly asymmetrical, held out at right angles from the stem"	"Acacia pravissima"
30	"Phyllodes only weakly asymmetrical, not distinctly triangular"	31
31	"Phyllodes with several main veins"	"Acacia melanoxylon"
31	"Phyllodes with only one prominent longitudinal vein"	32
32	"Small branchlets cylindrical; phyllodes large (>9 cm long and >1 cm wide) usually distinctly curved)"	"Acacia pycnantha"
32	"Small branchlets angled; phyllodes either <9 cm long or distinctly narrow"	33
33	"Phyllodes <5 times as long as wide"	34
33	"Phyllodes long and narrow (>6 times as long as wide)"	35
34	"Flowers 3-6 per head; phyllodes glossy; low to medium shrub"	"Acacia myrtifolia"
34	"Flowers about 15 per head; phyllodes usually glaucous (or grey-green); tall shrub to small tree"	"Acacia pataczekii"
35	"Young inflorescence covered by prominent overlapping bracts; sepals free; seeds transverse or longitudinal in pod"	36
35	"Young inflorescence not covered by overlapping bracts; sepals usually united; seeds longitudinal in pod"	37
36	"Flowers 3-10 per head; flower heads on peduncles up to 5 mm long; seeds transverse in pod; branchlets distinctly angled"	"Acacia suaveolens"
36	"Flowers 12–17-per head; flower heads on peduncles 6–10 mm long; seeds longitudinal in pod; branchlets angled only at extremities"	"Acacia iteaphylla"
37	"Non-suckering habit; phyllodes uncrowded ca. 10-20 mm apart; branchlets often lightly pruinose; flowers golden yellow (rarely pale yellow); flowers 30-50 per head (range: 18-54)"	"Acacia provincialis"
37	"Plant not as above"	38
38	"Erect shrub to tree; bark rough, black to dark brown; phyllode (50-)60-160 mm long, apex uncinate; ovary glabrous; pod 8-11 mm wide"	"Acacia retinodes"
38	"Rounded multi-branched shrub to tree; bark smooth-fissured, grey to dark brown; phyllodes (25-)30-75(-80) mm long, apex uncinate or greatly so (recurved); ovary hairy; pod 5-7 mm wide"	"Acacia uncifolia"
