from	statement	to
1	"Leaf apex acuminate, pungent; anthers without a sterile tip"	2
1	"Leaf apex acute, mucronate, or with a short callous tip, blunt; anthers with or without a sterile tip"	3
2	"Prostrate or decumbent plant; flowers solitary"	"Leucopogon fraseri"
2	"Erect plant; flowers 2 or 3 together (or 1 + a rudiment)"	"Leucopogon esquamatus"
3	"Leaves flat, mostly 12 mm long or longer"	4
3	"Leaves concave or the margins reflexed, usually < 12 mm long"	6
4	"Floral spike interrupted; drupe red"	"Leucopogon affinis"
4	"Floral spike dense; drupe white or yellowish"	5
5	"Leaves up to 2 cm long (rarely longer), spreading; drupe globular, creamy-white"	"Leucopogon parviflorus"
5	"Leaves mostly 3-4 cm long, ± erect; drupe flattened dorsiventrally, yellow"	"Leucopogon australis"
6	"Leaves sub-erect to erect, concave or the margins involute"	"Leucopogon virgatus"
6	"Leaves sub-erect to spreading, ± flat or the margins recurved"	7
7	"Plant of erect habit, mostly > 30 cm high"	8
7	"Plant of diffuse, prostrate or decumbent habit, usually < 10 cm high"	9
8	"Floral spikes terminal or crowded on a few short axillary branchlets near the branch tips; anthers with sterile tips"	"Leucopogon collinus"
8	"Floral spikes axillary, ± open, extending down main branches; anthers without sterile tips"	"Leucopogon ericoides"
9	"Leaf margin ciliate-denticulate; branchlets scabrous to hispid; flowers in terminal spikes; fruit apex rounded with persistent style"	"Leucopogon oreophilus"
9	"Leaf margin long ciliate; branchlets sericeus; flowers in terminal or upper-axillary spikes; fruit flat-topped or apically depressed"	"Leucopogon pilifer"
