from	statement	to
1	"Flowers without petaloid staminodes"	2
1	"Flowers with petaloid staminodes"	4
2	"Leaves opposite; fruit a circumscissile capsule"	Zaleya
2	"Leaves alternate or clustered; fruit indehiscent or opening by slits or valves"	3
3	"Fruit indehiscent"	Tetragonia
3	"Fruit dehiscent"	Galenia
4	"Leaves flat"	Mesembryanthemum
4	"Leaves triquetrous or semiterete"	5
5	"Fruit fleshy when mature, indehiscent"	Carpobrotus
5	"Fruit a capsule, dry when mature, dehiscent"	6
6	"Plant erect or trailing, not rooting at nodes"	Drosanthemum
6	"Plant prostrate, rooting at nodes"	7
7	"Stems erect or ascending; leaves 0.9Ð1.4 cm long; flowers yellow"	Lampranthus
7	"Stems prostrate; leaves 2Ð5 cm long; flowers purple"	Disphyma
