from	statement	to
1	"Trunk thick, plant maturing when < 1.5 m in height. Scales reddish brown or dark brown to black on brown or black; stipe bases firm or crumbly; indusium absent or semi circular."	2
1	"Trunk slender, plant maturing when 7–8 m in height. Scales fawn on black, firm stipe bases; indusium hood-shaped. Restricted to several disjunct coastal locations"	"Cyathea cunninghamii"
2	"Trunk thick, plant maturing when < 1 m in height. Scales reddish brown on brown, firm stipe bases; indusium absent. Widespread in the north and east"	"Cyathea australis"
2	"Trunk very thick, plant maturing when 1–1.5 m in height. Scales dark brown to black on black, crumbly and ‘stringy (when broken) stipe bases; indusium semi circular and flattened. Very rare, localised in the north east and on King Island"	"Cyathea marcescens"
