from	statement	to
1	"Leaves opposite, simple, ternate or pinnate"	2
1	"Leaves alternate, simple"	5
2	"Stamens 4; leaves simple or ternate"	Zieria
2	"Stamens 8 or 10; leaves simple, ternate or pinnate"	3
3	"Petals 4, fused, if only at base; leaves simple"	Correa
3	"Petals 4-6, free; leaves simple, ternate or pinnate"	4
4	"Petals white, usually 5 (sometimes 4-petalled flowers terminating inflorescence); leaves ternate"	Acradenia
4	"Petals white or pink or purple or yellow and brown, 4; leaves simple, ternate or pinnate"	Boronia
5	"Branches and at least abaxial surface of the leaves densely lepidote; petals 5"	6
5	"Branches and leaves puberulous or glabrous; petals 4 or 5"	7
6	"Inflorescence axillary, cymose"	Nematolepis
6	"Inflorescence terminal, umbellate"	Phebalium
7	"Stamens 5, staminodes 5"	Coleonema
7	"Stamens 10, staminodes 0"	8
8	"Stamens pilose; petals 4-5"	Philotheca
8	"Stamens glabrous; petals 5"	Leionema
