from	statement	to
1	"Plant of erect habit; corolla tube c. equal to the calyx, sometimes shorter, lobes much longer than the tube"	"Pentachondra involucrata"
1	"Plant of prostrate habit; corolla tube much longer than the calyx, lobes shorter than the tube"	2
2	"Leaves half-spreading, elliptical-ovate, glabrous, margins ciliolate; fruit red, conspicuous"	"Pentachondra pumila"
2	"Leaves erect and often appressed, narrow-elliptical or linear, margins with spreading hairs; fruit mostly hidden, rarely seen"	"Pentachondra ericifolia"
