from	statement	to
1	"Leaf-blades bearing tubercular glands along margins; culms bearing a ring of glands below the nodes"	"Eragrostis cilianensis"
1	"Leaf-blades and culms not glandular"	2
2	"Pulvini in axil of panicle branches bearded"	3
2	"Pulvini in axil of panicle branches not bearded"	"Eragrostis molybdea"
3	"Leaf-blades flat, becoming folded or inrolled; lemmas divergent at maturity giving the spikelet a saw-toothed appearance; paleas curved; caryopsis laterally compressed"	"Eragrostis tenuifolia"
3	"Leaf-blades tightly inrolled with curling tips; lemmas not markedly divergent at maturity, paleas not markedly curved; caryopsis not laterally flattened"	"Eragrostis curvula"
