id	created_at	updated_at	title	author	description	item	spatial	remarks	source_id	created_by	updated_by	key_file
1570		"2013-03-25 10:16:31"	"Species of Trithuria"		"An aquatic or subaquatic genus of 12 species found in Australia (10 spp.), New Zealand (1 sp.) and India (1 sp.). Sokoloff (2008a) monographed the family and determined that the distinction between Trithuria and Hydatella could not be maintained and so combined them. Trithuria is the older name and so has priority even though the family name was based on Hydatella. Five species (4 endemic) are found in south-western Western Australia, four are confined to northern Australia, one is found across southern Australia, and one is endemic to Tasmania.
http://demo1.tmag.tas.gov.au/treatments/families/Hydatellaceae/Hydatellaceae.html"	Trithuria	Tasmania		1469	Matthew.Baker@tmag.tas.gov.au	niels.klazenga@rbg.vic.gov.au	key-1570-species-of-trithuria.tsv
1571		"2013-03-25 10:20:33"	"Species of Cassytha"			Cassytha	Tasmania		1470	Matthew.Baker@tmag.tas.gov.au	Matthew.Baker@tmag.tas.gov.au	key-1571-species-of-cassytha.tsv
1572		"2013-03-25 10:22:42"	"Genera of Papaveraceae"			Papaveraceae	Tasmania		1471	Matthew.Baker@tmag.tas.gov.au	Matthew.Baker@tmag.tas.gov.au	key-1572-genera-of-papaveraceae.tsv
1573		"2013-03-27 09:45:12"	"Species of Papaver"			Papaver	Tasmania		1472	Matthew.Baker@tmag.tas.gov.au	Matthew.Baker@tmag.tas.gov.au	key-1573-species-of-papaver.tsv
1575		"2013-03-25 15:27:46"	"Genera of Fumariaceae"			Fumariaceae	Tasmania		1473	Matthew.Baker@tmag.tas.gov.au	Matthew.Baker@tmag.tas.gov.au	key-1575-genera-of-fumariaceae.tsv
1576		"2013-03-25 15:31:37"	"Species of Fumaria"			Fumaria	Tasmania		1474	Matthew.Baker@tmag.tas.gov.au	Matthew.Baker@tmag.tas.gov.au	key-1576-species-of-fumaria.tsv
1577		"2013-03-26 09:28:35"	"Genera of Berberidaceae"			Berberidaceae	Tasmania		1475	Matthew.Baker@tmag.tas.gov.au	Matthew.Baker@tmag.tas.gov.au	key-1577-genera-of-berberidaceae.tsv
1578		"2013-03-26 09:44:17"	"Genera of Ranunculaceae"			Ranunculaceae	Tasmania		1476	Matthew.Baker@tmag.tas.gov.au	Matthew.Baker@tmag.tas.gov.au	key-1578-genera-of-ranunculaceae.tsv
1579		"2013-03-26 09:47:01"	"Species of Clematis"			Clematis	Tasmania		1477	Matthew.Baker@tmag.tas.gov.au	Matthew.Baker@tmag.tas.gov.au	key-1579-species-of-clematis.tsv
1580		"2013-03-26 09:49:11"	"Species of Ranunculus"			Ranunculus	Tasmania		1478	Matthew.Baker@tmag.tas.gov.au	Matthew.Baker@tmag.tas.gov.au	key-1580-species-of-ranunculus.tsv
1582		"2013-03-27 09:35:55"	"Species of Lythrum"			Lythrum	Tasmania		1480	Matthew.Baker@tmag.tas.gov.au	Matthew.Baker@tmag.tas.gov.au	key-1582-species-of-lythrum.tsv
1583		"2013-03-27 09:44:11"	"Genera of Urticaceae"			Urticaceae	Tasmania		1481	Matthew.Baker@tmag.tas.gov.au	Matthew.Baker@tmag.tas.gov.au	key-1583-genera-of-urticaceae.tsv
1584		"2013-03-27 09:47:00"	"Species of Urtica"			Urtica	Tasmania		1482	Matthew.Baker@tmag.tas.gov.au	Matthew.Baker@tmag.tas.gov.au	key-1584-species-of-urtica.tsv
1585		"2013-03-27 09:49:07"	"Species of Parietaria"			Parietaria	Tasmania		1483	Matthew.Baker@tmag.tas.gov.au	Matthew.Baker@tmag.tas.gov.au	key-1585-species-of-parietaria.tsv
1586		"2013-04-03 14:01:00"	"Genera of Curcurbitaceae"			Curcurbitaceae	Tasmania		1484	Matthew.Baker@tmag.tas.gov.au	Matthew.Baker@tmag.tas.gov.au	key-1586-genera-of-curcurbitaceae.tsv
1587		"2013-04-03 14:13:18"	"Species of Nothofagus"			Nothofagus	Tasmania		1485	Matthew.Baker@tmag.tas.gov.au	Matthew.Baker@tmag.tas.gov.au	key-1587-species-of-nothofagus.tsv
1588		"2013-04-03 14:18:48"	"Species of Allocasuarina"			Allocasuarina	Tasmania		1486	Matthew.Baker@tmag.tas.gov.au	Matthew.Baker@tmag.tas.gov.au	key-1588-species-of-allocasuarina.tsv
1589		"2013-04-03 14:25:17"	"Species of Oxalis"			Oxalis	Tasmania		1487	Matthew.Baker@tmag.tas.gov.au	Matthew.Baker@tmag.tas.gov.au	key-1589-species-of-oxalis.tsv
1590		"2013-04-04 10:31:15"	"Genera of Elaeocarpaceae"			Elaeocarpaceae	Tasmania		1488	Matthew.Baker@tmag.tas.gov.au	Matthew.Baker@tmag.tas.gov.au	key-1590-genera-of-elaeocarpaceae.tsv
1591		"2013-04-04 11:01:32"	"Species of Tetratheca"			Tetratheca	Tasmania		1489	Matthew.Baker@tmag.tas.gov.au	Matthew.Baker@tmag.tas.gov.au	key-1591-species-of-tetratheca.tsv
1592		"2013-04-08 10:33:33"	"Subspecies of Tetratheca pilosa"			"Tetratheca pilosa"	Tasmania		1490	Matthew.Baker@tmag.tas.gov.au	Matthew.Baker@tmag.tas.gov.au	key-1592-subspecies-of-tetratheca-pilosa.tsv
1593		"2013-04-08 10:44:57"	"Genera of Cunoniaceae"			Cunoniaceae	Tasmania		1491	Matthew.Baker@tmag.tas.gov.au	Matthew.Baker@tmag.tas.gov.au	key-1593-genera-of-cunoniaceae.tsv
1594		"2013-04-08 10:49:50"	"Species of Eucryphia"			Eucryphia	Tasmania		1492	Matthew.Baker@tmag.tas.gov.au	Matthew.Baker@tmag.tas.gov.au	key-1594-species-of-eucryphia.tsv
1595		"2013-04-08 10:59:06"	"Subspecies of Eucryphia milliganii"			"Eucryphia milliganii"	Tasmania		1493	Matthew.Baker@tmag.tas.gov.au	Matthew.Baker@tmag.tas.gov.au	key-1595-subspecies-of-eucryphia-milliganii.tsv
1596		"2013-04-09 10:57:01"	"Species of Linum"			Linaceae	Tasmania		1494	Matthew.Baker@tmag.tas.gov.au	Matthew.Baker@tmag.tas.gov.au	key-1596-species-of-linum.tsv
1597		"2013-04-09 11:02:02"	"Genera of Violaceae"			Violaceae	Tasmania		1495	Matthew.Baker@tmag.tas.gov.au	Matthew.Baker@tmag.tas.gov.au	key-1597-genera-of-violaceae.tsv
1598		"2018-05-24 10:43:48"	"Species of Viola"	"M.F. de Salas"	"Key to <i>Viola</i> species in Tasmania"	Viola	Tasmania		3528	Matthew.Baker@tmag.tas.gov.au	miguel.desalas@tmag.tas.gov.au	key-1598-species-of-viola.tsv
1599		"2013-04-09 11:10:13"	"Subspecies of Viola hederacea"			"Viola hederacea"	Tasmania		1497	Matthew.Baker@tmag.tas.gov.au	Matthew.Baker@tmag.tas.gov.au	key-1599-subspecies-of-viola-hederacea.tsv
1600		"2013-04-09 14:29:18"	"Genera of Salicaceae"			Salicaceae	Tasmania		1498	Matthew.Baker@tmag.tas.gov.au	Matthew.Baker@tmag.tas.gov.au	key-1600-genera-of-salicaceae.tsv
1601		"2013-04-10 10:58:55"	"Species of Populus"			Populus	Tasmania		1499	Matthew.Baker@tmag.tas.gov.au	Matthew.Baker@tmag.tas.gov.au	key-1601-species-of-populus.tsv
1602		"2013-04-10 11:17:29"	"Species of Salix"			Salix	Tasmania		1500	Matthew.Baker@tmag.tas.gov.au	Matthew.Baker@tmag.tas.gov.au	key-1602-species-of-salix.tsv
1603		"2013-04-10 11:20:23"	"Subspecies of Salix cinerea"			"Salix cinerea"	Tasmania		1501	Matthew.Baker@tmag.tas.gov.au	Matthew.Baker@tmag.tas.gov.au	key-1603-subspecies-of-salix-cinerea.tsv
1612		"2013-05-02 09:15:12"	"Species of Passiflora"			Passiflora	Tasmania		1510	Matthew.Baker@tmag.tas.gov.au	Matthew.Baker@tmag.tas.gov.au	key-1612-species-of-passiflora.tsv
1613		"2013-05-02 09:20:13"	"Species of Reseda"			Reseda	Tasmania		1511	Matthew.Baker@tmag.tas.gov.au	Matthew.Baker@tmag.tas.gov.au	key-1613-species-of-reseda.tsv
1614		"2013-05-02 09:33:15"	"Genera of Sapindaceae"			Sapindaceae	Tasmania		1512	Matthew.Baker@tmag.tas.gov.au	Matthew.Baker@tmag.tas.gov.au	key-1614-genera-of-sapindaceae.tsv
1615		"2013-05-02 09:35:33"	"Species of Dodonaea"			Dodonaea	Tasmania		1513	Matthew.Baker@tmag.tas.gov.au	Matthew.Baker@tmag.tas.gov.au	key-1615-species-of-dodonaea.tsv
1616		"2013-05-02 09:40:23"	"Genera of Rutaceae"			Rutaceae	Tasmania		1514	Matthew.Baker@tmag.tas.gov.au	Matthew.Baker@tmag.tas.gov.au	key-1616-genera-of-rutaceae.tsv
1617		"2013-05-13 12:44:00"	"Species of Boronia"			Boronia	Tasmania		1515	Matthew.Baker@tmag.tas.gov.au	Matthew.Baker@tmag.tas.gov.au	key-1617-species-of-boronia.tsv
1618		"2013-05-13 12:54:03"	"Subspecies of Boronia pilosa"			"Boronia pilosa"	Tasmania		1516	Matthew.Baker@tmag.tas.gov.au	Matthew.Baker@tmag.tas.gov.au	key-1618-subspecies-of-boronia-pilosa.tsv
1619		"2013-05-13 12:56:05"	"Subspecies of Boronia citriodora"			"Boronia citriodora"	Tasmania		1517	Matthew.Baker@tmag.tas.gov.au	Matthew.Baker@tmag.tas.gov.au	key-1619-subspecies-of-boronia-citriodora.tsv
1620		"2013-05-13 13:37:25"	"Varieties of Boronia nana"			"Boronia nana"	Tasmania		1518	Matthew.Baker@tmag.tas.gov.au	Matthew.Baker@tmag.tas.gov.au	key-1620-varieties-of-boronia-nana.tsv
1621		"2013-05-13 13:02:40"	"Species of Zieria"			Zieria	Tasmania		1519	Matthew.Baker@tmag.tas.gov.au	Matthew.Baker@tmag.tas.gov.au	key-1621-species-of-zieria.tsv
1622		"2013-05-13 13:05:03"	"Species of Correa"			Correa	Tasmania		1520	Matthew.Baker@tmag.tas.gov.au	Matthew.Baker@tmag.tas.gov.au	key-1622-species-of-correa.tsv
1623		"2013-05-13 13:36:44"	"Varieties of Correa alba"			"Correa alba"	Tasmania		1521	Matthew.Baker@tmag.tas.gov.au	Matthew.Baker@tmag.tas.gov.au	key-1623-varieties-of-correa-alba.tsv
1624		"2013-05-13 13:38:00"	"Varieties of Correa reflexa"			"Correa reflexa"	Tasmania		1522	Matthew.Baker@tmag.tas.gov.au	Matthew.Baker@tmag.tas.gov.au	key-1624-varieties-of-correa-reflexa.tsv
1625		"2013-05-13 13:12:14"	"Species of Philotheca"			Philotheca	Tasmania		1523	Matthew.Baker@tmag.tas.gov.au	Matthew.Baker@tmag.tas.gov.au	key-1625-species-of-philotheca.tsv
1626		"2013-05-13 13:14:27"	"Species of Leionema"			Leionema	Tasmania		1524	Matthew.Baker@tmag.tas.gov.au	Matthew.Baker@tmag.tas.gov.au	key-1626-species-of-leionema.tsv
1627		"2013-05-13 13:16:42"	"Subspecies of Nematolepis squamea"			"Nematolepis squamea"	Tasmania		1525	Matthew.Baker@tmag.tas.gov.au	Matthew.Baker@tmag.tas.gov.au	key-1627-subspecies-of-nematolepis-squamea.tsv
1628		"2013-05-13 14:39:41"	"Genera of Santalaceae"			Santalaceae	Tasmania		1526	Matthew.Baker@tmag.tas.gov.au	Matthew.Baker@tmag.tas.gov.au	key-1628-genera-of-santalaceae.tsv
1629		"2013-05-13 17:22:24"	"Species of Exocarpos"			Exocarpos	Tasmania		1527	Matthew.Baker@tmag.tas.gov.au	Matthew.Baker@tmag.tas.gov.au	key-1629-species-of-exocarpos.tsv
1630		"2013-05-13 14:45:43"	"Species of Leptomeria"			Leptomeria	Tasmania		1528	Matthew.Baker@tmag.tas.gov.au	Matthew.Baker@tmag.tas.gov.au	key-1630-species-of-leptomeria.tsv
1631		"2013-05-13 14:50:08"	"Species of Hibbertia"			Hibbertia	Tasmania		1529	Matthew.Baker@tmag.tas.gov.au	Matthew.Baker@tmag.tas.gov.au	key-1631-species-of-hibbertia.tsv
1634		"2013-05-13 15:07:18"	"Genera of Polygonacaeae"			Polygonaceae	Tasmania		1532	Matthew.Baker@tmag.tas.gov.au	Matthew.Baker@tmag.tas.gov.au	key-1634-genera-of-polygonacaeae.tsv
1635		"2013-05-13 15:08:26"	"Species of Polygonum"			Polygonum	Tasmania		1533	Matthew.Baker@tmag.tas.gov.au	Matthew.Baker@tmag.tas.gov.au	key-1635-species-of-polygonum.tsv
1636		"2013-05-13 17:24:05"	"Species of Persicaria"			Persicaria	Tasmania		1534	Matthew.Baker@tmag.tas.gov.au	Matthew.Baker@tmag.tas.gov.au	key-1636-species-of-persicaria.tsv
1637		"2013-05-13 15:10:15"	"Species of Fallopia"			Fallopia	Tasmania		1535	Matthew.Baker@tmag.tas.gov.au	Matthew.Baker@tmag.tas.gov.au	key-1637-species-of-fallopia.tsv
1638		"2013-05-13 15:11:01"	"Species of Muehlenbeckia"			Muehlenbeckia	Tasmania		1536	Matthew.Baker@tmag.tas.gov.au	Matthew.Baker@tmag.tas.gov.au	key-1638-species-of-muehlenbeckia.tsv
1639		"2013-05-13 15:11:44"	"Species of Rumex"			Rumex	Tasmania		1537	Matthew.Baker@tmag.tas.gov.au	Matthew.Baker@tmag.tas.gov.au	key-1639-species-of-rumex.tsv
1640		"2018-05-24 10:37:57"	"Species of Drosera"	"M.F. de Salas"	"Key to <i>Drosera</i> species in Tasmania"	Drosera	Tasmania	"Modified from de Salas (Muelleria 36: 105 [2018]) which has a mistake in the first couplet."	3527	Matthew.Baker@tmag.tas.gov.au	miguel.desalas@tmag.tas.gov.au	key-1640-species-of-drosera.tsv
1641		"2013-05-13 15:41:29"	"Genera of Amaranthaceae"			Amaranthaceae	Tasmania		1539	Matthew.Baker@tmag.tas.gov.au	Matthew.Baker@tmag.tas.gov.au	key-1641-genera-of-amaranthaceae.tsv
1642		"2013-05-13 15:43:03"	"Species of Amaranthus"			Amaranthus	Tasmania		1540	Matthew.Baker@tmag.tas.gov.au	Matthew.Baker@tmag.tas.gov.au	key-1642-species-of-amaranthus.tsv
1643		"2013-05-13 15:43:32"	"Species of Atriplex"			Atriplex	Tasmania		1541	Matthew.Baker@tmag.tas.gov.au	Matthew.Baker@tmag.tas.gov.au	key-1643-species-of-atriplex.tsv
1644		"2018-06-05 12:38:47"	"Species of Chenopodium"			Chenopodium	Tasmania		1542	Matthew.Baker@tmag.tas.gov.au	Matthew.Baker@tmag.tas.gov.au	key-1644-species-of-chenopodium.tsv
1645		"2013-05-13 15:44:29"	"Species of Dysphania"			Dysphania	Tasmania		1543	Matthew.Baker@tmag.tas.gov.au	Matthew.Baker@tmag.tas.gov.au	key-1645-species-of-dysphania.tsv
1646		"2013-05-13 15:44:57"	"Species of Sarcocornia"			Sarcocornia	Tasmania		1544	Matthew.Baker@tmag.tas.gov.au	Matthew.Baker@tmag.tas.gov.au	key-1646-species-of-sarcocornia.tsv
1647		"2013-05-13 15:45:38"	"Subspecies of Sarcocornia quinqueflora"			"Sarcocornia quinqueflora"	Tasmania		1545	Matthew.Baker@tmag.tas.gov.au	Matthew.Baker@tmag.tas.gov.au	key-1647-subspecies-of-sarcocornia-quinqueflora.tsv
1648		"2013-05-13 15:46:05"	"Species of Suaeda"			Suaeda	Tasmania		1546	Matthew.Baker@tmag.tas.gov.au	Matthew.Baker@tmag.tas.gov.au	key-1648-species-of-suaeda.tsv
1649		"2013-05-13 15:53:53"	"Genera of Portulacaceae"			Portulacaceae	Tasmania		1547	Matthew.Baker@tmag.tas.gov.au	Matthew.Baker@tmag.tas.gov.au	key-1649-genera-of-portulacaceae.tsv
1650		"2013-05-13 15:54:41"	"Species of Calandrinia"			Calandrinia	Tasmania		1548	Matthew.Baker@tmag.tas.gov.au	Matthew.Baker@tmag.tas.gov.au	key-1650-species-of-calandrinia.tsv
1651		"2013-05-13 15:55:20"	"Species of Montia"			Montia	Tasmania		1549	Matthew.Baker@tmag.tas.gov.au	Matthew.Baker@tmag.tas.gov.au	key-1651-species-of-montia.tsv
1652		"2013-05-13 15:55:51"	"Subspecies of Montia fontana"			Montia	Tasmania		1550	Matthew.Baker@tmag.tas.gov.au	Matthew.Baker@tmag.tas.gov.au	key-1652-subspecies-of-montia-fontana.tsv
1653		"2013-05-13 16:02:54"	"Genera of Aizoaceae"			Aizoaceae	Tasmania		1551	Matthew.Baker@tmag.tas.gov.au	Matthew.Baker@tmag.tas.gov.au	key-1653-genera-of-aizoaceae.tsv
1654		"2013-05-13 17:25:04"	"Species of Mesembryanthemum"			Mesembryanthemum	Tasmania		1552	Matthew.Baker@tmag.tas.gov.au	Matthew.Baker@tmag.tas.gov.au	key-1654-species-of-mesembryanthemum.tsv
1655		"2013-05-13 16:04:16"	"Species of Carpobrotus"			Carpobrotus	Tasmania		1553	Matthew.Baker@tmag.tas.gov.au	Matthew.Baker@tmag.tas.gov.au	key-1655-species-of-carpobrotus.tsv
1656		"2013-05-13 17:26:07"	"Species of Tetragonia"			Tetragonia	Tasmania		1554	Matthew.Baker@tmag.tas.gov.au	Matthew.Baker@tmag.tas.gov.au	key-1656-species-of-tetragonia.tsv
1657		"2013-05-13 16:21:55"	"Genera of Convolvulaceae"			Convolvulaceae	Tasmania		1555	Matthew.Baker@tmag.tas.gov.au	Matthew.Baker@tmag.tas.gov.au	key-1657-genera-of-convolvulaceae.tsv
1658		"2013-05-13 16:21:28"	"Species of Cuscuta"			Cuscuta	Tasmania		1556	Matthew.Baker@tmag.tas.gov.au	Matthew.Baker@tmag.tas.gov.au	key-1658-species-of-cuscuta.tsv
1659		"2013-05-13 16:21:03"	"Species of Wilsonia"			Wilsonia	Tasmania		1557	Matthew.Baker@tmag.tas.gov.au	Matthew.Baker@tmag.tas.gov.au	key-1659-species-of-wilsonia.tsv
1660		"2013-05-13 16:20:42"	"Species of Convolvulus"			Convolvulus	Tasmania		1558	Matthew.Baker@tmag.tas.gov.au	Matthew.Baker@tmag.tas.gov.au	key-1660-species-of-convolvulus.tsv
1661		"2013-05-13 17:27:36"	"Species of Calystegia"			Calystegia	Tasmania		1559	Matthew.Baker@tmag.tas.gov.au	Matthew.Baker@tmag.tas.gov.au	key-1661-species-of-calystegia.tsv
1662		"2013-05-13 16:19:23"	"Genera of Oleaceae"			Oleaceae	Tasmania		1560	Matthew.Baker@tmag.tas.gov.au	Matthew.Baker@tmag.tas.gov.au	key-1662-genera-of-oleaceae.tsv
1663		"2013-05-13 16:26:58"	"Genera of Stylidiaceae"			Stylidiaceae	Tasmania		1561	Matthew.Baker@tmag.tas.gov.au	Matthew.Baker@tmag.tas.gov.au	key-1663-genera-of-stylidiaceae.tsv
1664		"2013-05-13 17:29:46"	"Species of Stylidium"			Stylidium	Tasmania		1562	Matthew.Baker@tmag.tas.gov.au	Matthew.Baker@tmag.tas.gov.au	key-1664-species-of-stylidium.tsv
1665		"2013-05-13 16:34:12"	"Genera of Menyanthaceae"			Menyanthaceae	Tasmania		1563	Matthew.Baker@tmag.tas.gov.au	Matthew.Baker@tmag.tas.gov.au	key-1665-genera-of-menyanthaceae.tsv
1666		"2013-05-13 16:35:01"	"Species of Villarsia"			Villarsia	Tasmania		1564	Matthew.Baker@tmag.tas.gov.au	Matthew.Baker@tmag.tas.gov.au	key-1666-species-of-villarsia.tsv
1667		"2013-05-13 16:35:37"	"Species of Nymphoides"			Nymphoides	Tasmania		1565	Matthew.Baker@tmag.tas.gov.au	Matthew.Baker@tmag.tas.gov.au	key-1667-species-of-nymphoides.tsv
1668		"2013-05-13 17:31:10"	"Genera of Goodeniaceae"			Goodeniaceae	Tasmania		1566	Matthew.Baker@tmag.tas.gov.au	Matthew.Baker@tmag.tas.gov.au	key-1668-genera-of-goodeniaceae.tsv
1669		"2013-05-13 17:33:03"	"Species of Goodenia"			Goodenia	Tasmania		1567	Matthew.Baker@tmag.tas.gov.au	Matthew.Baker@tmag.tas.gov.au	key-1669-species-of-goodenia.tsv
1670		"2013-05-13 17:15:07"	"Species of Scaevola"			Scaevola	Tasmania		1568	Matthew.Baker@tmag.tas.gov.au	Matthew.Baker@tmag.tas.gov.au	key-1670-species-of-scaevola.tsv
1671		"2013-05-13 17:15:39"	"Species of Velleia"			Velleia	Tasmania		1569	Matthew.Baker@tmag.tas.gov.au	Matthew.Baker@tmag.tas.gov.au	key-1671-species-of-velleia.tsv
1672		"2013-05-13 17:18:20"	"Genera of Escalloniaceae"			Escalloniaceae	Tasmania		1570	Matthew.Baker@tmag.tas.gov.au	Matthew.Baker@tmag.tas.gov.au	key-1672-genera-of-escalloniaceae.tsv
1673		"2013-05-13 17:20:29"	"Genera of Dipsacaceae"			Dipsacaceae	Tasmania		1571	Matthew.Baker@tmag.tas.gov.au	Matthew.Baker@tmag.tas.gov.au	key-1673-genera-of-dipsacaceae.tsv
1674		"2013-05-14 12:58:39"	"Subspecies of Persoonia muelleri"		"This key has been extracted from the unpublished <a href=""http://demo1.tmag.tas.gov.au/index.html"">Flora of Tasmania Online</a> account for the family Proteaceae "	"Persoonia muelleri"	Tasmania		1572	Matthew.Baker@tmag.tas.gov.au	Matthew.Baker@tmag.tas.gov.au	key-1674-subspecies-of-persoonia-muelleri.tsv
1675		"2013-05-14 13:01:13"	"Genera of Proteaceae"		"This key has been extracted from the unpublished <a href=""http://demo1.tmag.tas.gov.au/index.html"">Flora of Tasmania Online</a> account for the family Proteaceae "	Proteaceae	Tasmania		1573	Matthew.Baker@tmag.tas.gov.au	Matthew.Baker@tmag.tas.gov.au	key-1675-genera-of-proteaceae.tsv
1676		"2013-05-14 13:02:07"	"Species of Persoonia"		"This key has been extracted from the unpublished <a href=""http://demo1.tmag.tas.gov.au/index.html"">Flora of Tasmania Online</a> account for the family Proteaceae "	Persoonia	Tasmania		1574	Matthew.Baker@tmag.tas.gov.au	Matthew.Baker@tmag.tas.gov.au	key-1676-species-of-persoonia.tsv
1677		"2013-05-14 13:02:47"	"Species of Orites"		"This key has been extracted from the unpublished <a href=""http://demo1.tmag.tas.gov.au/index.html"">Flora of Tasmania Online</a> account for the family Proteaceae "	Orites	Tasmania		1575	Matthew.Baker@tmag.tas.gov.au	Matthew.Baker@tmag.tas.gov.au	key-1677-species-of-orites.tsv
1678		"2013-05-14 13:03:19"	"Species of Banksia"		"This key has been extracted from the unpublished <a href=""http://demo1.tmag.tas.gov.au/index.html"">Flora of Tasmania Online</a> account for the family Proteaceae "	Banksia	Tasmania		1576	Matthew.Baker@tmag.tas.gov.au	Matthew.Baker@tmag.tas.gov.au	key-1678-species-of-banksia.tsv
1679		"2013-05-14 13:03:47"	"Species of Lomatia"		"This key has been extracted from the unpublished <a href=""http://demo1.tmag.tas.gov.au/index.html"">Flora of Tasmania Online</a> account for the family Proteaceae "	Lomatia	Tasmania		1577	Matthew.Baker@tmag.tas.gov.au	Matthew.Baker@tmag.tas.gov.au	key-1679-species-of-lomatia.tsv
1680		"2013-05-14 13:04:20"	"Species of Grevillea"		"This key has been extracted from the unpublished <a href=""http://demo1.tmag.tas.gov.au/index.html"">Flora of Tasmania Online</a> account for the family Proteaceae "	Grevillea	Tasmania		1578	Matthew.Baker@tmag.tas.gov.au	Matthew.Baker@tmag.tas.gov.au	key-1680-species-of-grevillea.tsv
1681		"2013-05-14 15:02:44"	"Species of Hakea"		"This key has been extracted from the unpublished <a href=""http://demo1.tmag.tas.gov.au/index.html"">Flora of Tasmania Online</a> account for the family Proteaceae "	Hakea	Tasmania		1579	Matthew.Baker@tmag.tas.gov.au	Matthew.Baker@tmag.tas.gov.au	key-1681-species-of-hakea.tsv
1682		"2013-05-14 13:05:53"	"Subspecies of Hakea decurrens"		"This key has been extracted from the unpublished <a href=""http://demo1.tmag.tas.gov.au/index.html"">Flora of Tasmania Online</a> account for the family Proteaceae "	"Hakea decurrens"	Tasmania		1580	Matthew.Baker@tmag.tas.gov.au	Matthew.Baker@tmag.tas.gov.au	key-1682-subspecies-of-hakea-decurrens.tsv
1683		"2013-05-14 13:06:28"	"Subspecies of Hakea epiglottis"		"This key has been extracted from the unpublished <a href=""http://demo1.tmag.tas.gov.au/index.html"">Flora of Tasmania Online</a> account for the family Proteaceae "	"Hakea epiglottis"	Tasmania		1581	Matthew.Baker@tmag.tas.gov.au	Matthew.Baker@tmag.tas.gov.au	key-1683-subspecies-of-hakea-epiglottis.tsv
1684		"2013-05-14 13:58:57"	"Genera of Myrtaceae"		"This key has been extracted from the unpublished <a href=""http://demo1.tmag.tas.gov.au/index.html"">Flora of Tasmania Online</a> account for the family Myrtaceae "	Myrtaceae	Tasmania		1582	Matthew.Baker@tmag.tas.gov.au	Matthew.Baker@tmag.tas.gov.au	key-1684-genera-of-myrtaceae.tsv
1685		"2013-05-14 13:59:55"	"Species of Baeckea"		"This key has been extracted from the unpublished <a href=""http://demo1.tmag.tas.gov.au/index.html"">Flora of Tasmania Online</a> account for the family Myrtaceae "	Baeckea	Tasmania		1583	Matthew.Baker@tmag.tas.gov.au	Matthew.Baker@tmag.tas.gov.au	key-1685-species-of-baeckea.tsv
1686		"2013-10-28 08:46:10"	"Species of Euryomyrtus"		"This key has been extracted from the unpublished <a href=""http://demo1.tmag.tas.gov.au/index.html"">Flora of Tasmania Online</a> account for the family Myrtaceae "	Euryomyrtus	Tasmania		1584	Matthew.Baker@tmag.tas.gov.au	Matthew.Baker@tmag.tas.gov.au	key-1686-species-of-euryomyrtus.tsv
1687		"2013-05-14 14:00:54"	"Species of Melaleuca"		"This key has been extracted from the unpublished <a href=""http://demo1.tmag.tas.gov.au/index.html"">Flora of Tasmania Online</a> account for the family Myrtaceae "	Melaleuca	Tasmania		1585	Matthew.Baker@tmag.tas.gov.au	Matthew.Baker@tmag.tas.gov.au	key-1687-species-of-melaleuca.tsv
1688		"2013-05-14 14:01:26"	"Species of Kunzea"		"This key has been extracted from the unpublished <a href=""http://demo1.tmag.tas.gov.au/index.html"">Flora of Tasmania Online</a> account for the family Myrtaceae "	Kunzea	Tasmania		1586	Matthew.Baker@tmag.tas.gov.au	Matthew.Baker@tmag.tas.gov.au	key-1688-species-of-kunzea.tsv
1689		"2013-05-14 14:01:57"	"Species of Leptospermum"		"This key has been extracted from the unpublished <a href=""http://demo1.tmag.tas.gov.au/index.html"">Flora of Tasmania Online</a> account for the family Myrtaceae "	Leptospermum	Tasmania		1587	Matthew.Baker@tmag.tas.gov.au	Matthew.Baker@tmag.tas.gov.au	key-1689-species-of-leptospermum.tsv
1690		"2013-05-14 14:54:04"	"Species of Eucalyptus"		"This key has been extracted from the unpublished <a href=""http://demo1.tmag.tas.gov.au/index.html"">Flora of Tasmania Online</a> account for the family Myrtaceae "	Eucalyptus	Tasmania		1588	Matthew.Baker@tmag.tas.gov.au	Matthew.Baker@tmag.tas.gov.au	key-1690-species-of-eucalyptus.tsv
1691		"2013-05-14 14:05:14"	"Subspecies of Eucalyptus cordata"		"This key has been extracted from the unpublished <a href=""http://demo1.tmag.tas.gov.au/index.html"">Flora of Tasmania Online</a> account for the family Myrtaceae "	"Eucalyptus cordata"	Tasmania		1589	Matthew.Baker@tmag.tas.gov.au	Matthew.Baker@tmag.tas.gov.au	key-1691-subspecies-of-eucalyptus-cordata.tsv
1692		"2013-05-14 14:05:38"	"Subspecies of Eucalyptus gunni"		"This key has been extracted from the unpublished <a href=""http://demo1.tmag.tas.gov.au/index.html"">Flora of Tasmania Online</a> account for the family Myrtaceae "	"Eucalyptus gunnii"	Tasmania		1590	Matthew.Baker@tmag.tas.gov.au	Matthew.Baker@tmag.tas.gov.au	key-1692-subspecies-of-eucalyptus-gunni.tsv
1693		"2013-05-14 14:06:03"	"Subspecies of Eucalyptus viminalis"		"This key has been extracted from the unpublished <a href=""http://demo1.tmag.tas.gov.au/index.html"">Flora of Tasmania Online</a> account for the family Myrtaceae "	"Eucalyptus viminalis"	Tasmania		1591	Matthew.Baker@tmag.tas.gov.au	Matthew.Baker@tmag.tas.gov.au	key-1693-subspecies-of-eucalyptus-viminalis.tsv
1694		"2013-05-14 14:55:14"	"Subspecies of Eucalyptus globulus"		"This key has been extracted from the unpublished <a href=""http://demo1.tmag.tas.gov.au/index.html"">Flora of Tasmania Online</a> account for the family Myrtaceae "	"Eucalyptus globulus"	Tasmania		1592	Matthew.Baker@tmag.tas.gov.au	Matthew.Baker@tmag.tas.gov.au	key-1694-subspecies-of-eucalyptus-globulus.tsv
1695		"2013-05-14 14:14:18"	"Genera of Geraniaceae"		"This key has been extracted from the unpublished <a href=""http://demo1.tmag.tas.gov.au/index.html"">Flora of Tasmania Online</a> account for the family Geraniaceae "	Geraniaceae	Tasmania		1593	Matthew.Baker@tmag.tas.gov.au	Matthew.Baker@tmag.tas.gov.au	key-1695-genera-of-geraniaceae.tsv
1696		"2013-05-14 14:57:23"	"Species of Pelargonium"		"This key has been extracted from the unpublished <a href=""http://demo1.tmag.tas.gov.au/index.html"">Flora of Tasmania Online</a> account for the family Geraniaceae "	Pelargonium	Tasmania		1594	Matthew.Baker@tmag.tas.gov.au	Matthew.Baker@tmag.tas.gov.au	key-1696-species-of-pelargonium.tsv
1697		"2013-05-14 14:59:34"	"Species of Erodium"		"This key has been extracted from the unpublished <a href=""http://demo1.tmag.tas.gov.au/index.html"">Flora of Tasmania Online</a> account for the family Geraniaceae "	Erodium	Tasmania		1595	Matthew.Baker@tmag.tas.gov.au	Matthew.Baker@tmag.tas.gov.au	key-1697-species-of-erodium.tsv
1698		"2013-05-14 14:16:34"	"Species of Geranium"		"This key has been extracted from the unpublished <a href=""http://demo1.tmag.tas.gov.au/index.html"">Flora of Tasmania Online</a> account for the family Geraniaceae "	Geranium	Tasmania		1596	Matthew.Baker@tmag.tas.gov.au	Matthew.Baker@tmag.tas.gov.au	key-1698-species-of-geranium.tsv
1699		"2013-05-14 14:21:16"	"Genera of Valerianaceae"		"This key has been extracted from the unpublished <a href=""http://demo1.tmag.tas.gov.au/index.html"">Flora of Tasmania Online</a> account for the family Valerianaceae "	Valerianaceae	Tasmania		1597	Matthew.Baker@tmag.tas.gov.au	Matthew.Baker@tmag.tas.gov.au	key-1699-genera-of-valerianaceae.tsv
1700		"2013-05-14 14:48:42"	"Species of Valerianella"		"This key has been extracted from the unpublished <a href=""http://demo1.tmag.tas.gov.au/index.html"">Flora of Tasmania Online</a> account for the family Valerianaceae "	Valerianella	Tasmania		1598	Matthew.Baker@tmag.tas.gov.au	Matthew.Baker@tmag.tas.gov.au	key-1700-species-of-valerianella.tsv
1701		"2013-05-14 14:29:35"	"Genera of Solanaceae"		"This key has been extracted from the unpublished <a href=""http://demo1.tmag.tas.gov.au/index.html"">Flora of Tasmania Online</a> account for the family Solanaceae "	Solanaceae	Tasmania		1599	Matthew.Baker@tmag.tas.gov.au	Matthew.Baker@tmag.tas.gov.au	key-1701-genera-of-solanaceae.tsv
1702		"2013-05-14 14:30:09"	"Species of Datura"		"This key has been extracted from the unpublished <a href=""http://demo1.tmag.tas.gov.au/index.html"">Flora of Tasmania Online</a> account for the family Solanaceae "	Datura	Tasmania		1600	Matthew.Baker@tmag.tas.gov.au	Matthew.Baker@tmag.tas.gov.au	key-1702-species-of-datura.tsv
1703		"2013-05-14 14:30:34"	"Species of Lycium"		"This key has been extracted from the unpublished <a href=""http://demo1.tmag.tas.gov.au/index.html"">Flora of Tasmania Online</a> account for the family Solanaceae "	Lycium	Tasmania		1601	Matthew.Baker@tmag.tas.gov.au	Matthew.Baker@tmag.tas.gov.au	key-1703-species-of-lycium.tsv
1704		"2013-05-14 14:31:01"	"Species of Solanum"		"This key has been extracted from the unpublished <a href=""http://demo1.tmag.tas.gov.au/index.html"">Flora of Tasmania Online</a> account for the family Solanaceae "	Solanum	Tasmania		1602	Matthew.Baker@tmag.tas.gov.au	Matthew.Baker@tmag.tas.gov.au	key-1704-species-of-solanum.tsv
1705		"2013-05-14 14:33:43"	"Genera of Polemoniaceae"		"This key has been extracted from the unpublished <a href=""http://demo1.tmag.tas.gov.au/index.html"">Flora of Tasmania Online</a> account for the family Polemoniaceae "	Polemoniaceae	Tasmania		1603	Matthew.Baker@tmag.tas.gov.au	Matthew.Baker@tmag.tas.gov.au	key-1705-genera-of-polemoniaceae.tsv
1706		"2013-05-14 14:49:21"	"Species of Limonium"		"This key has been extracted from the unpublished <a href=""http://demo1.tmag.tas.gov.au/index.html"">Flora of Tasmania Online</a> account for the family Plumbaginaceae "	Limonium	Tasmania		1604	Matthew.Baker@tmag.tas.gov.au	Matthew.Baker@tmag.tas.gov.au	key-1706-species-of-limonium.tsv
1707		"2013-05-14 14:39:34"	"Subspecies of Limonium australe"		"This key has been extracted from the unpublished <a href=""http://demo1.tmag.tas.gov.au/index.html"">Flora of Tasmania Online</a> account for the family Plumbaginaceae "	"Limonium australe"	Tasmania		1605	Matthew.Baker@tmag.tas.gov.au	Matthew.Baker@tmag.tas.gov.au	key-1707-subspecies-of-limonium-australe.tsv
1708		"2013-05-14 14:45:22"	"Genera of Thymelaeaceae"		"This key has been extracted from the unpublished <a href=""http://demo1.tmag.tas.gov.au/index.html"">Flora of Tasmania Online</a> account for the family Thymelaeaceae "	Thymelaeaceae	Tasmania		1606	Matthew.Baker@tmag.tas.gov.au	Matthew.Baker@tmag.tas.gov.au	key-1708-genera-of-thymelaeaceae.tsv
1709		"2013-05-14 14:46:05"	"Species of Pimelea"		"This key has been extracted from the unpublished <a href=""http://demo1.tmag.tas.gov.au/index.html"">Flora of Tasmania Online</a> account for the family Thymelaeaceae "	Pimelea	Tasmania		1607	Matthew.Baker@tmag.tas.gov.au	Matthew.Baker@tmag.tas.gov.au	key-1709-species-of-pimelea.tsv
1710		"2013-05-14 17:03:46"	"Subfamilies of Ericaceae"		"This key has been extracted from the unpublished <a href=""http://demo1.tmag.tas.gov.au/index.html"">Flora of Tasmania Online</a> account for the family Ericaceae "	Ericaceae	Tasmania		1608	Matthew.Baker@tmag.tas.gov.au	Matthew.Baker@tmag.tas.gov.au	key-1710-subfamilies-of-ericaceae.tsv
1711		"2013-05-14 17:03:22"	"Genera of Ericoideae"		"This key has been extracted from the unpublished <a href=""http://demo1.tmag.tas.gov.au/index.html"">Flora of Tasmania Online</a> account for the family Ericaceae "	Ericoideae	Tasmania		1609	Matthew.Baker@tmag.tas.gov.au	Matthew.Baker@tmag.tas.gov.au	key-1711-genera-of-ericoideae.tsv
1712		"2013-05-14 17:03:05"	"Species of Erica"		"This key has been extracted from the unpublished <a href=""http://demo1.tmag.tas.gov.au/index.html"">Flora of Tasmania Online</a> account for the family Ericaceae "	Erica	Tasmania		1610	Matthew.Baker@tmag.tas.gov.au	Matthew.Baker@tmag.tas.gov.au	key-1712-species-of-erica.tsv
1713		"2013-05-14 17:02:46"	"Species of Gaultheria"		"This key has been extracted from the unpublished <a href=""http://demo1.tmag.tas.gov.au/index.html"">Flora of Tasmania Online</a> account for the family Ericaceae "	Gaultheria	Tasmania		1611	Matthew.Baker@tmag.tas.gov.au	Matthew.Baker@tmag.tas.gov.au	key-1713-species-of-gaultheria.tsv
1714		"2013-05-14 17:02:32"	"Species of Richea"		"This key has been extracted from the unpublished <a href=""http://demo1.tmag.tas.gov.au/index.html"">Flora of Tasmania Online</a> account for the family Ericaceae "	Richea	Tasmania		1612	Matthew.Baker@tmag.tas.gov.au	Matthew.Baker@tmag.tas.gov.au	key-1714-species-of-richea.tsv
1715		"2013-05-14 17:02:15"	"Species of Dracophyllum"		"This key has been extracted from the unpublished <a href=""http://demo1.tmag.tas.gov.au/index.html"">Flora of Tasmania Online</a> account for the family Ericaceae "	Dracophyllum	Tasmania		1613	Matthew.Baker@tmag.tas.gov.au	Matthew.Baker@tmag.tas.gov.au	key-1715-species-of-dracophyllum.tsv
1716		"2013-05-14 17:01:53"	"Species of Sprengelia"		"This key has been extracted from the unpublished <a href=""http://demo1.tmag.tas.gov.au/index.html"">Flora of Tasmania Online</a> account for the family Ericaceae "	Sprengelia	Tasmania		1614	Matthew.Baker@tmag.tas.gov.au	Matthew.Baker@tmag.tas.gov.au	key-1716-species-of-sprengelia.tsv
1717		"2013-05-14 17:01:34"	"Species of Archeria"		"This key has been extracted from the unpublished <a href=""http://demo1.tmag.tas.gov.au/index.html"">Flora of Tasmania Online</a> account for the family Ericaceae "	Archeria	Tasmania		1615	Matthew.Baker@tmag.tas.gov.au	Matthew.Baker@tmag.tas.gov.au	key-1717-species-of-archeria.tsv
1718		"2013-05-14 17:01:08"	"Species of Epacris"		"This key has been extracted from the unpublished <a href=""http://demo1.tmag.tas.gov.au/index.html"">Flora of Tasmania Online</a> account for the family Ericaceae "	Epacris	Tasmania		1616	Matthew.Baker@tmag.tas.gov.au	Matthew.Baker@tmag.tas.gov.au	key-1718-species-of-epacris.tsv
1719		"2013-05-14 17:00:47"	"Species of Monotoca"		"This key has been extracted from the unpublished <a href=""http://demo1.tmag.tas.gov.au/index.html"">Flora of Tasmania Online</a> account for the family Ericaceae "	Monotoca	Tasmania		1617	Matthew.Baker@tmag.tas.gov.au	Matthew.Baker@tmag.tas.gov.au	key-1719-species-of-monotoca.tsv
1720		"2013-05-14 17:00:28"	"Species of Acrotriche"		"This key has been extracted from the unpublished <a href=""http://demo1.tmag.tas.gov.au/index.html"">Flora of Tasmania Online</a> account for the family Ericaceae "	Acrotriche	Tasmania		1618	Matthew.Baker@tmag.tas.gov.au	Matthew.Baker@tmag.tas.gov.au	key-1720-species-of-acrotriche.tsv
1721		"2013-05-14 17:00:13"	"Species of Trochocarpa"		"This key has been extracted from the unpublished <a href=""http://demo1.tmag.tas.gov.au/index.html"">Flora of Tasmania Online</a> account for the family Ericaceae "	Trochocarpa	Tasmania		1619	Matthew.Baker@tmag.tas.gov.au	Matthew.Baker@tmag.tas.gov.au	key-1721-species-of-trochocarpa.tsv
1722		"2013-05-14 16:59:56"	"Species of Cyathodes"		"This key has been extracted from the unpublished <a href=""http://demo1.tmag.tas.gov.au/index.html"">Flora of Tasmania Online</a> account for the family Ericaceae "	Cyathodes	Tasmania		1620	Matthew.Baker@tmag.tas.gov.au	Matthew.Baker@tmag.tas.gov.au	key-1722-species-of-cyathodes.tsv
1723		"2013-05-14 16:59:34"	"Species of Acrothamnus"		"This key has been extracted from the unpublished <a href=""http://demo1.tmag.tas.gov.au/index.html"">Flora of Tasmania Online</a> account for the family Ericaceae "	Acrothamnus	Tasmania		1621	Matthew.Baker@tmag.tas.gov.au	Matthew.Baker@tmag.tas.gov.au	key-1723-species-of-acrothamnus.tsv
1724		"2013-05-14 16:59:17"	"Species of Brachyloma"		"This key has been extracted from the unpublished <a href=""http://demo1.tmag.tas.gov.au/index.html"">Flora of Tasmania Online</a> account for the family Ericaceae "	Brachyloma	Tasmania		1622	Matthew.Baker@tmag.tas.gov.au	Matthew.Baker@tmag.tas.gov.au	key-1724-species-of-brachyloma.tsv
1725		"2017-02-02 16:10:42"	"Species of Leucopogon"		"This key has been extracted from the unpublished <a href=""http://demo1.tmag.tas.gov.au/index.html"">Flora of Tasmania Online</a> account for the family Ericaceae "	Leucopogon	Tasmania		1623	Matthew.Baker@tmag.tas.gov.au	niels.klazenga@rbg.vic.gov.au	key-1725-species-of-leucopogon.tsv
1726		"2013-05-14 16:58:39"	"Species of Planocarpa"		"This key has been extracted from the unpublished <a href=""http://demo1.tmag.tas.gov.au/index.html"">Flora of Tasmania Online</a> account for the family Ericaceae "	Planocarpa	Tasmania		1624	Matthew.Baker@tmag.tas.gov.au	Matthew.Baker@tmag.tas.gov.au	key-1726-species-of-planocarpa.tsv
1727		"2013-05-14 16:58:17"	"Species of Leptecophylla"		"This key has been extracted from the unpublished <a href=""http://demo1.tmag.tas.gov.au/index.html"">Flora of Tasmania Online</a> account for the family Ericaceae "	Leptecophylla	Tasmania		1625	Matthew.Baker@tmag.tas.gov.au	Matthew.Baker@tmag.tas.gov.au	key-1727-species-of-leptecophylla.tsv
1728		"2013-05-14 16:57:57"	"Species of Pentachondra"		"This key has been extracted from the unpublished <a href=""http://demo1.tmag.tas.gov.au/index.html"">Flora of Tasmania Online</a> account for the family Ericaceae "	Pentachondra	Tasmania		1626	Matthew.Baker@tmag.tas.gov.au	Matthew.Baker@tmag.tas.gov.au	key-1728-species-of-pentachondra.tsv
1729		"2013-05-14 16:57:40"	"Species of Astroloma"		"This key has been extracted from the unpublished <a href=""http://demo1.tmag.tas.gov.au/index.html"">Flora of Tasmania Online</a> account for the family Ericaceae "	Astroloma	Tasmania		1627	Matthew.Baker@tmag.tas.gov.au	Matthew.Baker@tmag.tas.gov.au	key-1729-species-of-astroloma.tsv
1730		"2013-05-14 16:57:16"	"Tribes of Epacridoideae"		"This key has been extracted from the unpublished <a href=""http://demo1.tmag.tas.gov.au/index.html"">Flora of Tasmania Online</a> account for the family Ericaceae "	Epacridoideae	Tasmania		1628	Matthew.Baker@tmag.tas.gov.au	Matthew.Baker@tmag.tas.gov.au	key-1730-tribes-of-epacridoideae.tsv
1731		"2013-05-14 16:56:54"	"Genera of Richeeae"		"This key has been extracted from the unpublished <a href=""http://demo1.tmag.tas.gov.au/index.html"">Flora of Tasmania Online</a> account for the family Ericaceae "	Richeeae	Tasmania		1629	Matthew.Baker@tmag.tas.gov.au	Matthew.Baker@tmag.tas.gov.au	key-1731-genera-of-richeeae.tsv
1732		"2013-05-14 16:56:37"	"Subspecies of Richea pandanifolia"		"This key has been extracted from the unpublished <a href=""http://demo1.tmag.tas.gov.au/index.html"">Flora of Tasmania Online</a> account for the family Ericaceae "	"Richea pandanifolia"	Tasmania		1630	Matthew.Baker@tmag.tas.gov.au	Matthew.Baker@tmag.tas.gov.au	key-1732-subspecies-of-richea-pandanifolia.tsv
1733		"2013-05-14 16:56:21"	"Subspecies of Monotoca linifolia"		"This key has been extracted from the unpublished <a href=""http://demo1.tmag.tas.gov.au/index.html"">Flora of Tasmania Online</a> account for the family Ericaceae "	"Monotoca linifolia"	Tasmania		1631	Matthew.Baker@tmag.tas.gov.au	Matthew.Baker@tmag.tas.gov.au	key-1733-subspecies-of-monotoca-linifolia.tsv
1734		"2013-05-14 16:55:54"	"Subspecies of Leptecophylla juniperina"		"This key has been extracted from the unpublished <a href=""http://demo1.tmag.tas.gov.au/index.html"">Flora of Tasmania Online</a> account for the family Ericaceae "	"Leptecophylla juniperina"	Tasmania		1632	Matthew.Baker@tmag.tas.gov.au	Matthew.Baker@tmag.tas.gov.au	key-1734-subspecies-of-leptecophylla-juniperina.tsv
1735		"2013-05-14 16:55:32"	"Varieties of Epacris heteronema"		"This key has been extracted from the unpublished <a href=""http://demo1.tmag.tas.gov.au/index.html"">Flora of Tasmania Online</a> account for the family Ericaceae "	"Epacris heteronema"	Tasmania		1633	Matthew.Baker@tmag.tas.gov.au	Matthew.Baker@tmag.tas.gov.au	key-1735-varieties-of-epacris-heteronema.tsv
1736		"2013-05-14 16:55:10"	"Varieties of Monotoca submutica"		"This key has been extracted from the unpublished <a href=""http://demo1.tmag.tas.gov.au/index.html"">Flora of Tasmania Online</a> account for the family Ericaceae "	"Monotoca submutica"	Tasmania		1634	Matthew.Baker@tmag.tas.gov.au	Matthew.Baker@tmag.tas.gov.au	key-1736-varieties-of-monotoca-submutica.tsv
1737		"2013-05-14 16:54:43"	"Varieties of Leucopogon virgatus"		"This key has been extracted from the unpublished <a href=""http://demo1.tmag.tas.gov.au/index.html"">Flora of Tasmania Online</a> account for the family Ericaceae "	"Leucopogon virgatus"	Tasmania		1635	Matthew.Baker@tmag.tas.gov.au	Matthew.Baker@tmag.tas.gov.au	key-1737-varieties-of-leucopogon-virgatus.tsv
1738		"2013-05-14 16:54:19"	"Genera of Stypheliae"		"This key has been extracted from the unpublished <a href=""http://demo1.tmag.tas.gov.au/index.html"">Flora of Tasmania Online</a> account for the family Ericaceae "	Stypheliae	Tasmania		1636	Matthew.Baker@tmag.tas.gov.au	Matthew.Baker@tmag.tas.gov.au	key-1738-genera-of-stypheliae.tsv
1739		"2013-05-14 16:53:52"	"Genera of Polygalaceae"		"This key has been extracted from the unpublished <a href=""http://demo1.tmag.tas.gov.au/index.html"">Flora of Tasmania Online</a> account for the family Polygalaceae "	Polygalaceae	Tasmania		1637	Matthew.Baker@tmag.tas.gov.au	Matthew.Baker@tmag.tas.gov.au	key-1739-genera-of-polygalaceae.tsv
1740		"2013-05-14 16:53:36"	"Species of Polygala"		"This key has been extracted from the unpublished <a href=""http://demo1.tmag.tas.gov.au/index.html"">Flora of Tasmania Online</a> account for the family Polygalaceae "	Polygala	Tasmania		1638	Matthew.Baker@tmag.tas.gov.au	Matthew.Baker@tmag.tas.gov.au	key-1740-species-of-polygala.tsv
1741		"2013-05-14 16:53:19"	"Species of Comesperma"		"This key has been extracted from the unpublished <a href=""http://demo1.tmag.tas.gov.au/index.html"">Flora of Tasmania Online</a> account for the family Polygalaceae "	Comesperma	Tasmania		1639	Matthew.Baker@tmag.tas.gov.au	Matthew.Baker@tmag.tas.gov.au	key-1741-species-of-comesperma.tsv
1742		"2013-05-14 16:52:54"	"Species of Utricularia"		"This key has been extracted from the unpublished <a href=""http://demo1.tmag.tas.gov.au/index.html"">Flora of Tasmania Online</a> account for the family Lentibulariaceae "	Utricularia	Tasmania		1640	Matthew.Baker@tmag.tas.gov.au	Matthew.Baker@tmag.tas.gov.au	key-1742-species-of-utricularia.tsv
1743		"2013-05-20 13:11:16"	"Species of Senecio"			Senecio	Tasmania		1641	Matthew.Baker@tmag.tas.gov.au	Matthew.Baker@tmag.tas.gov.au	key-1743-species-of-senecio.tsv
5800		"2015-07-24 15:26:29"	"Species of Persicaria"		"Key to the species of Persicaria in Tasmania"	Persicaria	Tasmania		2574	Matthew.Baker@tmag.tas.gov.au	Matthew.Baker@tmag.tas.gov.au	key-5800-species-of-persicaria.tsv
5811		"2015-08-05 10:12:16"	"Species of Lonicera"		"Unpublished key to the species of Lonicera in Tasmania"	Lonicera	Tasmania		2591	Matthew.Baker@tmag.tas.gov.au	Matthew.Baker@tmag.tas.gov.au	key-5811-species-of-lonicera.tsv
5812		"2017-03-07 11:16:49"	"Species of Eragrostis"		"Key to the species of Eragrostis in Tasmania"	Eragrostis	Tasmania		3296	Matthew.Baker@tmag.tas.gov.au	Matthew.Baker@tmag.tas.gov.au	key-5812-species-of-eragrostis.tsv
6488	"2016-10-19 16:22:52"	"2017-03-07 10:10:56"	"Genera of Poaceae"		"Key to the genera of Poaceae in Tasmania"	Poaceae	Tasmania		3296	Matthew.Baker@tmag.tas.gov.au	Matthew.Baker@tmag.tas.gov.au	key-6488-genera-of-poaceae.tsv
6538	"2016-11-18 13:40:35"	"2016-11-18 13:46:33"	"Species of Plantago"			Plantago	Tasmania		3197	Matthew.Baker@tmag.tas.gov.au	Matthew.Baker@tmag.tas.gov.au	key-6538-species-of-plantago.tsv
6643	"2017-03-06 17:10:35"	"2018-06-05 12:43:26"	"Families of monocotyledones in Tasmania"		"Key to the families of monocotyledones in Tasmania"	Monocotyledons	Tasmania		3289	Matthew.Baker@tmag.tas.gov.au	Matthew.Baker@tmag.tas.gov.au	key-6643-families-of-monocotyledones-in-tasmania.tsv
6644	"2017-03-06 17:14:37"	"2017-03-07 09:39:34"	"Genera of Centrolepidaceae"		"Key to the genera of Centrolepidaceae in Tasmania"	Centrolepidaceae	Tasmania		3291	Matthew.Baker@tmag.tas.gov.au	Matthew.Baker@tmag.tas.gov.au	key-6644-genera-of-centrolepidaceae.tsv
6645	"2017-03-06 17:28:33"	"2017-03-07 14:02:29"	"Genera of Cyperaceae"		"Key to the Genera of Cyperaceae in Tasmania"	Cyperaceae	Tasmania		3292	Matthew.Baker@tmag.tas.gov.au	Matthew.Baker@tmag.tas.gov.au	key-6645-genera-of-cyperaceae.tsv
6646	"2017-03-06 18:24:44"	"2017-03-07 09:50:24"	"Genera of Hydatellaceae"		"Key to the genera of Hydatellaceae in Tasmania"	Hydatellaceae	Tasmania		3293	Matthew.Baker@tmag.tas.gov.au	Matthew.Baker@tmag.tas.gov.au	key-6646-genera-of-hydatellaceae.tsv
6647	"2017-03-06 18:31:37"	"2017-03-07 09:53:08"	"Genera of Hydrocharitaceae"		"Key to the Genera of Hydrocharitaceae in Tasmania"	Hydrocharitaceae	Tasmania		3294	Matthew.Baker@tmag.tas.gov.au	Matthew.Baker@tmag.tas.gov.au	key-6647-genera-of-hydrocharitaceae.tsv
6648	"2017-03-06 18:34:06"	"2017-03-07 09:55:03"	"Genera of Iridaceae"		"Key to the genera of Iridaceae in Tasmania"	Iridaceae	Tasmania		3295	Matthew.Baker@tmag.tas.gov.au	Matthew.Baker@tmag.tas.gov.au	key-6648-genera-of-iridaceae.tsv
6649	"2017-03-06 18:38:18"	"2018-03-20 14:31:35"	"Genera of Juncaceae"		"Key to the genera of Juncaceae in Tasmania"	Juncaceae	Tasmania		3290	Matthew.Baker@tmag.tas.gov.au	Matthew.Baker@tmag.tas.gov.au	key-6649-genera-of-juncaceae.tsv
6650	"2017-03-06 18:53:08"	"2017-03-06 18:58:06"	"Genera of Lemnaceae"		"Key to the genera of Lemnaceae in Tasmania"	Lemnaceae	Tasmania		3148	Matthew.Baker@tmag.tas.gov.au	niels.klazenga@rbg.vic.gov.au	key-6650-genera-of-lemnaceae.tsv
6651	"2017-03-06 18:57:24"	"2017-03-07 13:30:41"	"Genera of Liliaceae"		"Key to the genera of Liliaceae in Tasmania"	Liliaceae	Tasmania		3303	Matthew.Baker@tmag.tas.gov.au	Matthew.Baker@tmag.tas.gov.au	key-6651-genera-of-liliaceae.tsv
6652	"2017-03-06 19:05:39"	"2017-03-06 19:09:22"	"Genera of Restionaceae (plants with female inflorescences)"		"Key to the genera of Restionaceae (plants with female inflorescences) in Tasmania"	Restionaceae	Tasmania		3148	Matthew.Baker@tmag.tas.gov.au	niels.klazenga@rbg.vic.gov.au	key-6652-genera-of-restionaceae-plants-with-female-inflorescences.tsv
6653	"2017-03-06 19:09:47"	"2017-03-06 19:13:31"	"Genera of Restionaceae (plants with male inflorescences)"		"Key to the genera of Restionaceae (plants with male inflorescences) in Tasmania"	Restionaceae	Tasmania		3148	Matthew.Baker@tmag.tas.gov.au	niels.klazenga@rbg.vic.gov.au	key-6653-genera-of-restionaceae-plants-with-male-inflorescences.tsv
6656	"2017-03-07 11:20:18"	"2017-03-07 11:21:26"	"Genera of Xanthorrhoeaceae"	"Morris, D.I."	"Key to the genera of Xanthorrhoeaceae in Tasmania"	Xanthorrhoeaceae	Tasmania		3300	Matthew.Baker@tmag.tas.gov.au	Matthew.Baker@tmag.tas.gov.au	key-6656-genera-of-xanthorrhoeaceae.tsv
6657	"2017-03-07 11:22:08"	"2017-03-07 11:25:00"	"Genera of Zosteraceae"	"Morris, D.I."	"Key to the genera of Zosteraceae in Tasmania"	"Key to Genera of Zosteraceae"	Tasmania		3301	Matthew.Baker@tmag.tas.gov.au	Matthew.Baker@tmag.tas.gov.au	key-6657-genera-of-zosteraceae.tsv
6660	"2017-03-07 13:24:04"	"2017-03-07 13:27:49"	"Species of Agrostis"	"Morris, D.I."	"Key to the species of Agrostis in Tasmania"	Agrostis	Tasmania		3296	Matthew.Baker@tmag.tas.gov.au	niels.klazenga@rbg.vic.gov.au	key-6660-species-of-agrostis.tsv
6661	"2017-03-07 13:25:11"	"2017-03-07 13:25:51"	"Species of Aira"	"Morris, D.I."		Aira	Tasmania		3296	Matthew.Baker@tmag.tas.gov.au	Matthew.Baker@tmag.tas.gov.au	key-6661-species-of-aira.tsv
6662	"2017-03-07 13:26:47"	"2017-03-07 13:29:29"	"Species of Allium"	"Morris, D.I."		Allium	Tasmania		3303	Matthew.Baker@tmag.tas.gov.au	Matthew.Baker@tmag.tas.gov.au	key-6662-species-of-allium.tsv
6663	"2017-03-07 13:31:54"	"2018-03-26 14:05:01"	"Species of Alopecurus"	"Morris, D.I."		Alopecurus	Tasmania		3296	Matthew.Baker@tmag.tas.gov.au	Matthew.Baker@tmag.tas.gov.au	key-6663-species-of-alopecurus.tsv
6664	"2017-03-07 13:35:59"	"2017-03-07 13:36:39"	"Species of Amphibromus"	"Morris, D.I."		Amphibromus	Tasmania		3296	Matthew.Baker@tmag.tas.gov.au	Matthew.Baker@tmag.tas.gov.au	key-6664-species-of-amphibromus.tsv
6665	"2017-03-07 13:37:09"	"2017-03-07 13:38:45"	"Species of Aphelia"	"Curtis, W.M."		Aphelia	Tasmania		3291	Matthew.Baker@tmag.tas.gov.au	Matthew.Baker@tmag.tas.gov.au	key-6665-species-of-aphelia.tsv
6666	"2017-03-07 13:39:31"	"2017-03-07 13:40:51"	"Species of Arthropodium"	"Morris, D.I."		Arthropodium	Tasmania		3303	Matthew.Baker@tmag.tas.gov.au	Matthew.Baker@tmag.tas.gov.au	key-6666-species-of-arthropodium.tsv
6667	"2017-03-07 13:42:02"	"2017-03-07 13:42:51"	"Species of Australopyrum"	"Morris, D.I."		Australopyrum	Tasmania		3296	Matthew.Baker@tmag.tas.gov.au	Matthew.Baker@tmag.tas.gov.au	key-6667-species-of-australopyrum.tsv
6668	"2017-03-07 13:43:31"	"2017-03-07 13:44:02"	"Species of Austrofestuca"	"Morris, D.I."		Austrofestuca	Tasmania		3296	Matthew.Baker@tmag.tas.gov.au	Matthew.Baker@tmag.tas.gov.au	key-6668-species-of-austrofestuca.tsv
6669	"2017-03-07 13:44:32"	"2017-03-07 13:49:38"	"Species of Avena"	"Morris, D.I."		Avena	Tasmania		3296	Matthew.Baker@tmag.tas.gov.au	niels.klazenga@rbg.vic.gov.au	key-6669-species-of-avena.tsv
6670	"2017-03-07 13:46:38"	"2017-03-07 13:49:19"	"Species of Baumea"	"Curtis, W.M.; Morris, D.I."		Baumea	Tasmania		0	Matthew.Baker@tmag.tas.gov.au	Matthew.Baker@tmag.tas.gov.au	key-6670-species-of-baumea.tsv
6671	"2017-03-07 13:59:37"	"2017-03-07 14:03:29"	"Species of Bolboschoenus"	"Curtis, W.M.; Morris, D.I."		Bolboschoenus	Tasmania		3292	Matthew.Baker@tmag.tas.gov.au	Matthew.Baker@tmag.tas.gov.au	key-6671-species-of-bolboschoenus.tsv
6672	"2017-03-07 14:05:37"	"2017-03-07 14:09:23"	"Species of Briza"	"Morris, D.I."		Briza	Tasmania		3296	Matthew.Baker@tmag.tas.gov.au	niels.klazenga@rbg.vic.gov.au	key-6672-species-of-briza.tsv
6673	"2017-03-07 14:07:14"	"2017-03-07 14:12:17"	"Species of Bromus"	"Morris, D.I."		Bromus	Tasmania		3296	Matthew.Baker@tmag.tas.gov.au	niels.klazenga@rbg.vic.gov.au	key-6673-species-of-bromus.tsv
6674	"2017-03-07 14:09:32"	"2017-03-07 14:10:22"	"Species of Bulbine"	"Morris, D.I."		Bulbine	Tasmania		3303	Matthew.Baker@tmag.tas.gov.au	Matthew.Baker@tmag.tas.gov.au	key-6674-species-of-bulbine.tsv
6675	"2017-03-07 14:11:03"	"2017-03-07 14:11:37"	"Species of Caesia"	"Morris, D.I."		Caesia	Tasmania		3303	Matthew.Baker@tmag.tas.gov.au	Matthew.Baker@tmag.tas.gov.au	key-6675-species-of-caesia.tsv
6676	"2017-03-07 14:12:12"	"2017-03-07 14:13:37"	"Species of Calorophus"	"Morris, D.I."		Calorophus	Tasmania		3148	Matthew.Baker@tmag.tas.gov.au	Matthew.Baker@tmag.tas.gov.au	key-6676-species-of-calorophus.tsv
6677	"2017-03-07 14:17:13"	"2018-03-05 16:56:08"	"Species of Carex"	"Curtis, W.M.; Morris, D.I."		Carex	Tasmania		3292	Matthew.Baker@tmag.tas.gov.au	niels.klazenga@rbg.vic.gov.au	key-6677-species-of-carex.tsv
6678	"2017-03-07 14:32:47"	"2017-03-07 14:37:56"	"Species of Carpha"	"Curtis, W.M.; Morris, D.I."		Carpha	Tasmania		3292	Matthew.Baker@tmag.tas.gov.au	niels.klazenga@rbg.vic.gov.au	key-6678-species-of-carpha.tsv
6679	"2017-03-07 14:37:20"	"2017-03-07 14:41:05"	"Species of Centrolepis"	"Curtis, W.M."		Centrolepis	Tasmania		3291	Matthew.Baker@tmag.tas.gov.au	niels.klazenga@rbg.vic.gov.au	key-6679-species-of-centrolepis.tsv
6680	"2017-03-07 14:38:01"	"2017-03-07 14:38:48"	"Species of Chorizandra"	"Curtis, W.M.; Morris, D.I."		Chorizandra	Tasmania		3292	Matthew.Baker@tmag.tas.gov.au	Matthew.Baker@tmag.tas.gov.au	key-6680-species-of-chorizandra.tsv
6681	"2017-03-07 14:39:25"	"2018-06-05 12:46:54"	"Species of Cortaderia"	"Morris, D.I."		Cortaderia	Tasmania		3296	Matthew.Baker@tmag.tas.gov.au	Matthew.Baker@tmag.tas.gov.au	key-6681-species-of-cortaderia.tsv
6682	"2017-03-07 14:40:28"	"2017-03-07 14:41:04"	"Species of Cynosurus"	"Morris, D.I."		Cynosurus	Tasmania		3296	Matthew.Baker@tmag.tas.gov.au	Matthew.Baker@tmag.tas.gov.au	key-6682-species-of-cynosurus.tsv
6683	"2017-03-07 14:43:13"	"2017-03-07 14:46:59"	"Species of Cyperus"	"Curtis, W.M.; Morris, D.I."		Cyperus	Tasmania		3292	Matthew.Baker@tmag.tas.gov.au	niels.klazenga@rbg.vic.gov.au	key-6683-species-of-cyperus.tsv
6684	"2017-03-07 14:45:01"	"2018-03-27 09:06:45"	"Species of Danthonia"	"Morris, D.I."		Danthonia	Tasmania		3296	Matthew.Baker@tmag.tas.gov.au	niels.klazenga@rbg.vic.gov.au	key-6684-species-of-danthonia.tsv
6685	"2017-03-07 14:46:19"	"2018-06-05 12:46:00"	"Species of Deschampsia"	"Morris, D.I."		Deschampsia	Tasmania		3296	Matthew.Baker@tmag.tas.gov.au	Matthew.Baker@tmag.tas.gov.au	key-6685-species-of-deschampsia.tsv
6686	"2017-03-07 14:47:29"	"2017-03-07 14:48:10"	"Species of Deyeuxia"	"Morris, D.I."		Deyeuxia	Tasmania		3296	Matthew.Baker@tmag.tas.gov.au	Matthew.Baker@tmag.tas.gov.au	key-6686-species-of-deyeuxia.tsv
6687	"2017-03-07 14:51:33"	"2017-03-07 14:55:18"	"Species of Dianella"	"Morris, D.I."		Dianella	Tasmania		3295	Matthew.Baker@tmag.tas.gov.au	niels.klazenga@rbg.vic.gov.au	key-6687-species-of-dianella.tsv
6688	"2017-03-07 14:52:39"	"2017-03-07 14:53:11"	"Species of Dichelachne"	"Morris, D.I."		Dichelachne	Tasmania		3296	Matthew.Baker@tmag.tas.gov.au	Matthew.Baker@tmag.tas.gov.au	key-6688-species-of-dichelachne.tsv
6689	"2017-03-07 14:54:24"	"2017-03-07 14:58:09"	"Species of Diplarrena"	"Morris, D.I."		Diplarrena	Tasmania		3295	Matthew.Baker@tmag.tas.gov.au	niels.klazenga@rbg.vic.gov.au	key-6689-species-of-diplarrena.tsv
6690	"2017-03-07 14:57:47"	"2017-03-07 15:04:00"	"Species of Digitaria"	"Morris, D.I."		Digitaria	Tasmania		3296	Matthew.Baker@tmag.tas.gov.au	niels.klazenga@rbg.vic.gov.au	key-6690-species-of-digitaria.tsv
6691	"2017-03-07 15:01:16"	"2017-03-07 15:01:46"	"Species of Echinochloa"	"Morris, D.I."		Echinochloa	Tasmania		3296	Matthew.Baker@tmag.tas.gov.au	Matthew.Baker@tmag.tas.gov.au	key-6691-species-of-echinochloa.tsv
6692	"2017-03-07 15:03:05"	"2017-03-07 15:03:34"	"Species of Ehrharta"	"Morris, D.I."		Ehrharta	Tasmania		3296	Matthew.Baker@tmag.tas.gov.au	Matthew.Baker@tmag.tas.gov.au	key-6692-species-of-ehrharta.tsv
6693	"2017-03-07 15:04:19"	"2017-03-07 15:06:47"	"Species of Eleocharis"	"Curtis, W.M.; Morris, D.I."		Eleocharis	Tasmania		3292	Matthew.Baker@tmag.tas.gov.au	Matthew.Baker@tmag.tas.gov.au	key-6693-species-of-eleocharis.tsv
6694	"2017-03-07 15:07:21"	"2017-03-07 15:07:48"	"Species of Elymus"	"Morris, D.I."		Elymus	Tasmania		3296	Matthew.Baker@tmag.tas.gov.au	Matthew.Baker@tmag.tas.gov.au	key-6694-species-of-elymus.tsv
6695	"2017-03-07 15:09:06"	"2017-03-07 15:14:06"	"Species of Festuca"	"Morris, D.I."		Festuca	Tasmania		3296	Matthew.Baker@tmag.tas.gov.au	niels.klazenga@rbg.vic.gov.au	key-6695-species-of-festuca.tsv
6696	"2017-03-07 15:12:00"	"2017-03-07 15:12:30"	"Species of Gahnia"	"Curtis, W.M.; Morris, D.I."		Gahnia	Tasmania		3292	Matthew.Baker@tmag.tas.gov.au	Matthew.Baker@tmag.tas.gov.au	key-6696-species-of-gahnia.tsv
6697	"2017-03-07 15:13:52"	"2017-03-07 15:17:38"	"Species of Gaimardia"	"Curtis, W.M."		Gaimardia	Tasmania		3291	Matthew.Baker@tmag.tas.gov.au	niels.klazenga@rbg.vic.gov.au	key-6697-species-of-gaimardia.tsv
6698	"2017-03-07 15:14:24"	"2017-03-07 15:15:14"	"Species of Gladiolus"	"Morris, D.I."		Gladiolus	Tasmania		3295	Matthew.Baker@tmag.tas.gov.au	Matthew.Baker@tmag.tas.gov.au	key-6698-species-of-gladiolus.tsv
6699	"2017-03-07 15:56:58"	"2017-03-07 15:57:27"	"Species of Glyceria"	"Morris, D.I."		Glyceria	Tasmania		3296	Matthew.Baker@tmag.tas.gov.au	Matthew.Baker@tmag.tas.gov.au	key-6699-species-of-glyceria.tsv
6700	"2017-03-07 15:58:03"	"2017-03-07 15:58:31"	"Species of Hierochloe"	"Morris, D.I."		Hierochloe	Tasmania		3296	Matthew.Baker@tmag.tas.gov.au	Matthew.Baker@tmag.tas.gov.au	key-6700-species-of-hierochloe.tsv
6701	"2017-03-07 15:58:54"	"2017-03-07 15:59:21"	"Species of Holcus"	"Morris, D.I."		Holcus	Tasmania		3296	Matthew.Baker@tmag.tas.gov.au	Matthew.Baker@tmag.tas.gov.au	key-6701-species-of-holcus.tsv
6702	"2017-03-07 15:59:55"	"2017-03-07 16:00:29"	"Species of Hordeum"	"Morris, D.I."		Hordeum	Tasmania		3296	Matthew.Baker@tmag.tas.gov.au	Matthew.Baker@tmag.tas.gov.au	key-6702-species-of-hordeum.tsv
6703	"2017-03-07 16:00:57"	"2017-03-07 16:01:46"	"Species of Hypoxis"	"Morris, D.I."		Hypoxis	Tasmania		3303	Matthew.Baker@tmag.tas.gov.au	Matthew.Baker@tmag.tas.gov.au	key-6703-species-of-hypoxis.tsv
6704	"2017-03-07 16:02:41"	"2017-03-07 16:06:26"	"Species of Iris"	"Morris, D.I."		Iris	Tasmania		3295	Matthew.Baker@tmag.tas.gov.au	niels.klazenga@rbg.vic.gov.au	key-6704-species-of-iris.tsv
6705	"2017-03-07 16:05:15"	"2017-03-07 16:10:07"	"Species of Isolepis"	"Curtis, W.M.; Morris, D.I."		Isolepis	Tasmania		3292	Matthew.Baker@tmag.tas.gov.au	niels.klazenga@rbg.vic.gov.au	key-6705-species-of-isolepis.tsv
6706	"2017-03-07 16:06:43"	"2017-03-07 16:08:00"	"Species of Ixia"	"Morris, D.I."		Ixia	Tasmania		3295	Matthew.Baker@tmag.tas.gov.au	Matthew.Baker@tmag.tas.gov.au	key-6706-species-of-ixia.tsv
6707	"2017-03-07 16:16:43"	"2017-03-07 16:17:29"	"Species of Juncus"	"Curtis, W.M."		Juncus	Tasmania		3290	Matthew.Baker@tmag.tas.gov.au	Matthew.Baker@tmag.tas.gov.au	key-6707-species-of-juncus.tsv
6708	"2017-03-07 16:18:21"	"2017-03-07 16:21:51"	"Species of Lemna"	"Morris, D.I."		Lemna	Tasmania		3304	Matthew.Baker@tmag.tas.gov.au	Matthew.Baker@tmag.tas.gov.au	key-6708-species-of-lemna.tsv
6710	"2017-03-07 16:25:46"	"2017-03-07 16:28:27"	"Species of Lepilaena"	"Morris, D.I."		Lepilaena	Tasmania		3305	Matthew.Baker@tmag.tas.gov.au	Matthew.Baker@tmag.tas.gov.au	key-6710-species-of-lepilaena.tsv
6711	"2017-03-07 16:42:27"	"2017-03-07 16:43:33"	"Species of Lepyrodia"	"Morris, D.I."		Lepyrodia	Tasmania		3148	Matthew.Baker@tmag.tas.gov.au	Matthew.Baker@tmag.tas.gov.au	key-6711-species-of-lepyrodia.tsv
6712	"2017-03-07 16:47:29"	"2017-03-07 16:48:12"	"Species of Lolium"	"Morris, D.I."		Lolium	Tasmania		3296	Matthew.Baker@tmag.tas.gov.au	Matthew.Baker@tmag.tas.gov.au	key-6712-species-of-lolium.tsv
6713	"2017-03-07 16:49:37"	"2017-03-07 16:54:42"	"Species of Lomandra"	"Morris, D.I."		Lomandra	Tasmania		3300	Matthew.Baker@tmag.tas.gov.au	niels.klazenga@rbg.vic.gov.au	key-6713-species-of-lomandra.tsv
6714	"2017-03-07 16:52:27"	"2017-03-07 16:53:51"	"Species of Milligania"	"Morris, D.I."		Milligania	Tasmania		3303	Matthew.Baker@tmag.tas.gov.au	Matthew.Baker@tmag.tas.gov.au	key-6714-species-of-milligania.tsv
6715	"2017-03-07 17:00:49"	"2017-03-07 17:04:56"	"Species of Oreobolus"	"Curtis, W.M."		Oreobolus	Tasmania		3292	Matthew.Baker@tmag.tas.gov.au	niels.klazenga@rbg.vic.gov.au	key-6715-species-of-oreobolus.tsv
6716	"2017-03-07 17:01:51"	"2017-03-07 17:07:06"	"Species of Panicum"	"Morris, D.I."		Panicum	Tasmania		3296	Matthew.Baker@tmag.tas.gov.au	niels.klazenga@rbg.vic.gov.au	key-6716-species-of-panicum.tsv
6717	"2017-03-07 17:05:55"	"2017-03-07 17:07:07"	"Species of Parapholis"	"Morris, D.I."		Parapholis	Tasmania		3296	Matthew.Baker@tmag.tas.gov.au	Matthew.Baker@tmag.tas.gov.au	key-6717-species-of-parapholis.tsv
6718	"2017-03-07 17:07:44"	"2017-03-07 17:08:10"	"Species of Paspalum"	"Morris, D.I."		Paspalum	Tasmania		3296	Matthew.Baker@tmag.tas.gov.au	Matthew.Baker@tmag.tas.gov.au	key-6718-species-of-paspalum.tsv
6719	"2017-03-07 17:08:38"	"2017-03-07 17:09:26"	"Species of Patersonia"	"Morris, D.I."		Patersonia	Tasmania		3295	Matthew.Baker@tmag.tas.gov.au	Matthew.Baker@tmag.tas.gov.au	key-6719-species-of-patersonia.tsv
6720	"2017-03-07 17:09:49"	"2018-06-05 12:36:27"	"Species of Pennisetum"	"Morris, D.I."		Pennisetum	Tasmania		3296	Matthew.Baker@tmag.tas.gov.au	Matthew.Baker@tmag.tas.gov.au	key-6720-species-of-pennisetum.tsv
6721	"2017-03-07 17:11:13"	"2018-06-05 12:39:52"	"Species of Phalaris"	"Morris, D.I."		Phalaris	Tasmania		3296	Matthew.Baker@tmag.tas.gov.au	Matthew.Baker@tmag.tas.gov.au	key-6721-species-of-phalaris.tsv
6722	"2017-03-07 17:15:25"	"2017-03-07 17:19:11"	"Species of Poa"	"Morris, D.I."		Poa	Tasmania		3296	Matthew.Baker@tmag.tas.gov.au	niels.klazenga@rbg.vic.gov.au	key-6722-species-of-poa.tsv
6724	"2017-03-07 17:16:33"	"2017-03-07 17:17:10"	"Species of Polypogon"	"Morris, D.I."		Polypogon	Tasmania		3296	Matthew.Baker@tmag.tas.gov.au	Matthew.Baker@tmag.tas.gov.au	key-6724-species-of-polypogon.tsv
6725	"2017-03-07 17:17:52"	"2017-03-07 17:19:49"	"Species of Potamogeton"	"Morris, D.I."		Potamogeton	Tasmania		3306	Matthew.Baker@tmag.tas.gov.au	Matthew.Baker@tmag.tas.gov.au	key-6725-species-of-potamogeton.tsv
6726	"2017-03-07 17:20:56"	"2021-02-23 10:31:28"	"Species of Puccinellia"	"Morris, D.I."		Puccinellia	Tasmania		3296	Matthew.Baker@tmag.tas.gov.au	Matthew.Baker@tmag.tas.gov.au	key-6726-species-of-puccinellia.tsv
6727	"2017-03-07 17:22:47"	"2017-03-07 17:23:16"	"Species of Restio"	"Morris, D.I."		Restio	Tasmania		3148	Matthew.Baker@tmag.tas.gov.au	Matthew.Baker@tmag.tas.gov.au	key-6727-species-of-restio.tsv
6728	"2017-03-07 17:24:26"	"2017-03-07 17:29:20"	"Species of Ruppia"	"Morris, D.I."		Ruppia	Tasmania		3307	Matthew.Baker@tmag.tas.gov.au	Matthew.Baker@tmag.tas.gov.au	key-6728-species-of-ruppia.tsv
6729	"2017-03-07 17:30:28"	"2017-03-07 17:34:13"	"Species of Schoenoplectus"	"Curtis, W.M.; Morris, D.I."		Schoenoplectus	Tasmania		3292	Matthew.Baker@tmag.tas.gov.au	niels.klazenga@rbg.vic.gov.au	key-6729-species-of-schoenoplectus.tsv
6730	"2017-03-07 17:32:44"	"2017-03-07 17:33:19"	"Species of Schoenus"	"Curtis, W.M.; Morris, D.I."		Schoenus	Tasmania		3292	Matthew.Baker@tmag.tas.gov.au	Matthew.Baker@tmag.tas.gov.au	key-6730-species-of-schoenus.tsv
6731	"2017-03-07 17:33:50"	"2017-03-07 17:34:19"	"Species of Setaria"	"Morris, D.I."		Setaria	Tasmania		3296	Matthew.Baker@tmag.tas.gov.au	Matthew.Baker@tmag.tas.gov.au	key-6731-species-of-setaria.tsv
6732	"2017-03-07 17:34:43"	"2017-03-07 17:35:09"	"Species of Stipa"	"Morris, D.I."		Stipa	Tasmania		3296	Matthew.Baker@tmag.tas.gov.au	Matthew.Baker@tmag.tas.gov.au	key-6732-species-of-stipa.tsv
6733	"2017-03-07 17:35:45"	"2017-03-07 17:36:15"	"Species of Thelionema"	"Morris, D.I."		Thelionema	Tasmania		3303	Matthew.Baker@tmag.tas.gov.au	Matthew.Baker@tmag.tas.gov.au	key-6733-species-of-thelionema.tsv
6734	"2017-03-07 17:36:41"	"2017-03-07 17:38:24"	"Species of Triglochin"	"Morris, D.I."		Triglochin	Tasmania		3308	Matthew.Baker@tmag.tas.gov.au	Matthew.Baker@tmag.tas.gov.au	key-6734-species-of-triglochin.tsv
6735	"2017-03-07 17:38:50"	"2017-03-07 17:40:04"	"Species of Typha"	"Morris, D.I."		Typha	Tasmania		3309	Matthew.Baker@tmag.tas.gov.au	Matthew.Baker@tmag.tas.gov.au	key-6735-species-of-typha.tsv
6736	"2017-03-07 17:40:49"	"2017-03-07 17:41:40"	"Species of Uncinia"	"Curtis, W.M.; Morris, D.I."		Uncinia	Tasmania		3292	Matthew.Baker@tmag.tas.gov.au	Matthew.Baker@tmag.tas.gov.au	key-6736-species-of-uncinia.tsv
6737	"2017-03-07 17:42:08"	"2017-03-07 17:57:57"	"Species of Vulpia"	"Morris, D.I."		Vulpia	Tasmania		3296	Matthew.Baker@tmag.tas.gov.au	Matthew.Baker@tmag.tas.gov.au	key-6737-species-of-vulpia.tsv
6738	"2017-03-07 17:43:10"	"2017-03-07 17:44:07"	"Species of Watsonia"	"Morris, D.I."		Watsonia	Tasmania		3295	Matthew.Baker@tmag.tas.gov.au	Matthew.Baker@tmag.tas.gov.au	key-6738-species-of-watsonia.tsv
6739	"2017-03-07 17:45:20"	"2017-03-07 17:49:40"	"Species of Xanthorrhoea"	"Morris, D.I."		Xanthorrhoea	Tasmania		3300	Matthew.Baker@tmag.tas.gov.au	niels.klazenga@rbg.vic.gov.au	key-6739-species-of-xanthorrhoea.tsv
6740	"2017-03-07 17:46:21"	"2017-03-07 17:47:57"	"Species of Xyris"	"Curtis, W.M."		Xyris	Tasmania		3310	Matthew.Baker@tmag.tas.gov.au	Matthew.Baker@tmag.tas.gov.au	key-6740-species-of-xyris.tsv
6741	"2017-03-07 17:49:30"	"2017-03-07 17:50:32"	"Varieties of Caesia parviflora"	"Morris, D.I."		"Caesia parviflora"	Tasmania		3303	Matthew.Baker@tmag.tas.gov.au	Matthew.Baker@tmag.tas.gov.au	key-6741-varieties-of-caesia-parviflora.tsv
6742	"2017-03-07 17:51:25"	"2017-03-07 17:52:21"	"Varieties of Dianella revoluta"	"Morris, D.I."		"Dianella revoluta"	Tasmania		3303	Matthew.Baker@tmag.tas.gov.au	Matthew.Baker@tmag.tas.gov.au	key-6742-varieties-of-dianella-revoluta.tsv
6743	"2017-03-07 17:53:30"	"2017-03-07 17:57:16"	"Varieties of Hypoxis vaginata"	"Morris, D.I."		"Hypoxis vaginata"	Tasmania		3303	Matthew.Baker@tmag.tas.gov.au	niels.klazenga@rbg.vic.gov.au	key-6743-varieties-of-hypoxis-vaginata.tsv
6744	"2017-03-07 17:54:49"	"2017-03-07 17:58:35"	"Varieties of Libertia pulchella"	"Morris, D.I."		"Libertia pulchella"	Tasmania		3295	Matthew.Baker@tmag.tas.gov.au	niels.klazenga@rbg.vic.gov.au	key-6744-varieties-of-libertia-pulchella.tsv
6745	"2017-03-07 17:55:53"	"2017-03-07 17:59:39"	"Varieties of Panicum capillare"	"Morris, D.I."		"Panicum capillare"	Tasmania		3296	Matthew.Baker@tmag.tas.gov.au	niels.klazenga@rbg.vic.gov.au	key-6745-varieties-of-panicum-capillare.tsv
6746	"2017-03-07 18:35:57"	"2017-03-07 18:37:29"	"Genera of Ericaceae"	"Crowden, R."		Ericaceae	Tasmania		1608	Matthew.Baker@tmag.tas.gov.au	Matthew.Baker@tmag.tas.gov.au	key-6746-genera-of-ericaceae.tsv
6853	"2017-08-18 14:51:48"	"2018-01-16 11:54:48"	"Species of Nasturtium"	"Baker, M.L."		Nasturtium	Tasmania			Matthew.Baker@tmag.tas.gov.au	Matthew.Baker@tmag.tas.gov.au	key-6853-species-of-nasturtium.tsv
6923	"2017-08-29 12:59:53"	"2022-07-06 14:22:13"	"Species of Lepidosperma"	"Gray, A.M.; Baker, M.L."		Lepidosperma	Tasmania	"This key is based on the key 'Lepidosperma In: Curtis, W.M.; Morris, D.I., The Student's Flora of Tasmania, Part 4b. St. David's Park Publishing, Hobart'. It includes minor edits and the addition of an extra species (Lepidosperma monticola)."	3292	Matthew.Baker@tmag.tas.gov.au	Matthew.Baker@tmag.tas.gov.au	key-6923-species-of-lepidosperma.tsv
7016	"2017-09-08 15:01:16"	"2017-09-08 14:01:25"	"Species of Restionaceae based on vegetative characters"	"Duretto, M.F."	"Unpublished key to the species of Restionaceous plants of Tasmania based on vegetative characters."	Restionaceae	Tasmania			Matthew.Baker@tmag.tas.gov.au	niels.klazenga@rbg.vic.gov.au	key-7016-species-of-restionaceae-based-on-vegetative-characters.tsv
8171	"2017-11-03 12:03:39"	"2017-11-06 11:36:24"	"Subspecies of Olearia phlogopappa in Tasmania"	"Messina, A.; Walsh, N.G.; Hoebee, S.E.; Green, P.T. "		"Olearia phlogopappa"	Tasmania	"Modified from: Messina, A.; Walsh, N.G.; Hoebee, S.E.; Green, P.T. (2013). A morphological assessment of the Olearia phlogopappa complex (Asteraceae: Astereae).. Australian Systematic Botany 26: 31-81."	3408	Matthew.Baker@tmag.tas.gov.au	Matthew.Baker@tmag.tas.gov.au	key-8171-subspecies-of-olearia-phlogopappa-in-tasmania.tsv
8369	"2018-01-02 11:45:39"	"2018-01-02 11:50:18"	"Species of Lepidium in Tasmania"	"Wapstra, M."	"Key to the species of Lepidium in Tasmania"	Lepidium	Tasmania	"Compiled from various sources including VicFlora (2016). Flora of Victoria, Royal Botanic Gardens Victoria, <https://vicflora.rbg.vic.gov.au>"		Matthew.Baker@tmag.tas.gov.au	niels.klazenga@rbg.vic.gov.au	key-8369-species-of-lepidium-in-tasmania.tsv
8373	"2018-01-19 09:57:29"	"2018-01-19 09:57:30"	"Key to the status of plants in Tasmania"	"Baker, M.L."		Plantae	Tasmania			Matthew.Baker@tmag.tas.gov.au	niels.klazenga@rbg.vic.gov.au	key-8373-key-to-the-status-of-plants-in-tasmania.tsv
8451	"2018-03-20 09:38:12"	"2018-06-05 12:47:51"	"Species of Thinopyrum"	"Baker, M.L."	"Key to the species of Thinopyrum in Tasmania"	Thinopyrum	Tasmania			Matthew.Baker@tmag.tas.gov.au	Matthew.Baker@tmag.tas.gov.au	key-8451-species-of-thinopyrum.tsv
8452	"2018-03-20 14:29:41"	"2018-03-20 14:31:43"	"Species of Luzula"		"Key to the species of Luzula in Tasmania"	Luzula	Tasmania		3290	Matthew.Baker@tmag.tas.gov.au	Matthew.Baker@tmag.tas.gov.au	key-8452-species-of-luzula.tsv
8454	"2018-03-22 13:29:50"	"2018-05-22 14:21:39"	"Species of Trifolium"			Trifolium	Tasmania			Matthew.Baker@tmag.tas.gov.au	niels.klazenga@rbg.vic.gov.au	key-8454-species-of-trifolium.tsv
8500	"2018-05-21 17:58:23"	"2022-08-05 01:34:01"	"Families of dicotyledons in Tasmania"	"M.L. Baker & M.F. de Salas"	"Key to the families of Tasmanian dicots, modified from Curtis & Morris Student's Flora of Tasmania, Vol. 1."	Dicotyledons	Tasmania	"Text scanned and transcribed by Christine Howells, corrected and uploaded by Matthew Baker & Miguel de Salas"	3519	Matthew.Baker@tmag.tas.gov.au	niels.klazenga@rbg.vic.gov.au	key-8500-families-of-dicotyledons-in-tasmania.tsv
9370	"2019-03-14 15:24:51"	"2019-03-14 16:11:49"	"Key to the species of Rubus in Tasmania"	"Baker, M.L."	"
"	Rubus	Tasmania	"A key to the species of Rubus in Tasmania. Adapted from: Evans, K.J., Symon, D.E., Whalen, M.A., Hosking, J.R., Barker, R.M. and Oliver, J.A. (2007) Systematics of the Rubus fruticosus aggregate (Rosaceae) and other exotic Rubus taxa in Australia . Australian Systematic Botany 20:187-251."	3827	Matthew.Baker@tmag.tas.gov.au	niels.klazenga@rbg.vic.gov.au	key-9370-key-to-the-species-of-rubus-in-tasmania.tsv
9892	"2019-09-18 15:08:06"	"2019-09-19 07:38:12"	"Species of Wurmbea"	"Morris, D.I."		Wurmbea	Tasmania		3967	Matthew.Baker@tmag.tas.gov.au	Matthew.Baker@tmag.tas.gov.au	key-9892-species-of-wurmbea.tsv
10943	"2020-09-02 11:57:20"	"2020-09-02 01:57:22"	"Taxa of Epilobium"		"Draft key to taxa of Epilobium in Tasmania"	"Epilobium New"	Tasmania			Matthew.Baker@tmag.tas.gov.au	niels.klazenga@rbg.vic.gov.au	key-10943-taxa-of-epilobium.tsv
11432	"2020-12-02 14:27:22"	"2020-12-02 14:35:33"	"Species of Cotoneaster"	"Baker, M.L."	"Key to the species of Cotoneaster in Tasmania"	Cotoneaster	Tasmania		5000	Matthew.Baker@tmag.tas.gov.au	Matthew.Baker@tmag.tas.gov.au	key-11432-species-of-cotoneaster.tsv
11433	"2020-12-02 14:54:59"	"2020-12-02 03:55:01"	"Species of Genista"	"Baker, M.L."	"Key to the species of Genista in Tasmania"	Genista	Tasmania		5000	Matthew.Baker@tmag.tas.gov.au	niels.klazenga@rbg.vic.gov.au	key-11433-species-of-genista.tsv
11434	"2020-12-02 14:58:32"	"2020-12-02 03:58:35"	"Species of Kunzea"	"Baker, M.L."	"Key to the species of Kunzea in Tasmania"	Kunzea	Tasmania		5000	Matthew.Baker@tmag.tas.gov.au	niels.klazenga@rbg.vic.gov.au	key-11434-species-of-kunzea.tsv
11435	"2020-12-02 15:01:13"	"2020-12-02 04:01:15"	"Subspecies of Plantago coronopus"	"Baker, M.L."	"Key to the subspecies of Plantago coronopus in Tasmania"	"Plantago coronopus"	Tasmania		5000	Matthew.Baker@tmag.tas.gov.au	niels.klazenga@rbg.vic.gov.au	key-11435-subspecies-of-plantago-coronopus.tsv
11436	"2020-12-02 15:12:48"	"2020-12-02 04:12:50"	"Species of Setaria"	"Baker, M.L."	"Key to the species of Setaria in Tasmania"	Setaria	Tasmania		5000	Matthew.Baker@tmag.tas.gov.au	niels.klazenga@rbg.vic.gov.au	key-11436-species-of-setaria.tsv
12729	"2022-07-06 13:44:44"	"2022-07-11 01:54:30"	"Species of Carex (James Wood Key)"	"Wood, J."	"Key to the species of Carex in Tasmania"	Carex	Tasmania	"(i) = introduced species in Tasmania"	3292	Matthew.Baker@tmag.tas.gov.au	niels.klazenga@rbg.vic.gov.au	key-12729-species-of-carex-james-wood-key.tsv
12730	"2022-07-06 14:16:55"	"2022-07-06 14:17:08"	"Species of Lepidosperma (James Wood Key)"	"Wood, J."	"Key to the species of Lepidosperma in Tasmania"	Carex	Tasmania		3292	Matthew.Baker@tmag.tas.gov.au	Matthew.Baker@tmag.tas.gov.au	key-12730-species-of-lepidosperma-james-wood-key.tsv
12732	"2022-07-07 14:16:56"	"2023-08-24 09:00:16"	"Genera of Pteridophyta in Tasmania v 1.0"	"Matthew Baker"		Pteridophyta	Tasmania		5466	Matthew.Baker@tmag.tas.gov.au	Matthew.Baker@tmag.tas.gov.au	key-12732-genera-of-pteridophyta-in-tasmania-v-10.tsv
12746	"2022-07-08 15:04:26"	"2022-07-08 15:04:44"	"Species of Asplenium"	"Garrett, M."		Asplenium	Tasmania		5466	Matthew.Baker@tmag.tas.gov.au	Matthew.Baker@tmag.tas.gov.au	key-12746-species-of-asplenium.tsv
12748	"2022-07-08 15:11:26"	"2022-07-08 05:11:28"	"Species of Blechnum"	"Garrett, M."		Blechnum	Tasmania		5466	Matthew.Baker@tmag.tas.gov.au	niels.klazenga@rbg.vic.gov.au	key-12748-species-of-blechnum.tsv
12749	"2022-07-08 15:23:21"	"2022-07-08 05:23:24"	"Species of Cyathea"	"Garrett, M."		Cyathea	Tasmania		5466	Matthew.Baker@tmag.tas.gov.au	niels.klazenga@rbg.vic.gov.au	key-12749-species-of-cyathea.tsv
12750	"2022-07-08 15:25:02"	"2022-07-08 05:25:04"	"Species of Botrychium"	"Garrett, M."		Botrychium	Tasmania		5466	Matthew.Baker@tmag.tas.gov.au	niels.klazenga@rbg.vic.gov.au	key-12750-species-of-botrychium.tsv
12751	"2022-07-08 15:26:08"	"2022-07-08 05:26:10"	"Species of Doodia"	"Garrett, M."		Doodia	Tasmania		5466	Matthew.Baker@tmag.tas.gov.au	niels.klazenga@rbg.vic.gov.au	key-12751-species-of-doodia.tsv
12752	"2022-07-08 15:27:15"	"2022-07-08 05:27:17"	"Species of Gleichenia"	"Garrett, M."		Gleichenia	Tasmania		5466	Matthew.Baker@tmag.tas.gov.au	niels.klazenga@rbg.vic.gov.au	key-12752-species-of-gleichenia.tsv
12753	"2022-07-08 15:28:23"	"2022-07-08 05:28:25"	"Species of Cheilanthes"	"Garrett, M."		Cheilanthes	Tasmania		5466	Matthew.Baker@tmag.tas.gov.au	niels.klazenga@rbg.vic.gov.au	key-12753-species-of-cheilanthes.tsv
12754	"2022-07-08 15:29:37"	"2022-07-08 05:29:39"	"Species of Huperzia"	"Garrett, M."		Huperzia	Tasmania		5466	Matthew.Baker@tmag.tas.gov.au	niels.klazenga@rbg.vic.gov.au	key-12754-species-of-huperzia.tsv
12755	"2022-07-08 15:31:04"	"2022-07-08 05:31:06"	"Species of Hymenophyllum"	"Garrett, M."		Hymenophyllum	Tasmania		5466	Matthew.Baker@tmag.tas.gov.au	niels.klazenga@rbg.vic.gov.au	key-12755-species-of-hymenophyllum.tsv
12756	"2022-07-08 15:32:53"	"2022-07-08 05:32:56"	"Species of Grammitis"	"Garrett, M."		Grammitis	Tasmania		5466	Matthew.Baker@tmag.tas.gov.au	niels.klazenga@rbg.vic.gov.au	key-12756-species-of-grammitis.tsv
12757	"2022-07-08 16:10:43"	"2022-07-08 06:10:45"	"Species of Hypolepis"	"Garrett, M."		Hypolepis	Tasmania		5466	Matthew.Baker@tmag.tas.gov.au	niels.klazenga@rbg.vic.gov.au	key-12757-species-of-hypolepis.tsv
12758	"2022-07-08 16:11:48"	"2022-07-08 06:11:50"	"Species of Lindsaea"	"Garrett, M."		Lindsaea	Tasmania		5466	Matthew.Baker@tmag.tas.gov.au	niels.klazenga@rbg.vic.gov.au	key-12758-species-of-lindsaea.tsv
12759	"2022-07-08 16:12:43"	"2022-07-08 06:12:45"	"Species of Lycopodiella"	"Garrett, M."		Lycopodiella	Tasmania		5466	Matthew.Baker@tmag.tas.gov.au	niels.klazenga@rbg.vic.gov.au	key-12759-species-of-lycopodiella.tsv
12760	"2022-07-08 16:13:53"	"2022-07-08 06:13:55"	"Species of Isoetes "	"Garrett, M."		Isoetes	Tasmania		5466	Matthew.Baker@tmag.tas.gov.au	niels.klazenga@rbg.vic.gov.au	key-12760-species-of-isoetes.tsv
12761	"2022-07-08 16:14:55"	"2022-07-08 06:14:57"	"Species of Lycopodium"	"Garrett, M."		Lycopodium	Tasmania		5466	Matthew.Baker@tmag.tas.gov.au	niels.klazenga@rbg.vic.gov.au	key-12761-species-of-lycopodium.tsv
12762	"2022-07-08 16:15:57"	"2022-07-08 06:16:00"	"Species of Pellaea"	"Garrett, M."		Pellaea	Tasmania		5466	Matthew.Baker@tmag.tas.gov.au	niels.klazenga@rbg.vic.gov.au	key-12762-species-of-pellaea.tsv
12763	"2022-07-08 16:16:53"	"2022-07-08 06:16:55"	"Species of Lastreopsis"	"Garrett, M."		Lastreopsis	Tasmania		5466	Matthew.Baker@tmag.tas.gov.au	niels.klazenga@rbg.vic.gov.au	key-12763-species-of-lastreopsis.tsv
12764	"2022-07-08 16:18:21"	"2022-07-08 06:18:24"	"Species of Tmesipteris"	"Garrett, M."		Tmesipteris	Tasmania		5466	Matthew.Baker@tmag.tas.gov.au	niels.klazenga@rbg.vic.gov.au	key-12764-species-of-tmesipteris.tsv
12765	"2022-07-08 16:19:17"	"2022-07-08 06:19:19"	"Species of Pteris"	"Garrett, M."		Pteris	Tasmania		5466	Matthew.Baker@tmag.tas.gov.au	niels.klazenga@rbg.vic.gov.au	key-12765-species-of-pteris.tsv
12766	"2022-07-08 16:20:02"	"2022-07-08 06:20:05"	"Species of Schizaea"	"Garrett, M."		Schizaea	Tasmania		5466	Matthew.Baker@tmag.tas.gov.au	niels.klazenga@rbg.vic.gov.au	key-12766-species-of-schizaea.tsv
12767	"2022-07-08 16:21:02"	"2022-07-08 06:21:04"	"Species of Selaginella"	"Garrett, M."		Selaginella	Tasmania		5466	Matthew.Baker@tmag.tas.gov.au	niels.klazenga@rbg.vic.gov.au	key-12767-species-of-selaginella.tsv
12768	"2022-07-08 16:22:07"	"2022-07-08 06:22:09"	"Species of Sticherus"	"Garrett, M."		Sticherus	Tasmania		5466	Matthew.Baker@tmag.tas.gov.au	niels.klazenga@rbg.vic.gov.au	key-12768-species-of-sticherus.tsv
12780	"2022-07-18 16:24:30"	"2022-07-18 16:26:33"	"Species of Acacia"	"Wapstra, M."	"A draft key to the species of Acacia in Tasmania. The Key includes Paraserianthes lophantha. 
It is yet to include the following taxa:
A. saligna;
A. cultriformis;
A. acinacea;
A. simmondsii (single MW collection – ignore?);
A. sp. Sugarloaf;
A. vestita (single NVA record  – weedy site, not naturalised);
A. rubida (NVA records and 1 HO collection)"	Acacia	Tasmania			Matthew.Baker@tmag.tas.gov.au	Matthew.Baker@tmag.tas.gov.au	key-12780-species-of-acacia.tsv
12781	"2022-07-18 16:30:01"	"2022-07-18 06:30:03"	"Subspecies of Acacia verticillata"	"Wapstra, M."	"Draft key to the subspecies of Acacia verticillata"	"Acacia verticillata"	Tasmania			Matthew.Baker@tmag.tas.gov.au	niels.klazenga@rbg.vic.gov.au	key-12781-subspecies-of-acacia-verticillata.tsv
12782	"2022-07-18 16:31:44"	"2022-07-18 06:31:46"	"Subspecies of Acacia longifolia"	"Wapstra, M."	"Draft key to the subspecies of Acacia longifolia in Tasmania"	"Acacia longifolia"	Tasmania			Matthew.Baker@tmag.tas.gov.au	niels.klazenga@rbg.vic.gov.au	key-12782-subspecies-of-acacia-longifolia.tsv
12783	"2022-07-18 16:33:32"	"2022-07-18 06:33:35"	"subspecies of Acacia mucronata"	"Wapstra, M."	"Draft key to subspecies of Acacia mucronata"	"Acacia mucronata"	Tasmania			Matthew.Baker@tmag.tas.gov.au	niels.klazenga@rbg.vic.gov.au	key-12783-subspecies-of-acacia-mucronata.tsv
12840	"2022-08-23 09:22:36"	"2022-08-22 23:22:40"	a	a	a	Asteraceae	Tasmania	a		Matthew.Baker@tmag.tas.gov.au	niels.klazenga@rbg.vic.gov.au	key-12840-a.tsv
13104	"2023-06-27 11:29:46"	"2023-08-24 09:07:42"	"Key to the Species of Solanum (Morelloid clade - nightshades) in Australia"			Solanum	Australia		5605	Matthew.Baker@tmag.tas.gov.au	Matthew.Baker@tmag.tas.gov.au	key-13104-key-to-the-species-of-solanum-morelloid-clade-nightshades-in-australia.tsv
13105	"2023-06-27 11:41:53"	"2023-06-27 01:41:55"	"Key to the Species of Solanum in Tasmania"			Solanum	Tasmania		5605	Matthew.Baker@tmag.tas.gov.au	niels.klazenga@rbg.vic.gov.au	key-13105-key-to-the-species-of-solanum-in-tasmania.tsv
13106	"2023-06-28 14:56:19"	"2023-06-28 04:56:21"	"Draft Key to the Species of Thinopyrum  (and related taxa) in Tasmania"			Thinopyrum	Tasmania			Matthew.Baker@tmag.tas.gov.au	niels.klazenga@rbg.vic.gov.au	key-13106-draft-key-to-the-species-of-thinopyrum-and-related-taxa-in-tasmania.tsv
13148	"2023-08-22 13:31:29"	"2023-08-23 23:05:05"	"Genera of Pteridophyta in Tasmania v 1.1"	"Matthew Baker"		Pteridophyta	Tasmania		5466	Matthew.Baker@tmag.tas.gov.au	niels.klazenga@rbg.vic.gov.au	key-13148-genera-of-pteridophyta-in-tasmania-v-11.tsv
13209	"2023-12-06 16:41:54"	"2023-12-06 16:44:23"	"Taxa of Oreobolus (Morris 2001)"			Oreobolus	Tasmania		5628	Matthew.Baker@tmag.tas.gov.au	Matthew.Baker@tmag.tas.gov.au	key-13209-taxa-of-oreobolus-morris-2001.tsv
