id	author	year	title	collection_authors	collection_title	edition	series	volume	part	publisher	place_of_publication	pages	url
1469	"Duretto, M.F."	2011	Hydatellaceae	"M.F. Duretto (Ed.)"	"Flora of Tasmania Online"					"Tasmanian Herbarium, Tasmanian Museum & Art Gallery"	Hobart		
1470	"Morris D.I."	2009	Lauraceae	"M.F. Duretto (Ed.)"	"Flora of Tasmania Online"					"Tasmanian Herbarium, Tasmanian Museum & Art Gallery"	Hobart		http://demo1.tmag.tas.gov.au/treatments/families/Lauraceae/Lauraceae.html
1471	"Morris D.I."	2009	Papaveraceae	"M.F. Duretto (Ed.)"	"Flora of Tasmania Online"					"Tasmanian Herbarium, Tasmanian Museum & Art Gallery"	Hobart		http://demo1.tmag.tas.gov.au/treatments/families/Papaveraceae/Papaveraceae.html
1472	"Morris, D.I."	2009	Papaveraceae	"M.F. Duretto (Ed.)"	"Flora of Tasmania Online"					"Tasmanian Herbarium, Tasmanian Museum & Art Gallery"	Hobart		http://demo1.tmag.tas.gov.au/treatments/families/Papaveraceae/Papaveraceae.html#x01-00-anchor
1473	"Morris D.I."	2009	Fumariaceae	"M.F. Duretto (Ed.)"	"Flora of Tasmania Online"					"Tasmanian Herbarium, Tasmanian Museum & Art Gallery"	Hobart		http://demo1.tmag.tas.gov.au/treatments/families/Fumariaceae/Fumariaceae.html
1474	"Morris D.I."	2009	Fumariaceae	"M.F. Duretto (Ed.)"	"Flora of Tasmania Online"					"Tasmanian Herbarium, Tasmanian Museum & Art Gallery"	Hobart		http://demo1.tmag.tas.gov.au/treatments/families/Fumariaceae/Fumariaceae.html#x02-00-anchor
1475	"Morris D.I."	2009	Berberidaceae	"M.F. Duretto (Ed.)"	"Flora of Tasmania Online"					"Tasmanian Herbarium, Tasmanian Museum & Art Gallery"	Hobart		http://demo1.tmag.tas.gov.au/treatments/families/Berberidaceae/Berberidaceae.html
1476	"Duretto, M.F."	2009	Ranunculaceae	"M.F. Duretto (Ed.)"	"Flora of Tasmania Online"					"Tasmanian Herbarium, Tasmanian Museum & Art Gallery"	Hobart		http://demo1.tmag.tas.gov.au/treatments/families/Ranunculaceae/Ranunculaceae.html
1477	"Duretto, M.F."	2009	Ranunculaceae	"M.F. Duretto (Ed.)"	"Flora of Tasmania Online"					"Tasmanian Herbarium, Tasmanian Museum & Art Gallery"	Hobart		http://demo1.tmag.tas.gov.au/treatments/families/Ranunculaceae/Ranunculaceae.html#x04-00-anchor
1478	"Duretto, M.F."	2009	Ranunculaceae	"M.F. Duretto (Ed.)"	"Flora of Tasmania Online"					"Tasmanian Herbarium, Tasmanian Museum & Art Gallery"	Hobart		http://demo1.tmag.tas.gov.au/treatments/families/Ranunculaceae/Ranunculaceae.html#x06-00-anchor
1480	"Gray, A.M."	2009	Lythraceae	"M.F. Duretto (Ed.)"	"Flora of Tasmania Online"					"Tasmanian Herbarium, Tasmanian Museum & Art Gallery"	Hobart		http://demo1.tmag.tas.gov.au/treatments/families/Lythraceae/Lythraceae.html
1481	"Morris, D.I. & Baker, M.L."	2009	Urticaceae	"M.F. Duretto (Ed.)"	"Flora of Tasmania Online"					"Tasmanian Herbarium, Tasmanian Museum & Art Gallery"	Hobart		http://demo1.tmag.tas.gov.au/treatments/families/Urticaceae/Urticaceae.html
1482	"Morris, D.I. & Baker, M.L."	2009	Urticaceae	"M.F. Duretto (Ed.)"	"Flora of Tasmania Online"					"Tasmanian Herbarium, Tasmanian Museum & Art Gallery"	Hobart		http://demo1.tmag.tas.gov.au/treatments/families/Urticaceae/Urticaceae.html#x01-00-anchor
1483	"Morris, D.I. & Baker, M.L."	2009	Urticaceae	"M.F. Duretto (Ed.)"	"Flora of Tasmania Online"					"Tasmanian Herbarium, Tasmanian Museum & Art Gallery"	Hobart		http://demo1.tmag.tas.gov.au/treatments/families/Urticaceae/Urticaceae.html#x02-00-anchor
1484	"Morris, D.I."	2009	Curcurbitaceae	"M.F. Duretto (Ed.)"	"Flora of Tasmania Online"					"Tasmanian Herbarium, Tasmanian Museum & Art Gallery"	Hobart		http://demo1.tmag.tas.gov.au/treatments/families/Cucurbitaceae/Cucurbitaceae.html
1485	"Duretto, M.F."	2009	Nothofagaceae	"M.F. Duretto (Ed.)"	"Flora of Tasmania Online"					"Tasmanian Herbarium, Tasmanian Museum & Art Gallery"	Hobart		http://demo1.tmag.tas.gov.au/treatments/families/Nothofagaceae/Nothofagaceae.html
1486	"Morris, D.I."	2009	Casuarinaceae	"M.F. Duretto (Ed.)"	"Flora of Tasmania Online"					"Tasmanian Herbarium, Tasmanian Museum & Art Gallery"	Hobart		http://demo1.tmag.tas.gov.au/treatments/families/Casuarinaceae/Casuarinaceae.html
1487	"Gray, A.M."	2011	Oxalidaceae	"M.F. Duretto (Ed.)"	"Flora of Tasmania Online"					"Tasmanian Herbarium, Tasmanian Museum & Art Gallery"	Hobart		http://demo1.tmag.tas.gov.au/treatments/families/Oxalidaceae/Oxalidaceae.html
1488	"Gray, A.M."	2011	Elaeocarpaceae	"M.F. Duretto (Ed.)"	"Flora of Tasmania Online"					"Tasmanian Herbarium, Tasmanian Museum & Art Gallery"	Hobart		http://demo1.tmag.tas.gov.au/treatments/families/Elaeocarpaceae/Elaeocarpaceae.html
1489	"Gray, A.M."	2011	Elaeocarpaceae	"M.F. Duretto (Ed.)"	"Flora of Tasmania Online"					"Tasmanian Herbarium, Tasmanian Museum & Art Gallery"	Hobart		http://demo1.tmag.tas.gov.au/treatments/families/Elaeocarpaceae/Elaeocarpaceae.html
1490	"Gray, A.M."	2011	Elaeocarpaceae	"M.F. Duretto (Ed.)"	"Flora of Tasmania Online"					"Tasmanian Herbarium, Tasmanian Museum & Art Gallery"	Hobart		http://demo1.tmag.tas.gov.au/treatments/families/Elaeocarpaceae/Elaeocarpaceae.html
1491	"Duretto, M.F."	2009	Cunoniaceae	"M.F. Duretto (Ed.)"	"Flora of Tasmania Online"					"Tasmanian Herbarium, Tasmanian Museum & Art Gallery"	Hobart		
1492		2009	Cunoniaceae	"Duretto, M.F."	"Flora of Tasmania Online"					"Tasmanian Herbarium, Tasmanian Museum & Art Gallery"	Hobart		http://demo1.tmag.tas.gov.au/treatments/families/Cunoniaceae/Cunoniaceae.html#x3-0-anchor
1493	"Duretto, M.F."	2009	Cunoniaceae	"M.F. Duretto (Ed.)"	"Flora of Tasmania Online"					"Tasmanian Herbarium, Tasmanian Museum & Art Gallery"	Hobart		http://demo1.tmag.tas.gov.au/treatments/families/Cunoniaceae/Cunoniaceae.html#x3-2-anchor
1494	"Gray, A.M."	2009	Linaceae	"M.F. Duretto (Ed.)"	"Flora of Tasmania Online"					"Tasmanian Herbarium, Tasmanian Museum & Art Gallery"	Hobart		http://demo1.tmag.tas.gov.au/treatments/families/Linaceae/Linaceae.html
1495	"Duretto, M.F."	2009	Violaceae	"M.F. Duretto (Ed.)"	"Flora of Tasmania Online"					"Tasmanian Herbarium, Tasmanian Museum & Art Gallery"	Hobart		http://demo1.tmag.tas.gov.au/treatments/families/Violaceae/Violaceae.html
1496	"Duretto, M.F."	2009	Violaceae	"M.F. Duretto (Ed.)"	"Flora of Tasmania Online"					"Tasmanian Herbarium, Tasmanian Museum & Art Gallery"	Hobart		http://demo1.tmag.tas.gov.au/treatments/families/Violaceae/Violaceae.html#x01-00-anchor
1497	"Duretto, M.F."	2009	Violaceae	"M.F. Duretto (Ed.)"	"Flora of Tasmania Online"					"Tasmanian Herbarium, Tasmanian Museum & Art Gallery"	Hobart		http://demo1.tmag.tas.gov.au/treatments/families/Violaceae/Violaceae.html#x01-07-anchor
1498	"Baker, M.L."	2011	Salicaceae	"M.F. Duretto (Ed.)"	"Flora of Tasmania Online"					"Tasmanian Herbarium, Tasmanian Museum & Art Gallery"	Hobart		http://demo1.tmag.tas.gov.au/treatments/families/Salicaceae/Salicaceae.html
1499	"Baker, M.L."	2011	Salicaceae	"M.F. Duretto (Ed.)"	"Flora of Tasmania Online"					"Tasmanian Herbarium, Tasmanian Museum & Art Gallery"	Hobart		http://demo1.tmag.tas.gov.au/treatments/families/Salicaceae/Salicaceae.html
1500	"Baker, M.L."	2011	Salicaceae	"M.F. Duretto (Ed.)"	"Flora of Tasmania Online"					"Tasmanian Herbarium, Tasmanian Museum & Art Gallery"	Hobart		http://demo1.tmag.tas.gov.au/treatments/families/Salicaceae/Salicaceae.html
1501	"Baker, M.L."	2011	Salicaceae	"M.F. Duretto (Ed.)"	"Flora of Tasmania Online"					"Tasmanian Herbarium, Tasmanian Museum & Art Gallery"	Hobart		http://demo1.tmag.tas.gov.au/treatments/families/Salicaceae/Salicaceae.html
1510	"Morris, D.I."	2009	Passifloraceae	"M.F. Duretto (Ed.)"	"Flora of Tasmania Online"					"Tasmanian Herbarium, Tasmanian Museum & Art Gallery"	Hobart		http://demo1.tmag.tas.gov.au/treatments/families/Passifloraceae/Passifloraceae.html
1511	"Baker, M.L."	2009	Resedaceae	"M.F. Duretto (Ed.)"	"Flora of Tasmania Online"					"Tasmanian Herbarium, Tasmanian Museum & Art Gallery"	Hobart		http://demo1.tmag.tas.gov.au/treatments/families/Resedaceae/Resedaceae.html
1512	"Baker, M.L."	2009	Sapindaceae	"M.F. Duretto (Ed.)"	"Flora of Tasmania Online"					"Tasmanian Herbarium, Tasmanian Museum & Art Gallery"	Hobart		http://demo1.tmag.tas.gov.au/treatments/families/Sapindaceae/Sapindaceae.html
1513	"Baker, M.L."	2009	Sapindaceae	"M.F. Duretto (Ed.)"	"Flora of Tasmania Online"					"Tasmanian Herbarium, Tasmanian Museum & Art Gallery"	Hobart		http://demo1.tmag.tas.gov.au/treatments/families/Sapindaceae/Sapindaceae.html#x02-00-anchor
1514	"Duretto, M. F."	2009	Rutaceae	"M.F. Duretto (Ed.)"	"Flora of Tasmania Online"					"Tasmanian Herbarium, Tasmanian Museum & Art Gallery"	Hobart		http://demo1.tmag.tas.gov.au/treatments/families/Rutaceae/Rutaceae.html
1515	"Duretto, M.F."	2009	Rutaceae	"M.F. Duretto (Ed.)"	"Flora of Tasmania Online"					"Tasmanian Herbarium, Tasmanian Museum & Art Gallery"	Hobart		http://demo1.tmag.tas.gov.au/treatments/families/Rutaceae/Rutaceae.html#x02-00-anchor
1516	"Duretto, M.F."	2009	Rutaceae	"M.F. Duretto (Ed.)"	"Flora of Tasmania Online"					"Tasmanian Herbarium, Tasmanian Museum & Art Gallery"	Hobart		http://demo1.tmag.tas.gov.au/treatments/families/Rutaceae/Rutaceae.html#x01-06-anchor
1517	"Duretto, M.F."	2009	Rutaceae	"M.F. Duretto (Ed.)"	"Flora of Tasmania Online"					"Tasmanian Herbarium, Tasmanian Museum & Art Gallery"	Hobart		http://demo1.tmag.tas.gov.au/treatments/families/Rutaceae/Rutaceae.html#x01-06-anchor
1518	"Duretto, M.F."	2009	Rutaceae	"M.F. Duretto (Ed.)"	"Flora of Tasmania Online"					"Tasmanian Herbarium, Tasmanian Museum & Art Gallery"	Hobart		http://demo1.tmag.tas.gov.au/treatments/families/Rutaceae/Rutaceae.html#x01-10-anchor
1519	"Duretto, M.F."	2009	Rutaceae	"M.F. Duretto (Ed.)"	"Flora of Tasmania Online"					"Tasmanian Herbarium, Tasmanian Museum & Art Gallery"	Hobart		http://demo1.tmag.tas.gov.au/treatments/families/Rutaceae/Rutaceae.html#x03-00-anchor
1520	"Duretto, M.F."	2009	Rutaceae	"M.F. Duretto (Ed.)"	"Flora of Tasmania Online"					"Tasmanian Herbarium, Tasmanian Museum & Art Gallery"	Hobart		http://demo1.tmag.tas.gov.au/treatments/families/Rutaceae/Rutaceae.html#x04-00-anchor
1521	"Duretto, M.F."	2009	Rutaceae	"M.F. Duretto (Ed.)"	"Flora of Tasmania Online"					"Tasmanian Herbarium, Tasmanian Museum & Art Gallery"	Hobart		http://demo1.tmag.tas.gov.au/treatments/families/Rutaceae/Rutaceae.html#x04-01-anchor
1522	"Duretto, M.F."	2009	Rutaceae	"M.F. Duretto (Ed.)"	"Flora of Tasmania Online"					"Tasmanian Herbarium, Tasmanian Museum & Art Gallery"	Hobart		http://demo1.tmag.tas.gov.au/treatments/families/Rutaceae/Rutaceae.html#x04-03-anchor
1523	"Duretto, M.F."	2009	Rutaceae	"M.F. Duretto (Ed.)"	"Flora of Tasmania Online"					"Tasmanian Herbarium, Tasmanian Museum & Art Gallery"	Hobart		http://demo1.tmag.tas.gov.au/treatments/families/Rutaceae/Rutaceae.html#x04-03-anchor
1524	"Duretto, M.F."	2009	Rutaceae	"M.F. Duretto (Ed.)"	"Flora of Tasmania Online"					"Tasmanian Herbarium, Tasmanian Museum & Art Gallery"	Hobart		http://demo1.tmag.tas.gov.au/treatments/families/Rutaceae/Rutaceae.html#x04-03-anchor
1525	"Duretto, M.F."	2009	Rutaceae	"M.F. Duretto (Ed.)"	"Flora of Tasmania Online"					"Tasmanian Herbarium, Tasmanian Museum & Art Gallery"	Hobart		http://demo1.tmag.tas.gov.au/treatments/families/Rutaceae/Rutaceae.html#x04-03-anchor
1526	"Lepschi, B.J."	2009	Santalaceae	"M.F. Duretto (Ed.)"	"Flora of Tasmania Online"					"Tasmanian Herbarium, Tasmanian Museum & Art Gallery"	Hobart		http://demo1.tmag.tas.gov.au/treatments/families/Santalaceae/Santalaceae.html
1527	"Lepschi, B.J."	2009	Santalaceae	"M.F. Duretto (Ed.)"	"Flora of Tasmania Online"					"Tasmanian Herbarium, Tasmanian Museum & Art Gallery"	Hobart		http://demo1.tmag.tas.gov.au/treatments/families/Santalaceae/Santalaceae.html#x02-00-anchor
1528	"Lepschi, B.J."	2009	Santalaceae	"M.F. Duretto (Ed.)"	"Flora of Tasmania Online"					"Tasmanian Herbarium, Tasmanian Museum & Art Gallery"	Hobart		http://demo1.tmag.tas.gov.au/treatments/families/Santalaceae/Santalaceae.html#x03-00-anchor
1529	"Gray, A.M."	2009	Dilleniaceae	"M.F. Duretto (Ed.)"	"Flora of Tasmania Online"					"Tasmanian Herbarium, Tasmanian Museum & Art Gallery"	Hobart		http://demo1.tmag.tas.gov.au/treatments/families/Dilleniaceae/Dilleniaceae.html
1532	"Morris, D.I."	2009	Polygonaceae	"M.F. Duretto (Ed.)"	"Flora of Tasmania Online"					"Tasmanian Herbarium, Tasmanian Museum & Art Gallery"	Hobart		http://demo1.tmag.tas.gov.au/treatments/families/Polygonaceae/Polygonaceae.html
1533	"Morris, D.I."	2009	Polygonaceae	"M.F. Duretto (Ed.)"	"Flora of Tasmania Online"					"Tasmanian Herbarium, Tasmanian Museum & Art Gallery"	Hobart		http://demo1.tmag.tas.gov.au/treatments/families/Polygonaceae/Polygonaceae.html#x01-00-anchor
1534	"Morris, D.I."	2009	Polygonaceae	"M.F. Duretto (Ed.)"	"Flora of Tasmania Online"					"Tasmanian Herbarium, Tasmanian Museum & Art Gallery"	Hobart		http://demo1.tmag.tas.gov.au/treatments/families/Polygonaceae/Polygonaceae.html#x02-00-anchor
1535	"Morris, D.I."	2009	Polygonaceae	"M.F. Duretto (Ed.)"	"Flora of Tasmania Online"					"Tasmanian Herbarium, Tasmanian Museum & Art Gallery"	Hobart		http://demo1.tmag.tas.gov.au/treatments/families/Polygonaceae/Polygonaceae.html#x03-00-anchor
1536	"Morris, D.I."	2009	Polygonaceae	"M.F. Duretto (Ed.)"	"Flora of Tasmania Online"					"Tasmanian Herbarium, Tasmanian Museum & Art Gallery"	Hobart		http://demo1.tmag.tas.gov.au/treatments/families/Polygonaceae/Polygonaceae.html#x04-00-anchor
1537	"Morris, D.I."	2009	Polygonaceae	"M.F. Duretto (Ed.)"	"Flora of Tasmania Online"					"Tasmanian Herbarium, Tasmanian Museum & Art Gallery"	Hobart		http://demo1.tmag.tas.gov.au/treatments/families/Polygonaceae/Polygonaceae.html#x05-00-anchor
1538	"Morris, D.I."	2009	Droseraceae	"M.F. Duretto (Ed.)"	"Flora of Tasmania Online"					"Tasmanian Herbarium, Tasmanian Museum & Art Gallery"	Hobart		http://demo1.tmag.tas.gov.au/treatments/families/Droseraceae/Droseraceae.html
1539	"Duretto, M.F.; Morris, D.I."	2011	Amaranthaceae	"M.F. Duretto (Ed.)"	"Flora of Tasmania Online"					"Tasmanian Herbarium, Tasmanian Museum & Art Gallery"	Hobart		http://demo1.tmag.tas.gov.au/treatments/families/Amaranthaceae/Amaranthaceae.html
1540	"Duretto, M.F.; Morris, D.I."	2011	Amaranthaceae	"M.F. Duretto (Ed.)"	"Flora of Tasmania Online"					"Tasmanian Herbarium, Tasmanian Museum & Art Gallery"	Hobart		http://demo1.tmag.tas.gov.au/treatments/families/Amaranthaceae/Amaranthaceae.html
1541	"Duretto, M.F.; Morris, D.I."	2011	Amaranthaceae	"M.F. Duretto (Ed.)"	"Flora of Tasmania Online"					"Tasmanian Herbarium, Tasmanian Museum & Art Gallery"	Hobart		http://demo1.tmag.tas.gov.au/treatments/families/Amaranthaceae/Amaranthaceae.html
1542	"Duretto, M.F.; Morris, D.I."	2011	Amaranthaceae	"M.F. Duretto (Ed.)"	"Flora of Tasmania Online"					"Tasmanian Herbarium, Tasmanian Museum & Art Gallery"	Hobart		http://demo1.tmag.tas.gov.au/treatments/families/Amaranthaceae/Amaranthaceae.html
1543	"Duretto, M.F.; Morris, D.I."	2011	Amaranthaceae	"M.F. Duretto (Ed.)"	"Flora of Tasmania Online"					"Tasmanian Herbarium, Tasmanian Museum & Art Gallery"	Hobart		http://demo1.tmag.tas.gov.au/treatments/families/Amaranthaceae/Amaranthaceae.html
1544	"Duretto, M.F.; Morris, D.I."	2011	Amaranthaceae	"M.F. Duretto (Ed.)"	"Flora of Tasmania Online"					"Tasmanian Herbarium, Tasmanian Museum & Art Gallery"	Hobart		http://demo1.tmag.tas.gov.au/treatments/families/Amaranthaceae/Amaranthaceae.html
1545	"Duretto, M.F.; Morris, D.I."	2011	Amaranthaceae	"M.F. Duretto (Ed.)"	"Flora of Tasmania Online"					"Tasmanian Herbarium, Tasmanian Museum & Art Gallery"	Hobart		http://demo1.tmag.tas.gov.au/treatments/families/Amaranthaceae/Amaranthaceae.html
1546	"Duretto, M.F.; Morris, D.I."	2011	Amaranthaceae	"M.F. Duretto (Ed.)"	"Flora of Tasmania Online"					"Tasmanian Herbarium, Tasmanian Museum & Art Gallery"	Hobart		http://demo1.tmag.tas.gov.au/treatments/families/Amaranthaceae/Amaranthaceae.html
1547	"Morris, D.I.; Duretto, M.F."	2009	Portulacaceae	"M.F. Duretto (Ed.)"	"Flora of Tasmania Online"					"Tasmanian Herbarium, Tasmanian Museum & Art Gallery"	Hobart		http://demo1.tmag.tas.gov.au/treatments/families/Portulacaceae/Portulacaceae.html
1548	"Morris, D.I.; Duretto, M.F."	2009	Portulacaceae	"M.F. Duretto (Ed.)"	"Flora of Tasmania Online"					"Tasmanian Herbarium, Tasmanian Museum & Art Gallery"	Hobart		http://demo1.tmag.tas.gov.au/treatments/families/Portulacaceae/Portulacaceae.html#x02-00-anchor
1549	"Morris, D.I.; Duretto, M.F."	2009	Portulacaceae	"M.F. Duretto (Ed.)"	"Flora of Tasmania Online"					"Tasmanian Herbarium, Tasmanian Museum & Art Gallery"	Hobart		http://demo1.tmag.tas.gov.au/treatments/families/Portulacaceae/Portulacaceae.html#x03-00-anchor
1550	"Morris, D.I.; Duretto, M.F."	2009	Portulacaceae	"M.F. Duretto (Ed.)"	"Flora of Tasmania Online"					"Tasmanian Herbarium, Tasmanian Museum & Art Gallery"	Hobart		http://demo1.tmag.tas.gov.au/treatments/families/Portulacaceae/Portulacaceae.html#x03-01-anchor
1551	"Morris, D.I.; Duretto, M.F."	2009	Aizoaceae	"M.F. Duretto (Ed.)"	"Flora of Tasmania Online"					"Tasmanian Herbarium, Tasmanian Museum & Art Gallery"	Hobart		http://demo1.tmag.tas.gov.au/treatments/families/Aizoaceae/Aizoaceae.html
1552	"Morris, D.I.; Duretto, M.F."	2009	Aizoaceae	"M.F. Duretto (Ed.)"	"Flora of Tasmania Online"					"Tasmanian Herbarium, Tasmanian Museum & Art Gallery"	Hobart		http://demo1.tmag.tas.gov.au/treatments/families/Aizoaceae/Aizoaceae.html#x1-0-anchor
1553	"Morris, D.I.; Duretto, M.F."	2009	Aizoaceae	"M.F. Duretto (Ed.)"	"Flora of Tasmania Online"					"Tasmanian Herbarium, Tasmanian Museum & Art Gallery"	Hobart		http://demo1.tmag.tas.gov.au/treatments/families/Aizoaceae/Aizoaceae.html#x2-0-anchor
1554	"Morris, D.I.; Duretto, M.F."	2009	Aizoaceae	"M.F. Duretto (Ed.)"	"Flora of Tasmania Online"					"Tasmanian Herbarium, Tasmanian Museum & Art Gallery"	Hobart		http://demo1.tmag.tas.gov.au/treatments/families/Aizoaceae/Aizoaceae.html#x5-0-anchor
1555	"Gray, A.M."	2011	Convolvulaceae	"M.F. Duretto (Ed.)"	"Flora of Tasmania Online"					"Tasmanian Herbarium, Tasmanian Museum & Art Gallery"	Hobart		http://demo1.tmag.tas.gov.au/treatments/families/Convolvulaceae/Convolvulaceae.html
1556	"Gray, A.M."	2011	Convolvulaceae	"M.F. Duretto (Ed.)"	"Flora of Tasmania Online"					"Tasmanian Herbarium, Tasmanian Museum & Art Gallery"	Hobart		http://demo1.tmag.tas.gov.au/treatments/families/Convolvulaceae/Convolvulaceae.html
1557	"Gray, A.M."	2011	Convolvulaceae	"M.F. Duretto (Ed.)"	"Flora of Tasmania Online"					"Tasmanian Herbarium, Tasmanian Museum & Art Gallery"	Hobart		http://demo1.tmag.tas.gov.au/treatments/families/Convolvulaceae/Convolvulaceae.html
1558	"Gray, A.M."	2011	Convolvulaceae	"M.F. Duretto (Ed.)"	"Flora of Tasmania Online"					"Tasmanian Herbarium, Tasmanian Museum & Art Gallery"	Hobart		http://demo1.tmag.tas.gov.au/treatments/families/Convolvulaceae/Convolvulaceae.html
1559	"Gray, A.M."	2011	Convolvulaceae	"M.F. Duretto (Ed.)"	"Flora of Tasmania Online"					"Tasmanian Herbarium, Tasmanian Museum & Art Gallery"	Hobart		http://demo1.tmag.tas.gov.au/treatments/families/Convolvulaceae/Convolvulaceae.html
1560	"Gray, A.M."	209	Oleaceae	"M.F. Duretto (Ed.)"	"Flora of Tasmania Online"					"Tasmanian Herbarium, Tasmanian Museum & Art Gallery"	Hobart		http://demo1.tmag.tas.gov.au/treatments/families/Oleaceae/Oleaceae.html
1561	"Gray, A.M."	2011	Stylidiaceae	"M.F. Duretto (Ed.)"	"Flora of Tasmania Online"					"Tasmanian Herbarium, Tasmanian Museum & Art Gallery"	Hobart		http://demo1.tmag.tas.gov.au/treatments/families/Stylidiaceae/Stylidiaceae.html
1562	"Gray, A.M."	2011	Stylidiaceae	"M.F. Duretto (Ed.)"	"Flora of Tasmania Online"					"Tasmanian Herbarium, Tasmanian Museum & Art Gallery"	Hobart		http://demo1.tmag.tas.gov.au/treatments/families/Stylidiaceae/Stylidiaceae.html
1563	"Gray, A.M."	2009	Menyanthaceae	"M.F. Duretto (Ed.)"	"Flora of Tasmania Online"					"Tasmanian Herbarium, Tasmanian Museum & Art Gallery"	Hobart		http://demo1.tmag.tas.gov.au/treatments/families/Menyanthaceae/Menyanthaceae.html
1564	"Gray, A.M."	2009	Menyanthaceae	"M.F. Duretto (Ed.)"	"Flora of Tasmania Online"					"Tasmanian Herbarium, Tasmanian Museum & Art Gallery"	Hobart		http://demo1.tmag.tas.gov.au/treatments/families/Menyanthaceae/Menyanthaceae.html#x01-00-anchor
1565	"Gray, A.M."	2009	Menyanthaceae	"M.F. Duretto (Ed.)"	"Flora of Tasmania Online"					"Tasmanian Herbarium, Tasmanian Museum & Art Gallery"	Hobart		http://demo1.tmag.tas.gov.au/treatments/families/Menyanthaceae/Menyanthaceae.html#x03-00-anchor
1566	"Gray, A.M."	2011	Goodeniaceae	"M.F. Duretto (Ed.)"	"Flora of Tasmania Online"					"Tasmanian Herbarium, Tasmanian Museum & Art Gallery"	Hobart		http://demo1.tmag.tas.gov.au/treatments/families/Goodeniaceae/Goodeniaceae.html
1567	"Gray, A.M."	2011	Goodeniaceae	"M.F. Duretto (Ed.)"	"Flora of Tasmania Online"					"Tasmanian Herbarium, Tasmanian Museum & Art Gallery"	Hobart		http://demo1.tmag.tas.gov.au/treatments/families/Goodeniaceae/Goodeniaceae.html
1568	"Gray, A.M."	2011	Goodeniaceae	"M.F. Duretto (Ed.)"	"Flora of Tasmania Online"					"Tasmanian Herbarium, Tasmanian Museum & Art Gallery"	Hobart		http://demo1.tmag.tas.gov.au/treatments/families/Goodeniaceae/Goodeniaceae.html
1569	"Gray, A.M."	2011	Goodeniaceae	"M.F. Duretto (Ed.)"	"Flora of Tasmania Online"					"Tasmanian Herbarium, Tasmanian Museum & Art Gallery"	Hobart		http://demo1.tmag.tas.gov.au/treatments/families/Goodeniaceae/Goodeniaceae.html
1570	"Duretto, M.F."	2009	Escalloniaceae	"M.F. Duretto (Ed.)"	"Flora of Tasmania Online"					"Tasmanian Herbarium, Tasmanian Museum & Art Gallery"	Hobart		http://demo1.tmag.tas.gov.au/treatments/families/Escalloniaceae/Escalloniaceae.html
1571	"Gray, A.M."	2011	Dipsacaceae	"M.F. Duretto (Ed.)"	"Flora of Tasmania Online"					"Tasmanian Herbarium, Tasmanian Museum & Art Gallery"	Hobart		http://demo1.tmag.tas.gov.au/treatments/families/Dipsacaceae/Dipsacaceae.html
1572	"Gray, A.M.; Duretto, M.F."	"In Press"	Proteaceae	"M.F. de Salas; M.F. Duretto (Eds)"	"Flora of Tasmania Online"					"Tasmanian Herbarium, Tasmanian Museum & Art Gallery"	Hobart		
1573	"Gray, A.M.; Duretto, M.F."	"In Press"	Proteaceae	"M.F. de Salas; M.F. Duretto (Eds)"	"Flora of Tasmania Online"					"Tasmanian Herbarium, Tasmanian Museum & Art Gallery"	Hobart		
1574	"Gray, A.M.; Duretto, M.F."	"In Press"	Proteaceae	"M.F. de Salas; M.F. Duretto (Eds)"	"Flora of Tasmania Online"					"Tasmanian Herbarium, Tasmanian Museum & Art Gallery"	Hobart		
1575	"Gray, A.M.; Duretto, M.F."	"In Press"	Proteaceae	"M.F. de Salas; M.F. Duretto (Eds)"	"Flora of Tasmania Online"					"Tasmanian Herbarium, Tasmanian Museum & Art Gallery"	Hobart		
1576	"Gray, A.M.; Duretto, M.F."	"In Press"	Proteaceae	"M.F. de Salas; M.F. Duretto (Eds)"	"Flora of Tasmania Online"					"Tasmanian Herbarium, Tasmanian Museum & Art Gallery"	Hobart		
1577	"Gray, A.M.; Duretto, M.F."	"In Press"	Proteaceae	"M.F. de Salas; M.F. Duretto (Eds)"	"Flora of Tasmania Online"					"Tasmanian Herbarium, Tasmanian Museum & Art Gallery"	Hobart		
1578	"Gray, A.M.; Duretto, M.F."	"In Press"	Proteaceae	"M.F. de Salas; M.F. Duretto (Eds)"	"Flora of Tasmania Online"					"Tasmanian Herbarium, Tasmanian Museum & Art Gallery"	Hobart		
1579	"Gray, A.M.; Duretto, M.F."	"In Press"	Proteaceae	"M.F. de Salas; M.F. Duretto (Eds)"	"Flora of Tasmania Online"					"Tasmanian Herbarium, Tasmanian Museum & Art Gallery"	Hobart		
1580	"Gray, A.M.; Duretto, M.F."	"In Press"	Proteaceae	"M.F. de Salas; M.F. Duretto (Eds)"	"Flora of Tasmania Online"					"Tasmanian Herbarium, Tasmanian Museum & Art Gallery"	Hobart		
1581	"Gray, A.M.; Duretto, M.F."	"In Press"	Proteaceae	"M.F. de Salas; M.F. Duretto (Eds)"	"Flora of Tasmania Online"					"Tasmanian Herbarium, Tasmanian Museum & Art Gallery"	Hobart		
1582	"Gray, A.M.; Craven, L.A.; Lepschi, B.J."	"In Press"	Myrtaceae	"M.F. de Salas; M.F. Duretto (Eds)"	"Flora of Tasmania Online"					"Tasmanian Herbarium, Tasmanian Museum & Art Gallery"	Hobart		
1583	"Gray, A.M.; Craven, L.A.; Lepschi, B.J."	"In Press"	Myrtaceae	"M.F. de Salas; M.F. Duretto (Eds)"	"Flora of Tasmania Online"					"Tasmanian Herbarium, Tasmanian Museum & Art Gallery"	Hobart		
1584	"Gray, A.M.; Craven, L.A.; Lepschi, B.J."	"In Press"	Myrtaceae	"M.F. de Salas; M.F. Duretto (Eds)"	"Flora of Tasmania Online"					"Tasmanian Herbarium, Tasmanian Museum & Art Gallery"	Hobart		
1585	"Gray, A.M.; Craven, L.A.; Lepschi, B.J."	"In Press"	Myrtaceae	"M.F. de Salas; M.F. Duretto (Eds)"	"Flora of Tasmania Online"					"Tasmanian Herbarium, Tasmanian Museum & Art Gallery"	Hobart		
1586	"Gray, A.M.; Craven, L.A.; Lepschi, B.J."	"In Press"	Myrtaceae	"M.F. de Salas; M.F. Duretto (Eds)"	"Flora of Tasmania Online"					"Tasmanian Herbarium, Tasmanian Museum & Art Gallery"	Hobart		
1587	"Gray, A.M.; Craven, L.A.; Lepschi, B.J."	"In Press"	Myrtaceae	"M.F. de Salas; M.F. Duretto (Eds)"	"Flora of Tasmania Online"					"Tasmanian Herbarium, Tasmanian Museum & Art Gallery"	Hobart		
1588	"Gray, A.M.; Craven, L.A.; Lepschi, B.J."	"In Press"	Myrtaceae	"M.F. de Salas; M.F. Duretto (Eds)"	"Flora of Tasmania Online"					"Tasmanian Herbarium, Tasmanian Museum & Art Gallery"	Hobart		
1589	"Gray, A.M.; Craven, L.A.; Lepschi, B.J."	"In Press"	Myrtaceae	"M.F. de Salas; M.F. Duretto (Eds)"	"Flora of Tasmania Online"					"Tasmanian Herbarium, Tasmanian Museum & Art Gallery"	Hobart		
1590	"Gray, A.M.; Craven, L.A.; Lepschi, B.J."	"In Press"	Myrtaceae	"M.F. de Salas; M.F. Duretto (Eds)"	"Flora of Tasmania Online"					"Tasmanian Herbarium, Tasmanian Museum & Art Gallery"	Hobart		
1591	"Gray, A.M.; Craven, L.A.; Lepschi, B.J."	"In Press"	Myrtaceae	"M.F. de Salas; M.F. Duretto (Eds)"	"Flora of Tasmania Online"					"Tasmanian Herbarium, Tasmanian Museum & Art Gallery"	Hobart		
1592	"Gray, A.M.; Craven, L.A.; Lepschi, B.J."	"In Press"	Myrtaceae	"M.F. de Salas; M.F. Duretto (Eds)"	"Flora of Tasmania Online"					"Tasmanian Herbarium, Tasmanian Museum & Art Gallery"	Hobart		
1593	"Gray, A.M."	"In Press"	Geraniaceae	"M.F. de Salas; M.F. Duretto (Eds)"	"Flora of Tasmania Online"					"Tasmanian Herbarium, Tasmanian Museum & Art Gallery"	Hobart		
1594	"Gray, A.M."	"In Press"	Geraniaceae	"M.F. de Salas; M.F. Duretto (Eds)"	"Flora of Tasmania Online"					"Tasmanian Herbarium, Tasmanian Museum & Art Gallery"	Hobart		
1595	"Gray, A.M."	"In Press"	Geraniaceae	"M.F. de Salas; M.F. Duretto (Eds)"	"Flora of Tasmania Online"					"Tasmanian Herbarium, Tasmanian Museum & Art Gallery"	Hobart		
1596	"Gray, A.M."	"In Press"	Geraniaceae	"M.F. de Salas; M.F. Duretto (Eds)"	"Flora of Tasmania Online"					"Tasmanian Herbarium, Tasmanian Museum & Art Gallery"	Hobart		
1597	"Gray, A.M."	"In Press"	Valerianaceae	"M.F. de Salas; M.F. Duretto (Eds)"	"Flora of Tasmania Online"					"Tasmanian Herbarium, Tasmanian Museum & Art Gallery"	Hobart		
1598	"Gray, A.M."	"In Press"	Valerianaceae	"M.F. de Salas; M.F. Duretto (Eds)"	"Flora of Tasmania Online"					"Tasmanian Herbarium, Tasmanian Museum & Art Gallery"	Hobart		
1599	"Gray, A.M."	"In Press"	Solanaceae	"M.F. de Salas; M.F. Duretto (Eds)"	"Flora of Tasmania Online"					"Tasmanian Herbarium, Tasmanian Museum & Art Gallery"	Hobart		
1600	"Gray, A.M."	"In Press"	Solanaceae	"M.F. de Salas; M.F. Duretto (Eds)"	"Flora of Tasmania Online"					"Tasmanian Herbarium, Tasmanian Museum & Art Gallery"	Hobart		
1601	"Gray, A.M."	"In Press"	Solanaceae	"M.F. de Salas; M.F. Duretto (Eds)"	"Flora of Tasmania Online"					"Tasmanian Herbarium, Tasmanian Museum & Art Gallery"	Hobart		
1602	"Gray, A.M."	"In Press"	Solanaceae	"M.F. de Salas; M.F. Duretto (Eds)"	"Flora of Tasmania Online"					"Tasmanian Herbarium, Tasmanian Museum & Art Gallery"	Hobart		
1603	"Gray, A.M."	"In Press"	Polemoniaceae	"M.F. de Salas; M.F. Duretto (Eds)"	"Flora of Tasmania Online"					"Tasmanian Herbarium, Tasmanian Museum & Art Gallery"	Hobart		
1604	"Gray, A.M."	"In Press"	Plumbaginaceae	"M.F. de Salas; M.F. Duretto (Eds)"	"Flora of Tasmania Online"					"Tasmanian Herbarium, Tasmanian Museum & Art Gallery"	Hobart		
1605	"Gray, A.M."	"In Press"	Plumbaginaceae	"M.F. de Salas; M.F. Duretto (Eds)"	"Flora of Tasmania Online"					"Tasmanian Herbarium, Tasmanian Museum & Art Gallery"	Hobart		
1606	"Gray, A.M."	"In Press"	Thymelaeaceae	"M.F. de Salas; M.F. Duretto (Eds)"	"Flora of Tasmania Online"					"Tasmanian Herbarium, Tasmanian Museum & Art Gallery"	Hobart		
1607	"Gray, A.M."	"In Press"	Thymelaeaceae	"M.F. de Salas; M.F. Duretto (Eds)"	"Flora of Tasmania Online"					"Tasmanian Herbarium, Tasmanian Museum & Art Gallery"	Hobart		
1608	"Crowden, R.K.; Duretto, M.F."	"In Press"	Ericaceae	"M.F. de Salas (Ed.)"	"Flora of Tasmania Online"					"Tasmanian Herbarium, Tasmanian Museum & Art Gallery"	Hobart		
1609	"Crowden, R.K.; Duretto, M.F."	"In Press"	Ericaceae	"M.F. de Salas (Ed.)"	"Flora of Tasmania Online"					"Tasmanian Herbarium, Tasmanian Museum & Art Gallery"	Hobart		
1610	"Crowden, R.K.; Duretto, M.F."	"In Press"	Ericaceae	"M.F. de Salas (Ed.)"	"Flora of Tasmania Online"					"Tasmanian Herbarium, Tasmanian Museum & Art Gallery"	Hobart		
1611	"Crowden, R.K.; Duretto, M.F."	"In Press"	Ericaceae	"M.F. de Salas (Ed.)"	"Flora of Tasmania Online"					"Tasmanian Herbarium, Tasmanian Museum & Art Gallery"	Hobart		
1612	"Crowden, R.K.; Duretto, M.F."	"In Press"	Ericaceae	"M.F. de Salas (Ed.)"	"Flora of Tasmania Online"					"Tasmanian Herbarium, Tasmanian Museum & Art Gallery"	Hobart		
1613	"Crowden, R.K.; Duretto, M.F."	"In Press"	Ericaceae	"M.F. de Salas (Ed.)"	"Flora of Tasmania Online"					"Tasmanian Herbarium, Tasmanian Museum & Art Gallery"	Hobart		
1614	"Crowden, R.K.; Duretto, M.F."	"In Press"	Ericaceae	"M.F. de Salas (Ed.)"	"Flora of Tasmania Online"					"Tasmanian Herbarium, Tasmanian Museum & Art Gallery"	Hobart		
1615	"Crowden, R.K.; Duretto, M.F."	"In Press"	Ericaceae	"M.F. de Salas (Ed.)"	"Flora of Tasmania Online"					"Tasmanian Herbarium, Tasmanian Museum & Art Gallery"	Hobart		
1616	"Crowden, R.K.; Duretto, M.F."	"In Press"	Ericaceae	"M.F. de Salas (Ed.)"	"Flora of Tasmania Online"					"Tasmanian Herbarium, Tasmanian Museum & Art Gallery"	Hobart		
1617	"Crowden, R.K.; Duretto, M.F."	"In Press"	Ericaceae	"M.F. de Salas (Ed.)"	"Flora of Tasmania Online"					"Tasmanian Herbarium, Tasmanian Museum & Art Gallery"	Hobart		
1618	"Crowden, R.K.; Duretto, M.F."	"In Press"	Ericaceae	"M.F. de Salas (Ed.)"	"Flora of Tasmania Online"					"Tasmanian Herbarium, Tasmanian Museum & Art Gallery"	Hobart		
1619	"Crowden, R.K.; Duretto, M.F."	"In Press"	Ericaceae	"M.F. de Salas (Ed.)"	"Flora of Tasmania Online"					"Tasmanian Herbarium, Tasmanian Museum & Art Gallery"	Hobart		
1620	"Crowden, R.K.; Duretto, M.F."	"In Press"	Ericaceae	"M.F. de Salas (Ed.)"	"Flora of Tasmania Online"					"Tasmanian Herbarium, Tasmanian Museum & Art Gallery"	Hobart		
1621	"Crowden, R.K.; Duretto, M.F."	"In Press"	Ericaceae	"M.F. de Salas (Ed.)"	"Flora of Tasmania Online"					"Tasmanian Herbarium, Tasmanian Museum & Art Gallery"	Hobart		
1622	"Crowden, R.K.; Duretto, M.F."	"In Press"	Ericaceae	"M.F. de Salas (Ed.)"	"Flora of Tasmania Online"					"Tasmanian Herbarium, Tasmanian Museum & Art Gallery"	Hobart		
1623	"Crowden, R.K.; Duretto, M.F."	"In Press"	Ericaceae	"M.F. de Salas (Ed.)"	"Flora of Tasmania Online"					"Tasmanian Herbarium, Tasmanian Museum & Art Gallery"	Hobart		
1624	"Crowden, R.K.; Duretto, M.F."	"In Press"	Ericaceae	"M.F. de Salas (Ed.)"	"Flora of Tasmania Online"					"Tasmanian Herbarium, Tasmanian Museum & Art Gallery"	Hobart		
1625	"Crowden, R.K.; Duretto, M.F."	"In Press"	Ericaceae	"M.F. de Salas (Ed.)"	"Flora of Tasmania Online"					"Tasmanian Herbarium, Tasmanian Museum & Art Gallery"	Hobart		
1626	"Crowden, R.K.; Duretto, M.F."	"In Press"	Ericaceae	"M.F. de Salas (Ed.)"	"Flora of Tasmania Online"					"Tasmanian Herbarium, Tasmanian Museum & Art Gallery"	Hobart		
1627	"Crowden, R.K.; Duretto, M.F."	"In Press"	Ericaceae	"M.F. de Salas (Ed.)"	"Flora of Tasmania Online"					"Tasmanian Herbarium, Tasmanian Museum & Art Gallery"	Hobart		
1628	"Crowden, R.K.; Duretto, M.F."	"In Press"	Ericaceae	"M.F. de Salas (Ed.)"	"Flora of Tasmania Online"					"Tasmanian Herbarium, Tasmanian Museum & Art Gallery"	Hobart		
1629	"Crowden, R.K.; Duretto, M.F."	"In Press"	Ericaceae	"M.F. de Salas (Ed.)"	"Flora of Tasmania Online"					"Tasmanian Herbarium, Tasmanian Museum & Art Gallery"	Hobart		
1630	"Crowden, R.K.; Duretto, M.F."	"In Press"	Ericaceae	"M.F. de Salas (Ed.)"	"Flora of Tasmania Online"					"Tasmanian Herbarium, Tasmanian Museum & Art Gallery"	Hobart		
1631	"Crowden, R.K.; Duretto, M.F."	"In Press"	Ericaceae	"M.F. de Salas (Ed.)"	"Flora of Tasmania Online"					"Tasmanian Herbarium, Tasmanian Museum & Art Gallery"	Hobart		
1632	"Crowden, R.K.; Duretto, M.F."	"In Press"	Ericaceae	"M.F. de Salas (Ed.)"	"Flora of Tasmania Online"					"Tasmanian Herbarium, Tasmanian Museum & Art Gallery"	Hobart		
1633	"Crowden, R.K.; Duretto, M.F."	"In Press"	Ericaceae	"M.F. de Salas (Ed.)"	"Flora of Tasmania Online"					"Tasmanian Herbarium, Tasmanian Museum & Art Gallery"	Hobart		
1634	"Crowden, R.K.; Duretto, M.F."	"In Press"	Ericaceae	"M.F. de Salas (Ed.)"	"Flora of Tasmania Online"					"Tasmanian Herbarium, Tasmanian Museum & Art Gallery"	Hobart		
1635	"Crowden, R.K.; Duretto, M.F."	"In Press"	Ericaceae	"M.F. de Salas (Ed.)"	"Flora of Tasmania Online"					"Tasmanian Herbarium, Tasmanian Museum & Art Gallery"	Hobart		
1636	"Crowden, R.K.; Duretto, M.F."	"In Press"	Ericaceae	"M.F. de Salas (Ed.)"	"Flora of Tasmania Online"					"Tasmanian Herbarium, Tasmanian Museum & Art Gallery"	Hobart		
1637	"Monro, A.M."	"In Press"	Polygalaceae	"M.F. de Salas (Ed.)"	"Flora of Tasmania Online"					"Tasmanian Herbarium, Tasmanian Museum & Art Gallery"	Hobart		
1638	"Monro, A.M."	"In Press"	Polygalaceae	"M.F. de Salas (Ed.)"	"Flora of Tasmania Online"					"Tasmanian Herbarium, Tasmanian Museum & Art Gallery"	Hobart		
1639	"Monro, A.M."	"In Press"	Polygalaceae	"M.F. de Salas (Ed.)"	"Flora of Tasmania Online"					"Tasmanian Herbarium, Tasmanian Museum & Art Gallery"	Hobart		
1640	"de Salas, M.F."	"In Press"	Lentibulariaceae	"M.F. de Salas (Ed.)"	"Flora of Tasmania Online"					"Tasmanian Herbarium, Tasmanian Museum & Art Gallery"	Hobart		
1641	"Wapstra, M.; Thompson, I.R.; Buchanan, A.M."	2008	"An illustrated and annotated key to the Tasmanian species of Senecio (Asteraceae)"					3		"Tasmanian Museum and Art Gallery"	Hobart	49-93	
2574	"Baker, M.L."	2007	"Contributions to a catalogue of alien plants in Tasmania II"					141	2			187-196	
2591	"Baker, M.L."	2015	"Unpublished key to the species of Lonicera in Tasmania"										
2592	"Morris, D.I."	1994	Eragrostis	"Curtis, W.M.; Morris, D.I."	"The Student's Flora of Tasmania, Part 4b"					"St. David's Park Publishing"	Hobart		
3147	"Morris, D.I."	1994	Deyeuxia	"Curtis, W.M.; Morris, D.I."	"The Student's Flora of Tasmania, Part 4b"					"St. David's Park Publishing"	Hobart		
3148	"Morris, D.I."	1994	Restionaceae	"Curtis, W.M.; Morris, D.I."	"The Student's Flora of Tasmania, Part 4b"					"St. David's Park Publishing"	Hobart		
3197	"Brown. M.J."	1991	"A synopsis of the genus Plantago L. in Tasmania"	"Banks, M.R.; Smith, S.J.; Orchard, A.E.; Kantvilas, G."	"Aspects of Tasmanian Botany: a Tribute to Winifred Curtis"					"Royal Society of Tasmania"	Hobart	65-74	
3289	"Curtis, W.M.; Morris, D.I."	1994	"Key to Families"	"Curtis, W.M.; Morris, D.I."	"The Student's Flora of Tasmania, Part 4b"					"St. David's Park Publishing"	Hobart		
3290	"Curtis, W.M."	1994	Juncaceae	"Curtis, W.M.; Morris, D.I."	"The Student's Flora of Tasmania, Part 4b"					"St. David's Park Publishing"	Hobart		
3291	"Curtis, W.M."	1994	Centrolepidaceae	"Curtis, W.M.; Morris, D.I."	"The Student's Flora of Tasmania, Part 4b"					"St. David's Park Publishing"	Hobart		
3292	"Curtis, W.M.; Morris, D.I."	1994	Cyperaceae	"Curtis, W.M.; Morris, D.I."	"The Student's Flora of Tasmania, Part 4b"					"St. David's Park Publishing"	Hobart		
3293	"Curtis, W.M."	1994	Hydatellaceae	"Curtis, W.M.; Morris, D.I."	"The Student's Flora of Tasmania, Part 4b"					"St. David's Park Publishing"	Hobart		
3294	"Curtis, W.M."	1994	Hydrocharitaceae	"Curtis, W.M.; Morris, D.I."	"The Student's Flora of Tasmania, Part 4b"					"David's Park Publishing"	Hobart		
3295	"Morris, D.I."	1994	Iridaceae	"Curtis, W.M.; Morris, D.I."	"The Student's Flora of Tasmania, Part 4b"					"St. David's Park Publishing"	Hobart		
3296	"Morris, D.I."	1994	Poaceae	"Curtis, W.M.; Morris, D.I."	"The Student's Flora of Tasmania, Part 4b"					"St. David's Park Publishing"	Hobart		
3300	"Morris, D.I."	1994	Xanthorrhoeaceae	"Curtis, W.M.; Morris, D.I."	"The Student's Flora of Tasmania, Part 4b"					"St. David's Park Publishing"	Hobart		
3301	"Morris, D.I."	1994	Zosteraceae	"Curtis, W.M.; Morris, D.I."	"The Student's Flora of Tasmania, Part 4b"					"St. David's Park Publishing"	Hobart		
3303	"Morris, D.I."	1994	Liliaceae	"Curtis, W.M.; Morris, D.I."	"The Student's Flora of Tasmania, Part 4b"					"St. David's Park Publishing"	Hobart		
3304	"Morris, D.I."	1994	Lemnaceae	"Curtis, W.M.; Morris, D.I."	"The Student's Flora of Tasmania, Part 4b"					"St. David's Park Publishing"	Hobart		
3305	"Morris, D.I."	1994	Zannichelliaceae	"Curtis, W.M.; Morris, D.I."	"The Student's Flora of Tasmania, Part 4b"					"St. David's Park Publishing"	Hobart		
3306	"Morris, D.I."	1994	Potamogetonaceae	"Curtis, W.M.; Morris, D.I."	"The Student's Flora of Tasmania, Part 4b"					"St. David's Park Publishing"	Hobart		
3307	"Morris, D.I."	1994	Ruppiaceae	"Curtis, W.M.; Morris, D.I."	"The Student's Flora of Tasmania, Part 4b"					"St. David's Park Publishing"	Hobart		
3308	"Morris, D.I."	1994	Juncaginaceae	"Curtis, W.M.; Morris, D.I."	"The Student's Flora of Tasmania, Part 4b"					"St. David's Park Publishing"	Hobart.		
3309	"Morris, D.I."	1994	Typhaceae	"Curtis, W.M.; Morris, D.I."	"The Student's Flora of Tasmania, Part 4b"					"St. David's Park Publishing"	Hobart		
3310	"Curtis, W.M."	1994	Xyridaceae	"Curtis, W.M.; Morris, D.I."	"The Student's Flora of Tasmania, Part 4b"					"St. David's Park Publishing"	Hobart		
3408	"Messina, A.; Walsh, N.G.; Hoebee, S.E.; Green, P.T. "	2013	"A morphological assessment of the Olearia phlogopappa complex (Asteraceae: Astereae)"					26				31-81	
3519	"Curtis, W.M., Morris, D.I."	1975	"The Student's Flora of Tasmania, Part 1"			2				"Government Printer"	"Hobart, Tasmania"		
3527	"de Salas"	2018	"<i>Drosera gunniana</i> comb. et stat. nov., a species in the <i>Drosera peltata</i> (Droseraceae) complex"					36				97–106	
3528	"de Salas, M.F."	2018	"<i>Viola serpentinicola</i> (Violaceae), a new Tasmanian species endemic to serpentinised ultramafic soils"					36				112–117	
3827	"Evans, K.J., Symon, D.E., Whalen, M.A., Hosking, J.R., Barker, R.M. and Oliver, J.A."	2007	"Systematics of the Rubus fruticosus aggregate (Rosaceae)
and other exotic Rubus taxa in Australia
"					20				187-251	
3967	"Morris, D.I. "	1994	Liliaceae	"Curtis, W.M.; Morris, D.I."	"The Student's Flora of Tasmania, Part 4b"					"St. David's Park Publishing, Hobart"			
5000	"Baker, M.L."	2005	"Contributions to a catalogue of alien plants in Tasmania"					139				33-48	
5001	"Baker, M.L."	2005	"Contributions to a catalogue of alien plants in Tasmania."					139				33-48	
5002	"Baker, M.L."	2005	"Contributions to a catalogue of alien plants in Tasmania"					139				33-48	
5466	"Garrett, M. "	1996	"The ferns of Tasmania: their ecology and distribution"							"Tasmanian Forest Research Council"	Hobart		
5605	"Särkinen, T., Poczai, P., Barboza, G.E., van der Weerden, G.M., Baden, M. & Knapp S."	2018	"A revision of the Old World Black Nightshades (Morelloid clade of Solanum L., Solanaceae)"					106				1–223	
5606	"Särkinen, T., Poczai, P., Barboza, G.E., van der Weerden, G.M., Baden, M. & Knapp S."	2018	"A revision of the Old World Black Nightshades (Morelloid clade of Solanum L., Solanaceae) PhytoKeys"					106				1–223	
5628	"Morris, D.I."	2001	"A New Species of Oreobolus, O. tholicarpus (Cyperaceae), Endemic to Tasmania"			15						27	
