from	statement	to
1	"Achenes enclosed within a loosely or tightly fitting sac-like perigynium"	2
1	"Achenes not enclosed within sac-like perigynium"	3
2	"Basal leaves more than 2; leaf blades folded with keeled midrib and basal sheath"	Carex
2	"Basal leaves 1(-2); leaf blades flattened without midrib or sheath"	Cymophyllus
3	"Leaves bladeless, reduced to sheaths, thus plants appearing essentially leafless; culm terminated by a single, unbranched spikelet"	Eleocharis
3	"Plants usually with some bladed leaves evident; culm usually terminated by a compound inflorescence of multiple spikelets variously arranged"	4
4	"Scales two-ranked (distichous)"	5
4	"Scales spirally arranged"	7
5	"Leaves cauline; stems terete; perianth present"	Dulichium
5	"Leaves basal; stems mostly trigonous; perianth absent"	6
6	"Spikelets usually with more than two scales and two or more achenes; inflorescence usually with pedunculate rays"	Cyperus
6	"Spikelets with two scales and one achene; inflorescence a terminal cluster of one to several sessile heads"	Kyllinga
7	"Style-base persistent, forming distinct tubercle atop achene"	8
7	"Style base not persistent, tubercle absent"	9
8	"Sheath summit or juncture of blade and sheath with tufts of lines of hairs; perianth absent; tubercle forming small bulbous structure atop achene"	Bulbostylis
8	"Sheath summit and juncture of blade and sheath glabrous; perianth bristles present or absent; tubercle usually larger, conicle, subulate, or otherwise shaped, rarely small and bulbous"	Rhynchospora
9	"Perianth absent or present as a single series of bristles or hairs"	10
9	"Perianth in two series, differentiated into three outer stout bristles and three inner bladed and paddle-like segments"	Fuirena
10	"Leaves cauline"	11
10	"Leaves entirely basal, or mostly basal with only 1 (-2) cauline leaves, or reduced to inconspicuous rudimentary blades"	13
11	"Achene subterete"	Cladium
11	"Achenes trigonous, biconvex or plano-convex"	12
12	"Spikelets mostly less than 3.5 (-5) mm in diameter; scale glabrous, apex rounded to acute; culms without cormose bases; achene minutely papillose"	Scirpus
12	"Spikelets mostly more than 4 mm in diameter; scale pubescent, apex notched and awned; culms with cormose bases; achene smooth"	Bolboschoenus
13	"Style base markedly distinct from achene summit; style usually fringed with hairs"	Fimbristylis
13	"Style base markedly distinct from achene summit; style usually fringed with hairs"	14
14	"Infloresence bracts usually conspicuous and leaf-like, mostly spreading to divaricate and exceeding the inflorescence"	15
14	"Inflorescence bracts inconspicuous or few with at most only the lowest exceeding the inflorescence, sometimes largest bract appearing as continuation of the stem"	16
15	"Cespitose annual; achene trigonous or terete"	Lipocarpha
15	"Stoloniferous perennial; achene plano-convex with corky margins and apex"	Oxycaryum
16	"Achene rugose (sometimes faintly so) or transversely ridged"	Schoenoplectus
16	"Achene papillose"	Isolepis
