id	name	url
51101	Abelia	http://floraofalabama.org/results.aspx?cat=genus&id=1749&text=Abelia
65754	"Abelia x grandiflora"	http://floraofalabama.org/Plant.aspx?id=1374
24819	Acalypha	http://floraofalabama.org/results.aspx?cat=genus&id=1889&text=Acalypha
354	Acanthaceae	http://www.floraofalabama.org/results.aspx?cat=family&id=1&text=ACANTHACEAE
9712	Acer	http://floraofalabama.org/results.aspx?cat=genus&id=1448&text=Acer
6237	Achyranthes	http://floraofalabama.org/results.aspx?cat=genus&id=1457&text=Achyranthes
25166	Acmispon	http://floraofalabama.org/results.aspx?cat=genus&id=2736&text=Acmispon
65773	"Acmispon helleri"	http://floraofalabama.org/Plant.aspx?id=5353
5290	Aconitum	http://floraofalabama.org/results.aspx?cat=genus&id=2390&text=Aconitum
65774	"Aconitum uncinatum"	http://floraofalabama.org/Plant.aspx?id=3015
26831	Actaea	http://floraofalabama.org/results.aspx?cat=genus&id=2391&text=Actaea
19612	Adiantum	http://floraofalabama.org/results.aspx?cat=genus&id=2383&text=Adiantum
5300	Adonis	http://floraofalabama.org/results.aspx?cat=genus&id=2392&text=Adonis
65778	"Adonis annua"	http://floraofalabama.org/Plant.aspx?id=3019
12466	Aeschynomene	http://floraofalabama.org/results.aspx?cat=genus&id=1907&text=Aeschynomene
65780	"Aeschynomene viscidula"	http://floraofalabama.org/Plant.aspx?id=1871
26876	Aesculus	http://floraofalabama.org/results.aspx?cat=genus&id=1993&text=Aesculus
65492	Agarista	http://floraofalabama.org/results.aspx?cat=genus&id=1873&text=Agarista
65809	"Agarista populifolia"	http://floraofalabama.org/Plant.aspx?id=1727
468	Agavaceae	http://www.floraofalabama.org/results.aspx?cat=family&id=3&text=AGAVACEAE
5222	Agave	http://floraofalabama.org/results.aspx?cat=genus&id=2677&text=Agave
7049	"Agave americana"	http://floraofalabama.org/Plant.aspx?id=5429
65811	"Agave virginica"	http://floraofalabama.org/Plant.aspx?id=3777
6056	Agrimonia	http://floraofalabama.org/results.aspx?cat=genus&id=2412&text=Agrimonia
328	Aizoaceae	http://www.floraofalabama.org/results.aspx?cat=family&id=4&text=AIZOACEAE
887	Albizia	http://floraofalabama.org/results.aspx?cat=genus&id=1908&text=Albizia
29925	"Albizia julibrissin"	http://floraofalabama.org/Plant.aspx?id=1872
65493	Aletris	http://floraofalabama.org/results.aspx?cat=genus&id=2073&text=Aletris
65818	"Aletris aurea"	http://floraofalabama.org/Plant.aspx?id=4507
65819	"Aletris farinosa"	http://floraofalabama.org/Plant.aspx?id=4508
65820	"Aletris lutea"	http://floraofalabama.org/Plant.aspx?id=4509
5364	Alisma	http://floraofalabama.org/results.aspx?cat=genus&id=1453&text=Alisma
65821	"Alisma subcordatum"	http://floraofalabama.org/Plant.aspx?id=3783
448	Alismataceae	http://www.floraofalabama.org/results.aspx?cat=family&id=5&text=ALISMATACEAE
14902	Alliaceae	http://www.floraofalabama.org/results.aspx?cat=family&id=251&text=ALLIACEAE
1386	Allium	http://floraofalabama.org/results.aspx?cat=genus&id=2075&text=Allium
6239	Alternanthera	http://floraofalabama.org/results.aspx?cat=genus&id=1458&text=Alternanthera
2093	Alysicarpus	http://floraofalabama.org/results.aspx?cat=genus&id=1909&text=Alysicarpus
305	Amaranthaceae	http://www.floraofalabama.org/results.aspx?cat=family&id=6&text=AMARANTHACEAE
6231	Amaranthus	http://floraofalabama.org/results.aspx?cat=genus&id=1459&text=Amaranthus
14909	Amaryllidaceae	http://www.floraofalabama.org/results.aspx?cat=family&id=227&text=AMARYLLIDACEAE
77298	Amauropelta	
77301	"Amauropelta noveboracensis"	
26859	Amelanchier	http://floraofalabama.org/results.aspx?cat=genus&id=2413&text=Amelanchier
65494	Amianthium	http://floraofalabama.org/results.aspx?cat=genus&id=2079&text=Amianthium
77310	"Amianthium muscaetoxicum"	
25165	Amorpha	http://floraofalabama.org/results.aspx?cat=genus&id=1910&text=Amorpha
50724	Ampelopsis	http://floraofalabama.org/results.aspx?cat=genus&id=2576&text=Ampelopsis
65498	Amphicarpaea	http://floraofalabama.org/results.aspx?cat=genus&id=1911&text=Amphicarpaea
77061	"Amphicarpaea bracteata"	
26489	Amsonia	http://floraofalabama.org/results.aspx?cat=genus&id=1508&text=Amsonia
242	Anacardiaceae	http://www.floraofalabama.org/results.aspx?cat=family&id=7&text=ANACARDIACEAE
65499	Anchistea	http://floraofalabama.org/results.aspx?cat=genus&id=2705&text=Anchistea
65293	"Anchistea virginica"	http://floraofalabama.org/Plant.aspx?id=77
5295	Anemone	http://floraofalabama.org/results.aspx?cat=genus&id=2393&text=Anemone
266	Annonaceae	http://www.floraofalabama.org/results.aspx?cat=family&id=8&text=ANNONACEAE
27107	Antigonon	http://floraofalabama.org/results.aspx?cat=genus&id=2355&text=Antigonon
44925	"Antigonon leptopus"	http://floraofalabama.org/Plant.aspx?id=2914
6055	Aphanes	http://floraofalabama.org/results.aspx?cat=genus&id=2414&text=Aphanes
65869	"Aphanes australis"	http://floraofalabama.org/Plant.aspx?id=3113
65503	Apios	http://floraofalabama.org/results.aspx?cat=genus&id=1912&text=Apios
65504	Aplectrum	http://floraofalabama.org/results.aspx?cat=genus&id=2200&text=Aplectrum
65873	"Aplectrum hyemale"	http://floraofalabama.org/Plant.aspx?id=4563
369	Apocynaceae	http://www.floraofalabama.org/results.aspx?cat=family&id=10&text=APOCYNACEAE
26491	Apocynum	http://floraofalabama.org/results.aspx?cat=genus&id=1509&text=Apocynum
5294	Aquilegia	http://floraofalabama.org/results.aspx?cat=genus&id=2394&text=Aquilegia
49878	"Aquilegia canadensis"	
428	Araceae	http://www.floraofalabama.org/results.aspx?cat=family&id=12&text=ARACEAE
12467	Arachis	http://floraofalabama.org/results.aspx?cat=genus&id=1913&text=Arachis
19640	Arachniodes	http://floraofalabama.org/results.aspx?cat=genus&id=2678&text=Arachniodes
65880	"Arachniodes simplicior"	http://floraofalabama.org/Plant.aspx?id=5430
14947	Aralia	http://floraofalabama.org/results.aspx?cat=genus&id=1521&text=Aralia
65881	"Aralia racemosa"	http://floraofalabama.org/Plant.aspx?id=435
66871	"Aralia racemosa L."	
65882	"Aralia spinosa"	http://floraofalabama.org/Plant.aspx?id=436
66870	"Aralia spinosa L."	
339	Araliaceae	http://www.floraofalabama.org/results.aspx?cat=family&id=13&text=ARALIACEAE
6020	Ardisia	http://floraofalabama.org/results.aspx?cat=genus&id=2177&text=Ardisia
11982	"Ardisia crenata"	http://floraofalabama.org/Plant.aspx?id=2690
440	Arecaceae	http://www.floraofalabama.org/results.aspx?cat=family&id=14&text=ARECACEAE
5283	Argemone	http://floraofalabama.org/results.aspx?cat=genus&id=2227&text=Argemone
65884	"Argemone albiflora"	http://floraofalabama.org/Plant.aspx?id=2810
8981	"Argemone mexicana"	http://floraofalabama.org/Plant.aspx?id=2811
14944	Arisaema	http://floraofalabama.org/results.aspx?cat=genus&id=1516&text=Arisaema
410	Aristolochiaceae	http://www.floraofalabama.org/results.aspx?cat=family&id=15&text=ARISTOLOCHIACEAE
50602	Aronia	http://floraofalabama.org/results.aspx?cat=genus&id=2714&text=Aronia
11413	Arum	
33046	"Arum italicum"	
26841	Aruncus	http://floraofalabama.org/results.aspx?cat=genus&id=2416&text=Aruncus
50615	"Aruncus dioicus"	http://floraofalabama.org/Plant.aspx?id=3117
26446	Asarum	http://floraofalabama.org/results.aspx?cat=genus&id=1528&text=Asarum
77274	"Asarum acuminatum"	
65901	"Asarum canadense"	http://floraofalabama.org/Plant.aspx?id=443
77273	"Asarum reflexum"	
5022	Asclepias	http://floraofalabama.org/results.aspx?cat=genus&id=1530&text=Asclepias
65508	Asemeia	http://floraofalabama.org/results.aspx?cat=genus&id=2692&text=Asemeia
65922	"Asemeia grandiflora"	http://floraofalabama.org/Plant.aspx?id=2898
68056	"Asimina × piedmontana"	
65923	"Asimina parviflora"	http://floraofalabama.org/Plant.aspx?id=315
65924	"Asimina spatulata"	http://floraofalabama.org/Plant.aspx?id=314
65925	"Asimina triloba"	http://floraofalabama.org/Plant.aspx?id=316
51712	Aspidistra	http://floraofalabama.org/results.aspx?cat=genus&id=2679&text=Aspidistra
51714	"Aspidistra elatior"	http://floraofalabama.org/Plant.aspx?id=5432
19583	Aspleniaceae	http://www.floraofalabama.org/results.aspx?cat=family&id=17&text=ASPLENIACEAE
12536	Astragalus	http://floraofalabama.org/results.aspx?cat=genus&id=1914&text=Astragalus
65940	"Astragalus canadensis"	http://floraofalabama.org/Plant.aspx?id=1882
26422	Astrolepis	http://floraofalabama.org/results.aspx?cat=genus&id=2384&text=Astrolepis
65945	"Astrolepis integerrima"	http://floraofalabama.org/Plant.aspx?id=168
5770	Asystasia	http://floraofalabama.org/results.aspx?cat=genus&id=2642&text=Asystasia
12252	"Asystasia gangetica"	http://floraofalabama.org/Plant.aspx?id=5379
19584	Athyriaceae	http://www.floraofalabama.org/results.aspx?cat=family&id=242&text=ATHYRIACEAE
26429	Athyrium	http://floraofalabama.org/results.aspx?cat=genus&id=1857&text=Athyrium
65946	"Athyrium asplenioides"	http://floraofalabama.org/Plant.aspx?id=89
12959	Avicennia	
77332	"Avicennia germinans"	
20566	Azolla	http://floraofalabama.org/results.aspx?cat=genus&id=1665&text=Azolla
65956	"Azolla caroliniana"	http://floraofalabama.org/Plant.aspx?id=74
50271	Baptisia	http://floraofalabama.org/results.aspx?cat=genus&id=1915&text=Baptisia
65972	"Baptisia perfoliata"	http://floraofalabama.org/Plant.aspx?id=1893
65516	Bartonia	http://floraofalabama.org/results.aspx?cat=genus&id=1974&text=Bartonia
77520	Benthamidia	
77522	"Benthamidia florida"	
344	Berberidaceae	http://www.floraofalabama.org/results.aspx?cat=family&id=24&text=BERBERIDACEAE
5709	Berberis	http://floraofalabama.org/results.aspx?cat=genus&id=1670&text=Berberis
65977	"Berberis bealei"	http://floraofalabama.org/Plant.aspx?id=1144
65978	"Berberis canadensis"	http://floraofalabama.org/Plant.aspx?id=1140
65979	"Berberis julianae"	http://floraofalabama.org/Plant.aspx?id=1141
49254	"Berberis thunbergii"	http://floraofalabama.org/Plant.aspx?id=5279
59557	Berchemia	http://floraofalabama.org/results.aspx?cat=genus&id=2406&text=Berchemia
65980	"Berchemia scandens"	http://floraofalabama.org/Plant.aspx?id=3092
65520	Bignonia	http://floraofalabama.org/results.aspx?cat=genus&id=1681&text=Bignonia
65364	"Bignonia capreolata"	http://floraofalabama.org/Plant.aspx?id=1164
359	Bignoniaceae	http://www.floraofalabama.org/results.aspx?cat=family&id=26&text=BIGNONIACEAE
19582	Blechnaceae	http://www.floraofalabama.org/results.aspx?cat=family&id=27&text=BLECHNACEAE
5215	Boehmeria	http://floraofalabama.org/results.aspx?cat=genus&id=2555&text=Boehmeria
34854	"Boehmeria cylindrica"	http://floraofalabama.org/Plant.aspx?id=3642
9512	"Boehmeria nivea"	http://floraofalabama.org/Plant.aspx?id=3643
5239	Boerhavia	http://floraofalabama.org/results.aspx?cat=genus&id=2180&text=Boerhavia
26419	Botrypus	http://floraofalabama.org/Genus.aspx?id=2790
34760	"Botrypus virginianus"	http://floraofalabama.org/Plant.aspx?id=142
26885	Boykinia	http://floraofalabama.org/results.aspx?cat=genus&id=2469&text=Boykinia
66009	"Boykinia aconitifolia"	http://floraofalabama.org/Plant.aspx?id=3381
5715	Brasenia	http://floraofalabama.org/results.aspx?cat=genus&id=1732&text=Brasenia
22856	"Brasenia schreberi"	http://floraofalabama.org/Plant.aspx?id=1304
65526	Broussonetia	http://floraofalabama.org/results.aspx?cat=genus&id=2171&text=Broussonetia
66014	"Broussonetia papyrifera"	http://floraofalabama.org/Plant.aspx?id=2675
65527	Brunnichia	http://floraofalabama.org/results.aspx?cat=genus&id=2356&text=Brunnichia
66015	"Brunnichia ovata"	http://floraofalabama.org/Plant.aspx?id=2916
65528	Bryodesma	http://floraofalabama.org/results.aspx?cat=genus&id=2673&text=Bryodesma
5458	Bryophyllum	http://floraofalabama.org/results.aspx?cat=genus&id=2697&text=Bryophyllum
24178	"Bryophyllum daigremontianum"	http://floraofalabama.org/Plant.aspx?id=5482
5040	Buddleja	http://floraofalabama.org/results.aspx?cat=genus&id=1727&text=Buddleja
51577	Butia	http://floraofalabama.org/results.aspx?cat=genus&id=2778&text=Butia
66027	"Butia odorata"	http://floraofalabama.org/Plant.aspx?id=893
52554	Buxaceae	http://www.floraofalabama.org/results.aspx?cat=family&id=33&text=BUXACEAE
50047	Buxus	http://floraofalabama.org/results.aspx?cat=genus&id=2614&text=Buxus
66579	"Buxus sempervirens L."	http://floraofalabama.org/Plant.aspx?id=5284
5714	Cabomba	http://floraofalabama.org/results.aspx?cat=genus&id=1733&text=Cabomba
22857	"Cabomba caroliniana"	http://floraofalabama.org/Plant.aspx?id=1306
263	Cabombaceae	http://www.floraofalabama.org/results.aspx?cat=family&id=34&text=CABOMBACEAE
42017	Calibrachoa	http://floraofalabama.org/results.aspx?cat=genus&id=2514&text=Calibrachoa
43973	"Calibrachoa parviflora"	http://floraofalabama.org/Plant.aspx?id=3529
65529	Calliphysalis	http://floraofalabama.org/results.aspx?cat=genus&id=2684&text=Calliphysalis
66031	"Calliphysalis carpenteri"	http://floraofalabama.org/Plant.aspx?id=3548
65531	Calopogon	http://floraofalabama.org/results.aspx?cat=genus&id=2201&text=Calopogon
65532	Calycocarpum	http://floraofalabama.org/results.aspx?cat=genus&id=2164&text=Calycocarpum
66045	"Calycocarpum lyonii"	http://floraofalabama.org/Plant.aspx?id=2659
65533	Calylophus	http://floraofalabama.org/results.aspx?cat=genus&id=2191&text=Calylophus
66046	"Calylophus berlandieri"	http://floraofalabama.org/Plant.aspx?id=2738
26915	Camassia	http://floraofalabama.org/results.aspx?cat=genus&id=2082&text=Camassia
66047	"Camassia scilloides"	http://floraofalabama.org/Plant.aspx?id=4458
24597	Camellia	http://floraofalabama.org/results.aspx?cat=genus&id=2629&text=Camellia
49986	"Camellia japonica"	http://floraofalabama.org/Plant.aspx?id=5354
26537	Campanula	http://floraofalabama.org/results.aspx?cat=genus&id=1738&text=Campanula
66049	"Campanula divaricata"	http://floraofalabama.org/Plant.aspx?id=1327
352	Campanulaceae	http://www.floraofalabama.org/results.aspx?cat=family&id=39&text=CAMPANULACEAE
65534	Campanulastrum	http://floraofalabama.org/results.aspx?cat=genus&id=1739&text=Campanulastrum
77223	"Campanulastrum americanum"	
77475	Camphora	
77477	"Camphora officinarum"	
49171	Campsis	http://floraofalabama.org/results.aspx?cat=genus&id=1682&text=Campsis
26497	"Campsis radicans"	http://floraofalabama.org/Plant.aspx?id=1165
411	Cannabaceae	http://www.floraofalabama.org/results.aspx?cat=family&id=40&text=CANNABACEAE
26546	Cannabis	http://floraofalabama.org/results.aspx?cat=genus&id=1744&text=Cannabis
9668	"Cannabis sativa"	http://floraofalabama.org/Plant.aspx?id=1355
64305	Caperonia	http://floraofalabama.org/results.aspx?cat=genus&id=1890&text=Caperonia
66054	"Caperonia palustris"	http://floraofalabama.org/Plant.aspx?id=1797
380	Caprifoliaceae	http://www.floraofalabama.org/results.aspx?cat=family&id=43&text=CAPRIFOLIACEAE
5086	Capsicum	http://floraofalabama.org/results.aspx?cat=genus&id=2515&text=Capsicum
11207	"Capsicum annuum"	http://floraofalabama.org/Plant.aspx?id=3530
842	Cardiospermum	http://floraofalabama.org/results.aspx?cat=genus&id=2460&text=Cardiospermum
1447	"Cardiospermum halicacabum"	http://floraofalabama.org/Plant.aspx?id=3336
65537	Cartrema	http://floraofalabama.org/results.aspx?cat=genus&id=2686&text=Cartrema
66198	"Cartrema americana"	http://floraofalabama.org/Plant.aspx?id=2734
26617	Carya	http://floraofalabama.org/results.aspx?cat=genus&id=2021&text=Carya
49673	Castanea	http://floraofalabama.org/results.aspx?cat=genus&id=1967&text=Castanea
26499	Catalpa	http://floraofalabama.org/results.aspx?cat=genus&id=1683&text=Catalpa
478	Catharanthus	http://floraofalabama.org/results.aspx?cat=genus&id=1510&text=Catharanthus
26490	"Catharanthus roseus"	http://floraofalabama.org/Plant.aspx?id=411
65538	Caulophyllum	http://floraofalabama.org/results.aspx?cat=genus&id=1671&text=Caulophyllum
66215	"Caulophyllum thalictroides"	http://floraofalabama.org/Plant.aspx?id=1142
65539	Causonis	http://floraofalabama.org/results.aspx?cat=genus&id=2755&text=Causonis
66216	"Causonis japonica"	http://floraofalabama.org/Plant.aspx?id=3753
26837	Ceanothus	http://floraofalabama.org/results.aspx?cat=genus&id=2407&text=Ceanothus
66218	"Ceanothus americanus"	http://floraofalabama.org/Plant.aspx?id=3093
66220	"Ceanothus microphyllus"	http://floraofalabama.org/Plant.aspx?id=3095
287	Celastraceae	http://www.floraofalabama.org/results.aspx?cat=family&id=46&text=CELASTRACEAE
5146	Celastrus	http://floraofalabama.org/results.aspx?cat=genus&id=1779&text=Celastrus
6232	Celosia	http://floraofalabama.org/results.aspx?cat=genus&id=1460&text=Celosia
44014	"Celosia argentea"	http://floraofalabama.org/Plant.aspx?id=288
5194	Celtis	http://floraofalabama.org/results.aspx?cat=genus&id=2551&text=Celtis
5104	Centaurium	http://floraofalabama.org/results.aspx?cat=genus&id=1975&text=Centaurium
12503	Centrosema	http://floraofalabama.org/results.aspx?cat=genus&id=1916&text=Centrosema
66226	"Centrosema virginianum"	http://floraofalabama.org/Plant.aspx?id=1896
65541	Ceratiola	http://floraofalabama.org/results.aspx?cat=genus&id=1871&text=Ceratiola
66231	"Ceratiola ericoides"	http://floraofalabama.org/Plant.aspx?id=1725
19556	Ceratopteris	http://floraofalabama.org/results.aspx?cat=genus&id=2232&text=Ceratopteris
66233	"Ceratopteris richardii"	http://floraofalabama.org/Plant.aspx?id=157
25159	Cercis	http://floraofalabama.org/results.aspx?cat=genus&id=1917&text=Cercis
50065	"Cercis Canadensis"	http://floraofalabama.org/Plant.aspx?id=1898
6067	Chaenomeles	http://floraofalabama.org/results.aspx?cat=genus&id=2417&text=Chaenomeles
36229	"Chaenomeles speciosa"	http://floraofalabama.org/Plant.aspx?id=3118
884	Chamaecrista	http://floraofalabama.org/results.aspx?cat=genus&id=1918&text=Chamaecrista
26436	Chamaecyparis	http://floraofalabama.org/results.aspx?cat=genus&id=1822&text=Chamaecyparis
53932	"Chamaecyparis thyoides"	http://floraofalabama.org/Plant.aspx?id=201
65544	Chamaelirium	http://floraofalabama.org/results.aspx?cat=genus&id=2083&text=Chamaelirium
66241	"Chamaelirium luteum"	http://floraofalabama.org/Plant.aspx?id=4493
25195	Chimaphila	http://floraofalabama.org/results.aspx?cat=genus&id=2389&text=Chimaphila
66248	"Chimaphila maculata"	http://floraofalabama.org/Plant.aspx?id=3013
43443	Chionanthus	http://floraofalabama.org/results.aspx?cat=genus&id=2185&text=Chionanthus
51248	"Chionanthus virginicus"	http://floraofalabama.org/Plant.aspx?id=2714
1403	Chlorophytum	http://floraofalabama.org/results.aspx?cat=genus&id=2699&text=Chlorophytum
8708	"Chlorophytum comosum"	http://floraofalabama.org/Plant.aspx?id=5492
19690	Christella	http://floraofalabama.org/results.aspx?cat=genus&id=2702&text=Christella
22968	Chrozophora	http://floraofalabama.org/results.aspx?cat=genus&id=2628&text=Chrozophora
22969	"Chrozophora tinctoria"	http://floraofalabama.org/Plant.aspx?id=578
26879	Chrysosplenium	http://floraofalabama.org/results.aspx?cat=genus&id=2470&text=Chrysosplenium
66260	"Chrysosplenium americanum"	http://floraofalabama.org/Plant.aspx?id=3382
12535	Cicer	http://floraofalabama.org/results.aspx?cat=genus&id=1919&text=Cicer
22951	"Cicer arietinum"	http://floraofalabama.org/Plant.aspx?id=1902
26748	Circaea	http://floraofalabama.org/results.aspx?cat=genus&id=2192&text=Circaea
66263	"Circaea canadensis"	http://floraofalabama.org/Plant.aspx?id=2739
6219	Cissus	http://floraofalabama.org/results.aspx?cat=genus&id=2578&text=Cissus
65365	"Cissus trifoliata"	http://floraofalabama.org/Plant.aspx?id=3754
327	Cistaceae	http://www.floraofalabama.org/results.aspx?cat=family&id=50&text=CISTACEAE
6146	Citrus	http://floraofalabama.org/results.aspx?cat=genus&id=2450&text=Citrus
66272	"Citrus medica"	http://floraofalabama.org/Plant.aspx?id=3305
66273	"Citrus trifoliata"	http://floraofalabama.org/Plant.aspx?id=3306
65551	Cladrastis	http://floraofalabama.org/results.aspx?cat=genus&id=1920&text=Cladrastis
66277	"Cladrastis kentukea"	http://floraofalabama.org/Plant.aspx?id=1903
6046	Claytonia	http://floraofalabama.org/results.aspx?cat=genus&id=2370&text=Claytonia
65552	Claytosmunda	http://floraofalabama.org/results.aspx?cat=genus&id=2757&text=Claytosmunda
66280	"Claytosmunda claytoniana"	http://floraofalabama.org/Plant.aspx?id=5385
65554	Cleistesiopsis	http://floraofalabama.org/results.aspx?cat=genus&id=2662&text=Cleistesiopsis
66281	"Cleistesiopsis bifaria"	http://floraofalabama.org/Plant.aspx?id=4569
5289	Clematis	http://floraofalabama.org/results.aspx?cat=genus&id=2395&text=Clematis
66288	"Clematis socialis"	http://floraofalabama.org/Plant.aspx?id=3036
65555	Cliftonia	http://floraofalabama.org/results.aspx?cat=genus&id=1847&text=Cliftonia
66298	"Cliftonia monophylla"	http://floraofalabama.org/Plant.aspx?id=1690
12487	Clitoria	http://floraofalabama.org/results.aspx?cat=genus&id=1921&text=Clitoria
66304	"Clitoria mariana"	http://floraofalabama.org/Plant.aspx?id=1904
65556	Cnidoscolus	http://floraofalabama.org/results.aspx?cat=genus&id=1892&text=Cnidoscolus
66305	"Cnidoscolus stimulosus"	http://floraofalabama.org/Plant.aspx?id=1809
59555	Cocculus	http://floraofalabama.org/results.aspx?cat=genus&id=2165&text=Cocculus
66306	"Cocculus carolinus"	http://floraofalabama.org/Plant.aspx?id=2660
23914	Colchicaceae	http://www.floraofalabama.org/results.aspx?cat=family&id=228&text=COLCHICACEAE
5831	Colocasia	http://floraofalabama.org/results.aspx?cat=genus&id=1517&text=Colocasia
15382	"Colocasia esculenta"	http://floraofalabama.org/Plant.aspx?id=3810
65559	Comandra	http://floraofalabama.org/results.aspx?cat=genus&id=2457&text=Comandra
66321	"Comandra umbellata"	http://floraofalabama.org/Plant.aspx?id=3332
5899	Commelina	http://floraofalabama.org/results.aspx?cat=genus&id=1797&text=Commelina
453	Commelinaceae	http://www.floraofalabama.org/results.aspx?cat=family&id=53&text=COMMELINACEAE
51707	Convallaria	http://floraofalabama.org/results.aspx?cat=genus&id=2085&text=Convallaria
54124	"Convallaria majalis"	http://floraofalabama.org/Plant.aspx?id=4447
370	Convolvulaceae	http://www.floraofalabama.org/results.aspx?cat=family&id=54&text=CONVOLVULACEAE
5055	Convolvulus	http://floraofalabama.org/results.aspx?cat=genus&id=1801&text=Convolvulus
11669	"Convolvulus arvensis"	http://floraofalabama.org/Plant.aspx?id=1599
26950	Corallorhiza	http://floraofalabama.org/results.aspx?cat=genus&id=2203&text=Corallorhiza
22709	Cornaceae	http://www.floraofalabama.org/results.aspx?cat=family&id=55&text=CORNACEAE
26768	Corydalis	http://floraofalabama.org/results.aspx?cat=genus&id=1971&text=Corydalis
50023	Cotinus	http://floraofalabama.org/results.aspx?cat=genus&id=1464&text=Cotinus
50026	"Cotinus obovatus"	http://floraofalabama.org/Plant.aspx?id=300
5453	Crassula	http://floraofalabama.org/results.aspx?cat=genus&id=2664&text=Crassula
27103	"Crassula aquatica"	http://floraofalabama.org/Plant.aspx?id=5416
260	Crassulaceae	http://www.floraofalabama.org/results.aspx?cat=family&id=56&text=CRASSULACEAE
6063	Crataegus	http://floraofalabama.org/results.aspx?cat=genus&id=2418&text=Crataegus
19651	Crepidomanes	http://floraofalabama.org/results.aspx?cat=genus&id=2676&text=Crepidomanes
65284	"Crepidomanes intricatum"	http://floraofalabama.org/Plant.aspx?id=121
1353	Crinum	http://floraofalabama.org/results.aspx?cat=genus&id=2088&text=Crinum
66739	"Crinum americanum L."	
66740	"Crinum bulbispermum (Burman f.) Milne-Redhead & Schweickerdt"	
26574	Crocanthemum	http://floraofalabama.org/results.aspx?cat=genus&id=2621&text=Crocanthemum
2084	Crotalaria	http://floraofalabama.org/results.aspx?cat=genus&id=1923&text=Crotalaria
11774	Croton	http://floraofalabama.org/results.aspx?cat=genus&id=1893&text=Croton
65567	Cubelium	http://floraofalabama.org/results.aspx?cat=genus&id=2728&text=Cubelium
68176	"Cubelium concolor"	
54326	Cunninghamia	http://floraofalabama.org/results.aspx?cat=genus&id=1823&text=Cunninghamia
54330	"Cunninghamia lanceolata"	
22727	Cupressaceae	http://www.floraofalabama.org/results.aspx?cat=family&id=58&text=CUPRESSACEAE
9726	Cuscuta	http://floraofalabama.org/results.aspx?cat=genus&id=1827&text=Cuscuta
65569	Cuthbertia	http://floraofalabama.org/results.aspx?cat=genus&id=2768&text=Cuthbertia
77472	"Cuthbertia rosea"	
54415	Cycadaceae	http://www.floraofalabama.org/results.aspx?cat=family&id=221&text=CYCADACEAE
54418	"Cycas revoluta"	
420	Cymodoceaceae	http://www.floraofalabama.org/results.aspx?cat=family&id=60&text=CYMODOCEACEAE
5020	Cynanchum	http://floraofalabama.org/results.aspx?cat=genus&id=1531&text=Cynanchum
68104	"Cynanchum laeve"	
26947	Cypripedium	http://floraofalabama.org/results.aspx?cat=genus&id=2204&text=Cypripedium
77147	"Cypripedium acaule"	http://floraofalabama.org/Plant.aspx?id=4572
54449	Cyrilla	http://floraofalabama.org/results.aspx?cat=genus&id=1848&text=Cyrilla
54451	"Cyrilla racemiflora"	
54450	Cyrillaceae	http://www.floraofalabama.org/results.aspx?cat=family&id=62&text=CYRILLACEAE
19634	Cyrtomium	http://floraofalabama.org/results.aspx?cat=genus&id=1858&text=Cyrtomium
62155	Cystopteridaceae	http://www.floraofalabama.org/results.aspx?cat=family&id=239&text=CYSTOPTERIDACEAE
19621	Cystopteris	http://floraofalabama.org/results.aspx?cat=genus&id=1859&text=Cystopteris
2083	Cytisus	http://floraofalabama.org/results.aspx?cat=genus&id=1924&text=Cytisus
17580	"Cytisus scoparius"	
25175	Dalea	http://floraofalabama.org/results.aspx?cat=genus&id=1925&text=Dalea
77063	"Dalea pinnata var. trifoliata"	
5074	Datura	http://floraofalabama.org/results.aspx?cat=genus&id=2516&text=Datura
5292	Delphinium	http://floraofalabama.org/results.aspx?cat=genus&id=2397&text=Delphinium
65574	Dendrolycopodium	http://floraofalabama.org/results.aspx?cat=genus&id=2669&text=Dendrolycopodium
77256	"Dendrolycopodium obscurum"	http://www.floraofalabama.org/Plant.aspx?id=40
19587	Dennstaedtia	http://floraofalabama.org/results.aspx?cat=genus&id=1849&text=Dennstaedtia
65290	"Dennstaedtia punctilobula"	http://floraofalabama.org/Plant.aspx?id=81
19595	Dennstaedtiaceae	http://www.floraofalabama.org/results.aspx?cat=family&id=63&text=DENNSTAEDTIACEAE
19622	Deparia	http://floraofalabama.org/results.aspx?cat=genus&id=1860&text=Deparia
1423	Desmanthus	http://floraofalabama.org/results.aspx?cat=genus&id=1926&text=Desmanthus
77059	"Desmanthus illinoensis"	
2094	Desmodium	http://floraofalabama.org/results.aspx?cat=genus&id=1927&text=Desmodium
47772	Deutzia	http://floraofalabama.org/results.aspx?cat=genus&id=1996&text=Deutzia
50343	"Deutzia gracilis"	
65576	Diamorpha	http://floraofalabama.org/results.aspx?cat=genus&id=1809&text=Diamorpha
77288	"Diamorpha smallii"	
26766	Dicentra	http://floraofalabama.org/results.aspx?cat=genus&id=1972&text=Dicentra
67955	"Dicentra cucullaria"	http://floraofalabama.org/Plant.aspx?id=2239
5046	Dichondra	http://floraofalabama.org/results.aspx?cat=genus&id=1802&text=Dichondra
888	Dichrostachys	http://floraofalabama.org/results.aspx?cat=genus&id=2631&text=Dichrostachys
3317	"Dichrostachys cinerea"	
5776	Dicliptera	http://floraofalabama.org/results.aspx?cat=genus&id=1441&text=Dicliptera
67871	"Dicliptera brachiata"	
65291	"Dicranopteris flexuosa"	http://floraofalabama.org/Plant.aspx?id=117
65580	Didymoglossum	http://floraofalabama.org/results.aspx?cat=genus&id=2674&text=Didymoglossum
68047	"Didymoglossum petersii"	http://floraofalabama.org/Plant.aspx?id=122
49638	Dionaea	http://floraofalabama.org/results.aspx?cat=genus&id=2719&text=Dionaea
68044	"Dionaea muscipula"	
67823	"Diospyros virginiana"	
65582	Diphasiastrum	http://floraofalabama.org/results.aspx?cat=genus&id=2670&text=Diphasiastrum
65283	Diplaziopsidaceae	http://www.floraofalabama.org/results.aspx?cat=family&id=238&text=DIPLAZIOPSIDACEAE
65583	Dirca	http://floraofalabama.org/results.aspx?cat=genus&id=2544&text=Dirca
68042	"Dirca palustris"	
64278	Distimake	http://floraofalabama.org/results.aspx?cat=genus&id=2767&text=Distimake
64281	"Distimake dissectus"	
65584	Ditrysinia	http://floraofalabama.org/results.aspx?cat=genus&id=1894&text=Ditrysinia
77220	"Ditrysinia fruticosa"	
5183	Drosera	http://floraofalabama.org/results.aspx?cat=genus&id=1856&text=Drosera
283	Droseraceae	http://www.floraofalabama.org/results.aspx?cat=family&id=67&text=DROSERACEAE
19579	Dryopteridaceae	http://www.floraofalabama.org/results.aspx?cat=family&id=68&text=DRYOPTERIDACEAE
19639	Dryopteris	http://floraofalabama.org/results.aspx?cat=genus&id=1862&text=Dryopteris
14888	Dyschoriste	http://floraofalabama.org/results.aspx?cat=genus&id=1442&text=Dyschoriste
67873	"Dyschoriste oblongifolia"	
350	Ebenaceae	http://www.floraofalabama.org/results.aspx?cat=family&id=69&text=EBENACEAE
9957	Echinodorus	http://floraofalabama.org/results.aspx?cat=genus&id=1454&text=Echinodorus
54755	"Echinodorus cordifolius"	
65588	Endodeca	http://floraofalabama.org/results.aspx?cat=genus&id=2660&text=Endodeca
67834	"Endodeca serpentaria"	http://floraofalabama.org/Plant.aspx?id=441
26833	Enemion	http://floraofalabama.org/results.aspx?cat=genus&id=2398&text=Enemion
67881	"Enemion biternatum"	http://floraofalabama.org/Plant.aspx?id=3048
52088	Epidendrum	http://floraofalabama.org/results.aspx?cat=genus&id=2205&text=Epidendrum
77159	"Epidendrum conopseum"	http://floraofalabama.org/Plant.aspx?id=4577
65590	Epigaea	http://floraofalabama.org/results.aspx?cat=genus&id=1874&text=Epigaea
67843	"Epigaea repens"	
5121	Epilobium	http://floraofalabama.org/results.aspx?cat=genus&id=2193&text=Epilobium
68027	"Epilobium coloratum"	
19559	Equisetaceae	http://www.floraofalabama.org/results.aspx?cat=family&id=73&text=EQUISETACEAE
27174	Equisetum	http://floraofalabama.org/results.aspx?cat=genus&id=1872&text=Equisetum
379	Ericaceae	http://www.floraofalabama.org/results.aspx?cat=family&id=74&text=ERICACEAE
36392	"Eriobotrya japonica"	
77240	Eriobotyra	
431	Eriocaulaceae	http://www.floraofalabama.org/results.aspx?cat=family&id=75&text=ERIOCAULACEAE
9744	Eriocaulon	http://floraofalabama.org/results.aspx?cat=genus&id=1886&text=Eriocaulon
26812	Eriogonum	http://floraofalabama.org/results.aspx?cat=genus&id=2357&text=Eriogonum
77372	"Eriogonum harperi"	
77371	"Eriogonum tomentosum"	
5314	Erodium	http://floraofalabama.org/results.aspx?cat=genus&id=1981&text=Erodium
16537	"Erodium cicutarium"	
2063	Erythrina	http://floraofalabama.org/results.aspx?cat=genus&id=1929&text=Erythrina
77065	"Erythrina herbacea"	
26939	Erythronium	http://floraofalabama.org/results.aspx?cat=genus&id=2089&text=Erythronium
67796	"Erythronium albidum"	http://floraofalabama.org/Plant.aspx?id=4474
67795	"Erythronium americanum ssp. harperi"	http://floraofalabama.org/Plant.aspx?id=4475
67794	"Erythronium rostratum"	http://floraofalabama.org/Plant.aspx?id=4476
67797	"Erythronium umbilicatum"	http://floraofalabama.org/Plant.aspx?id=4477
5281	Eschscholzia	http://floraofalabama.org/results.aspx?cat=genus&id=2228&text=Eschscholzia
11478	"Eschscholzia californica"	http://floraofalabama.org/Plant.aspx?id=2812
65593	Eubotrys	http://floraofalabama.org/results.aspx?cat=genus&id=1875&text=Eubotrys
5151	Euonymus	http://floraofalabama.org/results.aspx?cat=genus&id=1780&text=Euonymus
22115	Euphorbia	http://floraofalabama.org/results.aspx?cat=genus&id=1895&text=Euphorbia
244	Euphorbiaceae	http://www.floraofalabama.org/results.aspx?cat=family&id=76&text=EUPHORBIACEAE
26603	Eustoma	http://floraofalabama.org/results.aspx?cat=genus&id=1976&text=Eustoma
69863	"Eustoma exaltatum"	
5050	Evolvulus	http://floraofalabama.org/results.aspx?cat=genus&id=1803&text=Evolvulus
50601	Exochorda	http://floraofalabama.org/results.aspx?cat=genus&id=2713&text=Exochorda
54883	"Exochorda racemosa"	http://floraofalabama.org/Plant.aspx?id=3183
310	Fabaceae	http://www.floraofalabama.org/results.aspx?cat=family&id=77&text=FABACEAE
77045	"Fabaceae Key A"	
77046	"Fabaceae Key B"	
77047	"Fabaceae Key C"	
77048	"Fabaceae Key D"	
77049	"Fabaceae Key E"	
77050	"Fabaceae Key F"	
403	Fagaceae	http://www.floraofalabama.org/results.aspx?cat=family&id=78&text=FAGACEAE
5446	Fagopyrum	http://floraofalabama.org/results.aspx?cat=genus&id=2358&text=Fagopyrum
36484	"Fagopyrum esculentum"	
49674	Fagus	http://floraofalabama.org/results.aspx?cat=genus&id=1968&text=Fagus
77331	"Fagus grandifolia"	
5443	Fallopia	http://floraofalabama.org/results.aspx?cat=genus&id=2359&text=Fallopia
65345	"Family Group 01"	
65346	"Family Group 02"	
65347	"Family Group 03"	
65348	"Family Group 04"	
65349	"Family Group 05"	
65350	"Family Group 06"	
65351	"Family Group 07"	
65352	"Family Group 08"	
65353	"Family Group 09"	
32354	"Family Group 10"	
5197	Fatoua	http://floraofalabama.org/results.aspx?cat=genus&id=2172&text=Fatoua
44424	"Fatoua villosa"	http://floraofalabama.org/Plant.aspx?id=2676
5301	Ficaria	http://floraofalabama.org/results.aspx?cat=genus&id=2769&text=Ficaria
36486	"Ficaria verna"	http://floraofalabama.org/Plant.aspx?id=5349
5195	Ficus	http://floraofalabama.org/results.aspx?cat=genus&id=2173&text=Ficus
34746	"Ficus carica"	http://floraofalabama.org/Plant.aspx?id=2677
8859	"Ficus pumila"	http://floraofalabama.org/Plant.aspx?id=2678
48568	"Flowering Plants"	
26747	Forestiera	http://floraofalabama.org/results.aspx?cat=genus&id=2186&text=Forestiera
68108	"Forestiera acuminata"	
51245	Forsythia	http://floraofalabama.org/results.aspx?cat=genus&id=2187&text=Forsythia
51252	"Forsythia viridissima"	
49726	Fothergilla	http://floraofalabama.org/results.aspx?cat=genus&id=1990&text=Fothergilla
6060	Fragaria	http://floraofalabama.org/results.aspx?cat=genus&id=2420&text=Fragaria
33202	"Fragaria virginiana"	http://floraofalabama.org/Plant.aspx?id=3148
26839	Frangula	http://floraofalabama.org/results.aspx?cat=genus&id=2408&text=Frangula
67878	"Frangula caroliniana"	http://floraofalabama.org/Plant.aspx?id=3096
26601	Frasera	http://floraofalabama.org/results.aspx?cat=genus&id=1977&text=Frasera
77517	"Frasera caroliniensis"	
5365	Fraxinus	http://floraofalabama.org/results.aspx?cat=genus&id=2188&text=Fraxinus
12412	Froelichia	http://floraofalabama.org/results.aspx?cat=genus&id=1461&text=Froelichia
5723	Fumaria	http://floraofalabama.org/results.aspx?cat=genus&id=1973&text=Fumaria
407	Fumariaceae	http://www.floraofalabama.org/results.aspx?cat=family&id=79&text=FUMARIACEAE
12507	Galactia	http://floraofalabama.org/results.aspx?cat=genus&id=1930&text=Galactia
77062	"Galactia erecta"	
77060	"Galactia microphylla"	
51497	Galanthus	http://floraofalabama.org/results.aspx?cat=genus&id=2646&text=Galanthus
66738	"Galanthus nivalis L."	
65598	Galearis	http://floraofalabama.org/results.aspx?cat=genus&id=2206&text=Galearis
77149	"Galearis spectabilis"	http://floraofalabama.org/Plant.aspx?id=4579
5981	Gaultheria	http://floraofalabama.org/results.aspx?cat=genus&id=1877&text=Gaultheria
67842	"Gaultheria procumbens"	
65599	Gaylussacia	http://floraofalabama.org/results.aspx?cat=genus&id=1878&text=Gaylussacia
67560	"Gaylussacia baccata"	http://floraofalabama.org/Plant.aspx?id=1733
67558	"Gaylussacia dumosa"	http://floraofalabama.org/Plant.aspx?id=1734
67559	"Gaylussacia mosieri"	http://floraofalabama.org/Plant.aspx?id=1736
67561	"Gaylussacia nana"	http://floraofalabama.org/Plant.aspx?id=1737
67562	"Gaylussacia tomentosa"	http://floraofalabama.org/Plant.aspx?id=1738
5098	Gentiana	http://floraofalabama.org/results.aspx?cat=genus&id=1978&text=Gentiana
77516	Gentianceae	
326	Geraniaceae	http://www.floraofalabama.org/results.aspx?cat=family&id=81&text=GERANIACEAE
5313	Geranium	http://floraofalabama.org/results.aspx?cat=genus&id=1982&text=Geranium
66847	"Geranium carolinianum L."	http://floraofalabama.org/Plant.aspx?id=2279
66848	"Geranium dissectum L."	http://floraofalabama.org/Plant.aspx?id=2280
66844	"Geranium maculatum L."	http://floraofalabama.org/Plant.aspx?id=2281
66846	"Geranium molle L."	http://floraofalabama.org/Plant.aspx?id=2282
66845	"Geranium pusillum L."	http://floraofalabama.org/Plant.aspx?id=5624
6057	Geum	http://floraofalabama.org/results.aspx?cat=genus&id=2421&text=Geum
42259	Gibasis	
77471	"Gibasis pellucida"	
65601	Gillenia	http://floraofalabama.org/results.aspx?cat=genus&id=2422&text=Gillenia
22934	Gleditsia	http://floraofalabama.org/results.aspx?cat=genus&id=1931&text=Gleditsia
19572	Gleicheniaceae	http://www.floraofalabama.org/results.aspx?cat=family&id=82&text=GLEICHENIACEAE
24833	Glochidion	http://floraofalabama.org/results.aspx?cat=genus&id=1896&text=Glochidion
68466	"Glochidion puberum"	
12479	Glycine	http://floraofalabama.org/results.aspx?cat=genus&id=1933&text=Glycine
77066	"Glycine max"	
6240	Gomphrena	http://floraofalabama.org/results.aspx?cat=genus&id=1462&text=Gomphrena
65603	Gonolobus	http://floraofalabama.org/results.aspx?cat=genus&id=1532&text=Gonolobus
68103	"Gonolobus suberosus"	
24887	Goodyera	http://floraofalabama.org/results.aspx?cat=genus&id=2207&text=Goodyera
77146	"Goodyera pubescens"	http://floraofalabama.org/Plant.aspx?id=4580
49969	Gordonia	http://floraofalabama.org/results.aspx?cat=genus&id=2538&text=Gordonia
93377	"Gordonia lasianthus"	
299	Grossulariaceae	http://www.floraofalabama.org/results.aspx?cat=family&id=83&text=GROSSULARIACEAE
65604	Gymnocladus	http://floraofalabama.org/results.aspx?cat=genus&id=1934&text=Gymnocladus
77052	"Gymnocladus dioicus"	
27133	Gymnosperms	
24871	Habenaria	http://floraofalabama.org/results.aspx?cat=genus&id=2208&text=Habenaria
40853	Habranthus	http://floraofalabama.org/results.aspx?cat=genus&id=2091&text=Habranthus
66735	"Habranthus tubispathus (L'Héritier) Traub"	
55283	Halesia	http://floraofalabama.org/results.aspx?cat=genus&id=2533&text=Halesia
6222	Halodule	http://floraofalabama.org/results.aspx?cat=genus&id=1828&text=Halodule
68049	"Halodule wrightii"	
256	Haloragaceae	http://www.floraofalabama.org/results.aspx?cat=family&id=85&text=HALORAGACEAE
307	Hamamelidaceae	http://www.floraofalabama.org/results.aspx?cat=family&id=86&text=HAMAMELIDACEAE
49728	Hamamelis	http://floraofalabama.org/results.aspx?cat=genus&id=1991&text=Hamamelis
5459	Hedera	http://floraofalabama.org/results.aspx?cat=genus&id=1522&text=Hedera
22980	"Hedera helix"	
65607	Helanthium	http://floraofalabama.org/results.aspx?cat=genus&id=2696&text=Helanthium
68045	"Helanthium tenellum"	
43394	Hemerocallidaceae	http://www.floraofalabama.org/results.aspx?cat=family&id=252&text=HEMEROCALLIDACEAE
51742	Hemerocallis	http://floraofalabama.org/results.aspx?cat=genus&id=2093&text=Hemerocallis
51745	"Hemerocallis fulva"	http://floraofalabama.org/Plant.aspx?id=4456
67995	"Hemerocallis lilioasphodelus"	http://floraofalabama.org/Plant.aspx?id=5651
65609	Hepatica	http://floraofalabama.org/results.aspx?cat=genus&id=2738&text=Hepatica
26438	Hesperocyparis	http://floraofalabama.org/results.aspx?cat=genus&id=2666&text=Hesperocyparis
77225	"Hesperocyparis arizonica"	
26954	Heteranthera	http://floraofalabama.org/results.aspx?cat=genus&id=2368&text=Heteranthera
26882	Heuchera	http://floraofalabama.org/results.aspx?cat=genus&id=2471&text=Heuchera
65610	Hexalectris	http://floraofalabama.org/results.aspx?cat=genus&id=2209&text=Hexalectris
77142	"Hexalectris spicata"	http://floraofalabama.org/Plant.aspx?id=4585
65612	Hexastylis	http://floraofalabama.org/results.aspx?cat=genus&id=1529&text=Hexastylis
77279	"Hexastylis arifolia"	
77280	"Hexastylis finzelii"	
77278	"Hexastylis harperi"	
77276	"Hexastylis heterophylla"	
77282	"Hexastylis rollinsae"	
77277	"Hexastylis shuttlerworthii"	
77281	"Hexastylis speciosa"	
66741	"Hippeastrum נjohnsonii (Bury) Herb."	
66734	Hippeastum	
65295	"Homalosorus pycnocarpos"	http://floraofalabama.org/Plant.aspx?id=97
52592	Hosta	http://floraofalabama.org/results.aspx?cat=genus&id=2698&text=Hosta
51754	"Hosta ventricosa"	
65614	Hottonia	http://floraofalabama.org/results.aspx?cat=genus&id=2379&text=Hottonia
68043	"Hottonia inflata"	
55428	Houttuynia	http://floraofalabama.org/results.aspx?cat=genus&id=2466&text=Houttuynia
55429	"Houttuynia cordata"	
26547	Humulus	http://floraofalabama.org/results.aspx?cat=genus&id=1745&text=Humulus
19659	Huperzia	http://floraofalabama.org/results.aspx?cat=genus&id=2132&text=Huperzia
40920	Hyacinthaceae	http://www.floraofalabama.org/results.aspx?cat=family&id=234&text=HYACINTHACEAE
37164	Hydrangea	http://floraofalabama.org/results.aspx?cat=genus&id=1997&text=Hydrangea
65366	"Hydrangea barbara"	
50353	"Hydrangea quercifolia"	
26609	Hydrangeaceae	http://www.floraofalabama.org/results.aspx?cat=family&id=88&text=HYDRANGEACEAE
5803	Hydrocotyle	http://floraofalabama.org/results.aspx?cat=genus&id=1489&text=Hydrocotyle
374	Hydrophyllaceae	http://www.floraofalabama.org/results.aspx?cat=family&id=90&text=HYDROPHYLLACEAE
26522	Hydrophyllum	http://floraofalabama.org/results.aspx?cat=genus&id=2007&text=Hydrophyllum
5769	Hygrophila	http://floraofalabama.org/results.aspx?cat=genus&id=1443&text=Hygrophila
65618	Hylodesmum	http://floraofalabama.org/results.aspx?cat=genus&id=2734&text=Hylodesmum
64404	Hylotelephium	http://floraofalabama.org/results.aspx?cat=genus&id=1811&text=Hylotelephium
1345	Hymenocallis	http://floraofalabama.org/results.aspx?cat=genus&id=2095&text=Hymenocallis
19585	Hymenophyllaceae	http://www.floraofalabama.org/results.aspx?cat=family&id=91&text=HYMENOPHYLLACEAE
19650	Hymenophyllum	http://floraofalabama.org/results.aspx?cat=genus&id=2011&text=Hymenophyllum
65285	"Hymenophyllum tayloriae"	http://floraofalabama.org/Plant.aspx?id=119
19588	Hypolepis	http://floraofalabama.org/results.aspx?cat=genus&id=1850&text=Hypolepis
55557	"Hypolepis tenuifolia"	http://floraofalabama.org/Plant.aspx?id=82
65619	Hypopitys	http://floraofalabama.org/results.aspx?cat=genus&id=2645&text=Hypopitys
67800	"Hypopitys monotropa"	http://floraofalabama.org/Plant.aspx?id=2671
55577	Illicium	http://floraofalabama.org/results.aspx?cat=genus&id=2013&text=Illicium
55579	"Illicium floridanum"	
2064	Indigofera	http://floraofalabama.org/results.aspx?cat=genus&id=1935&text=Indigofera
5063	Ipomoea	http://floraofalabama.org/results.aspx?cat=genus&id=1804&text=Ipomoea
26798	Ipomopsis	http://floraofalabama.org/results.aspx?cat=genus&id=2351&text=Ipomopsis
66581	"Ipomopsis rubra (L.) Wherry"	http://floraofalabama.org/Plant.aspx?id=2865
13057	Iresine	http://floraofalabama.org/results.aspx?cat=genus&id=1463&text=Iresine
93406	"Iresine rhizomatosa"	
19561	Isoetaceae	http://www.floraofalabama.org/results.aspx?cat=family&id=94&text=ISOETACEAE
65621	Isotrema	http://floraofalabama.org/results.aspx?cat=genus&id=2659&text=Isotrema
77271	"Isotrema macrophylla"	
67833	"Isotrema tomentosa"	http://floraofalabama.org/Plant.aspx?id=442
65622	Isotria	http://floraofalabama.org/results.aspx?cat=genus&id=2210&text=Isotria
77144	"Isotria verticillata"	http://floraofalabama.org/Plant.aspx?id=4586
65623	Jaborosa	http://floraofalabama.org/results.aspx?cat=genus&id=2517&text=Jaborosa
77474	"Jaborosa integrifolia"	
5053	Jacquemontia	http://floraofalabama.org/results.aspx?cat=genus&id=1805&text=Jacquemontia
65278	"Jacquemontia tamnifolia"	
5366	Jasminum	http://floraofalabama.org/results.aspx?cat=genus&id=2624&text=Jasminum
65625	Jeffersonia	http://floraofalabama.org/results.aspx?cat=genus&id=1672&text=Jeffersonia
67856	"Jeffersonia diphylla"	
26615	Juglandaceae	http://www.floraofalabama.org/results.aspx?cat=family&id=95&text=JUGLANDACEAE
26618	Juglans	http://floraofalabama.org/results.aspx?cat=genus&id=2022&text=Juglans
68026	"Juglans cinerea"	
48963	"Juglans nigra"	
441	Juncaceae	http://www.floraofalabama.org/results.aspx?cat=family&id=96&text=JUNCACEAE
5304	Juncus	http://floraofalabama.org/results.aspx?cat=genus&id=2023&text=Juncus
26433	Juniperus	http://floraofalabama.org/results.aspx?cat=genus&id=1824&text=Juniperus
27259	"Juniperus communis var. depressa"	
55774	"Juniperus conferta"	
77227	"Juniperus virginiana var. silicicola"	
77226	"Juniperus virginiana var. virginiana"	
5787	Justicia	http://floraofalabama.org/results.aspx?cat=genus&id=1444&text=Justicia
26910	Kallstroemia	http://floraofalabama.org/results.aspx?cat=genus&id=2587&text=Kallstroemia
68442	"Kallstroemia maxima"	
25200	Kalmia	http://floraofalabama.org/results.aspx?cat=genus&id=1879&text=Kalmia
67563	"Kalmia hirsuta"	http://floraofalabama.org/Plant.aspx?id=1739
49663	"Kalmia latifolia"	http://floraofalabama.org/Plant.aspx?id=1740
50598	Kerria	http://floraofalabama.org/results.aspx?cat=genus&id=2423&text=Kerria
55871	"Kerria japonica"	http://floraofalabama.org/Plant.aspx?id=3156
49002	Koelreuteria	http://floraofalabama.org/results.aspx?cat=genus&id=2461&text=Koelreuteria
50697	"Koelreuteria bipinnata"	
49003	"Koelreuteria paniculata"	
51100	Kolkwitzia	http://floraofalabama.org/results.aspx?cat=genus&id=1751&text=Kolkwitzia
55876	"Kolkwitzia amabilis"	
12472	Kummerowia	http://floraofalabama.org/results.aspx?cat=genus&id=1936&text=Kummerowia
12493	Lablab	http://floraofalabama.org/results.aspx?cat=genus&id=2687&text=Lablab
44757	"Lablab purpureus"	
65630	Lachnocaulon	http://floraofalabama.org/results.aspx?cat=genus&id=1887&text=Lachnocaulon
65631	Lackeya	http://floraofalabama.org/results.aspx?cat=genus&id=2617&text=Lackeya
77051	"Lackeya multiflora"	
26920	Landoltia	http://floraofalabama.org/results.aspx?cat=genus&id=2764&text=Landoltia
34624	"Landoltia punctata"	
44349	Laportea	http://floraofalabama.org/results.aspx?cat=genus&id=2556&text=Laportea
12462	Lathyrus	http://floraofalabama.org/results.aspx?cat=genus&id=1937&text=Lathyrus
34999	"Lathyrus aphaca"	
402	Lauraceae	http://www.floraofalabama.org/results.aspx?cat=family&id=100&text=LAURACEAE
65633	Lechea	http://floraofalabama.org/results.aspx?cat=genus&id=1792&text=Lechea
77468	Lemma	
367	Lentibulariaceae	http://www.floraofalabama.org/results.aspx?cat=family&id=102&text=LENTIBULARIACEAE
77297	Leptogramma	
77300	"Leptogramma burksiorum"	
65635	Lepuropetalon	http://floraofalabama.org/results.aspx?cat=genus&id=2472&text=Lepuropetalon
68156	"Lepuropetalon spathulatum"	
12520	Lespedeza	http://floraofalabama.org/results.aspx?cat=genus&id=1938&text=Lespedeza
1348	Leucojum	http://floraofalabama.org/results.aspx?cat=genus&id=2099&text=Leucojum
66737	"Leucojum aestivum L."	
25237	Leucothoe	http://floraofalabama.org/results.aspx?cat=genus&id=1880&text=Leucothoe
49666	"Leucothoe axillaris"	http://floraofalabama.org/Plant.aspx?id=1743
49667	"Leucothoe fontanesiana"	http://floraofalabama.org/Plant.aspx?id=1744
5368	Ligustrum	http://floraofalabama.org/results.aspx?cat=genus&id=2189&text=Ligustrum
442	Liliaceae	http://www.floraofalabama.org/results.aspx?cat=family&id=103&text=LILIACEAE
1390	Lilium	http://floraofalabama.org/results.aspx?cat=genus&id=2101&text=Lilium
52024	"Lilium canadense"	http://floraofalabama.org/Plant.aspx?id=4478
67996	"Lilium catesbaei"	http://floraofalabama.org/Plant.aspx?id=4479
67997	"Lilium iridollae"	http://floraofalabama.org/Plant.aspx?id=4480
41659	"Lilium lancifolium"	http://floraofalabama.org/Plant.aspx?id=4481
52026	"Lilium longiflorum"	http://floraofalabama.org/Plant.aspx?id=4482
67998	"Lilium michauxii"	http://floraofalabama.org/Plant.aspx?id=4483
68000	"Lilium michiganense"	http://floraofalabama.org/Plant.aspx?id=5469
52022	"Lilium philippinense"	http://floraofalabama.org/Plant.aspx?id=5320
67999	"Lilium superbum"	http://floraofalabama.org/Plant.aspx?id=4486
44791	Lindera	http://floraofalabama.org/results.aspx?cat=genus&id=2063&text=Lindera
5428	Lindernia	http://floraofalabama.org/results.aspx?cat=genus&id=2493&text=Lindernia
26414	Linderniaceae	http://www.floraofalabama.org/results.aspx?cat=family&id=220&text=LINDERNIACEAE
27082	Linnaeaceae	http://www.floraofalabama.org/results.aspx?cat=family&id=224&text=LINNAEACEAE
24911	Liparis	http://floraofalabama.org/results.aspx?cat=genus&id=2211&text=Liparis
77150	"Liparis liliifolia"	http://floraofalabama.org/Plant.aspx?id=4587
49751	Liriodendron	http://floraofalabama.org/results.aspx?cat=genus&id=2143&text=Liriodendron
56025	"Liriodendron tulipifera"	
51710	Liriope	http://floraofalabama.org/results.aspx?cat=genus&id=2102&text=Liriope
65639	Lithocarpus	http://floraofalabama.org/results.aspx?cat=genus&id=2772&text=Lithocarpus
77330	"Lithocarpus henryi"	
5256	Lobelia	http://floraofalabama.org/results.aspx?cat=genus&id=1741&text=Lobelia
357	Loganiaceae	http://www.floraofalabama.org/results.aspx?cat=family&id=105&text=LOGANIACEAE
5891	Lonicera	http://floraofalabama.org/results.aspx?cat=genus&id=1752&text=Lonicera
65640	Lophiola	http://floraofalabama.org/results.aspx?cat=genus&id=1987&text=Lophiola
66478	"Lophiola aurea"	
65641	Lorinseria	http://floraofalabama.org/results.aspx?cat=genus&id=2704&text=Lorinseria
65289	"Lorinseria areolata"	http://floraofalabama.org/Plant.aspx?id=76
49725	Loropetalum	http://floraofalabama.org/results.aspx?cat=genus&id=2689&text=Loropetalum
56052	"Loropetalum chinense"	
12525	Lotus	http://floraofalabama.org/results.aspx?cat=genus&id=1939&text=Lotus
17500	"Lotus corniculatus"	
5117	Ludwigia	http://floraofalabama.org/results.aspx?cat=genus&id=2196&text=Ludwigia
12526	Lupinus	http://floraofalabama.org/results.aspx?cat=genus&id=1940&text=Lupinus
5305	Luzula	http://floraofalabama.org/results.aspx?cat=genus&id=2024&text=Luzula
68022	"Luzula acuminata var. carolinae"	
68023	"Luzula bulbosa"	
68024	"Luzula echinata"	
5069	Lycium	http://floraofalabama.org/results.aspx?cat=genus&id=2518&text=Lycium
77473	"Lycium carolinianum"	
26899	Lycopersicon	http://floraofalabama.org/results.aspx?cat=genus&id=2519&text=Lycopersicon
33111	"Lycopersicon esculentum"	
65263	LYCOPHYTES	
19563	Lycopodiaceae	http://www.floraofalabama.org/results.aspx?cat=family&id=106&text=LYCOPODIACEAE
19661	Lycopodiella	http://floraofalabama.org/results.aspx?cat=genus&id=2133&text=Lycopodiella
65642	Lycopodioides	http://floraofalabama.org/results.aspx?cat=genus&id=2725&text=Lycopodioides
19660	Lycopodium	http://floraofalabama.org/results.aspx?cat=genus&id=2134&text=Lycopodium
39121	"Lycopodium clavatum"	http://www.floraofalabama.org/Plant.aspx?id=5655
51502	Lycoris	http://floraofalabama.org/results.aspx?cat=genus&id=2103&text=Lycoris
51528	"Lycoris radiata"	
51526	"Lycoris squamigera"	
19567	Lygodiaceae	http://www.floraofalabama.org/results.aspx?cat=family&id=107&text=LYGODIACEAE
63614	Lyonia	http://floraofalabama.org/results.aspx?cat=genus&id=1881&text=Lyonia
67564	"Lyonia ligustrina"	
67565	"Lyonia lucida"	
5345	Lysimachia	http://floraofalabama.org/results.aspx?cat=genus&id=2380&text=Lysimachia
5198	Maclura	http://floraofalabama.org/results.aspx?cat=genus&id=2174&text=Maclura
16506	"Maclura pomifera"	http://floraofalabama.org/Plant.aspx?id=2679
12489	Macroptilium	http://floraofalabama.org/results.aspx?cat=genus&id=1941&text=Macroptilium
17611	"Macroptilium lathyroides"	
19580	Macrothelypteris	http://floraofalabama.org/results.aspx?cat=genus&id=2541&text=Macrothelypteris
56072	"Macrothelypteris torresiana"	
49754	Magnolia	http://floraofalabama.org/results.aspx?cat=genus&id=2144&text=Magnolia
52549	Magnoliaceae	http://www.floraofalabama.org/results.aspx?cat=family&id=109&text=MAGNOLIACEAE
26956	Maianthemum	http://floraofalabama.org/results.aspx?cat=genus&id=2104&text=Maianthemum
32766	"Maianthemum racemosum"	http://floraofalabama.org/Plant.aspx?id=4450
65262	"Major Groups of Seedless and Seed Bearing Plants"	
24910	Malaxis	http://floraofalabama.org/results.aspx?cat=genus&id=2213&text=Malaxis
77151	"Malaxis unifolia"	http://floraofalabama.org/Plant.aspx?id=4590
6070	Malus	http://floraofalabama.org/results.aspx?cat=genus&id=2424&text=Malus
24859	Manihot	http://floraofalabama.org/results.aspx?cat=genus&id=1898&text=Manihot
24119	"Manihot grahamii"	
19664	Marsilea	http://floraofalabama.org/results.aspx?cat=genus&id=2159&text=Marsilea
19565	Marsileaceae	http://www.floraofalabama.org/results.aspx?cat=family&id=112&text=MARSILEACEAE
26487	Matelea	http://floraofalabama.org/results.aspx?cat=genus&id=1533&text=Matelea
68105	"Matelea baldwyniana"	
65647	Medeola	http://floraofalabama.org/results.aspx?cat=genus&id=2105&text=Medeola
67792	"Medeola virginiana"	http://floraofalabama.org/Plant.aspx?id=4487
12511	Medicago	http://floraofalabama.org/results.aspx?cat=genus&id=1942&text=Medicago
26940	Melanthiaceae	http://www.floraofalabama.org/results.aspx?cat=family&id=231&text=MELANTHIACEAE
65648	Melanthium	http://floraofalabama.org/results.aspx?cat=genus&id=2107&text=Melanthium
12510	Melilotus	http://floraofalabama.org/results.aspx?cat=genus&id=1943&text=Melilotus
240	Menispermaceae	http://www.floraofalabama.org/results.aspx?cat=family&id=116&text=MENISPERMACEAE
65650	Menispermum	http://floraofalabama.org/results.aspx?cat=genus&id=2166&text=Menispermum
67953	"Menispermum canadense"	http://floraofalabama.org/Plant.aspx?id=2662
24855	Mercurialis	http://floraofalabama.org/results.aspx?cat=genus&id=1899&text=Mercurialis
32695	"Mercurialis annua"	
65651	Micranthemum	http://floraofalabama.org/results.aspx?cat=genus&id=2497&text=Micranthemum
77376	"Micranthemum umbrosum"	
26883	Micranthes	http://floraofalabama.org/results.aspx?cat=genus&id=2635&text=Micranthes
68051	"Micranthes virginiensis"	
1420	Mimosa	http://floraofalabama.org/results.aspx?cat=genus&id=1944&text=Mimosa
5440	Mimulus	http://floraofalabama.org/results.aspx?cat=genus&id=2498&text=Mimulus
68055	"Mimulus alatus"	
30894	"Mimulus ringens"	
5236	Mirabilis	http://floraofalabama.org/results.aspx?cat=genus&id=2181&text=Mirabilis
50700	Mitella	http://floraofalabama.org/results.aspx?cat=genus&id=2473&text=Mitella
68053	"Mitella diphylla"	
5036	Mitreola	http://floraofalabama.org/results.aspx?cat=genus&id=2130&text=Mitreola
65264	MONILOPHYTES	
25188	Monotropa	http://floraofalabama.org/results.aspx?cat=genus&id=2169&text=Monotropa
29823	"Monotropa uniflora"	http://floraofalabama.org/Plant.aspx?id=2672
65654	Monotropsis	http://floraofalabama.org/results.aspx?cat=genus&id=2170&text=Monotropsis
67801	"Monotropsis odorata"	http://floraofalabama.org/Plant.aspx?id=2673
26730	Montiaceae	http://www.floraofalabama.org/results.aspx?cat=family&id=245&text=MONTIACEAE
388	Moraceae	http://www.floraofalabama.org/results.aspx?cat=family&id=120&text=MORACEAE
26734	Morus	http://floraofalabama.org/results.aspx?cat=genus&id=2175&text=Morus
5902	Murdannia	http://floraofalabama.org/results.aspx?cat=genus&id=1798&text=Murdannia
65656	Muscadinia	http://floraofalabama.org/results.aspx?cat=genus&id=2695&text=Muscadinia
1391	Muscari	http://floraofalabama.org/results.aspx?cat=genus&id=2108&text=Muscari
5293	Myosurus	http://floraofalabama.org/results.aspx?cat=genus&id=2400&text=Myosurus
23395	"Myosurus minimus"	http://floraofalabama.org/Plant.aspx?id=3051
908	Myriophyllum	http://floraofalabama.org/results.aspx?cat=genus&id=1988&text=Myriophyllum
39053	Myriopteris	http://floraofalabama.org/results.aspx?cat=genus&id=2707&text=Myriopteris
41057	Nandina	http://floraofalabama.org/results.aspx?cat=genus&id=1674&text=Nandina
9661	"Nandina domestica"	
1346	Narcissus	http://floraofalabama.org/results.aspx?cat=genus&id=2109&text=Narcissus
56349	"Narcissus bulbocodium"	http://floraofalabama.org/Plant.aspx?id=5462
56351	"Narcissus jonquilla"	http://floraofalabama.org/Plant.aspx?id=4426
56352	"Narcissus papyraceus"	http://floraofalabama.org/Plant.aspx?id=4429
56353	"Narcissus poeticus"	http://floraofalabama.org/Plant.aspx?id=5267
8490	"Narcissus pseudonarcissus"	http://floraofalabama.org/Plant.aspx?id=4431
8491	"Narcissus tazetta"	http://floraofalabama.org/Plant.aspx?id=4432
68004	"Narcissus x incomparabilis [poeticus x pseudonarcissus]"	http://floraofalabama.org/Plant.aspx?id=4425
68003	"Narcissus x intermedius [jonquilla x tazetta]"	http://floraofalabama.org/Plant.aspx?id=5266
68001	"Narcissus x medioluteus [poeticus x tazetta]"	http://floraofalabama.org/Plant.aspx?id=4427
68002	"Narcissus x odorus [jonquilla x pseudonarcissus]"	http://floraofalabama.org/Plant.aspx?id=4428
27078	Nartheciaceae	http://www.floraofalabama.org/results.aspx?cat=family&id=226&text=NARTHECIACEAE
65658	Nekemias	http://floraofalabama.org/results.aspx?cat=genus&id=2733&text=Nekemias
67954	"Nekemias arborea"	
5352	Nemophila	http://floraofalabama.org/results.aspx?cat=genus&id=2009&text=Nemophila
77157	Neottia	http://floraofalabama.org/Genus.aspx?id=2799
77158	"Neottia bifolia"	http://floraofalabama.org/Plant.aspx?id=4589
65282	Nephrolepidaceae	http://www.floraofalabama.org/results.aspx?cat=family&id=243&text=NEPHROLEPIDACEAE
32632	"Nephrolepis cordifolia"	http://floraofalabama.org/Plant.aspx?id=105
889	Neptunia	http://floraofalabama.org/results.aspx?cat=genus&id=1945&text=Neptunia
479	Nerium	http://floraofalabama.org/results.aspx?cat=genus&id=1511&text=Nerium
11601	"Nerium oleander"	
65661	Nestronia	http://floraofalabama.org/results.aspx?cat=genus&id=2458&text=Nestronia
77289	"Nestronia umbellula"	
26866	Neviusia	http://floraofalabama.org/results.aspx?cat=genus&id=2425&text=Neviusia
77242	"Neviusia alabamensis"	http://floraofalabama.org/Plant.aspx?id=3160
5084	Nicandra	http://floraofalabama.org/results.aspx?cat=genus&id=2520&text=Nicandra
11644	"Nicandra physalodes"	
5077	Nicotiana	http://floraofalabama.org/results.aspx?cat=genus&id=2521&text=Nicotiana
11052	"Nicotiana glauca"	
1387	Nothoscordum	http://floraofalabama.org/results.aspx?cat=genus&id=2111&text=Nothoscordum
5288	Nuphar	http://floraofalabama.org/results.aspx?cat=genus&id=2182&text=Nuphar
378	Nyctaginaceae	http://www.floraofalabama.org/results.aspx?cat=family&id=125&text=NYCTAGINACEAE
5287	Nymphaea	http://floraofalabama.org/results.aspx?cat=genus&id=2183&text=Nymphaea
342	Nymphaeaceae	http://www.floraofalabama.org/results.aspx?cat=family&id=126&text=NYMPHAEACEAE
67566	"Nyssa aquatica"	http://floraofalabama.org/Plant.aspx?id=2709
67568	"Nyssa biflora"	http://floraofalabama.org/Plant.aspx?id=2710
67567	"Nyssa ogeche"	http://floraofalabama.org/Plant.aspx?id=2711
56549	"Nyssa sylvatica"	http://floraofalabama.org/Plant.aspx?id=2712
52568	Nyssaceae	http://www.floraofalabama.org/results.aspx?cat=family&id=127&text=NYSSACEAE
65662	Obolaria	http://floraofalabama.org/results.aspx?cat=genus&id=1979&text=Obolaria
77518	"Obolaria virginica"	
42562	Odontonema	
48674	"Odontonema cuspidatum"	
5120	Oenothera	http://floraofalabama.org/results.aspx?cat=genus&id=2197&text=Oenothera
292	Oleaceae	http://www.floraofalabama.org/results.aspx?cat=family&id=128&text=OLEACEAE
302	Onagraceae	http://www.floraofalabama.org/results.aspx?cat=family&id=129&text=ONAGRACEAE
12541	Onobrychis	http://floraofalabama.org/results.aspx?cat=genus&id=2766&text=Onobrychis
22952	"Onobrychis viciifolia"	
65287	"Onoclea sensibilis"	http://floraofalabama.org/Plant.aspx?id=106
65279	Onocleaceae	http://www.floraofalabama.org/results.aspx?cat=family&id=241&text=ONOCLEACEAE
19564	Ophioglossaceae	http://www.floraofalabama.org/results.aspx?cat=family&id=130&text=OPHIOGLOSSACEAE
19666	Ophioglossum	http://floraofalabama.org/results.aspx?cat=genus&id=2199&text=Ophioglossum
51711	Ophiopogon	http://floraofalabama.org/results.aspx?cat=genus&id=2613&text=Ophiopogon
51719	"Ophiopogon japonicus"	http://floraofalabama.org/Plant.aspx?id=5278
65666	Orbexilum	http://floraofalabama.org/results.aspx?cat=genus&id=1946&text=Orbexilum
77058	"Orbexilum lupinellus"	
458	Orchidaceae	http://www.floraofalabama.org/results.aspx?cat=family&id=131&text=ORCHIDACEAE
1393	Ornithogalum	http://floraofalabama.org/results.aspx?cat=genus&id=2112&text=Ornithogalum
51813	"Ornithogalum nutans"	
8669	"Ornithogalum umbellatum"	
51538	Orontium	http://floraofalabama.org/results.aspx?cat=genus&id=1518&text=Orontium
56587	"Orontium aquaticum"	
65667	Orthochilus	http://floraofalabama.org/results.aspx?cat=genus&id=2760&text=Orthochilus
77145	"Orthochilus ecristatus"	http://floraofalabama.org/Plant.aspx?id=4607
56595	Osmunda	http://floraofalabama.org/results.aspx?cat=genus&id=2225&text=Osmunda
67839	"Osmunda spectabilis"	
22725	Osmundaceae	http://www.floraofalabama.org/results.aspx?cat=family&id=133&text=OSMUNDACEAE
65668	Osmundastrum	http://floraofalabama.org/results.aspx?cat=genus&id=2672&text=Osmundastrum
65288	"Osmundastrum cinnamomeum"	http://floraofalabama.org/Plant.aspx?id=151
65670	Oxydendrum	http://floraofalabama.org/results.aspx?cat=genus&id=1882&text=Oxydendrum
67840	"Oxydendrum arboreum"	
50046	Pachysandra	http://floraofalabama.org/results.aspx?cat=genus&id=1731&text=Pachysandra
66580	"Pachysandra procumbens Michx."	http://floraofalabama.org/Plant.aspx?id=1302
65671	Palhinhaea	http://floraofalabama.org/results.aspx?cat=genus&id=2668&text=Palhinhaea
77255	"Palhinhaea cernua"	http://www.floraofalabama.org/Plant.aspx?id=35
50788	Panax	http://floraofalabama.org/results.aspx?cat=genus&id=1523&text=Panax
77272	"Panax quinquefolius"	
5282	Papaver	http://floraofalabama.org/results.aspx?cat=genus&id=2229&text=Papaver
8977	"Papaver hybridum"	http://floraofalabama.org/Plant.aspx?id=2814
8978	"Papaver rhoeas"	http://floraofalabama.org/Plant.aspx?id=2815
8975	"Papaver somniferum"	http://floraofalabama.org/Plant.aspx?id=2816
341	Papaveraceae	http://www.floraofalabama.org/results.aspx?cat=family&id=135&text=PAPAVERACEAE
5213	Parietaria	http://floraofalabama.org/results.aspx?cat=genus&id=2557&text=Parietaria
25161	Parkinsonia	http://floraofalabama.org/results.aspx?cat=genus&id=1947&text=Parkinsonia
3011	"Parkinsonia aculeata"	
32719	Parnassia	http://floraofalabama.org/results.aspx?cat=genus&id=2474&text=Parnassia
27097	Parnassiaceae	http://www.floraofalabama.org/results.aspx?cat=family&id=214&text=PARNASSIACEAE
26906	Parthenocissus	http://floraofalabama.org/results.aspx?cat=genus&id=2580&text=Parthenocissus
32684	"Parthenocissus quinquefolia"	
5178	Passiflora	http://floraofalabama.org/results.aspx?cat=genus&id=2234&text=Passiflora
10512	"Passiflora caerulea"	
68097	"Passiflora incarnata"	
68098	"Passiflora lutea"	
246	Passifloraceae	http://www.floraofalabama.org/results.aspx?cat=family&id=137&text=PASSIFLORACEAE
65673	Pattalias	http://floraofalabama.org/results.aspx?cat=genus&id=2771&text=Pattalias
68106	"Pattalias palustre"	
25170	Pediomelum	http://floraofalabama.org/results.aspx?cat=genus&id=1948&text=Pediomelum
77054	"Pediomelum canescens"	
77057	"Pediomelum subacaule"	
77299	Pelazoneuron	
19616	Pellaea	http://floraofalabama.org/results.aspx?cat=genus&id=2386&text=Pellaea
27098	Peltandra	http://floraofalabama.org/results.aspx?cat=genus&id=1519&text=Peltandra
39170	Persea	http://floraofalabama.org/results.aspx?cat=genus&id=2064&text=Persea
5448	Persicaria	http://floraofalabama.org/results.aspx?cat=genus&id=2360&text=Persicaria
77369	"Persicaria sagittata"	
5078	Petunia	http://floraofalabama.org/results.aspx?cat=genus&id=2522&text=Petunia
5353	Phacelia	http://floraofalabama.org/results.aspx?cat=genus&id=2010&text=Phacelia
12488	Phaseolus	http://floraofalabama.org/results.aspx?cat=genus&id=1949&text=Phaseolus
65678	Phegopteris	http://floraofalabama.org/results.aspx?cat=genus&id=2542&text=Phegopteris
65680	Phemeranthus	http://floraofalabama.org/results.aspx?cat=genus&id=2371&text=Phemeranthus
26614	Philadelphus	http://floraofalabama.org/results.aspx?cat=genus&id=1998&text=Philadelphus
65681	Phlebodium	http://floraofalabama.org/results.aspx?cat=genus&id=2364&text=Phlebodium
77293	"Phlebodium aureum"	
26794	Phlox	http://floraofalabama.org/results.aspx?cat=genus&id=2352&text=Phlox
5462	Phoenix	http://floraofalabama.org/results.aspx?cat=genus&id=2681&text=Phoenix
11394	"Phoenix canariensis"	
26905	Phoradendron	http://floraofalabama.org/results.aspx?cat=genus&id=2575&text=Phoradendron
70438	"Phoradendron leucarpum"	
41697	Photinia	http://floraofalabama.org/results.aspx?cat=genus&id=2426&text=Photinia
50657	"Photinia serratifolia"	http://floraofalabama.org/Plant.aspx?id=3162
64796	Phryma	http://floraofalabama.org/results.aspx?cat=genus&id=2567&text=Phryma
68054	"Phryma leptosachya"	
26415	Phrymaceae	http://www.floraofalabama.org/results.aspx?cat=family&id=208&text=PHRYMACEAE
24840	Phyllanthaceae	http://www.floraofalabama.org/results.aspx?cat=family&id=217&text=PHYLLANTHACEAE
65683	Phyllanthopsis	http://floraofalabama.org/results.aspx?cat=genus&id=2640&text=Phyllanthopsis
68465	"Phyllanthopsis phyllanthoides"	
22121	Phyllanthus	http://floraofalabama.org/results.aspx?cat=genus&id=1900&text=Phyllanthus
5085	Physalis	http://floraofalabama.org/results.aspx?cat=genus&id=2523&text=Physalis
26860	Physocarpus	http://floraofalabama.org/results.aspx?cat=genus&id=2427&text=Physocarpus
56787	"Physocarpus opulifolius"	http://floraofalabama.org/Plant.aspx?id=3163
77373	Piaropus	
77375	"Piaropus crassipes"	
49648	Pieris	http://floraofalabama.org/results.aspx?cat=genus&id=1883&text=Pieris
67841	"Pieris phillyerifolia"	
42135	Pilea	http://floraofalabama.org/results.aspx?cat=genus&id=2558&text=Pilea
11543	"Pilea microphylla"	
19665	Pilularia	http://floraofalabama.org/results.aspx?cat=genus&id=2160&text=Pilularia
34740	"Pilularia americana"	http://floraofalabama.org/Plant.aspx?id=133
22730	Pinaceae	http://www.floraofalabama.org/results.aspx?cat=family&id=140&text=PINACEAE
26715	Pinguicula	http://floraofalabama.org/results.aspx?cat=genus&id=2071&text=Pinguicula
68099	"Pinguicula lutea"	
68100	"Pinguicula planifolia"	
68101	"Pinguicula primuliflora"	
68102	"Pinguicula pumila"	
20575	Pinus	http://floraofalabama.org/results.aspx?cat=genus&id=2238&text=Pinus
65684	Piriqueta	http://floraofalabama.org/results.aspx?cat=genus&id=2549&text=Piriqueta
68096	"Piriqueta caroliniana"	
5825	Pistia	http://floraofalabama.org/results.aspx?cat=genus&id=1520&text=Pistia
15407	"Pistia stratiotes"	
12461	Pisum	http://floraofalabama.org/results.aspx?cat=genus&id=1950&text=Pisum
22946	"Pisum sativum"	
65686	Planera	http://floraofalabama.org/results.aspx?cat=genus&id=2553&text=Planera
68278	"Planera aquatica"	
24872	Platanthera	http://floraofalabama.org/results.aspx?cat=genus&id=2214&text=Platanthera
56999	Platycladus	http://floraofalabama.org/results.aspx?cat=genus&id=1825&text=Platycladus
57000	"Platycladus orientalis"	
65688	Pleea	http://floraofalabama.org/results.aspx?cat=genus&id=2113&text=Pleea
67951	"Pleea tenuifolia"	http://floraofalabama.org/Plant.aspx?id=4512
65689	Pleopeltis	http://floraofalabama.org/results.aspx?cat=genus&id=2365&text=Pleopeltis
77292	"Pleopeltis michauxiana"	
22728	Podocarpaceae	http://www.floraofalabama.org/results.aspx?cat=family&id=213&text=PODOCARPACEAE
68048	"Podocarpus macrophyllus"	
65690	Podophyllum	http://floraofalabama.org/results.aspx?cat=genus&id=1675&text=Podophyllum
67857	"Podophyllum peltatum"	
65692	Pogonia	http://floraofalabama.org/results.aspx?cat=genus&id=2215&text=Pogonia
77153	"Pogonia ophioglossoides"	http://floraofalabama.org/Plant.aspx?id=4605
375	Polemoniaceae	http://www.floraofalabama.org/results.aspx?cat=family&id=147&text=POLEMONIACEAE
26789	Polemonium	http://floraofalabama.org/results.aspx?cat=genus&id=2353&text=Polemonium
66582	"Polemonium reptans L."	http://floraofalabama.org/Plant.aspx?id=2882
5350	Polygala	http://floraofalabama.org/results.aspx?cat=genus&id=2354&text=Polygala
275	Polygalaceae	http://www.floraofalabama.org/results.aspx?cat=family&id=148&text=POLYGALACEAE
397	Polygonaceae	http://www.floraofalabama.org/results.aspx?cat=family&id=149&text=POLYGONACEAE
37189	Polygonatum	http://floraofalabama.org/results.aspx?cat=genus&id=2114&text=Polygonatum
65693	Polygonella	http://floraofalabama.org/results.aspx?cat=genus&id=2361&text=Polygonella
5447	Polygonum	http://floraofalabama.org/results.aspx?cat=genus&id=2362&text=Polygonum
19600	Polypodiaceae	http://www.floraofalabama.org/results.aspx?cat=family&id=150&text=POLYPODIACEAE
27200	Polypodium	http://floraofalabama.org/results.aspx?cat=genus&id=2366&text=Polypodium
19637	Polystichum	http://floraofalabama.org/results.aspx?cat=genus&id=1865&text=Polystichum
59187	"Polystichum acrostichoides"	http://floraofalabama.org/Plant.aspx?id=107
77283	"Polystichum polyblepharum"	
5252	Pontederia	http://floraofalabama.org/results.aspx?cat=genus&id=2369&text=Pontederia
11484	"Pontederia cordata"	
456	Pontederiaceae	http://www.floraofalabama.org/results.aspx?cat=family&id=151&text=PONTEDERIACEAE
65698	Ponthieva	http://floraofalabama.org/results.aspx?cat=genus&id=2216&text=Ponthieva
77148	"Ponthieva racemosa"	http://floraofalabama.org/Plant.aspx?id=4606
5176	Populus	http://floraofalabama.org/results.aspx?cat=genus&id=2454&text=Populus
6042	Portulaca	http://floraofalabama.org/results.aspx?cat=genus&id=2372&text=Portulaca
67836	"Portulaca amilis"	http://floraofalabama.org/Plant.aspx?id=2981
67837	"Portulaca coronata"	http://floraofalabama.org/Plant.aspx?id=2982
41907	"Portulaca grandiflora"	http://floraofalabama.org/Plant.aspx?id=2983
22872	"Portulaca oleracea"	http://floraofalabama.org/Plant.aspx?id=2984
41905	"Portulaca pilosa"	http://floraofalabama.org/Plant.aspx?id=2985
306	Portulacaceae	http://www.floraofalabama.org/results.aspx?cat=family&id=152&text=PORTULACACEAE
9749	Potamogeton	http://floraofalabama.org/results.aspx?cat=genus&id=2374&text=Potamogeton
446	Potamogetonaceae	http://www.floraofalabama.org/results.aspx?cat=family&id=153&text=POTAMOGETONACEAE
6058	Potentilla	http://floraofalabama.org/results.aspx?cat=genus&id=2428&text=Potentilla
36847	"Potentilla indica"	http://floraofalabama.org/Plant.aspx?id=3147
26843	Poterium	http://floraofalabama.org/results.aspx?cat=genus&id=2661&text=Poterium
77241	"Poterium sanguisorba ssp. muricatum"	http://floraofalabama.org/Plant.aspx?id=5411
26828	Primula	http://floraofalabama.org/results.aspx?cat=genus&id=2691&text=Primula
376	Primulaceae	http://www.floraofalabama.org/results.aspx?cat=family&id=154&text=PRIMULACEAE
26936	Prosartes	http://floraofalabama.org/results.aspx?cat=genus&id=2115&text=Prosartes
67799	"Prosartes lanuginosa"	http://floraofalabama.org/Plant.aspx?id=4488
67798	"Prosartes maculata"	http://floraofalabama.org/Plant.aspx?id=4489
65699	Proserpinaca	http://floraofalabama.org/results.aspx?cat=genus&id=1989&text=Proserpinaca
6051	Prunus	http://floraofalabama.org/results.aspx?cat=genus&id=2429&text=Prunus
50664	"Prunus glandulosa"	http://floraofalabama.org/Plant.aspx?id=3177
65700	Pseudolycopodiella	http://floraofalabama.org/results.aspx?cat=genus&id=2667&text=Pseudolycopodiella
77254	"Pseudolycopodiella caroliniana"	http://www.floraofalabama.org/Plant.aspx?id=34
19560	Psilotaceae	http://www.floraofalabama.org/results.aspx?cat=family&id=155&text=PSILOTACEAE
22731	"Psilotum nudum"	
26874	Ptelea	http://floraofalabama.org/results.aspx?cat=genus&id=2452&text=Ptelea
68005	"Ptelea trifoliata"	
19596	Pteridaceae	http://www.floraofalabama.org/results.aspx?cat=family&id=156&text=PTERIDACEAE
19631	Pteridium	http://floraofalabama.org/results.aspx?cat=genus&id=1851&text=Pteridium
19680	Pteris	http://floraofalabama.org/results.aspx?cat=genus&id=2387&text=Pteris
12486	Pueraria	http://floraofalabama.org/results.aspx?cat=genus&id=1951&text=Pueraria
63876	"Pueraria montana var. lobata"	
6064	Pyracantha	http://floraofalabama.org/results.aspx?cat=genus&id=2430&text=Pyracantha
65704	Pyrularia	http://floraofalabama.org/results.aspx?cat=genus&id=2459&text=Pyrularia
77290	"Pyrularia puber"	
6071	Pyrus	http://floraofalabama.org/results.aspx?cat=genus&id=2431&text=Pyrus
26600	Quercus	http://floraofalabama.org/results.aspx?cat=genus&id=1969&text=Quercus
268	Ranunculaceae	http://www.floraofalabama.org/results.aspx?cat=family&id=159&text=RANUNCULACEAE
5302	Ranunculus	http://floraofalabama.org/results.aspx?cat=genus&id=2401&text=Ranunculus
27109	Reynoutria	http://floraofalabama.org/results.aspx?cat=genus&id=2685&text=Reynoutria
77370	"Reynoutria japonica"	
315	Rhamnaceae	http://www.floraofalabama.org/results.aspx?cat=family&id=161&text=RHAMNACEAE
6248	Rhamnus	http://floraofalabama.org/results.aspx?cat=genus&id=2409&text=Rhamnus
67879	"Rhamnus lanceolata var. glabrata"	http://floraofalabama.org/Plant.aspx?id=3097
6069	Rhaphiolepis	http://floraofalabama.org/results.aspx?cat=genus&id=2770&text=Rhaphiolepis
51567	Rhapidophyllum	http://floraofalabama.org/results.aspx?cat=genus&id=1524&text=Rhapidophyllum
57288	"Rhapidophyllum hystrix"	
5980	Rhododendron	http://floraofalabama.org/results.aspx?cat=genus&id=1884&text=Rhododendron
50597	Rhodotypos	http://floraofalabama.org/results.aspx?cat=genus&id=2432&text=Rhodotypos
57526	"Rhodotypos scandens"	http://floraofalabama.org/Plant.aspx?id=3192
5164	Rhus	http://floraofalabama.org/results.aspx?cat=genus&id=1465&text=Rhus
27090	"Rhus aromatica"	http://floraofalabama.org/Plant.aspx?id=302
66544	"Rhus copallinum"	http://floraofalabama.org/Plant.aspx?id=303
50032	"Rhus glabra"	http://floraofalabama.org/Plant.aspx?id=304
49001	"Rhus typhina"	http://floraofalabama.org/Plant.aspx?id=305
12515	Rhynchosia	http://floraofalabama.org/results.aspx?cat=genus&id=1952&text=Rhynchosia
77055	"Rhynchosia reniformis"	
22711	Ribes	http://floraofalabama.org/results.aspx?cat=genus&id=1985&text=Ribes
67858	"Ribes curvatum"	
67859	"Ribes cynosbati"	
22963	Ricinus	http://floraofalabama.org/results.aspx?cat=genus&id=1901&text=Ricinus
22964	"Ricinus communis"	
12528	Robinia	http://floraofalabama.org/results.aspx?cat=genus&id=1953&text=Robinia
6061	Rosa	http://floraofalabama.org/results.aspx?cat=genus&id=2433&text=Rosa
259	Rosaceae	http://www.floraofalabama.org/results.aspx?cat=family&id=162&text=ROSACEAE
77222	Rotanthella	
77224	"Rotanthella floridana"	
6048	Rubus	http://floraofalabama.org/results.aspx?cat=genus&id=2434&text=Rubus
50688	"Rubus odoratus"	
12237	Ruellia	http://floraofalabama.org/results.aspx?cat=genus&id=1445&text=Ruellia
5451	Rumex	http://floraofalabama.org/results.aspx?cat=genus&id=2363&text=Rumex
26955	Ruscaceae	http://www.floraofalabama.org/results.aspx?cat=family&id=233&text=RUSCACEAE
239	Rutaceae	http://www.floraofalabama.org/results.aspx?cat=family&id=165&text=RUTACEAE
51569	Sabal	http://floraofalabama.org/results.aspx?cat=genus&id=1525&text=Sabal
51564	"Sabal minor"	
51641	"Sabal palmetto"	
65706	Sabatia	http://floraofalabama.org/results.aspx?cat=genus&id=1980&text=Sabatia
6243	Sageretia	http://floraofalabama.org/results.aspx?cat=genus&id=2410&text=Sageretia
67876	"Sageretia minutiflora"	http://floraofalabama.org/Plant.aspx?id=3098
5361	Sagittaria	http://floraofalabama.org/results.aspx?cat=genus&id=1456&text=Sagittaria
414	Salicaceae	http://www.floraofalabama.org/results.aspx?cat=family&id=166&text=SALICACEAE
5177	Salix	http://floraofalabama.org/results.aspx?cat=genus&id=2455&text=Salix
5088	Salpichroa	http://floraofalabama.org/results.aspx?cat=genus&id=2524&text=Salpichroa
11645	"Salpichroa origanifolia"	
27237	Salvinia	http://floraofalabama.org/results.aspx?cat=genus&id=2456&text=Salvinia
19557	Salviniaceae	http://www.floraofalabama.org/results.aspx?cat=family&id=167&text=SALVINIACEAE
16457	Sambucus	http://floraofalabama.org/results.aspx?cat=genus&id=1753&text=Sambucus
5344	Samolus	http://floraofalabama.org/results.aspx?cat=genus&id=2381&text=Samolus
34526	"Samolus parviflorus"	
65708	Sanguinaria	http://floraofalabama.org/results.aspx?cat=genus&id=2230&text=Sanguinaria
67956	"Sanguinaria canadensis"	http://floraofalabama.org/Plant.aspx?id=2817
396	Santalaceae	http://www.floraofalabama.org/results.aspx?cat=family&id=168&text=SANTALACEAE
243	Sapindaceae	http://www.floraofalabama.org/results.aspx?cat=family&id=169&text=SAPINDACEAE
64497	Sapindus	http://floraofalabama.org/results.aspx?cat=genus&id=2462&text=Sapindus
77268	"Sapindus marginatus"	
65709	Sassafras	http://floraofalabama.org/results.aspx?cat=genus&id=2065&text=Sassafras
77476	"Sassafras albidum"	
27071	Saururaceae	http://www.floraofalabama.org/results.aspx?cat=family&id=172&text=SAURURACEAE
48178	Saururus	http://floraofalabama.org/results.aspx?cat=genus&id=2467&text=Saururus
48179	"Saururus cernuus"	
26413	Saxifraga	http://floraofalabama.org/results.aspx?cat=genus&id=2476&text=Saxifraga
68052	"Saxifraga tridactylites"	
273	Saxifragaceae	http://www.floraofalabama.org/results.aspx?cat=family&id=173&text=SAXIFRAGACEAE
26420	Sceptridium	http://floraofalabama.org/Genus.aspx?id=2791
65710	Schisandra	http://floraofalabama.org/results.aspx?cat=genus&id=2478&text=Schisandra
65369	"Schisandra glabra"	
58066	Schisandraceae	http://www.floraofalabama.org/results.aspx?cat=family&id=174&text=SCHISANDRACEAE
65711	Schoenolirion	http://floraofalabama.org/results.aspx?cat=genus&id=2116&text=Schoenolirion
5430	Scrophularia	http://floraofalabama.org/results.aspx?cat=genus&id=2506&text=Scrophularia
77307	"Scrophularia marilandica"	
358	Scrophulariaceae	http://www.floraofalabama.org/results.aspx?cat=family&id=175&text=SCROPHULARIACEAE
37194	Securigera	http://floraofalabama.org/results.aspx?cat=genus&id=2616&text=Securigera
36942	"Securigera varia"	
5454	Sedum	http://floraofalabama.org/results.aspx?cat=genus&id=1812&text=Sedum
19562	Selaginellaceae	http://www.floraofalabama.org/results.aspx?cat=family&id=176&text=SELAGINELLACEAE
3009	Senna	http://floraofalabama.org/results.aspx?cat=genus&id=1955&text=Senna
50070	"Senna corymbosa"	
58108	Serenoa	http://floraofalabama.org/results.aspx?cat=genus&id=1526&text=Serenoa
51560	"Serenoa repens"	
12465	Sesbania	http://floraofalabama.org/results.aspx?cat=genus&id=1956&text=Sesbania
4990	Sesuvium	http://floraofalabama.org/results.aspx?cat=genus&id=1451&text=Sesuvium
77287	"Sesuvium maritimum"	
9781	"Sesuvium portulacastrum"	
430	Smilacaceae	http://www.floraofalabama.org/results.aspx?cat=family&id=178&text=SMILACACEAE
67817	"Smilax auriculata"	
67807	"Smilax biltmoreana"	
67813	"Smilax bona-nox"	
67812	"Smilax glauca"	
67808	"Smilax herbacea"	
67814	"Smilax hispida"	
67809	"Smilax hugeri"	
67810	"Smilax lasioneura"	
67818	"Smilax laurifolia"	
67811	"Smilax pumila"	
67816	"Smilax rotundifolia"	
67819	"Smilax smallii"	
67815	"Smilax walteri"	
351	Solanaceae	http://www.floraofalabama.org/results.aspx?cat=family&id=179&text=SOLANACEAE
5066	Solanum	http://floraofalabama.org/results.aspx?cat=genus&id=2525&text=Solanum
9449	Sparganium	http://floraofalabama.org/results.aspx?cat=genus&id=2526&text=Sparganium
77291	"Sparganium americanum"	
65721	Spigelia	http://floraofalabama.org/results.aspx?cat=genus&id=2131&text=Spigelia
21761	Spiraea	http://floraofalabama.org/results.aspx?cat=genus&id=2435&text=Spiraea
22833	Spiranthes	http://floraofalabama.org/results.aspx?cat=genus&id=2218&text=Spiranthes
5996	Spirodela	http://floraofalabama.org/results.aspx?cat=genus&id=2068&text=Spirodela
11444	"Spirodela polyrrhiza"	
26942	Stenanthium	http://floraofalabama.org/results.aspx?cat=genus&id=2117&text=Stenanthium
77309	"Stenanthium densum"	
77312	"Stenanthium gramineum"	
77313	"Stenanthium texanum"	
49967	Stewartia	http://floraofalabama.org/results.aspx?cat=genus&id=2539&text=Stewartia
93379	"Stewartia malacodendron"	
93378	"Stewartia ovata"	
26597	Stillingia	http://floraofalabama.org/results.aspx?cat=genus&id=1902&text=Stillingia
77219	"Stillingia aquatica"	
77221	"Stillingia sylvatica"	
65725	Strophostyles	http://floraofalabama.org/results.aspx?cat=genus&id=1957&text=Strophostyles
11290	Stuckenia	http://floraofalabama.org/results.aspx?cat=genus&id=2375&text=Stuckenia
32236	"Stuckenia pectinata"	
65726	Stylisma	http://floraofalabama.org/results.aspx?cat=genus&id=1807&text=Stylisma
65728	Stylophorum	http://floraofalabama.org/results.aspx?cat=genus&id=2231&text=Stylophorum
67957	"Stylophorum diphyllum"	http://floraofalabama.org/Plant.aspx?id=2818
12521	Stylosanthes	http://floraofalabama.org/results.aspx?cat=genus&id=1958&text=Stylosanthes
77064	"Stylosanthes biflora"	
27080	Styracaceae	http://www.floraofalabama.org/results.aspx?cat=family&id=185&text=STYRACACEAE
58180	Styrax	http://floraofalabama.org/results.aspx?cat=genus&id=2534&text=Styrax
77521	Swida	
26548	Symphoricarpos	http://floraofalabama.org/results.aspx?cat=genus&id=1754&text=Symphoricarpos
36997	"Symphoricarpos orbiculatus"	http://floraofalabama.org/Plant.aspx?id=1386
65730	Syngonanthus	http://floraofalabama.org/results.aspx?cat=genus&id=1888&text=Syngonanthus
77519	"Syngonanthus flavidulus"	
6221	Syringodium	http://floraofalabama.org/results.aspx?cat=genus&id=2740&text=Syringodium
68050	"Syringodium filiforme"	
59253	Taxodium	http://floraofalabama.org/results.aspx?cat=genus&id=2537&text=Taxodium
77228	"Taxodium ascendens"	
59255	"Taxodium distichum"	
65732	Telmatoblechnum	http://floraofalabama.org/results.aspx?cat=genus&id=2706&text=Telmatoblechnum
65292	"Telmatoblechnum serrulatum"	http://floraofalabama.org/Plant.aspx?id=5402
2097	Tephrosia	http://floraofalabama.org/results.aspx?cat=genus&id=1959&text=Tephrosia
5460	Tetrapanax	http://floraofalabama.org/results.aspx?cat=genus&id=2641&text=Tetrapanax
44107	"Tetrapanax papyrifer"	
5297	Thalictrum	http://floraofalabama.org/results.aspx?cat=genus&id=2402&text=Thalictrum
331	Theaceae	http://www.floraofalabama.org/results.aspx?cat=family&id=188&text=THEACEAE
19578	Thelypteridaceae	http://www.floraofalabama.org/results.aspx?cat=family&id=189&text=THELYPTERIDACEAE
19686	Thelypteris	http://floraofalabama.org/results.aspx?cat=genus&id=2543&text=Thelypteris
77302	"Thelypteris palustris var. pubescens"	
25169	Thermopsis	http://floraofalabama.org/results.aspx?cat=genus&id=1961&text=Thermopsis
5771	Thunbergia	http://floraofalabama.org/results.aspx?cat=genus&id=1446&text=Thunbergia
12293	"Thunbergia alata"	
4774	Thymelaea	http://floraofalabama.org/results.aspx?cat=genus&id=2545&text=Thymelaea
11538	"Thymelaea passerina"	
401	Thymelaeaceae	http://www.floraofalabama.org/results.aspx?cat=family&id=190&text=THYMELAEACEAE
65735	Thyrsanthella	http://floraofalabama.org/results.aspx?cat=genus&id=2658&text=Thyrsanthella
68107	"Thyrsanthella difformis"	
26894	Tiarella	http://floraofalabama.org/results.aspx?cat=genus&id=2477&text=Tiarella
65737	Tipularia	http://floraofalabama.org/results.aspx?cat=genus&id=2219&text=Tipularia
77141	"Tipularia discolor"	http://floraofalabama.org/Plant.aspx?id=4623
27079	Tofieldiaceae	http://www.floraofalabama.org/results.aspx?cat=family&id=225&text=TOFIELDIACEAE
51334	Torenia	http://floraofalabama.org/results.aspx?cat=genus&id=2724&text=Torenia
61559	"Torenia crustacea"	
26460	Toxicodendron	http://floraofalabama.org/results.aspx?cat=genus&id=1467&text=Toxicodendron
66543	"Toxicodendron pubescens"	http://floraofalabama.org/Plant.aspx?id=307
46279	"Toxicodendron radicans"	http://floraofalabama.org/Plant.aspx?id=308
66545	"Toxicodendron vernix"	http://floraofalabama.org/Plant.aspx?id=309
50761	Trachelospermum	http://floraofalabama.org/results.aspx?cat=genus&id=1512&text=Trachelospermum
5898	Tradescantia	http://floraofalabama.org/results.aspx?cat=genus&id=1799&text=Tradescantia
24812	Tragia	http://floraofalabama.org/results.aspx?cat=genus&id=1903&text=Tragia
26835	Trautvetteria	http://floraofalabama.org/results.aspx?cat=genus&id=2403&text=Trautvetteria
34804	"Trautvetteria caroliniensis"	http://floraofalabama.org/Plant.aspx?id=3083
24864	Triadica	http://floraofalabama.org/results.aspx?cat=genus&id=1904&text=Triadica
34712	"Triadica sebifera"	
65740	Triantha	http://floraofalabama.org/results.aspx?cat=genus&id=2119&text=Triantha
67952	"Triantha racemosa"	http://floraofalabama.org/Plant.aspx?id=4514
4991	Trianthema	http://floraofalabama.org/results.aspx?cat=genus&id=1452&text=Trianthema
9631	"Trianthema portulacastrum"	
5356	Tribulus	http://floraofalabama.org/results.aspx?cat=genus&id=2588&text=Tribulus
18207	"Tribulus terrestris"	
12477	Trifolium	http://floraofalabama.org/results.aspx?cat=genus&id=1962&text=Trifolium
26946	Trillium	http://floraofalabama.org/results.aspx?cat=genus&id=2121&text=Trillium
77316	"Trillium catesbyi"	
77327	"Trillium cuneatum"	
77329	"Trillium decipiens"	
77322	"Trillium decumbens"	
77319	"Trillium flexipes"	
52514	"Trillium grandiflorum"	
77321	"Trillium lancifolium"	
77326	"Trillium luteum"	
77325	"Trillium maculatum"	
77318	"Trillium pusillum"	
77320	"Trillium recurvatum"	
77324	"Trillium reliquum"	
77315	"Trillium rugelii"	
52513	"Trillium sessile"	
77323	"Trillium stamineum"	
77317	"Trillium sulcatum"	
77328	"Trillium underwoodii"	
77314	"Trillium vaseyi"	
26539	Triodanis	http://floraofalabama.org/results.aspx?cat=genus&id=1742&text=Triodanis
65742	Triosteum	http://floraofalabama.org/results.aspx?cat=genus&id=1755&text=Triosteum
65743	Triphora	http://floraofalabama.org/results.aspx?cat=genus&id=2220&text=Triphora
77155	"Triphora trianthophoros"	http://floraofalabama.org/Plant.aspx?id=4624
65744	Tristagma	http://floraofalabama.org/results.aspx?cat=genus&id=2619&text=Tristagma
26442	Tsuga	http://floraofalabama.org/results.aspx?cat=genus&id=2239&text=Tsuga
58402	"Tsuga canadensis"	
26935	Tulipa	http://floraofalabama.org/results.aspx?cat=genus&id=2122&text=Tulipa
67793	"Tulipa gesneriana"	http://floraofalabama.org/Plant.aspx?id=4490
9486	Typha	http://floraofalabama.org/results.aspx?cat=genus&id=2550&text=Typha
437	Typhaceae	http://www.floraofalabama.org/results.aspx?cat=family&id=193&text=TYPHACEAE
400	Ulmaceae	http://www.floraofalabama.org/results.aspx?cat=family&id=194&text=ULMACEAE
5191	Ulmus	http://floraofalabama.org/results.aspx?cat=genus&id=2554&text=Ulmus
5205	Urtica	http://floraofalabama.org/results.aspx?cat=genus&id=2559&text=Urtica
389	Urticaceae	http://www.floraofalabama.org/results.aspx?cat=family&id=195&text=URTICACEAE
9728	Utricularia	http://floraofalabama.org/results.aspx?cat=genus&id=2072&text=Utricularia
65745	Uvularia	http://floraofalabama.org/results.aspx?cat=genus&id=2123&text=Uvularia
66496	"Uvularia floridana"	
66498	"Uvularia grandiflora"	
66499	"Uvularia perfoliata"	
66497	"Uvularia sessilifolia"	
25261	Vaccinium	http://floraofalabama.org/results.aspx?cat=genus&id=1885&text=Vaccinium
25158	Vachellia	http://floraofalabama.org/results.aspx?cat=genus&id=2761&text=Vachellia
23436	"Vachellia farnesiana"	
26902	Valeriana	http://floraofalabama.org/results.aspx?cat=genus&id=2560&text=Valeriana
66596	"Valeriana pauciflora Michx."	http://floraofalabama.org/Plant.aspx?id=3661
381	Valerianaceae	http://www.floraofalabama.org/results.aspx?cat=family&id=196&text=VALERIANACEAE
6199	Valerianella	http://floraofalabama.org/results.aspx?cat=genus&id=2561&text=Valerianella
66599	"Valerianella dentata (L.) Pollich"	http://floraofalabama.org/Plant.aspx?id=5298
66600	"Valerianella locusta (L.) Laterr."	http://floraofalabama.org/Plant.aspx?id=3662
66597	"Valerianella radiata (L.) Dufr."	http://floraofalabama.org/Plant.aspx?id=3663
66598	"Valerianella umbilicata (Sull.) Alph. Wood"	http://floraofalabama.org/Plant.aspx?id=3664
65746	Vandenboschia	http://floraofalabama.org/results.aspx?cat=genus&id=2675&text=Vandenboschia
68046	"Vandenboschia boschiana"	http://floraofalabama.org/Plant.aspx?id=120
5423	Verbascum	http://floraofalabama.org/results.aspx?cat=genus&id=2508&text=Verbascum
24860	Vernicia	http://floraofalabama.org/results.aspx?cat=genus&id=1905&text=Vernicia
44703	"Vernicia fordii"	
73534	Viburnaceae	
23046	Viburnum	http://floraofalabama.org/results.aspx?cat=genus&id=1756&text=Viburnum
12463	Vicia	http://floraofalabama.org/results.aspx?cat=genus&id=1963&text=Vicia
12490	Vigna	http://floraofalabama.org/results.aspx?cat=genus&id=1964&text=Vigna
477	Vinca	http://floraofalabama.org/results.aspx?cat=genus&id=1513&text=Vinca
5181	Viola	http://floraofalabama.org/results.aspx?cat=genus&id=2574&text=Viola
309	Violaceae	http://www.floraofalabama.org/results.aspx?cat=family&id=198&text=VIOLACEAE
286	Vitaceae	http://www.floraofalabama.org/results.aspx?cat=family&id=200&text=VITACEAE
26907	Vitis	http://floraofalabama.org/results.aspx?cat=genus&id=2581&text=Vitis
19594	Vittaria	http://floraofalabama.org/results.aspx?cat=genus&id=2582&text=Vittaria
77294	"Vittaria lineata"	
5253	Wahlenbergia	http://floraofalabama.org/results.aspx?cat=genus&id=1743&text=Wahlenbergia
68443	"Wahlenbergia marginata"	
50275	Wisteria	http://floraofalabama.org/results.aspx?cat=genus&id=1965&text=Wisteria
5995	Wolffia	http://floraofalabama.org/results.aspx?cat=genus&id=2069&text=Wolffia
26919	Wolffiella	http://floraofalabama.org/results.aspx?cat=genus&id=2070&text=Wolffiella
77470	"Wolffiella gladiata"	
65294	"Woodsia obtusa"	http://floraofalabama.org/Plant.aspx?id=109
26428	Woodsiaceae	http://www.floraofalabama.org/results.aspx?cat=family&id=240&text=WOODSIACEAE
65750	Xanthorhiza	http://floraofalabama.org/results.aspx?cat=genus&id=2404&text=Xanthorhiza
67880	"Xanthorhiza simplicissima"	http://floraofalabama.org/Plant.aspx?id=3084
14942	Xanthosoma	http://floraofalabama.org/results.aspx?cat=genus&id=2682&text=Xanthosoma
15420	"Xanthosoma sagittifolium"	
26941	Xerophyllum	http://floraofalabama.org/results.aspx?cat=genus&id=2125&text=Xerophyllum
77311	"Xerophyllum asphodeloides"	
65751	Yeatesia	http://floraofalabama.org/results.aspx?cat=genus&id=1447&text=Yeatesia
67872	"Yeatesia viridiflora"	
5218	Yucca	http://floraofalabama.org/results.aspx?cat=genus&id=1450&text=Yucca
26410	Zannichellia	http://floraofalabama.org/results.aspx?cat=genus&id=2584&text=Zannichellia
34544	"Zannichellia palustris"	
6115	Zanthoxylum	http://floraofalabama.org/results.aspx?cat=genus&id=2453&text=Zanthoxylum
68006	"Zanthoxylum americanum"	
68007	"Zanthoxylum clava-herculis"	
1352	Zephyranthes	http://floraofalabama.org/results.aspx?cat=genus&id=2126&text=Zephyranthes
66736	"Zephyranthes citrina Baker"	
24890	Zeuxine	http://floraofalabama.org/results.aspx?cat=genus&id=2221&text=Zeuxine
77154	"Zeuxine strateumatica"	http://floraofalabama.org/Plant.aspx?id=4625
52048	Zigadenus	http://floraofalabama.org/results.aspx?cat=genus&id=2127&text=Zigadenus
77308	"Zigadenus glaberrimus"	
6242	Ziziphus	http://floraofalabama.org/results.aspx?cat=genus&id=2411&text=Ziziphus
67877	"Ziziphus jujuba"	http://floraofalabama.org/Plant.aspx?id=3099
12468	Zornia	http://floraofalabama.org/results.aspx?cat=genus&id=1966&text=Zornia
77056	"Zornia bracteata"	
251	Zygophyllaceae	http://www.floraofalabama.org/results.aspx?cat=family&id=205&text=ZYGOPHYLLACEAE
