from	statement	to
1	"Perennial, from a rhizome; petals 12–16 mm long, 8–13 mm wide"	"Geranium:Geranium maculatum L."
1	"Annual (rarely biennials), from a taproot; petals 2–8.5 mm long, 1–5 mm wide"	2
2	"Fertile stamens 5, staminodes (3–)5; rostrum without a narrowed apex"	"Geranium:Geranium pusillum L."
2	"Fertile stamens 10; staminodes absent; rostrum with a narrowed apex 0.3–7 mm long"	3
3	"Sepals with a mucro 0.1–0.3 mm long; mericarps reticulately ridged"	"Geranium:Geranium molle L."
3	"Sepals with a mucro 0.8–2 mm long; mericarps smooth"	4
4	"Petals light pink to light purple; mericarps with long appressed hairs to about 1 mm long"	"Geranium:Geranium carolinianum L."
4	"Petals dark purple to magenta; mericarps with spreading hairs to about 0.5 mm long"	"Geranium:Geranium dissectum L."
