from	statement	to	shortcut
1	Herb	Fatoua	"Fatoua villosa"
1	"Woody, a tree, shrub, woody vine"	2	
2	"Woody vine, creeping or climbing and often adhearing to walls or other flat surfaces"	Ficus	"Ficus pumila"
2	"Tree or shrub"	3	
3	"Leaves pinnately veined; leaf margins entire, never lobed;  plants often armed"	Maclura	"Maclura pomifera"
3	"Leaves palmately veined; leaf margins entire to toothed; often lobed; plants never armed"	4	
4	"Plants monoecious; staminate and carpellate flowers inside an obovate syconium which matures into a single fruit"	Ficus	"Ficus carica"
4	"Plants dioecious; carpellate flowers in cylindrical or spherical inflorescences"	5	
5	"Leaves alternate, sometimes opposite; twigs densely pubescent, velvety; carpellate flowers in spherical inflorescences; fruit spherical, green but maturing orange to red;"	Broussonetia	"Broussonetia papyrifera"
5	"Leaves alternate; carpellate flowers in cylindrical inflorescences; twigs glabrous to pubescent but not velvety; fruit cylindrical, red maturing to purplish black, rarely white;"	Morus	
