from	statement	to
1	"Leaves mottled lighter green on the veins"	2
1	"Leaves mottled lighter green between the veins"	4
2	"Calyx tube about as long as wide or shorter"	"Hexastylis heterophylla"
2	"Calyx tube longer than wide"	3
3	"Plants forming clumps, not rhizomatous"	"Hexastylis shuttlerworthii"
3	"Plants strongly rhizomatous forming patches"	"Hexastylis harperi"
4	"Calyx urceolate, without an outward flare near middle dividing the calyx tube into distinct lower and upper portions"	"Hexastylis arifolia"
4	"Calyx campanulate-cylindric or cup-shaped with an abrupt or gradual outward flare dividing the tube into distinct lower and upper portions"	5
5	"Calyx lobes erect; style appendages maroon"	"Hexastylis finzelii"
5	"Calyx lobes spreading to recurved; style appendages greenish yellow"	6
6	"Inside of calyx with numerous and well defined yellow and maroon stripes oriented toward the center of flower; pedicels lax causing flowers to rest on substrate or on top of other flowers, not recurved near base of flower; orifice of flowers usually facing laterally to ascending related to plane of substrate"	"Hexastylis speciosa"
6	"Inside of calyx without stripes; pedicels stiff, ascending to erect thus holding flowers well above substrate but recurved near base of flower; orifice of flowers usually nodding and facing substrate"	"Hexastylis rollinsae"
