from	statement	to	shortcut
1	"Leaves alternate"	2	
1	"Leaves opposite"	3	
2	"Bracts and tepals usually brightly colored, red, orange, white, pink; ovules typically 2 or more; fruit 2 or more seeded"	Celosia	"Celosia argentea"
2	"Bracts and tepals dull, various shades of green; ovule 1; fruit 1-seeded"	Amaranthus	
3	"Inflorescence branched, either a panicle or interrupted panicle of spikes"	4	
3	"Inflorescence unbranched"	5	
4	"Leaves well developed for entire stem; subunits not spike-like, flowers imperfect"	Iresine	"Iresine rhizomatosa"
4	"Leaves basally disposed with stem leaves usually only on lower half of entire plant; inflorescence interrupted, often remotely, with spike-like subunits; flowers perfect"	Froelichia	
5	"Inflorescences primarily axillary, with either only axillary inflorescences or numerous axillary inflorescences with also a terminal one; either forming sessile glomerules or pendundled spikes or heads"	Alternanthera	
5	"Inflorescences primarily terminal, often with only terminal though sometimes also few axillary from upper axils"	6	
6	"Infloresence a compact globose to subcylindric head, immedially subtended by a pair of leaves"	Gomphrena	
6	"Inflorescence a spike, more elongate, or not immediately subtended by a pair of leaves"	7	
7	"Flowers tightly arranged on axis of inflorescence; brateoles of flowers usually wooly; flowers erect to spreading in fruit but not recurving"	Froelichia	
7	"Flowers tightly arranged above, but proximally interrupted and spaced apart; bracteoles of more or less glabrous; flowers recurving in fruit"	Achyranthes	
