from	statement	to
1	"Woody vines climbing by twining; flowers and fruits variously distributed along the stem"	Isotrema
1	"Low terrestial herbs; flowers and fruits only at substrate level"	2
2	"Plants caulescent with leaves alternate along an aerial stem"	"Endodeca:Endodeca serpentaria"
2	"Plants acaulescent or essentially so with very short or creeping stems"	3
3	"Leaves usually mottled with patches of dark and lighter green; leaf texture thick and leathery, evergreen, and often with a spicy aroma when crushed"	Hexastylis
3	"Leaves uniformly green; leaf texture membraneous, deciduous, without an odor when crushed"	Asarum
