from	statement	to
1	"Plant a herbaceous vine with tendrils"	"Cardiospermum:Cardiospermum halicacabum"
1	"Plant a shrub or tree"	2
2	"Plant flowering before leaves emerge in the spring"	Acer
2	"Plant flowering or fruiting as leaves emerge or after"	3
3	"Leaves opposite"	Acer
3	"Leaves alternate"	4
4	"Leaves palmately compound"	Aesculus
4	"Leaves pinnately or bipinnately compound"	5
5	"Leaflets more or less entire; Petals a whitish to pale yellow; fruit a drupe"	"Sapindus:Sapindus marginatus"
5	"Leaves toothed to lobed; petals bright yellow; fruit an inflated, bladdery capsule"	Koelreuteria
