from	statement	to	shortcut
1	"Leaves alternate"	2	
1	"Leaves opposite"	4	
2	"Leaves with densely white pubescent abaxially"	Boehmeria	"Boehmeria nivea"
2	"Leaves glabrous or pubescent but not white from pubescent density"	3	
3	"Leaf margins crenate to dentate; stems with stinging trichomes with swollen bases"	Laportea	
3	"Leaf margins entire; stems glabrous or with non-stinging trichomes without swollen bases"	Parietaria	
4	"Leaf pair at each node unequal, one larger than the other; leaf margins entire"	Pilea	"Pilea microphylla"
4	"Leaf pair at each node more or less equal; leaf margins crenate to dentate"	5	
5	"Stems with stinging trichomes with swollen bases"	Urtica	
5	"Stems glabrous or with non-stinging trichomes without swollen bases"	6	
6	"Flowers and fruits more or less sessile along short axillary branches; plants pubescent"	Boehmeria	"Boehmeria cylindrica"
6	"Flowers and fruits (at least some) pedicellate with obvious pedicels; plants glabrous"	Pilea	
