from	statement	to
1	"Leaves sessile, margin slightly serrulate; fruits widest near middle."	2
1	"Leaves perfoliate, margins smooth; fruit widest near distal end."	3
2	"Pedicel with a foliaceous bract subtending the flower; tepals pappilose on adaxial surface; fruit sessile"	"Uvularia:Uvularia floridana"
2	"Pedicel without a foliaceous bract subtending the flower; tepals smooth on abaxial surface; fruit slightly stipitate"	"Uvularia:Uvularia sessilifolia"
3	"Tepals papilose on adaxial surface; leaves glabrous on abaxial surface"	"Uvularia:Uvularia grandiflora"
3	"Tepals smooth on adaxial surface; leaves puberlent on abaxial surface"	"Uvularia:Uvularia perfoliata"
