from	statement	to
1	"Plants woody (tree, shrub, or woody vine)"	"Fabaceae Key A"
1	"Plants herbaceous (erect, creeping, or climbing herbaceous vines"	2
2	"Tenrils usually present"	"Fabaceae Key B"
2	"Tendrils absent"	3
3	"Leaves simple"	"Fabaceae Key C"
3	"Leaves compound"	4
4	"Leaves bipinnately compound or palmately compound with 4 or more leaflets"	"Fabaceae Key D"
4	"Leaves trifoliate or pinnately compound"	5
5	"Leave pinnately compound with more than three leaflets"	"Fabaceae Key E"
5	"Leaves trifoliate (pinnately or palmately so)"	"Fabaceae Key F"
