from	statement	to
1	"Leaves simple"	2
1	"Leaves compound"	4
2	"Plants herbaceous"	Hydrocotyle
2	"Plants woody, shrubs or creeping to climbing vines"	3
3	"Shrubs; leaves over 20 cm wide"	"Tetrapanax:Tetrapanax papyrifer"
3	"Vines, creeping to climbing; leaves less than 15 cm wide, usually much less"	"Hedera:Hedera helix"
4	"Shrub or small tree; prickles present on stems and leaves"	"Aralia:Aralia spinosa"
4	"Herbs; prickles absent"	5
5	"Leaves pinnately compound; flowers and fruits in panicle"	"Aralia:Aralia racemosa"
5	"Leaves palmately compound; flowers and fruits in umbels"	"Panax:Panax quinquefolius"
