from	statement	to	shortcut
1	"Leaf margin serrate to dentate, sometimes remotely so"	2	
1	"Leaf margin entire"	3	
2	"Leaf margin with numerous small plantlets that easily detach"	Bryophyllum	"Bryophyllum daigremontianum"
2	"Leaf margin without small plantlets"	Hylotelephium	
3	"Leaves opposite; flowers solitary in the leaf axils; plant submersed or around muddy margins of coastal and inland reservoirs, lakes, and ponds"	Crassula	"Crassula aquatica"
3	"Leaves of flowering stem alternate, opposite, or whorled; flowers terminal in cymose inflorescences; plant terrestrial though sometimes in vernal pools of sandstone or granite outcrops"	4	
4	"Leaves and stems typically red; carpels fused basally for usually half of entire length"	Diamorpha	"Diamorpha smallii"
4	"Leaves and stems typically green; carpels distinct"	Sedum	
