from	statement	to
1	"Inflorescence a many-flowered terminal spike; flowers often exceeding 50; flower buds densely hairy; fruit a single seeded utricle"	"Pontederia:Pontederia cordata"
1	"Inflorescence a 1-several flowers, not exceeding 30; flower buds sparsely hairy or glabrous; fruit a several seeded capsule"	2
2	"Petioles of many leaves inflated with large air bladder; stamens 6; entire plant usually free floating on the water surface"	"Piaropus:Piaropus crassipes"
2	"Petioles without air bladder; stamens 3; plant usually rooted in the substrate"	Heteranthera
