from	statement	to
1	"Leaves >10 cm in length, ovaries pubescent, female flowers and drupes solitary, fruit >15 mm in length"	2
1	"Leaves <10 cm in length, ovaries glabrous, female flowers and drupes in 2-5 flowered glomerules, fruit <15 mm in length"	3
2	"Petioles >25 mm in length, leaf apex acute, drupes punctate, dark purple or black in color"	"Nyssa aquatica"
2	"Petioles <25 mm in length, leaf apex obtuse, drupes smooth, red or orange in color"	"Nyssa ogeche"
3	"Leaves  obovate to elliptic in outline, apex acute to acuminate, pistillate flowers/drupes 3–5 per peduncle, trees of dry to mesic sites"	"Nyssa sylvatica"
3	"Leaves oblanceolate to elliptic, apex obtuse to acute, pistillate flowers/drupes 2 per peduncle, trees of swamps and bottomlands"	"Nyssa biflora"
