from	statement	to
1	Shrubs	2
1	Herbs	6
2	"Leaves 1-3 times pinnately compound"	3
2	"Leaves simple, but clustered on short shoots"	4
3	"Perianth yellow; fruits blue; leaves once pinnately compound; leaflets spinulose dentate"	"Berberis:Berberis bealei"
3	"Perianth white; fruits red; leaves 2-3 times pinnately compound; leaflets entire"	"Nandina:Nandina domestica"
4	"Flowers and fruits racemose; fruits red"	"Berberis:Berberis canadensis"
4	"Flowers and fruits fascicled, umbellate, or solitary; fruts red or blue"	5
5	"Leaves narrowly elliptic to oblong; margins spinulose dentate; fruits blue"	"Berberis:Berberis julianae"
5	"Leaves oblanceolate to obovate; margins entire; fruits red"	"Berberis:Berberis thunbergii"
6	"Plants acaulescent, leaves and peduncles arising from plant base"	"Jeffersonia:Jeffersonia diphylla"
6	"Plants caulescent, with leafy stems bearing one or more flowers"	7
7	"Flowering plants producing only two simple leaves; inflorescence solitary; perianth white"	"Podophyllum:Podophyllum peltatum"
7	"Flowering plants producing several compound leaves; inflorescence a panicle; perianth purplish to yellow"	"Caulophyllum:Caulophyllum thalictroides"
