from	statement	to
1	"Plants thalloid, producing only a nonvascular gametophyte thallus; reproduction primarily by gemmae of the gametophyte."	2
1	"Plants producing vascular sporophytes (although small in Didymoglossum and Hymenophyllum); reproduction primarily by spores of the sporophyte (except Hymenophyllum tayloriae)"	3
2	"Thalli composed of cells in uniseriate filaments"	"Crepidomanes:Crepidomanes intricatum"
2	"Thalli more complex, ribbon-shaped or at least several cells wide, not filamentous"	"Hymenophyllum:Hymenophyllum tayloriae"
3	"Fronds once pinnately compound with pinnae also pinnatifid; larger fronds 2 cm or more broad"	"Vandenboschia:Vandenboschia boschiana"
3	"Fronds simple, sometimes shallowly lobed but not compound; larger fronds 1 cm or less broad"	4
4	"Stellate pubesence present along margin of frond only; often observed with sori"	"Didymoglossum:Didymoglossum petersii"
4	"Stellate pubescence present along margin and midrib; not known to produce sori"	"Hymenophyllum:Hymenophyllum tayloriae"
