from	statement	to	shortcut
1	"Leaves simple"	Cotinus	"Cotinus obovatus"
1	"Leaves trifoliate or pinnately compound"	2	
2	"Leaves trifoliate"	3	
2	"Leaves pinnately compound with more than 3 leafles"	5	
3	"Shrub; inflorescence and fruit development terminal and axillary on distal twig portion; flowers yellow, appearing before the leaves emerge; fruits red"	Rhus	"Rhus aromatica"
3	"Shrub or vine; inflorescence axillary; flowers greenish white; fruits white"	4	
4	"Climbing vines or creepers; leaves remotely toothed or lobed, teeth or lobes acute; plants of various habitats"	Toxicodendron	"Toxicodendron radicans"
4	"Shrub; Leaves with rounded lobes; plants of sandy dry habitats"	Toxicodendron	"Toxicodendron pubescens"
5	"Rachises of leaves winged with photosynthetic tissue between leaflet attachment"	Rhus	"Rhus copallinum"
5	"Rachises unwinged"	6	
6	"Inflorescence and fruit axillary; fruits white"	Toxicodendron	"Toxicodendron vernix"
6	"Inflorescence and fruit terminal; fruits red"	7	
7	"Twigs and leaves glabrous"	Rhus	"Rhus glabra"
7	"Twigs and leaves densely pubescent"	Rhus	"Rhus typhina"
