from	statement	to
1	"Plants lacking chlorophyll; herbaceous; leaves absent or reduced"	2
1	"Plants with chlorophyll; woody vines, shrubs, or trees; leaves present"	4
2	"Ovary with a single locule, fruit fleshy"	"Monotropsis:Monotropsis odorata"
2	"Ovary with five (4-6) locules, fruit a dry capsule"	3
3	"Flowers solitary, terminal; anthers dehiscing by two slits; plant white or pale pink in color"	"Monotropa:Monotropa uniflora"
3	"Flowers in racemes, rarely solitary; anthers dehiscing by a single slit; plants dark red, orange, or yellow"	"Hypopitys:Hypopitys monotropa"
4	"Petals separate; leaves with light strips along the mid-rib and major veins"	"Chimaphila:Chimaphila maculata"
4	"Petals united; leaves uniformly green"	5
5	"Corolla urceolate, constricted near the apex"	6
5	"Corolla campanulate, rotate, or salverform, widest at the apex"	13
6	"Ovary superior; fruit dry, a capsule"	7
6	"Ovary inferior; fruit fleshy, a drupe or berry"	12
7	"Plant deciduous"	8
7	"Plant evergreen"	10
8	"Capsules with thickened sutures"	Lyonia
8	"Capsules without thickened sutures"	9
9	"Plant a shrub; inflorescence an axillary panicle or raceme, produced on previous seasons growth; corolla filaments S shaped; capsules globose, about as long as broad"	Eubotrys
9	"Plant a tree; inflorescence a terminal many-flowered panicle; corollas canescent, filaments straight; capsules oblong, longer than broad"	"Oxydendrum:Oxydendrum arboreum"
10	"Plant a vine or rarely a short semi-erect shrub; anthers awned"	"Pieris:Pieris phillyerifolia"
10	"Plant a tall erect shrub; anthers without awns"	11
11	"Pith chambered; filaments straight"	"Agarista:Agarista populifolia"
11	"Pith solid; filaments curved, ""s"" shaped"	Leucothoe
12	"Fruit a drupe with 10 large thick-walled seeds"	Gaylussacia
12	"Fruit a berry with many small thin-walled seeds"	Vaccinium
13	"Stems trailing, fruit fleshy or appearing so"	14
13	"Stems erect, fruit dry"	15
14	"Plant with odor of wintergreen when bruised; calyx accrescent, becoming red and fleshy, surrounding the dry capsule; corolla campanulate"	"Gaultheria:Gaultheria procumbens"
14	"Plant without odor: calyx not accrescent and fleshy, fruit a blue fleshy capsule; corolla salverform"	"Epigaea:Epigaea repens"
15	"Leaves whorled, needle-like, fruit a dry, red drupe"	"Ceratiola:Ceratiola ericoides"
15	"Leaves alternate, broad and flat, fruit a dry, brown capsule"	16
16	"Corollas campanulate or rotate; stamens recurved, their tips spring-loaded into pouches in the petals; leaves thick, evergreen; capsules globose"	Kalmia
16	"Corollas salverform; stamens free, their tips not spring-loaded into pouches in the petals; leaves evergreen or deciduous; capsules cylindrical"	Rhododendron
