from	statement	to	shortcut
1	"Flowers appearing in the spring before the leaves emerge"	2	
1	"Flowers appearing with mature leaves"	4	
2	"Woody vine"	Wisteria	
2	"Tree or shrub"	3	
3	"Flowers cauliflorus, purple; plants unarmed"	Cercis	"Cercis Canadensis"
3	"Flowers emerging from near stem tip, white or pink; plants usually armed"	Robinia	
4	"Woody vine"	5	
4	"Tree or shrub"	7	
5	"Leaves pinnately compound"	Wisteria	
5	"Leaves trifoliate"	6	
6	"Banner petal with a large yellow blotch near base; legumes with long pilose hairs; leaflets often lobed but sometimes unlobed"	Pueraria	"Pueraria montana var. lobata"
6	"Banner petal without large yellow blatch near base; legumes with short appressed pubescence; leaflets never lobed"	Lackeya	"Lackeya multiflora"
7	"Leaves simple"	Cercis	"Cercis Canadensis"
7	"Leaves compound"	8	
8	"Leave trifoliate"	9	
8	"Leaves once or bi-pinnately compound"	10	
9	"Flowers yellow; fruits usually 5 or more seeded"	Cytisus	"Cytisus scoparius"
9	"Flowers pink to puplish pink; fruits one seeded"	Lespedeza	
10	"Leaves a mixture of once pinnately compound and bi-pinnately compound"	Gleditsia	
10	"Leaves all the same--simple, trifoliate, pinnately compound, or bi-pinnately compound"	11	
11	"Leaves binnately compound"	12	
11	"Leaves once pinnately compound"	16	
12	"Twigs unarmed"	13	
12	"Twigs usually armed"	14	
13	"Ultimately leaflets oblong; sides more or less parallel"	Albizia	"Albizia julibrissin"
13	"Ultimately leaflets lanceolate to ovate; definitely widest near or just above base tapering to apex"	Gymnocladus	"Gymnocladus dioicus"
14	"Rachis clearly wider than ultimate leaflets"	Parkinsonia	"Parkinsonia aculeata"
14	"Rachis more narrow to about as wide as ultimate leaflets"	15	
15	"Infloresence elongate, spike-like with two types of flowers, proximal flowers pink, distal flowers yellow; legume usually curved to contorted"	Dichrostachys	"Dichrostachys cinerea"
15	"Infloresence globose, flowers of one type, all yellow; legume more or less straight"	Vachellia	"Vachellia farnesiana"
16	"Rachis clearly wider than ultimate leaflets"	Parkinsonia	"Parkinsonia aculeata"
16	"Rachis more narrow to about as wide as ultimate leaflets"	17	
17	"Flowers with a single petal; legumes one seeded"	Amorpha	
17	"Flowers with 4-5 petals; legumes more than one seeded"	18	
18	"Leaves imparipinnate"	19	
18	"Leaves paripinnate"	20	
19	"Leaflets alternately arranged on rachis"	Cladrastis	"Cladrastis kentukea"
19	"Leaflets oppositely arranged on rachis"	Robinia	
20	"Leaves usually with 8 pairs of leaftlets or more"	Sesbania	
20	"Leaves with up to 4 pairs of leaftlets"	Senna	"Senna corymbosa"
