from	statement	to
1	"Herbs, subshrubs, or shrubs, not twining, climbing, or creeping"	2
1	"Woody or herbaceous vines, climbing, twining, or creeping"	6
2	"Shrubs or subshrubs; corolla lobes 1.5 cm wide or wider, variously colored but not green"	3
2	"Herbs; corolla lobes less than 1 cm wide, variously colored; or if 1 cm wide, corolla green"	4
3	"Plants often 1.5 m or much more tall; leaf apices acute to acuminate; corolla with toothed appendages at base of corolla lobes near opening of tube"	"Nerium:Nerium oleander"
3	"Plants usually 0.75 m or less tall; leaf apices rounded to obtuse but sometimes with an apiculus at tip; corolla without toothed appendages at base of corolla lobes"	"Catharanthus:Catharanthus roseus"
4	"Flowers with five extra appendages called ""hoods"", these usually variously colored or sometime greenish; anthers fused to stigma forming a ""gynostegium""; follicles narrowly lanceolate to lanceolate, often widest near base or just above base, muricate or smooth"	Asclepias
4	"Flowers without hoods; anthers not fused to stigma; follicles linear and smooth"	5
5	"Leaves alternate; corolla pale blue"	Amsonia
5	"Leaves opposite; corolla white to pink"	Apocynum
6	"Leaves ovate and cordate or with shallow basal lobes"	7
6	"Leaves usually linear to elliptic or if ovate, not cordate or lobed at base"	10
7	"Corolla lobes two-tone, usually brownish at base and yellowish green distally; follicles wing angled, otherwise surface smooth"	"Gonolobus:Gonolobus suberosus"
7	"Petals usually just one color, dark maroon, brownish, white (rarely tinged pink), or greenish; follicles muricate or smooth but not wing angled"	8
8	"Petals dark maroon, brownish, or greenish; follicles muricate"	Matelea
8	"Petals white; follicles muricate or smooth"	9
9	"Corona lobes with linear apical appendenges; corona lobes and appendages about half as long as corolla lobes or more, often obscuring view of stigma; follicles smooth"	"Cynanchum:Cynanchum laeve"
9	"Corona lobes not as described above; corona lobes and appendages much less than half has long as corolla lobes, not obscuring view of stigma; follicles muricate"	"Matelea:Matelea baldwyniana"
10	"Flowers with five whitish petal-like corona lobes shorter than corolla lobes; leaves linear"	"Pattalias:Pattalias palustre"
10	"Flowers without corona lobes; leaves elliptic, ovate, or rarely linear"	11
11	"Corolla blue; plants creeping, never climbing"	Vinca
11	"Corolla cream to whitish, rarely tinged pink; plants often climbing by twining or small adventitious rootlets, but sometimes plants without something to climb merely creep along substrate"	12
12	"Corolla funnel form; tube of corolla with red vertical lines (can be seen above without dissecting because of shape of corolla); corolla lobes often recurved; leaves deciduous"	"Thyrsanthella:Thyrsanthella difformis"
12	"Corolla salverform; tube of corolla without red lines; corolla lobes spreading, perpendicular to tube; leaves evergreen"	Trachelospermum
