from	statement	to
1	"Leaves perfoliate"	"Baptisia:Baptisia perfoliata"
1	"Leaves petiolate or sessile but not perfoliate"	2
2	"At least some leaves on the plant compound (trifoliate or bifoliate)"	"Pediomelum:Pediomelum canescens"
2	"All leaves simple"	3
3	"Stamens monodelphous, 5 filaments longer than other 5, shorter filaments with longer anthers than longer filaments; fruit inflated"	Crotalaria
3	"Stamens monodelphous or diadelphous, filaments and anthers more or less equal; fruit laterally compressed to subterete but not inflated"	4
4	"Petals yellow; fruit glandular punctate, 1-2 seeded"	"Rhynchosia:Rhynchosia reniformis"
4	"Petals blue or pink to purple; fruit with various indument but not glandular punctate, usually 3-numerous seeded"	5
5	"Foliage densely pubescent with silvery to tawny crooked to slightly tangled hairs; infloresences terminal, fruit a legume, opening to release seeds"	Lupinus
5	"Foliage slightly glabrous to slightly pubescent with uncinate hairs; inflorescence opposite leaves and terminal; fruit a loment, breaking into segments"	Alysicarpus
