from	statement	to	shortcut
1	"Corolla strongly zygomorphic; corolla blue, white, or red"	Lobelia	
1	"Corolla actinomorphic; corolla pale to dark blue"	2	
2	"Leaves sessile and clasping stem no more than 2 times longer than wide"	Triodanis	
2	"Leaves petiolate or sessile but not clasping stem usually 3 or more times longer than wide"	3	
3	"Calyx lobes erect in flower and fruit; capsule dehiscing by terminal pore above calyx lobe attachment"	Wahlenbergia	"Wahlenbergia marginata"
3	"Calyx lobes spreading to recurved in flower and fruit; capsule dehiscing by lateral pore along side of ovary wall below calyx lobe attachment"	4	
4	"Corolla campanulate, lobes erect"	Campanula	"Campanula divaricata"
4	"Corolla rotate, lobes spreading"	5	
5	"Plant usually erect; calyx lobes typically shorter than corolla lobes; fruit developing circular pore on side of ovary just below apical rim; common in calcareous woodlands throughout"	Campanulastrum	"Campanulastrum americanum"
5	"Plant usually prostrate; calyx lobes typically as long as or longer than corolla lobes; fruit developing an oblong pore nearly filing entire area between longitudinal ribs of ovary; very rare in moist habitats in lower Coastal Plain"	Rotanthella	"Rotanthella floridana"
