from	statement	to	shortcut
1	"Plants only vegetative"	2	
1	"Plants with flowers or fruits"	3	
2	"Leaves mostly elliptic to obovate"	Ulmus	
2	"Leaves mostly ovate to lanceolate, less commonly elliptic"	Planera	"Planera aquatica"
3	"Plants in flower"	4	
3	"Plants in fruit"	5	
4	"Flowers appearing in spring before the leaves emerge or in fall with leaves; flowers usually perfect"	Ulmus	
4	"Flowers appearing as leaves emerge in spring; plants polygomomonoecious, often with imperfect or functionally imperfect flowers with rudimentory stamens or carpels and some flowers perfect"	Planera	"Planera aquatica"
5	"Fruit a flattened samara"	Ulmus	
5	"Fruit semi-hemispherical and nut-like, surface with irregular projections"	Planera	"Planera aquatica"
