from	statement	to	shortcut
1	"Flowers 2-merous; fruits with uncinate hairs"	Circaea	"Circaea canadensis"
1	"Flowers 4 or 5-merous (rarely 3); fruits glabrous or hairy but not with uncinate hairs"	2	
2	"Stigmas with 4 linear lobes; flora tube between ovary and sepals present; flowers 4-merous, zygomorphic or actinomorphic; petals present"	Oenothera	
2	"Stigmas usually capitate or with rounded lobes but not linear lobes; floral tube between ovary and sepals present or absent; flowers 4 or 5-merous, actinomorphic; petals absent or present"	3	
3	"Floral tube between ovary and sepals obvious, usually longer than 1.5 cm"	Calylophus	"Calylophus berlandieri"
3	"Floral tube absent or less than 1 cm"	4	
4	"Sepals 4 or 5; petals 4, 5 or absent, yellow if present; seeds not comose"	Ludwigia	
4	"Sepals 4; petals 4, white to pink; seeds comose"	Epilobium	"Epilobium coloratum"
