from	statement	to
1	"Leaves opposite; perianth absent; flowers imperfect; fruits falcate; embryo curved"	"Zannichellia:Zannichellia palustris"
1	"Leaves alternate; perianth of 4 sepals; flowers perfect; fruits more or less cirucular; embryo curved"	2
2	"Leaves all submersed; stipules fused to leaf blade for 2/3 or more than total length of stipules; peduncle flaccid thus inflorecence always submersed"	"Stuckenia:Stuckenia pectinata"
2	"Leaves floating and submersed or all submersed; stipules (of submersed leaves); peduncle stout thus inflorecence usually emersed"	Potamogeton
