from	statement	to	shortcut
1	"Stem leaves simple, not divided"	Phlox	
1	"Stem leaves compound or highly dissected so as to appear compound"	2	
2	"Segments of leaf divisions filiform; calyx lobes linear, corolla scarlet red to orangish red; corolla tube much longer than lobes"	Ipomopsis	"Ipomopsis rubra (L.) Wherry"
2	"Segments of leaf divisions lanceolate to elliptic; calyx lobes deltoid to triangular; corolla pale blue; corolla tube about as long or shorter than lobes"	Polemonium	"Polemonium reptans L."
