from	statement	to	shortcut
1	"Flowers zygomorphic, usually with two petals similar and the third much reduced or absent; filaments glabrous"	Commelina	
1	"Flowers more or less actinomorphic, all three petals similar in size and shape; filaments pubescent"	2	
2	"Flowers with 2-3 stamens and 3-4 staminodes"	Murdannia	
2	"Flowers with 6 stamens and zero staminodes"	3	
3	"Cymes peduncled then branched above"	Gibasis	"Gibasis pellucida"
3	"Cymes more or less sessile in which each flower appears seems to originate in a pseudo-umbel"	4	
4	"Inflorecence subtended by foliaceous bracts similar to leaves"	Tradescantia	
4	"Inflorecence subtended by small bracts greatly reduced and dissimilar to leaves"	Cuthbertia	"Cuthbertia rosea"
