from	statement	to	shortcut
1	"Plants achlorophyllous, appearing orange, essentially leafless or leaves reduced to small scale-like appendages"	Cuscuta	
1	"Plants with chlorophyll and well defined leaves"	2	
2	"Leaves palmately or pinnately compound or deeply palmately dissected with 5 or more lobes"	3	
2	"Leaves simple and not dissected or sometimes terminally lobed but with no more than 3 lobes"	4	
3	"Margins of leaf lobes pinnately lobed"	Distimake	"Distimake dissectus"
3	"Margins of leaf lobes or leaflets entire"	Ipomoea	
4	"Styles distinct or branched with distinct portion about half of entire length"	5	
4	"Styles unbranched to stigma (sometimes stigmas branched at terminous of style)"	7	
5	"Leaves reniform, widely rounded at apex; calyx as long as to slightly exceeding corolla; styles completely distinct"	Dichondra	
5	"Leaves variously shaped but typically not reniform; calyx much shorter than corolla; styles branch above base"	6	
6	"Branches of styles each bearing a single capitate stigma"	Stylisma	
6	"Branches of styles cleft with each bearing a long linear stigma"	Evolvulus	
7	"Flower subtended by two large foliaceous bracts that enloses calyx"	Convolvulus	
7	"Flower not subtended by foliacous bracts enclosing calyx"	8	
8	"Inflorescence capitate with numerous flowers; flowers sessile or subsessile; calyx (tube and lobes) hirsute"	Jacquemontia	"Jacquemontia tamnifolia"
8	"Inflorescence of solitary or few flowered cymes or panicles; flowers pedicellate; calyx glabrous or hairy"	9	
9	"Stigma lobes linear"	Convolvulus	"Convolvulus arvensis"
9	"Stigma essentially unlobed or with short ovoid to globose lobes"	Ipomoea	
