from	statement	to	shortcut
1	"Leaves compound; corolla 1.5 cm or more long"	Valeriana	"Valeriana pauciflora Michx."
1	"Leaves simple; corolla 0.5 cm or less long"	2	
2	"Plants flowering"	3	
2	"Plants in fruit"	6	
3	"Corollas white"	4	
3	"Corollas pale blue or pink"	5	
4	"Corolla 1-2 mm long"	Valerianella	"Valerianella radiata (L.) Dufr."
4	"Corolla 3-5 mm long"	Valerianella	"Valerianella umbilicata (Sull.) Alph. Wood"
5	"Corollas pink"	Valerianella	"Valerianella dentata (L.) Pollich"
5	"Corollas pale blue"	Valerianella	"Valerianella locusta (L.) Laterr."
6	"Fruit/Ovary wall with long (0.5 mm or more long) strongly curved hairs;"	Valerianella	"Valerianella dentata (L.) Pollich"
6	"Fruit/Ovary wall with short straight hairs or glabrous"	7	
7	"Bractlet tips usually acute; often eciliate; mature fruits with wide cavity between sterile lobes (those lobes without apiculum at apex)"	Valerianella	"Valerianella umbilicata (Sull.) Alph. Wood"
7	"Bractlet tips usually rounded to obtuse; bract and bractlet margins often ciliate just below tip; mature fruits with merely a groove between sterile lobes (those lobes without apiculum at apex)"	8	
8	"Fertile side of fruit (opposite ventral groove) flattened (best seen with ventral groove positioned to the side, not flat down or up); fruit 1-1.2 mm wide (best measured with same orientation)"	Valerianella	"Valerianella locusta (L.) Laterr."
8	"Fertile side of fruit (opposite ventral groove) bulging, curved; mature fruit 1.8-2.2 mm wide when measuring from from fertil"	Valerianella	"Valerianella radiata (L.) Dufr."
