from	statement	to	shortcut
1	"Leaf margins prickly to spinulose dentate"	Argemone	
1	"Leaf margins entire to coarsely toothed but not with prickles or spines"	2	
2	"Leaves orbicular, palmately veined and lobed (rarely unlobed); petals solid white"	Sanguinaria	"Sanguinaria canadensis"
2	"Leaves lanceolate to elliptic, pinnately veined, unlobed to often deeply pinnately divided; petals orange, yellow, red, pink, purple or rarely white with purple spots"	3	
3	"Petals red, pink, purple or white with purple spots; capsules poricidal near apex"	Papaver	
3	"Petals orange to yellow; capsules valvate"	4	
4	"Ovary and fruit pubescent; plants of rich limestone woods and bluffs"	Stylophorum	"Stylophorum diphyllum"
4	"Ovary and fruit glabrous; plants often persistent from roadside ""wildflower"" plantings"	Eschscholzia	"Eschscholzia californica"
