from	statement	to	shortcut
1	"Corona present in flowers"	2	
1	"Corona absent"	3	
2	"Stamens shorter than corona and included within"	Narcissus	
2	"Stamens longer than corona extending far beyond"	Hymenocallis	
3	"Perianth mostly yellow to orange"	4	
3	"Perianth white, pink, or red"	5	
4	"Perianth reddish near base; stigmas equaling or exceeding anthers"	Habranthus	"Habranthus tubispathus (L'Héritier) Traub"
4	"Perianth yellow to green near base; stigmas shorter than anthers"	Zephyranthes	"Zephyranthes citrina Baker"
5	"Petals or petals and sepals with green dot abaxially near tip"	6	
5	"Petals and sepals without green mark abaxially near tip"	7	
6	"Green spot on all perianth parts abaxially near tip; petals and sepals more or less equal in length"	Leucojum	"Leucojum aestivum L."
6	"Green spot only on petals; petals shorter than sepals"	Galanthus	"Galanthus nivalis L."
7	"Inflorescence a solitary flower"	Zephyranthes	
7	"Inflorescence an umbel with two or more flowers"	8	
8	"Flowers strongly zygomorphic; leaves absent at flowering time"	Lycoris	
8	"Flowers more or less actinimorphic to slightly zygomorphic; leaves usually present at flowering time"	9	
9	"Flowers completely white; perianth parts long and strap shaped"	Crinum	"Crinum americanum L."
9	"Flowers pink to red infused with white, rarely entirely white; perianth parts lanceolate, ovate, to elliptic"	10	
10	"Anthers curved; stigma more or less capitat to slightly 3-lobed"	Crinum	"Crinum bulbispermum (Burman f.) Milne-Redhead & Schweickerdt"
10	"Anthers straight; stigma disctintly 3-parted"	Hippeastum	"Hippeastrum נjohnsonii (Bury) Herb."
