from	statement	to
1	"Leaves entire"	2
1	"Leaves toothed, lobed, or both"	3
2	"Staminate catkins of individually attached, pendulous; fruit solitary or 2-3 in a cluster or short penduncled"	Quercus
2	"Staminate catkins often part of a panicle, erect, ascending; fruit solitary or 2-3 in a cluster but arranged on an elongate leafless spicate twig"	"Lithocarpus:Lithocarpus henryi"
3	"Leaves lobed or incised more than 1/3 width from the margin to the midrib"	Quercus
3	"Leaves merely toothed or if lobed, lobes very shallow, less than 1/3 width from the margin to the midrib"	4
4	"Staminate catkins pendulous and spicate; fruit subtended partially (rarely wholly) covered by an involure cup with many small overlapping imbricated blunt scales"	Quercus
4	"Staminate catkins pendulous, forming a globose head or erect and spicate; fruit completely covered by involucre, the surface with acute spine-like processes"	5
5	"Bark of mature trees more or less smooth, not furrowed; staminate catkins pendulous and orbicular; fruit with sharp but weak spines spaced such that surface for fruit can be seen in between pickles"	"Fagus:Fagus grandifolia"
5	"Bark of mature trees usually furrowed; staminate catkins erect or ascending; fruit involucre with sharp, skin-penentrating spines densely covering fruit obscuring surface of fruit"	Castanea
