from	statement	to	shortcut
1	"Leaves palmately compound"	2	
1	"Leaves bipinnately compound"	5	
2	"Most leaves 4-foliate"	Zornia	"Zornia bracteata"
2	"Most leaves 5-foliate or more"	3	
3	"Plant acaulescent"	Pediomelum	"Pediomelum subacaule"
3	"Plant caulescent"	4	
4	"Leaflets oblanceoate"	Lupinus	
4	"Leaflets linear to filiform"	Orbexilum	"Orbexilum lupinellus"
5	"Flowes pink; fruit armed or breaking into single seed units"	Mimosa	
5	"Flowers yellow or white; fruit unarmed or breaking into single seed units"	6	
6	"Flowers white; legumes falcate"	Desmanthus	"Desmanthus illinoensis"
6	"Flowers yellow; legumes more or less straight"	Neptunia	
