from	statement	to	shortcut
1	"Plant with only 3 leaves, whorled at top of stem; inflorecence a terminal solitary flower"	Trillium	
1	"Plant with numerous leaves, all basal or basal and alternate on stem; inflorecence a spike, raceme, or panicle"	2	
2	"Inflorecence typically branched, panicule of racemes"	3	
2	"Inflorescence unbranched, forming a raceme or spike though may appear corymbose when first beginning to flower"	5	
3	"Tepals without a gland near base"	Stenanthium	
3	"Tepal with 2 glands near base"	4	
4	"Axis of inflorescence densely pubescent"	Melanthium	
4	"Axis of inflorescence glabrous"	Zigadenus	"Zigadenus glaberrimus"
5	"Tepals with a single gland near base, sometimes obscure"	Stenanthium	"Stenanthium densum"
5	"Tepals glandless"	6	
6	"Basal leaves oblanceolate, spatulate or less commonly elliptic, to 20 cm long; inflorescence bractless; plants dioecious"	Chamaelirium	"Chamaelirium luteum"
6	"Basal leaves linear to filiform, usually much longer than 20 cm; inflorecence with numerous bracts; plants with perfect flowers or perfect and imperect flowers on same plant"	7	
7	"Leaves linear, 5 mm or more wide; widespread throughout state in dry-mesic to dry woodlands"	Amianthium	"Amianthium muscaetoxicum"
7	"Leaves filiform, 2.5 mm or less wide; rare in state, so far only known from rocky open areas of Talledega Mountains"	Xerophyllum	"Xerophyllum asphodeloides"
