from	statement	to
1	"Leaves peltate with the petiole attached on abaxial surface near base of leaf"	"Menispermum:Menispermum canadense"
1	"Leaves not peltate with petiole attached at base"	2
2	"Leaves palmately divided; petals absent; fruits greenish; seeds bowl or cup-shaped; seed smooth except for toothed ""rim""."	"Calycocarpum:Calycocarpum lyonii"
2	"Leaves not divided; petals 6; fruits red; seeds with a slight indentation in the center but not bowl-shaped; seed variously ridged"	"Cocculus:Cocculus carolinus"
