from	statement	to
1	"Leaves membraneous, deciduous; ovules 2 per ovary; seeds usually 2 per fruit"	Stewartia
1	"Leaves leathery, evergreen; ovules 4-10 per ovary; seeds usualy 4-10 per fruit"	2
2	"Petals typically 5, white; flowering in summer; fruit beaked distally; seeds winged; plants of coastal swamps"	"Gordonia:Gordonia lasianthus"
2	"Petals typically more than 6 or 7, sometimes more or ""doubled"", white, pink, red; flowering in winter; fruit rounded distally; seeds wingless; plants of urban forests or peristant after cultivation"	"Camellia:Camellia japonica"
