from	statement	to	shortcut
1	"Leaves variegated with lighter green stripes"	2	
1	"Leaves typically one color, not striped"	4	
2	"Leaf margins spinulose dentate"	Agave	"Agave americana"
2	"Leaf margins entire"	3	
3	"Leaves ovate to cordate; perianth united over half of total length"	Hosta	"Hosta ventricosa"
3	"Leaves linear; perianth distinct"	Chlorophytum	"Chlorophytum comosum"
4	"Plant usually forming a young plantlet asexually on inflorescence tips"	Chlorophytum	"Chlorophytum comosum"
4	"Plant not forming young plantlet on inflorecence tips"	5	
5	"Leaf margins spinulose dentate"	Agave	"Agave americana"
5	"Leaf margins entire or fibrous, but not spinulose dentate (sometimes apex may be sharp )"	6	
6	"Plant shrub like; inflorescence a large panicle"	Yucca	
6	"Plant herbaceous; inflorescence (when present) usually racemose"	7	
7	"Leaf blades ovate to cordate"	Hosta	"Hosta ventricosa"
7	"Leaf blades linear"	8	
8	"Perianth greenish, non-showy, united for over half of total length"	Agave	"Agave virginica"
8	"Perianth white, yellow, or lilac, showy, perianth distinct"	9	
9	"Perianth lilac; seed surface rough, dull black"	Camassia	"Camassia scilloides"
9	"Perianth yellow or white; seed surface smooth, glossy black"	Schoenolirion	
