from	statement	to
1	"Reproduction by the formation spores produced in sporangia which develop on the leaf surface, leaf base, leaf axil, inside modified leaf parts or specialized structures (sporocarps), sporangiophores in a strobilus, or directly on naked photosynthetic stems; cones*, flowers (anthers or carpels),ovules, and seed absent.(*Note:  The sporangium producing area of Equisetum[Equisetaceae] and some species Lycopodiaceae may superficially resemble a ""cone"" but should not be interpreted as such)."	2
1	"Reproduction by the formation of seedsthrough the fertilization and ripening of ovules; cones (ovulate or pollen) or flowers (anthers and/or carpels) present."	3
2	"Sporangia borne in leaf axils or inside the adaxial base of quill-like leaves; if strobili present, these without sporangiophores; leaves unlobed and with a single unbranched vein that develops without circinate vernation; stems not jointed at nodes"	LYCOPHYTES
2	"Sporangia borne on the leaf surface, inside modified leaf structures or parts, or directly on naked photosyntheticstems; if strobili present, these with short sporangiophores; leaves commonly lobed or divided (rarely unlobed) with branching veins; if leaves with a single unbranched vein, plants with stems jointed at nodes or leafs develop through circinate vernation.  (Vascular plants that fail to make sporophytes only producing gametophytes should be followed here.)."	MONILOPHYTES
3	"Plants woody; leaves simple (except Cycas [Cycadaceae]);leaf blades needle-like, scale-like, awl-shaped, linear, or strap-shaped, usually evergreen (except Taxodium [Cupressaceae]); pollen and ovules produced in separate pollen and ovulate cones; ovules and seed borne directly on megasporophylls of woody or fleshy ovulate (seed) cones"	Gymnosperms
3	"Plants herbaceous or woody; leaves simple or compound; deciduous or evergreen; pollen and ovules produced in flowers; ovules and seed enclosed in carpels inside an ovary."	"Flowering Plants"
