from	statement	to
1	"Flowering specimens"	2
1	"Fruiting specimens"	5
2	"Petals (inner tepals) with auricles"	3
2	"Petals without auricles"	4
3	"Stigma lobes erect; anthers yellow"	"Erythronium rostratum"
3	"Stigma lobes recurved; anthers usually yellow but sometimes brownish purple"	"Erythronium americanum ssp. harperi"
4	"Tepals mostly white to tinged pink; anthers yellow"	"Erythronium albidum"
4	"Tepals mostly yellow; anthers usually brown to brownish purple"	"Erythronium umbilicatum"
5	"Style persisent in fruit forming a distinct beak usually 1 cm or more long at capsule apex"	"Erythronium rostratum"
5	"Style withering in fruit, fruits rounded, indented, or with a short apiculum much less than 1 cm long at capsule apex"	6
6	"Apex of capsule with indentation; fruits usually resting on ground during late development"	"Erythronium umbilicatum"
6	"Apex of capsule rounded or with short apiculum; fruits usually held ascending to laterally but off of ground throughout development"	7
7	"Fruits with a short but distinct apiculum at apex"	"Erythronium americanum ssp. harperi"
7	"Fruits more or less rounded at apex"	"Erythronium albidum"
