from	statement	to	shortcut
1	"Leaves absent at the time of flowering or if present, without green (chlorophyllous) tissue"	2	
1	"Leaves (basal or cauline or both) present at the time of flowering, sometimes appressed to stem and almost bladeless but with chlorophyllous tissue"	6	
2	"Flowers spurred, spur longer than pedicel"	Tipularia	"Tipularia discolor"
2	"Flowers not spurred"	3	
3	"Stems typically green"	4	
3	"Stems usually brownish to red"	5	
4	"Flowers pedicellate; inflorecence a raceme"	Aplectrum	"Aplectrum hyemale"
4	"Flowers sessile or nearly so; inflorecence a spike"	Spiranthes	
5	"Labellum striated with alternating lighter and darker bands of purple"	Hexalectris	"Hexalectris spicata"
5	"Labellum white or white with purple dots"	Corallorhiza	
6	"Stem leaves opposite, whorled, or absent (sometimes with bladeless sheaths), if absent, plants usually with basal leaves"	7	
6	"Stems leaves alternate or represnted by a single leaf"	16	
7	"Stem leaves opposite or whorled; basal leaves absent"	8	
7	"Stem leaves absent or reduced to bladeless sheaths; two or more basal leaves usually present"	9	
8	"Leaves two, opposite"	Neottia	"Neottia bifolia"
8	"Leaves more than two, arranged in one terminal whorl"	Isotria	"Isotria verticillata"
9	"Bladeless sheaths present on flowering stem (rarely a short blade present, then shorter than sheath)"	10	
9	"Bladeless sheaths absent on flowering stem"	11	
10	"Plant usually 1.0 m or more tall; inflorescence bracts longer than flower; perianth greenish to purple; adaxial surface of labellum purple; extremely rare in Alabama"	Orthochilus	"Orthochilus ecristatus"
10	"Plant 0.5 m or less tall, usually much less; inflorescence bracts shorter than flowers (at least distally); perianth typically white; adaxial surface of labellum white or cream to rarely yellow; very common"	Spiranthes	
11	"Infloresence a spike"	12	
11	"Inflorescence solitary or short raceme"	13	
12	"Flowers spirally arranged in 1-3 ranks or secund; basal leaves uniform in color, or sometimes absent"	Spiranthes	
12	"Flowers densley covering axis but not spirally arranged or secund; basal leaves dark green with prominent light green veins"	Goodyera	"Goodyera pubescens"
13	"Inflorecence solitary; labellum inflated and hollow, saccate, pink or rarely white, prominently veined in different shades"	Cypripedium	"Cypripedium acaule"
13	"Inflorecence usually a short raceme with 2-several flowers; labellum more or less planar or undulated, but not saccate, white or brown, not promiently veined, if veins visible not different shades from the other portions"	14	
14	"Flowers not resupinate, labellum oriented at the top of flower; basal leaves 4 or more"	Ponthieva	"Ponthieva racemosa"
14	"Flowers resupinate, labellum oriented at bottom of flower; basal leaves 2, rarely 3"	15	
15	"Bracts of inflorescence foliaceous, much longer than pedicels; labellum white"	Galearis	"Galearis spectabilis"
15	"Bracts of inflorescence not leaf-like, shorter than pedicels; labellum brownish purple"	Liparis	"Liparis liliifolia"
16	"Labellum inflated and hollow, saccate"	Cypripedium	
16	"Labellum more or less planar or undulated, but not saccate"	17	
17	"Labellum prominently spurred on backside of flower"	18	
17	"Labellum not spurred"	19	
18	"Labellum tri-lobed; lateral lobes of labellum linear to filiform; apices of lateral lobes entire"	Habenaria	
18	"Labellum entire or fringed, or tri-lobed (P. lacera & P. peramoena), if tri-lobed, lateral lobes widest distally and apices fringed, lacerate, or irregularly toothed"	Platanthera	
19	"Petals and sepals dull colored, usually green but sometimes suffused with pale brown"	20	
19	"Petals (and often sepals) brightly colored, white or pink, or combination of both; labellum sometimes yellow or partly yellow"	21	
20	"Plants terrestrial, bearing 1 leaf, arial roots absent"	Malaxis	"Malaxis unifolia"
20	"Plants epiphytic, usually bearing 3-4 leaves, arial roots present"	Epidendrum	"Epidendrum conopseum"
21	"Flowers not resupinate, labellum oriented at the top of flower"	Calopogon	
21	"Flowers resupinate, labellum oriented at bottom of flower"	22	
22	"Inflorescence a terminal spike"	23	
22	"Inflorescence 1-4 flowers, more open, if flowers more than 1, each flower terminating a penducle"	24	
23	"Flowers spirally arranged in 1-3 ranks or secund; upper stem leaves not reaching inflorecence"	Spiranthes	
23	"Flowers densley covering axis but not spirally arranged or secund; upper stem leaves extending to exceed lower part of inflorecence"	Zeuxine	"Zeuxine strateumatica"
24	"Stem leaves below inflorecence usually 1.0-1.5 times longer than wide, clasping stem"	Triphora	"Triphora trianthophoros"
24	"Stem leaf (leaves) below inflorecence usually 3.0 times or more longer than wide, not clasping stem"	25	
25	"Sepals usually brownish, one vertically erect, other two ascending"	Cleistesiopsis	"Cleistesiopsis bifaria"
25	"Sepals pale to dark pink, one vertically erect, other two descending to horizontal"	Pogonia	"Pogonia ophioglossoides"
