from	statement	to	shortcut
1	"Plants with stems bearing leaves and flowers or fruits"	2	
1	"Plants scapose"	3	
2	"Flowers and fruits terminal"	Maianthemum	"Maianthemum racemosum"
2	"Flowers and fruits axillary"	Polygonatum	
3	"Leaf blades elliptic, 5 cm or more broad"	4	
3	"Leaf blades linear; 2 cm or less broad"	5	
4	"Flowers and fruits solitary, produced on short pedicels at substrate level; perianth purplish"	Aspidistra	"Aspidistra elatior"
4	"Flowers and fruits racemose, erect among the leaves; perianth white"	Convallaria	"Convallaria majalis"
5	"Flowers nodding; anthers connate; ovary inferior to partly inferior; fruits blue"	Ophiopogon	"Ophiopogon japonicus"
5	"Flowers erect; anthers distinct; overy superior; fruits blackish"	Liriope	
