from	statement	to
1	"Plant woody; lianas, cladophyll succulents, subshrubs, shrubs, or trees."	2
1	"Plants herbaceous; herbs or herbaceous vines."	6
2	"Vines, shrubs, or subshrubs; stems climbing, clambering, creeping, trailing or sprawling; or plants cladophyll succulents"	"Family Group 01"
2	"Shrubs [subshrubs]or trees; stems more of less erect without support, or less commonly stems merely arching, or stems subterranean bearing large (0.5 m wide) palm-like leaves."	3
3	"Flowers (and sometimes fruit) developing on deciduous shrubs or trees in early spring before new leaves emerge for the new growing season; leaves absent"	"Family Group 02"
3	"Flowers developing and emerging as new leaves develop, or leaves already mature when flowers emerge, or plant in fruit; leaves present."	4
4	"Leaves distinctly compound (trifoliate, pinnately, or palmately compound)."	"Family Group 03"
4	"Leaves simple (may be tooth, lobed, or dissected)."	5
5	"Leaves opposite or whorled"	"Family Group 04"
5	"Leaves alternate (sometimes fascicled)"	"Family Group 05"
6	"Plant aquatic (primary vegetation submersed, floating, or scarcely emergent) with finely dissected or compound leaves, or simple leaves bearing a blade less than 3 mm wide, or plant bodies strongly reduced and thalloid-like."	"Family Group 06"
6	"Plant terrestrial with simple, dissected, or compound leaves or plants aquatic with undivided, simple leaves bearing a blade more than 3 mm wide."	7
7	"Plant seemingly without chlorophyll at the time of flowering, leaves and stems not green (some species may produce green leaves at different times of year, but these not evident at the time of flowering); terrestrial or epiphytic"	"Family Group 07"
7	"Plant with chlorophyll at the time of flowering, leaves and/or stems green; terrestrial, epiphytic, or aquatic."	8
8	"Stem leaves opposite or whorled or stem leaves absent"	"Family Group 08"
8	"Stem leaves alternate"	9
9	"Stem leaves compound or strongly dissected to more than 1/3 the width of the blade"	"Family Group 09"
9	"Stem leaves toothed, to slightly lobed, but not dissected or compound"	"Family Group 10"
