from	statement	to
1	"Plants woody"	"Ardisia:Ardisia crenata"
1	"Plants herbaceous"	2
2	"Plants aquatic, stems inflated; leaves deeply pinnately dissected into filiform segments"	"Hottonia:Hottonia inflata"
2	"Plants terrestrial, stems not inflated; leaves entire or toothed but not divided"	3
3	"Plants erect, scapose"	4
3	"Plants erect or decumbent but with leafy stems that bear flowers"	5
4	"Inflorescence umbellate"	Primula
4	"Inflorescence a raceme"	"Samolus:Samolus parviflorus"
5	"Plants with basal rosette; petals white; ovary partly inferior"	"Samolus:Samolus parviflorus"
5	"Plants with cauline leaves only; petals yellow, orange, or blue; ovary superior"	Lysimachia
