from	statement	to	shortcut
1	"Fronds either entirely vegetative or fronds entirely (all pinnae) fertile (spore producing); fertile fronds without photosynthetic tissue other than stipe and rachis"	Osmundastrum	"Osmundastrum cinnamomeum"
1	"Fronds either entirely vegetative or fronds fertile with only some pinnae fertile; fertile fronds with normal pinnae like those of sterile fronds and with some modified fertile pinnae"	2	
2	"All fertile pinnae produced distally on the frond"	Osmunda	"Osmunda spectabilis"
2	"All fertile pinnae produced near the middle of frond with normal vegetative pinnae occuring below and above fertile ones"	Claytosmunda	"Claytosmunda claytoniana"
