from	statement	to
1	"Plants with quill-like leaves arising from a corm-like base; above ground stems absent"	Isoetaceae
1	"Plants with leaves attached to above ground stems (stems sometimes creep at substrate level); corms absent."	2
2	"Vegetative leaves monomorphic or dimorphic; ligule present at leaf base; plants heterosporous producing microspores and much larger megaspores in separate sporangia"	Selaginellaceae
2	"Vegetative leaves essentally monomorphic (rarely dimorphic in Diphasiastrum; ligule absent at leaf base; plants homosporous producing only one type of spore"	Lycopodiaceae
