from	statement	to	shortcut
1	"Plant thalloid, less than 1.5 cm wide or long, floating on surface of water or just below or sometimes stranded from drawdown (the duckweeds)"	2	
1	"Plant much larger than 1.5 cm, rooted in substrate or floating on the surface of water (the arums)"	6	
2	"Roots absent"	3	
2	"Roots present"	4	
3	"Fronds flat, strap-shaped, 10+ times longer than wide"	Wolffiella	"Wolffiella gladiata"
3	"Fronds thick, ovoid, boat-shaped, 3x or less longer than wide"	Wolffia	
4	"Each frond of plant body with no more than 1 root"	Lemma	
4	"Each segment of plant body up to several roots"	5	
5	"Fronds with 2-4 roots each, 5-12 nerved"	Spirodela	"Spirodela polyrrhiza"
5	"Fronds with 5 or more roots each. 4-6 nerved"	Landoltia	"Landoltia punctata"
6	"Leaves sessile, pubescent, forming a tight rossette; plant floating on water or stranded on margin"	Pistia	"Pistia stratiotes"
6	"Leaves usually petiolate, glabrous, not forming a tight rossette; terrestrial or aquatic"	7	
7	"Leaves compound bearing 3-14 leaflets"	Arisaema	
7	"Leaves simple, lobed or unlobed"	8	
8	"Leaves unlobed, often floating; flowers of spadix not enclosed by a spathe"	Orontium	"Orontium aquaticum"
8	"Leaves basally lobed, sagittate or hastate; flowers of spadix enlosed by a spathe"	9	
9	"Tertiary and quatenary leaf veins penni-parallel"	Peltandra	
9	"Tertiary and quatenary leaf veins reticulate"	10	
10	"Leaves peltate"	Colocasia	"Colocasia esculenta"
10	"Leaves not peltate"	11	
11	"Leaves typically variegated with veins much lighter green than surrounding darker green areas between the veins; exerted portion of spadix without flowers, smooth"	Arum	"Arum italicum"
11	"Leaves not variegated; exerted part of spadix bearing stamintate flowers"	Xanthosoma	"Xanthosoma sagittifolium"
