from	statement	to	shortcut
1	"Inflorescence paniculate"	Alisma	"Alisma subcordatum"
1	"Inflorescence racemose, umbellate, or rarely solitary"	2	
2	"Inflorescence usually with 3 flowers per node; flowers imperfect or at least upper staminate only; roots septate"	Sagittaria	
2	"Inflorescence with 1-several flowers per node or umbellate; flowers perfect; roots not septate"	3	
3	"Diminuative annuals; largest leaf blades 1 cm or less broad"	Helanthium	"Helanthium tenellum"
3	"Robust perennials; largest leaf blades  6 cm or more broad"	Echinodorus	"Echinodorus cordifolius"
