from	statement	to
1	"Leaves terete in cross section"	2
1	"Leaves flattened in cross section"	3
2	"Stems protrate to erect; flowers usually less than 1.5 cm wide; capsules 4 mm wide or less"	"Portulaca:Portulaca pilosa"
2	"Stems usually prostrate; flowers 2.5 or more broad; capsules usually 4 mm or more wide"	"Portulaca:Portulaca grandiflora"
3	"Flowers pink to purple; leaf axils dense with pilose trichomes"	"Portulaca:Portulaca amilis"
3	"Flowers yellow to orange; leaf axils glabrous or some with pilose trichomes but not dense"	4
4	"Capsule encircled by wing at suture of dehiscence"	"Portulaca:Portulaca coronata"
4	"Capsule not winged"	"Portulaca:Portulaca oleracea"
