from	statement	to
1	"Leaves simple, never compound"	2
1	"Leaves usually compound, rarely a simple leaf present"	4
2	"Inflorescences and resulting infructescence a compound corymb; pith white"	Ampelopsis
2	"Inflorescences an elongated thryse forming the classic ""bunch of grapes"" in fruit; pith brown"	3
3	"Tendrils usually branched; leaves lobed or unlobed"	Vitis
3	"Tendrils unbranched; leaves not lobed"	Muscadinia
4	"Leaves 2-3 times decompound"	"Nekemias:Nekemias arborea"
4	"Leaves palmately compound"	5
5	"Leaflets somewhat succulent"	"Cissus:Cissus trifoliata"
5	"Leaflets membraneous"	6
6	"Lateral leaflets attached directly to tip of petiole"	"Parthenocissus:Parthenocissus quinquefolia"
6	"Lateral leaflets share a short petiolule"	"Causonis:Causonis japonica"
