from	statement	to	shortcut
1	"Plant a shrub"	2	
1	"Plant an herb"	3	
2	"Leaves linear to narrowly oblanceolate; corolla purple to white; corolla tube 2x or less longer than calyx; fruit a berry"	Lycium	"Lycium carolinianum"
2	"Leaves ovate; corolla yellow; corolla tube more than 5x longer than calyx, yellow; fruit a capsule"	Nicotiana	"Nicotiana glauca"
3	"Corolla rotate; corolla tube shorter than to slightly exceeding calyx, if exceeding then less than 1.5 times longer than calyx; fruit a berry (except Calibrachoa--capsule)"	4	
3	"Corolla urceolate, tubular, funnelform, or salverform; corolla tube greatly exceeding calyx lobes, often more than 2 times longer; fruit a capsule (except Salpichroa--berry)"	10	
4	"Anthers opening by terminal pores"	Solanum	
4	"Anthers opening by slits oriented the lengthwise"	5	
5	"Calyx accrescent, enclosing mature fruit"	6	
5	"Calyx not accrescent, merely subtending mature fruit"	8	
6	"Calyx fused for less than 1/4 of total length; corolla blue"	Nicandra	"Nicandra physalodes"
6	"Calyx fused for 3/4 or more of total length; corolla yellow"	7	
7	"Flowers usually solitary per flowering axil; fruit containing seeds only"	Physalis	
7	"Flowers usually 2-6 flowers per flowering axil; fruit containing seeds and sterile stony bodies"	Calliphysalis	"Calliphysalis carpenteri"
8	"Leaves pinnately divided; corolla yellow"	Lycopersicon	"Lycopersicon esculentum"
8	"Leaves simple, not lobed or divided; corolla white or pink to purple"	9	
9	"Plant essentially glabrous throughout; corolla white"	Capsicum	"Capsicum annuum"
9	"Plant pubsecent on foliage; corolla pink to purple"	Calibrachoa	"Calibrachoa parviflora"
10	"Corolla ureolate; fruit a berry"	Salpichroa	"Salpichroa origanifolia"
10	"Corolla tubular, funnelform, or salverform; fruit a capsule"	11	
11	"Plant creeping, essentially acaulesent"	Jaborosa	"Jaborosa integrifolia"
11	"Plant erect or decumbent"	12	
12	"Corolla lobes abruptly acuminate; calyx shed by a circumcissile detachment beneath ovary; capsule armed with prickles"	Datura	
12	"Corolla lobes obtuse, rounded, or acute; calyx not shed after flowering; capsule unarmed"	13	
13	"Inflorescence axillary, solitary; corolla funnelform"	Petunia	
13	"Inflorescence terminal, raceme, though flowers often remotely spaced; corolla salverform"	Nicotiana	
