from	statement	to	shortcut
1	"Plants scapose, sometimes tiny bracts at nodes of inflorescence"	2	
1	"Plants with at cauline leaves, sometimes just one"	4	
2	"Inflorescence a raceme"	Tiarella	
2	"Inflorescence a thyrse"	3	
3	"Leaves palmately lobed; stamens 10"	Heuchera	
3	"Leaves deeply crenate to serrate but not palmately lobed; stamens 5"	Micranthes	"Micranthes virginiensis"
4	"Sepals 4"	Chrysosplenium	"Chrysosplenium americanum"
4	"Sepals 5"	5	
5	"Annuals; stem leaves usually less than 1 cm wide; stems usually bright to dark red; of open weedy habitats"	Saxifraga	"Saxifraga tridactylites"
5	"Perennials; stem leaves usually more than 2 cm wide;  stems variously colored but usually not red; of natural woodlands and forests"	6	
6	"Stem leaves opposite; petals deeply pinnately lobed"	Mitella	"Mitella diphylla"
6	"Stem leaves alternate; petals not deeply pinnately lobed"	7	
7	"Inflorescences cymose"	Boykinia	"Boykinia aconitifolia"
7	"Inflorescences racemose"	Tiarella	
