from	statement	to	shortcut
1	"Leaves pinnate"	2	
1	"Leaves palmate or costapalmate"	3	
2	"Basal segments of leaves modified into spines"	Phoenix	"Phoenix canariensis"
2	"Basal segments of leaves not modified into spines"	Butia	"Butia odorata"
3	"Petioles serrate"	Serenoa	"Serenoa repens"
3	"Petioles smooth"	4	
4	"Pistils 3, distinct; trunk armed with needle-like spines 2-4 dm in length; leaves scurfy beneith"	Rhapidophyllum	"Rhapidophyllum hystrix"
4	"Pistils 3, partially fused; trunk not  armed with needle-like spines; leaves not scurfy beneith"	Sabal	
