from	statement	to	shortcut
1	"Principle stem leaves whorled"	2	
1	"Principle stem leaves alternate, opposite to subopposite, or absent; if absent, plants with basal leaves only"	3	
2	"Flowers with greenish tepals less than 1.5 cm long; fruit a berry"	Medeola	"Medeola virginiana"
2	"Flowers with orange, orangish red, or sometimes yellow tepals usually more 6 cm long; fruit a capsule"	Lilium	
3	"Plants acaulescent with 1-2 basal leaves or caulescent with 1-2 stem leaves near base of flowering stem"	4	
3	"Plants with 3 to numerous leaves on the flowering stem."	5	
4	"Leaves usually mottled with brown to purplish spots; plants with 2 leaves, these basal only or opposite to subopposite near base of stem"	Erythronium	
4	"Leaves uniformly green; plants with 1-2 leaves, these basal or alternate near base of stem"	Tulipa	"Tulipa gesneriana"
5	"Flowering stems branched; tepals 3 cm or less long, greenish or cream with small reddish spots; fruit a berry"	Prosartes	
5	"Stems generally unbranched, but may be branched at base of inflorescence; tepals 5 cm or more long, white, red, orange, or pink"	6	
6	"Flowering stems with numerous leaves"	Lilium	
6	"Flowering stems with 3-4 leaves"	Tulipa	"Tulipa gesneriana"
