from	statement	to	shortcut
1	"Woody vine"	2	
1	"Shrub to small tree"	3	
2	"Stems twining, unarmed; primary veins 8 or more on each side of midvein of larger leaves"	Berchemia	"Berchemia scandens"
2	"Stems clambering, sprawling, using other plants for support but not twining, usually armed with thorns; primary veins 6 or less on each side of midvein of larger leaves"	Sageretia	"Sageretia minutiflora"
3	"Larger leaves less than 0.8 cm long"	Ceanothus	"Ceanothus microphyllus"
3	"Larger leaves 2.5 cm or more long often much longer"	4	
4	"Leaves palmately veined with 3 primary veins entering the blade at base"	5	
4	"Leaves pinnately veined with a single midrib entering the blade at base"	6	
5	"Stems armed; inflorescences axillary, solitary or few flowered fascicles; flowers greenish; fruit an ellispoid drupe"	Ziziphus	"Ziziphus jujuba"
5	"Stems unarmed; inflorescences terminal and axillary, axillary ones with longer peduncles; flowers white; fruit a 3-lobed capsule"	Ceanothus	"Ceanothus americanus"
6	"Stems usually armed with thorns; flowers and fruits terminal or axillary among distal few nodes of stem; inflorescences spicate"	Sageretia	"Sageretia minutiflora"
6	"Stems unarmed; flowers and fruits axillary along any nodes of new growth; inflorescenes solitary or short penduncled fascicles"	7	
7	"Peduncles, pedicels, and base of hypanthium pubescent; flowers perfect, sepals 5 (rarely 4), petals 5 (rarely 4)."	Frangula	"Frangula caroliniana"
7	"Peduncles, pedicels, and base of hypanthium glabrous; flowers functionally imperfect with functionally carpellate and functionally staminate on separate plants, sepals 4,  petals 4."	Rhamnus	"Rhamnus lanceolata var. glabrata"
