from	statement	to	shortcut
1	"Plant viny, twining and climbing, or scandent"	2	
1	"Plant erect or prostrate, herbaceous or woody but not viny"	5	
2	"Tendrils usually present"	3	
2	"Tendrils absent"	4	
3	"Perianth showy, bright pink; pedicels not winged in fruit"	Antigonon	"Antigonon leptopus"
3	"Perianth dull, greenish; pedicels strongly winged in fruit"	Brunnichia	"Brunnichia ovata"
4	"Stems and leaves prickly"	Persicaria	"Persicaria sagittata"
4	"Stems and leaves pubsecent or glabrous but not prickly"	Fallopia	
5	"Ocrea absent"	Eriogonum	
5	"Ocrea usually present"	6	
6	"Plant woody or herbaceous; branch origins internodal (due to branch bases adnate to primary axis)"	Polygonella	
6	"Plant herbaceous; branch origins nodal from leaf axils"	7	
7	"Plant erect or creeping; inflorescences axillary"	8	
7	"Plant erect though sometimes decumbent at base; inflorescences terminal or terminal and axillary"	9	
8	"Leaves narrowly lanceolate to narrowly elliptic, or oblong, usually tapering at base; inflorescences sessile fasicles, glomerule, or solitary"	Polygonum	
8	"Leaves ovate, often truncate at base; inflorescences paniculate"	Reynoutria	"Reynoutria japonica"
9	"Tepals 6, usually greenish or sometimes red in flower, inner ones forming a tubercule along midrib in fruit"	Rumex	
9	"Tepals 4-5, usually white to pink in flower, inner ones not forming a tubercule in fruit"	10	
10	"Inflorescnece spike-like, raceme-like, or capitate; tepals connate proximally"	Persicaria	
10	"Inflorescence usually corymb-like, flat; tepals completely distinct"	Fagopyrum	"Fagopyrum esculentum"
