from	statement	to
1	"Leaftlets absent, replaced by tendril"	"Lathyrus:Lathyrus aphaca"
1	"Leaftlets (2 or more) present"	2
2	"Style terete, densley beset with beard of trichomes around the circumference just below the style"	Vicia
2	"Style compressed, if hairly, then along the length but not densely so just below stigma"	3
3	"Stipules typically larger than leaftlets, crenate to dentate near base"	"Pisum:Pisum sativum"
3	"Stipules clearly smaller than leaftlets, sometimes acutely sagittate but not crenate to dentate at base"	Lathyrus
