from	statement	to
1	"Inflorescences with 2-several flowers (sometimes depaupertate individuals may only produce a single flower; these may be keyed here or below)"	2
1	"Inflorescences with a solitary flower (depauperate individuals producing a single flower that would otherwise have two or more flowers will key here as well)"	7
2	"Perianth and corona solid white"	"Narcissus papyraceus"
2	"Perianth or corona or both pale to dark yellow"	3
3	"Leaves more or less flat"	4
3	"Leaves strongly rounded on one side and distinctly channeled on the other or subterete"	5
4	"Hypanthium tube 16 mm or less long; inflorescences usually with several flowers"	"Narcissus tazetta"
4	"Hypanthium tube 18 mm (usually 20 mm) or more long; inflorescences usually with 2 flowers (rarely 1 or 3)"	"Narcissus x medioluteus [poeticus x tazetta]"
5	"Flowers 4 cm or more broad (measured from perianth tip to tip)"	"Narcissus x odorus [jonquilla x pseudonarcissus]"
5	"Flowers 3 cm or less broad"	6
6	"Flowers golden yellow; corona and perianth usually uniformly colored or rarely the corona just a slight shade darker; leaves usually 2-4 mm wide; bulbs to 2 cm wide"	"Narcissus jonquilla"
6	"Flowers pale yellow to cream; corona usually slightly to strongly darker than perianth (more easily determined when fresh); leaves usually 4-7 mm wide, rarely less; bulbs to 5 cm wide"	"Narcissus x intermedius [jonquilla x tazetta]"
7	"Corona as long as or longer than perianth"	8
7	"Corona shorter than perianth"	9
8	"Perianth linear to very narrowly lanceolate; rim of corona not flaring or undulate"	"Narcissus bulbocodium"
8	"Perianth broadly lanceolate to ovate; rim of corona usually flaring and undulate"	"Narcissus pseudonarcissus"
9	"Leaves more or less flat"	10
9	"Leaves strongly rounded on one side and distinctly channeled on the other or subterete"	12
10	"Corona usually 8-12 mm long sometimes longer"	"Narcissus x incomparabilis [poeticus x pseudonarcissus]"
10	"Corona usually 6 mm long or less"	11
11	"Perianth white; corona yellow with orange to red rim"	"Narcissus poeticus"
11	"Perianth white to cream; corona more of less uniformly yellow to cream or with some markings but not an orange to red rim"	"Narcissus x medioluteus [poeticus x tazetta]"
12	"Flowers 4 cm or more broad (measured from perianth tip to tip)"	"Narcissus x odorus [jonquilla x pseudonarcissus]"
12	"Flowers 3 cm or less broad"	"Narcissus jonquilla"
