from	statement	to
1	"Plant thalloid, only producing a nonvascular gametophyte thallus without visible veins, or rarely also a diminutive immature sporophyte; reproduction primarily by gemmae of the gametophyte; plants occurring in shady, humid, and moist recesses of rock (usually sandstone) faces in mesic forests"	2
1	"Plant mature vascular sporophyte with veins always present; plants occurring in various habitats"	4
2	"Thalli composed of cells in uniseriate filaments"	"Hymenophyllaceae:Crepidomanes intricatum"
2	"Thalli more complex, ribbon-shaped or at least several cells wide"	3
3	"Gemmae filamentous; if small immature sporophyte present, without stellate pubescence"	Pteridaceae:Vittaria
3	"Gemmae clavate-shaped; if small immature sporphyte present, stellate pubescent"	"Hymenophyllaceae:Hymenophyllum tayloriae"
4	"Plants terrestrial (sometimes epiphytic) with erect (pendulous if epiphytic), photosynthetic stems bearing withered whorled leaves or stems essentially leafless with occasional nonvascular appendages (fertile stems of Equisetum arvense are nonphotosynthetic and can appear before the photosynthetic ones)"	5
4	"Plants terrestrial, emergent, epiphytic, or saxicolous with stems subterranean or just at or slightly above substrate level, stems not erect but if erect, not photosynthetic; or plants aquatic and floating on the water surface or stranded on shore, not rooted in substrate"	6
5	"Stems unjointed and dichotomously branched; sporangia (synangia) naked and attached directly to stem"	"Psilotaceae:Psilotum nudum"
5	"Stems jointed and essentially unbranched or with whorled branches, but branching not dichotomous; sporangia attached to short sporangiophores in a terminal strobilus"	Equisetaceae:Equisetum
6	"Plants aquatic and floating on the water surface or stranded on shore, not rooted in substrate"	Salviniaceae
6	"Plants terrestrial, emergent, epiphytic, or epipetric with stems and roots at or below substrate level"	7
7	"Fronds quadrifoliate compound or filiform without an expanded blade (essentially a photosynthetic petiole without a blade); sporocarps present near base of plant"	Marsileaceae
7	"Fronds simple or compound but not quadrifoliate or filiform; sporocarps absent"	8
8	"Plants vine like, using rachis to twine and climb on other plants"	Lygodiaceae
8	"Plants not twining or climbing"	9
9	"Sporangia produced in an upper modified fertile segment (sporophore) of a leaf that also produces a vegetative photosynthetic portion below (trophophore); the sporophore may be spike-like (Ophioglossum) or panicle-like (other genera) but matches the undissected (Ophioglossum) or dissected (other genera) leaf portion below (trophophore)"	Ophioglossaceae
9	"Sporangia produced on leaf-surface or reduced modifications; leaves of same plant may be monomorphic, dimorphic, or with dimorphic pinnae (fertile and vegetative on the same leaf) but not with two distinct segments"	10
10	"Leaves strongly dimorphic with one morphology type fertile (only producing sporangia) and the other only vegetative; or leaves with strongly dimorphic or reduced pinnae (fertile and sterile) on the same leaf"	11
10	"Leaves more or less monomorphic with fertile and sterile leaves similar in morphology (occasionally smaller poorly developed fronds may occur at base, but most mature fronds similar in morphology) and pinnae more or less monomorphic (pinnae may be fertile or sterile but are essentially the same shape and not dramatically reduced in size)"	16
11	"Leaves strongly dimorphic with fertile and sterile leaves strongly dissimilar morphologically"	12
11	"Leaves essentially monomorphic but with strongly dimorphic or reduced pinnae (fertile and sterile) on the same leaf or some leaves sterile and fertile leaves with dimorphic pinnae"	15
12	"Blades of fertile leaves completely modified for sporangium production only, usually without photosynthetic tissue"	13
12	"Blades of fertile leaves photosynthetic (at least during development) and sporangia produced on the abaxial surface"	14
13	"Sterile leaves with a winged rachis for at least distal 3/4 of blade"	"Onocleaceae:Onoclea sensibilis"
13	"Sterile leaves completely divided to rachis for almost entire length of blade"	"Osmundaceae:Osmundastrum cinnamomeum"
14	"Sori linear and distinct, oriented end to end forming a chain"	"Blechnaceae:Lorinseria areolata"
14	"Sori long and continuous lining the leaf margin"	Pteridaceae
15	"Fertile pinnae produced in distal 1/4 of the blade, these essentially the same shape as fertile but strongly reduced; fertile pinnae photosynthetic"	"Dryopteridaceae:Polystichum acrostichoides"
15	"Fertile pinnae produced in distal 1/3 of the blade, these strongly modified and non-photosynthetic; or fertile pinnae strongly reduced and occurring in the middle of the blade with sterile pinnae below and above, these non-photosynthetic"	Osmundaceae
16	"Leaf blades not divided or dissected but may produce short rounded basal lobes"	17
16	"Leaf blades deeply divided or dissected"	18
17	"Fronds less than 3 cm long; blades 1 cell thick in areas between veins, this giving a wet or filmy and translucent appearance; sori borne in a cupule-like receptacle"	"Hymenophyllaceae:Didymoglossum petersii"
17	"Fronds 10 cm or more long; blades more than 1 cell thick between the veins, opaque and firm; sori flat on surface of blade, not in a cup"	Aspleniaceae
18	"Sori borne in a cupule-like receptacle or sometimes partially also protected by a single revolute tooth; sori often near the leaf margin especially near sinuses if fronds dissected"	19
18	"Sori borne on abaxial side of leaf blade though sometimes near the margin, but not in cupule-like receptacles"	20
19	"Leaves blades 1 cell thick in areas between veins, this giving a wet or filmy and translucent appearance"	Hymenophyllaceae
19	"Leaves several cells thick and opaque"	"Dennstaedtiaceae:Dennstaedtia punctilobula"
20	"Sori without any covering; indusium and false indusium absent nor are sori protected by revoluate leaf margin"	21
20	"Sori covered with true or false indusium or margin of leaf revolute to cover sorus (In some taxa, it may be difficult to detect the indusium after full maturation of the sorus and sporangia, thus indusium determination may be best on younger, less developed pinnae)"	24
21	"Rachises appear to be dichotomously forked; leaves with indeterminate growth"	"Gleicheniaceae:Dicranopteris flexuosa"
21	"Rachises unbranched or leaves pinnately divided, not dichotomous forked; leaves with determinate growth"	22
22	"Sori in pairs, one on each side of the pinna midrib, long, linear, and continuous for most of pinna length"	"Blechnaceae:Telmatoblechnum serrulatum"
22	"Sori in small discrete units"	23
23	"Leaf blades not completely divided to midrib, thus leaves merely once pinnatifid; leaf divisions entire"	Polypodiaceae
23	"Leaf blades 1- or 2- pinnately compound; sometimes with a winged rachis but pinnae also pinnatifid"	Thelypteridaceae
24	"Sori along abaxial margin, either in discrete units or continuous, covered by false indusium or revolute leaf margin"	25
24	"Sori away from margin or sometimes close but covered by a true indusium"	28
25	"Sori in discrete units and covered by a false indusium or revolute tooth from leaf margin"	26
25	"Sori continuous and protected by a revolute leaf margin"	27
26	"Sori in or near sinuses of pinnae or pinnules"	"Dennstaedtiaceae:Hypolepis tenuifolia"
26	"Sori along distal or apical margin of pinnae or pinnules"	Pteridaceae:Adiantum
27	"Trichomes of lower petiole no more than 1 cell wide"	Dennstaedtiaceae:Pteridium
27	"Trichomes of lower petiole 2 or more cells wide"	Pteridaceae
28	"Sori linear and oriented end to end forming a chain; rows (chains) of sori parallel to each other along and opposite primary and secondary veins (costae) of leaf"	"Blechnaceae:Anchistea virginica"
28	"Sori linear, curved, reniform, or more or less circular; if linear not oriented end to end forming chains or parallel rows"	29
29	"Each indusium composed of several distinct segments each of which attached basally and vertically oriented thus collectively covering the sorus"	"Woodsiaceae:Woodsia obtusa"
29	"Each indusium composed of a single membrane"	30
30	"Sori longer than wide; linear, straight to slightly curvedor hooked near one end; indusium fused to leaf along one margin of indusium allowing the other side to be free"	31
30	"Sori about as long as wide; circular, crescent-shaped, or reniform; indusium peltately attached, or attached in the small sinus, or fused to leaf along one margin of indusium allowing the other side to be free"	34
31	"Scales of lower petioles clathrate"	Aspleniaceae
31	"Scales of lower petioles absent or if present not clathrate"	32
32	"Leaves 1-2 pinnately compound; primary pinnae pinnate or pinnatifid"	Athyriaceae
32	"Leaves 1-pinnately compound; primary lateral pinnae commonly toothed but not divided"	33
33	"Primary pinnae oblong; apices rounded"	"Nephrolepidaceae:Nephrolepis cordifolia"
33	"Primary pinnae linear; apices acuminate"	"Diplaziopsidaceae:Homalosorus pycnocarpos"
34	"Leaves 1-pinnately compound; primary lateral pinnae commonly toothed but not divided"	35
34	"Leaves 1-2 pinnately compound; primary pinnae pinnate or pinnatifid"	36
35	"Scales absent from lower petiole; apices of lateral pinnae rounded"	"Nephrolepidaceae:Nephrolepis cordifolia"
35	"Scales common on lower petiole; apices of lateral pinnae acuminate"	Dryopteridaceae:Cyrtomium
36	"Indusium attached on the proximal side of the costa forming a hood over the sorus"	Cystopteridaceae:Cystopteris
36	"Indusium reniform and attached in the sinus of the narrow side or peltate"	37
37	"Petioles and lower parts of blades without uniseriate hairs that taper to the tip; scales usually present on lower parts of petiole and/or rachis; several vascular bundles visible in petiole cross sections"	Dryopteridaceae
37	"Petioles and lower parts of blades beset with uniseriate hairs that taper to the tip; scales usually absent on lower parts of petiole; only 2 vascular bundles visible in petiole cross sections"	Thelypteridaceae
