from	statement	to	shortcut
1	"Abaxial surface of fronds with peltate, lepidote scales"	Pleopeltis	"Pleopeltis michauxiana"
1	"Abaxial surface of fronds without peltate, lepidote scales"	2	
2	"Secondary veins of lobes highly reticulate forming several rows of areoles between midvein and margin; plant epiphytic, usually growing in trunks of planted palmettos in Coastal Plain"	Phlebodium	"Phlebodium aureum"
2	"Secondary veins of lobes less reticulate forming essentially one row of areoles between midvein and margin; plant epipetric, usually growing on sandstone exposures in mesic forests above the Fall Line"	Polypodium	
