from	statement	to
1	"Plant a shrub or tree"	2
1	"Plant an herb (-sub-shrub), sometimes twining"	7
2	"Leaves palmately veined and palmately lobed or unlobed"	3
2	"Leaves pinnately veined, never lobed"	4
3	"Leaves deeply palmately lobed, sinuses more than 3/4 length of blade"	"Manihot:Manihot grahamii"
3	"Leaves more often unlobed, but when lobed, usually three lobed in distal third of blade, sinuses to 1/4 lengh of blade"	"Vernicia:Vernicia fordii"
4	"Abaxial side of leaves with stellate hairs or lepidote scales"	Croton
4	"Abaxial side of leaves glabrous or pubescent but not stellate or lepidote"	5
5	"Leaves linear to narrowly elliptic, 10 times or more longer than wide"	"Stillingia:Stillingia aquatica"
5	"Leaves elliptic to widely elliptic or rhomboid, 5 times or less longer than wide"	6
6	"Shrub to 1.5 m tall; leaves elliptic; inflorescence erect; capsule distarticulating soon after maturity; seeds gray"	"Ditrysinia:Ditrysinia fruticosa"
6	"Tree to 5-6 m tall; leaves widely elliptic to rhomboid; inflorescence pendulous distally; capsule partially opening revealing seeds but reaming on tree; seeds bright white"	"Triadica:Triadica sebifera"
7	"Inflorescence a cyathium; flowers without perianth"	Euphorbia
7	"inflorescence a spike, raceme, or dichasium; flowers usually with sepals (also sometimes petals)"	8
8	"Leaves deeply palmately lobed and palmately veined"	9
8	"Leaves typically unlobed but if lobed, pinnately so; leaves pinnately veined or sometimes palmately veined"	10
9	"Leaves with petiole attached at base, typically 3-5 lobed; stinging trichomes present on stems and leaves; sepals of staminate flowers petaloid, white, showy"	"Cnidoscolus:Cnidoscolus stimulosus"
9	"Leaves peltate, typically 6-lobed or more; stinging trichomes absent; sepals of staminate flowers green, not showy"	"Ricinus:Ricinus communis"
10	"Leaves distinctly opposite"	"Mercurialis:Mercurialis annua"
10	"Leaves alternate but sometimes crowded making determination ambiguous"	11
11	"Leaves abaxially with stellate hairs or lepidote scales"	12
11	"Leaves abaxially glabrous or with simple hairs or stinging trichomes"	13
12	"Leaves palmately veined; ovary and fruit irregularly muricate"	"Chrozophora:Chrozophora tinctoria"
12	"Leaves usually pinnately veined; ovary and fruit variosly pubesent or lepidote but not irregularly muricate"	Croton
13	"Petals present in staminate flowers; lateral veins of leaves strongly impressed adaxially and parallel to margin; leaf margins serrate"	"Caperonia:Caperonia palustris"
13	"Petals absent in staminate flowers; lateral veins ; lateral veins of leaves various but usually branching before reaching margin; leaf margins entire or finely serrate to crenate"	14
14	"Staminate flowers flanked by two two glands at base"	"Stillingia:Stillingia sylvatica"
14	"Staminate flowers without glands at base"	15
15	"Inflorescence spicate; stinging trichomes absent"	Acalypha
15	"Infloresence racemose; stinging trichomes present on stems and leaves"	Tragia
