from	statement	to	shortcut
1	"Plant in flower before leaves emerge (or fully emerged) in spring"	2	
1	"Plant in flower with mature leaves, plant in fruit, or plant vegetative only"	3	
2	"Flowers in terminal racemes though may appear umbellate in early development; pedicles 1 cm or more long"	Sassafras	"Sassafras albidum"
2	"Flowers in sessile to subsessile clusters; pedicels less than 1 cm"	Lindera	
3	"Leaf blades multi-morphic, many leaves lobed, some unlobed"	Sassafras	"Sassafras albidum"
3	"Leaf blades monomorphic, all unlobed"	4	
4	"Leaves deciduous; inflorescence (and later fruit) more or less sessile; fruits red"	Lindera	
4	"Leaves evergreen; inflorescence decidedly pendunculate; fruits dark blue to black"	5	
5	"Leaves ternately veined with two prominent veins emerging from midvein just above leaf base and extending for much of the blade length; tepals equal"	Camphora	"Camphora officinarum"
5	"Leaves with a single prominent midvein and secondary veins emerging at intervals along the midvein; tepals unequal, outer shorter than inner"	Persea	
