from	statement	to
1	"Bracts of inflorescence persistent; hypanthium and fruit glandular or pubescent"	2
1	"Bracts of inflorescence deciduous; hypanthium and fruit glabrous"	3
2	"Corolla wider than long; plant less than 4 dm in height; glandular hairs brown"	"Gaylussacia dumosa"
2	"Corolla longer than wide; plant greater than 4 dm in height; glandular hairs silvery"	"Gaylussacia mosieri"
3	"Corolla conic-clylindric; drupe black; leaves glandular on both surfaces"	"Gaylussacia baccata"
3	"Corolla globular-campanulate; drupe blue, glaucous; leaves glandular only on the lower surface"	4
4	"Lower surface of leaf glabrous or with a few short hairs, glaucous"	"Gaylussacia nana"
4	"Lower surface of the leaf pubescent, not glaucous"	"Gaylussacia tomentosa"
