from	statement	to
1	"Petals white or cream, not impressed veiney; leaves narrowly oblanceolate to spatulate, reticulate veined, thick and coriaceous"	"Asimina spatulata"
1	"Petals brown or maroon, rarely lemon or greenish-yellow, impressed veiney on the inner surface; leaves obovate, pinnately veined, usually thin"	2
2	"Sepals 3-7 mm long; peduncle 2-7 mm; shrubs usually of uplands; mature leaves usually <20 cm in length"	"Asimina parviflora"
2	"Sepals 10-25 mm long; peduncle 8-19 mm; shrubs or small trees of floodplains and river terraces; mature leaves usually >20 cm in length"	3
3	"Peduncles 8-12 mm in length; sepals 7-14 mm; plants usually 2 m or less in height"	"Asimina × piedmontana"
3	"Peduncles 11-19 mm in length; sepals 12-27 mm; plants often more than 2 m in height"	"Asimina triloba"
