from	statement	to	shortcut
1	"Plant a woody shrub to small tree"	Avicennia	"Avicennia germinans"
1	"Plant herbaceous, either and erect herb or twining vine"	2	
2	"Plant a twining vine; corollas yellow, orange, or white with a dark center"	Thunbergia	"Thunbergia alata"
2	"Plant an erect herb"	3	
3	"Stamens 2 per flower"	4	
3	"Stamens 4 per flower"	6	
4	"Corolla lobes 2"	Dicliptera	"Dicliptera brachiata"
4	"Corolla lobes 4-5 (rarely 3)"	5	
5	"Infloresence compact with overlapping bracts subtending each flower; corolla white without any markings"	Yeatesia	"Yeatesia viridiflora"
5	"Inflorescence more open, if bracts present, not overlapping or covering base of flower; corolla pinkish or white usually with purple spots at base of lower, middle lobe"	Justicia	
6	"Corolla long tubular with a narrow tube, scarlet"	Odontonema	"Odontonema cuspidatum"
6	"Corolla more or less funnel-form, or short tubular, pale purple to white"	7	
7	"Flower strongly zygomorphic, decidedly bilabiate"	Hygrophila	
7	"Flower actinomorphic to slightly zygomorphic, not bilabiate"	8	
8	"Proximal end of anther sacs rounded"	Ruellia	
8	"Proximal end of anther sacs with a small basal appendage or tooth"	9	
9	"Flowers and fruits axillary"	Dyschoriste	"Dyschoriste oblongifolia"
9	"Flowers and fruits terminal"	Asystasia	"Asystasia gangetica"
