from	statement	to
1	"Plant climbing by twining"	Apios
1	"Plant not climbing"	2
2	"Flowers and fruits in densely tight terminal spike-like heads, all flowers essentially sessile"	Dalea
2	"Flowers and fruits axillary or terminal but not dense heads, all or most flowers with pedicel"	3
3	"Leaves paripinnate"	4
3	"Leaves imparipinnate"	8
4	"Sepals distinct, not fused into a calyx tube"	5
4	"Sepals fused at least basally into a calyx tube"	6
5	"Bracteoles present on pedicels; stipules persistent"	Chamaecrista
5	"Bracteoles absent on pedicels; stipules caducous"	Senna
6	"Leaftlets few, 2-3 pairs per leaf"	Arachis
6	"Leaflets numerous, 8 pairs or more per leaf"	7
7	"Plants glabrous; fruit a legume, either terete, flattened or 3-4 winged"	Sesbania
7	"Plants usually with various pubesence (sometimes sparse), hairs often pustulate based and/or stiff ; fruit a loment, flattened to rectangular (in cross section)"	Aeschynomene
8	"Flowers and fruits in axilllary umbels"	9
8	"Flowers and fruits axillary or terminal in racemes or pseudoracemes but not in umbels"	10
9	"Petals pink and white; fruits erect"	"Securigera:Securigera varia"
9	"Petals yellow; fruits recurved"	"Lotus:Lotus corniculatus"
10	"At least some hairs of the indument dolabriform"	11
10	"All hairs attached basally or plant glabrous"	12
11	"Petals purple, orange, or flesh colored; fruits cylindrical to slightly compressed, at least 8 times longer than wide (except I. caroliniana)"	Indigofera
11	"Petals pale yellow; fruits ovoid to short cylindrical, about 1.5-2.5 times longer than wide"	"Astragalus:Astragalus canadensis"
12	"Leaflets conspicuously serrate to dentate on distal half"	"Cicer:Cicer arietinum"
12	"Leaftlets more or less entire or rarely with few minute teeth near apex"	13
13	"Plant beset with pustulate based hairs, these often stiff and glandular; fruit a loment with 2-5 segments"	"Aeschynomene:Aeschynomene viscidula"
13	"Plant glabrous or pubescent with hairs without pustulate bases; fruit a legume, flattened to turgid, or single seeded"	14
14	"Petals pink, striated with alternating darker and lighter pink; fruit single seeded"	"Onobrychis:Onobrychis viciifolia"
14	"Petals yellow, cream, pink, purplish or combination, if pink not striated with alternating darker and lighter pink; fruit few to several seeded"	15
15	"Perennials; style bearded just below stigma; legume stongly laterally flattened with the sutures along the margins"	Tephrosia
15	"Annuals and perennials; Style glabrous just below stigma; legumes variable, turgid or flattened but if flattened dorsally so with sutures not along margins"	Astragalus
