from	statement	to
1	"Primary leaves alternate, usually no nodes along the stem with whorled leaves"	2
1	"Primary leaves whorled; some lower and upper nodes alternate"	5
2	"Perianth white"	3
2	"Perianth orange to reddish orange"	4
3	"Leaves linear, larger ones usually 0.5 cm or less wide (measure near middle of blade)"	"Lilium philippinense"
3	"Leaves long lanceolate to strap shaped, larger ones usually 1 cm or more wide"	"Lilium longiflorum"
4	"Leaf axils with bulbils; flowers erect; perianth segments distinctly clawed"	"Lilium catesbaei"
4	"Leaf axils without bulbils; flowers nodding; perianth segments not clawed"	"Lilium lancifolium"
5	"Leaves oblaneolate to obovate"	6
5	"Leaves mostly narrowly lanceolate to narrowly elliptic"	7
6	"Margins and abaxial primary veins of leaves usually tuberculate; plants of moist, boggy habitats"	"Lilium iridollae"
6	"Margins and abaxial primary veins of leaves not tuberculate; plants of upland well drained habitats"	"Lilium michauxii"
7	"Margins and abaxial primary veins of leaves usually not tuberculate"	"Lilium superbum"
7	"Margins and abaxial primary veins of leaves usually tuberculate"	8
8	"Distal 1/3 to 1/2 of tepals spreading to recurved; stamens barely exerted"	"Lilium canadense"
8	"Distal 2/3 to 3/4 of tepals strongly recurved; stamens strongly exerted"	9
9	"Style brightly colored similar to that of tepals; mesic upland sites usually with calcareous substrates; north Alabama south to upper Coastal Plain"	"Lilium michiganense"
9	"Style usually pale or green but not similar as tepals; moist, boggy habitats; lower Coastal Plain"	"Lilium iridollae"
