from	statement	to
1	"Fronds 2-pinnate with ultimate segments also pinnatifid"	"Macrothelypteris:Macrothelypteris torresiana"
1	"Fronds 1-pinnate though some species essentially simple with a winged rachis"	2
2	"Rachis winged with decurrent tissue for almost entire length of blade"	Phegopteris
2	"Rachis not winged or sometimes winged in distal 1/4 where divisions of blade are not as pronounced"	3
3	"Sori short linear; indusia absent"	"Leptogramma:Leptogramma burksiorum"
3	"Sori more or less round; indusia present"	4
4	"Lobes of pinnae with all veins extending to margin above base of sinus between neighboring lobes"	5
4	"Lobes of pinnae with at least some basal veins extending directly to base of sinus or uniting with a basal vein from neighboring lobe forming a single vein that extends to base of sinus"	6
5	"Basal pinnae markedly reduced"	"Amauropelta:Amauropelta noveboracensis"
5	"Basal pinnae not or only slightly reduced"	"Thelypteris:Thelypteris palustris var. pubescens"
6	"Basal veins of pinnae lobes (at least several) uniting with basal vein of neighboring lobe below base of sinus then extending together to sinus or meet at sinus base"	Christella
6	"Basal veins of pinnae lobes extending directly to base of sinus or just above, thus not uniting with basal vein of neighboring lobes"	Pelazoneuron
