from	statement	to
1	"Plant twining"	2
1	"Plant erect or sprawling but not twining"	12
2	"Vegetation usually glandular punctate"	Rhynchosia
2	"Vegetation glabrous or pubescent but not glandular punctate"	3
3	"Longest calyx lobes conspicuously longer than tube"	4
3	"Longest calyx lobes equal to or shorter than tube"	5
4	"Flower resupinate with banner at held underneath while keel and wings above; banner petal wider than long"	"Centrosema:Centrosema virginianum"
4	"Flower not resupinate with banner at upper portion or flower; banner petal longer than wide to about as wide as long"	Galactia
5	"Keel petal twisted or coiled"	6
5	"Keel petal straight or upturned but not spirally twisted"	7
6	"Leaflets finely uncinately pubesent"	Phaseolus
6	"Leaflets glabrous or pubescent but if pubescent, haris not uncinate"	Strophostyles
7	"Banner petal prominently striated with alternating purple and narrower greenish stipes"	"Lackeya:Lackeya multiflora"
7	"Banner petal not striated (or faintly so) or not colored as above"	8
8	"Keel petal much longer than wings"	Strophostyles
8	"Keel petal about as long as or shorter than wings"	9
9	"Flower resupinate with banner at held underneath while keel and wings above; banner petal wider than long"	"Clitoria:Clitoria mariana"
9	"Flower not resupinate with banner at upper portion or flower; banner petal longer than wide to about as wide as long"	10
10	"Style just below stigma, essentially glabrous or with just a few hairs"	"Amphicarpaea:Amphicarpaea bracteata"
10	"Style just below stigma, bearded or barbellate"	11
11	"Stigma terminal on style; corolla pink to purple"	"Lablab:Lablab purpureus"
11	"Stigma lateral just below a slightly prolonged style; corolla pink to purple or yellow"	Vigna
12	"Leaftlet margins finely denticulate, sometimes obscurely so"	13
12	"Leaftets more or less entire"	15
13	"Petals marcrescent partly adnate to the staminal tube; fruit enclosed by persistent petals"	Trifolium
13	"Petals shed shortly after flower opening, not adnate to staminal tube; fruit not concealed"	14
14	"Inflorescence short compact head-like racemes with petals yellow, or inflorescence longer raceme with petals purple to blue or pink; legumes spiraled into a coil, few to several seeded (except M. lupulina which is 1-seeded)"	Medicago
14	"Inflorescence longer raceme with petals white or yellow; legume not coiled, 1-seeded"	Melilotus
15	"Leaves palmately trifoliate"	16
15	"Leaves pinnately trifoliate"	24
16	"Stamens all distinct, no fusion of filaments near base"	17
16	"Stamens either monodelphous or diadelphous, filaments of some or all stamens definitely fused near base"	18
17	"Corolla cream, yellow, or bluish purple; style longer than ovary; fruit inflated, distinctly beaked"	Baptisia
17	"Corolla yellow; style shorter than ovary; fruit laterally compressed, not beaked"	Thermopsis
18	"Corolla pink or bicolored with pink and white"	19
18	"Corolla all the same color or if two diffent colors, just shades of whitish cream to bright yellow"	20
19	"Leaflets elliptic; fruits 1-seeded"	Kummerowia
19	"Leaflets oblong; fruits several seeded"	Galactia
20	"Stamens monodelphous; fruit inflated with several to numerous seeds becoming detached and loose inside"	Crotalaria
20	"Stamens diadelphous; fruit laterally compressed"	21
21	"Leaves actually 5-foliate with the lower two leaflets appearing in a stipule like position and similar to other leaflets"	"Lotus:Lotus corniculatus"
21	"Leaves truly 3-foliate, if stipules present, not similar to leaflets"	22
22	"Leaftlets widley obovate to orbicular, apex rounded and often retuse"	"Pediomelum:Pediomelum canescens"
22	"Leaflets narrowly lanceolate, narrowly elliptic or oblong, apex actue to obtuse, sometimes retuse"	23
23	"Mature leaftets of older leaves 2.5 cm or more long"	"Galactia:Galactia erecta"
23	"Mature leaflets less than 1.5 cm long"	"Acmispon:Acmispon helleri"
24	"Flowers and fruits in densely tight terminal spike-like heads, all flowers essentially sessile; rachis not visible from tight arrangement of flowers"	"Dalea:Dalea pinnata var. trifoliata"
24	"Flowers and fruits axillary or terminal but not dense heads, all or most flowers with pedicel; rachis visible"	25
25	"Plant prostrate"	26
25	"Plant more or less erect"	29
26	"Stipules forming a sheath enclosing basal part of adjacent petiole; petals bright yellow"	"Stylosanthes:Stylosanthes biflora"
26	"Stipules not forming a sheath or stipules absent; petals cream, white, or pink"	27
27	"Fruit a loment, breakinging into 1-seeded segments, each segment uncinulate pubescent"	Desmodium
27	"Fruit a legume, 1-several seeded, not breaking into 1-seeded segments, variously pubescent but not uncinulate"	28
28	"Fruit few to several seeded"	"Galactia:Galactia microphylla"
28	"Fruit 1-seeded"	Lespedeza
29	"Banner petal long and tubular, much exceeding wing and keel petals; fruit opening attached to plant revealing scarlet colored seeds"	"Erythrina:Erythrina herbacea"
29	"Banner petal variously shaped but not tubular, if exceeding wing and keel petals, only slightly so; fruit without scarlet colored seeds"	30
30	"Leaves glandular punctate"	31
30	"Leaves variously pubescent or glabrous but not glandular punctate"	32
31	"Inflorescence spike-like or raceme like, usually positioned above the plant; petals blue to purple; fruit rugose ridged, 1-seeded"	Orbexilum
31	"Inflorescence short raceme-like, usually included in the plant not above; petals yellow to orange; fruit pubescent or glandular, but not rugose, 1-2 seeded"	Rhynchosia
32	"Fruit a loment, breakinging into 1-seeded segments"	33
32	"Fruit a legume, 1-many seeded"	34
33	"Fruit strongly stipitate, stipe several times longer than calyx"	Hylodesmum
33	"Fruit less stipitate, stipe included in calyx or just slightly longer than calyx"	Desmodium
34	"Fruit 1-seeded"	Lespedeza
34	"Fruit usually 3-several seeded"	35
35	"Foliage densely pubesent; fruit flattened"	"Glycine:Glycine max"
35	"Foliage essentially glabrous; fruit more or less terete"	"Macroptilium:Macroptilium lathyroides"
