from	statement	to
1	"Fertile stem tips not modified into strobili; sporophylls essentially morphologically the same as vegetative leaves on the same erect stem"	Huperzia
1	"Fertile stem tips modified into strobili, appearing wider in diameter than stem just below strobilis; sporophylls morphologically dissimilar from vegetative leaves on the same erect stem or similar"	2
2	"Vegetative portion of erect stems usually unbranched"	3
2	"Vegetative portion of erect stems usually branched"	4
3	"Erect stems below strobilus with reduced vegetative leaves allowing much of stem surface visible; prostrate stems with a dorsi-ventral morphology where leaves on ventral (lower) side much reduced compared with those on doral (lower) side"	"Pseudolycopodiella:Pseudolycopodiella caroliniana"
3	"Erect stems below strobilus with leaves essentially obscuring the stem surface; protrate stems with leaves essentially the same on doral and ventral side of stem"	Lycopodiella
4	"Strobili stem tips usually nodding"	"Palhinhaea:Palhinhaea cernua"
4	"Strobili stem tips usually erect"	5
5	"Stems flattened, dichotomously branched; leaves of stem branches shorter than width of stem"	Diphasiastrum
5	"Stems essentially terete, usually not dichotomously branched; leaves of stem branches longer than width of stem"	6
6	"Erect stem with all vegetative branches near base, well below strobili"	"Lycopodium:Lycopodium clavatum"
6	"Erect stem with vegetative branches above middle of stem with some upper branches extending past base of stobili but usually not exceeding"	"Dendrolycopodium:Dendrolycopodium obscurum"
