from	statement	to	shortcut
1	"Shrubs or semi-woody vines"	2	
1	"Herbs or herbaceous vines"	3	
2	"Shrubs; sepals brown to greenish brown; fruit follicles"	Xanthorhiza	"Xanthorhiza simplicissima"
2	"Semi-woody vines; sepals 4 (rarely 5) white, purplish, greenish purple, or some combination; fruit achenes with long beaks"	Clematis	
3	"Herbaceous vines; leaves opposite; sepals showy, petals absent; fruit achenes with long beaks"	Clematis	
3	"Herbs; leaves alternate; petals present or absent; fruit achenes (sometimes with long beaks), berries, or follicles"	4	
4	"Plants acaulescent with basal leaves only"	5	
4	"Plants caulescent with stems bearing leaves and flowers, basal leaves present or absent"	6	
5	"Annuals; basal leaves linear, many times longer than wide; flower or fruit not subtended by 3 persistent sepal-like bracts"	Myosurus	"Myosurus minimus"
5	"Perennials; basal leaves as wide as or wider than long, deeply 3-lobed; flower and fruit subtended by 3 persistent sepal-like bracts"	Hepatica	
6	"Plants in flower"	7	
6	"Plants in fruit"	18	
7	"Sepals or petals spurred or hooded"	8	
7	"Sepals or petals not spurred or hooded"	10	
8	"Flowers reddish and yellow with 5 spurs derived from each of the 5 petals"	Aquilegia	"Aquilegia canadensis"
8	"Flowers bluish or white with a single spur or hood derived from the upper sepal"	9	
9	"Upper sepal hooded"	Aconitum	"Aconitum uncinatum"
9	"Upper sepal spurred"	Delphinium	
10	"Flowers perfect each with a single carpel"	Actaea	
10	"Flowers perfect each with 5 or more carpels or imperfect"	11	
11	"Flowers bearing two distinct and dissimilar whorls of perianth parts interpreted as sepals and petals"	12	
11	"Flowers bearing similar perianth parts in one or more whorls, these of all more or less same size and color and interpreted as sepals"	14	
12	"Petals dark red to orange"	Adonis	"Adonis annua"
12	"Petals yellow or white"	13	
13	"At least some basal leaves or stem leaves deeply lobed or divided or flowers less than 1 cm broad"	Ranunculus	
13	"All leaves unlobed or divided and flowers more than 1.5 cm broad"	Ficaria	"Ficaria verna"
14	"Leaves biternatately compound with ovate to elliptic leaflets shallowly to deeply lobed apically"	15	
14	"Leaves leaves shallowly to deeply lobed or dissected but otherwise simple or leaves once pinnately compound or trifoliate"	16	
15	"Flowers perfect bearing carpels each with one ovule or flowers imperfect"	Thalictrum	
15	"Flowers perfect bearing carpels each with more than one ovule"	Enemion	"Enemion biternatum"
16	"Inflorescence a large corymb with numerous flowers; flowers with showy white filaments, much showier than sepals"	Trautvetteria	"Trautvetteria caroliniensis"
16	"Inflorescence solitary or 2-3 flowered"	17	
17	"Sepals four, light purple forming an urn-like shape with recurved tips"	Clematis	"Clematis socialis"
17	"Sepals more than four, white to pale pink (rarely dark purple), more or less all in the same plane, not forming an urn-like shape"	Anemone	
18	"Leaves all unlobed or dissected"	19	
18	"Leaves (at least some) lobed, dissected or compound"	20	
19	"Heads of achenes 6 mm or more broad"	Ficaria	"Ficaria verna"
19	"Head of achenes 4 mm or less broad"	Ranunculus	
20	"Fruits berries or follicle or aggregate of follicles with more than one seed per fruit or aggregate unit"	21	
20	"Fruits aggregate of achenes or utricles with one seed per carpel"	25	
21	"Leaves simple, palmately divided"	22	
21	"Leaves compound"	23	
22	"Annuals or perennials; follicles 1-3 per receptacle; flowering and fruiting in spring to early summer"	Delphinium	
22	"Perennials; follicles usually 3 per receptacle sometimes less due to lack of fertilization or early abortion; flowering and fruiting in late summer into autumn"	Aconitum	"Aconitum uncinatum"
23	"Fruit a berries or follicles, one unit developing from a single carpel per flower"	Actaea	
23	"Fruit an aggregate of follicles developling from 2 or more carpels per flower"	24	
24	"Beaks of follicles erect, parallel with peduncle"	Aquilegia	"Aquilegia canadensis"
24	"Beaks of follicles horizontal, perpendicular with peduncle"	Enemion	"Enemion biternatum"
25	"Stem leaves opposite"	Clematis	"Clematis socialis"
25	"Stem leaves alternate or whorled"	26	
26	"Stem leaves biternatately compound with ovate to elliptic leaflets; leaflets entire to shallowly lobed apically"	Thalictrum	
26	"Stem leaves simple, dissected, or compound, but not biternately compound"	27	
27	"Achenes pubescent with soft hairs"	Anemone	
27	"Achenes or utricles, smooth or with hooks, bristles, or spines but not with soft pubescence"	28	
28	"Achenes flattened"	Ranunculus	
28	"Achenes or utricles not flattened in cross section"	29	
29	"Leaves 2-3 deeply and finely dissected; flowers and fruiting heads solitary"	Adonis	"Adonis annua"
29	"Leaves lobed, but not finely dissected; flowers and fruiting heads corymbose"	Trautvetteria	"Trautvetteria caroliniensis"
