from	statement	to
1	"Woody vines climbing by adhearence of small adventitious rootlets"	"Hydrangea:Hydrangea barbara"
1	Shrubs	2
2	"Leaves pinnately lobed"	"Hydrangea:Hydrangea quercifolia"
2	"Leaves not lobed, margins entire or with remote small teeth"	3
3	"Inflorescences of terminal corymbs; flowers often of two types, numerous small fertile flowers and larger sterile flowers along the margin of the corymb"	Hydrangea
3	"Inflorescences axillary or terminal, solitary to few flowered cymes, sometimes cymes arranged terminally appearing as a racemes"	4
4	"Sepals and petals 4 (sepals are persistent and can be counted when plants in fruit)"	Philadelphus
4	"Sepals and petals 5 (sepals are persistent and can be counted when plants in fruit)"	"Deutzia:Deutzia gracilis"
