from	statement	to
1	"Plants flowering"	2
1	"Plants in fruit"	5
2	"Corollas white"	3
2	"Corollas pale blue or pink"	4
3	"Corolla 1-2 mm long"	"Valerianella radiata (L.) Dufr."
3	"Corolla 3-5 mm long"	"Valerianella umbilicata (Sull.) Alph. Wood"
4	"Corollas pink"	"Valerianella dentata (L.) Pollich"
4	"Corollas pale blue"	"Valerianella locusta (L.) Laterr."
5	"Fruit/Ovary wall with long (0.5 mm or more long) strongly curved hairs;"	"Valerianella dentata (L.) Pollich"
5	"Fruit/Ovary wall with short straight hairs or glabrous"	6
6	"Bractlet tips usually acute; often eciliate; mature fruits with wide cavity between sterile lobes (those lobes without apiculum at apex)"	"Valerianella umbilicata (Sull.) Alph. Wood"
6	"Bractlet tips usually rounded to obtuse; bract and bractlet margins often ciliate just below tip; mature fruits with merely a groove between sterile lobes (those lobes without apiculum at apex)"	7
7	"Fertile side of fruit (opposite ventral groove) flattened (best seen with ventral groove positioned to the side, not flat down or up); fruit 1-1.2 mm wide (best measured with same orientation)"	"Valerianella locusta (L.) Laterr."
7	"Fertile side of fruit (opposite ventral groove) bulging, curved; mature fruit 1.8-2.2 mm wide when measuring from from fertil"	"Valerianella radiata (L.) Dufr."
