from	statement	to
1	"Plant herbaceous"	2
1	"Plant woody"	5
2	"Leaves glabrous below"	3
2	"Leaves pubescent below"	4
3	"Plant erect, leaves glaucous below"	"Smilax biltmoreana"
3	"Plant a vine climbing by tendrils, leaves not glaucous below"	"Smilax herbacea"
4	"Plant erect without tendrils, leaves oblong, more or less equal in size"	"Smilax hugeri"
4	"Plant twining and climbing by tendrils, leaves ovate, larger leaves towards the base"	"Smilax lasioneura"
5	"Leaves densley pubescent below with three prominent veins, stems pubescent, prickles few"	"Smilax pumila"
5	"Leaves glabrous or glabrate below with 1-7 prominent veins, stems glabrous, prickles common"	6
6	"Leaves glaucous and chalky white below"	"Smilax glauca"
6	"Leaves not glaucous or chalky white below"	7
7	"Peduncle 1.5 or more times as long as petiole of subtending leaf"	8
7	"Peduncle less than 1.5 times as long as petiole of subtending leaf"	9
8	"Leaf blade entire with a thickened marginal vein; prickles and stems scurfy pubescent with stellate hairs, prickles scattered along the length of the stem, prickles stout, flattened with a broad base"	"Smilax bona-nox"
8	"Leaf margin minutely serrate, without thickened marginal vein; prickles and stems glabrous; prickles abundant near the base of the stem, otherwise few; prickles thin, not noticeably flattened or broad based"	"Smilax hispida"
9	"Leaves lanceolate, elliptic, oblong, or lance-ovate in outline; base cuneate to attenuate"	10
9	"Leaves ovate, oblong, orbicular, or reniform in outline; base rounded to cordate"	11
10	"Leaves semi-evergreen to deciduous; thin to subcoriaceous with 3 prominent veins; petioles reddish; fruit orange or red; plants growing in shallow water or water-logged soils"	"Smilax walteri"
10	"Leaves deciduous; thin to subcoriaceous with 3-5 prominent veins; petioles green; fruit black; plants of well-drained sites"	"Smilax rotundifolia"
11	"Most leaf bases hastate, auriculate, or pandurate; leaves < 5 cm in length; stems zig-zagged; some fruit 2-3 seeded"	"Smilax auriculata"
11	"Most leaf bases rounded to cuneate; leaves > 5 cm in length; stems not zig-zagged; all fruit 1 seeded"	12
12	"Leaves thick and leathery, 3-viened from the base; upper surface of the leaf with lateral veins indistinct, uniform green in color"	"Smilax laurifolia"
12	"Leaves thinner, 5-viened from the base; upper surface of the leaf prominently reticulate, often mottled"	"Smilax smallii"
