from	statement	to
1	"Low creeping shrubs with only needle-like ascending leaves to 2 cm long"	2
1	"Erect trees or shrubs with scale-like overlapping leaves to 0.5 cm or less long, often also with awl-shaped leaves that appear on older branches or young plants"	3
2	"Ovulate cones 5-7 mm wide; extremely rare in rocky habitats of the highest elevations of the Talladega Mountains"	"Juniperus communis var. depressa"
2	"Ovulate cones 8-10 mm wide; naturalized or persistent after cultivation along roadsides and old home places"	"Juniperus conferta"
3	"Ovulate cones 4-5 mm long; very common throughout state"	"Juniperus virginiana var. virginiana"
3	"Ovulate cones 3-4 mm long; uncommon of martime forests of lower coastal plain"	"Juniperus virginiana var. silicicola"
