from	statement	to	shortcut
1	"Cauline leaves whorled; corolla lobes 4, each with a distinct circular and pubescent gland below middle of lobe"	Frasera	"Frasera caroliniensis"
1	"Cauline leaves opposite, sometimes alternate; corolla lobes 4-5 or sometimes up to 13, gland absent"	2	
2	"Corolla lobes 4"	3	
2	"Corolla lobes 5 or more"	4	
3	"Stems with short internodes above allowing leaves to overlap; leaves well developed, obovate to spatulate; calyx lobes 2, similar to subtending leaves"	Obolaria	"Obolaria virginica"
3	"Stems with longer internodes and shorter non-overlapping leaves; leaves scale like; calyx lobes 4, not leaf-like"	Bartonia	
4	"Corolla tube typically pleated, pleats leading to an extra appendage much shorter than the corolla lobes; ovary stipitate"	Gentiana	
4	"Corolla tube not pleated nor with extra appendages; ovary sessile"	5	
5	"Corolla salverform, lobes 5, shorter than tube"	Centaurium	
5	"Corolla rotate to campanulate, lobes 5-13, longer than tube"	6	
6	"Leaves palmately veined; corolla campanulate; corolla lobes 5; stigma lobes about as wide as long, not twisted"	Eustoma	"Eustoma exaltatum"
6	"Leaves uninervous or pinnately veined; corolla rotate; corolla lobes 5-13; stigma lobes linear to oblanceolate, much wider than long, often twisted in early anthesis"	Sabatia	
