from	statement	to	shortcut
1	"Corolla 2-spurred, white, sometimes slightly pink tinged; fruit longer than wide, widest at middle; seeds with elaiosome"	Dicentra	"Dicentra cucullaria"
1	"Corolla 1-spurred, yellow or purple to purplish white; fruit longer than wide or spherical; seeds with or without elaiosome"	2	
2	"Corolla purple to purplish white; fruit spherical, 1-seeded ; seeds without elaiosome"	Fumaria	
2	"Corolla yellow; fruit longer than wide, usually several seeded; seeds with elaiosome"	Corydalis	
