from	statement	to
1	"Shrubs; stems short, sometimes only at substrate level, not creeping; leaves pinnately compound and spirally arranged and all attached near stem tip;"	"Cycadaceae:Cycas revoluta"
1	"Shrubs or trees; stems erect or sometimes creeping; leaves simple or fascicled, but not compound; , opposite or alternate attached at intervals along the stem or branchlets; leaves simple or fascicled but not pinnately compound."	2
2	"Leaves in fascicles of 2-5 per bundle; leaves all needle-like"	Pinaceae:Pinus
2	"Leaves each attached singly and directly to the stem, not in fascicles; leaves needle-like, scale-like, linear, or awl shaped."	3
3	"Leaves along distal branches opposite, scale-like, appressed and overlapping; rarely leaves on older branches may be awl-shaped, these spreading, ascending, or appressed"	Cupressaceae
3	"Leaves along distal branches opposite or alternate, spirally arranged, linear, needle-like or strap-shaped, spreading, ascending, or rarely appressed."	4
4	"Largest leaves usually 4 cm or more long"	5
4	"Largest leaves 2 cm or less long"	6
5	"Leaf apices rounded to acute but not sharp; ovulate cones only produce 1-2 ovules these only in the terminal megasporophylls; after fertilization, fleshy covered seeds emerge as terminal and protruding from basal bracts"	"Podocarpaceae:Podocarpus macrophyllus"
5	"Leaf apices acute and sharp; ovulate cones produce several fertile megasporophylls each of which produce 3; after fertilization, non-fleshy seeds develop and are included inside cone"	"Cupressaceae:Cunninghamia lanceolata"
6	"Deciduous trees by the senescence of entire branchlets with leaves attached; leaves spreading or appressed; pollen cones borne in catkin-like pendulous arrays;  plants of low wet areas"	Cupressaceae:Taxodium
6	"Evergreen trees or shrubs; leaves spreading; pollen cones clustered terminally or borne singly on short axillary shoot"	7
7	"Creeping shrubs; leaves 4-ranked with acute, sharp apices; ovulate cones fleshy and more or less spherical"	Cupressaceae
7	"Erect trees; leaves 2-ranked with rounded, soft apices; ovulate cones woody and ovate"	"Pinaceae:Tsuga canadensis"
