from	statement	to
1	"Plant epiphytic, growing attached to the trunk of various species of trees"	"Phoradendron:Phoradendron leucarpum"
1	"Plant terrestrial, growing attached to soil substrate"	2
2	"Leaves opposite; inflorescence axillary; petals usually 3-4; fruit without prominate perianth ""cown"" at apex"	"Nestronia:Nestronia umbellula"
2	"Leaves alternate; inflorescence terminal, though sometimes upper leaf axils may also bear some flowers; petals usually 5 though occassional flowers may be 4 or 6; fruit prominantly cowned with perianth remnants at apex"	3
3	"Herb to subshrub to 0.5 tall; inflorescence a thryse, or panicle"	"Comandra:Comandra umbellata"
3	"Shrub to 1-2 m tall; Inflorescence a raceme"	"Pyrularia:Pyrularia puber"
