from	statement	to
1	"Flower pedicellate; leaves not mottled"	2
1	"Flowers sessile; leaves usually mottled (except Trillium sessile)"	8
2	"Pedicels bent and recurved postioning the flower even or beneath the leaves"	3
2	"Pedicels ascending to erect with flower well above leaves"	5
3	"Petals maroon"	"Trillium vaseyi"
3	"Petals white or pink"	4
4	"Petals white, anthers maroon"	"Trillium rugelii"
4	"Petals pink; anthers yellow"	"Trillium catesbyi"
5	"Petals maroon"	"Trillium sulcatum"
5	"Petals white or pink, sometimes white then fading to pink"	6
6	"Leaves oblong to narrowly elliptic; leaf apices obtuse, narrowly rounded, to acute"	"Trillium pusillum"
6	"Leaves widely rhombic to widely elliptic; leaf apices abruptly acuminate"	7
7	"Margin of petals undulated with 4 or more different undulations; petals turning pink with age; top of ovary not or only slighly visiable in flower; pollen yellow"	"Trillium grandiflorum"
7	"Margin of petals not undulated or if undulated with only 1 undulation; petals not turning pink with age; top of ovary clearly visable flower; pollen white to cream"	"Trillium flexipes"
8	"Connective tissue of anthers strongly incurved"	9
8	"Connective tissue of anthers strongly more or less straight, not incurved"	10
9	"Sepals recurved below leaves; petals often spatulate"	"Trillium recurvatum"
9	"Sepals more or less spreading to lateral"	"Trillium lancifolium"
10	"Anthers dehiscence extrorse"	11
10	"Anther dehiscence introrse to latrorse"	12
11	"Stem forming an ""s"" positioning the leaves just above substrate; petals erect, not twisted"	"Trillium decumbens"
11	"Stem more or less erect posiitioning the leaves well above the substrate; petals in later development spreading and twisted"	"Trillium stamineum"
12	"Stem forming an ""s"" positioning the leaves just above substrate"	"Trillium reliquum"
12	"Stem more or less erect, though sometimes above ground portion short"	13
13	"Anther dehiscence introrse"	14
13	"Anther dehiscence latrorse"	17
14	"Connective of anthers usually prolonged past anthers more than 2 mm; leaves not mottled or slightly so"	"Trillium sessile"
14	"Connective of anthers not or slightly prolonged past anthers not more than 1 mm; leaves usually strongly mottled"	15
15	"Ovary 3-angled near summit; petals at least 4.5 times lnoger than wide, distally spatulate"	"Trillium maculatum"
15	"Ovary 6-ridged or angled near summit; petals usually less than 4 times longer than wide, sometimes flariing distally to obovate, but not spatulate"	16
16	"Petals yellow (best accessed from a population level as any sessiled flowered Trillium with maroon petals may produce a bronze to yellow form)"	"Trillium luteum"
16	"Petals maroon (less commonly bronze or rarely yellow)"	"Trillium cuneatum"
17	"Stems short, most often less than 2 times as long as length of leaves, in the field, leaf apices would touch substrate of forced downward"	"Trillium underwoodii"
17	"Stems longer, stems 3 times or more longer than length of leaves, leaf apices not capable of touching substrate if forced downward"	18
18	"Connective of anthers usually prolonged past anthers 1.0-1.5 mm"	"Trillium decipiens"
18	"Connective of anthers not or only slightly prolonged past anthers, not more than 0.5 mm"	19
19	"Petals yellow (best accessed from a population level as any sessiled flowered Trillium with maroon petals may produce a bronze to yellow form)"	"Trillium luteum"
19	"Petals maroon (less commonly bronze or rarely yellow)"	"Trillium cuneatum"
