from	statement	to	shortcut
1	"Fronds once pinnately compound; primary pinnae entire or toothed but not divided or lobed"	2	
1	"Fronds once or twice pinnately compound; primary pinnae pinnatifid or compound"	3	
2	"Fertile pinnae similar to lower sterile pinnae"	Cyrtomium	
2	"Fertile pinnae (distal third) reduced in size compared to lower sterile pinnae"	Polystichum	"Polystichum acrostichoides"
3	"Rachis abaxially densely covered with with two types of scales from base to distal end"	Polystichum	"Polystichum polyblepharum"
3	"Rachis abaxially with scales near base but these diminishing in number distally to nearly absent"	4	
4	"Distal third to half of frond simple, merely lobed"	Arachniodes	"Arachniodes simplicior"
4	"Distal third to half essentially compound similar to lower parts of frond"	Dryopteris	
