from	statement	to	shortcut
1	"Flowers appearing in early spring; Inflorescence terminal spicate; petals absent; filaments white and showy"	Fothergilla	
1	"Flowers appearing in spring or late fall to winter; Inflorescence axillary or terminal tight few-flowered clusters; petals present; filaments not show"	2	
2	"Deciduous shrubs to small trees; leaves green; largest leaves usually exceeding 6 cm, often much more; flowering in late fall or winter; petals yellow or maroon; anthers with 2 pollen sacs with only one opening per sac; hypanthium covering 1/2 or less of fruit, margin more or less irregular with sepal lobes and other regular indentations"	Hamamelis	
2	"Evergreen shrubs to small trees; leaves usually a brownish green; largest leaves not longer than 5 cm; flowering in spring; petals purple, rarely white; anthers with 4 pollen sacs with only one opening (slit) per sac; hypanthium covering 2/3 or more of fruit; rare escape from cultivation, margin more or less smooth"	Loropetalum	"Loropetalum chinense"
