from	statement	to	shortcut
1	"Plants flowering before leaves emerge in spring"	2	
1	"Plants flowering after or as leaves emerge or plants evergreen or plant in fruit"	4	
2	"Petals four, bright yellow, 1.5 cm or more long"	Forsythia	"Forsythia viridissima"
2	"Petals absent or if present, then greenish and less than 1.5 cm long"	3	
3	"Inflorescence hardly exceeding subtending bracts by 1 cm or less"	Forestiera	"Forestiera acuminata"
3	"Inflorescence greatly exceeding subtending bracts usually by 3 cm or or more (in early flowering it may be shorter)"	Fraxinus	
4	"Leaves trifoliate or pinnately compound with more than three leaflets"	5	
4	"Leaves simple"	6	
5	"Trees; leaves pinnately compound leaves with five or more leaftlets"	Fraxinus	
5	"Sprawling to arching shrubs; leaves trifoliate"	Jasminum	
6	"Leaves serrate, serrulate, or crenulate"	7	
6	"Leaves entire"	8	
7	"Leaf margins sharply serrate with acute teeth; fruit a capsule splitting into two valves; plants of popular horticulture use, rarely observed as part of the flora"	Forsythia	"Forsythia viridissima"
7	"Leaf margins serrulate to crenulate or serrate with obtuse teeth; fruit a drupe; plants native and in natural habitats"	Forestiera	
8	"Corolla lobes linear to 1.5 or more long; inflorescences bearing foliaceous bracts to 2 cm or more long; fruit an elliptical bluish drupe; plants deciduous"	Chionanthus	"Chionanthus virginicus"
8	"Corolla lobes not linear and much shorter than 1.5 long; inflorescenes bractless or if bracts present, these minute or scale like; fruit variously shaped; plants evergreen"	9	
9	"Flowers and fruits terminal though some distal most leaf axils may produce some flowers; calyx very shallowly lobed; fruit elliptical to irregularly curved, blue to purple or greenish and mottled blue or purple"	Ligustrum	
9	"Flowers and fruits axillary; calyx distincly 4-lobed; fruit spherical, black when mature"	Cartrema	"Cartrema americana"
