from	statement	to	shortcut
1	"Herb; stems never armed with prickles, spines, or thorns"	2	
1	"Tree, shrub, woody vine (climbing or creeping); stems sometimes armed with prickles, spines, or thorns"	11	
2	"Diminutive annuals with simple, but deeply palmately dissected leaves; tiny flowers along stem enclosed by stipules; petals absent"	Aphanes	"Aphanes australis"
2	"Perennials with compound or simple leaves, sometimes lobed but not deeply palmately dissected; flowers not along stem or if so not enclosed by stipules; petals present"	3	
3	"Flowers and fruits without a calyx-like epicalyx immediately subtending and interspersed with calyx; if epicalyx type lobes present, these diminutive much reduced compared to calyx"	4	
3	"Flowers and fruits with calyx-like epicalyx immediately subtending and appearing to be part of the calyx; epicalyx lobes as long as or longer than calyx"	8	
4	"Plants essentially acaulescent, without aerial stems; perennating with short rhizome or sometimes stoloniferous or creeping, long narrow rhizomes"	Geum	
4	"Plants caulescent with aerial stems bearing leaves and flowers or fruits"	5	
5	"Leaves trifoliate (sometimes prominent stipules could be confused for leaflets)"	Gillenia	
5	"Leaves pinnately compound or bi-pinnately to bi-ternately compound"	6	
6	"Leaves bi-pinnately to bi-ternately compound"	Aruncus	"Aruncus dioicus"
6	"Leaves once pinnately compound"	7	
7	"Flowers and fruits remotely spaced along rachis of spike or raceme; petals present, yellow; sepals 5, green"	Agrimonia	
7	"Flowers and fruits densely compacted along rachis of spike; petals absent; sepals 4, green or pink to purple tinged"	Poterium	"Poterium sanguisorba ssp. muricatum"
8	"Plants essentially acaulescent, without aerial stems; perennating with short rhizome or sometimes stoloniferous or creeping, long narrow rhizomes"	9	
8	"Plants caulescent with aerial stems bearing leaves and flowers or fruits"	10	
9	"Petals white; sepaloid bracts tapering at tip, without apical teeth"	Fragaria	"Fragaria virginiana"
9	"Petals yellow; sepaloid bracts widest at apex, with apical teeth"	Potentilla	"Potentilla indica"
10	"Petals yellow to pale yellow; achenes usually without long beak; leaves palmately compound to trifoliate"	Potentilla	
10	"Petals usually white; achenes usually with long beak; leaves simple, trifoliate, or pinnately compound"	Geum	
11	"Plants flowering before the leaves emerge in the spring"	12	
11	"Plants flowering with leaves already present or mostly emerged in the spring or plant in fruit"	19	
12	"Flowers ""doubled"", petals numerous, stamens and sometimes carpels absent or rudimentary"	13	
12	"Flowers not doubled, usually with 5 petals and stamens and carpels"	14	
13	"Petals white"	Spiraea	
13	"Petals usually dark to pale pink"	Prunus	"Prunus glandulosa"
14	"Flowers with superior ovary as hypanthium not fused to sides of ovary or style"	15	
14	"Flowers with partly or wholly inferior ovary as hypanthium fused to ovary wall fully or partly"	16	
15	"Each flower with one pistil"	Prunus	
15	"Each flower with more than one pistil, usually five"	Spiraea	
16	"Inflorescence racemes; petals not clawed"	Amelanchier	
16	"Inflorescence corymbs, panicles, umbels or solitary; petals distinctly clawed, sometimes slightly so, or not clawed"	17	
17	"Flowers short pedicellate to sessile forming irregular fascicles or sometimes solitary; petals red to a dark pink, rarely white"	Chaenomeles	"Chaenomeles speciosa"
17	"Flowers distincly pedicellate forming corymbs, panicles, umbels or (rarely solitary); petals white or rarely with slight pink tinge"	18	
18	"Carpels connate wholly"	Pyrus	
18	"Carpels while touching, not connate"	Crataegus	
19	"Leaves compound; stems usually armed with prickles"	20	
19	"Leaves simple; stems sometimes armed with thorns"	21	
20	"Leaves palmately compound or trifoliate; stipules not fused to petiole; receptacle convex; fruit an aggregate of drupelets; flowers usually not ""doubled"""	Rubus	
20	"Leaves pinnately compound or trifoliate; stipules fused to petiole; receptacle forming a hypanthium (rose hip); fruit achenes formed inside hypanthium; flowers often ""doubled"""	Rosa	
21	"Leaves opposite; calyx and corolla 4-merous; fruit an aggregate of reddish to black drupes fully exposed when mature by the opening of the calyx"	Rhodotypos	"Rhodotypos scandens"
21	"Leaves alternate; calyx and corolla usually 5-merous (or corolla absent); fruit various but not as described above"	22	
22	"Flowers usually ""doubled"" with numerous petals; stamens and usually carpels absent; fruit not produced"	23	
22	"Flowers usually with 5-merous calyx lobes and petals or petals absent; stamens and/or carpels present; or plant in fruit"	25	
23	"Petals yellow to orange; leaves strongly doubly serrate"	Kerria	"Kerria japonica"
23	"Petals white or pink; leaves serrate, crenate, to nearly entire"	24	
24	"Petals white; stipules absent"	Spiraea	
24	"Petals usually dark to pale pink; stipules linear"	Prunus	"Prunus glandulosa"
25	"Leaves palmately veined"	26	
25	"Leaves pinnately veined"	27	
26	"Petals dark pink; receptacle stronly convex; fruit an aggregate of drupelets"	Rubus	"Rubus odoratus"
26	"Petals white; receptacle more or less flat; fruit an aggregate of follicles"	Physocarpus	"Physocarpus opulifolius"
27	"Ovary superior, hypanthium not fused to sides of ovary or style; fruit a drupe, lobed capsule, or an aggregate of achenes or follicles"	28	
27	"Ovary inferior with hypanthium fused to ovary wall fully or partly; fruit a pome (though sometimes drupe-like) usually remnants of calyx at apex"	31	
28	"Carpel(s) connate into a single pistil flower; fruit a drupe or capsule"	29	
28	"Carpels distinct with more than one pistil per flower; fruit an aggregate of achenes or follicles"	30	
29	"Ovary comprised  of 1 carpel, not furrowed externally, 1-loculed"	Prunus	
29	"Ovary comprised of 5 carpels, deeply furrowed externally, 5-loculed"	Exochorda	"Exochorda racemosa"
30	"Petals absent; fruit an aggregate of achenes"	Neviusia	"Neviusia alabamensis"
30	"Petals present; fruit an aggregate of follicles"	Spiraea	
31	"Plants unarmed, thorns absent"	32	
31	"Plants usually armed with thorns, sometimes more than one branch should be examined for thorn presence"	39	
32	"Leaves evergreen, leathery"	33	
32	"Leaves deciduous, membraneous"	35	
33	"Inforescence a terminal corymb"	Photinia	"Photinia serratifolia"
33	"Inflorescence a terminal panicle or raceme"	34	
34	"Leaves 4 times longer than wide; sepals persistent in fruit; fruits yellow to orange"	Eriobotyra	"Eriobotrya japonica"
34	"Leaves less than 3 times longer than wide; sepals deciduous in fruit; fruits purplish black"	Rhaphiolepis	
35	"Inflorescence a raceme"	Amelanchier	
35	"Inflorescence a corymb, panicle, or sometimes solitary"	36	
36	"Stipules persistant, adnate to petiole"	Aronia	
36	"Stipules deciduous, adnate to petiole before being falling away, or if persistant, not adnate to petiole"	37	
37	"Petals not or slighly clawed; styles distinct; endocarp (seed enclosure) extremely hard, stony"	Crataegus	
37	"Petals distinctly clawed; styles distinct or basally conntate; endocarp cartilaginous, tough but somewhat flexible"	38	
38	"Styles distinct for entire length; sclerids (stone cells) throughout flesh of of fruiting hypanthium"	Pyrus	
38	"Styles fused near base; sclerids (stone cells) absent in flesh of fruiting hypanthium or only near the carpel (core) wall"	Malus	
39	"Stipules persistant, wider than long, toothed or lobed"	40	
39	"Stipules early deciduous or if persistant, much longer than wide, entire or toothed but not usually not lobed"	41	
40	"Flowers distincly pedicellate forming corymbs or panicles (rarely solitary); petals white or rarely with slight pink tinge; endocarp (seed enclosure) extremely hard, stony"	Crataegus	
40	"Flowers short pedicellate to sessile forming irregular fascicles or sometimes solitary; petals red to a dark pink, rarely white; endocarp cartilaginous, tough but somewhat flexible"	Chaenomeles	
41	"Petals not or slighly clawed; styles distinct; endocarp (seed enclosure) extremely hard, stony"	42	
41	"Petals distinctly clawed; styles distinct or basally conntate; endocarp cartilaginous, tough but somewhat flexible"	43	
42	"Thorns withou leaves emering from side or terminal part of thorn"	Crataegus	
42	"Thorns often with leaves emerging from tip or side"	Pyracantha	
43	"Styles distinct for entire length; sclerids (stone cells) throughout flesh of of fruiting hypanthium"	Pyrus	
43	"Styles fused near base; sclerids (stone cells) absent in flesh of fruiting hypanthium or only near the carpel (core) wall"	Malus	
