from	statement	to
1	"Plant thalloid, only producing a nonvascular gametophyte thallus or rarely also a diminutive immature sporophyte; reproduction primarily by gemmae of the gametophyte; plants occurring in shady, humid, and moist recesses of rock (usually sandstone) faces in mesic forests."	Vittaria
1	"Plant mature vascular sporophyte; plants occurring in various habitats."	2
2	"Fronds long and linear, unlobed and undivided"	"Vittaria:Vittaria lineata"
2	"Fronds variously shaped, always lobed or divided or both, some ultimate segements may be linear"	3
3	"Mature fronds strongly dimorphic into vegetative and fertile types"	4
3	"Mature fronds more or less similar in morphology"	5
4	"Pinnae of fertile frond oblong to lanceolate; plant epipetric, growing from cracks of basic rocks"	Pellaea
4	"Pinnae of fertile frond linear to filiform; plant aquatic"	"Ceratopteris:Ceratopteris richardii"
5	"Sori in discrete units along margin for pinnae"	Adiantum
5	"Sori in continues linear units lining the entire margin of the pinnae"	6
6	"Fronds densely covered with stellate pubesence"	"Astrolepis:Astrolepis integerrima"
6	"Fronds variously pubescent to glabrous but not with stellate hairs"	7
7	"Fronds 2-3 pinnate; ultimate segments rounded, ovate, or lanceolate, about as wide as long or slighly longer"	Myriopteris
7	"Fronds 1-2 pinnate; ultimate segments oblong to lanceolate, longest segements much longer than wide"	8
8	?	Pteris
8	?	Pellaea
