from	statement	to	shortcut
1	"Leaves along distal branches opposite, scale-like or needle-like, appressed and overlapping or ascending and not overlapping but crowded; pollen cones scales decussate or opposite"	2	
1	"Leaves along distal branches alternate to sub-opposite, linear or needle-like, spreading, ascending, or appressed; pollen cone scales spirally arranged"	6	
2	"Low creeping shrubs with only needle-like ascending leaves to 2 cm long"	Juniperus	
2	"Erect trees or shrubs with scale-like overlapping leaves to  0.5 cm or less long, often also with awl-shaped leaves that appear on older branches or young plants"	3	
3	"Branches with flattend arrays"	4	
3	"Branches with radial or spiral arrays"	5	
4	"Leaves obtuse; ovulate cones leathery but turning woody upon maturity; scales of ovulate cones 6-8, each with an asending mucro; seeds wingless"	Platycladus	"Platycladus orientalis"
4	"Leaves usually sharply acute; ovulate cones woody; scales of ovulate cones 8-12, peltate and without mucro; seeds with narrow wing"	Chamaecyparis	"Chamaecyparis thyoides"
5	"Ovulate cones woody at maturity, gray or brown; ovulate scales peltate; seeds winged"	Hesperocyparis	"Hesperocyparis arizonica"
5	"Ovulate cones fleshy at maturity, bluish to reddish purple; ovulate scales appressed and overlapping; seeds not winged"	Juniperus	
6	"Evergreen trees, largest leaves usually 4 cm or more long; pollen cones clustered terminally; ovulate cones widest near base; plants of various habitat but usually around old home sites persisiting after cultivation"	Cunninghamia	"Cunninghamia lanceolata"
6	"Deciduous trees by senescence of entire branchlets with leaves attached; pollen cones borne in catkin-like pendulous arrays;  ovulate cones more or less spherical; plants of low wet areas"	Taxodium	
