id	created_at	updated_at	title	author	description	item	spatial	remarks	source_id	created_by	updated_by	key_file
9275	"2019-02-24 07:39:59"	"2021-11-17 00:33:28"	"1.1 LYCOPHYTES"	"Keener, B.R."	"This key will facilitate keying Lycophyte species from Alabama to the correct family."	LYCOPHYTES	ALABAMA			bkeener@uwa.edu	bkeener@uwa.edu	key-9275-11-lycophytes.tsv
9276	"2019-02-24 07:51:07"	"2021-11-16 13:35:18"	"1.0 MAJOR GROUPS OF SEEDLESS AND SEED BEARING PLANTS"	"Keener, B.R."	"This key will facilitate identifying a species to a major group of vascular plants."	"Major Groups of Seedless and Seed Bearing Plants"	ALABAMA			bkeener@uwa.edu	niels.klazenga@rbg.vic.gov.au	key-9276-10-major-groups-of-seedless-and-seed-bearing-plants.tsv
9315	"2019-03-01 04:43:01"	"2021-11-01 23:07:38"	BIGNONIACEAE	"Keener, B.R."		Bignoniaceae	ALABAMA			bkeener@uwa.edu	bkeener@uwa.edu	key-9315-bignoniaceae.tsv
9360	"2019-03-13 06:14:35"	"2021-11-18 13:04:43"	Rhus	"Keener, B.R."		Rhus	ALABAMA			bkeener@uwa.edu	bkeener@uwa.edu	key-9360-rhus.tsv
9362	"2019-03-13 06:30:14"	"2021-11-18 13:04:57"	Toxicodendron	"Keener, B.R."		Toxicodendron	ALABAMA			bkeener@uwa.edu	bkeener@uwa.edu	key-9362-toxicodendron.tsv
9363	"2019-03-13 06:47:33"	"2021-11-02 23:42:48"	ANACARDIACEAE	"Keener, B.R."		Anacardiaceae	ALABAMA			bkeener@uwa.edu	bkeener@uwa.edu	key-9363-anacardiaceae.tsv
9364	"2019-03-13 07:21:06"	"2021-11-18 13:20:39"	COLCHICACEAE	"Keener, B.R."		Colchicaceae	ALABAMA			bkeener@uwa.edu	niels.klazenga@rbg.vic.gov.au	key-9364-colchicaceae.tsv
9366	"2019-03-13 07:39:21"	"2021-11-19 00:22:31"	Aletris	"Keener, B.R."		Aletris	ALABAMA			bkeener@uwa.edu	bkeener@uwa.edu	key-9366-aletris.tsv
9367	"2019-03-13 07:45:14"	"2021-11-02 23:41:04"	NARTHECIACEAE	"Keener, B.R."		Nartheciaceae	ALABAMA			bkeener@uwa.edu	bkeener@uwa.edu	key-9367-nartheciaceae.tsv
9368	"2019-03-13 08:45:37"	"2021-11-01 23:13:52"	BUXACEAE	"Keener, B.R."		Buxaceae	ALABAMA			bkeener@uwa.edu	bkeener@uwa.edu	key-9368-buxaceae.tsv
9369	"2019-03-13 09:17:33"	"2021-11-01 23:15:47"	POLEMONIACEAE	"Keener, B.R."		Polemoniaceae	ALABAMA			bkeener@uwa.edu	bkeener@uwa.edu	key-9369-polemoniaceae.tsv
9372	"2019-03-15 11:02:31"	"2021-10-18 06:43:24"	VALERIANACEAE	"Keener, B.R."		Valerianaceae	ALABAMA			bkeener@uwa.edu	bkeener@uwa.edu	key-9372-valerianaceae.tsv
9373	"2019-03-15 11:03:18"	"2021-10-18 06:45:12"	Valerianella	"Keener, B.R."		Valerianella	ALABAMA			bkeener@uwa.edu	bkeener@uwa.edu	key-9373-valerianella.tsv
9393	"2019-03-22 13:43:49"	"2021-11-21 03:42:50"	Berberis	"Keener, B.R."		Berberis	ALABAMA			bkeener@uwa.edu	bkeener@uwa.edu	key-9393-berberis.tsv
9394	"2019-03-22 13:49:28"	"2021-11-01 23:09:24"	BERBERIDACEAE	"Keener, B.R."		Berberidaceae	ALABAMA			bkeener@uwa.edu	bkeener@uwa.edu	key-9394-berberidaceae.tsv
9401	"2019-03-22 21:38:41"	"2021-11-01 23:07:54"	MONTIACEAE	"Keener, B.R."		Montiaceae	ALABAMA			bkeener@uwa.edu	bkeener@uwa.edu	key-9401-montiaceae.tsv
9407	"2019-03-24 12:39:26"	"2021-11-02 23:48:12"	AMARYLLIDACEAE	"Keener, B.R."		Amaryllidaceae	ALABAMA			bkeener@uwa.edu	bkeener@uwa.edu	key-9407-amaryllidaceae.tsv
9429	"2019-03-29 10:18:01"	"2021-11-24 18:52:50"	"1.2 MONILOPHYTES"	"Keener, B.R."		MONILOPHYTES	ALABAMA			bkeener@uwa.edu	niels.klazenga@rbg.vic.gov.au	key-9429-12-monilophytes.tsv
9430	"2019-03-29 10:46:17"	"2021-11-02 23:42:10"	GERANIACEAE	"England, J.K. & Keener, B.R"		Geraniaceae	ALABAMA			bkeener@uwa.edu	bkeener@uwa.edu	key-9430-geraniaceae.tsv
9431	"2019-03-29 10:46:51"	"2019-05-28 05:48:29"	"139.1: Geranium"	"England, J.K."		Geranium	ALABAMA		3856	bkeener@uwa.edu	bkeener@uwa.edu	key-9431-1391-geranium.tsv
9441	"2019-04-01 13:12:31"	"2021-11-01 23:11:43"	ALLIACEAE	"Keener, B.R."		Alliaceae	ALABAMA			bkeener@uwa.edu	bkeener@uwa.edu	key-9441-alliaceae.tsv
9443	"2019-04-01 13:48:34"	"2021-11-18 13:34:29"	Aralia	"Keener, B.R."		Aralia	ALABAMA			bkeener@uwa.edu	bkeener@uwa.edu	key-9443-aralia.tsv
9444	"2019-04-01 13:51:36"	"2021-11-17 13:14:04"	ARALIACEAE	"Keener, B.R."		Araliaceae	ALABAMA			bkeener@uwa.edu	niels.klazenga@rbg.vic.gov.au	key-9444-araliaceae.tsv
9445	"2019-04-01 13:58:55"	"2021-11-06 20:28:52"	CUPRESSACEAE	"Keener, B.R."		Cupressaceae	ALABAMA			bkeener@uwa.edu	niels.klazenga@rbg.vic.gov.au	key-9445-cupressaceae.tsv
9612	"2019-05-07 22:26:32"	"2021-12-01 07:23:08"	Gaylussacia	"Diamond, A.R."		Gaylussacia	ALABAMA			bkeener@uwa.edu	bkeener@uwa.edu	key-9612-gaylussacia.tsv
9613	"2019-05-08 04:28:20"	"2021-11-02 23:44:05"	ERICACEAE	"Alvin Diamond"	"a key to genera of Ericaceae in Alabama."	Ericaceae	Alabama			adiamond@troy.edu	bkeener@uwa.edu	key-9613-ericaceae.tsv
9614	"2019-05-08 04:31:23"	"2021-12-01 07:24:03"	Kalmia	"Diamond, Alvin R."	"Key to Kalmia species in Alabama."	Kalmia	Alabama			adiamond@troy.edu	bkeener@uwa.edu	key-9614-kalmia.tsv
9615	"2019-05-08 04:33:30"	"2021-12-01 07:24:29"	Leucothoe	"Diamond, Alvin R."	"Key to Leucothoe species in Alabama."	Leucothoe	Alabama			adiamond@troy.edu	bkeener@uwa.edu	key-9615-leucothoe.tsv
9616	"2019-05-08 04:35:17"	"2021-12-01 07:23:40"	Lyonia	"Diamond, Alvin R."	"Key to Lyonia species in Alabama."	Lyonia	Alabama			adiamond@troy.edu	bkeener@uwa.edu	key-9616-lyonia.tsv
9618	"2019-05-08 04:41:01"	"2021-11-02 23:44:30"	NYSSACEAE	"Alvin Diamond"	"Key to Nyssa species of Alabama."	Nyssaceae	Alabama			adiamond@troy.edu	bkeener@uwa.edu	key-9618-nyssaceae.tsv
9661	"2019-05-22 09:17:44"	"2021-11-01 23:08:20"	LILIACEAE	"Keener, B.R."		Liliaceae	ALABAMA			bkeener@uwa.edu	bkeener@uwa.edu	key-9661-liliaceae.tsv
9662	"2019-05-22 09:28:18"	"2021-12-01 07:19:17"	Erythronium	"Keener, B.R."		Erythronium	ALABAMA		3878	bkeener@uwa.edu	bkeener@uwa.edu	key-9662-erythronium.tsv
9663	"2019-05-22 09:29:07"	"2021-12-01 07:19:53"	Prosartes	"Keener, B.R."		Prosartes	ALABAMA			bkeener@uwa.edu	bkeener@uwa.edu	key-9663-prosartes.tsv
9666	"2019-05-23 06:04:06"	"2021-11-02 23:39:59"	SMILACACEAE	"Alvin Diamond"	"A key to Smilax species in Alabama"	Smilacaceae	Alabama			adiamond@troy.edu	bkeener@uwa.edu	key-9666-smilacaceae.tsv
9668	"2019-05-23 13:58:26"	"2021-11-18 13:30:19"	BLECHNACEAE	"Keener, B.R."		Blechnaceae	ALABAMA			bkeener@uwa.edu	bkeener@uwa.edu	key-9668-blechnaceae.tsv
9669	"2019-05-25 02:11:19"	"2019-05-25 02:18:39"	"Ebenaceae single genus and species"	"Keener, B.R."		Ebenaceae	ALABAMA			bkeener@uwa.edu	niels.klazenga@rbg.vic.gov.au	key-9669-ebenaceae-single-genus-and-species.tsv
9673	"2019-05-27 10:26:53"	"2021-11-17 13:08:31"	ARISTOLOCHIACEAE	"Keener, B.R."		Aristolochiaceae	ALABAMA			bkeener@uwa.edu	niels.klazenga@rbg.vic.gov.au	key-9673-aristolochiaceae.tsv
9674	"2019-05-27 10:38:39"	"2021-11-01 23:06:28"	CABOMBACEAE	"Keener, B.R."		Cabombaceae	ALABAMA		3879	bkeener@uwa.edu	bkeener@uwa.edu	key-9674-cabombaceae.tsv
9677	"2019-05-28 01:21:20"	"2021-11-02 23:43:28"	HYDRANGEACEAE	"Keener, B.R."		Hydrangeaceae	ALABAMA		3881	bkeener@uwa.edu	bkeener@uwa.edu	key-9677-hydrangeaceae.tsv
9678	"2019-05-28 01:34:24"	"2021-11-02 23:40:39"	MAGNOLIACEAE	"Keener, B.R."		Magnoliaceae	ALABAMA			bkeener@uwa.edu	bkeener@uwa.edu	key-9678-magnoliaceae.tsv
9679	"2019-05-28 01:50:37"	"2021-11-01 23:07:16"	SAURURACEAE	"Keener, B.R."		Saururaceae	ALABAMA			bkeener@uwa.edu	bkeener@uwa.edu	key-9679-saururaceae.tsv
9680	"2019-05-28 02:42:44"	"2021-11-02 23:43:16"	PORTULACEAE	"Keener, B.R."		Portulacaceae	ALABAMA		3882	bkeener@uwa.edu	bkeener@uwa.edu	key-9680-portulaceae.tsv
9681	"2019-05-28 05:01:48"	"2021-11-18 13:30:44"	MARSILEACEAE	"Keener, B.R."		Marsileaceae	ALABAMA			bkeener@uwa.edu	bkeener@uwa.edu	key-9681-marsileaceae.tsv
9682	"2019-05-28 05:07:04"	"2021-11-16 02:54:32"	SELAGINELLACEAE	"Keener, B.R."		Selaginellaceae	ALABAMA			bkeener@uwa.edu	bkeener@uwa.edu	key-9682-selaginellaceae.tsv
9683	"2019-05-28 05:29:05"	"2021-11-18 13:30:56"	OSMUNDACEAE	"Keener, B.R."		Osmundaceae	ALABAMA			bkeener@uwa.edu	bkeener@uwa.edu	key-9683-osmundaceae.tsv
9684	"2019-05-28 09:56:17"	"2021-11-19 00:23:53"	Lycoris	"Keener, B.R."		Lycoris	ALABAMA			bkeener@uwa.edu	bkeener@uwa.edu	key-9684-lycoris.tsv
9685	"2019-05-28 10:31:42"	"2021-11-01 23:12:58"	GROSSULARIACEAE	"Keener, B.R."		Grossulariaceae	ALABAMA			bkeener@uwa.edu	bkeener@uwa.edu	key-9685-grossulariaceae.tsv
9688	"2019-05-30 04:21:42"	"2021-12-06 00:31:40"	ACANTHACEAE	"Diamond, A.R. and B.R. Keener"	"A key to Acanthaceae genera of Alabama."	Acanthaceae	Alabama			adiamond@troy.edu	niels.klazenga@rbg.vic.gov.au	key-9688-acanthaceae.tsv
9689	"2019-05-30 08:15:14"	"2021-11-01 23:10:29"	RHAMNACEAE	"Keener, B.R."		Rhamnaceae	ALABAMA			bkeener@uwa.edu	bkeener@uwa.edu	key-9689-rhamnaceae.tsv
9690	"2019-05-31 03:30:27"	"2021-11-21 03:42:36"	Ceanothus	"Keener, B.R."		Ceanothus	ALABAMA			bkeener@uwa.edu	bkeener@uwa.edu	key-9690-ceanothus.tsv
9691	"2019-05-31 09:28:36"	"2021-11-01 23:13:14"	RANUNCULACEAE	"Keener, B.R."		Ranunculaceae	ALABAMA			bkeener@uwa.edu	bkeener@uwa.edu	key-9691-ranunculaceae.tsv
9698	"2019-06-03 01:08:35"	"2021-11-02 23:40:12"	HYACINTHACEAE	"Keener, B.R."		Hyacinthaceae	ALABAMA			bkeener@uwa.edu	bkeener@uwa.edu	key-9698-hyacinthaceae.tsv
9699	"2019-06-03 01:44:15"	"2021-11-01 23:09:04"	RUSCACEAE	"Keener, B.R."		Ruscaceae	ALABAMA		3890	bkeener@uwa.edu	bkeener@uwa.edu	key-9699-ruscaceae.tsv
9700	"2019-06-03 02:10:46"	"2021-11-18 13:30:33"	SALVINIACEAE	"Keener, B.R."		Salviniaceae	ALABAMA			bkeener@uwa.edu	bkeener@uwa.edu	key-9700-salviniaceae.tsv
9701	"2019-06-03 02:27:35"	"2021-11-02 23:41:57"	TOFIELDIACEAE	"Keener, B.R."		Tofieldiaceae	ALABAMA			bkeener@uwa.edu	bkeener@uwa.edu	key-9701-tofieldiaceae.tsv
9702	"2019-06-03 02:54:35"	"2021-11-01 23:10:49"	MENISPERMACEAE	"Keener, B.R."		Menispermaceae	ALABAMA			bkeener@uwa.edu	bkeener@uwa.edu	key-9702-menispermaceae.tsv
9703	"2019-06-03 05:49:08"	"2021-11-01 23:12:42"	MORACEAE	"Keener, B.R."		Moraceae	ALABAMA			bkeener@uwa.edu	bkeener@uwa.edu	key-9703-moraceae.tsv
9704	"2019-06-03 05:51:47"	"2021-12-01 07:20:59"	Ficus	"Keener, B.R."		Ficus	ALABAMA			bkeener@uwa.edu	bkeener@uwa.edu	key-9704-ficus.tsv
9705	"2019-06-03 06:17:44"	"2021-11-02 23:50:07"	LOGANIACEAE	"Keener, B.R."		Loganiaceae	ALABAMA			bkeener@uwa.edu	bkeener@uwa.edu	key-9705-loganiaceae.tsv
9706	"2019-06-03 06:25:11"	"2021-11-01 23:14:29"	CANNABACEAE	"Keener, B.R."		Cannabaceae	ALABAMA			bkeener@uwa.edu	bkeener@uwa.edu	key-9706-cannabaceae.tsv
9707	"2019-06-03 07:07:26"	"2021-11-02 23:47:10"	VITACEAE	"Keener, B.R."		Vitaceae	ALABAMA			bkeener@uwa.edu	bkeener@uwa.edu	key-9707-vitaceae.tsv
9708	"2019-06-04 09:58:48"	"2021-11-02 23:47:35"	FUMARIACEAE	"Keener, B.R."		Fumariaceae	ALABAMA		3891	bkeener@uwa.edu	bkeener@uwa.edu	key-9708-fumariaceae.tsv
9709	"2019-06-05 02:25:52"	"2021-11-01 23:15:18"	PAPAVERACEAE	"Keener, B.R."		Papaveraceae	ALABAMA			bkeener@uwa.edu	bkeener@uwa.edu	key-9709-papaveraceae.tsv
9710	"2019-06-05 02:28:52"	"2021-12-01 07:20:08"	Argemone	"Keener, B.R."		Argemone	ALABAMA			bkeener@uwa.edu	bkeener@uwa.edu	key-9710-argemone.tsv
9711	"2019-06-05 02:29:58"	"2021-12-01 07:20:39"	Papaver	"Keener, Brian R."		Papaver	ALABAMA			bkeener@uwa.edu	bkeener@uwa.edu	key-9711-papaver.tsv
9712	"2019-06-05 08:28:06"	"2021-12-01 07:25:56"	CAPRIFOLIACEAE			Caprifoliaceae	ALABAMA			bkeener@uwa.edu	bkeener@uwa.edu	key-9712-caprifoliaceae.tsv
9720	"2019-06-10 00:35:13"	"2021-11-02 23:50:32"	HEMEROCALIIDACEAE	"Keener, B.R."		Hemerocallidaceae	ALABAMA		3897	bkeener@uwa.edu	bkeener@uwa.edu	key-9720-hemerocaliidaceae.tsv
9721	"2019-06-10 01:45:30"	"2021-12-01 07:19:31"	Lilium	"Keener, B.R."		Lilium	ALABAMA		3898	bkeener@uwa.edu	bkeener@uwa.edu	key-9721-lilium.tsv
9722	"2019-06-10 06:12:50"	"2021-11-19 00:24:08"	Narcissus	"Keener, B.R."		Narcissus	ALABAMA	"Several of the taxa included here may occur in ""doubled flower"" horticultural forms.  The doubled forms are not included in the key.  The most commonly encountered of these types are N. pseudonarcissus, N. × odorus, N. × incomparabilis, and N. × medioluteus.  However, a doubled form of any Narcissus may be discovered in the future.


"	3899	bkeener@uwa.edu	bkeener@uwa.edu	key-9722-narcissus.tsv
9723	"2019-06-11 01:42:43"	"2021-11-02 23:41:45"	RUTACEAE	"Keener, B.R."		Rutaceae	ALABAMA			bkeener@uwa.edu	bkeener@uwa.edu	key-9723-rutaceae.tsv
9724	"2019-06-11 01:43:57"	"2021-11-21 03:41:04"	Citrus	"Keener, B.R."		Citrus	ALABAMA			bkeener@uwa.edu	bkeener@uwa.edu	key-9724-citrus.tsv
9725	"2019-06-11 01:44:47"	"2021-11-21 03:41:35"	Zanthoxylum	"Keener, B.R."		Zanthoxylum	ALABAMA			bkeener@uwa.edu	bkeener@uwa.edu	key-9725-zanthoxylum.tsv
9726	"2019-06-11 05:02:52"	"2021-11-01 23:11:09"	ARECACEAE	"Alvin Diamond"	"ARECACEAE genera in Alabama."	Arecaceae	Alabama			adiamond@troy.edu	bkeener@uwa.edu	key-9726-arecaceae.tsv
9727	"2019-06-11 22:59:43"	"2021-11-02 23:47:58"	JUNCACEAE	"Diamond, Alvin"	"A key to the genera of Juncaceae in Alabama."	Juncaceae	Alabama			adiamond@troy.edu	bkeener@uwa.edu	key-9727-juncaceae.tsv
9728	"2019-06-11 23:48:05"	"2021-11-21 03:42:22"	Luzula	"Diamond, Alvin"	"A key to Luzula species in Alabama."	Luzula	Alabama			adiamond@troy.edu	bkeener@uwa.edu	key-9728-luzula.tsv
9731	"2019-06-13 02:49:17"	"2021-11-19 00:23:20"	Sabal	"Diamond, Alvin"		Sabal	ALABAMA			bkeener@uwa.edu	bkeener@uwa.edu	key-9731-sabal.tsv
9732	"2019-06-13 03:20:48"	"2021-11-21 03:41:54"	Ornithogalum	"Keener, B.R."		Ornithogalum	ALABAMA			bkeener@uwa.edu	bkeener@uwa.edu	key-9732-ornithogalum.tsv
9734	"2019-06-13 05:59:23"	"2021-11-02 23:43:53"	JUGLANDACEAE	"Keener, B.R."		Juglandaceae	ALABAMA			bkeener@uwa.edu	bkeener@uwa.edu	key-9734-juglandaceae.tsv
9735	"2019-06-13 06:01:17"	"2021-11-21 03:42:08"	Juglans			Juglans	ALABAMA			bkeener@uwa.edu	bkeener@uwa.edu	key-9735-juglans.tsv
9736	"2019-06-13 07:04:41"	"2021-11-02 23:43:41"	ONAGRACEAE	"Keener, B.R."		Onagraceae	ALABAMA			bkeener@uwa.edu	bkeener@uwa.edu	key-9736-onagraceae.tsv
9741	"2019-06-14 21:39:42"	"2021-11-02 23:42:22"	THYMELAEACEAE	"Keener, B.R."		Thymelaeaceae	ALABAMA			bkeener@uwa.edu	bkeener@uwa.edu	key-9741-thymelaeaceae.tsv
9742	"2019-06-14 22:02:31"	"2021-11-02 23:47:23"	CISTACEAE	"Keener, B.R."		Cistaceae	ALABAMA			bkeener@uwa.edu	bkeener@uwa.edu	key-9742-cistaceae.tsv
9743	"2019-06-15 01:04:25"	"2021-11-02 23:45:53"	STYRACACEAE	"Keener, B.R."		Styracaceae	ALABAMA			bkeener@uwa.edu	bkeener@uwa.edu	key-9743-styracaceae.tsv
9744	"2019-06-15 01:11:17"	"2021-11-02 23:46:08"	CYRILLACEAE	"Keener, B.R."		Cyrillaceae	ALABAMA			bkeener@uwa.edu	bkeener@uwa.edu	key-9744-cyrillaceae.tsv
9745	"2019-06-15 09:18:22"	"2021-11-01 23:15:34"	PRIMULACEAE	"Keener, B.R."		Primulaceae	ALABAMA			bkeener@uwa.edu	bkeener@uwa.edu	key-9745-primulaceae.tsv
9746	"2019-06-15 09:29:49"	"2021-11-02 23:46:34"	DROSERACEAE	"Keener, B.R."		Droseraceae	ALABAMA			bkeener@uwa.edu	bkeener@uwa.edu	key-9746-droseraceae.tsv
9747	"2019-06-15 10:01:31"	"2021-11-02 23:42:35"	ALISMATACEAE	"Keener, B.R."		Alismataceae	ALABAMA			bkeener@uwa.edu	bkeener@uwa.edu	key-9747-alismataceae.tsv
9748	"2019-06-16 08:51:02"	"2021-11-14 15:14:26"	HYMENOPHYLLACEAE	"Keener, B.R."		Hymenophyllaceae	ALABAMA			bkeener@uwa.edu	niels.klazenga@rbg.vic.gov.au	key-9748-hymenophyllaceae.tsv
9749	"2019-06-16 08:58:24"	"2021-11-15 15:46:56"	OPHIOGLOSSACEAE	"Keener, B.R."		Ophioglossaceae	ALABAMA			bkeener@uwa.edu	niels.klazenga@rbg.vic.gov.au	key-9749-ophioglossaceae.tsv
9750	"2019-06-16 09:39:55"	"2021-11-01 23:06:43"	NYMPHAEACEAE	"Keener, B.R."		Nymphaeaceae	ALABAMA			bkeener@uwa.edu	bkeener@uwa.edu	key-9750-nymphaeaceae.tsv
9751	"2019-06-16 09:48:40"	"2021-11-15 02:17:03"	PINACEAE	"Keener, B.R."		Pinaceae	ALABAMA			bkeener@uwa.edu	bkeener@uwa.edu	key-9751-pinaceae.tsv
9752	"2019-06-16 09:52:10"	"2021-11-17 12:15:15"	"1.3 GYMNOSPERMS"	"Keener, B.R."		Gymnosperms	ALABAMA			bkeener@uwa.edu	bkeener@uwa.edu	key-9752-13-gymnosperms.tsv
9753	"2019-06-16 09:59:38"	"2021-11-02 23:50:20"	CYMODOCEACEAE	"Keener, B.R."		Cymodoceaceae	ALABAMA			bkeener@uwa.edu	bkeener@uwa.edu	key-9753-cymodoceaceae.tsv
9754	"2019-06-16 10:58:25"	"2021-12-01 07:27:07"	LINNAEACEAE	"Keener, B.R."		Linnaeaceae	ALABAMA			bkeener@uwa.edu	bkeener@uwa.edu	key-9754-linnaeaceae.tsv
9755	"2019-06-17 09:05:05"	"2021-11-01 23:13:34"	SAXIFRACEAE	"Keener, B.R."		Saxifragaceae	ALABAMA			bkeener@uwa.edu	bkeener@uwa.edu	key-9755-saxifraceae.tsv
9756	"2019-06-17 10:47:11"	"2021-11-02 23:44:17"	PHRYMACEAE	"Keener, B.R."		Phrymaceae	ALABAMA			bkeener@uwa.edu	bkeener@uwa.edu	key-9756-phrymaceae.tsv
9757	"2019-06-17 11:15:18"	"2021-12-01 07:22:51"	Mimulus	"Keener, B.R."		Mimulus	ALABAMA			bkeener@uwa.edu	bkeener@uwa.edu	key-9757-mimulus.tsv
9758	"2019-06-18 23:04:34"	"2021-11-02 23:48:24"	ANNONACEAE	"Diamond, Alvin"	"A key to the Annonaceae of Alabama."	Annonaceae	Alabama			adiamond@troy.edu	bkeener@uwa.edu	key-9758-annonaceae.tsv
9773	"2019-07-14 07:27:49"	"2021-11-01 23:14:12"	PASSIFLORACEAE	"Keener, B.R."		Passifloraceae	ALABAMA			bkeener@uwa.edu	bkeener@uwa.edu	key-9773-passifloraceae.tsv
9774	"2019-07-14 07:40:15"	"2021-11-20 17:09:35"	Passiflora	"Keener, B.R."		Passiflora	ALABAMA			bkeener@uwa.edu	niels.klazenga@rbg.vic.gov.au	key-9774-passiflora.tsv
9775	"2019-07-14 07:56:41"	"2021-11-01 23:15:02"	LENTIBULARIACEAE	"Keener, B.R."		Lentibulariaceae	ALABAMA		3912	bkeener@uwa.edu	bkeener@uwa.edu	key-9775-lentibulariaceae.tsv
9776	"2019-07-14 08:20:51"	"2021-11-21 03:43:07"	Pinguicula	"Keener, B.R."		Pinguicula	ALABAMA			bkeener@uwa.edu	bkeener@uwa.edu	key-9776-pinguicula.tsv
9777	"2019-07-15 00:07:20"	"2021-11-01 23:08:44"	APOCYNACEAE	"Keener, B.R."		Apocynaceae	ALABAMA			bkeener@uwa.edu	bkeener@uwa.edu	key-9777-apocynaceae.tsv
9778	"2019-07-15 04:03:53"	"2021-11-02 23:46:46"	OLEACEAE	"Keener, B.R."		Oleaceae	ALABAMA			bkeener@uwa.edu	bkeener@uwa.edu	key-9778-oleaceae.tsv
9790	"2019-07-21 01:45:49"	"2021-11-02 23:41:17"	PARNASSIACEAE	"Keener, B.R."		Parnassiaceae	ALABAMA			bkeener@uwa.edu	bkeener@uwa.edu	key-9790-parnassiaceae.tsv
9791	"2019-07-21 10:50:08"	"2021-11-01 23:12:01"	CELASTRACEAE	"Keener, B.R."		Celastraceae	ALABAMA			bkeener@uwa.edu	bkeener@uwa.edu	key-9791-celastraceae.tsv
9797	"2019-07-29 00:38:58"	"2021-11-02 23:46:57"	VIOLACEAE	"Keener, B.R."		Violaceae	ALABAMA			bkeener@uwa.edu	bkeener@uwa.edu	key-9797-violaceae.tsv
9798	"2019-07-29 01:12:25"	"2021-11-02 23:41:31"	SALICACEAE	"Keener, B.R."		Salicaceae	ALABAMA			bkeener@uwa.edu	bkeener@uwa.edu	key-9798-salicaceae.tsv
9821	"2019-08-12 01:19:42"	"2021-11-02 23:44:42"	ULMACEAE	"Keener, B.R."		Ulmaceae	ALABAMA			bkeener@uwa.edu	bkeener@uwa.edu	key-9821-ulmaceae.tsv
9828	"2019-08-14 03:42:36"	"2021-11-01 23:16:13"	URTICACEAE	"Keener, B.R."		Urticaceae	ALABAMA			bkeener@uwa.edu	bkeener@uwa.edu	key-9828-urticaceae.tsv
9861	"2019-08-26 02:15:54"	"2021-11-02 23:45:37"	ZYGOPHYLLACEAE	"Keener, B.R."		Zygophyllaceae	ALABAMA			bkeener@uwa.edu	bkeener@uwa.edu	key-9861-zygophyllaceae.tsv
9862	"2019-08-26 02:43:18"	"2021-11-06 18:35:52"	CAMPANULACEAE	"Keener, B.R."		Campanulaceae	ALABAMA			bkeener@uwa.edu	niels.klazenga@rbg.vic.gov.au	key-9862-campanulaceae.tsv
9863	"2019-08-28 10:09:46"	"2021-11-02 23:46:23"	NYCTAGINACEAE	"Keener, B.R."		Nyctaginaceae	ALABAMA	"NOTE:  The corolla is absent in the Nyctaginaceae and the calyx is colored like a corolla.  In Mirabilis, flowers are subtended by a foliaceous bract that appears calyx-like."		bkeener@uwa.edu	bkeener@uwa.edu	key-9863-nyctaginaceae.tsv
9870	"2019-09-02 00:50:53"	"2021-11-01 23:16:01"	PHYLLANTHACEAE	"Keener, B.R."		Phyllanthaceae	ALABAMA			bkeener@uwa.edu	bkeener@uwa.edu	key-9870-phyllanthaceae.tsv
9871	"2019-09-02 01:06:16"	"2021-11-02 23:45:09"	POLYGALACEAE	"Keener, B.R."		Polygalaceae	ALABAMA			bkeener@uwa.edu	bkeener@uwa.edu	key-9871-polygalaceae.tsv
12330	"2021-10-18 06:25:18"	"2021-10-18 06:44:42"	FABACEAE	"B.R. Keener"		Fabaceae	Alabama			bkeener@uwa.edu	bkeener@uwa.edu	key-12330-fabaceae.tsv
12331	"2021-10-18 06:27:15"	"2021-10-18 06:31:31"	"Fabaceae Key A: Woody Plants"	"B.R. Keener"		"Fabaceae Key A"	Alabama			bkeener@uwa.edu	bkeener@uwa.edu	key-12331-fabaceae-key-a-woody-plants.tsv
12332	"2021-10-18 06:30:02"	"2021-11-17 13:22:40"	"Fabaceae Key B: Herbaceous with Tendrils"	"B.R. Keener"		"Fabaceae Key B"	Alabama			bkeener@uwa.edu	niels.klazenga@rbg.vic.gov.au	key-12332-fabaceae-key-b-herbaceous-with-tendrils.tsv
12333	"2021-10-18 06:34:33"	"2021-10-18 06:37:25"	"Fabaceae Key C: Herbaceous, Simple Leaves"	"B.R. Keener"		"Fabaceae Key C"	Alabama			bkeener@uwa.edu	bkeener@uwa.edu	key-12333-fabaceae-key-c-herbaceous-simple-leaves.tsv
12334	"2021-10-18 06:36:50"	"2021-10-17 19:36:51"	"Fabaceae Key D: Herbaceous, Palmately and Bipinnately Compound"	"B.R. Keener"		"Fabaceae Key D"	Alabama			bkeener@uwa.edu	niels.klazenga@rbg.vic.gov.au	key-12334-fabaceae-key-d-herbaceous-palmately-and-bipinnately-compound.tsv
12335	"2021-10-18 06:39:29"	"2021-10-17 19:39:30"	"Fabaceae Key E: Herbaceous, Once Pinnately Compound Leaves"			"Fabaceae Key E"	Alabama			bkeener@uwa.edu	niels.klazenga@rbg.vic.gov.au	key-12335-fabaceae-key-e-herbaceous-once-pinnately-compound-leaves.tsv
12336	"2021-10-18 06:41:53"	"2021-11-17 13:25:02"	"Fabaceae Key F: Herbaceous, Trifoliate Leaves"	"B.R. Keener"		"Fabaceae Key F"	Alabama			bkeener@uwa.edu	niels.klazenga@rbg.vic.gov.au	key-12336-fabaceae-key-f-herbaceous-trifoliate-leaves.tsv
12350	"2021-11-01 02:04:54"	"2021-11-01 11:48:02"	ORCHIDACEAE	"B.R. Keener"		Orchidaceae	Alabama			bkeener@uwa.edu	niels.klazenga@rbg.vic.gov.au	key-12350-orchidaceae.tsv
12354	"2021-11-07 03:56:54"	"2022-01-08 16:29:24"	EUPHORBIACEAE	"Keener, B.R."		Euphorbiaceae	Alabama			bkeener@uwa.edu	niels.klazenga@rbg.vic.gov.au	key-12354-euphorbiaceae.tsv
12355	"2021-11-07 07:36:33"	"2021-11-06 20:36:35"	Juniperus	"B.R. Keener"		Juniperus	Alabama			bkeener@uwa.edu	niels.klazenga@rbg.vic.gov.au	key-12355-juniperus.tsv
12356	"2021-11-07 07:44:33"	"2021-11-06 20:44:34"	Taxodium	"B.R. Keener"		Taxodium	Alabama			bkeener@uwa.edu	niels.klazenga@rbg.vic.gov.au	key-12356-taxodium.tsv
12360	"2021-11-14 00:08:08"	"2021-11-13 13:09:47"	ROSACEAE	"B.R. Keener"		Rosaceae	Alabama			bkeener@uwa.edu	niels.klazenga@rbg.vic.gov.au	key-12360-rosaceae.tsv
12362	"2021-11-16 03:59:22"	"2021-11-15 16:59:23"	LYCOPODIACEAE	"B.R. Keener"		Lycopodiaceae	Alabama			bkeener@uwa.edu	niels.klazenga@rbg.vic.gov.au	key-12362-lycopodiaceae.tsv
12363	"2021-11-17 00:48:27"	"2021-11-17 12:14:56"	"1.4 FLOWERING PLANTS"	"B.R. Keener"		"Flowering Plants"	Alabama			bkeener@uwa.edu	bkeener@uwa.edu	key-12363-14-flowering-plants.tsv
12369	"2021-11-17 23:38:21"	"2021-11-17 12:38:21"	VIBURNACEAE	"B.R. Keener"		Viburnaceae	Alabama			bkeener@uwa.edu	niels.klazenga@rbg.vic.gov.au	key-12369-viburnaceae.tsv
12370	"2021-11-18 00:02:56"	"2021-11-18 01:42:21"	SAPINDACEAE	"Keener, B.R."		Sapindaceae	Alabama			bkeener@uwa.edu	niels.klazenga@rbg.vic.gov.au	key-12370-sapindaceae.tsv
12371	"2021-11-18 00:11:23"	"2021-11-17 13:11:24"	Isotrema	"B.R. Keener"		Isotrema	Alabama			bkeener@uwa.edu	niels.klazenga@rbg.vic.gov.au	key-12371-isotrema.tsv
12372	"2021-11-18 12:39:45"	"2021-11-18 01:42:50"	Koelreuteria	"Keener, B.R."		Koelreuteria	Alabama			bkeener@uwa.edu	niels.klazenga@rbg.vic.gov.au	key-12372-koelreuteria.tsv
12373	"2021-11-18 12:53:23"	"2021-11-18 01:53:25"	Asarum	"Keener, B.R."		Asarum	Alabama			bkeener@uwa.edu	niels.klazenga@rbg.vic.gov.au	key-12373-asarum.tsv
12374	"2021-11-18 13:03:15"	"2021-11-18 02:03:17"	Hexastylis	"Keener, B.R."		Hexastylis	Alabama			bkeener@uwa.edu	niels.klazenga@rbg.vic.gov.au	key-12374-hexastylis.tsv
12375	"2021-11-18 13:30:03"	"2021-11-18 02:30:05"	DRYOPTERIDACEAE	"Keener, B.R."		Dryopteridaceae	Alabama			bkeener@uwa.edu	niels.klazenga@rbg.vic.gov.au	key-12375-dryopteridaceae.tsv
12379	"2021-11-21 01:41:21"	"2021-11-20 14:41:21"	AIZOACEAE	"Keener, B.R."		Aizoaceae	Alabama			bkeener@uwa.edu	niels.klazenga@rbg.vic.gov.au	key-12379-aizoaceae.tsv
12380	"2021-11-21 01:49:20"	"2021-11-20 14:49:21"	Sesuvium	"Keener, B.R."		Sesuvium	Alabama			bkeener@uwa.edu	niels.klazenga@rbg.vic.gov.au	key-12380-sesuvium.tsv
12381	"2021-11-21 03:04:19"	"2021-11-20 16:06:45"	CRASSULACEAE	"Keener, B.R."		Crassulaceae	Alabama			bkeener@uwa.edu	niels.klazenga@rbg.vic.gov.au	key-12381-crassulaceae.tsv
12382	"2021-11-21 03:14:42"	"2021-11-20 16:14:43"	SCHISANDRACEAE	"Keener, B.R."		Schisandraceae	Alabama			bkeener@uwa.edu	niels.klazenga@rbg.vic.gov.au	key-12382-schisandraceae.tsv
12383	"2021-11-21 03:40:38"	"2021-11-20 16:40:39"	SANTALACEAE	"Keener, B.R."		Santalaceae	Alabama			bkeener@uwa.edu	niels.klazenga@rbg.vic.gov.au	key-12383-santalaceae.tsv
12384	"2021-11-21 03:56:19"	"2021-11-21 03:58:01"	TYPHACEAE	"Keener, B.R."		Typhaceae	Alabama			bkeener@uwa.edu	bkeener@uwa.edu	key-12384-typhaceae.tsv
12385	"2021-11-22 00:51:40"	"2021-11-21 13:51:41"	ATHYRIACEAE	"Keener, B.R."		Athyriaceae	Alabama			bkeener@uwa.edu	niels.klazenga@rbg.vic.gov.au	key-12385-athyriaceae.tsv
12386	"2021-11-23 05:56:25"	"2021-11-22 18:58:35"	DENNSTAEDTIACEAE	"Keener, B.R."		Dennstaedtiaceae	Alabama			bkeener@uwa.edu	niels.klazenga@rbg.vic.gov.au	key-12386-dennstaedtiaceae.tsv
12387	"2021-11-23 06:30:30"	"2021-11-22 19:31:02"	POLYPODIACEAE	"Keener, B.R."		Polypodiaceae	Alabama			bkeener@uwa.edu	niels.klazenga@rbg.vic.gov.au	key-12387-polypodiaceae.tsv
12388	"2021-11-23 11:01:19"	"2021-11-23 00:01:20"	PTERIDACEAE	"Keener, B.R."		Pteridaceae	Alabama			bkeener@uwa.edu	niels.klazenga@rbg.vic.gov.au	key-12388-pteridaceae.tsv
12389	"2021-11-24 11:26:53"	"2021-11-24 00:26:54"	THELYPTERIDACEAE	"Keener, B.R."		Thelypteridaceae	Alabama			bkeener@uwa.edu	niels.klazenga@rbg.vic.gov.au	key-12389-thelypteridaceae.tsv
12390	"2021-11-25 06:05:26"	"2021-11-24 19:06:23"	SCROPHULARIACEAE	"Keener, B.R."		Scrophulariaceae	Alabama			bkeener@uwa.edu	niels.klazenga@rbg.vic.gov.au	key-12390-scrophulariaceae.tsv
12391	"2021-11-28 02:35:19"	"2021-11-27 15:37:47"	MELANTHIACEAE	"Keener, B.R."		Melanthiaceae	Alabama			bkeener@uwa.edu	niels.klazenga@rbg.vic.gov.au	key-12391-melanthiaceae.tsv
12392	"2021-11-28 02:38:18"	"2021-11-27 15:38:19"	Stenanthium	"Keener, B.R."		Stenanthium	Alabama			bkeener@uwa.edu	niels.klazenga@rbg.vic.gov.au	key-12392-stenanthium.tsv
12393	"2021-11-28 06:00:01"	"2021-11-27 19:00:02"	Trillium	"Keener, B.R."		Trillium	Alabama		5371	bkeener@uwa.edu	niels.klazenga@rbg.vic.gov.au	key-12393-trillium.tsv
12394	"2021-12-01 00:51:41"	"2021-11-30 13:51:42"	HAMAMELIDACEAE	"Keener, B.R."		Hamamelidaceae	Alabama			bkeener@uwa.edu	niels.klazenga@rbg.vic.gov.au	key-12394-hamamelidaceae.tsv
12395	"2021-12-04 00:03:30"	"2021-12-03 13:03:31"	FAGACEAE	"Keener, B.R."		Fagaceae	Alabama			bkeener@uwa.edu	niels.klazenga@rbg.vic.gov.au	key-12395-fagaceae.tsv
12420	"2021-12-11 04:22:56"	"2021-12-10 17:22:57"	POLYGONACEAE	"Keener, B.R."		Polygonaceae	Alabama			bkeener@uwa.edu	niels.klazenga@rbg.vic.gov.au	key-12420-polygonaceae.tsv
12421	"2021-12-11 04:23:37"	"2021-12-10 17:23:38"	Eriogonum	"Keener, B.R."		Eriogonum	Alabama			bkeener@uwa.edu	niels.klazenga@rbg.vic.gov.au	key-12421-eriogonum.tsv
12423	"2021-12-12 03:42:37"	"2021-12-11 16:43:41"	PONTEDERIACEAE	"Keener, B.R."		Pontederiaceae	Alabama		5383	bkeener@uwa.edu	niels.klazenga@rbg.vic.gov.au	key-12423-pontederiaceae.tsv
12424	"2021-12-12 04:00:57"	"2021-12-12 14:47:00"	LINDERNIACEAE	"Keener, B.R."		Linderniaceae	Alabama			bkeener@uwa.edu	niels.klazenga@rbg.vic.gov.au	key-12424-linderniaceae.tsv
12446	"2021-12-31 03:18:31"	"2021-12-30 16:19:00"	ARACEAE	"Keener, B.R."		Araceae	Alabama			bkeener@uwa.edu	niels.klazenga@rbg.vic.gov.au	key-12446-araceae.tsv
12447	"2021-12-31 05:10:05"	"2021-12-30 18:10:06"	AGAVACEAE	"Keener, B.R."		Agavaceae	Alabama			bkeener@uwa.edu	niels.klazenga@rbg.vic.gov.au	key-12447-agavaceae.tsv
12448	"2021-12-31 05:50:35"	"2021-12-30 18:50:37"	COMMELINACEAE	"Keener, B.R."		Commelinaceae	Alabama			bkeener@uwa.edu	niels.klazenga@rbg.vic.gov.au	key-12448-commelinaceae.tsv
12449	"2022-01-02 01:46:59"	"2022-01-01 14:47:51"	POTAMOGETONACEAE	"Keener, B.R."		Potamogetonaceae	Alabama			bkeener@uwa.edu	niels.klazenga@rbg.vic.gov.au	key-12449-potamogetonaceae.tsv
12450	"2022-01-02 01:55:29"	"2022-01-01 14:55:30"	DROSERACEAE	"Keener, B.R."		Droseraceae	Alabama			bkeener@uwa.edu	niels.klazenga@rbg.vic.gov.au	key-12450-droseraceae.tsv
12451	"2022-01-02 06:03:06"	"2022-01-01 19:03:08"	SOLANACEAE	"Keener, B.R."		Solanaceae	Alabama			bkeener@uwa.edu	niels.klazenga@rbg.vic.gov.au	key-12451-solanaceae.tsv
12452	"2022-01-03 01:29:10"	"2022-01-02 14:29:11"	LAURACEAE	"Keener, B.R."		Lauraceae	Alabama			bkeener@uwa.edu	niels.klazenga@rbg.vic.gov.au	key-12452-lauraceae.tsv
12483	"2022-01-09 04:55:43"	"2022-01-08 17:55:45"	GENTIANCEAE	"Keener, B.R."		Gentianceae	Alabama			bkeener@uwa.edu	niels.klazenga@rbg.vic.gov.au	key-12483-gentianceae.tsv
12484	"2022-01-09 05:02:22"	"2022-01-08 18:03:11"	HALORAGACEAE	"Keener, B.R."		Haloragaceae	Alabama			bkeener@uwa.edu	niels.klazenga@rbg.vic.gov.au	key-12484-haloragaceae.tsv
12485	"2022-01-09 05:45:36"	"2022-01-08 18:45:37"	HYDROPHYLLACEAE	"Keener, B.R."		Hydrophyllaceae	Alabama			bkeener@uwa.edu	niels.klazenga@rbg.vic.gov.au	key-12485-hydrophyllaceae.tsv
12486	"2022-01-09 05:57:56"	"2022-01-09 06:00:55"	ERIOCAULACEAE	"Keener, B.R."		Eriocaulaceae	Alabama		5400	bkeener@uwa.edu	bkeener@uwa.edu	key-12486-eriocaulaceae.tsv
12487	"2022-01-09 11:03:23"	"2022-01-09 00:03:25"	CORNACEAE	"Keener, B.R."		Cornaceae	Alabama			bkeener@uwa.edu	niels.klazenga@rbg.vic.gov.au	key-12487-cornaceae.tsv
12488	"2022-01-12 00:56:16"	"2022-01-11 13:56:17"	THEACEAE	"Keener, B.R."		Theaceae	Alabama			bkeener@uwa.edu	niels.klazenga@rbg.vic.gov.au	key-12488-theaceae.tsv
12489	"2022-01-12 00:56:57"	"2022-01-11 13:56:58"	Stewartia	"Keener, B.R."		Stewartia	Alabama			bkeener@uwa.edu	niels.klazenga@rbg.vic.gov.au	key-12489-stewartia.tsv
12510	"2022-01-17 10:45:51"	"2022-01-16 23:45:53"	AMARANTHACEAE	"Keener, B.R."		Amaranthaceae	Alabama			bkeener@uwa.edu	niels.klazenga@rbg.vic.gov.au	key-12510-amaranthaceae.tsv
12554	"2022-01-24 02:59:42"	"2022-01-23 15:59:43"	CONVOLVULACEAE	"Keener, B.R."		Convolvulaceae	Alabama			bkeener@uwa.edu	niels.klazenga@rbg.vic.gov.au	key-12554-convolvulaceae.tsv
