id	author	year	title	collection_authors	collection_title	edition	series	volume	part	publisher	place_of_publication	pages	url
3856	"England, J.K."	2018	"NEW TO ALABAMA: GERANIUM PUSILLUM (GERANIACEAE) "					2018-41				1-4	
3878	"Allen G.A & K.R. Robertson"	2002	Erythronium	"Flora of North America Editorial Committee, eds.  1993+"	"Flora of North America North of Mexico. 20+  vols.,"			"Vol. 26"		"Oxford University Press"	"New York and Oxford"	153-164	
3879	"Wiersema, J.H."	1997	Cabombaceae	"Flora of North America Editorial Committee"	"Flora of North America nort of Mexico"			"Vol. 3"		"Oxford University Press"	"New York and Oxford"	78-80	
3881	"Freeman, C.C."	2016	Hydrangea	"Flora of North America Editorial Committee"	"Flora of North America north of Mexico 20+ vols."			"Vol 12"		"Oxford University Press"	"Oxford New York"	462-490	
3882	"Matthews, J.F."	2004	Portulaca	"Flora of North America Editorial Committee"	"Flora of North America north of Mexico vol. 20+: Magnoliophyta: Caryophyllidae, part 1"			"Vol. 4"		"Oxford University Press"	"New York and Oxford"	496-501	
3883	"Weakley, A.S."	2015	"Flora of the Southern and Mid-Atlantic States (working draft of 21 May 2015)"							"University of North Carolina Herbarium"	"Chapel Hill, NC"	1320	
3890	"Nesom, G.L."	2010	"Overview of Liriope and Ophiopogon (Ruscaceae) naturalized and commonly cultivated in the USA."					2010-56				1-31	
3891	"Stearn, K.R."	1993	Fumariaceae	"Flora of North America Editorial Committee"	"Flora of North America north of Mexico 20+ vols"			"Vol. 3"		"Oxford University Press"	"Oxford New York"	341-357	
3897	"Xinqi, C."	2000	Hemerocallis	"Wu, Z.Y. & P.H. Raven"	"Flora of China. Vol. 24 (Flagellariaceae through Marantaceae)"					"Science Press and Missouri Botanical Garden Press"	"Beijing and St. Louis"	161-165	
3898	"Skinner, M.W."	2002	Lilium	"Flora of North America Editorial Committee"	"Flora of North America Editorial Committee, Flora of North America north of Mexico 20+ vols"			" Vol. 26"		"Oxford University Press"	"Oxford and New York"	172-197	
3899	"Webb, D.A."	2015	Narcissus	"Tutin, T.G., V.H. Heywood, N.A. Burges, D.M. Moore, D.H. Valentine, S.M. Walters, and D.A. Webb."	"Flora Europaea. Volume 5. Alismataceae to Orchidaceae"	"7th Printing"				"Cambridge University Press"	"Cambridge, England"	78-84	
3912	"Godfrey, R.K. and J. Wooten"	1981	"Aquatic and Wetland Plants of Southeastern United States: Dicotyledons"							"The University of Georgia Press"	Athens	"933 Pp."	
5371	"Freeman, J.D."	1975	"Revision of the Trillium subgenus Phyllantherum (Liliaceae)"					27				1-62	
5383	"Horn, C.N."	2002	Pontederiaceae	"Flora of North America Editorial Committee"	"Flora of North America north of Mexico. Volume 26, Magnoliophyta: Liliidae: Liliales and Orchidales"			26		"Oxford Univ. Press"	"New York, NY"	723	
5400	"Kral, R."	1989	"The genera of the Eriocaulaceae in the southeastern United States."					70				131-142	
