id	name	url
34957	"Almutaster pauciflorus"	"http://intermountainbiota.org/portal/taxa/index.php?taxon=Almutaster pauciflorus"
2992	Aster	
72630	"Eucephalus elegans"	"http://intermountainbiota.org/portal/taxa/index.php?taxon=Eucephalus elegans"
28094	"Eucephalus engelmannii"	"http://intermountainbiota.org/portal/taxa/index.php?taxon=Eucephalus engelmannii"
25141	"Eurybia integrifolia"	"http://intermountainbiota.org/portal/taxa/index.php?taxon=Eurybia integrifolia"
72629	"Eurybia sibirica"	"http://intermountainbiota.org/portal/taxa/index.php?taxon=Eurybia sibirica"
59614	"Herrickia glauca"	"http://intermountainbiota.org/portal/taxa/index.php?taxon=Herrickia glauca"
59613	"Herrickia wasatchensis"	"http://intermountainbiota.org/portal/taxa/index.php?taxon=Herrickia wasatchensis"
34955	"Ionactis alpina"	"http://intermountainbiota.org/portal/taxa/index.php?taxon=Ionactis alpina"
6041	Navarretia	
60322	"Navarretia  aeroides"	
60323	"Navarretia  vividior"	
60317	"Navarretia divaricata"	"http://intermountainbiota.org/portal/taxa/index.php?taxon=Navarretia divaricata"
60321	"Navarretia modocensis"	"http://intermountainbiota.org/portal/taxa/index.php?taxon=Navarretia modocensis"
60318	"Navarretia torreyella"	"http://intermountainbiota.org/portal/taxa/index.php?taxon=Navarretia torreyella"
59608	"Oreostemma alpigenum"	"http://intermountainbiota.org/portal/taxa/index.php?taxon=Oreostemma alpigenum"
28748	"Symphyotrichum ascendens"	"http://intermountainbiota.org/portal/taxa/index.php?taxon=Symphyotrichum ascendens"
59621	"Symphyotrichum boreale"	"http://intermountainbiota.org/portal/taxa/index.php?taxon=Symphyotrichum boreale"
25142	"Symphyotrichum campestre"	"http://intermountainbiota.org/portal/taxa/index.php?taxon=Symphyotrichum campestre"
59607	"Symphyotrichum ciliatum"	"http://intermountainbiota.org/portal/taxa/index.php?taxon=Symphyotrichum ciliatum"
59622	"Symphyotrichum eatonii"	"http://intermountainbiota.org/portal/taxa/index.php?taxon=Symphyotrichum eatonii"
72632	"Symphyotrichum ericoides var. pansum"	"http://intermountainbiota.org/portal/taxa/index.php?taxon=Symphyotrichum ericoides var. pansum"
72631	"Symphyotrichum falcatum"	"http://intermountainbiota.org/portal/taxa/index.php?taxon=Symphyotrichum falcatum"
59623	"Symphyotrichum foliaceum"	"http://intermountainbiota.org/portal/taxa/index.php?taxon=Symphyotrichum foliaceum"
28744	"Symphyotrichum frondosum"	"http://intermountainbiota.org/portal/taxa/index.php?taxon=Symphyotrichum frondosum"
59619	"Symphyotrichum laeve"	"http://intermountainbiota.org/portal/taxa/index.php?taxon=Symphyotrichum laeve"
28751	"Symphyotrichum lanceolatum var. hesperium"	"http://intermountainbiota.org/portal/taxa/index.php?taxon=Symphyotrichum lanceolatum var. hesperium"
59624	"Symphyotrichum spathulatum"	"http://intermountainbiota.org/portal/taxa/index.php?taxon=Symphyotrichum spathulatum"
59620	"Symphyotrichum welshii"	"http://intermountainbiota.org/portal/taxa/index.php?taxon=Symphyotrichum welshii"
