from	statement	to
1	"Plants annual; rays short, inconspicuous, barely surpassing the disk flowers; pistillate flowers rayless, more numerous than the disk flowers"	2
1	"Plants perennial; rays well developed, far surpassing the disk flowers; pistillate flowers fewer than the disk flowers"	3
2	"Rays about 2 mm long, distinctly surpassing the stule and barely surpassing the pappus; involucral bracts obtuse to somewhat acute"	"Symphyotrichum frondosum"
2	"Rays essentially lacking; corolla of the pistillage flowers shorter than the style; involucral bracts clearly acute"	"Symphyotrichum ciliatum"
3	"Heads usually solitary; stems arising from a sout, often erect, caudex that is sometimes on top of a tap root"	4
3	"Heads usually several or many, solitary in small plants that a short to elongate rhizome and not an erect caudex"	5
4	"Leaves mostly basal; basal leaves 2-25 cm long, longer than the cauline leaves; pappus bristles all alike or almost so"	"Oreostemma alpigenum"
4	"Leaves all cauline and alike, 5-15 mm long and 1-3 mm wide; pappus bristles with an outer series of very short bristles in addition to the longer, principal bristles"	"Ionactis alpina"
5	"Tube of the disk corollas equaling or a little longer than the limb (including the lobes); boreal species, known only from the Uinta Mountains in Nevada and Utah"	"Eurybia sibirica"
5	"Tube of the disk corollas evidently shorter than the limb (including the lobes)"	6
6	"Involucres and peduncles obviously glandular when observed at 10x"	7
6	"Involucre and peduncles scarcely or not at all glandular as seen at 10x"	10
7	"Leaves narrow, most less than 1 cm wide"	8
7	"Leaves wider, at least the larger leaves usually more than 1 cm wide"	9
8	"Peduncles and branches of the inflorescence evidently leaf-bracteate, not notably elongate; plants rarely over 40 cm tall; leaves usually less than 5 cm long; plants of well-drained soil or dry meadows"	"Symphyotrichum campestre"
8	"Peduncles and branches of the inflorescence slender and elongate, sparsely subulate-bracteate; plants mostly over 40 cm tall when well-developed; usually some of the leaves at least (4.5) 5 cm long; plants of wet, alkaline habitats"	"Almutaster pauciflorus"
9	"Leaves basally concentrated, the lower or basal leaves evidently petiolate and larger than those above"	"Eurybia integrifolia"
9	"Leaves all cauline, well distributed alont the stem, sessile, the lower no larger than the others"	"Herrickia wasatchensis"
10	"Involucral bracts scarcely herbaceous, tending to be keeled; leaves all cauline, the lower leaves evidently reduced"	11
10	"Involucral bracts wholly herbaceous or with herbaceous green tips"	13
11	"Outer involucral bracts obtuse or broadly acutish; leaves somewhat glaucous"	"Herrickia glauca"
11	"Outer involucral bracts narrowly acute; leaves not glaucous"	12
12	"Leaves large, at least the larger leaves mostly 15-35 (40) mm wide; rays white to pinkish; plants robust, mostly 50-150 cm tall"	"Eucephalus engelmannii"
12	"Leaves smaller, mostly 3-10 (15) mm wide; rays deep violet; plants 30-60 (90) cm tall"	"Eucephalus elegans"
13	"At least the outer involucral bracts with loose or squarrose, spinulose-mucronate tips; leaves seldom more than 5 mm wide"	14
13	"Involucral bracts not with spinulose-mucronate tips (sometimes obscurely so in Symphyotrichum ascendens); leaves often more than 5 mm wide"	15
14	"Plants with more or less well-developed creeping rhizomes; heads with involucre 4.5-7 (8) mm tall and disk 5-10 mm in diameter"	"Symphyotrichum falcatum"
14	"Plants with stems clustered on a very short rhizome or caudex; involucres 3-5 mm tall, disk smaller"	"Symphyotrichum ericoides var. pansum"
15	"Invoucre strongly graduated, at least the outer brachs obtuse, markedly shorter than the inner, and not foliaceous"	"Symphyotrichum ascendens"
15	"Involucre not strongly graduated or, if so, the larger bracts markedly acute; involucral bracts acute or, if obtuse, enlarged and foliaceous"	16
16	"Leaves and stems more or less glaucous, glabrous or with some lines of short hairs in the inflorescence; achenes essentially glabrous; rhizomes usually short; middle and upper leaves more or less clasping"	"Symphyotrichum laeve"
16	"leaves and stems not glaucous, variously glabrous to subglabrous; achenes more or less pubescent except occasionally in Symphyotrichum foliaceum; leaves clasping or not"	17
17	"Rhizomes of the season very shallow and slender, eac h producing a distal tuft of small green leaves in late summer or fall, leaves otherwise all cauline, up to 1 cm wide and slightly clapsing; plants of hanging gardens, wet leges, and seeps in the Utah Plateaus, particularly in and around Zion National Park and in Summit County, Utah"	"Symphyotrichum welshii"
17	"Rhizomes either coarser or more deeply seated, or both; leaves and inflorescence various; widespread species not found in hanging gardens"	18
18	"Plants very slender, the numerous leaves essentially all cauline, mostly 2-5(9) mm wide; rhizomes rarely over 2 mm thick and deep-seated; plants of cold bogs, approaching the Intermountain Region at Henry's Lake in Fremont County, Idaho"	"Symphyotrichum boreale"
18	"Plants coarser or differing in other respects"	19
19	"Pubescence of stem and branchlets in lines decurrent from the leaf bases , commonly neither uniform under the heads nor confined to the inflorescence; inflorescence usually large and leafy"	"Symphyotrichum lanceolatum var. hesperium"
19	"Stem pubescence uniform or, if in lines, then either uniform under the heads of very scanty and confined to the inflorescence; inflorescences various"	20
20	"Inflorescence long, narrow, leafy, paniculiform, usually with numerous heads; pubescence of the stem mostly uniform and short; leaf length usually more than 7x the width; rays white or pink"	"Symphyotrichum eatonii"
20	"Inflorescences with few heads or, if with many, the shorter, more open, and relatively broader, often with much reduced leaves; leaves and pubescence various; rays usually blue or violet"	21
21	"Leaves and involucral bracts relatively large; middle cauline leaves mostly over 1 cm wide, their length usually less than 7x their width (narrower in some reduced alpine plants); some of the outer involucral bracts often more or less enlarged and leafy but sometimes all of them narrower and linear"	"Symphyotrichum foliaceum"
21	"Leaves and involucral bracts relatively small and narrow, the middle cauline leaves mostly less than 1 cm wide and their length more than 7x their width; involucral bracts small and linear or linear-oblong, never enlarged and leafy"	"Symphyotrichum spathulatum"
