from	statement	to
1	"Corollas 3.5 - 5 mm, lobes white or the tips tinged pink to lavender when fresh, drying pink (generally much darker than throat and tube), tube and lower throat yellowish when fresh, similar when dried (sometimes streaked with red); stigmas minute with 2 of 3 lobes fused almost to tips, fruit with 1 (of 3) valves half as wide and lacking a septum"	"Navarretia divaricata"
1	"Corollas 4 - 8 mm (occasionaly longer), commonly with blue, lavender, pink, or whitish lobes and similar or darker maroon throat when fresh, drying with lobes and throat blue to purplish, or whitish lobes with reddish-streaked or dark maroon throat; stigmas equally 3-lobed; fruit equally 3-valved, each bearing a septum"	2
2	"Corollas bicolored when fresh with white or less commonly pink lobes abruptly transitioning to a dark maroon throat, drying in similar manner; distal half (or more) of inflorescence bract lobes and calyx costae glabrous or nearly so"	"Navarretia torreyella"
2	"Corollas variously concolored to bi- or tri-colored when fresh with transition between lobes and throat gradual, bluish, bluish- or pinkish-lavender, or less commonly white, drying in like manner or with darker and/or reddish-streaked throat; distal half of inflorescence bract lobes and calyx costae generally glandular"	3
3	"Largest inflorescence heads exclusive of bract lobes up to 10 mm diameter (up to 15 mm with bract lobes), conspicuously glandular proximally and distally (some villous trichomes present proximally); branches filiform (more or less 0.3 mm diameter), trichomes mostly shorter than 0.5 mm, sometimes wanting; corollas 4 - 6 mm, blue (generally with blue pollen) or whitish (with white pollen)"	"Navarretia  aeroides"
3	"Largest inflorescence heads exclusive of bract lobes mostly at least 12 mm diameter (at least 18 mm with bract lobes), more or less villous proximally, glandular distally; branches more robust (more or less 0.5 mm), trichomes commonly > 1 mm; corollas 5 - 8 mm (occasionally longer), bluish-lavender or pinkish-lavender, pollen blue or white"	4
4	"Corolla generally 5 - 7 mm, bluish or bluish-lavender when fresh distally with whitish to yellowish tube, pollen blue; inflorescence heads often more glandular than villous; plants mainly west of the Central Valley in the North Coast and Klamath Ranges (uncommon in Butte County)"	"Navarretia  vividior"
4	"Corolla generally 6 - 8occasionally longer mm, pinkish-lavender when fresh distally with yellowish tube, pollen white (uncommonly blue); inflorescence heads often more villous than glandular; plants mainly east of the Central Valley in the Modoc Plateau and Cascade Ranges, disjunct in San Benito County"	"Navarretia modocensis"
