id	name	url
767	Dicranoloma	
60343	"Dicranoloma austroscoparium"	
60341	"Dicranoloma billarderii"	
5	"Dicranoloma braunii"	
68438	"Dicranoloma chilense"	
9	"Dicranoloma daymannianum"	
60336	"Dicranoloma diaphanoneuron"	
6	"Dicranoloma dicarpum"	
60340	"Dicranoloma eucamptodontoides"	
60344	"Dicranoloma fasciatum"	
68439	"Dicranoloma imponens"	
60339	"Dicranoloma leichhardtii"	
60337	"Dicranoloma menziesii"	
68440	"Dicranoloma obesifolium"	
60335	"Dicranoloma platycaulon"	
68441	"Dicranoloma plurisetum"	
60342	"Dicranoloma robustum"	
60338	"Holomitrium trichopodum"	
68437	"Leucoloma robustum var. lagunicola"	
