from	statement	to
1	"Stem central strand absent"	"Dicranoloma braunii"
1	"Stem central strand present"	2
2	"Leaves transversely undulate along the cost at least when dry; upper lamina at least partly with a very irregular cell pattern"	"Dicranoloma platycaulon"
2	"Leaves smooth or plicate; cell pattern in upper lamina not highly irregular"	3
3	"Upper lamina cells not pitted, isodiametric to oblong, always shorter than 50 µm, mostly much shorter"	4
3	"Upper lamina cells pitted, elongate to linear, most cells, at least the longest ones, longer than 50 µm; if shorter, then pitted"	8
4	"Leaf tips setaceous, the upper half of the leaf almost entirely consisting of the costa; lamina in upper half of the leaf consisting of a single to a few cell rows"	5
4	"Leaves with a well-developed lamina throughout, the costanot comprising more than half of the leaf width in the upper part of the leaf"	7
5	"Costa relatively weak, in cross-section with 5–8 guide cells and 1–2 layers of stereids at either side, epidermis not differentiated; leaf tips curled and twisted when dry"	"Dicranoloma diaphanoneuron"
5	"Costa wide, in cross-section with 9–15 guide cells and 2–4 layers of stereids at either side, at least abaxial epidermis differentiated; leaf tips mostly not much altered when dry"	6
6	"Margin in upper part of leaf serrulate; costa with differentiated adaxial epidermis; leaves > 0.9 mm wide; setae less than 10 mm long, the capsules exserted up to only c. 5 mm from the plants, tips of stem leaves often reaching the capsules; capsule cylindrical, curved"	"Dicranoloma menziesii"
6	"Margin in upper part of leaf entire to creanulate, serrulate only at apex; adaxial epidermisof costa not differentiated; leaves < 0.8 mm wide; setae more than 25 mm long, the capsules exserted far from the plant; capsule narrowly ovoid, straight"	"Holomitrium trichopodum"
7	"Margin serrate in upper half or more; limbidium narrow to absent, consisting, when present, of five or less cell rows"	"Dicranoloma dicarpum"
7	"Margin serrate in upper fifth or less; limbidium mostly very well-developed, consisting of six or more, mostly many more, cell rows"	"Dicranoloma leichhardtii"
8	"Leaf margin entire throughout or with a few minor teeth at extreme leaf apex only"	9
8	"Leaf margin serrulate to serrate in upper part"	10
9	"Leaf apex acuminate, flat to V-shaped, not hooded; walls of alar cells collecnhymatous; costa subpercurrent to percurrent"	"Dicranoloma eucamptodontoides"
9	"Leaf apex obtuse, hooded; alar cell walls firm, but not collenchymatous; costa ceasing well short of leaf apex to percurrent"	"Dicranoloma obesifolium"
10	"Abaxial side of costa with scattered teeth or prorate cell ends in upper part; plants lustrous when fresh; sporogones solitary (sporogones of D. daymannianum unknown)"	11
10	"Abaxial side of costa with rows of teeth in upper part; plants dull when fresh; sporogones mostly aggregated"	13
11	"Stem densely tomentose; rhizoidal gemmae often present"	"Dicranoloma daymannianum"
11	"Stem loosely to not tomentose; gemmae absent"	12
12	"Costa with 2 (–3) guide cells; leaves 4.7–8.8 × 0.9–1.7 mm; leaf apices generally twisted when dry; innermost perichaetial leaf with an obtuse to acute, or emarginate apex, or with a short cusp"	"Dicranoloma billarderii"
12	"Costa with (2–) 4–8 guide cells; leaves 6.4–24.0 × 0.7–2.1 mm; leaf apices not or scarcely twisted; innermost perichaetial leaf with a hair-like acumen"	"Dicranoloma robustum"
13	"Leaf margin serrate in upper half or more; juxtacostal cells at c. 1/3 of leaf length mostly clearly differentiated and shorter than the intramarginal cells; leaves distinctly plicate"	"Dicranoloma dicarpum"
13	"Leaf margin serrulate in upper quarter or less; juxtacostal cells not differentiated; leaves smooth or sometimes very slightly plicate"	14
14	"Leaves erecto-patent to patent; limbidium consisting of 15 or more cell rows; northern Queensland species"	"Dicranoloma austroscoparium"
14	"Leaves falcate-secund; limbidium consisting of 14 rows or less; New Zealand and south-east Australian species"	15
15	"Leaves longer than 8.0 mm; inner perichaetial leavesabruptly aristate, not reaching beyond halfway along the seta"	"Dicranoloma plurisetum"
15	"Leaves shorter than 6.0 mm; inner perichaetial leaves gradually long acuminate, reaching the base of the capsules"	"Dicranoloma fasciatum"
