from	statement	to
1	"Costa with 2 (–3) rows of guide cells; leaves less than 8 mm in length"	"Dicranoloma billarderii"
1	"Costa with (3–) 4–8 rows of guide cells; leaves greater than 8 mm in length"	2
2	"Leaves dull; texture soft (all submerged forms, where the texture and gloss are hard to see, should key out here; there is a difference in cell pattern as well, which I find hard to put my finger on)"	3
2	"Leaves glossy; texture firm/papery"	4
3	"Leaves straight, erect to erecto-patent"	"Leucoloma robustum var. lagunicola"
3	"Leaves falcate to circinate (submerged forms may be more variably curved); leaf tips flexuose when dry"	"Dicranoloma chilense"
4	"Leaf apices stiff, cucullate; leaves straight, erecto-patent to patent"	"Dicranoloma imponens"
4	"Leaves long-acuminate, erecto-patent to homomallously curved"	"Dicranoloma robustum"
