id	name	url
93566	Acuston	
93550	Alysseae	
93557	Alyssoides	
4761	Alyssum	
49041	Andropogoneae	https://openherbarium.org/taxa/index.php?taxon=Andropogoneae
94263	Anonychium	
63429	Arundinelleae	https://openherbarium.org/taxa/index.php?taxon=Arundinelleae
19583	Aspleniaceae	http://openherbarium.org/taxa/index.php?taxon=Aspleniaceae
94328	Aspleniineae	
19584	Athyriaceae	http://openherbarium.org/taxa/index.php?taxon=Athyriaceae
49281	Aurinia	
27001	Berteroa	
19582	Blechnaceae	http://openherbarium.org/taxa/index.php?taxon=Blechnaceae
72476	Blitum	https://openherbarium.org/taxa/index.php?taxon=Blitum
93551	Bornmuellera	
60292	Brachyelytrum	
60294	"Brachyelytrum aristosum"	"https://openherbarium.org/taxa/index.php?taxon=Brachyelytrum aristosum"
60293	"Brachyelytrum erectum"	"https://openherbarium.org/taxa/index.php?taxon=Brachyelytrum erectum"
72267	"Brachylelytrum japonicum"	"https://openherbarium.org/taxa/index.php?taxon=Brachylelytrum japonicum"
93556	Brachypus	
19149	Brugmansia	https://openherbarium.org/taxa/index.php?taxon=Brugmansia
49056	Centotheceae	https://openherbarium.org/taxa/index.php?taxon=Centotheceae
25601	Ceropegia	
50802	"Ceropegia ampliata"	"https://openherbarium.org/taxa/index.php?taxon=Ceropegia ampliata"
72918	"Ceropegia engleri"	"https://openherbarium.org/taxa/index.php?taxon=Ceropegia engleri"
72915	"Ceropegia juncea"	"https://openherbarium.org/taxa/index.php?taxon=Ceropegia juncea"
72878	"Ceropegia sect. Amphorina"	"https://openherbarium.org/taxa/index.php?taxon=Ceropegia Sect. Amphorina"
72900	"Ceropegia sect. Anomalluma"	"https://openherbarium.org/taxa/index.php?taxon=Ceropegia Sect. Anomalluma"
72905	"Ceropegia sect. Apteranthes"	"https://openherbarium.org/taxa/index.php?taxon=Ceropegia Sect. Apteranthes"
72901	"Ceropegia sect. Australluma"	"https://openherbarium.org/taxa/index.php?taxon=Ceropegia Sect. Australluma"
72899	"Ceropegia sect. Baynesia"	"https://openherbarium.org/taxa/index.php?taxon=Ceropegia Sect. Baynesia"
72906	"Ceropegia sect. Boucerosia"	"https://openherbarium.org/taxa/index.php?taxon=Ceropegia Sect. Boucerosia"
72877	"Ceropegia sect. Bowkerianae"	"https://openherbarium.org/taxa/index.php?taxon=Ceropegia Sect. Bowkerianae"
72870	"Ceropegia sect. Callopegia"	"https://openherbarium.org/taxa/index.php?taxon=Ceropegia Sect. Callopegia"
72880	"Ceropegia sect. Carnosae"	"https://openherbarium.org/taxa/index.php?taxon=Ceropegia Sect. Carnosae"
72897	"Ceropegia sect. Caudanthera"	"https://openherbarium.org/taxa/index.php?taxon=Ceropegia Sect. Caudanthera"
72854	"Ceropegia sect. Ceropegia"	"https://openherbarium.org/taxa/index.php?taxon=Ceropegia Sect. Ceropegia"
72857	"Ceropegia sect. Ceropegiella"	"https://openherbarium.org/taxa/index.php?taxon=Ceropegia sect. Ceropegiella"
72858	"Ceropegia sect. Chamaesiphon"	"https://openherbarium.org/taxa/index.php?taxon=Ceropegia Sect. Chamaesiphon"
72862	"Ceropegia sect. Chionopegia"	"https://openherbarium.org/taxa/index.php?taxon=Ceropegia Sect. Chionopegia"
72868	"Ceropegia sect. Ciliatilobae"	"https://openherbarium.org/taxa/index.php?taxon=Ceropegia Sect. Ciliatilobae"
72879	"Ceropegia sect. Convolvuloides"	"https://openherbarium.org/taxa/index.php?taxon=Ceropegia Sect. Convolvuloides"
72863	"Ceropegia sect. Coreosma"	"https://openherbarium.org/taxa/index.php?taxon=Ceropegia Sect. Coreosma"
72871	"Ceropegia sect. Curviflorae"	"https://openherbarium.org/taxa/index.php?taxon=Ceropegia Sect. Curviflorae"
76230	"Ceropegia sect. Desmidorchis"	"https://openherbarium.org/taxa/index.php?taxon=Ceropegia sect. Desmidorchis"
72855	"Ceropegia sect. Dimorphae"	"https://openherbarium.org/taxa/index.php?taxon=Ceropegia Sect. Dimorphae"
72884	"Ceropegia sect. Duvalia"	"https://openherbarium.org/taxa/index.php?taxon=Ceropegia Sect. Duvalia"
72770	"Ceropegia sect. Echidnopsis"	"https://openherbarium.org/taxa/index.php?taxon=Ceropegia sect. Echidnopsis"
72903	"Ceropegia sect. Edithcolea"	"https://openherbarium.org/taxa/index.php?taxon=Ceropegia Sect. Edithcolea"
72852	"Ceropegia sect. Esculentae"	"https://openherbarium.org/taxa/index.php?taxon=Ceropegia Sect. Esculentae"
72902	"Ceropegia sect. Frerea"	"https://openherbarium.org/taxa/index.php?taxon=Ceropegia Sect. Frerea"
72881	"Ceropegia sect. Frondosae"	"https://openherbarium.org/taxa/index.php?taxon=Ceropegia Sect. Frondosae"
72889	"Ceropegia sect. Hoodia"	"https://openherbarium.org/taxa/index.php?taxon=Ceropegia Sect. Hoodia"
72885	"Ceropegia sect. Huernia"	"https://openherbarium.org/taxa/index.php?taxon=Ceropegia Sect. Huernia"
72853	"Ceropegia sect. Indopegia"	"https://openherbarium.org/taxa/index.php?taxon=Ceropegia Sect. Indopegia"
72861	"Ceropegia sect. Janthina"	"https://openherbarium.org/taxa/index.php?taxon=Ceropegia sect. Janthina"
72859	"Ceropegia sect. Laguncula"	"https://openherbarium.org/taxa/index.php?taxon=Ceropegia Sect. Laguncula"
72848	"Ceropegia sect. Lalacruma"	"https://openherbarium.org/taxa/index.php?taxon=Ceropegia sect. Lalacruma"
72890	"Ceropegia sect. Larryleachia"	"https://openherbarium.org/taxa/index.php?taxon=Ceropegia Sect. Larryleachia"
72886	"Ceropegia sect. Lavrania"	"https://openherbarium.org/taxa/index.php?taxon=Ceropegia Sect. Lavrania"
72882	"Ceropegia sect. Leptophyllae"	"https://openherbarium.org/taxa/index.php?taxon=Ceropegia Sect. Leptophyllae"
72867	"Ceropegia sect. Loligo"	"https://openherbarium.org/taxa/index.php?taxon=Ceropegia Sect. Loligo"
72914	"Ceropegia sect. Minimae"	"https://openherbarium.org/taxa/index.php?taxon=Ceropegia Sect. Minimae"
72908	"Ceropegia sect. Neotromotriche"	"https://openherbarium.org/taxa/index.php?taxon=Ceropegia Sect. Neotromotriche"
72912	"Ceropegia sect. Ophionella"	"https://openherbarium.org/taxa/index.php?taxon=Ceropegia Sect. Ophionella"
72910	"Ceropegia sect. Orbea"	"https://openherbarium.org/taxa/index.php?taxon=Ceropegia Sect. Orbea"
72891	"Ceropegia sect. Pectinaria"	"https://openherbarium.org/taxa/index.php?taxon=Ceropegia Sect. Pectinaria"
72860	"Ceropegia sect. Phalaena"	"https://openherbarium.org/taxa/index.php?taxon=Ceropegia Sect. Phalaena"
72894	"Ceropegia sect. Piaranthus"	"https://openherbarium.org/taxa/index.php?taxon=Ceropegia Sect. Piaranthus"
72896	"Ceropegia sect. Priogonium"	"https://openherbarium.org/taxa/index.php?taxon=Ceropegia Sect. Priogonium"
72872	"Ceropegia sect. Prominentifoliae"	"https://openherbarium.org/taxa/index.php?taxon=Ceropegia Sect. Prominentifoliae"
72856	"Ceropegia sect. Pseudoceropegiella"	"https://openherbarium.org/taxa/index.php?taxon=Ceropegia Sect. Pseudoceropegiella"
72869	"Ceropegia sect. Psilopegia"	"https://openherbarium.org/taxa/index.php?taxon=Ceropegia Sect. Psilopegia"
72907	"Ceropegia sect. Quaqua"	"https://openherbarium.org/taxa/index.php?taxon=Ceropegia Sect. Quaqua"
72865	"Ceropegia sect. Radicantiores"	"https://openherbarium.org/taxa/index.php?taxon=Ceropegia Sect. Radicantiores"
72898	"Ceropegia sect. Rhytidocaulon"	"https://openherbarium.org/taxa/index.php?taxon=Ceropegia Sect. Rhytidocaulon"
72904	"Ceropegia sect. Sarcocodon"	"https://openherbarium.org/taxa/index.php?taxon=Ceropegia Sect. Sarcocodon"
72864	"Ceropegia sect. Sarcodactylus"	"https://openherbarium.org/taxa/index.php?taxon=Ceropegia Sect. Sarcodactylus"
72873	"Ceropegia sect. Speciosae"	"https://openherbarium.org/taxa/index.php?taxon=Ceropegia Sect. Speciosae"
72892	"Ceropegia sect. Stapelia"	"https://openherbarium.org/taxa/index.php?taxon=Ceropegia Sect. Stapelia"
72888	"Ceropegia sect. Stapelianthus"	"https://openherbarium.org/taxa/index.php?taxon=Ceropegia Sect. Stapelianthus"
72911	"Ceropegia sect. Stapeliopsis"	"https://openherbarium.org/taxa/index.php?taxon=Ceropegia Sect. Stapeliopsis"
72875	"Ceropegia sect. Stenatae"	"https://openherbarium.org/taxa/index.php?taxon=Ceropegia Sect. Stenatae"
72895	"Ceropegia sect. Suqutres"	"https://openherbarium.org/taxa/index.php?taxon=Ceropegia Sect. Suqutres"
72887	"Ceropegia sect. Tavaresia"	"https://openherbarium.org/taxa/index.php?taxon=Ceropegia Sect. Tavaresia"
72851	"Ceropegia sect. Tiloris"	"https://openherbarium.org/taxa/index.php?taxon=Ceropegia Sect. Tiloris"
72913	"Ceropegia sect. Tridentea"	"https://openherbarium.org/taxa/index.php?taxon=Ceropegia Sect. Tridentea"
72893	"Ceropegia sect. Tromotriche"	"https://openherbarium.org/taxa/index.php?taxon=Ceropegia Sect. Tromotriche"
72876	"Ceropegia sect. Umbraticolae"	"https://openherbarium.org/taxa/index.php?taxon=Ceropegia Sect. Umbraticolae"
72919	"Ceropegia sect. White-sloanea"	"https://openherbarium.org/taxa/index.php?taxon=Ceropegia sect. White-Sloanea"
72773	"Ceropegia subsect. Echidnopsis"	"https://openherbarium.org/taxa/index.php?taxon=Ceropegia subsect. Echidnopsis"
72849	"Ceropegia subsect. Flaccidiflorae"	"https://openherbarium.org/taxa/index.php?taxon=Ceropegia subsect. Flaccidiflorae"
72772	"Ceropegia subsect. Glabrae"	"https://openherbarium.org/taxa/index.php?taxon=Ceropegia subsect. Glabrae"
72850	"Ceropegia subsect. Indianae"	"https://openherbarium.org/taxa/index.php?taxon=Ceropegia subsect. Indianae"
72774	"Ceropegia subsect. Montanae"	"https://openherbarium.org/taxa/index.php?taxon=Ceropegia subsect. Montanae"
72771	"Ceropegia subsect. Pseudopectinaria"	"https://openherbarium.org/taxa/index.php?taxon=Ceropegia subsect. Pseudopectinaria"
72775	"Ceropegia subsect. Vadosicoronae"	"https://openherbarium.org/taxa/index.php?taxon=Ceropegia subsect. Vadosicoronae"
77022	Chasmanthieae	https://openherbarium.org/taxa/index.php?taxon=Chasmanthieae
62821	Chenopodiastrum	https://openherbarium.org/taxa/index.php?taxon=Chenopodiastrum
4950	Chenopodium	https://openherbarium.org/taxa/index.php?taxon=Chenopodium
72477	"Chenopodium s.l."	
93554	Clastopus	
67081	Clypeola	
93561	Cuprella	
77021	Cyperochloeae	https://openherbarium.org/taxa/index.php?taxon=Cyperochloeae
62155	Cystopteridaceae	http://openherbarium.org/taxa/index.php?taxon=Cystopteridaceae
5074	Datura	https://openherbarium.org/taxa/index.php?taxon=Datura
74985	"Datura arenicola"	"https://openherbarium.org/taxa/index.php?taxon=Datura arenicola"
71122	"Datura ceratocaula"	"https://openherbarium.org/taxa/index.php?taxon=Datura ceratocaula"
33113	"Datura discolor"	"https://openherbarium.org/taxa/index.php?taxon=Datura discolor"
11210	"Datura ferox"	"https://openherbarium.org/taxa/index.php?taxon=Datura ferox"
74980	"Datura ferox subsp. ferox"	"https://openherbarium.org/taxa/index.php?taxon=Datura ferox subsp. ferox"
74981	"Datura ferox subsp. quercifolia"	"https://openherbarium.org/taxa/B138index.php?taxon=Datura quercifolia"
62762	"Datura innoxia"	"https://openherbarium.org/taxa/index.php?taxon=Datura innoxia"
74984	"Datura kymatocarpa"	"https://openherbarium.org/taxa/index.php?taxon=Datura kymatocarpa"
74983	"Datura lanosa"	"https://openherbarium.org/taxa/index.php?taxon=Datura lanosa"
11211	"Datura leichhardtii"	"https://openherbarium.org/taxa/index.php?taxon=Datura leichhardtii"
62050	"Datura leichhardtii subsp. leichhardtii"	"https://openherbarium.org/taxa/index.php?taxon=Datura leichhardtii subsp. leichhardtii"
71131	"Datura leichhardtii subsp. pruinosa"	"https://openherbarium.org/taxa/index.php?taxon=Datura leichhardtii subsp. pruinosa"
11212	"Datura metel"	"https://openherbarium.org/taxa/index.php?taxon=Datura metel"
71128	"Datura metel f. atropurpurea"	"https://openherbarium.org/taxa/index.php?taxon=Datura metel f. atropurpurea"
71129	"Datura metel f. fastuosa"	"https://openherbarium.org/taxa/index.php?taxon=Datura metel f. fastuosa"
71130	"Datura metel f. malabrica"	"https://openherbarium.org/taxa/index.php?taxon=Datura metel f. malabrica"
71127	"Datura metel f. obscura"	"https://openherbarium.org/taxa/index.php?taxon=Datura metel f. obscura"
71125	"Datura metel f. rubra"	"https://openherbarium.org/taxa/index.php?taxon=Datura metel f. rubra"
71126	"Datura metel f. sanguinea"	"https://openherbarium.org/taxa/index.php?taxon=Datura metel f. sanguinea"
71123	"Datura metel var. metel"	"https://openherbarium.org/taxa/index.php?taxon=Datura metel var. metel"
71124	"Datura metel var. muricata"	"https://openherbarium.org/taxa/index.php?taxon=Datura metel var. muricata"
71138	"Datura quercifolia"	"https://openherbarium.org/taxa/index.php?taxon=Datura quercifolia"
74982	"Datura reburra"	"https://openherbarium.org/taxa/index.php?taxon=Datura reburra"
11209	"Datura stramonium"	"https://openherbarium.org/taxa/index.php?taxon=Datura stramonium"
71137	"Datura stramonium f. bernhardii"	"https://openherbarium.org/taxa/index.php?taxon=Datura stramonium f. bernhardii"
71134	"Datura stramonium f. labilis"	"https://openherbarium.org/taxa/index.php?taxon=Datura stramonium f. labilis"
71133	"Datura stramonium f. stramonium"	"https://openherbarium.org/taxa/index.php?taxon=Datura stramonium f. stramonium"
71136	"Datura stramonium f. tatula"	"https://openherbarium.org/taxa/index.php?taxon=Datura stramonium f. tatula"
71135	"Datura stramonium var. godronii"	"https://openherbarium.org/taxa/index.php?taxon=Datura stramonium var. godronii"
71132	"Datura stramonium var. inermis"	"https://openherbarium.org/taxa/index.php?taxon=Datura stramonium var. inermis"
11214	"Datura wrightii"	"https://openherbarium.org/taxa/index.php?taxon=Datura wrightii"
72589	Datureae	
93558	Degenia	
3146	Dinebra	https://openherbarium.org/taxa/index.php?taxon=Dinebra
46196	"Dinebra decipiens"	
13865	"Dinebra decipiens subsp. asthenes"	"https://openherbarium.org/taxa/index.php?taxon=Dinebra decipiens subsp. asthenes"
13864	"Dinebra decipiens subsp. decipiens"	"https://openherbarium.org/taxa/index.php?taxon=Dinebra decipiens subsp. decipiens"
13863	"Dinebra decipiens subsp. peacockii"	"https://openherbarium.org/taxa/index.php?taxon=Dinebra decipiens subsp. peacockii"
13855	"Dinebra retroflexa"	
71922	"Dinebra retroflexa var. contracta"	"https://openherbarium.org/taxa/index.php?taxon=Dinebra retroflexa var. contracta"
71921	"Dinebra retroflexa var. retroflexa"	"https://openherbarium.org/taxa/index.php?taxon=Dinebra retroflexa var. retroflexa"
12387	Diplachne	https://openherbarium.org/taxa/index.php?taxon=Diplachne
71984	"Diplachne fusca subsp. fascicularis"	"https://openherbarium.org/taxa/index.php?taxon=Diplachne fusca subsp. fascicularis"
13868	"Diplachne fusca subsp. fusca"	"https://openherbarium.org/taxa/index.php?taxon=Diplachne fusca subsp. fusca"
13866	"Diplachne fusca subsp. muelleri"	"https://openherbarium.org/taxa/index.php?taxon=Diplachne fusca subsp. muelleri"
13867	"Diplachne fusca subsp. uninervia"	"https://openherbarium.org/taxa/index.php?taxon=Diplachne fusca subsp. uninervia"
71983	"Diplachne gigantea"	"https://openherbarium.org/taxa/index.php?taxon=Diplachne gigantea"
65283	Diplaziopsidaceae	http://openherbarium.org/taxa/index.php?taxon=Diplaziopsidaceae
12386	Disakisperma	https://openherbarium.org/taxa/index.php?taxon=Disakisperma
71969	"Disakisperma dubium"	"https://openherbarium.org/taxa/index.php?taxon=Disakisperma dubium"
71967	"Disakisperma eleusine"	"https://openherbarium.org/taxa/index.php?taxon=Disakisperma eleusine"
71970	"Disakisperma obtusiflorum"	"https://openherbarium.org/taxa/index.php?taxon=Disakisperma obtusiflorum"
71971	"Disakisperma yemenicum"	"https://openherbarium.org/taxa/index.php?taxon=Disakisperma yemenicum"
4948	Dysphania	https://openherbarium.org/taxa/index.php?taxon=Dysphania
93569	Fibigia	
93555	Galitzkya	
49064	Gynerieae	https://openherbarium.org/taxa/index.php?taxon=Gynerieae
93595	Habrochloa	http://openherbarium.org/taxa/index.php?taxon=Habrochloa
94318	Hemidictyaceae	http://openherbarium.org/taxa/index.php?taxon=Hemidictyaceae
93559	Hormathophylla	
77025	Hubbardieae	https://openherbarium.org/taxa/index.php?taxon=Hubbardieae
59116	Indopiptadenia	
93567	Irania	
93552	Lepidotrichum	
3148	Leptochloa	https://openherbarium.org/taxa/index.php?taxon=Leptochloa
60101	"Leptochloa chloridiformis"	"https://openherbarium.org/taxa/index.php?taxon=Leptochloa chloridiformis"
72254	"Leptochloa crinita"	"https://openherbarium.org/taxa/index.php?taxon=Leptochloa crinita"
41631	"Leptochloa digitata"	"https://openherbarium.org/taxa/index.php?taxon=Leptochloa digitata"
72253	"Leptochloa pluriflora"	"https://openherbarium.org/taxa/index.php?taxon=Leptochloa pluriflora"
60102	"Leptochloa virgata"	"https://openherbarium.org/taxa/index.php?taxon=Leptochloa virgata"
72269	"Leptochloa, Dinebra, Diplache, Disakisperma, Trichloris"	
72475	Lipandra	https://openherbarium.org/taxa/index.php?taxon=Lipandra
3134	Lolium	
74368	"Lolium canariense"	"https://openherbarium.org/taxa/index.php?taxon=Lolium canariense"
14210	"Lolium multiflorum"	"https://openherbarium.org/taxa/index.php?taxon=Lolium multiflorum"
14211	"Lolium perenne"	"https://openherbarium.org/taxa/index.php?taxon=Lolium perenne"
59459	"Lolium persicum"	"https://openherbarium.org/taxa/index.php?taxon=Lolium persicum"
74366	"Lolium remotum"	"https://openherbarium.org/taxa/index.php?taxon=Lolium remotum"
14215	"Lolium rigidum"	"https://openherbarium.org/taxa/index.php?taxon=Lolium rigidum"
74369	"Lolium rigidum var. rigidum"	"https://openherbarium.org/taxa/index.php?taxon=Lolium rigidum var. rigidum"
74370	"Lolium rigidum var. rottbollioides"	"https://openherbarium.org/taxa/index.php?taxon=Lolium rigidum var. rottbollioides"
74367	"Lolium subulatum"	"https://openherbarium.org/taxa/index.php?taxon=Lolium subulatum"
20970	"Lolium temulentum"	"https://openherbarium.org/taxa/index.php?taxon=Lolium temulentum"
93564	Lutzia	
93562	Meniocus	
94266	Neltuma	
93596	Nematopoa	http://openherbarium.org/taxa/index.php?taxon=Nematopoa
60064	Neyraudia	http://openherbarium.org/taxa/index.php?taxon=Neyraudia
93553	Odontarrhena	
65279	Onocleaceae	http://openherbarium.org/taxa/index.php?taxon=Onocleaceae
62822	Oxybasis	https://openherbarium.org/taxa/index.php?taxon=Oxybasis
49040	Paniceae	https://openherbarium.org/taxa/index.php?taxon=Paniceae
77015	Panicoideae	
93565	Phyllolepidum	
93568	Physoptchis	
891	Prosopis	
93570	Pterygostemon	
93560	Resetnikia	
94317	Rhachidosporaceae	http://openherbarium.org/taxa/index.php?taxon=Rhachidosporaceae
77023	Steyermarkochloeae	https://openherbarium.org/taxa/index.php?taxon=Steyermarkochloeae
94265	Strombocarpa	
93563	Takhtajaniella	
72474	Teloxys	https://openherbarium.org/taxa/index.php?taxon=Teloxys
19578	Thelypteridaceae	http://openherbarium.org/taxa/index.php?taxon=Thelypteridaceae
49057	Thysanolaeneae	https://openherbarium.org/taxa/index.php?taxon=Thysanolaeneae
71842	Trigonochloa	https://openherbarium.org/taxa/index.php?taxon=Trigonochloa
71843	"Trigonochloa rupestris"	"https://openherbarium.org/taxa/index.php?taxon=Trigonochloa rupestris"
71844	"Trigonochloa uniflora"	"https://openherbarium.org/taxa/index.php?taxon=Trigonochloa uniflora"
93594	Triraphideae	
3145	Triraphis	http://openherbarium.org/taxa/index.php?taxon=Triraphis
77026	Tristachyideae	https://openherbarium.org/taxa/index.php?taxon=Tristachyideae
72590	Trompettia	https://openherbarium.org/taxa/index.php?taxon=Trompettia
72591	"Trompettia cardenasiana"	"https://openherbarium.org/taxa/index.php?taxon=Trompettia cardenasiana"
93789	Wajira	
93790	"Wajira albescens"	"http://openherbarium.org/taxa/index.php?taxon=Wajira albescens"
93792	"Wajira danissana"	"http://openherbarium.org/taxa/index.php?taxon=Wajira danissana"
93793	"Wajira grahamiana"	"http://openherbarium.org/taxa/index.php?taxon=Wajira grahamiana"
93794	"Wajira praecox"	"http://openherbarium.org/taxa/index.php?taxon=Wajira praecox"
93791	"Wajira virescens"	"http://openherbarium.org/taxa/index.php?taxon=Wajira virescens"
26428	Woodsiaceae	http://openherbarium.org/taxa/index.php?taxon=Woodsiaceae
94264	Xerocladia	
77024	Zeugiteae	https://openherbarium.org/taxa/index.php?taxon=Zeugiteae
