from	statement	to
1	"Keel beaks spirally incurved through almost 2 turns; pods pubescent"	"Wajira albescens"
1	"Keel beaks incurved through a full cirlcel or nearly so; pods glabrous"	2
2	"Stems herbaceous or older stems slightly woody; upper part of styles latereally flattened and pubescent along the inner edge; hila 1-1.5 mm long"	"Wajira grahamiana"
2	"Older stems distinctly woody; upper part of styles dorsiventrally flattened and pubescent on the inner face; hila about 0.8 mm long"	3
3	"Keel beaks incurved through a full circle; some style hairs branched"	"Wajira virescens"
3	"Keel beaks incurved almost a full circle; all style hairs unbranched"	4
4	"Inflorescences pedunculate, 15-28 cm long (including peduncle); pods 4-5 mm wide"	"Wajira danissana"
4	"Inflorescences sessile or shortly pedunculate, up to 5 cm  long (including peduncle) ; pods 5.5-6.5 mm wide"	"Wajira praecox"
