from	statement	to
1	"Inflorescence axes about as long as or longer than the longest branches"	"Leptochloa virgata"
1	"Inflorescence axes cmuch shorter than the longest branches"	2
2	"Lemmas 3-awned"	3
2	"Lemmas muticous, emarginate, or aristulate"	4
3	"Leaf blades 25-50 cm long; upper glumes 2.2-3.2 mm long; lemmas 2.8-3.8 mm long"	"Leptochloa chloridiformis"
3	"Leaf blades 13-22 cm long; upper glumes 1.5-1.8 mm long; lemmas 1-2 mm long"	"Leptochloa digitata"
4	"Lower glumes 2-3 mm long; upper glumes 3-5 mm long"	"Leptochloa pluriflora"
4	"Lower glumes 0.8-1.1 mm long; upper glumes 2-2.5 mm long"	"Leptochloa crinita"
