from	statement	to
1	"Lobes of corolla becoming distinctly narrow towards bases and somewhat vibratile around small, flat platform surrounding corona"	"Ceropegia subsect. Flaccidiflorae"
1	"Lobes of corolla usually widening towards bases , never becoming narrower, not vibratile"	2
2	"Inner (staminal) coronal lobes much longer than anthers and usually arising up in column in centre (occasionally widely diverging beyond them, see C. lamellosa)"	"Ceropegia subsect. Flaccidiflorae"
2	"Inner (staminal) coronal lobes shorter than anthers or if exceeding anthers then pressed onto them and not rising in column in centre"	3
3	"Outer (interstaminal) lobes of corona bifid nearly to base into fine pairs of diverging lobules"	"Ceropegia subsect. Indianae"
3	"Outer (interstaminal) lobes of corona not bifid nearly to base"	"Ceropegia subsect. Flaccidiflorae"
