from	statement	to
1	"Plants usually erect, to 300 cm tall, sometimes rhizomatous; culms not hollow, the internodes with abundant stellate aerenchyma; lemmas glabrous or with short hairs near the base of the veins; lower sheaths initially pubescent, becoming glabrous with age; panicle branches 12–18 cm long, somewhat lax, probably divergent to reflexed when fresh (not confirmed in field)"	"Diplachne gigantea"
1	"Plants erect or geniculate, to 170 cm tall, sometimes rooting at the lower nodes; culms hollow; lemmas more or less hairy on the nerves; sheaths glabrous; panicle branches 3–25 cm long, relatively stiff, usually erect to ascending, much less frequently divergent to reflexed (Diplachne fusca)"	2
2	"Lowermost branches  panicle usually exserted from sheaths; uppermost leaf blades usually shorter than panicles; leaf sheaths rarely mottled with anthocyanin pigments; lemmas at maturity smoky white or not, sometimes dark green, usually lacking a distinct dark spot"	3
2	"Lowermost panicle branches usually wholly or partially enclosed by the upper sheaths; uppermost leaf blades usually longer than the panicles; leaf sheaths sometimes mottled with anthocyanin pigments; lemmas often smoky white at maturity and with a dark spot in lower half"	4
3	"Lemma tips obtuse to truncate, usually notched and often mucronate; lemmas often dark green or lead coloured; spikelets 5–10 mm long, anthers usually shorter  than 0.7 mm; rachilla rarely visible during anthesis"	"Diplachne fusca subsp. uninervia"
3	"Lemma tips varying from obtuse to acute or acuminate, notched or not; lemmas of various colours; spikelets 6–14 mm; anthers usually 0.5–2.7 mm"	"Diplachne fusca subsp. fusca"
4	"Lemmas flat, to 2.0 mm wide; panicles narrow usually less than 5 cm wide; panicle branches usually steeply erect, often flexuous near tips; hairs on lateral veins of lemma sericeous to velutinous, often densely so, usually becoming divaricate with age; lemma apices usually broadly acute, awnless or sometimes mucronate"	"Diplachne fusca subsp. muelleri"
4	"Lemmas slightly keeled, usually less than 1.5 mm wide; panicles usually wider, to 22 cm wide, widest at the base; panicle branches somewhat erect to reflexed, not flexuous near the tips; hairs on lateral veins, rarely densely so, usually remaining more or less appressed; lemma apices acute to acuminate, awnless or with awns to 3.5 mm long"	"Diplachne fusca subsp. fascicularis"
