from	statement	to
1	"Corollas clearly papillate outside, 18-22 mm wide, apple-shaped, the lobes inflexed into the tube"	"Ceropegia subsect. Pseudopectinaria"
1	"Corollas usually smooth outside, rarely finely papillate, not more than 10 mm wide, rotate to urceolate with lobes spreading beyond the mouth of the tube"	2
2	"Stem tubercles on rugulose, not papillate"	"Ceropegia subsect. Glabrae"
2	"Stem tubercles smooth or finely papillate, not rugulose"	3
3	"Stem tubercles laterally flattened and joined vertically into rows along the stems with grooves between the rows; outer corona usually reduced to small spreading lobes between the much broader dorsal part of the lobes of the inner corona ,  occasionally outer corona absent"	"Ceropegia subsect. Echidnopsis"
3	"Stem tubercles conical to hemispherical, arranged but not joined in vertical rows along the stems; outer corona a low to fairly deep cupular structure than contains the rest of the gynostegium"	4
4	"Plants strongly rhizomatous, sometimes spreading as much as 15 cm below ground; corolla lobes usually at least 3 times longer the tubes"	"Ceropegia subsect. Montanae"
4	"Platns rarely rhizomatous, rarely spreading more than 2 cm below ground; corolla lobes less than 3 times the length of the tubes"	"Ceropegia subsect. Vadosicoronae"
