from	statement	to
1	"Basal leaf sheaths tight; leaf blades 1.7-8 cm long; spikelets touching to well separated; caryopses trigonous, not compressed"	"Dinebra decipiens subsp. asthenes"
1	"Basal leaf sheaths loose; leaf blades 5-21 cm long; spikelets overlapping to touching; caryopses trigonous or oblate, dorsally compressed"	2
2	"Basal leaf sheaths usually glabrous; leaf blades glabrous or pilos; submarginal hairs of basal lemmas usually appressed or partically obscured by upper florets"	"Dinebra decipiens subsp. decipiens"
2	"Basal keas sheaths pilose to hirsute; lead blades hirsute; submarginal hairs of basal lemmas spreading, conspicuous"	"Dinebra decipiens subsp. peacockii"
