from	statement	to
1	"Sori elongate, usually on one side of the vein, rarely paired back-to-back on a single vein, never curving over to the other side of the vein and forming a U- or J-shape; petioles with two vascular bundles, these united distally to form an X-shape as seen in cross-section, vascular bundles with xylem in the shape of a “C” as seen in cross-section; rhizome scales clathrate, rarely with darkened indurate lumens; sporangial stalks one cell wide in the middle"	Aspleniaceae
1	"Sori elongate or round, on top of the vein, on one side, paired back-to-back, or on one side of the vein and curving over to other side and forming a U- or J-shape; petioles with more than two vascular bundles, or if two, then these distally united to form a U- or V-shape as seen in cross-section, largest vascular bundles with hippocampiform-shaped xylem; rhizome scales non-clathrate (except Rhachidosoraceae, some Cystopteridaceae); sporangial stalks more than one cell wide in the middle, usually three cells wide"	2
2	"Petiole with more than two vascular bundles (two in some Woodwardia); sori elongate, parallel to the costa, on a subcostular commissural vein connecting lateral veins, indusiate, with the opening facing the costa, or sori acrostichoid (Stenochlaena); leaves reddish when young, not reddish at maturity"	Blechnaceae
2	"Petiole with two vascular bundles (rarely more in Athyriaceae and Thelypteridaceae); sori on, along, or at the apex of a lateral vein, round or elongate, never acrostichoid, if elongate then usually at an angle to the costa, when parallel to the costa, the indusium opening to face the segment margin (away from the costa) or exindusiate; leaves green in all stages, or if reddish when young, then reddish at maturity as well (except some Thelypteridaceae and Onoclea sensibilis, which are reddish only when young)"	3
3	"Fertile leaves strongly dimorphic with sori protected by contracted and inrolled segment margins; spores chlorophyllous"	Onocleaceae
3	"Fertile leaves holomorphic or partially dimorphic (some Thelypteridaceae), the segments weakly contracted and not inrolled; spores not chlorophyllous"	4
4	"Leaves pubescent (rarely lacking hairs), the hairs acicular, forked, stellate, or hamate; rhizome scales often bearing similar hairs along the margin and surfaces; indusia, when present, reniform and attached laterally; pinna base usually with a prominent aerophore, the aerophore raised, orbicular, elongate, or vermiform; leaves sometimes mucilaginous when young"	Thelypteridaceae
4	"Leaves glabrous or pubescent, the hairs not acicular, simple, never forked or hamate; rhizome scales ciliate or denticulate, but not bearing hairs similar to the leaves; indusia, when present, attached basally or laterally, if laterally then elongate or a minute scale, not reniform; pinna base without a prominent aerophore; leaves never mucilaginous"	5
5	"Indusium attached basally, encircling the sorus, globose, or composed of multiple scale-like or filamentous segments"	Woodsiaceae
5	"Indusium attached laterally, or if attached basally then not encircling the indusium, and composed of a single scalelike segment, or exindusiate"	6
6	"Sori round, indusiate, and the receptacle slightly raised and hardened, or sori slightly elongate (not more than 2× longer than wide), exindusiate, the soral receptacle flat; veins reaching segment margin; indusium, when present, basal, a minute hood-like scale, arching over the sorus, frequently deciduous"	Cystopteridaceae
6	"Sori usually elongate, several times longer than wide, sometimes round (some Athyriaceae), indusiate, the soral receptacle flat; veins usually ending before segment margin; indusium lateral, vaulted or essentially flat, opening along the lateral margin, usually persistent"	7
7	"Rhizome scales clathrate; vein endings undifferentiated, neither expanded, raised nor forming hydathodes"	Rhachidosporaceae
7	"Rhizome scales non-clathrate; vein endings differentiated, either thickened, raised, or forming hydathodes"	8
8	"Veins forming a sub-marginal collecting vein; leaf margin with a broad membranaceous border; pinna bases subcordate, the basiscopic lobes overlapping the rachis"	Hemidictyaceae
8	"Veins free or anastomosing, but not forming a sub-marginal collecting vein; leaf margin scarious or undifferentiated, but not with a broad membranaceous border; pinna bases truncate, cuneate, or excavate, but not subcordate, and not overlapping the rachis"	9
9	"Sori usually along one side of the vein, rarely paired back-to-back; roots pale, fleshy; sori vaulted, the indusium often splitting apically prior to opening laterally; veins raised and cartilaginous on the adaxial side of the lamina"	Diplaziopsidaceae
9	"Sori usually along both sides of the vein, either paired back-to-back, or crossing over the vein and U- or J-shaped (on top of the vein in Cornopteris and some Athyrium); roots blackish, wiry; sori usually flat, sometimes vaulted, indusium never splitting apically prior to opening laterally; veins often expanded, but not raised or cartilaginous on the adaxial side of the lamina"	Athyriaceae
