from	statement	to
1	"Fruits nodding"	2
1	"Fruits upright (sect. Datura)"	15
2	"Fruits smooth, splitting irregularly at maturity (sect. Ceratocaulis)"	"Datura ceratocaula"
2	"Fruits with spines or conical projections (sect. Dutra)"	3
3	"Fruits splitting into 4, more or less similar, smooth-edged sections"	"Datura discolor"
3	"Fruits at maturity decaying irregularly, rarely falling intact"	4
4	"Fruits with conical projections (D. metel)"	5
4	"Fruits with mostly sharp, piercing spines"	12
5	"Flowers white"	6
5	"Flowers at least partly violet to red"	7
6	"Flowers simple"	"Datura metel var. metel"
6	"Flowers compound"	"Datura metel var. muricata"
7	"Flowers simple (var. rubra)"	8
7	"Flowers compound"	9
8	"Flowers purple or violet"	"Datura metel f. rubra"
8	"Flowers red"	"Datura metel f. sanguinea"
9	"Flowers uniformly violet or red (var. obscura)"	10
9	"Flowers tinged with violet or red on the outside, white on the inside (var. fastuosa)"	11
10	"Flowers violet"	"Datura metel f. obscura"
10	"Flowers red"	"Datura metel f. atropurpurea"
11	"Flowers violet on the outside"	"Datura metel f. fastuosa"
11	"Flowers red on the outside"	"Datura metel f. malabrica"
12	"Flowers relatively small, up to 7 cm long, generally slightly open (D. leichhardtii)"	13
12	"Flowers relatively large, more than 10 cm long"	14
13	"Plants usually taller than 0.5 m; leaves and shoots usually slightly hairy"	"Datura leichhardtii subsp. leichhardtii"
13	"Plants usually shorter than 0.5 m; leaves and shoots more densely hairy"	"Datura leichhardtii subsp. pruinosa"
14	"Interacuminal points very short, corolla lobes smoothly rounded; flowers mostly violet or pale violet in upper portion; seeds yellowish"	"Datura wrightii"
14	"Interacuminal points long, corolla lobes wavy/sinuate; seeds midbrown"	"Datura innoxia"
15	"Capsules covered with almost equally long spines or without spines (D. stramonium)"	16
15	"Capsules with well-developed spines, these longer in the upper portion"	21
16	"Plants green, flowers white"	17
16	"Plants reddish violet, flowers violet"	19
17	"Capsules without spines"	"Datura stramonium var. inermis"
17	"Capsules with spines, sometimes smooth and spiny on the same plant (Datura stramonium var. stramonium)"	18
18	"Capsules uniform on individual plants, all with spines"	"Datura stramonium f. stramonium"
18	"Capsules variable on individual plants, some with spines, some without spines"	"Datura stramonium f. labilis"
19	"Capsules smooth"	"Datura stramonium var. godronii"
19	"Capsules with spines (Datura stramonium var. tatula)"	20
20	"Anthocyanic color slightly developed"	"Datura stramonium f. tatula"
20	"Anthocyanic color strongly developed"	"Datura stramonium f. bernhardii"
21	"Upper spines almost as long as the capsules; leaves irregularly curved and serrated"	"Datura ferox"
21	"Upper spines about 1/3 as long as the capsules; leaves deeply lobed"	"Datura quercifolia"
