from	statement	to
1	"Plants aromatic, leaves and perianth with stalked glandular hairs and/or subsessile glands"	Dysphania
1	"Plants non-aromatic (but sometimes foetid), farinose [= with vesicular hairs] or glabrous"	2
2	"Inflorescences in dichasial or monochasial loose cymes; plants glabrous or glabrescent"	3
2	"Inflorescences spicately or paniculately arranged dense glomerules with few to many flowers; plants farinose at least when young or glabrous"	4
3	"Leaves linear to linear-oblong or linear-lanceolate; dichasia with sterile, often spinose ultimate branches"	Teloxys
3	"Leaves ovate to elliptic; dichasia without sterile ultimate branches"	Lipandra
4	"Stems unbranched or sparingly branched; basal leaves often forming a rosette; perianth often becoming succulent or hardened in fruit, sometimes reduced to one lobe; stigmas 2–4; seeds vertical"	Blitum
4	"Stem usually branched; basal leaves not in a rosette; perianth unchanged in fruit, not reduced; stigmas 2(–3), seeds vertical and/or horizontal"	5
5	"Flowers often dimorphic, in lateral flowers perianth segments 3(–5), seeds usually vertical, sometimes horizontal; stamens 1–3"	Oxybasis
5	"Flowers not dimorphic, perianth segments 5, seeds exclusively horizontal; stamens almost always"	6
6	"Young stems and leaves densely covered with vesicular globose trichomes becoming cup-shaped when dry and mostly persistent at maturity; perianth segments without prominent midvein visible inside; seeds smooth or striate and somewhat rugulose, sometimes pitted"	Chenopodium
6	"Young stems and leaves with vesicular trichomes becoming totally collapsed when dry, usually falling early, rarely present at maturity; perianth segments with prominent midvein visible inside; seeds distinctly pitted to sometimes rugulose or almost smooth"	Chenopodiastrum
