from	statement	to
1	"Plants either perennial with spikelets having 2-10 florets or annual (or biennial) with spikelets having 11-22 florets; glumes less than 15 mm long"	2
1	"Plants annual;spikelets with 2-11 florets; glumes of various lengths"	3
2	"Plants annual or biennials (perennial in hybrids with Lolium perenna); spikelets with 11-22 florets; glumes usually 0.25-0.5 times as long as the spikelets; rachises scabridulous; lemmas usually with awns up to 15 mm long (sometimes unawned in hybrids with Lilium perenne); leaf blades (2-)4-7(-8) mm wide; immature leaves rolled in young shoots"	"Lolium multiflorum"
2	"Plants perennial; spikelets with 2-10 florets; glumes 1/3rd as long as to equalling or slightly exceeding the spikelets, about 0.5-0.75 as ;ong; rachises glabrous or scabridulous on the angles; lemmas unawned (with awns 1-8 mm long in Hybrids with Lolium multiflorum) leaf blades (1)2-4(-6) mm wide; immature leaves folded in young shoots"	"Lolium perenne"
3	"Mature caryopses plump and thick, only 2-3 times longer than wide; lemma tips usually rounded or blun, if awned, awns attached 0.5-2 mm below the tips; plants usually weeds of grain crops or flax"	4
3	"Mature caryopses more than 3 times longer than wide; lemma tips various, if awned, awns attacheds 0.2-1.0 mm below the tips; habitat various"	5
4	"Lower florets in the spikelets 3.5-5.4 mm long, 1.5-1.8 mm wide; mature caryopsis usually 3.2-4.5 mm long, 1.2-1.8 mm wide; glumes 3-16 mm wide; spikes 2-23 cm long; leaf blades usually 1-6 mm wide, usually unawned (rarely with awns up to 10 mm long; rachises slender, 0,5-1.5 mm thick"	"Lolium remotum"
4	"Lower florets in the spikelets 5.2-8.5 mm long, 1.5-3 mm wide; mature caryopses usually 4.2-7 mm long, 1.6-3 mm wide; glumes 7-30 mm long; spikes 5-40 cm long; leaf blades usually 3-10 mm wide; spikes 5-40 cm long; leaf blades usually 3-10 mm wide; awns present or absent; rachises 0.5-3.5 mm thick"	"Lolium temulentum"
5	"Lemmas unawned or awns less than 3 mm long (rarely longer in Lilium rigidum from southwest Asia); rahises 0.5-3 mm thick"	6
5	"Lemmas with awns more than 3 mm long; rachises slender, 0.5-1.5 mm thick"	7
6	"Florets 3.2-8.5(-9.8) mm long, 0.9-2 mm wide; sikelets with 2-11 florets; rachilla segments 1-3.5 mm long; glumes obtuse to acure, 4-20 mm long, to 30 mm long in the Madeira islans"	"Lolium rigidum"
6	"Florets 6.3-12 mm long, 1-2.4 mm wide; spikelets with 2-4 florets; rachilla segments 2.2-6.3 mm long; glumes usually acute or acuminate, 14-25 mm long"	"Lolium subulatum"
7	"Lower florets in spikelets 3-10 ,, ong, 0.7-1.5 m wide (4-10 times longer than wide); paleas equal to lemmas in length or up to 0.5 mm longer; spikelets 1-4 mm wide; plants native to Canary. Cape Verde, and Madeira Islands"	"Lolium canariense"
7	"Lower florets in spikelets 8-12 mm long, 1.6-2.7 mm wide (5-6.5 times longer than wide; paleas often 0.5-1.8 mm longer than their lemmas or equal to them; spikelets 1.5-7.0 mm wide; restricted to southwest Asia and Middle East"	"Lolium persicum"
