from	statement	to
1	"Lemmas 3-awned, the lateral veins extending into awns"	Triraphis
1	"Lemmas 1-awned, the lateral veins never extending into awns"	2
2	"Culms (80–) 100–500 cm tall, generally 1–1.5 cm wide at base, often woody; plants perennial, reedlike; ligules cartilaginous at base, apically with a line of hairs; panicles 30–80 cm long, plumose"	Neyraudia
2	"Culms 10–80 cm tall, ? 3 mm wide at base, herbaceous; plants annual not reedlike; ligules membranous with a fringe of hairs, not cartilaginous at base; panicles 2–30 cm long, not plumose"	3
3	"Spikelets 2–2.5 mm long; lemmas 1–1.3 mm long, 3-veined, awned, the awns 4–6 mm long; upper glumes 2 × as long as adjacent lemma"	Habrochloa
3	"Spikelets 6–10 mm long; lemmas 3.5–4.3 mm long, 1-veined, awned, the awns 8–13 mm long; upper glumes 0.5–0.6 × as long as adjacent lemma"	Nematopoa
