from	statement	to
1	"Widest leaf blades 0.5-0.7 (-0.8) cm wide; rachillas (6.8-) 7.2-8.4 (-8.8) mm long; lower glumes (0.2-) 0.4-1.6 (-2.0) mm long; plants of Asia"	"Brachylelytrum japonicum"
1	"Widest leaf blades 0.8-2.0 cm wide; rachillas (3.9-) 4.9-7.2 (-8.1) mm long; lower glumes (0.1-) 0.2-0.7 (-1.1) mm long; plants of North America"	2
2	"Lemmas (0.7-) 0.8-1.2 (-1.4) mm wide, minutely scabrous, longest hairs (0.06-) 0.08-0.14 (-0.2) mm long, not evident at 10x; weakly veined, mid-veins like secondary veins; widest leaf blades (0.8-) 1.0-1.4 (-1.6) cm wide"	"Brachyelytrum aristosum"
2	"Lemmas (0.8-) 1.1-1.5 (-1.8) mm wide, hispid, longest hairs (0.2-) 0.4-0.8 (-0.9) mm long, easily seen under lOx magnification, conspicuously veined, mid-veins prominent; widest leaf blades (0.9-) 1.1-1.7 (-2.0) cm wide"	"Brachyelytrum erectum"
