from	statement	to
1	"Spikelets with (1-)2-15(-34) florets, if 2, the plants tall, diocious reeds, if with only 1 female floret, the plants moecois and staminate spikelets with 1-4 florets; rachillas ending in a sterile tip or absent  from spikelets with 1 female floret"	2
1	"Spikelets with 2 florets the lowest usually sterile of staminate, rarely female and fertile, or absent, the uppermost female and fertile; rachillas usually ending in the female fertile floret, rarely prolonged into a tiny knob"	8
2	"Plants unisexual, tall reeds; female spikelets with 2 fertile female florets"	Gynerieae
2	"Plants bisexual, sometimes monoesious, sometimes medium tall and reedy, often herbaceous; spikelets with (1-)3-15(-34) fertile female florets"	3
3	"Lowermost floret in each spikelet sterile"	4
3	"Lowermost floret in each spikelet female and fertile"	7
4	"Spikelets with sterile glume-like bracts below the spikelets; ligules of hairs; blades narrowly linear or reduced to nearly absent"	Cyperochloeae
4	"Spikelets without sterile glumelike bracts; ligules membranous or absent; blades absent or linear to lanceolate"	5
5	"Spikelets with many florets; paleas winged"	Chasmanthieae
5	"Spikelets with 2-4 florets; paleas wingless"	6
6	"Internodes solid; blades inconspicuously tessellate; fertile lemmas with margins having long, papillose-pilose hairs"	Thysanolaeneae
6	"Internodes hollow; blades absent or not tessellate; fertile lemmas with glabrous or scabridulous margins"	Steyermarkochloeae
7	"Internodes solid; leaves without pseudopetioles; glumes 1-5-veined"	Centotheceae
7	"Internodes hollow; leaves with pseudopetiles; glumes 3-17-veined"	Zeugiteae
8	"Spikelets paired in rames the pairs usually of 1 sessile and 1 pedicelltate spikelet, sometimes the pedicellate spikelet absent but the pedicel present, sometimes both spikelets pedicellate; disarticulation usually in the rames"	Andropogoneae
8	"Spikelets solitary or in pairs or triads, sessile to pedicellate; disarticulation below the glumes of sessile spikelets, above the glumes of pedicellate spikelets"	9
9	"Paleas of both florets absent"	Hubbardieae
9	"Paleas of both florets present or that of the lowest floret absent"	10
10	"Fertile lemmas unawned, rarely mucronate their bodies indurate, coriaceous, or cartilaginous"	Paniceae
10	"Fertile lemmas 1-3-awned, their bodies membranous to coriaceous, not indurate"	11
11	"Ligules membranous"	Arundinelleae
11	"Ligules composed of a line hairs"	Tristachyideae
