from	statement	to
1	"Ovaries with 1 or 2 ovules"	2
1	"Ovaries with 4-16 ovules"	5
2	"Plants annual herbs; septa absent or reduced to a rim; fruits indehiscent, winged, usually with setose, barbed, or hooked trichomes; varies with only 1 seed"	Clypeola
2	"Plants perennial herbs or subshrubs; septa complete; fruits dehiscent, rarely winged, without setose, barbed or hooked trichomes; ovaries usually 2 seeds, occasionally only 1"	3
3	"At least some trichomes 2-rayed, others 3-6 rayed; fruits usually inflated, rarely flattened"	Bornmuellera
3	"All trichomes stellate with (6-)8-24 rays; fruits more or less flattened"	4
4	"Filaments neither toothed nor with appendages; petals white; styles up to 0.7 mm long"	Lepidotrichum
4	"Filaments usually toothed and with appendages; petals usually yellow, rarely creamy white; style usually 1-3 mm long"	Odontarrhena
5	"Sepals persisting until well after fruit maturity, accrescent; fruits indehiscent or tardily dehiscent; seeds rugose or verrucose, wingless"	Clastopus
5	"Sepals usually falling well before fruit maturity, not accrescent; fruits dehiscent; seeds smooth or reticulate, margined, usually winged, rarely wingless"	6
6	"Petals bifid to about midlength"	7
6	"Petals obtuse, rounded, truncate, retuse, or emarginate"	8
7	"Trichomes mixed, simple or with 2-8 rays; lateral sepals not saccate at their bases; plants native to the Mediterranean region but one a cosmopolitan annual weed"	Berteroa
7	"All trichomes with 8-12 rays; lateral sepals saccate at their bases; plants of China and Mongolia"	Galitzkya
8	"Styles (5-)6-10 mm long"	9
8	"Styles 0.1-4(-4) mm long"	14
9	"Petals purple or crimson red,"	Brachypus
9	"Petals yellow or white or, if pinkish, plants subshrubs"	10
10	"Filaments with minute appendages at their bases; anthers apiculate; cotyledons oblique incumbent; at least some cauline leaves sinuate or dentate; lateral sepals not saccate at base"	Aurinia
10	"Filaments without appendages at their bases; anthers not apiculate; cotyledons accumbent; cauline leaves entire; lateral sepals saccate at base"	11
11	"Fruits inflated"	12
11	"Fruits strongly flattened"	13
12	"Fruit valves thickened, leathery to almost woody, glabrous outside and inside; ovaries with 8-12 ovules; at least some trichomes 2-rayed and attached near the middle"	Alyssoides
12	"Fruit valves papery, pubescent both outside and inside; ovaries with 4 ovules; all trichomes stellate with 12-20 rays"	Degenia
13	"Petals usually white, rarely pink; ovaries with 4-8 ovules; fruits obovate, orbicular, elliptic, or spoon-shaped; styles rarely as much as 5 mm long, persistent"	Hormathophylla
13	"Petals yellow; ovaries with 12-16 ovules; fruits oblong to narrowly elliptic; styles 7-10 mm long, quickly falling"	Resetnikia
14	"Plants annual herbs"	15
14	"Plants perennial herbs, subshrubs, or shrubs"	18
15	"Leaves denticulate distally; fruit margins papillate"	Cuprella
15	"Leaves entire; fruit margins entire"	16
16	"Ovaries with 4-8(-16 ovules; fruits flattened; valves glabrous or with simple hairs and/or papillae"	Meniocus
16	"Ovaries with 4 ovules each; fruits inflated, sometimes only partially so; valves glabrous or with stellate trichomes"	17
17	"Petals yellow; infructescences distinctly elongated; fruits slightly inflated on one side, variously shaped"	Alyssum
17	"Petals white; infructescences subcapitate; fruits fully inflated, globose"	Takhtajaniella
18	"At least some trichomes 2-rayed and attached in the middle, 3-6 rayed trichomes sometimes present in addition; simple trichomes absent"	Bornmuellera
18	"Trichomes (6-)8-24-rayed, sessile or stalked; simple trichomes sometimes also present"	19
19	"All filaments lacking appendages, wings, and teeth"	20
19	"At least the median or lateral filaments appendaged, winged, or toothed"	23
20	"Fruits ovoid to globose-ovoid, strongly inflated; ovaries with 8-16 ovules; cotyledons incumbent"	Lutzia
20	"Fruits obovate, orbicular, elliptic, or spoon-shaped, flattened; ovaries with 4-8 ovules; cotyledons accumbent"	21
21	"Petals yellow, shorter than or subequal to the sepals, not clawed"	Cuprella
21	"Petals white or pink, distinctly longer than the sepals, with well-developed claws,22"	22
22	"Replum of fruits concealed by the valve margins; ovaries with 4 ovules each; nectar glands confluent, appearing as 1 structure, median glands present"	Phyllolepidum
22	"Replum of fruits visible; ovaries with 4-8 ovules; nectar lands 4, 1 on each side of the lateral stamens; median glands absent"	Hormathophylla
23	"Stigmas strongly 2-lobed, lobes connivent, decurrent"	Acuston
23	"Stigmas usually entire, rarely slightly 2-lobed, lobes neither connivent nor decurrent"	24
24	"Fruit replums visible, not concealed but the valve margins; anthers usually apiculate (not in Alyssum)"	25
24	"Fruit replums concealed by connate valve margins; anthers never apiculate"	27
25	"Ovaries with 4-8(-16) ovules; leaves almost always dentate, sinuate, or pinnatifid, rarely entire; cotyledons obliquely incumbent"	Aurinia
25	"Ovaries with 4 ovules each; leaves entire; cotyledons accumbent"	26
26	"Anthers not apiculate; fruits usually dehiscent, with 2-4 seeds; seeds usually winged; vales not veined; styles 0.5-3 mm long"	Alyssum
26	"Anthers apiculate; fruits tardily dehiscent, with 1 seed each; seeds wingless; valves reticulately veined; styles 2.5-4 mm long"	Irania
27	"Fruits indehiscent, globose, or ovoid, inflated and bladderlike"	Physoptchis
27	"Fruits dehiscent, oblong, orbicular to ovate, not inflated"	28
28	"Ovaries with 12-16 ovules each; racemes elongating considerably in fruit, bracteate or ebracteate; styles persistent; trichomes with 6-8 rays"	Fibigia
28	"Ovaries with 4-8 ovules each; racemes slightly elongated in fruit, ebracteate; styles deciduous; trichomes with 12-20 rays,"	Pterygostemon
