from	statement	to
1	"Panicles 1-3 cm wide; branches mostly erect or steeply ascending, stiff, 2-10.5 cm long"	2
1	"Panicles 3-25 cm side; branches ascending but not steeply so, usually reflexed distally and somewhat flexuous (1.5-)3-19 cm long"	3
2	"Lemmas membranous throughout, margins not involute near the base; adaxial surfaces of leaf blades without long hairs; anthers 0.9-1 mm long"	"Disakisperma eleusine"
2	"Lemmas with cartilaginous bases, margins involute near the base; adaxial surfaces of leaf blades with scattered, delicate, straight hairs 3-5 mm long near the bases; anthers 0.2-0.3 mm long"	"Disakisperma yemenicum"
3	"Lemmas 3-5 mm long, with round- to acute tipped hairs on the margins and sometimes on the lower portion of the midvein; glumes 3.3-6 mm long; cleistogamous spikelets hidden in lower leaf sheathes; anthers 1-1.6 mm long; plants native the the Americas"	"Disakisperma dubium"
3	"Lemmas 2.2-2.8(-3) mm long, with club-shaped hairs hairs on the margins and the lower portion of the miveins; glumes 1.5-2.0 mm long; cleistogamous spikelets not present in the lower leaf sheaths; anthers about 0.7 mm long; plants native to Africa and Asia"	"Disakisperma obtusiflorum"
