id	created_at	updated_at	title	author	description	item	spatial	remarks	source_id	created_by	updated_by	key_file
10176	"2020-03-15 11:48:51"	"2020-05-08 06:52:56"	"Leptochloa, Dinebra, Diplache, Disakisperma, Trichloris, revised generic boundaries"	"Paul M. Peterson,, Konstantin Romaschenko,, Neil Snow, and Gabriel Johnson"	"After more intensive phylogenetic study of species previously included in Leptochloa and Dinebre, the authors proposed recognizing 5 genera rather than 2 and provided this key for their identification."	"Leptochloa, Dinebra, Diplache, Disakisperma, Trichloris"	Global		4056	mary.barkworth@usu.edu	mary.barkworth@usu.edu	key-10176-leptochloa-dinebra-diplache-disakisperma-trichloris-revised-generic-boundaries.tsv
10177	"2020-03-15 21:15:20"	"2020-03-15 21:15:34"	"Trigonochloa species"	"Sylvia Phillips"	"The leads are taken from the key for Leptochloa in Phillips (1995), reworded slightly to conform to usage in OpenHerbarium, and with taxon names reflecting treatment by Peterson et al. (2012) in Annals of Botany 109: 1317-1329 (doi:10.1093/aob/mcs077)."	Trigonochloa	Global		4057	mary.barkworth@usu.edu	niels.klazenga@rbg.vic.gov.au	key-10177-trigonochloa-species.tsv
10245	"2020-03-20 12:24:17"	"2020-03-28 03:54:28"	"Dinebra retroflexa varieties"	"Sylvia Phillips"	"Derived from information in the Flora of Ethiopia and Eritrea, vol. 7"	"Dinebra retroflexa"	Global		4129	mary.barkworth@usu.edu	niels.klazenga@rbg.vic.gov.au	key-10245-dinebra-retroflexa-varieties.tsv
10272	"2020-03-25 07:00:29"	"2020-03-25 07:01:39"	"Disakisperma species"	"Neil Snow"	"As published"	Disakisperma	Global		4163	mary.barkworth@usu.edu	niels.klazenga@rbg.vic.gov.au	key-10272-disakisperma-species.tsv
10277	"2020-03-25 20:22:01"	"2020-03-25 20:22:24"	"Diplachne species and subspecies"	"Neil Snow, Paul M. Peterson, Konstanin Romaschenko, Bryan K. Simon"	"Slightly edited version of key published in Phytokeys 93: 1-102 (https://phytokeys.pensoft.net/articles.php?id=21079)"	Diplachne	Global	"Slightly edited. "	4169	mary.barkworth@usu.edu	niels.klazenga@rbg.vic.gov.au	key-10277-diplachne-species-and-subspecies.tsv
10422	"2020-04-16 04:43:24"	"2020-04-16 04:44:44"	"Leptochloa species"	"Mary E. Barkworth"	"Reflects the interpretation of Leptochloa  provided in Peterson et. al. (20120 Annals of Botany 109: 1317–1329, 2012"	Leptochloa	Global			mary.barkworth@usu.edu	niels.klazenga@rbg.vic.gov.au	key-10422-leptochloa-species.tsv
10435	"2020-04-17 19:35:46"	"2020-04-20 21:39:20"	"Brachyelytrum species"	"Jeffery M. Saarela, Paul M. Peterson, Robert J. Soreng, and Ralph E. Chapman"	"As published"	Brachyelytrum	Global		4335	mary.barkworth@usu.edu	mary.barkworth@usu.edu	key-10435-brachyelytrum-species.tsv
10454	"2020-04-20 21:35:13"	"2020-04-20 21:36:46"	"Dinebra decipiens subspecies"	"M.E. Nightingale, C.M. Weiller & M. Lazarides"	"As published in the source cited."	"Dinebra decipiens"	Global		4351	mary.barkworth@usu.edu	niels.klazenga@rbg.vic.gov.au	key-10454-dinebra-decipiens-subspecies.tsv
10523	"2020-05-05 01:18:02"	"2020-05-05 01:20:14"	"Chenopodium s.l. and its segregate genera"	"Fuentes-Bazan, Susy, Pertti Uotila, & Thomas Borsch"	"The authors, based on a molecular phylogenetic study, divided the species of Chenopodium sensu lato among 7 genera. This key shows how. OpenHerbarium has not yet (5 May 2020)  been modified to reflect the changes."	Chenopodium	Global		4413	mary.barkworth@usu.edu	niels.klazenga@rbg.vic.gov.au	key-10523-chenopodium-sl-and-its-segregate-genera.tsv
10524	"2020-05-05 01:22:29"	"2020-05-05 01:24:40"	"Chenopodium s.l. and its segregate genera"	"Fuentes-Bazan, Susy, Pertti Uotila, & Thomas Borsch"	"The authors, based on a molecular phylogenetic study, divided the species of Chenopodium sensu lato among 7 genera. This key shows how. OpenHerbarium has not yet (5 May 2020)  been modified to reflect the changes."	Chenopodium	Global			mary.barkworth@usu.edu	niels.klazenga@rbg.vic.gov.au	key-10524-chenopodium-sl-and-its-segregate-genera.tsv
10525	"2020-05-05 01:28:07"	"2022-07-12 11:49:44"	"Chenopodium and its segregate genera"	"Fuentes-Bazan, Susy, Pertti Uotila, and Thomas Borsch"	"The authors, based on the phylogenetic analyses presented in their paper, distributed species usually included in Chenopodium among seven genera. This key enables placement of the species in the appropriate genus on the basis of their morphology."	"Chenopodium s.l."	Global	"The taxonomic tree and treatments in OpenHerbarium have not been modified to reflect these changes."	4413	mary.barkworth@usu.edu	niels.klazenga@rbg.vic.gov.au	key-10525-chenopodium-and-its-segregate-genera.tsv
10574	"2020-05-08 06:59:09"	"2020-12-06 19:48:29"	"Datura key from Hammer et al (1983)"	"Barkworth ME, Rabei SM"	"This key is based on Hammer et al. (2918) but includes only members of the genus Datura as that genus is now treated. . Translation and editing is by Mary Barkworth with the aid of Google Translate. The taxonomic treatment has not been modified other than by exclusion of what is now considered the genus Brugmansia. "	Datura	Global		4462	mary.barkworth@usu.edu	niels.klazenga@rbg.vic.gov.au	key-10574-datura-key-from-hammer-et-al-1983.tsv
10581	"2020-05-09 08:31:05"	"2020-05-09 08:33:28"	"Datureae genera"	"Julia Dupin & Stacey D. Smith"	"This is key is based on and reflects the generic boundaries in the paper cited."	Datureae	Global			mary.barkworth@usu.edu	niels.klazenga@rbg.vic.gov.au	key-10581-datureae-genera.tsv
10627	"2020-05-15 00:00:05"	"2020-05-15 00:00:07"	"Ceropegia sect. Echidnopsis subsections"	"P.V. Bruyns, C. Klak, & P. Hanáček."		"Ceropegia sect. Echidnopsis"	Global			mary.barkworth@usu.edu	niels.klazenga@rbg.vic.gov.au	key-10627-ceropegia-sect-echidnopsis-subsections.tsv
10656	"2020-05-22 21:36:11"	"2020-05-22 22:55:33"	"Ceropegia sect. Lalacruma subsections"	"Peter Bruyns"	"Correction provided by Peter Bruyns to key in the paper cited. "	"Ceropegia sect. Lalacruma"	Global		4532	mary.barkworth@usu.edu	mary.barkworth@usu.edu	key-10656-ceropegia-sect-lalacruma-subsections.tsv
10657	"2020-05-22 22:38:00"	"2021-04-13 13:37:38"	"Ceropegia sections"	"P.V. Bruyns"	"This is a corrected version of the key published in the work cited."	Ceropegia	Global	"Ceropegia sect. Lalacruma is an older name for what was Ceropegia sect. Priogonium."	4532	mary.barkworth@usu.edu	niels.klazenga@rbg.vic.gov.au	key-10657-ceropegia-sections.tsv
10658	"2020-05-22 23:01:11"	"2020-05-22 23:01:36"	"Ceropegia from text"	"P.V. Bruyns"		Ceropegia	Global			mary.barkworth@usu.edu	niels.klazenga@rbg.vic.gov.au	key-10658-ceropegia-from-text.tsv
11138	"2020-10-06 21:17:40"	"2020-10-06 10:18:54"	"Lolium (traditional interpretation)"		"As published. "	Lolium	Global			mary.barkworth@usu.edu	niels.klazenga@rbg.vic.gov.au	key-11138-lolium-traditional-interpretation.tsv
11139	"2020-10-06 21:40:04"	"2020-10-06 10:40:04"	"Lolium rigidum varieties"		"As published "	"Lolium rigidum"	Global		4826	mary.barkworth@usu.edu	niels.klazenga@rbg.vic.gov.au	key-11139-lolium-rigidum-varieties.tsv
11429	"2020-11-29 03:26:53"	"2020-12-12 09:47:29"	"Key to the taxa of Datura"	"Mary E. Barkworth & Sami M. Rabei"		Datura	Global		4468	mary.barkworth@usu.edu	mary.barkworth@usu.edu	key-11429-key-to-the-taxa-of-datura.tsv
12325	"2021-10-16 23:05:30"	"2021-10-16 12:05:31"	"Panicoideae tribes"	"J. Gabriel Sanchez-Ken & Lynn G. Clark"	"This key reflects the tribal classification of the expanded Panicoideae based explicitly on the phylogeny published in the article cited. It includes 12 tribes of which Chasmanthieae and Zeugiteae are segretated from the Centotheceae; Tristachyideae is segregated from Arundinelleae, and a new tribe, Cyperochloeae. is validated to accommodate two isolated genera. "	Panicoideae	Global			mary.barkworth@usu.edu	niels.klazenga@rbg.vic.gov.au	key-12325-panicoideae-tribes.tsv
12600	"2022-03-21 23:19:45"	"2022-03-21 12:19:48"	"Genera of the Alysseae"	"S. Španiel, Matúš Kempa, Esteban Salmerón-Sánchez, Javier Fuertes-Aguilar, Juan F. Mota, Ihsan A. Al-Shehbaz,  Dmitry A. German, Katarína Olšavská, Barbora Šingliarová, Judita Zozomová-Lihová, & Karol Marhold"	"This presentation is based on the key in the paper cited. I have modified it by replacing a few of the specialized terms used and rephrasing a few leads."	Alysseae	Global			mary.barkworth@usu.edu	niels.klazenga@rbg.vic.gov.au	key-12600-genera-of-the-alysseae.tsv
12651	"2022-04-20 22:12:54"	"2022-04-20 12:12:57"	"Genera of the Triraphideae"	"P.M. Peterson, K. Romaschenko, & Y.H. Arrieta"		Triraphideae	Global			mary.barkworth@usu.edu	niels.klazenga@rbg.vic.gov.au	key-12651-genera-of-the-triraphideae.tsv
12705	"2022-07-04 21:17:41"	"2022-07-04 11:17:41"	"Wajira species"	"M. Thulin, M. Lavin, R. Pasquet, & A. Delgado-Salinas"	"Mats Thulin, Matt Lavin, Remy Pasquet, Alfonso Delgado-Salinas ""Phylogeny and Biogeography of Wajira (Leguminosae): A Monophyletic Segregate of Vigna Centered in the Horn of Africa Region,"" Systematic Botany, 29(4), 903-920, (1 October 2004)"	Wajira	Global			mary.barkworth@usu.edu	niels.klazenga@rbg.vic.gov.au	key-12705-wajira-species.tsv
12775	"2022-07-12 21:45:16"	"2022-07-12 11:45:16"	"Chenopodium segregates"	"S. Fuentes-Bazan, P. Uotila, & T. Borsch"	"The key to the segregates in the paper cited. The paper also includes descriptions of the segregate genera."	Chenopodium	Global			mary.barkworth@usu.edu	niels.klazenga@rbg.vic.gov.au	key-12775-chenopodium-segregates.tsv
12842	"2022-08-26 02:42:06"	"2022-08-25 16:42:06"	"Prosopis and its segregates"	"Hughes C.E., J.J. Ringelberg, G.P. Lewis, & S.A. Catalano"	"As published in the article cited which includes justification for splitting the genus, images of the morphological features found to that enable identification of the segregates, and distribution maps. "	Prosopis	Global			mary.barkworth@usu.edu	niels.klazenga@rbg.vic.gov.au	key-12842-prosopis-and-its-segregates.tsv
12843	"2022-08-26 02:45:58"	"2022-08-25 16:45:59"	"Prosopis and allies"	"Hughes C.E., J.J. Ringelberg, G.P. Lewis, & S.A. Catalano"	"As published. The article cited contains illustrations of the morphological features used in the key, representative images of all the genera recognized, and distribution maps. It is an open access article."	Prosopis	Global		5493	mary.barkworth@usu.edu	niels.klazenga@rbg.vic.gov.au	key-12843-prosopis-and-allies.tsv
12844	"2022-08-26 02:49:56"	"2022-08-25 16:49:57"	"Prosopis and its segregates"	"C. E. Hughes, J.J. Ringelberg, G.P. Lewis, & S.A. Catalano"	"As published (open access). "	Prosopis	Global		5493	mary.barkworth@usu.edu	niels.klazenga@rbg.vic.gov.au	key-12844-prosopis-and-its-segregates.tsv
12861	"2022-09-16 20:47:58"	"2022-09-19 06:48:06"	"Polypodiopsida: Aspleniineae [=Eupolypod clade II] families."	"Carl J. Rothfels, Michael A. Sundue, Li-Yaung Kuo, Anders Larsson, Masahiro Kato, Eric Schuettpelz & Kathleen M. Pryer"	"This key is copied from the paper by Rothfels et al. (2012). See source cited. "	Aspleniineae	Global			mary.barkworth@usu.edu	mary.barkworth@usu.edu	key-12861-polypodiopsida-aspleniineae-eupolypod-clade-ii-families.tsv
