id	author	year	title	collection_authors	collection_title	edition	series	volume	part	publisher	place_of_publication	pages	url
4056	"Peterson,,P.M., K. Romaschenko,, N. Snow, and G. Johnson"	2012	"A molecular phylogeny and classification of Leptochloa (Poaceae:Chloridoideae: Chlorideae) sensu lato and related genera"					109	7			1317-1329	
4057	"Phillips, S."	1995	Poaceae	"I. Hedberg & S. Edwads"	"Flora of Ethiopia and Eritrea"			7		"National Herbarium Biology Department, Addis Adaba University and Dept. of Systematic Botany, Uppsala University"	"Addis Adaba, Ethiopia and Uppsala, Sweden"	1-420.	
4129	"Phillips, S."	1995	Poaceae	"I. Hedberg & S. Edwards"	"Flora of Ethiopia and Eritrea"			7		"National Herbarium, Addis Adaba University and Uppsala University"	"Addis Adaba, Ethiopia and Uppsala, Sweden"		
4163	"Snow, N., P.M. Peterson & K. Romaschenko"	2013	"Systematics of Disakisperma (Poaceae, Chloridoideae, Chlorideae)"					26				21-70	
4169	"Snow, N., P.M. Peterson, Romaschenko, K., Simon, B.K."	2018	"Monograph of Diplachne (Poaceae, Chloridoideae, Cynodonteae)"					93				1-102	
4335	"Saarela, JM, P.M. Peterson,R.J. Soreng, & R.E. Chapman"	2003	"A Taxonomic Revision of the Eastern North American and Eastern Asian Disjunct Genus Brachyelytrum (Poaceae): Evidence from Morphology, Phytogeography and AFLPs"					28				674-692	
4351	"Nightingale, M.E., C.M. Weiller & M. Lazarides"	2005	Leptochla		"Flora of Australia"			44B		"ABRS/CSIRO Publishing"	"Melbourne, Australia"	439-452	
4413	"Fuentes-Bazan, S, P. Uotila & T. Borsch"	2012	"A novel phylogeny-based generic classification for Chenopodium sensu lato, and a tribal 
 rearrangement of Chenopodioideae (Chenopodiaceae)"					42	1			5-24	
4462	"Hammer, K., A. Romeike, & C. Tittel"	1983	"Vorarbeiten zur monographischen Darstellung von Wildpflanzensortimenten"" Datura L., sectiones Dutra Bernh., Ceratocaulis Bernh. et Datura"					31				13-75	
4468													
4532	"Bruyns, P.V., C. Klak & P. Hanácek"	2017	"A revised, phylogenetically-based concept of Ceropegia (Apocynaceae)"					112				399-436	
4826	"Terrell, Edward E."	1968	"A taxonomic revision of the genus Lolium."		"Technical Bulletin"			1392		"United States Department of Agriculture"	"Washington, D.C., U.S.A. "	1-65	
4999	"Dupin, J. & S.D. Smith"	2018	"Phylogenetics of Datureae (Solanaceae), including description of the new genus Trompettia and re-circumscription of the tribe"					67				359-375	
5360	"Sánchez-Ken, J. & L.G. Clark"	2010	"PHylogeny and a new tribal classification of the Panicoideae s.l. (Poaceae)  based on plastid and nuclear sequence data and structural data"					97	10			1732-1748	
5417	"Španiel S, M.. Kempa, E. Salmerón-Sánchez, J. Fuertes-Aguilar, J.F. Mota, I.A. Al-Shehbaz,  D.A. German, K. Olšavská, B. Šingliarová, J. Zozomová-Lihová, & K. Marhold"	2015	"AlyBase: database of names, chromosome numbers, and ploidy levels of Alysseae (Brassicaceae), with a new generic concept of the tribe"					301				2463-2491	
5418	"Španiel S., M. Kempa, E. Salmerón-Sánchez, J.Fuertes-Aguilar, J.F. Mota, I.A. Al-Shehbaz,  D.A. German, K. Olšavská, B. Šingliarová, J. Zozomová-Lihová, & K.Marhold"	2015	"AlyBase: database of names, chromosome numbers, and ploidy
levels of Alysseae (Brassicaceae), with a new generic concept
of the tribe"					301				2463-2491	
5429	"Peterson, P.M., K. Romaschenko , Y.H. Arrieta "	2022	"A phylogeny of the Triraphideae including Habrochloa and Nematopoa (Poaceae, Chloridoideae)"					194				123-133	
5457	"Thulin, M., M. Lavin, R. Pasquet, and A. Delgado-Sainas"	2004	"Phylogeny and Biogeography of Wajira (Leguminosae): A Monophyletic Segregate of Vigna Centered in the Horn of Africa Region"					29	4			903-920	
5468	"Fuentes-Bazan, S., P. Uotila, & T. Borsch"	2012	"A novel phylogeny-based generic classification for Chenopodium sensu lato, and a tribal rearrangement of Chenopodioideae (Chenopodiaceae)"					42	1			5-24	
5493	"Hughes C.E., J.J. Ringelberg, G.P. Lewis, & S.A. Catalano"	2022	"Disintegration of the genus Prosopis L. (Leguminosae, Caesalpinioideae, mimosoid clade)"					205				147-189	
5501	"Rothfels C.J., M.A. Sundue, L-Y. Kuo,A. Larsson, M. Kato, E. Schuettpelz & K.M. Pryer"	2018	"A revised family-level classification for eupolypod II ferns (Polypodiidae: Polypodiales)"					61				515-533	
