from	statement	to
1	"Transition from upper peduncle bracts to outer involucral bracts abrupt, involucral bracts clearly separated and distinct from peduncle bracts, sometimes peduncle bracts absent, outer involucral bracts straight, appressed or slightly squarrose"	2
1	"Transition from upper peduncle bracts to outer involucral bracts gradual, outer involucral bracts appear to descend onto peduncle, outer involucral bracts over entire length or at least at tip recurved, distinctively squarrose"	"Picris squarrosa"
2	"Involucrum of 2–3 irregular outer and 2 inner rows, outer bracts not as wide as inner bracts, longest outer bracts clearly shorter than inner bracts"	"Picris angustifolia subsp. angustifolia"
2	"Involucrum of 2–3 irregular outer and 2 inner rows, at least some outer bracts wider than inner bracts, longest outer bracts almost as long as inner bracts"	"Picris drummondii"
