from	statement	to
1	"Florets 1–3 per capitulum"	2
1	"Florets 10–22 per capitulum"	5
2	"Shrub to c. 1 m high"	"Calocephalus brownii"
2	Herbs	3
3	"Leaves alternate; annual"	"Calocephalus sonderi"
3	"Leaves mostly opposite; perennial"	4
4	"Capitular bracts yellow"	"Calocephalus citreus"
4	"Capitular bracts white"	"Calocephalus lacteus"
5	"Compound heads yellow-brown to orange, c. 0.6–1.1 cm diam.; innermost capitular bracts entirely hyaline or with a small opaque base"	"Calocephalus knappii"
5	"Compound heads yellow, c. 0.8–3 cm diam.; innermost capitular bracts mainly hyaline but with an opaque midrib extending about two-thirds to three-quarters the length of the bract, the apex of the bract yellow"	"Calocephalus platycephalus"
