from	statement	to
1	"Styles 2-fid"	2
1	"Styles 3-fid"	4
2	"Spikelets 1 or"	3
2	"Spikelets 3–12 in a cluster"	"Isolepis inundata"
3	"Glumes 1.8–2.7 mm long, green to straw-coloured at least in part"	"Isolepis fluitans"
3	"Glumes c. 3 mm long, usually a dark red-brown"	"Isolepis producta"
4	"Plant with a long creeping rhizome"	5
4	"Plant tufted or with a shortly ascending rhizome"	6
5	"Slender perennial with numerous spikelets clustered in a dense globose head"	"Isolepis nodosa"
5	"Small annual with 1 or 2 spikelets per inflorescence"	"Isolepis subtilissima"
6	"Glumes with a narrow-attenuate portion as long as the broad base"	"Isolepis hystrix"
6	"Glumes lacking a long attenuate portion"	7
7	"Nut longitudinally striate and transversely ridged"	"Isolepis hookeriana"
7	"Nut smooth or minutely blistered"	8
8	Stamens	9
8	"Stamens 1 or"	12
9	"Nut 0.5–0.6 mm long"	10
9	"Nut 0.9–1.5 mm long"	11
10	"Nut dark-brown to black; spikelets 1 or rarely 2; glumes 1–1.5 mm long"	"Isolepis platycarpa"
10	"Nut straw-coloured; spikelets 1–3; glumes 0.8–1.2 mm long"	"Isolepis australiensis"
11	"Glumes obtuse"	"Isolepis cernua"
11	"Glumes acute"	"Isolepis marginata"
12	"Nut 0.4–0.6 mm long"	13
12	"Nut 0.7–1.5 mm long"	14
13	"Glumes 1.2–2 mm long"	"Isolepis congrua"
13	"Glumes 0.8–1.2 mm long"	"Isolepis australiensis"
14	"Glumes with the broad keel produced into a stout mucro; spikelets usually 3"	"Isolepis stellata"
14	"Glumes mucronulate or with the obvious keel not produced at all; spikelets 1–12"	15
15	"Dried specimens not smelling like curry"	"Isolepis inundata"
15	"Dried specimens smelling like curry"	"Cyperus hamulosus."
