from	statement	to
1	"Corolla blue to purple with a yellow throat"	2
1	"Corolla yellow to white"	3
2	"Bracteoles present; leaves glabrous or subglabrous"	"Goodenia ramelii"
2	"Bracteoles absent; leaves villous"	"Goodenia vilmoriniae"
3	"Bracteoles present"	4
3	"Bracteoles absent"	23
4	"Shrubs and undershrubs with cauline leaves"	5
4	"Herbs (usually with basal leaves forming a rosette)"	14
5	"Leaves greyish appressed-pubcscent with T-shaped non-glandular hairs"	"Goodenia mueckeana"
5	"Leaves glabrous or pubescent with spreading simple and glandular hairs"	6
6	"Corolla white"	"Goodenia albiflora"
6	"Corolla yellow"	7
7	"Leaves sessile, often stem-clasping"	8
7	"Leaves petiolate"	9
8	"Leaves mostly 3-9 cm long; indusium entire"	"Goodenia amplexans"
8	"Leaves mostly 1-2.5 cm long; indusium notched"	"Goodenia benthamiana"
9	"Bracteoles apparently produced directly in the axil of the bract"	10
9	"Bracteoles 2-30 mm along the peduncle"	11
10	"Leaves lanceolate, viscid"	"Goodenia brunnea"
10	"Leaves broadly ovate not viscid"	"Goodenia saccata"
11	"Leaves and stem pubescent corolla lobes with ciliate wings"	"Goodenia chambersii"
11	"Leaves and stems glabrous"	12
12	"Leaves thin nectary pocket obscure, to one-quarter the length of the ovary"	"Goodenia ovata"
12	"Leaves thick; nectary pocket distinct, about half the length of the ovary"	13
13	"Sepals 2-3.5 mm long; corolla glabrous outside"	"Goodenia varia"
13	"Sepals 6-10 mm long; corolla pubescent outside"	"Goodenia vernicosa"
14	"Corolla white with brown lines; nectary spur far exceeding the ovary"	"Goodenia calcarata"
14	"Corolla yellow' nectary pocket up to the length of the ovary often much shorter and obscure22"	15
15	"Ovules arranged irregularly over the dissepiment"	16
15	"Ovules in 2 rows on each side of the dissepiment"	17
16	"Leaves villous"	"Goodenia humilis"
16	"Leaves glabrous or glabrescent"	"Goodenia modesta"
17	"Leaves glabrescent"	18
17	"Leaves remaining hirsute or villous, at least on the lower surface"	19
18	"Cauline leaves symmetrically narrowed at the base"	"Goodenia centralis"
18	"Cauline leaves with a large lobe on one side at the base"	"Goodenia glabra"
19	"Upper leaf surface glabrescent"	"Goodenia blackiana"
19	"Upper leaf surface remaining hirsute or villous"	20
20	"Stellate hairs present"	21
20	"Stellate hairs absent."	"Goodenia affinis"
21	"Leaves all basal, never stem-clasping"	22
21	"Cauline leaves stem-clasping"	"Goodenia robusta"
22	"Seeds flat with a thickened rim, yellow-brown; anterior corolla lobes 7?7.5 mm long"	"Goodenia geniculata"
22	"Seeds biconvex, distorted, without a prominent rim, dark-brown to black; anterior corolla lobes 4?5.5 mm long"	"Goodenia hirsuta"
23	"Leaves linear-terete"	"Goodenia triodiophila"
23	"Leaves not linear, flat"	24
24	"Leaves glabrous or with minute glandular hairs only"	25
24	"Leaves pubescent to villous with macroscopic simple non- glandular hairs (glandular hairs often also present)"	28
25	"Leaves finely glandular-pubescent"	"Goodenia havilandii"
25	"Leaves glabrous, never glandular or viscid"	26
26	"Leaves deeply dentate or pinnatisect; corolla white with brownish markings"	"Goodenia calcarata"
26	"Leaves entire; corolla yellow"	27
27	"Corolla 8-9 mm long"	"Goodenia anfracta"
27	"Corolla 14-18 mm long"	"Goodenia glauca"
28	"Style deeply 2-fid"	29
28	"Style unbranched."	"Goodenia berardiana"
29	"Corolla 4-7 mm long"	30
29	"Corolla 8-23 mm long"	31
30	"Indusium entire"	"Goodenia occidentalis"
30	"Indusium notched"	"Goodenia pusilliflora"
31	"Indusium oblong to square"	"Goodenia heteromera"
31	"Indusium broader than long"	32
32	"Nectary pocket or spur prominent, subequal to or exceeding the ovary"	33
32	"Nectary pocket obscure, much shorter than the ovary"	36
33	"Leaves densely glandular-pubescent and with appressed simple hairs"	34
33	"Leaves with dense or sparse spreading simple hairs; glandular hairs inconspicuous or absent"	35
34	"Seed elliptic, with a narrow opaque wing"	"Goodenia lobata"
34	"Seed orbicular, with a broad hyaline wing overlapping the black body"	"Goodenia quasilibera"
35	"Corolla densely pubescent; seeds orbicular, broadly winged"	"Goodenia cycloptera"
35	"Corolla glabrous or subglabrous; seeds elliptic, narrowly winged"	"Goodenia gibbosa"
36	"Upper lip of the indusium glabrous or with vestigial bristles"	"Goodenia lunata"
36	"Upper lip of the indusium beset with prominent white bristles"	37
37	"Ovary attenuate at the base"	38
37	"Ovary obtuse at the base"	39
38	"Annual with a single, usually unbranched, erect stem"	"Goodenia elongata"
38	"Perennial with several decumbent or prostrate stems"	"Goodenia hirsuta"
39	"Leaves mostly cauline, the basal rosett~ soon withering"	"Goodenia heterochila"
39	"Leaves mostly basal in a rosette"	40
40	"Vestiture of appressed hairs; corolla densely silky-pubescent outside"	"Goodenia fascicularis"
40	"Vestiture of spreading hairs; corolla glabrous or subglabrous outside"	"Goodenia pinnatifida"
