from	statement	to
1	"Leaves c. 3 mm long; intricately branched spinescent shrubs"	"Rhagodia ulicina"
1	"Leaves more than 3 mm long or plant not spinescent"	2
2	"Perianth glabrous or almost so"	"Rhagodia preissii"
2	"Perianth mealy"	3
3	"Leaves becoming scaly and covered with a silvery sheen; staminodes present in female flowers"	4
3	"Leaves mealy with spherical to irregular shaped vesicular hairs or glabrous (not becoming scaly or forming a sheen)"	5
4	"Leaves flat, papery or slightly fleshy"	"Rhagodia candolleana"
4	"Leaves fusiform or semiterete, fleshy"	"Rhagodia crassifolia"
5	"Indumentum of spherical or saucer-shaped vesicular hairs"	6
5	"Indumentum of minute irregularly shaped vesicular hairs"	7
6	"Leaves narrow-elliptic; lamina mostly 7-10 mm long; female flowers lacking both a disc and staminodes; seed almost smooth"	"Rhagodia drummondii"
6	"Leaf-shape variable; lamina 5-20 mm long; lateral female flowers with a disc and often staminodes; seed prominently reticulate"	"Rhagodia spinescens"
7	"Leaves broad-obovate or bluntly hastate, flat; inflorescence pyramidal"	"Rhagodia parabolica"
7	"Leaves ovate or oblong-ovate, c. 15 mm long, sparsely mealy below with minute hairs; flowers in dense slender spikes sometimes paniculately arranged"	"Rhagodia eremaea"
