from	statement	to
1	"Stamens 4"	Hypecoum
1	"Stamens 6 or more"	2
2	"Stamens 6; flowers zygomorphic"	3
2	"Stamens 12 or more, flowers regular"	4
3	"Lobes of compound leaves broader than the rhachis, dorsiventrally flattened; dorsal petal with a pronounced spur (about one-third the length of the petal)"	Fumaria
3	"Lobes of compound leaves as thick as or narrower than the rhachis, terete or almost so; dorsal petal without a spur but broadened into a pouch"	Platycapnos
4	"Fruits globose to ellipsoid, rarely more than 3 times longer than broad"	5
4	"Fruits long and more or less cylindrical, at least 4 times longer than broad"	6
5	"Sepals 3; petals 6"	Argemone
5	"Sepals 2; petals 4"	Papaver
6	"Sepals united into a glabrous calyptra; capsule ribbed"	Eschscholzia
6	"Sepals free, hairy; capsule not ribbed"	7
7	"Lobes of leaves usually irregularly toothed, at least 4 mm broad; capsule dehiscing by 2 valves"	Glaucium
7	"Lobes of leaves linear, 1-2 mm broad, capsule dehiscing by 3 valves"	Roemeria
