from	statement	to
1	"Pubescence of stems and leaves of dense spreading hairs"	"Swainsona microphylla subsp. tomentosa."
1	"Pubescence of stem and leaves of sparse or dense appressed hairs"	2
2	"Style tip truncate, encircled by a ring of hairs; leaves with more than 30 small leaflets 1.5–4 x 1.3 mm; pubescence on stem and leaves dense"	"Swainsona microphylla subsp. minima."
2	"Style tip attenuated (tapering, the terminal part straight or more or less geniculate), with short hairs or a hairtuft along the back; pubescence on stems and leaves sparse to dense; leaves with 9–43 leaflets"	3
3	"Pubescence of stems and leaves very sparse; leaves with 21–43 small obcordate-rotund or oblong thick leaflets 1–5 mm long (usually 2–3 x 1–3 mm)"	"Swainsona microphylla subsp. glabrescens 15b."
3	"Pubescence of stems and leaves rather dense, with longer and loosely appressed hairs; leaves with 9–21 (usually 11–15) oblong or narrow-oblong leaflets 4–13 mm long (commonly 6–9 x 3–5)"	4
4	"Flowers blue (standard sometimes with 2 longitudinal folds)"	"Swainsona microphylla subsp. affinis."
4	"Flowers yellow"	"Swainsona microphylla subsp. pallescens."
