from	statement	to
1	"Hairs distributed over the surface of the sterile lemmas 0.8–4.0 mm long"	2
1	"Hairs distributed over the surface of the sterile lemmas (not counting the distinct tufts towards their bases 0–0.2 mm long"	3
2	"Spikelets (excluding awns) 5–7 mm long; ligule a glabrous or subglabrous membrane"	"Ehrharta calycina"
2	"Spikelets (excluding awns) 12–14 mm long; ligule obscured by dense hairs"	"Ehrharta villosa var. maxima"
3	"Spikelets (not awned) 3–5 mm long; 2nd lemma conspicuously transversely corrugated; perennials"	"Ehrharta erecta"
3	"Spikelets (excluding the conspicuous awns) 8–11 mm long; 2nd lemma not corrugated; annuals"	"Ehrharta longiflora"
