from	statement	to
1	"Capsule (and ovary) glabrous"	2
1	"Capsule (and ovary) with appressed to spreading hairs or bristles"	5
2	"Capsule almost globose; cauline leaves lobed at the base; pedicels with erect usually appressed bristles"	"Papaver setigerum"
2	"Capsule ellipsoidal to obconical; cauline leaves tapering towards the base, or if slightly lobed then pedicels with hairs or bristles spreading at about right angles"	3
3	"Leaves toothed or if lobed then lobes rarely more than a quarter of the width of the leaf, covered with bristles and soft hairs."	"Papaver aculeatum"
3	"Leaves dissected almost to the central vein, covered with soft hairs"	4
4	"Pedicels with erect and appressed hairs at least below the flower; capsule narrowly obovoid-ellipsoid and about twice as long as broad"	"Papaver dubium"
4	"Pedicels with spreading hairs; capsule obovoid and less than twice as long as broad"	"Papaver rhoeas"
5	"Capsule narrowly ellipsoid (at least twice as long as broad) with few bristles towards the apex"	"Papaver argemone"
5	"Capsule broadly ellipsoid or rarely almost globose (less than twice as long as broad) covered with spreading bristles"	"Papaver hybridum"
