from	statement	to
1	"Labellum without callosities, entire; lateral sepals spreading, not recurved in mature flowers"	2
1	"Labellum with callosities; lateral sepals recurwed or revolute in mature flowers"	3
2	"Labellum ovate to elliptic; lateral sepals very blunt, not hidden by the labellum; flowers less than 2 mm diam"	"Microtis atrata"
2	"Labellum orbicular; lateral sepals acute, hidden by the labellum; flowers greater than 2 mm diam"	"Microtis orbicularis"
3	"Labellum apex acute or obtuse with a small downturned apiculus, margins slightly undulate or entire, callosities at the base but not at the apex"	"Microtis parviflora"
3	"Labellum apex truncate, emarginate or 2-lobed, no downturned apiculus, margins crenulate, distinct callosities at the base and the apex"	4
4	"Flowers distant; labellum almost as long as the ovary; dorsal sepal shallowly concave below; petals spreading widely, not hidden"	"Microtis rara"
4	"Flowers not distant; labellum less than half as long as the ovary; dorsal sepal deeply concave below; petals partly hidden within the dorsal sepal"	"Microtis unifolia"
