from	statement	to
1	"Shrublet decumbent, matt-forming; petals pink, rarely white; leaves ovate to broadly elliptic, rarely lanceolate, with 3-9 central veins"	"Kunzea pomifera"
1	"Shrubs to small trees, erect-spreading; petals white or red; leaves mainly linear to oblong, with 1-3 central veins"	2
2	"Petals red; stamens 19-24 mm long; axillary branches rare and irregular"	"Kunzea baxteri"
2	"Petals white; stamens 1.2-6 mm long; regular axillary branching in each leaf axil"	3
3	"Styles at least 3 times longer than ovary; stamens erect and as long as styles"	"Kunzea ambigua"
3	"Styles up to twice as long as ovary; stamens unequally long, some erect, some incurved"	"Kunzea sp. Adelaide Hills"
