from	statement	to
1	"Plants herbaceous"	2
1	"Plants shrubby"	4
2	"Leaves mostly bisect or trisect"	"Arabidella nasturtium"
2	"Leaves pinnatisect or lyrate-pinnatifid"	3
3	"Plants glabrous"	"Arabidella procumbens"
3	"Plants hairy"	"Arabidella eremigena"
4	"Shrubs straggling, with most or all leaves entire"	"Arabidella filifolia"
4	"Shrubs erect, with most or all leaves bisect to multisect"	5
5	"Inflorescence a raceme; stem usually papillose; fruit usually sessile, linear"	"Arabidella trisecta"
5	"Inflorescence elongating from a corymb; stem glabrous; fruit usually stipitate, linear-ellipsoidal"	"Arabidella glaucescens"
