from	statement	to
1	"Shrubs or subshrubs, less frequently herbs (not in S.A.); calyx and corolla 5-lobed; stamens 5"	Logania
1	"Herbs; calyx absent (corolla enclosed in a leafy involucre) or calyx 4-lobed; corolla 4-lobed; stamens 4"	2
2	"Calyx absent, corolla enclosed in a 2-lobed leafy involucre; ovary semi-inferior; capsules with papery thin wall, with style withering in fruit"	Phyllangium
2	"Calyx present; involucre absent; ovary superior; capsules with slightly hardened wall, usually with style hardened and persistent in fruit"	Mitrasacme
