from	statement	to
1	"Spikelets c. 4 in a simple spike-like inflorescence almost hidden by the leaves; dwarf plant"	"Gahnia hystrix"
1	"Spikelets numerous, paniculate"	2
2	"Mature nut adhering to the persistent staminal filaments; culms stout, more than 120cm high; glumes broadish, never long-acuminate; nut 2–4 mm long, shining"	3
2	"Mature nut never held by the staminal filaments; culms usually less than 120 cm high; at least the outer glumes long-acuminate; nut c. 2 mm long or less, often dull or greyish"	4
3	"Glumes more than 12, all more or less obtuse, the lowermost without awns"	"Gahnia clarkei"
3	"Glumes up to 10, mostly acute, the lowermost with exserted awn-like midribs"	"Gahnia sieberiana"
4	"Spikelets 1-flowered, densely clustered"	5
4	"Spikelets 2-flowered, more or less loosely arranged"	6
5	"Lower leaf-like bracts of inflorescence coarsely scabrid, green or slightly tinted below; nut 2–2.5 mm long"	"Gahnia trifida"
5	"Lower leaf-like bracts of inflorescence smooth or minutely scabrid, conspicuously reddish-purple below; nut c. 5 mm long"	"Gahnia filum"
6	"Panicle ovate, broad"	"Gahnia radula"
6	"Panicle linear or linear-lanceolate"	7
7	"Leaves very scabrous at least in the upper half"	"Gahnia deusta"
7	"Leaves smooth"	8
8	"Leaves with straight tips; basal leaf sheaths bearded at the mouth"	"Gahnia lanigera"
8	"Leaves with curved or coiled filiform tips; leaf sheaths all glabrous"	"Gahnia ancistrophylla"
