from	statement	to
1	"Flowers unisexual; stamens 10–15; fruit of follicles; almost glabrous trees (Subfam. Sterculioideae)"	Brachychiton
1	"Flowers bisexual; stamens 5; fruit a loculicidal capsule; stellate-tomentose or glandular-hairy shrubs or undershrubs (Subfam. Byttnerioideae)"	2
2	"Petals 0 or scale- or gland-like; the sepals may be petal-like"	3
2	Petals	5
3	"Stipules to c. 1 mm long, early caducous, or lacking"	4
3	"Stipules usually more than 3 mm long, persistent"	Thomasia
4	"Sepals fused below"	Keraudrenia
4	"Sepals free"	Lasiopetalum
5	"Staminodes present; stem hairs often stellate"	6
5	"Staminodes absent; stem hairs largely glandular and relatively few stellate"	Gilesia
6	"Petals flat at least below"	7
6	"Petals with a broad concave base embracing the anthers and ending in a linear or obovate ligule"	8
7	"Petals longer than the sepals"	Melhania
7	"Petals shorter than the sepals"	Hannafordia
8	"Staminodes 3-partite"	Commersonia
8	"Staminodes simple"	Rulingia
