from	statement	to
1	"Leaves leathery, glossy, dark green above, paler below, margins serrated"	2
1	"Leaves not leathery, ± discolorous, sparsely to densely hairy"	3
2	"Leaves ovate to elliptic; flowers monoecious, in short, stout, axillary racemes; fruit a ± globular red drupe, ripening to black"	"Rhamnus:Rhamnus alaternus"
2	"Leaves oblong to elliptic; flowers bisexual, in open cymose panicles; fruit a woody capsule"	"Noltea:Noltea africana"
3	"Leaves distinctly 3-veined from base; inflorescence dense, compound, many-flowered; flowers blue; hairs on plants simple"	"Ceanothus:Ceanothus thyrsiflorus"
3	"Leaves not 3-veined from base; flowers simple or in inflorescences; flowers white to yellow, sometimes turning pink when older; plants stellate-hairy"	4
4	"Flowers without a distinct floral tube; sepals wide-spreading at anthesis"	5
4	"Flowers with a distinct (though sometimes very short) tube; if apparently without a tube then sepals incurved to erect at anthesis"	6
5	"Fruitlets indehiscent; stamens incurved, enclosed at first by the hooded petals"	"Trymalium:Trymalium wayi"
5	"Fruitlets dehiscent (usually by a window on the inner face); stamens ± straight (rarely incurved), not hooded by the petals, or petals absent"	Pomaderris
6	"Flowers single or arranged in clusters; each flower subtended by several brown bracts; floral leaves absent; floral disc hairy (rarely glabrous); stipules basally fused around the outside of the petiole and often enclosing it, not connate between the petiole and axis"	Cryptandra
6	"Inflorescences cymose, surrounded by densely hairy white floral leaves, or floral leaves absent; floral disc glabrous; stipules various, not fused around the outside of the petiole, but often connate between the petiole and axis"	7
7	"Leaves ± flat, not folded; flowers in dense or loose cymose heads; disc prominent, conspicuously indented adjacent to the stamens; tubular part of hypanthium very short; mericarps thin-walled, indehiscent"	Spyridium
7	"Leaves folded (conduplicate); flowers in dense cymose heads; disc obscure, lining the base of the tubular hypanthium (but tube very short in S. notiale), not indented adjacent to stamens; mericarps crustaceous, dehiscent by a vertical slit on the ventral face (sometimes extending to the upper dorsal surface)"	Stenanthemum
