from	statement	to
1	"Epicalyx segments free or shortly fused, linear"	2
1	"Epicalyx segments connate for about half their length, the lobes broad"	"Hibiscus sturtii"
2	"Calyx lobes shorter than the tube"	"Hibiscus trionum"
2	"Calyx lobes longer than the tube"	3
3	"Leaves, or at least some, distinctly lobed or compound"	4
3	"Leaves, undivided, toothed"	"Hibiscus krichauffianus"
4	"Leaves and stems with scattered hairs"	"Hibiscus brachysiphonius"
4	"Leaves and stems velvety-tomentose"	"Hibiscus solanifolius"
