from	statement	to
1	"Inflorescence an open panicle; spikelets not all subtended by a bristle."	2
1	"Inflorescence dense and spike-like; spikelets usually all subtended by at least 1 bristle"	6
2	"Primary inflorescence branches reflexed; 2nd glume 9–13-veined"	"Setaria reflexa"
2	"Primary branches not reflexed; 2nd glume 5–7-veined."	3
3	"Spikelets regularly arranged on the raceme axes"	"Setaria jubiflora"
3	"Spikelets irregularly arranged on the raceme axes."	4
4	"Perennials with wiry or setaceous culms"	"Setaria constricta"
4	"Annuals with compressible culms."	5
5	"Spikelets 2.75–3.1 mm long; culms pubescent or scabrid"	"Setaria basiclada"
5	"Spikelets 2–2.4 mm long; culms glabrous and smooth"	"Setaria clementii"
6	"Leaf blades zigzag in section"	"Setaria palmifolia"
6	"Leaf blades straight, U-, V-shaped or curled in section."	7
7	"Bristles of the inflorescence with teeth directed backwards"	"Setaria verticillata"
7	"Bristles of the inflorescence with teeth directed towards the apex."	8
8	"2nd glume approximately half the length of the spikelet; 2nd lemma strongly wrinkled."	9
8	"2nd glume approximately as long as the spikelet; 2nd lemma smooth or slightly wrinkled."	10
9	"Perennial; inflorescence 3–8 mm broad excluding the bristles"	"Setaria parviflora"
9	"Annual; inflorescence 4–6 mm broad excluding the bristles"	"Setaria pumila"
10	"Bristles 0–2 below each spikelet; inflorescence sparse"	"Setaria dielsii"
10	"Bristles often 3 or more below each spikelet; inflorescence dense."	11
11	"Panicle 4–25 cm long, 1–2.5 cm broad excluding the bristles; glumes and the 1st lemma remaining on the inflorescence after the fruit is shed"	"Setaria italica"
11	"Panicle 4–8 cm long, 0.4–1 cm broad; glumes and lemmas shed with the fruit"	"Setaria viridis"
