from	statement	to
1	"Glumes fused for about one-third to one-half of their length; keels sparsely and shortly (usually less than 0.5 mm long) hairy"	"Alopecurus myosuroides"
1	"Glumes almost free or fused for up to one-quarter of their length; keels strongly ciliate (cilia up to 1 mm long)"	2
2	"Spikelets 4.5–6.5 mm long; anthers 2.5–3.5 mm long"	"Alopecurus pratensis"
2	"Spikelets 2.5–3.5 mm long; anthers 1–1.5 mm long"	3
3	"Awn 1–3.5 mm long"	"Alopecurus aequalis"
3	"Awn 4.5–6 mm long"	"Alopecurus geniculatus"
