from	statement	to
1	"Standard and wings pale purple; ovary and pods hairy (sometimes glabrescent), pods sessile"	2
1	"Standard and wings a deep purple-blue; ovary and pods completely glabrous, pods stipitate (garden escapes)"	3
2	"Sub-shrubs with an indumentum of straight appressed hairs; bract and bracteoles 0.6-1.8 (-2.2) mm long; standard 6-8 mm long; pod sparsely hairy (SE)"	"Hovea heterophylla"
2	"Shrubs with an indumentum of curled hairs; bract and bracteoles 2.2-4.0 mm long; standard 11-17 mm long; pod densely hairy (FR)"	"Hovea purpurea"
3	"Leaves pungent; stipules setaceous, mostly > 2 mm long"	"Hovea pungens"
3	"Leaves not pungent; stipules lanceolate, to c. 2 mm long"	"Hovea trisperma"
