from	statement	to
1	"Leaves densely covered with appressed hairs so that the surface is not visible; lateral part-inflorescence at least once branched"	"Echium simplex"
1	"Leaves densely covered with spreading or incompletely appressed hairs so that the surface is visible; lateral part-inflorescence usually not branched"	2
2	"Cauline leaves with cordate to auriculate base; corolla purplish- blue; plant usually annual"	"Echium plantagineum"
2	"Cauline leaves with cuneate base; corolla yellow or blue; plant biennial or perennial"	3
3	"Corolla yellow; coarse hairs with a broad base, yellow on young parts of the inflorescence and densely covering both surfaces of the leaves"	"Echium italicum"
3	"Corolla blue; coarse hairs with a broad base, white on inflorescence, densely covering the upper surface of the leaves but mainly restricted to the veins on the lower surface"	"Echium vulgare"
