from	statement	to
1	"Stems glabrous (although except when very young in Pimelea ligustrina); leaves glabrous"	2
1	"Stems hairy (although sometimes glabrescent with age in Pimelea phylicoides); leaves glabrous or hairy"	9
2	"Shrubs; dioecious; female perianth tube continued only shortly, if at all, above the ovary; persistent or tardily circumscissile above or around the ovary after flowering"	3
2	"Shrubs or herbaceous perennials with woody bases; flowers bisexual or in some species occasionally female by abortion in Pimelea linifolia and Pimelea ligustrina; perianth continued well above the ovary and circumscissile above the ovary after flowering"	4
3	"Perianth glabrous inside and outside; pedicels covered with long coarse hairs"	"Pimelea serpyllifolia"
3	"Perianth glabrous inside and covered outside with short fine curly hairs which may be absent on the tube or lobes but never both; pedicels covered (sometimes sparsely) with short fine hairs"	"Pimelea microcephala"
4	"Bracts ovate to broad ovate then acuminate to a point, hairy inside; persistant base of perianth hairy; anther cells on a broad dorsal connective and parallel on the inner face when dehisced"	"Pimelea stricta"
4	"Bracts elliptic to broad ovate but not acuminate to a point, hairy or glabrous inside; persistant base of perianth glabrous; anther cells on a narrow connective and back to back when dehisced"	5
5	"Bracts enclosing an inflorescence to 35 mm wide, glabrous inside and outside; Kangaroo Island"	"Pimelea macrostegia"
5	"Bracts not enclosing an inflorescence to only 25 mm wide, glabrous or hairy inside, glabrous outside"	6
6	"Inner involucral bracts ciliate on the margins"	7
6	"Involucral bracts not ciliate on the margins"	8
7	"Persistent base of perianth glabrous"	"Pimelea glauca"
7	"Persistent base of perianth hairy"	"Pimelea ligustrina"
8	"Leaves up to 30 mm wide with major reticulate veins distinct on the lower surface; seed coat reticulate, pits irregular and not arranged in rows"	"Pimelea ligustrina"
8	"Leaves up to 10 mm wide with only the midrib and rarely intramarginal veins distinct on the lower  surface. Seed coat reticulate, pits irregular and not arranged in rows"	"Pimelea linifolia"
9	"Leaves glabrous (although sometimes bearing a few scattered hairs on young leaves)"	10
9	"Leaves hairy"	14
10	"Dioecious shrubs (with occasional bisexual flowers in Pimelea flava subsp. flava ); female perianth persistent or tardily circumscissile above the ovary after flowering"	11
10	"Shrubs; flowers bisexual or occasionally female by abortion; perianth circumscissile above the ovary after flowering"	13
11	"Female perianth 1.25-3.5 mm long; leaves 1-3 mm wide, convex to almost flat"	"Pimelea hewardiana"
11	"Female perianth 3.5-7 mm long; leaves 1-10 mm wide, concave or flat"	12
12	"Bracts exceeding the inflorescence; leaves narrow-elliptic to elliptic up to 33 mm long; pedicels bearing short hairs; flowers white; female perianth slender and continued well above the ovary; seed patterned with rows of pits"	"Pimelea petrophila"
12	"Bracts not exceeding the inflorescence; leaves up decussate often hiding the stem to 10 (-19) mm long; pedicels bearing long hairs; flowers white or yellow; female perianth slender and continued only shortly above the ovary; seed patterned with furrows"	"Pimelea flava"
13	"Stems densely covered with short fine hairs although often glabrescent with age; seedcoat foveate with pits in rows; erect or straggling shrub to 0.5 m high"	"Pimelea humilis"
13	"Stems glabrous except for a few short fine hairs on very young peduncles and for a few scattered hairs for 1or 2 internodes below the inflorescence; seed coat foveolate, the pits not in rows; shrub to 2m"	"Pimelea ligustrina"
14	"Dioecious shrub; leaves covered with silky hairs on both surfaces giving a silver sheen"	"Pimelea penicillaris"
14	"Shrubs or woody annuals with bisexual flowers; leaves glabrescent to hairy but  never silky"	15
15	"Flowers borne in terminal heads which sometimes appear lateral due to the on growth of an axillary bud subtended by the leaves immediately below the inflorescence"	16
15	"Flowers borne in ebracteate spikes which are compact when young and elongate at maturity (sometimes remaining compact in Pimelea simplex)"	21
16	"Inflorescence always appearing terminal; involucre not usually grading into the upper leaves; pedicels grouped together on a dome-shaped receptacle"	17
16	"Inflorescence often appearing lateral; involucre grading into the upper leaves; pedicels not grouped together on a dome-shaped receptacle but clustered on the end of the peduncle"	20
17	"Leaves 2-8.5 mm long; involucral bracts 3-6 in number, glabrous on the upper surface; flowers 3-18 in each head"	"Pimelea phylicoides"
17	"Leaves 2-15mm long; involucral bracts 6-22 in number, sparsely hairy on the upper surface; flowers 25 to over 100 in each head"	18
18	"Bracts 6-12 in number, leaves and bracts bearing long fine hairs on both surfaces, stamens much shorter than sepals, shrub to 1 m"	"Pimelea octophylla"
18	"Bracts 8-22 in number, leaves and bracts with long fine or coarse hairs on both or lower surface only, stamens shorter or longer than sepals, shrub to 0.5 m"	19
19	"Hairs of hypanthium long on the ovary-portion, abruptly shorter on style portion; leaves and bracts bearing long coarse antrorse hairs on lower surface only"	"Pimelea subvillifera"
19	"Hairs of hypanthium not longer on ovary-portion or slightly longer and grading into shorter hairs on style-portion; leaves and bracts bearing long fine white straggling hairs on both surfaces"	"Pimelea imbricata"
20	"Leaves concolorous, densely hairy on both surfaces when young, often silvery, style-portion of hypanthium scarcely developed, c. 0.8 mm long, fruit pear-shaped"	"Pimelea micantha"
20	"Leaves concolorous or discolorous, glabrous or almost so adaxially with appressed hairs on the lower surface, usually green, style-portion of hypanthium usually well developed 2-5 mm long, fruit not pear shaped, uniformly expanding towards one end"	"Pimelea curviflora"
21	"Perianth covered outside with short fine white hairs and long coarse brown patent hairs which are longest on the persistent base and often white in the bud"	"Pimelea williamsonii"
21	"Perianth covered outside with hairs of varying length and thickness which are never brown"	22
22	"Spikes at times remaining compact or elongating to up to 18 mm at maturity, dense"	"Pimelea simplex"
22	"Spikes elongating to over 100 mm at maturity, interrupted"	23
23	"Perianth tube densely covered outside with short antrorse hairs"	"Pimelea elongata"
23	"Perianth tube densely covered outside with long patent hairs"	"Pimelea trichostachya"
