from	statement	to	shortcut
1	"Male and female flowers arranged in heads resembling single flowers, surrounded by a cup-shaped usually glandular involucre (cyathium)"	Euphorbia	
1	"Male and female flowers distinct, not arranged in heads or resembling single flowers"	2	
2	"Leaves opposite"	3	
2	"Leaves alternate, present or absent"	4	
3	"Leaves 0.5–3 cm long; capsule 1-celled and 1-seeded by abortion; petals absent"	Bertya	
3	"Leaves 2-12 cm long; capsule 2- or more-celled; petals absent or present"	Adriana	
4	"Stamens 3–10; petals present or absent; seed acarunculate (except in Croton and Homalanthus)"	5	
4	"Stamens numerous; petals absent; seed carunculate"	9	
5	"Plant herbaceous, stellate-pubescent; ovary 1- or 3-celled"	6	
5	"Plant a shrub or tree, glabrous or almost so; ovary 3-celled; seed acarunculate"	7	
6	"Plant sparsely covered with stellate hairs; leaves entire or toothed; styles 3, bifid; capsule covered with peltate scales; seed acarunculate"	Chrozophora	"Chrozophora tinctoria"
6	"Plant densely covered with stellate hairs; leaves entire; style 1, simple; capsule smooth; seed carunculate"	Croton	"Croton setiger"
7	"Tree or shrub, to 12 m high; leaves broad, orbiculate to ovate or triangular, 4-25 cm long; inflorescences terminal, elongate thyrses, to 10 cm long, with numerous flowers; petals absent"	Homalanthus	"Homalanthus populifolius"
7	"Shrubs and subshrubs, to 0.6 m high; leaves small, to 4 cm long; inflorescences in few flowered, small, axillar clusters or terminal heads; petals present or absent"	8	
8	"Stiff erect shrubs with angular usually leafless branches; flowers in axillary clusters; petals absent; style branches entire; capsule with 6 erect appendages"	Amperea	"Amperea xiphoclada"
8	"Ascending subshrubs with distinct peltate leaves; flowers in terminal heads; petals present; style branches fringed; capsule without appendages"	Monotaxis	"Monotaxis luteiflora"
9	"Stamens free on the low rounded receptacle; stigma sessile, 3-lobed; capsule almost globular"	Beyeria	
9	"Stamens united by filaments into a central column"	10	
10	"Leaves 20–60cm long; palmately 7–9-lobed; capsule 15–25 mm long, soft-spiny; monoecious"	Ricinus	"Ricinus communis"
10	"Leaves less than 10 cm long, never palmately lobed; capsule 6–10 mm long, smooth; dioecious"	11	
11	"Leaves 2–9 cm long, coarsely toothed or lobed; flowers in terminal spikes; dioecious"	Adriana	
11	"Leaves 0.5–3 cm long, entire; flowers solitary in axils; monoecious"	Bertya	
