from	statement	to
1	"Glumes hairy; lemma with an awn usually 4–10 mm long rarely shorter"	"Eriachne aristidea"
1	"Glumes glabrous; lemma usually without an awn (but see Eriachne helmsii)"	2
2	"Spikelets 3–5 mm long; small delicate annuals with scattered long tubercle-based hairs"	"Eriachne pulchella"
2	"Spikelets 4–10 mm long; more or less rigid, glabrous or less prominently hairy perennials"	3
3	"Lemmas recurved and in the upper part diverging from the palea, 7–9 mm long"	"Eriachne ovata"
3	"Lemmas straight or incurved, usually 5–6 mm long"	4
4	"Base of the plant woolly; lemmas evenly narrowed to the apex, ciliate close to the margins in the upper part"	"Eriachne helmsii"
4	"Base of the plant shortly hairy but not woolly; lemmas abruptly contracted towards the apex, glabrous close to the margins in the upper part"	"Eriachne mucronata"
