from	statement	to
1	"Ovary inferior or semi-inferior; capsule circumciss; flowers sessile, in terminal heads"	Portulaca
1	"Ovary superior; capsule valvate or with a terminal pore; flowers pedicellate, in few- to many-flowered cymes"	2
2	"Leaves with axillary hairs; capsule separating into caducous epicarp and persistent endocarp, the valves of which are surrounded by and alternate with hardened bristle-like nerves"	Anacampseros
2	"Leaves lacking axillary hairs; capsule with united pericarp"	3
3	"Stem leaves 2, opposite, broad-ovate to rounded, more than 1 cm diam., connate into a large cup-like involucre or disk below the inflorescence"	Claytonia
3	"Stem leaves numerous or rarely absent, alternate or opposite, linear to oblanceolate or spathulate, never broad-ovate or rounded, less than 1 cm diam., never connate and never forming a disk"	4
4	"Leaves with dilated membranous or scarious base, stem-clasping; petals united at the base"	Montia
4	"Leaves usually sessile, rarely petiolate, never dilated at the base, not stem-clasping; petals free"	Calandrinia
