from	statement	to
1	"Perennials; leaves numerous in dense rosettes; flowers subtended by 2 sterile bracts"	2
1	"Annuals; leaves alternate, opposite or if in rosettes then up to 8; flowers without sterile bracts"	3
2	"Leaves 5–30 cm long, in 1 basal rosette"	"Stylidium graminifolium"
2	"Leaves 0.5–0.9 cm long, in several rosettes along the stem"	"Stylidium tepperanum"
3	"Ovary globular; sepals equally connate"	4
3	"Ovary obconical; sepals unequally connate"	5
4	"Upper pair of petals truncate and variously lobed; column with a basal tooth"	"Stylidium calcaratum"
4	"Upper pair of petals with a rounded apex; column without a spur"	"Stylidium perpusillum"
5	"Leaves along the stem and internodes visible at least between some of them; stem more or less fleshy"	"Stylidium despectum"
5	"Leaves in a basal rosette; stem fleshy below the leaf rosette"	6
6	"Corolla lobes radiating; column insensitive and not activated"	"Stylidium beaugleholei"
6	"Corolla lobes unequally laterally paired; column sensitive and activated by pollinators"	"Stylidium inundatum"
