from	statement	to
1	"Racemes devoid of spikelets at the base for 2–12 cm (very rarely with a few spikelets at the base and then bare for a few cm)"	2
1	"Racemes bearing spikelets right to their base, very rarely bare for a few mm (or to 2 cm in Digitaria brownii)"	3
2	"Spikelets 2–3.1 mm long (excluding hairs)"	"Digitaria ammophila"
2	"Spikelets 3.1–5 mm long (excluding hairs)"	"Digitaria coenicola"
3	"Spikelets concealed by the long silky hairs on the 2nd glume and sterile lemma"	"Digitaria brownii"
3	"Spikelets glabrous or variously hairy but not concealed by long silky hairs"	4
4	"Spikelets paired, 3–3.5 mm long"	5
4	"Spikelets in threes at least below, 1.5–2.25 mm long"	8
5	"Hairs on long-pedicelled spikelets long and spreading; on short-pedicelled spikelets shorter and more appressed"	"Digitaria ctenantha"
5	"Hairs on both spikelets similar"	6
6	"2nd glume and 1st lemma similar in length"	"Digitaria aequiglumis"
6	"2nd glume less than three-quarters of the length of the 1st lemma"	7
7	"Lower lemma smooth on the veins; leaves often glabrous"	"Digitaria ciliaris"
7	"Lower lemma scabrid/spiny on the lateral veins at least in the upper part; leaves usually variously hairy"	"Digitaria sanguinalis"
8	"Spikelets at least 1.8 mm long; lower lemma hairs sometimes recurved"	"Digitaria ischaemum"
8	"Spikelets up to 1.8 mm long; lower lemma hairs not recurved"	"Digitaria violascens"
