from	statement	to
1	Herbs	2
1	"Woody plants"	5
2	"Petals and outer calyx present; carpels numerous on a dry convex torus"	Potentilla
2	"Petals absent; carpels 1 or 2, enclosed in dry hollow receptacular tube, but not united with it"	3
3	"Outer calyx present; receptacle smooth; leaves palmatifid"	Aphanes
3	"Outer calyx absent; leaves pinnate"	4
4	"Receptacle prickly"	Acaena
4	"Receptacle pitted"	Sanguisorba
5	"Shrubs or sprawlers with hooked prickles"	6
5	"Shrubs or trees; unarmed or juvenile phases with straight pungent spines"	7
6	"Carpels becoming little drupes united in a juicy head on a convex receptacle"	Rubus
6	"Carpels becoming achenes free within the hollow more or less succulent receptacle"	Rosa
7	"Evergreen shrubs"	8
7	"Deciduous shrubs or trees"	9
8	"Leaves more than 8 cm long, glossy"	Prunus
8	"Leaves less than 3 cm long, sparsely pubescent"	Cotoneaster
9	"Ovary more or less superior; flowers solitary or in small clusters; fruit a drupe; endocarp bony"	Prunus
9	"Ovary more or less inferior; flowers in corymbs (Cydonia solitary); fruit a pome"	10
10	"Flowers solitary; leaves entire"	Cydonia
10	"Flowers in corymbs; leaves lobed or serrate"	11
11	"Leaves with 3-5 lobes; fruits in a small cluster, red; mostly less than 2 cm diam"	Crataegus
11	"Leaves serrate, not lobed; fruit mostly solitary, more than 2 cm diam"	12
12	"Leaves more or less glossy, glabrous; fruit with abundant stone cells"	Pyrus
12	"Leaves more or less dull, more or less pubescent below, fruit without stone cells"	Malus
