from	statement	to
1	"Leaf-margin with few to numerous denticulations or teeth with spiny tips to c. 1 mm long, or margin entire, generally not prickly; auricles commonly sagittate, sometimes downcurved but not arched back towards apex; achenes ± oblanceolate, 0.5-1 mm wide, with l:w ratio > 3, weakly to strongly tranversely wrinkled"	"Sonchus oleraceus"
1	"Leaf-margin with numerous denticulations or teeth with spiny tips to c. 5 mm long, prickly or not; auricles rounded, downcurved and arched back toward apex; achenes elliptic or slightly obovate, 0.8-2.0 mm wide, with l:w ratio < 3, without transverse wrinkles"	2
2	"Mid-stem leaves with l:w ratio 1.5-5 (-8); achenes ± elliptic 2.0-3.2 mm long, central ones orange-brown and marginal ones pale yellow"	"Sonchus asper subsp. asper"
2	"Mid-stem leaves with l:w ratio 3-10; achenes oblong-elliptic, 2.8-4.2 mm long, usually all mid to dark chocolate-brown"	"Sonchus hydrophilus"
