from	statement	to
1	"Leaves deeply pinnate- or palmate-dissected; hairs very harsh"	"Pelargonium x asperum"
1	"Leaves lobed or almost unlobed but dentate; hairs soft or glandular"	2
2	"Lobes of the leaf acute"	"Pelargonium x domesticum"
2	"Lobes of the leaf obtuse or leaf almost unlobed"	3
3	"Fertile stamens 3–5 rarely 6"	"Pelargonium littorale"
3	"Fertile stamens 6–8"	4
4	"Roots not tuberous; hairs on calyx mostly eglandular, long"	"Pelargonium australe"
4	"Roots tuberous; hairs on calyx mostly glandular, short"	"Pelargonium rodneyanum"
