from	statement	to
1	"Leaves entire; sepals and petals 3 or 4; superior petal 5–7-lobed, lobing more or less one-third the length of the petal; seeds smooth, shiny, c. 1 mm long"	"Reseda luteola"
1	"Leaves divided; sepals and petals 5 or"	2
2	"Sepals and petals 5; superior petal 3- or 4-lobed, lobing more or less half the length of the petal; seeds dull, granular, 1.25–1.5 mm long"	"Reseda alba"
2	"Sepals and petals"	3
3	"Superior petal 3-lobed; seeds smooth, shiny, 1.5–2 mm long"	"Reseda lutea"
3	"Superior petal multipartite, 9–14-lobed; seeds rugose, shiny, 1.75–2 mm long"	"Reseda odorata"
