from	statement	to
1	"Outermost involucral bracts completely appressed to the next series, always with a clear white border, c. 0.3-0.5 mm wide; ligules scarcely exceeding the involucre"	"Taraxacum sect. Australasica"
1	"Outermost involucral bracts not completely appressed to the next series, at least the upper part patent to reflexed, variously bordered; ligules mainly far exceeding the involucre"	2
2	"Cypselas pale red to dark brown, cone cylindrical > 0.5 mm long"	"Taraxacum sect. Erythrosperma"
2	"Cypselas olive-green, grey or pale brown, cone various"	3
3	"Outermost involucral bracts unbordered or with a narrow white border < 0.5 mm wide, lanceolate, erect to reflexed, with or without a callus"	4
3	"Outermost involucral bracts with a white border > 0.5 mm wide, cordate to ovate-lanceolate, patent to recurved, usually with a callus"	"Taraxacum sect. speciesgroup2"
4	"Petioles and midribs clearly striate on the upper surface (i.e. with interwoven purple and green strands visible with a x5 lens); involucral bracts without a callus"	"Taraxacum sect. Hamata"
4	"Petioles and midribs green or uniformly purple on the upper surface, not striate; involucral bracts with or without a callus"	5
5	"Cypsela cone < 0.7 mm long"	6
5	"Cypsela cone > 0.7 mm long"	"Taraxacum sect. speciesgroup1"
6	"Cypsela cone tapering abruptly to the beak (conical to subconical); outer involucral bracts without a callus"	"Taraxacum sect. Taraxacum"
6	"Cypsela cone tapering gradually to the beak (cylindrical); outer involucral bracts with a callus"	"Taraxacum sect. speciesgroup1"
