from	statement	to
1	"Leaves linear, terete or almost so; axillary hairs conspicuous, more than 5 mm long"	"Portulaca filifolia"
1	"Leaves obovate to oblanceolate, dorsiventrally flattened; axillary hairs inconspicuous, to 1 mm long"	2
2	"Petals 10–17 mm long, twice as long as the sepals; stamens more than 20; seeds with the tubercles of the seed coat nippled or pointed"	"Portulaca intraterranea"
2	"Petals 4–7 mm long, scarcely exceeding the sepals; stamens fewer than 20; seeds with the tubercles of the seed coat rounded"	"Portulaca oleracea"
