from	statement	to
1	"Aquatic freshwater perennials, with thick rhizomes (c. 8 mm); leaves to 2 m long; fertile carpels (in S.Aust.) usually 6; fruits c. 10 mm long"	"Triglochin procerum"
1	"Annuals or perennials of marshy places; leaves to 30 cm long; fertile carpels"	2
2	"Carpels 3, all fertile; fruits c. 4 mm long, conical at the apex"	"Triglochin turriferum"
2	"Carpels 6, 3 fertile alternating with 3 sterile"	3
3	"Fruit without hooks, spurs or wings"	4
3	"Fruit with wings, spurs or hooks"	6
4	"Perennials with fine (c. 1 mm thick) rhizomes; sterile carpels conspicuous"	"Triglochin striatum"
4	"Annuals; sterile carpels not well developed"	5
5	"Racemes loose; fruit c. 2 mm long"	"Triglochin muelleri"
5	"Racemes dense; fruit c. 1 mm long"	"Triglochin ovoideum"
6	"Fertile carpels each with 2 papery wings (so fruit has 6 wings)"	"Triglochin hexagonum"
6	"Fertile carpels without wings, but with hooks or spurs"	7
7	"Fertile carpels with conspicuous spreading tips, bases with-out hooks or spurs"	"Triglochin mucronatum"
7	"Fertile carpels with minute erect tips, bases with hooks or spurs"	8
8	"Fruits 5_6 mm long, basal spurs conspicuous and strongly recurved"	"Triglochin calcitrapum"
8	"Fruits 2_5 mm long, basal spurs short, either spreading or deflexed"	9
9	"Fruit pyramidal, 3_5 mm long"	"Triglochin centrocarpum"
9	"Fruit subellipsoid, 2_2.5 mm long"	"Triglochin trichophorum"
