from	statement	to
1	"Calyx with deep triangular or lanceolate acute or acuminate lobes"	2
1	"Calyx more or less truncate or toothed or with linear lobes"	3
2	"Peduncles 5–20 mm long; anthers enclosed or slightly exserted"	"Correa aemula"
2	"Peduncles 2–4 mm long; anthers exserted"	"Correa calycina"
3	"Calyx with prominent lobes between the calyx teeth; flowers erect; anthers prominently exserted"	"Correa decumbens"
3	"Calyx without intermediate lobes"	4
4	"Corolla white or pale-pink, eventually splitting to the base"	"Correa alba"
4	"Corolla greenish and/or reddish, rarely splitting to the base"	5
5	"Corolla uniformally pale-red, orange (or white); small anthers 0.5–1 mm"	"Correa pulchella"
5	"Corolla greenish or the tube and lobes differing in colour"	6
6	"Calyx campanulate or semi-orbicular"	7
6	"Calyx cup-shaped"	8
7	"Calyx semi-orbicular, 4-dentate"	"Correa reflexa"
7	"Calyx campanulate, entire"	"Correa schlechtendalii"
8	"Branches subglabrous; fresh leaves with fruity or pungent lemon smell; anthers well exserted"	"Correa glabra"
8	"Branches tomentose; fresh leaves with peppery smell; anthers barely exserted"	"Correa reflexa"
