from	statement	to
1	"Leaf shape cylindrical"	2
1	"Leaf shape oval-oblong or strap like"	5
2	"Cylindrical leaves leathery, difficult to tear"	"Posidonia ostenfeldii ‘complex’"
2	"Cylindrical leaves not leathery, nor difficult to tear"	3
3	"Leaf diameter usually > 1 mm"	"Syringodium isoetifolium"
3	"Leaf diameter < 1 mm, plants fine and thread like"	4
4	"Mature flowers on spiral stalk"	Ruppia
4	"Flowers in small clusters at ends of shoots"	Lepilaena
5	"Leaf shape oval-oblong"	6
5	"Leaf shape strap-like"	9
6	"Obvious vertical stem with 3 or more leaves"	"Halophila spinulosa"
6	"Leaves with petioles, in pairs"	7
7	"Leaf hairs on leaf blade, margins serrated"	"Halophila decipiens"
7	"No leaf hairs, leaf margins smooth"	8
8	"Flowers attached to rhizome, 3 styles"	"Halophila ovalis ‘complex’"
8	"Flowers on vertical stalks, 6 styles"	"Halophila australis"
9	"Leaf shape strap-like on long vertical stem"	10
9	"Leaf shape strap-like no, or very short, vertical stem"	14
10	"Leaf tips serrated"	11
10	"Leaf tips not serrated"	12
11	"In temperate Western Australia"	"Thalassodendron pachyrhizum"
11	"Not in temperate Western Australia"	"Thalassodendron ciliatum"
12	"Leaf length < 8 cm, leaf cross-veins obscure"	13
12	"Leaf length > 8 cm, leaf cross-veins obvious"	"Zostera tasmanica ‘complex’"
13	"Leaf sheath overlaps at base only"	"Amphibolis antarctica"
13	"Leaf sheath overlaps along entire sheath"	"Amphibolis griffithii"
14	"Leaf tips 1 to 3 points"	15
14	"Leaf tip serrated or Newly-formed leaf tip rounded, flattened or notched"	17
15	"Leaf tip to a single point, plants fine and threadlike, leaf veins not obvious"	16
15	"Leaf tips 1-3 points, distinct parallel leaf veins"	"Halodule uninervis"
16	"Mature flowers on spiral stalk or at base of shoot"	Ruppia
16	"Flowers in small clusters at end of shoot"	Lepilaena
17	"Leaf tip serrated"	18
17	"Newly-formed leaf tip rounded, flattened or notched"	19
18	"Leaf width usually > 5 mm and > 13 mm leaf veins"	"Cymodocea serrulata"
18	"Leaf width usually < 5 mm and < 13 mm leaf veins"	"Cymodocea angustata"
19	"Leaves thickened and leathery, difficult to tear, usually convex in cross-section"	"Posidonia ostenfeldii ‘complex’"
19	"Leaves flattened and membranous"	20
20	"Rhizome < 3 mm diameter, leaf tip can be notched or spiked"	21
20	"Rhizome > 5 mm diameter, leaf tip square to rounded"	22
21	"Australia, NZ"	"Zostera muelleri or young Z. tasmanica ‘complex’"
21	Africa	"Zostera capensis"
22	"Old leaf sheath hairy"	23
22	"Old leaf sheath reddish colour and membranous, leaf length to 1-2 m, < 11 mm wide"	"Posidonia sinuosa"
23	"Old leaf sheath pale colour and hairy, leaf length < 0.6 m, 6-20 mm wide"	"Posidonia australis"
23	"Old leaf sheath variable colour and hairy, leaf length to 1.2 m, 4-7 mm wide"	"Posidonia angustifolia"
