from	statement	to
1	"Capitula in a dense elongated panicle"	2
1	"Capitula in a dense globose head"	4
2	"Biennial with a basal rosette; leaves white below, dark-green above"	"Gnaphalium spicatum"
2	"Annuals without distinct basal rosettes; leaves similarly green and hairy on both surfaces"	3
3	"Pappus bristles free"	"Gnaphalium polycaulon"
3	"Pappus bristles joined at the base"	"Gnaphalium subfalcatum"
4	"Leaves white- or grey-woolly on both surfaces"	5
4	"Leaves white-tomentose below, green and glabrous to cobwebby above"	6
5	"Leaves oblanceolate"	"Gnaphalium diamantinense"
5	"Leaves narrowly oblong to linear"	"Gnaphalium indutum"
6	"Annual; bisexual floret solitary in each capitulum"	"Gnaphalium sphaericum"
6	"Stoloniferous perennials; bisexual florets 3 or more in each capitulum"	7
7	"Rosette of basal leaves prominent and alive at flowering time"	8
7	"Rosette of basal leaves small, dead at flowering time"	"Gnaphalium involucratum"
8	"Head with 2–9 capitula; flowering stem 2–10 cm long"	"Gnaphalium ensifer"
8	"Head with 10–20 capitula; flowering stem 10–30 cm long"	"Gnaphalium gymnocephalum"
