from	statement	to
1	"Plants stemless; capitula sessile at base of plant"	"Crepis pusilla"
1	"Plants developing aerial stems; capitula pedunculated"	2
2	"Stem leaves moderately hairy, entire to lobate; involucral bracts lacking black hairs; capitular buds nodding; central achenes 12-17 mm long, exceeding bracts at maturity"	"Crepis foetida subsp. foetida"
2	"Stem leaves glabrous or nearly so, or if moderately hairy then usually mostly pinnatisect; involucral bracts often with black midline hairs; capitular buds erect; central achenes 1.5-9 mm long, shorter than bracts at maturity"	3
3	"Outer bracts lanceolate, 1.0-1.3 mm wide; achenes 6-9 mm long, beaked; pappus clearly overtopping bracts"	"Crepis vesicaria subsp. taraxacifolia"
3	"Outer bracts narrow-lanceolate to linear, 0.3-0.6 mm wide; achenes 1.5-2.5 mm long, not or hardly beaked; pappus not or hardly overtopping bracts"	4
4	"Involucre not densely white-woolly, achenes 1.5-2.5 mm long"	"Crepis capillaris"
4	"Involucre densely white-woolly, achenes 4-6 mm long"	"Crepis dioscoridis"
