from	statement	to
1	"Seedling leaves green; adult leaves maturing glossy, green"	"Eucalyptus socialis subsp. viridans"
1	"Seedling leaves blue-green to greyish; adult leaves dull, blue-green"	2
2	"Fruit 7–11 × 6.5–9.5 mm; flower buds 12.5–19 mm long"	"Eucalyptus socialis subsp. victoriensis"
2	"Fruit 5–8 × 4.5–7.5 mm; flower buds 10–13 (–17) mm long"	3
3	"Branchlets and flower buds not pruinose; flowers creamy-white"	"Eucalyptus socialis subsp. socialis"
3	"Branchlets and flower buds usually pruinose; flowers cream to pale yellow"	"Eucalyptus socialis subsp. eucentrica"
