from	statement	to
1	"Hypanthium 1.5–4.75 mm long"	2
1	"Hypanthium 7–16 mm long"	4
2	"Plant glabrous"	"Calytrix glaberrima"
2	"Plant pubescent"	3
3	"Bracteoles persistent"	"Calytrix alpestris"
3	"Bracteoles deciduous"	"Calytrix smeatoniana"
4	"Stamens 1-seriate, bracteoles slightly or not keeled"	5
4	"Stamens 2-seriate, bracteoles strongly keeled"	"Calytrix carinata"
5	"Hypanthium adnate to the style for part of its length"	"Calytrix tetragona"
5	"Hypanthium free from the style throughout"	6
6	"Leaf blade broadly obtriangular to depressed-angular-obovate in transverse section"	"Calytrix involucrata"
6	"Leaf blade suborbicular in transverse section"	"Calytrix gypsophila"
