from	statement	to
1	"Leaves greyish, ovate-lanceolate, to 2mm, ±keeled, vaginate, concealing branchlets so they appear articulate; flowers 5-merous; sepals entire"	"Tamarix aphylla"
1	"Leaves green or greyish, ± triangular, 1.5 - 4mm, sessile with narrow base, ±amplexicaul; flowers 4 or 5- merous; sepals denticulate"	2
2	"Flowers 4-merous; leaves green; bracts diaphanous, often reddish tipped; sepals connate at base; staminal filaments emerging from the ends of and confluent with the disk lobes; young bark brown to purple; infloresences usually on previous season’s growth"	"Tamarix parviflora"
2	"Flowers 5-merous; leaves greyish; bracts herbaceous; sepals not connate at base; staminal filaments emerging from near the margin of the disk but between and beneath the disk lobes; young bark reddish brown; inflorescences usually on current season’s growth"	"Tamarix ramosissima"
