from	statement	to
1	"Leaves crowded, mostly in fascicles, with lower surfaces more or less concealed by the revolute margins"	"Dampiera rosmarinifolia"
1	"Leaves remote or rarely a few together at the nodes, with exposed lower surfaces"	2
2	"Leaves glabrous on both surfaces"	"Dampiera leptoclada"
2	"Leaves tomentose below, glabrous or glabrescent above"	3
3	"Stems finely brown-tomentose; peduncles usually solitary, each bearing 1-3 flowers"	"Dampiera marifolia"
3	"Stems glabrescent or rarely remaining grey-or whitish-tomentose; peduncles 1-3 in each axil, each bearing 3-9 flowers"	4
4	"Bracts 5-7 mm long; corolla with appressed black and longer brownish hairs outside"	"Dampiera dysantha"
4	"Bracts 2-4 mm long; corolla with spreading grey plumose, dendritic or woolly hairs outside"	"Dampiera lanceolata"
