from	statement	to
1	"Leaves ovate; flowers purple; pedicel deflexed in fruit"	"Asclepias rotundifolia"
1	"Leaves linear-lanceolate"	2
2	"Flowers red; pedicels erect in fruit"	"Asclepias curassavica"
2	"Flowers white; pedicel defiexed in fruit"	3
3	"Corona-lobes compressed, the outer edge lower than the inner which terminates in 2 incurved teeth; follicle tapering into a narrow curved beak"	"Asclepias fruticosa"
3	"Teeth of the corona short and curved upwards; follicle obtuse at the summit, beak not curved"	"Asclepias physocarpa"
