from	statement	to
1	"Flowering stems procumbent; leaves pinnately compound, or if pinnatisect then with numerous lobes"	"Oenothera acaulis"
1	"Flowering stems erect; leaves toothed, lobed or if pinnatisect at the base then with up to 5 lobes"	2
2	"Plants covered with more or less appressed hairs; corolla white or pink"	"Oenothera speciosa"
2	"Plants with spreading hairs; corolla yellow turning wine-red"	3
3	"Hairs on stems below inflorescence with a broader red base; capsule broadest at the base"	"Oenothera glazioviana"
3	"Hairs on stems white; capsule broadened towards the apex"	4
4	"Floral tube 8–9 cm long; bracts subtending flowers with a cuneate base; plants silky-hairy"	"Oenothera affinis"
4	"Floral tube 1.8–2.4 cm long; bracts subtending flowers with a truncate to auriculate base; plants scarcely hairy"	"Oenothera stricta"
