from	statement	to
1	"Leaves and involucral bracts more or less entire, with spiny marginal teeth 1-2.5 mm long; stems glabrous"	"Carthamus tinctorius"
1	"Leaves and outer involucral bracts deeply lobed, with long-spinose margins; indumentum present on stems"	2
2	"Flowers pink-purple; crisped and arachnoid indumentum very sparse or absent on stems; involucres 8-10 mm across at anthesis (excluding patent involucral bracts); stems white; outer involucral bracts 2-3 times length of inner ones"	"Carthamus leucocaulos"
2	"Flowers yellow; multicellular hairs moderately dense to dense on stems, arachnoid indumentum sparse to dense on stems; involucres 15-20 mm across at anthesis (excluding patent involucral bracts); stems yellowish to straw-coloured; outer involucral bracts 1.2-1.8 times length of inner ones"	"Carthamus lanatus"
