from	statement	to
1	"Plant dull green; inflorescence 1-flowered or umbellate (rarely slightly racemose); standard petal sometimes or always > 4.5 mm wide"	2
1	"Plant glaucous; inflorescence very shortly racemose (appearing umbellate); standard petal < 4.5 mm wide; southern arid areas of S.A."	"Daviesia ulicifolia subsp.aridicola"
2	"Standard petal rosy red to deep red-orange, 7-8 × 7.5-9.5 mm; primarily southern Mt. Lofty region"	"Daviesia ulicifolia subsp.incarnata"
2	"Standard petal yellow, c. 3-6 × 3.5-9 mm"	"Daviesia ulicifolia subsp.ulicifolia"
