from	statement	to
1	"Leaf margins recurved to revolute (leaves occasionally flat to concave above or conduplicate), or if margins flat then leaf darker on the upper surface"	2
1	"Leaf margins incurved or involute, or if margins flat then leaf darker on the lower surface or concolourous"	11
2	"Leaves opposite-decussate, elliptic to orbicular, margins revolute, shortly mucronate, pubescent beneath with curled hairs"	"Pultenaea elachista"
2	"Leaves alternate"	3
3	"Flowers axillary, solitary or rarely paired; pedicels filiform, 5-30 mm long"	4
3	"Flowers in lax or dense head-like clusters, sessile, subsessile or on pedicels less than 4 mm long"	5
4	"Leaves narrow-lanceolate to narrow-elliptic, to 12 mm long, apex usually straight, acicular, lower surface often glabrescent; stem hairs usually appressed antrorse, mainland South Australia"	"Pultenaea pedunculata"
4	"Leaves elliptic or ovate to obovate, to 6 (-7.5) mm long, apex recurved, shortly mucronate, lower surface rarely glabrescent; stem hairs usually patent to spreading; Kangaroo Island endemic"	"Pultenaea insularis"
5	"Inflorescence-subtending bracts absent or leaf-like"	6
5	"Inflorescence-subtending bracts scale-like, forming an involucre"	7
6	"Flower-subtending bracts leaf-like; branches largely concealed by the persistent stipules; leaves broad-ovate to -obovate or elliptic to orbicular, apex acute to obtuse"	"Pultenaea densifolia"
6	"Flower-subtending bracts scale-like; leaves narrow- to broad-cuneate or obcordate, apex bilobed to truncate"	"Pultenaea scabra"
7	"Leaves 3.8-40 mm long, obovate to cuneate, apex straight, rounded, truncate or bilobed, conspicuously mucronate and pungent"	"Pultenaea daphnoides"
7	"Leaves 2-16 mm long, not mucronate, or with a short recurved mucro"	8
8	"Petioles decurrent"	9
8	"Petioles not decurrent"	10
9	"Leaf apex obtuse, straight to slightly recurved, not mucronate, not pungent; stipules ? 1 mm long, stipule lobes divergent"	"Pultenaea kraehenbuehlii"
9	"Leaf apex acute to obtuse, with a short recurved mucro, pungent; stipules usually ? 1 mm long, stipule lobes parallel to slightly convergent "	"Pultenaea stricta"
10	"Leaves flat or concave above to conduplicate, apex acute or obtuse to emarginate, margins flat or only slightly recurved, lower surface appressed-pubescent "	"Pultenaea largiflorens"
10	"Leaves flat or convex above, margins recurved, apex often distinctly bi-lobed, lower surface villous"	"Pultenaea scabra"
11	"Bracteoles with ‘free’ stipules (distinctly tri-dentate or leaf-like with lateral stipular lobes, the outer lobes sometimes obscure)"	12
11	"Bracteoles without free stipules (bracteoles scale-like, more or less entire)"	16
12	"Leaves pungent-pointed"	13
12	"Leaves not pungent-pointed"	14
13	"Leaves glabrous, base attenuate to cuneate, apex straight"	"Pultenaea vestita"
13	"Leaves sparsely to densely hairy, base rounded, apex recurved"	"Pultenaea trifida"
14	"Petioles decurrent; bracts scale-like; flowers sessile"	"Pultenaea dentata"
14	"Petioles not decurrent; bracts all leaf-like, or leaf-like to scale-like; flowers subsessile or on pedicels to 6 mm long"	15
15	"Branchlet hairs appressed to ascending; leaves light green above, lower surface glabrous to appressed-pubescent, apex straight to recurved; inflorescence dense becoming lax; pedicels to 6 mm long; calyx sparsely to densely pubescent"	"Pultenaea laxiflora"
15	"Branchlet hairs ascending to spreading; lower leaf surface hispid (occasionally villous or glabrous), apex straight; inflorescence dense; pedicels to 3 mm long; calyx glabrous to sparsely pubescent"	"Pultenaea hispidula"
16	"Leaves not pungent-pointed"	17
16	"Leaves pungent-pointed"	32
17	"Flower-subtending bracts scale-like (the basal bracts sometimes leaf-like)"	18
17	"Flower-subtending bracts leaf-like"	26
18	"Inflorescence-subtending bracts absent, or leaf-like, or flowers solitary"	19
18	"Inflorescence-subtending bracts scale-like (the basal bracts sometimes leaf-like)"	24
19	"Flower-subtending bracts and bracteoles closely imbricating the calyx (calyx mostly or fully concealed)"	20
19	"Flower-subtending bracts and bracteoles not imbricating the calyx (calyx mostly exposed)"	21
20	"Leaves linear-terete, channeled above by involute margins, margins not long-ciliate"	"Pultenaea prostrata"
20	"Leaves lanceolate to narrow-lanceolate or narrow-elliptic, flat to concave above, margins incurved, long-ciliate"	"Pultenaea involucrata"
21	"Stipules and bracteoles viscid, the young stipules exuding a yellow wax"	"Pultenaea viscidula"
21	"Stipules and bracteoles not viscid (or stipules rarely viscid), the stipules not exuding a yellow wax"	22
22	"Bracteoles broad-ovate to narrow-lanceolate, scarious, mostly glabrous; lower leaf surface hispid (occasionally villous or glabrous); calyx to 4.8 mm long, sparsely pubescent to occasionally glabrous"	"Pultenaea hispidula"
22	"Bracteoles linear-lanceolate to subulate, densely villous; lower leaf surface almost glabrous to silky-pubescent or appressed-pubescent; calyx c. 6-7 mm long, moderately to densely villous"	23
23	"Leaves linear-terete, c. 0.5 mm wide, 1-furrowed above; calyx lobes sub-equal, the upper lobes ovate-acute, the lower lobes lanceolate-acuminate"	"Pultenaea teretifolia"
23	"Leaves elliptic to oblong or obovate to oblanceolate, 1-3 mm wide, concave above to conduplicate; calyx lobes usually ± equal, triangular-acuminate"	"Pultenaea canaliculata"
24	"Bracteoles and flower-subtending bracts tightly concealing the calyx; bracteoles ovate- to obovate-truncate; inflorescence initially dense becoming lax; calyx glabrous; leaves ovate-lanceolate to narrow-lanceolate or narrow-elliptic, flat to concave above, apex straight and acute, margins long-ciliate; endemic to the southern Mt Lofty Ranges"	"Pultenaea involucrata"
24	"Bracteoles and flower-subtending bracts not concealing the calyx; inflorescence dense"	25
25	"Lower leaf surface hispid (occasionally villous or glabrous), darker than above, apex straight; stipules 0.9-2.5 mm long, lanceolate; calyx to 4.8 mm long, sparsely pubescent to occasionally glabrous"	"Pultenaea hispidula"
25	"Lower leaf surface appressed-pubescent, concolourous or lighter than above, apex recurved, sometimes emarginate; stipules 0.5-1 mm long, triangular; calyx 5-7 mm long, moderately to densely appressed-pubescent"	"Pultenaea largiflorens"
26	"Bracteoles viscid; young stipules viscid, exuding a yellow wax"	27
26	"Bracteoles not viscid; young stipules not exuding a yellow wax"	28
27	"Young stipules with scented yellow wax; leaves linear to elliptic or ovate, 0.5-3 mm wide; inflorescence usually lax; bracteoles 1-2 mm long"	"Pultenaea graveolens"
27	"Young stipules with unscented yellow wax; leaves narrow-linear to linear-terete, 0.3-0.8 mm wide; inflorescence head-like, pseudo-umbellate"	"Pultenaea viscidula"
28	"Stipules of the flower-subtending bracts closely imbricating and fully or mostly concealing the calyx"	29
28	"Flower-subtending bracts not concealing the calyx"	30
29	"Leaves ovate-lanceolate to lanceolate or elliptic, 1.8-5.6 mm wide, margins slightly incurved, glabrous above, 3-nerved below; calyx tube concealed by the stipules of the flower-subtending bracts (calyx lobes exposed)"	"Pultenaea trinervis"
29	"Leaves narrow-lanceolate to slender-terete, 0.3-0.5 mm wide, margins involute, pubescent above, only midrib prominent below; calyx largely concealed by the stipules of the flower-subtending bracts"	"Pultenaea tenuifolia"
30	"Bracteoles broad-ovate to narrow-lanceolate, scarious, mostly glabrous, c. 1-4 mm long; lower leaf surface hispid (occasionally villous or glabrous); calyx to 4.8 mm long, sparsely pubescent to occasionally glabrous"	"Pultenaea hispidula"
30	"Bracteoles linear-lanceolate to subulate, densely villous; lower leaf surface almost glabrous to silky-pubescent or appressed-pubescent; calyx c. 6-7 mm long, moderately to densely villous"	31
31	"Leaves linear-terete, c. 0.5 mm wide, 1-furrowed above; calyx lobes sub-equal, the upper lobes ovate-acute, the lower lobes lanceolate-acuminate"	"Pultenaea teretifolia"
31	"Leaves elliptic to oblong or obovate to oblanceolate, 1-3 mm wide, concave above to conduplicate; calyx lobes usually ± equal, triangular-acuminate"	"Pultenaea canaliculata"
32	"Flower-subtending bracts scale-like, or both scale-like and leaf-like bracts present"	33
32	"Flower-subtending bracts leaf-like"	35
33	"Leaf margins long-ciliate; leaf apex acute"	34
33	"Leaf margins not long-ciliate; leaf apex acute to obtuse or emarginate; leaves flat to conduplicate, obovate to cuneate or elliptic"	"Pultenaea largiflorens"
34	"Stipules ? 2 mm long; each flower surrounded by numerous imbricate bracts; bracteoles tightly concealing the calyx; endemic to the southern Mt Lofty Ranges"	"Pultenaea involucrata"
34	"Stipules ? 2 mm long; floral bracts usually leaf-like; bracteoles not concealing the calyx; endemic to Eyre Peninsula"	"Pultenaea trichophylla"
35	"Stipules ? 2 mm long; calyx ? 3 mm long; leaves villous to appressed-pubescent and 3-nerved below, margins long-ciliate; flowers often in dense leafy clusters; endemic to Eyre Peninsula"	"Pultenaea trichophylla"
35	"Stipules ? 2 mm long; calyx ? 3 mm long"	36
36	"Leaf margins long-ciliate to glabrescent"	37
36	"Leaf margins usually glabrous, sometimes pubescent towards the base"	38
37	"Inflorescence dense; leaves linear, 0.5-0.8 mm wide; stipules > 5 mm long; bracteoles linear, 7.2-11 mm long"	"Pultenaea penna"
37	"Flowers solitary; leaves ovate to lanceolate or elliptic, 5-9 mm wide; stipules 2-5 mm long; bracteoles lanceolate, 2-5 mm long"	"Pultenaea villifera"
38	"Flowers subsessile, pedicels < 1.5 mm long; leaves linear-terete, 0.5-1 mm wide, usually petiolate"	"Pultenaea acerosa"
38	"Flowers pedicellate, pedicels 3-7 mm long; leaves lanceolate or ovate-acute, 1-7 mm wide, sessile or occasionally subsessile on indistinct petioles"	"Pultenaea rigida"
