from	statement	to
1	"Lemmas with an awn at least 1 mm, and usually more than 5 mm, long"	2
1	"Lemmas awnless or with awns less than 1 mm long, rarely and particular the upper spikelets with awns to 7 mm long"	4
2	"Rhachis thin or stout (1.5–3 mm, but usually 2 mm or less, diameter); florets swollen at maturity, approximately 3 times as long as broad; spikelets 2–3 mm deep"	"Lolium temulentum forma temulentum"
2	"Rhachis always thin (0.8–1.5 mm diameter); florets not swollen or only slightly so, more than 3 times as long as broad; spikelets 1–1.5 mm deep"	3
3	"Outer glume one-half to equal in length to the spikelet"	Lolium×hubbardii
3	"Outer glume one-quarter to one-half of the length of the spikelet"	"Lolium multiflorum"
4	"Florets swollen at maturity, approximately 3 times as long as broad; spikelets 2–3 mm deep"	"Lolium temulentum forma arvense"
4	"Florets not swollen at maturity, at least 5 times as long as broad; spikelets 1–1.5 mm deep"	5
5	"Outer glume between one-quarter and one half of the length of the spikelet; awn absent or of variable length (0–7 mm); often with branched rhachis"	"Lolium ×hybridum"
5	"Outer glume at least one-half of the length of the spikelets; awns generally absent; rhachis never branched"	6
6	"Outer glume about one-half to three-quarters of the length of the spikelet; if glume longer than the spikelets very small (c. 5 mm long) and borne at the end of long thin culms"	"Lolium perenne"
6	"Outer glume slightly shorter to slightly longer than the spikelet; spikelet never very small nor borne at the end of long thin culms"	7
7	"Stems rarely reddish but if so, then the nodes not conspicuously darker; rhachis very stout, 1–3 mm diameter; culms to 35 cm; in mature plants the rhachis longer than the remainder of the culm; spikelets never exceeding the glume"	"Lolium loliaceum"
7	"Stems reddish, particularly at the nodes which are generally darker than the stems; rhachis flexuose, 0.8–1.8 mm diameter; if more than 1 mm then culms at least 70 cm high; in mature plants the rhachis always (much) shorter than the remainder of the culm; spikelets generally exceeding the glume"	"Lolium rigidum"
