from	statement	to
1	"Leaves 0 or cylindrical (non-septate) and resembling the stems; primary bract apparently continuous with the stem, inflorescence thus appearing lateral"	2
1	"Leaves flat or cylindrical and septate; inflorescence usually terminal"	17
2	"Leaf-blades developed"	3
2	"Leaf-blades reduced to basal sheaths"	4
3	"Perianth-segments half as long as the capsule; inflorescence compact"	"Juncus acutus"
3	"Perianth-segments as long as the capsule; inflorescence expanded"	"Juncus kraussii"
4	"Stems with continuous pith"	5
4	"Stems with an interrupted pith"	9
5	"Upper portion of stems, inflorescence branches and outside of perianth scabridulous"	"Juncus radula"
5	"Stems, inflorescence branches and outside of perianth not scabridulous"	6
6	"Perianth longer than the capsule; cataphylls not shining; stamens 3"	"Juncus effusus"
6	"Perianth shorter than the capsule; cataphylls more or less"	7
7	"Cataphylls a dark reddish-brown, tight; stem striations 20–45; flowers mostly widely separated along the inflorescence branches"	"Juncus pauciflorus"
7	"Cataphylls golden to chestnut-brown at the base, often more or less loose; stem striations 3:5–100; flowers not widely separated"	8
8	"Perianth 1.6–2.5 mm long; capsule 1.8–2.7 mm long; stamens usually 3"	"Juncus continuus"
8	"Perianth 2.6–3.5 mm long; capsule 2.8–3.5 mm long; stamens 6"	"Juncus pallidus"
9	"Capsule longer than the perianth"	10
9	"Capsule shorter than the perianth"	14
10	"Stem striations more than 75; cataphylls golden within, broad and loose; stems green"	"Juncus procerus"
10	"Stem striations 20–90; cataphylls opalescent and mostly pale within; stems green to glaucous"	11
11	"Perianth 1.3–2.2 mm long; cataphylls a dark reddish-brown to black below; stamens 3"	12
11	"Perianth 2–4.1 mm long; cataphylls pale- to chestnut- brown below (or if reddish-brown then perianth more than 3 mm long); stamens 3–6"	13
12	"Capsule 2–2.5 mm long; stem striations 10–12 per mm; pith very open, consisting mainly of air-spaces"	"Juncus amabilis"
12	"Capsule 1.5–2 mm long; stem striations 6–9 per mm; pith ladder-like, air-spaces and partitions more or less equal"	"Juncus usitatus"
13	"Stem striations 20–35; longest cataphyll 4–10 cm"	"Juncus subsecundus"
13	"Stem striations 40–90; longest cataphyll 13–30 cm"	"Juncus aridicola"
14	"Capsule 1.7–2.3 mm long; longest cataphyll 1:5–30 cm"	"Juncus sarophorus"
14	"Capsule 2.3–3.5 mm long; longest cataphyll 4–19 cm"	15
15	"Stem striations 20–35; cataphylls often pale, longest 4–10 cm"	"Juncus subsecundus"
15	"Stem striations 35–100; cataphylls chestnut- to dark- brown at the base, longest 6–19 cm"	16
16	"Perianth 2–3 mm long; stem striations 3:5–60, distinct"	"Juncus australis"
16	"Perianth 3–3.2 mm long; stem striations 50–120, very crowded"	"Juncus flavidus"
17	"Leaves hollow, cylindrical or laterally compressed, transversely septate"	18
17	"Leaves solid, dorsi-ventrally flattened, not septate"	22
18	"Stems c. 0.5 mm diam., terete, septa usually not obvious"	"Juncus bulbosus"
18	"Stems 1–5 mm diam., terete or compressed, septa usually obvious"	19
19	"Perianth 2–2.5 mm long"	"Juncus subnodulosus"
19	"Perianth 2.5–4 mm long"	20
20	"Leaves terete (when fresh) or compressed, with transverse septa only; stamens"	21
20	"Leaves compressed, with longitudinal and incomplete transverse septa; stamens 3"	"Juncus prismatocarpus"
21	"Flowers 4–10 per final cluster, dark-coloured; plant obviously rhizomatous"	"Juncus articulatus"
21	"Flowers usually 10–20 per final cluster, pale-coloured; plant shortly rhizomatous"	"Juncus holoschoenus"
22	"Small annuals"	23
22	Perennials	24
23	"Stem-leaves absent; flowers ebracteolate, in a terminal cluster"	"Juncus capitatus"
23	"Stemqeaves present; flowers bracteolate, solitary or in small clusters"	"Juncus bufonius"
24	"Leaves flat; the leaf-base not auriculate; flowers ebracteolate"	25
24	"Leaves very narrow; the leaf-base auriculate; flowers bracteolate"	"Juncus homalocaulis"
25	"Stamens 3"	"Juncus planifolius"
25	"Stamens 6"	"Juncus caespiticius"
