from	statement	to
1	"Inflorescence occurring as singular flowers"	"Eucalyptus globulus"
1	"Inflorescence occurring as umbellaster of 3 or more flowers"	2
2	"All umbellasters 3-flowered"	3
2	"At least some umbellasters 7-or more-flowered"	14
3	"Flower buds and fruits pruinose"	4
3	"Flower buds and fruits not pruinose"	8
4	"Flower buds and fruits prominently longitudinally ribbed"	"Eucalyptus alatissima"
4	"Flower buds and fruits not longitudinally ribbed"	5
5	"Opercula warty and with a distinct central knob"	"Eucalyptus bicostata"
5	"Opercula smooth"	6
6	"Mature crown primarily composed of petiolate adult leaves"	"Eucalyptus leucoxylon"
6	"Mature crown primarily composed of sessile juvenile and intermediate leaves"	7
7	"Mallee; fruits narrowly obconical to cylindrical; fruit valves enclosed"	"Eucalyptus gamophylla"
7	"Tree; fruits broadly obconical; fruit valves at rim level or exserted"	"Eucalyptus cinerea"
8	"Flower buds and fruits with multiple prominent ribs"	9
8	"Flower buds and fruits smooth or with two opposing ribs only"	10
9	"Fruits 35–70 mm diam.; adult leaves dull and blue-green"	"Eucalyptus youngiana"
9	"Fruits 12–25 mm diam.; adult leaves glossy and green"	"Eucalyptus angulosa"
10	"Fruit valves at rim level or exserted above rim"	11
10	"Fruit valves below rim level"	13
11	"Fruits 10–22 mm diam.; small tree or mallee"	"Eucalyptus cosmophylla"
11	"Fruits 5–9 mm diam.; large tree"	12
12	"Juvenile leaves lanceolate, green"	"Eucalyptus viminalis"
12	"Juvenile leaves orbicular, grey-green"	"Eucalyptus dalrympleana subsp. dalrympleana"
13	"Juvenile leaves sessile; east of Spencer Gulf and KI"	"Eucalyptus leucoxylon"
13	"Juvenile leaves petiolate; EP only"	"Eucalyptus petiolaris"
14	"Adult leaves strongly discolorous"	15
14	"Adult leaves concolorous"	16
15	"Bark wholly smooth; fruit valves deeply enclosed"	"Eucalyptus cladocalyx"
15	"Bark rough, fibrous on trunk and larger branches; fruit valves at rim level or slightly below"	"Eucalyptus botryoides"
16	"Inflorescences in terminal panicles"	17
16	"Inflorescences axillary in leaf axils"	24
17	"Outer stamens lacking anthers (staminodes); bark wholly smooth, or rough on sapling-stage individuals"	"Eucalyptus fasciculosa"
17	"All stamens fertile; bark rough on lower stems"	18
18	"Adult leaves glossy, green"	19
18	"Adult leaves dull, bluish to green"	20
19	"Flower buds and fruits with pedicels 2–6 mm long; NW only"	"Eucalyptus sparsa"
19	"Flower buds and fruits sessile or with pedicels to 2 mm long; southern half of SA only"	"Eucalyptus behriana"
20	"Fruit valves exserted"	"Eucalyptus coolabah"
20	"Fruit valves deeply enclosed in fruit"	21
21	"Rough bark shaggy, on trunk and sometimes larger branches only"	"Eucalyptus intertexta"
21	"Rough bark tightly held, extending to medium to small branches"	22
22	"Juvenile leaves linear; fruits 3–5 mm long"	"Eucalyptus largiflorens"
22	"Juvenile leaves narrow-lanceolate to ovate; fruits 4–14 mm long"	23
23	"Branchlets, flower buds and fruits pruinose"	"Eucalyptus albens"
23	"Branchlets, flower buds and fruits not pruinose"	"Eucalyptus microcarpa"
24	"Pith glands present"	25
24	"Pith glands absent"	57
25	Tree	26
25	"Mallee; stamens arranged in a uniform ring"	37
26	"Stamens bundled into four quadrants"	"Eucalyptus gongylocarpa"
26	"Stamens forming a uniform ring and not bundled into four quadrants"	27
27	"Obligate seeder; lignotuber absent"	28
27	"Resprouter; lignotuber present"	33
28	"Inflorescences with bud/fruit hypanthia fused into a single unit"	"Eucalyptus conferruminata subsp. recherche"
28	"Inflorescences with bud/fruit hypanthia free"	29
29	"Flowers white to cream"	30
29	"Flowers yellow"	31
30	"Adult leaves with tertiary venation visible; fruits campanulate"	"Eucalyptus astringens"
30	"Adult leaves with tertiary venation obscured by dense oil glands; fruits barrel-shaped to cylindrical"	"Eucalyptus utilis"
31	"Branchlets and peduncles not pruinose"	"Eucalyptus gardneri"
31	"Branchlets and peduncles pruinose"	32
32	"Adult leaves dull, greyish; opercula beaked"	"Eucalyptus woodwardii"
32	"Adult leaves glossy, olive green; opercula rounded"	"Eucalyptus stricklandii"
33	"Flowers creamy-white to very pale yellow or pink or purple"	34
33	"Flowers yellow"	36
34	"Opercula horn-shaped; fruits campanulate"	"Eucalyptus occidentalis"
34	"Opercula conical to pileate; fruits barrel-shaped to copular to obconical"	35
35	"Seeds glossy, red-brown; fruits obconical to cupular"	"Eucalyptus calcareana"
35	"Seeds dull, dark grey to brown; fruits barrel-shaped to cupular"	"Eucalyptus albopurpurea"
36	"Fruit valves prominently exserted, remaining joined at their tips"	"Eucalyptus cornuta"
36	"Fruit valves level with rim or slightly exserted, free at their tips"	"Eucalyptus macrandra"
37	"Flowers yellow"	38
37	"Flowers cream-white to pink or purple"	40
38	"Adult leaves dull greyish, tertiary venation obscured by oil glands"	"Eucalyptus pimpiniana"
38	"Adult leaves glossy green, tertiary venation visible"	39
39	"Fruit valves prominently exserted, remaining joined at their tips"	"Eucalyptus cornuta"
39	"Fruit valves level with rim or slightly exserted, free at their tips"	"Eucalyptus macrandra"
40	"Seeds glossy and reddish"	41
40	"Seeds brown, grey or black"	51
41	"Bark persistent on lower half of stems, fibrous (Great Victoria Desert)"	42
41	"Bark smooth throughout, or ribbony-rough on lower stems and not fibrous"	43
42	"Fruit 6–10 mm long, 6–11 mm diam.; adult leaves predominantly lanceolate"	"Eucalyptus gypsophila"
42	"Fruit 10–16 mm long, 9–14 mm diam.; adult leaves broad-lanceolate to ovate"	"Eucalyptus canescens"
43	"Branchlets and/or flower buds pruinose"	44
43	"Branchlets and flower buds not pruinose"	45
44	"Branchlets, buds and fruits strongly pruinose; EP only"	"Eucalyptus cretata"
44	"Branchlets, buds and fruits lightly or variably pruinose; NW only"	"Eucalyptus repullulans"
45	"Mature adult leaves glossy, dark green to olive green"	46
45	"Mature adult leaves dull to slightly glossy, blue-green to greyish"	49
46	"Pedicels absent or to 1 mm long"	47
46	"Pedicels 1–6 mm long"	48
47	"Fruits wider than long, 7–12 mm wide"	"Eucalyptus conglobata subsp. conglobata"
47	"Fruits equal to or longer than wide, 5–10 mm wide"	"Eucalyptus phenax"
48	"Opercula wider than hypanthia at join; adult leaves glossy, including new growth"	"Eucalyptus pileata"
48	"Opercula ± flush with hypanthia at join; new growth dull, adult leaves dull when young, often aging to glossy"	"Eucalyptus calcareana"
49	"Adult leaves dull, greyish, 22–40 mm wide"	"Eucalyptus cyanophylla"
49	"Adult leaves dull to slightly glossy, blue-green, 10–25 mm wide"	50
50	"Opercula wider than hypanthia at join, ribs on opercula > 0.8 mm high"	"Eucalyptus percostata"
50	"Opercula ± flush with hypanthia at join, ribs on opercula < 0.5 mm high"	"Eucalyptus dumosa"
51	"Adult leaves dull and blue-green to greyish, at least when young; flower buds, fruits and opercula smooth"	52
51	"Adult leaves glossy and green at all stages; flower buds and/or fruits and/or opercula usually ribbed"	53
52	"Adult leaves dull and blue-green to greyish at all stages; NW, GT and far upper EP"	"Eucalyptus trivalva"
52	"Adult leaves maturing glossy and green; lower EP and KI"	"Eucalyptus albopurpurea"
53	"Fruits barrel-shaped to cylindrical to urceolate"	54
53	"Fruits hemispherical to cupular to obconical"	55
54	"Fruits smooth to ribbed, 7–12 mm diam"	"Eucalyptus incrassata"
54	"Fruits distinctly ribbed, 12–15 mm diam"	"Eucalyptus capitanea"
55	"Bark usually smooth throughout, fruits coarsely-angled or ribbed"	"Eucalyptus rugosa"
55	"Bark usually rough on lower stems, fruits smooth or lightly ribbed"	56
56	"Operculum narrower than hypanthium at join; coastal and wheatbelt areas"	"Eucalyptus brachycalyx"
56	"Operculum wider than hypanthium at join; Great Victoria Desert"	"Eucalyptus concinna"
57	"Bark fibrous and stringy throughout"	58
57	"Bark not fibrous and stringy throughout"	62
58	"Flower buds mushroom-shaped, opercula much wider than hypanthia"	"Eucalyptus gomphocephala"
58	"Flower buds not mushroom-shaped, opercula about the same width as hypanthia"	59
59	"Fruit disc descending, valves enclosed"	"Eucalyptus obliqua"
59	"Fruit disc level to ascending, valves at rim level or exserted"	60
60	"Opercula beaked, smooth"	"Eucalyptus macrorhyncha subsp. macrorhyncha"
60	"Opercula hemispherical"	61
61	"Flower buds warty; fruit disc steeply ascending"	"Eucalyptus baxteri"
61	"Flower buds not warty; fruit disc slightly ascending"	"Eucalyptus arenacea"
62	"Fruit disc prominently ascending, valves strongly exserted"	63
62	"Fruit disc level to descending or very slightly ascending, valves enclosed or near rim level"	71
63	"Inflorescences with bud/fruit hypanthia fused into a single unit; flowers greenish-yellow"	"Eucalyptus conferruminata subsp. recherche"
63	"Inflorescences with bud/fruit hypanthia free; flowers white to pale yellow"	64
64	"Bark ‘minniritchi’ type (peeling into thin longitudinal strips that curl backwards and remain partly attached to the stem) throughout"	"Eucalyptus minniritchi"
64	"Bark not ‘minniritchi’ type"	65
65	"Smooth bark decorticating in ribbons"	66
65	"Smooth bark decorticating in plates or strips"	69
66	"Fruits 10–20 mm diam.; NW only"	67
66	"Fruits 5–9 mm diam.; southern parts of S.A. only"	68
67	"Opercula hemispherical; bark rough on lower stems"	"Eucalyptus glomerosa"
67	"Opercula sharply conical to beaked; bark smooth throughout"	"Eucalyptus oxymitra"
68	"Juvenile leaves amplexicaul (stem-clasping)"	"Eucalyptus viminalis"
68	"Juvenile leaves tapering to base (not amplexicaul)"	"Eucalyptus splendens"
69	"Tree; seeds yellow"	"Eucalyptus camaldulensis"
69	"Mallee; seeds black"	70
70	"Juvenile leaves ovate to orbicular; FR, EA & EP"	"Eucalyptus flindersii"
70	"Juvenile leaves lanceolate to falcate; NW only"	"Eucalyptus gillenii"
71	"Outer stamens lacking anthers (staminodes), twisted and longer than inner fertile anthers"	72
71	"All stamens fertile"	76
72	"Tree; bark rough, hard and deeply furrowed (ironbark)"	"Eucalyptus sideroxylon subsp. sideroxylon"
72	"Mallee; bark completely smooth or rough but not hard and deeply furrowed on lower stems"	73
73	"Flowers crimson-red"	"Eucalyptus lansdowneana"
73	"Flowers white or pink"	74
74	"Flower buds and fruits square in transverse section"	"Eucalyptus calycogona"
74	"Flower buds and fruits round in transverse section"	75
75	"Adult leaves 4–15 mm wide; widespread"	"Eucalyptus gracilis"
75	"Adult leaves 20–40 mm wide; western half of KI only"	"Eucalyptus remota"
76	"Adult leaves with side veins nearly parallel with primary vein (midrib)"	"Eucalyptus pauciflora subsp. pauciflora"
76	"Adult leaves with side veins at an angle from the primary vein (midrib)"	77
77	"Mallees; fruits usually with persistent style remnants"	78
77	"Trees or mallees; fruits not with persistent style remnants"	90
78	"Crown composed of opposite or sub-opposite, sessile, ovate to orbicular (juvenile) leaves"	79
78	"Crown mostly composed of disjunct, petiolate, linear to ovate (adult) leaves"	80
79	"Leaves 38–61 mm long; fruit 6–9 mm long, 6–8.5 mm diam.; LE, FR & EA"	"Eucalyptus gillii"
79	"Leaves 55–85 mm long; fruit 9–11 mm long, 9–10.5 mm diam.; NW only"	"Eucalyptus wyolensis"
80	"Whole plant strongly pruinose; adult leaves pruinose, 20–54 mm wide"	"Eucalyptus vokesensis"
80	"Adult leaves not pruinose, 4–46 mm wide"	81
81	"Seedling leaves spiralled around a 5- or 7-sided stem"	"Eucalyptus oleosa"
81	"Seedling leaves decussate on a four-sided stem"	82
82	"Opercula rounded to conical, about equal in length to hypanthia"	83
82	"Opercula conical to horn-shaped, longer than hypanthia"	86
83	"Juvenile leaves elliptical to orbicular, often waxy (pruinose); adult leaves light green"	84
83	"Juvenile leaves lanceolate to narrowly elliptical, not pruinose; adult leaves dark green"	85
84	"Juvenile leaves elliptical, weakly or not waxy (pruinose); mature crown entirely of adult leaves"	"Eucalyptus leptophylla"
84	"Juvenile leaves ovate to orbicular, waxy (pruinose); mature crown often composed of some juvenile leaves"	"Eucalyptus sp. Great Victoria Desert"
85	"Pedicels 1–5 mm long; adult leaves 8–20 mm wide; NW only"	"Eucalyptus mannensis subsp. mannensis"
85	"Pedicels absent or to 1 mm long; adult leaves 5–10 mm wide; KI and SL only"	"Eucalyptus cneorifolia"
86	"Opercula conical"	87
86	"Opercula distinctly horn-shaped"	88
87	"Fruit obconical; coastal regions including Murray mallee"	"Eucalyptus yalatensis"
87	"Fruit globose; Great Victoria Desert"	"Eucalyptus eremicola"
88	"Juvenile leaves strongly decurrent; EP only"	"Eucalyptus peninsularis"
88	"Juvenile leaves not decurrent"	89
89	"Flower buds <6.5 mm wide; fruit 4–9.5 mm diam"	"Eucalyptus socialis"
89	"Flower buds >6.5 mm wide; fruit 8.5–11 mm diam"	"Eucalyptus yumbarrana"
90	"Obligate seeder; lignotuber absent; flowers yellow"	"Eucalyptus gardneri"
90	"Resprouter; lignotuber present; flowers white, pink, red or purple"	91
91	"Fruit valves at rim level or exserted"	92
91	"Fruit valves below rim level"	98
92	"Adult leaves usually undulate and relatively thin; poorly-drained sites (swamps) in high-rainfall areas"	93
92	"Adult leaves flat and firm; well-drained sites (hills and/or sandy soils) in high- to low-rainfall areas"	94
93	"New adult leaves green; fruits consistently obconical"	"Eucalyptus ovata"
93	"New adult leaves slightly blue-green; fruits cylindrical to obconical or slightly campanulate"	"Eucalyptus paludicola"
94	"Juvenile leaves strongly pruinose; fruit sessile"	"Eucalyptus goniocalyx"
94	"Juvenile leaves not pruinose; fruit sessile or pedicellate"	95
95	"Fruits barrel-shaped to cylindrical to urceolate"	96
95	"Fruits hemispherical to cupular to obconical to ovoid"	97
96	"Fruits smooth to ribbed, 7–12 mm diam"	"Eucalyptus incrassata"
96	"Fruits distinctly ribbed, 12–15 mm diam"	"Eucalyptus capitanea"
97	"Ovules in 2 rows; juvenile leaves opposite for many pairs, coastal sands and limestone"	"Eucalyptus diversifolia"
97	"Ovules in 6 rows; juvenile leaves disjunct after a few pairs, rocky ridges of Flinders Ranges and Olary Spur"	"Eucalyptus flindersii"
98	"Bark scribbles often present; ovules in 2 rows; SE only"	"Eucalyptus falciformis"
98	"Bark scribbles absent; ovules in 4 rows; widespread"	99
99	"Flower buds ovoid; adult leaves consistently glossy and green"	"Eucalyptus porosa"
99	"Flower buds ovoid to fusiform; adult leaves often dull, at least when young"	100
100	"Juvenile leaves ovate; flowers white, pink or purple"	101
100	"Juvenile leaves linear to narrowly-elliptical; flowers white"	102
101	"Usually a mallee; fruits 6–11 mm long, 5–9 mm diam.; EP and KI"	"Eucalyptus albopurpurea"
101	"Usually a tree; fruits 4–7 mm long, 3–5 mm diam.; FR, NL, SL and SE"	"Eucalyptus microcarpa"
102	"Branchlets usually pruinose; FR only"	"Eucalyptus polybractea"
102	"Branchlets not pruinose"	103
103	"Juvenile leaves narrow-lanceolate to narrow-elliptical; adult leaves 7–20 mm wide"	"Eucalyptus odorata"
103	"Juvenile leaves linear to narrow-lanceolate to narrow-elliptical; adult leaves 3–15 mm wide"	104
104	"Mallee; leaves 50–80 mm long; fruit 4–6 mm diam.; on sandy or loamy flats and low rises; SE only"	"Eucalyptus wimmerensis"
104	"Tree or mallee; leaves 60–130 mm long; fruit 3–5 mm diam.; on stony to clayey sites; EP, FR, EA, EP, NL, MU"	"Eucalyptus cajuputea"
