from	statement	to
1	"Spinescent shrub; leaves obovate, less than 8 mm long"	"Synostemon rigens"
1	"Non-spinescent shrub, subshrub or herb; leaves linear, narrowly elliptic or oblanceolate, 5-20 mm long"	2
2	"Annual herb; seeds colliculate, muricate"	"Synostemon trachyspermus"
2	"Perennial subshrub or shrub; seeds irregularly ridged and wrinkled"	3
3	"Perianth in male flowers of free sepals; seeds 3-4.5 mm long"	"Synostemon rhytidospermus"
3	"Perianth in male flowers tubular; seeds 5-6.7 mm long"	"Synostemon ramosissimus"
