from	statement	to
1	"Involucral bracts glabrous or with a few scattered hairs; capitula 3–4 mm long"	2
1	"Involucral bracts densely strigose; capitula 4–6 mm long"	3
2	"Outer florets filiform, ligules absent; involucre ovoid, glabrous"	"Conyza bilbaoana"
2	"Outer florets ligulate, ligules white; involucre cylindrical, with a few hairs"	"Conyza canadensis"
3	"Receptacles 1.5–2 mm diam.; inflorescence pyramidal with a central axis far exceeding the lateral branches; pappus straw-coloured"	"Conyza albida"
3	"Receptacles 2–3 mm diam.; inflorescence with branches often exceeding the central axis; pappus white or pinkish"	"Conyza bonariensis"
