from	statement	to
1	"Perianth-segments 1-4"	2
1	"Perianth-segments 5"	8
2	"Flowers in axillary clusters"	3
2	"Flowers in spike-like inflorescences"	5
3	"Perianth-segments united at the base and shed with the seed enclosed"	"Dysphania glomulifera"
3	"Perianth-segments free; seed and perianth-segments shed separately"	4
4	"Seed strongly flattened laterally (usually slightly twisted), more or less obovate; pericarp almost smooth"	"Dysphania platycarpa"
4	"Seed ellipsoid, obovoid, or lenticular; pericarp smooth or glandular-papillate"	"Dysphania glomulifera"
5	"Perianth segments 1-3"	6
5	"Perianth segments 4"	7
6	"Perianth-segments free, rounded or inconspicuously keeled on the back"	"Dysphania plantaginella"
6	"Perianth-segments united into a hard cup-shaped tube in the lower half, prominently (and horizontally) keeled"	"Dysphania simulans"
7	"Plant prostrate or decumbent, with several stems arising from the base; seed glossy, compressed-globular; inflorescence slender, spicate"	"Dysphania kalpari"
7	"Plant erect, with one main stem; seed dull (rarely glossy), almost globular; inflorescence paniculate"	"Dysphania rhadinostachya"
8	"Stamens 1 or 2; seeds lenticular, erect; leaves simple"	9
8	"Stamens 5; seed horizontal to erect; leaves simple or pinnatisect"	12
9	"Perianth-segments strongly crested"	10
9	"Perianth-segments rounded to acute on the back"	11
10	"Perianth rostrate at the apex; perianth-segments free"	"Dysphania cristata"
10	"Perianth truncate at the apex; perianth-segments united"	"Dysphania truncata"
11	"Perianth-segments firmly united in the lower half, completely covering the fruit, usually black"	"Dysphania melanocarpa"
11	"Perianth-segments free to near the base, not completely covering the fruit, white"	"Dysphania pumilio"
12	"Leaves serrate; seed horizontal to oblique"	"Dysphania ambrosioides"
12	"Leaves pinnatisect; seed erect"	"Dysphania multifida"
