from	statement	to
1	"Inflorescence (male and female) a rigid panicle with whorled branches and clustered flowers"	2
1	"Inflorescence (male and female) a raceme, spike or of one or more heads; if a panicle, the branches not whorled and flowers usually 1 per bract"	4
2	"Male flowers pedicellate; female flowers sessile; capsule transversely wrinkled"	"Lomandra multiflora"
2	"Male and female flowers sessile (however, see note to Lomandra multiflora); capsule smooth"	3
3	"Bracts short, obtuse"	"Lomandra dura"
3	"Bracts with long acute points"	"Lomandra longifolia"
4	"Inflorescence (male and female) a large head or cylindrical spike; flowers embedded in the wool-like fibres of the bracteoles"	"Lomandra leucocephala"
4	"Inflorescence a panicle, raceme or spike; bracteoles not embedding the flowers in wool-like fibres"	5
5	"Flowers (male and female) in clusters or globular heads"	6
5	"Flowers scattered (1 per bract)"	7
6	"Leaves narrow and long; bracts entire"	"Lomandra glauca"
6	"Leaves of 2 types: the outer reduced to sheathing bases; bracts fringed"	"Lomandra juncea"
7	"Flowers sessile or subsessile to 1 mm long"	8
7	"Flowers on pedicels at least 1 mm long"	9
8	"Perianth-segments all suborbicular, obtuse; leaves c. 1–3 mm broad"	"Lomandra sororia"
8	"Female perianth-segments acute; outer male segments lanceolate, acuminate; inner male segments ovate, abruptly narrowed to obtuse tips; leaves filiform, usually 0.5–1 mm diam"	"Lomandra fibrata"
9	"Male flowers 3–6 mm long; female flowers c. 7 mm long"	"Lomandra effusa"
9	"Male flowers 1.5–2.5 mm long; female flowers 3–5 mm long"	10
10	"Branches of male inflorescences 3–7 cm long; leaves filiform, terete, plano-convex or channelled, with brown or black shiny basal sheaths"	"Lomandra micrantha"
10	"Branches of male inflorescences 1–2 cm long; leaves often flat, with pale not shiny sheaths"	"Lomandra densiflora"
