from	statement	to
1	"Peduncle 3–20 mm long; stamens 12-numerous; flowers yellow"	2
1	"Peduncle 0 or flowers subsessile; stamens 8–16; flowers greenish"	3
2	"Fruit dry; flowers 3–5 in each leaf axil"	"Tetragonia decumbens"
2	"Fruit a berry; flowers solitary in each leaf axil"	"Tetragonia implexicoma"
3	"Fruit 4-keeled or 4-winged, often compressed, 3–8 mm diam."	"Tetragonia eremaea"
3	"Fruit with 2–6 longitudinal ridges ending in teeth or horns, 8–15 m diam"	"Tetragonia tetragonioides"
