from	statement	to
1	"Plant resinous on leaves and sometimes on culms and panicle; blade on the lower (abaxial) surface strongly nerved or grooved in a median band, nerveless or striate and smooth between the median band and blade margins."	2
1	"Plant non-resinous, blade closely nerved all over lower (abaxial) surface"	5
2	"Lemma awnless or with 1–3 bristles less than 2 mm long"	"Triodia pungens"
2	"Lemma with 1 or 3 awned lobes more than 4.5 mm long"	3
3	"Lemma uniform in texture, without a transverse line or inner ridge"	"Triodia melvillei"
3	"Lemma with two textures demarcated by a transverse line on the front and usually a thickened ridge on the back"	4
4	"Palea uniformly membranous or hyaline; anthers 2–2.8 mm long"	"Triodia helmsii"
4	"Palea cartilaginous or hardened in the lower part (usually about three-quarters), abruptly hyaline above; anthers 2.5–4 mm long"	"Triodia schinzii"
5	"Lemma entire or notched at apex into 2 lobes or teeth less than 0.5 mm long, with or without a mucro or small awn from the sinus or apex"	6
5	"Lemma deeply or minutely 3-lobed or 3-toothed at apex, without a mucro or small awn or rarely the lobes with small points"	10
6	"Leaves partly or entirely woolly or hairy, especially at the mouth of the sheath"	"Triodia lanata"
6	"Leaves usually glabrous; orifice glabrous or pubescent with simple hairs"	7
7	"Glumes and lemmas coriaceous or cartilaginous; florets tightly imbricate"	8
7	"Glumes and lemmas scarious or cartilaginous; florets loosely imbricate at maturity"	9
8	"Spikelet 13–20 mm long; lemma partly hirsute with spreading hairs"	"Triodia bunicola"
8	"Spikelet 11–13 mm long; lemma partly pubescent with appressed hairs"	"Triodia compacta"
9	"Glumes 9–26 mm long, from two-thirds as long as, to longer than, the spikelet; basal lemma in spikelet 6–12 mm long, with 2 lobes 1–1.8 mm long and a mucro or awnlet 0.5–6 mm long in sinus, 9-nerved"	"Triodia irritans"
9	"Glumes 4–11 mm, usually half to two-thirds as long as the spikelet; lowest lemma 5–6 mm long, with a mucro less than 1 mm long in sinus, strongly 3-nerved"	"Triodia scariosa"
10	"Spikelets usually numerous and regular on pedicels 0.5–4 mm long on the branches (racemes) of a spiciform or narrow panicle 1–3 cm wide"	"Triodia longiceps"
10	"Spikelets few to many and irregular on pedicels on the branches or axis of a usually contracted or open panicle more than 2 cm wide, the longer pedicels more than 5 mm long"	"Triodia basedowii"
