from	statement	to
1	"Climbing shrubs; leaves opposite; stem woody"	Clematis
1	"Herbs; leaves basal and/or cauline and alternate; stem herbaceous"	2
2	"Flowers zygomorphic; 1 of the 5 sepals spurred; fruit a follicle"	Consolida
2	"Flowers regular; fruit a head or spike of many achenes"	3
3	"All 5 sepals spurred"	4
3	"Sepals without a spur"	5
4	"Small annual with basal rosette of linear leaves; flowers very small, solitary on scapes; fruit a slender subulate spike"	Myosurus
4	"Larger perennial with compound leaves; flowers conspicuous; fruit a whorl of several follicles"	Aquilegia
5	"Flowering stem with a whorl of involucral bracts immediately below flower; fruit capsular"	6
5	"Flowering stem lacking a whorl of involucral bracts; fruit a head or spike of achenes"	7
6	"Involucral bracts 3 (very rarely 2 or 4), lobed or entire; tepals white, without nectaries, not clawed; fruit a cluster of achenes, perennial"	Anemone
6	"Involuvral bracts 5, pinnately dissected; sepals light-blue to white, clawed; petals with nectaries; fruit a 5-9 (-12)-celled capsule of connate follicles; annual"	Nigella
7	"Petals without nectaries"	Adonis
7	"Petals with nectaries at or above the base"	Ranunculus
