from	statement	to
1	"Prostrate biennial or perennial herb; mericarps almost covered by thick corky ribs leaving only very narrow furrows between them"	"Apium prostratum"
1	"Erect annual or biennial herb; mericarps with thin ribs leaving distinct furrows (valleculae) between them"	2
2	"Annual c. 3–15 cm tall; mericarps with ribs about as thick as the valleculae are wide"	"Apium annuum"
2	"Stout biennial, c. 30–100 cm tall; mericarps with ribs much narrower than the valleculae between them"	"Apium graveolens"
