from	statement	to
1	"Anthers linear, sagittate, equal in length to the filaments"	2
1	"Anthers ovate, much shorter than the filaments"	3
2	"Flowers irregular; anthers free, turned to 1 side"	Cheiranthera
2	"Flowers regular; anthers cohering by apical tips when young, symmetrically arranged"	Sollya
3	"Petals spreading from the base; ovary and capsule distinctly stipitate"	Bursaria
3	"Petals united at the base, or united into a tube with the tips of the petals spreading; ovary and capsule sessile or shortly stipitate"	4
4	"Shrubs or trees; fruit a coriaceous or woody capsule"	Pittosporum
4	"Climbers or small shrubs; fruit a membranous or slightly coriaceous capsule or berry"	Billardiera
