from	statement	to
1	"Spike longer than the scape, usually more than 1.5 times as long"	2
1	"Spike shorter than the scape, usually less than half as long"	4
2	"Leaves 5–12 mm wide"	"Xanthorrhoea semiplana"
2	"Leaves 1–3 mm wide"	3
3	"Packing-bracts subulate"	"Xanthorrhoea australis"
3	"Packing-bracts shortly acute to triangular"	"Xanthorrhoea thorntonii"
4	"Leaves quadrate-rhombic in section"	"Xanthorrhoea quadrangulata"
4	"Leaves more or less depressed-cuneate to concave above in section"	5
5	"Leaves 1.9–3.5 mm wide; inflorescence less than 140 cm long; bracts shortly acute to acute"	"Xanthorrhoea minor"
5	"Leaves 3.2–7 mm wide; inflorescence longer than 145 cm; bracts linear-triangular to subulate"	"Xanthorrhoea caespitosa"
