from	statement	to
1	"Fruiting perianth stipitate on a hollow base or, if sessile, then with 5 erect wings"	2
1	"Fruiting perianth subglobular, sessile or almost so, without wings"	"Osteocarpum salsuginosum"
2	"Vertical wings absent; radicular tubercle prominent; inter-segment tubercle 0 or 1"	"Osteocarpum acropterum"
2	"Vertical wings present"	3
3	"Vertical wings 1-3"	4
3	"Vertical wings 5"	"Osteocarpum pentapterum"
4	"Vertical wings 1 or 2, obovate, not extending downward along the tube"	"Osteocarpum acropterum"
4	"Vertical wings 2 or 3, semicircular"	"Osteocarpum dipterocarpum"
