from	statement	to
1	"Leaf lobes prominent with a clear lateral line in upper two thirds; spikes broadly ovoid"	"Tecticornia triandra"
1	"Leaf lobes obscure, without a clear lateral line; spikes, narrow cylindrical, ellipsoid or ovoid"	2
2	"Cymules 3-flowered, andromonoecious (bisexual central floret with male lateral florets)"	3
2	"Cymules 3-7 flowered, bisexual"	7
3	"Flowers in spikes with opposite bracts free from each other; central floret much larger than lateral ones in each cymule; perianth apex truncate"	"Tecticornia disarticulata"
3	"Flowers in spikes with opposite bracts united, or the flowers in axils along the branches; florets equal in size in each cymule; perianth apex acute"	4
4	"Perianth fleshy; style hard and protruding in fruit (especially when dry)"	"Tecticornia arbuscula"
4	"Perianth membranous; style not protruding in fruit"	5
5	"Vegetative articles and bracts dissimilar; mature bracts becoming thick and woody; pericarp woody, embedded in lignified stem axis"	"Tecticornia tenuis"
5	"Vegetative articles and bracts similar; mature bracts becoming pithy; pericarp crustaceous, adherent to stem axis"	6
6	"Vegetative article lobes markedly denticulate; mature bracts cylindrical"	"Tecticornia medullosa"
6	"Vegetative article lobes entire; mature bracts globular to ovoid"	"Tecticornia moniliformis"
7	"Opposite bracts of flowering spike free or almost free from each other"	8
7	"Opposite bracts of flowering spike united"	10
8	"Spikes lateral (rarely a small terminal spike) sessile and at right angles to the axis"	"Tecticornia verrucosa"
8	"Spikes terminal"	9
9	"Seed pale brown, with small tuberculate bumps over the outer margin"	"Tecticornia flabelliformis"
9	"Seed white to pale brown with prominent uneven scale-like ribs all over"	"Tecticornia pterygosperma subsp. pterygosperma"
10	"Perianth apex rounded to truncate"	11
10	"Perianth dorsiventrally flattened at the apex"	18
11	"Seed white, with scale-like ribs"	12
11	"Seed brown to dark reddish brown with various ornamentation"	13
12	"Spikes long and slender, even in outline; seed with smooth ribs on the outer margin, white to pale brown"	"Tecticornia lepidosperma"
12	"Spikes short, undulate in outline; seed with uneven ribs all over, white to cream"	"Tecticornia pterygosperma subsp. pterygosperma"
13	"Seed a dark reddish-brown to black, covered with dense bumps in concentric ribs"	"Tecticornia pergranulata"
13	"Seed brown, variously tuberculate with small bumps on the outer margin"	14
14	"Bracts denticulate or ciliolate; cymules 3-7-flowered"	15
14	"Bracts entire; cymules 3-flowered"	16
15	"Cymules 3-flowered; seed with small bumps on the outer margin"	"Tecticornia halocnemoides"
15	"Cymules 3-7-flowered; seed concentrically ridged on the outer margin"	"Tecticornia pluriflora"
16	"Branches and spikes very slender, smooth in outline (resembling Casuarinaceae branchlets); fruit apex mammillate"	"Tecticornia lylei"
16	"Branches undulate in outline"	17
17	"Fruitlets falling entire (not tearing at the base to expose the seed); abaxial perianth lobe external"	"Tecticornia fontinalis"
17	"Fruitlets tearing at the base to expose the seed; abaxial perianth lobe internal"	"Tecticornia halocnemoides"
18	"Margins of articles and of bracts denticulate or ciliate"	19
18	"Margins of articles and bracts entire"	20
19	"Perianth in fruit pithy; pericarp horny all over; fruitlets entire (not torn at the base)"	"Tecticornia indica"
19	"Perianth thin in fruit, membranous or cartilaginous; pericarp membranous (at least towards the base); fruitlets tearing at the base to expose the seed"	"Tecticornia nitida"
20	"Perianth pithy in fruit; pericarp horny (at least towards the apex)"	"Tecticornia indica"
20	"Perianth various (but not pithy) in fruit"	21
21	"Perianth papery or soft at maturity; fruitlets free from each other"	"Tecticornia cupuliformis"
21	"Perianth crustaceous at maturity; fruitlets free or united"	22
22	"Pericarp thickened forming an elliptic cap positioned along the outer axis of the seed"	"Tecticornia calyptrata"
22	"Pericarp thinly crustaceous surrounding the seed sometimes absent towards the base"	23
23	"Spike 1-3 (7) nodes long; vegetative growth continuing at apex; fruitlets united laterally"	"Tecticornia syncarpa"
23	"Spike > 4 nodes long, vegetative growth not continuing at apex; fruitlets free"	24
24	"Spike outline even to slightly undulate; bract margin truncate or undulate, cup-shaped at the fruiting stage; fruitlets crustaceous, areolate to muricate; spikes terminal"	"Tecticornia pruinosa"
24	"Spike outline uneven; bract margin stongly undulate, shrivelled at the fruiting stage; fruitlets spongy to crustaceous sometimes glossy; spikes lateral, sometimes terminal"	"Tecticornia undulata"
