from	statement	to
1	"Tree with woody trunk; stems and twigs hard (woody); all leaves simple; leaf hairs simple; fruit a fleshy drupe"	Celtis
1	"Herb or climber, if woody then only at the base; stems and twigs soft (herbaceous); at least some leaves lobed or palmate; leaf hairs various; fruit a dry achene"	2
2	"Stems twining; leaves 3-5 (-7) lobed, occasionally some simple; 2-branched hairs on stems, petioles and main leaf veins; achene surface smooth"	Humulus
2	"Stems erect; leaves palmate; bifurcate hairs absent; achene surface rugose"	Cannabis
