from	statement	to
1	"Achene with broadly triangular ciliate wings"	2
1	"Achene wingless, glabrous or pubescent but never ciliate"	6
2	"Ligules to 1 mm long, yellow; receptacle scaly"	"Calotis breviradiata"
2	"Ligules 3–10 mm long, white to mauve; receptacle naked"	3
3	"Achene woolly with tangled branched hairs"	4
3	"Achene never woolly, bearing simple hairs only"	5
4	"Pappus awns minutely barbellate, dark, curved"	"Calotis multicaulis"
4	"Pappus awns plumose-barbed, usually pale, straight"	"Calotis plumulifera"
5	"Plant subglabrous; leaves broad-linear to oblanceolate, entire or remotely denticulate"	"Calotis ancyrocarpa"
5	"Plant hirsute; leaves cuneate, with 3–5 prominent acute teeth near the apex"	"Calotis porphyroglossa"
6	"Ligules inconspicuous, to 1 mm long; all florets fertile"	"Calotis hispidula"
6	"Ligules showy, 2.5–10 mm long; disk florets sterile"	7
7	"Pappus awns filiform, alternating with broad obtuse scales"	8
7	"Pappus awns tapering from broad bases, scales absent"	9
8	"Leaves cuneate, with 3–6 apical lobes; pappus awns 2–4"	"Calotis cuneifolia"
8	"Leaves broadly oblanceolate, serrulate; pappus awn solitary or absent"	"Calotis kempei"
9	"Plant stoloniferous; radical leaves persistent; ligules white"	10
9	"Plant not stoloniferous; radical leaves soon withering; ligules yellow"	11
10	"Radical leaves oblanceolate to elliptic, coarsely toothed; stems leaf"	"Calotis scabiosifolia"
10	"Radical leaves linear to narrowly lanceolate, entire or with a few minute teeth; stems with a few bract-like leaves"	"Calotis scapigera"
11	"Plant glabrous"	"Calotis erinacea"
11	"Plant scabrous to hirsute"	12
12	"Annual; pappus awns 2, equal"	"Calotis cymbacantha"
12	"Perennials; pappus awns 6–12, unequal"	13
13	"Achene minutely tuberculate; 2 pappus awns erect and far exceeding the others"	"Calotis lappulacea"
13	"Achene smooth; pappus awns variously twisted and spreading, none far exceeding the others"	"Calotis latiuscula"
