from	statement	to
1	"Leaves trifoliolate"	2
1	"Leaves unifoliolate or leaves absent (scales in their place)"	3
2	"Plants erect, c. 1-3 m high; inflorescences many-flowered"	Goodia
2	"Plants prostrate; inflorescences 1- or 2-flowered"	Muelleranthus
3	"Inflorescences mostly 3 or more flowered in an elongate raceme, without basal bud scales; flowers with a cylindrical hypanthium"	Aenictophyton
3	"Inflorescences mostly 1-flowered (but several may be clustered in axil), with bud scales below; flowers without an hypanthium"	4
4	"Bracteoles 0.3-3 mm long; pods without a winged upper margin; leaves without lateral lobes or leaves absent"	Bossiaea
4	"Bracteoles 5-10 mm long; pods with a winged upper margin; leaves commonly with acute, pungent-pointed lateral lobes"	Platylobium
