from	statement	to
1	"Spikelets 4.5–5.5 mm long"	"Panicum miliaceum"
1	"Spikelets up to 4 mm long"	2
2	"Glumes and 1st lemma hairy; 2nd lemma corrugated"	"Panicum maximum var. trichoglume"
2	"Glumes and 1st lemma glabrous; 2nd lemma smooth and shiny or (rarely) papillose"	3
3	"2nd lemma with a crescent-shaped scar at its base"	"Panicum hillmanii"
3	"2nd lemma without a crescent-shaped scar at its base"	4
4	"1st lemma male"	5
4	"1st lemma sterile"	7
5	"1st glume about half the length of the spikelet"	"Panicum antidotale"
5	"1st glume less than one-third of the length of the spikelet"	6
6	Perennial	"Panicum coloratum"
6	Annual	"Panicum schinzii"
7	"1st glume at least one-third of spikelet length"	8
7	"1st glume one-eighth to one-third of spikelet length"	9
8	"1st lemma lacking a palea; annual; leaves 4–18 mm broad"	"Panicum capillare var. brevifolium"
8	"1st lemma with a palea; perennial; leaves 2–5 mm broad"	"Panicum effusum"
9	"2nd lemma approximately half the spikelet length"	"Panicum buncei"
9	"2nd lemma at least about three-quarters of the spikelet length"	10
10	"Inflorescence branches rigid and spreading when mature, at least some of the lower ones whorled"	"Panicum decompositum var. decompositum"
10	"Inflorescence branches more or less flexuous, all solitary"	"Panicum laevinode"
