from	statement	to
1	"Thallus 1-12 mm long, more or less flattened, with 2 lateral pockets; roots present (Lemna trisulca mostly rootless); inflorescence emerging from one of the lateral pockets of the thallus, consisting of 1 female and 2 male flowers together in a membranous spathe; anther 2-locular, opening transversely in 2 valves"	2
1	"Thallus 1-1.5 mm long in surface view, quite turgid and more or less ellipsoid to subglobose, with 1 lateral pocket, rootless; infloresccnce breaking through the upper surface of the thallus, consisting of 1 female and 1 male flower together in a hollow but not surrounded by a spathe; anther 1-locular, opening at the apex"	Wolffia
2	"Thallus without dorsal and ventral scales; root 1 or none per thallus; nerves of the thallus 1-3 and often indistinct; thallus stalk marginally attached; brown pigment cells and star-shaped crystals of calcium oxalate absent"	Lemna
2	"Thallus with a dorsal and a ventral scale; roots 1-18; nerves 3 - 15; thallus stalk ventrally attached; brown pigment cells and star- shaped crystals of calcium oxalate present in the thallus tissue"	Spirodela
