from	statement	to
1	"Fruit a leathery or fleshy berry, rarely drupe-like; leaves opposite"	2
1	"Fruit usually dry, mostly a dehiscent capsule, occasionally leathery or fleshy (if so, then leaves always alternate); leaves opposite or alternate"	3
2	"Fruit dark pink to red; cotyledons thick, plano-convex or fused into a mass; hypocotyl usually shorter than cotyledons"	"Syzygium: Syzygium australe"
2	"Fruit blue to black; cotyledons sub-membranous, never fused into a mass; hypocotyl as long as or longer than cotyledons"	"Myrtus: Myrtus communis"
3	"Shrubs or subshrubs; ovary 1–3-locular; embryo with cotyledons much smaller than the hypocotyl"	4
3	"Trees or shrubs; ovary 2–5(–11)-locular; Embryo with cotyledons equal to or longer than the hypocotyl"	13
4	"Ovary 2–3-locular; fruit usually dehiscent"	5
4	"Ovary 1-locular; fruit indehiscent"	7
5	"Bracteoles at base of flower persistent; ovary 3-celled; seeds reniform, arillate"	"Euryomyrtus: Euryomyrtus ramosissima"
5	"Bracteoles deciduous; Seeds discoid or angular, without aril"	6
6	"Leaves linear with a recurved tip, to 7 mm long, oil glands present but not tuberculate; anthers adnate, dehiscing by pores or short, oblique slits"	"Babingtonia: Babingtonia behrii"
6	"Leaves with tip not recurved, to 5 mm long, tuberculate oil glands prominent; anthers basifixed, dehiscing by long slits"	Baeckea
7	"Fertile stamens 10 (rarely fewer), alternating with staminodes; or stamens 20, dimorphic"	8
7	"Stamens usually all fertile, uniform, staminodes absent"	10
8	"Sepals entire to shortly ciliate or erose"	9
8	"Sepals with a single slender projection from the tip or divided into plumose or linear lobes"	Homoranthus
9	"Style much longer than the petals"	Darwinia
9	"Style not exceeding the petals"	"Chamelaucium: Chamelaucium uncinatum"
10	"Leaves usually alternate (very rarely opposite or whorled); stipules often present, very small; stamens numerous, usually >15 (if fewer, then sepal with a long awn)"	Calytrix
10	"Leaves opposite; stipules absent; stamens mostly up to 10 (rarely to 30)"	11
11	"Hypanthium ± cylindrical; ovules borne apically"	Micromyrtus
11	"Hypanthium obconical or urceolate; ovules basal"	12
12	"Connective gland clavate, as large as the anther cell, directed towards the outside of the flower"	"Aluta: Aluta maisonneuvei"
12	"Connective gland truncate, about half the length of the anther cell, directed towards the inside of the flower"	Thryptomene
13	"Flowers calyptrate; perianth reduced to an operculum"	14
13	"Flowers not calyptrate; sepals and petals present"	15
14	"Inflorescences of terminal branched panicles; adult leaves with numerous, prominent, pinnate side veins at wide angle to midrib, not or only faintly smelling of eucalyptus (sometimes lemon-scented)"	Corymbia
14	"Inflorescences usually axillary, of single flowers, umbels or small condensed panicles; leaves not as above, usually with a distinct eucalyptus odour; bristle-glands absent; oil ducts absent"	Eucalyptus
15	"Stamens not grouped, distinct (rarely fused into a short tube at the base)"	16
15	"Stamens clustered or fused into distinct bundles (rarely fused into a tube)"	Melaleuca
16	"Flowers solitary or in loose clusters or heads"	17
16	"Flowers in spike-like inflorescences"	19
17	"Adult leaves opposite; tall trees"	Angophora
17	"Adult leaves mostly alternate; shrubs to small trees"	18
18	"Hypanthium shallow; stamens shorter than petals"	Leptospermum
18	"Hypanthium relatively deep; stamens rarely shorter than petals"	Kunzea
19	"Sepals persistent"	Kunzea
19	"Sepals caduceus"	Callistemon
