from	statement	to
1	"Leaves terete"	2
1	"Leaves flat"	4
2	"Flowers in dyads; corolla usually 4-merous; anthers almost sessile; host Grevillea or Hakea"	"Amyema gibberula var. gibberula"
2	"Flowers in triads; corolla usually 5-merous; anthers on filaments equal to or longer than the anther"	3
3	"Inflorescence and flowers tomentose; host Casuarinaceae"	"Amyema linophylla subsp. orientalis"
3	"Inflorescence and flowers glabrous; host usually Acacia"	"Amyema preissii"
4	"Inflorescence a pedunculate simple umbel of 3-6 flowers; buds strongly ridged apically along corolla lobe sutures; haustorial attachments produced from epicortical runners; hosts Corymbia or Eucalyptus"	"Amyema sanguinea var. sanguinea"
4	"Inflorescence a pedunculate umbel of triads or tetrads, or contracted to a head; buds smooth or lightly ridged; haustorial attachment without epicortical runners; hosts various"	5
5	"Inflorescence a pedunculate head of 3-6 closely sessile flowers; host Acacia"	6
5	"Inflorescence an umbel of 2 or more triads or tetrads"	7
6	"Flowers in a single group of 3-5; central flower ebracteate"	"Amyema fitzgeraldii"
6	"Flowers in 2 opposite triads; all flowers bracteate"	"Amyema maidenii subap. maidenii"
7	"Rays of umbel 2"	8
7	"Rays of umbel usually more than 2"	11
8	"Corolla glabrous; host various"	9
8	"Corolla sparsely to densely tomentose; host Acacia"	10
9	"Corolla in mature bud longitudinally ridged at the apex, not inflated at the base; leaves mostly more than 10 mm wide; host usually Santalum, Myoporum, Eremophila or Geijera"	"Amyema miraculosa subsp. boormanii"
9	"Corolla in mature bud not longitudinally ridged, inflated at the base; leaves mostly less than 6 mm wide; host Melaleuca"	"Amyema melaleucae"
10	"Central bracts of the triads more than 3 mm long; ovary uniformly cylindrical"	"Amyema hilliana"
10	"Central bracts of the triads less than 3 mm long; ovary abruptly expanded then contracted just below the calyx"	"Amyema quandang var. quandang"
11	"Triads with all flowers pedicellate; host mostly Eucalyptus"	"Amyema miquelii"
11	"Triads or tetrads with the central flower sessile; host various"	12
12	"Corolla glabrous; leaves 4-10 cm long; host usually Santalum, Myoporum, Eremophila or Geijera"	"Amyema miraculosa subsp. boormanii"
12	"Corolla rusty-tomentose; leaves 10-40 cm long; host mostly Eucalyptus, rarely Acacia"	"Amyema pendula"
