from	statement	to
1	"Flowers solitary"	2
1	"Flowers in sessile or pedunculate cymes"	5
2	"Young corolla with united petals, becoming free in the lower one-third with age; leaves cordate at the base"	"Billardiera bignoniacea"
2	"Petals free; leaves not cordate at the base"	3
3	"Low prostrate to semi-erect shrub"	"Billardiera procumbens"
3	"Twining or scrambling plants 1–3 m tall"	4
4	"Sepals ovate to lanceolate, glabrous, margins ciliate, up to 6 mm long"	"Billardiera uniflora"
4	"Sepals lanceolate to linear, scattered-pubescent on the outer surface, 6 mm or more long"	"Billardiera scandens"
5	"Cymes pedunculate; corolla pink to mauve or deep-purple"	"Billardiera cymosa"
5	"Cymes sessile; corolla cream to yellow, suffused with purple or entirely purple"	6
6	"Leaves densely grey to fawn, pubescent on both surfaces"	"Billardiera sericophora"
6	"Leaves glabrous or with scattered hairs on both surfaces"	"Billardiera versicolor"
