from	statement	to
1	"Basal leaf solitary, 2–4 mm wide, cross-shaped in section"	"Gladiolus tristis"
1	"Basal leaves 2 or more, at least 8 mm wide, flat"	2
2	"Perianth lobes long-acuminate with tapering undulate tips"	"Gladiolus undulatus"
2	"Perianth lobes acute to subacute"	3
3	"Perianth bilabiate, purple, the tube manifestly shorter than the lobes"	"Gladiolus communis"
3	"Perianth not bilabiate, white to pink, the tube longer than or subequal to the lobes"	4
4	"Perianth tube about twice as long as the lobes"	"Gladiolus angustus"
4	"Perianth tube subequal to the lobes"	5
5	"Spike straight, distichous"	"Gladiolus carneus"
5	"Spike curved, one-sided"	"Gladiolus floribundus"
