from	statement	to
1	"Inflorescences mostly in the axils of fully-developed leaves"	2
1	"Inflorescences mostly terminal, or pseudo-terminal (borne in the axils of reduced upper leaves)"	5
2	"Perianth 4.5-6 mm long"	3
2	"Perianth 2-4.2 mm long"	4
3	"Perianth 4.9-6 mm long; bracteoles 6-7.5 mm long, enclosing the perianth"	"Ptilotus latifolius"
3	"Perianth 4.5-4.9 mm long; bracteoles 2.8-3.5 mm long, shorter than the perianth"	"Ptilotus aervoides"
4	"Bract and bracteoles 3-4.2 mm long, enclosing the perianth"	"Ptilotus decipiens"
4	"Bract and bracteoles 1-1.7 mm long, shorter than the perianth"	"Ptilotus murrayi"
5	"Perianth 18-30 mm long"	6
5	"Perianth < 18 mm long"	9
6	"Outer tepal surface with short, verticillate hairs beneath long, nodose hairs"	"Ptilotus nobilis"
6	"Outer tepal surface with short, simple or nodose hairs beneath long, nodose hairs"	7
7	"Stems and fully expanded (mature) leaves persistently (usually densely) hairy"	"Ptilotus clementii"
7	"Stems and fully expanded (mature) leaves glabrous or glabrescent"	8
8	"Herb to 20 cm high; bract and bracteoles (8-) 9-13 mm long; perianth 18-25 mm long; Kangaroo Island and lower Eyre Peninsula only"	"Ptilotus beckerianus"
8	"Herb to 80 cm high; bract and bracteoles 6-10 mm long; perianth 20-30 mm long; widespread"	"Ptilotus macrocephalus"
9	"Fully expanded (mature) leaves with scattered hairs, or glabrous"	10
9	"Fully expanded (mature) leaves conspicuously hairy, at least on lower surface"	31
10	"Perianth 9-18 mm long"	11
10	"Perianth < 9 mm long"	26
11	"Basal leaves long-attenuate proximally, narrowed basal portion more than half the length of upper wider portion, sometimes longer"	12
11	"Basal leaves absent, obscure, or with narrowed basal portion less than half the length of upper wider portion"	18
12	"Stems sprawling"	13
12	"Stems erect"	15
13	"Perianth 7.5-12 mm long; inflorescences usually cylindrical or conical"	"Ptilotus spathulatus"
13	"Perianth 13-17 mm long; inflorescences globular, ovoid or hemispherical"	14
14	"Perianth 13-15 mm long, pink or red; tepal hairs not exceeding apices"	"Ptilotus chippendalei"
14	"Perianth 15-17 mm long, green, grey or white; tepal hairs equal to or slightly longer than apices"	"Ptilotus seminudus"
15	"Outer tepal surface with short, verticillate hairs beneath long nodose hairs"	16
15	"Outer tepal surface with nodose hairs only"	17
16	"Outer tepal surface with longest hairs to 5 mm long; style 3-4 mm long"	"Ptilotus aristatus subsp. aristatus"
16	"Outer tepal surface with longest hairs to 10 mm long; style 10-20 mm long"	"Ptilotus nobilis"
17	"Upper portion of outer tepal surface with hairs along midrib only; tepals straight"	"Ptilotus gaudichaudii"
17	"Upper portion of outer tepal surface with hairs covering most of surface; tepals usually curved upwards at anthesis"	"Ptilotus erubescens"
18	"Inflorescences cylindrical, most more than 2 times as long as wide, to 12 cm long; leaves to 140 mm long"	"Ptilotus polystachyus"
18	"Inflorescences various, if cylindrical, less than 1.5 times long as wide, to 5 cm long; leaves to 75 mm long"	19
19	"Fully expanded (mature) leaves attenuate or cuneate basally, most leaves usually > 2 mm wide"	20
19	"Fully expanded (mature) leaves truncate basally, leaves < 2 mm wide"	24
20	"Stems and leaves glabrous"	"Ptilotus whitei"
20	"Stems and leaves hairy"	21
21	"Tepal hairs exceeding apices by 1-2 mm; prostrate, decumbent, lax shrubs"	"Ptilotus symonii"
21	"Tepal hairs not exceeding apices; erect, often woody shrubs"	22
22	"Outer tepal surface with nodose hairs only along the midrib distally"	"Ptilotus gaudichaudii"
22	"Outer tepal surface with short, verticillate hairs beneath long, nodose hairs, covering most of surface"	23
23	"Bract and bracteoles > 5 mm long, apices aristate; perianth (9-) 12-17.5 mm long; style < 4 mm long"	"Ptilotus aristatus subsp. aristatus"
23	"Bract and bracteoles < 5 mm long, apices mucronate; perianth 9-13 mm long; style 6-7.5 mm long"	"Ptilotus remotiflorus"
24	"Leaves linear, to 60 mm long; perianth green or greenish-white"	"Ptilotus fusiformis"
24	"Leaves ovate or obovate, to 5.5 (-7) mm long; perianth pink, purple or purplish-pink"	25
25	"Stems and leaves glaucous (new growth); bract (3.2-) 4.5-6 mm long, equal length to bracteoles"	"Ptilotus propinquus"
25	"Stems and leaves not glaucous; bract 3-3.5 mm long, shorter than bracteoles"	"Ptilotus parvifolius"
26	"Perianth < 7 mm long"	27
26	"Perianth > 7 mm long"	29
27	"Outer tepal surface with short, verticillate hairs beneath long, nodose or subverticillate hairs; bract < 2 mm long"	"Ptilotus disparilis"
27	"Outer tepal surface with long, simple, nodose or subverticillate hairs only; bract 2.5-4 mm long"	28
28	"Bracteoles 6-7.5 mm long, enclosing the perianth; outer tepal surface with hairs to 6 mm long, attached basally, matted in at least the lower two thirds of perianth"	"Ptilotus latifolius"
28	"Bracteoles 2.4-4.3 mm long, shorter than the perianth; outer tepal surface with hairs not as above"	"Ptilotus schwartzii"
29	"Outer tepal surface with short, verticillate hairs beneath long, nodose or subverticillate hairs; bract > 4.5 mm long"	"Ptilotus spathulatus"
29	"Outer tepal surface with nodose or subverticillate hairs only; bract < 4.5 mm long"	30
30	"Upper portion of outer tepal surface with hairs only along the midrib; tepals straight; herbaceous"	"Ptilotus gaudichaudii"
30	"Upper portion of outer tepal surface with hairs covering most of surface; tepals usually splayed outwards and reflexed at anthesis; woody shrub"	"Ptilotus barkeri"
31	"Perianth 9.5-18 mm long"	32
31	"Perianth < 9.5 mm long"	33
32	"Outer tepal surface with short, verticillate hairs beneath long, nodose or subverticillate hairs; style 6.5-8 mm long, glabrous"	"Ptilotus sessilifolius"
32	"Outer tepal surface with long, nodose or subverticillate hairs only; style 7.5-12 mm long, hairy"	"Ptilotus polystachyus"
33	"Outer tepal surface with short, verticillate hairs beneath long, nodose or subverticillate hairs"	34
33	"Outer tepal surface with long, nodose or subverticillate hairs only"	36
34	"Perianth 4-6.5 mm long; outer tepal surface without obvious hairs on upper half"	"Ptilotus robynsianus"
34	"Perianth 6-10 mm long; outer tepal surface with hairs on upper half"	35
35	"Peduncles branching, each 3-30 mm long, often giving rise to a corymbose conflorescence; lower leaves with moderate to dense short hairs; bract and bracteoles < 5.5 mm long"	"Ptilotus obovatus"
35	"Peduncles not branching, each 0-3 mm long, with inflorescences scattered along branchlets; lower leaves with very dense longer hairs; bract and bracteoles > 5.5 mm long"	"Ptilotus incanus"
36	"Perianth 6.5-8 mm long"	"Ptilotus helipteroides"
36	"Perianth 4.8-6.2 mm long"	"Ptilotus pseudohelipteroides"
