from	statement	to	shortcut
1	"Leaves simple"	Catalpa	"Catalpa bignonioides"
1	"Leaves pinnately compound"	2	
2	"Leaves bipinnate; leaflets usually less than 15 mm long and less than 5 mm wide or c. 25–70 mm long and 10–35 mm wide; tendrils absent; trees or shrubs"	Jacaranda	"Jacaranda mimosifolia"
2	"Leaves imparipinnate, trifoliate or bifoliate (terminal leaflets sometimes modified into tendrils); leaflets 10 mm or more long and usually 5 mm or more wide (except in some forms of Pandorea); climbers, shrubs or small trees"	3	
3	"Leaflets on mature plants usually regularly toothed or serrated; leaves with 3–13 leaflets; corolla yellow, orange to scarlet or orangey red; climbers, shrubs or small trees"	4	
3	"Leaflets on mature plants entire, sometimes obscurely toothed or (on juveniles) regularly toothed; leaves with (2–) 3–9 (–17) leaflets; corolla various colours; climbing plants or if more or less erect shrub then corolla white or cream"	Pandorea	"Pandorea pandorana"
4	"Evergreen scrambling or erect shrubs to small trees; corolla yellow or orange or reddish orange to scarlet"	Tecoma	
4	"Deciduous woody climbers with clinging/clasping aerial roots; corolla reddish orange or orangey red"	Campsis	"Campsis radicans"
