from	statement	to	shortcut
1	"Shrub or small tree; leaves opposite, oval to elliptic, 2-8 cm long, margin serrated; flowers inconspicuous, in small cymes, greenish"	Euonymus	
1	"Perennial or annual herbs; leaves alternate, to 5 cm long, margin entire; flowers in spikes or racemes, white to yellow or brownish"	2	
2	"Petals fused into tube for about half their length; stamens 5, 3 long, 2 short; anthers not gland-tipped; style not surrounded by membranous cup"	Stackhousia	
2	"Petals free; stamens 5, equal; anthers gland-tipped; style surrounded above ovary by membranous cup"	Macgregoria	"Macgregoria racemigera"
