from	statement	to
1	"Vegetative leaves opposite, at least on the lower part of the stem, ovate"	"Haloragis eichleri"
1	"Vegetative leaves all alternate (or if opposite at the base then leaves terete or 3-fid to multifid)"	2
2	"Leaves with a petiole at least 5 mm long"	3
2	"Leaves sessile or very shortly petiolate"	4
3	"Flowers 4-merous; fruits 4-winged or -ribbed"	"Haloragis odontocarpa"
3	"Flowers 3-merous; fruits 3-winged"	"Haloragis gossei"
4	"Ovary and fruit 4-locular"	5
4	"Ovary and fruit 1- or 2-locular"	12
5	"Leaves narrowly lanceolate to narrowly ovate, usually serrate"	6
5	"Leaves terete, multi fid or 3-fid"	11
6	"Plants scabrous"	7
6	"Plants glabrous"	10
7	"Hairs curved, 1- or 2-celled"	8
7	"Hairs hooked at the tip, 2-4-celled"	9
8	"Leaves green; rootstock a tap root"	"Haloragis acutangula"
8	"Leaves glaucous; rootstock a deep stolon"	"Haloragis glauca"
9	"Fruit ovoid, pear-shaped with the narrow end distally or globular, exocarp warty or rugose, not spongy"	"Haloragis aspera"
9	"Fruit globular, exocarp smooth, spongy"	"Haloragis uncatipila"
10	"Leaves green; rootstock a tap root"	"Haloragis acutangula"
10	"Leaves glaucous; rootstock a deep stolon"	"Haloragis glauca"
11	"Leaves multifid or 3-fid, usually scabrous; hairs hooked at the tip"	"Haloragis heterophylla"
11	"Leaves terete, glabrous or very sparsely scabrous; hairs short, thick, curved"	"Haloragis myriocarpa"
12	"Fruit 1-locular; terrestrial herb with linear leaves"	"Haloragis eyreana"
12	"Fruit 2-1ocular; aquatic or semi-aquatic herb with pinnatifid, multifid or pinnatipartite leaves"	"Haloragis brownii"
