from	statement	to
1	"Flowers in subglobular to ovoid terminal heads"	2
1	"Flowers in elongate spikes"	3
2	"Stem and leaves with a brownish-grey tomentum; hairs 0.3–1 mm long; leaves not crowded, 1–3.8 cm x 3–10 mm, recurved along most margins; flowerheads smoky-woolly, usually not fluffy"	"Newcastelia cephalantha var. cephalantha 2a."
2	"Stem and leaves with a whitish-grey tomentum; hairs 0.2–0.3 mm long; leaves crowded, 0.6–1.5 cm x 2–6 mm, revolute to the mid-rib; flowerheads greyish-woolly, often very fluffy"	"Newcastelia cephalantha var. tephropepla 2b."
3	"Leaves with a thick-woolly tomentum, oblong-lanceolate, 15–25 x 3–7 mm, margins recurved, the midrib and veins hidden under the dense woolly tomentum; spikes dense, slender, woolly-tomentose 5–7 mm diam.; ovary glandular at the top"	"Newcastelia bracteosa"
3	"Leaves thin-tomentose, broad-ovate or elliptic-ovate, 3–6.5 x 1.2–3 cm, margins almost flat or broad-revolute, the midrib and primary lateral veins distinct below; spikes thick, greyish-tomentose, 1–1.5 cm diam.; ovary glandular all over"	"Newcastelia spodiotricha"
