from	statement	to
1	"Inflorescences all or mainly axillary clusters, rarely also forming a very small leafless terminal spike or panicle"	2
1	"Inflorescences all or mainly terminal, leafless, elongated spikes or panicles, although smaller spikes or axillary clusters may also be present"	10
2	"Bracts and bracteoles 2.5-4 mm long, acuminate, shortly aristate, pungent"	"Amaranthus albus"
2	"Bracts and bracteoles 1-3 mm long, acute, acuminate or mucronate to shortly aristate but not pungent"	3
3	"Fruit a circumcissile capsule"	"Amaranthus graecizans subsp. silvestris"
3	"Fruit an indehiscent utricle"	4
4	"Fruit smooth to rugose, with prominent (rarely faint), longitudinal, straight ribs or inflated undulate ribs"	5
4	"Fruit rugulose to rugose, without prominent, longitudinal, straight ribs or inflated undulate ribs"	7
5	"Midnerve of tepals at the fruiting stage broad, 0.3-1 mm wide, for some or all of length"	6
5	"Midnerve of tepals at the fruiting stage narrow, c. 0.1 mm wide, for entire length"	"Amaranthus interruptus"
6	"Fruit 1.2-1.5 mm long, obovoid to globose; ribs inflated and undulate"	"Amaranthus mitchellii"
6	"Fruit 1.5-3 mm long, ellipsoid; ribs slightly raised, straight"	"Amaranthus centralis"
7	"Fruit (2-) 3-5 mm long, ellipsoid"	8
7	"Fruit 1-2.5 mm long, globose or obovoid"	9
8	"Tepals of female flowers 5, 4-8 mm long; fruit slightly shorter than tepals"	"Amaranthus grandiflorus"
8	"Tepals of female flowers 3 (rarely 4 or 5), to 3 mm long; fruit longer than tepals"	"Amaranthus macrocarpus"
9	"Tepals at the fruiting stage broadly spathulate, obovate-spathulate or rounded-obtrullate-spathulate, spreading to recurved"	"Amaranthus cuspidifolius"
9	"Tepals at the fruiting stage narrowly obovate-spathulate or narrowly obovate, usually erect"	"Amaranthus interruptus"
10	"Inflorescence pendulous, deep red to maroon or rarely greenish"	"Amaranthus caudatus"
10	"Inflorescence erect, various colours other than deep red to maroon (green or tinged reddish in Amaranthus cruentus)"	11
11	"Fruit an indehiscent utricle"	12
11	"Fruit a circumscissile capsule"	16
12	"Tepals 5 in female flowers, or if 4, then bracts and bracteoles 1 mm long or longer"	13
12	"Tepals 3 (rarely 2) in female flowers, or if 4, then bracts and bracteoles less than 1 mm long"	15
13	"Tepals becoming hardened in fruit, midnerve broad, 0.6-1 mm wide; fruit ellipsoid, smooth to rugose, longitudinally ribbed"	"Amaranthus centralis"
13	"Tepals remaining membranous in fruit, midnerve narrow, c. 0.1 mm wide; fruit globose or obovoid, rugulose to rugose, not or faintly ribbed"	14
14	"Leaves ovate to trullate; stems sparsely hairy"	"Amaranthus interruptus"
14	"Leaves linear to narrowly elliptic or narrowly ovate; stems glabrous"	"Amaranthus muricatus"
15	"Plants perennial, prostrate or decumbent, stems hairy; fruit 2-3 mm long, smooth"	"Amaranthus deflexus"
15	"Plants annual, erect or prostrate, stems more or less glabrous; fruit 1-2 mm long, rugose"	"Amaranthus viridis"
16	"Young stems and inflorescences sparsely to densely hairy, tepals obtuse or emarginate"	"Amaranthus retroflexus"
16	"Young stems and inflorescences glabrous to sparsely hairy; tepals acute or acuminate"	17
17	"Bracts and bracteoles 2-3 mm long"	18
17	"Bracts and bracteoles 3.5-6 mm long"	"Amaranthus powellii"
18	"pikes greenish, usually 4-7 mm wide; fruit slightly shorter than or equal to tepals"	"Amaranthus hybridus"
18	"Spikes green or tinged reddish, 7-12 mm wide; fruit equal to or longer than tepals"	"Amaranthus cruentus"
