from	statement	to
1	"Capitula or base of capitula woolly, sometimes somewhat transiently; ligules yellow"	"Tragopogon brevirostris subsp. longifolius"
1	"Capitula glabrous; ligules pinkish or purplish"	2
2	"Biennials to 1.3 m high, not or sparingly branched; ligules as long as bracts or nearly so; pappus of all achenes with numerous plumose bristles"	"Tragopogon porrifolius"
2	"Annuals to 0.5 m high, typically branching; ligules much shorter than bracts; pappus of marginal achenes comprising 5 unequal rigid non-plumose bristles; pappus of central achenes with more numerous plumose bristles"	"Tragopogon hybridus"
