from	statement	to
1	"Plants leafy, a pair of stipules at each node; flowering branches terete to slightly flattened, pubescent, 0.3-1.5 mm wide"	2
1	"Plants generally leafless, with a single scale at each node; flowering branches markedly flattened, glabrous, 3-10 mm wide"	3
2	"Shrubs, > 20 cm high; petiole c. 0.5 mm long; leaf-apex acute; bracteoles mostly inserted distally, persistent"	"Bossiaea cinerea"
2	"Dwarf sub-shrubs, mostly < 20 cm high; petiole 0.8-5.0 mm long; leaf-apex subacute to rounded; bracteoles inserted proximally, often caduceus"	"Bossiaea prostrata"
3	"Keel c. 7 mm long; bracteoles present at anthesis and overlapping calyx; flowering, developing cladodes glabrous except for margins; ovary c. 6-ovulate"	"Bossiaea peninsularis"
3	"Keel 15-20 mm long; bracteoles lost at anthesis; developing cladodes hairy all over; ovary c. 20-ovulate"	"Bossiaea walkeri"
