from	statement	to
1	"Stipules recurved, spiny, 2-10 mm long; pedicels and calyces with scattered hairs"	"Templetonia aculeata"
1	"Stipules not recurved or spiny, < 2 mm long, often not evident; pedicels and calyces glabrous"	2
2	"Plants leafy, lamina mostly > 10 mm long; bracteoles pale green throughout"	3
2	"Plants leafless or with leaf rudiments to c. 2 mm long; bracteoles brown-scaly at least distally"	4
3	"Shrub; standard 20-45 mm long, red; pods 40-80 mm long, with internal partitions"	"Templetonia retusa"
3	"Subshrub; standard to 10-15 mm long, yellow with purplish-brown markings; pods 12-26 mm long, without internal partitions"	"Templetonia stenophylla"
4	"Branches flattened; bracteoles brown-scaly throughout"	"Templetonia rossii"
4	"Branches terete; bracteoles brown-scaly in distal third to half"	5
5	"Branches markedly divergent, spiny at apex; bracteoles usually with glandular material at apex; seeds 4-5 mm long"	"Templetonia battii"
5	"Branches ± erect, not spiny at apex; bracteoles lacking glandular material at apex; seeds 9-14 mm long"	6
6	"Flowering-branch diameter mostly < 1.5 mm, with ridges well-defined; pedicels > 1 mm long at flowering; standard-limb 3-4 times length of claw; pods mostly < 18 mm long"	"Templetonia egena"
6	"Flowering-branch diameter mostly > 1.5 mm, with ridges generally poorly defined; pedicels < 1 mm long at flowering; standard-limb c. 2 times length of claw; pods mostly > 18 mm long"	"Templetonia incrassata"
