from	statement	to
1	"Petals white with a yellow claw; aquatic plants; leaves divided into capillary segments; ripe achenes transversely rugose; leaf-sheath stipuloid"	"Ranunculus trichophyllus"
1	"Petals yellow; usually terrestrial or swamp plants; leaves usually lobed or compound, rarely divided into linear segments; ripe achenes smooth, irregularly rugose or tuberculate, but not distinctly transversely rugose; leaf-sheath gradually tapering into the petiole"	2
2	"Leaves simple, narrowly elliptic to lanceolate, the lowermost sometimes nearly orbicular"	3
2	"Leaves compound, or if simple then palmately or ternately lobed or dissected"	4
3	"Achenes granular to tuberculate; petals 2.5-4.5 mm long; annual"	"Ranunculus ophioglossifolius"
3	"Achenes smooth (minutely reticulate under magnification); petals 4-8 mm long; perennial"	"Ranunculus flammula"
4	"Achenes less than 1 mm long, very numerous, in elongated heads; beak minute; plants annual (rarely biennial), rather thick-stemmed, in wet areas"	"Ranunculus sceleratus subsp sceleratus"
4	"Achenes longer than 1 mm long; fruiting heads not elongating; beak usually prominent"	5
5	"Plants perennial; roots often fleshy, sometimes tuberous, and/or plants stoloniferous"	6
5	"Plants annual; roots fibrous, stolons not produced"	17
6	"Plants with stolons; basal leaves ternate or palmately lobed or dissected"	7
6	"Plants without stolons; basal leaves 3-lobed, 3-partite to more or less biternately cut or lobed"	15
7	"Stolons robust, mostly above ground; petals 5-10 mm wide; leaves usually trifoliolate with petiolulate terminal leaflet"	"Ranunculus repens"
7	"Stolons slender, below ground (except sometimes if plants aquatic); petals mostly < 5 mm wide; terminal leaflet (if apparent) not or rarely petiolulate"	8
8	"Leaves palmatisect, i.e. the incision of the lateral segments almost to the base and almost as deep as that between the lateral and terminal segments"	9
8	"Leaves trifoliolate or ternately divided, the incision of the lateral segments less deep than that between the terminal and lateral segments"	12
9	"Nectary a swollen crescentic bracket without a petaloid lobe; leaf segments ± linear in submerged leaves, often cuneate or obovate-cuneate in aerial leaves"	"Ranunculus amphitrichus"
9	"Nectary with a distinct petaloid lobe, often ± attached at the lateral margins and forming a pocket"	10
10	"Ultimate segments of leaves wider than 2 mm; sepals usually hairy below; margin of achenes conspicuously thickened"	"Ranunculus undosus"
10	"Ultimate segments of leaves narrowly linear, c. 1 (-2) mm wide; sepals glabrous; margin of achenes not conspicuously thickened"	11
11	"Leaves 1-5 cm diam.; petioles to 15 cm long; achenes 1.5-1.8 mm long"	"Ranunculus inundatus"
11	"Leaves 5.5-13 cm diam.; petioles to 45 cm long; achenes 2-4 mm long"	"Ranunculus amplus"
12	"Nectary lacking a petaloid lobe; plants mostly aquatic or semi-aquatic, less often exposed on permanently wet soils"	"Ranunculus amphitrichus"
12	"Nectary with a petaloid lobe c. 0.5 mm long or more; plants mostly terrestrial in seasonally wet sites"	13
13	"Achenes with 2-5 prominent, broad, oblique or nearly longitudinal ridges, or sometimes boldly reticulate on lateral faces"	"Ranunculus glabrifolius"
13	"Achenes irregularly wrinkled, or obscurely ridged, or pitted, or smooth"	14
14	"Petals 7-12 mm long; achenes 1.7-3.6 mm long"	"Ranunculus papulentus"
14	"Petals 3.5-6.5 mm long; achenes 1-1.8 mm long"	"Ranunculus diminutus"
15	"Stem and petioles with short appressed hairs throughout; basal leaves few, dissected into narrow almost linear segments; roots fleshy, more or less tuberous"	"Ranunculus robertsonii"
15	"Stem and petioles with long spreading hairs at least in their lower part; basal leaves several to many, with broad lanceolate to obovate segments"	16
16	"Achenes more or less globular, with very thick pericarp; roots fleshy, more or less tuberous; basal leaves usually simple, 3- lobed to 3-partite, broad-ovate or as wide as long"	"Ranunculus pachycarpus"
16	"Achenes lenticular, with thin pericarp; roots fibrous (sometimes thick); basal leaves usually ternate (at least the later ones), to biternately lobed, ovate in outline, longer than wide, the central leaflet distinctly longer stalked than the lateral leaflets"	"Ranunculus lappaceus"
17	"Achenes smooth and glabrous on lateral faces"	18
17	"Achenes with spines, tubercles and/or hairs on lateral faces"	19
18	"Achenes more or less lenticular, thicker in the centre than at the margin, not twisted, 1.5-2 mm long; sepals 3 or 4; plants hairy"	"Ranunculus pumilio var. politus"
18	"Achenes strongly flattened, very thin, papery, with a thickened margin, often somewhat twisted when ripe, 2-4 mm long; sepals 3-5; plants almost glabrous"	"Ranunculus pentandrus var. pentandrus"
19	"Plants slender; flowers inconspicuous, 2-6 mm diam., often sessile or subsessile; receptacle glabrous; sepals usually spreading (reflexed in Ranunculus parviflorus); petals usually fewer than 5"	20
19	"Plants robust, nearly glabrous; flowers conspicuous, 8-15 mm diam.; receptacle hairy; sepals usually reflexed (spreading or appressed to petals in Ranunculus arvensis); petals usually 5"	25
20	"Plants almost glabrous; achenes strongly flattened, very thin, papery, with a thickened margin, often somewhat twisted when ripe, 2-4 mm long, with small conical tubercles scattered over the central part of the faces, each terminated by a short recurred hair"	"Ranunculus pentandrus var. platycarpus"
20	"Plants hairy; achenes flattened but neither papery-thin nor twisted; ornamentation of achenes not confined to central parts of faces"	21
21	"Achenes 1.3-2 (-2.5) mm long; fruits often almost sessile"	22
21	"Achenes 2.5-5 mm long; fruits mostly pedicellate"	24
22	"Basal leaves ternate, with linear to narrow-lanceolate leaflet-segments"	23
22	"Basal leaves palmate to palmatifid, coarsely toothed or lobed"	"Ranunculus sessiliflorus var. sessiliflorus"
23	"Achenes more or less lenticular, their faces covered by hairs which sit on very short tubercles; sepals 5"	"Ranunculus pumilio var. pumilio"
23	"Achenes flat, with prominent conical tubercles scattered over the faces; sepals 3 or 4"	"Ranunculus sessiliflorus var. pilulifer"
24	"Achenes on lateral faces with long thin subulate tubercles (bristles), each terminated by a short recurved hair, stipitate at the base; sepals 3, spreading; petals 1-nerved, nerve sometimes forked towards the apex"	"Ranunculus hamatosetosus"
24	"Achenes on lateral faces with short conical tubercles, each terminated by a recurved bristle, not or only shortly stipitate; sepals 4 or 5, reflexed; petals with 3 principal nerves, all once or twice forked in the lower half"	"Ranunculus parviflorus"
25	"Achenes 2-3.5 mm long, with short conical tubercles"	26
25	"Achenes 5-8 mm long, with slender almost spiny tubercles"	27
26	"Petals up to 1.5 times as long as sepals; achenes with numerous small tubercles, flat-ovate-orbicular; beak recurved; plants usually subglabrous"	"Ranunculus trilobus"
26	"Petals 2-3 times as long as sepals; achenes usually with few small tubercles mainly towards the margin (rarely faces evenly tuberculate), flat-orbicular; beak upcurved or straight; plants usually distinctly pilose"	"Ranunculus sardous"
27	"Sepals spreading; tubercles of achenes c. 3 mm long; leaves mostly deeply lobed or trifoliolate"	"Ranunculus arvensis"
27	"Sepals reflexed; tubercles of achenes c. 1 mm long; leaves entire or shallowly 3-lobed"	"Ranunculus muricatus"
