from	statement	to
1	"Stamens numerous"	2
1	"Stamens 4 or 8"	"Gunniopsis septifraga"
2	"Leaves narrow-linear to terete"	3
2	"Leaves flat, linear to lanceolate or obovate"	4
3	"Leaves and stems densely pubescent"	"Gunniopsis quadrifida"
3	"Leaves and stems glabrous"	"Gunniopsis tenuifolia"
4	"Leaves lanceolate; stems and leaves covered with peltate scales"	"Gunniopsis calcarea"
4	"Leaves spathulate, ovate or linear; if stems and leaves pubescent, trichomes not peltate scales"	5
5	"Perennials, densely pubescent"	"Gunniopsis zygophylloides"
5	"Annuals, glabrous"	6
6	"Papillae sparsely distributed on leaves and branches"	"Gunniopsis calva"
6	"Papillae numerous on leaves and branches though sometimes lacking from lower branches"	7
7	"Perianth yellow or white inside"	"Gunniopsis papillata"
7	"Perianth pink on the inside"	"Gunniopsis kochii"
