from	statement	to
1	"Calyx 5-dentate, with 5 strong ribs or 5-angled; style 2-lobed or 2-fid apically; fruit dry, a schizocarp with 4 l-seeded mericarps"	Verbena
1	"Calyx 2-partite, thinly membranous, not ribbed; style entire, stigma thick; fruit fleshy or dry, breaking into 2 mericarps"	2
2	"Erect or scrambling shrubs, patently hairy, aculeate or not; calyx-rim truncate or shallowly toothed; corolla 4- or 5-lobed; fruit, drupaceous, usually with a fleshy and juicy outer part and hard inner one"	Lantana
2	"Prostrate herbs, rooting at the nodes, appressed-pubescent, unarmed; calyx-rim deeply 2-partite or 2-lobed; corolla 4-lobed; fruit dry, breaking into mericarps with a thin or papery outer layer"	Phyla
