from	statement	to
1	"Spikelets less than twice as long as wide, ovate to suborbicular"	2
1	"Spikelets more than twice as long as wide, usually linear to lanceolate"	4
2	"Spikelets more than 6 mm long"	"Eragrostis superba"
2	"Spikelets less than 3 mm long"	3
3	"Annual; stamens 2; ligule often torn into narrow strips"	"Eragrostis exigua"
3	"Perennial; stamens 3; ligule ciliate"	"Eragrostis kennedyae"
4	"Glumes and/or lemmas hairy on their margins in the lower part"	5
4	"Glumes and lemmas glabrous or scabrid"	6
5	"Lemmas muticous, curved on the mid-nerve but not pouched; fruits flattened on one side"	"Eragrostis laniflora"
5	"Lemmas mucronate, pouched on the mid-nerve; fruit turgid"	"Eragrostis lanipes"
6	"Plants glandular on the culms close below the nodes (recessed areas) or on the margins of leaves, glumes or lemmas (often raised saucer-shaped glands)"	7
6	"Plants not glandular"	11
7	"Glands present on culms and/or leaves, but absent on panicle divisions; fruit usually concave or grooved on hilar face"	8
7	"Glandular pits, warts, pustules, tubercles or striations also present on peduncle, axis, branches and/or pedicels of panicle; fruit usually flat on hilar face"	9
8	"Panicles terminal only; spikelets chasmogamous, loosely flowered; fruit striate-reticulate on surface, grooved or concave on hilar face"	"Eragrostis mexicana"
8	"Panicles terminal on culms and branches, often also axillary in leaf axils; spikelets chasmogamous and cleistogamous, with closely overlapping florets; fruit smooth on surface, concave or flat on hilar face"	"Eragrostis barrelieri"
9	"Spikelet 2–4 mm wide; rhachilla straight or weakly flexuose; fruit globose, as long as wide or almost so"	"Eragrostis cilianensis"
9	"Spikelet 0.5–2 mm wide; rhachilla flexuose or zig-zag; fruit longer than wide"	10
10	"Axils of panicle branches sparsely hairy; both glumes keeled"	"Eragrostis minor"
10	"Axils of panicle stiffly bearded; lower glume rounded on the back"	"Eragrostis pilosa"
11	"Inflorescences terminal and axillary, distributed throughout the plant; palea keels ciliate with thickened spine-like hairs 0.1–0.8 mm long"	"Eragrostis basedowii"
11	"Inflorescences mainly terminal; palea keels smooth or scabrid with stiff hairs to 0.1 mm long"	12
12	"Flaps of the palea (at their widest point) from almost as wide as, to wider than, the body of the palea"	13
12	"Flaps of the palea (at their widest point) distinctly narrower than the body of the palea"	18
13	"Long hairs at the base of at least some panicle branches"	"Eragrostis pilosa"
13	"Long hairs absent from the base of all panicle branches"	14
14	"Annuals; ligule 0.5–0.8 mm long"	15
14	"Perennials; ligule often less than 0.5 mm long"	16
15	"Glumes subequal; fruit concave or grooved, striate-reticulate, dark brown"	"Eragrostis mexicana"
15	"Glumes unequal; caryopsis not concave or grooved, smooth, often white"	"Eragrostis tef"
16	"Lemmas deciduous; rhachilla internodes minutely scabrid; anthers 0.8–1.3 mm long; leaf blades often curly, with a filiform apex; base densely hairy"	"Eragrostis curvula"
16	"Lemmas persistent; rhachilla internodes smooth; anthers 1.2–2 mm long; leaf blades stiff, acute or finely pointed; base glabrous."	17
17	"Culms cane-like; stolons absent; rhachilla internodes equal; ligule ciliate, 0.5–0.8 mm long; spikelet terminated by a vestigial floret"	"Eragrostis australasica"
17	"Culms wiry; stolons usually present; rhachilla internodes unequal; ligule a ciliate membrane 0.3–0.5 mm long; spikelet terminated by a developed though small floret"	"Eragrostis infecunda"
18	"Rhachilla straight (rarely weakly flexuose)"	19
18	"Rhachilla distinctly wavy, zig-zag or flexuose"	25
19	"Spikelets 2–4.7 mm long; 3–12-flowered; stamens 2"	"Eragrostis tenellula"
19	"Spikelets 4.5–50 mm long; 8–76-flowered; stamens usually 3"	20
20	"Spikelets 0.4–0.7 mm wide, terete; florets tightly overlapping"	"Eragrostis pergracilis"
20	"Spikelets 1–3.5 mm wide, distinctly compressed or flattened; florets usually loose with maturity"	21
21	"Base of plant glabrous"	22
21	"Base of plant pubescent or woolly"	23
22	Perennial	"Eragrostis speciosa"
22	Annual	"Eragrostis cumingii"
23	"Florets closely overlapping, entirely covering the rhachilla; rootbase usually bulbous, woolly, rhizomatous; palea keels as long as the palea itself, not incising the apex of the palea into 3 lobes"	"Eragrostis eriopoda"
23	"Florets at first closely overlapping, loose with maturity and partly exposing the rhachilla; rootbase thickened or knotty, pubescent or woolly, rhizomatous or not; palea keels shorter than the palea itself and incising its apex into 3 small lobes"	24
24	"Rootbase not rhizomatous; glumes 1–1.3 mm long; fruit c. 0.5 mm long and almost as wide, strongly compressed, often concave; anthers 0.3–0.8 mm long"	"Eragrostis setifolia"
24	"Rootbase rhizomatous; glumes 1.4–2 mm long; fruit 0.7–1 mm long, distinctly longer than wide, terete or subterete; anthers 1–1.3 mm long"	"Eragrostis xerophila"
25	"Rhachilla jointed, fragile, readily disarticulating at the joints, each floret usually falling entire with its rhachilla internodes"	26
25	"Rhachilla persistent, the florets breaking up (usually glumes, lemmas and fruit deciduous, and paleas persistent) and falling from the rhachilla, or the rhachilla finally disarticulating after florets have fallen"	28
26	"Annual; spikelet 0.8–1 mm wide; stamens 2"	"Eragrostis confertiflora"
26	"Perennials; spikelet 1.5–3.8 mm wide; stamens 2 or 3"	27
27	"Glumes unequal (c. 0.5 mm difference)"	"Eragrostis brownii"
27	"Glumes equal"	"Eragrostis elongata"
28	"Lemmas closely imbricate and entirely covering the rhachilla"	29
28	"Lemmas finally loose and partly exposing the rhachilla"	31
29	"Glumes and lemmas persistent; panicle spike-like or contracted, often reduced to a raceme or spike, with sessile or subsessile spikelets; fruit flattened, 0.2–0.3 mm thick"	"Eragrostis dielsii"
29	"Glumes and lemmas deciduous; panicle open, not reduced, with pedicellate spikelets; fruit compressed or not, more than 0.3 mm thick"	30
30	"Lemmas 1–1.5 mm long, usually glossy; anthers 0.1–0.2 mm long; fruit laterally compressed, usually concave or grooved, shiny; annual or short-lived perennial"	"Eragrostis lacunaria"
30	"Lemmas 1.5–2 mm long, not glossy; anthers 0.4–1 mm long; fruit dorsally or scarcely compressed, not concave or grooved; perennial"	"Eragrostis falcata"
31	"Lemmas usually scabrid, all subequal; lateral nerves on lemma prominent and almost as long as the lemma itself; fruit linear, flat; glumes 0.5–0.9 mm (lower) and 0.7–1.3 mm (upper) long; paleas deciduous"	"Eragrostis leptocarpa"
31	"Lemmas smooth, the lower ones often distinctly longer than the upper; lateral nerves on lemmas often faint and only ½ as long as the lemma itself; fruit oblong-elliptic to obovate, flat or slightly concave; glumes 0.7–1.5 mm (lower) and 1.2–1.8 mm (upper) long; paleas persistent or finally deciduous"	"Eragrostis parviflora"
