from	statement	to	shortcut
1	"Leaves usually ± parallel veined; stamens equaling the number of corolla lobes; anthers bisporangiate, monothecal;"	2	
1	"Leaves pinnate to palmately veined;stamens usually twice the number of corolla lobes, occasionally reduced and equaling the corolla lobes; anthers tetrasporangiate, dithecal;"	10	
2	"Leaves sheathing"	Sprengelia	"Sprengelia incarnata"
2	"Leaves not sheathing"	3	
3	"Style inserted into a depression in the ovary; corolla glabrous"	Epacris	
3	"Style attenuated from the ovary; corolla lobes and/or tubes with hairs"	4	
4	"Flowers with bracts and bracteoles several grading in size"	5	
4	"Flowers subtended by a single bract and 2 bracteoles"	7	
5	"Corolla tube glabrous below the middle; lobes imbricate in bud"	Brachyloma	
5	"Corolla tube with hairs or hairy scales internally below the middle; lobes valvate in bud"	6	
6	"Anthers and filaments completely exserted from the revolute corolla lobes"	Styphelia	
6	"Anthers and filaments enclosed in the erect base of the corolla lobes"	Astroloma	
7	"Anthers exserted from the corolla tube; corolla lobes with a tuft of erect hairs at the apex"	Acrotriche	
7	"Anthers enclosed or only half exserted; lobes glabrous, or bearded"	8	
8	"Subtending bract and 2 bracteoles inserted at the base of the peduncle some distance from the calyx"	Lissanthe	"Lissanthe strigosa"
8	"Subtending bract and 2 bracteoles inserted immediately below the calyx"	9	
9	"Corolla lobes glabrous; ovary 1-celled"	Monotoca	"Monotoca scoparia"
9	"Corolla lobes sparsely to densely bearded; ovary 2- or more-celled"	Leucopogon	
10	"Anthers inverting just before anthesis; fruit a globose berry, with an endocarp, indehiscent; 1 to a few ovules per locule"	Arbutus	"Arbutus unedo"
10	"Anthers inverting early in development of the flower; fruit a capsule lacking an endocarp, usually dehiscent; ± several to numerous ovules per locule."	11	
11	"Leaves whorled; corolla persistent in fruit; leaves ericoid"	Erica	
11	"Leaves alternate; corolla deciduous in fruit; leaves ericoid to broad and flat"	12	
12	"Sprawling shrub, to 0.5 m tall; flowers urceolate, c. 1 cm long; Seeds papillose; pedicel lacking bracteoles; filaments smooth"	Daboecia	"Daboecia cantabrica"
12	"Large shrub or small tree, to 5 m tall; flowers 1.5-5 cm long, corolla lobes spreading; Seeds not papillose; pedicel with 2 bracteoles; filaments roughened or unicellular-pubescent"	Rhododendron	"Rhododendron ponticum"
