from	statement	to
1	"Leaf apex (see note above) more or less tridentate, with the central vein ending in a distinct mucro; roots 2 only at each node"	"Zostera mucronata"
1	"Leaf apex truncate, or rounded and notched, the central vein without a mucro; roots 2 to several at each node"	2
2	"Leaf apex truncate; leaf blade with 4 or 5 longitudinal veins, the lateral ones on either side of the central vein well-spaced from the marginal veins"	"Zostera capricorni"
2	"Leaf apex rounded and usually more or less deeply notched, frequently with some fine denticulations; leaf blade with 3 longitudinal veins, the 2 lateral ones submarginal"	"Zostera muelleri"
