from	statement	to
1	"Fruit with 5 vertical wings; cocci with 1 pair of short conical prickles"	"Tribulus macrocarpus"
1	"Fruit without wings, with prickles, or muricate"	2
2	"Fruit strongly depressed, stellate, with 5 stout spreading spines,flat at the base, conical at the apex"	"Tribulus astrocarpus"
2	"Fruit not depressed, more or less globular, with 10 or more distinct prickles, rarely only muricate"	3
3	"Prickles of fruit few; each coccus with 2 divergent spines on their back above the middle and 2 shorter conical spines near the base directed downwards; flowers small, 6–15 mm across; sepals 3–5 mm long; petals 3–10 mm long"	"Tribulus terrestris"
3	"Prickles of fruit numerous, covering the back of each coccus, or rarely cocci only muricate"	4
4	"Flowers to 2.5 cm across; sepals 5–8 mm long; petals 10–13 mm long; fruit to 2 cm across; cocci covered on their back with short conical hairy prickles, usually only 2–3 (rarely to 8) mm long, sometimes merely muricate"	"Tribulus occidentalis"
4	"Flowers to 5 cm across; sepals 12–15 mm long; petals 25–30 mm long; fruit 3.5–4 cm across; cocci with long (to 15 mm) and short (c. 5 mm) spines on their back"	"Tribulus hystrix"
