from	statement	to
1	"Branches prostrate, decumbent to suberect, much-branched"	2
1	"Branches stiffly erect, 1 to few"	5
2	"Stems angled to winged; fruits obconical; plants decumbent to suberect"	3
2	"Stems terete or slightly ridged; fruit obovoid"	4
3	"Pedicels hairy in flower; inflorescence spike-like"	"Lobelia alata"
3	"Pedicels glabrous; inflorescence loosely cymose"	"Lobelia erinus"
4	"Branches with stout adventitious roots; apex of lower anthers with longer hairs"	"Lobelia pratioides"
4	"Branches without adventitious roots; apex of all anthers with long hairs"	"Lobelia rhombifolia"
5	"Fruits subglobose; seeds with membranous wings"	"Lobelia heterophylla"
5	"Fruits obliquely obovoid; seeds ridged"	6
6	"Seeds c. 0.2 mm long; lower side of throat of corolla with scattered hairs"	"Lobelia gibbosa"
6	"Seeds c. 0.45 mm long; throat of the corolla glabrous"	"Lobelia simplicicaulis"
