from	statement	to
1	"Bractcoles wholly connate into a cup"	"Velleia connata"
1	"Bractcoles free or almost free"	2
2	"Corolla white to pink or mauve; capsule 2-valved"	"Velleia cycnopotamica"
2	"Corolla yellow; capsule 4-valved"	3
3	"Corolla lobes subequal; indusium narrow-oblong; seeds broad-elliptic, acuminate at the base"	"Velleia arguta"
3	"Corolla lobes unequal (the anterior 3, measured from their junction, shorter than the others); indusium ovate; seeds orbicular"	4
4	"Peduncles glabrous; annual"	"Velleia glabrata"
4	"Peduncles pubescent; perennial"	"Velleia paradoxa"
