from	statement	to
1	"2nd glume and 1st lemma usually pubescent; or spikelets fringed with long hairs"	2
1	"2nd glume and 1st lemma glabrous or rarely subglabrous; spikelets without long hairs"	4
2	"1st glume less than one quarter of the 2nd glume"	"Brachiaria gilesii"
2	"1st glume at least one third of the 2nd glume"	3
3	"Spikelet hairy"	"Brachiaria piligera"
3	"Spikelet more or less glabrous"	"Brachiaria subquadripara"
4	"Spikelets irregularly and loosely arranged along the rhachis"	"Brachiaria praetervisa"
4	"Spikelets in 2 dense regular rows"	5
5	"Fertile lemma with an awn c. 1 mm long"	"Brachiaria notochthona"
5	"Fertile lemma without an awn"	"Brachiaria subquadripara"
