from	statement	to
1	"Flower solitary"	2
1	"Flowers 2 to numerous in inflorescences"	3
2	"Leaves flattened, at least 10 mm wide"	Iris
2	"Leaves filiform, subterete, 1-2 mm wide"	Romulea
3	"Inflorescence cymose; each spathe with 2 to many short-lived usually pedicellate flowers"	4
3	"Inflorescence spicate; each spathe with a solitary sessile flower lasting several days"	11
4	"Style branches petaloid, each covering a stamen, with 2 erect crests exceeding the flap-shaped stigma (Iris-shaped flowers)"	5
4	"Style without petaloid branches or crests; stamens exposed"	7
5	"Plant evergreen, with rhizomes; stamens free"	Iris
5	"Plant deciduous, with corms; stamens united"	6
6	"Ovary with a sterile beak; capsules enclosed in scarious spathes"	Gynandriris
6	"Ovary beakless; capsules exserted"	Moraea
7	"Perianth-segments very unequal, the inner 3 vestigial"	Patersonia
7	"Perianth-segments equal or subequal"	8
8	"Style branches short, opposite the anthers; plant deciduous, with corms"	9
8	"Style branches filiform, protruding between the anthers; plant evergreen, with rhizomes"	10
9	"Margins of perianth-segments intricately crisped and undulate"	Ferraria
9	"Margins of perianth-segments entire and flat"	Homeria
10	"Flowers and capsules partially enclosed by spathes, on concealed pedicels"	Orthrosanthus
10	"Flowers and capsules exserted from spathes on long capillary pedicels"	Sisyrinchium
11	"Style branches deeply 2-fid; stigmas 6 or more"	12
11	"Style branches entire; stigmas"	13
12	"Spike horizontal, secund, with more or less erect flowers"	Freesia
12	"Spike vertical, distichous, with spreading flowers"	Watsonia
13	"Leaves hairy, plicate, abruptly narrowed into a petiole-like base"	Babiana
13	"Leaves glabrous, never plicate or with a petiole-like base"	14
14	"Flowers pendulous on the filiform branches of a panicle-like inflorescence"	Dierama
14	"Flowers erect to patent; inflorescence unbranched or with erect branches"	15
15	"Perianth actinomorphic, with a straight tube; flowers more or less erect"	16
15	"Perianth zygomorphic, with a curved tube; flowers patent"	19
16	"Perianth tube narrowly cylindrical, exserted from the spathe"	Ixia
16	"Perianth tube funnel-shaped; not or hardly exserted from the spathe"	17
17	"Spathes lacerate"	Sparaxis
17	"Spathes entire or emarginate"	18
18	"Stamens equilateral; corm campanulate, with a scaly tunic"	Hesperantha
18	"Stamens unilateral; corm globose, with a fibrous tunic"	Tritonia
19	"Stolons present; axis of spike flexuose"	Crocosmia
19	"Stolons absent; axis of spike never flexuose"	20
20	"Perianth tube abruptly dilated"	21
20	"Perianth tube evenly funnel-shaped"	22
21	"Perianth 2-lipped, the upper lobe far exceeding the others and hooded"	Chasmanthe
21	"Perianth not 2-lipped, the upper lobe hardly exceeding the others"	Homoglossum
22	"Spathes entire, acute, herbaceous"	Gladiolus
22	"Spathes lacerate to emarginate, brown, scarious to membranous"	23
23	"Spathes lacerate; perianth-segments unequal, shorter than the tube"	Synnotia
23	"Spathes emarginate; perianth-segments subequal, longer than the tube"	Tritonia
