from	statement	to
1	"Stem and leaves grey-puberulent or almost glabrous; cymes axillary, with 1–3 flowers; stamens 4, anthers l-celled by fusion of the lobes; fruit a succulent drupe"	Spartothamnella
1	"Stem and leaves densely woolly-tomentose; cymes terminal, arranged in elongated spikes or globose heads, more than 3-flowered; stamens 5 or 6, anthers 2-celled; fruit dry"	2
2	"Style deeply 2-branched; stamens extending from inside the corolla tube"	Dicrastylis
2	"Style entire or minutely notched; stamens extending from the margin of the corolla tube between the lobes"	Newcastelia
