from	statement	to
1	"Prostrate plant; flowers white, borne at ground level"	"Onopordum acaulon"
1	"Erect plant; flowers pink to purple, borne at ends of branches"	2
2	"Leaves green with many glandular hairs"	"Onopordum tauricum"
2	"Leaves grey, due to dense arachnoid indumentum, glandular hairs absent"	3
3	"Median involucral bracts 1.5-3 mm broad at base; corolla 19-25 mm long, lobes eglandular"	"Onopordum acanthium"
3	"Median involucral bracts 4.5-7 mm broad at base; corolla 30-38 mm long, lobes glandular"	"Onopordum illyricum"
