from	statement	to
1	"Leaves with the base truncate or subcordate, usually sessile, or if not then ovate rarely lanceolate"	2
1	"Leaves with the base cuneate, petiolate"	4
2	"Plants covered with spreading non-glandular hairs usually longer than 1 mm"	"Epilobium hirtigerum"
2	"Plants usually with appressed hairs rarely together with erect landular or non-glandular hairs up to 0.5 mm long"	3
3	"Leaves ovate to lanceolate"	"Epilobium billardieranum"
3	"Leaves linear to linear-lanceolate"	"Epilobium pallidiflorum"
4	"Leaves lanceolate, acuminate; usually erect annual weeds"	"Epilobium ciliatum"
4	"Leaves linear to linear-lanceolate, acute to obtuse; perennials with a basal rootstock"	"Epilobium billardieranum"
