from	statement	to
1	"Plant glabrous (ciliate margins to leaf sheaths and inflorescence partly scabrid)"	"Spinifex longifolius"
1	"Plant largely covered with silky hairs."	2
2	"Culm internodes 9–18 mm thick; leaf blades 9–17 mm broad, densely silky pubescent; base of female or bisexual spikelet hairy; male spikelet 11.5–13.5 mm long"	"Spinifex hirsutus"
2	"Culm internodes 4–8 mm thick; leaf blades 5–10 mm broad; base of female or bisexual spikelet glabrous; male spikelet 9.5–10.5 mm long"	"Spinifex sericeus (included here under Spinifex hirsutus)"
