from	statement	to
1	"Pedicel hairs 2–3 mm long"	"Austrostipa elegantissima"
1	"Pedicel hairs 0–0.5 mm long"	2
2	"Inflorescence of 1–4 spikelets; apical lemma lobes 2.5–3.5 mm long"	"Austrostipa muelleri"
2	"Inflorescence of 10 or more spikelets; apical lemma lobes usually less than 2.5 mm long"	3
3	"Awn bristle distinctly flattened, 0.3–0.4 mm broad but narrowing towards the base, falcate"	"Austrostipa platychaeta"
3	"Awn bristle angled in section or slightly flattened, to 0.3 mm broad, not narrowing towards the base, falcate or not"	4
4	"Lemma glabrous or sparsely hairy"	5
4	"Lemma hairy over most of the surface"	10
5	"1st glume 5.5–8 mm long; callus 0.2–0.3 mm long"	"Austrostipa tuckeri"
5	"1st glume 9–26 mm long; callus 1.5–3.5 mm long"	6
6	"Coma 1–1.5 mm long"	7
6	"Coma absent"	9
7	"1st glume 19–26 mm long"	"Austrostipa lanata"
7	"1st glume 9–18 mm long"	8
8	"1st glume 9–14 mm long; awn 5–8 cm long"	"Austrostipa nullanulla"
8	"1st glume 14–18 mm long; awn 8–12.5 cm long"	"Austrostipa vickeryana"
9	"1st glume 11–17 mm long; lemma 7–9 mm long"	"Austrostipa oligostachya"
9	"1st glume 18–26 mm long; lemma 10–13 mm long"	"Austrostipa pubinodis"
10	"Awn once bent with a curved bristle (falcate)—not easily recognisable on immature material"	11
10	"Awn twice bent or, if only once, then the bristle almost straight"	18
11	"Lemma 7–9 mm long; 1st glume [typically] 14–20 mm long"	"Austrostipa tenuifolia"
11	"Lemma 4–7 mm long; 1st glume usually 7–14 mm long"	12
12	"Awn columns scabrid or with hairs [typically] to 0.2 mm long"	13
12	"Awn columns hairy with hairs [typically] 0.25–0.8 mm long"	17
13	"Leaf blades [typically] 0.5–1.2 mm broad"	14
13	"Leaf blades [typically] 1–5 mm broad"	16
14	"Leaf auricles glabrous or shortly hairy; ligule 0.5–1.5 mm long"	"Austrostipa scabra subsp. scabra"
14	"Leaf auricles ciliate; ligules 0.3–0.8 mm long"	15
15	"Awn column 9–17 mm long; leaves scabrid, pubescent to hispid below"	"Austrostipa scabra subsp. falcata"
15	"Awn column 6–10 mm long; leaves with spreading hairs to 1 mm long below"	"Austrostipa trichophylla"
16	"Panicle contracted and usually dense; nodes rarely exposed"	"Austrostipa nitida"
16	"Panicle spreading and usually sparse; some nodes usually exposed"	"Austrostipa nodosa"
17	"Nodes pubescent; hairs on pedicels 0.2–0.3 mm long; leaves not sharp-pointed"	"Austrostipa drummondii"
17	"Nodes glabrous; hairs on pedicels to 0.1 mm long; leaves often sharp-pointed"	"Austrostipa pilata"
18	"Lemma with a very shortly hairy (appearing almost glabrous) patch to one side near the apex; lemma hairs orange"	19
18	"Lemma evenly hairy of with the hairs gradually graded; lemma hairs orange or other colours especially white"	20
19	"Ligule 0.5–2 mm long; 1st glume 14–23 mm long; callus 2–4 mm long"	"Austrostipa eremophila"
19	"Ligule 0.2–0.5 mm long; 1st glume 8–14 mm long; callus 0.7–1.8 mm long"	"Austrostipa puberula"
20	"Coma absent"	21
20	"Coma 0.1–3.5 mm long"	29
21	"Apical lobe of lemma 0.5–3 mm long; leaf apex sharp-pointed"	"Austrostipa stipoides"
21	"Apical lobe of lemma 0–0.5 mm long; leaf apex not sharp"	22
22	"Awn 8–20 cm long; sheaths pubescent and with large transparent and somewhat curly hairs"	"Austrostipa macalpinei"
22	"Awn 2.5–10 cm long; sheaths pubescent or not, but lacking the larger transparent hairs"	23
23	"Ligule 3.5–8 mm long; 2nd glume 5–10 mm long"	"Austrostipa acrociliata"
23	"Ligule 2–9 mm long, if 3.5 mm or more, then 2nd glume 12 mm or more long"	24
24	"Awn column hairs 0.1–0.2 mm long"	"Austrostipa setacea"
24	"Awn column hairs 0.3–4 mm long"	25
25	"Awn column hairs [typically] 0.3–1 mm long, spreading, evenly distributed around the column and therefore not appearing to spiral"	26
25	"Awn column hairs [typically] 1–4 mm long, slightly appressed, distributed mainly along the ribs and thereby appearing to spiral with the spiralling column"	28
26	"Lemma 8–12 mm long; callus 1.2–3 mm long"	"Austrostipa semibarbata"
26	"Lemma 5.5–8 mm long; callus 3–3.5 mm long"	27
27	"Leaf sheath 0.5–1.2 mm broad; callus 2–3 mm long"	"Austrostipa mundula"
27	"Leaf sheath 1.5–8 mm broad; callus 1.2–1.8 mm long"	"Austrostipa densiflora"
28	"2nd glume 10–16 mm long; lemma 5–7.5 mm long"	"Austrostipa hemipogon"
28	"2nd glume [typically] 15–20 mm long; lemma [typically] 7.5–8.5 mm long"	"Austrostipa mollis"
29	"1st glume 5–7 mm long"	"Austrostipa breviglumis"
29	"1st glume 8–27 mm long"	30
30	"Leaves spine-tipped"	31
30	"Leaves not spine-tipped"	32
31	"Nodes glabrous; ligule 3–9 mm long"	"Austrostipa stipoides"
31	"Nodes silky; ligule 1.5–2.5 mm long"	"Austrostipa echinata"
32	"Apical lobes of lemma 1.5–3 mm long"	"Austrostipa petraea"
32	"Apical lobes of lemma 0–0.5 mm long"	33
33	"Lemma distinctly swollen on one side towards the apex, very dark to blackish at maturity; ligule 0.3–0.5 mm long"	"Austrostipa gibbosa"
33	"Lemma radially symmetrical, if slightly asymmetrical then the ligule 2–9 mm long, dark at maturity or not"	34
34	"Palea with a deep longitudinal furrow; ligule 2–9 mm long"	"Austrostipa setacea"
34	"Palea not furrowed; ligule usually less than 2 mm long"	35
35	"Leaves densely and shortly bluish velvety; coma 0.1–0.5 mm long."	"Austrostipa velutina"
35	"Leaves glabrous, scabrid or pubescent, green; coma often more than 0.5 mm long"	36
36	"Awn bristle with hairs c. 1 mm long"	"Austrostipa plumigera"
36	"Awn bristle scabrid"	37
37	"Culms [typically] 1.5–4 mm broad near the base"	38
37	"Culms [typically] to 1 mm broad near the base"	42
38	"Coma [typically] 2–5 mm long"	39
38	"Coma 0.2–1.5 mm long"	40
39	"Awn column hairs to 0.1 mm long"	"Austrostipa blackii"
39	"Awn column hairs 0.5–1 mm long"	"Austrostipa stuposa"
40	"Callus 0.5–1.2 mm long"	"Austrostipa multispiculis"
40	"Callus 1.4–3 mm long"	41
41	"Glumes inflated around the lemma, sharply narrowing at the tip; ligule pubescent"	"Austrostipa curticoma"
41	"Glumes not inflated; ligule silky-hairy"	"Austrostipa flavescens"
42	"Callus 1–1.5 mm long; 1st glume [typically] 8–10 mm long"	"Austrostipa exilis"
42	"Callus 2–3 mm long; 1st glume [typically] 12–17 mm long"	"Austrostipa mundula"
