from	statement	to
1	"Leaves either consistently divided (pinnatipartite) or lobed or toothed"	2
1	"Leaves entire or rarely a few on a branch pinnatipartite"	8
2	"Leaves lobed or toothed, not divided almost to the midrib into linear segments"	3
2	"Leaves pinnatipartite. [Note: if character combinations other than those present at couplet 4, go to couplet 7.]"	4
3	"Flower-subtending bracts c. 1.5–4 mm long, more or less persistent at flowering; style abruptly expanded into the pollen-presenter; indumentum on branchlets, leaves, rhachis, perianth and ovary of raised curled hairs"	"Grevillea aquifolium"
3	"Flower-subtending bracts c. 1 mm long, deciduous at bud stage; style on dorsal side continuous with the pollen-presenter; indumentum on branchlets, leaves, rhachis, perianth and ovary of appressed straight hairs"	"Grevillea ilicifolia"
4	"Final segments of leaves 3–18, usually over 7; racemes 1-sided, elongated, the rhachis 1.5–5.5 cm long; pedicel 0–3.8 mm long; ovary hirsute; style 16–30 mm long"	5
4	"Final segments 3–9; racemes umbelliform, the rhachis 0.6–2 cm long; pedicel 6–9 mm long; ovary glabrous; style 1.7–12 mm long"	7
5	"Leaves with petiole 1.5–5 cm long, final segments 0.5–3.5 cm long, the midrib narrower than the blade either side below, hardly prominent above; perianth green."	6
5	"Leaves with petiole 0.5–1 cm long, final segments 0.7–1.5 cm long, the midrib much broader than the blade on either side below, prominently raised above; perianth red"	"Grevillea treueriana"
6	"Flower-subtending bracts c. 1.5–4 mm long, more or less persistent at flowering; style abruptly expanded into the pollen-presenter; indumentum on branchlets, leaves, rhachis, perianth and ovary of raised curled hairs"	"Grevillea aquifolium"
6	"Flower-subtending bracts c. 1 mm long, deciduous at bud stage; style on dorsal side continuous with the pollen-presenter; indumentum on branchlets, leaves, rhachis, perianth and ovary of appressed straight hairs"	"Grevillea ilicifolia"
7	"Leaf segments narrow-linear, needle-like, c. 0.7 mm wide; flowers white; perianth 3–3.5 mm long, splitting into 4 free segments; pollen-presenter an erect cone; fruit coarsely muricate-rugose"	"Grevillea biternata"
7	"Leaf segments linear, 1–2 mm wide; flowers pink; perianth 15–24 mm long, splitting fully down one side only; pollen-presenter an oblique disc; fruit smooth"	"Grevillea huegelii"
8	"At least the majority of leaves on a branch longer than 9.5 cm"	9
8	"All or the majority of the leaves on a branch less than 9.5 cm long"	15
9	"Leaves linear, 3–6 mm wide, with 5–13 longitudinal veins below"	"Grevillea striata"
9	"Leaves narrow-linear, 0.9–2.6 mm wide, with no prominent veins below but subterete or with 2 distinct or fine longitudinal grooves below"	10
10	"Leaves subterete, with 1 or 2 obscure longitudinal grooves, with no obvious midrib; style 3.5–5.5 mm long; pollen-presenter an erect cone"	"Grevillea nematophylla"
10	"Leaves flat, with 2 prominent fine longitudinal grooves between the midrib and margins on the lower side; style 5–20 mm long; pollen-presenter an oblique rarely almost horizontal disc"	11
11	"Leaf mucro hooked; style 5–6.5 mm long (straightened); fruit greatly compressed, with style lateral, broken down to the base, reflexed"	"Grevillea stenobotrya"
11	"Leaf mucro straight; style 9–20 mm long (straightened); fruit never with above character combination"	12
12	"Inflorescences umbelliform, with 10–20 or fewer flowers, rhachis 0.4–0.7 cm long; perianth pink; ovary and fruit glabrous"	"Grevillea umbellifera"
12	"Inflorescences elongated, with 15–200 flowers, rhachis 5–26 cm long; perianth white to orange; ovary hirsute; fruit pubescent"	13
13	"Leaves 4–15 cm long; indumentum on branchlets, rhachis, pedicels and perianth externally appressed- pubescent; flowers white; perianth 2.5–3.5 mm long; style 9–13 mm long (straightened); fruit slightly compressed"	"Grevillea pterosperma"
13	"Leaves 6–30 cm long; indumentum on branchlets, rhachis, pedicels and perianth externally woolly- tomentose; flowers yellow to orange; perianth 6.5–10 mm long; style 16–20 mm long (straightened); fruit greatly compressed"	14
14	"Leaves mid-green to greenish-grey; racemes dense-flowered, with the rhachises towards the base 3.5–6 mm diam.; pedicel 3–4 mm long; pollen-presenter an almost horizontal disc; fruit on a short stout stipe"	"Grevillea eriostachya"
14	"Leaves green-yellow, rarely greyish-green; racemes more open, with the rhachises towards the base 2–3 mm diam.; pedicel 8–22 mm; pollen-presenter an oblique disc; fruit on a long slender stipe"	"Grevillea juncifolia"
15	"Racemes with c. 100–200 yellow to orange flowers, with rhachis 14–26 cm long, towards the base of the apical raceme 3.5–6 mm diam.; fruit greatly ccompressed, inserted laterally on and perpendicular to a short stout stipe"	"Grevillea eriostachya"
15	"Racemes with 1–42 white, pink or red flowers, sometimes with a yellowish limb, with rhachis 0.05–3 cm long, towards the base less than c. 1.5 mm diam.; fruit hardly compressed, vertically inserted if sometimes sublaterally on the stipe"	16
16	"Pistil glabrous, except sometimes for a few hairs or papillae behind the pollen-presenter"	17
16	"Pistil hirsute, at least on the gynophore"	22
17	"Leaves narrow-linear to linear, with 2 narrow persistently pubescent grooves below between the rigid recurved margins and midrib"	18
17	"Leaves broad-obovate to narrow-oblong, or linear through the revolution of the margins on drying, often also obscuring the tomentose lower surface"	20
18	"Branchlets appressed-pubescent, with a glabrous rib decurrent from each leaf; leaves widely spreading; perianth 2.6–4 mm long, splitting into 4 free segments"	"Grevillea parviflora"
18	"Branchlets with tomentum obscuring a fine rib decurrent from each leaf; leaves more or less erect; perianth 5.5–22 mm long, splitting down one side only"	19
19	"Leaves 4–15 cm X 1.5–2.6 mm, with venation obscure above; racemes umbelliform, rhachis 0.4–0.7 cm long; pedicel 6–14 mm long; perianth 15–22 mm long; style 10–16 mm long"	"Grevillea umbellifera"
19	"Leaves 2.5–7 cm X 1–1.2 mm, with several fine longitudinal veins above; racemes elongated, rhachis 2–3 cm long; pedicel 2–3.5 mm long; perianth 5.5–7.5 mm long; style 4 mm long"	"Grevillea parallelinervis"
20	"Branchlets appressed-tomentose, with 3 glabrous ribs decurrent from each leaf; upper side of leaves with 2 or 3 parallel veins inside each margin, the connecting reticulate venation obscure; torus horizontal; perianth pink, splitting into 4 free segments; style displaced to one side of the segments, pollen-presenter an oblique disc"	"Grevillea quinquenervis"
20	"Branchlets lacking prominent ribs; upper side of leaves with obscure or pinnate-reticulate venation; torus oblique; perianth tube red at least in the lower half, splitting fully down one side only; style erect above the perianth, pollen-presenter more or less lateral"	21
21	"Branchlets, pedicel and perianth externally raised-tomentose; leaves minutely tuberculate, with yellow pinnate nerves above; racemes with 6–42 flowers, rhachis 1.4–4.5 cm long; perianth red, with yellow- green limb; style 4–6 mm long, pollen-presenter truncate-cuneate"	"Grevillea aspera"
21	"Branchlets, pedicel and perianth externally appressed-pubescent; leaves smooth, with obscure venation above; racemes with 1–4 flowers, rhachis 0.1–0.25 cm long; perianth red throughout; style 6–6.5 mm long, pollen-presenter circular"	"Grevillea pauciflora"
22	"Leaves smooth, glabrous above and below except rarely for a few scattered hairs below (obscured by the recurved margins); rhachis, pedicel and perianth externally glabrous, glaucous; perianth red, with the limb recurved to the level of the ovary (almost to the base of the tube); gland circular; ovary glabrous"	"Grevillea rosmarinifolia"
22	"Leaves glabrescent, minutely to prominently tuberculate, persistently tomentose below (but often obscured by the recurved margins); rhachis, pedicel and perianth externally pubescent; perianth red, sometimes with a cream limb, the limb recurved to halfway down the tube; gland semi-circular; ovary hirsute"	23
23	"Leaves terete, rarely ovate, thick up to the obtuse apex, 0.2–1.2 cm long, mucro 0.2–0.3 mm long; perianth red throughout; style coarsely raised-brown-tomentose throughout; branchlets more or less persistently raised-tomentose, smooth when glabrescent"	"Grevillea muricata"
23	"Leaves linear-subulate to elliptic, flat, thin towards the acute apex; perianth red, with a cream limb; style with a raised white pubescence confined to the base or throughout"	24
24	"Branchlets with lateral shoots sporadic, usually elongated, smooth when glabrescent; leaves linear to elliptic, 0.2–3.5 cm long, with minute tubercles 0.01–0.05 rarely to 0.06 mm high, mucro 0.5–2 mm long; perianth tube sparsely tomentose"	"Grevillea lavandulacea"
24	"Branchlets with short shoots in almost every axil at flowering time, tuberculate like the leaves when glabrescent; leaves linear to subulate, rarely narrow-ovate, 0.2–0.8 cm long, with prominent tubercles 0.05–0.1 mm high, mucro 0.2–0.45 rarely to 0.6 m long; perianth tube glabrous or with a few very short hairs"	"Grevillea rogersii"
