from	statement	to
1	"Pappus of at least central florets with plumose bristles (i.e. bristles with long, extremely fine branches)"	2
1	"Pappus never containing plumose bristles (bristles either scabrid-barbellate or ± smooth) or pappus absent"	8
2	"Involucral bracts uniseriate (rarely an isolated outer bract present); achenes 10-50 mm long"	3
2	"Involucral bracts bi- or multiseriate; achenes 3-15 mm long"	4
3	"Leaves grass-like, parallel-veined, glabrous; peduncle not setose; ligule pale to dark purplish, or if yellow much shorter than involucre; achenes with a smooth transition into beak"	Tragopogon
3	"Leaves not grass-like, pinnate-veined, with scattered hairs on both surfaces; peduncle setose, sometimes minutely; ligule yellow, exceeding involucre; achenes with an abrupt junction between body and beak sections"	Urospermum
4	"Receptacular paleae attending each floret"	Hypochaeris
4	"Receptacular paleae absent"	5
5	"Spreading hairs absent; achenes pale, without transverse ridges, not beaked or tapering distally, slightly inflated and whitish in proximal third"	Scorzonera
5	"Spreading furcate hairs or anchor hairs present; all or most achenes orange-brown with transverse scale-like ridges and beaked or at least tapering distally"	6
6	"Plants scapose; hairs on stems and leaves bifurcate, with prongs not recurved; pappus of marginal achenes a corona of bristles to 1 mm long"	Leontodon
6	"Plants usually with cauline leaves; hairs on stems and leaves 2-5-pronged anchor hairs; pappus of marginal achenes not as above"	7
7	"Outer involucral bracts usually 5, in single row, inner involucral bracts with conspicuous feather-like appendage; achenes heteromorphic, tapering into a filiform, long rostrum, outer achenes pilose, white; pappus pure white, style branches black; indumentum of 2-, 3-, 4- and 5-hooked anchor hairs, hairs on radical and cauline leaves often with conspicuously raised base"	Helminthotheca
7	"Outer involucral bracts more than 5, in 2-4 rows; inner involucral bracts without featherlike appendage; achenes homomorphic, cuspidate; pappus cream-white, style branches yellow; indumentum of mainly 2-hooked anchor hairs, hair base extended but without conspicuously raised base"	Picris
8	"Achenes beaked (zone of distal narrowing > 1 mm long)"	9
8	"Achenes not beaked (achenes not narrowing distally or zone of distal narrowing < 1 mm long)"	12
9	"Plants scapose; capitulum solitary"	Taraxacum
9	"Plants with stem leaves and/or branches; capitula few to numerous"	10
10	"Achenes strongly compressed"	Lactuca
10	"Achenes not or only slightly compressed"	11
11	"Stem leaves present at anthesis; all capitula distinctly pedunculate; bracts with spreading setose or glandular hairs; achenes ± gradually tapering, with ring of scales absent "	Crepis
11	"Stems often leafless at anthesis; capitula in ± sessile clusters along branches; bracts lacking setose or glandular hairs; achenes with a prominent ring of scales at the abrupt transition from body to beak"	Chondrilla
12	"Stem leaves generally no more than 4; inner involucral bracts firm, strongly convex, at maturity; marginal and central achenes markedly different and/or their pappus very different in length"	13
12	"Stem leaves few to many; inner involucral bracts not firm or convex at maturity; achenes and/or pappus all similar"	14
13	"Leaf hairs simple; outer involucral bracts shorter or longer than inner bracts; achenes 1.3-2.0 mm long"	Tolpis
13	"Leaf hairs furcate; outer and intermediate involucral bracts shorter than inner bracts; achenes 4.5-9 mm long"	Leontodon
14	"Ligule of florets entirely blue, rarely white or pink; pappus of minute scales"	Cichorium
14	"Ligule of florets yellow; pappus of bristles or hairs or pappus absent"	15
15	"Pappus absent (leaves divided with terminal lobe/segment markedly larger than lateral lobes)"	Lapsana
15	"Pappus > 3 mm long"	16
16	"Achenes all somewhat compressed; pappus of somewhat persistent fine hairs and an inner series of early caducous bristles"	17
16	"Achenes not compressed; pappus not of two types of bristles as above"	18
17	"Non-rhizomatous annuals or biennials; involucre to c. 12 mm long; achenes < 4 mm long"	Sonchus
17	"Rhizomatous perennial; involucre mostly> 12 mm long; achenes > 4 mm long"	Actites
18	"Plants scapose; pappus of long scales or bristles that are broader basally"	Microseris
18	"Plants with stem leaves; pappus of bristles that are not broader basally"	19
19	"Plants glabrous; outer involucral bracts broad-ovate to ovate, with a hyaline margin 0.3-2 mm wide"	Reichardia
19	"Plants hairy; outer involucral bracts lanceolate to linear, with a hyaline margin hardly developed"	Crepis
