from	statement	to
1	"Adult leaves mostly < 4 cm long, uniserrate"	"Ulmus parvifolia"
1	"Adult leaves mostly > 4 cm long, mostly biserrate"	2
2	"Adult leaves elliptic to orbicular, longer side with base approaching petiole at right angles or slightly rounded but not overlapping petiole; shorter side usually almost straight in lower half"	"Ulmus minor"
2	"Adult leaves broadly ovate to obovate to elliptic, longer side with base strongly lobed, often overlapping petiole +/- adjacent stem; shorter side rounded in lower half"	"Ulmus hollandica"
