from	statement	to
1	"Woody shrubs of small trees; fruit ± succulent"	2
1	"Herbs, often large and slightly woody near base; fruit dry"	3
2	"Corolla zygomorphic or rarely actinomorphic but then stamens 5, variously coloured, rarely white; stamens included or exserted, with distal ends approaching each other or aggregated; fruit dry, rarely succulent"	Eremophila
2	"Corolla more or less actinomorphic, white or rarely tinged pink; stamens 4, exserted, with distal ends diverging or parallel;, fruit succulent or rarely dry"	Myoporum
3	"Calyx not surrounding the flower, consisting of 2 sepals; bracteoles absent; corolla with upper lip 4-lobed, lower lip lacking; fruit consisting of 2 1-seeded cocci"	Dischisma
3	"Calyx surrounding the flower, consisting of 3-5 sepals; bracteoles present or absent; corolla always lobed on the lower side; fruit a several- to many-seeded capsule"	4
4	"Bracteoles present; sepals free for more than half their length, rarely (Mazus) for about half their length"	5
4	"Bracteoles absent"	7
5	"Fertile stamens 2; corolla lobes 5, more or less equal, pale-pink to purple or white; anther cells separate; capsule septicidal and loculicidal"	"Gratiola (now Plantaginaceae)"
5	"Fertile stamens 4; corolla distinctly 2-lipped, blue to purple rarely white"	6
6	"Bracteoles alternate, borne on the pedicel well below the calyx; anther cells contiguous at the apex; leaves radical; capsule loculicidal"	"Mazus (now Mazaceae)"
6	"Bracteoles opposite, borne immediately below the calyx; anther cells separate; leaves cauline; capsule septicidal"	"Stemodia (now Plantaginaceae)"
7	"Sepals free for more than half their length"	8
7	"Sepals fused for more than half their length; leaves opposite or alternate"	14
8	"Anthers 2; sepals 4 or 5; corolla 4- or 5-lobed, blue, pink or white, short-tubed; leaves opposite (flowers alternate)"	9
8	"Anthers 4 or 5; sepals 5 or calyx 2-lipped; corolla 5-lobed, if short-tubed then yellow; leaves alternate at least in the upper parts, rarely (Misopates) opposite throughout"	10
9	"Shrubs; capsules septicidal and sometimes incompletely loculicidal; leaves sessile, 1-14.5 cm long; style 4-5 mm long"	"Parahebe (now Plantaginaceae)"
9	"Annual or perennial herbs; capsules loculicidal and some-times incompletely septicidal; leaves sessile or petiolate,with a blade 0.3-3 cm long, if longer then semi-aquatic with hollow stems and style 1-1.3 mm long"	"Veronica (now Plantaginaceae)"
10	"Corolla mouth closed by a palate on the lower side; the base of the tube spurred or swollen on the lower side"	11
10	"Corolla mouth open, with or without a palate, the base of the tube symmetrical, straight"	13
11	"Corolla tube swollen at the base; capsule asymmetrical, with the base of the lower cell wholly in front of the pedicel"	"Misopates (now Plantaginaceae)"
11	"Corolla tube spurred at the base; capsule symmetrical at the base"	12
12	"Leaf blades reniform to semicircular, with 5-9 rounded to triangular lobes, palmately veined; capsule dehiscing by irregular longitudinal slits"	"Cymbalaria (now Plantaginaceae)"
12	"Leaf blades entire or with a pair of large basal lobes or with 1, rarely 2, pairs of basal teeth, pinnately veined; capsule dehiscing by pores opening by a detachable lid"	"Kickxia (now Plantaginaceae)"
13	"Corolla tiny, 3-4 mm long, tubular, with limb c. 2 mm diam.; small annual; inflorescences terminal, dense, broadly ovoid heads"	Polycarena
13	"Corolla showy, short-tubed, rotate, over 5 mm long and c. 12 mm diam.; large biennials; inflorescences long terminal spikes"	Verbascum
14	"Leaves densely clustered, their arrangement obscure"	15
14	"Leaves spaced along the branches"	16
15	"Calyx smooth, 3- or 4-lobed; stamens 4 or 2; stigma a broad flap; capsule loculicidal"	"Glossostigma (now Phrymaceae)"
15	"Calyx 5-angled, 5-lobed, in depauperate plants rarely 3-merous; stamens 4; stigma obscurely 2-lobed, subcapitate; capsule septifragal"	Limosella
16	"Leaves alternate at least in upper parts; calyx equally or unequally 5-toothed or 2-lipped by fusion of teeth, fused to the bract"	17
16	"Leaves opposite"	18
17	"Calyx 5-lobed with 3-lobed and 2-lobed segments; corolla salverform, the slender tube 16 - 20 mm long, twice the length of the calyx; upper pair of anthers small, circular, the lower pair larger, oblong"	Zaluzianskya
17	"Calyx 5-toothed or with 2 entire lips; corolla more or less 2-lipped, the tube 3-4 mm long, less than twice the length of the calyx; both pairs of anthers of same shape"	Polycarena
18	"Calyx equally 5-toothed or unequally 3- or 4-toothed; anthers 1- or 2-celled; stigmas 1 or 2, flap-like; leaves with scattered, sometimes obscure, sessile glands; roots without nodules"	19
18	"Calyx equally 4-toothed (the clefts between sometimes unequal); anthers 2-celled; stigma capitate or obscurely 2-lobed; leaves with patches of sessile glands between or along veinlets on the lower side; roots bearing nodular parasitic connections (haustoria)"	22
19	"Branches erect to ascending; bases of opposite leaves quite separate; leaves serrate or entire"	"Mimulus (now Phrymaceae)"
19	"Branches prostrate, rooting at the nodes; bases of opposing leaves linked by a narrow flange; leaves entire"	20
20	"Stamens 4; anthers 2-celled; stigmas 2"	"Mimulus (now Phrymaceae)"
20	"Stamens 4 or 2; anthers l-celled; stigma 1 broad flap, with a vestige of second flap at the base"	21
21	"Calyx 5-angled, equally 5-toothed"	"Peplidium (now Phrymaceae)"
21	"Calyx smooth, with 3 or 4 unequal teeth"	"Glossostigma (now Phrymaceae)"
22	"Upper corolla lobes recurved; rearmost pair of anther awns longer than the other 6 awns; seeds longitudinally ribbed, scalariform between; perennial or annual"	"Euphrasia (now Orobanchaceae)"
22	"Upper corolla lobes directed forward; anther awns equal; seeds smooth or reticulate, or longitudinally ribbed, scalariform between; annual"	23
23	"Capsule globular; seeds longitudinally ribbed, scalariform between, 0.6-71 mm long"	"Bellardia (now Orobanchaceae)"
23	"Capsule oblong; seeds smooth or finely reticulate, 0.25-0.45 mm long"	"Parentucellia (now Orobanchaceae)"
