from	statement	to
1	"Weak stoloniferous perennials usually obviously branching well above the base; leaves along the culms"	2
1	"Annuals or tufted perennials, branching confined to the base; leaves predominantly basal"	3
2	"Leaves delicate; sheaths 0.2–1 mm diameter; EP, SL, KI, SE"	"Poa tenera"
2	"Leaves more robust; sheaths 0.8–2 mm diameter; SL"	"Poa umbricola"
3	Annuals	4
3	Perennials	6
4	"First glume 0.7–1.3 mm long; pedicels 0–0.3 mm long"	"Poa infirma"
4	"First glume 1.5–4 mm long; pedicels 0.2–2.5 mm long"	5
5	"Panicle densely or loosely spike-like; anthers 2–3 mm long"	"Poa fax"
5	"Panicle narrow at first but becoming open; anthers 0.5–1.2 mm long"	"Poa annua"
6	"Bulb-like at the base"	"Poa bulbosa"
6	"Without a distinctly bulb-like base, sometimes the lower internodes more or less swollen"	7
7	"Spikelets 2–3 mm deep; stipules 2–6 mm long"	"Poa drummondiana"
7	"Spikelets 0.5–2 mm deep (if c. 2 mm long then stipules less than 1.5 mm long)"	8
8	"Blades pubescent or hirsute on the lower surface (rarely scabrid or glabrous)"	9
8	"Blades smooth or scabrid on the lower surface but not manifestly pubescent or hirsute"	11
9	"Blades tightly rolled, 0.3–0.7 mm broad"	"Poa rodwayi"
9	"Blades, flat, folded or rolled, 0.4–3.5 mm broad"	10
10	"Lower internodes often swollen; widespread including SE (see note on the separation of these two species under Poa crassicaudex)"	"Poa crassicaudex"
10	"Lower internodes not swollen or scarcely so; SE"	"Poa morrisii"
11	"Ligule thinly membranous, usually not or scarcely and inconspicuously puberulent or scabrid on the back or ciliolate at the apex, c. 2 mm or more in length or rarely less"	12
11	"Ligule firmly membranous, usually more or less puberulent or scabrid on the back and/or ciliolate at the apex, 0.1–1.5 mm long"	13
12	"Leaf sheath tubular below; lemmas 3.5–5 mm long, usually hairy between the veins"	"Poa fordeana"
12	"Leaf sheath margins overlapping throughout their length; lemmas 2–4 mm long, glabrous between the veins"	"Poa pratensis"
13	"Blades (or at least some of them) flat and usually expanded at least when alive, or folded and the margins sometimes inrolled on drying, either broad or narrow"	14
13	"Blades closely folded and/or usually the margins also rolled and overlapping so that the blade is more or less angular-terete, narrow"	19
14	"Plants commonly developing horizontal rhizomes which initiate new shoots more or less remote from the parent tussock; extravaginal shoots with scales usually present."	15
14	"Plants tufted and not normally developing rhizomes"	16
15	"Lower leaf sheaths not purplish; lemmas glabrous on the internerves"	"Poa pratensis"
15	"Lower leaf sheaths usually exhibiting some greater or less degree of purplish colouration; lemmas often more or less pubescent on the internerves"	"Poa clelandii"
16	"Panicle usually contracted and more or less linear, or if sometimes with widely spreading branches then usually at least some of the branches short and with spikelets almost to their bases"	"Poa poiformis"
16	"Panicle at length wide-spreading and branches devoid of spikelets in the lower part"	17
17	"Sheaths often purplish at the base; loosely or densely tufted with numerous extravaginal shoots with firm broad scales"	"Poa clelandii"
17	"Sheaths not or rarely purplish at the base; shoots mainly intravaginal"	18
18	"Sheaths scabrid or smooth, not pubescent"	"Poa labillardierei"
18	"Sheaths usually more or less scabrid-pubescent"	"Poa crassicaudex"
19	"Blades more or less rigid"	20
19	"Blades not rigid"	21
20	"Small plant with elongate slender rhizomes"	"Poa halmaturina"
20	"Rhizomes not or rarely developed"	"Poa poiformis"
21	"Lemmas hairy on the internerves on the lower back, with or without longer and/or denser hairs on the keels and the lateral nerves"	22
21	"Lemmas hairy in the lower part on the keels and the lateral nerves but usually not on the internerves"	23
22	"Abaxial leaf surfaces often glabrous. Widespread"	"Poa crassicaudex"
22	"Abaxial leaf surfaces generally more densely scabrid or pubescent. Only recorded from the SE"	"Poa sieberiana var. sieberiana"
23	"Tussocks generally large and coarse"	"Poa labillardierei"
23	"Tussocks small and fine-leafed"	"Poa meionectes"
