from	statement	to
1	"Surface of the mericarp glabrous and wrinkled"	"Geranium molle"
1	"Surface of the mericarp hirsute to pilose, smooth"	2
2	"Awns of the mericarp with conspicuous glandular hairs; seeds pale-brown"	"Geranium dissectum"
2	"Awns of the mericarp with mostly eglandular hairs and sometimes some minute glandular ones; seeds black or dark-brown"	3
3	"Flowers mostly paired; bracteoles usually 4; alveolae of the seeds isodiametric (not elongated)"	4
3	"Flowers solitary; bracteoles 2, alveolae of the seeds elongated"	"Geranium potentilloides"
4	"Hairs of the pedicel retrorse-appressed in the flowering stage"	"Geranium retrorsum"
4	"Hairs of the pedicel retrorse-reflexed or patent, never appressedin the flowering stage"	"Geranium solanderi"
