from	statement	to
1	"Leaves usually hastate or sagittate with acute lobes; flowers dioecious, polygamous or hermaphrodite"	2
1	"Leaves never hastate or sagittate with acute lobes; flowers hermaphrodite or polygamous"	4
2	"Valves very small, not longer than the nut, without a callosity, often adnate to the nut"	"Rumex acetosella"
2	"Valves distinctly overtopping the nut"	3
3	"Vigorous erect annual; valves 12–23 mm"	"Rumex vesicarius"
3	"Perennial climber with thick tuberous roots; valves 4–7 mm"	"Rumex sagittatus"
4	"Valves entire"	5
4	"Valves toothed"	6
5	"Panicle open with divaricate branches; valve callosity covering most of its surface"	"Rumex conglomeratus"
5	"Panicle condensed, closed, whorls condensed; valve callosity not covering most of its surface"	"Rumex crispus"
6	"Annuals; fruiting perianth up to 2 mm long"	"Rumex crystallinus"
6	"Perennials; fruiting perianth more than 2 mm long"	7
7	"Amphibious plants with long creeping often inflated rhizomes and relatively short simple or little-branched inflorescences"	8
7	"Terrestrial more or less erect plants often-with repeatedly branched panicles"	9
8	"Valve teeth 2, straight; pedicels thickened towards the base of the perianth"	"Rumex bidens"
8	"Valve teeth 4–6, often slightly hooked; pedicel slender"	"Rumex X comaumensis"
9	"Valves with several hooked teeth on each side and with a hooked tip"	10
9	"Valves with 1 or several straight or slightly arcuate teeth on each side"	11
10	"Basal and lower stem leaves oblong or lanceolate, c. 4–5 times longer than broad, thin; pedicels thin, in whorls of 5–8 flowers; valves c. 2.5–4 mm long"	"Rumex brownii"
10	"Basal and lower stem leaves ovate or ovate-oblong, up to c. 3 times longer than broad, thick; pedicels thicker, in whorls of 8–15 flowers; valves c. 4.5–5 mm long"	"Rumex alcockii"
11	"Basal leaves oblong-ovate or elliptic and about twice as long as broad, usually with a distinctly cordate base"	12
11	"Basal leaves lanceolate to linear, many times longer than broad, with variable base"	14
12	"Pedicels slender, at least twice as long as the fruiting perianth, articulate at the middle or slightly below"	13
12	"Pedicels rather thick, about as long as the fruiting perianth, articulate at the middle or slightly below"	"Rumex pulcher"
13	"Leaves flat"	"Rumex obtusifolius"
13	"Leaves undulate or crisped"	"Rumex X pratensis"
14	"Leaves c. 5 mm broad, up to 20 times longer than broad, flat; valves 2.5–3 mm long"	"Rumex tenax"
14	"Leaves 8–20 mm broad, linear-lanceolate, crisped; valves c. 5 mm long"	"Rumex dumosus"
