from	statement	to
1	"Annuals or short-lived perennials, monoecious; fruiting bracteoles almost totally united, spongy or (in 1 species) dorsiventrally flattened and with broad vertical wings; appendages (other than wings) absent"	2
1	"Annuals, perennials or shrubs; fruiting bracteoles free or united, not spongy though sometimes with spongy appendages; wings absent"	7
2	"Bracteoles globular, ellipsoid, or obovoid; wing-like appendages absent"	3
2	"Bracteoles variously shaped, bearing 1 or 2 horizontal to vertical wings (sometimes very narrow)"	4
3	"Leaves sessile or shortly petiolate; bracteoles broadly ellipsoid to globular, 4-6 (rarely to 8) mm long"	"Atriplex spongiosa"
3	"Leaves conspicuously petiolate; bracteoles globular to obovoid, 8-12 mm long"	"Atriplex holocarpa"
4	"Tube small, obconical, 1-3 mm high, somewhat compressed"	5
4	"Tube prominent, 5-12 mm high, either compressed and bordered by decurrent wings or turbinate to globular without decurrent wings"	"Atriplex lindleyi"
5	"Valves fan-shaped, appressed; appendages inflated, attached to the apex of the tube on each side"	"Atriplex kochiana"
5	"Valves minute or triangular and 1-2 mm long; appendages wing-like, horizontal, somewhat undulate"	6
6	"Bracteoles scurfy-pubescent"	"Atriplex obconica"
6	"Bractcoles glabrous, glossy"	"Atriplex macropterocarpa"
7	"Annuals with slender ribbed stems; leaves herbaceous, flat, venation open"	8
7	"Perennial herbs or shrubs; leaves with closed dark-green reticulate venation"	9
8	"Lower leaves lanceolate, entire to deeply serrate, if hastate then with forwardly directed basal lobes"	"Atriplex australasica"
8	"Lower leaves triangular or hastate with spreading or slightly backwardly directed basal lobes"	"Atriplex prostrata"
9	"Perennial herbs, monoecious; glomerules of male flowers axillary or spicate"	10
9	"Perennial herbs or shrubs, predominantly dioecious; glomerules of male flowers spicate or paniculate"	44
10	"Bracteoles from half to nearly entirely united"	11
10	"Fruiting bracteoles free to near the base"	35
11	"Bracteoles cylindrical or with a cylindrical tube"	12
11	"Bracteoles flattened to biconvex, without a cylindrical tube"	15
12	"Bracteoles 4-6-lobed at the apex; the lobes horn-like, fan-shaped, or reduced to small teeth"	"Atriplex limbata"
12	"Bracteoles acute to rounded or truncate"	13
13	"Bracteoles with free broadly fan-shaped to reniform valves, often with recurved lobes"	"Atriplex angulata"
13	"Bracteoles fused to the apex; distal portion flattened to cylindrical, oblong or narrow-cuneate"	14
14	"Bracteole apex flattened, rhomboid or cuneate, dentate, glossy when mature"	"Atriplex intermedia"
14	"Bracteole apex compressed or cylindrical, insignificant, scurfy"	"Atriplex leptocarpa"
15	"Bracteoles without dorsal appendages"	16
15	"Bracteoles with dorsal appendages"	28
16	"Bracteoles sessile (or appearing so)"	17
16	"Bracteoles pedicellate"	23
17	"Bracteoles more or less deltoid, prominently reticulate, often red and succulent when fresh; plant prostrate or decumbent"	"Atriplex semibaccata"
17	"Bracteoles variously shaped, not succulent"	18
18	"Erect divaricately branched plant with deeply concave clasping leaves (NU region)"	"Atriplex cryptocarpa"
18	"Prostrate to erect; leaves not clasping (widespread)"	19
19	"Plant prostrate; leaves 2-6 mm long; bracteoles 1-1.5 mm long"	"Atriplex pumilio"
19	"Plant decumbent to erect; leaves and bracteoles longer than above"	20
20	"Bracteoles oblong, with a somewhat swollen tube"	"Atriplex acutibractea"
20	"Bracteoles compressed and rhomboid to deltoid or swollen and rounded at the apex"	21
21	"Bracteoles swollen, rounded at the apex"	"Atriplex muelleri"
21	"Bracteoles compressed, rhomboid to deltoid"	22
22	"Leaves coarsely serrate, sparsely scurfy above and below; bracteoles scurfy-pubescent"	"Atriplex suberecta"
22	"Leaves sinuate-dentate to entire, scurfy below, glabrescent above"	"Atriplex semibaccata"
23	"Leaves prominently petiolate, 20-40 mm long; bracteoles with fan-shaped or reniform valves"	"Atriplex angulata"
23	"Leaves sessile or subsessile, 5-20 (rarely to 30) mm long"	24
24	"Bracteoles deltoid to rhomboid, flattened, reticulate; leaves glabrescent above"	"Atriplex semibaccata"
24	"Bracteoles swollen at least in part"	25
25	"Bracteoles acute"	"Atriplex acutibractea"
25	"Bracteoles obtuse to truncate, entire or toothed"	26
26	"Bracteoles turbinate or narrow-turbinate, c. 5 mm long"	"Atriplex turbinata"
26	"Bracteoles rhomboid to deltoid or broad-deltoid"	27
27	"Bracteoles with a short thick pedicel and deltoid 3-toothed valves, in all 2-3 mm long"	"Atriplex crassipes"
27	"Bracteoles shortly and narrowly pedicellate, broad- rhomboid to broad-deltoid, 2-3 mm long, denticulate or entire"	"Atriplex pseudocampanulata"
28	"Bracteole appendages numerous, verrucose or papillose"	29
28	"Bracteole appendages 1-4, or few and flattened or inflated"	30
29	"Leaves thick, linear to narrow-oblong, acute"	"Atriplex papillata"
29	"Leaves thin, broad-obovate, sinuate-dentate, rounded"	"Atriplex morrisii"
30	"Appendages tuberculate, papillose, or slender"	31
30	"Appendages inflated, foliaceous, or spiny"	32
31	"Bracteoles with a short thick pedicel; valves flattened, deltoid, c. 2 mm long"	"Atriplex crassipes"
31	"Bracteoles sessile, U-shaped, swollen, c. 1.5 mm long"	"Atriplex elachophylla"
32	"Bracteoles with a swollen base and narrow beak-like valves; appendage inflated"	"Atriplex nessorhina"
32	"Bracteoles without a swollen base"	33
33	"Bracteoles equal; leaves with sinuate margins"	"Atriplex pseudocampanulata"
33	"Bracteoles unequal"	34
34	"Appendages leaf-like"	"Atriplex eardleyae"
34	"Appendages inflated, attached along each margin on one side of the tube"	"Atriplex eichleri"
35	"Bracteoles fan-shaped to reniform, unequal"	"Atriplex eardleyae"
35	"Bracteoles not as above"	36
36	"Bracteoles prominently lobed"	37
36	"Bracteoles entire or the margin sinuate or toothed"	39
37	"Leaves congested, sessile, cordate"	"Atriplex quadrivalvata"
37	"Leaves not congested, petiolate or narrowed at the base"	38
38	"Bracteoles with flat or inflated acutely lobed appendages"	"Atriplex fissivalvis"
38	"Bracteoles without appendages"	"Atriplex lobativalvis"
39	"Bracteole appendages inflated, entire, more or less equal in size to the bracteoles"	"Atriplex kochiana"
39	"Bracteole appendages small or absent"	40
40	"Leaves narrow-triangular, cordate at the base"	"Atriplex cordifolia"
40	"Leaves narrow-oblong to broad-obovate, narrowed at the base"	41
41	"Bracteoles sessile, cordate, rounded, without appendages"	"Atriplex humifusa"
41	"Bracteoles sessile or subsessile, acute or obtuse"	42
42	"Bracteoles with 1 or 2 tubercular appendages on each valve"	"Atriplex semibaccata"
42	"Bracteoles either without appendages or with inflated appendages"	43
43	"Bracteoles prominently dentate, scurfy-tomentose; appendages basal, small and inflated"	"Atriplex acutiloba"
43	"Bracteoles entire or with basal teeth, scurfy-tomentose to subglabrous; appendages basal or absent"	"Atriplex velutinella"
44	"Bracteoles slender-pedicellate, reniform or semicircular, entire"	45
44	"Bracteoles with a thick pedicel or sessile to subsessile"	46
45	"Bracteole appendages absent; leaves elliptic to broad-elliptic, 0.5-1 cm long, entire"	"Atriplex stipitata"
45	"Bracteole appendages reniform, inflated, about half the width of the valve; leaves oblanceolate, c. 2 cm long, distantly toothed"	"Atriplex quinii"
46	"Bracteoles with a bladder-like appendage"	"Atriplex vesicaria"
46	"Bracteoles without appendages, or with 2 slender antler-like appendages"	47
47	"Leaves entire"	48
47	"Leaves dentate or denticulate, deltoid to cordate, broad-elliptic or orbicular"	50
48	"Leaves cordate to deltoid; bracteoles broad-rhomboid to orbicular, c. 3 mm wide, biconvex, hard with little or no papery margin (MU region)"	"Atriplex rhagodioides"
48	"Leaves elliptic (coastal)"	49
49	"Female flowers in terminal inflorescences; bracteoles cordate to deltoid, flat, without appendages"	"Atriplex paludosa"
49	"Female flowers axillary; bracteoles ovoid to rhomboid, swollen in the centre, smooth or with verrucose appendages"	"Atriplex cinerea"
50	"Leaves rhomboid to orbicular, sinuate-dentate; bracteoles sessile, rhomboid to orbicular, papery all over or with a thickened base; valves appressed or reflexed, with entire or denticulate margins; shrub 1.5-3 m high, with ascending branches (inland)"	"Atriplex nummularia"
50	"Leaves cordate to deltoid, dentate; bracteoles sessile, thickened all over or only at the base; divaricately branched shrubs"	51
51	"Bracteoles suborbicular, 6-10 mm wide; valves papery, slightly recurved, dentate, thickened in the centre or towards the base (LE, GT)"	"Atriplex incrassata"
51	"Bracteoles broad-rhomboid to orbicular, c. 3 mm wide, biconvex, hard with little or no papery margin (MU region)"	"Atriplex rhagodioides"
