from	statement	to
1	"Leaves entire to coarsely pinnatifid"	2
1	"Leaves pinnatisect with lobed segments or bipinnatisect"	3
2	"Annual; leaves narrowly linear, entire"	"Cotula vulgaris"
2	"Perennial; leaves oblong, pinnatifid"	"Cotula coronopifolia"
3	"Leaves distinctly villous"	"Cotula australis"
3	"Leaves glabrous or slightly pubescent"	4
4	"Annual with erect stems; peduncles much shorter than the leaves"	"Cotula bipinnata"
4	"Perennial with creeping stems; peduncles slightly exceeding leaves"	"Cotula reptans"
