from	statement	to
1	"Involucral bracts ciliate, at least some bracts with cilia in length a third and up to 3 times as wide as the bracts"	2
1	"Involucral bracts entire or shallowly laciniate, not ciliate"	6
2	"Lower leaves with a strongly sheathing base; tufted perennials"	3
2	"Lower leaves sessile at the base but not sheathing; tap-rooted annual or perennial herbs"	4
3	"Leaves mostly 3–6 cm (but up to 14 cm) long and rarely more than 1 mm wide, linear, with revolute margins, often only the midrib visible beneath; pappus bristles 4 (rarely 7)"	"Leptorhynchos tenuifolius"
3	"Leaves mostly 1–3 cm long, 1.5–5 mm wide, oblanceolate to narrowly so, with narrowly recurved margins; pappus bristles 8–12"	"Leptorhynchos squamatus"
4	"Pappus bristles of bisexual florets 4 or fewer"	5
4	"Pappus bristles of bisexual florets 5 or more"	"Leptorhynchos waitzia"
5	"Pappus bristles of bisexual florets 4, about equal to the corolla, barbellate in the upper half"	"Leptorhynchos tetrachaetus"
5	"Pappus bristles of bisexual florets 1–3, only three-quarters as long as the corolla, stiffly plumose in the upper half"	"Leptorhynchos baileyi"
6	"Achenes tapering gradually into an indistinct beak, densely papillose towards the apex; florets creamy-white to pale-yellow; perennial"	"Leptorhynchos elongatus"
6	"Achenes with a distinct long slender beak, glabrous towards the apex; florets bright-yellow; annual"	"Leptorhynchos scabrus"
