from	statement	to
1	"Annual herb; uppermost leaves overtopping the capitula"	"Minuria annua"
1	"Subshrubby perennials or dwarf shrubs; uppermost leaves not over-topping the capitula"	2
2	"Larger leaves dentate; stems white-tomentose (at least in patches and on young growth)"	"Minuria denticulate"
2	"Leaves all entire; stems glabrous to sparsely pubescent"	3
3	"Leaves narrowly lanceolate to ovate-lanceolate; stems and peduncles glabrous"	4
3	"Leaves linear-falcate to narrowly linear; stems and peduncles sparsely pubescent"	5
4	"Capitula in loose clusters; leaves alternate"	"Minuria integerrima"
4	"Capitula solitary; leaves mostly opposite"	"Minuria rigida"
5	"Capitula 5–8 mm diam.; ligules of ray florets c. 1 mm long"	"Minuria gardneri"
5	"Capitula 10–20 mm diam.; ligules of ray florets 4–7 mm long"	6
6	"Leaves glabrous; ray achenes sparsely pubescent"	"Minuria cunninghamii"
6	"Leaves more or less pubescent; ray achenes villous"	"Minuria leptophylla"
