from	statement	to
1	"Evergreen shrub; inflorescence a raceme"	"Prunus laurocerasus"
1	"Deciduous shrubs or trees; inflorescence not clearly racemose"	2
2	"Ovary and fruit hairy"	3
2	"Ovary and fruit glabrous"	5
3	"Leaves cordate; stone ridged near the suture"	"Prunus armeniaca"
3	"Leaves oblong to oblong-lanceolate; stone pitted"	4
4	"Fruit dry, dehiscent; stone finely pitted"	"Prunus dulcis"
4	"Fruit succulent, indehiscent; stone deeply sulcate"	"Prunus persica vat. persica."
5	"Pedicel at least twice as long as the ripe fruit"	"Prunus avium"
5	"Pedicel less than twice as long as the ripe fruit"	6
6	"Pedicel short or absent; petals pink; stone deeply sulcate"	"Prunus persica var. nectarina."
6	"Pedicel present, as long as or longer than the fruit; petals white; stone smooth or ridged near the suture"	7
7	"Young twigs and leaves usually hairy; pedicel shorter than the length of the fruit"	"Prunus domestica"
7	"Young twigs usually glabrous or sparsely pubescent on the petiole and mid-vein; pedicel longer than the length of the fruit"	"Prunus cerasifera"
