from	statement	to
1	"Bark smooth and seasonally decorticating throughout"	2
1	"Bark rough and persistent on trunk and branches"	3
2	"Leaves distinctly lemon-scented when crushed"	"Corymbia citriodora"
2	"Leaves not distinctly lemon-scented when crushed"	"Corymbia maculata"
3	"Adult leaves distinctly discolorous; fruits 20–40 mm diam."	4
3	"Adult leaves concolorous or weakly discolorous; fruits 9–23 mm diam."	5
4	"Adult leaves with very small visible oil glands; flowers white to pink; fruits with a constricted neck below the rim"	"Corymbia calophylla"
4	"Adult leaves lacking visible oil glands; flowers red or vermillion; fruits constricted at the rim"	"Corymbia ficifolia"
5	"Adult leaves blue-green; bark yellow-brown to orange; opercula glabrous"	"Corymbia eximia"
5	"Adult leaves green; bark grey to brown; opercula scurfy"	6
6	"Adult leaves narrow-lanceolate to lanceolate; fruits ± equidimensional"	"Corymbia eremaea subsp. eremaea"
6	"Adult leaves lanceolate; fruits longer than wide"	7
7	"Inflorescence branches and pedicels thickened; LE"	"Corymbia terminalis"
7	"Inflorescence branches and pedicels not thickened; NW"	"Corymbia opaca"
