from	statement	to
1	"Stamens usually 20–80; flowers c. 2 cm diam. or less, sessile or subsessile; fruit shortly pedunculated"	"Carpobrotus modestus"
1	"Stamens 100–600; flowers 3.5–8.5 cm diam.; peduncles 5–40 mm"	2
2	"Petaloid staminodes yellow becoming pinkish; stamens 400–600; leaf keel serrulate at least in upper part"	"Carpobrotus edulis"
2	"Petaloid staminodes pinkish at all times; stamens 100–400; leaf keel smooth to slightly or minutely crenulate in upper parts"	3
3	"Petaloid staminodes white at the base, streaked only along the mid-line; stamens 100–250; leaves when fresh usually thicker than wide"	"Carpobrotus rossii"
3	"Petaloid staminodes pale but not white at the base, streaked over the greater part when dry; stamens usually 250–400; leaves when fresh more or less equilateral around the middle"	"Carpobrotus aequilaterus"
