from	statement	to
1	"Leaves alternate"	"Gonocarpus elatus"
1	"Leaves opposite at least below"	2
2	"Glabrous plants, usually creeping and rooting at the nodes"	"Gonocarpus micranthus"
2	"Scabrous or pilose plants, more or less erect and not rooting at the nodes"	3
3	"Fruits urceolate"	"Gonocarpus confertifolius"
3	"Fruits ovoid"	4
4	"Leaves ovate to cordate"	5
4	"Leaves lanceolate"	"Gonocarpus tetragynus"
5	"Bracteoles with 3-7 teeth; leaves usually cordate to subcordate at the base"	"Gonocarpus mezianus"
5	"Bracteoles entire; leaves tapering to the base, sometimes abruptly"	"Gonocarpus humilis"
