from	statement	to
1	"Leaves along erect stems with internodes visible between them; plant glandular-hairy"	"Plantago scabra"
1	"Leaves in basal rosettes with internodes not visible between them; plants eglandular-hairy or glabrous"	2
2	"Plants with mainly adventitious roots"	3
2	"Plants with a tap root and lateral roots"	5
3	"Corolla lobes remaining erect"	"Plantago australis"
3	"Corolla lobes spreading to recurved in mature flowers"	4
4	"Anterior sepals fused; peduncle grooved to ridged"	"Plantago lanceolata"
4	"Anterior sepals free or almost so; peduncle terete"	"Plantago major"
5	"Anterior sepals fused; peduncle longitudinally grooved to ridged"	"Plantago lanceolata"
5	"Sepals free; peduncle terete"	6
6	"Leaves linear, entire, covered with appressed silky hairs"	"Plantago albicans"
6	"Leaves oblanceolate or if linear then glabrous or with short hairs"	7
7	"Spikes compact with flowers appressed to the axis; corolla tube sparcely hairy"	"Plantago coronopus"
7	"Spikes loose or if compact then with spreading flower apices; corolla tube glabrous"	8
8	"Annuals with a slender tap root (if thicker than 3 mm then capsules dark-brown); anthers up to 1 mm long"	9
8	"Perennials with a tap root 3–15 mm diam., fleshy (usually shrivelling when dried); anthers 1.5–2.5 mm long or if shorter then sepals shorter than 2.5 mm"	16
9	"Capsules ellipsoid to globose, usually pale-brown often tinged purplish"	10
9	"Capsules pyriform (more or less abruptly constricted some distance below the apex)"	14
10	"Peduncle with long fine hairs spreading at about right angles; lower bracts longer than the sepals"	"Plantago bellardii"
10	"Peduncle with coarse hairs appressed or not spreading at right angles; lower bracts shorter than the sepals"	11
11	"Leaf bases hairy and with long woolly tufts of hairs; capsules 3–5 mm long, dark-brown"	12
11	"Leaf bases glabrous to hairy and with basal tufts of hairs usually not visible; capsules 1.5–2.5 mm long, pale-brown often tinged a purplish red"	13
12	"Leaves oblanceolate or linear-oblanceolate, flat"	"Plantago drummondii"
12	"Leaves linear, often with recurved margins"	"Plantago multiscapa"
13	"Leaves glabrous or almost so; sepals 1.5–1.8 mm long"	"Plantago sp. A"
13	"Leaves densely hairy; sepals 2–2.5 mm long"	"Plantago sp. B"
14	"Capsule apex acute or rounded, usually terete"	15
14	"Capsule apex truncate, quadrangular"	"Plantago turrifera"
15	"Capsule 1.5–2 mm diam., distinctly beaked"	"Plantago cunninghamii"
15	"Capsule 2.2–3.5 mm diam., scarcely constricted towards the apex"	"Plantago drummondii"
16	"Leaves linear, glabrous or with few hairs mainly abaxially"	"Plantago gaudichaudii"
16	"Leaves oblanceolate, spathulate, pubescent on both surfaces"	17
17	"Anthers shorter than I mm long; sepals 18–22 mm long; fruits widely spaced"	"Plantago debilis"
17	"Anthers 1.5–2.2 mm long; sepals 2.5–3.5 mm long; fruits usually densely clustered"	18
18	"Leaves linear-oblanceolate, usually drying a greyish-green"	"Plantago hispida"
18	"Leaves linear-elliptic rarely linear-oblanceolate, usually drying a blackish-brown"	"Plantago varia"
