from	statement	to
1	"Flowers borne well above leaves (bracts, if present, scale-like or with long internodes between pairs)"	2
1	"Flowers borne in the axils of leaf-like bracts; annuals or, if perennials, the leaves shorter than 12 mm"	4
2	"Leaves petiolate; blade 15–40 mm broad"	"Crassula multicava"
2	"Leaves sessile, 3–8 mm broad"	3
3	"Leaves dorsiventrally flattened, with marginal cilia"	"Crassula ciliata"
3	"Leaves terete or almost so, glabrous"	"Crassula tetragona subsp. robusta"
4	"Petals papillose (visible without a lens); flowers terminal on branches"	"Crassula glomerata"
4	"Petals smooth; flowers along branches"	5
5	"Flowers usually 3 from the axil of 1 leaf per node"	6
5	"Flowers usually 3–18 in the axils of both leaves at a node"	8
6	"Carpels each with 1 ovule"	"Crassula natans var. minus"
6	"Carpels each with 2–16 ovules"	7
7	"Style less than one-quarter of the length of the ovary and abruptly joining the ovary; leaves rarely to 1 mm broad."	"Crassula peduncularis"
7	"Style about half as long as and gradually tapering into the ovary; leaves usually 1.5–3 mm broad"	"Crassula helmsii"
8	"Flowers predominantly 3- or 4-merous"	9
8	"Flower predominantly 5-merous"	12
9	"Flowers 3-merous"	"Crassula alata var. alata"
9	"Flowers 4-merous"	10
10	"Part-inflorescences stalked"	"Crassula decumbens subsp. decumbens"
10	"Part-inflorescences sessile or almost so"	11
11	"Basal branches carnose, articulated with swollen nodes; perennials"	"Crassula sieberana subsp. sieberana"
11	"Basal branches wiry-woody, not articulated; annuals"	"Crassula sieberana subsp. tetramera"
12	"Flowers sessile or almost so"	13
12	"Flowers with pedicels at least 1.5 mm long"	15
13	"Follicles dehiscing by an apical pore and basal circumscissal split"	"Crassula exserta"
13	"Follicles dehiscing only by a basal cimumscissal split"	14
14	"Follicles almost elliptic in profile, smooth or rarely with bulging epidermis cells"	"Crassula colorata var. colorata."
14	"Follicles oblanceolate to almost spathulate in profile, with clusters of tubercles below the middle"	"Crassula colorata var. acuminata"
15	"Carpels each with 1 or 2 ovules"	"Crassula exserta"
15	"Carpels each with 8–20 ovules"	16
16	"Calyx lobes papillose; peduncles absent"	"Crassula pedicellosa"
16	"Calyx lobes smooth or with few papillae towards the apex; peduncle 3–7 mm long"	"Crassula decumbens var. decumbens"
