from	statement	to
1	"Inflorescence compound, with the lowest involucral bract usually shorter than or equalling the inflorescence; culms terete; nuts smooth"	2
1	"Inflorescence simple, capitate; the lowest involucral bract much exceeding the inflorescence; nuts smooth or rugose"	3
2	"Hypogynous bristles 5 or 6, setaceous, retrorsely scabrous; glumes distinctly ciliate"	"Schoenoplectus validus"
2	"Hypogynous bristles 4 (rarely 3 or 5), flattened and spathulate, plumosely fringed with antrorse hairs; glumes only microscopically ciliolate"	"Schoenoplectus litoralis"
3	"Slender plants; culms up to 1 mm diam., trigonous"	"Schoenoplectus dissachanthus"
3	"Robust plants; culms 2–7 mm diam., acutely triquetrous"	"Schoenoplectus pungens"
