from	statement	to
1	"Flowers in umbels terminating long unbranched stems"	2
1	"Flowers racemose, axillary, solitary or, if clustered, then not in an umbel terminating a long unbranched stem"	4
2	"Bracts at the base of the pedicels at least 3; rootstock slightly swollen and tuberous"	Burchardia
2	"Bracts at the base of the pedicels 1 or 2; rootstock a bulb"	3
3	"Perianth-segments shortly fused; seeds up to 12; no onion smell"	Nothoscordum
3	"Perianth-segments free; seeds up to 6; usually an onion smell"	Allium
4	"Stems branched; leaves cauline, less than 4 cm long"	5
4	"Stems simple or, if branched, the leaves either all basal or absent at flowering or the largest leaves more than 5 cm long"	9
5	"Leaf-like structures (cladodes) arising in the axils of small scales"	6
5	"Leaves inserted on the stem, not in the axils of scales"	8
6	"Flowers unisexual; plants erect"	Asparagus
6	"Flowers bisexual plants climbing or scrambling"	7
7	"Cladodes 1-3 per node; stems annual and herbaceous"	Myrsiphyllum
7	"Cladodes up to 10 per node; stems perennial and somewhat woody towards the base"	Protasparagus
8	"Flowers blue, solitary, terminal"	Calectasia
8	"Flowers white, in small heads"	Laxmannia
9	"Flowers sessile, bisexual, in dense cylindrical spikes at least 30 cm long"	Xanthorrhoea
9	"Flowers pedicellate, if sessile then unisexual and spikes less than 30 cm long"	10
10	"Flowers unisexual; leaves hard and dry"	Lomandra
10	"Flowers bisexual or, if unisexual, the leaves distinctly flaccid"	11
11	"Aerial stem simple; flower solitary, terminal"	Ipheion
11	"Aerial stem simple or branched; flowers more than 1, lateral or terminating short branches"	12
12	"Aerial stem and inflorescence simple, flowers always 1 in the axil of each bract"	13
12	"Aerial stem or inflorescence branched or, if simple, at least some bracts bearing more than 1 flower"	18
13	"Leaves not all basal (always present at flowering)"	Wurmbea
13	"Leaves all basal (not always present at flowering)"	14
14	"Flowers urceolate or tubular"	15
14	"Flowers cup-shaped or with the perianth spreading"	16
15	"Flowers 2-4 cm long, yellow and/or orange or red"	Lachenalia
15	"Flowers 4-5 mm long, bluish"	Muscari
16	"Perianth-segments white or green and white, usually at least 2 cm long; filaments never bearded"	Ornithogalum
16	"Perianth-segments yellow or blue to violet, less than 2 cm long; filaments sometimes bearded"	17
17	"Flowers yellow; filaments usually bearded; no bulb"	Bulbine
17	"Flowers (at least the upper) bluish; filaments not bearded; bulb"	Scilla
18	"Leaves succulent and persistent; flowers tubular, more than 3 cm long"	Aloe
18	"Leaves firm or if slightly fleshy not persistent; flowers open, always less than 3 cm long"	19
19	"Fruit a berry; aerial shoot perennial, usually with cauline leaves; anthers dehiscing apically (some-times splitting introrsely later)"	Dianella
19	"Fruit a capsule; aerial shoot usually lasting only a few months (except Stypandra), with basal leaves; anther dehiscence introrse"	20
20	"Perianth twisted spirally after flowering"	21
20	"Perianth not twisted spirally after flowering"	23
21	"Filaments bearded"	Tricoryne
21	"Filaments glabrous"	22
22	"Flowers racemose"	Caesia
22	"Flowers corymbose"	Chamaescilla
23	"Anthers distinctly dorsifixed; leaves cylindrical"	Asphodelus
23	"Anthers attached at or near the base; leaves flat or absent at flowering"	24
24	"Petals fringed"	Thysanotus
24	"Petals not fringed"	25
25	"Plant climbing"	Murchisonia
25	"Plant erect"	26
26	"Filaments glabrous or if bearded the perianth 5-7 mm long; seeds angular"	Arthropodium
26	"Filaments bearded; perianth 8-14 mm long; seeds flat"	Stypandra
