from	statement	to
1	"Leaves hastate or sagittate, with an entire terminal lobe and a pair of entire or occasionally 2-toothed or divided basal lobes"	2
1	"Leaves crenate, serrate to shallowly lobed or if a distinct terminal lobe is present then basal lobes auriculate and toothed or much divided with ascending lobes prominent"	5
2	"Sepals mostly ? 4 mm long, apex rounded to truncate, emarginate"	3
2	"Sepals 4–7 mm long, rarely shorter, apex acute to rounded, apiculate"	4
3	"Corolla 15–30 mm long; sepals 3–4 mm long; leaves glabrous or with scattered ± spreading hairs"	"Convolvulus arvensis"
3	"Corolla 5–10 mm long; sepals usually < 3 mm long; leaves moderately to sparsely hairy with appressed hairs"	"Convolvulus microsepalus"
4	"Sepals and leaves with spreading hairs; inflorescence 1-flowered; pedicels at fruiting recurved; wings on seeds not prominent, absent to discontinuous"	"Convolvulus angustissimus"
4	"Sepals and leaves with ± appressed hairs; inflorescence 1–3-flowered; pedicels at fruiting straight or sinuate; wings on seeds narrow, ± continuous"	"Convolvulus remotus"
5	"Leaves crenate or serrate; basal lobes usually not prominent, sericeous"	6
5	"Leaves with distinct terminal lobe and much divided prominent basal lobes or basal lobes auriculate and toothed, not sericeous"	7
6	"Peduncles at flowering < 12 mm long; seeds < 3 mm long; capsules < 4.5 mm in Diameter"	"Convolvulus crispifolius"
6	"Peduncles at flowering mainly > 12 mm long; seeds > 3 mm long; capsules 5–6 mm in diameter"	"Convolvulus eyreanus"
7	"Pedicels at fruiting recurved"	8
7	"Pedicels at fruiting ± straight to sinuate"	9
8	"Corolla > 9 mm long; sepals sparsely to moderately hairy, pedicels 3–23 mm long; seeds 3–4 mm long"	"Convolvulus angustissimus"
8	"Corolla ? 9 mm long; sepals moderately to densely hairy, pedicels 2–6 mm long; seeds 2.5–3.2 mm long"	"Convolvulus recurvatus"
9	"Stems slender; seeds 2.5–3.2 mm long, with wing present, often discontinuous"	"Convolvulus clementii"
9	"Stems coarse; seeds 3.5–4 mm long with no obvious wing"	"Convolvulus tedmoorei"
