from	statement	to
1	"Spines absent or represented by 1 or 2 blunt tubercles"	2
1	"Spines 1-10, hard"	4
2	"Fruiting perianth with 1 or 2 blunt tubercles"	"Sclerolaena patenticuspis"
2	"Fruiting perianth apex truncate consisting of a horizontal wing"	3
3	"Fruiting perianth shortly turbinate, wing 5-angled"	"Sclerolaena brachyptera"
3	"Fruiting perianth urceolate, wing margin crenate-dentate with c.11 spines"	"Sclerolaena stelligera"
4	"Plant glabrous apart from axillary tufts of hairs"	5
4	"Plant variously hairy"	20
5	"Leaves linear to narrow-oblong or elliptic, flat"	"Sclerolaena muricata"
5	"Leaves terete to semiterete, fleshy"	6
6	"Spines 1-3"	7
6	"Spines 4-9"	12
7	"Perianth and young leaves variously pubescent; limb erect, oblong, c. 3.5 mm long"	"Sclerolaena bicuspis"
7	"Perianth glabrous (or with a puberulous limb); young leaves glabrous or almost so"	8
8	"Base of the perianth tube expanded, principal spines 3"	9
8	"Base of the perianth tube not expanded, principal spines 2 or 3"	10
9	"Principal spines irregularly arranged, 20-30 mm long"	"Sclerolaena longicuspis"
9	"Principal spines symmetrically arranged, under 15 mm long"	"Sclerolaena tricuspis"
10	"Limb fully erect; leaf axil woolly-pilose"	"Sclerolaena articulata"
10	"Limb incurved (at least at the tip); leaf axil shortly pubescent to glabrous"	11
11	"Principal spines 2, laterally placed and ascending; radicular spine solitary and curved adaxially"	"Sclerolaena glabra"
11	"Principal spines 3, almost horizontal (one lateral, one abaxial, and one somewhat adaxial or curved around the branch)"	"Sclerolaena cuneata"
12	"Longer spines 20-30 mm long, slender; perianth tube very thick, with an expanded base"	"Sclerolaena longicuspis"
12	"Longer spines under 15 mm long"	13
13	"Spines 6, spreading; 4 equidistantly arranged and a short contiguous pair on a radicular spur, base slightly hollowed"	14
13	"Spines 4 or 5"	15
14	"Spines spreading; perianth somewhat dorsiventrally compressed, base slightly hollowed"	"Sclerolaena calcarata"
14	"Spines erect; perianth cylindrical with a prominent hollow base"	"Sclerolaena anisacanthoides"
15	"Spines 4 (2 long 2 short and contiguous)"	"Sclerolaena fusiformis"
15	"Spines not as above"	16
16	"Perianth very shortly cylindrical, attachment basal; spines 5, spreading (3 equidistant and a contiguous pair)"	"Sclerolaena johnsonii"
16	"Perianth dorsiventrally compressed; attachment very oblique"	17
17	"Spines 4 (on some ‘fruits’ 3); perianth limb inflexed or inflexed at the tip"	18
17	"Spines 5 (3 major and 2 minor adaxial); limb erect"	"Sclerolaena intricata"
18	"Major spines 2, laterally placed"	"Sclerolaena glabra"
18	"Major spines 2 or 3 one of which is somewhat abaxially placed"	19
19	"Major spines 1 abaxial and 2 lateral in line; stamens 3"	"Sclerolaena divaricata"
19	"Major spines 1 abaxial, 1 lateral, and 1 somewhat adaxial or curved around the branch; stamens 5"	"Sclerolaena cuneata"
20	"Flowers in pairs; perianth appendages ('spines') in 2 series, fan-shaped, fimbriate; leaves linear, silky"	"Sclerolaena symoniana"
20	"Flowers solitary in the leaf axil; perianth appendages (spines) not in 2 series"	21
21	"Spines 2; perianth with a prominently hollowed base"	22
21	"Spines 1-6 if 2 then the perianth base not prominently hollowed"	28
22	"Perianth tube glabrous, oblong, dorsiventrally compressed, c. 3 mm long, crustaceous, red- to straw-coloured"	"Sclerolaena tatei"
22	"Perianth tube hairy"	23
23	"Perianth long-silky-villous"	"Sclerolaena eriacantha"
23	"Perianth puberulous to shortly woolly"	24
24	"Spines parallel and erect; perianth expanded into a hollow base with an elliptic attachment"	"Sclerolaena parallelicuspis"
24	"Spines not parallel or, if so, attachment circular"	25
25	"Perianth narrowed above the very swollen hollow base to form a dorsiventrally compressed tube"	"Sclerolaena constricta"
25	"Perianth tube and base continuous"	26
26	"Perianth slightly ribbed on the abaxial face; attachment narrow- to broad-elliptic"	"Sclerolaena holtiana"
26	"Perianth smooth or almost so; attachment circular to elliptic"	27
27	"Spines erect and almost parallel, mostly 0.5-1 mm long"	"Sclerolaena uniflora"
27	"Spines divergent, mostly c. 2 mm long"	"Sclerolaena diacantha"
28	"Spines 5 or more"	29
28	"Spines 1-4"	41
29	"Spines 6"	30
29	"Spines 5"	33
30	"Perianth oblong, dorsiventrally compressed, glabrous; spines spreading, 1-4 mm long"	"Sclerolaena calcarata"
30	"Perianth globular to shortly cylindrical or shortly turbinate"	31
31	"Leaves villous, apex of perianth broad, larger spines 5-8 mm long"	32
31	"Leaves sparsely hairy, perianth shortly cylindrical, spines 1-2 mm long"	"Sclerolaena parviflora"
32	"Leaves obovate, flattened"	"Sclerolaena cornishiana"
32	"Leaves linear, semiterete"	"Sclerolaena deserticola"
33	"Spines equal, regularly arranged around the apex of the barrel-shaped tube; plant loosely woolly all over"	"Sclerolaena blackiana"
33	"Spines irregular in arrangement or size"	34
34	"Perianth tube oblong, dorsiventrally compressed, curved, woolly; spines flattened and fused to form an abaxial and an adaxial group"	"Sclerolaena clelandii"
34	"Perianth tube squat, shortly turbinate to subglobular, spines not in 2 groups"	35
35	"Perianth silky-villous, with a prominent erect chartaceous limb"	"Sclerolaena fontinalis"
35	"Perianth glabrous, sparsely villous or woolly; limb not apparent"	36
36	"Perianth glabrous or very sparsely woolly, prominently ribbed; apex cushion-shaped, sunken in the centre"	"Sclerolaena costata"
36	"Perianth sparsely villous or woolly, not prominently ribbed, if glabrous then with a convex apex"	37
37	"Perianth tube somewhat narrowed towards the base, pubescent or shortly villous; apex convex, attachment circular, not sunken"	"Sclerolaena convexula"
37	"Perianth tube not obviously narrowed towards the base; attachment broad or elliptic, sometimes hollowed"	38
38	"Leaves slender, semiterete, villous; perianth woolly, the 3 longer spines 5-8 mm long"	"Sclerolaena deserticola"
38	"Leaves linear to elliptic or obovate, flattened (sometimes fleshy)"	39
39	"Perianth densely woolly"	40
39	"Perianth glabrous, sparsely villous, or minutely woolly"	"Sclerolaena muricata"
40	"Perianth 4-lobed"	"Sclerolaena birchii"
40	"Perianth 5-lobed"	"Sclerolaena cornishiana"
41	"Longer spines 10-30 mm long"	"Sclerolaena bicornis"
41	"Longer spines mostly under 10 mm long"	42
42	"Perianth glabrous (limb sometimes hairy); leaves glossy; hairs on the leaves appressed, medifixed"	"Sclerolaena decurrens"
42	"Perianth hairy; hairs on the leaves basifixed"	43
43	"Spines 3 or 4; perianth barrel-shaped; limb erect, densely hairy"	"Sclerolaena ventricosa"
43	"Spines 2-4, if 3 or 4 then the perianth tube not barrel-shaped"	44
44	"Leaves tomentose with shortly branched hairs"	"Sclerolaena limbata"
44	"Leaves glabrous or with simple (sometimes asperulous) hairs"	45
45	"Leaves slender, semiterete, 10-20 mm long, with a recurved apex at least when young"	"Sclerolaena bicornis"
45	"Leaves flattened, or ellipsoid, or if semiterete less than 10 mm long"	46
46	"Perianth tube 1.5-3 mm long; apex truncate, slightly concave, bordered by 2-4 very short spines 0.5-1.5 mm long; attachment minute"	"Sclerolaena minuta"
46	"Perianth not as above"	47
47	"Spines 2, slender, 4-7 mm long, glabrous or sparsely hairy towards the base"	48
47	"Spines 3 or 4, short or slender, glabrous or densely hairy in the lower part"	50
48	"Spines ascending in the same vertical plane; hairs smooth"	"Sclerolaena patenticuspis"
48	"Spines ascending in different vertical planes"	49
49	"Leaves 2-3 mm long; hairs smooth"	"Sclerolaena brevifolia"
49	"Leaves mostly 6-10 mm long; hairs asperulous"	"Sclerolaena obliquicuspis"
50	"Perianth tube oblong, dorsiventrally compressed, curved; spines up to 1 mm long"	"Sclerolaena clelandii"
50	"Perianth tube turbinate, not curved; 2 longer spines slender, 3-6 mm long, pilose in the lower half"	"Sclerolaena lanicuspis"
