from	statement	to
1	"Decumbent to erect shrubs, young branches glabrous to papillose; stamens 2"	2
1	"Prostrate to trailing perennial herbs, young branches pubescent; stamens 5"	"Hemichroa pentandra"
2	"Dense low shrubs to 50 cm high; fruiting bracts erect to spreading , free part 4.8-11 x 1.7-2.7 mm, base swollen"	"Hemichroa diandra"
2	"Erect divaricate shrub 50-150 cm high; fruiting bracts spreading to reflexed, free part 10-22 x 3-11 mm wide, base prominently swollen"	"Hemichroa mesembryanthema"
