from	statement	to
1	"All sepals upswept prior to pollenation"	2
1	"All sepals not upswept prior to pollenation"	4
2	"Labellum ovate"	"Caladenia ovata"
2	"Labellum at least twice as long as wide, or oblong lanceolate"	3
3	"Labellum finely denticulate, sepals and paired petals green or yellow"	"Caladenia leptochila subsp. leptochila"
3	"Labellum toothed, sepals and paired petals red"	"Caladenia leptochila subsp. dentata"
4	"Only sepals or sepals and paired petals with expanded sessile single celled glandular apical region, gland cells contiguous, or nearly contiguous, transition between the apical regions with glands cells and basal regions without gland cells sudden, or well defined  (clubs):"	5
4	"Sepals and petals either tapering to a point, or with only slightly expanded apical region. Apex with single sessile domed cells, or single but stalked cells or multi-celled chains (moniliform) glandular region, transition between the regions with glands cells and without gradual"	18
5	"Flowers predominantly white or cream, with or without reddish marking on the calli and sepals and petals"	6
5	"Flowers not predominantly white or cream"	8
6	"Labellum with reddish apex, labellum with teeth to 2 mm long, 4-6 rows of linear to foot shaped calli to 1.2 mm long, barely beyond the labellum bend"	"Caladenia valida"
6	"Labellum lamina white"	7
7	"Labellum 14-16 mm long, 9-11 mm wide, dorsal sepal 3-3.5 mm wide, sepal clubs defined"	"Caladenia rigida"
7	"Labellum 13-16 mm long, 7-11 mm wide, dorsal sepal 2.5-3 mm wide, sepal clubs imperfect, i.e., not well defined with a narrowed region without osmophore cells above which is an expanded region with contiguous osmophore cells, but a gradual increase in osmophore cells apically"	"Caladenia intuta"
8	"Sterile bract 25-30 mm long and floral bract 20-25 mm long, labellum colour greenish-cream with dark red calli and marginal teeth, sometimes with a reddish area near the apex, obscurely three lobed"	"Caladenia richardsiorum"
8	"Sterile bract 25 mm or shorter, floral bracts 20 mm or shorter, labellum colour not greenish-cream"	9
9	"Floral bract 18-20 mm long and labellum wholly pale yellow, sometimes with pale red calli"	"Caladenia xanthochila"
9	"Floral bract 18 mm or less and labellum not wholly pale yellow"	10
10	"Floral bract length 2.5-8.5 mm and leaf eglandular trichomes to 10 mm long, labellum glossy"	"Caladenia calcicola"
10	"Floral bract longer than 8 mm, but if floral bract length is 8-12 mm, leaf eglandular trichomes to 5 mm long"	11
11	"Leaf length 30-50 mm long and leaf trichome (glandular or eglandular) less than or equal to 2 mm"	"Caladenia diversiflora"
11	"Leaf length greater than 50 mm or, if leaf length 50 mm, leaf trichomes greater than 2 mm long"	12
12	"Dorsal sepal club length 3-5 mm long and labellum lobe teeth length 0.2-0.5 mm long"	"Caladenia strigosa"
12	"Dorsal sepal club length greater than 5 mm long, or if 5 mm then labellum teeth 1 mm long or greater"	13
13	"Labellum greenish with a red apex"	14
13	"Labellum without green colour"	15
14	"Basal glands widely separated, labellum with bright green colour"	"Caladenia saxatilis"
14	"Basal glands not widely separated, but but asymmetrically clavoid, labellum pale greenish tipped red"	"Caladenia stellata"
15	"Column height less than 12 mm (9-11 mm), labellum all red, lateral sepals and paired petals divergent and cruciform"	"Caladenia cruciformis"
15	"Column height 12 mm or more, or if less, labellum not uniformly red"	16
16	"Labellum at least 14 mm long, and at least 10 mm wide, labellum teeth to 2.5 mm long"	"Caladenia ampla"
16	"Labellum less than 14 mm long"	17
17	"Labellum less than 14 mm long and calli stout and flat topped but short (to 1 mm)"	"Caladenia lowanensis"
17	"Calli not stout and flat topped"	"Caladenia reticulata"
18	"Predominantly white flowers"	19
18	"Flowers not predominantly white, or if white, with pink or red markings"	25
19	"Predominantly white flowers, dorsal sepal 90 mm or longer, and no mouldly orange scent"	"Caladenia argocalla"
19	"Dorsal sepal shorter than 90 mm, or if within 90 - 100 mm range, flower has a mouldy orange scent"	20
20	"Predominantly white flowers, dorsal sepal 60-100 mm long, a mouldy orange scent"	"Caladenia venusta"
20	"Dorsal sepal 80 mm long or shorter, no mouldy orange scent"	21
21	"Stem eglandular trichomes to 1 mm or less"	"Caladenia fuliginosa"
21	"Stem eglandular trichomes longer than 1mm"	22
22	"Stem eglandular trichomes 2 mm or less and petal width 3.5-4.5 mm"	"Caladenia brumalis"
22	"Stem trichomes longer than 2 mm or, if stem trichomes 2 mm or less, petals less than 3.5 mm wide"	23
23	"Stem eglandular trichomes 2 mm or less and petal width 2-3 mm"	"Caladenia zephyra"
23	"Stem trichomes longer than 2 mm"	24
24	"Stem eglandular trichomes 3 mm or less"	"Caladenia flindersica"
24	"Stem eglandular trichomes longer than 3 mm (to 4 mm)"	"Caladenia intuta"
25	"Labellum entire, without teeth"	"Caladenia audasii"
25	"Labellum with teeth"	26
26	"Labellum without lobes"	27
26	"Labellum with obscure to distinct lobes"	28
27	"Labellum without lobes, labellum a dark prune colour, sepals 40 mm long or less, sepals and undifferentiated petals with mostly single celled (occasionally double celled) osmophore glands"	"Caladenia concolor"
27	"Labellum without lobes, labellum pale yellow"	"Caladenia arenaria"
28	"Labellum yellowish green with a rosy-red midlobe, distinctly three lobed"	"Caladenia woolcockiorum"
28	"Labellum not yellowish green"	29
29	"Labellum with a red tip (with white base, pink base, or red base), labellum teeth to 1.5 mm long and dorsal sepal 40 mm long or less, with single, stalked, clavoid osmophore gland cells"	"Caladenia colorata"
29	"Labellum with a red tip (with white base, pink base, or red base) and dorsal sepal longer than 40 mm"	30
30	"Labellum with a red tip and dorsal sepal longer than 40 mm, and basal part of the sepals and paired petals white, outer parts with a yellowish or tawny tinge, strong oxidized metal smell"	"Caladenia behrii"
30	"Labellum with a red tip (with red base, pink base, or white base) and dorsal sepal longer than 40 mm, outer portion of sepals and paired petals without a yellowish or tawny tinge, osmophore gland cells in chains of 3-6 cells"	"Caladenia formosa"
