from	statement	to
1	"Lemma with a twisted column"	2
1	"Lemma with no column between the summit and the awns"	4
2	"Lemma without an articulation; leaves curly"	"Aristida latifolia"
2	"Lemma with an articulation below the column; leaves not curly"	3
3	"Lemma up to 7 mm long, brownish when mature; leaf blades usually very wavy"	"Aristida contorta"
3	"Lemma 8 mm or more long, purplish when mature; leaf blades more or less straight and rigid"	"Aristida holathera"
4	"Lemma margins turned in to form a furrow"	5
4	"Lemma margins overlapping"	8
5	"Lemma muricate towards the apex, not in the furrow; upper glume the longer"	"Aristida anthoxanthoides"
5	"Lemma muricate or glabrous in the furrow, not towards the apex; glumes subequal or the lower longer"	6
6	"Leaves curly; base of awns apparently articulated"	"Aristida inaequiglumis"
6	"Leaves not curly; base of awns without any trace of an articulation"	7
7	"Lemma 10–12 mm long"	"Aristida biglandulosa var. biglandulosa"
7	"Lemma 4–7 mm long"	"Aristida jerichoensis var. subspinulifera"
8	"Lemma longer than both glumes"	"Aristida personata"
8	"Lemma shorter than one or both glumes"	9
9	"Inflorescence almost as broad as long"	10
9	"Inflorescence much longer than broad"	11
10	"Lemma more or less smooth; peduncle terete"	"Aristida behriana"
10	"Lemma densely scabrid; peduncle compressed"	"Aristida obscura"
11	"Lemma smooth; so far recorded in S.Aust. only from NL and SL"	"Aristida australis"
11	"Lemma scabrid or tuberculate; not so far recorded from NL or SL"	12
12	"Lemma spiny-tuberculate"	13
12	"Lemma scabrid or with relatively thin hairs"	14
13	"Mid-culm leaf blades usually up to 1 mm broad; glumes more or less equal in length"	"Aristida nitidula"
13	"Mid-culm leaf blades usually c. 2 mm broad opened out; lower glume often c. 2 mm shorter than upper"	"Aristida arida"
14	"Lemma 8.5–12 mm long; mid-culm leaf blades up to 4 mm broad when opened out"	"Aristida strigosa"
14	"Lemma 5–8 mm long; mid-culm leaf blades up to 0.5 mm broad (folded or rolled)"	"Aristida capillifolia"
