from	statement	to
1	"Flowers 5-merous; plants with a generally leafless aspect, though some leaves may be present"	"Tetratheca halmaturina"
1	"Flowers 4-merous; stems leafy"	2
2	"Ovules 4 (2 in each cell); calyx conspicuously reflexed"	"Tetratheca ciliata"
2	"Ovules 2 (1 in each cell); calyx not reflexed"	3
3	"Peduncles 1 cm or more long in mature flower and much longer than the leaves"	"Tetratheca insularis"
3	"Peduncles c. 1 cm long or less and never much longer than the leaves"	"Tetratheca pilosa"
