from	statement	to
1	"Seeds compressed, winged; sepals over 4 mm long"	"Spergularia media"
1	"Seeds angled or convex, not winged; sepals usually under 4 mm long"	2
2	"Capsule not longer than sepals; seeds black; sepals 2–3 mm long"	"Spergularia diandra"
2	"Capsule usually longer than sepals; seeds usually brown; sepals 3–6 mm long"	3
3	"At least some flowers with purple markings at the interception of the sepals; stipules as long as wide"	"Spergularia marina"
3	"Flowers all lacking purple markings; stipules longer than wide"	"Spergularia rubra"
