from	statement	to
1	"Leaf lamina linear, simple or divided; styles 3, bipartite or with a few branches"	2
1	"Leaf lamina spathulate, flabellate, orbicular or crescentic; styles 3 or 4, with 2 to many branches"	3
2	"Leaf lamina entire, narrow-linear; stipules absent; stems often lax"	"Drosera indica"
2	"Leaf lamina once or twice divided, segments linear; stipules membranous; stem very short"	"Drosera binata"
3	"Leaves forming a hemispherical rosette; stipules present; scapes racemose or flowers solitary and axillary"	4
3	"Leaves all or mostly cauline or all in a flat rosette; stipules absent; scape single"	5
4	"Lamina spathulate; inflorescences racemose, many-flowered; flowers 5-merous"	"Drosera glanduligera"
4	"Lamina orbicular, peltate; ; scapes 1-flowered, axillary, 4-merous"	"Drosera pygmaea"
5	"Leaves all in a rosette, or if cauline, spathulate and whorled; inflorescences with short, condensed peduncles"	6
5	"Leaves cauline, sometimes also with a basal rosette, cauline leaves single or in 3s, crescentic or orbicular; inflorescences with open, elongate, pedunculate scapes"	9
6	"Inflorescence leafless, emerging in autumn, leaves borne later on a lateral shoot; peduncle 1–3 cm long, largely subterranean"	"Drosera praefolia"
6	"Inflorescence borne above the leaves, peduncle aerial, often very short and inflorescence appearing to consist of multiple single flowers"	7
7	"Plants forming large clonal colonies, stoloniferous"	"Drosera aberrans"
7	"Plants solitary, stolons absent"	8
8	"Leaves narrowly-spathulate with narrow U-shaped petioles; cauline leaves, if present, whorled"	"Drosera schmutzii"
8	"Leaves broad, flat, petioles multi-ribbed; cauline leaves always absent"	"Drosera whittakeri"
9	"Lamina orbicular, deeply concave"	10
9	"Lamina crescent- or U-shaped"	11
10	"Stem erect; leaves patent to spreading; flowers pink"	"Drosera stricticaulis"
10	"Stem trailing or climbing; leaves nodding; flowers white"	"Drosera macrantha"
11	"Calyx glabrous; peduncles usually more than 3 cm long"	"Drosera auriculata"
11	"Calyx pubescent; peduncles usually less than 4 cm long"	12
12	"Aerial stem very slender (c. 0.5 mm diam.), leafless in upper 1/2 to 1/3"	"Drosera gracilis"
12	"Aerial stem c. 1–2 mm diam., always leafy distally"	13
13	"Scape multi-branched basally, plant appearing multi-stemmed and shrubby"	"Drosera hookeri"
13	"Scape simple or distally few-branched"	"Drosera peltata"
