from	statement	to
1	"Perianth tube 4–7 cm long"	"Ixia paniculata"
1	"Perianth tube to 1.4 cm long"	2
2	"Flowers green, with a dark purple or reddish centre; anthers c. 3 times as long as the filaments"	"Ixia viridiflora"
2	"Flowers not green; anthers up to twice as long as the filaments"	3
3	"Spathes 8–14 mm long, papery, the upper half rust-coloured or densely streaked brown"	"Ixia maculata"
3	"Spathes 3–7 mm long, pellucid, membranous, whitish, sometimes faintly veined"	"Ixia polystachya"
