from	statement	to
1	"Stigmas elongate"	2
1	"Stigmas capitate"	3
2	"Corolla 2.5–4 mm long; inflorescences mostly 6–10 mm diameter; calyx shorter than the corolla tube"	"Cuscuta epithymum"
2	"Corolla 1.5–2.5 mm long; inflorescences mostly 2–6 mm diameter; calyx equal to or longer than the corolla tube"	"Cuscuta planiflora"
3	"Pedicels ? 3 mm long usually equal to or longer than the flowers; flowers in lax racemose or lax umbellate cymes"	4
3	"Pedicels < 3 mm long usually shorter than the flowers or if greater then styles absent or < 0.5 mm long; flowers forming a ± compact globose inflorescence"	5
4	"Flowers in lax umbellate cymes; corolla lobes spreading or reflexed never with inflexed tips, obtuse, as long as or longer than the tube; calyx as long as corolla tube"	"Cuscuta tasmanica"
4	"Flowers in lax racemose inflorescences; corolla lobes spreading often with inflexed tips, acute, much shorter than the tube; calyx shorter than corolla tube"	"Cuscuta suaveolens"
5	"Styles absent or almost so; corolla usually 3- or 4-lobed; scales subtending stamens equalling or shorter than the corolla tube, with very short fimbriae"	"Cuscuta victoriana"
5	"Styles 0.5–1 mm long; corolla usually 5-lobed; scales subtending stamens equal or longer than the corolla tube, with long dense fimbriae"	"Cuscuta campestri"
