from	statement	to
1	"Mature stems with slightly raised longitudinal ridges; leaf blades abaxially with black glands; pistillate flowers in catkins with 2 flowers per bract; each flower with a foliaceous involucre; fruit a nut; staminate catkins pendulous, > 4 cm long; each flower without a calyx; stamens 3 or more"	"Carpinus:Carpinus caroliniana"
1	"Mature stems without longitudinal ridges; leaf blades without black glands (but resin glands might be present); pistillate flowers in catkins with 2 or 3 flowers per bract; each flower without a calyx or involucre; fruit a samara; staminate catkins pendulous, < 4 cm long; each flower with a s- or 4- parted calys; stamens 2-4"	2
2	"Winter buds stalked; pistillate catkins cone-like, with woody bracts remaining attached after fruit release; stamens 4"	Alnus
2	"Winter buds sessile; pistillate catkin not cone-like, with papery, lobed bracts released with but not attached to fruit; stamens 2"	"Betula:Betula pendula"
