from	statement	to
1	"Inflorescence a solitary flower subtended by 8-20 bracts; branchlets terete"	"Choretrum spicatum"
1	"Inflorescence 2-7-flowered (solitary flowers may also rarely be produced), flowers subtended by 3-4 bracts; branchlets prominently angular to angular-terete"	2
2	"Tepals yellow to golden-yellow, proximal margins and base of tepals entire to occasionally suberose; branchlets angular to prominently angular (especially when young), frequently becoming angular-terete to (very rarely) terete with age"	"Choretrum chrysanthum"
2	"Tepals white to cream, proximal margins and base of tepals suberose to minutely papillate; branchlets prominently angular"	"Choretrum glomeratum"
