from	statement	to
1	"Calyx lobes shorter than the tube"	2
1	"Calyx lobes longer than the tube"	3
2	"Peduncles longer than the petioles; corolla scarcely exceeding the calyx"	"Abutilon cryptopetalum"
2	"Peduncles shorter than the petioles; corolla at least twice the length of the calyx"	"Abutilon leucopetalum"
3	"Fruitlets distinctly awned"	4
3	"Fruitlets angular or rounded, not awned"	6
4	"Capsule greater than 10 mm diam.; peduncles shorter than the petioles"	"Abutilon theophrasti"
4	"Capsule less than 10 mm diam.; peduncles at least as long as the petioles"	5
5	"Leaves usually acuminate, not lobed, up to 8 cm long; seeds glabrous"	"Abutilon oxycarpum"
5	"Leaves rounded, with 3–5 lobes; up to 4 cm long; seeds glabrous or pubescent"	"Abutilon malvaefolium"
6	"Corolla about twice as long as the calyx"	7
6	"Corolla scarcely longer than the calyx"	8
7	"Capsule about as long as the calyx, 6–7 mm long; leaves crenate all round"	"Abutilon fraseri"
7	"Capsule about twice the length of the calyx, 10–12 mm long; leaves crenate except near the base"	"Abutilon halophilum"
8	"Leaves broadly crenate; capsule shorter than the calyx; seeds glabrous; calyx c. 12 mm long"	"Abutilon otocarpum"
8	"Leaves serrate; capsule longer than the calyx; seeds sparsely pubescent; calyx c. 4 mm long"	"Abutilon macrum"
