from	statement	to
1	"Corolla white to pink; anthers pink"	2
1	"Corolla yellow; anthers yellow"	3
2	"Leaf apex truncate or bilobed; carpels 2–4"	"Phebalium hillebrandii"
2	"Leaf apex obtuse or rounded; carpels 5"	"Phebalium brachyphyllum"
3	"Leaf closely revolute, not glandular-warty"	4
3	"Leaf not closely revolute, though margin may be recurved, glandular-warty on the margin or the upper surface"	5
4	"Calyx truncate to undulate, pedicels slender"	"Phebalium stenophyllum"
4	"Calyx definitely 5-toothed, pedicels thick"	"Phebalium lowanense"
5	"Leaf upper surface smooth, margin glandular-warty; midrib sunken on the upper surface"	"Phebalium bullatum"
5	"Leaf upper surface glandular-warty; midrib not sunken"	"Phebalium glandulosum"
