from	statement	to
1	"Flowering stems with well-developed adult leaves or leaf-like phyllodes"	2
1	"Flowering stems with the adult leaves reduced to scales, spines or to long filiform petioles (some scattered leaves may be present in Sphaerolobium)"	13
2	"Leaves opposite"	3
2	"Leaves or phyllodes alternate, scattered or whorled"	6
3	"Stipules minute or absent"	4
3	"Stipules present and well developed"	5
4	"Leaves with recurved or revolute margins; bracteoles absent"	Aotus
4	"Leaves flat, concave or with ± involute margins; bracteoles present"	Eutaxia
5	"Leaves 20-60 mm long; bracteoles absent"	Gastrolobium
5	"Leaves < 10 mm long; bracteoles present"	Pultenaea
6	"Ovules 2"	7
6	"Ovules 4 or more"	11
7	"Stipules present, usually connate on the adaxial side of the petiole for part of their length"	Pultenaea
7	"Stipules absent, or if present then minute and inconspicuous"	8
8	"Leaves with recurved or revolute margins"	9
8	"Leaves grooved on the adaxial surface or replaced by flattened or terete phyllodes"	10
9	"Bracteoles present"	Phyllota
9	"Bracteoles absent"	Aotus
10	"Leaves terete or ± trigonous with a groove on the adaxial surface (rarely almost flat with involute margins)"	Dillwynia
10	"Leaves replaced by phyllodes; phyllodes terete or flattened vertically or horizontally"	Daviesia
11	"Leaves digitately trifoliolate"	Gompholobium
11	"Leaves simple or unifoliolate"	12
12	"Subshrubs or herbs; pod completely dehiscent"	Isotropis
12	"Tall erect shrubs, sometimes arborescent; pod dehiscing in the upper third only"	Callistachys
13	"Flowers in basal racemes; standard petal reduced, narrow-triangular"	Leptosema
13	"Flowers in terminal or axillary racemes or panicles, sometimes solitary; standard petal broad, ± orbicular"	14
14	"Calyx lobes very short, subequal"	15
14	"Upper 2 calyx lobes broader, connate higher up to form an upper lip"	16
15	"Leaves reduced to long filiform petioles to c. 30 mm long; pod sessile, obovoid"	Viminaria
15	"Leaves replaced by phyllodes; phyllodes terete or flattened vertically or horizontally; pod subsessile or stipitate, obliquely obtriangular in outline"	Daviesia
16	"Inflorescence a long raceme of usually paired axillary flowers; pod stipitate, globose"	Sphaerolobium
16	"Inflorescence usually a short axillary raceme, sometimes modified to a false umbel, or flowers solitary; pod subsessile or stipitate, obliquely obtriangular in outline"	Daviesia
