from	statement	to
1	"Column stem elongated; labellum on a movable claw; leaf clasping the stem for most of its length (autumn-flowering plants, section Micranthum)"	2
1	"Column stem condensed; labellum not on a movable claw; leaf clasping basally, free for at least one-third of its length (spring- flowering plants, section Prasophyllum)"	6
2	"Petals ciliate"	"Prasophyllum morrisii"
2	"Petals not ciliate"	3
3	"Labellum ciliate"	"Prasophyllum archeri"
3	"Labellum not ciliate"	4
4	"Labellum lanceolate, tapering into a long acute point"	"Prasophyllum despectans"
4	"Labellum obovate, acute or subacute"	5
5	"Petals greenish; labellum margin entire with a subacute apex; column appendage posterior lobe acuminate; anther mucro short, less than 0.1 mm long"	"Prasophyllum nigricans"
5	"Petals reddish; labellum margins serrate toward an acute apex; column appendage posterior lobe rounded; anther mucro long, c. 0.3 mm, bristle-like"	"Prasophyllum rufum"
6	"Ovary appressed to the stem, long, slender and flattened dorsiventrally"	7
6	"Ovary standing out from the stem, more or less turgid"	8
7	"Labellum acutely reflexed about the middle, conspicuously white, base gibbous"	"Prasophyllum australe"
7	"Labellum slightly recurred from about the middle, the base not gibbous"	"Prasophyllum elatum"
8	"Flowers not expanding, the floral segments very dark and parchment-like"	"Prasophyllum goldsackii"
8	"Flowers freely expanding, the floral segments green to reddish"	9
9	"Labellum callus with some pubescence"	10
9	"Labellum callus without pubescence"	11
10	"Flowers wholly greenish; lateral sepals 2-dentate; normally a tooth-like spur at the base of the column"	"Prasophyllum pallidum"
10	"Flowers with some purple or reddish tints; lateral sepals not 2-dentate; no tooth-like spur at the base of the column"	"Prasophyllum fitzgeraldii"
11	"Flowers less than 5 mm diam., segments to 2 mm long; column appendages absent or vestigial"	"Prasophyllum cf. macrostachyum"
11	"Flowers more than 6 mm diam., segments more than 2.5 mm long; column with distinct appendages"	12
12	"Labellum usually with a lateral constriction near the tip; callus plate extending beyond the bend almost to the tip (narrow but much raised)"	"Prasophyllum fuscum"
12	"Labellum without a lateral constriction near the tip; callus plate hardly exceeding the bend, never reaching the tip (broad and not much raised)"	13
13	"Lateral sepals longer than the labellum; labellum base orbicular, broad, margins much incurved; callus plate with thickened glandular margins"	"Prasophyllum hartii"
13	"Lateral sepals shorter than the labellum; labellum base ovate, without markedly incurved margins; callus plate without thickened margins"	"Prasophyllum patens"
