from	statement	to
1	"2nd glume and 1st lemma usually extending into a distinct awn; spikelets 4–12 mm long"	2
1	"2nd glume and 1st lemma usually more or less acute; spikelets 2.5–5 mm long"	3
2	"Annual; spikelets 6–12 mm long"	"Eriochloa australiensis"
2	"Perennial, rarely annual; spikelets 4–6 mm long"	"Eriochloa pseudoacrotricha"
3	"2nd glume and 1st lemma hairy; spikelets usually 4–5 mm long"	"Eriochloa crebra"
3	"2nd glume and 1st lemma pubescent; spikelets 2.5–4 mm long"	"Eriochloa procera"
