from	statement	to
1	"Peduncles usually shorter than the leaves; corolla lobes subequal, pointed; roots thick"	2
1	"Peduncles usually much longer than the leaves; corolla lobes with a rounded apex or if acute then only the upper ones; roots thread-like"	3
2	"Leaves usually with subdistant teeth; calyx lobes with basal teeth"	"Pratia concolor"
2	"Leaves entire rarely with 2 subapical teeth; calyx lobes without basal teeth"	"Pratia platycalyx"
3	"Upper surface of upper anther cells more or less hairy in addition to the apical hairs; corolla usually blue or purple"	4
3	"Upper anther cells glabrous except for apical hairs; corolla white"	"Pratia puberula"
4	"Hairs on anther cells blunt; calyx lobes without basal teeth; leaves green below"	"Pratia pedunculata"
4	"Hairs on anther cells pointed; calyx lobes with basal teeth; leaves purple below"	"Pratia aff. Purpurascens"
