from	statement	to
1	"Spikes sessile, short and broad; terminal spike bisexual"	2
1	"Spikes stalked, elongate; terminal spike male"	7
2	"Spikes 20 or more in a long narrow panicle"	3
2	"Spikes fewer than 10, usually almost capitate"	4
3	"Stems solid, triangular, scabrous"	"Carex appressa"
3	"Stems hollow, cylindrical, smooth"	"Carex tereticaulis"
4	"Bract of lowermost spike leaf-like and usually at least twice the length of the whole inflorescence"	5
4	"Bract or lowermost spikes glume-like and usually shorter than the whole inflorescence"	6
5	"Glumes dull, pallid or greenish"	"Carex inversa"
5	"Glumes shining, chestnut-brown"	"C hebes"
6	"Utricle with serrulate margins; spikes green or pale-brown"	"Carex chlorantha"
6	"Utricle with smooth margins; spikes bright-brown"	"Carex divisa"
7	"Stigmas 2"	"Carex gaudichaudiana"
7	Stigmas	8
8	"Spikes in fascicles of 1–5 at each node; upper part of utricle conspicuously setulose"	"Carex iynx"
8	"Spikes solitary at the nodes; upper part of utricle smooth on the margins"	9
9	"Leaves septate-nodulose, 5–10 mm broad"	"Carex fascicularis"
9	"Leaves not septate-nodulose, rarely as broad as 6 mm"	10
10	"Utricle pubescent"	"Carex breviculmis"
10	"Utricle glabrous, sometimes scabrous near the tip"	11
11	"Utricle thin, membranous"	"Carex gunniana"
11	"Utricle thick, corky, obscurely angled"	12
12	"Spikes 4–7, the male ones 1–4"	"Carex pumila"
12	"Spikes 9–23, the male ones 6–20"	"Carex bichenoviana"
