from	statement	to
1	"Dorsal sepal and petals without spots or blotches (clear canary to chrome, rarely orange-yellow or purple), but sometimes with a few brown streaks towards their claws"	2
1	"Dorsal sepal and/or petals normally spotted with conspicuous dark-brown or purple-brown markings or blotches"	4
2	"Dorsal sepal 9-nerved; petals 7-nerved; petals and labellum less than 15 mm long; flowers not nodding"	"Diuris x fastidiosa"
2	"Nerves on the dorsal sepal and petals inconspicuous; petals and labellum 15Ð20 mm long; flowers often nodding"	3
3	"Flower yellow"	"Diuris lanceolata"
3	"Flower purple"	"Diuris punctata"
4	"Lateral lobes of the labellum large, as long or nearly as long as the middle one"	5
4	"Lateral lobes of the labellum very much shorter than the middle one"	7
5	"Lateral sepals greatly exceeding the petals in length, often nearly twice as long; leaves 6 or more, setaceous or almost so"	"Diuris palustris"
5	"Lateral sepals shorter than, or approximately equal in length to the petals; leaves not setaceous"	6
6	"Lateral sepals usually crossed; blotches generally distinctly demarcated from the yellow ground colour; 2 longitudinal raised lines at the base of the labellum"	"Diuris maculata"
6	"Lateral sepals nearly parallel; flowers wall-flower colour, dark blotches merging into the yellow ground-colour; 1 raised line at the base of the labellum"	"Diuris longifolia"
7	"One longitudinal raised line along the base of the labellum"	"Diuris sulphurea"
7	"Two longitudinal raised lines along the base of the labellum"	8
8	"Dorsal sepal with small dots and shorter markings; labellum usually emarginate to obtuse; leaves to 17 cm long"	"Diuris x palachila"
8	"Dorsal sepal with 2 conspicuous brown dots at the base of the lamina; labellum acute, basally the lines surrounded in front and on both sides by a conspicuous dark-brown border; leaves 7Ð12 cm long"	"Diuris brevifolia"
