from	statement	to
1	"Leaves in threes"	2
1	"Leaves in pairs"	3
2	"Leaves 8–15 cm long, grass green; cones asymmetrical, ovoid"	"Pinus radiata"
2	"Leaves 12–25 cm long, dark-green; cones symmetrical, oblong to ovoid"	"Pinus ponderosa"
3	"Leaves greyish-green, 5–8 cm long; winter buds c. 8 mm long"	"Pinus halepensis"
3	"Leaves dark-green, more than 10 cm long; winter buds 12–25 mm long"	4
4	"Leaves more than 15 cm long; cones bright-brown; scales of winter buds recurved"	"Pinus pinaster"
4	"Leaves less than 15 cm long; cones yellowish-brown; scales of winter buds appressed"	"Pinus nigra"
