from	statement	to
1	"Perianth covered with glistening irregularly shaped vesicular hairs"	"Chenopodium desertorum subsp. desertorum"
1	"Perianth covered with dull grey to white vesicular hairs"	2
2	"Plant prostrate to recumbent; leaves up to 10 mm long; flowers c. 1 mm diam., in short inflorescences"	"Chenopodium desertorum subsp. microphyllum"
2	"Plant erect; leaves 5-20 mm long; flowers 1-2 mm diam., inflorescence usually exceeding the terminal leaves"	3
3	"Branches slender, straight and rigid; leaves small (to 10 mm long), orbicular to obovate, sparsely mealy; flowers small (c. 1 mm diam.) sparsely to moderately covered with sessile vesicular hairs"	"Chenopodium desertorum subsp. rectum"
3	"Branches straight or flexuose; leaves various, densely mealy (at least below); flowers with globular or branched often stipitate hairs"	"Chenopodium desertorum subsp. anidiophyllum"
