from	statement	to
1	"Stems twining or prostrate"	"Thysanotus patersonii"
1	"Stems not twining, erect"	2
2	"Roots tuberous, leaves present, sometimes marcescent before flowering, inflorescence produced annually, branched or unbranched"	3
2	"Roots non-tuberous, produced from rhizome; leaves normally absent or marcescent before flowering; stems ridged, glabrous, hirsute or tuberculate on ridges; flowers produced on perennial vegetative stems"	7
3	"Inflorescence unbranched or with 1 or 2 (occasionally 4) simple branches, ascending; umbels all terminal or terminal and sessile"	4
3	"Inflorescence a panicle (umbels all terminal or pedunculate)"	6
4	"Ovules 6 (2 per cell)"	5
4	"Ovules more than 6 (Port Lincoln)"	"Thysanotus nudicaulis"
5	"Umbels one terminal and others sessile at intervals on scape or branches; flowers blue; leaves glabrous; tubers elongated, distant from stock"	"Thysanotus baueri"
5	"Umbels terminal only; flowers mauve, leaves and scape with minute tubercles; tubers close (occasionally distant) to stock"	"Thysanotus tenellus"
6	"Branches thin, flexible, ascending; leaves usually present at flowering; tubers close to stock (SE region)"	"Thysanotus tuberosus"
6	"Branches stiff, patent; leaves usually absent at flowering; tubers distant from stock (NW, LE and GT regions)"	"Thysanotus exiliflorus"
7	"Stem branching zig-zag (EP, KI)"	"Thysanotus fractiflexus"
7	"Stem branching monopodial or pseudodichotomous"	8
8	"Stem glabrous, may be hirsute at extreme base; branching monopodial; habit more or less erect"	"Thysanotus junctfolius"
8	"Stem more or less minutely tuberculate; branching monopodial or pseudodichotomous; habit spreading (EP)"	"Thysanotus wangariensis"
