from	statement	to
1	"Leaves with at least some lobes toothed or sinuate; capsule erect; seeds black or grey"	2
1	"Leaves entire or if lobed then lobes entire; capsule deflexed; seeds brown or yellow (sometimes grey)"	3
2	"Flowers 6–10 cm long; capsule with more than 100 slender spines of varying lengths, evenly distributed"	"Datura stramonium"
2	"Flowers 4.5–6 cm long; capsule with 40–60 stout spines, those towards the base markedly shorter"	"Datura ferox"
3	"Plants glabrous or sparsely pubescent with non-glandular hairs"	4
3	"Plants densely pubescent with at least some glandular hairs present"	5
4	"Flowers 4.5–7 cm long; capsule with sharp spines"	"Datura leichhardtii"
4	"Flowers 12–20 cm long; capsule with blunt tubercles"	"Datura metel"
5	"Hairs on branches and leaves all erect and glandular; stigma borne well below the anthers"	"Datura inoxia"
5	"Hairs on branches and leaves mostly retrorse and non-glandular; stigma usually exserted well above the anthers"	"Datura wrightii"
