from	statement	to
1	"Compound head subglobular, not exceeding the common involucre"	"Angianthus preissianus"
1	"Compound head ovoid to cylindrical, far exceeding the common involucre"	2
2	"Leaves succulent, glabrous to subglabrous"	"Angianthus glabratus"
2	"Leaves herbaceous, cobwebby to tomentose"	3
3	"Pappus consisting of 2 or 3 jagged scales each with 1 or 2 bristles plumose at the apex, subequal to the corolla"	"Angianthus tomentosus"
3	"Pappus consisting of a jagged ring or cup, sometimes with 1 or 2 smooth bristles much shorter than the corolla"	4
4	"Leaves usually oblanceolate, 1–3 cm long, 1–5 mm wide; pappus a cup 0.15–0.7 mm high"	"Angianthus brachypappus"
4	"Leaves usually linear, 0.5–1.5 cm long, c. 1 mm wide; pappus a ring 0.1–0.3 mm high"	"Angianthus conocephalus"
