from	statement	to
1	"Plants shortly pubescent with grey or white hairs"	"Phyllanthus fuernrohrii"
1	"Plants glabrous, sometimes papillose"	2
2	Shrubs	3
2	"Herbs, annuals or short-lived perennials with annual stems from a thickened tap-root"	5
3	"Fruiting calyx enlarged, longer than the capsule"	"Phyllanthus calycinus"
3	"Fruiting calyx shorter than the capsule"	4
4	"Shrub to 60 cm; leaves elliptical; seeds < 2 mm long"	"Phyllanthus australis"
4	"Shrub taller than 1 m; leaves suborbicular; seeds > 2 mm long"	"Phyllanthus saxosus"
5	"Seeds more or less smooth, minutely reticulate or transversely striate"	6
5	"Seeds ornamented with longitudinal ridges or verrucose"	7
6	"fruiting pedicel 1-3 mm long; fruiting sepals < 1 mm long"	"Phyllanthus lacunarius"
6	"fruiting pedicel 4-8.5 mm long; fruiting sepals > 2 mm long"	"Phyllanthus oblanceolatus"
7	"Seeds with longitudinal ridges"	8
7	"Seeds papillose or verrucose"	9
8	"Seeds with one face depressed; fruit smooth"	"Phyllanthus lacunellus"
8	"Seeds with faces not depressed; fruit verrucose"	"Phyllanthus erwinii"
9	"Sepals 5 in female flowers; stem leaves scale-like"	"Phyllanthus tenellus"
9	"Sepals 6 in female flowers; stem leaves laminate"	10
10	"Filaments united in a column"	"Phyllanthus maderaspatensis"
10	"Filaments free"	11
11	"Seeds 0.6-0.8 mm long; annual"	"Phyllanthus minutiflorus"
11	"Seeds 1.4-1.8 mm long; mostly perennial"	"Phyllanthus virgatus"
