from	statement	to
1	"Peduncle longer than the subtending leaves; stipules with 2 or 3 large lobes; fruit dehiscing by a horizontal abscission layer"	"Opercularia scabrida"
1	"Peduncle shorter than the subtending leaves, or absent; stipules with 1 large lobe and 2 smaller points on either side; fruit dehiscing by an oblique abscission layer"	2
2	"Plants dioecious; inflorescences sessile or almost so on little- branched stems"	"Opercularia turpis"
2	"Plants monoecious; lower inflorescence with a peduncle 2–10 mm long and with apparently dichotomous branching at the same nodes"	3
3	"Aerial branches arising from several points of the underground rhizome; inflorescence with 10–18 flowers; post-fruiting capsule with 2 or 3 star-shaped cavities"	"Opercularia ovata"
3	"Aerial branches arising from one short main stem; inflorescence with 2–7 flowers; post-fruiting capsule star-shaped"	"Opercularia varia"
