from	statement	to
1	"Lowest palea cartilaginous, glabrous"	"Enneapogon eremophilus"
1	"Lowest palea membranous, hairy at least in part"	2
2	"Lowest lemma with conspicuously raised veins; lowest glume with usually fewer than 8 veins"	3
2	"Lowest lemma veins not or scarcely raised; lowest glume with usually more than 8 veins"	7
3	"Panicle 1–3 cm long, dense"	4
3	"Panicle 3–14 cm long, spike-like, dense or interrupted"	6
4	"Glumes of upper spikelets in each panicle usually longer than those below; axillary inflorescences and solitary cleistogamous spikelets sometimes present"	"Enneapogon caerulescens"
4	"Glumes of upper spikelets in each panicle the same length as those below; axillary inflorescences and spikelets absent"	5
5	"Panicle 1–2 cm long; body of the first palea glabrous in the upper half to third; peripheral awns often with 2 nerves entering at their base; rhachilla of the second floret pubescent"	"Enneapogon lindleyanus"
5	"Panicle 1.5–3.5 cm long; body of the first palea mostly hairy; awns 1-veined; rhachilla of the second floret glabrous"	"Enneapogon robustissimus"
6	"Culms articulated at the nodes; axillary inflorescences and solitary cleistogamous spikelets present; lowest lemma glabrous on the upper margins or almost so"	"Enneapogon cylindricus"
6	"Culms not articulated; axillary inflorescences and spikelets absent; lowest lemma ciliate on the margins"	"Enneapogon nigricans"
7	"Lowest lemma without wings, margins similar in texture to body; palea pubescent between the keels; spikelets usually with 2 bisexual florets"	"Enneapogon intermedius"
7	"Lowest lemma with membranous or hyaline wings on the margins; palea wholly or partly glabrous between the keels; spikelets with 1–4 bisexual florets"	8
8	"Lower glume 11–23-veined; palea and lemma hairs much longer than the body of the lemma; keels of the palea long-ciliate, not winged or upturned; fertile florets 2–4"	"Enneapogon avenaceus"
8	"Lower glume 5–13-veined; palea and lemma hairs subequal in length to the body of the lemma; keels on the palea minutely scabrid, winged and upturned; fertile floret"	"Enneapogon polyphyllus"
