from	statement	to
1	"Corolla yellow; flowers distinctly pedicellate"	"Centaurium maritimum"
1	"Corolla pink to deep-mauve; flowers sessile or if with a pedicel more than 2 mm long then the inflorescence with spike-like monochasia"	2
2	"Inflorescence ending in spike-like monochasia"	"Centaurium spicatum"
2	"Inflorescence with repeated dichasial branching, or if ending in monochasia then only up to 3 flowers"	3
3	"Calyx half to two-thirds of the length of the corolla tube"	"Centaurium erythraea"
3	"Calyx about as long as the corolla tube but up to two-thirds of its length in fruiting material"	"Centaurium tenuiflorum"
