from	statement	to
1	"Adult leaves 13–24 mm wide; fruit 6–9 mm wide, ribs prominent; Eyre Peninsula only"	"Eucalyptus calycogona subsp. spaffordii"
1	"Adult leaves 7–15 mm wide; fruit 4–7 mm wide, ribs less prominent"	2
2	"Bark smooth or rough only at base; Eyre Peninsula and Waitpinga to Lake Alexandrina"	"Eucalyptus calycogona subsp. calycogona"
2	"Bark rough and tessellated on lower stems; Murray Mallee, upper Yorke Peninsula and Flinders Ranges eastwards"	"Eucalyptus calycogona subsp. trachybasis"
