from	statement	to
1	"Bracts tiny, not forming a deciduous cone about the developing inflorescence; rhachis 2–16 cm long; hypogynous gland horseshoe-shaped, 0.9–3.2 mm long laterally; leaves compound or simple"	2
1	"Bracts forming a prominent deciduous cone about the developing inflorescence; rhachis 0.5–1.4 cm long; hypogynous gland a semi- circular or curved plate 0.15–0.75 mm long laterally; leaves simple"	6
2	"Leaves simple, 12–48 cm long; lateral width of fruit 1.7–2 cm"	"Hakea suberea"
2	"Leaves compound, 2–30 cm long; lateral width of fruit 0.5–1.5 cm"	3
3	"Perianth tube in the mature bud 2–5 mm long, with the limb slightly oblique; pistil 8.5–11 mm long; pollen-presenter more or less erect"	"Hakea ednieana"
3	"Perianth tube in the mature bud 5.5–12 mm long, reflexed; pistil 18.5–30 mm long; pollen-presenter oblique"	4
4	"Branchlets pubescent at apical few nodes, distally glabrous or sparsely pubescent, rarely densely pubescent; leaves glabrous or sparsely pubescent, glabrescent; rhachis sparsely to densely pubescent"	"Hakea divaricata"
4	"Branchlets densely tomentose and leaves densely pubescent over many nodes; rhachis densely tomentose, rarely glabrous"	5
5	"Leaves 1.5–9.5 cm long, petiole 0.8–2.5 rarely to 4.5 cm long, final segments 4–15, spreading, 0.2–6 cm X 0.9–1.5 mm, mucro 0.6–2.2 mm long"	"Hakea eyreana"
5	"Leaves 13–30 cm long, petiole 4–18 cm long, final segments 2–5, narrowly spreading, 1.5–17 cm X 1.3–2.5 mm, mucro 1.5–7 mm (fragile)"	"Hakea suberea"
6	"Leaves flexible, often flattened, sometimes with a flange along each margin; perianth in bud 1.3–2.2 mm long, limb 0.5–0.7 mm long; anthers 0.25–0.3 rarely 0.4 mm long; fruit lacking horns"	"Hakea nodosa"
6	"Leaves stiff, terete, without a lateral flange; perianth in bud 2.5–6.5 mm long; limb 0.8–1.7 mm long; anthers 0.3–0.9 mm long"	7
7	"Pollen-presenter an oblique disc, sometimes with a central cylinder or cone shorter than the disc diameter; fruits with an erect apex, flanked by a pair of fragile horns"	8
7	"Pollen-presenter an erect or oblique cone of height similar to or greater than the diameter of the basal disc or flange"	13
8	"Perianth glabrous outside; rhachis white-pubescent"	9
8	"Perianth hairy outside"	11
9	"Leaves grooved below near the base; pedicels sparsely puberulent; rhachis simple or obscurely compound, 0.3–0.8 mm rarely to 2.5 mm long"	"Hakea sericea"
9	"Leaves not grooved; pedicels glabrous"	10
10	"Rhachis white-woolly-puberulous, simple, rarely with 1 or 2 basal branches, 6–14 mm long, flowers 18–45; perianth 3–4.5 mm long; seed wing cream to brown- white, decurrent on one side only"	"Hakea leucoptera"
10	"Rhachis white-sericeous, sometimes with brown hairs, simple or shortly branched, 0.5–3 mm long, some-times up to 5 together on the prior years rhachis, 1–10 mm long; flowers 1–14; perianth tube 4–6.5 mm long, seed wing brown to brown-black, decurrent on both sides"	"Hakea cycloptera"
11	"Rhachis white-woolly-pubescent, simple or with 1 or 2 basal branches, 6–14 mm long; flowers 18–45; perianth 3–4.5 mm long"	"Hakea leucoptera"
11	"Rhachis densely more or less appressed-brown-pubescent, 0.5–3 mm long; flowers 1–22; perianth 4–6.5 mm long"	12
12	"Rhachis simple; flowers 6–22; fruit smooth or warty, dehiscing fully down both sides; leaves hooked at the apex, sometimes straight; shrub or small tree without witches-broom galls"	"Hakea tephrosperma"
12	"Rhachis compound, a very short knob of up to 4 branches; flowers 1–8, rarely to 14; fruit smooth or with a broadly folded surface, dehiscing fully down one side only; leaves straight; small shrub with witches-broom galls"	"Hakea vittata"
13	"Inflorescence with 16–32 flowers; pedicel and perianth glabrous, cream-yellow; fruit with an erect narrow beak 1–4 mm long, without horns"	"Hakea muelleriana"
13	"Inflorescence with 1–10 flowers; pedicel and perianth sericeous, white; fruit sigmoid, with a reflexed beak 3–14 mm long, flanked by 2 horns"	14
14	"Leaves ascending, 2–15 cm, usually 5–13 cm long, with a broad-triangular basal scar; pistil 7.8–11.5 mm long, permanently deflexed; fruit 2.2–4.5 cm, usually 3–3.8 cm long, broadest laterally in the middle, with a broad band of wood beside the seed-cavity; seed 13–22 mm long"	"Hakea rostrata"
14	"Leaves widely spreading, rarely ascending, 0.6–4 cm rarely to 6 cm long, with a narrow-triangular basal scar; pistil 3.5–5.5 mm long, finally erect; fruit 1.4–2.2 rarely 2.8 cm long, broadest laterally in the upper third, with a narrow band of wood beside the seed-cavity; seed 10–15 mm long"	"Hakea rugosa"
