from	statement	to
1	"Yellowish leafless parasitic twiners"	Cuscuta
1	"Green leafy plants"	2
2	"Ovary distinctly 2-lobed; styles 2, inserted between the lobes of ovary (gynobasic style); leaves often kidney-shaped"	Dichondra
2	"Ovary entire; style or styles terminal"	3
3	"Sepals connate, with lobes shorter than the tube"	Wilsonia
3	"Sepals free"	4
4	"Styles 2, free or united for up to half their length; hairs 2-branched"	5
4	"Style 1; hairs not 2-branched"	7
5	"Styles united at the base"	Bonamia
5	"Styles free"	6
6	"Styles forked, with linear stigmas"	Evolvulus
6	"Styles entire, with capitate stigmas"	Cressa
7	"Stigma entire, capitate or biglobular"	8
7	"Stigma 2-lobed, linear to oblong"	9
8	"Pollen smooth; in S.A"	Merremia
8	"Pollen spinulose; leaves otherwise, if palmately divided then lobes entire, glabrous"	Ipomoea
9	"Bracteoles large, enclosing the calyx"	Calystegia
9	"Bracteoles small, distant from the calyx"	Convolvulus
