from	statement	to
1	"Mature fruiting carpels sessile or subsessile, carpel stalk always much shorter than the carpel"	"Ruppia tuberosa"
1	"Mature fruiting carpels with an elongate carpel stalk always longer than the carpel"	2
2	"Flowers remaining below the surface; peduncle usually less than 5 cm (always less than 10 cm), not coiled but sometimes recurved in the fruit"	"Ruppia maritima"
2	"Flowers rising to the surface on long flexuose peduncles, pollination occurring at the surface and the flowers then retracted by the coiling peduncles; peduncles usually more than 10 cm long (always more than 5 cm long)"	3
3	"Undamaged leaf tips obtuse; carpels mostly 4–8 sometimes to 16; endocarp perforations elliptic or narrow-elliptic; carpel stalk with straight attachment to the endocarp"	"Ruppia polycarpa"
3	"Undamaged mature leaf tips bidentate or truncate; carpels usually 4 (sometimes 2–6); endocarp perforations broadly triangular; carpel stalk tapering in its attachment to the endocarp"	"Ruppia megacarpa"
