from	statement	to
1	"Flowers (1-) 2-8, mostly in terminal pedunculate corymbs or short racemes; keel acuminate, longer than the wings or obtuse and shorter"	2
1	"Flowers 2-8 (-10) in sessile or subsessile terminal and/or lateral short racemes, or single or paired and axillary, or often in corymbs; keel obtuse, shorter than the wings"	3
2	"Keel acuminate, orange, equalling the wings; plant usually pubescent, hairs present at least on leaves and/or calyx or pedicel"	"Dillwynia hispida"
2	"Keel obtuse, yellow to reddish, shorter than the wings; plant wholly glabrous or nearly so"	"Dillwynia glaberrima"
3	"Flowers single or paired, axillary, subsessile in long leafy racemes; leaves straight, 5-20 mm long, subacute-mucronate, scabrous"	"Dillwynia sericea"
3	"Flowers 2-10 or more, in terminal and/or lateral leafless short racemes or corymbs"	4
4	"Leaves 3-7 mm long, thick, obtuse, spreading, usually much recurved; flowers 2-5; standard yellow with red centre"	"Dillwynia uncinata"
4	"Leaves 5-20 mm long, more or less filiform, acute, more or less ascending, not or slightly recurved distally; flowers 3-10; standard orange with red centre"	"Dillwynia cinerascens"
