from	statement	to
1	"Deciduous tree"	2
1	"Evergreen trees, shrubs or climbers"	4
2	"Leaves alternate, pinnately compound; fruit a 3-locular or partially 3-locular, bladdery-inflated capsule"	"Koelreuteria:Koelreuteria paniculata"
2	"Leaves opposite, simple, palmately compound, or pinnately compound in 1 species; fruit a samara-like schizocarp or a 1- to 3-locular, non-inflated capsule"	3
3	"Leaves simple, lobed or pinnately compound; perianth actinomorphic; fruit a samara-like winged schizocarp, without prickles"	Acer
3	"Leaves palmately compound; perianth zygomorphic; fruit a capsule, with prickles"	"Aesculus:Aesculus hippocastanum"
4	"Herbaceous vines with tendrils; leaves biternate"	"Cardiospermum:Cardiospermum grandiflorum"
4	"Trees or shrubs; tendrils absent; leaves simple, trifoliolate or pinnate"	5
5	"Leaves simple, sometimes deeply lobed"	6
5	"Leaves trifoliolate or pinnate or pinnatifid"	8
6	"Petals present"	"Atalaya:Atalaya hemiglauca"
6	"Petals absent"	7
7	"Sepals united; ovule 1 per locule; fruit of 1 or 2 rounded indehiscent lobes, not winged; aril red, cupular"	"Alectryon:Alectryon oleifolium"
7	"Sepals free; ovules 2 per locule; fruit a capsule with 2-5 wings or angles; aril absent or white and funnel-shaped"	Dodonaea
8	"Leaves usually imparipinnate; leaflets 1-29 pairs, 0.2–2.5 cm long, to 8 mm wide; petals absent; fruit usually membranous, capsular, septicidal or septifragal, usually winged or lobed; petals absent"	Dodonaea
8	"Leaves usually paripinnate; leaflets 2-6 pairs, 6–20 cm long, 8-20 mm wide; petals present; fruit septicidal, separating into samaras with long wings; petals present"	"Atalaya:Atalaya hemiglauca"
