from	statement	to
1	"Leaves sheathing"	Sprengelia
1	"Leaves not sheathing"	2
2	"Style inserted into a depression in the ovary; corolla glabrous"	Epacris
2	"Style attenuated from the ovary; corolla lobes and/or tubes with hairs"	3
3	"Flowers with bracts and bracteoles several grading in size"	4
3	"Flowers subtended by a single bract and 2 bracteoles"	6
4	"Corolla tube glabrous below the middle; lobes imbricate in bud"	Brachyloma
4	"Corolla tube with hairs or hairy scales internally below the middle; lobes valvate in bud"	5
5	"Anthers and filaments completely exserted from the revolute corolla lobes"	Styphelia
5	"Anthers and filaments enclosed in the erect base of the corolla lobes"	Astroloma
6	"Anthers exserted from the corolla tube; corolla lobes with a tuft of erect hairs at the apex"	Acrotriche
6	"Anthers enclosed or only half exserted; lobes glabrous, or bearded"	7
7	"Subtending bract and 2 bracteoles inserted at the base of the peduncle some distance from the calyx"	Lissanthe
7	"Subtending bract and 2 bracteoles inserted immediately below the calyx"	8
8	"Corolla lobes glabrous; ovary 1-celled"	Monotoca
8	"Corolla lobes sparsely to densely bearded; ovary 2- or more-celled"	Luecopogon
