from	statement	to
1	"Compound heads 2–4 cm diam., with showy white bract laminae 5–8 mm long"	"Myriocephalus stuartii"
1	"Compound heads to 1.6 cm diam., with bract laminae to 2 mm long or absent"	2
2	"Leaves far exceeding the inflorescences; capitula 1-flowered"	"Myriocephalus rhizocephalus"
2	"Leaves not or hardly exceeding the inflorescences; capitula 4- or 5-flowered"	3
3	"Florets 3- or 4-merous; involucral bract apices subacute, hyaline"	"Myriocephalus pluriflorus"
3	"Florets 5-merous; involucral bract apices obtuse, usually opaque, white"	"Myriocephalus rudallii"
