from	statement	to
1	"Leaf blade thick and tough, biconvex in cross section"	2
1	"Leaf blade flat or somewhat concavo-convex, with upper and lower faces more or less parallel"	3
2	"Leaf blade usually 1.5–2 mm broad when fresh, with 5–7 longitudinal vascular bundles; flaps of leaf sheath overlapping for their entire length or almost so"	"Posidonia denhartogii"
2	"Leaf blade usually 3–7 mm broad when fresh, with 7–11 longitudinal vascular bundles; flaps of leaf sheath overlapping for three-quarters or less of their length"	"Posidonia coriacea"
3	"Leaf sheaths brown to a dark reddish-brown, remaining entire and not disintegrating into hairy fibres, straw-like in texture when dry; leaf blade epidermal cells in surface view with sinuose margins"	"Posidonia sinuosa"
3	"Leaf sheaths pale-yellowish to grey, becoming shaggy and fibrous, disintegrating into a mass of pale hair-like fibres; leaf blade epidermal cells in surface view with smooth margins"	4
4	"Leaf blade 6–15 mm broad, epidermal cells in surface view isodiametric, length similar to the breadth"	"Posidonia australis"
4	"Leaf blade 4–6 mm broad, epidermal cells in surface view elongate, 3–6 times as long as broad"	"Posidonia angustifolia"
