from	statement	to
1	"Stigmas 4; capsules 4-valved"	2
1	"Stigmas 3; capsules 3-valved or with a terminal pore"	3
2	"Leaves alternate; petals 5–9 mm long; seeds ribbed, a dark red-brown to black"	"Calandrinia ptychosperma"
2	"Leaves opposite; petals 3–5 mm long; seeds smooth to faintly colliculate, red-brown"	"Calandrinia stagnensis"
3	"Capsule pear-shaped, opening by a terminal pore; seeds 2, superposed"	"Calandrinia disperma"
3	"Capsule ovoid or globose or oblong-cylindrical, opening by valves; seeds usually more than 2, not superposed"	4
4	"Stamens numerous (more than 20); basal leaves usually more than 5 cm long; petals more than 7 mm long"	5
4	"Stamens less than 20; basal leaves usually less than 5 cm long; petals usually less than 7 mm long"	8
5	"Stigmas on a short style; petals more than 10 mm broad; seeds more than 1 mm long"	"Calandrinia balonensis"
5	"Stigmas free to the base; petals up to 10 mm broad; seeds less than 0.8 mm in any direction"	6
6	"Stems branching before giving rise to flowering stems; leaves in fascicles only; seeds reticulate"	"Calandrinia reticulata"
6	"Stems giving rise to flowering stems before branching; leaves alternate and sometimes in fascicles; seeds smooth or colliculate"	7
7	"Seeds orbicular and smooth"	"Calandrinia remota"
7	"Seeds reniform and distinctly patterned (colliculate)"	"Calandrinia polyandra"
8	"Capsule black, subglobose, trigonous, usually less than 2 mm long; sepals deciduous"	"Calandrinia granulifera"
8	"Capsule light-brown, ovoid to oblong-cylindrical or globose (not trigonous), more than or equal to 2 mm long; sepals persistent"	9
9	"Leaves all radical, petiolate; capsule circumciss at the base, pericarp membranous"	"Calandrinia pumila"
9	"Leaves basal and on flowering stems, sessile; capsule not circumciss, pericarp crustaceous"	10
10	"Sepals more than or equal to 5 mm long; petals more than or equal to 7 mm long; capsule with acuminate recurved valves; seed flattened towards the margin"	"Calandrinia menziesii"
10	"Sepals less than 5 mm long; petals less than 7 mm long; capsule with obtuse incurved or involute valves; seed not flattened towards the margin"	11
11	"Stigmas on a short style; seeds 4–8; capsule oblong- cylindrical to clayate"	"Calandrinia brevipedata"
11	"Stigmas free to the base; seeds less than 4 or more than 10; capsule ovoid"	12
12	"Seeds less than 20, orbicular, smooth to faintly colliculate; petals less than 2 mm broad"	13
12	"Seeds numerous (i.e. more than 20), reniform, colliculate to papillate; petals more than or equal to 2 mm broad"	14
13	"Bracts opposite; stamens 5–7; seeds 10–20, dark-brown to red-brown, 0.5–0.7 mm diam"	"Calandrinia calyptrata"
13	"Bracts alternate; stamens 3–4; seeds 1–3, black, 0.7–1 mm diam"	"Calandrinia corrigioloides"
14	"Inflorescence twining; fruiting pedicel curved upwards; capsule more than 5 mm long; seeds without coppery lustre"	"Calandrinia volubilis"
14	"Inflorescence straight (never twining); fruiting pedicel straight, reflexed; capsule less than 5 mm long; seeds with coppery lustre"	15
15	"Basal leaves more than 1 cm long; pedicels 8–20 mm long"	"Calandrinia eremaea"
15	"Basal leaves less than 1 cm long; pedicels 3–5 mm long"	"Calandrinia sphaerophylla"
