from	statement	to
1	"Leaves and frequently also the stems obviously transversely septate."	"Baumea articulata"
1	"Leaves and stems not septate or sometimes partially septate"	2
2	"Leaves and also the stems, at least in the upper part, prominently and equally 4-angled"	"Baumea tetragona"
2	"Leaves and usually also the stems terete or flattened"	3
3	"Leaves and stems very flat and thin or concave-convex"	4
3	"Leaves and stems terete or biconvex, or the leaves reduced to points"	5
4	"Spikelets rather scattered in a loose panicle with long slender branches"	"Baumea laxa"
4	"Spikelets rather densely congested in a short panicle"	"Baumea acuta"
5	"Spikelets with 2 or more bisexual flowers, numerous in the panicle; glumes prominently ciliate; at least the basal leaves well-developed and long; stem sheaths, if present, deeply split"	6
5	"Spikelets with 1 bisexual flower, few or rather few in the inflorescence; glumes glabrous or nearly so; leaves usually absent, or if present then terete"	7
6	"Nut 3–4 x c. 1.5 mm, orange or reddish when ripe; spikelets in definite clusters"	"Baumea rubiginosa"
6	"Nut 2–2.5 x c. 1 mm, always whitish; spikelets approximate and rather evenly distributed along the branches"	"Baumea arthrophylla"
7	"Stems with a prominent longitudinal furrow, without nodes above the base; 1 or 2 leaves sometimes developed"	"Baumea gunnii"
7	"Stems not furrowed, 2- or 3-noded; leaves always reduced to mucros"	"Baumea juncea"
