from	statement	to
1	"Flowers 6–9-merous"	"Blackstonia:Blackstonia perfoliata"
1	"Flowers 4- or 5-merous"	2
2	"Sepals fused to about one-third or more than half of their length"	3
2	"Sepals fused up to one-third of their length"	4
3	"Annual or biennial herbs, > 20 cm high; petals pink (rarely white); anthers strongly twisted"	Schenkia
3	"Tiny erect annuals, < 15 cm high; flowers yellow; anthers straight and not twisted"	Cicendia
4	"Basal leaves petiolate; corolla tube cup-shaped to an open bell-shape"	Gentianella
4	"Basal leaves sessile but usually slightly cuneate at the base; corolla tube narrow-cylindrical"	5
5	"Dehisced anthers spirally twisted; corolla pink, mauve or if yellow then with pedicels 3–8 mm long"	Centaurium
5	"Dehisced anthers straight or irregularly shrivelling; corolla yellow"	Sebaea
