from	statement	to
1	"Stamens fused to the corolla tube and above that into a column around the style"	2
1	"Stamens free"	Wahlenbergia
2	"Corolla actinomorphic or almost so and without a split along the upper surface of the tube"	Isotoma
2	"Corolla zygomorphic and 2-lipped as well as with a split along the upper surface"	3
3	"Fruit a capsule dehiscing by apical valves; seeds smooth or finely ridged"	4
3	"Fruit indehiscent; seeds pitted."	Pratia
4	"Stigma lobes broadly ovate; seeds smooth, angular to triangular in section, or ovoid and laterally compressed"	Lobelia
4	"Stigma oblong-oblanceolate; seeds with vertical ridges, narrow-ellipsoid to almost cylindrical"	Monopsis
