from	statement	to
1	"Awns absent; plant perennial"	"Polypogon viridis"
1	"Awns present on both glumes and sometimes on the lemma; plant annual"	2
2	"Awn on lemma longer than awns on glumes; base of spikelets prominently bearded"	"Polypogon tenellus"
2	"Awn on lemma absent or shorter than awns on glumes; base of spikelets shortly hairy or not, but never bearded"	3
3	"Lemma awnless; glumes with 2 lobes for at least ¼ of their length"	"Polypogon maritimus"
3	"Lemma with an awn 0.8–2 mm long; glumes with 2 shallow lobes"	"Polypogon monspeliensis"
