from	statement	to
1	"Leaf glabrous; petals dark-reddish, c. 20 mm long, about twice as long as the pink and white sepals"	"Caladenia menziesii"
1	"Leaf pubescent"	2
2	"Base of the column without a pair of glands"	3
2	"Base of the column with 2 sessile yellow glands"	14
3	"Perianth-segments (except the labellum) tapering into glandular-filiform tips (caudae)"	4
3	"Perianth-segments not tapering into glandular-filiform tips"	5
4	"Perianth-segments c. 50 mm long"	"Caladenia filamentosa"
4	"Perianth-segments less than 30 mm long"	"Caladenia bicalliata"
5	"Labellum distinctly 3-lobed, bearing 2Ð4 rows of calli"	6
5	"Labellum indistinctly lobed"	12
6	"Calli arranged in a semicircle at the bend of the labellum or in 2 converging rows; leaf oblong-lanceolate, more than 5 mm wide"	"Caladenia latifolia"
6	"Calli in regular longitudinal rows; leaf linear, less than 5 mm wide"	7
7	"Calli in 4 or 6 rows"	8
7	"Calli in 2 rows"	9
8	"Calli in 4 rows; dorsal sepal hooded over the column and both conspicuously bent forward"	"Caladenia cucullata"
8	"Calli in 6 rows; dorsal sepal spreading or erect like the column"	"Caladenia deformis"
9	"Mid-lobe of labellum long-acuminate, entire, completely covered by 2 rows of tightly packed reddish-black calli"	"Caladenia congesta"
9	"Mid-lobe of labellum not acuminate, apex free of calli, basally with white- or yellow-headed calli"	10
10	"Column and labellum barred with dark-red"	"Caladenia carnea"
10	"Column not barred; labellum barred or not with dark-red"	11
11	"Labellum not barred; perianth-segments white; sepals more than 1 cm long"	"Caladenia carnea"
11	"Labellum barred with dark-red; perianth-segments pink, occasionally with deep-red tints; sepals less than 1 cm long"	"Caladenia pusilla"
12	"Calli in 2 distinct rows at the base of the labellum, less regular towards the tip"	"Caladenia x tutelata"
12	"Calli in 4Ð6 ill-defined rows, giving a very hirsute appearance"	13
13	"Dorsal sepal radiating like the other perianth-segments (except labellum); segments blue (rarely white); calli long-papillate, in 4 rows on the lower half of the labellum"	"Caladenia deformis"
13	"Dorsal sepal hooded over the column; perianth-segments dark outside, white with pink tips inside; calli clubbed, in 4 rows and reaching almost to the tip of the labellum"	"Caladenia gracilis"
14	"Margins of the labellum entire or slightly toothed apically; perianth-segments 2Ð3 cm long, spreading radially except the dorsal sepal which is hooded over the column; sepal tips various"	15
14	"Margins of the labellum serrate or comb-like; perianth-segments caudate, generally drooping; sepals glandular-tipped"	20
15	"Sepals shortly acuminate, tips not glandular or clavate; calli congested in 2Ð4 rows in the lower two-thirds of the labellum"	"Caladenia cardiochila"
15	"Sepal tips glandular-clavate"	16
16	"Petal tips glandular or clavate; labellum ovate; calli in 4 rows, various"	17
16	"Petal tips not glandular nor clavate"	18
17	"Perianth-segments with filiform not dilated tips"	"Caladenia toxochila"
17	"Perianth-segments with bayonet-like dilated tips"	"Caladenia gladiolata"
18	"Labellum oblong to broad-linear, c. 2Ð3 times as long as wide (11Ð13 x c. 4.5 mm), the margins practically entire, wholly dark-purplish, with 4 rows of minute sessile calli towards the base"	"Caladenia leptochila"
18	"Labellum cordate or ovate, less than 3 times as long as wide (9Ð11 x 8Ð11 mm), margins entire or serrulate"	19
19	"Labellum cordate; lateral lobes greenish or yellowish, entire, veins hardly visible; calli flat-roped, in 4 rows"	"Caladenia clavigera"
19	"Labellum ovate; lobes purplish; veins dark, divergent; calli in 2 or 4 rows, generally small and mammillary"	"Caladenia ovata"
20	"Petals conspicuously glandular-tipped"	21
20	"Petals not glandular-tipped"	22
21	"Labellum 1.5Ð2 cm long; calli in 4Ð6 rows, linear-clubshaped, loose"	"Caladenia patersonii"
21	"Labellum to 1 cm long; calli in 4Ð8 rows, squarish, rather stout and short, imbricate"	"Caladenia x variabilis"
22	"Labellum obscurely lobed, ovate-cordate, to 20 mm long."	"Caladenia dilatata"
22	"Labellum not lobed, ovate, 9Ð13 mm long"	23
23	"Labellum lamina and apex pure white; perianth-segments cream-white, glandular tips c. 10 mm long"	"Caladenia rigida"
23	"Labellum lamina red or with a red apex or red markings; perianth-segments yellowish-green to crimson"	24
24	"Labellum with conspicuous dark divergent veins which end in long crimson linear teeth; glandular tip on sepals often to 10 mm long"	"Caladenia reticulata"
24	"Labellum without conspicuous veins, but usually with a maroon tip; margins dentate; glandular tip on sepals c. 5 mm long"	25
25	"Labellum ovate-acute; lamina flat; leaves 8Ð20 mm wide"	"Caladenia fitzgeraldii"
25	"Labellum appearing cordate, lamina hollowed by gently incurved margins; leaves 3Ð6 mm wide"	"Caladenia aff. huegelii"
