from	statement	to
1	"Flowers unisexual with male and female flowers on separate plants; staminal filaments inserted on tube just below middle; shrubs or subshrubs; leaves always obvious"	2
1	"Flowers bisexual; staminal filaments inserted on tube at throat; intricately branched subshrub, appearing leafless with many rush-like branches"	9
2	"Corolla tube internally thickened at top to form a rim (sometimes incompletely formed in L"	3
2	"Corolla tube not internally thickened at top, pubescent inside almost to base"	7
3	"Branches minutely pubescent"	4
3	"Branches glabrous to minutely papillose"	6
4	"Leaves (5-) 10 times as long as wide; lamina linear to very narrowly elliptic; margin not recurved"	"Logania linifolia"
4	"Leaves up to 3 times as long as wide; lamina narrowly ovate to obovate; margin recurved"	5
5	"Leaves elliptic to obovate, 3-8 mm long, length to width ratio 2.6-3; base attenuate"	"Logania insularis"
5	"Leaves ovate to narrowly ovate, 13-18 mm long, length to width ratio 1.8-2.6; base rounded to slightly cuneate"	"Logania scabrella"
6	"Leaves sessile and weakly stem-clasping; lamina linear to narrowly ovate; margin recurved"	"Logania recurva"
6	"Leaves shortly petiolate to almost sessile, but not stem-clasping; lamina ovate to broadly ovate or narrowly elliptic; margin not recurved"	"Logania ovata"
7	"Branches glabrous; leaf lamina concave"	"Logania saxatilis"
7	"Branches scabridulous; leaf lamina flat"	8
8	"Leaf lamina narrowly obovate; margin scabridulous"	"Logania minor"
8	"Leaf lamina obovate, broadly obovate or broadly elliptic; margin not scabridulous"	"Logania crassifolia"
9	"Branches moderately hairy; hairs minute, 0.1-0.2 mm long; corolla lobes with outer surface moderately hairy (especially near base)"	"Logania centralis"
9	"Branches glabrous, minutely papillose; corolla lobes with outer surface glabrous or with an occasional hair"	"Logania nuda"
