from	statement	to
1	"Flowers and fruits all in a globular head"	"Acaena novae-zelandiae"
1	"Flowers and fruits in an interrupted spike or mostly in a head but with 3 or 4 on the stem below"	2
2	"Fruits mostly in a head but with 3 or 4 on the stem below"	"Acaena x anserovina"
2	"Fruits in interrupted spikes"	3
3	"Leaflets with hairs confined to the major veins and/or midrib on the lower surface"	"Acaena echinata"
3	"Leaflets densely and evenly appressed pilose on the lower surface"	4
4	"Spines of the fruit more or less equal"	"Acaena agnipila"
4	"Spines of the fruit unequal, 3–6 longer than the rest"	"Acaena ovina"
