from	statement	to	shortcut
1	"Sepals unequal, 2 inner large and wing-like; stamens 8; anthers opening by apical pores"	2	
1	"Sepals subequal, 2 inner not large and wing-like; stamens 7; anthers opening by longitudinal slits"	Muraltia	"Muraltia heisteria"
2	"Capsule usually cuneate and much narrowed at the base, rarely almost orbicular; seeds not carunculate, hairs on seeds usually lengthening into a coma"	Comesperma	
2	"Capsule obovate, obcordate or ovate to orbicular; seeds carunculate, hairs on seeds not lengthening into a coma"	Polygala	
