from	statement	to
1	"Fruit a spherical berry crowned with persistent calyx (a pomegranate); stamens numerous; ovary inferior, many-locular"	"Punica:Punica granatum"
1	"Fruit a dehiscent capsule; stamens as many as the petals or twice as many; ovary superior, 2–6-locular"	2
2	"Petals less than 0.5 mm long or 0; floral tube campanulate or hemispherical in flower; capsule hyaline, dehiscing irregularly"	"Ammannia:Ammannia multiflora"
2	"Petals 1.5–8 mm long; floral tube cylindrical; capsule cartilaginous, septicidal"	Lythrum
