from	statement	to
1	"Heads sessile among the basal leaves"	"Centrolepis cephaloformis"
1	"Heads scapose"	2
2	"Leaves pilose, at least near the base"	3
2	"Leaves completely glabrous"	5
3	"Perennial; gynoecium with 2-4 carpels"	"Centrolepis fascicularis"
3	"Annuals; gynoecium with 4-7 carpels"	4
4	"Bracts glabrous"	"Centrolepis drummondiana"
4	"Bracts hairy"	"Centrolepis strigose"
5	"Leaves manifestly distichous; both bracts of the head with long leaf-like laminae"	"Centrolepis aristata"
5	"Leaves not appearing distichous; outer bract only with a leaf-like lamina"	6
6	"Bract lamina straight, no longer than the head; plant softly herbaceous"	"Centrolepis glabra"
6	"Bract lamina recurved, longer than the head; leaves wiry; bract bases hardened"	7
7	"Stamens and gynoecia 4-10 per head"	"Centrolepis eremica"
7	"Stamens and gynoecia 1 or 2 per head"	"Centrolepis polygyna"
