from	statement	to
1	"Tepals ? 2.5 mm long, floral tube ? 3 mm long; disc prominently lobed, the lobes developed into tongue-like projections, style ? 3 mm long; ripe fruit purplish, 8-12 mm long"	"Santalum lanceolatum"
1	"Tepals < 2.5 mm long, floral tube < 3 mm long; disc shallowly lobed, without tongue-like projections, style < 1 mm long; ripe fruit yellowish, brownish, reddish or bright red, 13-25 mm long"	2
2	"Endocarp more or less smooth; leaf apex obtuse to rounded (acute to minutely acuminate in young leaves); branchlets generally rigid, not pendulous; leaves green to greyish-green"	"Santalum spicatum"
2	"Endocarp rugose, deeply pitted; leaf apex narrowly acute to acuminate, frequently uncinate; branchlets often pendulous; leaves light green to yellowish-, bluish- or greyish-green"	3
3	"Leaves opposite, 3-15 mm wide; perianth persistent; ripe fruit more or less sweet"	"Santalum acuminatum"
3	"Leaves opposite, subopposite or 3-whorled, 2-5 mm wide; perianth caducous to early deciduous; ripe fruit very bitter"	"Santalum murrayanum"
