from	statement	to
1	"Flowerheads globular to ovoid"	2
1	"Flowerheads oblong-cylindrical; leaves broad-ovate to linear, entire to 3-lobed; petals fringed"	4
2	"Plants erect; leaves pinnatipartite"	3
2	"Plant prostrate; leaves simple, coarsely spiny-toothed; petals fringed"	"Eryngium vesiculosum"
3	"Inflorescence bluish tinged; leaf rhachis narrow; petals fringed"	"Eryngium rostratum"
3	"Inflorescence pale-green; leaf rhachis broad; petals entire"	"Eryngium campestre"
4	"Plants erect; leaves broad-ovate and often 3-lobed; a few leafy bracteoles protruding from the apex of the flowerheads"	"Eryngium plantagineum"
4	"Plants procumbent; leaves lanceolate to linear, entire or 3-toothed; apical bracteoles not conspicuously longer than the others"	"Eryngium supinum"
