from	statement	to
1	"Leaflets 5–7, the terminal leaflet distinctly longer than the laterals, appressed-pubescent below and glabrous above to more densely spreading-pubescent on both sides with basifixed or subbasifixed hairs, always acute; calyx pubescent with appressed, short, pale hairs or with more loosely appressed to spreading, longer, shining or dark-coloured hairs; fruit ovoid, 8–10 mm long, 5–9 mm in diam., the suture intruded about one-fourth of the diameter"	"Swainsona oroboides subsp. oroboides."
1	"Leaflets 5–13 (usually more than 9), the terminal not much longer than the laterals; fruit cylindrical, 10–20 mm long, 2–5 mm in diam., the suture intruded to the base"	2
2	"Hairs of the pubescence rather long, more or less medifixed; pubescence dense and silvery to very sparse; leaflets usually 9–11, oblanceolate or narrower to narrow-elliptic, the apex acute; inflorescence shortly racemose, the calyx with mixed dark-grey and light hairs"	"Swainsona oroboides subsp. sericea."
2	"Hairs of the pubescence basifixed or laterally attached at the base, the pubescence rather dense to sparse, occasionally silvery"	3
3	"Leaflets 7–17, usually 9–11, pubescent with loosely appressed to curved-spreading hairs on both sides, oblanceolate or broader, to narrow-oblong or cultrate; inflorescence shortly racemose, the calyx brown- or white-pubescent or with mixed hairs, the teeth equal to the tube"	"Swainsona oroboides subsp. reticulata."
3	"Leaflets 7–13, lanceolate or narrower, sparsely hirsute with curved-spreading hairs on both sides, those on the upper surface pointing inwards and towards the apex; inflorescence umbellate, the calyx pubescent with dark-brown hairs, the teeth about equal to the tube"	"Swainsona oroboides subsp. hirsuta."
