from	statement	to
1	"Corolla 9 mm long or more"	2
1	"Corolla less than 9 mm long"	4
2	"Flower predominantly white (rarely flushed pink after fertilisation); sepals 4 mm long or more; fruiting pedicel strongly recurved"	"Fumaria capreolata"
2	"Flower predominantly pink from outset; sepals less than 4 mm long; fruiting pedicel erect to slightly recurved"	3
3	"Inner petals with pale yellow median streak (becoming more prominent on drying); lower petal more than 0.5 mm wide medially; peduncle and pedicel rather stout; pedicel remaining erect in fruit; fruit rather straight-sided, truncate at base, distinctly tuberculate-rugulose at maturity"	"Fumaria bastardii"
3	"Inner petals not or rarely with median yellow streak; lower petal less than 0.5 mm wide medially; peduncle and pedicel slender; pedicel commonly spreading to slightly recurved in fruit; fruit rounded, smooth to minutely tuberculate"	"Fumaria muralis subsp. muralis"
4	"Sepals less than 1.5 mm (usually less than 1 mm) long; bracts exceeding flowering pedicel"	5
4	"Sepals more than 1.5 mm long; bracts longer or shorter than flowering pedicel"	6
5	"Flowers white (sometimes becoming flushed red after fertilisation), rarely distinctly pink and then inner petals without dark purplish apex; largest leaf segments to c. 0.5 mm wide, very rarely more in aberrant plants"	"Fumaria parviflora"
5	"Flowers pink from outset; largest leaf segments more than 0.5 mm wide"	"Fumaria indica"
6	"Sepals broadly ovate to subrotund, wider than corolla; bracts exceeding flowering pedicel"	"Fumaria densiflora"
6	"Sepals ovate, narrower than corolla; bracts shorter than or equal to flowering pedicel"	7
7	"Inner petals with median yellow streak; pedicel remaining erect in fruit; fruit rather straight-sided, truncate at base, distinctly tuberculate-rugulose"	"Fumaria bastardii"
7	"Inner petals not or rarely with median yellow streak; pedicel commonly arcuate and spreading in fruit; fruit rounded, smooth to minutely tuberculate"	"Fumaria muralis subsp. muralis"
