from	statement	to
1	"Anthers 2–6 (usually 4–5) mm long"	2
1	"Anthers more than 0.5 mm long, but some flowers with occasional smaller anthers"	3
2	"Mature capsule usually a light creamy-brown"	"Luzula flaccida"
2	"Mature capsule reddish- or purple-brown"	"Luzula densiflora"
3	"Tufts bulbous at the base, slender; flowering stems c. 20–30 cm tall"	"Luzula meridionalis"
3	"Tufts not bulbous at the base, always robust if flowering stems more than 20 cm tall"	4
4	"Plants long-rhizomatous; inflorescence an oblong head with a few sessile lower clusters"	"Luzula australasica"
4	"Plants tufted, rarely rhizomatous; inflorescence of several more or less pedunculate ovate heads or a single ovate cluster"	"Luzula flaccida"
