from	statement	to
1	Stamens	2
1	"Stamens 2 or"	9
2	"Stem glabrous"	3
2	"Stem hairy"	6
3	"Silicula hairy"	"Lepidium latifolium"
3	"Silicula glabrous"	4
4	"Plant herbaceous"	"Lepidium sativum"
4	"Plant shrubby"	5
5	"Leaves entire; plant eremaean"	"Lepidium strongylophyllum"
5	"Leaves dentate or further divided; plant coastal"	"Lepidium foliosum"
6	"Leaves markedly dimorphic"	"Lepidium perfoliatum"
6	"Leaves similar or gradually changing"	7
7	"Silicula with the wing broad to the base; notch about one- third of the fruit length"	"Lepidium rotund"
7	"Silicula winged in the upper half; notch less than one-third of the fruit length"	8
8	"Petals less than 5 mm long"	"Lepidium phlebopetalum"
8	"Petals more than 5 mm long"	"Lepidium leptopetalum"
9	"Stamens usually"	10
9	"Stamens usually"	13
10	"Leaves auriculate or sagittate at the base"	11
10	"Leaves attenuate at the base"	12
11	"Stem with papillae or vesicular hairs"	"Lepidium papillosum"
11	"Stem with acicular hairs"	"Lepidium oxytrichum"
12	"Silicula wings acute"	"Lepidium monoplocoides"
12	"Silicula wings obtuse"	"Lepidium pseudopapillosum"
13	"Inflorescence a corymb, not elongating"	"Lepidium fasciculatum"
13	"Inflorescence an elongating raceme"	14
14	"Leaf bases auriculate or sagittate"	15
14	"Leaf bases attenuate"	18
15	"Pedicels hairy"	"Lepidium pseudotasmanicum"
15	"Pedicels glabrous"	16
16	"Stems glabrous (except leaf axils)"	"Lepidium sagittulatum"
16	"Stems hairy"	17
17	"Stems puberulent"	"Lepidium hyssopifolium"
17	"Stems with reflexed hairs"	"Lepidium desvauxii"
18	"Pedicels glabrous"	"Lepidium pseudohyssopifolium"
18	"Pedicels hairy"	19
19	"Plant pubescent with long obtuse-tipped hairs"	"Lepidium muelleri-ferdinandi"
19	"Plant glabrous or puberulent"	20
20	"Upper leaves serrate and partly dissected; plant puberulent"	"Lepidium bonariense"
20	"Upper leaves entire or dentate but not dissected, if pinnately lobed then plant almost glabrous"	21
21	"Pedicel shorter than or equal to the silicula, arcuate"	"Lepidium africanum"
21	"Pedicel longer than the silicula, straight"	22
22	"Silicula 2–2.25 mm long"	"Lepidium pseudoruderale"
22	"Silicula 2.5–3 mm long"	"Lepidium pseudotasmanicum"
