from	statement	to
1	"Pits on the mericarp at the base of the awns with large glandular hairs"	2
1	"Pits on the mericarp without glandular hairs"	4
2	"Leaves pinnately compound"	"Erodium moschatum"
2	"Leaves lobed or ternate"	3
3	"Leaves ovate, slightly lobed; sepal awn c. 1 mm long"	"Erodium malacoides"
3	"Leaves ovate-oblong, deeply lobed to ternate-compound; sepal awn c. 0.5 mm long"	"Erodium aureum"
4	"Leaves pinnate-compound, the leaflets deeply dissected"	"Erodium cicutarium"
4	"Leaves deeply lobed to pinnatisect or ternate"	5
5	"Hairs of the calyx mostly eglandular"	6
5	"Hairs of the calyx glandular"	8
6	"Hairs of the calyx not appressed"	"Erodium crinitum"
6	"Hairs of the calyx appressed"	7
7	"Lateral lobes of the leaf 4–6, oblong to narrow-oblong; pedicels pubescent"	"Erodium angustilobum"
7	"Lateral lobes of the leaf oblong to obovate, only the lowest two cut to the midrib; pedicels glabrous"	"Erodium cygnorum subsp. Cygnorum"
8	"Hairs on the stem coarse and eglandular towards the base; leaves pinnate-lobed or dissected"	9
8	"Hairs on the stem glandular; leaves ternately lobed"	"Erodium cygnorum subsp. Glandulosum"
9	"Pit on the mericarp at the base of the awn hirsute, with an obtuse rim; awn to 8.5 cm long"	"Erodium brachycarpum"
9	"Pit on the mericarp at the base of the awn glabrous, with an acute chartaceous rim; awn usually longer than 8.5 cm"	"Erodium botrys"
