from	statement	to
1	"Leaf margins without spines"	2
1	"Margins of leaves with spines, 2-30 mm long"	5
2	"Median involucral bracts terminating in a sharp spine"	Centaurea
2	"Median involucral bracts not spinose or recurved"	3
3	"Leaf margins with multicellular glochidiate hairs"	Crupina
3	"Leaf margins lacking multicellular glochidiate hairs"	4
4	"Appendages of median involucral bracts entire or erose, without conspicuous cilia"	Rhaponticum
4	"Appendages of median involucral bracts with conspicuous cilia"	Centaurea
5	"Stem extremely short, flowers borne at ground level"	Onopordum
5	"Stem elongate, flowers aerial"	6
6	"Stem with spinose wings formed by decurrent leaf bases"	7
6	"Stem not winged, not spinose"	10
7	"Upper surface of leaves with many stiff spinules, mostly 0.8-2 mm long on cauline leaves (often longer on rosette leaves)"	Cirsium
7	"Upper surface of leaves without spinules"	8
8	"Reduced cauline leaves surrounding and exceeding capitula; outer and median involucral bracts with pinnatisect terminal appendage; leaf marginal spines yellow to golden, 6-13 mm long"	Picnomon
8	"No cauline leaves surrounding capitula; outer and median involucral bracts without terminal appendage; leaf marginal spines white to yellow-brown, 2-7 (-10) mm long"	9
9	"Receptacle not alveolate, setae dense and obvious"	Carduus
9	"Receptacle deeply alveolate, without setae"	Onopordum
10	"Leaves pinnatisect, segments divided almost to midrib, undersides densely white-tomentose"	Cynara
10	"Leaves lobed but never pinnatisect; undersides of leaves glabrous or hairy, but never white-tomentose"	11
11	"Leaf upper surface variegated (with a network of white markings); bases of cauline leaves auriculate; filaments connate (forming a tube)"	Silybum
11	"Leaf upper surface uniform in colour, or sometimes with pale mid-vein; bases of cauline leaves not auriculate; filaments free throughout"	12
12	"Cauline leaves almost indistinguishable from the outer involucral bracts"	Carthamus
12	"Cauline leaves readily distinguishable from involucral bracts"	Cirsium
