from	statement	to
1	"Corolla lobes 5 (rarely 4), acute to attenuate, 0.5–0.8 mm long; anther cells 0.6–1.5 mm long"	2
1	"Corolla lobes 3 or 4 (exceptionally 5), obtuse to subacute, 0.2–0.3 mm long; anther cells 0.3–0.4 mm long"	3
2	"Leaves narrowly oblanceolate; florets cream"	"Millotia myosotidifolia"
2	"Leaves narrowly linear to filiform; florets bright-yellow"	"Millotia greevesii"
3	"Indumentum of woolly hairs only; achenes c. 10 mm long, the beaks exceeding the involucre; pappus of subplumose setae"	"Millotia macrocarpa"
3	"Indumentum of woolly and straight hairs; achenes 4–6 rarely 7.5 mm long, the beaks subequal to the involucre; pappus of scales or barbellate setae"	"Millotia tenuifolia"
