from	statement	to
1	"Awns 0–0.5 mm long on the majority of spikelets"	2
1	"Awns more than 3 mm long on the majority of spikelets"	3
2	"Annual or perennial; lemma at least 80% of glume length (only recorded from the SE)"	"Lachnagrostis scabra"
2	"Perennial; lemma up to 70% of glume length (only recorded from the NL)"	"Lachnagrostis limitanea"
3	"Lemma glabrous or scabrid on the back"	4
3	"Lemma long-hairy on the back"	6
4	"Leaf blades 2–8 mm broad; ligule 4–8 mm long"	"Lachnagrostis billardieri subsp. billardieri"
4	"Leaf blades 0.5–3 mm broad; ligule 0.5–2 mm long"	5
5	"Awn 4.5–10 mm long, inserted near the base"	"Lachnagrostis punicea var. filifolia"
5	"Awn 3.5–4 mm long, inserted about a third of the lemma’s length from its base"	"Lachnagrostis robusta"
6	"Spikelets 2–4 mm long"	"Lachnagrostis filiformis"
6	"Spikelets 4–7 mm long"	7
7	"Lemma 1.8–3 mm long; leaf blades flat, 2–7 mm broad"	"Lachnagrostis aemula"
7	"Lemma 3–3.5 mm long; leaf blades rolled, c. 1 mm broad"	"Lachnagrostis punicea var. punicea"
