from	statement	to
1	"Leaves ligulate (sheaths and blades separated from each other by a fringe of short hairs or a membranous projection)"	2
1	"Leaves eligulate (sheaths on the inner side gradually passing into the  blades)"	3
2	"Glumes hairy, at least in the apical part"	"Fimbristylis sieberiana"
2	"Glumes glabrous"	"Fimbristylis dichotoma"
3	"Base of the style fringed with a whorl of long pendent hairs covering at least the upper half of the nut"	"Fimbristylis velata"
3	"Style base glabrous or microscopically ciliolate"	"Fimbristylis aestivalis"
