from	statement	to
1	"Each fertile spikelet surrounded by 6 sterile spikelets"	"Phalaris paradoxa"
1	"Spikelets all similar"	2
2	"Inflorescence more sparse towards the base; glumes keeled but not conspicuously winged"	3
2	"Inflorescence uniformly dense throughout its length; glumes conspicuously winged"	4
3	"Leaves uniformly green"	"Phalaris arundinacea var. arundinacea"
3	"Leaves with yellow longitudinal banding"	"Phalaris arundinacea var. picta"
4	"Sterile lemmas similar, more than 2 mm long"	"Phalaris canariensis"
4	"Sterile lemmas less than 1.5 mm long, the lower often absent or vestigial"	5
5	"Perennial with a rhizome; glume keel entire"	"Phalaris aquatica"
5	"Annual without a rhizome; glume keel usually toothed towards the apex"	"Phalaris minor"
