from	statement	to
1	"Leaves palmately divided to the base"	"Ipomoea cairica"
1	"Leaves entire or lobed"	2
2	"Corolla > 3 cm long; peduncle long, exceeding the pedicel"	3
2	"Corolla < 3 cm long; peduncle shorter than the pedicel, often ± absent"	6
3	"Sepals > 12 mm long"	4
3	"Sepals < 12 mm long"	5
4	"Corolla violet-blue with a paler throat; sepals hairy; ovary 3-celled"	"Ipomoea indica"
4	"Corolla white with a red-purple centre; sepals glabrous; ovary 2-celled"	"Ipomoea pandurata"
5	"Shrub with erect or ascending branches; corolla 5–9 cm long"	"Ipomoea carnea"
5	"Vine with trailing and twining stems; corolla < 5 cm long"	"Ipomoea muelleri"
6	"Erect or decumbent herb; corolla pink to purple, glabrous"	"Ipomoea polymorpha"
6	"Stems twining or trailing; corolla white"	7
7	"Sepals and corolla glabrous; stems coarse, glabrous, trailing"	"Ipomoea diamantinensis"
7	"Sepals ciliate; mid-petaline band hairy; plants hairy"	8
8	"Stems twining; leaves cordate"	"Ipomoea racemigera"
8	"Stems trailing; leaves attenuate or barely truncate at the base"	"Ipomoea lonchophylla"
