from	statement	to
1	"Fruit with 5 more or less horizontal wings surrounding the upper perianth"	2
1	"Fruit with a single wing surrounding the upper perianth (accessory wings on the tube or upper perianth may also be present)"	8
2	"Fruit with erect processes arising from the upper perianth"	"Maireana lobiflora"
2	"Fruit without erect processes"	3
3	"Leaves sericeous; fruit densely silky-lanate, c. 10 mm diam"	"Maireana eriantha"
3	"Leaves and flowers not as above"	4
4	"Flowers in pairs; tube of the fruit more or less flat or very shallow"	5
4	"Flowers solitary; wings glabrous"	6
5	"Wings more or less glabrous, pungent, woody"	"Maireana luehmannii"
5	"Wings densely woolly"	"Maireana scleroptera"
6	"Wings thin, obovate to fan-shaped"	7
6	"Wings small, imbricate, lunate, incurved or inflated on the margins; slender perennial to 0.3 m high"	"Maireana enchylaenoides"
7	"Wings equal and horizontal; leaves alternate; flowers hermaphrodite"	"Maireana brevifolia"
7	"Two of the 5 wings smaller and suberect; leaves often opposite; plants usually dioecious"	"Maireana oppositifolia"
8	"Fruit small (under 5 mm diam.), more or less densely silky-pilose; tube almost flat and continuous with the narrow wing; small perennials"	9
8	"Fruit (including wing) mostly over 5 mm diam. or if smaller not silky-pilose"	11
9	"Upper surface of the fruit with an erect cup-shaped outgrowth"	"Maireana coronata"
9	"Fruit without such an outgrowth"	10
10	"Fruit 2.5-4 mm diam., upper surface with a pentagonal-shaped ridge"	"Maireana pentagona"
10	"Fruit c. 4 mm diam., upper surface with 5 narrow radial ridges extending from near the centre to the edge of the wing"	"Maireana ciliata"
11	"Fruit enveloped in long dense wool"	"Maireana carnosa"
11	"Fruit not enveloped in long wool"	12
12	"Fruit glabrous, with a large rounded soft spongy tube; upper perianth more or less flat"	13
12	"Fruit not with the above characters combined"	14
13	"Branches with a pale-fawn indumentum of branched hairs; leaves very slender, glaucous; horizontal wing not decurrent on the tube"	"Maireana campanulata"
13	"Branches with a white woolly indumentum of simple hairs; leaves fleshy, narrowly terete or fusiform; horizontal wing attached by a short decurrent wing to the tube"	"Maireana spongiocarpa"
14	"1-5 vertical wings on the tube"	15
14	"No vertical wings on the tube"	18
15	"Plant glabrous (or almost so)"	"Maireana triptera"
15	"Plant hairy, at least on the branches"	16
16	"Leaves villous; perianth lobes erect and longer than the tube"	"Maireana schistocarpa"
16	"Leaves glabrous; perianth lobes not erect"	17
17	"Vertical wings running the length of the tube and united at the apex to the horizontal wing; perianth lobes prominently woolly-ciliate"	"Maireana erioclada"
17	"Vertical wings often present only towards the base of the tube; perianth lobes arched and prominently tomentose"	"Maireana pentatropis"
18	"Vertical processes present on the upper perianth"	"Maireana lanosa"
18	"No vertical processes above the wing"	19
19	"Plant glabrous (apart from axillary tufts of wool); slender lax plants"	20
19	"Plant variously hairy"	22
20	"Upper perianth convex; wing of the mature fruit straw-coloured when dry"	"Maireana aphylla"
20	"Upper perianth more or less flat; fruit pale-brown when dry"	21
21	"Leaves slender-fusiform on flowering branches; flowers minutely bracteolate"	"Maireana suaedifolia"
21	"Leaves terete; flowers ebracteolate"	"Maireana decalvans"
22	"Leaves opposite; tube dish-shaped; leaves sessile by a broad base, apex recurved; wing c. 6 mm diam."	"Maireana cannonii"
22	"Leaves all or mostly scattered"	23
23	"Wing of the fruit glabrous"	24
23	"Wing of the fruit pubescent above"	47
24	"Upper perianth flat or slightly concave or convex"	25
24	"Upper perianth columnar in form, with large erect lobes"	46
25	"Tube of the fruit abruptly narrowed at the base into a prominent terete stipe, 2-3 (rarely 1) mm long"	26
25	"Tube not as above"	27
26	"Upper perianth convex, open in the centre to expose the utricle"	"Maireana aphylla"
26	"Upper perianth flat or slightly sunken, completely covering the utricle"	"Maireana appressa"
27	"Tube expanded into a hollow spongy base; perennial herb"	"Maireana excavata"
27	"Tube not (or scarcely) expanded at the base"	28
28	"Wing of the fruit with a radial (radicular) slit"	29
28	"Wing of the fruit continuous (i.e. with-out a radial slit); leaves semiterete"	43
29	"Leaves, branches and flowers closely tomentose with branched hairs; leaves obovoid; tube and the convex upper perianth of the fruit pubescent"	"Maireana astrotricha"
29	"Leaves and branches with more or less simple hairs or glabrous"	30
30	"Fruit large (wing c. 15 mm diam. or more); tube thick-walled, turbinate"	"Maireana georgei"
30	"Fruit with a wing 5-14 mm diam.; tube not thick-walled"	31
31	"Tube of the fruit pubescent; upper perianth more or less flat; leaves obovoid, fleshy"	"Maireana sedifolia"
31	"Tube of the fruit glabrous; leaves various"	32
32	"Leaves flattened, linear to obovate"	33
32	"Leaves terete, semiterete or obovoid"	34
33	"Leaves linear, appressed-villous; upper perianth glabrous; wing with radial anastomosing veins when dry"	"Maireana villosa"
33	"Leaves narrowly to broadly obovate, pubescent with curled hairs; upper perianth pubescent; wing without obvious nerves"	"Maireana planifolia"
34	"Fruit produced into a short terete hollow stipe at the base, straw-coloured when dry"	35
34	"Fruit without a stipe-like base"	36
35	"Open divaricately branched shrub; branches striate and often spinescent; upper perianth convex and open in the centre"	"Maireana aphylla"
35	"Branches more or less ascending, neither spinescent nor striate; upper perianth flat or sunken and completely covering the utricle"	"Maireana appressa"
36	"Upper perianth with a convex disc, open in the centre; wing not prominently crenulated"	37
36	"Upper perianth more or less flat, concave, of if convex then closed in the centre"	38
37	"Stem striate; leaves sessile, woolly to glabrescent"	"Maireana aphylla"
37	"Stem not obviously striate, leaves narrowed at the base, glabrous"	"Maireana rohrlachii"
38	"Upper perianth tomentose; wing with fine but obvious radiating nerves"	"Maireana radiata"
38	"Fruit glabrous or sparsely villous"	39
39	"Leaves tomentose"	40
39	"Leaves glabrous or sparsely villous; fruit brown when dry"	41
40	"Fruit straw-coloured when dry and with a short hollow stipe"	"Maireana appressa"
40	"Fruit almost black when dry, sessile"	"Maireana melanocarpa"
41	"Upper perianth closed in the centre; tube firm"	"Maireana microcarpa"
41	"Upper perianth open in the centre (exposing the utricle); tube weak"	42
42	"Wing 11-16 mm diam., often undulate"	"Maireana rohrlachii"
42	"Wing c. 8 mm diam., flat"	"Maireana decalvans"
43	"Fruit large, wing c. 15 mm diam.; tube turbinate, smooth"	"Maireana turbinata"
43	"Fruit small, wing 11 mm or less in diam.; tube hemispherical to cup-shaped"	44
44	"Leaves 2-5 mm long, appressed on younger branches; wing 4-6 mm diam."	"Maireana ovata"
44	"Leaves over 5 mm long, spreading; wing usually 8-10 mm diam."	45
45	"Upper perianth pubescent"	"Maireana integra"
45	"Upper perianth glabrous (or almost so) apart from the ciliate lobes"	"Maireana tomentosa"
46	"Leaves 2-6 mm long, shortly pubescent; no vertical wings on the tube"	"Maireana pyramidata"
46	"Leaves 5-12 mm long, appressed-villous; tube with a narrow vertical wing"	"Maireana schistocarpa"
47	"Upper perianth erect and columnar"	"Maireana schistocarpa"
47	"Upper perianth not erect"	"Maireana trichoptera"
