from	statement	to
1	"Flowers in very dense heads, sessile; epicalyx longer than the calyx."	"Lasiopetalum discolor"
1	"Flowers in lax or slightly congested groups, distinctly pedicellate; epicalyx usually shorter than the calyx"	2
2	"Style with reflexed hair-clusters; epicalyx of 1–3 segments; leaves lanceolate to broad-ovate"	"Lasiopetalum schulzenii"
2	"Style glabrous; epicalyx of 3 segments; leaves linear to oblong-lanceolate"	3
3	"Calyx glabrous inside"	"Lasiopetalum behrii"
3	"Calyx tomentose inside"	4
4	"Epicalyx about as long as the fused part of the calyx"	"Lasiopetalum baueri"
4	"Epicalyx about as long as the calyx"	"Lasiopetalum x tepperi"
