from	statement	to
1	"Leaves sessile, usually subpatent (sometimes spreading to recurved), ovate to narrowly ovate, 1.9–5.2 rarely 9.8 mm long, subpungent with a mucro c. 0.8 mm long; corolla white with dots on the inner surface; staminodal filaments glabrous; shrub intricate"	"Westringia rigida"
1	"Leaves with a petiole 0.3–0.7 mm long, spreading to recurved, ovate, narrowly ovate, narrowly oblong to linear, 6–26 rarely 4–40 mm, usually with a mucro 0.3–0.5 mm long; corolla white, purple, lilac or mauve, dots present or absent; staminodal filaments hairy, at least at the base; shrub with suberect to spreading branches"	2
2	"Leaf lamina 13–26 rarely 8–40 mm long, 1–3 mm wide; petiole 0.3–0.5 mm long; calyx lobes 0.8–1.9 rarely 0.5 mm long; corolla 8–12 mm long; corolla lower median lobe-pair 7.2–8 mm long, 6.4–8 mm wide; sterile anther lobes 0.9–1 mm long; calyx lobe to tube ratio 0.1–0.5 rarely 0.6"	"Westringia dampieri"
2	"Leaf lamina 6–12 rarely 4–15 mm long, 0.6–1.3 mm wide; petiole 0.5–0.7 mm long; calyx lobes 1.3–5.3 rarely 1 mm long; corolla 6.5–8.5 mm long; corolla lower median lobe-pair 2.6–3.8 mm long, 2.6–3.9 mm wide; sterile anther lobes 0.6–0.8 mm long; calyx lobe to tube ratio 0.3–0.6 rarely to 0.9"	"Westringia eremicola"
