from	statement	to
1	"Plant with branched hairs"	2
1	"Plant glabrous or with papillae or simple hairs"	4
2	"Hairs sessile, 2-fid"	"Stenopetalum nutans"
2	"Hairs irregularly branched or stellate"	3
3	"Leaves entire or remotely dentate; all parts of the plant usually densely hairy"	"Stenopetalum velutinum"
3	"Leaves of lower stem pinnatisect to trisect; upper parts of plant glabrous or sparsely hairy"	"Stenopetalum lineare"
4	"Fruiting pedicels erect to spreading"	"Stenopetalum anfractum"
4	"Fruiting pedicels horizontal to pendulous"	"Stenopetalum sphaerocarpum"
