from	statement	to
1	"Leaves rather large and broadly lanceolate to orbicular"	2
1	"Leaves narrow (linear to lanceolate) and usually small, often caducous"	3
2	"Leaves cordate, margins crisped or serrate"	"Muehlenbeckia adpressa"
2	"Leaves hastate, margins entire, sometimes undulate"	"Muehlenbeckia gunnii"
3	"Leaves absent or a few on older branches; nuts trigonous"	4
3	"Leaves usually numerous, but often decreasing in size towards the apex of young branches; nuts trigonous to subglobular"	5
4	"Flowers in distant clusters along branches; female perianth fleshy; fruits sessile"	"Muehlenbeckia coccoloboides"
4	"Flowers in distinct racemes or panicles; female perianth herbaceous; fruits shortly pedicellate"	"Muehlenbeckia cunninghamii"
5	"Nuts subglobular; branches ascending, not spine-tipped; leaves mostly 1 at each node"	"Muehlenbeckia diclina"
5	"Nuts quadrangular; divaricately branched, the branches more or less spine-tipped; leaves fascicled"	"Muehlenbeckia horrida"
