from	statement	to
1	"Leaves on sterile shoots tightly rolled, appearing cylindrical, up to l mm across"	2
1	"Leaves all flat at least when fresh, at least 1.5 mm across"	3
2	"2nd glume 6–9 mm long; awn 3–15 mm long"	"Festuca benthamiana"
2	"2nd glume 3.5–5 mm long; awn 0.5–3 mm long"	"Festuca rubra"
3	"The shorter of the two branches from the lowest panicle node with 4 or more spikelets"	"Festuca arundinacea"
3	"The shorter of the two branches from the lowest panicle branch with 1–3 spikelets"	"Festuca pratensis"
