from	statement	to
1	"Siliqua erect; pedicels closely appressed to the stem"	"Sisymbrium  officinale"
1	"Siliqua spreading from spreading pedicels"	2
2	"Flowers large; petals more than 6 mm long"	"Sisymbrium  orientale"
2	"Flowers small; petals less than 6 mm long"	3
3	"Siliqua curved, spreading; pedicels slender, 6–10 mm long; petals more than 2.5 mm long"	"Sisymbrium  trio"
3	"Siliqua straight, horizontal; pedicels thick, 2–3 mm long; petals less than 2.5 mm long"	"Sisymbrium  erysimoides"
