from	statement	to
1	"Plants dioecious"	2
1	"Plants monoecious; flowers bisexual"	3
2	"Petals usually white; glandular-hairy on the upper part of the plant; calyx nerves 10 in male, 20 in female"	"Silene pratensis"
2	"Petals usually a bright pink or red; plant hispid-pilose; calyx nerves 10 in both male and female"	"Silene dioica"
3	"Fruiting calyx bladdery, 20–30-nerved"	4
3	"Fruiting calyx not bladdery, 10-nerved"	5
4	"Calyx globular, glabrous"	"Silene vulgaris"
4	"Calyx conical, hairy"	"Silene conica"
5	"Calyx cylindrical or ovoid; carpophore very short; flowers numerous"	6
5	"Calyx clavate; carpophore as long as the capsule"	"Silene schafta"
6	"Calyx cylindrical"	"Silene nocturna"
6	"Calyx ovoid"	7
7	"Flowers erect, in simple racemes"	8
7	"Flowers spreading or drooping, in branched racemes"	"Silene dichotoma"
8	"Calyx pubescent on the nerves only; seeds winged, undulate"	"Silene apetala"
8	"Calyx pubescent all over; seeds reniform, tuberculate"	"Silene gallica"
