from	statement	to
1	"Leaves decussate"	2
1	"Leaves alternate or verticillate, rarely ternate"	14
2	"Flowers in clusters of 1–8 monads on a very short axis"	3
2	"Flowers in spikes (often on an elongated axis) or in heads, in monads or triads"	7
3	"Flower clusters axillary or lateral on old stems"	4
3	"Flower clusters terminal or pseudoterminal on leafy branchlets"	6
4	"Stamen filaments pink"	"Melaleuca wilsonii"
4	"Stamen filaments white or yellow"	5
5	"Leaves linear-lanceolate, thickened and punctate-glandular at the margin"	"Melaleuca oxyphylla"
5	"Leaves narrow-elliptic, not thickened at the margin, punctate-glandular below"	"Melaleuca acuminata subsp. acuminata"
6	"Calyx lobes developing into woody teeth (sepaline teeth) in fruit; fruit 6–7.6 mm wide; calyx lobes 2.5–3.3 mm long; leaf oil glands moderately sparse"	"Melaleuca cuticularis"
6	"Calyx lobes weathering away or persistent (at length the basal c. ¼ may persist as undulations or very blunt teeth on the fruit rim); fruit 3.5–5.5 mm wide; calyx lobes 1–2 mm  long; leaf oil glands moderately dense"	"Melaleuca halmaturorum"
7	"Mature fruits immersed in an inflated infructescence axis"	8
7	"Mature fruits not immersed in an inflated infructescence axis"	9
8	"Leaves narrowly to very narrowly obovate or narrowly to very narrowly elliptic, 4.5–15 mm long"	"Melaleuca decussata"
8	"Leaves ovate to obovate, 2–6 mm long"	"Melaleuca gibbosa"
9	"Flowers in triads"	10
9	"Flowers in monads"	12
10	"Leaves sessile, the veins not distinguishable on the abaxial surface"	11
10	"Leaves petiolate (petiole 0.5–2 mm long), the veins prominent on the abaxial surface"	"Melaleuca squarrosa"
11	"Calyx lobes developing into woody teeth (sepaline teeth) in fruit; petals caducous, broadly obovate or subcircular"	"Melaleuca eleuterostachya"
11	"Calyx lobes weathering away (at length the basal portion may persist as undulations on the fruit rim); petals deciduous, broadly ovate"	"Melaleuca quadrifaria"
12	"Staminal filaments, pink, mauve or red"	13
12	"Staminal filaments white"	"Melaleuca trichostachya"
13	"Leaf veins 3, the venation parallel to parallel-pinnate"	"Melaleuca fulgens subsp. corrugata"
13	"Leaf veins 10–20, the venation pinnate"	"Melaleuca hypericifolia"
14	"Stamens fused at the base, usually in distinct bundles (if bundles obscure then filaments 13–26 mm long and red to crimson)"	15
14	"Stamens free throughout their length"	31
15	"Staminal filaments white, cream or yellow or greenish"	16
15	"Staminal filaments purple to pink or red to crimson"	30
16	"Leaves scale-like, sessile and peltately attached"	"Melaleuca nanophylla"
16	"Leaves not scale-like, petiolate"	17
17	"Flowers in lateral clusters of 1–6 on a very short axis which does not grow on"	"Melaleuca brevifolia"
17	"Flowers in terminal or lateral spikes or heads; axis usually growing on during or after flowering"	18
18	"Fruits more or less compressed in dense globular heads"	19
18	"Fruits in spikes or loose clusters, not compressed"	22
19	"Staminal filaments white or yellow, flowers in triads; leaves usually more than 10 mm long"	20
19	"Staminal filaments pink to purple, flowers in monads; leaves usually less than 10 mm long"	"Melaleuca squamea"
20	"Leaf apex distinctly recurved"	21
20	"Leaf apex straight"	"Melaleuca glomerata"
21	"Leaves in transverse section usually quadrate, sometimes transversely oblong; petals deciduous; infructescence 7–13 mm wide"	"Melaleuca uncinata"
21	"Leaves in transverse section usually transversely elliptic, subcircular, sometimes quadrate or depressed obovate; petals caducous; infructescence 3.8–8 mm wide"	"Melaleuca interioris"
22	"Flowers in monads"	23
22	"Flowers in triads"	29
23	"Stamens 10–35 per bundle (if more than 30 then petals not more than 2 mm long)"	24
23	"Stamens 34–105 per bundle (petals 2.5 mm long or more)"	"Melaleuca trichostachya"
24	"Staminal bundle claw up to 4.5 mm long"	25
24	"Staminal bundle claw 4.7–7 mm long"	"Melaleuca armillaris"
25	"Leaves distinctly, but sometimes shortly, petiolate"	26
25	"Leaves sessile"	"Melaleuca bracteata"
26	"Calyx lobes deciduous or weathering away in fruit, rarely developing into sepaline teeth"	27
26	"Calyx lobes persistent in fruit"	"Melaleuca dissitiflora"
27	"Leaf oil glands in rows or more or less so"	28
27	"Leaf oil glands scattered"	"Melaleuca leiocarpa"
28	"Style straight or more or less so; fruit 3–5.3 mm long"	"Melaleuca pauperiflora"
28	"Style hooked or flexuous; fruit 2–3.5 mm long"	"Melaleuca xerophila"
29	"Stamens mostly in bundles of 15–28"	"Melaleuca bracteata"
29	"Stamens mostly in bundles of 6–14 (–20)"	"Melaleuca lanceolata"
30	"Staminal filaments purple to pink, 5–8 mm long"	"Melaleuca squamea"
30	"Staminal filaments red to crimson, 13–26 mm long"	"Melaleuca viminalis"
31	"Stamens up to 12 mm long"	32
31	"Stamens more than 15 mm long"	33
32	"Staminal filaments red; anthers yellow; leaves subreniform to depressed obovate in transverse section"	"Melaleuca brachyandra"
32	"Staminal filaments cream, yellow or pink; anthers pink, leaves transversely linear or more or less so"	"Melaleuca paludicola"
33	"Leaves circular or more or less so in transverse section"	"Melaleuca orophila"
33	"Leaves transversely linear or more or less so in transverse section"	"Melaleuca rugulosa"
