from	statement	to
1	"Woody shrubs; anterior calyx lobes broadly lobed; corolla rusty- brown"	"Salvia aurea"
1	"Annual herb or perennials with a tough basal rosette; anterior calyx lobes spine-tipped or mucronate; corolla purple, blue to white"	2
2	"Annual shrublets; leaves entire or with distant serrations"	"Salvia reflexa"
2	"Biennials to perennials with a basal rosette; leaves lobed and/or densely serrate to crenate"	3
3	"Stems woolly with coiled hairs; bracts spine-tipped"	"Salvia aethiopis"
3	"Stems more or less hairy with spreading hairs; bracts without spines"	"Salvia verbenaca"
