from	statement	to
1	"Leaves trigonous; fruits fleshy and indehiscent"	2
1	"Leaves flat to terete, if trigonous then fruits dry and dehiscent"	3
2	"Styles 6-11; fruit 6-1 l-celled"	Carpobrotus
2	"Styles 4 or 5; fruit 4- or 5-celled"	Sarcozona
3	"Petaloid staminodes present"	4
3	"Petaloid staminodes"	11
4	"Leaves strongly flattened and petiolate, if subterete then petaloid staminodes white and placentas axile"	5
4	"Leaves terete or trigonous; flowers almost always distinctly pedunculate; placentas parietal"	8
5	"Papillae absent; woody perennial"	Psilocaulon
5	"Papillae numerous on young parts; herbaceous or fleshy and usually annual or biennial"	6
6	"Petaloid staminodes white; uppermost leaves usually alternate"	Mesembryanthemum
6	"Petaloid staminodes yellow or purple; leaves all opposite"	7
7	"Flowers axillary"	Aptenia
7	"Flowers terminal"	Micropterum
8	"Flowers in branched inflorescences"	Ruschia
8	"Flowers solitary"	9
9	"Petaloid staminodes pink; plants prostrate"	10
9	"Petaloid staminodes yellow-orange; plants erect shrubs"	Lampranthus
10	"Perianth lobes c. 3 mm long"	Drosanthemum
10	"Perianth lobes 12-20 mm long"	Disphyma
11	"Fruit a capsule dehiscing by valves which open when wet"	Gunniopsis
11	"Fruit dry or succulent, indehiscent or dehiscent by longitudinal slits or circumsciss"	12
12	"Leaves opposite"	13
12	"Leaves basal, alternate, fascicled or whorled"	14
13	"Perianth c. 2 mm long; styles and ovary cells 2"	Zaleya
13	"Perianth c. 4-7 mm long; styles and ovary cells 1"	Trianthema
14	"Fruit indehiscent; ovary half-inferior"	Tetragonia
14	"Fruit dehiscent; ovary superior"	15
15	"Ovules and seeds 1 per cell; leaf apices usually recurved"	Galenia
15	"Ovules and seeds several per cell; leaf apices not recurved"	16
16	"Leaves linear; flowers on capillary peduncles"	Mollugo
16	"Leaves oblong or oblanceolate to orbicular; flowers shortly pedunculate"	Glinus
