from	statement	to
1	"Plants with cylindrical joints"	2
1	"Plants with flattened joints (subgenus Opuntia)"	6
2	"Spines with sheaths present (subgenus Cylindropuntia)"	3
2	"Spines without sheaths (subgenus Austrocylindropuntia)"	4
3	"Tree-like; joints 8–20 cm long; flowers pink, purple or rose"	"Opuntia imbricata"
3	"Low and bushy; joint to 15 cm long; flowers yellow Opuntia tunicata"	"Opuntia tunicata"
4	"Joints indistinct"	"Opuntia cylindrica"
4	"Joints distinct"	5
5	"Joints 3–5 cm long; flowers scarlet; leaves early caducous"	"Opuntia pachypus"
5	"Joints to 60 cm long; flowers red or reddish-yellow to yellowish-green; leaves often persistent"	"Opuntia subulata"
6	"Areoles without spines"	7
6	"Areoles with spines"	11
7	"Joints glabrous"	8
7	"Joints pubescent"	10
8	"Habit bushy or tree-like"	9
8	"Low and spreading; joints 10–25 cm long"	"Opuntia stricta"
9	"Joints 30–50 cm long"	"Opuntia ficus-indica"
9	"Joints to 21 cm long"	"Opuntia paraguayensis"
10	"Joints bright-green; fruit globose to subglobose"	"Opuntia microdasys"
10	"Joints greyish-green, velvety; fruit ovoid"	"Opuntia tomentosa"
11	"Plants with an erect cylindrical unjointed trunk"	12
11	"Plants usually branching near the base, without a definite cylindrical trunk"	14
12	"Flowers c. 7 cm across, yellow with a reddish tinge; fruit red, pear-shaped"	"Opuntia vulgaris"
12	"Flowers c. 5 cm across, orange or red; fruit red or dark-red, ovoid or subovoid"	13
13	"Flowers orange"	"Opuntia tomentosa"
13	"Flowers red"	"Opuntia elatior"
14	"Habit erect, often to 7 m high"	15
14	"Habit spreading, to 65 cm high"	19
15	"Spines yellowish to dark-brown"	"Opuntia vulgaris"
15	"Spines white, with or without a yellowish or brownish base, or absent"	16
16	"Fruits purple"	"Opuntia lindheimeri"
16	"Fruits red or white"	17
17	"Spines 8–12, stout"	"Opuntia robusta"
17	"Spines absent or 1–3 and weak but with numerous bristle-like spines on older parts"	18
18	"Joints 10–25 cm long"	"Opuntia leucotricha"
18	"Joints 30–50 cm long"	"Opuntia ficus-indica"
19	"Joints orbicular to elliptic, to 40 cm long"	"Opuntia phaeacantha"
19	"Joints obovate, 5 to 10 cm long"	20
20	"Flowers lemon-yellow, greenish outside; fruit fleshy"	"Opuntia stricta"
20	"Flowers white, yellow or red; fruit dry"	"Opuntia erinacea"
