from	statement	to
1	"Petals present"	2
1	"Petals absent"	4
2	"Leaves pungent-pointed"	"Stellaira pungens"
2	"Leaves not pungent"	3
3	"Leaves to 1 cm long; sepals 2–3 mm long"	"Stellaira caespitosa"
3	"Leaves 1–4 cm long; sepals 4–10 mm long"	"Stellaira palustris"
4	"Leaves ovate"	5
4	"Leaves linear to lanceolate"	6
5	"Capsule pale-coloured throughout"	"Stellaira media"
5	"Capsule purple on parts"	"Stellaira pallida"
6	"Leaves almost filiform"	"Stellaira filiformis"
6	"Leaves narrowly lanceolate"	"Stellaira multiflora"
