from	statement	to
1	"Schizocarp with 6–9 prominent radiating wings between adjacent carpels; a sparsely pubescent perennial; calyx 2.5–3 mm long in flower; corolla c. 5 mm long"	"Sida goniocarpa"
1	"Schizocarp not winged, with a groove between adjacent carpels"	2
2	"Calyx 1.5–2.5 mm long; schizocarp 3–4 mm diam.; leaves 3–6 rarely 10 mm long"	"Sida intricata"
2	"Calyx 2.5–12 mm long; schizocarp 3.5–10 mm diam.; leaves 5–55 mm long"	3
3	"Calyx prominently 10-ribbed especially towards the base; mericarps conspicuously 2-awned"	"Sida rohlenae"
3	"Calyx not ribbed; mericarps cleft at the apex but not awned"	4
4	"Calyx lobes narrow-triangular, narrow-acuminate, obscured by a dense thick often brown tomentum; schizocarp densely pubescent"	"Sida phaeotricha"
4	"Calyx lobes broad-triangular, obtuse or acute or shortly broad-acuminate, not or hardly obscured by pubescence; schizocarp glabrous or pubescent"	5
5	"Flowers single or in groups subtended by tiny bracts or only by stipules, spaced along an elongated rhachis"	6
5	"Flowers one to few in axils, not borne on an elongated rhachis, sometimes appearing as if in racemes or clusters through an occurrence in shoots with small developing leaves"	8
6	"Calyx 5–8 mm long in flower and fruit; rhachis 8–300 mm long; corolla 7–10 mm long; schizocarp 8–10 mm diam., with 9–12 mericarps"	"Sida cunninghamii"
6	"Calyx 2.5–4.5 mm long in flower, hardly longer in fruit; rhachis up to 50 mm long; corolla 4–6 mm long; schizocarp 3.5–4.5 mm diam., with 5–8 mericarps"	7
7	"Leaves thinly pubescent, with blade narrow-ovate to narrow-oblong, much longer than the petiole, 2–11 mm wide; flowers on a rhachis subtended .by stipules 0.5–1.5 mm long; calyx 3–4.5 mm long; schizocarp 4–4.5 mm diam., deeply grooved between carpels, glabrous, rugose on sides, raised in the centre, with 5 mericarps"	"Sida ammophila"
7	"Leaves roughly tomentose, narrow-oblong to transverse-ovate, equal to twice the length of the petiole, 5–30 mm wide; flower clusters subtended by stipules 1.5–3.5 mm long; calyx 2.5–3 mm long; schizocarp 3.5–4 mm in diam., obscurely grooved between carpels, persistently puberulent, shallowly rugose on sides, hardly raised in the centre, with 5–8 mericarps"	"Sida fibulifera"
8	"Schizocarp hardly rugose on sides; an elongated rhachis with clusters of stipules invariably present somewhere on the specimen"	"Sida fibulifera"
8	"Schizocarp rugose on sides"	9
9	"Schizocarp glabrous, the central apical region prominently raised, with rugose sides"	10
9	"Schizocarp persistently pubescent, the central apical region flat to rounded, hardly raised above, with obscurely to deeply rugose sides"	13
10	"Mericarps 5; leaves thinly pubescent, narrow-ovate to narrow-oblong; pedicel 8–20 mm long; corolla 4–5 mm long"	"Sida ammophila"
10	"Mericarps 5–8; leaves thickly tomentose"	11
11	"Leaves with the blade 1 or 2 times the length of the petiole, coarsely serrate with 2–4 teeth/cm; corolla 5–6 mm long"	"Sida corrugata var. A 3c."
11	"Leaves with blade 2–10 times longer than the petiole, serrate to entire, with 3–12 teeth/cm; corolla 7–12 mm long"	12
12	"Calyx in flower 5–12 mm long, with lobes 2–3 or more times the length of the tube; leaf blades 15–60 mm long, cuneate to subeordate at the base, smooth-tomentose"	"Sida calyxhymenia"
12	"Calyx in flower 3.5–4 mm long, lengthening to 6 mm in fruit, with lobes more or less equalling the tube; leaf blades 5–22 mm long, rounded to cordate at the base, coarsely tomentose"	"Sida filiformis"
13	"Schizocarp 8–10 mm diam., with 9–12 mericarps; peduncle 30–50 mm long; leaves thickly but smoothly tomentose"	"Sida cunninghamii"
13	"Schlzocarp 3.5–7 mm diam., with 5–8 mericarps"	14
14	"Schizocarp obscurely grooved between carpels, almost smooth, the sides only obscurely rugose; leaves roughly tomentose; peduncle to 25 mm long; corolla 4–6 mm long"	"Sida fibulifera"
14	"Schizocarp conspicuously grooved between carpels, the sides rugose"	15
15	"Corolla 5–6mm long; pedicel 3–15 mm long; leaves with blade 1 or 2 times the length of the petiole, coarsely crenate-serrate with 2–4 teeth/cm, thinly pubescent, glabrescent, grey-blue below; plants prostrate to decumbent"	16
15	"Corolla 7–14 mm long; pedicel 12–60 mm long; leaves with blade 1.5 to more than 2 times as long as the petiole, serrate to almost entire, with 3–12 teeth/cm"	17
16	"Leaves with blade orbicular to ovate, 5–22 mm wide, with a cordate to rounded base"	"Sida corrugata var. corrugata 3a."
16	"Leaves with blade ovate to narrow-oblong, 4–14 mm wide, with a rounded to truncate base"	"Sida corrugata var. angustifolia 3b."
17	"Leaves and branches tomentose; calyx 5–12 mm long in flower, with the lobes 2–3 or more times the length of the tube; shrub to 2 m high"	"Sida calyxhymenia"
17	"Leaves and branches sparsely pubescent; calyx 3–4 mm long, hardly enlarging in fruit, with lobes more or less equalling the tube; sprawling to erect perennial 0.2–0.5 m high"	"Sida trichopoda"
