from	statement	to
1	"Leaves scale-like at flowering (plants saprophytic); flowers pendent and pedicellate, bell-like"	2
1	"Leaves usually with well developed laminae at flowering; flowers various"	3
2	"Perianth-segments pink, free, spreading from the base"	Dipodium
2	"Perianth-segments brown and white, fused to form a tube"	Gastrodia
3	"Flowers not resupinate, so that the labellum lies above the column; perianth-segments free"	4
3	"Flowers resupinate on the scape, labellum always below the column; perianth-segments various"	7
4	"Leaves several, basal (ovate-elliptic); labellum c. 15 mm long or more, much longer and broader than all the other perianth-segments"	Cryptostylis
4	"Leaf 1; labellum less than 15 mm long, shorter than some other perianth-segments"	5
5	"Leaf linear-terete, sheathing much of the scape; flowers almost sessile; perianth-segments often small; labellum longer than the column"	Prasophyllum
5	"Leaf linear or linear-lanceolate, shortly sheathing the scape, reddish; flowers on a distinct pedicel; labellum shorter than the column"	6
6	"Leaf linear-lanceolate; labellum surface smooth"	Caleana
6	"Leaf narrow-linear; labellum surface tuberculate"	Paracaleana
7	"Leaves 2 to several, basal and/or cauline"	8
7	"Leaf at flowering basal and single (except 1 or 2 in Leporella)"	12
8	"Labellum lamina 3-lobed, (e.g. fig. 963 D); lateral sepals narrow-linear; leaves linear"	9
8	"Labellum lamina not lobed"	10
9	"Flowers brightly coloured (yellow, purple or whitish), on slender pedicels; petals more than 13 mm long, clawed, conspicuous"	Diuris
9	"Flowers greenish or brownish, almost sessile; petals less than 6 mm long, not clawed, hidden by an erect dorsal sepal"	Orthoceras
10	"Flowers numerous, close-set in a spiral around the scape; perianth-segments pink or white, 4-5 mm long; labellum margin fringed; column not winged"	Spiranthes
10	"Flowers 1 to several, loosely spaced in the raceme; perianth-segments green or reddish, more than 5 mm long; labellum margin smooth; column winged"	11
11	"Flowers solitary; perianth-segments free, radially spreading; labellum relatively large with dark waxy calli; leaves 2, basal"	Chiloglottis
11	"Flowers 1 to several, conspicuously hood-shaped; the hood or galea consisting of the cohering dorsal sepal and petals; labellum relatively small and mobile, with a basal appendage, without calli; leaves more than 2, basal and/or cauline"	Pterostylis
12	"Leaf pubescent; floral bracts small, not longer than the ovaries; labellum often on a movable claw; column broadly winged"	13
12	"Leaf glabrous"	14
13	"Labellum with calli; flowers 1 to several, variously coloured"	Caladenia
13	"Labellum without calli; flowers 1 or 2, purple"	Glossodia
14	"Leaf at least twice as long as wide; perianth various"	15
14	"Leaf as wide or nearly as wide as long; perianth zygomorphic"	17
15	"Flowers almost actinomorphic; labellum not differentiated; column variously ornamented with hair-tufts or papillate lobes"	Thelymitra
15	"Flower zygomorphic, with a well differentiated labellum; column not ornamented"	16
16	"Leaf narrow-lanceolate, not terete nor tubular; labellum 8-28 mm long, densely covered with brown to reddish-purple hairs (rarely glabrous); bracts sometimes leaf-like"	Calochilus
16	"Leaf terete, tubular, sheathing; labellum 1-5 mm long, with I or 2 calli or smooth; bracts minute."	Microtis
17	"Stem or scape shorter than the flower at flowering; leaf basal; flower solitary, relatively large and hoodshaped by an incurved dorsal sepal; labellum enlarged, immobile"	Corybas
17	"Stem or scape 1 to several times longer than the flower; flowers several"	18
18	"Labellum undivided, margins entire, glabrous; leaf and lateral sepals various"	19
18	"Labellum divided or fringed, toothed or pubescent (e.g. fig. 962B.); leaf ovate; lateral sepals deflexed"	21
19	"Leaf lanceolate and oblique to the stem; labellum with 2-4 rows of calli; petals erect, glandular distally"	Caladenia
19	"Leaf orbicular or wide-cordate, at a right angle to the stem; labellum with 2 basal calli; petals not erect"	20
20	"Leaf petiolate and raised above ground, red beneath; labellum fleshy, acutely 3-angular; column not winged"	Acianthus
20	"Leaf sessile on the ground, green beneath; labellum membranous, oblong, subacute; column winged"	Cyrtostylis
21	"Labellum straight, lamina wider than long, not lobed, with a radiating reddish-purple fringe, without papillae or calli; petals glandular"	Leporella
21	"Labellum recurred, lamina longer than wide, with papillae or calli; petals not glandular"	22
22	"Lateral sepals much longer than all other segments, white or pink; labellum margin entire; lamina glandular-villous; leaf hardly developed at flowering; plant not drying black"	Eriochilus
22	"Lateral sepals and petals similar, maroon; labellum 3-lobed, the middle-lobe fringed; lamina with sessile calli; leaf present at flowering; plant drying black"	Lyperanthus
