from	statement	to
1	"Leaves trifoliate"	"Teucrium albicaule"
1	"Leaves simple"	2
2	"Leaves entire, undulate or unevenly recurved"	"Teucrium racemosum"
2	"Leaves lobed or toothed"	3
3	"Internodes scarcely elongated and not visible between successive pairs of part-inflorescences; tufted herbs with a root stock"	"Teucrium sessiliflorum"
3	"Internodes elongating and visible between successive pairs of part-inflorescences; shrubs"	4
4	"Leaves petiolate at least on lower parts; blade lanceolate rarely ovate"	"Teucrium corymbosum"
4	"Leaves sessile, obovate, often with a long cuneate base"	"Teucrium grandiusculum"
