from	statement	to
1	"Flowers unisexual; nectary 1 per perianth-segment, a continuous transverse ridge or band or occasionally with a slight break at the middle"	2
1	"Flowers bisexual; nectaries 2 per perianth-segment, distinct shelf-like thickenings toward each margin"	4
2	"Lower 2 leaves basal; second leaf not dilated at the base"	"Wurmbea latifolia"
2	"Lower leaf basal; second leaf attached distinctly higher, dilated at the base"	3
3	"Perianth white, with white or faint violet nectaries"	"Wurmbea latifolia"
3	"Perianth white, with dark-purple nectaries, or perianth greenish- yellow with similarly coloured nectaries"	"Wurmbea dioica"
4	"Perianth and nectaries pink or purplish; anthers purple; flowers 1–5 per plant"	"Wurmbea centralis"
4	"Perianth and nectaries white (sometimes pink when old); anthers yellow; flowers 1, occasionally 2 per plant"	"Wurmbea uniflora"
