from	statement	to
1	"Inflorescence a spike of usually more than 8 flowers, rachis (excluding peduncle) 2-17 mm long, clearly visible between individual flowers"	2
1	"Inflorescence a condensed spike of 2-8 flowers, rachis (excluding peduncle) 0.4-2.5 mm long, often obscured by the closely packed bracts and flowers"	3
2	"Leaves persistent, triangular to ovate-triangular (often broadly so), 0.5-1.7 mm long, apex straight; floral rachis densely puberulous"	"Exocarpos cupressiformis"
2	"Leaves deciduous, very narrowly triangular to subulate, 2.5-6.5 mm long, apex usually prominently recurved; floral rachis glabrous except for puberulous excavated portion (visible when flowers shed)"	"Exocarpos sparteus"
3	"Leaves very broadly triangular to rounded-triangular or ovate to broadly ovate, 0.5-1 mm wide, apex obtuse to acute; bracts 1.3-1.6 mm wide, densely puberulous; fruit densely puberulous with stellate hairs, fruiting receptacle maturing red, depressed obovoid to transversely elliptic, puberulous with stellate hairs"	"Exocarpos aphyllus"
3	"Leaves narrowly triangular to subulate, 0.2-0.3 mm wide, apex acute to narrowly acute; bracts 0.4-0.7 mm wide, puberulous or ciliate; fruit glabrous, fruiting receptacle maturing whitish, pinkish or purplish when mature, obovoid to broadly obovoid, glabrous"	4
4	"Branchlets angular to prominently angular; leaves persistent, but distal portion soon weathering away. On heavy soils associated with watercourses or floodplains in MU and SE regions"	"Exocarpos strictus"
4	"Branchlets angular-terete; leaves persistent (distal portion rarely weathering away). On sandy soils along the coast"	"Exocarpos syrticola"
