from	statement	to	shortcut
1	"Leaves pinnate, the basal-most pinnae modified as spines; fruit a yellow or reddish berry"	Phoenix	"Phoenix canariensis"
1	"Leaves palmate; fruit a black to brown, purlish- or blue-black drupe"	2	
2	"Tree to 18m hight; petiole margins with broad curved teeth; leaf segments with curling whitish threads at margins; flowers bisexual; inflorescences whitish, extending beyond the leaf crown"	Washingtonia	"Washingtonia filifera"
2	"Shrub-like, clumping palm; petiole margins with sharp needle-like spines; leaf segments without threads at margins; plants usually dioecious; inflorescences dense short, not extending leaves"	Chamaerops	"Chamaerops humilis"
