from	statement	to
1	"Capitula on peduncles exceeding the leaves, solitary or in non-leafy corymbs"	2
1	"Capitula sessile or on peduncles much shorter than the surrounding leaves, often in a leafy spike or panicle, or solitary"	12
2	"Leaves green and glabrous on the upper surface, white- to rusty-tomentose with centrifixed hairs on the lower surface, distinctly petiolate"	3
2	"Leaves concolorous, both surfaces glabrous to variously hairy but lacking centrifixed hairs, sessile"	5
3	"Capitula numerous in corymbs of 2–9; involucres 7–9 mm long, ray florets 5–8"	"Olearia erubescens"
3	"Capitula few, solitary; involucres 15–24 mm long; ray florets 12–30"	4
4	"Leaf, margins denticulate"	"Olearia grandiflora"
4	"Leaf margins entire"	"Olearia pannosa"
5	"Stems and leaves variously hairy"	6
5	"Stems and leaves glabrous"	9
6	"Leaves entire, linear, subulate or narrowly oblanceolate"	7
6	"Leaves lobed or serrate, oblanceolate to obovate"	8
7	"Leaves 1–1.5 cm long, strongly revolute, scabrous at least on the margins"	"Olearia ciliata"
7	"Leaves 2–5 cm long, flat, densely and softly hirsute"	"Olearia picridifolia"
8	"Leaves obovate, with broad often amplexicaul bases; involucres 2–3-seriate, 8–10 mm long"	"Olearia rudis"
8	"Leaves oblanceolate, with narrowed bases; involucres 4- or 5-seriate, 5–6 mm long"	"Olearia stuartii"
9	"Leaves compressed-terete, prominently gland-dotted, becoming knobbly in dried material"	"Olearia glandulosa"
9	"Leaves flat (often with revolute margins), smooth in dried material"	10
10	"Leaves 6–20 mm wide, serrate; ray florets 15–20"	"Olearia ferresii"
10	"Leaves 1–2.5 mm wide, entire or with a few distant lobes; ray florets 3–9"	11
11	"Stems angular; leaves narrowly oblanceolate, obtuse or lobed at the apex"	"Olearia decurrens"
11	"Stems terete; leaves linear, entire, acute at the apex"	"Olearia glutinosa"
12	"Woolly hairs absent; plant glabrous"	13
12	"Woolly hairs present on lower surface of the leaves, often also on stems and/or involucres"	21
13	"Leaves flat"	14
13	"Leaves compressed-terete"	18
14	"Capitula in a terminal leafy panicle; leaves linear to narrowly oblanceolate"	15
14	"Capitula solitary, terminal; leaves orbicular to cuneate"	16
15	"Stems angular; leaves narrowly oblanceolate, apex obtuse or lobed"	"Olearia decurrens"
15	"Stems terete; leaves linear, entire, acute at the apex"	"Olearia glutinosa"
16	"Achenes glabrous; ray florets 14–20"	"Olearia magniflora"
16	"Achenes sericeous; ray florets 8–12"	17
17	"Involucres 12–18 mm long; leaves all crenate"	"Olearia calcarea"
17	"Involucres 7–10 mm long; leaves entire or some crenulate"	"Olearia muelleri"
18	"Leaves prominently gland-dotted, becoming knobbly in dried material"	19
18	"Leaves without prominent glands, smooth in dried material"	20
19	"Shrub; leaves 10–60 mm long; ligules 3–6 mm long"	"Olearia glandulosa"
19	"Undershrub; leaves 3–20 mm long; ligules 7–8 mm long"	"Olearia suffruticosa"
20	"Capitula shortly pedunculate, in corymbs of 2–8 or solitary on remote branchlets; involucres 5–6mm long long; leaves convex below"	"Olearia passerinoides"
20	"Capitula sessile, terminal on branchlets aggregated into a leafy pyramidal panicle; involucres c. 4 mm long; leaves channelled below"	"Olearia teretifolia"
21	"Capitula terminal on branchlets which may be aggregated into a leafy panicle"	22
21	"Capitula axillary, sessile or on reduced shoots much shorter than the subtending leaf"	28
22	"Stems and upper surfaces of leaves green and densely pubescent with glandular hairs only"	"Olearia adenolasia"
22	"Stems and upper surfaces of leaves glabrous 6r tomentose with whitish non-glandular hairs"	23
23	"Leaves 3-toothed"	"Olearia exiguifolia"
23	"Leaves entire"	24
24	"Leaves ovoid, to 1 mm long, closely reflexed against the branchlets in dense rosette-like clusters"	"Olearia lepidophylla"
24	"Leaves oblanceolate to oblong, 1–18 mm long, neither reflexed nor clustered"	25
25	"Ray floret~ 8–20; involucre 6–8 mm long; leaves 5–18 mm long"	"Olearia pimeleoides"
25	"Ray florets 2–9; involucre 3–5 mm long; leaves 1–4 mm long"	26
26	"Capitula terminating erect branchlets; disk florets 2–4; leaves approximate, subappressed"	"Olearia microdisca"
26	"Capitula terminating reduced lateral branchlets; disk florets usually 4–8; leaves scattered or in remote clusters, patent"	27
27	"Leaves obtuse with conspicuous flat whitish- to cream-tomentose lower surface"	"Olearia brachyphylla"
27	"Leaves acute with undersurfaces obscured by the convex whitish-tomentose mid-vein"	"Olearia floribunda"
28	"Leaves 1–2.5 mm long, thickened, ovate, scale-like, crowded in dense clusters along the stems"	"Olearia lanuginosa"
28	"Leaves 4–25 mm long, flat, linear to oblanceolate"	29
29	"Ligules absent or much shorter than the pappus and style branches"	30
29	"Ligules conspicuous, exceeding the pappus and style branches"	31
30	"Leaves 10–30 mm long, 1.5–5 mm wide"	"Olearia axillaris"
30	"Leaves 5–10 mm long, c. 1 mm wide"	"Olearia tubuliflora"
31	"Leaves mostly 5–10 mm long; bristles and/or glandular hairs usually present"	"Olearia ramulosa"
31	"Leaves mostly 10–20 mm long; bristles and glandular hairs absent"	32
32	"Ray florets 10–15; capitula widely spaced along the stems"	"Olearia arida"
32	"Ray florets 2 or 3; capitula crowded in leafy panicles at the ends of the stems"	"Olearia subspicata"
