from	statement	to
1	"Undersurface of lamina glabrous or with sparse scales or hairs"	2
1	"Undersurface of lamina densely clad with scales or hairs or both"	3
2	"Fronds few; rhachis and costae (undersurface) with a few scattered stramineous scales"	"Cheilanthes austrotenuifolia"
2	"Fronds numerous; rhachis and costae (undersurface) with scattered segmented hairs"	"Cheilanthes sieberi subsp. sieberi 4a."
3	"Rhachis and pinnae with stramineous scales only"	"Cheilanthes distans"
3	"Rhachis and pinnae with white to orange-brown or pale-brown hairs with or without scales"	4
4	"Rhachis with scales and woolly hairs branched at the base"	"Cheilanthes lasiophylla"
4	"Rhachis with hairs only"	"Cheilanthes sieberi subsp. pseudovellea 4b."
