from	statement	to
1	"Plants with long stolons and rhizomes; spikelets 1–5, enclosed in the upper leaf sheaths"	"Pennisetum clandestinum"
1	"Plants tufted, sometimes also rhizomatous; inflorescence a dense many-flowered exposed panicle"	2
2	"Stalk of spikelet clusters articulated above the base so that the bristles have virtually no stalk; bristles scabrid"	"Pennisetum macrourum"
2	"Stalk of spikelet clusters articulated towards their base so that there is a distinct stalk left below the bristles after disarticulation; bristles plumose."	3
3	"Bristles unequal, mostly 1–2 cm long but 1 about twice as long; inflorescence 8–25 cm long"	"Pennisetum setaceum"
3	"Bristles mostly subequal, 3–6 cm long; inflorescence 3–11 cm long"	"Pennisetum villosum"
