from	statement	to
1	"Juvenile leaves pruinose; branchlets, flower buds and fruits often pruinose"	"Eucalyptus leucoxylon subsp. pruinosa"
1	"Juvenile leaves not pruinose; branchlets, flower buds and fruits not pruinose"	2
2	"Pedicels shorter than fruit length"	"Eucalyptus leucoxylon subsp. stephaniae"
2	"Pedicels equal or longer than fruit length"	3
3	"Adult leaves mostly <25 mm wide; fruits 6–13 mm long, 7–12 mm diam."	"Eucalyptus leucoxylon subsp. leucoxylon"
3	"Adult leaves mostly 16–45 mm wide; fruits 12–17 mm long, 10–14 mm diam."	"Eucalyptus leucoxylon subsp. megalocarpa"
