from	statement	to
1	"Upper stem leaves petiolate or narrowed to the base"	2
1	"Upper stem leaves rounded or deeply cordate to stem-clasping at the base"	5
2	"Ovary on a gynophore"	"Brassica elongata"
2	"Ovary sessile"	3
3	"Fruit appressed; beak less than 4 mm long"	"Brassica nigra"
3	"Fruit not appressed; beak more than 4 mm long"	4
4	"Basal leaves lyrate-pinnatifid, sparsely hispid; beak 4–10 mm long, narrower than the stigma"	"Brassica juncea"
4	"Basal leaves runcinate-pinnatifid, densely hispid; beak 8–20 mm long, as wide as the stigma"	"Brassica tournefortii"
5	"All leaves glabrous, stem leaves less than one-third stem-clasping"	"Brassica oleracea"
5	"Basal leaves bristly, stem leaves more than one half stem-clasping"	6
6	"All leaves glaucous; inflorescence a convex corymb; petals pale- yellow"	"Brassica napus"
6	"Lower leaves grass-green; inflorescence a concave corymb; petals bright-yellow"	"Brassica rapa"
