from	statement	to
1	"Lowest node of the inflorescence with whorled branches"	2
1	"Lowest node of the inflorescence with 1 or 2 branches"	4
2	"Most of inflorescence branches whorled"	"Sporobolus australasicus"
2	"Only lowest inflorescence branches whorled"	3
3	"Inflorescence a very open much-branched panicle with small delicate uniformly distributed spikelets"	"Sporobolus caroli"
3	"Inflorescence with spikelets concentrated towards the ends of the branches"	"Sporobolus actinocladus"
4	"Upper glume more or less as long as the spikelet"	5
4	"Upper glume 25–75% of spikelet length"	6
5	"Not rhizomatous; glumes shorter than the lemma; spikelets 1.5–2 mm long"	"Sporobolus mitchellii"
5	"Rhizomatous; 2nd glume subequal to the lemma in length; spikelets 2.5–3 mm long"	"Sporobolus virginicus"
6	"Inflorescence more or less spike-like"	"Sporobolus africanus"
6	"Inflorescence narrow but obviously branched, the branches often spike-like"	7
7	"Leaf blades rolled; leaf sheaths not distinctly fibrous at the base of the plant"	"Sporobolus elongatus"
7	"Leaf blades flat; leaf sheaths distinctly fibrous at the base of the plant"	"Sporobolus blakei"
