from	statement	to
1	"Plants stoloniferous, semi-aquatic"	2
1	"Plants taprooted, terrestrial"	3
2	"Seeds in 1 row per 1ocule; testa with c. 100 depressions per face"	"Rorippa microphylla"
2	"Seeds in 2 rows per locule; testa with c. 25–50 depressions per face"	"Rorippa nasturtium-aquaticum"
3	"Petals yellow; stamens 6; siliqua inflated, 2–3 mm wide"	"Rorippa palustris"
3	"Petals white or pink; stamens 4; siliqua elongate, to 2 mm wide"	4
4	"Seeds in 2 rows, rounded, to 0.75 mm long"	"Rorippa eustylis"
4	"Seeds in 1 row, marginate, 0.75 mm or more long"	"Rorippa laciniata"
