from	statement	to
1	"Indumentum of scurfy (glandular) stellate hairs"	2
1	"Indumentum not as above"	4
2	"Spines present on stems; peduncles 0.5-2 cm long"	"Scaevola spinescens"
2	"Spines absent; peduncles to 0.5 cm long"	3
3	"Leaves obtuse; style glabrous"	"Scaevola bursariifolia"
3	"Leaves acute; style villous"	"Scaevola myrtifolia"
4	"Stems conspicuously striate, green, divaricate; leaves remote, mostly reduced to scales"	5
4	"Stems not striate, leafy; leaves not reduced"	7
5	"Sepals free"	"Scaevola parvifolia"
5	"Sepals connate into a campanulate calyx"	6
6	"Stems with stiff simple hairs and minute glandular hairs; corolla coarsely pubescent outside"	"Scaevola basedowii"
6	"Stems glabrous or subglabrous; corolla puberulent outside"	"Scaevola depauperata"
7	"lndusium exceeded or equalled by a prominent beard of erect bristles arising from the base on the posterior side"	8
7	"Indusium glabrous, sparsely hairy, or with a tuft of very short appressed hairs near the base"	10
8	"Hairs on the stem antrorse, often appressed"	9
8	"Hairs on the stem tomentose or spreading, or the stem glabrous"	"Scaevola collina"
9	"Hairs coarse, often yellowish; corolla 17-25 mm long"	"Scaevola aemula"
9	"Hairs fine, white; corolla 10-15 mm long"	"Scaevola humilis"
10	"Leaves hairy, at least when young; corolla pubescent outside"	11
10	"Leaves glabrous; corolla glabrous or subglabrous outside"	14
11	"Ovary 2-celled; fruit with 2 fertile cells"	12
11	"Ovary and fruit 1-celled"	13
12	"Plant prostrate on coastal dunes, semisucculent; corolla bright-blue"	"Scaevola calendulacea"
12	"Plant erect or ascending, not succulent; corolla lilac to yellow-green"	"Scaevola parvibarbata"
13	"Leaves obovate to elliptic, flat; corolla 5-12 mm long"	"Scaevola albida"
13	"Leaves linear to narrow-elliptic, with recurved margins; corolla 12-20 mm long"	"Scaevola linearis"
14	"Fruit with a distinct beak and a pedicel-like foot; style glandular-pubescent"	"Scaevola collaris"
14	"Fruit without a beak or foot; style with simple hairs or glabrous"	15
15	"Bracts elliptic, similar to the leaves but becoming smaller above"	"Scaevola glabrata"
15	"Bracts linear to narrow-triangular, very distinct from the leaves"	16
16	"Leaves not thickened; corolla 11-20 mm long"	"Scaevola angustata"
16	"Leaves thickened; corolla 8-11 mm long"	"Scaevola crassifolia"
