from	statement	to
1	"Fruiting perianths 2 or 3 in axillary clusters, united by their bases; spines apparently absent"	"Dissocarpus biflorus"
1	"Fruiting perianths 8-16, forming a hard woolly ball; spines prominent"	2
2	"Perianth tube emergent from the woody ball-like infructescence; spines irregular, often flattened"	"Dissocarpus fontinalis"
2	"Perianth tube sunk into the woody infructescence; spines regularly 5, one opposite each perianth lobe"	3
3	"Leaves narrow-obovate, flat"	"Dissocarpus latifolius"
3	"Leaves linear-terete"	"Dissocarpus paradoxus"
