from	statement	to
1	"Anthers dehiscing by terminal pores or slits"	Solanum
1	"Anthers dehiscing by slits running the full length of the anthers"	2
2	"Stamens 4 (staminodes may be present)"	3
2	Stamens	6
3	"Anthers 2-celled; leaves in clusters or if borne singly corolla 19–27 mm long"	4
3	"Anthers 1-celled; leaves borne singly; corolla less than 15 mm long"	5
4	"Fruit a capsule; corolla lobes narrow-acute"	Anthocercis
4	"Fruit a berry; corolla lobes broad and rounded"	Lycium
5	"Fruit a berry; branchlets essentially glabrous"	Duboisia
5	"Fruit a capsule; branchlets with indumentum of branched or glandular hairs"	Cyphanthera
6	"Fruit a capsule"	7
6	"Fruit a berry"	10
7	"Capsule 20 mm long or more, spiny or tuberculate"	Datura
7	"Capsule less than 20 mm long, smooth or nearly so"	8
8	"Calyx enlarged after flowering, teeth spiny; apex of capsule circumscissile"	Hyoscyamus
8	"Calyx not greatly enlarged, teeth not spiny"	9
9	"Flowers tubular, more than 2 cm long; corolla white or yellow; herbs (Nicotiana glauca a shrub)"	Nicotiana
9	"Flowers less than 2 cm long; corolla white with purple striations; shrubs"	Grammosolen
10	"Calyx enlarged in fruit, mostly enclosing the berry"	11
10	"Calyx not or scarcely enlarged in fruit"	14
11	"Ripe berry bright-red; fruits closely clustered"	Withania
11	"Ripe berry shades of yellow or green; fruits solitary or few"	12
12	"Calyx lobes sagittate at the base; flower blue"	Nicandra
12	"Calyx lobes not sagittate at the base; flower purple or yellowish"	13
13	"Flowers in cymes; corolla purple; calyx not ribbed; prickly plant"	Solanum
13	"Flowers solitary; corolla yellowish, with darker blotches; calyx strongly ribbed; unarmed plant"	Physalis
14	"Spinescent shrubs; leaves somewhat fleshy; corolla whitish to lavender with purple markings; berry orange-red"	Lycium
14	"Unarmed herb, shrub or climber; leaves scarcely fleshy; corolla white or yellowish"	15
15	"Shrub; corolla tubular; flowers in a panicle or a raceme; berry black"	Cestrum
15	"Herb or climber; corolla urceolate or rotate; flowers solitary or in a monochasial cyme; fruit red or white"	16
16	"Climbing or scrambling; leaves entire; corolla urn-shaped; flower solitary, white"	Salpichroa
16	"Herb; leaves imparipinnate; corolla deeply lobed, yellow"	Lycopersicon
