from	statement	to
1	"Corolla rotate, the lobes more than 4 times as long as the tube; style capitate, contracted just below the stigmatic lobes by more than half its width"	2
1	"Corolla campanulate, the obes less than 4 times as long as the tube; style uncontracted or contracted about halfway down by less than half its width"	3
2	"Capsules 2–5 mm long hemispherical growing on river banks and, flood plains beside the River Murray and its tributaries"	"Wahlenbergia fluminalis"
2	"Capsules 4–12.5 mm long, elongated-obconical; growing in grassy sites in various types of vegetation in the higher rainfall regions of the State"	"Wahlenbergia multicaulis"
3	"Lower leaves alternate"	4
3	"Lower leaves opposite"	"Wahlenbergia tumidifructa"
4	"Corolla lobes more than twice as long as the corolla tube, 5–9 mm long; style contracted about halfway down"	5
4	"Corolla lobes less than twice as long as the tube; style uncontracted"	6
5	"Much-branched more or less glabrous plants; lower leaves obovate or oblanceolate- corolla tube funnel-shaped, arid regions"	"Wahlenbergia aridicola"
5	"Few-stemmed hirsute plants; lower leaves linear or oblanceolate; corolla tube cylindrical; higher rainfall regions"	"Wahlenbergia litticola"
6	"Corolla lobes 6–13 mm long"	7
6	"Corolla lobes 1.5–7 mm long"	8
7	"Capsules 4–9 mm long, elongated-obconical, lower leaves typically linear and glabrous"	"Wahlenbergia communis"
7	"Capsules 1.5–5 mm long, hemispherical, lower leaves typically obovate and hirsute"	"Wahlenbergia queenslandica"
8	"Capsules obconical; stems sender; higher rainfall regions"	"Wahlenbergia gracilis"
8	"Capsules globular or cylindrical, appearing swollen; stems robust; arid and semi-arid regions"	9
9	"Annuals; corolla lobes 0.5–5 mm long; sepals narrowly oblong, obtuse"	10
9	"Perennials; corolla lobes 6–20 mm long; sepals narrowly triangular, acute"	11
10	"Capsules globular or ellipsoidal; corolla lobes less than twice as long as the corolla tube; style 3-fid"	"Wahlenbergia gracilenta"
10	"Capsules elongated-obconical; corolla lobes c. 3 times as long as the corolla tube; style 2-fid"	"Wahlenbergia preissii"
11	"Lower leaves 3–13mm wide, broader than linear, margins typically undulate; capsules ellipsoidal or globular, plants typically"	"Wahlenbergia stricta"
11	"Lower leaves 1–4 mm wide, linear, margins flat capsules obconical or elongated-obconical; plants typically glabrous"	12
12	"Plants tufted and much-branched; leaves scattered along the stems, acute; flowers in loose cymes; corollas often yellowish-brown on the outside; corolla tube cylindrical"	"Wahlenbergia luteola"
12	"Plants rhizomatous, the aerial stems seldom branched; leaves crowded towards the base of the stem, obtuse; flowers solitary on long stalks; corollas blue on the out-side; corolla tube funnel-shaped"	"Wahlenbergia gymnoclada"
