from	statement	to
1	"Plants with branched hair; epicalyx absent; stamens free or polyadelphous (stamens united to several bundles); anthers 2-celled (4 locules); ovary 2-5 celled"	2
1	"Plants with stellate hairs; epicalyx absent or present; stamens united or free; anthers 1- or 2-celled (2 or 4 locules); ovary 3-20 celled"	3
2	"Herbs or subshrubs; inflorescence not subtended by a large persistent bract"	Corchorus
2	"Trees or shrubs; each inflorescence with a single large, persistent, band-shaped bract partially connate with peduncle"	Tilia
3	"Stamens numerous, monadelphous (united in a tube surrounding the ovary and styles); anthers 1-celled (2 locules); ovary 3-20-celled"	4
3	"Stamens 5-15, united or free; anthers 2-celled (4 locules); ovary 3-5-celled"	20
4	"Fruit a capsule"	5
4	"Fruit a schizocarp"	10
5	"Epicalyx present"	6
5	"Epicalyx 0"	Howittia
6	"Epicalyx longer than the calyx"	Gossypium
6	"Epicalyx as long as or shorter than the calyx"	7
7	"Herbs or shrubs with stellate hairs; epicalyx segments 4–10"	8
7	"Trees with peltate scales; epicalyx segments 3–5"	Lagunaria
8	"Epicalyx segments or lobes linear or triangular"	9
8	"Epicalyx segments spathulate"	Radyera
9	"Style simple, with 5 capitate stigmas"	Alyogyne
9	"Style divided, the 5 capitate stigmas on distinct style branches."	Hibiscus
10	"Epicalyx present"	11
10	"Epicalyx absent"	17
11	"Styles twice as many as the carpels"	Pavonia
11	"Styles equal in number to the carpels"	12
12	"Epicalyx segments 5–11"	Alcea
12	"Epicalyx segmens"	13
13	"Stigmas capitate"	14
13	"Stigmas decurrent along style branches"	16
14	"Flowers in spikes"	Malvastrum
14	"Flowers on axillary peruncles"	15
15	"Flowers cream-coloured"	Malvella
15	"Flowers orange to red"	Modiola
16	"Epicalyx segments fused"	Lavatera
16	"Epicalyx segments free"	Malva
17	"Flowers in panicles"	Gynatrix
17	"Flowers axillary or in spikes or racemes"	18
18	"Stigmas decurrent on the style branches"	Lawrencia
18	"Stigmas capirate"	19
19	"Ovules 2 or more in each carpel"	Abutilon
19	"Ovule 1 in each carpel"	Sida
20	"Flowers unisexual; stamens 10–15; fruit of follicles; almost glabrous trees"	Brachychiton
20	"Flowers bisexual; stamens 5; fruit a loculicidal capsule; stellate-tomentose or glandular-hairy shrubs or undershrubs"	21
21	"Petals 0 or scale- or gland-like; the sepals may be petal-like"	22
21	Petals	24
22	"Stipules to c. 1 mm long, early caducous, or lacking"	23
22	"Stipules usually more than 3 mm long, persistent"	Thomasia
23	"Sepals fused below"	Keraudrenia
23	"Sepals free"	Lasiopetalum
24	"Staminodes present; stem hairs often stellate"	25
24	"Staminodes absent; stem hairs largely glandular and relatively few stellate"	Gilesia
25	"Petals flat at least below"	26
25	"Petals with a broad concave base embracing the anthers and ending in a linear or obovate ligule"	27
26	"Petals longer than the sepals"	Melhania
26	"Petals shorter than the sepals"	Hannafordia
27	"Staminodes 3-partite"	Commersonia
27	"Staminodes simple"	Rulingia
