from	statement	to
1	"Inflorescence dense, up to 8 mm broad; pedicels up to 2.5 mm long"	"Aira praecox"
1	"Inflorescence when mature open, at least 10 mm broad; at least some pedicels usually more than 2.5 mm long"	2
2	"Most pedicels at least three times the length of the spikelets"	"Aira elegantissima"
2	"Most pedicels less than twice the length of the spikelets"	3
3	"Spikelets usually at least 2.5 mm long excluding the awns, 2-awned; pedicel apex pear-shaped (see figure)"	"Aira caryophyllea"
3	"Spikelets usually up to 2.4 mm long excluding the awns, 1- or 2-awned; pedicel apex disc-like (see figure)"	"Aira cupaniana"
