from	statement	to
1	"Leaves ternate or imparipinnate, with 5 (-7) or fewer leaflets"	2
1	"Leaves biternate, triternate or flammuliform, with more than 5 leaflets"	3
2	"Plants deciduous, with bisexual flowers"	"Clematis vitalba"
2	"Plants evergreen, dioecious"	"Clematis aristata"
3	"Plants deciduous, with bisexual flowers"	"Clematis flammula"
3	"Plants evergreen, dioecious"	4
4	"Leaves usually biternate with up to 9 (-12) leaflets, sometimes with leaflets lobed"	"Clematis microphylla"
4	"Leaves flammuliform to triternate, with more than 12 leaflets (rarely fewer in some immature leaves)"	5
5	"Leaflets usually 12-15 per leaf, broadest below middle; terminal leaflet 12-45 mm long"	"Clematis decipiens"
5	"Leaflets usually 18-36 per leaf, broadest beyond middle; terminal leaflet 5-15 (-25) mm long"	"Clematis leptophylla"
