from	statement	to
1	"Spikelet 1, terminal, very rarely with a second sessile one inserted a little lower down the stem; spikelets c. 6 mm or more long"	2
1	"Spikelets more than I on each stem or, if 1 or 2, only on weak specimens and then less than 6 mm long or else hypogynous bristles not plumose throughout"	6
2	"Leaves reduced to their sheaths; hypogynous bristles represented by broad thick scales"	"Schoenus tenuissimus"
2	"Leaves well developed; hypogynous bristles linear-lanceolate to filiform, or absent"	3
3	"Stems usually much shorter than the leaves, never conspicuously longer, not more than 10 cm long; leaves basal; plant not floating"	4
3	"Stems elongated and floating, very slender, with capillary leaves along them"	"Schoenus fluitans"
4	"Leaf sheaths and glumes glabrous hypogynous bristles absent; stems always very short"	5
4	"Mouth of leaf sheaths and margins of glumes densely ciliate; hypogynous bristles well developed, plumose; stems to c. 10 cm long"	"Schoenus deformis"
5	"Rhizome absent, stems often few together; leaves not hard and rigid; spikelets 6–9 mm long"	"Schoenus discifer"
5	"Rhizomes creeping; plant mat-forming with densely tufted stems; leaves hard and rigid, often recurved; spikelets 9–11 mm long"	"Schoenus breviculmis"
6	"Spikelets all in a single capitate cluster, rarely reduced to 1 or"	7
6	"Spikelets not all in a single head"	11
7	"Leaves much longer than the culms which are hidden; plants forming dense mats"	"Schoenus breviculmis"
7	"Leaves not usually exceeding the inflorescence; plants not matted"	8
8	"Leaf blades obsolete"	"Schoenus subaphyllus"
8	"Leaf blades present"	9
9	"Annual, lacking a rhizome"	"Schoenus nanus"
9	"Perennial, with a rhizome"	10
10	"Spikelets 1–4; inflorescence bract usually much longer than the head"	"Schoenus nitens"
10	"Spikelets exceeding 5; inflorescence bract often not conspicuously longer than the inflorescence which appears terminal"	"Schoenus subaphyllus"
11	"Stems rush-like or long and wiry, leaves and bracts very short in proportion to the size of the plant, often reduced almost to points, the sheaths tight, brown, shining; inflorescence a terminal raceme or panicle; bristles very small or 0; rhizome prominent, often creeping"	12
11	"Stems slender or short, never wiry, leaves and bracts prominent; spikelets more or less clustered in the axils of leafy bracts; the latter, at least the lower ones, much longer than the clusters; bristles often well developed; rhizome inconspicuous"	14
12	"Glumes and leaf sheaths glabrous; nut smooth; stems wiry and slender, 30–75 mm long"	"Schoenus carsei"
12	"Glumes, at least when not over-mature, woolly-ciliate on the margins; nut rugose; stems c. 1 mm thick, rigid"	13
13	"Leaf sheaths glabrous at the mouth, sometimes 1 present in the upper part of the stem; scales at the base of the stem and on the rhizome purplish"	"Schoenus brachyphyllus"
13	"Leaf sheaths bearded at the mouth, all basal; scales on the rhizome yellowish-brown"	"Schoenus racemosus"
14	"Hypogynous bristles very short and few or absent"	15
14	"Hypogynous bristles almost as long as to slightly longer than the nut"	17
15	"Annuals; nut reticulate; spikelets pale or brownish to purplish"	16
15	"Perennials; nut often smooth; spikelets blackish"	"Schoenus tesquorum"
16	"Nuts minutely reticulate; leaf sheaths and spikelets pale"	"Schoenus latelaminatus"
16	"Nuts coarsely reticulate; leaf sheaths and spikelets brownish to purplish"	"Schoenus sculptus"
17	"Spikelets 2.5–3 mm long, 1–3 to each bract; nut smooth; stems more or less prostrate, sometimes branched"	"Schoenus maschalinus"
17	"Spikelets 4–6 mm long, few to several in the clusters, sometimes on rather long pedicels; stems more or less erect, not branched; nut more or less distinctly reticulate"	"Schoenus apogon"
