from	statement	to
1	"Fruit 3- or 4-winged, indehiscent or septicidally breaking into up to 4 cocci; filaments without wings or appendages in the lower part"	2
1	"Fruit angular, loculicidal; filaments sometimes winged or with appendages in the lower part"	4
2	"Fruit 3-winged; stamens 6; leaves sessile, cuneate, with 2 short broad obtuse lobes at the apex, upper pairs connate at the base; annual"	"Zygophyllum howittii"
2	"Fruit 4-winged; stamens 8; leaves petiolate or, if sessile, distinctly separate; mostly perennial"	3
3	"Petals obovate, obtuse or faintly notched at the apex, golden-yellow; fruit 12–18 mm diam., splitting into 2–4 cocci when ripe; seeds usually 1 (rarely 2) in each coccus"	"Zygophyllum aurantiacum"
3	"Petals narrow-oblanceolate, almost acute at the apex, a pale lemon-yellow; fruit 8–12 mm diam., not splitting into cocci; seeds usually only 1 in each fruit"	"Zygophyllum eremaeum"
4	"Capsule 5-celled, 5-angled; flowers 5-merous; stamens"	5
4	"Capsule 4-celled, 4-angled; flowers 4-merous; stamens 8"	9
5	"Capsule truncate at the apex, with a short blunt appendage at the upper corner of each angle; seed 1 in each cell"	"Zygophyllum apiculatum"
5	"Capsule rounded at the apex, without appendages at the angles"	6
6	"Capsule ovoid-oblong, 10–12 mm long; seeds 3–6 in each cell; petals yellow"	7
6	"Capsule more or less globular, 5–7 mm long; seeds 1 or 2 in each cell; leaflets rounded or emarginate at the apex"	8
7	"Fruiting peduncles erect; leaflets entire at the apex, usually broadened with a broad lobe at the outer side at the base"	"Zygophyllum hybridum"
7	"Fruiting peduncles deflexed; leaflets usually with 3 blunt teeth at the apex, without a basal lobe"	"Zygophyllum kochii"
8	"Petals yellow, scarcely exceeding the sepals; fruiting peduncles 3–4 mm; seeds glossy"	"Zygophyllum iodocarpum"
8	"Petals white, about twice as long as the sepals; fruiting peduncles 7–15 mm long; seeds dull"	"Zygophyllum tesquorum"
9	"Capsule almost sessile, erect, narrow-cylindrical to narrow-ellipsoidal, with 4 erect thick appendages at the apex"	"Zygophyllum prismatothecum"
9	"Capsule distinctly pedicellate, drooping, broader, without apical appendages"	10
10	"Leaflets crenate at the apex (i.e. usually with 3 blunt teeth)"	"Zygophyllum crenatum"
10	"Leaflets entire or notched at the apex"	11
11	"Capsule truncate at the apex"	12
11	"Capsule rounded at the apex"	13
12	"Perennial; capsule 8–12 mm long; petals yellow"	"Zygophyllum billardierei"
12	"Annual; capsule 5–7 mm long; petals white or yellow"	"Zygophyllum ammophilum"
13	"Petals white, usually shorter than the sepals; capsule ellipsoidal, c. 8 mm long; leaflets narrow-oblong- cuneate, faintly notched; seeds usually 2 in each cell"	"Zygophyllum ovatum"
13	"Petals yellow, longer than the sepals"	14
14	"Capsule subglobular, 3–4 mm long; seed 1 in each cell; leaflets notched at the apex"	"Zygophyllum humillimum"
14	"Capsule larger, 7 or more mm long; usually several seeds in each cell; leaflets entire, with a rounded or acute apex"	15
15	"Leaflets more or less appressed to each other with their upper surfaces, ovate, 8–15 mm long, the uppermost oblong with an acutish apex; disk-lobes linear-oblong, truncate, almost as long as the ovary; capsule obovoid, 7–10 mm long; petals 4–6 mm long"	"Zygophyllum compressum"
15	"Leaflets divergent in the same plane, oblique-obovate, 1–4 cm long, the uppermost rounded at the apex; disk-lobes broader than long, rounded, much shorter than the ovary"	16
16	"Capsule ovoid-oblong to obovoid-oblong; seeds 3–5 in each cell; petals 8–15 mm long; leaflets usually articulate at the base; petals 8–15 mm long"	"Zygophyllum glaucum"
16	"Capsule very broad, oblong to almost globular; seeds 1 or 2 in each cell; petals 6–7 (rarely to 9) mm long; leaflets appearing continuous with the petiole (no articulation visible when fresh); very fleshy thick-stemmed glaucous subshrub of dry northern parts of S.Aust"	"Zygophyllum crassissimum"
