from	statement	to
1	"Perennial shrubs at least woody at base"	2
1	Herbs	5
2	"Fruit dry"	3
2	"Fruit succulent"	4
3	"Spinescent shrub; leaves leathery, spathulate, to 3 cm long"	"Chenopodium nitrariaceum"
3	"Unarmed soft-wooded shrub; leaves papery, oblong-elliptic to hastate, to 4 cm long"	"Chenopodium auricomum"
4	"Stigmas strongly penicillate"	"Chenopodium gaudichaudianum"
4	"Stigmas papillose"	"Chenopodium curvispicatum"
5	"Leaves variously toothed"	6
5	"Leaves entire or lobed"	10
6	"Seed deeply sculptured"	"Chenopodium erosum"
6	"Seed smooth or minutely pitted"	7
7	"Perianth glabrous; seed horizontal or erect; perianth 3-5-lobed"	"Chenopodium glaucum"
7	"Perianth mealy; seed horizontal; perianth 5-lobed"	8
8	"Seed sharply keeled, finely pitted, dull; pericarp persistent"	"Chenopodium murale"
8	"Seed bluntly keeled, smooth to striate or weakly furrowed; pericarp readily detached"	9
9	"Leaves considerably longer than broad, usually more than 3 cm long"	"Chenopodium album"
9	"Leaves about as long as broad, usually less than 3 cm long"	"Chenopodium opulifolium"
10	"Plant smelling of rotting fish"	11
10	"Plant not smelling of rotting fish"	12
11	"Perianth-segments united to near the apex"	"Chenopodium vulvaria"
11	"Perianth-segments free except near the base"	"Chenopodium desertorum"
12	"Erect annual; leaves mostly over 3 cm long, with a thin mealy indumentum; panicle large"	"Chenopodium album"
12	"Prostrate to erect, predominantly perennial; leaves usually under 2 cm long, entire; panicle to 5 cm long"	"Chenopodium desertorum"
