from	statement	to
1	"Flowers arranged singly along the rhachis; bracts and bracteoles at each main node in the inflorescence 1-3 (Group A)"	2
1	"Flowers in clusters of 1-6 spaced along the rhachis; bracts and bracteoles at each main node in the infiorescence 3-12 or more (Group B)"	5
2	"Leaves spathulate, rounded to obtuse at the apex; cocci prominently winged"	"Stackhousia spathulata"
2	"Leaves obovate to linear or lanceolate, acute; cocci sculptured but not conspicuously winged"	3
3	"Annual; ovary with 3-5 carpels; corolla tube 3.5-5.2 mm long"	"Stackhousia annua"
3	"Perennial; ovary with 3 rarely 5 carpels; corolla tube 5-8 mm long"	4
4	"Bract without a swollen base, subtending 2 conspicuous green bracteoles on either side of the base of the pedicel"	"Stackhousia aspericocca"
4	"Bract with a saccate base, subtending 2 inconspicuous membranous hyaline often reduced vestiges of the bracteoles at the base of the pedicel"	"Stackhousia monogyna"
5	"Corolla tube stout; cocci prominently winged"	"Stackhousia megaloptera"
5	"Corolla tube slender; cocci sculptured, not winged"	6
6	"Cocci usually 1, curved-obovoid, with the basal cavity shallow to deep, its thin rim extending distally along the mid-line exposing a narrow band of endocarp; leaves, at least the upper ones, usually scale-like, sometimes linear to narrow-elliptic"	"Stackhousia clementii"
6	"Cocci 1-3, pyriform to dumb-bell-shaped, with the basal cavity deep, circular, not extended as above; leaves conspicuousthroughout the plant, usually linear"	"Stackhousia muricata"
