from	statement	to
1	"Pedicels equalling or slightly shorter than the sepals; flowers loosely arranged; stamens 4 or 5; sepals without glandular hairs protruding beyond the apex"	2
1	"Pedicels shorter than the sepals; flowers in clusters; stamens 10; sepals with glandular hairs protruding beyond the apex"	"Cerastium glomeratum"
2	"Sepals without scarious margins; stamens 4 or 5; upper bracts completely herbaceous"	"Cerastium diffusum"
2	"Sepals with scarious margins; stamens 5; upper bracts scarious at least in the upper third"	"Cerastium semidecandrum"
