from	statement	to
1	"Corolla glabrous on the inner surface"	2
1	"Corolla pubescent on the inner surface"	7
2	"Plant pubescent"	3
2	"Plant glabrous"	"Heliotropium curassavicum"
3	"Anthers free"	4
3	"Anthers coherent"	"Heliotropium ovalifolium"
4	"Leaf margin at least slightly undulate and revolute"	5
4	"Leaf margin not undulate and revolute"	"Heliotropium europaeum"
5	"Calyx accrescent"	"Heliotropium supinum"
5	"Calyx not accrescent"	6
6	"Stems and leaves with glandular and simple unicellular hairs"	"Heliotropium asperrimum"
6	"Stems and leaves with simple unicellular hairs only"	"Heliotropium undulatum"
7	"Corolla lobes glabrous on the inner surface, throat bearded"	8
7	"Corolla lobes with a longitudinal band of hairs on the inner surface, throat slightly bearded"	"Heliotropium filaginoides"
8	"Leaves 4–15 mm wide"	"Heliotropium amplexicaule"
8	"Leaves 0.5–1 mm wide"	"Heliotropium tenuifolium"
