from	statement	to
1	"’Leaves’ in whorls of 3–12"	2
1	"Leaves opposite"	4
2	"Inflorescence a dense terminal head surrounded by a leaf-like involucre; calyx present"	Sherardia
2	"Inflorescence axillary or if terminal then without a leaf-like involucre; calyx absent"	3
3	"Corolla usually funnel-shaped; fruits fleshy, indehiscent"	Asperula
3	"Corolla rotate with a very short tube; fruit dry, breaking into 2 mericarps"	Galium
4	"Inflorescence an umbel and/or a capitulum; fruits compound, dehiscing with a lid"	5
4	"Inflorescence a thyrse or dichasium or rarely single flowers; fruit simple, if dehiscing then without a separate lid"	6
5	"Inflorescence a hemispherical to spherical head; compound fruit dehiscing with many irregular and often oblique lids"	Opercularia
5	"Inflorescence apparently umbellate with few to many flower-like connate part-inflorescences; compound fruit dehiscing with a single round lid"	Pomax
6	"Woody shrubs or trees"	7
6	"Herbs rarely with a slightly woody base"	8
7	"Stipules sheathing the terminal bud and scarcely fused to the petioles; plants monoecious; semi-arid regions"	Canthium
7	"Stipules fused to the petioles to form a sheath around the node; plants dioecious; coastal higher rainfall regions"	Coprosma
8	"Flowers sessile at the nodes"	9
8	"Flowers stalked or on a stalked inflorescence"	10
9	"Fruit fleshy; leaves membranous or almost so"	Nertera
9	"Fruits dry; leaves fleshy"	Dentella
10	"Fruits fleshy; plants dioecious; corolla tube usually as long as or longer than the lobes"	Asperula
10	"Fruits dry; plants monoecious; corolla tube almost absent"	11
11	"Calyx absent; fruit breaking into two 1-seeded mericarps"	Galium
11	"Calyx present; fruit dehiscing by a loculicuidal split to release numerous seeds"	Synaptantha
