from	statement	to
1	"Plants glabrous or width simple hairs, never prickly; anthers oblong"	2
1	"Plants with stellate hairs, mostly prickly; anthers mostly attenuate"	13
2	"Flowers lavender or purple, mostly more than 1 cm diam., rotate"	3
2	"Flowers white, c. 1 cm diam., star-shaped"	7
3	"Leaveo linear-lanceolate, entire, to 10 mm wide; berry conical."	"Solanum capsiciforme"
3	"Leaves elliptic or ovate or deeply lobed, mostly wider than 10 mm; berry not conical"	4
4	"Ripe fruits yellow, orange to scarlet"	5
4	"Ripe fruits greenish or flushed purple"	6
5	"Flowers broadly stellate, bluish-violet; ripe fruits ellipsoid, orange-scarlet; seeds c. 1.5 mm long"	"Solanum aviculare"
5	"Flowers rotate, purple; ripe fruits ovoid to obovoid, ochre-yellow to orange; seeds c. 2.5 mm long"	"Solanum laciniatum"
6	"Corolla 2Ð3 cm diam.; berry globular"	"Solanum simile"
6	"Corolla 3Ð4 cm diam.; berry obovoid"	"Solanum symonii"
7	"Leaves deeply divided; ripe fruits green with abundant stone cell masses"	"Solanum triflorum"
7	"Leaves entire or shallowly lobed; ripe fruits black or orange-red, if green with few stone cells"	8
8	"Plants markedly glandular-pubescent"	9
8	"Plants not markedly glandular-pubescent"	10
9	"Ripe fruit greenish; calyx enlarged to cover the base of the fruit"	"Solanum sarrachoides"
9	"Ripe fruit orange-red; calyx scarcely enlarged"	"Solanum villosum"
10	"Ripe fruit green"	"Solanum opacum"
10	"Ripe fruit black or orange-red"	11
11	"Fruit orange-red; leaves elliptic"	"Solanum pseudocapsicum"
11	"Fruit black; leaves ovate"	12
12	"Lobes of leaves obscure; plant often flushed purple, fruiting axis with several nodes"	"Solanum nigrum"
12	"Lobes of leaves distinct; plant green, fruiting axis with a single node"	"Solanum retroflexum"
13	"Flowers yellow; leaves deeply lobed; seeds black; annuals"	"Solanum rostratum"
13	"Flowers bluish or purple rarely white; leaves various; seeds rarely black; shrubs or herbaceous perennials"	14
14	"Leaves 10Ð15 cm long, entire; stipule-like lobes present; inflorescence compound; fruits erect, never prickly"	"Solanum mauritianum"
14	"Leaves rarely as large, often with some lobes; stipule-like lobes absent; inflorescence mostly simple; fruits pendent, often prickly"	15
15	"Fruits enclosed or almost so in the calyx lobes"	16
15	"Fruits exposed or readily visible between the calyx lobes"	17
16	"Leaves deeply lobed; prickles conspicuous"	"Solanum hystrix"
16	"Leaves entire; prickles mainly on the stem"	"Solanum lasiophyllum"
17	"Leaves more or less orbicular"	18
17	"Leaves not orbicular"	19
18	"Berry c. 15 mm diam.; seeds pale-buff"	"Solanum orbiculatum"
18	"Berry 4Ð8 mm diam.; seeds dark-grey to black"	"Solanum oligacanthum"
19	"Fruits finally firm and bony, pale-buff"	20
19	"Fruits fleshy or mucilaginous, red, yellowish, greenish to dark-brown"	22
20	"Leaves entire or slightly undulate, without prickles"	"Solanum quadriloculatum"
20	"Leaves lobed, abundantly prickly"	21
21	"Undershrubs 20Ð50 cm; racemes 3Ð5 cm"	"Solanum petrophilum"
21	"Erect shrubs 0.5Ð2 m; racemes 3Ð10 cm"	"Solanum eardleyae"
22	"Fruits to 10 mm diam., red; basal lobes of leaves well developed"	23
22	"Fruits greater than 10 mm diam., not red; basal lobes of leaves not conspicuous"	24
23	"Leaves to 7 mm wide, basal lobes small"	"Solanum ferocissimum"
23	"Leaves more than 15 mm wide; basal lobes developed"	"Solanum chenopodinum"
24	"Leaves 10Ð12 cm long, with a distinct pale margin; fruits to 3Ð4 cm diam"	"Solanum marginatum"
24	"Leaves rarely up to 10 cm long, without a distinct pale margin; fruits rarely up to 3 cm diam"	25
25	"Woody shrubs, mostly over 50 cm tall"	26
25	"Herbaceous perennials, rarely up to 50 cm tall"	27
26	"Leaves entire; fruit 1Ð1.5 cm diam"	"Solanum sturtianum"
26	"Leaves lobed; fruit 2Ð3 cm diam"	"Solanum hermanni"
27	"Leaves lobed"	28
27	"Leaves entire or with an undulate margin, rarely clearly lobed"	29
28	"Leaf lobes narrow, c. 5 mm broad; prickles red; flowers purple-blue"	"Solanum lacunarium"
28	"Leaf lobes broader, c. 10 mm broad; prickles brownish; flowers purple"	"Solanum erernophilum"
29	"Plants unarmed or with a few prickles towards the base of the stem"	30
29	"Plants mostly prickly"	31
30	"Leaves green or grey-green"	"Solanum esuriale"
30	"Leaves rusty-pubescent"	"Solanum centrale"
31	"Branches mostly spreading or sprawling; mature fruits green or flushed purplish"	32
31	"Branches mostly erect; mature fruits yellowish"	33
32	"Flowers small, pale-lavender, often not opening"	"Solanum cleistogamum"
32	"Flowers showy, purple"	"Solanum ellipticum"
33	"Prickles fine, needle-like; plants erect, branching above; anthers c. 8 mm long"	"Solanum elaeagnifolium"
33	"Prickles coarser, often slightly hooked; plants branching below; anthers c. 6 mm long"	"Solanum coactiliferum"
