from	statement	to
1	"All 5 tepals similar in shape and size"	2
1	"Outer 3 tepals differing in shape and size from inner 2 tepals"	5
2	"Tepals woolly in the lower half"	"Altenanthera angustifolia"
2	"Tepals glabrous"	3
3	"Leaves elliptic or oblong to narrowly ovate, 10-25 x 6-10 mm"	"Altenanthera nana"
3	"Leaves linear to linear-oblong, oblong or narrowly elliptic, 20-80 x 2-8 mm long"	4
4	"Clusters of flower spikes usually 5-10 mm wide; tepals 2-3 mm long, acute or shortly acuminate"	"Altenanthera denticulata"
4	"Clusters of flower spikes usually 10-20 mm diam.; tepals 4-5 mm long, long-acuminate"	"Altenanthera nodiflora"
5	"Outer 3 tepals 3-6 mm long; longest 2 tepals pungent, small tufts of hairs present on the back near the base"	"Altenanthera pungens"
5	"Outer 3 tepals 2.5-3 mm long; longest 2 tepals not pungent, hairy on the back for some or all of length"	"Altenanthera bettzichiana"
