from	statement	to
1	"Lemma teeth drawn out into straight awns, the longer pair of awns 2–4 mm long"	"Amphibromus archeri"
1	"Lemma teeth not forming awns"	2
2	"Lemma densely hairy"	"Amphibromus recurvatus"
2	"Lemma scabrid or papillose"	3
3	"Plant weakly rhizomatous; apex of leaf blade almost pungent"	"Amphibromus sinuatus"
3	"Plant densely tufted; apex of leaf blade long and slender"	4
4	"Glumes narrow; 1st glume 3–4 mm long; 2nd glume 4–5 mm long"	"Amphibromus neesii"
4	"Glumes broad; 1st glume usually c. 4 mm long; 2nd glume to 7.3 mm long"	5
5	"Awn arising about one-third from the apex of the lemma"	"Amphibromus pithogastrus"
5	"Awn arising near the centre of the lemma"	6
6	"Lemma evenly tapering from body of lemma"	"Amphibromus nervosus"
6	"Lemma with drawn out chartaceous apex"	"Amphibromus macrorhinus"
