from	statement	to
1	"Sepals fused for about half their length or more; stipules absent"	2
1	"Sepals free or almost so; stipules present or absent"	8
2	"Fruit membranous, dehiscent; seed 1"	Scleranthus
2	"Fruit a valved capsule; seeds several"	3
3	Styles	4
3	"Styles 3 or"	6
4	"Calyx without bracteoles at the base"	5
4	"Calyx with bracteoles at the base"	Petrorhagia
5	"Leaves oblong-lanceolate to ovate"	Vaccaria
5	"Leaves linear"	Gypsophila
6	"Styles 3; capsule 6-toothed"	Silene
6	"Styles 5; capsule 5-toothed"	7
7	"Calyx c. 6 cm long"	Agrostemma
7	"Calyx up to 2 cm long"	Lychnis
8	"Stipules present"	9
8	"Stipules absent"	14
9	"Fruit a membranous nutlet; seed"	10
9	"Fruit a valved capsule; seeds several"	11
10	"Annual; stipules half as long as the leaves"	Paronychia
10	"Perennial; stipules minute"	Herniariah
11	"Leaves obovate to spathulate"	Polycarpon
11	"Leaves linear to linear-lanceolate"	12
12	"Styles 5, free; capsule 5-valved"	Spergula
12	"Styles 3, free or fused; capsule 3-valved"	13
13	"Sepals white-silvery (very conspicuous)"	Polycarpaea
13	"Sepals green, with scarious margins"	Spergularia
14	"Capsule valves or teeth 3–5, same as the number of styles"	15
14	"Capsule valves 6–10, more than (usually twice as many as) the styles"	17
15	"Styles and capsule valves 5; leaves to 3 cm long, in basal tufts"	Colobanthus
15	"Styles and capsule valves 3 or 4; leaves to 12 mm long, cauline"	16
16	"Styles and capsule valves 3"	Minuartia
16	"Styles and capsule valves 4"	Sagina
17	"Styles 3; capsule valves"	18
17	"Styles 4 or 5; capsule teeth or valves 8 or"	19
18	"Petals entire"	Arenaria
18	"Petals 3-fid or 0"	Stellaria
19	"Glabrous; styles 4; capsule teeth 8"	Moenchia
19	"Hairy; styles 5; capsule valves 10"	Cerastium
