from	statement	to
1	"Awn 25 mm long or longer (rarely only 20 mm); inflorescence usually dense with the obvious long awns semi-erect or spreading; awn inserted 1.5–2.5 mm below the lemma tip"	"Dichelachne crinita"
1	"Awn less than 25 mm long; inflorescence open or dense, the awns not as obvious; awn inserted less than 1 mm below the lemma tip"	2
2	"Lemma distinctly longer than the 1st glume, often longer than both glumes"	"Dichelachne inaequiglumis"
2	"Lemma shorter than the 1st glume, shorter or longer than the 2nd"	3
3	"Inflorescence dense; lemma entirely scabrous; hilum linear"	"Dichelachne micrantha"
3	"Inflorescence sparse; lemma scabrous only toward apex; hilum elliptic"	"Dichelachne rara"
