from	statement	to
1	"Lower cauline leaves broad and much divided; lobes gradually becoming narrower towards the tip; terminal lobe > 1.5 mm wide"	"Convolvulus angustissimus subsp. angustissimus"
1	"Lower cauline leaves with narrow lobes almost from the base; terminal lobe < 1.5 mm wide, if greater then basal lobes spreading and clavate and terminal lobe distinctly obovate-clavate"	2
2	"Leaves with ascending lobes, mostly < 1/3 the length of the terminal lobe; lower cauline leaves with distinct spreading clavate basal lobes; sepals moderately to sparsely hairy with ascending and spreading hairs common"	"Convolvulus angustissimus subsp. peninsularum"
2	"Leaves with ascending lobes, often > 1/3 the length of the terminal lobe and lacking distinct basal lobes; sepals glabrous to sparsely hairy, with the hairs mainly appressed"	"Convolvulus angustissimus subsp. fililobus"
