from	statement	to
1	"Perennial spindly shrub; corolla yellow"	"Nicotiana glauca"
1	"Annual or short-lived perennial herb; corolla white or whitish"	2
2	"Sticky ellipsoid-headed hairs present on all parts"	"Nicotiana occidentalis"
2	"Sticky ellipsoid-headed hairs absent"	3
3	"Flowering stems leafy"	"Nicotiana burbidgeae"
3	"Flowering stems leafless at least above"	4
4	"Cauline leaves decurrent on the stem; plants glabrous"	"Nicotiana excelsior"
4	"Cauline leaves not decurrent on the stem; plants glabrous or pubescent"	5
5	"Leaves mostly cauline, broadly auriculate and stem-clasping"	"Nicotiana gossei"
5	"Leaves mostly radical; cauline leaves not auriculate or stem-clasping"	6
6	"Corolla tube usually longer than 25 mm, if shorter then plants glabrous"	7
6	"Corolla tube usually shorter than 25 mm; plants pubescent"	9
7	"Plants pubescent; capsules not more than twice as long as wide"	"Nicotiana simulans"
7	"Plants glabrous or glabrescent; capsules often more than twice as long as wide"	8
8	"Plants glabrous; corolla tube shorter than 20 mm; seeds C-shaped"	"Nicotiana goodspeedii"
8	"Plants pubescent; corolla tube usually longer than 25 mm; seeds reniform"	"Nicotiana rosulata"
9	"Pubescence at the base of the plant grey- or white-woolly; seeds reniform"	"Nicotiana maritima"
9	"Pubescence at the base of the plant not grey- or white-woolly; seeds C-shaped"	"Nicotiana velutina"
