from	statement	to
1	"Inflorescence a solitary capitulum on a naked scape; corolla almost actinomorphic"	"Brunonia:Brunonia australis"
1	"Inflorescence not capitular, if scapose then loose with prominent bracteoles; corolla strongly zygomorphic"	2
2	"Ovary containing 1 or 2 ovules; fruit an indehiscent nut or drupe"	3
2	"Ovary containing 4-many ovules; fruit a capsule"	4
3	"Corolla 2-lipped, the posterior lobes with auricles; anthers cohering in a tube"	Dampiera
3	"Corolla 1-sided with lobes spreading like a fan, without auricles; anthers free"	Scaevola
4	"Ovary superior (free from the calyx)"	Velleia
4	"Ovary inferior (more or less enclosed by the hypanthium)"	5
5	"Divaricate shrubs with linear terete leaves or minute scale leaves"	Lechenaultia
5	"Herbs, or shrubs with broad flat prominent leaves"	6
6	"Plant succulent; corolla l-sided with lobes spreading like a fan, lacking membranous wings"	"Selliera:Selliera radicans"
6	"Plant never succulent; corolla more or less 2-lipped, with membranous-winged lobes"	7
7	"Seeds wingless, hardly compressed, carunculate"	"Coopernookia:Coopernookia strophiolata"
7	"Seeds flattened, winged, without a caruncle"	Goodenia
