from	statement	to
1	"Culms (and often the leaves) tetete or angular or, if slightly flattened, then always less than 1.5 mm wide"	2
1	"Culms and leaves distinctly flattened, the former nearly always (except in Lepidosperma lineare which has only 2–5 spikelets) more than 1.5 mm wide"	6
2	"Axis of the short panicle very flexuose, finally deflexed; spikelets rather few, narrow and diverging widely; glumes obtuse or with a mucro"	"Lepidosperma tortuosum"
2	"Axis of panicle straight or slightly flexed; spikelets often numerous, more or less appressed to the panicle branches; glumes acute to acuminate"	3
3	"Panicle becoming blackish, condensed and spike-like; lowest bract rigid, almost pungent, very long, often as long as the inflorescence; all the glumes acuminate"	"Lepidosperma carphoides"
3	"Panicle brown or greyish, elongated or with spreading branches; lowest bract not rigid, usually much shorter than the inflorescence; glumes obtuse or acute, but never long-acuminate"	4
4	"Leaves reduced to basal sheaths, with or without short capillary blades"	"Lepidosperma semiteres"
4	"Leaves normal, the blades well developed and conspicuous"	5
5	"Leaf blades terete or slightly flattened, with rounded edges; panicle branches short and appressed; hypogynous scales ciliate"	"Lepidosperma canescens"
5	"Leaf blades flat, with thin hyaline edges; panicle branches divergent, rather slender; hypogynous scales glabrous"	"Lepidosperma semiteres"
6	"Culms thick, soft, pithy and easily indented (sometimes hollowed), strongly biconvex, without sharp or cutting edges"	"Lepidosperma longitudinale"
6	"Culms hard and solid, either biconvex or with sharp flattened edges and a high central rib, or quite flat on one or both faces"	7
7	"Panicle with densely aggregated spikelets, the lowest branch about equal to or shorter than its subtending bract"	8
7	"Panicle with loosely arranged spikelets, the lowest branch usually far exceeding its bract"	12
8	"Panicle short, congested and widely pyramidal, subtended by a broadish bract; culms usually more than 4 mm wide"	9
8	"Panicle elongating; culms usually less than 4 mm wide"	10
9	"Culms usually 1 m long or more, more than 6 mm wide, with a prominent central rib; hypogynous scales very broad, more or less one-third the length of the nut"	"Lepidosperma gladiatum"
9	"Culms less than I m long, less than 6 mm wide, planoconvex; inner hypogynous scales long-acuminate, one-third to half the length of the nut"	"Lepidosperma concavum"
10	"Panicle blackish, interrupted, with the primary branches very short and spikelets in dense golden clusters"	"Lepidosperma congestum"
10	"Panicle brown or greyish, not interrupted; spikelets not in globoid clusters"	11
11	"Culms almost flat, often with resinous particles along the edges; subtending bracts rather short and broad"	"Lepidosperma viscidum"
11	"Culms often semiterete; subtending bracts not very long-pointed"	"Lepidosperma canescens"
12	"Panicle less than 4 cm long, scarcely higher than the leaves, with very few (usually 2–5) spikelets; culms and leaves less than 30 cm long and to 2 mm wide"	"Lepidosperma lineare"
12	"Panicle more than 4 cm (usually more than 10 cm) long, exceeding the leaves; spikelets numerous; culms and leaves more than 30 cm long and more than 2 mm wide (except in reduced states of Lepidosperma viscidum)"	13
13	"Culms never resinous on the margins; scales lanceolate, a quarter to a half as long as the nut"	"Lepidosperma laterale"
13	"Culms often bearing resinous particles on the edges; scales ovate, less than a quarter of the length of the nut"	"Lepidosperma viscidum"
