from	statement	to
1	"Stolons absent; leaves lanceolate or oblong"	"Viola betonicifolia"
1	"Stolons present; leaves reniform, ovate, ovate-rhomboid, not lanceolate or oblong"	2
2	"Leaves deeply caudate at the base, lamina 2–5 cm long; anterior petal prominently spurred; style hooked at the tip"	"Viola odorata"
2	"Leaves not deeply caudate at the base, lamina 0.5–2 cm long; anterior petal weakly pouched, not spurred; style straight at the tip"	3
3	"Leaves reniform to suborbicular, often broader than long; petals violet and white"	"Viola hederacea"
3	"Leaves ovate to ovate-rhomboid, as wide as long or longer; petals concolorous, blue-violet or cream"	4
4	"Peduncles exceeding the leaves; petals a pale to dark blue-violet, twice the length of the sepals"	"Viola sieberiana"
4	"Peduncles as long as or scarcely exceeding the leaves; petals cream-coloured, scarcely exceeding the sepals"	"Viola cleistogamoides"
