from	statement	to
1	"Leaves apparently simple"	"Indigofera linifolia"
1	"Leaves pinnate"	2
2	"Leaflets alternate or subopposite; pod (1-) 2 (-3)-seeded"	"Indigofera linnaei"
2	"Leaflets opposite on rachis; pod with seeds > 3"	3
3	"Gland-tipped hairs always present, at least on the ovary or fruit; pod 1.5-2 mm diameter"	"Indigofera colutea"
3	"Gland-tipped hairs absent; pod 2 mm or more in diameter"	4
4	"Leaves usually with 5 leaflets (range 3-9)"	5
4	"Leaves usually with 7 or more leaflets"	6
5	"Pod ± tetragonal; flowers pink"	"Indigofera ewartiana"
5	"Pod terete; flowers red"	"Indigofera georgei"
6	"Upper surface of leaflets glabrous or sparsely appressed-hairy; pods ± glabrous"	7
6	"Upper surface of leaflets moderately to densely hairy; pods variously hairy"	8
7	"Stems ± tetragonal; stipules spinescent"	"Indigofera helmsii"
7	"Stems ± terete or irregularly angular; stipules not spinescent"	"Indigofera australis"
8	"Keel 4-6.5 mm long; staminal tube < 4 mm long"	9
8	"Keel 6.5-9 mm long; staminal tube ? 4 mm long"	10
9	"Perennial subshrub; flowers pink"	"Indigofera psammophila"
9	"Shrub; flowers deep purplish pink"	"Indigofera basedowii"
10	"Leaflets grey-green to grey"	11
10	"Leaflets densely white-hairy"	"Indigofera leucotricha"
11	"Leaflets 15-21; calyx lobes longer than the tube"	"Indigofera longibractea"
11	"Leaflets 9-15; calyx lobes shorter than or equal to the tube"	"Indigofera cornuligera"
