from	statement	to
1	"'Leaves' ovate, rarely broadly elliptic to oblanceolate or obovate"	2
1	"'Leaves' linear or linear-elliptic to linear-lanceolate"	3
2	"Leaves' in whorls of 4, with margins ciliate"	"Asperula euryphylla var. tetraphylla"
2	"'Leaves' in whorls of 5 or 6, rarely 4 at the apex, with margins smooth"	"Asperula gunnii"
3	"'Leaves' in whorls of 2 or 4; branches decumbent or scrambling, glabrous or almost so"	4
3	"'Leaves' in whorls of 5–10; branches usually stiffly erect, or if not then densely covered with hairs"	5
4	"Inflorescence with flowers usually spreading at right angles to the axis; branches usually wiry"	"Asperula gemella"
4	"Inflorescence with erect flowers densely clustered; branches soft- herbaceous"	"Asperula subsimplex"
5	"Upper 'leaf surface with short erect hairs"	"Asperula pusilla"
5	"Upper 'leaf surface glabrous except along the recurred margin"	6
6	"Stems and 'leaves' with short recurved hairs; 'leaves' in whorls of 5 or 6"	"Asperula conferta"
6	"Stems and 'leaves' with long spreading hairs rarely slightly bent backward at the base; 'leaves' in whorls of 7–10, rarely 6"	"Asperula syrticola"
