from	statement	to
1	"Flowers single or in pairs without a common peduncle; pedicel distinctly winged"	"Lysiana murrayi"
1	"Flowers usually in pairs on a common peduncle (sometimes very short); pedicel not distinctly winged"	2
2	"Leaves oblanceolate to spathulate, widest at 2/3 to 3/4 of length, tapering into a petiole, venation prominent; calyx usually lobed or toothed; fruit ellipsoidal to pear-shaped, 8-14 mm long, usually pale and translucent when mature"	"Lysiana subfalcata"
2	"Leaves narrowly oblong or narrowly elliptic, widest at or below mid-length, subsessile, surface sometimes wrinked but venation mostly obscure; calyx entire or weakly and irregularly lobed; fruit globular or ellipsoidal to ovoid, 6-10 mm long, opaque and deeply coloured red or black when mature"	"Lysiana exocarpi subsp. exocarpi"
