from	statement	to
1	"Inflorescences articulating readily; lateral spikelets male or bisexual"	2
1	"Inflorescences not disarticulating; lateral spikelets sterile"	5
2	"Leaves auricled; glumes of central spikelet ciliate; glumes of lateral spikelets (including awns) shorter than the lemmas"	3
2	"Leaves without auricles; glumes of all spikelets not ciliate or with few long hairs; glumes of lateral spikelets (including awns) often longer than the lemmas"	4
3	"Anthers of central spikelet usually pale, sometimes brown, 0.8–1.5 mm long, usually exserted at maturity; rhachilla extension of lateral spikelets 2.5–5 mm long, green"	"Hordeum leporinum"
3	"Anthers of central spikelet usually black, sometimes pale, 0.3–0.6 mm long, remaining within the floret at maturity; rhachilla extension of lateral spikelets 1.5–2 mm long, yellow-orange to brown"	"Hordeum glaucum"
4	"Glumes of lateral spikelets subequal, bristle-like; lower leaf sheaths usually with hairs 0.5–1 mm long"	"Hordeum hystrix"
4	"Glumes of lateral spikelets (except those towards the base of the panicle) dissimilar, the inner broader and somewhat winged; lower leaf sheaths with hairs less than 0.3 mm long"	"Hordeum marinum"
5	"Only the central spikelet of each group of three fertile and, therefore, 2 rows of fertile spikelets; lateral spikelets awnless"	"Hordeum distichon"
5	"All spikelets fertile and, therefore, 6 rows of fertile spikelets; lateral spikelets with long awns"	"Hordeum vulgare"
