from	statement	to
1	"Silicula markedly flattened; plant usually prostrate and spreading"	2
1	"Silicula subterete; plant often erect"	3
2	"Petals usually white; septum absent; ovules 40–80 per ovary"	"Menkea  australis"
2	"Petals bright-yellow; septum reduced to a narrow rim; ovules 10–40 per ovary"	"Menkea  lutea"
3	"Plant villous"	"Menkea  villosula"
3	"Plant glabrous"	4
4	"Petals usually white or cream; leaves subsucculent, entire"	"Menkea  crassa"
4	"Petals usually mauve or pink; leaves not markedly succulent, usually lobed or dentate"	"Menkea  sphaerocarpa"
