from	statement	to
1	"Leaves flexible, without a pungent apex"	2
1	"Leaves rigid, pungent pointed"	8
2	"Leaves linear to lanceolate, 6-18 times longer than wide"	3
2	"Leaves narrowly-elliptic to ovate, 2.5-6 times longer than wide"	6
3	"Leaves concolorous"	4
3	"Leaves discolorous"	5
4	"Longer leaves 15-35 cm long; inflorescences umbellate"	"Daviesia wyattiana"
4	"Longer leaves 3-13 cm long; inflorescences racemose"	"Daviesia flava"
5	"Racemes 8–15-flowered, rachis 10–27 mm long; trees or tall shrubs"	"Daviesia arborea"
5	"Racemes 3–10-flowered, rachis 5-10(-20) mm long; shrubs to 2m high"	"Daviesia discolor"
6	"Bracts widely spreading, conspicuous, (1-)2-4(-7) mm long; leaf margins obscurely crenulate"	"Daviesia latifolia"
6	"Bracts +/- appressed, inconspicuous, 0.5-1(-2) mm long; leaf margins entire"	7
7	"Leaves glossy, green; peduncles 3.5-15 mm long"	"Daviesia elliptica"
7	"Leaves dull to glaucescent; peduncles 0-5 mm long"	"Daviesia mimosoides"
8	"Leaves broadly ovate, 1.5-2 times longer than broad, base obtuse to cordate"	9
8	"Leaves elliptical to linear, 4-40 times longer than broad, base cuneate"	10
9	"Leaves hairy throughout, branchlet hairs all spreading"	"Daviesia villifera"
9	"Leaves glabrous or with a few hairs along the margin; branchlet hairs spreading to retrorse"	"Daviesia quoquoversus"
10	"Most branchlets terminating in a spine"	11
10	"Branchlets never terminating in a spine"	13
11	"Leaves linear, < 1 mm wide"	"Daviesia ulicifolia subsp. stenophylla"
11	"Leaves lanceolate to ovate, > 1 mm wide"	12
12	"Leaf midrib equally prominent above and below; lateral venation conspicuous"	"Daviesia ulicifolia subsp. pilligensis"
12	"Leaf midrib more prominent above than below; lateral venation not conspicuous"	"Daviesia ulicifolia subsp. ulicifolia"
13	"Inflorescence umbellate, 2-7-flowered"	14
13	"Inflorescence 1-flowered"	15
14	"Inflorescences 4-6-flowered; calyx zygomorphic, the upper two lobes united into a truncate lip"	"Daviesia umbellulata"
14	"Inflorescences 2-4 flowered; calyx lobes all more or less equal"	"Daviesia arthropoda"
15	"Leaves terete, 20-40 times longer than wide; longitudinally ribbed when dry, but midrib not discernible"	"Daviesia genistifolia"
15	"Leaves flattened (although sometimes recurved to revolute), 4-20 times longer than wide, the midrib easily discernible"	16
16	"Pedicels 1-2.5 mm long"	"Daviesia acicularis"
16	"Pedicels 4-12 mm long"	17
17	"Inflorescences all simple, axillary; flowers solitary or an umbellate pair"	"Daviesia filipes subsp. filipes"
17	"Terminal 1–5-flowered racemose or paniculate inflorescences present in addition to simple axillary inflorescences"	"Daviesia filipes subsp. terminalis"
