from	statement	to
1	"Underside of leaves with very dense indumentum, hairs concealing leaf surface; pedicels 3.5-7 mm long at anthesis"	"Ziziphus mauritiana"
1	"Underside of leaves with sparse indumentum, surface readily visible; pedicels 1.5-3 mm long at anthesis"	2
2	"Leaves asymmetrical, one side strongly convex, the other side weakly convex; stipules spinose; lower surface of leaves sparsely hairy"	"Ziziphus oenoplia"
2	"Leaves symmetrical, although slightly oblique at base; stipules innocuous; lower surface of leaves glabrous, with hairs confined to veins"	"Ziziphus timoriensis"
