from	statement	to
1	"Flowers 4.5-10cm long"	2
1	"Flowers 14-20cm long"	4
2	"Fruits with 40-60 broad-based spines, the longer ones at the distal end of fruit"	"Datura ferox"
2	"Fruits with 100-200 slender spines, not noticeably longer at distal end"	3
3	"Fruits deflexed or pendulous; corolla 4.5-7cm long"	"Datura leichhardtii"
3	"Fruits held erect on plant; corolla 6-10cm long"	"Datura stramonium"
4	"Leaves and stems densely hairy; corolla white"	"Datura inoxia"
4	"Leaves and stems glabrous or almost so; corolla purple on inner surface"	"Datura metel"
