from	statement	to
1	"Fruit sutures outwardly ribbed or winged"	2
1	"Fruit sutures smooth or depressed"	3
2	"Fruit green, sparsely hairy, sutures distinctly winged; leaflets flat, glabrous or with sparse minute pale hairs"	"Diploglottis alaticarpa"
2	"Fruit yellow or orange, densely rusty hairy, sutures ribbed not truly winged; leaflets bullate and rusty hairy"	"Diploglottis bernieana"
3	"Fruit glabrous or sparsely hairy"	4
3	"Fruit velvety or densely hairy"	6
4	"Aril orange; young growth, peduncles and leaf axes villous with deep red hairs; leaflets 5–10 pairs"	"Diploglottis pedleyi"
4	"Aril red (with the exception of a very rare occurrence of orange); indumentum of pale hairs; leaflets 2–4 pairs"	5
5	"Fruit valves thick; petiolules 10–35 mm long; inflorescence 10–25 mm long; occurs north of Innisfail, NE Qld"	"Diploglottis harpulliodes"
5	"Fruit valves thin, aril rarely orange; petiolules 2–5 mm long; inflorescence 120–160 mm long; occurs in SE Qld and NE NSW"	"Diploglottis campbellii"
6	"Leaflets distinctly bullate"	7
6	"Leaflets flat, secondary veins may be depressed but not truly bullate"	9
7	"Indumentum of pale hairs"	"Diploglottis smithii"
7	"Indumentum of rusty or dark brown hairs"	8
8	"Sparsely branched or mostly an unbranched tree to 6 m; new growth pink; occurs north from Cooktown (NE Qld)"	"Diploglottis macrantha"
8	"Tree to 35 m; new growth green; occurs south from Mt Walsh NP (SE Qld and NE NSW)"	"Diploglottis australis"
9	"Indumentum silvery; primary vein slightly raised or flush in a deep groove"	"Diploglottis bracteata"
9	"Indumentum rusty; primary vein not deep with a groove"	10
10	"Leaflet apices shortly acuminate; occurs north from Eungella, central eastern Qld"	"Diploglottis diphyllostegia"
10	"Leaflet apices obtuse or truncate; occurs from Sarina to Proserpine area, central eastern Qld"	"Diploglottis obovata"
