from	statement	to
1	"Leaf-blades pubescent below; inflorescence axes and branchlets pubescent with simple hairs 0.3-0.7 mm long"	"Ligustrum sinense"
1	"Leaf-blades glabrous; inflorescence axes glabrous or puberulent with simple hairs 0.1-0.2 mm long"	2
2	"Inflorescence axes glabrous, panicles > 14 cm long; petioles 8-20 mm long; leaf blades 6-12 cm long, 3.5-6 cm wide"	"Ligustrum lucidum"
2	"Inflorescence axes puberulent, panicles < 12 cm long; petioles 1-6 mm long"	3
3	"Panicles open, 6-11 cm long and wide; pedicels 1-2 mm long; corolla lobes 1.8-2.3 mm long; leaf blades 4-9 cm long, 1.5-4 cm wide. E Qld (Windsor Tableland to Bundaberg); native to Qld"	"Ligustrum australianum"
3	"Panicles compact, 2-6 cm long, 1.5-5 cm wide; pedicels 0.3-0.6 mm long; corolla lobes 3-4 mm long; leaf blades 1-4.5 cm long, 0.6-1.5 cm wide; naturalised SE Qld (S of Warwick)"	"Ligustrum vulgare"
