from	statement	to
1	"Petal apex fringed with 12-25 sinuate cilia; inflorescence axis relatively short and stout (3-10 mm x 3-4 mm), erect"	"Ceriops pseudodecandra"
1	"Petal apex with 3(-5) clavata appendages; inflorescence axis relatively long and slender (10-30 mm x 2 mm), bending downwards"	2
2	"Hypocotyl terete (without ridges) usually less than 10 cm long at maturity; base of calyx lobe in flowering 1.2-1.5 mm in width; stipule usually shorter than 1.2 cm long at extension stage"	"Ceriops australis"
2	"Hypocotyl angular (with ridges) 9-25 cm long at maturity; base of calyx lobe in flowering 1.8-2.5 mm in width; stipule usually longer than 1.2 cm long at extension stage"	"Ceriops tagal"
