from	statement	to
1	"Leaves and stems glabrous at all stages"	2
1	"Leaves and stems hairy, at least on new growth"	5
2	"Leaves with only the midvein visible or pinnate lateral veins faintly visible"	Memecylon
2	"Leaves with 3-7 longitudinal veins readily visible"	3
3	"Leaves with 5-7 longitudinal veins, base cordate; calyx strongly 5-ribbed; style with many glandular hairs (Poikilogyne cordifolia)"	Poikilogyne
3	"Leaves with 3 longitudinal veins, base cuneate; calyx not ribbed; style glabrous"	4
4	"Leaves in whorls of 3 or 4; petioles 15-20 mm long; vine (Medinilla balls-headleyi)"	Medinilla
4	"Leaves opposite; petioles 3-5 mm long; shrub or tree (Pternandra coerulescens)"	Pternandra
5	"Hairs on upper side of leaf with their basal portion (30-90%) adnate to epidermis"	6
5	"Hairs on upper side of leaf not adnate or less than 10% adnate to epidermis, or upper surface glabrous"	10
6	"Petals 4; petioles 0-2 mm long; leaves lanceolate, 4.5-7.5 times longer than wide (Osbeckia chinensis)"	Osbeckia
6	"Petals 5; petioles 6-50 mm long; leaves elliptical to broadly ovate, 1.8-3.1(-4.5) times longer than wide"	7
7	"Young stems winged; inflorescence a cluster of several sessile flowers surrounded and obscured by leafy bracts; petals 4-5 mm long (Tristemma mauritianum)"	Tristemma
7	"Young stems quadrangular but not winged; flowers pedicellate, solitary or in cymes, bracts not obscuring flowers; petals 15-40 mm long"	8
8	"Larger leaves 20-41 mm long, 3-veined; flowers solitary (Heterotis rotundifolia)"	Heterotis
8	"Larger leaves 50-140 mm long, 5-7-veined; flowers in cymes"	9
9	"Hypanthium scales broad (0.3-0.5 mm wide), ciliolate; staminal filaments glabrous; fruits fleshy"	Melastoma
9	"Hypanthium scales narrow (<0.1 mm wide), without cilia; staminal filaments hairy; fruits capsular"	Pleroma
10	"Branchlets with sparse simple hairs +/- perpendicular to branchlet"	11
10	"Branchlets with stellate hairs OR with dense appressed to antrorse simple hairs"	12
11	"Branchlet hairs not gland-tipped; upper leaf surface bullate; petals white, 6-7 mm long; fruits fleshy (Clidemia hirta)"	Clidemia
11	"Branchlet hairs gland-tipped; upper leaf surface flat; petals pink, 17-23 mm long; fruits capsular (Arthrostemma ciliatum)"	Arthrostemma
12	"Secondary veins of leaf at 70-90 degrees to midrib; petals 2-5 mm long; fruits fleshy, 3-5 mm long"	Miconia
12	"Secondary veins of leaf at 30-60 degrees to midrib; petals 25-35 mm long; fruits capsular, 15-18 mm long (Pleroma urvilleana)"	Pleroma
