from	statement	to
1	"Leaves glabrous or with scattered hairs on the veins; flowers blue"	2
1	"Leaves moderately to densely hairy, hairs not confined to veins; flowers pink, white or mauve"	3
2	"Leaf margins dentate; leaves dark green"	"Stachytarpheta cayennensis"
2	"Leaf margins crenate; leaves pale green"	"Stachytarpheta jamaicensis"
3	"Rachis of inflorescence 5-7 mm diameter; flowers bright pink"	"Stachytarpheta mutabilis"
3	"Rachis of inflorescence 2-3 mm diameter; flowers white to mauve"	"Stachytarpheta australis"
