from	statement	to
1	"Fruits bristly, spiny or with conical, spine-tipped tubercules; sepals with prominent appendage on outer surface"	Triumfetta
1	"Fruits without bristles or spines; sepals without an appendage"	2
2	"Fruit drupaceous, indehiscent, 1–4-lobed"	Grewia
2	"Fruit capsular, dehiscent, without lobes"	3
3	"Trees; flowers unisexual; petals mauve to purple, thickened at base with glandular pad; seeds with a corona of radial hairs"	Trichospermum
3	"Herbs or shrubs; flowers bisexual; petals yellow, lacking thickened base; seeds glabrous"	Corchorus
