from	statement	to
1	"Stems and internodes terete or compressed but not strongly flattened in one plant, without visible veins, c. 1.5 mm diameter"	"Korthalsella grayi"
1	"Stems and internodes strongly flattened in one plane, with 1–5 veins visible as longitudinally raised ribs"	2
2	"Flowers in terete spike-like conflorescences arising singly or in threes, terminal and sometimes lateral, sharply distinct from the strongly flattened vegetative internodes"	"Korthalsella papuana"
2	"Flowers produced at all nodes or predominantly on more slender lateral axes, but not in strongly differentiated spike-like conflorescences"	3
3	"Branches flattened in same plane as parent stem; internodes slightly contracted, not strongly articulated at nodes, each whole stem forming an integrated cladode tapering at each end"	"Korthalsella breviarticulata"
3	"Branches mostly flattened transversely to parent stem; internodes contracted at ends, strongly articulated so that individual internodes are the visually distinct units of all stems"	4
4	"Plant usually less than 7 cm high; largest internodes < 10 mm long and 5 mm wide; flowers usually 8 or fewer per cluster"	"Korthalsella brassiana"
4	"Plant usually > 10 cm high; largest internodes > 12 mm long and 8 mm wide; flowers usually over 12 per cluster"	5
5	"Floral cushions not protruding, with sparse red hairs; rudimentary leaves usually obtuse, 0.5–1 mm long, together continuous around node and almost continuously free; flowers almost completely encircling node in early stage; hosts rainforest species; E Qld"	"Korthalsella rubra subsp. rubra"
5	"Floral cushions protruding in older inflorescences, with a dense mass of white hairs; rudimentary leaves acute, tapering from 0.5 to 0.2 mm long, fused as a rim on face of internode between flower clusters, which are distinct at all stages; hosts commonly Geijera, also Eremophila & vine thicket species; Central & S inland Qld (Injune to Chinchilla)"	"Korthalsella rubra subsp. geijericola"
