from	statement	to
1	"Trunk base and branches without thorns; leaf-blades 8-14 cm long, 3-7 cm wide; fruits 10-13 mm diameter; native shrub or small tree, rainforest"	"Flacourtia sp. (Shiptons Flat)"
1	"Trunk base and branches with thorns; naturalised"	2
2	"Styles connate into a distinct column; leaf-blades 7-11 cm long, 3-5 cm wide; sepals 4, rarely 5; filaments glabrous; fruits 15-25 mm diameter"	"Flacourtia jangomas"
2	"Styles free or slightly connate at the base; leaf-blades 2-5.5 cm long, 1.5-3 cm wide; sepals 5 or 6; filaments pubescent at base; fruits 8-12 mm diameter"	"Flacourtia indica"
