from	statement	to
1	"Calyx outside with 1 or more very conspicuous glands"	2
1	"Calyx outside glandless or with very obscure glands"	3
2	"Vines; calyx outside bearing 1 large gland; lowest stamen very much larger than the other ones; mericarps winged; stipules borne on stem or lacking; fruit a dry, 3-winged samara (Hiptage benghalensis)"	Hiptage
2	"Shrubs or small trees; calyx outside bearing 8–10 decurrent glands; stamens subequal, 5 opposite sepals on longer filaments than those opposite petals; stipules borne on base of petioles; fruit an orange-red berry with 2 (or 3) 1-seeded pyrenes in a fleshy exocarp, 2–3 cm diameter (Bunchosia glandulifera)"	Bunchosia
3	"Shrubs; petals clawed; fruits not winged; stipules borne on base of petioles (Galphimia gracilis)"	Galphimia
3	"Vines or scramblers; fruits winged or with acute outgrowths; stipules borne on stems"	4
4	"Fruits winged only on one side; petals subsessile (claws up to 1 mm long); styles in bisexual flowers 3, in male flowers absent; stigmas capitate"	Stigmaphyllon
4	"Fruits surrounded by a wing or whorl of 7–10 stellately expanded outgrowths; petals distinctly clawed; styles 1 (or 2); stigmas very small, rounded (Tristellateia australasiae)"	Tristellateia
