from	statement	to
1	"Young branchlets glabrous or with minute simple hairs"	2
1	"Young branchlets with stellate hairs"	4
2	"Flowers lacking petals (sepals only present); fruits tuberculate"	"Ricinocarpos verrucosus"
2	"Flowers with petals and sepals; fruits spiculate, densely covered with subulate processes"	3
3	"Fruits 8–12 mm long, 10–14 mm across; seeds ovoid, 5.5–9 mm long, 3.2–4.2 mm across; caruncles ± smooth"	"Ricinocarpos pinifolius"
3	"Fruits 14–16 mm long, 14–16 mm across; seeds ellipsoid, 9.5–10 mm long, 6–6.5 mm across; caruncles ruminate"	"Ricinocarpos ruminatus"
4	"Petals < 6 mm long"	5
4	"Petals ≥ 6 mm long"	7
5	"Margins of leaf blades recurved with most of the abaxial surface of the leaf blade visible"	"Ricinocarpos ledifolius"
5	"Margins of leaf blades recurved to revolute so that only the midrib of the abaxial surface of the leaf blade is visible"	6
6	"Fruits < 7 mm long"	"Ricinocarpos crispatus"
6	"Fruits ≥ 7 mm long"	"Ricinocarpos linearifolius"
7	"Adaxial surface of leaf blades hairy becoming glabrous and scabrid by the persistent tuberculate bases of deciduous hairs"	"Ricinocarpos trachyphyllus"
7	"Adaxial surface of leaf blades stellate-pubescent when young becoming glabrous and smooth"	8
8	"Leaf blades ≥ 7 mm wide"	"Ricinocarpos speciosus"
8	"Leaf blades < 7 mm wide"	9
9	"Margins of leaf blades recurved with most of the abaxial surface of the leaf blade visible"	"Ricinocarpos caniana"
9	"Margins of leaf blades recurved to revolute so that only the midrib of the abaxial surface of the leaf blade is visible"	"Ricinocarpos linearifolius"
