from	statement	to
1	"Flowers yellow, sometimes streaked red or purple; basal and terminal leaflets dissimilar in shape, the basal pair ovate or lanceolate, the upper three obovate or oblanceolate"	"Lotus subbiflorus"
1	"Flowers pink, white or purple-red; leaves with all five leaflets obovate or oblanceolate, rarely linear"	2
2	"Plants erect; leaflets 8–40 mm long, umbels with 2–8 flowers; flowers 10–18 mm long; calyx 5–12 mm long; keel obtusely curved along lower edge"	"Lotus australis"
2	"Plants prostrate or ascending; leaflets 10–15 mm long; umbels with 1–3 flowers; flowers 6–9 mm long; calyx 4–5 mm long; keel abruptly angled on lower edge"	"Lotus cruentus"
