from	statement	to
1	"Leaf blades linear or lanceolate, (7–) 9–16 cm long, 0.2–1.5 cm wide"	"Wrightia saligna"
1	"Leaf blades ovate, elliptic, elliptic-lanceolate or obovate, 10–18 cm long, 3–8 cm wide"	2
2	"Leaves and branchlets pubescent"	"Wrightia pubescens subsp. penicillata"
2	"Leaves and branchlets glabrous or with scattered simple hairs"	3
3	"Leaf blades with 6–11 pairs of secondary veins, 9–15 cm long, 3–5 cm wide; corolla white to pale yellow; lowland rainforests"	"Wrightia laevis"
3	"Leaf blades with 12–18 pairs of secondary veins, 4–8 cm long, 2–4 cm wide; corolla yellow to orange; woodlands, shrublands, vine thickets or vine forests"	"Wrightia versicolor"
