from	statement	to
1	"Stipules present at junction with stem or at base of petiole, subulate, filiform or narrowly triangular, caducous, 1-30 mm long"	2
1	"Stipules absent"	6
2	"Leaflets (13-)16-34 cm long, 6-10 cm wide; inflorescences 25-50 cm long. Lowland rainforest"	"Canarium acutifolium var. acutifolium"
2	"Leaflets 3.5-15(-18) cm long, 2.5-6.5 cm wide; inflorescences 5-25 cm long"	3
3	"Leaflets white-velutinous below with appressed hairs"	"Canarium australianum var. australianum"
3	"Leaflets glabrous, glabrescent or pubescent below"	4
4	"Leaflets pubescent below"	"Canarium australianum var. velutinum"
4	"Leaflets glabrous or with a few scattered hairs below"	5
5	"Leaflet apex acuminate; lateral veins 8-12 pairs. Lowland rainforest"	"Canarium vitiense"
5	"Leaflet apex obtuse, rounded or acute; lateral veins 14-24 pairs. Woodland and rainforest"	"Canarium australianum var. glabrum"
6	"Leaflet tertiary venation distinctly raised above; leaflets 5-7 with obtuse of rounded apices; petals white or pale green; fruits ovoid, 14-18 mm long. NE Qld: Mackay to Windsor Tableland"	"Canarium muelleri"
6	"Leaflet tertiary venation obscure and ± flush above; leaflets 1-7 with acuminate to acute apices; petals maroon; fruits globular, 8-11 mm long. E Qld"	"Canarium australasicum"
