from	statement	to
1	"All pods single-seeded"	2
1	"All pods or a majority of pods with more than one seed"	4
2	"Peduncles hairy throughout"	"Neptunia scutata"
2	"Peduncles glabrous throughout, or with hairs only in the upper one-fifth"	3
3	"Pods glabrous or with very dense eglandular hairs c. 0.1 mm long; leaflets 23–34 pairs per pinna; lower bract 1.5–2.3 mm long"	"Neptunia monosperma"
3	"Pods with sparse glandular hairs 0.2–0.4 mm long; leaflets 11–24 pairs per pinna; lower bract 5–14.5 mm long"	"Neptunia xanthonema"
4	"Most or all petioles with a nectary"	5
4	"No petioles with a nectary"	7
5	"Pods 8–15-seeded"	"Neptunia plena"
5	"Pods 1–5-seeded"	6
6	"Upright shrub with thick stems; stipules deciduous; leaf pinnae with 23–39 pairs of leaflets"	"Neptunia major"
6	"Prostrate shrubs with thin stems; stipules persistent; leaf pinnae with 14–20 pairs of leaflets"	"Neptunia dimorphantha"
7	"Largest leaflets 8.2–18 mm long"	8
7	"Largest leaflets 3.0–8.2 mm long"	10
8	"Plants semi-aquatic, with inflated floating stems; pods 12–15 seeded"	"Neptunia plena"
8	"Plants terrestrial, stems not inflated; pods 2–7 seeded"	9
9	"Fruiting peduncles 61–110 mm long; stems and peduncles with long spreading hairs; lower peduncle bract 5–9 mm long"	"Neptunia insignis"
9	"Fruiting peduncles 36–52 mm long; stems and peduncles glabrous or with short puberulous hairs; lower peduncle bract 11–19 mm long"	"Neptunia amplexicaulis"
10	"Leaves with 4–6 pairs of pinnae; rachises with straight or curved antrorse hairs 0.2–0.5 mm long"	"Neptunia heliophila"
10	"Leaves with 1–3(–4) pairs of pinnae; rachises glabrous or with patent hispid hairs"	11
11	"Petioles 10–17 mm long; fruiting peduncles 50–105 mm long"	"Neptunia gracilis"
11	"Petioles 3–9 mm long; fruiting peduncles 20–59 mm long"	12
12	"Peduncle bracts consistently absent; pods 6–9-seeded, surface glabrous"	"Neptunia tactilis"
12	"One bract present on some peduncles; pods 3–6-seeded, surface with many patent hairs"	"Neptunia proxima"
