from	statement	to
1	"Leaves 35-100 mm wide"	2
1	"Leaves 1-35 mm wide"	3
2	"Leaves 60-100 mm wide, with 19-30 pairs of teeth; flower spikes green before anthesis"	"Banksia robur"
2	"Leaves 35-70 mm wide, with 0-16 pairs of teeth; flower spikes pale yellow before anthesis"	"Banksia dentata"
3	"Leaves in whorls or almost so"	4
3	"Leaves spirally arranged"	5
4	"Involucral bracts 10–20 mm long; perianth persistent in fruit; fruiting valves remaining closed at maturity"	"Banksia conferta"
4	"Involucral bracts 2–10 mm long; perianth soon falling; fruiting valves opening at maturity"	"Banksia integrifolia"
5	"Style end hooked; leaves 1-6 mm wide"	6
5	"Style end straight; leaves 6-25 mm wide"	7
6	"Involucral bracts hirsute"	"Banksia neoanglica"
6	"Involucral bracts with little or no hair"	"Banksia spinulosa"
7	"Leaves evenly serrate to dentate, with 20-40 pairs of teeth, lower surface pale green"	8
7	"Leaves entire or irregularly toothed (0-13 pairs), lower surface white to brownish-white"	9
8	"Pollen presenter fusiform with thickened base, 2–3 mm long; follicles 25-35 mm long"	"Banksia serrata"
8	"Pollen presenter clavate-conical, c. 1 mm long; follicles 30-45 mm long"	"Banksia aemula"
9	"Leaves 3-6 times longer than broad"	"Banksia oblongifolia"
9	"Leaves 8-23 times longer than broad"	10
10	"New growth pale rusty-pubescent; leaves with a row of short, stiff brown hairs each side of midrib on lower surface; flowers pale yellow; follicles erect, 8–12 mm long"	"Banksia aquilonia"
10	"New growth red-velvety; leaves without short, stiff brown hairs each side of midrib on lower surface; flowers commonly pale blue-grey to mauve in late bud, dull yellow after anthesis; follicles turned upwards, 12–16 mm long"	"Banksia plagiocarpa"
