from	statement	to
1	"Inflorescence a compound panicle or clustered in loose corymbs"	2
1	"Inflorescence a single, dense head"	4
2	"Stems filiform, less than 1 mm wide"	"Rhynchospora gracillima"
2	"Stems stout, 2 to 15 mm wide"	3
3	"Inflorescence a large, loose, compound panicle; style base furrowed on both sides; stout plants 70 to 200 cm high"	"Rhynchospora corymbosa"
3	"Inflorescence of several small, irregular corymbs; style base not furrowed; slender plants to 1 m high, usually less"	"Rhynchospora brownii"
4	"Style base 0.4 to 0.6 mm long; achene 1.2 to 1.3 mm long; bristles whitish, shorter than the achene"	"Rhynchospora rubra"
4	"Style base more than 0.6 mm long; achene greater than 1.3 mm long; bristles usually as long or longer than the achene"	5
5	"Base of the achene and the bristles without pilose hairs, hispid hairs may be present on the bristles only"	6
5	"Base of the achene or at least bottom part of the bristles with pilose hairs"	9
6	"Achene (not including the style base) less than 2 mm long"	"Rhynchospora subtenuifolia"
6	"Achene at least 2 mm long"	7
7	"Spikelets less than 6 mm long"	"Rhynchospora submarginata"
7	"Spikelets greater than 6 mm long"	8
8	"Style base furrowed or grooved, achene with broad triangular based hairs at the apex; bristles much longer than the style base"	"Rhynchospora exserta"
8	"Style base not furrowed, achene with rather fine hispid hairs; bristles only just longer than the achene and style base"	"Rhynchospora heterochaeta"
9	"Achene folded over, papillose on the nearly joined margins"	"Rhynchospora leae"
9	"Achene biconvex or convex, not folded over"	10
10	"Style base grooved, curved, or winged alongside where it joins the achene, often setulose on the margins"	11
10	"Style base not grooved, curved or winged"	13
11	"Style base long-conical with a groove down the middle; 3 outer bristles plumose near the base"	"Rhynchospora longisetis"
11	"Style base as broad as or broader than the achene, curved but not grooved"	12
12	"Achene papillose (hairs rounded at the end) over much of its surface, pilose hairs covering lower half"	"Rhynchospora pterochaeta"
12	"Achene with hispid hairs (pointed at the end) mainly in the distal half, pilose hairs only at the base"	"Rhynchospora croydonensis"
13	"Achene greater than 3 mm long; style base at least 2 mm long"	"Rhynchospora longisetis"
13	"Achene less than 3 mm long; style base less than 1.5 mm long"	14
14	"Achene papillose almost throughout; bristles unequal in length"	"Rhynchospora wightiana"
14	"Achene hispid mainly in distal half; bristles equal"	"Rhynchospora affinis"
