from	statement	to
1	"Leaves along an elongated stem"	"Eriocaulon setaceum"
1	"Leaves in basal rosette"	2
2	"Ovary 2-locular"	3
2	"Ovary 3-locular"	9
3	"Female sepals lacking a broad dorsal keel or wing, sometimes slightly keeled, acuminate to acute"	4
3	"Female sepals with broad dorsal wing, crested"	5
4	"Floral bracts hyaline; receptacle glabrous; stamens 4; female perianth parts if bearing hyaline hairs then hairs shorter than perianth"	"Eriocaulon spectabile"
4	"Floral bracts black; receptacle densely pilose; stamens 2; female perianth parts bearing hyaline hairs which are much longer than the perianth"	"Eriocaulon wolseleyi"
5	"Involucral bracts thin, flexible, becoming reflexed at maturity"	6
5	"Involucral bracts thickened, rigid, not reflexed at maturity"	8
6	"Male petals dimorphic; female flowers equal within head with all flowers having sepals; female sepal hairs on adaxial surface"	"Eriocaulon concretum"
6	"Male petals equal; female flowers dimorphic within head with upper flowers lacking sepals; female sepal hairs marginal"	7
7	"Floral bracts acuminate to acute; female petals spathulate, glabrous"	"Eriocaulon carpentariae"
7	"Floral bracts obtuse; female petals elliptic, pubescent"	"Eriocaulon fistulosum"
8	"Floral bracts pubescent; male sepals fused for greater part, glabrous; stamens 4"	"Eriocaulon willdenovianum"
8	"Floral bracts glabrous; male sepals free to fused at base, pubescent; stamens 2"	"Eriocaulon depressum"
9	"Seed longitudinal thickenings white, prominent, thicker than transverse walls"	10
9	"Seed longitudinal thickenings lacking or similar thickness to transverse walls"	11
10	"Floral bracts obovate; male sepals 2, free to fused at base; female sepals equal"	"Eriocaulon pusillum"
10	"Floral bracts spathulate; male sepals 3, fused but split on one side to form a spathe; female sepals dimorphic"	"Eriocaulon truncatum"
11	"Anthers yellow"	"Eriocaulon cinereum"
11	"Anthers black"	12
12	"Female sepals with a broad, flattened dorsal wing"	13
12	"Female sepals lacking a broad, flattened dorsal wing, at most a slight dorsal keel"	14
13	"Involucral bracts thickened, rigid, not reflexed at maturity"	"Eriocaulon australe"
13	"Involucral bracts thin, flexible, becoming reflexed at maturity"	"Eriocaulon zollingerianum"
14	"Receptacle glabrous to sparsely hairy"	15
14	"Receptacle densely pilose"	23
15	"Involucral bracts thin, flexible, becoming reflexed at maturity"	16
15	"Involucral bracts thickened, rigid, not reflexed at maturity"	21
16	"Floral bracts with white hairs"	17
16	"Floral bracts glabrous"	20
17	"Epidermal cells of seeds more or less isodiametric, peg-like projections on both transverse and longitudinal walls"	"Eriocaulon scariosum"
17	"Epidermal cells of seeds transversely elongated, projections only on transverse walls"	18
18	"Leaves less than 6 mm wide at base"	"Eriocaulon clarksonii"
18	"Leaves greater than 10 mm wide at base"	19
19	"Leaves 4–9.4(–16) cm long; female sepals 2.6–3.7 mm long; female petals 2.2–3.2 mm long"	"Eriocaulon aloefolium"
19	"Leaves 12–22 cm long; female sepals 1.1–2.4 mm long; female petals 1.3–2.1 mm long"	"Eriocaulon giganticum"
20	"Seed epidermal thickenings continuous bands on transverse walls"	"Eriocaulon nanum"
20	"Seed epidermal thickenings of unidirectional peg-like projections on transverse walls"	"Eriocaulon athertonense"
21	"Hairs mostly absent on floral bracts and female sepals; short hairs on male petals (c. 0.1–0.2 mm) and female petals (0.05–0.15 mm)"	"Eriocaulon carsonii subsp. carsonii"
21	"Hairs always present on all floral bracts and female sepals; long hairs on male petals (c. 0.2–0.6 mm) and female petals (c. 0.1–0.4 mm)"	22
22	"Leaves with broadly subulate apex with an obtuse tip; leaf width 0.7–1.6 mm at 1 mm from apex"	"Eriocaulon carsonii subsp. orientale"
22	"Leaves with long filiform to narrowly subulate apex with a mostly acute leaf tip; leaf width 0.4–0.8 mm at 1 mm from apex"	"Eriocaulon carsonii subsp. euloense"
23	"Seeds with even thickenings around epidermal cells"	24
23	"Seeds with peg-like projections in various arrangements"	25
24	"Floral bracts aristate"	"Eriocaulon nematophyllum"
24	"Floral bracts obtuse to acute, lacking arista"	"Eriocaulon pygmaeum"
25	"Seed with transversely elongated epidermal cells and unidirectional peg-like projections on transverse walls"	26
25	"Seed with more or less isodiametric epidermal cells and with peg-like projections on all walls"	27
26	"Floral bracts pubescent; male sepals pubescent; female sepals equal, pubescent"	"Eriocaulon odontospermum"
26	"Floral bracts glabrous; male sepals glabrous; female sepals dimorphic, glabrous"	"Eriocaulon athertonense"
27	"Flower heads smooth in outline; involucral bracts glabrous; floral bracts lacking pronounced arista; male sepals fused into a spathe, rarely apparently free; female sepals dimorphic with two laterals larger and navicular"	"Eriocaulon scariosum"
27	"Flower heads squarrose in outline; involucral bracts pubescent with white hairs; floral bracts with pronounced aristate tip; male sepals free; female sepals equal"	"Eriocaulon tortuosum"
