from	statement	to
1	"Branchlets spinescent; flowers in fascicles on branchlets in axils of spines"	"Synostemon spinosus"
1	"Branchlets not spinescent; flowers axillary, solitary or in fascicles"	2
2	"Branchlets and leaves viscid"	"Synostemon ramosissimus"
2	"Branchlets and leaves not viscid"	3
3	"Branchlets leafless or with leaves reduced to triangular-ovate scales 1–1.6 mm long"	"Synostemon aphyllus"
3	"Branchlets with leaves"	4
4	"Stipule base cordate"	"Synostemon elachophyllus"
4	"Stipule base truncate to obtuse"	5
5	"Leaf blades densely pubescent above and below with erect simple hairs 0.05–0.25 mm long"	6
5	"Leaf blades glabrous, papillose or hispidulous with open tomentum"	7
6	"Leaves in fascicles, subsessile; leaf blades cuneate-obovate, hispidulous (hairs to 0.1 mm long), 2–6 mm long, 2–3 mm wide; central & SW Qld"	"Synostemon rigens"
6	"Leaves not in fascicles, petiolate (petioles 0.5–1 mm long); leaf blades broadly elliptic, minutely tomentellous (hairs to 0.2 mm long), 7–12 mm long, 4–8 mm wide; NW Qld"	"Synostemon rigidulus"
7	"Shrubs 1–2 m; fruits on pedicels 8–25 mm long; in rainforest, vine thickets or wet sclerophyll forests"	"Synostemon albiflorus"
7	"Herbs or subshrubs < 1 m; fruits sessile or on pedicels 1–8 mm long; in shrublands, woodlands, open forest, heaths or grasslands"	8
8	"Leaf blades 1.5–4.7 mm long, 0.9–2.1 mm wide, margins involute"	"Synostemon anemoniflorus"
8	"Leaf blades 4–28 mm long, 1–28 mm wide, margins flat, thickened and/or recurved"	9
9	"Leaf blades orbicular, elliptic to obovate; perennials with annual stems"	10
9	"Leaf blades oblong, narrowly elliptic, narrowly ovate or obovate; annuals or perennial without annual stems"	11
10	"Male flowers with sepals connate for half their length, 1–10 per fascicle, pedicels 1.5–3 mm long; stipules 0.4–0.7 mm long; seeds shallowly pitted, 4–5.5 mm long"	"Synostemon sphenophyllus"
10	"Male flowers with sepals free, 1–3 per fascicle, pedicels 0.6–1.8 mm long; stipules 0.7–1.7 mm long; seeds ± smooth, 5.5–7 mm long"	"Synostemon podenzanae"
11	"Plants annual with fibrous root system or tap root"	12
11	"Plants perennial with thickened rootstock"	13
12	"Perianth narrowly campanulate; seeds colliculate-rugose, cream, 4–5.2 mm long; plants with fibrous root system; central & SW Qld"	"Synostemon trachyspermus"
12	"Perianth broadly campanulate; seeds verrucate, warts often aligned longitudinally, 2.8–4 mm long; plants with tap root; tropical Qld"	"Synostemon hubbardii"
13	"Branchlets smooth; leaf margins recurved; sepals of male flower connate; fruits on pedicel 4–12 mm long"	"Synostemon hirtellus"
13	"Branchlets ridged; leaf margins flat; sepals of male flower free; fruits on pedicel 0.5–3 mm long"	14
14	"Stipules spreading, ± at right angle to stem; seeds irregularly ridged and pitted, cream to pale brown, 3.2–4.5 mm long, hilum elliptic"	"Synostemon rhytidospermus"
14	"Stipules erect or appressed; seeds irregularly verrucate in longitudinal lines, dark brown-black, 2.3–2.8 mm long, hilum circular"	"Synostemon lissocarpus"
