from	statement	to
1	"Calyx tube indistinct, shorter than the flat or slightly recurved lobes; apocarps obolid or ellipsoidal, 1.8–2.3 cm long"	"Monoon australe"
1	"Calyx tube hemispherical, obconical or pan-shaped, longer than the 3 reflexed lobes; apocarps 3–4.5 cm diameter"	2
2	"Calyx lobes obtuse, 0.5 mm long; inner petals longer and wider than outer petals; stipe mostly > 1.8 cm long; seed testa shallowly rugose"	"Monoon michaelii"
2	"Calyx lobes mostly acute, 2–2.5 mm long; inner and outer petals similar in length and width; stipe < 1.8 cm long; seed testa slightly striate"	"Monoon patinata"
