from	statement	to
1	"Stipules bristle-like, 3–4 mm long, leaving an obscure scar; flowers in open spikes, cream or white; petals 10–18 mm long (Neostrearia fleckeri)"	Neostrearia
1	"Stipules lanceolate to ovate, 5–30 mm long, leaving an obvious scar; flowers in dense closed spikes, purple, red or green; petals 5–12 mm long"	2
2	"Stipules lanceolate, 5-7 mm long, leaving a curvilinear scar; petals expanding, pale green or yellow-green, 7–12 mm long; staminodes 5 (Ostrearia australiana)"	Ostrearia
2	"Stipules asymmetrically ovate, 10–30 mm long, leaving an elliptic scar; petals inrolled, purple or red, 3–5 mm long; staminodes absent (Noahdendron nicholasii)"	Noahdendron
