from	statement	to
1	"Fruit dry, winged or with horns or tubercles"	2
1	"Fruit succulent, usually circular in transverse section, sometimes winged or prominently longitudinally winged when immature"	6
2	"Fruit (including wing) wider than long"	3
2	"Fruit (including wing) longer than wide"	5
3	"Wing 4–12 cm wide, not continuous around body of fruit; leaves 4–8.5 cm long, 2–5 cm wide"	"Terminalia platyptera"
3	"Wing 1–3 cm wide, continuous around body of fruit; leaves 1.5–10 cm long, 0.5–6.5 cm wide"	4
4	"Leaves usually less than 2.5 cm wide and more than twice as long as wide"	"Terminalia oblongata subsp. oblongata"
4	"Leaves usually more than 2.5 cm wide and up to twice as long as wide"	"Terminalia oblongata subsp. volucris"
5	"Strict rheophyte; bark deeply ﬁssured but not ﬂaky; fruit usually with warty protuberances"	"Terminalia bursarina"
5	"Not a strict rheophyte, though sometimes in drainage lines; bark shallowly ﬁssured or ﬂaky; fruit without any warty protuberances"	"Terminalia canescens"
6	"Fruit ﬂattened, elliptic in outline, 1.5–2 cm long, 1–2 cm in diameter; yellow or brownish hairs on lower surface of leaf"	"Terminalia complanata"
6	"Fruit round in transverse section, or somewhat compressed, not distinctly ﬂattened; leaf hairs usually whitish"	7
7	"Fruit globular, ovoid or cylindrical, sometimes slightly compressed, up to 1.5 cm in diameter"	8
7	"Fruit globular, ovoid or ellipsoidal, sometimes somewhat compressed, more than 1.5 cm in diameter"	22
8	"At least one surface of mature leaves glabrous, except for hairs in domatia"	9
8	"Both surfaces of leaf with some hairs, particularly above and on veins beneath"	17
9	"Leaves less than twice as long as wide"	10
9	"Leaves more than twice as long as wide"	14
10	"Petiole less than 15 mm long"	11
10	"Petiole more than 15 mm long"	13
11	"Leaves shiny above"	"Terminalia sericocarpa"
11	"Leaves not markedly shiny"	12
12	"Domatia usually present and conspicuous; fruit sometimes shortly beaked; immature fruit not encircled by a wing"	"Terminalia muelleri"
12	"Domatia absent; fruit not beaked; immature fruit compressed, encircled by a prominent wing"	"Terminalia porphyrocarpa"
13	"Fruit cylindrical or ellipsoidal, beaked, 2–5 cm long, at least twice as long as wide; mature leaves pilulose or appressed pubescent beneath"	"Terminalia platyphylla"
13	"Fruit ovoid or ellipsoidal, 1.2–3.5 cm long, less than twice as long as wide"	"Terminalia muelleri"
14	"Petiole more than 15 mm long"	"Terminalia muelleri"
14	"Petiole less than 15 mm long"	15
15	"Leaves shiny above"	"Terminalia sericocarpa"
15	"Leaves not shiny above"	16
16	"Domatia often present and conspicuous; fruit sometimes shortly beaked; immature fruit not encircled by prominent wing"	"Terminalia muelleri"
16	"Domatia absent; mature fruit beaked; immature fruit compressed, encircled by wing"	"Terminalia porphyrocarpa"
17	"Leaves with recurved margins, cuneate or shortly attenuate at base; immature fruit with two longitudinal ridges, winged at tip"	"Terminalia subacroptera"
17	"Leaves not with recurved margins, sometimes cordate, truncate or obtuse at base; immature fruit sometimes ridged or winged, not winged at tip"	18
18	"Mature leaves tomentose on both surfaces; petiole 10–40 mm long"	"Terminalia hadleyana"
18	"Mature leaves with rather sparse indumentum on lower surface; petiole 2–50 mm long"	19
19	"Leaves shiny above, 2.5–6 cm wide; petiole 4–12 mm long"	"Terminalia sericocarpa"
19	"Leaves not shiny above, 2.5–14 cm wide; petiole 2–50 mm long"	20
20	"Fruit cylindrical, prominently beaked, 2–4 cm long, more than twice as long as wide"	"Terminalia platyphylla"
20	"Fruit ovoid or ellipsoidal, shortly beaked, 1.2–2 cm long, less than twice as long as wide"	21
21	"Fruit purple or black, glabrous; leaves attenuate at base, almost glabrous above; erect tree"	"Terminalia muelleri"
21	"Fruit red, pubescent; leaves truncate, cordate or shortly attenuate at base, villous above; prostrate shrub"	"Terminalia prostrata"
22	"Leaves obtuse, truncate or subcordate at base, to twice as long as wide"	23
22	"Leaves attenuate or cuneate at base, 1–20 times as long as wide"	25
23	"Mature leaves tomentose on both surfaces"	"Terminalia hadleyana"
23	"Mature leaves with rather sparse hairs or glabrous beneath"	24
24	"Leaves 10–33 cm long; fruit ellipsoidal, compressed, angled, without a beak, 5–8 cm long, 2.5–5 cm in diameter"	"Terminalia catappa"
24	"Leaves3–20 cm long; fruit ovoid, sometimes slightly compressed and somewhat angled, with a short or thick beak, up to 4 cm long"	"Terminalia arenicola"
25	"Leaves tomentose or pubescent, becoming sparse with age"	26
25	"Leaves glabrous, sometimes hairy when young, becoming glabrous or almost so"	28
26	"Fruit not beaked, 1.5–2.5 cm in diameter; immature fruit compressed with lateral wings"	27
26	"Fruit shortly beaked, to 1.6 cm in diameter, sometimes with obscure angles; immature fruit prominently ridged"	"Terminalia hadleyana"
27	"Leaves usually densely pubescent, occasionally becoming almost glabrous above, 3–9 cm long, 2–5.5 cm wide; petiole 3–20 mm long; fruit densely pubescent"	"Terminalia aridicola subsp. aridicola"
27	"Leaves usually sparsely pubescent, occasionally becoming almost glabrous on both surfaces, 4–15 cm long, 3–7 cm wide; petiole 10–30 mm long; fruit usually sparsely pubescent to subglabrous"	"Terminalia aridicola subsp. chillagoensis"
28	"Leaves more than twice as long as wide"	"Terminalia arostrata"
28	"Leaves less than twice as long as wide"	29
29	"Leaves broadly obovate or obtriangular, 6–14.5 cm wide; fruit ovoid, 2.5–4 cm long; immature fruit compressed, ribbed"	"Terminalia arenicola"
29	"Leaves ovate, up to 7.5 cm wide; fruit globular or ovoid, up to 3 cm long"	30
30	"Fruit with distinct angles; immature fruit compressed, with a continuous wing up to 5 mm wide"	"Terminalia melanocarpa"
30	"Fruit without angles; immature fruit not winged, often with 2–7 longitudinal ridges"	"Terminalia arostrata"
