from	statement	to
1	"Flowers pedicellate, borne on an open cymose inflorescence"	2
1	"Flowers sessile or nearly so, solitary in leaf axils or clustered into a terminal bracteate spike"	3
2	"Leaves elliptical, apex obtuse; calyx 17-27 mm long, eglandular"	"Ruellia tuberosa"
2	"Leaves linear, apex acute; calyx 8-14 mm long, with glandular hairs"	"Ruellia simplex"
3	"Inflorescence a compact terminal bracteate spike; corolla 9-12 mm long; calyx 2.5-3 mm long; fruits 4.5-6 mm long, hairy throughout"	"Ruellia blechum"
3	"Flowers solitary in leaf axils; corolla 32-58 mm long; calyx 8-16 mm long; fruits 12-19 mm long, glabrous or with a tuft of hairs near apex"	4
4	"Leaves broadly elliptical, glabrous when fully expanded, longest cystoliths 0.3-0.4 mm long; corolla 52-58 mm long; calyx with very sparse eglandular hairs; fruits 16-19 mm long"	"Ruellia solitaria"
4	"Leaves narrowly elliptical to elliptical, persistently hairy, longest cystoliths 0.1-0.15 mm long; corolla 32-48 mm long; calyx densely glandular-hairy; fruits 12-16 mm long"	"Ruellia squarrosa"
