from	statement	to
1	"Calyx 7.5-11 mm long, covered by erect glandular hairs; leaves 3.8-7 times longer than wide"	"Hemigenia biddulphiana"
1	"Calyx 3.5-5 mm long, glabrous or with appressed non-glandular hairs; leaves 7-26 times longer than wide"	2
2	"Calyx with persistent appressed white hairs; longer leaves 7-11 mm long; branchlets with white appressed hairs"	"Hemigenia sp. (White Mountains D.G.Fell DF1379)"
2	"Calyx glabrous; longer leaves 13-40 mm long; branchlets glabrous"	"Hemigenia cuneifolia"
