from	statement	to
1	"Leaf-blades with distinct and raised lateral veins below; stipules connate into a collar 3–4 cm long; inflorescences on peduncles 3–5 cm long; fruits green"	"Fagraea racemosa"
1	"Leaf-blades with usually obscure flush or slightly raised lateral veins below; stipules not connate into a collar, caducous, to 5 mm long; inflorescences on peduncles up to 2 cm long; fruits cream, pink, red or orange"	2
2	"Flowers with corollas 5–10 cm long; calyces 10–15 mm long; branchlets with grey peeling bark, 7–14 mm diameter; fruits orange, 30–55 mm long"	"Fagraea berteroana"
2	"Flowers with corollas 0.8–5 cm long; calyces 1.5–5 mm long; branchlets with green intact bark, 3–6 mm diameter; fruits cream, pink or red"	3
3	"Leaf-blades 9–23 cm long, 7–10 cm wide; calyces 3–5 mm long; corolla tubes 2–4 (–5) cm long; fruits 16–45 mm long; rainforests from near sea-level to 500 m"	"Fagraea cambagei"
3	"Leaf-blades 5–10 cm long, 1.8–4.2 cm wide; calyces 1.5–3 mm long; corolla tubes 0.7–2 cm long; fruits 6–15 mm long; upland rainforests 650–1355 m"	"Fagraea fagraeacea"
