from	statement	to
1	"Plants procumbent, prostrate or weak erect herbs to 40 cm high; pedicels 7-15 mm long; leaves ovate, length: width ratio < 2:1"	2
1	"Plants erect herbs to 100 cm high; pedicels 2-8 mm long; leaves narrowly lanceolate to lanceolate or oblanceolate, length: width ratio > 3:1"	3
2	"Leaves with a covering of simple antrorse hairs above and below; stems pubescent with simple retrorse hairs 18-24 per cm; mericarps with a dense outer ring of 35-40 basally connate glochids and several free glochids forming a medial band"	"Cynoglossum torvum"
2	"Leaves glabrous below; stem hairs sparse and thorn-like; mericarps with glochids evenly distributed"	"Hackelia latifolia"
3	"Mericarps with an outer flattened rim of 30-50 glochids and 5-12 free glochids in between"	"Cynoglossum australe"
3	"Mericarps densely covered with 50-80 free glochids and no outer flattened rim"	"Hackelia suaveolens"
