from	statement	to
1	"Proliferous offshoots formed at tip of peduncle; plants rarely flowering"	"Aponogeton prolifer"
1	"Proliferous offshoots not formed on plants; plants regularly flowering"	2
2	"Leaves all submerged, slightly to strongly bullate"	3
2	"Leaves submerged and/or floating, not bullate"	4
3	"Spathe caducous, to 1.5 cm long; inflorescence to 34 cm long; peduncle much broader than inflorescence rachis"	"Aponogeton lancesmithii"
3	"Spathe mostly persistent, to 2.5 cm long; inflorescence to 5.5 cm long; peduncle about same diameter as inflorescence rachis"	"Aponogeton bullosus"
4	"Plants mainly producing floating leaves; floating leaves mostly cordate at base; seeds with obvious double testa"	"Aponogeton queenslandicus"
4	"Plants mainly producing submerged leaves, or submerged and floating leaves; floating leaves mostly obtuse, some cuneate or truncate at base; seeds with a single testa or, if double, the second seed coat closely adhering and difficult to detect"	5
5	"Fruiting carpels elliptic and papery; seeds with a loose outer coat, easily separated from embryo; floating leaves commonly formed"	"Aponogeton vanbruggenii"
5	"Fruiting carpels oval and thick-coated; seed coat closely adhering to embryo and difficult to detect, or tightly-fitting and very thin; floating leaves rarely formed"	6
6	"Perianth segments cuneate (N of the Tropic)"	"Aponogeton cuneatus"
6	"Perianth segments spathulate (S of the Tropic)"	"Aponogeton elongatus"
