from	statement	to
1	"Lower leaf surface glabrous or with hairs only on the veins"	2
1	"Lower leaf surface moderately to densely hairy"	3
2	"Leaves elliptical to narrowly elliptic, 4–7.5 times longer than wide"	"Dendrocnide corallodesme"
2	"Leaves broadly elliptical to ovate, 1.6–2.5 times longer than wide"	"Dendrocnide photiniphylla"
3	"Leaves peltate; upper leaf surface with dense indumentum of variable-length hairs"	"Dendrocnide moroides"
3	"Leaves cordate; upper leaf surface with sparse indumentum of uniform-length hairs, or glabrous"	4
4	"Leaf margins regularly dentate; mature infructescences white"	"Dendrocnide cordifolia"
4	"Leaf margins entire or crenulate; mature infructescences purple"	"Dendrocnide excelsa"
