from	statement	to
1	"Hypanthia and capsules linear, 8-20 times longer than wide"	2
1	"Hypanthia and capsules globose to ellipsoidal, 1-4 times longer than wide"	16
2	"Inflorescence borne on leafless scape(s), generally arising from a cluster of leaves, either basal or cauline; leaves not resembling floral bracts"	3
2	"Inflorescences not borne on leafless scape(s); leaves always cauline, tending to grade into floral bracts"	9
3	"Scapes bearing 1 flower only"	4
3	"Scapes bearing cymose inflorescence, 2-many flowered"	5
4	"Leaves glabrous; corolla yellow"	"Stylidium trichopodum"
4	"Leaves with eglandular hairs; corolla pink"	"Stylidium pedunculatum"
5	"Sepals fused into two obtuse lips"	"Stylidium rotundifolium"
5	"Three sepals free to base, two fused for more than half their length"	6
6	"Leaves scattered along a substantial stem"	"Stylidium muscicola"
6	"Leaves in basal rosette"	7
7	"Two orange paracorolla glands present"	"Stylidium schizanthum"
7	"Paracorolla glands absent"	8
8	"Sepals glabrous, acute"	"Stylidium capillare"
8	"Sepals sparsely glandular-hairy, obtuse"	"Stylidium tenerum"
9	"Leaves 0.1-1.7 mm wide"	10
9	"Leaves 1.7-8 mm wide"	14
10	"Leaves clustered near base of stem"	"Stylidium confertum"
10	"Leaves more or less evenly scattered along stem"	11
11	"Anterior petals 0.5-1.1 mm long"	12
11	"Anterior petals 1.3-2.2 mm long"	13
12	"Leaves 2-8 mm long; corolla glandular hairy on tube and petals"	"Stylidium diffusum"
12	"Leaves 0.5-1.7 mm long; corolla glandular hairy on tube only"	"Stylidium elachophyllum"
13	"Corolla yellow and white; 4-6 paracorolla lobes opposite posterior petals"	"Stylidium oviflorum"
13	"Corolla white or pink; 2-4 paracorolla lobes opposite posterior petals"	"Stylidium fissilobum"
14	"Leaf base cordate"	"Stylidium cordifolium"
14	"Leaf base cuneate"	15
15	"Sepals 1.0-2.0 mm long at anthesis"	"Stylidium alsinoides"
15	"Sepals 2.0-4.1 mm long at anthesis"	"Stylidium longissimum"
16	"Hypanthia and capsules globose; stigma stipitate"	17
16	"Hypanthia and capsules ellipsoidal to obconical; stigma sessile"	18
17	"Nectary spur much shorter than posterior sepal, or absent"	"Stylidium ecorne"
17	"Nectary spur longer than posterior sepal"	"Stylidium longicornu"
18	"Leaves with serrulate margins, grassy, 9-26 cm long"	"Stylidium graminifolium"
18	"Leaves with entire margins, 0.1-9(-10) cm long"	19
19	"Leaves linear, less than 1 mm wide"	20
19	"Leaves oblanceolate or spathulate, 2.5-11 mm wide"	29
20	"Capsule conspicuously 5-angled, 1.3-1.6 mm long excluding sepals"	"Stylidium centrolepoides"
20	"Capsule smooth or ribbed, but not 5-angled, 2-10 mm long excluding sepals"	21
21	"Leaves with glandular hairs, leaf apex obtuse"	"Stylidium adenophorum"
21	"Leaves glabrous, leaf apex acute to mucronate"	22
22	"Hypanthium and sepals glabrous"	23
22	"Hypanthium and sepals glandular-hairy"	24
23	"Capsule 4.2-5 mm long; sepals obtuse; annual plant without rootstock"	"Stylidium foveolatum"
23	"Capsule 7-10 mm long; sepals acute; plants with conspicuous woolly rootstock"	"Stylidium eglandulosum"
24	"Woody shrub to 1 m high, perennial"	"Stylidium laricifolium"
24	"Herbaceous plant to 0.4 m high, annual"	25
25	"Flowers with 3 free sepals and 2 fused sepals"	26
25	"Flowers with sepals all free"	27
26	"Leaves mostly in terminal rosette"	"Stylidium delicatum"
26	"Leaves scattered along stems"	"Stylidium clarksonii"
27	"Scapes 1.0-2.3 mm in diameter; leaves (11-)16-75 mm long; labellum with basal appendages"	"Stylidium desertorum"
27	"Scapes 0.3-1.0 mm in diameter; leaves 10-35 mm long; labellum without basal appendages"	28
28	"Leaves 10-25 mm long, glandular hairs 0.3-0.5 mm long; sepal apex acute to acuminate"	"Stylidium delicatum"
28	"Leaves 22-35 mm long, glandular hairs 0.15-0.2 mm long; sepal apex obtuse"	"Stylidium floodii"
29	"Plants with conspicuous woolly rootstock; inflorescence with indeterminate central rachis; seeds spherical, 0.4-0.8 mm across, with a small nipple (sect. Lanata)"	30
29	"Plants with unthickened rootstock; inflorescence cymose without central rachis, or racemose; seeds globose to ellipsoidal, 0.2-0.4(-0.5) mm long, without nipple (sect. Debilia)"	32
30	"Inflorescence branches and bracts glabrous; leaves (including petioles) 9-14 mm long"	"Stylidium ramosissimum"
30	"Inflorescence branches and bracts glandular-hairy; leaves (including petioles) 20-60(-100) mm long"	31
31	"Leaf margins hairy; bracts 1.5-2.5 mm long; sepals 1.0-1.7 mm long"	"Stylidium eriorhizum"
31	"Leaf margins glabrous; bracts 3.5-6.5 mm long; sepals 2.4-2.8 mm long"	"Stylidium leiophyllum"
32	"Scapes with long simple hairs"	"Stylidium floribundum"
32	"Scapes glabrous or with glandular hairs"	33
33	"Inflorescence indeterminate, racemose; bracteoles present"	"Stylidium debile"
33	"Inflorescence determinate, cymose; bracteoles absent"	34
34	"Scapes glandular-hairy"	35
34	"Scapes glabrous"	36
35	"Labellum attached at base of anterior sinus; paracorolla present"	"Stylidium multiscapum"
35	"Labellum attached to outside of corolla tube; paracorolla absent"	"Stylidium austrocapense"
36	"Sepals glabrous; inflorescence branches glandular-hairy; glands capitate; anterior petals 4.1-4.5 mm long; labellum glabrous"	"Stylidium ornatum"
36	"Sepals glandular-hairy; inflorescence branches glabrous; glands ellipsoidal; anterior petals 2.5-3 mm long; labellum glandular-hairy"	37
37	"Petals glandular-hairy; column 5.5-6.5 mm long; tropical Queensland"	"Stylidium velleioides"
37	"Petals glabrous; column 4.5-5.5 mm long; Darling Downs & N.S.W."	"Stylidium paniculatum"
