from	statement	to
1	"Plants twining; foliage grey-black"	"Bryophyllum beauverdii"
1	"Plants erect, not twining; foliage pink or green"	2
2	"Leaves pinnate"	3
2	"Leaves simple"	4
3	"Leaflets 3-5, early leaves often 1 –foliate"	"Bryophyllum pinnatum"
3	"Leaflets 7 or more"	"Bryophyllum proliferum"
4	"Leaf lamina subcylindrical"	"Bryophyllum delagoense"
4	"Leaf lamina flattened"	5
5	"Leaf lamina > 10 cm long and 2.5 cm wide"	"Bryophyllum daigremontianum"
5	"Leaf lamina < 10 cm long and 2.5 cm wide"	6
6	"Stems and leaves mottled grey and green; lamina < 2 cm wide"	"Bryophyllum daigremontianum x B. delagoense"
6	"Stems and leaves without mottling, pink-green; lamina > 2 cm wide"	"Bryophyllum fedtschenkoi"
