from	statement	to
1	"Leaflets 7 or more times as long as wide"	2
1	"Leaflets less than 7 times as long as wide"	3
2	"Leaflets 25-45 mm long"	"Prosopis glandulosa"
2	"Leaflets 6-8 mm long"	"Prosopis laevigata"
3	"Leaflets herbaceous, relatively soft and thin, curled or corrugated when dry"	"Prosopis juliflora"
3	"Leaflets relatively rigid, often coriaceous, lying flat when dry"	4
4	"Pinnae mostly 2–4-jugate (rarely some leaves with pinnae 1-jugate)"	"Prosopis pallida"
4	"Pinnae mostly 1–2-jugate (rarely some leaves with pinnae 3-jugate)"	5
5	"Pod velvety when young and hairy even with age"	"Prosopis velutina"
5	"Pod glabrous or with a few scattered hairs"	"Prosopis glandulosa x Prosopis velutina"
