from	statement	to
1	"Leaves slightly to strongly scabrid (sandpapery) on one or both surfaces"	2
1	"Leaves glabrous or with only non-scabrid hairs"	12
2	"Leaves opposite"	3
2	"Leaves alternate"	5
3	"Upper leaf surface slightly scabrid; lower leaf surface with straight antrorse hairs on the veins only; fruits borne on pendulous branches arising from the trunk; tiny white circular cystoliths abundant on lower leaf surface"	"Ficus hispida"
3	"Upper leaf surface strongly scabrid; lower leaf surface with flexuose spreading hairs throughout or mostly on the veins; fruits borne in leaf axils; cystoliths absent from lower leaf surface"	4
4	"Lower leaf surface with areolae not sunken"	"Ficus opposita"
4	"Lower leaf surface with sunken areolae"	"Ficus aculeata"
5	"Underside of leaves with sparse to dense flexuose hairs throughout"	6
5	"Underside of leaves glabrous or with sparse straight hairs confined to veins"	7
6	"Petioles long (11-29% of lamina length); leaf base symmetrical; bracts absent from body of fig; woodland or open forest"	"Ficus opposita"
6	"Petioles short (4-8% of lamina length); leaf base asymmetrical; bracts present on body of fig; rainforest"	"Ficus coronata"
7	"Lateral veins of leaf meeting the midrib at an angle of 70-90 degrees"	8
7	"Lateral veins of leaf meeting the midrib at an angle of 45-70 degrees"	10
8	"Leaves obovate (broadest above the midpoint), base inconspicuously cordate; mature figs 20-25 mm diameter"	"Ficus copiosa"
8	"Leaves elliptical (broadest at the midpoint), base cuneate to obtuse; mature figs 10-16 mm diameter"	9
9	"Leaves slightly scabrid, lamina apex acuminate; petioles short (4-8% of lamina length); figs smooth or slightly scabrid"	"Ficus leptoclada"
9	"Leaves strongly scabrid, lamina apex acute; petioles long (8-21% of lamina length); figs strongly scabrid"	"Ficus fraseri"
10	"Leaves asymmetrical at base; sap watery"	"Ficus melinocarpa"
10	"Leaves symmetrical at base; sap milky"	11
11	"Leaves slightly scabrid; stipules 10-25 mm long; new leaves red; figs mostly borne on old wood"	"Ficus congesta"
11	"Leaves strongly scabrid; stipules 5-10 mm long; new leaves green; figs borne in leaf axils"	"Ficus fraseri"
12	"Leaf lamina hairy at least on major veins (hairs readily visible with hand lens)"	13
12	"Leaf lamina glabrous or sometimes with ferruginous appressed hairs on young growth (individual hairs not discernible except with microscope)"	18
13	"Stipules 75-200 mm long; lateral veins of leaf at 60-80 degrees to midrib, 12-30 pairs; figs 2-3 times longer than wide"	"Ficus pleurocarpa"
13	"Stipules 5-20 mm long; lateral veins of leaf at 45-60 degrees to midrib, 5-11 pairs; figs globose"	14
14	"Leaf lamina 1.1-1.6 times longer than wide, 5 or 7 veins converging at base; each fig with 3 persistent basal bracts surrounding it"	"Ficus benghalensis"
14	"Leaf lamina 1.5-4.0 times longer than wide, all lateral veins separate or sometimes 3-veined at base; figs lacking persistent basal bracts"	15
15	"Petioles 5-15 mm long; plants of western Qld"	"Ficus cerasicarpa"
15	"Petioles 15-70 mm long; plants of eastern Qld"	16
16	"Lamina base cuneate to obtuse; lateral veins of leaf 2-7 mm apart"	"Ficus rubiginosa"
16	"Lamina base cordate or inconspicuously auriculate on one side of midrib; lateral veins of leaf 7-15 mm apart"	17
17	"Stipules hairy throughout; lamina base cordate, without flat glands"	"Ficus albipila"
17	"Stipules glabrous except along central part; lamina base inconspicuously auriculate on one side of midrib, and with one or two flat glands present adjacent to midrib at base of lamina (lower surface)"	"Ficus mollior"
18	"Lateral veins of leaf 2-7 mm apart, veins usually straight, parallel; intramarginal vein parallel to margin or shallowly looping"	19
18	"Lateral veins of leaf 7-40 mm apart, veins usually curving near margin; intramarginal vein absent or deeply looping"	33
19	"Branchlets with short spreading hairs"	20
19	"Branchlets glabrous"	24
20	"Figs cylindrical, c. 3 times longer than wide; leaf lamina orbicular to broadly ovate, 1-1.6 times longer than wide"	"Ficus crassipes"
20	"Figs globose or broadly ellipsoidal, 1-1.6 times longer than broad; leaf lamina elliptical, 1.8-4.0 times longer than wide"	21
21	"Leaves often ferruginous on lower surface, lamina 2.8-4.0 times longer than wide"	"Ficus destruens"
21	"Leaves not ferruginous on lower surface, lamina 1.8-3.0 times longer than wide"	22
22	"Figs ellipsoidal, 20-35 mm long, with an apical nipple"	"Ficus watkinsiana"
22	"Figs globose, 5-11 mm long, without a nipple"	23
23	"Mature figs 9-14 mm diameter, surface often warty; peduncles 1.5-6 mm long; leaf lamina 70-120 mm long"	"Ficus rubiginosa"
23	"Mature figs 5-6.5 mm diameter, surface smooth; peduncles 0-1.5 mm long; leaf lamina 40-90 mm long"	"Ficus obliqua"
24	"Leaf lamina 130-200 mm long"	25
24	"Leaf lamina 45-130 mm long"	27
25	"Stipules 4-7 cm long; figs with an apical nipple"	"Ficus watkinsiana"
25	"Stipules 7-20 cm long; figs without a nipple"	26
26	"Leaves often ferruginous on lower surface, apex acute; figs globose, 20-25 mm wide; peduncles 8-15 mm long"	"Ficus macrophylla"
26	"Leaves green on lower surface, apex shortly acuminate; figs cylindrical, 10-15 mm wide; peduncles absent"	"Ficus elastica"
27	"Leaf lamina base broadly cuneate to obtuse (diverging from midvein at 60-90 degrees) or sometimes slightly cordate"	28
27	"Leaf lamina base cuneate (diverging from midvein at 45-60 degrees)"	29
28	"Peduncles 0-5(-10) mm long"	"Ficus brachypoda"
28	"Peduncles 3-10 mm long"	"Ficus subpuberula"
29	"Base of fig with three persistent bracts"	30
29	"Bracts absent from base of fig"	31
30	"Base of lamina with a prominent lateral vein either side of midrib; stipules 6-10 mm long; bracts at base of fig 1.5-3 mm long"	"Ficus microcarpa"
30	"Base of lamina lacking a prominent lateral vein either side of midrib; stipules 50-80 mm long; bracts at base of fig 3.5-6.5 mm long"	"Ficus triradiata"
31	"Leaf apex acuminate; petiole < 15% of lamina length; figs sessile; branches weeping"	"Ficus benjamina"
31	"Leaf apex acute; petiole 20-35% of lamina length; figs with peduncles 0.5-6 mm long; branches not weeping"	32
32	"Mature figs 9-14 mm diameter, surface often warty; peduncles 1.5-6 mm long; leaf lamina 75-120 mm long"	"Ficus rubiginosa"
32	"Mature figs 5-6.5 mm diameter, surface smooth; peduncles 0.5-1.5 mm long; leaf lamina 45-90 mm long"	"Ficus obliqua"
33	"Leaves with a very long (3-6 cm) caudate apex or ‘drip-tip’"	"Ficus religiosa"
33	"Leaf apex acute, obtuse or acuminate, without a caudate apex"	34
34	"Leaf lamina 85-200 mm wide, base cordate; mature figs red with white spots"	35
34	"Leaf lamina 30-65 mm wide, base cuneate to obtuse; mature figs green, brown, white or pink"	36
35	"Figs without internal interfloral bristles; tepals entire"	"Ficus variegata"
35	"Fig wall with inward processes bearing the flowers; tepals dentate-laciniate"	"Ficus nodosa"
36	"Ultimate branchlets, stipules and petioles glabrous"	37
36	"Ultimate branchlets, stipules or petioles hairy"	42
37	"Twining or scrambling root-climber"	"Ficus pantoniana"
37	"Trees or shrubs"	38
38	"Lateral veins of leaf at 70-90 degrees to midrib; petiole 4-8% of lamina length"	"Ficus virgata"
38	"Lateral veins of leaf at 45-70 degrees to midrib; petiole 8-30% of lamina length"	39
39	"Lower leaf surface glossy; juvenile leaves lobed; peduncles 8-15 mm long"	"Ficus subnervosa"
39	"Lower leaf surface not glossy; juvenile leaves entire; peduncles 0-9 mm long"	40
40	"Leaf lamina base narrowly cuneate (diverging from midrib at 30-60 degrees); evergreen tree"	"Ficus septica"
40	"Leaf lamina base broadly cuneate to obtuse (diverging from midrib at 60-90 degrees) or slightly cordate; deciduous trees"	41
41	"Leaf apex acute or rarely slightly acuminate; peduncles 2-7 mm long; bracts absent from base of fig"	"Ficus henneana"
41	"Leaf apex conspicuously acuminate; peduncles 0-2 mm long; bracts persistent at base of fig"	"Ficus virens"
42	"Stipules persistent, often with several present along a branchlet; figs 25-30 mm across, in clusters on trunk or large branches; petioles 22-45% of lamina length"	"Ficus racemosa"
42	"Stipules deciduous, usually present only at growing tip; figs 8-12 mm across, in leaf axils or on smaller branches; petioles 10-20% of lamina length"	43
43	"Hairs often confined to growing point and stipules; figs shortly cylindrical, sessile; lamina base obtuse"	"Ficus drupacea"
43	"Hairs usually present on petioles and branchlets; figs globose, obovoid or depressed-globose, on peduncles 5-15 mm long; lamina base cuneate"	44
44	"Leaf lamina without prominent basal veins; figs obovoid to depressed-globose, often with 6-8 longitudinal ribs; sap yellow; growing on a variety of sites, especially rainforest regrowth"	"Ficus septica"
44	"Leaf lamina strongly 3-veined at base; figs globose, not ribbed; sap creamy-coloured; growing along rivers and streams"	"Ficus adenosperma"
