from	statement	to
1	"Corolla lobe margins ciliate; fruit reddish-brown setose with erect irritant trichomes until maturity"	"Sersalisia unmackiana"
1	"Corolla lobe margins glabrous or with a few trichomes; fruit glabrous or soon nearly so"	2
2	"Calyx lobes 3.2–4 mm long, glabrous on inside; fruit 2–2.5 cm long"	"Sersalisia sericea"
2	"Calyx lobes more than 5 mm long, on inside sericeous or tomentose; fruit more than 2.5 cm long"	3
3	"Calyx lobes 5–8 mm long; corolla 7–8 mm long, lobes shortly oblong to broadly obovate, truncate or emarginate, 1.9–2.3 mm long"	"Sersalisia sessiliflora"
3	"Calyx lobes 8.5–10 mm long; corolla 9–11 mm long, lobes broadly ovate, 2.3–2.5 mm long"	"Sersalisia obpyriformis"
