from	statement	to
1	"Anthers connate"	2
1	"Anthers free"	4
2	"Ovules and seeds more than 2 per locule; fruit a dehiscent capsule or frag¬menting into articles, rarely an indehiscent beaked fruit"	Lechenaultia
2	"Ovules and seeds 1 or 2 per locule; fruit an indehiscent nut, not beaked"	3
3	"Inflorescence a solitary capitulum on a naked scape; corolla lobes connate towards the base"	Brunonia
3	"Inflorescence a loose, terminal raceme; corolla lobes free at the base"	Dampiera
4	"Ovules (and usually seeds) more than 2 per locule"	5
4	"Ovules and seeds 1 or 2 per locule"	6
5	"Corolla with long, stiff bristles inside; seeds glossy, strophiolate, without a wing"	Coopernookia
5	"Corolla without bristles inside (may have hairs or enations); seeds dull, es¬trophiolate, with or without a wing"	Goodenia
6	"Style with short, stiff hairs at 90 degrees"	Goodenia
6	"Style without short, stiff hairs at 90 degrees"	7
7	"Indusium broad (length equal to or shorter than width); fruit without a dis-tinctive beak"	Scaevola
7	"Indusium narrow (length longer than width); fruit with a distinctive beak up to 6 mm long"	Goodenia
