from	statement	to
1	"Flower heads +/- globose, 1-1.3 times longer than wide"	2
1	"Flower heads cylindrical or ellipsoidal, 1.3-2.3 times longer than broad"	3
2	"Leaves 4-7 times longer than wide, green on both surfaces, with sparse to dense glandular hairs, lanate hairs sparse or absent"	"Pycnosorus pleiocephalus"
2	"Leaves 7-20 times longer than wide, grey or silvery at least on the lower surface, glandular hairs absent, lanate hairs dense to very dense"	"Pycnosorus globosus"
3	"Flower heads cylindrical, more than twice as long as broad and < 10 mm broad"	"Pycnosorus melleus"
3	"Flower heads ellipsoidal, 1.3-1.9 times as long as broad and > 10 mm broad"	"Pycnosorus eremaeus"
