from	statement	to
1	"Inflorescences 1- or 2-flowered; fertile stamens 10; awn of fruit glabrous on inner surface"	Geranium
1	"Inflorescences 2–14-flowered; fertile stamens 3-8; awn of fruit plumose on inner surface"	2
2	"Flowers ± actinomorphic with no sepaline spur; fertile stamens 5 and alternating with 5 staminodes; mericarps sharp-pointed at base; flowers blue, purple, pink to mauve; inflorescences 2–7-flowered"	Erodium
2	"Flowers ± zygomorphic with posterior sepal prolonged into a nectariferous spur and fused to pedicel; fertile stamens 3–8; flowers pink or white with crimson markings; mericarps obtuse or acute at base; inflorescences 4–14-flowered"	Pelargonium
