from	statement	to
1	"Stems and leaf midrib usually with spines"	"Najas marina"
1	"Stems and leaf midrib without spines"	2
2	"Leaves with septa"	3
2	"Leaves without septa"	4
3	"Male flower spatheate"	"Najas browniana"
3	"Male flower espatheate"	"Najas malesiana"
4	"Leaf teeth unicellular, consisting of the spine-cell only"	5
4	"Leaf teeth consisting of a unicellular spine-cell on a multicellular excrescence"	6
5	"Anther unisporangiate"	"Najas malesiana"
5	"Anther tetrasporangiate"	"Najas graminea"
6	"Leaves without fibres"	"Najas halophila"
6	"Leaves with fibres"	"Najas tenuifolia"
