from	statement	to
1	"Leaves simple"	2
1	"Leaves compound"	5
2	"Carpels 4–6, connate only at base, only 1 fertile; fruit < 2 cm long, slightly fleshy"	Buchanania
2	"Carpels 3, more or less fully syncarpous, or carpel 1; fruit > 2 cm long with a fleshy mesocarp and/or hypocarp"	3
3	"Styles 3, terminal; stamens 5 (male flowers) and staminodes 5 (female flowers); drupes immersed in a cupular fleshy hypocarp; male and female flowers on separate plants; native (Semecarpus australiensis)"	Semecarpus
3	"Style 1 and eccentric; bisexual and male flowers on the same plant; naturalised"	4
4	"Fertile stamens usually 1, with or without staminodes; staminal tube absent; disk extrastaminal; drupes not subtended by fleshy hypocarp; E Qld (Mangifera indica)"	Mangifera
4	"Fertile stamens 6-10, fertile ones 1 or 2 noticeably larger and exserted; filaments basally connate into a staminal tube; disk absent; drupes subtended by fleshy hypocarp; N Qld (Anacardium occidentale)"	Anacardium
5	"Leaves opposite; female flowers inside a cupule of partly coherent and connate, bracteate, cymose branches (Blepharocarya involucrigera)"	Blepharocarya
5	"Leaves alternate; female flowers not in a cupule"	6
6	"Ovary (5-) 8-12-locular; styles 8-12; drupe (5-) 8-12-locular (Pleiogynium timorense)"	Pleiogynium
6	"Ovary 1- or 4-locular; styles 1 or 3, or absent"	7
7	"Ovary 4-locular; styles absent; stigmas 4 or 5, sessile; drupe 4-locular (Harpephyllum caffrum)"	Harpephyllum
7	"Ovary 1-locular; styles 1 or 3, or obscure"	8
8	"Stamens 5 (male flowers) and staminodes 5 (female flowers)"	9
8	"Stamens 10 (male flowers) and staminodes 10 (female flowers)"	10
9	"Leaflets pubescent below; inflorescences and flowers pubescent; flowers ± sessile; fruit black; NE Qld (Rhus taitensis)"	Rhus
9	"Leaflets glabrous; inflorescences and flowers glabrous; flowers on pedicels 1.4-2 mm long; fruit creamy white; SE Qld (Toxicodendron succedaneum)"	Toxicodendron
10	"Petals red; drupe dark brown with a woody mesocarp (Rhodosphaera rhodanthema)"	Rhodosphaera
10	"Petals white; drupe bluish-pink, red or purple-black with fleshy mesocarp"	11
11	"Leaflets sessile or subsessile, domatia absent; styles 3 united at base, 0.5 mm long; drupe globular, bluish-pink to red"	Schinus
11	"Leaflets distinctly petiolulate and with hair tuft domatia; style 1, 0.2 mm long; fruit obliquely ellipsoidal or ovoid, purple-black"	12
12	"Leaflet length mostly less than 4 times width, 6–15 cm long, 2.5–6 cm wide; rainforests, E Qld"	"Euroschinus falcatus var. falcatus"
12	"Leaflet length mostly more than 4 times width, 4–9 cm long, 1–2.2 cm wide; woodlands, vine thickets, N from Gladstone"	"Euroschinus falcatus var. angustifolius"
