from	statement	to
1	"Fruit 90-140 mm long; seeds 14-18mm long; leaves not lobed, glabrous, simple; male pedicel 60-80 mm; seed margin not undulate. Wet Tropics"	"Trichosanthes odontosperma"
1	"Fruit 20-120 mm long; seeds 5-14 mm long; leaves not lobed or lobed, glabrous or hairy; leaves 3-foliolate, pedately 5-foliolate or simple; male pedicels 7-80 mm long; seed margins sometimes undulate"	2
2	"Leaves usually 3-foliolate or pedately 5-foliolate, glabrous but scabrid with scale-like cystoliths when dry; seeds 12-14 mm long, compressed. Bowen to Cape York"	"Trichosanthes pentaphylla"
2	"Leaves simple, glabrous or pubescent; seeds 5-12 mm long, compressed or tumid"	3
3	"Male corolla lobes, not including fringe, more than 14 mm long; fruit 80-120 mm long; seeds compressed, 9-12 mm long; leaves shallowly to deeply 3-5 lobed; male calyx lobes 10-15 mm long. South-east Queensland and north-east NSW, and one record North Queensland"	"Trichosanthes subvelutina"
3	"Male corolla lobes, not including fringe, less than 14 mm long; fruit 20-100 mm long; seeds 5-12 mm long, compressed or tumid; leaves not lobed or shallowly to deeply 3-7 lobed; male calyx lobes 1-8 mm long. North Queensland"	4
4	"Male calyx lobes 1-2 mm long; seeds 8-12 mm long, compressed; leaves shallowly to deeply 3-7 lobed; fruit 20-60 mm long; female flower pedicels 3-12 mm long. Chillagoe to Cape York"	"Trichosanthes cucumerina var. cucumerina"
4	"Male calyx lobes 3-8 mm long; seeds 5-8 mm long, tumid; leaves not lobed to deeply 3-5 lobed; fruit 40-100 mm long; female flower pedicels up to 30 mm long. Mackay to Cape York"	"Trichosanthes pilosa"
