from	statement	to
1	"Underside of leaf densely hairy, but leaf surface visible with hand-lens; inflorescences both terminal and upper axillary, comprising +/- globular aggregations of sessile flowers"	"Buddleja stachyoides"
1	"Underside of leaf very densely hairy, leaf surface completely obscured; inflorescences all terminal, comprising panicles of pedicellate flowers"	2
2	"Leaves finely serrate; flowers mauve to purple; fruit a capsule"	"Buddleja davidii"
2	"Leaves entire; flowers orange; fruit a fleshy berry"	"Buddleja madagascariensis"
