from	statement	to
1	"Culms with complete transverse septa visible, (at least when dry) from the outside"	2
1	"Culms not transversely septate"	5
2	"Glumes 7 to11 mm long; culms in a close linear series on a stout horizontal rhizome"	"Eleocharis sphacelata"
2	"Glumes <7 mm long; culms tufted, not on a stout rhizome"	3
3	"Glumes about 2.8 to 3.3 mm long; uppermost leaf sheath firm with a distinct mucro"	"Eleocharis blakeana"
3	"Glumes >4 mm long; uppermost leaf sheath with no mucro"	4
4	"Exposed portion of the glumes mostly 2.5 to 4.5 mm long, glumes 6 to 6.5 mm long; hypogynous bristles strongly connate at base; stolons sometimes bearing tubers"	"Eleocharis dulcis"
4	"Exposed portion of the glumes mostly 1.5 to 2.5 mm long, glumes 4.5 to 5.5 mm long, hypogynous bristles free from each other at base; rhizomes never bearing tubers"	"Eleocharis equisetina"
5	"Glumes <1.5 mm long"	6
5	"Glumes >1.5 mm long"	7
6	"Style 2-fid; achene dark brown to black when mature"	"Eleocharis atropurpurea"
6	"Style 3-fid; achene yellowish brown"	"Eleocharis setifolia"
7	"Uppermost leaf-sheaf orifice tight, with a distinct mucro 1 to 4 mm long"	8
7	"Uppermost leaf-sheaf orifice loose, frequently scarious, sometimes acute but with no mucro"	17
8	"Culms equally 4-sided, sharply 4-angled"	"Eleocharis tetraquetra"
8	"Culms flattened, trigonous or terete, may be ribbed"	9
9	"Culms septate-nodulose, (with partial transverse septa inside the grooves)"	"Eleocharis dietrichiana"
9	"Culms not septate-nodulose"	10
10	"Uppermost glumes apex obtuse"	11
10	"Uppermost glumes apex acute"	14
11	"Glumes leathery to sub-leathery, many finely nerved, with or without a midrib, not keeled"	12
11	"Glumes papery, nerveless on the sides, only nerved on the keel or midrib"	13
12	"Spikelets <2.5 mm wide"	"Eleocharis nuda"
12	"Spikelets >3 mm wide"	"Eleocharis spiralis"
13	"Plants with no creeping rhizome; spikelets usually >2.5 mm wide"	"Eleocharis cylindrostachys"
13	"Plants with a long creeping rhizome; spikelets usually <2.5 mm wide"	"Eleocharis gracilis"
14	"Culms strongly flattened, even at the apex; leaf sheath mucro always at the middle of one flat face of the culm"	"Eleocharis plana"
14	"Culms terete or angled or flattened when dried, leaf sheath mucro in any position relative to the margins of the flattened culm"	15
15	"Plants with a short rhizome; lower part of the style base with short crisped hairs"	"Eleocharis pallens"
15	"Plants with a long creeping rhizome; lower part of style base glabrous"	16
16	"Achene biconvex; spikelets >15 mm long"	"Eleocharis acuta"
16	"Achene trigonous; spikelets <12 mm long"	"Eleocharis gracilis"
17	"Glumes texture thin or membranous, with sides nerveless; only the keel or midrib may be nerved"	18
17	"Glumes texture cartilaginous, may be membranous on the margins, whole surface with many fine nerves"	27
18	"Glumes <2 mm long"	19
18	"Glumes >2 mm long"	22
19	"Style 2-fid"	20
19	"Style 3-fid"	21
20	"Mature achene olivaceus to dark greenish brown"	"Eleocharis minuta"
20	"Mature achene shining black"	"Eleocharis geniculata"
21	"Annual; glumes 1.6-2 mm long; achene almost smooth, obscure epidermal cells longitudinally oblong"	"Eleocharis caespitosissima"
21	"Perennial; glumes 1.7-2.7 mm long; achene glistening, trigonous with 3 or 4 vertical ribs, epidermal cells between the ribs transversely elongate"	"Eleocharis pusilla"
22	"Style 2-fid"	"Eleocharis geniculata"
22	"Style 3-fid"	23
23	"Sheaths reddish"	24
23	"Sheaths straw or brownish coloured"	25
24	"Culms angular; glumes with a distinct keel"	"Eleocharis retroflexa"
24	"Culms terete; glumes not keeled"	"Eleocharis pusilla"
25	"Plants with a long creeping rhizome"	"Eleocharis gracilis"
25	"Plants with no long creeping rhizome"	26
26	"Achene obpyriform to broadly obovoid with a distinct neck; surface of culms with distinctive inflated round to ovoid cell outlines on the ridges"	"Eleocharis macbarronii"
26	"Achene narrowly obovoid with a very short neck; culms without the cell outlines"	"Eleocharis atricha"
27	"Culms with 4 or 5 unequal sharply angled sides"	"Eleocharis philippinensis"
27	"Culms 3 angled or terete"	28
28	"Culms sharply 3-angled"	29
28	"Culms terete or with the angles rounded"	30
29	"Bristles mostly rudimentary; achene punctate or pitted"	"Eleocharis triquetra"
29	"Bristles well developed; achene with rows of transverse, linear-oblong epidermal cells"	"Eleocharis acutangula"
30	"Culms <2.5 mm wide"	31
30	"Culms >2.5 mm wide"	34
31	"Glumes 3-3.5 mm long; achene punctate or pitted"	32
31	"Glumes 3.5-5 mm long; achene with rows of transverse, linear-oblong epidermal cells"	33
32	"Style base <1/3 length of achene, often obtuse; bristles deciduous, absent or rarely 2 or 3, rudimentary (<1.3 mm long)"	"Eleocharis nuda"
32	"Style base >1/3 length of achene, triangular; bristles persistent, 6-7"	"Eleocharis rivalis"
33	"Culms filiform, <0.75 mm wide; (found only on Stradbroke Island)"	"Eleocharis difformis"
33	"Culms >0.75 mm wide"	"Eleocharis ochrostachys"
34	"Glumes 7/8 imbricate, exposed part of the glumes much broader than long"	"Eleocharis sundaica"
34	"Glumes < ¾ imbricate, exposed part of the glumes much longer than broad"	35
35	"Spikelets mostly green or stramineous in colour"	"Eleocharis brassii"
35	"Spikelets mostly reddish brown in colour"	"Eleocharis sanguinolenta"
