from	statement	to
1	"Vines, climbing by adventitious roots; leaf blades 2–6 cm long, 1–2.5 cm wide; apices emarginate"	"Quintinia fawkneri"
1	"Shrubs and trees; leaf blades 7–27 cm long, 1.5–14 cm wide; apices obtuse, acute or acuminate"	2
2	"Flowers in simple axillary racemes; peltate scales on lower leaf surface pale-coloured"	"Quintinia verdonii"
2	"Flowers in terminal panicles; peltate scales on lower leaf surface reddish or silvery"	3
3	"Leaf blades elliptic to oblong-elliptic, 5–12 cm long, 1.5–5 cm wide; lateral veins discernible, slightly raised below; peltate scales on lower leaf surface reddish; SE Qld"	"Quintinia sieberi"
3	"Leaf blades obovate, 7–24 cm long, 4–14 cm wide; lateral veins prominent and raised below; peltate scales on lower leaf surface silvery; NE & Central Coast"	"Quintinia quatrefagesii"
