from	statement	to
1	"Leaves 4.5–15 mm wide (excluding marginal teeth); capitula 8–12 mm long and 13–21 mm across; marginal floret (including ligule) 10–15 mm long; peduncles 0.8–1.5 mm diameter at midpoint; inner involucral bracts 6.0–7.5 mm long"	"Camptacra robusta"
1	"Leaves 1.1–5 mm wide (excluding marginal teeth); capitula 5–8 mm long, 8–14 mm across; marginal floret (including ligule) 5–12 mm long; peduncles 0.4–0.8 mm diameter at midpoint; inner involucral bracts 3.5–6.0 mm long"	2
2	"Glandular hairs abundant on outer involucral bracts; corolla lobes of disc floret glandular-hairy"	"Camptacra perdita"
2	"Glandular hairs absent from involucral bracts; corolla lobes of disc floret glabrous"	3
3	"Leaves glabrous or sparsely hairy, all leaves with acute apex or a few with trifid apex; terminal part of inner involucral bracts glabrous or with ciliate margins; receptacle 1.3–3.5 mm diameter"	"Camptacra gracilis"
3	"Leaves sparsely to densely hairy, numerous leaves with trifid apex; cluster of hairs usually present on terminal part of inner involucral bracts (inner surface); receptacle (2.5–) 3.0–6.0 mm diameter"	"Camptacra barbata"
