from	statement	to
1	"Leaves 3-5 (-7) leaflets; leaflet lamina glabrous"	2
1	"Leaves with 7-13 leaflets; leaflet lamina persistently hairy, at least on the lower surface"	4
2	"Pedicels glabrous; pods 1.3-1.8 times longer than broad, with a wing only along the upper margin; petiolules and base of petiole glabrous"	"Derris trifoliata"
2	"Pedicels hairy; pods 2-4 times longer than broad, with a wing along both margins; a few hairs often present on petiolules or base of petiole"	3
3	"Calyx tube with sparse appressed hairs; pedicels and rachis sparsely hairy; standard petal glabrous throughout; older stems with stout conical spurs 1-6 mm long; style glabrous or with fewer than 10 hairs"	"Derris sp. (Claudie River L.J.Webb+ 8348)"
3	"Calyx tube glabrous; pedicels and rachis densely hairy; distal part of all petals hairy; stems smooth or lenticellate; style conspicuously hairy (> 100 hairs)"	"Derris rubrocalyx"
4	"Branches with many rounded pustules 0.5-1 mm high; leaflets attenuate, but apex blunt; mature fruits with many variously-shaped embedded glands (circular, elliptical, linear and irregular)"	"Derris sp. (Daintree D.E.Boyland+ 469)"
4	"Branches smooth or with scarcely raised lenticels; leaflets obtuse, never attenuate; mature fruits without embedded glands"	5
5	"Leaflets 9-13, terminal leaflet 2.8-7.2 cm long; outer surface of standard petal glabrous"	"Solori involuta"
5	"Leaflets 7, terminal leaflet 9.5-16 cm long; outer surface of standard petal very densely hairy"	"Solori koolgibberah"
