from	statement	to
1	"Leaf lamina base cordate to obtuse; petioles 0-3% of lamina length"	2
1	"Leaf lamina base cuneate to attenuate, or rarely obtuse; petioles 3-45% of lamina length"	7
2	"Young branchlets winged"	3
2	"Young branchlets terete to angular, but not winged"	4
3	"Inflorescence few-flowered, racemose; calyx tube + pedicel 10-13 mm long at anthesis"	"Syzygium apodophyllum"
3	"Inflorescence many-flowered, paniculate; calyx tube + pedicel 3-4 mm long at anthesis"	"Waterhousea hedraiophylla"
4	"Stamens red; petals 2.5-3 mm long"	"Syzygium wilsonii"
4	"Stamens white to creamy-yellow; petals 6-25 mm long"	5
5	"Petals 6-8 mm long; mature fruits campanulate, 20-25 mm wide"	"Syzygium aqueum"
5	"Petals 16-25 mm long; mature fruits globular, 38-70 mm wide"	6
6	"Mature fruits white, 1-seeded; inflorescence borne on trunk of tree"	"Syzygium monospermum"
6	"Mature fruits red, 3-7-seeded; inflorescence borne amongst leaves or on branches"	"Syzygium erythrocalyx"
7	"Young branchlets winged and/or with a swelling just above distal nodes"	8
7	"Young branchlets terete to angular, but not winged"	13
8	"Fruits longitudinally ribbed or grooved"	"Waterhousea mulgraveana"
8	"Fruits unribbed"	9
9	"Flowers mainly 5-merous; fruits dark purple to black at maturity"	"Syzygium angophoroides"
9	"Flowers mainly 4-merous; fruits white, pink or red at maturity"	10
10	"Leaf apex strongly acuminate (acumen 15-38% of lamina length); sepals 0.1-0.5 mm long"	11
10	"Leaf apex acute or shortly acuminate (acumen 5-15% of lamina length); sepals 2-4 mm long"	12
11	"Wings conspicuous, persistent even on the older twigs"	"Syzygium alatoramulum"
11	"Wings very narrow and visible only on youngest twigs"	"Syzygium fratris"
12	"Stamens 5-15 mm long; style 7-24 mm long; oil dots on leaf blade sparsely scattered"	"Syzygium australe"
12	"Stamens 4-5 mm long; style 4-6.5 mm long; oil dots on leaf blade numerous and closely spaced"	"Syzygium trachyphloium"
13	"Leaf veins near lamina margin looping and not at a +/- constant distance from the margin (i.e. leaves without an intramarginal vein)"	14
13	"Leaves having a distinct vein running parallel to the lamina margin, and at a +/- constant distance from the margin (i.e. with an intramarginal vein)"	19
14	"Inflorescences borne on old wood below the leaf canopy, or sometimes on the trunk"	15
14	"Inflorescence terminal, projecting above leaf canopy"	16
15	"Flowers pink; fruits 18-20 mm long, red to black when ripe"	"Syzygium malaccense"
15	"Flowers white; fruits 30-60 mm long, white to creamy when ripe"	"Syzygium cormiflorum"
16	"Petioles 19-31% of lamina length"	"Syzygium bamagense"
16	"Petioles 5-10% of lamina length"	17
17	"Calyx lobes fused into an operculum; stamens 2-4.5 mm long; fruiting pericarp rather woody"	"Syzygium gustavioides"
17	"Calyx lobes 4, all free; stamens 16-35 mm long; fruiting pericarp spongy or succulent"	18
18	"Mature fruits white, 60-70 mm long; northern Qld"	"Syzygium sharoniae"
18	"Mature fruits red, 15-45 mm long; southern Qld"	"Syzygium hodgkinsoniae"
19	"Lamina apex acute or obtuse i.e. lamina margins convex to straight"	20
19	"Lamina apex acuminate or apiculate i.e. lamina margins concave in upper part"	53
20	"Longest leaves less than 110 mm long"	21
20	"Longest leaves more than 110 mm long"	33
21	"Leaf lamina more than 3 times longer than wide"	22
21	"Leaf lamina less than 3 times longer than wide"	26
22	"Mature fruits 30-40 mm long"	23
22	"Mature fruits 8-20 mm long"	24
23	"Petals 10-11 mm long; stamens c. 20 mm long; northern Qld"	"Syzygium rubrimolle"
23	"Petals 1-2 mm long; stamens 1-1.5 mm long; southern Qld"	"Acmena ingens"
24	"Mature fruits purple to black, almost sessile; flowers without a distinct pedicel"	"Syzygium banksii"
24	"Mature fruits green, white or pink, with long pedicel; flowers with long pedicel"	25
25	"Leaves +/- pendulous; stamens 3-7 mm long; fruits pale green at maturity"	"Waterhousea floribunda"
25	"Leaves spreading; stamens 1-3 mm long; fruits white or pink-purple at maturity"	"Acmena smithii"
26	"Flowers and fruits borne on old wood below the leaf canopy"	"Syzygium kuranda"
26	"Flowers and fruits terminal or borne amongst the leaves"	27
27	"Calyx + pedicel 8-17 mm long at anthesis"	28
27	"Calyx + pedicel 2.5-7 mm long at anthesis"	29
28	"Petioles 3-5% of lamina length; fruits cylindrical; petals 6-8"	"Acmenosperma pringlei"
28	"Petioles 6-10% of lamina length; fruits pyriform; petals 4"	"Syzygium corynanthum"
29	"Petioles 10-14% as long as lamina; flowers and fruits sessile"	"Syzygium argyropedicum"
29	"Petioles 4-8% as long as lamina; flowers and fruits conspicuously pedicellate"	30
30	"Stamens 5-15 mm long; fruits oblate or ellipsoidal"	31
30	"Stamens 1-3 mm long; fruits globose"	32
31	"Fruits oblate, 30-40 mm diameter"	"Syzygium macilwraithianum"
31	"Fruits ellipsoidal, 8-17 mm diameter"	"Syzygium australe"
32	"Surface of leaf-bearing twigs more or less smooth or glandular-pustulate, but bark on older twigs somewhat scaly and semi-fibrous, exfoliating by means of longitudinal cracks to give a plaited appearance"	"Acmena smithii"
32	"Surface of leaf-bearing and older twigs more or less smooth, eventually becoming somewhat flaky but not exfoliating by means of longitudinal cracks"	"Acmena hemilampra"
33	"Petioles 15-25% of lamina length"	34
33	"Petioles 2-11% of lamina length"	35
34	"Calyx tube + pedicel 7-14 mm long at anthesis; stamens 11-20 mm long; mature fruits white, cream or pink"	"Syzygium eucalyptoides subsp. bleeseri"
34	"Calyx tube + pedicel 14-30 mm long at anthesis; stamens 18-45 mm long; mature fruits red or reddish"	"Syzygium suborbiculare"
35	"Leaf lamina less than 3 times longer than wide"	36
35	"Leaf lamina more than 3 times longer than wide"	45
36	"Flowers and fruits borne below the leaf canopy"	37
36	"Flowers and fruits terminal or amongst the leaves"	40
37	"Riparian tree; flowers and fruits on small branches just below leaf canopy"	"Syzygium tierneyanum"
37	"Trees not associated with rivers; flowers and fruits borne on thick branches or on tree trunk"	38
38	"Flowers dark pink; fruits white; far southern Qld"	"Syzygium moorei"
38	"Flowers white; fruits pale brown, pink, red or black; northern Qld"	39
39	"Style 5-8 mm long; calyx lobes 0.5-1 mm long"	"Syzygium branderhorstii"
39	"Style 8-15 mm long; calyx lobes 2-4 mm long"	"Syzygium kuranda"
40	"Calyx tube 10-19 mm diameter, covered with tiny hairs"	"Syzygium puberulum"
40	"Calyx tube 2-8 mm diameter, glabrous"	41
41	"Style 1-2 mm long"	42
41	"Style 8-30 mm long"	43
42	"Leaf margin recurved throughout but incurved and thickened at the base just prior to its junction with the petiole; leaf base obtuse, occasionally shortly attenuate"	"Acmena graveolens"
42	"Leaf margin flat or slightly recurved but not thickened or incurved at the base; leaf base attenuate"	"Acmena divaricata"
43	"Bark papery, reddish-brown; fruits white; calyx lobes 1-2 mm long"	"Syzygium forte subsp. forte"
43	"Bark smooth or scaly, grey; fruits red; calyx lobes 2-5 mm long"	44
44	"Peduncles 10-35 mm long; stamens 10-15 mm long; fruits campanulate"	"Syzygium aqueum"
44	"Peduncles 4-10 mm long; stamens 15-25 mm long; fruits globular"	"Syzygium fibrosum"
45	"Stamens 0.5-2 mm long"	46
45	"Stamens 3-40 mm long"	48
46	"Calyx tube + pedicel 1.5-3.0 mm long at anthesis; fruits c. 30 mm diameter"	"Acmena ingens"
46	"Calyx tube + pedicel 3.0-5.0 mm long at anthesis; fruits 50-60 mm diameter"	47
47	"Leaf margin recurved throughout but incurved and thickened at the base just prior to its junction with the petiole; leaf base obtuse, occasionally shortly attenuate"	"Acmena graveolens"
47	"Leaf margin flat or slightly recurved but not thickened or incurved at the base; leaf base attenuate"	"Acmena divaricata"
48	"Calyx tube 9-19 mm diameter; stamens 20-40 mm long"	49
48	"Calyx tube 2-8 mm diameter; stamens 3-15 mm long"	50
49	"Calyx tube covered with tiny hairs; petals 8-10 mm long; indigenous species"	"Syzygium puberulum"
49	"Calyx glabrous; petals 10-15 mm long; exotic species"	"Syzygium jambos"
50	"Leaves 8-17 times longer than wide"	"Syzygium eucalyptoides subsp. eucalyptoides"
50	"Leaves 3-8 times longer than wide"	51
51	"Bark reddish-brown and papery; calyx tube 5-8 mm diameter"	"Syzygium forte subsp. potamophilum"
51	"Bark grey, not papery; calyx tube 2-4.5 mm diameter"	52
52	"Calyx lobes 1-1.5 mm long; mature fruits purplish; non-riparian habitat"	"Syzygium cryptophlebium"
52	"Calyx lobes less than 0.5 mm long; mature fruits pale green; riparian habitat"	"Waterhousea floribunda"
53	"Largest leaves more than 110 mm long"	54
53	"Largest leaves less than 110 mm long"	64
54	"Leaf lamina less than twice as long as wide; trees of open forest"	"Syzygium orbiculare"
54	"Leaf lamina more than two times longer than wide; trees of rainforest"	55
55	"Leaves with numerous prominent lateral veins <2.5 mm apart"	56
55	"Lateral veins of leaves obscure or more than 4mm apart"	58
56	"Bark reddish-brown, papery; calyx lobes and petals all separate; fruits purple"	"Syzygium papyraceum"
56	"Bark white or grey-brown, smooth or flaky; calyx lobes and/or petals fused, coherent; fruits black or rusty-brown"	57
57	"Petioles 6-9% of lamina length; fruits 45-70 mm long, globose, rusty-brown"	"Syzygium glenum"
57	"Petioles 11-18% of lamina length; fruits 15-20 mm long, ellipsoidal, black"	"Syzygium cumini"
58	"Calyx tube covered with tiny hairs"	"Syzygium puberulum"
58	"Calyx tube glabrous"	59
59	"Flowers and fruits borne below leaf canopy"	60
59	"Flowers and fruits terminal or borne amongst leaves"	62
60	"Oil glands obscure on lower leaf surface and absent from midrib; fruits brown, calyx lobes absent"	"Syzygium kuranda"
60	"Oil glands prominent on lower leaf surface and along midrib; fruits white, pink or red, calyx lobes present"	61
61	"Fruits white, 30-40 mm long; non-riparian habitats"	"Syzygium sayeri"
61	"Fruits pink to red, rarely white, 15-20 mm long; riparian habitat"	"Syzygium tierneyanum"
62	"Petiole 9-16% of lamina length; lamina 2.1-3.1 times longer than wide; fruits oblate"	"Syzygium pseudofastigiatum"
62	"Petiole 2-8% of lamina length; lamina 3.1-5.4 times longer than wide; fruits globose"	63
63	"Stamens 20-40 mm long; calyx lobes 4-8 mm long; fruits 30-40 mm diameter"	"Syzygium jambos"
63	"Stamens 5-11 mm long; calyx lobes 1-1.5 mm long; fruits 8-12 mm diameter"	"Syzygium cryptophlebium"
64	"Leaf acumen more than 15% of lamina length (measured from the point where the leaf margin is at the greatest angle to the midrib)"	65
64	"Leaf acumen less than 15% of lamina length (measured from the point where the leaf margin is at the greatest angle to the midrib)"	79
65	"Inflorescences 1-7-flowered"	66
65	"Inflorescences 20-200-flowered"	70
66	"Style 4-7 mm long"	67
66	"Style 17-41 mm long"	68
67	"Flowers calyptrate; fruits lacking sepals"	"Syzygium canicortex"
67	"Petals and sepals all free; sepals persisting on fruit"	"Syzygium fratris"
68	"Petals 8-16 mm long"	"Syzygium maraca"
68	"Petals 4-6 mm long"	69
69	"Fruits 11-18 mm diameter; oil glands large and easily seen on lower leaf surface"	"Syzygium xerampelinum"
69	"Fruits 30-40 mm diameter; oil glands small and scarcely visible on lower leaf surface"	"Syzygium boonjee"
70	"Inflorescence corymbose; stamens bright pink"	"Syzygium buettnerianum"
70	"Inflorescence paniculate or racemose; stamens white"	71
71	"Style 0.5-2 mm long; stamens 1-2 mm long"	72
71	"Style 3-11 mm long; stamens 2.5-10 mm long"	74
72	"Mature fruits red"	"Syzygium wesa"
72	"Mature fruits white or green"	73
73	"Flowers 5-merous; fruits pale green to green"	"Syzygium monimioides"
73	"Flowers 4-merous; fruits white"	"Acmena resa"
74	"Oil glands dense and prominent on lower leaf surface and midrib"	75
74	"Oil glands sparse or obscure on lower leaf surface, absent from midrib"	76
75	"Fruits pink, oblate, 25-30 mm diameter"	"Syzygium dansiei"
75	"Fruits purple, globular, 10-16 mm diameter"	"Syzygium oleosum"
76	"Fruits obovoid, longer than wide; flowers mostly 5-merous, sometimes 4-merous"	"Syzygium luehmannii"
76	"Fruits oblate to globose, wider than long; flowers always 4-merous"	77
77	"Fruits 17-25 mm diameter; calyx lobes 1-2 mm long"	"Syzygium crebrinerve"
77	"Fruits 10-19 mm diameter; calyx lobes 0.3-0.7 mm long"	78
78	"Leaves 50-70 mm long, lamina 2.1-2.4 times longer than wide; southern Qld"	"Syzygium francisii"
78	"Leaves 90-110 mm long, lamina 2.7-3.0 times longer than wide; Townsville to Cooktown"	"Waterhousea unipunctata"
79	"Trees with reddish-brown papery bark"	80
79	"Tree bark scaly or non-descript"	81
80	"Stamens mauve; fruits obovoid, c. 25 mm wide, purple"	"Syzygium papyraceum"
80	"Stamens white; fruits oblate, 50-70 mm wide, white"	"Syzygium bungadinnia"
81	"Inflorescences borne below leaf canopy"	82
81	"Inflorescences terminal or borne in leaf axils"	83
82	"Oil glands obscure on lower leaf surface and absent from midrib; fruits brown, calyx lobes absent"	"Syzygium kuranda"
82	"Oil glands prominent on lower leaf surface and along midrib; fruits white, pink or red, calyx lobes present"	"Syzygium sayeri"
83	"Style 15-41 mm long; stamens 13-33 mm long"	84
83	"Style 1-15 mm long; stamens 1-13 mm long"	87
84	"Petals 10-16 mm long; fruits longer than wide"	85
84	"Petals 3-7 mm long; fruits wider than long"	86
85	"Fruits pyriform, 55-110 mm long; inflorescence 1-4-flowered"	"Syzygium maraca"
85	"Fruits cylindrical, 30-40 mm long; inflorescence mostly 5-50-flowered, but sometimes fewer"	"Syzygium alliiligneum"
86	"Calyx lobes 5-8 mm long; staminal filaments with raised glands scattered along their length"	"Syzygium erythrodoxum"
86	"Calyx lobes 3-5 mm long; staminal filaments without glands"	"Syzygium fibrosum"
87	"Petiole 25-45% length of lamina"	"Syzygium velarum"
87	"Petiole 3-14% length of lamina"	88
88	"Fruits longer than wide, ellipsoidal or pyriform"	89
88	"Fruits globular or somewhat wider than long"	91
89	"Calyx tube + pedicel 13-20 mm long at anthesis; petiole 3-6% of lamina length"	"Acmenosperma claviflorum"
89	"Calyx tube + pedicel 4.5-12 mm long at anthesis; petiole 5-14% of lamina"	90
90	"Leaf lamina 3.0-5.0 times longer than wide; fruits ellipsoidal, black"	"Syzygium banksii"
90	"Leaf lamina 2.3-2.7 times longer than wide; fruits pyriform, red"	"Syzygium corynanthum"
91	"Inflorescence corymbose; stamens bright pink"	"Syzygium buettnerianum"
91	"Inflorescence paniculate or racemose; stamens white"	92
92	"Lamina oil glands very dense (2 diameters apart) and raised on both surfaces"	"Syzygium endophloium"
92	"Lamina oil glands more widely spaced and not raised on the upper surface"	93
93	"Calyx lobes absent or rudimentary; stamens 1-3 mm long"	"Acmena smithii"
93	"Calyx lobes 1.5-2 mm long; stamens 5-10 mm long"	94
94	"Calyx tube + pedicel 6-11 mm long at anthesis"	"Syzygium crebrinerve"
94	"Calyx tube + pedicel 3-6 mm long at anthesis"	"Syzygium johnsonii"
