from	statement	to
1	"Branchlets and leaves with a pubescence of small stellate hairs (0.08–0.25 mm diameter) and simple hairs 0.4–1 mm long; sepals densely covered with stellate hairs and some simple hairs 0.2–0.5 mm long"	"Tetracera nordtiana var. nordtiana"
1	"Branchlets and leaves with simple hairs only, stellate hairs absent"	2
2	"Leaf blades glabrous above, sparsely strigose on midrib and lateral veins below; sepals strigose outside with simple hairs 0.2–0.5 mm long"	"Tetracera nordtiana var. wuthiana"
2	"Leaf blades sparsely strigose above and below, denser along midrib and lateral veins; sepals strigose outside with simple hairs to 0.7 mm long and some stellate hairs"	"Tetracera nordtiana var. moluccana"
