from	statement	to
1	"Annual herb with sessile leaves"	"Thunbergia annua"
1	"Perennial vines, petioles conspicuous"	2
2	"Inflorescence a terminal raceme"	3
2	"Inflorescence of 1 or 2 flowers in each leaf axil"	4
3	"Corolla yellow with maroon lobes; pedicels lacking sessile glands; bracteoles glabrous"	"Thunbergia mysorensis"
3	"Corolla purple with a white throat; pedicels with numerous sessile glands at the distal end; bracteoles with fine hairs at least along the margin"	"Thunbergia grandiflora"
4	"Petioles winged; corolla yellow to orange with black throat"	"Thunbergia alata"
4	"Petioles not winged; corolla white or purple"	5
5	"Calyx 12-20 toothed; outer surface of corolla tube with numerous erect hairs, corolla white throughout; pedicels lacking sessile glands"	"Thunbergia fragrans"
5	"Calyx entire, without teeth; outer surface of corolla tube glabrous, corolla purple with a white throat; pedicels with numerous sessile glands at the distal end"	"Thunbergia grandiflora"
