from	statement	to
1	"Fruit indehiscent and few-seeded"	2
1	"Fruit dehiscent and usually many-seeded"	3
2	"Plant softly hairy; flowers actinomorphic; petals less than 2 mm long"	"Oenothera curtiflora"
2	"Plant coarsely hairy; flowers zygomorphic; petals more than 2 mm long"	"Oenothera lindheimeri"
3	"Capsule clavate, the basal part narrow and sterile; flower pink, rose purple or white"	4
3	"Capsule not clavate or if somewhat clavate the basal part fertile; flower yellow or white"	6
4	"Petals 1 cm or less long"	"Oenothera rosea"
4	"Petals 2 cm or more long"	5
5	"Capsule with wing 2–3 mm wide, sterile part tapering; inflorescence not nodding; stems with long spreading hairs"	"Oenothera tetraptera"
5	"Capsule 8-ribbed, sterile part cylindrical; inflorescence nodding; stems lacking long spreading hairs"	"Oenothera speciosa"
6	"Seeds sharply angled; stems with small red spots"	"Oenothera glazioviana"
6	"Seeds not sharply angled, stems not spotted"	7
7	"Hypanthium curved upwards in young buds; plant glandular-pubescent only on the hypanthium and sepals; seeds distinctly pitted"	8
7	"Hypanthium straight in young buds, plant glandular-pubescent; seeds not distinctly pitted"	9
8	"Leaves usually subentire, greyish green; petals more than 2 cm long"	"Oenothera drummondii"
8	"Leaves usually deeply lobed to dentate, green; petals less than 2 cm long"	"Oenothera laciniata"
9	"Hypanthium 7 cm or more in length"	"Oenothera affinis"
9	"Hypanthium less than 7 cm long"	10
10	"Capsule 1.5–2.5 mm wide; petals 4–10 mm long"	"Oenothera indecora"
10	"Capsule 3–4 mm wide; petals 8–30 mm or longer"	11
11	"Subtending leaf usually shorter than, occasionally equal in length to, the capsule"	"Oenothera stricta"
11	"Subtending leaf longer than the capsule"	"Oenothera mollissima"
