from	statement	to
1	"Plants semi-aquatic, with inflated floating stems; staminal filaments 6.0–7.5 mm long"	"Neptunia plena"
1	"Plants terrestrial, stems not inflated; staminal filaments 2.0–5.2 mm long"	2
2	"Petiole nectary absent from all leaves"	3
2	"Petiole nectary present on most or all leaves"	11
3	"Peduncles with 2–4 bracts"	4
3	"Peduncles without bracts or with 1 bract only"	8
4	"Stipules 12–20 mm long"	"Neptunia amplexicaulis"
4	"Stipules 4–10 mm long"	5
5	"Peduncles 7–35 mm long at anthesis"	6
5	"Peduncles 33–110 mm long at anthesis"	7
6	"Peduncles glabrous except at apex; largest leaflets 5.8–11 mm long; pinna pairs 2–3(–4)"	"Neptunia xanthonema"
6	"Peduncles hairy throughout; largest leaflets 3–7.0 mm long; pinna pairs 3–5(–6)"	"Neptunia scutata"
7	"Leaves with 4–6 pairs of pinnae; largest leaflets 4.6–7.8 mm long"	"Neptunia heliophila"
7	"Leaves with 2–3 pairs of pinnae; largest leaflets 8.0–13 mm long"	"Neptunia insignis"
8	"Neuter flowers absent; flowering peduncles 14–36 mm long"	9
8	"Neuter flowers present; flowering peduncles (25–)40–110 mm long"	10
9	"Pinnae with 16–21 pairs of leaflets; ovary hairy; stamens always 5"	"Neptunia proxima"
9	"Pinnae with 20–28 pairs of leaflets; ovary glabrous; stamens 5–8"	"Neptunia tactilis"
10	"Leaves with 2–3(–4) pairs of pinnae; peduncles usually +/- glabrous"	"Neptunia gracilis"
10	"Leaves with 4–6 pairs of pinnae; peduncles with sparse to dense antrorse hairs"	"Neptunia heliophila"
11	"Stipules deciduous, visible only on new growth; upright plants"	12
11	"Stipules persistent for many nodes; prostrate plants"	13
12	"Plant 1–2(–3) m high; petioles 10–18 mm long; peduncle 15–55 mm long at anthesis"	"Neptunia major"
12	"Plant to 0.5m high; petioles 5–11 mm long; peduncle 4–12 mm long at anthesis"	"Neptunia monosperma"
13	"Peduncle glabrous except at apex; leaves with (1–)2–3 pairs of pinnae"	14
13	"Peduncles hairy throughout; leaves with 3–5 pairs of pinnae"	15
14	"Ovary densely hairy; peduncles 7–32 mm long at anthesis; neuter flowers present"	"Neptunia xanthonema"
14	"Ovary glabrous; peduncles 40–54 mm long at anthesis; neuter flowers absent"	"Neptunia paucijuga"
15	"Staminodes 4–7.5 mm long; ovary hairy throughout"	"Neptunia scutata"
15	"Staminodes 8.5–14 mm long; ovary hairy along the margins only"	"Neptunia dimorphantha"
