from	statement	to
1	"Hypanthium with 2 adnate prophylls, sometimes developing into wings"	2
1	"Hypanthium without adnate prophylls"	4
2	"Prophylls not accrescent and not forming wings to the fruit; plants of the mangroves; leaves fleshy; ovules 2–5"	Lumnitzera
2	"Prophylls accrescent to form two wings to the fruit; plants not in mangroves; leaves not fleshy; ovules 6–20"	3
3	"Hypanthium adnate to ovary all the way around; nectariferous disk forming an intrastaminal cupular ring at base of hypanthium; ovules 6–12"	Macropteranthes
3	"Hypanthium adnate to ovary on ventral side only; nectary a 2-lobed outgrowth on inner dorsal side of hypanthium; ovules 14–20"	Dansiea
4	"Vines or scramblers; leaves opposite, subopposite or in whorls of 3 or 4; petals present, red or white; leaves without leaf glands"	Combretum
4	"Trees or shrubs; leaves spirally arranged and often crowded at apices of branchlets; petals absent; leaf-blades frequently with glands below along the leaf margins near base"	Terminalia
