from	statement	to
1	Subshrubs	"Leichhardtia brevifolia"
1	Vines	2
2	"Corolline corona present, comprising either 5 ridges at corolla lobe sinuses that sometimes terminate in small apical lobes, or 5 rounded lobes at top of corolla tube"	3
2	"Corolline corona absent"	10
3	"Flowers more than 15 mm diam.; corolla lobes more than 6.5 mm long"	"Leichhardtia araujacea"
3	"Flowers less than 15 mm diam.; corolla lobes less than 6.5 mm long"	4
4	"Corolla rotate"	"Leichhardtia longiloba"
4	"Corolla campanulate, shallowly campanulate, urceolate or salverform-urceolate"	5
5	"Corolla salverform-urceolate"	"Leichhardtia pumila"
5	"Corolla campanulate"	6
6	"Corolla lobes less than 3.5 mm long"	7
6	"Corolla lobes more than 3.5 mm long"	9
7	"Staminal corona lobes peltate"	"Leichhardtia viridiflora"
7	"Staminal corona lobes adnate at base"	8
8	"Staminal corona lobes longer than staminal column"	"Leichhardtia cymulosa"
8	"Staminal corona lobes shorter than staminal column"	"Leichhardtia fraseri"
9	"Leaf petiole 20–35 mm long; staminal corona lobes oblong-rectangular, longer than staminal column"	"Leichhardtia glandulifera"
9	"Leaf petiole 10–20 mm long; staminal corona lobes subulate, shorter than staminal column"	"Leichhardtia rostrata"
10	"Leaf lamina with obscure venation below"	11
10	"Leaf lamina with prominent venation below"	14
11	"Leaf lamina linear to lanceolate; staminal corona lobes peltate"	12
11	"Leaf lamina elliptic-ovate or narrowly oblong to oblong; staminal corona lobes adnate at base"	13
12	"Corolla shallowly campanulate; tube 2.6–3 mm long"	"Leichhardtia coronata"
12	"Corolla urceolate; tube 4–6 mm long"	"Leichhardtia australis"
13	"Staminal corona lobes shorter than staminal column"	"Leichhardtia flavescens"
13	"Staminal corona lobes longer than staminal column"	"Leichhardtia connivens"
14	"Corolla lobes more than 5 mm long"	15
14	"Corolla lobes less than 5 mm long"	17
15	"Corolla campanulate, cream; lobes c. 6 mm long"	"Leichhardtia paludicola"
15	"Corolla rotate, red, red-purple or pale pink-cream; lobes 8–14 mm long"	16
16	"Pedicels 5-13 mm long; latex clear or greenish-yellow; corolla lobes straight to slightly dextrorse"	"Leichhardtia racemosa"
16	"Pedicels 15-25 mm long; latex white; corolla lobes strongly dextrorse"	"Leichhardtia jensenii"
17	"Corolla lobes less than 1.5 mm long"	18
17	"Corolla lobes more than 1.5 mm long"	19
18	"Leaf lamina elliptic-oblong to obovate; staminal corona lobes cupular, entire"	"Leichhardtia micradenia"
18	"Leaf lamina lanceolate to lanceolate-ovate; staminal corona lobes ovate-oblong, bilobed"	"Leichhardtia brevis"
19	"Corolla campanulate"	20
19	"Corolla urceolate"	21
20	"Corolla orange, maroon, brown or green; lobes elliptic-ovate; staminal corona lobes linear"	"Leichhardtia velutina"
20	"Corolla white; lobes ovate; staminal corona lobes acute-oblong"	"Leichhardtia lloydii"
21	"Leaf lamina glabrous below; staminal corona lobes bilobed, c. 0.8 mm wide"	"Leichhardtia rara"
21	"Leaf lamina with sparse to dense trichomes below; staminal corona lobes entire, 1–1.1 mm wide"	"Leichhardtia microlepis"
