from	statement	to
1	"Flowers bisexual, in long emergent spikes; perianth absent; 4 sepaloid scales opposite stamens; anthers sessile, 2 or 4"	2
1	"Flowers unisexual, solitary or clustered in axils, remaining submerged; perianth absent or of 3 small scales or cup-like; 1 stamen or 2 or 3 stamens fused forming a single anther mass, anther mass sessile or on a filament"	3
2	"Leaf sheath almost completely free from leaf, distally free; ligule absent; leaves sub-orbicular, narrowly ovate to linear, > 3 mm wide"	Potamogeton
2	"Leaf sheath basally united with base of leaf, distally free and extended into a distinct ligule; leaves narrow linear, 10–17 cm long, 1.2–2 mm wide (Stuckenia pectinata)"	Stuckenia
3	"Basal sheath adnate to leaf blade; internodes 1–4 cm long; leaf-blades 2.5–5 cm long, < 1 mm wide; male flowers with perianth of 3 small scales or cup-like perianth; anther mass ± sessile; female flowers with perianth of 3 scales; carpels 3 (Althenia bilocularis)"	Althenia
3	"Basal leaf sheaths free from leaf-blades; leaves linear, 2.5–7.5 cm long; male flowers lacking perianth; anther mass on filament; female flowers with cup-like perianth; carpels usually 3 (1–9) (Zannichellia palustris)"	Zannichellia
