from	statement	to
1	"Upper stem leaves petiolate or narrowed to base"	2
1	"Upper stem leaves sessile and bract-like, or rounded, or deeply cordate to stem-clasping at base, or upper part of stem leafless (if narrowed at base then margins convex)"	3
2	"Basal leaves lyrate-pinnatifid sparsely hispid; beak 4–10 mm long, narrower than stigma"	"Brassica x juncea"
2	"Basal leaves runcinate-pinnatifid, densely hispid; beak 8–20 mm long, as wide as stigma"	"Brassica tournefortii"
3	"All leaves glaucous; inflorescence a convex corymb; petals pale yellow"	"Brassica x napus"
3	"Lower leaves grass green; inflorescence a concave corymb; petals bright yellow"	"Brassica rapa"
