from	statement	to
1	"Inflorescences pedunculate"	2
1	"Inflorescences sessile"	3
2	"Aquatic or semi-aquatic plant; leaves glabrous; tepals glabrous, apex obtuse"	"Alternanthera philoxeroides"
2	"Terrestrial plant; leaves hairy; tepals hairy, apex acute"	"Alternanthera brasiliana"
3	"Older leaves conspicuously hairy"	4
3	"Older leaves glabrous or almost so"	5
4	"Leaves sessile; tepals 2.5-3 mm long, +/- straight-sided, apex apiculate"	"Alternanthera sp Mt Isa R.L.Specht+ 49"
4	"Leaves with petioles 2-3 mm long; tepals 2.7-3 mm long, narrowly-ovate, tapering, apex acute"	"Alternanthera nana"
5	"Leaves elliptical, 1.5-3.5 times longer than broad"	6
5	"Leaves lanceolate to linear, more than 5 times longer than wide"	8
6	"Tepals equal, glabrous, 1-ribbed; stems grooved with longitudinal lines of hairs in groove, otherwise glabrous"	"Alternanthera sessilis"
6	"Tepals unequal, hairy, 3-ribbed; stems not grooved, hairs scattered or absent"	7
7	"Outer tepals prickly, tepal hairs perpendicular"	"Alternanthera pungens"
7	"Outer tepals not prickly, tepal hairs antrorse"	"Alternanthera ficoidea"
8	"Tepals conspicuously woolly on lower half"	"Alternanthera angustifolia"
8	"Tepals glabrous or nearly so"	9
9	"Tepals 3.5-5 mm long; fruits less than half length of tepals"	"Alternanthera nodiflora"
9	"Tepals 1-3 mm long; fruits more than half as long as tepals"	10
10	"Tepals 1-2 mm long"	"Alternanthera denticulata var. micrantha"
10	"Tepals 2-3 mm long"	"Alternanthera denticulata var. denticulata"
