from	statement	to
1	"Lamina of largest leaves 6-26 mm long; fruits 9-14 mm long"	2
1	"Lamina of largest leaves 32-80 mm long; fruits 16-20 mm long"	3
2	"Corolla less than 20 mm long; style 6-7.5 mm long"	"Dipteracanthus australasicus subsp. corynothecus"
2	"Corolla more than 20 mm long; style 16-22 mm long"	"Dipteracanthus australasicus subsp. australasicus"
3	"Petioles 7-15% of lamina length; bracteoles adjacent to flower or fruit 20-32 mm long; calyx 6-8 mm long; corolla white; fruits glabrous or very sparsely hairy"	"Dipteracanthus bracteatus"
3	"Petioles 20-33% of lamina length; bracteoles adjacent to flower or fruit 9-19 mm long; calyx 8-11 mm long; corolla purple; fruits with dense retrorse hairs"	"Dipteracanthus prostratus"
