from	statement	to
1	"Leaflet pairs 2 per leaf throughout the plant"	"Tribulopis pentandra"
1	"Leaflet pairs more than 2 per leaf"	2
2	"Leaflets linear to narrowly ovate"	3
2	"Leaflets elliptic, ovate or obovate"	4
3	"Lowest pair of leaflets inserted very close to stem; ovary and fruits glabrous"	"Tribulopis sessilis"
3	"Lowest pair of leaflets inserted well above stem; ovary and fruits covered with white hairs, rarely sub-glabrous"	"Tribulopis angustifolia"
4	"Leaflet pairs 4 or 5 per leaf; lowest leaflet pair inserted very close to stem"	"Tribulopis sessilis"
4	"Leaflet pairs usually 3 per leaf; lowest leaflet pair inserted close to or well above stem"	5
5	"Fruits with medial and basal spines or protuberances"	"Tribulopis solandri"
5	"Fruits lacking any protuberances or each coccus with a basal semicircular wing"	"Tribulopis homalococca"
