from	statement	to
1	"Leaves without a distinct pseudopetiole; leaf blades ± canaliculate and with short cylindrical sheaths often persisting as fibrous or papery tunics; perianth segments free or shortly connate at base; fruit a capsule"	Hypoxis
1	"Leaves pseudopetiolate; leaf-blades plicate and sheathing leaf bases; perianth fused with style at base forming a column above the ovary"	2
2	"Inflorescences capitate, axillary, 20–50-flowered; peduncles densely pubescent, 2–12 cm long; perianth tube 1.5–2 mm long above the ovary; anthers introrse; fruit a berry; tufted cormous perennials (Molineria capitulata)"	Molineria
2	"Inflorescences spike-like with 1–10 flowers; peduncles glabrous, 0.5–4 cm long; perianth fused with style at base forming a filiform tube 15–30 mm above the ovary; anthers latrorse; fruit capsule-like; rhizomatous perennials (Curculigo ensifolia)"	Curculigo
