from	statement	to
1	"Roots fibrous and wiry, not bunched, rhizomes spreading; stem short or often elongated (leaves alternate along stem), scape hirsute, hairs retrorse to patent; achene colour dark or reddish brown; achene glands on the dorsal edge densely and continuously distributed from beak to carpopodium"	"Lagenophora stipitata"
1	"Roots tuberous and fleshy, bunched; rhizomes short; stem absent or very short (leaves in basal rosette); scape hairs appressed to antrorse; achene colour light brown or yellowish brown; achene glands scattered on or absent from the dorsal edge"	2
2	"Leaf surfaces usually glabrous and leaf margins fimbriate; involucre more than 1 cm diameter with 52-62 disc florets; ligules 3-4.7 mm long"	"Lagenophora fimbriata"
2	"Leaf surfaces and leaf margins more or less equally hairy; involucre up to 1 cm diameter with 10-30 disc florets; ligules less than 3 mm long"	3
3	"Ligules 0.4-0.7 mm long; achenes 3.2-3.7 mm long excluding beak"	"Lagenophora brachyglossa"
3	"Ligules 1.4-2.5 mm long; achenes 2.0-3.0 mm long excluding beak"	4
4	"Achene glands confined to the dorsal side of beak and adjacent upper dorsal edge; achenes usually with 1-5 hairs at base; achene usually with one to few hairs at base; achene beak 0.4-0.6 mm long, with a thickened white annular collar at its apex"	"Lagenophora sublyrata"
4	"Achene glands surrounding the beak, and extending sparsely along ventral and dorsal edges; achenes without basal hairs; achene beak usually 0.2-0.3 mm long, without a thickened white annular collar at its apex"	"Lagenophora queenslandica"
