from	statement	to
1	"Leaves oblong, elliptic or lanceolate, shortly aristate, with 5–11 prominent longitudinal veins on the abaxial surface"	"Lissanthe brevistyla"
1	"Leaves linear or narrowly lanceolate, +/- subulate, with 1–5 prominent longitudinal veins on the abaxial surface, giving a strongly grooved appearance"	2
2	"Flowers with corolla-lobes glabrous or papillose; style sulcate, shorter than corolla-tube"	"Lissanthe strigosa subsp. subulata"
2	"Flowers with corolla-lobes hairy; style terete, equal to or longer than corolla-tube"	"Lissanthe pluriloculata"
