from	statement	to
1	"Leaf blades 0.5–3.5 cm long"	2
1	"Leaf blades 3.5–24 cm long"	3
2	"Leaves opposite; petiole 2–8 mm long; calyx tube 4–8 mm long, lobes 5–8 mm long; corolla pubescent inside; fruit with persistent calyx"	"Gardenia pyriformis subsp. orientalis"
2	"Leaves in whorls of 3 or 4, or occasionally opposite; petiole 1–3 mm long; calyx tube 1–3 mm long, lobes c. 1 mm long; corolla glabrous inside; fruit without persistent calyx"	"Gardenia vilhelmii"
3	"Leaf apex acuminate or acute"	4
3	"Leaf apex obtuse or rounded"	5
4	"Spindly shrub to 5 m; petioles 4–9 mm long; calyx lobes 16–25 mm long; corolla tube glabrous outside; fruit with 6 acute longitudinal ridges"	"Gardenia actinocarpa"
4	"Tree to 25 m; petioles 8–15 mm long; calyx lobes 5–15 mm long; corolla tube sparsely pubescent outside; fruit with 8 or 9 minor longitudinal ridges"	"Gardenia ovularis"
5	"Leaf lower surface tomentose or velutinous"	6
5	"Leaf lower surface glabrous or with sparse or scattered hairs along margins and/or veins"	7
6	"Leaves sparsely to moderately tomentose below, (3.5–) 7–13.5 cm long, lateral veins 16–21 pairs, flush above, tertiary venation ± flush below; stipules (7–) 12–25 mm long"	"Gardenia  psidioides"
6	"Leaves densely tomentose to velutinous below, 3.5–7 (–8) cm long, lateral veins 11–16 pairs, impressed above, tertiary venation raised below; stipules 5–10 mm long"	"Gardenia rupicola"
7	"Leaves 0.5–2 cm wide; petioles 1–2 mm long"	"Gardenia fucata"
7	"Leaves 2–8 cm wide; petioles 2–25 mm long"	8
8	"Leaf margin scabrous with hairs 0.1–0.2 mm long; petioles 2–7 mm long; fruits elongate–ellipsoid, 12–18 mm diameter, hexagonal in transverse section"	"Gardenia scabrella"
8	"Leaf margins glabrous; petioles 7–25 mm long; fruits globular to ovoid, 25–42 mm diameter, ± circular in transverse section"	9
9	"Leaves concolorous, coriaceous; pedicels 10–15 mm long; corolla tube pubescent inside; corolla lobes 10–12 mm long"	"Gardenia ewartii subsp. ewartii"
9	"Leaves discolorous, chartaceous; pedicels 5–11 mm long; corolla tube glabrous inside; corolla lobes 12–40 mm long"	10
10	"Leaves narrowly elliptic, lateral veins 8–13 pairs; calyx lobes 5–15 mm long; corolla tube sparsely pubescent outside; corolla lobes 12–26 mm long, 5–8 mm wide; mesocarp 2–3 mm thick; bark smooth; rainforest"	"Gardenia ovularis"
10	"Leaves obovate, lateral veins 13–17 pairs; calyx lobes 12–22 mm long; corolla tube glabrous outside; corolla lobes 25–40 mm long, 10–15 mm wide; mesocarp 4–5 mm thick; bark tessellated; woodland"	"Gardenia tessellaris"
