from	statement	to
1	"Leaves and stems (excluding peduncles) glabrous"	2
1	"Leaves and stems hairy, at least on the younger growth"	4
2	"Pappus 5.5-7 mm long, bristles (using hand lens) smooth; top of peduncles with short hairs"	"Minuria cunninghamii"
2	"Pappus 0.6-2.5 mm long, bristles (using hand lens) obviously barbellate; peduncles glabrous throughout"	3
3	"Leaves at base of plant opposite (sometimes leaves opposite throughout); pappus 0.6-0.8 mm long"	"Minuria rigida"
3	"Leaves alternate throughout; pappus 1.5-2.5 mm long"	"Minuria integerrima"
4	"Leaves 1.5-4.0 mm wide, at least some with toothed margins, apex rounded; stem hairs woolly; pappus 1.5-2 mm long"	"Minuria denticulata"
4	"Leaves 0.3-0.9 mm wide, all entire, apex acuminate; stem hairs not woolly; pappus 3-4 mm long"	"Minuria leptophylla"
