from	statement	to
1	"Leaves entire; one or two flat oval glands usually visible on the underside of the leaf lamina near the base and close to the midrib; evergreen rainforest trees from northern Queensland"	2
1	"Leaves crenulate or serrulate, without flat laminal glands; small deciduous woodland trees or shrubs from southern Queensland"	3
2	"Leaves glabrous"	"Prunus brachystachya"
2	"Lower surface of leaves with short erect hairs, at least on the veins"	"Prunus turneriana"
3	"Plants in flower"	4
3	"Plants in leaf only, or with leaves and fruit"	9
4	"Flowers borne in racemes 6-15 cm long"	5
4	"Flowers solitary or in fascicles"	6
5	"Pedicels 1-5 mm long; flowers more than 20 per raceme"	"Prunus serotina"
5	"Pedicels 6-12 mm long, flowers 5-12 per raceme"	"Prunus mahaleb"
6	"Pedicels absent or up to 3mm long"	7
6	"Flowers on pedicels 5-15 mm long"	8
7	"Petals 13-20 mm long, bright pink; sepals densely hairy"	"Prunus persica var. persica"
7	"Petals 10-14 mm long, white; sepals glabrous"	"Prunus armeniaca"
8	"Plants rhizomatous, forming dense clumps; petals 2.5-5 mm long"	"Prunus rivularis"
8	"Plants not rhizomatous and not clumping; petals 6-11 mm long"	"Prunus cerasifera"
9	"Leaves broad, 1-1.5 times longer than wide"	10
9	"Leaves narrower, at least twice as long as wide"	11
10	"Leaves 5-10 cm long, glabrous except at base on lower surface; fruits 30-50 mm long, yellow to orange when ripe"	"Prunus armeniaca"
10	"Leaves 1.5-3.5 cm long; scattered sparse hairs on lower surface, especially near base; fruits 6-8 mm long, black when ripe"	"Prunus mahaleb"
11	"Leaves glabrous; old branchlets not becoming sub-spinose"	12
11	"Hairs sparse on leaf undersurface, and more densely distributed along midrib; old branchlets becoming sub-spinose"	13
12	"Leaf lamina 2.2-3.0 times longer than broad; fruits glabrous, 7-12 mm long at maturity, numerous along a raceme"	"Prunus serotina"
12	"Leaf lamina 3.3-4.2 times longer than broad; fruits densely hairy, 50-80 mm long at maturity, usually solitary and sessile"	"Prunus persica var. persica"
13	"Plants rhizomatous, forming dense clumps; stipules 4-5.5 mm long, subulate"	"Prunus rivularis"
13	"Plants not rhizomatous and not clumping; stipules 3-4 mm long, obtuse to acute"	"Prunus cerasifera"
