from	statement	to
1	"Plant glabrous"	"Cassytha glabella"
1	"Plant pubescent and/or bracts and sepals ciliate or fimbriate"	2
2	"Pedicel none or minute and concealed by the whorled bracts"	3
2	"Pedicels at least 0.3 mm long, conspicuous; bract and bracteoles inserted at different levels on pedicel"	8
3	"Flowers and fruits in sessile glomerules or heads on short peduncles 2–7 mm long"	"Cassytha pubescens"
3	"Flowers and fruits in pedunculate heads or panicles; peduncles 5–30 mm or more long"	4
4	"Petals glabrous"	5
4	"Petals pubescent"	6
5	"Fruits globular, greenish (drying black); peduncles c. 0.5 mm thick"	"Cassytha filiformis"
5	"Fruits ovoid, reddish (never drying black); peduncles 0.3–0.4 mm thick (dried)"	"Cassytha capillaris"
6	"Flowers in heads"	"Cassytha pubescens"
6	"Flowers in panicles or spikes"	7
7	"Fruit papillose, ribs and glandular ring absent, drying brown"	"Cassytha rufa"
7	"Fruit smooth, sometimes with ribs and/or with glandular ring, drying grey-black"	"Cassytha pubescens"
8	"Fertile stamens six (whorl opposite petals lacking cells)"	"Cassytha muelleri"
8	"Fertile stamens nine"	9
9	"Flowers distant in loose racemes 30–100 mm long, petals and fruit glabrescent, fruit never banded with red and green hairs"	"Cassytha paniculata"
9	"Flowers in clustered racemes 5–30 mm long, in glomerules or spaced when fruit banded with red and green hairs; petals and fruits variously pubescent"	"Cassytha pubescens"
