from	statement	to
1	"Leaf rachis 25–39 cm long; leaflets usually 10–13 pairs, 6–17.5 cm long, 2–5 cm wide; inflorescence 22–36 cm long, much-branched, densely flowered"	"Jagera madida"
1	"Leaf rachis 8.5–18 cm long; leaflets usually 4–9 pairs, 1.5–11.5 cm long, 0.5–3 cm wide; inflorescence 4.5–25 cm long, openly branched or unbranched, openly flowered"	2
2	"Leaflet margins entire or with a few teeth; lateral veins usually impressed above"	"Jagera pseudorhus var. integerrima"
2	"Leaflets margins serrate or serrulate; lateral veins ± flush above"	"Jagera pseudorhus var. pseudorhus"
