from	statement	to
1	"Stamen filaments with hairs, anthers lacking appendages"	2
1	"Stamen filaments lacking hairs, anthers with appendages"	4
2	"Tubers close to rootstock, majority of flowers 1 per node"	"Arthropodium minus"
2	"Tubers distant from rootstock, flowers 2 to 9 per node"	3
3	"Filament hairs white and purple"	"Arthropodium milleflorum"
3	"Filament hairs bright yellow"	"Arthropodium paniculatum"
4	"Flowers 1 per node, pedicels erect in flowers and fruits"	"Arthropodium strictum"
4	"Flowers 2 to 6 per node, pedicels nodding in fruit"	"Arthropodium fimbriatum"
