from	statement	to
1	"Plant stem with conspicuous leaves"	2
1	"Leaves reduced to scales up the stem"	3
2	"Terrestrial; stems erect or scandent/decumbent; leaves 12-20cm long, 1.5cm wide; ovaries slightly humped; flowers 25-35mm diameter, sepals and petals pale pink-white with dark pink blotches, labellum dark pink with pale pink trichomes near the apex, callus ridges parallel; Cooktown to Paluma Range"	"Dipodium ensifolium"
2	"Terrestrial becoming epiphytic with the loss of basal part of stem, or more usually epiphytic; leaves 20-50cm long x 3-4.5cm wide; ovaries straight; flowers 30-50mm diameter, sepals and petals cream-white to yellowish with red blotches on the external surface that show internally, labellum cream to pale pink with a few red longitudinal stripes, callus ridges convergent; Iron Range and McIlwraith Range"	"Dipodium pandanum"
3	"Petals and sepals greenish yellow with maroon or brownish spots and/or streaks"	"Dipodium hamiltonianum"
3	"Petals and sepals white and/or pink, usually spotted and or streaked with darker pink, occasionally uniform"	4
4	"Ovary and pedicel spotted"	"Dipodium variegatum"
4	"Ovary and pedicel unspotted"	5
5	"Labellum mid-lobe linear-elliptical in outline when flattened"	6
5	"Labellum mid-lobe broadly elliptical to obovate when flattened"	7
6	"Flowers strongly to moderately pendulous, crowded on the inflorescence, pink, often with darker pink streaking"	"Dipodium elegantulum"
6	"Flowers slightly pendulous to spreading, not crowded on the inflorescence, white to pale pink, sometimes with pink spotting"	"Dipodium stenochilum"
7	"Sepals and petals strongly recurved in the distal third; flowers pink, finely spotted"	"Dipodium roseum"
7	"Sepals and petals flat or slightly recurved at the tips; flowers pink, heavily spotted to blotched"	"Dipodium punctatum"
