from	statement	to
1	"Leaves simple, 3–5-lobed; stems with erect brown bristles 1–1.8 mm long; doubtfully naturalised"	"Ampelocissus martini"
1	"Leaves pedate, with 5–11 leaflets; stems without erect brown bristles; native"	2
2	"Plants with dense rusty tangled hairs on leaves, stems and inflorescences; leaflets 9 (–11), brown pubescent below"	"Ampelocissus gardineri"
2	"Plants glabrous or with scattered hairs on leaves, stems and inflorescences; leaflets 5–9 (–11), glaucous below"	"Ampelocissus acetosa"
