from	statement	to
1	"Upper stems white, indumentum very dense, hairs completely obscuring stem at ×40 magnification"	2
1	"Upper stems not white, indumentum very sparse to dense, stem surface visible at ×40 magnification"	3
2	"Cauline leaves with 7–14 pairs of marginal lobes; low shrub 30 to 60 cm; verticils widely separated"	"Anisomeles ornans"
2	"Cauline leaves with 12–20 pairs of marginal lobes; shrub (40–) 60–200 cm; verticils not widely separated, sometimes overlapping"	"Anisomeles eriodes"
3	"Erect glandular hairs (0.1–0.3 mm long) frequent to abundant on upper stems and inflorescence rachis"	4
3	"Erect glandular hairs absent from upper stems and rachises, although sessile glands usually present"	5
4	"Cauline leaves 1.2–1.9 times longer than wide, base obtuse; corolla upper lip 5.8–6.7 mm long; glandular hairs extending to lower stems"	"Anisomeles macdonaldii"
4	"Cauline leaves 2.4–3.8 times longer than wide, base cuneate; corolla upper lip 3.8–5.7 mm long; glandular hairs not extending to lower stems"	"Anisomeles dallachyi"
5	"All fruiting calyx fringe-hairs <0.4 mm long"	6
5	"Fruiting calyx fringe-hairs >0.4 mm long, at least at the sinus end"	10
6	"Floral bracts consistently longer than verticils"	"Anisomeles lappa"
6	"Floral bracts not consistently longer than verticils"	7
7	"Petioles 0–3 mm long; plants prostrate"	8
7	"Petioles 3.5–31 mm long; plants erect"	9
8	"Marginal lobes of cauline leaves 2.5–5.1 mm deep; longest leaf hairs 1–2.5 mm long; corolla annulus hairs 0.4–0.5 mm long; corolla platform glabrous"	"Anisomeles ajugacea"
8	"Marginal lobes of cauline leaves 0.8–1.7 mm deep; longest leaf hairs 0.6–0.9 mm long; corolla annulus hairs 0.15–0.2 mm long; corolla platform with 1–20 hairs"	"Anisomeles antrorsa"
9	"Hairs on upper leaf surface 0.9–1.3 mm long; leaves 27–50 mm long; peduncles on lowermost verticil 0–1 mm long"	"Anisomeles vulpina"
9	"Hairs on upper leaf surface 0.2–0.8 mm long; leaves 44–152 mm long; peduncles on lowermost verticil (0–)1–15 mm long"	"Anisomeles carpentarica"
10	"Longest hairs on the upper leaf surface 0.1–0.25 mm long"	11
10	"Longest hairs on the upper leaf surface 0.25–2.0 mm long"	12
11	"Leaves and stems green, indumentum sparse to moderately dense; corolla platform glabrous"	"Anisomeles inodora"
11	"Leaves and stems grey or grey-green, indumentum moderately dense to dense; corolla platform with at least some hairs"	"Anisomeles brevipilosa"
12	"Longest hairs on leaves 0.9–2.0 mm long"	13
12	"Longest hairs on leaves 0.25–0.7 mm long"	14
13	"Stems with patent hispid hairs; plants procumbent; external hairs on fruiting calyx 1.1–2.4 mm long"	"Anisomeles languida"
13	"Stems without patent hispid hairs; plants erect; external hairs on fruiting calyx 0.6–1 mm long"	"Anisomeles vulpina"
14	"Nutlets 1.5–1.7 mm long; cauline leaves with 19–33 pairs of marginal lobes"	"Anisomeles papuana"
14	"Nutlets 1.8–2.2 mm long; cauline leaves with 3–18 pairs of marginal lobes"	15
15	"Corolla platform glabrous; petioles 21–38% of lamina length"	"Anisomeles moschata"
15	"Corolla platform with 20–100 hairs; petioles 13–22% of lamina length"	"Anisomeles xerophila"
