from	statement	to
1	"Leaves without translucent dots; veins connecting the nerves parallel and ascending at an angle of 60° and 0.2–0.5 mm spaced; sepals erect after flowering; achenes ellipsoid, with 3–5 longitudinal smooth dorsal ribs"	"Caldesia reniformis"
1	"Leaves with translucent dots; veins connecting the nerves parallel, and at 90° to the nerves, at least 1 mm spaced; sepals reflexed and revolute after flowering; achenes reniform, with 4 longitudinal ±warty or spiny dorsal ribs"	2
2	"Mature achenes to 4 mm long, the ridges sub-smooth, warty or with short spines <1 mm long"	"Caldesia oligococca"
2	"Mature achenes 5–7 mm long, the ridges with some prominent spines >2 mm long"	"Caldesia acanthocarpa"
