from	statement	to
1	"Climbers or scandent shrubs"	2
1	"Trees or shrubs, not scandent"	6
2	"Flowers borne on leaf-opposed, laterally compressed hook-shaped axes; older stems often with woody spines (Artabotrys carnosipetalus)"	Artabotrys
2	"Floral axes not hook-shaped; spines absent"	3
3	"Indumentum of simple trichomes only"	Desmos
3	"Indumentum of stellate, peltate or fasciculate trichomes, may be intermixed with simple trichomes"	4
4	"Inner petals clawed at base"	Melodorum
4	"Inner petals with a broad base"	5
5	"Flowers > 2 cm wide, petals spreading; trichomes stellate or peltate"	Uvaria
5	"Flowers < 1.5 cm wide, petals not widely spreading; trichomes fasciculate or discrete (Cyathostemma micranthum)"	Cyathostemma
6	"Fruit syncarpous with completely united carpels with seeds embedded in pulp; ovules basal"	7
6	"Fruit of free apocarps, ovules marginal"	8
7	"Outer petals usually free, flat"	Annona
7	"Outer petals connate at base, spurred or winged (Rollinia deliciosa)"	Rollinia
8	"Stigma on an elongated style, usually as long as ovary"	9
8	"Stigma sessile or subsessile, shorter than ovary"	11
9	"Apocarps dehiscent"	Xylopia
9	"Apocarps indehiscent"	10
10	"Inner petals remaining coherent forming a conical cap; apocarps subsessile, stipes 2–6 mm long (Goniothalamus australis)"	Goniothalamus
10	"All petals free; apocarps stipitate, stipes 10–20 mm long (Cananga odorata)"	Cananga
11	"Inner petals distinctly clawed for half their length or more"	12
11	"Inner petals not or only shortly clawed"	13
12	"Flowers unisexual; inner petals 1–2.3 times length of outer petals; Wet Tropics"	Pseuduvaria
12	"Flowers bisexual; outer petals 3–4 times length of inner petals; Cape York Peninsula (Mitrephora diversifolia)"	Mitrephora
13	"Inner and outer petals shortly connate at base"	Polyalthia
13	"Inner and outer petals free at base"	14
14	"Outer petals sepaloid, markedly different in shape and colour from inner petals"	15
14	"Outer petals not sepaloid, similar in shape and colour but maybe larger or smaller than inner petals"	16
15	"Inner petals imbricate; stamens with broad, flat-topped connectives"	Fitzalania
15	"Inner petals valvate; stamens with narrow short connectives"	Miliusa
16	"Domatia present as hairy pockets, 1–10 per leaf (Huberantha nitidissima)"	Huberantha
16	"Domatia absent"	17
17	"Inner petals imbricate in bud, boat-shaped"	Fitzalania
17	"Inner petals valvate in bud, sometimes imbricate at tips, not boat-shaped"	18
18	"Ovules 1; carpels 16–30; floral bract 1; inner petals smooth; fruits with 1 seed"	Monoon
18	"Ovules 3–16; carpels 5–16 (–20); floral bracts 2–4; inner petals grooved or warted on inner surface near base; fruits with (1 or) 2–5 seeds"	Meiogyne
