from	statement	to
1	"Stems and petioles not winged; stipules less than 2 mm wide; flowers solitary, or rarely two together; pod less than 5 mm wide"	"Lathyrus angulatus"
1	"Stems and petioles winged, at least in upper part; stipules more than 2 mm wide; flowers 1 to many; pod more than 5 mm wide"	2
2	"Racemes with 3–many flowers; calyx lobes unequal"	"Lathyrus latifolius"
2	"Flowers 1, 2 or 3; calyx lobes subequal"	3
3	"Peduncles less than 6 cm long; pod with two wings on upper suture"	"Lathyrus sativus"
3	"Peduncles more than 7 cm long; pod without wings"	"Lathyrus tingitanus"
