from	statement	to
1	"Pods with 1–4 strongly transversely ridged articles, these often obscured by the calyx; calyx lobes overlapping at base"	2
1	"Pods with 3–8 smooth or obscurely reticulate veined articles which are usually exserted from the calyx; calyx lobes not overlapping except for Alysicarpus bupleurifolius"	3
2	"Pod articles 1.3–2.2 mm long, with fine close transverse ribs; leaflets 3–9 mm wide; calyx either 4–6 mm long or 6–8 mm long (2 forms); flowers yellow"	"Alysicarpus schomburgkii"
2	"Pod articles 2.5–4 mm long, coarsely transversely ribbed; leaflets 5–22 mm wide; calyx 7–9 mm long; flowers with yellow standard and orange or red wings"	"Alysicarpus muelleri"
3	"Plants prostrate; pods moniliform, very markedly constricted between articles; calyx 2–4 mm long"	"Alysicarpus monilifer"
3	"Plants prostrate, ascending or erect; pods more or less straight and not or slightly constricted between articles; calyx 4.5–8 mm long"	4
4	"Pods glabrous, cylindrical; articles 1.5–2 mm long; leaflets linear-lanceolate, usually 3–5.5 mm wide; petioles 2–4 mm long; calyx lobes overlapping at base"	"Alysicarpus bupleurifolius"
4	"Pods more or less hairy, somewhat flattened; articles 2–3.5 mm long; leaflets variable, 3–25 mm wide; petioles 3–10 mm long; calyx lobes never overlapping"	5
5	"Leaflets acute or subacute at apex; 3–11 times as long as wide, drying dark greyish with prominent white venation; inflorescence open but not branched; calyx 5.5–7.7 mm long"	"Alysicarpus aurantiacus"
5	"Leaflets rounded to truncate or slightly retuse at apex; 1.2–2.5 times as long as wide, drying greenish or pale brown, venation obscure; inflorescence dense or open, branched or not; calyx 4–5.5 mm long"	6
6	"Plants prostrate; stems glabrous or with scattered minutely uncinate hairs; inflorescence dense, the internodes mostly shorter than the flowers; flowers bluish, purplish, mauve or wine red (not yellow or orange)"	"Alysicarpus vaginalis"
6	"Plants erect, ascending or decumbent; lower stems with at least a few ascending hyaline yellowish hairs (uncinate hairs may also be present); inflorescence open, the internodes longer than the flowers; flowers orange to red"	"Alysicarpus ovalifolius"
