from	statement	to
1	"Inflorescences to 1 cm long, flowers in a capitulum; leaves minutely papillose below"	"Stephania bancroftii"
1	"Inflorescences more than 2 cm long, umbelliform; leaves glabrous or puberulous below, not minutely papillose"	2
2	"Flowers distinctly pedicellate; pedicels 1-4 mm long; leaf apices rounded or rounded-obtuse"	3
2	"Flowers sessile or subsessile in small heads; leaf apices ± acuminate"	4
3	"Inflorescence twice umbellate; leaf-blades broadly ovate to triangular-ovate; N Qld"	"Stephania tuberosa"
3	"Inflorescence an umbel of cymes; leaf-blades reniform-ovate; SE Qld"	"Stephania renifolia"
4	"Leaves puberulous below (apart from region around insertion of petiole)"	"Stephania japonica var. discolor"
4	"Leaves glabrous below (region around insertion of petiole sometimes puberulous)"	5
5	"Inflorescences glabrous on peduncle and branches"	"Stephania japonica var. japonica"
5	"Inflorescences puberulous"	"Stephania japonica var. timoriensis"
