from	statement	to
1	"Leaves 4-8 mm wide"	2
1	"Leaves 1-4 mm wide; perianth tube 2-18 mm long"	3
2	"Perianth white, tube 29-40 mm long"	"Zephyranthes drummondii"
2	"Perianth pink, tube 5-14 mm long"	"Zephyranthes robusta"
3	"Perianth bright pink, tube 10-18 mm long; stigma lobes 2-3 mm long; leaves 2.5-4 mm wide"	"Zephyranthes carinata"
3	"Perianth white or yellow, tube 2-9 mm long; stigma lobes c. 0.5 mm long; leaves 1-3 mm wide"	4
4	"Perianth white, tube 2-4 mm long; pedicels 7-17 mm long"	"Zephyranthes candida"
4	"Perianth yellow, tube 6-9 mm long; pedicels 17-34 mm long"	"Zephyranthes citrina"
