from	statement	to
1	"Leaflets 0.9–3.7 mm wide; lateral (secondary) veins in leaflets narrowly spaced (1.5–7 mm apart); fruit capsule 9–19 × 5–20 mm; seeds 6.5–12 × 4.8–8 mm"	"Mischarytera lautereriana"
1	"Leaflets 3.3–8.2 mm wide; lateral (secondary) veins in leaflets widely spaced (3–22 mm apart); fruit capsule 18–30 × 18–28 mm; seeds 13–28 × 12–24 mm"	2
2	"Leaves 31–75 cm long; leaflet blade elliptic-oblong to elliptic-ovate, apex caudate to long-acuminate; cymules cincinnate; pedicels 2–4 mm long; male flowers 2.5–3.5 mm diameter; seeds c. 28 × 23–24 mm"	"Mischarytera megaphylla"
2	"Leaves 14–43 cm long; leaflet blade elliptic to obovate, apex short-acuminate; cymules dichasial; pedicels 1.5–2 mm long; male flowers 1–1.2 mm diameter; seeds c. 13 × 12 mm"	"Mischarytera macrobotrys"
