from	statement	to
1	"Stem internodes terete; flowers axillary, solitary or up to 3; petioles not decurrent with stem"	"Eupomatia laurina"
1	"Stem internodes 2-ridged, decurrent with petiole; flowers terminal, usually solitary; petioles decurrent with stem ridges"	2
2	"Stamens glabrous or with scattered uniseriate hairs; outer staminodes glabrous or fimbriate; inner staminodes with glandular hair tufts on margins and both surfaces; SE Qld"	"Eupomatia bennettii"
2	"Stamens and outer staminodes with densely entangled dendritic hairs; inner staminodes with glandular hair tufts only on adaxial surface; Wet Tropics, NE Qld"	"Eupomatia barbata"
