from	statement	to
1	"Tepals of male flowers 7–15 mm long"	2
1	"Tepals of male flowers < 5 mm long"	3
2	"Shrubs to 1.5 m; leaves evenly distributed along the branchlets; tepals of female flowers lanceolate to ovate, 2.1–3.7 mm long; NE Qld (Mareeba to Proserpine)"	"Pseudanthus ligulatus subsp. ligulatus"
2	"Shrubs to 0.5 m; leaves ± crowded towards the ends of the branchlets; tepals of female flowers ovate, 1.2–1.8 mm long; Glasshouse Mtns, SE Qld"	"Pseudanthus ligulatus subsp. volcanicus"
3	"Tepals of male flowers 2.7–4.8 mm long; stipules 0.8–1.3 mm long"	4
3	"Tepals of male flowers 0.9–1.6 mm long; stipules 0.2–0.7 mm long"	5
4	"Pedicels of male flowers 1.2–2.2 mm long; tepals of female flowers 0.5–2.9 mm long; Border Ranges, SE Qld"	"Pseudanthus pauciflorus subsp. pauciflorus"
4	"Pedicels of male flowers 0.7–1.1 mm long; tepals of female flowers 3–4 mm long; Central Qld"	"Pseudanthus pauciflorus subsp. arenicola"
5	"Stipules entire, 0.2–0.5 mm long; male flowers on pedicels c. 0.5 mm long; stamens 3–5; leaf margins not thickened; Central Qld"	"Pseudanthus ballingalliae"
5	"Stipules irregularly toothed, 0.5–0.7 mm long; male flowers on pedicels 1–2 mm long; stamens 6; leaf margins thickened and cream coloured; SE Qld"	"Pseudanthus orientalis"
