from	statement	to
1	"Longest leaves < 30 mm long; lobes of lower lip of perianth 1-1.7 mm long; circumference hairs on fruit 2-3 mm long, central tuft of hairs present (surrounding style)"	"Conospermum taxifolium"
1	"Longest leaves > 45 mm long; lobes of lower lip of perianth 1.8-2.8 mm long; circumference hairs on fruit 3-4.5 mm long or 1.5-2 mm long, central tuft absent"	2
2	"Leaves 0.9-2.7 mm wide; lobes of lower lip of perianth 2.4-2.8 mm long; circumference hairs on fruit 3-4.5 mm long"	"Conospermum sphacelatum"
2	"Leaves 4-9 mm wide; lobes of lower lip of perianth 1.8-2.5 mm long; circumference hairs on fruit 1.5-2 mm long"	"Conospermum burgessiorum"
