from	statement	to
1	"Staminal filaments hairy towards base"	2
1	"Staminal filaments glabrous"	7
2	"Sepal appendage reflexed or recurved"	"Triumfetta mellina"
2	"Sepal appendage spreading or erect"	3
3	"Petals absent; stamens < 20 per flower"	"Triumfetta centralis"
3	"Petals present or if absent then 20 or more stamens per flower"	4
4	"Petals absent"	"Triumfetta rupestris"
4	"Petals present"	5
5	"Fruit < 10 mm diameter; prickles < 2 mm long or if = 2 mm long then sepals 10 mm long or longer, and petals < 6 mm long"	"Triumfetta micracantha"
5	"Fruits > 10 mm diameter; prickles > 2 mm long; sepals 8–15 mm long; petals 6–9 mm long"	6
6	"Sepal appendages 1.5–2 mm long; petals 6–7 mm long; stellate hairs on stems to 2 mm diameter; fruit 12–17 mm diameter; prickles 3–4 mm long"	"Triumfetta pannosa"
6	"Sepal appendages 2–5 mm long; petals 7–9 mm long; stellate hairs on stems 2–4 mm diameter; fruits 10–15 mm diameter; prickles on fruit 2–3 mm long"	"Triumfetta rupestris"
7	"Sepal appendages attached c. half way along the length of sepal"	"Triumfetta marsupiata"
7	"Sepal appendages attached near apex of sepal"	8
8	"Body of fruit and prickles glabrous or with minute glandular hairs, stellate hairs never present"	"Triumfetta repens"
8	"Body of fruit and/or prickles or bristles with stellate or simple hairs"	9
9	"Bristles or prickles on fruit 4 mm long or longer"	10
9	"Bristles or prickles < 4 mm long or absent"	13
10	"Stems procumbent; prickles 4–5 mm long; sepals appendages erect, subulate, 1–2 mm long; grows on sandy seashores and coastal beach dunes in Qld"	"Triumfetta procumbens"
10	"Stems erect, ascending to spreading or if prostrate or decumbent then prickles > 5 mm long or sepal appendages spreading, broadly ovate, 2–3 mm long; grows in various soil types in inland habitats"	11
11	"Fruit densely covered with bristles"	"Triumfetta plumigera"
11	"Fruits densely covered with prickles"	12
12	"Leaves (6–) 8–11 cm long, with acuminate apex; sepal appendages subulate, < 1 mm long; fruit dehiscent; body of fruit glabrous"	"Triumfetta pilosa"
12	"Leaves 1–7 mm long, with obtuse to rounded apex; sepal appendages, obovate or ovate, 0.5–6 mm long or if linear then > 1.5 mm long; fruit indehiscent; body of fruit densely hairy"	"Triumfetta winneckeana"
13	"Bristles or prickles at least some terminated by 2 or more hooked or straight setae"	"Triumfetta triandra"
13	"Prickles or bristles never terminated by more than one hooked or straight seta"	14
14	"Stamens 20 or more per flower"	"Triumfetta johnstonii"
14	"Stamens < 20 per flower"	15
15	"Leaves narrowly elliptic, obovate or rarely narrowly ovate, at least 4 times as long as wide; fruit 2–4 mm diameter; prickles glabrous or nearly so"	"Triumfetta parviflora"
15	"Leaves narrowly ovate to broadly ovate, rhomboid-ovate, elliptic or ovate-elliptic, up to 3 times as long as wide; fruits > 4 mm diameter or if 4 mm diameter then prickles densely ciliate on adaxial surface"	16
16	"Fruit ovoid; prickles densely ciliate on adaxial surface; stamens 5 per flower"	"Triumfetta pentandra"
16	"Fruit globose, rarely ovoid; prickles glabrous or with a few hairs at base; stamens 10–15 per flower"	"Triumfetta rhomboidea"
