from	statement	to
1	"Leaves glabrous or sparsely covered with simple hairs; never with stellate hairs"	2
1	"Leaves sparsely to densely covered with stellate hairs at least on one surface"	12
2	"Sepals 4"	3
2	"Sepals 5"	6
3	"Capsules obovoid to broadly obovoid or broadly ellipsoid, 7–15 mm long, 5–9 mm across, rugose or verrucose, apex truncate to rounded"	4
3	"Capsules narrowly ellipsoidal, 10–35 mm long, 3–6 mm across, smooth, apex obtuse, acute or somewhat rostrate"	5
4	"Sepals 7–9 mm long; capsules 7–12 long, 5–7 mm across, rugose"	"Corchorus hygrophilus"
4	"Sepals 10–12 mm long; capsules 12–15 mm long, 8–9 mm across, verrucose"	"Corchorus reynoldsiae"
5	"Sepals 6–7 mm long; capsules narrowly trigonously ellipsoid or rarely tetragonously ellipsoid, 10–17 mm long, 3–5 mm across, with 3 or 4 narrow longitudinal wings"	"Corchorus thozetii"
5	"Sepals 7–11 mm long; capsules narrowly ellipsoid, 15–35 mm long, 4–6 mm across, without wings"	"Corchorus cunninghamii"
6	"Capsules with 4–8 prominent longitudinal wings"	"Corchorus aestuans"
6	"Capsules without prominent longitudinal wings"	7
7	"Capsules depressed globose to ovoid-globose or obloid-cylindrical, > 7 mm across"	8
7	"Capsules more or less cylindrical, < 6 mm across"	9
8	"Sepals < 5 mm long; stamens < 30 per flower; capsules depressed globose, 10-valved"	"Corchorus capsularis"
8	"Sepals > 6 mm long; stamens > 50 per flower; capsules ovoid-globose or oblong cylindrical, 3–9-valved"	"Corchorus pascuorum"
9	"Erect herbs up to 2 m high; capsules 3–6 mm across, 5- or 6-valved"	"Corchorus olitorius"
9	"Procumbent herbs to 0.6 m high; capsules 1.5–3 mm across, 3-valved"	10
10	"Valves with transverse septa between seeds; stamens mostly 20–30 per flower; sepals 4–6 mm long"	"Corchorus trilocularis"
10	"Valves without conspicuous septa between seeds; stamens < 15 per flower; sepals 1–3.5 mm long"	11
11	"Capsules 25–35 mm long, glabrous or with scattered scabrous hairs, 3 spreading bifid horns at apex; stamens 9–11 per flower"	"Corchorus tridens"
11	"Capsules 10–20 mm long, glabrous or sparsely to densely pubescent, without bifid horns at apex but sometimes terminated by 3 minute teeth; stamens 4–7 per flower"	"Corchorus fascicularis"
12	"Sepals persistent in fruit"	"Corchorus sericeus"
12	"Sepals not persistent in fruit"	13
13	"Capsules with dendritic-stellate hairs, stellate hairs present or absent"	"Corchorus elderi"
13	"Capsules, although densely stellate-hairy, without dendritic-stellate hairs"	14
14	"Capsules < 15 mm long"	15
14	"Capsules > 15 mm long"	16
15	"Indumentum on young shoots and buds ferruginous or if greyish white then either abaxial surface of sepals obscured by dense indumentum or leaves narrowly ovate to ovate and > 1.5 cm wide; stamens > 20 per flower"	"Corchorus sidoides"
15	"Indumentum on young shoots and buds greyish white or if ferruginous then abaxial surface of sepals not completely obscured by indumentum; leaves oblong, oblong-elliptic or narrowly elliptic and < 1.5 cm wide; stamens mostly < 20 per flower"	"Corchorus pumilio"
16	"Apex of capsules pointing towards the sky; capsules either held erect on pedicels or if on reflexed pedicels then capsules bent so the apex of capsules is pointing upward"	"Corchorus subargenteus"
16	"Apex of capsules pointing towards the ground; capsules on reflexed pedicels"	17
17	"Leaves ovate, 1.3–2 times as long as wide; indumentum on upper leaf surface moderately dense with leaf surface visible; capsules 0.7–1.5 mm across"	"Corchorus tomentellus"
17	"Leaves oblong, oblong-elliptic, ovate-elliptic or if ovate then more than 2.5 times as long as wide and with a dense indumentum obscuring the upper leaf surface; capsules 1–3 mm across"	"Corchorus sidoides"
