from	statement	to
1	"Floral bracts oblong, subulate, usually absent at articulation of pedicel, sometimes present well below articulation or pedicel not articulate; petioles usually not laterally ridged; panicles > 10 cm long"	"Buchanania arborescens"
1	"Floral bracts ovate, present just below articulation of pedicel; petioles usually bearing lateral ridges decurrent from leaf-blade; panicles < 10 cm long"	2
2	"Bracts overlapping base of calyx; calyx lobes pilose, ciliate; petals 3-3.8 mm long; open forest, woodland, NW Qld"	"Buchanania obovata"
2	"Bracts not overlapping base of calyx; calyx lobes glabrous; petals 2-2.5 mm long; lowland rainforest, islands adjoining Wet Tropics"	"Buchanania mangoides"
