from	statement	to
1	"Leaves alternate (at least on upper parts of plant) or all in basal rosette"	2
1	"Leaves opposite throughout or in whorls of three"	7
2	"Leaves entire, linear"	3
2	"Leaves lobed or toothed, oblanceolate to orbicular"	4
3	"Fruits oblique, dehiscing by terminal pores; calyx lobes unequal in length; corolla without a spur"	Misopates
3	"Fruits symmetrical, dehiscing by valves; calyx lobes equal in length; corolla with a conspicuous slender spur"	Linaria
4	"Leaves in basal rosette; inflorescence a spike borne on a long scape"	Plantago
4	"Leaves spaced along the stems; flowers solitary in leaf axils"	5
5	"Corolla 55-75 mm long, not spurred; sepals 21-30 mm long"	Lophospermum
5	"Corolla 5-8 mm long, spurred; sepals 1.5-4 mm long"	6
6	"Stems and leaves conspicuously hairy; petioles 1-4 mm long"	Kickxia
6	"Stems and leaves glabrous; petioles 17-40 mm long"	Cymbalaria
7	"Bracteoles present at base of calyx"	8
7	"Bracteoles absent"	13
8	"Calyx hairs 1-2 mm long; petioles 7-15 mm long; fruits sometimes aggregated into dense ovoid clusters"	Adenosma
8	"Calyx hairs absent or up to 1 mm long; petioles 0-2 mm long; fruits never aggregated"	9
9	"Calyx lobes unequal, with 2 or 3 sepals much broader than the others"	10
9	"Calyx lobes equal"	11
10	"Two sepals enlarged; leaves entire; corolla white or purple"	Bacopa
10	"Three sepals enlarged; leaves toothed; corolla yellow"	Mecardonia
11	"Calyx lobes fused for about half their length"	Limnophila
11	"Calyx lobes free almost to their base"	12
12	"Fertile stamens 4; corolla 2-lipped, strongly zygomorphic"	Stemodia
12	"Fertile stamens 2; corolla cylindrical, only slightly zygomorphic"	Gratiola
13	"Prostrate mat-forming herbs rooting at the nodes; flowers without petals"	Callitriche
13	"Erect to procumbent herbs or shrubs, not rooting at the nodes; flowers with petals"	14
14	"Leaves entire; aquatic plants"	Dopatrium
14	"Leaves crenulate, or serrate; non-aquatic plants"	15
15	"Calyx lobes very unequal in size"	16
15	"Calyx lobes equal"	17
16	"One sepal foliaceous and much larger than the other four sepals; corolla blue to purple, very showy (Matourea azurea)"	Matourea
16	"Calyx comprising three broad sepals (of the same size) and two much narrower sepals; corolla yellow, c. 6 mm long"	Mecardonia
17	"Inflorescence a terminal or axillary raceme, rachis present"	Veronica
17	"Inflorescence comprising 1-2 flowers in leaf axil, rachis absent"	18
18	"Stems, leaves and pedicels glabrous; corolla 2-3 mm long"	Scoparia
18	"Stems, leaves and pedicels with abundant glandular hairs; corolla 15-20 mm long"	Angelonia
