from	statement	to
1	"Upper pitchers with a horizontal ridge (or ""hip"") immediately beneath the peristome; margins of leaf blade very gradually tapered towards the apex, which is obtuse and slightly peltate"	"Nepenthes rowaniae"
1	"Upper pitchers with hip lacking entirely or present in the lower quarter; margins of leaf blade generally contracted abruptly towards the apex"	2
2	"Leaf blades with a distinct petiole at the base; upper pitchers bulbous or narrowly ovoid below the hip; stems climbing to 3 m, supported by surrounding vegetation"	"Nepenthes mirabilis"
2	"Leaf blades sub-petiolate at the base, upper pitchers infundibular or cylindrical; stems free-standing to 0.5 (–1) m"	3
3	"Aerial pitchers 80-160 x 20-34 mm; male flowers 4.5-6 mm long; nectar glands on pitcher lid 100-150 per square cm"	"Nepenthes tenax"
3	"Aerial pitchers 35-60 x 10-15 mm; male flowers 2.5-3.5 mm long; nectar glands on pitcher lid 250-300 per square cm"	"Nepenthes parvula"
