from	statement	to
1	"Trailing or twining herbs"	2
1	"Shrubs, upright or diffuse"	7
2	"Leaflets 9–14 cm long or more than 5 times as long as wide"	"Cajanus mareebensis"
2	"Leaflets 1.5–8.5 cm long, usually 1–3 times as long as wide"	3
3	"Leaflets elliptic, to 1.7 cm wide"	4
3	"Leaflets broadly obovate to suborbicular, 2.5–6 cm wide"	5
4	"Peduncles 0–2 cm long"	"Cajanus scarabaeoides var. scarabaeoides"
4	"Peduncles more than 6 cm long"	"Cajanus scarabaeoides var. pedunculatus"
5	"Leaflets often broader than long, apex emarginate or rounded"	"Cajanus marmoratus"
5	"Leaflets longer than wide, apex acute or with a short mucro"	6
6	"Pods sparsely hairy, 32-37 mm long; doubtfully naturalised near Cooktown"	"Cajanus platycarpus"
6	"Pods densely hairy, 19-25 mm long; native, common"	"Cajanus reticulatus var. reticulatus"
7	"Leaves digitate"	"Cajanus confertiflorus"
7	"Leaves pinnate"	8
8	"Pods 4–10 cm long and 12–14 mm wide, with oblique depressions; leaflets thin and papery"	"Cajanus cajan"
8	"Pods 1.5–3.5 cm long and 6–10 mm wide, with transverse indentations; leaflets leathery"	9
9	"Calyx 5–7 mm long; pedicels 3–6 mm long; leaflets ovate to elliptic, acute"	"Cajanus acutifolius"
9	"Calyx 8–20 mm long; pedicles 5–22 mm long; leaflet shape variable"	10
10	"Hairs rusty and moderately dense; leaves rhombic or broadly ovate; calyx 16–20 mm long"	"Cajanus reticulatus var. reticulatus"
10	"Hairs white, yellow or silvery and very dense; leaves ovate, obovate or elliptic; calyx 8–15 mm long"	11
11	"Leaflets with dense short silvery indumentum especially on the under surface, obovate to elliptic, apex somewhat rounded"	"Cajanus pubescens"
11	"Leaflets with long spreading white or yellowish hairs, ovate to elliptic, apex acute or obtuse"	"Cajanus lanuginosus"
