from	statement	to
1	"Bracts of inflorescence opposite, at least in lower part"	"Gonocarpus teucrioides"
1	"Bracts of inflorescence alternate throughout"	2
2	"Leaves all alternate"	"Gonocarpus elatus"
2	"Leaves in whorls of 3 or opposite, at least in lower parts"	3
3	"Leaves in whorls of 3 at least in lower parts"	"Gonocarpus longifolius"
3	"Leaves opposite, often becoming alternate towards inflorescence"	4
4	"Fruit ovoid, 8-ribbed with 2 or 3 calluses between ribs"	5
4	"Fruit urceolate, cylindrical or ovoid, variously ornamented but if ovoid then lacking calluses between ribs"	11
5	"Stamens 4, opposite sepals; staminodes 4"	"Gonocarpus humilis"
5	"Stamens 8, all functional"	6
6	"Subshrub usually 50–100 cm tall; main stems distinctly woody"	7
6	"Perennial herb usually less than 35 cm tall; main stems herbaceous or only slightly woody"	10
7	"Leaves ovate; hairs less than 0.3 mm long"	8
7	"Leaves linear-oblong to narrowly ovate; stems and leaves with moderately dense spreading hairs 0.3–0.7 mm long"	9
8	"Hairs sparse, appressed; leaves 4–5 mm long"	"Gonocarpus effusus"
8	"Hairs dense, velutinous, erect; leaves 10–35 mm long"	"Gonocarpus oreophilus"
9	"Leaves linear-oblong, (1.3-) 1.5-2.5 (-3.2) cm long, 0.3-0.6 cm wide, with (12-) 20-30 teeth to 0.5 mm long"	"Gonocarpus longifolius"
9	"Leaves narrowly ovate, 0.8-1.4 cm long, 0.5-0.8 cm wide, with c. 10 teeth to 1 mm long"	"Gonocarpus hirtus"
10	"Leaves lanceolate, widest near centre; leaves, bracts, bracteoles and sepals lacking prominent white thickened margins"	"Gonocarpus tetragynus"
10	"Leaves linear-lanceolate, widest towards base; leaves, bracts, bracteoles and sepals with prominent white thickened margins"	"Gonocarpus chinensis subsp. verrucosus"
11	"Fruit urceolate"	"Gonocarpus urceolatus"
11	"Fruit cylindrical or ovoid"	12
12	"Fruit ovoid, smooth between ribs"	13
12	"Fruit cylindrical (almost ovoid in G. acanthocarpus)"	14
13	"Leaves ovate to orbicular, about as long as wide"	"Gonocarpus micranthus subsp. ramosissimus"
13	"Leaves linear to lanceolate or oblanceolate, at least twice as long as wide"	"Gonocarpus chinensis subsp. verrucosus"
14	"Tubercles conical; fruit 1–1.4 mm long"	"Gonocarpus acanthocarpus"
14	"Tubercles 3- or 4-angled or faceted; fruit 1.8–2 mm long"	"Gonocarpus leptothecus"
