from	statement	to
1	"Lateral branchlets terminating in a spine"	2
1	"Lateral branchlets not terminated by a spine"	3
2	"Leaf margins strongly recurved to revolute; calyx with simple adpressed hairs throughout"	"Cryptandra armata"
2	"Leaves flat or margins weakly recurved; calyx with stellate hairs throughout"	"Cryptandra amara var. amara"
3	"Leaf margins revolute, lower surface not or scarcely visible (in dried material)"	4
3	"Leaves flat or margins recurved or incurved, lower surface always easily visible"	12
4	"Calyx tube and calyx lobes thickly covered by tangled woolly hairs"	"Cryptandra lanosiflora"
4	"Calyx tube and lobes glabrous or hairy, but without tangled woolly hairs"	5
5	"Bract margins conspicuously ciliate (cilia 0.4-0.6 mm long)"	"Cryptandra ciliata"
5	"Bract margins entire or with cilia 0.05-0.2 mm long"	6
6	"Calyx lobes with simple hairs mainly confined to the distal end"	7
6	"Calyx lobes with simple hairs distributed throughout"	8
7	"Upper leaf surface densely hairy; flowers solitary or in clusters"	"Cryptandra pogonoloba subsp. pogonoloba"
7	"Upper leaf surface glabrous or with sparse muricate hairs; flowers solitary"	"Cryptandra pogonoloba subsp. septentrionalis"
8	"Bracts confined to very base of calyx tube, longest bracts 1.0-1.3 mm long"	9
8	"Bracts covering most or all of calyx tube, longest bracts 2.1-3.8 mm long"	10
9	"Leaf apex acute to mucronate; style densely hairy; bracts glabrous on outer surface"	"Cryptandra debilis"
9	"Leaf apex obtuse; style glabrous; bracts stellate-hairy on outer surface"	"Cryptandra amara var. floribunda"
10	"Hairs on branchlets simple, appressed"	"Cryptandra speciosa subsp. strigosa"
10	"Hairs on branchlets stellate only, or a mixture of stellate and simple"	11
11	"Bracts entire, not covering sepals; stem hairs stellate with occasional simple hairs"	"Cryptandra propinqua subsp. propinqua"
11	"Bracts very fragile and easily torn, partly covering sepals; stems with intertwined stellate and simple hairs"	"Cryptandra propinqua subsp. maranoa"
12	"Upper leaf surface with dense stellate hairs"	"Cryptandra filiformis"
12	"Upper leaf surface glabrous"	13
13	"Lower leaf surface white, densely hairy"	"Cryptandra longistaminea"
13	"Lower leaf surface green, glabrous or very sparsely hairy"	14
14	"Leaves oblanceolate to obovate, 2-4 times longer than broad; petals protruding 0.4-0.6 mm beyond calyx tube; longest bracts 0.7-0.8 mm long, covering 0-20% of calyx tube"	"Cryptandra amara var. amara"
14	"Leaves orbicular to reniform, 0.8-1.3 times longer than broad; petals extending 0.8-1.1 mm beyond calyx tube; longest bracts 1.2-1.5 mm long, covering 50-100% of calyx tube"	"Cryptandra orbicularis"
