from	statement	to
1	"Leaflet margins crenate-serrate"	"Toechima daemelianum"
1	"Leaflet margins entire"	2
2	"Domatia absent from leaflets"	3
2	"Domatia present on leaflets"	4
3	"Petioles 4.5–7.5 cm long; leaflets elliptic-oblong to ovate, 6.5–16.5 cm long, 2.8–5.2 cm wide; fruits subglobose, not winged"	"Toechima monticola"
3	"Petioles 1.5–4 cm long; leaflets narrowly elliptic to ovate, 5.5–12.5 cm long, 2–3.5 cm wide; fruits obovoid, 3-winged"	"Toechima pterocarpum"
4	"Domatia 1–3 per leaflet, 0.7–1.5 mm long; fruits 2-locular, clavate"	"Toechima tenax"
4	"Domatia 4–16 per leaflet, 0.3–0.5 mm long; fruits 3-locular, ellipsoidal to globose"	5
5	"Branchlets, leaf and inflorescence axes pubescent with golden-brown hairs; leaf rachis 2.5–10 cm long; leaflets 2–8 cm long, 1–3.5 cm wide; domatia pocket-like; fruits rugose; SE Qld"	"Toechima dasyrrhache"
5	"Branchlets, leaf and inflorescence axes puberulent to glabrescent; leaf rachis 8.5–17.5 cm long; leaflets 8.5–22 cm long, 3–8 cm wide; domatia pit-like domes; fruits smooth and dimpled; NE Qld"	"Toechima erythrocarpum"
