from	statement	to
1	"Subshrubs; leaves ovate to lanceolate; receptacle slightly convex; corolla tube glabrous (SE Qld, NE N.S.W.)"	"Acomis acoma"
1	"Annuals; leaves linear or filiform; receptacle conical or hemispherical; corolla tube glandular hairy"	2
2	"Leaves filiform, less than 1 mm wide; female florets present; style apices truncate; cypsela surface shiny, tuberculate (SW Qld)"	"Acomis macra"
2	"Leaves linear, 1.0-2.2 mm wide; female florets absent; style apices tapered; cypsela surface covered with minute conical papillae interspersed with large globose tubercles (Nth Qld)"	"Acomis bella"
