from	statement	to
1	"Leaves opposite and decussate"	2
1	"Leaves alternate or in spirals"	3
2	"Leaflets 4 or 5 pairs, with scarcely discernible lateral veins, upper leaflet surface irregularly crazed; fruits orange, globular, glabrous, 5–8 cm diameter"	"Dysoxylum acutangulum subsp. foveolatum"
2	"Leaflets 2–4 pairs, with conspicuous lateral veins, upper leaflet surface smooth; fruits yellow or orange, slightly 4-lobed, finely pubescent, 2–3 cm diameter"	"Dysoxylum oppositifolium"
3	"Leaves with 3 or 4 pairs of leaflets; fruits yellow or orange at maturity, 4–5 cm long, pyriform, lacking rostratum; seeds orange-red"	"Dysoxylum latifolium"
3	"Leaves usually with 2 (or 3) pairs of leaflets; fruits green at maturity, 3.5–4 cm long, subspherical, distinctly rostrate; seeds brown"	"Dysoxylum pumilum"
