from	statement	to
1	"Stem wings serrate or dentate"	2
1	"Stem wings entire or with an occasional tooth"	3
2	"Lanate hairs absent from upper leaf surface; broad based glandular hairs common on leaves, stems and stem wings"	"Pterocaulon serrulatum var. serrulatum"
2	"Lanate hairs present on upper leaf surface; broad based glandular trichomes absent, but globose sessile hairs common on leaves, stems and stem wings"	"Pterocaulon serrulatum var. velutinum"
3	"Capitulescences globose-ovoid, spherical to ellipsoidal, 0.9–1.4 times longer than wide"	4
3	"Capitulescences cylindrical or spicate, 1.8–5.8 times longer than wide"	7
4	"Some capitulescences on each plant laterally placed on continuous branchlets, side branches erect or diverging at less than 30 degrees"	"Pterocaulon tricholobum"
4	"All capitulescences terminal, side branchlets diverging at 30–90 degrees"	5
5	"Female florets 8–17 per capitulum; achenes hairs 0–25; leaves elliptic to lanceolate, broadest near the middle"	"Pterocaulon intermedium"
5	"Female florets 16–44 per capitulum; achenes hairs 25–50 or more than 50; leaves oblanceolate to obovate, broadest towards apex"	6
6	"Protruding part of inner bracts with abundant cilia, some exceeding bract apices; inner involucral bracts straw to white coloured; leaves 2.1–3.5 times longer than wide"	"Pterocaulon ciliosum"
6	"Protruding part of inner bracts with few or no cilia; inner involucral bracts, white or pink to violet; leaves 3.3–5.8 times longer than wide"	"Pterocaulon sphacelatum"
7	"Capitulescence 17–30 mm wide at anthesis; hermaphrodite corolla 4–6.5 mm long; achenes 1.1–1.3 mm long"	"Pterocaulon verbascifolium"
7	"Capitulescence 8–14 mm wide at anthesis; hermaphrodite corolla 2.5–3 mm long; achenes 0.5–0.7 mm long"	"Pterocaulon redolens"
