from	statement	to
1	"Larger leaves 2-6 mm long, often appressed to stem; leaf base with a pair of auricles"	"Ozothamnus diotophyllus"
1	"Larger leaves 8-70 mm long, widely spreading; leaf base lacking auricles"	2
2	"Leaves linear to narrowly lanceolate, 7-20 times longer than wide"	3
2	"Leaves relatively broad, 1.5-5 times longer than wide"	5
3	"Leaves narrowly lanceolate, 3-6 mm wide; stems with conspicuous longitudinal ridges"	"Ozothamnus vagans"
3	"Leaves linear, 0.5-2 mm wide; stems not noticeably ridged"	4
4	"Involucral bracts opaque, white or sometimes pink; capitula globose to broadly obovoid; pappus 2.5-3 mm long; leaves muricate"	"Ozothamnus diosmifolius"
4	"Involucral bracts translucent, straw-coloured; capitula narrowly campanulate to cylindrical; pappus 3.5-4 mm long; leaves usually smooth, rarely muricate"	"Ozothamnus cassinioides"
5	"Larger leaves 8-17 mm long"	6
5	"Larger leaves 22-70 mm long"	7
6	"Leaves obcordate to obovate, 1.5-2.5 times longer than wide"	"Ozothamnus obcordatus"
6	"Leaves elliptical, 3-5 times longer than wide"	"Ozothamnus rufescens"
7	"A scrambling vine or scandent shrub; petioles 15-30% of lamina length; leaf undersides sparsely hairy"	"Ozothamnus bidwillii"
7	"An erect herb or low compact shrub; petioles 3-10% of lamina length; leaf undersides densely to very densely hairy"	8
8	"Leaves triplinerved, glabrous on upper surface; involucral bracts densely woolly throughout; florets yellow"	"Ozothamnus whitei"
8	"Leaves with pinnate venation or venation obscure, hairy on upper surface; distal part of involucral bracts glabrous, white; florets mauve"	"Ozothamnus eriocephalus"
