from	statement	to
1	"Vines, without differentiated stems or canes; inflorescence axillary, racemose; flowers unisexual"	2
1	"Sprawling shrubs, with stout sterile canes (primocanes) and flower-bearing side-shoots (floricanes); inflorescence terminal, paniculate; flowers bisexual"	3
2	"Undersides of leaflets densely hairy throughout; margins with 5-7 teeth/cm; stipules present; carpels not glandular; aggregate fruits with 16-30 hairy carpids"	"Rubus moorei"
2	"Undersides of leaflets glabrous except for domatia and hairs along veins; margins with 3-5 teeth/cm; stipules absent; carpels glandular; aggregate fruits with 35-65 glabrous carpids"	"Rubus nebulosus"
3	"Leaves on primocanes (and floricanes) simple"	4
3	"Leaves on primocanes compound"	6
4	"Stipules up to 15 x 15 mm, divided almost to their base, filamentous; leaves (especially young leaves) with a mixture of short and long hairs on adaxial surface"	"Rubus alceifolius"
4	"Stipules up to 12 x 6 mm, undivided at base, not filamentous; leaves with only long hairs on adaxial surface, or glabrous"	5
5	"Most or all leaves prominently 3-lobed, with end lobe about two-thirds the length of the leaf; indumentum on petioles rather sparse, mostly appressed; petals mostly pink"	"Rubus moluccanus var. trilobus"
5	"Leaves unlobed or lobes <1 cm deep, never prominently 3-lobed; indumentum on petioles dense, mostly spreading; petals white"	"Rubus moluccanus var. moluccanus"
6	"Leaves on primocanes pinnate or trifoliolate"	7
6	"Leaves on primocanes pedate or palmate"	14
7	"Leaflets white or yellowish underneath, due to dense cover of short hairs obscuring the leaflet surface"	8
7	"Leaflets green underneath, glabrous or hairy, surface of leaflets not obscured by hairs"	11
8	"Branchlets with erect reddish hairs or bristles; petals white; ripe fruits yellow; leaflet apex obtuse"	"Rubus ellipticus"
8	"Branchlets with appressed white hairs; petals pink; ripe fruits (when formed) red or black"	9
9	"Stipules 2-lobed, occasionally 3 or 4-lobed, fruits never formed"	"Rubus x novus"
9	"Stipules entire, fruits formed"	10
10	"Leaflets 5-9, margins finely and regularly toothed; carpels 40-70, densely tomentose; ripe fruits black,"	"Rubus niveus"
10	"Leaflets 3 or 5, margins coarsely and irregularly toothed; carpels 26-38, glabrous; ripe fruits red"	"Rubus parvifolius"
11	"Branchlets glabrous; leaflets glabrous or sparsely hairy on veins"	12
11	"Branchlets hairy; leaflets hairy throughout"	13
12	"Most carpels glandular; leaflets 14-27 mm wide; petals hairy on both surfaces"	"Rubus queenslandicus"
12	"No carpels glandular; leaflets 20-48 mm wide; petals glabrous on inner surface"	"Rubus probus"
13	"Flowers with 5 petals"	"Rubus rosifolius var. rosifolius"
13	"Flowers with 9-13 petals"	"Rubus rosifolius var. commersonii"
14	"Lower surface of leaflets green; rachis indumentum of non-glandular pilose hairs mixed with few to many sessile, dark-reddish glands"	"Rubus laudatus"
14	"Lower surface of leaflets white; rachis indumentum of non-glandular hairs only"	"Rubus anglocandicans"
