from	statement	to
1	"Leaves palmately lobed to near the base but not palmately compound"	2
1	"Leaves palmately compound"	3
2	"Plant hairy; leaf lobes coarsely dentate to irregularly pinnately lobed; corolla white with a rose to purple throat, 3–4.5 cm long"	"Distimake dissectus"
2	"Plant glabrous; leaf lobes entire; corolla yellow, 5–6 cm long"	"Distimake tuberosus"
3	"Plant with dense stellate indumentum"	"Distimake davenportii"
3	"Plant glabrous or with simple hairs"	4
4	"Peduncles glandular in the upper part, sometimes mixed with spreading hairs; sepals at flowering 3–8 mm long; corolla to 2.5 cm long"	"Distimake quinquefolius"
4	"Peduncles glabrous or hairy, but not glandular; sepals longer, 7.5–25 mm long; corolla 2.5–5 cm long"	5
5	"Outer sepals glabrous, 7–10 mm long, obtuse, much shorter than the inner; corolla 3–5 cm long"	"Distimake quinatus"
5	"Outer sepals patently hirsute, 12–25 mm long, acute or acuminate, slightly longer than the inner; corolla 2–3.5 cm long"	"Distimake aegyptius"
