from	statement	to
1	"Stems prostrate, rooting at nodes; leaf blades ±orbicular or broad-elliptic; peduncles absent or up to 2 mm long; corolla white"	"Evolvulus nummularius"
1	"Stems trailing to ascending, never rooting at nodes; leaf blades linear to linear-lanceolate or narrow-oblong to narrow-elliptic; peduncles 2–35 mm long; corolla blue, rarely white"	2
2	"Upper and lower surface of leaf blades with appressed hairs, sometimes glabrous on upper surface; peduncles mostly > 15 mm long, longer than subtending leaf"	"Evolvulus alsinoides var. decumbens"
2	"Upper and lower surface of leaf blades with appressed and spreading hairs, sometimes lanate; peduncles mostly < 15 mm long, generally shorter than subtending leaf or if longer then leaf blade < 4 times as long as broad"	3
3	"Leaves with blade 4–5 times as long as broad; peduncles generally shorter than subtending leaf, sometimes almost absent; sepals 4–5 mm long"	"Evolvulus alsinoides var. villosicalyx"
3	"Leaves with blade 2.5–4 times as long as broad; peduncles 7–15mm long; sepals 2.5–3 mm long"	"Evolvulus alsinoides var. sericeus"
