from	statement	to
1	"Petioles 2-4.5 mm long; branchlets and leaf midrib (underside) with patent hairs 0.2-0.8 mm long"	"Calophyllum bicolor"
1	"Petioles 8-28 mm long; branchlets and leaf midrib (underside) glabrous or with tiny crisped hairs c. 0.1 mm long"	2
2	"Leaf midrib (upper surface) raised almost throughout"	3
2	"Leaf midrib (upper surface) sunken almost throughout"	4
3	"Larger leaves 55-85 mm long, 1.7-2.6 times longer than broad; mature fruits blue, 31-39 mm long"	"Calophyllum costatum"
3	"Larger leaves 110-195 mm long, 2.5-5.7 times longer than broad; fruits 10-16 mm long"	"Calophyllum australianum"
4	"Mature fruits 27-45 mm long; flowering pedicels 20-45 mm long, glabrous; lateral veins of leaf 0.6-1.2 mm apart; confined to littoral zone"	"Calophyllum inophyllum"
4	"Mature fruits 13-19 mm long; flowering pedicels 1-8 mm long, sparsely hairy; lateral veins of leaf 0.4-0.7 mm apart; in rainforest away from littoral zone"	"Calophyllum sil"
