from	statement	to
1	"Leaf lamina 2.5–5.5 times longer than broad; leaf apical mucro absent or up to 0.7 mm long; longest tepal recurved"	"Nyssanthes erecta"
1	"Leaf lamina 1.5–2.5 times longer than broad; leaf apical mucro 0.5–2.1 mm long; longest tepal straight"	2
2	"Fully expanded leaves sparsely tomentose; inflorescence up to 22-flowered; stamens two"	"Nyssanthes diffusa"
2	"Fully expanded leaves moderately to densely tomentose; inflorescence 2–5(-8) flowered; stamens four"	3
3	"Style 0.6–0.8 mm long; pseudostaminodes without dorsal appendage; bracts 0.8–1.2 mm wide"	"Nyssanthes impervia"
3	"Style 2.7–3.5 mm long; pseudostaminodes with trifid dorsal appendage; bracts 1.4–2 mm wide"	"Nyssanthes longistyla"
