from	statement	to
1	"Lower leaf surface glabrous; involucre at least as wide as long"	"Carduus thoermeri"
1	"Lower leaf surface densely arachnoid-tomentose; involucre longer than wide"	2
2	"Capitula in clusters of 1–4; stems with narrow wings, almost lacking below inflorescence; median involucral bracts sparsely to conspicuously arachnoid, without scarious margins; corollas mostly longer than involucral bracts"	"Carduus pycnocephalus"
2	"Capitula in clusters of 3–10; stems with broad wings, extending up to base of inflorescence; median involucral bracts sparsely arachnoid or glabrous, with scarious margins; corollas mostly shorter than involucral bracts"	"Carduus tenuiflorus"
