from	statement	to
1	"Flowers barely exceeding the bracts; labellum small, not obvious; ovary 2-locular (Tapeinochilos ananassae)"	Tapeinochilos
1	"Flowers exceeding bracts; labellum conspicuous; ovary 3-locular"	2
2	"Labellum open, showy, white, red or yellow with no lateral markings; bracts woody, spiny at the apex, red or brown; leaf bearing shoots with lateral branching; native (Hellenia speciosa)"	Hellenia
2	"Labellum tubular, yellow, red, orange or white; bracts coriaceous, not spiny, green, yellow or orange; leaf bearing shoots without axillary branching; naturalised (Costus dubius)"	Costus
