from	statement	to
1	"Upper article of fruits with beaks longer than body (> 3 mm long) and often protruding from inflorescence; plants not glandular; long bristles present or absent"	2
1	"Upper article of fruits with short beaks (0.5–2.5 mm long) usually hidden in inflorescence; plants glandular, long bristles usually also present"	3
2	"Fruits usually with two fertile articles; long bristles absent from the whole plant, or confined to the tips of bracts and stipules"	"Stylosanthes hamata"
2	"Fruits with only one fertile article; long bristles present at least on the surface or stipules, bracts, petioles and stem nodes"	"Stylosanthes humilis"
3	"Articles of fruit glabrous or nearly so, with a minute curled beak to 0.5 mm; leaflets elliptic to lanceolate; stipules 11–15-nerved"	"Stylosanthes guianensis"
3	"Articles of fruit hairy, with beaks 1–2.5 mm long; leaflets elliptic to obovate; stipules 5–9-nerved"	4
4	"Upper article of fruits densely appressed hairy, beak 1.5–2.5 mm long, curved; stipule tube twice as long as the teeth"	"Stylosanthes scabra"
4	"Upper article of fruits with short white papillose hairs, beak c. 1 mm and tightly curled; stipules with tube slightly longer than teeth"	"Stylosanthes viscosa"
