from	statement	to
1	"Calyx lobes prominently keeled; capsules opening by circumscission"	"Cuscuta chinensis"
1	"Calyx lobes not keeled; capsules not opening by circumscission"	2
2	"Styles absent or almost so; corolla usually 3- or 4-lobed"	"Cuscuta victoriana"
2	"Styles 0.5–1 mm long; corolla usually 5-lobed"	3
3	"Scales subtending stamens much shorter than the corolla tube, sparsely fringed; corolla lobes obtuse to rounded"	"Cuscuta australis"
3	"Scales subtending stamens equal or longer than the corolla tube, densely fringed; corolla lobes acute to obtuse"	"Cuscuta campestris"
