from	statement	to
1	"Stamens red"	2
1	"Stamens white"	3
2	"Fruit mostly free from hypanthium; hypanthium saucer-shaped; calyx coriaceous-warty"	"Sonneratia caseolaris"
2	"Lower half of fruit fused to hypanthium; hypanthium hemispherical; calyx smooth"	"Sonneratia x gulngai"
3	"Leaves 2.5-4 times longer than wide; fruit mostly free from hypanthium; hypanthium saucer-shaped; petals red"	"Sonneratia lanceolata"
3	"Leaves 1.0-1.6 times longer than wide; lower half of fruit fused to hypanthium; hypanthium hemispherical; petals white"	"Sonneratia alba"
