from	statement	to
1	"Leaves sessile or with petiole less than 8% of lamina length; lamina thin-textured; fruits 8-lobed"	"Eugenia uniflora"
1	"Leaves with petiole more than 8% of lamina length; lamina thick-textured; fruits smooth, not lobed, circular in cross-section"	2
2	"Leaves 2-8 cm long, oil glands moderately dense on underside, visible with low magnification; sepals 1-4 mm long in fruit; mature fruits red"	"Eugenia reinwardtiana"
2	"Leaves 8-13 cm long, oil glands abundant on underside, but visible only with high magnification; sepals c. 8 mm long in fruit; mature fruits black"	"Eugenia brasiliensis"
