from	statement	to
1	"Ovary half inferior to inferior; capsules circumscissile"	2
1	"Ovary superior; capsules loculicidally or longitudinally dehiscent from apex or indehiscent"	3
2	"Corolla free or almost so; stamens 8 to many"	Portulaca
2	"Corolla connate to about half its length; stamens 4"	Sedopsis
3	"Leaves with stipular hairs 1–2 mm long (Grahamia australiana)"	Grahamia
3	"Leaves without stipular hairs"	4
4	"Leaf blades 1–7 cm wide, articulate at base"	Talinum
4	"Leaf blades 0.1–1.2 cm wide, not articulate at base"	5
5	"Shrubs or small trees 1–4.5 m; leaves opposite, shortly petiolate, not basal, round to broadly obovate; fruits indehiscent, 3-angled (Portulacaria afra)"	Portulacaria
5	"Prostrate to erect annual or perennial herbs to 0.3 m; leaves usually basal and sessile, alternate or opposite along flowering stems, linear to lanceolate, oblanceolate or obovate; capsules longitudinally dehiscent from apex, 3-5-valved"	Calandrinia
