from	statement	to
1	"Pods smooth or ribbed, lacking spines or tubercles"	2
1	"Pods with spines or tubercles"	6
2	"Pods reniform with 1 small coil at tip, 2–3 mm diam., black, with one seed"	"Medicago lupulina"
2	"Pods coiled and more than 3 mm diam., brown or black, with at least 2 seeds"	3
3	"Pods cup shaped; coils concave and strongly imbricate like a set of bowls"	"Medicago scutellata"
3	"Pods flat or cylindrical; coils flat or slightly imbricate"	4
4	"Pods a flat disc 8–20 mm diam., with 3–7 papery thin coils"	"Medicago orbicularis"
4	"Pods cylindrical lenticular or flat, less than 10 mm diam.; coils thick, at least in the middle, sometimes thin on margin"	5
5	"Perennial; inflorescence with 8–13 mauve or violet flowers; pods with a hole showing right through centre"	"Medicago sativa subsp. sativa"
5	"Annual; inflorescence with 1–15 yellow flowers; pods lacking a central hole"	"Medicago polymorpha"
6	"Upper surface of leaflets glabrous; pods soft walled (coils easily separated)"	7
6	"Upper surface of leaflets sparsely or densely hairy; pods soft or hard walled"	8
7	"Leaflets and stipules deeply laciniate; leaflets truncate with a broad tooth at apex; veins on coil face sigmoid"	"Medicago laciniata var. laciniata"
7	"Leaflets and stipules denticulate, or laciniate; leaflets rounded, truncate or retuse at apex, sometimes with a small tooth; veins on coil face curved, not sigmoid"	"Medicago polymorpha"
8	"Stipules entire or nearly so; pods soft walled (coils easily separated); spines slender, distinctly grooved at base"	"Medicago minima var. minima"
8	"Stipules deeply toothed to laciniate; pods hard walled (coils hard to separate); spines stout, conical or slightly grooved at base"	"Medicago truncatula"
