from	statement	to
1	"Corolla yellow to orange"	2
1	"Corolla white, pinkish or mauve and yellow only in the throat"	6
2	"Corolla lobes with a longitudinal keel on the inner surface; leaves crenate to crenate-dentate"	"Nymphoides crenata"
2	"Corolla lobes without a keel on the inner surface; leaves entire or mildly crenate"	3
3	"Upper leaf surface mottled or zoned; calyx 7.5-14 mm long"	"Nymphoides spinulosperma"
3	"Upper leaf surface uniform in colour; calyx 2-8 mm long"	4
4	"Plants robust; leaf blades up to 11 cm long; calyx 5-8 mm long; corolla 1.5-2 cm long"	"Nymphoides geminata"
4	"Plants slender; leaf blades 1-4 cm long; calyx 2-5(-7) mm long; corolla 0.6-1.5 cm long"	5
5	"Seed 1.5-2.3 mm long, straw-coloured"	"Nymphoides aurantiaca"
5	"Seed less than 1 mm long, straw-coloured to dark brown-black coloured"	"Nymphoides exiliflora"
6	"Corolla usually 4-lobed"	7
6	"Corolla usually 5-lobed"	8
7	"Corolla lobes with a broad laciniate longitudinal keel on the inner surface"	"Nymphoides quadriloba"
7	"Corolla lobes lacking a longitudinal keel on the inner surface"	"Nymphoides simulans"
8	"Leaf blade distance from inflorescence conspicuous"	9
8	"Inflorescence borne close to leaf blade and appearing to arise from petiole"	10
9	"Corolla lobes deeply laciniate; outline of typical leaf blades triangular"	"Nymphoides triangularis"
9	"Corolla lobes more or less entire; outline of leaf blades elliptic"	"Nymphoides elliptica"
10	"Plants robust; leaves (5-) 15-30 (-40) cm broad; calyx 6-8 mm long"	"Nymphoides indica"
10	"Plants slender; leaves 1-4(-8) cm broad; calyx less than 4.5 mm long"	11
11	"Sepals and capsule less than 2.5 mm long; leaf blade with a whitish coloured, spongy, blistered appearance on lower surface"	"Nymphoides minima"
11	"Sepals and capsule (2-) 2.5-4.5 mm long; lower surface of leaf not spongy in appearance"	"Nymphoides parvifolia"
