from	statement	to
1	"Seeds with a prominent annular wing; capsules 6-8 mm long"	2
1	"Seeds without an annular wing; capsules 2-6 mm long"	3
2	"Calyx and pedicels glabrous; longest leaves 35-60 mm long"	"Spergularia levis"
2	"Calyx and pedicels with many glandular hairs; longest leaves 15-25 mm long"	"Spergularia media"
3	"Mature seeds black; pedicels (4-)6-18 mm long, 1.5-5 times longer than sepals"	4
3	"Mature seeds brown; pedicels 1-5 mm long, 0.5-1.5 times as long as sepals"	6
4	"Capsules 3-3.5 mm long"	"Spergularia diandroides"
4	"Capsules 3.5-6 mm long"	5
5	"Longest leaves 13-55 mm long; stems often erect"	"Spergularia brevifolia"
5	"Longest leaves 6-20 mm long; stems often decumbent"	"Spergularia rubra"
6	"Capsules (3.5-)4-6 mm long; seeds 0.55-0.8 mm long"	"Spergularia marina"
6	"Capsules 2-4 mm long; seeds 0.35-0.6 mm long"	"Spergularia bocconei"
