from	statement	to
1	"Leaves submerged"	2
1	"Leaves floating and submerged"	4
2	"Leaf bases clasping stem; leaves ovate or expanded"	"Potamogeton perfoliatus"
2	"Leaf bases sessile or petiolate; leaves linear to lanceolate"	3
3	"Leaf margin serrate and crisped"	"Potamogeton crispus"
3	"Leaf margin entire, not crisped"	"Potamogeton ochreatus"
4	"Submerged leaves linear, with parallel margins; floating leaves <1 cm wide"	"Potamogeton octandrus"
4	"Submerged leaves narrowly lanceolate, lanceolate to rounded, 0.4–3 cm wide, with margins not parallel; floating leaves 0.7–5 cm wide"	5
5	"Floating leaves and at least the upper submerged leaves similar in shape"	"Potamogeton tepperi"
5	"Floating and submerged leaves dissimilar"	6
6	"Submerged leaves sessile"	"Potamogeton tricarinatus"
6	"Submerged leaves petiolate"	"Potamogeton sulcatus"
