from	statement	to
1	"Involucral bracts noticeably equal or sub equal in length and width and mostly longer than the inflorescence, (occasionally one bract may be smaller)"	2
1	"Involucral bracts unequal in length and width"	8
2	"Inflorescence consisting of up to 100 or more rays; very large plants mostly 2-4m high; mostly cultivated"	"Cyperus papyrus"
2	"Inflorescence consisting of fewer rays or none; smaller plants usually less than 2m tall"	3
3	"Involucral bracts 12-20"	"Cyperus involucratus"
3	"Involucral bracts 3-12"	4
4	"Involucral bracts 3-4, in rolled, 1-2 mm wide with very short pungent points"	"Cyperus gymnocaulos"
4	"Involucral bracts 5-12, foliaceous, flat, 2-10 mm wide with acuminate tips"	5
5	"Glumes 1-1.5 mm long"	6
5	"Glumes 1.8-3.4 mm long"	7
6	"Leaves well developed; spikelets <2 mm wide"	"Cyperus albostriatus"
6	"Leaves mostly reduced to sheaths; spikelets >4 mm wide"	"Cyperus filipes"
7	"Leaves reduced to sheaths; glumes 2-2.75 long"	"Cyperus vaginatus"
7	"Plant with long leaves; glumes 3-3.4 mm long"	"Cyperus rupicola"
8	"Style entire or slightly notched at the top; inflorescence a dense head; involucral bracts markedly widened at the base by a membranous sheath"	"Cyperus cephalotes"
8	"Style 2-fid or 3-fid"	9
9	"Style 2-fid"	10
9	"Style 3-fid"	33
10	"Spikelets several to numerous flowered"	11
10	"Spikelets 1-flowered, sometimes with a second imperfect flower above"	25
11	"Glumes >3.2 mm long"	"Cyperus unioloides"
11	"Glumes <3.2 mm long"	12
12	"Rachis hispid"	"Cyperus serotinus"
12	"Rachis glabrous"	13
13	"Glumes with broad, white, hyaline margins opening widely at maturity exposing the sides of the black achene"	"Cyperus macrostachyos"
13	"Glumes not with broad hyaline margins, remaining closed, not exposing the achene"	14
14	"Large plants 1-2 m tall; involucral bracts 10-15 mm wide; culms 5-10 mm wide"	"Cyperus alopecuroides"
14	"Small plants 0.2-1 m tall; involucral bracts 2-10 mm wide; culms 0.5-3 mm wide"	15
15	"Glume apex mucronate with straight or recurved mucro 0.2-0.6 mm long"	16
15	"Glume apex obtuse to acute"	18
16	"Glumes 2-3 mm long; green or white in colour"	"Cyperus hyalinus"
16	"Glumes 1-2 mm long; brown or reddish brown in colour"	17
17	"Spikes consisting of 5-30 spikelets; sides of the glumes with a single nerve separating the keel from a nerveless, hyaline, silvery or partially reddish sides; glumes not spreading at maturity"	"Cyperus pumilus"
17	"Spikes consisting of 5-10 spikelets; glumes becoming widely patent at maturity, 2 to 3-nerved, brown sides"	"Cyperus nervulosus"
18	"Inflorescence appearing lateral with the lowest involucral bract erect, appearing as a continuation of the culm"	"Cyperus laevigatus"
18	"Inflorescence terminal with the lowest involucral bract not appearing erect"	19
19	"Inflorescence a dense of head of spikelets, with 5–7 involucral bracts exceeding the inflorescence, often a few smaller bracts protruding from the inflorescence"	"Cyperus pygmaeus"
19	"Inflorescence open or branched; involucral bracts <5"	20
20	"Spikelets forming a very open spike; glumes 1/3 imbricate; achene with a median longitudinal depression on each side"	"Cyperus sulcinux"
20	"Spikelets forming a fairly dense spike, glumes > half imbricate; achene wavy ridged or puncticulate"	21
21	"Glumes with a curved keel; glumes dark red brown to blackish, often with a hyaline patch on the side"	"Cyperus sanguinolentus"
21	"Keel of the glumes straight; glumes yellow brown to occasionally red brown"	22
22	"Glume apex acute; rachillas narrowly winged"	23
22	"Glume apex obtuse; rachillas not winged"	24
23	"Spikelets bunched in dense sub-digitate spikes"	"Cyperus polystachyos var. polystachyos"
23	"Spikelets not bunched, arranged along a lengthened rachis"	"Cyperus polystachyos var. laxiflorus"
24	"Achene with transverse wavy ridges; glumes greenish-brown"	"Cyperus flavescens"
24	"Achene puncticulate with no wavy ridges; glumes brown or dark brown or reddish"	"Cyperus flavidus"
25	"Keel of the glumes distinctly winged"	26
25	"Keel of the glumes not winged"	27
26	"Keel ciliate-serrate; spikelet ovate-lanceolate, 1- or 2-flowered; perennial with horizontally creeping rhizomes"	"Cyperus kyllingia"
26	"Keel crested with up to 10 deeply incised lobes (like a cock’s comb), apex of lobe frequently ciliate; spikelet ovate to broadly ovate, 1-flowered; annual, with fibrous roots"	"Cyperus metzii"
27	"Rhizome scarcely creeping; stems densely tufted"	28
27	"Rhizome horizontally creeping; stems close to rather distant"	30
28	"Glumes oblong-obovate, 1-1.5 mm long; apex long acute with an excurved mucro"	"Cyperus leptocarpus"
28	"Glumes 1.75-2.5 mm long, ovoid to ovate-oblong, not mucronate"	29
29	"Central spike cylindrical, lateral spikes, if present, much smaller; glumes broadly ovate, 2-2.5 mm long; achene black when mature"	"Cyperus sesquiflorus"
29	"Central spike ovoid, lateral spikes, if present, frequently nearly as large; glumes ovate-oblong, 1.75-2 mm long; achene yellowish-brown to brown"	"Cyperus triceps"
30	"Erect, rigid stemmed plants 30-100 cm high; rhizome 2-4 mm thick; leaf blades reduced to sheaths or only the upper 1 or 2 sheaths shortly laminate"	31
30	"Erect or oblique, weaker plants 5-30 (-40) cm; rhizome 1-2 mm thick; leaves well-developed"	32
31	"Involucral bracts 5-8; upper 1 or 2 leaf sheaths with lamina"	"Cyperus aromaticus"
31	"Involucral bracts 3; leaves reduced to sheathing bracts or very short lamina"	"Cyperus melanospermus"
32	"Inflorescence more or less ovoid, dense, spikes solitary or with 2 smaller ones at the base; spikelets numerous, sometimes 100 in number, 1-flowered; midrib of the glumes usually toothed; stamens 1 or 2 (rarely 3)"	"Cyperus brevifolius"
32	"Inflorescence globose, loose, always solitary; spikelets not usually more than 50, a second imperfect flower often present; midrib of the glumes usually smooth or nearly so, rarely toothed; stamens 3 (rarely 2)"	"Cyperus sphaeroideus"
33	"Only one fertile glume appearing to occupy the whole spikelet, apart from a small sterile glume at the base, or glumes numerous but not overlapping with each other on one side of the rachilla"	34
33	"Glumes imbricate, placed on either side of the rachillas, clearly overlapping with each other on one side of the spikelet"	47
34	"Culm and rachis hispid"	"Cyperus scaber"
34	"Culm and rachis glabrous"	35
35	"Top of the culm from 5 mm below the involucral bracts papillose, with many minute bumps"	36
35	"Top of the culm not papillose"	37
36	"Glumes stramineous to yellow brown; spikelets arranged at intervals along a lengthened rachis"	"Cyperus conicus var. conicus"
36	"Glumes brown to reddish brown; spikelets in digitate clusters, originating from close to the same point on the rachis"	"Cyperus decompositus"
37	"Rhizome long, creeping; found in sandy seashore areas"	"Cyperus pedunculatus"
37	"Rhizome not long, may be stoloniferous; found in all habitats"	38
38	"Spikelets consisting of 1-4 flowers"	39
38	"Spikelets consisting of 5-30 flowers"	44
39	"Inflorescence consisting of 1-4 sessile spikes, contracted into a dense head"	40
39	"Inflorescence consisting of 5-16 spikes, sessile or not, not contracted into a dense head"	41
40	"Glumes <3 mm long; rachilla persistent after the glumes and achenes have fallen"	"Cyperus albescens"
40	"Glumes >3 mm long; rachilla not persistent on the rachis"	"Cyperus aggregatus"
41	"Spikes ovoid or oblong ovoid, 1-1.4 cm long; 2-3 fertile glumes on either side of the rachilla"	"Cyperus leiocaulon"
41	"Spikes cylindrical to ovoid, 1.5-4 cm long; fertile glume appearing to occupy the whole spikelet apart from sterile glume at the base"	42
42	"Plant producing slender stolons about 1 mm thick, covered with lanceolate, reddish-brown, striate sheaths; spikelets always bearing a single achene"	"Cyperus paniceus"
42	"Plant not stoloniferous; spikelets usually bearing 2-3 achenes"	43
43	"Spikes cylindrical, (1-)2-3.5 × 0.6-1 cm, with parallel sides; anthers (0.6-)0.8-1 mm; achene c. 0.5 mm wide; leaf blade margin smooth"	"Cyperus cyperoides"
43	"Spikes shortly cylindric, oblong, or ovoid, 1.2-1.8 × 0.8-1.2(-1.5) cm, with sides narrowed toward base; anthers 1-1.5 mm; achene 0.6-0.9 mm wide; leaf blade margin scabrous"	"Cyperus cyperinus"
44	"Rachilla persistent on rachis after glumes and achenes have fallen off; glumes <2 mm long"	"Cyperus distans"
44	"Rachilla falling off as a whole with the glumes and achenes; glumes >2 mm long"	45
45	"Stems densely tufted, lax and often procumbent, c. 1 mm wide; spikelets spreading at 40-90 degrees from the rachis"	"Cyperus bowmanni"
45	"Stems not densely tufted, robust, erect c. 2-4 mm wide; spikelets 90-140 degrees from the rachis"	46
46	"Bracts 4-7, much longer than the inflorescence"	"Cyperus dietrichiae var. dietrichiae"
46	"Bracts 2-3, c. same length as the inflorescence or less"	"Cyperus dietrichiae var. brevibracteatus"
47	"Glumes with only a single distinct nerve separating the keel from the margin, or with no nerves visible"	48
47	"Glumes with more than one distinct nerve on each side that is not associated with the mid-nerve"	98
48	"Keel of glumes with larger, clearly visible, often raised, more isodiametric cell outlines than on sides"	49
48	"Keel of glumes with the cells not clearly visible, or similar to those on the sides"	52
49	"Glumes 2-2.5 mm long; involucral bracts >4 mm wide; leaves >3 mm wide"	"Cyperus eragrostis"
49	"Glumes 1-2 mm long; involucral bracts <3 mm wide; leaves <3 mm wide"	50
50	"Spikelets 2.5-3 mm wide in side view; glumes 1.5-2 mm long"	"Cyperus aquatilis"
50	"Spikelets 2-2.5 mm wide in side view; glumes 1-1.5 mm long"	51
51	"Inflorescence consisting of densely packed spikelets forming a tight globose cluster"	"Cyperus cristulatus"
51	"Inflorescence consisting of a few open spikelets in a loose, irregular arrangement"	"Cyperus flaccidus"
52	"Inflorescence consisting of 100 or more rays; very large plants, mostly 2-4 m high; often cultivated"	"Cyperus papyrus"
52	"Inflorescence consisting of fewer rays or none; smaller plants seldom exceeding 2 m high"	53
53	"Plants with curly leaves and involucral bracts that are much longer than the inflorescence"	"Cyperus microcephala subsp. saxicola"
53	"Leaves and involucral bracts not curly, longer or shorter than the inflorescence"	54
54	"Spikelets inserted at intervals along a lengthened rachis"	55
54	"Spikelets digitate, seeming to arise from the same point on the rachis"	61
55	"Spikelets <1 mm wide"	"Cyperus digitatus"
55	"Spikelets >1 mm wide"	56
56	"Glumes >3 mm long; roots with tubers"	57
56	"Glumes <3 mm long; roots not with tubers"	58
57	"Culms distinctly 3-sided throughout their length; not easily compressible; leaves well developed, mostly half to three-quarters as long as the culms; inflorescence symmetrical; achene c. 1.5 times as long as broad, or rarely maturing"	"Cyperus rotundus"
57	"Culms sometimes trigonous at the apex, but terete and easily compressible below; leaves rarely half the length of the culms; lowest involucral bract erect, very much exceeding the inflorescence, usually pushing it to one side; achene when mature 2-3 times as long as broad, freely fruiting"	"Cyperus victoriensis"
58	"Large, robust plants >60 cm tall"	59
58	"Small plants <60 cm tall"	60
59	"Glume obtuse, with a sharp mucro; achene trigonous"	"Cyperus exaltatus"
59	"Glume apex gradually tapered to a point, mucronulate; achene biconvex"	"Cyperus alopecuroides"
60	"Spikes 5-25; leaves and involucral bracts >2 mm wide"	"Cyperus iria"
60	"Spikes, 1-3; leaves and involucral bracts <2 mm wide"	"Cyperus imbecillis"
61	"Glumes often with a purplish patch on a mainly greenish/white side of the glume; a single involucral bract seeming to continue the culm, apex of the culm and base of the bract pubescent on the triquetrous margins"	"Cyperus laevis"
61	"Combination of characters not as above"	62
62	"Apex of the glume truncate, with a mucro 0.5-1 mm long"	63
62	"Apex of the glume if truncate with a mucro <0.5 mm long"	64
63	"Glume with mucro 0.5-0.6 mm long; stamens 1"	"Cyperus castaneus"
63	"Glume with mucro (0.5-) 0.6-1 mm long; stamens 2-3"	"Cyperus cuspidatus"
64	"Glume, excluding the keel mostly reddish brown to black in colour"	65
64	"Glume white, greenish or pale brown in colour"	76
65	"Glumes dark reddish-brown to black; when mature, the edges of the yellow achene protruding from the glumes"	"Cyperus tetraphyllus"
65	"Glumes reddish-brown; achene brown or white, edges not protruding"	66
66	"Apex of the glume obtuse"	67
66	"Apex of the glume acute, mucronulate or mucronate"	71
67	"Glumes at the base of the spikelet <1 mm long"	68
67	"Glumes at the base of the spikelet >1 mm long"	69
68	"Glumes nearly as broad as long"	"Cyperus difformis"
68	"Glumes much longer than wide"	"Cyperus tenuispica"
69	"Glumes densely imbricate, glumes on one side of the rachilla overlapping the one above by >2/3"	"Cyperus concinnus"
69	"Glumes 1/2 imbricate or less"	70
70	"Stamen 1; rhizome short and culms rather clumped"	"Cyperus haspan subsp. haspan"
70	"Stamens 3 or occasionally 2; rhizome creeping so that the culms are solitary"	"Cyperus haspan subsp. juncoides"
71	"Rays of the inflorescence all more or less equal"	72
71	"Rays of the inflorescence not equal or absent"	73
72	"Inflorescence hemispherical in shape"	"Cyperus prolifer"
72	"Inflorescence ovoid in shape"	"Cyperus x turbatus"
73	"Glumes >2 mm long"	"Cyperus platystylis"
73	"Glumes <2 mm long"	74
74	"Rainforest plant with leaves and involucral bracts 5-20 mm wide"	"Cyperus laxus"
74	"Not usually found in rainforests; leaves and involucral bracts 0.5-4 mm wide"	75
75	"Glumes 0.75-1 mm long; involucral bracts and leaves >1 mm wide"	"Cyperus tenuispica"
75	"Glumes 0.9-1.8 mm long; involucral bracts and leaves <1 mm wide"	"Cyperus castaneus"
76	"Glumes <1 mm long, nearly as broad as long"	"Cyperus difformis"
76	"Glumes >1 mm long, much longer than wide"	77
77	"Inflorescence sessile, not on rays"	78
77	"Inflorescence not sessile, some spikelets or spikes on rays"	86
78	"Culm distinctly winged, especially towards the apex"	79
78	"Culm terete to sharply angled but not winged"	80
79	"Leaves 5-12 mm wide; involucral bracts 5-15 mm wide"	"Cyperus sp. (Eungella P.R. Sharpe 5052)"
79	"Leaves 2-4 mm wide; involucral bracts 3-5 mm wide"	"Cyperus alaticaulis"
80	"Inflorescence a solitary globose, whitish spike"	"Cyperus pulchellus"
80	"Inflorescence open, or if solitary then greenish brown, not whitish"	81
81	"Glumes >2.2 mm long"	"Cyperus eboracensis"
81	"Glumes <2.2 mm long"	82
82	"Inflorescence a dense of head of spikelets, with 5–7 involucral bracts exceeding the inflorescence, often a few smaller bracts protruding from the inflorescence"	"Cyperus pygmaeus"
82	"Inflorescence not head like, spikelets loosely arranged; involucral bracts <5, never protruding from the inflorescence"	83
83	"Keel of the glumes with 1-4 small teeth towards the apex; base of the style persistent, strongly recurved"	"Cyperus curvistylis"
83	"Keel of glumes with no teeth; base of the style not strongly recurved"	84
84	"Glumes <1.5 mm long, pale brown sides with one distinct nearly straight median nerve on each side, often marked with red dashes; found in sandy coastal dunes"	"Cyperus stradbrokensis"
84	"Glumes >1.5 mm long; sides whitish, no red dashes, not usually found on sand dunes"	85
85	"One involucral bract longer than inflorescence; base of style not thickened"	"Cyperus imbecillis"
85	"2-4 involucral bracts longer than inflorescence; base of style thickened with a globose bulge"	"Cyperus enervis"
86	"Prominent mid-nerve of the glume separating the uniformly green keel from the uniformly white or straw-coloured sides"	87
86	"Keel and sides of the glumes not separated by a prominent mid-nerve as above"	90
87	"Involucral bracts longer than the inflorescence"	88
87	"Involucral bracts much shorter than the inflorescence"	89
88	"Glumes 1-1.4 mm long, apex mucronulate or mucronate"	"Cyperus stradbrokensis"
88	"Glumes 1.3-2 mm long, apex acute"	"Cyperus trinervis"
89	"Stamen 1; rhizome short and culms rather clumped"	"Cyperus haspan subsp. haspan"
89	"Stamens 3 or occasionally 2; rhizome creeping so that the culms are solitary"	"Cyperus haspan subsp. juncoides"
90	"Glumes >2 mm long"	91
90	"Glumes <2 mm long"	92
91	"Glumes 2.5-3 mm long; culm winged near the apex"	"Cyperus sp. (Eungella P.R. Sharpe 5052)"
91	"Glumes 2-2.5 mm long; culm not winged"	"Cyperus eragrostis"
92	"Robust plants; culms >2 mm wide; involucral bracts 5-10 mm wide"	"Cyperus laxus"
92	"Lax plants; culms <2 mm wide; bracts 0.5-4 mm wide"	93
93	"Involucral bracts shorter than the inflorescence"	94
93	"Involucral bracts longer than the inflorescence"	96
94	"Rays of the inflorescence more or less all equal"	"Cyperus x turbatus"
94	"Rays of the inflorescence not equal"	95
95	"Stamen 1; rhizome short and culms rather clumped"	"Cyperus haspan subsp. haspan"
95	"Stamens 3 or occasionally 2; rhizome creeping so that the culms are solitary"	"Cyperus haspan subsp. juncoides"
96	"Keel of the glumes more or less straight in side view"	"Cyperus breviculmis"
96	"Keel of the glumes curved in side view"	97
97	"Glumes <1.5 mm long, pale brown sides with one distinct nearly straight median nerve on each side, often marked with red dashes; found in sandy coastal dunes"	"Cyperus stradbrokensis"
97	"Glumes >1.4 mm long; sides whitish, with no red dashes, found in moist shady positions"	"Cyperus imbecillis"
98	"Spikelets arranged along a lengthened rachis"	99
98	"Spikelets in digitate clusters, originating from almost the same point on the rachis"	162
99	"Inflorescence consisting of up to 100 or more rays; very large plants, mostly 2-4 m high; often cultivated"	"Cyperus papyrus"
99	"Inflorescence consisting of fewer rays or none; smaller plants seldom exceeding 2 m high"	100
100	"Upper part of the culms from 5 mm below the involucral bracts papillose, covered with numerous minute bumps"	101
100	"Upper part of the culms smooth, not papillose, may be scabrous or hispid"	103
101	"Glumes >2.5 mm long; involucral bracts septate nodulose"	"Cyperus javanicus"
101	"Glumes <2.5 mm long; involucral bracts not septate nodulose"	102
102	"Spikes in dense ovoid or conical heads; spikelets 3-4 flowered"	"Cyperus conicus var. conicus"
102	"Spikes cylindrical; spikelets 1-2 flowered"	"Cyperus tetracarpus"
103	"Each involucral bract distinctly separated on axis from neighbouring bracts"	"Cyperus bulbosus"
103	"Involucral bracts inserted very closely together"	104
104	"Annual with fibrous roots; keel of the glumes greenish with whitish sides, the sides often with purplish markings along the middle of the main body of the glume"	"Cyperus sphacelatus"
104	"Combinations not as above"	105
105	"Rachis scabrid"	106
105	"Rachis not scabrid"	110
106	"Upper part of the culm scabrid"	"Cyperus scaber"
106	"Upper part of the culm not scabrid"	107
107	"Glumes >4 mm long; involucral bracts distinctly septate nodulose"	"Cyperus lucidus"
107	"Glumes <3.5 mm long: involucral bracts not septate nodulose"	108
108	"Glumes <2.5 mm long; rachis distinctly hispid"	"Cyperus pilosus"
108	"Glumes >2.5 mm long; rachis sparsely hispid"	109
109	"Plant developing tubers; culm trigonous (with rounded edges)"	"Cyperus esculentus"
109	"Plant not developing tubers; culm triquetrous (sharply angled)"	"Cyperus procerus"
110	"Glumes green, white, or yellowish brown"	111
110	"Glumes brown to reddish brown"	131
111	"Glumes broadly ovate to nearly orbiculare with nerveless sides, with a 2-nerved arched keel"	"Cyperus iria"
111	"Glumes oblong to oblong-ovate"	112
112	"Culm triquetrous (sharply 3 angled)"	113
112	"Culm trigonous to terete (with rounded edges)"	122
113	"Mature spikelets disarticulating at base of each glume, with each achene clasped by rachilla wings; rachilla wings yellowish spongy"	"Cyperus odoratus"
113	"Mature spikelets either falling as a unit or rachilla remaining attached to rachis and glumes falling; rachilla wings not spongy"	114
114	"Mature spikelets turgid, sub terete, often dirty-white with reddish-brown markings; achene nearly as wide as long; found in coastal sands"	"Cyperus stoloniferus"
114	"Ripe spikelets not turgid, compressed; varied habitats but not coastal sands"	115
115	"Inflorescence consisting of 1-4 sessile spikes, contracted into a dense head"	"Cyperus aggregatus"
115	"Inflorescence consisting 5-16 spikes, sessile or not, not contracted into a dense head"	116
116	"Spikelets >2 mm wide"	117
116	"Spikelets <2 mm wide"	119
117	"Glumes with a broad whitish margin; rachis often hispid"	"Cyperus procerus"
117	"Glumes with no whitish margin; rachis not hispid"	118
118	"Upper part of the culm often scabrous; glumes <3 mm long"	"Cyperus fulvus"
118	"Upper part of the culm glabrous; glumes >3 mm long"	"Cyperus compressus"
119	"Glumes >3 mm long"	120
119	"Glumes <3 mm long"	121
120	"Small plants up to 0.5 m tall; involucral bracts septate nodulose"	"Cyperus perangustus"
120	"Larger plants 0.5-1.2 m tall; involucral bracts not septate nodulose"	"Cyperus nutans subsp. eleusinoides"
121	"Annual plant <40 cm tall; culms <1 mm wide"	"Cyperus zollingeri"
121	"Perennial plant >40 cm tall, somewhat swollen at the base; culms > 1 mm wide"	"Cyperus tenuiculmis"
122	"Plants developing tubers; glume apex obtuse"	123
122	"Plants not developing tubers; glume apex with a mucro"	124
123	"Culms terete; prefers brackish conditions"	"Cyperus scariosus"
123	"Culms triquetrous (sharply 3 angled); not in brackish conditions"	"Cyperus esculentus"
124	"Base of the plants swollen and bulbous"	125
124	"Base of the plants not swollen and bulbous, may be thickened by scarious sheaths"	126
125	"Glumes 2-3 mm long, stramineous to yellowish brown"	"Cyperus fulvus"
125	"Glumes 1.6-2.1 mm long, brown to reddish brown"	"Cyperus sexflorus"
126	"Achene dark brown to black"	127
126	"Achene pale brown to brown"	129
127	"Glumes < 3mm long; spikelets when mature > 3mm wide"	"Cyperus ixiocarpus"
127	"Glumes > 3mm long; spikelets < 3mm wide"	128
128	"Glume and rachillas tightly clasping the achene and falling as a unit; forming slender tussocks on rocky hillsides"	"Cyperus cunninghamii subsp. cunninghamii"
128	"Glume and rachillas not tightly clasping the achene, so that the achenes fall separately; forming robust tussocks in sandy stream beds"	"Cyperus cunninghamii subsp. cheradicus"
129	"Glumes with a curved keel; achene > 0.5mm wide; top of culms often scabrid"	"Cyperus fulvus"
129	"Glumes with a straight keel; achene < 0.5 mm wide; culms not scabrid"	130
130	"Spikelet width 1.2-2.0 mm in side view; glume mucro 0.1-0.2 mm long; leaf bases usually striate; rachilla wings 0.1-0.2 mm wide; inflorescence usually relatively small and compact, with 4-7 primary branches to 10 cm long"	"Cyperus betchei subsp. betchei"
130	"Spikelet width 2.0-3.2 mm in side view; glume mucro 0.2-0.5 mm long; leaf bases usually smooth; rachilla wings <0.05-0.1 mm wide; inflorescence usually large and spreading with (5-)8-12 primary branches to 16 cm long"	"Cyperus betchei subsp. commiscens"
131	"Mature spikelets disarticulating at base of each glume, with each achene clasped by rachilla wings; rachilla wings yellowish spongy"	"Cyperus odoratus"
131	"Mature spikelets either falling as a unit or rachilla remaining attached to rachis and glumes falling separately; rachilla wings not spongy"	132
132	"Base of the plant hard and bulbous"	133
132	"Base of the plant not bulbous, may be inflated by soft scarious sheaths"	142
133	"Mature spikelets turgid, sub-terete, often dirty-white and spotted with brown; achene nearly as wide as long; found in coastal sands"	"Cyperus stoloniferus"
133	"Ripe spikelets not turgid, compressed; varied habitats but not coastal sands"	134
134	"Glumes on one side of the rachillas either not overlapping or overlapping by <1/4"	135
134	"Glumes on one side of the rachillas overlapping by at least 1/3"	136
135	"Spikelets somewhat flattened, 1-1.5 mm wide in side view"	"Cyperus subulatus"
135	"Spikelets angular in cross section, 1.5-2 mm wide in side view"	"Cyperus tenuiculmis"
136	"Plants with slender, creeping rhizomes producing fibrous-coated tubers 5–10 mm diameter"	137
136	"Plants with a short rhizome, not tuber-bearing"	140
137	"Culms distinctly 3-sided throughout their length; not easily compressible; leaves well developed, mostly half to three-quarters as long as the culms; inflorescence symmetrical; achene c. 1.5 times as long as broad, or rarely maturing"	138
137	"Culms sometimes trigonous at the apex, but terete and easily compressible below; leaves rarely half as long as culms; lowest involucral bract erect, very much exceeding the inflorescence, usually pushing it to one side; achene when mature 2-3 times long as broad"	139
138	"Lowest involucral bract shorter or not much longer than the inflorescence; spikelets <2.5 mm wide when mature; glumes usually dark red brown, nerved from between 1/3-1/2 between the keel and the margin, apex obtuse; achene rarely maturing"	"Cyperus rotundus"
138	"Lowest bract much exceeding the inflorescence; spikelets >2.5 mm wide when mature; glumes various shades of brown, rarely very dark, nerved between 1/2-2/3 between the keel and the margin, apex acute; freely fruiting"	"Cyperus bifax"
139	"Glumes >3.3 mm long; usually found on black soil"	"Cyperus victoriensis"
139	"Glumes <3.2 mm long; prefers saline influence"	"Cyperus scariosus"
140	"Involucral bracts septate nodulose; upper part of the stems often scabrous"	"Cyperus fulvus"
140	"Involucral bracts not septate nodulose; stems not scabrous"	141
141	"Spikes a dense ovoid head of spikelets on rays, hiding the rachis; glumes 2-3 mm long"	"Cyperus blakeanus"
141	"Spikes not dense, with the rachis clearly visible; glumes 1.6-2.1 mm long"	"Cyperus sexflorus"
142	"Glumes mucronate, with an excurved mucro >0.4 mm long; small plants to 20 cm tall"	"Cyperus squarrosus"
142	"Glumes obtuse or mucronulate to acute, with mucro <0.4 mm long; larger plants >20 cm tall"	143
143	"Plants with a long creeping rhizome with tubers (nut grasses)"	144
143	"Plants with a short rhizome, tubers absent"	145
144	"Glumes dull brown, 3-5 nerves on each side; rhizomes yellowish brown"	"Cyperus esculentus"
144	"Glumes deep red/purple, 2-3 nerves on each side; rhizomes brown"	"Cyperus rotundus"
145	"Culms sharply 3-angled"	146
145	"Culms trigonous with rounded margins or terete"	154
146	"Involucral bracts distinctly septate nodulose"	147
146	"Involucral bracts not septate nodulose"	151
147	"Glumes >3.5 mm long"	"Cyperus lucidus"
147	"Glumes <3.5 mm long"	148
148	"Spikelets 2.5-5 mm long: involucral bracts 7-13"	"Cyperus vorsteri"
148	"Spikelets 5-35 mm long; involucral bracts 3-5"	149
149	"Leaves to 5-12 mm wide; coarse and strongly folded and septate nodulose"	"Cyperus alterniflorus"
149	"Leaves to 3-7 mm wide; not coarse or strongly folded or septate nodulose"	150
150	"Spikelets in dense clusters, reddish brown in colour"	"Cyperus gunnii subsp. gunnii"
150	"Spikelets in open clusters, golden brown in colour"	"Cyperus perangustus"
151	"Glumes on one side of the rachilla either not overlapping or overlapping by <1/4"	"Cyperus subulatus"
151	"Glumes on one side of the rachilla overlapping by >1/3"	152
152	"Glumes >2.5 mm long, with a distinct, broad hyaline margin"	"Cyperus procerus"
152	"Glumes <2.5 mm long; without an obvious, broad hyaline margin"	153
153	"Spikes 5-7 mm wide; involucral bracts <6, 1-7 mm wide"	"Cyperus nutans subsp. eleusinoides"
153	"Spikes 10-25 mm wide; involucral bracts >6, 5-15 mm wide"	"Cyperus ohwii"
154	"Glumes on one side of the rachilla overlapping the one above it by c. 1/8"	155
154	"Glumes on one side of the rachilla overlapping the one above it by >1/3"	156
155	"Glume and rachilla tightly clasping the achene and falling as a unit; forming slender tussocks on rocky hillsides"	"Cyperus cunninghamii subsp. cunninghamii"
155	"Glume and rachilla not tightly clasping the achene, so that the achenes fall separately, forming robust tussocks in sandy stream beds"	"Cyperus cunninghamii subsp. cheradicus"
156	"Glumes >4 mm long"	"Cyperus lucidus"
156	"Glumes <4 mm long"	157
157	"Glumes with a broad hyaline margin; plants often viscid"	"Cyperus astartodes"
157	"Glumes without or with only a thin hyaline margin; plants not viscid"	158
158	"Glumes 1.5-2 mm long; spikes narrowly cylindrical"	"Cyperus exaltatus"
158	"Glumes 2-3.2 mm long; spikes ovoid to hemispherical"	159
159	"Spikelets 3-6 mm long"	"Cyperus blakeanus"
159	"Spikelets 8-50 mm long"	160
160	"Involucral bracts 4-6 mm wide; distinctly septate nodulose"	"Cyperus gunnii subsp. gunnii"
160	"Involucral bracts 1-3 mm wide; not or obscurely septate nodulose"	161
161	"Spikelet width 1.2-2.0 mm in side view; glume mucro 0.1-0.2 mm long; leaf bases usually striate; rachilla wings 0.1-0.2 mm wide; culm diameter 1.3-2.7 mm; inflorescence usually relatively small and compact, with 4-7 primary branches to 10 cm long"	"Cyperus betchei subsp. betchei"
161	"Spikelet width 2.0-3.2 mm in side view; glume mucro 0.2-0.5 mm long; leaf bases usually smooth; rachilla wings <0.05-0.10 mm wide; culm diameter 1.4-4.0 mm; inflorescence usually large and spreading with (5-)8-12 primary branches to 16 cm long"	"Cyperus betchei subsp. commiscens"
162	"Upper part of the culms from 5 mm below the involucral bracts papillose, covered with numerous minute bumps"	"Cyperus decompositus"
162	"Upper part of the culms smooth, not papillose, may be scabrous or hispid"	163
163	"Inflorescence sessile, spikes not on rays"	164
163	"Inflorescence not sessile, compound or a simple spike of spikelets on rays"	181
164	"Plant developing tubers; leaves short or absent; preferring brackish conditions, usually coastal or occasionally inland springs"	"Cyperus scariosus"
164	"Plant without tubers; leafy plant not inhabiting brackish conditions"	165
165	"Base of the culm distinctly hard and bulbous"	166
165	"Base of the culm not hard and bulbous"	167
166	"Culms triquetrous (sharply 3 angled); glumes green to light brown"	"Cyperus eboracensis"
166	"Culms trigonous or terete; glumes yellowish brown to dark brown"	"Cyperus orgadophilus"
167	"Inflorescence a dense head of spikelets, with 5–7 involucral bracts exceeding the inflorescence, often a few smaller bracts protruding from the inflorescence"	"Cyperus pygmaeus"
167	"Inflorescence loosely head-like, with 1–4 involucral bracts exceeding the inflorescence"	168
168	"Glumes brown, reddish brown to purple"	169
168	"Glumes greenish to yellow brown"	171
169	"Glumes apex obtuse or acute"	"Cyperus disjunctus"
169	"Glumes apex mucronate"	170
170	"Spikelets 4-7 mm long; achene 0.6-1 mm long"	"Cyperus squarrosus"
170	"Spikelets 8-30 mm long; achene 2-2.5 mm long"	"Cyperus gilesii"
171	"Glumes <2 mm long"	172
171	"Glumes >2 mm long"	177
172	"Achene patterned, reticulate or longitudinally striate, cells transversely elongated"	173
172	"Achene more or less smooth"	174
173	"Achene coarsely reticulate, with large hexagonal cells"	"Cyperus sculptus"
173	"Achene longitudinally striate with the cells transversely elongated"	"Cyperus mirus"
174	"Achene ellipsoid"	175
174	"Achene obovoid to broadly obovoid"	176
175	"Keel of the glumes with 1-4-minute teeth towards the apex; base of the style persistent, strongly recurved"	"Cyperus curvistylis"
175	"Keel of the glumes smooth; base of the style not recurved"	"Cyperus eglobosus"
176	"Glumes with 3-4 nerves on each side; achene with no bulge at the base of the style"	"Cyperus gracilis"
176	"Glumes with 1-2 nerves on each side; achene with a bulge at the base of the style that is persistent on the achene"	"Cyperus enervis"
177	"Spikelets 1-6 flowered"	"Cyperus aggregatus"
177	"Spikelets 8-40 flowered"	178
178	"Achene broadly obovoid, flattened on the top"	"Cyperus gracilis"
178	"Achene not broadly obovoid or flattened on the top"	179
179	"Glumes with >4 nerves; small plants <20 cm tall; only found near Chillagoe"	"Cyperus rubicundus"
179	"Glumes with <4 nerves; larger plants >20 cm tall; found on Cape York peninsula"	180
180	"Upper part of the culms winged, proximal involucral bract >3 mm wide"	"Cyperus alaticaulis"
180	"Culms not winged; proximal involucral bract <3 mm wide"	"Cyperus eboracensis"
181	"Spikelets dense, >12, spreading through more than 180 degrees on rays"	182
181	"Spikelets few, <12, spreading in <180 degrees on rays"	220
182	"Midrib of glumes with larger, more isodiametric cell outlines than on sides"	183
182	"Midrib of the glumes with cell size and shape similar to those on the sides"	184
183	"Glumes >2.5 mm long; leaves and bracts >3 mm wide"	"Cyperus eragrostis"
183	"Glumes <2.5 mm long; leaves and involucral bracts <2 mm wide"	"Cyperus cristulatus"
184	"Base of the plant distinctly swollen, hard and bulbous"	185
184	"Base of the plant not swollen or bulbous, occasionally thickened by soft sheaths"	190
185	"Plants tufted with surculi (suckers growing from a stout rhizome)"	186
185	"Plants tufted with no surculi visible"	187
186	"Apex of glume obtuse or mucronulate; only found in far western Queensland"	"Cyperus carinatus x C. centralis"
186	"Apex of glume mucronate; found in the dry hills from Herberton north"	"Cyperus sharpei"
187	"Apex of the glumes long acute; involucral bracts not septate nodulose"	"Cyperus blakeanus"
187	"Apex of the glumes mucronulate, mucronate or obtuse; involucral bracts septate nodulose"	188
188	"Glumes narrowly oblong to narrowly ovate with a slightly curved keel"	"Cyperus oxycarpus"
188	"Glumes broadly ovate, or broadly elliptic, keel curved"	189
189	"Spikelets 6-18 mm long; glumes uniformly stramineous to yellowish brown in colour"	"Cyperus fulvus"
189	"Spikelets 3-6.5 mm long; glumes brown to reddish brown in colour"	"Cyperus orgadophilus"
190	"Small annual plant to 12 cm tall"	191
190	"Perennial plant >12 cm tall"	193
191	"Glumes with a straight or excurved mucro <0.4 mm long"	"Cyperus rigidellus"
191	"Glumes with a strongly excurved mucro 0.5-1 mm long"	192
192	"Spikelets 4-7 mm long; achene 0.6-1 mm long"	"Cyperus squarrosus"
192	"Spikelets 8-30 mm long; achene 2-2.5 mm long"	"Cyperus gilesii"
193	"Glumes >2.5 mm long"	194
193	"Glumes <2.5 mm long"	204
194	"Glumes on one side of the rachilla overlapping the one above it by <1/3"	195
194	"Glumes on one side of the rachilla overlapping the one above it by >1/3"	197
195	"Involucral bracts distinctly septate nodulose"	"Cyperus compactus"
195	"Involucral bracts not septate nodulose"	196
196	"Glume and rachillas tightly clasping the achene and falling as a unit; forming slender tussocks on rocky hillsides"	"Cyperus cunninghamii subsp. cunninghamii"
196	"Glume and rachillas not tightly clasping the achene, so that the achenes fall separately; forming robust tussocks in sandy stream beds"	"Cyperus cunninghamii subsp. cheradicus"
197	"Glumes in side view long and narrow, narrowly oblong to slightly narrowly ovate, similar width along the length of the glume"	198
197	"Glumes much wider at either one end or the middle of the glume"	200
198	"Plants with many fine curly leaves, longer than the inflorescence"	"Cyperus microcephalus subsp. chersophilus"
198	"Plant not with many fine, curly leaves longer than the inflorescence"	199
199	"Glumes brown to reddish brown in colour; involucral bracts not septate nodulose"	"Cyperus gilesii"
199	"Glumes yellowish brown in colour; involucral bracts septate nodulose"	"Cyperus oxycarpus"
200	"Spikelets <6 mm long"	"Cyperus blakeanus"
200	"Spikelets >6 mm long"	201
201	"Glumes mucronate, mucro excurved"	"Cyperus clarus"
201	"Glumes acute or mucronulate, rarely mucronate, then mucro not excurved"	202
202	"Glumes uniformly stramineous to yellowish brown; culms often scabrous"	"Cyperus fulvus"
202	"Glumes brown to reddish brown, at least on the sides; culms glabrous"	203
203	"Culms 30-90 cm tall; spikelets 1.5-2 mm wide, forming dense clusters; achene 0.5-0.7 mm wide"	"Cyperus gunnii var. gunnii"
203	"Culms 90-200 cm tall; spikelets 1-1.5 mm wide, forming loose clusters; achene 0.3-0.4 mm wide"	"Cyperus gunnii var. novae-hollandiae"
204	"Culms triquetrous (sharply 3 angled)"	205
204	"Culms trigonous with rounded margins or terete"	209
205	"Spikelets <7 mm long; involucral bracts not septate nodulose"	"Cyperus disjunctus"
205	"Spikelets >7 mm long; involucral bracts septate nodulose"	206
206	"Spikelets mostly straminous to yellowish brown, may be tinged reddish brown"	207
206	"spikelets mostly brown to reddish brown"	208
207	"Glumes mucronate, mucro distinctly recurved"	"Cyperus clarus"
207	"Glume mucro if present not recurved"	"Cyperus fulvus"
208	"Culms 30-90 cm tall; spikelets 1.5-2 mm wide, forming dense clusters; achene 0.5-0.7 mm wide"	"Cyperus gunnii var. gunnii"
208	"Culms 90-200 cm tall; spikelets 1-1.5 mm wide, forming loose clusters; achene 0.3-0.4 mm wide"	"Cyperus gunnii var. novae-hollandiae"
209	"Plants with many fine curly leaves, longer than the inflorescence"	210
209	"Plant not with many fine, curly leaves longer than the inflorescence"	211
210	"Glumes 2-2.5 mm long; spikelets 10-30 mm long"	"Cyperus microcephalus subsp. chersophilus"
210	"Glumes 1-2 mm long; spikelets 3-10 mm long"	"Cyperus microcephalus subsp. saxicola"
211	"Glume mucronate, mucro distinctly excurved"	"Cyperus clarus"
211	"Glume apex obtuse, acute or mucronulate, or if mucronate then mucro not excurved"	212
212	"Glumes stramineous with a broad white membranous margin that clasps the achene at maturity"	"Cyperus carinatus"
212	"Glumes bright yellow or reddish brown with no membranous margin clasping the achene"	213
213	"Involucral bracts distinctly septate nodulose"	214
213	"Involucral bracts not septate nodulose"	219
214	"Glume in side view narrowly oblong to narrowly ovate, similar width along the length of the glume"	"Cyperus oxycarpus"
214	"Glume much wider at either one end or the middle of the glume, broadest part often clasping the achene"	215
215	"Glumes 1.3-2.1 mm long; culms terete just below the inflorescence"	216
215	"Glumes 2-2.5 mm long; culms trigonous just below the inflorescence"	217
216	"Spikelets 5-15 mm long, spikes 10-30 mm wide"	"Cyperus dactylotes"
216	"Spikelets 2.5-5.5 mm long, spikes 2-12 mm wide"	"Cyperus holoschoenus"
217	"Spikelets stramineous to yellow brown; top of the culm often scabrous"	"Cyperus fulvus"
217	"Spikelets brown to reddish brown; culm not scabrous"	218
218	"Culms 30-90 cm tall; spikelets 1.5-2 mm wide, forming dense clusters; achene 0.5-0.7 mm wide"	"Cyperus gunnii var. gunnii"
218	"Culms 90-200 cm tall; spikelets 1-1.5 mm wide, forming loose clusters; achene 0.3-0.4 mm wide"	"Cyperus gunnii var. novae-hollandiae"
219	"Glume apex long acute"	"Cyperus blakeanus"
219	"Glume apex obtuse to mucronulate"	"Cyperus microcephalus subsp. microcephalus"
220	"Plant with a long rhizome developing tubers; leaves short or absent; preferring brackish conditions"	"Cyperus scariosus"
220	"Plant may be rhizomatous but not developing tubers; not preferring brackish conditions; leaves well developed"	221
221	"Glumes mostly reddish brown to purplish in colour"	222
221	"Glumes mostly green or yellowish brown to golden/pale brown in colour"	250
222	"Plants with many fine curly leaves and involucral bracts"	223
222	"Plant not with curly leaves or bracts"	225
223	"Glumes 2-3.6 mm long; spikelets 10-30 mm long"	"Cyperus microcephalus subsp. chersophilus"
223	"Glumes 1-2 mm long; spikelets 3-10 mm long"	224
224	"Glumes in side view narrow elliptic to narrow oblong, not much widened along its length, not viscid"	"Cyperus microcephalus subsp. saxicola"
224	"Glumes in side view broadly elliptic to obovate, often viscid"	"Cyperus crispulus"
225	"Plants with a thick, short rhizome"	226
225	"Plants not rhizomatous, or with a slender, long rhizome"	227
226	"Involucral bracts 2-3, distinctly unequal in length"	"Cyperus disjunctus"
226	"Involucral bracts 5-8, more or less equal in length"	"Cyperus rupicola"
227	"Tall and slender plants with a long thin rhizome"	"Cyperus angustatus"
227	"Tufted plants, not tall and slender, rhizome thick and short or absent"	228
228	"Glumes <2 mm long"	229
228	"Glumes >2 mm long"	236
229	"Base of the plant swollen and bulbous"	"Cyperus sexflorus"
229	"Base of the plant not swollen or bulbous, may be thickened by scarious sheaths"	230
230	"Annual plants < 20 cm tall"	"Cyperus squarrosus"
230	"Perennial plants > 20 cm tall"	231
231	"Culms triquetrous (sharply 3-angled)"	232
231	"Culms with rounded angles, trigonous to terete"	235
232	"Glumes purplish; the edges of the yellow achene exposed"	233
232	"Glumes brown to red brown; achene brown to dark brown, sides not visible"	234
233	"Involucral bracts 2-3; glumes on one side overlapping the one above by 1/8 to 1/4"	"Cyperus disjunctus"
233	"Involucral bracts 4-6; glumes on one side overlapping the one above it by 1/3-1/2"	"Cyperus tetraphyllus"
234	"Involucral bracts septate nodulose; occurs on sandstone escarpments"	"Cyperus portae-tartari"
234	"Involucral bracts not septate nodulose; occurs in rainforests"	"Cyperus laxus"
235	"Glumes curved inwards around the achene; both falling from the spikelet together; occurs along water courses"	"Cyperus fucosus"
235	"Glumes open at maturity, not holding the achene; falling separately from the spikelet; occurs on sandstone escarpments"	"Cyperus microcephalus subsp. microcephalus"
236	"Base of the plant swollen and bulbous"	237
236	"Base of the plant not swollen or bulbous, may be thickened by scarious sheaths"	238
237	"Upper part of the culm scabrous; involucral bracts septate nodulose"	"Cyperus fulvus"
237	"Upper part of the culm glabrous; involucral bracts not septate nodulose"	"Cyperus sexflorus"
238	"Culm sharply 3-angled"	239
238	"Culm terete or obscurely 3-angled"	242
239	"Involucral bracts not septate nodulose; occurs in rainforests"	"Cyperus pedunculosus"
239	"Involucral bracts and leaves septate nodulose; not in rainforests"	240
240	"Glumes with an excurved mucro >0.4 mm long; adjacent glumes overlapping by >1/2"	"Cyperus clarus"
240	"Glumes if with an excurved mucro then <0.4 mm long; glumes overlapping by <1/2"	241
241	"Spikelets reddish brown; leaves with sharp teeth like a saw"	"Cyperus alterniflorus"
241	"Spikelets tinged with some yellow; leaves with only scattered teeth"	"Cyperus fulvus"
242	"Spikelets when mature >3 mm wide"	"Cyperus ixiocarpus"
242	"Spikelets when mature <3 mm wide"	243
243	"Glumes with a mucro >0.4 mm long; often found in gilgais in brigalow"	"Cyperus isabellinus"
243	"Glumes obtuse or mucronulate, with a short mucro <0.4 mm long"	244
244	"Adjacent glumes on the same side overlapping by c. 1/8"	245
244	"Adjacent glumes on the same side overlapping by >1/3"	246
245	"Glume and rachillas tightly clasping the achene and falling as a unit; forming slender tussocks on rocky hillsides"	"Cyperus cunninghamii subsp. cunninghamii"
245	"Glume and rachillas not tightly clasping the achene, so that the achenes fall separately; forming robust tussocks in sandy stream beds"	"Cyperus cunninghamii subsp. cheradicus"
246	"Glumes with a distinctive, broad, hyaline margin, often clasping the achene when mature; leaves 5-11 mm wide"	"Cyperus astartodes"
246	"Hyaline margin of glumes absent or narrow; leaves 1-7 mm wide"	247
247	"Margins of the glumes not inrolled around the achene; found on sandstone escarpments"	"Cyperus microcephalus subsp. microcephalus"
247	"Margins of the glumes inrolled around the achene; found mainly along water courses and seasonally wet areas"	248
248	"Plants with many fine curly leaves and involucral bracts"	249
248	"Plants not with many fine curly leaves and bracts"	"Cyperus fucosus"
249	"Glumes 2.4-3.6 mm long; spikelets 10-30 mm long"	"Cyperus microcephalus subsp. chersophilus"
249	"Glumes 1-2 mm long; spikelets 3-10 mm long"	"Cyperus microcephalus subsp. saxicola"
250	"Glumes <2.5 mm long"	251
250	"Glumes >2.5 mm long"	266
251	"Small annual plants <15 cm tall"	252
251	"Perennial plants >15 cm tall"	253
252	"Spikelets 1-2 mm wide; glumes 1.5-2 mm long"	"Cyperus breviculmis"
252	"Spikelets 2.5-4 mm wide; glumes 1.8-3.5 mm long"	"Cyperus rigidellus"
253	"Base of the plant hard and bulbous"	254
253	"Base of the plant not hard and bulbous"	255
254	"Glumes 2-3 mm long, stramineous, or brown with yellow tinge"	"Cyperus fulvus"
254	"Glumes 1.6-2.1 mm long; brownish"	"Cyperus sexflorus"
255	"Culms sharply 3-angled"	256
255	"Culms terete or with rounded angles"	260
256	"Occurs in drier, inland habitats, such as Eucalyptus woodland"	257
256	"Occurs in wet sclerophyll or rainforest margins"	258
257	"Involucral bracts septate nodulose; at least some spikelets shortly spicately arranged on the rachis"	"Cyperus fulvus"
257	"Involucral bracts not septate nodulose; spikelets all digitately arranged on the rachis"	"Cyperus rigidellus"
258	"Glumes >2 mm long"	"Cyperus multispiceus"
258	"Glumes <2 mm long"	259
259	"Glume apex mucronate; involucral bracts 4-16"	"Cyperus laxus"
259	"Glume apex obtuse; involucral bracts 2-3"	"Cyperus semifertilis"
260	"Slender plant with a long thin rhizome"	"Cyperus angustatus"
260	"Tufted plants with a short rhizome"	261
261	"Leaf teeth all papillate"	"Cyperus rigidellus"
261	"Leaf teeth mixed, rarely any papillate"	262
262	"Glumes brownish; found on sandstone escarpments"	"Cyperus microcephalus subsp. microcephalus"
262	"Glumes yellowish brown or stramineous; not found on sandstone escarpments"	263
263	"Glumes 1.3-2.1 mm long"	"Cyperus dactylotes"
263	"Glumes 2-2.5 mm long"	264
264	"Spikelets >2 mm wide; top of the culm often scabrid"	"Cyperus fulvus"
264	"Spikelets <2 mm wide; top of the culm glabrous"	265
265	"Spikelet width 1.2-2.0 mm in side-view; glume mucro 0.1-0.2 mm long; leaf bases usually striate; rachilla wings 0.1-0.2 mm wide; inflorescence usually relatively small and compact, with 4-7 primary branches to 10 cm long"	"Cyperus betchei subsp. betchei"
265	"Spikelet width 2.0-3.2 mm in side-view; glume mucro 0.2-0.5 mm long; leaf bases usually smooth; rachilla wings <0.05-0.1 mm wide; inflorescence usually large and spreading with (5-)8-12 primary branches to 16 cm long"	"Cyperus betchei subsp. commiscens"
266	"Glumes with an excurved mucro >0.4 mm long"	"Cyperus clarus"
266	"Glumes mucro absent or <0.4 mm long and only slightly excurved"	267
267	"Leaf teeth papillate, with rounded protuberances"	"Cyperus rigidellus"
267	"Leaf teeth varied or absent, rarely papillate"	268
268	"Culms triquetrous (sharply 3 angled)"	269
268	"Culms terete or trigonous, with rounded angles, not sharply edged"	271
269	"Spikelets <1.5 mm wide; glumes overlapping the one above on the same side of the rachilla by 1/8"	"Cyperus zollingeri"
269	"Spikelets >1.5 mm wide; glumes overlapping the one above on the same side by >1/3"	270
270	"Glumes 3-4 mm long; annual plant"	"Cyperus compressus"
270	"Glumes 2-3 mm long; perennial plants"	"Cyperus multispiceus"
271	"Glumes opening widely when mature, separating from each other, exposing most of the achenes"	"Cyperus ixiocarpus"
271	"Glumes mostly enclosing the mature achene"	272
272	"Plants with distinct surculi on a short, stout rhizome"	273
272	"Plants tussock-forming or tufted; rhizome and surculi, if present, not very noticeable"	274
273	"Glume apex obtuse or with a short mucro <0.3 mm long; found in far western Queensland on sand dunes"	"Cyperus carinatus x C. centralis"
273	"Glume apex mucronate, mucro >0.3 mm long; occurs from the Herberton Range to Laura"	"Cyperus sharpei"
274	"Achene dark brown to black; glumes (when mature) on one side of the rachilla overlapping the one above <1/3"	275
274	"Achene pale brown to brown; glumes (when mature) on one side of the rachilla overlapping the one above it by >1/3"	276
275	"Glume and rachilla tightly clasping the achene and falling as a unit; forming slender tussocks on rocky hillsides"	"Cyperus cunninghamii subsp. cunninghamii"
275	"Glume and rachilla not tightly clasping the achene, so that the achenes fall separately; forming robust tussocks in sandy stream beds"	"Cyperus cunninghamii subsp. cheradicus"
276	"Glumes dull red brown, occasionally pallid-brown, with a narrow hyaline margin"	"Cyperus fucosus"
276	"Glumes stramineous to golden-yellow, occasionally with reddish patches, no hyaline margin"	277
277	"Inflorescence branched; achene very narrow-ellipsoid, up to 0.5 mm wide"	278
277	"Inflorescence simple or with only a few secondary branches; achene obovoid or broad ellipsoid, 0.6-1 mm wide"	279
278	"Spikelet width 1.2-2.0 mm in side view; glume mucro 0.1-0.2 mm long; leaf bases usually striate; rachilla wings 0.1-0.2 mm wide; culm diameter 1.3-2.7 mm; inflorescence usually relatively small and compact, with 4-7 primary branches to 10 cm long"	"Cyperus betchei subsp. betchei"
278	"Spikelet width 2.0-3.2 mm in side view; glume mucro 0.2-0.5 mm long; leaf bases usually smooth; rachilla wings <0.05-0.10 mm wide; culm diameter 1.4-4.0 mm; inflorescence usually large and spreading with (5-)8-12 primary branches to 16 cm long"	"Cyperus betchei subsp. commiscens"
279	"Perennial with a thickened base; top of culms often scabrid; sandy loam soils"	"Cyperus fulvus"
279	"Annual or short-lived perennial; culm glabrous; clayey soils"	"Cyperus isabellinus"
