from	statement	to
1	"Twining vines, flowers pendulous"	Billardiera
1	"Shrubs or trees, flowers not pendulous"	2
2	"Corolla 3-4 cm long; seeds with a broad papery wing"	Hymenosporum
2	"Corolla 0.3-1.8 cm long; seeds without a wing"	3
3	"Largest leaves 0.6-2.5 mm wide"	4
3	"Largest leaves 3-65 mm wide"	5
4	"Petals blue, 14-24 mm long; pedicels 11-24 mm long"	Cheiranthera
4	"Petals white with a little mauve, 4-7 mm long; pedicels 2-6 mm long"	Rhytidosporum
5	"Fruits strongly laterally flattened, green at maturity; inflorescence a conical panicle"	Bursaria
5	"Fruits circular to broadly elliptical in cross-section, yellow to orange at maturity; inflorescence various, but not a conical panicle"	6
6	"Seeds dry, not immersed in resin; inflorescence corymbose; petals free to the base"	Auranticarpa
6	"Seeds sticky, immersed in resin; inflorescence solitary or racemose or an umbel-like cluster; petals fused in the lower half, forming a tube (except P. trilobum)"	Pittosporum
