from	statement	to
1	"Oil glands on branchlets raised, papillose"	2
1	"Oil glands on branchlets not raised"	3
2	"Flower stipes 2-3.5 mm long; petals 2.5-3 mm across"	"Sannantha papillosa"
2	"Flower stipes 3.5-5 mm long; petals 3-3.5 mm across"	"Sannantha tozerensis"
3	"Inflorescences 1-flowered"	"Harmogia densifolia"
3	"Inflorescences 3-7 flowered"	4
4	"Most inflorescences 7-flowered"	"Sannantha collina"
4	"Most inflorescences 3 –flowered"	5
5	"Leaves obovate; flower stipes 1.2-2.5 mm long"	"Sannantha brachypoda"
5	"Leaves elliptical to linear; flower stipes 2.5-4.5 mm long"	6
6	"Leaves plano-convex to concavo-convex, 0.5-1.0 mm wide"	"Sannantha angusta"
6	"Leaves flat, 1.1-2 mm wide"	7
7	"Leaves 4.5-7 mm long; bracts 1.2-2 mm long"	"Sannantha bidwillii"
7	"Leaves 9-17 mm long; bracts up to 1.3 mm long"	"Sannantha similis"
