from	statement	to
1	"Stems more-or-less terete, terminal branchlets 0.4-0.6 mm diameter; reduced cauline leaves usually present; sepals obtuse"	"Macarthuria neocambrica"
1	"Stems flattened, terminal branchlets 0.7-3 mm wide x 0.3 mm thick; reduced cauline leaves absent; sepals acute to acuminate"	2
2	"Terminal branchlets 1.5-3 mm wide; inflorescences axillary, almost sessile; seed surface completely smooth"	"Macarthuria complanata"
2	"Terminal branchlets 0.7-0.9 mm wide; inflorescences terminal or axillary, conspicuously pedicellate; seed surface colliculate"	"Macarthuria ephedroides"
