from	statement	to
1	"Stems glabrous or with a few scattered hairs; bracts surrounding compound heads numerous, conspicuous on immature and mature heads"	"Calocephalus glabratus"
1	"Stems moderately to densely hairy; bracts surrounding compound heads absent, or present only on immature heads"	2
2	"Leaves decurrent, stems winged"	"Calocephalus sonderi"
2	"Leaves not decurrent, stems not winged"	3
3	"Leaves opposite"	"Calocephalus citreus"
3	"Leaves alternate"	4
4	"Leaves 1.5-4 mm wide, with few to many stalked glandular hairs; heads orange to brown"	"Calocephalus knappii"
4	"Leaves 0.4-1.5 mm wide, glandular hairs absent, although sessile glands sometimes present; heads yellow"	5
5	"Leafless stalk of compound inflorescence 5-13 cm long; leaves 0.4-0.7 mm wide at midpoint, densely to very densely hairy"	"Calocephalus birchii"
5	"Leafless stalk of compound inflorescence 0.5-2 cm long; leaves (0.5-) 0.7-1.5 mm wide at midpoint, glabrous or sparsely hairy"	"Calocephalus platycephalus"
