from	statement	to
1	"Leaves with 3-6(-7) leaflets; inflorescence rachis glabrous, some peduncles in whorls; a vine"	"Heptapleurum ellipticum"
1	"Leaves with 7-15 leaflets; inflorescence rachis stellate-hairy, all peduncles separated; shrubs or trees"	2
2	"Flowers and fruits sessile; petals red; fruits with 10-12 ribs when dry"	"Heptapleurum actinophyllum"
2	"Flowers and fruits pedicellate (pedicels 3-8 mm long); petals white; fruits with 4-7 ribs when dry"	3
3	"Leaflets 7-10 x 2-4.5 cm, glabrous; fruits 6-7 ribbed when dry"	"Heptapleurum arboricola"
3	"Leaflets 20-30 x 6.5-13 cm, with sparse small stellate hairs on midrib (lower surface); fruits 4-5 ribbed when dry"	"Heptapleurum bractescens"
