from	statement	to
1	"Corolla lobes spreading from base, straight or evenly recurved with hairs present or absent at base of corolla lobes"	2
1	"Corolla lobes geniculate with a line of hairs at knee only"	14
2	"Throat of corolla tube densely bearded or with a distinct line of hairs at base of corolla lobes"	3
2	"Throat of corolla tube glabrous or tube internally hairy without distinct line of hairs at throat"	5
3	"Seeds cerebriform, obconic or truncate obconoidal, never scutelliform; hilum near centre of ventral surface"	"Oldenlandia corymbosa"
3	"Seeds scutelliform; hilum on longitudinal ridge on ventral surface"	4
4	"Flowers on +/- equal, slender pedicels; capsule subglobose, ovoid-globose or depressed obovoid, slightly furrowed at dissepiment; beak rounded or truncate; ovules more than 10 per locule"	"Paranotis mitrasacmoides"
4	"Flowers on unequal, stout pedicels; capsule depressed obovoid, deeply furrowed along dissepiment; beak emarginate; ovules 2 to 6 per locule"	"Paranotis pterospora"
5	"Flowers in lax terminal cymes"	6
5	"Flowers axillary, either solitary or in subsessile or pedicellate fascicles"	9
6	"Capsules greater than twice as long as wide; corolla lobes spathulate, 6-8 mm long"	"Dolichocarpa spathulata"
6	"Capsules less than twice as long as wide; corolla lobes linear or elliptic, 1-4 mm long"	7
7	"Decumbent herbs; branchlets rooting at nodes"	"Scleromitrion subulatum"
7	"Erect or ascending herbs; branchlets not rooting at nodes"	8
8	"Capsules globose, 2.5-3 mm long x 2.5-3 mm wide"	"Scleromitrion laceyi"
8	"Capsules obloid-subglobose, 3.5-5 mm long x 3-4 mm wide"	"Kohautia australiensis"
9	"Flowers solitary in leaf axils or if more than one, with rudiments of a branchlet between them; leaf apex acute, never with mucro"	10
9	"Flowers in subsessile axillary or terminal fascicles or if solitary then leaf apex mucronate"	12
10	"Capsule ovoid-globose, 1.5-3.0 x 1.0-3.0 mm, slightly compressed; beak narrow; calyx lobes 1.0-1.5 mm long; corolla tubular to narrow infundibular, with tube 0.5-1.5 mm long"	"Scleromitrion galioides"
10	"Capsule subglobose, 2.5-3.5 mm diameter; beak broad, calyx lobes 2-3 mm long; corolla infundibular to campanulate with tube 1.5-3.5 mm long"	11
11	"Pedicels slender, 6-25 mm long, papillose"	"Scleromitrion subulatum"
11	"Pedicels stout, 2-10 mm long, glabrous"	"Scleromitrion tenuifolium"
12	"Procumbent annual; stems sparingly branched; pedicels to 1 mm long"	"Oldenlandia tenelliflora var. papuana"
12	"Low spreading herbaceous perennial; stems much branched, becoming woody with age; pedicels 1-6 mm long"	13
13	"Leaves 7-40 x 2-6 mm; pedicels 3-6 mm long; calyx lobes 2-8 mm long"	"Scleromitrion polycladum"
13	"Leaves 3-7 x 1-2 mm; pedicels 1-3 mm long; calyx lobes 0.1-1 mm long"	"Scleromitrion gibsonii"
14	"Capsule subglobose or turbinate-obovoid, not markedly longer than broad"	"Leptopetalum biflorum"
14	"Capsule obloid or obloid-ellipsoidal, markedly longer than broad"	15
15	"Seeds depressed obconic, shallowly obtriangular in outline; hilum near centre of ventral surface"	"Dolichocarpa argillacea"
15	"Seeds somewhat scutelliform, broadly elliptic in outline; hilum on longitudinal ridge on ventral surface"	"Dolichocarpa coerulescens"
