from	statement	to
1	"Leaflets glaucous below, entire, 5–10 cm long, 1.5–3.5 cm wide"	"Synima reynoldsiae"
1	"Leaflets concolorous or paler below, but not glaucous, serrate to crenate-serrulate or entire"	2
2	"Leaflets chartaceous, serrate or serrulate; capsules 2-valved"	3
2	"Leaflets coriaceous, entire or crenate-serrulate in upper half of some leaflets; capsules 3-valved"	4
3	"Leaflets 3–6 pairs, regularly serrate, 2–7 cm long, 1–2.5 cm wide; Atherton Tableland"	"Synima serrata"
3	"Leaflets 2 or 3 pairs, irregularly remotely serrate or serrulate, 4–12 cm long, 1.5–4.2 cm wide; Eungella, west of Mackay"	"Synima heterophylla"
4	"Inflorescences panicle-like; branchlets 3–5 mm diameter; leaflets entire or crenate-serrulate, 4.5–14 cm long, 2–5 cm wide; aril bilobed, covering a third to all of seed"	"Synima cordierorum"
4	"Inflorescences spike-like; branchlets 5–10 mm diameter; leaflets entire, 4.5–20 cm long, 2–8 cm wide; aril small and at base of seed"	"Synima macrophylla"
