from	statement	to
1	"Anthers unequal, one much larger than the others, its filament bearing a lateral appendage; stigma finely hairy"	"Monochoria vaginalis"
1	"Anthers equal, the filaments without appendages; stigma papillate"	2
2	"Cauline leaf with cylindrical portion of petiole usually two-fifths to 5 times as long as sheath; anthers usually shorter than filaments, average length < 3 mm"	"Monochoria cyanea"
2	"Cauline leaf with cylindrical portion of petiole usually less than one-fifth as long as sheath; anthers usually as long as or longer than filaments, average length > 3 mm"	"Monochoria australasica"
