from	statement	to
1	"Widest leaves more than 1.5 mm wide, flat or margins recurved"	2
1	"Widest leaves less than 1.5 mm wide, margins revolute"	7
2	"Leaves elliptical, 2.5-6 times longer than wide"	"Cassinia subtropica"
2	"Leaves narrow-lanceolate to linear, 7-30 times longer than wide"	3
3	"Leaves distinctly trinerved on lower surface"	"Cassinia trinerva"
3	"Midrib sometimes visible on lower leaf surface, but no other veins"	4
4	"Flowers bright yellow"	5
4	"Flowers white or creamy"	6
5	"Larger leaves 1.5-4 mm wide"	"Cassinia straminea"
5	"Larger leaves 4-12 mm wide"	"Cassinia compacta"
6	"Inflorescences conical or pyramidal, usually longer than wide; involucral bracts brown, translucent; branchlets with a dense indumentum of spreading hairs, sometimes glandular"	"Cassinia collina"
6	"Inflorescences corymbose, wider than long; involucral bracts white, opaque; branchlets with a dense indumentum of white matted cottony hairs"	"Cassinia cinerea"
7	"Longest leaves 10-20 mm long"	8
7	"Longest leaves 22-50 mm long"	9
8	"Leaf upper surface with stiff erect hairs, midrib on lower surface densely hairy"	"Cassinia lepschii"
8	"Leaf upper surface glabrous, midrib on lower surface +/- glabrous"	"Cassinia wyberbensis"
9	"Branchlets glabrous or with dense spreading (often gland-tipped) straight hairs 0.05-0.2 mm long and sparse subsessile globular hairs"	10
9	"Branchlets with a dense indumentum of white matted cottony hairs"	11
10	"Inflorescences corymbose; involucral bracts white, opaque; capitula crowded together"	"Cassinia copensis"
10	"Inflorescences conical; involucral bracts brown, translucent; capitula widely spaced"	"Cassinia quinquefaria"
11	"Inflorescences conical; intact involucres about half white and opaque, and about half translucent"	"Cassinia laevis"
11	"Inflorescences corymbose; intact involucres predominantly white and opaque (except at base)"	"Cassinia cinerea"
