from	statement	to
1	"Leaves distichous or 2-ranked"	"Ardisia bakeri"
1	"Leaves spirally arranged, not distichous or 2-ranked"	2
2	"Margins of lamina crenate with glands or nodules in the sinuses"	"Ardisia crenata"
2	"Margins of lamina usually entire, glands or nodules absent"	3
3	"Corolla lobes shorter than corolla-tube"	"Ardisia fasciculata"
3	"Corolla lobes longer than the corolla-tube"	4
4	"Mature fruits purplish-red to black; leaf-blade glands mostly globular and obscure on dried leaf surface; naturalized"	"Ardisia elliptica"
4	"Mature fruits red, pink or white; leaf-blade glands lineate and globular and obvious as black lines on dried leaf surface; native"	5
5	"Lineate leaf glands (black on dried material) 0.2-6 mm long; leaf margins recurved; pedicels 10–23 mm long"	"Ardisia pachyrrhachis"
5	"Lineate leaf glands (black on dried material) 0.2-1.6 mm long; leaf margins flat or occasionally slightly recurved; pedicels 5–12 mm long"	6
6	"Inflorescences with usually 12–25 flowers; flowers 3–4 mm long"	"Ardisia brevipedata"
6	"Inflorescences with usually 5–8 flowers; flowers 2–2.5 (-3) mm long"	"Ardisia hylandii"
