from	statement	to
1	"Leaves 2.5-10 cm wide; woody shrubs or trees; fruits berry-like, indehiscent"	Fagraea
1	"Leaves 0.4-1.5 cm wide; herbaceous plants; fruits capsular, dehiscent"	2
2	"Corolla yellow"	Sebaea
2	"Corolla pink"	3
3	"Calyx tube much longer than lobes; flowers consistently 4-merous"	Canscora
3	"Calyx tube much shorter than lobes; flowers usually 5-merous, rarely 4-merous"	4
4	"Style splitting below stigma surface i.e. stigmas 2; inflorescence more or less corymbose"	Centaurium
4	"Style not splitting below stigma surface i.e. stigma 1; inflorescence more or less spicate"	Schenkia
