from	statement	to
1	"Leaves simple"	2
1	"Leaves compound"	11
2	"Domatia present"	3
2	"Domatia absent"	4
3	"Leaves rusty pubescent below; leaf margins with serrations; domatia in basal, lateral and secondary veins; flowers in compact umbels"	"Cissus antarctica"
3	"Leaves glabrescent or occasional hair below; leaf margins usually entire at maturity; domatia in the basal veins and sometimes lower lateral veins; flowers in open umbels"	"Cissus oblonga"
4	"Leaves glabrous; fresh stems rounded in cross-section, mucilage copious"	5
4	"Leaves pubescent at least when young; fresh stems angular in cross-section, mucilage sparse"	6
5	"Seeds < 6 mm wide; leaf-blade length: breadth ratio 1.1–1.7, bases truncate; plants evergreen"	"Cissus repens"
5	"Seeds > 6 mm wide; leaf-blade length: breadth ratio 0.7–1.3, bases truncate to reniform; plants dry-season deciduous"	"Cissus reniformis"
6	"Leaf length: breadth ratio 0.7–1.3, underside of young leaves green, hairs pale to dark rusty-coloured; leaf-bases often reniform or deeply cordate"	7
6	"Leaf length: breadth ratio 1.1–1.7, underside of young leaves reddish, hairs inconspicuous; leaf-bases cordate to truncate"	10
7	"Multicellular, uniseriate hairs present on the lower leaf surface, mostly confined to the veins, very small 2-armed hairs also present"	"Cissus adnata"
7	"Unicellular 2-armed hairs present on lower leaf surface, multiseriate and uniseriate hairs if present, rare"	8
8	"Tendrils with 4 or 5 branches"	"Cissus pentaclada"
8	"Tendrils with 1–3, usually 2, branches"	9
9	"Summit of ovary glabrous or papillose; stipules usually glabrous"	"Cissus cardiophylla"
9	"Summit of ovary glabrous; stipules pubescent"	"Cissus aristata"
10	"Stems winged, square in cross-section, glaucous; tendrils unbranched"	"Cissus hastata"
10	"Stems angular in cross-section at least when dry, green; tendrils bifid"	"Cissus vinosa"
11	"Domatia present"	"Cissus sterculiifolia"
11	"Domatia absent"	12
12	"Leaves penninerved, green; petiolules absent or up to 2 mm long"	"Cissus penninervis"
12	"Leaves not penninerved, often glaucous on lower leaf surface; petiolules 8–22 mm long"	"Cissus hypoglauca"
