from	statement	to
1	"Stems and leaves glabrous throughout"	2
1	"Stems and leaves very sparsely to very densely hairy"	3
2	"Shrub 1.5-5 m high; calyx smooth, glabrous"	"Nicotiana glauca"
2	"Short-lived herb to 1 m high; calyx ribbed, hairy"	"Nicotiana ingulba"
3	"Flowers solitary along leafy stems; basal rosette of leaves absent"	"Nicotiana scopulorum"
3	"Flowers few to many in leafless inflorescences; basal rosette present"	4
4	"Cauline leaves sessile, with an auriculate base"	5
4	"Cauline leaves petiolate or sessile, but not auriculate at base"	9
5	"Ellipsoid-headed glandular hairs absent from calyx and pedicel"	6
5	"Ellipsoid-headed glandular hairs present on calyx and pedicel"	7
6	"Corolla tube 13-20 mm long; calyx (tube + lobes) 6-10 mm long"	"Nicotiana amplexicaulis"
6	"Corolla tube 40-70 mm long; calyx (tube + lobes) 11-17 mm long"	"Nicotiana latifolia"
7	"Corolla pink, tube 35-45 mm long; capsules 16-20 mm long"	"Nicotiana tabacum"
7	"Corolla white or creamy, tube 14-22 mm long; capsules 6-12 mm long"	8
8	"Larger leaves 10-15 mm wide; calyx tube strongly ribbed"	"Nicotiana obliqua"
8	"Larger leaves (20-)40-100(-130) mm wide; calyx tube faintly ribbed or unribbed"	"Nicotiana forsteri"
9	"Leaves glabrous or glabrescent"	10
9	"Leaves moderately to densely hairy"	11
10	"Corolla tube 16-18 mm long"	"Nicotiana wuttkei"
10	"Corolla tube 25-30 mm long"	"Nicotiana suaveolens"
11	"Corolla tube 20-25(-30) mm long, 2-4 mm wide above the calyx; corolla limb with dark longitudinal lines, limb indumentum longer and denser than on corolla tube"	"Nicotiana velutina"
11	"Corolla tube 25-80 mm long, 1-2 mm wide above the calyx; corolla limb without dark longitudinal lines, limb indumentum same as that on corolla tube"	12
12	"Corolla tube 25-40 mm long, slightly swollen near the top"	"Nicotiana simulans"
12	"Corolla tube 40-80 mm long, not swollen near the top"	"Nicotiana megalosiphon"
