from	statement	to
1	"Leaves linear, more than 6 times longer than wide"	2
1	"Leaves oblanceolate to orbicular, less than 6 times longer than wide"	3
2	"Leaves in clusters at each node, ovary 2–3-locular"	"Baeckea frutescens"
2	"Leaves solitary at each node, ovary always 2-locular"	"Baeckea linifolia"
3	"Leaves 1–1.5 times longer than wide (orbicular to broadly ovate)"	"Baeckea imbricata"
3	"Leaves 1.5–6 times longer than wide (oblanceolate to elliptical)"	4
4	"Leaf margins denticulate throughout"	"Baeckea diosmifolia"
4	"Leaf margins entire, or denticulate near apex"	5
5	"Leaves 1.8–3.3 mm long; hypanthium 1.2–2 mm long; ovules 11–12"	"Baeckea omissa"
5	"Leaves 3.3–4.5 mm long; hypanthium 2–2.5 mm long; ovules 14–15"	"Baeckea trapeza"
