from	statement	to
1	"Leaves broad, 1.8-2.5 times longer than wide, well developed leaves 15-30 mm wide"	"Newcastelia spodiotricha"
1	"Leaves 3-5 times longer than wide, well developed leaves 3-8 mm wide"	2
2	"Inflorescences globose to ovoid or ellipsoid, 1-2 times longer than wide"	3
2	"Inflorescences forming a spike, much longer than wide"	4
3	"Inflorescence solitary at the end of each branch; upper leaf surface with single class of indumentum (very dense, uniform height)"	"Newcastelia cephalantha"
3	"Inflorescences comprising one to several heads, well separated on a rachis; upper leaf surface with two classes of indumentum (very dense lower layer, with sparse emergent hairs)"	"Dicrastylis lewellinii"
4	"Style deeply divided into 2; petals obtuse, densely hairy outside"	"Dicrastylis costelloi"
4	"Style entire; petals attenuate, glabrous outside"	5
5	"Leaf indumentum 0.05-0.2 mm high; flowers clusters well separated on spike, except near apex; rachis diameter at base of spike 0.7-1.2 mm"	"Newcastelia interrupta"
5	"Leaf indumentum 0.5-0.6 mm high; flower clusters contiguous except near base of spike; rachis diameter at base of spike 1.2-2.2 mm"	"Newcastelia velutina"
