from	statement	to
1	"Leaves appearing as 3-foliolate or clustered in threes"	Micrantheum
1	"Leaves simple, not appearing 3-foliolate or clustered in threes"	2
2	"Leaves linear, oblong-linear to lanceolate 3–12 mm long, 0.4–1.8 mm wide"	Pseudanthus
2	"Leaves ovate to lanceolate, 15–180 mm long, 15–65 mm wide"	3
3	"Leaves opposite or in whorls of 3"	4
3	"Leaves alternate"	8
4	"Stipules conspicuous, 9–35 mm long, 1–4.4 mm wide; female flowers with 3 sepals (Sankowskya stipularis)"	Sankowskya
4	"Stipules < 8 mm long or absent"	5
5	"Stipules absent"	6
5	"Stipules present"	7
6	"Stamens 50–55, inserted on glabrous receptacle; floral glandular disk present; female and male flowers on same plant; seeds enclosed in white or cream aril; Wet Tropics, NE Qld (Whyanbeelia terrae-reginae)"	Whyanbeelia
6	"Stamens 8–27, inserted on pubescent receptacle; floral disk absent or cupular, not glandular; female and male flowers on separate plants; seeds partly enclosed in red or yellow aril; Wet Tropics & SE Qld"	Austrobuxus
7	"Stamens 15–20; styles shortly connate; female and male flowers on separate plants; seeds laterally compressed, caruncle present; E Qld"	Dissiliaria
7	"Stamens 4–6; styles widely divaricate; female and male flowers on same plant; seeds ovoid, caruncle absent; N Qld (Torres Strait to Hinchinbrook Is)"	Choriceras
8	"Stamens 18–85; filaments connate at base; anthers with pilose connective; male and female flowers on separate plants; capsules with bright orange ± fleshy exocarp"	Petalostigma
8	"Stamens 5 or 6; filaments free; anthers without pilose connective; male and female flowers on same plant; capsules dry, exocarp not fleshy"	Neoroepera
