from	statement	to
1	"Leaves dissected; flowers in capituloid umbels; bracts > 19 mm long; gynophores present; columns present; petals filamentous"	2
1	"Leaves entire, toothed or dissected; flowers in capitula or capituloid umbels; bracts < 10 mm long; gynophores absent; columns absent; petals, when present, spathulate"	3
2	"Leaf segments long-linear; column 2.4–3 mm long"	"Actinotus periculosus"
2	"Leaf segments broadly linear; column less than 1 mm long"	"Actinotus helianthi"
3	"Fruit winged, fringed with short trichomes; stamens 3; involucral bracts basally connate"	"Actinotus paddisonii"
3	"Fruit not winged, fringed with long trichomes; stamens 5; involucral bracts free"	"Actinotus gibbonsii"
