from	statement	to
1	"Leaves well-developed"	2
1	"Leaves vestigial"	6
2	"Plant generally erect, not twining"	"Cynanchum floribundum"
2	"Plants twining"	3
3	"Gynostegial corona with 5 separate staminal lobes present"	"Cynanchum leptolepis"
3	"Gynostegial corona of highly fused staminal and interstaminal parts"	4
4	"Colleters 6–11 at base of lamina"	"Cynanchum pedunculatum"
4	"Colleters 2 at base of lamina"	5
5	"Sepals ±triangular to lanceolate-ovate, c. 1 mm long; lamina with 6 secondary veins on each side of midrib"	"Cynanchum floribundum"
5	"Sepals ovate, c. 1.5 mm long; lamina with 10–13 secondary veins on each side of midrib"	"Cynanchum ovalifolium"
6	"Pedicels 1.4–3 mm long; corolla lobe l:w ratio 1.3–2; brachysclereids absent in cortical tissue"	"Cynanchum brevipedicellatum"
6	"Pedicels 4–10 mm long; corolla lobe l:w ratio 1.7–2.8; brachysclereids present in cortical tissue"	"Cynanchum viminale"
