from	statement	to
1	"Fruit cluster or head 30-60 mm long"	2
1	"Fruit cluster or head 120-300 mm long"	3
2	"Fruit segment diameter 2-4 mm; leaf midrib on underside spiny from near base to mid-section"	"Freycinetia excelsa"
2	"Fruit segment diameter 3-7 mm; leaf midrib on underside not spiny or spiny from mid-section to apex only"	"Freycinetia scandens"
3	"Leaves 70-160 x 4-15 cm; midrib spiny towards apex only"	"Freycinetia marginata"
3	"Leaves 38-80 x 1.4-3.5 cm; midrib spiny throughout"	"Freycinetia percostata"
