from	statement	to
1	"Fruits erect; pedicels at least closely appressed to stem"	"Sisymbrium officinale"
1	"Fruits spreading from spreading pedicels"	2
2	"Flowers large, the petals more than 6 mm long"	3
2	"Flowers small, the petals less than 6 mm long"	4
3	"Inflorescence bracteate; pedicels to 30 mm long"	"Sisymbrium thellungii"
3	"Inflorescence ebracteate; pedicels to 10 mm long"	"Sisymbrium orientale"
4	"Siliqua curved, spreading; pedicels slender, 6–10 mm long; petals more than 2.5 mm long"	"Sisymbrium irio"
4	"Siliqua straight, horizontal; pedicels thick, 2–3 mm long; petals less than 2.5 mm long"	"Sisymbrium erysimoides"
