from	statement	to
1	"Shrubs; leaf blades broadly ovate to suborbicular, 17–37 cm long, 15-40 cm wide"	2
1	"Vines or herbs creeping along the ground; leaf blades ovate, broadly ovate to narrowly elliptic, 2.5–27 cm long, 1.2–20 cm wide"	3
2	"Flowering and fruiting spikes umbellate, up to 15 arranged on an axillary peduncle, 7–12 cm long; leaf blades densely punctate with red or brown glands; leaf apices mucronate or obtuse; shrubs 1–2 m"	"Piper umbellatum"
2	"Flowering and fruiting spikes solitary, 12–25 cm long; leaf blades not punctate with red or brown glands; leaf apices shortly acuminate or acute; shrubs 2–6 m"	"Piper auritum"
3	"Herbs to 10 m or more long, creeping along the ground; leaf blades finely powdery puberulent below"	"Piper sarmentosum"
3	"Vines; leaf blades not powdery puberulent below"	4
4	"Inflorescences erect; fruiting spikes with numerous seeds enclosed within fleshy compound fruits"	5
4	"Inflorescences pendulous; fruiting spikes with fruits closely packed or free, arranged along fertile axes"	6
5	"Fruits oblong-ovoid, 0.5–2 cm long, 0.5–1.4 cm diameter; stigmas sessile"	"Piper fungiforme"
5	"Fruits cylindrical, 2–6 cm long, 1–1.7 cm diameter; stigmas on styles c. 2 mm long"	"Piper mestonii"
6	"Fruits subsessile or sessile"	7
6	"Fruits pedicellate"	8
7	"Fruits sessile, oblong-ovoid, closely packed, obscuring the fertile axis, red; fruiting spikes 6–10 mm diameter"	"Piper macropiper"
7	"Fruits subsessile or sessile, ovoid to spherical, arranged at intervals along the fertile axis, green to black; fruiting spikes 2–4 mm diameter"	"Piper interruptum"
8	"Fertile fruiting axes 1.2–18 cm long; bract margins entire, glabrous; fruits 0.6–1.2 cm long, orange or red-brown; pedicels flattened at base"	"Piper caninum"
8	"Fertile fruiting axes 0.5–7 cm long; bract margins minutely ciliate; fruits 0.8–2.5 cm long, red; pedicels terete throughout"	9
9	"Fruits forming obloid to shortly cylindrical clusters on a rachis 0.5–2.1 cm long"	"Piper hederaceum var. hederaceum"
9	"Fruits forming cylindrical clusters on a rachis 2.3–7 cm long"	"Piper hederaceum var. longiorispicum"
