from	statement	to
1	"Flowering specimens"	2
1	"Fruiting specimens"	4
2	"Sepals connate for at least half of their length (Proboscidea louisianica)"	Proboscidea
2	"Sepals free to base, unequal in size"	3
3	"Corolla tube and lobes bright yellow; fertile stamens 4 (Ibicella lutea)"	Ibicella
3	"Corolla tube white, lobes pink to maroon with some yellow; fertile stamens 2 (Martynia annua)"	Martynia
4	"Fruit with a small recurved hook at the apex, much shorter than body of fruit (Martynia annua)"	Martynia
4	"Fruit with a prominent terminal ‘claw’, as long as, or longer than the body of the fruit"	5
5	"Body of mature fruit with numerous short spines (Ibicella lutea)"	Ibicella
5	"Body of mature fruit smooth or rough, but without spines (Proboscidea louisianica)"	Proboscidea
