from	statement	to
1	"Leaf base cordate; primary peduncle inserted 3-12 mm above leaf axil"	"Callicarpa rubella"
1	"Leaf base attenuate, cuneate or obtuse; primary peduncle arising from leaf axil"	2
2	"Flowers white; fruits white"	"Callicarpa longifolia"
2	"Flowers pink to purple; fruits purple to almost black"	3
3	"Leaf base attenuate; upper leaf surface glabrous or with stellate hairs only"	4
3	"Leaf base cuneate to obtuse; upper leaf surface with a mixture of simple hairs and dendritic hairs"	5
4	"Style c. 1 mm long, hidden by calyx and corolla; primary peduncle 6-16 mm long"	"Callicarpa brevistyla"
4	"Style 5-6 mm long, extending well beyond calyx and corolla; primary peduncle 2-7 mm long"	"Callicarpa candicans"
5	"Leaf base cuneate"	"Callicarpa thozetii"
5	"Leaf base obtuse to rounded"	"Callicarpa pedunculata"
