from	statement	to
1	"Leaves obovate, 2–3 times longer than wide"	2
1	"Leaves linear to narrowly lanceolate, 5–12 times longer than wide"	3
2	"Leaves lemon-scented; seeds 0.9–1.1 mm long"	"Ochrosperma citriodorum"
2	"Leaves not lemon-scented; seeds c. 1.5 mm long"	"Ochrosperma obovatum"
3	"Stamens 6–8 per flower; fruits 3.3–4.0 mm wide; leaves markedly 4-ranked"	"Ochrosperma adpressum"
3	"Stamens 5 per flower; fruits 1.5–2.7 mm wide; leaves not markedly 4-ranked"	"Ochrosperma lineare"
