from	statement	to
1	"Pods 3–5.5 cm wide, with two wings along the margin; flowers greenish or pinkish-white; leaflets with lateral veins curving and becoming indistinct or joining near (but not at) the margin"	"Mucuna gigantea"
1	"Pods 1–1.5 cm wide, wings absent; flowers purple or rarely white; leaflets with lateral veins clearly running into margin"	2
2	"Pods with long appressed pale silky non-irritant hairs, the pod surface often swollen over the seeds; seeds 11–17 x 11–16 mm; calyx c. 15 mm long; bracteoles c. 2.8 mm long"	"Mucuna pruriens var. utilis"
2	"Pods with orange or brown spreading very-irritant hairs, the pod surface not or slightly swollen over seeds; seeds 8–13 x 6–11 mm; calyx 9.5–14 mm long; bracteoles 4.8–5 mm long (cultivated in Queensland)"	"Mucuna pruriens var. pruriens"
