from	statement	to
1	"Most spines on stem segments 20–40 mm long; spine sheaths loosely fitting"	2
1	"Most spines on stem segments < 20 mm long or with 1 or 2 spines to 30 mm long; spine sheaths tightly fitting"	3
2	"Spines on stem segments 7–14, white to cream (occasionally light brown at stem apex when developing); spine sheaths white (fresh), ageing pale yellow when dry; inner tepals thulian pink"	"Cylindropuntia pallida"
2	"Spines on stem segments 4–10, reddish brown, brown to pale yellowish brown, apex pale yellow; spine sheaths pale yellowish to tan or white; inner tepals yellow to yellowish green"	"Cylindropuntia tunicata"
3	"Plants with predominantly distorted stem segments, with a mixture of normal cylindrical segments, and cylindrical segments that are distally clavate and often developing a hollow apex, or segments growing laterally, irregularly compressed, often undulate, and cristate, the surface with minute white papillae; tubercles mamillate"	"Cylindropuntia fulgida"
3	"Plants with cylindrical stem segments only, the surface without papillae; tubercles elongate"	4
4	"Stem segments 15–40 cm long; tubercles on stem segments 30–50 mm long, 8–15 mm wide, projecting 8–14 mm"	"Cylindropuntia imbricata"
4	"Stem segments 4–16 (–24) cm long; tubercles on stem segments 8–20 mm long, 2.5–6 mm wide, projecting 2–5 mm"	5
5	"Spines white to light grey; fruit yellow to orange when mature"	"Cylindropuntia spinosior"
5	"Spines light brown to dark brown; fruit green when mature"	"Cylindropuntia prolifera"
