from	statement	to
1	"Trees; flowers unisexual"	"Phytolacca dioica"
1	"Herbs or shrubs to 3 m; flowers bisexual"	2
2	"Inflorescence compact, a spike or spikelike, to 14 cm long; pedicels absent or to 2 mm long, 2–3 mm long in fruit"	"Phytolacca octandra"
2	"Inflorescence an open raceme 6–70 cm long; pedicels 3–13 mm long"	3
3	"Stamens 10–17 in 2 whorls; ovary with 10–17 connate carpels; inflorescences 10–70 cm long; berries 5–6 mm diameter"	"Phytolacca rivinoides"
3	"Stamens (9–) 10 (–12) in one whorl; ovary with 6–12 connate carpels; inflorescences 6–30 cm long; berries 6–11 mm diameter"	"Phytolacca americana"
