from	statement	to
1	"Stellate hairs on leaves, dendritic hairs on branchlets"	"Premna tomentosa"
1	"Leaves and branchlets glabrous or with simple hairs"	2
2	"Leaves elliptical, 2-4 times longer than wide; inflorescence branches with sessile glands and simple hairs; outside of corolla glabrous"	"Premna dallachyana"
2	"Leaves broadest at or towards the base, 1-2.5 times longer than wide; inflorescence branches with simple hairs but lacking sessile glands; outside of corolla hairy"	3
3	"Leaves deltate to rhomboidal, petioles 50-100% of lamina length; inflorescence large, lax; flowers orange to maroon"	"Premna acuminata"
3	"Leaves ovate to broadly ovate; petioles 15-50% of lamina length; inflorescence rather compact; flowers pink, white or greenish-white"	4
4	"Vines (young plants may be scrambling shrubs)"	"Premna limbata"
4	"Erect shrubs or small trees"	5
5	"Undersides of fully developed leaves glabrous or with hairs only along major veins"	"Premna serratifolia"
5	"Undersides of fully developed leaves with abundant short erect hairs throughout"	"Premna odorata"
