from	statement	to
1	"Peduncle naked, lacking scale leaves; heads 5–7 mm long; cauline leaves mostly less than 4 mm wide"	2
1	"Peduncle with scale leaves present towards the apex; heads 8–30 mm long; cauline leaves usually more than 4 mm wide"	3
2	"Outer florets mostly white; involucral bracts with laminas not discrete from claws; plants 10–60 cm tall (Warrego and Gregory South districts – far southwest)"	"Siemssenia capillaris"
2	"All florets yellow; inner involucral bracts with laminas distinct from their claws; plants to 22 cm tall (Darling Downs district only)"	"Panaetia muelleri"
3	"Intermediate involucral bracts with laminas not discrete from their claws (gradually tapered to base)"	4
3	"Intermediate involucral bracts with laminas abruptly narrowed into distinct claws"	5
4	"Heads 5–7 mm diameter, rays c. 3 mm long"	"Podolepis arachnoidea"
4	"Heads 10–20 mm diameter, rays 8–20 mm long"	"Podolepis neglecta"
5	"Laminas of involucral bracts distinctly transversely wrinkled"	6
5	"Laminas of involucral bracts smooth"	7
6	"Apex of intermediate involucral bracts acuminate to aristate"	"Podolepis aristata subsp. auriculata"
6	"Apex of intermediate involucral bracts obtuse to acute"	"Podolepis aristata subsp. affinis"
7	"Intermediate involucral bracts with laminas much shorter than their claws"	8
7	"Intermediate involucral bracts with laminas equal to or longer than their claws"	9
8	"Lamina of involucral bracts triangular, acute"	"Podolepis longipedata"
8	"Lamina of involucral bracts ovate, obtuse"	"Podolepis hieracioides"
9	"Apex of intermediate involucral bracts acute to aristate"	"Podolepis jaceoides"
9	"Apex of intermediate involucral bracts obtuse"	10
10	"Basal leaves mostly 20–65 mm wide; scapes and lower surface of leaves densely white woolly hairy"	"Podolepis monticola"
10	"Basal leaves less than 20 mm wide; scapes and lower surface of leaves variously cobwebby to glabrous"	11
11	"Heads 15–20 mm diameter, in terminal clusters; lamina of intermediate involucral bracts shorter than their claws"	"Podolepis hieracioides"
11	"Heads 20–40 mm diameter, usually solitary or rarely a few in loose cymes; lamina of intermediate involucral bracts similar in length or slightly longer than their claws"	"Podolepis decipiens"
