from	statement	to
1	"Petal-like staminodes absent"	2
1	"Petal-like staminodes present"	6
2	"Fruit indehiscent"	Tetragonia
2	"Fruit dehiscent"	3
3	"Fruit opening by slits or valves"	Gunniopsis
3	"Fruit a circumsciss capsule"	4
4	"Bracts absent"	Sesuvium
4	"Bracts associated with flowers"	5
5	"Ovary 1-locular"	Trianthema
5	"Ovary 2-locular"	Zaleya
6	"Placentation axile"	Aptenia
6	"Placentation parietal or basal"	7
7	"Fruit a capsule"	Disphyma
7	"Fruit fleshy, indehiscent"	8
8	"Styles 7-16"	Carpobrotus
8	"Styles 4 or 5"	Sarcozona
