from	statement	to
1	"Coastal trees (but not mangroves) with neither conspicuous buttresses nor pneumatophores; leaflets in 2–4 pairs, ovate to cordate, sometimes subfalcate; fruit 6–8 cm diameter"	"Xylocarpus rumphii"
1	"Mangrove trees with either conspicuous buttresses or pneumatophores; leaflets in usually 1–3 pairs, obovate to elliptic or lanceolate, with apex acute or rounded to obtuse; fruit 6–25 cm diameter"	2
2	"Leaflets elliptic-oblong or lanceolate to oblanceolate, acute to obtuse; thyrses usually 3–10 cm long, usually with distinct main axis; fruit 6–11 cm diameter; buttresses not ribbon-like; pneumatophores erect, pointed"	"Xylocarpus moluccensis"
2	"Leaflets obovate or elliptic, in mature plants obtuse to emarginate, coriaceous; thyrses (1–) 3–6 cm long, often without distinct main axis; fruit 12–25 cm diameter; buttresses flattened, ribbon-like, spreading across mud; pneumatophores absent"	"Xylocarpus granatum"
