from	statement	to
1	"Elongate or distinctly raised neuter organs throughout and diminishing distally along interstice"	2
1	"Elongate or distinctly raised neuter organs confined to base of interstice (occasionally some papillae near male zone)"	4
2	"Lower neuter organs spathulate and purple-tipped; lower spathe keeled and appendix deeply channelled"	"Typhonium flagelliforme"
2	"Characters not combined as above"	3
3	"Appendix shortly stipitate, truncate at base"	"Typhonium wilbertii"
3	"Appendix sessile, not truncate at base"	"Typhonium weipanum"
4	"Leaves with posterior lobes clearly less than ½ length of anterior"	"Typhonium alismifolium"
4	"Leaves with posterior lobes at least ½ length of anterior"	5
5	"Stem a regularly to irregularly subglobose corm"	"Typhonium angustilobum"
5	"Stem a proliferating rhizomatous corm"	6
6	"Leaves distinctly hastate, deciduous; appendix smooth and conic to tapering; spathe shortly acuminate (for less than ½ limb length)"	"Typhonium brownii"
6	"Leaves sagittate, evergreen; appendix rough and filiform; spathe long-acuminate (for more than ½ limb length)"	"Typhonium blumei"
