from	statement	to
1	"Petals 3–4 cm long; calyx (including receptacle) 2.3–3 cm long"	"Lysiphyllum hookeri"
1	"Petals 1–2 cm long; calyx (including receptacle) 0.8–2 cm long"	2
2	"Calyx 15–20 mm long; receptacle cylindrical; tendrils present"	"Lysiphyllum binatum"
2	"Calyx 8–14 mm long; receptacle turbinate or campanulate; tendrils absent"	3
3	"Calyx creamy white, obscurely ribbed; leaves commonly clustered on short, lateral shoots"	"Lysiphyllum gilvum"
3	"Calyx rusty, prominently ribbed"	4
4	"Leaflets almost angular below middle on outer margin"	"Lysiphyllum carronii"
4	"Leaflets rounded"	"Lysiphyllum cunninghamii"
