from	statement	to
1	"Lower leaf surface smooth; stamens 8-13"	2
1	"Lower leaf surface minutely pusticulate; stamens 14-32"	3
2	"Petals 4 or 5, 1-seriate; leaves with 2 subepidermal layers on upper surface"	"Bubbia queenslandiana subsp. queenslandiana"
2	"Petals 7 or 8, 2-seriate; leaves with 1 subepidermal layers on upper surface"	"Bubbia queenslandiana subsp. australis"
3	"Leaves 11-36 cm long, midrib sunken above. NE Qld: Proserpine to Cape York"	"Bubbia semecarpoides"
3	"Leaves 4-12 cm long, midrib flush above. Thornton Peak"	"Bubbia whiteana"
