from	statement	to
1	"Indumentum comprising stellate hairs consisting of rays of two lengths, one whorl around the base of each cluster being noticeably shorter than the central more erect rays"	"Aglaia ferruginea"
1	"Indumentum of stellate hairs or peltate scales; if stellate hairs they consist of rays all of a similar length"	2
2	"Leaflets with secondary veins reaching and curving at the margins and not forming loops (camptodromous) or may form complete loops at the margin but only towards apex"	3
2	"Leaflets with secondary veins looping well within the margins (brochidodromous)"	6
3	"Leaves with 11–21 leaflets"	"Aglaia spectabilis"
3	"Leaves with 3–9 leaflets"	4
4	"Leaflets with numerous stellate hairs or scales dividing into rays near the central attachment"	"Aglaia brownii"
4	"Leaflets with fimbriate or stellate scales that have a broad centre with short rays up to half the radius of the scale"	5
5	"Calyx lobes scarcely 5-lobed"	"Aglaia euryanthera"
5	"Calyx lobes deeply divided into 5 or 6 lobes"	"Aglaia sapindina"
6	"Leaflets adaxially with white indumentum which may be sparsely interspersed with rusty scales"	7
6	"Leaflets adaxially with silvery, rusty, brown or purplish indumentum"	8
7	"Leaves with 9–19 leaflets; lateral leaflets with cordate or cuneate bases; secondary veins comprising 11–25 pairs"	"Aglaia argentea"
7	"Leaves with 1–7 leaflets; lateral leaflets with attenuate or cuneate bases; secondary veins comprising 5–10 pairs"	"Aglaia eleagnoidea"
8	"Lateral leaflet bases extremely asymmetrical"	"Aglaia silvestris"
8	"Lateral leaflet bases symmetrical or occasionally indistinctly asymmetrical"	9
9	"Leaves with usually 3 (rarely 4) leaflets; petiolules with distinct pulvinus at base which is much thicker than the petiolule; occurs in the Wet Tropics bioregion"	"Aglaia monticola"
9	"Leaves with 5–13 (rarely 3 or 4) leaflets; petiolules without a distinct pulvinus"	10
10	"Leaves with up to 7 leaflets; occurs E of McIlwraith Range in Cape York Peninsula bioregion"	"Aglaia cooperae"
10	"Leaves with 9–13 leaflets; occurs S of Cooktown in Wet Tropics bioregion"	11
11	"Leaflets with 6–14 pairs of lateral veins; petiole + rachis with moderate to sparse indumentum of minute, dark purplish fimbriate scales"	"Aglaia australiensis"
11	"Leaflets with 11–25 pairs of lateral veins; petiole + rachis with dense rusty stellate hairs or scales"	"Aglaia meridionalis"
