from	statement	to
1	"Stipules absent"	2
1	"Stipules present, persistent, white or translucent"	9
2	"Inflorescence a solitary head with 2-8 flowers enclosed or surrounded by several bracts 10-15 mm long"	Petrorhagia
2	"Inflorescence not forming a solitary head, bracts inconspicuous or absent"	3
3	"Calyx fused for most of its length, cylindrical or ellipsoidal"	4
3	"Calyx comprising 4 or 5 free spreading sepals"	6
4	"Leaves glabrous; calyx glabrous, 1-1.5 mm long; petals absent (Scleranthus biflorus)"	Scleranthus
4	"Leaves hairy; calyx glandular-hairy, 4-10 mm long; petals present"	5
5	"Calyx 10-ribbed, 6-10 mm long; leaves 3-15 mm wide (Silene gallica)"	Silene
5	"Calyx 5-ribbed, 4-5 mm long; leaves < 1 mm wide (Gypsophila australis)"	Gypsophila
6	"Capsules with 8-10 teeth (and valves)"	Cerastium
6	"Capsules with 4-6 teeth (and valves)"	7
7	"Capsule with 4 or 5 valves (and teeth)"	Sagina
7	"Capsule with 6 valves (and teeth)"	8
8	"Calyx and pedicels glandular-hairy; petals entire (Arenaria leptoclados)"	Arenaria
8	"Calyx and pedicels glabrous or with eglandular hairs; petals deeply bilobed or absent"	Stellaria
9	"Leaves linear, 8-30 times longer than broad"	10
9	"Leaves oblanceolate to orbicular, 1-5 times longer than broad"	12
10	"Sepals white, pink or red; plants lacking glandular hairs; petals inconspicuous, shorter than sepals"	Polycarpaea
10	"Sepals green, sometimes with scarious margins; plants almost always with glandular hairs on calyx or pedicels; petals conspicuous, as long as or longer than sepals"	11
11	"Styles 5; capsule 5-valved (Spergula arvensis)"	Spergula
11	"Styles 3; capsule 3-valved"	Spergularia
12	"Stipules deeply divided into 3-5 narrow segments, white; leaves orbicular to reniform; pedicels densely glandular (Drymaria cordata)"	Drymaria
12	"Stipules entire, translucent; leaves oblanceolate to obovate; pedicels glabrous or absent"	13
13	"Flowers in axillary clusters; sepals with a prominent awn; fruits indehiscent (Paronychia brasiliana)"	Paronychia
13	"Flowers in terminal cymes or panicles; sepals without an awn; fruits dehiscent (Polycarpon tetraphyllum)"	Polycarpon
