from	statement	to
1	"Leaf blades terete"	2
1	"Leaf blades flat"	4
2	"Inflorescence and corolla glabrous; western Qld on Acacia, Senna"	"Amyema preissii"
2	"Inflorescence and corolla tomentose; hosts Casuarinaceae"	3
3	"Hairs on corolla more or less appressed, < 0.3 mm long, grey; corolla 10-17 mm long, 0.5-1 mm diameter; fruit pink, glabrous or almost so; central & eastern Qld on Casuarina cristata, C. cunninghamiana, C. glauca, Allocasuarina torulosa, A. luehmannii"	"Amyema cambagei"
3	"Hairs on corolla erect, tortuous, 0.5-1 mm long, white or pale brown; corolla 18-29 mm long, 1.4-2 mm diameter; fruit white, tomentose; eastern Qld on Allocasuarina luehmannii, A. torulosa, Casuarina cristata"	"Amyema linophylla subsp. orientalis"
4	"Inflorescence an umbel of 2 or more dyads, triads or tetrads"	5
4	"Inflorescence a pedunculate simple 2-6-flowered umbel"	25
5	"Flowers in dyads"	6
5	"Flowers in triads or tetrads"	7
6	"Corolla rusty or white tomentose, red; bracts enlarged under fruits; fruit globular; widespread on eucalypts and Angophora"	"Amyema bifurcata"
6	"Corolla glabrous, pale green outside, red or maroon inside; bracts not enlarging under fruit; fruit ellipsoidal; eastern Qld on eucalypts"	"Amyema biniflora"
7	"Leaf blades < 7 mm wide"	8
7	"Leaf blades > 7 mm wide"	9
8	"Corolla < 15 mm long; Darling Downs on Melaleuca decora, M. lanceolata"	"Amyema gaudichaudii"
8	"Corolla > 15 mm long; northern Qld usually on Melaleuca foliolosa"	"Amyema herbertiana"
9	"Rays of the umbel 2"	10
9	"Rays of the umbel 3 or more"	16
10	"Corolla in mature bud tomentose"	11
10	"Corolla in mature bud glabrous or with a few scattered hairs"	14
11	"Ovary abruptly widened and then contracted just below the calyx"	12
11	"Ovary not abruptly widened and then contracted just below the calyx"	13
12	"Leaf blades lanceolate to elliptic, usually falcate, < 20 mm wide"	"Amyema quandang var. quandang"
12	"Leaf blades broadly lanceolate to ovate, not falcate, > 20 mm wide"	"Amyema quandang var. bancroftii"
13	"Corolla densely tomentose; ovary and fruit uniformly tomentose; northern Qld on variety of hosts"	"Amyema villiflora subsp. villiflora"
13	"Corolla sprinkled hairs; ovary and fruit more densely tomentose in lower half; northern Qld on variety of hosts"	"Amyema villiflora subsp. tomentilla"
14	"Ovary white or pale brown tomentose below the middle, glabrous above; northern & central Qld on variety of hosts"	"Amyema conspicua subsp. conspicua"
14	"Ovary glabrous or with a uniform sparse pubescent"	15
15	"Corolla in mature bud ridged or winged longitudinally; leaf blades attenuate at base into a petiole 2-10 mm long; west of Dividing Range on variety of hosts including Acacia, Eremophila, Geijera and Santalum"	"Amyema miraculosa subsp. boormanii"
15	"Corolla in mature bud terete; leaf blades cordate or rounded at base, sessile or with short petiole to 1.5 mm long; north-east Qld on rainforest trees"	"Amyema glabra"
16	"All flowers of triads pedicellate; widespread on eucalypts, Angophora and Acacia"	"Amyema miquelii"
16	"Central flower of triad or tetrad sessile"	17
17	"Corolla in mature bud tomentose or pubescent"	18
17	"Corolla in mature bud glabrous or with a few scattered hairs"	19
18	"Triads with all flowers sessile, rays of umbel 5-8; Cape York on rainforest trees or on Decaisnina"	"Amyema friesiana"
18	"Lateral flowers of triad or tetrad pedicellate; rays of umbel 3-5; eastern Qld on eucalypts or acacias"	"Amyema pendula subsp. longifolia"
19	"Flowers all sessile; ovary white tomentose below the middle, glabrous above; southern Qld (S of Clermont) on Flindersia"	"Amyema lucasii"
19	"Lateral flowers pedicellate; ovary glabrous or evenly pubescent"	20
20	"Rays of umbel 5 or more; flowers yellow; north-eastern Qld on rainforest trees"	"Amyema queenslandica"
20	"Rays of umbel 4 or 3; flowers red or green"	21
21	"Corolla in mature bud longitudinally ridged in upper half; west of Dividing Range on a variety of genera including Acacia, Eremophila, Geijera and Santalum"	"Amyema miraculosa subsp. boormanii"
21	"Corolla in mature bud terete or angular"	22
22	"Calyx glabrous or with a few hairs; coastal eastern Qld on mangroves"	"Amyema mackayensis"
22	"Calyx tomentose; on rainforest trees, Acacia or Geijera"	23
23	"Leaf blades with distinct venation; rays of umbel divergent; Cape York on variety of hosts"	"Amyema congener subsp. divergens"
23	"Leaf blades with obscure venation; rays of umbel not divergent"	24
24	"Leaf blades attenuate into the petiole, lanceolate to oblanceolate; eastern Qld on variety of hosts"	"Amyema congener subsp. congener"
24	"Leaf blades rounded or contracted at the base into the petiole, ovate to ovate-lanceolate; central & eastern Qld on variety of hosts"	"Amyema congener subsp. rotundifolia"
25	"Leaves whorled; north-eastern Qld on rainforest trees"	"Amyema quaternifolia"
25	"Leaves opposite"	26
26	"Umbels 3-6-flowered"	27
26	"Umbels 2-flowered; on rainforest trees"	29
27	"Inflorescence and flowers glabrous; flowers pedicellate, 6-merous; central & northern Qld on eucalypts & Melaleuca"	"Amyema sanguinea"
27	"Inflorescence and flowers white or grey tomentose; flowers sessile, 5-merous"	28
28	"Leaf blades glabrescent, oblanceolate to oblong, 3-6 cm long, 0.5-1 cm wide; petioles 1-5 mm long; southern Qld, west of the Divide (S of Mt Coolon) on Acacia harpophylla, A. melvillei and A. cambagei"	"Amyema maidenii subsp. angustifolia"
28	"Leaf blades tomentose, elliptic to ovate, 3-4 cm long, 1-1.8 cm wide; petioles 5-10 mm long; central and south-western Qld on Acacia aneura, A. adsurgens, A. brachystachya, A. cyperophylla, A. excelsa, A. stowardii, A. ammophila"	"Amyema maidenii subsp. maidenii"
29	"Leaf blades penninerved with obtuse or rounded apices; peduncles > 1 mm diameter; flowers 6-merous; north-eastern Qld"	"Amyema whitei"
29	"Leaf blades curvinerved with acute or acuminate apices; peduncles < 1 mm diameter; flowers 5-merous; Cape York"	"Amyema seemeniana subsp. flexuosa"
