from	statement	to
1	"Corolla lobes spreading from base, straight or evenly recurved, glabrous, spathulate, 6–8 mm long; capsules 5–10 mm long"	"Dolichocarpa spathulata"
1	"Corolla lobes geniculate with a line of hairs at knee only, linear or linear-oblong, 2–4.5 mm long; capsules 2.5–5.0 mm long"	2
2	"Stems terete or obtusely 4-angled; corolla lobes linear 2.5–3.5 mm long; seeds depressed obconic, shallowly obtriangular in outline; hilum near centre of ventral surface"	"Dolichocarpa argillacea"
2	"Stems tetragonous, terete at base; corolla lobes linear-oblong, 2–4.5 mm long; seeds scutelliform, broadly elliptic in outline; hilum on longitudinal ridge on ventral side"	"Dolichocarpa coerulescens"
