from	statement	to
1	"Pedicels 7–32 mm long; sub-medial bract 1.2–3 mm long; seed testa rugose"	2
1	"Pedicels 30–50 mm long; sub-medial bract 0.5–1 mm long; seed testa scrobiculate"	3
2	"Flowers numerous in cauline or ramal fascicles, sometimes 1–few in axils; pedicels 15–32 mm long; glands on inner petals prominently raised, discrete"	"Pseuduvaria froggattii"
2	"Flowers ramal and axillary, solitary or up to 4 per fascicle; pedicels 7–11 mm long; glands on inner petals slightly raised, contiguous"	"Pseuduvaria hylandii"
3	"Sepals ovate or triangular, 2.5–4 mm long; outer petals broadly ovate, acute or acuminate, 10–15 mm long, 8–10 mm wide; leaf-blade undersurface villous"	"Pseuduvaria villosa"
3	"Sepals broadly ovate to depressed-ovate, 1.5–2.2 mm long; outer petals obovate, suborbicular or depressed-obovate, obtuse or very shortly acuminate, 6–8 mm long and wide; leaf-blade undersurface sparsely puberulous or glabrescent"	4
4	"Branchlets and petioles villous; leaf-blades sparsely puberulous on both surfaces and densely pubescent along veins on lower surface"	"Pseuduvaria mulgraveana var. mulgraveana"
4	"Branchlets and petioles sparsely puberulous; leaf-blades glabrescent"	"Pseuduvaria mulgraveana var. glabrescens"
