from	statement	to
1	"Inflorescences borne strictly in leaf axils"	2
1	"Inflorescence wholly or predominantly terminal (basal branch of inflorescence may be in uppermost 1–2 leaf axils)"	9
2	"New vegetative growth creamy-white"	3
2	"New vegetative growth brown or rusty-coloured"	6
3	"Biramous hairs on upper leaf surface with arms obliquely ascending (Y-shaped); branchlets and lower leaf surface with spreading hairs"	"Argophyllum loxotrichum"
3	"Biramous hairs on upper leaf surface with arms ± parallel to surface (T-shaped); branchlets and lower leaf surface with ± appressed hairs"	4
4	"Lamina marginal teeth 1.7–3.2 mm long"	"Argophyllum palumense"
4	"Lamina marginal teeth absent or up to 0.7 mm long"	5
5	"Leaves 2.8–4.5 times longer than wide; marginal teeth 30–45 on each side"	"Argophyllum iridescens"
5	"Leaves 1.8–2.4 times longer than wide; marginal teeth 19–25 on each side or teeth absent"	"Argophyllum verae"
6	"Upper surface of fully expanded leaves glabrous, although hairs are present on young leaves"	7
6	"Upper surface of fully expanded leaves with persistent hairs"	8
7	"Leaf teeth prominent, unequal, longer ones 1–4.5 mm long; ovary 2 or 3-locular"	"Argophyllum heterodontum"
7	"Leaf teeth small, inconspicuous, ± equal, 0.3–1 mm long; ovary 2-locular"	"Argophyllum curtum"
8	"Tertiary veins on lower leaf surface brown; longest hairs on upper leaf surface 0.5–0.7 mm long; seeds 0.5–0.6 mm long"	"Argophyllum ferrugineum"
8	"Tertiary veins creamy white on fully expanded leaves; longest hairs on upper leaf surface 0.8–1 mm long; seeds 0.4–0.5 mm long"	"Argophyllum lejourdanii"
9	"Leaves (2.6–) 3–4.6 times longer than wide; petioles 7–14 mm long; petals and corolla appendages yellow; hairs on upper leaf surface 0.2–0.3 mm long"	"Argophyllum nullumense"
9	"Leaves 1.3–2.9 times longer than wide; petioles 13–38 mm long; petals and corolla appendages white; hairs on upper leaf surface 0.3–0.7 mm long"	10
10	"Branching of inflorescence mostly dichotomous, branches spreading at 60–90 degrees from adjacent branch; petioles and young branchlets white; hairs on upper leaf surface 0.5–0.7 mm long; leaf teeth (sometimes reduced to marginal glands) 11–29 pairs"	"Argophyllum jagonis"
10	"Branching of inflorescence mostly monochasial, branches spreading at 30–60 degrees from adjacent branch; petioles and young branchlets usually brown or rusty-coloured; hairs on upper leaf surface 0.3–0.5 mm long; leaf teeth (sometimes reduced to marginal glands) 7–14 pairs"	"Argophyllum cryptophlebum"
