from	statement	to
1	"Pappus bristles free or lightly adhering at base via lateral hairs, the bristles coming away singly or in partial clusters that are loosely adhering at base; involucres variously arranged"	2
1	"Pappus bristles completely fused together at base, the whole pappus coming away in one piece, not breaking apart; involucres arranged in spikes or panicles (Gamochaeta)"	8
2	"Involucres in loose semi-globose or elongated clusters, with or without subtending leaves; pappus bristles falling away individually"	3
2	"Involucres in dense globose terminal clusters, these subtended by several leaf-like bracts (sometimes secondary heads present below terminal cluster); pappus bristles loosely adhering at base by means of lateral hairs (Euchiton + Gnaphalium diamantinense)"	5
3	"Involucres hemispherical (as wide as long), pale yellow; outer involucral bracts translucent and broadly rounded"	"Pseudognaphalium luteoalbum"
3	"Involucres longer than wide, brownish; outer involucral bracts ovate to oblong to oblanceolate, acute to obtuse (Gnaphalium)"	4
4	"Inflorescence a dense globose terminal cluster; involucres almost completely obscured by wool"	"Gnaphalium diamantinense"
4	"Inflorescence an elongated leafy cluster; involucres not or somewhat obscured by wool"	"Gnaphalium polycaulon"
5	"Involucres almost completely obscured by wool; leaves often embedded in the cluster as well as subtending it"	"Gnaphalium diamantinense"
5	"Involucres not obscured by wool; leaves subtending the cluster, not embedded"	6
6	"Annuals, not stoloniferous; involucres c. 1 mm wide and with usually only one bisexual floret (rarely two present)"	"Euchiton sphaericus"
6	"Perennial, stoloniferous; involucres more than 1 mm wide and with 2 or more bisexual florets present"	7
7	"Basal leaves often withered or dead, shorter than cauline leaves (which can be up to 20 cm long)"	"Euchiton involucratus"
7	"Basal leaves green and persistent, longer than the cauline leaves"	"Euchiton japonicus"
8	"Lower leaves usually linear to oblanceolate; both leaf surfaces similar in colour (concolorous), grey-green and densely woolly"	9
8	"Lower leaves often spathulate, appearing much darker than lower surface (discolorous); upper surface of leaves hairy to sub-glabrous"	10
9	"Involucres 2.5–3 mm long, often purplish, the base obscured by woolly hairs; involucral bracts in 3–4 (-5) series; outer involucral bracts ovate-lanceolate, ½ to 2/3 the length of the inner bracts, apices narrowly to broadly acute"	"Gamochaeta antillana"
9	"Involucres 3–4 mm long, never purplish, the base not or slightly obscured by hairs; involucral bracts in 5-7 series; outer involucral bracts ovate-triangular, 1/3 to ½ the length of the inner bracts, apices acute to acuminate, base not or slightly obscured by hairs"	"Gamochaeta calviceps"
10	"Bracts subtending the inflorescences oblanceolate to spathulate; the bases of the involucres obscured by loose woolly hairs"	"Gamochaeta pensylvanica"
10	"Bracts subtending the inflorescences linear to oblanceolate; the bases of involucres not or very slightly obscured (peduncles with a fine mat of felted hairs)"	11
11	"Outer involucral bracts lightly woolly at base, acute to acuminate at apex, mostly ½ to 2/3 as long as the inner; inner involucral bracts triangular-lanceolate, acute to acuminate and often slightly keeled at apex; upper surface of leaves with fine appressed mat of hyaline microscopic hairs"	"Gamochaeta purpurea"
11	"Outer involucral bracts completely glabrous, rounded to broadly acute, mostly ¼ to ½ as long as the inner bracts; inner bracts obtuse to broadly acute, often apiculate, distinctly brownish; upper surface of leaves glabrous or sometimes young leaves hairy"	12
12	"Involucres 2–3 mm long; outer involucral bracts obtuse, often purplish; bisexual florets 2 or 3, purple tipped; basal leaves persistent and slightly succulent"	"Gamochaeta coarctata"
12	"Involucres 3–4.5 mm long; outer involucral bracts broadly acute to obtuse, usually pale brown (not purple tipped); bisexual florets 3–6, yellow tipped; basal leaves withering"	"Gamochaeta americana"
