from	statement	to
1	"Sepals three"	2
1	"Sepals five"	5
2	"Scapes hairy; hairs nowhere restricted to a single line"	3
2	"Scapes glabrous or glabrescent"	4
3	"Scapes mostly prostrate; hairs on scapes retrorse, coarse"	"Velleia spathulata"
3	"Scapes mostly ascending; hairs on scapes not retrorse, soft"	"Velleia pubescens"
4	"Adaxial sepal cordate at base"	"Velleia lyrata"
4	"Adaxial sepal not cordate at base"	"Velleia macrocalyx"
5	"Bracteoles connate into a funnel or disc"	"Velleia connata"
5	"Bracteoles free or nearly so"	6
6	"Indusium length less than or equal to indusium breadth; scapes glabrous or nearly so"	"Velleia glabrata"
6	"Indusium length greater than breadth; scapes pubescent"	"Velleia paradoxa"
