from	statement	to
1	"Corolla red or deep pink"	2
1	"Corolla white, mauve, purple or blue"	4
2	"Calyx 5-9 mm long at anthesis"	"Salvia coccinea"
2	"Calyx 10-20 mm long at anthesis"	3
3	"Calyx 5-ribbed; flowers 2-6 at each verticil"	"Salvia splendens"
3	"Calyx 13-17 ribbed; flowers 8-10 at each verticil"	"Salvia involucrata"
4	"Calyx 2-4.5 mm long at anthesis"	5
4	"Calyx 4.5-6 mm long at anthesis"	6
5	"Corolla 7-9 mm long; flowers 2-4 per verticil; leaves broadly-ovate"	"Salvia misella"
5	"Corolla 4-5 mm long; flowers 4-6 per verticil; leaves lanceolate to narrowly-ovate"	"Salvia plebeia"
6	"Corolla purple or blue; flowers 4-6 per verticil; leaves deeply lobed"	"Salvia verbenaca"
6	"Corolla white or mauve; flowers 2 per verticil; leaves with a few shallow serrations"	"Salvia reflexa"
