from	statement	to
1	"Largest leaves less than 11 mm long"	2
1	"Largest leaves more than 11 mm long"	12
2	"Flowers partly obscured by densely clustered leaves; calyx and/or pedicel hidden"	3
2	"Flowers unobscured by leaves; calyx and pedicel visible"	6
3	"Leaves with a mixture of long (0.5-1 mm) hairs and short (0.15-0.3 mm) hairs, leaf surface readily visible; pit of mericarp with a food body"	"Heliotropium styotrichum"
3	"Leaf hairs all about the same length, leaf surface +/- obscured by hairs; pit of mericarp without a food body"	4
4	"Mericarp pit orbicular to suborbicular; leaf hairs very slender"	"Heliotropium filaginoides"
4	"Mericarp pit elliptical; leaf hairs coarse"	5
5	"Inner surface of corolla with hairs in the throat and on the lobes"	"Heliotropium ballii"
5	"Inner surface of corolla glabrous or with hairs on the lobes only"	"Heliotropium aequoreum"
6	"Leaf margins recurved to revolute"	7
6	"Leaves flat or slightly recurved"	8
7	"Corolla 3-4 mm long; mericarps densely hairy"	"Heliotropium fasciculatum"
7	"Corolla 4.5-5.5 mm long; mericarps moderately hairy"	"Heliotropium tabuliplagae"
8	"Largest leaves more than 3 mm wide"	9
8	"Largest leaves less than 3 mm wide"	10
9	"Mericarps 1.8-2.1 mm long, glabrous; calyx lobes 2.5-3 mm long"	"Heliotropium delestangii"
9	"Mericarps 1.0-1.3 mm long, with sparse appressed hairs; calyx lobes 3-5 mm long"	"Heliotropium foliatum"
10	"Mericarps 0.9-1.2 mm long, apex rounded"	"Heliotropium rhadinostachya"
10	"Mericarps 0.6-0.8 mm long, apex acute"	11
11	"Corolla 2.5-3 mm long, inner surface glabrous in the throat"	"Heliotropium microspermum"
11	"Corolla 3.8 mm long, inner surface with hairs in the throat"	"Heliotropium tytoides"
12	"Largest leaves more than 3 mm wide"	13
12	"Largest leaves less than 3 mm wide"	26
13	"Cymes bracteate i.e. with a bract or leaf near the base of each flower; cymes not curling at the apex"	14
13	"Cymes without any bracts along the rachis, usually curling at the apex"	18
14	"Hairs on leaves extremely dense, obscuring surfaces"	"Heliotropium flintii"
14	"Hairs on leaves sparse to moderately dense, surfaces easily visible"	15
15	"Leaf hairs spreading"	16
15	"Leaf hairs appressed"	17
16	"Erect shrub; hairs on branchlets straight, 0.15-0.3 mm long"	"Heliotropium delestangii"
16	"Prostrate shrub; hairs on branchlets flexuose, 0.4-0.6 mm long"	"Heliotropium foliatum"
17	"Mericarps 1.5-2 mm long; erect shrub"	"Heliotropium geocharis"
17	"Mericarps 0.7-1.3 mm long; prostrate or procumbent shrubs"	"Heliotropium prostratum"
18	"Branchlets and leaves glabrous"	"Heliotropium curassavicum"
18	"Branchlets or leaves sparsely to densely hairy"	19
19	"Fruiting calyx adhering to and enclosing mericarps"	"Heliotropium supinum"
19	"Fruiting calyx spreading, mericarps exposed"	20
20	"Inflorescences with 2-10 branches"	21
20	"Inflorescences unbranched or 1-branched"	23
21	"Leaves sessile; glandular hairs present on branchlets (mixed with non-glandular hairs)"	"Heliotropium amplexicaule"
21	"Leaves petiolate; glandular hairs absent from branchlets"	22
22	"Leaves with very sparse hairs, mainly along veins; vine; flowers and fruits sessile"	"Heliotropium sarmentosum"
22	"Leaves with moderately dense hairs, distributed evenly throughout; shrub; flowers and fruits with pedicel 1-2 mm long"	"Heliotropium muelleri"
23	"Leaf hairs all about the same length"	24
23	"Leaves with some long hairs (0.7-1.2 mm) and many short hairs (0.2-0.4 mm)"	25
24	"Leaves and stems grey to silvery; mericarps densely hairy throughout"	"Heliotropium ovalifolium"
24	"Leaves and stems green; mericarps glabrous or with sparse tiny hairs"	"Heliotropium europaeum"
25	"Leaf margins crenulate; corolla white; mericarp surface rugose"	"Heliotropium ammophilum"
25	"Leaf margins entire; corolla mauve; mericarp surface smooth"	"Heliotropium indicum"
26	"Hairs on leaves and branchlets widely spreading, or hairs +/- absent"	27
26	"All or nearly all hairs on leaves and branchlets appressed"	35
27	"Branchlets and leaves glabrous or with a few scattered hairs"	28
27	"Branchlets and leaves sparsely to densely hairy"	29
28	"Cymes without any bracts along the rachis, curling at the apex"	"Heliotropium curassavicum"
28	"Cymes with a bract (or leaf) adjacent to each flower, not curling at the apex"	"Heliotropium glabellum"
29	"Leaf margins revolute"	"Heliotropium lapidicola"
29	"Leaf margins flat or recurved"	30
30	"Corolla 5.3-7.3 mm long"	31
30	"Corolla 3-5 mm long"	32
31	"Calyx 4-4.5 mm long"	"Heliotropium ramulipatens"
31	"Calyx 2.8-3.5 mm long"	"Heliotropium peninsulare"
32	"Hairs on branchlets comprising two ‘classes’"	33
32	"Hairs on branchlets comprising one ‘class’"	34
33	"Mericarps ‘elliptic to suboblong’, 1.2-1.3 times longer than wide"	"Heliotropium brachygyne"
33	"Mericarps ‘ovate to suboblong to narrowly suboblong’, 1.4-1.7 times longer than wide"	"Heliotropium collinum"
34	"Calyx 2.5-3.3 mm long; mericarps 1-1.2 mm long"	"Heliotropium pauciflorum"
34	"Calyx 2.8-4.0 mm long; mericarps 0.8-1.1 mm long"	"Heliotropium vagum"
35	"Calyx 3.0-5.0 mm long"	36
35	"Calyx 1.5-3.0 mm long"	41
36	"Mericarp hairs ascending to erect"	37
36	"Mericarp hairs appressed to weakly ascending"	38
37	"Hairs on the outer surface of the calyx lobes generally longer on the margins than on the surface"	"Heliotropium conocarpum"
37	"Hairs on the outer surface of the calyx lobes the same length on the margins as on the surface"	"Heliotropium chalcedonium"
38	"Mericarp hairs very dense, 0.15-0.3 mm long"	39
38	"Mericarp hairs well-spaced, 0.03-0.1 mm long"	40
39	"Some calyx hairs exceeding 1.0 mm in length"	"Heliotropium plumosum"
39	"Calyx hairs 0.15-0.4 mm long"	"Heliotropium geocharis"
40	"Calyx lobes with coarse indumentum"	"Heliotropium melanopedii"
40	"Calyx lobes with fine indumentum"	"Heliotropium haesum"
41	"Calyx with fine hairs"	42
41	"Calyx with coarse hairs"	44
42	"Flower pedicels 0-0.5 mm long"	"Heliotropium frohlichii"
42	"Flower pedicels 0.5-1.5 mm long"	43
43	"Corolla 2.4-6.7 mm long"	"Heliotropium leptaleum"
43	"Corolla 7-10.5 mm long"	"Heliotropium tenuifolium"
44	"Mericarps with papillate hairs"	"Heliotropium consimile"
44	"Mericarps with non-papillate hairs"	45
45	"Mericarp hairs spreading"	"Heliotropium paniculatum"
45	"Mericarp hairs +/- appressed"	46
46	"Hairs on calyx-margin longer than hairs on calyx-surface"	"Heliotropium tanythrix"
46	"Hairs on calyx-margin same length as hairs on calyx-surface"	47
47	"Leaves 0.5-1 mm wide; corolla 5-6 mm long"	"Heliotropium cunninghamii"
47	"Leaves 1-3 mm wide; corolla 3-4 mm long"	"Heliotropium moorei"
