from	statement	to
1	"Leaves and branchlets with hispid hairs 0.4-1.2 mm long, usually dense but sometimes sparse; leaves 2-7 times longer than broad"	"Opercularia hispida"
1	"Leaves and branchlets with short hairs 0.05-0.25(-0.4) mm long; leaves 6-19 times longer than broad"	2
2	"Hairs 0.1-0.25(-0.4) mm long; lamina 40-127 mm long; shrub 1-3 mm high; anthers 2.1-2.8 mm long"	"Opercularia aspera"
2	"Hairs less than 0.1 mm long; lamina 18-49 mm long; sub-shrub to 50 cm high; anthers 0.8-1.0 mm long"	"Opercularia diphylla"
