from	statement	to
1	"Leaves pubescent below with appressed hairs; inflorescences with 7-15 flowers"	"Tristaniopsis laurina"
1	"Leaves glabrous below or with a few appressed hairs; inflorescences 3-7 or 24-32-flowered"	2
2	"Inflorescences 3-7-flowered, petals yellow, 2.4-3.2 mm long; stamens 10-18 per fascicle; leaves narrowly oblanceolate, 3-6 cm long. Habitat microphyll moss thicket, shrubland or heathland on slopes, ridges, hillsides. SE Qld (Border Ranges)"	"Tristaniopsis collina"
2	"Inflorescences 24-32-flowered, petals white, 1.4-1.6 mm long; stamens 3-4 (-6) per fascicle; leaves narrowly elliptical, 6-14 cm long. Habitat gallery forests along watercourses. NE Qld (Paluma to Bamaga)"	"Tristaniopsis exiliflora"
