from	statement	to
1	"Widest leaves 0.4-3 mm wide"	2
1	"Widest leaves 3-40 mm wide"	6
2	"Largest leaves 4-8 mm long"	"Persoonia terminalis"
2	"Largest leaves 11-50 mm long"	3
3	"Leaves terete, 0.4-1 mm wide"	4
3	"Leaves flat, 1-3 mm wide"	5
4	"Leaves glabrous, smooth, 11-25 mm long"	"Persoonia tenuifolia"
4	"Leaves with sparse appressed hairs, surface somewhat warty, 20-45 mm long"	"Persoonia subtilis"
5	"Pedicels, tepals and ovary glabrous"	"Persoonia virgata"
5	"Pedicels, tepals and ovary densely hairy"	"Persoonia sericea"
6	"Leaves broad, less than 3.5 times longer than wide"	7
6	"Leaves narrow, more than 3.5 times longer than wide"	9
7	"Plant prostrate; tepal hairs sparse to moderately dense; largest leaves 27-38 mm long"	"Persoonia daphnoides"
7	"Plant erect; tepal hairs dense; largest leaves 44-93 mm long"	8
8	"Occurring east of Great Divide"	"Persoonia stradbrokensis"
8	"Occurring west of Great Divide"	"Persoonia cornifolia"
9	"Leaves more than 110 mm long, 11-40 times longer than wide, slightly to strongly falcate; pedicels 7-19 mm long"	"Persoonia falcata"
9	"Leaves less than 110 mm long, 3.5-11 times longer than wide, +/- straight; pedicels 0.5-7 mm long"	10
10	"Lower leaf surface with many shining circular glands; pedicels 0.5-1.5 mm long; occurs from Tolga to S of Ravenshoe"	"Persoonia tropica"
10	"Lower leaf surface without glands or glands infrequent and obscure; pedicels 1.5-7 mm long; Mackay and southward"	11
11	"Ovary hairy"	12
11	"Ovary glabrous"	13
12	"Ovary with dense white hairs; style hairy in lower half; pedicels 4-6 mm long"	"Persoonia sericea"
12	"Ovary with sparse to moderately dense rusty hairs; style glabrous; pedicels 2-3.5 mm long"	"Persoonia iogyna"
13	"Branchlets glabrous or with white hairs; tepal apices not protruding"	"Persoonia amaliae"
13	"Branchlets with pale brown to rusty hairs; tepal apices protruding"	14
14	"Pedicels 3-8 mm long"	"Persoonia volcanica"
14	"Pedicels 1-4.5 mm long"	15
15	"Leaves rather broad, 3.5-6 times longer than broad"	"Persoonia adenanthera"
15	"Leaves narrower, 5-10 times longer than broad"	"Persoonia media"
