from	statement	to
1	"Involucral bracts variously dissected or pectinate, but not spinose"	"Centaurea jacea"
1	"Involucral bracts with spreading spines"	2
2	"Stems not winged (leaves not decurrent)"	"Centaurea calcitrapa"
2	"Stems winged (leaves decurrent)"	3
3	"Spines of involucral bracts 12–26 mm long, spinules all near base of spine; corolla without glands"	"Centaurea solstitialis"
3	"Spines of involucral bracts 3–13 mm long, 1 pair of spinules c. halfway along spine; corolla glandular"	"Centaurea melitensis"
