from	statement	to
1	"Plants perennial; leaf sheaths without auricles, the margins gradually narrowed apically or forming ligules; tepals and stamens 6; fruits smooth or with rounded ridges or keels"	"Triglochin striata"
1	"Plants annual; leaf sheaths auriculate; tepals and stamens mostly 1–3, sometimes 6; fruits often with obtuse or acute projections or fine spurs, sometimes smooth or narrowly winged"	2
2	"Fruit projections apical, or from narrow lateral wings"	"Triglochin hexagona"
2	"Fruit projections all basal"	3
3	"Fruit body narrowly linear-pyramidal; basal spurs 2 per carpel"	"Triglochin nana"
3	"Fruit body narrowly to broadly ovoid or ellipsoid but a little narrowed above middle; basal spurs 4 per carpel"	"Triglochin isingiana"
