from	statement	to
1	"Leaves paripinnate"	2
1	"Leaves imparipinnate"	3
2	"Leaf domatia present as pubescent pockets or cavities; ovaries (3- or) 4-locular; capsules ovoid, pinkish or red; SE Qld"	"Didymocheton fraserianus"
2	"Leaf domatia absent; ovaries 2- or 3-locular; capsules flattened-globose, white or pale green; NE Qld"	"Didymocheton papuanus"
3	"Leaf domatia absent"	4
3	"Leaf domatia present"	5
4	"Sepals and petals 5; sepals free, 1.8–2 mm long; petals sericeous, 8–14 mm long; leaves with 6–14 pairs of leaflets; capsules densely yellow-brown tomentose, 2.5–3 cm long"	"Didymocheton gaudichaudianus"
4	"Sepals and petals 4; sepals fused, 4-dentate, 2.5–4 mm long; petals ± glabrous, 8–10 mm long; leaves with 3–6 pairs of leaflets; capsules orange-brown, glabrous, 3–5 cm long"	"Didymocheton pettigrewianus"
5	"Flowers 4-merous; capsules glabrous; leaflets 7–14 pairs"	"Didymocheton muelleri"
5	"Flowers 5-merous; capsules densely tomentose; leaflets 4–9 pairs"	6
6	"Leaves with ‘pocket’ domatia; flowers sessile or subsessile; leaflets 5–9 pairs; sepals free; capsules not rostrate"	"Didymocheton rufus"
6	"Leaves with ‘hair tuft’ domatia; flowers pedicellate, pedicels 5–8 mm long; leaflets 4-6 pairs; sepals connate at base and irregularly 5-lobed; capsules often rostrate"	"Didymocheton setosus"
