from	statement	to
1	"Achenes with broad, erose wings"	"Eclipta alatocarpa"
1	"Achenes wingless, with or without thickened cartilaginous margins"	2
2	"Ligules white; ray florets numerous; upper leaves gradually tapered to base; involucral bracts rounded basally, not pouched"	"Eclipta prostrata"
2	"Ligules yellow; ray florets 8-12; upper leaves abruptly contracted basally; involucral bracts pouched basally"	3
3	"Leaves appressed-pilose; hairs soft, fine throughout; ligules c. 1 mm long; hairs on involucral bracts sparse, mainly marginal"	"Eclipta platyglossa subsp. platyglossa"
3	"Leaves semierect-pilose; hairs stiff, with swollen basal cell; ligules c. 2 mm long; hairs on involucral bracts moderately dense, dorsal and marginal"	"Eclipta platyglossa subsp. borealis"
