from	statement	to
1	"Shoot apices with pubescent of brown hairs"	2
1	"Shoot apices with appressed minute scales, glabrescent or glabrous"	4
2	"Shoot apices with pale brown dense uniseriate hairs; pedicels with uniseriate hairs"	"Myrsine howittiana"
2	"Shoot apices with dense rusty brown multicellular uniseriate hairs, mid-dense to sparse below; pedicels glabrous or a few hairs present"	3
3	"Leaf length/width ratio > 6, leaf-blades 3.5–8.2 cm long, 0.3–1.3 cm wide; low spreading shrub 0.5-2 m; open forests"	"Myrsine angusta"
3	"Leaf length/width ratio < 6, leaf-blades 3.7–13.2 cm long, 1–4.5 cm wide; erect shrubs or small trees 2–13 m; rainforests"	"Myrsine variabilis"
4	"Petioles 10–32 mm long; branchlets 5–7 mm diameter; leaf blades 8–22 cm long, 3–9 cm wide"	"Myrsine achradifolia"
4	"Petioles < 10 mm long; branchlets < 5 mm diameter; leaf blades 6–17.5 cm long, 1.7–4.8 cm wide"	5
5	"Lower leaf blade surface glaucous"	"Myrsine serpenticola"
5	"Lower leaf blade surface pale green but no appearing glaucous"	6
6	"Shoot apices with rusty brown uniseriate hairs and scattered red scales"	7
6	"Shoot apices with red or rusty brown scales"	8
7	"Petioles 4–5 mm long; pedicels 1-1.5 mm long with occasional uniseriate hairs; fruits 2.5–3.5 mm long, 2.5–3.5 mm diameter"	"Myrsine rubiginosa"
7	"Petioles 6–10 mm long; pedicels 2.5–4 mm long, pubescent with reddish uniseriate hairs; fruits 4–5 mm long, 5–6 mm diameter"	"Myrsine smithii"
8	"Shoot apices with scattered or sparse red scales"	9
8	"Shoot apices with covering of red or rusty scales"	15
9	"Flowers mostly 4-merous"	10
9	"Flowers mostly 5-merous"	11
10	"Leaf blades with a mixture of red and translucent rounded glands, midrib raised on the upper surface; NE Qld (900-1200 m)"	"Myrsine maculata"
10	"Leaf blades with translucent rounded glands, midrib slightly sunken or level; SE Qld (0-200 m)"	"Myrsine arenaria"
11	"Leaf blades with dense, globular translucent glands"	12
11	"Leaf blades with globular orange to red glands"	13
12	"Flowering branchlets straight; pedicels of male flowers 2–2.5 mm long; corollas 4–4.5 mm long"	"Myrsine ireneae subsp. ireneae"
12	"Flowering branchlets curved; pedicels of male flowers 1–1.5 mm long, corollas 3–3.5 mm long"	"Mysine ireneae subsp. curvata"
13	"Peduncles 2–5 mm long; pedicels 0.3–1 mm long; inflorescences in fascicles of 3–5 flowers"	"Myrsine benthamiana"
13	"Peduncles 1–2 mm long; pedicels 2–5 mm long; inflorescences in fascicles of 2–9 (–21) flowers"	14
14	"Petioles 1–3 mm long; glands in leaf blades unevenly distributed; leaf blades length: width ratio 3.2-3.7:1; fruits black; S of Maryborough"	"Myrsine subsessilis subsp. subsessilis"
14	"Petioles 3–4 mm long; glands in leaf blades ± evenly distributed; leaf blades length: width ratio 2.4–3.0:1; fruits blue to purplish-blue; N of Townsville"	"Myrsine subsessilis subsp. cryptostemon"
15	"Flowers 4-merous"	16
15	"Flowers 5-merous"	17
16	"Leaf blades elliptic to lanceolate; 7–18 cm long; 1.6–7 cm wide; pedicels absent; peduncles 1–2 mm long; Hinchinbrook Is to Cape York Peninsula"	"Myrsine urceolata"
16	"Leaf blades obovate to elliptic, 3–8 cm long; 1.5–3.2 cm wide; pedicels 4–5 mm long; peduncles to 2 mm long; Gladstone to Bowen"	"Myrsine crassifolia"
17	"Leaf apices emarginate, lateral veins 15–18 pairs"	"Myrsine elata"
17	"Leaf apices acute to obtuse, lateral veins 18–23 pairs"	18
18	"Leaf blades with lateral veins obscure below; petioles 3–7 mm long; inflorescences behind the leaves"	"Myrsine porosa"
18	"Leaf blades with lateral veins obvious below; petioles 5–10 mm long; inflorescences amongst and behind the leaves"	"Myrsine oreophila"
