from	statement	to
1	"Leaflets small (4.5-18 x 1.2-5.5 mm), petiolules absent or < 0.3 mm long; 10-50 pairs of leaflets per pinna"	2
1	"Leaflets large (27-55 x 14-30 mm), petiolules 1-2.5 mm long; 3-7 pairs of leaflets per pinna"	4
2	"40-50 pairs of leaflets per pinna; 11-15 pairs of pinnae per leaf"	"Albizia sp. (Windsor Tableland)"
2	"10-14 pairs of leaflets per pinna; 4-6 pairs of pinnae per leaf"	3
3	"Occurring on central coast (Mackay to Shoalwater Bay)"	"Albizia sp. (South Percy Island)"
3	"Occurring on Cape York Peninsula"	"Albizia carrii"
4	"Leaflet apex apiculate (apiculum 0.5-1.5 mm long), leaflets with appressed hairs distributed throughout on both upper and lower surfaces"	"Albizia canescens"
4	"Leaflet apex obtuse or retuse, upper leaflet surface glabrous or with scattered hairs only"	5
5	"Lower surface of leaflets, petiolules and rachilla all glabrous; most flowers pink to purple"	"Albizia retusa"
5	"Lower surface of leaflets, petiolules or rachilla sparsely to densely hairy; all flowers white to pale yellow"	6
6	"Stamens 20-30 mm long; pedicels 2.5-5 mm long; pods 31-44 mm wide"	"Albizia lebbeck"
6	"Stamens 5-10 mm long; pedicels absent; pods 19-25 mm wide"	"Albizia procera"
