from	statement	to
1	"Tall shrub or small tree to 15 m; leaf blades 7.5–15 cm long, 5.5–11 cm wide, with stellate hairs, usually pubescent below; inflorescence an open corymb or panicle, 5–12 cm long"	"Melochia umbellata"
1	"Shrubs or herbs, 0.1–2 m; leaf blades 0.3–9 cm long, 0.3–6 cm wide, with sparse simple hairs; inflorescence a compact umbel-like cyme, 1–3 cm long"	2
2	"Fruits pyramidal, 5-winged, 7–14 mm diameter; calyx lobes longer than calyx tube; naturalised"	"Melochia pyramidata"
2	"Fruits sub-globose, shallowly 5-lobed, not winged, 2.5–6 mm diameter; calyx lobes shorter than calyx tube; native"	"Melochia corchorifolia"
