from	statement	to
1	"Leaf-blades appressed pilose along midveins below; basilaminar glands marginal, 1.5–5 mm from leaf base; disk of male flowers villous inside; endocarps bluntly 4- or 5-ridged at sutures"	"Fontainea picrosperma"
1	"Leaf-blades glabrous; basilaminar glands intramarginal to submarginal, 2–22 mm from leaf base; disk of male flowers glabrous; endocarps (2-) 3 (-4)-ridged or angled"	2
2	"Leaf-blade basilaminar glands marginal, at junction of petiole and leaf-blade; ovaries glabrous; endocarps with scattered vascular foramina and basal as well and subapical foramina"	"Fontainea venosa"
2	"Leaf-blades basilaminar glands intramarginal to submarginal, 2–22 mm from base of leaf-blade; ovaries villous; endocarps with only a central basal foramen and 2–5 subapical foramina"	3
3	"Petioles geniculate and slightly swollen at base and apex; fruit endocarps sharply 3-ridged at sutures and obtuse at apex, intersutural faces smooth"	"Fontainea australis"
3	"Petioles not geniculate and of uniform diameter or slightly swollen at the base; fruit endocarps acutely 3-ridged with an apical beak 1–3 mm long, intersutural faces rugose"	4
4	"Petioles uniform diameter; fruit endocarps with beak 1–1.7 mm long, intersutural faces slightly rugose, 15–17 mm long, 8–9.5 mm wide; Burnett, SE Qld"	"Fontainea fugax"
4	"Petioles slightly swollen at base; fruit endocarps with beak 2–3 mm long, intersutural faces prominently rugose, 20–23 mm long, 11–13 mm wide; Wide Bay, SE Qld"	"Fontainea rostrata"
