from	statement	to
1	"Leaves trifoliolate"	2
1	"Leaves unifoliolate"	9
2	"All petioles glabrous"	3
2	"Petioles of younger leaves hairy"	6
3	"Petals hairy on inner surface; northern Qld"	4
3	"Petals glabrous on inner surface; southern Qld"	5
4	"Pedicels and peduncles glabrous; shoot apex glabrous"	"Acronychia chooreechillum"
4	"Pedicels and peduncles hairy; shoot apex sparsely hairy"	"Acronychia peninsularis"
5	"Largest leaflets 5-7 cm long; ovary and fruit glabrous; sepals 1.7-3.0 mm long"	"Acronychia suberosa"
5	"Largest leaflets 9-17 cm long; ovary and fruit hairy at least on upper one-third; sepals 1.0-1.4 mm long"	"Acronychia pubescens"
6	"Longest leaflets 5-7 cm long; ovary and fruits glabrous"	"Acronychia suberosa"
6	"Longest leaflets 9-21 cm long; ovary and fruits hairy, at least in upper one-third"	7
7	"Petals glabrous on outer surface; occurring in northern Qld"	"Acronychia acronychioides"
7	"Petals densely hairy on outer surface; occurring in southern Qld"	8
8	"Pedicels 5-8 mm long; inflorescence a well-branched panicle 5-24 cm long; inner surface of calyx hairy"	"Acronychia octandra"
8	"Pedicels 2-4 mm long; inflorescence 3-5.5 cm long, poorly-branched; inner surface of calyx glabrous"	"Acronychia pubescens"
9	"Largest leaves (11-)12-25 cm long"	10
9	"Largest leaves 3-12 cm long"	14
10	"Petioles with spreading hairs, and hairs often on lamina midrib (lower surface)"	"Acronychia vestita"
10	"Petioles and laminae (excluding pulvinus) glabrous"	11
11	"Young branchlets quadrangular, and often concave; petals densely hairy on outer surface"	"Acronychia aberrans"
11	"Young branchlets terete to slightly compressed, never concave; petals glabrous (or with a few scattered hairs) on outer surface"	12
12	"Lamina 2.6-3.4 times longer than wide, apex acuminate; pulvinus often bearing a few hairs; petals 3-4 mm long"	"Acronychia acuminata"
12	"Lamina 1.7-2.5 times longer than wide, apex acute or obtuse; pulvinus glabrous; petals 7-9 mm long"	13
13	"Ovary and fruit with septicidal fissures at least in distal half; sepals 1.5-2.2 mm long"	"Acronychia wilcoxiana"
13	"Ovary and fruit without septicidal fissures; sepals 0.8-1.3 mm long"	"Acronychia acidula"
14	"Petals 2.5-6 mm long"	15
14	"Petals 6-11 mm long"	18
15	"Pedicels 0.5-2 mm long at anthesis"	16
15	"Pedicels 2-8 mm long at anthesis"	17
16	"Leaf apex obtuse; petals 4-5 mm long"	"Acronychia pauciflora"
16	"Leaf apex acute to acuminate; petals 2.5-4 mm long"	"Acronychia parviflora"
17	"Upper part of ovary densely hairy; lamina oil glands very dense, most <0.25 mm apart; pedicels 2-4 mm long at anthesis; fruits white"	"Acronychia oblongifolia"
17	"Ovary glabrous throughout; lamina oil glands dense, 0.25-0.5 mm apart; pedicels 4-8 mm long at anthesis; fruits pink to purple"	"Acronychia laevis"
18	"Petals thick, conspicuously hairy on inner surface; carpels becoming completely separate in mature fruit"	"Acronychia crassipetala"
18	"Petals thin, glabrous or sparsely hairy on inner surface; carpels remaining partially united in mature fruit"	19
19	"Pedicels 7-11 mm long at anthesis; petals 10-11 mm long"	"Acronychia baeuerlenii"
19	"Pedicels 1-7 mm long at anthesis; petals 6-9 mm long"	20
20	"Sepals 0.5-0.8 mm long; lamina oil glands dense"	"Acronychia eungellensis"
20	"Sepals 1.2-2.0 mm long; lamina oil glands sparse or absent"	21
21	"Lamina oil glands sparse but numerous"	"Acronychia littoralis"
21	"Lamina oil glands absent"	"Acronychia imperforata"
