from	statement	to
1	"Leaf-blades elliptic to obovate, 2-11 cm long, 1-4 cm wide, young leaves pubescent below; catkins 1.5-3.5 cm long"	"Salix cinerea"
1	"Leaf-blades linear-lanceolate to lanceolate"	2
2	"Young leaves sericeous with white silky appressed hairs below, sericeous or glabrescent above, lanceolate, 5-12 cm long, 0.5-1.5 cm wide; stamens 2"	"Salix alba"
2	"Young leaves glabrous or with sparse hairs below, linear-lanceolate or narrowly lanceolate"	3
3	"Branchlets pendent; leaves discolorous, narrowly lanceolate, 5-18 cm long, 10-25 mm wide; female catkins 0.6-3 cm long; plants usually female; spreading weeping tree; crown globose"	"Salix babylonica"
3	"Branchlets not pendent; leaves ± concolorous"	4
4	"Leaves linear to linear-lanceolate, 8-16 cm long, 0.6-1.5 cm wide (1:10-28); stipules rudimentary; male catkins with little pollen; floral bracts glandular dentate; stamens 5-10; plants male; evergreen columnar tree; central & E Qld"	"Salix humboldtiana"
4	"Leaves narrowly lanceolate 4-10 cm long, 0.7-1.7 cm wide (1:5-13); stipules foliaceous on late leaves; male catkins 6-12 cm long; floral bracts entire; stamens 4-6; SE Qld"	"Salix nigra"
