from	statement	to
1	"Climbing plants; leaves auriculate; fruit a berry aggregated into dense cylindrical to globose heads, red, white or yellow, fleshy; ovules numerous"	Freycinetia
1	"Shrubs or trees; leaves not auriculate; fruit a drupe or polydrupe (phalange) with woody endocarp; ovule solitary"	2
2	"Carpels either free or connate into multi-carpellate, several-seeded drupes; stigmas always on the adaxial side of the style, variable in shape but usually not sharp pointed and linear (but if so with stigmas always on the abaxial side of the style); staminate flower with several connate stamens"	Pandanus
2	"Carpels always free, forming one-seeded drupes; stigmas always positioned on abaxial side of the style, sharp pointed and linear; staminate flower reduced to one stamen, or in threes, free or very slightly joined at the base"	Benstonea
