from	statement	to
1	"Leaves bipinnate, or palmate (leaflets arising from a central point)"	2
1	"Leaves pinnate, with 2-200 pinnae"	5
2	"Leaves bipinnate (Caryota albertii)"	Caryota
2	"Leaves palmate"	3
3	"Leaf segments extending in a complete circle, apices truncate and dentate (Licuala ramsayi)"	Licuala
3	"Leaf segments extending for 180 degrees to 270 degrees, apices acute or acuminate"	4
4	"Petioles 2.5-4 m long, base bifid; lamina grey (Corypha utan)"	Corypha
4	"Petioles 0.6-3 m long, base undivided; lamina pale green to dark green"	Livistona
5	"Climbing plants; stems and rachises densely spiny"	Calamus
5	"Self-supporting trees or shrubs; stems and rachises without hooks or spines"	6
6	"Not all pinnae in parallel rows either side of the rachis i.e. at least some pinnae inserted at a different angle compared to adjacent pinnae (includes ‘fox-tail’ types)"	7
6	"All pinnae in parallel rows on either side of the rachis"	10
7	"Apex of pinnae acute to acuminate (Syagrus romanzoffiana)"	Syagrus
7	"Apex of pinnae truncate or ragged"	8
8	"Pinnae in two planes, with a minority of pinnae inserted at about 30 degrees from the majority; clumping palm (Arenga australasica)"	Arenga
8	"Pinnae distributed at all angles around the rachis (fox-tails); solitary palms"	9
9	"Pinnae of similar width throughout, green on lower surface (Wodyetia bifurcata)"	Wodyetia
9	"Pinnae broadest at the apex, silvery-grey on lower surface (Normanbya normanbyi)"	Normanbya
10	"Basal pinnae reduced to rigid spines (Phoenix dactylifera)"	Phoenix
10	"All pinnae fully developed, not spine-tipped"	11
11	"Apex of pinnae truncate or ragged"	12
11	"Apex of pinnae acute to acuminate"	14
12	"Shrubby palms 1-6 m tall; tubular crownshaft absent"	Linospadix
12	"Small to large trees 6-25 m tall; tubular crownshaft present"	13
13	"Pinnae in 7-15 pairs; crownshaft green with moderate whitish tomentum; seeds circular in cross-section (Hydriastele wendlandiana)"	Hydriastele
13	"Pinnae in 15-60 pairs; crownshaft white-woolly with dark scales in the upper part; seeds 5-lobed in cross-section"	Ptychosperma
14	"Trunkless palm, with leaves arising from submerged or ground-level stems; growing along tidal rivers (Nypa fruticans)"	Nypa
14	"Palms with an obvious trunk; not growing on tidal rivers"	15
15	"Shrubs or small trees 1-8 m high, leaves with 5-30 pairs of pinnae"	16
15	"Trees 8-30 m high; leaves with 43-120 pairs of pinnae"	17
16	"Endosperm ruminate (Laccospadix australasica)"	Laccospadix
16	"Endosperm homogeneous"	Linospadix
17	"Crown-shaft absent"	18
17	"Crown-shaft present"	19
18	"Pinnae silvery-grey on lower surface; rainforest habitat (Oraniopsis appendiculata)"	Oraniopsis
18	"Pinnae green on lower surface; littoral habitat (Cocos nucifera)"	Cocos
19	"Fruits 8-20 x 14-20 mm, globose to ellipsoidal, uniform in colour (usually red); pinnae horizontal to semi-pendulous"	Archontophoenix
19	"Fruits c. 8 x 4 mm, ellipsoidal, brown with paler longitudinal stripes; pinnae pendulous (Hydriastele costata)"	Hydriastele
