from	statement	to
1	"Flowers 50–60 mm long, bright red and black; pods 40–90 cm long (GS)"	"Swainsona formosa"
1	"Flowers 5–20 mm long, variously coloured; pods to 65 mm long"	2
2	"Keel apex upwardly extended into a circle, curled or coiled back on itself"	3
2	"Keel apex not or somewhat extended, but never extended into a circle"	4
3	"Keel tip coiled through slightly less than 360 degrees; stem hairs spreading (widespread)"	"Swainsona swainsonioides"
3	"Keel tip curved through more than 360 degrees; stem hairs appressed (DD, Ma, Wa)"	"Swainsona procumbens"
4	"Calyx very densely white woolly (floccose); pods c. 25 mm wide (DD)"	"Swainsona greyana"
4	"Calyx pubescent or not, but not white woolly; pods mostly less than 25 mm wide"	5
5	"Wing petals with a large obtuse extension; calyx lobes reflexed at maturity"	"Swainsona campylantha"
5	"Wing petals lacking an extension; calyx lobes erect at maturity"	6
6	"Keel petals with an flattened extension (flange) beyond a swollen apex; style tip tightly folded to form a “hook”"	7
6	"Keel petals truncate or acute, lacking an extension; style tip variable"	8
7	"Standard petal striped; lateral leaflets 10–30 mm long; stipules 5–10 mm long (Bk, GN, GS)"	"Swainsona burkei"
7	"Standard petal not obviously striped; lateral leaflets 3–10 mm long; stipules 1–5 mm long (GS, Mi)"	"Swainsona rostrata"
8	"At least some leaves with more than 19 leaflets"	9
8	"Leaves with 3–19 leaflets"	15
9	"Flowers 5–10 mm long"	10
9	"Flowers 10–20 mm long"	11
10	"Pedicels 1–1.5 mm long; style tip curved with a small extension; pods 5–11 mm long"	"Swainsona affinis"
10	"Pedicels 3–8 mm long; style tip curled; pods 30–40 mm long"	"Swainsona fraseri"
11	"Calyx lobes acuminate and much longer than the tube"	"Swainsona sejuncta"
11	"Calyx lobes triangular and equal to or shorter than the tube"	12
12	"Bracts (subtending flowers) 8–10 mm long; pods 40–50 mm long (Mo, no specimen at BRI)"	"Swainsona bracteata"
12	"Bracts (subtending flowers) 1–2 mm long; pods 20–40 mm long"	13
13	"Style tip inrolled; standard petal lacking calli (Mo, Wb)"	"Swainsona fraseri"
13	"Style tip straight or slightly inflexed; standard petal with calli"	14
14	"Wing petals equal to or slightly shorter than the keel (widespread)"	"Swainsona queenslandica"
14	"Wing petals much shorter than the keel"	"Swainsona galegifolia"
15	"Flowers more than 10 mm long"	16
15	"Flowers 5–10 mm long"	21
16	"Flowers yellow with purplish tinge on wing petals; leaves usually with 13–17 leaflets, these deciduous; pods c. 10 cm wide with suture not intruded (GN, GS, Wa)"	"Swainsona laxa"
16	"Flowers purple, orange, red or brown; leaves with 3–13 persistent leaflets; pods 3–7 mm wide, the suture intruded"	17
17	"Calyx lobes much longer than the tube, lanceolate (straight sided); pods finely villous"	"Swainsona phacoides"
17	"Calyx lobes equal to or shorter than the tube, triangular or deltoid; pods glabrous or appressed pubescent"	18
18	"Stipules broader than long and with several teeth; flowers orange-red to brown; leaflets often emarginate with a distinct mucro (GS)"	"Swainsona stipularis"
18	"Stipules narrow, deltoid to lanceolate and lacking teeth; flowers reddish or purple; leaflets variable but if emarginate then lacking a mucro"	19
19	"Leaves with 3–13 leaflets; leaflets finely pubescent on both surfaces; pods less than 10 mm wide, the suture intruded (Wa, GS)"	"Swainsona purpurea"
19	"Leaves with 11–25 leaflets; leaflets glabrous or nearly so; pods more than 10 mm wide, the suture not intruded"	20
20	"Style tip inrolled; standard lacking calli (widespread)"	"Swainsona fraseri"
20	"Style tip straight or nearly so; standard with plate-like calli at base"	"Swainsona queenslandica"
21	"Calyx lobes more than twice the length of the tube"	22
21	"Calyx lobes either shorter, equal to, or slightly longer than the tube"	24
22	"Stems, leaves villous with spreading hairs (GN, GS)"	"Swainsona flavicarinata"
22	"Stems, leaves with appressed or loosely appressed hairs"	23
23	"Leaflets narrow elliptic with a long acuminate at apex; pods 5–10 mm wide, with suture not intruded (widespread)"	"Swainsona oroboides"
23	"Leaflets obovate or oblong-elliptic, obtuse, retuse, rounded or broadly acute; pods with suture intruded (GS, GN, Mi, Wa)"	"Swainsona oligophylla"
24	"Calyx glabrous or a very few hairs present"	25
24	"Calyx pubescent, with either appressed or spreading hairs (hairs sometimes minute)"	26
25	"Leaflets mostly narrowly elliptic to narrowly obovate, 1–4 mm wide, glabrous; pods 15–30 mm long, the suture not intruded (Mo, Ma, DD, PC)"	"Swainsona brachycarpa"
25	"Leaflets elliptic to obovate and usually more than 3 mm wide, with appressed hairs on lower surface; pods 5–11 mm long with the suture intruded (widespread)"	"Swainsona affinis"
26	"Leaflets elliptic to obovate, rounded to emarginate at apex and more than 3 mm wide; pods glabrous or pubescent"	27
26	"Leaflets narrowly elliptic, lanceolate to linear, acute to obtuse, mostly less than 3 mm wide; pods pubescent"	28
27	"Style tip strongly infolded (hooked); pods 20–35 mm long (widespread)"	"Swainsona luteola"
27	"Style tip with a short straight extension, not infolded or hooked; pods 5–11 mm long (widespread)"	"Swainsona affinis"
28	"Terminal leaflets usually twice the length and width of the laterals; pods broadly oblong to almost spherical, very inflated and covered in fine spreading hairs (widespread)"	"Swainsona oroboides"
28	"Terminal leaflets similar though usually slightly longer than the laterals; pods fusiform-elliptic, oblong elliptic or obovoid, somewhat inflated and with appressed or loose appressed pubescence"	29
29	"Stipules broad, often toothed; general pubescence spreading or loose appressed; pods with suture not intruded; pedicels 2–8 mm long; inflorescence sub-umbellate (DD)"	"Swainsona reticulata"
29	"Stipules narrow acuminate, not toothed; general pubescence appressed; pods with suture intruded; pedicels 1–4 mm long; inflorescence with flowers spread over the upper half of the rachis"	30
30	"Base of calyx and/or top of petiole conspicuously twisted (Ma, GS, GN)"	"Swainsona murrayana"
30	"Neither the calyx nor the petiole twisted"	31
31	"Flowers c. 10 mm long; pods 10–65 mm long (Wa, GS)"	"Swainsona purpurea"
31	"Flowers 5–8 mm long; pods 6–15 mm long (Ma, Wa, Bn, DD)"	32
32	"Pedicels 2–4 mm long; lateral leaflets usually more than 20 mm long (Bn, DD)"	"Swainsona parviflora"
32	"Pedicels 0.5–2 mm long; lateral leaflets mostly less than 20 mm long (Wa, Ma, Bn)"	"Swainsona similis"
