from	statement	to
1	"Herbaceous plants; fruits dehiscent"	Lysimachia
1	"Woody plants; fruits indehiscent"	2
2	"Inflorescences paniculate or racemose"	3
2	"Inflorescences umbelliform or fasciculate"	4
3	"Style 0-1.5 mm long; climbing plants"	Embelia
3	"Style 2-5 mm long; shrubs or small trees"	Tapeinosperma
4	"Calyx 4-6 mm long; plants of mangrove communities; fruits cylindrical or elongated-conical"	Aegiceras
4	"Calyx 1-3 mm long; plants growing away from mangrove zone; fruits globular or depressed-globose"	5
5	"Corolla fused to halfway or more; style 0-0.2 mm long"	Myrsine
5	"Corolla fused only at the base; style 1.5-3(-9) mm long"	6
6	"Leaves distinctly petiolate; flowers 5-merous"	Ardisia
6	"Leaves sessile or subsessile; flowers 4-merous"	Tetrardisia
