from	statement	to
1	"Leaves whorled with 3–5 per node or opposite on the same branchlet, canescent or subglabrous; branchlets canescent"	"Psydrax paludosa"
1	"Leaves opposite or clustered on brachyblasts; branchlets and leaves never canescent; hairs if present usually very fine and occurring on young parts and inflorescence axes only"	2
2	"Leaves usually more than 10 cm long"	3
2	"Leaves usually less than 10 cm long"	7
3	"Leaf blades broad elliptic or elliptic ovate, about twice as long as wide, up to 18 cm long and (3.1–) 4.0–8.7 cm wide; peduncles hairy"	4
3	"Leaf blades mostly narrow elliptic or lanceolate, 2–3 times as long as wide, rarely up to 18 cm long and 0.6–2.7 (–3.0) cm wide; peduncles glabrous"	5
4	"Stipules with a prominent keel and a folded lobe at apex; leaf blades with prominent, finely reticulate veins forming a closely arranged network; peduncles slender, sparsely hairy"	"Psydrax tropica"
4	"Stipules without a keel and an apical lobe; leaf blades with prominent or obscure, loosely arranged reticulate veins; peduncles robust, densely hairy"	"Psydrax lamprophylla"
5	"Leaf blades 3–10 times as long as wide, 0.6–1.5 (–2.0) cm wide, obscurely veined; domatia present; inflorescences 5–15 (–22)-flowered; pedicel of solitary flower (5–) 10–18 mm long; branchlets dark green coloured"	"Psydrax saligna"
5	"Leaf blades 3–4 times as long as wide, 1.4–3.0 cm wide, prominently veined; domatia present or absent; inflorescences more than 15-flowered; pedicel of solitary flower (3.5–) 8–10 mm long; branchlets reddish brown, brown or grey"	6
6	"Leaf blades dull or with a slight sheen on adaxial surface; domatia usually present only on some leaves of a branchlet, sometimes totally absent; flowers 4- or 5-merous; pedicels comparatively short (those of solitary flowers 8–11 mm long); bark of branchlets smooth"	"Psydrax attenuata"
6	"Leaf blades ± shiny on adaxial surface; domatia usually present on most leaves of a branchlet; flowers 5-merous; pedicels comparatively long (those of solitary flowers 8–17 mm long); bark of branchlets tessellated"	"Psydrax lepida"
7	"Leaf blades up to twice as long as broad, with conspicuous raised nerves and close secondary reticulate venation (especially in dried specimens); main lateral nerves in (3 or) 4–8 pairs"	8
7	"Leaf blades not with the above set of characters, broad or narrow, with lateral nerves and reticulate venation prominent or obscure, or veins absent; main lateral nerves in 1–4 (–6) pairs"	10
8	"Leaves with petiole 0.2–0.3 cm long; base of blade usually narrow and attenuate into the petiole; domatia usually present on leaves"	"Psydrax pallida"
8	"Leaves with petiole 0.2–1.3 cm long; base of blade usually subcordate, truncate or obtuse; domatia present or absent on leaves"	9
9	"Domatia absent on leaves; leaf blades broad elliptic or ovate or ± suborbicular, dull, glabrous, smooth or scrabridulous; petioles 0.2–1.2 cm long"	"Psydrax latifolia"
9	"Domatia usually present on leaves; leaf blades obovate or broad elliptic, shiny on adaxial surface, glabrous, smooth; petioles 0.2–0.6 cm long"	"Psydrax reticulata"
10	"Fruits obovoid, 1.3–2.0 cm long × 0.8–1.1 cm wide"	11
10	"Fruits obovoid or ellipsoid, 0.4–1.0 cm long × 0.3–0.9 cm wide"	12
11	"Inflorescences on slender peduncles 0.3–1.6 cm long; branching lax; branches ending in 3–7-flowered cymules; flowers 5-merous; leaf blades 6.0–9.0 cm long × 3.0–6.0 cm wide, shiny on adaxial surface; domatia present on leaves, conspicuous; fruits 1.3–1.5 cm long × 0.8–1.0 cm wide"	"Psydrax laxiflorens"
11	"Inflorescence on long, stout, ± erect peduncles 2.0–6.0 cm long; branches and pedicels comparatively robust when dry; terminal cymes 8–12- flowered; flowers 4-merous; leaf blades usually 3.6–6.6 cm long × 1.5–3.3 cm wide, dull on adaxial surface; domatia on leaves small and inconspicuous or absent; fruits 1.5–2.0 cm long × 0.9–1.1 cm wide"	"Psydrax montigena"
12	"Branchlets and peduncles finely hairy"	13
12	"Branchlets and peduncles glabrous"	17
13	"Leaves usually more than 5.0 cm long"	"Psydrax odorata"
13	"Leaves usually less than 5.0 cm long"	14
14	"Domatia present on leaves, prominent; leaf blades narrow elliptic or elliptic, 2.6–4.5 cm long × 0.7–2.0 cm wide, dull on adaxial surface; lateral nerves indistinct"	"Psydrax johnsonii"
14	"Domatia absent from leaves or if present obscure; leaf blades elliptic, narrow elliptic, suborbicular or obovate, 0.8–5.0 cm long × 0.4–3.0 cm wide, usually shiny on adaxial surface; lateral nerves distinct"	15
15	"Inflorescences 5–21-flowered, comparatively small, slender; main peduncles slender, 0.15–1.0 cm long; corolla 4.5–5.5 mm long, ± chartaceous; leaf blades elliptic, (0.8–) 2.2–4.6 cm long × (0.4–) 1.0–1.8 cm wide, rarely more, slightly shiny on adaxial surface"	"Psydrax graciliflora"
15	"Inflorescences usually more than 21-flowered; main peduncles slender or stout, (0.3–) 0.8–4.6 cm long; corolla 4.0–7.5 mm long, chartaceous or fleshy; leaf blades elliptic or obovate, 1.5–5.0 cm long × 0.9–3.0 cm wide , usually very glossy on adaxial surface"	16
16	"Leaf blades obovate, 3.2–5.0 cm long × 1.6–3.0 cm wide, rarely more; primary veins and secondary, reticulate veins prominent; inflorescence with main peduncles 1.5–4.6 cm long, slender; corolla 6.0–7.5 mm long, chartaceous, drying straw coloured; corolla tube cylindrical"	"Psydrax banksii"
16	"Leaf blades elliptic or suborbicular, 1.5–5.0 cm long × 0.6–2.5 cm wide; primary veins prominent; secondary veins obscure; inflorescence with main peduncles (0.3–) 0.8–2.0 cm long, stout or slender; corolla 4.0–5.0 mm long, fleshy, drying brown; corolla tube broad campanulate"	"Psydrax odorata"
17	"Leaf blades 2.0–2.8 cm long × 1.1–1.3 cm wide; inflorescences 5–17- flowered; petioles and peduncles 0.2–0.4 cm long"	"Psydrax forsteri"
17	"Leaf blades more than 3.0 cm long and 1.3 cm wide; inflorescences more than 17-flowered; petioles and peduncles usually more than 0.4 cm long"	18
18	"Domatia present on leaf blades, prominent"	19
18	"Domatia absent from leaf blades or if present inconspicuous"	21
19	"Leaf blades 1.4–4.4 cm wide, usually up to twice as long as wide, mostly very glossy on adaxial surface; flowers usually crowded on the branches of the inflorescence; pedicels stout, comparatively short, those on branches of the cyme almost obsolete; flowers mostly 4-merous, corolla fleshy"	"Psydrax odorata"
19	"Leaf blades 0.6–2.7 (–3.0) cm wide, usually more than 3 times as long as wide, dull or slightly shiny on adaxial surface; flowers loosely arranged along branches of the inflorescence; pedicels comparatively long and slender; flowers mostly 5-merous, corolla chartaceous"	20
20	"Leaf blades 0.6–1.5 (–2.0) cm wide, (3–) 4–10 times as long as wide; nerves and veins usually indistinct; inflorescences 5–15 (–22)-flowered, branched once only; branchlets dark green"	"Psydrax saligna"
20	"Leaf blades 1.0–2.7 (–3.0) cm wide, up to 4 times as long as wide; nerves and veins prominent; inflorescences (8–) 13–41-flowered, usually branched more than once; branchlets brown, reddish brown or grey"	"Psydrax attenuata"
21	"Leaf blades (0.7–) 1.7–2.4 (–3.3) cm wide, concolorous, with obscure or distinct nerves; reticulate veins and domatia very rarely present; inflorescences usually compact, the flowers closely arranged on branches"	"Psydrax oleifolia"
21	"Leaf blades (1.6–) 2.4–4.8 cm wide, somewhat discolourous; nerves and reticulate veins prominent; domatia usually present on some leaves of a branchlet; inflorescences usually open, the flowers loosely arranged on branches"	22
22	"Leaf blades to 4.8 cm wide, with 3–6 pairs of conspicuous lateral nerves; flowers mostly 4-merous; corolla 5.0–6.5 mm long; pedicels comparatively short, that of solitary flowers 0.2–0.35 cm long; young branchlets usually stout, reddish brown coloured"	"Psydrax ammophila"
22	"Leaf blades 1.0–3.0 (–4.0) cm wide, with 2 or 3 pairs of prominent lateral nerves; flowers 4- or 5-merous; corolla 6.0–11.0 mm long; pedicels comparatively long, that of solitary flowers (0.3–) 0.5–1.0 cm long; young branchlets slender, reddish brown, brown or greyish coloured"	23
23	"Petioles (1.2–) 2.0–3.5 cm long; leaf blades 2.6–4.0 cm wide, rarely less, up to twice as long as wide; corolla 7.5–11.0 mm long; pedicel of solitary flowers (0.3–) 0.5–0.7 cm long; branchlets whitish coloured, or pale grey mottled with white"	"Psydrax longipes"
23	"Petioles 0.5–2.2 cm long; leaf blades 1.6–2.7 (–3.0) cm wide, 3–4 times as long as wide; corolla 5.5–8.0 mm long; pedicel of solitary flowers (0.5–) 0.8–1.0 cm long; branchlets brown, yellowish brown, reddish brown or greyish coloured"	"Psydrax attenuata"
