from	statement	to
1	"Developing stems densely hairy; leaves lacking lateral segments; upper-stem leaves not strongly cordate or sagittate; corolla with limb 4–5 mm long, brick-red, exceeding phyllaries by 2–4 mm; achenes 4.0–5.0 mm long"	"Emilia fosbergii"
1	"Developing stems not densely hairy; leaves often with lateral segments; upper-stem leaves strongly cordate or sagittate; corolla with limb 2–3.5 mm long, pale purple, not reaching to apex of phyllaries or exceeding them by up to 2 mm; achenes 2.2– 3.8 mm long"	2
2	"Apex of phyllaries with dark border to c. 1 mm long or absent; corolla 1 mm shorter than or up to 1 mm longer than phyllaries; corolla-lobes < 1 mm long; achenes 2.2– 3.2 mm long"	"Emilia sonchifolia var. sonchifolia"
2	"Apex of phyllaries commonly with dark border 2–3 mm long; corolla usually exceeding phyllaries by up to 2.5 mm; corolla-lobes > 1 mm long; achenes 3.0–3.8 mm long"	"Emilia sonchifolia var. javanica"
