from	statement	to
1	"Scales on hypanthium relatively sparse, surface of hypanthium visible"	2
1	"Scales on hypanthium very dense, surface of hypanthium not visible"	3
2	"Hypanthium scales +/- adpressed, broad-based (0.3-0.4 mm wide), gradually tapering"	"Melastoma sanguineum"
2	"Hypanthium scales spreading, filamentous, penicillate (clusters of scales arising from a broad ‘stalk’)"	"Melastoma cyanoides"
3	"Bracts 4-10 mm long; leaves with 5 longitudinal veins"	"Melastoma malabathricum subsp. malabathricum"
3	"Bracts 10-15 mm long; leaves with 7 longitudinal veins"	"Melastoma candidum"
