from	statement	to
1	"Branchlets glabrous"	2
1	"Branchlets with short hairs 0.1-0.2 mm long"	4
2	"Petioles 6-8 mm long; axillary spines absent"	"Randia audasii"
2	"Petioles 0.5-3 mm long; axillary spines present"	3
3	"Flowers solitary; peduncle 15-25 mm long in fruit; fruit orange; Iron Ra., Cape York Peninsula"	"Randia sp. (Iron Range L.J.Brass 19119)"
3	"Inflorescence 2-12-flowered; peduncle 2-12 mm long in fruit; fruit black; Central Qld (Mackay to Mt Spec)"	"Randia sp. (Shute Harbour D.A.Halford Q811)"
4	"Larger leaves 7.5-10 cm long, often markedly attenuate; base obtuse or nearly so, apex pointed; fruit warty"	"Randia tuberculosa"
4	"Larger leaves 2.5-7.5(-9) cm long, not or scarcely attenuate; base cuneate, apex blunt; fruit smooth"	5
5	"Corolla tube 10-13 mm long; lamina 4-7.5(-9) cm long; SE Qld"	"Randia moorei"
5	"Corolla tube 20-32 mm long; lamina 2.5-5 cm long; Cape York Peninsula"	"Randia sp. (Gordon Creek B.P.Hyland 15252)"
