from	statement	to
1	"Largest leaves 42-120 mm wide"	2
1	"Largest leaves 16-42 mm wide"	6
2	"Whole of lower leaf surface with fine soft hairs; fruits grey, 30-85 mm long"	"Alpinia arctiflora"
2	"Leaves glabrous or with hairs only along margin; fruits blue or orange, 10-23 mm long"	3
3	"Leaf margin and ligule margin densely ciliate; flowers yellow and orange"	"Alpinia zerumbet"
3	"Leaves glabrous, ligule margin glabrous or with sparse cilia; flowers white or pink"	4
4	"Longest leaves 10-17 cm long; inflorescences 2-5 cm long"	"Alpinia hylandii"
4	"Longest leaves 30-42 cm long; inflorescences 11-33 cm long"	5
5	"Ligules 2-3.5 mm long; inflorescences pendulous, flower stalks >20 per cm along rachis; fruits orange, ellipsoidal"	"Pleuranthodium racemigerum"
5	"Ligules 7-13 mm long; inflorescences erect, flower stalks 2-7 per cm along rachis; fruits blue, globose"	"Alpinia caerulea"
6	"Leaves sessile; ligule margins ciliate"	"Alpinia modesta"
6	"Leaves with petioles 4-8 mm long; ligule margins glabrous"	7
7	"Inflorescences 2-5 cm long; leaves 3-4 times longer than wide"	"Alpinia hylandii"
7	"Inflorescences 5-12 cm long; leaves 5-9 times longer than wide"	"Alpinia arundelliana"
