from	statement	to
1	"Lamina length 0.9-1.2 times lamina width, lamina base obtuse to cordate; two large saccate glands at base of lamina"	"Gmelina arborea"
1	"Lamina length 1.7-2.5 times lamina width, lamina base cuneate; glands at base of lamina absent, or not saccate"	2
2	"Scrambling shrubs or small trees; axillary spines often present; corolla 4-lobed, bright yellow; juvenile leaves trilobed"	3
2	"Trees, never scrambling; axillary spines absent; corolla 5-lobed, white to purple; juvenile leaves entire or irregularly dentate"	4
3	"Lower leaf surface densely villous"	"Gmelina elliptica"
3	"Lower leaf surface glabrous or with only a few hairs on the veins"	"Gmelina philippensis"
4	"Lamina 15-30 cm long, glabrous, with two or more large dark glands at the base; mature fruits red"	"Gmelina dalrympleana"
4	"Lamina 7-13 cm long, hairs present at least on midrib on lower surface, basal glands absent; mature fruits purple"	5
5	"Lower leaf surface with hairs 0.4-1 mm long, on major and minor veins"	"Gmelina leichhardtii"
5	"Lower leaf surface with hairs 0.2-0.5 mm long, confined to the midrib and major veins"	"Gmelina fasciculiflora"
