from	statement	to
1	"Petiole not distinct from leaf-blade, or petiole distinct but flat and not distinctly grooved or tubular in cross-section; petals longer than sepals"	2
1	"Petiole distinct from leaf-blade, grooved or tubular and crescentic in section; sepals and petals equal"	4
2	"Fruit black when mature; leaf-blades up to 2 cm wide; petiole not distinct from leaf-blade"	"Cordyline stricta"
2	"Fruit red or orange-red when mature; leaf-blades 2 cm or more wide; petiole usually distinct from leaf-blade"	3
3	"Leaf margin breaking down irregularly, especially at junction of leaf-blade and petiole, rough; inflorescence congested, with several branches at the same node; berries orange-red, 1-1.5 cm diameter"	"Cordyline congesta"
3	"Leaf margin at junction of leaf-blade and petiole smooth; inflorescence not congested; berries red, c. 1 cm diameter"	"Cordyline rubra"
4	"Leaf-blades usually < 15 cm long, abruptly narrowed and almost rounded at junction with petiole; petiole < 5 mm wide"	"Cordyline murchisoniae"
4	"Leaf-blades usually > 20 cm long, more gradually narrowed at base; petiole > 5 mm wide"	5
5	"Leaves usually 20–50 cm long, glaucous beneath especially when fresh"	"Cordyline cannifolia"
5	"Leaves 25–80 cm long, not glaucous beneath"	6
6	"Pedicels 7–12 mm long (longer in fruit)"	"Cordyline manners-suttoniae"
6	"Pedicels to 2 mm long"	7
7	"Petiole 30–50 cm long, strongly inrolled; perianth 6–7.5 mm long"	"Cordyline petiolaris"
7	"Petiole 8–20 cm long, concave above; perianth 9–12 mm long"	8
8	"Leaves green or tinged with red; native"	"Cordyline fruticosa"
8	"Leaves streaked with pink or red margins or variegated; doubtfully naturalised"	"Cordyline fruticosa ‘Hawaiian Sunrise’"
