from	statement	to
1	"Corolla pink to mauve, glabrous; leaves initially ovate, cordate, dentate, becoming hastate with a long linear mid-lobe and shorter dentate basal lobes; sepals more or less equal in length"	"Merremia incisa"
1	"Corolla white, yellow or orange; leaves not as above; outer sepals shorter than inner"	2
2	"Sepals distinctly unequal in length; outer sepals 3–4 mm long elliptic to oblong-elliptic or oblong, slightly concave or flat; inner sepals 4.5–6 mm long; capsule broad-ovoid to globular, smooth"	"Merremia hirta"
2	"Sepals slightly unequal in length; outer sepals 3–7 mm long, broadly ovate to orbicular or broadly spathulate, concave; inner sepals 4–8 mm long; capsule depressed-globular to broad-conical, wrinkled"	3
3	"Outer sepals 4–7 mm long, broadly ovate to orbicular, emarginate, not or slightly mucronulate, usually hairy; inner sepals 6–8 mm long; corolla 1.5–2.5 cm long; capsule depressed-globose, coarsely wrinkled; petioles appressed pilose, usually without tubercles"	"Merremia gemella"
3	"Outer sepals 3–4 mm long, broadly ovate to spathulate, broadly notched at the apex and distinctly mucronate, mucro directed outwards, usually glabrous; inner sepals 4–5 mm long; corolla 0.5–1 cm long; capsule depressed-globose or broadly conical, somewhat 4-angular, less coarsely wrinkled; petioles often with small tubercles"	"Merremia hederacea"
