from	statement	to
1	"Petioles laterally compressed"	"Senna artemisioides subsp. petiolaris"
1	"Petioles terete"	2
2	"Leaflets absolutely terete"	3
2	"Leaflets flat, 2 mm or broader, sometimes inrolled and then appearing terete"	4
3	"Leaves with 1–4 pairs of leaflets, 20–40 mm long, petiole >15 mm long"	"Senna artemisioides subsp. filifolia"
3	"Leaves with 3–8 pairs of leaflets, 15–25 mm long, petiole <15 mm long"	"Senna artemisioides subsp. artemisioides"
4	"Leaflets conspicuously hairy"	5
4	"Leaflets glabrous or glabrescent"	9
5	"Leaflets linear to elliptic"	6
5	"Leaflets obovate to ovate"	8
6	"Leaflets linear and inrolled so that the upper surface is not visible"	"Senna artemisioides subsp. artemisioides"
6	"Leaflets with upper surface exposed"	7
7	"Leaflets densely silky hairy to woolly hairy, never glaucous"	"Senna artemisioides subsp. sturtii"
7	"Leaflets glabrous to sparsely hairy, glaucous"	"Senna artemisioides subsp. coriacea"
8	"Leaflets silky"	"Senna artemisioides subsp. alicia"
8	"Leaflets woolly"	"Senna artemisioides subsp. helmsii"
9	"Leaflets obovate to ovate"	10
9	"Leaflets linear to elliptic to obovate"	11
10	"Leaflets folded upwards; leaflets 5-12 mm wide"	"Senna artemisioides subsp. alicia"
10	"Leaflets not folded upwards; leaflets 10-20 mm wide"	"Senna artemisioides subsp. oligophylla"
11	"Leaflets >5 times as long as broad"	"Senna artemisioides subsp. zygophylla"
11	"Leaflets 1–4 times as long as broad"	12
12	"Leaflets 1–3 pairs, members of each leaflet pair carried more or less vertically with outer surfaces exposed"	"Senna artemisioides subsp. alicia"
12	"Leaflets 1–6 pairs, members of each leaflet pair carried almost horizontally"	13
13	"Petiole 15-25 mm long; leaflets 2(-3) pairs; gland between both (all) leaflet pairs"	"Senna artemisioides subsp. quadrifolia"
13	"Petiole 6-15 mm long; leaflets 2-6 pairs; gland between the basal leaflet pair only"	"Senna artemisioides subsp. coriacea"
