from	statement	to
1	"Herbaceous annual plants, leaves +/- in rosette; fused part of corolla much shorter than lobes; fruits dehiscent, capsular"	Boea
1	"Woody perennial plants, leaves arranged along stems; fused part of corolla much longer than lobes; fruits indehiscent, fleshy"	2
2	"Vine; larger leaves 2.5-7 cm long (Fieldia australis)"	Fieldia
2	"Shrubs 1-4 m high; larger leaves 13-20 cm long"	3
3	"Leaves opposite with +/- equal pairs; fertile stamens 4 (Lenbrassia australiana)"	Lenbrassia
3	"Leaves appearing alternate, because one leaf of each pair greatly reduced; fertile stamens 2 (Cyrtandra baileyi)"	Cyrtandra
