from	statement	to
1	"Leaflets 16–19 pairs; branchlets and leaf rachises hirsute with dark brown erect hairs 1–2 mm long; inflorescences cauliflorous"	"Lepiderema hirsuta"
1	"Leaflets 2–11 pairs; branchlets and leaf rachises sparsely puberulent or glabrous; inflorescences axillary or ramiflorous"	2
2	"Leaflets 8–11 pairs; hair tuft domatia present; panicles densely flowered, 13–40 cm long"	"Lepiderema largiflorens"
2	"Leaflets 2–6 pairs; domatia absent; panicles usually open, 3–20 cm long"	3
3	"Leaflet midribs eccentric; pedicels 1–1.5 mm long; flowers white to orange"	"Lepiderema punctulata"
3	"Leaflet midribs central; pedicels 2–3.5 mm long; flowers pink, pink-red or yellow-orange"	4
4	"Inflorescences raceme-like; leaflets obtuse or shortly acuminate, (6-) 8–20 (-26) cm long, 3–6 cm wide, with 9–15 pairs of lateral veins, raised below"	"Lepiderema sericolignis"
4	"Inflorescences panicle-like; leaflets acuminate to caudate, 3.5–8.5 cm long, 0.7–3.7 cm wide, with 5–9 pairs of lateral veins, ± flush below"	5
5	"Petiolules 1–3 mm long; leaflets bluntly acuminate; petals and calyces yellow-orange; fruits not viscid, 8–14 mm diameter; SE Qld"	"Lepiderema pulchella"
5	"Petiolules 5–12 mm long; leaflets attenuate to caudate; petals and calyces pink or pink-red; fruits viscid, pink-red; 13–17 mm diameter; N Qld"	"Lepiderema ixiocarpa"
