from	statement	to
1	"Alae (inner lateral sepals) petaloid, blue, mauve, pink or white in colour"	2
1	"Alae herbaceous to leaf-like, more or less green, rarely tinged dark maroon and/or purple"	7
2	"Robust erect perennial shrubs, usually 1–2 m high"	"Polygala virgata"
2	"Slender spreading, ascending or erect herbs or subshrubs, usually less than 60 cm high, if taller then annual herbs"	3
3	"Flowers borne in terminal racemes"	4
3	"Flowers axillary or lateral, racemose or solitary"	6
4	"Aril appendage 3-lobed and short, confined to apex of seed or virtually absent"	"Polygala longifolia"
4	"Aril appendage 2-lobed, with the broad flattened lobes extending at least 1/3 of the way down the seed"	5
5	"Alae white; fruit without wings; stems with minute glandular hairs present"	"Polygala paniculata"
5	"Alae cream; fruit wing developed on only one margin; stems without minute glandular hairs"	"Polygala duarteana"
6	"Plant erect; leaves with scaberulous hairs; aril head helmet-shaped"	"Polygala persicariifolia"
6	"Plant lax and rather diffuse; curved hairs throughout; aril head skewed"	"Polygala japonica"
7	"Staminal filaments 3+2+3 (triadelphous)"	8
7	"Staminal filaments 8 (monadelphous)"	9
8	"Stem indumentum of curved hairs; seed c. 2 mm long, elliptic or ovoid"	"Polygala polifolia"
8	"Stem glabrous; seed 3–4 mm long, oblong"	"Polygala wightiana"
9	"At least some capsules prominently winged, wing between 0.5 mm and 4 mm wide, sometimes winged only at apex on some capsules"	10
9	"Capsule wing up to 0.5 mm wide or absent"	12
10	"Seed with collar-like thickened testa adjacent to aril"	"Polygala crassitesta"
10	"Seed testa uniform, without thickened collar-like area"	11
11	"Alae generally broader than capsule body (excluding wing); capsule wings if exserted only slightly past alae"	"Polygala rhinanthoides"
11	"Alae same width as capsule body (excluding wing); capsule wings usually well exserted past alae"	"Polygala pterocarpa"
12	"Style sinuous or curved throughout; accumulation of pollen above stigma can obscure view in dried material"	13
12	"Style distinctly hooked at apex to form horseshoe shape; pollen accumulation in bend of hook"	14
13	"Each floral appendage fimbriate"	"Polygala exsquarrosa"
13	"Each floral appendage crenate"	"Polygala parviloba"
14	"Aril head reduced, only represented by the attachment of the appendages; if somewhat developed then approaching helmet-shape type and plant tufted with foliage glaucous and leaf apex mostly emarginate or truncate"	15
14	"Aril head not reduced and either helmet-shaped, hooked or rounded; if somewhat reduced then plant erect, foliage green and leaf apex obtuse"	17
15	"Indumentum of curved hairs and soft straight hairs; leaf apex of most leaves emarginate or truncate, leaves glaucous; plant decumbent"	"Polygala glaucifolia"
15	"Indumentum of curved hairs only; leaf apex of most leaves acuminate, acute, obtuse or rounded, leaves not glaucous; plant erect, often with lateral branches"	16
16	"Capsule deflexed to reflexed; alae 2–4 mm long; inflorescence to 5(–20) mm long"	"Polygala dependens"
16	"Capsule perpendicular to deflexed; alae 3.5–8.0 mm long; inflorescence up to 40 mm long"	"Polygala barklyensis"
17	"Stem and leaf indumentum usually of curved hairs only (P. gabrielae very rarely with a few straight hairs)"	18
17	"Stem and leaf indumentum usually of curved and straight hairs (P. pendulina very rarely with curved hairs only)"	23
18	"Most leaves obovate and seed ovoid"	"Polygala obversa"
18	"Most leaves other than obovate and if obovate, seed ovoid–oblong or oblong"	19
19	"Plant prostrate to erect with spreading branches; flowers recorded as yellow; sandy coastal ridges"	"Polygala glaucoides"
19	"Plant erect to ascending, sometimes with spreading lateral branches; flowers purple; in a wide variety of habitats, but not known from sandy coastal ridges"	20
20	"Leaves linear, usually 0.5–2.5(4) mm wide, seed 4–5.5 mm long (including long hairs extending past base to c. 1 mm long)"	"Polygala stenoclada"
20	"Leaves linear to obovate, 1–14 mm wide; seed less than 4 mm long, if more than 4 mm, leaves not linear (check that no hairs are extending past base to c. 1 mm)"	21
21	"Inflorescence exserted past leaves and beyond top of plant, up to 200 mm long; alae in mature fruit less than 4.5 mm long"	"Polygala macrobotrya"
21	"Infloresence often exserted past leaves but not beyond plant, up to 125 mm long; alae in mature fruit up to 8 mm long"	22
22	"Aril head strongly helmet-shaped"	"Polygala triflora"
22	"Aril head hooked to rounded, not strongly helmet-shaped"	"Polygala gabrielae"
23	"Inflorescence densely hairy (straight hairs), inflorescence short (less than 30 mm long)"	24
23	"Inflorescence sparsely hairy (straight hairs) or glabrous, if approaching densely hairy then inflorescence well exserted from leaf axils extending up to 90 mm long"	25
24	"Keel petal with a few long hairs abaxially"	"Polygala difficilis"
24	"Keel petal glabrous abaxially"	"Polygala pycnantha"
25	"Seed 2.5–2.9 mm; alae 5–7.8 mm long (mature fruit), leaves up to 3 mm wide"	"Polygala pendulina"
25	"Seed 3.0–4.2 mm long; alae 3.3–6.4 mm long (mature fruit); leaves 2–9 mm wide"	26
26	"Inflorescence up to 160 mm long, often scorpioid; tap-root not usually thickened; pocket on keel petal"	"Polygala scorpioides"
26	"Inflorescence up to 90 mm long; tap-root usually thickened; no pocket on keel petal"	"Polygala triflora"
