from	statement	to
1	"Involucral bracts with straight evenly-spaced cilia on upper half"	2
1	"Involucral bracts without cilia (although sometimes with transverse woolly or ‘cobwebby’ hairs)"	3
2	"Pappus bristles 5-8; achenes glabrous; leaves grey, densely hairy"	"Chrysocephalum eremaeum"
2	"Pappus bristles 3; achenes papillose; leaves green, sparsely hairy"	"Leptorhynchos baileyi"
3	"Pappus shorter than the florets"	4
3	"Pappus same length as the florets"	5
4	"Pappus 80-90% of floret length; involucral bracts transparent with brown apices, elliptical, 0.8-1.1 mm wide, with abundant transverse cobwebby hairs but no glandular hairs"	"Leptorhynchos squamatus"
4	"Pappus two-thirds the length of the floret; involucral bracts green, linear, 0.3-0.5 mm wide, with many glandular hairs, cobwebby hairs few"	"Leiocarpa brevicompta"
5	"Involucral bracts all about the same length"	6
5	"Involucral bracts very dissimilar (outer ones c. half the length of inner ones)"	7
6	"Pappus bristles > 20; sprawling, procumbent shrub; leaves discolorous"	"Leiocarpa serpens"
6	"Pappus bristles 8-14; erect shrub; leaves concolorous"	"Leiocarpa leptolepis"
7	"Involucral bracts with glandular hairs, woolly hairs absent"	"Leiocarpa websteri"
7	"Involucral bracts with sparse to dense woolly hairs, glandular hairs absent"	8
8	"Achenes with several glandular hairs near its apex; upper leaf surface densely woolly-hairy"	"Leiocarpa panaetioides"
8	"Achenes without any glandular hairs; upper leaf surface glabrous or glandular-hairy or sparsely woolly-hairy"	"Leiocarpa semicalva"
