from	statement	to
1	"Erect shrubs (more than 3 m) or small to medium trees; leaves becoming alternately arranged, spinescent short shoots rare; inflorescences leafy, pyramidal shaped panicles"	2
1	"Erect or sprawling shrubs less than 3 m high; leaves usually in clusters of 3–7 around spinescent short shoots; inflorescences from reduced panicles to solitary flowers"	4
2	"Bark smooth; leaves elliptic to almost rhombic, petiolate (4–14 mm)"	"Bursaria tenuifolia"
2	"Bark thick, furrowed into platelets; leaves narrow-obovate, sessile or very shortly petiolate (less than 1 mm)"	3
3	"Seedlings with dentate margins; flowers small (4–6 mm long); fruit flattened"	"Bursaria spinosa"
3	"Seedlings with almost entire margins; flowers larger (6–8 mm long); fruit plump"	"Bursaria incana"
4	"Bracts insignificant; bracts and sepals rapidly caducous, usually before anthesis"	"Bursaria spinosa"
4	"Pedicels subtended by a distinctive, leaf-like bract, 6–9 mm long; bracts and sepals persisting past anthesis"	"Bursaria reevesii"
