from	statement	to
1	"Inflorescence a single cyme of usually 3 flowers; leaf-blade cuneate to spathulate, 16–25 mm long, usually 5–7 mm wide; fruit fusiform, c. 13 mm long. Host usually Melaleuca"	"Notothixos incanus"
1	"Inflorescence of 3 or more fan-like cymes on a common axis; fan-like cymes with usually 7–9 flowers; leaf-blade narrowly ovate to elliptic, mostly more than 30 mm long and 10 mm wide; fruit ellipsoidal to nearly globular, c. 7 mm long"	2
2	"Inflorescence determinate, of 1 terminal and 2 lateral fan-like cymes; leaf-blade 1–4 (–5) cm long. Host usually rainforest species & Loranthaceae"	"Notothixos subaureus"
2	"Inflorescence indeterminate, of 4–12 decussate pairs of fan-like cymes in racemose arrangement; leaf-blades usually 4.5–8 cm long"	3
3	"Leaf tomentum mostly of golden, rarely cream, dendritic and stellate hairs to 1 mm long, persistent on lower leaf-surface; upper cataphylls narrow, not sheathing stem, not at a visible nodal articulation. Host rainforest trees; NE Qld (Cape York to Atherton)"	"Notothixos leiophyllus"
3	"Leaf tomentum of white or tawny, stellate and dendritic hairs to 0.5 mm long, becoming sparse or absent below with age; upper cataphylls broad, together sheathing the stem, often at nodal articulation. Host usually Argyrodendron, Brachychiton or Franciscodendron; E Qld"	"Notothixos cornifolius"
