from	statement	to
1	"Leaves with a broadly ovate lamina to 35 cm wide; perianth tube more than 20 mm long"	2
1	"Leaves with an ovate or elliptic lamina to 13 cm wide; perianth tube less than 15 mm long"	3
2	"Flowers porrect, campanulate; corolla lobes widely separated; filaments 7– 12 mm long"	"Proiphys amboinensis"
2	"Flowers erect, infundibuliform; corolla lobes narrowly imbricate; filaments 18–30 mm long"	"Proiphys infundibularis"
3	"Leaf lamina ovate, bright green; corolla lobes recurved at right angles to the perianth tube; corona to 20 mm long"	"Proiphys cunninghamii"
3	"Leaf lamina elliptic, grey green; corolla lobes obliquely erect; corona to 12mm long"	"Proiphys alba"
