from	statement	to
1	"Flowers bisexual"	2
1	"Flowers unisexual"	6
2	"Petal lamina < 4 mm long"	3
2	"Petal lamina > 4 mm long"	5
3	"Shrubs to 2 m, usually many stemmed from base; leaves ovate to broadly ovate or rotund, obtuse to acute at the apex; basal lateral veins more than ½ as long as leaf lamina"	"Grewia latifolia"
3	"Tree or single stem shrub; leaves narrowly ovate to ovate or elliptic-ovate, acuminate to acute at the apex; basal lateral veins less than ½ as long as leaf lamina"	4
4	"Leaves on lower surface densely tomentose with stellate hairs up to 1 mm diameter; rays slender, soft, spreading to erect"	"Grewia papuana"
4	"Leaves on lower surface glabrous or with a sparse to moderately dense covering of simple or stellate hairs up to 0.5 mm diameter; rays slender or stout, either appressed or spreading"	"Grewia australis"
5	"Leaves narrowly ovate to ovate or elliptic-ovate, 3-nerved from base; fruit depressed globose 10–20 mm diameter"	"Grewia oxyphylla"
5	"Leaves rotund or very broadly ovate, mostly 5-nerved from base; fruit subglobose, 7–10 mm diameter"	"Grewia asiatica"
6	"Leaves densely covered below with fine white tomentum"	7
6	"Leaves variously hairy below, never with dense white tomentum"	8
7	"Leaves obovate or elliptic-obovate; fruit densely stellate-pubescent"	"Grewia graniticola"
7	"Leaves broadly to narrowly elliptic or narrow ovate-elliptic; fruit glabrous or sparsely strigose, shiny surface"	"Grewia savannicola"
8	"Fruit depressed globose, 10–15 mm diam., conspicuously 2–6-lobed"	"Grewia mesomischa"
8	"Fruit subglobose, 5–10 mm across, not conspicuously lobed"	9
9	"Leaves elliptic-ovate to broadly elliptic-ovate, 2.5–7 cm long, 1.5–4 cm wide, obtuse at the apex, usually symmetric at the base; fruit densely stellate-puberulous; flowers with only one or two staminodia, with sterile anther"	"Grewia scabrella"
9	"Leaves narrowly ovate to ovate, 3–18 cm long, 2–10 cm wide, acute to acuminate at the apex, usually asymmetric at the base; fruit sparsely pilose or glabrous; female flowers with numerous clavate staminodia, without sterile anther"	"Grewia breviflora"
