from	statement	to
1	"Plants without prickles, or prickles present only on large stems (> 15 mm across)"	2
1	"Plants with prickles, at least on the branchlets"	28
2	"Leaves and branchlets with stellate hairs"	3
2	"Leaves and branchlets with simple hairs or glabrous"	15
3	"Inflorescence corymbose, broader than long"	4
3	"Inflorescence cymose, slender, or flowers solitary"	6
4	"Corolla purple; fruiting pedicels 2.5-5 mm long"	"Solanum mauritianum"
4	"Corolla white; fruiting pedicels 7-15 mm long"	5
5	"Stellate hairs on branchlets gland-tipped; axillary leaves present"	"Solanum abutiloides"
5	"Stellate hairs on branchlets not gland-tipped; axillary leaves absent"	"Solanum erianthum"
6	"Calyx lobes narrowly elliptical and longer than the mature fruits"	7
6	"Calyx lobes deltate to attenuate and shorter than the mature fruits"	13
7	"Stellate hairs all sessile on branchlets, upper and lower leaf surface, and calyx"	8
7	"At least some stellate hairs on branchlets, leaves and calyx with conspicuous stalks 0.2-2 mm long"	11
8	"Leaves broadly ovate; petioles 30–55% of lamina length; subshrub 0.1–0.25 m high"	"Solanum johnsonianum"
8	"Leaves lanceolate to ovate; petioles 11–25% of lamina length; shrubs 0.3–1 m high"	9
9	"Hairs on upper leaf surface sparse to very sparse; central ray of stellate hairs shorter than lateral rays"	"Solanum ultimum"
9	"Hairs on upper leaf surface moderately dense to dense; central ray of stellate hairs much longer than lateral rays"	10
10	"Leaves 2.3–3.5 cm wide; mature fruits globular, 5–6.5 mm diameter"	"Solanum hapalum"
10	"Leaves 0.8–2 cm wide; mature fruits ellipsoidal, 3–4.5 mm diameter"	"Solanum innoxium"
11	"Some stellate hairs on branchlets, leaves and calyx with gland-tipped central ray; leaves usually slightly lobed; ovary glabrous"	"Solanum gympiense"
11	"No stellate hairs with gland-tipped central ray; leaves entire; ovary with stellate or tiny glandular hairs"	12
12	"Stellate hairs of upper leaf surface with 4–6 lateral rays, central ray 3–6 times as long as laterals, stalks absent"	"Solanum densevestitum"
12	"Stellate hairs of upper leaf surface with 7 or 8 lateral rays, central ray 0.7–1.8 times as long as laterals, stalks 0.1–0.3 mm long"	"Solanum nemophilum"
13	"Leaves and branchlets densely to very densely hairy; leaves 2.8-8.5 cm long"	"Solanum pisinnum"
13	"Leaves and branchlets sparsely to very sparsely hairy; leaves 8-23 cm long"	14
14	"Petioles 7–10% of lamina length; calyx densely stellate-hairy, stellate hairs with central ray deflexed; style 7–8 mm long"	"Solanum dunalianum"
14	"Petioles 17–30% of lamina length; calyx sparsely stellate-hairy, stellate hairs with central ray erect; style 4.5–5.5 mm long"	"Solanum viridifolium"
15	"Corolla white"	16
15	"Corolla purple, pink or yellow"	23
16	"Leaves deeply lobed"	"Solanum triflorum"
16	"Leaves entire or shallowly lobed"	17
17	"Pedicels at anthesis 12-16 mm long; leaf domatia present; branchlets terete"	"Solanum callium"
17	"Pedicels at anthesis 2-10 mm long; leaf domatia absent; branchlets ridged"	18
18	"Fruits 10-15 mm diameter, orange to red at maturity"	"Solanum pseudocapsicum"
18	"Fruits 4-10 mm diameter, black or green at maturity"	19
19	"Fruits black at maturity"	20
19	"Fruits green at maturity"	22
20	"Leaves with moderately dense to dense hairs"	"Solanum chenopodioides"
20	"Leaves with very sparse hairs"	21
21	"Inflorescence umbellate; fruits shiny; anthers 1-1.6 mm long"	"Solanum americanum"
21	"Inflorescence almost umbellate but with 1 or 2 separate flowers; fruits dull; anthers 1.7-2.8 mm long"	"Solanum nigrum"
22	"Calyx lobes accrescent in fruit; leaves with short teeth"	"Solanum styleanum"
22	"Calyx lobes not accrescent in fruit; leaves with prominent lobes"	"Solanum opacum"
23	"Leaves glabrous"	24
23	"Leaves sparsely to densely hairy, or hairs confined to leaf margins"	26
24	"Leaf base decurrent, forming ridged stems; mature fruits green"	"Solanum vescum"
24	"Leaf base not decurrent, stems terete; mature fruits brownish, yellow or orange-red"	25
25	"All leaves on mature plants entire; fruits globose, yellow to brownish"	"Solanum linearifolium"
25	"Some leaves on mature plants deeply divided; fruits ellipsoidal, orange-red"	"Solanum aviculare"
26	"Leaves pinnate; corolla yellow"	"Solanum lycopersicum var. cerasiforme"
26	"Leaves simple; corolla pink or purple"	27
27	"Leaves entire with a cordate base; fruits ellipsoidal, 5-7 cm long"	"Solanum betaceum"
27	"Leaves deeply lobed, base not cordate; fruits globose, 0.9-1.2 cm long"	"Solanum seaforthianum"
28	"Leaves on mature plants with 2 or more pairs of deep lobes OR leaf base hastate"	29
28	"Leaves on mature plants entire or shallowly lobed throughout"	50
29	"Some or all leaves with hastate base"	30
29	"Leaves deeply lobed throughout, never hastate"	33
30	"Stellate hairs of lower leaf surface with central ray 1.5-3 times as long as laterals"	"Solanum latens"
30	"Stellate hairs of lower leaf surface with central ray 0-1 times as long as laterals"	31
31	"Corolla rotate, mature fruits green, 11-16 mm diameter; pedicels 0.8-0.9 mm thick at anthesis"	"Solanum amblymerum"
31	"Corolla deeply lobed, mature fruits red, 6-9 mm diameter; pedicels 0.2-0.7 mm thick at anthesis"	32
32	"Lamina 1.1-2.6 cm wide at midpoint; branchlet prickles broad-based (4-7 times longer than wide); fruiting pedicels 8-12 mm long"	"Solanum chenopodinum"
32	"Lamina 0.2-0.7 cm wide at midpoint; branchlet prickles acicular (9-13 times longer than wide); fruiting pedicels 13-16 mm long"	"Solanum ferocissimum"
33	"Stellate hairs completely lacking from branchlets and leaves"	34
33	"At least some stellate hairs present on branchlets or leaves"	38
34	"Simple hairs present on leaves"	35
34	"Simple hairs absent from leaves (tiny glandular hairs sometimes present)"	36
35	"Simple hairs gland-tipped"	"Solanum adenophorum"
35	"Simple hairs not gland-tipped"	"Solanum capsicoides"
36	"Calyx with 12-40 prickles; petioles 2.1-3.4 cm long"	"Solanum papaverifolium"
36	"Calyx unarmed or with 1-4 prickles; petioles 0.3-1.2 cm long"	37
37	"Calyx with 1-4 prickles; leaf prickles broad-based; fruiting pedicel 5-8 mm long"	"Solanum pugiunculiferum"
37	"Calyx without prickles; leaf prickles acicular; fruiting pedicels 10-19 mm long"	"Solanum dissectum"
38	"Stellate hairs of upper leaf surface dense to very dense"	39
38	"Stellate hairs of upper leaf surface very sparse to moderate, or absent"	40
39	"Branchlet stellate hairs 0.25-0.5 mm diameter; prickles 6-70 on lower leaf surface; fruiting calyx tube accrescent, enclosing fruit; dioecious species"	"Solanum carduiforme"
39	"Branchlet stellate hairs 0.8-1.3 mm diameter; prickles 0-5 on lower leaf surface; fruiting calyx tube not accrescent, lobes shorter than mature fruit; andromonoecious species"	"Solanum succosum"
40	"Fruits completely enclosed by prickly calyx; corolla yellow; style sigmoid"	"Solanum rostratum"
40	"Fruiting calyx tube not accrescent; corolla white to purple; style erect"	41
41	"Branchlets with 350-1400 prickles per 10cm; mature fruits black"	42
41	"Branchlets sparsely to moderately prickly (2-60 prickles per 10cm); mature fruits green,  yellow or red"	43
42	"Lower leaf surface green; calyx without prickles"	"Solanum coracinum"
42	"Lower leaf surface white to yellowish; calyx with up to 25 short prickles"	"Solanum semiarmatum"
43	"Lower leaf surface very densely stellate-hairy"	44
43	"Lower leaf surface sparsely to moderately stellate-hairy"	46
44	"Calyx prickles absent or 1-5; lower leaf surface with 0-2 prickles"	"Solanum nobile"
44	"Calyx prickles 15-65; lower leaf surface with 6-45 prickles"	45
45	"Branchlet stellate hairs sparse, central ray absent; branchlet prickles 5-9 times longer than wide; mature fruits 12-15 mm diameter"	"Solanum lacunarium"
45	"Branchlet stellate hairs dense to very dense, central ray present; branchlet prickles 11-16 times longer than wide; mature fruits 17-28 mm diameter"	"Solanum cinereum"
46	"Simple hairs present on lower leaf surface"	"Solanum sisymbriifolium"
46	"Simple hairs absent from lower leaf surface"	47
47	"Branchlet prickles broad-based, 2-4 times longer than wide"	"Solanum linnaeanum"
47	"Branchlet prickles acicular, 10-16 times longer than wide"	48
48	"Lamina 1.2-2.6 cm long; petiole 0.15-0.45 cm long"	"Solanum graniticum"
48	"Lamina 3-7 cm long; petiole 0.5-1.8 cm long"	49
49	"Upper and lower leaf surfaces and calyx with tiny glandular hairs; corolla white; pedicels 3-6 mm long at anthesis"	"Solanum pusillum"
49	"Leaves and calyx without tiny glandular hairs; corolla purple; pedicels 21-38 mm long at anthesis"	"Solanum stenopterum"
50	"Calyx prickles present on some or all flowers/fruits"	51
50	"Calyx of all flowers/fruits lacking prickles"	86
51	"Simple hairs present on branchlets"	52
51	"Simple hairs absent from branchlets"	56
52	"Stellate hairs absent from branchlets and upper leaf surface"	53
52	"Stellate hairs present on branchlets and leaves"	54
53	"Stellate hairs absent from lower leaf surface; simple hairs on branchlets not gland-tipped"	"Solanum capsicoides"
53	"Stellate hairs present on lower leaf surface; simple hairs on branchlets gland-tipped"	"Solanum viarum"
54	"Leaves 1.8-3.7 x 0.6-1.2 cm"	"Solanum adoxum"
54	"Leaves 5-12.5 x 4-9.5 cm"	55
55	"Stellate hairs numerous on upper leaf surface; calyx stellate hairs central ray 1-1.5 times as long as laterals; mature fruits 21-26 mm diameter"	"Solanum ditrichum"
55	"Stellate hairs absent from upper leaf surface; calyx stellate hairs absent or central ray 4-6 times as long as laterals; mature fruits 11-13 mm diameter"	"Solanum cookii"
56	"Branchlet prickles curved, 2-4 times longer than broad"	"Solanum insanum"
56	"Branchlet prickles straight, 5-20 times longer than broad"	57
57	"Fruiting calyx tube accrescent, covering fruit"	58
57	"Fruiting calyx tube not accrescent, and lobes not exceeding mature fruit"	60
58	"Stellate hairs 0.3–0.6 mm diameter on branchlets and petioles, central ray 0.3–1.2 times length of lateral rays; all stellate hairs on fruiting calyx with stalks <0.5 mm long"	"Solanum fecundum"
58	"Stellate hairs 0.6–1.1 mm diameter on branchlets and petioles, central ray 1–1.8 times length of lateral rays; some of the stellate hairs on fruiting calyx with stalks >0.8 mm long"	59
59	"Branchlet prickles 100-660 per 10cm; petioles 25-55% of lamina length; calyx lobes 2.5-6 mm long at anthesis;"	"Solanum echinatum"
59	"Branchlet prickles 3-80 per 10cm; petioles 55-115% of lamina length; calyx lobes 1-2.5 mm long at anthesis"	"Solanum lucani"
60	"Upper leaf surface glabrous, or stellate hairs very sparse to sparse (not overlapping)"	61
60	"Upper leaf surface with stellate hairs moderate to very dense (overlapping)"	70
61	"Leaves > 3 cm wide"	62
61	"Leaves < 3 cm wide"	65
62	"Leaves entire; upper leaf surface with 2-20 prickles, hairs 0.5-0.8 mm diameter"	"Solanum ellipticum"
62	"Leaves lobed; upper leaf surface with 50-400 prickles, hairs 0.2-0.5 mm diameter"	63
63	"Calyx prickles 1-11; calyx with tiny glandular hairs; style erect"	"Solanum francisii"
63	"Calyx prickles 36-100; calyx lacking tiny glandular hairs; style strongly bent near base"	64
64	"Leaf apex obtuse; corolla white or mauve; seeds 3-3.5 mm long"	"Solanum multiglochidiatum"
64	"Leaf apex acute; corolla purple; seeds 1.9-2.4 mm long"	"Solanum vicinum"
65	"Simple hairs present on branchlets; pedicels 21-38 mm long at anthesis; petioles narrowly-winged"	"Solanum stenopterum"
65	"Simple hairs absent from branchlets; pedicels 4-21 mm long at anthesis; petioles not winged"	66
66	"All leaves entire"	67
66	"At least some leaves lobed"	68
67	"Prostrate plant; stellate hairs on branchlets 0.5-0.8 mm diameter"	"Solanum ellipticum"
67	"Erect plant; stellate hairs on branchlets 0.25-0.4 mm diameter"	"Solanum limitare"
68	"Prickles on upper leaf surface 22-82; stellate hairs on branchlets sparse"	"Solanum prinophyllum"
68	"Prickles on upper leaf surface 0-4; stellate hairs on branchlets dense to very dense"	69
69	"Calyx prickles 0-10; leaves 2.4-7 times longer than wide"	"Solanum angustum"
69	"Calyx prickles 18-50; leaves 1.6-2.4 times longer than wide"	"Solanum graniticum"
70	"Branchlet stellate hairs with central ray 2-4 times as long as laterals; tiny glandular hairs present on branchlets and upper leaf surface; fruits densely hairy"	"Solanum stupefactum"
70	"Branchlet stellate hairs with central ray 0-1.8 times as long as laterals; tiny glandular hairs absent; fruits glabrous or with a few scattered hairs"	71
71	"Leaves 3.8-14 times longer than wide; at least some stellate hairs on the upper leaf surface with 12-16 lateral rays"	72
71	"Leaves 1.2-3.8 times longer than wide; all stellate hairs on the upper leaf surface with 6-10 lateral rays"	73
72	"Branchlet stellate hairs 0.4-0.5 mm diameter; anthers 7-9 mm long; seeds brown to black"	"Solanum elaeagnifolium"
72	"Branchlet stellate hairs 0.7-0.9 mm diameter; anthers 3.5-5 mm long; seeds pale yellow"	"Solanum esuriale"
73	"Style eccentric, strongly bent near its base"	74
73	"Style erect, sometimes curled near apex"	75
74	"Branchlet stellate hairs not floccose (stalks 0–0.2 mm); calyx prickles 0.5–2 mm long; corolla 9–13 mm long"	"Solanum emmottii"
74	"Branchlet stellate hairs floccose (stalks 0–2 mm); calyx prickles 2–4 mm long; corolla 14–20 mm long"	"Solanum lithophilum"
75	"Inflorescences 1–5-flowered"	76
75	"Inflorescences 6–12-flowered"	82
76	"Calyx prickles more than 30"	77
76	"Calyx prickles 0–30"	79
77	"Branchlet prickles 0–10/cm; corolla inner surface sparsely hairy"	"Solanum ellipticum"
77	"Branchlet prickles 18–42/cm; corolla inner surface glabrous"	78
78	"Leaves rusty-coloured, base cuneate; calyx stellate hairs 0.4–0.6 mm across; style and ovary glabrous; branchlet stellate hairs 0.6–0.9 mm diameter"	"Solanum senticosum"
78	"Leaves white to yellowish, base obtuse to cordate; calyx stellate hairs 0.7–0.9 mm across; style and ovary with short glandular hairs; branchlet stellate hairs 0.9–1.2 mm diameter"	"Solanum crebrispinum"
79	"Stellate hairs of upper leaf surface with a central ray 1.1–2 times longer than lateral rays; corolla rotate, white to mauve"	"Solanum cleistogamum"
79	"Stellate hairs of upper leaf surface with a central ray 0.5–1 times longer than lateral rays; corolla shallowly to deeply lobed, purple"	80
80	"Leaves 0.7-1.2 cm wide, 2.9-4.1 times longer than broad, lower surface green; branchlets green"	"Solanum adoxum"
80	"Leaves 1.4-5.2 cm wide, 1.6-2.9 times longer than broad, lower surface greenish-white to grey; branchlets grey to brown"	81
81	"Leaves 2.2–3.5 cm long, prickles absent from upper leaf surface; petioles 58–77% length of lamina; calyx prickles 0–4"	"Solanum unispinum"
81	"Leaves 3.5–14 cm long, prickles 2–20 on upper leaf surface; petioles 20–45% length of lamina; calyx prickles (2–)5–30"	"Solanum ellipticum"
82	"Stellate hairs of upper leaf surface with central ray 1.5–4 times longer than laterals; corolla 16–18 mm long, rotate"	"Solanum prolatum"
82	"Stellate hairs of upper leaf surface with central ray 0.4–1.3 times longer than laterals; corolla 8–15 mm long, deeply lobed or shallowly lobed"	83
83	"Stellate hairs of upper leaf surface 0.05–0.2 mm apart, centre to centre (dense to very dense)"	84
83	"Stellate hairs of upper leaf surface 0.25–1.0 mm apart, centre to centre (sparse to dense)"	85
84	"Stellate hairs consistently present on inner surface of corolla; rachis prickles present; branchlets terete; mature fruits 18–20 mm diameter"	"Solanum callosum"
84	"Stellate hairs consistently absent from inner surface of corolla; rachis prickles absent; branchlets usually ridged; mature fruits 14–17 mm diameter"	"Solanum quadriloculatum"
85	"Stellate hairs of upper leaf surface 1–1.7 mm across, and 0.5–1 mm apart, centre to centre; calyx prickles scattered; corolla 13–15 mm long, rotate or shallowly lobed; ovary with tiny glandular hairs only"	"Solanum capitaneum"
85	"Stellate hairs of upper leaf surface 0.6–0.8 mm across, and 0.25–0.35 mm apart, centre to centre; calyx prickles confined to midveins; corolla 8–10 mm long, deeply lobed; ovary with stellate hairs"	"Solanum chillagoense"
86	"Leaves linear to lanceolate, 3.3-15 times longer than broad"	87
86	"Leaves ovate, broadly ovate, elliptical or orbicular, 0.8-3.2 times longer than broad"	108
87	"Stellate hairs of upper leaf surface dense to very dense"	88
87	"Stellate hairs of upper leaf surface very sparse to moderate, or absent"	94
88	"Simple hairs present on calyx and upper leaf surface; bark corky"	"Solanum versicolor"
88	"Simple hairs absent from plant; bark not corky"	89
89	"Tiny glandular hairs present on branchlets and lower leaf surface; flowers 4-merous"	"Solanum ammophilum"
89	"Tiny glandular hairs absent; flowers 5-merous"	90
90	"Upper leaf surface with stellate hairs 0.4-0.7 mm diameter"	91
90	"Upper leaf surface with stellate hairs 0.15-0.4 mm diameter"	92
91	"Branchlet stellate hairs 0.4-0.5 mm diameter, lateral rays 15-18; calyx stellate hairs with 13-20 lateral rays; anthers 7-9 mm long; seeds brown to black"	"Solanum elaeagnifolium"
91	"Branchlet stellate hairs 0.7-0.9 mm diameter, lateral rays 8-12; calyx stellate hairs with 6-9 lateral rays; anthers 3.5-5 mm long; seeds pale yellow"	"Solanum esuriale"
92	"Stellate hairs lacking a central ray; stellate hairs of lower leaf surface with 13-16 lateral rays"	"Solanum sturtianum"
92	"Stellate hairs with an obvious central ray; stellate hairs of lower leaf surface with 7-9 lateral rays"	93
93	"Branchlet stellate hairs with central ray 0.3-0.7 times as long as laterals; branchlet prickles 0.5-6 mm long; calyx stellate hairs sessile or stalks to 0.1 mm long"	"Solanum intonsum"
93	"Branchlet stellate hairs with central ray 1-1.5 times as long as laterals; branchlet prickles 6-10 mm long; calyx stellate hairs with stalks 0.1-0.4 mm long"	"Solanum jucundum"
94	"Fruiting pedicels 5-13 mm long"	95
94	"Fruiting pedicels 13-33 mm long"	100
95	"Stellate hairs of upper leaf surface 0.05-0.4 mm apart (dense to moderately dense)"	96
95	"Stellate hairs of upper leaf surface 0.4-5 mm apart (very sparse to sparse)"	99
96	"Leaves linear, 0.3-0.6 cm wide"	"Solanum galbinum"
96	"Leaves linear to ovate, 0.7-6.5 cm wide"	97
97	"Stellate hairs of upper leaf surface with lateral rays ascending; inner surface of corolla sparsely stellate-hairy"	"Solanum intonsum"
97	"Stellate hairs of upper leaf surface with lateral rays porrect; inner surface of corolla glabrous"	98
98	"Stellate hairs of upper leaf surface 0.4-0.7 mm across, lateral rays 6-12, central ray 0.5-1 times as long as laterals; common peduncle 14-36 mm long"	"Solanum esuriale"
98	"Stellate hairs of upper leaf surface 0.15-0.3 mm across, lateral rays 13-15, central ray absent; common peduncle 3-5 mm long"	"Solanum sturtianum"
99	"Upper leaf surface stellate hairs 0.1-0.2 mm diameter and 0.4-0.7 mm apart; mature fruits 11-16 mm diameter, green"	"Solanum amblymerum"
99	"Upper leaf surface stellate hairs 0.3-0.5 mm diameter and 0.8-5 mm apart; mature fruits 6-8 mm diameter, red"	"Solanum parvifolium"
100	"Stellate hairs absent from fully expanded leaves"	"Solanum lythrocarpum"
100	"Stellate hairs present on fully expanded leaves"	101
101	"Lower leaf surface stellate hairs with central ray 1.5-6 times as long as laterals"	102
101	"Lower leaf surface stellate hairs with central ray 0-1 times as long as laterals"	104
102	"Leaves 0.3-0.8 cm wide; lower surface green, with stellate hairs 0.3-2 mm apart"	"Solanum latens"
102	"Leaves 0.9-4.5 cm wide; lower surface white, yellowish or rusty, with stellate hairs 0.05-0.2 mm apart"	103
103	"Petioles 3-7% length of lamina; pedicels 4-7 mm long at anthesis; leaves often with shallow lobes"	"Solanum fervens"
103	"Petioles 11-16% length of lamina; pedicels 8-15 mm long at anthesis; leaves entire"	"Solanum stelligerum"
104	"Branchlet stellate hairs 0.7-0.9 mm diameter; common peduncle 14-36 mm long"	"Solanum esuriale"
104	"Branchlet stellate hairs 0.2-0.6 mm diameter; common peduncle 0-7 mm long"	105
105	"Upper leaf surface grey-green; herbaceous resprouter; mature fruits green"	"Solanum limitare"
105	"Upper leaf surface green; perennial shrubs; mature fruits red"	106
106	"Leaves lanceolate to ovate, stellate hairs absent from upper surface; mature fruits 10-14 mm diameter; Cape York peninsula only"	"Solanum discolor"
106	"Leaves linear to narrow-lanceolate; stellate hairs very sparse to moderate on upper surface; mature fruits 5-9 mm diameter; not on Cape York peninsula"	107
107	"Seeds 3.0-3.6 mm long; prickles present on both leaf surfaces"	"Solanum ferocissimum"
107	"Seeds 1.9-2.4 mm long; prickles absent from leaves"	"Solanum parvifolium"
108	"Upper leaf surface with moderate to very dense stellate hairs"	109
108	"Upper leaf surface glabrous or stellate hairs very sparse to sparse"	123
109	"Leaves 0.8-1.8 times longer than broad"	110
109	"Leaves 1.8-3.2 times longer than broad"	115
110	"Branchlet prickles curved, broad-based, 1.5-3 times longer than broad; inflorescence heavily branched, 13-65 flowered"	111
110	"Branchlet prickles straight, acicular, 5-17 times longer than broad; inflorescence unbranched or flowers solitary, 1-6 flowered"	112
111	"Simple hairs absent from calyx and pedicels; new growth rusty"	"Solanum chrysotrichum"
111	"Simple hairs present on calyx and pedicels; new growth white or grey"	"Solanum torvum"
112	"Lamina 1-2.5 cm long, petioles 0.1-0.3 cm long; stellate hairs of upper leaf surface with 12-16 lateral rays"	"Solanum oligacanthum"
112	"Lamina 2.5-35 cm long, petioles 0.9-7.2 cm long; stellate hairs of upper leaf surface with 4-10 lateral rays"	113
113	"Stellate hairs of upper leaf surface with central ray 4-10 times as long as laterals; fruits conspicuously tomentose, 25-35 mm diameter"	"Solanum lasiocarpum"
113	"Stellate hairs of upper leaf surface with central ray 0.2-3 times as long as laterals; fruits glabrous, c. 15 mm diameter"	114
114	"Corolla white, deeply lobed; stellate hairs on the upper leaf surface 0.6-0.9 mm across"	"Solanum argopetalum"
114	"Corolla purple, rotate; stellate hairs on the upper leaf surface 0.3-0.4 mm across"	"Solanum orgadophilum"
115	"Leaves 0.5-2.5 cm long"	"Solanum elachophyllum"
115	"Leaves 2.5-16.5 cm long"	116
116	"Branchlet prickles 0-20 per 10cm"	117
116	"Branchlet prickles 21-1400 per 10cm"	121
117	"Calyx with tiny glandular hairs or simple hairs (as well as stellate hairs); bark corky"	118
117	"Calyx with stellate hairs only; bark not corky, non-descript"	119
118	"Calyx with stellate hairs and tiny glandular hairs; shrub 1-3 m high"	"Solanum furfuraceum"
118	"Calyx with stellate hairs and simple hairs; subshrub 0.1-0.3 m high"	"Solanum versicolor"
119	"Stellate hairs stalks (branchlets and calyx) up to 2.2 mm long; corolla rotate; common peduncle 15-33 mm long"	"Solanum cocosoides"
119	"Stellate hairs stalks (branchlets and calyx) up to 0.4 mm long; corolla shallowly or deeply lobed; common peduncle 0-12 mm long"	120
120	"Tiny glandular hairs absent from upper leaf surface; branchlet stellate hairs with porrect lateral rays; stellate hairs of lower leaf surface 0.4-0.6 mm diameter"	"Solanum intonsum"
120	"Tiny glandular hairs present on upper leaf surface; branchlet stellate hairs with lateral rays porrect, ascending, or multiradiate; stellate hairs of lower leaf surface 0.2-0.4 mm diameter"	"Solanum jucundum"
121	"Branchlet prickles broad, recurved, 1-2.5 times longer than broad"	"Solanum hamulosum"
121	"Branchlet prickles acicular, straight, 10-20 times longer than broad"	122
122	"Inflorescence 1-2 flowered; branchlet prickles 30-160 per 10cm; prickles absent from leaves"	"Solanum crassitomentosum"
122	"Inflorescence 7-25 flowered; branchlet prickles 240-1400 per 10cm; prickles present on both leaf surfaces"	"Solanum mitchellianum"
123	"Leaves 0.5-2.5 x 0.3-0.7 cm"	"Solanum elachophyllum"
123	"Leaves 2.5-26 x 0.9-19 cm"	124
124	"Plants prostrate, stoloniferous, rooting at the nodes"	125
124	"Plants erect or sprawling, but not prostrate or stoloniferous"	126
125	"Stellate hairs of lower leaf surface lacking a central ray; mature fruits red"	"Solanum mentiens"
125	"Stellate hairs of lower leaf surface with clearly visible central ray; fruits green to yellowish-green"	"Solanum serpens"
126	"Calyx and pedicel with simple hairs"	127
126	"Calyx and pedicel lacking simple hairs"	129
127	"Leaves 1.1-1.5 times longer than broad, lower surface white"	"Solanum torvum"
127	"Leaves 1.9-2.7 times longer than broad, lower surface green"	128
128	"Calyx lobes 2-3.5 mm long at anthesis; fruiting pedicels c. 15 mm long; lower leaf surface with 11-17 prickles"	"Solanum dysprosium"
128	"Calyx lobes 4-9 mm long at anthesis; fruiting pedicels 26-38 mm long; lower leaf surface with 0-9 prickles"	"Solanum inaequilaterum"
129	"Branchlet prickles curved, broad-based, 1-5 times longer than broad"	130
129	"Branchlet prickles straight, 6-20 times longer than broad, or absent"	132
130	"Leaves 9-19 cm wide; branchlet stellate hairs on thick stalks 0.1-1 mm long; inflorescence 3-4 branched (paniculate)"	"Solanum chrysotrichum"
130	"Leaves 4.5-7.5 cm wide; branchlet stellate hairs sessile or with short thready stalks; inflorescences pseudo-racemose"	131
131	"Leaves 1.9-2.5 times longer than broad, entire or with obtuse lobes; stellate hairs of branchlets and lower leaf surface lacking a central ray"	"Solanum dimorphispinum"
131	"Leaves 1.4-1.8 times longer than broad, with acute lobes; stellate hairs of branchlets and lower leaf surface with central ray 0.3-0.6 times as long as laterals"	"Solanum eminens"
132	"Branchlets with corky outgrowths, large stems very corky"	133
132	"Branchlets without corky outgrowths, large stems not corky"	134
133	"Simple hairs absent from upper leaf surface; stellate hairs of lower leaf surface with central ray 0.3-0.7 times as long as laterals; leaves consistently lobed"	"Solanum sporadotrichum"
133	"Simple hairs present on upper leaf surface; stellate hairs of lower leaf surface with central ray 1-2 times as long as laterals; leaves usually entire"	"Solanum furfuraceum"
134	"All stellate hairs on lower leaf surface stalked (stalks 0.15-0.6 mm long)"	135
134	"Some or all stellate hairs on lower leaf surface sessile"	136
135	"Stellate hairs on upper leaf surface absent or confined to midrib; mature fruits red, 6-7 mm diameter"	"Solanum dryanderense"
135	"Stellate hairs distributed throughout upper leaf surface; mature fruits yellowish-green to green, 19-24 mm diameter"	"Solanum rixosum"
136	"Stellate hairs of lower leaf surface with central ray absent or up to 0.6 times as long as laterals"	137
136	"Stellate hairs of lower leaf surface with central ray 0.7-6 times as long as laterals"	140
137	"Lower leaf surface white to yellowish, stellate hairs dense to very dense"	138
137	"Lower leaf surface green, stellate hairs very sparse to moderate"	139
138	"Stellate hairs of lower leaf surface without a central ray"	"Solanum corifolium"
138	"Stellate hairs of lower leaf surface with central ray 0.1-0.5 times as long as laterals"	"Solanum discolor"
139	"Petioles 0.6-1 cm long; stellate hairs absent from upper leaf surface, 0.4-0.6 mm diameter on lower surface; pedicels 0.15-0.25 mm thick at anthesis; Cape York"	"Solanum defensum"
139	"Petioles 1.4-2.6 cm long; stellate hairs present on upper leaf surface, 0.2-0.3 mm diameter on lower surface; pedicels 0.4-0.7 mm thick at anthesis; Wet Tropics"	"Solanum macoorai"
140	"Branchlet prickles 30-1400 per 10cm; petiole prickles present"	141
140	"Branchlet prickles 0-25 per 10cm; petioles without prickles"	142
141	"Branchlet prickles 240-1400 per 10cm; lamina base obtuse to cordate; inflorescence 7-25 flowered; mature fruits black, 8-9 mm diameter"	"Solanum mitchellianum"
141	"Branchlet prickles 30-70 per 10cm; lamina base cuneate; inflorescence 1-3 flowered; mature fruits green, 16-19 mm diameter"	"Solanum dumicola"
142	"Some leaves shallowly lobed"	143
142	"All leaves entire"	144
143	"Petioles 0.4-0.8 cm long; calyx lobes 0.5-1.2 mm long at anthesis; mature fruits red, 9-12 mm diameter"	"Solanum fervens"
143	"Petioles 1-3.5 cm long; calyx lobes 3-4 mm long at anthesis; mature fruits yellowish-green to yellow, 20-27 mm diameter"	"Solanum magnifolium"
144	"Pedicels 0.8-1.3 mm thick at midpoint; inner surface of corolla stellate-hairy; fruits 4-locular"	"Solanum tetrathecum"
144	"Pedicels 0.2-0.7 mm thick at midpoint; inner surface of corolla glabrous; fruits 1-locular"	145
145	"Stellate hairs of lower leaf surface all sessile, stellate hairs 0.1-0.3 mm apart; mature fruits 3.5-6 mm diameter"	"Solanum shirleyanum"
145	"Lower leaf surface with some long-stalked stellate hairs (to 0.6 mm long), stellate hairs 0.05-0.1 mm apart; mature fruits 6.5-9 mm diameter"	"Solanum stelligerum"
