from	statement	to
1	"Branchlets and leaves villous with erect hairs 0.2–0.8 mm long; leaves bifoliolate"	"Sarcotoechia villosa"
1	"Branchlets and leaves glabrous or with appressed hairs 0.05-0.2 mm long; leaves with 1–4 pairs of leaflets"	2
2	"Fruits 1.5–2.5 cm long, 1–3 cm diameter, 3-locular, valves glabrous inside except villous sutures; leaflets 7–17 cm long, 2.5–6 cm wide; lateral veins distinct, raised below"	"Sarcotoechia protracta"
2	"Fruits 0.6–1.3 cm long, 0.8–1.8 cm diameter, 2-locular, valves hairy inside; leaflets 3.5–13 cm long, 1–4 cm wide; lateral veins not prominent, ± flush below"	3
3	"Leaflets 1 or 2 pairs, narrowly obovate-cuneate, coriaceous; petiolules 1–3 mm long"	"Sarcotoechia cuneata"
3	"Leaflets 2–4 pairs, narrowly elliptic-oblong, ± chartaceous; petiolules 4–12 mm long"	"Sarcotoechia lanceolata"
