from	statement	to
1	"Leaves, petioles, rachises and calyces all with dense patent hairs; pods hairy, 8-9 cm long"	"Hardenbergia sp. (Mt Mulligan J.R.Clarkson 5775)"
1	"Leaves, petioles, rachises and calyces all glabrous or with very sparse antrorse hairs; pods glabrous, 2.5-5.5 cm long"	2
2	"Leaves unifoliolate; flowers borne in groups of 2 along rachis; calyx teeth 0.8-1.1 mm long; pods 2.5-4 cm long"	"Hardenbergia violacea"
2	"Leaves trifoliolate; flowers borne in groups of 3 along rachis; calyx teeth 0.4-0.6 mm long; pods 4.5-5.5 cm long"	"Hardenbergia perbrevidens"
