from	statement	to
1	"Leaves opposite or subopposite"	2
1	"Leaves alternate"	8
2	"Shrubs or trees"	3
2	"Vines or scandent shrubs"	7
3	"Style lateral on fruit; anthers with thick dorsal connective; disk cupular. Rainforest. E Qld, NT (Pleurostylia opposita)"	Pleurostylia
3	"Style terminal on fruit; anthers without thick dorsal connective; disk flat"	4
4	"Fruit drupaceous; ovary 2-locular. Rainforest. E Qld, NE NSW, NT & WA"	Elaeodendron
4	"Fruit capsular; ovary 2- or 5-locular"	5
5	"Leaves sessile, leaf apex pungent; ovary 2-locular. Woodland, forest. SE Qld"	Apatophyllum
5	"Leaves petiolate, leaf apex not pungent; ovary 4- or 5-locular"	6
6	"Petals fringed; ovary with 2 ovules per loculus; inflorescence on long-pedunculate, loosely branched cymes; capsule obpyriform, 3-5-lobed, 12-15 mm long. Rainforest. Wet Tropics, NE Qld (Euonymus australiana)"	Euonymus
6	"Petals entire, not fringed; ovary with 8 ovules per loculus; inflorescence short, few-flowered, rarely branched; fruit globular or ellipsoidal, shallowly 5-lobed, 20-25 mm long. Rainforest. NE Qld (Monotypic: Dinghoua globularis)"	Dinghoua
7	"Fruit drupaceous; seeds not winged; petals membranous, strongly imbricate. Rainforest. NE Qld, NT"	Salacia
7	"Fruit a 3-lobed capsule; seeds winged; petals subcoriaceous, slightly imbricate. Rainforest, Cape York & E Qld (Hippocratea barbata)"	Hippocratea
8	"Leaves and branchlets velutinous or pubescent; petals fringed. Rainforest, Wet Tropics, NE Qld (Monotypic: Hexaspora pubescens)"	Hexaspora
8	"Leaves and branchlets glabrous or nearly so; petals entire"	9
9	"Fruit a capsule"	10
9	"Fruit indehiscent, globular or obovoid, 25-70 mm long, yellow or orange; seeds embedded in granular pericarp and each surrounded by hard endocarp. Woodland, forest, rainforest. E Qld, NE NSW"	Siphonodon
10	"Ovary 4- or 5-locular"	11
10	"Ovary 1–3-locular"	13
11	"Stamens inserted on margin of a cupular disc; aril attached to base of seed; ovary not hollow apically. Woodland, forest, rainforest. Widespread"	Denhamia
11	"Stamens inserted beneath margin of a fleshy disc in sinuses or inside before the notches of the disc; aril attached lengthwise to one side of the seed; ovary hollow apically"	12
12	"Stamens inserted beneath the outer margin of the disc; aril at base and one side of seed, thread-like, white with brown tip; petals imbricate in bud. Rainforest. E Qld, NE NSW. (Monotypic: Hedraianthera porphyropetala)"	Hedraianthera
12	"Stamens inserted inside before the notches of the disc; aril ± completely enclosing seed, orange-red; petals valvate in bud. Rainforest. Wet Tropics, NE Qld (Brassiantha hedraiantheroides)"	Brassiantha
13	"Leaves distichous on lateral branches; petals red; capsule fusiform; seeds in rows on elongated funicles from 3 placentas embedded in a fleshy aril much larger than the seed. Rainforest. Wet Tropics, NE Qld"	Hypsophila
13	"Leaves not distichous; petals white to pale green; seeds not in rows on elongated funicles"	14
14	"Flowers bisexual; shrubs or trees, not scandent"	15
14	"Flowers functionally unisexual; usually scandent shrubs"	16
15	"Inflorescence formed strictly in the axils of true leaves, usually solitary; leaf apex pungent; leaf venation of parallel veins; stomata paracytic; shrubs 0.2-1 m high. Woodland, forest. Central & SE Qld, NSW"	Apatophyllum
15	"Inflorescence borne in axils of small bracts or prophylls, few- to many-flowered; leaf apex never pungent; leaf venation reticulate; stomata laterocytic or cyclocytic; shrubs or trees usually > 1 m high. Woodland, forest, rainforest. Widespread"	Denhamia
16	"Flowers in terminal or axillary racemes or panicles; spines absent. Rainforest. E Qld, NSW"	Celastrus
16	"Flowers in single or fascicled axillary cymes; spines often present in leaf axils or terminating shoots. Rainforest, NE Qld (Gymnosporia inermis)"	Gymnosporia
