from	statement	to
1	"Mature lamina on underside glabrescent, soon glabrous or nearly so"	2
1	"Mature lamina with a persistent indumentum below, glabrescent with age"	6
2	"Fruit 5–6(–8) cm long, 3.5–4.5 cm wide; seeds 30–40 mm long"	"Pleioluma macrocarpa"
2	"Fruit up to 3 cm long, up to 1.5 cm wide; seeds less than 20 mm long"	3
3	"Fruit subglobose or broadly obovoid, pericarp brittle when dry; style remnant c. 0.5 mm long, not expanded at the base"	"Pleioluma laurifolia"
3	"Fruit ellipsoid or narrowly obovoid, pericarp not brittle when dry; style remnant 2–7 mm long, with an expanded base"	4
4	"Pedicel 15–40 mm long"	"Pleioluma singuliflora"
4	"Pedicel less than 15 mm long"	5
5	"Style base and top of ovary marked by a ring of appressed trichomes"	"Pleioluma xerocarpa"
5	"Style base and top of ovary glabrous"	"Pleioluma queenslandica"
6	"Lamina trichomes on underside closely appressed like a pellicle, more or less covering the epidermis, straight, mostly hyaline, glabrescent; calyx lobes 6–7 mm long"	"Pleioluma brownlessiana"
6	"Lamina trichomes tortuous and more or less matted or erect and nearly straight, mostly reddish or dark brown, fading with age; calyx lobes less than 5 mm long"	7
7	"Lamina 8–18 cm long; tertiary veins prominent below; pedicels 7–10 mm long; calyx lobes 3–3.5 mm long"	"Pleioluma papyracea"
7	"Lamina 2.8–8 cm long; tertiary veins not prominent below; pedicels (12–)16–22 mm long, calyx lobes 3.5–5 mm long"	8
8	"Lamina trichomes erect with a short side branch, sometimes two, leaf surface visible between the trichomes; pedicels with reddish-brown tortuous and erect trichomes"	"Pleioluma pilosa"
8	"Lamina trichomes appressed and tomentose, obscuring the tertiary veins, leaf surface hidden by the indumentum and visible only with age"	"Pleioluma ferruginea"
