from	statement	to
1	"Leaves opposite"	2
1	"Leaves alternate"	4
2	"Stems and leaves glabrous; petals blue or scarlet; fruiting pedicels 8-30 mm long"	"Lysimachia arvensis"
2	"Stems and leaves with sparse to dense hairs; petals yellow; fruiting pedicels 1-5 mm long"	3
3	"Leaves 30-45 mm long (excluding petiole), apex acute; flowers in congested terminal raceme, corolla 6-9 mm long"	"Lysimachia congestiflora"
3	"Leaves 8-18 mm long (excluding petiole), apex obtuse; flowers solitary in leaf axils, corolla 5-6 mm long"	"Lysimachia japonica"
4	"Fruiting pedicels 3-9 mm long"	"Lysimachia ovalis"
4	"Fruiting pedicels 0.4-0.8 mm long"	"Lysimachia minima"
