from	statement	to
1	"Largest leaves less than 18 mm long"	"Aggreflorum purpurascens"
1	"Largest leaves more than 18 mm long"	2
2	"Flattened stem flanges present on branchlets"	3
2	"Flattened stem flanges absent"	4
3	"Bark rough at base of stems; fruits 2.5-2.7 mm long; new growth conspicuously silky-hairy; growing in riparian communities"	"Aggreflorum brachyandrum"
3	"Stems smooth-barked throughout; fruits 1.8-2.2 mm long; new growth appearing glabrous to naked eye; growing on rocky ridges and cliff-lines"	"Aggreflorum anfractum"
4	"Flowers and fruits in sessile clusters"	5
4	"Flowers and fruits pedicellate, in groups of three"	6
5	"Inflorescence 6-12-flowered; leaves 7-11 mm wide, base obtuse"	"Aggreflorum speciosum"
5	"Inflorescence 3-6-flowered; leaves 4-7 mm wide, base cuneate"	"Aggreflorum ellipticum"
6	"Pedicels 5-11 mm long; fruits 5-locular; bark rough throughout"	"Aggreflorum pallidum"
6	"Pedicels 0.5-1.5 mm long; fruits 3-locular; bark smooth throughout"	7
7	"Leaves dark green, apex obtuse; growing on rocky hillsides"	"Aggreflorum luehmannii"
7	"Leaves pale green, apex acute; growing along watercourses"	"Aggreflorum longifolium subsp. longifolium"
