from	statement	to
1	"Calyx obtuse at base; leaves pungent-pointed"	"Dillwynia sieberi"
1	"Calyx tapering at base; leaf apices innocuous"	2
2	"Flowers terminal or in upper axils, in corymbs or racemes or rarely solitary"	3
2	"Flowers axillary, usually in pairs"	5
3	"Leaves not spirally twisted or rarely slightly so"	"Dillwynia glaberrima"
3	"Leaves conspicuously spirally twisted"	4
4	"Leaves glabrous"	"Dillwynia retorta"
4	"Leaves covered with stiff hairs or at least with a few stiff hairs at apex"	"Dillwynia phylicoides"
5	"Branches with silky white hairs; pods 3-4 mm long; southern Darling Downs"	"Dillwynia sericea"
5	"Branches without silky white hairs; pods 4-7 mm long; coastal"	"Dillwynia floribunda"
