from	statement	to
1	"Mericarps densely covered with hairs 1-1.5 mm long"	"Trachymene gilleniae"
1	"Mericarps glabrous, smooth or tuberculate"	2
2	"Fruits consisting of a single mericarp"	3
2	"Fruits with two mericarps present, sometimes unequal in size"	8
3	"Mericarps more than 4 mm long (including wing if present)"	4
3	"Mericarps less than 4 mm long"	7
4	"Mericarps with a thin 0.5-2 mm wide wing on outer edge"	5
4	"Mericarps without a wing"	6
5	"Spreading multi-stemmed herb to 40 cm high; leaf blades deeply tripartite, up to 3 cm long; segments shallowly lobed; lobes 2-5 mm wide"	"Trachymene clivicola"
5	"Erect single-stemmed herb to 80 cm high; leaf blades deeply trisected, up to 7 cm long; segments deeply lobed; lobes 1-2 mm wide"	"Trachymene bivestita var. pterocarpa"
6	"Stems and leaves glandular hairy"	"Trachymene glandulosa"
6	"Stems and leaves completely glabrous"	"Trachymene glaucifolia"
7	"Mericarps 3-4 mm long with a prominent ring of large papillae on outer edge"	"Trachymene cyanantha"
7	"Mericarps 2.5-3.5 mm long, evenly papillose or completely smooth"	"Trachymene bivestita var. bivestita"
8	"Leaves basal, hairy; leaf blades orbicular with 5-7 shallow lobes; lobes dentate"	"Trachymene geraniifolia"
8	"Leaves basal or cauline, glabrous or hairy; leaf blades deeply trisected and pinnatifid"	9
9	"Mericarps more than 4 mm long"	10
9	"Mericarps less than 3.5 mm long"	11
10	"Plants tussock-forming, to 30 cm high"	"Trachymene cussonii"
10	"Plants erect, up to 1 m high"	"Trachymene glaucifolia"
11	"Plants prostrate, creeping"	12
11	"Plants erect, weakly erect or ascending"	13
12	"Leaf blades up to 2 cm long; mericarps 1.5-2 mm long"	"Trachymene psammophila"
12	"Leaf blades mostly more than 2 cm long; mericarps 2-3 mm long"	"Trachymene procumbens"
13	"Leaves mostly crowded at base, a few small leaves on stem"	14
13	"Leaves basal and cauline, not crowded at base"	15
14	"Mericarps less than 2 mm long; leaf segments obtuse"	"Trachymene ochracea"
14	"Mericarps 2-3.5 mm long; leaf segments acute"	"Trachymene incisa"
15	"Slender, multi-stemmed, weakly erect or ascending herbs to 30 cm; leaf segments acute or acuminate, 0.5-1.5 mm wide"	"Trachymene tenuifolia"
15	"Erect, single-stemmed herbs usually more than 30 cm high, robust, often woody at base; leaf segments 1-6 mm wide, rounded or acute"	16
16	"Bracts narrowly triangular, often lobed, distinctly shorter than pedicels, 1-6 mm wide, fruit 1.6-2 mm long"	"Trachymene montana"
16	"Bracts subulate, entire, mostly equal or longer than pedicels, 1-2 mm wide; fruit 2-3 mm long"	17
17	"Leaf segments rounded or broadly acute, 2-6 mm wide; umbels 8-10 mm wide in fruit"	"Trachymene longipedunculata"
17	"Leaf segments acute or acuminate, 1-4 mm wide; umbels 10-16 mm wide in fruit"	"Trachymene hookeri"
