from	statement	to
1	"Flowers 12-15 mm long; leaves conspicuous, ovate, 10-23 mm broad"	"Isotropis foliosa"
1	"Flowers 5-10 mm long; leaves inconspicuous, linear or rarely narrow- elliptic, mostly less than 5 mm broad"	2
2	"Leaves not noticeably unifoliolate; petiole 0-3 mm long; plant tomentose"	"Isotropis wheeleri"
2	"Leaves noticeably unifoliolate by an articulation near the petiole apex; petiole 2-10 mm long; plant sericeous to glabrescent"	3
3	"Leaflet blade 6-10 mm long; body of pod constricted near base"	"Isotropis winneckei"
3	"Leaflet blade 10-40 mm long; pod tapered at base but not constricted above it"	4
4	"Flowers subtended by bracts in longish (to 8 cm) open racemes"	"Isotropis filicaulis"
4	"Flowers axillary or leaf-opposed"	"Isotropis parviflora"
