from	statement	to
1	"Plants submersed with floating leaves that are markedly cordate at the base (emergent in mudflat or when crowded); corolla-lobe side-wings laciniate; capsules dehiscing irregularly and bending over at maturity"	Nymphoides
1	"Plants emergent, with erect and/or floating leaves that are rounded or shallowly cordate at the base; corolla-lobe side-wings entire; capsules aerial, opening by 4 apical valves"	2
2	"Leaves ovate to lanceolate, isobilateral, 6–15 cm long; flowers heterostylous, 15–30 mm diameter; each placenta with 5–10 ovules (Liparophyllum exaltatum)"	Liparophyllum
2	"Leaves ± circular, dorsiventral, 4–8 cm long; flowers homostylous, 18–40 mm diameter; each placenta with 11 ovules or more (Ornduffia reniformis)"	Ornduffia
