from	statement	to
1	"Fruiting calyx inflated, with either reticulate venation or transverse striations between the longitudinal veins; pod enclosed"	2
1	"Fruiting calyx not inflated; calyx with longitudinal veins, lacking transverse striations; pod enclosed or exserted from the calyx tube"	3
2	"Annuals; leaflets green, with clearly separated venation: heads sessile or nearly so; fruiting heads woolly, globose"	"Trifolium tomentosum var. tomentosum"
2	"Rhizomatous perennials; leaflets pale green, with close-set venation; heads on long peduncles; fruiting heads not woolly, ovoid"	"Trifolium fragiferum var. fragiferum"
3	"Inflorescences with outer fertile corollate flowers developing first, and many inner sterile flowers lacking corollas, the calyces of which elongate and recurved over the fertile flowers, to form a tangled mass concealing the fruit"	"Trifolium subterraneum"
3	"Inflorescences with all flowers corollate, mostly fertile, inner sterile calyces absent"	4
4	"Calyx 5-veined, 1.5–2.5 mm long, with 2 very short triangular upper lobes, and 3 longer, subulate lower lobes; corolla yellow, becoming brown and scarious; pod distinctly stipitate"	5
4	"Calyx 5-, 10- or 20- veined, more than 3 mm long; calyx lobes equal or not; corolla red, purple, pink, cream or white; pod sessile or shortly stipitate"	6
5	"Inflorescences with 20–50 tightly packed flowers; standard curved over the other petals at maturity, not longitudinally folded"	"Trifolium campestre var. campestre"
5	"Inflorescences with 2–20 loosely arranged flowers; standard sharply longitudinally folded over other petals at maturity"	"Trifolium dubium"
6	"Inflorescences sessile or shortly pedunculate between subopposite reduced leaves, or clasped around by broad, prominently veined involucral stipules; flowers sessile or nearly so"	7
6	"Inflorescences distinctly pedunculate; involucral stipules absent; flowers sessile or pedicellate"	8
7	"Inflorescences more than 15 mm long; flowers more than 12 mm long"	"Trifolium pratense"
7	"Inflorescences usually less than 17 mm long; flowers less than 8 mm long"	"Trifolium glomeratum"
8	"Pedicels > 1 mm long, each flower subtended by a small bract; calyx tube 5- or 10- veined"	"Trifolium repens var. repens"
8	"Flowers sessile or pedicels < 1 mm long; bracts absent from base of flower; calyx tube 10- or 20- veined; calyx distinctly 20-veined, glabrous"	9
9	"Leaflets obovate, < 3 times as long as wide"	"Trifolium alexandrinum var. serotinum"
9	"Leaflets narrowly oblong, narrowly elliptic, or linear, > 4 times as long as wide"	10
10	"Peduncles shorter than the subtending leaf; inflorescences 15–80 mm long; throat of mature calyx closed by a bilabiate callosity"	"Trifolium angustifolium var. angustifolium"
10	"Peduncles longer than the subtending leaf; inflorescences 7–35 mm long; throat of mature calyx villous, without a callosity"	"Trifolium arvense var. arvense"
