from	statement	to
1	"Apical buds protected by overlapping (imbricate) stipules"	"Atractocarpus merikin"
1	"Apical buds protected by a connate stipular sheath which splits down one side as leaves emerge"	2
2	"Leaves with domatia in midvein-secondary vein angles"	"Atractocarpus benthamianus subsp. glaber"
2	"Leaves without domatia in midvein-secondary vein angles"	3
3	"Small, slender, sparsely branched, understorey treelets"	4
3	"Small to medium, robust, densely branched trees"	5
4	"Leaves glabrous above; midvein with 8-11 secondary veins each side; south-eastern Queensland"	"Atractocarpus chartaceus"
4	"Leaves hairy above; midvein with 11-14 secondary veins each side; north-eastern Queensland"	"Atractocarpus hirtus"
5	"Bark extending to the petioles of mature leaves; stipules abruptly laterally compressed basally in the plane of the leaves and twisted above, minutely papillate giving a matt appearance; inflorescence fasciculate; flowers and fruit subsessile"	"Atractocarpus sessilis"
5	"Bark not extending to the petioles of mature leaves; stipules attenuate, not twisted, glabrous and glossy; inflorescence paniculate; flowers and fruit pedicellate"	6
6	"Male flowers on pedicels 10-15 mm long; female inflorescences bearing 1(-4) flower(s); fruit solitary (rarely 2-4 together), 35-100 mm in diameter, on robust pedicels 10-15 mm long"	"Atractocarpus fitzalanii subsp. fitzalanii"
6	"Male flowers on pedicels 20-40 mm long; female inflorescences bearing 3-7 flowers; fruit (1-)3-7 per inflorescence, 20-25 mm in diameter, on slender pedicels 20-40 mm long"	"Atractocarpus fitzalanii subsp. tenuipes"
