from	statement	to
1	"Articles of fruit 10–15 x 7.5–9 mm; flowers 12–18 mm long; stems thick and spongy"	"Aeschynomene aspera"
1	"Articles of fruit less than 7 mm long; flowers less than 10 mm long; stems not as above"	2
2	"Leaves with 5–18 leaflets, obovate to elliptic-oblong and more than 3 mm wide"	3
2	"Leaves with 12–112 leaflets, narrowly oblong or falcate, less than 3 mm wide"	5
3	"Stems covered in spreading glandular hairs; leaflets more than 1 cm long"	"Aeschynomene brasiliana"
3	"Stems with appressed hairs, not glandular; leaflets less than 1 cm long"	4
4	"Fruits falcate, with 6–8 articles; stems mostly fine appressed hairy; stipe 6–14 mm long, with spreading hairs 1–2 mm long"	"Aeschynomene falcata"
4	"Fruits straight or slightly falcate, with 1–4 articles; stems variously hairy, usually with a mixture of long spreading glandular hairs, and appressed or curved short hairs; stipe 2–7 mm long, sometimes with spreading hairs but these less than 1 mm long"	"Aeschynomene brevifolia"
5	"Leaflets with 1 main nerve, not falcate"	6
5	"Leaflets with 2 or 3 main nerves, usually falcate"	7
6	"Fruits with straight or slightly curved upper margin, indented between articles on lower margin"	"Aeschynomene indica"
6	"Fruits indented on both margins (moniliform); articles elliptic"	"Aeschynomene paniculata"
7	"Flowers yellow, 3–5(–9) mm long; fruit villous or hispid, the surface veins and murications obscure; articulation joins less than half of the articles"	"Aeschynomene villosa"
7	"Flowers pink or purple, 6–8 (–10) mm long; fruit glabrous to puberulent to glandular; reticulate veined near margin and muricate; articulation joins more than half the article width"	8
8	"Fruit articles and pedicel pubescent, with mostly glandular hairs"	"Aeschynomene americana var. glandulosa"
8	"Fruit articles and pedicel glabrous or with few non-glandular hairs"	"Aeschynomene americana var. americana"
