from	statement	to
1	"Leaves pinnate"	2
1	"Leaves palmate"	4
2	"Leaf rachis 30–150 mm long, leaflets all about same size; pods lacking uncinate hairs"	"Labichea buettneriana"
2	"Leaf rachis 2–30 mm long, terminal leaflet longer than lateral leaflets; pods with many uncinate hairs"	3
3	"Terminal leaflet 3.5–4.6 times longer than broad; leaflets recurved but not undulate, marginal glands absent; the longer anther 6.5–7.8 mm long"	"Labichea mulliganensis"
3	"Terminal leaflet 1.9–2.4 times longer than broad; leaflets undulate with 3–5 pairs of non-raised glands along the margin; the longer anther 5.5–6.4 mm long"	"Labichea brassii"
4	"Terminal leaflet 2–5 times longer than the next longest leaflet; leaves often with 3 leaflets, otherwise 5; leaflet undersides with persistent sparse hairs along the midrib and on lamina surface"	"Labichea rupestris"
4	"Terminal leaflet 1–2 times longer than the next longest leaflet; leaflets 5 or 7, never 3; leaflet undersides glabrous or with scattered hairs along the midrib only"	5
5	"Leaflets oblanceolate to narrowly obovate, 5–15 mm wide; terminal leaflet 1.3–2 times longer than next longest leaflets; anthers dimorphic (i.e. one nearly twice as long as the other)"	"Labichea nitida"
5	"Leaflets linear or very narrowly elliptic, 1.5–3 mm wide; all leaflets about the same length; anthers very similar in size"	"Labichea digitata"
