from	statement	to
1	"Leaflets with tertiary reticulate venation prominent and raised below, hispidulous below with erect simple hairs c. 0.2 mm long, sparsely so above, ovate to broadly ovate-lanceolate, 10–20 cm long, 4–10 cm wide"	"Owenia reticulata"
1	"Leaflets with tertiary reticulate venation not raised below (± flush), glabrous, 1–15 cm long, 1–3.5 cm wide"	2
2	"Leaves with 3 or 4 pairs of leaflets"	"Owenia venosa"
2	"Leaves with 5–17 pairs of leaflets"	3
3	"Leaflets 10–52 mm long, 1–14 mm wide"	4
3	"Leaflets 70–150 mm long, 10–35 mm wide"	5
4	"Leaflets 7-17 pairs, narrowly linear to linear-ovate, 10–52 mm long, 1–9 mm wide; flowers subsessile; widespread (except E coast)"	"Owenia acidula"
4	"Leaflets 5–10 pairs, ovate-elliptic to linear-elliptic, 30–50 mm long, 7.5–14 mm wide; pedicels c. 1 mm long; SE Qld"	"Owenia × reliqua"
5	"Leaflets 6–9 pairs, apices acute or acuminate, 7–15 cm long; branchlets 6–10 mm diameter; petals 3–4 mm long; drupes red, 1.5–2 cm diameter; lowland rainforest, SE Qld"	"Owenia cepiodora"
5	"Leaflets 7–15 pairs, apices rounded, emarginate, 4–10 cm long; branchlets 10–20 mm diameter; petals c. 2 mm long; drupes purple, 3–4 cm diameter; Woodland and gallery forest, N Qld"	"Owenia vernicosa"
