from	statement	to
1	"Bracts adnate laterally in lower part at least, forming pouches; anthers truly versatile (Curcuma australasica)"	Curcuma
1	"Bracts never so joined; anthers not versatile"	2
2	"Inflorescence borne separately from leaves"	3
2	"Inflorescence terminal on a leafy stem"	7
3	"Inflorescence held well above ground on a ± erect peduncle; style exserted well beyond anther and enfolded by long anther crests, giving a 'beaked' appearance"	Zingiber
3	"Inflorescence borne at ground level or partly subterranean; anther crests, if present, not as above"	4
4	"Labellum with an elongate central lobe; basal part of labellum joined with base of filament forming a distinct tube above insertion of petals (Etlingera australasica)"	Etlingera
4	"Labellum without an elongate central lobe; basal portion of labellum never forming a tube with filament"	5
5	"Inflorescence surrounded by involucre of rigid sterile bracts (Hornstedtia scottiana)"	Hornstedtia
5	"Inflorescence lacking rigid involucre"	6
6	"Leaf blades pubescent below on petioles 3–7 cm long; ligules 1.5–2.5 cm long; capsules with 9 serrate wings (Amomum queenslandicum)"	Amomum
6	"Leaf blades glabrous, sessile or subsessile; ligules 0.5–1 cm long; capsules echinate (Meistera dallachyi)"	Meistera
7	"Leaf shoots very short-stemmed, the blades few, lying flat on ground; anther crests prominent, reflexed (Kaempferia sp. Murray Island)"	Kaempferia
7	"Leaf shoots with well-developed stems; anther crests not well-developed, or absent"	8
8	"Flowers frequently replaced by bulbils; anthers with 4 lateral appendages (Globba marantina)"	Globba
8	"Flowers not replaced by bulbils; anthers without lateral appendages"	9
9	"Stamens exserted; lateral staminodes petaloid"	Hedychium
9	"Stamens not exserted; lateral staminodes reduced to small teeth or absent"	10
10	"Flowers borne singly; bracts quickly caducous; fruits orange-red (Pleuranthodium racemigerum)"	Pleuranthodium
10	"Flowers borne in cincinni; bracts at least partially persistent; fruits greyish purple-brown or blue"	Alpinia
