from	statement	to
1	"Scales and bristles absent"	"Fuirena nudiflora"
1	"Scales and bristles present"	2
2	"Apex or upper part of lamina of inner hypogynous scales distinctly thickened"	3
2	"Whole of lamina of inner hypogynous scales flat, not thickened"	4
3	"Lamina of inner hypogynous scale distinctly winged and usually with wavy margins; spikelets 1 to 3(-7), 8 to 15 mm x 4 to 5 mm"	"Fuirena arenosa"
3	"Lamina of inner hypogynous scales neither winged nor with wavy margins; spikelets 1 to 8(-12), 8 to 10 mm x 3 to 3.5 mm"	"Fuirena incrassata"
4	"Slender annual, 10 to 30 (-40) cm high; leaves pubescent or ciliate on margins; hypogynous scales cordate at base, stipitate, alternating with short bristles"	"Fuirena ciliaris"
4	"Stout perennial, 30 to 100 cm high; leaves glabrous or ciliate at base only; hypogynous scales contracted at base, almost sessile; bristles usually absent"	"Fuirena umbellata"
