from	statement	to
1	"Leaflets 10-15 mm long, 10-18 pairs of leaflets per leaf (Tamarindus indica)"	Tamarindus
1	"Leaflets 45-150 mm long, 1-5 pairs of leaflets per leaf"	2
2	"Petiolules 3-9 mm long"	3
2	"Petiolules 0-2 mm long"	4
3	"Petals 1; stamens 30-35 mm long; one or more circular glands on lower leaflet surface near the base (Intsia bijuga)"	Intsia
3	"Petals absent; stamens 3-6.5 mm long; circular glands absent from leaflets"	Crudia
4	"Leaflets asymmetrical with midrib dividing the leaflet into two very dissimilar sized portions; flowers white to pink; pods 25-40 mm long, slightly to prominently wrinkled"	Cynometra
4	"Leaflets symmetrical with midrib dividing the leaflet into two equal halves; flowers red; pods 50-90 mm long, surface smooth (Schotia brachypetala)"	Schotia
