from	statement	to
1	"Roots absent; fronds without nerves (Wolffia angusta)"	Wolffia
1	"1–21 roots present; fronds with 1–16 (-21) nerves"	2
2	"Roots only 1 per frond; frond nerves 1–5; no prophyllum at the base of the frond covering the point of attachment of the root"	Lemna
2	"Roots (1-) 2–21 per frond; frond nerves (3-) 5–16 (-21); fronds surrounded at the base by a small, scale-like leaflet (prophyllum) covering the root point of attachment"	3
3	"Roots (1-) 2–7 (8–12) per frond, all of which perforate the scale-like leaflet; nerves (3-) 5–7; fronds 1.5–2.0 times as long as wide; with prominent papillae along the median line of the frond surface (Landoltia punctata)"	Landoltia
3	"Roots 7–21 per frond (rarely fewer in small specimens) of which 1–5 (but never all) perforate the scale-like leaflet; nerves 7–16 (-21); fronds 1.0–1.5 times as long as wide (Spirodela polyrhiza)"	Spirodela
