from	statement	to
1	"Inflorescences axillary, borne in dense ± spherical clusters, rachises lacking or < 2 mm long; petioles 1.5–4 mm long"	"Emmenosperma pancherianum"
1	"Inflorescences predominantly terminal, some in upper leaf axils, paniculate to corymbose, rachises 13-70 mm long; petioles 5–27 mm long"	2
2	"Bracts and bracteoles conspicuous at anthesis; style 2-fid; fruiting pedicels (3–)4–5.5 mm long; fruits 2-locular"	"Emmenosperma alphitonioides"
2	"Bracts and bracteoles inconspicuous at anthesis; style 3-fid; fruiting pedicels 1.5–2.5(–4) mm long; fruits 3-locular"	"Emmenosperma cunninghamii"
