from	statement	to
1	"Leaflet petiolules 4–7 mm long; fruit depressed-globose, cream-yellow to white"	"Murraya crenulata"
1	"Leaflet petiolules 1–4 mm long; fruit ellipsoid to globose, orange to red"	2
2	"Leaflet lamina ovate to broadly ovate, margin irregularly crenate; calyx and ovary usually pubescent; petals oblong-obovate; fruit usually finely pubescent"	"Murraya lucida"
2	"Leaflet lamina elliptic-obovate or obovate, margin entire; calyx and ovary mostly glabrous; petals oblong; fruit glabrous"	"Murraya paniculata"
