from	statement	to
1	"Seeds arillate, the aril filiform-appendaged; indumentum often of stellate hairs; staminodes often present"	Glinus
1	"Seeds exarillate or aril minute and without appendage; indumentum of glandular hairs, papillae or absent; staminodes absent"	2
2	"Stipules absent"	Mollugo
2	"Stipules present, at least on upper leaves, sometimes small or forming a narrow rim +/- clasping the node"	3
3	"Flowers in umbel-like cymes"	Hypertelis
3	"Flowers in panicle- or raceme-like cymes"	Trigastrotheca
