from	statement	to
1	"Flowers present"	2
1	"Flowers absent (in fruit only)"	17
2	"Corolla with a +/- cylindrical tube more than 10 mm long"	3
2	"Corolla tubular, less than 10 mm long, or corolla widely spreading from the base"	10
3	"Fused portion of calyx (at flowering stage) equal to or longer than calyx lobes"	4
3	"Fused portion of calyx (at flowering stage) equal to or shorter than calyx lobes"	8
4	"Calyx lobes 1; corolla tube 20-30 cm long"	Brugmansia
4	"Calyx lobes 5; corolla tube 1-20 cm long"	5
5	"Corolla tube 11-13 mm long; corolla deep purple"	Browallia
5	"Corolla tube 13-200 mm long; corolla white, creamy or red"	6
6	"Pedicels 0-2 mm long; fruits fleshy, indehiscent"	Cestrum
6	"Pedicels 4-20 mm long; fruits capsular, dehiscent"	7
7	"Calyx (fused part + lobes) 5-17 mm long at flowering stage; capsules smooth, partly enclosed by calyx"	Nicotiana
7	"Calyx (fused part + lobes) 25-95 mm long at flowering stage; capsules spinose, not enclosed by calyx"	Datura
8	"Leaves toothed or lobed; calyx lobes 7-11 wide at flowering stage, sagittate at base; fruit an indehiscent berry"	Nicandra
8	"Leaves entire; calyx lobes 1.3-4 wide at flowering stage, without auricles at base; fruit a dehiscent capsule"	9
9	"Upper leaves opposite; hairs glandular; corolla tube becoming broader towards the top, 35-45 mm long"	Petunia
9	"All leaves alternate; hairs not glandular; corolla tube very narrow throughout, 21-27 mm long"	Brunfelsia
10	"Anthers dehiscing by terminal pores"	11
10	"Anthers dehiscing by longitudinal slits"	12
11	"Calyx dish-like without distinct lobes; inflorescence axillary, solitary or few-flowered, fasciculate"	Lycianthes
11	"Inflorescence not fasciculate OR calyx with distinct lobes"	Solanum
12	"Hairs on leaves and branchlets dendritic; fruit a capsule"	Cyphanthera
12	"Hairs on leaves and branchlets simple, unbranched, or absent; fruit a berry"	13
13	"Corolla obconical; calyx greatly enlarged after flowering and completely enclosing fruit; leaves toothed or lobed"	Physalis
13	"Corolla with a short tube and spreading lobes; calyx scarcely enlarged after flowering, not enclosing fruit; leaves entire"	14
14	"Lateral branches spinose; leaves usually in clusters of 4-10 along the branches"	Lycium
14	"Lateral branches not spinose; leaves evenly spread or in pairs along the branches"	15
15	"Calyx lobes absent or reduced to small teeth"	Capsicum
15	"Calyx lobes well developed"	16
16	"Leaves 7-35 mm long; flowers solitary in leaf axils; stamens 5"	Salpichroa
16	"Leaves 50-120 mm long; flowers in large terminal panicles; stamens 4"	Duboisia
17	"Fruits capsular"	18
17	"Fruits fleshy, indehiscent"	24
18	"Mature fruits 23-200 mm long"	19
18	"Mature fruits 4-20 mm long"	20
19	"Mature fruits 23-50 mm long, surface spinose"	Datura
19	"Mature fruits 100-200 mm long, surface smooth"	Brugmansia
20	"Valves of capsule 2, these splitting only partially to produce 4 valves"	21
20	"Fruiting capsule with 4 equal valves"	22
21	"Upper leaves opposite; calyx lobes longer than tube"	Petunia
21	"All leaves alternate; calyx lobes equal to or shorter than tube"	Nicotiana
22	"Capsule 16-18 mm long, calyx glabrous"	Brunfelsia
22	"Capsule 4-7 mm long, calyx conspicuously hairy"	23
23	"Leaves with dendritic hairs; valves of capsule glabrous throughout"	Cyphanthera
23	"Leaves with unbranched hairs; valves of capsule hairy near the apex"	Browallia
24	"Branchlets and leaves with stellate hairs"	Solanum
24	"Branchlets and leaves glabrous, or hairs simple"	25
25	"Calyx much longer than fruit, enclosing or surrounding it"	26
25	"Calyx not exceeding fruit, fruit readily visible"	27
26	"Calyx split almost to base, lobes sagittate at base"	Nicandra
26	"Calyx fused for most of its length, lobes short and not sagittate"	Physalis
27	"Lateral branches spinose; leaves usually in clusters of 5-10 along the branches"	Lycium
27	"Lateral branches not spinose; leaves evenly spread or in pairs along the branches"	28
28	"Calyx lobes absent or reduced to small teeth"	29
28	"Calyx lobes well developed"	30
29	"Mature fruits globular, 12-15 mm diameter"	Lycianthes
29	"Mature fruits globular-ellipsoidal to narrowly-ellipsoidal, 6-12 mm diameter"	Capsicum
30	"Fruits solitary in leaf axils"	Salpichroa
30	"Fruits 3-many in axillary umbels, cymes or terminal panicles"	31
31	"Pedicels 0-2 mm long"	Cestrum
31	"Pedicels 4-37 mm long"	32
32	"Mature fruits black AND seeds thick, reniform, conspicuously reticulate"	Duboisia
32	"Mature fruits not black OR seeds flattened, orbicular, +/- smooth"	Solanum
