from	statement	to
1	"Sepaline osmophores (thickened, glandular structures at apices) > 40% of total sepal length (usually 50%+)"	2
1	"Sepaline osmophores < 40% total sepal length"	3
2	"Labellum apex apiculate-caudate when flattened"	"Chiloglottis longiclavata"
2	"Labellum apex blunt to broadly obtuse when flattened"	"Chiloglottis diphylla"
3	"Sepaline osmophores < 2 mm long"	4
3	"Sepaline osmophores > 2 mm long"	6
4	"Labellum truncate, triangular in shape when flattened"	"Chiloglottis truncata"
4	"Labellum trullate to trapezoidal when flattened"	5
5	"Flowers 8-10 mm long; sepaline osmophores dark red; Blackdown Tableland endemic"	"Chiloglottis trullata"
5	"Flowers 12-16 mm long; sepaline osmophores yellow-green; New England Tableland bioregion only"	"Chiloglottis aff. formicifera (Bald Rock)"
6	"Major stalked callus obliquely erect, c. 2.5 mm long, c. 2 mm wide distally and strongly lobed into a T- or broad Y-shape; sepaline osmophores 4-6 mm long"	"Chiloglottis sphyrnoides"
6	"Major stalked callus erect, c. 1.5 mm long, narrow, not lobed; sepaline osmophores usually 3-4 mm long"	"Chiloglottis sylvestris"
