from	statement	to
1	"Leaves pinnate"	2
1	"Leaves simple or pinnatifid"	15
2	"Sprawling low shrub 10–35 cm; capsules without appendages, 2–3.5 mm long, 4–6 mm wide"	"Dodonaea macrossanii"
2	"Erect shrubs or trees; capsules with distinct wings"	3
3	"Leaves paripinnate"	4
3	"Leaves imparipinnate"	5
4	"Capsules 5- or 6-winged, 18–26 mm long, inflated; flowers in 3–6-flowered cymes, pedicels 8–15 mm long; stamens 10–12"	"Dodonaea physocarpa"
4	"Capsule 4-winged, 5.5–8 mm long, not inflated; flowers solitary or paired, pedicels 1.5–2.5 mm long; stamens 6–8"	"Dodonaea oxyptera"
5	"Leaflets puberulent, pubescent or hirsute"	6
5	"Leaflets glabrous"	12
6	"Leaflets 8–16 pairs"	7
6	"Leaflets 2–9 pairs"	8
7	"Leaflets 17–25 mm long, 4–8 mm wide; petioles 18–30 mm long; leaf rachises 72–145 mm long"	"Dodonaea megazyga"
7	"Leaflets 4–7 mm long, 1–4 mm wide; petioles 3–8 mm long; leaf rachises 20–48 mm long"	"Dodonaea multijuga"
8	"Leaflets 2–3 pairs; capsules 3-winged"	"Dodonaea microzyga"
8	"Leaflets 3–9 pairs; capsules 4-winged"	9
9	"Leaflets with sunken glands on margins above; flowers paired or 3 together"	"Dodonaea boroniifolia"
9	"Leaflets without sunken glands above; flowers in panicles or 2–4 (–6)-flowered cymes"	10
10	"Leaves and stems glabrous or sparsely puberulent, hairs c. 0.1 mm; leaflets linear to oblanceolate, 5–15 mm long, 1–2 mm wide"	"Dodonaea sinuolata"
10	"Leaves and stems hirsute, hairs erect, 0.6–1.2 mm long; leaflets obovate to oblong, 3.5–10 mm long, 2–5 mm wide"	11
11	"Flowers in terminal panicles; pedicels 2–2.5 mm long; capsules 7.5–9 mm long, 12–15 mm wide, wings 3–4 mm wide"	"Dodonaea rupicola"
11	"Flowers in axillary or terminal 2–4-flowered cymes; pedicels 7.5–13 mm long; capsules 8.5–15 mm long, 16–24 mm wide, wings 5–7 mm wide"	"Dodonaea vestita"
12	"Leaflets entire"	13
12	"Leaflets 3–6-toothed, sinuolate or finely lobed"	14
13	"Leaflets 1–5 pairs, linear-lanceolate, apices acute, 6–30 mm long, 2–3 mm wide, usually also with simple leaves 35–80 mm long, 2–5 mm wide"	"Dodonaea heteromorpha"
13	"Leaflets 4–12 pairs, linear, apices obtuse, 9–30 mm long, 1–2 mm wide"	"Dodonaea tenuifolia"
14	"Leaflets 4–7 pairs, linear to narrowly oblanceolate, apices obtuse or finely irregularly 3-lobed; petioles 6–20 mm long; petioles 3–5.5; leaf rachises 14–28 mm long; southern Qld"	"Dodonaea  sinuolata"
14	"Leaflets 1–4 pairs, obovate to angular–obovate, apices 3 (–6)-toothed; petioles 3–5.5 mm long; leaf rachises 4–10 mm long; north-eastern Qld"	"Dodonaea uncinata"
15	"Leaf blades glabrous"	16
15	"Leaf blades with tomentum; pubescent, hirsute or scabrous"	31
16	"Plants prostrate or procumbent to 60 cm, rooting along branches, forming dense mats to 3 m diameter; leaves obtriangular, bilobed, 4.5–9 mm long, 2.5–5 mm wide; capsules 4–5.5 mm long, 5–7 mm wide"	"Dodonaea biloba"
16	"Plants erect, shrubs or trees; leaves not bilobed; capsules 9.5–30 mm long, 11–25 mm wide"	17
17	"Capsule wings longer than wide"	18
17	"Capsule wings wider than long"	29
18	"Leaves flat, 2–50 mm wide"	19
18	"Leaves subfiliform or narrowly linear, 0.5–1.8 mm wide"	27
19	"Leaves and young growth viscid or sticky"	20
19	"Leaves not viscid or sticky"	25
20	"Leaf blades 25–105 mm long, 8–42 mm wide"	21
20	"Leaf blades 4.5–18 mm long, 2.5–7 mm wide"	23
21	"Capsules inflated, indehiscent, wings 1.5–4 mm wide"	"Dodonaea petiolaris"
21	"Capsules not inflated, septifragally dehiscent, wings 4–9 mm wide"	22
22	"Stamens 11–14; capsule 2-winged, wings 6–9 mm wide"	"Dodonaea polyandra"
22	"Stamens 6–10; capsule 2–4-winged, wings 3–6 mm wide"	"Dodonaea viscosa"
23	"Sepals caducous"	"Dodonaea viscosa"
23	"Sepals persistent"	24
24	"Stamens 4 or 5; capsules 3–winged; flowers in terminal panicles; western Qld (W of Quilpie to Cloncurry)"	"Dodonaea coriacea"
24	"Stamens 8; capsules 4-winged; flowers in terminal few-flowered cymes or solitary; eastern Qld (E of Cunnamulla)"	"Dodonaea peduncularis"
25	"Leaves discolorous, paler below, lateral veins visible; sepals caducous"	"Dodonaea triquetra"
25	"Leaves concolorous, lateral veins obscure; sepals persistent"	26
26	"Capsules 13–19 mm long, 13–17 mm wide, wings similar width from base to apex, 3–5 mm wide"	"Dodonaea lanceolata"
26	"Capsules 4.5–9 mm long, 5–14 mm wide, wings minute or absent at base, widest at apex, 2–3 mm wide"	"Dodonaea triangularis"
27	"Branchlets puberulent; leaves falcate, 10–24 (–50) mm long"	"Dodonaea falcata"
27	"Branchlets glabrous; leaves straight, usually erect, (30–) 40–105 mm long"	28
28	"Leaves flat above; flowers in terminal panicles"	"Dodonaea viscosa"
28	"Leaves usually grooved above; flowers in 5- or 6-flowered terminal cymes"	"Dodonaea filifolia"
29	"Leaf blades elliptic, 13–30 mm wide, lateral veins obvious"	"Dodonaea platyptera"
29	"Leaf blades linear or narrowly oblanceolate, 1–5 mm wide, lateral veins obscure"	30
30	"Leaves linear, (30–) 40–110 mm long, 1–2.5 mm wide"	"Dodonaea stenophylla"
30	"Leaves narrowly oblanceolate, 13–70 mm long, 2–5 mm wide"	"Dodonaea heteromorpha"
31	"Leaf blades 3–6 mm long, 3–5 mm wide"	"Dodonaea hirsuta"
31	"Leaf blades 14–88 mm long, 5–33 mm wide"	32
32	"Stamens 33–74"	"Dodonaea hispidula var. hispidula"
32	"Stamen 6–22"	33
33	"Capsules (4–) 6–8-locular with (4–) 6–8 wings 3–5 mm wide, widest at apex"	"Dodonaea malvacea"
33	"Capsules 3- or 4-locular with 3 or 4 wings or triangular lobes"	34
34	"Sepals 4; stamens 6–8"	35
34	"Sepals 5–10; stamens 10–22"	36
35	"Capsules depressed obovoid, septicidally dehiscent, 7–15 mm long, 20–30 mm wide, wings 8–11.5 mm wide; leaf blades 35–88 mm long; petioles 6–12 mm long"	"Dodonaea platyptera"
35	"Capsules globose, septifragal dehiscent, 4.5–9 mm long, 5–14 mm wide, wings minimal at base, widest at apex, 2–3 mm wide; leaf blades 12–35 mm long, subsessile or with petioles 1–3 mm long"	"Dodonaea triangularis"
36	"Capsules puberulent with 3 or 4 knob-like triangular wings 0.5–1 mm long, 0.5–3 mm wide near apex"	"Dodonaea barklyana"
36	"Capsules pubescent with 3 broad triangular-ovate wings along its length, wings 3–8 mm long, 4–6 mm wide"	"Dodonaea dodecandra"
