from	statement	to
1	"Fruit apex curved upwards at maturity, either sharply distally to include the last one or two seeds (G. canescens) or more gently to include most of the pod (other species)"	2
1	"Fruit straight, or only the very tip slightly curved with the curvature not including any seeds"	5
2	"Leaflet reticulation usually obvious; secondary veins >60 degrees (Qld, coast and ranges)"	3
2	"Leaflet reticulation obscure; secondary veins usually <60 degrees (W of the Great Divide)"	4
3	"Fruit without purple flecks at maturity; seed perisperm without tubercles, alveoli regular (circular to oval)"	"Glycine curvata"
3	"Fruit with purple flecks at maturity; seed perisperm with flattened tubercles, alveoli irregular"	"Glycine cyrtoloba"
4	"Seed smooth (perisperm not adhering); leaves digitately trifoliolate; rhizomatous; 1-seeded cleistogamous fruit on rhizomes"	"Glycine falcata"
4	"Seed rough (perisperm adhering); leaves pinnately to sometimes digitately trifoliolate (individuals generally have one type); not rhizomatous; 3- or more-seeded cleistogamous fruit axillary"	"Glycine canescens"
5	"Leaves pinnately trifoliolate"	6
5	"Leaves digitately trifoliolate"	14
6	"Leaflet reticulation obscure; rachis < 4mm long; not stoloniferous"	7
6	"Leaflet reticulation usually obvious; rachis variable, often >4 mm long; sometimes stoloniferous"	8
7	"Leaflet abaxial surfaces sparse to moderately hairy; hairs white to rusty"	"Glycine clandestina"
7	"Leaflet abaxial surfaces densely hairy; hairs white or sometimes pale rusty"	"Glycine argyrea"
8	"Stoloniferous, adventitious root buds may be visible in axils of older stems, brown; leaflet length: width 1.3–7: 1"	9
8	"Not stoloniferous, lacking adventitious root buds; leaflet length: width 1.1–20: 1"	11
9	"Seeds with obvious raised tubercles (appearing granular under a microscope); leaflet length: width 1.3–2.2: 1; plants moderately hairy on most parts"	"Glycine latifolia"
9	"Seeds with very obscure flattened tubercles; leaflet length: width 1.6–7: 1; plants sparsely hairy on most parts"	10
10	"Seeds usually short barrel-shaped (rarely more or less spherical); leaflet length: width 1.6–4: 1; secondary veins 30–60 degrees from mid-vein (rarely to 70 degrees) (east coast and tablelands)"	"Glycine tabacina"
10	"Seeds usually more or less spherical; leaflet length: width 2–7: 1; secondary veins 60–80 degrees from mid-vein (mainly east coast)"	"Glycine microphylla"
11	"Leaflet abaxial surfaces moderately to densely hairy, adaxial surfaces sparsely to densely hairy; adaxial calyx teeth usually 0.75–2 mm long; cleistogamous fruit either in leaf axils or on specialised branches arising from partly-covered aerial stems (‘litter pods’)"	12
11	"Leaflet abaxial surfaces sparsely hairy, adaxial surfaces glabrous to sparsely hairy; adaxial calyx teeth 0.25–1mm long; cleistogamous fruit in leaf axils only, 3–9-seeded"	13
12	"Leaf terminal rachis 0–4mm long"	"Glycine syndetika"
12	"Leaf terminal rachis up to 15mm long, usually longer than 4mm"	"Glycine tomentella"
13	"Fruit usually up to 6-seeded (rarely 7-seeded); fruit usually up to 28mm long (rarely to 30 mm); adaxial calyx teeth 0.25–0.5mm long; diploid (2n=40)"	"Glycine stenophita"
13	"Fruit usually 6–9-seeded (rarely 4-seeded); fruit usually >28mm long (rarely from 25mm long); adaxial calyx teeth 0.25–1mm long; tetraploid (2n=80)"	"Glycine pescadrensis"
14	"Leaflet reticulation obvious"	"Glycine microphylla"
14	"Leaflet reticulation obscure or nearly so"	15
15	"Leaflet abaxial surfaces densely hairy; hairs white or sometimes pale rusty"	"Glycine argyrea"
15	"Leaflet abaxial surfaces sparse to moderately hairy; hairs white to rusty"	"Glycine clandestina"
