from	statement	to
1	"Stems and leaves with stellate hairs"	2
1	"Stems and leaves without stellate hairs"	7
2	"Leaves 5–8 mm wide, green on both sides; Stradbroke Island only"	"Olearia hygrophila"
2	"Leaves 9–35 mm wide, lower surface grey-green to white; mainland only"	3
3	"Upper surface of fully expanded leaves glabrous or with a few scattered hairs"	4
3	"Upper surface of fully expanded leaves moderately or densely stellate-hairy"	5
4	"Leaf margins with 12–30 pairs of teeth; corymbose terminal conflorescences with more than 40 capitula"	"Olearia heterocarpa"
4	"Leaf margins without teeth; paniculate or corymbose conflorescences with (1–)2–20 capitula"	"Olearia canescens subsp. discolor"
5	"Stellate hairs on stems or leaves 0.15–0.25 mm across; involucres 3–4.5 mm long, 4–7 mm diameter; leaves entire"	"Olearia canescens subsp. canescens"
5	"Stellate hairs on stems or leaves 0.25–0.5 mm across; involucres 5–11 mm long, 10–18 mm diameter; leaves often lobed or toothed"	6
6	"Indumentum of leaf underside very dense, obscuring surface at 10× magnification; fully developed leaves 9–19 mm wide"	"Olearia gravis"
6	"Indumentum of leaf underside moderately dense to dense, surface visible at 10× magnification; fully developed leaves 14–35 mm wide"	"Olearia nernstii"
7	"Leaves and branchlets on new growth viscid"	8
7	"Leaves and branchlets not viscid"	11
8	"Leaves entire, elliptical to oblanceolate; older leaves varnished, shiny; leaves petiolate"	9
8	"Leaves toothed, obovate to cuneate; older leaves often neither varnished nor shiny; petiole absent"	10
9	"Leaves 2.5-3.5 times longer than broad; petiole 10–17 mm long"	"Olearia elliptica"
9	"Leaves 3.6-5.5 times longer than broad; petiole 5-10 mm long"	"Olearia fulgens"
10	"Leaves cuneate, 3.5–4.5 times longer than broad; involucres 14-16 mm long; achenes densely hairy"	"Olearia cuneifolia"
10	"Leaves obovate, 1.8–2.6 times longer than broad; involucres 6-9 mm long; achenes sparsely hairy"	"Olearia orientalis"
11	"All leaves less than 9 mm long"	12
11	"The larger leaves on any given specimen more than 9 mm long"	15
12	"Leaves appressed to stems, in clusters of 3–6; involucral bracts with golden sessile glands along much of their length"	"Olearia ramosissima"
12	"Leaves spreading, usually solitary (occasionally clustered); golden glands absent from involucral bracts or confined to apical part"	13
13	"Capitula solitary, terminal; involucres 6.5–9 mm long, 9–14 mm wide; pappus 7.5–8 mm long"	"Olearia pimeleoides"
13	"Capitula terminal and axillary; involucres 3.5–5 mm long, 4–6 mm wide; pappus 3–4 mm long"	14
14	"Leaves obovate to broadly obovate, orange glands not prominent on underside; achenes of ray florets glabrous, those of disc florets densely glandular"	"Olearia microphylla"
14	"Leaves narrowly-elliptic, orange glands prominent on underside; all achenes densely silky hairy"	"Olearia minor"
15	"Stems and leaves with stalked glandular hairs"	16
15	"Stems and leaves lacking stalked glandular hairs"	18
16	"Leaves broadly elliptic to broadly ovate; eglandular hairs equally as frequent as glandular hairs"	"Olearia xerophila"
16	"Leaves linear to narrowly-elliptic or oblanceolate; eglandular hairs much less frequent than glandular hairs"	17
17	"Leaves 9–22 mm long; glandular hairs of varying length (0.05–0.2 mm long) abundant on leaves and stems; stems without ribs"	"Olearia stuartii"
17	"Leaves 37–53 mm long; glandular hairs (all c. 0.05 mm long) sparse to dense on leaves and stems; stems with ribs formed by decurrent leaf midrib"	"Olearia gordonii"
18	"Leaves opposite; reticulate veins raised on upper surface"	19
18	"Leaves alternate; reticulate veins not raised on upper surface"	20
19	"Leaves 1–2(–8.5) mm wide, margins entire or obscurely toothed"	"Olearia rosmarinifolia"
19	"Leaves 10–21 mm wide, margins distinctly toothed"	"Olearia oppositifolia"
20	"Stems and leaves glabrous; leaves with prominent glands along margins"	"Olearia glandulosa"
20	"Stems and leaves hairy; leaves without glands along margins"	21
21	"Leaf and stem hairs completely appressed, individual hairs scarcely distinguishable; SE Qld"	"Olearia cydoniifolia"
21	"Hairs on leaves and stems not completely appressed; individual hairs readily distinguished; western and northern Qld"	22
22	"Hairs on leaves and stems erect, not woolly; involucres 14–23 mm diameter; rays mauve to purple"	"Olearia bella"
22	"Stems and leaves with woolly hairs; involucres 4–7 mm diameter; rays white"	"Olearia subspicata"
