from	statement	to
1	"Branchlets with 5 or more acute ribs"	2
1	"Branchlets terete or with rounded shallow ribs, or square in cross-section"	12
2	"Branchlets conspicuously hairy, at least on the younger growth"	3
2	"Branchlets glabrous or very nearly so"	6
3	"Longest branchlet segments 6-8 mm long, branchlets 0.4-0.6 mm diameter"	"Allocasuarina littoralis"
3	"Longest branchlet segments 8-14 mm long, branchlets 0.7-1 mm diameter"	4
4	"Teeth 5-6, 1.3-1.6 mm long; branchlet hairs straight, at right angles to branchlet, 0.1-0.2 mm long; mature cones 23-35 mm long"	"Allocasuarina filidens"
4	"Teeth 7-10, 0.6-0.9 mm long; branchlet hairs crisped, mostly less than 0.1 mm long; mature cones 9-17 mm long"	5
5	"Branchlet diameter 0.7-1 mm; branchlets grey"	"Casuarina equisetifolia subsp. incana"
5	"Branchlet diameter 0.6-0.7 mm; branchlets grey-green"	"Casuarina equisetifolia subsp. equisetifolia"
6	"Branchlets 0.9-1.2 mm diameter, longest segments 10-17 mm long"	"Allocasuarina rigida subsp. rigida"
6	"Branchlets 0.4-0.9 mm diameter, longest segments 7-11 mm long"	7
7	"Mature cones 6-12 x 6-9 mm"	8
7	"Mature cones 13-27 x 9-18 mm"	9
8	"Branchlet diameter 0.45-0.6 mm; teeth 8-10"	"Casuarina cunninghamiana subsp. cunninghamiana"
8	"Branchlet diameter 0.6-0.8 mm; teeth 6-7"	"Casuarina cunninghamiana subsp. miodon"
9	"Mature cones 13-18 x 9-11 mm; peduncles 2-8 mm long; teeth somewhat spreading"	10
9	"Mature cones 17-27 x 12-18 mm; peduncles 5-17 mm long; teeth appressed"	11
10	"Growing on Mt Cooroora near Pomona"	"Allocasuarina rigida subsp. exsul"
10	"Growing on the Granite Belt (Amiens, Stanthorpe, Wallangarra)"	"Allocasuarina rupicola"
11	"Tree; bark fissured"	"Allocasuarina littoralis"
11	"Multistemmed shrubs; bark usually smooth to somewhat fissured"	"Allocasuarina thalassoscopica"
12	"Branchlet diameter 0.4-0.7 mm; longest branchlet segments 4-10 mm long"	13
12	"Branchlet diameter 0.7-1.3 mm; longest branchlet segments 8-19 mm long"	17
13	"Teeth 4, or occasionally 5; valves of cone scarcely protruding beyond body"	"Allocasuarina torulosa"
13	"Teeth 6-10; valves of cone prominently exserted"	14
14	"Branchlets appearing papillose (actually tiny curved hairs on ribs); bark finely fibrous or stringy"	"Allocasuarina inophloia"
14	"Branchlets not papillose; bark scaly, +/- tessellated, or hard and furrowed"	15
15	"Mature cones 15-27 x 12-22 mm; peduncles 5-17 mm long; trees growing mostly on hillslopes but sometimes on alluvium"	"Allocasuarina littoralis"
15	"Mature cones 6-12 x 6-9 mm; peduncles 3-7 mm long; trees confined to banks of rivers and creeks"	16
16	"Branchlet diameter 0.45-0.6 mm; teeth 8-10"	"Casuarina cunninghamiana subsp. cunninghamiana"
16	"Branchlet diameter 0.6-0.8 mm; teeth 6-7"	"Casuarina cunninghamiana subsp. miodon"
17	"Cone length half to two-thirds of its diameter, mature cones 7-10 mm long"	"Allocasuarina luehmannii"
17	"Cone length equal to or greater than its diameter, mature cones 11-24 mm long"	18
18	"Teeth 13-17; mature cones 11-17 mm long"	"Casuarina glauca"
18	"Teeth 9-12; mature cones 19-24 mm long"	19
19	"Branchlets 0.9-1.3 mm diameter; stunted trees"	"Casuarina pauper"
19	"Branchlets 0.6-0.9(-1.2) mm diameter; tall trees"	"Casuarina cristata"
