from	statement	to
1	"Fruits 4- or 5-valved"	2
1	"Fruits 3-valved"	11
2	"Fruiting valves remaining joined at apex, splitting irregularly at base"	3
2	"Fruiting valves splitting at the apex, base of valves remaining intact"	5
3	"Seeds 0.7-0.9 mm long"	"Calandrinia gracilis"
3	"Seeds 0.35-0.7 mm long"	4
4	"Seeds reniform (symmetrical around hilum), dark brown to black, with a prominent swelling, prominently colliculate, sometimes spinulose"	"Calandrinia tumida"
4	"Seeds obovoid (hilum terminal), mid-brown, without a swelling, obscurely reticulate"	"Calandrinia spergularina"
5	"Capsules broad (1-2 times longer than wide), valves gaping"	6
5	"Capsules narrow (2-4 times longer than wide), valves remaining close to each other"	8
6	"Seeds 0.3-0.35 mm long, brown"	"Calandrinia halophila"
6	"Seeds 1.0-1.4 mm long, black"	7
7	"Seeds reniform, strongly colliculate"	"Calandrinia arenicola"
7	"Seeds circular, smooth"	"Calandrinia uniflora"
8	"Seeds with conspicuous concentric ribs"	"Calandrinia ptychosperma"
8	"Seeds not ribbed"	9
9	"Fruiting valves 2.2-2.9 mm long; seeds smooth"	"Calandrinia stagnensis"
9	"Fruiting valves 4.0-5.2 mm long; seeds colliculate or finely reticulate"	10
10	"Seeds 0.45-0.6 mm long, dark brown"	"Calandrinia petrophila"
10	"Seeds 0.3-0.35 mm long, pale brown"	"Calandrinia pleiopetala"
11	"Seeds 0.9-1.4 mm long"	12
11	"Seeds 0.4-0.8 mm long"	13
12	"Seeds 0.9-1.1 mm long; fruiting valves 4.5-6.3 mm long"	"Calandrinia balonensis"
12	"Seeds 1.2-1.4 mm long; fruiting valves 3-4.7 mm long"	"Calandrinia arenicola"
13	"Fruiting valves shedding at seed maturity, leaving the 2 persistent sepals"	"Calandrinia pickeringii"
13	"Fruiting valves persisting after seeds have been shed"	14
14	"Seeds smooth, lenticular"	"Calandrinia remota"
14	"Seeds with reticulate patterning, reniform"	15
15	"Seeds 0.4-0.5 mm long; fruiting valves 3.5-5 mm long"	"Calandrinia eremaea"
15	"Seeds 0.7-0.8 mm long; fruiting valves 5-5.5 mm long"	"Calandrinia polyandra"
