from	statement	to
1	"Petals bright pink, about half as long as sepals; ovary inner wall glabrous but for a tuft of hairs at base; new leaves bright red"	"Cynometra roseiflora"
1	"Petals white or very pale pink, about same length as sepals; ovary inner wall glabrous to generally hairy (not tufted at base); new leaves green or pink"	2
2	"Leaf rachis and petiolules minutely hairy; sepal apices ciliate; ovary inner walls pubescent; fruit laterally compressed and distinctly beaked partway along dorsal side; new leaves green"	"Cynometra iripa"
2	"Leaf rachis and petiolules glabrous; sepal apices entire or few-toothed; ovary inner walls glabrous or with a few sparse hairs; fruit globose and with a small beak near apex of dorsal side; new leaves pink"	"Cynometra ramiflora"
