from	statement	to
1	"Plants with leaflets elliptic to broadly elliptic, more than 4 mm wide, pruinose; and stipules broadly falcate, foliaceous, persistent"	"Senna glutinosa subsp. pruinosa"
1	"Plants not having this complete combination of characters"	2
2	"Plants viscid; and leaflets elliptic, mostly distinctly longer than the distance between successive pairs; and stipules acicular, caducous; and foliar glands sessile, flat"	"Senna glutinosa subsp. glutinosa"
2	"Plants not having this complete combination of characters"	"Senna glutinosa subsp. luerssenii"
