from	statement	to
1	"Leaf-blades terete, longitudinal veins not obvious; inflorescences 6–10-flowered cymes (Syringodium isoetifolium)"	Syringodium
1	"Leaf-blades flat, linear, longitudinal veins obvious; flowers solitary"	2
2	"Leaf-blades with 3 longitudinal veins; style undivided; anthers not attached at same level"	Halodule
2	"Leaf-blades with 7–22 longitudinal veins; style divided into 2 stigmas; anthers attached at the same level"	3
3	"Leaf-sheath and leaf-blades shed together, amplexicaule; rhizome branching sympodially; flowers enclosed by 4 leafy bracts (Thalassodendron ciliatum)"	Thalassodendron
3	"Leaf-sheaths persisting after leaf-blade is shed; rhizome branching monopodially; flowers on terminating erect shoots, enclosed a leaf"	Cymodocea
