from	statement	to
1	"Larger leaves 2-4.2 cm long, with 5-7 palmate veins"	"Bauhinia galpinii"
1	"Larger leaves 6-17 cm long, with 9-13 palmate veins"	2
2	"Underside of leaf glabrous or with a few scattered hairs; stamens 3"	"Bauhinia purpurea"
2	"Underside of leaf conspicuously hairy, at least on the veins; stamens 1, 5 or 10"	3
3	"Leaf apical notch 10-15% of leaf length (i.e. midrib length + notch length); native species"	"Piliostigma malabarica"
3	"Leaf apical notch 25-50% of leaf length (i.e. midrib length + notch length); naturalised species"	4
4	"Underside of leaf hairy mainly on the veins, surface glabrous or almost so; petals with long hairs near their base; stamen 1; mature pod 22-27 mm wide"	"Bauhinia monandra"
4	"Underside of leaf evenly hairy throughout; petals glabrous; stamens 5 or 10; mature pod 15-21 mm wide"	5
5	"Leaf apical notch 33-50% of leaf length, base obtuse; petals white; stamens 10; mature pods 8-12 cm long"	"Bauhinia acuminata"
5	"Leaf apical notch 25-33% of leaf length, base cordate; petals pink to purple; stamens 5; mature pods 13-18 cm long"	"Bauhinia variegata"
