from	statement	to
1	"Capitula mostly hemispherical, usually much less than 1 cm diam. (excluding rays); involucral bracts pilose abaxially; ray achenes 3-4 mm long; disc corollas not basally dilated; ligules brilliant orange"	"Zinnia angustifolia"
1	"Capitula broadly campanulate to hemispherical, usually more than 1 cm diam. (excluding rays); involucral bracts glabrous or almost so abaxially; ray achenes 6-11 mm long; disc corollas basally dilated; ligules usually pink to purplish, sometimes white, yellow or orange-red"	2
2	"Capitula campanulate to hemispherical; paleae not lobed at apex, but erose or entire, obtuse and acuminate; disc achenes narrowly oblanceolate to elliptic with a single long awn; ligules glandular but otherwise +/- glabrous abaxially"	"Zinnia peruviana"
2	"Capitula hemispherical; paleae fimbriately lobed at apex; disc achenes broadly oblanceolate to cuneate, usually awnless; ligules pilose abaxially, especially on veins"	"Zinnia elegans"
