from	statement	to
1	"Flowers tiny and obscure, with petals and sepals <2.5 mm long"	2
1	"Flowers obvious, with sepals and petals (glossy yellow) >3 mm long"	5
2	"Achenes 2.3-2.7 mm long (excluding beak), very thin, often twisted, lateral faces tuberculate only in the middle or smooth altogether"	3
2	"Achenes 1-1.3 mm long (excluding beak), lenticular, not twisted, lateral faces tuberculate throughout"	4
3	"Tubercles on achenes confined to the middle of lateral faces"	"Ranunculus pentandrus var. platycarpus"
3	"Tubercles absent i.e. achenes smooth"	"Ranunculus pentandrus var. pentandrus"
4	"Leaves palmatifid to palmatisect, segments broad"	"Ranunculus sessiliflorus var. sessiliflorus"
4	"Leaves palmatisect, segments linear to lanceolate"	"Ranunculus sessiliflorus var. pilulifer"
5	"Leaves palmately divided into many linear segments, 1-3 mm wide"	6
5	"Leaf segments > 5 mm broad or leaves scarcely divided"	7
6	"Sepals hairy; petals >7 mm long; achenes transversely ridged"	"Ranunculus meristus"
6	"Sepals glabrous; petals <7 mm long; achenes smooth or irregularly undulate"	"Ranunculus inundatus"
7	"Leaves conspicuously hairy; native species"	8
7	"Leaves glabrous or sparsely hairy; introduced species"	9
8	"Sepals recurved at anthesis; petals 5-8 mm long"	"Ranunculus plebeius"
8	"Sepals spreading, remaining close to petals; petals 7-17 mm long"	"Ranunculus lappaceus"
9	"Peduncles <20 mm long at anthesis; infructescence cylindrical; achenes 0.9-1.2mm long"	"Ranunculus sceleratus"
9	"Peduncles >50 mm long at anthesis; infructescence +/- globose; achenes 2-5 mm long (excluding beak)"	10
10	"Plants strongly stoloniferous; mature achenes 2-3 mm long (excluding beak) and lateral faces smooth"	"Ranunculus repens"
10	"Plants not stoloniferous; mature achenes 3.5-5 mm long (excluding beak) and lateral faces with very prominent spines"	"Ranunculus muricatus"
