from	statement	to
1	"Petals pink"	2
1	"Petals white"	5
2	"Leaves alternate, oblanceolate to obovate and with recurved or pinched apex"	"Kunzea obovata"
2	"Leaves opposite to subopposite, linear to conical and straight erect"	3
3	"Leaves with central vein usually not visible, sericeous"	"Kunzea calida"
3	"Leaves with pronounced central vein, glabrous to sparsely hirsute"	4
4	"Leaves (0.8–) 1–2.5 (–3.8) mm long; hairs on branches 0.3–1 mm long"	"Kunzea opposita var. opposita"
4	"Leaves (3.1–) 3.8–5.2 (–5.8) mm long; hairs on branches longer than 1 mm"	"Kunzea opposita var. leichhardtii"
5	"Seasonal growth flush above infructescence develops at all nodes of axillary branches, but they remain often only short shoots as long or shorter than subtending leaf"	"Kunzea ericoides"
5	"Seasonal growth flush above infructescence develops at few nodes; axillary branches of varying length"	6
6	"Flower buds truncate; leaves linear and glabrous, 11.6–17.3 mm long"	"Kunzea truncata"
6	"Flower buds acute-conical; leaves oblanceolate to elliptic and pubescent to puberulous, rarely up to 12 mm long"	7
7	"Bracts broader or about as broad as long"	8
7	"Bracts usually twice longer than broad"	9
8	"Calyx glabrous or almost so"	"Kunzea bracteolata"
8	"Calyx covered with long silky hairs"	"Kunzea sericothrix"
9	"Hypanthium and calyx pubescent to puberulous; bracts and bracteoles deciduous, rarely persisting on upper fruits"	"Kunzea flavescens"
9	"Hypanthium and calyx glabrous; bracts and bracteoles caducous"	10
10	"Branches below the inflorescence with few short appressed hairs mainly between flanges; abaxial leaf glands not extending to margins"	"Kunzea graniticola"
10	"Branches below the inflorescence pubescent to hirsute; abaxial leaf glands extending close to margins"	"Kunzea caduca"
