from	statement	to
1	"Leaves flat"	2
1	"Leaves (or leaf segments) terete"	12
2	"Larger leaves 1-2.5 mm wide; flowers red"	"Hakea maconochieana"
2	"Larger leaves 2.5-30 mm wide; flowers white or creamy"	3
3	"Leaves with only one longitudinal vein (the midrib), or veins obscure"	4
3	"Leaves with 3-7 prominent longitudinal veins"	10
4	"Leaves 16-40 times longer than broad"	5
4	"Leaves 4-14 times longer than broad"	6
5	"Fruits 30-55 mm long, 16-30 mm wide; new growth rusty-brown"	"Hakea arborescens"
5	"Fruits 11-19 mm long, 5-9 mm wide; new growth grey"	"Hakea microcarpa"
6	"Leaves and branchlets densely hairy; inflorescence rachis 60-200 mm long"	"Hakea macrocarpa"
6	"Leaves and branchlets quickly glabrescent; inflorescence rachis 1-10 mm long"	7
7	"Leaves oblanceolate, broadest above the middle, apex obtuse and sometimes shortly mucronate, midrib not visible"	"Hakea pedunculata"
7	"Leaves narrowly elliptic, broadest near the middle, apex acute, midrib readily visible"	8
8	"Perianth hairy; fruit surface undulating, but without brown pustules"	"Hakea eriantha"
8	"Perianth glabrous; fruit surface not undulating, but with numerous brown pustules"	9
9	"Largest leaves 8-13(-15) mm wide; fruits 13-18mm wide"	"Hakea salicifolia"
9	"Largest leaves 14-23 mm wide; fruits 9-12mm wide"	"Hakea florulenta"
10	"Leaves 5-7-veined; young branchlets glabrous or very sparsely hairy"	"Hakea benthamii"
10	"Leaves 3-veined; young branchlets densely hairy"	11
11	"Leaf apex obtuse to mucronate; fruits 28-35 mm long; flowers yellow-green"	"Hakea trineura"
11	"Leaf apex acute to acuminate; fruits 22-25 mm long; flowers creamy-white"	"Hakea laevipes"
12	"At least some leaves (on mature plants) divided"	13
12	"All leaves (on mature plants) undivided"	16
13	"Inflorescence rachis 2-3 mm long; perianth red"	"Hakea purpurea"
13	"Inflorescence rachis 20-70 mm long; perianth white to yellow"	14
14	"Leaves 1.6-1.8 mm diameter"	"Hakea divaricata"
14	"Leaves 1.0-1.4 mm diameter"	15
15	"Leaves few branched, 70-150 mm long"	"Hakea ivoryi"
15	"Leaves several branched, 30-50 mm long"	"Hakea eyreana"
16	"Longest leaves 12.5-60 cm long, often pendulous"	17
16	"Longest leaves 2.8-12.5 cm long, not pendulous"	20
17	"New growth rusty-hairy; inflorescence rachis 3-6 mm long, peduncle much longer than rachis"	"Hakea persiehana"
17	"New growth without rusty hairs; inflorescence rachis 20-110 mm long, peduncle much shorter than rachis"	18
18	"Leaves up to 15 cm long, 1.0-1.2 mm wide"	"Hakea ivoryi"
18	"Leaves up to 60 cm long, 1.2-2.5 mm wide"	19
19	"Branchlets glabrous or sparsely hairy"	"Hakea chordophylla"
19	"Branchlets sparsely to densely hairy"	"Hakea lorea"
20	"Leaves thick (1.5-1.9 mm diameter)"	21
20	"Leaves thin (0.9-1.5 mm diameter)"	22
21	"Longest leaves 52-73 mm long; perianth glabrous; fruits 25-32 mm long"	"Hakea leucoptera"
21	"Longest leaves 18-39 mm long; perianth hairy; fruits 15-19 mm long"	"Hakea collina"
22	"Inflorescence rachis 20-70 mm long"	"Hakea ivoryi"
22	"Inflorescence rachis 0.5-4 mm long"	23
23	"Mature fruits 13-16 mm long, 6-7 mm wide"	"Hakea microcarpa"
23	"Mature fruits 25-41 mm long, 14-26 mm wide"	24
24	"Perianth glabrous"	25
24	"Perianth hairy"	26
25	"Longest leaves 70-100 mm long; pedicel hairs appressed"	"Hakea actites"
25	"Longest leaves 28-55 mm long; pedicels hairs spreading"	"Hakea sericea"
26	"New growth rusty-hairy; fruits 25-32 mm long, surface smooth; Maranoa and Warrego districts"	"Hakea tephrosperma"
26	"New growth pale; fruits 37-41 mm long, surface warty; Granite Belt"	"Hakea macrorrhyncha"
