from	statement	to
1	"Corolla tube 3.5-9 mm long, lobes obtuse; each node of the rachis bearing one flower"	2
1	"Corolla tube 2-3.5 mm long, lobes acute; at least some nodes of the rachis bearing more than one flower"	4
2	"Corolla lavender to mauve, tube 3.5-5 mm long; larger leaves 0.5-1.2 mm wide"	"Stackhousia tryonii"
2	"Corolla white, tube 5-9 mm long; larger leaves 1.5-12 mm wide"	3
3	"Leaves spathulate, 4-12 mm wide, apex obtuse; corolla tube 5-7 mm long; fruiting cocci prominently winged"	"Stackhousia spathulata"
3	"Leaves linear to narrowly-elliptic, 1.5-4.5 mm wide, apex acute; corolla tube 7.5-9 mm long; fruiting cocci not winged"	"Stackhousia monogyna"
4	"All leaves reduced to scales < 1.5 mm long"	"Stackhousia nuda"
4	"Plants with at least some leaves more than 7 mm long"	5
5	"Leaf apex acute; fruiting cocci 1.5-1.8 mm long; largest leaves 23-35 mm long and 0.6-1.3 mm wide"	"Stackhousia intermedia"
5	"Leaf apex obtuse; fruiting cocci 1.8-2.5 mm long; largest leaves 12-30 mm long and 1.0-4.0 mm wide"	6
6	"Fruiting cocci sharply tuberculate at apex"	"Stackhousia muricata"
6	"Fruiting cocci obtusely tuberculate to rugose at apex"	7
7	"Plants from Cape York Peninsula"	"Stackhousia sp. (McIvor River J.R.Clarkson 5201)"
7	"Plants from south-eastern Queensland"	"Stackhousia viminea"
