from	statement	to
1	"Plant appearing leafless; leaves bract-like, 0.5-1.5 mm long"	2
1	"Plants with distinct leaves 15-55 mm long"	3
2	"Flowers and fruits sessile at nodes, with a female flower developed first; leaves reduced to a membranous limb at apex of each internode. Host usually Loranthaceae, Viscaceae or Exocarpos; E Qld"	"Viscum articulatum"
2	"Flowers and fruits in pedunculate cymes, with a male flower (when present) central; leaves reduced to a pair of opposite, acute, concave bract-like structures together forming a boat-like sheath at apex of each internode. Host Amyema species occurring in open forest; Rockhampton, Injune to Eidsvold"	"Viscum bancroftii"
3	"Leaves 15–20 mm wide; cymes with lateral male flowers (when present); fruit warty except when fully ripe, orange to dark-coloured. Host rainforest species; Torres Strait to Cairns"	"Viscum ovalifolium"
3	"Leaves 4–6 mm wide; cymes with central male flowers (when present); fruit smooth, white, pale yellow or pink. Host Loranthaceae in open forest; Stannary Hills to Tara"	"Viscum whitei subsp. whitei"
