from	statement	to
1	"Leaves opposite; petioles not swollen at apex, 0.4–1 cm long"	"Baloghia inophylla"
1	"Leaves alternate; petioles swollen at apex, 1.5–7.5 cm long"	2
2	"Leaf blades with a pair of immersed marginal glands c. 1 mm long, just above junction with petiole, macular glands absent below; stamens 40–50, filaments pilose at base; SE Qld"	"Baloghia marmorata"
2	"Leaf blades without immersed marginal glands, 2–7 suborbicular macular yellowish glands 1–2 mm long present below; stamens 10–15, glabrous; NE Qld"	"Baloghia parviflora"
