from	statement	to
1	"Inflorescences solitary"	2
1	"Inflorescence cymose to pseudo-umbellate, 3-many flowered"	4
2	"All flowers 4-merous; petals white"	"Ammannia crinipes"
2	"All flowers 5- or 6-merous; petals purple"	3
3	"Erect annual forb; stems swollen at base, glabrous; petals 2-3 mm long"	"Ammannia muelleri"
3	"Sprawling shrub rooting at the nodes; stems not swollen, with short patent hairs; petals 4-5 mm long"	"Ammannia robertsii"
4	"Leaf bases cuneate to attenuate; petals absent; style 0.1-0.2 mm long"	5
4	"Leaf bases cordate to auriculate; petals present; style 0.5-1.5 mm long"	6
5	"Inflorescence 7-20-flowered; calyx lobes to 0.5 mm long, glabrous"	"Ammannia baccifera"
5	"Inflorescence 3-flowered; calyx lobes 0.5-1.1 mm long, with sparse hairs"	"Ammannia triflora"
6	"Flowers and fruits in dense clusters, fruits 1.5-3 mm diameter"	"Ammannia multiflora"
6	"Flowers and fruits in open cymes, fruits 1-1.8 mm diameter"	"Ammannia auriculata"
