from	statement	to
1	"Labellum apex not concealed by dorsal sepal"	2
1	"Labellum apex concealed by dorsal sepal"	6
2	"Labellum entirely tubular"	3
2	"Labellum tubular at the base, broadly expanding and opening distally"	4
3	"Dorsal sepal projecting beyond or at least in line with labellum apex; labellum strongly banded on outer surface"	"Corybas fordhamii"
3	"Dorsal sepal not projecting beyond labellum apex; labellum more or less uniformly coloured maroon on outer surface"	"Corybas montanus"
4	"Labellum margins minutely dentate; labellum apex apiculate-cuspidate"	"Corybas undulatus"
4	"Labellum margins deeply fimbriate with teeth > 2 mm long; labellum apex blunt"	5
5	"Labellum boss (central raised area) white and deeply notched"	"Corybas hispidus"
5	"Labellum boss raised, blotched maroon, not notched"	"Corybas fimbriatus"
6	"Flowers small, usually < 15 mm long and < 10 mm wide; north Queensland only in Wet Tropics from Townsville to Cooktown; recurved labellum lamina sparsely to wholly papillate, occasionally sparsely hispid"	7
6	"Flowers larger, usually > 20 mm long and > 10 mm wide; coastal from NSW-Qld border to Cooktown area; recurved labellum lamina sparsely to wholly hispid"	8
7	"Leaves green ± silvery white veins above; flowers strongly nodding, 8-10 mm long, 5-7 mm wide; dorsal sepal markedly incurved, maroon with white translucent lower half; recurved labellum lamina sparsely papillate"	"Corybas abellianus"
7	"Leaves bluish-green above; flowers erect to leaning slightly forward, 9-13 mm long, 5-9 mm wide; dorsal sepal completely red-maroon; recurved labellum lamina papillate to sparsely hispid"	"Corybas cerasinus"
8	"Flower erect to leaning forward; Dorsal sepal grey-red to maroon on outer surface, somewhat narrow (length: width = c. 2.5-3); south of Rockhampton area"	"Corybas aconitiflorus"
8	"Flowers generally leaning forward; Dorsal sepal sparkling white-pinkish on outer surface, somewhat broad (length: width = c. 1.75-2), giving a somewhat bloated appearance; coastal from NSW-Qld border to Cooktown area"	"Corybas barbarae"
