from	statement	to
1	"Leaves with 1 (or 2) pairs of leaflets; petiolules 1–7 mm long; fruits sessile or subsessile"	2
1	"Leaves with 2–4 (rarely 1) pairs of leaflets; petiolules 8–18 mm long; fruits stipitate, stipes 1–4 mm long"	3
2	"Petioles (7–) 20–31 mm long; panicle branches to 3 cm long; flowers 5–7.5 mm diameter; SE Qld"	"Rhysotoechia bifoliolata subsp. bifoliolata"
2	"Petioles 4–8 (–11) mm long; panicle branches 4–9 cm long; flowers 4.5–5.5 mm diameter; Cape York Peninsula"	"Rhysotoechia bifoliolata subsp. nitida"
3	"Branchlets puberulent or pubescent at tips with simple appressed or erect hairs 0.05–0.2 (–0.6) mm long"	"Rhysotoechia robertsonii"
3	"Branchlets glabrous at tips or with sparse simple appressed hairs 0.1–0.2 mm long"	4
4	"Leaf rachises 17–30 cm long; leaflets ovate-lanceolate (length: width 2.9–3.3:1) with 12–20 pairs of lateral veins, apices caudate; petals without scales"	"Rhysotoechia flavescens"
4	"Leaf rachises 2.5–14 cm long; leaflets broadly elliptic to ovate-elliptic (length: width 1.8–2.3:1) with 5–9 pairs of lateral veins, apices obtuse, acute or acuminate; petals with scales"	5
5	"Leaflet apices usually acute or acuminate; leaflets 2 or 3 pairs; inflorescence sparsely flowered; flowers 8–10 mm diameter; pedicels 5–9 mm long; sepals 4–6 mm long, 4–5 mm wide; petals 4–5 mm long"	"Rhysotoechia mortoniana"
5	"Leaflet apices broad, obtuse; leaflets 2–4 pairs; inflorescence densely flowered; flowers 6–7 mm diameter; pedicels 2–5 mm long; sepals 1.5–4 mm long, 2.7–3 mm wide; petals 2.5–3 mm long"	"Rhysotoechia florulenta"
