from	statement	to
1	"Leaves linear to lanceolate, 4-8 mm wide; stems glabrous; bracts +/- glabrous on the surface (but with hairs along margin); seeds smooth"	"Dicliptera armata"
1	"Leaves elliptical to broadly elliptical, 13-50 mm wide; stems sparsely to densely hairy; bracts densely hairy on surface; seeds muricate"	2
2	"Bracts orbicular, apical mucro absent or up to 1.4 mm long; the longest bract hairs less than 0.6 mm long"	3
2	"Bracts elliptical, apical mucro 2-4 mm long; the longest bract hairs 0.9-2.2 mm long"	4
3	"Bract apex obtuse or with a mucro up to 0.4 mm long; longest bract hairs 0.4-0.6 mm long"	"Dicliptera chinensis"
3	"Bract with apical mucro 0.8-1.4 mm long; longest bract hairs 0.1-0.2 mm long"	"Dicliptera glabra"
4	"Inflorescences terminal, with numerous flower clusters borne beyond leaves; longest bract hairs 0.9-1.2 mm long, distributed along the length of the bract"	"Dicliptera spicata"
4	"Inflorescences axillary; longest bract hairs 1.5-2.2 mm long, distributed mainly on the lower half of the bract"	"Dicliptera ciliata"
