from	statement	to
1	"Leaf base cordate, rounded, obtuse"	2
1	"Leaf base attenuate, acute"	3
2	"Ovules 5-10 per locule"	"Waterhousea hedraiophylla"
2	"Ovules 3-4 per locule"	"Waterhousea mulgraveana"
3	"Oil dots in the leaf blade, generally more than six per reticulation; reticulation indefinite; central Qld to central N.S.W."	"Waterhousea floribunda"
3	"Oil dots 1-4 per reticulation; reticulations quite definite; north-eastern Qld"	4
4	"Up to 20 oil dots per petal; young twigs 4-angled or with 4 short rugate wings; leaf base acute, obtuse or rounded; petiole 2-5 mm long"	"Waterhousea mulgraveana"
4	"Between 30 and 80 oil dots per petal; young twigs slightly 4-angled to terete; leaf base attenuate to shortly attenuate; petiole 4-10 mm long"	"Waterhousea unipunctata"
