from	statement	to
1	"Leaf apex obtuse or truncate"	2
1	"Leaf apex acute"	5
2	"Leaves 2.3-3.3 mm wide"	"Triplarina volcanica subsp. volcanica"
2	"Leaves 1.0-2.0 mm wide"	3
3	"Calyx lobes oblong; hypanthium 1.7-2 mm long"	"Triplarina volcanica subsp. borealis"
3	"Calyx lobes deltoid, obtuse or semi-orbicular; hypanthium 1.2-1.6 mm long"	4
4	"Petals 1.9-2.7 mm long; stamens 14-15; calyx lobes 0.7-0.9 mm long, connective gland about half anther length"	"Triplarina calophylla"
4	"Petals 1.4-1.8 mm long; stamens 16-18; calyx lobes 0.4-0.5 mm long, connective gland about same length as anthers"	"Triplarina bancroftii"
5	"Leaves oblanceolate, 1.0-1.5 mm wide"	"Triplarina nitchaga"
5	"Leaves linear, 0.6-1.0 mm wide"	"Triplarina paludosa"
