from	statement	to
1	"Leaves 3-veined from near the base to leaf apex"	2
1	"Leaves penninerved"	8
2	"Petals pink, 11-18 × 8-13 mm; stamens pink, 7-15 mm long; fruits dark purple or black;  cultivated (native to China, SE Asia)"	"Rhodomyrtus tomentosa"
2	"Petals white or cream, rarely pale pink, 5.6-10 × 4.6-6 mm; stamens white, 3-6 mm long; fruits cream"	3
3	"Inflorescences triads and monads on same branchlet; branchlets and leaves puberulent with appressed white hairs 0.1-0.3 mm long; NE Queensland, 750-1250 m altitude"	"Rhodomyrtus canescens"
3	"Inflorescences solitary in leaf axils (monads); tomentum of branchlets and leaves erect or erect and appressed, brown or tan hairs 0.2-1.2 mm long"	4
4	"Leaves truncate to cordate at base; branchlets and young leaves villous with hairs 0.5-1.2 mm long; straggling shrubs; coastal NE Queensland"	"Rhodomyrtus effusa"
4	"Leaves attenuate or cuneate at base; branchlets and young leaves pubescent or sericeous with hairs 0.2-1 mm long; erect spreading shrubs to small trees"	5
5	"Ovules/seeds in 3-5 rows"	6
5	"Ovules/seeds in 6-10 rows"	7
6	"Petals pubescent; pedicels 2-6 mm long; Cairns to Rockhampton, E Queensland"	"Rhodomyrtus trineura subsp. trineura"
6	"Petals villous; pedicels 3-10 mm long; Cape York, Queensland"	"Rhodomyrtus trineura subsp. capensis"
7	"Leaves 7-18 × 2.3-7 cm, pubescent below with erect mid-dense hairs; NE Queensland, 400-1250 m altitude"	"Rhodomyrtus pervagata"
7	"Leaves 3-9 × 1.4-1.7 cm, sericeous or velutinous below, hairs erect and appressed, dense; NE Queensland, 900-1650 m altitude"	"Rhodomyrtus sericea"
8	"Leaves obovate to ovate-elliptic, apex obtuse, rounded, rarely shortly acute, 9-22 × 4.5-10 cm; ovary 1-locular; fruit cylindrical, pink or red, c. 2.5 cm long; Cape York to Mackay, NE Queensland"	"Rhodomyrtus macrocarpa"
8	"Leaves ovate to ovate-lanceolate, apex acuminate, 6-16 × 2-7 cm; ovary 4-locular, fruit globular, yellow, 10-12 mm long; SE Queensland, E NSW"	"Rhodomyrtus psidioides"
