from	statement	to
1	"Peduncles mostly 6-22 mm in flower"	"Uromyrtus tenella"
1	"Peduncles mostly less than 6 mm in flower"	2
2	"Leaves mostly 10-25 mm long, midribs above and below flush, apex acute, uppermost tips rounded or pointed; hypanthium sericeous; petals glabrous below"	"Uromyrtus lamingtonensis"
2	"Leaves mostly 35-70 mm long, midvein strongly impressed above, lower midrib prominently raised, apex narrowly acuminate to aristate, uppermost tips pointed; hypanthium densely sericeous-villous; petals sericeous below"	"Uromyrtus metrosideros"
