from	statement	to
1	"Woody scandent shrubs or climbers"	2
1	"Trees, stranglers, shrubs or herbs"	3
2	"Axillary spines present; tepals imbricate; stamens 4, filaments erect or reflexed in bud; syncarp formed by laterally fused flowers and bracts, fleshy, globose, yellow or orange, 15-150 cm diameter"	Maclura
2	"Axillary spines absent; tepals valvate; stamens 3 or 4, filaments inflexed in bud; fruit enclosed in fleshy perianth, ellipsoidal, red, 6-9 mm long (Trophis scandens)"	Trophis
3	Herbs	4
3	"Trees, stranglers or shrubs"	5
4	"Plants branched; sap watery; peduncles 0.4–2.5 cm long; stamens 4 (Fatoua villosa)"	Fatoua
4	"Plants monocaul and subacaul; sap milky; peduncles 5–18 cm long; stamens 2 or 3 (Dorstenia turnerifolia)"	Dorstenia
5	"Inflorescences a fig with many minute flowers, completely enclosed within a hollow receptacle, opening by a terminal pore"	Ficus
5	"Inflorescences capitula, spike or raceme or with flowers inserted on a discoid receptacle"	6
6	"Inflorescences with an involucre of several overtopping bracts"	7
6	"Inflorescences subtended by a few small bracts or bracts absent"	8
7	"Stipules free, semi-amplexicaule; fruit a red drupe partly enclosed within a fleshy receptacle, 2–4.5 cm long; native (Antiaris toxicaria var. macrophylla)"	Antiaris
7	"Stipules connate; fruiting heads discoid, yellow or orange, 2–5 cm across; naturalised (Castilla elastica)"	Castilla
8	"Inflorescences (female flowers)1–8-flowered spikes; drupes free, not aggregated into a syncarp, surrounded by persistent free sepals, 3–5 mm long; native"	Streblus
8	"Inflorescences with numerous flowers; fruit syncarps with fleshy perianths > 9 mm long; naturalised"	9
9	"Syncarps globular or cylindrical, green to yellow, 12–100 cm long, 12–50 cm diameter; stipules amplexicaule"	Artocarpus
9	"Syncarps < 4 cm long; stipules free or semi-amplexicaule"	10
10	"Stigmas 2, equal; tepals of the male flowers imbricate; female inflorescences spicate to sub-capitate; syncarps ovoid to cylindrical, black or pale green, 1–3 cm long; leaf-blades sparsely pubescent below (Morus alba)"	Morus
10	"Stigma solitary; tepals of male flowers valvate; female inflorescences globose-capitate; syncarps fleshy, orange-red, globose, 1.5–3 cm diameter; leaf-blades densely pubescent below (Broussonetia papyrifera)"	Broussonetia
