from	statement	to
1	"Shrub or small tree 3–12 m; leaf blades lanceolate to linear-lanceolate, 5–15 cm long, 0.5–1.6 cm wide"	"Ventilago viminalis"
1	"Vines with stem diameters to 8 cm; leaf blades ovate to ovate-lanceolate, 2.5–9 cm long, 1–6 cm wide"	2
2	"Leaf blades 2.5–6 cm long, 1–3 cm wide; petioles 1-4.5 mm long; inflorescences in axillary clusters, 0.5–1.2 cm long; petals absent"	"Ventilago ecorollata"
2	"Leaf blades 6–9 cm long, 3–6 cm wide; petioles 4–9 mm long; inflorescences axillary panicles 8–17 cm long; petals present, c. 1 mm long"	"Ventilago pubiflora"
