from	statement	to
1	"Lemma awn usually more than 23 mm long; inflorescence contracted"	"Dichelachne crinita"
1	"Lemma awn less than 23 mm long, or if more not wavy (straight or geniculate); inflorecence open or contracted"	2
2	"Lemma usually less than 4 mm long"	3
2	"Lemma at least 4 mm long"	5
3	"Inflorescence sparse with flexuous branches, with branches and pedicels clearly visible; lemma longer than lower glume"	"Dichelachne parva"
3	"Inflorescence branches ± contracted and not flexuous, with spikelets concealing branches; lemma usually shorter than to as long as both glumes"	4
4	"Lemma awn 10-22 mm long; anther usually 1"	"Dichelachne micrantha"
4	"Lemma awn less than 10mm long; anthers 3"	"Dichelachne montana"
5	"Lower panicle branches with florets ± to base; lower glume usually as long as lemma"	"Dichelachne rara"
5	"Lower panicle branches naked at base; lower glume shorter than lemma"	"Dichelachne inaequiglumis"
