from	statement	to
1	"Stigma positioned below anthers at anthesis; stamens attached in lower 1/3 to 1/2 of corolla tube"	2
1	"Stigma positioned above anthers at anthesis and usually exserted from corolla tube or if stigma positioned below anthers then stamens attached in upper half of corolla tube"	3
2	"Capsules covered with spreading hyaline hairs with rounded apex"	"Dentella repens"
2	"Capsules glabrous"	"Dentella serpyllifolia"
3	"Leaves ovate, elliptic or orbicular, 0.5-2 mm long; midrib sunken on upper leaf surface"	"Dentella minutissima"
3	"Leaves linear, oblanceolate or elliptic-oblanceolate, if elliptic then leaves > 2 mm long; midrib never sunken on upper leaf surface"	4
4	"Leaves linear or narrowly elliptic, 5-11 mm long, 1-2.5 mm wide, 5 to 14 times as long as wide or if < 5 times as long as wide then leaves > 6 mm long"	"Dentella browniana"
4	"Leaves narrowly oblanceolate to oblanceolate or elliptic-oblanceolate, 1-5 mm long, 0.5-2 mm wide, < 5 times as long as wide"	"Dentella pulvinata"
