from	statement	to
1	"Hairs on stem (when present) scattered or in longitudinal lines, simple; stipular excrescences often present; flowers terminal or axillary, solitary or in few-flowered clusters; anthers without glands; seed thick, with deltate-shaped hilum and thin outer testa"	2
1	"Hairs on stem (when present) scattered, stellate or simple; stipular excrescences absent; flowers axillary, solitary or in cymes; anthers with 2 (rarely more) glands at base of white apiculum; seed laterally flattened with linear hilum and coriaceous outer testa"	6
2	"Staminal filaments free or almost free"	3
2	"Staminal filaments united towards base"	5
3	"Leaves flattened, elliptic to ovate or rhomboid, 2.5–7 mm long"	"Philotheca difformis subsp. smithianus"
3	"Leaves somewhat terete, obovoid, ellipsoid, or globular"	4
4	"Petals glabrous abaxially"	"Philotheca sporadica"
4	"Petals variably puberulous abaxially"	"Philotheca difformis subsp. difformis"
5	"Leaves cuneate, flat, chartaceous"	"Philotheca acrolopha"
5	"Leaves semiterete"	"Philotheca ciliata"
6	"Leaves strongly conduplicate when dry"	"Philotheca conduplicata"
6	"Leaves flat or concave when dry"	7
7	"Leaves oblong to obovate, flat or slightly concave, 20–52 mm long, 4–11 mm wide; inflorescences 1 (–5)-flowered; pedicels 4–12 mm long; staminal filaments long-pilose towards apex"	"Philotheca glasshousiensis"
7	"Plants without the above combination of features"	8
8	"Leaves more or less flat when dry"	"Philotheca obovatifolia"
8	"Leaves variably concave when dry"	9
9	"Leaves obovate to oblanceolate; apex of staminal filaments glabrous or sparsely hairy"	"Philotheca epilosa"
9	"Leaves narrowly oblong to oblong, elliptic or oblanceolate; apex of staminal filaments pilose"	"Philotheca queenslandica"
