from	statement	to
1	"Aerial stems absent or reduced; leaves mainly in a basal rosette"	2
1	"Aerial stems present; leaves occurring along the stem"	6
2	"Petals bright yellow; bulbils present"	"Oxalis pes-caprae"
2	"Petals pink, mauve, purple or white; bulbils present or absent"	3
3	"Inflorescences 1-flowered, the petals up to 4 cm long (previously naturalised on the Darling Downs but probably not persisting)"	"Oxalis purpurea"
3	"Inflorescences with several flowers; petals to 2 cm long"	4
4	"Reduced aerial stems present; woody rhizome present; bulbils absent"	"Oxalis articulata"
4	"Aerial stems absent; rhizome absent, numerous small bulbils present at base"	5
5	"Leaflets deltoid (fish tail shaped), lobe apices 12–75 mm apart; petals c. 1 cm long"	"Oxalis latifolia"
5	"Leaflets cuneate to obcordate (heart shaped), with lobe apices to 12 mm apart; petals 1.5–2 mm long"	"Oxalis debilis"
6	"Hairs on stems and branches mostly antrorse or sometimes absent"	7
6	"Hairs on stems and branches mostly retrorse or spreading, or a mix of crisped, curved and spreading hairs"	10
7	"Fruits 5–6.5 mm long; leaflets 2.5–3.5 (–6) mm long, bilobed; often mat-forming"	"Oxalis exilis"
7	"Fruits 7–30 mm long; leaflets usually more than 4 mm long, bilobed or not; not mat-forming"	8
8	"Fruits 5–16 mm long, with dense spreading, septate hairs; fruit with short styles (c. 1 mm); seeds very compressed with wide shallow ridges"	"Oxalis thompsoniae"
8	"Fruits 10–30 mm long, sometimes with a few long septate hairs, or none; fruit with short or long styles; seeds somewhat compressed and deeply ridged with narrow sharp edges"	9
9	"Plants tufted; stems usually with sparse short white appressed or oblique hairs; leaflets with sinus up to 2/3 leaflet length, the lobes narrow (bilobed); fruit slender and straight sided, c. 2 mm wide (widespread)"	"Oxalis perennans"
9	"Plants trailing; stems very sparsely hairy with long oblique to spreading hairs, or nearly glabrous; leaflets with sinus up to ½ leaf length, the lobes broad (obcordate); fruits broadest at the middle (not straight sided), 2.5–3.5 mm wide; plants mostly occurring on coastal dunes"	"Oxalis rubens"
10	"Fruits 5–9 mm long, widest at base, often with a few septate spreading hairs; branches trailing"	"Oxalis chnoodes"
10	"Fruits 8–26 mm long, either straight sided or widest about the middle, and never with septate hairs; branches erect or ascending"	11
11	"Fruit widest about the middle, 2.5–3.5 mm wide, with long styles 2-3 mm long; stems glabrous or with sparse oblique or spreading hairs; plants mostly occurring on coastal dunes"	"Oxalis rubens"
11	"Fruit with straight sides, c. 2 mm wide, with short styles 1-2 mm long; stems with moderate to dense spreading, curved or crisped hairs; plants occurring in a variety of habitats"	12
12	"Stipules inconspicuous, c. 1 mm long and tapered to the petiole (often obscured by hair); stems with a mix of crisped, curved and spreading hairs"	"Oxalis radicosa"
12	"Stipules obvious, c. 3 mm long, truncate, thin and glabrous except for hairs on the margin; stems with dense spreading hairs"	"Oxalis corniculata"
