from	statement	to
1	"Mature leaves greater than 150 mm long; leaf base cordate or rounded"	"Kayea larnachiana"
1	"Mature leaves less than 80 mm long; leaf bases cuneate"	2
2	"Stipule-like bud scales up to 1.5 mm long; leaf lamina broadly ovate, width at widest point greater than one third of the length; sepals green"	"Kayea meridionalis"
2	"Stipule-like bud scales 3–5 mm long; leaf lamina lanceolate, width at widest point less than one third of the length; sepals pinkish-fawn"	"Kayea concinna"
