from	statement	to
1	"Stamens twice as many as the petals; usually small shrubs with small, ericoid leaves, indumentum with some gland-tipped hairs or stellate hairs"	Tetratheca
1	"Stamens more than twice as many as the petals; shrubs or trees with large leaves, indumentum of simple non-glandular hairs only"	2
2	"Leaves opposite"	Aceratium
2	"Leaves alternate"	3
3	"Fruit indehiscent"	Elaeocarpus
3	"Fruit dehiscent"	4
4	"Fruit covered with persistent spines or bristles (sometimes short)"	Sloanea
4	"Fruit glabrous"	5
5	"Seed enveloped by fleshy, pink-red aril"	Peripentadenia
5	"Seed without prominent aril"	Dubouzetia
