from	statement	to
1	"Inflorescence of 1 or more dense head-like racemes or umbel-like; plant 2.5–9.5 cm tall"	"Haemodorum brevicaule"
1	"Inflorescence paniculate or corymbose, dense or open; plant 20–190 cm tall"	2
2	"Flowers 3.5–7.5 mm long"	3
2	"Flowers 8–16.5 mm long"	4
3	"Leaves flat"	"Haemodorum coccineum"
3	"Leaves terete, compressed or plano-convex"	"Haemodorum tenuifolium"
4	"Flowers red or orange-red"	"Haemodorum coccineum"
4	"Flowers at least partly black or brown"	5
5	"Flowers solitary"	"Haemodorum austroqueenslandicum"
5	"Flowers in clusters of 2–6 flowers"	"Haemodorum planifolium"
