from	statement	to
1	"Plants caulescent; leaves opposite on erect, elongated, branching stems; hairs glandular"	"Plantago arenaria"
1	"Plants acaulescent; leaves basal, rosulate, prostrate or tufted, occasionally ascending; hairs, if present, eglandular"	2
2	"Leaves pinnately or bipinnately lobed; spikes compact with flowers appressed to axis; corolla tube sparsely hairy or hairy in lower half only"	"Plantago coronopus"
2	"Leaves entire or toothed; spikes loose, or if compact then with spreading flowers; corolla tube glabrous throughout"	3
3	"Flowers cleistogamous; corolla lobes erect; anthers not exserted"	"Plantago myosuros"
3	"Flowers chasmogamous; corolla lobes spreading or reflexed; anthers exserted"	4
4	"Capsules 8–16-seeded; leaf bases abruptly contracted or truncate"	"Plantago major"
4	"Capsules up to 5-seeded; leaf bases attenuate or rounded, never truncate"	5
5	"Peduncles with a series of longitudinal, parallel grooves and ridges; spikes broad, subconical, ovate, or almost cylindrical; anterior sepals fused for at least ½ their length"	"Plantago lanceolata"
5	"Peduncles without grooves and ridges; spikes cylindrical; anterior sepals free or nearly so"	6
6	"Spikes narrowly cylindrical, elongating and lax at maturity; small capsules to 3 mm long, often well interspaced, particularly in lower half to two-thirds"	"Plantago debilis"
6	"Spikes cylindrical, upright at maturity; capsules larger, 3.3-6 mm long, typically close together"	7
7	"Leaves more than 15 times longer than wide"	"Plantago gaudichaudii"
7	"Leaves rarely more than 5 times as long as wide"	8
8	"Plants annual; bracts and sepals glabrous or with few hairs along the keels"	9
8	"Plants perennial; bracts and sepals with numerous coarse or soft hairs along the keels"	11
9	"Mature pyxis ovoid, obovate, or ellipsoid, 2.5–5 mm long, dark purple or dark brown,; apex acute to subobtuse; plant of arid and semi-arid floodplains but generally not of swampy ground"	"Plantago drummondii"
9	"Mature pyxis obovate-pyriform to pyriform, 1.5–2.5 mm long, pale brown or tinged a purplish red,; constriction and taper symmetrical or asymmetrical in outline; apex acute or truncate"	10
10	"Pyxis obovate-pyriform, broadly constricted in upper third to half and tapering to apex; constriction and taper symmetrical or asymmetrical in outline; apex acute, not quadrangular or lobed; plant mostly of inland colluvial and alluvial plains, preferring more fertile soils in natural grasslands"	"Plantago cunninghamii"
10	"Pyxis prominently pyriform with the narrowest part forming a cylindrical beak above mid-point; beak generally parallel in outline or with an additional slight compression around the middle; apex truncate, quadrangular, and minutely lobed; small plant of mostly impoverished soils in inland regions, e.g. on hard, stony or sandy ridges and plains, and on claypans and ‘scalds’"	"Plantago turrifera"
11	"Small plants; spikes 1–6 cm long; bracts ovate, minute, 1–1.9 mm long, less than half the length of the sepals; hairs in leaf axils short, to c. 2 mm long, whitish, pale brown or pale yellowish-brown; pyxis ovoid-globular to ovoid-ellipsoid. Confined to the extreme SE of the Granite Belt east of Wallangarra where it has been collected from crevices in rock pavement, but possibly to be found elsewhere on the Granite Belt"	"Plantago hispida"
11	"Robust plants, spikes 8–26 cm long; bracts narrowly elliptic-deltoid, 1.5–3.2 mm long, c. 2/3 the length of the sepals; hairs in leaf axils long, 2–6 mm long, dark golden brown; pyxis ovoid-conical to subglobular. In ungrazed or seldom grazed grassland on the basaltic slopes of the extreme south-east of the Darling Downs, but possibly found elsewhere in similar habitat type"	"Plantago nupera"
