from	statement	to
1	"Culms decumbent, rooting at nodes"	"Megathyrsus maximus var. maximus ‘Embu’"
1	"Culms tufted and erect, not rooting at nodes"	2
2	"Spikelets softly hairy"	"Megathyrsus maximus var. pubiglumis"
2	"Spikelets glabrous"	3
3	"Leaves distinctly hairy at junction of sheath and blade"	"Megathyrsus maximus var. coloratus"
3	"Leaves glabrous at junction of sheath and blade, or with a few hairs"	4
4	"Leaves less than 2 cm wide; plants c. 2 m tall"	"Megathyrsus maximus var. maximus"
4	"Leaves more than 2.3 cm wide; plants 3 to 3.5 m tall"	"Megathyrsus maximus var. maximus ‘Hamil’"
