from	statement	to
1	"Flowers bisexual"	2
1	"Flowers unisexual, male and female flowers on separate plants"	4
2	"Petals absent; stamens 5–12 with 5–12 staminodes alternate with and connate to stamens; leaves with pellucid dots or streaks"	Casearia
2	"Petals present; staminodes absent; leaves without pellucid dots or streaks"	3
3	"Ovary superior; style 1; stamens > 30, single (not in fascicles); sepals and petals 4; fruit a berry 9–13 mm long (Scolopia braunii)"	Scolopia
3	"Ovary half-inferior; styles 3–6, free or shortly connate at base; stamens 5–20, single or up to 3 together opposite the petals; sepals and petals 5–8; fruit 5–8-valved capsule or indehiscent, 3–6 mm long"	Homalium
4	"Sepals and petals absent; inflorescence a dense catkin, each flower subtended by a scale-like bract"	5
4	"Sepals 4–8, petals absent; inflorescence a raceme, fascicle or flowers solitary"	6
5	"Leaves > 3 cm wide, broadly elliptic to ovate; winter buds with several outer scales; nectary obliquely cup-shaped; floral bracts laciniate or dentate"	Populus
5	"Leaves < 2.5 cm wide; winter buds with a single outer scale; nectaries 1 or 2, minute, tongue-like; floral bracts entire or serrulate"	Salix
6	"Ovary 1-locular with 2–7 placentas, each placenta with 2 ovules; styles 1–7"	7
6	"Ovary incompletely 4–10-locular by false septa with 2 ovules in each loculus one above the other; styles 4–10, free"	Flacourtia
7	"Plants armed with axillary thorns up to 6 cm long; anthers dorsifixed; styles 2, 3, or 5–7, free; seeds woolly; naturalised"	Dovyalis
7	"Plants unarmed; anthers basifixed; styles 2, connate or style single; fruits dark red to black, 5–12 mm diameter; seeds not woolly, arillate; native"	Xylosma
