from	statement	to
1	"Stems terete"	"Lepidosperma clipeicola"
1	"Stems flattened, biconvex, flat or concave-convex"	2
2	"Leaves and stems distinctly 4-angled"	"Lepidosperma quadrangulatum"
2	"Leaves and stems biconvex, flat or concave-convex"	3
3	"Culms rather spongy, strongly biconvex, edges of stems and leaves smooth"	"Lepidosperma longitudinale"
3	"Culms tough, not or scarcely compressible, flat to slightly biconvex; edges of stems and leaves not smooth"	4
4	"Inflorescence lax, somewhat drooping or nodding"	5
4	"Inflorescence erect, not lax"	6
5	"Margins of leaves and stems distinctly scabrous, tuberculate, stained brown and viscid; achene 2 mm long"	"Lepidosperma tuberculatum var. grande"
5	"Margins of leaves and stems slightly scabrous, neither tuberculate nor viscid; achene 2-2.5 mm long"	"Lepidosperma elatius"
6	"Inflorescence more or less densely clustered, with numerous spikelets"	"Lepidosperma limicola"
6	"Inflorescence with loosely arranged spikelets and/or inflorescence with few spikelets"	7
7	"Spikelets mostly 3.5-4 mm long; culms usually biconvex"	"Lepidosperma gunnii"
7	"Spikelets mostly 4-8.5 mm long; culms usually flat or concavo-convex"	"Lepidosperma laterale"
