from	statement	to
1	"Leaves 3-foliolate"	2
1	"Leaves pedate"	4
2	"Leaves pubescent mainly on the lower surface of the midrib; leaf margins crenulated-serrulate; peg-like lenticels present on older stems"	"Tetrastigma crenatum"
2	"Leaves glabrous; leaf margins entire to irregularly serrate; lenticels not peg-like"	3
3	"Central leaflet > 9 cm long; leaf length: breadth ratio 1.5–2.5"	"Tetrastigma nitens"
3	"Central leaflet < 9 cm long; leaf length: breadth ratio 1.1–1.8"	"Tetrastigma petraeum"
4	"Leaflets usually 5–7; staminate inflorescences 3-5 cm long"	"Tetrastigma thorsborneorum"
4	"Leaflets usually 9; staminate inflorescences > 6 cm long"	"Tetrastigma pisicarpum"
