from	statement	to
1	"Fruit an achene"	2
1	"Fruit a follicle"	7
2	"Carpels in several whorls, apparently spirally arranged; flowers bisexual or unisexual"	3
2	"Carpels in 1 whorl; flowers bisexual"	5
3	"All flowers bisexual (Echinodorus cordifolius)"	Echinodorus
3	"Lower flowers female or bisexual, the upper flowers male"	4
4	"Achenes few, swollen, with spines to 5 mm long (Astonia australiensis)"	Astonia
4	"Achenes numerous, flattened, with spines usually absent, if present then <2 mm long (Sagittaria platyphylla)"	Sagittaria
5	"Carpels roughly triangular with long beak, united along central axis, not closely packed (Damasonium minus)"	Damasonium
5	"Carpels rounded on back, not triangular, not united along central axis, often closely packed"	6
6	"Achenes laterally flattened, when mature forming a circular or rounded triangular whorl (Alisma plantago-aquatica)"	Alisma
6	"Achenes scarcely flattened, when mature forming a loose aggregation"	Caldesia
7	"Leaf-blades cuneate and tapering at the base; petals white; stamens 8–12 (Butomopsis latifolia)"	Butomopsis
7	"Leaf-blades obtuse or cordate at the base; petals yellow; stamens numerous"	8
8	"Petioles trigonous, without transverse septae, 5–90 cm long; carpels 15–20 (Limnocharis flava)"	Limnocharis
8	"Petioles terete, with transverse septae, 3–45 cm long; carpels 3–6 (–8) (Hydrocleys nymphoides)"	Hydrocleys
