from	statement	to
1	"Perianth of 4 or 6 tepals; flowers enclosed by 2 large somewhat persistent bracts; stamens with an elongated aristate connective; styles arising near base of carpels"	Doryphora
1	"Perianth of 8 tepals or 2 outer whorls of 5 sepals and 1-2 inner whorls of 5 petals; flowers with small non-persistent bracts; stamens without an elongated aristate connective; styles terminal"	2
2	"Perianth usually of 2 outer whorls of 5 sepals and 1-2 inner whorls each of 5 petals; perianth and androecium persistent on fruiting hypanthium; achenes completely silky-hirsute"	Daphnandra
2	"Perianth of 8 tepals in 2 whorls; perianth and (usually) androecium not persistent on fruiting hypanthium; achenes silky-hirsute along one side only (Dryadodaphne trachyphloia)"	Dryadodaphne
