from	statement	to
1	"Leaves with lamina sagittate, apex long-acuminate to long-acute; nut subglobose, obscurely 3-ribbed, 2.0–2.5 mm long; anthers 0.4–0.6 mm long"	"Muehlenbeckia gracillima"
1	"Leaves with lamina oblong-ovate to semicircular, the base truncate or broad-cuneate to more or less sagittate, apex obtuse to retuse and short-acuminate; nut trigonous to circular in cross-section, 2.7–5 mm long; anthers 0.6–1.7 mm long"	2
2	"Leaf apex acute; stems +/- glaucous"	"Muehlenbeckia rhyticarya"
2	"Leaf apex acuminate; stems not glaucous"	"Muehlenbeckia zippelii"
