from	statement	to
1	"Corolla lobes less than 3.5 mm long"	"Gymnema pleiadenium"
1	"Corolla lobes more than 3.5 mm long"	2
2	"Indumentum on foliage ginger or yellow"	3
2	"Indumentum on foliage clear to pale yellow"	6
3	"Corolline corona lobes at top of corolla tube prominent and incurved over staminal column"	4
3	"Corolline corona lobes at top of corolla tube small and not incurved over staminal column"	5
4	"Leaf lamina elliptic to ovate"	"Gymnema stramineum"
4	"Leaf lamina lanceolate"	"Gymnema muelleri"
5	"Corolla tube longer than broad; corolla lobes internally papillose; anther appendages truncate"	"Gymnema longipedicellatum"
5	"Corolla tube as long as broad; corolla lobes internally with longitudinal central band of sparse trichomes; anther appendages obtuse to triangular"	"Gymnema suborbiculare"
6	"Flowers 3–5 mm long; pollinia 0.12–0.17 mm long; follicles fusiform-ovoid"	"Gymnema geminatum"
6	"Flowers 2–3 mm long; pollinia 0.17–0.22 mm long; follicles fusiform"	"Gymnema tricholepis"
