from	statement	to
1	"Stipules extended beyond point of insertion (tailed), calyx 8–12 mm long; pods 6–13 mm wide, covered in dense rusty spreading hairs"	"Pueraria montana var. lobata"
1	"Stipules not extended beyond point of insertion (not tailed); calyx 4–6 mm long; pods 3–5 mm wide, appressed pilose"	2
2	"Upper and lateral calyx lobes bluntly acute with a short tip, lowest lobe acute to acuminate"	"Pueraria phaseoloides var. javanica"
2	"Calyx lobes all acute to acuminate"	"Pueraria phaseoloides var. phaseoloides"
