from	statement	to
1	"Basal pair of leaflets very close to stem, stipule-like; young leaflets with sparse eglandular unicellular hairs c. 0.1 mm long; leaflets coarsely dentate, teeth 1.5-4 mm long"	"Sambucus gaudichaudiana"
1	"Stipule-like leaflets lacking; leaflets glabrous or with hairs 0.3-1 mm long; leaflets serrate to serrulate, teeth 1-2 mm long"	2
2	"Leaflets glabrous; mature fruits pale yellow; flowers 3-merous and 4-merous on same inflorescence"	"Sambucus australasica"
2	"Underside of leaflets and petiolules with numerous eglandular unicellular hairs 0.3-1 mm long; mature fruits black; flowers 4-merous and 5-merous on same inflorescence"	"Sambucus nigra"
