from	statement	to
1	"Leaves (dried) very slender, 16-60 times longer than wide"	2
1	"Leaves (dried) 3-16 times longer than wide"	9
2	"Basal rosette of leaves well developed"	3
2	"Leaf rosette absent, leaves scattered along stem"	7
3	"Each scape bearing a solitary flower/fruit"	"Calandrinia uniflora"
3	"Inflorescence 2-many flowered, a monochasial cyme"	4
4	"Capsule 5-locular; fruiting valves 2.2-2.8 mm long"	"Calandrinia halophila"
4	"Capsule 4-locular; fruiting valves 4.0-6.2 mm long"	5
5	"Petals white; inflorescence about same length as leaves"	"Calandrinia petrophila"
5	"Petals pink; inflorescence much longer than leaves"	6
6	"Fruiting valves 4.8-6.2 mm long; seeds with prominent concentric ribs, 0.5-0.6 mm long"	"Calandrinia ptychosperma"
6	"Fruiting valves 4.0-4.8 mm long; seeds finely reticulate 0.3-0.4 mm long"	"Calandrinia pleiopetala"
7	"Seeds 0.7-0.9 mm long; stamens 8-15"	"Calandrinia gracilis"
7	"Seeds 0.35-0.7 mm long; stamens 20-23"	8
8	"Petals 7-10; seeds reniform (symmetrical around hilum), dark brown to black, with a prominent swelling, prominently colliculate, sometimes spinulose; longest fruiting pedicels 12-26 mm long"	"Calandrinia tumida"
8	"Petals 5-6; seeds obovoid (hilum terminal), mid-brown, without a swelling, obscurely reticulate; longest fruiting pedicels 2-14 mm long"	"Calandrinia spergularina"
9	"Leaves confined to basal rosette; diminutive plants to 10 cm high and broad"	"Calandrinia pumila"
9	"Leaf-bearing stems present, leaves not all confined to basal rosette; plants mostly more than 10 cm high or broad"	10
10	"Leaves confined to short basal stems, the leafless inflorescence comprising 60% or more of distance from plant base to inflorescence apex"	11
10	"Reduced-sized leaves extending for 40% or more of distance from plant base to inflorescence apex"	13
11	"Petals 3-7 mm long, stamens 7-15; sepals 2-4 mm long"	"Calandrinia eremaea"
11	"Petals 12-24 mm long, stamens more than 20; sepals 4-11 mm long"	12
12	"Sepals 7.5-11 mm long; rachis black; inflorescence usually contracted, bracts 1-4.5 mm apart on rachis; seeds smooth"	"Calandrinia remota"
12	"Sepals 4-5.7 mm long; rachis creamy to pale brown; inflorescence not contracted, bracts 8-27 mm apart on rachis; seeds colliculate"	"Calandrinia polyandra"
13	"Leaves near base of plant 45-120 mm long; seeds 0.9-1.4 mm long"	14
13	"Leaves near base of plant 10-45(-55) mm long; seeds 0.4-0.75 mm long"	15
14	"Petals 13-23 mm long; seeds 0.9-1.1 mm long; south of 23 degrees latitude"	"Calandrinia balonensis"
14	"Petals 5-7 mm long; seeds 1.2-1.4 mm long; north of 20 degrees latitude"	"Calandrinia arenicola"
15	"Stigmas 3; capsule 3-valved, valves early deciduous, leaving the two persistent sepals"	"Calandrinia pickeringii"
15	"Stigmas 4; capsule 4-valved, valves persistent within sepals"	16
16	"Petals 5-9 mm long; fruiting valves 4.8-6.2 mm long; seeds with prominent concentric ribs, 0.5-0.6 mm long"	"Calandrinia ptychosperma"
16	"Petals 3-5 mm long; fruiting valves 2.2-2.9 mm long; seeds smooth, 0.35-0.4 mm long"	"Calandrinia stagnensis"
