from	statement	to
1	"Petioles < 0.15 times as long as leaf blade; flowers solitary or a simple cyme of 2-3 flowers, stems erect or ascending, stigmatic lobes oblong to orbicular"	"Jacquemontia browniana"
1	"Petioles > 0.15 times as long as leaf blade; inflorescences a compressed umbelliform cyme usually with 4 or more flowers; stems trailing or twining; stigmatic lobes linear"	2
2	"Inflorescences with 6 or more flowers, if less then outer sepals at flowering < 6 mm long and corolla < 13 mm long; arms of hairs short, rarely exceeding 0.5 mm long"	"Jacquemontia paniculata"
2	"Inflorescences with 5 or less flowers; outer sepals at flowering > 6 mm long; arms of hairs often > 0.5 mm long"	"Jacquemontia sp. (Fairview R.W. Johnson 4026)"
