from	statement	to
1	"Leaf rachis extending into a cirrus, i.e. a whip-like structure with grapnel-like hooks on the abaxial surface and used as a climbing organ"	2
1	"Leaf rachis not extending into a cirrus"	4
2	"Stem solitary"	"Calamus vitiensis"
2	"Stems clustering"	3
3	"Leaf sheaths densely spiny"	"Calamus warburgii"
3	"Leaf sheaths lacking spines or with widely scattered single spines"	"Calamus aruensis"
4	"Pinnae cuneate, fishtail-like in shape, apices praemorse, i.e. appearing chewed off"	"Calamus caryotoides"
4	"Pinnae linear to lanceolate, apices acuminate"	5
5	"Pinnae without bristly spines on the adaxial surface"	"Calamus australis"
5	"Pinnae with bristly spines on the adaxial surface"	6
6	"Spines on leaf sheaths arranged in oblique combs; spines yellowish to green-brown; leaves stiffly arched"	"Calamus moti"
6	"Spines on leaf sheaths randomly distributed; spines reddish-brown; leaves not stiffly arched"	7
7	"Stem diameter 5-16 mm; leaves 1 m or less with 7-10 pinnae each side of rachis"	"Calamus muelleri"
7	"Stem diameter >20 mm; leaves to 3 m with 30-55 pinnae each side of rachis"	"Calamus radicalis"
