from	statement	to
1	"Peduncle scales present; style arms short and truncate; leaves linear or narrowly lanceolate to oblanceolate, the margins recurved, revolute or flat"	2
1	"Peduncle scales absent; style arms long and tapered; leaves elliptic or obovate, with flat or wavy margins"	5
2	"Pappus scales entire, broadly truncate at apex"	3
2	"Pappus scales ciliate or irregular, rounded, acute or tapered at apex"	4
3	"Involucral bracts usually 0.8–1.5 mm wide, brown to golden yellow, strongly horizontally wrinkled, ciliate with hairs usually more than 0.2 mm long"	"Rutidosis helichrysoides subsp. helichrysoides"
3	"Involucral bracts 0.2–0.8 mm wide, pale brown, smooth or lightly wrinkled, entire or ciliate with hairs less than 0.2 m long"	"Rutidosis helichrysoides subsp. acutiglumis"
4	"Plants densely glandular hairy, woolly hairs absent"	"Rutidosis glandulosa"
4	"Plants woolly hairy or nearly glabrous, glandular hairs absent"	"Rutidosis murchisonii"
5	"Capitula 14–24 mm diam.; florets white or cream, 4–6 mm long; outer involucral bracts with a distinct dark brown patch at base"	"Rutidosis leucantha"
5	"Capitula 4–16 mm diam.; florets yellow, 4–4.5 mm long; outer involucral bracts more or less uniformly coloured"	6
6	"Leaves 1.2–4.5 cm long, margins usually flat; capitula 8–16 mm diam., with more than 30 florets; outer involucral bracts woolly hairy."	"Rutidosis lanata"
6	"Leaves 0.7–2.8 cm long, margins wavy or crisped; capitula 4–10 mm diam., with less than 22 florets; outer involucral bracts glandular, not woolly hairy"	"Rutidosis crispata"
