from	statement	to
1	"Stems mostly to 15 cm long; leaves up to 2.5 cm long; calyx 4 or 5 lobed; mericarps usually 4, smooth"	"Richardia stellaris"
1	"Stems mostly more than 15 cm long; leaves up to 6.5 cm long; calyx lobes 6; mericarps 3, papillose"	2
2	"Mericarps with long, acute papillae, adaxial face broad with a definite raised median ridge; leaves to 28 mm wide, hispid; stems mostly prostrate"	"Richardia brasiliensis"
2	"Mericarps with short papillae; adaxial face closed to a narrow groove; leaves to 13 mm wide, sparsely hispid; stems decumbent to erect"	"Richardia scabra"
