from	statement	to
1	"Inflorescence capitate, densely contracted; involucral bracts longer than stem; glumes acute, 4-5 mm long"	"Hypolytrum compactum"
1	"Inflorescence paniculate, open; involucral bracts shorter than stem; glumes obtuse, 1.5-2 mm long"	2
2	"Stout plant with stems 45-120 cm x (2-) 3-5 mm; inflorescence 4-12 cm wide consisting of 6 to numerous divaricate rays; glumes brown throughout, margins not scarious"	"Hypolytrum nemorum"
2	"Slender plant with stems 25-65 cm x 1-2 (-3) mm; inflorescence 1-3 cm wide consisting of 2-6 short more or less erect rays; glumes brown at base with broad, white, scarious margins"	"Hypolytrum proliferum"
