from	statement	to
1	"Flowers borne in pairs along rachis of inflorescence; style glabrous; calyx glabrous or with a few eglandular hairs at apex"	"Asystasia australasica"
1	"Flowers borne singly on rachis of inflorescence; style hairy at base; calyx with eglandular hairs throughout, sparse to moderately dense"	2
2	"Longest eglandular hairs on calyx 1-1.8 mm long, widely spreading; fruits 15-17 mm long, with glandular hairs only"	"Asystasia sp. (Newcastle Bay L.J.Brass 18671)"
2	"Longest eglandular hairs on calyx 0.2-0.4 mm long, antrorse; fruits 21-35 mm long, with glandular and eglandular hairs"	3
3	"Corolla tube 20-30 mm long, purple or white, but without dark markings in the throat; glandular hairs on calyx frequent and extending onto lobes"	"Asystasia gangetica subsp. gangetica"
3	"Corolla tube 11-14 mm long, white with dark markings in the throat; glandular hairs absent from calyx, or sparse and confined to fused basal part"	"Asystasia gangetica subsp. micrantha"
