from	statement	to
1	"Petioles with a short and truncated taper onto abaxial midrib; fruit warty"	"Dichapetalum auranticarpum"
1	"Petioles with an acuminate taper onto abaxial midrib; fruit sparsely and minutely hairy"	2
2	"Leaf base usually distinctly asymmetrical, subcordate or narrowly rounded, rarely cuneate; taper onto abaxial midrib 2.5–8 mm long; calyx hemispherical at base"	"Dichapetalum cremeum"
2	"Leaf base often slightly asymmetrical, attenuate or rarely cuneate; taper onto abaxial midrib up to 2.5 mm long; calyx tubular at base"	"Dichapetalum australianum"
