from	statement	to
1	"Lamina +/- glaucous beneath; tepals 5-7 mm long; fruit broadest just below the middle, acuminate and recurved distally"	"Xylomelum scottianum"
1	"Lamina not glaucous beneath; tepals 7-10 mm long; fruit broadest near the middle, not acuminate and recurved distally"	2
2	"Leaves narrowly ovate, ovate or narrowly obovate; tepals 7-8 mm long; fruit pale brown-velvety"	"Xylomelum benthamii"
2	"Leaves lanceolate; tepals 8-10 mm long; fruit ferruginous-velvety"	"Xylomelum cunninghamianum"
