from	statement	to
1	"Inflorescence capitate consisting of 4 - numerous digitate spikelets; nut obovoid, reticulate, surface with isodiametric cells"	"Bulbostylis barbata"
1	"Inflorescence anthelate, open, sometimes reduced to a single spikelet; nuts pyriform, turbinate or obovoid"	2
2	"Stems and leaves with fine white hairs the entire length; glumes 2.8-3.2 mm long, ciliolate; nut pyriform, frequently verrucose"	"Bulbostylis pyriformis"
2	"Stems and leaves glabrous apart from few long hairs at junction of the blade and sheath of the leaves; glumes 1.5-2 mm long, glabrous; nut turbinate or obovoid"	3
3	"Nut obovoid, puncticulate, obscurely transversely wrinkled"	"Bulbostylis densa"
3	"Nut turbinate, distinctly transversely wrinkled, cells elongated"	"Bulbostylis turbinata"
