from	statement	to
1	"Leaves hairy on upper surface"	2
1	"Leaves glabrous above (except along the sunken midrib)"	7
2	"Leaf upper surface with very short but extremely dense hairs"	3
2	"Leaf upper surface with scattered stellate or simple erect bristly hairs"	5
3	"Hairs on lower leaf surface +/- erect, lanate (curly), rusty"	"Pomaderris vellea"
3	"Hairs on lower leaf surface appressed, straight, white"	4
4	"Longest leaves 20-40 mm long"	"Pomaderris clivicola"
4	"Longest leaves 55-90 mm long"	"Pomaderris tropica"
5	"Leaf upper surface with stellate hairs; margins conspicuously toothed"	"Pomaderris aspera"
5	"Leaf upper surface with simple hairs; margins entire or obscurely toothed"	6
6	"Leaf lower surface with stellate hairs only"	"Pomaderris prunifolia"
6	"All visible hairs on lower surface simple"	"Pomaderris lanigera"
7	"Leaves 2.5-6 mm wide"	"Pomaderris ledifolia"
7	"Leaves >6 mm wide"	8
8	"Lower surface of lamina (i.e. excluding veins) with a dense cover of short interwoven hairs only, without any longer simple hairs"	9
8	"Lower surface of lamina (i.e. excluding veins) with short densely interwoven stellate hairs, overlaid by some longer simple hairs"	13
9	"Midrib on underside of leaf with short interwoven stellate hairs only, or also with a sparse cover of patent hairs"	10
9	"Midrib on underside of leaf with predominantly straight simple antrorse hairs"	11
10	"Indumentum white; stipules broadly ovate"	"Pomaderris queenslandica"
10	"Indumentum yellow-brown; stipules linear"	"Pomaderris notata"
11	"Peduncles and rachises with stellate hairs only; longest leaves 25-45(-70) mm, apex obtuse or mucronate"	12
11	"Peduncles and rachises with simple antrorse hairs; longest leaves 60-130 mm long, apex acute"	"Pomaderris argyrophylla"
12	"Petals absent"	"Pomaderris coomingalensis"
12	"Petals present"	"Pomaderris graniticola"
13	"Simple hairs on leaf undersides all more or less appressed"	14
13	"Simple hairs on leaf undersides erect or spreading"	17
14	"Leaves 2.5-4.5 cm long; simple hairs brown"	"Pomaderris andromedifolia"
14	"Leaves 4.5-12 cm long; simple hairs white"	15
15	"Hairs on midrib brown, 1-1.5 mm long"	"Pomaderris ligustrina subsp. ligustrina"
15	"Hairs on midrib white, 0.2-0.7 mm long"	16
16	"Petals present"	"Pomaderris nitidula"
16	"Petals absent"	"Pomaderris argyrophylla"
17	"Longest leaves 16-50 mm long"	18
17	"Longest leaves 50-120 mm long"	19
18	"Longest leaves 16-30 mm long; branchlets with very small stellate hairs and scattered very long patent hairs >10 times longer than stellate hairs"	"Pomaderris ligustrina subsp. latifolia"
18	"Longest leaves 30-50 mm long; branchlets with dense mainly antrorse simple hairs <5 times longer than stellate hairs"	"Pomaderris queenslandica"
19	"Simple brown hairs sparse on lower surface and midrib"	"Pomaderris canescens"
19	"Simple brown hairs abundant on lower surface and midrib"	20
20	"Petals usually absent"	"Pomaderris crassifolia"
20	"Petals usually present"	"Pomaderris ferruginea"
