from	statement	to
1	"Calyx biseriate; stipules frequently present"	2
1	"Calyx uniseriate; stipules absent"	4
2	"Staminodes absent; corolla lobes without appendages or distinct segments"	"Palaquium galactoxylon"
2	"Staminodes present; corolla lobes usually with appendages or divided into segments"	3
3	"Sepals and petals 8 each in 2 whorls; stamens 8, staminodes 8; staminodes hairy; seed scar circular or elliptic"	"Mimusops elengi"
3	"Sepals and petals usually 6 each in 2 whorls; stamens and staminodes usually 6 each, staminodes glabrous; seed scar elongate"	Manilkara
4	"Corolla rotate or tubular with spreading, recurved or revolute lobes; stamens exserted; staminodes absent; style without discrete stigmatic areas"	5
4	"Corolla tubular or cyathiform with more or less erect lobes; stamens included; staminodes present or absent; style with more or less discrete stigmatic areas"	6
5	"Tertiary veins of lamina oblique between secondary veins or from a secondary vein running more or less perpendicular to the midvein; quaternary venation reticulate and mostly visible below; seed testa papery"	Niemeyera
5	"Tertiary veins descending from margin parallel to secondary veins; quaternary venation ± obscured below by persistent indumentum; seed testa woody or bony"	"Amorphospermum antilogum"
6	"Staminodes present, each inserted at the sinus between the corolla lobes"	7
6	"Staminodes absent"	10
7	"Cotyledons thick, plano-convex, endosperm absent"	8
7	"Cotyledons foliaceous, endosperm present"	9
8	"Tertiary and higher order venation finely areolate"	Sersalisia
8	"Tertiary venation often parallel to and reticulate between secondary veins"	"Vanroyena castanosperma"
9	"Stamens inserted at or below the middle of the corolla tube"	Pleioluma
9	"Stamens inserted above the middle of the corolla tube and usually just below the corolla tube orifice"	Planchonella
10	"Leaves glabrescent to glabrous below; stamens inserted in the lower half of the corolla tube"	"Donella lanceolata"
10	"Leaves densely and permanently rufous-tomentose below; stamens inserted at the top of the corolla tube"	Chrysophyllum
