from	statement	to
1	"Styles unbranched with one terminal stigma, 3-lobed or fringed"	2
1	"Styles with 3 or more stigmas on separate branches"	4
2	"Flowers white or very pale mauve; plants without chlorophyll; leaves cauline, scale-like, 3–4.5 mm long; inner and outer tepals equal, 6–7 mm long (Geosiris australiensis)"	Geosiris
2	"Flowers blue or violet; plants with chlorophyll; cauline and basal leaves present, basal leaves linear, 10-80 cm long; outer and inner tepals unequal, 7–30 mm long"	3
3	"Inflorescence paniculate or cymose; perianth segments slightly unequal, 7-12 mm long; filaments free; naturalised (Aristea ecklonii)"	Aristea
3	"Inflorescence capitate; perianth segments markedly unequal, outer segments 12-30 mm long, inner segments very small, vestigial; filaments partly or completely connate; native"	Patersonia
4	"Leaves with a midvein; flowers in spikes"	5
4	"Leaves without a midvein; flowers in cymes, a drooping panicle, or solitary"	11
5	"Style branches bifid, stigmas 6 or rarely more"	6
5	"Style branches entire, stigmas 3"	7
6	"Spikes 1-sided, wiry axis bent almost horizontal; capsules papillose"	Freesia
6	"Spikes 2-ranked, with a robust erect axis; capsules smooth (Watsonia meriana var. bulbillifera)"	Watsonia
7	"Flowers spreading, perianth zygomorphic"	8
7	"Flowers erect, perianths actinomorphic"	10
8	"Spathes green, usually longer than perianth tubes (Gladiolus × gandavensis)"	Gladiolus
8	"Spathes brown or partly green, membranous, much shorter than perianth tubes"	9
9	"Flowers orange; plants stoloniferous; stamens free, protruding (Crocosmia × crocosmiiflora)"	Crocosmia
9	"Flowers cream or pale yellow; plants from corms; stamens enclosed within flowers (Tritonia gladiolaris)"	Tritonia
10	"Flowers cream or pale yellow; perianth tubes funnel-shaped, not or scarcely exserted from spathes, patterned with finely branching veins (Tritonia gladiolaris)"	Tritonia
10	"Flowers yellow-orange-purple; perianth tubes narrowly cylindrical, exserted from spathes, variously marked but never visibly veined (Ixia maculata)"	Ixia
11	"Evergreen plants, tufted or rhizomatous"	12
11	"Seasonally dormant plants with bulbs or corms"	16
12	"Style branches petal-like"	13
12	"Style branches cylindrical, slender"	14
13	"Perianth segments free; tepals 4–8 cm long"	Dietes
13	"Perianth segments joined into a tube c. 2 cm long at base; tepal lobes 6–8 cm long (Iris × germanica)"	Iris
14	"Inner perianth segments shorter than outer (Neomarica northiana)"	Neomarica
14	"Inner perianth segments longer than outer, or all equal"	15
15	"Perianth bell-shaped, segments forming a cup around the stamens, white to cream with purple or blue centre, striped with purple externally or pale yellow with brown-purple markings in centre and yellowish throat; naturalised"	Sisyrinchium
15	"Perianth open, segments spreading from base, unequal, outer lobes shorter and narrower than inner lobes, usually pure white; native (Libertia paniculata)"	Libertia
16	"Style branches cylindrical; perianth lobes equal (Romulea rosea var. australis)"	Romulea
16	"Style branches petal-like; perianth segments usually joined at the base"	17
17	"Flowers orange or orange-red; leaves in fan-shaped clusters, linear-lanceolate, 30–50 cm long; perianth tube funnel shaped, c. 2 cm long; stamens free (Iris domestica)"	Iris
17	"Flowers predominantly pale lilac to pale blue; leaves solitary, linear, 20–60 cm long; perianth shortly connate at base; stamens with filaments fused at base (Moraea setifolia)"	Moraea
