from	statement	to
1	"Leaves less than 30 mm long and less than 2 mm wide"	"Lithomyrtus microphylla"
1	"Leaves mostly longer than 30 mm and greater than 2 mm wide"	2
2	"Leaf blades glandular abaxially"	"Lithomyrtus retusa"
2	"Leaf blades eglandular abaxially, or rarely glandular"	3
3	"Bracteoles not exceeding base of sepal lobes in flower; anther connectives eglandular; lateral abaxial leaf veins invisible"	"Lithomyrtus hypoleuca"
3	"Bracteoles exceeding base of sepal lobes in flower; anther connectives glandular; lateral abaxial leaf veins clearly visible"	"Lithomyrtus obtusa"
