from	statement	to
1	"Fruits star-shaped when viewed from above, not winged"	"Tribulus astrocarpus"
1	"Fruits 5-lobed or 5-winged, irregular or symmetrical, or if star-shaped, with wings"	2
2	"Fruits winged, at maturity splitting into five 2-winged cocci"	"Tribulus macrocarpus"
2	"Fruits not winged"	3
3	"Cocci not bilaterally symmetrical, with many distinct spines distributed randomly all over dorsal surface"	"Tribulus hystrix"
3	"Cocci bilaterally symmetrical, often with a pair of medial and basal spines, sometimes tuberculate, but lacking distinct spines all over dorsal surface"	4
4	"Flowers with petals at least 15 mm long"	"Tribulus cistoides"
4	"Flowers with petals not more than 15 mm long"	5
5	"Fruits 7–13 mm high, 10–20 mm wide, densely pubescent dorsally; intrastaminal glands forming a ring"	"Tribulus eichlerianus"
5	"Fruits 4–8 mm high, 5–13 mm wide, subglabrous to moderately pubescent dorsally; intrastaminal glands 5, distinct"	6
6	"Cocci with distinct, divergent, medial spines 3–8 mm long"	"Tribulus terrestris"
6	"Cocci either lacking medial spines or these less than 3 mm long"	7
7	"Style 0.2–0.7 mm long, shorter than or equal to stigma; petals 2.5–7 mm long; fruits 5–7.5 mm high"	"Tribulus minutus"
7	"Style 0.7–1.4 mm long, longer than or equal to stigma; petals 5–15 mm long; fruits 4–5 mm high"	"Tribulus micrococcus"
