from	statement	to
1	"Fruiting heads composed of drupes aggregated in clusters (phalanges)"	2
1	"Fruiting heads composed of many crowded, unilocular drupes (rarely a few bilocular or trilocular)"	10
2	"Carpels laterally ridged; carpels and phalanges interlocked"	3
2	"Carpels with ±smooth faces, not interlocked between phalanges"	5
3	"Phalanges cuneate, longer than wide, ± truncate, with lateral ridges usually extending to base; carpels within phalange ± equal, symmetric, with apices well-separated; trunk covered with ascending rootlets giving a shaggy appearance; swamps"	"Pandanus solms-laubachii"
3	"Phalanges broadly cuneate to orbicular, convex to shallowly concave at apex, with lateral ridges extending to base or not; marginal carpels within phalange usually asymmetric, with apices distinct or not; trunk with or without ascending rootlets, but not completely covered; open savannah to rainforest"	4
4	"Phalanges at least as long as wide, if wider then compressed; carpel apices distinct, raised; leaf scars not distinct, and leaf bases not persistent"	"Pandanus cookii"
4	"Phalanges usually wider than long; carpel apices often not raised; leaf scars on truck distinct, or leaf bases persistent"	"Pandanus spiralis"
5	"Stigmas vertical under hooded carpel tips; phalange apices ±truncate with crowded carpel apices forming a cluster of stigmas much less than half width of phalange; individual carpels not otherwise externally distinct in phalange"	6
5	"Stigmas horizontal to oblique; phalange apices with individual carpels distinct; if clustered then at least half as wide as phalange"	7
6	"Plant not producing axillary plantlets; fruiting head ± spherical with 20–45 phalanges"	"Pandanus conicus"
6	"Plants producing axillary buds developing into plantlets which fall to ground and take root; fruiting head ±ellipsoid with 40–50 phalanges"	"Pandanus gemmifer"
7	"Fruiting head ±cylindrical, yellowish when ripe; phalange apices ±flat to concave; carpel apices ±flat; prop roots to 3 m long"	"Pandanus oblatus"
7	"Fruiting head broadly ellipsoid to globular, yellow to red when ripe; phalange apices slightly to prominently convex; carpel apices at least slightly raised, sometimes prominently so; prop roots never as long as 3 m"	8
8	"Phalanges longer than wide; trunk with numerous prop roots to 2 m long; always coastal, growing on foredunes and rocky areas"	"Pandanus tectorius"
8	"Phalanges usually at least as wide as long; prop roots absent or when present less than 1 m long; near-coastal to inland, but not found on fore-dunes"	9
9	"Fruiting heads ovoid–globose, with 20–35 (–48) phalanges; carpel apices slightly concave, ±flat, or shallowly raised"	"Pandanus spiralis"
9	"Fruiting heads obloid, with 50–60 (–70) phalanges; carpel apices raised"	"Pandanus brookei"
10	"Drupes 25–80 mm long; leaf not armed with prickles on M-pleats at apex (along watercourses, NW Qld)"	"Pandanus aquaticus"
10	"Drupes 12–30 mm long; leaf apex armed with antrorse prickles on M-pleats of adaxial surface (rainforest, Cape York and NE Qld)"	11
11	"Fruiting heads ellipsoid to ovoid or subcylindrical, completely enclosed by persistent bracts; stigma ±sessile on drupe, lunate; stamens on stemonophores"	"Pandanus zea"
11	"Fruiting heads obloid-ellipsoid or subglobose, not completely enclosed by bracts; stigma a groove on abaxial side of long style; stamens appearing free"	12
12	"Fruiting heads arranged in spikes, obloid-ellipsoid"	"Benstonea lauterbachii"
12	"Fruiting heads solitary, subglobose"	"Benstonea monticola"
