from	statement	to
1	"Leaves opposite"	"Alstonia constricta"
1	"Leaves whorled"	2
2	"Leaves with secondary veins 23–45 each side of midrib"	3
2	"Leaves with secondary veins 14–20 each side of midrib"	4
3	"Leaf lamina lanceolate"	"Alstonia actinophylla"
3	"Leaf lamina elliptic to elliptic-lanceolate or elliptic-obovate"	"Alstonia scholaris"
4	"Secondary veins 14–18 each side of midrib; leaves drying black"	"Alstonia muelleriana"
4	"Secondary veins 18–20 each side of midrib; leaves not drying black"	"Alstonia spectabilis"
