from	statement	to
1	"Petals > 4.5 mm long"	2
1	"Petals < 4.5 mm long"	5
2	"Petals yellow"	"Phebalium whitei"
2	"Petals white or pink"	3
3	"Leaves sparsely hairy on adaxial surface"	"Phebalium nottii"
3	"Leaves glabrous on adaxial surface"	4
4	"Leaves flat"	"Phebalium woombye"
4	"Leaves strongly “m”-shaped in cross section, recurved"	"Phebalium cicatricatum"
5	"Leaf margin undulate, markedly glandular"	"Phebalium glandulosum"
5	"Leaf margin entire or sinuate to crenate near the apex, not markedly glandular"	6
6	"Leaf adaxial surface glabrescent, scabridulous"	"Phebalium graniticola"
6	"Leaf adaxial surface glabrous"	7
7	"Longest leaves to 25 mm long; calyx more or less truncate"	"Phebalium squamulosum"
7	"Longest leaves > 40mm long; calyx lobed"	8
8	"Petals yellow; style 4–4.5 mm long"	"Phebalium sylvaticum"
8	"Petals cream to white; style 2.8–3.5 mm long"	9
9	"Leaf margin recurved, leaf length: width ratio 7.7–15.5: 1"	"Phebalium distans"
9	"Leaf margin flat, leaf length: width ratio 5–7.2: 1"	"Phebalium longifolium"
