from	statement	to
1	"Leaf blades 5–8 mm long, sessile or with petioles to 1.5 mm long, crowded on small branches"	"Macropteranthes montana"
1	"Leaf blades 12–45 mm long with petioles 3–8 mm long, evenly spaced along stems"	2
2	"Mature leaves pubescent at least below"	"Macropteranthes leichhardtii"
2	"Mature leaves glabrous above and below"	3
3	"Trunks of adult trees smooth, pink to whitish-green or scaly in patches when being shed; pedicels of flowers 1.5–2 mm long; calyx tube with dense appressed hairs; bracteoles shorter than the calyx"	"Macropteranthes leiocaulis"
3	"Trunks of adult trees with persistent white flaky bark in long strips; pedicels of flowers c. 4 mm long; calyx tube glabrous; bracteoles same length as the calyx"	"Macropteranthes fitzalanii"
