from	statement	to
1	"Upper (adaxial) surface of leaf densely covered with stellate hairs; anthers purple to black. Leaves typically oblong to linear oblong, occasionally apiculate"	2
1	"Upper (adaxial) surface of leaf either sparsely pubescent or glabrous particularly at maturity; anthers yellow. Leaves variously ovate or lanceolate"	3
2	"Carpels free laterally; inflorescence with 5-26 flowers; pedicel lacks distinctive red tipped glandular hairs; calyx purple becoming pink base and rib yellow (no white forms recorded for Qld); young stems white tomentose"	"Seringia nephrosperma"
2	"Carpels fused at base; inflorescence with 3-6(-9) flowers; pedicel with distinctive dark-red tipped glandular hairs; calyx purple to mauvish- blue, if white ages to pink; young stems tomentose, a mixture of white and tan"	"Seringia collina"
3	"Plants with glandular hairs extending beyond the stellate hairs, at least on the stem"	4
3	"Plants lacking glandular hairs or if present then inconspicuous"	5
4	"Leaf base strongly cordate to obtuse usually somewhat asymmetrical, apex lacks an apiculum; calyx base and rib pinkish purple"	"Seringia adenolasia"
4	"Leaf base usually obtuse, scarcely cordate or slightly oblique, apex usually apiculate; calyx base green and with a reddish-purple margin"	"Seringia hookeriana"
5	"Upper surface of mature leaves glabrous"	6
5	"Upper surface of mature leaves sparsely pubescent, may be chiefly confined to indentations"	7
6	"Leaves narrowly ovate lanceolate, 3-13 mm wide, veins scarcely impressed on upper surface; base of calyx and ribs dark purple"	"Seringia hillii"
6	"Leaves ovate to lanceolate, 10-30 mm wide, veins strongly impressed on upper surface; base of calyx and ribs green"	"Seringia impressa"
7	"Inflorescence of 1-3 flowers; calyx pink-purple as is base"	"Seringia corollata"
7	"Inflorescence of 5 or more flowers; calyx white, sometimes becoming pink with green base"	8
8	"Calyx 5-8 mm long; carpels basally fused"	"Seringia denticulata"
8	"Calyx to 5 mm long; carpels free"	"Seringia arborescens"
