from	statement	to
1	"Plant with the inflorescence terminal (or rarely upper axillary)"	2
1	"Plant ramuliflorous or ramiflorous"	4
2	"Ovary apex minutely pubescent throughout"	"Asteromyrtus lysicephala"
2	"Ovary apex glabrous but for the minutely pubescent stylar pit"	3
3	"Leaf blade 0.2-0.7(-1.3) cm wide, stamens 30-65 per bundle, bracteole apex emarginate to obcordate"	"Asteromyrtus angustifolia"
3	"Leaf blade 0.5-2 cm wide, stamens 10-25 per bundle, bracteole apex truncate to obtuse"	"Asteromyrtus symphyocarpa"
4	"Leaf blade apex obtuse, bracteole apex truncate to obtuse"	"Asteromyrtus symphyocarpa"
4	"Leaf blade apex narrowly acute (to subacuminate, to obtuse), bracteole apex emarginate to obcordate"	"Asteromyrtus brassii"
