from	statement	to
1	"Corolla lobes in open flowers erect, inflexed, or ascending at more than 45º"	2
1	"Corolla lobes in open flowers spreading at less than 45º or recurved or revolute"	10
2	"Leaves with the secondary and smaller veins obscure on the lower surface or almost so, faintly visible on the upper surface; older stems with prominent corky outgrowths"	"Parsonsia rotata"
2	"Leaves with secondary veins distinct and raised on the lower surface; stems without corky outgrowths"	3
3	"Corolla quite glabrous internally"	"Parsonsia lanceolata"
3	"Corolla bearded inside at base of lobes or in throat"	4
4	"Leaves on adult plants conspicuously cordate at base"	5
4	"Leaves on adult plants rounded, truncate or cuneate (or sometimes slightly cordate in P. grayana) at base"	6
5	"Petiole 10–41 mm long; leaves 3–19 cm long, 2–9 cm wide, softly pubescent on the lower surface or on both surfaces; corolla lobes pubescent on outer surface"	"Parsonsia velutina"
5	"Petiole less than 5 mm long; leaves usually 4.5–10 cm long, 0.5–3 cm wide, glabrous on both surfaces; corolla lobes minutely puberulous on outer surface"	"Parsonsia lenticellata"
6	"Calyx lobes spreading and recurved in open flowers; corolla lobes hood-shaped"	7
6	"Calyx lobes appressed to corolla in open flowers; corolla lobes not hood-shaped"	8
7	"Leaves on adult plants very thin and soft, lanceolate to ovate or elliptic, 1.4–4 cm wide, margins flat; corolla lobes induplicate-valvate in bud"	"Parsonsia induplicata"
7	"Leaves on adult plants usually thick and tough, linear to lanceolate, rarely broadly lanceolate, 0.2–1.5 (–2.5) cm wide, margins recurved; corolla lobes contorted-imbricate in bud"	"Parsonsia paulforsteri"
8	"Leaves on adult plants grey to pale purplish when dry, c. 3–5 cm long; corolla lobes erect"	"Parsonsia bartlensis"
8	"Leaves on adult plants green above, green to pale brown below, 6–14 cm long; corolla lobes ascending to erect"	9
9	"Leaf apex shortly acuminate to a fine point or mucronate; leaves oblong-ovate, to 14 cm long, lower surface with coarser net veins usually distinct; corolla lobes white or yellowish"	"Parsonsia blakeana"
9	"Leaf apex long-acuminate to a fine point; leaves ovate-lanceolate to ovate-elliptic, to 12 cm long, lower surface smooth, veins obscure except for midvein and 5–8 pairs of secondary veins; corolla lobes cream or green with red tips"	"Parsonsia grayana"
10	"Corolla lobes glabrous externally or with some isolated fine hairs"	11
10	"Corolla lobes pubescent (sometimes minutely so) or hirsute externally"	22
11	"Stems and petioles exuding white milky latex when cut"	12
11	"Stems and petioles exuding clear watery latex (sometimes yellow-tinged) when cut"	13
12	"Corolla lobes 5.5–8 mm long; anther cone c. 4 mm long, strongly exserted from corolla in open flowers; leaf laminas 7–14 cm long, 3.5–8 cm wide"	"Parsonsia latifolia"
12	"Corolla lobes 4–5 mm long; anther cone 2.5–3 mm long, partly exserted; leaf laminas 3.5–8 cm long, 2.5–5 cm wide"	"Parsonsia longipetiolata"
13	"Leaves with a prominent, strongly raised, fine vein reticulum on both surfaces when dry; corolla tube more than twice as long as lobes; adult plants creeping and rooting, or trailing, not twining"	"Parsonsia larcomensis"
13	"Leaves without a raised, fine vein reticulum on either surface; corolla tube less than twice as long as lobes; adult plants twining"	14
14	"Margins of leaves crisped, or occasionally flatter and finely toothed all around"	"Parsonsia lilacina"
14	"Margins of leaves not crisped, entire or with a few teeth at base only"	15
15	"Leaves with secondary veins ±obscure on lower surface, faintly visible above"	"Parsonsia rotata"
15	"Leaves with secondary veins conspicuous and usually raised below, distinctly visible above"	16
16	"Undersurface of leaves blackish purple, purple-brown or very dark brown when dried"	"Parsonsia kroombitensis"
16	"Undersurface of leaves green when dry, sometimes purple-tinged, sometimes pale brown"	17
17	"Corolla tube inflated, globose; anthers cohering lightly, often separating in pressed specimens"	"Parsonsia ventricosa"
17	"Corolla tube cylindrical, tapering to base or slightly inflated at base, not globose; anthers usually remaining coherent or connate"	18
18	"Leaf laminas softly pubescent on lower surface, the upper surface scabrous-hairy to glabrescent"	"Parsonsia tenuis"
18	"Leaf laminas glabrous on both surfaces or puberulous"	19
19	"Petioles usually 1–7 mm long; laminas deltoid or narrowly deltoid, broadest at or near base, base rounded-truncate or cordate, apex gradually acute; inflorescence with 2–7 flowers"	"Parsonsia wildensis"
19	"Petioles 7–35 mm long; laminas not deltoid, not broadest at or near base; inflorescence with more than 10 flowers"	20
20	"Leaves thick, leathery to stiff, oblong, broadly oblong or oblong-obovate, apex obtuse, rounded-acute or retuse, apiculate; corolla lobes linear, 4–6 times as long as tube"	"Parsonsia plaesiophylla"
20	"Leaves rather thin, chartaceous to firm, not oblong or broadly oblong or oblong-obovate, apex shortly acuminate or mucronate; corolla lobes less than 2.5 times as long as tube"	21
21	"Corolla lobes 2–2.5 mm long, with a thickened, papillose median strip; leaves on juvenile plants ovate or oblong-ovate, often sinuately 3-lobed, (leaves on flowering shoots also sometimes 3-lobed)"	"Parsonsia leichhardtii"
21	"Corolla lobes 3.2–6.3 mm long, without a thickened, papillose median strip; leaves on juvenile plants not sinuately lobed"	"Parsonsia blakeana"
22	"Fine vein reticulum strongly raised and prominent on upper surface of dried leaves"	"Parsonsia straminea"
22	"Fine net vein reticulum not raised or prominent on upper surface of dried leaves (sometimes the coarser net veins slightly raised)"	23
23	"Leaves of adult plants linear or narrowly lanceolate, 7–18 times as long as wide"	24
23	"Leaves of adult plants lanceolate to very broadly ovate, 1.2–6 times as long as wide"	25
24	"Anther cone raised high above corolla on twisted filaments; corolla lobes linear, glabrous on inner surface except at base and sometimes near apex, revolute, more than 4 times as long as tube"	"Parsonsia eucalyptophylla"
24	"Anther cone partly enclosed in corolla with filaments short, straight; corolla lobes oblong-acute, shortly hirsute over entire inner surface, spreading or recurved but not revolute, less than twice as long as tube"	"Parsonsia diaphanophleba"
25	"Anthers bearded along the median dorsal line"	"Parsonsia densivestita"
25	"Anthers glabrous"	26
26	"Corolla lobes linear, revolute, 2.5–6 times as long as tube"	27
26	"Corolla lobes ovate to narrowly lanceolate, spreading to strongly recurved or reflexed, less than 2.5 times as long as tube"	28
27	"Anther cone raised high above corolla, c. 3 mm long; filaments spirally twisted to nearly straight; pedicels 7–9 mm long"	"Parsonsia brisbanensis"
27	"Anther cone just fully exserted from corolla, 3.5–4 mm long; filaments straight; pedicels 3–6 mm long"	"Parsonsia sankowskyana"
28	"Adult leaves glabrous or finely hairy along the veins, with hairs ±colourless"	29
28	"Adult leaves with lower surface densely, softly pubescent, upper surface pubescent or scabrous, with hairs brown"	31
29	"Leaves on adult plants narrowly lanceolate to ovate-lanceolate, 3.5–6 times as long as wide, cuneate or narrowly cuneate at base; secondary veins 9–14 on either side of midvein"	"Parsonsia brownii"
29	"Leaves on adult plants ovate or broadly ovate, 1–4 times as long as wide, rounded or broadly cuneate or cordate at base; secondary veins 8 or fewer on each side of midvein"	30
30	"Leaves ovate to very broadly ovate, 1.2–1.8 times as long as wide, mucronate or shortly acuminate, 4–9 cm wide; capsule 1.3–2.6 cm diam., 9–14 cm long"	"Parsonsia largiflorens"
30	"Leaves ovate or ovate-lanceolate, 1.9–4 times as long as wide, acuminate to long-acuminate to a fine point, 1–4 (–6) cm wide; capsule very slender, 0.4–1 cm wide, 10–21 cm long"	"Parsonsia langiana"
31	"Corolla and calyx lobes shortly and densely hirsute externally; corolla lobes papillose internally; filaments with several, short, deltoid bristles"	"Parsonsia ferruginea"
31	"Corolla and calyx lobes with a tomentum of fine, slender hairs; corolla lobes not papillose internally; filaments pubescent with slender hairs"	32
32	"Small domatia distinct on leaf lower surface in axils of secondary veins; corolla lobes strongly recurved or reflexed"	"Parsonsia fulva"
32	"Domatia lacking on leaf lower surface in axils of secondary veins; corolla lobes spreading or recurved"	33
33	"Corolla tube subglobose at base, the lobes 2.7–3 mm long; capsules narrowly ellipsoidal, a little inflated near base, 1.7–2 cm diam., finely pubescent"	"Parsonsia wongabelensis"
33	"Corolla tube cylindrical or slightly inflated, not ovoid or subglobose, the lobes c. 1.8 mm long; capsules very slender, 0.4–0.8 cm diam., glabrescent"	"Parsonsia langiana"
