from	statement	to
1	"Flowers with filiform appendages on tips of calyx lobes"	2
1	"Flowers without filiform appendages"	3
2	"Leaves triangular-ovate or oblong-ovate; flowers in condensed racemes on older stems; calyx tube greyish white with purple veins; calyx lobes purple on edge, yellow inside; Bellenden Ker Range"	"Pararistolochia australopithecurus"
2	"Leaves oblong-triangular or sagittate; flowers axillary, solitary or in 2- or 3-¬flowered elongated racemes; calyx tube green to greenish yellow with maroon veins; calyx lobes yellow inside; Mt Lewis area"	"Pararistolochia sparusifolia"
3	"Plants with straight and hooked hairs on underside of leaves"	4
3	"Plants glabrous or pubescent, but never with hooked hairs"	5
4	"Upper leaves linear-lanceolate, more than 4 times as long as wide; calyx lobes 3–4 mm long; herbaceous vine; woodlands, N Cape York Peninsula"	"Pararistolochia linearifolia"
4	"Upper leaves not as above, less than 4 times as long as wide; calyx lobes 7–10 mm long; vigorous, slender to robust vine; rainforests, E Qld (N of Mackay)"	"Pararistolochia deltantha"
5	"Leaf bases truncate or rounded, occasionally oblique; mature leaves glabrous"	"Pararistolochia laheyana"
5	"Leaf bases cordate or subcordate; mature leaves more or less glabrous above, pubescent on veins below"	6
6	"Calyces cream with rich purplish brown stripes and spots, lobes mustard yellow inside; Wet Tropics & SE Qld"	"Pararistolochia praevenosa"
6	"Calyces maroon with darker longitudinal or reticulate veins, lobes dark maroon inside; Iron Range, Cape York Peninsula"	"Pararistolochia peninsulensis"
