from	statement	to
1	"Shrubs usually less than 2 m tall, often multi-stemmed"	2
1	"Trees or large shrubs single-stemmed, generally taller than 2 m"	7
2	"Leaf lamina broadly ovate to ovate"	"Notelaea ovata"
2	"Leaf lamina linear to narrowly lanceolate"	3
3	"Leaves < 35 mm long, apices aristate; inflorescence 1 (or 2) per axil"	"Notelaea pungens"
3	"Leaves > 35 mm long, apices not aristate; inflorescences 1, 2 or more per axil"	4
4	"Venation of leaf obscure on both surfaces; inflorescence < 10 mm long"	"Notelaea linearis"
4	"Venation of leaf obvious at least on upper surface; inflorescences > 10 mm long"	5
5	"Leaves 2-5 mm wide"	"Notelaea lloydii"
5	"Leaves 7-18 mm wide"	6
6	"Lateral and tertiary veins slightly raised on upper surface; lateral veins at 20-45°"	"Notelaea ipsviciensis"
6	"Lateral and tertiary veins ± flush above; lateral veins at 45-60°"	"Notelaea sp. (Barakula)"
7	"Tertiary venation finely and evenly reticulate"	"Notelaea venosa"
7	"Tertiary venation not finely and evenly reticulate"	8
8	"Leaf lamina linear"	"Notelaea lloydii"
8	"Leaf lamina lanceolate to elliptic"	9
9	"Inflorescence greater than 5 cm long; rachis purple or pink"	"Notelaea johnsonii"
9	"Inflorescence shorter than 5 cm; rachis not purple/pink"	10
10	"Leaves and involucral bracts glabrous or glabrescent"	"Notelaea punctata"
10	"Leaves glabrous, glabrescent or variously pubescent, involucral bracts variously pubescent or echinulate"	11
11	"Venation on upper surface without prominent tertiary venation"	"Notelaea microcarpa"
11	"Venation on upper surface with distinct tertiary venation"	12
12	"Leaves and involucral bracts variously pubescent; SE Qld"	"Notelaea longifolia"
12	"Leaves glabrous; involucral bracts echinulate; N Qld"	"Notelaea sp. (Elcho Is)"
