from	statement	to
1	"Leaf blade axehead-shaped in side view, >2.6 mm thick"	2
1	"Leaf blade incurved linear, incurved oblanceolate or lunate in side view, <2.5 mm thick"	3
2	"Sepals 3–4 mm long, white or pink; style 15–20 mm long, white or pink"	"Homoranthus thomasii"
2	"Sepals 5–6.5 mm long, red; style 22–30 mm long, black"	"Homoranthus zeteticorum"
3	"Leaves distinctly papillose"	"Homoranthus papillatus"
3	"Leaves glabrous, smooth"	4
4	"Flowers clustered in terminal, corymbose heads of 5 or more flowers"	"Homoranthus tropicus"
4	"Flowers not clustered in terminal, corymbose heads"	5
5	"Flowers held erect"	6
5	"Flowers pendulous"	15
6	"Hypanthium strongly constricted above the ovary; flowers turning purple with age"	"Homoranthus decasetus"
6	"Hypanthium not constricted above the ovary; flowers variously coloured but never purple"	7
7	"Sepal apex obtuse to acute"	8
7	"Sepal apex long-acuminate or laciniate"	9
8	"Plants decumbent, rooting at the nodes; style 2–3 times as long as the hypanthium"	"Homoranthus decumbens"
8	"Plants ascending, not rooting at the nodes; style <1.5 times as long as the hypanthium"	"Homoranthus brevistylis"
9	"Sepal apex always laciniate, divided into 2–12 long, slender processes"	"Homoranthus montanus"
9	"Sepal apex long-acuminate (or rarely with 2 or 3 short, slender processes in H. vagans and H. inopinatus)"	10
10	"Hypanthium tuberculate between the ribs with broad, rounded, multicellular trichomes"	11
10	"Hypanthium smooth between the ribs, multicellular trichomes absent"	14
11	"Plants erect, >1 m tall; petals, sepals and style creamy white"	"Homoranthus virgatus"
11	"Plants decumbent to weakly erect, <0.8 m tall; petals, sepals and style yellow"	12
12	"Leaf blade lunate to narrow-oblanceolate in side view, >1.1 mm thick at deepest point"	"Homoranthus inopinatus"
12	"Leaf blade linear in side view, <1 mm thick"	13
13	"Plants erect, >1 m tall; hypanthium >4.2 mm long"	"Homoranthus montanus"
13	"Plants decumbent to ascending, <0.6 m tall; hypanthium <3.8 mm long"	"Homoranthus melanostictus"
14	"Plants decumbent, 0.05–0.2 m tall"	"Homoranthus vagans"
14	"Plants ascending to weakly erect, 0.15–1.2 m tall"	"Homoranthus flavescens"
15	"Leaf blade <1.0 mm thick at deepest point; leaf margins strongly recurved when dry"	"Homoranthus tricolor"
15	"Leaf blade >1.0 mm thick at deepest point; leaf margins never recurved"	16
16	"Flowers in clusters of 3–5, rarely 2; sepal laciniae with a conspicuous midvein"	"Homoranthus coracinus"
16	"Flowers arranged in pairs; sepal laciniae without a conspicuous midvein"	17
17	"Style 7–11 mm long; sepal laciniae 0.3–0.6 mm long, barely exceeding the petals"	"Homoranthus cummingii"
17	"Style >11 mm long; sepal laciniae >1.0 mm long, extending well beyond the petals"	18
18	"Leaves dull, slightly glaucous; bracteoles yellow aging red; style 16–19 mm long"	"Homoranthus porteri"
18	"Leaves shiny, never glaucous; bracteoles creamy white; style 12–16 mm long"	"Homoranthus clarksonii"
