from	statement	to
1	"Annuals or short-lived perennials to 1 m high"	2
1	"Woody vines, shrubs or trees more than 1 m high"	3
2	"Leaves stipulate"	Hydrocotyle
2	"Leaves without stipules"	Trachymene
3	"Leaves compound (with 3 or more leaflets); simple hairs on leaves and inflorescences, or hairs absent"	4
3	"Leaves simple (not divided into leaflets); stellate hairs (usually abundant) on leaves and inflorescences"	7
4	"Leaflets 3"	5
4	"Leaflets 5-many"	6
5	"Petiolules and petiole glabrous; pedicels 9-14 mm long (Motherwellia haplosciadea)"	Motherwellia
5	"Petiolules and petiole with sparse to dense strigose hairs; pedicels 0-1 mm long (Cephalaralia cephalobotrys)"	Cephalaralia
6	"Leaves palmate"	Heptapleurum
6	"Leaves pinnate or bipinnate"	Polyscias
7	"Leaves palmately lobed, 20-40 cm wide (Tetrapanax papyrifer)"	Tetrapanax
7	"Leaves entire, 1-16 cm wide"	Astrotricha
