from	statement	to
1	"Leaves more than 1 .5 mm wide"	"Kardomia silvestris"
1	"Leaves less than 1.5 mm wide"	2
2	"Dorsal sepal appendages acute or acuminate, 0.5-1.8 mm long"	3
2	"Dorsal sepal appendages obtuse, up to 0.3 mm long, or absent"	4
3	"Leaves broadly ovate, 0.9-1.5 mm long; hypanthium smooth"	"Kardomia squarrulosa"
3	"Leaves linear to lanceolate, 2.5-6.5 mm long; hypanthium muricate"	"Kardomia granitica"
4	"Leaves obovate; pedicels 2.0-4.2 mm long; hypanthium 5 –ribbed"	"Kardomia jucunda"
4	"Leaves linear; pedicels 0.4-1 .0 mm long; hypanthium smooth"	"Harmogia densifolia"
