from	statement	to
1	"Epicalyx segments absent at anthesis (only present in very early bud); corollas 2–3 cm long"	"Abelmoschus ficulneus"
1	"Epicalyx segments present at anthesis, persistent; corollas 3.5–10 cm long"	2
2	"Epicalyx segments 7–11, linear to narrowly oblong, 8–20 mm long, 1–2.5 mm wide"	3
2	"Epicalyx segments 4–6, often 5, ovate to oblong-lanceolate, 10–30 mm long, 6–15 mm wide"	4
3	"Erect shrubs 0.6–1.5 m, with a long slender taproot; stems hispid with retrorse hairs, sometimes glabrous; corollas yellow with dark purple centre; naturalised"	"Abelmoschus moschatus"
3	"Decumbent or straggly shrubs to 1 m, with a short tuber-like taproot; stems usually with patent hairs; corollas white, pink, red or yellow; native"	"Abelmoschus rhodopetalus"
4	"Stems with prickly simple hairs 2–3 mm long"	"Abelmoschus manihot subsp. tetraphyllus"
4	"Stems glabrous or with simple hairs and/or stellate hairs 0.2–0.5 mm long"	"Abelmoschus manihot subsp. manihot"
