from	statement	to
1	"Leaves opposite"	2
1	"Leaves alternate"	9
2	"Inflorescences branched (paniculate or in whorls)"	3
2	"Inflorescences unbranched, globose to spicate"	4
3	"Inflorescences paniculate; perianth 1-2 mm long"	Iresine
3	"Inflorescences spicate, spikes verticillately arranged along rachis; perianth 3-6 mm long"	Froelichia
4	"Inflorescences wholly or predominantly terminal"	5
4	"Inflorescences axillary"	7
5	"Inflorescence a dense globose or ellipsoidal cluster"	Gomphrena
5	"Inflorescence spicate, rachis visible between the flowers"	6
6	"Perianth 3-4 mm long; hooked awns visible on fruits (Cyathula prostrata)"	Cyathula
6	"Perianth 4-6 mm long, fruiting awns straight or slightly curved"	Achyranthes
7	"Bracts and bracteoles reduced to prickly awns; tepals 4"	Nyssanthes
7	"Bracts and bracteoles not prickly (perianth may be prickly); tepals 5"	8
8	"Stigma capitate; tepals free"	Alternanthera
8	"Stigma obscurely bilobed; tepals fused for about half their length (Guilleminea densa)"	Guilleminea
9	"Leaves cylindrical, fleshy (Hemichroa mesembryanthema)"	Hemichroa
9	"Leaves flat, not fleshy"	10
10	"Leaves and stems with dendritic hairs"	11
10	"Leaves and stems glabrous or with unbranched hairs"	12
11	"Inflorescence 5-8 mm diameter, cylindrical (Aerva javanica)"	Aerva
11	"Inflorescence 9-35 mm diameter, globose to cylindrical"	Ptilotus
12	"Ovules and seeds several in each flower/fruit"	13
12	"Ovules and seeds solitary"	14
13	"Erect herb; inflorescence terminal; fruit a dry utricle"	Celosia
13	"Shrubby vine; inflorescence axillary; fruit a fleshy berry"	Deeringia
14	"Perianth glabrous or with a few scattered hairs"	Amaranthus
14	"Perianth conspicuously hairy, at least near the base"	15
15	"Tepals 4; stigma bilobed (Omegandra kanisii)"	Omegandra
15	"Tepals 5; stigma capitate or unexpanded"	Ptilotus
