from	statement	to
1	"Stigmas 3-fid; achene trigonous"	2
1	"Stigmas 2-fid (rarely some 3-fid in C. gaudichaudiana); achene lenticular or plano-convex"	12
2	"Inflorescence with numerous spikes in a much-branched spreading panicle"	3
2	"Inflorescence consisting of cylindrical spikes, or closely appressed to the rachis"	5
3	"Beak and upper part of utricle white-hispid on nerves and margins; spikelets reddish-brown"	"Carex rafflesiana"
3	"Beak and upper part of utricle glabrous except occasionally on the margins; spikelets green to yellowish-brown or occasionally reddish-brown"	4
4	"Utricles with about 10 nerves on each face, usually inflated, obscurely trigonous, glumes reddish-brown; male glumes acute; leaves 5-9 mm broad"	"Carex indica"
4	"Utricles with 5-7 nerves on each face; not inflated, distinctly trigonous, glumes whitish, male glumes with long awns; leaves 7-17 mm broad"	"Carex horsfieldii"
5	"Stems solitary with long creeping rhizomes; utricles corky with impressed nerves; occurs on coastal sand dunes"	"Carex pumila"
5	"Stems tufted without long creeping rhizomes; utricles not corky or with impressed nerves; not found on coastal sand dunes"	6
6	"Utricles deeply split at the apex; spikes long pedicellate, drooping at maturity"	"Carex fascicularis"
6	"Utricles not deeply split; spikes sessile or pedicels erect"	7
7	"Utricles minutely papillose, reddish-brown; spikelets reddish-brown"	"Carex maculata"
7	"Utricles not papillose, greenish, stramineous to grey-brown; spikelets greenish to brown"	8
8	"Utricles with a transverse swelling near halfway point and another just below the beak"	"Carex breviscapa"
8	"Utricles with no swellings"	9
9	"Uppermost spike with male and female sections"	10
9	"Uppermost spike wholly male"	11
10	"Long peduncled spikes at distant nodes; utricle with a beak >1 mm long"	"Carex hubbardii"
10	"Spikes sessile or lower ones shortly pedunculate; arising from the leaf axils; utricle beak <1 mm long"	"Carex cryptostachys"
11	"Utricles glabrous; male glumes with a mucro as long as or longer than the body of the glume"	"Carex brownii"
11	"Utricles hispid; male glumes with a mucro shorter than the body of the glume"	"Carex breviculmis"
12	"Utricles white-hispid on the nerves and margins"	"Carex brunnea"
12	"Utricles glabrous or ciliate on margins only"	13
13	"Inflorescence long and narrow; not subtended by long leaf-like bracts"	14
13	"Inflorescence a short terminal cluster subtended by long leaf-like bracts, or distant cylindrical spikes subtended by long leaf-like bracts"	15
14	"Utricles 2-3.5 mm long, margins and beak scabrid"	"Carex appressa"
14	"Utricles 4-6 mm long, margins and beak glabrous"	"Carex declinata"
15	"Some spikes at maturity long-peduncled, nodding when mature"	16
15	"Spikes not or only shortly peduncled, erect"	17
16	"Utricles nerveless, densely papillose; only at the summit of Bellenden Ker"	"Carex phacota"
16	"Utricles nerved, minutely papillose; Kroombit Tops and far southern Qld"	"Carex lobolepis"
17	"Inflorescence a terminal cluster, female flowers above, male flowers below or absent or occasionally a few male flowers at tip"	18
17	"Inflorescence consisting of cylindrical spikes, somewhat distant on the stem, 1-3 uppermost spikes wholly male"	19
18	"Utricle with beak 0.3-1.2 mm long; achene 1.2-1.8 mm long; culm 5-50 cm tall"	"Carex inversa"
18	"Utricle with beak 1.5-2.5 mm long; achene 1.8-2.1 mm long; culm 40-100 cm tall"	"Carex lophocarpa"
19	"Utricles 2-3 mm long, nerveless, or faintly nerved; spikes 5-14 cm long; leaves 4-9 mm wide"	"Carex polyantha"
19	"Utricles 2.7-4.5 mm long, distinctly nerved; spikes 1.5-6 cm long; leaves 2-4 mm wide"	"Carex gaudichaudiana"
