from	statement	to
1	"Anther thecae black or brown-black; peduncles all less than or equalling 4 cm long"	2
1	"Anther thecae yellow or yellow-brown; at least some peduncles more than 6 cm long"	3
2	"Leaves with erect or subappressed dense indumentum, aromatic; achenes 2.5–3 mm long (common along east coast Australia)"	"Wollastonia uniflora"
2	"Leaves subglabrous to appressed moderate indumentum, not so aromatic; achenes 3.5–4.5 mm long (western Cape York & Torres Strait only)"	"Wollastonia biflora var. biflora"
3	"Annual; achenes cylindrical or weakly angled, to 4 mm long and lacking awns (western districts)"	"Apowollastonia cylindrica"
3	"Annual or perennial with strongly 3 or 4 angled achenes to 3.5 mm long"	4
4	"Leaves ovate to suborbicular, shortly petiolate or subsessile; ray florets 10–12 mm long (mostly Cape York and NE Qld)"	"Apowollastonia longipes"
4	"Leaves lanceolate to linear, sessile or subsessile; ray florets variable"	5
5	"Perennial herb; leaves often lobed at base; ray florets 12–25 mm long; peduncles slender"	"Apowollastonia spilanthoides"
5	"Subshrub; leaves toothed or entire, not lobed at base; ray florets 7–10 mm long; peduncles robust (western Queensland only)"	"Apowollastonia stirlingii subsp. stirlingii"
