from	statement	to
1	"Leaves nearly as along as wide, with obtuse tips"	"Oldenlandia chiovendae"
1	"Leaves much longer than wide, with acute tips"	2
2	"Plants forming dense compact cushions to 5(-10) cm tall; flowers solitary"	"Oldenlandia saxifrageoides"
2	"Plants no forming compact cushionsl flowers usually in 2 or more-flowered cymes"	3
3	"Flowers subsesile in terminal, and often also axillary heads"	4
3	"Flowers on pedicels at leat 1 mm long in open terminal and/or axillary cymes"	5
4	"Stems and leaves densely pubescent with spreading hairs about 3 mm long; corolla tubes glabrous at the throat"	"Oldenlandia cryptocarpa"
4	"Stems and leaves scabrous to shortly hirsute or almost glabrous"	"Oldenlandia ichtyoderma"
5	"Flowers in terminal and axillary cymes"	"Oldenlandia richardsonioides"
5	"Flowers always axillary, solitary or in 2-seveal flowered sessile or pedunculate cymes"	6
6	"Capsules with 0.8-1 mm long beaks; corolla tubes 2 mm or more long; flowers solitary or pairedat the nodes"	"Oldenlandia herbacea"
6	"Capsules with beaks shorter than 0.8 mm; corolla tubesup to 1.6 mm long; flowers oftern in cymes"	7
7	"Flowers in pedunculate cymesor solitary at the nodes; isostylous"	"Oldenlandia corymbosa"
7	"Flowers in sessile to shortly pedunculate cymes or, if peduncles well-developed, the flowers heterostylous"	"Oldenlandia fastigiata"
