from	statement	to
1	"Inflorescences terminal; branches often with paired spines; calyx lobes narrowly triangular"	"Strychnos spinosa"
1	"Inflorescences axillary, sometimes also termina; branches unarmed; calyx lobes broadly ovate to suborbicular"	2
2	"Ovaries hairy; fruits usually well over 2 cm in diameter"	"Strychnos madagascareiensis"
2	"Ovaries glabrous; fruits up to 2 cm in diameter"	3
3	"Young branches with distinct lenticels; corollas 4-6 mm long; pistils 4-5 mm long"	"Strychnos decussata"
3	"Young branches without lenticels; corollas up to about 3.5 mm long; pistils up to 3 mm long"	"Strychnos henningsii"
