from	statement	to	shortcut
1	"Leaves with stellate hairs, at least when young; carpels free, individual carpels subglobose to ovoid or cylindrical"	Uvaria	
1	"Leaves glabrous or with simple hairs; carpels united or, if free, individual carpels more or less cylindrical"	2	
2	"Carpels completely united to form a 1-locular ovary; outer petals much larger than the inner and with undulate margins"	Monodora	"Monodora grandidieri"
2	"Carpels free or fusing into a fleshy mass at maturity; petals not as above"	3	
3	"Carpels free, individual carpels ellipsoidal to cylindrical in fruit; stamens 6"	Monanthotaxis	"Monanthotaxis fornicata"
3	"Carpels fusing into a single fleshy mass at maturity; stamens numerous"	Annona	
