from	statement	to
1	"Leaves linear to narrowly lanceolate; bracteoles usually attached above the middle of the pedicels; basal lobes of the anthers acuminate"	"Anticharis senegalensis"
1	"Leaves usually linear-lanceolate to obate; bracteols inserted about or below the middle of the pedicels; basal lobes of the anthers obtuse"	2
2	"Plants slender herbs, often not or sparsely branched; leaves often narow; capsules twice as long as the calyces"	"Anticharis arabica"
2	"Plants usually robust herbs, branched; leaves often wide; capsules 1.5 times the length of the calyces"	"Anticharis glandulosa"
