from	statement	to
1	"Corollas yellow or orange, often with a  red or purple blotch in  the throat"	2
1	"Corollas purple to mauve orpin, sometimes with yellow throat"	3
2	"Leaf blades more than 3 times as long as wide, usually pinnatifid or toothed; fruits up to 2.7 cm long and 2.5 cm wide"	"Pterodiscus kellerianus"
2	"Leaf blades usually less than twice as long as wide, entire or remotely undulate; fruits usually more than 2.7 cm long and 2.5 cm wide"	"Pterodiscus ruspoliii"
3	"Leaf blades distinctly pinnatifid"	"Pterodiscus kellerianus"
3	"Leaf blades entire to obscurely toothed"	4
4	"Fruits elliptic in outline, with up to 10 seeds in each cell; fruit wings more or less curled and appressed to the body"	"Pterodiscus saccatus"
4	"Fruits nearly circular to heart-shaped in outline, fruit wings not curled and appressed to the body"	5
5	"Fruits 1.2-3.5 cm long, 0.9-1.1 cm wide, wings up to 2.5 mm wide"	"Pterodiscus coeruleus"
5	"Fruits more than 3.5 cm long and 1.1 cm wide, wings 3-10 mm wide"	6
6	"Leaves linear to linear-lanceolate, transitioning gradually from blade to petiole; fruits about 3.2 cm long and 2.8 cm wide, wings about 10 mm wide"	"Pterodiscus purpureus"
6	"Leaves oblong, ovate, or subovate, more or less abruptly transitiioning from blade to petiole; fruits 1.3-2.4 cm long, 1.2-2.1 cm wide, wings 3-6 mm wide"	"Pterodiscus undulatus"
