from	statement	to
1	"Bracts early deciduous, scars transforming to bowl-like glands; fruiting calyces closed or almost closed, the lateral lobes pressed close together"	2
1	"Bracts persistent or deciduous, not becoming bowl-like glands; fruiting calyces open or closed with lower lobes pressed against the upper lobes"	4
2	"Lateral and lower calyx lobes separated by a deep sinus"	"Ocimum serpyllifolium"
2	"Lateral and lower calyx lobes without a sinus between them or with only a very small sinus between them"	3
3	"Leaves up to 3 mm wide, margins entire; plants with dense axillary short shoots"	"Ocimum verticillifolium"
3	"Leaves 3-10 mm wide, margins serrate, crenate, or entire; plants hardly with dense axillary short shoots"	"Ocimum filamentosum"
4	"Corollas 13-16 mm long; posterior stamens without appendage or knee bend at the base; upper lobe of fruiting calyces hooded"	"Ocimum spectabile"
4	"Corollas 3-11 mm long; posterior staments with an appendage or knee-bend at the base; upper lobe of fruiting calyces usually concave or flat, rarely hooded"	5
5	"Leaves with branched hairs"	6
5	"Leaves with simple hairs, rarely also with some branched hairs"	9
6	"Upper lobes of the fruiting calyces widest near the tip, narrowly cuneate at the base"	7
6	"Upper lobes of fruiting calyces widest below or near the middle, subcordate or cordate at the base"	8
7	"Inflorescence with verticillasters separated by 5-15 mm"	"Ocimum jamesii"
7	"Inflorescences with verticillasters touching those above and below"	"Ocimum spicatum"
8	"Nutlets hairy; leaf blades 15-90 mm long"	"Ocimum cufodontii"
8	"Nutlets glabrous; leaf blades 5-25 mm long"	"Ocimum nummularia"
9	"Upper lobes of the fruiting calyces large, widest at or below the middle and cordate or subcordate at the base"	10
9	"Upper lobes of the fruiting calyces widest near the tip, cuneate at the base"	11
10	"Corollas 4-5 mm long; fruiting calyces open, interior of the tube with a dense ring of hairs in the throat"	"Ocimum circinatum"
10	"Corollas 8-11 mm ong; fruiting calyces closed, interior of the tube scarcely hairy in the mouth"	"Ocimum fruticosum"
11	"Fruiting calyces closed with the 2 lower lobes connate to an emarginate lip pressed against the upper lip, interior of the tube with hairs only underneath the upper lip"	"Ocimum gratissimum"
11	"Fruiting calyces open, lower lobes hardly connate, interior of the tube with a dense ring of hairs at the throat"	12
12	"Stems subglabrous or moderately hairy along two faces"	"Ocimum basilicum"
12	"Stems moderately to densely hairy with more or less recurved hairs"	13
13	"Anterior stamens 3-6 mm longer than the lower lip of the corollas; corollas 6-11 mm long; fruiting calyces 6-8 mm long"	"Ocimum forskaolii"
13	"Anterior stamens 1-3 mm longer than the lower lip of the corollas; corollas 4-6 mm long; fruiting calyces 4-6 mm long"	"Ocimum americanum"
