from	statement	to
1	"Inflorescences consisting of a solitary, contracted cincinnus partially enclosed in a pair of leafy bracts"	"Aneilema lamuense"
1	"Inflorescences thyrsiform, composed of (1_)2-many elongate cincinni"	2
2	"Fruiting pedicels usually erect or slightly recurved; lowest petal in each flower reduced and differently colored from the others; ventral capsule cells with 2-4 seeds; shoots often disarticulating at the nodes wen drying"	3
2	"Fruiting pedicels recurved 120-270 degrees; lowest petal in each flower usually larger and the same color as the others; ventral capsule cells with 1-2 seeds; shoots not disarticulating at the nodes"	6
3	"Inflorescences composed of 2-11(-13) cincinni; cincinnus peduncles (1.2-)1.5-5.5(-8.5) mm long"	"Aneilema pusillum"
3	"Inflorescences composed of (8-)15-50 cincinni; cincinnus peduncles (2-)15-27 mm long"	4
4	"Bracteoles not perfoliate; capsules (5-)6-9 mm long, their tips usually rounded to trincate; seeds 2-3(-4) per ventral cell, 1.6-2.7 mm long; roots with distal tubers"	"Aneilema somaliense"
4	"Bracteoles usually perfoliate; capsules 12-18 mm long, their tips more or less rostrae; seeds 2 per ventral cell, 3.75-5,4 mm long; roots without tubers"	5
5	"Cincinnus peduncles (11-)15-27 mm long; bracteoles attached 8-23 mm apart; blades lanceolate to ovate, 1-2(-4) cm wide"	"Aneilema obbiaadense"
5	"Cincinnus peduncles 10-20 mm long; bracteoles attached 1.5-7.5 mm apart; blades usually linear-lanceolate to lanceolate elliptic and 0.8-1.9 cm wide"	"Aneilema longicapsa"
6	"Inflorescences composed or (8-)10-21 cincinni; sepals with marginal glands; capsules 3.4-4 mm long and about 2 mm wide; ventral cells 2-seeded, seeds ovate to subtriangular, 1.3-1.7 mm long, 1.35-1.4 mm wide"	"Aneilema benadirense"
6	"Inflorescences composed or 1-4 cincinni; sepals lacking marginal glands; capsules 4-4.5 mm long, 3.4-4 mm wide; cells all 1-seeded, the ventral cells with transversely elliptic seeds 2.7-3.2 mm long and about 2 mm wide"	"Aneilema trispermum"
