from	statement	to
1	"Flowers in dense, globose, spherical heads"	"Seddera glomerata"
1	"Flowers in spikes, cymes, or panicles"	2
2	"Sepals very unequal, 2 outer 6.5-9 mm in diameter, accrescent in fruit; capsules indehiscent, thin-walled"	"Seddera bracteata"
2	"Sepals subequal or unequal, 1-3 mm in diameter not acrescent in fruit, 4-valvd, thick-walled"	3
3	"Peduncles up to 20 mm long or more, at least on the lower part of the branches"	"Seddera arabica"
3	"Peduncles up to 6 mm long or absent"	4
4	"Leaf blades linear to linear-oblong, or narrowly elliptic"	5
4	"Leaf blades lanceolate, ovate, or obovate"	6
5	"Main branches erect; leaf blades white to grey; corollas 7-10 m long"	"Seddera hallieri"
5	"Main branches prostrate; leaf blades green to pale green; corollas 4.5-5 mm long"	"Seddera bagshawei"
6	"Branches becoming bare and pointed"	"Seddera latifolia"
6	"Branches not becoming bare and pointed"	7
7	"Leaf blades with scattered, more or less spreading hairs, surface visible beneath the hairs"	"Seddera hirsuta"
7	"Leaf blades velvety or silke with appressed hairs, surface not visible beneath the hairs"	8
8	"Corollas 3.5-6.5 mm long; pedicels up to 0,5 mm long"	9
8	"Corollas 7-9 mm long; pedicels 1-3 mm long"	10
9	"Leaf blades up to 30 mm long and 17 mm wide; corollas 4.5-6.5 mm long; capsules 2.5-3 mm long"	"Seddera micrantha"
9	"Leaf blades up to 15 mm long and 8 mm wide; corollas 3.5-5 mm long; capsules 3.5-4 mm long"	"Seddera latifolia"
10	"Leaf blades broadly elliptic with more or less spreading, mixed short and long hairs; corollas about 7 mm long; sepalswith acuminate tips"	"Seddera erlangeriana"
10	"Leaf blades ovate to suborbicular, sericeous with uniform hairs; corollas 8-9 mm long; sepals with acute tips"	"Seddera cinerea"
