from	statement	to	shortcut
1	"Plants shrubs or trees up to 5 m tall; calyces and corollas 4-merous; calyces lobes shorter than the tubes; anthers almost sessile, their filaments shorter than the anthers; anther cells not confluent"	Buddleja	"Buddleja polystachya"
1	"Plants herbs or shrubs; flowers 5-merous; calyces and corollas 5-lobed; calyx lobes usually longer than the tubes; anthers not appearing sessile, filaments a long or longer than the anthers; anther cells often confluent"	2	
2	"Stamens 2; leaves alternate; leaf blades entire"	Anticharis	
2	"Stamens 4 or 5; leaves alternate or opposite; leaf blades often crenate to dentate, sometimes entire;"	3	
3	"Leaves 1-veined, alternate or apparently whorled; stamens 4, anthers of the shorter 2 usually without pollen; corolla lobes subequal"	Aptosimum	"Aptosimum pumilum"
3	"Leaves pinnately veined, opposite in mature plants; stamens 4 or 5, at least 4 with pollen-containing anthers; corolla lobes sometimes markedly unequal"	4	
4	"Corollas yellow or mostly so, 20 mm or more in diameter, subrotate"	5	
4	"Corollas not yellow, less than 20 mm in diameter"	6	
5	"Flowers in 2-7-flowered clusters, shorty to distinctly pedicellate; inflorescences branched; seeds pitted"	Verbascum	"Verbascum sinaiticum"
5	"Flowers solitary, distincly pedicellate; inflorescences unbranched racemes; seeds with longitudinal furrows"	Rhabdotosperma	"Rhabdotosperma keniense"
6	"Corollas reddish purple, strongly 2-lipped; seeds rugose"	Scrophularia	"Scrophularia arguta"
6	"Corollas white or cream with reddish markings, weakly 2-lipped; seeds longitudinally ribbed"	Camptoloma	"Camptoloma lyperiiflorum"
