from	statement	to
1	"Flowers usually solitary, occasionally paired, sessile; leaves crowded on very short spur shoots"	"Pavetta uniflora"
1	"Flowers in 3- to many flowered inflorescences, pedicellate; leaves mostly on the main stem and lateral branches"	2
2	"Calyx limbs with lobes distinctly longer than the tubes"	3
2	"Calyx limbs truncates or with short lobes, not or scarcely longer than the tubes"	8
3	"Calyces covered by spreading hairs"	4
3	"Calyces glabrous or almost so"	5
4	"Leaves acute to rounded, sometimes with shortly apiculate apices, with 5-6 main pairs of lateral veins"	"Pavetta crebrifolia var. pubescens"
4	"Leaves with distinctly acuminate tips, the lateral veins in 8-10 pairs"	"Pavetta villosa"
5	"Corolla tubes 6-7 mm long; calyx lobes widest above the base"	"Pavetta sennii"
5	"Corolla tubes (9-)12-18 mm long; calyx lobes widest at the base"	6
6	"Calyx lobes 3.5-8.5 mm long; leaves more or less leathery"	"Pavetta crebifolia"
6	"Calyx lobes up to 3(-4) mm long; leaves papery or stiffly papery"	7
7	"Leaves distinctly petiolate and with acute or acuminate tips; pedicels 5-10 mm long"	"Pavetta transjubensis"
7	"Leaves usually sessile or almost so and with rounded tips; pedicels 0.5-3 mm long"	"Pavetta microphylla"
8	"Lower surfaces of leaves covered with a whitish, finely velvety pubescence"	9
8	"Lower surfaces of leaves glabrous or almost so"	10
9	"Corolla tubes 21-26 mm long; inflorescences usually with 10-20 flowers; plants 0.4-1 m tall"	"Pavetta venenata"
9	"Coroalla tubes 12-14 mm long; inflorescences with 20-50 flowers; plants 2-3 m tall"	"Pavetta pammalaka"
10	"Inflorescences borne on lateral branches or on spurs, spurs usually leafy ; pedicels 0.5-3 mm long"	"Pavetta microphylla"
10	"Inflorescences borne on leafless spurs, short branches, or directly on the main stems; pedicels 2-22 mm long"	"Pavetta gardeniifolia"
