from	statement	to
1	"Peduncles, petioles, and lower surface or leaves with a more or less dense indumentum of spreading hairs; terminal leaflets acute to acuminate"	"Allophyllus rubifolius var. rubifolius"
1	"Peduncles, petioles, and lower surface of leaves with appressed hairs or glabrescent; petioles sometimes tomentose; terminal leaflets acuminate to rounded or emarginate"	2
2	"Tip of terminal leaflets sounded to emarginate; fruits about 6-8 mm in diameter"	"Allophyllus rubifolius var. rhusiphyllus"
2	"Tip of terminal leaflets almost always acuminate; fruits up to about 6 mm in diameter"	"Allophyllus rubifolius var. alnifolius"
