from	statement	to
1	"Calyx cuplike in bud, with a small triangular opening a the top, splitting irregularly into 3 lobes; carpels with stellate hairs, almost smooth"	"Uvaria lucida"
1	"Calyx formed of 3 distinct sepals; carpels varied"	2
2	"Carpels becoming glabrous and almost smooth at maturity; petals glabrous except for slightly ciliate margins; leaves obtuse; stems of carpels as long or longer than the carpels"	"Uvaria denhardtiana"
2	"Carpels tomentose and more or less warty; petals pubescent; leaves more or less acuminate; stems of carpels shorter or long than the carpels"	3
3	"Lower surface of leaves with fairly coarse, brownish stellate hairs; carpels less than 15, their stems up to 15 mm long"	"Uvaria acuminata"
3	"Lower surface of leaves with fine, pale stellate hairs; carpels more than 15, their stems up to 17 mm long"	"Uvaria leptocladon"
