from	statement	to
1	"Leaves reduced and scale-like, up to 5 mm long, often very short-lived"	2
1	"Leaves better developed, more than 6 mm long, often with a distinct petiole, almost always present at anthesis"	4
2	"Stems striate, minutely rugose; rootstocks clusters of fusiform roots; corolla lobes usually with prominent dark purple club-shaped or fusiform hairs"	"Ceropegia barbigera"
2	"Stems neither striate nor rugose, smooth; rootstocks elongated tubers tapering into the stems; corollas without club-shaped hairs"	3
3	"Corollas mostly white with purplish mottling, sinuses between the lobes longer than the corolla lobes proper which remain joined at their tips; corolla baeeses with a double swelling up to 10 mm thick"	"Ceropegia variegata"
3	"Corollas bright yellow, sinuses only very slightly enlarged, lobes proper much longer, rotately spreading, coroll bases with a single swelling 3-5 mm thick"	"Ceropegia lindenii"
4	"Rootstocks lacking both a basal tuber and fusiform roots; leaf blades ovate; corolla lobes almost as long as the tubes, often twisted together to form a terminal knob"	"Ceropegia somalensis"
4	"Rootstocks fleshy, either pear-shaped or subglobose tubers or clusters of fusiform roots; leaf blades linear-lanceolate; corolla lobes less than half as long as the tubes"	5
5	"Rootstocks a pear-shaped tuber tapering gradually into the stems, latex often cloudy; leaves often lost by anthesis"	6
5	"Rootstocks subglobose tubers sharply delimited from the stems or clusters of fusiform roots; latex clear; leaves usually present at anthesis"	7
6	"Corollas about 6 cm long; lobes more or less erect, not forming a beak"	"Ceropegia subaphylla"
6	"Corollas 1.5-2.7 cm long, lobes abruptly connivent at base before extending into distinct cylindrical beak"	"Ceropegia tihamana"
7	"Inflorescences raceme-like, rachis internodes longer than the pedicels; corollas yellow flushed with red, without distinct markings"	"Ceropegia racemosa"
7	"Inflorescences more or less umbel-like, rachises very short; corollas grey to pale brown with dark stripes and blotches"	8
8	"Corollas uniformly pales, without markings, glabrous"	"Ceropegia ahmarensis"
8	"Corollas with prominent dark markings, lobes hairy"	9
9	"Rootstocks clusters of fusiform roots; stems distinctly succulent"	"Ceropegia affinis"
9	"Rootstocks globose tubers; stems herbaceous, not succulent"	"Ceropegia vignaldiana"
