from	statement	to
1	"Plants with young parts densely tomentose"	2
1	"Plants with young parts glabrous or almost so"	5
2	"Leaves with 1 leaflet; capules oblong"	"Tetraena hamiensis"
2	"Leaves with 2 leaflets; capsules various"	3
3	"Capsules oblong, about twice as long as wide or longer"	"Tetraena prismatica"
3	"Capsules obconical or subglobose, not much longer than wide"	4
4	"Capsules 5-10 mm long, obconical, prominently 5-lobed above"	"Tetraena alba"
4	"Capsules about 4 mm long, subglobose, slightly 5-angled"	"Tetraena somalensis"
5	"Leaves with 2 leaflets"	6
5	"Leaves simple"	"Tetraena simplex"
6	"Flowers solitary and axillary"	"Tetraena migiurtinorum"
6	"Flowers in several-flowered cymes"	"Tetraena decumbens"
