from	statement	to
1	"Leaves opposite along stems"	"Plantago afra"
1	"Leaves in a basal rosettes or alternate on short stems"	2
2	"Leaves alternate on short stems, more or less sparsely pilose with spreading hairs; bracts glabrous; seeds 3.5-5 mm long"	"Plantago amplexicaulis"
2	"Leaves in basal rosettes, densely lanate; bracts usually pubescent; seeds shorter than 3.5 mm"	3
3	"Plants usually perennial; spikes usually open below; corolla lobes 2.5-3.5 mm long; stamens exserted for 4-7 mm"	"Plantago albicans"
3	"Plants ammual; spikes dense their whole length; corollas lobes 1.5-2.5 mm long; stamens less exserted"	"Plantago ovata"
