from	statement	to
1	"Corolla lobes uniformly lemon yellow, upper halves covered with long, purple, wool-like hairs"	"Rhytidocaulon richardianum"
1	"Corolla lobes variously mottld with red of purplish, sometimes puberulent outside and/or with marginal cilia near the tips, wthout wool-like hairs"	2
2	"Corolla lobes less than twice as long as wide, without versatile cilia near the tips"	3
2	"Corolla lobes at least three times longer than wide;  with versatile cilia near the tips"	4
3	"Corolla lobes distinctly longer than wide; outer coronas inconspicuous with short, 2-fid lobes between the lobes of the inner coronas"	"Rhytidocaulon subscandens"
3	"Corolla lobes about as long as wide; outer coronas conspicuous, continuous, flat, 5-lobed rings"	"Rhytidocaulon paradoxum"
4	"Outer coronas with 2-fid lobes both between and behind the lobes of the inner corona; inner coronas dark purple; corolla lobes glabrous on the outer surface"	"Rhytidocaulon piliferum"
4	"Outer coronas forming low, undulat rims, slightly wider behind the lobes of the inner corona but enirely without lobes or processes between these lobes; inner coronas dull orange; corolla lobes puberulent on the outer surface"	"Rhytidocaulon baricum"
