from	statement	to	shortcut
1	"Freshwater plants"	2	
1	"Marine plants"	3	
2	"Leaves spirally arranged or in whorls, sessile"	Lagarosiphon	"Lagarosiphon cordofanus"
2	"Leaves all basal, petiolage"	Ottelia	"Ottelia exserta"
3	"Leaves petiolate; blades with a midvein and 1 pair of marginal longitudinal veins connected by cross-veins"	Halophila	
3	"Leaves sessile; blades with many longitudinal veins"	4	
4	"Rhizomes 10 mm or more in diameter, covered by the fibrous remains of old leaf sheaths; roots numerous and crowded at each node"	Enhalus	"Enhalus acoroides"
4	"Rhizomes 2-5 mm in diameter, without fibrous leaf sheaths; roots 1 per node"	Thalassia	"Thalassia hemprichii"
