from	statement	to
1	"Leaves linear, soon falling and present only on young shoots; stipular thorns straight"	"Capparis decidua"
1	"Leaves persistent, not linear; stipular thorns recurved when mature"	2
2	"Flowers 4-6 cm across, solitary in the leaf axils; fruits ribbed"	"Capparis cartilaginea"
2	"Flowers 1-3 cm across, clustered or in racemes, rarely axilllary; fruits not ribbed"	3
3	"Petals 12-20 mm long; gynophore at least 25 mm long"	"Capparis tomentosa"
3	"Petals shorter than 10 mm; gynophore up to 15 mm long"	4
4	"Leaves and young twigs glabrous or minutely appressed pubescent; sepals glabrous outside, 4-8 mm long"	"Capparis sepiaria"
4	"Leaves and young leaves desnsely pubescent; sepals hairy outside; about 3-4 mm long"	"Capparis fascicularis"
