from	statement	to
1	"Corollas yellow; anthers dehiscing longitudinally, with a beaked tip; seeds enclosed in mucilage"	"Solanum sect. Lycopersicon:Solanum lycopersicum"
1	"Corollas usually blue or violate; anthes dehiscing by terminal pores, these often becoming longitudinal slits, tips not beaked; seeds not enclosed in mucilage"	2
2	"Hairs simple, sometimes glandular; plants unarmed; anthers mostly stout, rarely tapering, opening by subapical introrse subapical pores that become longitudinal slits; plants mostly weedy annuals"	3
2	"Hairs mostly stellate; plants usually armed with prickles and sometimes also with bristles; anthers usually lanceiolate, tapering to the tips, opening by small terminal pores which only rarey become introrse slits; plants mostly perennials in natral or disturbed vegetation"	4
3	"Leaves simple, sinuate or shallowly lobed; plants annuals, without underround tubers"	"Solanum sect. Solanum"
3	"Leaves odd-pinnate; plants perennial, with underground tubers"	"Solanum sect. Petota:Solanum tubrosum"
4	"Flowers bisexual; fruits red or orange, juicy when ripe, with a thin wall; seeds pale brown"	5
4	"Flowers bisexual or andromonoecious; fruts usually yellow, vermilion, or brown, rarely dark purple, with a thick or tough wall, fleshy or dry when ripe; seeds pale brown, dark brown, or black"	8
5	"Flowers with one anther much longer than the others and an incurved tip"	"Solanum sect. Anisantherum:Solanum somalense"
5	"Flowers with anthers all equal or almost so"	6
6	"Leaves entire or almost so, 7-30 cm long; inflorescencees umbel-like or corymbose, with many flowers"	"Solanum sect. Torva"
6	"Leaves entire or deeply lobed, usually less than 10 cm long; flowers solitary, paired or few together and an usually with a single rachies"	7
7	"Plants unarmed shrubs, sometimes drought-deciduous; flowers solitary or paired and terminal"	"Solanum sect. Somalanum"
7	"Plants usually armed shrubs, not drought-deciduous; inflorescences few-flowerd"	"Solanum sect. Oliganthes"
8	"Plants spreading shrubs or herbs; stamens unequal, anthers subequal"	"Solanum sect. Monodolichopus"
8	"Plants usually erect shrubs; stamens all equal"	9
9	"Berries sometimes with tough but not thickened walls, usually less than 1.5 cm in diameter"	"Solanum sect. Torva"
9	"Berries usually with thickened and horny walls, sometimes (in cultivated species) fleshy, 1-6 cm in diameter (or more in cultivated plants)"	10
10	"Plants medium to large spreading shrubs with large recurved prickles oon stem and smaller, straight prickles on leaves; berries in"	"Solanum sect. Ischyracanthum"
10	"Plants herbs or small erect shrubs, usually with either straight or recuved prickles, rarely with both types onf the same plant; berries fleshy and mucilaginous at maturity but sometimes with tough or leathery wall"	"Solanum sect. Melongena"
