from	statement	to
1	"Seeds smooth, pale; leaflets linear-oblong, lateral veins almost at right-angles to the midribs; pods sparsely pubescent with spreading hairs"	"Teramnus labialis var. somalensis"
1	"Seeds rough, dark brown; leaflets oblong to obovate, lateral veins at a smaller angle to the miribs; pods with appressed or spreading hairs"	2
2	"Pods 2.5-3 mm wide, usually with spreading hairs; leaflets more or less obtuse"	"Teramnus repens subsp. gracilis"
2	"Pods about 3.5 mm wide, with appressed hairs; leaflets more or less acute"	"Teramnus labialis subsp. arabicus"
