from	statement	to
1	"Leaves with a conspicuous projecting gland on the rachis between 1 or more pairts of leaflets (particularly the lower ones) or near the base of the petiole; pods terete or somewhat compressed"	2
1	"Leaves without large, specialized glands (minute reddish clustered glandular bodies may occur at leaflet insertions; pods flat"	6
2	"Gland near base of petiole"	3
2	"Glands on rachis at insertion of leaflets"	4
3	"Leaflets usually in 4-5 pairs; bracts acute; petiole gland ovoid to globose; peduncles 3-5 mm long"	"Senna occidentalis"
3	"Leaflets in 4-10 pairs; bracts more or less obtuse; gland clavate or cylindrical; peduncles 8-25 mm long"	"Senna sophera"
4	"Leaflets 4-6 pairs; racemes corymbose, usually with many flowers; pedicels 1-5 cm long"	"Senna baccarinii"
4	"Leaflets (2-)3 pairs; flowers either 1-2 on short axillary peduncles or in longer racemes with more flowers but pedicels only 0.3-0.5 cm long"	5
5	"Flowers in elongate racemes; pods cylindrical, (5-)8-15 cm long and 1-1.5 cm wide; seeds transversely arranged"	"Senna bicapsularis"
5	"Flowers 1-2 on very short peduncles; pods linear, (6-)13-23 cm long and 0.4-0.6(0.7) cm wide; seeds longitudinally arranged"	"Senna obtusifolia"
6	"Racemes mostly aggregated into terminal panicles; pedicels 2-3.5 cm long; pods 15-30 cm long; seeds smooth"	"Senna siamea"
6	"Racemes mostly axillary; pedicels less that 1 cm long; pods up to 7.5 cm log; seeds reticulate or rugose"	7
7	"Pods with a ridge of longitudinal crests along the middle of each valve"	8
7	"Pods not ridged on along the middle of the valves"	9
8	"Branches and leaves with short, spreading hairs; pods straight"	"Senna truncata"
8	"Branches and leaves with short, appressed hairs; pods curved"	"Senna italica"
9	"Leaflets with emarginate or retuse at the tips, not mucronate, broadly elliptic to suborbicular, 1.8-6 cm wide"	"Senna ruspolii"
9	"Leaflets with rounded to acute tips, often mucronate, variously shaped, 0.25-1.6(-2.2) cm wide"	10
10	"Branches glabrous; leaflets glabrous except sometimes with ciliate margins"	"Senna ellisiae"
10	"Branches and leaflet surfaces at least somewhat pubescent"	11
11	"Pods, excluding the stipe, 4-5 times as long as wide, straight or nearly so"	12
11	"Pods, excluding the stipe, 2-3 times as long as wide, often curved"	13
12	"Plants erect, shrubby; leaflets rounded or subacute at the tip"	"Senna longiracemosa"
12	"Plants prostrate; leaflets acute to subacuminate"	"Senna humifusa"
13	"Hairs dense and spreading on branches, leaf axes, pedicels, etc.; petals 4-8 mm long"	"Senna holosericea"
13	"Hairs appressed, at least on the pedicels, usually also elsewhere, sometimes sparse; petals 7-17 mm long"	14
14	"Pods 1.2-1.6(-2) cm wide, subglabrous; leaflets ovate-elliptic, most of them more than 1 cm wide"	"Senna hookeriana"
14	"Pods 1.6-2.6 cm wide, sparsely to densely pubescent; leaflets lanceolate to elliptic, rarely more than 1 cm wide"	"Senna alexandrina"
