from	statement	to	shortcut
1	"Tendrils present"	Helinus	
1	"Tendrils absent"	2	
2	"Leaves opposite or subopposite"	3	
2	"Leaves alternate"	4	
3	"Plants spiny; flowers subsessile"	Sageretia	"Sageretia thea"
3	"Plants not spiny; flowers pedicellate, pedicels 2-8 mm long"	Berchemia	"Berchemia discolor"
4	"Leaves pinnately veined; fruit with (2-)3(-4) stones; plants without stipular spines, sometimes with spine-tipped branchlets"	Rhamnus	"Rhamnus staddo"
4	"Leaves 3-5-veined from the base; fruit with 1 stone; plants usually with stipular spines at the nodes"	Ziziphus	
