from	statement	to
1	"Corollas 0.6-1.2 cm long"	"Merremia hederacea"
1	"Corollas at least 1.4 cm long"	2
2	"Petioles winged; leaf blades pinnately 3-8 lobed"	"Merremia ellenbeckii"
2	"Petioles not winged; leaf blades unlobed or palmately lobed"	3
3	"Sepals with 1-4 mm long, spreading hairs"	"Merremia gorinii"
3	"Sepals glabrous or with hairs up to 0.5 mm long"	4
4	"Sepals with tubercular-based hairs about 0.5 mm long"	"Merremia truncata"
4	"Sepals glabrous or with hairs up to 0.5 mm long"	"Merremia candei"
