from	statement	to
1	"Ovaries and fruits densely setose-pilose, hairs 6-9 mm long; flowers yellow"	"Kelleronia splendens"
1	"Ovaries and fruits sparsely pilose or pubescent, hairs much shorter than 6 mm; flowers red, orange, or golden yellow"	2
2	"Stems, leaves, and calyces pubescent with short, appressed hairs; flowers brick-red, orange or golden yellow"	"Kelleronia revoilii"
2	"Stems pilose with long, more or less spreading hairs; leaves densely pubescent with appressed hairs; calyces with spreading hairs; flowers bright red"	"Kelleronia gillettiae"
