from	statement	to
1	"Racemes zigzag; old pedicels spiny"	"Diceratella psilotrichoides"
1	"Racemes sriaght; pedicels not becoming spiny"	2
2	"Leaves grey tomentose, completely entire; silique valves without processes"	"Diceratella revoilii"
2	"Leaves more or less hairy but not tomentose, at least some slightly dentate; silique valves with or without processes"	3
3	"Silique valves with processes"	4
3	"Silique valves without processes"	6
4	"Valve processes wings"	"Diceratella alata"
4	"Valve processes apical horns"	5
5	"Valve horns over 4 mm long, reaching beyond the stigmas; petals less than 8 mm wide"	"Diceratella incana"
5	"Valve horns shortr than 4 mm, not reaching beyond the stigmas; petals more than 8 mm wide"	"Diceratella smithii"
6	"Silique valves keeled; petals clawed, wider than 8 mm"	"Diceratella elliptica"
6	"Silique valves not keeled; petals indistinctly clawed, narrower than 8 mm"	"Diceratella inermis"
