from	statement	to	shortcut
1	"Plants trees or shrubs; mature leaves digitately compound"	Cussonia	
1	"Plants herbaceous; mature leaves simple"	2	
2	"Leaves peltate"	Hydrocotyle	"Hydrocotyle verticillata"
2	"Leaves not peltate"	3	
3	"Stems glabrous or softly pubescent; leaves not 3-lobed; fruits not winged, unarmed"	Centella	"Centella asiatica"
3	"Stems scabrous and glochidiate; leaves shallowly 3-lobed; fruits with dentate wings, teeth with glochidiate hairs at the tip"	Bowlesia	"Bowelsia glandulosa"
