from	statement	to	shortcut
1	"Plants viviparous, hypocotyls growing from fruits while these are still attached to the tree; plants of mangrove vegetation"	2	
1	"Plants not viviparous, seeds germinating only after dispersal; plants of inland forests"	Cassipourea	
2	"Flowers up to 1 cm long; inflorescences cymose; calyx lobes 4-5(-6); hypocotyls thickest near the root tips"	3	
2	"Flowers more than 1.5 cm long; inflorescences solitary, axillary flowers; calyx lobes 15; hypocotyls more or less uniform in thickness or thickest at the middle"	Bruguiera	"Bruguiera gymnorrhiza"
3	"Leaves elliptic, with clearly marked pointed tips when young; calyx lobes (4(-5); hypcotyls not longitudinally ribbed"	Rhiophora	"Rhizophora mucronata"
3	"Leaves obovate, with emarginate or rounded tips; calyx lobes 5(-6); hypocotyls distinctly ridged"	Ceriops	"Ceriops gymnorrhiza"
