from	statement	to
1	"Keels with an upwardly directed marked and more or less conical pocket on left side"	2
1	"Keels without such a pocket"	4
2	"Stipules bilobed at the base; stigmas subcapitate"	"Vigna vexillata"
2	"Stipules peltate; styles with distinct slender beak extending beyond the stigma"	3
3	"Plants erect or climbing; leaflets entire or 2-3-lobed; pods 40-90 mm long, about 6 mm wide"	"Vigna radiata"
3	"Plants with trailing branches from a short, erect main stems; leaflets deeply dividedin to 3-5 narrow lobes"	"Vigna aconitifolia"
4	"Stipules with basal appendages that extend below the point of insertion"	5
4	"Stipules with a bifurcated or truncate bases"	6
5	"Inflorescences with few to several flowers"	"Vigna unguiculata"
5	"Inflorescences of solitary flowers"	"Vigna monantha"
6	"Keels shortly beaked; stipules cordate or almost bilobed at the base"	7
6	"Keels with long, strongly incurved beaks; stipules truncate at the base"	"Vigna adenantha"
7	"Leaflets ovate; young stems pilose with more or less spreading hairs"	"Vigna membranacea"
7	"Leaflets linear-lanceolate; young stems sparsely pubescent"	"Vigna somaliensis"
