from	statement	to
1	"Upper bracts with dentate, spinulose, or setose margins"	2
1	"Upper bracts with entire margins, often ciliate"	4
2	"Lower bracts deeply divided into rigid spines 1-4 cm long"	"Crossandra horrida"
2	"Lower bracts not deeply divided ir, if so, lacking spines 1 cm long or longer"	3
3	"Plants shrubs"	"Crossandra arenicola"
3	"Plants annual herbs"	"Crossandra stenostachya"
4	"Plants with branched axillary spones derived from sterile inflorescences"	"Crossandra praecox"
4	"Plants without axillary spines"	5
5	"Upper bracts ending in a long straight spine"	6
5	"Upper bracts ending in a short, recurved spine or with a mucronate to non-spiny tip"	7
6	"Peduncles 2-10.5 cm long; upper bracts 9-13 mm long; plants erect, shrubs, to 1.5 m tall"	"Crossandra baccarinii"
6	"Peduncles absent or up to o.5 cm long; upper bracts 13-20 mm long; plants procumbent to erect hercts herbs up to 0.4 m tall"	"Crossandra spinosa"
7	"Bracts ending in a short recurved spine"	"Crossandra mucronata"
7	"Bracts gradually narrowed to a straight tip"	8
8	"Corollas white, turning pink to purple when old"	"Crossandra johanninae"
8	"Corollas orange to red"	"Crossandra infunduliformis"
