from	statement	to
1	"Leaf blades entire with strongly revolute margins and lengths 3-6 times their widths"	"Otostegia ericoidea"
1	"Leaf blades dentate with flat margins and lengths 0.8-2 times widths"	2
2	"Corollas 23-27 mm long; calyx limbs 12-20 mm on the vertical diameter"	"Otostegia erlangeri"
2	"Corollas 13-20 mm long; calyx limbs 8-14 mm on the vertical diameter"	3
3	"Plants about 40 cm tall; verticillasters with 2 flowers; leaf blades obovate-spathulate"	"Otostegia migiurtiana"
3	"Plants 80-400 cm tall; verticillasters with 2-12 flowers; leaf blades variously shaped"	4
4	"Leaf blades with truncate to subtrancate bases and 3-9 teeth on the margins; petioles 4-13 mm long"	"Otostegia hildebrandtii"
4	"Leaf blades with cuneate bases and 2-4 teeth on the margins; petioles 1-6 mm long"	5
5	"Internodes less than 2 times as long as the leaves; calyces less than  2 times as long as the leaves"	"Otostegia modesta var. modesta"
5	"Internodes more than 2 times as long as the leaves; calyces about 2 times as long as the leaves"	"Otostegia modesta var. buranensis"
