from	statement	to
1	"Plants perennial; stems triangular bearing leaves with blades high up on the stem; involucral bracts many, green, leaflike"	"Schoenoplectus maritimus"
1	"Plants perennial or annual; all or almost all leaves bladeless; involucral bracts never long and leafy, often absent"	2
2	"Plants tall perennials; perianth segments plumose; inflorescence lax, umbel-like, with many spikelets"	"Schoenoplectus subulatus"
2	"Plants perennial or annual; perianth segments needlelike ot absent; inflorescences varying from lax and umbel-like to solitary or a dense head of few to many crowded spikelets"	3
3	"Inflorescences dense lateral clusters of few to many spikeles"	4
3	"Inflorescences umbel-like with at leass some spikelets stalkded"	8
4	"Thickest stems more than 2 mm thick, with distinct transverse septa"	"Scoenoplectus articulatus"
4	"Thickest stems 0.5-2 mm thick, withor without transverse septa"	5
5	"Glumes 2.5-3.5 mm long; nutlets wavy on the angles"	"Schoenoplectus roylei"
5	"Glumes 2.5-3.5 mm long; nutlets not wavy or wrinkled on the angles but prominently so between"	6
6	"Glumes, tinged with gold, with concave tips; involucral bracts with distinct tranverse septa"	"Schoenoplectus senegalensis"
6	"Glumes with or without a golden ting, not concave-tipped; involuvral bracts without transverse septa"	7
7	"Glumes in distinct rows; achenes 1-1.1 mm wide with very narrow and sharp transverse frills"	"Schoenoplectus junceus"
7	"Glumes not in distict rows; achenes tabout0.8 mm wide, with obtuse of sharp, wider transverse frills"	"Schoenoplectus lateriflorus"
8	"Plants perennial; stems 2-8 mm thick"	"Schoenoplectus corymbosus"
8	"Plants annual; stems 1.4-2 mm thick"	"Schoenoplectus lateriflorus"
