from	statement	to
1	"Lower surfaces of leaves with domatia in the axils of the midrib and primary veins"	"Olea paniculata"
1	"Lower surfaces of leaves without domatia in the axils of the midrib and primary veins"	2
2	"Leaf surfaces, particularly the lower surfaces covered with overlapping or contiguous peltate scales; inflorescences axillary; calyx tubes more or less membranous"	"Olea europaea"
2	"Leaf surfaces with scattered peltate scales, these often somewhat sunk in the surface; inflorescences terminal; calyces more or less coriaceous"	"Olea capensis"
