from	statement	to
1	"Leaves alternate at ends of branches, more than 6.5 cm long"	2
1	"Leaves clustered on short spur shoots, up to about 6.5 cm long"	3
2	"Leaves usually less than 15 cm long, not turning red; fruits flat, broadly winged"	"Terminalia brownii"
2	"Leaves usually more than 15 cm long, turning red with age; fruits somewhat compressed, with 2 ridges but not winged"	"Terminalia catappa"
3	"Fruits 5-8.5 cm long, 4.5-8.5 cm wide; leaves suborbicular; flowers appearing before the leaves; sepals red, reflexed"	"Terminalia orbicularis"
3	"Fruits smaller; leave more or less obovate; flowers appearing with the leaves; sepals white to cream, erect"	4
4	"Leaves up to 1 cm long; each lateral branch with at least 10 spur shoot"	"Terminalia parvula"
4	"Leaves larger; lateral branches with 1-3 spur shoots"	5
5	"Lateral branches ending in spines; fruits subcircular"	"Terminalia brevipes"
5	"Lateral branches not ending in spines, spines, if present, at the base of spur shoots; fruits elliptic oblong"	6
6	"Spines usually numerous, 1-3 together at the base of spur shoots; long shoots distinctly zigzag"	"Terminalia spinosa"
6	"Spines absent or few and irregularly scattered and long shoots more or less straight"	7
7	"Lower part of receptacles glabrous or nearly so; bark fissured; long shoots straight"	"Terminalia prunoides"
7	"Lower part of receptacles tomentose; bark smooth; long shoots somewhat zigzag"	8
8	"Leaves up to 5.5 cm long and 3.5 cm wide, their veins raised on the lower surface, impressed on the upper surface; petioles 5-20 mm long; inflorescences 3.5-11 cm long"	"Terminalia polycarpa"
8	"Leaves up to 3.5 cm long and 2.5 cm wide, veins not raised on the lower surface, raised on the upper surface; petioles 1-5 mm long; inflorescences 1-4(-5) cm long"	"Terminalia basilei"
