from	statement	to
1	"Plants erect shrubs; undersides of leaves often with sessile yellowish glands"	"Acalypha fruticosa"
1	"Plants erect annuals, often weedy; leaves and inflorescences without sessile glands"	2
2	"Bracts subtending pistillate flowers fimbriate with subulate teeth"	"Acalypha ciliata"
2	"Bracts subtending pistillate flowers crenate or dentate"	3
3	"Bracts subtending pistillate flowers 2-6 mm long; allomorphic flowers subsessile"	"Acalypha crenata"
3	"Bracts subtending pistillate flowers 5-14 mm long; allomorphic flowers pedicellate"	4
4	"Inflorescenes up to 9 cm long with many pistillate flower bracts; bracts never glandular; allomorphic flowers usually terminal with a pair of fimbriate whorls/tubes near the tip, pubescent"	"Acalypha indica"
4	"Inflorescenes up to 2.5 cm long with up to 3 pistillate flower bracts; bracts sometimes with a few, long, gland-tipped hairs; allomorphic flowers often at inflorescence base, with short, soft, pubescent spines/tubercles, not fimbriate"	"Acalypha segetalis"
