from	statement	to	shortcut
1	"Leaves simple"	2	
1	"Leaves compound"	3	
2	"Leaves pubescent, not sticky, truncate to subcordate at the base; petals present; fruit not winged"	Pappea	"Pappea capensis"
2	"Leaves glabrous, sticky, attenuate at the base; petals absent; fruit with 2-3 wings"	Dodonaea	"Dodonaea viscosa"
3	"Leaves with a terminal leaflet"	4	
3	"Leaves without a terminal leaflet"	7	
4	"Leaves with 3 leaflets; fruit a drupe"	Allophylus	"Allophyllus rubifolius"
4	"Leaves pinnate or bi-ternate; fruit a capsule"	5	
5	"Leaves biternate; fruit papery, inflated"	Cardiospermum	
5	"Leaves pinnate; fruit woody, not inflated"	6	
6	"Plants trees with inflorescences on old wood below current leaves"	Camptolepis	"Camptolepis ramiflora"
6	"Plants woody climbers with tendrils at the inflorescences among current leaves"	Paullinia	"Paullinia pinnata"
7	"Petals absent"	8	
7	"Petals present"	9	
8	"Leaves 10-15 cm long; stamens 8-10"	Lecaniodiscus	"Lecaniodiscus fraxinifolius"
8	"Leaves 2-10 cm long; stamens 5-6"	Haplocoelum	
9	"Leaves in a terminal rosette, (10-)20-30(-40) cm long; leaflets 6-16(-20) cm long; inflorescences 30-60 cm long, terminal or axillary panicles"	Deinbollia	"Deinbollia borbonica"
9	"Leaves along the branches, 3-15 cm long; leaflets 2-6(-8) cm long; inflorescences 5-15(-20) cm long, variously arranged but not in current leaf axils"	10	
10	"Inflorescences pseudoterminal; leaves never with a purple tinge"	Lepisanthes	"Lepisanthes senegalensis"
10	"Inflorescences on old wood below the leaves; leaves often with a purple tinge"	Camptolepis	
