from	statement	to
1	"Sepals not cordate at the base; nutlets cup-shaped, with inrolled margins"	"Trichodesma trichodesmoides"
1	"Sepals cordate at the base, particularly in fruit; nutlets flattened"	2
2	"Indumentum of young stems and leaves of spreading hairs; anthers forming a distinctly exserted, shortly hairy cone"	"Trichodesma hildebrandtii"
2	"Indumentum of young stems and leaves of short, closely appressed hairs; anthers more or less included in the corolla tubes and obsured with long hairs"	"Trichodesma marsabiticum"
