from	statement	to
1	"Pedicels 15-18mm long, recurved with nodding flowers"	"Orbea huernioides"
1	"Pedicels up to 10 mm long; flowers not nodding"	2
2	"Corollas campanulate; tubes 7-10 mm long"	"Orbea sacculata"
2	"Corollas rotate to shallowly campanulate, tubes much shorter than 7 mm"	3
3	"Corolla lobes linear, up to 20mm long, with strongly revolute margins"	"Orbea baldratii"
3	"Corolla lobes lanceolate to ovate, up to 11 mm long, with weakly revolute margins"	4
4	"Corollas rugulose inside; corolla tubes with a thickened ring about the mouth"	"Orbea sprengeri"
4	"Corollas smooth inside; corolla tubes without a thickened ring around the moith"	"Orbea gemugofana"
