from	statement	to
1	"Leaflets sessile or with petiolules up to about 2 mm long"	"Vitex schliebenii"
1	"At least the middle leaflets with petiolules more than 2 mm long"	2
2	"Inflorescences all axillary; indumentum on young stems, leaves, inflorescences, calyces, and corollas of more or less rusty hairs; fruits at least 14 mm in diamterer; fruiting calyces platelike, 14-15 mm wide"	"Vitex ferruginea"
2	"Inflorecences terminal, usually also with axillary inflorescences from the upper axisl; indumentum not as above; fruits 5-6 mm in diameter; fruiting calyces much narrower than 14 mm"	3
3	"Young stems with indumentum of whitishor greyish hairs; leaves tomenose beneath; leaflets often 5; petioles up to 3.3 cm long; corolla tubes 10-13 mm long"	"Vitex trifolia"
3	"Young stems with indumentum of yellow or pale brown hairs; leaves pubescent and glandularbeneath; leaflets 3; petioles up to 7 cm long; corolla tubes 2-2.5 mm long"	"Vitex strickeri"
