from	statement	to
1	"Calluses of fertile lemmas bearded with hairs 3-4 mm long"	"Enteropogon barbatus"
1	"Calluses of fertile lemmas pilose or bearded with hairs shorter than 2 mm"	2
2	"Sheaths loosely hairy on the margins, strongly keeled"	3
2	"Sheaths glabrous, at most lightly keeled"	4
3	"Awns of fertile lemmas 10-20 mm long"	"Enteropogon sechellensis"
3	"Awns of fertile lemmas 2.5-5 mm long"	"Enteropogon monostachys"
4	"Awns of fertile mmas 1-5 mm long"	"Enteropogon rupestris"
4	"Awns of fertile lemmas 10-18 mm long"	"Enteropogon macrostachyus"
