from	statement	to
1	"Plants with stems at least 1 m tall"	"Sansevieria powellii"
1	"Plants stemless or with stems about 25 cm tall"	2
2	"Leaves flat"	"Sansevieria forskaoliana"
2	"Leaves cylindrical or almost so"	3
3	"Leaves with a channel only near the base of the upper surface"	"Sanseverieria phillipsiae"
3	"At least some leaves with a channel running the whole length of the upper surface"	4
4	"Leaves up to 18 cm long, 2-3 together"	"Sansevieria ellensis"
4	"Leaves much longer, solitary or several together"	5
5	"Leaves thicker than wide, with a triangular channel on the upper surface; inflorecences much branched panicles"	"Sansevieria ehrenbergii"
5	"Leave wider than thick, with a concave channel on the upper surface; inflorescences spike-like"	6
6	"Leaves solitary, with 4-6 furrows on the sides and back"	"Sansevieria fischeri"
6	"Leaves several together, with 30-40 furrows on the sides and back"	"Sansevieria volkensii"
