from	statement	to
1	"Spikelets attached to very short branches of 2-4 fertile and 1-2 sterile spikelets, separated by distinct internodes, the branch axes prolonged beyond the distal spikelet; upper glumes 7-veined"	"Tragus racemosus"
1	"Spikelets in pairs, with prolonged branched axes; upper glumes 5- or 7-veined"	2
2	"Spikelets subequal, arising from the same level, without an internode between them; upper glumes 7-veined"	"Tragus heptaneuron"
2	"Spikelets unequal, separated by a distinct internode; upper glumes 5-veined"	"Tragus berteronianus"
