from	statement	to
1	"Nodes glabrous or pubescent"	2
1	"Nodes densely bearded"	4
2	"Rames  readily breaking up; plants wild"	"Sorghum arundinaceum"
2	"Rames not breaking up or doing so only assistance; plants cultivated or subspontaneous"	3
3	"Grains large, usually visible between the gaping glumes; sessile spikelets persistent; plants cultivated"	"Sorghum bicolor"
3	"Grains small, enclosed by the glumes; sessile spikelets persistent or tardily deciduous; plants cultivated or subspontaneous"	"Sorghum x drummondii"
4	"Sessile spikelets elliptic-oblong, 5-7 mm long; pedicellate spikelets 3-5 mm long"	"Sorghum versicolor"
4	"Sessile spikeles lanceolate, 7.5-10 mm long; pelicellate spikelets 6-10 mm long"	"Sorghum purpureo-sericeum"
