from	statement	to
1	"Cyathia in capitate cymes, each cyme with 10 or more cyathia and small bracts"	2
1	"Cyathia solitary or in congested, leafy cymes"	3
2	"Pubescence of short white hairs interspersed with long yellow hairs"	"Euphorbia hirta"
2	"Pubescence of short white hairs only"	"Euphorbia indica"
3	"Leaf margins toothed, at least around the tip"	4
3	"Leaf margins entire"	5
4	"Plants densely pilose; appendages of the involucral glands conspicuous; stipules about 0.5 mm long"	"Euphorbia scordifolia"
4	"Plants glabrous or pilose but not densely so; appendages of the involucral glands minute; stipules 1-1.5 mm long"	"Euphorbia inaeqilatera"
5	"Plants pubescent"	"Euphorbia granulata"
5	"Plants glabrous"	6
6	"Seed surfaces minutely granular"	"Euphorbia salsicola"
6	"Seed surfaces shallowly pitted"	"Euphorbia arabica"
