from	statement	to
1	"Leaves more or less erect, with glabrous margins, usually with intact tips;flowers 2-5, sessile, subtended by more or less erect involucral bracts until anthesis"	2
1	"Leaves prostrate or semiprostrate, with scabrous to distinctlu ciliate margins, only a few young leaves in the middle with intact tips; flowers (5-)6-10, subsessile or distinctly pedicellate, subtended by early withering and drooping bracts"	3
2	"Leaves erect, glaucous; perianth segments pure white or flushed with pink on the ouser surface near the top"	"Crinum abyssinicum"
2	"Leaves semi-erect, with drooping tips; perianth segments white with a sharply bordered wide, dark reddish band on both sides"	"Crinum ornatum"
3	"Leaves glaucous, spreading, with scabrous, undulate margins; perianth segments 2-3 cm wide; anthers grey to black"	"Crinum macowanii"
3	"Leaves light green, not glaucous, prostrate, with distinctly ciliate, not undulate, margins; perianth segments about 1.5 cm wide; anthers yellowish black-brown"	4
4	"Perianths with reddish tubes and strong reddish pigmentation elsewhere; fruits vivid orange to red; seeds smooth, greyish"	"Crinum stuhlmannii"
4	"Perianths with greenish tubes, white sometimes tinged with pink, elsewhere; fruits green fading to yellowl seeds pappillose, green, blackening when exposed to air"	"Crinum papillosum"
