from	statement	to
1	"Calyx lobes with hairs 3-4 mm long on inner surface"	"Cystostemon somaliensis"
1	"Calyx lobes with hairs much shorter than 3 mm"	2
2	"Most leaves well over 10 mm wide; anther appendages distinctly curved upwards"	"Cystostemon virescens"
2	"Most leaves up to about 8 mm wide; anther appendages straight or almost so"	3
3	"Anther appendages 4-5 mm long; short hairs on stems more or less spreading"	"Cystostemon heliocharis"
3	"Anther appendages about 2.5-3 mm long; short hairs on stems appressed and directed upwards"	"Cystostemon intricatus"
