from	statement	to
1	"Staminal tube exserted more than 1 cm beyond the corolla"	"Albizia petersiana"
1	"Staminal tube not or scarcely exserted beyond the corolla"	2
2	"Rhachises of leaves and pinnae mostly extending as short, rigid, deflexed hooks or claws; leaflets usually about 3 pairs per pinna"	"Albizia anthelmintica"
2	"Rhachises of leaves and pinnae not extended; leaflets usually more than 3 pairs per pinna"	3
3	"Leaves with 1 pair of pinnae, from spirally and rather closely arranged cushions"	"Albizia obbiadensis"
3	"Most leaves with at least 2 pairs of pinnae, not from spirally and closely arranged cushions"	4
4	"Leaflets 3-7.5 mm long, 0.75-1.2(-2) mm wide; pedicels up to 1.5 mm long; pods puberulous"	"Albizia  amara"
4	"Leaflets at least 14 mm long and 6 mm wide; peridicels at least 1.5 mm long; pods glabrous except at the base"	"Albizia  lebbeck"
