from	statement	to
1	"Inflorescences with opposite flowers, open or dense; calyx lobes over 4 m long; corolla tubes less than 1 mm long"	2
1	"Inclorescences with the flowers irregularly arranged along the rachis, dense; calyx lobes less than 3 mm long; corolla tubes more than 4 mm long"	3
2	"Pedicels 3-7 mm long"	"Teucrium clementiae"
2	"Pedicels 0.5-1.5 mm long"	"Teucrium eburneum"
3	"Calyces slightly inflated; inflorescenes becoming over twice as long as wide"	"Teucrium yemense"
3	"Calyces not inflated; inflorescences becoming up to twice as long as wide"	4
4	"Leaves with (4-)5-12 teeth on each side"	"Teucrium polioides"
4	"Leaves entire or with up to 3 teeth on each side"	"Teucrium somalense"
