from	statement	to
1	"Plants annual"	2
1	"Plants perennial"	3
2	"Involucres 8-16 mm tall; inner pappus 5.5-11 mm long"	"Centropalus pauciflorus"
2	"Involucres 3-6 mm long; inner pappus 3.3-4.5 mm long"	"Cynanthillium cinereus"
3	"Stems and leaves glabrous"	"Vernonia mogadoxensis"
3	"Stems and leaves with indumentum"	4
4	"Leaves pale-tomentellous to lanate on both surfaces"	5
4	"Leaves glabrous to pubescent but not tomentellose or lanate"	12
5	"Involucral bracts with tomentose or lanate tips"	6
5	"Involucral bracts evenly hairy or their bases more hairy than the tips"	7
6	"Involucral bracts with appendages wider than the base; leaves tomentellous"	"Vernonia bulo-burtiensis"
6	"Involucral bracts tapering to the tip; leaves lanate"	"Vernonia newbouldii"
7	"Capitula sessile or nearly so among more or less linear leaves"	"Vernonia cryptocephala"
7	"Capitula stalked or, if sessile, leaves twice as long as wide"	8
8	"Leaves with entire, often undulate, margins"	9
8	"Leaves dentate or lobed"	10
9	"Stems with T-shaped hairs"	"Vernonia aschersonii"
9	"Stems with simple hairs"	"Vernonia popeana"
10	"Leaves up to 6 cm long and 4 cm wide; achenes glabrous"	"Unnamed Thulin et al. 7622"
10	"Leaves up to 1.2 cm long and 0.6 mm wide; achenes hairy"	11
11	"Pappus straw-colored; outer pappus similar to inner; achenes not ribbed"	"Vernonia spathulata"
11	"Pappus pure white; outer pappus of narrow scales; achenes ribbed"	"Vernonia arabica"
12	"Leaves 2-7 mm wide; involucres 7-12 mm tall"	"Vernonia phillipsiae"
12	"Most leaves wider or, if some less than 7 mm wide, then involucres shorter than 6 mm"	13
13	"Outer involucral bracts recurves"	14
13	"All involucral bracts erect"	15
14	"Involucres 8-10 mm long"	"Vernonia uncinata"
14	"Involucres 5-8 mm long"	"Vernonia popeana"
15	"At least the upper leaves with obtuse or semi-amplexicaul bases; stem hairs simple"	16
15	"All leaf bases attenuate to cuneate; stem hairs T-shaped"	17
16	"Corolla lobes wih hair tuft; leaves with indistinct tertiary venation"	"Vernonia popeana"
16	"Corolla lobes glabrous; leaves with distinct tertiary venation"	"Vernonia hildebrandtii"
17	"Corolla lobes finely pubescent"	"Cyanthillium cinereus"
17	"Corolla lobes glabrous or with very few hairs (Orbivestus)"	18
18	"Leaves 3-8.5 cm long, 1-3.8 cm wide, margins obscurely to coarsely sinuate-dentate"	"Orbivestus homilanthus"
18	"Leaves 1-4 cm long, 0.3-1.8 cm wide, margins subentire or crenate-denticulate"	"Orbivestus cinerascens"
