from	statement	to
1	"Leaves simple, glabrous or with simple hairs"	2
1	"Leaves compound, if with 1 leaflet, with stellate hairs"	4
2	"Leaves hairy, more or less in whorls of 3; male flowers with 5 fertile stamens; fruits up to 11 mm in diameter"	"Ozoroa:Ozoroa insignis"
2	"Leaves glabrous, alternate, not whorled; male flowers with 1(-2) fertile stamens plus staminodes; fruit larger"	3
3	"Pedicels and receptacles swollen and fleshy in fruit (cashew apple); fruit not fleshy, kidney shaped, 2-3 cm long"	"Anacardium:Anacardium occidentale"
3	"Pedicels and receptacles not fleshy; fruit a large, fleshy drupe (mango)"	"Mangifera:Mangifera indica"
4	"Inflorescence and young leaves almost always with stellate hairs; flowers 4-merous"	Lannea
4	"Inflorescence and young leaves glabrous or with simple hairs; flowers 5-merous"	5
5	"Leaves with 3 leaflets"	Searsia
5	"Leaves with 5 or more leaflets"	6
6	"Flowers without sepals and petals, surrounded by an irregular whorl of tepal-like bracts and bracteoles"	Pistacia
6	"Flowers with sepals and petals"	7
7	"Leaflets up to 8 mm wide; inflorescences produced on leafy branches; fruits globose, reddish"	"Schinus:Schinus molle"
7	"Leaflets much wider; inflorescences produced below the leaves on older branches; fruits ellipsoid, yellow"	"Sorindeia:Sorindeia madagascariensis"
