from	statement	to
1	"Corollas falling off after fertilization; ovaries more or less straight"	2
1	"Corollas persistent around the fruits; ovaries becoming strongly curved"	3
2	"Ovaries and pods with numerous, swollen-based hairs, many more than 3 mm long"	"Ormocarpum trichocarpum"
2	"Ovaries and pod glabrous, with normal hairs, or with much shorter swollen-based hairs"	"Ormocarpum sp-Balladelli 266"
3	"Corollas yellowish; banner petals conspicuously net-veined, glabrous; leaflets up to 7(-10) mm long, their margins not revolute"	"Ormocarpum muricatum"
3	"Corollas pinkish or purple; banner petals rather obscurely veined, margins ciliate at least when young; leaflets usually 7-15 mm long, with revolute margins"	"Ormocarpum kirkii"
