from	statement	to
1	"Flowers up to 4 mm long, white; stems with 3 or more orders of divaricate branching"	"Campylanthus parviflorus"
1	"Flowers at least 6 mm long; stems not divaricately branched or with only 2 orders of divaricate branchings"	2
2	"Plants with glandular hairs"	"Campylanthus somaliensis"
2	"Plants glabrous or with non-glandular hairs"	3
3	"Plants glabrous or with unbranched hairs only"	4
3	"Plants with parallel-branched hairs"	5
4	"Corollas glabrous outside; plants glabrous to sparsely pilose elsewhere"	"Campylanthus junceus"
4	"Corollas and plants shortly sericeous, silvery grey"	"Campylanthus spinosus"
5	"Branched hairs with 1 arm considerably shorter than the other"	"Campylanthus anisotrichus"
5	"Branched hairs with arms of equal length"	6
6	"Corollas pink to pale lilac or pinkish blue, 9-14 mm long; corolla lobes 3.2-6 mm long, 2.2-5.5 mm wide; calyx lobes 2.5-4.5 mm long, 0.7-1.5 mm wide"	"Campylanthus incanus"
6	"Corollas pale pink to almost white, 7-9 mm long; corolla lobes 1.8-3 mm long, 1-1.6 mm wide; calyx lobes about 2 mm long and 1 mm wide"	"Campylanthus reconditus"
