from	statement	to
1	"Corolla lobes with subulate tips; anther tips 2-fid"	"Heliotropium zeylancium"
1	"Corolla lobes with obtuse to acute tips; anther tips not 2-fid"	2
2	"Stigmatic heads about 3-5 mm long, deeply 2-fid and usually exserted from the corolla tubes"	"Heliotropium ophioglossum"
2	"Stigmatic heads shorter, entire or shortly 2-fid, included within the corolla tubes"	3
3	"Inflorescence axes rigid, becoming somewhat spinescent; cymes with 1-4 flowers; leaves up to 8(-15) mm long and 5(-13) mm wide"	"Heliotropium subspinosum"
3	"Inflorescence axes neither rigid nor spinescent; cymes usually with more than 4 flowers; leaves ofter larger"	4
4	"Inflorescences with scattered leaf-like bracts, sometimes very dense, bracts then difficult to separate from leaves and calyx lobes"	5
4	"Inflorescences without bracts"	10
5	"Stigmatic head shortly conical; plants usually herbaceous, older stems usually without a pelling epidermis"	6
5	"Stigmatic head more or less captiate, at most with a low projection in the middle only; plants more or less woody, older stems with white, pelling epidermes, brownish underneath"	7
6	"Plants usually spreading to erect; corolla tube 2-3 mm long; nutlets pubescent, the hairs at least 0.2 mm long"	"Heliotropium strigosum"
6	"Plants completely flat on the ground; corolla tubes 1-1.5 mm long; nutlets with minute hairs"	"Heliotropium applanatum"
7	"Styles 0.5-1 mm long"	8
7	"Styles not developed or up to 0.2 mm long"	9
8	"Flowers in open cymes"	"Heliotropium rariflorum"
8	"Flowers in very dense, headlike cymes"	"Heliotropium personatum"
9	"Flowers in very open ceyms; nutlets with short appressed hairs"	"heliotropium laxum"
9	"Flowers in more or less dense cymes; nultlets with more or less long, spreading hairs"	"Heliotropium sessilistigma"
10	"Styles obsolete so stigmatic head essentially sessile; nutlets densely pubescent"	"Heliotropium ovalifolium"
10	"Styles about 0.5 mm long; nutlets glabrous"	11
11	"Calyces shortly lobed; plants annual herbs with prostrate stems"	"Heliotropium supinum"
11	"Calyces lobed almost to the base;plants herbs, subshrubs, or shrubs"	12
12	"Plant indumentum of closely appressed medifixed hairs"	"Heliotropium longiflorum"
12	"Plant indumentum usually of more or less spreading hairs, rarely of basifixed appressed hairs"	13
13	"Nutlets 4"	14
13	"Nutlets 2"	15
14	"Plants more or les softly and densely velvety with mosre or less spreading hairs; leaves with distinct petioles and entire margins"	"Heliotropium aegyptiacum"
14	"Plants hispid with more or appressed, tuberculate-based hairs; leaves sessile or almost so with crenulate-undulate margins"	"Heliotropium bacciferum"
15	"Nutlets narrowly t broadly winged"	"Heliotropium pterocarpum"
15	"Nutlets not winged"	16
16	"Plants usually subshrubs or shrublets; cymes usually 2-branched; nutlets not or slightly 2-lobed, smooth to rugose"	"Heliotropium steudneri"
16	"Plants annual herbs; symes simple; nutlets shortly h2horned, papillate (view with hand lens)"	"Heliotropium benadirense"
