from	statement	to
1	"Young parts and lower surfaces of leaves with short-rayed, stellate hairs, the middle ray without a terminal gland; calyces usually shorter than 3.5 mm; plants shrubs with robust ultimate branches 2-5 mm thick"	"Solanum jubae"
1	"Young parts and leaves with long-rayed stellate hairs, the miidle ray usually with a terminal gland; calyces usually about 5 mm long or longer; plants shrubs or climbers with slender ultimate branches 1-2(-2.5 mm thick"	2
2	"The middle ray of the stellate hairs consideraly longer than the lateral rays, up to 1-2 mm long; upper side of leaves more or less densely hairy, soft to touch; corollas 2-4 cm across"	"Solanum benadirense"
2	"The middle ray of the stellate hairs not longer than the lateral rays; upper surface of leaves glabrescent or with scatterd hairs, rough to touch; corollas 3-5(-6) cm across"	"Solanum pampaninii"
