from	statement	to
1	"Hairs on inner surfaces of calyx lobes 3-4 mm long"	"Cystostemon somalensis"
1	"Hairs on inner surfaces of calyx-lobes much shorter"	2
2	"Most leaves well over 10 mm wide; anther appendates distinctly curved upwards"	"Cystostemon virescens"
2	"Leaves up to 8 mm wide; anther appendages straight or almost so"	3
3	"Anther appendages 4-5 mm long; short hairs on stems more or less spreading"	"Cystostemon heliocharis"
3	"Anther appendages about 2.5-3 mm long; short hairs on stems appressed and directed upwards"	"Cystostemon intricatus"
