from	statement	to
1	"Leaves with toothed margins; bracts ovate, up to 5 cm long and 5 cm wide with (1-)3 female flowers; female sepal lobes gland-tipped"	"Dalechampia parvifolia"
1	"Leaves with entire margins; bracts lanceolate, up to 2.3 cm long and 1 cm wide with 1 female flower"	2
2	"Tips of leaf lobes rounded; female sepal lobes gland-tipped"	"Dalechampia pavoniifolia"
2	"Tips of leaf lobes acute; female sepal lobes not gland-tipped (Dalechampia trifoliata)"	3
3	"Leaves 3-lobed, lobes entire; involucral bracts entire to very shallowly 3-toothed"	"Dalechampia trifoliata var. trifoliata"
3	"Most leaves 5-lobed, lobes toothed; both involucral bracts deeply 3-fid"	"Dalechampia trifoliata var. trifida"
