from	statement	to
1	"Plants scandent or climbing shrubs up to 2 m tall"	"Solanum hastifolium"
1	"Plants shrubs or subshrubs, less than 2 m tall"	2
2	"Leaves linear to linear-oblong, sometimes with linear lobes, upper surfaces nearly glabrous"	"Solanum glabratum"
2	"Leaveas ovate to obovate or suborbicula to reniform, upper surfaces usually with scattered stellate hairs to densely tomentose"	3
3	"Young stems with appressed white tomentum"	"Solanum forskaolii"
3	"Young stems with spreading hairs, stellae hairs, or glabrous"	4
4	"Leaves lanceolate to ovate"	"Solanum hastifolium"
4	"Leaves suborbicuar to reniform, rarely some leaves broadly lanceolate"	5
5	"Young stems, leaves, and inflorescences with stellate hairs, sometimes glabrescent"	"Solanum cordatum"
5	"Young stems, leaves, and inflorescences with scattered stellate hairs and long, straight spreading hairs"	"Solanum cymbalariifolium"
