from	statement	to
1	"Branched spines not present below the inflorescences"	2
1	"Branched spines present below or surrounding the inflorescences"	3
2	"Bact 10-17(-20) mm wide, with conspicuous raised, more or less red-brown veins on a pale background; inflorescences often at stem bases"	"Neuracanthus pictus"
2	"Bracts 3-7 mm wide, not with red-brown veins on a pale background; inflorescences never at stem bases"	"Neuracanthus tephrophyllus"
3	"Calyces 5-11 mm wide in fruit, wider than and not concealed by the bracts"	4
3	"Calyces 1-6 mm wide in fruit, usually largely concealed by the bracts"	6
4	":eaves white tomentellous on both surfaces at maturiy; corollas about 20 mm long with 8-12 mm long tubes"	"Neuracanthus cladanthacanthus"
4	"Leaves glabrescent above at maturity; corollas 7-12 mm long with 1.5-3 mm long tubes"	5
5	"Corollas white. 7-8 mm long; stems little branched, erect"	"Neuracanthus matsabdianus"
5	"Corollas dark blue to mauve  or purple, 8-12 mm long; stems much branched, spreading"	"Neuracanthus polyacanthus"
6	"Fertile bracts with stiff, spreading hairs about 2 mm long; leaves 2-3 cm long, 1-1.5 cm wide, both surfaces sericeous"	"Neuracanthus argyrophyllus"
6	"Fertile bracts without siff, spreading hairs; leaves usually larger, usually not sericeous on both surfaces"	7
7	"Inflorescences almost spherical spiny heads, usually 1.5-3 cm in diameter; bracts without dark tips"	8
7	"Inflorescences oblong or, if almost spherical, bracts with dark tips and lanate bases"	9
8	"Leaves glabrescent above at maturity; calyces 11-15 mm long; corollas 13-14 mm long"	"Neuracanthus ovalifolius"
8	"Leaves persistently white-tomentellous on both surfaces; calyces 6-9 mm long; corollas about 9 mm long"	"Neuracanthus capitatus"
9	"Corollas about 13 mm long, thelimbs about 11 mm in diameter"	"Neuracanthus migiurtinus"
9	"Corollas 5-8 mm long, the limbs 3-6mm in diamter"	10
10	"Fertile bracts often with blackish purple pubescence on the apical portion, terminating in a 2-7 mm long outcurved spine"	"Neuracanthus robecchii"
10	"Fertile bracts with simiar indumentum throughout, terminating in straight spines about 3 mm long"	"Neuracanthus lindaui"
