from	statement	to
1	"Plants with a strongly swollen trunk and a few short  branches at the top"	2
1	"Plants without  trunk or the trunk only slightly swollen, stems usually trailing or climbing"	3
2	"Leaflets 1.5-8 cm long, 1-7.5 cm wide, with denticulate to coarsely dentate margins; pedicels without distinct glands, sometimes with minute pale glands"	"Cyphostemma betiforme"
2	"Leaflets 1-1.6 cm long, 0.6-1 cm wide, sparsely incised-dentate near the tips; pedicels often with distinct, dark glands"	"Cyphostemma sarcospathulum"
3	"Leaves pedately divided, the lateral leaflets divided"	"Cyphostemma adenocaule"
3	"Leaves digitately divided, lateral leaflets not themselves divided"	4
4	"Stems and leaves glabrous; inflorescene sometimes with glands"	5
4	"Stems and leaves hairy, hairs with or without glands"	7
5	"Older stems woody; leaflets about as long as wide, usually cordate at the base; pedicels glabrous"	"Cyphostemma cornu-africana"
5	"All stems herbaceous; leaflets much longer than wide, their bases attenuate, cuneate, or truncate; pedicels with stalked glands"	6
6	"Leaflets ovate to elliptic; stems trailing or climbing, up to 2m long; tendrils simple"	"Cyphostemma ternatum"
6	"Leaflets linear-lanceolate; stems ascending, up to 40 cm tall; tendrils bifid"	"Cyphostemma stefaninianum"
7	"Young stems with 2-2.5 mm long glandular hairs; leaflets linear-lanceolate, length at least 3 times width"	"Cyphostemma stefaninianum"
7	"Young stems with non-glandular hairs, sometimes also with glandular hairs up to 2 mm long; leaflets less than 3 times as long as wide"	8
8	"Leaflets incised-dentate only near the tip; upper leaves ssile, lower leaves shortly petiolate"	"Cyphostemma crithmifolium"
8	"Leaflets dentate, crenate, or serrate more or less all along the margins; all leaves distinctly petiolate"	"Cyphostemma digitatum"
