from	statement	to
1	"Outer coronas with 5 narrow, undivided lobes opposite the anthers, slightly shorter than the corolla tube and looking like lamellae on the insde of the tube; plants about 5 cm tall"	"Caralluma lamellosa"
1	"Outer coronas with more or less dvided lobes, alternating the the anthers; plants usually much talled than 5 cm"	2
2	"Flower clusters very densely spaced along persistently fleshy flowering portion of stem; corolla lobes erect but their tips neither connate nor connivent"	"Carallama furta"
2	"Flower clusters more widely spaces alond a more or less slender and ephemeral flowering stem; corolla lobes, spreading or pendent of, if erect, the tips connate or connivent"	3
3	"Corolla tubes broadly campanulate, longer than coronas"	4
3	"Corolla tubes very shallow, shorter than coronas"	5
4	"Stems with rounded angles, suckering; corollas 4-5 mm long"	"Caralluma edulis"
4	"Stems with acute angles, not suckering; corollas 10-12 mm long"	"Caralluma vaduliae"
5	"Stems with blunt tips from which 1-3 very slender flowering branches are produced; corolla lobes connate at the tips"	"Caralluma baradii"
5	"Stems gradually tapering into unbranched or branched flower bearng portion; corolla lobes sometimes connivent but not connate at the the tipsStems with runded"	6
6	"Stems with rounded angles"	7
6	"Stems with acute angles"	9
7	"Corolla lobes 25-35 mm long"	"Caralluma longiflora"
7	"Corolla lobes up to 12 mm long"	8
8	"Corolla lobes pendent,versatile; flowering portion of stems without constrictions"	"Caralluma dicapuae"
8	"Corolla lobes erect with incurved, connivent tips; flowering portion of stems with regular rather closely set constrictions"	"Caralluma moniliformis"
9	"Flwers in many flowered clusters; corollas yellow with greenish bands towars the centre"	"Caralluma congestiflora"
9	"Flower in 1-5-flowerd clusters; corollas purplish black with concentric pale yellow bands towards centre"	10
10	"Pedicels about 5 mm longcorollas rotate, with rigid lobes"	"Caralluma priogonium"
10	"Pedicels 10-15 mm long; corolla lobes initially spreading, then becoming pendent"	"Caralluma mogadoxensis"
