from	statement	to
1	"Inflorescences consisting entirely of axillary cymose clusters, no distinct, leafless terminal ""spikes"" present"	2
1	"Inflorescences with distinct, terminal leafless spikes or panicles"	4
2	"Tepals of female flowers with slender, divergent, usually colorless awns; bracts and bracteoles similarly long-awned"	"Amaranthus thunbergii"
2	"Tepals for female flowers obtuse of shortly mucronate; bracts and bracteoles mucronate or with a short, rigid awn"	3
3	"Flowers in globular heads; capsules very acute and rigidly stellately divergent; tepals of female flowers obtuse"	"Amaranthus sparganiocephalus"
3	"Flowers not in globular heads; capsules neither acutely beaked not stellately divergetn; tepals of female flowers mucronate to shortly aristate"	"Amaranthus graecizans"
4	"Male flowers confined to a short length at the end of each spike, rarely mixed with the female flowers; capsule lids strongly wrinkled, with swollen necks formed by the style bases"	"Amaranthus dubius"
4	"Male flowers mixed with female flowers; capsule lides not wrinkled, with short, snooth beaks, the styles bases not inflorated"	"Amaranthus hybridus"
