from	statement	to	shortcut
1	"Petals present"	2	
1	"Petals absent"	4	
2	"Petals and sepals spirally arranged; petals with a basal gland on their inner surface"	Rawsonia	"Rawsonia lucida"
2	"Petals and sepals arranged in whorls; petals without a gland on the inner surface"	3	
3	"Inflorescences of solitary flowers; petals at least 2 cm long; fruit smooth or almost so"	Oncoba	"Oncoba spinosa"
3	"Inflorescences wth several flowers; petals about 1 cm long"	Lindackeria	"Linbdackeria bukobensis"
4	"Stamens surrounded by a ring of disk-glands; fruits with pairs of 1-seeded stones, the members of pair one above the other"	Flacourtia	"Flacourtia indica"
4	"Stamens alternating with the disk-glands; fruits berries with 1 or 1 seeds"	Dovyalis	
