from	statement	to
1	"Corollas, including spur, (13-)15-28 mm long"	"Nanorrhinum heterophyllum"
1	"Corollas, including spur, 3-12.5 mm long"	2
2	"Spurs longer than the rest of the corollas"	"Nanorrhinum stenanthum"
2	"Spurs shorter  than to almost equal to the rest of the corollas"	3
3	"Plants perennial; upper leaves lanceolate, ovate, or deltate; corolla palates glabrous or sparsely pubescent"	"Nanorrhinum ramosissimum"
3	"Plants annual; upper leaves linear to lanceolate; corolla palates lanate"	"Nanorrhinum hastatum"
