from	statement	to
1	"Plants forming groupsof ariculately branching stems"	2
1	"Plants usually single-stemmed or sometimes with a few globose side-branches on the angles"	3
2	"Stems club-shaped, ovoid or subglobose, more or less dorsiventrally flattened; corollas uern-shaped, about 2.5 mm long"	"Pseudolithos caput-viperae"
2	"Stems elongat, 4-angled; corollas rotate, about 6 mm long"	"Pseudolithos dodsonianus"
3	"Corollas rotate-campanulate, tubes very short, glabrous"	"Pseudolithos horwoodii"
3	"Corollas campanulate, tubes distinct, lobes with hair-like papillae inside and oftern with versatile hairs near the tips"	4
4	"Stems usually distinctly 4-angled; corolla lobes 7-9 mm long"	"Pseudolithos cubiformis"
4	"Stems globose, becoing cylindrical with age; corolla lobes 1-3 mm long"	5
5	"Corolla lobes about 3 mm long; corolla tubes 3-4 mm long, pale green outside"	"Pseudolithos migiurtinus"
5	"Corolla lobes about1-1.5 mm long; corolla tubes about 1.4 mm long, ivory-white with numerous purple speckles inside"	"Pseudolithos harardheranus"
