from	statement	to
1	"Capsules circumscissile, the top part breaking away to form a distinct lid; leaves usually opposite or nearly so"	2
1	"Capsules loculicidal, spliting into segments, or fruits indehiscent"	4
2	"Capsule lids breaking into 2 valves; styles 2"	"Zaleya:Zaleya pentandra"
2	"Capsule lids not breaking up, often swollen"	3
3	"Styles 1; ovaries 1-celled; flowers solitary or several together"	Trianthema
3	"Styles 2-4(-5); ovaries 2-3(-4)-celled; flowers often solitary"	Sesuvium
4	"Fruits loculicidal capsules; plants pilose"	"Aizoon:Aizoon canariense"
4	"Fruits indehiscent, spiny, winged, or smooth; plants glabrous or papillose"	5
5	"Flowers solitary or paired; fruits free from each other"	Tetragonia
5	"Flowers in leaf-opposed pedunculate heads; fruits fused into sphericales mass with conspicuous conical spines"	"Tribulocarpus:Tribulocarpus dimorphanthus"
