from	statement	to
1	"Cyathia 2-4 mm in diameter, in subsessile clusters at branch tips"	2
1	"Cyathia 5-8 mm in diameter, solitary or in 2-8-branched umbels"	3
2	"Plants large shrubs or small trees; branches striated"	"Euphorbia tirucalli"
2	"Plants small shrubs, to 90 cm tall; branches smooth with a thick, waxy coating"	"Euphorbia bariensis"
3	"Leaf-scars with numerous small clustered gandes in the axils"	"Euphorbia cameronii"
3	"Leaf scars callosed but not glandular"	4
4	"Cyathial bracts conspicuous, yellow; involucral glands crescent-shaped"	"Euphorbia papilonum"
4	"Cyathial bracts small, green; involucral glands entire"	5
5	"Branches erect, compact, at least 1 cm thick"	"Euphorbia pachyclada"
5	"Branches spreading, sprawling, often subscandent, usually less than 1 cm thick"	6
6	"Branches more or less subparallel; callose leaf scars very prominent; capsules very obtusely 3-lobed, 1 cm in diameter"	"Euphorbia numbca"
6	"Branches widely spreading; callose leaf scars obvious but not very prominent; capsules distinctly 3-lobed, 5.5-7 mm in diameter"	7
7	"Umbels 2-5-branched; branches 3-6 mm long; cyathial bracts deciduous, about 3.5 mm long and 3 mm wide; capsules about 5.5 mm in diameter"	"Euphorbia consobrina"
7	"Umbles 4-8 branches; branches 8-25 mm long; cyathial bracts semipersistent, about 5 mm long and 6 mm wide; capsules about 5 mm long and 6 mm in diameter"	"Euphorbia gossypina"
