from	statement	to
1	"Leaf blades with 3(-5) leaflets or narrowly lanceolate or distinctly narrowly 3-lobed, entire or very coarsely and irregularly dentate with triangular teeth up to 5 mm long; leaf bases usually cuneate, rarely somewhat rounded"	2
1	"Leaf blades triangular-lanceolate to ovate, crenate to finely serrate; leaf bases usually deeply cordate, varying to truncate"	4
2	"Young stems sparsely hairy"	"Tragia plukenettii"
2	"Young stems densely white-pubescent to sub-tomentose"	3
3	"Leaves subentire to shallowly 3-lobed"	"Tr. Sp Gillett & Hemming 24732"
3	"Leaves with  3(-5) leaflets or pedately divided"	"Tragia rhoicifolia"
4	"Leaf tips long-acuminate; leaf margins finely serrate with triangular-acuminate teeth"	"Tragia cinerea"
4	"Leaf-tips acute to rounded; leaf margins coarsely crenate to crenate-serrate, with more or less rounded, cuspidate teeth"	5
5	"Leaf blades up to 3.5-5.5 cm long,their lengths up to 1.6 times their widths; stems always twining"	"Tragia mixta"
5	"Leaf blades up to 2.3-3.5(-4) cm long, their lengths more than 1.7 times their widths; stems often not twining"	"Tragia pungens"
