from	statement	to
1	"Corollas upt to 4.5 mm in diamter when fully open"	"Solanum americanum"
1	"Corollas more than 5 mm in diameter when fully open"	2
2	"Ripe fruits red, orange, or yello"	"Solanum villosum"
2	"Ripe fruits purple to black or turning black when dry"	3
3	"Stems appressed puberulent or pilose; calyces mainly consisting of narrowly triangular sepals"	"Solanum sinaicum"
3	"Stems villlous with spreading hairs; fruiting calyces enlarged, star-shaped, with markedly short, funnel-shaped tubes and broad, star-like caly lobes appressed to the fruits"	"Solanum memphiticum"
