from	statement	to
1	"Keel beaks spirally incurved through almost 2 turns; pods pubescent"	"Wajira albescens"
1	"Keel beaks incurved through a full cirlcel or nearly so; pods glabrous"	2
2	"Inflorescences with about 30 flowers, up to 15 cm long (including the peduncle); keel beaks incurved through a full circle; some style hairs branched"	"Wajira virescens"
2	"Inflorescences with about 10 flowers, 15-28 cm long (including peduncle); keel beaks incurved almost a full circle; all style hairs unbranched"	"Wajira danissana"
