from	statement	to
1	"Areoles 9-16 per diagonal row; spines absent; glochids yellow to golden, nearly filling the areoles"	"Opuntia microdasys"
1	"Areoles 3-5 per diagonal row; spines usually present in at least some areoles; glochids brownish, not filling the areoles"	2
2	"Stem segments bright green when young; areoles on stem segments with 1-2(-3) spines, up to 11 on trunk; glochids 2-3 mm long, brownish"	"Opuntia monacantha"
2	"Stem segments dull, bluish green when young; areoles with 0-11 spines; glochids to 4 mm long, initally yellow but aging brown (Opuntia stricta)"	3
3	"Plants 1.5-5 m tall; fruits reddish"	"Opuntia ficus-indica"
3	"Plants 0.5-1 m tall; fruits reddish-purple"	4
4	"Most areoles with spines"	"Opuntia stricta var. dillenii"
4	"Most areoles without spines"	"Opuntia stricta var. stricta"
