from	statement	to	shortcut
1	"Stipules present, free,scarious"	2	
1	"Stipules absent but leaves sometimes joined at the base into a short sheath"	10	
2	"Fruits 1-seeded utricles, often dispersed with the flowers or inflorescences"	3	
2	"Fruits 3-many-seeded capsules"	9	
3	"Flowers in subsessile axillary or subapical clusters; awns, if present concealed by large bracts"	4	
3	"Flowers in pedunculate, prominently spiny or bristly heads"	7	
4	"Plants shrublets with woody bases; stems to 45 cm long or more; leaves (5-)10-32 mm long; mature infructescences with swollen axes, forming translucent red fleshy closters"	Pollichia	"Pollichia campestris"
4	"Plants creeping herbs or shrublets less than 5 cm tall; leaves 3-5(-11) mm long; infructescences never fleshy"	5	
5	"Leaves fusiform, round in cross section, with mucronate tips"	Lochia	"Lochia parvibracta"
5	"Leaves fleshy but not rond in cross-section, with acute to acuminate tips"	6	
6	"Stipules short and inconspicuous; flowers in small lateral clusters; bracts very short"	Herniaria	"Herniaria bicolor"
6	"Stipules over 3/4 as long as the leaves, narrowly lanceolate, scarious, white; bracts longer than the flower clusters, silvery white"	Paronychia	"Paronychia somaliensis"
7	"Inflorescences of 3 flowers, surrounded by pinately branched appendages in fruit"	Cometes	"Cometes abyssinica"
7	"Inflorescences with 4 or more flowers, without appendages"	8	
8	"Plants woody-based shrublets; inflorescences clusters of cymes with overlapping, scarious bracts"	Sphaerocoma	"Sphaerocoma hookeri"
8	"Plants short-lived herbs; inflorescences globose clusters of partially fused flowers with radiating, fleshy, spine-tipped bracts"	Sclerocephalus	"Sclerocephalus arabicus"
9	"Indumentum, when present, glandular and sticky; at least some pedicels 8-10 mm long, much longer than the bracts; seeds over 1 mm in diameter"	Spergula	"Spergula fallax"
9	"Indumentum not glandulare; pedicels up to 4 mm long, often conceals by scarious bracts; seeds up to 0.5 mm long"	Polycarpaea	
10	"Sepals free"	11	
10	"Sepals united into a distinct calyx tube"	12	
11	"Plants long-lived perennials with woody bases; leaves needle-like to linear-lanceolate"	Minuartia	
11	"Plants short-lived herbs; leaves more or less ovate"	Arenaria	"Arenaria leptoclados"
12	"Flowers numerous is opne panicles; calyces about 4.5 mm long, tubes shorter than the lobes"	Gypsophila	"Gypsophila montana subsp. somalensis"
12	"Flowers few in narrow, little-branched inflorescences; calyces 6-12 mm long, tubes much longer than the lobes"	Silene	
