from	statement	to
1	"Leaf blades deeply palmately 9-12-lobed"	"Jatropha mutifida"
1	"Leaf blades entire or 3-7-lobed"	2
2	"Petals 14-19 mm long"	"Jatropha dichtar"
2	"Petals less than 7 mm long"	3
3	"Leaf blades at least 5 times longer than wide"	"Jatropha obbiadensis"
3	"Leaf blades up to 3 times longer than wide"	4
4	"Leaf blades sessile to subsessile or their bases narrowing to petioles up to 3(-4) mm long"	5
4	"Leaf blades distinctly petiolate, most leaves with petioles 4 mm long or longer"	11
5	"Stipules becoming spiny, most of them at leat 8 mm long"	6
5	"Stipules not becoming spiny or the spines less than 7 mm long"	7
6	"Stipular spines 8-15 mm long; bracts glandular, denticulate or fimbriate"	"Jatropha inaequispina"
6	"Stipular spines 15-32 mm long; bracts entire or almost so"	"Jatropha spinosissima"
7	"Stipules becoming spiny, up to 7 mm long"	8
7	"Stipules not becoming spiny or the spines usually no more than 1.5 mm long, occasionally up to 2.5 mm long"	9
8	"Plants prostrate shrublets; stems and inflorescences glabrous"	"Jatropha humifusa"
8	"Plants erect shrubs; stems and inflorescences pubescent"	"Jatropha rivae"
9	"Leaf blades deeply 3-fid"	"Jatropha asplenifolia"
9	"Leaf blades entire or shallowly lobed"	10
10	"Leaf blades oblanceolate, more than twice as long as wide; plants shrublets, with stems up to 40 cm tall, long, slender, and ascending"	"Jatropha tenuicaulis"
10	"Leaf blades obovate to obtriangular, not much longer than wide; plants shrubs with stems to 150 cm tall, robust"	"Jatropha robecchii"
11	"Petals distinctly unitedbelow; stipules branched"	12
11	"Petals free or united only at the very base; stipules branched or unbranched"	14
12	"Leaf blades deeply palmately 3-5-lobed"	"Jatropha paradoxa"
12	"Leaf blades entire to shallowly 3-lobed"	13
13	"Young stems, leaves, and inflorescences villous; stipules 1.5-3 cm long, 2-3-times parted; ovaries pubescent"	"Jatropha crinita"
13	"Young stems, leaves, and inflorescences more or less sparsely pubescent; stipules 1-1.5 cm long, 1-2-times parted; ovaries glabrous"	"Jatropha hypogyna"
14	"Stipules spiny"	15
14	"Stipules not spiny"	20
15	"At least some stipular spines branched"	"Jatropha ellenbeckii"
15	"Stipular spines unbranched"	16
16	"Petioles 4.5-12 cm long; fruits about 3 cm long, winged; female flowers with apparently functional stamens"	"Jatropha tropaeolifolia"
16	"Petioles up to 4 cm long; fruits much smaller, not winged; female flowers lacking both stamens and staminodes"	17
17	"Inflorescences with female flowers terminating major axes and male flowers on lateral branches"	"Jatropha spinosa"
17	"Inflorescences all male or with a single, basal female flower"	18
18	"Leaf blades narrowing towards the base; stipular spines 2-7 mm long"	"Jatropha humifusa"
18	"Leaf blades cordate to truncate at the base; stipular spines 6-30 mm long"	19
19	"Young stems whitish to pale brown; styles about 3 mm long, united for about 2 mm when young"	"Jatropha nogalensis"
19	"Young stems purplish brown; styles about 1.5 mm long, united only at the very base"	"Jatropha collina"
20	"Stipules reduced to dense clusters of glands up to 2 mm long"	"Jatropha pelargoniifolia"
20	"Stipules varied, not as above"	21
21	"Leaf blades subentire to shallowly lobed"	22
21	"Leaf blades deeply 3-5(-7) lobed"	23
22	"Leaves pubescent; stipules up to 1 cm long with filiform, gland-tipped segments; plants shrublets to subshrubs up to 50 cm tall"	"Jatropha variabilis"
22	"Leaves glabrous; stipules minute, subulate, soon lost; plants shrubs or small trees"	"Jatropha curcas"
23	"Stipules simple, 2-4 mm long, becoming hardened; fruits about 3 cm long, winged; female flowers with apparently functional stamens"	"Jatropha tropaeolifolia"
23	"Stipules branched, with longer filiform segments, not becoming hardened; fruits up to 1.6 cm long, not winged; female flowers lacking both stamens and staminodes"	24
24	"Margins of bracts and female sepals entire or sparsely glandular denticulate; plants entirely glabrous"	"Jatropha spicata"
24	"Margins of bracts and female sepals with long-stalked glands; plants often more or less densely hairy"	25
25	"Leaf blades cordate at the base, coarsely and regularly dentate to denticulate or subentire"	"Jatropha stuhlmanii"
25	"Leaf blades cuneate to more or less truncate at the base, coarsely and more or less irregularly dentate-serrate"	"Jatropha glauca"
