from	statement	to
1	"Stems, leaves, and calyces with short spreading glandular hairs mixed with longer eglandular hairs; styles with short, spreading hairs along most of their length"	"Chascanum glandulosum"
1	"Stems, leaves, and calyces without glandular hairs; styles glabrous"	2
2	"Corolla tubes 25-35 mm long; nutlets more or less distinctly winged apically"	3
2	"Corolla tubes less than 25 mm long or, if about 25 mm lon, nutlets not winged apically"	4
3	"Inflorescences axes not grooved; mericarps about 1 mm wide, raised on the backs"	"Chascanum moldenkei"
3	"Inflrescence axes conspicuously grooved; mericaprs about 1.5 mm wide, flattened"	"Chascanum sulcatum"
4	"Leaves linear 1-2 mm wide"	"Chascanum rariflorum"
4	"Leaves much more than 2 mm wide"	5
5	"Nutlets 7-8.5 mm long, about 2 mm wde, with distinct apical wings"	"Chascanum laetum"
5	"Nutlets up to 6.5 mm long and 1 mm wide, not winged"	6
6	"Corollas white; corolla tubes 15-25 mm long"	7
6	"Corollas yellowish; corolla tubes 12-16 mm long"	8
7	"Leaves distinctly petiolate; plants with indumentum of hairs much longer than 0.1 mm"	"Chascanum hildebrandtii"
7	"Leaves with cuneate or attenuate bases but without distinct petioles; plants with indumentum of up to about 0.1 mm long hairs"	"Chascanum mixtum"
8	"Leaves with cuneate or attenuate bases, without distinct petioles"	"Chascanum sessilifolium"
8	"At least some leaves with distinct petioles"	9
9	"Flowers spreading, the calyces forming a distinct angle with the inflorescence axes"	"Chascanum obovatum"
9	"Flowers with calyces more or less loosely appressed to the inflorescence axes"	10
10	"Plants with indumentum of spreading hairs; nutlets with pits or wrinkles along the margins inside"	"Chascanum gillettii"
10	"Plants with indumentum of more or less appressed and forwardly directed hairs; nutlets smooth inside except for the elevated midrib and cystoliths"	"Chascanum elburense"
