from	statement	to
1	"Filaments scarlet, long-exserted, 3-12 cm long"	2
1	"Filaments not scarlet, shortly xserted, 0.6-1.5 cm long"	3
2	"Plants glabrous except on the stamens; petals scarlet, red and yellow, or sometimes all yellow"	"Caesalpinia pulcherrima"
2	"Plants conspicuoulsy pubescent and glandular hairy on the inflorescences and sepals; petals yellow"	"Caesalpinia gilliesii"
3	"Plants unarmed; flowers small, in compact panicles; pods coiled or twisted"	"Caesalpinia coriaria"
3	"Plants armed with spines or prickles; flowers in racemes; pods straight"	4
4	"Pods covered with spreading prickles; ovaries bristly"	"Caesalpinia bonduc"
4	"Pods not prickly; ovaries glabrous"	5
5	"Anthers densely woolly-pubescent; scattered prickles absent but nodes with pairs of short, stipular spines"	"Caesalpinia erianthera"
5	"Anthers glabrous or minutely puberulent; prickles scattered over stems"	6
6	"Pinnae 1-2 pairs; leaflets 1-2-pairs"	"Caesalpinia oligophylla"
6	"Pinnae 3-7 pairs; leaflets 4-12 pairs"	"Caesalpinia trothae"
