from	statement	to
1	"Ligules absent"	2
1	"Ligules lines of hairs, at least on the lower leaves; plants perennial"	4
2	"Inflorescence branches compound, with short seconday branches; inflorescences untidily ovate; spikelets 2-3(3.5) mm long, often with curvd awns"	"Echinochloa crus-pavonis"
2	"Inflorescence branches not or indistinctly compound"	3
3	"Plants annual; spikelets 1.5-3(-3.5) mm long"	"Echinochloa colona"
3	"Plants perennial; spiklets 1.5-2.5 mm long (if 3 mm or longer, see Echinochloa pyramidalis)"	"Echinochloa haploclada"
4	"Spikelets seldom more than 2.5 mm long, crowded, usually rotund, often awned"	"Echinochloa haploclada"
4	"Spikelets seldom under 3 mm long, elliptic"	5
5	"Spikelets unawned, rarely with subulate points to 3 mm long, plump, 2.5-4 mm long; stems robust, erect"	"Echinochloa pyramidalis"
5	"Spikelets awned, tapering, narrowly ovate, 3.5-6 mm long; stems spongy, decumbent or floating"	"Echinochloa stagnina"
