from	statement	to
1	"Inflorescence branches numerous"	"Tetrapogon roxburghiana"
1	"Inflorescence branches 1-4"	2
2	"Lowest lemmas shortly ciliate or subglabrous"	"Tetrapogon tenellus"
2	"Lowest lemmas conspicuously hairy"	3
3	"Racemes surrounded by the inflated uppermost leaf sheath; glumes conspicuous, 5-12 mm long"	"Tetrapogon cenchriformis"
3	"Racemes fully exserted; glumes inconspicuous, 2-5 mm long"	4
4	"Spilelet hairs pale"	"Tetrapogon villosus"
4	"Spikelets hairs ferruginous"	"Tetrapogon ferrugineus"
