from	statement	to
1	"Leaflets distinctly incised-crenate distally"	"Searsia puccionii"
1	"Leaflets entire or obscurely crenulate"	2
2	"Leaflets with acute or auminate tips, their length at least 4 times their width"	"Searsia retinorrhoea"
2	"Leaflets with rounded to retuse tips"	3
3	"Leaflets glabrous or almost so; tertiary veins hard to see"	"Searsia natalensis"
3	"Leaflets minutely scurfy-pubescent, at least whe young; tertiary veins prominent, forming a reticulum, at least on the upper surface"	"Searsia somalensis"
