from	statement	to
1	"Perianth tube as least twice as long as the limb and greatly exceeding the bracts; flowers whie to cream, sometimes with red to purple marks on the lower sepals"	2
1	"Perianth shorter to slightly longer than the limb and the bracts; flowers variously colored but not white or cream"	3
2	"Flowering stems with leaves having short blades; floral bracts 25-40(-45) mm long and subequal; anther apices obtuse"	"Gladiolus gunnisii"
2	"Flowering stems with well-developed foliage leaves having long blades; floral bracts (25-)40-50(-80) mm long, the outer exceeding the inner; anthers with acute terminal appendages 1.3-1.8 mm long"	"Gladiolus candidus"
3	"Dorsal tepals about 15 mm long and about twice as long as the upper lateral tepals; lower tepals reduced to linear cusps"	"Gladiolus schweinfurthii"
3	"Dorsal tepals as large as or only slightly larger than the upper lateral tepals; lower tepals not much shorter than the three upper tepals"	"Gladiolus somalensis"
