from	statement	to
1	"Seeds without caruncles"	2
1	"Seeds with caruncles"	9
2	"Involucral glands 4"	3
2	"Involucral glands 1or 2"	5
3	"Glands glabrous"	"Euphorbia systyla"
3	"Glands pubescent on the margins and outer surfaes"	4
4	"Stems branching, 15-60 cm tall, sometimes swollen at the base but less that 1 cm thick"	"Euphorbia acalyphoides"
4	"Stems unbranched, 4-10 cm tall, succulent, 1-2 cm thick"	"Euphorbia hadramautica"
5	"Inflorescences 15-30 cm high; leaves linear-lanceolate, 2-6 cm long; involucral glands 2"	6
5	"Inflorescences 3-5 cm high; leaves ovate with undlate margins, 1-1.5 cm long; involucral glands 1"	7
6	"Stems with prominent leaf scars; bracts ovate, 5-8 cm long"	"Euphorbia etuberculata"
6	"Stems conspicuously tuberculate; bracts similar to the leaves, 1 cm or more long"	"Euphorbia longituberculosa"
7	"Stems globose, 2-3 cm in diamter, with a tapering root to 5 mm thick"	"Euphorbia globulicaulis"
7	"Stems cylindrical, 0.5-2.5 cm thick; roots tuberous"	8
8	"Tubercles of basal branches discrete; seeds about 2 mm long and 1.5 mmwide"	"Euphorbia scyphadena"
8	"Tubercles of basa branches crowded, overlapping; seeds about 3 mm long, 2.5 mm wide"	"Euphorbia adenochila"
9	"Glands with linear process on the outer margins"	"Euphorbia barbicollis"
9	"Glands entire"	10
10	"Plants herbs"	11
10	"Plants woody shrubs or shrublets"	12
11	"Pubescence on young shoots of short, appressed hairs; base of leaf margins toothed, become less distinctly so distally; tips obtuse; seeds compressed"	"Euphorbia agowensis"
11	"Pubesence of long spreading hairs; leaf margins entire or with a few gland-tipped teeth at the tio, tips obtuse"	"Euphorbia pirottae"
12	"Plants shrubs or small trees0.5 - 3 m tall"	"Euphorbia polyantha"
12	"Plants shrublets. Tp 10 cm tall, with horizontally spreading branches"	"Euphorbia scatorhiza"
