from	statement	to
1	"Flower bisexual, without coronas, petals yellow or orange;"	2
1	"Flowers bisexual or unisexual, usually with coronas, unisexual if without coronas, variously colored"	3
2	"Plants shrubs, to 3 m tall; flowers solitary"	Loewia
2	"Plants herbs or subshrubs, up to 0.5 m tall; flowers in racemes"	Streptopetalum
3	"Flowers unisexual; coronas laciniate membranous rims, of hairs, or absent; discs consisting of 5 strap-shaped glands; stigmas much divided or papillate"	Adenia
3	"Flowers bisexual; coronas conspicuous, often double, usually consisting of long threads; discs annular; stigmas capitate or subglobose"	4
4	"Androgynophore absent"	Basananthe
4	"Androgynophore present, distinct, as long as the ovary or longer"	Passiflora
