from	statement	to
1	"Plants sticky, having numerous glandular-based, spreading, bristly hairs; leaves with 2 pairs of leaflets"	"Chamaecrista absus"
1	"Plants not sticky, without glandular-based bristly hairs leaves often with 4 or more pairs of leaflets"	2
2	"Petiolar glands distinctly stalked"	3
2	"Petiolar glands sessile"	6
3	"Stalks of petiolar glands 0.3-0.7 mm long"	4
3	"Stalks of petiolar glands 1-2.5 mm long"	5
4	"Plants shrublets; leaves with 2-3 pairs of leaflets"	"Chamaecrista dunensis"
4	"Plants perennial herbs; leaves with 4-14 pairs of leaflets"	"Chamaecrista hildebrandtii"
5	"Leaflets with somewhat eccentric midribs but producing lateral veins on both sides; pedicels 10-25 mm long"	"Chamaecrista zambesica"
5	"Leaflets with midribs close to the anterior margins, with very inconspicuous or no lateral veins on this side; pedicels 4-6 mm long"	"Chamaecrista fallacina"
6	"Plants shrubs or shrublets; leaves with 1-3 pairs of leaflets"	"Chamaecrista puccioniana"
6	"Plants annuals or short-lived perennials; leaves with many pairs of leaflets"	"Chamaecrista mimosoides"
