from	statement	to
1	"Flowers in solitary, slender, axillary spikes; outer tepals about 2 mm long; leaves narrowly linear-lanceolate"	"Psilotrichum leptostachys"
1	"Plants without the above combination of characters; flowers in short, dense axillary and sometimes terminal spikes or a terminal panicle present"	2
2	"Flowers in dense, opposite, and sometimes terminal spikes, the wide upper leaves not much reduced; if short, terminal panicles present, the axes of the most distal spikes neither very slender nor zig-zag"	3
2	"Flowers in large, compound panicles; upper leaves greatly reduced, bract-like; axes of the most distal spikes very slender, sometimes zig-zag"	4
3	"Outer tepals with 3 prominent veins"	"Psilotrichum elliottii"
3	"Outer tepals with many fine and obscure veins"	"Psilotrichum scleranthum"
4	"Tepals glabrous"	5
4	"Tepals hairy"	8
5	"Leaves narrowly linear, 0.25-1 mm wide, completely glabrous, often caducous and the plants appearing leafless"	"Psilotrichum virgatum"
5	"Leaves wider, not glabrous, not caducous, the plants clearly leafy"	6
6	"Leaves almost round in outline, scarcely longer than wide, bases deeply cordate when mature, tips obtuse to retuse"	"Psilotrichum tomentosum"
6	"Leaves oblong to elliptical or ovate, rarely lanceolate, bases cuneate to truncate or shallowly cordate, tips acute to acuminate"	7
7	"Leaves widest near the base, usually broadly ovate, rarely broadly lanceolate, bases subtruncate to shallowly cordate, tips more or less acuminate, both surfaces greenish or lower surfaces silvery sericeous and upper surfaces greenish and more sparsely pilose"	"Psilotrichum sericeum"
7	"Leaves widest at or just below midlength; middle leaves oblong or elliptical, with cuneate to subtruncate bases, white-lanate on both surfaces"	"Psilotrichum lanatum"
8	"Hairs of outer tepals long and silky much longer than the width of the tepals"	9
8	"Hairs of outer tepals shorter, not or scarcely wider than the width of the tepals"	10
9	"Leaves subtending inflorescences alternate; hairs of outer tepals persistently antrorse (point forward); filaments compressed but narrow and strap-shaped"	"Psilotrichum amplum"
9	"Leaves subtending inflorescences opposite; hairs of outer tepals initially antrorse but soon becoming spreading; filaments widely expanded below, their bases ovate or elliptic"	"Psilotrichum gloveri"
10	"Bracts and bracteoles narrowly lanceolate with narrow hyaline borders; outer tepals narrowly lanceolate, longly and narrowly acuminate, the tip formed by the 3 excurrent convergent veins"	"Psilotrichum stenanthum"
10	"Bracts and bracteoles broadly lanceolate or ovate with wide hyaline margins; outer tepals lanceolate-oblong, or oblong, not acuminate, the veins confluent distally but not or only minutely excurrent"	11
11	"Ultimate branches of the inflorescences 1ith 1-2(-3) flowers, when 1-flowered, the pedicels capillary, when 2-3-flowered, the lower flowers sessile; all leaves cuneate-based"	"Psilotrichum gracilipes"
11	"Ultimate branches of the inflorescences several-flowered spikes with more or less zig-zag rachises; lower leaf bases shallowly cordate to subtruncate, rarely very shortly cuneate"	12
12	"Outer tepals 3-5 mm long; nodes and internodes without or with very few long, bristly multicellular hairs"	"Psilotrichum gnaphalobryum"
12	"Outer tepals 2-2.5 mm long; stems and branches with tufts of long, bristly, multicellular hairs between the branches and leaves of at least the upper nodes, sometimes also along the internodes"	"Psilotrichum sericeum"
