from	statement	to
1	"Corolla tubes not conspicuously swollen at the base; styles slender, isodiametric"	2
1	"Corolla tubes with a globular swelling at the base, constricted above; styles with a narrow neck below the stigmatic region"	3
2	"Umbels with peduncles 8-20+ mm long and leafy bracts subtending the 8-16 flowers"	"Agelanthus subulatus"
2	"Umbels with peduncles 1-2 mm long, inconspicuous bracts, and 2-4 flowers"	"Agelanthus kayseri"
3	"Umbels sessile, glabrous; corolla buds red with a yellow band over the vents, tips not swollen; corolla lobes shiny but not hardened inside, rounded on back; leaves several veined from near the base"	"Agelanthus sansibarensis"
3	"Umbels on short peduncles, hairy; corolla buds orange-yellow with a darker, swollen angular head; corolla lobes thickened, with a hardened glossy surface inside, keeled outside; leaves pinnately veined"	"Agelanthus scassellatii"
