from	statement	to
1	"Leaves subcircular, peltate"	Umbilicus
1	"Leaves neither subcircular nor peltate"	2
2	"Leaves alternate; leaf margins pectinate-ciliate; flowers 8-10 merours"	Aeonium
2	"Leaves opposite; leaf margins glabrous or with a softe indumentum similar to that of the rest of the leaf; flowers (3-)4-5(-6)-merous"	3
3	"Petals free or almost so; stamens as many as the petals"	Crassula
3	"Petals united into a distinct tube; stamens twice as many as the petals"	4
4	"Flowers 5-merous, pendent; leaf margins entire"	Cotyledon
4	"Flowers 4-merous, erect; leaf margins often toothed or crenate"	Kalanchoe
