from	statement	to
1	"Plants annuals; nutlets smooth or minutely reticulate"	2
1	"Plants annuals or perennials; nutlets transversly wrinkled"	3
2	"Glumes 2.5-3 mm long"	"Bulbostylis pallescens"
2	"Glumes 1.5-2 mm long"	"Bulbostylis barbata"
3	"Plants perennials with short rhizomes; glumes 4-6 mm long"	"Bulbostylis craspedata"
3	"Plants annuals with a slender root systems; glumes 2-5 mm long"	4
4	"Nutlets with prominent papillae or tubercles on the 3 angles"	"Bulbostylis hispidula subsp. pyriformis"
4	"Nutlets without prominent papillae or tubercles on the 3 angles"	5
5	"Glumes 4-5 mm long"	"Bulbostylis hispidula subsp. macroglumis"
5	"Glumes 2-3 mm long"	6
6	"Basal leaf sheaths reddish"	"Bulbostylis somaliensis subsp. microcarpa"
6	"Basal lear sheaths pallid, straw-colored, or brown"	7
7	"Nutlets prominently triangular with 5-6 transverse undulations on each side"	"Bulbostylis hispidula subsp. hispidula"
7	"Nutlets obtusely triangular to almost globose with 7-10 transverse undulations on each side"	8
8	"Nutlets almost globose"	"Bulbostylis somaliensis subsp. somaliensis"
8	"Nutlets obovate, obtusely triangular"	"Bulbostylis somaliensis subsp. confusa"
