from	statement	to
1	"Bracts ovate to obovate, more or less abruptly acuminate with more or less reticulate venation and about 3 longitudinal veins; leaves more or less regularly pinnatifid with simple segments"	"Lavandula somaliensis"
1	"Bracts ovate or narrowly triangular, attenuate into spinescent or setiferous tips, with (5-)7-0 paralle veins that sometimes bifurcate towards the tip; leaves simple or pinnatifid with toothed or simple segments, sometimes absent or early deciduous"	2
2	"At least some stems 6-8-angled; bracts with fine, soft, setiferous tips"	"Lavandula setifera"
2	"All stems 4-angled; bracts with stiff, spinescent tips"	3
3	"Bracts 2-3.5 mm long, shorter than the calyces"	"Lavandula macra"
3	"Bracts 5-12 mm long, shorter to longer than the calyces"	4
4	"Bracts 5-7 mm long; calyces green to grey-green or, if purplish, exceeding their subtending bracts; stems and leaves puberulent, tomentose, or lanate with simple and branched hairs"	"Lavandula glagalloensis"
4	"Bracts 6.5-12 mm long; calyces purple at anthesis, shorter than the subtending bracts; stems and leaves scabrous to somewhat hairy, all the hairs simple"	"Lavandula aristibracteata"
