from	statement	to
1	"Leaves sausage-shaped, grooved on the upper surfacea"	2
1	"Leaves flat even if thick"	3
2	"Corolla white inside, with spreading lobes; calyx lobes 6-12 mm long"	"Kalanchoe bentii"
2	"Corolla yellowish inside, with erect lobes; calyx lobes 1.5-5.5(-8) mm long"	"Kalanchoe migiurtinorum"
3	"Corolla tube at least 45 mm long"	"Kalanchoe marmorata"
3	"Corolla tube up to 32 mm long"	4
4	"Corolla tube 25-32 mm long"	"Kalanchoe migiurtinorum"
4	"Corolla tube up to 15 mm long"	5
5	"Plants glabrous throughout"	6
5	"Plants pubescent with glandular or non-glandular hairs at least in the inflorescence region"	7
6	"Plants usually glaucous throughout; leaves not particularly crowded at the base, in several pairs along the stem; corolla lobes mucronate, the mucro 0.2-1 mm long"	"Kalanchoe glaucescens"
6	"Plants yellowish green, nor or scarcely glaucous; leaves concentrated at the base, only 1-3(-6) pairs along the setm; corolla lobes minutely apiculate but without a mucro"	"Kalanchoe subrosulata"
7	"Plants glandular hairy at least in the inflorescence region"	8
7	"Plants hairy but hairs not glandular"	9
8	"Leaves sessile, undivided; stems usually 4-angled near the base"	"Kalanchoe lanceolata"
8	"Leaves petiolate, at least some prominently lobed or having 3-5 leaflets; stems rounded"	"Kalanchoe laciniata"
9	"Calyx lobes 4-8 mm long; corollas yellow"	"Kalanchoe citrina"
9	"Calyx lobes about 2.5 mm long; corollas orange or red"	"Kalanchoe bipartita"
