from	statement	to
1	"Leaves scale-like; stems semi-succulent"	2
1	"Leaves well developed; stems not even semi-succulent"	3
2	"Corolla lobes about 3 mm long greenish white; corona simple, as long as the gynostegium"	"Cynanchum gerrardii"
2	"Corona lobes 4-8 mm long, mostly cream  to yellow; corona double, the outer ring-shaped, distinctly shorter than the gynostegium"	"Cynanchum viminale"
3	"Plants perennial herbs up to 30 cm tall, not climbing, sometimes trailing"	4
3	"Plants climbers or shrublets, sometimes only the base woody"	8
4	"Inflorescences on peduncles 2-5 cm long; corolla tubes 4-5 mm long"	"Cynanchum radians"
4	"Inflorescences sessile or almost so ; corolla tubes shorter than 2.5 mm"	5
5	"Leaves mostly sessile; corona lobes rounded or acute"	6
5	"Leaves clearly petiolate; corona lobes with long, drawn-out tips"	7
6	"Leaf blades 2-5 cm long, not fleshy; corolla lobes about 2 mm long, broadly ovate"	"Cynanchum thruppii"
6	"Leaf blades 15-25 mm long, fleshy; corolla lobes 2.5-3.5 mm long, oblong"	"Cynanchum crassiantherae"
7	"Corollas rotate; corona lobes subulate for most of their length, spreading below and arched over the head of the staminal column; stigmatic heads flat"	"Cynanchum revoilii"
7	"Corollas campanulate; corona lobes subulate for about half their length, not arched over the head of the staminal column; stigmatic heads concial"	"Cynanchum boveanum"
8	"Leaf blades up to 8 mm long; petioles 0-1 mm long"	"Cynanchum blyttioides"
8	"Leaf blades longer than 10 mm; petioles well over 1 mm long"	9
9	"follicles ellipsoid, with protruberances of variable length and density; leaf blades with cordate bases;"	10
9	"Follicles obclavate, smooth; leaf blades with hastate, truncate, lobate or cordate bases"	11
10	"Corolla lobes 4-6 mm long, 2.5-3.5 mm wide; gynostegia sessile"	"Cynanchum insipidum"
10	"Corolla lobes about 3.5 mm long. 1 mm wide; gynostegia stipitate"	"Cynanchum somaliense"
11	"Plants erect shrublets; coronas purplish red in the lower half, becoming fleshy pink distally"	"Cynanchum rubricoronae"
11	"Plants climbers; coronas white"	12
12	"Leaves usually triangular, rarely falcate; corolla lobes 2-3 mm long; coronas not papillose"	"Cynanchum falcatum"
12	"Leaves clearly hastate; corolla lobes 3-5 mm long; coronas papillose in upper part"	"Cynanchum hastifolium"
