from	statement	to
1	"Leaves glabrous or almost so when mature"	2
1	"Leaves pubescent to tomentose when mature at least on the lower surface"	3
2	"Branchlets reddish to brownish; flowers glabrous or almost so; leaf blades ovate, tending to be acuminate"	"Ziziphus mucronata"
2	"Branchlets whitish to straw-colored; flowers finely pubesent; leaf blades usually elliptic, rounded to acute but not acuminate"	"Ziziphus spina-christi"
3	"Leaf blades about 1-2 cm long, pubescent on both surfaces; petioles 1-2(-5 ) mm long; branches more or less arched and recurved"	"Ziziphus hamur"
3	"Leaf blades 2-8 cm long. 1-5 cm wide, tomentose on the lower surface; petioles 3-12 mm long; branches not arched"	"Ziziphus mauritiana"
