from	statement	to
1	"Petals separate, touching but not fused at the base"	2
1	"Petals fused into a tube at the base"	3
2	"Leaves cuneate to a short petiole"	"Plicosepalus curvifolius"
2	"Leaves cordate to sagittate on long shoots, variably shaped and sometimes shortly petiolate on short shoots if present"	"Plicosepalus sagittifolius"
3	"Corolla tubes 20-30 mm long"	"Plicosepalus meridianus"
3	"Corolla tubes 5-9 mm long"	4
4	"Leaves petiolate"	"Plicosepalus acaciae"
4	"Leaves sessile, at least those on the long shoots"	5
5	"Leaves 0.8-3(-5) times as long as wide, glabrous"	"Plicosepalus nummulariifolius"
5	"Leaves 8-10 times as long as wide, covered with short, stiff hairs"	"Plicosepalus somalensis"
