from	statement	to	shortcut
1	"Fruits subglobose berries at least 1 cm in diameter, sometimes thick-walled; leaves 3-veined from the base"	Strychnos	
1	"Fruits capsules, less than 1 cm long; leaves not 3-veined from the base."	2	
2	"Styles with twice dichotomously branched stigmas; capsules with1-2 seeds per cell"	Mostuea	"Mostuea microphylla"
2	"Styles entire or 2-lobed stigmas; capsules with numerous seeds per cell"	3	
3	"Corollas orange; calyces densely hairy, not sticky"	Buddleja	"Buddleja polystachya"
3	"Corollas white or creaml calyces glandular hairy and sticky"	Nuxia	
