from	statement	to
1	"Corollas conspicuously bilaterally symmetri, glabrous on the outside or with glandular hairs only"	"Echiochilon longiflorum"
1	"Corollas radially to slightly bilatrally symmetric, pubescent with eglandular hairs, at least on the lobes, sometimes also with glandular hairsr"	2
2	"Most leaves opposite; indumentum with glandular hairs on the vegetative parts and outer surface of corolla tubes"	"Echiochilon collenettei"
2	"Most leaves alternate; indumentum usually without glandular hairs"	3
3	"Sterile tips of styles distinctly 2-fid and protuding 0.2-0.6 mm above the stigmas"	"Echiochilon arenarium"
3	"Sterile tips of styles only slightly 2-fid, protuding leass than 0.15 mm about the stigmas"	4
4	"Upper 2 lobes of corollas distinctly larger than the lower 3, densely pubescent more or less all over on the outside"	"Echiochilon baricum"
4	"All lobes of the corollas equal to slightly unequal, only the outside of the lobes pubesent or the tubes sparsely pubescent"	5
5	"Corollas usually blue, occasionally white, with white hairs in the throat"	"Echiochilon cyananthum"
5	"Corollas usually white or yellowish, with yellow hairs in the throat"	"Echiochilon persicum"
