from	statement	to
1	"Plants woody, shrubs, subshrubs or climbers"	2
1	"Plants herbaceous, annual or perennial, prostrate or sometimes suberect herbs"	18
2	"Stems with many, densely packed, prominent rounded warts; plants up to 50 cm tall, erect but with twining branches"	"Ipomoea anemophoba"
2	"Stems without densely packed rounded warts, if with some such warts, then plants woody climbers up to several meters long"	3
3	"Plants prostrate or climbing"	4
3	"Plants erect or almost so, sometimes with twining branches"	9
4	"Leaf blades up to 18 mm long and 10 mm wide; sepals with white cottony hairs, bristley hairs, and yellowish glandular hairs"	"Ipomoea hiranensis"
4	"Leaf blades longer than 18 mm and wider than 10 mm; sepals glabrous or hairy but never with glandular hairs"	5
5	"Peduncles 2-16 cm long"	"Ipomoea rubens"
5	"Peduncles up to 1 cm long"	6
6	"Corollas about 2 cm long, mauve with a darker centre"	"Ipomoea galhereriana"
6	"Corollsa at least 3 cm long, white or cream, sometimes with a darker centre"	7
7	"Corollas all white, about 9 cm long, with frilly edges"	"Ipomoea paolii"
7	"Corollas with darker centres, up to 6 cm long, edges not frilly"	8
8	"Sepals up to 12 mm long, glabrous and with hyaline margines; corollas mostly glabrous but their edges densely ciliate"	"Ipomoea pogonantha"
8	"Sepals 12-22 mm long, pubescent, without hyaline margins; corollas pubescent over midpetaline areas"	"Ipomoea heterosepala"
9	"Corollas 5-16 cm long"	10
9	"Corollas 1.5-4.5 cm long"	13
10	"Corollas pink; sepals 5-6 mm long"	"Ipomoea carnea"
10	"Corollas white, cream, or white with a dark centre; sepals 10 mm or more long"	11
11	"Corollas white, 9.5-10 cm long, edges frilly"	"Ipomoea marmorata"
11	"Coroola cream or white with a drak centre, 5-9 cm long, their edges not frilly"	12
12	"Leaf blades sub-orbicular, at least 5 cm long and wide; petioles 3-16 cm long; bracts broadly ovate-spathulate to sub-orbicular, 7-18 mm long, 3-13 mm wide; corollas white with a purple centre"	"Ipomoea spathulata"
12	"Leaf blades linear-oblong to ovate-lanceolate, 3-8.5 cm long, 0.6-3 cm wide; petioles up to 1.5 cm long; corollas cream"	"Ipomoea ovatolanceolata"
13	"Corollas pale yellow with purple centres; bracts obovate to suborbicular, 6-20 mm long, 5-20 mm wide"	"Ipomoea citrina"
13	"Corollas mauve, purple, or white with purple centres; bracts 2-11 mm longer, narrower than 5 mm"	14
14	"Outer two sepals reniform, 10-14 mm long, 12-15 mm wide"	"Ipomoea nephrosepala"
14	"Outer sepals not reniform, less than 10 mm long and 12 mm wide"	15
15	"Sepals elliptic to suborbicular, 2-6 mm long, glabrous, ciliate, or pubescent"	16
15	"Sepals linear-lanceolate, 6-11 mm long, silvery pubescent"	17
16	"Leaf bldes reniform, cordate to truncate at the base; plants shrubs up to 2.5 m tall but sometimes much shorter"	"Ipomoea donaldsonii"
16	"Leaf blades elliptic to lanceolatre or suborbicular, shortly cuneate to rounded at the base; plants shrublets up to 30 cm tall"	"Ipomoea sultani"
17	"Leaf blades elliptic-ovate to suborbicular; flowers subsessile; capsules about 7-11 mm long, usually glabrous"	"Ipomoea cicatricosa"
17	"Leaf blades linear to oblanceolate; flowers on pedicels 1-3 mm long; capsules 12-15 mm long, usually silvery pubescent"	"Ipomoea argyrophylla"
18	"Leaf blades emarginate, with shallowly 2-lobed tips; plants growing on sandy beaches"	"Ipomoea pes-caprae"
18	"Leaf blades not emarginate, not lobed at the tip; plants growing in various habitats"	19
19	"Plants cultivated, grown for their edible tubers"	"Ipomoea batatas"
19	"Plants not cultivated for food"	20
20	"Leaf blades  densly covered with white, cottony hairs on their lower surface"	21
20	"Leaf blades glabrous or pubescent on their lower surface but not with white, cottony hairs"	23
21	"Leaf blades with entire margins and acute to acuminate tips, mostly 3-lobed"	"Ipomoea dichroa"
21	"Leaf blades with sonspicuously crenate margins and rounded to more or less truncate tips, sometimes lobed"	22
22	"Leaf blades orbicular or almost so, with rounded tips; flowers sessile or almost so, in cymes of 3 or more flowers"	"Ipomoea garckeana"
22	"Leaf blades elongate, ovate-oblong,with  more or less truncate tips; flowers on pedicels 2-8 mm long in cymes of 1-2 flowers"	"Ipomoea corrugata"
23	"Sepals widened towards their cordate, auriculate, or broadly cuneate bases"	24
23	"Sepals either not widened towards their bases  or bases not cordate, auriculate or broadly acute"	25
24	"Corollas 3.5-4.5 cm long; sepals 12-16 mm long"	"Ipomoea cordofana"
24	"Corollas 1.3-2.2 cm long; sepals 6-10 mm long"	"Ipomoea sinensis"
25	"Leaf blades, at least some of them, lobed"	26
25	"Leaf blades not lobed"	33
26	"Corollas 0.8-1.7 cm long"	27
26	"Corollas 2-8.5 cm long"	29
27	"Leaves, at least the lower leaves, pinnately lobed; outer sepals 4-7 mm lon, often 3-lobed"	"Ipomoea kotschyana"
27	"Leaves palmately lobed; outer sepals 2-5 mm long, not lobed"	28
28	"Lobes of leaf blades entire; capsules 4-valve; seeds densely pubescent, the edges with 5-10 mm long hairs"	"Ipomoea tenuipes"
28	"Lobes of leaf blades toothed; capsules 6-valved; seeds tomentose but without long hairs at the edges"	"Ipomoea coptica"
29	"Sepals 14-22 mm long; corollas 5-8.5 cm long"	"Ipomoea acuminata"
29	"Sepals 4-12 mm long; corollas usually shorter than 5 cm"	30
30	"Leaves shallowly 3-lobed or entire"	"Ipomoea rubens"
30	"Leaves palmately to pinnately 3-9-lobed"	31
31	"Stem internodes glabrous or almost so, nodes hairy or glabrous; sepals 4-6.5 mm long"	"Ipomoea cairica"
31	"Stem internodes and nodes hairy, at least when young; sepals 8-12 mm long"	32
32	"Stems prostrate o ascending, up to 30 cm long, pilose with white hairs when young"	"Ipomoea oenotherae"
32	"Stems trailing or climbing, up to 1 m long or more, covered with long, yellowish hairs"	"Ipomoea pes-tigridis"
33	"Corollas 0.5-1 cm long"	34
33	"Corollas 1.4-8.5 cm ;ong"	35
34	"Leaf blades triangular ovate, distinctly cordate that the base"	"Ipomoea verticillata"
34	"Leaf blades narrowly linear-lanceolate to oblong, cuneate to rounded or slightly cordate at the base"	"Ipomoea coscinosperma"
35	"Sepals 14-22 mm long; corollas 5-8.5 cm long"	"Ipomoea indica"
35	"Sepals 4-12 mm long; corollas usually shorter than 5 cm"	36
36	"Corollas blue with yellowish white throat; capsules flattened; plants cultivated as ornamentals"	"Ipomoea tricolor"
36	"Corollas not blue with yellowish white throat; capsules globose; plants not cultivated"	37
37	"Seeds densely covered by 2.5-4 mm long hairs; stems at least slightlywoody"	"Ipomoea rubens"
37	"Seeds with hairs shorter than 2.5 mm or with long hairs only on the angles; stems entirely herbaceous"	38
38	"Sepals 7-12 mm long, 1.5-3 mm wide; seeds often with long hairs on the angles"	"Ipomoea tenuirostris"
38	"Sepals 4-12 mm long but, if 7 mm lor longer, more than 3 mm wide, glabrous to hairy; seeds with short hairs only"	39
39	"Corollas 1.4-2.5 cm long, yellowish to whitish, usually with purple centres"	"Ipomoea obscura"
39	"Corollas 2-8.5 cm long, purple, pink, or white, usually with purple centres"	40
40	"Pedicels 0.7-1.2 cm long; petioles 1-4 cm long"	"Ipomoea sepiaria"
40	"Pedicles 1.3-6.5 cm long; petioles 2.5-25 cm long"	"Ipomoea aquatica"
