from	statement	to
1	"Corolla tube well developed, more than 10 mm long, usually much longer than wide; corolla-lobes usually remaining united that the tips to form a cage-like structure"	2
1	"Corolla tube not as above, if much longer than wide the stems with prominent angles or rows of tubercles"	11
2	"Leaves reduced and scale-like, up to 5 mm long, often very short-lived"	3
2	"Leaves better developed, more than 6 mm long, often with a distinct petiole, almost always present at anthesis"	5
3	"Stems striate, minutely rugose; rootstocks clusters of fusiform roots; corolla lobes usually with prominent dark purple club-shaped or fusiform hairs"	"Ceropegia arabica"
3	"Stems neither striate nor rugose, smooth; rootstocks elongated tubers tapering into the stems; corollas without club-shaped hairs"	4
4	"Corollas mostly white with purplish mottling, sinuses between the lobes longer than the corolla lobes proper which remain joined at their tips; corolla bases with a double swelling up to 10 mm thick"	"Ceropegia variegata"
4	"Corollas bright yellow, sinuses only very slightly enlarged, lobes proper much longer, rotately spreading, corolla bases with a single swelling 3-5 mm thick"	"Ceropegia lindenii"
5	"Rootstocks lacking both a basal tuber and fusiform roots; leaf blades ovate; corolla lobes almost as long as the tubes, often twisted together to form a terminal knob"	"Ceropegia somalensis"
5	"Rootstocks fleshy, either pear-shaped or subglobose tubers or clusters of fusiform roots; leaf blades linear-lanceolate; corolla lobes less than half as long as the tubes"	6
6	"Rootstocks a pear-shaped tuber tapering gradually into the stems, latex often cloudy; leaves often lost by anthesis"	7
6	"Rootstocks subglobose tubers sharply delimited from the stems or clusters of fusiform roots; latex clear; leaves usually present at anthesis"	8
7	"Corollas about 6 cm long; lobes more or less erect, not forming a beak"	"Ceropegia subaphylla"
7	"Corollas 1.5-2.7 cm long, lobes abruptly connivent at base before extending into distinct cylindrical beak"	"Ceropegia tihamana"
8	"Inflorescences raceme-like, rachis internodes longer than the pedicels; corollas yellow flushed with red, without distinct markings"	"Ceropegia carnosa"
8	"Inflorescences more or less umbel-like, rachises very short; corollas grey to pale brown with dark stripes and blotches"	9
9	"Corollas uniformly pales, without markings, glabrous"	"Ceropegia ahmarensis"
9	"Corollas with prominent dark markings, lobes hairy"	10
10	"Rootstocks clusters of fusiform roots; stems distinctly succulent"	"Ceropegia affinis"
10	"Rootstocks globose tubers; stems herbaceous, not succulent"	"Ceropegia bulbosa"
11	"Stems with (5-)6-20 rows of tubercles or angles, if 5-angled, the flowers globose with a small opening"	12
11	"Stems with 4-5 angles; flowers not as above"	52
12	"Stems 7-20-angled, the angles divided into distinct tubercles or tessellate; corolla rotate to deeply urn-shaped with erect to reflexed lobes"	13
12	"Stems (5-)6-angled, the angles only indistinctly divided in tubercles; corolla globose with inflexed lobes hidden within corolla tube"	"Ceropegia malum"
13	"Tubercles with hard, sharply pointed tips; stem leaves absent; stems creeping; corolla (3-)6-12 cm in diameter, with short, recurved lobes"	"Ceropegia sordida"
13	"Tubercles more or less blunt-tipped or ending in scalelike leaves; stems ascending to erect; corolla usually less than 3 cm in diameter, its lobes various"	14
14	"Stem surfaces markedly wrinkled to bullate or irregularly tessellate"	15
14	"Stem surfaces smooth or almost so"	24
15	"Stems globose, ovoid, or more or less elongate, obscurely to distinctly 4-angled, the surface irregularly tessellate"	16
15	"Stems elongate, obscurely 4-angled to almost cylindrical, the surface wrinkled to bullate"	20
16	"Plants forming groups of articulately branching stems"	17
16	"Plants usually single-stemmed or sometimes with a few globose side-branches on the angles"	18
17	"Stems club-shaped, ovoid or subglobose, more or less dorsiventrally flattened; corollas urn-shaped, about 2.5 mm long"	"Ceropegia caput-viperae"
17	"Stems elongate, 4-angled; corollas rotate, about 6 mm long"	"Ceropegia dodsoniana"
18	"Corollas rotate-campanulate, tubes very short, glabrous"	"Ceropegia horwoodii"
18	"Corollas campanulate, tubes distinct, lobes with hair-like papillae inside and often with versatile hairs near the tips"	19
19	"Stems usually distinctly 4-angled; corolla lobes 7-9 mm long"	"Ceropegia cubiformis"
19	"Stems globose, becoming cylindrical with age; corolla lobes 1-3 mm long"	"Ceropegia migiurtina"
20	"Corolla lobes uniformly lemon yellow, upper halves covered with long, purple, wool-like hairs"	"Ceropegia richardianum"
20	"Corolla lobes variously mottled with red of purplish, sometimes puberulent outside and/or with marginal cilia near the tips, without wool-like hairs"	21
21	"Corolla lobes less than twice as long as wide, without versatile cilia near the tips"	22
21	"Corolla lobes at least three times longer than wide;  with versatile cilia near the tips"	23
22	"Corolla lobes distinctly longer than wide; outer coronas inconspicuous with short, 2-fid lobes between the lobes of the inner coronas"	"Ceropegia subscandens"
22	"Corolla lobes about as long as wide; outer coronas conspicuous, continuous, flat, 5-lobed rings"	"Ceropegia paradoxica"
23	"Outer coronas with 2-fid lobes both between and behind the lobes of the inner corona; inner coronas dark purple; corolla lobes glabrous on the outer surface"	"Ceropegia piluliferum"
23	"Outer coronas forming low, undulate rims, slightly wider behind the lobes of the inner corona but entirely without lobes or processes between these lobes; inner coronas dull orange; corolla lobes puberulent on the outer surface"	"Ceropegia barica"
24	"Stems unbranched, up to 12 cm tall and 6 cm think, 4-angled, the angles wavy and without teeth"	"Ceropegia crassa"
24	"Stems not as above"	25
25	"Inflorescences originating near the base of the stems"	26
25	"Inflorescences originating from the upper part of the stems"	30
26	"Corolla without short teeth in the sinuses between the lobes; corona stipitate"	27
26	"Corolla with short teeth in the sinuses between the lobes; corona sessile"	29
27	"Corolla lobes glabrous, longitudinally furrowed"	"Ceropegia somalilandica"
27	"Corolla lobes hairy, without longitudinal furrows"	28
28	"Corollas with annulus completely covered by outer corona disk; corolla lobes flat with slightly recurved margins, covered with straight, up to 4 mm long hairs"	"Ceropegia galgallensis"
28	"Corollas with prominent annulus not covered by corona disk; corolla lobes completely folded, the apical parts covered with curved hairs about 1 mm long"	"Ceropegia eilensis"
29	"Corollas rotate, each with a prominent annulus"	"Ceropegia somalica"
29	"Corollas shallowly to deeply campanulate, without annuli"	"Ceropegia concinna"
30	"Stems with irregular purple-brown streaks or blotches; tubercles prominent, conical, tapering to a fine point; inflorescences various but never terminal umbels"	31
30	"Stems without dark markings; tubercles poorly defined or, if prominent and tapering, then inflorescences terminal umbels"	36
31	"Corolla rotate; inner corona lobes each with a dorsal projection"	"Ceropegia prognatha"
31	"Corolla more or less campanulate; inner dorsal lobes without dorsal projections"	32
32	"Pedicels 15-18mm long, recurved with nodding flowers"	"Ceropegia huernioides"
32	"Pedicels up to 10 mm long; flowers not nodding"	33
33	"Corollas campanulate; tubes 7-10 mm long"	"Ceropegia sacculata"
33	"Corollas rotate to shallowly campanulate, tubes much shorter than 7 mm"	34
34	"Corolla lobes linear, up to 20mm long, with strongly revolute margins"	"Ceropegia baldratii"
34	"Corolla lobes lanceolate to ovate, up to 11 mm long, with weakly revolute margins"	35
35	"Corollas rugulose inside; corolla tubes with a thickened ring about the mouth"	"Ceropegia sprengeri"
35	"Corollas smooth inside; corolla tubes without a thickened ring around the mouth"	"Ceropegia gemugofana"
36	"Inflorescences terminal, umbel-like, the umbels sometimes pushed into a lateral position by growth of the stem"	37
36	"Inflorescences appearing axillary or extra-axillary, of solitary flowers or 1-few-flowered raceme-like inflorescences along the elongated apical stem portions"	41
37	"Plants with inflorescences laterally displaced by new growth of stem from the top; corollas yellowish with purplish spots; outer corona lobes absent"	"Ceropegia penicillata"
37	"Plants with terminal, umbel-like inflorescences; corollas not yellowish with purplish spots; outer corolla lobes present"	38
38	"Corollas deeply campanulate, smooth"	"Ceropegia codonoides"
38	"Corollas rotate or shallowly campanulate, rugose"	39
39	"Stems conspicuously winged plants up to 150 cm tall, very robust"	"Ceropegia retrospiciens"
39	"Stems angled but not winged; plants to about 30 cm tall"	40
40	"Corollas bright yellow"	"Ceropegia somalicoides"
40	"Corollas purplish black"	"Ceropegia edithae"
41	"Inflorescences raceme-like and growing along elongated apical stem portions; corollas not campanulate"	42
41	"Inflorescences with 1(-2) flowers and originating near the stem tops; corollas campanulate"	"Ceropegia socotrana"
42	"Outer coronas with 5 narrow, undivided lobes opposite the anthers, slightly shorter than the corolla tube and looking like lamellae on the inside of the tube; plants about 5 cm tall"	"Ceropegia lamellosa"
42	"Outer coronas with more or less divided lobes, alternating the  anthers; plants usually much taller than 5 cm"	43
43	"Flower clusters very densely spaced along persistently fleshy flowering portion of stem; corolla lobes erect but their tips neither connate nor connivent"	"Ceropegia furta"
43	"Flower clusters more widely spaces along a more or less slender and ephemeral flowering stem; corolla lobes, spreading or pendent of, if erect, the tips connate or connivent"	44
44	"Corolla tubes broadly campanulate, longer than coronas"	45
44	"Corolla tubes very shallow, shorter than coronas"	46
45	"Stems with rounded angles, suckering; corollas 4-5 mm long"	"Ceropegia edulis"
45	"Stems with acute angles, not suckering; corollas 10-12 mm long"	"Ceropegia vaduliae"
46	"Stems with blunt tips from which 1-3 very slender flowering branches are produced; corolla lobes connate at the tips"	"Ceropegia baradii"
46	"Stems gradually tapering into unbranched or branched flower bearing portion; corolla lobes sometimes connivent but not connate at the  tips"	47
47	"Stems with rounded angles"	48
47	"Stems with acute angles"	50
48	"Corolla lobes 25-35 mm long"	"Ceropegia longiflora"
48	"Corolla lobes up to 12 mm long"	49
49	"Corolla lobes pendent, versatile; flowering portion of stems without constrictions"	"Ceropegia dicapuae"
49	"Corolla lobes erect with incurved, connivent tips; flowering portion of stems with regular rather closely set constrictions"	"Ceropegia moniliformis"
50	"Flowers in many flowered clusters; corollas yellow with greenish bands towards the centre"	"Ceropegia congestiflora"
50	"Flower in 1-5-flowerd clusters; corollas purplish black with concentric pale yellow bands towards centre"	51
51	"Pedicels about 5 mm long; corollas rotate, with rigid lobes"	"Ceropegia priogonium"
51	"Pedicels 10-15 mm long; corolla lobes initially spreading, then becoming pendent"	"Caralluma mogadoxensis"
52	"Stems with almost flat tubercles; leaves quickly falling; outer coronas not cup-shaped, of 5 free lobes"	53
52	"Stems with distinctly raised tubercles; leaves often persistent as hard bristles or scales; outer coronas cup-shaped"	54
53	"Inner surface of corollas covered by sharp-pointed papillae (use hand lens)"	"Ceropegia dammanniana"
53	"Inner surface of corollas covered by stalked, globular papillae"	"Ceropegia virchowii"
54	"Stem tubercles large, toothlike, laterally compressed; pedicels 12-15 mm long; corollas urn-shaped, 8-10 mm wide, narrowing to about 2 mm wide at the tubular mouth"	"Ceropegia ballyi"
54	"Stem tubercles not as above; pedicels up to 10 mm long; corollas not as above"	55
55	"Corollas narrowly tubular and curved, 20-25 mm long, 4-5 mm wide,"	"Ceropegia mijerteina"
55	"Corollas urn-shaped or rotate to deeply campanulate"	56
56	"Corollas urn-shaped, the tube widest near the base and narrowing to the mouth"	57
56	"Corollas rotate to deeply campanulate"	58
57	"Leaves soon falling; corolla lobes linear, 5-8 mm long"	"Ceropegia watsonii"
57	"Leaves persistent as white bristles; corolla lobes triangular"	"Ceropegia urceolata"
58	"Corollas rotate, flat or with reflexed lobes"	59
58	"Corollas shallowly to deeply campanulate"	60
59	"Stems 8-10 angled; leaves recurved; inner corona lobes not reaching the centre of the staminal column"	"Ceropegia sharpei"
59	"Stems (10-)12-18-angled; leaves erect; inner corona lobes connivent over and extending about the staminal column"	"Ceropegia planiflora"
60	"Stems 16-20-angled"	"Ceropegia bihendulensis"
60	"Stems 8-9-angled"	61
61	"Corollas 12-15 mm wide, densely hairy inside"	"Ceropegia sharpei"
61	"Corollas up to 10 mm wide, glabrous or with ciliate margins"	62
62	"Corollas deeply campanulate, about 6 mm long and 5 mm wide, with ciliate margins; inner corona lobes very short, not connivent"	"Ceropegia archeriana"
62	"Corollas not deeply campanulate, 8-10 mm wide; inner corona lobes connivent over and extending beyond the staminal column"	63
63	"Corollas yellow on both sides"	"Ceropegia chrysantha"
63	"Corollas red on the outside"	"Ceropegia planiflora"
