from	statement	to	shortcut
1	"Leaves more or less peltate; petioles inserted at least 1 mm from base of leaf blades"	Cissampelos	"Cissampelos pareira var. hirsuta"
1	"Leaves not peltate; petioles inserted at base of blades"	2	
2	"Leaves densely hairy"	Chasmanthera	"Chasmanthera dependens"
2	"Leaves glabrous or almost so"	3	
3	"Leaves 5-20 cm long, 3-10 cm wide"	Tiliacora	"Tiliacora funifera"
3	"Leaves up to 5 cm long and 3 cm wide"	4	
4	"Flowers clustered in dense cymules; leaves 1.3-5 cm long, 0.5-1.8 cm wide, 3-veined from the base"	Cocculus	"Cocculus pendulus"
4	"Flowers in open inflorescences; leaves 3-5 cm long, 5-7 veined from the base"	Tinaspora	"Tinaspora bakis"
