from	statement	to
1	"Petals present, at least in staminate flowers"	2
1	"Petals absent from all flowers"	3
2	"Flowers sessile or subsessile; sepals valvate in bud; fruits drupes"	Bridelia
2	"Flowers distinctly pedicellate; sepals imbricate in bud; fruits capsules"	Andrachne
3	"Staminate flowers without a pistillode"	Phyllanthus
3	"Staminate flowers with a pistillode"	4
4	"Plants woody-based herbs; disc of staminate flowers annual; fruit green, breaking up at maturity"	"Meineckia:Meineckia phyllanthoides"
4	"Plants shrubs; disc of staminate flowers of separate glands; fruit becoming white and fleshy, more or less indeshiscent"	Flueggia
