from	statement	to
1	"Leaves oblong to suborbicular; most parts of the plants (not the flowers) with gland-tipped hairs"	"Andrachne fragilis"
1	"Leaves narrowly elliptic to oblanceolate; plants usually completely glabrous, sometimes with papillate stems"	2
2	"Stems and petioles densely papillose; staminate flower with irregularly dentate sepals and petals; pistillate flowers with subulate petals about 2/3 the length of the sepals"	"Andrachne sp."
2	"Plants completely glabrous; staminate flowers with entire sepals and petals; pitillate flwoers without petals or petals more or less square, less than 1/2 as long as the sepals"	3
3	"Leaf blades narrowly elliptic to oblanceolate, (6-)19-17.5 mm long, (2-)4-6 mm wide; staminate flowers with linear petals, less than 1/4 the width of the sepals"	"Andrachne somalensis"
3	"Leaf bldes obovae to more or less orbicular, (2-)2.5-6.5(-12) mm long and (1.5-)2-6(-8) mm wide; petals more than 1/2 as wide as the sepals"	"Andrachne telephioides"
