from	statement	to
1	"Leaves mostly sessile; corona lobesrounded or acute"	"Glossonema thruppii"
1	"Leaves clearly petiolate; corona lobes with long, drawn-out tips"	2
2	"Corollas rotate; corona lobes subulate for most of thei length, spreading below and arched over the head of the staminal column; stigmatic heads flat"	"Gloosonema revoilii"
2	"Corollas campanulate; corona lobes subulate for about half their length, not arched over the head of the staminal column; stigmatic heads concial"	"Glossonema boveanum"
