from	statement	to
1	"Ovaries and fruits densely pubescent, or the fruits glabrescent, without apical spines or tubercles"	"Cucumis melo"
1	"Ovaries and fruits glabrous or pubescent, with sparse to dense, slender to stout, elongate to obscure setose spines or tubercles at the ends"	2
2	"Staminate and pistillate flowers on different plants; fruits practically smooth with scattered, very obscure tubercles"	"Cucumis baladensis"
2	"Staminate and pistillate flowers on the same plants; fruits with distinct tubercles or spines"	3
3	"Ovaries and fruits pubescent in addition to having tubercles or spines"	4
3	"Ovaries and fruits glabrous except for having spines or tubercles"	6
4	"Fruits 5-6 cm long, 3.9-4 cm wide, with thick, fleshy spines up to 15 mm long"	"Cucumis thulianus"
4	"Fruits smaller, with spines or tubercles up to about 4 mm long"	5
5	"Staminate flowers with corollas up to about 6 mm long, glabrous inside; fruit spines up to about 4 mm long"	"Cucumis prophetarum subsp. prophetarum"
5	"Staminate flowers with corollas 8-15 mm long, pubescent inside; fruits with tubercles less than 1 mm long"	"Cucumis pubituberculatus"
6	"Fruits red when ripe, with stout conical spines; stems and leaves with long spreading hairs"	"Cucumis metuliferus"
6	"Fruits greenish or yellowish when ripe, evenly coloured or longitudinally striped, or with yellowish or orange fleshy spines; spines and tubercles not more than 5 mm long or, if longer, then slender; stems and leaves more or less scarous, with more or less short, often curved hairs"	7
7	"Fruits with yellow or orange thick fleshy spines 3-5 mm long"	"Cucumis jeffreyanus"
7	"Fruits with tubercles about 1.5 mm long or with slender spines"	8
8	"Fruits with tubercles up to about 1.5 mm long"	9
8	"Fruits with longer spines"	10
9	"Petioles 1.3-4.5 cm long; fruit stalks 3-7 cm long, thickened towards the top"	"Cucumis pustulatus"
9	"Petioles 0.4-1.2 cm long; fruit stalks 0.8-2.5 cm long, not thickened towards the top"	"Cucumis hastatus"
10	"Spines of fruits long, dense, obscuring the fruit body"	"Cucumis dipsaceus"
10	"Spines of fruits more scattered and shorter, the fruit body clearly visible (Cucumis prophetarum)"	11
11	"Plants grey-green; fruit spines usually up to 4 mm long"	"Cucumis prophetarum subsp. prophetarum"
11	"Plants bright green; fruits spines usually 4-6 mm long"	"Cucumis prophetarum subsp. dissectus"
