from	statement	to
1	"Banner petals glabrous"	2
1	"Banner petals pubescent on outer surface"	4
2	"Flowers in dense subsessile inflorescences"	"Rhynchosia densiflora"
2	"Flowers in open, distinctly pedunculate inflorescences"	3
3	"Leaflets oblong-lanceolate, more than 2x as long as wide; inflorescences with 1 -few flowers"	"Rhynchosia totta"
3	"Leaflets ovate to rhomboid, much less than 2x as long as wide; inflorescences several flowered"	"Rhynchosia elegans"
4	"Mature leaflets lower surfaces densely dotted with pale, greenish yellow glandular dots, these separated by scarcely as much as their width and giving a greyish yellow tinge to the leaves; inflorescences usually exceeded by the leaves; banner petals 4-6.5 mm long; plants erect of scrambling; pods covered with very short, fine, white hairs"	"Rhynchosia pulverulenta"
4	"Mature leaflets with less densely distributed glandular dots and/or without the combination of other characters"	5
5	"Lowest calyx lobes 15-18 mm long; pods 30-45 mm long, 16-18 mm wide"	"Rhynchosia megacalyx"
5	"Lowest calyx lobes less than 10 mm long; pods usually shorter and much narrower"	6
6	"Hairs of stems and inflorescences spreading, sticky, glandular; plants robust herbs"	"Rhynchosia viscosa"
6	"Hairs of stems and inflorescences neither sticky nor glandular; plants of varied habits"	7
7	"Pods usually inflated when ripe, club-shaped, about 21-30 mm long and 8-13 mm wide; leaflets usually slightly lobed"	"Rhynchosia sublobata"
7	"Pods not inflated; leaflets not lobed"	8
8	"Plants erect herbs or subshrubs; leaflets silvery pubescent"	"Rhynchosia albissima"
8	"Plants climbing, spreading, or prostrate herbs or shrubs; leaflets varied"	9
9	"Some leaflets with a pale area along the midribs on their upper surface"	"Rhynchosia usambarensis"
9	"No leaflets with a pale area along the midribs on their upper surface"	10
10	"Inflorescences not or scarcely exceeding the subtending leaves, usually with fewer than 5 flowers"	11
10	"Inflorescences usually greatly exceeding their subtending leas, usually with more than 5 flowers"	13
11	"Pods about 4 mm wide, with short and long hairs intermixed; leaves pubescent on their lower surfaces"	"Rhynchosia micrantha"
11	"Pods 7-10 mm wide, only with hairs less than 0.5 mm long; leaves tomentose on their lower surfaces"	12
12	"Leaflet venation narrowly reticulate and more or less prominent on the lower surfaces; pods silvery, completely covered by the dense hairs"	"Rhynchosia schimperi"
12	"Leaflet venation not particularly narrowly reticulate nor prominent on the lower surfaces; pods not appearing silvery, pubescent with spreading hairs that do not conceal the surface"	"Rhynchosia velutina"
13	"Leaflets densely grey-white tomentose on both surfaces; inflorescences often branched; banner petals about 16 mm long"	"Rhynchosia ramosa"
13	"Leaflets not densely tomentose or, if somewhat so, other characters not as above"	14
14	"Stems woody, not twining; leaflets without stipels"	"Rhynchosia gansole"
14	"Stems or at least the ultimate branches, herbaceous and twinging; leaflets with stipels (i.e.,  pair of filiform structures at the base of the leaflets)"	15
15	"Banner petals 10-17 mm long, often plain yellow; leaflets densely puberulent, often with silky margins"	"Rhynchosia malacophylla"
15	"Banner petals 5-10 mm long, often with purplish veins; leaflets finely puberulent or glabrescent to densely pubescent"	"Rhynchosia minima"
