from	statement	to	shortcut
1	"Plants floating or emergent aquatics; leaf blades less than 3 cm long in their longest dimension"	2	
1	"Plants usually terrestrial or epiphytic; leaf blades more than 3 cm long in their longest dimension"	3	
2	"Plants floating, up to 15 cm long but often much shorter; leaves 2-lobed, a green aerial lobe and a colourless lobe; sori in thin-walled sporocarps borne on the underside of a the basal leaf of a branch"	Salviniaceae	"Azolla nilotica"
2	"Plants rooted in soil; leaves on vertical petioles terminating in 4 wedge-shaped leaflets; sporocarps in a globose to ellipsoid, borne on stalks growing from the rhizomes"	Marsilea	Marsilea
3	"Sori elongate, near the leaf margins or along the veins; indusia absent, sori  without indusia, often protected by  reflexed leaf margins; plants usually terrestrial, at least rooted in soil, sometimes floating"	Pteridaceae	
3	"Sori linear to lunate, near the leaf margins or along the veins; indusia absent,sori often protected by reflexed leaf margins; plants terrestrial"	Aspleniaceae	Asplenium
