from	statement	to
1	"Corollas scarlet"	"Kohautia obtusiloba"
1	"Corollas white, yellowih, brownish, reddish, or bluish"	2
2	"Corolla throats shortly hairy inside; stigmas simple"	"Kohautia longifolia"
2	"Corolla throats glabrous insidestibmas 2-lobed"	3
3	"Corolla tubes 2.5-3.5 mm long; flowers mostly in pairs"	"Kohautia aspera"
3	"Corolla tubes 8-14 mm long; flowers mostly single"	4
4	"Plants annual or perennial herbas, rarely more than 30 cm tall; leaves usually well over 10 mm long and 0.5 mm wide, flattened; corolla lobes 2-6 mm long"	"Kohautia caespitosa"
4	"Plants subshrubs, 30-300 cm tall; leaves up to about 10 mm long and0.5 mm wide, subterete; corolla lobes about 1.5-2 mm long"	"Kohautia dolichostyla"
