from	statement	to
1	"Fruit about 10-15 cm in diameter, pale yellow or greenish"	"Citrus paradisi"
1	"Fruit up to 10 cm in diamter, if close to 10 cm, orange"	2
2	"Fruit depressed golobse, sweet; peel very easily removed"	"Citrus reticulata"
2	"Fruit ellipsoid to suglobose, very sour; peel more adherent"	3
3	"Fruit 3-6 cm in diameter, greenish yellow with a very thin peel"	"Citrus aurantifolia"
3	"Fruit larger, with a thick peel"	4
4	"Fruit ellipsoid, pale yellow"	"Citris limon"
4	"Fruit subglobose, orange"	"Citrus aurantium"
