from	statement	to
1	"Plants spiny decduous shrubs or trees; corollas spurred, spurs 3-6 cm long; seeds dstinctly winged"	Sesamothamnus
1	"Pants unarmed, small shrubs or herbs; corollas withour spurs seeds not winged"	2
2	"Plants small shrubs or subshrubs; fruits globose, covered by numerous spines"	"Josephinia:Josephinia africana"
2	"Plants herbs, often with a caudex; fruits not globose, sometimes with 4 spines or wings"	3
3	"Lower leaves 3-lobed to compound with 5 leaflets; anthers with parallel thecae; fruits capsules, without wings or spines"	"Sesamum:Sesamum indicum"
3	"Lower leaves entire to pinnatified; anthers with divergent thecae; fruits indehiscent or tardily dehiscent, with 4 wings or spines"	4
4	"Fruits subpyramidal, abruptly contracted to an obconical, 4-angled  base with a single wing on each angle"	"Pedalium:Pedalium murex"
4	"Fruits more or less flattened, with 4 narrow, longitudinal wwings"	Pterodiscus
