from	statement	to
1	"Flowers always solitary in the axils of well-spaced leaves; petals absent"	2
1	"Flowers mostly in short, usually corymbose racemes or clustered in the leaf axils; petals often present"	7
2	"Sepals usually 3; ovary with 2 ovules on each placenta"	3
2	"Sepals usually 4; ovary with numerous ovules on each placenta"	6
3	"Pedicels 32-40 mm long during flowring; plant covered with short, stiff, spreading hairs; leaflets 18-28 mm wide"	"Maerua sp.1"
3	"Pedicels up to 25(-30) mm long; plants glabrous or, if hairy, leaflets up to 15 mm wide"	4
4	"Leaf blades up to 7(-10) mm wide; petioles up to 1.5(-2) mm long; midrib and laeral veins not visible or inconspicuous on lower surface"	"Maerua intricata"
4	"Leaf blades often more than 10 mm wide; petioles often more than 10 mm long; midrib and a pair of lateral veins clearly visible on the lower surface"	5
5	"Receptacle 4-6(-8) mm long when mature; fruits ellipsoidal, about 2 cm long and 1 cm wide"	"Maerua subcordata"
5	"Receptacle 1.5-3.5 mm long when mature; fruits globose or almost so, 2-3 cm long and up to 2.5 cm wide"	"Maerua decumbens"
6	"Petioles up to 2.5 mm long; receptacles bowl-shaped, 2-2.5 mm long"	"Maerua denhardtiorum"
6	"Petioles 6-7 mm long; receptacle cylindrical, about 10 mm long"	"Maerua erlangeriana"
7	"At least some leaves with 3 leaflets"	8
7	"All leaves simple"	9
8	"Sepals 12-23 mm long; ovary pubescent"	"Maerua holstii"
8	"Sepals 5-11 mm long; ovary glabrous"	"Maerua triphylla"
9	"Leaves and twigs densely white-woolly with curly hairs"	"Maerua candida"
9	"Leaves and twigs glabrous or pubescent with short spreading or brownish hairs"	10
10	"Petioles of most leaves more than 10 mm long"	11
10	"Petioles of most leaves up to 10 mm long"	12
11	"Receptacles (7-)9-20 mm long; gynophores 23-40 mm long in fruit"	"Maerua angolensis"
11	"Receptacles 2-6(-9) mm long in fruit; gynophores 12-25 mm long in fruit"	"Maerua socotrana"
12	"Leaves clustered on older wood but solitary on annual shoots"	13
12	"All leaves solitary and more or less well-spaced"	18
13	"Petals present; stamens 7-10"	"Maerua kaessneri"
13	"Petals abstent; stamens about 12 or more"	14
14	"Petioles 5-10 mm longl ovaries ellipsoid; fruits ovoide to subglobose, with numerous minute, whitish subglobose papillae"	"Maerua purpurascens"
14	"Petioles up to 5 mm long; ovaries cylindrical; fruits elongated, torulose, glabrous or hairy but without subglobose papillae"	15
15	"Stems and leaves pubescent"	"Maerua crassifolia"
15	"Stems and leaves glabrous"	16
16	"Petioles up to 1(-2) mm long"	"Maerua sessiliflora"
16	"Petioles 2-5 mm long"	17
17	"Receptacles 3-5 mm long; pedicels 4-9 mm long"	"Maerua thomsonii"
17	"Receptacles 8-19 mm long; pedicels about 3 mm long"	"Maerua sp. 2"
18	"Receptacles shortly campanulate, 1.2-1.5 mm long; sepals 4-5 mm long; stamens 6-8"	"Maerua glauca"
18	"Receptacles cylindrical, widening upwards, 4-13 mm long; sepals 7-24 mm long; stamens about 15 or more"	19
19	"Sepals 12-24 mm long; anthers 3-4.5 mm long"	"Maerua macrantha"
19	"Sepals 5-12 mm long; anthers 1-2.5 mm long"	20
20	"At least some pedicels more than 12 mm long at anthesis"	21
20	"Pedicels up to 12 mm long at anthesis"	22
21	"Inflorescences several flowered racemeswith elongated axes; sepals usually 5-7.5 mm long; leaflets more than twice as long as wide"	"Maerua triphylla"
21	"Inflorescences 1-5-flowered racemes, the raceme axes shorter than 0.5 cm; sepals 8-10 mm long; leaflets less than twice as long as wide"	"Maerua sp. 3"
22	"Leaf blades broadly oblong to ovate-oblong; ovaries cylindrical; fruits torulose"	"Maerua oblongifolia"
22	"Leaf blades ovate-orbicular; ovaries ovoid; fruits subglobose"	"Maerua somalensis"
