from	statement	to
1	"Capsules and ovaries closed at the top; carpels 2"	2
1	"Capsules and ovaries open at the top; carpels usually 3"	3
2	"Leaves 3-44(-18) cm long, 1.5.5 cm wide"	"Reseda ellenbeckii"
2	"Leaves up to 2.5 cm long and 1.2 cm wide"	"Reseda telephiifolia"
3	"Leaves sessile, truncate to subcordate at the base; plants shrubs, usually more than 1 m tall"	"Reseda sessilifolia"
3	"Leaves at least shortly petiolate, blades tapering at the base; plants herbs or subshrubs, rarely above 1 m tall"	4
4	"Stems and leaves smooth to scabrid-papillose"	"Reseda amblycarpa"
4	"Stems and leaves densely and softly pubescent with spreading hairs"	"Reseda migiurtionorum"
