from	statement	to
1	"Glumes densely long ciliate on the keels, sometimes also on the margins"	2
1	"Glumes at most shortly hairy on the keels and margins"	3
2	"Inflorescences (2-)3.5-7 m long, pallid, usually exserted, sometimes partially enclosed by the inflated upermost sheath"	"Dignathia ciliata"
2	"Inflorescces 1.5-2.5 cm long, tinged with red, the lower portion enclosed by the very inflated, often bladeless uppermost sheath"	"Dignathia villosa"
3	"Spikelets 2-3.5 mm long; glumes scabridulous"	"Dignathia gracilis"
3	"Spikelets 4-7 mm long; glumes appressed pubescent"	"Dignathia hirtella"
