from	statement	to
1	"Leaves mostly opposite or subopposite, the pairs well-spaced except sometimes just below the inflorescence; flowers spirally disposed 0.4-0.9 mm long"	"Helixanthera kirkii"
1	"Leaves mostly alternate on long shoots, crowded on short shoots; rademes secund, with flowers 1.5-3.0 cm long"	2
2	"Flowers glabrous apart from margins; leaves oblanceolate-spathulate, long-cuneate to petiole, glabrous except in petiole groove"	"Helixanthera thomsonii"
2	"Flowers glandular hairy; leaves broadly spathulate to nearly circulare, rather abruptly contracted to petiole, minutely glandular hairy"	"Helixanthera flabellifolia"
