from	statement	to
1	"Tepals narrowly oblong-lanceolate (6-)6.5-7.5(-8) mm long; styles 3-4 mm long"	"Pupalia robecchii"
1	"Tepals oblong-ovate  4.25-5.5(-6) mm long; styles usually to 2(-3) mm long (Pupalia lanceolata)"	2
2	"Outer 2 tepals uniformly pilose to lanatel vegetative parts thinly pilose to tomentose"	"Pupalia robecchii var. velutina"
2	"Outer 2 tepals glabrous dorsally or sparingly pilose on the lower half, with tufts of at the basal angles; vegetative parts glabrous or very sparingly shortly hairy"	"Pupalia robecchii var. glabrescens"
