from	statement	to
1	"Plants herbs or shrubs, cultivated, usually unarmed but sometimes the calyces with prickles; fruits more than 5 cm in diameter"	"Solanum melongena"
1	"Plants shrubs or small trees, not cultivated, usually armed; fruits less than 5 cm in diameter"	2
2	"Leaves deeply lobed, with stellate hairs; middle ray of hairs up to 1.5 mm lon making the leaf surface appear pilose; ovaries and styles glandular hairy"	"Solanum dasyphyllum"
2	"Leaves entire, sinuate or inconspiuoulsy lobed; even if hairy, not as above; ovaries and styles with stellate hairs/"	3
3	"Younger parts of stems, perioles and leaf blades with thick, floccose, white indumentum; leaf blades with repand margins, prickles not distinctly hooked, usually less than 5 mm long"	"Solanum incanum"
3	"Younger parts of stems, perioles and leaf blades with thin, grey or brown indumentum; leaf blades with straight margins; prickles distinctly hooked, usually longer than 5 mm or leaves glabrous"	"Solanum campylacanthum"
