from	statement	to	shortcut
1	"Rhizomes woody, sympodial; leaf blades and sheaths shed together; staminate flowers sessile"	Thalassodendron	"Thalassodendron ciliatum"
1	"Rhizomes herbaceous, monopodial; leaf blades shed before the persistent sheaths; staminate flowers pedicellate"	2	
2	"Rhizomes with scale leaves; leaf blades terete; flowers in conspicuous cymose inflorescences"	Syringodium	"Syringodium isoetifolium"
2	"Rhizomes with foliage leaves; leaf blades flat; flowers solitary"	3	
3	"Leaf blades usually less than 3 mm wide, 3-veined; roots unbranched; styles simple; anthers attached at unequal heights"	Halodule	"Halodule uninervis"
3	"Leaf blades usually more than 3 mm widel 7-17-veined; roots branched; styles 2-branched; anthers attached at the same height"	Cymodocea	
