from	statement	to
1	"Mericarps finely tuberculate, not winged, without spines"	"Tribulus bimucronatus"
1	"Mericarps winged or with spines"	2
2	"Mericarps with 2 lateral wings"	"Tribulus pentrandrus"
2	"Mericarps with 1-2 pairs of spines"	3
3	"Petals 2-4 mm long; mericarps 2-3 mm long, 1-2 mm wide"	"Tribulus parvispinus"
3	"Petals 4-20 mm long; mericarps 4-8 mm long, 2-4 mm wide"	4
4	"Styles 1-4 mm long; petals 7-20 mm long; pedicels 10-50 mm long"	"Tribulus cistoides"
4	"Styles 0-0.5 mm long; petals 4-8 mm long; pedicels about 10 mm long"	"Tribulus terrestris"
