from	statement	to
1	"Plants annual herbs; sepals without horns; stamens about 5 or 13; inflorescences leafy to the top or almost so"	"Triumfetta pentandra"
1	"Plants perennial herbs or shrubs; sepals with distinct, subapical horns; stemens 20-40; inflorescnces varied in their leafiness"	2
2	"Fruits with flexible bristles 8-15 mm long; inflorescences up to 2.5 cm long"	"Triumfettta actinocarpa"
2	"Fruits with stiff bristles 0.5-6 mm long; inflorescences usually much longer than 2.5 cm"	3
3	"Inflorescences usually 2-branched; flower buds lanate, hairs golden yellow; fruit bristles 0.2-1.5 mm long, terminating in straight setae; stamens 20-22; ovaries 2-celled"	"Triumfetta flavescens"
3	"Inflorescences usually unbranched; flower buds glabrous or grey pubescent; fruit bristles 1-6 mm long, terminating in hooked setae; stamens 18-40; ovaries 3-celled"	4
4	"Branches and inflorescences glabrous or pubescent; fruits not 3-angled; fruit bristles 1-3 mm long, spreading, not paired"	"Triumfetta heterocarpa"
4	"Branches and infloresences tomentellous; fruits 3-angled; fruit bristles 1.5-6 mm long, incurved, arranged in pairs along the angles"	"Triumfetta trigona"
