from	statement	to	shortcut
1	"Leaves (and leaf-like stipules) in whorls of 4-10"	2	
1	"Leaves usually opposite, occasionally in whorls of 3, clearly different from the stipules"	3	
2	"Corollas 5-lobed; fruits fleshy"	Rubia	
2	"Corollas (3-)4-lobed; fruits dry"	Galium	
3	"Plants foul smelling climbers; styles 10-12 mm long, divided to the base or almost so"	Paederia	"Paederia pospischilii"
3	"Plants usually not foul smelling, prostrate to sometimes scandent herbs, shrubs, or trees; styles not divided to the base"	4	
4	"Calyces with petal-like, eccentric 5-20 mm long, more or less entire, limbs"	Carphalea	
4	"Calyces not petal-like, usually with distinct lobes or teeth"	5	
5	"Herbs, subshrubs, very slender shrubs, or small shrublets"	6	
5	"Shrubs or trees, distinctly woody"	16	
6	"Ovaries with 1 ovule in each cell"	7	
6	"Ovaries with numerous ovules in each cell"	10	
7	"Ovules pendulous, attached close to the top of the ovaries; flowers heterostylous, mostly in terminal, capitate inflorescences"	Pentanisia	
7	"Ovules attached at the base or the middle of the ovaries; flowers isostylous, not in terminal, capitate inflorescences"	8	
8	"Ovules erect, attached near the base of the ovaries; plants foul smelling"	Gaillonia	
8	"Ovules attached near the middle of the ovaries; plants not foul-smelling"	9	
9	"Fruits splitting into 2 mericaps when mature; seeds distinctly lobed"	Diodia	"Diodia aulacosperma"
9	"Fruits capsules; seeds grooved on one side but not lobed"	Spermacoce	
10	"Corollas 5-lobed"	11	
10	"Corollas usually 4-lobed, occasionally 5-lobed"	12	
11	"Corolla tubes 7-80 mm long; plants perennial herbs or shrubs"	Pentas	
11	"Corolla tubes 1.5-4.5 mm long; plants annual herbs of wet places"	Pentodon	
12	"Ovules on placentas inserted at the base of the septa"	13	
12	"Ovules on placentas inserted nead the middle of the septa"	14	
13	"Seeds angular, 0.6-0.8 mm long; corolla lobes glabrous on the inside; corolla tubes 20-57 mm long"	Conostomium	"Conostomium longitubum"
13	"Seeds flat, 1.2-2 mm long; corolla lobes densely covered with short hairs on the inside or, if glabrous, corolla tubes 12-14 mm long"	Pentanopsis	
14	"Anthers and styles included or almost so, the styles with stigma lobes well below the anthers to just reaching them"	Kohautia	
14	"Anthers and/or styles exserted or, if included, the stigma lobes reaching above the anthers"	15	
15	"Capsules loculicidally dehiscent; leaves often less than 1.5 cm longand/or 0.5 cm wide"	Oldenlandia	
15	"Capsules both loculicidally and septicidally dehsicent; leaves about 1.5-6 cm lon and 0.5-1 cm wide"	Agathisanthemum	"Agathisanthemum bojeri"
16	"Corolla lobes valvate in bud"	17	
16	"Corolla lobes imbricate or contorted in bud"	24	
17	"Styles without knob-like tips, divided into 2 stigma lobes; inflorescences terminal; ovaries with 1 erect ovule per cell"	Psychotria	
17	"Styles with globose to cylindrical knob-like tips (pollen presenters); inflorescences axially; ovaries with 1 pendulous ovule per cell"	18	
18	"Ovaries 2-clled"	19	
18	"Ovaries 3-5-celled"	21	
19	"Inflorescences enclosed in bud by paired persistent bracts"	Pyrostria	"Pyrostria phyllanthoidea"
19	"Inflorescences not enclosed by paired bracts"	20	
20	"Pollen presenters more or less cylindrical, longer than wide; anthers reflexed; plants unarmed"	Psydrax	
20	"Pollen presentes more or less globose; anthers not reflexed; plants sometimes armed with spines"	Canthium	
21	"Spines present"	22	
21	"Spines absent"	23	
22	"Ovaries 4-5-celled; spines up to 26 mm long; fruits 15-20 mm in diameter"	Meyna	"Meyna tetraphylla"
22	"Ovaries 3-celled; spines up to 5 mm long; fruits about 10 mm in diameter"	Rytigynia	"Rytigynia parvifolia"
23	"Flowers in few-flowered clusters; ovaries 3-4-clled; fruits less than 1 cm long"	Pachystigma	"Pachystigma gillettii"
23	"Flowers in branching cymes; ovaries 5-celled; fruits 1.4-2 cm long"	Vangueria	"Vangueria randii subsp. acuminata"
24	"Spines present"	Catunaregam	"Catunaregam nilotica"
24	"Spines absent"	25	
25	"Each stipule divided into 2 teeth"	Heinsia	"Heinsia crinita subsp. parviflora"
25	"Stipules not divided into 2 teeth"	26	
26	"Fruits capsules, 2-3 mm in diameter; corolla lobes imbricate in bud"	Wendlandia	"Wendlandia arabica"
26	"Fruits indehiscent, more than 3 mm in diamter; corolla lobes contorted in bud"	27	
27	"Calyx limbs reduced to a low rim; seeds 1 per cell, with a groove on the ventral side"	Coffea	
27	"Calyx limbs more or less well developed, toothed or truncate; seeds 1- many per cell, not grooved"	28	
28	"Inflorescences axillary, in both axils of a node, sometimes close to the top of the shoots and then seeming terminal"	29	
28	"Inflorescences terminal on the main axes and/or lateral branches, occasionally appearing axillary by reduction of the lateral branches"	31	
29	"Stipules sheathing at the base, aristate; fruits with 2-5 seeds per cell"	Tricalysia	
29	"Stipules neither sheathing nor aristate; fruits with 1 seed per cell"	30	
30	"Corolla lobes 6-7(-8); flowers in branched inflorescences"	Lamphrothamnus	"Lamphrothamnus zanguebaricus"
30	"Corolla lobes 4-5; flowers in dense clusters"	Polysphaeria	
31	"Corolla lobes 4; dot-shaped to linear bacterial nodules usually present and easily visible in the leaves"	Pavetta	
31	"Corolla lobes 5-9; bacterial nodules not present in the leaves"	32	
32	"Stipules sheathing at the base, often truncate"	Gardenia	
32	"Stipules not or scarcely sheathing at the base, usually triangular"	33	
33	"Corollas 3-11.5 cm long; fruits 3 or more centimeters long"	34	
33	"Corollas up to 1.5 cm long; fruits less than 1 cm long"	35	
34	"Corolla tubes cylindrical at the base, campanulate above, up to 7 cm long"	Rothmannia	"Rothmannia ravae"
34	"Corolla tubes narrowly cylindrical their whole length, 7-11.5 cm long"	Oxyanthus	"Oxyanthus zanguebaricus"
35	"Tubular part of the calyx limb not developed, lobes 2.5-4 mm long, finally deciduous and leaving only a small scar"	Feretia	"Feretia apodanthera subsp. keniensis"
35	"Tubular part of the calyx limb more or less disnct, the lobes not developed or only up to 1 mm long; calyx limbs persistent on top of the fruits"	36	
36	"Fruits 1(-2) seeded; seeds spherical to somethat flattened"	Coptosperma	
36	"Fruits about 6 seeded; seeds segment-shaped with a notched inner margin"	Tennantia	"Tennantia senni"
