from	statement	to
1	"Corollas 23-28 mm long; calyces 8-10 mm lon, glabrous"	"Pseudosopubia delamerei"
1	"Corollas less than 20 mm long; calyces 4-6 mm long, pubescent"	2
2	"Calyces divided to more than 1/3 their length, their lobes triangular to ovate; fertile thecae 2.5-5.5 mm long; plants usually erect, rarely ascending"	"Pseudosopubia hildebrandtii"
2	"Calyces divided for 1/2-2/3 their length, the lobes linear-lanceolate; fertile thecae about 2 mm long; plants procumbent"	"Pseudosopubia procumbens"
