from	statement	to	shortcut
1	"Plants with stinging hairs at least on the inflorescences and petioles"	Urtica	"Urtica urens"
1	"Plants completely without stinging hairs"	2	
2	"Bisexual or staminate inflorecneces enclosed by a common involucre; pistillate inflorescences with clusters of small 1(-2) flowered perianth-like involucres, often on reduced branches; individual plants sometimes pistillate"	Forsskaolea	
2	"Inflorescences with involvucres"	3	
3	"Stipules present, at least on the younger stems"	Pouzolzia	"Poulzolzia parasitica"
3	"Stipules absent"	Parietaria	"Parietaria debilis"
