from	statement	to
1	"Plants leafy"	2
1	"Plants leafless"	3
2	"Inflorescences shortly pedunculate; berries white, smooth; leaves not fleshy, often with undulate margins, usually clearly 3(-5) veined at the base"	"Viscum triflorum"
2	"Inflorescences sessile; berries organ, tuberculate at least when young; leaves fleshy, margins not undulate, venation usually hard to see"	"Viscum tuberculatum"
3	"Internodes of distal branches flattened (those of older branches more rounded); flowers unisexual but plants with both staminate and pistillate flowers but staminate flowers rare and, like the pistillate flowers, solitary"	"Viscum schimperi"
3	"Inernodes of distal branches round; plants and flowers unisexual (species dioecious); staminate flowers in clusters of 2-3 per bracteal cup"	"Viscum griseum"
