from	statement	to
1	"Leaves broadly elliptic or boradly obovate to almost round, blunt or abruptly apiculate; flowers short and plump to about 4.5 mm long"	"Achyranthes aspera var. aspera"
1	"Leaves oblong to elliptic, blunt to long acuminate; flowers 3-7 mm long but less plump and, is shorter than 4.5 mm, the leaves frequently distinctly acuminate"	2
2	"Leaves, even when young, not with silvery green lower surfaces and upper surfaces green; flowers usually 5-7 mm long"	"Achyranthes aspera var. pubescence"
2	"Leaves usually with silvery-canescent lower surfaces and greenish upper surfaces, at least when young; flowers usually 3-4.5 mm long"	"Achyranthes aspera var. sicula"
