from	statement	to	shortcut
1	"Leaves twice pinnately compopound, with numerous leaflets; corollas blue or violet"	Jacaranda	"Jacaranda mimosifolia"
1	"Leaves once pinnately compound, palmately compound, or with 1 or 3 leaflets, or simple; corolla colours various, including lavender but not blue or violet"	2	
2	"Leaves palmately compound, with 1-5 leaflets, or simple; calyces cup-shaped"	3	
2	"Leaves pinnately compound; calyces campanulate to almost tubular, sometimes large and spathe-like…."	4	
3	"Calyces about 20 mm long; corollas 3-4.5 cm long, dirty white with purplish venaton; fruits globose with woody wall"	Crescentia	"Crescentia cujete"
3	"Calyces 7-12 mm long; corollas 3.5-7 cm long, lavender to pale magenta or white; fruits linear-cylindric capsules 7-20 cm long"	Tabebuia	"Tabebuia heterophylla"
4	"Flowers in pendulous, lax panicles up to 1(1.5) m long; fruits fleshy, sausage-shaped, up to80 cm long, indehiscent; seeds not winged"	Kigelia	"Kigelia africana"
4	"Flowers in erect, short panicles or racemes, or clustered, or solitary; fruits dehiscent capsules; seeds winged"	5	
5	"Leaves with 3 leaflets, leaflets 2-6 mm long; stamens 5; capsules 1-3 cm long"	Rhizogonium	"Rhizogonium somalense"
5	"Leaves with 3-15 leaflets; leaflets 3-145 mm long; stamens 4, with 1 staminode; capsules 9-35 cm long"	6	
6	"Calyces tubular campanulate,about 7 mm long; corollas bright yellow; capsules 9-16.5 mm long"	Tecoma	"Tecoma stans"
6	"Calyces spathe-like,10-55 cm long corollas orange-red or yellow-greenish flecked with maroon; capsules 17-60 cm long"	7	
7	"Leaves with 3-7 leaflets; calyces with a tapering hooked tip; corollas yellowish green flecked with maroon; capsules 20-40 cm long"	Markhamia	"Markhamia zanzibarica"
7	"leaves with 9-15 leaflets; calyces narrowing to a recurved tip; corollas orange-red with a yellow border"	Spathodea	"Spathodea campanulata"
