from	statement	to
1	"Leaves thick, somewhat succulent, glabrous, emarginate to obtuse"	"Hypoestes carnosula"
1	"Leaves thin, usually more or less desnelt pubescent, obtuse to acute"	2
2	"Leaves narrowly lanceolate to ovate, usually dull green because of a fairly dense indumentum ofcurved, appressed hairs, sometimes glabrous, rarely with a dense bluish grey indumentum but then with narrow leaves"	"Hypoestes forskaolii"
2	"Leaves ovate, bluish grey from a very dense indumentum of short appressed hairs"	"Hypoestes cinerea"
