from	statement	to
1	"Plants aerial hemiparasites, bushy, with brittle stems; fruits white, yellow or orange berries"	Viscum
1	"Plants root hemiparasites, woody-based perennials to shrubs or small trees, stems not brittle; fruits drupes or nuts"	2
2	"Plants and flowers unisexual; leaves elliptic to elliptic-oblong; fruits drupes"	"Osyris:Osyris lanceolata"
2	"Flowers, and therefore plants, bisexual; leaves linear or scalelike; fruits nuts, sometimes with a fleshy outer layer"	"Thesium:Thesium hararensis"
