from	statement	to
1	"Pods much longer that 6 mm, nearly straight, beaked; flowers 1-2 together, subsessile in leaf axils"	"Medicago foenugraeca"
1	"Pods up to 6 mm long, curved or spirally coiled; flowers in short pedunculate racemes"	2
2	"Corollas 7-11 mm long, blue to violet; plants perennial"	"Medicago sativa"
2	"Corollas 2-5 mm long, yellow; plants annual"	3
3	"Pods kidney-shaped; racemes with 10-50 flowers"	"Medicago lupulina"
3	"Pods spiral, with 3-6 turns; racemes with 1-6(-8) flowers"	4
4	"Plants almost glabrous or sparsely pilose; racemes with 1-2 flowers; pods with a narrow, inconspicuous groove between the marginal and submarginal veins, not visible when the pods are viewed from the dge"	"Medicago laciniata"
4	"Plants softly hairy; racemes with (1-)2-6(-8) flowers; pods with a wide groove between the marginal and submarginal veins, visible when the pods are viewed from the edge"	"Medicago minima"
