from	statement	to
1	"Plants woody climbers with thick basal stems and deeply fissured corky, coral-like bark"	2
1	"Plants tuberous-rooted herbs with slender aerial stems"	3
2	"Leaves simple; bark red, pink, or grey"	"Kedrostis gijef"
2	"Leaves compound, with 3 sessile leaflets; bark brownish"	"Kedrostis pseudogijef"
3	"Male peduncles slender, similar to the pedicels; fruits 0.7-2 cm long, finely pilose; tendrils simple"	"Kedrostis foetidissima"
3	"Male peduncles thick, quite different in appearance from the pedicels; fruits much longer than 2 cm, glabrous or almost so; tendrils often bifid"	4
4	"Fruits more or less truncate at the base; stems distinctly spreading-hairy; male petals 3.5-5 mm long"	"Kedrostis leloja"
4	"Fruits with tapering bases; stems subglabrous or sparsely hairy; male petals 1.5-3 mm long"	"Kedrostis abdallai"
