from	statement	to
1	"Perennial plants with horizontal rhizomes; achenes about 1.5 mm long"	"Fuirena boreocoerulescens"
1	"Annual, clump-forming plants; achenes 0.6-1.2mm lonh"	2
2	"Achenes 0.6-0.7 mm long smooth; inner perianth-segments subcordate and swollen to almost ball-shaped at the tip"	"Fuirena somaliensis"
2	"Achenes 0.8-1.2 mm long with logitudinally raised ribs and narrow rectangular surface cells between the ribs; inner perianth segments very slender, anchor- or hammer-shaped at the tip"	"Fuirena striatella"
