from	statement	to
1	"Lower leaves pinnately lobed or divided; Fruit splitting into 4 nutlets at maturity;"	"Verbena:Verbena officinalis subsp. africana"
1	"All leaves simple, sometimes entire or toothed but never lobed or divided; fruits drupes or of 2-4 nutlets"	2
2	"Fruits fleshy"	3
2	"Fruits dry"	5
3	"Flowers in headlike spikes; calyces 2-tooth; fruits  lilac, purple, or black, 2.5-5(-7) mm long"	Lantana
3	"Flowers in elongated racemes, sometimes appearing paniculate; calyces 5-toothed; flowers white or blue; fruits yellow to orange, about 5-8 mm long"	4
4	"Plants not glandular hairy; fruits yellow to orange"	"Duranta:Duranta erecta"
4	"Plants with glandular hairy stems and leaves; fruit color not known"	"Coelocarpum:Coelocarpum africanum"
5	"Ovary 4-celled; nutlets normally 2-celled and 2-seeded, more or less spiny or tuberculate"	"Priva:Priva adhaerens"
5	"Ovary 2-celled; stones or nutlets usually 1-celled and 1-seeded, neither spiny n or tuberculate"	6
6	"Inflorescences spikes 5-40 cm long; calyces tubular, 5-15 mm long;"	Chascanum
6	"inflorescences in racemes, heads, or short spikes; calyces up to 7 mm long"	7
7	"Plants perennial herbs, not aromatic, usually prostrate and with medifixed hairs"	"Phyla:Phyla nodiflora"
7	"Plants aromatic shrubs or subshrubs, usually erect, without medifixed hairs"	Lippia
