from	statement	to
1	"Pappuses conspicuously dimorphic,with external capillary bristles and about 10 scales"	2
1	"Pappuses isomorphic, made up of bristles, the inner bristles sometimes with broader bases"	3
2	"Plants annual herbs; leaves linear-elliptic to linear-oblanceolate, often conduplicate; phyllaries with 1-7 mm long pungent acuminate tips; achenes 1.6-3 mm long"	"Dicoma tomentosa"
2	"Plants shrubs; leaves broadly elliptic to suborbicular, not conduplicate; phyllaries with 0.2-0.5 mm long pungent-acuminate tips; achenes 1.3-1.5(-2.5) mm long"	"Dicoma bangueolensis"
3	"Pappuses of one series of aobut 10 bristles"	"Dicoma schimperia"
3	"Pappuses in several series of more than 10 bristles"	4
4	"Phyllaries squarrose (=with spreading tips)"	5
4	"Phyllaries not squarrose"	6
5	"Phyllaries 100-130 per capitulum, glabrous; corollas about 9 mm long; achenes 1.5-2 mm long, broadly turbinate; pappuses of 100-130 bristles 7-9 mm long"	"Dicoma somalensis"
5	"Phyllaries 35-70 per capitulum moderately cobwebby-lanate; corollas about 5 mm long; achenes 2.7-3 mm long, narrowly turbinate; pappuses of 60-70 bristles 4.5-5.2 mm long"	"Dicoma hindiana"
6	"Leaves linear-revolute, often with an apical spine"	7
6	"Leaves not linear-revolute, without an apical spine"	8
7	"Stems prostrate, twisted; leaves often more or less clustered, 7-17 mm long, slightly curved; capitula sessile to subsessile; phyllaries with acuminate tips 0.2-1 mm long, pappuses 5-5 mm long"	"Dicoma paivae"
7	"Stems erect, striaght; leaves alternate, (5-)15-22(-26) mm long, straight; capitulat on leafy peduncles 2-5 cm long; phyllaries with acuminate tips 1.2-3.5 mm long; pappuses 6-7 mm long"	"Dicoma thuliniana"
8	"Plants annual herbs; achenes 1.5-2 mm ong; pappuses 4-5 mm long"	"Dicoma papoeana"
8	"Plants shrublets; achenes 2.8-3.7 mm long; pappuses 6.5-7(-8) mm long"	9
9	"Leaves scale-like, up to 3 mm long and 1 mm wide; involucres 6.5-8 mm tall, 3.8-5.5 mm wide, narrowly cylindric; pappuses of 38-75 bristles"	"Dicoma scoparia"
9	"Leaves narrowly elliptic, 10-130 mm long, 2-12.5 mm wide; involucres 13-15 mm tall, 22-23 mm wide, broadly campanulate; pappuses of 100-120 bristles"	"Dicoma gillettii"
