from	statement	to
1	"Plants shrubs, 1-2.5 mm tall; verticillasters with (6-)8-10 flowers"	"Salvia somalensis"
1	"Plants shrublets or perennial herbs up to 0.5 m tall; verticillasters with 2-6 flowers"	2
2	"Corollas 6-7 mm long; staminal connectives about 2 mm long"	"Salvia aegyptiaca"
2	"Corollas 8-17 mm long in bisexual, chasmogamous flowers, shorter in pistillate or cleistogamous flowers; staminal connectives over 6 mm long"	3
3	"Leaves up to 20 mm long and 9 mm wide; upper calyx lips with lateral lobes about 1 mm long; bracteoles present"	"Salvia bariensis"
3	"Leaves 40-100 mm long, 4-25 mm wide; upper calyx lipes with lateral lobes 0.3-0.5 mm long; bracteoles absent"	"Salvia merjamie"
