from	statement	to
1	"Inflorescences up to 0.5 cm across (excl. corollas), terminal on short, leafless spurs; leaf blades up to 1.7 cm long"	"Coptosperma somaliense"
1	"Inflorescences 1-6,5 cm acros (excl. corollas), terminal on main and leafy lateral branches; leaf blades 2.5-15 cm long"	2
2	"Inflorescences open; pedicels 3-19 cm long; tubular portionof calyces well developed, truncate or with very short teet; stipules 0.5-2(-3) mm long, hairy within; endosperm deeply ruminate"	"Coptosperma nigrescens"
2	"Inflorescences dense; pedicels 0-3(-5) mm long; calyx lobes as long as the the calyx tube; stipules 2.5-9 mm long, glabrous within; endosperm more or less entire"	"Coptosperma graveolens"
