from	statement	to
1	"Corolla lobes reflexed to revolute at anthesis"	2
1	"Corolla lobes remaining erect; tube with appendages inside"	4
2	"Corolla lobes not expanded into pouches at that base; corolla tubes with a ring of small hairy appendages inside; petioles 0-1 mm long; flowers in subsessile umbels; plants glabrous"	"Oncocalyx ugugensis"
2	"Corolla lobes expanded at base to form narrow, roundly protruding pouches around vents of maturing buds; corolla tubes without appendages inside; petioles 2-6 mm long"	3
3	"Flowers solitary and sessile; filaments without a tooth; berries verrucose; plants almost glabrous to densely hairy"	"Oncocalyx fischeri"
3	"Flowers 2-4 together in umbellate, pedunculate clusters; filaments with a very small tooth in front of the anthers; berries smooth; plants glabrous"	"Oncocalyx glabratus"
4	"Branchlets slightly compressed at first, soon subterete, usually shortly hairy varying to glabrous"	5
4	"Branchlets angular to winged, distinctly keeled below each node, glabrous"	7
5	"Corollas 1.3-2.5 cm long, yellow (sometimes with a green or red base); lobes dilated and folded back to form small pouches around vents of the mature buds"	"Oncocalyx schimperi"
5	"Corollas 2.5-3.5 cm long, reddish at tips; lobes scarcely expanded about their bases"	6
6	"Primary leaves soon falling, replaced by a tuft of small, sessile grey papillae to den densely hairy leaves at flowering time; corollas red and white"	"Oncocalyx ghikae"
6	"Primary leaces subpersistent, petiolate, glaucous, glabrous, or with very small inconspicous hairs; corollas orange-yellow, sometimes green to red on tube and red on lobes"	"Oncocalyx kelleri"
7	"Leaves cuneate at the base; petioles 2-3 mm long; corollas yellow around the base of the lobes, variously green to yellow-green above and below"	"Oncocalyx angularis"
7	"Leaves cordate at the base, sessile; corollas yellow fading orange-yellow, lobe tips sometime orange"	"Oncocalyx cordifolius"
