from	statement	to
1	"Stems with almost flat tubercles; leaves quickly falling; outer coronas not cup-shaped, of 5 free lobes"	2
1	"Stems with distinctly raised tubercles; leaves often persistent as hard bristles or scales; outer coronas cup-shaped"	3
2	"Inner surface of corollas covered by sharp-pointed papillae (use hand lens)"	"Echidnopsis dammanniana"
2	"Inner surface of corollas covered by stalked, globular papillae"	"Echidnopsis virchowii"
3	"Stem tubercles large, toothlike, laterally compressed; pedicels 12-15 mm long; corollas urn-shaped, 8-10 mm wide, narrowing to about 2 mm wide at the tubular mouth"	"Echidnopsis ballyi"
3	"Stem tubercles not as above; pedicels up to 10 mm long; corollas not as above"	4
4	"Corollas narrowly tubular and curved, 20-25 mm long, 4-5 mm wide,"	"Echidnopsis mijerteina"
4	"Corollas urn-shaped or rotate to deeply campanulate"	5
5	"Corollas urn-shaped, the tube widest near the base and narrowing to the mouth"	6
5	"Corollas rotate to deeply campanulate"	7
6	"Leaves soon falling; corolla lobes linear, 5-8 mm long"	"Echidnopsis watsonii"
6	"Leaves persistent as white bristles; corolla lobes triangular"	"Echidnopsis urceolata"
7	"Corollas rotate, flat or with reflexed lobes"	8
7	"Corollas shallowly to deeply campanulate"	11
8	"Stems 8-10 angled; leaves recurved; inner corona lobes not reaching the centre of the staminal column"	9
8	"Stems (10-)12-18-angled; leaves erect; inner corona lobes connivent over and extending about the staminal column"	10
9	"Corollas sparsely hairy inside; stems about 8 mm thick"	"Echidnopsis sharpei"
9	"Corollas glabrous inside; stems 12-15 mm thick"	"Echidnopsis bavazzanoi"
10	"Coronas brown"	"Echidnopsis planiflora"
10	"Coronas bright yellow"	"Echidnopsis flavicorona"
11	"Stems 16-20-angled"	"Echidnopsis bihendulensis"
11	"Stems 8-9-angled"	12
12	"Corollas 12-15 mm wide, densely hairy inside"	"Echidnopsis ciliata"
12	"Corollas up to 10 mm wide, glabrous or with ciliate margins"	13
13	"Corollas deeply campanulate, about 6 mm long and 5 mm wide, with ciliate margins; inner corrona lobes very short, not connivent"	"Echidnopsis similis"
13	"Corollas not deeply campanulate, 8-10 mm wide; inner corona lobes connivent over and extending beyond the staminal column"	14
14	"Corollas yellow on both sides"	"Echidnopsis chrysantha"
14	"Corollas red on the outside"	"Echidnopsis rubrolutea"
