from	statement	to
1	"Plants with inflorescences laterally displaced by new growth of stem from the top; corollas yellowish with purplsh spots; outer corona lobes absent"	"Desmidorchis penicillata"
1	"Plants with terminal, umbel-like inflorescences; corollas not yellowish with purplish spots; outer corolla lobes present"	2
2	"Corollas deeply campanulate, smooth"	"Desmidorchis speciosa"
2	"Corollas rotate or shallowly campanulate, rugose"	3
3	"Stems conspicuously winged plants up to 150 cm tall, very robust"	"Desmidorchis retrospiciens"
3	"Stems angled but not winged; plants to about 30 cm tall"	4
4	"Corollas bright yellow"	"Desmidorchis somalica"
4	"Corollas purplish black"	"Desmidorchis edithae"
