from	statement	to	shortcut
1	"Fruits silicles, not more than 3 times as long as broad; ovaries spheroid, ellipsoid; ovoid, or pyriform"	2	
1	"Fruits more than 3 times as long as wide; ovaries more or less cylindrical"	3	
2	"Silicles wimged; cauline leaves clasping"	Schouwia	"Schouwia purpurea"
2	"Silicles not winged; cauline leaves not clasping"	Farsetia	
3	"Silicles with transverse septa or internal projections between the seeds; outer walls sometimes winged or horned"	Diceratella	
3	"Silicles with neither septa not internal projections"	4	
4	"Plants with bifid appressed hairs all over; all leaves entire"	Farsetia	
4	"Plants glabrous or with branched  and/or simple hairs; some leavesdenticulate tp pinnate"	5	
5	"Siliques with a distinct gynophore between the pedicel and the ovary"	Diplotaxis	"Diplotaxis harra"
5	"Siliques without a gynophore"	6	
6	"Siliques tapering into a sterile tip or few seeded beak terminated by the stigma"	7	
6	"Siliques more or less abruptly terminated by a thin style"	8	
7	"Siligues nearly always more than 2 mm wide; outer walls convex"	Brassica	"Brassica somalensis"
7	"Siliques less than 2 mm wide; outer walls keeled"	Erucastrum	
8	"Petals red, violet, or purple; leaves with glandular hairs"	Matthiola	"Matthiola erlangeriana"
8	"Petals yellow or white; without glandular hairs"	Sisymbrium	
