from	statement	to
1	"Leaves all alternate; plants often with spiny branches"	2
1	"Leaves usually opposite or subopposite, rarely alternate; spines absent except, sometimes, on leaf margins"	3
2	"Fruits dehiscent capsules"	Maytenus
2	"Fruits drupes"	"Mystroxylon:Mystroxylon aethiopicum"
3	"Flowers with a disk situated insdie the stamens; stamens 4-5"	4
3	"Flowers with a disk situated outside the stamens; stamens 3"	5
4	"Fruits elongate capsules; seeds winged; styles 3, free"	"Catha:Catha edulis"
4	"Fruits drupes; seeds not winged; styles simple, sometimes with 2-3-lobed stigmas"	Elaeodendron
5	"Latex threads present, especially visible when breaking the peioles; inflorescences sessile or shortly pedunculate, sometimes appearing umbel-like or in a cluster; fruits berries"	Salacia
5	"Latex thread absent; inflorescences pedunculate, dichasial cymes; fruits with 3 dehiscent mericarps"	Hippocratea
