from	statement	to
1	"Leaves 5-17 mm long; plants shrublets"	2
1	"Most or all leavea well over 20 mm long; plants perennial herbs"	3
2	"Corolla tubes 20-28 mm long; fruits 4-5-celled, 4.5-5 mm long, shortly hairy, indehiscent"	"Pentanisia calcicola"
2	"Corolla tubes 11-18 mm long; fruits 2-celled, about 2.5 mm long, covered by hairs about 2 mm long, splitting into 2 mericarps"	"Pentanisia microphylla"
3	"Leaves more or less crowded towards the stem bases; flowers in oblong heads"	"Pentanisia longepedunculata"
3	"Leaves more or less evenly dispersed along the stems; flowers in rounded or branched heads"	4
4	"Corollas bright blues, tubes up to 23 mm long; calyx lobes leaf-like, 3-10 mm long"	"Pentanisia ouranogyne"
4	"Corollas white to pale blu, tubes 25-43 mm long; calyx lobes leaf-like, often more than 10 mm long"	"Pentanisia longituba"
