from	statement	to
1	"Corollas rotate, with a prominent annulus"	"Huernia somalica"
1	"Corollas shallowly to deeply campanulate, without an annulus"	2
2	"Coronas about 3.5 mm wide; corollas papillate all over"	"Huernia concinna"
2	"Coronas 8019 mm wide; corollas smooth at least at the base of the tube"	3
3	"Corollas deeply campanulate, about 20 mm wide, concentrically marked with brkwn lines or elongated spots"	"Huernia lavrani"
3	"Corollas shallowly campanulat, about 35-40 mm wide, marked with spots only"	"Huernia formosa"
