from	statement	to
1	"Plants terrestrial"	2
1	"Plants epiphytic"	6
2	"Lips without spurs"	"Epipactis:Epipactis veratrifolia"
2	"Lips spurred"	3
3	"Leaves, scapes, and bracts villous"	"Holothrix:Holothrix arachnoidea"
3	"Plants glabrous througout"	4
4	"Spurs shorter than the rest of the lip; pollinia 2, subglobose, non-sectile, on joint viscidium, without subterranean root tubers, sometimes with above ground pseudobulbils"	"Eulophia:Eulophia petersii"
4	"Spurs much longer than the rest of the lip; pollinia 2, sectile (composed of many small packets of pollen)"	5
5	"Spurs less than 8 cm long"	Habenaria
5	"Spurs more than 9 cm long"	"Bonatea:Bonatea  steudneri"
6	"Lips without spurs"	"Acampe:Acampe pachyglossa"
6	"Lips with spurs"	7
7	"Plants leafless"	"Microcoelia:Microcoelia sp."
7	"Plants with leaves"	8
8	"Stems much more than 10 cm long; leaves evenly distributed over part of the stems"	"Solenangis:Solenangis wakefieldii"
8	"Stems lessthan10 cm long; leaves congested"	"Angraecum:Angraecum dives"
