from	statement	to
1	"Inflorescences in at least somewhat elongated shoots; leaflets (3-)5-7, usually more than 10 mm long"	"Dalbergia commipharoides"
1	"Inflorescences on cushion-shaped branchlets with tufts of leaves; leaflets 9 or more or, if 7 or fewer, less than 7 mm long and glabrous"	2
2	"Corollas 4-4.5 mm long; fruits not winged; lateral branches spine-tipped"	"Dalbergia eremicola"
2	"Corollas 6-8 mm long; upper margins of fruits narrowly winged; branches not spine-tipped"	3
3	"Branchlets, leaves, and calyx tubes pubescent; leaflets 13 or more; banner petals hairy inside near the base"	"Dalbergia microphylla"
3	"Branchlets, leaves and calyx tubes glabrous; leaflets up to 11; banner petals glabous inside"	"Dalbergia uarandensis"
