from	statement	to
1	"Spikelets 1.8-2.2 mm long, widest at the middle, acute; upper glumes and lower lemmas submembranaceous; pedicels often over 3 mm long"	"Panicum dichotomiflorum subsp. puritanorum"
1	"Spikelets 2.2-3.8 mm long, widest below the middle, acuminate; upper glumes and lower lemmas subcoriaceous; most pedicels less than 3 mm long"	2
2	"Sheaths glabrousor sparsely pilose, hairs not papillose-based"	"Panicum dichotomiflorum subsp. dichotomiflorum"
2	"Sheaths hispid, hairs papillose-based"	"Panicum dichotomiflorum subsp. bartowense"
