from	statement	to
1	"Paleal keels each with 2 awns, the lower awn 1–3 mm long, the upper awn 0.3–1 mm long; lemmas 3.5–5 mm long; plants of the arctic"	"Pleuropogon sabinei"
1	"Paleal keels each with 1 awn 3–9 mm long, or a triangular appendage; lemmas 4.5–10 mm long; plants of the Pacific Northwest and California"	2
2	"Lowest lemma in each spikelet 4.5–7.5 mm long; culms 15–95 cm tall; caryopses 2.5–3.1 mm long"	3
2	"Lowest lemma in each spikelet 8–10 mm long; culms mostly 100–160 cm tall; caryopses 3.5–6 mm long"	4
3	"Paleal keels unawned, with a triangular appendage; rhizomes absent or poorly developed; rachilla internodes with a glandular swelling at the base"	"Pleuropogon californicus"
3	"Paleal keels with an awn 3–9 mm long, without a triangular appendage; rhizomes strongly developed; rachilla internodes without a glandular swelling at the base"	"Pleuropogon oregonus"
4	"Lemma awns 0.2–4 mm long; pedicels usually erect, rarely reflexed, the spikelets erect or ascending at maturity"	"Pleuropogon hooverianus"
4	"Lemma awns (5)9–20 mm long; pedicels reflexed, the spikelets pendent at maturity"	"Pleuropogon refractus"
