from	statement	to
1	"Panicle branches deciduous, disarticulation occurring at their bases; spikelets usually 1-15 per branch, usually appressed rather than pectinate"	2
1	"Panicle branches persistent; disarticulation above the glumes; spikelets 6-130 or more per branch, pectinate"	13
2	"All or most panicle branches with 1 spiklets"	"Bouteloua uniflora"
2	"All or most panicle branches with 2-15 spikelets"	3
3	"First (proximal) spikelet on each branch with 1 floret, the remaining spikelets with 2 florets; plants annual; panicles with 1-15 branches"	"Bouteloua aristidoides"
3	"Spikelets all alike or with 2 or more florets; plants annual or perennial; panicles with 1-80 branches"	4
4	"Central awns of lemmas flanked by 2 membranous lobes at maturity, the lobes 0.5-1.5 mm"	5
4	"Central awns of lemmas, if present, not flanked by membranous lobes or the lobes less than 0.3 mm long"	7
5	"Upper glumes bilobed, awned, the awns arising from between the teeth; inflorescence branch axes with deeply bi- or trifurcate apices; second florets sterile, rudimentary"	"Bouteloua rigidiseta"
5	"Upper glumes acute, unawned or awn-tipped; inflorescence branch axes with apices entire; second florets usually staminate"	6
6	"Base of plants dense, hard and knotty; culms straight, unbranched; panicle branches (15)20-30 mm long; plants rhizomatous"	"Bouteloua radicosa"
6	"Base of plants usually not dense, hard, or knotty; culms straight or geniculate, branching; panicle branches 10-20 mm long; plants not rhizomatous"	"Bouteloua repens"
7	"Upper glumes with hairs, at least over the midveins"	8
7	"Upper glumes glabrous, sometimes scabrous"	10
8	"Upper glumes with hairs only over the veins"	"Bouteloua repens"
8	"Upper glumes with hairs over the veins and elsewhere"	9
9	"Panicles 6-10 cm long; branches with 2-6 spikelets"	"Bouteloua eludens"
9	"Panicles 2.5-6 cm long; branches with 8-12 spikelets"	"Bouteloua chondrosioides"
10	"Second florets sterile, usually rudimentary, usually without paleas; central awns rarely to 7 mm long; panicles with 9-80 branches"	11
10	"Second florets bisexual, pistillate or staminate, with well-developed paleas; central awns 4-10 mm long; panicles with 2-17 branches"	12
11	"At least some leaf blades more than 2.5 mm wide, flat or folded when dry; ligules 0.3-0.5 mm long; anthers yellow, orange, red, or purple"	"Bouteloua curtipendula"
11	"Leaf blades 1-1.5(2.5) mm wide, involute when dry; ligules 1-1.5 mm long; anthers dark purple"	"Bouteloua warnockii"
12	"Base of plants dense, hard and knotty; culms straight, unbranched; panicle branches (15)20-30 mm long; plants rhizomatous"	"Bouteloua radicosa"
12	"Base of plants usually not dense, hard, or knotty; culms straight or geniculate, branching; panicle branches 10-20 mm long; plants not rhizomatous"	"Bouteloua repens"
13	"Upper glumes of at least some spikelets with papillose-based hairs"	14
13	"Upper glumes glabrous, scabrous, or hairy, but the hairs not papillose-based"	16
14	"Panicle branches extending beyond the base of the terminal spikelets"	"Bouteloua hirsuta"
14	"Panicle branches terminating in a spikelet"	15
15	"Plants tufted annuals or short-lived stoloniferous perennials; panicle branches 4-8, the axes with papillose-based hairs; lowest lemmas 3-4 mm long"	"Bouteloua parryi"
15	"Plants perennial, often shortly rhizomatous; panicle branches 1-3(6), the axes scabrous, never with papillose-based hairs; lowest lemmas 3.5-6 mm long"	"Bouteloua gracilis"
16	"Lower cauline internodes woolly-pubescent"	"Bouteloua eriopoda"
16	"Lower cauline internodes glabrous or mostly so, sometimes pubescent immediately below the nodes"	17
17	"Central awns of lemmas not flanked by membranous lobes"	"Bouteloua trifida"
17	"Central awns of lemmas flanked by 2 membranous lobes"	18
18	"Lowest paleas in the spikelets awned, awns 1-2 mm long; panicles with 2-20 branches"	19
18	"Lowest paleas in the spikelets unawned, but the veins sometimes excurrent for less than 1 mm; panicles with 1-6 branches"	20
19	"Lowest lemmas glabrous, with awns 3-4 mm long; panicle branches with 6-20 spikelets; plants perennial"	"Bouteloua kayi"
19	"Lowest lemmas densely pilose, with awns 0.5-3 mm long; panicle branches with 20-50 spikelets; plants annual or short-lived perennials"	"Bouteloua barbata"
20	"Plants annual"	"Bouteloua simplex"
20	"Plants perennial"	21
21	"Culms usually with 2-3 nodes, not woody at the base; caryopses 2.5-3 mm long; lower paleas shallowly bilobed, the veins sometimes excurrent"	"Bouteloua gracilis"
21	"Culms usually with 4-5 nodes, somewhat woody at the base; caryopses 1-1.2 mm long; lower paleas acute to acuminate, the veins not excurrent"	22
22	"Lower culm internodes with a thick, white, chalky bloom distally; panicle branches stramineous, mostly appressed, usually straight to slightly arcuate; plants rhizomatous, growing on gypsum soils"	"Bouteloua breviseta"
22	"Lower culm internodes without a conspicuous bloom; panicle branches dark, mostly ascending to widely divergent, usually becoming arcuate; plants not rhizomatous, growing on limestone soils"	"Bouteloua ramosa"
