from	statement	to
1	"Distal lemmas awned, awns 3–9 mm long; spikelets 4.5–9.5 mm long"	"Sphenopholis pensylvanica"
1	"Distal lemmas unawned or awned, awns 0.1–3 mm long; spikelets 2.1–5.2 mm long"	2
2	"Distal lemmas scabrous on the sides, unawned or awned; anthers (0.5)1–2 mm long"	3
2	"Distal lemmas usually smooth on the sides, sometimes scabrous or scabridulous distally, unawned; anthers 0.2–1 mm long"	4
3	"Lower glumes at least 1/3 as wide as the upper glumes; blades (1)2–5(7) mm wide, flat to slightly involute; awns absent or shorter than 1 mm"	"Sphenopholis nitida"
3	"Lower glumes less than 1/3 as wide as the upper glumes, rarely slightly wider; blades 0.3–1.5(2) mm wide, involute to filiform; awns absent or (0.1)1–3 mm long"	"Sphenopholis filiformis"
4	"Upper glumes subcucullate, the width/length ratio 0.3–0.5; panicles usually erect, often spikelike, the spikelets usually densely arranged"	"Sphenopholis obtusata"
4	"Upper glumes not subcucullate, the width/length ratio 0.17–0.35; panicles usually nodding, not spikelike, the spikelets usually loosely arranged"	5
5	"Spikelets 2.1–4 mm long; lowest lemmas 2.1–3 mm long; upper glumes 1.9–2.9 mm long"	"Sphenopholis intermedia"
5	"Spikelets 4–5.2 mm long; lowest lemmas 3.1–4.2 mm long; upper glumes 3–3.9 mm long"	"Sphenopholis longiflora"
