from	statement	to
1	"Awns pilose on all segments, the terminal segment with hairs 1–3 mm long"	"Hesperostipa neomexicana"
1	"Awns scabrous to strigose on the first 2 segments, the terminal segment scabridulous"	2
2	"Lemmas usually evenly white-pubescent, sometimes glabrous immediately above the callus; lower ligules often lacerate"	"Hesperostipa comata"
2	"Lemmas unevenly pubescent with brown to beige hairs; lower ligules not lacerate"	3
3	"Florets 8.5–14(17) mm long; awns 50–105 mm long; lower nodes usually glabrous, occasionally evenly pubescent"	"Hesperostipa curtiseta"
3	"Florets 15–25 mm long; awns 90–190 mm long; lower nodes usually with lines of pubescence"	"Hesperostipa spartea"
