from	statement	to
1	"Plants from Canada or USA; caryopses hard"	2
1	"Plants from Mexico, Central America or South America; caryopses soft (liquid or semi-soft) to hard"	3
2	"Ovaries hairy; plants rhizomatous with extravaginal branching, not tufted; lemmas awned from upper 2/5; rachilla extension glabrous except for apical tuft of hairs (G. coarctata), or lemmas awned from middle, callus hairs short and all blades broad and flat (G. tweedyi); panicles contracted"	Greeneochloa
2	"Ovaries glabrous; plants rhizomatous or not, with or without extravaginal branching, tufted or not; lemmas awned from near base to upper 1/3; rachilla extensions hairy along the length or glabrous and rudimentary but then callus with long hairs; plants not with a combination of well-developed rhizomes, exclusively extravaginal branching, short callus hairs, broad flat blades, and contracted panicles; panicles open or contracted"	Calamagrostis
3	"Rachilla extensions rudimentary (± 1 mm long with hairs ± 3 mm long); callus hairs mostly 1.5?2 times longer than lemmas; calluses indistinct, not angled downward or recurved ( introduced to the Americas)"	"Calamagrostis epigeios"
3	"Rachilla extensions well developed (absent in Calamagrostis llanganatensis, short in a few other species, but then with hairs up to 1.5 mm long); callus hairs short or long (rarely absent), as much as 1.5?2 times longer than the lemma in a few species but the callus distinct and recurved"	4
4	"Anthers 2, or 3 in plants from Mexico to Guatemala; lemma bodyies strongly 5-veined, often puberulent in part"	Peyritschia
4	"Anthers 1 or 3, if 3 then plants not from Mexico (Calamagrostis guatemalensis from Guatemala); lemma bodies variously veined, glabrous, sometimes scabrous"	5
5	"Lemmas unawned"	6
5	"Lemmas awned"	8
6	"Calluses and rachillas glabrous (rarely with a few short callus hairs); florets stipitate; glumes and lemmas acuminate, entire or laterally cleft, smooth or nearly so; lodicules entire lustrous; panicles dense, short, globose; ligules usually elongated, decurrent and acute to acuminate, entire or laterally cleft, smooth or nearly so; lodicules entire"	Deschampsia
6	"Calluses and rachillas hairy; florets stipitate or not; glumes and lemmas mat to sub-lustrous; various but not globose; ligules often less than 4 mm long, decurrent or not, often truncate to obtuse, panicles various but not globose; ligules often less than 4 mm long, decurrent or not, often truncate to obtuse, sometimes with margins taller than the midsection, usually scabrous or pubescent; lodicules often bilobate"	7
7	"Florets with a short stipe (± 0.15 mm long) between the upper glume and the callus of the floret; both glumes 3-veined; caryopsis hard, hilum linear ± 1/3 the grain in length; plants from the páramo in Ecuador"	Laegaardia
7	"Florets sessile; lower glumes 1-veined, upper glumes 1 or 3-veined; caryopses hard to pasty, hila oval to punctiform < 1/4 the grain in length; plants from various locations"	Cinnagrostis
8	"Leaf blades readily to tardily disarticulating from collars in age (tending to form a J at base after falling), involute, sometimes sinuous; caryopses hard, hila linear ± 1/3 the grain in length; lower glumes 1-veined, upper glumes 3-veined. Sometimes with 1 or 2 cross veins between them;    lemmas awned from middle, the awns 2?7.2 mm long, basally twisted, geniculate; callus hairs 0.2?0.8 mm long; rachillas nearly as long as lemma, densely and evenly hairy with hairs 0.5?1.2 mm long; panicles open, diffuse; plants from the páramo of Colombia, Ecuador, and Venezuela"	Paramochloa
8	"Leaf blades not disarticulating from collars in age, flat, folded or involute, not sinuous; caryopses soft or hard; hila elliptical, oval, round to punctiform 1/5?1/3 the grain in length; lower glumes 1?3-veined without cross-veins between them; lemmas awned from near base to upper 1/3, the awns 1?10mm or more long, straight, sinuous or geniculate; callus hairs absent to 4 mm long; rachillas mostly less than ¾ the lemmas in length, variously hairy, the hairs 0.5?4 mm long, sometimes reduced or absent proximally; panicles open (infrequently diffuse) or contracted; plants of various habitats, from Mexico to Tierra del Fuego, Argentina"	9
9	"Florets (occasionally a second floret developed in some spikelets) with a stipe between the upper glumes and the calluses of the florets; glumes and lemmas lustrous, smooth or keels sparsely scaberulous; lemma awns slender, not geniculate, sometimes rudimentary or absent; blades flat or somewhat rolled inward, prominently ridged adaxially, more or less smooth (often with papillae on the long-cells between ridges); ligules slightly to strongly decurrent, usually elongated, 4?20 mm long, acuminate, smooth or nearly so, glabrous, entire or laterally cleft; lodicules, glabrous"	Deschampsia
9	"Florets sessile (very rarely with a second floret developed in some spikelets), rarely with stipes to 0.2 mm long; glumes sometimes lustrous, usually scabrous at least on the keels, lemmas usually mat; blades flat to involute, smooth or scabrous, often densely so (papillae absent so far as known); ligules decurrent or not, 0.2?10 (?15) mm long, commonly less than 4 mm long (lateral lobes often exceeding the central part), often scabrous or pubescent, commonly truncate to obtuse; lodicules entire or lobed"	10
10	"Caryopses hard, distinctly sulcate, hila 1/6?1/3 the grains in length; lemma awns straight or slightly bent, readily distinguished from callus hairs, inserted from near base to middle, not or slightly exceeding the lemma apices; callus hairs 0.1?3 mm long 1/10?3/4 as long as the lemmas in length; rachillas glabrous, or sparsely to densely hairy, hairs not reaching lemma apex; panicles contracted; anthers 1 or 3; lodicules entire and lanceolate, sometimes with an isolated lateral lobe, glabrous"	Calamagrostis
10	"Caryopses soft (liquid or semi-soft) or hard, sulcate (often shallowly) or not, hila 1/6?1/4 the grains in length (often obscure in species with lipid); lemma awns sometimes indistinguishable from callus hairs, straight, sinuous or geniculate, capillary or stout, inserted from base to upper 1/3, usually exceeding the lemmas and often exerted from the glumes; callus hairs shorter to longer than the lemmas; rachillas hairy, hairs often reaching 3/4 to exceeding the lemma length; panicles contracted or open; anthers 3; lodicules apically bilobate or bidentate, infrequently entire and lanceolate, apical margins sometimes ciliolate or ciliate"	Cinnagrostis
