from	statement	to
1	"Florets not disarticulating from the glumes, remaining attached to the plant even at maturity; calluses glabrous"	"Avena sativa"
1	"Florets disarticulating at maturity, only the glumes remaining attached; calluses bearded."	2
2	"Florets falling from the glumes as a unit"	"Avena sterilis"
2	"Florets falling separately."	3
3	"Lemma apices biaristate, the 2 central veins extending 2–4 mm beyond the apices"	"Avena barbata"
3	"Lemma apices erose to bifid, the veins not extending beyond the apices."	4
4	"Spikelets with 2(3) florets; disarticulation scar of the lower florets in a spikelet round to oval or triangular, that of the third floret, if present, similar"	"Avena fatua"
4	"Spikelets with 2–4(5) florets; disarticulation scar of the lower florets in a spikelet round to elliptic, those of the third and fourth florets (and sometimes the second) heart-shaped."	5
5	"Glumes 28–40 mm long"	"Avena occidentalis"
5	"Glumes 15–23 mm long"	"Avena hybrida"
