from	statement	to
1	"Leaf blades conspicuously basal, recurved, 3-10 mm wide; lower lemmas without evident midveins"	2
1	"Leaf blades more evenly distributed, lax to straight, 1.5-20 mm wide; lower lemmas with or without evident midveins"	3
2	"Leaf blades yellowish-green, usually glabrous; spikelets usually glabrous, not spotted"	"Paspalum setaceum var. longepedunculatum"
2	"Leaf blades grayish-green, hirsute; spikelets short pubescent, often spotted"	"Paspalum setaceum var. villosissimum"
3	"Leaf blades glabrous (or almost so) on the surfaces, sometimes ciliate on the margins"	4
3	"Leaf blades evidently hirsute on the surfaces as well as on the margins"	6
4	"Leaf blades 2.4-6.1 mm wide, stiff; spikelets 2-2.6 mm long"	"Paspalum setaceum var. rigidifolium"
4	"Leaf blades 3-18 mm wide, lax to somewhat stiff but, if somewhat stiff, more than 6 mm wide; spikelets 1.7-2.4 mm long"	5
5	"Lower lemmas without evident midveins; blades yellowish-green to dark green"	"Paspalum setaceum var. stramineum"
5	"Lower lemmas with evident midveins; blades dark green to purplish"	"Paspalum setaceum var. ciliatifolium"
6	"Plants widely spreading to prostrate"	7
6	"Plants erect to spreading"	8
7	"Leaf blades grayish-green; lower lemmas without evident midveins"	"Paspalum setaceum var. psammophilum"
7	"Leaf blades yellowish-green; lower lemmas with or without evident midveins"	"Paspalum setaceum var. supinum"
8	"Lower lemmas usually with evident midveins; spikelets 1.8-2.5 mm long, usually glabrous, light green to green"	"Paspalum setaceum var. muhlenbergii"
8	"Lower lemmas usually without evident midveins; spikelets 1.4-2.4 mm long, usually pubescent, pale yellow to light green"	9
9	"Leaves grayish-green; blades 1.5-7 mm wide, always conspicuously hirsute"	"Paspalum setaceum var. setaceum"
9	"Leaves yellowish-green to dark green; blades 3.3-13.5 mm wide, almost glabrous or conspicuously hirsute"	"Paspalum setaceum var. stramineum"
