from	statement	to
1	"Florets 6.5–22 mm long; culms 40–130 cm tall"	2
1	"Florets 2.3–5.5 mm long; culms 20–95 cm tall"	4
2	"Lemmas hairy; awns 19–35 mm long"	"Piptochaetium pringlei"
2	"Lemmas glabrous; awns 40–120 mm long"	3
3	"Florets 7–13 mm long; awns 40–75 mm long"	"Piptochaetium avenaceum"
3	"Florets 13.5–22 mm long; awns 62–120 mm long"	"Piptochaetium avenacioides"
4	"Lemmas golden brown, hairy, the hairs easily rubbed off"	"Piptochaetium fimbriatum"
4	"Lemmas dark brown, glabrous"	5
5	"Awns 10–16 mm long; blades 0.8–1.5 mm wide; distal margin of the lemma crowns straight"	"Piptochaetium setosum"
5	"Awns 15–25 mm long; blades 0.2–0.4 mm wide; distal margin of the lemma crowns sometimes slightly to strongly revolute"	"Piptochaetium stipoides"
