from	statement	to
1	"Spikelets disarticulating below the glumes; pedicels sharply bent just below the spikelets"	2
1	"Spikelets disarticulating above the glumes; pedicels more or less straight"	8
2	"Lemmas with hairs"	3
2	"Lemmas glabrous, sometimes scabridulous to scabrous"	4
3	"Lemmas with hairs on the lower portion of the lemmas, the hairs twisted"	"Melica montezumae"
3	"Lemmas with hairs on the marginal veins, the hairs not twisted"	"Melica ciliata"
4	"Rudiments acute to acuminate, similar to but smaller than the bisexual florets"	5
4	"Rudiments clublike, not resembling the bisexual florets"	6
5	"Spikelets broadly V-shaped when mature, 5–13 mm wide; upper glumes 6–18 mm long"	"Melica stricta"
5	"Spikelets parallel-sided when mature, 1.5–5 mm wide; upper glumes 5–8 mm long"	"Melica porteri"
6	"Rudiments at an angle to the rachilla; panicle branches with 2–5 spikelets"	"Melica mutica"
6	"Rudiments in a straight line with the rachilla; panicle branches with 5–20 spikelets"	7
7	"Panicle branches often divergent to reflexed; glumes unequal, lower glumes shorter and more ovate than the upper glumes"	"Melica nitens"
7	"Panicle branches strongly ascending to appressed; glumes subequal in length and similar in shape"	"Melica altissima"
8	"Rudiments truncate to acute, not resembling the lowest florets"	9
8	"Rudiments tapering, smaller than but otherwise similar to the lowest florets in shape"	13
9	"Bisexual florets 1(2); paleas almost as long as the lemmas"	10
9	"Bisexual florets 2–7; paleas 1/2–3/4 the length of the lemmas"	11
10	"Rudiments shorter than the terminal rachilla internode; bisexual lemmas scabridulous, sometimes hairy"	"Melica torreyana"
10	"Rudiments longer than the terminal rachilla internode; bisexual lemmas glabrous, sometimes scabrous"	"Melica imperfecta"
11	"Culm bases not forming distinct corms"	"Melica californica"
11	"Culm bases forming distinct corms"	12
12	"Glumes usually less than 1/2 as long as the spikelets; ligules 0.1–2 mm long; corms connected to the rhizomes by a rootlike structure"	"Melica spectabilis"
12	"Glumes from (1/2)2/3 as long as to equaling the spikelets; ligules 2–6 mm long; corms almost sessile on the rhizomes"	"Melica bulbosa"
13	"Lemmas awned"	14
13	"Lemmas unawned"	17
14	"Awns shorter than 3 mm"	15
14	"Awns 3–12 mm long"	16
15	"Panicle branches appressed; lemmas usually with 0.7–1.3 mm hairs on the margins"	"Melica harfordii"
15	"Panicle branches widespread to reflexed; lemmas glabrous"	"Melica geyeri"
16	"Panicle branches 4–6 cm long, appressed or ascending; blades 2–6 mm wide"	"Melica aristata"
16	"Panicle branches 7–11 cm long, spreading to reflexed; blades 5–12 mm wide"	"Melica smithii"
17	"Lemmas strongly tapering and acuminate, the veins usually hairy"	"Melica subulata"
17	"Lemmas acute to obtuse, the veins hairy or not"	18
18	"Lemmas pubescent, the hairs on the marginal veins clearly longer than the hairs elsewhere"	"Melica harfordii"
18	"Lemmas glabrous, scabrous, or pubescent, never with clearly longer hairs on the marginal veins"	19
19	"Rachilla internodes swollen when fresh, wrinkled when dry"	"Melica fugax"
19	"Rachilla internodes not swollen when fresh, not wrinkled when dry"	20
20	"Panicle branches with 5–15 spikelets; paleas about 1/2 as long as the lemmas; culms not forming corms"	"Melica frutescens"
20	"Panicle branches with 1–6 spikelets; paleas from 2/3 as long as to equaling the lemmas; culms forming corms"	21
21	"Panicle branches 3–11 cm long, divergent to reflexed, flexuous; lowest rachilla internodes 2–3 mm long"	"Melica geyeri"
21	"Panicle branches 2–6.5 cm long, usually appressed to ascending, straight, sometimes strongly divergent and flexuous; lowest rachilla internodes 1–2 mm long"	22
22	"Ligules 0.1–2 mm long; glumes usually less than 1/2 the length of the spikelets; corms not attached directly to the rhizomes"	"Melica spectabilis"
22	"Ligules 2–6 mm long; glumes from (1/2)2/3 as long as to equaling the spikelets; corms almost sessile, directly attached to the rhizomes"	"Melica bulbosa"
