from	statement	to
1	"Lower sheaths and lower culm internodes with soft, spreading or retrorse, papillose-based hairs, the longer hairs often longer than 4 mm long; spikelets 1.8-2.5 mm long"	2
1	"Lower sheaths and lower culm internodes with ascending or appressed, non-papillose-based hairs shorter than 4 mm or nearly glabrous; spikelets 2.1-3 mm long"	3
2	"Spikelets 2.1-2.5 mm long; culms usually more than 1 mm thick, stiff; largest blades usually 6-10 mm wide"	"Dichanthelium ovale subsp. villosissimum"
2	"Spikelets 1.8-2.1 mm long; culms usually less than 1 mm thick, wiry; largest blades usually 2-6 mm wide"	"Dichanthelium ovale subsp. praecocius"
3	"Spikelets 2.5-3 mm long; basal blades with long hairs on or near the margins and bases"	"Dichanthelium ovale subsp. ovale"
3	"Spikelets 2.1-2.6 mm long; basal blades usually without long hairs on or near the margins and bases"	"Dichanthelium ovale subsp. pseudopubescens"
