from	statement	to
1	"Plants not cespitose, strongly rhizomatous; pedicellate spikelets sterile"	"Schizachyrium scoparium var. stoloniferum"
1	"Plants usually cespitose, not or shortly rhizomatous; pedicellate spikelets staminate or sterile"	2
2	"Pedicellate spikelets of the proximal spikelet units on each rame staminate, 5-10 mm long, with a lemma, pedicellate spikelets of the distal units usually smaller (1-4 mm) and sterile; sheaths and blades densely tomentose to glabrate"	"Schizachyrium scoparium var. divergens"
2	"Most pedicellate spikelets sterile, 1-6 mm long, without a lemma; sheaths and blades usually glabrous, occasionally pubescent"	"Schizachyrium scoparium var. scoparium"
