from	statement	to
1	"Panicle branches nodding or drooping; pedicels 10-30 mm long; calluses pilose; lower glumes 4.2-9.1 mm long; keels of fertile lemmas winged, the wings scabrous to pilose their full length; caryopses 2.9-5 mm long"	"Chasmanthium latifolium"
1	"Panicle branches erect or ascending; pedicels 0.5-2.5(5) mm long; calluses glabrous; lower glumes 1.2-5 mm long; keels of fertile lemmas not winged, scabridulous toward or at the apices; caryopses 1.9-3 mm long"	2
2	"Spikelets 9.5-24 mm long; fertile lemmas 9-13-veined; caryopses enclosed at maturity; blades 7-16(33) cm long, lanceolate-fusiform; culms leafy for 80% of their height"	3
2	"Spikelets 4-10 mm long; fertile lemmas 3-9-veined; caryopses exposed at maturity; blades (8)20-50 cm long, linear-lanceolate; culms leafy for 40-50% of their height"	4
3	"Axils of the panicle branches scabrous; fertile florets diverging to 45° from the rachilla; sterile florets (0)1(2); lower glumes 3.1-5 mm long, 7-9-veined; ligules entire"	"Chasmanthium nitidum"
3	"Axils of the panicle branches pilose; fertile florets diverging to 85° from the rachilla; sterile florets 2-4; lower glumes 2.5-2.9 mm long, 2-3-veined; ligules irregularly laciniate"	"Chasmanthium ornithorhynchum"
4	"Collars and sheaths pilose; culms (1)2-3.5 mm thick at the nodes; fertile lemmas 7-9-veined, usually curved or irregularly contorted"	"Chasmanthium sessiliflorum"
4	"Collars and sheaths glabrous; culms to 1 mm thick at the nodes; fertile lemmas 3-7-veined, straight"	"Chasmanthium laxum"
