from	statement	to
1	"Culms and sheaths terete; lower glumes of the sessile spikelets with circular pits on the sides, the central region initially smooth, usually developing rectangular pits at maturity, occasionally remaining smooth"	"Coelorachis cylindrica"
1	"Culms and sheaths compressed-keeled; lower glumes of the sessile spikelets transversely rugose, rectangular-pitted, or smooth"	2
2	"Lower glumes of the sessile spikelets rectangular-pitted"	"Coelorachis tessellata"
2	"Lower glumes of the sessile spikelets transversely rugose or smooth"	3
3	"Lower glumes of the sessile spikelets distinctly transversely rugose; rachises distinctly indented below the sessile spikelets"	"Coelorachis rugosa"
3	"Lower glumes of the sessile spikelets smooth to slightly transversely rugose; rachises not, or only slightly, indented below the sessile spikelets"	"Coelorachis tuberculosa"
