from	statement	to
1	"Rhizomes elongate; ligules 0.7-2.5 mm"	2
1	"Rhizomes short; ligules to 0.7 mm"	3
2	"Lemmas or paleas (or both) pubescent, although sometimes sparsely so; spikelets 7-10.8 mm long"	"Calamovilfa gigantea"
2	"Lemmas and paleas glabrous; spikelets 5-8.5 mm long"	"Calamovilfa longifolia"
3	"Panicles contracted, to 3.5 cm wide"	"Calamovilfa curtissii"
3	"Panicles open, 4-40 cm wide"	4
4	"Spikelets 6-7.4 mm; glumes acute to acuminate, usually arcuate; lemmas 5.5-7 mm, arcuate, attenuate"	"Calamovilfa arcuata"
4	"Spikelets 4-5.8 mm; glumes acute, straight; lemmas 4-5.4 mm, straight, acuminate"	"Calamovilfa brevipilis"
