from	statement	to
1	"Lemma awns 17-40 mm long, longer than the lemma body, straight; spikes sometimes 1-sided"	"Elymus trachycaulus subsp. subsecundus"
1	"Lemmas unawned or with awns up to 24 mm long, shorter or longer than the lemma body, straight or curved; spikes 2-sided"	2
2	"Lemma awns 9-24 mm long"	"Elymus trachycaulus hybrids"
2	"Lemmas unawned or with awns up to 9 mm long, the awns sometimes curved"	3
3	"Spike internodes 8-15 mm long; spikes 8-25 cm long; glumes unawned or with straight awns to 2 mm long; spikelet bases usually visible; awns to 9 mm long"	"Elymus trachycaulus subsp. trachycaulus"
3	"Spike internodes 4-5 mm long; spikes 5-10 mm long; glumes awned, awns 1.8-4 mm long; spikelet bases usually concealed; lemmas awned, awns 2-3 mm long, slightly curved"	"Elymus trachycaulus subsp. virescens"
