from	statement	to
1	"Spikelets hispidulous to villous-hirsture, usually glaucous; anthesis usually in early July to mid-August"	"Elymus virginicus var. intermedius"
1	"Spikelets usually glabrous or scabrous, glaucous or not; anthesisi usually in mid-June to late July"	2
2	"Spikes partly sheathed; glumes 1-2.3 mm wide, indurate and bowed out in the basal 2-4 mm; plants not glaucous, becoming yellowish-brown or occasionally somewhat purplish at maturity"	"Elymus virginicus var. virginicus"
2	"Spikes exserted; glumes (0.5)0.7-1.5(1.8) mm wide, moderately induarate and bowed in the base 1-2 mm; plants usually glaucous, becoming yellowish or reddish brown at maturity"	3
3	"Culms usually 70-100 cm tall, with 6-8 nodes; blades 3-15 mm wide, flat; spikes 4-20 cm long, not strongly glaucous; glumes indurate only in the basal 1 mm"	"Elymus virginicus var. jejunus"
3	"Culms usually 30-80 cm tall, with 4-6 nodes; blades 2-9 mm wide, often becoming involute; spikes 3.5-11 cm long, often strongly glaucous; glumes usually indurate in the basal 1-2 mm"	"Elymus virginicus var. halophilus"
