from	statement	to	shortcut
1	"Spikelets with 2–6 florets"	Ampelodesmos	"Ampelodesmos mauritanicus"
1	"Spikelets with 1 floret"	2	
2	"Paleas sulcate, longer than the lemmas; lemma margins involute, fitting into the paleal groove; lemma apices not lobed"	Piptochaetium	
2	"Paleas flat, from shorter to longer than the lemmas; lemma margins convolute or not overlapping; lemma apices often lobed or bifid"	3	
3	"Prophylls exceeding the leaf sheaths; plants cultivated as ornamentals"	4	
3	"Prophylls concealed by the leaf sheaths; plants native, introduced, sometimes cultivated as ornamentals"	5	
4	"Panicles contracted; lemma awns once-geniculate"	Macrochloa	"Macrochloa tenacissima"
4	"Panicles open; lemma awns twice-geniculate"	Celtica	"Celtica gigantea"
5	"Flag leaf blades no more than 1 cm long; basal leaves overwintering"	Oryzopsis	"Oryzopsis asperifolia"
5	"Flag leaf blades more than 1 cm long; basal leaves not overwintering"	6	
6	"Plants with multiple stiff branches from the upper nodes; pedicels sometimes plumose; species cultivated as ornamentals in the Flora region"	Austrostipa	
6	"Plants not branching at the upper nodes, or such branches flexible; pedicels never plumose; species native, established introductions, or cultivated as ornamentals"	7	
7	"Apices of the leaf blades sharp and stiff; caryopses obovoid, often with 3 smooth ribs at maturity; cleistogenes usually present"	Amelichloa	
7	"Apices of the leaf blades acute to acuminate, never both sharp and stiff; caryopses fusiform, ovoid or obovoid, without ribs; cleistogenes sometimes present"	8	
8	"Lemma margins strongly overlapping for their whole length at maturity, lemma bodies usually rough throughout, apices not lobed; paleas 1/4–1/2 the length of the lemmas, without veins, glabrous"	Nassella	
8	"Lemma margins usually not or only slightly overlapping for some or all of their length at maturity, strongly overlapping in some species with glabrous lemmas; lemma bodies smooth, at least on the lower portion, apices often 1–2-lobed; paleas from 1/3 as long as to equaling or slightly exceeding the lemmas, 2-veined at least on the lower portion, usually with hairs or both lemmas and paleas glabrous"	9	
9	"Calluses 15–6 mm long, sharply pointed; plants perennial or annual, if perennial, awns 65–500 mm long, if annual, awns 50–100 mm long; panicle branches straight"	10	
9	"Calluses 01–2 mm long, blunt to sharply pointed; plants perennial; awns 1–70 mm; panicle branches straight or flexuous"	13	
10	"Lower ligules densely hairy, upper ligules less densely hairy or glabrous; plants perennial"	Pappostipa	"Pappostipa speciosa"
10	"Ligules glabrous or inconspicuously pubescent, lower and upper ligules alike or upper ligules longer than those below; plants perennial or annual"	11	
11	"Plants annual; glumes 12-20 mm long; florets 4-7 mm long; plants introduced, in North America known (in 2007) only from California"	Stipellula	"Stipellula capensis"
11	"Plants perennial; glumes 15-60 mm long; florets 7-25 mm long"	12	
12	"Florets 7–25 mm long; awns 50-225 mm long, lower 2 segments scabrous or pilose, terminal segments scabrous or, if pilose, the hairs 1–3 mm long"	Hesperostipa	
12	"Florets 18–27 mm long; awns (250)300-500 mm long, lower 2 segments scabrous or smooth, terminal segment plumose, the hairs 5–6 mm long"	Stipa	"Stipa pulcherrima"
13	"Florets usually dorsally compressed at maturity, sometimes terete; paleas as long as or longer than the lemmas and similar in texture and pubescence; lemma margins separate for their whole length at maturity"	14	
13	"Florets terete or laterally compressed at maturity; paleas often shorter than the lemmas, sometimes less pubescent, sometimes as long as the lemmas and similar in texture and pubescence; lemma margins often overlapping for part or all of their length at maturity"	17	
14	"Panicles with 3-7 or 10-40 branches at the lowest node;  blades simlar on all leaves, 2-10 mm wide, flat, smooth on both surfaces; plants introduced, in North America known only from disturbed sites in"	Oloptum	"Oloptum miliaceum"
14	"Panicles with 1-3 branches at the lowest nodes; blades highly reduced on the basal leaves or all alike and 0.5-2.5, involute, or, convolute, adaxial surfaces, smooth, scabridulous, or scabrous; plants native"	15	
15	"Glumes without evident venation, glume apices rounded to acute; plants subalpine to alpine, sometimes growing in bogs"	Ptilagrostis	
15	"Glumes with 1–3(5) evident veins or the glume apices attenuate; plants growing from near sea level to subalpine or alpine habitats, not growing in bogs"	16	
16	"Lemma bodies with evenly distributed hairs of similar length or completely glabrous, sometimes with longer hairs around the base of the awn; basal segment of the awns sometimes with hairs to 2 mm long"	Achnatherum	
16	"Lemma bodies with hairs to 1 mm long over most of their length, with strongly divergent hairs 3–8 mm long on the distal 1/4, or the basal segment of the awns with hairs 3–8 mm long"	Jarava	
17	"Blades highly reduced on the basal leaves, conspicuously larger on distal nodes; florets 4.5-7.5 mm long , dorsally compressed, black at maturity"	Patis	"Patis racemosa"
17	"Blades of basal nodes not highly reduced compared to those of distal nodes; florets 1.5-6 long, if longer than 4.2 mm, terete and brown at maturity"	Piptatheropsis	
