from	statement	to
1	"Culms 25–50(60) cm tall, usually 3–5 times the height of the vegetative shoot leaves; abaxial surfaces of the blades usually scab-rous; abaxial sclerenchyma in 3–5 strands, sometimes partly confluent or forming a continuous band; plants of lowland, montane, or boreal habitats"	"Festuca saximontana var. saximontana"
1	"Culms (5)8–37 cm tall, usually 2–3 times the height of the vegetative shoot leaves; abaxial surfaces of the blades smooth or scabrous; abaxial sclerenchyma in 5–7 narrow strands; plants of subalpine or lower alpine habitats"	2
2	"Culms (5)8–20(25) cm tall, usually glabrous below the inflorescence; outer vegetative shoot sheaths mostly stramineous; blades with hairs shorter than 0.06 mm on the ribs; lemmas usually scabrous towards the apices and often along the margins"	"Festuca saximontana var. purpusiana"
2	"Culms 16–37 cm tall, usually sparsely scabrous or pubescent below the inflor-escence; outer vegetative shoot sheaths brownish on the lower 1/2; blades with hairs to 0.1 mm on the ribs; lemmas often scabrous on the distal 1/2"	"Festuca saximontana var. robertsiana"
