from	statement	to
1	"Ligules truncate to rounded, 1.5–10 mm long; sterile florets 1.2–2 mm long; disarticulation scar centric or slightly eccentric"	"Oryza punctata"
1	"Ligules acute, 4–45 mm long; sterile florets 1.3–10 mm long; disarticulation scar lateral"	2
2	"Anthers 1–2.5 mm long; spikelets persistent; lemmas usually unawned, plants not rhizomatous; auricles absent or to 5 mm long; blades 5–20 mm wide"	"Oryza sativa"
2	"Anthers 3.5–7.4 mm long; spikelets deciduous; lemmas awned; plants usually rhizomatous; auricles absent or to 15 mm long; blades 7–50 mm wide"	3
3	"Caryopses 5–7 mm long; lemma-awn junctions purplish, pubescent; lemma awns 4–16 cm long; plants cespitose or rhizomatous; auricles absent or to 7 mm long"	"Oryza rufipogon"
3	"Caryopses 7.5–8.5 mm long; lemma-awn junctions similar in color to the lemmas, glabrous; lemma awns 2.6–8 cm long; plants strongly rhizomatous; auricles present, to 15 mm long"	"Oryza longistaminata"
