from	statement	to
1	"Panicles cylindrical, 4.5-10 cm long, 4-7 mm wide"	"Sesleria autumnalis"
1	"Panicles ovoid, spherical, or cylindrical, 0.9-4(8) cm long, 5-15 mm wide"	2
2	"Glumes 5-6.5 mm long, lanceolate; lemmas glabrous; anthers about 2.2 mm long"	"Sesleria nitida"
2	"Glumes 3-5 mm long, ovate to ovate-lanceolate; lemmas pubescent at least distally on the veins; anthers 2.3-4 mm long;"	3
3	"Glumes 3-4 mm long, ovate-lanceolate, coriaceous; anthers about 4 mm long"	"Sesleria haufleriana"
3	"Glumes 4-5 mm long. ovate, hyaline; anthers 2.3-3.2 mm long"	"Sesleria caerulea"
