from	statement	to
1	"Pedicellate spikelets about as long as the sessile spikelets"	2
1	"Pedicellate spikelets much shorter than the sessile spikelets"	5
2	"Sessile spikelets 5.5-7 mm long"	"Bothriochloa wrightii"
2	"Sessile spikelets 3-4.5 mm long"	3
3	"Rachises longer than the branches"	"Bothriochloa bladhii"
3	"Rachises shorter than the branches"	4
4	"Lower glumes of the sessile spikelets with a dorsal pit"	"Bothriochloa pertusa"
4	"Lower glumes of the sessile spikelets without a dorsal pit"	"Bothriochloa ischaemum"
5	"Sessile spikelets 2.5-4.5 mm long; awns absent or less than 17 mm long"	6
5	"Sessile spikelets 4.5-8.5 mm long; awns 18-35 mm long"	9
6	"Sessile spikelets unawned or with awns less than 6 mm long"	"Bothriochloa exaristata"
6	"Sessile spikelets with awns 8-17 mm long"	7
7	"Panicles reddish when mature; hairs below the sessile spikelets about 1/4 as long as the spikelets, sparse, not obscuring the spikelets"	"Bothriochloa bladhii"
7	"Panicles silvery-white or light tan; hairs below the sessile spikelets at least 1/2 as long as the spikelets, copious, at least somewhat obscuring the spikelets"	8
8	"Panicles 9-20 cm long; sessile spikelets narrowly ovate to lanceolate; glumes acute; leaves evenly distributed on the culms; culms 2-4 mm thick"	"Bothriochloa longipaniculata"
8	"Panicles 4-12(14) cm long; sessile spikelets ovate; glumes blunt; leaves often clustered at the base of the culms; culms usually less than 2 mm thick"	"Bothriochloa laguroides"
9	"Rachises 5-20 cm long, with numerous branches"	10
9	"Rachises usually less than 5 cm long, with 2-9 branches"	11
10	"Panicles of the larger shoots 14-25 cm long; culms 130-250 cm tall, 2-4 mm thick, stiffly erect, little-branched distally, glaucous below the nodes; nodes with spreading hairs, the hairs 2-6 mm long"	"Bothriochloa alta"
10	"Panicles of the larger shoots 5-14(20) cm long; culms usually 60-120 cm tall, usually less than 2 mm thick, tending to be bent at the base and often branched at maturity, not glaucous below the nodes; nodes with ascending hairs less than 3 mm long"	"Bothriochloa barbinodis"
11	"Cauline nodes densely pubescent, the hairs 3-7 mm long, white, spreading"	"Bothriochloa springfieldii"
11	"Cauline nodes glabrous or puberulent, the hairs always less than 3 mm long, usually off-white and ascending"	12
12	"Lower branches of the inflorescences rebranched; sessile spikelets 4.5-6.5 mm long; lower glumes sparsely hairy near the base; leaves primarily cauline, the blades 2-5 mm wide"	"Bothriochloa hybrida"
12	"Lower branches of the inflorescences simple, not rebranched; sessile spikelets 5-8 mm long; lower glumes glabrous; leaves primarily basal, the blades usually less than 2 mm wide"	"Bothriochloa edwardsiana"
