from	statement	to
1	"Lower or all primary panicle branches stiff, divergent to divaricate from the base, with axillary pulvini; awns 13-30 mm"	2
1	"Primary panicle branches appressedor ascending at the base, sometimes drooping distally, without axillary pulvini; awns 8-140 mm"	3
2	"Lower glumes 1/2-2/3 as long as the upper glumes"	"Aristida purpurea var. perplexa"
2	"Lower glumes from 3/4 as long as to equaling the upper glumes"	"Aristida purpurea var. parishii"
3	"Awns 35-140 mm long"	4
3	"Awns 8-35 mm long"	5
4	"Lemmas apices 0.1-0.3 mm wide; awns 0.1-0.2(0.3) mm wide at the base, 35-60 mm long; upper glumes usually shorter than 16 mm long"	"Aristida purpurea var. purpurea"
4	"Lemma apices 0.3-0.8 mm wide; awns 0.2-0.5 mm wide at the base, 40-140 cm long; upper glumes 14-25 mm long"	"Aristida purpurea var. longiseta"
5	"Lemma apices 0.1-0.3 mm wide distally; awns 0.1-0.3 mm wide at the base"	6
5	"Lemma apices 0.2-0.3 mm wide; awns stout, 0.2-0.3 mm wide at the base"	7
6	"All or most of the panicle branches straight (lower branches sometimes lax); pedicels straight, appressed to ascending"	"Aristida purpurea var. nealleyi"
6	"All or most of the panicle branches and pedicels drooping to sinuous distally"	"Aristida purpurea var. purpurea"
7	"Mature panicle branches and pedicels flexible, lax or drooping distally"	"Aristida purpurea var. purpurea"
7	"Mature panicle branches and pedicels usually stiff, straight"	8
8	"Panicles usually 3-15 cm long; blades 4-10 cm long"	"Aristida purpurea var. fendleriana"
8	"Panicles usually 15-30 cm long; blades 10-25 cm long"	9
9	"Glumes and lemmas reddish or dark-colored at anthesis or earlier (fading to stramineous), usually in marked contrast with the current foliage; panicles dense, the lower nodes with 8-18 spikelets; flowering March to May, after winter rains"	"Aristida purpurea var. parishii"
9	"Glumes and lemmas tan to brown (also fading to stramineous), giving the panicle a brownish appearance; old growth gray-green, not in marked contrast with the current foliage; panicles less dense, the lower nodes with 2-10 spikelets"	"Aristida purpurea var. wrightii"
