from	statement	to
1	"Pistillate inflorescences terete, with 2+ rows of paired spikelets, each spikelet with a functional floret, hence the spikelets in 4+ rank; staminate spikelets of wild taxa only slightly imbricate; lower glumes of the staminate spikelets flexible and translucent, loosely enclosing the upper glumes before anthesis, rounded on the back, the lateral veins not more prominent than those between, never forming winged keels; plants annual"	"Zea mays"
1	"Pistillate inflorescences somewhat flattened, with 2 rows of solitary spikelets, hence the spikelets appearing 2-ranked; staminate inflorescences with densely imbricate spikelets; lower glumes of the staminate spikelets stiff, not translucent, strongly enclosing the upper glumes before anthesis, with more or less flat backs, the lateral veins evidently more prominent than those between, keeled and winged distally; plants annual or perennial"	2
2	"Plants annual; lower glumes of the staminate spikelets narrowly winged; pistillate inflorescence units 1-many per node, usually enclosed by their subtending leaf sheaths, occasionally with 1-2 rames on naked peduncles that exceed the subtending leaf sheaths"	"Zea luxurians"
2	"Plants perennial, rhizomatous; lower glumes of the staminate spikelets strongly winged; pistillate inflorescence units 1-4(5) per node, almost always exceeding the subtending leaf sheaths"	3
3	"Rhizomes to 15 cm long, with internodes 0.2-0.6 cm long, often forming scaly, tuberous short shoots; culms to 3.5 m tall and 3 cm thick; leaf blades to 40 cm long and 4-5.5 cm wide"	"Zea diploperennis"
3	"Rhizomes to 40 cm long or more, with internodes 1-6 cm long, lacking tuberlike shoots; culms to 2.5 m tall and 1.5-2 cm thick; leaf blades often to 65(80) cm long and 2-4.5 cm wide"	"Zea perennis"
