from	statement	to
1	"Lemmas mucronate, not awned"	"Danthonia decumbens"
1	"Lemmas not mucronate, with a twisted, geniculate awn"	2
2	"Calluses of the middle florets from shorter to slightly longer than wide, convex abaxially; lemma bodies 2.5-6 mm long, the backs usually pilose, occasionally glabrous or sparsely pilose"	3
2	"Calluses of the middle florets longer than wide, concave abaxially; lemma bodies 3-11 mm long, the backs usually glabrous or sparsely pilose (pilose in Danthonia parryi)"	5
3	"Awns 10-17 mm; hairs of the lemma margins evidently increasing in length distally, longest hairs 2.5-4 mm long"	"Danthonia sericea"
3	"Awns 5-10 mm; hairs of the lemma margins not evidently increasing in length distally, longest hairs 0.5-2 mm long"	4
4	"Lemma lobes 2-4 mm long, usually 2/3 or more as long as the lemma bodies, aristate; lower inflorescence branches usually flexible, divergent after anthesis; pedicels on the lowest inflorescence branch as long as or longer than the spikelets; leaves not curling at maturity"	"Danthonia compressa"
4	"Lemma lobes 0.5-2 mm long, less than 2/3 as long as the lemma bodies, acute to aristate; inflorescence branches stiff, appressed to strongly ascending after anthesis; pedicels on the lowest inflorescence branch from shorter than to equaling the spikelets; blades usually becoming curled at maturity"	"Danthonia spicata"
5	"Lower inflorescence branches (pedicels if the inflorescence racemose) stiff, erect; pedicels from shorter than to as long as the spikelets"	6
5	"Lower inflorescence branches (pedicels if the inflorescence racemose) flexible, slightly to strongly divergent; pedicels usually as long as or longer than the spikelets (sometimes shorter in Danthonia parryi)"	7
6	"Spikelets 1(-3), if 2-3, the inflorescence a raceme; lemma bodies 5.5-11 mm; mature culms disarticulating at the nodes"	"Danthonia unispicata"
6	"Spikelets (4)5-10; lower inflorescence branches usually with 2-3 spikelets; lemma bodies 3-6 mm; mature culms not disarticulating at the nodes"	"Danthonia intermedia"
7	"Uppermost cauline blades usually strongly divergent or reflexed; inflorescences usually racemose; pedicels usually much longer than the spikelets and usually strongly divergent; lemmas glabrous or sparsely hairy over the back; mature culms disarticulating at the nodes"	"Danthonia californica"
7	"Uppermost cauline blades usually erect to ascending; inflorescences usually paniculate; pedicels shorter than to as long as the spikelets; lemmas pilose over the back, at least basally; mature culms not disarticulating at the nodes"	"Danthonia parryi"
