from	statement	to
1	"Lemma awns 10–18 mm long, longer than the lemmas"	"Schedonorus giganteus"
1	"Lemmas unawned or the awns shorter than 4 mm, shorter than the lemmas"	2
2	"Auricles glabrous; panicle branches at the lowest node 1 or 2, if paired the shorter with 1–2(3) spikelets, the longer with 2–6(9) spikelets; lemmas usually smooth, sometimes slightly scabrous distally, unawned or with a mucro to 0.2 mm long"	"Schedonorus pratensis"
2	"Auricles ciliate, having at least 1 or 2 hairs along the margins (check several leaves); panicle branches at the lowest node usually paired, the shorter with 1–13 spikelets, the longer with 3–19 spikelets; lemmas usually scabrous or hispidulous, at least distally, rarely smooth, unawned or with an awn up to 4 mm long"	"Schedonorus arundinaceus"
