from	statement	to
1	"Widest cauline blades 1.5-3 mm wide; anthers of lowest floret in each spikelet 0.3-0.6 mm long"	"Torreyochloa pallida var. fernaldii"
1	"Widest cauline blades 2.8-18 mm wide; anthers of lowest floret in each spikelet 0.5-1.5 mm long"	2
2	"Anthers of lowest floret 0.7-1.5 mm long; basal diameter of culms 1.2-3 mm; upper glumes 1.4-2.7 mm; plants generally of eastern North America"	"Torreyochloa pallida var. pallida"
2	"Anthers of lowest floret 0.5-0.7 mm; basal diameter of culms (1.3)1.8-4.8 mm; upper glumes 0.9-1.8 mm; plants of western North America"	"Torreyochloa pallida var. pauciflora"
