from	statement	to
1	"Culms 3-10 mm thick; blades 7-20 mm wide; ligules 10-40 mm long"	"Luziola subintegra"
1	"Culms up to 2 mm thick; blades up to 6 mm wide; ligules less than 6 mm long"	2
2	"Culms prostrate, usually immersed; leaves floating or streaming in currents, 1–5(8) cm long, usually more numerous towards the ends of the culms; pistillate inflorescences mostly included in the sheaths, only the stigmas visible"	"Luziola fluitans"
2	"Culms suberect to erect, from fully emergent to immersed; leaves not conspicuously floating or streaming, longer than 6 cm, basal or scattered along the culms; pistillate inflorescences all or mostly exserted, their branches and spikelets evident"	3
3	"Pistillate florets 3–5 mm long; achenes striate"	"Luziola bahiensis"
3	"Pistillate florets 2–2.5 mm long; achenes smooth"	"Luziola peruviana"
