from	statement	to
1	"Lemma teeth unequal, the central tooth the longest"	2
1	"Lemma teeth essentially equal in length"	4
2	"Lemmas 6-7 mm long, the teeth terminating in awns at least 1 mm long; caryopses 2.3-2.5 mm long"	"Orcuttia viscida"
2	"Lemmas 4-5 mm long, the teeth sharp-pointed or with awns to 0.5 mm long; caryopses 1.3-1.8 mm long"	3
3	"Plants sparingly hairy; culms usually prostrate; spikes clavate"	"Orcuttia californica"
3	"Plants conspicuously hairy, grayish; culms erect or decumbent; spikes somewhat capitate"	"Orcuttia inaequalis"
4	"Culms usually prostrate; caryopses 1.5-1.8 mm long"	"Orcuttia californica"
4	"Culms erect, ascending, or decumbent; caryopses 2-3 mm long"	5
5	"Culms 1-2 mm thick, branching only at the lower nodes; spikes congested, crowded towards the top; leaf blades 3-5 mm wide"	"Orcuttia pilosa"
5	"Culms 0.5-1 mm thick, often branching from the upper nodes; spikes not congested, even towards the top; leaf blades 1.5-2 mm wide"	"Orcuttia tenuis"
