from	statement	to
1	"Plants not rhizomatous; glumes truncate, midveins about equal in length and prominence to the lateral veins"	"Thinopyrum ponticum"
1	"Plants rhizomatous; glumes obliquely truncate or obtuse to acute, midveins usually slightly longer and more prominent than the lateral veins"	2
2	"Glumes 4.5-8 mm long, obliquely truncate or obtuse to acute; plants established throughout much of the western part of the Flora region"	"Thinopyrum intermedium"
2	"Glumes 8-18 mm long, obtuse to acute; plants of narrowly restricted distribution in the Flora region"	3
3	"Rachises disarticulating at maturity; glumes obtuse"	"Thinopyrum junceum"
3	"Rachises not disarticulating at maturity; glumes acute"	"Thinopyrum pycnanthum"
