from	statement	to
1	"Panicle branches digitate or subdigitate; plants perennial"	2
1	"Panicle branches racemose; plants annual or perennial"	4
2	"Lemma apices obtuse to truncate and often emarginate; lemmas membranous; plants often with secondary panicles concealed in the lower leaf sheaths"	"Leptochloa dubia"
2	"Lemma apices usually acute; lemmas chartaceous; plants without secondary panicles concealed in the lower leaf sheaths"	3
3	"Panicle branches always digitate, 7-17 cm long; lemmas mucronate but not awned; in the Flora region, known only from a few old collections in Cameron County, Texas"	"Leptochloa chloridiformis"
3	"Panicle branches subdigitate, 1.5-18 cm long; lemmas unawned, mucronate, or awned; native in much of the southeastern United States, including parts of Texas"	"Leptochloa virgata"
4	"Ligules 2-8 mm long, attenuate, becoming lacerate at maturity"	"Leptochloa fusca"
4	"Ligules 0.3-5.4 mm long, truncate to obtuse, erose, ciliate, or lacerate"	5
5	"Sheaths sparsely to densely hairy, the hairs papillose-based"	"Leptochloa panicea"
5	"Sheaths lacking hairs or with hairs that are not papillose-based"	6
6	"Panicles with 25-150 branches"	7
6	"Panicles with 2-25 branches"	10
7	"Lemmas 2.4-3 mm long; anthers 0.6-0.8 mm long; spikelets 4-5 mm long"	"Leptochloa panicoides"
7	"Lemmas 1.2-2.4 mm long; anthers 0.2-0.6 mm long; spikelets 2.5-4.5 mm long"	8
8	"Leaf blades 8-16 mm wide;lemmas 2.1-2.4 mm long"	"Leptochloa scabra"
8	"Leaf blades 4-8 mm wide; lemmas 1-2 mm long"	9
9	"Lower glumes 0.7-0.8 mm long; anthers 0.2-0.4 mm long; plants native to the southern United States"	"Leptochloa nealleyi"
9	"Lower glumes 1.1-1.7 mm long; anthers 0.4-0.6 mm long; plants aggressive weeds, currently not known from the Flora region"	"Leptochloa chinensis"
10	"Plants perennial"	11
10	"Plants annual"	12
11	"Lemmas 4-5 mm long, membranous, their apices broadly acute, obtuse, or truncate, unawned; panicles with 2-15 branches; caryopses 1.9-2.3 mm long, strongly dorsally compressed; secondary panicles often present in, and concealed by, the lower leaf sheaths"	"Leptochloa dubia"
11	"Lemmas 1.5-3.6 mm long, chartaceous, their apices usually acute, rarely obtuse, unawned, mucronate, or awned, the awns to 11 mm long; panicles with 9-25 branches; caryopses 1.3-1.8 mm long, somewhat laterally compressed; secondary panicles not present in the lower leaf sheaths"	"Leptochloa virgata"
12	"Panicles 2-17 cm long, with 5-23 branches; anthers 0.4-0.5 mm long; caryopses 0.4-0.5 mm wide"	"Leptochloa viscida"
12	"Panicles 20-35 cm long, with 20-90 branches; anthers 0.6-0.8 mm long; caryopses about 0.7 mm wide"	"Leptochloa panicoides"
