from	statement	to
1	"Culms usually more than twice as long as the leaves of the vegetative shoots; spikelets 4.4-7(8.5) mm long; lemmas (3)3.5-4.5(6) mm long; plants boreal, arctic, and alpine in the northern cordillera"	"Festuca brachyphylla subsp. brachyphylla"
1	"Culms up to twice as long as the leaves of the vegetative shoots; spikelets 3.5-5.5 mm long; lemmas (2.5)3.5-4 mm long; plants in the southern cordillera"	2
2	"Culms usually abut twice as long as the leaves of the vegetative shoots; awns 2-3(3.2) mm long; spikelets 4.4-5.6(7) mm long; lemmas 3-4(4.5) mm long"	"Festuca brachyphylla subsp. coloradensis"
2	"Culms usually less than twice as long as the leave of the vegetative shoots; awns 1-2(2.2) mm long; spikelets 3.5-5(5.5) mm long; lemmas 2.5-4 mm long"	"Festuca brachyphylla subsp. breviculmis"
