from	statement	to
1	"Lower lemmas glabrous"	"Digitaria filiformis var. laeviglumis"
1	"Lower lemmas pubescent"	2
2	"Basal leaf sheaths glabrous; cauline blades about 1 mm wide, folded or involute"	"Digitaria filiformis var. dolichophylla"
2	"Basal leaf sheaths with papillose-based hairs; cauline blades 1-6 mm wide, flat"	3
3	"Spikelets 1.3-1.9 mm long; panicle branches 3-13 cm long; culms 10-80 cm tall"	"Digitaria filiformis var. filiformis"
3	"Spikelets 2-2.8 mm long; panicle branches 10-25 cm long; plants 75-150 cm tall"	"Digitaria filiformis var. villosa"
