from	statement	to
1	"Ligules of stiff hairs present on the lower leaves; lower florets staminate; plants perennial"	2
1	"Ligules almost always absent from all leaves, the ligule region sometimes pubescent; lower florets sterile or staminate; plants usually annual, sometimes short-lived perennials"	3
2	"Plants without scaly rhizomes, sometimes rooting at the lower nodes; lower lemmas usually awned, sometimes merely apiculate; known outside of experimental plantings"	"Echinochloa polystachya"
2	"Plants with short, scaly rhizomes; lower lemmas unawned, sometimes long-cuspidate; in the Flora region, known only from experimental plantings"	"Echinochloa pyramidalis"
3	"Lower lemmas usually unawned; spikelets, particularly those near the base of the panicles, not disarticulating at maturity; upper lemmas wider and longer than the upper glumes at maturity and, hence, exposed at maturity"	4
3	"Lower lemmas often awned; spikelets disarticulating at maturity; upper lemmas not or scarcely exceeding the upper glumes in length and width at maturity"	5
4	"Spikelets always green and pale at maturity, their apices usually obtuse, varying to acute; rachis nodes not or only sparsely hispid with papillose-based hairs; caryopses whitish"	"Echinochloa frumentacea"
4	"Spikelets purplish to blackish-brown at maturity, their apices obtuse to shortly acute; rachis nodes densely hispid with papillose-based hairs; caryopses brownish"	"Echinochloa esculenta"
5	"Plants essentially obligate weeds of rice, growing in the fields; culms erect, densely tufted; spikelets 3.7-7 mm long; plants resembling rice in their vegetative growth"	6
5	"Plants not obligate weeds of rice, found in summer crops and wet places, and often in rice fields; culms sprawling, decumbent or erect; spikelets 2-5 mm long; plants occasionally resembling rice vegetatively but, if so, the spikelets less than 3 mm long"	7
6	"Panicles horizontal or drooping at maturity; spikelets broadly ovate to ovate; lower lemmas usually awned; caryopses 1.9-3 mm long, the embryos 70-85% as long as the caryopses"	"Echinochloa oryzoides"
6	"Panicles erect to slightly drooping; spikelets ovate-elliptical; lower lemmas awned or not; caryopses 1.7-2.6 mm long, the embryos 89-98% as long as the caryopses"	"Echinochloa oryzicola"
7	"Lower florets staminate; anthers of the upper florets 1.2-1.7 mm long"	"Echinochloa paludigena"
7	"Lower florets sterile; anthers of the upper florets 0.5-1.2 mm long"	8
8	"Panicle branches 0.7-2(4) cm long, without secondary branches; spikelets 2-3 mm long, unawned"	"Echinochloa colona"
8	"Panicle branches 1-14 cm long, usually rebranched, the secondary branches often short and inconspicuous; spikelets 2.5-5 mm long, awned or unawned"	9
9	"Upper lemmas broadly ovate to elliptical, if elliptical, each with a line of minute (need 25× magnification) hairs across the base of the early-withering tips"	10
9	"Upper lemmas narrowly ovate to elliptical, never with a line of minute hairs across the base of the early-withering, membranous tips"	11
10	"Upper lemmas with rounded or broadly acute coriaceous apices that pass abruptly into a membranous tip, a line of minute hairs present at the base of the tip"	"Echinochloa crus-galli"
10	"Upper lemmas with acute or acuminate coriaceous apices that extend into the membranous tip, without hairs at the base of the tip"	"Echinochloa muricata"
11	"Spikelets 2.5-3.4 mm long; lower lemmas unawned or with awns 3-10(15) mm long, curved"	"Echinochloa crus-pavonis"
11	"Spikelets 3-5 mm long; lower lemmas usually with awns 8-25 mm long, typically straight"	12
12	"Blades 10-35(60) mm wide; sheaths usually hispid and the margins ciliate with prominent papillose-based hairs, sometimes the sheaths only papillose; lower lemmas awned, the awns 8-25(60) mm long; common in the eastern portion of the Flora region"	"Echinochloa walteri"
12	"Blades 5-10 mm wide; sheaths glabrous or with papillose-based hairs; lower lemmas unawned or awned, the awns 8-16(50) mm long; in the Flora region, known only from southern Arizona"	"Echinochloa oplismenoides"
