from	statement	to
1	"Spikelets solitary at the middle of the branches, sometimes in unequally pedicellate pairs near the base"	2
1	"Spikelets in unequally pedicellate pairs or triplets at the middle of the branches, sometimes solitary distally"	6
2	"Pedicels with more than 12 long (1.5-3 mm) hairs near the apices, densely hirsute or villous below, the hairs mostly about 0.1 mm long, but with some longer hairs interspersed among the short hairs"	3
2	"Pedicels with fewer than 10 long (1.5-3 mm) hairs near the apices; variously hirsute below"	4
3	"Blades 0.5-4 mm wide; spikelets 1.4-1.9 mm wide; plants perennial"	"Eriochloa sericea"
3	"Blades 5-12 mm wide; spikelets 2-2.5 mm wide; plants annual"	"Eriochloa villosa"
4	"Lower floret of each spikelet with a palea"	"Eriochloa michauxii"
4	"Lower floret of each spikelet without a palea"	5
5	"Rachises hairy, the longer hairs 0.1-0.8 mm long; spikelets 3.1-5 mm long, 1.2-1.7 mm wide"	"Eriochloa contracta"
5	"Rachises glabrous or scabrous, not hairy; spikelets 2.7-3.6 mm long, 0.8-1.5 mm wide"	"Eriochloa fatmensis"
6	"Adaxial surfaces of the blades velvety to the touch; cauline internodes pubescent to pilose"	"Eriochloa lemmonii"
6	"Adaxial surfaces of the blades glabrous or hairy, but not velvety to the touch; cauline internodes glabrous or pubescent"	7
7	"Upper lemmas unawned or the awns shorter than 0.2(0.3) mm"	8
7	"Upper lemmas awned, the awns 0.2-1.5 mm long"	11
8	"Plants annual; upper glumes acute to acuminate, often terminating in awnlike apices up to 1.5 mm long; lower florets without paleas"	9
8	"Plants perennial; upper glumes acute, unawned; lower floret of each spikelet usually with a palea"	10
9	"Longer pedicels of the spikelet pairs or triplets to 1 mm long; upper glumes acute to acuminate, unawned or awned, the awns up to 1.2 mm long"	"Eriochloa acuminata"
9	"Longer pedicels of the spikelet pairs to 3 mm long; upper glumes always acuminate, awned, the awns 0.5-3.5 mm long"	"Eriochloa aristata"
10	"Culms erect, not rooting at the lower nodes; spikelets 3.7-5.7 mm long, 1.3-1.8 mm wide; lower floret of each spikelet always with a palea"	"Eriochloa michauxii"
10	"Culms decumbent, rooting at the lower nodes; spikelets 3.2-3.9 mm long, 1.1-1.3 mm wide; lower floret of each spikelet with or without a palea"	"Eriochloa polystachya"
11	"Spikelets 2.7-3.6 mm long, 0.8-1.5 mm wide"	"Eriochloa fatmensis"
11	"Spikelets 3.6-8.8 mm long, 0.9-1.6 mm wide"	12
12	"Pedicels uniformly hirsute, the hairs about 0.1 mm long; plants rhizomatous"	"Eriochloa punctata"
12	"Pedicels with some hairs 0.5-2.5 mm long, at least distally; plants not rhizomatous"	13
13	"Plants perennial"	"Eriochloa pseudoacrotricha"
13	"Plants annual"	14
14	"Longer pedicels of the spikelet pairs or triplets to 1 mm long; upper glumes acute to acuminate, unawned or awned, the awns up to 1.2 mm long"	"Eriochloa acuminata"
14	"Longer pedicels of the spikelet pairs to 3 mm long; upper glumes always acuminate, awned, the awns 0.5-3.5 mm long"	"Eriochloa aristata"
