from	statement	to
1	"Spikelets 1.5–2 mm long, glabrous; plants not rhizomatous"	"Leersia monandra"
1	"Spikelets 2.5–6.5 mm long, usually ciliate on the margins and keel, and glabrous or pubescent elsewhere; plants rhizomatous"	2
2	"Spikelets nearly as wide as long"	"Leersia lenticularis"
2	"Spikelets not more than 1/2 as wide as long"	3
3	"Anthers 2; spikelets 2.5–3.6 mm long; panicle branches single at all nodes"	"Leersia virginica"
3	"Anthers 3 or 6; spikelets 3.2–6.5 mm long; panicle branches 1–2 or more at the lower nodes, single at the upper nodes"	4
4	"Panicles exserted, 5–15 cm long; branches appressed to ascending, spikelet-bearing to near the base; anthers 6; spikelets 3.2–4.7(5) mm long"	"Leersia hexandra"
4	"Panicles exserted or enclosed, 10–30 cm long; branches spreading on exserted panicles, naked on the lower 1/3; anthers 3; spikelets (4)4.2–6.5 mm long"	"Leersia oryzoides"
