from	statement	to
1	"Primary panicles usually contracted; branches appearing 1-sided; culms sparsely pubescent to almost glabrous"	"Dichanthelium aciculare subsp. neuranthum"
1	"Primary panicles not contracted; branches not appearing 1-sided; culms usually pubescent, at least on the lower internodes"	2
2	"Spikelets 1.7-2.3 mm long, with blunt apices"	"Dichanthelium aciculare subsp. aciculare"
2	"Spikelets 2.4-3.6 mm long, with pointed or beaked apices"	3
3	"Spikelets 2.4-3 mm long, not strongly attenuate at the base; lower glumes attached less than 0.2 mm below the upper glumes"	"Dichanthelium aciculare subsp. angustifolium"
3	"Spikelets 2.9-3.6 mm long, strongly attenuate at the base; lower glumes attached 0.3-0.5 mm below the upper glumes"	"Dichanthelium aciculare subsp. fusiforme"
