from	statement	to
1	"Plants stoloniferous; panicles axillary, partially or wholly hidden in the leaf sheaths at maturity, the rachises flattened in cross section, with 1-6 fascicles; spikelets 10-22 mm long, bristles mostly shorter than the spikelet"	"Pennisetum clandestinum"
1	"Plants not stoloniferous; panicles terminal or terminal and axillary, fully exserted at maturity, the rachises terete, with 10-many fascicles; spikelets 2.5-12 mm long, the majority of the bristles as long as or longer than the spikelets"	2
2	"Fascicles with only 1 bristle and 1 spikelet"	"Pennisetum petiolare"
2	"Fascicles with 6 or more bristles and 1-12 spikelets"	3
3	"Most or all bristles scabrous, the primary bristles sometimes sparsely and inconspicuously long-ciliate"	4
3	"Bristles, at least the primary bristles, conspicuously long-ciliate"	11
4	"Primary bristles not noticeably longer than all the other bristles in the fascicles"	5
4	"Primary bristles noticeably longer than all the other bristles in the fascicles"	7
5	"Terminal panicle erect; fascicles with a stipelike base 1.5-5.6 mm long"	"Pennisetum alopecuroides"
5	"Terminal panicle drooping; fascicles subsessile, the bases 0.4-0.7 mm long"	6
6	"Plants green; most of the bristles only slightly longer than the spikelets; upper glumes (7) 9-veined, about as long as the spikelets"	"Pennisetum nervosum"
6	"Plants purplish; bristles at least twice as long as the spikelets; upper glumes 1-3-veined, usually about 1/2 as long as the spikelets"	"Pennisetum macrostachys"
7	"Panicles dense; rachises with 21-40 fascicles per cm"	8
7	"Panicles less dense; rachises with 5-16 fascicles per cm"	9
8	"Rachises pubescent; bristles yellow or purple; leaf blades (4)12-40 mm wide; paleas of lower florets present"	"Pennisetum purpureum"
8	"Rachises scabrous; bristles white to stramineous; leaf blades 4-12 mm wide; paleas of lower florets absent"	"Pennisetum macrourum"
9	"Panicles drooping, terminal and axillary; leaf blades 19-45 mm wide"	"Pennisetum latifolium"
9	"Panicles erect, all terminal; leaf blades 2-12 mm wide"	10
10	"Plants not rhizomatous; lower part of rachises pubescent"	"Pennisetum alopecuroides"
10	"Plants rhizomatous; lower part of rachises scabrous"	"Pennisetum flaccidum"
11	"Spikelets 9-12 mm long"	"Pennisetum villosum"
11	"Spikelets 2.5-7 mm long"	12
12	"Fascicles not disarticulating from the rachises; panicles 4-200 cm long; upper lemmas with pubescent margins; caryopses protruding from the florets at maturity"	"Pennisetum glaucum"
12	"Fascicles disarticulating from the rachises at maturity; panicles 2-37.5 cm long; upper lemmas with glabrous margins; caryopses concealed by the lemmas and paleas at maturity"	13
13	"Upper florets readily disarticulating at maturity; upper lemmas smooth and shiny, conspicuously different in texture from the lower lemmas"	14
13	"Upper florets not disarticulating at maturity; lower and upper lemmas similar in texture"	15
14	"Fascicles with 6-14 long-ciliate inner bristles and 13-30 scabrous outer bristles; fascicle axes 0.2-0.5 mm long; spikelets sessile"	"Pennisetum polystachion"
14	"Fascicles with 40-90 long-ciliate inner bristles and 10-20 scabrous outer bristles; fascicle axes 1.5-2.5 mm long; spikelets pedicellate, the pedicels 1-3.5 mm long"	"Pennisetum pedicellatum"
15	"Lower portion of the rachises glabrous, sometimes scabrous"	16
15	"Lower portion of the rachises pubescent"	18
16	"Inner bristles neither grooved nor fused, even at the base; spikelets 5.2-6.7 mm long, pedicellate, the pedicels 0.1-0.5 mm long"	"Pennisetum flaccidum"
16	"Inner bristles grooved and fused, at least at the base; spikelets 2.5-5.6 mm long, sessile"	17
17	"Inner bristles fused for up to 1/4 their length; many outer bristles exceeding the spikelets; terminal bristles 10.5-23 mm, noticeably longer than the other bristles in the fascicles"	"Pennisetum ciliare"
17	"Inner bristles fused for 1/3-1/2 their length; outer bristles not exceeding the spikelets; terminal bristles 2.9-6.5 mm, usually not noticeably longer than other bristles in the fascicles"	"Pennisetum setigerum"
18	"Plants 200-800 cm tall; midculm leaves (4)12-40 mm wide; panicles golden-yellow or dark purple; rachises with 30-40 fascicles per cm"	"Pennisetum purpureum"
18	"Plants 50-200 cm tall; midculm leaves 2-11 mm wide; panicles white, burgundy, light purple, or pink; rachises with 5-17 fascicles per cm"	19
19	"Midculm leaves 2-3.5 mm wide, convolute or folded, green, the midvein noticeably thickened; lower florets of the spikelets usually sterile, sometimes staminate"	"Pennisetum setaceum"
19	"Midculm leaves 3-11 mm wide, flat, green or burgundy, the midvein not noticeably thickened; lower florets of the spikelets staminate"	20
20	"Plants shortly rhizomatous; nodes pubescent; panicles erect to slightly arching, white or purple-tinged; leaves green; ligules 1-1.7 mm long; fascicles with 0-24 terete, scabrous outer bristles"	"Pennisetum orientale"
20	"Plants not rhizomatous; nodes glabrous; panicles conspicuously drooping, burgundy (rarely whitish-green); leaves burgundy (rarely green); ligules 0.5-0.8 mm long; fascicles with 43-68 terete, scabrous outer bristles"	"Pennisetum advena"
