from	statement	to
1	"Spikelets unawned, or with awns less than 5 mm long; anthers 3"	2
1	"Spikelets awned, the awns 10-26 mm long; anthers 2"	5
2	"Spikelets with visible awns, the awns 2-5 mm long"	"Saccharum ravennae"
2	"Spikelets unawned, or the awns concealed by the glumes"	3
3	"Lower glumes of sessile spikelets pubescent"	"Saccharum bengalense"
3	"Lower glumes of sessile spikelets mostly glabrous, sometimes ciliate distally"	4
4	"Culms clumped, 2-5 cm thick; rhizomes short; blades 20-60 mm wide"	"Saccharum officinarum"
4	"Culms solitary or few together, 0.6-2 cm thick; rhizomes elongate; blades 10-25 mm wide"	"Saccharum spontaneum"
5	"Awns spirally coiled at the base"	6
5	"Awns straight to curved at the base"	7
6	"Callus hairs 3-7 mm long, equal to or shorter than the spikelets, white to brown; rachises glabrous or sparsely pilose"	"Saccharum brevibarbe"
6	"Callus hairs 9-14 mm long, exceeding the spikelets, silvery or tinged with purple; rachises densely pubescent"	"Saccharum alopecuroides"
7	"Callus hairs longer than the spikelets; lowest panicle nodes densely pilose"	"Saccharum giganteum"
7	"Callus hairs absent or no more than equaling the spikelets; lowest panicle nodes glabrous or sparsely pilose"	8
8	"Calluses glabrous or with hairs to 2 mm long and exceeded by the spikelets; panicles 1-2.5 cm wide"	"Saccharum baldwinii"
8	"Callus hairs 3-7 mm long, often equaling the spikelets; panicles 3-10 cm wide"	9
9	"Awns flat basally; lower lemmas of sessile spikelets not or indistinctly veined; upper lemmas 0.9-1 times as long as the lower lemmas"	"Saccharum brevibarbe"
9	"Awns terete basally; lower lemmas of the sessile spikelets typically 3-veined; upper lemmas 0.7-0.8 times as long as the lower lemmas"	"Saccharum coarctatum"
