from	statement	to
1	"Lemmas more or less crisp-puberulent on the lower half or basal portion (sometimes obscurely so in Poa secunda var. scabrella); ligules of lower culm usually well-developed and acute to acuminate (short in Poa tenerrima); tillers strictly intravaginal, cataphylls absent, prophylls well developed, mostly over 1 cm long; leaf blades commonly withering early, long-cells all or mostly fusiform and smooth-walled"	2
1	"Lemmas glabrous, smooth or scabrous (except in “P. juncifolia subsp. porteri” form, but then plants from the plains of the eastern slope of the Rocky Mts.); ligules of lower culm and lateral shoot leaves usually truncate to rounded (acute in var. nevadensis); tillers intravaginal and sometimes also extravaginal, the latter with cataphylls and reduced prophylls (usually less than 2 mm long); leaf blades more or less persistent, long-cells usually rectangular and sinuous-walled (Poa secunda subsp. juncifolia)"	6
2	"Most leaf blades 1–3 cm long, (1–) 1.5–3 mm wide, flat, with prominent white, cartilaginous margins; plants of serpentine rocks in the Wenatchee Range of the Cascade Mts., Washington State"	"Poa curtifolia"
2	"Leaf blades of various lengths and widths, but not short and flat, without prominent cartilaginous margins"	3
3	"Sheaths scabrous, at least on the margins; ligules scabrous; panicle branches scabrous, often densely so; plants mainly of California Floristic Province and Mojave Desert"	4
3	"Sheaths smooth; ligules smooth or lightly scabrous; panicle branches smooth or scabrous; plants mostly of the eastern slope of the western Cordilleras and eastward (Poa secunda subsp. secunda, in part)"	5
4	"Ligules of culm leaves  2–6 mm long, acute to acuminate; blades filiform or broader; panicles branches capillary or thicker, usually appressed to ascending (rarely spreading); plants widespread; chromosomes 2n = 63 and higher ( Poa secunda subsp. secunda, in part)"	"Poa secunda var. scabrella"
4	"Ligules of culm leaves 0.5–1.5 (–2.5) mm long, usually truncate to obtuse, sometimes acute; blades filiform; panicle branches capillary, widely spreading; plants of serpentine barrens in central foothills of west slope of the Sierra Nevada; chromosomes 2n = 42"	"Poa tenerrima"
5	"Panicles open;  branches spreading to patent, diverging more than 45° at anthesis and afterwards, spikelets absent from the lower half of panicle branches; plants of moist, often shady, places"	"Poa secunda var. gracillima"
5	"Panicles usually loosely to tightly contracted at maturity; branches sometimes ascending but branches finally divergent by less than 45°; spikelets present near the base or lower 1/3rd of panicle branches; plants mostly of more open places"	"Poa secunda var. secunda"
6	"Sheaths scabridulous; ligules elongated, acute, decurrent"	"Poa secunda var. nevadensis"
6	"Sheaths smooth; ligules of lower culm and basal leaf short, obtuse to truncate, not decurrent"	7
7	"Blades involute; plants of open riparian and alkali or saline meadows"	"Poa secunda var. juncifolia"
7	"Blades flat; plants of mountain meadows and forests"	"Poa secunda var. ampla"
