from	statement	to
1	"Spikelets pubescent, broadlyellipsoid, 1.6-2.1 mm long; lower glumes about 1/2 as long as the spikelets; blades glabrous"	"Dichanthelium strigosum subsp. leucoblepharis"
1	"Spikelets glabrous, obovoid, 1.1-1.8 mm long; lower glumes about 1/3 as long as the spikelets; blades pilose or glabrous"	2
2	"Blades pilose; spikelets 1.1-1.6 mm long"	"Dichanthelium strigosum subsp. strigosum"
2	"Blades glabrous or sparsely pilose near the base; spikelets 1.4-1.8 mm long"	"Dichanthelium strigosum subsp. glabrescens"
