from	statement	to
1	"Culms densely crisp-puberulent; spikelets 2.2-2.7 mm long; cauline blades usually 5-8 cm long, 5-10 mm wide, thick, the bases symmetrical; rosette blades usually less than 3 cm long and to 6 mm wide"	"Dichanthelium commutatumsubsp. ashei"
1	"Culms usually glabrous or sparsely pubescent; spikelets 2.6-3.2 mm long; cauline blades usually more than 8 cm long and 10 mm wide, thin, bases sometimes asymmetrical; rosette blades large, some more than 4 cm long and 10 mm wide"	2
2	"Cauline blades nearly linear, 5-14 mm wide, about 10 times as long as wide; spikelets 3-3.2 mm long; lower glumes about 1/2 as long as the spikelets"	"Dichanthelium commutatum subsp. equilaterale"
2	"Cauline blades ovate-lanceolate, 6-25 mm wide, about 4-8 times as long as wide; spikelets 2.6-3.2 mm long; lower glumes about 1/4 as long as the spikelets"	3
3	"Culms decumbent or sprawling, with loose caudices or rhizomes; blades strongly asymmetric-falcate, often glaucous; spikelets 2.9-3.2 mm long; lower lemmas pointed"	"Dichanthelium commutatum subsp. joorii"
3	"Culms more or less erect, with caudices; blades almost symmetrical, green, sometimes glaucous; spikelets 2.6-2.9 mm long; lower lemmas rounded"	"Dichanthelium commutatum subsp. commutatum"
