from	statement	to
1	"Glumes with awns 3–12 mm long"	2
1	"Glumes unawned or with awns to 3.2 mm long"	5
2	"Glumes deeply lobed, the lobes more than 1/6 the length of the glume body"	"Polypogon maritimus"
2	"Glumes not lobed or the lobes 1/10 or less the length of the glume body"	3
3	"Plants annual; glume apices rounded, lobed, the lobes 0.1–0.2 mm long; ligules 2.5–16 mm long"	"Polypogon monspeliensis"
3	"Plants perennial; glume apices acute to truncate, unlobed or the lobes shorter than 0.1 mm; ligules 1–6 mm long"	4
4	"Glume awns (3)4–6 mm long; longest blades 13–17 cm long"	"Polypogon australis"
4	"Glume awns 1.5–3.2 mm long; longest blades 5–9 cm long"	"Polypogon interruptus"
5	"Glumes unawned"	"Polypogon viridis"
5	"Glumes awned, the awns 0.2–3.2 mm long"	6
6	"Stipes 1.5–2.5 mm long; glumes tapering from about midlength to the acute, unlobed apices"	"Polypogon elongatus"
6	"Stipes 0.2–1.5 mm long; glumes not tapering to the apices, the apices usually rounded to truncate, sometimes acute, often lobed"	7
7	"Lemmas 1–2 mm long; paleas about 1/2 as long as the lemmas; the lower glumes longer than the upper glumes"	"Polypogon imberbis"
7	"Lemmas 0.7–1.5 mm long; paleas from 3/4 as long as to equaling the lemmas; glumes of each spikelet subequal to equal"	8
8	"Plants annual; glumes acute to rounded, lobed, the lobes 0.1–0.2 mm long"	"Polypogon fugax"
8	"Plants perennial, often flowering the first year; glumes acute to truncate, if lobed, the lobes to 0.1 mm long"	"Polypogon interruptus"
