from	statement	to
1	"Primary branches with 0–1 compressed basal internodes; culm internodes usually sulcate; culm leaves deciduous"	"Arundinaria gigantea"
1	"Primary branches with 2–5 compressed basal internodes; culm internodes usually terete; culm leaves persistent to tardily deciduous"	2
2	"Foliage blades coriaceous, persistent, abaxial surfaces densely pubescent or glabrous, strongly cross veined; primary branches usually longer than 50 cm, basal nodes developing secondary branches; topknot blades 20–30 cm long"	"Arundinaria tecta"
2	"Foliage blades chartaceous, deciduous, abaxial surfaces pilose or glabrous, weakly cross veined; primary branches usually shorter than 35 cm, basal nodes not developing secondary branches; topknot blades 9–22.5 cm long"	"Arundinaria appalachiana"
