from	statement	to
1	"Uppermost leaf blades exceeding the panicles; panicles usually partially enclosed in the uppermost leaf sheaths; mature lemmas often smoky white with a dark spot in the basal 1/2"	"Leptochloa fusca subsp. fascicularis"
1	"Uppermost leaf blades exceeded by the panicles; panicles usually completely exserted; mature lemmas usually lacking a dark spot"	2
2	"Anthers 0.5-2.7 mm long; spikelets 6-14 mm long; lemmas obtuse, acute, or acuminate, sometimes bifid, light brown to dark green"	"Leptochloa fusca subsp. fusca"
2	"Anthers 0.2-0.6(1) mm long; spikelets 5-10 mm long; lemmas obtuse to truncate, usually notched and mucronate, often dark green or lead-colored"	"Leptochloa fusca subsp. uninervia"
