from	statement	to
1	"Rachis nodes with 3 spikelets, the central spikelet usually with 2 fertile florets, the florets of the lateral spikelets rudimentary to awnlike; lemma awns 15–30 mm long"	"Elymus elymoides subsp. hordeoides"
1	"Rachis nodes usually with 2 spikelets, each spikelet usually with (1)2–4(5) fertile florets; lemma awns 15–120 mm long"	2
2	"No spikelets appearing to have 3 glumes, the lowermost floret in each spikelet well developed; paleas rarely with the veins extended as bristles"	"Elymus elymoides subsp. brevifolius"
2	"One or more of the spikelets at most nodes appearing to have 3 glumes, the lowest 1–2 florets sterile and glumelike; paleas usually with the veins extended as bristles"	3
3	"Glumes with awns 15–70 mm long, all glumes entire"	"Elymus elymoides subsp. californicus"
3	"Glumes with awns 35–85 mm long, one of the glumes at most nodes with the awn split into 2 or 3 divisions"	"Elymus elymoides subsp. elymoides"
