from	statement	to
1	"Upper lemmas of sessile spikelets awned, the awns 2-16 cm long"	2
1	"Upper lemmas of sessile spikelets unawned or the awns no more than 8 mm long"	3
2	"Plants annual; pedicellate spikelets 7.2-15 mm long"	"Chrysopogon pauciflorus"
2	"Plants perennial; pedicellate spikelets 2.5-8 mm long"	"Chrysopogon fulvus"
3	"Calluses of the sessile spikelets 0.6-0.8 mm long, rounded, with white hairs; plants not stoloniferous"	"Chrysopogon zizanioides"
3	"Calluses of the sessile spikelets 3-6.4 mm long, sharp, with golden-yellow hairs; plants extensively stoloniferous"	"Chrysopogon aciculatus"
