from	statement	to
1	"Plants perennial"	2
1	"Plants annual"	4
2	"Panicles tapering distally; panicle branches free from the rachis; glumes scabrous to shortly ciliate on the keels; plants known, in the Flora region, only from British Columbia"	"Phleum phleoides"
2	"Panicles not tapering distally; panicle branches adnate to the rachises; glumes conspicuously ciliate on the keels; plants widespread in the Flora region"	3
3	"Sheaths of the flag leaves not inflated; panicles 2–14(17) cm long, 5–20 times as long as wide; lower internodes of the culms frequently enlarged or bulbous; widespread in the Flora region"	"Phleum pratense"
3	"Sheaths of the flag leaves inflated; panicles 1–6 cm long, usually 1.5–3 times as long as wide; lower internodes of the culms not enlarged or bulbous"	"Phleum alpinum"
4	"Glume apices abruptly truncate"	"Phleum paniculatum"
4	"Glume apices gradually narrowed to tapered"	5
5	"Glumes semi-elliptical in outline, apices pointing towards each other; keels usually glabrous, sometimes scabrous"	"Phleum subulatum"
5	"Glumes oblong-lanceolate, apices parallel or divergent; keels ciliate"	"Phleum arenarium"
