from	statement	to
1	"Upper row of lemma hairs in a more or less continuous row of tufts, the hairs much exceeding the base of the awn; shoots intravaginal, without scaly cataphylls"	"Rytidosperma biannulare"
1	"Upper row of lemma hairs in isolated tufts or only at the margins, the hairs not or only just exceeding the base of the awn; some or most shoots extravaginal and with scaly cataphylls"	2
2	"Callus hairs usually overlapping the lower row of lemma hairs; upper row of lemma hairs often reduced to marginal tufts, sometimes scanty medial tufts also present"	"Rytidosperma penicillatum"
2	"Callus hairs short, rarely reaching the lower row of lemma hairs; upper row of lemma hairs usually with scanty medial tufts"	"Rytidosperma racemosum"
