from	statement	to
1	"Lemmas (7)8–11 mm long, usually pubescent or pilose"	2
1	"Lemmas 6.5–8(9) mm long, glabrous or pubescent"	3
2	"Awns more than 0.1 mm wide at the base, straight, erect; culms (3)10–70 cm long"	"Bromus hordeaceus subsp. hordeaceus"
2	"Awns less than 0.1 mm wide at the base, often divaricate or recurved at maturity; culms 15–25(60) cm long"	"Bromus hordeaceus subsp. molliformis"
3	"Culms (3)10–70 cm long; panicles up to 10 cm long, usually with more than 1 spikelet; lemmas usually glabrous; caryopses usually as long as the paleas; habitat various"	"Bromus hordeaceus subsp. pseudothomineii"
3	"Culms 2–16 cm long; panicles 1–3 cm long, often reduced to 1 spikelet; lemmas pubescent or glabrous; caryopses shorter than the paleas; plants of maritime or lacustrine sands"	"Bromus hordeaceus subsp. thominei"
