from	statement	to
1	"Florets 1.5–3 mm long; blades 0.2–1.5 mm wide, usually tightly convolute"	2
1	"Florets 3.4–13 mm long; blades 0.4–8 mm wide, flat to convolute"	4
2	"Florets widest about midlength; awns 45–100 mm long, almost centric"	"Nassella tenuissima"
2	"Florets widest near the top; awns 7–35 mm long, eccentric"	3
3	"Awns 15–35 mm long; lemmas strongly tuberculate, particularly distally"	"Nassella trichotoma"
3	"Awns 7–10 mm long; lemmas smooth"	"Nassella chilensis"
4	"Terminal segment of the awns cernuous"	5
4	"Terminal segment of the awns straight"	6
5	"Awns 12–55 mm long, 0.1–0.2 mm thick at the base"	"Nassella lepida"
5	"Awns 50–110 mm long, 0.2–0.3 mm thick at the base"	"Nassella cernua"
6	"Florets 3.4–5.5 mm long; lemmas not constricted below the crown; awns 19–32 mm long"	"Nassella viridula"
6	"Florets 6–13 mm long; lemmas constricted below the crown; awns 30–120 mm long"	7
7	"Lemmas hairy between the veins at maturity"	"Nassella pulchra"
7	"Lemmas glabrous between the veins at maturity"	8
8	"Crowns usually wider than long, the rims with hairs to 0.5 mm long; florets widest just below the crowns"	"Nassella neesiana"
8	"Crowns usually longer than wide, the rims with hairs 1–2 mm long; florets widest near or slightly above midlength"	9
9	"Florets 6.5–13 mm long; crowns often flaring distally; plants native to Texas and adjacent states"	"Nassella leucotricha"
9	"Florets 6–8 mm long; crowns more or less straight-sided; plants introduced, established in California"	"Nassella manicata"
