from	statement	to
1	"Lemmas and calluses usually glabrous, occasionally sparsely pubescent; florets 1.5-2.5 mm long"	"Piptatheropsis micrantha"
1	"Lemmas evenly pubescent; calluses hairy; florets 1.5-6 mm long"	2
2	"Awns 3.9-15 mm long, persistent, once or twice geniculate"	3
2	"Awns 1-8 mm long, caucous, often absent from herbarium specimens, straight or arcuate"	4
3	"Primary panicle branches straight, appressed; awns 3.9-7 mm long; florets 3-6 mm long"	"Piptatheropsis exigua"
3	"Primary panicles branches somewhat flexuous, often divergent; awns 5-15 mm long; florets 2.2-4.5 mm long"	"Piptatheropsis canadensis"
4	"Awns 4-8 mm long; florets 1.5-2.5 mm long"	"Piptatheropsis micrantha"
4	"Awns 1-2.5 mm long; florets 2.2-4.5 mm long"	5
5	"Lower panicles branches straight; ligules 0.2-2.5 mm long"	"Piptatheropsis pungens"
5	"Lower panicles branches flexuous; ligules 1.8-5.5 mm long"	"Piptatheropsis shoshoneana"
