from	statement	to
1	"Culms usually hollow to the base of the spikes; glumes with only 1 keel, this often developed only in the upper 1/2 of the glumes"	2
1	"Culms partially to completely solid 1 cm below the spikes; glumes with 1 fully developed keel, sometimes with a second keel"	4
2	"Glumes loosely appressed to the lower florets; rachises not disarticulating, even under pressure"	"Triticum aestivum"
2	"Glumes tightly appressed to the lower florets; rachises disarticulating under pressure"	3
3	"Spikes almost cylindrical; glumes truncate"	"Triticum spelta"
3	"Spikes strongly flattened; glumes acute"	"Triticum timopheevii"
4	"Rachises not disarticulating, even under pressure; glumes loosely appressed to the lower florets"	5
4	"Rachises disarticulating, spontaneously or with pressure; glumes usually tightly appressed to the lower florets"	9
5	"Glumes chartaceous"	6
5	"Glumes coriaceous"	7
6	"Glumes 20-40 mm long; rachises enlarged at the base of the glumes; spikelets producing 2-3 caryopses"	"Triticum polonicum"
6	"Glumes 6-13 mm long; rachises not enlarged at the base of the glumes; spikelets usually producing 1 caryopsis"	"Triticum monococcum"
7	"Glumes awned, awns 1-6 cm long; spikes thicker than wide, never branched at the base"	"Triticum carthlicum"
7	"Glumes toothed, teeth to 0.3 cm long; spikes about as wide as thick, sometimes branched at the base"	8
8	"Spikes 4-11 cm long, never branched at the base; plants 60-160 cm tall; blades usually glabrous; endosperm usually flinty"	"Triticum durum"
8	"Spikes 7-14 cm long, sometimes branched at the base; plants 120-180 cm tall; blades hairy; endosperm mealy"	"Triticum turgidum"
9	"Paleas not splitting at maturity; spikelets 10-25 mm long"	10
9	"Paleas splitting at maturity; spikelets 10-17 mm long"	12
10	"Spikelets oblong to rectangular; rachises disarticulating spontaneously; glumes unequally 2-keeled, the more prominent keel winged to the base"	"Triticum dicoccoides"
10	"Spikelets elliptical to ovate; rachises disarticulating only with pressure; glumes with 1 prominent keel, the keel not winged to the base"	11
11	"Spikelets 16-18 mm long; rachis internodes 1.5-2.5 mm long; spikes always wider than thick; culms partially solid to hollow for 1 cm below the spikes"	"Triticum timopheevii"
11	"Spikelets 10-16 mm long; rachis internodes (0.5)2-5 mm long; spikes variously shaped, from cylindrical to wider than thick; culms usually solid for 1 cm below the spike"	"Triticum dicoccum"
12	"Spikelets elliptical to ovate; rachis internodes 1.4-2.5 mm long; rachises disarticulating with pressure"	"Triticum monococcum"
12	"Spikelets rectangular; rachis internodes 3-5 mm long; rachises disarticulating spontaneously"	13
13	"Caryopses blue or amber or red mottled with blue; third lemma in each spikelet, if present, usually unawned; blades blue-green, hairs stiff, those on the veins longer than those between; anthers 3-6 mm long"	"Triticum boeoticum"
13	"Caryopses red; third lemma in each spikelet, if present, awned, the awns up to 10 mm long; blades yellow-green, hairs soft, of uniform length; anthers 2-4 mm long"	"Triticum urartu"
