from	statement	to
1	"Panicle branches 1-sided; spikelets usually subsessile, the longest pedicels usually less than 2 mm long, rarely 3 mm long"	2
1	"Panicle branches usually not 1-sided; spikelets not subsessile, the longest pedicels 2-20 mm long"	7
2	"Spikelets 5.5-7 mm long; upper florets less than 1/3 as long as the spikelets"	"Phanopyrum gymnocarpon"
2	"Spikelets 1.6-4.4 mm long; upper florets 2/5 as long as to almost equaling the spikelets"	3
3	"Lower glumes 5- or 7-veined, about 3/4 as long as the spikelets; plants with stolons or shallow rhizomes"	"Hopia obtusa"
3	"Lower glumes 1- or 3-veined, 1/2-2/3 as long as the spikelets; plants without stolons, often with rhizomes"	4
4	"Lower florets staminate; lower paleas subequal to the lower lemmas; upper lemmas thin, flexible, clasping the paleas only at the base"	"Panicum hemitomon"
4	"Lower florets sterile; lower paleas no more than 2/3 as long as the lower lemmas; upper lemmas thick, stiff, clasping the paleas throughout their length"	5
5	"Glumes and lower lemmas without keeled midveins; upper florets with glabrous apices; plants tufted, from knotty rhizomes; panicles with a few spikelets; pedicels with slender hairs near the apices"	"Panicum tenerum"
5	"Glumes and lower lemmas with keeled midveins; upper florets with a tuft of small hairs at the apices; plants often with scaly rhizomes; panicles with many spikelets; pedicels glabrous"	6
6	"Plants without conspicuous rhizomes, cespitose; culms and sheaths strongly compressed; spikelets usually 1.6-3.8 mm long, lanceolate, not falcate"	"Panicum rigidulum"
6	"Plants with conspicuous, stout, short or elongate, scaly rhizomes; culms and sheaths slightly compressed; spikelets 2.3-3.9 mm long, rarely lanceolate, often falcate"	"Panicum anceps"
7	"Upper glumes and lower lemmas warty-tuberculate"	Kellochloa
7	"Upper glumes and lower lemmas glabrous, villous, or scabridulous, but not warty-tuberculate"	8
8	"Upper florets faintly to evidently transversally rugose; sheaths keeled; culm bases often cormlike"	"Zuloagaea bulbosa"
8	"Upper florets smooth or striate, rarely inconspicuously rugose; sheaths not keeled; culm bases never cormlike"	9
9	"Plants with rhizomes about 1 cm thick and with large, pubescent, scalelike leaves; culms hard, almost woody"	"Panicum antidotale"
9	"Plants without rhizomes or with rhizomes less than 0.5 cm thick and with small, glabrous, scalelike leaves; culms clearly not woody, except at the base of Panicum hirsutum"	10
10	"Glumes, lower lemmas, and upper lemma margins villous, with whitish hairs"	"Panicum urvilleanum"
10	"Glumes and lemmas usually glabrous, sometimes the lower lemmas sparsely pilose on the margins and near the apices"	11
11	"Plants perennial, usually with vigorous scaly rhizomes; lower florets staminate"	12
11	"Plants annual, or perennials usually without rhizomes, sometimes rooting at the lower nodes; lower florets sterile"	15
12	"Lower glumes 0.5-1.5 mm long, less than 1/2 as long as the spikelet, 1-5-veined; upper glumes and lower lemmas extending 0.1-0.5 mm beyond the upper florets and scarcely separated (gaping); lower paleas oblong, not hastate-lobed"	13
12	"Lower glumes 1.8-4 mm long, more than 1/2 as long as the spikelets, with at least 5 veins; upper glumes and lower lemmas extending 0.4-3 mm beyond the upper florets, stiffly separated (gaping); lower paleas hastate-lobed"	14
13	"Lower glumes subtruncate to broadly acute, faintly veined; upper florets widest at or above the middle, with rounded apices; plants not cespitose, with long, scaly rhizomes"	"Panicum repens"
13	"Lower glumes acute, with evident veins; upper florets widest below the middle, with lightly beaked apices; plants cespitose, with short knotty rhizomes"	"Panicum coloratum"
14	"Panicles contracted; branches appressed to strongly ascending; plants glabrous throughout"	"Panicum amarum"
14	"Panicles open; branches ascending to spreading; plants often pilose, at least at the base of the leaf blades"	"Panicum virgatum"
15	"Lower glumes truncate to subacute, 1/5-1/3 as long as the spikelets; sheaths more or less compressed, glabrous or sparsely pubescent; plants slightly succulent or spongy"	16
15	"Lower glumes acute to attenuate, usually 1/3-3/4 as long as the spikelets; sheaths rounded, usually hirsute or hispid; plants not succulent"	18
16	"Plants usually annual, usually terrestrial, rooting at the lower nodes if in water, but not floating; blades 3-25 mm wide"	"Panicum dichotomiflorum"
16	"Plants perennial or of indefinite duration, usually aquatic, sometimes floating, rooting at the lower nodes; blades 2-15 mm wide"	17
17	"Spikelets 2-2.2 mm long; blades 2-4 mm wide; lower paleas absent; culms succulent"	"Panicum lacustre"
17	"Spikelets 3-4 mm long; blades 5-15 mm wide; lower paleas present; culms spongy"	"Panicum paludosum"
18	"Spikelets 4-6.5 mm long"	19
18	"Spikelets 1-4.2 mm long"	20
19	"Upper glumes and lower lemmas only slightly exceeding the upper florets; upper florets 2-2.5 mm wide; plants annual; lower paleas truncate to bilobed"	"Panicum miliaceum"
19	"Upper glumes and lower lemmas exceeding the upper florets by 3-4 mm; upper florets 1-1.1 mm wide; plants perennial; lower paleas acute"	"Panicum capillarioides"
20	"Plants perennial; panicle branches usually with all or most secondary branches confined to the distal 1/3"	21
20	"plants annual; panicle branches usually with secondary branches and pedicels attached to the distal 2/3"	25
21	"Lower panicle branches whorled; culms 2-10 mm thick, 50-300 cm tall"	22
21	"Lower panicle branches solitary; culms 0.5-10 mm thick, 15-100 cm tall"	23
22	"Sheaths with fragile, prickly hairs causing skin irritation; panicles not breaking at the base and becoming tumbleweeds; lower paleas 1.3-1.7 mm long"	"Panicum hirsutum"
22	"Sheaths glabrous or sparsely to densely pubescent but without fragile, prickly hairs; panicles breaking at the base and becoming tumbleweeds; lower paleas 1.4-2.2 mm long"	"Panicum bergii"
23	"Blades glabrous and glaucous on the adaxial surface; nodes sericeous or pilose, sometimes almost glabrous"	"Panicum hallii"
23	"Blades sparsely to densely hirsute and not glaucous on the adaxial surface; nodes sericeous"	24
24	"Spikelets 2.1-2.9 mm long; culms spreading to weakly ascending; blades spreading, 1-5 mm wide, without a prominent white midrib"	"Panicum diffusum"
24	"Spikelets 2.6-3.4 mm long; culms erect to decumbent; blades ascending to erect, 0.5-14 mm wide, with a prominent white midrib"	"Panicum ghiesbreghtii"
25	"Blades 2-7 cm long, 5-20 mm wide, lanceolate, 4-6 times longer than wide"	"Panicum trichoides"
25	"Blades 5-40 cm long, 1-18 mm wide, linear, more than 10 times longer than wide"	26
26	"Panicles more than 2 times longer than wide at maturity; branches ascending to somewhat divergent; spikelets narrowly ovoid, usually about 3 times longer than wide"	"Panicum flexile"
26	"Panicles less than 1.5 times longer than wide at maturity; branches diverging; spikelets variously shaped, less than 3 times longer than wide"	27
27	"Spikelets 2.1-4 mm long, upper glumes and lower lemmas with prominent veins; lower glumes 2/5-3/4 as long as the spikelets; lower paleas 0.4-2 mm long, from 1/3 as long as the lower lemmas to equaling them; ligules 0.2-0.4 mm or 1-3.5 mm long"	28
27	"Spikelets 1.4-4 mm long, upper glumes and lower lemmas without prominent veins; lower glumes usually less than 1/2 as long as the spikelets; lower paleas usually small or absent; ligules 0.5-1.5 mm long"	30
28	"Lower glumes 0.7-1.1 mm long, about 2/5 as long as the spikelets; lower paleas 1-2 mm long; leaf blades 2-8 mm wide, usually completely glabrous, sometimes with a few marginal cilia near the base"	"Panicum psilopodium"
28	"Lower glumes 1.2-2.4 mm long, 1/2-3/4 as long as the spikelets; lower paleas 0.2-0.9 mm long; leaf blades 1-30 mm wide, hairs papillose-based"	29
29	"Primary panicle branches appressed to the main axis; culms 2-8 cm long; spikelets 2-2.2 mm long"	"Panicum mohavense"
29	"Primary panicle branches divergent; culms 11-110 cm long; spikelets 1.9-4 mm long"	"Panicum hirticaule"
30	"Plants mostly glabrous, but the sheaths ciliate on the margins and the blades sometimes sparingly pilose adaxially"	"Panicum bisulcatum"
30	"Plants mostly hairy, even the sheaths hairy throughout"	31
31	"Panicles usually more than 1/2 the total height of the plant, breaking at the base of the peduncle at maturity and becoming a tumbleweed; spikelets 1.9-4 mm long; mature upper florets stramineous or nigrescent"	"Panicum capillare"
31	"Panicles usually less than 1/2 the total height of the plant, the base of the peduncle usually not breaking at maturity; spikelets 1.4-2.4 mm long; mature upper florets often dark brown"	"Panicum philadelphicum"
