from	statement	to
1	"Upper glumes with 5 longitudinal rows of spinelike projections, 5-veined"	2
1	"Upper glumes with (5)6-7 longitudinal rows of spinelike projections, 7-veined"	3
2	"Proximal internodes of the primary branches not longer than the second internode"	"Tragus berteronianus"
2	"Proximal internodes of the primary branches 2-3 (or more) times longer than the second internode"	"Tragus australianus"
3	"Panicle branches with 2 (rarely 3) spikelets; proximal spikelets on the branches 3-3.5 mm long"	"Tragus heptaneuron"
3	"Panicle branches with 3-5 (rarely 2) spikelets; proximal spikelets on the branches 3.8-6.6 mm long"	"Tragus racemosus"
