from	statement	to
1	"Lateral veins of the lowest lemma in each spikelet usually glabrous, occasionally with a few short, stiff hairs"	"Eustachys stachys"
1	"Lateral veins of the lowest lemma in each pubescent"	2
2	"Keels of the lowest lemma in each spikelet glabrous"	3
2	"Keels of the lowest lemma in each spikelet pubescent"	4
3	"Spikelets 1.5-2.1 long; panicles with 6-15 branches; branches 4-10 cm long, straight somewhat stiff; blades 5-10 mm wide"	"Eustachys retusa"
3	"Spikelets 2.4-3 mm long; panicles with 10-36 branches; branches 6-15 cm long, flexible; leaf blades 10-15 mm wide"	"Eustachys distichophylla"
4	"Spikelets 1.5-2.5 mm long; lowest lemma in each spikelet mucronate"	5
4	"Spikelets 2.6-3.7 mm long; lowest lemma in each spikelets awned, awns 0.4-1.2 mm long"	6
5	"Lowest lemma in each spikelet dark brown; lateral veins with appressed hairs shorter than 0.5 mm"	"Eustachys petraea"
5	"Lowest lemma in each spikelet tawny to reddish brown; lateral veins with spreading hairs longer than 0.5 mm"	"Eustachys caribaea"
6	"Panicles with 1-3 branches; awns of lowest lemma in each spikelet 0.4-0.6 mm long; spikelets 3-3.7 mm long"	"Eustachys floridana"
6	"Panicle with (3)4-9 branches awns of lowest lemma in each spikelet 0.7-1.2 mm long; spikelets 2.6-3 mm long"	"Eustachys neglecta"
