from	statement	to
1	"Plants annual; spikelet laterally compressed; anthers 0.5-1.1 mm long"	"Brachypodium distachyon"
1	"Plants perennial; spiekelts terete or subterete; anthers 2.8-6 mm long"	2
2	"Lemma awns 7-15 mm long, as long or longer than the lemmas"	"Brachypodium sylvaticum"
2	"Lemma awns absent or to 7 mm long, shorter than the lemmas"	3
3	"Adaxial blade surfaces  with all veins more or less equally prominent"	"Brachypodium phoenicoides"
3	"Adaxial blade surfaces with primary veins separated by finer, less prominent secondary veins"	4
4	"Blades flat, dark green, abaxial surfaces scabrou, not shiny; lemmas usually hairy"	"Brachypodium pinnatum"
4	"Blades involute or flat, light green, abaxail surfaces smooth or almost so, conspicuously shiny; lemmas usually glabrous"	"Brachypodium rupestre"
