from	statement	to
1	"Glumes thickened, indurate, and conspicuously fused at the base; central spikelets with 1 pistillate floret"	2
1	"Glumes papery or membranous throughout, not conspicuously fused at the base; central spikelets with 1 bisexual floret"	3
2	"Glumes pale to purplish, those of the lateral spikelets with dark glands confined to the base or lacking, awned from below midlength"	"Hilaria belangeri"
2	"Glumes gray to dark brown, those of the lateral spikelets evenly covered with dark glands, awned from above midlength"	"Hilaria swallenii"
3	"Glumes of the lateral spikelets flabellate, the awns not exceeding the apical lobes; cauline nodes usually only shortly pubescent, sometimes glabrous"	"Hilaria mutica"
3	"Glumes of the lateral spikelets lanceolate or parallel-sided, the awns exceeding the apical lobes; cauline nodes pilose, villous, or glabrous"	4
4	"Lower cauline internodes tomentose"	"Hilaria rigida"
4	"Lower cauline internodes glabrous"	"Hilaria jamesii"
