from	statement	to
1	"Inflorescences branches remaining intact at maturity; caryopses exposed at maturity; sessile spikelets 3-9 mm long, elliptic to oblong"	"Sorghum bicolor  subsp. bicolor"
1	"Inflorescences branches rames, disarticulating at maturity, sometimes tardily; caryopses not exposed at maturity; sessile spikelets 5-8 mm long, lanceolate to elliptic"	2
2	"Rames readily disarticulating"	"Sorghum bicolor  subsp. arundinaceum"
2	"Rames disarticulating tardily"	"Sorghum bicolor  subsp. drummondii"
