from	statement	to
1	"Spikelets (3.5)4–4.5(5.2) mm long; glumes usually scabrous over the entire surface, the prickles on the keels hairlike, often bent; glume apices distinctly acuminate"	"Calamagrostis canadensis  var. langsdorffii"
1	"Spikelets 2–4 mm long; glumes smooth or scabrous, often scabrous only on the keels, prickles straight; glume apices acute, rarely acuminate"	2
2	"Spikelets 2.5–4 mm long, lemmas usually shorter than the glumes; glumes rounded to broadly keeled, with raised midveins; glume apices usually acute, rarely acuminate"	"Calamagrostis canadensis var. canadensis"
2	"Spikelets 2–3 mm long; lemmas usually about as long as the glumes; glumes rounded, midveins not raised; glume apices acute"	"Calamagrostis canadensis var. macouniana"
