from	statement	to
1	"Lemmas strongly keeled, at least distally; spikelets strongly laterally compressed; lower glumes 3-7(9)-veined"	"Bromus sect. Ceratochloa"
1	"Lemmas rounded over the midvein; spikelets terete to moderately laterally compressed; lower glumes 1-5-veined"	2
2	"Awns, if present, arising less than 1.5 mm below the lemma apices; lemma apices entire, emarginate, or with teeth less than 1 mm long"	3
2	"Awns arising 1.5 mm or more below the lemma apices, lemma apices entire, emarginate, or with teeth to 5 mm long"	4
3	"Lower glumes 1-3-veined; upper glumes 3-5-veined; plants perennial or annual, if annual, the lower glumes 1-veined and the upper glumes 3-veined"	"Bromus sect. Bromopsis"
3	"Lower glumes 3-5-veined; upper glumes 5-9-veined; plants annual or biennial, if biennial, the upper glumes 7-veined and/or the lateral veins of the lemmas prominently ribbed"	"Bromus sect. Bromus"
4	"Awns usually geniculate, sometimes only divaricate, lemma teeth 2-3 mm long, usually aristate, sometimes only acuminate"	"Bromus sect. Neobromus:Bromus berteroanus"
4	"Awns straight, arcuate, or divaricate, not geniculate, sometimes absent; lemma teeth absent or to 5 mm long, acuminate"	5
5	"Lower glumes 1-3-veined; upper glumes 3-5-veined; spikelets with parallel or diverging sides in outline, often widening distally; lemma apices bifid, teeth (0.8)1-5 mm long"	"Bromus sect. Genea"
5	"Lower glumes 3-5-veined; upper glumes 5-9-veined; spikelets with parallel or converging sides in outline; lemma apices entire to bifid, teeth less than 1 mm long, sometimes split and appearing longer"	"Bromus sect. Bromus"
