from	statement	to
1	"Lower nodes hairy"	2
1	"Lower nodes glabrous"	5
2	"Spikelets 1.5-1.8 mm long, upper floret 0.6-0.8 mm wide"	"Dichanthelium dichotomum subsp. microcarpon"
2	"Spikelets 1.8-2.5 mm long; upper floret 0.7-1.0 mm wide"	3
3	"Spikelets usually glabrous; midculm blades usually 5-7 mm wide"	"Dichanthelium dichotomum subsp. dichotomum"
3	"Spikelets pubescent; midculm blades usually 7-14 mm wide"	4
4	"Lower sheaths and blades glabrous or sparsely pubescent"	"Dichanthelium dichotomum subsp. nitidum"
4	"Lower sheaths and blades more or less densely velvety pubescent"	"Dichanthelium dichotomum subsp. mattamuskeetense"
5	"Larger blades more than 1 cm wide; sheaths often with pale glandular spots between the prominent veins; spikelets 1.9-2.6 mm long, acute to beaked"	"Dichanthelium dichotomum subsp. yadkinense"
5	"Larger blades less than 1 cm wide; sheaths without glandular spots; spikelets 1.5-2.3 mm long, obtuse to subacute"	6
6	"Culms weak, ultimately reclining or sprawling, often flattened"	"Dichanthelium dichotomum subsp. lucidum"
6	"Culms erect, terete"	7
7	"Blades usually spreading; spikelets ellipsoid, 1.8-2.3 mm long, rarely purplish at the base"	"Dichanthelium dichotomum subsp. dichotomum"
7	"Blades usually ascending or erect; spikelets broadly ellipsoid or obovoid, 1.5-1.8 mm long, often purplish at the base"	"Dichanthelium dichotomum subsp. roanokense"
