from	statement	to
1	"Spikelets less than 1/2 as wide as long; plants purplish"	"Panicum philadelphicum subsp. lithophilum"
1	"Spikelets usually more than 1/2 as wide as long; plants green or yellow-green"	2
2	"Spikelets 1.9-2.4 mm long; apices of the upper glumes and lower lemmas straight; secondary branches and pedicels divergent; blades often 6-12 mm wide, those of the flag leaves usually more than 1/2 as long as the panicles"	"Panicum philadelphicum subsp. gattingeri"
2	"Spikelets 1.4-2.1 mm long; apices of the upper glumes and lower lemmas curving over the upper florets at maturity; secondary panicle branches and pedicels appressed; blades usually 2-6 mm wide, those of the flag leaves usually less than 1/2 as long as the panicles"	"Panicum philadelphicum subsp. philadelphicum"
