from	statement	to
1	"Central spikelets sessile to subsessile; lemmas of the central florets subequal to those of the lateral florets, the awns longer than those of the lateral florets; paleas of the lateral florets almost glabrous"	"Hordeum murinum subsp. murinum"
1	"Central spikelets pedicellate; lemmas of the central florets from subequal to shorter than those of the lateral florets, the awns from shorter to longer than those of the lateral florets; paleas of the lateral florets scabrous to hairy"	2
2	"Lemmas of the central florets much shorter than those of the lateral florets; paleas of the lateral florets scabrous on the lower 1/2; anthers of the central and lateral florets similar in size"	"Hordeum murinum subsp. leporinum"
2	"Lemmas of the central florets about equal to those of the lateral florets; paleas of the lateral florets distinctly pilose on the lower 1/2; anthers of the central florets 0.2–0.6 mm long, those of the lateral florets 1.2–1.8 mm long"	"Hordeum murinum subsp. glaucum"
