from	statement	to
1	"Pistillate inflorescences cylindrical spikes, 2-5(10) cm thick, with 8-24+ rows of spikelets pairs, each inflorescence tightly and permanently enclosed by several leaf sheaths and a large prophyll, not disarticulating at maturity; caryopses 60-1000+, not concealed by the glumes; staminate panicle branches not disarticulating below the sessile spikelets, lacking abscission layers; central axis of the staminate panicles polystichous, much thicker than the lateral branches; obligate domesticate"	"Zea mays subsp. mays"
1	"Pistillate inflorescences cylindrical, distichous rames, less than 1 cm thick, with 2 rows of spikelet pairs, each rame usually enclosed by a single leaf sheath and a prophyll, disarticulating at maturity into fruitcases; caryopses 4-15, each one concealed within a fruitcase; staminate panicles composed of rames that disarticulate below the sessile spikelets and have evident abscission layers; central axis of the staminate panicles similar in width to the rames; in the Flora region, wild taxa are known only from research plantings"	2
2	"Staminate spikelets (6.6)7.5-10.5 mm long; fruitcases 6-10 mm long, 4-6 mm wide; staminate panicles with 1-35+ ascending to divergent, rather stiff branches"	"Zea mays subsp. mexicana"
2	"Staminate spikelets 4.6-7.2(7.9) mm long; fruitcases 5-8 mm long, 3-5 mm wide; staminate panicles usually with 10-100(235) divergent to nodding branches"	3
3	"Leaves pubescent; staminate panicles usually with (2)10-100(235) branches"	"Zea mays subsp. parviglumis"
3	"Leaves glabrous or almost so; staminate panicles usually with fewer than 40 branches"	"Zea mays subsp. huehuetenangensis"
