from	statement	to
1	"All or most spikelets viviparous; panicle branches smooth"	"Deschampsia alpina"
1	"All or most spikelets bisexual or, if viviparous, the panicle branches scabrous"	2
2	"Plants annual; awns strongly geniculate"	"Deschampsia danthonioides"
2	"Plants perennial; awns straight to strongly geniculate"	3
3	"Lemmas scabridulous or puberulent, dull"	"Deschampsia flexuosa"
3	"Lemmas glabrous, shiny"	4
4	"Glumes mostly green, apices purple; panicles narrowly elongate, 0.5–1.5(2) cm wide, appearing greenish"	"Deschampsia elongata"
4	"Glumes purplish proximally, sometimes over more than 1/2 their surface, whitish to golden distally; panicles usually pyramidal or ovate, sometimes narrowly elongate, 0.5–30 cm wide, appearing bronze to dark purple (Deschampsia cespitosa complex)"	5
5	"Spikelets 6–7.5 mm long; culms sometimes decumbent and rooting at the lower nodes; plants of sandy areas around lakes in the Northwest Territories and northern Saskatchewan"	"Deschampsia mackenzieana"
5	"Spikelets 2–7.6 mm; culms erect, not rooting at the lower nodes; plants of gravels, wet meadows, and bogs, widely distributed in cooler regions of North America"	6
6	"Spikelets strongly imbricate, often rather densely clustered on the ends of the branches, sometimes evenly distributed on the branches; glumes and lemmas dark purple proximally for over more than 1/2 their surface; lemmas 2.2–4 mm long"	"Deschampsia brevifolia"
6	"Spikelets usually not or only moderately imbricate, not in dense clusters at the ends of the branches; glumes usually purple over less than 1/2 their surface, often with a green base, a distal purple band, and pale apices; lemmas 2–5(7)mm long"	7
7	"Basal blades with 5–11 ribs, usually most or all ribs scabridulous or scabrous, outer ribs often more strongly so, sometimes the ribs only papillose or puberulent, usually at least some blades flat and 1–4 mm wide, the majority folded or rolled and 0.5–1 mm in diameter; lower glumes often scabridulous distally over the midvein; lower panicle branches often scabridulous or scabrous, sometimes smooth"	"Deschampsia cespitosa"
7	"Basal blades with 3–5 ribs, ribs usually smooth or papillose, sometimes puberulent or the outer ribs scabridulous, all blades of the current year usually strongly involute and hairlike, 0.3–0.5(0.8) in diameter; lower glumes smooth over the midvein; lower panicle branches usually smooth,sometimes sparsely scabridulous;"	"Deschampsia sukatschewii"
