from	statement	to
1	"Lemmas pubescent to densely tomentose, purple; panicles 1-5 cm long; culms 5-35 cm long, finely pubescent throughout"	"Koeleria asiatica"
1	"Lemmas usually glabrous, green, sometimes purple-tinged, stramineous at maturity; panicles 4-27 cm long; culms 20-130 cm long, mostly glabrous, pubescent near the nodes and sometimes below the panicle"	2
2	"Spikelets 2.5-6.5 mm long; old sheaths usually breaking off with age or, if disintegrating, the fibers straight or nearly straight; margins of the basal leaf blades glabrous or with hairs usually shorter than 1 mm near the base"	"Koeleria macrantha"
2	"Spikelets 6-10 mm long; old sheaths weathering to wavy, curled, or arched fibers; margins of the basal leaf blades frequently with hairs longer than 2 mm near the base"	"Koeleria pyramidata"
