from	statement	to
1	"Primary panicle branches appressed to strongly ascending; panicles 0.3-4 cm wide, dense and spikelike"	2
1	"Primary panicle branches ascending to reflexed or drooping; panicles 1-20 cm wide, open, not spikelike"	6
2	"Lateral veins of the lemmas glabrous or pubescent only at the base"	"Tridens albescens"
2	"Lateral veins of the lemmas pilose to well above the base"	3
3	"Glumes evidently longer than the adjacent lemmas, often twice as long, usually equaling or exceeding the distal florets"	"Tridens strictus"
3	"Glumes from shorter than to equaling the adjacent lemmas, often exceeded by the distal florets"	4
4	"All 3 lemma veins shortly excurrent; calluses pilose"	"Tridens carolinianus"
4	"Lateral lemma veins not excurrent, often terminating before the distal margin, the midvein sometimes excurrent; calluses glabrous or shortly pilose"	5
5	"Panicles 7-25 cm long, 0.3-0.8 cm wide; lemma midveins rarely excurrent"	"Tridens muticus"
5	"Panicles 5-8(10) cm long, 1.2-2.5 cm wide; lemma midveins always shortly excurrent"	"Tridens congestus"
6	"All pedicels shorter than 1 mm"	"Tridens ambiguus"
6	"Some pedicels longer than 1 mm"	7
7	"Lateral veins of the lemmas rarely excurrent"	8
7	"Lateral veins of the lemmas commonly excurrent as short points"	9
8	"Lemmas 4-6 mm; ligules 0.4-1 mm"	"Tridens buckleyanus"
8	"Lemmas 2-3.2 mm; ligules 1.2-3 mm"	"Tridens eragrostoides"
9	"Blades 1-5 mm wide; panicles 5-16 cm long"	"Tridens texanus"
9	"Blades mostly 3-10 mm wide; panicles 15-40 cm long"	"Tridens flavus"
