from	statement	to
1	"Basal leaf blades similar in shape to those of the lower cauline leaves, usually erect to ascending, clustered at the base, sometimes small or vestigial; culms branching from near the base in the fall, with 2-4 leaves, only the upper 2-4 internodes elongated"	2
1	"Basal leaf blades usually well-differentiated from the cauline blades, ovate to lanceolate, spreading, forming a rosette, or basal blades absent; culms usually branching from the midculm nodes in the fall, with 3-14 leaves, usually all internodes elongated"	7
2	"Blades soft, 3-12 mm wide, usually ciliate; upper blades less than 20 times as long as wide; fall phase with short panicle-bearing branches, without sterile shoots"	3
2	"Blades stiff, 1-5 mm wide, not ciliate; most upper blades at least 20 times as long as wide; fall phase with basal panicles and sterile shoots"	4
3	"Leaf sheaths with retrorse or spreading hairs; upper blades 4-17 cm long, at least 3/4 as long as the basal blades; blade margins usually finely short ciliate, the cilia not papillose-based; spikelets with papillose-based hairs"	"Dichanthelium laxiflorum"
3	"Leaf sheaths glabrous or with ascending hairs; upper blades 1.5-6 cm long, less than 3/4 as long as the basal blades; blade margins with papillose-based cilia; spikelets glabrous or pubescent, hairs not papillose-based"	"Dichanthelium strigosum"
4	"Upper glumes and lower lemmas forming a beak extending 0.2-1 mm beyond the upper florets; spikelets 3.2-4.3 mm long; primary panicles with 7-25 spikelets"	"Dichanthelium depauperatum"
4	"Upper glumes and lower lemmas equaling or exceeding the upper florets by no more than 0.3 mm, not forming a beak; spikelets 2-3.4 mm long; primary panicles with 12-70 spikelets"	5
5	"Cauline blades 4-8 cm long, all alike; basal blades ascending to spreading"	"Dichanthelium wilcoxianum"
5	"Uppermost cauline blades 10-20 cm long, distinctly longer than the lower blades; basal blades erect to ascending"	6
6	"Panicles 1-3 cm wide, with ascending branches and appressed pedicels; spikelets turgid, 2.6-3.4 mm long, 1-1.7 mm wide, upper florets obovoid"	"Dichanthelium perlongum"
6	"Panicles 2-6 cm wide, with spreading branches and pedicels; spikelets not turgid, 2-3.2 mm long, 0 8-1.4 mm wide, upper florets ellipsoid"	"Dichanthelium linearifolium"
7	"Bases of the culms hard, cormlike; basal rosettes absent; spikelets with papillose-based hairs and attenuate basally"	8
7	"Bases of the culms not cormlike; basal rosettes usually present; spikelets not both with papillose-based hairs and attenuate basally"	9
8	"Culms erect in the spring; cauline leaves 4-7, with thin, glabrous or sparsely hirsute blades that widen distal to the rounded to subcordate bases; lower glumes not encircling the pedicels, subadjacent to the upper glumes"	"Dichanthelium pedicellatum"
8	"Culms decumbent to ascending in the spring; cauline leaves 8-14, with thick, firm, puberulent blades that are parallel-sided distal to the rounded to truncate bases; lower glumes almost to completely encircling the pedicels, attached about 0.2 mm below the upper glumes"	"Dichanthelium nodatum"
9	"Blades cordate, thick, with white, cartilaginous margins; spikelets usually spherical to broadly obovoid or broadly ellipsoid, 1-1.8 mm long"	10
9	"Blades not cordate or the spikelets not both spherical and less than 1.9 mm long; blade margins usually not white and cartilaginous"	12
10	"Spikelets 1-1.4 mm long; lower glumes 0.2-0.4 mm long; cauline blades 5-10 mm wide"	"Dichanthelium erectifolium"
10	"Spikelets 1.3-1.8 mm long; lower glumes 0.4-0.8 mm long; cauline blades 5-25 mm wide"	11
11	"Cauline blades 4-7, 10-25 cm long, 14-25 mm wide, with evident veins; culms nearly erect; panicles less than 1/2 as wide as long"	"Dichanthelium polyanthes"
11	"Cauline blades 3-4(6), 1.5-10 cm long, 5-14 mm wide, with obscure veins; culms decumbent or ascending; panicles more than 1/2 as wide as long"	"Dichanthelium sphaerocarpon"
12	"Lower glumes thinner and more weakly veined than the upper glumes, attached about 0.2 mm below the upper glumes, the bases clasping the pedicels; spikelets attenuate basally"	13
12	"Lower glumes similar in texture and vein prominence to the upper glumes, attached immediately below the upper glumes, the bases not clasping the pedicels; spikelets usually not attenuate basally"	15
13	"Blades 2-7 cm long, about 10 times as long as wide, not or slightly involute, spreading, without raised veins, not longitudinally wrinkled; spikelets obovoid-obpyriform, planoconvex in side view"	"Dichanthelium portoricense"
13	"Blades 4-16 cm long, more than 14 times as long as wide, or involute, stiffly erect or ascending, with prominently raised veins, the lower blades usually longitudinally wrinkled; spikelets ellipsoid to obovoid, biconvex in side view"	14
14	"Culms densely villous; nodes densely bearded; spikelets densely pubescent"	"Dichanthelium consanguineum"
14	"Culms glabrous, puberulent, or pilose with papillose-based hairs; nodes glabrous, puberulent to lightly bearded; spikelets glabrous or pubescent"	"Dichanthelium aciculare"
15	"Culms arising from rhizomes 3-5 mm thick, with (5)7-14 cauline blades; sheaths strongly hispid or viscid, mottled with pale spots, constricted at the top"	16
15	"Culms arising from caudices or from rhizomes to 2 mm thick, with 3-7(9) cauline blades; sheaths not viscid, rarely hispid, not mottled with pale spots or constricted at the top"	18
16	"Nodes densely bearded above a viscid glabrous ring, often swollen; blades densely soft pubescent"	"Dichanthelium scoparium"
16	"Nodes glabrous or sparsely pubescent, not swollen; blades glabrous or sparsely pubescent"	17
17	"Cauline blades 7-15 mm wide, apices involute, long tapering; spikelets glabrous or sparsely puberulent"	"Dichanthelium scabriusculum"
17	"Cauline blades 15-30 mm wide, apices flat, acuminate; spikelets sparsely pubescent"	"Dichanthelium clandestinum"
18	"Ligules with a membranous base, ciliate distally; culms usually arising from slender rhizomes; lower florets often staminate; cauline blades 5-40 mm wide, often with a cordate base"	19
18	"Ligules of hairs (except for Dichanthelium nudicaule); culms arising from caudices; lower florets sterile; cauline blades 1-18 mm wide, bases usually tapered, rounded, or truncate at the base, sometimes cordate"	23
19	"Spikelets ellipsoid, not turgid, with pointed apices; cauline blades 4-6, cordate at the base; sheaths without papillose-based hairs"	20
19	"Spikelets obovoid, turgid, with rounded apices; cauline blades 3-4, tapered, rounded or truncate to cordate at the base; sheaths with papillose-based hairs"	22
20	"Spikelets 2.2-3.2 mm long; ligules about 0.3 mm long; blades 5-25 mm wide; lower floret sterile"	"Dichanthelium commutatum"
20	"Spikelets 2.9-5.2 mm long; ligules 0.4-0.9 mm long; blades 15-40 mm wide; at least some lower florets staminate"	21
21	"Nodes glabrous or slightly bearded; spikelets 2.9-3.9 mm long"	"Dichanthelium latifolium"
21	"Nodes densely retrorsely bearded; spikelets 3.8-5.2 mm long"	"Dichanthelium boscii"
22	"Blades and spikelets with papillose-based hairs; panicles usually slightly longer than wide, with spreading to ascending branches"	"Dichanthelium leibergii"
22	"Blades glabrous; spikelets puberulent to almost glabrous; panicles usually more than twice as long as wide, with nearly erect branches"	"Dichanthelium xanthophysum"
23	"Lower internodes short, upper nodes elongated; flag leaves distant and much reduced; culms rarely branching in the fall; branches, if present, few, developing from basal and subbasal nodes, erect"	"Dichanthelium nudicaule"
23	"Lower internodes about as long as the upper internodes; flag leaves usually not much reduced; culms branching in the fall; branches often many, developing from mid- or upper culm nodes, often spreading"	24
24	"Spikelets 2.5-4.3 mm long, usually obovoid, turgid; upper glumes usually with an orange or purple spot at the base, the veins prominent"	25
24	"Spikelets 0.8-3 mm long, ellipsoid or obovoid, not turgid; upper glumes lacking an orange or purple spot at the base and the veins not prominent"	27
25	"Nodes glabrous or sparsely pubescent; abaxial surfaces of the blades glabrous or pubescent, but not velvety pubescent"	"Dichanthelium oligosanthes"
25	"Nodes bearded with spreading to retrorse hairs; abaxial surfaces of the blades softly velvety pubescent"	26
26	"Spikelets 3.7-4.3 mm long; culms 2-3 mm thick, stiffly erect; ligules 2-5 mm long, without pseudoligules; blades glabrous or sparsely pilose on the adaxial surfaces"	"Dichanthelium ravenelii"
26	"Spikelets 2.5-3.2 mm long; culms usually 1-2 mm thick, erect; ligules 0.5-1 mm long, with the adjacent pseudoligules 1-3 mm long; blades densely velvety pubescent on both surfaces"	"Dichanthelium malacophyllum"
27	"Ligules and adjacent pseudoligules 1-5 mm long, or the culms and sheaths with long hairs and also puberulent; spikelets variously pubescent to subglabrous"	28
27	"Ligules absent or to 1.8 mm long, without adjacent pseudoligules; culms and at least the upper sheaths glabrous or sparsely pubescent with hairs of 1 length only; spikelets glabrous or pubescent"	30
28	"Spikelets 0.8-1.1 mm long, puberulent to subglabrous; culms delicate, 0.3-0.8 mm thick"	"Dichanthelium wrightianum"
28	"Spikelets 1.1-3 mm long, variously pubescent; culms not delicate, usually more than 1 mm thick"	29
29	"Spikelets 1.1-2.1 mm long; sheaths glabrous or pubescent with hairs no more than 3 mm long"	"Dichanthelium acuminatum"
29	"Spikelets 1.8-3 mm long; sheaths with hairs to 4 mm long"	"Dichanthelium ovale"
30	"Culms (18)40-100 cm tall, rarely delicate, usually more than 1 mm thick; spikelets 1.5-2.7 mm long; blades 3.5-14 cm long, 5-14 mm wide"	31
30	"Culms 5-40(55) cm tall, delicate, usually less than 1 mm thick; spikelets 1.1-1.7 mm long; longest blades 1.5-6 cm long, 1.5-6 mm wide"	32
31	"Spikelets glabrous or, if pubescent, either the nodes bearded or the culms weak and prostrate; blade of the flag leaf usually spreading"	"Dichanthelium dichotomum"
31	"Spikelets pubescent; nodes glabrous; culms erect or ascending; blade of the flag leaf erect or ascending"	"Dichanthelium boreale"
32	"Culms reclining or weakly erect; cauline blades 4-9, usually without prominent white, cartilaginous margins; ligules often more than 1 mm long"	"Dichanthelium ensifolium"
32	"Culms erect, sometimes geniculate basally; cauline blades 3-5, with prominent white, cartilaginous margins; ligules 0.2-0.7 mm long"	33
33	"Culms few per clump; the fall phase branching sparingly; cauline blades flat, the bases rounded; blades of the flag leaves much shorter than those of the lower leaves"	"Dichanthelium tenue"
33	"Culms many per clump; the fall phase branching extensively; cauline blades often involute, the bases subcordate; blades of the flag leaves only slightly shorter than those of the lower leaves"	"Dichanthelium chamaelonche"
