from	statement	to
1	"Terminal spikelet of each panicle branch subtended by a single bristle, single bristles occasionally also present below the other spikelets"	2
1	"All spikelets subtended by 1-several bristles"	6
2	"Blades not plicate, less than 10 mm wide; bristles present only below the terminal spikelets"	3
2	"Blades plicate, more than 10 mm wide; a single bristle sometimes present below the non-terminal spikelets"	4
3	"Panicles nodding; spikelets 2-ranked on the branch axes"	"Setaria chapmanii"
3	"Panicles erect; spikelets randomly distributed on the branch axes"	"Setaria reverchonii"
4	"Plants annual; blades 10-25 mm wide; rachises villous"	"Setaria barbata"
4	"Plants perennial; blades 20-80 mm wide; rachises scabrous or puberulent"	5
5	"Panicles loosely open, branches lax, 6-10 cm long"	"Setaria palmifolia"
5	"Panicles lanceoloid, branches stiff, 2-5 cm long"	"Setaria megaphylla"
6	"Bristles 4-12 below each spikelet"	7
6	"Bristles 1-3 (rarely 6) below each spikelet"	10
7	"Plants annual"	8
7	"Plants perennial"	9
8	"Panicles erect; bristles 3-8 mm long; spikelets 2-3.4 mm long; blades 4-10 mm wide"	"Setaria pumila"
8	"Panicles arching and drooping from near the base; bristles about 10 mm long; spikelets 2.5-3 mm long; blades 10-20 mm wide"	"Setaria faberi"
9	"Panicles 3-8(10) cm long, yellow to purple; knotty rhizomes present; native"	"Setaria parviflora"
9	"Panicles 5-25 cm long, usually orange to purple; stout rhizomes present; introduced"	"Setaria sphacelata"
10	"Bristles retrorsely scabrous"	11
10	"Bristles antrorsely scabrous"	12
11	"Margins of sheaths glabrous; blades strigose on the abaxial surfaces; subtropical"	"Setaria adhaerans"
11	"Margins of sheaths ciliate distally; blades scabrous on the abaxial surfaces; temperate"	"Setaria verticillata"
12	"Plants perennial"	13
12	"Plants annual"	20
13	"Spikelets 2.8-3.2 mm long"	14
13	"Spikelets 1.9-2.8(3) mm long"	15
14	"Blades scabrous; plants of Florida and Georgia"	"Setaria macrosperma"
14	"Blades pubescent; plants of Texas and possibly Arizona"	"Setaria villosissima"
15	"Panicles 2-6cm long; spikelets 1.9-2.1 mm long; culms branching at the upper nodes"	"Setaria texana"
15	"Panicles 5-30 cm long; spikelets 2-2.8(3) mm long; culms seldom branching at the upper nodes"	16
16	"Lower paleas narrow, 1/2-3/4 as long as the lemmas; spikelets elliptical"	17
16	"Lower paleas broad, subequal to the lemmas in length; spikelets subspherical to ovate-lanceolate"	18
17	"Blades usually less than 5 mm wide; panicles 6-15 cm, columnar; bristles ascending"	"Setaria leucopila"
17	"Blades usually more than 5 mm wide; panicles 15-25 cm, tapering to the apex; bristles diverging"	"Setaria scheelei"
18	"Panicles dense, cylindrical; spikelets subspherical"	"Setaria macrostachya"
18	"Panicles interrupted, attenuate; spikelets ovate-lanceolate"	19
19	"Blades 6-12 mm wide; lower glumes 1/2 as long as the spikelets"	"Setaria setosa"
19	"Blades mostly less than 5 mm wide; lower glumes about 1/3 as long as the spikelets"	"Setaria rariflora"
20	"Upper glumes and lower lemmas with 7 veins, the outer pair of veins not coalescing with the inner 5; lower paleas absent"	"Setaria liebmannii"
20	"Upper glumes and lower lemmas with 5-7 veins, all of which coalesce near the apices; lower paleas present, sometimes reduced"	21
21	"Upper lemmas smooth and shiny, occasionally obscurely transversely rugose"	22
21	"Upper lemmas distinctly transversely rugose, dull"	23
22	"Spikelets about 2 mm long, lower paleas equal to the lower lemmas"	"Setaria magna"
22	"Spikelets about 3 mm long, lower paleas absent or up to 1/2 as long as the lower lemmas"	"Setaria italica"
23	"Upper lemmas coarsely rugose"	24
23	"Upper lemmas finely rugose"	25
24	"Panicles densely spicate; rachises sparsely villous; plants of the southeastern United States"	"Setaria corrugata"
24	"Panicles loosely spicate; rachises scabrous; plants of southern Arizona"	"Setaria arizonica"
25	"Panicles verticillate or loosely spicate; rachises visible, scabrous or hispid"	26
25	"Panicles densely spicate; rachises not visible, villous"	27
26	"Panicles verticillate; rachises scabrous; cauline nodes glabrous"	"Setaria verticilliformis"
26	"Panicles loosely spicate, interrupted; rachises hispid; cauline nodes pubescent"	"Setaria grisebachii"
27	"Blades softly pilose on the upper surface; spikelets 2.5-3 mm long; panicles nodding from the base"	"Setaria faberi"
27	"Blades scabrous; spikelets 1.8-2.2 mm long; panicles nodding only from near the apex"	"Setaria viridis"
