from	statement	to
1	"Lemmas entire or with teeth to 0.5 mm long, the awns 0.5-2.5 mm long; both glumes shorter than the lowest floret"	"Erioneuron pilosum"
1	"Lemmas 2-lobed, the lobes 1-2.5 mm long, the awns 1-4 mm long; upper glumes equaling or exceeding the lowest floret"	2
2	"Lemma lobes obtuse to broadly acute, 1-2 mm long; lateral veins not forming mucros; plants 7-40 cm tall"	"Erioneuron avenaceum"
2	"Lemma lobes rounded to truncate, 1.5-2.5 mm long; lateral veins forming mucros to 1 mm long; plants 15-65 cm tall"	"Erioneuron nealleyi"
