from	statement	to
1	"Lemma awns (0)1–5(7) mm long; glume awns 0–2 mm long"	"Elymus glaucus subsp. virescens"
1	"Lemma awns (5)10–30(35) mm long; glume awns (0.5)1–9 mm long"	2
2	"Blades 4–17 mm wide, adaxial surfaces glabrous or strigose, occasionally pilose to hirsute with hairs of fairly uniform length; glume awns (0.5)1–5(9) mm long"	"Elymus glaucus subsp. glaucus"
2	"Blades 3–8 mm wide, densely short-pilose with scattered longer hairs; glume awns 3–8 mm long"	"Elymus glaucus subsp. mackenzii"
