from	statement	to
1	"Glumes unawned, or with a single awn to 2 cm long; spikes narrowly cylindrical to moniliform, not ovoid; disarticulation in the rachises, the spikelets falling attached to the internodes above"	2
1	"Some glumes with awns 2-8 cm long; spikes narrowly cylindrical to ovoid, not moniliform; disarticulation near the base of the spikes"	4
2	"Spikes cylindrical to slightly moniliform"	"Aegilops tauschii"
2	"Spikes distinctly moniliform"	3
3	"Glumes adpressed-velutinous; lemmas of the apical spikelets with awns to 8.5 cm long; spikelets with 4-7 florets, the distal 2 sterile"	"Aegilops crassa"
3	"Glumes glabrous; lemmas of the apical spikelets with awns to 4 cm long; spikelets with 2-5 florets, the distal 1 or 2 sterile"	"Aegilops ventricosa"
4	"Spikes narrowly cylindrical, about 0.3 cm wide"	"Aegilops cylindrica"
4	"Spikes subcylindrical to ovoid, widest at the base, 0.4-1.3 cm wide"	5
5	"Rudimentary spikelets usually 1, occasionally 2; lower fertile spikelets urceolate"	"Aegilops geniculata"
5	"Rudimentary spikelets 3, occasionally 2; lower fertile spikelets subcylindrical to ellipsoid"	6
6	"Glumes of the apical spikelets with 3 awns, the central awn 2.5-8 cm long, longer than the lateral awns; spikes subcylindrical"	"Aegilops triuncialis"
6	"Glumes of the apical spikelets with 3-4(5) awns of similar size, the awns 1-3.5 cm long; spikes narrowly ovoid-ellipsoid, abruptly contracted distally"	"Aegilops neglecta"
