from	statement	to	shortcut
1	"Rhizomes pachymorphic, short, thicker than the culms; culms forming separate, well-defined clusters"	Bambusa	
1	"Rhizomes leptomorphic, long, thinner than the culms; culms solitary, loosely clumped, or both"	2	
2	"Culm internodes grooved their whole length, often doubly sulcate above the branches; branches usually without compressed internodes at the base; spikelets sessile"	Phyllostachys	
2	"Culm internodes mostly terete, flattened or shallowly sulcate above the branches; branches usually with 1–5 compressed internodes at the base, sometimes without any compressed internodes; spikelets pedicellate"	3	
3	"Culm leaves persistent or deciduous, usually with auricles; culms to 3 cm thick; culm buds open, margins not fused; plants native in the Flora region"	Arundinaria	
3	"Culm leaves persistent, usually without auricles; culms to 1.5 cm thick; culm buds closed, margins fused; plants cultivated in the Flora region, occasionally escaped"	Pseudosasa	"Pseudosasa japonica"
