from	statement	to
1	"Glumes absent or shorter than 1 mm; lemmas awned, awns 16–33 mm long"	"Leymus californicus"
1	"Glumes developed, 3+ mm long, at least 1 on each spikelet; lemmas unawned or awned, awns to 7 mm long"	2
2	"Glumes flat or rounded on the back, tapering from midlength or above, flexible, the central portion scarcely thicker than the margins"	"Leymus mollis"
2	"Glumes keeled, at least distally, tapering from below midlength, stiff, the central portion thicker than the margins"	3
3	"Anthers usually indehiscent; plants rhizomatous, restricted to coastal regions from British Columbia to California"	4
3	"Anthers dehiscent; plants rhizomatous or cespitose, widespread, including coastal regions from British Columbia to California"	5
4	"Glumes pubescent distally; lemmas awned, awns to 4 mm long; inflorescences spikes, not branched"	"Leymus x ancouverensis"
4	"Glumes glabrous; lemmas acute to awned, awns to 1.8 mm long; inflorescences sometimes with strongly ascending branches"	"Leymus x multiflorus"
5	"Inflorescences with 2–4 branches to 6 cm long at the proximal nodes; culms 115–350 cm tall 10. L condensatus"	"Leymus condensatus"
5	"Inflorescences usually without branches, sterile hybrids sometimes with branches to 3 cm long; culms 10–270 cm talL"	6
6	"Lemmas densely hairy, hairs 0.7–3 mm long, occasionally glabrate"	7
6	"Lemmas usually wholly or partly glabrous, or if hairy, the hairs shorter than 0.5(0.8) mm"	8
7	"Lemmas awned, awns 2–4 mm long; lemma hairs 0.7–2.5 mm long"	"Leymus innovatus"
7	"Lemmas unawned or the awns to 2 mm long; lemma hairs 2–3 mm long"	"Leymus flavescens"
8	"Leaves equaling or exceeding the spikes; culms 10–30(60) cm tall; spikes 2–8 cm long, with 1–2 spikelets per node; plants of California coastal bluffs"	"Leymus pacificus"
8	"Leaves exceeded by the spikes; culms 35–270 cm tall; spikes 3–35 cm long, with 1–8 spikelets per node; plants widespread in the western part of the Flora region, including the coastal bluffs of California"	9
9	"Plants cespitose, not or weakly rhizomatous, culms several to many together"	10
9	"Plants rhizomatous, culms solitary or a few together"	12
10	"Spikes with 2–7 spikelets per node; blades 3–12 mm wide; culms (70)100–270 cm talL"	"Leymus cinereus"
10	"Spikes with 1 spikelet at the distal nodes, often at all nodes, sometimes with 2(3) at the lower nodes; blades 1–6 mm wide; culms 35–140 cm talL"	11
11	"Blades with 5–9 adaxial veins; lemma awns to 2.5 mm long"	"Leymus salina"
11	"Blades with (9)11–17 adaxial veins; lemma awns 1.3–7 mm long"	"Leymus ambiguus"
12	"Culms 1–3 mm thick; glumes 4–16 mm long"	13
12	"Culms 2.5–12 mm thick; glumes 10–30 mm long"	15
13	"Spikes with 1 spikelet at all or most nodes, sometimes with 2 at a few nodes; lemma awns 2.3–6.5 mm long; culms 35–55 cm talLeymus"	"Leymus simplex"
13	"Spikes with 2+ spikelets at most nodes; lemma awns to 3 mm long; culms 45–125 cm talL"	14
14	"Adaxial surfaces of the blades usually with closely spaced, prominently ribbed, subequal veins; calluses usually glabrous, occasionally with a few hairs about 0.1 mm long"	"Leymus triticoides"
14	"Adaxial surfaces of the blades usually with widely spaced, not prominently ribbed veins, the primary veins evidently larger than the intervening secondary veins; calluses with hairs about 0.2 mm long"	"Leymus multicaulis"
15	"Spikelets 3–8 per node; lemmas hairy proximally, glabrous distally"	"Leymus racemosus"
15	"Spikelets 2–3 per node; lemmas glabrous or hairy their whole length"	16
16	"Anthers 6–9 mm long; blades 3–11 mm wide; glumes with hairs to 1.3 mm long; plants established around the Great Lakes and the coast of Greenland, also found at a few other scattered locations, including western North America, sometimes cultivated"	"Leymus arenarius"
16	"Anthers 3–5 mm long; blades 5–7 mm wide; glumes glabrous, sometimes scabrous"	"Leymus angustus"
