from	statement	to
1	"Branches at the lowest node of the inflorescence verticillate; inflorescences simple, open panicles, the primary branches with well-developed secondary and tertiary branches; plants perennial"	"Urochloa maxima"
1	"Branches at the lowest node of the inflorescence not verticillate; inflorescences usually with spikelike branches, secondary branches absent or inconspicuous, sometimes simple panicles; plants annual or perennial"	2
2	"Spikelets paired at mid-branch length, sometimes solitary distally"	3
2	"Spikelets solitary at mid-branch length"	11
3	"Axes of the primary panicle branches flat; lower glumes (0)1-3-veined"	4
3	"Axes of the primary panicle branches triquetrous; lower glumes 3-7-veined"	6
4	"Plants annual; culms 10-35 cm tall; spikelets 1.8-2.2 mm long"	"Urochloa reptans"
4	"Plants perennial; culms 20-500 cm tall; spikelets 2.5-5 mm long"	5
5	"Upper lemmas awned, the awns 0.5-1.2 mm; lower glumes 3-veined, with 1-3 conspicuous, rigid hairs"	"Urochloa mosambicensis"
5	"Upper lemmas unawned; lower glumes 1-3-veined, glabrous"	"Urochloa mutica"
6	"Spikelets 4.8-6 mm long; hila linear, about 1/2 as long as the caryopses"	"Urochloa texana"
6	"Spikelets 2-4.2 mm long; hila punctate"	7
7	"Branch axes densely hairy, the hairs papillose-based"	"Urochloa arizonica"
7	"Branch axes sometimes densely hairy, with few or no papillose-based hairs"	8
8	"Upper glumes with evident cross venation extending from near the bases to the apices; spikelets obovoid; upper glumes and lower lemmas usually glabrous; lower lemmas 7-veined"	"Urochloa fusca"
8	"Upper glumes without evident cross venation, or the cross venation confined to the distal 1/2; spikelets ellipsoid; upper glumes and lower lemmas glabrous or pubescent; lower lemmas 5-veined"	9
9	"Cauline nodes glabrous; plants 20-120 cm tall; spikelet apices abruptly acuminate"	"Urochloa adspersa"
9	"Cauline nodes pubescent; plants 10-70 cm tall, spikelets apices broadly acute to acute"	10
10	"Upper glumes 5-veined; upper lemmas 1.8-2.1 mm long; glumes separated by an internode about 0.3 mm long"	"Urochloa villosa"
10	"Upper glumes 7-9-veined; upper lemmas 2.3-3.3 mm long; glumes not separated by a conspicuous internode"	"Urochloa ramosa"
11	"Panicle branches triquetrous, 0.2-0.4 mm wide"	12
11	"Panicle branches flat or crescent-shaped in cross section, 0.5-2.5 mm wide"	13
12	"Plants perennial; upper glumes (9)11-13-veined; upper lemmas 2.4-2.8 mm long; glumes not separated by a conspicuous internode; lower florets staminate"	"Urochloa ciliatissima"
12	"Plants annual; upper glumes 5-veined; upper lemmas 1.8-2.1 mm long; glumes separated by an internode about 0.3 mm long; lower florets sterile"	"Urochloa villosa"
13	"Upper lemmas awned, the awns 0.3-1.2 mm long, apices rounded"	14
13	"Upper lemmas unawned; apices variable, with or without a mucronate tip"	15
14	"Plants perennial; lower glumes with 1-3 conspicuous, rigid hairs, the lower glumes 1/2-3/4 as long as the spikelet; lower florets staminate"	"Urochloa mosambicensis"
14	"Plants annual; lower glumes without conspicuous, rigid hairs; the lower glumes 1/4-1/3(1/2) as long as the spikelet; lower florets sterile"	"Urochloa panicoides"
15	"Spikelets in a single row along the branches; spikelets 4-6 mm long; lower florets staminate; panicle branch axes crescent-shaped in cross section"	"Urochloa brizantha"
15	"Spikelets in 2 rows along the branches; spikelets 2.5-6 mm long; lower florets sterile or staminate; panicle branches flat"	16
16	"Lower glumes 5-7-veined; glumes scarcely separated, the internode between them shorter than 0.3 mm"	17
16	"Lower glumes (7)9-11-veined; glumes separated by a conspicuous, 0.3-0.5 mm internode"	19
17	"Upper glumes and lower lemmas pubescent, the hairs often longest in the distal 1/3"	"Urochloa piligera"
17	"Upper glumes and lower lemmas glabrous"	18
18	"Plants perennial, stoloniferous; lower florets staminate"	"Urochloa arrecta"
18	"Plants annual; lower florets sterile"	"Urochloa platyphylla"
19	"Lower paleas absent; spikelets usually pubescent, sometimes glabrous"	"Urochloa piligera"
19	"Lower paleas present; spikelets glabrous"	20
20	"Spikelets 3.3-3.7 mm long; base of blades rounded to subcordate, not clasping the stem"	"Urochloa subquadripara"
20	"Spikelets 4-6 mm long; base of blades subcordate to cordate, clasping the stem"	"Urochloa plantaginea"
