from	statement	to
1	"Plants lacking well-developed rhizomes; anthers aborted late in development; plants of the high arctic"	"Poa arctica subsp. caespitans"
1	"Plants usually with well-developed rhizomes; anthers normal or plants not of the high arctic"	2
2	"Panicles erect, the branches relatively stout, fairly straight; longest branches of the lowest panicle nodes 1/4–1/2 the length of the panicles; culms wiry, usually several together; calluses glabrous or shortly webbed; paleas sometimes glabrous; plants glaucous, growing in the southern Rocky Mountains and adjacent portions of the Intermountain region"	"Poa arctica subsp. aperta"
2	"Panicles lax to erect, the branches slender, flexuous to fairly stout and straight; longest branches of the lowest panicle nodes 2/5–3/5 the length of the panicles; culms slender to stout, varying from solitary to several together; calluses glabrous or webbed, the hairs usually more than 1/2 as long as the lemmas; paleas pubescent; plants sometimes glaucous, widespread in distribution"	3
3	"Calluses glabrous; spikelets not bulbiferous"	"Poa arctica subsp. grayana"
3	"Calluses webbed, often copiously so, sometimes glabrous in bulbiferous spike-lets; spikelets sometimes bulbiferous"	4
4	"Spikelets (5)6–8 mm long; lemmas 4–6 mm long; blades 2–6 mm wide; rachillas usually hairy; plants primarily of the western arctic, extending to northwestern British Columbia"	"Poa arctica subsp. lanata"
4	"Spikelets (3.5)4–7 mm long; lemmas (2.7)3–4.5 mm long; blades 1.5–3 mm wide; rachillas commonly glabrous; plants widespread"	"Poa arctica subsp. arctica"
