from	statement	to
1	"Blades to 0.5 mm in diameter; racemes with 3-12 spikelets; peduncles included or extending to 1 cm beyond the sheaths of the flag leaves"	"Zoysia pacifica"
1	"Blades 0.5-5 mm wide; racemes with 10-50 spikelets; peduncles extending (0.3)1-6.5 cm beyond the sheaths of the flag leaves"	2
2	"Pedicels 1.6-3.5 mm long; spikelets ovate, 1-1.4 mm wide; culm internodes 2-10 mm long; blades ascending"	"Zoysia japonica"
2	"Pedicels 0.6-1.6 mm long; spikelets lanceolate, 0.6-1 mm wide; culm internodes 5-40 mm long, all plants with at least some internodes more than 14 mm long; blades patent"	"Zoysia matrella"
