from	statement	to
1	"Glumes unequal, the lower glumes shorter than the upper glumes; lowest 2 florets sterile"	2
1	"Glumes subequal; lowest florets staminate"	3
2	"Plants annual; ligules 1–3 mm long; blades 1–5 mm wide; panicles 1–4 cm long"	"Anthoxanthum aristatum"
2	"Plants perennial; ligules 2–7 mm long; blades 3–10 mm wide; panicles 3–14 cm long"	"Anthoxanthum odoratum"
3	"Staminate lemmas awned, the awns of the upper staminate lemma 4.5–10.5 mm long; plants densely to loosely tufted, the rhizomes rarely more than 2 cm long"	"Anthoxanthum monticola"
3	"Staminate lemmas unawned or with an awn no more than 1 mm long; plants long-rhizomatous"	4
4	"Panicles spikelike, 0.3–0.5 cm wide, with 1–2 spikelets per branch; rhizomes 0.3–1 mm thick; plants of the high arctic"	"Anthoxanthum arcticum"
4	"Panicles not spikelike, 1–10 cm wide, the longer branches usually with 3 or more spikelets; rhizomes 0.7–3 mm thick; plants of temperate and arctic regions"	5
5	"Lowest staminate lemma in each spikelet narrowly elliptic, its length more than 5 times its width; glumes equaling or slightly exceeded by the tips of the bisexual florets; blades 3-15 mm wide"	"Anthoxanthum occidentale"
5	"Lowest staminate lemma in each spikelet elliptic, its length usually no more than 4 times its width; glumes exceeding the bisexual floret; blades 2–8 mm wide"	6
6	"Longest hairs on the distal portion of the bisexual florets 0.5–1 mm long, evenly distributed around the lemma tip"	"Anthoxanthum hirtum"
6	"Longest hairs on the distal portion of the bisexual floret mostly less than 0.5 mm long, longer hairs, if present concentrated near the midvein"	"Anthoxanthum nitens"
