from	statement	to
1	"Panicles with 3-15 branches racemosely arranged; plants rhizomatous"	"Enteropogon chlorideus"
1	"Panicles with 1-10 branches in a single, digitate cluster; plants not rhizomatous, sometimes stoloniferous"	2
2	"Panicle branches 6-11 cm long, erect to slightly diverging; spikelets with 5-6 florets, the distal 4-5 sterile; plants stoloniferous"	"Enteropogon prieurii"
2	"Panicle branches 7-25 cm long, divergent to drooping; spikelets with 2 florets, the distal floret sterile; plants not stoloniferous"	"Enteropogon dolichostachyus"
