from	statement	to
1	"Lemmas entire or slightly bilobed, unawned or with straight awns up to 2 mm long that scarcely exceed the lemma apices [=Graphephorum]"	2
1	"Lemmas bidentate, lateral veins extending into 2(4) teeth, at least some lemmas with a dorsal awn 1.3-16 mm long"	3
2	"Panicles open, nodding, usually 2-4 cm wide; callus hairs 1.3-2.5 mm long [Graphephorum melicoides]"	"Trisetum melicoides"
2	"Panicles contracted, erect, usually 1-1.5 cm wide; callus hairs up to 1 mm long [Graphephorum wolfii]"	"Trisetum wolfii"
3	"Plants annual, without sterile shoots"	4
3	"Plants perennial, usually producing both fertile and sterile shoots"	5
4	"Disarticulation below the glumes; lower glumes 3-veined; spikelets 3-6 mm long; plants native [Sphenopholis interrupta]"	"Trisetum interruptum"
4	"Disarticulation above the glumes; lower glumes 1-veined; spikelets 2.5-3.5 mm long; plants introduced, not established [Trisetaria aurea]"	"Trisetum aureum"
5	"Plants rhizomatous, culms usually solitary"	6
5	"Plants not rhizomatous; culms clumped"	8
6	"Lemma teeth 4-6 mm long; ligules 0.5-1(1.2) mm long"	"Trisetum flavescens"
6	"Lemma teeth usually shorter than 1 mml ligules 1-5 mm long"	7
7	"Awns 4-6 mm long, straight to cureved; culms 80-110 cm long"	"Trisetum orthochaetum"
7	"Awns 6-8 mm long, usually geniculate and twisted; culms 15-65 cm long"	"Trisetum sibiricum"
8	"Culms densely hairy below the panicles, hairs (0.2)0.5-1 mm long; anthers 0.5-1 mm long"	"Trisetum spicatum"
8	"Culms glabrous or hairy below the panicles, if hairy, the hairs about 0.1 mm long; anthers 0.5-3 mm long"	9
9	"Awns 3.5-4.5 mm long; anthers 0.8-1.2 mm long; ovaries glabrous"	"Trisetum montanum"
9	"Awns 5-16 mm long; anthers 0.5-3 mm long; ovaries glabrous or hairy near the apices"	10
10	"Leaf blades densely pilose on both surfaces; upper glumes equaling or exceeding the florets; panicles dense, individual branches not apparent; ligules densely pilose on dorsal surface"	"Trisetum projectum"
10	"Leaf blades glabrous, canescent, or sparsely pilose on the upper (abaxial) surface, glabrous or canescent on the lower (abaxial) surface; ligules glabrous or pilose, but not densely pilose, dorsally"	11
11	"Anthers 2-3 mm long; ovaries glabrous"	"Trisetum flavescens"
11	"Anthers 0.5-1.8 mm long; ovaries hairy near the apices"	12
12	"Most panicle branches spikelet-bearing their full length, ascending to some what divergent; lower glumes 3-5 mm long"	"Trisetum canescens"
12	"Most pancils branches spikelet-bearing only distally, branches at the lower 1-3 nodes strongly divergent to reflexed"	"Trisetum cernuum"
