from	statement	to
1	"Lower glumes less than 1/2 the length of the upper glumes"	2
1	"Lower glumes 1/2 or more the length of the upper glumes"	3
2	"Lemmas 5-veined, glabrous except the margins sometimes ciliate; rachilla internodes 0.75–1.9 mm long"	"Vulpia myuros"
2	"Lemmas 3(5)-veined, pubescent or glabrous, the margins ciliate; rachilla internodes 0.4–0.9 mm long"	"Vulpia ciliata"
3	"Lemmas 2.5–3.5 mm long, the apices more pubescent than the bases; caryopses 1.5–2.5 mm long"	"Vulpia sciurea"
3	"Lemmas 2.7–9.5 mm long, if pubescent, the apices no more so than the bases but occasionally ciliate; caryopses 1.7–6.5 mm long"	4
4	"Panicle branches 1–2 per node; spikelets with 4–17 florets; rachilla internodes 0.5–0.7 mm long; awn of the lowermost lemma in each spikelet 0.3–9 mm long; caryopses 1.7–3.7 mm long"	"Vulpia octoflora"
4	"Panicle branches solitary; spikelets with 1–8 florets; rachilla internodes 0.6–1.2 mm long; awn of the lowermost lemma in each spikelet 2–20 mm long; caryopses 3.5–6.5 mm long"	5
5	"Panicle branches appressed to erect at maturity, without axillary pulvini; paleas equal to or shorter than the lemmas"	"Vulpia bromoides"
5	"Panicle branches spreading to reflexed at maturity, with axillary pulvini; paleas usually slightly longer than the lemmas"	"Vulpia microstachys"
