from	statement	to
1	"Plants stoloniferous perennials, forming low, often extensive mats; most plants lacking inflorescences, the spikelets, when present, usually not producing mature pollen or caryopses"	"Puccinellia phryganodes"
1	"Plants annual, biennial, or cespitose perennials, sometimes stoloniferous but not mat-forming; plants reproducing sexually, forming mature pollen and caryopses"	2
2	"Lemmas slightly to markedly coriaceous for most or all of their length; plants of temperate regions"	3
2	"Lemmas mostly membranous or herbaceous, apical margins sometimes hyaline; plants of temperate and arctic regions"	5
3	"Lemmas with hyaline apical margins; lemma midveins prominent"	"Puccinellia rupestris"
3	"Lemmas with coriaceous apical margins; lemma midveins obscure"	4
4	"Lemmas 1.8–3 mm long; lower branches of the panicles ascending to erect, spikelet-bearing nearly to the base; anthers 0.6–1 mm long"	"Puccinellia fasciculata"
4	"Lemmas 3–5 mm long; lower branches of the panicles erect to descending, spikelet-bearing from about midlength; anthers 1.5–2.6 mm long"	"Puccinellia maritima"
5	"Plants annual, of temperate regions"	6
5	"Plants perennial, of temperate and arctic regions"	7
6	"Lemma apices acute; lemmas 2.5–4 mm long, veins glabrous or hairy, particularly on the basal 1/2, short (about 0.1 mm) hairs sparsely and evenly distributed between the veins"	"Puccinellia simplex"
6	"Lemma apices obtuse to truncate; lemmas 1.8–2.2 mm long, veins densely hairy on the basal 1/2–3/4, glabrous between the veins"	"Puccinellia parishii"
7	"Palea veins with curly, intertwined hairs proximally, scabrous distally; plants of arctic regions"	8
7	"Palea veins glabrous, shortly ciliate, or with fewer than 5 longer hairs proximally, never with curly intertwined hairs, scabrous or smooth distally; plants of temperate and arctic regions"	13
8	"Pedicels smooth; apical margins of the lemmas smooth, veins obscure or distinct"	9
8	"Pedicels scabrous; apical margins of the lemmas scabrous, sometimes minutely so, veins obscure"	10
9	"Lower glumes 2/3 to nearly as long as the adjacent lemmas; culms 5–15 cm; panicles 2–4 cm, anthers 0.8–1.5 mm"	"Puccinellia vahliana"
9	"Lower glumes usually less than 2/3 as long as the adjacent lemmas, culms 15–40 cm; panicles 5–8 cm, anthers 1.5–2.5 mm"	"Puccinellia wrightii"
10	"Culms 50–65 cm tall; panicles 15–30 cm long"	"Puccinellia groenlandica"
10	"Culms 5–35 cm tall; panicles 1–13 cm long"	11
11	"Lemmas 3.5–5.2 mm long; panicles (4)5–13 cm long"	"Puccinellia angustata"
11	"Lemmas 1.7–3.8 mm long; panicles 1–8 cm long"	12
12	"Lemmas 2.2-3.5 mm long; panicles 1.5-2.3 cm long; widespread yet local in arctic islands of Canada growing in calcareous, barren, gravelly, sandy, or silty sites, sometimes coastal"	"Puccinellia bruggemannii"
12	"Lemmas 1.7 - 2.3 mm long; panicles 2-8 cm long; known from five locations, growing in frost-heaved turfy tundra dominated by Dryas"	"Puccinellia banksiensis"
13	"Lemma margins smooth or with a few scabrules at and near the apices"	14
13	"Lemma margins densely scabrous at and near the apices"	18
14	"Lemmas 2–2.5 mm long, usually purple with whitish margins, veins distinct, apices obtuse to truncate; lemmas and palea veins smooth and glabrous; pedicels smooth"	"Puccinellia tenella"
14	"Lemmas 2.4–4.6 mm long, variously colored, margins not white, veins obscure to distinct, apices acute to truncate; lemmas and palea veins glabrous or hairy on the lower portion, often scabrous distally; pedicels smooth or scabrous"	15
15	"Lemmas glabrous or with a few hairs on the lower portion of the veins; lemma apices entire; plants of temperate regions or the low arctic, but not of the high arctic"	16
15	"Lemmas usually sparsely to moderately hairy, particularly on the vein bases, sometimes glabrous; lemma apices entire, irregularly serrate, or erose; plants of the low and high arctic"	17
16	"Pedicels scabrous; palea veins scabrous distally; anthers 1–2 mm long; plants not littoral"	"Puccinellia lemmonii"
16	"Pedicels smooth or with a few scattered scabrules; palea veins smooth or with a few scabrules distally; anthers 0.5–1.2 mm long; plants littoral"	"Puccinellia pumila"
17	"Panicles with (2)3–5 branches at the lowest node; lemmas 2.5–3.7 mm long, veins obscure to distinct, apices entire or slightly erose; anthers 1.2–2.2 mm long"	"Puccinellia arctica"
17	"Panicles usually with 2 branches at the lowest node; lemmas 3–4.5 mm long, veins obscure, apices irregularly serrate or erose; anthers 0.8–1.2 mm long"	"Puccinellia andersonii"
18	"Lemmas 1.5–2.2 mm long, apices widely obtuse to truncate; anthers 0.4–0.8 mm long; lower panicle branches horizontal to descending"	"Puccinellia distans"
18	"Lemmas 2–5 mm long, apices usually acute to obtuse, occasionally acuminate or rounded; anthers 0.5–2.2 mm long; lower panicle branches erect to descending"	19
19	"Lemma apices irregularly serrate or erose; lemmas 3–4.5 mm long; anthers 0.8–1.2 mm long"	"Puccinellia andersonii"
19	"Lemma apices entire or slightly erose; lemmas 2–4.5(5) mm long; anthers 0.5–2.2 mm long"	20
20	"Pedicels smooth or with a few scattered scabrules; lemmas glabrous or with a few hairs on the lower 1/2, principally along the veins; anthers 1.5–2 mm long; plants restricted to mineralized springs in California"	"Puccinellia howellii"
20	"Pedicels smooth to uniformly scabrous; lemmas glabrous or sparsely to moderately hairy on the lower 1/2; anthers 0.5–2.2 mm long; plants of varied habitats, including hot springs"	21
21	"Lemma midveins often extending to the apical margins; lemma apices acute; lemmas mostly smooth, midveins often slightly scabrous distally; leaf blades involute, 1.2–1.9 mm wide when flattened; leaves concentrated at the base of plant; plants of inland, temperate habitats"	"Puccinellia lemmonii"
21	"Lemma midveins usually not extending to the margins; lemma apices usually acute to obtuse, occasionally acuminate; lemmas scabrous or smooth distally; leaf blades involute or flat, 0.5–6 mm wide when flat, leaves ranging from nearly all basal to evenly distributed along the culms; plants of coastal and inland habitats in temperate and arctic regions"	22
22	"Culms 10–100 cm tall; lower glumes 0.5–1.6 mm long; plants usually growing south of 65º N latitude"	23
22	"Culms 6–30(40) cm tall; lower glumes 0.8–2.5 mm long; plants usually growing north of 65º N latitude"	24
23	"Pedicel epidermal cells not tumid, pedicels uniformly scabrous; lower branches of the panicles erect to descending; lemmas (2)2.2–3(3.5) mm long; plants usually of interior habitats, occasionally of coastal habitats"	"Puccinellia nuttalliana"
23	"Pedicel epidermal cells often tumid, pedicels sparsely to densely scabrous; lower branches of the panicles usually erect to ascending, occasionally spreading to descending; lemmas (2.2)3–4.5(5) mm long; plants of coastal habitats"	"Puccinellia nutkaensis"
24	"Anthers 1.2–2.2 mm long; lateral margins of the lemmas often inrolled"	"Puccinellia arctica"
24	"Anthers 0.6–1.2 mm long; lateral margins of the lemmas usually not inrolled"	25
25	"Lemmas 2.8–4 mm long; panicles usually barely exserted from the sheaths"	"Puccinellia vaginata"
25	"Lemmas 2–2.8 mm long; panicles usually distinctly exserted from the sheaths"	"Puccinellia nuttalliana"
