from	statement	to
1	"Panicle branches smooth or slightly scabrous, or the basal blades more than 1.5 mm wide and flat or folded; cauline blades more than 1.5 mm wide, often flat; some basal branching extravaginal; lemmas and calluses sometimes sparsely puberulent"	2
1	"Panicle branches moderately to strongly scabrous; basal and cauline blades usually less than 1.5 mm wide, involute, rarely flat or folded; basal branching intravaginal; lemmas and calluses glabrous"	3
2	"Lemmas usually glabrous, rarely plants from the Rocky Mountains with puberulent keels and marginal veins; calluses glabrous; panicles erect, usually contracted; branches smooth to slightly scabrous"	"Poa cusickii subsp. epilis"
2	"Lemmas rarely completely glabrous, at least some florets with sparsely puberulent keels, the marginal veins glabrous or puberulent; calluses frequently with a sparse, short web; panicles somewhat lax and loosely contracted; branches smooth or sparsely to moderately scabrous"	"Poa cusickii subsp. purpurascens"
3	"Panicle branches longer than 1.7 cm in at least some panicles; panicles open or contracted"	"Poa cusickii subsp. cusickii"
3	"Panicle branches up to 1.7 cm long, stout; panicles contracted"	"Poa cusickii subsp. pallida"
