from	statement	to
1	"Sheaths truncate or broadly auriculate; blade bases much narrower than the subtending sheaths"	"Panicum rigidulum subsp. abscissum"
1	"Sheaths not truncate or broadly auriculate; blade bases about as wide as the subtending sheaths"	2
2	"Blades usually 5-12 mm wide, flat, mostly glabrous or scabridulous; ligules membranous, 0.3-1 mm long"	3
2	"Blades usually 2-7 mm wide, often folded or involute, usually pilose adaxially, at least near the base; ligules membranous, the cilia usually fimbriate, 0.5-3 mm long"	4
3	"Spikelets 1.6-2.5 mm long, usually over 0.6 mm wide, green or purplish-tinged"	"Panicum rigidulum subsp. rigidulum"
3	"Spikelets 2.4-3 mm long, usually less than 0.6 mm wide, conspicuously stipitate, usually purple"	"Panicum rigidulum subsp. elongatum"
4	"Spikelets 2-2.7 mm long, green or purplish-stained, often obliquely set on the pedicels"	"Panicum rigidulum subsp. pubescens"
4	"Spikelets 2.6-3.8 mm long, usually purple, slender, erect on the pedicels"	"Panicum rigidulum subsp. combsii"
