from	statement	to
1	"Plants either long-lived perennials with 2–10 florets per spikelet, or annuals or short-lived perennials with 10–22 florets per spikelet"	2
1	"Plants annuals, with 2–10(11) florets per spikelet"	3
2	"Plants long-lived perennials, with 2–10 florets per spikelet; lemmas unawned or awned, awns to about 8 mm long"	"Lolium perenne"
2	"Plants annuals or short-lived perennials, with 10–22 florets per spikelet; lemmas usually awned, awns to 15 mm long, rarely unawned"	"Lolium multiflorum"
3	"Spikelets somewhat sunken in the rachises and partly concealed by the glumes"	"Lolium rigidum"
3	"Spikelets not sunken in the rachises and not concealed by the glumes"	4
4	"Lemmas 3.5–8.5 mm long; paleas from 1.2 mm shorter than to 0.8 mm longer than the lemmas; mature florets and caryopses 2–3 times longer than wide"	"Lolium temulentum"
4	"Lemmas (5.2)7–12 mm long; paleas usually 0.5–1.8 mm longer than the lemmas; mature florets and caryopses 3.7–5 times longer than wide"	"Lolium persicum"
