from	statement	to
1	"All bristles terete, fused only at the base; fascicles not burlike"	"Cenchrus myosuroides"
1	"Inner bristles flattened, variously fused, forming a shallow disk or distinct cupule; fascicles burlike"	2
2	"Fascicles having 1 whorl of fused, flattened inner bristles, subtended by 5-25 free, terete, outer bristles"	3
2	"Fascicles having more than 1 whorl of flattened inner bristles, these originating at irregular intervals throughout the body of the cupule, sometimes subtended by terete outer bristles"	5
3	"Inner bristles fused only at the base and forming a shallow disk, their abaxial surfaces with 1-3 grooves"	"Cenchrus biflorus"
3	"Inner bristles fused for 1/3-1/2 their length or more, forming a globose cupule, their abaxial surfaces not grooved"	4
4	"Rachis internodes 0.8-1.7 mm long; the majority of the outer bristles equaling or slightly exceeding the inner, flattened bristles"	"Cenchrus brownii"
4	"Rachis internodes 2-4 mm long; the majority of the outer bristles about 1/2 as long as the inner, flattened bristles"	"Cenchrus echinatus"
5	"Plants perennial, long-lived; fascicles not imbricate, usually glabrous; leaf blades 1-3.5 mm wide"	"Cenchrus gracillimus"
5	"Plants annual or perennial but short-lived; fascicles imbricate, usually pubescent; leaf blades (1)3-14.2 mm wide"	6
6	"Inner bristles 0.5-0.9(1.4) mm wide at the base; fascicles with 45-75 bristles"	"Cenchrus longispinus"
6	"Inner bristles 1-3 mm wide at the base; fascicles with 8-43 bristles"	7
7	"Fascicles densely pubescent, 9-16 mm long, with 1(2) spikelets; inner bristles 4-8 mm long"	"Cenchrus tribuloides"
7	"Fascicles glabrous or sparsely to moderately pubescent, 5.5-10.2 mm long, with 2-4 spikelets; inner bristles 2-5.8 mm long"	"Cenchrus spinifex"
