from	statement	to
1	"Panicles contracted at anthesis, the branches appressed to ascending; glumes 4.5–5.8 mm long, midvein of the lower glumes scabrous distally"	"Deschampsia cespitosa subsp. holciformis"
1	"Panicles open at anthesis, the branches strongly divergent to drooping; glumes 2–7.5 mm long; midvein of the lower glumes smooth or scabridulous distally"	2
2	"Plants often glaucous; glumes 4.4–7.5 mm long; awns usually exceeding the lemmas; plants of the northwest coast of North America"	"Deschampsia cespitosa subsp. beringensis"
2	"Plants not glaucous; glumes 2–6 mm long; awns exceeded by or exceeding the lemmas; plants widespread in North America"	"Deschampsia cespitosa subsp. cespitosa"
