from	statement	to
1	"Lemma keels and marginal veins glabrous or almost so"	"Poa fendleriana subsp. albescens"
1	"Lemma keels and marginal veins conspic-uously hairy"	2
2	"Ligules of the middle cauline leaves 0.2–1.2 (1.5) mm long, not decurrent, usually scabrous, apices truncate to rounded, upper margins ciliolate or scabrous"	"Poa fendleriana subsp. fendleriana"
2	"Ligules of the middle cauline leaves (1.5)1.8–18 mm long, decurrent, usually smooth to sparsely scabrous, apices obtuse to acuminate, upper margins usually smooth, glabrous"	"Poa fendleriana subsp. longiligula"
