from	statement	to
1	"Lower portion of the culms and lower sheaths usually glabrous or sparsely pubescent"	2
1	"Lower portion of the culms and lower sheaths densely and variously pubescent or puberulent"	4
2	"Primary panicles congested, more than twice as long as wide; spikelets ascending to appressed"	"Dichanthelium acuminatum subsp. spretum"
2	"Primary panicles open, less than twice as long as wide; spikelets diverging to ascending"	3
3	"Blades green or purplish, the margins not conspicuously ciliate at the base; spikelets 1.1-1.5 mm long, usually ellipsoid"	"Dichanthelium acuminatum subsp. longiligulatum"
3	"Blades often yellowish-green, the margins usually with long, papillose-based cilia at the base; spikelets 1.3-1.6 mm long, usually obovoid"	"Dichanthelium acuminatum subsp. lindheimeri"
4	"Culms 15-30 cm tall; midculm sheaths nearly as long as the internodes; blades usually 2-6.5 cm long, less than 8 times longer than wide"	"Dichanthelium acuminatum subsp. sericeum"
4	"Culms usually 30-100 cm tall; midculm sheaths about 1/2 as long as the internodes; blades usually 6-12 cm long, more than 8 times longer than wide"	5
5	"Culms and lower sheaths densely covered with spreading, villous hairs or soft, thin, papillose-based hairs, often with shorter hairs underneath; blades softly pubescent to velvety on the abaxial surfaces"	6
5	"Culms and sheaths pilose with papillose-based hairs to hispid, with mostly ascending hairs, or densely puberulent with a few longer, ascending hairs also present; blades appressed-pubescent or puberulent abaxially, not velvety to the touch"	7
6	"Primary panicles usually poorly exserted, on peduncles less than 6 cm long; blades suberect, the margins lacking cilia on the distal 1/2"	"Dichanthelium acuminatum subsp. thermale"
6	"Primary panicles usually well-exserted, on peduncles more than 8 cm long; blades ascending to spreading, the margins ciliate along most of their length"	"Dichanthelium acuminatum subsp. acuminatum"
7	"Sheaths and culms densely puberulent, scattered long hairs often present also"	"Dichanthelium acuminatum subsp. columbianum"
7	"Sheaths and culms pilose with papillose-based hairs, the hairs mostly ascending, occasionally with inconspicuous, shorter hairs underneath"	8
8	"Blades usually 6-12 mm wide, spreading to ascending, the adaxial surfaces nearly glabrous or with hairs shorter than 3 mm long; spikelets 1.5-2 mm"	"Dichanthelium acuminatum subsp. fasciculatum"
8	"Blades usually 2-6 mm wide, erect to ascending, spreading or reflexed, the adaxial surfaces glabrous or with hairs 3-6 mm long; spikelets 1.1-1.6 mm long"	9
9	"Blades erect to ascending, the adaxial surfaces long-pilose; spikelets 1.3-1.6 mm long, usually broadly obovoid"	"Dichanthelium acuminatum subsp. implicatum"
9	"Blades ascending, spreading, or reflexed, the adaxial surfaces glabrous or sparsely pubescent; spikelets 1.1-1.5 mm long, usually ellipsoid"	"Dichanthelium acuminatum subsp. leucothrix"
