from	statement	to
1	"Panicles with 30-100+ branches; lower branches 10-24 cm long; culms (50)100-300 cm tall"	"Axonopus scoparius"
1	"Panicles with 2-7 branches; lower branches 1-15 cm long; culms 7-100 cm tall"	2
2	"Spikelets 3.5-5.5 mm long; upper glumes glabrous; lower lemmas glabrous or sparsely pilose over the veins"	"Axonopus furcatus"
2	"Spikelets 1.6-3.5 mm long; upper glumes and lower lemmas sparsely pilose on the margins or marginal veins"	3
3	"Upper glumes and lower lemmas extending beyond the upper florets, forming acute to acuminate apices; blades 3-20 mm wide"	"Axonopus compressus"
3	"Upper glumes and lower lemmas not or scarcely extending beyond the upper florets, forming obtuse to subacute apices; blades 1.5-6 mm wide"	"Axonopus fissifolius"
