from	statement	to
1	"Glumes 1-veined and 2-keeled at maturity; lemmas of the first floret in each spikelet pubescent on the lower 1/2, glabrous distally, the other lemmas glabrous; disarticulation beneath the florets, sometimes at the base of the spikes"	"Eremopyrum triticeum"
1	"Glumes usually 3–5-veined and 1-keeled; lemmas of all florets alike in their pubescence or lack thereof; disarticulation at the rachis nodes"	2
2	"Glume bases straight; spikes 1.3–2.8 cm wide"	"Eremopyrum bonaepartis"
2	"Glume bases arcuately curved; spikes 0.9–1.8 cm wide"	"Eremopyrum orientale"
