from	statement	to
1	"Culms 20-30(-40) m tall, 10-18 cm in diameter; branchlets of lower branches recurved, thornlike"	"Bambusa bambos"
1	"Culms 1-15 m tall, 0.5-9 cm in diameter; branchlets of lower branches not recurved and thornlike"	2
2	"Foliage leaves 3-6 cm wide, 15-30 cm long; culm sheath auricles small, rounded"	"Bambusa oldhamii"
2	"Foliage leaves leaves 0.3-2.5 cm wide, 1.6-30 cm long; culm sheath auricles absent, inconspicuous or to 1.5 cm long, not rounded"	3
3	"Culm sheath blades up to half the width of their sheaths; culm sheaths uniformly stiffly and deciduously brown hairy"	"Bambusa vulgaris"
3	"Culm sheath blades more that half the width of their sheaths; culm sheaths basally brown strigose or glabrous"	4
4	"Foliage leaves pale and glaucous on abaxial (lower) surfaces; culms 1.5-2.5 cm in diameter"	"Bambusa multiplex"
4	"Foliages leaves green or pale green on abaxial (lower) surfaces; culms 3-5 cm in diameter"	"Bambusa textilis"
