from	statement	to	shortcut
1	"Lemma margins free; fruits achenes, ellipsoid, obovoid, ovoid or subglobose, beaked with a shell-like pericarp"	2	
1	"Lemmas and paleas clasping along their margins; fruits caryopses, cylindrical or laterally compressed, not beaked"	3	
2	"Lemmas of the pistillate spikelets awned; plants emergent, more than 1 m tall"	Zizaniopsis	"Zizaniopsis miliacea"
2	"Lemmas of the pistillate spikelets unawned; plants emergent and less than 1 m tall or submerged aquatics"	Luziola	
3	"Spikelets unisexual; caryopses terete"	Zizania	
3	"Spikelets bisexual; caryopses laterally compressed or terete"	4	
4	"Sterile florets present below the fertile floret, 1/8–1/2 (9/10) as long as the spikelets"	Oryza	
4	"Glumes absent"	5	
5	"Leaf blades aerial, not pseudopetiolate, linear to broadly lanceolate; spikelets pedicellate, without stipelike calluses; lemmas unawned; widespread native species"	Leersia	
5	"Leaf blades floating, pseudopetiolate, elliptic to ovate or ovate-lanceolate; spikelets on stipelike calluses (1)2–10 mm long; lemmas awned; aquatic ornamental species, not known to be established in the Flora region"	Hygroryza	"Hygroryza aristata"
