from	statement	to
1	"Spikelets in clusters, heterogamous, the lower 4-7 spikelets in each cluster with a staminate (rarely sterile) terminal floret, only the terminal spikelet in the clusters with a pistillate or bisexual floret; disarticulation usually at the base of the spikelet clusters, sometimes beneath the bisexual or pistillate spikelets"	2
1	"Spikelets borne singly, homogamous, all spikelets with a bisexual floret; disarticulation above the glumes, below the sterile florets"	3
2	"Glumes of the bisexual or pistillate spikelets winged, the wings with 1 prominent tooth; plants annual; culms not swollen at the base"	"Phalaris paradoxa"
2	"Glumes of the bisexual or pistillate spikelets winged, the wings entire or irregularly dentate to crenate distally; plants perennial; culms with swollen bases"	"Phalaris coerulescens"
3	"Glume keels not winged or with wings no more than 0.2 mm wide"	4
3	"Glume keels broadly winged, the wings 0.2-1 mm wide"	7
4	"Plants perennial; bisexual florets with acute to somewhat acuminate apices"	5
4	"Plants annual; bisexual florets with beaked or strongly acuminate apices"	6
5	"Panicles elongate, 5-40 cm long, evidently branched towards the base; sterile florets less than 1/2 as long as the bisexual florets"	"Phalaris arundinacea"
5	"Panicles ovoid to cylindrical, 1.5-6 cm long, branches not evident; sterile florets usually more than 1/2 as long as the bisexual florets"	"Phalaris californica"
6	"Apices of the bisexual florets glabrous; glumes scabrous over the lateral veins and keels, and adjacent to the keels"	"Phalaris lemmonii"
6	"Apices of the bisexual florets pubescent; glumes smooth or scabridulous over the lateral veins, keels smooth to scabridulous, the wing surface smooth"	"Phalaris caroliniana"
7	"Sterile florets usually 1, if 2, the lower to 0.7 mm long and the upper 1-3 mm long"	8
7	"Sterile florets 2, equal to subequal, 0.5-4.5 mm long"	9
8	"Plants annual; glumes with irregularly dentate to crenate keels, varying within a panicle"	"Phalaris minor"
8	"Plants perennial; glumes usually with entire keels"	"Phalaris aquatica"
9	"Panicles cylindrical, discontinuous, sometimes lobed"	"Phalaris angusta"
9	"Panicles usually ovoid to ellipsoid, occasionally cylindrical, continuous, not lobed"	10
10	"Sterile florets 0.6-1.2 mm long, about 1/5 the length of the bisexual florets"	"Phalaris brachystachys"
10	"Sterile florets 1.5-4.5 mm long, 1/3 or more the length of the bisexual florets"	11
11	"Glumes 0.8-1.5 mm wide, with acute to acuminate apices"	"Phalaris caroliniana"
11	"Glumes 2-2.5 mm wide, with rounded, mucronate apices"	"Phalaris canariensis"
