from	statement	to
1	"Callus hairs 2-4 times as long as the spikelets"	2
1	"Callus hairs from shorter than to twice as long as the spikelets"	3
2	"Spikelets 4-6 mm long; upper lemmas unawned or the awns not exceeding the glumes"	"Miscanthus sacchariflorus"
2	"Spikelets 2-2.8 mm long; upper lemmas awned, the awns 9-13 mm long, exceeding the glumes"	"Miscanthus nepalensis"
3	"Culms few together or solitary; basal leaves with reduced blades, only the cauline leaves with long blades; panicles loose, with 2-5 branches"	"Miscanthus oligostachyus"
3	"Culms densely tufted, forming large clumps; many basal leaves with long blades; panicles usually with more than 15 branches"	4
4	"Spikelets 3.5-7 mm long; blades 6-20 mm wide; rachises 1/3-2/3 as long as the panicles"	"Miscanthus sinensis"
4	"Spikelets 3-3.5 mm long; blades 15-40 mm wide; rachises 3/4-4/5 as long as the panicles"	"Miscanthus floridulus"
