from	statement	to
1	"Leaf blades with smooth or slightly scabrous margins"	2
1	"Leaf blades with strongly scabrous margins"	6
2	"Panicles branches 2-8 cm long, usually closely appressed and often twisted, the lower branches evidently less closely imbricate than the upper branches; glumes usually curved; plants of California and Baja California, Mexico"	"Spartina foliosa"
2	"Panicle branches 2-24 cm long, usually loosely appressed or divergent, usually not twisted, lower and upper branches more or less equally imbricate; glumes straight; plants of varied distribution, including California and Baja California, Mexico"	3
3	"Glumes usually mostly glabrous on the sides, sometimes with appressed hairs; panicles with 3-25 branches"	"Spartina alterniflora"
3	"Glumes usually with appressed hairs on the sides, the margins sometimes glabrous; panicles with 1-12 branches"	4
4	"Ligules 2-3 mm long; anthers 5-13 mm long, well-filled, dehiscent at maturity"	"Spartina anglica"
4	"Ligules 0.2-1.8 mm long; anthers 3-10 mm long, sometimes poorly filled and indehiscent at maturity"	5
5	"Ligules 0.2-0.6 mm long; leaf blades 6-12 cm long; anthers 3-6.5 mm long, well-filled, dehiscent at maturity"	"Spartina maritima"
5	"Ligules 1-1.8 mm long; leaf blades 6-30 cm long; anthers 5-10 mm long, poorly filled and indehiscent at maturity"	"Spartina × townsendii"
6	"Panicles smooth in outline, with (6)15-75 tightly appressed panicle branches; branches 0.5-4(7) cm long; plants without rhizomes"	"Spartina spartinae"
6	"Panicles not smooth in outline, with 2-67 tightly appressed to strongly divergent branches; branches 1-15 cm; plants with more than 15 panicle branches always strongly rhizomatous, those with less than 16 branches with or without rhizomes"	7
7	"Plants without rhizomes or the rhizomes short; culms usually clumped; panicle branches 2-16"	8
7	"Plants with well-developed rhizomes; culms usually solitary, sometimes a few together; panicle branches 3-67"	10
8	"Upper glumes 1-veined"	"Spartina densiflora"
8	"Upper glumes 3-4-veined"	9
9	"Spikelets 6-9 mm long; culms to 200 cm tall; plants of the southeastern United States"	"Spartina bakeri"
9	"Spikelets 10-17 mm long; culms to 120 cm tall; plants of the northeastern United States"	"Spartina × caespitosa"
10	"Rhizomes whitish; upper glumes 1-veined or with all lateral veins on the same side of the keels; panicles with 2-15 branches, the branches 1-9 cm long"	11
10	"Rhizomes light brown to brownish-purple; upper glumes 1-veined or with lateral veins on either side of the keels; panicles with 3-67 branches, the branches 1.5-15 cm long"	13
11	"Spikelets 6-11 mm long, ovate to lanceolate; inland plants of western North America, rarely found east of Lake Winnipeg and the Mississippi Valley"	"Spartina gracilis"
11	"Spikelets 7-17 mm long, linear-lanceolate to ovate-lanceolate; usually coastal, also known from a few inland sites in northeastern North America"	12
12	"Spikelets 7-12 mm long; blade of the second leaf below the panicles 0.5-4 7) mm wide; plants of disturbed and undisturbed coastal habitats from the Gulf of St. Lawrence to the Gulf of Mexico and, as an introduction, on the west coast of North America"	"Spartina patens"
12	"Spikelets 10-17 mm long; blade of the second leaf below the panicles 2-7 mm wide; plants of disturbed habitats and artificial wetlands from Maine to Maryland"	"Spartina × caespitosa"
13	"Blade of the second leaf below the panicles 2-5(7) mm wide, usually involute even when fresh; panicles with 3-9 branches, the branches 3-9 cm long"	"Spartina × caespitosa"
13	"Blade of the second leaf below the panicles 5-14 mm wide, flat when fresh; panicles with 5-67 branches, the branches 1.5-15 cm long"	14
14	"Lower glumes 3/4 as long as to equaling the adjacent lemmas; upper glumes awned, the awns 3-8 mm, with glabrous, rarely hispid, lateral veins"	"Spartina pectinata"
14	"Lower glumes less than 1/2 as long to 2/3 as long as the adjacent lemmas; upper glumes unawned or with awns up to 2 mm long, usually with hispid lateral veins"	"Spartina cynosuroides"
