from	statement	to
1	"Lemmas usually villous or hispid; spikes nodding to almost pendent; internodes 4–7 mm long, often strongly glaucous"	"Elymus canadensis var. canadensis"
1	"Lemmas usually smooth or scabridulous, occasionally hirsute; spikes usually nodding, occasionally almost erect; internodes 3–4 mm long, not strongly glaucous"	2
2	"Glumes not clearly indurate or bowed out at the base, awns 10–20 mm long; lemmas smooth or scabridulous, awns usually 20–30 mm long, moderately outcurving; spikes 6–20 cm long"	"Elymus canadensis var. brachystachys"
2	"Glumes often slightly indurate and bowed out at the base, awns 15–25 mm long; lemmas occasionally hirsute, awns 30–40 mm long, often strongly outcurving; spikes 15–25(30) cm long"	"Elymus canadensis var. robustus"
