from	statement	to
1	"Staminate spikelets in sessile-pedicellate pairs, the pedicels almost flat to plano-convex in cross section, 2-5 mm long, less than 0.3 mm wide; glumes usually membranous"	"Tripsacum lanceolatum"
1	"Staminate spikelets sessile, subsessile, or in sessile-pedicellate pairs, the pedicels triangular in cross section, to 2 mm long and about 0.5-0.8 mm wide; glumes somewhat coriaceous"	2
2	"Blades 9-35(45) mm wide, flat; culms 1-2(4) m tall"	"Tripsacum dactyloides"
2	"Blades 1-7(15) mm wide, involute or folded; culms to 1 m tall"	"Tripsacum floridanum"
