from	statement	to
1	"Blades rounded at the base, 3-16 mm wide; lower paleas less than 1/2 as long as the upper florets; panicles erect"	"Panicum hirticaule subsp. hirticaule"
1	"Blades cordate, clasping at the base, 4-30 mm wide; lower paleas more than 1/2 as long as the upper florets; panicles often nodding"	2
2	"Nodes, sheaths, and blades glabrous or sparsely pilose, hairs papillose-based; culms usually less than 70 cm tall; spikelets 3.2-4. mm long"	"Panicum hirticaule subsp. stramineum"
2	"Nodes, sheaths, and blades hirsute, hairs papillose-based; culms robust, usually more than 70 cm tall; spikelets 3-3.3 mm long"	"Panicum hirticaule subsp. sonorum"
