from	statement	to
1	"Lemma keels winged; panicle branches with flattened axes (subg. Pterolemma)"	"Cynodon incompletus"
1	"Lemma keels not winged; panicle branches with triquetrous axes (subg. Cynodon)"	2
2	"Glumes 0.1-0.6 mm long"	"Cynodon plectostachyus"
2	"Glumes 1.1-2.6 mm long"	3
3	"Panicles with 1-3(4) branches; culms 5-30 cm tall; blades 1-1.5 mm wide"	"Cynodon transvaalensis"
3	"Panicles with (2)4-20 branches; culms 5-100 cm tall; blades (1)2-7 mm wide"	4
4	"Panicles with 2-6(9) branches in a single whorl; culms 5-40(50) cm tall"	5
4	"Panicles with 4-20 branches in 1-5 whorls; culms 20-100 cm tall"	6
5	"Panicles with (2)4-6(9) branches; anthers dehiscent at maturity"	"Cynodon dactylon"
5	"Panicles with 2-4 branches; anthers indehiscent at maturity"	"Cynodon x magennisii"
6	"Lemma keels glabrous or with a few scattered hairs; panicle branches usually in 2-5 whorls, stiff, frequently red or purple; culms 25-100 cm tall, woody"	"Cynodon aethiopicus"
6	"Lemma keels shortly pubescent; panicle branches usually in 1 whorl, lax, usually green; culms 20-60 cm tall, not woody"	"Cynodon nlemfuensis"
