from	statement	to
1	"Glumes 2.3-4.3 mm long; rachilla prolongations 0.5-1.9 mm long"	"Podagrostis aequivalvis"
1	"Glumes 1.6-2.5 mm long; rachilla prolongations 0.1-0.6 mm long"	2
2	"Glumes ovate to elliptic, exceeding the lemma by 0.2–0.4 mm; panicles 1.5–6 cm long; leaf blades 0.4–1.5 mm wide, highest leaf blade usually below mid-culm"	"Podagrostis humilis"
2	"Glumes narrowly elliptic, equalling the lemma or up to 0.1 mm longer; panicles (2.5)5–12 cm long; leaf blades 1–3 mm wide, highest leaf blade usually about mid-culm"	"Podagrostis thurberiana"
