from	statement	to
1	"Peduncles with 2 rames"	"Schizachyrium spadiceum"
1	"Peduncles with only 1 rame"	2
2	"Leaf blades 0.5-2 mm wide, with a longitudinal stripe of white, spongy tissue (formed of bulliform cells) on their adaxial surfaces; plants cespitose; pedicellate spikelets about as long as the sessile spikelets"	"Schizachyrium tenerum"
2	"Leaf blades (1)1.5-9 mm wide, without a longitudinal stripe of white, spongy tissue on their adaxial surfaces; plants cespitose or rhizomatous; pedicellate spikelets equal to or smaller than the sessile spikelets"	3
3	"Plants rooting and branching at the lower nodes and at aerial nodes in contact with the soil; leaf collars usually elongate and narrow; plants of sandy coastal habitats"	4
3	"Plants not rooting or branching at the lower nodes; leaf collars neither elongate nor particularly narrow; plants of varied habitats"	5
4	"Ligules 0.5-1 mm long, pedicellate spikelets 4.5-8.5 mm long"	"Schizachyrium maritimum"
4	"Ligules 1.5-2 mm long, pedicellate spikelets 1.5-5 mm long"	"Schizachyrium littorale"
5	"Pedicel bases 0.2-0.5 mm wide, gradually widening to 0.3-1 mm distally, straight, often somewhat stiff, not tending to curve outward; rames appearing linear"	6
5	"Pedicel bases 0.1-0.2 mm wide, flaring above midlength to about 0.5 mm wide, tending to curve outward; rames appearing somewhat open"	8
6	"Pedicellate spikelets 6-8 mm long, about as long as the sessile spikelets, usually staminate, sometimes sterile, unawned"	"Schizachyrium cirratum"
6	"Pedicellate spikelets 0.7-10 mm long, usually shorter than the sessile spikelets, sterile, unawned or awned, the awns up to 6 mm long"	7
7	"Upper lemmas cleft for 2/3-7/8 of their length; lower glumes glabrous or pubescent"	"Schizachyrium sanguineum"
7	"Upper lemmas cleft for up to 1/2 of their length; lower glumes glabrous"	"Schizachyrium scoparium"
8	"Upper lemmas indurate at the base, cleft 3/4-7/8 of their length; leaf blades 2.5-10 cm long; pedicellate spikelets 0.5-2 mm long; plants cespitose; known only from peninsular Florida"	"Schizachyrium niveum"
8	"Upper lemmas membranous at the base, cleft for up to 1/2 of their length; leaf blades 7-105 cm long; pedicellate spikelets 0.7-10 mm long; plants cespitose or not; widespread, including Florida"	9
9	"Plants cespitose, not or shortly rhizomatous"	"Schizachyrium scoparium"
9	"Plants not cespitose, strongly rhizomatous"	10
10	"Pedicellate spikelets awned, awns to 4 mm; leaf blades usually 3.5-9 mm wide; culms usually 1-3 mm thick; plants of sandy soils"	"Schizachyrium scoparium"
10	"Pedicellate spikelets unawned or the awns less than 1 mm; leaf blades 1-3 mm wide; culms usually less than 1 mm thick; plants of oölitic soil"	"Schizachyrium rhizomatum"
