from	statement	to
1	"Pants not rhizomatous, densely cespitose"	2
1	"Plants rhizomatous, usually loosely to densely cespitose, sometimes with solitary culms"	3
2	"Anthers 2.3–3.2 mm long; lemma awns 0.1–3 mm long; plants of natural habitats in coastal areas"	"Festuca rubra subsp. pruinosa"
2	"Anthers 1.8–2.2(3) mm long; lemma awns 1–3.3 mm long; plants of lawns, road verges, and other disturbed areas"	"Festuca rubra subsp. commutata"
3	"Vegetative shoot blades usually flat or loosely conduplicate; plants strongly rhizomatous; adaxial sclerenchyma strands always present"	"Festuca rubra subsp. fallax"
3	"Vegetative shoot blades usually conduplicate, sometimes flat; plants strongly or weakly rhizomatous; adaxial sclerenchyma strands sometimes present"	4
4	"Plants not or only loosely cespitose, the culms usually single and widely spaced; plants of moist meadows in montane and subalpine regions of the western cordillera, usually above 1000 m"	"Festuca rubra subsp. vallicola"
4	"Plants loosely to densely cespitose, with several culms arising from the same tuft; plants of various habitats and elevations"	5
5	"Inflorescence branches scabrous or pubescent; lemmas usually moderately to densely pilose, sometimes only partially pilose, occasionally glabrous; lemma awns (0.2)0.5–1.6 (2.5) mm long; plants of subalpine, alpine, boreal, and arctic regions, both littoral and inland"	"Festuca rubra subsp. arctica"
5	"Inflorescence branches scabrous; lemmas usually glabrous, the lemmas of littoral plants sometimes hairy; lemma awns (0.1)0.4–5 mm long; plants of various habitats"	6
6	"Plants widely distributed, sometimes coastal"	7
6	"Plants of the Pacific coast, often growing close to the littoral zone"	8
7	"Lower glumes 3–4.5 mm long; inflorescences 7–12 cm long, lanceolate; plants of disturbed habitats throughout temperate and mesic regions"	"Festuca rubra subsp. rubra"
7	"Lower glumes 2.2–3.2(4.5) mm long; inflorescences 3–10 (20) cm long, linear to lanceolate; plants of natural habitats in coastal areas"	"Festuca rubra subsp. pruinosa"
8	"Cauline leaf sheaths tightly enclosing the culms; mature inflorescences usually completely exserted from the sheaths"	9
8	"Cauline leaf sheaths loosely or tightly enclosing the culms; mature inflorescences usually partly included in the uppermost sheaths"	10
9	"Lemmas 4.5–6.5 mm long; sheaths glabrous or pubescent; plants of coastal rocks, cliffs, and sands"	"Festuca rubra subsp. pruinosa"
9	"Lemmas 6–9.5 mm long; sheaths pubescent; plants of maritime sands and gravels"	"Festuca rubra subsp. arenaria"
10	"Lemmas 4.5–6 mm long, acuminate in side view"	"Festuca rubra subsp. mediana"
10	"Lemmas 5.8–9 mm long, attenuate in side view"	11
11	"Inflorescences 10–25 cm long; cauline leaf blades 2–4 mm wide, usually flat or loosely conduplicate, not glaucous; lemmas 6–9 mm long, usually glabrous"	"Festuca rubra subsp. aucta"
11	"Inflorescences 7.5–12 cm long; cauline leaf blades to 2.5 mm wide when flat, usually loosely to tightly conduplicate, sometimes glaucous; lemmas 5.8–6.6 mm long, glabrous or hairy"	"Festuca rubra subsp. secunda"
