from	statement	to
1	"Central awns divaricate to reflexed, about twice as thick at the base as the lateral awns"	"Aristida purpurascens var. virgata"
1	"Central and lateral awns divergent, all about the same thickness at the base"	2
2	"Lower glumes usually longer than the upper glumes; awns straight or only slightly contorted at the base; blades 1-3 mm wide, often curling"	"Aristida purpurascens var. purpurascens"
2	"Lower glumes shorter than or equal to the upper glumes; awns spirally contorted at the base; blades mostly about 1 mm wide, usually not curling"	"Aristida purpurascens var. tenuispica"
