from	statement	to
1	"Culms decumbent, completely immersed or the upper parts of the culm emergent; known only from the San Marcos River in Hays County, Texas"	"Zizania texana"
1	"Culms usually erect at maturity, rarely completely immersed; plants not known from Texas"	2
2	"Plants rhizomatous, perennial; middle branches of the panicles with both staminate and pistillate spikelets, other branches with either staminate or pistillate spikelets; plants cultivated as ornamentals"	"Zizania latifolia"
2	"Plants without rhizomes, annual; all panicle branches unisexual, with either staminate or pistillate spikelets; plants native and widespread, also cultivated for grain"	3
3	"Lemmas of the pistillate spikelets flexible and chartaceous, dull or sublustrous, bearing short, scattered hairs, these not or only slightly more dense towards the apices; aborted pistillate spikelets 0.4–1 mm wide; pistillate inflorescence branches usually divaricate at maturity"	"Zizania aquatica"
3	"Lemmas of the pistillate spikelets stiff and coriaceous or indurate, lustrous, glabrous or with lines of short hairs, the apices more densely hairy; aborted pistillate spikelets 0.6–2.6 mm wide; pistillate inflorescence branches usually appressed at maturity, or with 1 to few, somewhat spreading branches"	"Zizania palustris"
