from	statement	to
1	"Terminal awn segment usually pilose; culms 0.3–1 mm thick, glabrous even on the basal internodes; glumes often purplish"	"Achnatherum occidentale subsp. occidentale"
1	"Terminal awn segment usually scabrous or glabrous, occasionally pilose at the base; culms 0.5–2 mm thick; glumes usually green"	2
2	"First 2 awn segments scabrous or pilose with hairs of mixed lengths; apical lemma hairs longer than the basal awn hairs"	"Achnatherum occidentale subsp. californicum"
2	"First 2 awn segments pilose, the hairs gradually and evenly becoming shorter towards the first geniculation; apical lemma hairs similar in length to the basal awn hairs"	"Achnatherum occidentale subsp. pubescens"
