from	statement	to
1	"Lemmas deeply cleft into 5 mucronate or awn-tipped teeth, the teeth 1/3 as long as to equaling the lemma bodies; spikelets distichously arranged"	Orcuttia
1	"Lemmas entire or denticulate, often with a central mucro; spikelets spirally arranged"	2
2	"Inflorescences clavate, often partially enclosed at maturity; spikelets laterally compressed, with glumes; lemmas rectangular, not translucent between the veins, the apices mucronate, otherwise entire or denticulate; caryopses without a viscid exudate, the embryo visible through the pericarp"	Tuctoria
2	"Inflorescences cylindrical, usually completely exposed at maturity; spikelets dorsally compressed, without glumes; lemmas flabellate, translucent between the veins, the apices ciliolate; caryopses covered with a viscid exudate, the embryos obscured by the pericarp"	"Neostapfia:Neostapfia colusana"
