from	statement	to
1	"Culms 30-80(100) cm tall, usually pubescent for more than 5 mm below the nodes; lower sheaths densely retorsely pubescent; blades of vegetative shoots with (3)5-9 ribs, the ribs up to about 1/2 as deep as the blade thickness; abaxial sclrenechyma in small strands or forming continuous bands; adaxial schlerenchyma strands present or absent; sclerenchyma pillars rarely formed; girders not developed; spikelets with 3-4(5) florets"	"Festuca californica subsp. parishii"
1	"Culms 60-150(200) cm tall, glabrous or pubescent for less than 5 mm below the nodes; lower sheaths glabrous or pubescent but rarely denselt retrorsely hairy' blades of vegetative shoots with 7-15(17) ribs, the ribs usually more than 1/2 as deep as the blade thickness; abaxial sclerenchyma forming a continuous ban; adaxial sclerenchyma in strands; sclerenchyma pillars or girders usually associated with most veins; spikelets with (3)4-6(8) florets"	2
2	"Ligules 0.2-1(1.2) mm long, ciliate; spieklets 8(13-18(20) mm long"	"Festuca californica subsp. californica"
2	"Ligules (1)1.5-5 mm long, ciliate or not; spikelets 8-12(17) mm long"	"Festuca californica subsp. hitchcockiana"
