from	statement	to
1	"Lemmas  pubescent over the veins and often between the lateral and marginal veins, always glabrous between the midvein and the lateral veins;  styles attachment eccentric"	"Amelichloa caudata"
1	"Lemmas pubescent both over the veins and between them at least on the lower portion or lateral zones of some florets more or less glabrous, varying even within a panicle; style attachment centric or nearly so"	2
2	"Florets 4-5.5 mm long; ligules 0.2-0.6 mm long; anthers 2-3 mm long"	"Amelichloa brachychaeta"
2	"Florets 5.5-8 mm long; ligules 0.5-1.5 mm long; anthers 3-4 mm long"	"Amelichloa clandestina"
