from	statement	to	shortcut
1	"Culms 200-700 cm tall; inflorescences plumose, 30-130 cm long"	Cortaderia	
1	"Culms 2-100 cm tall; inflorescences not plumose, 0.5-12 cm long"	2	
2	"Lemmas with hairs in 1 or more transverse row(s) above the callus and/or at midlength"	3	
2	"Lemmas glabrous or, if with hairs, the hairs not in transverse rows"	4	
3	"Panicles subcapitate; glumes 3.5-7 mm long"	Karroochloa	"Karroochloa purpurea"
3	"Panicles narrow; glumes 8-15 mm long"	Rytidosperma	
4	"Plants annual"	Schismus	
4	"Plants perennial"	5	
5	"Lemma apices entire, acute to acuminate"	Tribolium	"Tribolium obliterum"
5	"Lemma apices bifid, obtuse, acute, or acuminate"	Danthonia	
