id	created_at	updated_at	title	author	description	item	spatial	remarks	source_id	created_by	updated_by	key_file
6989	"2017-09-04 18:41:18"	"2022-05-19 14:53:24"	"Key to tribes"	"Barkworth, M.E."	"Modified from Barkworth (2007) by recognition of Arundinarieae. "	Poaceae	"North America north of Mexico"		3360	mary.barkworth@usu.edu	niels.klazenga@rbg.vic.gov.au	key-6989-key-to-tribes.tsv
7019	"2017-09-09 23:26:31"	"2019-06-26 08:39:50"	"Stipeae (revised)"	"Mary E. Barkworth"	"Key to the genera of Stipeae that have been found in North America. It includes both wild and cultivated species."	Stipeae	"North America north of Mexico"	"Modified since publication of the Flora of North America to include Pappostipa"		mary.barkworth@usu.edu	niels.klazenga@rbg.vic.gov.au	key-7019-stipeae-revised.tsv
8143	"2017-10-13 23:39:09"	"2018-10-27 02:18:48"	Poeae	"Barkworth, M.E."	"This key reflects the generic treatment in FNA 24"	Poeae	"North America north of Mexico"	"©Utah State University; reproduced with permission."	3395	mary.barkworth@usu.edu	niels.klazenga@rbg.vic.gov.au	key-8143-poeae.tsv
8146	"2017-10-19 08:15:28"	"2017-10-19 08:17:30"	"Milium "	"Crins, W.J."		Milium	"North America north of Mexico"	"©Utah State University. Reproduced by permission. "	3398	mary.barkworth@usu.edu	mary.barkworth@usu.edu	key-8146-milium.tsv
8147	"2017-10-19 08:37:59"	"2017-10-19 08:38:05"	Avena	"Barkworth, M.E., K.M. Capels, S. Long, L.K. Anderton, and M.B. Piep. (Eds.)."		Avena	"North America north of Mexico"	"
©Utah State University. Reproduced by permission. "	3399	mary.barkworth@usu.edu	niels.klazenga@rbg.vic.gov.au	key-8147-avena.tsv
8158	"2017-10-26 05:56:12"	"2017-10-26 05:56:18"	Sporobolus	"Paul M. Peterson, S.L. Hatch, and A.S. weakley"		Sporobolus	"North America north of Mexico"	"©Utah State University. Reproduced by permission. "	3406	mary.barkworth@usu.edu	niels.klazenga@rbg.vic.gov.au	key-8158-sporobolus.tsv
8159	"2017-10-28 03:48:55"	"2018-10-01 04:00:10"	Cynodon	"Mary E. Barkworth"		Cynodon	"North America north of Mexico"	"©Utah State University. Reproduced with permission. "		garrett.billings33@gmail.com	niels.klazenga@rbg.vic.gov.au	key-8159-cynodon.tsv
8160	"2017-10-28 03:58:09"	"2017-10-28 03:58:15"	Danthonia	"Stephen J. Darbyshire"		Danthonia	"North America north of Mexico"	"©Utah State University. Reproduced with permission."		garrett.billings33@gmail.com	niels.klazenga@rbg.vic.gov.au	key-8160-danthonia.tsv
8161	"2017-10-28 04:09:25"	"2017-10-28 04:09:31"	Phalaris	"Mary E. Barkworth"		Phalaris	"North America north of Mexico"	"©Utah State University. Reproduced with permission."		garrett.billings33@gmail.com	niels.klazenga@rbg.vic.gov.au	key-8161-phalaris.tsv
8162	"2017-10-28 04:17:00"	"2019-06-26 08:40:51"	"Vulpia species"	"Robert I. Lonard"		Vulpia	"North America north of Mexico"	"©Utah State University. Reproduced with permission."		garrett.billings33@gmail.com	mary.barkworth@usu.edu	key-8162-vulpia-species.tsv
8165	"2017-11-02 05:18:27"	"2017-11-02 05:18:32"	Deschampsia	"Mary E. Barkworth"		Deschampsia	"North America north of Mexico"	"©Utah State University. Reproduced with permission."		garrett.billings33@gmail.com	niels.klazenga@rbg.vic.gov.au	key-8165-deschampsia.tsv
8168	"2017-11-03 02:28:02"	"2017-11-03 02:28:06"	Phleum	"Mary E. Barkworth"		Phleum	"North America north of Mexico"	"©Utah State University. Reproduced with permission."		garrett.billings33@gmail.com	niels.klazenga@rbg.vic.gov.au	key-8168-phleum.tsv
8173	"2017-11-08 03:05:56"	"2017-11-08 03:06:01"	Cynosurus	"Sandy Long"		Cynosurus	"North America north of Mexico"	"©Utah State University. Reproduced with permission."		garrett.billings33@gmail.com	niels.klazenga@rbg.vic.gov.au	key-8173-cynosurus.tsv
8174	"2017-11-08 03:30:21"	"2017-11-08 03:30:26"	Parapholis	"Thomas Worley"		Parapholis	"North America north of Mexico"	"©Utah State University. Reproduced with permission."		garrett.billings33@gmail.com	niels.klazenga@rbg.vic.gov.au	key-8174-parapholis.tsv
8175	"2017-11-08 03:34:21"	"2017-11-08 03:34:25"	Helictotrichon	"Gordon C. Tucker"		Helictotrichon	"North America north of Mexico"	"©Utah State University. Reproduced with permission."		garrett.billings33@gmail.com	niels.klazenga@rbg.vic.gov.au	key-8175-helictotrichon.tsv
8176	"2017-11-08 03:38:01"	"2017-11-08 03:38:06"	Avenula	"Gordon C. Tucker"		Avenula	"North America north of Mexico"	"©Utah State University. Reproduced with permission."		garrett.billings33@gmail.com	niels.klazenga@rbg.vic.gov.au	key-8176-avenula.tsv
8177	"2017-11-08 03:43:52"	"2017-11-08 03:43:57"	Lolium	"Edward E. Terrell"		Lolium	"North America north of Mexico"	"©Utah State University. Reproduced with permission."		garrett.billings33@gmail.com	niels.klazenga@rbg.vic.gov.au	key-8177-lolium.tsv
8178	"2017-11-08 03:48:09"	"2017-11-08 03:48:13"	Desmazeria	"Gordon C. Tucker"		Desmazeria	"North America north of Mexico"	"©Utah State University. Reproduced with permission."		garrett.billings33@gmail.com	niels.klazenga@rbg.vic.gov.au	key-8178-desmazeria.tsv
8179	"2017-11-08 04:01:46"	"2018-06-22 22:18:53"	Alopecurus	"William J. Crins"		Alopecurus	"North America north of Mexico"	"©Utah State University. Reproduced with permission."		garrett.billings33@gmail.com	mary.barkworth@usu.edu	key-8179-alopecurus.tsv
8180	"2017-11-08 04:06:28"	"2017-11-08 04:06:32"	Aira	"J.K. Wipff"		Aira	"North America north of Mexico"	"©Utah State University. Reproduced with permission."		garrett.billings33@gmail.com	niels.klazenga@rbg.vic.gov.au	key-8180-aira.tsv
8181	"2017-11-08 04:24:58"	"2017-11-08 04:25:02"	Anthoxanthum	"Kelly W. Allred and Mary E. Barkworth"		Anthoxanthum	"North America north of Mexico"	"©Utah State University. Reproduced with permission."		garrett.billings33@gmail.com	niels.klazenga@rbg.vic.gov.au	key-8181-anthoxanthum.tsv
8182	"2017-11-08 04:30:54"	"2017-11-08 04:30:58"	Phippsia	"Laurie L. Consaul and Susan G. Aiken"		Phippsia	"North America north of Mexico"	"©Utah State University. Reproduced with permission."		garrett.billings33@gmail.com	niels.klazenga@rbg.vic.gov.au	key-8182-phippsia.tsv
8183	"2017-11-08 04:34:17"	"2017-11-08 04:34:21"	Apera	"Kelly W. Allred"		Apera	"North America north of Mexico"	"©Utah State University. Reproduced with permission."		garrett.billings33@gmail.com	niels.klazenga@rbg.vic.gov.au	key-8183-apera.tsv
8184	"2017-11-08 05:31:56"	"2017-11-08 05:32:00"	Holcus	"Lisa A. Standley"		Holcus	"North America north of Mexico"	"©Utah State University. Reproduced with permission."		garrett.billings33@gmail.com	niels.klazenga@rbg.vic.gov.au	key-8184-holcus.tsv
8185	"2017-11-08 05:35:04"	"2017-11-08 05:35:08"	Cinna	"David M. Brandenburg"		Cinna	"North America north of Mexico"	"©Utah State University. Reproduced with permission."		garrett.billings33@gmail.com	niels.klazenga@rbg.vic.gov.au	key-8185-cinna.tsv
8186	"2017-11-08 08:09:01"	"2017-11-08 08:09:06"	Festuca	"Stephen J. Darbyshire and Leon E. Pavlick"		Festuca	"North America north of Mexico"	"©Utah State University. Reproduced with permission."		garrett.billings33@gmail.com	niels.klazenga@rbg.vic.gov.au	key-8186-festuca.tsv
8187	"2017-11-08 08:17:48"	"2017-11-08 08:17:53"	Agrostis	"M.J. Harvey"		Agrostis	"North America north of Mexico"	"©Utah State University. Reproduced with permission."		garrett.billings33@gmail.com	niels.klazenga@rbg.vic.gov.au	key-8187-agrostis.tsv
8188	"2017-11-08 08:23:33"	"2017-11-08 08:23:37"	Polypogon	"Mary E. Barkworth"		Polypogon	"North America north of Mexico"	"©Utah State University. Reproduced with permission."		garrett.billings33@gmail.com	niels.klazenga@rbg.vic.gov.au	key-8188-polypogon.tsv
8189	"2017-11-08 08:35:52"	"2021-07-09 12:24:20"	Puccinellia	"Jerrold I. Davis and Laurie L. Consaul"	"Amended by M.E. Barkworth in 2021 to include Puccinellia banksiensis based on information in Novon 18: 16-20"	Puccinellia	"North America north of Mexico"	"©Utah State University. Reproduced with permission."		garrett.billings33@gmail.com	niels.klazenga@rbg.vic.gov.au	key-8189-puccinellia.tsv
8190	"2017-11-08 08:43:24"	"2017-11-08 08:43:28"	Schedonorus	"Stephen J. Darbyshire"		Schedonorus	"North America north of Mexico"	"©Utah State University. Reproduced with permission."		garrett.billings33@gmail.com	niels.klazenga@rbg.vic.gov.au	key-8190-schedonorus.tsv
8191	"2017-11-08 08:53:28"	"2017-11-08 08:53:33"	Koeleria	"Lisa A. Standley"		Koeleria	"North America north of Mexico"	"©Utah State University. Reproduced with permission."		garrett.billings33@gmail.com	niels.klazenga@rbg.vic.gov.au	key-8191-koeleria.tsv
8192	"2017-11-08 08:59:30"	"2019-06-26 13:35:40"	"Sphenopholis species"	"Thomas F. Daniel"		Sphenopholis	"North America north of Mexico"	"©Utah State University. Reproduced with permission."		garrett.billings33@gmail.com	mary.barkworth@usu.edu	key-8192-sphenopholis-species.tsv
8193	"2017-11-08 09:03:25"	"2019-06-26 13:32:03"	"Torreyochloa species"	"Jerrold I. Davis"		Torreyochloa	"North America north of Mexico"	"©Utah State University. Reproduced with permission."		garrett.billings33@gmail.com	mary.barkworth@usu.edu	key-8193-torreyochloa-species.tsv
8194	"2017-11-08 09:08:17"	"2017-11-08 09:08:21"	Briza	"Neil Snow"		Briza	"North America north of Mexico"	"©Utah State University. Reproduced with permission."		garrett.billings33@gmail.com	niels.klazenga@rbg.vic.gov.au	key-8194-briza.tsv
8197	"2017-11-08 10:25:06"	"2017-11-08 10:25:10"	Podagrostis	"M.J. Harvey and Mary E. Barkworth"		Podagrostis	"North America north of Mexico"	"©Utah State University. Reproduced with permission."		garrett.billings33@gmail.com	niels.klazenga@rbg.vic.gov.au	key-8197-podagrostis.tsv
8214	"2017-11-17 07:06:45"	"2018-10-27 03:39:17"	Poa	"Soreng, R.J. "		Poa	"North America north of Mexico"			mary.barkworth@usu.edu	niels.klazenga@rbg.vic.gov.au	key-8214-poa.tsv
8215	"2017-11-21 05:16:51"	"2017-11-21 05:16:55"	Achnatherum	"Mary E. Barkworth"		Achnatherum	"North America north of Mexico"	"©Utah State University. Reproduced with permission."		garrett.billings33@gmail.com	niels.klazenga@rbg.vic.gov.au	key-8215-achnatherum.tsv
8216	"2017-11-21 05:24:56"	"2019-06-26 08:25:59"	"Piptochaetium species"	"Mary E. Barkworth"		Piptochaetium	"North America north of Mexico"	"©Utah State University. Reproduced with permission."		garrett.billings33@gmail.com	mary.barkworth@usu.edu	key-8216-piptochaetium-species.tsv
8217	"2017-11-21 05:43:49"	"2017-11-21 05:43:53"	Austrostipa	"Mary E. Barkworth"		Austrostipa	"North America north of Mexico"	"©Utah State University. Reproduced with permission."		garrett.billings33@gmail.com	niels.klazenga@rbg.vic.gov.au	key-8217-austrostipa.tsv
8219	"2017-11-21 05:54:18"	"2017-11-21 05:54:21"	Nassella	"Mary E. Barkworth"		Nassella	"North America north of Mexico"	"©Utah State University. Reproduced with permission."		garrett.billings33@gmail.com	niels.klazenga@rbg.vic.gov.au	key-8219-nassella.tsv
8220	"2017-11-21 05:57:14"	"2017-11-21 05:57:17"	Jarava	"Mary E. Barkworth"		Jarava	"North America north of Mexico"	"©Utah State University. Reproduced with permission."		garrett.billings33@gmail.com	niels.klazenga@rbg.vic.gov.au	key-8220-jarava.tsv
8221	"2017-11-21 06:24:48"	"2017-11-21 06:24:51"	Hesperostipa	"Mary E. Barkworth"		Hesperostipa	"North America north of Mexico"	"©Utah State University. Reproduced with permission."		garrett.billings33@gmail.com	niels.klazenga@rbg.vic.gov.au	key-8221-hesperostipa.tsv
8222	"2017-11-21 06:29:31"	"2019-06-26 08:28:02"	Stipa	"Mary E. Barkworth"		Stipa	"North America north of Mexico"	"©Utah State University. Reproduced with permission."		garrett.billings33@gmail.com	niels.klazenga@rbg.vic.gov.au	key-8222-stipa.tsv
8224	"2017-11-21 06:36:34"	"2017-11-21 06:36:38"	Ptilagrostis	"Mary E. Barkworth"		Ptilagrostis	"North America north of Mexico"	"©Utah State University. Reproduced with permission."		garrett.billings33@gmail.com	niels.klazenga@rbg.vic.gov.au	key-8224-ptilagrostis.tsv
8225	"2017-11-21 06:42:47"	"2017-11-21 06:42:51"	Hordeum	"Roland von Bothmer, Claus Baden and Niels H. Jacobsen"		Hordeum	"North America north of Mexico"	"©Utah State University. Reproduced with permission."		garrett.billings33@gmail.com	niels.klazenga@rbg.vic.gov.au	key-8225-hordeum.tsv
8226	"2017-11-21 07:13:35"	"2020-07-23 00:43:58"	Triticeae	"Mary E. Barkworth"	"18 July 2020. Modified from key in FNA 24 by recognition of Campeiostachys and Roegneria and correction of an error in the path to Secale. I think Julian Campbell for letting me know of the error. "	Triticeae	"North America north of Mexico"			garrett.billings33@gmail.com	niels.klazenga@rbg.vic.gov.au	key-8226-triticeae.tsv
8227	"2017-11-21 07:16:03"	"2017-11-21 07:16:06"	Secale	"Mary E. Barkworth"		Secale	"North America north of Mexico"	"©Utah State University. Reproduced with permission."		garrett.billings33@gmail.com	niels.klazenga@rbg.vic.gov.au	key-8227-secale.tsv
8228	"2017-11-21 08:18:00"	"2018-07-30 05:15:43"	Elymus	"Mary E. Barkworth, Julian J.N. Campbell and Bjorn Salomo"		Elymus	"North America north of Mexico"	"©Utah State University. Reproduced with permission."		garrett.billings33@gmail.com	mary.barkworth@usu.edu	key-8228-elymus.tsv
8229	"2017-11-22 03:42:03"	"2018-10-27 03:25:31"	Leymus	"Mary E. Barkworth"		Leymus	"North America north of Mexico"	"©Utah State University. Reproduced with permission."		garrett.billings33@gmail.com	niels.klazenga@rbg.vic.gov.au	key-8229-leymus.tsv
8230	"2017-11-22 03:49:28"	"2017-11-22 03:49:32"	Eremopyrum	"Signe Frederiksen"		Eremopyrum	"North America north of Mexico"	"©Utah State University. Reproduced with permission."		garrett.billings33@gmail.com	niels.klazenga@rbg.vic.gov.au	key-8230-eremopyrum.tsv
8231	"2017-11-22 03:51:36"	"2017-11-22 03:51:40"	Agropyron	"Mary E. Barkworth"		Agropyron	"North America north of Mexico"	"©Utah State University. Reproduced with permission."		garrett.billings33@gmail.com	niels.klazenga@rbg.vic.gov.au	key-8231-agropyron.tsv
8232	"2017-11-22 03:56:30"	"2017-11-22 03:56:33"	Aegilops	"Sandra M. Saufferer"		Aegilops	"North America north of Mexico"	"©Utah State University. Reproduced with permission."		garrett.billings33@gmail.com	niels.klazenga@rbg.vic.gov.au	key-8232-aegilops.tsv
8233	"2017-11-22 04:06:08"	"2017-11-22 04:06:12"	Triticum	"Laura A. Morrison"		Triticum	"North America north of Mexico"	"©Utah State University. Reproduced with permission."		garrett.billings33@gmail.com	niels.klazenga@rbg.vic.gov.au	key-8233-triticum.tsv
8234	"2017-11-22 04:09:07"	"2017-11-22 04:09:11"	Thinopyrum	"Mary E. Barkworth"		Thinopyrum	"North America north of Mexico"	"©Utah State University. Reproduced with permission."		garrett.billings33@gmail.com	niels.klazenga@rbg.vic.gov.au	key-8234-thinopyrum.tsv
8235	"2017-11-22 04:13:56"	"2018-08-07 11:35:20"	Meliceae	"Mary E. Barkworth"		Meliceae	"North America north of Mexico"	"©Utah State University. Reproduced with permission."		garrett.billings33@gmail.com	mary.barkworth@usu.edu	key-8235-meliceae.tsv
8236	"2017-11-22 05:09:36"	"2017-11-22 05:09:40"	Bromus	"Leon E. Pavlick and Laurel K. Anderton"		Bromus	"North America north of Mexico"	"©Utah State University. Reproduced with permission."		garrett.billings33@gmail.com	niels.klazenga@rbg.vic.gov.au	key-8236-bromus.tsv
8237	"2017-11-22 05:35:50"	"2018-10-27 02:44:05"	Melica	"Mary E. Barkworth"		Melica	"North America north of Mexico"	"©Utah State University. Reproduced with permission."		garrett.billings33@gmail.com	niels.klazenga@rbg.vic.gov.au	key-8237-melica.tsv
8238	"2017-11-22 05:42:24"	"2018-10-27 03:42:49"	Glyceria	"Mary E. Barkworth and Laurel K. Anderton"		Glyceria	"North America north of Mexico"	"©Utah State University. Reproduced with permission."		garrett.billings33@gmail.com	niels.klazenga@rbg.vic.gov.au	key-8238-glyceria.tsv
8239	"2017-11-22 05:50:19"	"2017-11-22 05:50:23"	Pleuropogon	"Paul P.H But"		Pleuropogon	"North America north of Mexico"	"©Utah State University. Reproduced with permission."		garrett.billings33@gmail.com	niels.klazenga@rbg.vic.gov.au	key-8239-pleuropogon.tsv
8241	"2017-11-23 06:17:01"	"2018-10-25 06:31:01"	Paniceae	"Mary E. Barkworth"		Paniceae	"North America north of Mexico"	"©Utah State University. Reproduced with permission."		garrett.billings33@gmail.com	niels.klazenga@rbg.vic.gov.au	key-8241-paniceae.tsv
8242	"2017-11-23 06:20:07"	"2017-11-23 06:20:07"	Amphicarpum	"J.K. Wipff"		Amphicarpum	"North America north of Mexico"	"©Utah State University. Reproduced with permission."		garrett.billings33@gmail.com	niels.klazenga@rbg.vic.gov.au	key-8242-amphicarpum.tsv
8243	"2017-11-23 06:23:11"	"2017-11-23 06:23:11"	Anthenantia	"Mary E. Barkworth"		Anthenantia	"North America north of Mexico"	"©Utah State University. Reproduced with permission."		garrett.billings33@gmail.com	niels.klazenga@rbg.vic.gov.au	key-8243-anthenantia.tsv
8244	"2017-11-23 06:26:27"	"2017-11-23 06:26:27"	Axonopus	"Mary E. Barkworth"		Axonopus	"North America north of Mexico"	"©Utah State University. Reproduced with permission."		garrett.billings33@gmail.com	niels.klazenga@rbg.vic.gov.au	key-8244-axonopus.tsv
8245	"2017-11-23 06:33:44"	"2017-11-23 06:33:44"	Cenchrus	"Michael T. Stieber and J.K. Wipff"		Cenchrus	"North America north of Mexico"	"©Utah State University. Reproduced with permission."		garrett.billings33@gmail.com	niels.klazenga@rbg.vic.gov.au	key-8245-cenchrus.tsv
8246	"2017-11-23 06:47:02"	"2017-11-23 06:47:03"	Dichanthelium	"Robert W. Freckmann and Michel G. Lelong"		Dichanthelium	"North America north of Mexico"	"©Utah State University. Reproduced with permission."		garrett.billings33@gmail.com	niels.klazenga@rbg.vic.gov.au	key-8246-dichanthelium.tsv
8247	"2017-11-23 07:01:13"	"2017-11-23 07:01:13"	Digitaria	"J.K. Wipff"		Digitaria	"North America north of Mexico"	"©Utah State University. Reproduced with permission."		garrett.billings33@gmail.com	niels.klazenga@rbg.vic.gov.au	key-8247-digitaria.tsv
8248	"2017-11-23 07:08:51"	"2018-10-26 04:08:02"	Echinochloa	"P.W Michael"		Echinochloa	"North America north of Mexico"	"©Utah State University. Reproduced with permission."		garrett.billings33@gmail.com	mary.barkworth@usu.edu	key-8248-echinochloa.tsv
8249	"2017-11-23 08:33:06"	"2017-11-23 08:33:06"	Eriochloa	"Robert B. Shaw Robert, D. Webster and Christine M. Bern"		Eriochloa	"North America north of Mexico"	"©Utah State University. Reproduced with permission."		garrett.billings33@gmail.com	niels.klazenga@rbg.vic.gov.au	key-8249-eriochloa.tsv
8250	"2017-11-23 08:37:33"	"2017-11-23 08:37:33"	Melinis	"J.K. Wipff"		Melinis	"North America north of Mexico"	"©Utah State University. Reproduced with permission."		garrett.billings33@gmail.com	niels.klazenga@rbg.vic.gov.au	key-8250-melinis.tsv
8251	"2017-11-23 08:41:27"	"2017-11-23 08:41:27"	Oplismenus	"J.K. Wipff"		Oplismenus	"North America north of Mexico"	"©Utah State University. Reproduced with permission."		garrett.billings33@gmail.com	niels.klazenga@rbg.vic.gov.au	key-8251-oplismenus.tsv
8252	"2017-11-23 09:12:07"	"2020-05-16 22:17:55"	"Panicum including segegate genera"	"Robert W. Freckmann and Michel G. Lelong"		Panicum	"North America north of Mexico"	"©Utah State University. Reproduced with permission."		garrett.billings33@gmail.com	niels.klazenga@rbg.vic.gov.au	key-8252-panicum-including-segegate-genera.tsv
8253	"2017-11-23 09:34:47"	"2017-11-23 09:34:47"	Paspalum	"Charles M. Allen and David W. Hall"		Paspalum	"North America north of Mexico"	"©Utah State University. Reproduced with permission."		garrett.billings33@gmail.com	niels.klazenga@rbg.vic.gov.au	key-8253-paspalum.tsv
8254	"2017-11-23 11:53:29"	"2017-11-23 11:53:30"	Pennisetum	"J.K. Wipff"		Pennisetum	"North America north of Mexico"	"©Utah State University. Reproduced with permission."		garrett.billings33@gmail.com	niels.klazenga@rbg.vic.gov.au	key-8254-pennisetum.tsv
8255	"2017-11-23 11:57:05"	"2017-11-23 11:57:05"	Sacciolepis	"J.K. Wipff"		Sacciolepis	"North America north of Mexico"	"©Utah State University. Reproduced with permission."		garrett.billings33@gmail.com	niels.klazenga@rbg.vic.gov.au	key-8255-sacciolepis.tsv
8256	"2017-11-23 12:09:04"	"2017-11-23 12:09:04"	Setaria	"James M. Rominger"		Setaria	"North America north of Mexico"	"©Utah State University. Reproduced with permission."		garrett.billings33@gmail.com	niels.klazenga@rbg.vic.gov.au	key-8256-setaria.tsv
8257	"2017-11-23 12:19:47"	"2017-11-23 12:19:47"	Urochloa	"J.K. Wipff and Rahmona A. Thompson"		Urochloa	"North America north of Mexico"	"©Utah State University. Reproduced with permission."		garrett.billings33@gmail.com	niels.klazenga@rbg.vic.gov.au	key-8257-urochloa.tsv
8258	"2017-11-23 12:25:12"	"2018-10-10 08:49:55"	Pappophoreae	"John R. Reeder"		Pappophoreae	"North America north of Mexico"	"©Utah State University. Reproduced with permission."		garrett.billings33@gmail.com	niels.klazenga@rbg.vic.gov.au	key-8258-pappophoreae.tsv
8259	"2017-11-23 12:37:18"	"2018-10-10 09:09:22"	Danthonieae	"Mary E. Barkworth"		Danthonieae	"North America north of Mexico"	"©Utah State University. Reproduced with permission."		garrett.billings33@gmail.com	niels.klazenga@rbg.vic.gov.au	key-8259-danthonieae.tsv
8264	"2017-11-28 06:22:09"	"2017-11-28 06:22:09"	Blepharidachne	"Jesús Valdés-Reyna"		Blepharidachne	"North America north of Mexico"	"©Utah State University. Reproduced with permission."		garrett.billings33@gmail.com	niels.klazenga@rbg.vic.gov.au	key-8264-blepharidachne.tsv
8265	"2017-11-28 13:12:49"	"2017-11-28 13:12:49"	Distichlis	"Mary E. Barkworth and Hester L. Bell"		Distichlis	"North America north of Mexico"	"©Utah State University. Reproduced with permission."		garrett.billings33@gmail.com	niels.klazenga@rbg.vic.gov.au	key-8265-distichlis.tsv
8266	"2017-11-28 15:13:18"	"2017-11-28 15:13:18"	Eragrostis	"Paul M. Peterson"		Eragrostis	"North America north of Mexico"	"©Utah State University. Reproduced with permission."		garrett.billings33@gmail.com	niels.klazenga@rbg.vic.gov.au	key-8266-eragrostis.tsv
8267	"2017-11-28 15:21:36"	"2017-11-28 15:21:36"	Leptochloa	"Neil Snow"		Leptochloa	"North America north of Mexico"	"©Utah State University. Reproduced with permission."		garrett.billings33@gmail.com	niels.klazenga@rbg.vic.gov.au	key-8267-leptochloa.tsv
8268	"2017-11-28 15:24:47"	"2017-11-28 15:24:47"	Crypsis	"Barry E. Hammel and John R. Reeder"		Crypsis	"North America north of Mexico"	"©Utah State University. Reproduced with permission."		garrett.billings33@gmail.com	niels.klazenga@rbg.vic.gov.au	key-8268-crypsis.tsv
8269	"2017-11-28 15:26:45"	"2017-11-28 15:26:45"	Lycurus	"Charlotte G. Reeder"		Lycurus	"North America north of Mexico"	"©Utah State University. Reproduced with permission."		garrett.billings33@gmail.com	niels.klazenga@rbg.vic.gov.au	key-8269-lycurus.tsv
8270	"2017-11-28 15:29:50"	"2017-11-28 15:29:50"	Tragus	"J.K. Wipff"		Tragus	"North America north of Mexico"	"©Utah State University. Reproduced with permission."		garrett.billings33@gmail.com	niels.klazenga@rbg.vic.gov.au	key-8270-tragus.tsv
8271	"2017-11-28 15:40:12"	"2018-12-06 03:24:07"	Bouteloua	"J.K. Wipff"		Bouteloua	"North America north of Mexico"	"©Utah State University. Reproduced with permission."		garrett.billings33@gmail.com	niels.klazenga@rbg.vic.gov.au	key-8271-bouteloua.tsv
8272	"2017-11-28 15:43:42"	"2017-11-28 15:43:42"	Hilaria	"Mary E. Barkworth"		Hilaria	"North America north of Mexico"	"©Utah State University. Reproduced with permission."		garrett.billings33@gmail.com	niels.klazenga@rbg.vic.gov.au	key-8272-hilaria.tsv
8273	"2017-11-28 15:50:23"	"2017-11-28 15:50:23"	Spartina	"Mary E. Barkworth"		Spartina	"North America north of Mexico"	"©Utah State University. Reproduced with permission."		garrett.billings33@gmail.com	niels.klazenga@rbg.vic.gov.au	key-8273-spartina.tsv
8274	"2017-11-28 15:53:13"	"2017-11-28 15:53:13"	Zoysia	"Sharon J. Anderson"		Zoysia	"North America north of Mexico"	"©Utah State University. Reproduced with permission."		garrett.billings33@gmail.com	niels.klazenga@rbg.vic.gov.au	key-8274-zoysia.tsv
8275	"2017-11-28 15:56:19"	"2017-11-28 15:56:19"	Triplasis	"Stephan L. Hatch"		Triplasis	"North America north of Mexico"	"©Utah State University. Reproduced with permission."		garrett.billings33@gmail.com	niels.klazenga@rbg.vic.gov.au	key-8275-triplasis.tsv
8282	"2017-11-29 03:13:45"	"2017-11-29 03:13:46"	Muhlenbergia	"Paul M. Peterson"		Muhlenbergia	"North America north of Mexico"	"©Utah State University. Reproduced with permission."		garrett.billings33@gmail.com	niels.klazenga@rbg.vic.gov.au	key-8282-muhlenbergia.tsv
8283	"2017-11-29 03:16:47"	"2017-11-29 03:16:47"	Gymnopogon	"James P. Smith, Jr."		Gymnopogon	"North America north of Mexico"	"©Utah State University. Reproduced with permission."		garrett.billings33@gmail.com	niels.klazenga@rbg.vic.gov.au	key-8283-gymnopogon.tsv
8284	"2017-11-29 03:20:18"	"2017-11-29 03:20:18"	Enteropogon	"Mary E. Barkworth"		Enteropogon	"North America north of Mexico"	"©Utah State University. Reproduced with permission."		garrett.billings33@gmail.com	niels.klazenga@rbg.vic.gov.au	key-8284-enteropogon.tsv
8285	"2017-11-29 03:23:14"	"2017-11-29 03:23:15"	Dactyloctenium	"Stephan L. Hatch"		Dactyloctenium	"North America north of Mexico"	"©Utah State University. Reproduced with permission."		garrett.billings33@gmail.com	niels.klazenga@rbg.vic.gov.au	key-8285-dactyloctenium.tsv
8286	"2017-11-29 03:27:32"	"2017-11-29 03:27:32"	Calamovilfa	"John W. Thieret"		Calamovilfa	"North America north of Mexico"	"©Utah State University. Reproduced with permission."		garrett.billings33@gmail.com	niels.klazenga@rbg.vic.gov.au	key-8286-calamovilfa.tsv
8287	"2017-11-29 03:29:45"	"2017-11-29 03:29:45"	Cathestecum	"Mary E. Barkworth"		Cathestecum	"North America north of Mexico"	"©Utah State University. Reproduced with permission."		garrett.billings33@gmail.com	niels.klazenga@rbg.vic.gov.au	key-8287-cathestecum.tsv
8288	"2017-11-29 03:50:53"	"2017-11-29 03:50:53"	Chloris	"Mary E. Barkworth"		Chloris	"North America north of Mexico"	"©Utah State University. Reproduced with permission."		garrett.billings33@gmail.com	niels.klazenga@rbg.vic.gov.au	key-8288-chloris.tsv
8289	"2017-11-29 04:03:14"	"2017-11-29 04:03:14"	Schismus	"Elizabeth A. Kellogg"		Schismus	"North America north of Mexico"	"©Utah State University. Reproduced with permission."		garrett.billings33@gmail.com	niels.klazenga@rbg.vic.gov.au	key-8289-schismus.tsv
8290	"2017-11-29 04:13:59"	"2017-11-29 04:13:59"	Rytidosperma	"Stephen J. Darbyshire and Henry E. Conner"		Rytidosperma	"North America north of Mexico"	"©Utah State University. Reproduced with permission."		garrett.billings33@gmail.com	niels.klazenga@rbg.vic.gov.au	key-8290-rytidosperma.tsv
8291	"2017-11-29 04:17:18"	"2017-11-29 04:17:18"	Cortaderia	"Kelly W. Allred"		Cortaderia	"North America north of Mexico"	"©Utah State University. Reproduced with permission."		garrett.billings33@gmail.com	niels.klazenga@rbg.vic.gov.au	key-8291-cortaderia.tsv
8292	"2017-11-29 04:20:35"	"2017-11-29 04:20:35"	Enneapogon	"John R. Reeder"		Enneapogon	"North America north of Mexico"	"©Utah State University. Reproduced with permission."		garrett.billings33@gmail.com	niels.klazenga@rbg.vic.gov.au	key-8292-enneapogon.tsv
8293	"2017-11-29 04:22:18"	"2017-11-29 04:22:18"	Pappophorum	"John R. Reeder"		Pappophorum	"North America north of Mexico"	"©Utah State University. Reproduced with permission."		garrett.billings33@gmail.com	niels.klazenga@rbg.vic.gov.au	key-8293-pappophorum.tsv
8294	"2017-11-29 04:37:45"	"2018-09-29 07:13:20"	Andropogoneae	"Mary E. Barkworth"		Andropogoneae	"North America north of Mexico"	"©Utah State University. Reproduced with permission."		garrett.billings33@gmail.com	niels.klazenga@rbg.vic.gov.au	key-8294-andropogoneae.tsv
8295	"2017-11-29 04:44:52"	"2018-09-29 06:35:11"	Arundineae	"Kelly W. Allred"		Arundineae	"North America north of Mexico"	"©Utah State University. Reproduced with permission."		garrett.billings33@gmail.com	niels.klazenga@rbg.vic.gov.au	key-8295-arundineae.tsv
8296	"2017-11-29 04:47:35"	"2017-11-29 04:47:35"	Phragmites	"Kelly W. Allred"		Phragmites	"North America north of Mexico"	"©Utah State University. Reproduced with permission."		garrett.billings33@gmail.com	niels.klazenga@rbg.vic.gov.au	key-8296-phragmites.tsv
8297	"2017-11-29 12:12:07"	"2017-11-29 12:12:07"	Andropogon	"Christopher S. Campbell"		Andropogon	"North America north of Mexico"	"©Utah State University. Reproduced with permission."		garrett.billings33@gmail.com	niels.klazenga@rbg.vic.gov.au	key-8297-andropogon.tsv
8298	"2017-11-29 12:17:31"	"2017-11-29 12:17:31"	Bothriochloa	"Kelly W. Allred"		Bothriochloa	"North America north of Mexico"	"©Utah State University. Reproduced with permission."		garrett.billings33@gmail.com	niels.klazenga@rbg.vic.gov.au	key-8298-bothriochloa.tsv
8299	"2017-11-29 12:20:51"	"2017-11-29 12:20:51"	Chrysopogon	"David W. Hall and John W. Thieret"		Chrysopogon	"North America north of Mexico"	"©Utah State University. Reproduced with permission."		garrett.billings33@gmail.com	niels.klazenga@rbg.vic.gov.au	key-8299-chrysopogon.tsv
8300	"2017-11-29 12:24:00"	"2017-11-29 12:24:00"	Coelorachis	"Charles M. Allen"		Coelorachis	"North America north of Mexico"	"©Utah State University. Reproduced with permission."		garrett.billings33@gmail.com	niels.klazenga@rbg.vic.gov.au	key-8300-coelorachis.tsv
8301	"2017-11-29 12:27:27"	"2017-11-29 12:27:27"	Cymbopogon	"Mary E. Barkworth"		Cymbopogon	"North America north of Mexico"	"©Utah State University. Reproduced with permission."		garrett.billings33@gmail.com	niels.klazenga@rbg.vic.gov.au	key-8301-cymbopogon.tsv
8302	"2017-11-29 12:29:35"	"2017-11-29 12:29:35"	Dichanthium	"Mary E. Barkworth"		Dichanthium	"North America north of Mexico"	"©Utah State University. Reproduced with permission."		garrett.billings33@gmail.com	niels.klazenga@rbg.vic.gov.au	key-8302-dichanthium.tsv
8303	"2017-11-29 12:35:57"	"2017-11-29 12:35:57"	Elionurus	"Mary E. Barkworth"		Elionurus	"North America north of Mexico"	"©Utah State University. Reproduced with permission."		garrett.billings33@gmail.com	niels.klazenga@rbg.vic.gov.au	key-8303-elionurus.tsv
8304	"2017-11-29 12:37:48"	"2017-11-29 12:37:48"	Eremochloa	"John W. Thieret"		Eremochloa	"North America north of Mexico"	"©Utah State University. Reproduced with permission."		garrett.billings33@gmail.com	niels.klazenga@rbg.vic.gov.au	key-8304-eremochloa.tsv
8305	"2017-11-29 12:40:54"	"2017-11-29 12:40:54"	Heteropogon	"Mary E. Barkworth"		Heteropogon	"North America north of Mexico"	"©Utah State University. Reproduced with permission."		garrett.billings33@gmail.com	niels.klazenga@rbg.vic.gov.au	key-8305-heteropogon.tsv
8306	"2017-11-29 12:43:11"	"2017-11-29 12:43:11"	Hyparrhenia	"Mary E. Barkworth"		Hyparrhenia	"North America north of Mexico"	"©Utah State University. Reproduced with permission."		garrett.billings33@gmail.com	niels.klazenga@rbg.vic.gov.au	key-8306-hyparrhenia.tsv
8307	"2017-11-29 12:45:26"	"2017-11-29 12:45:26"	Imperata	"Mark L. Gabel"		Imperata	"North America north of Mexico"	"©Utah State University. Reproduced with permission."		garrett.billings33@gmail.com	niels.klazenga@rbg.vic.gov.au	key-8307-imperata.tsv
8308	"2017-11-29 12:47:35"	"2017-11-29 12:47:35"	Ischaemum	"Mary E. Barkworth"		Ischaemum	"North America north of Mexico"	"©Utah State University. Reproduced with permission."		garrett.billings33@gmail.com	niels.klazenga@rbg.vic.gov.au	key-8308-ischaemum.tsv
8309	"2017-11-29 12:50:31"	"2017-11-29 12:50:31"	Miscanthus	"Mary E. Barkworth"		Miscanthus	"North America north of Mexico"	"©Utah State University. Reproduced with permission."		garrett.billings33@gmail.com	niels.klazenga@rbg.vic.gov.au	key-8309-miscanthus.tsv
8310	"2017-11-29 12:54:21"	"2017-11-29 12:54:21"	Saccharum	"Robert D. Webster"		Saccharum	"North America north of Mexico"	"©Utah State University. Reproduced with permission."		garrett.billings33@gmail.com	niels.klazenga@rbg.vic.gov.au	key-8310-saccharum.tsv
8311	"2017-11-29 12:59:05"	"2017-11-29 12:59:06"	Schizachyrium	"J.K. Wipff"		Schizachyrium	"North America north of Mexico"	"©Utah State University. Reproduced with permission."		garrett.billings33@gmail.com	niels.klazenga@rbg.vic.gov.au	key-8311-schizachyrium.tsv
8312	"2017-11-29 13:04:36"	"2017-11-29 13:04:36"	Sorghastrum	"Patricia Dávila Aranda and Stephan L. Hatch"		Sorghastrum	"North America north of Mexico"	"©Utah State University. Reproduced with permission."		garrett.billings33@gmail.com	niels.klazenga@rbg.vic.gov.au	key-8312-sorghastrum.tsv
8313	"2017-11-29 13:06:21"	"2017-11-29 13:06:21"	Sorghum	"Mary E. Barkworth"		Sorghum	"North America north of Mexico"	"©Utah State University. Reproduced with permission."		garrett.billings33@gmail.com	niels.klazenga@rbg.vic.gov.au	key-8313-sorghum.tsv
8314	"2017-11-29 13:10:21"	"2017-11-29 13:10:21"	Tripsacum	"Mary E. Barkworth"		Tripsacum	"North America north of Mexico"	"©Utah State University. Reproduced with permission."		garrett.billings33@gmail.com	niels.klazenga@rbg.vic.gov.au	key-8314-tripsacum.tsv
8315	"2017-11-29 13:12:58"	"2017-11-29 13:12:58"	Zea	"Hugh H. Iltis"		Zea	"North America north of Mexico"	"©Utah State University. Reproduced with permission."		garrett.billings33@gmail.com	niels.klazenga@rbg.vic.gov.au	key-8315-zea.tsv
8316	"2017-11-29 15:41:57"	"2020-04-17 19:58:10"	Brachyelytrum	"Jeffery M. Saarela, Pau M. Peterson, Robert J. Soreng, & Ralph E. Chapman"	"Modified for North America from the key in the cited source"	Brachyelytrum	"North America north of Mexico"		4336	garrett.billings33@gmail.com	mary.barkworth@usu.edu	key-8316-brachyelytrum.tsv
8321	"2017-12-01 05:17:13"	"2017-12-01 05:17:13"	"Hordeum marinum"	"Roland von, Claus Baden, Niels H. Jacobsen"		"Hordeum marinum"	"North America north of Mexico"	"©Utah State University. Reproduced by permission. "	3426	mary.barkworth@usu.edu	niels.klazenga@rbg.vic.gov.au	key-8321-hordeum-marinum.tsv
8322	"2017-12-05 04:42:54"	"2018-07-30 01:07:04"	Oryzeae	"Edward E. Terrell"		Oryzeae	"North America north of Mexico"	"©Utah State University. Reproduced with permission."		garrett.billings33@gmail.com	mary.barkworth@usu.edu	key-8322-oryzeae.tsv
8323	"2017-12-05 04:45:47"	"2017-12-05 04:45:47"	Leersia	"Grant L. Pyrah"		Leersia	"North America north of Mexico"	"©Utah State University. Reproduced with permission."		garrett.billings33@gmail.com	niels.klazenga@rbg.vic.gov.au	key-8323-leersia.tsv
8324	"2017-12-05 04:48:48"	"2017-12-05 04:48:48"	Luziola	"Edward E. Terrell"		Luziola	"North America north of Mexico"	"©Utah State University. Reproduced with permission."		garrett.billings33@gmail.com	niels.klazenga@rbg.vic.gov.au	key-8324-luziola.tsv
8325	"2017-12-05 04:51:26"	"2017-12-05 04:51:26"	Oryza	"Mary E. Barkworth and Edward E. Terrell"		Oryza	"North America north of Mexico"	"©Utah State University. Reproduced with permission."		garrett.billings33@gmail.com	niels.klazenga@rbg.vic.gov.au	key-8325-oryza.tsv
8326	"2017-12-05 04:53:42"	"2017-12-05 04:53:42"	Zizania	"Edward E. Terrell"		Zizania	"North America north of Mexico"	"©Utah State University. Reproduced with permission."		garrett.billings33@gmail.com	niels.klazenga@rbg.vic.gov.au	key-8326-zizania.tsv
8327	"2017-12-05 04:57:28"	"2018-10-10 09:05:50"	Orcuttieae	"John R. Reeder"		Orcuttieae	"North America north of Mexico"	"©Utah State University. Reproduced with permission."		garrett.billings33@gmail.com	niels.klazenga@rbg.vic.gov.au	key-8327-orcuttieae.tsv
8328	"2017-12-05 05:00:16"	"2017-12-05 05:00:16"	Orcuttia	"John R. Reeder"		Orcuttia	"North America north of Mexico"	"©Utah State University. Reproduced with permission."		garrett.billings33@gmail.com	niels.klazenga@rbg.vic.gov.au	key-8328-orcuttia.tsv
8329	"2017-12-05 05:02:03"	"2017-12-05 05:02:03"	Tuctoria	"John R. Reeder"		Tuctoria	"North America north of Mexico"	"©Utah State University. Reproduced with permission."		garrett.billings33@gmail.com	niels.klazenga@rbg.vic.gov.au	key-8329-tuctoria.tsv
8330	"2017-12-05 05:06:39"	"2017-12-05 05:06:39"	Hainardieae	"Mary E. Barkworth"		Hainardieae	"North America north of Mexico"	"©Utah State University. Reproduced with permission."		garrett.billings33@gmail.com	niels.klazenga@rbg.vic.gov.au	key-8330-hainardieae.tsv
8331	"2017-12-05 05:10:34"	"2017-12-05 05:10:34"	Ehrharta	"Mary E. Barkworth"		Ehrharta	"North America north of Mexico"	"©Utah State University. Reproduced with permission."		garrett.billings33@gmail.com	niels.klazenga@rbg.vic.gov.au	key-8331-ehrharta.tsv
8377	"2018-01-20 04:40:25"	"2018-10-10 10:01:55"	Chasmanthium	"J. Gabriel Sánchez-Ken and Lynn G. Clark"		Chasmanthium	"North America north of Mexico"	"©Utah State University. Reproduced with permission."		garrett.billings33@gmail.com	niels.klazenga@rbg.vic.gov.au	key-8377-chasmanthium.tsv
8378	"2018-01-20 04:55:47"	"2018-01-20 04:55:47"	Ctenium	"Mary E. Barkworth"		Ctenium	"North America north of Mexico"	"©Utah State University. Reproduced with permission."		garrett.billings33@gmail.com	niels.klazenga@rbg.vic.gov.au	key-8378-ctenium.tsv
8379	"2018-01-20 05:00:48"	"2018-01-20 05:00:48"	Diarrhena	"David M. Brandenburg"		Diarrhena	"North America north of Mexico"	"©Utah State University. Reproduced with permission."		garrett.billings33@gmail.com	niels.klazenga@rbg.vic.gov.au	key-8379-diarrhena.tsv
8380	"2018-01-20 05:05:33"	"2018-01-20 05:05:33"	Eleusine	"Khidir W. Hilu"		Eleusine	"North America north of Mexico"	"©Utah State University. Reproduced with permission."		garrett.billings33@gmail.com	niels.klazenga@rbg.vic.gov.au	key-8380-eleusine.tsv
8381	"2018-01-20 05:10:01"	"2018-01-20 05:10:01"	Erioneuron	"Jesús Valdés-Reyna"		Erioneuron	"North America north of Mexico"	"©Utah State University. Reproduced with permission."		garrett.billings33@gmail.com	niels.klazenga@rbg.vic.gov.au	key-8381-erioneuron.tsv
8382	"2018-01-20 05:16:43"	"2018-01-20 05:16:43"	Lasiacis	"Gerrit Davidse"		Lasiacis	"North America north of Mexico"	"©Utah State University. Reproduced with permission."		garrett.billings33@gmail.com	niels.klazenga@rbg.vic.gov.au	key-8382-lasiacis.tsv
8383	"2018-01-20 05:27:26"	"2018-01-20 05:27:26"	Phyllostachys	"Christopher M.A. Stapleton and Mary E. Barkworth"		Phyllostachys	"North America north of Mexico"	"©Utah State University. Reproduced with permission."		garrett.billings33@gmail.com	niels.klazenga@rbg.vic.gov.au	key-8383-phyllostachys.tsv
8384	"2018-01-20 05:35:27"	"2018-01-20 05:35:27"	Themeda	"Mary E. Barkworth"		Themeda	"North America north of Mexico"	"©Utah State University. Reproduced with permission."		garrett.billings33@gmail.com	niels.klazenga@rbg.vic.gov.au	key-8384-themeda.tsv
8385	"2018-01-20 05:48:34"	"2018-01-20 05:48:34"	Trichloris	"Mary E. Barkworth"		Trichloris	"North America north of Mexico"	"©Utah State University. Reproduced with permission."		garrett.billings33@gmail.com	niels.klazenga@rbg.vic.gov.au	key-8385-trichloris.tsv
8386	"2018-01-20 05:53:02"	"2018-01-20 05:53:02"	Tridens	"Jesús Valdés-Reyna"		Tridens	"North America north of Mexico"	"©Utah State University. Reproduced with permission."		garrett.billings33@gmail.com	niels.klazenga@rbg.vic.gov.au	key-8386-tridens.tsv
8536	"2018-05-31 03:53:49"	"2019-09-12 08:23:02"	"Amelichloa species (revised)"	"Mary E. Barkworth"		Amelichloa	"North America north of Mexico"	"This key has been modified from that prepared by Mirta O. Arriago to place more emphasis on accessible characters."	3538	mary.barkworth@usu.edu	niels.klazenga@rbg.vic.gov.au	key-8536-amelichloa-species-revised.tsv
8680	"2018-07-30 05:29:16"	"2018-07-30 04:35:49"	"Arundinarieae genera"	"M.E. Barkworth"		Arundinarieae	"North America north of Mexico"	"Draft key"		mary.barkworth@usu.edu	mary.barkworth@usu.edu	key-8680-arundinarieae-genera.tsv
8681	"2018-07-30 06:57:36"	"2018-07-30 05:57:36"	"Elymus trachycaulus subspecies"	"Mary E. Barkworth, Julian J.N. Campbell and Bjorn Salomon"		"Elymus trachycaulus"	"North America north of Mexico"		3607	mary.barkworth@usu.edu	mary.barkworth@usu.edu	key-8681-elymus-trachycaulus-subspecies.tsv
8684	"2018-08-08 00:15:36"	"2018-10-29 10:17:39"	"Piptatheropsis species "	"M.E. Barkworth"		Piptatheropsis	"North America north of Mexico"			mary.barkworth@usu.edu	niels.klazenga@rbg.vic.gov.au	key-8684-piptatheropsis-species.tsv
8685	"2018-08-08 02:16:14"	"2018-08-08 01:16:14"	"Brachypodium species"	"Michael B. Piep"		Brachypodium	"North America north of Mexico"		3609	mary.barkworth@usu.edu	mary.barkworth@usu.edu	key-8685-brachypodium-species.tsv
8686	"2018-08-08 10:04:18"	"2018-11-29 03:48:32"	"Aristida species"	"K.W. Allred"		Aristida	"North America north of Mexico"		3610	mary.barkworth@usu.edu	niels.klazenga@rbg.vic.gov.au	key-8686-aristida-species.tsv
8687	"2018-08-10 06:44:14"	"2018-08-10 05:44:14"	"Elymus virginicus varieties"	"Mary E. Barkworth, Julian J.N. Campbell and Bjorn Salomon"		"Elymus virginicus"	"North America north of Mexico"		3607	mary.barkworth@usu.edu	niels.klazenga@rbg.vic.gov.au	key-8687-elymus-virginicus-varieties.tsv
8689	"2018-08-15 05:17:26"	"2018-08-15 04:17:26"	"Glyceria canadensis varieties"	"Mary E. Barkworth"		"Glyceria canadensis"	"North America north of Mexico"		3611	mary.barkworth@usu.edu	niels.klazenga@rbg.vic.gov.au	key-8689-glyceria-canadensis-varieties.tsv
8690	"2018-08-16 02:31:26"	"2018-08-17 04:39:29"	"Leymus salina subspecies"	"Mary E. Barkworth"		"Leymus salina"	"North America north of Mexico"		3612	mary.barkworth@usu.edu	mary.barkworth@usu.edu	key-8690-leymus-salina-subspecies.tsv
8702	"2018-08-21 04:49:08"	"2018-08-21 03:49:08"	"Ammophila species"	"Mary E. Barkworth"		Ammophila	"North America north of Mexico"		3618	mary.barkworth@usu.edu	mary.barkworth@usu.edu	key-8702-ammophila-species.tsv
8703	"2018-08-21 04:54:29"	"2018-08-21 03:54:29"	"Ammophila breviligulata subspecies"	"Mary E. Barkworth"		"Ammophila breviligulata"	"North America north of Mexico"		3618	mary.barkworth@usu.edu	mary.barkworth@usu.edu	key-8703-ammophila-breviligulata-subspecies.tsv
8717	"2018-08-23 08:19:20"	"2018-08-23 07:19:20"	"Festuca brachyphylla subspecies"	"S.J. Darbyshire and L.E. Pavlick"		"Festuca brachyphylla"	"North America north of Mexico"		3620	mary.barkworth@usu.edu	niels.klazenga@rbg.vic.gov.au	key-8717-festuca-brachyphylla-subspecies.tsv
8718	"2018-08-23 08:42:41"	"2018-08-23 07:42:41"	"Festuca californica subspecies"	"S.J. Darbyshire and L.E. Pavlick"		"Festuca californica"	"North America north of Mexico"		3620	mary.barkworth@usu.edu	niels.klazenga@rbg.vic.gov.au	key-8718-festuca-californica-subspecies.tsv
8728	"2018-08-29 08:34:08"	"2018-08-29 07:34:08"	"Deschampsia cespitosa subspecies"	"Mary E. Barkworth"		"Deschampsia cespitosa"	"North America north of Mexico"	"©Utah State University. Reproduced with permission."		garrett.billings33@gmail.com	niels.klazenga@rbg.vic.gov.au	key-8728-deschampsia-cespitosa-subspecies.tsv
8735	"2018-08-31 03:02:30"	"2018-08-31 02:02:30"	"Aira caryophyllea varieties"	"J.K. Wipff"		"Aira caryophyllea"	"North America north of Mexico"	"©Utah State University. Reproduced with permission."		garrett.billings33@gmail.com	niels.klazenga@rbg.vic.gov.au	key-8735-aira-caryophyllea-varieties.tsv
8736	"2018-08-31 07:27:14"	"2018-08-31 06:27:14"	"Andropogon ternarius varieties"	"Christopher S. Campbell"		"Andropogon ternarius"	"North America north of Mexico"			garrett.billings33@gmail.com	niels.klazenga@rbg.vic.gov.au	key-8736-andropogon-ternarius-varieties.tsv
8737	"2018-08-31 07:31:15"	"2018-08-31 06:31:15"	"Andropogon gyrans varieties"	"Christopher S. Campbell"		"Andropogon gyrans"	"North America north of Mexico"			garrett.billings33@gmail.com	niels.klazenga@rbg.vic.gov.au	key-8737-andropogon-gyrans-varieties.tsv
8738	"2018-08-31 07:37:48"	"2018-08-31 06:37:48"	"Andropogon virginicus varieties"	"Christopher S. Campbell"		"Andropogon virginicus"	"North America north of Mexico"			garrett.billings33@gmail.com	niels.klazenga@rbg.vic.gov.au	key-8738-andropogon-virginicus-varieties.tsv
8739	"2018-08-31 07:42:03"	"2018-08-31 06:42:03"	"Andropogon glomeratus varieties"	"Christopher S. Campbell"		"Andropogon glomeratus"	"North America north of Mexico"			garrett.billings33@gmail.com	niels.klazenga@rbg.vic.gov.au	key-8739-andropogon-glomeratus-varieties.tsv
8740	"2018-08-31 08:04:42"	"2018-08-31 07:04:42"	"Saccharum brevibarbe varieties"	"Robert D. Webster"		"Saccharum brevibarbe"	"North America north of Mexico"			garrett.billings33@gmail.com	niels.klazenga@rbg.vic.gov.au	key-8740-saccharum-brevibarbe-varieties.tsv
8741	"2018-08-31 08:08:42"	"2018-08-31 07:08:42"	"Schizachyrium scoparium varieties"	"J.K. Wipff"		"Schizachyrium scoparium"	"North America north of Mexico"			garrett.billings33@gmail.com	niels.klazenga@rbg.vic.gov.au	key-8741-schizachyrium-scoparium-varieties.tsv
8742	"2018-08-31 08:11:44"	"2018-08-31 07:11:44"	"Schizachyrium sanguineum varieties"	"J.K. Wipff"		"Schizachyrium sanguineum"	"North America north of Mexico"			garrett.billings33@gmail.com	niels.klazenga@rbg.vic.gov.au	key-8742-schizachyrium-sanguineum-varieties.tsv
8743	"2018-08-31 08:33:59"	"2018-08-31 08:42:01"	"Sorghum bicolor subspecies"	"Mary E. Barkworth"		"Sorghum bicolor"	"North America north of Mexico"			garrett.billings33@gmail.com	garrett.billings33@gmail.com	key-8743-sorghum-bicolor-subspecies.tsv
8744	"2018-08-31 08:45:06"	"2018-08-31 07:45:44"	"Zea mays subspecies"	"Hugh H. Iltis"		"Zea mays"	"North America north of Mexico"			garrett.billings33@gmail.com	niels.klazenga@rbg.vic.gov.au	key-8744-zea-mays-subspecies.tsv
8745	"2018-09-01 02:13:16"	"2018-09-01 01:13:16"	"Aristida californica varieties"	"Kelly W. Allred"		"Aristida californica"	"North America north of Mexico"			garrett.billings33@gmail.com	garrett.billings33@gmail.com	key-8745-aristida-californica-varieties.tsv
8746	"2018-09-01 02:25:37"	"2018-09-01 01:25:37"	"Aristida ternipes varieties"	"Kelly W. Allred"		"Aristida ternipes"	"North America north of Mexico"			garrett.billings33@gmail.com	garrett.billings33@gmail.com	key-8746-aristida-ternipes-varieties.tsv
8747	"2018-09-01 02:36:59"	"2018-09-01 01:36:59"	"Aristida dichotoma varieties"	"Kelly W. Allred"		"Aristida dichotoma"	"North America north of Mexico"			garrett.billings33@gmail.com	garrett.billings33@gmail.com	key-8747-aristida-dichotoma-varieties.tsv
8767	"2018-09-22 04:00:09"	"2018-09-22 03:00:09"	"Zizania aquatica varieties"	"Edward E. Terrell"		"Zizania aquatica"	"North America north of Mexico"			garrett.billings33@gmail.com	niels.klazenga@rbg.vic.gov.au	key-8767-zizania-aquatica-varieties.tsv
8768	"2018-09-22 04:03:39"	"2018-09-22 03:03:39"	"Zizania palustris varieties"	"Edward E. Terrell"		"Zizania palustris"	"North America north of Mexico"			garrett.billings33@gmail.com	niels.klazenga@rbg.vic.gov.au	key-8768-zizania-palustris-varieties.tsv
8769	"2018-09-22 07:37:02"	"2018-09-22 06:37:02"	"Glyceria grandis varieties"	"Mary E. Barkworth and Laurel K. Anderton"		"Glyceria grandis"	"North America north of Mexico"			garrett.billings33@gmail.com	niels.klazenga@rbg.vic.gov.au	key-8769-glyceria-grandis-varieties.tsv
8770	"2018-09-22 07:43:33"	"2018-09-22 06:43:33"	"Glyceria septentrionalis varieties"	"Mary E. Barkworth and Laurel K. Anderton"		"Glyceria septentrionalis"	"North America north of Mexico"			garrett.billings33@gmail.com	niels.klazenga@rbg.vic.gov.au	key-8770-glyceria-septentrionalis-varieties.tsv
8771	"2018-09-22 08:00:11"	"2018-09-22 07:17:36"	"Melica geyeri varieties"	"Mary E. Barkworth"		"Melica geyeri"	"North America north of Mexico"			garrett.billings33@gmail.com	niels.klazenga@rbg.vic.gov.au	key-8771-melica-geyeri-varieties.tsv
8772	"2018-09-22 08:04:35"	"2018-09-22 08:18:07"	"Melica stricta varieties"	"Mary E. Barkworth"		"Melica stricta"	"North America north of Mexico"			garrett.billings33@gmail.com	garrett.billings33@gmail.com	key-8772-melica-stricta-varieties.tsv
8773	"2018-09-22 08:06:37"	"2018-09-22 08:18:43"	"Melica porteri varieties"	"Mary E. Barkworth"		"Melica porteri"	"North America north of Mexico"			garrett.billings33@gmail.com	garrett.billings33@gmail.com	key-8773-melica-porteri-varieties.tsv
8774	"2018-09-22 08:28:41"	"2018-09-22 07:28:41"	"Pleuropogon californicus varieties"	"Paul P.H. But"		"Pleuropogon californicus"	"North America north of Mexico"			garrett.billings33@gmail.com	niels.klazenga@rbg.vic.gov.au	key-8774-pleuropogon-californicus-varieties.tsv
8779	"2018-09-25 05:02:49"	"2018-09-25 04:02:49"	"Achnatherum occidentale subspecies"	"Mary E. Barkworth"		"Achnatherum occidentale"	"North America north of Mexico"			garrett.billings33@gmail.com	niels.klazenga@rbg.vic.gov.au	key-8779-achnatherum-occidentale-subspecies.tsv
8780	"2018-09-25 05:08:20"	"2018-09-25 04:08:20"	"Achnatherum nelsonii subspecies"	"Mary E. Barkworth"		"Achnatherum nelsonii"	"North America north of Mexico"			garrett.billings33@gmail.com	niels.klazenga@rbg.vic.gov.au	key-8780-achnatherum-nelsonii-subspecies.tsv
8781	"2018-09-25 05:13:47"	"2018-09-25 04:13:47"	"Achnatherum lemmonii subspecies"	"Mary E. Barkworth"		"Achnatherum lemmonii"	"North America north of Mexico"			garrett.billings33@gmail.com	niels.klazenga@rbg.vic.gov.au	key-8781-achnatherum-lemmonii-subspecies.tsv
8782	"2018-09-25 05:17:31"	"2018-09-25 04:17:31"	"Achnatherum parishii subspecies"	"Mary E. Barkworth"		"Achnatherum parishii"	"North America north of Mexico"			garrett.billings33@gmail.com	niels.klazenga@rbg.vic.gov.au	key-8782-achnatherum-parishii-subspecies.tsv
8784	"2018-09-27 04:23:15"	"2018-09-27 03:23:15"	"Hesperostipa comata subspecies"	"Mary E. Barkworth"		"Hesperostipa comata"	"North America north of Mexico"			garrett.billings33@gmail.com	niels.klazenga@rbg.vic.gov.au	key-8784-hesperostipa-comata-subspecies.tsv
8785	"2018-09-27 04:44:56"	"2018-09-27 03:44:55"	"Bromus catharticus varieties"	"Leon E. Pavlick† and Laurel K. Anderton"		"Bromus catharticus"	"North America north of Mexico"			garrett.billings33@gmail.com	niels.klazenga@rbg.vic.gov.au	key-8785-bromus-catharticus-varieties.tsv
8786	"2018-09-27 04:51:49"	"2020-10-28 04:08:23"	"Bromus carinatus varieties"	"Leon E. Pavlick† and Laurel K. Anderton"		"Bromus carinatus"	"North America north of Mexico"		4832	garrett.billings33@gmail.com	mary.barkworth@usu.edu	key-8786-bromus-carinatus-varieties.tsv
8787	"2018-09-27 05:01:05"	"2018-09-27 04:01:05"	"Bromus pumpellianus subspecies"	"Leon E. Pavlick† and Laurel K. Anderton"		"Bromus pumpellianus"	"North America north of Mexico"			garrett.billings33@gmail.com	niels.klazenga@rbg.vic.gov.au	key-8787-bromus-pumpellianus-subspecies.tsv
8788	"2018-09-27 05:18:06"	"2018-09-27 04:18:06"	"Bromus hordeaceus subspecies"	"Leon E. Pavlick† and Laurel K. Anderton"		"Bromus hordeaceus"	"North America north of Mexico"			garrett.billings33@gmail.com	niels.klazenga@rbg.vic.gov.au	key-8788-bromus-hordeaceus-subspecies.tsv
8789	"2018-09-27 05:23:48"	"2018-09-27 04:23:47"	"Bromus squarrosus varieties"	"Leon E. Pavlick† and Laurel K. Anderton"		"Bromus squarrosus"	"North America north of Mexico"			garrett.billings33@gmail.com	niels.klazenga@rbg.vic.gov.au	key-8789-bromus-squarrosus-varieties.tsv
8790	"2018-09-27 05:31:01"	"2018-09-27 04:31:01"	"Hordeum brachyantherum  subspecies"	"Roland von Bothmer, Claus Baden† and Niels H. Jacobsen"		"Hordeum brachyantherum"	"North America north of Mexico"			garrett.billings33@gmail.com	niels.klazenga@rbg.vic.gov.au	key-8790-hordeum-brachyantherum-subspecies.tsv
8791	"2018-09-27 05:35:22"	"2018-09-27 04:35:22"	"Hordeum jubatum subspecies"	"Roland von Bothmer, Claus Baden† and Niels H. Jacobsen"		"Hordeum jubatum"	"North America north of Mexico"			garrett.billings33@gmail.com	niels.klazenga@rbg.vic.gov.au	key-8791-hordeum-jubatum-subspecies.tsv
8792	"2018-09-27 05:39:29"	"2018-09-27 04:39:29"	"Hordeum murinum subspecies"	"Roland von Bothmer, Claus Baden† and Niels H. Jacobsen"		"Hordeum murinum"	"North America north of Mexico"			garrett.billings33@gmail.com	niels.klazenga@rbg.vic.gov.au	key-8792-hordeum-murinum-subspecies.tsv
8794	"2018-09-27 06:19:54"	"2018-09-27 05:19:54"	"Elymus canadensis varieties"	"Mary E. Barkworth, Julian J.N. Campbell and Bjorn Salomon"		"Elymus canadensis"	"North America north of Mexico"			garrett.billings33@gmail.com	niels.klazenga@rbg.vic.gov.au	key-8794-elymus-canadensis-varieties.tsv
8795	"2018-09-27 06:34:36"	"2018-09-27 06:37:39"	"Elymus glaucus subspecies"	"Mary E. Barkworth, Julian J.N. Campbell and Bjorn Salomon"		"Elymus glaucus"	"North America north of Mexico"			garrett.billings33@gmail.com	garrett.billings33@gmail.com	key-8795-elymus-glaucus-subspecies.tsv
8796	"2018-09-27 09:57:24"	"2018-09-27 08:57:24"	"Elymus elymoides subspecies"	"Mary E. Barkworth, Julian J.N. Campbell and Bjorn Salomon"		"Elymus elymoides"	"North America north of Mexico"			garrett.billings33@gmail.com	niels.klazenga@rbg.vic.gov.au	key-8796-elymus-elymoides-subspecies.tsv
8797	"2018-09-27 10:01:46"	"2018-09-27 09:01:45"	"Elymus alaskanus subspecies"	"Mary E. Barkworth, Julian J.N. Campbell and Bjorn Salomon"		"Elymus alaskanus"	"North America north of Mexico"			garrett.billings33@gmail.com	niels.klazenga@rbg.vic.gov.au	key-8797-elymus-alaskanus-subspecies.tsv
8798	"2018-09-27 10:06:36"	"2018-09-27 09:06:36"	"Elymus lanceolatus subspecies"	"Mary E. Barkworth, Julian J.N. Campbell and Bjorn Salomon"		"Elymus lanceolatus"	"North America north of Mexico"			garrett.billings33@gmail.com	niels.klazenga@rbg.vic.gov.au	key-8798-elymus-lanceolatus-subspecies.tsv
8799	"2018-09-27 10:09:56"	"2018-09-27 09:09:56"	"Elymus stebbinsii subspecies"	"Mary E. Barkworth, Julian J.N. Campbell and Bjorn Salomon"		"Elymus stebbinsii"	"North America north of Mexico"			garrett.billings33@gmail.com	niels.klazenga@rbg.vic.gov.au	key-8799-elymus-stebbinsii-subspecies.tsv
8811	"2018-09-28 01:32:54"	"2018-09-28 00:32:54"	"Leymus mollis subspecies"	"Mary E. Barkworth"		"Leymus mollis"	"North America north of Mexico"			garrett.billings33@gmail.com	niels.klazenga@rbg.vic.gov.au	key-8811-leymus-mollis-subspecies.tsv
8812	"2018-09-28 01:38:03"	"2018-09-28 00:38:03"	"Leymus simplex varieties"	"Mary E. Barkworth"		"Leymus simplex"	"North America north of Mexico"			garrett.billings33@gmail.com	niels.klazenga@rbg.vic.gov.au	key-8812-leymus-simplex-varieties.tsv
8813	"2018-09-28 01:41:36"	"2018-09-28 00:41:36"	"Leymus innovatus varieties"	"Mary E. Barkworth"		"Leymus innovatus"	"North America north of Mexico"			garrett.billings33@gmail.com	niels.klazenga@rbg.vic.gov.au	key-8813-leymus-innovatus-varieties.tsv
8814	"2018-09-28 02:25:57"	"2018-09-28 01:25:57"	"Thinopyrum intermedium"	"Mary E. Barkworth"		"Thinopyrum intermedium"	"North America north of Mexico"			garrett.billings33@gmail.com	niels.klazenga@rbg.vic.gov.au	key-8814-thinopyrum-intermedium.tsv
8815	"2018-09-28 02:41:12"	"2019-07-04 16:19:18"	"Festuca rubra subspecies"	"Stephen J. Darbyshire and Leon E. Pavlick†"		"Festuca rubra"	"North America north of Mexico"			garrett.billings33@gmail.com	niels.klazenga@rbg.vic.gov.au	key-8815-festuca-rubra-subspecies.tsv
8816	"2018-09-28 02:46:55"	"2018-09-28 01:46:55"	"Festuca saximontana varieties"	"Stephen J. Darbyshire and Leon E. Pavlick†"		"Festuca saximontana"	"North America north of Mexico"			garrett.billings33@gmail.com	niels.klazenga@rbg.vic.gov.au	key-8816-festuca-saximontana-varieties.tsv
8817	"2018-09-28 03:11:49"	"2018-09-28 02:11:50"	"Vulpia octoflora varieties"	"Robert I. Lonard"		"Vulpia octoflora"	"North America north of Mexico"			garrett.billings33@gmail.com	niels.klazenga@rbg.vic.gov.au	key-8817-vulpia-octoflora-varieties.tsv
8818	"2018-09-28 03:20:44"	"2018-09-28 02:20:44"	"Vulpia microstachys varieties"	"Robert I. Lonard"		"Vulpia microstachys"	"North America north of Mexico"			garrett.billings33@gmail.com	niels.klazenga@rbg.vic.gov.au	key-8818-vulpia-microstachys-varieties.tsv
8819	"2018-09-28 03:28:49"	"2018-09-28 02:28:49"	"Lolium temulentum"	"Edward E. Terrell"		"Lolium temulentum"	"North America north of Mexico"			garrett.billings33@gmail.com	niels.klazenga@rbg.vic.gov.au	key-8819-lolium-temulentum.tsv
8820	"2018-09-28 04:03:01"	"2018-09-28 03:03:01"	"Poa saltuensis subspecies"	"Robert J. Soreng"		"Poa saltuensis"	"North America north of Mexico"			garrett.billings33@gmail.com	niels.klazenga@rbg.vic.gov.au	key-8820-poa-saltuensis-subspecies.tsv
8821	"2018-09-28 04:10:33"	"2018-09-28 03:10:33"	"Poa bulbosa subspecies"	"Robert J. Soreng"		"Poa bulbosa"	"North America north of Mexico"			garrett.billings33@gmail.com	niels.klazenga@rbg.vic.gov.au	key-8821-poa-bulbosa-subspecies.tsv
8822	"2018-09-28 04:17:26"	"2018-09-28 03:17:26"	"Poa alpina subspecies"	"Robert J. Soreng"		"Poa alpina"	"North America north of Mexico"			garrett.billings33@gmail.com	niels.klazenga@rbg.vic.gov.au	key-8822-poa-alpina-subspecies.tsv
8823	"2018-09-28 04:47:11"	"2018-09-28 03:47:11"	"Poa pratensis subspecies"	"Robert J. Soreng"		"Poa pratensis"	"North America north of Mexico"			garrett.billings33@gmail.com	niels.klazenga@rbg.vic.gov.au	key-8823-poa-pratensis-subspecies.tsv
8824	"2018-09-28 04:52:40"	"2018-09-28 03:52:40"	"Poa arctica subspecies"	"Robert J. Soreng"		"Poa arctica"	"North America north of Mexico"			garrett.billings33@gmail.com	niels.klazenga@rbg.vic.gov.au	key-8824-poa-arctica-subspecies.tsv
8825	"2018-09-28 04:57:48"	"2018-09-28 03:57:48"	"Poa fendleriana subspecies"	"Robert J. Soreng"		"Poa fendleriana"	"North America north of Mexico"			garrett.billings33@gmail.com	niels.klazenga@rbg.vic.gov.au	key-8825-poa-fendleriana-subspecies.tsv
8826	"2018-09-28 05:03:21"	"2018-09-28 04:03:21"	"Poa cusickii subspecies"	"Robert J. Soreng"		"Poa cusickii"	"North America north of Mexico"			garrett.billings33@gmail.com	niels.klazenga@rbg.vic.gov.au	key-8826-poa-cusickii-subspecies.tsv
8827	"2018-09-28 05:13:09"	"2018-09-28 04:13:09"	"Poa laxa subspecies"	"Robert J. Soreng"		"Poa laxa"	"North America north of Mexico"			garrett.billings33@gmail.com	niels.klazenga@rbg.vic.gov.au	key-8827-poa-laxa-subspecies.tsv
8828	"2018-09-28 05:20:36"	"2018-09-28 04:20:36"	"Poa glauca"	"Robert J. Soreng"		"Poa glauca"	"North America north of Mexico"			garrett.billings33@gmail.com	niels.klazenga@rbg.vic.gov.au	key-8828-poa-glauca.tsv
8829	"2018-09-28 05:24:18"	"2018-09-28 04:24:18"	"Poa abbreviata subspecies"	"Robert J. Soreng"		"Poa abbreviata"	"North America north of Mexico"			garrett.billings33@gmail.com	niels.klazenga@rbg.vic.gov.au	key-8829-poa-abbreviata-subspecies.tsv
8830	"2018-09-28 05:31:23"	"2018-09-28 04:31:23"	"Poa secunda subspecies"	"Robert J. Soreng"		"Poa secunda"	"North America north of Mexico"			garrett.billings33@gmail.com	niels.klazenga@rbg.vic.gov.au	key-8830-poa-secunda-subspecies.tsv
8831	"2018-09-28 05:36:07"	"2018-09-28 04:36:07"	"Poa hartzii subspecies"	"Robert J. Soreng"		"Poa hartzii"	"North America north of Mexico"			garrett.billings33@gmail.com	niels.klazenga@rbg.vic.gov.au	key-8831-poa-hartzii-subspecies.tsv
8832	"2018-09-28 05:39:16"	"2018-09-28 04:39:16"	"Poa stenantha varieties"	"Robert J. Soreng"		"Poa stenantha"	"North America north of Mexico"			garrett.billings33@gmail.com	niels.klazenga@rbg.vic.gov.au	key-8832-poa-stenantha-varieties.tsv
8834	"2018-09-28 05:43:54"	"2018-09-28 04:43:54"	"Poa unilateralis subspecies"	"Robert J. Soreng"		"Poa unilateralis"	"North America north of Mexico"			garrett.billings33@gmail.com	niels.klazenga@rbg.vic.gov.au	key-8834-poa-unilateralis-subspecies.tsv
8835	"2018-09-28 05:55:03"	"2018-09-28 04:55:03"	"Torreyochloa pallida varieties"	"Jerrold I. Davis"		"Torreyochloa pallida"	"North America north of Mexico"			garrett.billings33@gmail.com	niels.klazenga@rbg.vic.gov.au	key-8835-torreyochloa-pallida-varieties.tsv
8836	"2018-09-29 02:08:49"	"2018-09-29 01:08:49"	"Arctagrostis latifolia subspecies"	"Susan G. Aiken"		"Arctagrostis latifolia"	"North America north of Mexico"			garrett.billings33@gmail.com	niels.klazenga@rbg.vic.gov.au	key-8836-arctagrostis-latifolia-subspecies.tsv
8837	"2018-09-29 03:11:49"	"2018-09-29 02:11:49"	"Arrhenatherum elatius subspecies"	"Stephan L. Hatch"		"Arrhenatherum elatius"	"North America north of Mexico"			garrett.billings33@gmail.com	niels.klazenga@rbg.vic.gov.au	key-8837-arrhenatherum-elatius-subspecies.tsv
8838	"2018-09-29 03:35:12"	"2018-09-29 02:35:11"	"Anthoxanthum monticola subspecies"	"Kelly W. Allred"		"Anthoxanthum monticola"	"North America north of Mexico"			garrett.billings33@gmail.com	niels.klazenga@rbg.vic.gov.au	key-8838-anthoxanthum-monticola-subspecies.tsv
8840	"2018-09-29 03:49:45"	"2018-09-29 02:49:45"	"Alopecurus aequalis varieties"	"William J. Crins"		"Alopecurus aequalis"	"North America north of Mexico"			garrett.billings33@gmail.com	niels.klazenga@rbg.vic.gov.au	key-8840-alopecurus-aequalis-varieties.tsv
8841	"2018-09-29 04:24:04"	"2018-09-29 03:24:04"	"Calamagrostis porteri subspecies"	"Kendrick L. Marr, Richard J. Hebda and Craig W. Greene†"		"Calamagrostis porteri"	"North America north of Mexico"			garrett.billings33@gmail.com	niels.klazenga@rbg.vic.gov.au	key-8841-calamagrostis-porteri-subspecies.tsv
8842	"2018-09-29 04:31:37"	"2018-09-29 03:31:37"	"Calamagrostis canadensis varieties"	"Kendrick L. Marr, Richard J. Hebda and Craig W. Greene†"		"Calamagrostis canadensis"	"North America north of Mexico"			garrett.billings33@gmail.com	niels.klazenga@rbg.vic.gov.au	key-8842-calamagrostis-canadensis-varieties.tsv
8843	"2018-09-29 04:50:17"	"2018-09-29 03:50:17"	Calamagrostis	"Kendrick L. Marr, Richard J. Hebda and Craig W. Greene†"		Calamagrostis	"North America north of Mexico"			garrett.billings33@gmail.com	niels.klazenga@rbg.vic.gov.au	key-8843-calamagrostis.tsv
8844	"2018-09-29 08:23:59"	"2018-09-29 07:23:59"	Bambuseae	"Christopher M.A. Stapleton"		Bambuseae	"North America north of Mexico"			garrett.billings33@gmail.com	niels.klazenga@rbg.vic.gov.au	key-8844-bambuseae.tsv
8845	"2018-09-29 08:27:57"	"2018-09-29 07:27:57"	Arundinaria	"Lynn G. Clark and J.K. Triplett"		Arundinaria	"North America north of Mexico"			garrett.billings33@gmail.com	niels.klazenga@rbg.vic.gov.au	key-8845-arundinaria.tsv
8846	"2018-09-29 08:30:21"	"2023-05-17 03:22:45"	Bambusa	"Mary E. Barkworth"	"Modified in 2023 to include Bambusa textilis, known from Florida, possibly only as a cultivated species. "	Bambusa	"North America north of Mexico"	"Based on information in the Flora of North and and the Flora of China plus Feedipedia. "		garrett.billings33@gmail.com	mary.barkworth@usu.edu	key-8846-bambusa.tsv
8860	"2018-10-01 04:50:35"	"2018-10-01 03:50:35"	"Cynodon nlemfuensis varieties"	"Mary E. Barkworth"	"First published here as a formal key; based on information in FNA25: 240"	"Cynodon nlemfuensis"	"North America north of Mexico"			mary.barkworth@usu.edu	niels.klazenga@rbg.vic.gov.au	key-8860-cynodon-nlemfuensis-varieties.tsv
8881	"2018-10-10 01:58:57"	"2018-10-10 01:58:58"	"Tridens muticus varieties"	"Jesús Valdés-Reyna"		"Tridens muticus"	"North America north of Mexico"			garrett.billings33@gmail.com	niels.klazenga@rbg.vic.gov.au	key-8881-tridens-muticus-varieties.tsv
8882	"2018-10-10 02:01:04"	"2018-10-10 02:01:04"	"Tridens flavus varieties"	"Jesús Valdés-Reyna"		"Tridens flavus"	"North America north of Mexico"			garrett.billings33@gmail.com	niels.klazenga@rbg.vic.gov.au	key-8882-tridens-flavus-varieties.tsv
8883	"2018-10-10 02:15:23"	"2018-10-10 02:15:23"	"Leptochloa fusca subspecies"	"Neil Snow"		"Leptochloa fusca"	"North America north of Mexico"			garrett.billings33@gmail.com	niels.klazenga@rbg.vic.gov.au	key-8883-leptochloa-fusca-subspecies.tsv
8884	"2018-10-10 02:23:53"	"2020-03-19 12:50:57"	"Dinebra panicea subspecies"	"Neil Snow"	"Names have been changed to reflect changes in generic concepts"	"Dinebra panicea"	"North America north of Mexico"			garrett.billings33@gmail.com	niels.klazenga@rbg.vic.gov.au	key-8884-dinebra-panicea-subspecies.tsv
8886	"2018-10-10 04:47:04"	"2018-10-10 04:47:04"	"Eragrostis ciliaris varieties"	"Paul M. Peterson"		"Eragrostis ciliaris"	"North America north of Mexico"			garrett.billings33@gmail.com	niels.klazenga@rbg.vic.gov.au	key-8886-eragrostis-ciliaris-varieties.tsv
8887	"2018-10-10 04:50:58"	"2018-10-10 04:50:58"	"Eragrostis mexicana subspecies"	"Paul M. Peterson"		"Eragrostis mexicana"	"North America north of Mexico"			garrett.billings33@gmail.com	niels.klazenga@rbg.vic.gov.au	key-8887-eragrostis-mexicana-subspecies.tsv
8888	"2018-10-10 04:53:58"	"2018-10-10 04:53:58"	"Eragrostis pilosa"	"Paul M. Peterson"		"Eragrostis pilosa"	"North America north of Mexico"			garrett.billings33@gmail.com	niels.klazenga@rbg.vic.gov.au	key-8888-eragrostis-pilosa.tsv
8889	"2018-10-10 04:57:41"	"2018-10-10 04:57:41"	"Eragrostis pectinacea varieties"	"Paul M. Peterson"		"Eragrostis pectinacea"	"North America north of Mexico"			garrett.billings33@gmail.com	niels.klazenga@rbg.vic.gov.au	key-8889-eragrostis-pectinacea-varieties.tsv
8891	"2018-10-10 06:47:20"	"2018-10-10 06:47:20"	"Eleusine coracana"	"Khidir W. Hilu"		"Eleusine coracana"	"North America north of Mexico"			garrett.billings33@gmail.com	niels.klazenga@rbg.vic.gov.au	key-8891-eleusine-coracana.tsv
8892	"2018-10-10 07:05:14"	"2018-10-10 07:05:14"	"Sporobolus vaginiflorus varieties"	"Paul M. Peterson, Stephan L. Hatch and Alan S. Weakley"		"Sporobolus vaginiflorus"	"North America north of Mexico"			garrett.billings33@gmail.com	niels.klazenga@rbg.vic.gov.au	key-8892-sporobolus-vaginiflorus-varieties.tsv
8893	"2018-10-10 07:32:18"	"2018-10-10 07:32:18"	"Sporobolus compositus"	"Paul M. Peterson, Stephan L. Hatch and Alan S. Weakley"		"Sporobolus compositus"	"North America north of Mexico"			garrett.billings33@gmail.com	niels.klazenga@rbg.vic.gov.au	key-8893-sporobolus-compositus.tsv
8894	"2018-10-10 07:39:04"	"2018-10-10 07:39:04"	"Calamovilfa longifolia varieties"	"John W. Thieret†"		"Calamovilfa longifolia"	"North America north of Mexico"			garrett.billings33@gmail.com	niels.klazenga@rbg.vic.gov.au	key-8894-calamovilfa-longifolia-varieties.tsv
8895	"2018-10-10 07:47:39"	"2018-10-10 07:47:39"	"Chloris canterae varieties"	"Mary E. Barkworth"		"Chloris canterae"	"North America north of Mexico"			garrett.billings33@gmail.com	niels.klazenga@rbg.vic.gov.au	key-8895-chloris-canterae-varieties.tsv
8896	"2018-10-10 08:02:17"	"2018-10-10 08:02:17"	"Cynodon dactylon varieties"	"Mary E. Barkworth"		"Cynodon dactylon"	"North America north of Mexico"			garrett.billings33@gmail.com	niels.klazenga@rbg.vic.gov.au	key-8896-cynodon-dactylon-varieties.tsv
8897	"2018-10-10 08:05:54"	"2018-10-10 08:05:54"	"Cynodon incompletus varieties"	"Mary E. Barkworth"		"Cynodon incompletus"	"North America north of Mexico"			garrett.billings33@gmail.com	niels.klazenga@rbg.vic.gov.au	key-8897-cynodon-incompletus-varieties.tsv
8898	"2018-10-10 08:14:19"	"2018-10-10 08:14:19"	"Bouteloua curtipendula varieties"	"J.K. Wipff"		"Bouteloua curtipendula"	"North America north of Mexico"			garrett.billings33@gmail.com	niels.klazenga@rbg.vic.gov.au	key-8898-bouteloua-curtipendula-varieties.tsv
8899	"2018-10-10 08:16:07"	"2018-10-10 08:16:07"	"Bouteloua aristidoides varieties"	"J.K. Wipff"		"Bouteloua aristidoides"	"North America north of Mexico"			garrett.billings33@gmail.com	niels.klazenga@rbg.vic.gov.au	key-8899-bouteloua-aristidoides-varieties.tsv
8900	"2018-10-10 08:19:41"	"2018-10-10 08:19:41"	"Bouteloua hirsuta subspecies"	"J.K. Wipff"		"Bouteloua hirsuta"	"North America north of Mexico"			garrett.billings33@gmail.com	niels.klazenga@rbg.vic.gov.au	key-8900-bouteloua-hirsuta-subspecies.tsv
8901	"2018-10-10 08:22:59"	"2018-10-10 08:22:59"	"Bouteloua trifida varieties"	"J.K. Wipff"		"Bouteloua trifida"	"North America north of Mexico"			garrett.billings33@gmail.com	niels.klazenga@rbg.vic.gov.au	key-8901-bouteloua-trifida-varieties.tsv
8902	"2018-10-10 08:26:00"	"2018-10-10 08:26:00"	"Bouteloua barbata varieties"	"J.K. Wipff"		"Bouteloua barbata"	"North America north of Mexico"			garrett.billings33@gmail.com	niels.klazenga@rbg.vic.gov.au	key-8902-bouteloua-barbata-varieties.tsv
8903	"2018-10-10 08:37:40"	"2018-10-10 08:37:40"	"Hilaria belangeri varieties"	"Mary E. Barkworth"		"Hilaria belangeri"	"North America north of Mexico"			garrett.billings33@gmail.com	niels.klazenga@rbg.vic.gov.au	key-8903-hilaria-belangeri-varieties.tsv
8904	"2018-10-10 09:32:44"	"2018-10-10 09:32:44"	"Aristida longespica"	"Kelly W. Allred"		"Aristida longespica"	"North America north of Mexico"			garrett.billings33@gmail.com	niels.klazenga@rbg.vic.gov.au	key-8904-aristida-longespica.tsv
8905	"2018-10-10 09:40:38"	"2018-10-10 09:40:39"	"Aristida purpurea varieties"	"Kelly W. Allred"		"Aristida purpurea"	"North America north of Mexico"			garrett.billings33@gmail.com	niels.klazenga@rbg.vic.gov.au	key-8905-aristida-purpurea-varieties.tsv
8906	"2018-10-10 09:47:04"	"2018-10-10 09:47:04"	"Aristida purpurascens varieties"	"Kelly W. Allred"		"Aristida purpurascens"	"North America north of Mexico"			garrett.billings33@gmail.com	niels.klazenga@rbg.vic.gov.au	key-8906-aristida-purpurascens-varieties.tsv
8907	"2018-10-10 10:59:21"	"2018-10-10 10:59:21"	"Digitaria filiformis varieties"	"J.K. Wipff"		"Digitaria filiformis"	"North America north of Mexico"			garrett.billings33@gmail.com	niels.klazenga@rbg.vic.gov.au	key-8907-digitaria-filiformis-varieties.tsv
8941	"2018-10-24 05:11:08"	"2018-10-24 05:11:08"	"Digitaria eriantha subspecies"	"J.K. Wipff"		"Digitaria eriantha"	"North America north of Mexico"			garrett.billings33@gmail.com	niels.klazenga@rbg.vic.gov.au	key-8941-digitaria-eriantha-subspecies.tsv
8942	"2018-10-24 05:15:58"	"2018-10-24 05:15:58"	"Digitaria ciliaris varieties"	"J.K. Wipff"		"Digitaria ciliaris"	"North America north of Mexico"			garrett.billings33@gmail.com	niels.klazenga@rbg.vic.gov.au	key-8942-digitaria-ciliaris-varieties.tsv
8943	"2018-10-24 05:56:31"	"2018-10-24 05:56:31"	"Oplismenus hirtellus subspecies"	"J.K. Wipff"		"Oplismenus hirtellus"	"North America north of Mexico"			garrett.billings33@gmail.com	niels.klazenga@rbg.vic.gov.au	key-8943-oplismenus-hirtellus-subspecies.tsv
8944	"2018-10-24 06:02:04"	"2018-10-24 06:02:04"	"Echinochloa muricata varieties"	"P.W. Michael"		"Echinochloa muricata"	"North America north of Mexico"			garrett.billings33@gmail.com	niels.klazenga@rbg.vic.gov.au	key-8944-echinochloa-muricata-varieties.tsv
8945	"2018-10-24 06:28:50"	"2018-10-24 06:28:50"	"Echinochloa crus-pavonis varieties"	"P.W. Michael"		"Echinochloa crus-pavonis"	"North America north of Mexico"			garrett.billings33@gmail.com	niels.klazenga@rbg.vic.gov.au	key-8945-echinochloa-crus-pavonis-varieties.tsv
8946	"2018-10-24 07:13:45"	"2018-10-24 07:13:45"	"Dichanthelium commutatum subspecies"	"Robert W. Freckmann and Michel G. Lelong"		"Dichanthelium commutatum"	"North America north of Mexico"			garrett.billings33@gmail.com	niels.klazenga@rbg.vic.gov.au	key-8946-dichanthelium-commutatum-subspecies.tsv
8948	"2018-10-24 07:17:25"	"2018-10-24 07:17:25"	"Dichanthelium oligosanthes"	"Robert W. Freckmann and Michel G. Lelong"		"Dichanthelium oligosanthes"	"North America north of Mexico"			garrett.billings33@gmail.com	niels.klazenga@rbg.vic.gov.au	key-8948-dichanthelium-oligosanthes.tsv
8949	"2018-10-24 07:23:45"	"2018-10-24 07:23:45"	"Dichanthelium acuminatum subspecies"	"Robert W. Freckmann and Michel G. Lelong"		"Dichanthelium acuminatum"	"North America north of Mexico"			garrett.billings33@gmail.com	niels.klazenga@rbg.vic.gov.au	key-8949-dichanthelium-acuminatum-subspecies.tsv
8950	"2018-10-24 07:28:04"	"2018-10-24 07:28:04"	"Dichanthelium ovale subspecies"	"Robert W. Freckmann and Michel G. Lelong"		"Dichanthelium ovale"	"North America north of Mexico"			garrett.billings33@gmail.com	niels.klazenga@rbg.vic.gov.au	key-8950-dichanthelium-ovale-subspecies.tsv
8951	"2018-10-24 07:32:35"	"2018-10-24 07:32:35"	"Dichanthelium dichotomum subspecies"	"Robert W. Freckmann and Michel G. Lelong"		"Dichanthelium dichotomum"	"North America north of Mexico"			garrett.billings33@gmail.com	niels.klazenga@rbg.vic.gov.au	key-8951-dichanthelium-dichotomum-subspecies.tsv
8952	"2018-10-24 07:35:18"	"2018-10-24 07:35:18"	"Dichanthelium ensifolium"	"Robert W. Freckmann and Michel G. Lelong"		"Dichanthelium ensifolium"	"North America north of Mexico"			garrett.billings33@gmail.com	niels.klazenga@rbg.vic.gov.au	key-8952-dichanthelium-ensifolium.tsv
8953	"2018-10-24 07:37:35"	"2018-10-24 07:37:35"	"Dichanthelium chamaelonche subspecies"	"Robert W. Freckmann and Michel G. Lelong"		"Dichanthelium chamaelonche"	"North America north of Mexico"			garrett.billings33@gmail.com	niels.klazenga@rbg.vic.gov.au	key-8953-dichanthelium-chamaelonche-subspecies.tsv
8954	"2018-10-24 07:40:20"	"2018-10-24 07:40:20"	"Dichanthelium portoricense subspecies"	"Robert W. Freckmann and Michel G. Lelong"		"Dichanthelium portoricense"	"North America north of Mexico"			garrett.billings33@gmail.com	niels.klazenga@rbg.vic.gov.au	key-8954-dichanthelium-portoricense-subspecies.tsv
8955	"2018-10-24 07:43:01"	"2018-10-24 07:43:01"	"Dichanthelium aciculare subspecies"	"Robert W. Freckmann and Michel G. Lelong"		"Dichanthelium aciculare"	"North America north of Mexico"			garrett.billings33@gmail.com	niels.klazenga@rbg.vic.gov.au	key-8955-dichanthelium-aciculare-subspecies.tsv
8956	"2018-10-24 07:45:47"	"2018-10-24 07:45:47"	"Dichanthelium strigosum subspecies"	"Robert W. Freckmann and Michel G. Lelong"		"Dichanthelium strigosum"	"North America north of Mexico"			garrett.billings33@gmail.com	niels.klazenga@rbg.vic.gov.au	key-8956-dichanthelium-strigosum-subspecies.tsv
8957	"2018-10-24 07:52:22"	"2018-10-24 07:52:22"	"Panicum miliaceum subspecies"	"Robert W. Freckmann and Michel G. Lelong"		"Panicum miliaceum"	"North America north of Mexico"			garrett.billings33@gmail.com	niels.klazenga@rbg.vic.gov.au	key-8957-panicum-miliaceum-subspecies.tsv
8958	"2018-10-24 07:55:11"	"2018-10-24 07:55:12"	"Panicum capillare subspecies"	"Robert W. Freckmann and Michel G. Lelong"		"Panicum capillare"	"North America north of Mexico"			garrett.billings33@gmail.com	niels.klazenga@rbg.vic.gov.au	key-8958-panicum-capillare-subspecies.tsv
8959	"2018-10-24 07:58:21"	"2018-10-24 07:58:21"	"Panicum philadelphicum subspecies"	"Robert W. Freckmann and Michel G. Lelong"		"Panicum philadelphicum"	"North America north of Mexico"			garrett.billings33@gmail.com	niels.klazenga@rbg.vic.gov.au	key-8959-panicum-philadelphicum-subspecies.tsv
8960	"2018-10-24 08:01:13"	"2018-10-24 08:01:13"	"Panicum anceps subspecies"	"Robert W. Freckmann and Michel G. Lelong"		"Panicum anceps"	"North America north of Mexico"			garrett.billings33@gmail.com	niels.klazenga@rbg.vic.gov.au	key-8960-panicum-anceps-subspecies.tsv
8961	"2018-10-24 08:06:46"	"2018-10-24 08:06:46"	"Panicum rigidulum subspecies"	"Robert W. Freckmann and Michel G. Lelong"		"Panicum rigidulum"	"North America north of Mexico"			garrett.billings33@gmail.com	niels.klazenga@rbg.vic.gov.au	key-8961-panicum-rigidulum-subspecies.tsv
8962	"2018-10-24 08:09:22"	"2018-10-24 08:09:22"	"Panicum amarum subspecies"	"Robert W. Freckmann and Michel G. Lelong"		"Panicum amarum"	"North America north of Mexico"			garrett.billings33@gmail.com	niels.klazenga@rbg.vic.gov.au	key-8962-panicum-amarum-subspecies.tsv
8963	"2018-10-24 08:15:22"	"2018-10-24 08:15:22"	"Panicum dichotomiflorum subspecies"	"Robert W. Freckmann and Michel G. Lelong"		"Panicum dichotomiflorum"	"North America north of Mexico"			garrett.billings33@gmail.com	niels.klazenga@rbg.vic.gov.au	key-8963-panicum-dichotomiflorum-subspecies.tsv
8964	"2018-10-24 08:22:02"	"2018-10-24 08:22:02"	" Panicum hirticaule subspecies"	"Robert W. Freckmann and Michel G. Lelong"		"Panicum hirticaule"	"North America north of Mexico"			garrett.billings33@gmail.com	niels.klazenga@rbg.vic.gov.au	key-8964-panicum-hirticaule-subspecies.tsv
8965	"2018-10-24 08:24:24"	"2018-10-24 08:24:24"	"Panicum hallii subspecies"	"Robert W. Freckmann and Michel G. Lelong"		"Panicum hallii"	"North America north of Mexico"			garrett.billings33@gmail.com	niels.klazenga@rbg.vic.gov.au	key-8965-panicum-hallii-subspecies.tsv
8966	"2018-10-24 08:43:25"	"2018-10-24 08:43:25"	"Eriochloa michauxii varieties"	"Robert B. Shaw, Robert D. Webster and Christine M. Bern"		"Eriochloa michauxii"	"North America north of Mexico"			garrett.billings33@gmail.com	niels.klazenga@rbg.vic.gov.au	key-8966-eriochloa-michauxii-varieties.tsv
8967	"2018-10-24 08:46:47"	"2018-10-24 08:46:47"	"Eriochloa acuminata varieties"	"Robert B. Shaw, Robert D. Webster and Christine M. Bern"		"Eriochloa acuminata"	"North America north of Mexico"			garrett.billings33@gmail.com	niels.klazenga@rbg.vic.gov.au	key-8967-eriochloa-acuminata-varieties.tsv
8968	"2018-10-24 08:53:11"	"2018-10-24 08:53:11"	"Pennisetum polystachion subspecies"	"J.K. Wipff"		"Pennisetum polystachion"	"North America north of Mexico"			garrett.billings33@gmail.com	niels.klazenga@rbg.vic.gov.au	key-8968-pennisetum-polystachion-subspecies.tsv
8972	"2018-10-25 05:49:10"	"2018-10-25 05:49:10"	"Setaria reverchonii subspecies"	"James M. Rominger"		"Setaria reverchonii"	"North America north of Mexico"			garrett.billings33@gmail.com	niels.klazenga@rbg.vic.gov.au	key-8972-setaria-reverchonii-subspecies.tsv
8974	"2018-10-25 05:54:39"	"2018-10-25 05:54:39"	"Setaria viridis varieties"	"James M. Rominger"		"Setaria viridis"	"North America north of Mexico"			garrett.billings33@gmail.com	niels.klazenga@rbg.vic.gov.au	key-8974-setaria-viridis-varieties.tsv
8975	"2018-10-25 06:24:37"	"2018-10-25 06:24:37"	"Setaria pumila subspecies"	"James M. Rominger"		"Setaria pumila"	"North America north of Mexico"			garrett.billings33@gmail.com	niels.klazenga@rbg.vic.gov.au	key-8975-setaria-pumila-subspecies.tsv
8976	"2018-10-25 06:48:10"	"2018-10-25 06:48:10"	"Paspalum setaceum varieties"	"Charles M. Allen and David W. Hall"		"Paspalum setaceum"	"North America north of Mexico"			garrett.billings33@gmail.com	niels.klazenga@rbg.vic.gov.au	key-8976-paspalum-setaceum-varieties.tsv
8977	"2018-10-25 10:17:58"	"2018-12-01 05:58:04"	Cynodonteae	"Mary E. Barkworth"		Cynodonteae	"North America north of Mexico"	"©Utah State University. Reproduced with permission."		garrett.billings33@gmail.com	niels.klazenga@rbg.vic.gov.au	key-8977-cynodonteae.tsv
8978	"2018-10-26 03:06:12"	"2018-10-26 03:06:52"	Amphibromus	"S.W.L. Jacobs"	"As published"	Amphibromus	"North America north of Mexico"		3678	mary.barkworth@usu.edu	niels.klazenga@rbg.vic.gov.au	key-8978-amphibromus.tsv
8979	"2018-10-26 05:00:13"	"2018-10-26 05:00:14"	"Sesleria species"	"Mary E. Barkworth"	"Slightly modified from published version"	Sesleria	"North America north of Mexico"		3679	mary.barkworth@usu.edu	niels.klazenga@rbg.vic.gov.au	key-8979-sesleria-species.tsv
9106	"2018-12-21 06:53:43"	"2018-12-21 06:53:59"	"Eustachys species"	"Cynthia Aulbach"	"As published"	Eustachys	"North America north of Mexico"		3728	mary.barkworth@usu.edu	niels.klazenga@rbg.vic.gov.au	key-9106-eustachys-species.tsv
9760	"2019-06-26 22:27:49"	"2019-06-26 22:36:39"	"Trisetum species"	"Mary E. Barkworth and John H. Rumely"	"Saarela et al. (2014), in their discussion of the phylogeny of many subtribes of Poeae explained that the limits of Trisetum were unclear. Names reflecting well supported changes in the classificatin of the species treated here are given at the end of the relevant leads pending the necessary revision of the this and other keys and the descriptions."	Trisetum	"North America north of Mexico"		3906	mary.barkworth@usu.edu	niels.klazenga@rbg.vic.gov.au	key-9760-trisetum-species.tsv
9794	"2019-07-24 19:35:49"	"2020-07-11 01:58:50"	"Stipeae genera based on Peterson et al. (2019)"	"Paul M. Peterson, Konstantin Romaschenko, Robert J. Soreng, and Jesus Valdés Reyna"	"Based on earlier molecular DNA studies we recognize 14 native Stipeae genera and one intergeneric hybrid in North America. We provide descriptions, new combinations, and 10 illustrations for species of Barkworthia gen. nov., Eriocoma, Neotrinia, Oloptum, Pseudoeriocoma gen. nov., Ptilagrostiella gen. nov., Thorneochloa gen. nov., and ×Eriosella nothogen. nov. The following 40 new combinations are made: Barkworthia stillmanii, Eriocoma alta, E. arida, E. arnowiae, E. bloomeri, E. bracteata, E. contracta, E. coronata, E. curvifolia, E. hendersonii, E. latiglumis, E. lemmonii, E. lemmonii ssp. pubescens, E. lettermanii, E. lobata, E. nelsonii, E. nelsonii ssp. dorei, E. nevadensis, E. occidentalis, E. occidentalis ssp. californica, E. occidentalis ssp. pubescens, E. parishii, E. parishii ssp. depaupertata, E. perplexa, E. pinetorum, E. richardso¬nii, E. robusta, E. scribneri, E. swallenii, E. thurberiana, E. wallowaensis, ×Eriosella caduca, Pseudoeriocoma acuta, P. constricta, P. editorum, P. eminens, P. hirticulmis, P. multinodis, Ptilagrostiella kingii, and Thorneo¬chloa diegoensis. A key to the native and introduced genera of North American Stipeae, and an overview of the tribe in North America and worldwide are given. Lectotypes are designated for Eriocoma cuspidata Nutt., Fendleria rhynchelytroides Steud., Stipa bloomeri Bol., Stipa coronata Thurb., Stipa membranacea Pursh, Stipa mormonum Mez, Stipa richardsonii Link, and Stipa williamsii Scribn. Achnatherum s.s. and Piptatherum s.s. are now restricted to Eurasia and the Mediterranean/Asia, respectively. "	Stipeae	"North America north of Mexico"	"There are not, as yet, descriptions of the revised and new genera in OpenHerbarium, nor keys to the species in the genera. The source paper includes revised and new generic descriptions. They will be posted as time permits. "	3918	mary.barkworth@usu.edu	niels.klazenga@rbg.vic.gov.au	key-9794-stipeae-genera-based-on-peterson-et-al-2019.tsv
10330	"2020-04-03 00:23:22"	"2020-05-23 02:58:58"	"Poa secunda s.l. plus two species with similar morphologies"	"Robert J. Soreng and Lynn J. Gillespie"	"This key is designed primarily to key out the varieties recognized in the article cited but it includes two additional species, Poa curtifolia and Poa tenerrima, that resemble Poa secunda in being non-Arctic taxa with rounded lemma keels"	"Poa secunda"	"North America north of Mexico"		4227	mary.barkworth@usu.edu	mary.barkworth@usu.edu	key-10330-poa-secunda-sl-plus-two-species-with-similar-morphologies.tsv
10331	"2020-04-03 00:56:53"	"2020-04-03 00:57:25"	"Poa secunda varieties"	"Robert J. Soreng & Lynn J. Gillespie"	"This key includes only the varieties of Poa secunda. It was created using the filter function in KeyBase from that presented in the source which is available as Poa secunda plus two species with similar morphologies. It reflects the authors' 2018 interpretation of the subspecies of Poa secunda. "	"Poa secunda"	"North America north of Mexico"		4227	mary.barkworth@usu.edu	mary.barkworth@usu.edu	key-10331-poa-secunda-varieties.tsv
10629	"2020-05-16 20:39:08"	"2020-05-16 20:39:15"	"Kellochloa, a segregate of Panicum"	"Robert W. Freckmann and Michel G. Lelong"	"This key is extracted, without modification, from the key to Panicum first published in the Flora of North America, vol. 25"	Kellochloa	"North America north of Mexico"			mary.barkworth@usu.edu	niels.klazenga@rbg.vic.gov.au	key-10629-kellochloa-a-segregate-of-panicum.tsv
10944	"2020-09-02 21:16:09"	"2020-09-02 11:26:52"	"Bromus sections"		"This key contains the same leads as in the key to species, but it is broken into a key to sections, followed by keys to the species within the sections. Some may find this easier. "	Bromus	"North America north of Mexico"			mary.barkworth@usu.edu	niels.klazenga@rbg.vic.gov.au	key-10944-bromus-sections.tsv
13210	"2023-12-10 23:02:09"	"2023-12-10 12:02:10"	"New genera and species of Calamagrostis and its relatives in the Americas"	"P.M.Peterson, R.J. Soreng, K. Romaschenko, P. Barberá, A. Quintanar, and C. Aedo"	"This key is extracted from ""New combinations and new names in American Cinnagrostis, Peyritschia, and Deschampsia, and three new genera: Greeneochloa, Laegaardia, and Paramochloa (Poeae, Poaceae)"" published in Phytoneuron 2019-39: 1–23. It is posted to assist others in the preparation of regional treatments of the taxa involved. "	Poeae	"North America, Central America, and South America"			mary.barkworth@usu.edu	niels.klazenga@rbg.vic.gov.au	key-13210-new-genera-and-species-of-calamagrostis-and-its-relatives-in-the-americas.tsv
