id	author	year	title	collection_authors	collection_title	edition	series	volume	part	publisher	place_of_publication	pages	url
3359													
3360	"Barkworth M.E."	2007	"Key to tribes"	"M.E. Barkworth, K.M.C. Capels. S. Long, L.K Anderton, and M.B. Piep. (Eds.)."	"Flora of North America north of Mexico"			24		"Oxford University Press"	"New York"	7-10	
3395	"Barkworth, M.E."	2007	Poeae	"Barkworth, M.E., K.M. Capels, S. Long, L.K. Anderton, and M.B. Piep (Eds.)."	"Flora of North America north of Mexico"			24		"Oxford University Press"	"New York, US"	378-389	
3398	"Crins, W.J."	2007	Milium	"Barkworth, M.E., K.M. Capels, S. Long, L.K. Anderton, and M.B. Piep. (Eds.)."	"Flora of North America north of Mexico"			24		"Oxford University Press"	"New York. ©Utah State University. Reproduced by permission. "	778-780	
3399	"Baum, B.R."	2007	"North America north of Mexico"	"Barkworth, M.E., K.M. Capels, S. Long, L.K. Anderton, and M.B. Piep. (Eds.)."	"Flora of North America North of Mexico."			24		"Oxford University Press"	"New York. ©Utah State University. Reproduced by permission. "	734-739	
3406	"Peterson, P.M., S.L. Hatch, and A.S. Weakley"	2003	Sporobolus	"M.E. Barkworth, K.M. Capels, S. Long, and M.B. Piep (Eds.). "	"Flora of North America north of Mexico."			25		"Oxford University Press"	"New York. ©Utah State University. Reproduced by permission. "	"115-139. "	
3426	"Bothmer, R. von, C. Baden, and N.H. Jacobsen"	2007	Hordeum	"Barkworth, M.E., K.M. Capels, S. Long, L.K. Anderton, and M.B. Piep. (Eds.)"	"Flora of North America North of Mexico"			24		"Oxford University Press"	"New York, USA. ©Utah State University. Reproduced by permission."	241-253	
3538	"Barkworth, M.E."	2018	"Amelichloa in North America north of Mexico"										
3607	"Barkworth, M.E., J.J.N. Campbell and B. Salomon"	2007	Elymus	"M.E. Barkworth et al. (Eds)"	"Flora of North America north of Mexico 288-343"			24		"Oxford University Press"	"New York. Copyright Utah State University"	288-343	
3609	"Piep, M.B."	2007	Brachypodium	"M.E. Barkworth, K.M. Capels, S.Long. L.K. Anderton, and M.B. Piep (Eds.)"	"Flora of North American north of Mexico"			24		"Oxford University Press"	"New York"	187-192	
3610	"Allred, K.W."	2003	Aristida	"Mary E. Barkworth, K.M.Capels, S. Long, and M.B. Piep"	"Flora of North America north of Mexico"			25		"Oxford University Press"	"New York"	315-342	
3611	"Barkworth, M.E."	2007	Glyceria	"Barkworth, M.E. K.M.Capels, S. Long. .K. Anderton, and M.B. Piep"	"Flora of North America north of Mexico"			24		"Oxford University Press"	"New York."	"68 - 88"	
3612	"Barkworth, M.E."	2007	Leymus	"Barkworth, M.E., K.M. Capels, S. Long, L.K. Anderton and M.B. Piep (Eds)"	"Flora of North America north of Mexico"			24		"Oxford University Press"	"New York"	353-369	
3618	"Barkworth, M.E."	2007	Ammophila	"M.E. Barkworth, K.M. Capels, S. Long, L.K. Anderton and M.B. Piep"	"Flora of North America north of Mexico"			24		"Oxford University Press"	"New York"	776-779	
3620	"Darbyshire, S.J. and L.E. Pavlick"	2007	Festuca	"Barkworth, M.E., K.M. Capels, S. Long, L.K. Anderton and M.B. Piep"	"Flora of North American north of Mexico"			24		"Oxford University Press."	"New York. Reproduced with permission."	389-443	
3677	"Jacobs, S.W.L."	2007	Amphibromus		"Flora of North America north of Mexico"			24		"Oxford University Press"	"New York, USA."	703-705	
3678	"Jacobs. S.W.L."	2007	Amphibromus	"Barkworth, M.E., K.M. Capels, S. Long, L.K. Anderton, and M.B. Piep."	"Flora of North America north of Mexico"			24		"Oxford UNiversity Press"	"New York, USA"	703-705	
3679	"Barkworth, M.E."	2007	Sesleria	"Barkworth, M.E., K.M. Capels, S. Long, L.K. Anderton, and M.B. Piep."	"Flora of North America north of Mexico"			24		"Oxford University Press"	"New York"	678-681	
3728	"Aulbach, C."	2003	Eustachys										
3739	"Ali, S.I."	1983	Asclepiadaceae	"E. Nasir and S.I. Ali"	"Flora of PAkistan"			150		"Department of Botany, University of Karachi"	"Karachi, Pakistan"	1-65	
3906	"Barkworth, M.E. and J.H. Rumely"	2007	Trisetum	"Barkworth, M.E., L.K. Anderton, K. M. Capels, S. Long, and M.B. Piep"	"Manual of grasses for North America"					"Utah State University Press"	"Logan, Utah"	173-174	
3918	"Peterson, P.M., K. Romaschenko, R.J. Soreng, and J. Valdés Reyna"	2019	"A key to the North American genera of Stipeae (Poaceae, Pooideae) with descriptions and taxonomic names for species of Eriocoma, Neotrinia, Oloptum, and five new genera: Barkworthia, ×Eriosella, Pseudoeriocoma, Ptilagrostiella, and Thorneochloa"					126				89-125	
4227	"Soreng, R.J. and L.J. Gillespie"	2018	"Poa secunda J. Presl (Poaceae): a modern summary of infraspecific taxonomy, chromosome numbers, related species and infrageneric placement based on DNA "					110				101-121	
4336	"Saarela, JM, P.M. Peterson, R.J. Soreng, & R.E. Chapman"	2003	" A Taxonomic Revision of the Eastern North American and Eastern Asian Disjunct Genus Brachyelytrutn (Poaceae): Evidence from Morphology, Phytogeography and AFLPs. Systematic Botany 28:674-692."					28				674-692	
4832	"Pavlick, L.E and L.K. Anderton"	2007	Bromus	"Barkworth, M.E., K.M. Capels, S.Long, L.K. Anderon, and M.B. Piep"	"Flora of North America north of Mexico"			24		"Oxford University Press."	"New York. Published with permission."	193-237	
5629	"Peterson, P.M., R.J. Soreng, K. Romaschenko, P. Barberá, A. Quintanar, and C. Aedo"	2019	"New combinations and new names in American Cinnagrostis, Peyritschia, and Deschampsia, and three new genera: Greeneochloa, Laegaardia, and Paramochloa (Poeae, Poaceae)"					2019				1-23	
