from	statement	to
1	"Plants with basal rosettes; rhizomes without scaly leaves at the tip"	2
1	"Plants without basal rosettes; rhizomes with scally leaves near the tip"	3
2	"Calyx lobes oblong; nectar scales oblong to broadly oblong"	"Rhodiola pachyclados"
2	"Calyx lobes broadly oblong-ovate to broadly ovate; nectar scales transverselynarrowly oblong"	"Rhodiola saxifragoides"
3	"Flowers bisexual"	4
3	"Flowers unisexual"	5
4	"Epipetalous stamens 2.5-3.5 mm long; alternipetalous stamens 5-6.5 mm long; flowering stems 1-2.5 mm thick; ovules 12-18 per locule; nectar scales square"	"Rhodiola sinuata"
4	"Epipetalous stamens 7-8 mm long; alternipetalous stamens 7.5-12 mm long; flowering stems 3-6 mm thickl ovules 26-36 per locule; nectar scales broadly oblong"	"Rhodiola wallichiana"
5	"Flowering stems deciduous"	6
5	"Flowering stems persistent"	8
6	"Stamens twice as long as the petals; leaves triangular ovate, broadly cordate; ovules 20-32 per locule; flowers sessile or subsessile"	"Rhodiola hterodonta"
6	"Stamens as long as or long than the petals but never twice as long them; leaves elliptic to oblong-ovate or obovate; ovules 10-16 per locule; flowers pedicellate"	7
7	"Stamens as long as the petals; epipetalous stamens 2-3.5 mm long; alternipetalous stamens 2-4 mm long; petals purplish red; seeds ellipsoidal with roundish toops"	"Rhodiola bupleuroides"
7	"Stamens longer than the petals; epipetalus stamens 3.5-4.5 mm long; alternipetalous stamens 5.5-8 mm long; petals yellow; seeds ellipsoidal with elongated tops"	"Rhodiola imbricata"
8	"Inflorescences dense, corymbiform, captiate"	"Rhodiola recticaulis"
8	"Inflorescences not as above"	9
9	"Cauline leaves 1.6-4 mm wide; flowering stems 1.5-3 mm thick"	10
9	"Cauline leaves 0.6-1(-1.5) mm wide; flowering stems 0.5-1 mm wide"	12
10	"Flowering stems 1-5 cm long; inflorescences usually of solitary flowers, never with more than a fee"	"Rhodiola coccinea"
10	"Flowering stems 6-25 cm long; inflorescences with many floweres, never of solitary flowers"	11
11	"Petals oblong; epipetalous stamens 1.7-2.5 mm long; alternipetalous stamens 2.5-3.5 mm long"	"Rhodiola tibetica"
11	"Petals narrowly elliptic to narrowly obovate or linear-lanceolate; epipetalous stamens 3-4.5 mm long; alternipetalous stamens 4-6 mm long"	"Rhodiola fastigiata"
12	"Petals 3.5-6 mm long; stamens 4-6 mm long; ovules 14-16 per locule; styles 0.7-1.2 mm long"	"Rhodiola fastigiata"
12	"Petals 2-3.5 mm long; stamens 2-4 mm long; ovules 4-12 per locule; styles indistinct"	13
13	"Winter buds conspicuous at anthesis; flowering stems 6-10 cm long"	"Rhodiola quadrifida"
13	"Winter buds inconspicuous at anthesis; flowering stems 1-5 cm long"	"Rhodiola coccinea"
