from	statement	to
1	"Fruits ovate-oblong, 5-8 mm wide; septum absent or incomplete; scapes up to 5 cm long"	2
1	"Fruits linear, lanceolate or oblong-ovate, up to 4 mm wide; septum usally complete or incomplete, rarely absent; scapes more than 8 cm long"	3
2	"Racemes 8-15-flowered; petals 5-6 mm long; fruits glabrous"	"Christolea lanuginosa"
2	"Racemes usually 3-flowered; petals about 9 mm long; fruits with pilose margins (?)"	"Christolea pumila"
3	"Radicles incumbent; plants usually elongated, often more than 20 cm long; fruits often short and wide, 10-30 mm long, 3-4 mm wide"	"Christolea crassifolia"
3	"Radicles accumbent; plants usually less than 15 cm long; fruits often linear, 10-40 mm long, 1-3 mm wide"	4
4	"Leaves suborbicular with (5-)8-10 marginal lobes or teeth;silqes about 15 mm long"	"Christolea scaposa"
4	"Leaves spathulate,usually  3-5-toothed or lobed distally, rarely entire or subentire; siliques usually more than 15 mm long"	5
5	"Sepals connate, unequal"	"Christolea mirabilis"
5	"Sepals free or almost fee, subequal in size"	6
6	"Leaves subentire or entire, up to 5 mm wide; young siliques up to 10 mm long, 1 mm wide"	"Christolea parkeri"
6	"Leaves 3-5, dentate distally; siliques 20-35 mm long, 2-3 mm wide"	7
7	"Fruits glabrous, usually with 3(-3.5) mm wide"	"Christolea stewartii"
7	"Fruits usually pilose, rarely subgralbrous, 2-2.5 mm wide"	"Christolea himalayensis"
