from	statement	to
1	"Plants herbs, without aerial stems; heads surrounded by a rosette of leaves"	"Inula rhizocephala"
1	"Plants herbs or shrubs, always with prominent stems; heads not encircled by a rosette of leaves"	2
2	"Heads radiate, sometimes scarcely so; pappus setae barbellate, free"	3
2	"Heads discoid; pappus setae subplumose, fused at the base into cupules"	"Inula serratuloides"
3	"Upper leaves sessile, semiamplexicaul, lower attenutate into a long, winged petiola; achenes 3-4 mm long, at least 75%  glabrous"	4
3	"Leaves not as above; achenes 1-3 mm long, pubescent of hirsute"	7
4	"Heads in open corymbs; achens at lear 25% pubescent"	"Inula stewartii"
4	"Heads solitary and axillary or terminal or cymosely arranged; achenes completely glabrous"	5
5	"Heads arranged in cymes; pappus setae reddish-brown"	"Inula racemosa"
5	"Heads solitary, axilllary or terminal; pappus setae yellowish"	6
6	"Outer phyllaries lanceolate, up to 3 mm wide; pappus setae biseriate"	"Inula koelzii"
6	"Outer phyllaries ovate-obovate, 5-10 mm wide; pappus setae uniseriate"	"Inula royleana"
7	"Stems profusely branches from the base; stems and leaves papillate-glandular and with pilose hairs or only tomentose"	8
7	"Stems simple or corymbosely branched above the abase; stes and leaves not as above"	9
8	"Stems and leaves tomentose; leaves entire, acuminate-apiculate"	"Inula clarkei"
8	"Stems and leaves papillate-grandular and pilose; leaves entire to obscurely dentate, acute-obtuse"	"Inula obtusifolia"
9	"Stems corymbosely branched aboce the base; leaves entire or minutely dentate or serrate; heads 1.5-2.5 cm in diameter"	10
9	"Stems simple; leaves serrate glandylar; heads 5-7.6 cm in diameter"	"Inula orientalis"
10	"Leaves villous on both surfaces, also more or less glandular on the lowe surfaces, bases cordate-auriculate"	"Inula britannica"
10	"Leaves pilose on the lower surface, bases attenuate or cordate"	11
11	"Leaves linear-lanceolate, acuminate, veins prominent on lower surface"	"Inula acuminata"
11	"Leaves linear, acute-auminate, veins inconspucous on both surfaces"	"Inula falconeri"
