from	statement	to
1	"All filaments completely free"	2
1	"9 or 10 filaments partly to almost wholly united"	4
2	"Leaves pinnately compound (Sophoreae)"	3
2	"Leaves digitately compound (Podalyerieae)"	Thermopsis
3	"Fruits moniliform, straight"	Sophora
3	"Fruits not moniliform, subfalcate"	"Castanospermum:Castanospermum australe"
4	"Anthers uniform in attachment, uniform, or almost so, in size and shape"	5
4	"Anthers alternately dorsifixed and basifixed, either all equal or alternately long and short"	150
5	"Free upper part of filaments more or less filiform, not dilated upwards"	6
5	"Free upper part of half of the filaments dilated or expanded upwards; lwer pair of leaflets sometimes resembling stipules"	131
6	"Fruits not breaking into separate joints when mature, sometimes filled between the seeds or divided by a longitudinal septum, sometimes 1-seeded"	7
6	"Fruits jointed when ripe, transversely septate, usually breaking up into 1-seeded segments"	120
7	"Filaments united into a single group, forming a more or less closed tube, sometimes the adaxial filament free at the base but connate higher up with the other filaments"	8
7	"Filaments either united in one group of 9 plus a single, free or partially connate stamen or, if fused into a single group, then the sheath split, usually on the upper side, more rarely also on the lower side"	21
8	"Racemes with tumid swollen rachis nodes ; bracts small or caducous; styles glabrous; calyx lobes 4, the upper 2 connate, very rarely unequally 2-lipped (Diocleae)"	9
8	"Racemes or panicles not swollen at the rashis nodes or the inflorescences fasciculate, capitate or subumbellate"	10
9	"Fruits with a wing or rib near the upper suture"	Canavalia
9	"Fruits without a wing or rib"	Pueraria
10	"Plants herbs or shrublets; hairs mostly 2-branched; racemes or spikes axillary; anthers apiculate or gland-tipped"	11
10	"Plants trees or shrubs, rarely climbers or herbs; indumentum, when present, not of medifixed; styles glabrous or hairy; anthers neither tipped by a gland nor mucronate"	12
11	"Upper stamen within a flower attached to the others only by the base of its filament"	Indigofera
11	"Upper stamen within a flower fused to the others its whole filament length"	Cyamopsis
12	"Fruits dehiscent"	13
12	"Fruits indehiscent"	17
13	"Flowers in terminal racemes of panicles. Sometimes also in the upper axils, or flowers axillary"	"Robinia:Robinia pseudoacacia"
13	"Flowers in axillary racemes of fasciculate at the older, leafless nodes; leaves pinnates"	14
14	"Plants trees or shrubs, sometimes climbing"	15
14	"Plants shrublets or herbs, rarely annual, not climbing; banner petals often hairy externally"	16
15	"Disks present; ovaries usually sessile (rarely stipitate); fruits tardily dehiscent"	Millettia
15	"Disks absent; ovaries stipitate; fruits soon dehiscent"	Wisteria
16	"Stipules more or less sagittate; plants perennial herbs"	"Galega:Galega officinalis"
16	"Stipules absent or, if present, not agittate; plants shrublets or herbs"	Tephrosia
17	"Fruits semiorbicular or circinate, with 1-2 seeds; plants herbs or shrublets, rarely spiny"	Onobrychis
17	"Fruits neither semiorbicular nor circinate, usually with more than 2 seeds"	18
18	"Calyces usually cup-shaped, truncate with small teeth; banner petals oftern silky externally; plants trees or scambling shrubs"	19
18	"Calyces not cup-shaped; plants shrublets or herbs; inflorescences mostly capitate or umbellate"	20
19	"Fruits not winged"	Pongamia
19	"Fruits winged"	Derris
20	"Lower leaflets stipule-like; fruits dehiscent"	Lotus
20	"Lower leaflets not stipule-like; fruits indehiscent"	Securigera
21	"Leaves simple, not reduced to scales or phyllodes; plants herbs with 2-branched hairs and apiculate stamens"	22
21	"Leaves compound"	23
22	"Upper stamen within a flower attached to the others only by the base of its filament"	Indigofera
22	"Upper stamen within a flower fused to the others its whole filament length"	Cyamopsis
23	"Leaves usually digitately compound, sometimes with only 1 leaflet"	24
23	"Leaves pinnately compound, with 3 or more leaflets"	54
24	"Leaves neither gland-dotted nor pellucid-punctate on the lower surfaces"	25
24	"Leaves glandular or pellucid-punctate on the lower surfaces"	48
25	"Fruits partly or wholly longitudinally septate by intrusion of the seed bearing suture; stipels absent"	26
25	"Fruits not longitudinally septate, seed-bearing suture not intruding; stipels present or absent"	31
26	"Anther locules confluent at the tip; plants perennial herbs, usually glandular; anthers dimorphic"	Glycyrrhiza
26	"Anther locules not confluent at the tip; over characters varied"	27
27	"Calyces very oblique"	28
27	"Calyces not oblique"	29
28	"Leaves evenly pinnate or digitate"	Caragana
28	"Leaves odd-pinnate"	Chesneya
29	"Keels mucronate, forming a forward-pointing beak"	Oxytropis
29	"Keels not mucronate"	30
30	"Banner petals less than twice the length of the keel petals"	Astragalus
30	"Banner petals about twice the length of the keel petals"	Gueldenstaedtia
31	"Anthers apiculate; plants herbs or shrublets, glabrous with or 2-branched hairs"	32
31	"Anthers not apiculate; plants herbs or shrubs, glabrous or with simple hairs"	33
32	"Upper stamen within a flower attached to the others only by the base of its filament"	Indigofera
32	"Upper stamen within a flower fused to the others its whole filament length"	Cyamopsis
33	"Leaflets more or less toothed, the veins continuing to the margins; plants usually herbs with trifoliate leaves; stipules often adnate to the petioles; stipels absent"	34
33	"Leaflets not toothed; plants usually shrubs, rarely herbs"	37
34	"Petals persistent; claws of wing and keel petals adnate to the staminal tube; stipule bases encircling the stems; leaves usually digitally trifoliate; fruits straight"	Trifolium
34	"Petals rapidly deciduous, none attached to the staminal tube; stipule bases usually not encircling the stems; fruits straight to spirally coiled"	35
35	"Fruits more than 3 times the length of the calyces, almost stright, beaked"	Trigonella
35	"Fruits less than 3 times as long as the calyces and/or spirally coiled"	36
36	"Fruits spirally coiled; inflorescence rachises short, the flowers few or crowded"	Medicago
36	"Fruits straight; inflorescence rachises elongate, with many flowers"	Melilotus
37	"Ovaries with 1 ovule; fruits 1-seeded"	38
37	"Ovaries with more than 1 ovule; fruits with more than 1 seed"	39
38	"Keels straight, obtuse or truncate; bracteoles persistent"	Lespedeza
38	"Keels inflexed, acuminate; bracteoles deciduous"	Campylotropis
39	"Stipels absent; plants usually shrubs or shrublets; flowers usually in terminal, rarely leaf-opposed or axillary, spikes, racemes, or heads"	Lotononis
39	"Stipels present; plants usually herbs, often climbing"	40
40	"Fruits jointed but dehiscing the full length"	41
40	"Fruits not jointed but sometimes filled between the seeds"	44
41	"Racemes in dense fascicles on the older nodes"	"Ougeinia:Ougenina oogeinensis"
41	"Racemes terminal or axillary, not in dense fascicles"	42
42	"Fruit segments terete or subterete; calyces glumaceous and deeply divided"	Alysocarpus
42	"Fruit segments flat or nearly so"	43
43	"Fruits not enclosed by the calyces"	Desmodium
43	"Fruits enclosed by the calyces; calyx lobes not enlarged in fruit"	Uraria
44	"Anthers dimorphic, alternately sterile and fertile; plants climbing herbs; leaves pinnately trifoliate; all filaments connate into a tube; fruits uncinate"	Teramnus
44	"Anthers more or less uniform, all fertile; other characters varied"	45
45	"Styles bearded on the inner face; flowers resupinate"	Clitoris
45	"Styles glabrous"	46
46	"Styles filiform but dilated about midlength; calyx tubes obliquely truncate, teeth reduced or absent; fruits torulose"	Dumasia
46	"Styles not dilated; calyx tubes more or less regular lobed or or 2-lipped"	47
47	"Plants erect herbs or subshrubs; seeds with a scale-like papery caruncle; bracts and bracteoles more or less membranous and caducous"	Glycine
47	"Plants slender climbing herbs; calyces 4-toothed; fruits septate between the seeds"	Shuteria
48	"Fruits dehiscing by 2 valves,with 2 or more seeds"	49
48	"Fruits indehiscent, usually 1-seeded"	53
49	"Ovaries  with 4 or more ovules"	50
49	"Ovaries usually with 1 or 2 ovules, very rarely with 3"	51
50	"Plants erect subshrubs, cultivated as a crop; fruits 4.5-10 cm long; seeds with a small aril"	Cajanus
50	"Plants twining or trailing herbs; fruits 1.5-5 cm long; seeds with a distinct aril"	Atylosia
51	"Calyx lobes enlarged, membranous or scarious after flowering, the lowermost the largest; fruits enclosed by the calyces"	Paracalyx
51	"Calyx lobes not enlarged after flowering; fruit not enclosed by calyces"	52
52	"Plants shrubs; inflorescences sessile, in dense axillary fascicles, racemes or panicles; fruits oblong-ovoid, 9-13 mm long, about 6 mm wide, densely covered with dark red globules"	Flemingia
52	"Plants herbs or undershrubs, usually climbing or prostrate, rarely erect, usually with pedunculate inflorescences or, if sessile, not in dense, axillary fascicles; fruits flattened, without red globules"	Rhynchosia
53	"Ovaries with 1 ovule; wing and keel petals present"	Psoralea
53	"Ovaries with 2-ovules; wing and keel petals absent"	Amorpha
54	"Leaves gland-dotted or peullucid punctate; ovules usually 1-4 per ovary"	55
54	"Leaves neither gland-dotted nor pellucid-punctate; ovules usually more than 4 per ovary, rarely 1 or 2"	63
55	"Fruits usually indehiscent and nearly always 1-seeded; bracteoles absent or minuscule and caducous; anthers versatile; plants shrubs or herbs"	56
55	"Fruits dehiscent, usually with 2 or more seeds, rarely with 1"	57
56	"Ovaries with 1 ovule; wing and keel petals present"	Psoralea
56	"Ovaries with 2-ovules; wing and keel petals absent"	Amorpha
57	"Bracteoles usually present; leaves odd-pinate or with only 1 or 3 leaflets; filament of uppermost stamen free or fused only at the base"	58
57	"Bracteoles absent; leaves usually with 3 leaflets, rarely only 1"	59
58	"Disks present; ovaries usually sessile (rarely stipitate); fruits tardily dehiscent"	Millettia
58	"Disks absent; ovaries stipitate; fruits soon dehiscent"	Wisteria
59	"Ovaries  with 4 or more ovules"	60
59	"Ovaries usually with 1 or 2 ovules, very rarely with 3"	61
60	"Plants erect subshrubs, cultivated as a crop; fruits 4.5-10 cm long; seeds with a small aril"	Cajanus
60	"Plants twining or trailing herbs; fruits 1.5-5 cm long; seeds with a distinct aril"	Atylosia
61	"Calyx lobes enlarged, membranous or scarious after flowering, the lowermost the largest; fruits enclosed by the calyces"	Paracalyx
61	"Calyx lobes not enlarged after flowering; fruit not enclosed by calyces"	62
62	"Plants shrubs; inflorescences sessile, in dense axillary fascicles, racemes or panicles; fruits oblong-ovoid, 9-13 mm long, about 6 mm wide, densely covered with dark red globules"	Flemingia
62	"Plants herbs or undershrubs, usually climbing or prostrate, rarely erect, usually with pedunculate inflorescences or, if sessile, not in dense, axillary fascicles; fruits flattened, without red globules"	Rhynchosia
63	"Fruits dehiscent by 1 or more valves, sometimes only at the top"	64
63	"Fruits indehiscent, sometimes inflated and bladder-like"	107
64	"Petals very unequal in length, either the banner or keel petals much longer than each other or the wing petals; stipels usually present, sometimes glandlike; seeds without strophioles"	65
64	"Petals subequal; keel petals sometimes twisted or beaked"	67
65	"Keel petals much shorter than the banner petals; anthers all similar"	Erythrina
65	"Keel petals longer than or equal to the banner petals; anthers similar or dissimilar"	66
66	"Anthers all alike; banner petals as long as the keel petails; fruit 2-valved and 1 seeded at the top, seedless below"	Butea
66	"Anthers dimorphic, alternately dorsifixed and basifixed, the shorter often also wider; fruits 2-valved, often with stinging hairs"	Mucuna
67	"Indumentum, when present, usually composed, at least in part, of 2-branched hairs; anthers apiculate; stipels usually absent"	68
67	"Indument not as above; anthers not apiculate"	69
68	"Uppermost stamens united to others only at the base of their filaments"	Indigofera
68	"All stamens united to each other by their filamens"	Cyamopsis
69	"Inflorescence rachises thickened at the pedicel nodes; leaves mostly stipellate; filaments of uppermost stamens in a flower usually free; styles bearded on the inner surface; keel petals often spirally twisted; radicles inflexed"	70
69	"Inflorescence rachises not thickened at the nodes unless inflorescences fasciculate, capitate, or axillary"	74
70	"Styles divided into a thin basal part and a thick upper part"	71
70	"Styles of uniformly thin or tapering, not divided into 2 distinct parts"	73
71	"Thickened portion of styles and keels twisted more than 360°; stigmas terminal but not penicllate; banner petals usually without appendages"	Phaseolus
71	"Thickened portion of styles twisted no more than 360°,usually only up to 180°"	72
72	"Thickened portion of styles abruptly curved through 90° just above its junction with the thin portion, narrowed and slightly curved towards the top, resembling a squarish hook"	Macroptilium
72	"Thickened portion of the style usually barbellate; upper portion of styles thickened and cartilaginous, straightor curved, barbellate or hirsute on the inside"	Vigna
73	"Styles distinctly thickened, conspicuous; banner petals usually purple, with distinct appendages near the base"	Lablab
73	"Styles not distinctly thickened, often short and inconspicuous; banner petals with 2 long, lamelliform appendages"	Macroptyloma
74	"Leaf rachises ending in a tendril, empty tip, or bristle at the end; stipels absent"	75
74	"Leaf rachises not ending in a tendril or barren tip"	82
75	"Stamens 9; banner petals not developed; flowers in terminal or subterminal racemes; claw of banner petals more or less adnate to the staminal sheath"	"Abrus:Abrus precatorius"
75	"Stamens 10; flowers axillary or inflorescences racemose in the leaf axils; claw of banner petals free from the staminal sheath"	76
76	"Rachis usually ending in a leaflet, sometimes odified into a tendril or spines"	77
76	"Rachis ending in a bristle or tendril"	78
77	"Stipules with lower portion deeply divided into 3 segments or spiny, the upper part entire; fruits narrowly oblong, ellipsoid or linear-oblong, turgin"	Cicer
77	"Stipules entire; fruits broadly oblong, compressed, 1-2-seeded"	Lens
78	"Fruits broadly oblong, compressed, 1-2-seeded; stipules entire"	Lens
78	"Fruits narrowly oblong to linear-oblong; stipules foliaceous, sagittate, or semi-sagittate"	79
79	"Stipules large, leafy; styles winged at the base"	Pisum
79	"Stipules not so largy and leafy; styles not winged"	80
80	"Leaflets sharply serrate, glandular hairy, not longer than 2 cm; styles glabrous"	Cicer
80	"Leaflets not sharply serrate, not glandular hiary, if with broad, blunt teeth, usually 2-4 cm long; styles hairy or glabrous; staminal tubes oblique at the top;"	81
81	"Styles tapering towards the tip, glabrous or bearded at the tip, if bearded, hairs all around the style or only on one side; leaflets usually numerous"	Vicia
81	"Styles flattened or dorsiventally compressed near the tip, glabrous or bearded only on one side; staminal tubes truncate at the top; leaflets usually 2-4, rarely numerous"	Lathyrus
82	"Fruits longitudinally septate by the intrustion of the seed-bearing suture, often inflated; anther locules usually separate at the top; styles usually glabrous"	83
82	"Fruits not longitudinally septate, sometimes transversely septate but not breaking into segments"	88
83	"Anther locules confluent at the tip; plants perennial herbs, usually glandular; anthers dimorphic"	Glycyrrhiza
83	"Anther locules not confluent at the tip; over characters varied"	84
84	"Calyces very oblique"	85
84	"Calyces not oblique"	86
85	"Leaves evenly pinnate or digitate"	Caragana
85	"Leaves odd-pinnate"	Chesneya
86	"Keels mucronate, forming a forward-pointing beak"	Oxytropis
86	"Keels not mucronate"	87
87	"Banner petals less than twice the length of the keel petals"	Astragalus
87	"Banner petals about twice the length of the keel petals"	Gueldenstaedtia
88	"Fruits inflated and bladder-like, sometimes dehiscent only at the tip"	Coluta
88	"Fruits not inflated, usually compressed but sometimes turgid around the seed"	89
89	"Stipules usually adnate to the petioles; fruits not septate; leaflets often toothed; plants usually herbaceous"	90
89	"Stipules, when present, not or only shortly adnate to the petioles; leaflets entire"	93
90	"Petals persistent; claws of wing and keel petals adnate to the staminal tube; stipule bases encircling the stems; leaves usually digitally trifoliate; fruits straight"	Trifolium
90	"Petals rapidly deciduous, none attached to the staminal tube; stipule bases usually not encircling the stems; fruits straight to spirally coiled"	91
91	"Fruits more than 3 times the length of the calyces, almost straight, beaked"	Trigonella
91	"Fruits less than 3 times as long as the calyces and/or spirally coiled"	92
92	"Fruits spirally coiled; inflorescence rachises short, the flowers few or crowded"	Medicago
92	"Fruits straight; inflorescence rachises elongate, with many flowers"	Melilotus
93	"Ovaries with 1 ovule; fruits 1-seeded, enclosed by persistent calyces; leaves pinnately compound, with 1 or 3 leaflets"	94
93	"Ovaries with more than 1 ovule; fruits with more than 1 seed"	95
94	"Keels straight, obtuse or truncate; bracteoles persistent"	Lespedeza
94	"Keels inflexed, acuminate; bracteoles deciduous"	Campylotropis
95	"Styles glabrous"	96
95	"Styles bearded"	105
96	"Racemes axillary or confined to the older, leafless nodes"	97
96	"Racemes and panicles terminal or leaf-opposed"	103
97	"Plants trees or shrubs; seeds without strophioles; flowers in axially racemes of fasciculate at the older nodes"	"Robinia:Robinia pseudoacacia"
97	"Plants usually herbs or herbaceous climbers or creepers, sometimes subshrubby"	98
98	"Plants upright herbs, rarely tall and subshrubby; fruits usually filled between the seeds"	Sesbania
98	"Plants climbing herbs, rarely shrubs or trees; fruits usually not filled between the seeds"	99
99	"Anthers dimorphic, alternately sterile and fertile; plants climbing herbs; leaves pinnately trifoliate; all filaments connate into a tube; fruits uncinate"	Teramnus
99	"Anthers more or less uniform, all fertile; other characters varied"	100
100	"Styles bearded on the inner face; flowers resupinate"	Clitoris
100	"Styles glabrous"	101
101	"Styles filiform but dilated about midlength; calyx tubes obliquely truncate, teeth reduced or absent; fruits torulose"	Dumasia
101	"Styles not dilated; calyx tubes more or less regular lobed or or 2-lipped"	102
102	"Plants erect herbs or subshrubs; seeds with a scale-like papery caruncle; bracts and bracteoles more or less membranous and caducous"	Glycine
102	"Plants slender climbing herbs; calyces 4-toothed; fruits septate between the seeds"	Shuteria
103	"Plants hard-wooded trees or climbing shrubs"	104
103	"Plants usually herbs, sometimes climbing or shrublets; stipels absent"	Tephrosia
104	"Disks present; ovaries usually sessile (rarely stipitate); fruits tardily dehiscent"	Millettia
104	"Disks absent; ovaries stipitate; fruits soon dehiscent"	Wisteria
105	"Plants hard-wooded trees or shrubs, rarely climbing shrubs"	"Robinia:Robinia pseudoacacia"
105	"Plants usually herbs, sometimes tall or subshrubby or rigid understory shrubs"	106
106	"Inflorescences usually axillary racemes, rarely of only 1 to few axillary flowers"	Sesbania
106	"Racemes terminal or leaf-opposed or in the  upper leaf axils, often leafy at the base"	Tephrosia
107	"Fruits inflated and bladderlike or inflated on each face; stipels absent"	108
107	"Fruits neither inflated nor bladder-like, sometimes winged"	114
108	"Fruits not longitudinally septate; styles bearded on one side or near the top; plants shrubs or herbs; leaves pinnately compound or with only 1 leaflet"	Cotula
108	"Fruits longitudinally septate or partly so by the intrusion of the seed-bearing suture; styles glabrous"	109
109	"Anther locules confluent at the tip; plants perennial herbs, usually glandular; anthers dimorphic"	Glycyrrhiza
109	"Anther locules not confluent at the tip; over characters varied"	110
110	"Calyces very oblique"	111
110	"Calyces not oblique"	112
111	"Leaves evenly pinnate or digitate"	Caragana
111	"Leaves odd-pinnate"	Chesneya
112	"Keels mucronate, forming a forward-pointing beak"	Oxytropis
112	"Keels not mucronate"	113
113	"Banner petals less than twice the length of the keel petals"	Astragalus
113	"Banner petals about twice the length of the keel petals"	Gueldenstaedtia
114	"Leaflets usually alternate, rarely only 1; anthers small, didymous, not versatile, locules erect, opening by short terminal slits or divergent at the base and with longitudinal slits"	Dalbergia
114	"Leaflets opposite or a few alternate and others opposite or leaflets 3"	115
115	"Leaves with 1-3 leaflets; ovaries with 1 ovule"	116
115	"Leaves often with more than 3 leaflets; ovaries with 2 or more ovules; banner petalsoften silky externally"	117
116	"Keels straight, with obtuse or truncate keels; bracts subtending 2 flowers; bracteoles persistent"	Lespedeza
116	"Keels inflex, acumunate; bracts subtending 1 flower; bracteoles deciduous"	Campylotropis
117	"Plants trees or tall scrambling shrubs; inflorescences racemes or panicles"	118
117	"Plants shrublets or herbs; inflorescences capitate or umbellate"	119
118	"Fruits not winged"	Pongamia
118	"Fruits winged"	Derris
119	"Lower leaflets stipule-like; fruits dehiscent"	Lotus
119	"Lower leaflets not stipule-like; fruits indehiscent"	Securigera
120	"Leaves with stipels; adaxial filament in each flower free or more or less connate into a closed staminal tube"	121
120	"Leaves without stipels"	124
121	"Racemes in dense fascicles on the older nodes"	"Ougeinia:Ougenina oogeinensis"
121	"Racemes terminal or axillary, not in dense fascicles"	122
122	"Fruit segments terete or subterete; calyces glumaceous and deeply divided"	Alysocarpus
122	"Fruit segments flat or nearly so"	123
123	"Fruits not enclosed by the calyces"	Desmodium
123	"Fruits enclosed by the calyces; calyx lobes not enlarged in fruit"	Uraria
124	"Keel petals often obliquely truncate; wing petals usually shorter than keel petals, sometimes equalling them; filaments connate into a tube but split adaxially or uppermost filament free"	125
124	"Keel petals obtuse or beaked, incurved; wing often transversely plicate; filaments connate into a tube that is split adaxially or uppermost filament free"	130
125	"Plants armed"	126
125	"Plants unarmed"	127
126	"Branches spiny; leaves simple; fruits subterete, not enclosed in calyces"	Alhagi
126	"Leaf rachises spiny; leaves compound; fruits compressed, enclosed in calyces"	Ebenus
127	"Fruits stipitate, with 1-3 seeds per fruit; leaves with 1 or 3 leaflets"	Taverniera
127	"Fruits sessile"	128
128	"Fruits jointed"	129
128	"Fruits not jointed, usually crested or prickly, with 1-2 seeds"	Onobrychis
129	"Fruits sutures prickly"	Stracheya
129	"Fruit sutures not prickly"	Hedysarum
130	"Fruits exserted from the calyces; stipules not appendaged at the base"	Aeschynomene
130	"Fruits enclosed by the calyces; stipules appendaged at the base, appendices 2-auricled, 1 auricle longer than the other"	Smithia
131	"Fruits jointed and breaking up into separate segments, these usually indehiscent, sometimes dehiscing by 2 valves; stipels abent; flowers not precocious"	Hippocrepis
131	"Fruits 2-valved or indehiscent, sometimes transversely septate but not breaking into separate parts"	132
132	"Leaf rachises ending in a bristle or tendril; flowers solitary or racemose in the leaf axils"	133
132	"Leaf rachises not ending in a bristle or tendril"	139
133	"Leaf rachises ending in a leaflet"	134
133	"Rachises ending in a bristle or tendril"	135
134	"Stipules usually stipitate, the lower part deeply divided into 3 segments or spiny, upper part entire; fruits narrowly oblong, ellipsoid, or linear-oblong, turgid"	Cicer
134	"Stipules entire; fruits broadly oblong, compressed, 1-2-seeded"	Lens
135	"Fruits broadly oblong, compressed, 1-2-seeded; stipules entire"	Lens
135	"Fruits narrowly oblong to linear-oblong; stipules foliaceous, sagittate, or semi-sagittate"	136
136	"Stipules large, leafy; styles winged at the base"	Pisum
136	"Stipules not so largy and leafy; styles not winged"	137
137	"Leaflets sharply serrate, glandular hairy, not longer than 2 cm; styles glabrous"	Cicer
137	"Leaflets not sharply serrate, not glandular hiary, if with broad, blunt teeth, usually 2-4 cm long; styles hairy or glabrous; staminal tubes oblique at the top;"	138
138	"Styles tapering towards the tip, glabrous or bearded at the tip, if bearded, hairs all around the style or only on one side; leaflets usually numerous"	Vicia
138	"Styles flattened or dorsiventally compressed near the tip, glabrous or bearded only on one side; staminal tubes truncate at the top; leaflets usually 2-4, rarely numerous"	Lathyrus
139	"Claws of some or all petals partly adnate to the staminal tube; flowers in heads or dense spikes; leaflets usually toothed, the lateral veins extending to the teeth or margins"	140
139	"Claws of the petals not adnate to the staminal tube"	143
140	"Petals persistent; claws of wing and keel petals adnate to the staminal tube; stipule bases encircling the stems; leaves usually digitally trifoliate; fruits straight"	Trifolium
140	"Petals rapidly deciduous, none attached to the staminal tube; stipule bases usually not encircling the stems; fruits straight to spirally coiled"	141
141	"Fruits more than 3 times the length of the calyces, almost stright, beaked"	Trigonella
141	"Fruits less than 3 times as long as the calyces and/or spirally coiled"	142
142	"Fruits spirally coiled; inflorescence rachises short, the flowers few or crowded"	Medicago
142	"Fruits straight; inflorescence rachises elongate, with many flowers"	Melilotus
143	"Stamen filaments forming an open sheath"	144
143	"Stamen filaments forming a closed tube"	149
144	"Stipules more or less free from the petioles; leaflets entire, veins not extending to the magins; lowermost pair of leaflets often resembling stipules"	145
144	"Stipules usually partly adnate to the petioles; veins of theleaves extending to the usually toothed margins"	146
145	"Lower leaflets stipule-like; fruits dehiscent"	Lotus
145	"Lower leaflets not stipule like; fruits indehiscent"	Securigera
146	"Petals persistent; claws of wing and keel petals adnate to the staminal tube; stipule bases encircling the stems; leaves usually digitally trifoliate; fruits straight"	Trifolium
146	"Petals rapidly deciduous, none attached to the staminal tube; stipule bases usually not encircling the stems; fruits straight to spirally coiled"	147
147	"Fruits more than 3 times the length of the calyces, almost stright, beaked"	Trigonella
147	"Fruits less than 3 times as long as the calyces and/or spirally coiled"	148
148	"Fruits spirally coiled; inflorescence rachises short, the flowers few or crowded"	Medicago
148	"Fruits straight; inflorescence rachises elongate, with many flowers"	Melilotus
149	"Plants subarborescent shrubs, silky pubescent, not glandular; leaves odd-innate; stipules small, free; racemes terminal"	Tephrosia
149	"Plants usually perennial or annual herb with glandular pubescence; leaves usually with 3-leaflets, sometimes 1 or 2-3 pairs; stipules usually herbaceous and adnate to the petioles"	Ononis
150	"Filaments swollen or expanded in the upper part; plants perennial or annual herbs, often spiny and glandular"	Ononis
150	"Filaments neither swollen nor expanded in the upper part"	151
151	"Fruits not transversely septate or, if so, not breaking up into separate joints"	152
151	"Fruits transversely septate and breaking up into large, 1-seeded joints (sometimes consisting of only 1 joint); leaves with few leaflets"	172
152	"Leaves glandular-punctate; anthers nearly uniform; fruits usuallyboth indehiscent and 1-seeded"	153
152	"Leaves not glandular-punctate; anthers markedly unequal; fruits usually with more than 1 seed"	154
153	"Ovaries 1-seeded; wing and keel petals present"	Psoralea
153	"Ovaries 2-seeded; wing and keel petals absent"	Amorpha
154	"Leaves pinnate, with 3 leaflets, usually with stipels; stems often twining or climbing, sometimes erect or prostrate"	155
154	"Leaves digitately compound, with 3-17 leaflets, or with 1 leaflet or the leaves simple or reduced to scales; stems not twining"	162
155	"Upper filament in each flower free from the others or almost so; petals very unequal in length"	156
155	"Upper filament in each flower connate with the others; plants climbing herbs; leaves with 3 leaflets; stipules small; calyces scarcely 2-lipped"	158
156	"Keel petals much shorter than the banner petals"	Erythrina
156	"Keel petals longer than or equal to the banner petals"	157
157	"Anthers uniform in attachment; banner petals as long as the keel petals; fruits 2-valved and 1-seeded in upper portion, seedless in lower portion"	Butea
157	"Anthers dimophic, alternately dorsi- and basifixed, shorter anthers often wider; fruits often with stinging hairs"	Mucuna
158	"Anthers dimorphic, alternately sterile and fertile; plants climbing herbs; leaves pinnately trifoliate; all filaments connate into a tube; fruits uncinate"	Teramnus
158	"Anthers more or less uniform, all fertile; other characters varied"	159
159	"Styles bearded on the inner face; flowers resupinate"	Clitoris
159	"Styles glabrous"	160
160	"Styles filiform but dilated about midlength; calyx tubes obliquely truncate, teeth reduced or absent; fruits torulose"	Dumasia
160	"Styles not dilated; calyx tubes more or less regular lobed or or 2-lipped"	161
161	"Plants erect herbs or subshrubs; seeds with a scale-like papery caruncle; bracts and bracteoles more or less membranous and caducous"	Glycine
161	"Plants slender climbing herbs; calyces 4-toothed; fruits septate between the seeds"	Shuteria
162	"Filaments forming a tube that is open at the base or split adaxially"	163
162	"Filaments forming a closed tube"	167
163	"Styles ciliate; keels beaked; banner petals with paired callus-like appendages at the base"	164
163	"Styles glabrous; keels usually obtuse or rounded; banner petals without callus like appendages at the base"	165
164	"Fruits compressed; leaves simple; flowers axillary"	Goniogyna
164	"Fruits turgid or inflated"	Crotalaria
165	"Calyx lobes subequal or the lateral sinuses shallowest"	Lotonis
165	"Calyces with 3 lower lobes forming a trifid lip"	166
166	"Wing petals usually united at the tip; keel petals beaked; leaves digitate, with many leaflets"	Lupinus
166	"Wing petals free; keel petals not beaked; leaves with 3 leaflets"	Argyrolobium
167	"Leaves with 5-17 leaflets; stipules partly adnate to the petioles; keels sharply beaked, often enclosed by the wide, apically cohesive wings"	168
167	"Leaves with 1-3 leaflets or simple or reduced to scales; keels not sharply beaked, occasionally apiculate"	169
168	"Wing petals usually united at the tip; keel petals beaked; leaves digitate, with many leaflets"	Lupinus
168	"Wing petals free; keel petals not beaked; leaves with 3 leaflets"	Argyrolobium
169	"Calyces nearly as long as the keel petals, deeply 2-lipped; stipules usually from the branches, often expanded, sometimes adnates to the petioles; leaves with 3 leaflets"	170
169	"Calyces usually much shorter than keel petals or with (1-)2 short lips; stipules small from persistent leaf bases or lacking; leaves various, often siple or reduced"	171
170	"Wing petals usually united at the tip; keel petals beaked; leaves digitate, with many leaflets"	Lupinus
170	"Wing petals free; keel petals not beaked; leaves with 3 leaflets"	Argyrolobium
171	"Leaves with 3 leaflets; inflorescences pendulous; calyces not split to the base"	Laburnum
171	"Leaves absent or unifoliate; inflorescences not pendulous; calyces split to the base"	Spartium
172	"Filaments connate into a closed tube; inflorescences axillary or terminal, usually spicate or capitate, rarely subracemose; fruits maturing above or below ground"	173
172	"Filamentsusually connate into sheaths with 1 or 2 longitudinal splits, rarely only the uppermost filament free; inflorescences usually axillary racemes, rarely axillary fascicles or corymbose; fruits maturing above grouns"	174
173	"Leaves digitately compound, with 2-4 leaflets; ovules numerous; hypanthia short; petals inserted towards the base of the hypanthia; fruits regularly jointed, not maturing below the soil"	Zornia
173	"Leaves pinately compound, with 3-4 leaflets; ovules 2-3; hypanthia long; petals and stamens inserted at the thop of the hypanthia; fruits not regularly jointed, maturing below gound"	Arachis
174	"Fruits exserted from the calyces; stipules not appendaged at the base"	Aeschynomene
174	"Fruits enclosed by the calyces; stipules appendaged at the base, appendices 2-auricled, 1 auricle longer than the other"	Smithia
