from	statement	to
1	"Inflorescences with all flowers bisexual"	2
1	"Inflorescences with all or some flowers unisexual"	3
2	"Leaves broadly elliptic-ovate and cordate; carpels usually 6-9, crowded on the receptacle; achenes drupaceous, with a sclerncymatous endocarp"	Caldesia
2	"Leaves linear-lanceolate to ovate, not cordate; carpels many in a single whorl; achens compressed, without a sclerenchymatous endocarp"	Alisma
3	"Most flowers unisexual, staminate or pistillate; achenes laterally compressed, thin, winged, and beaked"	Sagittaria
3	"Flowers staminate or bisexual; achenes turgid, beaked, with 2 lateral air sacs between the endocarp and exocarp, neither thin nor winged"	"Limnophyton:Limnophyton obtusifolium"
