from	statement	to
1	"Leaves simple, undivided, entire or serrate"	2
1	"Leaves shallowly to deeply divided 1-3 times"	3
2	"Leaves serrate with incurved, gland-tipped teeth, lower surfaces glandular hairy, upper surfaces glabrous"	"Artemisia amygdalina"
2	"Leaves not serrate, both surfaces glabrous"	"Artemisia dracunculus"
3	"Disc florets functionally staminate, with rudimentary ovaries; styles shorter than the corollas"	4
3	"Disc florets fertile, with well developed ovaries; styles as long as or longer than the corollas"	11
4	"Basal and lower cauline leaves oblong-ovate to flabellate, tips usually cuneate to incised dentate"	"Artemisia japonica"
4	"Basal and lower cauline leaves usually ovate-orbicular or oblong-elliptic to broadly ovate, deeply pinnately or palmately dissected or upper leaves simple and occasionally lower leaves 3-5 cleft"	5
5	"Leaves , if undissected, or leaf segments if dissected, usually more than (1-)1.5 mm wide"	6
5	"Leaves dissected, segments usually less than 1 mm wide"	9
6	"Most leaves simple and entire, occasionally lower leaves 3-5-cleft; flowers more than 20 per head"	"Artemisia dracunculus"
6	"Leaves 2-3-times pinnately divided or dissected; flowers fewer than 20 per head"	7
7	"Upper surfaces of leaves with white dots, lower surfaceae grayish hairy to glabrescent; ultimate leaf segments at least 2 mm wide; panicles at least 10 cm wide"	"Artemisia dubia"
7	"Upper surfaces of leaves without white dots, both surfaces glabrous; ultimate leaf segments less than 2 mm wide"	8
8	"Plants 50-80(-90) cm tall; heads 2.5-3 mm long"	"Artemisia desertorum"
8	"Plants 20-40(-50) cm tall; heads 3-4 mm long; phyllaries glaucous"	"Artemisia salsoloides"
9	"Plants annual or perennial herbs; stems usually more than 30 cm tall; panicles very narrowly pyramidal, 1.5-2 cm wide, with suberct branches up to 4 cm long"	"Artemisia stricta"
9	"Plants biennial or perennial; stems usually more than 30 cm tall; panicles broadly pyramidal, with branches more than 5 cm long"	10
10	"Leaf segments linear-lanceolate, 3-4(-5) mm long, 0,5-1 mm wide"	"Artemisia scoparia"
10	"Leaf segments filiform, 8-12 mm long. 0.3-0.5 mm wide"	"Artemisia capillaris"
11	"Receptacles densely to obscurely hairy, sometimes glabrescent to glabrous"	12
11	"Receptacles glabrous"	17
12	"Plants more than 30 cm tall; heads numerous, in narrow to broadly pyramidal panicles"	13
12	"Plants less than 20 cm tall; heads up to 30, in simple racemes"	16
13	"Leaves triangular-ovate; heads 6-7(-8) mm across"	"Artemisia sieversiana"
13	"Leaves oblong-ovate or orbicular to oblate or flabellate; heads 3-5 mm across"	14
14	"Petioles of lower leaves uo to 1.5 cm long; blades oblong-obovate or orbicular to oblate or flabellate"	15
14	"Petioles of lower leaves more than 1.5 cm (up tp 10 cm); blades broadly ovate or oblong-ovate, eith 2-4 mm wide ultimate segments"	"Artemisia absinthium"
15	"Leaf blades orbicular to oblate or flabellate; panicles oblong, 3-4 cm wide"	"Artemisia rutifolia"
15	"Leaf blaes oblong-obovate; panicles more or less oblong-pyramidal, 8-12 cm wide"	"Artemisia persica"
16	"Leaf petioles 4-5 mm long, 6-8 mm wide; peduncles long"	"Artemisia minor"
16	"Leaf petioles 10-15 mm long; blades 10-15 mm long and wide; peduncles very short"	"Artemisia macrocephala"
17	"Ultimate leaf segments 2 mm or more wide"	18
17	"Ultimate leaf segments less than 1.5 mm wide"	27
18	"Panicles broadly pyramidal, usually 10 cm or more wide"	19
18	"Panicles narrowly pyramidal, usually no more than 10 cm wide"	21
19	"Upper surfaces of leaves with white dots"	"Artemisia dubia"
19	"Upper surfaces of leaves without white dots"	20
20	"Heads in open leafless panicles; phyllaries glabrous, shiny"	"Artemisia elegantissima"
20	"Heads in dense, compact, leafy panicles; phyllaries with greyish, webby hairs, not shiny"	"Artemisia vulgaris"
21	"Heads sessile, close together, erect, congested; panicles 1.5-5 cm wide, oblong, dense, upright; panicle branches strongly ascending to erect-appressed"	"Artemisia biennis"
21	"Heads shortly pedunculate, well spaced, nodding; panicles more than 5 cm wide, narrow to broadly pyramidal; branches spreading or ascending"	22
22	"Plants annual, herbaceous; stems simple, sparsely puberulous; leaves glabrous on both surfaces"	"Artemisia annua"
22	"Plants perennial, with several basal stems; lower leaf surfaces densely hairy; upper leaf surfaces from glabrous to densely hairy"	23
23	"Leaves oblong-ovate or orbicular to oblate or flabellate, both surfaces densely sericeous to grayish hairy on both sides; corollas of disc florets long hairy at the tips"	24
23	"Leaves oblong-elliptic or oblong-ovate to broadly triangular ovate, lower surfaces sparsely to densely arachnoid-hairy, upper surfaces with pitted glands, sparsely hairy or glabrous"	25
24	"Leaves oblong-ovate, grayish hairy,tripinnatiset, ultimate segments 1.5-2.5 mm long; heads 3-3.5 mm tall and 3-3.5 mm wide"	"Artemisia persica"
24	"Leaves orbicular to oblate or flabeelate, palmately bipinnatisect, ultimate segments 2-12 mm long; heads 3.5-5 mm long and 3.5-5 mm wide"	"Artemisia rutifolia"
25	"Leaf bases not auriculate; phyllaries almost glabrous"	"Artemisia laciniata"
25	"Leaf bases auriculae; phyllaries strigose or sparsely hairy"	26
26	"Lower leaves bipinnatisect; heads 2.5-3 mm across; outermost phyllaries triangular-ovate, with narrow, scarious margins and acute tips"	"Artemisia gmelinii"
26	"Leaves narrowly tripinnatisect; heads 3-5 mm across; putermost phyllaries linear-oblong, without scarious margins"	"Artemisia santolinifolia"
27	"Panicles 5-10 cm wide, branches obliguely ascending to spreading, more than 4 cm long; phyllaries glabrous"	"Artemisia incisa"
27	"Panicles 2-3 cm wide, branches erect to more or less horizontally spreading, 2.5-4 cm long; phyllaries sparsely to densely covered with webby hairs"	28
28	"Heads 4-4.5 mm long, 4-6 mm wide; corollas of disc florets with sparsely hairy tips; achenes 1.75-2 mm long"	"Artemisia moorcroftiana"
28	"Heads 3-4 mm long, 2-3 mm wide; corollas  of disc florets completely glabrous; achenes about 1.25 mm long"	"Artemisia roxburghiana"
