from	statement	to	shortcut
1	"Inflorescences dense, involucate heads; individual flowers surrounded by a tubular involucel; stamens usually 4"	2	
1	"Inflorescences cymes or panicles, not involucrate; flowers not surrounded by involucels"	6	
2	"Corollas 5-merous"	3	
2	"Corollas 4-merous"	4	
3	"Calyx limbs of 5 stiff, bristles; involucels with scarious, prominent coronas"	Scabiosa	
3	"Calyx limbs of 10-24 plumose bristles; involucels with a short corona"	Pterocephalus	"Pterocephalus gedrosiacus"
4	"Calyces 2-4-lobed; receptacular bracts spine-tipped"	Dipsacus	
4	"Calyx limbs cupular, toothed, or of 8-many stiff bristles; receptacular bracts herbaceous, coriaceous, or absent"	5	
5	"Receptacular bracts herbaceous or absent"	Knautia	"Knautia arvensis"
5	"Receptacular bracts coriaceous"	Cephalaria	"Cephalaria syriaca"
6	"Plants herbaceous; calyx lobes expanding after anthesis; stamens 1-4; ovaries initially with 3-chambers, all but one aborting"	7	
6	"Plants woody; calyx lobes fully developed before anthesis; stamens 5; ovaries with 2-5 chambers"	9	
7	"Corollas spurred; stamens 1 per flower"	Centranthus	"Centranthus ruber"
7	"Corollas not spurred; stamens 3 per flower"	8	
8	"Plants perennials; fruiting calyces with plumose bristles; underground parts aromatic"	Valeriana	
8	"Plants annual; fruiting calyces varioulsy lobed but not plumose; underground parts not aromatic"	Valerianella	
9	"Calyx lobes linear, more than 5 mm long; stamens 4; fruits dry, achene-like"	Abelia	"Abelia triflora"
9	"Calyx lobes less than 5 mm long; stamens 5; fruits more or less fleshy, berries or drupes"	10	
10	"Flowers in whorls; ovaries 5-locular; branches hollow"	Leycesteria	"Leycesteria formosa"
10	"Flowers in pairs; ovaries 2-3-chambered; branches usually solid"	Lonicera	
