from	statement	to
1	"Leaves pinnately compound with 2 leaflets"	2
1	"Leaves simple"	3
2	"Leaflets oblong-cylindric, 5-10 mm ong; flowrs about 6-8 mm across; capsules narrowly oblong, 10-13 mm long"	"Zygophyllum proprinquum"
2	"Leaflets flat, obovate-oblong, 15-26 mm long; flowers about 10 mm across; capsules oblong-cylindric, 20-35 mm long"	"Zygophyllum fabago"
3	"Plants annual herbs, shorter than 20 cm tall; leaves oblong-cylndric, sessile; capsules small, turbinate, 5-angled, without wings"	"Zygophyllum simplex"
3	"Plants perennial shrubs, 50-250 cm tall; leaves flat, oblong-obovate-spathulate or almost roung; capsules 4-winged"	4
4	"Flowers 4-merous; stamens 8; capsules 4-winged"	"Zygophyllum eurypterum"
4	"Flowers 5-merous; stamens 10; capsules 5-winged"	5
5	"Flowers creamy white; pedicels abut 10 mm long; sepals equal in size; staminal scales oblong; capsules 1.5-2(-2.5) cm long, 1.5-2.5 cm wide"	"Zygophyllum atriplicoides"
5	"Flowers yellow; pedicels about 4 mm long; sepals unequal in size; staminal scales ovate; capsules 3-4.5 cm long, 3-4 cm wide"	"Zygophyllum megacarpum"
