from	statement	to
1	"Hairs basifixed (attached at one end)"	2
1	"Hairs medifixed (attached between the ends)"	131
2	"Stigmas penicillate"	3
2	"Stigmas not penicillate"	20
3	"Aerial stems elongated, internodes longer than the stipules"	4
3	"Aerial stems not elongated, internodes shorter than the stipules"	18
4	"Fruits unilocular"	5
4	"Fruits partly or completely bilocular"	7
5	"Wings shorter than the keels"	"Astragalus tribulifolius"
5	"Wings longer than or equal to the keys"	6
6	"Claws of keels 4-5 mm long, more than half as long as the 5-6 mm long blades"	"Astragalus hendersonii"
6	"Claws of keels less than half as long as the blades"	"Astragalus heydei"
7	"Fruits sessile"	8
7	"Fruits stipitate"	11
8	"Fruits rostrate, 10-12-seeded, valves only slightly pushed inwards"	"Astragalus amherstianus"
8	"Fruits not rostrate, more than 20-seeded, partially bilocular"	9
9	"Fruits with only 1 type of hair, all appressed or all erect"	10
9	"Fruits with both appressed and erect hairs"	"Astragalus bakaliensis"
10	"Fruit hairs long and spreading"	"Astragalus eremophilus var. eremophilus"
10	"Fruit hairs short, appressed"	"Astragalus eremophilus var. falcinellus"
11	"Stipes of fruits longer than the calyces"	12
11	"Stipes of fruits shorter than the calyces"	16
12	"Stipules not foliaceous, deciduous"	13
12	"Stipules foliaceous, persistent"	14
13	"Leaflets pubescent on both surfaces"	"Astragalus coluteocarpus var. coluteocarpus"
13	"Leaflets glabrous on adaxial (upper) surfaces"	"Astragalus coluteocarpus var. glaber"
14	"Fruit septa less than 1 mm wide; leaflets 21-41"	15
14	"Fruit septa more than 1 mm wide; leaflets 13-17(-23)"	"Astragalus falconeri"
15	"Fruits glabrous"	"Astragalus hoffmeisteri var. hoffmeisteri"
15	"Fruits pilose, at least when young"	"Astragalus hoffmeisteri var. pilosus"
16	"Fruits 14-24-seeded"	17
16	"Fruits 6-8-seeded"	"Astragalus subumbellatus"
17	"Entire plant, including fruits, pilose"	"Astragalus scorpiurus var. scorpiurus"
17	"Entire plant, including fruits, glabrous"	"Astragalus scorpiurus var. glaber"
18	"Fruits unilocular; leaflets abot 6 mm long or shorter; banner petals 8-10 mm long"	"Astragalus heydei"
18	"Fruits sub-bilocular; leaflets 7 mm long or longer;banner petals 18 mm long or longer"	19
19	"Peduncles (5-)8-10 cm long; racemes with 8-20 flowers; leaflets 4-15 mm side"	"Astragalus mirabilis"
19	"Peduncles 3-7 cm long; racemes with 3-8 flowers; leaflets 2-3 mm wide"	"Astragalus gahiratensis"
20	"Fruiting calyces becoming inflated"	21
20	"Fruiting calyces not becoming inflated"	25
21	"Leaves evenly pinnate; petioles spiny; fruits unilocular"	22
21	"Leaves odd-pinnate; petioles not spiny; fruits bilocular"	24
22	"Free portion of the stipules about 2-3 mm long, acute, villous; calyx teeth inf flower 3-3.5 mm long"	"Astragalus anisacanthus"
22	"Free portion of the stipules 3.5-9 mm long, acuminate, subglabrous, with hairs on the margins"	23
23	"Calyx tubes 5-6 mm long, teeth 6-7 mm long"	"Astragalus diopogon"
23	"Calyx tubes 4-5 mm long, teeth 3-4 mm long"	"Astragalus congestus"
24	"Leaflets broadly ovate to orbiculate; calyx teeth 6-7 mm long, tubes 13-14 mm long"	"Astragalus kahiricus"
24	"Leaflets elliptical, narrowly obovate; calyx teeth 10-11 mm long, tubes 6-7 mm long"	"Astragalus sericostachys"
25	"Leaves odd-pinnate, with rachises of varying textures"	26
25	"Leaves even-pinnate, with hard, spiny rachises"	111
26	"Endocarp of the fruits separating as a thin membrane enclosing the seeds (Group C)"	"Astragalus hosackioides"
26	"Endocarp of the fruits not separating as a thin membrane (Group B)"	27
27	"Banner petals pilose externally"	28
27	"Banner petals glabrous"	31
28	"Plants up to 8 cm long; banner petals up to 8.5 mm long, shorter than the calyces"	"Astragalus mirus"
28	"Plants more than 10 cm long; banner petals more than 10 mm long, longer than the calyces"	29
29	"Stipules longer than the internodes; aerial stems almost absent"	30
29	"Stipules shorter than the internodes"	"Astragalus orbiculatus"
30	"Banner petals longer than 3 cm"	"Astragalus fernandezianus"
30	"Banner petals shorter than 2 cm"	"Astragalus chitralensis"
31	"Leaflets verticillate"	32
31	"Leaflets not veticillate"	34
32	"Calyces covered with spreading hairs"	"Astragalus neubauerianus"
32	"Calycers glabrous or only minutely hairy in the upper portion"	33
33	"Rachises shorter than 15 cm; leaflets 3-6 per whorl, about 1-2 mm wide"	"Astragalus toppinianus"
33	"Rachises more than 15 cm long; leaflets 4-12 per whorl, about 2-3 mm wide"	"Astragalus sp. A"
34	"Flowers sessile or subsessile, forming a compact head"	35
34	"Flowers pedicillate, not forming a compact head"	42
35	"Fruits curved at the base"	36
35	"Fruits not curved at the base"	38
36	"Fruits up to 12 mm long, glabrous or with appressed hairs"	37
36	"Fruits longer than 13 mm, with both appressed and spreading hairs"	"Astragalus schimperi"
37	"Fruits with appressed hairs"	"Astragalus tribuloides var. tribuloides"
37	"Fruits glabrous or with a few hairs at the tip"	"Astragalus tribuloides var. leiocarpus"
38	"Fruits as long as the calyces, unilocular"	"Astragalus leucocephalus"
38	"Fruits longer than the calyces, semibilocular to bilocular"	39
39	"Calyx tubes 1-2 mm long, lower teet about 4 mm long, upper teeth about 2.5 mm long; fruits rugoas"	"Astragalus contortuplicatus"
39	"Calyx tubes 2-2.5 mm long, teeth up to 2 mm long"	40
40	"Leaflets emarginate; fruits ovate"	41
40	"Leaflets not emarginate, obtuse, rarely retuse; fruits semilunar, arcuate"	"Astragalus filicaulis"
41	"Fruits glabrous"	"Astragalus ammophilus var. ammophilus"
41	"Fruits pubescent"	"Astragalus ammophilus var. persepolitanus"
42	"Calyces totally glabrous; keels long than the wings and the banner petals"	"Astragalus concinnus"
42	"Calyces not totally glabrous"	43
43	"Fruits sessile or stipes shorter than 1 mm"	44
43	"Fruits stipitate, stipes longer than 1 mm"	88
44	"Internodes longer than the stipules"	45
44	"Internodes shorter than the stipules"	71
45	"Fruits abruptly curved near the tip"	46
45	"Fruits not abruptly curved near the tip"	49
46	"Banner petals with a terminal appendage; fruits 1.5-1.7 cm long; septa extending up to half the length of the fruits"	"Astragalus gracilipes"
46	"Banner petals without a terminal appendage"	47
47	"Fruits  1-2 mm wide, slightly torulose"	"Astragalus ophiocarpus"
47	"Fruits more than 2 mm wide, not torulose"	48
48	"Fruits glabrous, corrugated"	"Astragalus corrugatus"
48	"Fruits pubescent, not corrugated"	"Astragalus campylorhynchus"
49	"Margins of the fruits spins"	"Astragalus compositus"
49	"Margins of the fruits not spiny"	50
50	"Fruits glabrous or glabrescent"	51
50	"Fruits pilose"	54
51	"Leaf rachises hard, spiny"	"Astragalus webbianus"
51	"Leaf rachises neither hard nor spine"	52
52	"Plants covered with white and black spreading hairs; leaves with more than 15 pairs of leaflets"	"Astragalus retamocarpus"
52	"Fruits glabrous or with white appressed hairs only; leaves with 8 or fewer pairs of leaflets"	53
53	"Inflorescences elongated, longer than 5 cm and with more than 10 racemosely arranged flowers; fruits longitudinally grooved on the dorsal suture"	"Astragalus macropterus"
53	"Infloresnces shorter than 5 mm, with 1-3 clusters of 3-6 flowers; fruits not grooved"	"Astragalus oxyglottis"
54	"Stipules encircling more than half the girth of the stems"	55
54	"Stipules not encircling the stems"	62
55	"Plants, except the old stems, villous; calyx tubes longer than 5 mm"	"Astragalus polybotrys"
55	"Plants not villous; calyx tubes shorter than 5 mm"	56
56	"Bracts longer than the calyces; fruits 2-seeded"	"Astragalus melanostachys"
56	"Bracts shorter than the calyces; fruits with more than 2 seeds"	57
57	"Fruits arcuate, semilunar"	58
57	"Fruits not as above"	61
58	"Calyx teeth shorter than the tube"	59
58	"Calyx teeth longer than the tube"	60
59	"Keels 5-7 mm long"	"Astragalus strictus"
59	"Keels 8-10 mm long"	"Astragalus confertus"
60	"Wings longer than or subequal to the keels; leaflets 2-3.5 mm long, about 1 mm wide; banner petals appreciably longer than the keels"	"Astragalus jabbor-khailii"
60	"Wings shorter than the keels; leaflets 3-3.5 mm long, 1.5-2.5 mm wide; banner petals subequal to or slightly longer than the keels"	"Astragalus lowarensis"
61	"Fruits rugose"	"Astragalus densiflorus"
61	"Fruits not rugose"	"Astragalus clarkeanus"
62	"Inflorescences terminal panicles at least 25 cm long"	"Astragalus tephrosoides var. lacei"
62	"Inflorescences not terminal panicles, shorter than 25 cm"	63
63	"Flowers 6-7(-10) mm long; fruits arcuate"	64
63	"Flowers longer than 10 mm"	65
64	"Fruits with about 20 seeds, always more than 12, longer than 12 mm"	"Astragalus hauarensis var. hauarensis"
64	"Fruits with 5-12 seeds, about 12 mm long"	"Astragalus hauarensis var. brachycarpus"
65	"Calyx teeth equal to or longer than the calyx tubes"	66
65	"Calyx teeth shorter than the tubes"	69
66	"Calyces cylindrical; keels about 2.5 mm wide"	"Astragalus orthocarpus"
66	"Calyces campanulate; keels about 4.5 mm wide"	67
67	"Leaves with 31-37 leaflets; leaflets 5-10 mm long"	"Astragalus zarghumensis"
67	"Leaves with 49-59 leaflets; leaflets 8-30 mm long"	68
68	"Plants villous; hairs white"	"Astragalus albovillosus var. albovillosus"
68	"Plants villous; hairs black and white"	"Astragalus albovillosus var. nigrescens"
69	"Petioles shorter than 1 cm; calyx teeth about 5 mm long"	"Astragalus polybotrys"
69	"Petioles longer than 1 cm"	70
70	"Leaflets 4-10 mm long, 2-5 mm wide; peduncles 8-50 mm long"	"Astragalus malacophyllus"
70	"Leaflets 11-20 mm long, 5-12 mm wide; peduncles 4.5-11.5 mm long"	"Astragalus kashmirensis"
71	"Fruits curved abruptly inwards near the tip; banner petals with a terminal appendage"	72
71	"Fruits not curved abruptly inwards near the top; banner petals without a terminal appendage"	73
72	"Fruits 1.5-1.7 cm long; septa extending up to half the length of the fruits"	"Astragalus gracilipes"
72	"Fruits 2-3.5 cm long; septa extending more than half the length of the fruits"	"Astragalus affghanus"
73	"Ovaries and fruits glabrous"	74
73	"Ovaries and fruits pilose"	75
74	"Leaflets shorter than 3 mm"	"Astragalus minuto-foliolatus"
74	"Leaflets longer than 3 mm"	"Astragalus webbianus"
75	"Flowers 6-9 mm long; fruits arcuate"	76
75	"Flowers longer than 10 mm; fruits not arcuate"	78
76	"Leaflets about 1 mm wide; fruits shorter than 1 cm"	"Astragalus confertus"
76	"Leaflets more than 1 mm wide; fruits longer than 1 cm"	77
77	"Fruits with 12(-20) seeds, longer than 12 mm"	"Astragalus hauarensis var. hauarensis"
77	"Fruits with 5-12 seeds, about 12 mm long"	"Astragalus hauarensis var. brachycarpus"
78	"Leaflets acute"	79
78	"Leaflets not acute"	80
79	"Leaves about 6 cm long; leaflets velvety tomentose on both sides"	"Astragalus sultanii"
79	"Leaves more than 10 cm long; leaflets pilose on the lower surfaces, glabrous on the upper surfaces"	"Astragalus gompholobium"
80	"Leaflets orbicular to suborbicular"	"Astragalus pyrrotrichus"
80	"Leaflets not orbicular to suborbicular"	81
81	"Peduncles 6-31.5 cm long"	"Astragalus flemingii"
81	"Peduncles shorter than 5 cm"	82
82	"Lower calyx teeth at least 5 mm long"	83
82	"Lower calyx teeth 3-4 mm long"	85
83	"Inflorescences pedunculate, peduncles 8-50 cm long"	"Astragalus malacophyllus"
83	"Inflorescences sessile or with peduncles up to 0.5 cm long"	84
84	"Upper calyx teeth about 6 mm long; fruits with about 8 seeds"	"Astragalus staintonianus"
84	"Upper calyx teeth 3-4 mm long; fruits with more than 10 seeds"	"Astragalus rhizanthus"
85	"Leaves with 15-25(-31) leaflets"	86
85	"Leaves with 39 or more leaflets"	87
86	"Rachises stout, erect"	"Astragalus zanskarensis"
86	"Rachises not stout, curved"	"Astragalus pindreensis"
87	"Distances between pairs of leaflets more than 3 mm"	"Astragalus nicharensis"
87	"Distances between pairs of leaflets up to 3 mm"	"Astragalus purpurascens"
88	"Internodes longer than the stipules"	89
88	"Internodes shorter than the stipules"	105
89	"Ovaries and fruits glabrous"	90
89	"Ovaries and fruits pubescent"	95
90	"Calyx teeth deltoid, up to about 1.5 m long"	91
90	"Calyx deeth not deltoid, more than 1.5 mm long"	92
91	"Leaves with 7 leaflets; leaflets elliptic ovate"	"Astragalus pseudochlorostachys"
91	"Leaves with 13-17 leaflets"	"Astragalus chlorostachys"
92	"Stipules not foliaceous, about 1 mm wide"	93
92	"Stipules foliaceous, at least 4 mm wide"	94
93	"Fruits 1.5-1.8 cm long (excluding stipes and styles), with 10-12 seeds,"	"Astragalus bakeri"
93	"Fruits up to 1.3 cm long (excluding stipes and styles) , with 6-8 seeds"	"Astragalus stewartii"
94	"Leaflets oblong to oblong-lanceolate; fruits curved, not ensiform"	"Astragalus concretus"
94	"Leafles round to elliptical-ovate; fruits straignt, ensiform"	"Astragalus graveolens"
95	"Fruits arcuate, semilunar"	"Astragalus strictus"
95	"Fruits not arcuate"	96
96	"Stipules foliaceous, more than 1 cm wide"	"Astragalus kuramensis"
96	"Stipules not as above"	97
97	"Fruits completely unilocular"	98
97	"Fruits partly or completely bilocular"	101
98	"Calyx teeth up to about 1 mm long"	"Astragalus frigidus"
98	"Calyx teeth more than 1 mm long"	99
99	"Leaflets elliptic, acute"	"Astragalus oxyodon"
99	"Leaflets oblong, obtuse-truncate to emarginate"	100
100	"Calyx teeth equal to or longer than the tubes"	"Astragalus maddenianus"
100	"Calyx teeth shorter than the tubes, about 1-2 mm long, tubes about 3 mm long"	"Astragalus himalayanus"
101	"Fruits oblong, gibbous; plants completely covered with dense white spreading hairs"	"Astragalus munroi"
101	"Fruits not as above"	102
102	"Stipes shorter than the calyx tubes"	103
102	"Stipes longer than the calyx tubes"	"Astragalus maxwellii"
103	"Calyx teeth about 1-3 mm long, with black hairs"	"Astragalus tibetanus"
103	"Calyx teeth 4 mm long or longer, with yellowish or black and white hairs"	104
104	"Plants villous; upper calyx teeth about 4 mm long, lower about 5 mm long, with black and white hairs"	"Astragalus pseudo-beckii"
104	"Plants not villous; upper calyx teeth about 5 mm long, lower about 6 mm long, with yellowish hairs"	"Astragalus candolleanus"
105	"Ovaries and fruits glabrous"	106
105	"Ovaries and fruits  pubescent"	107
106	"Leaflets and calyces subpubescent"	"Astragalus edelbergianus"
106	"Leaflets and calyces uniformly pubescent"	"Astragalus scheremetevianus"
107	"Leaflets orbicular -ovate or orbicular-obovate"	"Astragalus flexus"
107	"Leaflets not orbicular"	108
108	"Fruits 11-12 mm wide"	"Astragalus auganus"
108	"Fruits up to about 6 mm wide"	109
109	"Banner petals violin-shaped"	"Astragalus rhizocephalus"
109	"Banner petals not violin-shaped"	110
110	"Calyx teeth 9-10 mm long, longer than the tubes"	"Astragalus gilgentensis"
110	"Calyx teeth 6-6.5 mm long, shorter than the tubes"	"Astragalus candolleanus"
111	"Calyces obconic, pointed at the base; flowers sessile in the leaf axils"	112
111	"Calyces not obconic; flowers variously distributed"	115
112	"Calyx teeth shorter than 5 mm"	113
112	"Calyx teeth long than 5 mm"	114
113	"Calyx teeth about 2 mm long; banner petals violin-shaped"	"Astragalus strobiliferus"
113	"Calyx teeth 4.5-5 mm long; banner petals not violin-shaped"	"Astragalus ghazianus"
114	"Calyces longer than the corollas"	"Astragalus neospinosus"
114	"Calyces shorter than the corollas"	"Astragalus ptilocephalus"
115	"Banner petals pubescent"	116
115	"Banner petals glabrous"	118
116	"Wing and keel petals partly pilose"	117
116	"Wing and keel petals glabrous"	"Astragalus leptus"
117	"Calyces with black hairs"	"Astragalus oihorensis"
117	"Calyces with white hairs"	"Astragalus lasiosemius"
118	"Stipules connate, sheathing the stems, leaving an annual scar after falling"	119
118	"Stipules not connate, not forming annular scars"	120
119	"Young twigs, leaf rachises, lower surfaces of leaflets subglabrous"	"Astragalus psilocentrus var. psilocentrus"
119	"Young twigs, leaf rachises, lower surfaces of leaflets covered with long, loose hairs"	"Astragalus psilocentrus var. pilosus"
120	"Leaves with up to 9 pairs of leaflets"	121
120	"Leaves with 10 or more pairs of leaflets"	128
121	"Banner petals violin-shaped"	122
121	"Banner petals not violin-shaped"	125
122	"Peduncles 1-3 cm long; plants villous all over, brownish or grayish looking"	"Astragalus lamondia"
122	"Peduncles up to 1 cm long, sometimes absent"	123
123	"Banner petals shorter than 2.4 cm"	"Astragalus pseudopsilocanthus"
123	"Banner petals longer than 2.4 cm"	124
124	"Leaflets with upper surfaces glabrous, lower surfaces sparsely pilose; calyces sparsely pilose; stems usually elongated"	"Astragalus grahamianus"
124	"Leaflets villous on both surfaces; calyces villous"	"Astragalus psilacanthus"
125	"Stipules united to the pedicels for their whole length, tips pointing outwards; banner petals 11-13 mm long; fruits 8-9 mm long"	"Astragalus hemsleyi"
125	"Stipules not as above; banner petals and fruits various"	126
126	"Stipules longer than the internodes; wing petals with claws half or more the total length of the petals; calyx hairs white, spreading"	"Astragalus hostilis"
126	"Stipules shorter than the internodes"	127
127	"Banner petals 14-16 mm long; young branches, calyces, and leaves not covered with brown, spreading hairs"	"Astragalus infestus"
127	"Banner petals 18-26 mm long; young branches, calyces, and leaves covered with brown, spreading hairs"	"Astragalus bicuspis"
128	"Banner petals about 1.8 cm long"	"Astragalus polyacanthus"
128	"Banner petals more than 2 cm long"	129
129	"Leaf rachises 1.5-3 cm long"	130
129	"Leaf rachises 7-18 cm long"	"Astragalus oplites"
130	"Banner petals violin-shaped"	"Astragalus psilacanthus"
130	"Banner petals not violin-shaped"	"Astragalus hostilis"
131	"Fruiting calyces becoming inflated"	132
131	"Stipules encircling the stems; leaflets with appressed hairs"	"Astragalus nivalis"
132	"Stipules not encircling the stems"	133
132	"Leaflets linear to sickle-shaped, up to 3 mm wide; peduncles more than 10 cm long"	"Astragalus medius"
133	"Leaflets elliptic, oblong-ovate toobovaate, more than 3 mm wide; peduncles shorter than 2 cm"	"Astragalus breviscapus"
133	"Fruiting calyces not becoming inflated"	134
134	"Stigmas penicillate"	135
134	"Stigmas not penicillate"	137
135	"Leaves odd-pinnate, their rachises neither hard nor spiny"	"Astragalus trichocarpus"
135	"Leaves even-pinnate, their rachises hard and spiny"	136
136	"Inflorescences very elongated, the flowers well spaced; peduncles 15 cm long or longer"	"Astragalus koshukensis"
136	"Inflorescences usually not elongated; peduncles up to 2.5 cm long"	"Astragalus stocksii"
137	"Stipules united at the base and encircling the stems"	138
137	"Stipules free, lateral or adnate to the petioles, not encircling the stem"	140
138	"Flowers hanging downwards; peduncles longer than 10 cm"	"Astragalus peduncularis"
138	"Flowers not hanging downwards; peduncles shorter than 10 cm"	139
139	"Inflorescences compact; leaves with 5-15 leaflets; leaflets 2-6 mm long"	"Astragalus laspurensis"
139	"Inflorescences not compact; leaves with 3-5 leaflets; leaflets 7-25 mm long"	"Astragalus squarrosus"
140	"Aerial stems almost absent; stipules longer than the internoedes"	141
140	"Aerial stems elongated; stipules shorter than the internodes"	148
141	"Leaves with no more than 9 leaflets; leaflets up to 5 mm wide"	142
141	"Leaves with more than 9 leaflets"	144
142	"Calyces with black and white longitudinal lines; peduncles up to 5 cm long"	143
142	"Calyces without black and white longitudinal lines; peduncles 11-40 cm long"	"Astragalus droshensis"
143	"Ovaries pubescent; lower calyx teeth 1-1.5 mm long"	"Astragalus patuli-pilosus"
143	"Ovaries glabrous; lower calyx teeth 3-3.5 m long"	"Astragalus khlaifatensis"
144	"Fruits inflated, ovoid or spherical, about 10 mm wide"	"Astragalus skorniakovii"
144	"Fruits not inflated, up to 5 mm wide"	145
145	"Fruits arcuate, about 5 mm wide"	"Astragalus holdichianus"
145	"Fruits up to 4.5 mm wide"	146
146	"Calyx teeth up to 4 mm long"	147
146	"Calyx teeth 4-6 mm long"	"Astragalus sykesiae"
147	"Calyx teeth 2-3 mm long; leaflets orbicular-oblong to obovate, obtuse"	"Astragalus brahuicus"
147	"Calyx teeth 3-3.5 mm long; leaflets elliptic-obovate, acute"	"Astragalus mangeri"
148	"Calyces 2-4 mm long"	149
148	"Calyces more than 4 mm long"	150
149	"Fruits arcuate, longer than 15 mm"	"Astragalus hamosus"
149	"Fruits not arcuate, inflated, 6-10 mm long"	"Astragalus fatmensis"
150	"Calyx hairs spreading"	151
150	"Calyx hairs appressed"	152
151	"Ovaries glabrous; calyces with black and white longitudinal lines"	"Astragalus khalifatensis"
151	"Ovaries pubescent; foliar hairs spreading"	"Astragalus harsukhianus"
152	"Racemes dense, capitate"	"Astragalus alitschuri"
152	"Racemes not dense, elongated"	153
153	"Calyces shorter than 1 cm"	154
153	"Calyces longer than 1 cm"	155
154	"Calyces 5-7 mm long"	"Astragalus imitensis"
154	"Calyces 8-9 mm long"	"Astragalus sp. B"
155	"Leaflets elliptic"	156
155	"Leaflets filiform, linear"	"Astragalus subuliformis"
156	"Calyx tubes 7.5-8 mm long, teeth 6-6.5 mm long"	"Astragalus droshensis"
156	"Calyx tubes 12-16 mm long, teet 3-4 mm long"	"Astragalus xanthoxiphidiopsis"
