from	statement	to
1	"Plants annual herbs; branches villous, pilose, or pubescent; heads discoid"	2
1	"Plants perennial subshrubs; branches hirsute, glandular, or papillose puberulous"	4
2	"Leaves with distinct auricles; pappus setae barbellate"	"Pentanema indicum"
2	"Leaves without distinct uricles; pappus setae scabrous"	3
3	"Leaves always entire; involucres 5-8 mm in diameeter; pappus setae 3-6"	"Pentanema divaricatum"
3	"At least some leaves minutely serrate; involucres 10-20 mm in diamter; pappus setae 6-12(-16)"	"Pentanema vestitum"
4	"Outer phyllaries much shorter than the inner"	"Pentanema glanduligerum"
4	"Outer phyllaries more or less equal to the inner ons"	"Pentanema nematolepis"
