from	statement	to
1	"Tepals 1-veined, tips not incurved and involute"	2
1	"Tepals 3-5-veined, tips narrowly incurved and involute"	6
2	"Tepals yellow when fresh, brownish orange when dry"	3
2	"Tepals pink, white, cream, or pale greenish yellow"	4
3	"Scapes (peduncles) glabrous"	"Eremurus stenophyllus subsp. stenophyllus"
3	"Scapes (peduncles) puberulent or pubescent, at least towards the base"	"Eremurus stenophyllus subsp. aurantiacus"
4	"Scapes and leaves glabrous"	"Eremurus himalaicus"
4	"Scapes puberulent of finely pubescent at the base; leaves puberulent, at least towards the base"	5
5	"Leaves up to 10(-15) mm wide; capsules to 22 mm in diameter"	"Eremurus persicus subsp. persicus"
5	"Leaves 2-4 mm wide"	"Eremurus persicus subsp. sikesarus"
6	"Stamens only slightly longer than the tepals; perianths tubular or tubular-campanulate; tepal tips incurved early development"	"Eremurus fuscus"
6	"Stamens becoming clearly longer than the tepals; perianths campanulate; tepal tips incurved early in development; leaves puberulent or glabrous; tepal tips becoming incurved"	7
7	"Bracts linear-subulate, their bases dilated; capsules 7-10 mm in diameter; pedicels becoming 6-12 mm long under fruits; leaves 5-20 mm wide"	"Eremurus inderiensis"
7	"Bracts narrowly ovate-lanceolate to nearly ovate; capsules about 14 mm in diameter; fruiting pedicels becoming up to 40 mm long under fruit; leaves up to 45 mm wide"	"Eremurus dolichomischus"
