from	statement	to
1	"Plants biennial to perennial, rhizomatous; calyx lobes unequal"	2
1	"Plants annual, not rhizomous; calyx lobes equal in most species"	9
2	"Calyx tubes longer that their lobes; basal leaves lacking in most species"	3
2	"Calyx tubes shorter than their lobes; basal leaves present, forming rosettes"	5
3	"Flowers funnel-shapped; seeds winged"	"Gentianodes venusta"
3	"Flowers campanulate; seeds of most species not winged"	4
4	"Cauline leaves ovate; calyx lobes ovate-obovate or lanecolate"	"Gentianodes  cachemirica"
4	"Cauline leaves and calyx lobes linear"	"Gentianodes kurroo"
5	"Plicae prominent, acuminate; inflorescences umbels; calyx lobes more or less equal"	"Gentianodes olivieri"
5	"Plicae not prominent, not acuminate; inflorescences racemose cymes; calyx lobes unequal"	6
6	"Calyces split on one side, membranous"	"Gentianodes tianschanica"
6	"Calyces not split on one side, not membranous"	7
7	"Calyces 7-lobed; plicae truncate"	"Gentianodes kaufmaniana"
7	"Calyces 5-lobed; plicae not truncate"	8
8	"Cauline leaves connate at the base, forming a sheath-like structure aroung the stemsl corolla lobes lanceolate"	"Gentianodes lowndesii"
8	"Cauline leaves not connate; corolla lobes somewhat ovate"	"Gentianodes algida var. nubigena"
9	"Calyx lobes unequal, 2 longer and broader than the others; anthers versatile; plicae slightly unequal"	"Gentianodes nasirii"
9	"Calyx lobes equal; anthers dorsifixed; plicae unqual"	10
10	"Plicae entire"	11
10	"Plicae crenate-lobed, lanceolate to broadly lanceolate"	14
11	"Flowers in terminal clusters"	12
11	"Flowers solitary, terminal"	13
12	"Leaves broadly ovate; plicae obtuse-acute; corolla lobes obtuse-acute"	"Gentianodes huxleyi"
12	"Leaves narrowly lanceolate-lanceolate; plicae acuminate; corolla lobes acute-acuminate"	"Gentianodes argentea"
13	"Flowers-sessile-subsessile, enveloped by two upper leaves; calyx lobes reflectd; corolla lobes acuminate"	"Gentianodes pedicellata"
13	"Flowers long pedicellate, not enveloped by leaves; calyx lobes erect; corolla lobes acute"	"Gentianodes burkillii"
14	"Plants up to 30(-35) cm tall; inflorescences lloosley arranged racemes"	15
14	"Plants up to 8(-10) cm tall; inflorescences usually terminal clusters"	16
15	"Calyces more than half the size of the corollas; corolla lobes lanceolate"	"Gentianodes decemfida"
15	"Calyces less than half the size of the corollas; corolla lobes ovate"	"Gentianodes aprica"
16	"Leaves conduplicate; plants very stiff, puberulent-pubescent"	"Gentianoides alii"
16	"Leaves not conduplicate; plants not stiff, glabrous"	17
17	"Plicae bilobed; flowers sessile"	18
17	"Plicae unilobed; flowers subsessile to pedicellate"	19
18	"Leaves ovate, acuminate; plicae lobes equal; ovaries pedicellate"	"Gentianodes clarkei"
18	"Leaves lanceolate, acuminate; plicae lobes unequal; ovaries subsessile"	"Gentianodes acuminata"
19	"Corolla lobes and plicae lanceolate"	"Gentianodes intermedia"
19	"Corolla lobes and plicae ovate to obovate"	"Gentianodes eumarginata"
