from	statement	to
1	"Mature leaves solitary, on long shoots; short shoots absent"	2
1	"Mature leaves in whorls or facicles on short or long shoots"	3
2	"Leaves linear, flattened in cross section; not on woody peg-like projections; cones erect, confined to the top of the tree; sporangia opening by transverse slies"	Abies
2	"Leaves needle-like, quadrangular in cross-section, borne on woody, peglike projections; cones hanging, distributed throughout the tree; sporangia opening by longitudinal slits"	Picea
3	"Leaves needlelike and spiral on long shoots, fascicled on short shoots; cones erect; male strobili solitary on dwarf branches"	Cedrus
3	"Leaves scale-like on long shoots, long and needlelike on short shoots; male strobili clustered at the base of young shoots"	Pinus
