from	statement	to
1	"Leaves 1-pinnatisect"	"Seriphidium freitagii"
1	"Leaves 2-3-pinnatisect"	2
2	"Stems dark violaceus-brown at anthesis, glossy, glabrous"	"Seriphidium turanicum"
2	"Stems greyish or which to pale at anthesis, usually with hairs, rarely glabrous or somewhat purple-tinged"	3
3	"Heads in interrupted spikes or panicles with erect, appressed branches 5-25 mm long"	4
3	"Heads in narrow to broadly pyramidal panicles with ascendng to horizontally spreading branches"	7
4	"Basal and lower leaves 2-pinnatisect"	5
4	"Basal and lower leaves 3-pinnatisect"	6
5	"Heads 3.5-4 mm long, about 2.5 mm wide, rusty brown, densely arachnoid hairy externally, 3-46(-10) togetherin globose glomerules"	"Seriphidium leucotrichum"
5	"Heads 2-3 mm long, about 1.5 mm across,not rusty brown, sparsely hairy to glabrous and punctate-glandular externally, solitary or in glomerules of 2-3"	"Seriphidium vachanicum"
6	"Heads glabrous or sparselu puberulent"	"Seriphidium chitralense"
6	"Heads arachnoid hairy"	"Seriphidium brevifolium"
7	"Leaf blades up to 16 mm long"	8
7	"Leaf blades more than 20 mm long"	9
8	"Plants up to 35 cm tall; paniles with horizontally spreading branches; phyllaries, especially the outer phyllaries, densely to sparsely puberulent"	"Seriphidium sieberi"
8	"Plants usually more than 40 cm tall; panicles with branches that are slightly upwardly directed; phyllaries glabrous"	"Seriphidium stenocephalum"
9	"Basal leaves 20-30 mm long"	10
9	"Basal leaves more than 30 mm long"	12
10	"Heads well separated, 2.5-3 mm long; phyllaries almost glabrous, shining"	"Seriphidium tectimundi"
10	"Heads touching or almost so, 3-4.5 mm tall; phyllaries sparsely hairy or arachnoid"	11
11	"Stems and leaves densely arachnoid whitish hairy; basal leaves shorter than those at mid stem length; heads (3.5-)4-4.5 mm long, arachnoid hairy"	"Seriphidium quettense"
11	"Stems and leaves glabrescent to almost glabrous at anthesis, purpureous pale; heads 3-3.5 mm long, sparsely hairy"	"Seriphidium glanduligerum"
12	"Heads either close together or widely spaced, 2.5-3 mm long; panicles densely congested and closely branched with numerous capitula or loosely branched"	13
12	"Heads widely spaves or more or less congested towards the branch tips, 3-4 mm long; panicles with well spaced more or less spreading to slightly upwardly angled branches"	"Seriphidium oliverianum"
13	"Mid-stem leaves withered at anthesis; panicles densely congested, much-branched and with numerous heads"	"Seriphidium kurramense"
13	"Mid-stem leaves present at anthesis; panicles rather open, not congested, heads solitary, well separated"	"Seriphidium tecti-mundi"
