from	statement	to
1	"Sepals fused below forming distinct tubes; petals often reduced or absent"	Maerua
1	"Sepals free or slightly connate at the base"	2
2	"Sepals not touching, inserted on the edges of a distinct disk; plants trees; leaves trifoliate"	"Crataeva:Crataeva adansonii"
2	"Sepals biseriate or imbricate; plants usually shrubs; leaves simple or trifoliate"	3
3	"Stamens usually many, inserted at the base of the gynophore; disks without an appendix; leaves usually with 2 stipular spines"	Capparis
3	"Stamens usually 4-6, inserted irregularly or more or less halfway along the gynophores; leaves without stipular spines"	Cadaba
