from	statement	to	shortcut
1	"Sepals 2; fruits bristly with hooked hairs, 1-2 seeded"	Circaea	
1	"Sepals 4-5; fruits not bristly with hooked hairs, many-seeded"	2	
2	"Sepals persistent after anthesis; petals yellow; floral tube absent"	Ludwigia	"Ludwigia perennis"
2	"Sepals deciduous after anthesis; petals pink, white, or yellows; floral tubes present or, if absent, petals pink"	3	
3	"Seeds with a tuft of hairs; capsules 1-2.5 mm think, not conspicuously ribbed; floral tubes 0-3 mm long"	Epilobium	
3	"Seeds without a tuft of hairs; capsules 3-15 mm thick, conspicuously ribbed; floral tubes 4-130 mm long"	Oenothera	
