from	statement	to
1	"Plants pale green with basal leaves withering at anthesis; cypselas 3-3.5 mm long, truncate"	"Picris hieracioides"
1	"Plants dark green with basal leaves persisting at anthesis; cypselas more than 4 mm long, cuspidate"	2
2	"Lower cauline leaves sessile, broadly lanceolate, densely hairy; synflorescences of few to some capitula, open, corymbose; cypselas 5-6(-7) mm long"	"Picris nuristanica"
2	"Lower cauline leaves shortly petiolate, narrowly oblanceolate to obovate, sparsely hairy to glabrescent; synflorescences of several capitula, dense, corymbose; cypselas 4-5 mm long"	"Picris kaimaensis"
