from	statement	to
1	"Only the central florets subtended by ereceptacular bracts, bracts linear-subulate"	2
1	"All florets subtended by receptacular bracts, bracts oblong spathulate to oblong-lanceolate or oblanceolate"	3
2	"Plants up to 15(-20) cm tall; leaves 1(-2) pinnatisect; achnes more than 2 mm long"	"Anthemis odontostephana"
2	"Plants usually more than 25 cm tall; leaves 2-3-pinnatisect; achenes1-1.5 mm long"	"Anthemis cotula"
3	"Plants up to 20 cm tall; disc forets purplish"	4
3	"Plants usually more than 20 cm tall; disc florets yellow, rarely tinged with purple"	5
4	"Heads 15-20 mm acriss; achenes 2-2.5 mm long, about 0.5 mm wide"	"Anthemis rhodocentra"
4	"Heads 8-15 mm across; achenes about 2.5 mm long, 0.8-1 mm wide"	"Anthemis kandharica"
5	"Receptacles hemispherical, receptacular bracts oblong-spathulate and abruptly cuspidat with acumina 3-5-4 mm long"	"Anthemis altissima"
5	"Receptacles concical, especially in frtui; receptacular bracts lanceolate to obanceolate with more or less stiff, very short acumina"	"Anthemis arvensis"
