from	statement	to
1	"Plants usually annual, sometimes perennial; palea keels with flexuous, curved, or crisped hairs along their whole length"	2
1	"Plants usually perennial, rarely annual; paleal keels scabrous or prickly, or if hairy, only in the lower half"	5
2	"Lower panicles branches erect-spreading after flowering; spikelets with rather distant florets; anthers 0.2-0.5 m long, scarcely longer than wide"	"Poa infirma"
2	"Lower panicle branches spreading or deflexed after flowering; spikelets with crowded florets; anthers 0.6-2 mm long, lengths at least twice widths"	3
3	"Spikelets not crowded towards the ends of the panicles branches; anthers 0.6-0.8(-1) mm long, length 2-3 times widths"	4
3	"Spikelets crowded towards the sips of the panicle branches; anthers usually 1.3-2 mm long, lengths 5-8 times widths"	"Poa supina"
4	"Lemmas with copious crinkled hairs are the base"	"Poa nepalensis"
4	"Lemmas without crinkled hairs at the base"	"Poa annua"
5	"Stems with a bulbous swelling at the base, formed from the hardened remains of old leaf sheaths"	6
5	"Stems not bulbous at the base, sometimes thickened by the scarious or fibrous, but not hardened, remains of old leaf sheaths"	8
6	"Lemmas completely hairless but often scabrous"	"Poa bactriana"
6	"Lemmas ciliar, or at leat thinly hairy, on the keel and marginal veins"	7
7	"Spikelets usually viviparous, florets replaced by plantlets or lemmas with crinkled hairs at the base, this usually copious; lemmas 2.5-3.5 mm long; anthers 1-1.5 mm long or spikelets viviparous"	"Poa bulbosa"
7	"Spikelets rarely viviparous; lemmas with no more than than 1-2 crinkled hairs at the base, usually without any; lemmas 3.5-5 mm long; anthers 1.5-2.5 mm long"	"Poa sinaica"
8	"Plants robust perennials up to 120 cm tall; lemmas entirely glabrous; panicles narrow; species known only cultivation in Pakistan"	"Poa secunda var. ampla"
8	"Plants not as above; if lemmas glabrous then plants no more than 40 cm tall and panicles ovate or pyramidal; species native, wild"	9
9	"Lemmas hairy between the veins, sometimes verysparsely so, or only scabridulos"	10
9	"Lemmas glabrous between the veins; keels and marginal veins usually ciliate on their lower portion"	17
10	"Palea keels ciliate on the lower portion, scabrous above"	11
10	"Palea keels scabrous throughout their length"	14
11	"Plants stoloniferous; culms often acending from a procumbent base, sometimes rooting at the lower nodes; panicles loose, 12-25 cm long"	"Poa stapfiana"
11	"Plants tufted, without stolons; culms not rooting at the lower nodes; panicles open or dense"	12
12	"Spikelets, when young, broadly ovate; leaf blades 4-12 cm long, 2-5 mm wide; panicles compact or open, 3-8 cm long; culms enclosed at the bases with the fibrous remains of old leaf sheaths"	"Poa aloina"
12	"Spikelets, when young, elliptic or lanceolate; leaf blades up to 6 cm long and 1.5 mm wide; panicles contracted, 0.5-5 cm long; culms enclosed at the bases with the scarious remains of old leaf sheaths"	13
13	"Plants up to 10(-15) cm tall; lower lemmas with crinkled hairs at the base; leaf blades up to 2 cm long"	"Poa koelzii"
13	"Plants up to 30 cm tall; lower lemmas without crinkled hairs at the base or such hairs extremely sparse; leaf blades 2-6 cm long"	"Poa lahulensis"
14	"Plants tufted, with rhizomes; panicles contracter, spikelike; lemmas scabridulous over th back; palea keels with prickles on lower portion, dentate on the upper portion"	"Poa tibetica"
14	"Plants tufted but without rhizomes, sometimes with stolons; panicles open to diffuse, not spikelike; lemmas shortly densely hairy or with felt-like pubescence between the lower portion of the veins; palea keels evenly scabrous or prickly"	15
15	"Lower glumes subulate to acuminate in side view, 1-veined; lemmas otuse; plants stoloniferous"	"Poa polycolea"
15	"Lower flumes elliptic or oblong in side view, 1-3-veined; lemmas acute or obtuse; plants tufters, the culms sometimes rooting at the lower nodes but not trulystoloniferous"	16
16	"Plants slender; lemmas very blunt, scabrous on the back with either a dew short hairs or a felty pubescence between the lower portion of the veins; spikelets ovate-elliptic, up to 5.5 mm long"	"Poa pagophila"
16	"Plants robus; lemmas accute, gland-pitted on the back and with rather short coarse hairs on the lower portion; spikelets 7-8 mm long, the florect eventually widely diverging"	"Poa falconeri"
17	"Palea keels ciliate on the lower portion, scabrous above"	18
17	"Palea keels scabrous more or less their whole length"	19
18	"Base of the lemmas without crinkled hairs"	"Poa sikkimensis"
18	"Base of the lemmas with a copious tuft of crinkled hiars"	"Poa stewartiana"
19	"Plants rhizomatous"	20
19	"Plantsnot rhizomatous"	23
20	"Lemmas very weide, not strongly keeled on the back, tips rounded and broadly hyaline"	"Poa calliopsis"
20	"Lemmas strongly keeled on the back, tips acute or narrowly obtuse, at most narrowly hyaline"	21
21	"Uppermost nodes loateds in the middle third of the culm or above; plants loosely or densely tufted from slender rhizomes"	22
21	"Uppermost nodes in the basal third of the culms; culms densely tifted from short, thick rhizomes"	"Poa versicolor subsp. araratica"
22	"Panicles narrow,with few spikelets; lower panicle nodes with 2-3 branches; ligules 1.5-3 mm long (if 1 mm or shorter, see Poa nemoralis)"	"Poa steriles"
22	"Panicles lanceolate to ovate, with many spikelets, oftenrather dense; lower panicles nodes with 3-5 branches; ligules 1-3 mm long (if ligules 3.5-10 mm long, see Poa trivialis)"	"Poa pratensis"
23	"Anthers 0.6-0.75 mm long"	"Poa setulosa"
23	"Anthers 1.3-2.5 mm long"	24
24	"Ligules pointed, 3.5-10 mm long"	"Poa trivialis"
24	"Ligules pointed or blunt, not more than 3 mm long"	25
25	"Ligules very short, scarcely exceeding 1 mm in length"	26
25	"Ligules 1-3 mm long"	27
26	"Anthers 1.3-2 mm long; lower glumes 3-veined; panicles branches scabridulous; lower panicle nodes with 2-5 branches"	"Poa nemoralis"
26	"Anthers 1.8-2.5 mm long; lower glumes 1-veined; panicle branches smooth; lower panicle nodes with 2 branches"	"Poa aitchsonii"
27	"Plants 40-120 cm tall; spikelets ovte or oblong, noe becoming wedge-shaped; panicles 10-20(-30 cm) long; nodes well spaced, bearing 3-6 branches"	"Poa palustris"
27	"Plants up to 40 cm tall; spikelets often becoming wedge-shaped; panicles either 2-10 cm long and dense or 7-15 cm long but with few spikelets"	28
28	"Plants stoloniferous, the culms erect of geniculately ascending from a creeping base; panicles very loose with spreading branches"	"Poa polycolea"
28	"Plants tufted, not stoloniferous; culms usually erect; panicles narrow, lax or dense"	29
29	"Uppermost nodes in the middle third of the culms"	"Poa sterilis"
29	"Uppermost nodes in the basal third of the culms; culms densely tifted from short, thick rhizomes"	30
30	"Lowest lemma in each spikelet (2-)2.3-3(-3.2) mm long"	"Poa attenuata"
30	"Lowest lemma in each spikelet (2.8-)3-6.5 mm long"	31
31	"Plants gree or glaucus, usually 25-50 cm tall; highest cauline node about 1/3 the way up the culm"	"Poa glauca subsp. araratica"
31	"Plants very glaucous, 10-25 cm tall, rarely taller; highest cauline node on in lowest sixth of culm"	"Poa glauca subsp. litwinowiana"
