from	statement	to
1	"Inflorescences capitate, with involucre of bracts; corollas vivid yellow; anthers spirally twisted at dehiscence"	Daustinia
1	"Without this combination of characters"	2
2	"Leaves simple, entire"	3
2	"Leaves lobed, parted, divided or compound"	9
3	"Styles gynobasic; ovaries deeply four-lobed; fruits four (or fewer) free nutlets on a woody receptacle"	Remirena
3	"Styles terminal; ovaries entire, unlobed; fruits capsules, utricles or berry-like"	4
4	"Peduncles with two (or more) persistent foliose bracts; ovary and fruit hairy"	Hewittia
4	"Plants without this combination of characters"	5
5	"Fruits operculate capsules with leathery exocarps that fall off like a lid and a brittle endocarp that shatters irregularly"	Operculina
5	"Fruits valvate capsules or indehiscent, berrylike"	6
6	"Stems with two firm outgrowths (paired auricles) at nodes"	Camonea
6	"Stems lacking outgrowths"	7
7	"Plants lianas or large herbaceous twiners; anthers strongly spiralling at dehiscence; capsules delaminating above middle so lower half is dark brown, upper half is straw-yellow, or indehiscent, berrylike, blackish Decalobanthus"	Decalobanthus
7	"Plants herbaceous creepers or small twiners; anthers slightly curving at the apex or not at all twisting in dehiscence; capsules not delaminating, uniformly coloured"	8
8	"Corollas campanulate, often gibbous on one side, without a maroon throat; sepals obtuse, rounded, emarginate, never sharp-pointed; pollen tricolpate"	Merremia
8	"Corollas funnelform, often with a maroon centre; sepals attenuate-acuminate, sharply pointed; pollen pantoporate"	Xenostegia
9	"Sepal margins serrate or spinose-dentate; fruits indehiscent, 1-seeded utricles"	Hyalocystis
9	"Sepal margins entire; fruits dehiscent capsules with four (or fewer) seeds"	10
10	"Fruits operculate capsules: a leathery exocarp that falls off like a lid and a brittle endocarp that shatters irregularly"	Operculina
10	"Fruits 4-valved capsules"	11
11	"Leaves shallowly three-lobed or three-angled (often with entire leaves on same plant); seeds hairy"	Merremia
11	"Leaves pinnately divided or palmately compound or 5-7-lobed, -parted or -divided; seeds glabrous"	12
12	"Leaves palmately compound or 5-7-lobed, -parted or -divided; anthers spirally twisting at dehiscence; calyces greatly accrescent in fruit; pollen tricolpate or 12-colpate"	Distimake
12	"Leaves pinnately divided; anthers not spirally twisted at dehiscence; calyces not or only slightly accrescent in fruit; pollen pantoporate"	Xenostegia
