from	statement	to
1	"Carpels in 2 or more whorls"	Malope
1	"Carpels in 1 whorl"	2
2	"Styles branches and stigmas as many as carpels or styles undivided"	3
2	"Styles branches and stigmas 10, 2 times as many as carpels or styles"	16
3	"Carpels not separating at maturity; fruits capsules or berries"	4
3	"Carpels separating at maturity, forming mericarps"	10
4	"Styles divided into 5 divergent branches; seeds usually reniform"	5
4	"Styles 1, undivided and clavate or divided into very short branches"	9
5	"Flowers bisexual"	6
5	"Flowers unisexual or both unisexual and bisexual flowers forent on the same plant"	Kydia
6	"Epicalyx segments 3, large, cordate"	Senra
6	"Epicalyx segments absent or 5-many and linear to ovate,"	7
7	"Calyces 5-toothed or lobed, radially symmetric, persistent, not spathaceous"	8
7	"Calyces 2-3 lobed, bilaterally symmetric, quickly deciduous, spathaceous"	Abelmoschus
8	"Capsules winged"	Fioria
8	"Capsules not winged"	Hibiscus
9	"Epicalyx segments 3, large, cordate, leafy, persistent; calyces with oil glands"	Gossypium
9	"Epicalyx segments 3-8, linear-lanceolate, quickly deciduous or persistent, calyces without oil glands"	Thespesia
10	"Style branches filiform to narrowly clavate, acute, with decurrent stigmas"	11
10	"Style branches with capitate or discoid stigmas"	14
11	"Epicalyx segments free"	Malva
11	"Epicalyx segments connate, at least at the base"	12
12	"Epicalyx segments usually 3; central axes of the frtuits longer than the mericapsl seeds radially ribbed"	Lavatera
12	"Epicalyx segments 6-9; central axes of the fruits shorter than or equal to the mericapels; seeds radially ribbed"	13
13	"Flowers 5-20(-30) mm across; petals 0.8-1.6 cm long; staminal tubes cylindric; anthers purple or brownish purplel mericarps 1-locules"	Althaea
13	"Flowers 30-50 mm across; petals 3-6 cm long; staminal tubes 5-angled; anthers yellowish; mericarps sub-bilocular"	Alcea
14	"Epicalyx segments present"	Malvastrum
14	"Epicalyx segments absent or 5-many and linear to ovate,"	15
15	"Mericarps usually with 2 or more seeds, ollicular"	Abutilon
15	"Mericarps 1-seeded, not follicular"	Sinda
16	"Flowers in heads, subtended by bracts; epicalyces absent"	Malachra
16	"Flowers usually axaillary and solitaryl epicalyces present"	17
17	"Plants shrubsl; petals auriculate; schizocarps smooth and fleshy, like berries"	Malvaviscus
17	"Plants herbs or undershrubs; petals never auriculate; schizocarps muricate, never fleshy"	18
18	"Lower leaf surfaces glandular over the midib; mericarps with glochidiate spines"	Urens
18	"Lower leaf surfaces completely without glands; mericarps reticularly veined to armed but never with glochidiate spines"	Pavonia
