from	statement	to
1	"Radical leaves, at least of the lateral offsets, undivided"	2
1	"At least some of the radiccal leaves divided"	6
2	"All radical and cauline leaves similar, ovate, suborbicular, or reniform"	"Valeriana pyrolifolia"
2	"Radical leaves ovae to ovate-oblong, cordate or suborbicular; at least the uppermost cauline leaves lyrately pinnatified or pinnatisect"	3
3	"Radical leaves cordate; uppermost cauline leaves usually trifid"	"Valeriana jatamansii"
3	"Radical keave leaves ovate to ovate-oblong or orbiculate; cauline leaves pinnatifid or pinnatisect"	4
4	"Cauline leaves 3-7-lobed; upper bracts much shorter than the achenes; achenes usually pubescent to villous, sometimes glabrous"	"Valeriana hardwickii"
4	"Cauline leaves 1-3-lobed; upper bracts longer than the achenes; achenes glabrous or not"	5
5	"Plants cespitose, 3-10.5(-20) cm tall; suckers many, with numerous persisten leaf bases; ovaries and fruits hispid"	"Valeriana fedstchenkoi"
5	"Plants solitary, up to 38 cm tall; rootsocks with 1(-2)_ erect, basal branches branches; ovaries and fruits glabrous"	"Valeriana himalayana"
6	"Achenes pilose to hirsute; radical leaves entire or divided"	7
6	"Achenes glabrous or pilose; radical leaves divided or those of radical offsets entire"	"Valeriana jaeschkii"
7	"Plants non-rhizomatous, glabrous; entire leaves broadly reniform; upper bracts lanceolate; achenes hirsute"	"Valeriana ficariifolia"
7	"Plants rhizomatous, puberulous to pubescent or subglabrous; entire leaves ovae-oblong to spathulae; upper bracts ovate to elliptic-ovate; achenes pilose to pubescent"	8
8	"Petioles of radical leaves up to 8.5 cm long; cauline nodes 1-2; upper leaves ternate; erminal lobes of cauline leaves elliptic-ovate, entire or subentire"	"Valeriana clarkei"
8	"Petioles of radical leaves up to 5 cm long; cauline nodes several; upper leaves pinnatisect with 3-7 lobes; reminal lobes of cauline leaves ovate to elliptic-ovate or rhomboid"	"Valeriana stracheyi"
