from	statement	to
1	"Plants annual or biennial herbs, usually pubescent and glandular"	2
1	"Plants perennial, often with woody bases, pubescent but not glandular"	4
2	"Plants 10-15 cm tall; siliques about 1.5 mm wide, torulose; stigmas clavate"	"Matthiola macrania"
2	"Plants usually 20-60 cm tall, robust; siliques (2-)2.5-4 mm wide, flattened; stigmas erect"	3
3	"Pedicels 15-25 mm long in fruit; leaves oblanceolate or oblong-elliptic, entire; siliques often 10-25 cm long, (2.5)3-4 mm wide; plants sometimes cultivated as ornamentals"	"Matthiola incana"
3	"Pedicels 5-6 mm long in fruitl leaves more or less ovate, petiolate, often broadly toothed; siliques 5-8 cm long, 2-2.5 mm wide; plants not cultivated"	"Matthiola chenopodiifolia"
4	"Stigma lobes with horn-like appendages; plants sometimes cultivated as ornamentals"	"Matthiola tristis"
4	"Stigma lobes erect, without appendages; plants not cultivated"	"Matthiola flavida"
