from	statement	to
1	"Corollas absent; calyces petaloid"	"Glaux:Glaux maritima"
1	"Corollas well developed; calyces not petaloid"	2
2	"Ovaries semi-inferior; ovules erect; inner integuments 2 cells think; seeds weighing less than 0.5 mg"	"Samolus:Samolus valerandi"
2	"Ovaries superios; ovules semi-erect; inner integuments 3 cells thick; seeds weighing 0.2-2.7 mg"	3
3	"Plants usually scapose, with leaves basal or in rosettes; corollas funnelform to salverform, the tube usually long; corolla lobes imbricate in bud"	4
3	"Plants not scapose, with leafy stems; corollas rotate, the tube short; corolla lobes convolute in bud"	7
4	"Plants suffrutescent herbs or semi-shrubs; corolla tubes often curved; faina, if present, usually of the woolly type"	Dionysia
4	"Plants usually herbaceous, sometimes with a woody base; corolla tubes not curved; farina, if present, mealy"	5
5	"Flowers nodding; anthers apiculate; pollen grains with a granular tectum"	Cortusa
5	"Flowers not nodding; anthers not apiculate; pollen grains with a microreticulate to reticulate tectum"	6
6	"Plants pulvinous or loosely caespitose; flowers monomorphic; corolla tubes short, about equaling the calyces, urceolate, with constricted throats; pollen grains with a distinct pore; capsules globose, included in the calyces, with up to 50 seeds; seeds 0.8-3 mm long"	Androsace
6	"Plants rarely pulvinous; flowers often dimorphic; corolla tubes elongate, usually exceeding the calyces, the throat not constricted; pollen grains with one indistinct pore; capsules globose or cylindrical, usually exserted, with up to 150 seeds; seeds 0.3-2.5 mm long"	Primula
7	"Capsule dehiscence operculate"	"Anagallis:Anagallis arvensis"
7	"Capsule dehiscence valvular"	Lysimachia
