from	statement	to
1	"Plants woody climbers"	2
1	"Plants trees or erect shrubs"	3
2	"Leaves 10-46 cm long"	"Bauhinia vahlii"
2	"Leaves no longer than 5 cm"	"Bauhinia corymbosa"
3	"Leaves entire or notched at the top; fertile stamens 3-5"	"Bauhinia retusa"
3	"Leaves bilobed; fertile stamens 3-10"	4
4	"Fertile stamens 10"	5
4	"Fertile stamens 3-5"	7
5	"Flowers usually in axillary pairs, rarely 1-3"	"Bauhinia tomentosa"
5	"Flowers in racemes"	6
6	"Leaves wider than long, lobes round; racemes many-flowered"	"Bauhinia racemosa"
6	"Leaves longer than wide, lobes usually acute-acuminate; racemes few-flowered"	"Bauhinia linnaei"
7	"Fertile stamens 3; leaves cleft halfway down; hypanthium shorter than the calyx"	"Bauhinia purpurea"
7	"Fertile stamens 5; leaves cleft 1/3 the way down; hypanthium subequal to the calyx"	"Bauhinia variegata"
