from	statement	to
1	"Leaves more than 1 cm wide"	2
1	"Leaves less than 1 cm wide"	5
2	"Calyces 5-lobed; petioles present, short to long; blades broadly lanceolate oblong to ovate-elliptic"	3
2	"Calyces 4-lobed; petioles absent or almost so; blades linear to narrowly lanceolate"	"Lepidagathis rigida"
3	"Leaves, bracts, and bracteoles not cuspidate; seeds 1-1.5 mm long"	4
3	"Upper leaves, bracts, and bracteoles cuspidate or spine-tipped; seed s about 2.5 mm long"	"Lepidagathis cuspidata"
4	"Plants prostrate herbs; twigs softly pubescent; leaf margins crenate"	"Lepidagathis fasciculata"
4	"Plants suerect herbs; twigs almost glabrous; leaf margins entire"	"Lepidagathis incurva"
5	"Capsules with 2 seeds each"	6
5	"Capsules with 4 seeds each"	7
6	"Flowers bright pink; bracts and bracteoles minutely pubescent, less than 1 cm long"	"Lepidagathis trinervis"
6	"Flowers yellow; bracts and bracteoles silky, at least 1 cm long"	"Lepidagathis lutea"
7	"Calyces 5-lobed; leaves distinctly petiolate"	8
7	"Calyces 4-lobed; leaves almost sessile"	"Lepidagathis rigida"
8	"Leaves dimorphic, those on fht main stems 5-10(-12) cm long; upper leaves cuspidate, glandular pubescent"	"Lepidagathis cuspidata"
8	"Leaves all alike, not more than 2 cm long, sucpidate, almost glabrous"	"Lepidagathis calycina"
