from	statement	to
1	"Glumes coriaceous, with blunt tips"	"Saccharum narenga"
1	"Glumes membrancous, at least distally, with acute tip"	2
2	"Spikelets without visible awns, upper lemmas may be awned but the awns not exceeding the glumes"	3
2	"Spikelets conspicuously awned"	7
3	"Upper glumes of all spikelets caudate-aristulate; lower glumes acute, shorter; callus hairs shorter than to as long as the spikelets"	"Saccharum kajkaiense"
3	"Upper and lower glumes of all spikelets acute to aristulate but not caudate, equal in length; callus hairs from shorter than to 3 times as long as the spikelets"	4
4	"Lower glumes of sessile spikelets glabrous; upper glumes glabrous or sparsely ciliate on the lateral veins"	5
4	"Lower glumes of sessile spikelets hairy"	6
5	"Blades not petiolate at the base, flat or folded, up to 4 cm wide; plants cultivated (sugar cane)"	"Saccharum officinarum"
5	"Leaves petiolate, the blade reduced to a narrow wing on the sides of the midrib; blades flat or convolute distally, up to 7.5 cm wide; plants native or established"	"Saccharum spontaneum"
6	"Upper glumes of sessile spikelets glabrous"	"Saccharum bengalense"
6	"Upper glumes of sessile spikelets sparsely to densely hairy"	"Saccharum griffithii"
7	"Spikelets on short branches of 4-8 segments borne on the primary branches of the panicle"	8
7	"Spikelets forming lang branches with many segments borne on panicles central axis; sometimes, in the lower part of the synflorescence, also borne on the longer primary panicle branches"	9
8	"Upper glumes of the sessile spikelets sparsely to densely hairy; glume and callus hairs usually tinged with cream or yellow; awns often short, barely exserted from the glumes; panicles narrow"	"Saccharum griffithii"
8	"Upper glumes of sessile spikelets glabrous; callus and glume hairs often tinged with silver or grey; awns up to 10 mm long, well exserted from the glumes; panicles usually very wide"	"Saccharum ravennae"
9	"Spikelets 2.5-3.5 mm long; upper lemmas with very narrow, entire tips; callus hairs long, concealing the spikelets"	"Saccharum rufipilum"
9	"Spikelets 5-9 mm long; upper lemmas bifid, with long narrow lobes or shortely 2-toothed; callus hairs not or scarcely longer than the spikelets, not concealing them"	"Saccharum filifolium"
