from	statement	to
1	"Roots tuberous; flowers usually comparatively small, often clustered in dense racemes and with short pedicels"	2
1	"Roots slender, cylindrical; flowers usually larger, on longer pedicels"	9
2	"Stems with short, closely appressed hairs"	3
2	"Stems glabrous or with long, spreading hairs"	4
3	"Petioles of lower leaves 2-5 cm long; pedicels ascending, 5-15 mm long"	"Delphinium suave"
3	"Petioles of lower leaces 10-13 cm long; pedicels almost horizontal, 9-25 mm long"	"Delphinium chitralense"
4	"Sepals hairy on the outside"	5
4	"Sepals usually glabrous"	"Delphinium aquilegifolium"
5	"Upper sepals with spurs definitely long than the blades"	6
5	"Upper sepals with spurs about as long as or shorter than the blades"	7
6	"Spurs 16-20 mm long, corresponding sepal blades about 10 mm long"	"Delphinium centeteroides"
6	"Spurs (8-)10-16 mm long, corresponding sepal blades 5-9 mm long"	"Delphinium latesquamatum"
7	"Pedicels with appressed hairs; spurs not forming hooks"	8
7	"Pedicels with spreading hairs, spurs forming terminal hooks"	"Delphinium uncinatum"
8	"Upper sepals 6-9 mm long; racemes with about 10 flowers"	"Delphinium kohatense"
8	"Upper sepals 13-14 mm long; racemens with more than 10 flowers, usually many more"	"Delphinium roylei"
9	"Plants densely hairy; spurs 4-10 mm in diameter"	10
9	"Plants usually less hairy; spurs up to 4 mm in diameter"	14
10	"Upper sepals 15-20 mm long"	11
10	"Upper sepals 20-30 mm long"	12
11	"Plants 4-10 cm tall, with 1-2 flowers"	"Delphinium lacostei"
11	"Plants 40-100 cm tall, with many flowers"	"Delphinium vestitum"
12	"Inflorescence axes and upper portio of stems glandular; petals not blackish"	13
12	"Neither inflorescence axes  nor stems glandular; petals blackis"	"Delphinium cashmerianum"
13	"Spurs about 8 mm wide at the base, 12-14 mm long, saccate"	"Delphinium brunonianum"
13	"Spurs about 4 mm wide at the base, about 10 mm, not saccate"	"Delphinium nordhagenii"
14	"Upper petals blueish to whitish, not darker than the sepals"	15
14	"Upper petals dark, almost black,; sepals blue or purplish"	"Delphinium pyramidale"
15	"Inflorescences without yellow or glandular hairs; spurs 14-15 mm long, about 3-5 mm wide at the base, subacute (if in doubt, compare with Delphinium roylei)"	"Delphinium denudatum"
15	"Inflorescences with yellow, glandular hairs; spurs 10-11 mm long, about 2 mm wide, cylindrical"	"Delphinium tenuipes"
