from	statement	to	shortcut
1	"Spikelets all bisexual or each bisexual spikelet paired with a staminate or sterile spikelet"	2	
1	"Spikelets unisexual, the sexes in separate synflorescnces of in different parts of the same synflorescence"	33	
2	"Pedicels and rachises slender, filiform or linear or, if thickened distally, the upper lemmas awned, the awn conspicuous"	3	
2	"Pedicels and rachises stout, 3-angled, rounded or flattened and thickeing distally; upper lemmas unawned"	27	
3	"Spikelets of each pair alike, at least one of the pedicellate"	4	
3	"Spikelets of each pair different, the pedicellate spikelet often reduced or absent"	11	
4	"Synflorescences ample and paniculate or of many rames racemosely arranged on a central axis"	5	
4	"Synflorescences of rames, these soiltary or several and either digitately or subdigitately arranged"	8	
5	"Synflorescences spikelike, silvery, not obviously composed of branches"	Imperata	"Imperata cylindrica"
5	"Synflorescences open or contracted, if of multiple branches, these evident"	6	
6	"Spikelets in sessile-pedicellate pairs; branches disarticulating below the sessile spikelets"	Saccharum	
6	"All spikelets pedicellate; branches not disarticulating"	7	
7	"Spikelets surrounded by an involucre of long hairs arising from their calluses; synflorescences composed of branches attached along a central axis"	Miscanthus	"Miscanthus nepalensis"
7	"Spikelets hairy but without an involcure of hairs; synflorescences ample, paniculate, composed of whorled branches"	Spodiopogon	"Spodiopogon cotulifer"
8	"Lower glumes with a median longitudinal groove, glabrous"	Microstegium	
8	"Lower glumes convex or concave but not grooved, often villous"	9	
9	"Synflorescences unbranched"	Pogonatherum	
9	"Synflorescences with 2 or more branches"	10	
10	"Lower glumes convex on the back,margins not sharply inflexed; upper lemmas minutely 2-toothed at the tip"	Eulaliopsis	
10	"Lower glumes flat on the back, margins sharply inflexed; upper lemmas deeply bifid at the tip"	Eulalia	
11	"Synflorescences with a central axis longer than any of the branches; spathes absent"	12	
11	"Synflorescence branches solitary, paired, or subdigitate; spathes often present"	14	
12	"Sessile spikelets dorsally compressed"	13	
12	"Sessile spikelets laterally compressed or terete"	Chrysopogon	
13	"Pedicels and branch axes with a translucent or balsamiferous median line; branch axes with 1-2(-8) sessile spikelets"	Capillipedium	
13	"Pedicels and branch axes solid throughout, without a translucent or balsamiferous median line"	Sorghum	
14	"Upper lemmas of seed-producing spikelets awned from low on the back"	Arthraxon	
14	"Lemmas of seed-producing florets terminally awned or awned from the sinus of the 2-toothed tip, sometimes unawned"	15	
15	"Lemmas of seed-producing florets terminally awned or, if unawned, branches with 2 pairs of homomorphic spikelets at the base"	16	
15	"Lemmas of seed-producing florets awned from the sinus or, if unawned, branches with 3 heteromorphic spikelets enclosed in a boat-shaped spathe"	20	
16	"Branches with many spikelet pairs"	17	
16	"Branches with with 2 homogamous of spikelets forming an involucre and 1-4 sissle spikelets"	19	
17	"Spikelets with sharply pointed calluses"	Heteropogon	
17	"Spikelets with blunt calluses"	18	
18	"Pedicels and rachis internodes with a translucent or balsamifersou median line"	Bothriochloa	
18	"Pedicels and rachis internodes without a translucent or balsaminefous median line (if shallowly grooved, see Dichanthelium anulatum x Bothriochloa bladhii)"	Dichanthium	
19	"Homogamous spikelets all pedicellate; sessile spikelets usually solitary with 2 pedicellate spikelets; branches disarticulating belong the homogamous spikelets, these and the sessile spikelets falling as a unit"	Iscilema	
19	"Homagamous spikelets sessile, persistent; sessile spikelets 1-4, each with a pedicellate partner; disarticulation below the sessile spikelets"	Themeda	
20	"Panicle branches with 1 node; nodes with a cluster of 3 heteromorphic spikelets enclosed in a boat-shaped spathe"	Apluda	
20	"Panicle branches with many nodes; spathes present but not enclosing the spikelets"	21	
21	"Lower glumes of the sessile spikelets transversely rugos; pedicellate spikelets represented by their curved pedicels"	Thelepogon	
21	"Lower glumes of the sessile spikelets usually smooth but, if rugose, the pedicellate spikelets well developed"	22	
22	"Sessile spikelets with calluses that are attached obliquely to the top of the internode below; tip of of the internode free, usually acute to pungent; lower glume of sessile spikelets convexly rounded, without keels; internodes and pedicels linear"	Hyparrhenia	"Hyparrhenia hirta"
22	"Sessile spikelets with calluses that fit into the crateriform or cupuliform internode tip, the top of the internode overlapping and concealing the callus tip; lower glume of sessile spikelets 2-keeled or with the margins sharply inflexed, usually depressed between the keels or, if the keels are rounded, the glumes deeply grooved between them"	23	
23	"Lower florets of sessile spikelets staminate or with a well-developed pales"	24	
23	"Lower florets of sessile spikelets sterile, reduced to a lemma"	25	
24	"Synflorescence branches usually paired or digitate, if solitary the upper glumes unawned"	Ischaemum	
24	"Synflorescences unbranched; glumes conspicuously winged, the upper glumes awned"	Sehima	
25	"Synflorescences unbranched; lower glumes of sessile spikelets convex on the back, the keels lateral or frontal, with several veins between the keels"	Schizachyrium	
25	"Synflorescences with paired or digitate branches, rarely unbranched but, if so, lower glumes of the sessile spikelets concave and unveined between the keels"	26	
26	"Synflorescence branches deflexed at maturiry, borne upon subequal bases, seldom exceeding the subtending spathes; leaves aromatict"	Cymbopogon	
26	"Synflorescence branches not deflexed, borne on unequal, more or less terete bases; leaves not aromatic"	Andropogon	
27	"Pedicels distinct"	28	
27	"Pedicels fused to the internodes, rarely absent"	31	
28	"Junction of sessile spikelets with internode oblique"	Elionurus	
28	"Junction of sessile spikelets with internode transverse"	29	
29	"Synflorescences glabrous, unbranched, cylindrical, glabrous"	Mnesithea	
29	"Synflorescences glabrous or silky-villous, unbranched or with subdigitate, flattened branches"	30	
30	"Syflorescences usually with subdigitate branches, rarely unbranched; branches glabrous"	Phacelurus	
30	"Synflorescences unbranched, silky-villous"	Lasiurus	
31	"Lower glumes of sessile spikelets rough"	Hackelochloa	
31	"Lower glume of sessile spikelets smooth"	32	
32	"Branch axes dorsally compressed, not disarticulating"	Hemarthria	
32	"Branch axes cylindrical, disarticulating at maturity"	Rottboellia	
33	"Pistillate spikelets completely concealed by a bony, spherical or cylindrical, modified leaf sheath, the staminate spikelets protruding from its top"	Coix	"Coix lacryma-jobi"
33	"Pistillate spikelets not concealed by a bony leaf sheath"	34	
34	"Synflorescences with pistillate spikelets in densey crowded rows on thick spongy axes and concealed by leafy bracts; staminate spikelets in terminal panicles"	Zea	"Zea mays"
34	"Synflorescences composed of terminal and axillary rames; rames with 1-2 staminate spikelets or with 1-several pistillate spikelets at the base; rames subtended by a herbaceous spathe"	Chionachne	"Chinoachne gigantea"
