from	statement	to
1	"Stipules adnate to the petioles at least 1/2 their length, persistent"	2
1	"Stipules free or adnate only at the base, caducous"	13
2	"Sepals and petals 4"	"Rosa sericea"
2	"Sepals and petals 5"	3
3	"Styles united forming a distinct column (often broken in fruit); opening of the hypanthium very narrow; flowers usually in panicles; stems climbing or arching"	4
3	"Styles free; plants erect shrubs, if stems arching flowers solitary or few"	5
4	"Stipules pectinate or deeply dentate, with fringes on the margins; flowers about 20 m in diameter; plants cultivated and occasionally escaping"	"Rosa multiflora"
4	"Stipules entire or indistinctly serrate, without fringes on the margin; flowers more than 20 mm in diameter (wild in northern Pakistan)"	"Rosa brunonii"
5	"Flowers white, small, often in panicles; styles densely hairy forming a compact head; stipules narrow, with erect auricles; prickles usually curved; fruits small, spherical; sepals entire, often caducous with the top of the hypanthium"	"Rosa beggeriana"
5	"Plants with a different combination of characters"	6
6	"Flowers yellow, sometimes flushed with red; stipules narrow, with abruptly diverging auricles"	7
6	"Flowers not yellow; stipules wider or with straight, not diverging auricles"	9
7	"Styles glabrous or sparsely hairy below the stigma, forming a loose head; sepals patent or reflexed in fruit; flowers very small, pure yellow; stems usually zigzag, densely prickly"	"Rosa ecae"
7	"Styles densely hairy, forming large a large compact head; sepals erect or ascending in fruit; flowers medium-sized; stems more or less straight, not zigzag"	8
8	"Sepals more or less dilated at the top; flowers often flushed with red; fruits red when mature"	"Rosa foetida"
8	"Sepals not dilated at the top; flowers pure yellow; fruits brownish when mature"	"Rosa kokanica"
9	"Outer sepals with lateral lobes, deflexed and normally cadcuous in fruit; styles shortly protruding above the disc, glabrous or loosely hairy; hypanthium openings narrow, less than 1 mm in diamter and less than 1/3 the diameter of the disc; flowers solitary; fruits well-developed; stems usually arching"	"Rosa canina"
9	"Plants with a different combination of characters"	10
10	"Plants wild; flowers solitary; styles densely hairy, forming compact head; sepals entire; fruits usually well developed, entirely filled with numerous well-formed achenes"	11
10	"Plants cultivated:, sometimes escaping; flowers often double or semideouble; styles usually loose, often distinctly protruding above the disc; sepals usually lobed; fruits often undeveloped or with few well-formed achenes"	12
11	"Leaflets (7-)9-11, usually elliptic or obovate, serrulate, with more than 8 lateral veins; prickles uniform, infrastipular"	"Rosa macrophylla"
11	"Leaflets 5-7(-9), variable in shape, elliptic to roundish, consicuously serrate, with 5-8 lateral veins; prickles often of mixed sizes"	"Rosa webbiana"
12	"Leaves persistent, upper surfaces glossy and deep green, lower surfaces glabrous except over the midrib (hybrids of Rosa chinensis will also key out here)"	"Rosa chinensis"
12	"Leaves deciduous, upper surfaces dull green above, lower surfaces distinctly hairy (all member of the Rosa x alba group will key out here)"	"Rosa x alba"
13	"Flowers in corymbs, up to 25 mm in diameter; fruits up to 10 mm in diameter, smooth; leaflets 3-5(-7)"	"Rosa banksiae"
13	"Flowers solitary, dimaters much larger than 25 mm; fruits 35-40 mm in diameter, bristly; leaflets 3"	"Rosa laevigata"
