from	statement	to
1	"Involucel bracts pinnate; fruits with obscure vittae; stem bases fibrous"	"Selinum vaginatum"
1	"Involucel bracts not pinnate; fruits with evident vittae; stem bases fibrous or not"	2
2	"Involucel bracts white-margined; flowers white; stem bases fibrous"	3
2	"Involucel bracts not white-margined; flowers whitish tinged with purple; stem bases not fibrous"	"Selinum papyraceum"
3	"Fruits oblong to subquadrate, all ridges broadly winged"	"Selinum candollei"
3	"Fruits elliptic to broadly oval; dorsal and intermediate ridges narrowly winged, lateral ridges broadly winged"	4
4	"Leaf segments lanceolate to oval"	"Selinum wallichianum"
4	"Leaf segments fern-like, segments linear"	"Selinum felicifolium"
