from	statement	to
1	"Silicles orbicular to broadly obcordate, completely winged,"	2
1	"Silicles usually obong, sometimes winged above or wings suppressed to absent"	4
2	"Fruits orbicular; seeds striated"	"Thlaspi arvense"
2	"Fruits obcordate; seeds not striated"	3
3	"Silicle wing narrow, not veined"	"Thlaspi perfoliatum"
3	"Siliclewings wide, reticulately veined"	"Thlaspi kotschyanum"
4	"Flowers 3-5 mm across; fruits oblong or obtriangular, spices slightly to distinctly retuse, obscurely to slightly winged"	5
4	"Flowers 6-7 mm acriss; fruits oblong-elliptic, apices more or less entire, not winged"	"Thlapsi andersonii"
5	"Silicles oblong, often sucontorted; plants up to 155 cm tall in fruit"	6
5	"Silicels obtriangular to oblong, straight; plants usally 15-30 cm tall in fruit"	7
6	"Silicles 2-2.7 mm wide"	"Thlaspi cochlearioides"
6	"Silicles about 1.5 mm wide"	"Thlaspi septigerum"
7	"Petals 5-7.5 mm long; silicles usually 6-10 mm long; silicles usually 6-10 mm long, 3-3.5 mm wide; pedicels not pendent"	"Thlaspi cochlearioides"
7	"Petals 3-5 mm long; silicles usually 4-5 mm long, 2-3 mm bide; pedicels often pendent"	"Thlaspi griffithianum"
