from	statement	to
1	"Inner phyllaries (7-)8; capitula with 8-20 florets"	2
1	"Inner phyllaries 5; capitula with 5-6 florets"	3
2	"Involucres 0.8-1.1 cm long, 2.5-3 mm wide at anthesis; anthers 3.5-5 mm long; cypselas black or blackish"	"Cepidiastrum tenuifolium"
2	"Involucres 1-1.4 cm long, (3.5-)4-6 mm wide at anthesis; anthers 5-6 mm long; cypselas usually brownish"	"Crepidiastrum diversifolium"
3	"Stems divaricately branched; petioles broadened and brown at the base; capitula solitary, terminal on ultimate branches"	"Crepidiastrum afghanicum"
3	"Stems paniculately branched; petioles slender, with well developed dentate or dissected auricles at the base; capitula in paniculate-corymbiform synflorescences"	"Crepidiastrum chelidonifolium"
