from	statement	to
1	"Plants prickly; flowers solitary"	"Ribes alpestre"
1	"Plants without prickles; flowers in racemes"	2
2	"Flowers unisexual by abortion; berries orange or red in color"	3
2	"Flowers biseual; berries black"	6
3	"Stems glabrous or sparely pubescent, not resinous glandular; leaf lobes acute or acuminate"	"Ribes glaciale"
3	"Stems pubescent and resinous; leaf lobes obtuse"	4
4	"Lower surfaces of leaves covered with stiff, glandular hairs; flowers greenish or yellowish"	"Ribes orientale"
4	"Both surfaces of leaved covered with sessile or stipitate glands; flowers dark red or purplish"	5
5	"Petals spathulate, obtuse; plants 50-90 cm tall"	"Ribes heterotrichum"
5	"Petals suborbicular, slightly acutre; plants 100-200 cm tall"	"Ribes villosum"
6	"Flowers golden yellow; calyx tubes 10-15 mm long"	"Ribes aureum"
6	"Flowers greenish yellow; calyx tubes 2-5 mm long"	7
7	"Bracts shorter than the petals; berries about 5 mm in diameter; plants not fragrant"	"Ribes himalense"
7	"Bracts longer than the petals; berries up to 10 mm in diameter; plants fragrant"	"Ribes nigrum"
