from	statement	to
1	"Calyces herbaceous, glandular; styles united most of their length, only stigmatic regions free"	Plumbago
1	"Calyces scarious, non-glandulat; styles free or connate only at the base"	2
2	"Stigmas capitate to sub-oblong-capitate; leaves linear, rather narrow to subulate"	Acantholimon
2	"Stigmas cylindrical, filiform; leaves obovate to oblong-spathulate"	3
3	"Petals free from base; plants herbaceous annuals, perennials, sometimes woody at the base"	Limonium
3	"Petals united, forming a long tube terminating in 5 lobes"	Psylliostachys
