from	statement	to
1	"Bark dark grey; leaf margins spiny, lateral veins terminating at the margins; flowers 4-merous"	"Ilex dipyrena"
1	"Bark whitish-grey; leaf margins entire, lateral veins arcuate or anastomosing near the margins; flowers 4- or 5-merous"	2
2	"Flowers bisexual; pedicels about 2 mm long; pyrenes not grooved abaxially, endocarp leathery; young branchlets longitudinally wrinkled"	"Ilex excelsa"
2	"Flowers unisexual, in separate inflorescences; pedicels 2-5 mm long; pyrenes longitudinally grooved abaxially, endocarp woody"	"Ilex godajam"
