from	statement	to
1	"Upper leaves amplexicaul, rounded, or deeply cordate at the base, rarely narrowed at the base but, if si, with convex margins"	2
1	"upper leaves petiolate or narrowed at the base"	4
2	"All leaves glabrous; middle and upper leaves never clasping more than 1/3 of the stems; filaments of all stamens erect"	"Brassica oleracea"
2	"Lowest leaves always more or less bristly or ciliate; middle and upper leaves as least clasping half of the stem; filaments of outer stamens curved at the base"	3
3	"All leaves glaucous; buds slightly exceeding the open flowers; petals pale yellow or buff"	"Brassica napus"
3	"At least the lowest leaves green; open flowers clearly exceeding the buds; petals bright yellow"	"Brassica rapa"
4	"Pedicels usually equal to or shorter than the sepals; silique with beaks 3-5(-5) mm long"	5
4	"Pedicels longer than the sepals; siliques with beaks (5-)10-16 mm long"	6
5	"Siliques 10 -17 mm long, more or less appressed to the axes; pedicels erect"	"Brassica nigra"
5	"Siliques more than 30 mm long at maturity, often deflexed; pedicels spreading to deflexed"	"Brassica deflexa"
6	"Beaks of siliques 6-10 mm long, narrower than the stigmas; lower leaves lyrate-pinnatifid, sparsely bristly"	"Brassica juncea"
6	"Beaks of siliques  usually 10-16 mm long, rarely longer, as wide as the stigma; lower leaves runcinate-pinnatifid, ciliate and densely bristly beneath"	"Brassica tournefortii"
