from	statement	to
1	"Sepals 5, unequal, margins not membranous; stamens 2, opposite the 2 outer (longer) sepals; perigynous zone always with uncinate hairs"	"Herniaria cinerea"
1	"Sepals 5, equal or slightly unequal, margins distinctly membranous; stamens 3-5; perigynous zones with straight hairs or almost glabrous"	2
2	"Plants annual herbs; flowers 1-1.5 mm long, sessile; sepals mostly equal, somewhat unequal in older flowers;"	"Herniaria hirsuta"
2	"Plants perennial herbs; flowers 1.8-2.5 mm long, subsessile; sepals always equal; sepals and perigynous zones always covered with straight hairs"	"Herniaria cachemiriana"
