from	statement	to	shortcut
1	"Fruits dry capsules immersed in a hardened hyanthium"	2	
1	"Fruits fleshy, few- or many-seeded berries"	5	
2	"Flowers in spikes at or near the shoot apices; calyx lobes and petals distinct, deciduous; leaves narrow, directed upwards"	3	
2	"Flowers in sessile or pedunculate axillary umbels or compound, terminal or axillary, panicles of umbels; calyx lobes and petals fused into a calyptra or operculum, deciduous at anthesis"	4	
3	"Stamens creamy-white, united into 5 bundles opposite the petals"	Melaleuca	
3	"Stamens red to pink or pale, free or shortly connate at the base but not united into bundles"	Callistemon	
4	"Flowers in terminal or axillary compound panicles of umbels; stamens inflexed, with olong, versatile anthers that dehisce by parallel slits; discs steeply depressed in fruit"	Corymbia	
4	"Flowers in simple, sessile or pedunculate axillary =umbels; stamens not as in Corymbia"	Eucalyptus	
5	"Inflorescences usually terminal, many flowered racemes or panicles; seeds more than 1 cm long"	Syzgium	
5	"Inflorescences axillary, 1- or few-flowers; seeds usually small, solitary or not within a fruit"	6	
6	"Flowers about 2 cm across; leaves 1-4 cm long; ovaries 2-3-loculed; mature fruits 5-6 mm wide"	Myrtus	"Myrtus communis"
6	"Flowers 3-4 cm across; leaves 5-10 cm long; ovaries usually 4-5-loculed; mature fruits more than 2 cm wide"	Psidium	"Psidium guajava"
