from	statement	to	shortcut
1	"Flowers blue, purplish-blue, lavender, orange or white"	2	
1	"Flowers yellow or some shade of yellow"	15	
2	"Pappuses of irregularly shaped, acute to obtuse, fimbriate scales; scales often less than 0.5 mm long; corollas usually blue, occasionally white"	Cichorium	
2	"Pappuses of stiff bristles or soft hairs, longer than 2 mm; corollas not blue"	3	
3	"Leaves more or less parallel-veines, often grasslike in appearance"	4	
3	"Leaves with reticulate venation, not grasslike in appearance"	6	
4	"Phyllaries in 1(-2) series; outer phyllaries, if present, never longer than inner ones; cypselas beaked, without a carpopodium; pappus bristles long, in 1 series"	Tragopogon	
4	"Phyllaries in 2 or more series; outer phyllaries longer than the inner ones, sometimes foliaceous; cypselas not beaked; carpopodium sometimes present; pappus bristles short, in 2-3 series"	5	
5	"Cypselas without a carpopodium; leaves undivided"	Scorzonera	
5	"Cypselas with a conspicuous, cylindrical carpopodium; leaves sometimes pinnately dissected"	Podospermum	
6	"Outer phyllaries foliaceous, usually longer than the inner ones; pappus bristles in several series, softly lanate to plumose"	Epilasia	
6	"Outer phyllaries never foliaceous, usually shorter than the inner ones; pappus bristles smooth or scabrous, never plumose"	7	
7	"Leaves, stems, peduncles, or involucres with stellate or multiseriate hairs having projecting cell apices"	8	
7	"Leaves, stems, peduncles, and involucres glabrous or hairy but never with stellate of multiseriate hairs having projecting cell apices"	9	
8	"Cypselas 1-2 mm long, with ribs that are distinct apically and do not form an apical ring"	Pilosella	"Pilosella echioides"
8	"Cypselas more than 2 mm long, with 8-10 ribs that are usually confluent towards the apex, forming an oscure apical ring, rarely as in Pilosella"	Hieracium	
9	"Plants with both basal and cauline leaves; capitula usually on a branched stem, rarely solitary on an unbranched stem or scape"	10	
9	"Plants with a basal rosette of leaves and with several to many capitula on short, thin, unbranched peduncles and densely aggregated on the apically inflated but flat or convex ste top"	13	
10	"Cypselas always strongly flattened and with a beak equal to or longer than the body of the cypsela; faces 5-8-ribbed"	Lactuca	
10	"Cypselas terete to slightly flattened, beak shorter than the body of the cypsela"	11	
11	"Cypselas 4-ribbed, ribs of outer cypselas covered with tubercles; pappus multiseriate, deciduous on a ring"	Reichardia	"Reichardia tingitana"
11	"Cypselas 10-20-ribbed, ribs without tubercles"	12	
12	"Plants delicate; involvucres narrowly cylindrical; inner phyllaries glabrous on their outer surface; capitula with up to 15 florets; cypselas pale brown, with 10 ribs"	Askellia	
12	"Plants usually robust; involucres cylindrical to campanulate; inner phyllaries usually hairy over the midrib on their outer surface; capitula usually with 20 or more florets; cypselas some shade of brown, with 10-20 ribs"	Crepis	
13	"Capitula with 3-6 florets, sessile or peduncles shorter than the involucres"	Melanoseris	
13	"Capitula with 4-30_ florets; peduncles shorter or longer than the involucres"	14	
14	"Capitula with 4-5 florets, borne on an apically inflated, convex of sometimes elongate shoot from a leaf rosette"	Soroseris	"Soroseris glomerata"
14	"Capitula with more than 5 (usually more than 45) floret, borne in a corymbose or umbellate synflorescence"	Dubyaea	
15	"At least some pappus bristles rhick, occasionally with long lateral pinnules"	16	
15	"All pappus bristles/hairs slender, denticulate or barbellate, inner  ones never with long lateral pinnules"	24	
16	"Pappus bristles thick, often with many to few stiff pinnules, all oriented in the same direction, less frequently scabrous-barbellate, sometimes reduced or absent"	17	
16	"Pappus bristles, at least those of the central florets, plumose basally, the pinnules soft and intertwined or, if pappus bristles absent. The cypselas glochidiate and strongly curved"	19	
17	"Pappus of central florets reduced to a crown-like structure made up of scabrous bristles up to 1.5 mm long"	Garbadiolus	
17	"Pappus of central florets well-developed, made up of plumose bristles longer than 1.5 mm"	18	
18	"Phyllaries in one series; cypselas bent, with a diaphragm and beak that is swollen at the base; plants without anchor-shaped hairs"	Urospermum	"Urospermum picroides"
18	"Phyllaries in 2-many series, outer series inconspicuous; cypselas straight, beak, if present, not swollen; plants with anchor-shaped hairs"	Picris	
19	"Cypselas with uncinate hooks or glochids on back and tips, strongly incurved when mature and stellately spreading"	Koelpinia	
19	"Cypselas without hooks or glochids, neither incurved nor stellately spreading"	20	
20	"Cypselas with 3 broad, distinct winds, columnar to fusiform [Endemic to Pakistan and Afghanistan]"	Pterachaenia	"Pterachaenia stewartii"
20	"Cypselas without wings"	21	
21	"Phyllaries uniseriate; pappus of all cypselas composed plumose hairs"	Tragopogon	
21	"Phyllaries 2-many seriate"	22	
22	"Outer phylaries leaflike, usually longer than the inner phyllaries; cypselas densely lanate of pubescent on the upper half"	Epilasia	
22	"Outer phyllaries not leaflike, shorter than the inner phyllaries; cypselas either completely glabrous or hairy all over"	23	
23	"Cypselas without a carpopodium; leaves undivided"	Scorzonera	
23	"Cypselas with  a conspicuous cylindrical carpopodiu; leaves pinnately dissected or entire"	Podospermum	
24	"Pappus setae very thin and flexible"	25	
24	"Pappus setae neither very thin nor very flexible"	28	
25	"Pappus hairs more or less alike, at most gradually differing in thickness from centre to margin"	26	
25	"Pappus hairs dimorphic, with a few inner hairs and numerous outer downy or cottony hairs"	27	
26	"Peduncles expanded upwards; marginal cypselas always truncate, glabrous, and with thick tubercles or projections; most cypselas with 4 main ribs, only the very marginal ones with 5"	Reichardia	
26	"Peduncles never expanded upwards; marginal cypselas truncate, cupidate, or rostrate, smooth or transversely wrinkled, never with thick tubercles or projections,, glabrous, scabrous, or papillose; all or most cypselas with 5 main ribs of marginal cypselas papillose"	Launaea	
27	"All cypselas with 4 main ribs and more or less similar ornamentaton, tips, shape, and size except marginal cypselas wrinkled and/or distinctly flattened; peduncles and involuces often glandular and.or glabrescent white tomentose; outer phyllaries without distinct scarious margins and white ips"	Sonchus	
27	"Most cypselas (all but the innermost0 with 5 main ribs, otherwise marginally (denselY papillose; innermost cypselas different in ornamentation, tip, shape, or size; peduncles and involucres neother glandular nor tomentose; outer phyllaries mostly with distinct, although somtimes thin, scarious margins and/or white mucronate tips"	Launaea	
28	"Cypselas usually flattened and with base constricted into a small, smooth annulus"	29	
28	"Cypselas only rarely flattened, never constricted at the base to form annulus"	69	
29	"Pappus monomorphic and uniseriate, without oute ring of extemely short setae"	30	
29	"Pappus dimorphic, with outer rind of extremely short setae"	51	
30	"Cypselas flattened, with broad, thin, winglike margins, 1-ribbed on each face, beak  with 2 transparent appendages at the base"	Lactuca	
30	"Cypselas columnar to flattened, without broad, thin, winglike margins; beak absent or, if present, without appendages"	31	
31	"Middle and upper cauline leaves decurrent; synflorescence spicate to subracemose; florets 4 per capitulum; cypslas beaked or not"	Lactuca	
31	"Middle and uppr cauline leaves not decurrent; synflorescence not as abov; florets 5-many per capitulum; cypselas beaked"	32	
32	"Cypselas more or less cylindrical, at most a little narrowed towards a truncate tip or stout beak; ribs (4-)5"	Melanoseris	
32	"Cypselas compressed, without beak and with 8-12 ribs or with filiorm beak and 4-12 unequal ribs"	33	
33	"Pappus often with small, soft, branched hairs; pappus hairs brittle"	34	
33	"Plants without small, soft, branched hairs; pappus hairs not brittle"	35	
34	"Plants perennial, stoloniferous, densely hairy; cypselas 1-2 mm long, ribs not confluent distally; pappuses uniseriate"	Pilosella	
34	"Plants perennial, with a branched rootstock; cypselas 2.5-5 mm long, ribs confluent distally into an obscure ring; pappuses biseriate"	Hieracium	
35	"Cypselas beaked, at least some with muricate projections, tubercles, or scales below the beak; plants with or without deflexed hairs on the stems or scapes"	36	
35	"Cypselas beaked or not, never muricate, at most hairy or minutely scabrous on the ribs; plants with deflexed hairs or stems or scapes"	40	
36	"Capitula solitary and terminal on a hollow, leafless, unbranched prduncle"	Taraxacum	
36	"Capitula solitary or several in a synflorescence, on solid, branched or unbranched peduncles"	37	
37	"Cypselas dimorphic; pappus absent or crownlike or the inner cypselas with a pappus of hairs less than 2 mm long"	38	
37	"Cypselas hetero- or homomorphic; pappus present on all cypselas, composed of hairs more than 3 mm long"	39	
38	"Cypselas pyriform, globose, small; inner phyllaries thickened, hardened, and connate with outer cypselas below, free and foliaceous above"	Acanthocephalus	"Acanthocephalus benthamianus"
38	"Capitula not as above; inner phyllaries not thickened, not hardened, and free from the cypselas"	Heteracia	"Heteracia szovitsii"
39	"Plants broom-shaped; cypselas homomorphic, beaked, the beaks deciduous, falling off with the pappus"	Chondrilla	
39	"Plants not broom-shaped; cypselas heteromorphic, outer cypselas beakless and clasped by the innermost phyllaries; pappus of inner cypselas persistent, those of the outer cypselas deciduous"	Heteroderis	"Heteroderis pumila"
40	"Cypselas with about 20 ribs, lacking a pappus"	Lapsana	"Lapsana communis"
40	"Cypselas 4-ribbed or 10-20-ribbed; at least the central cypselas with a pappus of long bristles"	41	
41	"Phyllaries lax, foliaceous, inner phyllaries blackish; cypselas 4-ribbed"	Spiroseris	"Spiroseris phyllocephala"
41	"Phyllaries overlapping or all more or less equal, or in 2 series, the outer series much short than the inner; cypselas 10-20-ribbed"	42	
42	"Capitula numerous, aggregated on a broadened part of the stem into a large inflorescence"	Soroseris	"Soroseris glomerata"
42	"Capitula few to many on branches of stem in various parts of synflorescence"	43	
43	"Cypselas isodiametric; pappuses usually white, rarely pale or yellowich"	44	
43	"Cypselas somewhat to distinctly flattened; pappuses white, yellowish, or brownish"	46	
44	"Cypselas with 10 very prominent, winglike ribs"	Ixeris	
44	"Cypselas with 10-20 somewhat prominent, but never winglike, ribs"	45	
45	"Plants delicate; involucres narrowly cylindric; inner phyllaries glabrous on the midribs; capitula with up to 15 florets; cypselas pale brown, with 10 ribs"	Askellia	
45	"Plants usually robust; involucres cylindrical to campanulate; inner phyllaries usually hairy over the midrib on their outer surface; capitula usually with 20 or more florets; cypselas some shade of brown, with 10-20 ribs"	Crepis	
46	"Phyllaries multiseriate and imbricate; cypselas fusiform"	Dubyaea	
46	"Phyllaries in 2 series, the outer series much shorter than the inner"	47	
47	"Cypselas either not distinctly beaked, at most gradually narrowed into a short rostrum or, if distinctly beaked, the cypselas columnar or fusiform, not flattened"	48	
47	"Cypselas distinctly beaked, the beak more or less distinct in color and/or texture from the slightly to greatly flattened"	50	
48	"Cypselas not narrowed distally"	Crepidiastrum	
48	"Cypselas narrowed distally"	49	
49	"Cypselas more or less compressed, qith 12-15 slender, unequal rives, the lateral ribs often narrowly winglike; plants glabrous"	Youngia	"Youngia japonica"
49	"Cypselas columnar or fusiform, with more or less equal ribs; plants with at least some indumentum"	Crepis	
50	"Plants creeping; leaves deeply palmately divided into 3-5 lobes; cypselas with 10 narrowly winglike ribs and a filiform beak"	Ixeris	
50	"Plants erect; leaves pinnately divided; cypselas with 9-12 more or less spinulose ribs and a stout beak"	Ixeridium	"Ixeridium sagittarioides"
51	"Pappus often with small, soft, branched hairs; pappus hairs brittle"	52	
51	"Plants without small, soft, branched hairs; pappus hairs not brittle"	53	
52	"Plants perennial, stoloniferous, densely hairy; cypselas 1-2 mm long, ribs not confluent distally; pappuses uniseriate"	Pilosella	
52	"Plants perennial, with a branched rootstock; cypselas 2.5-5 mm long, ribs confluent distally into an obscure ring; pappuses biseriate"	Hieracium	
53	"Cypselas beaked, at least some with muricate projections, tubercles, or scales below the beak; plants with or without deflexed hairs on the stems or scapes"	54	
53	"Cypselas beaked or not, never muricate, at most hairy or minutely scabrous on the ribs; plants with deflexed hairs or stems or scapes"	58	
54	"Capitula solitary and terminal on a hollow, leafless, unbranched prduncle"	Taraxacum	
54	"Capitula solitary or several in a synflorescence, on solid, branched or unbranched peduncles"	55	
55	"Cypselas dimorphic; pappus absent or crownlike or the inner cypselas with a pappus of hairs less than 2 mm long"	56	
55	"Cypselas hetero- or homomorphic; pappus present on all cypselas, composed of hairs more than 3 mm long"	57	
56	"Cypselas pyriform, globose, small; inner phyllaries thickened, hardened, and connate with outer cypselas below, free and foliaceous above"	Acanthocephalus	"Acanthocephalus benthamianus"
56	"Capitula not as above; inner phyllaries not thickened, not hardened, and free from the cypselas"	Heteracia	"Heteracia szovitsii"
57	"Plants broom-shaped; cypselas homomorphic, beaked, the beaks deciduous, falling off with the pappus"	Chondrilla	
57	"Plants not broom-shaped; cypselas heteromorphic, outer cypselas beakless and clasped by the innermost phyllaries; pappus of inner cypselas persistent, those of the outer cypselas deciduous"	Heteroderis	"Heteroderis pumila"
58	"Cypselas with about 20 ribs, lacking a pappus"	Lapsana	"Lapsana communis"
58	"Cypselas 4-ribbed or 10-20-ribbed; at least the central cypselas with a pappus of long bristles"	59	
59	"Phyllaries lax, foliaceous, inner phyllaries blackish; cypselas 4-ribbed"	Spiroseris	"Spiroseris phyllocephala"
59	"Phyllaries overlapping or all more or less equal, or in 2 series, the outer series much short than the inner; cypselas 10-20-ribbed"	60	
60	"Capitula numerous, aggregated on a broadened part of the stem into a large inflorescence"	Soroseris	"Soroseris glomerata"
60	"Capitula few to many on branches of stem in various parts of synflorescence"	61	
61	"Cypselas isodiametric; pappuses usually white, rarely pale or yellowich"	62	
61	"Cypselas somewhat to distinctly flattened; pappuses white, yellowish, or brownish"	64	
62	"Cypselas with 10 very prominent, winglike ribs"	Ixeris	
62	"Cypselas with 10-20 somewhat prominent, but never winglike, ribs"	63	
63	"Plants delicate; involucres narrowly cylindric; inner phyllaries glabrous on the midribs; capitula with up to 15 florets; cypselas pale brown, with 10 ribs"	Askellia	
63	"Plants usually robust; involucres cylindrical to campanulate; inner phyllaries usually hairy over the midrib on their outer surface; capitula usually with 20 or more florets; cypselas some shade of brown, with 10-20 ribs"	Crepis	
64	"Phyllaries multiseriate and imbricate; cypselas fusiform"	Dubyaea	
64	"Phyllaries in 2 series, the outer series much shorter than the inner"	65	
65	"Cypselas either not distinctly beaked, at most gradually narrowed into a short rostrum or, if distinctly beaked, the cypselas columnar or fusiform, not flattened"	66	
65	"Cypselas distinctly beaked, the beak more or less distinct in color and/or texture from the slightly to greatly flattened"	68	
66	"Cypselas not narrowed distally"	Crepidiastrum	
66	"Cypselas narrowed distally"	67	
67	"Cypselas more or less compressed, qith 12-15 slender, unequal rives, the lateral ribs often narrowly winglike; plants glabrous"	Youngia	"Youngia japonica"
67	"Cypselas columnar or fusiform, with more or less equal ribs; plants with at least some indumentum"	Crepis	
68	"Plants creeping; leaves deeply palmately divided into 3-5 lobes; cypselas with 10 narrowly winglike ribs and a filiform beak"	Ixeris	
68	"Plants erect; leaves pinnately divided; cypselas with 9-12 more or less spinulose ribs and a stout beak"	Ixeridium	"Ixeridium sagittarioides"
69	"Cypselas more or less cylindrical, at most a little narrowed towards a truncate tip or stout beak; ribs (4-)5"	Melanoseris	
69	"Cypselas compressed, without beak and with 8-12 ribs or with filiorm beak and 4-12 unequal ribs"	70	
70	"Pappus often with small, soft, branched hairs; pappus hairs brittle"	71	
70	"Plants without small, soft, branched hairs; pappus hairs not brittle"	72	
71	"Plants perennial, stoloniferous, densely hairy; cypselas 1-2 mm long, ribs not confluent distally; pappuses uniseriate"	Pilosella	
71	"Plants perennial, with a branched rootstock; cypselas 2.5-5 mm long, ribs confluent distally into an obscure ring; pappuses biseriate"	Hieracium	
72	"Cypselas beaked, at least some with muricate projections, tubercles, or scales below the beak; plants with or without deflexed hairs on the stems or scapes"	73	
72	"Cypselas beaked or not, never muricate, at most hairy or minutely scabrous on the ribs; plants with deflexed hairs or stems or scapes"	77	
73	"Capitula solitary and terminal on a hollow, leafless, unbranched prduncle"	Taraxacum	
73	"Capitula solitary or several in a synflorescence, on solid, branched or unbranched peduncles"	74	
74	"Cypselas dimorphic; pappus absent or crownlike or the inner cypselas with a pappus of hairs less than 2 mm long"	75	
74	"Cypselas hetero- or homomorphic; pappus present on all cypselas, composed of hairs more than 3 mm long"	76	
75	"Cypselas pyriform, globose, small; inner phyllaries thickened, hardened, and connate with outer cypselas below, free and foliaceous above"	Acanthocephalus	"Acanthocephalus benthamianus"
75	"Capitula not as above; inner phyllaries not thickened, not hardened, and free from the cypselas"	Heteracia	"Heteracia szovitsii"
76	"Plants broom-shaped; cypselas homomorphic, beaked, the beaks deciduous, falling off with the pappus"	Chondrilla	
76	"Plants not broom-shaped; cypselas heteromorphic, outer cypselas beakless and clasped by the innermost phyllaries; pappus of inner cypselas persistent, those of the outer cypselas deciduous"	Heteroderis	"Heteroderis pumila"
77	"Cypselas with about 20 ribs, lacking a pappus"	Lapsana	"Lapsana communis"
77	"Cypselas 4-ribbed or 10-20-ribbed; at least the central cypselas with a pappus of long bristles"	78	
78	"Phyllaries lax, foliaceous, inner phyllaries blackish; cypselas 4-ribbed"	Spiroseris	"Spiroseris phyllocephala"
78	"Phyllaries overlapping or all more or less equal, or in 2 series, the outer series much short than the inner; cypselas 10-20-ribbed"	79	
79	"Capitula numerous, aggregated on a broadened part of the stem into a large inflorescence"	Soroseris	"Soroseris glomerata"
79	"Capitula few to many on branches of stem in various parts of synflorescence"	80	
80	"Cypselas isodiametric; pappuses usually white, rarely pale or yellowich"	81	
80	"Cypselas somewhat to distinctly flattened; pappuses white, yellowish, or brownish"	83	
81	"Cypselas with 10 very prominent, winglike ribs"	Ixeris	
81	"Cypselas with 10-20 somewhat prominent, but never winglike, ribs"	82	
82	"Plants delicate; involucres narrowly cylindric; inner phyllaries glabrous on the midribs; capitula with up to 15 florets; cypselas pale brown, with 10 ribs"	Askellia	
82	"Plants usually robust; involucres cylindrical to campanulate; inner phyllaries usually hairy over the midrib on their outer surface; capitula usually with 20 or more florets; cypselas some shade of brown, with 10-20 ribs"	Crepis	
83	"Phyllaries multiseriate and imbricate; cypselas fusiform"	Dubyaea	
83	"Phyllaries in 2 series, the outer series much shorter than the inner"	84	
84	"Cypselas either not distinctly beaked, at most gradually narrowed into a short rostrum or, if distinctly beaked, the cypselas columnar or fusiform, not flattened"	85	
84	"Cypselas distinctly beaked, the beak more or less distinct in color and/or texture from the slightly to greatly flattened"	87	
85	"Cypselas not narrowed distally"	Crepidiastrum	
85	"Cypselas narrowed distally"	86	
86	"Cypselas more or less compressed, qith 12-15 slender, unequal rives, the lateral ribs often narrowly winglike; plants glabrous"	Youngia	"Youngia japonica"
86	"Cypselas columnar or fusiform, with more or less equal ribs; plants with at least some indumentum"	Crepis	
87	"Plants creeping; leaves deeply palmately divided into 3-5 lobes; cypselas with 10 narrowly winglike ribs and a filiform beak"	Ixeris	
87	"Plants erect; leaves pinnately divided; cypselas with 9-12 more or less spinulose ribs and a stout beak"	Ixeridium	"Ixeridium sagittarioides"
