from	statement	to
1	"Plants usually 30-40 cm tall; phyllay margins hyaline membranous; known only from northwestern Balochistan"	"Xylanthemum macropodum"
1	"Plants usually low-growing; phyllary margins brown membranous; plants widespread in the northern mountains of Pakistan"	2
2	"Leaves rigid; inner phyllaries with lacerate tips; peduncles more than 10 cm long"	"Xylanthemum fischerae"
2	"Leaves soft, not rigid; inner phyllaries with ciliate tips; peduncles less than 10 cm long"	"Xlyanthemum pamiricum"
