from	statement	to
1	"Androphores conspicuous, longer than the petals"	"Cleome gynandra"
1	"Androphores less conspicuous, usually shorter than the petals"	2
2	"Leaves digitately compound with 3-7 leaflets"	3
2	"Leaves simple"	7
3	"Leaflets of lower leaves usually longer than 5 cm; flowers more than 1 cm across"	4
3	"Leaflets usually less than 4 cm long; flowers less that 1 cm across"	5
4	"Gynophores at least 3 cm long; leaves with a pair of minute spiny stipules"	"Cleome spinosa"
4	"Gynophores absent; leaves without spimy stipules"	"Cleome viscosa"
5	"Fruits oblong, 8-12 mm long, 3-5 mm wide, densely glandular; plants perennial"	"Cleome brachycarpa"
5	"Fruits more or less linear, 1-50 mm long, 1.5-2 mm wide. Glabrous or minutely glandular; plants usually annual, rarely perennial"	6
6	"Fruits 15-20 mm long, 2 mm wide; leaflets linear or narrowly linear-elliptic"	"Cleome ariana"
6	"Fruits 30-40 mm long, about 1.5 mm wide; leaflets more or less orbicular, ovate, or broadly elliptic"	"Cleome heratensis"
7	"Fruits covered with short, stalked glands, linear cylindrical; peatls appendiculate at the junction of the limb and claw"	8
7	"Fruits glabrous (rarely sparsely pubescent), papillose, linear or oblong-compressed; petals not appendiculate"	9
8	"Styles 8-12 mm long; leaf margins and blades ciliate with stout, stalked glands"	"Cleome dolichostachya"
8	"Styles 1-5 mm long; leaf margins and blades without stalked glands"	"Cleome fimbriata"
9	"Flowers about 5 mm across, radially symmetric; fruits linear, spreading, about 1 mm wide"	"Cleome scaposa"
9	"Flowers about 8 mm across, slightly bilateral symmetric;  fruits oblong or linear, 3-8(-10) mm wide, pendulous"	10
10	"Plants mostly glabrous and glaucous, pedicels and inflorescences sparsely glandular; petal limbs lanceolate-elongate; fruits glabrous, 50-80 mm long, 3-5 mm wide; tapering and somewhat cuspidate at the top"	"Cleome oxypetala"
10	"Plants glandular pubescent all over; petal limbs almost orbicular to broadly ovate; fruits usually sparsely glandular, rarely glabrous or almost so, 20-40 mm long, 4-8(-10) mm wide, abrupting terminating to the style at the top"	"Cleome rupicola"
