from	statement	to	shortcut
1	"Receptacles with hairs or scales or with bracts subtending the ray and disk florets"	2	
1	"Receptables glabrous, without bracts"	10	
2	"Heads  with ligulate flowers"	3	
2	"Heads disciform, without ligulate flowers"	6	
3	"Ligules yellow"	4	
3	"Ligules white, pink, or red"	5	
4	"Plants annual herbs; heads solitaary, terminal; receptacular bract midribs excurrent midrib; achenes with a crownlike or auriculate pappus"	Anthemis	
4	"Plants perennial herbs or shrublets; heads may, in corymbs; receptacular bract midribs not excurrent; achenes without a pappus"	Achillea	
5	"Plants perennial herbs or shrublets; achenes dorsiventrally flattened, with 2 lateral, more or less evident ribs, withot a pappus"	Achillea	
5	"Plants usually annual, rarely biennial, herbs; achenes varied, rarely dorsiventrally flattened but,if so, rhombic in cross-section and with more than 2 ribs, with a crownlike or auriculate pappus"	Anthemis	
6	"Heads in lax or dense corymbs"	7	
6	"Heads solitary or in racemose or paniculate inflorescences"	8	
7	"Heads heterogamous, marginal flowers ligulate, pistillate"	Achillea	
7	"Heads homogamous, no flowers ligulate, all flowers bisexual"	Handelia	"Handelia trichophylla"
8	"Heads homogamous, all florets tubular, bisexual, tubular; receptacles conical, glabrous"	Seriphidium	
8	"Heads heterogamous, marginal florets pistilate, disc florets bisexual; receptacles hairy or scaly"	9	
9	"Heads more than 10 mm across, in racemes; florets more than 100; corollas and ovaries densely scaly; marginal florets 4-lobed, lobes obtuse"	Artemisiella	"Artemisiella stracheyii"
9	"Heads less than 10 mm across, in small to large panicles or contracted, spicate panicles; florets far fewer than 100; corollas and ovaries not scaly, corolllas sometimes hairy towards the top; marginal florets 2-lobed, lobes acute"	Artemisia	
10	"Heads with ligulate flowers"	11	
10	"Heads without ligulate flowers"	31	
11	"Plants annual herbs"	12	
11	"Plants perennial herbs or shrublets"	23	
12	"Ligules usually yellow, rarely partly white or, occasionally, reddish"	13	
12	"Ligules usually white, rarely pink to reddish, bluish violet, or creamy orange but never yellow"	14	
13	"Achenes heteromorphic, those of the disc flowers primatic with a narrow adaxial wing, without vallecular canals between the ribs"	Chrysanthemum	"Chrysanthemum coronarium"
13	"Achenes of disc flowers more or less round in cross-section, not winged, distinctly ribbed with dark vallecular secretoary canals between the pale-whitish ribs"	Leucanthemum	"Leucanthemum vulgare"
14	"Achenes pilose on the sides; pappuses fimbriate auricles on achenes of the marginal flowers, a whitish corona on achenes of the disc flowers"	Microcephala	
14	"Achenes glabrous; pappus different"	15	
15	"Receptacles with bracts subtending the flowers"	16	
15	"Receptacles without bracts subtending the flowers"	17	
16	"Achenes obovoid, laterally compressed, without distinct ribs or wings, their backs enveloped by spurs formed by prolongation of the base of the corolla tube; pappus not presetn"	Chamaemelum	"Chamaemelum nobile"
16	"Achenes terete, angled, or ribbed, often tuberculate, rarely dorsiventrally flattened; corolla bases not forming spurs; pappuss short coronas or auricles"	Anthemis	
17	"Ligulate flowers absent"	18	
17	"Ligulate flowers present"	20	
18	"Achenes dorsiventrally flattened, with 2 lateral ribs"	Cotula	
18	"Achenes not or only slightly flattened, with 5 adaxial lateral ribs or 8-10 ribs"	19	
19	"Roots with reddish tips; achenes more or less terete, prominently 8-10 ribbed, with vallecular canal between the ribs"	Leucanthemum	"Leucanthemum vulgare"
19	"Root tips not reddish; achenes slightly flattened, with 5 adaxial ribs, without any vallecular canals between the ribs"	Matricaria	
20	"Achenes triquetrous, strongly 3-ribbed on the posterior side and usually bearing 2, sometimes 1, reddish brown resin glands anteriorly at the tops"	Tripleurospermum	
20	"Achens not triqetrous, without reddish brown resin glands anteriorly at the tips"	21	
21	"Disc flowers with 4-lobed corollas, lobes having central resin canals; achenes strongly dorsiventrally compressed, with 2 lateral ribs"	Cotula	
21	"Disc flowers with 5-lobed corollas, lobes without resin canals; achenes not or only slightly flattened, with adaxial ribs or terete and 8-10-ribbed"	22	
22	"Achenes slightly flattened, with 5 adaxial ribs; vallecular canals not present between the ribs; heads less than 2 cm across"	Matricaria	
22	"Achenes terete, with 8-12 ribs; vallecular canals present between the ribs; heads 2.5-5 cm across"	Leucanthemum	"Leucanthemum vulgare"
23	"Pappuses of 4-12 obovate-oblong or numerous bristle-like scales, at least half as along as the corolla or longer"	24	
23	"Pappuses of short scales, an auricle, a corona, or absent"	25	
24	"Pappuses of 25-50 bristle-like scales, equaling or exceeding the corollas; ligules often bluish-violet, sometimes white or pink"	Allardia	
24	"Pappuses of 4-12 obovate-oblong scales, from half as long as to equaling the corollas in length; ligules usually white, sometimes pink"	Richteria	"Richteria pyrethoides"
25	"Disc corollas 4-lobed; achenes dorsiventrally flattened, with 2 lateral ribs"	Cotula	
25	"Disc corollas 5-lobed; achenes not flattened, with more than 2 ribs"	26	
26	"Achenes triquetrous, with 1 adaxial and 2 lateral, more or less thick, ribs and 2 dark, reddish-brown resin glands anteriorly at the top"	Tripleurospermum	
26	"Achenes not triquetrous, without reddish-brown resin glands at the top"	27	
27	"Ligulate flowers sterile; ovaries jointed with the corolla bases"	Tanacetum	
27	"Ligulate flowers fertile; ovaries not jointed with the resin bases"	28	
28	"Leaves more or less undivided, serrate or pinnatifid to pinnatippartitite; receptacles distinctly alveolate or punctate tuberculate"	29	
28	"Leaves 1-3 times pinnatisect, rarely undivided; receptations not alveolate nor punctate tuberculate"	30	
29	"Disc florets swollen at the base and spongy in fruit; achenes terete, prominently 8-10-ribbed, dark, with vallecular secretory canals between the ribs"	Leucanthemum	"Leucanthemum vulgare"
29	"Disc florets neither swollen at the base nor spongy in frtui; achenes obovoid, faintly 5-8-ribbed, without vallecular secretory canals between the ribs"	Dendranthema	"Dendranthema indicum"
30	"Receptacles flat; achenes with myxogenic cells; pappuses of several scales, these longer on one side"	Xylanthemum	
30	"Receptacles convex or hemispherical; achenes without myxogenic cells; pappuses of small scales or a small auricle on one side"	Tanacetum	
31	"Achenes triquetrous, with 1 adaxial and 2 lateral, more or less thick, ribs, abaxially and distally with usually 2 distinct resin glands, sometimes 1 by fusion or 3-5"	Tripleurospermum	
31	"Achenes rarely triquetrous, dorsally pilose or 8-10-ribbed or with 3 lateralrives but without resin glands"	32	
32	"Pappuses present, composed of scales, an auricle, or a corona"	33	
32	"Pappuses lacking"	41	
33	"Plants annual herbs"	34	
33	"Plants perennial herbs, shrublets or shrubs"	38	
34	"Achenes pilose on the sides; pappuses composed of a fimbriate whitish corona"	Microcephala	"Microcephala lamellata"
34	"Achenes glabrous, sometimes glandular or prominently 8-10-ribbed; pappuses of various kinds"	35	
35	"Achenes with 5 lateral ribs; pappuses composed of an auricle or small corona"	Matricaria	
35	"Achenes ribbed all around"	36	
36	"Receptacles with bracts; plants annual herbs"	Anthemis	
36	"Receptacles without bracts; plants perennial herbs or shrublets"	37	
37	"Leaves more or less undivided, serrate or, at the most, pinnatifid; achenes dark with whitish ribs, vallecular canals present between the mucilaginous cell bearing ribs"	Leucanthemum	"Leucanthemum vulgare"
37	"Leaves usually 1-3 pinnatisect, rarely undivided; achenes inconspicuously 10-ribbed, without vallecular canals and mucilaginous cells"	Tanacetum	
38	"Heads in corymbose panicles; plants perennial herbs"	39	
38	"Heads solitary; plants shrublets"	40	
39	"Leaves with crenate-serrate margins; receptacles glabrous; rootstocks without tufts of wolly fibres"	Tanacetum	
39	"Leaves pinnatisect; receptables pilose; rootstocks with tufts of woolly fibres"	Tanacetopsis	
40	"Achenes with myxogenic cells (mucilage-slime producing cells); pappuses of several scales; receptacles flat"	Xylanthemum	
40	"Achenes without myxogenic cells; pappuses coronas of small scales or an auricle; receptacles usually convex or hemispherical"	Tanacetum	
41	"Heads ligulate, outer flowers pistillate and disc flowers bisexual"	Dendranthema	
41	"Heads disciform with the outer flowers pistillate or discoid with all flowers bisexual"	42	
42	"Heads disciform with the outer flowers pistillate"	43	
42	"Heads discoid, all flowers bisexual"	45	
43	"Heads solitary, sessile"	Soliva	
43	"Heads in paniculate clusters, pedunculate"	44	
44	"Heads in corymbose panicles; anthers with more or less triangular apical appendages; achenes faintly 4-6-ribbed"	Ajania	
44	"Heads usually in ordinary panicles; anthers with lanceolate-linear to subulate apical appendages; achens not ribbed"	Artemisia	
45	"Achenes slender and somewhat arcuate, obtusely tuberculate; heads in dense corymbose panicles"	Pseudohandelia	"Pseudohandelia umbellifera"
45	"Achenes obovoid-oblong, straight or somethat oblique, smooth or ribbed but not tuberculate"	46	
46	"Heads small, in small or large panicles"	Seriphidium	
46	"Heads medium-sized to moderately large, solitary or aggregated in dense or open panicles"	47	
47	"Receptacles conical, with bracts; anthers tailed; pappuses composed of short coronas"	Handelia	"Handelia trichophylla"
47	"Receptacles flat to convex, glabrous; anthers not tailed; pappuses not present"	48	
48	"Leaves entire, serrate, or pinnatified; head solitary or 2-6 in open corymbose panicles; corolla bases swollen and spongy in fruit"	Leucanthemum	"Leucanthemum vulgare"
48	"Leaves highly pinnately dissected; heads usually in dense cormbose panicles or glomerules; corolla bases neither swollen not spongy in fruit"	Hippolytia	
