from	statement	to
1	"At least some flowers bisexual"	2
1	"Flowers unisexual"	22
2	"Spikes with many flowers or, if with only 2-3, with no more than 1-2 empty basal bracts"	3
2	"Spikes few flowers, usually 1-2 and several empty basal bracts"	21
3	"Leaves usually reduced to basal sheaths but, if plants submerged, with elongated blades"	4
3	"At least some basak leaves with blades"	6
4	"inflorescences simple spikes"	Eleocharis
4	"Inflorescences with multiple spikes"	5
5	"Spikes with distichous bracts and flowers"	Cyperus
5	"Spikes with spirally arranged bracts"	Schoenoplectus
6	"Stems leafy, with several elongated internodes; bracts truncte, hairy, scarious, metallic grey; without perianth bristles"	Fuirema
6	"Stems with only 1 elongated internode, most leaves basal; glumes differing in at least one respect from the above; perianth bristles sometimes present"	7
7	"Inflorescences of a single spike; leaves much reduced"	Trichophorum
7	"Inflroescences of many spikes; leaf blades long"	8
8	"Perianth bristles becoming much longer than the bracts"	9
8	"Perianth bristles absent or only slightly exceeding the bracts"	10
9	"Inflorescences of several pedicellate spikes"	Erioscirpus
9	"Inflorescences single, the spikes sessile"	Eriophorum
10	"Spikes congested in speudo-lateral, sperical heads"	Scirpoides
10	"Spikes not in pseudo-lateral, spherical heads"	11
11	"Style bases enlarged into stylopodia"	12
11	"Style bases not enlarged into stylopodia"	14
12	"Stylopodia persistent on the fruits"	Bulbostylis
12	"Stylopodia deciduous"	13
13	"Inflorescences with 1-3 spikes"	Abildgaardia
13	"Inflorescences with several to many spike"	Fimbristylis
14	"Perianth bristles present"	15
14	"Perianth bristles absent or only slightly exceeding the bracts"	17
15	"Spikes distichous, 3-18, sessile,  5-18 mm long"	Blysmus
15	"Spikes not distichous"	16
16	"Inflorescnces with fewer than 15 spikes; spikes 8-30 mm long"	Bolboschoenus
16	"Inflorescences with many spikes; spikes 3-7 mm long"	Actinoscirpus
17	"Bracts of spikes spirally arranged"	18
17	"Bracts of spikes distichous"	19
18	"Bracts boat-shaped, midveins rarely meeting the tips"	Isolepis
18	"Bracts short, obtrullate, with long awns"	Lipcarpha
19	"Fruits with flat surfaces towards the spike axes"	Cyperus
19	"Fruits with their edges towards the spike axes"	20
20	"Inflorescences of multiple spikesl spikes with than (8-)10 or more bracts"	Pycreus
20	"Inflorescences formed by 1-3 heads of spikes; spikes with fwer than 6 bracts"	Kyllinga
21	"Inflorescences composed of a single terminal group of spikes"	Schoenus
21	"Inflorescences formed by several groups of spikes at each stem node"	Cladium
22	"Utricles [=perigynia] more or less open, at least abaxially; beaks not differentiated; male flowers on axes that may or may not extend beyond the utricles/perigynia"	Kobresia
22	"Utricles [=perigynia], closed  except at the top, usually beaked; without rachillas or, if present, sterile and mostly included in the utriclea/perigynia"	Carex
