from	statement	to
1	"Outer tepals with midribs cesing well below the tips; plants unisexual, either all flowers with well developed stigmas but not anthers or anthers present but only rudimentary stigmas"	"Aerva javanica"
1	"Outer tepals with midribs excurrent forming distinct mucros; flowers bisexual or both pistillate and bisexual"	2
2	"Outer tepals abruptly narrowed to a short mucro, length (excluding the mucros) 0.75-1.25 mm long; inflorescences axillary, usually clustered, forming a long, leafy inflorescence along the stems and branches"	"Aerva lanata"
2	"Outer tepals gradually narrows to the mucros, length (excluding the mucros) 1.57-2.25 mm; upper inflorescences of the stems and of long, ascending branches frequently without subtending leaves, racemose, the whole inflorescence appearing paniculate"	"Aerva sanguinolenta"
