from	statement	to
1	"Spikelets 4-5 mm long, plano-convex; upper lemmas mucronate, mucros 0.1-1.2 mm long; lower glumes on the abaxial side of the spikelets"	2
1	"Spikelets 1.5-4.5 mm long, unequally biconvex; upper lemmas sub-acute to acute or mucronulate; lower glumes on the adaxial side of the spikelets"	3
2	"Plants annuals; spikelets usually single or paired only at the base of the inflorescences branches; mucros of upper lemmas 0.3-1 mm long"	"Urochloa panicoides"
2	"Plants perennial, with knotty bases; spikelets usually paired; mucros of upper lemmas about 0.1 mm long"	"Urochloa setigera"
3	"Inflorescence branches flat, ribbonlike, narrowly winged"	"Urochloa distachya"
3	"Inflorescence branches 3-angled or crescentic in cross-section, sometimes with very narrow wings"	4
4	"Spikelets 1.5-2.2 mm long; lower glumes up to 1/4 the length of the spikelet, rarely a little longer"	"Urochloa reptans"
4	"Spikelets 2.5-5 mm long; lower glumes a third to half as long as the spikelets, rarely shorter"	5
5	"Pedicels, or some of them, longer than the spikelets; spikelets well spaced, spreading; branches often compound"	"Urochloa deflexa"
5	"Pedicels shorter than the spikelets; spikelets contiguous and appressed to the branches; branches usually simple, occasionally the longst with branchlets at the base"	6
6	"Upper glumes and lower lemmas thinly cartilaginous, mostly smooth and shiny, sometimes papillose; spikelets 2.5-4.5 mm long"	"Urochloa ovalis"
6	"Upper glumes and lower lemmas membranous, glabrous or pubescent; spikelets 2.5-3.5 mm long"	"Urochloa ramosa"
