from	statement	to
1	"Leaves palmately compound; staminate flowers in racemose inflorescences; anther-bearing stamens 3, alternating with 3-staminodes"	"Dioscorea melanophyma"
1	"Leaves simple; staminate flowers in spikelike inflorescences; anther-bearing stamens 6, staminodes absent"	2
2	"Stems twining anticlockwise; leaves opposite"	"Dioscorea belophylla"
2	"Stems twining clockwise; leaves alternate"	3
3	"Leaves glabrous on both surfaces; pistillate spikes in clusters, with many flowers; capsules longer than wide; seeds winged at the base"	"Dioscorea bulbifera"
3	"Leaves pubescent along the veins and veinules on the lower surface, glabrous on the upper surface; pistillate spikes solitary, with few flowers; capsules wider than long; seeds winged all around"	"Dioscorea deltoidea"
