from	statement	to
1	"Plants perennial, scapose herbs; fruits setose"	"Papaver nudicaule"
1	"Plants annual herbs with leafy stems, these sometimes short; fruits glabrous or setose"	2
2	"Cauline leaves amplexicaul; plants glabrous or sparsely hispid to stiffly hairy"	3
2	"Cauline leaves not amplexicayll; plants usually densely hispid to stiffly hairy"	4
3	"Capsules subglobose or ovoid, their baes rounded; leaves shallowly dissected or serrate; petals more or less circular, 3.5-4.5 cm in diameter; stigmatic rays (5-)8-12(-18)"	"Papaver somniferum"
3	"Capsules obconical or clavate, withnarrowed bases; leaves pinnately dissected or laciniate; petals broadly obovate, 1.5-2 m long; stigmatic rays 4-8"	"Papaver decaisnei"
4	"Stigmatic segments keeled, marginal lobes deeply dissected; capsules elliptic-oblong or sub-tubulose"	"Papaver macrostomum"
4	"Stigmatic segments not keeled, marginal lobes shallow; capsules sub-globose, ovoid, obovoid, or oblong"	5
5	"Capsules glabrous; stamen filaments linear, filiform"	6
5	"Capsules setose; stamen filaments often slightly widened distally"	8
6	"Capsules subglobose with rounded bases; terminal segment of leaves much longer than the lateral segments"	"Papaver rhoeas"
6	"Capsules oblong, their bases more or less narrowed; terminal segment of leaves almost equal to the lateral segments"	7
7	"Leaf segments usually 1-2 mm wide and short; peduncles short; immature capsules 4-5 mm long"	"Papaver stewartianum"
7	"Leaf segments usually 4-10 mm wide; peduncles long; capsules 10-20 mm long"	"Papaver dubium"
8	"Capsules more or less ovoid; flower buds obovoid-suborbicular, usually with 2 horns; terminal segment of upper leaves more or less elongated"	"Papaver pavoninum"
8	"Capsules elliptic-globose; flower buds obovoid-orbicular, without horns; terminal segment of leaves about as long as the lateral leaves"	"Papaver hybridum"
