from	statement	to
1	"Lemmas deely bifid, the lobes extended into stout, scabrous bristles"	"Trikeraia:Trikeraia hookeri"
1	"Lemmas entire or bifid, if bifid the lobes hyaline, short, and rounded to acute"	2
2	"Spikelets more or less dorsally compressed; florets dorsally compressed; calluses 0.1(-0.3) mm long, scarcely distinct from the lemma body, glabrous"	Piptatherum
2	"Spikelets more or less laterally compressed; florets from more or les laterally compressed to cylindrical; calluses conical or cylindrical, obtuse to pungent, 0.3-5 mm long, densely bearded"	Stipa
