from	statement	to
1	"Stylar branches not tepaloid"	2
1	"Stylar branches tepaloid"	5
2	"Inflorescences not spicate; perianth tume straight, more than 1.5 cm long"	Crocus
2	"Inflorescences spicate"	3
3	"Aerial stems zigzag; style branches deeply divided"	"Freesia:Freesia refracta"
3	"Aerial stems straight; style branches undivided"	4
4	"Hypanthium tube straight"	"Ixia:Ixia maculata"
4	"Hypanthium tube bent or curved"	"Gladiolus:Gladiolus italicus"
5	"Plants cormous-based; corms covered by a reticulate-fibrous outer layer; flowers without a perianth tube of any sort; styles distinct, branched well above the base of the perianth segments"	"Moraea:Moraea sisyrinchium"
5	"Plants with rhizomes or bulbs, these usually not covered by a reticulate fibrous outer layer; flowers with a perianth tube; styles branched at the same level as the perianth divided"	Iris
