from	statement	to
1	"Plants without a basal rosette; basal and cauline leaves withered at anthesis"	2
1	"Plants with a basal rosette of well-developed leaves, always present at anthesis"	7
2	"Middle cauline leaves with a constriction on the lower third part of basally amplexicaul or rounded leaves"	3
2	"Middle cauline leaves without a constriction"	5
3	"Phyllaries with abundant long, simplehairs"	"Hieracium azerbaijanense"
3	"Phyllaries with short glandular hairs, sometimes with a few very short simple hairs intermixed"	4
4	"Inflorescence branches with ense stellate pubescence and glandular hairs about 0.2 mm long; leaves light green with soft hairs"	"Hieracium regelianum"
4	"Inflorescence branches with vey lax, stellate pubescence, without glandular hairs; leaves slightly glaucous, sparsely covered with rigid simple hairs"	"Hieracium kirghisorum"
5	"Middle cauline leaves lanceolate to narrowly linear, up to 2 cm wide, basally cuneate, usually with abundant stellate hairs"	"Hieracium umbellatum"
5	"Middle cauline leaves narrowly ovate-lanceolate to narrowly elliptic-lanceolate, basaly rotund or cordate, usually withou or with sparse stellate hairs"	6
6	"Capitula turbinate; synflorescence branches glabrous; phyllaries 7-8(9) mm long; leaves glacuous, with cordate and amplexicaul leaves, with a prominent network of veins on the lower surface, never with stellate pubescence"	"Hieracium virosum"
6	"Capitula campanulate; synflorescnce branches with stellate pubescence; phyllaries 8-10 mm long; leaves slightly glaucous, rounded at the base, with a less prominent network of veins below, with or without stellate pubescence"	"Hieracium robustum"
7	"Leaves elliptic to lanceolate, often with winged petioles, upper surface with simple hairs 1.5-2.5 mm long; phyllaries with coarse, simple hairs 1.5-2.5 mm long mostly along the median line"	"Hieracium korshinskyi"
7	"Leaves lanceolate, petioles not winged, upper surface with simple hairs 0.5-0.8 (1) mm long; phyllaries with thin simple hairs 1-1.5 mm long, covering almost the whole surface"	"Hieracium kuusamoense"
