from	statement	to	shortcut
1	"Anthers connivent, forming a cone"	2	
1	"Anthers not connivent"	5	
2	"Calyces with 5 veins; anthers poricidal"	Solanum	
2	"Calyces with 10 veins; anthers poricidal or longitudinally dehiscent"	3	
3	"Fruiting calyces enclosing the fruit; flowers subsessile"	Withania	
3	"Fruiting calyces campanulate or cupulate; flowers clearly pedicellate"	4	
4	"Plants woody shrubs; anthers poricidal; cultivated as an ornamental"	Lycianthes	"Lycianthes rantonnetii"
4	"Plants herbaceous; anthers longitudinally dehiscent; cultivated for their fruits, sometimes escaping"	Capsicum	
5	"Fruits capsules"	6	
5	"Fruits berries"	11	
6	"Capsule dehiscence operculate"	7	
6	"Capsules dehiscence by valves"	8	
7	"Inflorescences spicate or racemose"	Hyoscyamus	
7	"Inflorescences terminal corymbs"	Physochlaina	
8	"Flowers in panicles or racemes"	Nicotiana	
8	"Flowers solitary"	9	
9	"Capsules ovoid to subglobose, 30-40 mm long, spiny or tuberculate"	10	
9	"Capsules narrowly ovoid, up to 10 mm long, smooth"	Petunia	
10	"Plants herbaceous, annual or perennial"	Datura	
10	"Plants woody shrubs"	Brugmansia	"Brugmansia suaveolens"
11	"Plants unarmed herbs"	12	
11	"Plants shrubs, armed or unarmed"	13	
12	"Fruiting calyces 3-angled, completely enclosing the berry; flowers solitary"	Physalis	
12	"Fruiting calyces not 3-angled, not enclosing the berry; flowers not solitary, in a cincinal inflorescence"	Atropa	
13	"Plants spiny shrubs; stamens attached at the base of the corolla tube"	Lycium	
13	"Plant unarmed shrubs; stamens attached near the throat of the corolla tube"	Cestrum	
