from	statement	to
1	"Leaves cordate to ovate, reticulately veined"	"Cardiocrinum:Cardiocrinum gigeanteum"
1	"Leaves neither cordate not ovate, parallel-veined"	2
2	"Bulbs with a few fleshy, farinaceous scales; perianth segments with a concave nectary at the base of the upper surface of each segment"	Fritillaria
2	"Bulbs with many scales, scales not farinaceous; perianth segments without a basal concave nectary"	3
3	"Bulbs not naked; anthers pseudobasifixed; seeds not winged"	4
3	"Bulbs naked; anthers dorsifixed, versatile; seeds winged"	"Lilium:Lilium polyphyllum"
4	"Bulbs more than 1 cm in diameter; tepals more than 2 cm long"	5
4	"Bulbs less than 1 cm in diameter; tepals less than 2 cm long, persistent to marcescent; style developed"	6
5	"Styles columnar, rather long; stigmas 3-lobed, lobes slightly recurved"	"Notholirion:Notholirion thomsonianum"
5	"Styles often lacking; stigmas withour recurved lobes"	Tulipa
6	"Tepals remaining attached after anthesis but neither hardening nor enlarging, often shorter than the capsules"	Lloydia
6	"Tepals persistent, more or less hardened and enlarged after anthesis, 1.5-2 times as long the capsules"	Gagea
