from	statement	to
1	"Inflorescences axillary; corolla tubes about equal to the corolla lobes"	2
1	"Inflorescences terminal or terminal and axillary"	3
2	"Leaves 20-35 mm long, 2.5-3 mm wide; inflorescnces not dichotomously branched"	"Asperula sp."
2	"Leaves 10-12 mm long, 1.5-2 mm wide; inflorescences dichotomously branched"	"Asperula karataviensis"
3	"Leaves whorled; corolla lobes broadly triangular-ovate"	4
3	"Leaves opposite; corolla lobes narrowly triangular"	"Asperula oppositifolia"
4	"Plants annuaal; leaves 6(-7) in a worl; flowers 4-merous"	"Asperula setosa"
4	"Plants perennial; leaves mor than 6 in a whorl; flowers 5-merous"	"Asperula glomerata"
