from	statement	to
1	"Stipules truncate or shortly fimbriate; leaves ovate to broadly elliptic with 4-6 pairs of lateral veins"	"Debia ovatifolia"
1	"Stipules neither truncate nor fimbriate; leaves linear-narrowly lanceolate; lateral veins indistinct"	2
2	"Calyx teeth broadly traingular; inflorescences 5-many flowered congested cynes; flowers heterostylous; corolla tubes 1-1.5 mm long"	"Oldenlandia umbellata"
2	"Calyx teeth narrowly triangular-subulate; inflorescences axillary and solitary, rarely with many flowers; flowers isostylous; corolla tubes about 0.5 mm long"	"Oldenlandia corymbosa"
