from	statement	to
1	"Leaves pinnatifid or -partite; leaf bases auriculate"	"Quercus robur"
1	"Leaves entire or spiny-toothed; leaf bases on auriculate"	2
2	"Bacts 3-4 mm long; styles subcapitate; accrescent scales of the cupule in annular rings"	"Quercus glauca"
2	"Bracts shorter than 2.5 mm; styles linear or clavate; cupules of imbricate scales"	3
3	"Lower leaf surfaces ruty omentose; acorns subglobose; cupules covering only acorn bases"	"Qercus semecarpifolia"
3	"Lower leaf surfaces white tomentose to glabresent and pale green; acorns ovoid-oblong; cupules covering 1/3-2/3 of the acorns"	4
4	"Leaves always coarsely toothed; upper leaf surfaces dark green and spiny; lower leaf surfaces white tomentose"	"Quercus oblongata"
4	"Leaves entire to spine-toothed; upper surfaces green; lower surfaces pale to white tomentose but glabrescent"	5
5	"Plants small trees or shrubs 2.5-8 m tall; young shoots and lower leaf surfaces stellate pubescent; anthers hairy; acorns more or less cylindrical"	"Quercus baloot"
5	"Plants trees to 20 m tall; young shoots and lower leaf surfaces glabrescent;  anthers glabrous; acorns more or less ovoid"	"Quercus floribunda"
