from	statement	to
1	"Plants up to 10(-15) cm tall; leaves ovate, 1.2-2.5 cm long, 0.6-1 cm wide, with incurved ultimate segments"	"Hippolytia nana"
1	"Plants usually more than 20 cm tall; leaves linear-lancelate or oblong-ovate, more than 3 cm long, with straight ultimate segments"	2
2	"Petioles longer than the oblong-ovate blades; ultimate leaf segments 0.5-1 mm wide; achenes about 2.5 mm long"	"Hippolytia senecionis"
2	"Petioles shortert than the linear or linaer-lanceolate blades; ultimate leaf segments to 0.3 mm wide; achenes 3-3.5 mm long"	"Hippolytia dolichophylla"
