from	statement	to
1	"Plants yellowish white to brown, saprophytic or parasitic; stems succulent"	Monotropa
1	"Plants with green leaves, neither saprophytic nor parasitic; stems woody"	2
2	"Leaves imbricate, appressed to the stem"	"Cassiope:Cassiope fastigiata"
2	"Leaves alternate or clustered, not appressed to the stem"	3
3	"Plants deciduous trees; capsules with corky thickenings on the sutures"	"Lyonia:Lyonia ovalifolia"
3	"Plants evergreen trees, shrubs, or shrublets"	4
4	"Stems wiry; flowers solitary or in racemes; calyces succulent in fruit"	"Gaultheria:Gaultheria trichophylla"
4	"Stems not wiry; flowers in terminal clusters; calyces not succulent in fruit"	Rhododendron
