from	statement	to
1	"Spikelets not subtended by bristles"	2
1	"At least some spikelets subtended by 1 to many bristles or spines"	11
2	"Synflorescences open or spikelike panicles, occasionally condensed around the primary branches"	3
2	"Synflorescnces of 1-sided spikelike branches, these occassionaly with short secondary branches or the spikelets long-pedicellate and widely spaced"	5
3	"Spikelets with a beadlike swelling at the base"	Eriochloa
3	"Spikelets without a beadlike swelling at the base"	4
4	"Upper florets coriaceous to crustaceous; lower lemmas entire at the tip, unawned; lower glumes more or less ovate, distinct"	Panicum
4	"Upper florets thinly cartilaginous; lower lemmas often bilobed or awned"	Melinis
5	"Lower glumes distinctly awned"	Oplismenus
5	"Lower glumes with, at most, a short awn point"	6
6	"Upper lemmas coriaceous to crustaceous, with narrow, inrolled margins clasping the edge of the paleas"	7
6	"Upper lemmas chartaceous to cartilaginous"	10
7	"Panicle branches mostly with the spikelets in clusters of 2 or more, forming 4 rows; spikelets gibbously plano-convex, cuspidate to awned; upper lemmas acute, muticous; upper paleas acute, with reflexed tips"	Echinochloa
7	"Panicle branches mostly 1-2-rowed, the spikelets single or paired, rarely more together"	8
8	"Upper paleas obtuse, their tips not reflexed"	9
8	"Upper paleas acute, their tips reflexed; lower glumes away from the branch axis"	Paspalidium
9	"Upper lemmas smooth; lower glumes up to 1/5 the length of the spikelets, rarely a little longer"	"Moorochloa:Moorochloa eruciformis"
9	"Upper lemmas granulose to rugose, subacute to mucronulate; usually more than 1/5 the length of the spikelet"	Urochloa
10	"Upper lemmas with narrow, inrolled margins clasping the edges of the paleas, their tips awned; panicle branches usually in a single whorl"	"Alloteropsis:Alloteropsis cimicina"
10	"Upper lemmas with thin, flat margins vobering most of the paleas and often overlapping, unawned"	Digitaria
11	"Bristles persisting after the spikelets have fallen"	Setaria
11	"Bristles or spines falling with the spikelets"	12
12	"Involucral bristles free for most of their length, more or less filiform"	Pennisetum
12	"Involucral bristles flattened and fused below, forming a cup"	Cenchrus
