from	statement	to
1	"Plants shrubs, 3-4.5 m tall, cultivated; flowers 20-28 cm long"	"Brugmansia suaveolens"
1	"Plants herbaceous or woody at the base, up to 2 m tall, widely naturalized; flowers 7-17 cm long"	2
2	"Capsules erect, dehiscing by 4 valves; leaves dentate"	"Datura stramonium"
2	"Capsules nodding, dehiscence irregular; leaves entire"	3
3	"Plants densely villous; corollas 10(-12) lobed, white; calyces 1/2-2/3 the length of the corollas; capsules spiny, spines 5-11 mm long"	"Datura innoxia"
3	"Plants almost glabrous; corollas 5-10 lobed, white or suffused with purple or yellow; calyces up to 1/2 the length of the corollas; capsules tuberculate or spinose, spines up to 3 mm long"	"Datura metel"
