from	statement	to
1	"Leaves compound, trifoliate or pinnate"	2
1	"Leaves simple"	10
2	"Leaves alternate; flowers yellow"	3
2	"Leaves opposite; flowers white or yellow"	5
3	"Plants glabrous throughout"	4
3	"Plants with pubescent branches, leaves and calyx teeth"	"Jasminium humile f. pubigerum"
4	"Leaflets usually 3-5; flowers scentless, wild, with berriees; occasionally cultivated"	"Jasminium humile"
4	"Leaflets usually 5-7; flowers fragrant; plants cultivated, sterile and not forming berries; cultivated"	"Jasminium humile 'revolutum'"
5	"Flowers yellow; leaves trifoliate"	"Jasminium mesneyi"
5	"Flowers white; leaves trifoliate or pinnate"	6
6	"Calyx teeth minute"	7
6	"Calyx teeth, 5-15 mm long, nearly as long as the corolla tubes"	9
7	"Leaves grey-pubescent; lateral leaflets much reduced or lacking"	"Jasminium auriculatum"
7	"Leaves glabrous or glabrate, green; lateral leaflets well-developed but not always as long as the terminal leaflets"	8
8	"Leaves trifoliate; leaflets ovate, not coriaceous"	"Jasminium azoricum"
8	"Leaves trifoliate or pinnate; leaflets coriaceous, cordate or subcordate to lanceolate"	"Jasminum dispersum"
9	"Inflorescences subumbellate; corolla tubes 15-17 mm long, the lobes 9-12 mm long and 5-8 mm wide; plants common, wild"	"Jasminium officinale"
9	"Inflorescences cymose, pedicels of later flowers long than those of the central, earlier flowers; corolla tubes 15-20 mm long, the lobes 8-14 mm wide; plants cultivated"	"Jasminium grandiflorum"
10	"Plants glabrous throughout; leaves coriaceous, shiny"	"Jasminium cuspidatum"
10	"Plants pubescent at least on the calyces; leaves not coriaceous"	11
11	"Calyx teeth 0-3(-4) mm long"	12
11	"Calyx teeth at least 5 mm long, sometimes longer"	15
12	"Calyces almost truncate, the teeth shorter than 1 mm; leaves sometimes with 2 small, stipule-like lateral leaflets"	"Jasminium auriculatum"
12	"Calyx teeth usually longer than 1 mm; leaves never trifoliate"	13
13	"Leaves up to 6 cm long, both surfaces velvety tomentose; petioles up to 1 cm long"	"Jasminium roxburgianum"
13	"Leaves up to 18 cm long, pubescent when young but becoming glabrous and green with age; petioles 1-2.5 cm long"	14
14	"Plants not twining"	"Jasminium arborescens"
14	"Plants twining; leaves unusally large"	"Jasminium latifolium"
15	"Flowers in few-flowered terminal cymes, fragrant, often double, not tinged with red outside; leaves elliptic to broadly elliptic or suborbicular; leaves with more or less cuneate bases and acute tips"	"Jasminium sambae"
15	"Flowers in dense terminal or axillary cymes or single, sometimes fragrant, sometimes tinged with red outside; leaves ovate with truncate to cordate bases, tips usually acuminate"	16
16	"Flowers fragrant; cymes sometimes axillary or on dwarf lateral branchlets; calyces fulvous-villous; calyx  teeth almost as long the corolla tubes; plants frequently cultivated"	"Jasminium multiflorum"
16	"Flowers scentless; cymes terminal; calyces pubescent; calyx teeth about half the length of the corolla tubes; plants rarely cultivated"	"Jasminium amplexicaule"
