from	statement	to
1	"Glumes glabrous or minutely pubescent, the keel winged"	2
1	"Glumes hairy on the keel and veins, the keel not winged"	3
2	"Lemmas awned, the awns exceeding the glume tops by 4-8 mm; anthers 3-4 mm long"	"Alopecurus myosuroides"
2	"Leamms unawned ot the awns a short stump near the base of the lemma; anthers about 0.6 mm long"	"Alopecurus nepalensis"
3	"Glumes sharply acute to shortly aristate, covered with dense white hairs up to 3 mm long"	"Alopecurus himalaicus"
3	"Glumes acute or obtuse, not aristate, haris restricted to the keel and not more than 2 mm long"	4
4	"Spikelets 1.5-3 mm long; glume tips obtuse; anthers 0.5-1.2 mm long"	"Alopecurus aequalis"
4	"Spikelets 3.5-6 mm long; glume tips acute; anthers 2-4 mm"	5
5	"Awns exceeding the lemma tips by 1.9-5 mm; lemma tips narrowly acute, the margins straight to slightly convex from tip to midlength"	"Alopecurus pratensis"
5	"Awns not exceeding the lemma tips or doing so by not more than 2.2 mm; lemmas tips from truncate to widely acute, the margins strongly angled between the tip and midlength"	"Alopecurus arundinaceus"
