from	statement	to	shortcut
1	"Plants usually climbing shrubs, mostly with tendrils; stamens free; leaves simple, variously lobed or palmately compound; stipules membranous; ovaries with 2 cells and 2 ovules per cell"	2	
1	"Plants erect shrubs, trees, or herbs; stamens adnate and connate to the petals; leaves usually pinnately compound, rarely simple; stipules sheathing; ovaries 3-6 celled, with 1 ovule per cell"	Leea	"Leea edgeworthii"
2	"Petals 5; stems neither 4-anguled nor winged"	3	
2	"Petals 4; stems usually  4-angled or winged"	Cissus	
3	"Petals distinct, not falling as a single unit after anthesis"	4	
3	"Petals cohering into a calyptra, falling as a single unit after anthesis"	Vitis	
4	"Nectary discs distinct; tendrils not ending in adhesive discs but sometimes tapering"	5	
4	"Nectary discs inconspicuous; tendrils mostly ending in an adhesive disc"	Parthenocissus	
5	"Nectary discs annular, often 10-grooved; styles shortly conical; stigmas pitted, rarely dilated"	Ampelocissus	"Ampelocissus latifolia"
5	"Nectary discs cupular, (4-)5 lobed; styles long, subulate; sigmas filiform"	6	
6	"Plants climbing shrubs, completely glabrous; leaves broadly ovate, deltoid, or cordate, obscurely 3-lobed, with truncate or cuneate bases"	Ampelopsis	"Ampelopsis vitifolia subsp. vitifolia"
6	"Plants erect shrubs; young branches, lower surface of leaves, and peduncles pubescent; leaves reniform-cordate, not lobed, with deeply or shallowly cordate bases"	Ampelopsis	"Ampelopsis vitifolia subsp. hazarganjiensis"
