from	statement	to
1	"Flowers white"	2
1	"Flowers red or dark blue to purplish"	3
2	"Nutlets 2.5-3 mm long; basal ring with collar 1.5-2 mm tall, margin not denticulate"	"Nonea turcomanica"
2	"Nutlets about 4 mm long; basal ring with collar less than 1 mm tall, margin denticulate"	"Nonea edgeworthii"
3	"Throat appendages quite prominent, hairs exserted from the throat"	"Nonea kandaharensis"
3	"Throat appendages neither prominent nor exserted"	4
4	"Corollas with a ring of hairs around the inside of the base"	"Nonea caspica"
4	"Corollas without a ring of hairs around the inside of the base"	"Nonea pulla"
