from	statement	to
1	"Capsules opening operculate, top splitting off"	2
1	"Capsules opening longitudinally, or fruits of separate dehiscent or indehiscent parts"	4
2	"Capsules 1-2-locular"	3
2	"Capsules 3-5 locular"	"Sesuvium:Sesuvium sesuvioides"
3	"Styles 2, free; fruits 4-seeded, dehiscing by a 2-valved lid longitudinally"	"Zaleya:Zaleya pentandra"
3	"Styles usually 1; fruits 2-many seeded, dehiscing by a circumscissile lid"	Trianthema
4	"Capsules dihiscing dorsally"	5
4	"Capsules of separate units or of 1-seeded indehiscent parts"	6
5	"Plants glabrous , herbs; capsules more or less papery"	"Corbichonia:Corbichonia decumbens"
5	"Plants papillose to tomentose herbs or low shrubs; capsules sub-woody"	"Aizoon:Aizoon canariense"
6	"Plants glabrous or pubescent; flowers small, lacking petals; capsules not hygroscopic"	7
6	"Plants with a dewy or crystalline appearance; flowers large, with petals; capsules hygroscopic"	"Mesembryanthemum:Mesembryanthemum crystallinum"
7	"Leaves with abundant raphides; fruits composed of 5 1-seeded indehiscent parts"	"Gisekia:Gisekia pharnaceoides"
7	"Leaves glabrous or papillose to glandulate; fruits composed of 2 cocci"	"Limeum:Limeum indicum"
