from	statement	to
1	"Fruits ellipsoid; flowers solitary in the upper leaf axils"	2
1	"Fruits more or less globose; flowers supra-axillary, 1-3 or many together, if many, in racemes or umbels"	4
2	"Posterior sepals not deeply galeate; sepals more or less equal"	"Capparis spinosa"
2	"Posterior sepals deeply galeate; sepals conspicuously unequal"	3
3	"Plants more or less densely hairy, often tomentose; leaves not fleshy"	"Capparis himalayensis"
3	"Plants glabrous, glaucous; leaves fleshy, cartilaginous"	"Capparis cartilaginea"
4	"Flowers 1-3 together, supra-axillary; plants pubescent with scarlet-brown, branched hairs"	"Capparis zeylanica"
4	"Flowers in corymbose racemes or umbels; plants glabrous or minutely hairy"	5
5	"Plants apparently leafless; leaves when present smal, linear, deciduous; flowers in corymbose racemes or fascicleson short branches"	"Capparis decidua"
5	"Plants leafy; leaves ovate or elliptic, persistent; flowers in umbels, terminal on leafy branches"	"Capparis sepiaria"
