from	statement	to
1	"Stems absent or very sort; leaves all basal, spirally arranged"	2
1	"Stems present, well developed; leaves opposite"	19
2	"Corolla tubes or lobes pilose to hirsute"	3
2	"Corolla tubes and lobes glabrous"	5
3	"Corolla tubes pilose; lobes glabrous"	"Plantago coronopus"
3	"Corolla tubes glabrous, lobes pilose or hirsute"	4
4	"Corolla lobes triangular-ovate, 1 mm long; spikes initially ovoid, later cylindrical,8-15 mm long; capsules about 3.5 mm long, ellipsoid; leaves narrowly lanceolate to oblanceolate"	"Plantago lagocephala"
4	"Corolla lobes narowly ovate, about 1.5 mm long; spikes ovoid, 10-20 mm long; capsules about 1.5 mm long; ellipsoid to short cylindrical, semiglobose at the base; leaves obovate, lanceolate, spathulate to obovate-spathulate"	"Plantago cliata subsp. Lanata"
5	"Ovaries 2-ovuled"	6
5	"Ovaries 3-many ovules"	14
6	"Leaves distinctly amplexicaul; stems poorly developed, branched at the base"	"Plantago amplexicaulis subsp. bauphula"
6	"Leaves not amplexicaul; stems not developed"	7
7	"Anterior sepals connate"	8
7	"Anterior sepals free"	9
8	"Plants perennial; leaves 5-veined; sepals 3-3.5 mm long, glabrous to slightly pilose; corolla lobes not acuminate"	"Plantago lanceolata"
8	"Plants annual; leaves with 3-5 veins; sepals 2.5-3 mm long, hirsute-pilose; corolla lobes distinctly acuminate"	"Plantago lagopus"
9	"Spikes usually with 2-4, rarely 1, flowers, 3-4.5 mm long, 3-4.2 mm wide"	"Plantago baltistanica"
9	"Spikes with more than 5 flowers, much longer than 4.5 mm and wider than 4.2 mm"	10
10	"Bracts mostly wide a the tips; anterioir and posterior sepals thin, tender, more or less similar, weakly keeled, visible only at the base or runnig to the middle of the sepals; corolla lobes narrow, not reflexed"	"Plantago atrata subsp. spadicea"
10	"Bracts wide or narrow at the tipes; anterior and postrioir sepals well differentiated, clearly keeled; corolla lobes usually wide and strongly reflexed"	11
11	"Keels not running the length of the sepals, only visible at the base, upper portion without veins; corolla lobes narrowly ovate-lanceolate, about 1 mm long"	"Plantago loeflingii"
11	"Keels runnng the full length of the sepals; corolla lobes ovate-lanceolate to ovate rotundate, 2-3 mm long"	12
12	"Leaves lanceolate; spikes short when young, 5-9 cm long, later elongating to 17 cm, fruits wll separated; sepals densely and shortly covered with short, grey hairs"	"Plantago stocksii"
12	"Leaveslinearto lanceolate; spikes when young 0.5-7 cm long, not elongating in fruit, fruits always densely packed; sepals glabrous or hairy at the margins"	13
13	"Leaves linear to lanceolate, 2-15 mm wide; spikes cylindrical oblong, 2-7 cm long; bracts 4-5 mm long, margins villous with long hairs; sepals 3-3.5 mm long; margins villous in the uppr part; corolla lobes lanceolate-ovate"	"Plantago cylindrica"
13	"Leaves linear 1-1.5 (-2.5) mm wide; spikes capituliform to short cylindrical 0.5-2 cm long; bracts about 3 mm long, margins ciliate on the upper margins; sepals about 2-5 mm long, entire; corolla lobes wide-ovate to"	"Plantago ovata"
14	"Ovaries with 6-34 ovules"	15
14	"Ovaries with 3-5 ovules"	17
15	"Calyces shortly stipitate; capsules rotund; seeds up to 6"	"Plantago himalaica"
15	"Calyces not stipitate; capsules ovoid or depressed; seeds 6-34"	16
16	"Spikes dense; capsules ovoid, seeds 6-34"	"Plantago major"
16	"Spikes not dense, flowers single orin fascicles; capsules depressed; seeds 4-5"	"Plantago aitchisonii"
17	"Ovules 5; seeds small, almost collateral leaves thin, papery; plants annual"	"Plantago depressa"
17	"Ovules 2-4, occaasionally 5; leaves coriaceous; plants perennial"	18
18	"Lower leaves distinctly, irregularly slightly dentate on the upper portion, teeth 7-8, up to 3 mm long; sepals about 2.5 mm long"	"Plantago aitchisonii"
18	"All leaves entire or subentire to undulate; sepals about 2 mm long"	"Plantago gentianoides subsp. griffisthsii"
19	"Lower bracts shorter than the calyces, long acuminate; sepals narrowly lanceolate; leaves narroly llinear to filiform, 2-4 cm long, 0.5-0.75 mm wide, entire"	"Plantago exigua"
19	"Lower bracts loner to much longer than the calyces, short acuminate; sepals ovate to lanceolate; leaves linear to linear-lanceolate, 3-8 cm long, 1.4-4 mm wide, entire to more or less dentateentire to denticulate"	20
20	"Lower bracts 3-8 mm long; leaves 3-6 cm long and 1.5-3(-4) mm wide, linear to linear-lanceolate, entire to denticulate"	"Plantago afra"
20	"Lower bracts 4-10 mm long, much over-lapping  the calyces, sometimes equalling or even exceeding the the length of the spikes; leaves 6-8 cm long, 2-4 mm wide, revolute"	"Plantago indica"
