from	statement	to
1	"Leaves heteromorphic: spring leaves fleshy, deciduous; summer leaves subulate, pungent, persistent"	2
1	"Leaves homomorphic, flat or linear to 3 angled, persistent"	5
2	"Inflorescences paniculate, spikelets solitary"	3
2	"Inflorescences not paniculate, spikelets in groups"	4
3	"Calyces sub-tubular, limbs narrowly folded"	"Acantholimon longiflorum"
3	"Calyces funnel-shaped, limbs not folded"	"Acantholimon stocksii"
4	"Scapes twice as long as the leaves; spikelets 5-6 in a cluster"	"Acantholimon polystachyum"
4	"Scapes 3-4 times as long as the leaves; spikelets 2-3 in a cluster"	"Acantholimon longiscapum"
5	"Spikelets with 1 flower, 3-bracteate"	"Acantholimon munroanum"
5	"Spikelets with 2-4 flowers, 4-5-bracteate"	6
6	"Inflorescences spicate-heads; outer bracts completely membranous"	"Acantholimon calocephalum"
6	"Inflorecences 1-2-branched, contracted, the branches distichous or imbricate spikes; outer bracts herbaceous"	7
7	"Scapes longer than the leaves; leaves to 3-angled; spikes imbricate"	"Acantholimon leptostachyum"
7	"Scapes shorter than the leaves; leaves flat; spikes distichous"	"Acantholimon lycopodioides"
