from	statement	to	shortcut
1	"Plants shrubs or trees, usually erect, rarely climbing"	2	
1	"Plants climbing by means of tendrils"	Helinus	"Helinus lanceolatus"
2	"Fruits with 1-3 pyrenes, each with 1-2 seeds"	3	
2	"Fruits with (2-)3(-4) pyrenes or 1-seeded pits; outer wall of seeds membranous or crustaceous"	5	
3	"Leaves 3(-5) veins arising from the base; stipules spiny"	Ziziphus	
3	"Leaves pinnately veined; stipules not spiny"	4	
4	"Ovaries incompletely 2-celled; drupes with 1 pyrene"	Rhamnella	"Rhamnella gilgitica"
4	"Ovaries completely 2-celled; drupe with 2 pyrenes"	Berchemia	
5	"Flowers sessile in terminal panicles; discs fleshy, filling the calyx hypanthium mouth; leaves usually opposite, rarely sub-opposite"	Sageretia	
5	"Plowers pedicellate in axillary clusters or in simple or compound racemes; discs not fleshy, thin, lining the hypanthium; leaves mostly alternate"	Rhamnus	
