from	statement	to
1	"Nutlets more or less glabrous at the top; corollas rose to violet; leaves simple"	2
1	"Nutlets densely bearded at the top; corollas yellow, pink, or white; leaves from simple to coarsely lobed or pinnatisect"	5
2	"Leaves ovate to broadly ovate, their bases more or less clearly cordate; upper surfaces of leaves with simple or very irregularly rayed branched hairs"	3
2	"Leaves elliptic or oblong to oblong-lanceolate, their bases cuneate to sub-cordate; upper surfaces of leaves with more or less regularly rayed stellate-dendroid hairs"	4
3	"Bracts subulate, more or less sharpy point, somewhat spreading from the calyces; lower leaf surfaces canescent-tomentose; stems 100-200 cm tall"	"Phlomoides spectabilis"
3	"Bracts linear, acuminate to spinulose, more or less adpressed to the calyces; lower leaf surfaces sparsely hairy; stems 20-80(-100) cm tall"	"Phlomoides bracteosa"
4	"Plants shrubs; stems with dense, persistent hairs"	"Phlomis stewartii"
4	"Plants perennial herbs; stems more or less sparsely hairy, the hairs easily rubbed off"	"Phlomis cashmeriana"
5	"Flowers in peduncalate cymes; calyx teeth 5-7 mm long"	"Phlomoides thyrsiflora"
5	"Flowers in condensed verticillasters; calyx teeth up to 3 mm long"	6
6	"Plants without leafy stems"	"Phlomoides acaulis"
6	"Plants with distinct, leafy stems"	7
7	"Calyces with persistent hairs, almost all hairs stellate-dendroid"	8
7	"Calyx hairs easily rubbed off or of few to numerous long, simple hairs with or without some stellate-dendroid hairs"	10
8	"Lower corolla lips longer than the upper"	9
8	"Lower corolla lips more or less equal to the upper"	"Phlomoides vicaryi"
9	"Corollas 30-35 mm long"	"Phlomoides labiosa"
9	"Corollas about 20 mm long"	"Phlomoides stocksii"
10	"Corolla tubes with a ring of hairs on the inside"	"Phlomoides loasifolia"
10	"Corolla tubes without a ring of hairs inside"	11
11	"Leaves 2(-3) time pinnatified; calyces 18-22 mm long, tubular-campanulate"	"Phlomoides edelbergii"
11	"Leaves undivided to once pinnatipartire or pinnatisect; calyces 12-15 mm long, broadly ovate-campanulate"	"Phlomoides superba"
