from	statement	to
1	"Outer petals minute, usually not discernable from sepals; connective scarcely extending beyond the anther locules, not concealing them"	"Miliusa:Miliusa velutina"
1	"Outer petals well developed, equal to or larger than the inner petals; connective conspicuously extended and expanded beyond the anther locules and concealing them"	2
2	"Petals of inner whorl distinctly smaller than those of outer whorl, frequently reduced or absent"	Annona
2	"Petals of both whorls subequal; carpels fee, developing into individual fruits"	3
3	"Plants usualy climbing shrubs; peduncles flattened and becoming hard, usually hooked"	"Artabotrys:Artabotrys hexapetalus"
3	"Plants trees or shrubs, never climbing; peduncles not flattened, not becoming hard, and not hooked [in Flora as Polyalthia]"	"Monoon:Monoon longifolium"
