from	statement	to
1	"Involucres and peduncles hairy; cauline leaves almost as large as those of the basal rosette; inner phyllaries prominently corniculate distally"	"Askellia corniculata"
1	"Involucres and peuncles glabrous; cauline leaves smaller than those of the basal rosette; inner phyllaries not corniculate distally"	2
2	"Plants little or weakly branched; pappus pale orange-brown"	"Askellia benthamii"
2	"Plants dichotomously or otherwise intricately branched; pappus white"	"Askellia flexuosa"
