from	statement	to
1	"Contents of anther-cells of adjacent stamens not connected via translators; ovaries partly or wholly united below the style-head"	2
1	"Contents of anther-cells of adjacent stamens connected via translators; ovaries united only at tips by the thickened style-head and free below it"	20
2	"Corolline corona present (around mouth of tube)"	3
2	"Corolline corona absent"	5
3	"Leaves whorled or opposite; anthers more or less exserted"	4
3	"Leaves alternate (sometimes spiralling) anthers included; native of South America"	"Cascabela:Cascabela peruviana"
4	"Lobes of corolline corona petaloid"	"Nerium:Nerium oleander"
4	"Lobes of corolline corona scale-like"	Wrightia
5	"Anthers connivent over and adherent to stigma"	6
5	"Anthers not connivent over and not adherent to stigma"	10
6	"Plants erect perennial herbs or small shrubs; stigmas columnar or sub-globose with 2-lobed tip"	"Apocynum:Apocynum venetum"
6	"Plants erect or climbing shrubs or trees; stigmas columnar or fusiform[ tips not 2-lobed"	7
7	"Flowers in various types of racemes"	"Vallaris:Vallaris solanacea"
7	"Flowers in terminal or axillary cymes"	8
8	"Corolla campanulate or funnel-shaped; stigmas fusiform"	"Beaumontia:Beaumontia grandiflora"
8	"Corolla rotate or salveriform; stigmas columnar"	9
9	"Corolla lobes deflexed; corolla tube inflated in the middle;  seeds beaked"	"Ichnocarpus:Ichnocarpus frutescens"
9	"Corolla lobes obliquely truncate; corolla tube inflated towards the top; seeds not beaked; cultivated plant native of SE Asia"	Trachelospermum
10	"Fruit a berrylike drupe"	11
10	"Fruit a dry longitudinally splitting follicle or capsule"	13
11	"Nectarial disc present"	"Rauvolfia:Rauvolfia serpentina"
11	"Nectarial disc absent"	12
12	"Heavily armed shrub with forked spines; stigma fusiform or columnar"	Carissa
12	"Unarmed shrub or tree; stigma 2-lobed and pointed; native of Africa to Arabia"	"Acokanthera:Acokanthera oblongifolia"
13	"Herbs or small shrubs"	14
13	"Trees or large shrubs"	15
14	"Corolla salveriform; flowers 1-3; native of Madagascar"	"Catharanthus:Catharanthus roseus"
14	"Corolla funnel-shaped; flowers solitary; native of Europe and N. Africa"	"Vinca:Vinca difformis"
15	"Seeds winged"	16
15	"Seeds not winged"	18
16	"Calyx glandular on the outside; eglandular inside; native of Americas"	Plumeria
16	"Calyx eglandular inside and out"	17
17	"Corolla salveriform; fruit a follicle"	"Rhazya:Rhazya stricta"
17	"Corolla campanulate or funnel-shaped; fruit a spiny capsule;  native of Americas"	"Allamanda:Allamanda cathartica"
18	"Leaves whorled; calyx eglandular inside"	Alstonia
18	"Leaves opposite; calyx glandular inside"	19
19	"Stamens inserted near the base of the corolla tube; corolla constricted at throat"	"Holarrhena:Holarrhena pubescens"
19	"Stamens inserted at or above the middle of the corolla tube; corolla not constricted at throat; inflated near the middle or at the top"	"Tabernaemontana:Tabernaemontana divaricata"
20	"Anthers 4-locular; pollen shed as tetrads or if gathered into pollinia then without waxy outer wall; translators with sticky end which adheres to pollinator for removal; staminal coronas developing on staminal foot around bases of short filaments"	21
20	"Anthers 2-locular; pollen enclosed in pollinia covered by waxy outer wall; translators with hardened clip-like corpusculum in which some part of pollinator's body becomes caught for removal;  staminal coronas usually well-developed around backs of anthers and filaments absent"	24
21	"Corolla 50-60 mm long funnel-shaped; native of Madagascar"	"Cryptostegia:Cryptostegia grandiflora"
21	"Corolla 2-15 mm long and rotate (flat or sometimes with short tube)"	22
22	"Corolla-lobes inside rugulose towards bases; corona consisting of short obtuse humps broader than tall on corolla behind anthers; pollen gathered into pollinia on translator"	"Hemidesmus:Hemidesmus indicus"
22	"Corolla-lobes inside with hairs or glabrous but not rugulose; corona with slender lobules or with shorter clavate lobules; pollen in loose tetrads on translator"	23
23	"Corolla-lobes inside with pale edges and darker (usually violet) middle part; corona of five brightly coloured villous lobules with middle part of each (or whole lobe) filiform and ± tapering towards tip and inserted right at base of tub"	Periploca
23	"Corolla-lobes inside uniformly cream to greenish yellow; corona of five short clavate glabrous fleshy cream lobules inserted ± 1 mm above base of tub"	"Cryptolepis:Cryptolepis dubia"
24	"Pollinium developing in part of anther below position of corpusculum and pendulous in anthers"	25
24	"Pollinium developing in part of anther above position of corpusculum and ± horizontal in anther"	32
25	"Follicles echinate"	26
25	"Follicles smooth"	27
26	"Small herb branched from base to 15 cm tall; cymes dense and subsessile; corolla < 8 mm broad; flowers open for several days; corona-lobes shorter than style-head which projects in centre; pollinium without pellucid margin; follicles solitary"	"Cynanchum:Cynanchum varians"
26	"Shrub to 1 m or more often with outer branches climbing or extensive climber; cymes conspicuously and fairly laxly pedunculate; corolla ± 15 mm broad; flowers opening in evening and closing early next morning; corona-lobes longer than anthers and hiding both them and style-head; pollinium with faint pellucid margin on inner side (relative to anther); follicles paire"	Pergularia
27	"Corolla shallowly bowl-shaped and lobed to around middle; plant usually growing in water-logged areas or in water"	"Oxystelma:Oxystelma esculentum"
27	"Corolla lobed more or less right to base; plant not found in wet places and not growing in water"	28
28	"Sap clear; corona usually without any elements beneath guide-rails"	29
28	"Sap milky; corona usually with small elements beneath guide-rails"	30
29	"Slender climber with slightly fleshy leaves; each corona-lobe slightly laterally compressed with base swollen and spreading but above narrowing to slender lobule pressed to back of anther"	Pentatropis
29	"Slender climber with slightly fleshy leaves; corona dorsiventrally flattened but neither spreading towards base nor slender towards tips and not pressed to back of anther"	Vincetoxicum
30	"Large shrub to small tree 1-3 m tall with corky bark on stem; leaves large and broadly ovate to obovate; follicles large and swollen 6-10 × 2.5-4 cm and without a bea"	Calotropis
30	"Shrub to 1 m tall to slender climber; leaves slender to sometimes broad at base and slender above; follicles slender and beaked and rarely more than 10 mm broad"	31
31	"Flowers bright red with orange corona; main corona-lobes (behind anthers) with margins folded upwards to form hood-like shape with small lobule rising inside hood native of N. America"	"Asclepias:Asclepias syriaca"
31	"Flowers not coloured as above; main corona-lobes (behind anthers) not hood-like and corona sometimes ring-like or skirt-like around gynostegium from inside of which other lobules may project onto backs of anthers"	Cynanchum
32	"Pollinium with distinct insertion crest along inner or outer margin"	33
32	"Pollinium without insertion crest along inner or outer margin"	36
33	"Pollinium with distinct insertion crest along inner margin relative to anther; coronal elements absent beneath guide-rails (in part alternating with anthers); sap milky"	Hoya
33	"Pollinium with distinct insertion crest along outer margin (or apical) relative to anther; coronal elements present beneath guide-rails (in part alternating with anthers); sap clear"	34
34	"Staminal corona in single series forming low ring around gynostegium; corolline corona sometimes present as small pilose ridge or lobule in sinuses of corolla-lobes; tall reed-insertion crest on pollinia ± apicallike herb with slender caducous leaves; insertion crest on pollinia ± apic"	35
34	"Staminal corona in two series each of five lobes (outer sometimes divided into five pairs of lobules but inner with 5 lobes initially adpressed to backs of anthers); corolline corona absent in sinuses of corolla-lobes; small succulent with angled fleshy stems to slender climber with soft leaves; insertion crest on pollinia along outer margin (relative to anther)"	Ceropegia
35	"Corolla ± rotate with very short shallowly bowl-like tube; corolline corona presen"	"Leptadenia:Leptadenia pyrotechnica"
35	"Corolla salveriform with globose tube narrowing at mouth; corolline corona absent"	"Orthanthera:Orthanthera viminea"
36	"Ovaries narrowing gradually into slender neck below style-head"	Vincetoxicum
36	"Ovaries without slender neck so that style-head sessile on them"	37
37	"Corolla ± rotate; corona dominated by broad lobes covering anthers completel"	"Wattakaka:Wattakaka volubilis"
37	"Corolla campanulate with tube containing gynostegium; corona with narrow lobes pressed to backs of anthers (not covering them completely) with broader spreading wings below"	38
38	"Corona lobes each without process on inner side near apex"	"Marsdenia:Marsdenia roylei"
38	"Corona lobes each with process pressed to back of anther and arising near apex of erect flat lower part"	"Telosma:Telosma cordata"
