from	statement	to	shortcut
1	"Stamens as many as petals"	2	
1	"Stamens twice as many as petals"	3	
2	"Leaves opposite, connate at the base; flowers 0.9-2.5 mm long, 3-5-,merous, axillary"	Tillaea	
2	"Leaves alternate, not connate at the base; flowers 3-6 mm long, 3-8-merous, terminal"	Sedum	
3	"Leaves decussate; flowers 4-merous, large; petals united to beyond midlength, forming a tubular corolla"	4	
3	"Leaves not decusate; flowers 3-9-merous, small, petals free or united no more than 1/2 their length"	5	
4	"Sepals connate forming tubular, inflated calyces; stamens inserted at the baseof the corollas; flowers pendent"	Bryophyllum	
4	"Sepals free or united only at the base; stamens inserted at or above the base of the corolla; flowers erect"	Kalanchoe	"Kalanchoe integra"
5	"Plants with scaly leaves"	6	
5	"Plants without scaly leaves"	7	
6	"Petals connate nearly to the middle"	Pseudosedum	
6	"Petals free or nearly free"	Rhodiola	
7	"Ovaries stipitate-attenuate at the base"	8	
7	"Ovaries sessile, not attenutate at the base"	9	
8	"Inflorescences corymbose; petals free; basal cauline leaves not forming rosettes"	Hylotephium	
8	"Inflorescences racemose; petals basally connate; basal cauline leaves forming rosettes"	Oreostachys	"Oreostachys thyrsiflora"
9	"Plants with basal rosettes; petalsunited; styles attached dorsally to the ovaries"	Rosularia	
9	"Plants without basal rosettes;petals free or basally united; styles attached ventrally to the ovaries"	10	
10	"Foliage radical leave forming rosettes; rhizomes thick"	Rhodiola	
10	"Foliage radical leaves absent; rhizomes thick or thin"	Sedum	
