from	statement	to
1	"Plants perennial"	2
1	"Plants annual"	6
2	"Corolla tubes not constricted at the base"	3
2	"Corolla tubes constricted at the base"	"Arnebia guttata"
3	"Inflorescences globose or wider than long; leaf veins inconspicuous"	4
3	"Inflorescences much wider than long; leaf veins conspicuous"	5
4	"Plants up to 15 cm tall, eglandular; stems arising from center of leaves; leaves 3-5 mm wide"	"Arnebia inconspicua"
4	"Plants up to 40 cm tall, glandular; stems growing laterally from the leaves; leaves 5-11 mm wide"	"Arnebia euchroma"
5	"Inflorescences interrupted; bracts shorter, not exceeding the calyces in the upper half of the inflorescences"	"Arnebia speciosa"
5	"Inflorescences not interrupted; bracts longer, always exceeding the calyces"	"Arnebia benthamii"
6	"Corollas lobes fimbriate to lobed distally"	"Arnebia fimbriopetala"
6	"Corolla lobes entire"	7
7	"Styles 2-fid or entire; stigmas bilobed or entire"	8
7	"Styles doubly 2-fid"	10
8	"Calyx lobes obtuse, with prominent midribs and veins, dilated at the base"	"Arnebia linearifolia"
8	"Calyx lobes acute, without prominent midribs or veins, scarcely dilated at the base"	9
9	"Plants densely hispid; leaves lanceolate; corollas yellow, 10-18 mm long; corolla limbs 4-5 m long, not spotted"	"Arnebia hispidissima"
9	"Plants not densely hisped; leaves broadly lanceolate to oblancelate; corollas yellow-orange, 20-25 mm long; corolla limbs 15-17 mm long, with 5 purple-brown spots"	"Arnebia griffithii"
10	"Corollas 20-37 mm long, limbs more than 10 mm across, with 5 purple-brown spots"	"Arnebia grandiflora"
10	"Corollas shorter than 10 mm, limbs less than 1 mm across, not or rarely spotted"	"Arnebia decumbens"
