from	statement	to
1	"Leaves perforated"	"Arisaema pertusum"
1	"Leves not perforated"	2
2	"Leaflets 3, suborbicular, rhombic, or rhombic-oave; spathes brown-purple with white stripes"	3
2	"Leaflets 5-14, elliptic-ovate to lanceolate or linear-lanceolate; spathes green or greenish yellow"	4
3	"Spathe limbs 4-8.5 cm wide, obovate; peduncles exceeded by the foliage"	"Arisaema utile"
3	"Spathe limbs 3-4 cm wide, ovate to oblong; peduncles sometimes exceeding the foliage"	"Arisaema proprinquum"
4	"Plants monoecious or both monoecious and unisexual (paradioecious); leaves pedate, leaflets 7-14; spathe tubes shorter than their limb"	5
4	"Plants both monoecious and unisexual, varying with a population; leaves not pedate; leaflets 5-7; spathe tubes longer than their limb"	"Arisaema jacquemontii"
5	"Leaflets linear-lanceolate; spathe tubes cylindrical, 2.5-4.5 cm long; spadices with appendages 8-11 cm long, curved upwards and exceeding the spathe"	"Arisaema tortuosum"
5	"Leaflets elliptic-ovate to lanceolate; spathe tubes ovoid, 1-2 cm long; spadices with appendages about 1.5 cm long, erect, included in the spathe"	"Arisaema flavum"
