from	statement	to
1	"Ovaries and fruits bilocular; rhizomes not terminated by tubers; fruits thickened, lenticular to flattened pyriform, obliquely round to the pedicels"	"Circaea cordata"
1	"Ovaries and fruits unilocular; rhizomes terminated by tubers; fruits obovoid to slenderly clavate, tapering smoothly to the pedicels"	2
2	"Pedicels glandular pubescent; petals notched more than 1/2 their length, V-shaped"	"Circaea repens"
2	"Pedicels glabrous; petals notched less than 1/2 their length, obovate to obtriangular (Circaea alpina)"	3
3	"Leaves thick, opaque, rounded to subcordate at the base, denticulate to subentire; ovaries pubescent at anthesis"	"Circaea alpina subsp. imaicola"
3	"Leaves thin, translucent to serrate; ovaries glabrous at anthesis"	"Circaea alpina subsp. micrantha"
