from	statement	to	shortcut
1	"Plants armed with thorns or spines"	2	
1	"Plants unarmed"	4	
2	"Flowers 4-merou; plants cultivated"	Catesbaea	"Catesbaea spinosa"
2	"Flowers 5-merous; plants wild"	3	
3	"Calyx lobes foliaceous, persistent; fruits 25-38 mm in diameter"	Catunaregam	"Catunaregam spinosa"
3	"Calyx lobes neither foliaceous nor persistent fruits 6-8 mm in diameter"	Himalrandia	"Himalrandia tetrasperma"
4	"Inflorescences globose heads"	5	
4	"Inflorescences various but not globose heads"	8	
5	"Plant annual or perennial herbs; flowers 4-merous; calyces persistent, forming a crown at the top of the fruits"	Borreria	
5	"Plants usually shrubs or trees, rarely climbers; flowers 5-merous;  calyces not persistent, fruits without a crown"	6	
6	"Corollas with imbricate lobes and glabrous throat; fruits formed by an aggregate of capsules"	Neolamarkia	"Neolamarkia cadamba"
6	"Corollas with valvate lobes and hairy throats; fruits various but not an aggregate of capsules"	7	
7	"Plants trees; caly lobes free; fruits 2-celled capsules with hard walls; seeds winged"	Mitragyna	
7	"Plants shrubs or small trees; calyx lobes nearly completely united; fruits succululent berries; seeds not winged"	Morinda	"Morinda citrifolia"
8	"Leaves whorled with 4-8(-10) leaves and leaf-like stipules per whorls; plants herbaceous, sometimes climbing, often clinging by prickles or stiff hairs; fruits globose;"	9	
8	"Leaves opposite or in whorls of 3-5; plants woody, either shrubs or trees"	13	
9	"Inflorescences dense spikes"	Crucianella	"Crucianella stylosa"
9	"Inflorescences panicles, cymes, or heads"	10	
10	"Most flowers usually enclosed by a large membranous white bract"	Callipeltis	"Callipeltis cucullaris"
10	"Flowers not enclosed by a membranous bracts"	11	
11	"Fruits fleshy, berry-like"	Rubia	
11	"Fruits dry"	12	
12	"Ultimate inflorescence branches without bracts or bracteoles; corollas with very short tubes"	Galium	
12	"Ultimate inflorescence branches with bracts and often bracteoles; corollas with a very conspicuous tube"	Asperula	
13	"Some calyx lobes in each inflorescence dilated into a large white or coloured lamina in fruit"	Mussaenda	
13	"No calyx lobes dilated into large lamina in fruits"	14	
14	"Each pair of leaves with 1 large and 1 small leaf (anisophyllous); anthers connivent"	Argostemma	"Argostemma sarmentosum"
14	"Leaves of a pair equal in size (isophyllous); anthers not connivent"	15	
15	"Fruits fleshy, drupaceous or berries"	16	
15	"Fruits dry, capsules or mericarps"	20	
16	"Ovaries 5-celled; placentation axile"	Hamelia	"Hamelia patens"
16	"Ovaries 1-2-celled; placentation basal or parietal"	17	
17	"Ovules numerous; pollen in tetrads"	Gardenia	"Gardenia augusta"
17	"Ovules 1-2; pollen not in tetrads"	18	
18	"Plants with strong, unpleasant smell; corolla tubes funnel-shaped; corolla lobes valvate in bud"	Serissa	"Serissa japonica"
18	"Plants without a strong, unleasant smell; corolla tubes salverform; corolla lobes twisted in bud"	19	
19	"Bracts membranous, lower bracts sheathing; styles twice as long as the corolla tubes; stigmas fusiform; leaves with bacterial nodules; plants wild"	Pavetta	
19	"Bracts coriaceous, not sheathing; styles less than twice as long as their corolla tubes; stigmas lobe, the lobes divergent; leaves without bacterial nodules; plants cultivated"	Ixora	
20	"Ovaries 5-celled; styles ending in 5 stigmatic branches"	21	
20	"Ovaries 2-3-celled; styles either simple or 2(3-)-lobed or ending in 2 stigmatic branches"	22	
21	"Capsules 5-valved at the top; bracteoles free"	Spermadictyon	"Spermadictyon suaveolens"
21	"Capsules 5-valved to the base; cracteoles united in tubular involucres"	Leptodermis	
22	"Ovaries with many ovules in each cell; fruits many seeded"	23	
22	"Ovaries wtith 1-2 ovules per cells; fruits with ip to 10 seeds"	30	
23	"Plants large shrubs or trees"	24	
23	"Plants herbs or shrubs"	27	
24	"Flowers usually 2- or 3-morphic; stipitate glands usually present between each pair of calyx lobes; capsules beaked; seeds without wings"	Pentas	"Pentas lanceolata"
24	"Flowers all alike; plants without stipitate glans; capsules not beaked; seeds winged"	25	
25	"Flowers small; corolla lobes valvate in bud; stigma clavate to globose"	Hymenodictyon	
25	"Flowers often large; corolla lobes imbricate in bud; stigmas neither clavate nor almost globose"	26	
26	"Flowers about 0.5 cm long; anthers exserted; plants wild"	Wendlandia	
26	"Flowers 3-5 cm long; anthers included; plants cultivated"	Rondeletia	
27	"Leaves usually wide with obvious lateral and tertiary venation; flowers large,5-merous, 2- or 3-morphic; stipitate glands usually present between each pairs of calyx lobes; plants cultivated"	Pentas	
27	"Leaf blades usually narrow and 1-veined or lateral veins obscure; flowers small, usually 4-merous, all alike (those in Pakistan0 stipitate glands not present between the calyx lobes; plants wild"	28	
28	"Calyx teeth contiguous in fruit; capsules splitting longitudinally"	Hedyotis	"Hedyotis hirsuta"
28	"Calyx teeth separated from each other in fruit; capsules splitting at the top"	29	
29	"Corolla tubes cylindrical or funnel-form, if cylindrical, either anthers and stigmas exserted or anthers below the stigma"	Oldenlandia	
29	"Corolla tubes cylindrical; anthers and stigmas included; stigmas always below the anthers"	Kohautia	
30	"Plants erect or prostrate herbs; corollas 4-lobed; stamens4"	31	
30	"Plants subshrubs to shrubs; corollas 5-lobed; stamens 5"	32	
31	"Calyx tubes ovoid to globose, the lobes usually absent or inconspicuous; fruits 2-lobed, not crowned"	Asperula	
31	"Calyx tubes ovoid, with 2-4 lobes, the lobes well developed; fruits not 2-lobed, crowned by the persistent calyx"	Borreria	
32	"Stipules free, scarious; fruits 2-lobed"	Aitchisonia	"Aitchisonia rosea"
32	"Stipules united with the petiole and forming a sheath with 2-many setae; fruits not 2-lobed"	33	
33	"Calyx limb accrescent after anthesis"	34	
33	"Calyx limb not accrescent after antheis"	35	
34	"Calyx lobes salverform, enlarged in fruit to form large orbicular, horizontal, 5-lobed membranous reticulately veined wings; bracts similar to stipules"	Pseudogaillonia	"Pseudogaillonia hymenostephana"
34	"Calyx lobes bifid, enlarged in fruit to form 2 erect wings; bracts forming an obconical 6-8-toothed membranous sheath"	Pterogaillonia	"Pterogaillonia calycoptera"
35	"Bracts all alike, not forming a sheath or involucre"	Gaillonia	
35	"Bracts heteromorphic, forming denticulate sixpartite involucres or sheaths"	Jaubertia	"Jaubertia aucheri"
