from	statement	to
1	"Silicles flat, sometimes compressed, with 4-6(-8) ovules in each locule"	2
1	"Silicles biconvex or with tumid valvees, with 2 ovules in each locule"	3
2	"Silicles glabrous"	"Alyssum linifolium"
2	"Silicles densely papillose or pilose"	"Alyssum heterotrichum"
3	"Plants perennial, cespitose herbs; styles 2.5-5 mm long"	"Alyssum lanceolatum"
3	"Plants annual herbs; styles less than 2.5 mm long"	4
4	"Valves glabrous"	5
4	"Valves pubescent, hairs stellate"	6
5	"Silicles orbicular, about 3.5 mm in diamter"	"Alyssum desertorum"
5	"Silicles more or less obovate, 4-5.5 mm long, 4-6.5 mm wide"	"Alyssum homalocarpum"
6	"Styles conspicuous, 1.5-2 mm long, about half as long as the silicles; stamen filaments without appendages"	"Alyssum dasycarpum"
6	"Styles inconspicuous, less than 1 mm long; stamen filaments more or less appendaged"	7
7	"Silicles orbicular, 3-5 mm in diamter; branches leafy throughout"	8
7	"Silicales more or less ovate or subovate, slightly longer than wide, usually 3.5-4.5 mm long; branches often leafy only ditally, giving an involucrate appearance to the inflorescence or infructescence"	9
8	"Silicels about 3 mm in diamter; styles about 0.5 mm long; pedicels subspreading or ascending"	"Alyssum turkistanicum"
8	"Silicles 4-5 mm in diamter; styles 1-2 mm long; pedicels horizontal or deflexed"	"Alyssum stapfii"
9	"Silicles slightly retuse; styles almost absent to 0.2 mm long; seeds not margined; petals hardly or not emarginate"	"Alyssum marginatum"
9	"Silicles entire or obscurely retused; styles 0.5-1 mm long; seeds margined; petals inconspicuously emarginate"	"Alyssum szowitsianum"
