from	statement	to
1	"Flowers white; fruiting calyces orange"	"Physalis alkekengi"
1	"Flowers yellow; fruiting calyces yellowih-green or green"	2
2	"Plants of more or less robust habit, pubescent-villous; calyces at anthesis 7-9 mm long; berries about 13 mm wide; seeds about 2.5 mm long, minutely reticulate"	"Physalis peruviana"
2	"Plants of more or less slender habit, subglabrous to pubescent; calyces at anthesis about 2.5 mm long; berries about 10 mm wide; seeds about 2 mm long, reticulate-undulate"	"Physalis divaricata"
