from	statement	to
1	"Plant a small succulent with fleshy determinate branches; leaves arising on swollen tubercles arranged into angles along branches and reduced to minute caducous rudiments; flowers with short tube just containing corona; lobes somewhat fleshy, spreading widely around mouth of tube so that flower nearly rotate"	2
1	"Plant a slender climber with stem of indeterminate length; leaves not produced on tubercles and branches not angled, prominent and persistent at least for one season; flowers with slender tube inflated at base around corona then becoming narrower and widening again towards mouth; lobes not fleshy, remaining fused at tips at anthesis"	3
2	"Branches slender (most ± 5 mm thick) and tapering towards tips; many few-flowered inflorescences produced on slender nearly terete upper portions of branches; pedicel 3.5-12 mm long; corolla smooth and uniformly coloured within"	"Ceropegia edulis"
2	"Branches thick (± 12 mm thick), not tapering towards tips; several densely flowered inflorescences produced at tips of branches; pedicel 1.5-3 mm long; corolla rugulose with dark maroon patches on yellowish background within"	"Ceropegia plicatiloba"
3	"Plant arising from swollen fleshy tuber; leaves slightly fleshy, 3-6 cm long with short petiole < 3 mm long; corolla-lobes 4-5 mm long"	"Ceropegia bulbosa"
3	"Plant arising from fascicle of slightly swollen roots (without tuber); leaves not at all fleshy, 4-18 cm long with petiole 6-13 mm long; corolla-lobes 10-25 mm long"	"Ceropegia macrantha"
