from	statement	to
1	"Scales of pistillate inflorescences rapidly deciduous; fruits nuts more than 1 cm long,  each enclosed in a large, leafy involucre"	"Corylus:Corylus colurna"
1	"Scales of pistillate inflorescences persistent; fruits nuts shorter than 5 mm, often surrounded by or enclosed in the fused bract and bracteols; involucre absent"	2
2	"Mature pistillate inflorescences cylindrical; stamens 2; fruiting scales 3-lobed"	"Betula:Betula utilis"
2	"Mature pistillate inflorescences more or less conic; stamens 4; fruiting scales 5-lobed"	"Alnus:Alnus nitida"
