from	statement	to
1	"Florets yellow or light yellow. Sometimes with purplish or pink-streaked ligules"	2
1	"Florets pink, purple, or pinkish purple"	7
2	"Phyllaries usually more than 8"	3
2	"Phyllaries usually 8 or fewer"	5
3	"Fruiting peduncles neither thickened nor swollen below the capitula"	"Tragopogon orientalis"
3	"Fruiting peduncles thickened or swollen below the capitula"	4
4	"Pappuses 1.2-2.5 cm long; ligules witout purple streaks"	"Tragopogon dubius"
4	"Pappuses 2.5-4 cm long; ligues with purple streaks"	"Tragopogon kashmirianus"
5	"Plants with flocculose young shoots; florets turning lilac on drying;cypsela beaks 5-7 mm long; anthers purple"	"Tragopogon gracilis"
5	"Plants with glabrescent young shoots; florets remaining yellow on drying"	6
6	"Phyllaries 5; leaves 10-15 mm wide"	"Tragopogon albomarginatus"
6	"Phyllaries 7-8; leaves 3-5 mm wide"	"Tragopogon pratensis"
7	"Peduncles not thickened below the capitula; pappuses three times th size of the body of the cypselas"	"Tragopogon gaudanicus"
7	"Peduncles thickened below the capitula; pappuses as los long as twice the size of the body of cypselas"	8
8	"Plants up to 60 cm tall, usually simple; cypselas about 15 mm long; pappus bristles about 3 cm long"	"Tragopogon afghanicus"
8	"Plants usually taller than 60 cm and branched above the middle; cypselas more than 15 mm long; pappus bristles 2.5-3.7 cm long, dirty white"	"Tragopogon porrifolius"
