from	statement	to
1	"Leaves filiform-linear, up to 5 cm long with at least some up to 3 cm long; plants greenish, cultivated as ornamentals"	"Kochia scoparia"
1	"Leaves linear to lanceolate or oblong, usually no more than 2 cm long; plants whitish or glaucous, usually not cultivated"	2
2	"Plants annuals; stems with many branches; branchs spreading, flexuous, elongate; fruiting perianths oftern shortly winged; leaves lanceolate, greenish"	3
2	"Plants perennials; stems often simple or unbranched from the base, not flexuous; plants whitish"	"Kochia prostrata"
3	"Leaves widely spaced, greenish, linear-lanceolate; flower clusters scattered, distant"	"Kochia indica"
3	"Leaves more or less crowded, obling-linear, whitish, softly pubescent; flower clusters crowded together"	4
4	"Perianth segments rhombic, bases narrowed, margins not erose"	"Kochia stellaris"
4	"Perianth segments more or less orbicular, margins erose"	"Kochia iranica"
