from	statement	to
1	"Flowers 6-8-merous"	2
1	"Flowers 5-merous"	3
2	"Rosette leaves sword-shaped, oblong, acuminate, membranous, light green when dry; sepals glabrous, ovate, 2-4 mm long; inflorescences corymbose, with many flowers"	"Rosularia alpestris"
2	"Rosette leaves oblong, thick; sepals densely hairy, oblong, 4-5 mm long; inflorescences with 1-3 flowers"	"Rosularia sedoides"
3	"Plants robust, with a thick tap root; sepals ovate; all parts densely glandular hairy"	"Rosularia viguieri"
3	"Plants not as above"	4
4	"Rosettes fully open, the leaves loosely arranged; petals elliptic, acute, white; plants stoloniferous"	"Rosularia rosulata"
4	"Rosetters half open, their leaves compactly arranged; petals oblongl acuminate, pink or yellowish-pink; plants not stoloniferous"	"Rosularia adenotricha"
