from	statement	to	shortcut
1	"Corollas shorter than 5 mm long"	2	
1	"Corollas at least 5 mm long, often longer"	15	
2	"Teeth of fruiting calyces plumose and up to about 6 mm long; corollas soon deciduous; plants tall, sturdy shrubs"	Colebrookea	"Colebrookea oppositifolia"
2	"Teeth of fruiting calyces not plumose, shorter than 5 mm; corollas sometimes not soon deciduous; plants annual to perennial herbs, subshrubs, or shrubs"	3	
3	"Leaves in whorls of 3-5"	Pogostemon	
3	"Leaves opposite, sometimes with young axillary leaves"	4	
4	"Upper lip of corollas almost absent; inflorescences of apparently 1-sided, elongated cymes"	Craniotome	"Craniotome furcata"
4	"Upper lip of corollas well-developed; inflorescences not of dense or elongate cymes or verticillasters, not appearing 1-sided"	5	
5	"Calyces clearly bilaterally symmetric at flowering time, having an upper and lower lip"	6	
5	"Calyces not or scarcely bilabiate at flowering time, the upper and lower lobes equal or almost so"	11	
6	"All inflorescences and inflorescence branches bearing verticillasters in the axils of the middle and upper (distal) leaves; plants of wet places"	Mentha	
6	"No inflorescences or only the lowest inflorescence branches with verticillasters in the axils of the upper (distal) branches"	7	
7	"Leaves sessile"	Geniosporum	
7	"Leaves shortly or clearly petiolate"	8	
8	"All flowers in congested, oblong or ovoids heads"	Acrocephalus	"Acrocephalus hispidus"
8	"Flowers in more or less clearly separated verticillasters"	9	
9	"Verticillasters with 2-flowers; nutlet sufraces with a prominent, raised reticulum"	Mosla	"Mosla dianthera"
9	"Verticillasters with more than 2 flowers; nutlet surfaces without a prominent, raised reticulum"	10	
10	"Calyces with a single, large, entire upper lobe with decurrent margins and lower lobes with 4 teeth; stamens 4"	Ocimum	
10	"Calyces with shortly 3-toothed, not decurrent upper lobes lower lobes with 2 teeth; stamens 2"	Salvia	
11	"Leaf margins entire; leaves densely gland-dotted on both surfaces"	Zataria	"Zataria multiflora"
11	"Leaf margins not entire; leaves not densely gland-dotted or without glandular dots"	12	
12	"All inflorescences and inflorescence branches bearing verticillasters in the axils of the middle and upper (distal) leaves; plants of wet places"	13	
12	"No inflorescences or only the lowest inflorescence branches with verticillasters in the axils of the upper (distal) branches"	14	
13	"Plants aromatic; corollas 4-lobed; flowers often unisexual"	Mentha	
13	"Plants not aromatic; corollas 5-lobed; flowers bisexual"	Lycopus	"Lycopus europaeus"
14	"Inflorescences dense, oblong to cylindrical spikes; nutlets smooth to finely tuberculate"	Elsholtzia	
14	"Inflorescences not dense, of terminal and lateral racemose branches with verticillasters of 2 flowers; nutlets with a raised network on their surfaces"	Perilla	"Perilla frutescens"
15	"Plants with at least some branched hairs (stellate, stellate-peltate or dendroid) on some part or  with hard spines at the leaf tips or in the leaf axils"	16	
15	"Plants with simple, unbranched hairs or glabrous and having no hard spines"	27	
16	"Plants spiny shrubs or subshrubs"	17	
16	"Plants not spiny, shrubs or perennial herbs"	18	
17	"Calyx lobes more or less erect and oblong in fruit; leaves simple to pinnate"	Lagochilus	
17	"Calyx lobes5, spreading and more or less unequal in fruit; leaves simple"	Otostegia	
18	"Leaf margins entire"	19	
18	"Leaf margins not entire"	21	
19	"Inflorescences terminal, congest spikes; plants cultivated"	Lavandula	"Lavandula angustifolia"
19	"Inflorescences or 2 or more well-spaced verticillasters; plants native or cultivated"	20	
20	"Plants pleasantly aromatic shrubs; stamens 2; plants cultivated"	Rosmarius	
20	"Plants unpleasantly aromatic; stamens 4; plants native"	Stachys	
21	"Stamens 2"	22	
21	"Stamens 4"	23	
22	"Corollas about 10 mm long, more or less violet-blue; leaves undivided to pinnatisect but not compound; species native"	Perovskia	
22	"Corollas 6-7 mm long, whitish; leaves simple; plants cultivated"	Meriandra	"Meriandra dianthera"
23	"Inflorescences cymes borne on lateral branches"	Isodon	
23	"Inflorescences of more or less sessile verticillasters"	24	
24	"Caylx throats densely bearded internally"	Marrubium	
24	"Calyx throats glabrous or pilose internally"	25	
25	"Corollas 6-10 mm long; calyces 3.5-5 mm long; nutlets rounded"	26	
25	"Corollas more than 20 mm long; calyces more than 10 mm long; nutlets truncate"	Phlomoides	
26	"Corollas rose to magenta, 6-7 mm long, upper and lower lips very similar"	Stachys	
26	"Corollas whitish mauve, about 10 mm long, upper and lower lips celarly different"	Nepeta	
27	"Leaf margins entire"	28	
27	"Leaf margins finely crenulate to serrate or lobed"	42	
28	"Plants annuals, dwarf"	29	
28	"Plants perennial, sometimes suffruicose herbs"	32	
29	"Calyx teeth conspicuously spinulose; flowers yellow"	Sideritis	"Sideritis montana"
29	"Calyx teeth not spinulose; flowers white, lilac, or pink"	30	
30	"Inflorescence axes with short, glandular and eglandular hairs; calyces hanging down in fruit"	Thuspeinanta	"Thuspeinanta brahuica"
30	"Inflorescence axes without glandular hairs; calyces erect-spreading in frui"	31	
31	"Calyx teeth short, connivent in fruit; inflorescences more or less dense, oblong, short or elongated spikes stamens 2; plants native"	Ziziphora	
31	"Calyx teeth elongated, apiculate, not connivent; inflorescences of verticillasters; stamens 4; plants cultivated"	Satureja	"Satureja hortensis"
32	"Calyx teeth or lobes more than 5"	33	
32	"Cakyx teeth or lobes 5"	34	
33	"Plants subshrubs; stems and leaves glabrous; leaf tips spiny"	Sulaimania	"Sulaimania otostegioides"
33	"Plants perennial herbs; stems and leaves with more or less stiff, non-glandular hairs; leaf tips more or less rounded"	Leucas	
34	"Calyces clearly bilabiate"	35	
34	"Calyces not or only indistinctly bilabiate"	39	
35	"Upper and lower lips of calyces entire, rounded"	Scutellaria	
35	"Upper lips of calyces with 3 teeth, lower lips with 2 teeth;  and lower lips of calyces, if entire, not rounded"	36	
36	"Upper pair of stamens longer than lower pair; calyces clearly 15-veined or ribbed"	Nepeta	
36	"Upper pair of stamens shorter than the lower pair; calyces 10-13- or 15-veined"	37	
37	"Lower calyx teeth subulate, curved upwards, prominently ciliate; leaf blades ciliate near base"	Thymus	"Thymus linearis"
37	"Lower calyx teeth neither subulate nor ciliate; leaf blades not ciliate near base"	38	
38	"Inflorescences ovoid-oblong terminal heads; calyces 7-8 mm long; filaments bifid at the tips"	Prunella	"Prunella vulgaris"
38	"Inflorescences panicles of congested lateral and terminal spikes; calyces 2-4 mm long; filaments simple, not bifid at the tips"	Origanum	
39	"Stamens exserted beyond the corolla lobes; calyces with swollen folds at base of sinuses"	Hyssopus	"Hyssopus officinalis"
39	"Stamens not exserted; calyces without swollen folds at the top of the tube"	40	
40	"Inflorescences panicles of lateral and teminal spikes; bracts all clearly different from the leaves"	Origanum	
40	"Inflorescences of shortly pedunculate cymes, at least in lower portion; upper leaves transitional to bracts"	41	
41	"Leaves linear-oblong to elliptic; almost all parts of plant with reddish punctate glands"	Gontscharovia	"Gontscharovia popovii"
41	"Leaves narrowly to broadly ovate, lower surfaces glandular-dotted"	Micromeria	"Micromeria biflora"
42	"Calyces bilabiate, clearly differentiated into an upper and lower part; lobes of upper and loser parts usually unequal in size"	43	
42	"Calyces not or scarcely bilabiate, the upper and lower lobes equal or almost so"	59	
43	"Lower corolla lips entire, longer than the 4-lobed upper lips; stamens declinate"	44	
43	"Lower corolla lips 3-lobed; upper corolla lips e-lobed or entire; stamens not declinate"	47	
44	"Calyx throats more or less densely villous internally"	45	
44	"Calyx throats glabrous or finely pilose internally"	46	
45	"Corollas up to 20 mm long; filaments connate below"	Plectranthus	"Plectranthus barbatus"
45	"Corollas up to 9 mm long; filaments completely free"	Ocimum	
46	"Upper lobe of calyces single, with decurrent margins; lower corolla lips more or less flat; corolla tubes striaght"	Orthosiphon	
46	"Upper lip of calyces sin3-lobed, margins not decurrent; lower corolla lips cucullate; corolla tubes sometimes gibbous at the base"	Isodon	
47	"Stamens 2; conncectives clearly developed, separating the thecae"	Salvia	
47	"Stamens 4; connectives not separating the theca"	48	
48	"Upper and lower calyx lips entire or emarginate, rounded"	Scutellaria	
48	"Upper and lower calyx lips divided into teeth or lobes"	49	
49	"Corollas without an upper lips; lower lips 5-lobed"	Teucrium	
49	"Corollas with upper lips, emarginate or entire; lower lips 3-lobed"	50	
50	"Calyces obliquely inflated at the base; plants annual"	Drepanocaryum	"Drepanocaryum sewerzowii"
50	"Calyces nor obliquely inflated at the base; plants annual or perennial"	51	
51	"Upper pair of stamens longer than lower pair; calyces clearly 15-veined or ribbed"	52	
51	"Upper pair of stamens sorter than the lower; calyces 10-15-veined"	55	
52	"Fruiting pedicels markedly flattened; calyx teeth closely connivent in fruit; upper corolla lips with 2 internal longitudinal folds; plants annual"	Lallemantia	"Lallemantia royleana"
52	"Fruiting pedicels more or less terete; calyx teeth not or scarcely connivent in fruit; upper corolla lips without internal longitudinal folds; plants annual or perennial"	53	
53	"Calyx teeth with swollen folds in the sinuses"	Dracocephalum	
53	"Calyx teeth without folds in the sinuses"	54	
54	"Flowers few or solitary in axils of upper, suborbicular leaves, resupinate; plants of high alpine screes"	Marmoritis	
54	"Flowers neither few nor solitary in upper leaf axils, not resupinate; plants of various habitats including alpine screes"	Nepeta	
55	"Calyces with 8-10 teeth, these equal or unequal"	Leucas	
55	"Calyces with 5 teeth"	56	
56	"Inflorescences ovoid-oblong, terminal heads; filaments with 2 branches at the tip"	Prunella	"Prunella vulgaris"
56	"Inflorecences in axils of upper leaves, not forming terminal heads; filaments not 2-branched at the tips"	57	
57	"Plants slender annuals; corollas about 6 mm long"	Calamintha	
57	"Plants perennial; corollas 6-14 mm long"	58	
58	"Calyces clearly curved; calyx teeth long-ciliate; leaves shortly petiolate; plants native"	Clinopodium	
58	"Calyces straight; calyx teeth not ciliate; leaves long-petiolate; plants cultivated"	Melissa	"Melissa officinalis"
59	"Corollas without or with very short upper lip; nutlets with prominent oblique or lateral attachment scars"	60	
59	"Corollas with well-developed upper lips; nutlets with basal attachment scars"	61	
60	"Upper corolla lips small, bilobed; lower lips 3-lobed"	Ajuga	
60	"Upper corolla lips absent; lower lips 5-lobed"	Teucrium	
61	"Limbs of fruiting calyces large, wide, and membranous or scarious"	62	
61	"Limbs of fruiting calyces differing in at least one respect from being large, wide and membranous or scarious"	63	
62	"Plants glabrous annuals, cultivated; leaves crenate to dentate; corollas white, included in the calyces"	Moluccella	"Moluccella laevis"
62	"Plants pilose perennials, native; leaves serrate; corollas blue to violet, exserted from the calyces"	Hymenocrater	"Hymenocrater sessilifolius"
63	"Upper pair of stamens longer than lower pair; calyces clearly 15-veined or ribbed"	64	
63	"Upper pair of stamens shorter than the lower pair; calyces 5-15-veined"	65	
64	"Calyces more or prominently folded below the sinuses"	Dracocephalum	
64	"Calycers without swollen folds below the sinuses"	Nepeta	
65	"Calyx teeth 8-10, equal or unequal"	Leucas	
65	"Calyx teeth 5, subequal"	66	
66	"Stamens more or less clearly exserted beyond the corolla lobes; filaments densely villous"	67	
66	"Stamens not exserted beyond the corolla lobes; filaments glabrous, pilose, of villous"	68	
67	"Filaments united; thecae on upper pairs of stamens unilocular; plants herbs"	Anisomeles	"Anisomeles indica"
67	"Filaments free, with purple hairs; all thecae bilocular; plants shrubs"	Pogostemon	
68	"Thecae, when mature, unilocular"	69	
68	"Thecae always bilocular"	71	
69	"Fruiting calyces transversely ribbed; inflorescences spikes; nutlets hairy at the top"	Geniosporum	
69	"Fruiting calyces without tranverse ribs; inflorescences not spikes; nutlets glabrous at the top"	70	
70	"Fruiting calyces 8-10 mm long with 2-3 mm erect, subulate teeth; stems with long, white, spreading, eglandular hairs; plants naturalized in Kashmir"	Hyptis	"Hyptis suaveolens"
70	"Fruiting calyces less than 5mm long, with more or less obtuse teeth; stems with short hairs or glabrescent; plants native"	Isodon	
71	"Plants shrubs, growing in Kashmir"	72	
71	"Plants herbaceous perennials or annuals; plants from throughout Pakistan"	73	
72	"Calyces desnsely bearded within; calyx lobes oblong-elliptic, with rounded to acuminate tips; corollas about 13 mm long"	Roylea	"Roylea cinerea"
72	"Calyces glabrous within; calyx lobes trianglular, acute; corollas about 30 mm long"	Chelonopsis	"Chelonopsis cashmerica"
73	"Leaves pinnatipartite to pinnatisect; corollas 25-30 mm long"	Phlomoides	
73	"Leaves not divided; corollas up to 20 mm long"	74	
74	"Plants annual"	75	
74	"Plants perennial"	77	
75	"Stems with long, spreading, hispid hairs; bracts subulate-spinose"	Galeopsis	"Galeopsis bifida"
75	"Stems with pilose to villous hairs; bracts not subulate-spinose"	76	
76	"Cauline leaves amplexicaul; corollas pink-purple"	Lamium	
76	"Cauline leaves sessile but not amplexical; corollas yellowish"	Sideritis	
77	"Thecae prominently villous or bearded"	78	
77	"Thecae glabrous or with a few pilose hairs"	80	
78	"Leaves reniform-rhombooid; corollas 30-40 mm long; plants of high alpine scree"	Alajja	"Alajja rhomboidea"
78	"Leaves elliptic to broadly ovate; corollas up to 25 m long; plants of various habitats but not high alpine scree"	79	
79	"Corolla tubes clearly exserted from the calyces; calyx teeth ciliate-setulose; corollas white"	Lamium	
79	"Corollas tubes includes with the calyces; calyx teeth not ciliate-setulose; corollas pink to purplish"	Stachyopsis	"Stachyopsis oblongata"
80	"Nutlets sharply triquetrous,tops truncate and pilose; bracts subulate"	Leonurus	"Leonurus cardiaca subsp. Turkestanicus"
80	"Nutlets not or scarcely trquetrous, not truncate; bracts subulate or not"	81	
81	"Inflorescences terminal, congested, more or less lanate spikes"	Marrubium	
81	"Inflorescences not of terminal, congested lanate spikes"	82	
82	"Inflorescences of verticillates borne in axils of the upper leaves; flowers sortly pedicellate"	Stachys	
82	"Inflorescences of shortly pedunclate cymes, lowermost in upper leaf axils; flowers clearly pedicellate"	Calamintha	
