from	statement	to
1	"Fruits ovate to orbicular; valves more or less flattened, keeled, glabrous, rarely minutely pubescence when young"	2
1	"Fruits more or less golobose or suorbicular; valves hemispherical or convex, not or hardly keeled, pubescent"	"Cardaria pubescens"
2	"Silicles broadly ovate, bases usually obliquely cordate; valves distinctly reticulate-veined, glabrous"	"Cardaria draba"
2	"Silicles ovate to orbicular, bases usually entire; valves obscurely veined, glabrous or minutely pubescent"	"Cardaria chalepense"
