from	statement	to
1	"Plants perennial herbs, prostrate, procumbent or ascending, stems up to 20 cm long; pedicels of male flowers 1-3 mm long; pedicels of female flowers 2-6 mm long"	"Andrachne cordifolia"
1	"Plants erect shrubs up to 2.5 m tall;pedicels of male flowers 0.5-1 cm long, pedicels of female flowers up to 4 cm long"	2
2	"Leaf blades suborbicular-reniform, scabrous, sometimes glandular; stipules green with a narrow hyaline margin"	"Andrachne telephioides"
2	"Leaves suborbicular to elliptic-ovate, glabrous; stipules white and/or purple"	"Andrachne aspera"
