from	statement	to
1	"Petals 2.5-3 times longer than the sepals"	2
1	"Petals from slightly longer to 2 times as long as the sepals"	3
2	"Plants up to 10 cm tall; siliques 10-15(-25 ) mm long, (1.5-)2-2.5 mm wide, tapering from base to top, usually strigose on the lower portion"	"Malcolmia cabulica"
2	"Plants usually 15-30 cm tall; siliques usually (3-)40-50 mm long, about 1 mm wide,torulose,  slightly to conspicuously curved or coiling towards the tip. Glabrous or almost so"	"Malcolmia behboudiana"
3	"Siliques often strongly coiled or curved towards the tip"	4
3	"Siliques usually straight"	5
4	"Siliques coiled and more or less torulose distally; petals about 6 mm long; pedicels about 1 mm long; leaves obscurely toothed"	"Malcolmia scorpioides"
4	"Siliques slightly to distinctly curved towards the tip; petals about 8 mm long; petioles about 2 mm long; leaves toothed"	"Malcolmia brevipes"
5	"Plants short, somewhat delicate, with few flowers; siliques short, almost glabrous"	"Malcolmia intermedia"
5	"Plants usually tall, robust, with many flowers; siliques often strigose or ciliate, rarely glabrous"	6
6	"Petals about 1.5 times as long as the sepals, usually whitish; siliques 2-3 cm long, about 2 mm wide, often strigose"	"Malcolmia strigosa"
6	"Petals about 2 times as long at the sepals, usually violet or pinkish (drying blue); siliques 4-7 cm long, about 1.5(-2) mm wide, often pubescent with a mix of both long and short hairs, rarely glabrous"	"Malcolmia africana"
