from	statement	to
1	"Plants armed with prickles"	2
1	"Plants unarmed"	9
2	"Plants prostrate; leaves with dark green upper surfaces"	"Solanum surattense"
2	"Plants erect to scrambling shrubs or undershrubs, rarely small trees; leaves usually with grayish green upper surfaces"	3
3	"Plants cultivated"	4
3	"Plants native or naturalized"	5
4	"Plants herbaceous, 60-90 cm tall, with woody base but annual stems; flowers purple to pale violet; berries more than 8 cm long, globose to elongated, normally various shades of purple (Egglant)"	"Solanum melongena"
4	"Perennial shrubs or small trees, 120-190 cm tall; flowers white; berries about 8-12 mm long and wide, globose, yellow"	"Solanum torvum"
5	"Plants scrambling small shrubs, sparsely prickly; leaves orbicular-oblong to subcordate"	"Solanum cordatum"
5	"Plants erect to climbing prickly shrubs; leaves ovate to ovate-lanceolate, lanceolate, or oblong"	6
6	"Plants with straight, pointed prickles, usually growing in neglected fields"	"Solanum elaeagnifolium"
6	"Plants with curved prockles, not weedy"	7
7	"Leaves 2-5 cm long; inflorescences with 2-6 flowers"	"Solanum forskalii"
7	"Leaves 3.5-15 cm long; inflorescences with (3-) 4-15 flowers"	8
8	"All flowers bisexual; calyces 3-4 mm long; berries 8-10 mm wide"	"Solanum anguivi"
8	"Most upper (or distal) flowers within an inflorescence staminate; calyces 6-7 mm long; berries 25-30 mm wide"	"Solanum incanum"
9	"Plants herbaceous, annual or perennial"	10
9	"Plants shrubs or semishrubs"	12
10	"Plants annual, without underground tubers; leaves entire to irregularly dentate; flowers 5-6 mm across"	"Solanum nigrum"
10	"Plants perennial, with underground tubers; leaves odd-pinnate; flowers 15-30 mm across"	11
11	"Plants perennial, with underground tubers; berries rarely produced"	"Solanum tuberosum"
11	"Plants annual, without underground tubers; berries red or yellow, usually wider than 10 mm wide"	"Solanum lycopersicum"
12	"Plants shrubby climbers or scramblers"	13
12	"Plants erect shrubs"	15
13	"Leaves entire"	"Solanum jasminoides"
13	"Leaves pinnate or at least some with pinnatipartite bases"	14
14	"Leaves pinnate; flowers in terminal drooping panicles; plants cultivated"	"Solanum seaforthianum"
14	"Leaves entire or their bases 1-4-pinnatipartite; flowers in extra-axillary paniculate cymes; plants not cultivated"	"Solanum dulcamara"
15	"Plants densely stellate-tomentose; leaves 8-25 cm long, 4-9.5 cm wide; berries yellow"	"Solanum erianthum"
15	"Plants glabrous, puberulous, or scabrous; leaves 3-8 cm long, 1-3.5 cm wide; berries scarlet-red, shiny"	"Solanum pseudocapsicum"
