from	statement	to
1	"Lemmas strongly 5-veined, translucent between the veins, tuberculate on the back"	"Castellia:Castellia tuberculosa"
1	"Lemmas not as above"	2
2	"Spikelets dimorphic; fertile spikelets surrounded by an involcure of 2-4 sterile spikelets"	Lamarckia
2	"Spikelets all alike"	3
3	"Lateral spikelets without lower glumes; inflorescences spikes"	4
3	"All spikelets with both lower and upper flumes; inflorescences spikes, racemes, or panicles"	5
4	"Upper glumes extremely short; spikes long, flexuous, and very slender; spikelets with 1 fertile floret, sometimes also with a reduced sterile floret"	"Psilurus:Psilurus incurvus"
4	"Upper glumes and lead 1/4 the length of the spikelets; spikes stiff, straight, or slightly curved; spikelets with 3-22 florets"	Lolium
5	"Inflorescences 1-sided spikes"	"Loliolum:Loliolum subulatum"
5	"Inflorescences racemes or panicles"	6
6	"Lemmas strongly keeled all along their backs or if rounded and very blunt, spikelets 3.5-4 mm long"	7
6	"Lemmas rounded on the back, sometimes slightly keeled very close to the base or the top"	11
7	"Panicles dichotomously branched"	"Cutandia:Cutandia memphitica"
7	"Panicles not dichotomously branched"	8
8	"Spikelets broadly ovate; lemmas inflated, many veined, cordate at the base, unawned"	Briza
8	"Spikelets not broadly ovate; lemmas neither inflated nor cordate at the base, awned or not"	9
9	"Lemmas with 5-7 thick, prominent veins, chartaceous with wide hyaline margins; inflorescences rigid, more or less 1-sided racems with pedicels up to 1 mm long"	"Sclerochloa:Sclerochloa dura"
9	"Lemmas membranous; inflorescences panicles"	10
10	"Inflorescences lobed, 1-sided, condensed panicles, the branches crowded with compact fascicles of spikelets"	Dactylis
10	"Inflorescences open or contracted panicles, never as above"	Poa
11	"Plants annuals"	12
11	"Plants perennials"	13
12	"Panicles dense, 1-sided, the spikelets appressed to the central axis"	Vulpia
12	"Panicles very open to more or less contracted but not 1-sided; lemmas unawned, obtuse to acuminate"	Eremopoa
13	"Spikelets with 1 floret; glumes almost as long as the lemmas"	"Paracolpodium:Paracolpodium altaicum"
13	"Spikelets usually with 2-9 florets; glumes considerably shorter than the lemmas"	14
14	"Hila linear, running the length of the caryopses; lemmas usually acuminate and sometimes awned"	15
14	"Hila punctiform or oblong, at most 1/3 the length of the caryopses; lemmas truncate to acute, unawned"	16
15	"Auricles present, well-developed"	Lolium
15	"Auricles absent"	Festuca
16	"Spikelets 7-10 mm long; upper glumes cuneate with rotund, denticulate tips"	"Hyalopoa:Hyalopoa nutans"
16	"Spikelets usually  2.5-7 mm long and upper glumes usually ovate to lanceolate or elliptic, with blunt to subacute tips  but if  spikelets up to 9 mm long, upper glumes acute."	17
17	"Plants of very wet places, stoloniferous; stems succulent; lower glumes without veins"	"Catabrosa:Catabrosa aquatica"
17	"Plants of varied habitats, without stolons; stems not succulent; lower glumes 1-veined"	18
18	"Lemma mid-veins not extending to the tips, tips obtuse, membranous; lemma bodies shortly hairy at the base; panicles contracted, spikelike If panicle branches widely spreading and more or less deflexed at maturity, follow alternative lead"	"Catabrosella:Catabrosella himalaica"
18	"Lemma mid-veins extending to the tips or excurrent as a short mucro; tips blunt to acute; lemma bodies glabrous at the base; panicles conracted, spikelike"	Puccinellia
