from	statement	to
1	"Bracts of involucels pinnately divided"	2
1	"Bracts of involucels lobed at the tip or entire"	3
2	"Rays 15-25; bracts of involucels large, leaflike, 1-2 cm long; plants 15-30 cm tall"	"Pleurospermum govianum"
2	"Rays 5-10; bracts of involucels uo to 1 m long; plants 5-15 cm tall"	"Pleurospermum stellatum var. lindleyanum"
3	"Leaves 2-4-pinnate; fruits furrows with 1(-2)-vittate"	4
3	"Leaves 1-pinnate; fruit furrows with 2-3 vittae"	"Pleurospermum candollei"
4	"Leaves 3-4-pinnate; leaf segments linear"	"Pleurospermum brunonis"
4	"Leaves 2-3-pinnate; leaf segments oval to ovate"	5
5	"Rays 3-8; calyx teeth evident; plants to 60 cm tall"	6
5	"Rays 10-30; calyx teeth obsoletel plants up to 150 cm tall"	"Pleurospermum stylosum"
6	"Petals white; involucral bracts oblong, about 6 mm wide"	"Pleurospermum corydalifolium"
6	"Petals shite to rose-coloured; involucral bracts lanceolate, about 2 mm wide"	"Pleurospermum hookeri"
