from	statement	to	shortcut
1	"Ovaries semi-inferior; fruits many-seeded berries enclosed in the persistent calyces"	Maesa	"Maesa indica"
1	"Ovaries superior; fruits drupe or berry-like but 1-seeded, not enclosed by the calyces"	2	
2	"Flowers in elongated open racems; ovules in 1 row"	Embelia	"Embelia robusta"
2	"Flowers in short clusters, umbels, or corymbs; ovules in many rows"	3	
3	"Fruits short, cylindric, curved; plants growing in mangrove swamps"	Aegiceras	"Aegiceras corniculatus"
3	"Fruits globose; plants not in mangrove swamps"	4	
4	"Fruits 3-5 mm in diameter, red-purple, not juicy"	Myrsine	
4	"Fruits 7-12 mm in diameter, black, juicy"	Ardisia	"Ardisia solanacea"
