from	statement	to
1	"Flowers about 1 cm in diamter, without subtending bracts; petals absent; fruits globose"	"Passiflora minima"
1	"Flowers more than 4 cm in diameter, with subtending bracts; petals 5; fruits ovoid-globose or oblong ovoid"	2
2	"Leaves ovate-orbicular, deeply 5-lobed, lobes with glandular margins; stipules reniform with serrate, glandular margins"	"Passiflora coerulea"
2	"Leaves broadly ovate, 3-lobed, lobes with serrate or ciliate margins; stipules linear or tripinnatisect"	3
3	"Petioles with 2 sessile glands at the base of the blades;margins of  blade lobes serrate; stipules linear"	"Passiflora incarnata"
3	"Petioles glandles; margins of blade lobes ciliate; stipules tri-pinnatisect, segments gland-tipped"	"Passiflora foetida"
