from	statement	to
1	"Anthers exserted from the corolla tubes; filaments 2-5 mm long"	2
1	"Anthers at least partically included in the corolla tubes; filaments about 2 mm long"	3
2	"Leaves 30-50 mm long, oblanceolate; flowers blue; stigmas capitate"	"Pseudomertensia parviflora"
2	"Leaves 50-90 mm long, lanceolate; flowers purplish blue; stigmas slightly bilobed"	"Pseudomertensia sericophylla"
3	"Corollas about the same size as the calyces; corolla lobes 1-1.5 mm long; corolla throats without scales"	4
3	"Coroalls exceeding the calyces; corolla lobes 2-3 mm long; corolla throats with scales"	"Pseudomertensia trollii"
4	"Corolla throats without scales or scales very poorly developed"	5
4	"Corolla throats with scales, scales usually well developed"	6
5	"Corolla throats not constricted, minutely pubescent internally; filaments 1.5-2 mm long"	"Pseudomertensia efornicata"
5	"Corolla throats constricted, glabrous internally; filaments less than 0.8 mm long"	"Pseudomertensia echioides"
6	"Corollas campanulate"	"Pseudomertensia elongata"
6	"Corollas cylindrical or funnel-shaped"	7
7	"Corolla throat scales longer than wide"	8
7	"Corolla throat scales wider than long"	9
8	"Throat scales 2-3 mm long, 1-1.5 mm wide, their margins ciliate"	"Pseudomertensia drummondii"
8	"Throat scales 0.8-1.2 mm long, their margins not ciliate"	"Pseudomertensia chitralensis"
9	"Filaments longer than or equalling the anthers"	"Pseudomertensia anjumiae"
9	"Filaments shorter than the anthers"	10
10	"Leaves (including petioles), 50-130 mm long and 10-15 mm wide; corolla tubes twice as long as the calyces; anthers up to 1 mm long"	"Pseudomertensia nemorosa"
10	"Leaves (including petioles), 20-90 mm long and 4-10 mm wide; corolla tubes 3-5 times as long as the calyces; anthers 1.4-1.7 mm long"	"Pseudomertensia moltkioides"
