from	statement	to	shortcut
1	"Plants shrubs; fruits berries"	Berberis	
1	"Plants perennial herbs; fruits capsules, dehiscent or not"	2	
2	"Leaves once ternate; perianth segments 8, outer 4 sepaloid, inner 4 petaloid; stamens 4; capsules not inflated, dehiscing by 2 unequal valves"	Epimedium	"Epimedium elatum"
2	"Leaves twice ternate or odd-pinnate; perianths with 3-6(-9) sepals and 6 petals; stamens 6; capsules inflated, indehiscent, irregularly gaping at maturity or the walls evanescent, exposing the seeds"	3	
3	"Stem leaves present, twice ternate or ternately divided; petals much smaller than the sepals, convolute; capsules gaping or eroding above the seeds"	Leontice	"Leontice eversmannii"
3	"Stem leaves not present, all leaves basal, odd-pinnate; petals longer than the sepals, flat; capsules with evanescent walls"	Bongardia	"Bongardia chrysogonum"
