from	statement	to
1	"Silicles oblong-linear, narrowed towards the base, conspicuously winged towards the tip"	2
1	"Silicles broadly elitic or somewhat narrowly lamp-shaped, narrowly to broadly winged all round"	4
2	"Apical portion of the wings shorter than the locules; tip of silicles conspicuously rounded"	"Isatis costata"
2	"Apical portion of wings usually longer than the locule; tips of silicles more or less truncate or subrounded"	3
3	"Locules about as long as or a little shorter than the apical portion of the wings; silicle tips usually sub-bilobed to trincate-emarginte; plants fruit-producing throughout their length"	"Isatis minima"
3	"Locules much shorter than the apical portion of the wings; silicle tips rounded to subtruncate; plants producing fruits only in the upper portion"	"Isatis tinctoria"
4	"Silicles somewhat lamp-shaped, longer than wide"	5
4	"Silicles more or less broadly elliptic"	7
5	"Silicles curved upwards, the necks longer than the body"	"Isatis stocksii"
5	"Silicles flattened, not curved, the necks usually shorter than the body"	6
6	"Silicles large, about 10 mm long and 5 mm wide"	"Isatis emarginata"
6	"Silicles small, about 4 mm long and 2 mm wide"	"Isatis brevipes"
7	"Silicles more than 10 mm long; wings more than 3 mm wide, not thickened, membranous, wider than the locules; locule walls transversely corrugated or wrinkled when mature"	"Isatis latisiliqua"
7	"Silicles less than 7 mm long; wings not more than 1 mm wide, slightly to distinctly thickened, narrower than the locules; locule walls smooth"	8
8	"Silicles 5-7 mm long, 3-5 mm wide; sings slightly or not thickened; flowers about 4 mm across; petals about 4 mm long"	"Isatis harsukhii"
8	"Silicles 2-3 mm long, about 2 mm wide; wings thickened; flowers about 2 mm across; petals about 2 mm long"	"Isatis multicaulis"
