from	statement	to
1	"Leaves and bracts of lower flowers flat; flowers present on the main stem as well as on lateral branches; tube pits furrow-like, linear, more or less curved or very narrowly ovate; wings in or above the middle of the fruits"	"Halothamnus ariculus subsp. auriculus"
1	"leaves and bracts of lower flowers semi-terete; flowers present mainly on the lateral branches; tube-pits round or ovatel wings below or nearly at the middle of the fruits"	2
2	"Plants shrubs without a rancid smell; bracteols of lower flowers with membranous margins and tips; bracts of upper flowers shorter than bracteoles; discs with small, semicircular interestaminal lobes; stigmas truncate; fruits 11-20 mm in diameter"	"Halothamnus subaphyllus subsp. charifii"
2	"Plants shrubs with a rancid smell; bracteoles of lower florets without membranous tips; bracts of upper flowers as long as the bracteoles; discs unlobed; stigmas tapering distally; fruits 7-11 mm in diamter"	"Halothamnus iranicus"
