from	statement	to
1	"Roots tuberous, globose; leaf segments lanceolate to oval or ovate; fruit furrows with 1 vitta or vittae obscure"	2
1	"Roots elongated or fusiform; leaf segments finely divided, filiform to lanceolate"	3
2	"Ovaries and fruits glabrous"	"Chaerophyllum capnoides"
2	"Ovaries and fruits densely hairy"	"Chaerophyllum aquilegifolium"
3	"Fruits 7-12 mm long; umbellets forming 1(-3) ripe fruits; leaves 2-3-pinnate; plants glabrous to sparsely hairy"	"Chaerophyllum reflexum"
3	"Fruits 5-9 mm long; umbellets usually forming 2-3 ripe fruits; plants hairy"	4
4	"Leaves 2-3-pinnate; segments finely dividedl stems and leaves pilose"	"Chaerophyllum villosum"
4	"Leaves 1-2-pinnate; segments linear to lanceolate; margins regularly serrate"	"Chaerophyllum acuminatum"
