from	statement	to
1	"Corollas salverform, the long narrow tubes slightly wider near or above the middle, abruptly flaring near the top; anthers exserted; flowers opening at night, closing in early morning if corollas white or lavender scarlet flowers, or open uring the day if flowers red or scarlet"	2
1	"Corollas funnel-shaped to campanulate, the short to long tubes expanding from below the middle, gradually or abruptly flaring near the top; anthers usually included; flowers opening in the morning, closing around noon"	6
2	"Corollas 2-5 cm long, usually red to orange or yellowish, rarely white; flowers open most of the day"	3
2	"Corollas 6-16 cm long, the limb or tube white or lavender; flowers open at night and closing in early morning"	5
3	"Leaf blades divided more than halfway to the midrib, appearing pinnately compoiund, the segments linear"	"Ipomoea quamoclit"
3	"Leaf blades divided less than halfway to the midrib, appearing pinnately or palmately lobes, the segments usually lanceolate"	4
4	"Sepals 5-8 mm long"	"Ipomoea x multifida"
4	"Sepals 1.5-3 mm long"	"Ipomoea hederifolia"
5	"Corolla tubes 9-15 mm long; fruits 2-3 cm long"	"Ipomoea alba"
5	"Corolla tubes 3-6 mm long; fruits 1.8-2 cm long"	"Ipomoea turbinata"
6	"Plants glabrous perennials with procumbent stems, usually not twining; leaves fleshy or leahery; sepals elliptic-oblong to circular; plants of coastal dunes, beaches, inland waterways or cultivated wetlands"	7
6	"Plants glabrous or pubescent annuals or perennials with twining or erect stems; leaves chartaceous to fleshy; sepals acuminate to almost circular; plants of various habitats"	8
7	"Corollas white with light or dark pink throats; leaves sagittate"	"Ipomoea aquatica"
7	"Corollas pink, lavender, or purple; leaves almost circula to circular- oblong"	"Ipomoea pes-caprae"
8	"Sepals herbaceous; sepals, peduncles, and pedicels usually with reflexed or erect hairs; stigmas usually 3-lobed, rarely 2-lobed; varies usually 3-4-chambered, rarely 2-chambered; corollas blue, red, or white or inflorescences subcapitate or bracteate"	9
8	"Sepals usually coriaceous or membranous, rarely herbaceous; sepals, peduncles, and pedicels glabrous or hairs not reflexed; stigms 2-lobd; ovaries 2-chambered; corollas usually lavender, sometimes blue or white; inflorescences rarely bracteate"	14
9	"Corollas 5-7 cm long; sepals usually soft pubescent outside with slender hairs, rarely glabrous"	"Ipomoea indica"
9	"Corollas usually less than 5 cm long; sepals hispid outside with long, spreading trichomes"	10
10	"Leaves deeply palmately 7-9-lobed, the lobes cut almost to the base of the blades"	"Ipomoea pes-tigridis"
10	"Leave entire or shallowly 3-lobed, the lobes cutt less than halfway to the base"	11
11	"Flowers in sub-capitate to capitate inflorescnces, occasionally involucrate or bracteate; corollas 0.7-3 cm long"	"Ipomoea eriocarpa"
11	"Flowers solitary or in open cymose inflorescences; corollas 4-8 cm long"	12
12	"Sepal tips shorter to slightly longer than the body, slightly narrowed, green"	"Ipomoea purpurea"
12	"Sepal tips much longer than the body, very narrow, elongate"	13
13	"Sepal tips erect or slightly curved"	"Ipomoea nil"
13	"Sepal tips curved to 1 side, at least in fruit"	"Ipomoea hederacea"
14	"Plants woody shrubs; seeds comose, at least on the margins"	"Ipomoea carnea subsp. fistulosa"
14	"Plants herbaceous climbers; seeds glabrous or densely short pubescent"	15
15	"Lower leaf surfaces densely white cottony; corollas 1.2-1.7(-2) cm long"	"Ipomoea arachnosperma"
15	"Lower leaf surfaces glabrous or very sparsely pubescent; corollas usually more than 3 cm long"	16
16	"Leaves plamately divided to the base; pseudopetioles present"	"Ipomoea cairica"
16	"Leaves entire or lobed but not palmately divided to the base; pseudostipules absent"	17
17	"Sepal margins scarious; flowers blue"	"Ipomoea tricolor"
17	"Sepals margins not obviously scarious; flowers lavender"	"Ipomoea batatas"
