from	statement	to
1	"Lemmas 5-veined; two lowest lemmas in each spikelet sterile, resembling glumes"	"Tetrachne:Tetrachne dregei"
1	"Lemmas 3(-5)-veined; two lowest lemmas in each spikelet fertile"	2
2	"Lemmas obtuse, acute or acuminate, not awned but sometimes mucronate or, if 2-toothed, glabrous along the margins and lateral veins; cleistogamous spikelets not present in the leaf sheaths"	3
2	"Lemmas usually emarginate or with 2-4-toothed or lobed tips, if entire, then hairy over the veins and frequently mucronate or awned"	12
3	"Glumes aristate or aristate-acuminate; spikelets sessile on the flattened branches of the narrow panicles"	Dinebra
3	"Glumes obtuse, acute, or acuminate, rarely upper glumes awned but, if so, the panicle composed of of digitally arranged spikelike branches and the spikelets not appressed"	4
4	"Rachilla internodes bearded at the tip with long hairs up to half the length of the lemmas"	"Halopyrum:Halopyrum mucronatum"
4	"Rachilla internodes glabrous or only shortly hairy at the tip"	5
5	"Spikelets in open, contracted, or spikelike panices"	Eragrostis
5	"Spikelets sessile or very shortly pedicellate, loosely to densely imbricate in digitately or racemosely arranged spikelike branches, rarely in solitary spikes"	6
6	"Lemmas softly villous all over; spikelets not or only loosely imbricate on racemosely arranged spikelike branches"	"Orinus:Orinus thoroldii"
6	"Lemmas glabrous or shortly hairy in the lower part of over the veins; spikelets closely to densely imbricate, in 2 rows on the panicle branches"	7
7	"Axes of the panicle branches terminating in sharp points; branches digitaly arranged; upper glumes mucronate or awned"	Dactyloctenium
7	"Panicle axes and branches ending in a spikelet"	8
8	"Lemmas more or less rounded on the back or only slightly keeled above the midlength; caryopses coarsely wrinkled, subglobose, deeply hollowed out on the faces"	"Coelachyrum:Coelachyrum piercei"
8	"Lemmas acutely keeled"	9
9	"Spikelets falling intact at maturity from numerous, very short,  branches racemosely attached to the central axis"	"Desmostachya:Desmostachya bipinnata"
9	"Spikelets breaking up at maturity; panicle branches few to several"	10
10	"Panicle branches usually whorled to scattered; lemmas with lateral veins extending into minute teeth, midveins extending into a mucro or short awn"	"Acrachne:Acrachne raemosa"
10	"Panicle branches digitte or subdigitate; lemmas entire"	11
11	"Panicle branches persistent"	Eleusine
11	"Panicle branches deciduous at maturity"	"Orthochloa:Orthochloa compressa"
12	"Spikelets in simple panicles or panicles with multiple racemosely arranged spikelike branches"	13
12	"Spikelets on a solitary, terminal, 1-sided spike or on a pair of divergent or dorsally appressed spikes"	17
13	"Cleistogenes developed in the axils of the lower leaf sheaths; florest exserted from the glumes; spikelets in lax panicles"	"Kengia:Kengia gatacrei"
13	"Cleistogenes not developed in the axils of the lower leaf sheaths"	14
14	"Plants tall, reedlike grasses with large, dense plumose panicles; lemmas hairy on the margins, the hairs as long as the lemmas"	"Neyraudia:Neyraudia arundinacea"
14	"Plants not tall, reedlike grasses; inflorescences panicles with few to many slender, racemosely arranged, 1-sided, spikelike branches"	15
15	"Ligules 2-8 mm long, acute to attenuate, becoming lacerate with age; spikelets with 6-20 florets; panicle branches not flexuous"	"Diplachne:Diplachne fusca"
15	"Ligules 0.3-1 mm long, truncate, fimbriate to erose; spikelets with 1–6(–8) florets; panicle branches flexuous or not"	16
16	"Spikelets with 3-6(-8) florets; lemmas mucronate or awned; florets usually exceeding, sometimes only subqual to, the glumes"	"Leptochloa:Leptochloa virgata"
16	"Spikelets with 1-5(-6) florets; lemmas entire to mucronate; florets clearly exceeded by the glumes"	Dinebra
17	"All florets fertile; lowest lemma in each spikelet less than 4 mm long, the lateral veins and keel glabrous"	Tripogon
17	"Upper 1-3 florets in each spikelet sterile, reduced to lemmas; lowest lemmas usually 4–6.5 mm long and the lateral veins keels shortly hairy, if lowest lemmas less than 4 mm long, the lateral veins and keels long ciliate"	Tetrapogon
