from	statement	to
1	"Receptacles naked; pappus of 0.1 mm spreading scales that are easily overlooked"	"Cichorium calvum"
1	"Receptacles hairy; pappus of scales 0.2 mm long or longer, distinct"	2
2	"Plants perennial; pappus scales 0.2-0.5(-0.8) mm long"	"Cichorium intybus"
2	"Plants annual or biennial; pappus scales usually more than 0.7 mm long and terminating in 0.5-2 mm long point"	3
3	"Plants softly to bristly hairy; capitula clustered in groups of 2(-4), each with 9-14 florets; peduncles 4-8(-10) cm long"	"Cichorium pumilum"
3	"Plants glabrous; capitula clustered in groups of 4(-8), each with 15-20 florets; peduncles 9-20 cm long"	"Cichorium endivia"
