from	statement	to	shortcut
1	"Leaves simple, fanshaped and bilobed, deciduous in winter, alternate or in clusters; seeds in pairs and terminal on short branches, with fleshy outer wall completely enclosing the seed; pollen strobili in catkins"	Ginkgoaceae	"Ginkgo biloba"
1	"Leaves simple or compound, not fan-shaped, usually persistent; seeds usually in woody cones, sometimes solitary and surrounded by a fleshy aril that is open at the end, exposing the seed; pollen strobili not in catkins"	2	
2	"Leaves pinnately compound, terminal on the trunks; reproductive structures conelike, terminal, interior to the leaves"	Cycadaceae	Cycas
2	"Leaves simple, scalelike, awlshaped, or linear; reproductive structures present on multiple branches"	3	
3	"Plants shrubs; branches mostly naked, with widely spaced, opposite or whorled leaves; leaves small, not appressed to the stems"	Ephedraceae	Ephedra
3	"Plants trees or shubs; branches mostly naked or distal branches concealed leaves or leave bases; leaves scale-like and appressed, awl-shaped, or linear"	4	
4	"Leaves linear, alternate but often twisted at the base and appearing 2-ranked; seeds surrounded by a colorful fleshy aril at maturity, male anthers in globose to  ovoid clusters on a short stalk"	Taxaceae	"Taxus wallichiana"
4	"Leaves linear, awl-shaped, or scalelike; seeds on woody cone scales"	5	
5	"Leaves linear, single or clustered, spirally attached to the branches or in clusters; cone scales with a small free bract at the base of the lower surface"	Pinaceae	
5	"Leaves linear, awl-shaped, or scalelike, opposite, in whorls of 3 or spirally attached to the branches, never in clusters; cone scales without a free bract on the lower surface"	Cupressaceae	
