from	statement	to	shortcut
1	"Tepals free or connate at the base for 1/2-2/5 their length"	2	
1	"Tepals connate at the base for 3/5 their length or more"	4	
2	"Plants leafless at flowering time; bulbs 5-15 cm in diamter"	Drimia	
2	"Plants leafy at flowering time; bulbs less than 5 cm in diamter"	3	
3	"Bracts with several veins, often as long as the pedicels; perianths usually white with a green stripe on the outside, sometimes yellowish white"	Ornithogalum	"Ornithogalum nutans"
3	"Bracts small and membranous or absent; perianths violet to blue or whitish with a blue vein, or pinkish"	Scilla	"Scilla griffithii"
4	"Bracts well developed with conspicuous veins"	Dipcadi	
4	"Bracts minute, without evident veins"	5	
5	"Perianths constricted near the top, with short lobes"	Muscari	"Muscari neglectum"
5	"Perianths not constricted near the top, lobes at least 1/4 the length of the perianth"	6	
6	"Filaments flattened, more or less broadly triangular; often connate at the base, attached at the base of the perianth lobes or slightly below; capsules 3-angled"	Bellevalia	
6	"Filaments more or less terete, not broadly triangular, attached in the perianth tube, not connate at the base; capsules globose"	Hyacinthus	"Hyacinthus orientalis"
