from	statement	to
1	"Lemma veins 9, prominently ridged, each extending into a recurved awn"	"Bromus pumilio"
1	"Lemmas veins usually 5-7, not prominently ridged; awns usually 1,sometimes 3"	2
2	"Lemmas strongly laterally compressed and keeled"	"Bromus catharticus"
2	"Lemmas round on the back"	3
3	"At least the upper lemmas 3-awned; all lemmas widening above the middle into a distinct, obtuse angle"	"Bromus danthoniae"
3	"Lemmas 1-awned or unawned or, if 3-awned, lemmas not or scarcey widened above the middle"	4
4	"Spikelets ovate, lanceolate, elliptic, or oblong, tapering towards the tip, opening at anthesis but usually closing at maturity; lower glumes 3-7-veined; upper glumes 5-9-veined"	5
4	"Spikelets oblong or wedge-shaped, not tapering to the tip, gaping at maturity; lower glumes 1(3)-veined; upper glumes 3(5)-veined"	10
5	"Panicles dense, erect, sometimes interupted or verticillate; panicle branches and pedicels much shorter than the spikelets"	6
5	"Panicles lax, erect or nodding, somewhat contracted only when young or depauperate; at least some panicle branches or pedicels as long as or longer than the spikelets"	7
6	"Lemmas 3-5 mm wide; caryopses oblanceolate, more than 1 mm wide; panicles ovoid to ovoid-oblong, sometimes with few spikelets"	"Bromus hordeaceus"
6	"Lemmas not more than 2 mm wide; caryopses narrolwy ellitical, about 1 mm wide; panicles ovoid-cuneate or verticillate"	"Bromus scoparius"
7	"Panicles erect; most pedicels equaling or shorter than their spikelets; spikelets (excluding the awns) 20-40 mm long; lemmas 11-15 mm long"	"Bromus lanceolatus"
7	"Panicles nodding; most pedicels longer than their spikelets"	8
8	"Lower glumes 9-11 mm long; lemmas (11-)12-18 mm long; spikelets (excluding the awns) 30-50 mm long"	"Bromus oxycodon"
8	"Lower glumes up to about 9 mm long; spikelets (excluding the awns) up to 30 mm long"	9
9	"Lemmas coriaceous, markedly rhomboid with inconspicuous veins and blunt teeth; lemma margins overlapping at maturity; awns usually strongly reflexed"	"Bromus japonicus"
9	"Lemmas papery, evenly curved along the margins with conspicuous veins and, usually, acuminate teeth; lemma margins inrolled at maturity and lemmas slightly divariate; awns usually straight and erect, rarely curved"	"Bromus pectinatus"
10	"Plants perennial, tufted or rhizomatous"	11
10	"Plants annual"	16
11	"Awns stout, at least as long as the lemmas, straight or recurved at maturity"	"Bromus porphyranthos"
11	"Awns absent or fine and usually shorter than the lemmas, straight at maturity"	12
12	"Rhizomes short or absent, plants laxly to densely tufted"	"Bromus ramosus"
12	"Rhizomes long; culms solitary or few together, rarely in tufts but then inflorescences racemose"	13
13	"Lemmas densely hairy all over the back and on the side veins"	"Bromus confinis"
13	"Lemmas glabrous or scabrous, rarely somewhat appressed hairy on the lower part"	14
14	"Spikelets unawned or with awns up to 1.5 mm long; lemmas glabrous or rarely somewhat hairy at the base; vegetative growth mostly glabrous"	"Bromus inermis"
14	"Spikelets with awns 2-5 mm long; lemmas very slightly roughened with minute appressed bristles"	15
15	"Plants greyish green, velutinous, densely hairy on the leaves, sheaths, and culms"	"Bromus tomentosus"
15	"Culms glabrous; leaves and sheaths green, hispid, or sparsely long-hairy"	"Bromus stenostachys"
16	"Awns 1-2 times the length of the lemmas; lemmas elliptic orlanceolate in side-view"	17
16	"Awns 4-6 times the length of the lemmas; lemmas oblanceolate in side view"	"Bromus gracillimus"
17	"Lower glumes 3 -(rarely 1-)veined; upper glumes 5-veined; lowest lemmas 18-25 mm long, their awns 15-45 mm long"	"Bromus sericeus"
17	"Lower glumes 1-veined; upper glumes 3-veined; lowest lemmas 10-14 mm long, tehir awns 10-15 mm long"	"Bromus tectorum"
