from	statement	to
1	"Plants small trees or shrubs; branches thin, cordlike; tops of the wings of fruiting perianths tightly covering the fruits a"	"Haloxylon persicum"
1	"Plants low shrubs or perennial herbs; branches not thin and cordlike; tops of wings of the fruiting perianths tightly covering the fruits"	2
2	"Leaves distinct, herbarceous"	3
2	"Leaves highly reduced, more or less scaly"	"Haloxylon salicornicum"
3	"Leaves oblong, trigonous, glabrous, pruinose; plants fleshy, straggling herbs"	"Haloxylon stocksii"
3	"Leaves linear-oblong, semiterete, plants erect, whitish or pale puberulous shrubs (Haploxylong griffithsii)"	4
4	"Plants up to 80 cm tall; leaves 1-2.5 mm long; stems slender"	"Haloxylon griffithsii subsp. griffithsii"
4	"Plants upt to 40 cm tall; leaves 2.5=8 mm long; stems sturdier"	"Haloxylon griffithsii subsp. wahhanica"
