from	statement	to
1	"Plants acaulescent"	"Melanoseris astorensis"
1	"Plants caulescent"	2
2	"Phyllaries in 2 series"	3
2	"Phyllaries in 3 or 4 series"	10
3	"Cypselas rounded or truncate distally, not beaked"	4
3	"Cypselas conspicuously beaked"	7
4	"Leaves up to 7 cm wide; capitula with 5-6 florets"	"Melanoseris violifolia"
4	"Leaves up to 5 cm wide; capitula with 3 florets"	5
5	"Leaves entire-serrate, unlobed; petioles 4-6 cm long; synflorescences simple, racemose; inner phyllaries 13-15 mm long; cypselas about 7 mm long, black"	"Melanoseris stewartii"
5	"Leaves denticulate-serrulae or sinuate toothed, usually lobed; petioles more than 6 cm long; synflorescences paniculate or subracemose; inner phyllaries up to 12 mm long; cypselas about 5 mm long, brown"	6
6	"Plants tall herbs, entirely glabrous; stems usually up to 100 cm long; radicle leaves ovate-oblong, entire or pinnatifid; synflorescences paniculate; outer phyllaries linear-lanceolate; inner phyllaries more than 3 times longer than the outer ones"	"Melanoseris brunoniana"
6	"Plants short herbs, glandular-hispidulous; stems up to 75 cm tall; radicle leaves compound, palmately- or 3-lobed; synflorescences racemose; ouer phyllaries ovate-lanceolate; inner phyllaries 2.5 times longer than the outer  ones"	"Melanoseris aitchisoniana"
7	"Basal leaves rosulate; cauine leaves wther absent or reduced to sales; stems divaricately-intricately branched, many stemmed with a bushy habit"	"Melanoseris polyclada"
7	"Basal leaves usually absent, if present, cauline leaves well developed; stems not divaricately-intricately branched"	8
8	"Capitula with 2-3 florets; phylaries not pappilose dorsally; cypselas with 12 ribs; pappuses 4-5 mm long"	"Melanoseris kashmiriana"
8	"Capitula with 5-8 florets; phyllaries pappillose dorsally; cypselas with 5-9 ribs; pappuses 7-8 mm long"	9
9	"Capitula with 5 florets; cypselas brown, 8-12 mm long including the beak, beaks similar in color, about 3 mm long"	"Melanoseris rapunculoides"
9	"Capitula with 6-8 florets; cypselas blackish-brown, 7-10 mm long including the beak, beaks a different color, becoming white distally, up to 2 mm long"	"Melanoseris decipiens"
10	"Capitula with 5-8 florets"	11
10	"Capitula with 15-32 florets"	12
11	"Capitula glabrous; inner phyllaries about 12 mm long and 2.5 mm wide; cypselas truncate, with indistinct beaks"	"Melanoseris violifolia"
11	"Capitula pubescent, papillose; inner phyllaries 12-16(-18) mm long and about 2 mm wide; cypselas attenuate into a distinct beak about 2.5 mm long"	"Melanoseris decipiens"
12	"Capitula with 13-15 florets"	"Melanoseris macrorhiza"
12	"Capitula with 25-32 florets"	13
13	"Plants up to 150 cm or more tall; petioles winged, up to 10 cm long; all but innermost phyllaries sparsely hairy and with purplish midveins; inner phyllaries up to 10 mm long and 2.5 mm wide; cypselas dark brown, tapering into a 3 mm long beak"	"Melanoseris cyanea"
13	"Plants up to 25 cm tall; petioles not winged; phyllaries densely and laxly villous; inner phyllaries up 15 mm long and 1.5 mm wide; cypselas black brown, tapering into a 2 mm long beak"	14
14	"Stems up to 10 mm in diameter; leaves 10-18 cm long, 3.5 cm wide, sharply denticulate-serrulate; pappuses about 12 mm long"	"Melanoseris alii"
14	"Stems up to 5 mm thick; leaves 7-10 cm long, 0.5-1.6 (-2) cm wide, entire or pinnatifidly lobed; pappuses 4-9 mm long"	15
15	"Capitula with more than 30 florets; cypselas black, oblanceolate; beaks stout, similar in color to the cypsela body; pappuses 8-9 mm long, snowy white"	"Melanoseris gilgitensis"
15	"Capitula with 25-30 florets; cypselas brown-blackish, elliptic-linear; beaks slender, differing in color from the cypsela body; pappus 4-6 mm long, dirty or pale white"	"Melanoseris lessertiana"
