from	statement	to
1	"Calyx lobes 2-4.5 mm long, linear; capsules oblong or sub-globose; flowers pink or red"	"Kohautia coccinea"
1	"Calyx lobes about 1.5 mm long, subulate or triangular; capsules obovoid, ellipsoid, globose, or didymus; flowers neither pink nor red"	2
2	"Stipules struncate or shortly fimbriate; capsules obovoid-ellipsoid"	"Kohautia gracilis"
2	"Stipules niether truncate nor fibriate; capsules didymous, 1.5-3 mm long"	3
3	"Stems retrorsely scabrous; leaf margins not recurved; corolla tubes 10-14 mm long; capsules glabrous, more or less shiny; stigmas distinctly lower than the anthers"	"Kohautia retrorsa"
3	"Stems glabrous, sometimes papillose; leaf margins recurved; capsules rough, scabridulous; stigmas at the same level as the anthers"	"Kohautia aspera"
