from	statement	to
1	"Cauline leaves absent, rarely with 1-2, sparsely hairy with simple or branched hairs"	"Arabis saxicola"
1	"Cauline leaves usually many, rarely 1-2 but then densely hairy with branched or stellate hairs"	2
2	"Siliques obtuse, densely pubescent; styles absent or inconspicuous"	"Arabis fruticulosa"
2	"Siliques more or less acute, usually glabrous, rarely sparsely pubescent; styles more or less distinct"	3
3	"Cauline leaves cuneate or narrowed at the base, often subsessile"	4
3	"Cauline leaves with more or leass broad bases, sessile, amplexicau or semi-amplexicaul"	5
4	"Plants 5-15 (-20) cm tall, much branched from the base, perennial"	"Arabis tibetica"
4	"Plants 20-50 cm tall, not much branched, annual or biennial"	"Arabis tenuirostris"
5	"Plants annual; pedicells usually short and somewhat thickened, 2-5 mm long; siliques glabrous or sparsely pubescent with short, stellate hairs"	"Arabis nova"
5	"Plants perennial; pedicels usually long (6-) 8-25 cm, not thickened; siliques glabrous"	6
6	"Plants subglabrous or sparsely hairy; petals large, about 14 mm long, in more or less diverging pairs; upper leaves narrower at base, oblong-elliptic, or linear, distant"	"Arabis bijuga"
6	"Plants usually more hairy, often hispid; petals 5-10 mm long, not in diverging pairs; upper leaves ovate to elliptic oblong"	7
7	"Cauline leaves few (1-)2-4 , usually narrowly oblong, somewhat narrowed at base, semiamplexicaul; radical leaves stellately hairy"	"Arabis pangiensis"
7	"Cauline leaves usually many, more than 5, more or less wide at the base, amplexicaul, usually apparently auriculate; radical leaves usually hairy with simple or branched hairs"	8
8	"Siliques more or less erect or suberect with inconspicous stules about 0.5 mm longand usually on lonag pedicels about 10 mm long; rosette leaves, usually 2-4 cm long, 0.5-1.5 cm wide, often hispid"	"Arabis pterosperma"
8	"Siliques more or less spreading with conspicious styles, 1-1.5 mm long and usually on pedicels about 15 mm long; rosette leaves usually large, (5-) 6-15 cm long, 2-3 cm wide, more or less hairy"	"Arabis amplexicaulis"
