from	statement	to
1	"Spathes funnel-shaped or cuculate, their margins fused to the base; flowers yellowish to violaceous"	"Commelina subulata"
1	"Spathes conduplicate, their margins free or fused only at the base; flowers usually blue to whitish"	2
2	"Leaves ovate to ovate-oblong; suterranean flowers developed from the lower nodes"	"Commelina benghalensis"
2	"Leaves lanceolate, elliptic to linear-lanceolate; subterranean flowers not developed"	3
3	"Spathers about 1-3 cm long; seeds adnate to the walls of the ovary cells, black with dull yellow spots"	"Commelina albescens"
3	"Spathes 1.8-3.8 cm long; seeds not adnate to the cell walls of the ovaries, lead-colored"	"Commelina paludosa"
