from	statement	to
1	"Outer bracts scarious except for the veins; calyx tubes twice as long as the limbs, more or less 10-ribbed in the lower part"	"Psylliostachys beludshistanica"
1	"Outer bracts narrowly scarious-margined; calyx tubes equal to the limbs; limbs 5-ribbed"	2
2	"Leaves densely hairy; outer bracts oblong-spathulate, equal or slightly exceeding the inner bracts"	"Psylliostachys spicata"
2	"Leaves glabrous, rarely the petioles and midribs somewhat villous; outer bracts linear-subulate, 1.5 times as long as the inner bracts"	"Psylliostachys suworowii"
