from	statement	to
1	"Heads discoid, all florets with tubular corollas"	2
1	"Heads radiate, marginal florets ligulate"	3
2	"Leaves more than 4 cm long, with long petioles"	"Tanacetum falconeri"
2	"Leaves ess than 3 cm long, with inconspicuous or short petioles"	"Tanacetum artemisioides"
3	"Ligules white"	4
3	"Ligules pale pink to reddish-pink"	"Tanacetum coccineum"
4	"Heads solitary, terminal"	5
4	"Heads 3 to 30 in open, corymbose inflorescences"	"Tanacetum parthenium"
5	"Ligulate florets sterile; ovaries jointed with corolla bases"	6
5	"Ligulate florets fertile; ovaries not jointed with corolla bases"	7
6	"Leaves 2-5 cm long, 2-3-pinnatisect; phyllaries with dark scarious margins; pappuses more than 1.5 mm long"	"Tanacetum griffithii"
6	"Leaves 0.5-1 cm long, 1-pinnatisect; phyllaries with pale, puberulent margins; pappuses less than 1 mm long"	"Tanacetum chitralense"
7	"Pappuses of obtuse, membranous scales"	"Tanacetum pakistanicum"
7	"Pappuses short crowns or rigid, deltoid teeth"	8
8	"Leaves divided less than halfway to their midribs; heads wider than lone"	"Tanacetum emodi"
8	"Leaves divided more than halfway to their midribs; heads longer than wide"	9
9	"Leaves clustered around the inflorescences"	"Tanacetum roylei"
9	"Leaves mostly on the middle or lower portion of the stems"	10
10	"Leaves densely silvery-pubescent on both surfaces; uppermost leaves dissected; involucres 12-18 mm in diameter"	"Tanacetum cinerarifolium"
10	"Leaves glabrescent to glabrous; uppermost leaves linear, entire; involucres less than 10 mm in diameter"	11
11	"Leaves pnnatisect; pappuses coronate, about 0.25-0.5 mm long"	"Tanacetum stoliczkae"
11	"Leaves pinnatified; pappuses of irregular teeth and linear, free appendages"	"Tanacetum baltistanicum"
