from	statement	to
1	"Stems of annual shoots fresh gree except for narrow, longitudinal lines; leaves, bracts, and bracteols spine-tipped, often pungent (Salsola sect. Kali)"	2
1	"Stems of annual shoots not fresh green, eventually with a short green area just below the bases of the leaves and bracts; leaves, bracts, and bracteoles obtuse, acute, or apiculate, neither spiny nor pungent"	6
2	"Plants small shrubs or subshrubs; axillary hairs forming dense, wool-like tufts; anthers 1.8-2.8 mm long"	"Salsola griffithii"
2	"Plants annuals; axillary hairs less promiment, not persistent; anthers shorter"	3
3	"Fruits not winged, upe to 2 mm wide; spikes elongated, dense, narrow, with imbricate bracts and bracteoles; outer tepals 1-veined; seeds vertical or oblique"	"Salsola collina"
3	"Fruits winged, at least 5 mm wide; spikes with spreading bracts and bracteoles; outer tepals 3-veined (Salsola sect. Kali)"	4
4	"Distal portion of tepals forming 5 parallel, delicate, spine-like indurate lobes in fruit"	"Salsola paulsenii"
4	"Distal portion of tepals forming 0-2(-3) indurate lobes in fruit"	5
5	"Plants robust, usually glabrous; tepals 2-2.5 mm long, glabrous; fruits 6-8 mm in diameter"	"Salsola tragus"
5	"Plants delicate, always hispid-puberulent; tepals 1.5-2 mm long, densely papillose dorsally and long ciliate on the margins; fruits 4-7 mm in diameter"	"Salsola jacqumontii"
6	"Stems of annual shoots with a short green area just below the upper leaves and bracts; anther appendages large, vesicular, stalked (Salsola sect. Physurus)"	"Salsola crass subsp. turcomanica"
6	"Stems uniformly whitish, creamy, or reddish; anther appendages small or large, never stalked"	7
7	"Plants annual, grey with a dense mealy cover of thin-walled spherical or sausaged-shaped vesicles (Salsola sect. Cardiandra)"	8
7	"Plants perennials or annuals, with various kinds of indumentnum but never with spherical or sausage-shaped vesicles"	10
8	"Plants procumbent, with divaricate, rigid branches; long hairs stiff and rough with rounded warts; fruiting perianths 4-6 m in diameter"	"Salsola chorassanica"
8	"Plants more or less erect, with slender, ascending branches; long hairs delicate, smooth or denticulate, interwoven, formain an arachnoid indumentum on young plants"	9
9	"All leaves needle-like, the lower 0.5-0.75 mm wide; tepals 1.5-2.5 mm long; anthers 0.9-1.4 mm long; stigmas 0.7-1 mm long; wings of fruiting perianths not or only the inner indistinctly keeled"	"Salsola turkestanica"
9	"Lower leaves flat, 0.72-1.2 mm wide; tepals 3-3.5 mm long; anthers 1.3-1.8 mm long; stigmas 1-1.5 mm long; wings of fruiting perianths prominent keeled on the upper surface"	"Salsola sclerantha"
10	"Plants glabrous, papillose, hispidulous, or hispid with stiff, thick-walled, 1-celled hairs"	11
10	"Plants with at least the young stems, and sometimes the whole plant, with hairs of various shapes and sizes but always composed of more than 1 cell"	15
11	"Leaf blades arising from a compact, indurate, and persistent pulvinus; flowers in clusters; perianth lobes not thickened )Salsola sect. Cocco-salsola)"	12
11	"Leaf blades constricted near the base and arised from dilated, hump-shaped persistent bases; flowers solitary; perianth lobes more or less thickened aboove the wing in fruit; utricles enclosed by the fruiting perianths (Salsola sect. Arbuscula)"	13
12	"Plants small shrubs up to 1 m tall with divaricate branching; upper leaves and bracts from distinctly clavate to dumb-bell shaped"	"Salsola drummondii"
12	"Plants subshrubs, up to 0.4 m tall; all leaves and bracts cylindrical or semi-cylindrical; plants known only from Makran"	"Salsola makranica"
13	"Plants loosely branched, elegant shrubs up to 2 m tall; lower leaves 3-8 cm long, often pendant; fruiting perianths 14-18 mm in diameter, tips of the tepals coming together to form a cone in fruit"	"Salsola richteri"
13	"Plants densely branched smaller plants; leaves shorter, never pendant; fruiting perianths smaller, tips of the tepals not forming a cone in fruit"	14
14	"Plants shrubs up to 100 cm tall, the branches divaricate, rigid, and often spiny; fruiting perianths 10-13 mm in dimaeter, the distal portion of the tepals forming a thick, indurated bulge crowned by a flower-like cup (Salsola sect. Arbuscular)"	"Salsola arbuscula"
14	"Plants subshrubs, up to 30 cm tall, with nuerous eret annual shoorts, the woody branches not becoming spiny; fruiting perians 7-10 mm in diameter, the distal portion of the tepals forming a narrow bulge that continues into a flat, dome-like structure"	"Salsola montana"
15	"Upper leaves and bracts distinctly gibbous near the base on the lower side; tepal backs with a green blotch; anther appendages very short (Salsola sect. Caroxylon)"	16
15	"Upper leaves and bracts never gibbous, the upper more or less sheathing; tepals with out green blotches on their backs; anther appendages large, at least 1/3 the length of the thecae"	20
16	"Plants annual herbs"	17
16	"Plant subshrubs or shrubs"	18
17	"Tepals with stiff ascending hairs on their dorsal surface, becoming thickened and the lobes hook-like and incurved in fruit; upper bracts and bracteoles with peristent hairs (Salsola sect. Caroxylon)"	"Salsola incanescens"
17	"Tepals glabrous dorsally, not significantly thickened in fruit, the lobes not becoming incurved and hook-like"	"Salsola nitraria"
18	"Plants subshrubs with divaricates spinescent branches; leaves, bracts, bracteoles, and tepals white with adpressed, smooth hairs; discs very distinct"	"Salsola cyclophylla"
18	"Plant subshrubs or shubs, without divaricate spinescent branches; indumentum not adpressed, hairs warty or denticulate"	19
19	"All or most leaves and lower bracts linear; fruiting perianths 6-9 mm in diameter; hairs branched"	"Salsola orientalis"
19	"Most leaves and all bracts scale-like; fruiting perianths up to 6 mm in diameter; hairs spinulose or almost smooth (Salsola sect. Caroxylon)"	"Salsola imbricata"
20	"Leaves flat, nor or only slightly succulent, covered with a persistent silky indumentum of smooth hairs; spikes few, very long, thin, strictly erect"	"Salsola canescens"
20	"Leaves semi-terete, strongly succulent, with scattered spinulose hairs, becoming glabrous; spikes profusely branched, the branches short, spreading; tepals 2-3-veined"	21
21	"All leaves and brats helically aranged, the upper not clasping at the base"	"Salsola tomentosa"
21	"Lateral vegetative shoots and spikes conspicuously flattened by distichous position of the half-clasping leaves and bracts"	"Salsola rubescens"
