from	statement	to
1	"Plants reproducing by spores; plants thalloid or  leafy, usually herbaceous"	2
1	"Plants reproducing by seeds; plants always leafy, often woody but sometimes herbaceous"	4
2	"Plants without vascular tissue, stems less than 10 cm long (unless aquatic); plant body thalloid and fleshy or with leaves; leaves, if present, less than 1 cm long and mostly 1-3 cells thick and; spores produced in capsules, these concealed in species with thalloid bodies, terminal or axillary on plants with leafy stems"	Bryophyta
2	"Plants with vascular tissue, stems usually underground; leaves more 10 cm long (unless a floating aquatic), usually than 3 cells thick over most of the blade; spores produced in sporangia located on the underside of the leaf blades, in the bases of leaflike structures, or on a highly modified leaf"	3
3	"Leaves leaves less than 10 cm long, with a single midvein, all basal and arising a bulblike structures or on stems; sporangia adaxial and axillary, restricted to the upper leaves of plants with leafy stems, sometimes leaves with sporangia modified and forming a distinct strobilus"	Lycophyta
3	"Leaves (including petioles) more than 10 cm long except in floating aquatics, with reticulate venation; stems usually underground but if above ground clothed in old leaf bases; sporangia abaxial and clustered in sori or on highly modified leaves"	Pteridophyta
4	"Seeds terminal on short side branches or on the adaxial surface of a bract, often a woody bract, not enclosed in an ovary; leaves usually simple, scalelike, and appressed with no evident venation or awl-like to linear with one conspicuous central vein or fanshaped with dichotomous venation"	Gymnosperms
4	"Seeds enclosed in an ovary; ovaries at the center of a flower; flowers usually evident and colorful but sometimes neither evident nor colorful; leaves various shaped"	5
5	"Floral bracts usually in multiples of 3; leaf venation ""parallel"" with no evident veins connecting the main veins; young stems with scattered vascular bundles; plants usually herbaceous, sometimes shrubby, if treelike, the trunk enclosed by old leaf bases and both the leaves and flowers terminal on the stem or its branches; young shoots with scattered vascular bundles; seeds with one cotyledon each"	Monocots
5	"Floral bracts many or multiples of 4 or 5; plants woody or herbaceous, if treelike, the trunk not enclosed in old leaf bases; young shoots usually with scattered vascular bundles; seeds usually 2 cotyledons"	6
6	"Plants woody; flowers with many bracts, sepals grading into sepals; stamens many, often flattened; ovaries many, of separate carpels; fruits usually dry; leaves alternate; pollen grains with 1 pore or groove"	"Basal angiosperms"
6	"Plants woody or herbaceous; flowers bracts many or in multiples of 4 or 5; stamens usually fewer than 15, sometimes only 1, not flattened; ovaries often 1, composed of 1 - several carpels; fruits fleshy or dry; pollen with 3 pores or grooves"	Eudicots
