from	statement	to
1	"Flowers more than 2.5 cm long"	2
1	"Flowers less than 2.5cm long"	4
2	"Both leaf surfaces glabrous; flowers 4-4.5 cm long; bracts and bracteoles inconspicuous; calyx lobes less than 4 mm long; capsules glabrous"	"Justicia tinctoria"
2	"Lower leaf surfaces pubescent over the veins or both surfaces spasely hirsute;  flowers 3-3.5 cm long; bracts leafy, more than 1 cm long; capsules pubescent or puberulous"	3
3	"Bracts green, not turning reddish-brown with age; capsules more than 2 cm long, pubescent"	"Justicia adhatoda"
3	"Bracts becoming reddish-brown with age; capsules less than 1.5 cm long, puberulent"	"Justicia brandegeeana"
4	"Flowers up to 10 mm long"	5
4	"Flowers more than 10 mm long"	10
5	"Inflorescences long spikes; calyces 4-lobed, lobes not glandular hairy; capsules not dimophic"	6
5	"Inflorescences axillary, clusters of 2-5 flowers; calyces 5-lobed, lobes densely glandular pubescent; capsules dimorphic"	"Justicia herocarpa"
6	"Bracts about 58 mm long"	7
6	"Bracts up to 4 mm long"	8
7	"Petioles 8-10 mm long; leaves glabrous on both sides; bracts as long as or slightly longer than the flowers;capsules glabrous"	"Justicia peploides"
7	"Petioles up to 4 mm long; leaves sparsely hairy on both sides; bracts nearly half as long as the flowers; capsules hairy towards the tips"	"Justicia vahlii"
8	"Spikes more than 3 cm long; bracts ovate or elliptic-ovate"	9
8	"Spikes up to 2.5 cm long; bracts obovate"	"Justicia procumbens"
9	"Bracts elliptic-ovate, pilose, scarious with greenmidribs; capsules hairy to glabrescent"	"Justicia japonica"
9	"Bracts ovate, glabrous; capsules glabrous"	"Justicia diffusa"
10	"Blades hairy on bth surfaces; corollas pinkish red without spots or streaks"	"Justicia pubigera"
10	"Blades glabrous on both surfaces; corollass white with red or purple spotes or streaks on thei inner surfaces"	11
11	"Bracts lanceolate, not imbricate, about 4 mm long; capsules glabrous"	"Justicia gendarussa"
11	"Bracts broadly elliptic-orbicular, imbricate, 8-12 mm long and wide; bracteoles subulate, 3-4 mm long; capsules pubescent"	"Justicia ventricosa"
