from	statement	to
1	"Plants annual"	2
1	"Plants perennia"	3
2	"Both involucres and involucels without bracts; rays 5-12"	"Pimpinella puberula"
2	"Both involucres and involucels with bracts; rays 3-5"	"Pimpinella ranunculifolia"
3	"Plants pubescent"	4
3	"Plants glabrous"	5
4	"Leaves, including petioles, up to 20 cm long; leaflets lanceolate to oval or ovate; ovaries and fruits glabrous to puberulous"	"Pimpinella diversifolia"
4	"Leaves, including petioles, up to 10 cm long; leaflets linear to lanceolate; ovaries and fruits densely pubescent"	"Pimpinella stewartii"
5	"Involucres with 5-6 bracts; rays and pedicels filiform"	"Pimpinella acuminata"
5	"Involucres with 1-3 bracts; rays and pedicels not filiform"	"Pimpinella hazariensis"
