from	statement	to
1	"Internodes longer than the leaves"	"Galium ceratophylloides"
1	"Internodes longer than the leaves"	2
2	"Fruits glabrous, sometimes granulate"	3
2	"Frtuits hairy"	14
3	"Fruiting pedicels curved downwards; fruits 3-5 mm in diameter"	4
3	"Fruiting pedicels more or less striaght; fruits less than 3 mm in diameter"	5
4	"Plants glabrous; fruits smooth or rough but not granulate, often wit hwhite, sunken hair-like raphide crustals"	"Galium kurramensis"
4	"Plants scabrous; fruits granulate, without sunken hairlike raphide crystals"	"Galium tricornutum"
5	"Flowering branches leafy; leaves of flowering branches much smaller than leaves of vegetative branches"	6
5	"Flowering branches not leafy"	11
6	"Inflorescences divaricately branched; main stems either scabridulous, scabrous or smooth"	7
6	"Inflorescences not divaricately branched; main stems glabrous"	9
7	"Corolla lobes lanceolate, shortly apiculate; leaf margins recurved, with recurved papiliform teeth"	"Galium saturejifolium"
7	"Corolla lobes ovate, acuminate; leaves scabrous on the upper surfaces, particularly on the midrib and margins"	8
8	"Leaves always in whorls of 4"	"Galium tetraphyllum"
8	"Leaves in whorls of 6-8"	"Galium asperifolium"
9	"Fruits glabrous and granulate; pedicels short, always shorter than the flowers"	"Galium acutum"
9	"Fruits papillose with curved, setose hairs; pedicels always longer than the flowers"	10
10	"Flowers yellowish brown on drying; inflorescences reduced to a few flowers; leaves in approximate whorls of 6, scarcely revolute"	"Galium campylotrichum"
10	"Flowers purplish on drying; inflorescences not reduced; leaves in whorls of 6-8, margins clearly revolute"	"Galium subfalcatum"
11	"Leaves elliptic, lanceolate, or oblanceolates, usually obtuse"	"Galium spurium"
11	"Leaves linear, acute or cuspidate"	12
12	"Inflorescences terminal or subterminal; pedicels about 2 mm long; corollas bright yellow; stems initially pubescent becoming glabrous; leaves 8-10 (-12) in a whorl"	"Galium verum"
12	"Inflorescences axillary and terminal; pedicels 3-5 mm longl corollas usually white; stems scabrodulous; leaves 6 in a whorl"	13
13	"Cymes 5-8 cm long, laxly divaricately branched; fruits about 1-1.5 mm across, smooth; mericarps mostly free"	"Galium tenuissimum"
13	"Cymes 2-3 cm long, forked; fruits 2-2.5 mm across, covered with white sunken hairlike markings; mericarps not free"	"Galium chitralensis"
14	"Leaves 3-veined on the lower surfaces"	15
14	"Leaves not 3-veined"	17
15	"Upper surfaces of the leaves hairy"	16
15	"Upper surfaces of leaves glabrous; leaves lanceolate"	"Galium boreale"
16	"Fruits covered with soft whitish hooked hairs; leaves 10-30 mm long, 3-15 mm wide, villous, pubescent on the lower surface"	"Galium elegans"
16	"Fruits with short compressed hairs; leaves 6-9 mm long, 3-5 mm wide, veins covered with hooked hairs"	"Galium stewartii"
17	"Leaves in whorls of 4; fruits covered with dense, long, woolly, straight hairs"	"Galium serpylloides"
17	"Leaves in whorls of (4-)6-8(-10); fruits covered with hooked bristles"	18
18	"Branches filiform; fruits about 1 mm in diameter"	19
18	"Branches not filiform; fruits more than 2 mm in diameter"	20
19	"Fruits with few short hooked hairs; corolla lobes shortly apiculate or muticous"	"Galium decaisnei"
19	"Fruits covered with long hooked hairs; corolla lobes acute or cuspidate"	"Galium setaceum"
20	"Inflorescences terminal or subterminal"	"Galium asperuloides"
20	"Inflorescencesaxillary and terminal"	21
21	"Bracts foliaceous;inflorescences paniculate; stems and leaves usually laxly covered with long, weak hairs"	"Galium hirtiflorum"
21	"Bracts not foliaceous; inflorescences 1-3-flowered cymes; stems and leaves not covered with long wak hairs"	22
22	"Inflorescences with more than 1 flower"	"Galium aparine"
22	"Inflorescences of solitary flowers"	23
23	"Stems unbranched, more or less filiform; leaves linear or narrowlylanceolate"	"Galium pauciflorum"
23	"Stems branched, 4-sided; leaves oblanceolate-lanceolate"	"Galium ibicinum"
