from	statement	to
1	"Lower leaf surfaces densely velvety or tomentose on lower surfaces"	2
1	"Lower leaf surfaces glabrous or initially pubescent, becoming glabrous at maturity"	4
2	"Petals absent; lower leaf surfaces and young branches covered with fulvous hairs"	"Ziziphus rugosa"
2	"Petals present;  lower surfaces of leaves covered with whitish hairs, upper surfaces glabrous or whitish pubescent; branches whitish pubescen"	3
3	"Fruits more than 1.5 cm in diameter; upper surfaces of leaves glabrous; petioles 8-15 mm long"	"Ziziphus mauritiana"
3	"Fruits less than 1.5 cm in diameter; upper surfaces of leaves densely hairy; petioles 3-5 mm long"	"Ziziphus nummularia"
4	"Inflorescences pubescent; leaves foradly ovate to ovate-elliptic or circular with entire or obscurely crenate margins"	"Ziziphus spina-christi"
4	"Inflorescences glabrous; leaves oblong-ovate to ovate-lanceolate with crenately serrate or serrate margins"	5
5	"Leaves acuminate"	"Ziziphus oxyphylla"
5	"Leaves obtuse or subacute"	"Ziziphus jujuba"
