from	statement	to
1	"Nutlets clearly vsible between the narrow sepals; calyx lobes usually more or less curved around the fruit, midribs not prominent"	2
1	"Nutlets not or barely visible between the sepals; calyx lobes landeolate to oblong or cordate -auriculate, erect to more or less curved, with prominent midribs in fruit"	5
2	"Nutlets minutely tuberculate or papillose"	3
2	"Nutles smooth and shiny"	"Rochelia leiocarpa"
3	"Fruiting pedicels 5-8 mm long, longer than the calyces"	4
3	"Fruiting perciels 2-3 mm long, shorter than or equaling the calyces"	"Rochelia disperma"
4	"Calyx lobes much longers than the nutlets"	"Rochelia stylaris"
4	"Calyx lobes equaling or barely longer than the nutlets"	"Rochelia bungei"
5	"Calyx lobes truncate or dilate towards their base, partially enclosing the nutlets"	6
5	"Calyx lobes auriculate-cordate at base, completely enclosing the nutlets"	"Rochelia cardiosepala"
6	"Calyx lobes 2-5 mm long in fruit, slightly incruved, bases wide; pedicels gradually thickened upwards"	7
6	"Caly lobes 7-8 mm long in fruit, erect, dilated towards the base; pedicels not thickened in fruit"	"Rochelia rectipes"
7	"Fruiting pedicels up to 7 mm long; calyx lobes about 3 mm long at fruiting"	"Rochelia laxa"
7	"Fruting pedicels 7-12 mm long; calyx lobes 4-5 mm long at fruting"	"Rochelia peduncularis"
