from	statement	to
1	"Leaves petiolate, petioles 3-10 mm long; sepals deciduous; keels split at the top, not crested; capsules rugose"	"Polygala tatarinowii"
1	"Leaves subsessile, petioles 1-2 mm long; sepals persistent; keels not split, crested; capsules not rugose"	2
2	"Racemes predominantly lateral, shorter than the leaves; bracts persistent; strophiolar appendages 3, minute or 1/3 as long as the seeds"	3
2	"Racemes predominantly terminal, longer than the leavs; bracts caducous or deciduous; strophiolar appendages 2 and minute or, if 3, 1/3-2/3 as long as the seeds"	5
3	"Plants villous with long and straight and short curved hairs; leaf margins not recurved; outer sepals very unequal, the upper twice as long as the lower; strophiolar appendages 1/3 as long as the seeds"	"Polygala crotalarioides"
3	"Plants more or less pubescence with short curved hairs; leaf margins recurved; outer sepals more or less equal or the upper slightly larger than the lower; strophiolar appendages minute"	4
4	"Leaves mucronate; racemes dense, more or less truncate; inner sepals falcate; capsules glabrous with ciliolate margins"	"Polygala arvensis"
4	"Leaves obtuse or acute; racemes open, not truncatel inner sepals not falcate; capsules pubescent with long apical and marginal hairs"	"Polygala erioptera"
5	"Inner seoals falcate; strophiolar appendages 3, 1/2-2/3 as along as the seeds"	"Polygala sibirica"
5	"Inner sepals not falcate; strophiolar appendages 2, minute"	6
6	"Racemes dense; upper sepals twice as large as the lower; veins of lateral sepals not anatomosing; anthers sessile; capsule wings 1-2 mm wide"	"Polygala hohenackeriana"
6	"Racemes open; upper sepals slightly larger than the lower; veins of lateral sepals anastomosing; anthers not sessile; capsule wings 0.5-0.75 mm wide"	7
7	"Bracts and sepals glabrous; lateral petals much shorter than the keels; seeds not crowned with bulbous hairs, strophioles 3-lobed"	"Polygala abyssinica"
7	"Bracts and sepals hairy; lateral petals equalling or longer than the keels; seeds crowned with bulbous hairs, strophioles 2-lobed"	"Polygala irregularis"
