from	statement	to
1	"Awns disarticulating from the lemmas, breaking cleanly at their base or the base of the column when mature"	2
1	"Awns not disarticulating from the lemmas, not breaking off when mature"	5
2	"Awns articulated at the top of the column, just below the branch point"	"Aristida mutabilis"
2	"Awns articulated at the base of the column"	3
3	"Lower glumes always longer than the upper glumes; calluses pointed"	"Aristida funiculata"
3	"Lower glumes shorter than the upper glumes; callus bases pointed or forked"	4
4	"Calluses forked at the base; plants dwarf"	"Aristida hystricula"
4	"Calluses with curved, sharp tips; plants 20-65 cm tall"	"Aristida triticoides"
5	"Lateral branches of the awns absent or greatly reduced or, if up to 15 mm long, bristle-like and much finer than the central branch; lemmas with a semi-circular bend below the column"	"Aristida abnormis"
5	"Lateral branches of the awns well-developed, usually similar to the central branch in length, always similar in texture and thickness; lemmas straight"	6
6	"Plants tobust, tufted perennials; panicles effuse, their diameter often similar to their length; awns more than 2 cm long; glumes usually awned"	"Aristida cyanantha"
6	"Plants annuals or short-lived perennials; panicles more or less contracted; awns usually shorter than 2 cm; glumes never awned"	"Aristida adscensionis"
