from	statement	to
1	"Corollas 3-4.5 mm long"	2
1	"Corollas 12-15 mm long"	3
2	"Inflorescences dense; calyces 1-1.5 mm long, their lobes much shorter than the tocrolla tube; corolla lobes ovate, acture, not incurved; styles exserted, about 4 mm long"	"Gaillonia asperuliformis"
2	"Inflorescences lax; calyces about 2.5 mm long, densely whitish pubescent, lobes almost equalling the corolla tube; corolla lobes linear-lanceolate, thickened and incuved at the tip"	"Gaillonia chitralensis"
3	"Stems glabrous; internodes 5-8 cm long"	"Gaillonia afghanica"
3	"Stemspubescent or scabridulousl internodes 1-5 cm long"	"Gaillonia macrantha"
