from	statement	to
1	"Flowering stems absent or inconspicuous; 1-flowered scapes arising directly from the rootstock"	"Parrya exscapa"
1	"Flowering stems present, bearng few to many flowers"	2
2	"Plants more or less glandular hairy"	"Parrya nudicaulis"
2	"Plants glabrous to hairy with simple or branched, but not glandular, hairs"	3
3	"Leaves pinnatisect; lobes narrow, oblong; siliques 2.5(-3) mm wide"	"Parrya chitralensis"
3	"Leaves pinnatifid to entire; lobes triangular; siliques about 4 mm wide"	"Parrya minjanensis"
