from	statement	to
1	"Inflorescences axillary racemes; flower bisexual"	2
1	"Inflorescences of solitary flowers or clusters of flowers; flower bi- or unisexual"	4
2	"Stems suberect; cladodes in fascicles of 5-20, ascending, erect, or recurved"	"Asparagus adscendens"
2	"Stems climbing; cladodes in fascicles of (1-)3-6(-8), flat"	3
3	"Spines 1.5-2 cm on the main stem and 0.5-1 cm on the branches; branches more or less rectangular; pedicels articulated, their lower half longer than the bracts"	"Asparagus racemosus"
3	"Spines 3-5 mm long on the main stem and indistinct on the branches; pedicels articulated, their lower half shorter than the bracts"	"Asparagus densiflorus"
4	"Stems and branches scabrous"	5
4	"Stems and branches smooth"	6
5	"Cladodes up to 1.3 cm long; flowers 2-4 per node"	"Asparagus dumosus"
5	"Cladodes up to 3.5 cm long; flowers up to 12 per cluster"	"Asparagus gharoensis"
6	"Cladodes 3-15(-20) mm long, 0.6-1(-2) mm wide, flat, falcate, acute, with a distinct median vein"	"Asparagus filicinus"
6	"Cladodes not as above"	7
7	"Cladodes 7-25 per cluster"	8
7	"Cladodes 8 or fewer per cluster"	9
8	"Stems suberect; pedicels 5-15 mm long, articulated much above or below the middle; flowers unisexual"	"Asparagus neglectus"
8	"Stems climging; pedicels shorter than 5 mm, articulated at the middleor below; flowers bisexual"	"Asparagus setaceus"
9	"Flowers bisexual; pedicels articulated below the middle"	10
9	"Flowers unisexual; pedicels articulated above the middle"	11
10	"Flowers present only at the tips of the branches"	"Asparagus capitatus subsp. capitatus"
10	"Flowers axillary or axillary and terminal on small branches"	"Asparagus capitatus subsp. gracilis"
11	"Pedicels articulated at the base of the perianth"	"Asparagus breslirianus"
11	"Pedicels not articulated at the base of the perianth"	12
12	"Cladodes erecto-patent; filaments adnate to perianth segments for about half their leng"	"Asparagus officinalis"
12	"Cladodes not erecto-patenet; filaments not adnate to perianth segments for about half their length"	13
13	"Pedicels 3-4 mm long"	"Asparagus monophyllus"
13	"Pedicels 10-20 mm long"	"Asparagus persicus"
