from	statement	to
1	"Anthers apiculate; calyx tubes with dark spots at the base"	"Ciminalis balistanica"
1	"Anthers not apiculate; calyx tubes not spotted at the base"	2
2	"Plants with glandular hairs at least on the stems"	3
2	"Plants usually completely glabrous, rarely puberulent but never glandular"	4
3	"Flowers solitary; calyx lobes mucronate, white-margined; plicae bilobed"	"Ciminalis squarrosa"
3	"Flowers in clusters; calyx lobes minute, their margins cartilaginous; plicae crenulate"	"Ciminalis capitata:Ciminalis capitata var. capitata"
4	"Calyx lobes cartilaginous"	5
4	"Calyx lobes membranous"	"Ciminalis harwanensis"
5	"Flowers in terminal clusters, campanulate"	6
5	"Flowers solitary, funnelform to tubular"	9
6	"Plicae bilobed, obovate"	"Ciminalis pseudoaquatica"
6	"Plicae unilobed, lanceolate"	7
7	"Plants branched from the base; leaves ovate-obovate or spathulate"	8
7	"Plants branched from the middle or above; leaves broadly ovate-spathulate or orbiculare"	"Ciminalis riparia"
8	"Leaves overlapping; plants not fleshy"	"Ciminalis karelinii"
8	"Leaves not or scarcely overlapping; plants fleshy"	"Ciminalis prostrata"
9	"Plicae bilobed; flowers up to 1 cm long; corolla lobes ovate-obovate; basal leaves acuminate"	"Ciminalis leucimelaena"
9	"Plicae unilobed; flowers up to 1.5 cm long; corolla lobes lanceolate; basal leaves obtuse-subacute"	"Ciminalis aquatica"
