from	statement	to	shortcut
1	"Plants reproducing by spores, these located in sporangia no more than 3 mm in diameter, often much smaller, sometimes located on the adaxial surface of small leafy bracts, sometimes on the adaxial surface or on axes of modified leaves; stems or rhizomes with vascular tissue variously arranged but not in rings"	2	
1	"Plants reproducing by seeds, these locate on the adaxial surface of woody bracts or in special structures within flowers; stems with vascular tissue arranged in rings"	5	
2	"Leaves more then 3 at a node, often black or brown, united to form cylinders around the stems; strobili present, terminal, not on nor associated with leaves; sporangia on thumbtack-like sporangiophores attached to a central axis"	Equisetidae	Equisetum
2	"Leaves usually 1 or 2 at a node, green, not united, often strongly divergent from the stems or rhizomes; sporangia leafy, attached to lower surfaces of leaves, or on branches of modified leaves"	3	
3	"Sporangia on upper or inner surfaces of leaflike sporophylls; plants shorter than 25 cm, never aquatic; leaves with 1 vein"	Lycopodiopsida	
3	"Sporangia on lower (abaxial surface of leaves or on modified leaves; plants usually more than 25 cm tall, sometimes much smaller and floating; leaves either with more than 1 vein or, if floating, with no veins"	4	
4	"Sporangia thick-walled. more than 2 mm in diameter; plants terrestrial or ephipytic; leaves of terrestrial species either of two parts, a sporophore bearing the sporangia and flattened, photosynthetic tropophore or highly reduced to absent, in epiphytic plants, leaflike structures abundant, 1-veined"	Ophioglossiidae	
4	"Sporangia thin-walled, less than 1 mm in diameter; plants terrestrial, epiphytic, or floating aquatics; leaves of most species well developed, many veined, never divided into a sporophore and tropophore"	Polypodiidae	
5	"Seeds in ovaries, these in flowers; pollen produced in anthers of stamens; flowers often with both ovaries and stamens"	Magnoliopsida	
5	"Seeds on or surrounded by woody bracts or terminal on branches, never enclosed in a container; pollen producing structures always separate from seed producing structures, sometimes on the same plant, sometimes on different plants"	6	
6	"Leaves flat, with radiating, non-anastomosing veins; plants unisexual; female plants producing seeds in pairs stalks, the outer seed wall fleshy; male plants producing pollen in pairs of sporangia located on the adaxial surface of spirally arranged microsporophylls"	Ginkgoidae	"Ginkgo biloba"
6	"Leaves narrow and linear or, if flat, with branched veins; plants often bisexual but seeds and pollen produced in separate structues"	7	
7	"Seeds and male sporangia surrounded by bracts; seeds developing micropylar projections that produce pollination drops"	Gnetidae	Ephedra
7	"Seeds usually produced in woody cones, if terminal and subtended by bracts enclosed in or subtended by a fleshy structure, not producing a micropylar projection; male sporangia embedded in lower surface of woody bracts or on spirally arranged microsporophylls"	8	
8	"Plants fast growing shrubs or trees with many branches; leaves opposite, alternate or whorled, simple"	Pinopsida	
8	"Plants slow growing trees with unbranched stems; leaves terminal and usually pinnately compound"	Cycadopsida	
