from	statement	to
1	"Plants trees; corollas scarlet crimson; ovaries densely woolly"	"Rhododendron arboreum"
1	"Plants shrubs; corollas not crimson; ovaries glabrous or scaly"	2
2	"Corollas light purple, 2.5-3 cm long; capsules 2-3 cm long"	"Rhododendron campanulatum"
2	"Corollas not light purple, 0.6-2 cm long; capsules 0.4-1 cm long"	3
3	"Leaf blades scaly on both surfaces; flowers solitary or in clusters of 2-5"	"Rhododendron lepidotum"
3	"Leaf blades scaly only on the lower (abaxial) surface; flowers in clusters of 8-15"	4
4	"Corollas yellow, broadly cylindrical; stamens 6-8"	"Rhododendron hypenanthum"
4	"Corollas greenish white or pink, saucer-shaped or campanulate; stamens 10"	5
5	"Calyx segments oblong; corollas saucer-shaped, tube pilose inside; stamens included"	"Rhododendron collettianum"
5	"Calyx segments orbicular; corollas campanulate, tube glabrous; stamens exserted"	"Rhododendron afghanicum"
