from	statement	to
1	"Petals shorter than the sepals, sometimes absent; flowers about 2-25. mm across"	2
1	"Petals distinctly exceeding the sepals; flowers about 4 mm across"	"Rorippa sylvestris"
2	"Siliques 5-10 mm long, 2-2.5 mm wide; seeds conspicuously biseriate; lower and middle leaves pinnatifid, 3-5-jugate"	"Rorippa islandica"
2	"Siliques (10-)15-20(-25 mm) mm long, 1-1.5 mm wide; seeds uni- or sub-biseriate; leaves almost simple, not or hardly lobed"	3
3	"Plants less robust; leaves less divided, slightly toothed or almost entire; siliques about 1 mm wide, with 50-90 ovules; seeds about 0.7 mm long; plants perennial"	"Rorippa montana"
3	"Plants tall, robust; leaves somethwat more divided and toothed; siliques about 1.5 mm wide, with 100-150 ovules; seeds about 0.5 mm long; plants annuals or biennials"	"Rorippa indica"
