from	statement	to
1	"Stamens as many as the petals"	"Sedum fischeri"
1	"Stamens twice as many as the petals"	2
2	"Inflorescences corymbose, many-flowered; petals with basal appendages"	"Sedum trullipetalum"
2	"Inflorescences racemose or spikelike or with only 1-3 flowers; petal without basal appendages"	3
3	"Inflorescences racemose or spokielike; flollicles spreading, forming a star at maturity"	4
3	"Inflorescences cymes with 1-3 flowers; follicles not spreading"	"Sedum oreades"
4	"Petals equal to or shorter than the sepals; sepals oblohg to oblong-lanceolate; stems much branched"	"Sedum multicaule"
4	"Petals longer than the sepals; sepals ovate to broadly ovate; stems branched only a few times"	"Sedum hispanicum"
