from	statement	to
1	"Flowers reflexed or nodding; corollas more or less campanulte; calyx lobes gland-tipped"	"Primula reidii"
1	"Flowers erect; corollas salverform to funnel-shaped; calyx lobes notgland-tipped"	2
2	"Flowers yellow, creamy white or pinkish"	3
2	"Flowers pink, mauve, pink-purple or blue"	5
3	"Plants weak-stemmed and straggling; leaves cauline; flowers in superposed shorles of 2-5"	"Primula floribunda"
3	"Plants erect, fairly robust; flowers umbellate"	4
4	"Bracts not auriculate at the base; flowers fellow; corolla lobes entire to slightly retused; leaves farinose on the lower surfaces"	"Primula duthieana"
4	"Bracts auriculate at the base; flowers white or pinkish; corolla lobes obcordate, retuse, to emarginate; leaves not farinose on the lower surfaces"	"Primula involucrata"
5	"Leaves orbiculate, reniform, subcordate, or oblong to ovate-oblong"	6
5	"Leaves elliptic, elliptic-lanceolate, elliptic ovate, or spathulate"	7
6	"Plants scapose; leaf blades oblong to ovate-oblong; capsules membranous"	"Primula pulchra"
6	"Plants with leafy stems; leaf blades orbicular-reniform, subcordate, to circular-oblong; capsules more or less firm,, dehiscing by 5 apical teeth to"	"Primula clarkei"
7	"Bracts reflexed in fruit"	"Primula algida"
7	"Bracts patent in fruit"	8
8	"Plants small, forming carpets"	9
8	"Plamts usually not small, not carpet-forming"	10
9	"Leaves spathulate, not farinose, with crenulate margins"	"Primula reptans"
9	"Leaves lanceolate, farinose. margins denticulate to serrulate"	"Primula minutissima"
10	"Capsules globose to ovoid or oblong, more or less included in the calyces"	11
10	"Capsules tubular cylindrical, equalling or greatly exceeding the calyces"	18
11	"Capsules oblong"	"Primula obtusifolia"
11	"Capsules ovoid to subglobose"	12
12	"Leaves strap-shaped; calyces cupular; plants winter flowering, frequentlin waterfalls at up to 1900 m altitude"	"Primula inayatii"
12	"Leaves not strap-shaped; calyces not cupular; plants summer-flowering, of various alpine habitats from 2000-5400 m"	13
13	"Flowers many, in dense umbellate heads; calyces more or less chartaceous in fruit"	"Primula denticulata"
13	"Flowers up to 12 in number, in open umpels; calyces not chartaceous in fruit"	14
14	"Leaves membranous, lower surfaces white farinose; scapes 1(-3) in number"	"Primula hazarica"
14	"Leaves not membranous, rarely farinoise; scapes solitary"	15
15	"Leaves pubescent to tomentose on the lowe surfaces"	"Primula denticuloides"
15	"Leaves glabrous"	16
16	"Leaves developing at the same time as the flowers, coarsely and irregularly dentate or erose dentate"	17
16	"Leaves fully developed only after the flowers have opened, dentitulate or erose-denticulate"	"Primula rosea"
17	"Flowers pink; bracts 4.5-7 mm long"	"Primula warshenewskiana"
17	"Flowers violet-pink to purplish blue; bracts 8-12 mm long"	"Primula elliptica"
18	"Bracts up to 9 mm long, saccate at the base; capsules narrowly cylindric"	19
18	"Bracts 10-20 mm long, not saccate; capsules broadly cylindric"	"Primula macrophylla"
19	"Plants usually farinose; petioles more or less flat and not distinct; calyces not glandular-punctate"	20
19	"Plants not farinosel petioles usually narrow and fairly distinct; calyces glandular-punctate"	21
20	"Bracts lanceolate to linear-lancelate; pedicels 1-6 mm long in fruit"	"Primula schlagintweitiana"
20	"Bracts ovate-oblong ot narrowly ovate; pedicels up to 2.5 mm long in fruit"	"Primula capitellata"
21	"Leaf blades tapering gradually to the petioles; scapes with 2-7 flowers; calyces and bracts densely glandular punctate"	"Primula pamirica"
21	"leaf blades abruptly contracted to the petioles; scapes with 1-4 flowers; calyces and bracts sparsely glandular punctate"	"Primula nutans"
