from	statement	to
1	"Flowering shoots usually without leaves, rarely with 1-2 leaves"	2
1	"Flowering shoots leafy, usually many-leaved, rarely with 1-2 leaves"	13
2	"Seedslarge, about 3 mm long; fruits 15-20 mm long; leaves long, needlelike"	"Draba hystrix"
2	"Seeds small, usually no more than 1(-2) mm long; fruits usually up to 10 mm long; leaves not needlelike"	3
3	"Petals (4.5-)5-6 mm long"	4
3	"Petals (1.5-)2.5-4 mm long"	7
4	"Racemes usually with 5-10 flowers, rarely 3 or 12; seeds about 1 mm long"	5
4	"Racemes with usually with 15-30 flowers, rarely fewer; seeds about 0.5 mm long"	"Draba olgae"
5	"Plants more or less floccose hairy, with short, branched soft white hairs; silicles usually 10-15 mm long"	"Draba tibetica"
5	"Plants more or less ciliately hairy with simple and branced hairs; silicles 3-8 mm long"	6
6	"Leaves with about 3 longitudinal veins"	"Draba trinervis"
6	"Plants with 1 mid-vein"	"Draba affghanica"
7	"Plants, especially leaves, flocose with short, branched or simple soft, whitish hairs"	8
7	"Plants more or less ciliately hairy with simple or branced hairs"	9
8	"Silicles 5-8 mm long, lanceolate or oblong-elliptic, somewhat contorted,compressed; styles 1-1.5 mm long"	"Draba winterbottomii"
8	"Silicles usually 3-4(-5) mm long, ovoid, inflated; styles about 0.5 mm long"	"Draba korschinskyi"
9	"Petals about 2.5 mm long"	"Draba melanopus"
9	"Petals (3-)4-6 mm long"	10
10	"Silicles linear or elliptic-oblong, compressed"	11
10	"Silicles ovoid or elliptic-ovate, subinflated or sub-compressed"	12
11	"Silicles 5-10 mm long, 2.5-3.5 mm wide, oblong-elliptic; pedicels 4-6 mm long in fruit"	"Draba setosa"
11	"Silicles (submature) ovate-lanceolate, about 6 mm long, 2-3 mm wide; pedicels 8-10 mm long in fruit"	"Draba pakistanica"
12	"Petals 2.5-3 mm wide; basal leaves 3-5 mm long, 1 mm long"	"Draba cachemirica"
12	"Petals about 1.5 mm wide; basal leaves (2.5-)5-25 mm long (1-)2-3(-4) mm wide"	"Draba oreades"
13	"Plants annuals"	14
13	"Plants perennials"	16
14	"Petals 1-2 mm long; silicles 5-8 mm long, about 2.5(-3) mm wide, oblong-elliptic"	15
14	"Petals about 4 mm long; silicles 8-20 mm long, about 2 mm wide"	"Draba stenocarpa"
15	"Racemes with 3-5 flowers; petals about 1 mm long, about as long as the sepals"	"Draba ellipsoides"
15	"Racemes with many flowers; petals about 2 mm long, slightly longer than the sepals"	"Draba nemorosa"
16	"Seeds sub-biseriate, large about 2 mm long, obscurely wined"	"Draba aubretoides"
16	"Seeds biseriate, small about 1 mm long, neither winged nor margined"	17
17	"Plants not cespitose; stems usually decumbent, sparsely branched; fruits 10-20 mm long, 2.5-3 mm wide"	"Draba falconeri"
17	"Plants cespitose, usually eret and branched from the base; silicles usually up to 10 mm long and 2 mm wide"	18
18	"Plants tomentose with short, branched white hairs, thse rarely mixed with long, simple hairs"	19
18	"Plants more or less ciliately hairy with simple or branched hairs"	22
19	"Sepals persistent in fruit; silicles 3-4 mm long, 2.5-3 mm wide, ovate-orbicular, not contorted, glabrous"	"Draba ludlowiana"
19	"Sepals caducous; silicles (3.5-)6-14 mm long, 1.5-2 mm wide, oblong-linear, more or less pubescent and contorted"	20
20	"Plants with  short and branched hairs"	21
20	"Plants with short branched hairs mixed with simple or forked long hairs"	"Draba lasiophylla"
21	"Seeds 16-20 in each locule"	"Draba lanceolata"
21	"Seeds 3-6 in each locule"	"Draba glomerata"
22	"Silicles ovate-oblong, 2.5-5 mm long,; pedicels 4-6 mm long in fruit; racemes capitate, congested, up to 4(-5) cm long in fruits"	"Draba altaica"
22	"Silicles linear, 6-14 mm long; pedicels 15-25(-30) mm long in fruit; racemes with well spaced flowers, up to 15 cm long in fruit"	"Draba gracillima"
