from	statement	to
1	"Leaves peltate; bracts enlarged in fruit; stamens united in a column or disc; flowers with 1 simple carpel"	"Cissampelos:Cissampelos pareira var. hirsuta"
1	"Leaves not peltate; bracts not enlarged in fruit; stamens free; carpels 3 or more"	2
2	"Leaves 7-veined, bases deeply cordate; carpels 3 [as Tinospora malabarica]"	"Tinospora:Tinospora sinensis"
2	"Leaves 3-5-veined, bases not deeply cordate; carpels 3-30"	3
3	"Leaves palmately veined; carpels 3-6; drupes circular, laterally compressed, tuberculate when dry; seeds horseshoe-shaped, albumen not ruminate"	Cocculus
3	"Leaves pinnately veined; carpels 6-30; drupes obovoid, not tuberculate when dry; seeds unicate, albumen ruminate [as Tiliacora racemosa]"	"Tiliacora:Tiliacora acuminata"
