from	statement	to
1	"Styles and stigmas yellow"	2
1	"Styles and stigmas dark brown to black"	3
2	"Capitula 2-4; involucres 4-7 mm long, cylindrical-campanulate; phyllaries with broad, scarious margins, glabrous or lanate but hairs not glandular"	"Crepis sancta subsp. obovata"
2	"Capitula numerous; involucres 7-9 mm tall, cylindrical; phyllaries with narrow scarious margins and glandular hairs"	"Crepis sancta subsp. iranica"
3	"Stems corymbosely branched distally; phyllaries glandular hairy"	"Crepis sancta subsp. falconeri"
3	"Stems dichotomously branched (but forming corymbs); phyllaries glabrous or with non-glandular hairs"	"Crepis sancta subsp. sancta"
