from	statement	to
1	"Involucral bristles more or less filiform, free throughout  (Pennisetum)"	2
1	"Involucral bristles flattened, united below, usually forming a cup (Cenchrus s.s.)"	9
2	"Involucres persistent, usually stipitate, the bristles plumose or glabrous; lemmas usually pubscent on the margins; plants cultivated [Pennisetum glaucum]"	"Cenchrus spicatus"
2	"Involucres readily deciduous; lemmas glabrous or almost so; plants spontaneous wild grasses, native or introduced"	3
3	"Involucral bristles branched above the base, ciliate or almost glabrous"	"Cenchrus lanatus"
3	"Involucral bristles unbranched or branched only at the extreme base"	4
4	"Bristles connate at the base to form a disk or shallow cup 0.5-1.5 mm across; rachises pubescent and somewhat angular"	"Cenchrus ciliaris"
4	"Bristles free throughout; rachises scabridulous or pubescent, cylindrical or with low, angular ribs"	5
5	"Rachises pubescent"	"Cenchrus orientalis"
5	"Rachises scabridulous"	6
6	"Lower glumes usually minute, up to 1/4 the length of the spikelets and lacking veins, rarely absent; bristles glabrous"	7
6	"Lower glumes at least 1/4 the length of the spikelets, usually 1(-3)-veined, rarely without vein but, if so, bristles plumose"	8
7	"Leaf blades tightly folded; sheaths markely keeled and imbricate; spikelets 6.5-8.5(-11) mm lonh"	"Cenchrus hohenackeri"
7	"Leaf blades flat; only basal sheaths, if any, keeled but these not markedly imbricate; spikelets 4.5-6.5 mm long"	"Cenchrus flaccidus"
8	"Plants tufted; culms often fastigiately branched on the lower portion; leaf blades flat and gree, up to 60 cm long and 15 mm wide"	"Cenchrus orientalis"
8	"Plants with woody culms, suffruticosely branched throughout; leaf blades slightly convolute, glaucous, up to 7.5(-15) cm long and 1.5 mm wide"	"Cenchrus divisus"
9	"One of the inner bristles longer and stouter than the others"	10
9	"All the inner bristles alike in length, thickness, and texture"	11
10	"Inner bristles united only at the base, forming a shallow disc 0.75-1.5 mm in diameter, occasionally united for about 0.5 mm beyond the disc"	"Cenchrus ciliaris"
10	"Inner bristles united for 1-2.5 mm above the rim of the basal disc"	"Cenchrus pennisetiformis"
11	"Bristles retrorsely scabriduouls, tenaciously prickly"	"Cenchrus biflorus"
11	"Bristles antrorsely scabridulous, not prickly"	12
12	"Bristles 10-20 mm long, plumose, the lower thides of their margins densely ciliate"	"Cenchrus prieurii"
12	"Bristles 2-4 mm long, the margins usually glabrous, sometimes shortly pubescent"	"Cenchrus setigerus"
