from	statement	to
1	"Leaves with 6-20 pairs of pinnae; leaflets with midrib close to the upper edge"	2
1	"Leaves with 1-6 pairs of pinnae; leaflets usually with midrib close to the center"	5
2	"Inflorescences elengated racemes"	"Albizia lophantha"
2	"Inflorescences umbellate"	3
3	"Leaflets scarcely 2.5 mm wide"	"Albizia chinensis"
3	"Leaflets 3-8 mm wide"	4
4	"Leaflets acute; flowers pink; calyx teeth evident"	"Albizia julibrizzin"
4	"Leaflets usually obtuse, flowers yellow; calyx teeth inconspicuous"	"Albizia odoratissima"
5	"Leaflets acuminate"	"Albizia lucida"
5	"Leaflets obtuse or retuse"	6
6	"Leaflets up to 13 mm wide; calyx teeth obsolete"	"Albizia odoratissima"
6	"Leaflets more than 13 mm wide, at least towards the end of the pinna; calyx teeth evident"	7
7	"Flowers pedicellate; pods pale straw-colored"	"Albizia lebbeck"
7	"Flowers sessile; pod brown"	"Albizia procera"
