from	statement	to
1	"Cauline leaves scalelike, scarious, spurred at the base; spurs sometimes extending into spines bearing 1-many cladodes; fruits berries"	Asparagus
1	"Cauline leaves not scalelike, green, not spurred at the base; cladodes not present"	2
2	"Flowers axillary or in lateral inflorescences arising from aerial stems; tepals connate for most of their length; plants rhizomatous"	Polygonatum
2	"Flowers or inflorescences terminal on aerial stems or arising directly from underground bulbs"	3
3	"Fruits bursting irregularly before seed maturity; seeds resembling small drupes"	4
3	"Fruits berries or capsules, never bursting before seed maturity; seeds dry"	5
4	"Flowers erect, terminal at the tip of a strict pedicel, corollas cupulate to rotate; ovaries superior; anthers free, oblong in outline, apically obtuse, dehiscing apically and appearing poricidal, filaments longer than or as long as anthers; stigmas entire; fruits blackish"	Liriope
4	"Flowers nodding, pedicels or floral tubes recurved, corollas mostly campanulate; ovaries inferior to semi-inferior); anthers more or less connate in a column, narrowly lanceolate in outline, apically narrowly attenuate-acute, dehiscing longitudinally, filaments much shorter than the anthers (anthers subsessile); stigmas 3-lobed; fruits commonly blue, sometimes blackish"	Ophiopogon
5	"Tepals [=perianth segments] free or connate for less than 1/5 their length, flared"	6
5	"Tepals united for 1/3 or more their length, forming cylindrical, bell-shaped, or urn-shaped corollas"	7
6	"Tepals white, tinged with yellow or green"	"Ornithogalum:Ornithoglum nutans"
6	"Tepals usually blue, lilac, or pink, rarely pure white"	"Scilla:Scilla griffithsii"
7	"Plants leafless at flowering time; bulbs 5-15 cm in diameter; tepals pale brown"	"Drimia:Drimia indica"
7	"Plants leafy at flowering time; bulbs less than 5 cm in diameter; perianths not pale brown"	8
8	"Petals united for less than 1/2 their length"	Dipcadi
8	"Petals united for more than 1/2 their length"	9
9	"Flowers urn-shaped, narrowed at the mouth, usually crowded; capsules not winged"	"Muscari:Muscari neglectum"
9	"Flowers tubular or bellshaped, not narrowed at the mouth, usually not crowded"	10
10	"Capsules globose, without prominent ribs; peianths 10-15 mm long; plants cultivated, not known to have escaped"	"Hyacinthus:Hyacinthus orientalis"
10	"Capsules 3-angled, prominently ribbed; perianths usually 5-10(-16) mm long; plants native"	Bellevalia
