from	statement	to
1	"Plants annual or biennial herbs"	2
1	"Plants perennial herbs"	3
2	"Flowers pink, lilac, or violet; beaks about as long as the body of the siliques, thickened"	"Chorispora tenella"
2	"Flowers yellow; beaks no more than half as long as the silique body"	"Chorispora sibirica"
3	"Flowers yellow; siliques about 10 mm long"	"Chorispora macropoda"
3	"Flowers pink or violet; siliques 15-30 mm long"	4
4	"Flowering stems very short or absent, flowers appearing to be growing directly out of the rootstock; pedicels up to 30 mm long in fruit; petals 14-16 mm long"	"Chorispora bungeana"
4	"Flowering stems conspicuous; pedicels up to 15 mm long in fruit; petals 6-10 mm long"	"Chorispora sabulosa"
