from	statement	to
1	"Leaflets large, usually 30-50 mm ong long, serrate; flowers large, showy"	"Cardamine macrophylla"
1	"Leaflets small, usually 5-15 mm long, irregularly subdentate or shallowly lobulate"	2
2	"Leaf bases (petiole bases) auricled"	"Cardamine impatiens"
2	"Leaf bases not auricled"	3
3	"Plants perennial; flowers 10 mm across, handsome, llac, pinkish, or blackish"	"Cardamine logostemonoides"
3	"Plants annual or biennial; flowers about 5 mm across, white"	4
4	"Plants usually with a simple stem and slender tap root, erect; basal leaves densely rosulate"	"Cardamine hirsuta"
4	"Plants usually with several brnches from below, ascending, without a slender tap root; basal leaves hardly or loosely rosulate"	"Cardamine flexuosa"
