from	statement	to
1	"Leaf fascicles with 5 needles"	"Pinus wallichiana"
1	"Leaf fascicles with fewer than 5 needles"	2
2	"Leaf fascicles with 2 needles."	3
2	"Leaf fascicles with 3 needles"	4
3	"Cones peduncled, slightly recurved; leaves up to 10 cm long"	"Pinus halepensis"
3	"Cones subsessile, erect; leaves about 12 cm long"	"Pinus brutia"
4	"Leaves 20-30 cm long, flexuous; wings on seeds 2-3 times the seed length"	"Pinus roxburghii"
4	"Leaves 6-12 cm long, stiff; wings on seeds shorter than the seed length"	"Pinus gerardiana"
