from	statement	to
1	"Leaves rhomboid, lower surfaces with wax deposits; sepal lobes acute to sharply acute"	"Spiraea cantoniensis"
1	"Leaves elliptic, lanceolate, oblanceolate-obovate, lower surfaces without wax deposits"	2
2	"Carpels 4-5 mm long; stems glabrescent to pubescent"	3
2	"Carpels up to 2 mm long; stems densly tomentose"	4
3	"Sepal lobes densely tomentose on both surfaceas; styles sub-terminal, bent outwards; bracteoles located just below the flowers"	"Spiraea bella"
3	"Sepals lobes glabrous on the outer surface; styles abaxial, bent inwards; braceoles in the middle of the pedicels, well below the flowers"	"Spiraea affinis"
4	"Leaf margins serrate to dentate, serrations starting from the base; tips obtuse to rounded, glandular; peduncles 5-15 mm long"	"Spiraea vacciniifolia"
4	"Leaf margins undulate or serrate or dentate more than 1/4 their length from the base; tips spiny, mucronate, acute or tridentate, glandular or not; peduncles 5-15 mm long"	5
5	"Leaf margins slightly undulate; leaf tops obtuse, mucronate, or tridentate; inflorescences compound corymbs"	"Spiraea canescens"
5	"Leaf margins dentate, dentation limited to the upper 1/3 rd or less"	6
6	"Leaves lanceolate, oblanceolate, or narrowly obovate; styles arising abaxially; petals orbicular"	"Spiraea hypericifolia"
6	"Leaves obovate; styles terminal or substerminal; petals obovate"	7
7	"Leaves narrowly obovate, about 10 mm long; carpels sessile"	"Spiraea brahuica"
7	"Leaves broadly obovate, up to 20 mm long; carpels stipitate"	"Spiraea pilosa"
