from	statement	to
1	"Infructescences more or less capitate, the fruits congested; leaves narrowly linear, 1-2 mm wide; petals about 3 mm long"	"Braya tibetica"
1	"Infructescences 1-2 cm long; leaves oblong, (2-)3(04) mm wide, with cuneate bases; petals about 4-4.5 mm long"	2
2	"Fruits 5-8 mm long, 1 mm wide, linear-oblong, obscuruely torulose; pedicels 5-7 mm long in fruit, erect"	"Braya thomsonii"
2	"Fruits 4-6 mm long, about 1.5 mm wide, elliptic oblong, subflattened, with flat valves; pedicels up to 4 mm long in fruit"	"Braya rosea"
