from	statement	to
1	"Stamens many, many more than 10"	2
1	"Stamens as many or twice as many as the number of petals"	5
2	"Stamens all united by their filaments"	3
2	"Stamens free"	Acacia
3	"Pods not circinately coiled"	4
3	"Pods circinately coiled"	Pithecellobium
4	"Valves of the pods not separating"	Albizia
4	"Valves of the pods separating from each other starting at the tip and becoming recurved"	Calliandra
5	"Anthers eglandular; pods flat, not pulpy within"	6
5	"Anthers with a glandular crest when young"	8
6	"Pods jointed, when rope the joints separating from the persistent sutures"	Mimosa
6	"Pods not jointed"	7
7	"Plants shrubs; shoots elongate, tapering, ribbed; stigmas clavate"	Desmanthus
7	"Plants small trees; shoots terete; stigmas capitate"	Leucaena
8	"Flowers dissimilar in colour and sex; pods not septate"	Dichrostachys
8	"Flowers all similar in colour and sex"	9
9	"Pods not dehiscent"	Prosopis
9	"Pods dehiscing along both sutures"	10
10	"Flowers sssile"	Indopiptadenia
10	"Flowers pedicellate"	Adenanthera
