from	statement	to
1	"Calyces cupular in bud, with a small trianglar opening at the top, splitting more or less irregularly into 3 lobes; fruits with stellate hairs, almost smooth"	"Uvaria lucida"
1	"Calyces formed of 3 distinct sepals; fruits various"	2
2	"Fruits smooth, on stipes as long or longer than their bodies; petals glabrous except for the slighty ciliate margins; leaves with obtuse tips"	"Uvaria denhardtiana"
2	"Fruits tomentose and more or less warty; stipes shorter or longer than the fruit bodies; petals pubescent; leaves with more or less acuminate tips"	3
3	"Leaves with fiarly coarse, more or less brownish stellate hairs on the lower surfaces; fruits fewer than 15, on stipes up to 5 mm long"	"Uvaria acuminata"
3	"Leaves with fine, pale stellate hairs on the lower surface; fruits more than 15, with stipes up to 17 mm long"	"Uvaria leptocladon"
