from	statement	to
1	"Racemes congested, fleshy and abbreviated, more or less covered with leaves [Gobhi, Phool gobhi, cauliflower]"	"Brassica oleracea var. botrytis"
1	"Racemes elongated, neither fleshy nor covered with leaves"	2
2	"Stems subglobosely thickened at the base of the lower leaves [Ol-gobhi, Gabthi-gobhi, Kohl-Rabi]"	"Brassica oleracea var. gongylodes"
2	"Stems not subglobosely thickened"	3
3	"Stems more or less decumbent, without  dense head of leaves"	"Brassica oleracea var. oleracea"
3	"Stems abbreviated, erect, with a dense head of leaves before flowering [Pat-gobhi, Karm kalla, cabbage]"	"Brassica oleracea var. capitata"
