from	statement	to
1	"Flowers yellow"	2
1	"Flowers white or pink-white to rose"	5
2	"Plants villous-pubescent; calyces 7-8.5 mm long; corollas glandular-punctate, from 0.5 the length of the calyces to equalling them; upper of ovaries appressed villous; capsules pilose"	"Lysimachia japonica"
2	"Plants glabrous to minutely pubescent-glandular; calyces up to 5.5 mm long; corollas not glandular, equalling or exceeding the calyces; ovaries and capsules glabrous or glandular on the tips"	3
3	"Plants erect, glandular-pubescent; upper leaves verticillate; leaves up to 12 cm long, oblong-lanceolate or elliptic ovate; corollas about 10 mm long"	"Lysimachia vulgaris"
3	"Plants more or less erect to ascendhing, usually glabrous to subglabrous, shoots sometimes minutely glandular; upper leaves opposite or alternate; leaves usually up to 8 cm long, elliptic-ovate to lanceolate or linear; corollas 4-7 mm long"	4
4	"Flowers in racemes; pedicels 3-5 mm long, up to 10 mm long in fruit; anthers sparsely glandular, stipitate; styles 3-3.5 mm long"	"Lysimachia pyramidalis"
4	"Flowers axillary, solitary or in pairs; pedicels 0.5-1 mm long, up to 3 mm long in fruit; anthers glabrous; styles about 1.8 mm long"	"Lysimachia chenopodioides"
5	"Plants perennial; flowers in short corymbs, with few flowers"	"Lysimachia prolifera"
5	"Plants annual or biennial; flowers in racemes"	6
6	"Leaves with glandular margins, plants not glandular elsewhere; filaments longer than the corolla lobes; pedicels longer than the bracts"	"Lysimachia lobelioides"
6	"Leaves landular-punctate on their lower surfaces; filaments shorter or more or less equaling the corolla lobesl pedicels as long as the bracts or shorter"	"Lysimachia dubia"
