from	statement	to
1	"Capsules broadly elliptic to fusiform, densely tomentose, pendulous"	"Impatiens balsamina"
1	"Capsules cylindtic to subclavate, gralabrous to sparsely pubescent, nodding or erect"	2
2	"Capsules erect"	3
2	"Capsules nodding"	8
3	"Flowers white, 4-6 cm long, almost spurless"	"Impatiens brachycentra"
3	"Flowers pink-white ot yellow or a mixture of both, more than 12 mm long, spurs well-developed"	4
4	"Leaves crenate or crenate-dentate; flowers yellow or pink-yellow, sometimes streaked red; spurs curved"	5
4	"Leaves sharply serrate; flowers pink-white, sometimes suffused with yellow; spurs straight"	7
5	"Stems, leaves,and capsules puberulous to glabrous; bracteoles present"	"Impatiens scabrida"
5	"Stems, leaves, and capsules glabrous; bracteoles absent"	6
6	"Flowers yellow; lower sepals conical to unnel-shapped, tapering into spurs 1-1.2 cm long"	"Impatiens edgeworthii"
6	"Flowers pink and yellow; lower sepals usually ending in spurs less than 1 cm long"	"Impatiens bicolor"
7	"Pedicels and lower sepals 18-27 mm long; flowers pink-white with some yellow; capsules 20-24 mm long"	"Impatiens balfourii"
7	"Pedicels and lower sepals 8-15(-18) mm long; flowers pink-white only; capsules up to 12 mm long"	"Impatiens flemingii"
8	"Plants 100 cm or more tall, robust; flowers pink-red or re-[urple and yellow"	9
8	"Plants up to 50 cm tall, not robust; flowers pink or pink-white and yellow"	10
9	"Upper leaves verticillate and serrate; capsules broadly clavare, 1.4-1.8 cm long"	"Impatiens glandulifera"
9	"Upper leaves alternate and crenate; capsules cylindrical, up to 3 cm long"	"Impatiens sulcata"
10	"Upper petals of the fused petal pairs with short appendages"	"Impatiens thomsonii"
10	"Upper petals of the fused petal pairs without appendages"	11
11	"Leaf serrations of dried specimens blackish; flowers pink; lower sepals with straigth spurs about 13 mm long; anterior petals orbicular-cuneate; lateral fused petal pair 10-11 mm long, the lower much prolonged"	"Impatiens meeboldii"
11	"Lweaf serrations of dried specimens not black; flowers pink, white, and yellow; lower sepals curved spurs 19-24 mm long; anterior petals orbicular, retuse; lateral fused petal pairs about 19 mm long, the lower sometimes retuse"	"Impatiens lemannii"
