from	statement	to
1	"Leaves plicately folded; panicles lax"	"Setaria palmifolia"
1	"Leaves flat; not plicately folded; panicles often spikelike"	2
2	"Panicles evidently branched"	"Setaria intermedia"
2	"Panicles spikelike, sometimes somewhat lobed"	3
3	"Spikelets not deciduous as a whole, the upper florets disarticulating at maturity above the lower lemma; plants cultivated, annual"	"Setaria italica"
3	"Spikelets deciduous as a whole"	4
4	"Bristles retorsely barbed, adhering tenaciously to clothing"	"Setaria verticillata"
4	"Bristles antrorsely barbed"	5
5	"Upper glumes equalling the upper lemmas; upper lemmas finely rugose"	"Setaria viridis"
5	"Upper glumes exceeded by the upper lemmas; upper lemmas rugose to corruate, rarely almost smooth"	"Setaria pumila"
