from	statement	to
1	"Plants shrubs, sometimes dwarf shrubs"	2
1	"Plants annual herbs, often becoming woody at the base"	3
2	"Leaves linear, 10-25 mm lon, 1.7-2.5 mm wide, flat, with whitish hyaline lines along the margins caused by 2 gaps in the chlorenchyma; fruiting branches more or less pendent; bracteoles with entire margins; flowers usually unisexual, staminate flowers funnel-shaped, pistillate flowers cylindric; plants of coastal areas"	"Suaeda monoica"
2	"Leaves of diverse shape and size, without whitish marginal lines, chlorenchyma continuous; fruiting branches erect or spreading; bracteoles erose-dentate to ciliate; flowers bisexual or pistillate, bisual flowers more or less drum-shaped; seeds in bisexual flowers horizontal, others usually vertical; plants of lowlands and the lower mountain belt"	"Suaeda fruticosa"
3	"Ovaries with 3, rarely 2 or 4,  styles inserted in the sunken centre of its truncate, collar-like top; seeds vertical or horizontal, slightly flattened, black, smooth, glossy; leaves with C4 anatomy"	4
3	"Ovaries with 2 styles inset in the acutish tops; seeds horizontal, strongly flattened, chesnut-colored, sculptured, more or less dull; leaves with C3 anatomy"	6
4	"Leaves acute or acuminate, usually with a short mucro, upper surface flat, cross-sections with a thick, hyaline water-storage tissue and internal chlorenchyma; fruiting perianths almost glubular to drum-shaped; tepal lobes more or less keeled dorsally; plants of higher mountain belts"	"Suaeda acuminata"
4	"Leaves obtuse, both surfaces convex, cross-sections with internal water storage tissue and peripheral chlorenchyma; fruiting perianths turbinate; tepal lobes convex dorsally, not keeled; plants growing from plains to higher mountain belts"	5
5	"Perianths adnate to the ovaries and pericarp on the lower 1/2-2/3; filaments inserted in a distinct rim; plants of lowlands and lower mountain belet"	"Suaeda aegyptiaca"
5	"Perianths free from the ovaries and pericap; filaments inserted individually near the tepal bases; plants of the middle and higher mountain belts"	"Suaeda arcuata"
6	"Plants usually erect; tepals more or less equal; stamens with fertile anthers 5; fruiting perianths with winglike horizontal outgrowths at base of tepal lobes, often fused into a continuous transverse band; all lobes flat dorsally; plants of higher mountain belts"	"Suaeda heterophylla"
6	"Plants usually prostrate; tepals conspicuously unequal; stamens with fertile anthers 2 or 4; fruiting perianths not winged at the base or only a few with unequal, transversewings; all lobes thickened and bulging dorsally over the midvein, in dry conditions, keel-like; plants of alpine and subalpine belts of Kashmir and Ladakh"	"Suaeda olufsenii"
