from	statement	to
1	"Plants maritime, growing in salt water"	"Halophila:Halophila ovalis"
1	"Plants growing in fresh or brackish water"	2
2	"Stems elongated; leaves cauline, most whorled, the losest opposite; inflorescences sessile"	"Hydrilla:Hydrilla verticillata"
2	"Stems short; leaves all basal, sometimes in rosettes; inflorescences pedunculate"	3
3	"Leaves without distinct petioles"	4
3	"Leaves differentiated into petioles and blade"	5
4	"Leaves parallel-sided for most of their length, obtuse; peduncles of pistillate flowers often becoming long and spirally coiled; petals minute or vestigial; ovaries neither long nor beaked"	"Vallisneria:Vallisneria spiralis"
4	"Leaves attenuate to acute apices; peduncles of pistillate flowers not becoming spirally coiled; petals large, conspicuous; ovaries long, beaked"	"Blyxa:Blyxa aubertii"
5	"Plants without stolons; stipules absent; ovaries beaked; spathes winged or spinose"	"Ottelia:Ottelia alismoides"
5	"Plants with stolons; stipules present; ovaries not beaked; spathes ribbed but neither winged nor spinose"	"Hydrocharis:Hydrocharis dubia"
