from	statement	to
1	"Keels mucronate"	2
1	"Keels not mucronate"	3
2	"Branches and leaves sparingly pilose"	"Sophora alopecuroides var. alopecuroides"
2	"Branches and leaves desnely pilose"	"Sophora alopecuroides var. tomentosa"
3	"Lateral branches and leaves ending in spines"	"Sophora moorcroftiana"
3	"Lateral branches and leaves not ending in spines"	4
4	"Young branches and leaflets not silky, glabrous or sparingly pilose"	5
4	"Young branches and leaflets silky"	"Sophora mollis subsp. Griffithii"
5	"Fruits winged"	"Sophora mollus subsp. Mollis"
5	"Fruits not winged"	6
6	"Leaflets coriaceous, leathery"	"Sophora secundiflora"
6	"Leaflets neither coriaceous nor leathery"	7
7	"Leaflets ovate to vate-lanceolate, acute"	"Sophora japonica"
7	"Leaflets eilliptical, obovate, truncate-obtuse"	8
8	"Leaflets about 1.6 cm long, about 9 mm wide"	"Sophora mollis var. duthei"
8	"Leaflets 2.5-3.7 cm long, about 15 mm wide"	"Sophora occidentalis"
