from	statement	to
1	"Staminate and pistillate flowers greatly reduced and surrounded by a gland-bearing, cup-shaped involucre; stamens  1; milky latex present"	Euphorbia
1	"Staminate and pistillate flowers reduced or not, not surrounded by a gland-bearing, cup-shaped involuce; stamens 2 or more; milky latex present or absent"	2
2	"Petals present, at least in the staminate flowers"	3
2	"Petals absent from all flowers"	8
3	"Indumentum stellate or lepidate"	4
3	"Indumentum simple, sometimes glandular"	6
4	"Fruits large, drupaceus, indehiscent"	"Aleurites:Aleurites moluccana"
4	"Fruits small, dehiscent schizocarps, the central axes usually persistent"	5
5	"Filaments free, incurved in bud"	Croton
5	"Filaments fused into a column, erect in bud"	Chrozophora
6	"Fruits indehiscent or tadily dehiscent"	"Vernicia:Vernicia fordii"
6	"Fruits rapidly dehiscent"	7
7	"Inflorescences racemose"	"Codiaeum:Codiaeum variegatum var. variegatum"
7	"Inflorescences cymose"	Jatropha
8	"Calyces of staminate flowers open in bud"	9
8	"Calyces of staminate flowers closed in bud"	10
9	"Leaves alternate"	"Sapium:Sapium sebiferum"
9	"Leaves opposite"	"Excoecaria:Excoecaria cochinchinensis var. cochinchinensis"
10	"Lobes of staminate flowers imbricate"	11
10	"Lobes of staminate flowers valvate"	12
11	"Leaves usually deeply-lobed, rarely simple"	"Manihot:Manihot esculenta"
11	"Leaves usually simple, sometimes lobed"	"Baliospermum:Baliospermum montanum"
12	"Leaves palmately lobed"	13
12	"Leaaves not lobed"	14
13	"Inflorecences paniculate; bracts soon falling; stamens branched"	"Ricinus:Ricinus communis"
13	"Inflorescences congested, subtended by 2 large, persistent, foliaceous bracts; stamens unbranched"	"Dalechampia:Dalechampia scandens var. cordofana"
14	"Plants herbs or shrubs; anthers cylindrical"	Acalypha
14	"Plants trees of shrubs; anthers subglobose to oblong"	15
15	"Leaves opposite; fruits usually drupaceous, sometimes dehiscent"	"Trewia:Trewia nudiflora"
15	"Leaves alternate; fruits dehiscent, covered with dark red, powdery granules"	"Mallotus:Mallotus philippensis"
