from	statement	to
1	"Flowers in sessile heads; bracts ciliate; berries white, sessile"	2
1	"Flowers in pedunculate heads; bracts not ciliate; berries red, pedicellate"	"Viscum cruciatum"
2	"Berries about 0.5 cm in diameter; ultimate branches slender; host plants Quercus baloot"	"Viscum dryophilum"
2	"Berries about 1 cm in diameter; ultimate branches thicker; host plants gymnosperms or dicots other than Quercus baloot"	3
3	"Plants parasitic on dicots others than Quercus baloot"	"Viscum album subsp. album"
3	"Plants parasitic on gymnosperms"	4
4	"Plants parasitic on Abies"	"Viscum album subsp. abietis"
4	"Plants usually parasitic on gymnosperms, usually Pinus, occasionally Larix or Picea"	"Viscum album subsp. austriacum"
