from	statement	to
1	"Leaves pinnatifid to pinnatisect; scapes broadly winged"	"Limonium sinuatum"
1	"Leaves entire; scape branches more or less terete"	2
2	"Leaves on woody branches, up to 2.5 cm long"	"Limonium stocksii"
2	"Leaves in basal rosette, more than 3 cm long"	3
3	"Spikelets usually with 1-2 flowers, scattered along the scape branches"	"Limonium cabulicum"
3	"Spikelets usually with more than 3 flowers, occurring in clusters along the scape branches"	4
4	"Spikelets with 3-4 flowers; petals bifid"	"Limonium macrorhabdon"
4	"Spikelets with 5-6 flowers; petals not bifid"	"Limonium gilesii"
