from	statement	to
1	"Leaves, bracts, and calyces glandular"	2
1	"Leaves, bracts, and calyces not glandular"	3
2	"Fruits uniformly hairy; glands obscure"	"Oxytropis chiliophylla"
2	"Fruits glabrous or almost so; glands conspicuous"	"Oxytropis microphylla"
3	"Fruits membranous, inflated"	4
3	"Fruits not both membranous and inflated"	6
4	"Fruits up to about 10 mm long; prow-like keel tips up to 2 mm long"	5
4	"Fruits 12-14 mm wide (when pressed); prow-like keel tips about 3 mm long"	"Oxytropis platonychia"
5	"Prow-like keel tips always more than 1 mm long, up to about 3 mm long"	"Oxytropis cachemiriana"
5	"Prow-like keel tips up to 1 m long"	"Oxytropis tatarica"
6	"Aerial stes elongated"	7
6	"Aerial stems not elongated"	9
7	"Stipules united at the base; inflorescences leaf-opposed, globose at least when young"	8
7	"Stipules not united at the base; inflorescences elongated, not globose at any stage"	"Oxytropis glabra"
8	"Subtending leaves longer or only slightly shorter than the inforescences; lateral calyx teeth 1.5-2 mm long"	"Oxytropis hypoglottoides"
8	"Subtending leaves much shorter than the inflorescences; lateral calyx teeth about 3 mm long"	"Oxytropis lapponica"
9	"At least some leaflets on each rachis veriticillate"	10
9	"No leaflets verticillate"	12
10	"Calyx teeth short er than the calux tubes"	"Oxytropis staintoniana"
10	"Calyx tetth longer than the calyx tubes"	11
11	"Leaflets 9-12 per leaf, sparsely hairy"	"Oxytropis birirensis"
11	"Leaflets 30-40 per leaf, densely hairy"	"Oxytropis chitralensis"
12	"Fruits sessile"	13
12	"Fruits stipitate"	16
13	"Prow-like tips of the keels about 2-2.5 mm long"	14
13	"Prow-like tips of the keels about 1 mm long"	15
14	"Calyces 15-16 mm long; calyx teeth about 9 mm longl banner petals 13-14 mm long; plants villous, hairs spreading"	"Oxytropis sikaramensis"
14	"Calyces about 13 mm long; calyx teeth about 4 mm long; banner perals about 21 mm long; plants velvety brown"	"Oxytropis stracheyana"
15	"Banner petals up to about 7 mm long; branches not flexuous, woody"	"Oxytropis densa"
15	"Banner petals about 9 mm long; branches spreading, flexuous"	"Oxytropis savellanica"
16	"Calyx teeth up to 5 mm long"	17
16	"Calyx teeth 6-8 mm long"	"Oxytropis gloriosa"
17	"Calyces more than 4 mm long; banner petals at least 9 mm long"	18
17	"Calyces about 4 mm long; banner petals 6-7 mm long"	"Oxytropis crassiuscula"
18	"Calyx teeth equal to the cayx tubes; prolike keel tips about 2.5 mm long"	"Oxytropis luteo-caerulea"
18	"Calyx teeth shorter than the calyx tubes;"	19
19	"Calyx teeth up to 2 mm long; calyx tubes 3.5-4 mm long; prow-like keel tips less than 1 mm long"	20
19	"Calyx teeth at least 2.5 mm long"	21
20	"Stipules uniformaly pubescent externally; petioles up to 4.5 cm long; leaflets 4-10 mm long, 1-4 mm wide; peduncles 1.5-30 cm long"	"Oxytropis immersa var. jinaliensis"
20	"Stipules whitish, paper, glabrous or scantily pubescent; petioles 5-12 mm long; leaflets 2-6 mm long, less than 2 mm wide; peduncles up to 6.5 cm long"	"Oxytropis immersa var. immersa"
21	"Leaflets up to 7 mm long, usually no more than 2.5 mm wide"	"Oxytropis humifusa"
21	"Leaflets more than 7 mm long and usually more than 2.5 mm wide"	"Oxytropis mollis"
