from	statement	to	shortcut
1	"Anther cells not connected via translators; pollen not forming pollinia; staminate corona absent; gynoecia sometimes with ovaries partly or wholly united below the stigmatic head"	2	
1	"Anther cells from adjacent stamens connected via translators; pollen usually coherent and forming pollinia; staminate coronas usually well-developed, rarely absent; ovaries united only by the thickened head"	20	
2	"Corona present"	3	
2	"Corona absent"	5	
3	"Leaves whorled or opposite; anthers more or less exserted"	4	
3	"Leaves alternate, including spiral; anthers included"	Cascabela	"Cascabela thevetia"
4	"Corona petaloid"	Nerium	"Nerium oleander"
4	"Corona scale-like"	Wrightia	
5	"Anthers connivent with stigma"	6	
5	"Anthers not connivent with stigma"	10	
6	"Plants erect perennial herbs or small shrubs; stigmas 2-lobed, columnar or sub-globose"	Trachomitum	"Trachomitum venetum subsp. scabrum"
6	"Plants erect or climbing shrubs or trees; stigmas not 2-lobed, columnar or fusiform"	7	
7	"Flowers in terminal axilalary cymes"	8	
7	"Flowers in various types of racemes"	Vallaris	"Vallaris solanacea"
8	"Corollas rotate or salverform; stigmas columnar"	9	
8	"Corollas campanulate or funnel-shaped; stigmas fusiform"	Beaumontia	"Beaumontia grandiflora"
9	"Corolla lobes deflexed; corolla tubes inflated in the centre; seeds beaked; plants wild"	Ichnocarpus	"Ichnocarpus frutescens"
9	"Corolla lobes obliquely truncate; coroall tubes inflated that the top; seeds not beaked; plants cultivated"	Trachelospermum	
10	"Fruits follicles or capsules"	11	
10	"Fruits berrylike drupes"	18	
11	"Plants herbs or small shrubs"	12	
11	"Plants trees of large shrubs"	13	
12	"Corollas salverform; flowers 1-3, axillary"	Catharanthus	"Catharanthus roseus"
12	"Corollas funnelform; flowers solitary, axillary"	Vinca	"Vinca major"
13	"Seeds winged"	14	
13	"Seeds not winged"	16	
14	"Calyces eglandular inside and out"	15	
14	"Calyces glandular on the outside, eglandular inside"	Plumeria	
15	"Corollas salverform; fruits follicles; plants wild"	Rhazya	"Rhazya stricta"
15	"Corollas campanulate or funnel-shaped; fruits capsules; plants cultivated"	Allamanda	"Allamanda cathartica"
16	"Leaves opposite; calyces glandular inside"	17	
16	"Leaves whorled; calyces eglandular inside"	Alstonia	
17	"Stamens inserted near the base of the corolla tube; corolla throats contracted"	Holarrhena	"Holarrhena pubescens"
17	"Stamens inserted at or above the middle of the corolla tube; corolla throats not contracted, inflated near the middle or at the top"	Tabernaemontana	"Tabernaemontana divaricata"
18	"Discs absent"	19	
18	"Discs present"	Rauvolfia	"Rauvolfia serpentina"
19	"Calyces 5-lobed; stigmas fusiform or columnar"	Carissa	
19	"Calyces polysepalous; stigmas 2-lobed, pointed"	Acokanthera	"Acokanthera oblongifolia"
20	"Stems thick and fleshy; plants cactus-like"	Ceropegia	
20	"Stems not thick and fleshy; plants not cactus-like"	21	
21	"Plants erect"	22	
21	"Plants climbing or scrambling"	30	
22	"Filaments usually free; anthers acuminate or with a terminal appendage; pollen masses granular, in pairs in each cell"	Periploca	
22	"Filaments conate; pollen masses waxy"	23	
23	"Anthers with expanded, membranous tips; pollen masses sessile or pedicellate in pairs on the corpuscules, pendulous"	24	
23	"Anthers  without membranous tips; pollen masses sessile in pairs on the corpuscules"	29	
24	"Coronas double or with appendages on their inner surface"	Cynanchum	
24	"Coronas single, without appendages on their inner surface"	25	
25	"Follicles echinate"	Glossonema	"Glossonema varians"
25	"Follicles smooth"	26	
26	"Plants usually leafless shrubs or with leaves 6-7 mm long"	Periploca	
26	"Plants with normal leaves"	27	
27	"Corolla lobes twisted"	Vincetoxicum	
27	"Corlla lobes not twiseted, valvate"	28	
28	"Corona processes laterally compressed; plants shrubs or small trees; leaf bases cordate"	Calotropis	
28	"Corona processes spathulatel plants herbs; leaf bases tapering"	Asclepias	"Asclepias curassavica"
29	"Calyces turbinate, 5-lobed; corollas rotate"	Leptadenia	"Leptadenia pyrotechnica"
29	"Calyces 5-partite; corollas salverform"	Orthanthera	"Orthanthera viminea"
30	"Filaments usually free; anthers acuminate or with terminal appendages; pollen masses granular, in pairs in each cell"	31	
30	"Filaments connate into a tibe; pollen masses waxy"	34	
31	"Coronal scales connate into a lobed ring"	Periploca	
31	"Coronal scales corolline, free, short, thick"	32	
32	"Corolla lobes not twisted, valvate; corolla rotate"	Hemidesmus	"Hemidesmus indicus"
32	"Corolla lobes twisted or imbricate"	33	
33	"Corollas 1-1.4 cm long, rotate"	Cryptolepis	"Cryptolepis dubia"
33	"Corollas 5-6 cm long, funnel-shaped"	Cryptostegia	"Cryptostegia grandiflora"
34	"Anthers with a membranous appendage"	35	
34	"Anthers without a membranous appendage, incumbent"	Ceropegia	
35	"Pollen masses pendulous"	36	
35	"Pollen masses usually erect, sometimes horizontal, never pendulous"	43	
36	"Coronas double"	37	
36	"Coronas single"	40	
37	"Follicles echinate"	Pergularia	
37	"Follicles smooth"	38	
38	"Plants trailing, leafless shrubs"	Sarcostemma	
38	"Plants twining leaf shrubs or herbs"	39	
39	"Corona tips curved over the stigmas; corollas divided half their length"	Oxystelma	"Oxystelma esculentum"
39	"Coron tips not curved over the stigmas; corollas divided more than half their lenth"	Cynanchum	
40	"Coronas 5-lobed"	41	
40	"Coronas 10-lobed"	42	
41	"Corona segments extended at the base into a spur and at the top into a slender tip"	Pentatropis	
41	"Corona segments without a spur and without a slender tip"	Vincetoxicum	
42	"Corollas more than 10 mm long"	Holostemma	"Holostemma ada-kodien"
42	"Corollas up to 5 mm long"	Cynanchum	
43	"Corolla lobes twisted"	44	
43	"Corolla lobes valvate"	Hoya	"Hoya longifolia"
44	"Corona lobes tubercle-like and entirely adnated to the staminal column or radiating from its base"	Tylophora	
44	"Corona lobes with their basal part adnate to the staminal column, shortly free distally"	45	
45	"Corona lobes without an apical tooth or appendage arising from their inner surface"	Marsdenia	"Marsdenia roylei"
45	"Corona lobes with an apical tooth or an appendage arising from their inner surface"	46	
46	"Corona lobes with their free part expanded and with a linear appendage arising from the inner surface; corolla tubes inflated at the base"	Telosma	"Telosma cordata"
46	"Corona lobes with an apical tooth projecting horizonatlly inwards; corolla tubes not inflated at the base"	Dregea	
