from	statement	to
1	"Stamens very long, greatly exceeding the petals"	2
1	"Stamens not very long, hardly exceeding the petals"	3
2	"Stamens 7-13 cm long, sepals hairy on the margins; flowers yellow"	"Caesalpinia gilliesii"
2	"Stamens shorter than 7.5 cm long; sepals glabrous; flowers red, red and yellow, or yellow"	"Caesalpinia pulcherrima"
3	"Pods prickly"	"Caesalpinia bonduc"
3	"Pods not prickly"	4
4	"Plants climbing shrubs with prickleson the stems and rachises"	"Caesalpinia decapetala"
4	"Plants large shrubs or trrws, without prockles"	5
5	"Blades with 2-4 pairs of pinnae, each with 4-5 pairs of leaflets, these elliptic to obovate; inflorescences elongated racemes"	"Caesalpinia ferrea"
5	"Blades with more than 4 pairs of pinnae, each with 10 pairs of leflets, these oblong; inflorescences axillary and terminal dense panicles"	"Caesalpinia coriaraiia"
