from	statement	to	shortcut
1	"Stems jointed"	2	
1	"Stems not jointed"	6	
2	"Perianth segments winged in fruit; plants with prominent tufts of white hairs in leaf axils and/or at the base of flowers or glomerules"	3	
2	"Perianth segments not winged in fruit; plants without tufts of hairs in leaf axils, blabrous or slightly papillose"	4	
3	"Seeds vertical; plants annual-pernnial herbs or subshrubs"	Anabasis	
3	"Seeds horizontal; plants shrubs to small trees (some growning in sand)"	Haloxylon	
4	"Stems papillose, at least when young; scale-like leaves with a papillose fringe at the tip; perianth segments united for about 3/4 their length"	Halostachys	"Halostachys belangerana"
4	"Stems glabrous, without papillae; scale-like leaves without a papillose fring; perianth segments united only at the base"	5	
5	"Stems with numerous, opposite globular buds giving rise to spreading branches; intrnodes about 3 mm long; spikes prominently 4-sided"	Halocnemum	"Halocnemum strobilaceum"
5	"Stems without lateral globular buds; internodes 5-7 mm longl spikes cone-like, not 4-sided"	Arthocnemum	
6	"At least some part of the plants with branched hairs, either stellate-dendroid, candelebra-like, or irregularly 2-branched"	7	
6	"Hairs, if present, simple or plants barbellate, papillose, with a meal-like bloom or glabrous"	13	
7	"Flowers unisexual, plants monoecous; pistillate flowers without perianths, subtended by 2 foliaceous bracts"	8	
7	"Flowers bisexual with clearly developed perianth segments"	10	
8	"Plants annual; bracts in fruit without silky hairs, grey-green"	9	
8	"Plants shrubs; bracts in fruit densely covered with long silky hairs, tawny when dry"	Krascheninnikovia	"Krascheninnikovia ceratoides"
9	"Pistilllate flowers with 3-partite perianthes; valves without horn-like projections; branches alternate"	Axyris	
9	"Pistillate flowers without perianths; valves with horn-like projects; brnches alternate and opposite"	Ceratocarpus	"Ceratocarpus arenarius"
10	"Fruiting perianths with 5 distinct wings; plants dwarf shrubs"	Salsola	
10	"Fruiting perianths without wings; plants annuals"	11	
11	"Perianth segments 5, conspicuous, showy, white-rosy; branched hairs present"	Anthochlamys	"Anthochlamys polygaloides"
11	"Perianth segments 1-5, inconspicuous"	12	
12	"Leaves spine-tipped, stiff; inflorescences distinctly spiny; perianth segments 1 but 3-lobed"	Agriophyllum	"Agriophyllum latifolium"
12	"Leaves not or scarcely mucronate, herbaceous; inflorescences not spiny; perianth segments present or absent, never 3-lobed"	Corispermum	
13	"Leaf axils and base or flowers or glomerules with more or less dense tuft of white hairs, plants otherwise glabrous or with scabrous papillae; embryos spiral"	14	
13	"Leaf axils, flowers, and glomerul bases glabrous or with only a few hairs, plants otherise eith glabrous, with hairs, papillae, or a meal-like bloom; embryos spiral, horse-shoe-chaped, annular, or curved"	22	
14	"Leaves all opposite"	15	
14	"Leaves all aternate or the lowest opposite"	16	
15	"Plants glabrous; stems shiny or not; leaves obtuse, without a bristle or mucro; seeds horizontal"	Seidlitzia	"Seidlitzia florida"
15	"Plants with at least partly scabrous; leaves spiny or mucronatel seeds horizontal or vertical"	Girgensohnia	"Girgensohnia oppositifolia"
16	"Perianth segments in fruit fused and indurated, with 1(-2) prominent long sturdy spinesl leaves often represented only by hard spines"	Cornulaca	
16	"Perianth segments winged in fruits, without spines; leaves herbaceous"	17	
17	"Fruiting perianths thickened and indurated below the wings"	Halothamnus	
17	"Fruiting perianths neither thickened nor nidurated"	18	
18	"Perianths deeply 5-lobed; lobes membranous in flower"	Noaea	"Noaea major"
18	"Perianths with 5 segments, these free or nearly so"	19	
19	"Stems green with white or purple lines, often angular"	Salsola	
19	"Stems whitish throughout, more or less terete"	20	
20	"Plants perennial; flowers with only 3(-4) perianth segments winged in fruil seeds vertica"	Agathophora	"Agathophora alopecuroides"
20	"Plants annual or perennial; all 5 perianth segments winged in fruit"	21	
21	"Plants dwarf annuals; wings developing near the tip of the perianth segments"	Halogeton	
21	"Plants taller annuals or perennials; wings present in lower half of perianth segments"	Salsola	
22	"Stamens with prominent, yellow, cream, pink, or purple vesicles or appendages near the top of the connectives"	23	
22	"Stamens without or with short and inconspicuous apical extensions on the thecae"	27	
23	"Fruiting perianth segments winged, in flower segments with a transverse line"	Salsola	
23	"Fruiting perianth segments without wings, in flower without a transverse line"	24	
24	"Perianth segments and/or subtending leaf-like bracts not coalescing in fruit"	25	
24	"Perianth segments and/or subtending leaf-like bracts coalescing in fruit"	26	
25	"Plants perennial; leaves without terminal bristle-like hairs"	Salsola	
25	"Plants annuals; leaves with 1-few terminalbristle-like hairs"	Halocharis	
26	"Perianth segments not or scarcely indurate in fruit, subtending bracts indurate, together the two sets of structures forming a nutlike disseminul, 2-horned or not"	Gamanthus	"Gamanthus gamocarpus"
26	"Perianth segments basally indurate and coalescing in fruit to form a flask-like disseminule, not 2-horned"	Halimocnemis	
27	"Perianth segments developing at least some distinct terminal or lateral spreading wings, spines, or preotruberances"	28	
27	"Perianth segments in fruit without wings, spines, and protruberances"	36	
28	"Plants with distinct hairs, usually barbellate"	29	
28	"Plants without hairs or with villous hairs only in the leaf axils, sometimes with papillae or vesicles"	32	
29	"Fruiting perianths with straight or uncinate spiny outgrowths"	Bassia	
29	"Fruiting perianth segments winged or with horn-like outgrowths"	30	
30	"Leaves semi-terete to tereet; seeds usually horizontal, rarely vertical; embryos spiral"	Salsola	
30	"Leaves flat; seeds vertical or horizontal; embryos annualr or horseshoe-shaped"	31	
31	"Seeds vertical; fruiting perianth segments with apical horns or wings"	Panderia	"Panderia pilosa"
31	"Seeds horizontal; fruiting perianth segments variously winged"	Kochia	
32	"Plants annuals; all leaves opposite"	Girgensohnia	
32	"Plants annual or perennial; all or at least some of the upper leaves alternate"	33	
33	"Peranths deeply 5-lobed, lobes membanous in flower and dorsally winged in fruit; seeds vertical"	Noaea	"Noaea major"
33	"Perianths not as above; seeds horizontal"	34	
34	"Fruiting perianth lobes united, forming a regular, circular wing; plants very fleshy, sturdy annuals"	Bienertia	"Bienertia cycloptera"
34	"Fruiting perianths not forming an undivided circular wing; plants fleshy or not, annual or perennial"	35	
35	"Fruiting perianths thickened and strongly indurated below the wings"	Halothamnus	
35	"Fruiting perianths not or scarcely indurate below the wings"	Salsola	
36	"Hairs clearly present on at least some parts of the plants"	37	
36	"Plants lacking hairs, sometimes with a mealy indumentum or with scabridities"	39	
37	"Plants dwarf shrubs with ery dense clusters of basal, linear, rigid leaves; hairs barbellate; perianth segments 4; stamens 4"	Camphorosma	"Camphorosma monspeliaca"
37	"Plants annual or perennial herbs; leaves not basally clustered; hairs barbellate or not; perianth segments and stamens usually 5"	38	
38	"Perianths showy with rosey-white petaloid lobes;fruits erect, strongly flattened"	Anthochlamys	
38	"Perianth segments inconspicuous, scarius, membtanous; fruits horizontal or erect"	Chenopodium	
39	"Plants with a mealy indumentum or scabrous"	40	
39	"Plants usually smooth and without a mealy indumentum, rarely with a few scattered hairs"	44	
40	"Leaves opposite, sessile, scabrous, margins scarious towards the base,"	Girgensohnia	
40	"Leaves alternate or opposite, petiolate, with a mealy bloom, not scarious at the base"	41	
41	"Plants monoecious, all flowers unisexual"	42	
41	"Plants with both bisexual flowers and some pistillate flowers"	43	
42	"Pistillate flowers enclosed by 2 fused foliacous bracts"	Atriplex	
42	"Several pistillate flowers borne at the base of each foliaceous bract"	Microgynoecium	"Microgynoecium tibeticum"
43	"Flowers solitary or sessile in upper leaf axils"	Noaea	"Noaea major"
43	"Flowers in panicles or arranged in dense cymose clusters (glomerules("	Chenopodium	
44	"Leaves terete, sessile"	45	
44	"Leaves with a more or less broad, flat blade"	47	
45	"Flowers in groups of 3 and immesed in fleshy spikes"	Halopeplis	"Halopeplis perfoliata"
45	"Flowers solitary or in leaf axils"	46	
46	"Flowers with 2 small bracteoles"	Suaeda	
46	"Flowers with 2 leaf-like bracts"	Noaea	"Noaea major"
47	"Ends of sterile branches somewhat spiny; plants annuals with coarsely toothed leaves"	Acroglochin	"Acroglochin persicarioides"
47	"Sterile branches not spiny; plants annuals or perennials; leaves with entire to dentate margins or lobed"	48	
48	"Leaves dentate, often hastate; flowers in dense clusters, often berry-like; perianth segments not hardening in fruit"	Chenopodium	
48	"Leaves entire to sinuately lobed; perianth sgments and bracteoles coalescing and hardening in fruit"	49	
49	"Flowers bisexual; leaves enture, sometimes with a wavy margin"	Beta	"Beta vulgaris"
49	"Flowers unisexual; plants unisexual; leaves usually lobed"	Spinacia	
