from	statement	to
1	"Inflorescences capitate, subtended by 4 conspicuous petaloid bracts; fruits of individual flowers fused, forming a compound, somewhat fleshy fruit"	"Cornus capitata"
1	"Inflorescences unbellate, paniculate, or corymbose cymes; bracts inconspicuous; fruits of each inflorescence separate"	2
2	"Leaves evergreen, leathery; flowering in autmn or winter; bracts at base of inflorescence branches, often persisting until flowering"	"Cornus oblonga"
2	"Leaves usually deciduous and papery; flowering in spring and early summer; bracts distal to the base of the inflorescence branches and adnate to them, soon falling"	3
3	"Leaf blades 9-16(-18) cm long, with 5-8 large veins, small veins conspicuous; stigmas capitate, wider than the styles"	"Cornus macrophylla"
3	"Leaf blades 3.3-8 cm long, usually with 4 veins, sometimes 3 or 5, small veins inconspicuous; stigmas capitate but not wider than the styles"	"Cornus koehneana"
