from	statement	to
1	"Labella slipper-shaped; fertile anthers 2"	Cypripedium
1	"Labella not slipper-shaped; fertile anthers 1"	2
2	"Plants saprophytic, leafless or autotrophic with rudimentary leaves; stems with pale brown or greenish sheaths"	3
2	"Plants autotropic, with well-developed, green leaves"	7
3	"Sepals and petals fused, bell-shaped"	Gatrodia
3	"Sepals and petals free, more or less spreading"	4
4	"Flowers twisted at the base; labella lowermost petal in flowers (resupinate)"	5
4	"Flowers not twisted at the base; labella uppermost petal in flowers (not resupinate)"	Epipogium
5	"Rhizomes short, with clusters of fleshy roots; labella green to dark-olie green"	Neottia
5	"Rhizomes creeping and branched; labella whitish with red spots"	6
6	"Rhizomes much branched, coralloid; inflorescences with up to 12 flowers; flowers pendent, small; sepals about 5 mm long"	Corallorhiza
6	"Rhizomes not much branched, thick; inflorescences with 2-5(-8) flowers; flowers erect-spreading, large; sepals about 25 mm long"	Cymbidium
7	"Plants with palmate tuberoids"	8
7	"Plants with entire tuberoids, tuberous corms, or rhizomes"	10
8	"Spurs saccate, mucher shorter than the ovaries, about 2 mm long"	Coeloglossum
8	"Spurs sylindric, about as long as the ovaries, about 8-12 mm long"	9
9	"Viscid glands of pollina enclosed in pouches (bursicula)"	Dactyloprhiza
9	"Viscid glands of pollinia not enclosed in pouches"	Gymnadenia
10	"Plants with entire tuberoids or tuberous corms"	11
10	"Plants with rhizomes"	16
11	"Labella not spurred, sometimes more or less conically hollowed at base"	12
11	"Labella with 1 or 2 spurs"	13
12	"Leaves solitary or few, spathulate or lanceolate to linear, contemporaneous with flowers on terminal inflorescences"	Herminium
12	"Leaves solitary, roundish, with cordate bases, appearing after inflorescence bearing scapes"	Nervilia
13	"Flowers not resupinate, labella uppermost petal in flowers, 2-spurred"	Satyrium
13	"Flowers resupinate, labella lowermost petal in flowers, 1-spurred"	14
14	"Stigmas 2, on distinct procees"	Habenaria
14	"Stigmas sessile, cushionlike, more or less confluent"	15
15	"Flowers 2-3 mm in diameter; spurs about 1 mm long; anther canals short; staminodes filiform elongate"	Diphylax
15	"Flowers 6-10 cm in diameter; spurs more than 8 mm long; anther canals more or less elongated; staminodes small, globose"	Pecteilis
16	"Labella divided into two distinct parts, a large, wide lower part and a distinctly smaller and narrower upper part"	17
16	"Labella not divided into two distint parts, sometimes lobed"	18
17	"Ovaries with short, twisted pedicels; flowers more or less pendulous"	Epipactis
17	"Ovaries more or less sessile; flowers erect"	Cephalanthera
18	"Stem bases thickened into leafy corms (pseudobulbs)"	19
18	"Stem bases not thickened"	21
19	"Plants robust; leaves 2-4, papery; flowers showy, lilac or orange -red and white"	Calanthe
19	"Plants selnder; leaves 4-8, membranceous; flowers small, unpretentious, green or greenish lilac"	20
20	"Flowers twisted at the base; labella lowermost petal in flowers (resupinate)"	Liparis
20	"Flowers not twisted at base; labella uppermost petal in flowers (not resupinate)"	Malaxis
21	"Roots fusiform, fleshy; flowers appearing spirally arranged, in a single row on twisted inflorescence axes"	Spiranthes
21	"Roots fibrous; flower not appearing spirally arranged, the inflorescence axes straight"	22
22	"Rhizomes elongated into irregularly shaped ovoid or oblong corms; flowering stems (scapes) distinct from leaf-bearing stems, both arising from the same corm"	23
22	"Rhizomes not producing corms; leaves and flowers on the same stems"	24
23	"Pollinia 2; leaves produces at the same time or after the flowers"	Eulophia
23	"Pollinia 4; leaves produced with the flowers"	Oreorchis
24	"Rhizomes creeping; leaves more or less basal, petiolate; inflorescences secund, the flowers appearing 1-ranked"	Goodyera
24	"Rhizomes short, ascending; leaves cauline, sessile, parallel-veined; inflorescences not secund, the flowers clearly in more than 1 rank"	25
25	"Leaves 2, broad, subopposite at about midstem"	Listera
25	"Leaves numerous, linear lanceolate, very crowded"	Zeuxine
