from	statement	to
1	"Plants perennial herbs with a horizontal rootstock or rhizomes"	2
1	"Plants annual herbs without a horizontal rootstock or rhizome"	4
2	"Corolla tubes glabrous distally; style branches black or dark brown; pappuses 7-8 mm long"	"Crepis kashmirica"
2	"Corolla tubes hairy distally; styles branches yellow; pappuses 4-6 mm long"	3
3	"Stems glabrescent to glabrous; involucresa 8-10 mm long, 4-5 mm wide; basal leaves with length 3-4 times their length; pappuses 5-6 mm long"	"Crepis aitchisonii"
3	"Stems sparsely glandular hairy to glabrous; involucres 7-9 mm long, 2-5 - 3 mm wide; pappuses about 4 mm long"	"Crepis multicaulis"
4	"Capitula with 13-15 florets; cypselas monomorphic although central ones a little smaller"	"Crepis pulchra"
4	"Captula with more than 15 florets; cypselas monomorphic, dimorphic, or trimorphic"	5
5	"Receptacles ciliate; cypselas trimorphic but all beakless"	"Crepis sancta"
5	"Receptacles glabrous; cypselas dimorphic, at least some beaked"	6
6	"All cypselas beaked, inner ones straw-colored"	"Crepis kotschyana"
6	"Outer cyselas beakless, central ones beaked, brown"	"Crepis thomsonii"
