from	statement	to
1	"Plants trees; leaflets oval to ovate; stipules inconspicuous; fruits black"	"Sambucus nigra"
1	"Plants mostly herbaceous but with woody bases; leaflets lanceolate; stipules leafy; fruits orange or black"	2
2	"Fruits 4-5 mm in diameter, initially orange to orange-red, eventually becoming black; inflorescences 5-10 across; native to the Himalayas"	"Sambucus wightiana"
2	"Fruits 5-6 mm in diameter, dark purple to black; inflorescences 10-15 cm in diameter; native to Europe, extending to the southern shore of the Black Sea, probably not present in Pakistan"	"Sambucus ebulus"
