from	statement	to	shortcut
1	"Leaves distinctly succulent, their margins often toothed; tepals united for at least half their length; plants cultivated"	Aloe	"Aloe vera"
1	"Leaves not succulent or only slightly so, their margins entire; tepals free or united less than a quarter their length; plants wild or cultivated"	2	
2	"Inflorescences of solitary flowers or helicoid cymes; flowers more than 4 cm long, slightly bilaterally symmetric; filaments unequal; plants cultivated"	Hemerocallis	"Hemerocallis fulva"
2	"Inflorescences simple or compound racemes or spikes; flowers up to 2 cm long, radially symmetric; filaments equa; plants native"	3	
3	"Pedicels articulated below the flowers; stamens not exceeding the tepals; filaments expanded at the base; anthers basifixed"	"Asphodelus {Asphodelus tenuifolius]"	
3	"Pedicels not articulated below the flowers; stamens exceeding the tepals; filaments not expanded at the base; anthers basifixed"	Eremurus	
