from	statement	to
1	"Plants densely branched from the base, each branch 4-5 times dichotomously branched, branches, entangled, gradualy thinner towards the op, about 1 mm in diameter; cypselas 7-10(-12) mm long"	"Koelpinia tenuissima"
1	"Plants with few branches, usually simple or 2-3 times dichotomously branched, branches straight or slightly entangeld; cypselas (8-)10-25 mm long"	2
2	"Cypselas 15-25 mm long, outer cypselas slightly curved to straight with small, sparse spinules on the dorsal surface"	"Koelpinia turanica"
2	"Cypselas 8-16 mm long, usually deeply curved with longer, dense, stout spinules on the dorsal surface"	"Koelpinia linearis"
