from	statement	to
1	"Leave alternate or spirally arranged; flowers showy and more or less bilaterally symmetric; styles defelexed, at least before the anters dehisce; floral tube absent"	2
1	"Leaves opposite or whorled, at least below; flowers radially symmetric; styles rarely deflexed; flora tubes 0.5-3 mm long"	4
2	"Inflorescences not leafy, with many flowers; plants 30-250 cm tall, erect; seeds smooth, 1-1.5 mm long"	"Epilobium angustifolium"
2	"Inflorescences leafy, with 1-7(-12) flowers; plants 4-70 cm tall, more or less decumbent; seeds papillose, 1.3-2.5 mm long"	3
3	"Stems densely strigose; styles hairy near their bases"	"Epilobium latifolium subsp. speciosum"
3	"Stems usually glabrescent; styles glabrous"	"Epilobium latifolium subsp. latifolium"
4	"Stigmas distinctly 4-lobed; stems covered with long spreading hairs"	5
4	"Stigmas entire, clavate to capitte; stems almost glabrous or covered with short, incurved or glandular hairs"	6
5	"Leaves distinctly clasping; petals 6-20 mm long, purplish"	"Epilobium hirsutum"
5	"Leaves subsessile but not slcaping; petals 3.2-9 mm long, pink"	"Epilobium parviflorum"
6	"Cauline leaves linear or narrowly lanceolate, subentire; seeds 1.4-2.2 mm long, with a prominent beak at one end"	"Epilobium palustre"
6	"Cauline leaves narrowly lanceolate to ovate, serrulate; seeds 0.7-1.5 mm long, at most shortly beaked"	7
7	"Flowers 3-4.5 mm long, ovaries white-canesent; seeds with a short pellucid beak"	"Epilobium minutiflorum"
7	"Flowers mostly over 4 mm long or, if shorter, seeds not beakedl ovaries pubesent or not but not short canescent"	8
8	"Stems pubescent all around throughtout their length, without distinct lines of hairs running down from the petioles"	9
8	"Stems not pubescent all round, sometimes so on the upper portion but then with distinct lines of hair decurrent from the petioles"	10
9	"Pubescence of the stems and inflorescences mostly strigose"	"Epilobium royleanum"
9	"Pubescence of stems and inflorescences mostly glandular"	"Epilobium royelanum f. glandulosum"
10	"Leaves narrowly lanceolate, subcoriaceous, coarsely serrulate"	11
10	"Leaves lanceolate or broader, rarely subcoriaceous, moderately serrulate to subentire"	13
11	"Decurrent lines of hairs strongly strigillose; leaves subsessile; seeds coarsely papillose"	"Epilobium tetragonum"
11	"Stems without decurrent lines of hairs or the lines only sparsely strigillose; leaves evidently petiolate; seeds low papillose or smooth"	12
12	"Seeds papillose"	"Epilobium cylindricum"
12	"Seeds smooth or with small pits or depressions"	"Epilobium tibetanum"
13	"Plant bases with more or less leafy shoorts, these ascending or decumbent, clumped and/or basally branched; lacking scales"	14
13	"Plant bases with fleshy turions which after splitting off leave scales; stems more or less erect, at least on the lower portion"	17
14	"Plants 15-30 cm tall, cespitose, often delicate"	15
14	"Plants 6-65 cm tall, more ascending or almost erect"	16
15	"Seeds papillose; leaves subsessile; flowers rose-colored; plants subglabrous"	"Epilobium leiophyllum"
15	"Seeds smooth, leaves petiolate; flowers white or pink; at least the inflorescences strigillose"	"Epilobium pseudobascorum"
16	"Flowers white; mature pedicels mostly longer than 1 cm; decurrent lines and inflorescences strigillose"	"Epilobium amurense subsp. Laetum"
16	"Flowers rose-purple to pink; pedicels mostly shorter than 1 cm; stems subglabrous"	"Epilobium royleanum f. glabrum"
17	"Flowers 6-14 mm long; seeds 1.1-1.5 mm long; pedicels usually shorter than 5 mm in fruit"	18
17	"Flowers less than 6 mm long; seeds shorter than 1.1 mm; pedicels 5-20 mm long in fruit"	19
18	"Flowers 10-14 mm long; stigmas often exceeding the anthers; leaves ovate, sharply serrulate"	"Epilobium laxum"
18	"Flowers less than 10 mm long; stigmas about equaling the anthers; leaves elliptic, often narrow, scarcely denticulate"	"Epilobium glaciale"
19	"Inflorescences erect; leaves crowded, subsessile, 1.5-2.5 cm long; plants less than 20 cm tall"	"Epilobium chitralense"
19	"Inflorescences suberect or nodding, at least in bud; leaves petiolate, most longer than 2.5 cm; plants usually taller than 20 cm"	20
20	"Leaves lanceolate, 3-6 cm long; petals 4-6 mm long,; seeds coarsely papillose"	"Epilobium rhynchospermum"
20	"Leaves narrowly ovate, 1.5-3.5 cm long; petals 3-4.2 mm long; seeds finely papillose"	"Epilobium aitchisonii"
