from	statement	to
1	"Folia glands absent"	2
1	"Foliar glands present on the leaf rachises"	13
2	"Three stamens at least twice as long as the others, with deeply, twice curved filaments which are may times as long as the anthes; anthers finally longitudinally splitting, not distinctly basifixed; transverse septa of the pods entire (subg. Cassia)"	3
2	"All stamens nearly equally short although 2 or 3 often sometimes slightly longer than the others; filaments shorter than or as long as their anthers; anthers opening by a single or double terminal pores, basifixed; transverse septas of the fruits entire or not (subg. Senna)"	7
3	"Petals yellow to golden; bracts very small, falling off long before flowers appear"	"Cassia fistula"
3	"Petals pink or red, fading to buff, orange, or white; bracts persisting until the flowers open"	4
4	"Ovaries glabrous; leaflets oblong"	"Cassia renigera"
4	"Ovaries pubescent; leaflets varied"	5
5	"Petals up to 1.5 cmlong; filaments not swollen in the middle"	"Cassia roxburghii"
5	"Petals (1.5)2-3.5 cm long; filaments markedly swollen in the middle"	6
6	"Stipules about 5 mm long, narrow, not leafy; leaflets usually acute"	"Cassia nodosa"
6	"Stipules 12-15 mm long, leafy; leaflets usually obtuse"	"Cassia javanica"
7	"Leaflets 5 cm or more long"	"Cassia alata"
7	"Leaflets less than 5 cm long"	8
8	"Stipules 1-2.5 cm long, about 5 mm wide, acuminate"	"Cassia didymobotrysa"
8	"Stipules about 7 mm long or shorter"	9
9	"Leaflets acute"	"Cassia senna"
9	"Leaflets obtuse"	10
10	"Plants trees; inflorescences panicles of corymbs"	"Cassia siamea"
10	"Plants herbs or undershrubs; inflorescences racemes"	11
11	"Pods without ridges on the valces"	"Cassia holosericea"
11	"Pods with ridges on the valves"	12
12	"Petioles 1-3.5 cm long; racemes 6-23 cm long, longer or equal to the subtending leaves; sepals 8-13 mm long; petals 9-20 mm long"	"Cassia italica subsp. italica"
12	"Petioles 1-2.5 cm long; racemes 2-8 cm long, shorter than the subtending keaves; sepals 5-8 mm long; petals 8-9 mm long"	"Cassia italica subsp. micrantha"
13	"Sepals blunt or rounded; leaflets in few or many pairs, very rarely narrow; pods indehiscent or subdehiscent; seeds transverse or longitudinal; bracteoles present or absent; funicles present or absent (subg. Senna)"	14
13	"Sepals very acute; leaflets usually in many pairs and very narrow, rarely in few pairs and wider; pods flat, dehiscent; seeds longitudinal; bracteoles present; funicles short, wide, more or less triangular (subg. Lasiorhegma)"	24
14	"Glands inserted on the petioles above, not between, the leaflets"	15
14	"Glands inserted between the first, and sometimes additional, pairs of leaflets"	17
15	"Bracts acute, more than 5 mm long; peduncles about 0.3-0.8 cm long; carrying 2-4 flowers; foliar glands ovoid, short"	"Cassia occidentalis"
15	"Bracts blunt, 4-5 mm long; peduncles about 10-28 mm long, carrying 4-10 flowers; foliar glands narrow, subulate-clavate"	16
16	"Leaves 14-21 cm long, with 4-12 pairs of leaflets; pods 9-10 cm long"	"Cassia sophera"
16	"Leaves up to 9 cm long, with 3-5 pairs of leaflets; pods 5-7.5 cm long"	"Cassia purpurea"
17	"Stipules about 5 mm wide or wider"	18
17	"Stipules narrower than 5 mm"	19
18	"Glands absent or reduced and irregular placed"	"Cassia didymobotrya"
18	"Glands well-developed, present between the leaflets"	"Cassia auriculata"
19	"Leaflets obovate"	20
19	"Leaflets not obovate"	22
20	"Ten functional stamens present"	"Cassia surattensis var. suffruticosa"
20	"Seven functional stamens present,  3 staminodes sometimes present in addition"	21
21	"Glands present between the lowest pair of leaflets; pedicels usually 1.2-3.5 cm long in flower, rarely as short as 5 mm, becoming 1.5-4.5 cm long in fruit; areoles narrowly linear, 0.3-0.5 mm wide"	"Cassia obtusifolia"
21	"Glands between the two lower pairs of leaflets; pedicels about 0.4-1 cm long in flower, becoming up to 1.5 cm long in fruit;  areoles 1.5-2 mm wide, often almost as wide as the seeds"	"Cassia tora"
22	"Leaves with 2-3 pairs of leaflets"	"Cassia corymbosa"
22	"Leaves with more than 3 pairs of leaflets"	23
23	"Three staminodes present"	"Cassia floribunda"
23	"No staminodes present, all 10 stamens with functional anthers"	"Cassia surattensis var. surattensis"
24	"Leaves with (1)2 pairs of leaflets; plants viscid, hairy; stamens 5, no staminodes present"	"Cassia absus"
24	"Leaves with more than 5 pairs of leaflets; plants not viscid; stamens usually 10, rarely 9, 7, or 5"	25
25	"Foliar glands distinctly stipitate"	"Cassia pumila"
25	"Folia glands sessile"	26
26	"Stamens 4-5, subequal"	"Cassia hochstetteri"
26	"Stamens usually 10, sometimes 7"	"Cassia wallichiana"
