from	statement	to
1	"Calluses obtuse or conical; lemmas 2-toothed"	2
1	"Calluses usually acuminate and pungent, rarely blunt; lemmas entire"	7
2	"Awns glabrous throughout their length or the column thinly hairy"	3
2	"Awns plumose throughout their length"	6
3	"Glumes conspicuously unequal"	4
3	"Glumes more or less equal"	5
4	"Lemmas 4.8-5.7 mm long; lemma teet 0.5-1.3 mm long; awns 6-12 mm long"	"Stipa splendencs"
4	"Lemmas 9-10 mm long; lemma teeth about 2.5 mm lgon; awns 16-20 mm long"	"Stipa chitralensis"
5	"Panicles loose and spreading; panicle branches bare on the lower half to two thirds"	"Stipa caragana"
5	"Panicles narrow, the branches short and ascending, spikelet bearing to the base"	"Stipa jacquemontii"
6	"Panicles very loose and open; panicle branches and pedicels capillary, spreading; awns bigeniculate, 15-30 mm long"	"Stipa mongholica"
6	"Panicles narrow, contracted; panicle branches and pedicels erect, not capillary; awns unigeniculate, 10-15 mm long"	"Stipa concinna"
7	"Glumes lanceolate, acute or slightly acuminate, to about 1.5 times as long as the lemmas"	8
7	"Glumes narrowly lanceolate, long acuminate, 2-4 times longer than the lemmas"	10
8	"leaf blades flat, 3.5-8(-12) mm wide; spikelets pale or green"	"Stipa sibirica"
8	"Leaf blades involute and setaceous, no more than 1 mm wide when flattened; spikelets deeply suffused with purple"	9
9	"Hairs on awn columns up to 1 mm long); hairs on bristles 0.2-0.3 mm long"	"Stipa regeliana"
9	"Hairs on awn columns 2.5-3.5 mm long; bristles scabriculous"	"Stipa subsessiliflora"
10	"Plants annuals; awns becoming twisted together at maturity, forming a ""tail"" at the top of the panicles"	"Stipa capensis"
10	"Plants perennials; awns not twisted together at maturity except in Stipa consanguinea"	11
11	"Awns scabrous throughout or with hairs no more than 0.8 mm long"	12
11	"Awns either plumose throughout with hairs (1.5-)3-7 mm long or partly plumose and partly smooth, scabrous or shortly hairy"	14
12	"Awns becoming twisted together at maturity forming a ""tail"" at the top of the panicles, puberulous throughout their lenth; lemmas 8-10 mm long, with a crown of short, stiff hairs at the top"	"Stipa consanguinea"
12	"Awns not becoming twisted together at maturiy to form a ""tail"" at the of the panicles"	13
13	"Awns scabrous throughout their length; lemmas 10-14 mm long, smooth distally, without a crown of hairs at the top"	"Stipa capillata"
13	"Awns shortly plumose throughout their length, the hairs up to 0.8 mm long; lemmas 5-7 mm long, spinulose-scabrous distally, with a crown of hairs at the top"	"Stipa breviflora"
14	"Awns 1-geniculate; bristles rigid, falcate"	"Stipa caucasica"
14	"Awns 2-geniculate; bristles often flexuous or recurved, never rigidly falcate"	15
15	"Glumes lanceolate, shortly acuminate, deeply suffused with purple"	16
15	"Glumes narrowly lanceolate, long acuminate, green or silvery, at most faintly tinged with purple"	17
16	"Panicles loose with long, flexuous, more or less filiform branches"	"Stipa purpurea"
16	"Panicles narrow, linear, with short, stiff, rigidly erect branches"	"Stipa roborowskyi"
17	"Awns plumose or shortly hairy throughout their length"	18
17	"Awns with smooth or scabrous columns and plumose bristles"	20
18	"Awns 3.5-7 cm long"	"Stipa orientalis"
18	"Awns (9-)10-20 cm long"	19
19	"Hairs on awn columns 0.5-1.3 mm long"	"Stipa arabica"
19	"Hairs on awn columns 2-3 mm long"	"Stipa himalaica"
20	"Lemmas 11-13 mm long"	"Stipa trichoides"
20	"Lemmas (13-)15-25 mm long"	"Stipa kirghisorum"
