from	statement	to
1	"Plants annual"	2
1	"Plants perennial"	9
2	"Leaves bi-pinnatisect"	"Nepeta annua"
2	"Leaves undivided"	3
3	"Inflorescences of clearly separated verticillasters or open, pedunculate cymes"	4
3	"Inflorescences of terminal, ovoid heads"	7
4	"Verticillasters in the axils of leaves or bract-like upper leaves, sessile; leaves more or less sessile"	5
4	"Cymes pedunculate with pedicellate flowers"	6
5	"Stem leaves linear, the upper leaves spreading and recurved"	"Nepeta satureoides"
5	"Stem leaves ovate to elliptic, the upper leaves spreading"	"Nepeta pungens"
6	"Calyces about 6.5 mm long; nutlets clearly depressed-tuberculate; peduncles filiform"	"Nepeta graciliflora"
6	"Calyces 3.5-4 mm; nutlets inconspicuoulsy deptressed-tuberculate; peduncles not filiform"	"Nepeta hindostana"
7	"Indumentum dense, of long white villous hairs; nutlets verrucose; areoles long, U-V-shaped"	"Nepeta eriosphaera"
7	"Indumentum of short hairs; nutlets smooth, shiny; areoles small, basal"	8
8	"Leaves linear-elliptic; stems with some papillose glandular hairs"	"Nepeta daenensis"
8	"Leaves ovate to rhombic; stems hairs not glandular, retrorse"	"Nepeta bracteata"
9	"Lower leaves sessile or with petioles up to 3 mm long"	10
9	"Lower leaves with petioles more than 4 mm long"	18
10	"Plants densely covered with a mix of long and short, capitate, glandular hairs"	11
10	"Plants glabrous or with non-glandular hairs, sometimes with glandular papillae"	12
11	"Leaves densely serrate-incised"	"Nepeta glutinosa"
11	"Leaves crenate"	"Nepeta adenophyta"
12	"Verticillasters crowded in the leaves of the upper, often lilac-blue leaves"	"Nepeta coerulescens"
12	"Verticillasters well separated, forming elongated spikes"	13
13	"Leaves pectinate-serrate, narrow or broadly elliptic; indument more or less dense, villous, with or without glandular papillae"	"Nepeta elliptica"
13	"Leaves entire or finely serrulate, linear to linear elliptic; indumentum sparse or almost absent, glandular papillae not present"	14
14	"Calyces 11-16 mm ling; corollas 20-25 mm  long; pedicels up to 12 mm long"	"Nepeta connata"
14	"Calyces up to 10 mm long; corollas 12-15 mm long; flowers sessile or with pedicels up to 2 mm long"	15
15	"Leaves up to 20 mm long; calyces 5-7 mm long; plants from Balochistan"	"Nepeta podostachys"
15	"Leaves 20-90 mm long; calyces 6-10 mm long; plants from northwestern Pakistan and Kashmir"	16
16	"Leaves linear, 1.5-5 mm wide; root stocks tuberous or fusiform"	"Nepeta linearis"
16	"Leaves linear-lanceolate to linear-elliptic, up to 10 mm wide; rootstocks neither tuberous nor fusiform"	17
17	"Spikes often interrupted near the base, longer and more slender than those of Nepeta nervosa; leaves oblong-lanceolaet, about 25-50 mm long and 12-20 mm wide"	"Nepeta campestris"
17	"Spikes congested, not interrupted near the base, shorter those those of Nepeta campestris; leaves linear-lanceolate or linear-elliptic, up to 80 mm long and 10 mm wide"	"Nepeta nervosa"
18	"Calyces with entire, rounded lobes"	"Nepta suavis"
18	"Calyces with distinct teeth"	19
19	"Stems with indumentum of many stellate-dendroid hairs"	20
19	"Stems glabrous or with a few indistinct, forked or branched hairs (strong magnification needed)"	21
20	"Inflorescences or several, well-spaced verticillasters borne in the axils of leaves of leaflike bracts; calyces with dense, stellate-dendroid indumumentum"	"Nepeta leucolaena"
20	"Inflorescences usually terminal hears; calyces iploe or villous, with simple hairs"	"Nepeta kokanica"
21	"Inflorescences open, of pedunculate cymes with clearly pedicellate flowers"	22
21	"Inflorescences of  more or less compact pedundulate cymes, ovoid heads, or spikes"	25
22	"Areoles of nutlets about 2/3 as long as the nutles, U- or V-shaped"	23
22	"Areoles of nutlets no more than about 1/3 as long as the nutlets"	24
23	"Leaves 7-10 mm long and 7-10 mm wide, srrulate; peduncles uo to 20 mm long; plants of northwestern Pakistan"	"Nepeta brachyantha"
23	"Leaves up to 25 mm long and wide, crenate-denticulate; peduncles up to 10 mm long; plants of western Pakistan"	"Nepeta aff. hindostana"
24	"Calyces about 4.5 mm long; nutlets clearly depressed-tuberculate; peduncles filiform"	"Nepeta graciliflora"
24	"Calyces 3.5-4 mm ling; nutlets inconspicuously depressed-tuberculate; peduncles not filiform"	"Nepeta hindostana"
25	"Corollas 20-25 mm long"	26
25	"Corollas 6-17 mm long"	29
26	"Larger leaves 4-11 cm long"	27
26	"Larger leaves 1.5-3 cm long"	28
27	"Corollas yellowish, about 25 mm long"	"Nepeta govaniana"
27	"Corollas mauve to deep violet blue, 20-25 mm long"	"Nepeta erecta"
28	"Inflorescences villous with flat, non-glandular hairs;  leaves more or less uniformly distributed on the stems"	"Nepeta glechomifolia"
28	"Inflorescences sparsely covered with non-glandular or glandular hairs; leaves mostly on the lower part of the stems"	"Nepeta pinetorum"
29	"Verticillasters more or less clearly separated from each other or the upper ones somewhat crowded together"	30
29	"Verticillasters forming more or less continuous spikes or ovoid heads, or the lowest sometimes clearly separate from each other"	37
30	"Corollas about 15 mm long or more"	31
30	"Corollas shorter than 10 mm"	32
31	"Stems erect-ascending, slender in the inflorescence region; bracts subultate, 2-4 mm long"	"Nepeta pinetorum"
31	"Stems erect, more or less sturdy through; bracts linear, from half as long as to equalling the calyces"	"Nepeta clarkei"
32	"Inflorescences paniculate"	33
32	"Inflorescenes unbranched or lower verticillasters shortly pedunculate, not paniculate"	34
33	"Basal leaves suborbicular ovate, white tomentose to lanate; cymes usually on horizontally spreading peduncles"	"Nepeta floccosa"
33	"Basal and lower leaves triangular-ovate with greyish indumentum; peduncles not horizontally spreading"	"Nepeta cataria"
34	"Inflorescences of more or less globose in densely white-lanate-vllose verticillasters; stems procumbent-ascending; areoles about 3/4 the lngth of the nutlets, U- or V-shaped"	"Nepta lagopsis"
34	"Inflorescences not lanate-villose; stems erect; areoles about 1/3 the length of the nutlets"	35
35	"Bracts about 1/3 as long as the calyces; calyces often purplish"	"Nepeta rugosa"
35	"Bracts from about 1/3 as long as to as long as the calyces; calyces pale green or straw-colored"	36
36	"Leaves ovate-triangular, about as long as wide; verticillastes up to 15 mm in fruit"	"Nepeta praetervisa"
36	"Leaves oblong to oblong-ovate; verticillasters up to 10 mm in fruit"	"Nepeta juncea"
37	"Rootstocks with a distinct tubers 8-20 mm in diamter; leaves green, broadly triangular ovate, 5-20 mm long, 5-15 mm wide; calyx teeth subequal"	"Nepeta raphanorhiza"
37	"Rootstocks not tuberous; over characters varied"	38
38	"Plants fgrowing on scree, with scale-like leaves on their rootstocks"	39
38	"Plants not growing on scree, without scalelike leaves on the rootstock"	40
39	"Leaves cuneate, margins deeply incised with obtuse, round leaves; at least some bracts as long or longer than the flowers"	"Nepeta longibracteata"
39	"Leaves cordate, margins crenulate; bracts about as long as the calyces"	"Nepeta kurramensis"
40	"Leaf surfaces differing in color or both greyish canescent"	41
40	"Leaf surfaces of similar color, both more or less green"	46
41	"Leaf surfaces densely appressed canescent, having at least some branched hairs (strong magnification needed)"	"Nepeta kobanica"
41	"Leaf surfaces differing in color; all hairs unbranched"	42
42	"Nutlets smooth; outer bracts elliptic to obtrullate"	43
42	"Nutlets tuberculate; outer bracts more or less linear"	44
43	"Leaves 7-20 mm long, 7-12 mm wide; corollas about 12 mm long"	"Nepeta discolor"
43	"Leaves up to 45 mm long and 30 mm wide; corollas up to 17 mm long"	"Nepeta eriostachys"
44	"Calyces 5-8 mm long; leaf tips acute"	45
44	"Calyces 9-10 mm long; leaf tips obtuse"	"Nepeta schmidii"
45	"Plants perennial herbs, 30-50 cm tall; leaves broadly ovate to triangular-ovate, 15-35 mm long 10-30 mm wide wide; inflorescences of numerous sessile or shortly pedunculate, many flowered congested cymes formang an elongated or short spikes"	"Nepeta griffithii"
45	"Olants dwarf suffruticose herbs about 10 cm tall; leaves about 15 mm long and 18 mm wide, cordate reniform; veriticllasters condensed into more or less open heads or spikes"	"Nepeta amicorum"
46	"Verticillasters cowded in axils of uppermost, often lilac-blue leaves; lowermost leaves with petioles up to 4 mm long, all other leaves sessile"	"Nepeta coerulescens"
46	"Verticillasters not crowded as abovel lowermost leaves with petioles at least 6 mm long"	47
47	"Inflorescences terminal, oveoid heads"	48
47	"Inflorescnces elongate, oblong-cylindrical spikes"	50
48	"Leaves serrate, acute"	"Nepeta paucifolia"
48	"Leaves crenate, tips rounded or obtuse"	49
49	"Plants not aromatic, suffruticose, clump-forming; stems 15-30 cm long; leaves ore or less broadly ovated, flabelliform, or trullate; indumentum of simple or branched hairs; inflorescences of terminal, congested ovoid heads or with one distinct verticillaster below"	"Nepeta kokanica"
49	"Plants aromatic; stems erect, about 30 cm long; leaves triangular ovate; indumentum of simple hairs; inflorescences of 2-3 verticillasters, these close together or separated"	"Nepeta grata"
50	"Outer bracts at base of spikes ovate lanceolate, oftern coloured"	51
50	"Outer bracts at base of spikes narrowly lanceolate to linear"	52
51	"Leaves broadly ovate, 12-20 mm long and 10-15 mm wide, with rather dense, short indumentum of retrorse hairs"	"Nepeta distances"
51	"Leaves triangular ovate to elliptic, 30-60 mm long and 20-30 mm wide, usually glabrous to minutely pilose"	"Nepeta laevigata"
52	"Leaf margins serrate to subpectinate"	"Nepeta subincisa"
52	"Leaf margins crenate to crenulate"	53
53	"Leaves linear-elliptic to elliptic, rarely with some leaves ternately pinnatisect"	"Nepeta paulsenii"
53	"Leaves oblong-ovate to oblong-triangular, simple; leaf axils usually without clusters of young leaves"	54
54	"Leaves 10-20 mm long, 8-15 mm wide, glabrous to pilose; inflorescences more or less glabrous"	"Nepeta podostachys"
54	"Leaves 20-40 mm long, 15-25 mm wide, more or less villous; inflorescences more or less white-villous"	"Nepeta pubescens"
