from	statement	to
1	"Plants annual herbs"	2
1	"Plants biennial, perennial, or shrubby herbs"	4
2	"Siliques with 2-branched (rarely 3-branched), appressed hairs"	"Erysimum sisymbrioides"
2	"Siliques with both 2- and 3-branched appressed hairs"	3
3	"Siliques 15-20)-30) mm long; pedicels infruit 1-2 mm long, ascending; racemes often leafy or bracteate"	"Erysimum griffithianum"
3	"Siliques 40-60 mm long; pedicels 5-10 mm long in fruit, spreading; racemes without bracts but sometimes leafy"	"Erysimum repandum"
4	"Hairs stellate, 5-7-rayed; stems glabrous, glaucous, somewhat yellowish"	5
4	"Hairs with 2-4 branches, appressed; stems neither glabrous nor yellowish"	6
5	"Stems branched from the base; petals about 8(-10) mm long"	"Erysimum stocksianum"
5	"Stems branched at midlength and above; petals (10-)15-20 mm long"	"Erysimum crassicaule"
6	"Jairs mostly 2-branched"	7
6	"Hairs 2-4-branched"	12
7	"Flowers 5-6 mm across; petals 1.5-2.5 mm wide"	8
7	"Flowers 10-15 mm across; petals 4-9 mm wide"	9
8	"Siliques 15-25 mm long; plants shrubby and whitish in appearance"	"Erysimum erosum"
8	"Siliques 45-90 mm long; plants perennial, herbaceous, and greenish in appearance"	"Erysimum thomsoniii"
9	"Siliques diverging more or less horizontally; stigmas subsessile; pedicels up to 5 mm long, thick, becoming thicker in fruit"	"Erysimum aitchisonii"
9	"Siliques more or less erect; stigmas on styles 2-3 mm long; pedicels up to 15 mm long, not thickened in fruit"	10
10	"Plants perennial, highly branched frm the base; leaves narrowly linear, 1-3 mm wide"	"Erysimum altaicum"
10	"Plants biennial; stems simple, rarely branched; leaves oblanceolate or oblong-elliptice, 5-12 mm wide"	11
11	"Petals 4-5 mm wide; pedicels 5-7 mm long in fruit"	"Erysimum perofskianum"
11	"Petaks 6-9 mm wide; pedicels 10-15 mm long in fruit"	"Erysimum melicentae"
12	"Plants 5-10 cm tall in fruit; cauline leaves few, usually 2-3"	"Erysimum schlagintweitianum"
12	"Plants usually 30-90 cm tall in fruit; cauline leaves many"	13
13	"Siliques about 2.5 mm wide, terete, linear-oblong; valves with conspicuous midribs"	"Erysimum cachemirica"
13	"Siliques abou1.5(-2) mm wide; valves with less conspicuous midribs"	14
14	"Pedicels 1-3 mm long in fruit;l siliques about 30 mm long, 1 mm wide; basal leaves narrowly oblanceolate, entire"	"Erysimum persepolitanum"
14	"Pedicels 5-10 mm long in fruit; siliques 40-60 mm long, 1.5-2 mm wide; basal leaves oblong-elliptic to oblanceolate, usually more or less dentate, rarely subentire to entire"	"Erysimum hieraciifolium"
