from	statement	to
1	"Fruiting valves free to the base; plants annual herbs"	2
1	"Fruiting valves more or less united, at least at the base; plants annuals, biennials, or perennials"	4
2	"Pistillate flowers dimorphic, some with a perianth and horizontal seed, others without a perianth and with a vertical seed"	3
2	"Pistillate flowers monomorphic but bracteoles dimorphic; seeds of two sizes, vertical"	"Atriplex dimorphostegia"
3	"Leaves 2-colored. Lower surfaces densely farinose and whitish, upper surfaces not farinose, green"	"Atriplex aucheri"
3	"Leaves green on both lower and upper surfaces glabrous and non-farinose or almost so on both surfaces"	"Atriplex hortensis"
4	"Fruiting valves 4-winged; plants unisexual shrubs (species dioecious)"	"Atriplex canescens"
4	"Fruiting valves not 4-winged; plants monoecious , with unisexual flowers; plants herbs or shrubs"	5
5	"Fruiting valves tuberculate"	6
5	"Fruiting valves not tuberculate"	7
6	"Upper leaf surfaces glabrous; mid-cauline leaves with petioles 15-20 mm long"	"Atriplex schugnanica"
6	"Upper leaf surfaes not glabrous; mid-cauline leaves shorter tha 10 mm"	"Atriplex tartaria"
7	"Plants shrubs; fruits sub-orbicular to reniform, more or less flat; valves fused only at the base; leave entire or obsoletely repand-lobed"	8
7	"Plants shrubs or annual or perennial hers; fruits varied; valves clearly fused; leaves entire ir clearly serrate"	10
8	"Stems 10-80 cm tall; glomerules with few to many flowers; fruiting spikes with well-soaved fruits; fruit valves 5-10 mm long, 4-12 mm wide"	9
8	"Stems 200-300 cm tall; glomerules with many flowers, forming dense lateral and terminal spikels; fruiting spikes more or less leafless; fruiting valves about 4-5 mm long, thick"	"Atriplex halimus"
9	"Fruiting valves 5-6 mm long,  4-6 mm wide; leaves oblong-obovate, attenuateinto petioles 0.5-1.5 mm long"	"Atriplex stocksii"
9	"Fruiting valves 7-10 mm long, 10-12 mm wide; leaves rhomboid to suborbicular, broadly cuneae to subcordate; petioles 2-10 mm ong on lower leaves"	"Atriplex griffithsii"
10	"Plants annual herbs; leaves not thick, entire to serrate"	11
10	"Plants perennial shrubs; leaves thick, entire to sinuate-dentate"	"Atriplex leucoclada"
11	"Inflorescences at least partially farinose"	"Atriplex pamirica"
11	"Inflorescences not farinose, becoming glabrous"	"Atriplex lasiantha"
