from	statement	to
1	"Stamen fascicles and styles 5; petals and stamens deciduous; plants shrubs; no black glands present"	2
1	"Stamen fascicles and styles 3; petals and stamens persistent; plants herbsl black glands present"	6
2	"Styles free, sometimes mutually adpresseds at the base whan young; plants native"	3
2	"Styles united almost to the top; plants cultivated"	"Hypericum monogynum"
3	"Styles 1.5-3 times as long as the ovaries, erect or gradually divergents; petalls narrowly obovated to oblanceolate, 1.2-1.5 times as long as the stamens"	4
3	"Styles 0.3-1 times as long as the ovaries, outcurving; petals broadly obovate to subcircular, 2-4 times as long as the stamens"	5
4	"Sepals ovate to elliptic-oblong, erect in bud; flowers 3.5-7.5 cm in diameter; leaves shortly petiolate, ovate to lanceolate or elliptic-lanceolate"	"Hypericum oblongifolium"
4	"Sepals linear to narrowly oblong-lanceolate, spreading in bud; flowers 1.5-3.5 cm in diameter; leaves shortly petiolate, ovate to lanceolate or elliptic-lanceolate"	"Hypericum dyeri"
5	"Sepals acute to subacute at the tip, ovate to lanceolate or narrowly elliptic, often foliaceous; branches 4-lined at first, soon terete, not markedly frondose"	"Hypericum choisianum"
5	"Sepals rounded at the top, oblong or elliptic to obovatespathulate, not foliaceous; branches 4- angled or 4-lined at first, later 2-lined or, rarely, terete, usually more or lss markedly frondose"	"Hypericum uralum"
6	"Stems more or less scabrous; inflorescences corymbose, dense; black glandsonly  present on petals and/or sepal margins"	"Hypericum scabrum"
6	"Stems smooth; inflorescences paniculate or few-flowered, lax; black glands present on anthers and leaves and frequently also on stems, sepals, and petals"	7
7	"Stems 2-lined with black glands on raised lines; sepals entire; capsule valves with longitudinal dorsal vittae and lateral vesicles"	"Hypericum perforatum"
7	"Stems usually terete, without glands; sepals glandular-ciliate to glandular fimbritae; capsule valves with longitudinal vittae only"	8
8	"Petals with marginal black glands; styles 1.5-2.5 times the length of the ovariesl stems always terete, usually unbranched; leaves acute to obtuse; sepals ribbed"	"Hypericum elodoides"
8	"Petals without marginal black glands; styles 0.9-1.3 times as long as the ovaries; stems sometimes 2-6-lined, frequently branched; leaves suobtuse to rounded; spals not or scarely ribbed"	"Hypericum nepaulense"
