from	statement	to
1	"Pappuses uniseriate"	2
1	"Pappuses biseriate, outer setae short, forming a corona"	12
2	"Cypselas 1-ribbed on each side"	3
2	"Cypselas more than 1-ribbed"	4
3	"Leaves apically obtuse and beset with flexuous crisped hairs beneath or at the margins; cypselas 3-4 mm long excluding the 8-9 mm long beak; beak without appendages at the base"	"Lactuca glaucifolia"
3	"Leaves apically acute and without flexuous crisped hairs beneath or at the margins; cypselas 3-3.5 mm long excluding the 10-12 cm long beak; beaks with 2 transparent appendages at the base"	"Lactuca undulata"
4	"Middle and upper leaves decurrent; synflorescences spicate to subracemose; florets less than 5 per capitulum"	5
4	"Middle and upper leaves not decurrent; synflorescence not as above; florets (5-) many in each capitulum"	7
5	"Cypselas not beaked; pappuses not fragile"	"Lactuca erostrata"
5	"Cypselas beaked; pappuses fragile"	6
6	"Plants dichotomously or intricately branched; cypselas brown; beaks slender, 2-3 mm long"	"Lactuca orientalis"
6	"Plants virgately branched; cypselas black; beaks filiform, 3.5-8 m long"	"Lactuca viminea"
7	"Phyllaries pale green; cypselas brown to dark brown or blackish; beaks filiform-capillary, equalling or 1.5-2 times longer than the cypsela body, almost discolorous and different in texture; pappuses 3-6 mm long, lemon yellow-white and persistent"	8
7	"Phyllaries pale brown to pink; cypselas sandy brown to olive or black; beaks stout, smaller than the cypsela body and usually similar in color and texture; pappuses 10-12 mm long, off-white, lustrous and fragile"	10
8	"Stems up to 60 cm long, dichotomously branched above; cypselas 3-ribbed, bidentate or cleft at the top, muricate, beak 2 times longer than the body; pappuses about 3 mm long"	"Lactuca dissecta"
8	"Stems up to 200 cm long, paniculate to corymbosely branched above; cypselas more than 3-ribbed, pilose, beaks 1-1.5 times longer than the body; pappuses 4-6 mm long"	9
9	"Plants annual herbs; stems 15-30 cm tall; leaves not polymorphous, 5-9 cm long, 0.3-` n wide, denticulate to entire; cypselas blackish"	"Lactuca clarkei"
9	"Plnts perennial herbs; stems 30-80 (-100) cm tall; leaves polymorphous, 10-20 (-25) cm long, 2-4 cm wide, sinuate to sharply toothed or cartilaginous; cypselas sandy brown-dark olive or almost black"	"Lactuca tatarica"
10	"Cauline leaves linear-lanceolate, lower leaves sparingly 1/2 pinnatifidly lobed, entire; florets blue or lavender"	"Lactuca dolichophylla"
10	"Leaves not as above; florets yellow"	11
11	"Lower leaves succulent, undivided, minutely and softly spinulose to quite smooth; cypselas blackish; plants cultivated"	"Lactuca sativa"
11	"Lower leaves not succulent, variously divided, usually runcinate pinnatifid, prickly or spinulose along the margin and on the underside of the midrib; cypselas brown; plants not cultivated"	"Lactuca serriola"
12	"Florets pink to lavnder, fewer than 25 per capitulum; phyllaries 3-4-seriate; cypsela beaks 2-3 mm longl pappuses 3-4 mm long"	13
12	"Florets yellow, more than 25 per capitulum; phyllaries 5-6-seriate; cypsela beaks 3-4 mm or 10-12 mm long; pappuses 8-10 mm long"	14
13	"Phyllaries 20-25, 6-10 mm long; cypselas 5.5-7 mm long, cuneate-linear,, red when young, becoming black; beaks white, up to 3 mm longl pappuses 3-4 mm long"	"Lactuca picridiformis"
13	"Phyllaries 9-15, 11-14 mm long; cypselas 4.5-5 mm long, fusiform, black; beaks pale or concolorous, up to 2 mm long; pappuses 5-6 mm long"	"Lactuca chitralensis"
14	"Capitua with 25-30 florets; cypselas up to 3 mm wide; beaks 3-4 mm long, smaller than the cypsela body"	"Lactuca crambifolia"
14	"Capitula with more than 30 florets; cypselas up to 4 mm wide; beaks 10-12 mm long, longer than the cypsela body"	"Lactuca persica"
