from	statement	to
1	"Angular cells of decurrent portion of leaf rounded, inflated, forming distinct auricles"	2
1	"Angular cells of decurrent portion of leaf rectangular, not inflated, not forming distinct auricles"	5
2	"Leaves asymmetrical; tips acute, denticulate"	"Plagiothecium denticulatum"
2	"Leaves symmetrical or slightly asymmetrical, tips denticalate or not denticulate"	3
3	"Leaf tips acuminate, denticulate"	4
3	"Leaf tips obtuse, not denticulate"	"Plagiothecium denticulatum var. obtusifolium"
4	"Cells in the middle of the leaves long and wide (139-266  ?m long, 21-33 ?m wide)"	"Plagiothecium higuchii var. higuchii"
4	"Cells in the middle of the leaves usually shorter (100-200 ?m) and narrower (14-26 ?m)"	"Plagiothecium higushii var. brevicellum"
5	"Leaves asymmetrical, folded"	"Plagiothecium filicifolium"
5	"Leaves symmetrical, not folded"	6
6	"Cells from the middle of the leaves less than 10 ?m wide"	"Plagiothecium latebricola"
6	"Leaves from the middle of the leaves more than 10 ?m wide"	7
7	"Stems julaceus; leaves strongly concave; leaf tips not denticulate"	"Plagiothecium cavifolium"
7	"Stems not julaceus; leaves rather flat; leaf tips denticulate"	"Plagiothecium nemorale"
