from	statement	to
1	"Ligules 5-8(-15) mm long, acute to attenuate, lacerate only by tearing"	"Diplachne fusca"
1	"Ligules less than 5 mm long, usually truncate to obtuse and somewhat erose"	2
2	"Panicle branches subdigitate, usually with 2 or more branches per node; lemmas unawned, mucronate, or awned, the awns to 11 mm long; plants perennial; culms solid; ligules 0.5-3 mm long, ciliate"	"Leptochloa virgata"
2	"Panicle branches usually racemosely attached to the rachises and with a single branch per node, rarely digitate to subdigitiate; lemmas unawned; plants annual or perennial; culms solid or hollow; ligules (0.2) 0.5-5.5(-7.0) mm long, erose or entire, never ciliate"	3
3	"Panicle branches stiff, ascending at first, reflexing and deciduous at maturity; spikelets 5.7–9 mm long, with 1–3 florets"	"Dinebra retroflexa"
3	"Panicle branches not stiff, not reflexing at maturity; spikelets 1.4-4 mm long, with 2–6 florets"	4
4	"Leaf sheaths and blades glabrous; racemes flexuose; spikelets 2–4 mm long, with 3–6(–7) florets."	"Dinebra chinensis"
4	"Leaf sheaths and blades pilose; racemes straight; spikelets 1.4–2 mm long,  with 2–4-florets"	5
5	"Glumes linear to narrowly lanceolate, exceeding the florets; lemmas 0.9-1.2 mm long; caryopses without a ventral groove, often somewhat coarsely rugose, the tips broadly obtuse"	"Dinebra panicea subsp. mucronata"
5	"Glumes lanceolate to narrowly elliptic, not or only slightly exceeding the florets; lemmas 1.3-1.7 mm long; caryopses usually with a narrow, shallow ventral groove, smooth, the tips broadly obtuse to acute"	"Dinebra panicea subsp. brachiata"
