from	statement	to
1	"Heads arranged in compact or loose corymbs, discoid or  scarcely radiate to radiate"	2
1	"Heads few, terminal on long peduncles, always radiate,"	"Duhaldea latifolia"
2	"Branches and lower surfaces of leaves glabrous to pubesent; leaves membranous or leathery; heads radiate"	3
2	"Branches and lower surfaces of leaves densely tomentose; leaves rigid, leathery; heads discoid to scarcely radiate"	"Duhaldea cappa"
3	"Leaves membranous; branches and leaves glabrous or sparsely pubescent"	"Duhaldea cuspidata"
3	"Leaves leathery; branches and lower surfaces of leaves densely hairy"	"Duhaldea eupatorioides"
