from	statement	to	shortcut
1	"Pappus completely absent; cypselas bottle-necked, with conspicuous glands"	Carpesium	
1	"Pappus usally presesnt, rarely absent on ray flowers"	2	
2	"Pappuses composed of either or bristles or of scale but not both monomorphic)"	3	
2	"Pappuses composed of both scales and bristles (dimorphic)"	12	
3	"Pappus of scales"	4	
3	"Pappus of setae"	5	
4	"heads discoid, congested in the centre of the leafy rosette; anthers not tailed; cypselas notwinged"	Gymnarrhena	
4	"Heads radiate, solitary, terminal or subterminal, not congested in leafy rosettes; anthers tailed; cyspelas winged'"	Asteriscus	
5	"Pappus setae basally connate and concrescent into a cupule"	6	
5	"Pappus setae free throughout"	7	
6	"Heads many, in loose racemes, discoid, homogamous"	Dittrichia	"Dittrichia graveolens"
6	"Heads few, terminal, not in racems, discoid homogamous"	Inula	
7	"All florets bisexual; involucres cyathiform; phyllaries chartaceous"	Varthemia	
7	"Marginal florets pistillat, in 1-several rows, rarely bisexual but, if so, phyllaries not chartaceous"	8	
8	"Marginal florets filiform, pistillate, in several rows"	Blumea	
8	"Marginal florets either distinctly or scarcely rayed or tubular, rarely absent, pistillate, bisexual or neuter, in 1 or 2 rows"	9	
9	"Marginal florets, when present, neuter; leaves always fleshy, at least some apically lobed"	Iphiona	
9	"Marginals florets, when present, pistillate; leaves never fleshy, all entire, serrate, or dentate"	10	
10	"Receptacles with scaly ridges; anther appeandis truncate-emarginate; endothecial tissue polar"	Huhaldea	
10	"Receptacles without scaly ridges; anther appendages acute-obtuse; endothecial tissues radial"	11	
11	"Cyselas thick-walled, ribbed; pappus setae 20-52"	Inula	
11	"Cypsleas thin-walled, not ribbed; pappus setae 3-18(-20)"	Pentanema	
12	"Outer papus scales fused, forming a short coronate cup"	Pulicaria	
12	"Outer papus scales neither fused nor forming a short coronate cup"	13	
13	"Leaves glandular; anther tails not branched; pappus setae plumose"	Pegolettia	"Pegoletia senegalensis"
13	"Leaves not glandular; anther tailes not branched; pappus setae barbellate"	Iphiona	
