from	statement	to
1	"Cauline leaves simple"	2
1	"Cauline leaves compound"	3
2	"Leaves tripartite, tips acute"	"Heracleum leucocarpum"
2	"Leaves ovate to cordate, tips obtuse"	"Heracleum polyadenum"
3	"Leaf segments 10-20 cm long, 8-15 cm wide; plants up to 2 m tall"	"Heracleum candicans"
3	"Leaf segments less than 10 cm long; plants up to 1 m tall"	4
4	"Leaf segments lnear to lanceolate, entire or oval to ovate and deeply toothed"	"Heracleum cachemiricum"
4	"Leaf segments ovate to rotund, crenate to serrate"	5
5	"Plants villous, hars white; ovaries and young fruits densely pubescent"	"Heracleum canescens"
5	"Plants pubescent; ovaries and yong fruits minutely pubescent"	"Heracleum pinnatum"
