from	statement	to
1	"Plants with a bulb; leaves channelled, quadrangular or almost cylindrical"	2
1	"Plants usually with a rhizome; leaves flat, sometimes very narrow"	5
2	"Bulb tunics fibrous, the fibres forming a net; leaves 4-sided in section (Iris subg. Hermodactyloides); [Iridiodictyon {Iridiodictyon reticulatum}"	"Iris reticulata"
2	"Bulb tunics papery to tough and leathery; leaves channelled; bulbs usually with fleshy roots; standard reduced in size (Iris subg. Scorpiris); [Juno]"	3
3	"Arial stems much elongated at flowering, their internodes clearly visible between narrow (3-8 mm wide) leaves [Juno aitchisonii]"	"Iris aitchisonii"
3	"Aerial stems either very short or elongated but the internodes more or less concealed by leaves more than 8 mm wide"	4
4	"Storage roots long, not markedly swollen; leaves 6-16 mm wide, with a distinct, white, horny margin 0.5-1 mm wide; seeds without arils [Juno stocksii]"	"Iris stocksii"
4	"Storage roots short, swollen; leaves 10-20 cm wide at flowering; seeds with arils [Juno platyptera]"	"Iris platyptera"
5	"Plants with tiny rhizomes and markedly swollen tuberlike roots as well as fibrous roots; standards narrowly lanceolate, bent outwards and downwards like the falls (Iris subg. Nepalensis) [Junopsis {Junopsis decora}]"	"Iris decora"
5	"Plants usually with well-developed rhizomes, sometimes these slender and stolon-like; roots usually neither swollen nor tuber-like; standards erect"	6
6	"Falls with a distinct bear of fairly long hairs (Iris subg. Iris)"	7
6	"Falls without an obvious beard, sometimes with a coxcomb-like crest or fine pubescence of very short, unicellular papillae on the shaft"	11
7	"Rhizomes stout; falls bearded, the hairs multicellular; seeds without arils"	8
7	"Rhizomes compact, not stolooniferous or short and knobby; hairs on falls unicellular; seeds with arils"	9
8	"Bracts green with a narrow scarious margins; outer bracts 7-11 cm long; flowers white or pale lilac-blue"	"Iris kashmiriana"
8	"Bracts scarious at least in the upper half; outer bracts to 5 cm long; flowers usually violet but many colour forms present"	"Iris germanica"
9	"Rhizomes very short or knobby with long, fleshy roots; beards extending to middle and blade; standards sparsely bearded near the base"	"Iris falcifolia"
9	"Rhizomes compact; beards present only on the falls"	10
10	"Peduncles 5-12 cm long; hypanthial tube 2-3 cm long; flower color varied, usually lilac, purple, or bluish with darker mottling or albino"	"Iris hookeriana"
10	"Peduncles more or less without a peduncle; hypanthial tube 5-7.5 cm long; flowers lilac-purple mottled and blotched darker"	"Iris kemaoenensis"
11	"Falls with a prominent cockscomb-like crest [Tectiris milesii]"	"Iris milesii"
11	"Falls without a crest"	12
12	"Capsules with 6 longitudinal ribs at each of the 3 corners; seeds with a loose paper coat"	13
12	"Capsules not as above; seeds ??"	16
13	"Flowers deep golden yellow; falls with blades longer than the shaft [only combination is in Iris]"	"Iris crocea"
13	"Flowers not deep golden yellow; fals with blades equal to or shorter than the shaft (Iris spuria)"	14
14	"Flowers 4-6 cm in diameter, pale blue varying to greenish lilac; falls 3.5-4 cm long; shafts harrow, twice as long as the blades [Chamaeiris but no combination]"	"Iris spuria subsp. sogdiana"
14	"Flowers more than 6 cm in diameter, white, dingy white-yellow, grey-purple, golden yellow, bright deep blue, or violet blue"	15
15	"Flowers up to 15 cm in diameter, bright deep blue or violet-blue with median yellow stripe;  shaft equal to or longer than the blade"	"Iris spuria subsp. notha"
15	"Flowers (6-)7-8(-10) cm in diameter, white yellow or grey-purple, sometimes golden yellow; shaft longer than the blade"	"Iris spuria subsp. halophila"
16	"Flowers with hypanthium tube 2-3 mm long, falls and standards appearing almost free; seeds shiny, smooth, not wrinkled [Eremiris lactea]"	"Iris lactea"
16	"Flowers with hypanthial tube 40-150 mm long; seeds wrinkled"	17
17	"Peduncles well developed at flowering; hypanthial tubes 4-6(-12) cm long [Sclerosiphon songarica]"	"Iris songarica"
17	"Peduncles not apparent at flowering time; hypanthial tube 10-15 cm long [Cryptobasis loczyi]"	"Iris loczyi"
