from	statement	to	shortcut
1	"Fruits 2-carpellate 2-winged schizocarps, compressed; styles 2;  leaves usually simple and palmately lobed, sometimes unlobed,  if pinnately compound, leaflets with few conspicuous acute lobes"	Acer	
1	"Fruits with 1-6 carpels, usually not winged; leaves simple and lobed or unlobed or pinnately or digitately compound, if pinnately compound, leaflets entire or with many teeth"	2	
2	"Leaves palmately compound; flowers showy, bilaterally symmetric; petals clawed; stamens usually 7"	Aesulus	"Aesculus indica"
2	"Leaves pinnately compound; flowers sometimes showy, radially or bilaterally symmetric;"	3	
3	"Young shoots not viscid; petals present; stamens attached inside the disc; fruits not winged"	4	
3	"Young shoots viscid; petals absent; stamens attached outside the disc; fruits winged"	Dodonaea	"Dodonaea viscosa"
4	"Discs annular; flowers in panicles or racemes"	5	
4	"Discs 1-sided; flowers in cymes or fascicles"	6	
5	"Fruits dehiscent; seeds subglobose to oblong, with an aril"	Cupaniopsis	"Cupaniopsis anacardioides"
5	"Fruits indehiscent; seeds globose, with an aril"	Sapindus	
6	"Plants herbaceous, with tendrils; leaves bipinnate' leaflets inciso-dentate; petals with scales"	Cardiospermum	"Cardiospermum halicacabum"
6	"Plants shrubs, with spines but not tendrils; leaves simple, entire; petals without scales"	Stocksia	"Stocksia brahuica"
