from	statement	to	shortcut
1	"Carpels usually 5, free and fruits follicles or, if united, ovary superior"	2	
1	"Carpels 1 to many, free to connate but, if connate, ovary inferior; fruits not follicles"	4	
2	"Leaves ternate or odd-pinnate; disc on rim of the hypanthium slightly lobed to entire; carpels connate or free"	3	
2	"Leaves simple; disc on hypanthium rim lobed; carpels free"	Spiraea	
3	"Plants herbaceous, without stipules; carpels free; disc slightly divided into lobes"	Aruncus	
3	"Plants with woody branches, with stipules; carpels united; disc entire, closing the mouth of the hypanthium"	Sorbaria	
4	"Plants herbs or shrubs; carpels 1 or free and many; fruits achenes or drupaceous achenes"	5	
4	"Plants trees or shrubs; carpels 1 or 3-5 and united; fruits drupes, berries, or pomes"	18	
5	"Epicalyces present"	6	
5	"Epicalyces absent"	12	
6	"Petals lacking; hypanthia campanulate, almost closed by the disc at the mouth; fruit a pome"	Alchemilla	
6	"Petals present; hypanthia saucer-chaped to obconic, not closed; fruits achenes"	7	
7	"Styles attached sub-terminally, laterally, or sub-basally; leaves trifoliate to odd-pinnate"	8	
7	"Styles terminal; leaves odd pinnate"	11	
8	"Receptacles fleshy in fruit; fruits superficial, sometimes prominent"	9	
8	"Receptacles not fleshy in fruit; fruits sunken in the receptacle"	10	
9	"Fruits tasteless; petals yellow; epicalyx segments wider than the sepals; fruits partially buried, red"	Duchesnea	"Duchesnea indica"
9	"Fruits tasty; petals white; epicalyx segments narrower than the sepals; fruits surficial, brown"	Fragaria	"Fragaria nubicola"
10	"Stamens 10 or more; carpels numerous"	Potentilla	
10	"Stamens 4-5(-10); carpels 5-10(12)"	Sibbaldia	
11	"Styles breaking off below the tip, lower portion persistent and terminating in a hook"	Geum	
11	"Styles not breaking below the tip, not terminating in a hook"	Acomastylis	
12	"Plants herbaceous, without stipules; carpels free; disc slightly divided into lobes"	13	
12	"Plants woody, branches sometimes prostrate"	16	
13	"Hypanthia closed at the mouth; fruits pomes"	14	
13	"Hypanthia open; fruits achenes"	15	
14	"Hypanthia armed with hooks; petals present; stigmas capitate; inflorescences racemose; leaves interruptedly odd-pinnate"	Agrimonia	
14	"Hypanthia not armed; petals absent; stigmas penicillate; inflorescences globulate; leaves evenly odd-pinnate"	Sanguisorba	
15	"Stamens 5; carpels with 1 ovule; styles lateral; leaves 1-3-times tripartite"	Chamaerhodos	"Chamaerhodos sabulosa"
15	"Stamens 20-40; carpels with 2 ovules; styles terminal; leaves interruptedly odd-pinnate"	Filipendula	
16	"Plants shrubs with prostrate to procumbent branches, usually prickly; leaves odd-pinnate or palmately to pinnately compound; fruits pomes, achenes or drupelets"	17	
16	"Plants erect shrubs; leaves simple; fruits drupaceous achenes"	Kerria	
17	"Hypanthia clearly in fruit, somewhat fleshy and closed at the mouth; fruits achenes enclosed by the hypanthia"	Rosa	
17	"Hypanthia concealed by the fruits in fruit; fruits drupelets"	Rubus	
18	"Carpels 1 per flower; ovaries superis; fruits drupes"	19	
18	"Carpels 3-5 per flower; ovaries inferior; fruits pomes"	20	
19	"Styles terminal; hypanthia cupular; stipules usually conspicuous or deciduous"	Prunus	
19	"Styles becoming sub-basal; hypanthia recurved; stipules minute"	Prinsepia	
20	"Mature fruits with a stony endocarp"	21	
20	"Mature fruits without a stony endocarp"	23	
21	"Leaves entire; plants without spines"	Cotoneaster	
21	"Leaves crenate or lobed; plants with spines"	22	
22	"Plants evergreen shrubs; stipules caducous; leaves simple"	Pyracantha	
22	"Plants deciduous shrubs or trees; stipules persistent; leaves pinnately lobed"	Crataegus	
23	"Leaves odd-pinnate"	Sorbus	
23	"Leaves simple or lobed"	24	
24	"Flowers solitary; ovaries with many ovules per locule"	Cydonia	
24	"Flowers in axillary or terminal racemes; ovaries with 2 ovules per locule"	25	
25	"Plants evergreen trees; inflorescences compound racemes"	Eriobotrya	"Eriobotrya japonica"
25	"Plants deciduous trees; inflorescences simple or compound racemes"	26	
26	"Leaves with secondary veins going straight to the margins; inflorescences compound racemes"	Sorbus	
26	"Leaves with secondary veins not going straight to the margins; inflorescences simple racemes, usually on a short branch"	27	
27	"Styles fused at the base; pomes without sclereids, globose"	Malus	
27	"Styles free at the base, emerging through a hole in the middle of the disc; pomes with sclereids, pyriform to globose"	Pyrus	
