from	statement	to
1	"Leaf segments at least 2 cm long, lanceolate to oblong or oval to ovate"	2
1	"Leaf segments 1-3 cm long and filiform to linear or up to 1 cm long and oval to ovate"	5
2	"Leaf segments more than 5 cm long, lanceolate to oblong"	3
2	"Leaf segments about 2 cm long, oval to ovate"	"Ferula lehmannii"
3	"Petals white, persistent; fruit vittae inconspicuous, minute"	"Ferula assa-foetida"
3	"Petals yellow, deciduous; fruit vittae conspicuous, 1-many"	4
4	"Margins of leaf segments entire or sinuate; fruits 10-12 mm long"	"Ferula narthex"
4	"Margins of leaf segments serrate; fruits 15-18 mm long"	"Ferula jaeschkeana"
5	"Leaf segments 1-3 cm long, filiform to linear"	6
5	"Leaf segments up to 1 cm long, oblong to oval or ovate, with small lobes"	8
6	"Leaf bases inflated, up to 15 cm long"	"Ferula oopoda"
6	"Leaf bases not inflated, up to 7 cm long"	7
7	"Rays 9-11, 5-11 cm long"	"Ferula baluchistanica"
7	"Rays about 25, about 3 cm long"	"Ferula hindukushensis"
8	"Pinnae 1-5 mm long, oblong to oval, glabrous or hispid"	9
8	"Pinnae up to 10 mm long, oval to oblong, lobed, puberulous to hispid; lobes 2-3 mm long"	10
9	"Leaves glabrous; plants about 50 cm tall"	"Ferula stewartiana"
9	"Leaves hispid; plants 150-200 cm tall"	"Ferula ovina"
10	"Fruit furrows with 2-3 vittae each"	"Ferula costata"
10	"Fruit furrows with 1 vitta each"	"Ferula reppiae"
