from	statement	to
1	"Inflorescences paniculate; all spikelets pedicellate, with 2 glumes"	2
1	"Inflorescences spicate; all spikelets sessile,  most spikelets with only 1 glume, only the terminal spikelets with 2"	3
2	"Lemma awns 10-18 mm long, longer than their lemmas"	"Lolium giganteum"
2	"Lemma awns absent to to 4 mm long and shorter than their lemmas"	"Lolium arundinaceum"
3	"Mature caryopses plump and thick, only 2-3 times longer than wide; lemma tips usually rounded or blunt, if awned, awns attached 0.5-2 mm below the tips; plants often weeds of grain crops or flax"	4
3	"Mature caryopses more than 3 times longer than wide; lemma tips various, if awned, awns attacheds 0.2-1.0 mm below the tips; habitat various"	5
4	"Lower florets in the spikelets 3.5-5.4 mm long, 1.5-1.8 mm wide; mature caryopsis usually 3.2-4.5 mm long, 1.2-1.8 mm wide; glumes 3-16 mm wide; spikes 2-23 cm long; leaf blades usually 1-6 mm wide, usually unawned (rarely with awns up to 10 mm long; rachises slender, 0,5-1.5 mm thick"	"Lolium remotum"
4	"Lower florets in the spikelets 5.2-8.5 mm long, 1.5-3 mm wide; mature caryopses usually 4.2-7 mm long, 1.6-3 mm wide; glumes 7-30 mm long; spikes 5-40 cm long; leaf blades usually 3-10 mm wide; spikes 5-40 cm long; leaf blades usually 3-10 mm wide; awns present or absent; rachises 0.5-3.5 mm thick"	"Lolium temulentum"
5	"Leaf blades flat or folded when young; plants perennial; non-flowering shoots present at anthesis; spikelets with 2-10(-14) florets; leaf blades flat or folded when young"	"Lolium perenne"
5	"Leaf blades convolute when young; plants annual, without non-flowering shoots at anthesis and spikelets with 3-11 florets or, if biennial or perennial, spikelets with 11-22 florets"	6
6	"Spikelets usually with 11-22 florets, rarely fewer; upper glumes 0.25-0.5 times the length of the spikelet"	"Lolium multiflorum"
6	"Spikelets with 3-11 florets; upper glumes from half the length of the spikelet to longer"	7
7	"Lower lemmas 3.2-8.5(-10.5) mm long, usually unawned, sometimes with awns up to 10 mmlong; rachises rigid, slender to think"	"Lolium rigidum"
7	"Lower lemmas 8-12 mm long, always awned, awns up to 18 mm long, always awned, awns up to 18 mm long; rachises rigid or flexuous"	"Lolium persicum"
