from	statement	to
1	"Plants annual, pubescent, herbaceous; flowers in dense or fairly loose axillary fascicles of 6-12 or more flowers; stamens usually 5"	"Bergia ammannioides"
1	"Plants perennial, woody at the base, much branched, shrubs less than 1 m tall; flowers solitary or in axiallary fascicles of 2-8; stamens usually 10"	2
2	"Plants aromatic and pubescent; stipules linear or lanceolate; cymes of 2-8 flowers; sepals ovate, with conspicuous hairs on the margins"	"Bergia suffruticosa"
2	"Plants not aromatice, glabrous or almost so; stipules setaceous; cymes of 2-4 flowers; sepals lanceolate, denticulate, with glabrous margins"	"Bergia aestivosa"
