from	statement	to
1	"Fruits pyramidal; mericarps neither winged nor spiny"	"Tribulus ochroleucus"
1	"Fruits discoid; mericarps winged or spiny, rarel the spines reduced or suppressed"	2
2	"Fruits with winged mericarps"	3
2	"Fruits with spiny mericarps, spines sometimes reduced to tubercles"	5
3	"Wings of mericarps less than 8 mm wode, pubescent, greyish green"	4
3	"Wings of mericaprls 8-15 mm wide, glabrous-straw yellow"	"Tribulus longipetalus subsp. pterophorus"
4	"Flowers 6-8 mm across; petals 3-4 mm long; wings of mericarps up to 4 mm wide"	"Tribulus longipetalus subsp. longipetalus"
4	"Flowers 10-12 mm across; petals 5-6 mm long; wings of mericarps 4-8 mm wide"	"Tribulus longipetalus subsp. macropterus"
5	"Leaves more than 2.5 cm long; flowers 10 or more mm across"	"Tribulus terrestris"
5	"Leaves up o 2.5cm long; flowers 8-10 mm across; stamens usually 5, rarely up to 10; fruits about 8 mm in diameter"	"Tribulus pentandrus"
