from	statement	to
1	"Plants aromatic, with glands or simple, glandular hairs"	2
1	"Plants sometimes smelling bad, glabrous or farinose"	5
2	"Flowers in dense glomerules, arranged in spikes or panicles; leaves coarsely serrate"	"Chenopodium abrosioides"
2	"Flower solitary or in lax cymes, arranged in panicles; leaves pinnatified"	3
3	"All glandular hairs stalked; perianth segments narrowly ovate and weakly keeled dorsally, their margins without glands"	"Chenopodium botry"
3	"Glandular hairs subsessile; perianth segments ovate to broadly ovate, marings with glands"	4
4	"Perianth segments more or less weakly keeled, keels with simple, non-glandular hairs"	"Chenopodium nepalense"
4	"Perianth segments cristate dorsally, glabrous"	"Chenopodium schaderianum"
5	"Inflorescences composed of more or less sessile, very compact, often berry-like axillary glomerules along the stems and branches; plants more or less glabrous; lower leaves more or less triangular"	6
5	"Inflorescences much branched, glomerules not axillary, less cmpact, not- berry-like; plants usually farinose, especially when youg, sometimes glabrous; lower leaves rhombic-ovate-trullate, rarely triangular"	8
6	"Lower leaves with blades as long as wide, with basal lobes, margins entire; glomerules 2-4 mm long, dry; stems and branches slender, ascending"	"Chenopodium korshinski"
6	"Lower leaves with blades longer than wide, dentate-serrate; glomerules at least 4 mm long, usually succulent, red; stems and branches fairly stout, erect or more or less prostrate"	7
7	"Plants usually erect with spreading branches; leaves and uppermost bracts toothed; seeds 1-1.4 mm in diameter, more or less round in outline"	"Chenopodium foliosum"
7	"Plants with more less prostrate stems and branches; uppermost bracts entire except for a pair of basal lobes; seeds 0.8-1.2 mm long, ovate"	"Chenopodium litwinowii"
8	"Leaf blades 3-8(-15) cm long, triangular to ovate, with outward-projecting, acute, basal lobes and 0-2 lobe-like acute teeth on both sides, otherwise entire; stems prominently angular"	"Chenopodium badachschanicum"
8	"Leaf blades not as above; stems striate, subangular"	9
9	"At least the young leaves glaucous on the lower surfaces, upper surfaces green; terminal flowers with 5 perianth segments and horizontal seeds; lateral flowers usually with 3, free or connate, perianth segments and vertical seeds"	"Chenopodium glaucum"
9	"Leaves more or less the same colour on both surfaces; all flowers with 5 perianth segments that are free at least half their length and horizontal seeds"	10
10	"Perianth segments with a prominent dorsal green or red swelling  near the tips; preicarps persistent; seed margins keeled, acute edged, testa prominently pitted; leaf blades toothed"	"Chenopodium murale"
10	"Perianth segments with rounded backs or keeled most of their length; pericarps free to adheret; margins of seeds rounded to somewhat acute, testa smooth to finely sculptured, sometimes pitted; leaf blades smooth to entire"	11
11	"Seeds about 1 mm long, testa pitted, pits radially elongated excpet near the margins; leaf blades 3-lobed with fairly long, elliptic-truncate middle locbes or the whole blade narrowly elliptic with a few teeth"	"Chenopodium ficifolium subsp. blomianum"
11	"Seeds 0.8-1.5 mm long, testa smooth to radially furrowed or minutely pitted to obscurely reticulate; leaves not as above"	12
12	"Leaf blades ovate to broadly rhombic, length less than 2 times the width, margins entire or angled or with a pair of rounded shallow lobes at their widest pont"	13
12	"Leaf blades rhombic-trullate-triangular, eitire or with 1-2 lobe-like teeth on both sides at the widest point, margins serrate or dentate or, if entires, blades usually lanceolate to narrowly elliptic, length more than 2 times the width"	15
13	"Plants strongly farinose, bad smelling; leaf blades ovate to rhombic, entire or angled at the widest part; inflorescnces compound, of small thyrses"	"Chenopodium vulvaria"
13	"Plants less farinose, not smelling bad; leaf blades more or less ovate, margins  with a pair of rounded shallow lobes or entire, not angled; inflorescences paniculate, not formed of small thyrses"	14
14	"Leaf blades usually 1.5-2.5 cm long; perianth segments lobed to midlength; seeds 1.1-1.3 mm long, round, finely pitted"	"Chenopodium karoi"
14	"Leaf blades 0.7-1.3 mm long; perianth segments free to near the base; seeds 0.8-1.1 mm long,ovate, smooth"	"Chenopodium pamiricum"
15	"Leaf blades triangular to broadly ovate, often almost as wide as long, acute-acuminate, margins sparsely toothed, basal teeth prominent; perianth lobes prominently keeled on the back"	"Chenopodium atripliciforme"
15	"Leaf blades rhombic-elliptic-ovate-tullate, distinctly wider than long, obtuse to acute, margins entire to toothed; perianth lobes usually weakly keeled"	16
16	"Inflorescences paniculate; leaf blades dull green to yellowish or pure green, usually not glaucous, trullate to rhobic, margins variously serrate or entire, seomtimes with lobe-like basal teeth; seeds 1.1-1.5 mmlong, round to slightly ovate in outline"	"Chenopodium album"
16	"Inflorecences spifiorm; leaf blades glaucous, olive or silvery freen, trullate to elliptic, more or less regularly serrate or entire; seeds 0.9-1.2 mm long, ovate to round in outline"	17
17	"Leaf blades silvery greyish green to glaucous, narrowly trullae to narrowly elliptic, marings entire or with 2 lobe-like basal teeth; seeds round in outline"	"Chenopodium novopokrovskyanum"
17	"Leaf blades glaucous to olive green, trullate to elliptic, more or less regularly dentate to entire; seeds ovate in outline"	"Chenopodium strictum"
