from	statement	to	shortcut
1	"leaves compound"	2	
1	"Leaves simple"	5	
2	"Fruits samaras; leaflets usually serrate or crenate, rarely entire"	Fraxinus	
2	"Fruits berries or capsules; leaflets usually entire"	3	
3	"Fruits berries; corolla lobes (4-)5-10; flowers solitary, in cymes, or fascicles"	Jasminium	
3	"Fruits capsules; corolla lobes 4; flowers solitary, in panicles, or fascicles"	4	
4	"Corolla tubes longe rthan the lobes, red-lilac or white; leaves simple, entire, or pinnatified"	Syringa	
4	"Corollas deeply divided, yello; tubes much shorter than the lobes; leaves simple, serrate, trilobes, or trifoliate"	Forsythia	
5	"Corolla tubes orange-red; corolla lobes whitish; leaves covered with short stiff hairs"	Nyctanthes	"Nyctanthes arbor-tristis"
5	"Corolla tubes the same colour as the lobes; leaves sometime hairy but not covered with short, stiff hairs"	6	
6	"Corollas 3-5 mm in diameter, creamy-white or sometimes greenish; corolla tubes up to 3 mm long; fruits drupes"	7	
6	"Corollas 5-35 mm in diameter, white, yellow, or red-lilac; corolla tubes 5-20 mm long; fruits berries or capsules"	10	
7	"Leaves lanceolate to ovate, densely covered with minute whitish or reddish scales particularly on the lower surface; plants small trees with a greyish-green appearance"	Olea	
7	"Leaves ovate, green, sometimes shiny, never densely covered with scales; plants trees or shrubs, not greyish"	8	
8	"Leaves with glands (domatia) in the axils of the veins"	Olea	
8	"Leaves without glands (domatia) in the axils of the veins"	9	
9	"Flowers in short racemes of fascicles; drupes 1-seeded"	Osmanthus	"Osmanthus fragrans"
9	"Flowers in thyrsoid panicles; drupes with 1-3 seeds, resembling a berry"	Ligustrum	
10	"Fruits berries; corolla lobes (4-)5-10; flowers solitary, in cymes, or fascicles"	Jasminium	
10	"Fruits capsules; corolla lobes 4; flowers solitary, in panicles, or fascicles"	11	
11	"Corolla tubes longe rthan the lobes, red-lilac or white; leaves simple, entire, or pinnatified"	Syringa	
11	"Corollas deeply divided, yello; tubes much shorter than the lobes; leaves simple, serrate, trilobes, or trifoliate"	Forsythia	
