from	statement	to
1	"Leaf blades on mature branches lobed, sometimes narrowly oblong and entire on young plants and suckers; buds pubescent, not sticky"	2
1	"Leaf blades not lobed; buds sticky"	3
2	"Leaf blades glabrous, morphologically variable"	"Populus euphratica"
2	"Leaf blades white tomentose, always lobed"	"Populus alba"
3	"Styles 2-branched, the branches short; capsules 2-valved"	4
3	"Styles 3-4 branched; capsules 3-4-valved"	5
4	"Leaf blades 2-7 cm long, 3-7.5 cm wide; pistillate catkins up to 7 cm long"	"Populus afghanica"
4	"Leaf blades 5-12 cm long, nearly as wide; pistillate catkins up to 10.5 cm long"	"Populus nigra"
5	"Leaf blades 7-18 cm long, 6-13 cm wide, case usually cordate; pistillate catkins 15-30.5 cm ling in fruit; capsules pedicellate, pedicels 2.5-10 mm long"	"Populus ciliata"
5	"Leaf blades 4-10.5 (-18) cm long, 3-9 cm wide; pistillate catkins 6-10 cm long in fruit; capsules subsessile, pedicels 1-1.5 mm long"	"Populus pamirica"
