from	statement	to
1	"Pedicels ofter 2-3 mm long in fruit, thickened and appressed"	"Lepidium aucheri"
1	"Pedicels often 4-8 mm long in fruit, neither thickened nor, usually, appressed, rarely subappressed"	2
2	"Silicles often deeply notched at the apex, usually 5-6 mm long"	"Lepidium sativum"
2	"Silicles slightly or obscurely notched at the the apex, usually 2-3 mm long"	3
3	"Plants annuals or biennials"	4
3	"Plants perennial"	8
4	"Leaves dimorphic; basal and lower leaves bipinnatisect, upper leaves ovate, cordate, and entire"	"Lepidium perfoliatum"
4	"Leaves all alike, pinnatifid, dentate, or linear"	5
5	"Racemes more or less captitate in fruit, not more than 3 cm long"	"Peidium capitatum"
5	"Racemes, elongated, 5-10 cm long in fruit"	6
6	"Petals larger than the sepals; leaves bristle or ciliate"	"Lepidium virginicum"
6	"Petals shorter than the sepals or absent; leaves usually glabrous or with short, usually capitate, hairs"	7
7	"Stems usually single, with larger leaves on the lower portion and a crown ob branches higher up; upper caline leaves oblanceolate-spathulate, usually entire; petals 1/2-2/3 as long as the sepals or absent; silicles usually with entire apices, sometimes slightly emarginate"	"Lepidium pinnatifidum"
7	"Stems usually branched throughout, often with similar leaves throughout; upper leaves bipinattipartite or distantly toothed to linear; petals absent or, if present, rudimentarys; silicles with distinctly notched apices"	"Lepidium apetalum"
8	"Stems papillose; mature silicles conspicuourly reticulate-alveolate; inflorescences 15-20-flowered"	"Lepidium caritlarineum"
8	"Stems glabrous and smooth; mature silicles smooth or faintly reticulate; inflorescences 30-50-flowered"	"Lepidium latifolium"
