from	statement	to
1	"All cypselas with 5 primary ribs and 10 secondary ribs, basally 5-notched and with 5 projections"	2
1	"Innermost cypselas with 4 primary and 8 secondary ribs, basally 4-notched with 4 projections; peripheral cypselas with 5 primary and 10 secondary ribs, basally 5-notched with 5 projections"	3
2	"Synflorescences indurate to lignified, divaricately and intricately branched; peduncles transformed to spines or thorns after shedding capitula and buds; young shoots and branches with whitish mealy indumentum or glabrous; marginal cypselas densely papillate"	"Launaea acanthodes"
2	"Synflorescences neither indurated nor lignified; peduncles never transformed into spines or thorns after fall of capitula and buds; marginal cypselas never papillate"	"Launaea aspleniifolia"
3	"Peripheral cypselas allways papillate pappuses either persistent or deciduous without disk"	4
3	"Peripheral cypselas always glabrous and mostly wrinkled; pappuses either persistent or deciduous with disk"	7
4	"Capitula with 25-30 flowers; outer cypselas with a distinct, glabrous short beak or point, the body densely papillate; fruiting receptacles about 2 mm wide"	"Launaea quettaensis"
4	"Capitula usually with more than 30 flowers; no cypsela beaked or pointed; fruiting receptacles more than 2.5 mm wide"	5
5	"Style branches with black hairs; mature inner cypselas with distinct secondary ribs and papillate in transverse rows"	"Launaea stenocephala"
5	"Style branches with yellow hairs; mature inner cypselas without secondary ribs, smooth to weakly transversely wrinkled"	6
6	"Plants glaucous-green, usually less that 20(-25) cm tall; leaves shallowly pinnatifid, with pinnatifid auricles at the base; ligules 10-14 mm long"	"Launaea platyphylla"
6	"Plants glaucous-greyish, usually more than 20 cm tall; leaves deeply uni- or bipinnatifid, with cartilaginous teeth on sinuate margins"	"Launaea mucronata"
7	"Pappuses homomorphic, with setaceous rays only, deciduous with disk"	8
7	"Pappuses dimorphic, persistent, rays downy  and setaceous"	9
8	"Plants annual herbs with more or less globose and subsessile capitula with 20-50 florets grouped in fascicles borne in a monopodial cyme or, in acaulescent plants, in the centre of the leaf rosette; anther tubes, excluding appendages, less than 1.5 mm long; cypselas broadly winged; fruiting receptacles about 4 mm across"	"Launaea capitata"
8	"Plants perennial herbs with cylindrical pedunculate capitula with 16-27 florets grouped into fascicles borne in a dichasial panicle-like cyme; anther tube excluding appendages 2-3 mm long; cypselas ribbed, wingless; fruiting receptacles 1.5-3 mm across"	"Launaea procumbens"
9	"Plants broom-like subshrubs with indurated fastigiated leafless, long-articulate, virgate flowering axes"	"Launaea oligocephala"
9	"Plants annual or perennial herbs, not broom-like but virgate or divaricately branched synflorescences and leafy or leafless flowering axes"	10
10	"Plants perennial herbs with spikelike, distingly secund synflorescences; capitula with 8-14 flowers; ligules 7-8 mm long; anther tubes, excluding the appendages, about 2.5 mm long; outer cypselas truncate, beakless, pale to brownish; pappuses 4-5 mm long"	"Launaea secunda"
10	"Plants annual herbs with more or less leafless shoots or leafy all over; capitula with 18-35 flowers; ligules 5.6-6 mm long; anther tubes excluding appendages about 1.5 mm long; pappuses 7-8 mm long"	"Launaea intybacea"
