from	statement	to
1	"Bracts persistent"	2
1	"Bracts soon falling off"	4
2	"Twigs terete; calyx lobes longer than the bracts; capsules glandular pubescent"	"Strobilanthes glutinosa"
2	"Twigs 4-angled; calyx lobes shorter than the bracts; capsules glabrous"	3
3	"Calyx lobes linear-oblong, glandular hairy all over, slightly enlarged in fruit; flowers blue to dark backish blue, 2.5-3 cm across"	"Strobilanthes atropupureus"
3	"Calyx lobes linear-lanceolate, mostly glabrous but the tips glandular pubescent, much enlarged in frit; flowers pale blue, less than 2 cm across"	"Strobilanthes wallichii"
4	"Leaf blades cordate or rounded at the base; petioles long, winged at the top; inflorescences open, paniculate spikes; bracts shorter than the calyces"	"Strobilanthes urticifolia"
4	"Leaf blades nearly sessile or attenuated to petioles up to 2.5 cm ln; inflorescence capitate or dense spikes; bracts equalling the calyces"	"Strobilanthes dalhousieanus"
