from	statement	to
1	"All florets ligule; plants with milky latex (evident when fresh)"	Lactuceae
1	"At least the central florets without a ligule; plants without a milky latex"	2
2	"Corollas of the disc florets bilaterally symmetric, with 2 adaxial lobes and a longer, abaxial, 3-lobed limb"	Mutiseae
2	"Corollas of disc florets radially symmetric"	3
3	"Anthers not or scarcely tailed at the base, the tips often well demarcated from the connective and concave; style hairs usually restricted to the upper portion of the style branches, otern concentrated at the tips, rarely present below the branches"	4
3	"Anthers tailed at the base, the tops not demarcated from connective, flat; style hairs scattered on the branches and the shaft"	20
4	"Achenes polymorphic, the outer boat-shaped and keeled, somethat curved, beaked, or 3-sided, the innter distinctly curved, sometimes winged or ring-shaped"	Calenduleae
4	"Achenes usually all alike, rarely dimorphic, more or less straight"	5
5	"Receptacles without bracts"	6
5	"Receptacles with bracts"	13
6	"Styles with hairs on the shaft and the branches"	Plucheeae
6	"Styles with hairs only on the distal portion of the branches, sometimes only at the branch tips"	7
7	"Achenes carbonized more or less black or brownish black"	8
7	"Achenes not carbonized, variously coloured but not black"	9
8	"Pappuses usually of many scabrous-barbellate bristles, rarely of plumose bristles"	Eupatorieae
8	"Pappus usually of scales with or without an extended bristle-like midrib"	Helenieae
9	"Style branches prolonged into a triangular to lanceolate or subulate sterile appendage"	Astereae
9	"Style branches not extended into a triangular to lanceolate or subulate sterile appendage"	10
10	"Stigmatic region of two separate lines or partially or wholly continuous ventrally but not at the tips of the style branches"	11
10	"Stigmatic areas confluent at the tips of of the stye branches"	Inuleae
11	"Filament collars slender or much dilated with swollen cells; phyllaries usually in one series, rarely in 2, wholly herbaceous"	Senecioneae
11	"Filament collars neither slender nor dilated with swollen cells; phyllaries usually in several series, rarely in 2, scarious throughout or on the margins and at the tip"	12
12	"Anthers usually not tailed, rarely shortly so; pappuses often absent, when present usually of a few scarious scales, crown-like, or an auricle, rarely of may, flat, bristle-like scales, never of capillary bristles"	Anthemideae
12	"Anthers tailed, tails short or long; pappuses usually present and of plumose or barbellate capillary bristles in 1-several rows, rarely absent or of scales and bristles or scales only"	Gnaphalieae
13	"Style branches extended into triangular to lanceolate or subulate sterile appendages beyond the stigmatic region"	Astereae
13	"Style branches not extended into triangular to lanceolate or subulate sterile appendages beyond the stigmatic region"	14
14	"Achenes carbonized, more or less black or brownish black"	15
14	"Achenes not carbonized, variously coloured but not black"	17
15	"Bracts of receptacles of flat and/or folded, often with resinous ducts"	Heliantheae
15	"Bracts of receptacles neither flat nor folded, without resinous ducts"	16
16	"Pappuses usually of scales, with ot without an extended, bristle-like midrib; heads radiate, discoide, or disciform"	Helenieae
16	"Pappuses usually of many scabrous to barbellate bristles, rarely of plumose bristles or of both bristles and scale; heads always discoid"	Eupatorieae
17	"Filament collars slended or dilated with swollen cells; phyllaries rarely in 2 series"	Senecioneae
17	"Filament collars neither slender nor dilated with swollen cells; phyllaries usually in several series, rarely in 2"	18
18	"Stigmatic regions confluent towards the tips of the style branches"	Inuleae
18	"Stigmatic regions in 2 separate lines, never confluent at the tips of the style branches"	19
19	"Anthers usually tailed, rarely not tailed; pappuses of capillary bristles in 1-several rows"	Gnaphalieae
19	"Anthers usually not tailed, rarely shortly so; pappuses of a few scarious scales or many flat, bristle-like scales or absent"	Anthemideae
20	"Leaves mostly unarmed, rarely spine; phyllary tips neither scarious nor spiny"	Vernonieae
20	"Leaves mostly spiny or spinules; phyllary tips usually either scarious or spiny"	21
21	"Anthers distinctly caudate, rarely with short tails; styles not thick not narrowed near the middle, usually with a slight thickening or ring of hairs near where they branch"	Cardueae
21	"Anthers usually not tailed, rarely shortly tailed; styles thick, narrowing near the middle and slender to the base, shortly branched"	Arctoteae
