from	statement	to	shortcut
1	"Plants suffrutescent (with persistent woody bases), erect"	2	
1	"Plants herbaceous throughout, erect, procumbent, or prostrate"	3	
2	"Leaves opposite; sepals dorsally hooded, awned on the back; ovaries sessile, with 1 ovule; stigmas 3"	Gymnocarpus	"Gymnocarpus decander"
2	"Leaves fascicled; sepals not hooded, mucronate, not awned; ovaries stipitate, with 2 ovules; stigmas 2"	Sphaerocoma	"Sphaerocoma aucheri"
3	"Flowers 3, in pedunculate cymes, only the central flower fertile, lateral flowers sterile; bracts conspicuous"	4	
3	"Flowers more than 3 in sessile, dense, cymose clusters, all flowers fertile; bracts inconspicuous"	Herniaria	
4	"Stipules subulate; peduncles filiform; sepals 5; petals 5; stamens 5"	Cometes	"Cometes surattensis"
4	"Stipules lanceolate; peduncles flattened, leaflike, oblancolate or obovate; sepals 4, petals lacking; stamens 4"	Pteranthus	"Pteranthus dichotomus"
