from	statement	to
1	"Plants annual"	2
1	"Plants biennial or perennial"	3
2	"Leaves cordate-reniform to suborbicular, distinctly petiolate; hairs simple; calyces stellate in fruit"	"Androsace umbellata"
2	"Leaves lanceolate to oblanceolate, with indistinct petioles; hairs simple and branched; calyces not stellate in fruit"	"Androsace septentrionalis"
3	"Plants biennial; leaves spathulate, 15-44 mm long, cartilaginous, pale yellowish-white, at least when dry; leaf margins ciliolate; hairs occasionally branched"	"Androsace aizoon"
3	"Plants perennial; leaves either differing with regard to one or more of shape, texture, color and margins or only 5-15 mm long; hairs simple"	4
4	"Leaf petioles 2-2.5 times the length of the blades; blades reniform-cordate to orbicular-cordate"	5
4	"Leaf petioles not more than the length of the blades; blades lanceolate to elliptic-lanceolae or elliptic-ovate, more or less spathulate or suborbicular"	6
5	"Blades 4.5-12.5 mm long, 7-20 mm wide; membranous, margins sharply toothed; pedicels 6-8 mm longl calyces 3-5 mm long"	"Androsace thomsonii"
5	"Blades (6-)12.4-26 mm long, 20-42 mm wide, margins crenate-dentate; pedicels 5-40 mm long; calyces 5-12 mm long"	"Androsace rotundifolia"
6	"Flowers yellow"	"Androsace flavescens"
6	"Flowers white to pink, pink-mauve or lilac"	7
7	"Leaves glabrous to sparsely pubescent; margins setose-ciliate"	8
7	"Laves pubescent to villous; margins not strongly setose-ciliate"	12
8	"Leaves farinose; scapes usually 14-34 cm long, sometimes less; capsules with 2-8 seeds"	9
8	"Leaves not farinose; scapes up to 7 cm long; capsules with 1-2 seeds"	11
9	"Leaves strongly overlapping, columnar on the caudices, cartilaginous, 2.5-14 mm long. 0.5-4 mm wide, margins ciliate at the base; plants not stoloniferous"	"Androsace harrissii"
9	"Leaves in loose to dense rosettes, not cartilaginous, 15-75 mm long, 3-5.5 mm wide, margins ciliate or setose ciliate"	10
10	"Leaves elliptic, 8-20 mm long; scapes 2.5-11.5 cm tall, with 3-8 flowers; bracts 6-11 mm long"	"Androsace himalaica"
10	"Leaves linear-lanceolate, 12-57 mm long; scapes 7.5-28 cm tall, with 10-22 flowers; bracts 6-11 mm long"	"Androsace hazarica"
11	"Stolons slender, 1 per nodes and up to 20 mm, long; leaves 3-8 mm long. 1.5-3 mm wide; scapes slender, 2-12(-18) mm long, with (1-)2-6 flowers"	"Androsace mucronifolia"
11	"Stolons more or less stout, 3-6 per node, (1-)30-80 mm long; leaves 5-15 mm long 3-6.5 mm wide; scapes more or less stout, 12-68 mm tall, with 4-15 flowers"	"Androsace sempervivoides"
12	"Corollas without or with only a poorly developed annulus; capsules with 1-6 seeds"	13
12	"Corollas with an annulus, often a well developed one; capsules with 1-3 seeds"	16
13	"Stolons about 1 mm thick; leaves all alike, in rosettes 7-15(-17) mm wide; scapes slender 2-8 cm tall, with (2-)4-10 flowers; pedicels 2.5-3 times the length of their subtending bracts"	"Androsace duthieana"
13	"Stolons 1.5-3 mm thick; leaves of two kines; rosettes, if present, 5-30 mm wide; scapes stout, (2-)4.5-22.5 cm tall, with 15-55 flowers; pedicels usually 1.5-3 times the length of their subtending bracts"	14
14	"Stolons leafy; leaves densely appressed silky-villois"	"Androsace lanuginosa"
14	"Stolons appearing leafless; leaves villous, rarely silky-villous"	15
15	"Stolons 2-3 mm thick; leaves more or less loosely arranged, inner leaves elliptic-cuneates or elliptic ovate, 2-11.5 cm lonf, 1.1 - 3.4 cm wide; scapes 5.5-22.5 cm tal, with (7-)20-55 flowers"	"Androsace foliosa"
15	"Stolones about 1.5 mm thick; leaves more or less compactly arranged, the inner leaves elliptica lanceolate, 2-6.8 cm long 0.4-1.2 cm wide; scapes 4.5-15 cm tall, with 15-22 flowers"	"Androsace stuiosorum"
16	"Leaves strigose on their top and the upper half of the lower surface, the hairs 0.18-0.5 mm long, 2-3 septate"	"Androsace akbaitalensis"
16	"Leaves sparsely to densely pubescent, especially on the lower surface, hairs 0.25-1.9 mm long, usually 3-5 septate, rarely less"	17
17	"Plants very compact; caudices 11-25 long, the leaves closely appressed; scapes highly reduced to absent, with 1 flower"	"Androsace russellii"
17	"Plants usually of a loose and dichotomous habit, caudices more than 25 mm long; leaves in more or less loose to suglobose rosettes separated up to 15 mm; scapes usually well developed, with 1-12 flowers"	18
18	"Leaf rosettes 3-6 mm wide, globose; leaves more or less incurved,21-4.5 mm long 1-2.8 mm wide; scapes up to 8 mm tall, 1ith 1-2 flowers"	"Androsace muscoides"
18	"Leaf rosettes loose or, if globose, 4-14 mm wide; leaves not incurved, 3-11 mm long, 1-2.8 mm wide; scapes (5-)7-90 mm tall, with 3-12 flowers"	19
19	"Plants robust; leaves densely appressed villous, cinerascent green or silky white"	20
19	"Plants more or less slender; leaves almost glabrous to pubescent-villous but not densely so"	21
20	"Rhizomes woody, about 4.5 mm thick; scapes to 10 mm tall; seeds with a prominent hilum scar"	"Androsace villosissima"
20	"Rhizomes not woody; scapes 40-95 mm tall; seeds with a prominent hilum scar"	"Androsace robusta"
21	"Leaves in subglobose rosettes, upper surfaces sparsely hairy; inflorescences densely white-villous"	"Androsace staintonii"
21	"Leaves in loose rosettes, villous, sometimes sparsely so; inflorescences with pubescence similar to that of the leaves"	22
22	"Plants usually villous; indumentum of white to pale, rust-colored hairs; scapes with 1-3 flowers; leaves faintly keeled, tips more or less obtuse"	"Androsace baltistanica"
22	"Plants sparsely villous; indumentu of white hairs; scapes with 3-9 flowers; leaves keeled, tips acute"	23
23	"Plants more or less compact; tips of leaves, calyx lobes, and bracts purplish-tinged; calyx lobes obtuse; corolla lobes obtuse"	"Androsace pjhorensis"
23	"Plants loose, slender; tips of leaves, scapers, and bracts not purplish-tinger; calyx lobes subacutel corolla lobes entire to wavy"	"Androsace lowariensis"
