from	statement	to
1	"Cypselas flattened, papery, smooth between the ribs, more or less winged"	"Sonchus asper"
1	"Cypselas 4-angled to slightly flattened, neither papery nor winged, rugulose between the ribs"	2
2	"Plants annuals or biennials; auricles of upper leaves acute"	3
2	"Plants perennials; auricles of upper leaves rounded"	4
3	"Leaf blades pinnately parted with narrow lobes less than 0.5 cm wide or strongly constricted at the base, terminal lobe usually as long as the lateral lobes; peduncles glandular hairy; ligules longer than the tube; cypselas abruptly narrowed at the base, narrowly oblanceolate"	"Sonchus tenerrimus"
3	"Leaf blades or with lobes 0.5-3 cm wide or lobes, if present, not constricted at the base; terminal lobe usually much longer than lateral lobes; ligules more or less as long as the tube; cypselas gradually narrowed at base, oblanceolate"	"Sonchus oleraceus"
4	"Involucres with about 27 phyllaries; ligules much longer than  tubes; pappuses caducous"	"Sonchus maritimus"
4	"Involucres of 38-50 phyllaries; ligules more less equal to or shorter than tube; pappuses persistent"	"Sonchus wightianus"
