from	statement	to
1	"Leaves with winged petioles"	"Pulicaria petiolaris"
1	"Leaves more or less sessile, sometimes the lower leaves with short petioles"	2
2	"Outer and inner pappuses connate and faling together; achenes completely glabrous"	"Pulicaria undulata"
2	"Outer and inner pappuses neither connate nor falling togetherl achenes sparsely to densely hairy"	3
3	"All marginal florets tubular"	4
3	"At least some marginal florets with rays"	8
4	"Plants annual herbs; inner pappus setae terete, slender, fewer than 10"	"Pulicaria foliosa"
4	"Plants perennial shrubs or suffrutescent herbs; inner pappus setae flat, rigid, about 10-20"	5
5	"Phyllaries, stems, and leaves glandular"	"Pulicaria glutinosa"
5	"Phyllaries, stems, and leaves without glands"	6
6	"Plants shrublets with long, slender, erect branches; leaves (3-)4(-4.5) cm long, linear to linear oblanceolate"	"Pulicaria glaucescens"
6	"Plants dwarf, instricately branched shrubs with short branches; leaves rarely more than 2 cm long, oblanceolate to spathulate"	7
7	"Plants glabrous to sparsely hairy; leaves usually oblanceolate"	"Pulicaria carnosa"
7	"Plants villous with long white hairs; leaves usually dilated or spathulate"	"Pulicaria boissieri"
8	"Phyllaries in 4-5 rows"	9
8	"Phyllaries in 2-3 rows"	12
9	"Plants perennial; achenes 10-ribbed"	"Pulicaria dysentrica"
9	"Plants annual; achenes either not ribbed or only faintly ribbed, never 10-ribbed"	10
10	"Ray of ray flowers about 1 mm long; peduncles lanate to pubescent, eglandular; inner pappus setae 7-8, about 1.5 mm long. Almost equaling the achenes"	"Pulicaria vulgaris"
10	"Ray of ray flowers 3-6 mm long; peduncles spreading-pilose, glandular; inner pappus setae 10-15, longer than the achenes"	11
11	"Phyllaries completely herbaceous; ray of ray flowers about 3 mm long, almost equaling the corolla tube"	"Pulicaria arabica"
11	"Phyllaries rigid in the lower half, herbaceous in the distal half; ray of ray flowers about 6 mm long, about twice the length of the corolla tube"	"Pulicaria baluchistanica"
12	"Cauline leaves flat, not lanate; inner pappus setae 10-15"	"Pulicaria angustifolia"
12	"Cauline leaves undulate or crisped, floccose to lanate; inner pappus setae 20-30 (-40)"	13
13	"Cauline leaves often reduced, semiamplexicaul; heads 5-8 mm across; phyllaries 2-4 mm long; rays of ray flowers 2-4 mm long, shorter than the disc florets; pappus setae 8-15"	"Pulicaria gnapholodes"
13	"Cauline leaves well developed, attenuate at base; heads 10-15 mm across; phyllaries 4-8 mm long; ray of ray florets longer than the disc florets; pappus setae 20-30(-40)"	"Pulicaria salviifolia"
