from	statement	to
1	"Inflorecences globose heads; ovules 2; fruits orbicular, 5-6 mm long"	"Terminalia anogeissiana"
1	"Inflorescences spicate or paniculate; ovules 1 per ovary; fruits 15-50 mm long"	2
2	"Petioles without glands at the top; calyx lobes pubescent"	"Terminalia bellirica"
2	"Petioles with 2 glands at the top; calyx lobes glabrous"	3
3	"Fruits not winged"	"Terminalia chebula"
3	"Fruits winged"	4
4	"Fruits 2-winged"	"Terminalia catappa"
4	"Fruits 5-winged"	5
5	"Bark smooth; young parts of plant more or less glabrous; striations of fruit wings curved upwards"	"Terminalia arjuna"
5	"Bark rough; younger parts of plant tomentose; striations of fruit wings horizontal"	"Terminalia crenulata"
