from	statement	to
1	"Flowers spurred"	"Halenia:Halenia elliptica"
1	"Flowers not spurred"	2
2	"Stamens dimorphic, 1 long and fertile,  three short and sterile"	"Hoppea:Hoppea dichotoma"
2	"Stamens all alike, equally long and fertile"	3
3	"Anthers strongly twisted after anthesis"	Centaurium
3	"Anthers not strongly twisted after anthesis"	4
4	"Flowers in verticellate clusters; filaments with scales at the base"	"Enicostemma:Enicostemma hyssopifolia"
4	"Flowers not in verticellate clusters; filaments of most species without scales at the base"	5
5	"Corolla tubes shorter than the lobes or corolla of separate petals"	6
5	"Corolla tubes from about equal to the lobes or longer"	7
6	"Corolla tubes without nectaries or nectary-like depressions at the base; stigmas decurrent"	Lomatogeton
6	"Corollas tubes with nectaries or nectary-like depressions at the base; stigmas not decurrent"	Swertia
7	"Nectaries present at the base ovary; corolla tubes plicate"	8
7	"Nectaries not present at the base of the ovary; corolla tubes not plicate"	10
8	"Anthers basifixed; basal leaves with more than 1 vein; most species annual or biennial"	Ciminalis
8	"Anthers dorsifixed of versatile; basal leaves usually with 1 vein; most species biennial or perennial, a few annual"	9
9	"Corollas fimbriate in the tube"	Qaisera
9	"Corollas withour fimbriae in the tube"	Gentianodes
10	"Styles absent; corolla lobes fimcriate, fimbriae linear to filiform"	Comastoma
10	"Styles present; corolla tubes naked"	11
11	"Calyx lobes distinctly unequal"	12
11	"Calyx lobes equal to subequal"	13
12	"Calyx lobes distichous"	Gentianopsis
12	"Calyx lobes not distichous"	Aloitis
13	"Calyces always longer than the corollas"	"Kurramiana:Kurramiana micrantha"
13	"Calyces shorter or equal to the corollas"	14
14	"Stamens versatile"	"Aliopsis:Aliopsis pygmaea"
14	"Stamens basifixed"	Jaeschkea
