from	statement	to
1	"Flowers white; leaves distinctly petiolate"	2
1	"Flowers pink or orange to red; leaves subsessile  or shortly petiolate"	4
2	"Corolla tubes 20-25 mm long; inflorescence brnches hairy; calyx lobes longer and wider than the calyx tubes"	"Ixora polyantha"
2	"Corolla tubes 8-12 mm long; inflorescence branches glabrous; calyx lobes equalling or shorter than the calyx tubes"	3
3	"Styles densely pubescent; calyx teeth minute, shorter than the tube; leaves almost rounded at the base, margins not undulate"	"Ixora pavetta"
3	"Styles glabrous; caylx teeth as long as the tube; leaves acute at the base, margins undulate"	"Ixora undulata"
4	"Leaves pubescent on the lower surface; corolla tube 1.5-2 cm long; lobes obtuse to rounded; flowers mostly pink"	"Ixora chinensis"
4	"Leaves glabrous on both surfaces; corolla tubes 2.5-4.5 cm long, lobes acute to acuminate; flowers scarlet or orange-scarlet"	5
5	"Leaves shortly petiolate, acute, with 10-12 main pairs of lateral veins"	"Ixora fulgens"
5	"Leaves sessile, obtuse or mucronate, with about 8 pairs of lateral vains"	"Ixora coccinea"
