from	statement	to
1	"Sepals of staminate flowers valvate in bud"	Bridelia
1	"Sepals of staminate flowers imbricate in bud"	2
2	"Inflorescences spikes, racemes, or panicles"	"Antidesma:Antidesma acidum"
2	"Inflorescences of axillary clusters of flowers or of solitary flowers"	3
3	"Staminate flowers with nectary disks"	4
3	"Staminate flowers without nectary disks"	6
4	"Petals present"	Andrachne
4	"Petals absent"	5
5	"Pistillodes present in the staminate flowers"	Flueggea
5	"Pistillodes absent from the staminate flowers"	Phyllanthus
6	"Calyx tube present, turbinate or campanulate"	Breynia
6	"Calyx tube absent or almost so"	"Glochidion:Glochidion velutinum"
