from	statement	to
1	"Leaves, bracts, and calyces glandular"	2
1	"Leaves, bracts, and calyces not glandular"	3
2	"Fruits glabrous to subglabrous; glands prominent"	"Oxytropis microphylla"
2	"Fruits uniformly hairy; glands not prominent"	"Oxytropis chiliophylla"
3	"Fruits membranous, inflated"	4
3	"Fruits not membranous or not inflated"	6
4	"Fruits about 12-14 mm wide (when pressed); prowlike tips of keels about 3 mm long"	"Oxytropis platonychia"
4	"Fruits up to about 1- mm wide; prowlike tips of keels up to 2 mm long"	5
5	"Prowlike tips of keels up to about 1 mm long"	"Oxytropis tatarica"
5	"Prowlike tips of keels 1-2 mm long"	"Oxytropis cachemiriana"
6	"Aerial stems elongated"	7
6	"Aerial stems not elongated"	10
7	"Stipules united at the base, leaf opposed; inflorescences elongate or globose, at least when young"	8
7	"Stipules free, lateral to the leaves; inflorescences elongate when young"	"Oxytropis glabra"
8	"Inflorescences elongate, even when young; stipules often unequal; stems up to 110 cm long; leaves heteromorphic, basal leaves often 1- or 3-foliolate, upper stem leaves, usually 7-foliolate, leaflets linear lanceolate, often falcate"	"Oxytropis mandokhailii"
8	"Inflorescences globose, at least when young; stems and leaves not with the same combination of characteristics"	9
9	"Leaves subtending the Inflorescences longer or only slightly shorter than the inflorescences; lateral calyx teeth about 1.5-2 mm long"	"Oxytropis hypoglottoides"
9	"Leaves subtending the inflorescences much shorter than the inflorescences; lateral calyx teeth about 3 mm long"	"Oxytropis lapponica"
10	"Leaflets verticillate, at least at some points along the rachises"	11
10	"Leaflets not verticillate"	13
11	"Calyx teeth shorter than the tube"	"Oxytropis staintoniana"
11	"Calyx teeth longer than the tube"	12
12	"Leaflets 30-40 per leaf, densely hairy"	"Oxytropis chitralensis"
12	"Leaflets 9-12 per leaf, sparsely hairy"	"Oxytropis birirensis"
13	"Fruits sessile"	14
13	"Fruits stipitate"	17
14	"Keels with prowlike tips 2-2.5 mm long"	15
14	"Keels with prowlike tips about 1 mm long"	16
15	"Calyces 15-16 mm long, their teeth about 9 mm long; banner petals 13-14 mm long; plants villous, hairs spreading"	"Oxytropis sikaramensis"
15	"Calyces about 13 mm long, their teeth about 4 mm long; banner petals about 21 mm long; plant velvety, with brownish hairs"	"Oxytropis stracheyana"
16	"Banner petals about 9 mm long; branches flexuous, not woody"	"Oxytropis savellanica"
16	"Banner petals up to about 7 mm long; branches not flexuous, woody"	"Oxytropis densa"
17	"Calyx teeth about 6-8 mm long"	"Oxytropis gloriosa"
17	"Calyx teeth up to 5 mm long"	18
18	"Calyces about 4 mm long, with teeth about 2 mm long; banner petals 6-7 mm long"	"Oxytropis crassiuscula"
18	"Calyces more than 4 mm long; banner petals 9 mm long or longer"	19
19	"Calyx teeth equal to the calyx tube; keels with prowlike tips about 2.5 mm long"	"Oxytropis luteo-caerulea"
19	"Calyx teeth shorter than the calyx tube"	20
20	"Calyx teeth 2.5 mm long or longer"	21
20	"Calyx teeth up to 2 mm long; calyx tubes 3.5-4 mm long; keels with prowlike tips less than 1 mm long"	22
21	"Leaflets more than 7 mm long, most more than 2.5 mm wide"	"Oxytropis mollis"
21	"Leaflets up to 7 mm long, most 2.5 mm or less wide"	"Oxytropis humifusa"
22	"Stipules uniformly pubescent externally; petioles up to 4.5 cm long; leaflets 4-10 mm long, about 1-4 wide; peduncles 2.5-30 cm long"	"Oxytropis immersa var. jinaliensis"
22	"Stipules glabrous or scantily pubescent, papery, whitish; petioles 5-12 mm long; leaflets 2-6 mm long, less than 2 mm wide; peduncles up to 6.5 cm long"	"Oxytropis immersa var. immersa"
