from	statement	to
1	"Petals rose to rose-purple, 4-12 mm long; capsules tapering to sterile, stipelike bases"	"Oenothera rosea"
1	"Petals yellow, 15-30 mm long; capsules sessile, not tapering to stipelike bases"	2
2	"Floral tubes 8-13 cm long; plants not forming rosettes"	"Oenothera affinis"
2	"Floral tubes 2-5 cm long; plants forming rosettes"	3
3	"Capsules conspicuously enlarged distally; stem pubescence without reddish purple pustulate bases; seeds elliptical, beaked"	"Oenothera stricta"
3	"Capsules not enlarged distally; stem hairs, at least the longer ones, with reddish purple pustulate bases; seeds sharply angled, not beaked"	"Oenothera glazioviana"
