from	statement	to
1	"Leaves 3-pinnate, segments narrowly linear"	"Ligusticum stewartii"
1	"Leaves 1-2-pinnate, segments lanceolate to oval"	2
2	"Fruits subterete, ellipsoid; fruit ridges narrowly winged, dorsal and intermediate ridges almost as wide as the lateral ridges; lower leaves pinnate"	"Ligusticum thomsonii"
2	"Fruits dorsally compressed, dorsal andintermediate ridges narrowly winged, lateral ridges broadly winged; lower leaves pinnate or bipinnate"	3
3	"Lower leaves pinnate; pinnae 2-3 cm long; mericarps almost orbicular"	"Ligusticum marginatum"
3	"Lower leaves bipinnate; mericarps oblong"	"Ligusticum elatum"
