from	statement	to
1	"Lowest sheaths and internodes lanate; leaves rolled, filiformi, pungent, often curved, sometimes forming a semi- or complete cirle; central awn branches with an extended glabrous tip"	"Stipagrostis plumosa"
1	"Lowest sheaths and internodes not lanate (or base of plant missing)"	2
2	"Glumes hairy all over or the just the tips glabrous; columns bearded below the branching point; central awn branches with a short glabrous tip"	"Stipagrostis hirtigluma"
2	"Glumes glabrous"	3
3	"Central awn branches plumose throughout"	4
3	"Central awns branches plumose for 1/2 or 2/3 their length, glabrous on lower portion"	5
4	"Lower glumes conspicuously longer than the upper' columns up to 16 mm long, without a beard above and below the knees"	"Stipagrostis paradisea"
4	"Lower glumes shorter than the upper or glumes subsequal; columns long beared above and below the knees"	"Stipagrostis pogonoptila"
5	"Lemmas articulated at or just above the middle, the columns disarticulating together with the conical upper portion of the lemmas"	"Stipagrostis ciliata"
5	"Lemmas articulated at the top, the columns breaking free from the lemmas at maturity"	6
6	"Columns long-bearded at the branching point; articulation oblique"	"Stipagrostis uniplumis"
6	"Columns not bearded at the branching point; articulation transverse"	"Stipagrostis obtusa"
