from	statement	to	shortcut
1	"Flowers bisexual; perianth 4-5-lobed; stamens with filaments; fruits nuts"	Thesium	
1	"Flowers unisexual and species dioecious; perianths 2-4-lobed; fruits berries with 1 seed, surrounded by mucilage"	2	
2	"Plants up to 20 cm tall; anthers attached to the middle of the perianth lobes, transversely dehiscent"	Arceuthobium	
2	"Plants up to 100 cm tall; anthers adnate to the perianth lobes; dehiscence via apical pores"	3	
3	"Stems cylindrical; leaves present"	Viscum	
3	"Stems flattened; leaves absent"	Korthalsella	"Korthalsella opuntia"
