from	statement	to
1	"Fruits stellate-pubescent, sometimes also with some fimbriate peltate scales; stamens 5 or 15"	2
1	"Fruits lepidote; stamens 3-12"	3
2	"Upper surfaces of young leaf blades shallowly-bullate or flat; stamens 5; some fimbriate peltate scales on the fruit with the stellate hairs"	"Chrozophora sabulosa"
2	"Upper surfaces of young leaves plicate; stamens 15; only stellate hairs present on the fruit"	"Chrozophora plicata"
3	"Plants shrubs, subshrubs or woody herbs; leaves more than twice as long as wide; petioles not more than 4 cm long; fruits bluish-purple"	"Chrozophora tinctoria"
3	"Plants herbs; leaves occasionally more than twice as long as broad, usually less; petioles up to 10 cm long; fruits reddish-purple"	"Chrozophora oblongifolia"
