from	statement	to
1	"Ligules bright yellow to golden yellow"	2
1	"Ligules white or pale white"	4
2	"Leaves with ultimate segments orbicular to broadly cuneate, denticulate on the margins, imbricate; plants nore more than 35 cm tall"	"Achillea wilhelmsii"
2	"Leaves with ultimate segments linear to setaceous and acute or oblong-lanceolate and more or less obtuse; plants usually more than 50 cm tall"	3
3	"Leaves usually densely pilose, with linear, acute-acuminate ultimate segments; leaf rachises about 1 mm wide"	"Achillea biebersteinii"
3	"Leaves usually densely appressed hairy, with oblong-lanceolate, subacute ultimate segments; leaf rachises about 1.5 mm wide"	"Achillea filipendula"
4	"Leaf rachises 1.5-2 mm wide; ultimate leaf segments narrowly linear-oblong to lanceolate, mucronate; ligules 1.5-2 mm long, white"	"Achillea millefolium"
4	"Leaf rachises less than 1 mm wide; ultimate leaf segments setaceous, acuminate; ligules shorter than 1.5 mm, pale white"	"Achillea setacea"
