from	statement	to
1	"Leaves entire or lobed, if lobed, then upper lobe not further divided, terminal lobe broad hastate or triangular"	"Melanoseris decipiens var. decipiens"
1	"Leaves lobed, upper lobe pinnatifid with shallowly or deeply cut segments"	2
2	"Lower leaves up to 6 mm wide, 10-30 cm long, bipinnatifid segments up to 0.5 cm wide, toothed, acute"	"Melanoseris decipiens var. multifida"
2	"Lower leaves to to 4 mm wide, 8-15 cm long, bipinnatifid, segments up to 0.2 cm wude, entire, lyrate"	"Melanoseris decipiens var. pakistanica"
