from	statement	to
1	"Leaves, stipules and fruits covered with reddish brown or dark brown glands"	2
1	"Leaves, stipules and fruits not covered with glands"	4
2	"Stipules 1.5-2 cm wide, foliaceous, dentate"	"Viola falconeri"
2	"Stipules up to 5 mm wide, not foliaceous, fimbriate"	3
3	"Leaves, petioles, peduncles, and capsules glabrous; flowers up to 2 cm long"	"Viola reichenbachiana"
3	"Leaves, petioles, peduncles, and capsules almost glabrous; flowers up to 1.5 cm long"	"Viola rupestris"
4	"Stipules adnate to the petioles"	5
4	"Stipules free, not adnate to the petioles"	8
5	"Flowers yellow; rhizomes well-developed"	"Viola turkestanica"
5	"Flowers violet, blue, purple or mixtures of these, but never yellow; rhizomes absent or poorly developed"	6
6	"Stipules dentate; petals 5-6 mm long, 2-3 mm wide; spurs 1-1.5 mm long; stigmas with downward-pointing beaks"	"Viola kunawurensis"
6	"Stipules fimbriate; petals 8-15 mm long, 2.5-6.0 mm wide;  spurs (2-) 3-7 mm long; stigmas not beaked or beaks pointing forward"	7
7	"Leaves and petioles completely glabrous; sepals more or less obtuse"	"Viola macroceras"
7	"Leaves pubescent at least on the lower surface; sepals acute to acuminate"	"Viola kashmiriana"
8	"Spurs 1-2 mm lon; leaves spathulate"	9
8	"Spurs 4-8 mm long; leavesalmost always ovate-cordate or reniform, rarely spathulate"	11
9	"Leaves, stems, and capsules pubescent; stigmas beaked"	"Viola stocksii"
9	"Leaves, stems, and capsules glabrous; stigmas not beaked"	10
10	"Plants ashy grey, perennial; stipules acuminate; sepals acute"	"Viola cinerea"
10	"Plants green, annual; stipules acure; sepals aristate"	"Viola makranica"
11	"Stipules foliaceous; flowers usually multicoloured"	"Viola tricolor"
11	"Stipules not foliaceous; flowers usually of one colour"	12
12	"Plants stoloniferous, stolons rooting at nodes"	13
12	"Plants not stoloniferous"	15
13	"Stigmas club-haped; ovaries short hairs"	"Viola canescens"
13	"Stigmas beaked; ovaries glabrous"	14
14	"Leaves obtuse; sepals ovate, obtuse, entire"	"Viola odorata"
14	"Leaves acuminate; sepal lanceolate, acute. Ciliate-dentate"	"Viola pilosa"
15	"Stigmas 3-lobed; stems absent; leaves tuncate"	"Viola betonicifolia"
15	"Stigma 2-lobed or beaked; stems present; leaves cordate"	16
16	"Stipules ovate or oblong, entire; flowers yellow; lateral petals not bearded"	"Viola biflora"
16	"Stipules lanceolate and more or less fimbriate; flowers purplish blue-violet, never yellow; lateral petals bearded"	"Viola fedschenkoana"
