from	statement	to
1	"Lemma bodies completely glabous, 2 tufts of hair sometimes present at the base"	"Piptatherum vicarium"
1	"Lemma bodies variously hairy"	2
2	"Awns termina or, if minutely subterminal more than 6 mm long; lemmas entire; anther tips always bearded"	3
2	"Awns clearly subterminal, sharply bent at the base; lemmas minutely but distinctly bilobed; anther tips bearded or not"	6
3	"Awns usually more than 6 mm long"	4
3	"Awns rarely more than 4 mm long"	5
4	"Lemmas at least 4.5 m long; awns continuous with the lemma tips, subpersistent"	"Piptatherum aequiglume"
4	"Lemmas 3-4(-5) mm long; awns distinctly consrticted at the base, readily disarticulating at the constricctioin"	"Piptatherum munroi"
5	"Lemmas ovate, 3.2-4.5 mm long, 1.3-1.5 mm wide; partially hairy, glabrous at the tip and along the dorsal line, usually glabrescent on the lower half"	"Piptatherum baluchistanicum"
5	"Lemmas narrowly lanceolate to almost linear, usually 4-6.5 mm long, rarely shorter, 0.8-1.3(-1.5) mm wide"	"Piptatherum laterale"
6	"Anther tips distinctly bearded; lemmas with hairs about 0.5 mm long, these extending to the tio and more or less concealing the lobes; lemma bodies narrowly lanceolate to almost linear"	"Piptatherum gracile"
6	"Anther tips glabrous or with a few hairs, never distinctly bearded; lemmas with hairs 0.2-0.3 mm long, these not extending to the tip; lemma bodies ovate to ellipticm often slightly beaked at the tip"	"Piptatherum hilarieae"
