from	statement	to
1	"Staminate vesicles stipitate; stipes about 0.6 mm long"	"Halocharis clavata"
1	"Stamnate vesicles sessile or with indistinct stipes up to 0.1 mm long; vesicles white or purplish to yellow"	2
2	"Staminal vesicles triangular, distinctly acute,  pale yellow"	"Halocharis hispida"
2	"Staminal vesicles oblong,obovate or elliptic to spherical, rose-purple or yellow"	3
3	"Staminal vesicles yellow, oblong elliptic to more or less spherical"	"Halocharis sulphurus"
3	"Staminal vesicles pink to violet, more or less spherical to obovoid"	"Halocharis violacea"
