from	statement	to
1	"Siliques flat, compressed; valves torulose, usually without a distinct or complete mid-vein; middle nectar glands present"	"Conringia planisiliqua"
1	"Siliques more or less terete or tetragonous, valves with a distinct midvein; middle nectar glands absent"	2
2	"Petals 10-12 mm long, about 4 mm wide; siliques tetragonous, 5-12 cm long, 2-3 mm wide or thick; seeds more than 2 mm long; pedicels usually 10-15 mm long in fruit"	"Conringia orientalis"
2	"Petals 2-4(-5) mm long, about 2 mm wide; siliques compressed-terete, 3-4 cm long about 1 mm wide; pedicels about 4 mm long and thickened in fruit"	"Conringia persica"
