from	statement	to
1	"Leaves distinctly petiolate, palmately 3-9 veined and rounded-cordate at the base"	"Rubia cordifolia"
1	"Leaves sessile or subsessile, pinnately veined or lateral veins obscure, neither rounded nor cordate at the base"	2
2	"Leaf blades linear to linear-lanceolate; corollas funnel- or cone-shaped"	3
2	"Leaf blades elliptic, ovate, or obovate; corollas campanulate-rotate"	4
3	"Stem angle and leaf margins smooth; corollas glabrous; corolla tubes about 2 mm long; anthers not exceeding the corolla tubes"	"Rubia kurramensis"
3	"Stems and leaves hairy, rough, or scabridulous; stem angles and leaf margins scabridulous; corollas hairy, 1.25-1.5 mm long; anthers exserted beyond the corolla tubes"	"Rubia infundibularis"
4	"Leaves shortly petiolate; anthers oblong-linear to oblong"	5
4	"Leaves sessile; anthers reniform or ovate"	6
5	"Leaves elliptic-ovate or obovate, tips rounded, subacute, or apiculate; petioles 3-9 mm long"	"Rubia himalayensis"
5	"Leaves eilliptic or elliptic-lanceolate, tips acute or acuminate; peioles 2-3 mm long"	"Rubia tinctorum"
6	"Stems glabrous, smooth, more or less terete; leaves 5-7 per whorl, basally obscurely 3-veined"	"Rubia chitralensis"
6	"Stems scabrous, square in cross-section, basally 1-veined"	"Rubia tibetica"
