from	statement	to
1	"Involucres absent; leaf segments up to 5 cm long, filiform to linear or lanceolate"	"Scaligeria stewartiana"
1	"Involucres present; leaf segments to 1 cm long, filiform or linear to oval"	2
2	"Plants 20-30 cm tall; bracts of involucels white"	"Scaligeria scariosibracteata"
2	"Plants more than 30 cm tall; bracts of involucels white-margined"	3
3	"Roots tuberous, globose; rays 6-18"	4
3	"Roots fusiform, elongated; rays 4-6"	"Scaligeria chitralica"
4	"Leaf segments 5-7 mm long, 1-2 mm wide; rays 10-18"	"Scaligeria indica"
4	"Leaf segments about 10 mm long, 0.5-1 mm wide; rays 6-12"	"Scaligeria aitchisonii"
