from	statement	to
1	"Flowers bilaterally symmetric; stamens 2 or 2 sets of united filaments, each with 3 thecae"	2
1	"Flowers radially symmetric; stamens 4 or many"	3
2	"Fruits 2-valved, many-seeded capsules; leaves usually 2-3(-4) ternates; plants usually perennial"	Corydalis
2	"Fruits 1(-2) seeded nutlets; leaves 2-4-pinnatisect; plants annual"	Fumaria
3	"Stamens 4; inner petals more or less tripartite (subf. Hypecoideae)"	Hypecoum
3	"Stamens numerous; inner petals not tripartite (Subf. Papaveroideae)"	4
4	"Fruits linear, at least 10 times longer than wide"	5
4	"Fruits oblong to semi-globose, less than 10 times longer than wide"	7
5	"Latex water; calyces forming a hood that is pushed off as the petals expand; receptacles hollowed"	"Eschscholtzia:Eschscholtzia californica"
5	"Latex yellow; calyces not forming a hood, sepals rapidly deciduous but falling separately"	6
6	"Stigmas 2, concial; fruits 2-valved and 2-horned"	Glaucium
6	"Stigmas 3-4, capitate; fruits 3-4-valved, without horns"	Roemeria
7	"Styles absent; stigmas discoid; capsules opening by pores located beneath the persistent stigma"	Papaver
7	"Styles present, sometimes inconspicous; stigmas not discoid; capsules usually opening by short valves"	8
8	"Styles distinct, conspicuous, wide and large; stigmas forming a globular mass over the ovaries"	Meconopsis
8	"Styles inconspicuous or, rarely, very short; stigmas not formaing a globular mass over the ovaries"	Argemone
