from	statement	to
1	"Florets pinkish-purple or lilac"	"Scorzonera papposa"
1	"Florets yellow or yellow with purplish streaks beneath ligules"	2
2	"Capitula buds turbinate, outer phyllaries with uncinate tips; without a tuberous rootstock"	3
2	"Capitular buds cylindrical, tubular, or funnel-shaped; outer phyllaries not uncinate; tuberous rootstock sometimes present"	4
3	"Plants densely cespitose, with few leaves; pappus bristles 20-22, yellowish"	"Scorzonera seidlitzii"
3	"Plants not caespitose but densely leafy all over; pappus ristles 38-40, violet"	"Scozonera codringtonii"
4	"Plants lanate; cypselas with long silky hairs"	5
4	"Plants appressed arachnoid hairy, tomentose or farinose to glabrous; cypselas glabrous or puberulous"	6
5	"Leaves 5-6 mm wide near the base; cypselas about 7 mm long; pappuses almost as long as the cypselas"	"Scorzonera gageoides"
5	"Leaves 3-5 mm wide near the base; cypselas 5-7 mm long; pappuses twice as long as the cypselas"	"Scorzonera litwinowii"
6	"Plants with a tuberous rootstock"	7
6	"Plants without a tuberous rootstock"	11
7	"Plants up to 10 cm tall; leaves elliptic to suborbicular, margins minutely erose-dentate"	"Scorzonera paradoxa"
7	"Plants at least 15 cm tall; leaves lanceolate, linear-lanceolate, or linear-filiform, margins entire, erose-crenulate or undulate"	8
8	"Leaves lanceolate, margins undulate or wavy"	9
8	"Leaves linear-filiform or linear, margins entire"	10
9	"Plants at least 25 cm tall; tubers ovoid to oblong-ovoid; involucres about 10 mm wide;pappus bristles 11-12 mm long, brown"	"Scorzonera ferganica"
9	"Plants up to 20 cm talltubers elliptic to globular; involucres about 7 mm wide; pappus bristles 15-18 mm long, grayish"	"Scorzonera raddeana"
10	"Tubers oblong, about 1.5 cm wide, covered with scales; phyllaries 2-seriate, inner ones about 6-10 mm wide; cypselas 14-16 mm long; pappus bristles brown"	"Scorzonera tunicata"
10	"Tubers globose, 2.5 cm wide, not covered with scales; phyllaries 3-seriate, inner ones 3-4 mm wide; cypselas 9-12 m long; pappus bristles silky white"	"Scorzonera pusilla"
11	"Leaves lanceolate 1-3 cm wide with petioles 1-1.5 cm long; phyllaries purple-margined; pappuses violaceous"	"Scorzonera pachycephala"
11	"Leaves linear-lanceolate or linear-filiform, up to 3 mm wide and lacking petioles; phyllaries not purple-margined; pappuses dirty white or brown"	12
12	"Branches few and not intricate, leaves linear-lanceolate, 20-30 long; involucres 3-seriate"	"Scorzonera virgata"
12	"Branches numerous and intricate; leaves linear to filiform, up to 15 cm long; involucres 2-seriate"	13
13	"Plants small shrubs; branches thick and more divergent"	14
13	"Plants herbs; branches thin and less divergent"	16
14	"Peduncles highly flexible, circinate"	"Scorzonera koelpinioides"
14	"Peduncles rigid or less flexible, not circinate"	15
15	"Peduncles 4-10 cm long, all upward directed and parallel; cypselas 10-ribbed, not muricate"	"Scorzonera intricata"
15	"Peduncles 4-6 cm long, all divergent; cypselas 4-ribbed, muricate"	"Scorzonera tortuosissima"
16	"Outer phyllaries with dark-spotted tips; pappus bristles more than 16 mm long"	"Scorzonera longipapposa"
16	"Outer phyllaries without dark-spotted tips; pappus bristls up to 16 mm long"	17
17	"Plants semi-prostrate herbs; stems and peduncles flexible; capitulata bending towards the lower side; cypselas not muricate"	"Scorzonera baluchistanica"
17	"Plants erect herbs; stems and peduncles rigid; capitula not bending towards the lower side; cypselas slightly muricate"	"Scorzonera hondae"
