from	statement	to
1	"Functional stamens 6, no staminodes present"	2
1	"Functional stamens 3, 1-3 staminodes also present"	5
2	"Petals free; stems short and thick, crowded with long, sublanceolate leaves"	"Rhoeo:Rhoeo spathacea"
2	"Petals united, sometimes forming a tube at the base; stems often elongated and thin, usually with small, well-spaced leaves"	3
3	"Plants not brittle, green; cymes axillary or terminal, often subtended by biseriate or irregularly congested bracteoles"	Cyanotis
3	"Plants brittle, often variegated, purplish or green; cymes terminal, with or without a distinct pair of subtending bracts"	4
4	"Petals forming a conspicuous basal tube; leaves usually with variegated lines on their upper surfaces"	"Zebrina:Zebrina pendula"
4	"Petals shortly united ot cohering basally; leaves without variegated lins"	Setcreasia
5	"Inflorescences not congested, open, paniculate; bracts not like spathes; petals equal; stamen filaments hairy"	"Murdannia:Murdannia nudiflora"
5	"Inflorescences short, condensed, more or less enclosed within the spathe-like bracts; petals unequal; stamens glabrous"	Commelina
