from	statement	to
1	"Plants without distinct stems; leaves all basal"	2
1	"Plants with distinct stems; leaves basal and cauline or stems leafless"	3
2	"Flowers in panicles; fruits nearly orbicular, notched at both ends"	"Rheum tibeticum"
2	"Flowers in spikelike racemes; fruits ellipsoid, not notched at both ends"	"Rheum spiciforme"
3	"Flowers in fascicles"	"Rheum ribes"
3	"Flowers in panicles"	4
4	"Flowers white-pink or pale yellowish; basal leaf blades up to 50 cm long, their upper surfaces glabrous or papollose"	5
4	"Flowers dark purple; basal leaf blades up to 60 cm long, their upper surfaces somewhat scabrous"	"Rheum australe"
5	"Fruits 13-15 mm across; flowers white to pink"	"Rheum wittrockii"
5	"Fruits 8-10 mm across; flowers pale yellowish"	"Rheum webbianum"
