from	statement	to
1	"Anthers monothecous"	2
1	"Anthers dithecous"	8
2	"Petioles and petiolules articulated at the base; stipule auricles partly fused (subg. Dasiphora)"	3
2	"Petioles and petiolules not articulatde at the base; stipule auricles free"	6
3	"All leaves ternate"	"Potentilla rigida"
3	"Leaves with 5-11 leaflets"	4
4	"All leaves with 5 leaflets; stipules oblong-ovate, acuminate; leaflets not revolute, more or less glabrescent to glabrous on the lower surface; flower diameter 2.5-3 cm; outer sepals 1.2-1.4 mm long, 0.4-0.5 mm wide, longer than the inner sepals"	"Potentilla arbuscula"
4	"Leaves usually with 7-11 leaflets as well as some with 5 leaflets; stipules ovate-obtuse; leaflets revolute, densely hairy on the lower surface; flower diameter 1.4-1.7 cm; outer sepals 0.3-0.5 mm long, 0.1-0.2 mm wide, much shorter than the inner sepals"	5
5	"Plants low growing shrubs; leaflets 0.4-0.6 cm long, 0.2-0.3 cm wide, ovate elliptic, sparsely silky-pubescent beneath; flowers mostly lateral; outer calyces sparsely sericeous"	"Potentilla dryadanthoides"
5	"Plants tall erect shrubs; leaflets 0.6-0.8 cm long, 0.1-0.2 cm wide, narrowly oblong-ellpitic to linear-oblong, densely tomentose with long, soft white hairs beneath; flowers mostly terminal; outer sepals densely white tomentose with long soft white hairs"	"Potentilla ochreata"
6	"Leaves ternate (subg. Sibbaldiopsis)"	"Potentilla cuneifolia"
6	"Leaves pinnate"	7
7	"Flowering stems herbaceous; leaflets not fainose beneath; styles fusiform, short (subg. Schistophyllidium)"	"Potentilla bifurca subsp. orientalis"
7	"Flowering stems woody; leaflets farinose beneath; styles filiform, very long (subg. Lasiocarpa)"	"Potentilla salesoviana"
8	"Styles lateral"	9
8	"Styles subterminal"	13
9	"Plants short shrubs; carpels hairy, styles very long (subg. Trichothalamus)"	"Potentilla sericophylla"
9	"Plants herbaceous; carpels glabrous; styles shorter (subg. Chenopotentilla)"	10
10	"Stems prostrate, stoloniferous, indeterminate; leaves irregularly odd-pinnate with short intermediary leafletts; flowers axillary and solitary; achenes dorsally grooved, corky"	"Potentilla anserina"
10	"Stems ascending to erect, not stoloniferous; leaves regularly odd-pinnate, without short intermediary leaflets; flowers not solitary, usually terminal; achenes neither sulcate nor corky"	11
11	"Plants low growing cespitose herbs; stems 6-8 cm long; leaves with 6-15 pairs of leaflets; leaflets with 6-10 teeth, trminal leaflets 4-5.5 mm long, 3-4 mm wide, greyish tomentose beneath"	"Potentilla commutata"
11	"Plants tall herbs; stems 20-50 cm long; leaves with 14-22 pairs of leaflets; leaflets with 15-30 teeth; terminal leaflets 10-40 mm long, 5-20 mm wide, sparsely pilose to sericeous beneath"	12
12	"Leaflets ovate toovate-elliptic, sparsely pilose beneath; flowers in panciles of 4-10; outer calyces 3-4-fid; achenes 1-1.2 mm long, 0.7-0.8 mm wide, light brown with reddish lines on the surface, not beaked"	"Potentilla polyphylla"
12	"Leaflets oblong or oblong-lanceolate, densely sericeous below; flowers usually in twos; outer calyces usually entire; achens 2-3 mm long, about 2 mm wide, subglobose, smooth, beaked"	"Potentilla peduncularis"
13	"Receptacles long-villous; carpels usually hairy (subg. Fragariastrum)"	14
13	"Receptacles shortly hairy; carpels glabrous (subg. Potentilla)"	18
14	"Leaflets divided almost up to the midrib, the segments linear and revolute; achenes glabrous"	"Potentilla biflora"
14	"Leaflets lobed 1/4-1/2 the distance to the midrib; segments ovate, not revolute; achenes pubescent or villose"	15
15	"Caudices with remnants of decurved petioles; stipules of basal leaves thick, connate, and adnate to the petioles nearly to the middle; achenes pubescent"	16
15	"Caudices without remnats of decurved petioles; stipules of basal leaves thin, connate, and adnate to the petioles only at the base; achenes sericeo-villose"	"Potentilla eriocarpa"
16	"Petioles 3-7 cm long; stems petioles and leaflets pilose; peduncles recurved"	"Potentilla curviseta"
16	"Petioles 1-2 cm long; stems,  petioles, and leaflets densely to moderately sericeous; peduncles erect"	17
17	"Leaflets oblong, 3-lobed; flowers 1-1.2 cm diameter; petals 4-5 mm long; styles 0.8-1.0 mm long"	"Potentilla colletiana"
17	"Leaflets flabellidorm, 5-7 lobed; flowers 1.6-2 cm diameter; petals 7-9 mm long; styles about 1.5 mm long"	"Potentilla pteropoda"
18	"Leaves with 3 leaflets"	19
18	"Leaves with 5 leaflets"	38
19	"Lower surfaces of leaflets sparsely to densely tomentose beneath"	20
19	"Lower surfaces of leaflets pilose"	27
20	"Styles up to 1.4 mm long; epicalyx segments narrowly linear to lanceolate (sect. Niveae)"	21
20	"Styles 2-2.5 mm long; epicalyx segments elliptic-ovate (sect. Haematochroae)"	25
21	"Basal leaves with 3 leaflets"	22
21	"Basal leaves with 5 leaflets"	24
22	"Plants low growing; basal stipules with lanceolate-acuminate auricles; petals 5.0-5.5 mm long; styles thin and sharp at the base"	"Potentilla sino-nivea"
22	"Plants medium tall herbs; basal stipules with oblong to oblong-ovate auricles; petals 7-8 mm long; styles uniformly thick or thickened at the base"	23
23	"Plants covered with dense pale-yellow glands; stems and petioles tomentose with long spreading hairs; upper surfaces of leaflets appressed pilose and green, lower surfaces dull white tomentose; styles thickened at the base"	"Potentilla evista"
23	"Plants without glands; stems and petioles floccose; upper surfaces of leaflets greyish sericeous, lower surfaces greyish tomentose; styles equally thick throughout"	"Potentilla grisea"
24	"Petioles 1.0-2.5 cm long; terminal leaflets 0.7-2.0 cm long; upper surfaces of leaflets adpressed pilosel flowers 0.8-1.0 cm in diameter"	"Potentilla saundersiana"
24	"Petioles 5-10 cm long; terminal leaflets 2.0-3.5 cm long; upper surfaces of leaflets sparsely tomentose; flowers 1.4-2.0 cm in diameter"	"Potentilla blanda"
25	"Leaves with 5 leaflets; stems and lower surfaces of leaflets pilose; stigmas not dilated"	"Potentilla nepalensis"
25	"Leaves with 3 leaflets: stems and lower surfaces of leaflets dull white tomentose; stigmas dilated"	26
26	"Plants medium to tall herbs with leafy stems; cauline stipules divided; upper surfaces of leaflets appressed pilose to subglabrous"	"Potentilla atrosanguinea"
26	"Plants dwarf herbs with almost leafless stems; cauline stipules entire; upper surfaces of leaflets densely sericeous"	"Potentilla cathaclines"
27	"Terminal leaflets deeply trisect, divided 1/4-2/3 of the distance to the midrib; lateral leaflets bisected almost to the midrib"	28
27	"Terminal and lateral leaflets not deeply divided"	29
28	"Upper cauline stipules divided; leaflet segments irregularly dissect 2/3-3/4 of the way to the base; styles filiform, about 1.5 mm  long"	"Potentilla flabellata"
28	"Upper cauline stipules entire; leaflet segments regularly dissected 1/4-1/2 of the way to the base; styles cone-shaped, 0.8-0.9 mm long"	"Potentilla stewartiana"
29	"Styles cone-shaped (sect. Rivales)"	30
29	"Styles club-shaped (sect. Aureae)"	36
30	"Stems, leaves, and calyces with glands"	31
30	"Stems leave and calyces without glands"	33
31	"Stems prostrate; flowers in loose corymbose cymes; outer sepals suborbicular; achenes smooth"	"Potentilla monanthes"
31	"Stems erect or ascendng; flowers in terminal aggregate headsl outer sepals oblong; achenes often ridged"	32
32	"Glands red; styles strongly papillose at the base"	"Potentilla desertorum"
32	"Glands pale yellow; styles not papillose at the base"	"Potentilla x subdigitata"
33	"Plants perennial"	"Potentilla x gilgitica"
33	"Plants annual or biennial"	34
34	"Plants prostrate herbs; leaves palmate-digitate; leaflets regularly toothed"	"Potentilla sundaica"
34	"Plants ascending herbs, rarely prostrate; leaves pinnate; leaflets irregularly dissected"	35
35	"Lowest stem leaves 2-5-pinnatel petals 2.0-3.5 cm long, 1.7-2.5 cm wide, retuse; styles coniform, 0.9-1 mm long"	"Potentilla supina"
35	"Lowest stem leaves 2-3 pinnate; petals 0.8-1.2 cm long, 0.4-0.7 cm wide, rounded; styles uniformly thick throughout; achenes 0.5-0.6 mm long"	"Potentilla heynii"
36	"Plants more or less erect, densely glandular; basal leaves distichous"	"Potentilla gelida"
36	"Plants prostrate or ascending, usually not glandular; basal leaves polystichous"	37
37	"Plants ascending herbs; cauline stipules divided; flowers conspicuous; outer sepals gree, usually divided; petals 8-9 cmm long, bright yellow; anthers up to 0.8 mm long; styles about 1 mm long"	"Potentilla doubjeana"
37	"Plants prostrate herbs; cauline stipules entire; flowers not conspicuous; outer sepals usually purple; petals 4-5 mm long, pale yellow; anthers 0.4 mm long; styles 0.6-0.7 mm long"	"Potentilla turczaninowiana"
38	"Leaves pinnate"	39
38	"Leaves digitate"	55
39	"Leaflets often pinnatisect, their lower surfaces densely to sparsely floccose or with crisped, curved, or flexuous thin hairs (sect. Pensylvanicae)"	40
39	"Leaflets dentate, their lower surfaces with thick straight hairs"	46
40	"Petioles with 3-4 mm long spreading hairs"	41
40	"Petioles with 1-2 mm hairs, these mostly appressed, floccose, or tomentose"	42
41	"Lower surfaces of leaflets sparsely tomentose with non-floose hairs, with glands under the tomentum"	"Potentilla agrimonioides"
41	"Lower surfaces of leaflets densely floccose-tomentose, without glands; sepals and carpels without glands; petals 8-9 mm long"	"Potentilla plurijuga"
42	"Leaves with 2 pairs of leaflets; petioles and upper leaflet surfaces floccose"	"Potentilla hololeuca"
42	"Leaves with 3-5 pairs of leaflets; petioles and upper surfaces of leaflets pilose or minutely pubescent"	43
43	"Root stocks profusely branched; plants tufted; leaflets divided 2/3-3/4 of the way to the midrib"	"Potentilla pamirica"
43	"Root socks not or poorly branched; leaflets divided almost to the midrib"	44
44	"Plants 5-8 cm tall; calyces with distinct, pale yellow glands; petals 3.0-3.5 mm long"	"Potentilla exigua"
44	"Plants 12-20 cm tall; calyces without glands; petals 5-7 mm long"	45
45	"Leaflets with 2-4 pairs of sements; segments oblong-linear, slender"	"Potentilla multifida"
45	"Leaflets with 5-10 pairs of segments; segments oblong-ovate, acute, coriaceous"	"Potentilla ornithipoda"
46	"Plants annuals or short-lived pernnials; leaflets irregularly dentate; petioles with eglandular hairs about 1 mm long; styles to 0.8 mm long, stigmatic portion dilated (sect. Rivales)"	47
46	"Plants perennials; leaflets regularly dentate; petioles with 3-4 mm glanulose hairs; styles 1.4-2 mm long, stigmatic region not dilated (sect. Tanacetifolia)"	53
47	"Stems, leaves, and calyces with glands"	48
47	"Stems leave and calyces without glands"	50
48	"Stems prostrate; flowers in loose corymbose cymes; outer sepals suborbicular; achenes smooth"	"Potentilla monanthes"
48	"Stems erect or ascending; flowers in terminal aggregate headsl outer sepals oblong; achenes often ridged"	49
49	"Glands red; styles strongly papillose at the base"	"Potentilla desertorum"
49	"Glands pale yellow; styles not papillose at the base"	"Potentilla x subdigitata"
50	"Plants perennial"	"Potentilla x gilgitica"
50	"Plants annual or biennial"	51
51	"Plants prostrate herbs; leaves palmate-digitate; leaflets regularly toothed"	"Potentilla sundaica"
51	"{;ants ascending herbs, rarely prostrate; leaves pinnate; leaflets irregularly dissected"	52
52	"Lowest stem leaves 2-5-pinnatel petals 2.0-3.5 cm long, 1.7-2.5 cm wide, retuse; styles coniform, 0.9-1 mm long"	"Potentilla supina"
52	"Lowest stem leaves 2-3 pinnate; petals 0.8-1.2 cm long, 0.4-0.7 cm wide, rounded; styles uniformly thick throughout; achenes 0.5-0.6 mm long"	"Potentilla heynii"
53	"Plants tall, erect herbs; stems 20-30 cm long; middle and upper leaves 3-pinnate; cauline stipules 3-4-fid; flowers 1.6-2.0 cm across"	"Potentilla bannehalensis"
53	"Plants medium-sized, prostrate herbs; stems 15-25 cm long; lower leaves 2-pinnate; upper stems leaves ternate; cauline stipules 1-2-fid; flowers 1.1-1.3 cm across"	54
54	"Lower surfaces of leaflets densely pilose; inflorescences of 5-10 flowers"	"Potentilla gerardiana"
54	"Lower surfaces of leaflets sparsely tomentose; inflorescences of 15-25 flowers"	"Potentilla x mutabilis"
55	"Stems prostrate, trailing; flowers solitary (sect. Potentilla)"	"Potentilla reptans"
55	"Stems erect or ascending, not trailing; flowers not solitary (go to 10 on P. 43)"	56
56	"Lower surface of leaflets pilose"	57
56	"Lower surface of leaflets densely floccose or silvery tomentose"	67
57	"Flowers crimson-red; stigmas not dilated; styles 1.5-2 mm long (sect. Haematochroae)"	58
57	"Flowers yellow; stigmas dilated; styles shorter than 1.4 mm"	60
58	"Leaves with 5 leaflets; stems and lower surfaces of leaflets pilose; stigmas not dilated"	"Potentilla nepalensis"
58	"Leaves with 3 leaflets: stems and lower surfaces of leaflets dull white tomentose; stigmas dilated"	59
59	"Plants medium to tall herbs with leafy stems; cauline stipules divided; upper surfaces of leaflets appressed pilose to subglabrous"	"Potentilla atrosanguinea"
59	"Plants dwarf herbs with almost leafless stems; cauline stipules entire; upper surfaces of leaflets densely sericeous"	"Potentilla cathaclines"
60	"Stems often branching above the middle; stem leaves poorly developed; leaflet segments more or less acute; styles 1.1-1.4 mm long (Sect. Chrystanthae)"	"Potentilla chrysantha"
60	"Stems often branching from the base; stem leaves well developed; leaflet segments blunt; styles 0.8-0.9 mm long (sect. Rivales)"	61
61	"Stems, leaves, and calyces with glands"	62
61	"Stems leave and calyces without glands"	64
62	"Stems prostrate; flowers in loose corymbose cymes; outer sepals suborbicular; achenes smooth"	"Potentilla monanthes"
62	"Stems erect or ascendng; flowers in terminal aggregate heads; outer sepals oblong; achenes often ridged"	63
63	"Glands red; styles strongly papillose at the base"	"Potentilla desertorum"
63	"Glands pale yellow; styles not papillose at the base"	"Potentilla x subdigitata"
64	"Plants perennial"	"Potentilla x gilgitica"
64	"Plants annual or biennial"	65
65	"Plants prostrate herbs; leaves palmate-digitate; leaflets regularly toothed"	"Potentilla sundaica"
65	"Plants ascending herbs, rarely prostrate; leaves pinnate; leaflets irregularly dissected"	66
66	"Lowest stem leaves 2-5-pinnatel petals 2.0-3.5 cm long, 1.7-2.5 cm wide, retuse; styles coniform, 0.9-1 mm long"	"Potentilla supina"
66	"Lowest stem leaves 2-3 pinnate; petals 0.8-1.2 cm long, 0.4-0.7 cm wide, rounded; styles uniformly thick throughout; achenes 0.5-0.6 mm long"	"Potentilla heynii"
67	"Flowering stems usually terminal, tomentoise; stem leaves well developed; petioles tomentose, sometimes also floccose (sect. Terminales)"	68
67	"Flowering stems usually lateral, floccose; stem leaves poorly developed; petioles floccose (sect. Niveae)"	71
68	"Styles club-shaped (sect. Aureae)"	"Potentilla virgata"
68	"Styles cone-shaped"	69
69	"Petioles 9-18 cm long; leaflets dissected nearly to the midrib"	"Potentilla x grandiloba"
69	"Petioles 4-6 cm long"	70
70	"Leaflets regularly divided; segments acute; upper surface of the leaflets densely pilose; petals obordate; styles not papillose"	"Potentilla kashmirica"
70	"Leaflets irregularly divided; segments obtuse; upper surface of the leaflets almost to completely glabrous; petals obovate; styles strongly papillose"	"Potentilla argentea"
71	"Basal leaves with 3 leaflets"	72
71	"Basal leaves with 5 leaflets"	74
72	"Plants low growing; basal stipules with lanceolate-acuminate auricles; petals 5.0-5.5 mm long; styles thin and sharp at the base"	"Potentilla sino-nivea"
72	"Plants medium tall herbs; basal stipules with oblong to oblong-ovate auricles; petals 7-8 mm long; styles uniformly thick or thickened at the base"	73
73	"Plants covered with dense pale-yellow glands; stems and petioles tomentose with long spreading hairs; upper surfaces of leaflets appressed pilose and green, lower surfaces dull white tomentose; styles thickened at the base"	"Potentilla evista"
73	"Plants without glands; stems and petioles floccose; upper surfaces of leaflets greyish sericeous, lower surfaces greyish tomentose; styles equally thick throughout"	"Potentilla grisea"
74	"Petioles 1.0-2.5 cm long; terminal leaflets 0.7-2.0 cm long; upper surfaces of leaflets adpressed pilosel flowers 0.8-1.0 cm in diameter"	"Potentilla saundersiana"
74	"Petioles 5-10 cm long; terminal leaflets 2.0-3.5 cm long; upper surfaces of leaflets sparsely tomentose; flowers 1.4-2.0 cm in diameter"	"Potentilla blanda"
