from	statement	to
1	"Leaves oblong, pinnatisect or pinnatipartire; achens sparsely piose of almost glabrous"	2
1	"Leaves spathulare or btriangular-cuneate, palmately 3-5 lobed distally; achenes glabrous"	3
2	"All plant parts glabrous except the achenes; achenes about 1.5 mm long"	"Allardia stoliczkae"
2	"All plant parts whitish tomentose, including the achenes; achenes about 3 mm long"	"Allardia tomentosa"
3	"Plants usually glabrous or tomentose below the involucres and on the peduncles; achenes about 2.5 mm long"	4
3	"Plants densely lanate with greyish white, thick hairs; achenes less than 2 mm long"	5
4	"Heads 1.5-2.5 cm across, on sparsely hairy, short peduncles; phyllaries 3.5-4.5 mm long, hairy at their bases; achenes 2.5-3 mm long"	"Allardia glabra"
4	"Heads 2.5-3.5 cm across, on glabrous peduncles; phyllaries 6-7 mm long, glabrous; achenes 3-3.5 mm long"	"Allardia tridactylites"
5	"Leaves 5-8 mm long; heads 1.5-2 cm across; achenes about 1.5 mm long"	"Allardia nivea"
5	"Leaves 12-15 mm long; heads 3.5-4 cm across; achenes about 3.5-4.75 mm long"	"Allardia vestita"
