from	statement	to
1	"Mature plants with phyllodes"	2
1	"Mature plants with normal leaves"	6
2	"Inflorescence a spike"	3
2	"Inflorescence a head"	4
3	"Phyllodes almost straight, up to 1 cm wide; fruit straight"	"Acacia aneura"
3	"Phyllodes curved, 1.5-5 cm wide; fruit circinately coiled"	"Acacia auriculiformis"
4	"Phyllodes without any midribe, instead several veins present that run parallel to the longitudinal axis of the phyllode"	5
4	"Phyllodes with a prominent midrib"	"Acacia saligna"
5	"Phyllodes up to 1.2 cm wide; fruit about 3-4 mm wide, slightly torulose"	"Acacia homalophylla"
5	"Phyllodes about 1-2.5 cm wide; fruit about 8 mm wide, not torulose"	"Acacia melanoxylon"
6	"Inflorescence a spike"	7
6	"Inflorescence a head"	12
7	"Spiny stipules slender"	8
7	"Spiny stipules very thick and horny"	"Vachellia cornigera"
8	"Pod not bright orange"	9
8	"Pod bright orange"	"Faidherbia albida"
9	"Leaves with 5 or fewer pairs of pinnae"	10
9	"Leaves with 10 or more pairs of pinnae; calyx and corolla villous or pubescent"	"Senegalia catechu"
10	"Prickles in twos; leaves with 2-3 pairs of pinnae"	11
10	"Prickles in threes; leaves with 3-5 pairs of pinnae"	"Senegalia senegal"
11	"Corolla 3 times the size of the calyx; pod ensiform, not beaked"	"Senegalia mellifera"
11	"Corolla 2 times the size of the calyx; pod beaked at the tip, attenuated into a distinct stipe at the base"	"Senegalia modesta"
12	"Internodes with prickles"	13
12	"Internodes without prickles"	14
13	"Flowers heads glabrous in bud; young pods pubescent but not velvety"	"Senegalia gageana"
13	"Flower heads pubescent in bud; young pods velvety"	"Senegalia torta"
14	"Stipules not spiny; leaf stalk decurrent"	15
14	"Stipules spiny"	16
15	"Leaflets 5-12 mm long"	"Acacia decurrens"
15	"Leaflets 1.5-4 mm long"	"Acacia mearnsii"
16	"Spiny stipules becoming very thick and hornlike"	17
16	"Spiny stipules not becoming thick and hornlike"	19
17	"Young branches with numerous reddish glands"	18
17	"Young branches without glands"	"Vachellia sphaerocephala"
18	"Pairs of spines fused at the base into ant galls, often bilobed"	"Vachellia seyal"
18	"Pairs of spines (ant galls) neither fused together nor bilobed"	"Vachellia seyal"
19	"Heads axillary, pedunculate"	20
19	"Heads usually terminal, paniculate"	"Acacia leucophloea"
20	"Ovary pilose"	21
20	"Ovary glabrous"	28
21	"Pod not spirally twisted"	22
21	"Pod contorted or spirally twisted"	"Vachellia tortilis"
22	"Fruit moniliform"	23
22	"Pod straight, falcate, or slightly crenate"	27
23	"Pod not narrowly and regularly constricted between seeds"	24
23	"Pod narrowly and regulalrly constricted between the seeds"	25
24	"Pods slightly constricted between the seeds"	"Vachellia nilotica"
24	"Pods straight or slightly crenate-margined"	"Vachellia nilotica"
25	"Plant not cupressiforme"	26
25	"Plant cupressiforme in appearance"	"Vachellia nilotica"
26	"Pod whitish or grey tomentellous"	"Vachellia nilotica"
26	"Pod glabrous, not toemtellous"	"Vachellia nilotica"
27	"Plant hemspherical"	"Vachellia nilotica"
27	"Plant not hemispherical"	"Vachellia sieberiana"
28	"Peduncle without a distinct joint"	29
28	"Peduncle with a distinct joint"	30
29	"Pod hard woody and swollen, with a curved beak-like structure at the tip"	"Vachellia farnesiana"
29	"Pod flat, papery, with only an apical curved mucro"	"Acaciella angustissima var. filicoides"
30	"Pods 7.5-15.0 cm long, about 5-9.0 mm wide; sutures undulate"	31
30	"Podes 5-7.5 cm long, about 8-17 mm wide, sutures straight"	"Acacia hydaspica"
31	"Peduncles about 2.5 cm long; leaves with 2-8 pairs of pinnae"	"Vachellia eburnea"
31	"Peduncles about 1-1.8 cm long; leaves with 1-4 pairs of pinnae"	"Acacia hydaspica"
