from	statement	to
1	"Stems elongated, horizontally, either rhizomatous or stoloniferous; leaves from horizontal stems; bulbils absent"	2
1	"Stems reduced, neither rhizomatous nor stoloniferous; leaves basal; bulbils present"	3
2	"Rhizomes scaly; flowers white to pale pink, 10-14 mm long; seeds longitudinally ribbed"	"Oxalis acetosella"
2	"Stolons hairy; flowers yellow, 6-7 mm long; seeds transversely ribbed"	"Oxalis corniculata"
3	"Peduncles with 1 flower; flowers pink with yellow throats"	"Oxalis variabilis"
3	"Peduncles with 2-many flowers; flowers yellow or pink"	4
4	"Flowers yellow; longer filaments glabrous"	"Oxalis pes-caprae"
4	"Flowers pink; longer filaments strigose"	5
5	"Leaflets obcordate; pedicels hairy; longer filaments about 4.5 mm long"	"Oxalis corymbosa"
5	"Leaflets triangular; pedicels glabrous; longer filaments about 3 mm long"	"Oxalis latifolia"
