from	statement	to
1	"Leaves pinnately compound, usually trifoliate"	"Acer negundo"
1	"Leaves simple, entire or lobed"	2
2	"Leaves unlobed, ovate-lanceolate, persistent"	"Acer oblongum"
2	"Leaves palmately lobed, deciduous"	3
3	"Leaf margins entire; lobes 5-7; petiole sap milky"	4
3	"Leaf margins serrate; lobes 3-5; petiole sap clear"	6
4	"Primary leaf lobes rounded to acute, their margins often ciliate"	"Acer campestre"
4	"Primary leaf lobes acuminate, their margins not ciliate"	5
5	"Leaf lobes entire, not lobulate; leaf bases subcordate"	"Acer cappadocicum"
5	"Leaf lobes lobulate-acuminatel leaf bases concave-hastate"	"Acer turkestanicum"
6	"Trees tall; twigs 5-8 mm thick; leaves mostly 5-lobed, 8-15 cm across; inflorescences terminal"	"Acer caesium"
6	"Trees small; twigs 2-5 mm thick; leaves mostly 3-lobed, 4-8 cm across; inflorescences lateral"	7
7	"Leaf lobes triangular, acute or blunt; margins entire to remotely crenate-subserrate"	"Acer pentapomicum"
7	"Leaf lobes caudate-acuminate; margins acutely serrate"	"Acer acuminatum"
