from	statement	to
1	"Flowers small; petals slightly exceeding the sepals; sepals usually 3-4(-5) mm long; styles thin, about 2 mm long"	2
1	"Flowers large; petals much exceeding the sepals; sepals usually 6-9 mm long; styles slightly thickened, 1-1.5 mm long"	3
2	"Plants annual herbs, often wth spreading branches and narrow, slender tap roots; fruits usually 10-15 mm long, 4-5 mm wide"	"Farsetia ramosissima"
2	"Plants small shrubs or perennial herbs with thick roots; siliques 20-25 mm long, 2.5-3 mm wide"	"Farsetia hamiltonii"
3	"Plants shrubby with woddy bases; branches rigid; siliqques less than 3 mm wide, seeds uniseriate"	"Farsetia heliophila"
3	"Plants shrubby with woody bases; branches somewhat herbaceous; siliques usually more than 3 mm wide; seeds more or less biseriate or sub-biseriate"	"Farsetia jacquemontii"
