from	statement	to
1	"Plants procumbent or erect, unarmed herbs; leaves opposite, entire; inflorescences short spikes; calyces 5-lobed; capsules with more than 8 seeds"	2
1	"Plants erect, armed herbs; leaves in pseudo-whorls of 6, margins minutely dentate; inflorescences axillary whorled fascicles; calyces 4-lobed; capsules with 4-8-seeds"	"Hygrophila auriculata"
2	"Plants pocumbent herbs, rooting at the nodes; leaves up to 1 cm wide; flowers about 8 mm long; capsules with more than 15 seeds"	"Hygrophila polysperma"
2	"Plants erect, herba up to 1 m tall; leaves 2-3.5 cm wide; flowers about 1.5 cm long; capsules with 8-12 seeds"	"Hygrophila quadrivalvis"
