from	statement	to
1	"Calyx tube without disc scales"	2
1	"Calyx tube with disc scales"	4
2	"Shrubs to 2.5 m tall; fruits succulent"	Daphne
2	"Shrubs or herbs, up to 60 cm tall; fruits dry"	3
3	"Plants annuals; flowers without bracts, in lax terminal racemes; calyx tubes constricted in fruit"	"Diarthron:Diarthon vesiculosum"
3	"Plants usually perennial, rarely annual; flowers subtended by bracts, axillary, solitary or in clusters; calyx tubes not contricted in fruit"	"Thymelaea:Thymelaea passerina"
4	"Discs unilateral, linear to lanceolate, simetimes 2-fid; flowers in terminal clusteres; calyx tubes splitting transverselyabove the ovaries"	"Stellera:Stellera lessertii"
4	"Discs of 2-4 linear sales, rearel fewer; flowers in terminal short racemes or spikes; calyx tubes not splitting above the ovaries"	"Wikstroemia:Wikstroemia canescens"
