from	statement	to
1	"Umbels with only one ray; leaves acicular or, occasionally, a few linear"	"Bupleurum subuniflorum"
1	"Umbels with many rays; leaves linear to ovate or almost orbicular"	2
2	"Upper leaves almost orbicular, perfoliate"	3
2	"Upper leaves linear to oval, not perfoliate"	4
3	"Leaves glaucous green; rays 5-10"	"Bupleurum rotundifolium"
3	"Leaves yellowish green; rays 10-20"	"Bupleurum croceum"
4	"All leaves broadly oval or only the basal leaves braodly oval, the upper leaves gradually narrower"	5
4	"All leaves narrowly linear to oval"	6
5	"Lower and upper leaves oval; rays 5-7"	"Bupleurum lanceolatum"
5	"Basal leaves oval, upper leaves gradually narrower; rays 2-5"	"Bupleurum gilesii"
6	"Middle and upper leaves with 13 or more veins"	7
6	"Middle and upper leaves with 9 or fewer veins"	13
7	"Flowers almost black; bracts of the involucels landeolate oval, 5-7-veined, as long or longer than the flowering umbellets"	"Bupleurum longicaule"
7	"Flowers yellow or almost black; bracts of the involucels lanceolate to oval, 3-5-veined, from longer to shorter than the flowing umbellets"	8
8	"Bases of upper leaves completely amplexicaul, auriculate"	9
8	"Bases of upper leaves not or slightly amplexicaul, not auriculate"	11
9	"Tips of upper leaves long acuminate; flowers yellow"	10
9	"Tips of upper leaves not acuminate; flowers dark purple"	"Bupleurum constancei"
10	"Lower leaves linear, upper leaves with inflated bases"	"Bupleurum clarkeanum"
10	"Lower leaves linear to lanceolate; upper leaves without inflated leaf bases"	"Bupleurum thomsonii"
11	"Bracts present; rays 5-12; upper leaves cordate or not"	12
11	"Bracts frequently lacking or only 1; rays 5-8; upper leaves oblong, not cordate"	"Bupleurum swatianum"
12	"Bracts 1-3; rays 8-12; upper leaves oblong to broadly oval, cordate; bracts of the involucels shoer than the flowers"	"Bupleurum jucundum"
12	"Bracts 1-4, unequal; rays 5-10; upper leaves oval, amplexicaul; bracts of the involucels as long or longer than the flowers"	"Bupleurum candollei"
13	"Plants decumbent; stems many from the base"	14
13	"Plants usually erect, sometimes decumbent; stems 1 or more from the base"	16
14	"Leaves narrowly linear to linear, their bases slightly amplexicaul"	"Bupleurum gracillimum"
14	"Leaves linear to lanceolate or oval, their bases broadly amplexicaul"	15
15	"Flowers black or almost so; bracts of the involucels oval"	"Bupleurum atroviolaceum"
15	"Flowers yellow; bracts of the involucels linear"	"Bupleurum aitchisonii"
16	"Plants annual; leaves oval, obtuse, punctate; fruit furrows with 1 vitta each"	"Bupleurum tenue"
16	"Plants perennial; leaves linear, lanceolate, falcate or oval; fruit furrows with 1-4 vittae each"	17
17	"Leaves oval; pedicels 2-3 times longer than the flowers and fruits"	"Bupleurum kohistanicum"
17	"Leaves linear to lanceolate; flowers and fruits subsessile or the pedicels as long as the flowers and fruits"	18
18	"Cauline leaves up to 2 cm long, linear; fruit furrows with 1 vitta each"	"Bupleurum stewartianum"
18	"Cauline leaves more than 2 cm long, linear to falcate; fruit furrows with 1-3 vittae"	19
19	"Umbels numerous; fruit furrows with 1 vitta each"	20
19	"Umbels not numerous; fruit furrows with 2-4 vittae each"	21
20	"Leaves linear to lanceolate; stylopodia light brown; involucel bracts as long or longer than the umbellets"	"Bupleurum tenue"
20	"Leaves linear, up to 10 cm long; stylopodia dark coloured; involucel bracts shorter than the unbellets"	"Bupleurum nigrescens"
21	"Leaves linear, 1-4 mm wide"	22
21	"Leaves linear to falcate, 3-10 mm wide"	24
22	"Longer leaves narrowly linear, involute, forming a groove; plants almost leafless on their upper parts; rays 3-7"	"Bupleurum canaliculatum"
22	"Longer leaves linear,not involute; plants leafy on their upper parts"	23
23	"Leaves stiff, coriaceous, 1-3 mm wide; rays 3-9; involucels with linear to lanceolate bracts"	"Bupleurum exaltatum"
23	"Leaves neither stiff nor coriaceous, 2-4 mm wide; rays 2-6; involucels with oblong to lanceolate bracts"	"Bupleurum linearifolium"
24	"Leaves amplexicaul, with long tapering tips"	25
24	"Leaves only slightly amplexicaul, abruptly narrowing to the acute tips"	"Bupleurum hoffmeisteri"
25	"Leaves linear to falcate, 3-10 mm wide"	"Bupleurum falcatum"
25	"Leaves linear; margins cartilaginous, their bases amplexicaul, narrow"	"Bupleurum marginatum"
