from	statement	to
1	"Disc achenes not winged; leaves deeply uni- to bipinnatisect with filiform ultimate segments"	"Cotula hemisphaerica"
1	"Disc achenes winged; leaves pinnatifid to bipinnatisect with decurrent ultimate segments"	2
2	"Inflorescences pedunculate, peduncles 6-13 mm long; outrflorets stalked, inner florets"	"Cotula anthemoides"
2	"peduncles 15-75 mm long; outer florets without corollas; all florets stalked; achenes dimorphic, outer elliptic, winged, inner obovoid, not winged"	"Cotula australis"
