from	statement	to
1	"Anthers united only at the base"	2
1	"Anthers united all or most of their length"	3
2	"Corollas 25-30(-35) mm long; anthers 8-11 mm long; nutlets about 4.5 mm long"	"Onosma dichroantha"
2	"Corollas 7-18 mm long; anthers 3-7 mm long; nutlets about 3-3.5 mm long"	"Onosma limitaneum"
3	"Anthers more or less included in the corolla tubes"	4
3	"Anthers clearly exserted well beyond the corolla tubes"	7
4	"Filaments about 2.5 mm long"	"Onosma chitralicum"
4	"Filaments 5-10 mm long"	5
5	"Plants 10-70 cm tall or taller; basal leaves 9-35 cm long"	"Onosma hispida"
5	"Plants up to 35 cm tall; basal leaves upt to 10 cm long"	6
6	"Bracts attenuate distally, becoming acuminate; corollas at least 30 mm long; filaments 10-12 mm long"	"Onosma khyberianum"
6	"Bracts not as above; corollas shorter than 30 mm; filaments up to 9 mm long"	"Onosma griffithii"
7	"Cauline leaves 10-30 mm long, under surfaces with both spreading and appressed hairs; outer surfaces of corolla tubes antrosely pubescent, inner surfaces villous"	"Onosma hyperboreum"
7	"Cauline leaves 50-80 mm long, under surfaces with spreading hairs only; outer surfaces of corolla tubes retrorsely pubescent, inner surfaces glabrous"	"Onosma thomsonii"
