from	statement	to
1	"Ligules present at least on the lower leaves"	"Echinochloa stagnina"
1	"Ligules not present on any leaves"	2
2	"Spikelets acuminate to awned, hisipid; panicle branches untidily 2-several rowed, the longest 2-10 cm long"	3
2	"Spikelets acute to cupidate, rarely with a subulate tip up to 1 mm long, pubescent panicle branches seldom more than 3 cm long, simple"	4
3	"Spikelets 3-4 mm long; upper lemmas 2-3 mm long; at least the lower panicle branches with secondary branchlets"	"Echinochloa crus-galli"
3	"Spikelets 3.8-6.5 mm long; upper lemmas 3.5-5 mm long; secondary branches not present"	"Echinochloa oryzoides"
4	"Panicle branches neatly 4-rowed, well-spaced, usually separated by about their length and appressed to the rachis but sometimes subverticellate and spreading; spikelets 1.5-3 mm long"	"Echinochloa colona"
4	"Panicle branches crowded with plump, pallid spikelets and closely spaced, forming a dense, lanceolate head; spikelets 2.5-3.5 mm long"	"Echinochloa frumentacea"
