from	statement	to
1	"Cauline leaves narrowed towards the base, neither auriculate not amplexicaul"	2
1	"Cauline leaves wide at the the base, often slifhtly auriculate and amplexicaul"	5
2	"Siliques 10-20 mm long; plants usually small, more or less glabrous in the upper portion; basal leaves entire to subdentate"	"Atabidopsis thaliana"
2	"Siliques 50-70 mm long; plants usually takk, hairy or canescent; basal leaves pinnatifid"	3
3	"Plants unbranched or sparingly branched from the base; basal leaves in a rosette; siliques acute with conspicuous styles"	4
3	"Plant densely branched in the upper portion; basal leaves not in a rosette or only loosely so; siliques with blunt tips and inconspicuous or short styles"	"Arabidopsis russelliana"
4	"Basal leaves much elongated, slightly shorter than the flowering stems, minutely pubescent; flowers about 5 mm across"	"Arabidopsis taraxacifolia"
4	"Basal leaves not as elongated, much shorter than the flowering stems, cansescent with a mix of long and short hairs; flowers about 3.5 mm across"	"Arabidopsis wallichii"
5	"Flowers yellow"	"Arabidopsis pumila"
5	"Flowers white"	6
6	"Siliques 10-18 mm long, densely pubescent; pedicels 2-3 mm long in fruit"	"Arabidopsis lasiocarpa"
6	"Siliques (20-)30-60 mm long, glabrous or almost so; pedicels (5-)8-15(-20) mm long in fruit"	7
7	"Plants annual; cauline leaves greenish, entire, slightly narrowed at the base, oblong"	"Arabidopsis stricta"
7	"Plants perennial; cauline leaves desnsely pubescent, appearing whitish, wide at the base, often slightly auriculare, dentate to entire"	8
8	"Plants somewhat cespitose, 2-5 cm tall in fruit;cauline leaves 0-4"	"Arabidopsis brevicaulis"
8	"Plants 15-40 cm tall, not cespitose; cauline leaves many"	9
9	"Racemes ebracteate or with only 1-2 bracts in the lower portionl siliques usually erect and straight"	"Arabidopsis mollissima"
9	"Racemes bracteate, often to the tip; siliques usually somewhat spreading and slightly curved"	"Arabidopsis himalaica"
