from	statement	to
1	"Corolla lobes of bisexual flowers with multicellular hairs with colleters"	"Blumea obliqua"
1	"Corolla lobes of bisexual flowers with unicellular hairs with colleters or glabrous"	2
2	"Heads solitary, axillary and terminal"	"Blumea bifoliata"
2	"Heads glomerate, variously spiculate or spicate"	3
3	"Heads 3-4 mm in diameter; corllas purple to ilac"	"Blumea axillaris"
3	"Heads (5-)6-8 mm in diameter; corollas yellow"	4
4	"Plants densely velutinus with silky, whitish hairs; achenes terete to subangular"	"Blumea lacera"
4	"Plants glabrous or variously pubescent but not covered with whitish hairs; achenes ribbed"	5
5	"Stems hollow; peduncles up to 1.5 mm long; receptacles pilose around the alveolae"	"Blumea sinuata"
5	"Stems solid; peduncles up  to 3 mm long; receptacles glabrous"	"Blumea membranacea"
