from	statement	to
1	"Primary inflorescences heads with 1 flower, these clustered into spherical or semispherical secondary head-like inflorescences"	2
1	"Primary inflorescences heads with more than 1 flower, these sometimes clustered into flat-topped corymbose secondary inflorescences, never into headlike inflorescences"	3
2	"Secondary heads spherical; leaves pinnatifid or pinnatisect, spiny"	Echinops
2	"Secondary heads hemispherical; leaves entire, not spiny"	"Acantholepis:Acantholepis orientalis"
3	"Achenes with horns"	4
3	"Achenes without horns"	6
4	"Achenes not compressed, 3-4-angular, with 4 erect horns"	Lipschitziella
4	"Achenes dorsiventrally compressed, obconical, with 2 lateral wings, these prolonged into short horns"	5
5	"Pappuses of 8-10(-15) pinnulate scales; heads heterogamous"	"Chardinia:Chardinia orientalis"
5	"Pappuses not of scales; heads homogamous"	"Hyalochaete:Hyalochaeta modesta"
6	"Leaves and often stems spiny or spinulate"	7
6	"Neither stems nor leaves spiny"	14
7	"Pappuses unseriate"	8
7	"Pappuses 2-many-seriate or absent"	9
8	"Plants annual; receptacles with fimbriate bristles; achenes oblong-obconical; pappus bristles stout, plumose, united at the base"	"Thevenotia:Thevenotia persica"
8	"Plants biennial or perennial; receptacles with twisted bristles; achenes obovoid or obpyramidal; pappus bristles short, scabrous, not united at the base"	Cousinia
9	"Receptacles fleshy"	"Cynara:Cynara scolymus"
9	"Receptacles not fleshy"	10
10	"Stems unarmed; leaves spiny"	"Silybum:Silybum marianum"
10	"Stems and leaves armed"	11
11	"Achenes strikingly dimorphic"	Carthamus
11	"Achenes monomorphic"	12
12	"Receptacles pitted or honey-combed, without bristles or bracts"	Onopordum
12	"Receptacles neither pitted nor honey-combed but with bristles"	13
13	"Stems spiny-winged all over; pappus bristles scabrous"	Carduus
13	"Stems not spiny-winged, sometimes with interrupted wings"	Cirsium
14	"Pappuses of one series of bristles"	15
14	"Pappuses of many series of bristles"	20
15	"Corolla limbs with sessile glands; achenes dark brown-black"	Himalaiella
15	"Corolla limbs without glands; achenes not dark brown-black"	16
16	"Phyllaries hooked at the tip"	"Arctium:Arctium lappa"
16	"Phyllaries not hooked at the tip"	17
17	"Heads usually subtended by pectinate, leafy bracts"	Atractylis
17	"Heads subtended by entire of dentate bacts on a leafless peduncle"	18
18	"Heads 2-7, clustered, sessile or subsessile; petioles of basal leaves unwinged"	"Aucklandia:Aucklandia costus"
18	"Heads solitary, on long or short peduncles; petioles of basal leaves unwinged"	19
19	"Phyllaries with brown to black margins; receptacles without bristles but each flower subtended by 1 bract"	"Shangwua:Shangwua jacea"
19	"Phyllaries not brown- or black-margins; receptacles with linear, acute bristles"	"Frolovia:Frolovia gilesii"
20	"Pappuses with 2 series of bristles"	21
20	"Pappuses with more than 2 series of bristles"	35
21	"Achenes dimophic or subequal"	Oligochaeta
21	"Achenes monomorphic, all equal"	22
22	"Innermost phyllaries showy, ending in an attractive pinkish appendage"	"Schischkinia:Schischkinia albispina"
22	"Innermost phyllaries not showy, without an appendage or, if appendaged, the appendages neither attractive nor pinkish"	23
23	"Pappuses with an inner ring of scales"	24
23	"Pappuses without an inner ring of scales"	28
24	"Phyllaries purpled-stained, outer with long, palmately fimbriate appendages, these yellow on upper surface; achenes with 3 concentric ridges at the top"	Zoegea
24	"Phyllaries not as above, outer phyllaries sometimes with appendages but these not long, plamate, and fimbriate; achenes without 3 concentric ridges near the top"	25
25	"Anthers long caudate at the base; achenes transversely rugose, with a bony rim at the top; lateral detachment areas large, surrounded by a whitich, swollen margin"	"Amberboa:Amberboa turanica"
25	"Anthers shortly caudate at the base or not caudate; achenes not rimmed at the top; detachment area not as aboce"	26
26	"Outer flowers radiate, sterile, showy, and quite long; insertion areole with elaiosomes"	Centaurea
26	"Outer flowers fertile or sterile but very short, not showy; insertion areoles without eliapsomes"	27
27	"Plants annual herbs; leaves with glochidiate and deeply branched hairs; achenes dark brown or blackish with a basal darker band and deep furrow above"	"Crupina:Crupina vulgaris"
27	"Plants perennial herbs; leaves without glochidiate hairs; achenes brown, basally pale with a whitish band and back topes, without a deep furrow"	"Rhaponticoides:Rhaponticoides ruthenica"
28	"Pappuses very long, at least the inner series exceeding the outer phyllaries"	Saussurea
28	"Pappuses short, not exceeding the outer phyllaries"	29
29	"Phyllaries purpled-stained, outer and middle phyllaries with long, palmate-fimbriate appendages, these yellow on upper surfaces; achenes with 3 concentric ridges at the top"	Zoegea
29	"Phyllaries not purple-stained, appendages not palmately fimbriate; achenes without concentric ridges at the top"	30
30	"Outer flowers sterile, radiate, large and showy, more than 5-lobed"	31
30	"Outer flowers fertile or sterile, not both radiate and large, usually 5-lobed"	32
31	"Achenes with tufts of hair on the edges; pappuses without an inner ring of scale-like bristles"	Cyanus
31	"Achenes without tufts of hair on the edges; pappuses with an inner ring of scale-like bristles"	Centaurea
32	"Heads usually subtended by  pectinate leaf-like bracts; corollas 1-3 mm long"	Atractylis
32	"Heads not subtended by pectinate leaflike bracts; corollas more than 1 cm long"	33
33	"Heads heterogamous; outer flowers sterile, minute; achenes with a dentate crown"	"Cnicus:Cnicus benedictus"
33	"Heads homogamous; outer flowers fertile and well-developed; achenes without a crown"	34
34	"Plants annual or perennial; phyllaries with wide, scarious margins and long, recurved or hairlike or spine-tipped awns; anthers sagittate with lacerate, densely ciliate basal appendages"	Tricholepis
34	"Plants perennial; phyllaries not scarious margined, without long recurved hairs or spine tipes; anthers neither sagittate nor with lacerate and hairy basal appendages"	"Leuzea:Leuzea repens"
35	"Achenes densely sericeous"	"Karvandarina:Karvandarina aphylla"
35	"Achenes not densely sericeous"	36
36	"Pappus bristles about 3 cm long; flowers fiiform; corolla tubes scarcely expanded distally"	"Outreya:Outreya carduiformis"
36	"Pappus bristles not more than 2 cm long; flowers not filiform; corolla tubes expanded distally"	37
37	"Inner ring of pappus bristles basally dilated and scalelike"	Tricholepis
37	"Inner ring of pappus bristles neither basally dilated nor scalelike"	38
38	"Achenes laterally compressed, with 12-15 ribs and a crenulated crown"	"Olgaea:Olgaea thomsonii"
38	"Achenes not laterally compressed, if crowned without ribs"	39
39	"Achenes with a crown; pappuses persistent"	40
39	"Achenes without a crown; pappuses deciduous"	41
40	"Tops of achenes with a distinct umbo;  innermost ring of pappuses with 2-3(-5) bristles longer and with wider bases than the others"	Jurinea
40	"Tops of achenes without an umbo; innermost ring of pappuses with all bristles similar in length and width"	Klasea
41	"Receptacles with bristles; anthers appendiculate"	"Aegopordon:Aegopordon berardioides"
41	"Receptacles naked, without bristles; anthers not appendiculate"	Dolomiaea
