from	statement	to
1	"Stems and leaves more or less densely stellate-hairy but not glandular"	2
1	"Stems and leaves without stellate hairs, usually glandular, at least in part"	3
2	"Inflorescences open, much-branched; cauline leaves not decurrent; all filaments wooly-hairy up to the anthers; anthers all reniform"	"Verbascum erianthum"
2	"inflorescences dense, unbrnched or almost so; at least the upper cauline leaves decurrent; 2 anterio filaments glabrous or only sparsely hairy in the middle, the other 3 posterior filaments wooly-hairy up to the anthers; anterior anthers decurrent or oblique, posterior anthrs reniform"	"Verbascum thapsus"
3	"Stamens 4; anthers all reniform; filament with yellowish or reddish hairs"	"Verbascum chinense"
3	"Stamens usually 5; 2 anterior anthers decurrent, posterior anthers reniforms; filaments with violet or white hairs"	4
4	"Stems densely viscid throughout; all bacters longer than the pedicels"	"Verbascum macrocarpum"
4	"Stems not or sparingly glandular in the upper part; lower bracts subqual to the pedciels, others shorter"	"Verbascum blattaria"
