from	statement	to
1	"Stamens 10; leaflets lobed, mostly glabrescent"	"Sibbaldia perpussilliodes"
1	"Stamens 4-5; leaftlets dentate distally or entire; mostly tomentose"	2
2	"Lower surface of leaflets snowy white; achenes ribbed or with folds"	"Sibbaldia micropetala"
2	"Lower surface of leaflets not snowy white; achenes smooth"	3
3	"Plants forming dense moss-like cushions, mostly prostrate to ascending"	"Sibbaldia tetrandra"
3	"Plants spreading, not forming moss-like cushions, usually erect or ascendent-erect"	4
4	"Leaves with 5 leaflets; leaflets articulated at the base; inflorescnces axillary cynes of 1-5 flowers; petals usually purple"	"Sibbaldia purpurea"
4	"Leaves with 3 leaflets; leaflets not articulated at the basel inflorescences umbellate cymes with 5-11 flowers; petals mostly creamy white"	"Sibbaldia procumbens"
