from	statement	to
1	"Corollas 1.5-1.8 mm long"	2
1	"Corollas 2.5-4.5 mm long"	3
2	"Corolla tubes 2-3 times the length of the lobes, dull pink; corollas and ovaries shortly puberulous"	"Asperula oppositifolia subsp. oppositifolia"
2	"Corolla tubes 1.5 times times the length of the lobes, white; corollas and ovaries glabrous"	"Asperula oppositifolia subsp. albiflora"
3	"Flowers glabrous"	"Asperula oppositifolia subsp. pseudo-cynanchica"
3	"Flowers hirsute or puberulous"	4
4	"Flowers more or less sessile, or, if pedicellate, pedicels less than 1 mm long"	5
4	"Flowers pedicellate, pedicels 3-6 mm long"	"Asperula oppositifolia subsp. baltistanica"
5	"Leaves broadly lanceolate-narrowly elliptic, membranous; inflorescences lax, elongated"	"Asperula oppositifolia subsp. cabulica"
5	"Leaves linear, more or less coriaceous; inflorescences congested, more or less glomerate or in dense fascicles"	"Asperula oppositifolia subsp. grandiflora"
