id	author	year	title	collection_authors	collection_title	edition	series	volume	part	publisher	place_of_publication	pages	url
3366	"T.A. Cope"	1982	Triticeae	"E. Nasir and S.I. Ali"	"Flora of Pakistan"			143		"University of Karachi"		590-592	
3378	"S.I. Ali"	1973	Acacia	"E. Nasir and S.I. Ali (Eds.)"	"Flora of Pakistan"			36		"University of Karachi"	"Karachi, Pakistan"	1-41	
3379	"Ali, S.I."	1973	Caesalpinaceae	"E. Nasir and S.I. Ali"	"Flora of West Pakistan"			54		"University of Karachi"	"Karachi, Pakistan"	2-9	
3392	"Ali, S.I."	1973	Calliandra	"Nasir, E. and S.I. Ali (Eds.)."	"Flora of West Pakistan"			36		"University of Karachi"	"Karachi, Pakistan"	33-34	
3394	"Ali, S.I."	1973	Mimosaceae	"Nasir, E. and S.I. Ali"	"Flora of West Pakistan"			36		"University of Karachi"	"Karachi, Pakistan"	1-41	
3407	"Ali, S.I."	2001	Salicaceae	"Ali, S.I. and M. Qaiser"	"Flora of Pakistan"			203		"University of Karachi and Missouri Botanical Garden"		1-63	
3413	"Nasir, Y."	1970	Flacourtiaceae	"E. Nasir and S.I. Ali"	"Flora of West Pakistan"			1		"Stewart Herbarium"	Islamabad	1-5	
3414	"Nasir, Y."	1970	Flacourtiaceae	"E. Nasir and S.I. Ali (Eds.)"	"Flora of West Pakistan"			1		"Stewart Herbarium and Karachi University"	Islamabad	1-5	
3431	"E. Nasir and Y. Nasir"	1987	Pinaceae	"Nasir, E and S.I. Ali (Eds.)"	"Flora of Pakistan"			182		"Parkistan Agricultural Research Council"	Islamabad	6-15	
3450	"Cope, T.A."	1982	Poaceae	"E. Nasir and S.I. Ali"	"Flora of Pakistan"			143				1-678	
3518	"Ghafoor, A., S. Abedin, M. Qaiser, R. Abid, S.R. Mehdi, R. Abid, and A. Sennikov"	2017	"Asteraceae (IV) - Cichorieae"	"S.I. Ali and M. Qaiser"	"Flora of Pakistan"			222		"Center for Plant Conservation, University of Karachi"	Karachi	1-10	
3533	"Abedin, S. and A. Ghafoor"	2017	Cichorium	"S.I. Ali and M. Qaiser"	"Flora of Pakistan"			222		"Centre for PLant Conservation, University of Karachi, Karachi"	Karachi	11-19	
3534	"Ghafoor, A. and S. Abedin"	2017	Chondrilla	"S.I. Ali and M. Qaiser"	"Flora of Pakistan"			222		"Centre for Plant Diversity, University of Karachi"	Karachi	20-25	
3535	"Ghafoor, A. and M. Qaiser"	2017	Crepidiastrum	"S.I. Ali and M. Qaiser"	"Flora of Pakistan"			222		"Centre for Plant Diversity, University of Karachi"	Karachi	25-30	
3539	"Barkworth, M.E. "	2018	"Combretaceae genera in Pakistan"							KeyBase	"KeyBase. http://keybase.rbg.vic.gov.au. [Accessed: 31-05-2018]"		
3540	"Qaiser, S., M. Qaiser, and M. Barkworth"	2018	"Terminalia in Pakistan"								"KeyBase. http://keybase.rbg.vic.gov.au. [Accessed: 31-05-2018]"		
3542	"Ghafoor, A. and S. Abedin"	2017	Ixeris	"S. Ali and M. Qaiser (Eds.)."	"Flora of Pakistan"			222		"Centre for Plant Diversity, University of Karachi"	Karachi	31-34	
3543	"Ghafoor, A."	2017	Askellia	"S. Ali and M. Qaiser"	"Flora of Pakistan"			222				35-41	
3544	"Abedin, S."	2017	"Dubyaea species"	"S. Ali and M. Qaiser"	"Flora of Pakistan"			222		"Centre for Plant Conservation, University of Karachi"	Karachi	42-44	
3545	"Ghafoor, A. and S. Abedin"	2017	"Crepis species"	"S. Ali and M. Qaiser"	"Flora of Pakistan"			222				44-57	
3547	"Abedin, S."	2017	"Heteroderis pumila varieties"	"S. Ali and M. Qaiser"	"Flora of Pakistan"			222		"Centre for Plant Conservation, University of Karachi"	Karachi	59-62	
3548	"Ghafoor, A."	2017	Lapsana	"S. Ali and M. Qaiser"	"Flora of Pakistan"			222		"Centre for Plant Diversity, University of Karachi"	Karachi	62-65	
3549	"Abedin, S."	2017	"Taraxacum species"	"S. Ali and M. Qaiser"	"Flora of Pakistan"			222		"Centre for Plant Conservation, University of Karachi"	Karachi	68-180	
3550	"Ghafoor, A."	2017	"Launaea species"	"S. Ali and M. Qaiser"	"Flora of Pakistan"			222		"Centre for Plant Conservation, University of Karachi"	Karachi	153-178	
3551	"Abid, R., M. Qaiser, and A. Ghafoor"	2017	Melanoseris	"S. Ali and M. Qaiser"	"Flora of Pakistan"			222		"Centre for Plant Conservation, University of Karachi"	Karachi	178-202	
3554	"R. Abid, M. Qaiser, and A. Ghafoor"	2017	"Lactuca species"	"S. Ali and M. Qaiser (Eds.)"	"Flora of Pakistan"			222		"Centre for Plant Conservation, University of Karachi"	Karachi	202-230	
3558	"Abid, R., M. Qaiser, and A. Ghafoor"	2017	Lactuca	"S. Ali and M. Qaiser (Eds.)"	"Flora of Pakistan"			222		"Centre for Plant Conservation, University of Karachi"	Karachi	202-230	
3559	"Ghafoor, A."	2017	Sonchus	"S. Ali and M. Qaiser (Eds.)"	"Flora of Pakistan"			222		"Centre for Plant Conservation, University of Karachi"	Karachi	233-245	
3560	"Ghafoor, A."	2017	Sonchus	"S. Ali and M. Qaiser (Eds.)"	"Flora of Pakistan"			222		"Centre of Conservation, University of Karachi"	Karachi	233-246	
3561	"Sennikov, A. and A. Ghafoor"	2017	Hieracium	"S. Ali and M. Qaiser (Eds.)"	"Flora of Pakistan"			222		"Centre of Plant Diversity, University of Karachi"	Karachi	246-258	
3562	"Abedin, S. and A. Ghafoor"	2017	Garhadiolus	"S. Ali and M. Qaiser (Eds.)"	"Flora of Pakistan"			222		"Centre for PLant Conservation, University of Karachi"	Karachi	260-265	
3564	"Abedin, S. and A. Ghafoor"	2017	Picris	"S. Ali and M. Qaiser"	"Flora of Pakistan"			222		"Centre for Plant Conservation, University of Karachi"	Karachi	265-271	
3565	"Ghafoor, A. and S. Abedin"	2017	"Koelpinia species"	"A. Ghafoor and S. Abedin"	"Flora of Pakistan"			222		"Centre for Plant Conservation, University of Karachi"	Karachi	271-276	
3570	"Ghafoor, A. and S. Abedin"	2017	Epilasia	"S. Ali and M. Qaiser"	"Flora of Pakistan"			222		"Centre for Plant Conservation, University of Karachi"	Karachi	279-283	
3571	"Ghafoor, A. and S. Abedin"	2017	Tragopogon	"S. Ali and M. Qaiser"	"Flora  of Pakistan"			222		"Centre for Plant Conservation, University of Karachi"	Karachi	285-299	
3572	"Ghafoor, A."	2017	Podospermum	"S. Ali and M. Qaiser"	"Flora of Pakistan"			222		"Centre for Plant Conservation, University of Karachi"	Karachi	297-299	
3573	"Abid, R., A. Raza Mehdi, and A. Ghafoor"	2017	Scorzonera	"S. Ali and M. Qaiser"	"Flora of Pakisan"			222		"Centre for Plant Diversity, University of Karachi"	Karachi	300-320	
3574	"Nazimuddin, S. and M.Qaiser"	1983	Apocynaceae	"E. Nasir and S.I. Ali (eds.)"	"Flora of Pakistan"			148		"Department of Botany, University of Karachi"	Karachi	1-41	
3577	"Nasir, Y.J. "		Datura		"Flora of Pakistan"								
3580	"Nasir, Y.J."	1985	Solanaceae	"E. Nasir and S.I. Ali (Eds)"	"Flora of Pakistan"			168		"Department of Botany, University of Karachi"	Karachi	1-58	
3600	"Nazimuddin, S. and M. Qaiser"	1989	Rubiaceae	"S.I. Ali and M. Qaiser (Eds.)"	"Flora of Pakistan"			190		"Centre for Plant Conservation, University of Karachi"	Karachi	1-145	
3613	"Ali, S.I. and B. Mathew"	2000	Iridaceae	"S.I. Ali and M. Qaiser"	"Flora of Pakistan"			202		"Dept. of Botany, University of Karachi and Missouri Botanical Press, Missouri Botanical Garden"	"Karachi, Pakistan and St. Louis, U.S.A."	1-35	
3624	"Barkworth, M.E."	2018	"Poaceae tribes in Pakistan"							KeyBase	"Melbourne, Australia"		
3632	"Ghafoor, Abdul"	1974	Alismataceae	"Nasir, E. and S.I. Ali"	"Flora of West Pakistan"			68		"University of Karachi"	"Karachi, Pakistan"		
3633	"Ghafoor, A. "	1974	Alismataceae	"E. Nasir and S.I. Ali"	"Flora of West Pakistan"			68		"University of Karachi"	"Karachi, Pakistan"	1-12	
3634	"Nasir, Y."	1971	Oxalidaceae	"E. Nasir and S.I. Ali"	"Flora of West Pakistan"			4		"University of Karachi"	"Karachi, Pakistan"	1-7	
3635	"Dar, Mohd. Iqbal"	1970	Phytolaccaceae	"E. Nasir and S.I. Ali"	"Flora of West Pakistan"			3		"University of Karachi"	"Karachi, Pakistan"	1-3	
3636	"Ali, Zaffar"	1971	Ericaceae	"E. Nasir and S.I. Ali"	"Flora of West Pakistan"			5		"University of Karachi"	"Karachi, Pakistan"	1-9	
3637	"Dar, M. Iqbal"	1971	Monotropceaea	"E. Nasir and S.I. Ali"	"Flora of West Pakistan"			6		"University of Karachi"	"Karachi, Pakistan"	1-3	
3638	"Grohmann, F."	1971	Polemoniaceae	"E. Nasir and S.I. Ali"	"Flora of West Pakistan"			8		"University of Karachi"	"Karachi, Pakistan"	1-4	
3639	"Nasir, Y."	1971	Averrhoaceae	"E. Nasir and S.I. Ali"	"Flora of West Pakistan"			11		"University of Karachi"	"Karachi, Pakistan"	1-3	
3640	"Nasir, Y."	1971	Thymelaeacae	"E. Nasir and S.I. Ali"	"Flora of West Pakistan"			12		"University of Karachi"	"Karachi, Pakistan"	1-10	
3642	"Nasir, Y."	1972	Juglandaceae	"E. Nasir and S.I. Ali"	"Flora of West Pakistan"			14		"University of Karachi"	"Karachi, Pakistan"	1-5	
3643	"Siddiqi, M.A."	1972	Philadelphaceae	"E. Nasir and S.I. Ali"	"Flora of West Pakistan"			15		"University of Karachi"	"Karachi, Pakistan"	1-5	
3644	Barkworth	2018	"Key to genera of Hydrangeaceae in Pakistan"							KeyBase	"Melbourne, Australia"		
3645	"Abdulla, P."	1972	Meliaceae	"E. Nasir and S.I. Ali"	"Flora of West Pakistan"			17		"University of Karachi"	"Karachi, Pakistan"	1-8	
3646	"Barkworth, M.E."	2018	Potamogetonaceae							"Royal Botanic Gardens, Melbourne"	"Melbourne, Australia"		
3647	"Malik, K.A. and A. Ghafoor"	1988	"Acanthaceae "	"E. Nasir and S.I. Ali"	"Flora of Pakistan"			188		"Department of Botany, University of Karachi"	"Karachi, Paistan"	1-79	
3648	"Barkworth, M.E."	2018	"Betulaceae genera"							"Royal Botanic Gardens, Melbourne"	KeyBase		
3649	"Abdulla, P."	1972	Linaceae	"E. Nasir and S.I. Ali"	"Flora of West Pakistan"			21		"University of Karachi"	"Karachi, Pakistan"	1-6	
3650	"Abedin, A. and S.I. Ali"	1972	Burseraceae	"E. Nasr and S.I. Ali"	"Flora of West Pakistan"			26		"University of Karachi"	"Karachi, Pakistan"	1-6	
3651	"Abedin, S. and S.I. Ali"	1972	Burseraceae	"E. Nasir and S.I. Ali"	"Flora of West Pakistan"			26		"University of Karachi"	"Karachi, Pakistan"	1-6	
3652	"Ghafoor, A. and S.I. Ali"	1972	Elatinaceae	"E. Nasir and S.I. Ali"	"Flora of West Pakistn"			19		"University of Karachi"	"Karachi, Pakistan"	1-5	
3653	"Ghafoor, A."	2012	Myrtaceae	"S.I. Ali and M. Qaiser"	"Flora of Pakistan"			219		"Center for Plant Conservation, UNiversty of Karachi"	"Karachi, Pakistan"		
3654	"Siddiqi, M.A."	1972	Ribes	"E. Nasir and S.I. Ali"	"Flora of West Pakistan"			27		"Department of Botany, University of Karachi"	"Karachi, Pakistan"	1-10	
3655	"Bokhari, M.H. "	1972	Plumbaginaceae	"E. Nasir and S.I. Ali"	"Flora of West Pakistan"			28		"Department of Botany, University of Karachi"	"Karachi, Pakistan"	1-14	
3656	"Ali, S.I. and S.W.Khan"	2009	Asparagaceae	"S.I. Ali andM. Qaiser"	"Flora of Pakistan"			217		"institute of Plant Conservation, University of Karachi and Missouri Botanical Garden Press"	"Karachi, Pakistan and St. Louis, MIssouri, U.S.A."	1-23	
3657	"Qureshim S."	1972	Salvadora	"E.Nasir and S.I. Ali"	"Flora of West Pakistan"			29		"Department of Botany, University of Karachi"	"Karachi, Pakistan"	1-4	
3658	"Ali, S.I."	1972	Goodeniaceae	"E. Nasir and S.I. Ali"	"Flora of West Pakistan"			30		"Department of Botany, University of Karachi"	"Karachi, Pakistan"	1-3	
3659	"Siddiqi, M.A. "	1973	Parnassiaceae	"E. Nasir and S.I. Ali"	"Flora of West Pakistan"			31		"Department of Botany, University of Karachi"	"Karachi, Pakistan"	1-5	
3660	"Barkworth. M.E. "	1018	"Bambusoid genera"							KeyBase	"Royal Botanic Gardens, Melbourne, Australia"		
3661	"Barkworth, M.A."	2018	"Bambuseae genera"							KeyBase	"Royal Botanic Gardens, Melbourne, Australia"		
3662	"Robson, N.K.B."	1973	Guttifera	"E. Nasir and S.I. Ali"	"Flora of West Pakistan"			32		"Department of Botany, University of Karachi"	"Karachi, Pakistan"	112	
3674	"Ali, S.I."	2005	Convallariaceae	"S.I. Ali and M. Qaiser"	"Flora of Pakistan"			213				1-10	
3675	"Ali, S.I."	2005	Hyacinthaceae	"S.I. Ali and M. Qaiser"	"Flora of Pakistan"			214		"Department of Botany, University of Karachi and Missouri Botanical Garden Press"	"Karachi, Pakistan and St. Louis, Missouri, USA"	1-20	
3676	"Ali, S.A."	2007	Liliaceae	"S.I. Ali and M .Qaiser"	"Flora of Pakistan"			215		"Department of Botany, University of Karachi and MIssouri Botanica; Garden"	"Karachi, Pakistan and St. Louis,MIssouri, USA"	1-108	
3683	"Abedin, S."	1979	Malvaceae	"E. Nasir and S.I. Ali"	"Flora of West Pakistan"			130		"Department of Botany, University of Karachi"	"Karachi, Pakistan"	1-107	
3688	"Nasir, E. "	1972	Umbelliferae	"E. Nasir and S.I. Ali"	"Flora of West Pakistan"			20				1-169	
3689	"Abedin, S."	1973	Pedaliaceae	"E. Nasir and S.I. Ali"	"Flora of West Pakistan"			33		"Department of Botany, University of Karachi"	"Karachi, Pakistan"	1-4	
3721	"Sarwar, G.R."	2002	Crassulaceae	"S.I. Ali and M. Qaiser"	"Flora of Pakistan"			209		"DEpartment of Botany, University of Karachi and Missouri Botanical Garden Press,"	"Karachi, Pakistan and St. Louis, U.S.A."	1-65	
3722	"Sarawar, G.R."	2002	Crassulaceae	"S.I. Ali and M. Qaiser"	"Flora of Pakistan"			209					
3723	"Murray, E."	1975	Aceraceae	"E. Nasir and S.I. Ali"	"Flora of West Pakistan"			92		"Department of Botany, University of Karachi"	"Karachi, Pakistan"	1-7	
3724	"Abdulla, P."	1973	Sapindaceae	"E. Nasir and S.I. Ali"	"Flora of West Pakistan"			39		"Department of Botany, University of Karachi"	"Karachi, Pakistan"	1-10	
3725	"Jafri, S.M.H."	1973	Capparidaceae	"E. Nasir and S.I. Ali"	"Flora of West Pakistan"			34		"Department of Botany, University of Krachi"	"Karachi, Pakistan"	1-35	
3726	"Abdulla, P."	1973	Loranthaceae	"E. Nasir and S.I. Ali"	"Flora of West Pakistan"			35		"Department of Botany, University of Karachi"	"Karachi, Pakistan"	1-9	
3727	"Nasir, Y.J."	1984	Santalaceae	"E. Nasir and S.I. Ali"	"Flora of Pakistan"			159		"Department of Botany, Karachi"	"Karachi, Pakistan"	1-6	
3738	"Omer, S."	1995	Gentianaceae	"S.I. Ali and M. Qaiser"	"Flora of Pakistan"			197		"Department of Botany, University of Karachi"	"Karachi, Pakistan"	1-172	
3740	"Ali, S.I."	1983	Asclepiadaceae	"E. Nasir and S.I. Ali"	"Flora of Pakistan"			150		"Department of Botany, University of Karachi"	"Karachi, Pakistan"	1-65	
3741	"Nazimuddin, S. and M. Qaiser"	1983	Apocynaceae	"E. Nasir and S.I. Ali"	"Flora of Pakistan"			148		"Department of Botany, University of Karachi"	"Karachi, Pakistan"	1-41	
3742	"Nasir, Y.J."	1984	Primulaceae	"E. Nasir and S.I. Ali"	"Flora of Pakistan"			157		"Department of Botany, University of Karachi"	"Karachi, Pakistan"	1-103	
3743	"Jafri, S.M.H. and S. Qaiser"	1975	Myrsinaceae	"E. Nasir and S.I. Ali"	"Flora of West Pakistan"			89		"Department of Botany, University of Karachi"	"Karachi, Pakistan"	1-8	
3744	"Qaiser, M."	1973	Moringaceae	"E. Nasir and S.I. Ali"	"Flora of West Pakistan"			38		"Department of Botany, University of Karachi"	"Karachi, Pakistan"	1-4	
3746	"Nasir, Y."	1973	Molluginaceae	"E. Nasir and S.I. Ali"	"Flora of West Pakistan"			40		"Department of Botany, University of Karachi"	"Karachi, Pakistan"	1-6	
3747	"Nasir, Y."	1973	Aizoaceae	"E. Nasir and S.I. Ali"	"Flora of West Pakistan"			41		"Department of Botany, University of Karachi"	"Karachi, Pakistan"	1-12	
3748	"Qaiser, M."	1973	Cannabaceae	"E. Nasir and S.I. Ali"	"Flora of West Pakistan"			44		"Department of Botany, University of Karachi"	"Karachi, Pakistan"	1-5	
3749	"Nasir, Y."	1973	Malpighiaceae	"E. Nasir and S.I. Ali"	"Flora of West Pakistan"			45		"Department of Botany, University of Karachi"	"Karachi, Pakistan"	1-4	
3761	"Ghafoor, A."	2002	"Asteraceae (I) - Anthemideae"	"S.I. Ali and M. Qaiser (Eds.)"	"Flora of Pakistan"			207		"Department of Botany, University of Karachi and Missouri Botanical Press, MIssouri Botanical Garden"	"Karachi, Pakistan and St. Louis, U.S.A."	9-172	
3762	"Qaiser, M."	2002	Asteraceae	"S.I. Ali and M. Qaiser"	"Flora of Pakistan"			207		"Department of Botany, University of Karachi and Missouri Botanical Garden"	"Karachi, Pakistan and St. Louis, United States"	1-8	
3779	"Ghafoor, A."	2002	Anthemideae	"S.I. Ali and M. Qaiser"	"Flora of Pakistan"			207		"Department of Botany, University of Karachi and MIssouri Botanical Press, Missouri Botanical Gardeb"	"Karachi, Pakistan and St. Louis, USA"	9-172	
3780	"Ghafoor, A."	1973	Illecebraceae	"E. Nasir and S.I. Ali"	"Flora of West Pakistan"			47		"Department of Botany. University of Karachi"	"Karachi, Pakistan"	1-12	
3828	"Austin, D.F. and Shahina Ghazanfar"	1979	Convolvulaceae	"Nasir, E. and S.I. Ali (Eds.)"	"Flora of West Pakistan"			126		"Agricultural Research Council, Islamabad"	"Islamabad, Pakistan"	1-64	
3841	"Ghafoor, A."	1973	Portulacaceae	"E. Nasir and S.I. Ali"	"Flora of West Pakistan"			51		"Department of Botany, University of Karachi"	"Karachi, Pakistan"	1-8	
3842	"Jafri, S.M.H."	1973	"Triglochin species"	"E. Nasir and S.I. Ali"	"Flora of West Pakistan"			48		"Department of Botany, University of Karachi"	"Karachi, Pakistan"	1-5	
3843	"Dar, M.I."	1973	Polygalaceae	"E. Nasir and S.I. Ali"	"Flora of West Pakistan"			52		"Department of Botany, University of Karchi"	"Karachi, Pakistan"	1-11	
3844	"Siddiqi, M.A."	1973	Dioscoreaceae	"E. Nasir and S.I. Ali"	"Flora of West Pakistan"			53		"Department of Botany, University of Karachi"	"Karachi, Pakistan"	1-6	
3845	"Ali, S.I."	1973	Caesalpiniaceae	"E. Nasir and S.I. Ali"	"Flora of West Pakistan"			54		"Department of Botany, University of Karachi"	"Karachi, Pakistan"	1-47	
3857	"Jafri, S.M.H. and M. Qaiser"	1974	"Papaveraceae and Fumariaceae"	"E. Nasir and S.I. Ali"	"Flora of West Pakistan"			"61 and 73"		"Department of Botany, University of Karachi"	"Karachi, Pakistan"	"1-32, 1-43"	
3864	"Jafri, S.M.H."	1973	Brassicaceae	"E. Nasir and S.I. Ali"	"Flora of West Pakistan"			55		"Department of Botany, University of Karachi"	"Karachi, Pakistan"	1-308	
3865	"Qaiser, M. and Rubina Abid"	2003	"Asteraceae (II) Inuleae, Plucheeae, and Gnaphalieae"	"S.I. Ali and M. Qaiser"	"Flora of Pakistan"			210		"Department of Botany, University of Karachi and Missouri Botanical Garden Press"	"Karachi, Pakistan and St. Louis, U.S.A."	1-215	
3869	"Nasir, Yasim. J."	1978	Araceae	"E. Nasir and S.I. Ali"	"Flora of West Pakistan"			120		"Department of Botany, University of Karachi"	"Karachi, Pakistan"	1-17	
3870	"Hoch, Peter S. and Peter H. Raven"	1981	Onagraeae	"E. Nasir and S.I. Ali"	"Flora of Pakistan"			139		"Department of Botany, University of Karachi"	"Karachi, Pakistan"	1-44	
3966	"Thulin, M."	1993	Fabaceae	"M. Thulin (Ed.)"	"Flora of Somalia"			1		"Trustees of the Royal Botanic Gardens, Kew"	"Richmond, Surrey, UK. Reproduced with permission"	341-342	
3968	"Ali, S.I."	1977	Papilionaceae	"E. Nasir and S.I. Ali (Eds.)"	"Flora of West Pakistan"			100		"University of Karachi"	"Karachi, Pakistan"	1-389	
3988	"Jafri, S.M.H."	1974	Fumariaceae	"E. Nasir and S.I. Ali (Eds.)"	"Flora of West Pakistan"			73		"Department of Botany, University of Karachi"	"Karachi, Pakistan, Reproduced with permission."	1-43	
3989	"Jafri, S.M.H."	1974	"Lardizabalaceae genera and species"	"E. Nasir and S.I. Ali"	"Flora of Pakistan"			60		"Department of Botany, University of Karachi"	"Karachi, Pakistan. Reproduced with permission."	1-4	
3990	"Kafri, S.M.A."	1974	"Plantago species and subspecies"	"E. Nasir and S.I. Ali (Eds.)"	"Flora of West Pakistan"			62		"Department of Botany, University of Karachi"	"Karachi, Pakistan. Reproduced wuth permission."	1-21	
4029	"Townsend, C.C. "	1974	Amaranthaceae	"Nasir, E. and S.I. Ali (Eds)."	"Flora of West Pakistan"			71		"Department of Botany, University of Karachi"	"Karachi, Pakistan"	1-49	
4033	"Ghafoor, A."	1974	Zygophyllaceae	"E. Nasir and S.I. Ali (Eds.)"	"Flora of West Pakistan"			76		"Department of Botany, University of Karachi"	"Karachi, Pakistan"	1-35	
4035	"Ghafoor, A."	1974	Zygophyllaceae	"E. Nasir and S.I. Ali"	"Flora of West Pakistan"			76		"Department of Botany, University of Karachi"	"Karachi, Pakistan"	1-35	
4036	"Freitag, H., I.C. Hedge, S.M.H. Jafri, G.Kothe-Heinrich, S. Omer, and P. Uotila"	2001	Chenopodiaceae	"S.I. Ali and M. Qaiser (Eds)."	"Flora of Pakistan"			204		"Department of Botany, University of Karachi and Missouri Botanical Garden, St., Louis"	"Karachi, Pakistan"		
4037	"Uotila, P."	2001	Chenopodium	"S.I. Ali and M. Qaiser"	"Flora of Pakistan"			204		"Department of Botany, University of Karachi and Missouri Botanical Garden Press"	"Karachi Pakistan and St. Louis, U.S.A."	13-52	
4038	"Freitag, H."	2001	Suaeda	"S.I. Ali and M. Qaiser (Ed.)"	"Flora of Pakistan"			204		"Department of Botany, University of Karach and MIssouri Botanical Garden"	"Karachi, Pakistan and St. Louis, U.S.A."	104-126	
4039	"Freitag, H."	2001	Salsola	"S.I. Ali and M. Qaiser"	"Flora of Pakistan"			204		"Department of Botany, University of Karachi and Missouri Botanical Garden"	"Karachi, Pakistan and St. Louis, U.S.A."	127-178	
4042	"Qaiser, M. and R. Abid"	2003	"Inuleae genera"	"S.I. Ali and M. Qaiser"	"Flora of Pakistan"			210		"Department of Botany, University of KArachi and Missouri Botanical Garden"	"Karachi, Pakistan and St. Louis, U..S.A."	1-94	
4043	"Khanzada, S.K. & S.A. Khan"	1974	Magnoliaceae	"E. Nasir & S.I. Ali (Eds)."	"Flora of West Pakistan"			64		"Department of Botany, University of Karachi"	"Karachi, Pakistan"	1-6	
4044	"Ghafoor, A."	1974	Passifloraceae	"E. Nasir & S.I. Ali"	"Flora of West Pakistan"			66		"Department of Botany, University of Karachi"	"Karachi, Pakistan"	1-5	
4045	"Nasir, Yasin J."	1989	Boraginaceae	"S.I. Ali & Y.J. Nasir (Eds.)"	"Flora of Pakistan"			191		"Department of Botany, University of Karachi"	"Karachi, Pakistan"	1-200	
4046	"Nasir, Y.J."	1989	Boraginaceae	"S.I. Ali & Y.J. Nasir"	"Flora of Pakistan"			191		"Department of Botany, University of Karachi"	"Karachi, Pakistan"	1-200	
4048	"Ghafoor, A."	1974	Buxaceae	"E. Nasir & A. Ghafoor"	"Flora of West Pakistan"			65		"Deaprtment of Botany, UNiversity of Karachi"	"Karachi, Pakistan"	1-6	
4290	"Simões, A.R. & G. Staples"	2017	"Dissolution of Convolvulaceae tribe Merremieae and a
new classification of the constituent genera"					183				" 561–586"	
4291	"Rajput, M.T.M. & S.S. Tahir"	1988	Cuscutaceae	"E. Nasir & S.I. Ali"	Cuscutaceae			189		"Department of Botany, University of Karachi"	"Karachi, Pakistan"	1-24	
4671	"Nasir, Yasin I."	1984	Primula	"E. Nasir & S.I. Ali (Eds.)"	"Flora of Pakistan"			157		"Department of Botany, University of Karachi"	"Karachi, Pakistan"	1-103	
4696	"Mill, R.R."	2015	Verbascum	"S.I. ALi and M. Qaiser (Eds.)"	"Flora of Pakistan, "			220		"Centre for Plant Conservation, Universityof Karachi"	"Karachi, Pakistan.. REproduced with permission"	264-272	
4708	"Qaiser, M. & S. Nazimuddin"	1981	Rhamnaceae	"E. Nasir & S.I. Ali"	"Flora of Pakistan"			140		"Department of Botany, University of Karachi"	"Karachi, Pakistan. Reproduced with permission"	1-24	
4709	"Mujahid, I.; Shabbir, A."	2016	"A new generic record of Asteraceae (Soliva anthemifolia (Juss.) Sweet & Soliva pterosperma (Juss.): Addition to the alien invasive flora of Pakistan"					49				1327-1333	
4754	"Akhter, Rubina"	1986	Caprifoliaceae	"E. Nasir & S.I. Ali"	"Flora of Pakistan"			174		"Department of Botany, University of Karaci"	"Karachi, Pakistan"	1-33	
4755	"Nasir, E."	1978	Sambucaceae	"E. Nasir & S.I. Ali"	"Flora of West Pakistan"			123		"Department of Botany, University of Karachi"	"Karachi, Pakistan"	1-4	
4838	"Radclife-Smith, A."	1986	Euphorbiaceae	"E. Nasir & S.I. Ali"	"Flora of Pakistan"			172		"Department of Botany, UNiversity of Karachi"	"Karachi, Pakistan"		
4839	"Iqbal, I.M., A. Shabbir, K. Shabbir, M.E. Barkworth, Firdaus-e-Bareen, & Shujaul M. Khan"	2020	"Evolvulus nummularius (L.) L. (Convolvulaceae): a new alien plant record
for Pakistan"					9					
4971	"Hedge, I.C."	1990	Labiatae	"S.I. Ali & Y.J. Nasir"	"Flora of Pakistan"			192		"Department of Botany, University of Krachi"	"Karachi, Pakistan"		
5117	"Nasir, Y."	1976	Fagaceace	"E. Nasir and S.I. Ali"	"Flora of West Pakistan"			104		"Department of Botany. University of Karachi"	"Karachi, Pakistan. Reproduced with permission"	1-9	
5164	"Ghafur, A."	1985	Hydrocharitaceae	"E. Nasir & S.I. Ali (Eds)."	"Flora of Pakistan"			169		"Department of Botany, University of Karachi"	"Karachi, Pakistan"	1-13	
5165	"Ghafoor, A."	1985	Hydrocharitaceae	"E. Nasir & S.I. Ali (Eds.)"	"Flora of Pakistan"			169		"Department of Botany, University of Karachi"	"Karachi, Pakistan"	1-13	
5239	"Kukkonen, I."	2001	Cyperaceae	"S.I. Ali & M. Qaiswe"	"Flora of Pakistan"			206		"Department of Botany, UNiversity of Karachi and Missouri Botanical Garden Press"	"Karachi, Pakistan and St. Louis, Missouri"	1-277	
5241	"Nasir, Y."	1980	Balsaminaceae	"E. Nasir & S.I. Ali"	"Flora of Pakistan"			133		"Department of Botany, University of Karachi"	"Karachi, Pakistan"	1-1	
5296	"Qaiser, M. & S.H.M. Jafri"	1975	"Flora of West PAkistan"	"E. Nasir & S.I. Ali (Eds.)"	"Flora of West Pakistan"			84		"Department of Botany, University of Karachi"	"Karachi, Pakistan"	1-14	
5317	"Nasir, Y."	1976	Valerianaceae	"E. Nasir & S.I. Ali (Eds.)"	"Flora of West Pakistan"			101		"Department of Botany, University of Karachi"	"Karachi, Pakistan"	1-21	
5327	"Grohmann, F."	1974	Oleaceae	"E. Nasir & S.I. Ali (Eds)."	"Flora of West Pakistan"			59		"Department of Botany, University of Karachi"	"Karachi, Pakistan"	1-27	
5358	"Ghafoor, Abdul"	2002	Seriphidium	"S.I. Ali & M. Qaiser"	"Flora of Pakistan"			2007		"Department of Botany, University of Karachi and Missouri Botanical Press, MIssouri Botanical Garden"	"Karachi, Pakistan and St. Louis, U.S.A."	9-172	
5359	"Ghafoor, Abdul"	2019	Klasea	"S.I. Ali and M. Qaiser"	"Flora of Pakistan"			223		"Centre for Plant Conservation, University of Karachi"	"Karachi, Pakistan"	288-292	
5398	"Thulin, M. "	1993	Annonaceae	"M. Thulin (Ed.)"	"Flora of Somalia"			1		"Trustees of the Royal Botanic Gardens"	"Richmond, Surrey, UK; reproduced with permission."	16-19	
5403	"Ghazanfar, S. "	1975	Araliaceae	"E. Nasir & S.I. Ali"	"Flora of West Pakistan"			86		"Department of Botany, University of Karachi"	Karachi	1-5	
5404	"Rajut, MT.M."	2017	Spiraea	"S.I. Ali & M. Qaiser (Eds.)"	"Flora of Pakistan"			221		"Centre for Plant Conservation, University of Pakistan"	"Karachi, Pakistan"	1-19	
5405	"Hedge, I.C."	1990	Labiatae	"S.I. Ali & Y.J. Nasir (Eds.)"	"Flora of Pakistan"			192		"Department of Botany, University of Karachi"	"Karachi, Pakistan"	1-310	
5448	"Khan, N. A. Sultan, M. Rashi, and K. Ishaq"	2023	"Oxytropis mandokhailii (Fabaceae) , a new species from Zhob, Pakistan."					55	1			1-7	
5469	"Khatoon, S."	1985	Annonaceeae	"E. Nasir & S.I. Ali (Eds.)"	"Flora of Pakistan"			167		"Department of Botany, University of Karachi"	"Karachi, Pakistan"	1-15	
5470	"Siddiqi, M.A."	1974	Menispermaceae	"E. Nasir & S.I. Ali (Eds.) "	"Flora of West Pakistan"			74		"Botamy Department, University of Karachi"	"Karachi, Pakistan"	1-10	
5502	"Renz, J."	1984	Orchidaceae	"E. Nasir & S.I. Ali (Eds.)"	"Flora of Pakistan"			164		"Pakistan Agricultural Research Council"	"Islamabad, Pakistan; reproduced with permission."	1-63	
5598	"Ali, S.I."	2005	Asphodelaceae	"S.I. Ali and M. Qaiser"	"Flora of Pakistan"			211		"Department of Botany, University of Karachi and Missouri Botanical garden Press"	"Karachi, Pakistan and St. Louis, U.S.A. Used with permission"	1-28	
5599	"Ghafoor, A. & M. Qaiser"	2019	"Asteraceae (V) - Cardueae"	"S.I. Ali & M. Qaiser"	"Flora of Pakistan"			223		"Centre for Plant Conservation, University of Karachi"	"Karachi, Pakistan"	2-7	
5601	"Nazimuddin, S. & M. Qaiser"	1982	Vitaceae	"E. Nasir and S.I. Ali (Eds.)"	"Flora of Pakistan"			147		"Dept. of Botany, Univerity of Karachi"	"Karachi, Pakistan"	1-20	
5603	"Qaiser, M. & S. Omer"	1985	Violaceae	"E. Nasir & S.I. Ali (Eds.)"	"Flora of Pakistan"			166		"Department of Botany, University of Karachi"	Karachi	1-28	
5617	"Hedge, I.C."	1990	Nepeta	"S.I. Ali & Y.J. Nasir (Eds)"	"Flora of Pakistan"			192		"Department of Botany, University of Karachi and Hational Herbarium, Pakistan Agricultural Research Council"	Pakistan	59-117	
5622	"WolskiG.J., A.S.Khan, B.Paszko"	2023	"New taxa of Plagiothecium (Plagiotheciaceae) from Pakistan"					238		Pensoft	Bulgaria	1-16	
