id	name	url
24967	Adenocaulon	http://www.efloras.org/florataxon.aspx?flora_id=2&taxon_id=100541
94526	Ainsliaea	http://www.efloras.org/florataxon.aspx?flora_id=2&taxon_id=100885
55095	Gerbera	http://www.efloras.org/florataxon.aspx?flora_id=2&taxon_id=113481
94524	Leibnitzia	http://www.efloras.org/florataxon.aspx?flora_id=2&taxon_id=117867
94523	Leucomeris	http://www.efloras.org/florataxon.aspx?flora_id=2&taxon_id=118406
64933	Mutiseae	
94529	Myripnois	http://www.efloras.org/florataxon.aspx?flora_id=2&taxon_id=121488
94530	Nouelia	http://www.efloras.org/florataxon.aspx?flora_id=2&taxon_id=122488
94527	Pertya	http://www.efloras.org/florataxon.aspx?flora_id=2&taxon_id=124636
94525	Piloselloides	http://www.efloras.org/florataxon.aspx?flora_id=2&taxon_id=125468
