from	statement	to
1	"Shrubs or small trees; style branches glabrous"	2
1	"Shrubs, subshrubs, or perennial herbs; style branches with short hairs or papillae"	3
2	"Capitula solitary; flowers heteromorphic."	Nouelia
2	"Capitula in a dense terminal cyme or glomerule; flowers homomorphic."	Leucomeris
3	"Achenes apically stipitate glandular; pappus absent."	Adenocaulon
3	"Achenes never glandular; pappus usually present"	4
4	"flowers heteromorphic; perennial herbs"	5
4	"flowers homomorphic; shrubs or perennial herbs"	7
5	"Dimorphic herbs, with two (vernal and autumnal) phases in one year."	Leibnitzia
5	"Monomorphic herbs, with only one phase in one year"	6
6	"Marginal female flowers 1-seriate."	Gerbera
6	"Marginal female flowers 2-seriate."	Piloselloides
7	"Pappus of plumose bristles or sometimes absent; usually perennial herbs."	Ainsliaea
7	"Pappus of scabrid bristles; usually shrubs"	8
8	"Phyllaries many, more than 3-seriate, unequal."	Pertya
8	"Phyllaries few, 2- or 3-seriate, subequal."	Myripnois
