id	name	url
43400	"Abrophyllum ornans"	
24819	Acalypha	
17283	"Acalypha australis"	
17288	"Acalypha eremorum"	
17282	"Acalypha lanceolata"	
17284	"Acalypha lyonsii"	
17289	"Acalypha nemorum"	
17285	"Acalypha pubiflora"	
17287	"Acalypha wilkesiana"	
48641	Acalyphacapillipes	
354	Acanthaceae	
5768	Acanthus	
9712	Acer	
17833	"Acer negundo"	
25286	Achariaceae	
336	Actinidiaceae	
26451	Adoxaceae	
23913	Agapanthaceae	
1402	Agapanthus	
468	Agavaceae	
328	Aizoaceae	
9718	"Akania bidwillii"	
324	Akaniaceae	
47542	"Akebia quinata"	
9714	Alangium	
448	Alismataceae	
14902	Alliaceae	
5706	Aloe	
22714	Alseuosmiaceae	
1355	Alstroemeria	
23911	Alstroemeriaceae	
305	Amaranthaceae	
14909	Amaryllidaceae	
1351	Amaryllis	
242	Anacardiaceae	
32714	Ananas	
26635	Anarthriaceae	
44008	"Andrographis paniculata"	
48625	Angiospermae	
48631	Anisostachya	
266	Annonaceae	
6163	Anopterus	
26406	Aphanopetalaceae	
5910	Aphanopetalum	
255	Apiaceae	
369	Apocynaceae	
24595	Apodanthaceae	
9748	Aponogeton	
445	Aponogetonaceae	
253	Aquifoliaceae	
428	Araceae	
339	Araliaceae	
440	Arecaceae	
26637	Argophyllaceae	
6167	Argophyllum	
5678	Aristolochia	
410	Aristolochiaceae	
23915	Asparagaceae	
1369	Asparagus	
23917	Asphodelaceae	
1370	Astelia	
23918	Asteliaceae	
391	Asteraceae	
5770	Asystasia	
26408	Atherospermataceae	
9708	"Austrobaileya scandens"	
265	Austrobaileyaceae	
12959	Avicennia	
415	Balanopaceae	
9734	Balanophora	
394	Balanophoraceae	
9738	"Balanops australiana"	
26640	Balsaminaceae	
5777	Barleria	
304	Basellaceae	
417	Bataceae	
9740	"Batis argillicola"	
6160	Bauera	
47578	Begonia	
47533	Begoniaceae	
344	Berberidaceae	
25402	Berberidopsidaceae	
43380	"Berberidopsis beckleri"	
47782	"Bergenia x schmidtii"	
413	Betulaceae	
359	Bignoniaceae	
323	Bixaceae	
1407	Blandfordia	
42737	Blandfordiaceae	
361	Boraginaceae	
23916	Boryaceae	
284	Brassicaceae	
467	Bromeliaceae	
5774	Brunoniella	
1409	Burchardia	
5888	Burmannia	
464	Burmanniaceae	
290	Burseraceae	
314	Byblidaceae	
9716	Byblis	
5714	Cabomba	
263	Cabombaceae	
343	Cactaceae	
5844	Calamus	
5426	Calceolaria	
46233	Calceolariaceae	
9739	Callitriche	
48630	"Calophanoides hygrophiloides"	
24593	Calycanthaceae	
24597	Camellia	
352	Campanulaceae	
44036	Campynema	
9915	"Campynema lineare"	
45451	Campynemataceae	
7963	Canna	
411	Cannabaceae	
459	Cannaceae	
236	Capparaceae	
380	Caprifoliaceae	
312	Cardiopteridaceae	
9715	"Cardiopteris moluccana"	
43378	"Carica papaya"	
26641	Caricaceae	
325	Caryophyllaceae	
387	Casuarinaceae	
287	Celastraceae	
444	Centrolepidaceae	
405	Cephalotaceae	
238	Ceratophyllaceae	
7994	Ceratophyllum	
390	Chenopodiaceae	
277	Chrysobalanaceae	
327	Cistaceae	
9719	Cistus	
5289	Clematis	
26576	Cleomaceae	
245	Clusiaceae	
47162	Cobaea	
23914	Colchicaceae	
303	Combretaceae	
453	Commelinaceae	
321	Connaraceae	
370	Convolvulaceae	
22709	Cornaceae	
22710	Cornus	
26638	Corokia	
6123	Correa	
43390	"Corsia dispar"	
466	Corsiaceae	
318	Corynocarpaceae	
8005	Corynocarpus	
462	Costaceae	
260	Crassulaceae	
44369	Crenidium	
254	Cucurbitaceae	
293	Cunoniaceae	
9726	Cuscuta	
43407	"Cuttsia viburnea"	
44038	Cyanella	
420	Cymodoceaceae	
432	Cyperaceae	
23922	Dasypogonaceae	
258	Datiscaceae	
5917	Davidsonia	
5839	Delarbrea	
44456	"Deplanchea tetraphylla"	
247	Dichapetalaceae	
9704	Dichapetalum	
5778	Dicladanthera	
12265	"Dicladanthera forrestii"	
12264	"Dicladanthera glabra"	
5776	Dicliptera	
46874	Didiereaceae	
267	Dilleniaceae	
8010	Dioscorea	
426	Dioscoreaceae	
9724	Diospyros	
5775	Dipteracanthus	
42734	Doryanthaceae	
283	Droseraceae	
1374	Drymophila	
24827	Drypetes	
350	Ebenaceae	
47769	Ecdeiocoleaceae	
408	Elaeagnaceae	
9737	Elaeagnus	
279	Elaeocarpaceae	
295	Elatinaceae	
47544	"Emblingia calceoliflora"	
47541	Emblingiaceae	
47789	"Eremosyme pectinata"	
379	Ericaceae	
431	Eriocaulaceae	
9744	Eriocaulon	
330	Erythroxylaceae	
9720	Erythroxylum	
19071	Escallonia	
19070	Escalloniaceae	
5572	Eucalyptus	
9703	Eucryphia	
244	Euphorbiaceae	
8023	Eupomatia	
234	Eupomatiaceae	
11529	"Eustrephus latifolius"	
310	Fabaceae	
39001	"Fabaceae subfam. Caesalpinioideae"	
32343	"Fabaceae subfam. Faboideae"	
27068	"Fabaceae subfam. Mimosoideae"	
403	Fagaceae	
9751	"Flagellaria indica"	
455	Flagellariaceae	
9713	Frankenia	
297	Frankeniaceae	
43375	"Galbulimima baccata"	
11530	"Geitonoplesium cymosum"	
46880	Gelsemiaceae	
41669	Gelsemium	
356	Gentianaceae	
326	Geraniaceae	
360	Gesneriaceae	
41189	Gloriosa	
373	Goodeniaceae	
5783	Graptophyllum	
47536	"Griselinia littoralis"	
47534	Griseliniaceae	
299	Grossulariaceae	
9733	"Gunnera cordifolia"	
392	Gunneraceae	
5826	Gymnostachys	
349	Gyrostemonaceae	
454	Haemodoraceae	
256	Haloragaceae	
307	Hamamelidaceae	
9746	"Hanguana malayana"	
436	Hanguanaceae	
5400	Hebenstretia	
47579	Heliconia	
47577	Heliconiaceae	
43394	Hemerocallidaceae	
48626	"Hemigraphis cf. royenii"	
257	Hernandiaceae	
1399	Herpolirion	
231	Himantandraceae	
435	Hydatellaceae	
37164	Hydrangea	
26609	Hydrangeaceae	
422	Hydrocharitaceae	
47537	"Hydrolea zeylanica"	
47535	Hydroleaceae	
5769	Hygrophila	
26648	Hypericaceae	
5782	Hypoestes	
23912	Hypoxidaceae	
252	Icacinaceae	
9706	"Idiospermum australiense"	
5707	Ilex	
28798	Impatiens	
22812	Ipheion	
465	Iridaceae	
44009	"Isoglossa eranthemoides"	
44313	Isophysis	
26615	Juglandaceae	
441	Juncaceae	
447	Juncaginaceae	
48627	"Justicia carthagenensis"	
348	Lamiaceae	
47539	Lardizabalaceae	
402	Lauraceae	
1397	Laxmannia	
298	Lecythidaceae	
9729	Leea	
367	Lentibulariaceae	
12238	Lepidagathis	
442	Liliaceae	
1390	Lilium	
24612	Limeaceae	
5403	Limnophila	
329	Linaceae	
26414	Linderniaceae	
357	Loganiaceae	
338	Loranthaceae	
23919	Luzuriagaceae	
282	Lythraceae	
5319	Macarthuria	
272	Malpighiaceae	
248	Malvaceae	
463	Marantaceae	
26409	Martyniaceae	
46878	Mayaca	
46877	Mayacaceae	
294	Melastomataceae	
280	Meliaceae	
311	Melianthaceae	
8802	Melianthus	
240	Menispermaceae	
377	Menyanthaceae	
1358	Milligania	
406	Molluginaceae	
347	Monimiaceae	
388	Moraceae	
9717	"Moringa oleifera"	
320	Moringaceae	
47538	Muntingiaceae	
8902	Musa	
439	Musaceae	
47545	Myodocarpaceae	
395	Myristicaceae	
232	Myrtaceae	
44020	"Nelsonia campestris"	
9707	"Nelumbo nucifera"	
262	Nelumbonaceae	
41037	Neoastelia	
399	Nepenthaceae	
9735	Nepenthes	
47543	"Neurada procumbens"	
47540	Neuradaceae	
26639	Nitrariaceae	
24596	Nothofagaceae	
8027	Nothofagus	
378	Nyctaginaceae	
5287	Nymphaea	
342	Nymphaeaceae	
264	Ochnaceae	
289	Olacaceae	
292	Oleaceae	
302	Onagraceae	
317	Opiliaceae	
458	Orchidaceae	
1393	Ornithogalum	
366	Orobanchaceae	
9727	Orobanche	
337	Oxalidaceae	
429	Pandanaceae	
341	Papaveraceae	
43364	Paracryphiaceae	
246	Passifloraceae	
47799	"Paulownia tomentosa"	
47798	Paulowniaceae	
364	Pedaliaceae	
5360	Peganum	
41594	Pennantia	
42733	Pennantiaceae	
24598	Pentaphylacaceae	
48628	"Peristrophe brassii"	
11528	"Petermannia cirrosa"	
42729	Petermanniaceae	
450	Philydraceae	
5225	Phlebocarya	
26415	Phrymaceae	
24840	Phyllanthaceae	
398	Phytolaccaceae	
24831	Picrodendraceae	
9213	Pilostyles	
412	Piperaceae	
313	Pittosporaceae	
353	Plantaginaceae	
9725	Plantago	
27058	Platanaceae	
32717	Platanus	
332	Plumbaginaceae	
433	Poaceae	
418	Podostemaceae	
375	Polemoniaceae	
275	Polygalaceae	
397	Polygonaceae	
6161	Polyosma	
43386	"Polypremum procumbens"	
456	Pontederiaceae	
306	Portulacaceae	
46875	"Portulacaria afra"	
9741	Posidonia	
421	Posidoniaceae	
446	Potamogetonaceae	
376	Primulaceae	
319	Proteaceae	
5780	Pseuderanthemum	
9723	"Punica granatum"	
25594	Putranjivaceae	
6168	Quintinia	
268	Ranunculaceae	
9711	Reseda	
281	Resedaceae	
434	Restionaceae	
315	Rhamnaceae	
12246	Rhaphidospora	
296	Rhizophoraceae	
22711	Ribes	
23921	Ripogonaceae	
5755	Ripogonum	
259	Rosaceae	
5785	Rostellularia	
40905	Rousseaceae	
346	Rubiaceae	
12237	Ruellia	
9742	Ruppia	
424	Ruppiaceae	
239	Rutaceae	
414	Salicaceae	
396	Santalaceae	
243	Sapindaceae	
363	Sapotaceae	
48629	"Sarojusticia kempeana"	
43382	"Sarracenia leucophylla"	
26644	Sarraceniaceae	
47781	"Saxifraga stolonifera"	
273	Saxifragaceae	
11345	Sciaphila	
358	Scrophulariaceae	
241	Simaroubaceae	
430	Smilacaceae	
5753	Smilax	
351	Solanaceae	
9444	Sonneratia	
1365	Sowerbaea	
438	Sparganiaceae	
9449	Sparganium	
9731	"Sphenoclea zeylanica"	
384	Sphenocleaceae	
9660	"Sphenostemon lobosporus"	
12234	"Staurogyne leptocaulis"	
9465	Stemona	
452	Stemonaceae	
44006	"Stephanophysum longifolium"	
45449	Strelitzia	
45448	Strelitziaceae	
383	Stylidiaceae	
274	Surianaceae	
385	Symplocaceae	
9732	Symplocos	
9470	Tacca	
460	Taccaceae	
333	Tamaricaceae	
9721	Tamarix	
27077	Tecophilaeaceae	
47783	Ternstroemia	
43396	"Tetracarpaea tasmannica"	
26643	Tetrachondraceae	
9705	"Tetrameles nudiflora"	
331	Theaceae	
5889	Thismia	
23909	Thismiaceae	
5771	Thunbergia	
401	Thymelaeaceae	
1364	Thysanotus	
32715	Tillandsia	
43384	"Trimenia moorei"	
26642	Trimeniaceae	
9745	Trithuria	
443	Triuridaceae	
271	Tropaeolaceae	
9709	"Tropaeolum majus"	
9486	Typha	
437	Typhaceae	
400	Ulmaceae	
5191	Ulmus	
389	Urticaceae	
9728	Utricularia	
355	Verbenaceae	
309	Violaceae	
286	Vitaceae	
5354	Wigandia	
404	Winteraceae	
1412	Wurmbea	
278	Xanthophyllaceae	
9710	Xanthophyllum	
1545	Xanthorrhoea	
457	Xanthorrhoeaceae	
5781	Xerothamnella	
451	Xyridaceae	
9750	Xyris	
5436	Zaluzianskya	
461	Zingiberaceae	
423	Zosteraceae	
251	Zygophyllaceae	
5358	Zygophyllum	
