from	statement	to
1	"Plant a wiry herb"	2
1	"Plant a perennial shrub or small tree"	3
2	"Inflorescences single in each axil; inflorescence axis with glandular trichomes"	"Acalypha lanceolata"
2	"Inflorescences usually paired in each axil; inflorescence axis without glandular trichomes"	"Acalypha australis"
3	"Leaf lamina with refringent glands on the lower surface"	4
3	"Leaf lamina without refringent glands on the lower surface"	5
4	"Virgate shrub; leaf lamina 3-30 mm long, with refringent glands on upper surface"	"Acalypha lyonsii"
4	"Spreading shrub; leaf lamina 25-120 mm long, refringent glands absent on upper surface"	"Acalypha pubiflora"
5	"Branchlets with ridges of cream-coloured, flaky bark; female flowers on long peduncles"	Acalyphacapillipes
5	"Branchlets lenticellate and without ridges of cream-coloured, flaky bark; female flowers +/- sessile"	6
6	"Foliage variously variegated; leaves palminerved and 5-veined from base"	"Acalypha wilkesiana"
6	"Foliage green; leaves penninerved"	7
7	"Virgate shrub; leaf lamina with 5-7 lateral veins per side of midrib"	"Acalypha eremorum"
7	"Spreading shrub; leaf lamina with 8-10 lateral veins per side of midrib"	"Acalypha nemorum"
