id	created_at	updated_at	title	author	description	item	spatial	remarks	source_id	created_by	updated_by	key_file
6764	"2017-03-23 13:18:17"	"2017-03-23 13:22:57"	"Families of flowering plants"	"Thiele, K.R."		Angiospermae	Australia		0	kevin.thiele@dec.wa.gov.au	niels.klazenga@rbg.vic.gov.au	key-6764-families-of-flowering-plants.tsv
6765	"2017-03-23 13:21:49"	"2017-03-23 13:52:57"	"Genera of Acanthaceae"			Acanthaceae	Australia		3315	kevin.thiele@dec.wa.gov.au	niels.klazenga@rbg.vic.gov.au	key-6765-genera-of-acanthaceae.tsv
6766	"2017-03-23 13:55:16"	"2017-03-23 13:59:46"	"Species of Dicladanthera"			Dicladanthera	Australia		3315	kevin.thiele@dec.wa.gov.au	niels.klazenga@rbg.vic.gov.au	key-6766-species-of-dicladanthera.tsv
6767	"2017-03-30 17:38:29"	"2017-03-30 17:38:29"	"Species of Acalypha"			Acalypha	Australia		0	kevin.thiele@dec.wa.gov.au	niels.klazenga@rbg.vic.gov.au	key-6767-species-of-acalypha.tsv
