id	name	url
3176	Deschampsia	
73059	"Deschampsia altaica"	"https://openherbarium.org/taxa/index.php?taxon=Deschampsia altaica"
73058	"Deschampsia borealis"	"https://openherbarium.org/taxa/index.php?taxon=Deschampsia borealis"
13745	"Deschampsia cespitosa"	"https://openherbarium.org/taxa/index.php?taxon=Deschampsia cespitosa"
73056	"Deschampsia glauca"	"https://openherbarium.org/taxa/index.php?taxon=Deschampsia glauca"
73055	"Deschampsia obensis"	"https://openherbarium.org/taxa/index.php?taxon=Deschampsia obensis"
73061	"Deschampsia submutica"	"https://openherbarium.org/taxa/index.php?taxon=Deschampsia submutica"
59394	"Deschampsia sukatschewii"	"https://openherbarium.org/taxa/index.php?taxon=Deschampsia sukatschewii"
73053	"Deschampsia turczaninowii"	"https://openherbarium.org/taxa/index.php?taxon=Deschampsia turczaninowii"
73057	"Deschampsia vodopjanoviae"	"https://openherbarium.org/taxa/index.php?taxon=Deschampsia vodopjanoviae"
73054	"Deschamspia brevifolia"	"https://openherbarium.org/taxa/index.php?taxon=Deschamspia brevifolia"
73060	"Deshampsia koelerioides"	"https://openherbarium.org/taxa/index.php?taxon=Deshampsia koelerioides"
