from	statement	to
1	"Lemma awns erect, shorter than to longer than the spikelets, sometimes 1-1.5 mm longer"	2
1	"Lemma awns geniculate, 2-3 mm longer than the spikelets"	"Deschampsia turczaninowii"
2	"Spikelets 4.5-6 mm long, few, loosely arranged on the branches"	3
2	"Spikelets 3-4 mm long, many, up to 150 in a panicle"	6
3	"Panicles usually open and more or less spreading, with slender, sometimes flexuous, branches; spikelets pinkish or violet-green, 5-6 mm long"	4
3	"Panicles very compact, often spicate, with short, straight erect to strongly ascending branches; spikelets dark violet 4.5-5 mm long"	"Deschamspia brevifolia"
4	"Plants glaucous-gren, forming compact mats without decumbent subsurface shoots; stem bases with a thick envelope of wide, lidght brown scarious sheaths of dead leaves"	5
4	"Plants green, loosely cespitose; radical leaves few, softer, usually smooth and glabrous; stem bases not enveloped in dead leaf sheaths; branches slender and flexuous; spikelets confined to the branch ends"	"Deschampsia obensis"
5	"Panicles pyramidal, with some rather thick, ascending branches; spikelets with 2-3 florets, pink or pale-violet; lower glumes more or less broadly lanceolate, obtuse; lateral veins of lemmas scarcely visible or absent; awns weak, arising from close to the lemma bases and not exceeding the lemma tips"	"Deschampsia glauca"
5	"Panicles broadly spreading, with slender horizontlly declines branches; spikelets with 2(3) florets, green or golden green; lower glumes narrowly lanceolate or acuminate; lateral veins of lemmas sharply projecting; awns strong arising from close to the lemma bases and exceeding the spikelets"	"Deschampsia vodopjanoviae"
6	"Leaves and panicle branches glabrous; lemmas with conspicuous lateral veins"	7
6	"Leaves and panicles branches slightly to strongly scabrous; lemmas with inconspicuous lateral veins"	8
7	"Plants 15-20(-30) cm tall, forming somewhat compact mats; radical leaves sort, reaching to about 1/5 stem length, numerous, reflexed, swordlike, longitudinally folded"	"Deschampsia borealis"
7	"Plants up to 70 cm tall, not forming mats; radical leaves reaching up to 1/3 the stem length, few, flat, erect, rarely longitudinally folded; plants of the hills"	"Deschampsia sukatschewii"
8	"Spikelets dark violet with golden borders; lemmas with somewhat conspicuous lateral veins"	9
8	"Spikelets light green, sometimes pale violet; lemmas with less conspicuous lateral veins; awns weak, sometimes eceeding the spikelets; plants of the plains"	10
9	"Panicles lax, spreading; branches slender, long, horizontal to slightly reflexed; spikelets 3.5-4 mm long, looely arranged; stems 30-40 cm tall, aggregated into somewhat compact mats, bases not enveloped by dead leaf sheaths; radical leaves short, numerous, slightly scabrous over the veins"	"Deschampsia altaica"
9	"Panicles compact, often spicate, with spikelets flabellately arranged; spikelets 4-4.5 mm long; atems 15-20(-25) cm tall, aggregated into loose mats, bases enveloped by light broan dead leaf sheaths; radical leaves long, flat or longitudinally convolure, few, glabrous or with minute spicules ofer the veins"	"Deshampsia koelerioides"
10	"Stems stout, up to 70 cm tall; blades of radical and caline leaves long, highly scabrous, especially over the marginal veins; panicles with spreading branches 10-20 cm long, with many (up to 150) spikelets; branches horizontal to declinate, strongly scabroys; glumes lanecolate, acuminate; lemma awns rather sout, arising from close to the base, scarcely surpassing the spikelets"	"Deschampsia cespitosa"
10	"Stems 30-50 cm tal, relatively slender and weak in lower portion; blades of racial and caulines leaves covered with sparse, slender spicules; panciles 7-10 xm long, with ascending, glabrous branches, these sometimes sparsely spinulate; glumes lanceolaete, obtuse; lemma awns weak, attached to upper third of lemmas, not exceeding the spikelets"	"Deschampsia submutica"
