id	name	url
45955	Acanthorrhynchium	
25303	Acaulon	
68823	"Acaulon chrysacanthum"	
68825	"Acaulon eremicola"	
68828	"Acaulon granulosum"	
68827	"Acaulon integrifolium"	
68824	"Acaulon leucochaete"	
68826	"Acaulon mediterraneum"	
25619	"Acaulon triquetrum"	
46114	Achrophyllum	
76057	Acromastigum	
76072	"Acromastigum carcinum"	
76058	"Acromastigum cavifolium"	
76070	"Acromastigum colensoanum"	
76071	"Acromastigum divaricatum"	
76067	"Acromastigum exiguum"	
76065	"Acromastigum fumosum"	
76064	"Acromastigum furcatifolium"	
76073	"Acromastigum implexum"	
76063	"Acromastigum interstisiale"	
76061	"Acromastigum mooreanum"	
76069	"Acromastigum prismaticale"	
76060	"Acromastigum tenax"	
76059	"Acromastigum verticale"	
46009	Acroporium	
66980	"Acroporium lamprophyllum var. percaudatum"	
66981	"Acroporium microcladon var. rhizogemmae"	
66982	"Acroporium stramineum"	
66983	"Acroporium strepsiphyllum"	
70854	Aequatoriella	
70855	"Aequatoriella bifaria"	
46073	Aerobryopsis	
25291	Aloina	
68829	"Aloina aloides"	
68830	"Aloina aloides var. ambigua"	
25621	"Aloina bifrons"	
46126	Anacamptodon	
25294	Andreaea	
67117	"Andreaea acuminata"	
67114	"Andreaea acutifolia"	
67115	"Andreaea alpina"	
67122	"Andreaea amblyophylla"	
67111	"Andreaea australis"	
67118	"Andreaea flabellata"	
67120	"Andreaea flexuosa"	
67116	"Andreaea gainii"	
25651	"Andreaea heinemannii"	
67123	"Andreaea huttonii"	
67112	"Andreaea microvaginata"	
67119	"Andreaea mutabilis"	
67110	"Andreaea nitida"	
67121	"Andreaea sp."	
67113	"Andreaea subulata"	
67475	Anomodon	
67474	Anomodontaceae	
26396	Archidium	
67515	"Archidium birmanicum"	
67514	"Archidium brevinerve"	
67509	"Archidium capense"	
67513	"Archidium clarksonianum"	
67506	"Archidium clavatum"	
67521	"Archidium elatum"	
67512	"Archidium indicum"	
67518	"Archidium microthecium"	
67503	"Archidium minutissimum"	
67516	"Archidium ohioense"	
67508	"Archidium rehmannii"	
67517	"Archidium rothii"	
67510	"Archidium sp. A"	
67519	"Archidium sp. B"	
67520	"Archidium sp. C"	
67507	"Archidium stellatum"	
67511	"Archidium subulatum"	
67505	"Archidium thalliferum"	
67504	"Archidium wattsii"	
67961	"Atrichum androgynum"	
46084	Barbella	
46059	Bartramia	
67532	"Bartramia alaris"	
67533	"Bartramia breutelii"	
67531	"Bartramia hampeana subsp. hampei"	
67528	"Bartramia mossmaniana"	
67536	"Bartramia nothostricta"	
67534	"Bartramia pseudostricta"	
67530	"Bartramia robusta"	
67535	"Bartramia strictifolia"	
67529	"Bartramia subsymmetrica"	
67527	Batramiaceae	
74381	Bazzania	
74417	"Bazzania accreta"	
74413	"Bazzania adnexa"	
74404	"Bazzania adnexa var. adnexa"	
74383	"Bazzania amblyphylla"	
74415	"Bazzania avia"	
74390	"Bazzania bilobata"	
74393	"Bazzania caudistipula"	
74403	"Bazzania citharodes"	
74405	"Bazzania corbieri"	
74420	"Bazzania densa"	
74402	"Bazzania erosa"	
74391	"Bazzania fallax"	
74392	"Bazzania fasciculata"	
74399	"Bazzania filiformis"	
74409	"Bazzania francana"	
74410	"Bazzania fuhreri"	
74389	"Bazzania gamscottii"	
74398	"Bazzania gedeana"	
74419	"Bazzania hochstetteri"	
74407	"Bazzania intermedia"	
74414	"Bazzania involuta var. involuta"	
74396	"Bazzania javanica"	
74401	"Bazzania loricata"	
74387	"Bazzania mittenii"	
74411	"Bazzania monilinervis"	
74384	"Bazzania nitida"	
74416	"Bazzania novae-zelandiae"	
74397	"Bazzania parisii"	
74395	"Bazzania sauropoda"	
74386	"Bazzania subtilis"	
74406	"Bazzania tessellata"	
74394	"Bazzania uncigera"	
74382	"Bazzania vittata"	
74408	"Bazzania wattsiana"	
74388	"Bazzania wooroonooran"	
74385	"Bazzania zonulata"	
46109	Bescherellia	
46032	Brachymenium	
66771	"Brachymenium lanceolatum"	
66772	"Brachymenium nepalense"	
67581	Brachytheciaceae	
25368	Brachythecium	
25682	"Brachythecium albicans"	
67617	"Brachythecium latinervium"	
67618	"Brachythecium mildeanum"	
67616	"Brachythecium paradoxum"	
25698	"Brachythecium plumosum"	
25688	"Brachythecium rivulare"	
25702	"Brachythecium rutabulum"	
25685	"Brachythecium salebrosum"	
46057	Breutelia	
67538	"Breutelia affinis"	
67540	"Breutelia elongata"	
67541	"Breutelia pendula"	
67537	"Breutelia pseudophilonotis"	
67539	"Breutelia sp. A"	
25358	Bruchia	
76809	Bruchiaceae	
66767	Bryaceae	
46075	Bryobrothera	
25343	Bryum	
25711	"Bryum argenteum"	
66769	"Bryum auratum"	
66770	"Bryum harriotii"	
25709	"Bryum lanatum"	
66768	"Bryum subrotundifolium"	
25290	Buxbaumia	
25759	"Buxbaumia aphylla"	
66929	"Buxbaumia colyerae"	
66930	"Buxbaumia thorsborneae"	
46112	Caduciella	
45952	Callicostella	
68454	"Callicostella papillata"	
68455	"Callicostella papillata var. papillata"	
68456	"Callicostella papillata var. prabaktiana"	
46022	Calymperes	
66944	"Calymperes afzelii"	
66939	"Calymperes couguiense"	
66941	"Calymperes crassinerve"	
66940	"Calymperes erosum"	
66935	"Calymperes graeffeanum"	
66931	"Calymperes lonchophyllum"	
66942	"Calymperes moluccense"	
66934	"Calymperes motleyi"	
66937	"Calymperes porrectum"	
66932	"Calymperes serratum"	
66936	"Calymperes strictifolium"	
66938	"Calymperes subintegrum"	
66943	"Calymperes taitense"	
66933	"Calymperes tenerum"	
45970	Calyptrochaeta	
68459	"Calyptrochaeta apiculata"	
68463	"Calyptrochaeta brassii"	
68458	"Calyptrochaeta brownii"	
68462	"Calyptrochaeta flexicollis"	
68461	"Calyptrochaeta otwayensis"	
68460	"Calyptrochaeta rotundifolia"	
45986	Camptochaete	
60327	"Camptochaete arbuscula"	
60325	"Camptochaete curvata"	
60328	"Camptochaete deflexa"	
60324	"Camptochaete excavata"	
60326	"Camptochaete leichhardtii"	
25349	Campylopus	
66764	"Campylopus appressifolius"	
66758	"Campylopus bicolor"	
66759	"Campylopus catarractilis"	
66753	"Campylopus chilensis"	
66755	"Campylopus clavatus"	
66760	"Campylopus comosus"	
66766	"Campylopus excurrens"	
66761	"Campylopus flexuosus"	
66754	"Campylopus insititius"	
25776	"Campylopus introflexus"	
66762	"Campylopus kirkii"	
66765	"Campylopus perauiculatus"	
66756	"Campylopus purpureocaulis"	
66757	"Campylopus torquatus"	
66763	"Campylopus umbellatus"	
45967	Chaetomitrium	
45954	Clastobryum	
66683	"Clastobryum dimorphum"	
66684	"Clastobryum epiphyllum"	
46058	Conostomum	
67571	"Conostomum curvirostre"	
67573	"Conostomum pentastichum"	
67572	"Conostomum pusillum"	
46065	Cryphaea	
68065	"Cryphaea ovalifolia"	
68067	"Cryphaea parvula"	
68066	"Cryphaea tenella"	
68064	Cryphaeaceae	
45969	Cyclodictyon	
46068	Cyptodon	
46031	Daltonia	
71202	"Daltonia contorta"	
71203	"Daltonia splachnoides"	
67965	"Dawsonia longiseta"	
67970	"Dawsonia polytrichoides"	
67967	"Dawsonia superba var. pulchra"	
46067	Dendrocryphaea	
46030	Dicnemon	
60345	Dicranaceae	
767	Dicranoloma	
60343	"Dicranoloma austroscoparium"	
60341	"Dicranoloma billarderii"	
5	"Dicranoloma braunii"	
9	"Dicranoloma daymannianum"	
60336	"Dicranoloma diaphanoneuron"	
6	"Dicranoloma dicarpum"	
60340	"Dicranoloma eucamptodontoides"	
60344	"Dicranoloma fasciatum"	
60339	"Dicranoloma leichhardtii"	
60337	"Dicranoloma menziesii"	
60335	"Dicranoloma platycaulon"	
60342	"Dicranoloma robustum"	
25318	Dicranum	
46029	Distichophyllum	
71208	"Distichophyllum crispulum"	
71207	"Distichophyllum cuspidatus"	
71204	"Distichophyllum microcarpum"	
71205	"Distichophyllum mittenii"	
71206	"Distichophyllum pulchellum"	
71209	"Distichophyllum rotundifolium"	
46104	Echinodium	
68141	"Echinodium hispidum"	
68142	"Echinodium umbrosum"	
46005	Entodon	
68160	"Entodon mackaviensis"	
68159	"Entodon plicatus"	
68157	Entodontaceae	
25339	Entosthodon	
66700	"Entosthodon apophysatus"	
66697	"Entosthodon laxus"	
66695	"Entosthodon muehlenbergii"	
66696	"Entosthodon productus"	
66694	"Entosthodon radians"	
66699	"Entosthodon smithurstii"	
66698	"Entosthodon subnudus"	
66713	"Entosthodon subnudus var. gracilis"	
66702	"Entosthodon subnudus var. phymatodeus"	
66703	"Entosthodon subnudus var. subnudus"	
68294	Ephemeraceae	
45931	Ephemerum	
68433	"Ephemerum capense"	
68436	"Ephemerum cristatum"	
68435	"Ephemerum fimbriatum"	
68434	"Ephemerum furcatum"	
68432	"Ephemerum recurvifolium"	
68431	"Ephemerum rehmannii"	
68477	"Erpdodium coronatum var. australiense"	
45945	Erpodium	
68476	"Erpodium beccarii"	
68479	"Erpodium beccarii var. beccarii"	
68480	"Erpodium beccarii var. longicalyptratum"	
68475	"Erpodium biseriatum"	
68473	"Erpodium glaucum"	
68478	"Erpodium hodgkinsoniae"	
68474	"Erpodium solmsiellaceum"	
45998	Eucamptodon	
93537	"Eucamptodon muelleri"	
93548	"Eucamptodon muelleri var. muelleri"	
93549	"Eucamptodon muelleri var. norrisii"	
93536	"Eucamptodon scalarirete"	
25370	Eurhynchium	
67635	"Eurhynchium asperipes"	
67634	"Eurhynchium laevisetum"	
67633	"Eurhynchium praelongum"	
67632	"Eurhynchium pumilum"	
25304	Fabronia	
68483	"Fabronia australis"	
68485	"Fabronia brachyphylla"	
68482	"Fabronia hampeana"	
68484	"Fabronia scottiae"	
68481	Fabroniaceae	
45962	Fallaciella	
25334	Fissidens	
25889	"Fissidens adianthoides"	
67939	"Fissidens altisetus"	
67906	"Fissidens angustifolius"	
25895	"Fissidens asplenioides"	
67917	"Fissidens autoicus"	
67950	"Fissidens badyinbarus"	
67913	"Fissidens beckettii"	
67911	"Fissidens berteroi"	
67903	"Fissidens biformis"	
67912	"Fissidens bifrons"	
67921	"Fissidens bogoriensis"	
67925	"Fissidens brassii"	
67972	"Fissidens brassii var. brassii"	
67973	"Fissidens brassii var. hebetatus"	
25883	"Fissidens bryoides"	
67932	"Fissidens ceylonensis"	
67928	"Fissidens crenulatus"	
67989	"Fissidens crenulatus var. crenulatus"	
67990	"Fissidens crenulatus var. elmeri"	
67947	"Fissidens crispulus"	
67946	"Fissidens cucullatus"	
25882	"Fissidens curvatus"	
67992	"Fissidens curvatus var. curvatus"	
67993	"Fissidens curvatus var. inclinabilis"	
67927	"Fissidens cuspidiferus"	
67909	"Fissidens darwinianus"	
67900	"Fissidens dealbatus"	
67902	"Fissidens dietrichiae"	
67916	"Fissidens diversifolius"	
67933	"Fissidens elegans"	
67918	"Fissidens flabellulus"	
68018	"Fissidens flabellulus var. eachamensis"	
68019	"Fissidens flabellulus var. flabellulus"	
67908	"Fissidens flaccidus"	
67935	"Fissidens gardneri"	
67914	"Fissidens gymnocarpus"	
67949	"Fissidens henryae"	
67934	"Fissidens hollianus"	
67899	"Fissidens hyalinus"	
67919	"Fissidens inaequiretis"	
67915	"Fissidens integerrimus"	
67931	"Fissidens intromarginatulus"	
67905	"Fissidens leptocladus"	
67936	"Fissidens linearis"	
68021	"Fissidens linearis var. linearis"	
68020	"Fissidens linearis var. obscurirete"	
67904	"Fissidens megalotis"	
67923	"Fissidens oblatus"	
67945	"Fissidens oblongifolius"	
68032	"Fissidens oblongifolius var. hyophilus"	
68033	"Fissidens oblongifolius var. longiligulatus"	
68030	"Fissidens oblongifolius var. oblongifolius"	
68031	"Fissidens oblongifolius var. palmerstonensis"	
67937	"Fissidens pallidinervis"	
67942	"Fissidens pallidus"	
68035	"Fissidens pallidus var. caniensis"	
68034	"Fissidens pallidus var. pallidus"	
67922	"Fissidens pellucidus"	
67907	"Fissidens perangustus"	
67944	"Fissidens perobtusus"	
67930	"Fissidens perpusillus"	
67920	"Fissidens pseudopallidus"	
67901	"Fissidens rigidulus"	
67924	"Fissidens rupicola"	
67948	"Fissidens serratus"	
75859	"Fissidens serratus var. australiensis"	
75858	"Fissidens serratus var. serratus"	
67938	"Fissidens strictus"	
67929	"Fissidens submarginatus"	
67941	"Fissidens sufflatus"	
25891	"Fissidens taylorii"	
68039	"Fissidens taylorii var. epiphytus"	
68036	"Fissidens taylorii var. gillianus"	
75856	"Fissidens taylorii var. sainsburyanus"	
68038	"Fissidens taylorii var. taylorii"	
67926	"Fissidens tenellus"	
68041	"Fissidens tenellus var. australiensis"	
68040	"Fissidens tenellus var. tenellus"	
67898	"Fissidens thorsbornei"	
67940	"Fissidens victorialis"	
67943	"Fissidens wattsii"	
67910	"Fissidens zollingeri"	
46081	Floribundaria	
66913	"Floribundaria floribunda"	
66912	"Floribundaria pseudofloribunda"	
66914	"Floribundaria walkeri"	
45991	Forsstroemia	
25338	Funaria	
25910	"Funaria hygrometrica"	
25908	"Funaria microstoma"	
66693	Funariaceae	
46041	Gemmabryum	
66794	"Gemmabryum acuminatum"	
66778	"Gemmabryum apiculatum"	
66776	"Gemmabryum australe"	
66796	"Gemmabryum austrosabulosum"	
66777	"Gemmabryum cheelii"	
66784	"Gemmabryum chrysoneuron"	
66775	"Gemmabryum clavatum"	
66797	"Gemmabryum coarctatum"	
66791	"Gemmabryum coronatum"	
66774	"Gemmabryum crassum"	
66790	"Gemmabryum dichotomum"	
66789	"Gemmabryum eremaeum"	
66782	"Gemmabryum exile"	
66781	"Gemmabryum indicum"	
66793	"Gemmabryum inequale"	
66780	"Gemmabryum klinggraeffii"	
66773	"Gemmabryum laevigatum"	
66792	"Gemmabryum pachythecum"	
66795	"Gemmabryum preissianum"	
66786	"Gemmabryum radiculosum"	
66783	"Gemmabryum rubens"	
66779	"Gemmabryum sauteri"	
66787	"Gemmabryum subapiculatum"	
66788	"Gemmabryum sullivanii"	
66785	"Gemmabryum tenuisetum"	
45988	Glyphothecium	
71115	"Glyphothecium sciuroides"	
46125	Goniobryum	
45944	Goniomitrium	
66704	"Goniomitrium acuminatum"	
66705	"Goniomitrium acuminatum subsp. acuminatum"	
66706	"Goniomitrium acuminatum subsp. enerve"	
46038	Groutiella	
45997	Hampeella	
71117	"Hampeella alaris"	
71119	"Hampeella alaris var. alaris"	
71120	"Hampeella alaris var. symmetrica"	
71118	"Hampeella concavifolia"	
71116	"Hampeella pallens"	
46082	Haplohymenium	
26078	"Hedwigia ciliata"	
68137	Hedwigiaceae	
68139	"Hedwigium integrifolium"	
46026	Hennediella	
26375	"Hennediella heimii"	
68831	"Hennediella stanfordensi"	
46107	Herpetineuron	
46103	Himantocladium	
46148	Holomitrium	
60346	"Holomitrium perichaetiale"	
60338	"Holomitrium trichopodum"	
46111	Homaliodendron	
67094	"Homaliodendron exiguum"	
67095	"Homaliodendron flabellatum"	
68446	Hookeriaceae	
68457	Hookeriopsis	
46076	Hymenodon	
70841	Hypnodendraceae	
46061	Hypnodendron	
70843	"Hypnodendron spininervium"	
70844	"Hypnodendron vitiense"	
70846	"Hypnodendron vitiense subsp. australe"	
70845	"Hypnodendron vitiense subsp. vitiense"	
25299	Hypnum	
68170	"Hypnum chrysogaster"	
26117	"Hypnum cupressiforme"	
68174	"Hypnum cupressiforme var. cupressiforme"	
68172	"Hypnum cupressiforme var. filiforme"	
68175	"Hypnum cupressiforme var. lacunosum"	
68173	"Hypnum cupressiforme var. mossmanianum"	
68171	"Hypnum subchrysogaster"	
46019	Hypopterygium	
71107	"Hypopterygium didictyon"	
71108	"Hypopterygium discolor"	
71109	"Hypopterygium tamarisci"	
46127	Ischyrodon	
45975	Isocladiella	
46004	Isopterygium	
60329	Lembophyllaceae	
45972	Lembophyllum	
60332	"Lembophyllum clandestinum"	
60331	"Lembophyllum divulsum"	
46145	Leptobryum	
46042	Leptodon	
68472	Leptodontaceae	
46135	Leptostomum	
66743	"Leptostomum erectum"	
66744	"Leptostomum inclinans"	
66742	"Leptostomum macrocarpon"	
46154	Leptotheca	
67096	"Leptotheca gaudichaudii"	
66829	"Leptotheca gaudichaudii var. gaudichaudii"	
66830	"Leptotheca gaudichaudii var. wattsii"	
45993	Lepyrodon	
66745	"Lepyrodon australis"	
66746	"Lepyrodon pseudolagurus"	
66747	Leucobryaceae	
45941	Leucobryum	
66751	"Leucobryum aduncum var. aduncum"	
66752	"Leucobryum aduncum var. scalare"	
66750	"Leucobryum candidum"	
66748	"Leucobryum sanctum"	
66749	"Leucobryum wattsii"	
46024	Leucoloma	
60347	"Leucoloma circinatulum"	
60348	"Leucoloma molle"	
46013	Leucophanes	
66945	"Leucophanes candidum"	
66947	"Leucophanes glaucum"	
66946	"Leucophanes octoblepharioides"	
46018	Lopidium	
71110	"Lopidium concinnum"	
71111	"Lopidium struthiopteris"	
46077	Macrocoma	
46011	Macrohymenium	
67570	Macrometrium	
46078	Macromitrium	
67654	"Macromitrium archeri"	
67644	"Macromitrium aurescens"	
67643	"Macromitrium brachypodium"	
67642	"Macromitrium brevicaule"	
67656	"Macromitrium caloblastoides"	
67639	"Macromitrium diaphanum"	
67645	"Macromitrium dielsii"	
67648	"Macromitrium exsertum"	
67647	"Macromitrium funiforme"	
67653	"Macromitrium hemitrichodes"	
67659	"Macromitrium hortoniae"	
67650	"Macromitrium incurvifolium"	
67655	"Macromitrium involutifolium"	
67780	"Macromitrium involutifolium subsp. involutifolium"	
67781	"Macromitrium involutifolium subsp. ptychomitrioides"	
67651	"Macromitrium leratii"	
67657	"Macromitrium ligulaefolium"	
67658	"Macromitrium ligulare"	
67640	"Macromitrium longirostre"	
67646	"Macromitrium microstomum"	
67641	"Macromitrium repandum"	
67652	"Macromitrium stoneae"	
67649	"Macromitrium subulatum"	
25355	Meesia	
68063	"Meesia muelleri"	
26002	"Meesia triquetra"	
68062	Meesiaceae	
45956	Meiotheciella	
46010	Meiothecium	
66986	"Meiothecium intextum"	
66984	"Meiothecium microcarpum"	
66985	"Meiothecium secundifolium"	
46027	Mesochaete	
66831	"Mesochaete taxiforme"	
66832	"Mesochaete undulata"	
45992	Mesonodon	
66911	Meteoriaceae	
46074	Meteoriopsis	
66915	"Meteoriopsis reclinata"	
66916	"Meteoriopsis undulata"	
46071	Meteorium	
47670	Mielichhoferia	
66924	Mielichhoferiaceae	
46021	Mitthyridium	
66948	"Mitthyridium constrictum"	
66949	"Mitthyridium crassum"	
66951	"Mitthyridium fasciculatum"	
66956	"Mitthyridium flavum"	
66953	"Mitthyridium leucoloma"	
66954	"Mitthyridium papuanum"	
66950	"Mitthyridium perundulatum"	
66952	"Mitthyridium repens"	
66955	"Mitthyridium subluteum"	
67004	Mniaceae	
70842	Mniodendron	
71139	"Mniodendron colensoi"	
71140	"Mniodendron comatulum"	
71141	"Mniodendron comosum"	
46140	Nanomitriopsis	
25297	Neckera	
67093	Neckeraceae	
45980	Neckeropsis	
67097	"Neckeropsis lepineana"	
67098	"Neckeropsis nanodisticha"	
67962	"Notoligotrichum australe"	
67968	"Notoligotrichum crispulum"	
46033	Ochiobryum	
67010	"Oedicladium rufescens"	
67012	"Oedicladium rufescens var. purpuratum"	
67011	"Oedicladium rufescens var. rufescens"	
25352	Orthodontium	
67525	"Orthodontium lineare"	
67526	"Orthodontium pallens"	
67005	"Orthomnion elimbatum"	
67569	Orthotrichaceae	
25327	Orthotrichum	
67870	"Orthotrichum assimile"	
26186	"Orthotrichum cupulatum"	
67869	"Orthotrichum hortense"	
26178	"Orthotrichum rupestre"	
67868	"Orthotrichum tasmanicum"	
46083	Papillaria	
66923	"Papillaria crocea"	
66921	"Papillaria flavolimbata"	
66920	"Papillaria flexicaulis"	
66917	"Papillaria intricata"	
66922	"Papillaria leuconeura"	
66918	"Papillaria nitens"	
66919	"Papillaria zeloflexicaulis"	
45953	Papillidiopsis	
70852	Pelekium	
70859	"Pelekium bonianum"	
70858	"Pelekium gratum"	
70856	"Pelekium investe"	
70860	"Pelekium synoicum"	
70857	"Pelekium velatum"	
25323	Philonotis	
67574	"Philonotis australiensis"	
67576	"Philonotis hastata"	
67577	"Philonotis pallida"	
67580	"Philonotis pyriformis"	
67575	"Philonotis scabrifolia"	
67578	"Philonotis slateri"	
67579	"Philonotis tenuis"	
46136	Physcomitrella	
25340	Physcomitrium	
67099	"Pinatella alopecuroides"	
67100	"Pinatella kuehliana"	
46064	Pinnatella	
46159	Plagiobryum	
67006	"Plagiomnium novae-zealandiae"	
46130	Platyhypnidium	
67638	"Platyhypnidium aquaticum"	
67637	"Platyhypnidium austrinum"	
45973	Pleurophascum	
67958	"Pleurophascum grandiglobum"	
67959	"Pleurophascum occidentale"	
67963	"Pogonatum neesii"	
67969	"Pogonatum subulatum"	
67964	"Pogonatum tubulosum"	
25341	Pohlia	
26238	"Pohlia annotina"	
66926	"Pohlia bulbifera"	
26235	"Pohlia camptotrachela"	
66928	"Pohlia clavaeformis"	
26244	"Pohlia cruda"	
26246	"Pohlia elongata"	
66925	"Pohlia inflexa"	
26245	"Pohlia nutans"	
66927	"Pohlia tenuifolia"	
26247	"Pohlia wahlenbergii"	
67960	Polytrichaceae	
67966	"Polytrichadelphus magellanicus"	
26226	"Polytrichastrum alpinum"	
67971	"Polytrichastrum formosum"	
26259	"Polytrichum commune"	
26258	"Polytrichum juniperinum"	
46015	Powellia	
66819	"Powellia integra"	
66820	"Powellia involutifolia"	
46122	Pseudoscleropodium	
25346	Pterygoneurum	
70848	"Pterygoneurum macleanum"	
26263	"Pterygoneurum ovatum"	
71112	Ptychomniaceae	
45982	Ptychomnion	
71114	"Ptychomnion aciculare"	
46034	Ptychostomum	
66798	"Ptychostomum altisetum"	
66801	"Ptychostomum angustifolium"	
66800	"Ptychostomum creberrimum"	
66802	"Ptychostomum cylindrothecium"	
66799	"Ptychostomum pseudotriquetrum"	
66707	Pylaisiadelphaceae	
46110	Pyrrhobryum	
66833	"Pyrrhobryum bifarium"	
66837	"Pyrrhobryum latifolium"	
66834	"Pyrrhobryum medium"	
66835	"Pyrrhobryum mnioides"	
66838	"Pyrrhobryum paramattense"	
66836	"Pyrrhobryum spiniforme"	
25309	Racomitrium	
68072	"Racomitrium crispulum"	
26279	"Racomitrium lanuginosum"	
68070	"Racomitrium pruinosum"	
68071	"Racomitrium ptychophyllum"	
26277	"Racomitrium sudeticum"	
66818	Racopilaceae	
46016	Racopilum	
66821	"Racopilum cuspidigerum"	
66824	"Racopilum cuspidigerum var. convolutaceum"	
66823	"Racopilum cuspidigerum var. cuspidigerum"	
66822	"Racopilum strumiferum"	
45950	Radulina	
46001	Rhaphidorrhynchium	
66993	"Rhaphidorrhynchium amoenum"	
66994	"Rhaphidorrhynchium amoenum var. amoenum"	
66995	"Rhaphidorrhynchium amoenum var. congruens"	
66825	Rhizogoniaceae	
45935	Rhizogonium	
66840	"Rhizogonium distichum"	
66842	"Rhizogonium graeffeanum"	
66841	"Rhizogonium novae-hollandiae"	
66839	"Rhizogonium pennatum"	
46035	Rhodobryum	
46134	Rhynchostegium	
67636	"Rhynchostegium brevinerve"	
67631	"Rhynchostegium cylindritheca"	
67629	"Rhynchostegium distratum"	
67626	"Rhynchostegium laxatum"	
67627	"Rhynchostegium muriculatum"	
67628	"Rhynchostegium nanopennatum"	
67630	"Rhynchostegium tenuifolium"	
46036	Rosulabryum	
66805	"Rosulabryum albolimbatum"	
66815	"Rosulabryum billarderii"	
66812	"Rosulabryum campylothecium"	
66810	"Rosulabryum capillare"	
66803	"Rosulabryum epiphyticum"	
66804	"Rosulabryum lamingtonicum"	
66809	"Rosulabryum leptothrix"	
66813	"Rosulabryum microrhodon"	
66811	"Rosulabryum perlimbatum"	
66808	"Rosulabryum queenslandicum"	
66816	"Rosulabryum subfasciculatum"	
66814	"Rosulabryum subtomentosum"	
66807	"Rosulabryum torquescens"	
66806	"Rosulabryum tuberosum"	
66817	"Rosulabryum wightii"	
45999	Sauloma	
25350	Schistidium	
68073	"Schistidium apocarpum"	
68074	"Schistidium flexifolium"	
46101	Schlotheimia	
67882	"Schlotheimia brownii"	
67883	"Schlotheimia funiformis"	
46066	Schoenobryum	
46023	Sclerodontium	
60349	"Sclerodontium clavinerve"	
60350	"Sclerodontium pallidum"	
25369	Scleropodium	
46124	Scorpiurium	
66978	Sematophyllaceae	
46012	Sematophyllum	
66996	"Sematophyllum homomallum"	
66999	"Sematophyllum jolliffii"	
66998	"Sematophyllum subhumile"	
67102	"Sematophyllum subhumile var. contiguum"	
67101	"Sematophyllum subhumile var. subhumile"	
66997	"Sematophyllum subpinnatum"	
67000	"Sematophyllum uncinatum"	
25306	Sphagnum	
68136	"Sphagnum australe"	
68132	"Sphagnum cristatum"	
68135	"Sphagnum falcatulum"	
68131	"Sphagnum fuscovinosum"	
68134	"Sphagnum novozelandicum"	
68133	"Sphagnum perichaetiale"	
46028	Spiridens	
46156	Stoneobryum	
46020	Syrrhopodon	
66971	"Syrrhopodon albovaginatus"	
66967	"Syrrhopodon aristifolius"	
66961	"Syrrhopodon armatus"	
66957	"Syrrhopodon ciliatus"	
66965	"Syrrhopodon confertus"	
66960	"Syrrhopodon croceus"	
66972	"Syrrhopodon cyrtacanthos"	
66958	"Syrrhopodon gardneri"	
66966	"Syrrhopodon involutus"	
66969	"Syrrhopodon muelleri"	
66973	"Syrrhopodon parasiticus"	
66959	"Syrrhopodon perarmatus"	
66964	"Syrrhopodon platycerii"	
66974	"Syrrhopodon prolifer"	
66976	"Syrrhopodon prolifer var. mossmanensis"	
66975	"Syrrhopodon prolifer var. prolifer"	
66962	"Syrrhopodon spiculosus"	
66968	"Syrrhopodon stoneae"	
66963	"Syrrhopodon trachyphyllus"	
66970	"Syrrhopodon tristichus"	
45951	Taxithelium	
66711	"Taxithelium instratum"	
66710	"Taxithelium kerianum"	
66709	"Taxithelium leptosigmatum"	
66708	"Taxithelium muscicola"	
66712	"Taxithelium nepalense"	
25360	Tayloria	
71143	"Tayloria callophylla"	
71142	"Tayloria gunnii"	
71146	"Tayloria octoblepharum"	
71144	"Tayloria purpurascens"	
71145	"Tayloria tasmanica"	
45968	Tetraphidopsis	
71113	"Tetraphidopsis pusilla"	
46106	Thamnobryum	
67523	"Thamnobryum ellipticum"	
67522	"Thamnobryum pandum"	
67524	"Thamnobryum pumilum"	
70851	Thuidiaceae	
70853	Thuidiopsis	
70902	"Thuidiopsis furfurosa"	
70903	"Thuidiopsis sparsa"	
70904	"Thuidiopsis sparsa var. hastata"	
70905	"Thuidiopsis sparsa var. sparsa"	
46045	Thuidium	
71075	"Thuidium cymbifolium"	
71073	"Thuidium laeviusculum"	
71074	"Thuidium plumulosum"	
71072	"Thuidium subglaucinum"	
46115	Touwia	
46138	Trematodon	
76807	"Trematodon amoenus"	
94863	"Trematodon flexipes"	
94862	"Trematodon longicollis"	
76808	"Trematodon mackayi"	
76806	"Trematodon suberectus"	
45959	Trichosteleum	
67104	"Trichosteleum boschii"	
67103	"Trichosteleum ruficaule"	
67105	"Trichosteleum subfalcatulum"	
67106	"Trichosteleum wattsii"	
45995	Trismegistia	
46054	Uleobryum	
70849	"Uleobryum occultum"	
70850	"Uleobryum peruvianum"	
25326	Ulota	
67887	"Ulota cochleata"	
67888	"Ulota laticiliata"	
67886	"Ulota lutea"	
67889	"Ulota lutea var. lutea"	
67890	"Ulota lutea var. robusta"	
67884	"Ulota membranata"	
67885	"Ulota viridis"	
67892	"Ulota viridis var. dixonii"	
67891	"Ulota viridis var. viridis"	
75975	"Varieties of Fissidens oblongifolius"	
45961	Warburgiella	
67107	"Warburgiella leptorhynchoides"	
67108	"Warburgiella leucocytus"	
67109	"Warburgiella macrospora"	
45987	Weymouthia	
60333	"Weymouthia cochlearifolia"	
60334	"Weymouthia mollis"	
45949	Wijkia	
26405	Zygodon	
67894	"Zygodon gracillimus"	
67897	"Zygodon hookeri"	
67896	"Zygodon intermedius"	
26395	"Zygodon menziesii"	
67893	"Zygodon minutus"	
67895	"Zygodon obtusifolius"	
