from	statement	to
1	"Stems with a weakly developed central strand; leaves only indistinctly cordate at the base (subsect. Hypnum)"	"Hypnum cupressiforme"
1	"Stems lacking a central strand; leaves more markedly cordate at the base (subsect. Circinalia)"	2
2	"Plants larger; stem leaves 1.4–2.0 mm long and 0.5–0.7 mm wide; leaves longer-acuminate, falcate to circinate; margins subentire to serrulate; subquadrate alar cells fewer, 2–4 along the margin"	"Hypnum chrysogaster"
2	"Plants smaller; stem leaves 1.0–1.4 mm long and 0.35–0. 50 mm wide; leaves shorter-acuminate, scarcely falcate; margins serrulate to serrate; subquadrate alar cells more numerous, 4–8 (–10) along the margin"	"Hypnum subchrysogaster"
