from	statement	to
1	"Margins at leaf shoulders dentate, serrate or ciliate on at least some leaves (usually most)"	2
1	"Margins at leaf shoulders entire or nearly so"	8
2	"Leaves bearing delicate cilia ±all around"	"Syrrhopodon ciliatus"
2	"Leaves ornamented only at or near the shoulders"	3
3	"Leaf border lacking elongate hyaline cells"	4
3	"Leaf border composed entirely or in part of elongate hyaline marginal cells"	5
4	"Leaves sharply dentate-serrate at the shoulders"	"Syrrhopodon gardneri"
4	"Leaves long-ciliate at the shoulders"	"Syrrhopodon perarmatus"
5	"Plants robust, dark; leaves more than 5 mm long, mostly stiffly erect when wet and dry, their bases usually glossy red-brown; cancellinae small, mostly eroded"	"Syrrhopodon croceus"
5	"Plants small, delicate; leaves mostly less than 5 mm long, contorted or spreading-patent when dry, spreading-ascending when moist, their bases concolorous; cancellinae conspicuous, intact"	6
6	"Cells of limb each with a single simple papilla; leaf shoulders with delicate cilia"	"Syrrhopodon armatus"
6	"Cells of limb bearing multifid papillae; cilia present or lacking on shoulders"	7
7	"Plants medium-sized, pale green; leaves spreading to patent when wet and dry, not otherwise contorted, lying straight on microscope slide, plane, or involute only in upper portion"	"Syrrhopodon spiculosus"
7	"Plants small, often brownish or rusty; leaves curled-contorted when dry, mostly falcate and involute on microscope slide"	"Syrrhopodon trachyphyllus"
8	"Cancellinae occupying half or more of the leaf length"	9
8	"Cancellinae occupying less than half of the leaf length"	11
9	"Limb helically twisted when dry"	"Syrrhopodon platycerii"
9	"Limb straight or variously contorted when dry but not helically twisted"	10
10	"Leaf margins conspicuously evenly serrate in upper half"	"Syrrhopodon confertus"
10	"Leaf margins entire, or toothed at the apex only"	"Syrrhopodon involutus"
11	"Leaf margins lacking elongate hyaline cells"	12
11	"Leaf margins composed (at least in part) of elongate hyaline cells"	13
12	"Leaves monomorphic, narrowly linear-acuminate; cells smooth"	"Syrrhopodon aristifolius"
12	"Leaves dimorphic, broadly linear; cells papillose"	"Syrrhopodon stoneae"
13	"Elongate hyaline cells of leaf margin ±covered by a network of shorter square-rectangular cells; plants grass-like; leaves stiffly erect, straight, not or little-contorted when dry"	"Syrrhopodon muelleri"
13	"Elongate hyaline cells of leaf margin exposed; plants scarcely grass-like; leaves variously contorted or straight when dry"	14
14	"Leaves distinctly serrate in at least the upper 25%"	"Syrrhopodon tristichus"
14	"Leaves entire, or toothed only at the extreme apex"	15
15	"Cells of limb smooth or mostly unipapillose"	16
15	"Cells of limb pluripapillose"	18
16	"Leaves spreading-patent when wet and dry; limb conspicuously toothed abaxially by crests of papillose-projecting cells in oblique rows; leaf cells mostly unipapillose"	"Syrrhopodon albovaginatus"
16	"Leaves erect to erect-appressed when dry; limb lacking abaxial rows of teeth; cells smooth or unipapillose (but papillae sometimes bifid or trifid)"	17
17	"Leaf cells conspicuously papillose with tall simple or apically divided papillae, the abaxial papillae curved distally; gemmae fusiform-clavate, adaxial on leaf tips"	"Syrrhopodon cyrtacanthos"
17	"Leaf cells smooth or inconspicuously unipapillose with low undivided straight papillae; gemmae filamentous, adaxial at mid-leaf"	"Syrrhopodon parasiticus"
18	"Limb helically twisted when dry"	"Syrrhopodon platycerii"
18	"Limb straight to variously contorted when dry but not helically twisted"	19
19	"Leaves erect to spreading-patent wet and dry, not otherwise contorted"	"Syrrhopodon spiculosus"
19	"Leaves variously contorted when dry, not spreading-patent"	20
20	"Leaves lying straight on microscope slide, neither involute nor folded; shoulders entire"	"Syrrhopodon prolifer"
20	"Leaves folded-falcate on microscope slide, usually at least some inconspicuously toothed on the shoulders"	"Syrrhopodon trachyphyllus"
