from	statement	to
1	"Seta distally mammillose or almost smooth; stem leaves muticous or the hair 2 (–3) cells long; median branch leaf cells 1–4-papillose, mostly weakly ornamented; stem paraphyllia mostly sparse or lacking, occasionally numerous in places; usually on weathered or soil-covered rocks"	"Pelekium investe"
1	"Seta entirely mammillose or spinulose; many stem leaves ending in a hair to 8 cells long; stem paraphyllia crowded; usually on rocks and wood"	2
2	"Calyptra campanulate, hispid; seta spinulose; perichaetial leaves eciliate; median branch leaf cells unipapillose"	"Pelekium velatum"
2	"Calyptra cucullate or subcylindrical, smooth; seta mammillose; inner perichaetial leaves eciliate or bearing up to 5 short cilia; ornamentation of branch leaf cells various"	3
3	"Median branch leaf cells 2–8-papillose"	"Pelekium gratum"
3	"Median branch leaf cells 1 (–3)-papillose"	4
4	"Autoicous; ultimate branches complanate; branch leaves broadly ovate, obtuse or rounded, weakly cristate"	"Pelekium bonianum"
4	"Synoicous; ultimate branches terete; branch leaves ovate, acute, strongly cristate"	"Pelekium synoicum"
