from	statement	to
1	"Leaves broad and obovate, concave; costa ending well below apex"	"Tayloria gunnii"
1	"Leaves ovate-lanceolate; costa percurrent to excurrent"	2
2	"Peristome teeth incurved when dry at maturity"	3
2	"Peristome teeth recurved when dry at maturity"	4
3	"Leaves strongly serrulate to serrate; capsules pale brown"	"Tayloria callophylla"
3	"Leaves entire to serrulate; capsules dark reddish brown"	"Tayloria purpurascens"
4	"Hypophysis strongly inflated, much broader than urn, grey-white at maturity"	"Tayloria tasmanica"
4	"Hypophysis typically narrower or only slightly broader than urn, dark brown at maturity"	"Tayloria octoblepharum"
