from	statement	to
1	"Plants stipitate-frondose"	2
1	"Plants not stipitate-frondose"	8
2	"Leaf margin coarsely dentate with multicellular teeth at the apex"	Homaliodendron
2	"Leaf margin entire to serrulate at the apex"	3
3	"Leaf apex rounded"	4
3	"Leaf apex obtuse to acuminate"	5
4	"Distal stem and branch leaves caducous"	Caduciella
4	"Leaves not caducous"	Homaliodendron
5	"Leaves lingulate with ±parallel sides, undulate or rugose; leaf apex very broadly obtuse to acute"	Himantocladium
5	"Leaves ovate to ovate-lingulate, smooth or plicate; sides not parallel; apex obtuse to acuminate"	6
6	"Leaves subdistichous, flat, smooth; costa not keeled"	Thamnobryum
6	"Leaves spirally arranged, canaliculate, plicate; costa strongly keeled"	7
7	"Intramarginal limbidium differentiated; 2–4 rows of cells at the basal leaf margin quadrate, conspicuously shorter than basal median cells"	Pinnatella
7	"Intramarginal limbidium not differentiated; cells at basal leaf margin long-rectangular to linear, similar to basal median cells"	Thamnobryum
8	"Costa very stong, occupying c. one-third of the leaf width, subpercurrent; growing on partly submerged rocks"	Touwia
8	"Costa absent or short and faint; usually epiphytic"	9
9	"Leaves ovate to ovate-lanceolate; leaf apex acuminate, serrate; undulate when dry"	Neckera
9	"Leaves lingulate; leaf apex broadly rounded to truncate, entire; conspicuously undulate when dry"	Neckeropsis
