from	statement	to
1	"Stems erect-ascending, simple or sparingly branched; plants acrocarpous, with capsules on main (primary) stem"	2
1	"Stems creeping, freely branched, with numerous erect branches; plants cladocarpous, with capsules on erect (secondary) branches"	5
2	"Gemmae usually present in leaf axils, never on leaves; calyptra cucullate, not plicate; capsules long-exserted"	Zygodon
2	"Gemmae (if present) on leaves, not in leaf axils; calyptra mitrate or conical, ±plicate; capsules immersed, emergent or exserted"	3
3	"Upper laminal cells smooth or sometimes slightly bulging (mammillose); perichaetial leaves pale, enlarged; capsule immersed in perichaetium, on a very short seta; stomata immersed"	Stoneobryum
3	"Upper laminal cells papillose; perichaetial leaves not or slightly differentiated; capsule not immersed in perichaetium; seta short or long; stomata immersed or superficial"	4
4	"Leaves bordered near base; marginal cells quadrate to short-rectangular; transverse walls hyaline and thick; capsules exserted, with a long tapering neck; stomata superficial, often restricted to the neck; calyptra hairy"	Ulota
4	"Leaves not bordered near base; capsules immersed or exserted; stomata superficial or immersed, on the urn; calyptra glabrous or hairy"	Orthotrichum
5	"Leaves straight, tightly erect-appressed, small and tightly spirally imbricate, not twisted or flexuose; apices not inrolled when dry"	Macrocoma
5	"Leaves erect-curved, erect-whorled, funiculate in spirals around stem, or each leaf twisted-contorted when dry, with decurved to recurved apices, twisted to tightly inrolled when dry"	6
6	"Branch leaves ending in a long fragile subula, bordered in lower half by 2–5 rows of elongate hyaline cells"	Groutiella
6	"Branch leaves without a long fragile subula, not bordered in lower half"	7
7	"Plants vivid dark green above, with a dense red tomentum below; laminal cells smooth; calyptra not plicate, enclosing capsule at maturity"	Schlotheimia
7	"Plants bright green or yellow-orange above, with dark brown tomentum below; laminal cells papillose, mammillose or smooth; calyptra plicate, not enclosing capsule at maturity"	Macrometrium
