from	statement	to
1	"Plants minute; stem leaf costa 18–31 µm wide near the base; median laminal cells (15–) 18–45 µm long"	"Eurhynchium pumilum"
1	"Plants small, medium-sized or large; stem leaf costa 31.5–86.0 µm wide near the base; median laminal cells 29.5–140.5 µm long"	2
2	"Stem leaves erecto-patent to spreading; base cordate-triangular or broadly cordate-triangular, abruptly narrowed to a recurved or reflexed long channeled acumen c. half the leaf length; branch leaves ovate and gradually narrowed to the acuminate apex, strongly differentiated from stem leaves"	"Eurhynchium praelongum"
2	"Stem leaves erecto-patent to almost spreading; base ovate to broadly cordate, gradually or abruptly narrowed to a short plane acumen less than one-third of the leaf length; branch leaves smaller and more short-acuminate than stem leaves, but not sharply differentiated from stem leaves"	3
3	"Dioicous; stem and branch leaves erecto-patent to patent; branch leaves ±distinctly complanate; median laminal cells 61.0–140.5 µm long"	"Eurhynchium laevisetum"
3	"Autoicous; many stem and (especially) branch leaves directed forwards to incurved from a spreading leaf base when dry; median laminal cells 40–122 µm long"	"Eurhynchium asperipes"
