from	statement	to
1	"Leaves erect-spreading; alar region with cells numerous, in several rows, pigmented, quadrate, and irregularly thick-walled"	"Sematophyllum homomallum"
1	"Leaves subsecund or secund, falcate or not; alar region with a single basal row of a few larger rectangular or oval cells, thin or thick-walled"	2
2	"Plants epiphytic on bark; leaves ovate or linear-lanceolate, to 1.5 mm long, secund, not falcate; apices acute or acuminate"	3
2	"Plants subaquatic on wet rock faces in or near streams or on damp soil; leaves ovate-lanceolate, 1.5–2.0 mm long, subsecund and falcate, with acuminate apices"	4
3	"Leaves ovate; apices acute; apical cells short"	"Sematophyllum subpinnatum"
3	"Leaves linear-lanceolate; apices acuminate to long-acuminate; apical cells longer"	"Sematophyllum subhumile"
4	"Plants glossy, bright pale-green or yellowish green; leaves to 1.5 mm long; apices broadly acute to short-acuminate; seta papillose above, smooth below"	"Sematophyllum jolliffii"
4	"Plants not glossy, golden-brown; leaves 1.5–2.0 mm long; apices acuminate; seta uniformly smooth"	"Sematophyllum uncinatum"
