from	statement	to
1	"Capsules obovate; setae 9Ð22 mm long"	"Entosthodon subnudus var. gracilis"
1	"Capsules oblong-cylindrical; setae usually less than 7 mm long"	2
2	"Spores coarsely gemmate (under high magnification, dry); exostome teeth variably developed and irregular in outline; operculum conical"	"Entosthodon subnudus var. phymatodeus"
2	"Spores finely verrucate (under high mag., dry); exostome teeth well developed and regular in outline; operculum plano-convex"	"Entosthodon subnudus var. subnudus"
