from	statement	to
1	"Filiform gemmae usually present in leaf axils of sterile stems"	2
1	"Filiform gemmae absent or rare"	4
2	"Stems with equidistant leaves, not rosulate; leaves ovate, rarely obovate; upper margin serrulate or entire; costa percurrent or short-excurrent as a mucro; epiphytic"	"Rosulabryum epiphyticum"
2	"Stems short and rosulate or, if elongate, the leaves strongly coarsely serrate; leaves mostly obovate; upper margin distinctly serrate; costa not reaching apex, percurrent or excurrent; on soil, rock or decaying wood"	3
3	"Leaves strongly keeled, narrowly ovate to spathulate, sharply serrate in upper half; filamentous gemmae with ±smooth walls"	"Rosulabryum lamingtonicum"
3	"Leaves flat when moist, broadly obovate, serrate near apex; filamentous gemmae coarsely papillose"	"Rosulabryum albolimbatum"
4	"Laminal cells elongate, to 125 µm long and 6–8: 1; rhizoidal tubers flattened, with strongly projecting cell walls"	"Rosulabryum tuberosum"
4	"Laminal cells mostly shorter and/or broader, generally < 80 µm long and 2–6: 1; tubers globose, with cell walls not projecting, or tubers absent"	5
5	"Polyoicous; leaves contorted when dry, only rarely spirally twisted around stem; tubers bright orange or crimson"	"Rosulabryum torquescens"
5	"Dioicous; leaves variously contorted, twisted or imbricate when dry; tubers mostly red-brown, rarely red to orange"	6
6	"Most leaves < 3 mm long, sometimes spirally twisted around stem; tubers mostly < 300 µm wide"	7
6	"At least some leaves 4–10 mm long or longer, contorted but not spirally twisted around stem, or sometimes imbricate; tubers mostly > 500 µm wide"	11
7	"Stems to 10 mm long; leaves to 1 mm long, rosulate, ovate; border weak or absent above; rhizoidal tubers mostly < 1.5 mm long, reddish brown, irregularly globose, elliptic or pyriform"	"Rosulabryum queenslandicum"
7	"Stems more than 10 mm long, if shorter leaves serrate distally; leaves 1–3 mm long, obovate or, if ovate, the upper laminal cells elongate (4–6: 1); tubers > 100 µm, usually globose"	8
8	"Leaves keeled, narrowly ovate-lanceolate or spathulate, not rosulate except for perichaetial and perigonial buds; margin distinctly serrate in upper half of leaf; rhizoidal tubers brownish"	"Rosulabryum lamingtonicum"
8	"Leaves flat, not keeled, obovate to ovate, serrate to almost entire; teeth only in upper third of leaf; rhizoidal tubers red, crimson to red-brown"	9
9	"Leaves narrowly ovate and acuminate, somewhat keeled near apex; margin mostly entire; upper laminal cells elongate and sublinear (4–6: 1); tubers red to orange"	"Rosulabryum leptothrix"
9	"Leaves acute, ovate to obovate; upper margin usually serrulate to serrate; upper laminal cells short and broad (2–4: 1); tubers red, crimson or brown"	10
10	"Dioicous; tubers dark brown or red-brown, concolorous with rhizoids; leaves usually distinctly spirally twisted; capsules mostly brownish, generally horizontal or suberect; endostome segments gradually acuminate into a projection"	"Rosulabryum capillare"
10	"Polyoicous; tubers bright red or crimson; leaves contorted but rarely spirally twisted; capsules often bright red, nutant; endostome segments rounded and abruptly apiculate"	"Rosulabryum torquescens"
11	"Leaves appressed to stem, imbricate, not much contorted when dry, concave; upper and middle laminal cells walls firm to distinctly incrassate"	12
11	"Leaves variously contorted when dry, not imbricate, usually not concave; upper and middle laminal cells thin to firm-walled, rarely incrassate"	14
12	"Upper leaf margin with an very broad border (> 4 layers of cells), finely crenulate; rhizoidal tubers present"	"Rosulabryum perlimbatum"
12	"Upper leaf margin with a narrow border, or border ±absent, distinctly serrate; rhizoidal tubers absent"	13
13	"Plants golden or brown-green; hairpoint long, straight, golden-brown"	"Rosulabryum campylothecium"
13	"Plants red-green; hairpoint very short as a recurved mucro"	"Rosulabryum microrhodon"
14	"Stems distinctly rosulate, short; lower leaves smaller than upper leaves"	15
14	"Stems elongate, not distinctly rosulate, with equidistant leaves occasionally crowded and enlarged at the apex"	16
15	"Upper leaf border > 4 cells wide, strong, often hyaline; leaves mostly elongate-spathulate; setae usually hooked at capsule base (in > 80% of sporophytes)"	"Rosulabryum subtomentosum"
15	"Upper leaf border 1–3 cells wide, not hyaline, often indistinct; leaves mostly obovate; setae rarely hooked at base of capsule (< 20%)"	"Rosulabryum billarderii"
16	"Leaves strongly keeled (when moist or dry), elongate, ovate-lanceolate to spathulate"	"Rosulabryum subfasciculatum"
16	"Leaves flat, broadly ovate to spathulate"	17
17	"Upper leaf border 4 or more cells wide, often hyaline; leaves elongate-spathulate; gametangia not conspicuously enlarged; old leaves and stems often blackish; capsule mouth straight; tubers present"	"Rosulabryum subtomentosum"
17	"Upper leaf border 1 or 2 cells wide, often indistinct, never hyaline; leaves mostly ovate; gametangia conspicuously enlarged; plants remaining green or brownish green; capsule mouth oblique; tubers absent"	"Rosulabryum wightii"
