from	statement	to	shortcut
1	"Costa single"	2	
1	"Costa absent or double"	5	
2	"Leaves whorled, variously lanceolate"	Daltonia	
2	"Leaves complanate, rounded"	3	
3	"Dry leaves usually blackish; leaf margin strongly dentate; costa forked above"	Achrophyllum	
3	"Dry leaves green; leaf margin crenulate, weakly dentate or entire; costa not forked above"	4	
4	"Leaf margin crenulate; costa prominent, ending in the apex; marginal leaf cells not differentiated; exclusively tropical"	Bryobrothera	
4	"Leaf margin weakly dentate or entire; costa weak, to mid-leaf or scarcely to the apex; marginal leaf cells usually differentiated; tropical to temperate"	Distichophyllum	
5	"Costa absent, very faint or short (not reaching mid-leaf)"	6	
5	"Costa strong, extending beyond mid-leaf"	8	
6	"Leaves bordered; laminal cells hexagonal or rhomboidal"	Calyptrochaeta	
6	"Leaves not bordered; laminal cells linear"	7	
7	"Rhizoids white; leaves 1-plicate; upper margin entire; apex tapering to a point; temperate to subtropical"	Sauloma	
7	"Rhizoids not white; leaves smooth; upper margin denticulate; apex rounded to acute; tropical"	Chaetomitrium	
8	"Leaves bordered; plants delicate"	Cyclodictyon	
8	"Leaves lacking a border; plants not delicate"	9	
9	"Cells quadrate to hexagonal, to c. 25 µm long, unipapillose, or the papillae weak or apparently absent"	Callicostella	"Callicostella papillata"
9	"Cells rhomboidal-hexagonal, > 30 µm long, lacking papillae, or the cells papillose by projecting cell ends"	Hookeriopsis	
