from	statement	to
1	"Plants slender; stem leaves to 1.2–1.6 mm long, 0.4–0.5 mm wide"	2
1	"Plants medium-sized to robust"	3
2	"Leaves straight or only weakly falcate; subquadrate alar cells (8–) 10–15 along the margin in stem leaves"	"Hypnum cupressiforme var. filiforme"
2	"Leaves usually falcate-secund, occasionally straight; subquadrate alar cells 5–8 (–10) along the margin in stem leaves"	"Hypnum cupressiforme var. mossmanianum"
3	"Plants medium-sized; stem leaves 1.5–2.0 mm long, 0.6–0.7 mm wide; subquadrate alar cells 5–10 (–13) along the margin in stem leaves"	"Hypnum cupressiforme var. mossmanianum"
3	"Plants medium-sized to robust; subquadrate alar cells 10–15 (–18) along the margin in stem leaves"	4
4	"Plants medium-sized; stem leaves 1.5–2.0 mm long, 0.5–0.8 mm wide"	"Hypnum cupressiforme var. cupressiforme"
4	"Plants robust; stem leaves 1.8–2.5 mm long, 0.6–0.9 mm wide"	5
5	"Plants rather complanate; leaves ±falcate, gradually narrowed to a longer acumen"	"Hypnum cupressiforme var. cupressiforme"
5	"Plants thickly complanate to julaceous; leaves almost straight to weakly falcate, abruptly narrowed to a shorter acumen"	"Hypnum cupressiforme var. lacunosum"
