from	statement	to
1	"Basal lamina directly above alar patches entirely occupied by thin-walled hyaline cells"	2
1	"Basal lamina directly above alar patches partly occupied by firm- to thick-walled often pitted chlorophyllose cells, often with a hyaline border"	11
2	"Hairpoints reflexed"	3
2	"Hairpoints straight or lacking"	5
3	"Chlorophyllose laminal cells not pitted"	"Campylopus introflexus"
3	"At least the lower chlorophyllose laminal cells pitted"	4
4	"Upper laminal cells conspicuously pitted; costa very broad, occupying at least 65% of the leaf width"	"Campylopus chilensis"
4	"Upper laminal cells not or inconspicuously pitted; costa occupying less than 60% (usually less than 50%) of the leaf width"	"Campylopus insititius"
5	"Costa with adaxial stereids, at least in the upper part of the leaf"	6
5	"Costa abaxially with hyalocysts or cells with a large lumen throughout"	7
6	"Adaxial stereids in a single layer; at least the lower chlorophyllose laminal cells elongate and pitted"	"Campylopus clavatus"
6	"Adaxial stereids in 2 or more layers; chlorophyllose laminal cells isodiametric to short-oblong, not pitted"	"Campylopus purpureocaulis"
7	"Leaves ±flexuose when dry, subulate; upper laminal cells quadrate to rectangular"	"Campylopus torquatus"
7	"Leaves straight or curved, not much altered when dry, narrowly ovate-lanceolate; upper laminal cells rhomboidal to oval or rhomboidal to rectangular"	8
8	"Chlorophyllose cells in transition from hyaline to chlorophyllose laminal cells elongate and pitted"	9
8	"Chlorophyllose cells in transition from hyaline to chlorophyllose laminal cells isodiametric to short-oblong, not pitted"	10
9	"Costa occupying c. two-thirds of the leaf width, abaxially smooth throughout or scabrous at the apex"	"Campylopus bicolor"
9	"Costa occupying less than c. half of the leaf width, abaxially ribbed at least in the distal half of the leaf, toothed towards the apex"	"Campylopus insititius"
10	"Upper laminal cells rhomboidal to oval"	"Campylopus introflexus"
10	"Upper laminal cells rhomboidal to rectangular or quadrate"	"Campylopus catarractilis"
11	"Upper laminal cells ±rectangular; leaves subulate"	12
11	"Upper laminal cells rhomboidal to oval; leaves narrowly ovate-lanceolate to ovate-lanceolate"	13
12	"Costa in upper half with adaxial stereids"	"Campylopus comosus"
12	"Costa adaxially with cells with a large lumen throughout"	"Campylopus flexuosus"
13	"Leaf apices obtuse, cucullate (comal leaves can have a hyaline point); costa with conspicuous side nerves"	"Campylopus kirkii"
13	"Leaf apices acuminate; costa at most with very short side nerves"	14
14	"Costa with adaxial stereids at least in the upper part of leaf (some specimens of C. appressifolius can have stereids only near the leaf apex); lower chlorophyllose laminal cells pitted"	15
14	"Adaxial cells of costa with a distinct lumen throughout; chlorophyllose cells not pitted"	16
15	"Upper half of costa adaxially with 2 layers of stereids, abaxially with few high ribs 2 cells high; alar patches double-layered"	"Campylopus umbellatus"
15	"Upper part of costa adaxially with a single layer of stereids, abaxially with many low 1 cell high ribs; alar patches single-layered"	"Campylopus appressifolius"
16	"Leaves with a well-developed border, at the base mostly with a broad marginal to intra-marginal band of thick-walled subquadrate cells that are conspicuously shorter than adjacent juxtacostal cells; upper laminal cells isodiametric to oblong-rhomboidal"	"Campylopus perauiculatus"
16	"Leaf border lacking; basalmost cells in marginal 1 or 2 rows can be hyaline, but similar in size and shape to adjacent chlorophyllose cells; basal cells gradually becoming shorter between the costa and margin; upper laminal cells oblong to elongate; cell pattern rather lax"	"Campylopus excurrens"
