from	statement	to
1	"Plants in tufts; leaves slightly twisted, not crisped when dry; capsules thick, almost pyriform; spores 70–90 µm diam., often multicellular"	"Ulota membranata"
1	"Plants in cushions or tufts, or creeping; leaves twisted or crisped when dry; capsules subcylindrical to oblong-ovoid; spores 20–35 µm diam., unicellular"	2
2	"Plants usually with creeping stems and erect branches; leaves 1.0–1.8 mm long, scarcely to slightly twisted when dry, upper leaves with projecting apices"	"Ulota viridis"
2	"Plants erect, without creeping stems; leaves at least 2 mm long, twisted or strongly crisped when dry; apices not projecting"	3
3	"Leaves strongly crisped when dry, usually indented by recurvature of the margins for a short distance immediately above the broad ovate base; capsules 8-ribbed from mouth to base of urn; neck long, tapering, smooth, often twisted with the seta when dry"	"Ulota lutea"
3	"Leaves twisted, rarely crisped when dry, lacking the indentation above the ovate or oblong base; capsules ribbed to base; neck absent or very short"	4
4	"Leaves with broad ovate bases; basal marginal hyaline border usually 4–6 rows wide; rim of operculum yellow; stomata in middle to upper parts of urn; endostome segments filiform, nodose"	"Ulota cochleata"
4	"Leaves with obovate-oblong bases; basal marginal hyaline border usually 6–12 rows wide; rim of operculum red; stomata in base of urn or neck; endostome segments broad, usually with a median zig-zag line"	"Ulota laticiliata"
