from	statement	to
1	"Capsule with peristome reduced to a short membrane or gymnostomous"	2
1	"Capsule with peristome well developed"	3
2	"Plants minute (< 1.0 mm); seta very short; capsule often cleistocarpous; spores small (25–38 um diam.), finely ornamented"	"Trematodon amoenus"
2	"Plants larger (> 2 mm); seta long-exserted; capsule with peristome teeth reduced to a membrane scarcely exceeding the rim or gymnostomous; spores large (>  45 um diam.), coarsely ornamented"	"Trematodon mackayi"
3	"Neck of capsule equal in length to urn or, if longer, no more than twice as long; costa +/- filling the upper part of the leaf subula"	4
3	"Neck of capsule more than twice length of urn (sometimes as much as 3–4 times as long); costa filling up to half of the upper leaf subula"	"Trematodon longicollis"
4	"Neck of capsule and urn equal in length; peristome teeth short, mostly reflexed when dry; leaf margins unistratose throughout or bistratose only in the upper part of the subula"	"Trematodon flexipes"
4	"Neck of capsule longer than urn but no more than twice as long; peristome teeth long and erect when dry; leaf margins unistratose in base and bistratose in the subula"	"Trematodon suberectus"
