from	statement	to
1	"Leaf margins dentate or ciliate"	2
1	"Leaf margins entire, denticulate or serrulate"	3
2	"Leaves linear-lanceolate; cilia c. 100 ?m long"	"Fabronia hampeana"
2	"Leaves ovate-lanceolate or lanceolate, dentate or ciliate; cilia < 80 ?m long"	"Fabronia australis"
3	"Leaves ovate-lanceolate to lanceolate; apex acuminate in a long point; marginal cells at mid-leaf usually not subquadrate"	"Fabronia australis"
3	"Leaves ovate to ovate-lanceolate; apex acute or acuminate (rarely obtuse), subquadrate to rhomboidal cells along the margin to above mid-leaf"	4
4	"Leaf apex acuminate due to elongate cells"	"Fabronia scottiae"
4	"Leaf apex acute (rarely obtuse), lacking elongate cells"	"Fabronia brachyphylla"
