from	statement	to
1	"Plants stipitate-frondose, with a distinct stipe and frond; stipe, frond axis and branch leaves differing in size and/or shape; leaf apices mostly acuminate or ending in a sharp point"	Camptochaete
1	"Plants not frondose or the leaves uniform; leaf apices rounded to broadly acute"	2
2	"Lamina with isodiametric to oblong ±rhombic cells, at least in the upper half and further down in a broad marginal band; leaves uniform"	Lembophyllum
2	"Mid-laminal cells elongate to linear; only apical cells considerably shorter; stem or frond axis leaves often slightly larger than branch leaves"	3
3	"Plants small, growing in rough mats or wefts; laminal cells prorulate"	Fallaciella
3	"Plants large, growing in wefts or pendents; laminal cells not markedly prorulate"	Weymouthia
