from	statement	to
1	"Costa absent or failing in mid-leaf; autoicous or paroicous; plants ephemeral"	2
1	"Costa subpercurrent, percurrent or excurrent; autoicous or, occasionally, with archegonia only; plants perennial"	3
2	"Plants stemless; protonema persistent, alga-like, green to red-brown; leaves ovate to lanceolate, minute, bract-like, ecostate; margin bluntly serrate; paroicous"	"Archidium minutissimum"
2	"Stems to c. 5 mm long; aerial and subterranean rhizoids with unicellular tubers; leaves mostly linear-lanceolate, lax, with the costa failing in mid-leaf; margin entire; autoicous"	"Archidium wattsii"
3	"Protonema persistent, compact, cushion-like"	"Archidium thalliferum"
3	"Protonema usually lacking, or otherwise not persistent"	4
4	"Median cells of upper and perichaetial leaves variously quadrate, short-rectangular, trapezoidal or rhomboidal in the same leaf; if ±uniform, then alar cells of stem leaves quadrate to short-rectangular, not sharply differentiated in length from median cells [sect. Phascoidea]"	5
4	"Median cells of upper and perichaetial leaves usually uniform, either rhomboidal-hexagonal, linear-rhomboidal, long-rectangular or prosenchymatous; if areolation irregular the alar cells of stem leaves ±quadrate, much shorter than median cells, forming 2–8 rows of differentiated cells extending 4–16 or more cells along basal margin [sect. Protobium]"	9
5	"Innovation leaves julaceous or subjulaceous; stem and innovation leaves mostly less than twice as long as wide; margin plane to incurved (SE Australia)"	6
5	"Innovation leaves not julaceous; stem and innovation leaves mostly more than twice as long as wide; margin plane to slightly recurved (mostly tropical)"	7
6	"Stem and innovation leaves with obtuse or truncate apices; margin cristate-denticulate; innovations julaceous"	"Archidium clavatum"
6	"Stem and innovation leaves with acute apices; margin ±entire to weakly crenulate; innovations subjulaceous or julaceous"	"Archidium stellatum"
7	"Innovation and stem leaves lanceolate to narrowly triangular, acuminate; upper leaves to 1.5 mm long; costa usually percurrent; capsules terminal"	"Archidium rehmannii"
7	"Innovation and stem leaves ovate to lanceolate, acute or acuminate; upper leaves to 1 mm long; costa usually subpercurrent or excurrent; capsules lateral and terminal"	8
8	"Costa of innovation leaves usually excurrent; perichaetial leaves narrowly acuminate or long-subulate; costa strongly excurrent or occasionally percurrent; epidermal cells of stem c. 10 µm wide"	"Archidium capense"
8	"Costa of innovation leaves usually subpercurrent; perichaetial leaves with a short-ligulate flattened subula, often retrorse, occasionally gradually acuminate; costa usually subpercurrent; epidermal cells of stem 12–15 µm wide"	"Archidium sp. A"
9	"Costa in middle of stem leaves 20–65 µm wide"	10
9	"Costa in middle of stem leaves 65–150 µm wide"	18
10	"Mid-leaf cells lax, rectangular, rhomboidal or fusiform, 50–130 × 12–30 µm; quadrate alar cells lacking; costa subpercurrent to percurrent"	11
10	"Plants lacking this combination of characters"	13
11	"Perichaetial leaves with margins narrowly recurved above"	"Archidium subulatum"
11	"Perichaetial leaves with margins plane or incurved"	12
12	"Mid-leaf cells rectangular to linear-rhomboidal, 4–8 times longer than wide; perichaetial leaves linear-lanceolate, narrowly acuminate to setaceous"	"Archidium indicum"
12	"Mid-leaf cells mostly ellipsoidal-fusiform, to 4 times longer than wide; perichaetial leaves lanceolate to ovate or oblong-lanceolate, acute, sometimes short-acuminate"	"Archidium clarksonianum"
13	"Costa of upper stem leaves subpercurrent to percurrent, occasionally short-excurrent"	14
13	"Costa of upper stem leaves usually distinctly excurrent, sometimes hyaline at apex and forming a hairpoint"	16
14	"Stem leaves erect-appressed, ovate-lanceolate, acute, mostly to 3 times as long as wide; costa usually subpercurrent, occasionally percurrent"	"Archidium brevinerve"
14	"Stem leaves erecto-patent, ovate-lanceolate to triangular, often acuminate, 4 or more times as long as wide; costa subpercurrent to excurrent"	15
15	"Median cells of stem leaves mostly 30–50 µm long; costa with (2 or ) 3 rows of adaxial cells, usually subpercurrent, rarely excurrent; costa of perichaetial leaves usually percurrent"	"Archidium birmanicum"
15	"Median cells of stem leaves mostly 50–90 µm long; costa with 2 rows of adaxial cells, percurrent to short-excurrent; costa of perichaetial leaves excurrent"	"Archidium ohioense"
16	"Stem leaves ovate to ovate-lanceolate; costa usually long-excurrent, frequently hyaline; perichaetial leaves usually less than 1 mm long, less than 3 times longer than wide; costa weak, not excurrent or short-excurrent from an acumen"	"Archidium rothii"
16	"Stem leaves usually lanceolate; costa percurrent to short-excurrent; perichaetial leaves usually more than 1 mm long, c. 4 times longer than wide; costa usually excurrent, frequently hyaline"	17
17	"Plants 1.5–5.0 mm tall; median cells of perichaetial leaves 7–11 µm wide, narrowly prosenchymatous, usually very thick-walled"	"Archidium microthecium"
17	"Plants 2–15 mm tall; median cells of perichaetial leaves 9–14 µm wide, rhomboidal to prosenchymatous, not thick-walled"	"Archidium ohioense"
18	"Stem leaves lacking alar cells; median cells mostly ±rectangular, lax; costa usually less than 70 µm wide, with 2–5 rows of adaxial cells"	"Archidium indicum"
18	"Stem leaves with alar and basal cells quadrate to short-rectangular; median cells mostly rectangular or rhomboidal; costa 70–150 µm wide, with 4–8 or more rows of adaxial cells"	19
19	"Costa of upper stem leaves usually excurrent or long-excurrent in a slender point"	"Archidium sp. B"
19	"Costa of upper stem leaves subpercurrent or percurrent, occasionally short-excurrent"	20
20	"Stem leaves linear-lanceolate, loosely spreading, often ±squarrose, flexuose, deeply channelled, usually 5–7 times longer than wide; apex attenuated; margin usually plane; lamina at base of stem leaves 3–6 cells wide between margin and costa"	"Archidium sp. C"
20	"Stem leaves lanceolate, erect to spreading, not flexuose, concave, mostly 3–5 times longer than wide; apex acute to acuminate; margin usually narrowly recurved; lamina at base of stem leaves more than 6 cells wide between margin and costa"	"Archidium elatum"
