from	statement	to
1	"Most stem leaves ±abruptly narrowed above to a long acumen or apiculus, the latter occupying 20–40% of the leaf length; shortest median laminal cells frequently less than 55 µm long; seta to 15 mm long, mammillose or smooth"	2
1	"Stem leaves gradually narrowed to an acuminate or short-acuminate apex; if acumen differentiated (rare) the less than 10% of the leaf length; shortest median laminal cells rarely less than 55 µm; seta shorter or longer than 15 mm, smooth"	3
2	"Plants medium-sized; seta smooth."	"Rhynchostegium laxatum"
2	"Plants small; seta mammillose."	"Rhynchostegium muriculatum"
3	"Plants small; stem and branch leaves narrowly ovate to narrow-lanceolate, when dry with strongly inrolled margins; leaves appearing very narrow, needle-like; seta to 15 mm long"	"Rhynchostegium nanopennatum"
3	"Plants medium-sized; stem and branch leaves broadly ovate to lanceolate-ovate, when dry at most slightly undulate or twisted, never with strongly inrolled margins; seta usually more than 15 mm"	4
4	"Median laminal cells of stem leaves (7.5–) 8.0–13.0 µm wide"	"Rhynchostegium distratum"
4	"Median laminal cells of stem leaves 4.5–8.5 (–9.5) µm wide"	5
5	"Growing on soil, tree bases and dead wood, rarely on rock; capsule horizontal; exostome perfect, red or orange-red; endostome basal membrane constituting 40–45% of the endostome height; processes broadly perforate (perforations to 12.5 µm wide); longest cilia almost as long as the processes"	"Rhynchostegium tenuifolium"
5	"Growing on rock; capsule inclined; exostome specialised, the teeth narrow, cross-striolate only on the lower c. 15% of outside, light yellow; endostome basal membrane constituting < 25% of endostome height; processes not or narrowly perforate (perforations to 2 µm wide); cilia no more than 20% of the length of the processes"	"Rhynchostegium cylindritheca"
