from	statement	to
1	"Stems dendroid; branch leaves in 2 ranks"	"Pyrrhobryum bifarium"
1	"Stems simple or rarely branched, never dendroid; leaves not ranked"	2
2	"Plants minute, less than 15 mm tall; upper stem leaves planar and dimorphic"	"Pyrrhobryum medium"
2	"Plants larger, more than 15 mm tall; upper stem leaves not planar or dimorphic"	3
3	"Leaves strongly curled and twisted when dry; leaf size not varying greatly along stem; perigonia and perichaetia lateral; stems tomentose on lower half to one-third"	"Pyrrhobryum mnioides"
3	"Leaves curved but not markedly twisted when dry; leaf size very different along stem; perigonia and perichaetia basal; stems tomentose only at the base"	4
4	"Inner perichaetial bracts with an ovate base, abruptly tapering to a narrow apex; bract margins singly serrate"	"Pyrrhobryum spiniforme"
4	"Inner perichaetial bracts with a lanceolate base, gradually tapering to a narrow apex; bract margins singly or doubly serrate"	5
5	"Leaves distinctly widest at their mid-point"	"Pyrrhobryum latifolium"
5	"Leaves widest at or near the base"	"Pyrrhobryum paramattense"
