from	statement	to
1	"Synoicous; peristome reduced, with a low basal membrane; cilia usually short; spores mostly > 20 µm diameter."	"Ptychostomum altisetum"
1	"Dioicous or synoicous; peristome well developed; spores < 20 µm diameter."	2
2	"Plants 1–5 (–10 cm) tall; stems elongate, with equidistant decurrent leaves, usually strongly tomentose, sparingly branched; laminal cells distinctly incrassate; costa percurrent to short-excurrent; leaf border strong; upper margin denticulate"	"Ptychostomum pseudotriquetrum"
2	"Plants to 3 cm tall; leaves densely tufted, comose, not decurrent, tomentose below; laminal cells mostly thin-walled; costa short- to more commonly long-excurrent; leaf border variable, sometimes weak; upper margin usually entire or finely serrulate"	3
3	"Synoicous; leaf border distinct"	"Ptychostomum creberrimum"
3	"Dioicous; leaf border weak or almost lacking"	4
4	"Leaves ovate to ovate-lanceolate; upper and middle laminal cells elongate, 50–70 × 10–12 µm (5–6: 1)"	"Ptychostomum angustifolium"
4	"Leaves ovate to obovate; upper and middle laminal cells shorter and broader, 30–60 × 12–18 µm (3–4: 1)"	"Ptychostomum cylindrothecium"
