from	statement	to
1	"Leaves plicate only at the base (occasionally not plicate); alar cells not inflated; costa long-excurrent"	2
1	"Leaves plicate throughout; alar cells inflated; costa percurrent to short-excurrent"	4
2	"Leaves narrowly lanceolate; mid-leaf laminal cells elongate, thick-walled, porose"	"Breutelia pseudophilonotis"
2	"Leaves ovate-lanceolate to lanceolate; mid-leaf laminal cells thin-walled, not (or rarely) porose"	3
3	"Leaves ovate-lanceolate to oblong-lanceolate; subquadrate basal cells numerous, usually extending to one-third the height of the lamina; mid-leaf laminal cells irregular, isodiametric, short-rectangular to linear"	"Breutelia affinis"
3	"Leaves lanceolate; subquadrate basal cells reduced (rarely absent), extending to one-fifth the height of the lamina; mid-leaf laminal cells short-rectangular"	"Breutelia sp. A"
4	"Mid-leaf laminal cells regular, linear, porose, thick-walled; costa to 40 µm wide at the base"	"Breutelia elongata"
4	"Mid-leaf laminal cells irregular, isodiametric to linear, ±porose, not as thick-walled; costa usually more than 40 µm wide at the base"	"Breutelia pendula"
