from	statement	to
1	"Most stem and branch leaves abruptly cuspidate or long-acuminate to filiform, with an expanded and involute leaf base"	"Warburgiella leptorhynchoides"
1	"Stem and branch leaves gradually, but not abruptly long-acuminate, lacking an expanded involute leaf base"	2
2	"Leaves strongly falcate due to the long, slender and curved apices; perichaetial leaves with an abruptly long-cuspidate and strongly serrate apex; capsules horizontal or pendulous; spores 10–15 µm diameter."	"Warburgiella leucocytus"
2	"Leaves less markedly falcate, with acuminate and flexuose apices; perichaetial leaves with a gradually elongate apex that is only slightly serrulate; capsules erect; spores 15–30 µm diameter"	"Warburgiella macrospora"
