from	statement	to
1	"Laminal cells papillose"	2
1	"Laminal cells smooth"	3
2	"Margins of hyaline point regularly toothed, the teeth at sharp angles to the margin; stems subpinnately branched, with short (c. 5 mm long) widely spaced branches"	"Racomitrium pruinosum"
2	"Margins of hyaline point irregularly toothed, with blunt teeth at various angles to the margin; stems subpinnately branched, with closely spaced branches of varying length"	"Racomitrium lanuginosum"
3	"Leaves plicate, with 2 pleats on either side of the costa, always lacking a hyaline point"	"Racomitrium ptychophyllum"
3	"Leaves weakly plicate and with a single pleat on one side of the costa to ±smooth, with or without a hyaline point"	4
4	"Leaves 1.8-2.5 mm long, with a short hyaline point; upper margin double-layered; lamina unistratose; perichaetial leaves weakly differentiated, c. as long as to slightly longer than vegetative leaves, with a short hyaline point; capsules c. 1 mm long"	"Racomitrium sudeticum"
4	"Leaves 2.0–3.4 mm, with a short or long concolorous or hyaline point; upper lamina and margin usually single-layered, occasionally the lamina partly double-layered; perichaetial leaves strongly differentiated, shorter than vegetative leaves and with a blunt to broadly obtuse apex; capsules 2–3 mm long"	"Racomitrium crispulum"
