from	statement	to
1	"Plants slender and sparsely foliate; leaves lanceolate or lanceolate-linear, < 0.5 mm wide"	2
1	"Plants robust and densely foliate; leaves broadly ovate to oblong-lanceolate, acute to long-acuminate, > 0.5 mm wide"	3
2	"Plants with numerous erect slender penicillate branchlets; branch tips and branches lacking rhizoidal gemmae; setae on primary stems"	"Acroporium lamprophyllum var. percaudatum"
2	"Plants lacking erect slender branchlets; clusters of rhizoidal gemmae produced on branched and branch tips; setae on secondary stems or branches"	"Acroporium microcladon var. rhizogemmae"
3	"Leaves broadly ovate to ovate-lanceolate, acute to short-acuminate"	"Acroporium stramineum"
3	"Leaves oblong-lanceolate to lanceolate, short- to long-acuminate"	"Acroporium strepsiphyllum"
