from	statement	to
1	"Shoots isophyllous or subisophyllous. Leaves obscurely bilobed or unlobed"	2
1	"Shoots anisophyllous. Leaves bilobed, sometimes lobing indistinct (as in <i>A. exiguum</i>)"	3
2	"Shoots creeping over substrate, isophyllous, leaves and underleaves unlobed and symmetric, plants epiphytic or lithophytic"	"Acromastigum cavifolium"
2	"Shoots erect, subisophyllous, leaves and underleaves obscurely bilobed and asymmetric, plants terrestrial, typically in wet sites"	"Acromastigum verticale"
3	"Plants tiny, orange-green to golden shoots c. 0.3 mm wide, leaves inconspicuous, imbricate and appressed to stem. Stem relatively large, c. 1⁄3 the shoot width. Underleaves unlobed to obscurely trilobed with lobes up to two cells high and two or three cells wide at base"	"Acromastigum tenax"
3	"Plants larger generally 0.5–1.9 mm wide though sometimes more, pale green, mid-green, yellow green, glaucous, or golden brown to brown often with a black pigmented stem, leaves conspicuous, remote to imbricate, widely spreading to appressed. Stem not so relatively large, usually less than a quarter of the shoot width. Underleaves distinctly or obscurely trilobed (as in <i>A. furcatifolium</i> and <i>A. interstisiale</i>), lobes more than two cells high and two or more cells wide at base"	4
4	"Plants brown pigmented. Stems brown or black. Branching infrequent and pseudodichotomous or not in which case the parent shoot is initially outwardly displaced by the branch but recovers its original trajectory. Antical leaf-lobe shorter than postical"	5
4	"Plants yellow or green pigmentated (brownish in older shoot sectors of <i>A. echinatiforme</i> but stems yellow in this species). Stems yellow green or green, not brown pigmented or black. Branching frequent and pseudodichotomous. Antical leaf lobe more or less equal in length to postical (though shorter in <i>A. exiguum</i> and <i>A. prismaticale</i>)"	8
5	"Leaves obliquely spreading. Postical half of insertion almost transverse. Leaves imbricate, closely set and overlapping. Mature stem sectors black"	"Acromastigum mooreanum"
5	"Leaves laterally spreading. Postical half of insertion longitudinal. Leaves contiguous to imbricate, but not close set and overlapping. Mature stem sectors dark brown"	6
6	"Cell walls in vitta with trigones consistently bulging, separation between vitta and adjacent smaller cells sharp. Leaf disc 5–8 tiers of cells high to sinus apex (along vitta). Ornamentation on leaf surface (viewed with light microscope) of dense but indistinct papillae"	"Acromastigum interstisiale"
6	"Cell walls in vitta with trigones bulging or not, vitta and adjacent smaller cells not sharply differentiated. Leaf disc 6–10 tiers of cells high to sinus apex (along vitta). Ornamentation on leaf surface (viewed with light microscope) indistinct, or if distinct (as in A. furcatifolium) the leaf-lobes widely spreading"	7
7	"Shoots to 0.7 mm wide. Leaf lobes widely divergent, sinus gaping. Leaf disc 6–8 tiers of cells high to sinus apex"	"Acromastigum furcatifolium"
7	"Shoots to 2.0 mm wide. Leaf lobes spreading or convergent, not widely divergent. Leaf disc 9–10 tiers of cells high to sinus apex"	"Acromastigum fumosum"
8	"Leaves ovate, postical margin with continuously curved outline, weakly bifid or entire"	"Acromastigum exiguum"
8	"Leaves quadrate to rectangular, postical margin straight or irregular, bifid"	9
9	"Underleaf width equal to or less than stem; plants with or without a distinct vitta; south eastern rainforests in New South Wales, and Victoria; and Tasmania and New Zealand"	10
9	"Underleaves wider than stem; plants without a distinct vitta; Wet Tropics Bioregion rainforests,Queensland"	12
10	"Vitta distinct, extending into ventral leaf lobe"	"Acromastigum prismaticale"
10	"Vitta indistinct or absent, not extending into the ventral leaf lobe"	11
11	"Shoots up to 1.8 mm in width. Stems typically with more than seven rows of cortical cells"	"Acromastigum colensoanum"
11	"Shoots typically 0.7 mm in width. Stems with seven rows of cortical cells"	"Acromastigum divaricatum"
12	"Underleaves 3–4 times wider than stem, underleaf lobes spreading, apex emarginate. Leaf cells mamillose, cell walls with conspicuous bulging trigones. Leaves anisolobus, the postical lobe larger and curved, the antical lobe triangular"	"Acromastigum carcinum"
12	"Underleaves 1.0–1.5 times wider than stem, underleaf lobes convergent to parallel, apex truncate. Leaf cells not mamillose, cell walls continuously and evenly thickened. Leaves subisolobous, both lobes narrowly triangular"	"Acromastigum implexum"
