from	statement	to
1	"Basal laminal cells usually with nodose, sometimes porose walls; stomata superficial"	2
1	"Basal laminal cells usually with smooth walls; stomata immersed"	4
2	"Exostome erect to spreading when dry, roughly papillose; endostome often absent; leaves sometimes bistratose above; usually on rock"	"Orthotrichum rupestre"
2	"Exostome reflexed or recurved when dry, moderately papillose; endostome segments 8, well developed; leaves unistratose; usually epiphytic"	3
3	"Endostome segments usually 2 rows of cells, with compound papillae; setae long, distinct; capsules exserted"	"Orthotrichum tasmanicum"
3	"Endostome segments usually 1 row of cells, with papillae usually fusing into lines; setae short, indistinct; capsules emergent to short-exserted"	"Orthotrichum hortense"
4	"Exostome teeth erect to spreading when dry; endostome usually absent or of small segments; capsules erect when dry; on calcareous rock"	"Orthotrichum cupulatum"
4	"Exostome teeth recurved when dry; endostome well developed; capsules often recurved when dry; usually epiphytic"	"Orthotrichum assimile"
