from	statement	to
1	"Gemmae in globose tufts at apices of stems and branches; costa short and single"	"Tetraphidopsis:Tetraphidopsis pusilla"
1	"Gemmae in leaf axils or absent; costa absent or short and double"	2
2	"Leaves squarrose, rugose"	"Ptychomnion:Ptychomnion aciculare"
2	"Leaves terete-foliate to complanate, smooth or plicate"	3
3	"Laminal cells thick-walled, conspiciously pitted; paraphyllia present; gemmae clavate"	"Glyphothecium:Glyphothecium sciuroides"
3	"Laminal cells thin-walled, not pitted; paraphyllia absent; gemmae long and filiform"	Hampeella
