from	statement	to
1	"Laminal areolation homogeneous; cells elongate-rhomboidal to linear (> 6: 1) throughout leaf except at insertion; sporophytes sometimes appearing lateral"	2
1	"Laminal areolation heterogeneous; cells in lower third of leaf either longer and regularly rectangular, or abruptly shorter, becoming short-rectangular (2: 1) or quadrate and sometimes wider; sporophytes always appearing terminal"	3
2	"Leaves often complanate on stem, with a distinct smooth border of narrow elongate thick-walled cells"	Ochiobryum
2	"Leaves not complanate, unbordered"	Plagiobryum
3	"Stems gemmiform to julaceous; upper and median laminal cells elongate-rhomboidal to vermicular; cells becoming abruptly quadrate or, rarely, short-rectangular (2: 1) and broader in lower third, with transition often abrupt; leaves never obovate or spathulate with serrulate margins"	4
3	"Stems rarely gemmiform, never julaceous; upper and median laminal cells rhomboidal, becoming gradually regularly rectangular and longer below, sometimes narrower than cells above; leaves sometimes obovate or spathulate with serrulate margins"	5
4	"Plants strongly julaceous, small, less than 10 mm long; leaves < 1 mm long; costa weak, usually ending below apex or percurrent; cross-section of costa with a single layer of large thin-walled ventral cells; upper lamina and apiculus (if present) markedly hyaline; asexual reproduction by axillary leaf bulbils; dioicous"	Bryum
4	"Plants small to large, with imbricate or shrunken and contorted leaves, or occasionally julaceous with imbricate leaves and often more than 10 mm long; stems bud-like; leaves mostly > 1 mm long; costa strong, in cross-section with 2 layers of large thin-walled dorsal cells; upper lamina and hairpoint coloured, rarely hyaline; asexual reproduction by rhizoidal tubers, stem tubers and axillary leaf bulbils; dioicous or synoicous"	Gemmabryum
5	"Plants epiphytic; leaves reddish, obovate with serrulate margins; capsules erect, long-necked, globose to pyriform"	Brachymenium
5	"Plants on decaying wood or other substrata, rarely epiphytic; leaves variously coloured, obovate, spathulate or lanceolate to ovate; margins ±smooth to serrate; capsules inclined to nutant, cylindrical to ovate, not erect or long-necked"	6
6	"Leaves ovate to ovate-lanceolate, usually < 3.5 mm long and with a group of inflated coloured cells at the insertion; margin smooth to weakly serrulate near apex; filiform gemmae absent"	Ptychostomum
6	"Leaves mostly obovate to spathulate, small to large (> 4 mm long); margin usually distinctly serrulate or serrate, rarely almost entire; inflated coloured cells absent; rhizoidal tubers often present; filamentous gemmae sometimes present in leaf axils"	7
7	"Plants large, with underground stolons; leaves often > 5 mm long, equidistant along stem; costa in cross-section with stereid band absent or greatly reduced; asexual reproductive structures absent"	Rhodobryum
7	"Plants small to large; stolons absent; leaves mostly < 4 mm long, usually forming distinct terminal rosettes; costa with a well-developed stereid band (cross-section); filiform leaf axil gemmae and rhizoidal tubers often present"	Rosulabryum
