from	statement	to
1	"Leaf bases rounded to auriculate, slightly decurrent; stem with a central strand"	2
1	"Leaf bases slightly narrowed, not decurrent; stem lacking a central strand"	3
2	"Leaf bases auriculate; costa with 1 layer of leucocysts adaxially as well as abaxially throughout (occasionally with some adaxial leucocysts doubled at the base)"	"Leucobryum sanctum"
2	"Leaf bases rounded; costa adaxially with 2 or 3 layers of leucocysts at the base and a single more distal layer, abaxially with 2 or 3 layers at the base, at least partly bi-layered to the apex"	"Leucobryum wattsii"
3	"Costa abaxially undulate in the upper part of the leaf, toothed at the apex only; basal superficial abaxial leucocysts not differentiated from those higher up, rectangular, gradually shorter or mixed with a few isodiametric cells"	"Leucobryum candidum"
3	"Costa abaxially undulate and spinose-prorate in the upper part of the leaf; basal superficial abaxial leucocysts differentiated, irregularly quadrate or with rows of isodiametric cells irregularly mixed with rows of rectangular cells"	4
4	"Leaves in c. 5 ranks, erecto-patent to falcate-secund throughout the stem"	"Leucobryum aduncum var. aduncum"
4	"Leaves spirally arranged, those at the stem apices curved inwards, forming a point"	"Leucobryum aduncum var. scalare"
