from	statement	to
1	"Upper laminal cells papillose"	2
1	"Upper laminal cells smooth"	3
2	"Isodiametric upper laminal cells descending along the costa"	Leucoloma
2	"Isodiametric upper laminal cells descending along the leaf margin"	Sclerodontium
3	"Costa lacking"	Eucamptodon
3	"Costa subpercurrent"	4
4	"Rhizoid-producing nematogens present in the leaf lamina; peristome teeth dimorphic; teeth on one side of the orifice conspicuously longer than those on the other side; spores multicellular"	Dicnemon
4	"Nematogens absent from the leaf lamina; peristome teeth uniform; spores unicellular"	5
5	"Leaf tips curled up when dry"	Holomitrium
5	"Leaves not much altered when dry"	6
6	"Leaf border not differentiated; alar patches at least partly 2-layered"	Dicranum
6	"Leaves with a border of linear hyaline cells with very narrow lumina"	7
7	"Capsules cylindrical, straight to curved; peristome teeth asymmetrically bifid, vertically to obliquely striate in the basal part, mostly with cross connections between striae on the outer side"	Dicranoloma
7	"Capsules ovoid, straight; peristome teeth very fragile, entire or irregularly fenestrate or split, mostly with pieces broken off, papillose outside"	Holomitrium
