from	statement	to	shortcut
1	"Laminal cells seriately papillose over the lumina"	Radulina	
1	"Laminal cells smooth, prorulose or unipapillose"	2	
2	"Peristome single, persistent or fragile and lost at maturity"	3	
2	"Peristome double, persistent"	4	
3	"Peristome persistent; laminal cells smooth; inner perichaetial leaves entire"	Meiothecium	
3	"Peristome fragile, often absent in mature capsules; laminal cells unipapillose; inner perichaetial leaves serrate to serrulate"	Meiotheciella	
4	"Endostome segments erect when dry, 4–5 times longer than exostome teeth"	Macrohymenium	
4	"Endostome segments incurved when dry; not more than twice as long as exostome teeth"	5	
5	"Leaves strongly flexuose, falcate or falcate-secund when dry; laminal cells elongate-linear in the upper third of the leaf"	6	
5	"Leaves appressed to erect-spreading, at most slightly flexuose, not falcate-secund when dry; laminal cells in the upper third of the leaf rhomboidal or short-oblong."	7	
6	"Leaves abruptly acuminate-setaceous; upper leaf margins strongly serrate; alar cells enlarged, moderately thick-walled; exothecial cells semicollenchymatous, their longitudinal walls thickened"	Warburgiella	
6	"Leaves gradually acuminate; upper leaf margins entire or distantly serrulate; alar cells greatly enlarged, thin-walled; exothecial cells strongly collenchymatous"	Rhaphidorrhynchium	"Rhaphidorrhynchium amoenum"
7	"Laminal cells smooth, or with upper cells prorulose, rarely unipapillose"	8	
7	"Laminal cells unipapillose"	9	
8	"Leaves tubulose or strongly concave; laminal cells smooth or with a single papilla on upper cells; cell walls incrassate, pitted; alar region with outer basal alar cells curved inward, much larger than other alar cells"	Acroporium	
8	"Leaves never tubulose, only slightly to moderately concave; laminal cells smooth, lacking papillae, thin to thick-walled, but never incrassate or pitted; alar region with straight (not curved) outer alar cells only slightly larger than other alars"	Sematophyllum	
9	"Laminal cells unipapillose in both vegetative and perichaetial leaves; alar cells inflated and thin-walled"	Trichosteleum	
9	"Laminal cells unipapillose in vegetative leaves only; alar cells inflated and thick-walled"	10	
10	"Leaves ovate-lanceolate, acuminate; operculum short-conical"	Acanthorrhynchium	
10	"Leaves ovate, acute; operculum long-rostrate"	Papillidiopsis	
