from	statement	to
1	"Plants unbranched or irregularly branched; cells in the acumen of the leaves ±isodiametric; leaf border at least partly pluristratose; epiphytic mosses"	2
1	"Plants forming pinnate, palmate or umbellate fronds on a distict stipe; leaf cells elongate to linear; leaf border unistratose, indistinct; mosses growing terrestrial or on rocks, logs and tree bases"	3
2	"Leaves to 12 mm long; stems to 35 cm long; capsules almost sessile"	Spiridens
2	"Leaves to 6 mm long; stems to 10 cm long; seta c. 10–20 mm long"	Bescherellia
3	"Stipe tomentose at the base only; stipe leaves appressed or spreading when moist"	Hypnodendron
3	"Stipe completely tomentose; stipe leaves widely spreading to squarrose-recurved when moist"	Mniodendron
