from	statement	to
1	"Stipe leaves patent and distant; operculum rostrate (sect. Thamniella)"	2
1	"Stipe leaves appressed and overlapping; operculum blunt or apiculate (sect. Camptochaete)"	3
2	"Frond axes and branches terete-foliate and turgid; leaves broadly ovate to suborbicular; leaf apices abruptly mucronate"	"Camptochaete excavata"
2	"Frond axes and branches complanate; leaves oblong, contracted to a short, acute often recurved apex"	"Camptochaete curvata"
3	"Frond axes and branches subdistichous; leaf apices recurved"	"Camptochaete leichhardtii"
3	"Frond axes and branches complanate to terete-foliate, occasionally turgid; leaf apices straight"	4
4	"Plants paler, light green to yellowish green; leaves collapsed-wrinkled when dry, strongly concave and cochleariform, broadly ovate to suborbicular, obtuse or with a short point"	"Camptochaete arbuscula"
4	"Plants darker, green or brownish green; leaves not markedly altered when dry (then occasionally striate-wrinkled), moderately concave, ovate to broadly ovate, acute to acuminate"	"Camptochaete deflexa"
