from	statement	to
1	"Cells of limb ±transversely elongate; leaves narrowly linear"	2
1	"Cells of limb ±isodiametric; leaf shape various but not narrowly linear"	3
2	"Cells of cancellinae sharply demarcated distally from adjacent cells of limb; median and distal cells of axillary hairs c. 4 or more times longer than wide"	"Calymperes lonchophyllum"
2	"Cells of cancellinae gradually merging distally with cells of limb; median and distal cells of axillary hairs mostly less than 2 times longer than wide"	"Calymperes serratum"
3	"Teniolae lacking"	4
3	"Teniolae present (sometimes weak, obscure, ±hidden by papillae, or ±lacking in some leaves)"	6
4	"Costa shortly excurrent in gemmiferous leaves and bearing gemmae all around its tip in conspicuous pale spherical clusters"	"Calymperes tenerum"
4	"Costa at most only percurrent in gemmiferous leaves, bearing gemmae only on the adaxial surface at its tip"	5
5	"Vegetative leaves mostly lingulate; gemmiferous leaves mostly constricted only at the apex; apex with its tuft of gemmae often folded down onto the adaxial surface of the leaf when dry"	"Calymperes motleyi"
5	"Vegetative leaves mostly broadly oblong-linear to lanceolate; gemmiferous leaves mostly ±narrowed throughout, often strongly so, their tips erect or flexuous but never folded down adaxially"	"Calymperes graeffeanum"
6	"Leaf margins grossly tuberculate; leaves narrowly long-acuminate; teniolae obscured by tuberculosities; cancellinae narrowly scalariform"	"Calymperes strictifolium"
6	"Leaf margins entire or variously toothed or roughened but not tuberculate; leaf shape various; teniolae distinct (occasionally weakly developed or lacking in some leaves); cancellinae scalariform or rounded"	7
7	"Leaves strongly dimorphic; gemmiferous ones stiffly erect and consisting essentially of the narrowly winged costa, lacking saucer-shaped gemma receptacles at their tips"	8
7	"Leaves mostly monomorphic or only somewhat dimorphic; gemmiferous ones mostly differentiated only at their tips or narrowed throughout but clearly laminate and similar to vegetative leaves; saucer-shaped gemma receptacles present or absent (if strongly differentiated throughout, then gemmiferous leaves flexuous, not stiffly erect, clearly bearing gemmae only on adaxial surface at apex – C. moluccense p.p.)"	10
8	"Plants robust; leaves patent, their margins coarsely toothed above; teeth in a single row"	"Calymperes porrectum"
8	"Plants small; leaves erect to spreading, their margins entire above or only inconspicuously toothed"	9
9	"Cancellinae scalariform distally, ascending higher along costa than along leaf margins; at least some leaves with delicate elongate, often projecting marginal hyaline cells along mid-leaf or below"	"Calymperes subintegrum"
9	"Cancellinae rounded distally; elongate projecting hyaline cells lacking on margins"	"Calymperes couguiense"
10	"Adaxial distal cells of cancellinae (at least some of them) distinctly mammillose, the mammillae pointing toward the leaf tip; gemmae borne all around the excurrent tip of the costa"	"Calymperes erosum"
10	"Adaxial distal cells of cancellinae plane; gemmae borne only on adaxial surface of the leaf tip"	11
11	"Gemmae borne in a distinct receptacle"	12
11	"Gemmae not in distinct receptacles"	13
12	"Leaves crispate when dry; gemmiferous leaves typically tightly uncinate at the tips when dry; gemma receptacles folded down onto the adaxial surfaces of leaves"	"Calymperes crassinerve"
12	"Leaves variously contorted but never crispate; tips of gemmiferous leaves straight or flexuous when dry but never folded down onto the adaxial surfaces of leaves"	"Calymperes moluccense"
13	"Plants robust, coarse; leaves often coarsely toothed above; cancellinae rounded above, often with files of hyaline cells interlocking among adjacent green cells of limb"	"Calymperes taitense"
13	"Plants small to medium-sized, scarcely coarse; leaves entire or only weakly toothed; cancellinae scalariform"	"Calymperes afzelii"
