from	statement	to
1	"Caducous flagelliform branchlets in leaf axils on branches"	Isocladiella
1	"Caducous flagelliform branchlets lacking or present only at the apices of branches"	2
2	"Secondary and tertiary branches often profusely developed and attenuate; laminal cells pluripapillose over lumina and lateral walls"	Wijkia
2	"Secondary and tertiary branches sparingly developed, short or long but not attenuate; laminal cells smooth, unipapillose or uniseriately papillose over lumina only"	3
3	"Leaves tristichous or spirally ranked; filamentous gemmae abundant on some branches; alar cells pigmented, thick-walled, in 1 row; laminal cells smooth or weakly unipapillose"	Clastobryum
3	"Leaves in various arrangements but not distinctly ranked; filamentous gemmae absent or rare; alar cells weakly or clearly defined; laminal cells smooth or uniseriately papillose over the lumina"	4
4	"Laminal cells uniseriately papillose over the lumina; leaves usually strongly complanate"	Taxithelium
4	"Laminal cells smooth; leaves not strongly complanate"	5
5	"Leaf margins irregularly and strongly toothed"	Trismegistia
5	"Leaf margins entire"	Isopterygium
