from	statement	to
1	"Distal and median laminal cells smooth; plants robust; distal laminal margins coarsely dentate"	Herpetineuron
1	"Distal and median laminal cells strongly pluripapillose; plants small and slender to medium-sized; distal laminal margins smooth to serrate"	2
2	"Costa reaching to 1/2–3/4 of the lamina; leaves lingulate, not decurrent, appressed when dry; apex broadly acute, not hyaline-tipped; apical cells short; plants somewhat complanate"	Haplohymenium
2	"Costa strong, percurrent; leaves ovate-lanceolate, decurrent, spirally twisted around the stem when dry; apex slender, long-acuminate, hyaline, ending in an elongate apical cell; plants not complanate"	Anomodon
