from	statement	to
1	"Leaves of sterile shoots broadest above mid-leaf, 2–2.5 times longer than wide, vaginant laminae c. 90% or more of leaf length; limbidium generally absent; peristome teeth split, with two spirally thickened arms"	"Fissidens taylorii var. gillianus"
1	"Leaves of sterile shoots usually broadest at or below mid-leaf, 3–4.5 times longer than wide; vaginant laminae c. 75% of leaf length; limbidium present or absent; peristome teeth entire or split"	2
2	"Peristome teeth entire, rimose or occasionally weakly split, papillose, ±erect whether dry or moist; leaves of sterile shoots subobtuse-apiculate to acute; costa usually percurrent"	"Fissidens taylorii var. sainsburyanus"
2	"Peristome teeth forked, the arms spirally ornamented, recurved when dry, strongly incurved when moist; leaves of sterile shoots obtuse, subobtuse or acute; costa subpercurrent to short excurrent"	3
3	"Sterile shoots 2–4 mm tall; leaves 0.30–0.85 mm long; apex obtuse, subobtuse-apiculate to acute; perigonia occasionally separate, often single and axillary at the base of sterile or perichaetial shoots, or numerous and axillary, the leaves then short, obtuse or obtuse-apiculate"	"Fissidens taylorii var. taylorii"
3	"Sterile shoots 5–10 mm tall; leaves 0.5–1.0 mm long; apex acute; perigonia numerous in leaf axils; female shoots 1 or more, axillary near the base"	"Fissidens taylorii var. epiphytus"
