from	statement	to
1	"Adaxial lamellae absent or fewer than 5, restricted to the costa"	"Atrichum androgynum"
1	"Adaxial lamellae numerous, more than 25, covering almost the entire lamina"	2
2	"Apical cells of adaxial lamellae with distinct papillae"	3
2	"Apical cells of adaxial lamellae ±smooth or very slightly papillose to granulose"	4
3	"Plants small; stems less than 2 cm tall; leaves short, with a triangular lamina and entire or slightly denticulate margins"	"Notoligotrichum australe"
3	"Plants rather large; stems often more than 2 cm tall; leaves rather long, with a linear-lanceolate lamina and distinctly serrate margins"	"Polytrichastrum alpinum"
4	"Margin of lamina widened, partly covering the adaxial lamellae"	"Polytrichum juniperinum"
4	"Margin of lamina upcurved or flat, never covering the adaxial lamellae"	5
5	"Apical cells of at least the central adaxial lamellae retuse (cross-section)"	6
5	"Apical cells of the adaxial lamellae rounded or bottle-shaped"	7
6	"Lamellae distinctly crenate by the upper margin (side view); leaf margin serrate with multicellular teeth; lamina erect-spreading to slightly squarrose when moist"	"Pogonatum neesii"
6	"Lamellae straight or only slightly crenate by the upper margin (side view); leaf margin serrate with unicellular teeth; lamina distinctly squarrose when moist"	"Polytrichum commune"
7	"Lamellae very irregularly crenate by the upper margin (side view)"	"Pogonatum tubulosum"
7	"Lamellae regularly crenate or straight"	8
8	"Apical cells of adaxial lamellae with a distinctly thickened outer wall"	9
8	"Apical cells of adaxial lamellae with an outer wall as thin as other walls or only slightly thicker"	10
9	"Adaxial lamellae 4–5 (–6) cells high; dorsal laminal cells short-rectangular (1.4–2.5: 1)"	"Dawsonia longiseta"
9	"Adaxial lamellae 5–9 cells high; dorsal laminal cells (sub)quadrate"	"Polytrichadelphus magellanicus"
10	"Stems with a dawsonioid central strand (hydroids and sclerenchyma)"	"Dawsonia superba var. pulchra"
10	"Stems with a polytrichoid central strand (solid hydrome cylinder)"	11
11	"Adaxial lamellae ±straight to evenly rounded-crenate by the upper margin (side view)"	12
11	"Adaxial lamellae unevenly (obliquely) crenate by the upper margin (side view)"	13
12	"Unistratose leaf margin 5–13 cells wide, entire or only slightly denticulate apically; adaxial lamellae crenate by the upper margin (side view), with sparsely papillose apical cells"	"Notoligotrichum crispulum"
12	"Unistratose leaf margin 2–6 cells wide, regularly serrate; adaxial lamellae indistinctly crenate or straight by the upper margin (side view), with smooth apical cells"	"Pogonatum subulatum"
13	"Unistratose leaf margin 1 or 2 cells wide; leaves crowded, to 15 mm long"	"Dawsonia polytrichoides"
13	"Unistratose leaf margin 3–10 cells wide; leaves rather remote, to 12 mm long"	"Polytrichastrum formosum"
