from	statement	to
1	"Plants very small; laminal cells smooth"	"Philonotis australiensis"
1	"Plants usually larger; laminal cells papillose"	2
2	"Laminal cells with a large central papilla; plants white to glaucous green"	"Philonotis scabrifolia"
2	"Laminal cells papillose from projecting cell ends; plants usually yellow-green"	3
3	"Costa failing below apex"	4
3	"Costa percurrent to excurrent"	5
4	"Leaves lanceolate; apex acute"	"Philonotis hastata"
4	"Leaves linear-lanceolate; apex broadly acuminate"	"Philonotis pallida"
5	"Leaves narrowly triangular-lanceolate; costa long-excurrent"	"Philonotis slateri"
5	"Leaves triangular-lanceolate to ovate-lanceolate; costa percurrent to excurrent"	6
6	"Leaf margin recurved; apex acute to acuminate"	"Philonotis tenuis"
6	"Leaf margin plane; apex acute"	"Philonotis pyriformis"
