from	statement	to
1	"Stem and branch leaves falcate-secund to almost circinate, plicate"	"Brachythecium paradoxum"
1	"Stem and branch leaves straight or at most slightly homomallous; if strongly homomallous then not plicate"	2
2	"Stem leaves ±imbricate when wet and dry, plicate; alar cells in large distinct ovate or elongate-ovate groups that extend far up (10–15% of leaf length) along leaf margin"	"Brachythecium albicans"
2	"Stem leaves erecto-patent to almost spreading, at least when wet, plicate or smooth; alar cells not extending far up along leaf margin"	3
3	"Median laminal cells of stem leaves 5.0–8.5 µm wide; alar cells short- to elongate-rectangular; upper cells occasionally quadrate, incrassate or slightly so, in a large transversely triangular group, reaching from the margin almost to the costa; leaves not plicate."	"Brachythecium plumosum"
3	"Median laminal cells of stem leaves 7.5–14.5 µm wide; alar cells short- to elongate-rectangular, occasionally linear, thin-walled or slightly incrassate, in groups from c. 10 indistinctly differentiated cells to a large diffuse or well-delimited transversely triangular group, extending from leaf margin c. 15–80% to the leaf middle at insertion; leaves plicate or not"	4
4	"Plants large; stem leaf costa 84.0–117.5 µm wide, usually single, forked in some leaves"	"Brachythecium latinervium"
4	"Plants medium-sized or large; stem leaf costa 48.5–88.0 µm wide, single"	5
5	"Stem leaf margins entire or slightly sinuous, occasionally finely and obtusely denticulate (only near the apex)"	"Brachythecium mildeanum"
5	"Stem leaf margins finely denticulate to denticulate, at least in the upper half of the leaf"	6
6	"Stem leaves ovate, narrowly ovate or triangular-ovate, gradually narrowed to a long-acuminate apex, plicate; alar cells oblate, quadrate or rectangular, not inflated, regular, in distinct rounded-square, ovate or broadly ovate groups"	"Brachythecium salebrosum"
6	"Stem leaves ovate, broadly ovate, triangular, cordate or broadly cordate, gradually or abruptly narrowed to an acuminate apex, plicate or not; alar cells short-rectangular to linear, slightly or strongly inflated, in group varying from c. 10 indistinctly differentiated cells to a diffuse or well-delimited transversely triangular group"	7
7	"Alar cells of stem leaves indistinctly differentiated, slightly inflated and often paler than the surrounding cells (occasionally almost hyaline); alar group varying from c. 10 indistinctly differentiated cells to a diffusely delimited ovate or transversely triangular group reaching 25–50% of the distance from the leaf margin to the leaf centre at insertion"	"Brachythecium rutabulum"
7	"Alar cells of stem leaves strongly inflated and hyaline, forming a sharply delimited triangular group that reaches from the leaf margin 40–80% of the distance to the costa."	"Brachythecium rivulare"
