from	statement	to
1	"Perichaetia pseudolateral (terminal on short branches)"	2
1	"Perichaetia terminal on elongate branches"	3
2	"Associated with aquatic habitats; corners of leaf cells elevated; alar cells somewhat enlarged, hyaline or slightly pigmented"	Dendrocryphaea
2	"Usually not associated with aquatic habitats; corners of leaf cells not elevated; alar cells indistinct"	Cryphaea
3	"Associated with aquatic habitats, epiphytic or epilithic; stems (sub)pinnately branched; branches mostly patent; costa ceasing near the leaf apex; peristome double; operculum flat-rostrate"	Cyptodon
3	"Not associated with aquatic habitats, epiphytic; stems irregularly branched; branches mostly erect or erect-patent; costa ceasing at c. two-thirds of the leaf length; peristome single (endostome absent); operculum conical"	Schoenobryum
