from	statement	to
1	"Leaves dimorphic, in 4 rows, the leaves in the 2 dorsolateral rows larger; plants complanate"	2
1	"Leaves uniform, densely arranged around the stem; plants terete-foliate or sometimes loosely complanate"	4
2	"Dorsal leaves obliquely ovate; apex acute or with a hyaline apiculus; ventral leaves slightly smaller, more symmetrical; apex acuminate, sometimes with a clear apical cell"	"Erpodium glaucum"
2	"Dorsal leaves orbicular; apex rounded; ventral leaves smaller and narrower"	3
3	"Papillae on laminal cells of dorsal leaves distinctly compound, hollow, large, often C- to O-shaped; on ventral leaves different, mostly simpler, solid, smaller; peristome well developed; calyptra mitrate, plicate"	"Erpodium solmsiellaceum"
3	"Papillae on laminal cells similar on dorsal and ventral leaves, mostly solid, simple, some bifid or trifid; peristome absent; calyptra cucullate, not plicate"	"Erpodium biseriatum"
4	"Laminal cells pluripapillose"	"Erpodium beccarii"
4	"Laminal cells smooth (distal cells occasionally with a single weak mammilla on abaxial surface)"	5
5	"Mid-laminal cells mostly oblate; rhizoids usually white; calyptra short, just covering the operculum"	"Erpdodium coronatum var. australiense"
5	"Mid-laminal cells mostly rhomboidal, longer than wide; rhizoids pale brown; calyptra long, reaching beyond the base of the capsule"	"Erpodium hodgkinsoniae"
