from	statement	to
1	"Stem central strand absent"	"Dicranoloma braunii"
1	"Stem central strand present"	2
2	"Leaves transversely undulate along the costa at least when dry; upper lamina at least partly with a very irregular cell pattern"	"Dicranoloma platycaulon"
2	"Leaves smooth or plicate; cell pattern in upper lamina not very irregular"	3
3	"Upper laminal cells not pitted, isodiametric to oblong, always shorter than 50 µm, usually much shorter"	4
3	"Upper laminal cells pitted, elongate to linear; most cells, at least the longest ones, longer than 50 µm; if most cells shorter, then pitted"	8
4	"Leaf tips setaceous; upper half of the leaf almost entirely occupied by the costa; lamina in upper half of leaf consisting of 1 to a few cell rows"	5
4	"Leaves with a well-developed lamina throughout; costa not occupying more than half the leaf width in the upper part of the leaf"	7
5	"Costa comparatively weak, in cross-section with 5–8 guide cells and 1 or 2 layers of stereids on either side; epidermis not differentiated; leaf tips curled and twisted when dry"	"Dicranoloma diaphanoneuron"
5	"Costa wide, in cross-section with 9–15 guide cells and 2–4 layers of stereids on either side, at least abaxial epidermis differentiated; leaf tips mostly not much altered when dry"	6
6	"Margin in upper part of leaf serrulate; costa with a differentiated adaxial epidermis; leaves > 0.9 mm wide; seta less than 10 mm long; capsule cylindrical, curved, exserted up to only c. 5 mm from the plants; tips of stem leaves often reaching the capsules"	"Dicranoloma menziesii"
6	"Margin in upper part of leaf entire to crenulate, serrulate only at the apex; adaxial epidermis of costa not differentiated; leaves < 0.8 mm wide; setae more than 25 mm long; capsules exserted far from the plant, straight, narrowly ovoid"	"Holomitrium trichopodum"
7	"Leaf margin serrate in at least the upper half; border absent or narrow and consisting of up to 5 cell rows"	"Dicranoloma dicarpum"
7	"Leaf margin serrate in the upper fifth or less; border usually very well-developed, consisting of 6 or more (usually many more) cell rows"	"Dicranoloma leichhardtii"
8	"Leaf margin entire throughout, or with a few minute teeth at the extreme apex"	"Dicranoloma eucamptodontoides"
8	"Leaf margin serrulate to serrate in the upper part"	9
9	"Abaxial side of costa with scattered teeth or prorate cell ends in the upper part; plants glossy when fresh; sporogones solitary (unknown in D. daymannianum)"	10
9	"Abaxial side of costa with rows of teeth in the upper part; plants dull when fresh; sporogones mostly aggregated"	12
10	"Stem densely tomentose; rhizoidal gemmae often present"	"Dicranoloma daymannianum"
10	"Stem loosely tomentose or etomentose; gemmae absent"	11
11	"Costa with 2 (–3) guide cells; leaves 4.7–8.8 mm long, 0.9–1.7 mm wide; leaf apices generally twisted when dry; innermost perichaetial leaf with an obtuse to acute or emarginate apex or with a short cusp"	"Dicranoloma billarderii"
11	"Costa with (2–) 4–8 guide cells; leaves 6.4–24.0 mm long, 0.7–2.1 mm wide; leaf apices not or scarcely twisted; innermost perichaetial leaf with a hair-like acumen"	"Dicranoloma robustum"
12	"Leaf margin serrate, at least in the upper half; juxtacostal cells at c. one-third of the leaf length mostly clearly differentiated and shorter than the intramarginal cells; leaves distinctly plicate"	"Dicranoloma dicarpum"
12	"Leaf margin serrulate in the upper quarter or less; juxtacostal cells not differentia ted; leaves smooth or occasionally very slightly plicate"	13
13	"Leaves erecto-patent to patent; border consisting of 11–32 cell rows; NE Qld"	"Dicranoloma austroscoparium"
13	"Leaves falcate-secund; border consisting of 3–6 cell rows; SE Australia"	"Dicranoloma fasciatum"
