from	statement	to
1	"Plants to 6 cm tall; leaves ovate-lanceolate; lamina narrow at the leaf base (Sect. Leionotus)"	"Leucophanes candidum"
1	"Plants to 3 cm tall; leaves linear or linear-lanceolate; lamina broad at the leaf base (Sect. Tropinotus)"	2
2	"Pseudocosta smooth abaxially; leucocysts hexagonal or quadrate to short-rectangular, with straight walls"	"Leucophanes octoblepharioides"
2	"Pseudocosta ciliate-dentate abaxially near the apex, with apically directed teeth; leucocysts with undulate walls, especially near the apex."	"Leucophanes glaucum"
