from	statement	to
1	"Tips of at least some leaves tubular or funnel-shaped"	2
1	"Tips of leaves plane or with erect margins, or ±involute, but neither tubular nor funnel-shaped"	3
2	"Tips of at least some leaves funnel-shaped, lacking a coarsely mammillose tubular portion; leaf border very broad at the shoulders, mostly 100–150 µm wide"	"Mitthyridium constrictum"
2	"Tips of at least some leaves tubular, the tubular portion often coarsely mammillose; leaf border narrower at the shoulders, mostly 60–70 µm wide"	"Mitthyridium crassum"
3	"Leaves with conspicuously flaring shoulders"	4
3	"Leaves lacking conspicuously flaring shoulders (leaves  mostly broadest at the shoulders, but the latter not prominently expanded)"	5
4	"Leaves narrowly acuminate, mostly 2.0–2.5 mm long; plants ±glossy when dry, mostly slender; leaf tips very narrow with the costa appearing nearly excurrent, with narrow wings of lamina, commonly with conspicuous gemmae"	"Mitthyridium perundulatum"
4	"Leaves broadly pointed, mostly 3–4 mm long; plants dull, coarse; leaf tips broad; costa not appearing excurrent, lacking conspicuous gemmae"	"Mitthyridium fasciculatum"
5	"Plants small; leaves mostly tightly crispate when dry, oblong, mostly less than 2 mm long, sharply toothed at the shoulders and above with spreading teeth"	"Mitthyridium repens"
5	"Plants small to large; leaves variously contorted when dry but not crispate, lanceolate to linear, mostly more than 2 mm long, margins toothed or entire, if toothed the teeth not spreading"	6
6	"Leaves long relative to wide; limb of most leaves 2 or more times the length of the sheath"	7
6	"Leaves short relative to wide; limb of most leaves only c. 1.0–1.5 times the length of the sheath"	9
7	"Leaf margins entire (rarely weakly denticulate); limb ±involute"	"Mitthyridium leucoloma"
7	"Leaf margins regularly denticulate to serrate; limb plane"	8
8	"Limb oblong-acuminate, tapering abruptly distally into an acute apex; most leaves c. 0.5 mm wide at mid-limb"	"Mitthyridium papuanum"
8	"Limb long-acuminate, tapering gradually into an acute apex; most leaves c. 0.25 mm wide at mid-limb"	"Mitthyridium subluteum"
9	"Leaves narrowly acuminate"	"Mitthyridium perundulatum"
9	"Leaves oblong, with a short point"	"Mitthyridium flavum"
