from	statement	to
1	"Leaves lacking a border"	"Distichophyllum microcarpum"
1	"Leaves with a border of long narrow cells"	2
2	"Leaf border 1 row of cells wide near the apex"	"Distichophyllum mittenii"
2	"Leaf border (2–) 3 or 4 rows of cells wide near the apex"	3
3	"Leaf apices rounded, often with a small apiculus"	"Distichophyllum pulchellum"
3	"Leaf apices acute, with a short or long apiculus"	4
4	"Apiculus 150–400 µm long"	"Distichophyllum cuspidatus"
4	"Apiculus short or rudimentary, rarely 150 µm long"	5
5	"Leaves oblong-oval to oblanceolate, crisped; apices elongate, acute; margin usually entire, rarely weakly toothed"	"Distichophyllum crispulum"
5	"Leaves ovate-orbicular, generally twisted and curled; apices short, stoutly apiculate; margin usually toothed, rarely entire"	"Distichophyllum rotundifolium"
