from	statement	to
1	"Stem leaves appressed or weakly incurved when dry, ovate to ovate-lanceolate, weakly or not at all acuminate and muticous"	"Thuidium subglaucinum"
1	"Stem leaves flexuose and erect or patent when dry, ±triangular, contracted to a very narrowly acuminate apex, often piliferous"	2
2	"Median cells in leaves of ultimate branches pluripapillose"	"Thuidium laeviusculum"
2	"Median cells in leaves of ultimate branchlets unipapillose"	3
3	"Costa in leaves of ultimate branches abaxially with distal epidermal cells that are similar to the adjacent laminal cells; seta densely mamillose; calyptra narrowly campanulate or cucullate, scabrid"	"Thuidium plumulosum"
3	"Costa in leaves of ultimate branches abaxially with distal epidermal cells that are smooth or spinose-prorate and longer than the adjacent laminal cells; seta smooth; calyptra cucullate, smooth"	"Thuidium cymbifolium"
