from	statement	to
1	"Specimen collected north of 30°S"	2
1	"Specimen collected south of 30°S"	30
2	"Leaves distinctly glaucous, the cells obscured by the strongly verrucose leaf surface; cell walls darkly pigmented; vitta present but often obscured"	"Bazzania vittata"
2	"Leaves not glaucous, leaf surface not verrucose; cell walls not or weakly pigmented; vitta present or not"	3
3	"Vitta of strongly demarcated larger cells running longitudinally along ventral half of leaf in ventral half of leaf"	4
3	"Vitta not present (but cells may become gradually larger towards midline of leaf, forming a broad region of larger cells"	7
4	"Underleaf margins entire except for weak crenulations or lobes at apex"	"Bazzania amblyphylla"
4	"Underleaves with long, finger-like lobes"	5
5	"Leaves ± ovate with a strongly arched antical margin and straight postical margin; underleaves regularly 4-fid"	"Bazzania nitida"
5	"Leaves ± oblong, antical margin weakly arched, postical margin straight to convex; underleaves with at least 4 irregular lobes, usually more"	6
6	"Leaves strongly 3-fid with narrow acute lobes, margins armed with numerous accessory teeth; vitta several cells wide in much of its length"	"Bazzania zonulata"
6	"Leaves weakly 2-fid with wide blunt lobes, margins unarmed; vitta 1–2 cells wide"	"Bazzania subtilis"
7	"Underleaves with 6 or more finger-like lobes; leaf apices indistinctly 3-fid, the small lobes (really teeth) often turned to the ventral side of the leaf"	"Bazzania mittenii"
7	"Underleaves entire to lobed but lobes not more than 5 and not finger-like; apical lobes of leaves (if present) not turned to ventral side of leaf"	8
8	"Underleaves with all cells chlorophyllose"	9
8	"Underleaves with a small to very large region of hyaline cells"	21
9	"Leaves mostly or always 2-fid"	10
9	"Leaves mostly 3-fid (sometimes 2-fid or 4-fid), or lacking apical lobes"	13
10	"Underleaves with entire to weakly crenate margins"	11
10	"Underleaves distinctly lobed"	12
11	"Leaves ± triangular, < 1.3 mm long, strongly involute even when moist, cells with large bulging trigones; underleaves ± circular, apex usually very narrowly recurved"	"Bazzania wooroonooran"
11	"Leaves not triangular, > 1.3 mm, spreading widely when moist, cells with small trigones, not bulging; underleaves roundly quadrate, margins weakly crenate, apices not involute"	"Bazzania gamscottii"
12	"Leaves narrowly triangular, ventral margin straight to slightly concave, apices distinctly 2-fid; underleaves with 2 (occasionally 3) rounded lobes"	"Bazzania bilobata"
12	"Leaves not at all triangular, ventral margin convex (rarely straight), apices indistinctly 2-fid, often with an extra lobe or tooth; underleaves with 3 or more rounded lobes"	"Bazzania fallax"
13	"Leaf apices truncate, ± entire, lobes if present widely blunt and indistinct (south of tropic of capricorn)"	"Bazzania fasciculata"
13	"Leaf apices not truncate, not entire, lobes small to large but always quite distinct and acutely pointed"	14
14	"Underleaves auriculate, margins spinose or ciliate, especially in basal half"	"Bazzania caudistipula"
14	"Underleaves not auriculate, margins entire to lobed but never spinose or ciliate"	15
15	"Underleaves oblong, bifid, with each lobe usually further divided asymmetrically; leaves strongly secund and ± circinate, especially when dry"	"Bazzania uncigera"
15	"Underleaves not as above; leaves secund or not, but spreading when moist"	16
16	"Underleaves divided into 3 or more long toe-shaped lobes, the lobes often with an acute apex; cells of leaves with massive, bulging, often confluent trigones"	"Bazzania sauropoda"
16	"Underleaves entire to lobed but lobes never long and toe-like; cells of leaves with small to large trigones but not massive and bulging or confluent (except in B. javanica)"	17
17	"Underleaves ± circular to shortly oval, margins entire except sometimes for a small apical notch; cells of leaves with large, bulging trigones, sometimes confluent"	"Bazzania javanica"
17	"Underleaves ± roundly quadrate to cuneate, margins crenulate to weakly lobed; cells of leaves with small to medium trigones, never bulging or confluent"	18
18	"Underleaves ± cuneate, clearly wider than long with distinct triangular, acutely pointed lobes (but usually obscured by inrolling of apex); leaves never > 1.3 mm long"	"Bazzania parisii"
18	"Underleaves distinctly to ± quadrate, mostly, margins crenulate to weakly lobed; leaves often if not always > 1.3 mm long"	19
19	"Leaves > 1.5 mm long, underleaves ± quadrate, often with a horn-like lobe at one or both corners"	"Bazzania gedeana"
19	"Leaves < 1.5 mm long , underleaves roundly quadrate, never with a horn-like lobe at corner"	20
20	"Leaf apices with long, distinct lobes, ventral margin of leaf straight to slightly convex"	"Bazzania filiformis"
20	"Leaf apices with indistinct lobes, often reduced to one or two cells, ventral margin of leaf slightly to strongly concave"	"Bazzania densa"
21	"Hyaline area of underleaves limited to one or two rows of marginal cells, often absent on some underleaves; leaf cells with large to massive bulging trigones"	22
21	"Hyaline area of underleaves distinct, usually at least 2 rows wide; leaf cells with small to medium trigones (except in B. citharodes)"	23
22	"Leaves ovate, dorsal and ventral margins strongly convex, leaves almost as wide as long"	"Bazzania loricata"
22	"Leaves with ventral margin strongly concave, leaves clearly much longer than wide"	"Bazzania erosa"
23	"Leaves armed with numerous accessory teeth in distal half; underleaves wider than long, margins usually armed with acute, often spinose teeth"	24
23	"Leaf margins ± entire except for apical lobes; underleaves mostly as long as wide, often longer, margins entire to crenulate, never with acute teeth"	25
24	"Plants isophyllous, underleaves ± as large as leaves; dorsal and ventral margins of leaf strongly convex, the leaf thus appearing ovate; leaves mostly 0.9–1.1 mm long"	"Bazzania citharodes"
24	"Plants anisophyllous, underleaves clearly smaller than leaves; ventral leaf margin straight to weakly concave, the leaf thus appearing almost oblong; leaves mostly 1.3–1.8 mm long"	"Bazzania adnexa var. adnexa"
25	"Hyaline area of underleaves narrow, rarely > 4 cells wide"	26
25	"Hyaline area of underleaves wide, at least 4 cells wide and usually 5 or more"	27
26	"Leaf apices serrate, lobes absent or indistinct; leaf cells with small to medium trigones; underleaf margins weakly crenulate"	"Bazzania corbieri"
26	"Leaf apices not serrate, lobes large and distinct; leaf cells ± lacking trigones except sometimes near apex; underleaves with triangular lobes curved towards apex"	"Bazzania tessellata"
27	"Leaves distinctly falcate; underleaves ± quadrate to oblong, often longer than wide"	"Bazzania intermedia"
27	"Leaves weakly to not at all falcate; underleaves roundly quadrate, never longer than wide"	28
28	"Leaves widely spaced to narrowly overlapping; chlorophyllose region of underleaves reduced to a few rows of cells in base, rarely reaching into upper half"	"Bazzania wattsiana"
28	"Leaves strongly overlapping, never widely spaced; chlorophyllose region of underleaves always distinct, usually reaching into upper half"	29
29	"Leaves mostly > 1.5 mm long, ventral margin straight to distinctly falcate, apical lobes distinct"	"Bazzania francana"
29	"Leaves < 1.5 mm long, ventral margin straight to weakly convex, apical lobes indistinct"	"Bazzania fuhreri"
30	"Plants glaucous, frosty blue-green, leaf cells semi-opaque in transmitted light; vitta present (may be obscured by verrucose leaf surface and dark cell walls); underleaves consisting wholly of thin-walled hyaline cells"	"Bazzania vittata"
30	"Plants yellow-green to brownish-green or dark green, not glaucous; leaf cells ± transparent; vitta present or not; underleaves various"	31
31	"Leaves with a distinct vitta of 2–4 rows of enlarged cells parallel to the postical margin, sharply differentiated from the adjacent cells"	"Bazzania monilinervis"
31	"Leaves without a distinct vitta (but may have a broad patch of larger cells in mid-leaf that gradually merge with the adjacent cells)"	32
32	"Numerous leaves clearly bifid; leaves caducous, mostly < 1 mm long"	"Bazzania hochstetteri"
32	"Leaves rarely if ever bifid; leaves caducous or not, mostly > 1 mm long (except. B. avia)"	33
33	"Underleaves wholly chlorophyllose (rarely 1–2 rows of hyaline cells at apex)"	34
33	"Underleaves with a distinct margin of hyaline cells"	37
34	"Terminal branching pseudodichotomous, most branches as vigorous as stem"	35
34	"Terminal branching mostly lateral or ± lateral, most branches weaker and shorter than stem"	36
35	"Leaf apices truncate, ± entire, lobes if present very indistinct, short and blunt; underleaves ± circular to subcircular, entire or slightly lobed, much wider than long, apices not revolute, cells chlorophyllose throughout"	"Bazzania fasciculata"
35	"Leaf apices with three distinct lobes; underleaves a little wider than long, apices toothed and often revolute, most leaves with a discontinuous margin of hyaline cells"	"Bazzania adnexa"
36	"Plants ± erect to almost prostrate, leaves ? 1.5 mm long; underleaves very large, often approaching the size of leaves, coarsely dentate; leaf apex coarsely 3-fid, principal lobes and sinuses commonly with additional small teeth, teeth often extending along ventral margin"	"Bazzania involuta var. involuta"
36	"Plants prostrate, leaves ? 1 mm long; underleaves much smaller than the leaves, entire to very weakly crenate or dentate; leaf apex weakly 3-fid, otherwise entire"	"Bazzania avia"
37	"Underleaves with numerous strong, ragged teeth on margin"	"Bazzania adnexa var. adnexa"
37	"Underleaf margins entire or weakly crenate"	38
38	"Underleaves oblong, mostly longer than wide"	39
38	"Underleaves rounded to quadrate, not or hardly longer than wide"	40
39	"Leaves (2.2–)2.5–4 mm long, broad at the base and narrowing considerably to the apex; underleaf bordered in upper half by 1–2(–3) rows of hyaline cells"	"Bazzania novae-zelandiae"
39	"Leaves 1.0–1.8(–2.0) mm long, very narrow at the base and not narrowing much to the apex; underleaves with very large area of hyaline cells, usually comprising the upper 1/4 or more of the underleaf"	"Bazzania accreta"
40	"Leaves mostly 1.3–1.8 mm long; leaf apex armed with small accessory teeth; plants usually with a strong, sharp camphor smell when fresh"	"Bazzania corbieri"
40	"Leaves mostly 0.9–1.1 mm long; leaf apex lacking accessory teeth; plants odourless"	"Bazzania adnexa"
