from	statement	to
1	"Branch leaves ending in a piliferous hyaline point; upper parts of leaves bistratose to multistratose"	"Macromitrium diaphanum"
1	"Branch leaves ending in a non-hyaline cusp, apiculus or mucro, acute, obtuse or acuminate; upper parts of leaves usually unistratose"	2
2	"Branch leaves spirally twisted, erect-curved or erect-whorled around the branch when dry"	3
2	"Branch leaves funiculate (rope-like) and arranged in spirals or not; individual leaves twisted-flexuous; apices decurved to recurved-twisted or tightly inrolled when dry"	7
3	"Branch leaves spirally twisted around the branch, with apices twisted outward when dry; setae thick, twisted to the right"	"Macromitrium longirostre"
3	"Branch leaves erect-curved or erect-whorled around the branch, with apices straight or incurved when dry; setae thin, twisted to the left"	4
4	"Upper laminal cells smooth; branch leaves erect-curved when dry, with the leaf apex sharply contracted to a cusp; costa ending below apex"	"Macromitrium repandum"
4	"Upper laminal cells papillose; branch leaves tightly spirally twisted or erect-whorled when dry; leaf apex mucronate; costa excurrent"	5
5	"Basal laminal cells short, rounded to elliptical; fusiform gemmae frequent"	"Macromitrium brevicaule"
5	"Basal laminal cells rectangular; gemmae absent"	6
6	"Branch leaves twisted-curved; basal laminal cells smooth; seta short (< 1.3 mm); capsule ±immersed in the perichaetium"	"Macromitrium brachypodium"
6	"Branch leaves erect-whorled; basal laminal cells papillose-tuberculate; seta longer (3–7 mm); capsules exserted"	"Macromitrium aurescens"
7	"Upper branch leaf cells smooth and flat, sometimes slightly bulging or mammillose, rarely with 1 or more small papillae"	8
7	"Upper branch leaf cells uni- or pluripapillose; papillae large and obvious or, if small and inconspicuous, the walls strongly bulging"	11
8	"Branches to 10 mm long; branch leaves 1.2–2.0 mm long; basal laminal cells evenly thickened, elongate-rectangular with straight lumina; all cells smooth; autoicous"	9
8	"Branches to 32 mm long; branch leaves 1.5–3.0 mm long; basal laminal cells unevenly thickened and elongate; lumina rather irregularly curved; some cells with short or long papillae; dioicous, pseudautoicous or sex unknown"	10
9	"Branch leaves gradually narrowed to a long decurved subulate arista entirely composed of costa"	"Macromitrium dielsii"
9	"Branch leaves abruptly narrowed to an acute or short-acuminate apex (some leaves short-cuspidate); costa ending in the apex or short-excurrent"	"Macromitrium microstomum"
10	"Branch leaves gradually narrowed to a long-acuminate apex; costa excurrent and forming the acumen; pseudautoicous"	"Macromitrium funiforme"
10	"Branch leaves abruptly narrowed to an acute or short-cuspidate apex; costa ending in the cusp or apex, rarely excurrent"	"Macromitrium exsertum"
11	"Branch leaves lanceolate"	12
11	"Branch leaves oblong to ligulate, sometimes with a broader ±ovate base"	16
12	"Upper laminal cells bordering the costa flat, smooth and elongate, strongly differentiated from remainder of quadrate densely papillose upper cells"	"Macromitrium subulatum"
12	"Upper laminal cells bordering the costa quadrate, densely papillose, similar to remainder of upper cells"	13
13	"Mid-leaf and basal cells smooth; calyptra glabrous or hairy; cells in upper half of leaf in distinct longitudinal rows"	14
13	"Mid-leaf cells bulging or unipapillose; many basal cells with a short or spiculose papilla; calyptra hairy; cells in upper half of leaf usually not in longitudinal rows"	15
14	"Calyptra densely hairy; perichaetial leaves much shorter than vegetative branch leaves, lingulate, inconspicuous; cells at mid-leaf ±short-rectangular, with straight lumina"	"Macromitrium incurvifolium"
14	"Calyptra glabrous to sparsely hairy; perichaetial leaves much longer than vegetative branch leaves, erect, sheathing the seta; cells at mid-leaf rectangular with curved lumina"	"Macromitrium leratii"
15	"Upper branch leaf cells bulging, weakly pluripapillose; cells at mid-leaf short-rectangular, bulging; rusty brown tones evident in young growth; perichaetial leaves erect, sheathing, strongly differentiated"	"Macromitrium stoneae"
15	"Upper branch leaf cells densely pluripapillose; cells at mid-leaf rectangular, strongly unipapillose; golden tones evident in young growth; perichaetial leaves ±erect-curved, subsheathing, scarcely differentiated"	"Macromitrium hemitrichodes"
16	"Upper branch leaf cells strongly bulging-conical, unipapillose; marginal cells smaller than those near the costa; mid-leaf cells strongly unipapillose; basal cells elongate, those at the very base smooth; capsules 4–8-plicate on a very long slender seta; branch leaves twisted-decurved; peristome absent or fragmentary"	"Macromitrium archeri"
16	"Upper branch leaf cells bulging, smooth to low-pluripapillose; marginal cells similar in size to those near the costa; mid-leaf cells bulging and low-papillose; basal cells rectangular to elongate, those at the very base smooth; capsules 8-plicate or with a distinct darkened non-plicate often collapsed rim; setae short or long; branch leaves twisted-inrolled; peristome present or absent"	17
17	"Capsules cylindrical, on short setae, emergent to short-exserted; plants robust; mature branches often detached from stem; calyptra densely hairy"	"Macromitrium involutifolium"
17	"Capsules ovate to elliptic-oblong, on long setae, long-exserted; plants slender; branches remaining attached to stem; calyptra glabrous or with a few hairs"	18
18	"Peristome a low basal membrane; capsule rim 8-plicate"	19
18	"Peristome of 16 erect teeth; capsule rim collapsed or erect, never 8-plicate"	20
19	"Autoicous; branch leaves broadly ligulate, the upper portions strongly inrolled, with most apices hidden in leaves, obtuse or broadly acute; costa usually ending below the apex"	"Macromitrium caloblastoides"
19	"Pseudautoicous; branch leaves narrowly ligulate, the upper portions somewhat inrolled; most apices rather exposed to one side of leaf, acute to apiculate; costa short-excurrent in most populations"	"Macromitrium ligulaefolium"
20	"Capsule mouth collapsed; exothecial cells of rim elongate; calyptra lobed at base to cucullate, usually with 1–4 slits"	"Macromitrium ligulare"
20	"Capsule mouth erect; exothecial cells of rim rounded-quadrate; calyptra deeply lobed to just below the rostrum, with 10–15 slits"	"Macromitrium hortoniae"
