from	statement	to
1	"Costa seemingly absent or rudimentary; lamina cells large, thin-walled, c. 25 µm or more long"	2
1	"Costa well-defined; lamina cells small to medium-sized, mostly < 25 µm long, thin- to thick-walled"	4
2	"Plants minute, to 1.5 mm tall; leaves lacking a dorsal lamina; costa commencing part way up leaf; sheathing leaf base strongly shouldered; lobes of shoulders often recurved like small horns; leaves elimbate"	"Fissidens thorsbornei"
2	"Plants to 8 mm tall; leaves with vaginant, dorsal and apical laminae; all laminae limbate"	3
3	"Limbidium uni- to bistratose, with cells 7–10 µm; vaginant laminae with minor lamina 1⁄3–1⁄2 leaf length"	"Fissidens hyalinus"
3	"Limbidium bi- to multistratose, with cells 3–7 µm; vaginant laminae with minor lamina 1⁄2–2⁄3 leaf length"	"Fissidens dealbatus"
4	"Leaves with a limbidium on apical, dorsal and vaginant laminae"	5
4	"Leaves with the limbidium confined to the vaginant laminae, or elimbate"	16
5	"Lamina cells 5–10 (–15) µm"	6
5	"Lamina cells (12–) 15–40 µm"	14
6	"Stems to 6 cm long; limbidium strong, (1–) 2–4 or more cells thick, 4 or more cells wide; plants aquatic or in wet places"	7
6	"Stems to 1 cm long; limbidium weaker, 1–3 (–4) cells thick, 1–3 (–6) cells wide; leaves 0.50–1.75 mm long, 0.1–0.5 mm wide; plants in moist to drier habitats, generally not aquatic"	8
7	"Limbidium multistratose, 4 or more cells thick and wide; leaves oblong to lanceolate, 2.5–4.0 mm long, 0.6–0.7 mm wide; apex acute to acuminate"	"Fissidens rigidulus"
7	"Limbidium mostly unistratose, 2–5 cells wide; leaves elliptical to ovate, 1.1–2.0 mm long, 0.3–0.7 mm wide; apex obtuse, apiculate"	"Fissidens dietrichiae"
8	"Plants minute; stems 0.3–1.0 mm long, repeatedly branched; leaves in 3–6 (–10) pairs, ligulate-lanceolate, 1.3–1.6 mm long, 0.20–0.25 mm wide; margins entire; lamina cells ±hexagonal, 8–10 µm, in the base of vaginant lamina becoming 35–55 × 15–20 µm, each with a large central papilla"	"Fissidens biformis"
8	"Plants larger; stems simple or branched, at least 1–8 mm long"	9
9	"Lamina cells 5–9 µm"	10
9	"Lamina cells 7–10 (–16) µm"	11
10	"Vaginant laminae 2⁄3–3⁄4 leaf length, very broad, open, gaping; leaves in 5–15 pairs, often ±recurved when moist, broadly oblong-lanceolate, 1.0–1.5 mm long, 0.35–0.50 mm wide; margins irregularly serrulate near apex and proximal part of vaginant laminae; limbidium intramarginal proximally, with a large vitta of laminal cells outside"	"Fissidens megalotis"
10	"Vaginant laminae 1⁄2 leaf length, closed; leaves in numerous pairs, ±falcate when moist, patent, often ±undulate, when dry strongly falcate-decurved or second, often crisped, 1.00–1.75 mm long, 0.25–0.45 mm wide, 2–7 times longer than wide; margins smooth; limbidium marginal throughout"	"Fissidens leptocladus"
11	"Vaginant laminae reaching to 1⁄2 leaf length, closed; leaves loosely imbricate, linear-lanceolate, 1.00–1.25 mm long, 0.15–0.30 mm wide; margins serrulate at apex, elsewhere entire; lamina cells irregularly hexagonal, 8–15 µm, smooth to mammillose to weakly papillose"	"Fissidens angustifolius"
11	"Vaginant laminae reaching 1⁄2–2⁄3 (–3⁄4) leaf length, half open to closed; lamina cells smooth or with a large central papilla"	12
12	"Plants light to deep green; stems unbranched or sparingly so; leaves in 6–10 pairs, lanceolate to oblong-lanceolate, mostly 0.4–0.6 mm long, 0.15–0.20 mm wide; limbidium complete except at the apex, unistratose, mostly 1 cell wide, broadening to 2 or 3 cells wide at the base; vaginant laminae reaching 1⁄2–3⁄5 leaf length; lamina cells ±hexagonal, 7–10 µm, to c. 20 µm long in proximal part of vaginant laminae, the surface convex to mammillose"	"Fissidens bryoides"
12	"Plsnts yellow-green; stems simple or branched, 1–8 (–20) mm long; leaves lanceolate to linear-lanceolate; limbidium on all laminae or sometimes absent on dorsal and apical laminae; laminal cells 8–15 µm, smooth, the surface flat to rounded"	13
13	"Plants yellow-green, densely gregarious; leaves ±distant, lanceolate, 0.5–0.6 mm long, 0.10–0.15 mm wide; vaginant laminae ±closed; dorsal lamina tapered to insertion; border adhering to costa proximally"	"Fissidens perangustus"
13	"Plants yellow-green, glossy, scattered to loosely gregarious; leaves imbricate, linear-lanceolate, 0.5–2.0 mm long, 0.15–0.5 mm wide; vaginant laminae half open; dorsal lamina tapered to the base, mostly ending above the insertion"	"Fissidens curvatus"
14	"Costa failing well below the apex; lamina cells 30–40 × 15–20 µm"	"Fissidens flaccidus"
14	"Costa percurrent to short-excurrent; lamina cells 12–25 × 10–15 µm"	15
15	"Leaves lanceolate, 1.3–1.5 mm long, c. 0.3 mm wide; vaginant laminae 1⁄2–3⁄5 leaf length; lamina cells 16–20 × 12–15 µm; dioicous"	"Fissidens darwinianus"
15	"Leaves oblong, 1.5–2.0 mm long, 0.35–0.45 mm wide; vaginant laminae c. 1⁄2 leaf length; lamina cells 12–25 × 10–15 µm; monoicous"	"Fissidens zollingeri"
16	"Leaves with a limbidium (at least in part), occasionally restricted to perichaetial or perigonial leaves"	17
16	"Leaves lacking a limbidium"	88
17	"Lamina cells smooth, not mammillose or papillose"	18
17	"Lamina cells mammillose or papillose (sometimes the papillae minute)"	61
18	"Plants aquatic, emergent or submerged, in wet places"	19
18	"Plants not aquatic, in moist to drier habitats"	21
19	"Leaves distant, linear-lanceolate, 5–9 mm long, 0.5–0.9 mm wide, 8–10 times as long as wide; apical margins entire or weakly serrate; serrations not visible with ×10 hand lens"	"Fissidens berteroi"
19	"Leaves overlapping, not linear-lanceolate, 1.1–4.0 mm long, 0.3–1.3 mm wide; apical margins sharply dentate or weakly serrulate"	20
20	"Leaves broadly lingulate-lanceolate, 2.5–4.0 mm long, 0.8–1.3 mm wide, c. 4 times as long as wide; apical margins sharply and ittegularly dentate; teeth visible with ×10 hand lens"	"Fissidens adianthoides"
20	"Leaves elliptical to obovate, 1.1–2.0 mm long, 0.3–0.7 mm wide, c. 2–2.5 times as long as wide; apical margins smooth or weakly serrulate"	"Fissidens dietrichiae"
21	"Plants minute; stems 0.5–3.0 mm long; sterile shoots sometimes to 10 mm long"	22
21	"Plants larger; stems mostly 5 mm or more long"	38
22	"Vaginant laminae reaching 3⁄4 or more leaf length"	23
22	"Vaginant laminae reaching 1⁄4–3⁄4 leaf length"	24
23	"Fertile plants 2–4 mm tall; leaves oblong-lanceolate; leaf apex acute; costa subpercurrent; lamina cells 8–20 µm; vaginant laminae with a weak limbidium or elimbate"	"Fissidens taylorii"
23	"Fertile plants 1–3 mm tall; leaves cultriform; leaf apex acute, sharply recurved; costa percurrent to excurrent; lamina cells 8–10 (–20) µm; vaginant laminae with limbidium weak on stem leaves, on perichaetial leaves broad proximally, narrowing above and often just extending into the apical lamina"	"Fissidens bifrons"
24	"Vaginant laminae reaching 1⁄2–3⁄4 leaf length"	25
24	"Vaginant laminae less than 1⁄2 leaf length"	29
25	"Costa excurrent; fertile plants small, 1–3 mm tall; leaves in 3–6 pairs (sterile plants longer, with up to 18 pairs of leaves), lanceolate, to 0.5 mm long; lamina cells 15–30 × 11–20 µm"	"Fissidens beckettii"
25	"Costa subpercurrent to percurrent"	26
26	"Leaves distantly spaced, obtuse; vaginant laminae 2⁄3–3⁄4 leaf length; limbidium vague in vaginant laminae; lamina cells 6–8 µm, weakly mammillose, with an obscure central papilla"	"Fissidens gymnocarpus"
26	"Leaves imbricate, not distant"	27
27	"Plants blackish green with greenish tips; lamina cells 10–15 µm, thick-walled; vaginant laminae reaching 1⁄2–2⁄3 leaf length; limbidium of 1–3 rows of cells, intramarginal; costa subpercurrent"	"Fissidens integerrimus"
27	"Plants yellowish green; lamina cells 6–12 µm"	28
28	"Stem leaves linear-lanceolate, 0.5–1.0 mm long, c. 0.2 mm wide; limbidium absent on dorsal lamina, strong on vaginant laminae, 1–4 cells thick, 2–5 cells wide below; lamina cells ±quadrate to hexagonal, 6–12 × 6–10 µm, longer below, thin-walled; perichaetial leaves with intermittent limbidium on dorsal lamina, conspicuous on vaginant laminae; capsules oblong, asymmetrical, ±horizontal; spores 15.0–17.5 µm diam."	"Fissidens curvatus"
28	"Stem leaves ovate to ovate-lanceolate, 1.2–1.5 mm long, 0.5–0.6 mm wide; limbidium on vaginant laminae only, 1 or 2 cells thick, 2–4 cells wide; lamina cells firm-walled, irregularly hexagonal, 7–10 µm wide; perichaetial leaves with limbidium only on vaginant laminae; capsules symmetrical, erect; spores large, 22–32 µm diam."	"Fissidens diversifolius"
29	"Lamina cells 7–15 µm diam."	30
29	"Lamina cells 15–40 µm diam."	37
30	"Plants blackish green with greenish tips; lamina cells 10–15 µm, thick-walled; vaginant laminae 1⁄2–2⁄3 leaf length, with a limbidium of 1–3 rows of cells, intramarginal; costa subperurrent; Vic and Tas"	"Fissidens integerrimus"
30	"Plants green to yellowish-green"	31
31	"Plants to 3 mm tall (incl. leaves)"	32
31	"Plants to 6 mm tall (incl. leaves), occasionally taller"	33
32	"Vaginant laminae reaching to 1⁄2 leaf length, almost closed; limbidium in proximall half only, with 2–4 rows of pale prosenchymatous cells; laminal cells rounded-hexagonal, 7–13 µm; margins serrulate"	"Fissidens autoicus"
32	"Vaginant laminae reaching 1⁄2–2⁄3 leaf length, half open to joining near margin; limbidium, if present, proximal only, unistratose, 2–4 cell rows wide, intramarginal; cells rectangular to prosenchymatous; lamina cells hexagonal and isodiametric, c. 10–15 µm; margins of vaginant laminae with occasional large teeth"	"Fissidens flabellulus"
33	"Leaves distantly spaced, obtuse; vaginant laminae to 2⁄3 (–3⁄4) leaf length; limbidium weak in vaginant laminae; lamina cells 6–8 µm, weakly mammillose with an obscure central papilla"	"Fissidens gymnocarpus"
33	"Leaves ±imbricate, not distant"	34
34	"Vaginant laminae to c. 1⁄2 leaf length"	35
34	"Vaginant laminae 1⁄2–3⁄4 (or more) leaf length"	36
35	"Plants with stems to 6 mm long; leaves lax, linear, 0.5–2.0 mm long, 0.15–0.30 mm wide; lamina cells thin-walled, 10–15 µm; limbidium intramarginal in lower 2⁄3 of vaginant laminae; cells thick-walled, in 1–4 rows, unistratose"	"Fissidens inaequiretis"
35	"Plants with stems 5–10 mm long; leaves lanceolate, 2.5–3.5 mm long, 0.5–0.6 mm wide; lamina cells thick-walled, 8–15 µm; marginal 2–5 rows very thick-walled, swollen, highly refractive, forming a pale unistratose border"	"Fissidens pseudopallidus"
36	"Fertile plants to 5 mm long; perichaetial leaves much larger than stem leaves; sterile plants to 8 mm long, the leaves smaller and ±uniform in size, linear-lanceolate, 0.5–1.0 mm long, c. 0.2 mm wide; leaf apex acute-acuminate; costa joining with limbidia at the apex or ceasing just below; limbidium on vaginant laminae 2–4 cells thick, 4–5 cells wide below; lamina cells ±quadrate to hexagonal, 6–12 × 6–10 µm, longer below, thin-walled; perichaetial leaves with intermittent limbidium on dorsal lamina, conspicuous on vaginant laminae; capsules oblong, asymmetrical, ±horizontal; spores 5.0–17.5 µm diam."	"Fissidens curvatus"
36	"Fertile plants 2–4 mm tall, with a few bract-like leaves subtending perichaetial leaves; sterile plants to 10 mm long; leaves oblong-lanceolate, 0.3–0.85 mm long; leaf apex acute; costa subpercurrent; lamina cells 8–20 µm long; vaginant laminae with a weak limbidium or elimbate; capsules oval, symmetrical, erect to inclined; spores 12–36 µm diam."	"Fissidens taylorii"
37	"Stems to 0.5 mm long; plants dull green, flabelliform, densely foliate; leaves lanceolate to ovate-lanceolate, 1.0–2.3 mm long, 0.10–0.25 mm wide; margins weakly bordered by 1–3 rows of elongate cells, or border absent; perichaetial leaves not differentiated; cells of apical  lamina lax, thin-walled, 19–40 µm long"	"Fissidens bogoriensis"
37	"Stems 2–5 mm long; plants lustrous, usually rust-coloured (particularly stems and costa), with leaves distant to loosely imbricate, not flabelliform; leaves lanceolate to oblong-lanceolate, 0.7–1.4 mm long, 0.2–0.3 mm wide; vaginant laminae with a weak limbidium proximally; perichaetial leaves strongly shouldered; cells of apical lamina irregular, thick-walled, 15–35 µm long"	"Fissidens pellucidus"
38	"Lamina cells smooth, flat to rounded mammillose"	39
38	"Lamina cells uni- to multipapillose"	45
39	"Leaves ±oblong, distant, c. 1.0 mm long and 0.2 mm wide; lamina cells convex, mammillose, 7–8 × 8–11 µm; limbidium on vaginant laminae of 1–3 (–5) rows of smooth elongate cells; outer row ±rectangular"	"Fissidens oblatus"
39	"Leaves lanceolate, linear-lanceolate to oblong-lanceolate, ±imbricate, not distant"	40
40	"Lamina cells 4–6 µm, markedly conical-mammillose; leaves lanceolate, 0.3–1.2 mm long, 0.14–0.30 mm wide"	"Fissidens rupicola"
40	"Lamina cells 5–12 µm, convex to mammillose or sharply unipapillose (<i>F. brassii</i> can also be multipapillose)"	41
41	"Leaves ligulate to oblong-lanceolate or oblong-ligulate, 0.4–0.6 mm long, 0.15–0.20 mm wide; lamina cells 5–10 µm; limbidium 1 or 2 rows of short oblong cells not reaching the apex of vaginant laminae"	"Fissidens brassii"
41	"Leaves narrowly lanceolate to lanceolate, 0.75–1.40 mm long; lamina cells 5–12 µm; limbidium 3–6 cells wide, occasionally intramarginal"	42
42	"Leaves 0.4–0.6 mm long, 0.15–0.20 mm wide, linear-lanceolate, flabellate in 4–6 pairs; vaginant laminae 2⁄5–1⁄2 leaf length; limbidium of rectangular to elongate-rectangular cells, occasionally intramarginal; lamina cells 8–12 µm, sharply mammillose to unipapillose"	"Fissidens serratus"
42	"Leaves (0.8–) 1.0–2.0 (–3.0) mm long, 0.16–0.24 mm wide, narrowly lanceolate to oblong, not flabellate, closely imbricate to weakly distant; vaginant laminae 1⁄2–2⁄3 leaf length; limbidium of 1–4 (–6) marginal rows of elongate cells; laminal cells 5–11 µm, surface rounded or uni- to bipapillose"	43
43	"Stems short, 1.0–2.5 (–5.0) mm long"	44
43	"Stems longer, plants 5–20 (–40) mm long; leaves linear-lanceolate, 1.5–3.0 mm long, 0.30–0.45 mm wide; vaginant laminae to 1⁄2–2⁄3 leaf length; dorsal lamina tapered to the base, reaching insertion; lamina cells weakly convex"	"Fissidens pallidus"
44	"Stems 1.0–2.5 mm long; leaves closely imbricate, in 3–5 (–9) pairs; lamina margins finely crenulated-serrulate; limbidium of vaginant laminae in 3–6 rows of elongate marginal cells; lamina cells ±quadrat, 5–10 µm; costa excurrent; NT and Qld"	"Fissidens cuspidiferus"
44	"Stems to 5 mm long; leaves weakly distant, in many pairs; lamina margins crenulate; limbidium of vaginant laminae in 1–3 rows of thick-walled elongate cells, reaching to 2⁄3 leaf length, with an intramarginal zone of oblate hyaline cells; lamina cells rounded-hexagonal to slightly oblate, 7–8 × 8–11 µm; costa subpercurrent; N Qld"	"Fissidens oblatus"
45	"Lamina cells unipapillose (rarely bipapillose or multipapillose"	46
45	"Lamina cells bi- to multipapillose"	52
46	"Limbidium of thick-walled cells, reaching to 2⁄3 length of vaginant laminae, 1–4 cells wide, unistratose; cells elongate below, rectangular above, with an intramarginal zone of oblate hyaline cells; vaginant lamina margins undulate; leaves ±oblong, ±distant; leaf margins crenulated to serrulate above; N Qld endemic"	"Fissidens oblatus"
46	"Limbidium of thin-walled cells"	47
47	"Limbidium reaching at least to apex of vaginant laminae, or failing just below"	48
47	"Limbidium ending well below apex of vaginant laminae"	50
48	"Leaves in 5–20 pairs; lamina margins crenulated-serrulate; limbidium reaching apex of vaginant lamina or failing just below, 2–6 cells wide, 1–several rows thick; lamina cells 7.5–10.0 µm, convex, unipapillose, rarely bipapillose"	49
48	"Leaves in 4–12 pairs; lamina margins serrulate; limbidium on vaginant lamina, often extending into the apical lamina, 1–4 cells wide, unistratose; lamina cells 4–8 µm, unipapillose, the papillae large and rough"	"Fissidens submarginatus"
49	"Vaginant laminae reching to beyond mid leaf, ±closed, limbidium extending ± to top of vaginant laminae, 2–6 cells wde, 1–3 cells thick; lamina cells 4–8 µm wide, convex, bluntly or cutely mammilose, occasionally cells bimammillose; costa percurrent to excurrent; dorsal lamina abruptly rounded at base or tapering to costa; peristome of bryoides-type"	"Fissidens crenulatus"
49	"Vaginant laminae reaching to mid leaf or beyond, partly open, sometimes weakly limbate on upper leaves; lamina cells 5–8 µm wide, papillose with 4–6 or more papillae per cell; costa subpercurrent to slightly excurrent; dorsal lamina tapering to base; peristome of scariosus-type"	"Fissidens linearis"
50	"Plants 1.0–2.5 mm tall; leaves closely imbricate, in 3–5 (–9) pairs, narrowly lanceolate; costa excurrent; lamina cells 5–10 µm, ±quadrate, thin-walled, mammillose to unipapillose; vaginant laminae 1⁄2–2⁄3 leaf length; limbidium 3–6 cells wide, the cells long, hyaline"	"Fissidens cuspidiferus"
50	"Plants 1–5 mm tall; leaves imbricate, in 4–8 pairs, oblong-lanceolate to linear-lanceolate or lanceolate; costa subpercurrent to percurrent; vaginant laminae to c. 1⁄2 leaf length"	51
51	"Plants 1–5 mm tall; leaves flabellate in 4–6 pairs; vaginant laminae 2⁄5–1⁄2 leaf length; lamina cells irregularly quadrate to hexagonal, 8–12 µm; SW, SE and E Australia"	"Fissidens serratus"
51	"Plants 1–3 mm tall; densely foliate, leaves in 5–8 pairs; vaginant laminae c. 1⁄2 leaf length; lamina cells rounded-quadrate to hexagonal, 7–10 × 5–7 µm; NE Qld"	"Fissidens perpusillus"
52	"Limbidium present on vegetative and perichaetial leaves"	53
52	"Limbidium confined to vaginant laminae of perichaetial leaves"	56
53	"Limbidium proximal only, intramarginal, of 1–5 rows of thick-walled cells, with 1–4 rows of laminal cells outside; lamina cells ±hexagonal, 6–10 µm, flat, papillose, with papillae over lumen and marginal on cells"	"Fissidens intromarginatulus"
53	"Limbidium marginal on vaginant laminae"	54
54	"Leaves oblong-lingulate, to 1.0 mm long and 0.3 mm wide, widest towards the base; apex acute to obtuse; vaginant laminae reaching 2⁄3–3⁄4 leaf length, ±closed; lamina cells 5–6 (–10) µm, convex; costa percurrent to short excurrent"	"Fissidens ceylonensis"
54	"Leaves oblong to oblong-lanceolate, 0.8–1.5 mm long, 0.3–0.4 mm wide; apex acute to broadly acute; vaginant laminae reaching 1⁄2–3⁄4 leaf length, half closed to joined near the margin; lamina cells 5–8 µm; costa ending just below the apex to percurrent"	55
55	"Limbidium unistratose, 1 or 2 cells wide, variable in length; lamina cells isodiametric, quadrate to rounded-hexagonal, 4–7 µm, in section c. 2 times as deep as wide, with 2–4 papillae per cell"	"Fissidens elegans"
55	"limbidium of 2–4 rows of hyaline, elongate, smooth, thick-walled cells reaching c. 3⁄4 length of vaginant laminae; lamina cells quadrate to hexagonal, 5–8 µm, thin-walled, dark and obscure, in section higher than wide to isodiametric, or wider than high, with 3–6 small papillae at the corners"	"Fissidens hollianus"
56	"Plants 0.5–3.5 mm long; leaves short-oblong-lingulate, 0.3–0.8 mm long; costa ceasing just beyond apex of vaginant laminae; lamina cells 5–8 µm, with 2–4 inconspicuous papillae; limbidium weakly developed, mostly absent, except in perichaetial and subperichaetial leaves where confined to the basal 1⁄4–1⁄3"	"Fissidens gardneri"
56	"Plants 1.5–9.0 mm long; leaves ligulate to oblong-lanceolate, 0.4–1.2 mm long; costa ending c. 3–6 cells below the apex to subpercurrent; lamina cells 5–8 µm, with many conspicuous papillae; limbidium 1⁄3–1⁄2 or more length of vaginant laminae"	57
57	"Leaves 0.75–1.20 mm long"	58
57	"Leaves 0.3–0.8 mm long"	60
58	"Plants 1.5–5.0 mm tall; leaves oblong to linear-lanceolate, 0.75–1.15 mm long, 0.2–0.4 mm wide, imbricate; vaginant laminae reaching to c. 1⁄2 leaf length; cells of limbidium narrowly elongate below, becoming rectangular above; costa subpercurrent"	59
58	"Plants to 9 mm long; leaves oblong to lanceolate, to 1.2 mm long and 0.4 mm wide, loosely imbricate; vaginant laminae 1⁄2–2⁄3 leaf length; limbidium sometimes partly intramarginal, often indistinct on small plants; costa ending 3–16 cells below the apex"	"Fissidens pallidinervis"
59	"Vaginant laminae reching to beyond mid leaf, ±closed, limbidium extending ± to top of vaginant laminae, 2–6 cells wde, 1–3 cells thick; lamina cells 4–8 µm wide, convex, bluntly or cutely mammilose, occasionally cells bimammillose; costa percurrent to excurrent; dorsal lamina abruptly rounded at base or tapering to costa; peristome of bryoides-type"	"Fissidens crenulatus"
59	"Vaginant laminae reaching to mid leaf or beyond, partly open, sometimes weakly limbate on upper leaves; lamina cells 5–8 µm wide, papillose with 4–6 or more papillae per cell; costa subpercurrent to slightly excurrent; dorsal lamina tapering to base; peristome of scariosus-type"	"Fissidens linearis"
60	"Plants 0.5–3.5 mm long; leaves short-oblong-lingulate, 0.3–0.8 mm long; costa ceasing just beyond apex of vaginant laminae; lamina cells 5–8 µm, with 2–4 inconspicuous papillae; limbidium weakly developed, mostly absent, except in perichaetial and subperichaetial leaves where confined to the proximal 1⁄4–1⁄3; dorsal lamina narrowed below, almost reaching insertion"	"Fissidens gardneri"
60	"Plants 2–5 mm long; leaves ligulate to oblong-lanceolate, 0.4–0.6 mm long, 0.15–0.20 mm wide, apex obtusely rounded; costa subpercurrent to percurrent; lamina cells 5.5–8.0 µm, multipapillose; limbidium not reaching the apex of vaginant laminae, 1 or 2 cells wide, with cells elongate-rhomboid to elongate-hexagonal; dorsal lamina ending abruptly on the costa well above, or reaching the leaf base"	"Fissidens brassii"
61	"Lamina cells smooth"	62
61	"Lamina cells mammillose or papillose"	72
62	"Plants aquatic, emergent or submerged, or in wet places"	63
62	"Plants not aquatic, in moist or drier habitats"	66
63	"Leaves distant, linear-lanceolate, 8–10 times as long as wide"	"Fissidens berteroi"
63	"Leaves overlapping, lingulate-lanceolate to obovate, 2–4 times as long as wide"	64
64	"Plants blackish-green with green tips; leaves linear, to 2.0 mm long, 0.2–0.3 mm wide; apical and dorsal laminae bi- to multistratose near costa, elsewhere unistratose"	"Fissidens strictus"
64	"Plants green to dark green; leaves with unistratose laminae"	65
65	"Leaves broadly lingulate-lanceolate, 2.5–4.0 mm long, 0.8–1.3 mm wide, c. 4 times as long as wide; apical margins sharply and irregularly dentate; teeth visible with ×10 hand-lens"	"Fissidens adianthoides"
65	"Leaves elliptical to obovate, 1.1–2.0 mm long, 0.3–0.7 mm wide, c. 2–2.5 times as long as wide; apical margins smooth or weakly serrulate"	"Fissidens dietrichiae"
66	"Plants 0.5–1.5 mm long"	67
66	"Plants 2–20 (–40) mm long"	68
67	"Leaves narrowly lanceolate, 0.25–1.00 mm long, 0.1–0.8 mm wide; vaginant laminae 1⁄2–3⁄4 leaf length, partly to fully open; lamina cells oblong to irregularly 5–6–sided, 20–40 × 10–12 µm, larger proximally in vaginant laminae (25–70 × 10–15 µm)"	"Fissidens altisetus"
67	"Leaves lanceolate, 0.6–1.2 mm long, 0.10–0.15 mm wide; vaginant laminae to 1⁄2 leaf, half open or joining nearer to margin; lamina cells smooth, weakly convex, hexagonal, isodiametric, 10–15 µm wide, becoming slightly larger proximally in vaginant laminae"	"Fissidens flabellulus"
68	"Fertile plants 2–4 mm long; sterile plants 5–10 mm long"	69
68	"Plants 5–20 (–40) mm long"	70
69	"Leaves 0.2–0.5 mm long; apex acute; fertile plants 2–4 mm long; sterile plants to 10 mm; costa subpercurrent; lamina cells 8–20 µm; vaginant laminae 2⁄3–4⁄5 leaf length, half open to almost fully closed"	"Fissidens taylorii"
69	"Leaves 0.6–1.0 mm long; apex obtuse to acute or obtuse-apiculate; fertile plants 2–3 mm long; sterile plants 5–8 mm long; costa percurrent or just subpercurrent, failing 2–4 cells below leaf apex; lamina cells 8.0–12.5 µm; vaginant laminae reaching to 1⁄2 leaf length or just beyond, half open"	"Fissidens victorialis"
70	"Plants of moist habitats, occasionally in water; leaves broadly lingulate-lanceolate, 2.5–4.0 mm long, 0.8–1.3 mm wide, c. 4 times as long as wide; apical margins sharply and irregularly dentate"	"Fissidens adianthoides"
70	"Plants of drier habitats"	71
71	"Plants 5–10 mm or more long; leaves lingulate, 0.5–2.5 mm long, 0.15–0.60 mm wide; vaginant laminae reaching c. 1⁄2 leaf length; dorsal lamina ending abruptly at insertion, the base usually rounded; lamina cells markedly convex"	"Fissidens sufflatus"
71	"Plants 5–20 (–40) mm long; leaves linear-lanceolate, 1.5–3.0 mm long, 0.30–0.45 mm wide; vaginant laminae to 1⁄2–2⁄3 leaf length; dorsal lamina tapered to the base, reaching insertion; lamina cells weakly convex"	"Fissidens pallidus"
72	"Leaf cells smooth or mammillose"	73
72	"Leaf cells uni- to multipapillose"	82
73	"Plants 1–5 mm tall"	74
73	"Plants 3–15 (–30) mm tall"	78
74	"Leaf apex rounded to obtuse; vaginant laminae reaching to 7⁄8 or more leaf length, open and gaping; leaves ±oblong, 0.3–0.8 mm long, 0.15–0.30 mm wide"	"Fissidens perobtusus"
74	"Leaf apex broadly to sharply acute or acuminate; vaginant laminae reaching to 1⁄2 leaf length or just beyond"	75
75	"Leaves narrow-lanceolate; limbidium 1⁄3–2⁄5 leaf length; lamina cells with 1–4 (–5) papillae per cell; Lord Howe Island"	"Fissidens wattsii"
75	"Leaves lanceolate to oblong-lanceolate; limbidium mostly reaching 1⁄2–3⁄5 (–2⁄3) leaf length; lamina cell surface rounded or with single high mammillae/papillae"	76
76	"Lamina cell surface rounded; costa, in section, of oblongifolius-type, with 3 stereid bands (2 lateral, 1 abaxial)"	"Fissidens pallidus"
76	"Lamina cell surface rounded or with single high mammillae/papillae; costa, in section, of bryoides-type, with 2 lateral stereid bands"	77
77	"Leaves oblong-lanceolate, 1.5–2.0 mm long, 0.2–0.4 mm wide, apex sharply acute; costa subpercurrent to barely excurrent; basal marginal cells of vaginant laminae rounded-hexagonal, 6–8 µm; margins crenulated-dentate throughout"	"Fissidens crispulus"
77	"Leaves lanceolate, 0.75–1.25 mm long, 0.15–0.20 mm wide, apex sharply acute to acuminate; costa subpercurrent to percurrent; basal marginal cells of vaginant laminae irregularly quadrate to hexagonal to elongate, lamina cells 8–12 µm, those of vaginant laminae usually longer to 30 µm; margins dentate throughout, often strongly so near base of vaginant laminae"	"Fissidens serratus"
78	"Plants 10–20 (–30) mm long; leaves imbricate to ±distant; vaginant laminae reaching 1⁄2–3⁄4 leaf length"	79
78	"Plants 3–10 mm long; leaves imbricate; vaginant laminae reaching to just beyond 1⁄2 leaf length"	81
79	"Plants 10–30 mm long; leaves oblong-lingulate, 2–3 mm long; vaginant laminae reaching to c. 3⁄4 leaf length, open or nearly so; minor lamina often rounded at apex, joining at or near costa; margins crenulated to weakly serrulate; dorsal lamina tapering at the base, usually ending above the insertion; costa ending 5–12 cells below leaf apex; lamina cells irregularly rounded hexagonal, mostly 7–15 µm"	"Fissidens asplenioides"
79	"Plants 10–20 mm long; leaves oblong to oblong-lingulate; vaginant laminae reaching to c. 3⁄4 leaf length, ending obliquely"	80
80	"Leaves overlapping at their bases, oblong-lanceolate, 2.0–3.5 mm long, 0.65–0.75 mm wide; apex acute to obtuse and apiculate; vaginant laminae reaching 1⁄2–3⁄4 leaf length, ending obliquely, half open to nearly closed; limbidium lacking; dorsal lamina tapered to base, often failing above leaf insertion; lamina cells small, c. 8 µm, obscure, mammillose; costa ending below the leaf apex"	"Fissidens oblongifolius"
80	"Leaves distantly spaced, ±oblong, 0.7–1.0 mm long, 0.25–0.35 mm wide; apex obtuse; vaginant laminae 2⁄3–3⁄4 leaf length, ending obliquely, half open or joining nearer to margin or to costa; limbidium vague in vaginant laminae; dorsal lamina tapering or obtuse at base, leaching leaf insertion; lamina cells 6–8 µm, weakly mammilloose, with an obscure central papilla"	"Fissidens gymnocarpus"
81	"Leaves oblong, 0.5–1.1 mm long, 0.25–0.35 mm wide; costa ending 3–10 cells below leaf apex; lamina cells rounded-hexagonal, 6–10 (–12) µm, with prominent mammillae, or bipapillose (best seen in section); axillary nodules inconspicuous"	"Fissidens cucullatus"
81	"Leaves oblong-lanceolate, 1.5–2.0 mm long, 0.2–0.4 mm wide; costa subpercurrent to barely excurrent; lamina cells rounded-hexagonal, 6–8 µm, mammillose; axillary nodules well-developed, pronounced"	"Fissidens crispulus"
82	"Lamina cells 15–35 µm, 15–20 µm wide, smooth or rarely unipapillose"	"Fissidens pellucidus"
82	"Lamina cells 5–15 µm long, 5–15 µm wide, unipapillose to mammillose or with 1-several small papillae"	83
83	"Plants 1–2 mm tall; leaves ±oblong, 0.3–0.8 mm long, 0.15–0.30 mm wide; margins crenulated; vaginant laminae reaching 7⁄8 or more leaf length, gaping, open; lamina cells rounded-hexagonal, 5–6 µm long, 8–10 µm wide, strongly mammillose or with a few large papillae"	"Fissidens perobtusus"
83	"Plants 1–3 (–5) mm tall; leaves 0.5–1.8 mm long; vaginant laminae 2⁄5–1⁄2 leaf length or slightly longer, not gaping; lamina cells quadrate to hexagonal, 7.5–15.0 µm, mammillose to unipapillose or with few small papillae"	84
84	"Plants flabellate, 1–3 mm tall; leaves lanceolate; spex broadly to sharply acute or acuminate; vaginant laminae 2⁄5–1⁄2 leaf length, usually partly open; dorsal lamina tapered to the base, failing above or reaching the insertion; lamina cells pellucid, variably convex, irregularly quadrate to hexagonal, 8–12 µm, strongly mammillose to sharply papillose"	"Fissidens serratus"
84	"Plants not flabellate, 1–3 mm tall"	85
85	"Plants 3–10 mm tall; leaves narrow-lanceolate, 1.5–2.0 mm long, 0.2–0.4 mm wide; apex narrowly acute; costa subpercurrent to barely excurrent; axillary hyaline nodules prominent"	"Fissidens crispulus"
85	"Plants 1–3 mm tall; leaves lanceolate to oblong-lanceolate or lingulate; apex broadly acute to obtuse; costa subpercurrent to percurrent; axcillary hyaline nodules obscure, not prominent"	86
86	"Leaves lingulate, widest in apical lamina; apex obtuse; costa ending 3–4 cells below leaf apex; lamina cells 7.5–10.0 µm, with few minute papillae; so far only known from type locality, Lower Tully, Queensland"	"Fissidens henryae"
86	"Leaves oblong-lanceolate to lanceolate, widest in mid leaf; apex acute; lamina cells mammillose to unipapillose"	87
87	"Plants 1.0–2.5 mm tall; leaves oblong-lanceolate, 0.5–1.0 mm long, 0.16–0.24 mm wide; margins evenly serrate; lamina cells firm-walled, quadrate to hexagonal, 10–15 µm, unipapillose"	"Fissidens serratus"
87	"Plants to 3.0 mm tall; leaves narrowly oblong-lanceolate, to 1.8 mm long, 0.3 mm wide; margins crenulated-serrate; lamina cells quadrate to irregularly rounded-hexagonal, 8–12 (–15) µm, mammillose to unipappilose"	"Fissidens badyinbarus"
88	"Leaf cells smooth or mammillose"	89
88	"Leaf cells uni- to multipapillose"	98
89	"Plants 1–5 mm tall"	90
89	"Plants 3–15 (–30) mm tall"	94
90	"Leaf apex rounded to obtuse; vaginant laminae reaching to 7⁄8 or more leaf length, open and gaping; leaves ±oblong, 0.3–0.8 mm long, 0.15–0.30 mm wide"	"Fissidens perobtusus"
90	"Leaf apex broadly to sharply acute or acuminate; vaginant laminae reaching to 1⁄2 leaf length or just beyond"	91
91	"Leaves narrow-lanceolate; limbidium 1⁄3–2⁄5 leaf length; lamina cells with 1–4 (–5) papillae per cell; Lord Howe Island"	"Fissidens wattsii"
91	"Leaves lanceolate to oblong-lanceolate; limbidium mostly reaching 1⁄2–3⁄5 (–2⁄3) leaf length; lamina cell surface rounded or with single high mammillae/papillae"	92
92	"Lamina cell surface rounded; costa, in section, of oblongifolius-type, with 3 stereid bands (2 lateral, 1 abaxial)"	"Fissidens pallidus"
92	"Lamina cell surface rounded or with single high mammillae/papillae; costa, in section, of bryoides-type, with 2 lateral stereid bands"	93
93	"Leaves oblong-lanceolate, 1.5–2.0 mm long, 0.2–0.4 mm wide, apex sharply acute; costa subpercurrent to barely excurrent; basal marginal cells of vaginant laminae rounded-hexagonal, 6–8 µm; margins crenulated-dentate throughout"	"Fissidens crispulus"
93	"Leaves lanceolate, 0.75–1.25 mm long, 0.15–0.20 mm wide, apex sharply acute to acuminate; costa subpercurrent to percurrent; basal marginal cells of vaginant laminae irregularly quadrate to hexagonal to elongate, lamina cells 8–12 µm, those of vaginant laminae usually longer to 30 µm; margins dentate throughout, often strongly so near base of vaginant laminae"	"Fissidens serratus"
94	"Plants 10–20 (–30) mm long; leaves imbricate to ±distant; vaginant laminae reaching 1⁄2–3⁄4 leaf length"	95
94	"Plants 3–10 mm long; leaves imbricate; vaginant laminae reaching to just beyond 1⁄2 leaf length"	97
95	"Plants 10–30 mm long; leaves oblong-lingulate, 2–3 mm long; vaginant laminae reaching to c. 3⁄4 leaf length, open or nearly so; minor lamina often rounded at apex, joining at or near costa; margins crenulated to weakly serrulate; dorsal lamina tapering at the base, usually ending above the insertion; costa ending 5–12 cells below leaf apex; lamina cells irregularly rounded hexagonal, mostly 7–15 µm"	"Fissidens asplenioides"
95	"Plants 10–20 mm long; leaves oblong to oblong-lingulate; vaginant laminae reaching to c. 3⁄4 leaf length, ending obliquely"	96
96	"Leaves overlapping at their bases, oblong-lanceolate, 2.0–3.5 mm long, 0.65–0.75 mm wide; apex acute to obtuse and apiculate; vaginant laminae reaching 1⁄2–3⁄4 leaf length, ending obliquely, half open to nearly closed; limbidium lacking; dorsal lamina tapered to base, often failing above leaf insertion; lamina cells small, c. 8 µm, obscure, mammillose; costa ending below the leaf apex"	"Fissidens oblongifolius"
96	"Leaves distantly spaced, ±oblong, 0.7–1.0 mm long, 0.25–0.35 mm wide; apex obtuse; vaginant laminae 2⁄3–3⁄4 leaf length, ending obliquely, half open or joining nearer to margin or to costa; limbidium vague in vaginant laminae; dorsal lamina tapering or obtuse at base, leaching leaf insertion; lamina cells 6–8 µm, weakly mammilloose, with an obscure central papilla"	"Fissidens gymnocarpus"
97	"Leaves oblong, 0.5–1.1 mm long, 0.25–0.35 mm wide; costa ending 3–10 cells below leaf apex; lamina cells rounded-hexagonal, 6–10 (–12) µm, with prominent mammillae, or bipapillose (best seen in section); axillary nodules inconspicuous"	"Fissidens cucullatus"
97	"Leaves oblong-lanceolate, 1.5–2.0 mm long, 0.2–0.4 mm wide; costa subpercurrent to barely excurrent; lamina cells rounded-hexagonal, 6–8 µm, mammillose; axillary nodules well-developed, pronounced"	"Fissidens crispulus"
98	"Lamina cells 15–35 µm, 15–20 µm wide, smooth or rarely unipapillose"	"Fissidens pellucidus"
98	"Lamina cells 5–15 µm long, 5–15 µm wide, unipapillose to mammillose or with 1-several small papillae"	99
99	"Plants 1–2 mm tall; leaves ±oblong, 0.3–0.8 mm long, 0.15–0.30 mm wide; margins crenulated; vaginant laminae reaching 7⁄8 or more leaf length, gaping, open; lamina cells rounded-hexagonal, 5–6 µm long, 8–10 µm wide, strongly mammillose or with a few large papillae"	"Fissidens perobtusus"
99	"Plants 1–3 (–5) mm tall; leaves 0.5–1.8 mm long; vaginant laminae 2⁄5–1⁄2 leaf length or slightly longer, not gaping; lamina cells quadrate to hexagonal, 7.5–15.0 µm, mammillose to unipapillose or with few small papillae"	100
100	"Plants flabellate, 1–3 mm tall; leaves lanceolate; spex broadly to sharply acute or acuminate; vaginant laminae 2⁄5–1⁄2 leaf length, usually partly open; dorsal lamina tapered to the base, failing above or reaching the insertion; lamina cells pellucid, variably convex, irregularly quadrate to hexagonal, 8–12 µm, strongly mammillose to sharply papillose"	"Fissidens serratus"
100	"Plants not flabellate, 1–3 mm tall"	101
101	"Plants 3–10 mm tall; leaves narrow-lanceolate, 1.5–2.0 mm long, 0.2–0.4 mm wide; apex narrowly acute; costa subpercurrent to barely excurrent; axillary hyaline nodules prominent"	"Fissidens crispulus"
101	"Plants 1–3 mm tall; leaves lanceolate to oblong-lanceolate or lingulate; apex broadly acute to obtuse; costa subpercurrent to percurrent; axcillary hyaline nodules obscure, not prominent"	102
102	"Leaves lingulate, widest in apical lamina; apex obtuse; costa ending 3–4 cells below leaf apex; lamina cells 7.5–10.0 µm, with few minute papillae; so far only known from type locality, Lower Tully, Queensland"	"Fissidens henryae"
102	"Leaves oblong-lanceolate to lanceolate, widest in mid leaf; apex acute; lamina cells mammillose to unipapillose"	103
103	"Plants 1.0–2.5 mm tall; leaves oblong-lanceolate, 0.5–1.0 mm long, 0.16–0.24 mm wide; margins evenly serrate; lamina cells firm-walled, quadrate to hexagonal, 10–15 µm, unipapillose"	"Fissidens serratus"
103	"Plants to 3.0 mm tall; leaves narrowly oblong-lanceolate, to 1.8 mm long, 0.3 mm wide; margins crenulated-serrate; lamina cells quadrate to irregularly rounded-hexagonal, 8–12 (–15) µm, mammillose to unipappilose"	"Fissidens badyinbarus"
