from	statement	to
1	"Leaves rather thick, somewhat fleshy; laminal areolation dense; cells thick-walled; upper laminal cells hexagonal, 2–4: 1, those in upper third of the leaf angled away from costa at 20–45°; lower cells similar in size, not oblique, rectangular, transition from upper to lower cells rather gradual; asexual gemmae usually lacking (rhizoidal tubers rarely present)"	2
1	"Leaves thin, not fleshy; laminal areolation not noticeably dense; laminal cells thin- to somewhat thick-walled; upper cells linear-vermicular to hexagonal, 3–8: 1, not angled away from costa; lower cells typically abruptly shorter and broader than cells above, quadrate to short-rectangular, 1–2: 1 (at least in the alar region); asexual gemmae commonly present, of various kinds"	4
2	"Plants large; stems usually more than 20 mm long; costa percurrent; leaf apex obtuse to broadly acute"	"Gemmabryum laevigatum"
2	"Plants smaller; stems usually less than 20 mm long; costa excurrent as a short stout point; leaf apex acute"	3
3	"Leaves unbordered, strongly concave; lower laminal cells quadrate; stems often consisting of one or more imbricate comal tufts of leaves; on damp to dry soil, sand and rock; not encrusted with carbonates"	"Gemmabryum crassum"
3	"Leaves bordered at least in lower half, only weakly concave; lower laminal cells mixed quadrate and short-rectangular; stems with equidistant leaves, not in comal tufts; on wet rock or soil over rock; often encrusted with carbonates"	"Gemmabryum clavatum"
4	"Gemmae present as rhizoidal tubers; leaf axil bulbils rare"	5
4	"Gemmae present as leaf axil bulbils or stem tubers, sometimes lacking; rhizoidal tubers lacking"	16
5	"Tubers sparse, in tomentum on stem or clustered at stem base; leaves strongly imbricate when moist and dry, triangular to ovate, often reddish and glossy; upper and middle laminal cells somewhat incrassate; on damp or wet rock or on soil over rock near water"	6
5	"Tubers common to abundant, typically at stem base or on rhizoids in the substratum; leaves slightly twisted or contorted at tips when dry, erect-spreading when moist, ovate to ovate-lanceolate, rarely red near leaf base, glossy or not; upper and middle laminal cells mostly thin-walled; on damp or dry soil or around temporary pools, often in disturbed sites"	7
6	"Plants golden-brown, glossy, usually lacking red tints; costa long-excurrent in a stiff hairpoint; leaves mostly triangular (5)"	"Gemmabryum australe"
6	"Plants red or red-green, dull or glossy; costa short-excurrent as a stout point; leaves ovate"	"Gemmabryum cheelii"
7	"Tubers small, mostly < 100 µm long, although a few larger tubers sometimes present"	8
7	"Tubers larger, mostly > 120 ?m long; smaller tubers sometimes present"	10
8	"Median laminal cells elongate, 6: 1 or more; some cells > 100 ?m long; alar cells differentiated, quadrate; justacostal cells elongate; bulbils sometimes present in leaf axils"	"Gemmabryum apiculatum"
8	"Median laminal cells shorter, mostly 3–6: 1 and < 80 ?m long; cells across leaf base differentiated, quadrate to short-rectangular, 1–2: 1; bulbils lacking in leaf axils"	9
9	"Synoicous or dioicous; tubers brown, red-brown or golden-brown, pyriform, mostly 2 or 3 cells across; cells not protuberant"	"Gemmabryum sauteri"
9	"Dioicous; tubers red, globose, mostly > 3 cells across; cells protuberant"	"Gemmabryum klinggraeffii"
10	"Capsules erect; peristome reduced; cilia lacking; bulbils sometimes present in leaf axils"	11
10	"Capsules inclined to nodding; peristome well developed; bulbils lacking in leaf axils"	12
11	"Synoicous; leaves ovate-lanceolate, slightly twisted when dry, green; costa excurrent into a long hairpoint"	"Gemmabryum indicum"
11	"Dioicous; leaves ovate, imbricate or folded along costa but not twisted when dry, golden-green; costa percurrent to excurrent in a short stout point"	"Gemmabryum exile"
12	"Leaves bordered; median laminal cells 10–16 ?m wide; plants often with red tints; tubers red, mostly clustered at leaf bases"	"Gemmabryum rubens"
12	"Leaves not bordered; median laminal cells 10–14 (–16) ?m; plants mostly green or brown-green or golden; tubers on rhizoids in substratum or rarely in tomentum on stem"	13
13	"Costa strong, long-excurrent in a golden hairpoint; basal laminal cells mostly quadrate, at least in alar region, mixed with a few short-rectangular cells; tubers red, often on stem, some > 500 ?m long, with cells distinctly protuberant at ×30–40 magnification"	"Gemmabryum chrysoneuron"
13	"Costa short- or long-excurrent; basal laminal cells mostly either quadrate or short-rectangular; tubers < 300 ?m long, yellow, brown or red; cells not protuberant"	14
14	"Tubers golden-yellow throughout, mostly < 200 ?m long; internal cell walls red"	"Gemmabryum tenuisetum"
14	"Tubers red to red-brown, of various sizes; cell walls concolorous"	15
15	"Costa long-excurrent in a long hairpoint; tubers brown to red, mostly < 200 ?m long; basal laminal cells mostly quadrate; calcicolous"	"Gemmabryum radiculosum"
15	"Costa weaker, short-excurrent in a short hairpoint; tubers red, many > 200 ?m long; basal laminal cells mostly short-rectangular; calcifugous"	"Gemmabryum subapiculatum"
16	"Bulbils present in axils of upper leaves, mostly on sterile shoots"	17
16	"Bulbils lacking"	25
17	"Median laminal cells elongate, 6: 1 or more, some cells > 100 ?m long; alar cells differentiated, quadrate; justacostal cells elongate"	"Gemmabryum apiculatum"
17	"Median laminal cells shorter, mostly 3–6: 1, mostly < 80 ?m long; cells across leaf base differentiated, quadrate to short-rectangular, 1–2: 1"	18
18	"Synoicous; capsules erect, with a reduced peristome; neck not inflated; leaves somewhat twisted when dry"	"Gemmabryum indicum"
18	"Dioicous; capsules inclined to nodding, rarely erect; neck often distinctly inflated; leaves mostly imbricate when dry"	19
19	"Stems elongate (> 10 mm); leaves ovate, cucullate near tip of stem, strongly concave; costa percurrent or not reaching apex; bulbils present, with distinct leafy tips"	"Gemmabryum sullivanii"
19	"Stems mostly short (< 10 mm); leaf shapes various, not cucullate, plane or weakly concave; costa generally short- to long-excurrent into a distinct hairpoint; bulbils various"	20
20	"Leaves ovate, widest in the middle"	21
20	"Leaves ovate-lanceolate, lanceolate or triangular, widest below the middle"	22
21	"Costa long-excurrent into an often hyaline spinulose hairpoint; plants generally with a reddish tint; capsule neck corrugate, abruptly contracted to seta; stem tubers sometimes present"	"Gemmabryum eremaeum"
21	"Costa percurrent to short-excurrent, golden-brown; hairpoint smooth; plants lacking red tints; capsule neck smooth to somewhat corrugate, tapered to seta; stem tubers lacking"	"Gemmabryum exile"
22	"Bulbils with distinct leafy primordia, generally 1 per axil; capsule neck thick and corrugate, or smooth to wrinkled and tapered to the seta"	23
22	"Bulbils lacking leafy primordia, often many per axil; capsule neck thick, corrugate, abruptly contracted to seta"	24
23	"Capsule neck smooth or wrinkled, tapered; leaves ovate-lanceolate; leaf margin plane or recurved to midleaf"	"Gemmabryum dichotomum"
23	"Capsule neck thick and corrugate and abruptly contracted to seta; leaves lanceolate or triangular; leaf margin strongly recurved to near apex"	"Gemmabryum coronatum"
24	"Hairpoint hyaline; bulbils with small peg-like primordia at tip; apex often irregularly grooved between tips; stem tubers often present"	"Gemmabryum eremaeum"
24	"Hairpoint usually golden-brown or red; bulbils lacking primordia; apex smooth; stem tubers absent"	"Gemmabryum pachythecum"
25	"Median laminal cells elongate, 6: 1 or more, some > 100 ?m; alar cells differentiated, quadrate; justacostal cells elongate; plants glossy yellow or silver-green, in thin mats; stems evenly foliate"	26
25	"Median laminal cells shorter, mostly 3–6: 1, mostly < 80 ?m; cells across leaf base differentiated, quadrate to short-rectangular, 1–2: 1; plants dull or glossy green or red-green; stems mostly gemmiform to evenly foliate"	27
26	"Plants yellow-green; capsules inclined to nodding, tapering to a somewhat narrowed mouth; peristome well developed; cilia present; basal membrane high"	"Gemmabryum inequale"
26	"Plants green to silver-green; older leaves losing chlorophyll; capsules erect or suberect, widest at mouth; peristome reduced; cilia short or absent; basal membrane low"	"Gemmabryum acuminatum"
27	"Leaves strongly imbricate, not twisted or contorted when dry (although sometimes folded); margin plane or recurved near base; costa percurrent to excurrent as a short stout point"	28
27	"Leaves loosely imbricate, somewhat contorted or twisted when dry; margin recurved to mid-leaf or beyond; costa strong, long-excurrent as a long smooth to spinulose hairpoint"	30
28	"Leaves ovate-lanceolate to triangular; capsules common, tapered to a narrow mouth; operculum distinctly rostrate"	"Gemmabryum preissianum"
28	"Leaves ovate; capsules rare, with a wide mouth; operculum short-conical"	29
29	"Leaves often smoothly folded along costa; capsules erect; peristome reduced; cilia short or absent; basal membrane low; bulbils sometimes present in leaf axils"	"Gemmabryum exile"
29	"Leaves imbricate, not folded; capsules nodding; peristome well developed; cilia present; basal membrane high; bulbils lacking in leaf axils"	"Gemmabryum austrosabulosum"
30	"Leaf tips hyaline; leaves bordered at least above; hairpoint hyaline at least at tip, spinulose; stem tubers often present; other gemmae lacking"	"Gemmabryum coarctatum"
30	"Leaf tips coloured; leaves unbordered; hairpoint coloured, mostly smooth; stem tubers absent; rhizoidal tubers and leaf axil bulbils sometimes present"	"Gemmabryum indicum"
