from	statement	to
1	"Leaves bordered by elongate cells"	"Rhizogonium pennatum"
1	"Leaves not bordered by elongate cells"	2
2	"Costa ending just below the coarsely toothed leaf apex; leaves more than 0.6 mm wide"	"Rhizogonium distichum"
2	"Costa ending below the apex to excurrent; leaf apex not coarsely toothed; leaves less than 0.6 mm wide"	3
3	"Length-width ratio of leaves less than 3:1; costa excurrent"	"Rhizogonium novae-hollandiae"
3	"Length: width ratio of leaves more than 3:1; costa ending below apex to excurrent"	"Rhizogonium graeffeanum"
