from	statement	to
1	"Hairpoints of uppermost vegetative and perichaetial leaves ciliate-branched and, when dry, flexuose-crisped; laminal cells thin-walled, the contents conspicuously stellate-shrunken when dry"	"Leptostomum macrocarpon"
1	"Hairpoints simple, not especially flexuose when dry; laminal cells thick-walled, the contents not noticeably shrunken when dry"	2
2	"Hairpoints of vegetative leaves elongate; margin broadly and strongly revolute; leaf apex entire, symmetrical; cells 10–20 µm, only moderately thick-walled; leaves usually tightly spirally twisted around stem when dry; capsules with a short neck broadly tapering to the seta"	"Leptostomum erectum"
2	"Hairpoints of vegetative leaves usually short; margin narrowly revolute; leaf apex slightly toothed and somewhat asymmetrical; cells 9–12 µm, very thick-walled; leaves erect, scarcely twisted around stem when dry; capsules with a long neck gradually tapering to the seta"	"Leptostomum inclinans"
