from	statement	to
1	"Leaves costate"	2
1	"Leaves lacking a costa"	6
2	"Costa rarely extending much distal to mid-leaf; leaves broadly oval to oblong"	"Andreaea nitida"
2	"Costa reaching or almost reaching leaf apex; leaves lanceolate or blade tapering from shoulder of oblong base"	3
3	"Leaves lanceolate; costa well defined and not filling blade; perichaetial bracts not convolute, not or slightly sheathing"	"Andreaea australis"
3	"Leaves tapering from oblong base; costa often indistinct and filling much of blade; perichaetial bracts distinctly convolute and sheathing"	4
4	"Margins of leaf base at least partly crenate to toothed from projecting ends of cells"	"Andreaea microvaginata"
4	"Margins of leaf base entire (rarely with a hint of crenation)"	5
5	"Marginal cells in leaf base mostly isodiametric; base of capsule shorter than valves; costa mostly conspicuous in leaf base"	"Andreaea subulata"
5	"Marginal cells in leaf base mostly rectangular; base of capsule equal to or longer than valves; costa often weak or disappearing in leaf base"	"Andreaea heinemannii"
6	"Margins of leaf base at least partly crenate to toothed from projecting ends of cells"	7
6	"Margins of leaf base entire"	11
7	"Turgid spores mostly more than 35 µm diameter."	8
7	"Turgid spores mostly less than 30 µm diameter."	10
8	"Leaves mostly 3–4 times as long as wide; leaf blade often falcate and secund; leaf apex unistratose; perigonial paraphyses absent"	"Andreaea acutifolia"
8	"Leaves less than 3 times as long as wide; leaf blade straight, not or rarely secund; leaf apex locally bistratose distally; perigonial paraphyses present"	9
9	"Proximal marginal cells oblique and crenate or toothed almost to insertion (occasionally the 1 or 2 most proximal marginal cells entire and erect); ±abrupt triangular area always present at apex, occupying a quarter or more the length of the leaf; distal laminal cells smooth or bulging"	"Andreaea alpina"
9	"Proximal marginal cells oblique and crenate or toothed mostly only near sinus, 4–16 most proximal cells entire and erect; ±abrupt triangular area, when present at apex, occupying less than one-fifth of the length of leaf; distal laminal cells usually indistinctly papillose"	"Andreaea gainii"
10	"Leaves ±panduriform, 2–3 times as long as wide; sinus strongly contracted; base distinctly sheathing"	"Andreaea acuminata"
10	"Leaves linear- to oblong-lanceolate, (4–) 5–6 (–7) times as long as wide; sinus not or barely contracted; base only slightly sheathing"	"Andreaea flabellata"
11	"Marginal cells in leaf base all isodiametric; leaf base not sheathing; sinus absent"	"Andreaea mutabilis"
11	"At least some marginal cells in leaf base rectangular; leaf base sheathing (very indistinctly in A. flexuosa and A. flabellata); sinus well defined"	12
12	"Leaf apex not cucullate (sometimes rounded)"	13
12	"Leaf apex (in at least some leaves) clearly cucullate"	14
13	"Leaf apex narrowly acute or acuminate, not rounded; margin incurved (blade appearing channelled to extreme apex); distal laminal cells locally (sometimes indistinctly) papillose, unistratose"	"Andreaea flabellata"
13	"Leaf apex acute, often rounded; margin plane at and near apex; distal laminal cells smooth or bulging, often locally bistratose"	"Andreaea flexuosa"
14	"Leaf lamina with distinct often extensive bistratose patches; capsule base as long as valves; perigonial paraphyses present"	"Andreaea sp."
14	"Leaf lamina unistratose, very rarely with a minute (1 cell wide and long) bistratose layer; capsule base shorter than valves; perigonial paraphyses absent"	15
15	"Turgid spores mostly 44–50 µm diam.; leaves widest proximal and distal to sinus"	"Andreaea amblyophylla"
15	"Turgid spores mostly 16–29 µm diam.; leaves widest in base"	"Andreaea huttonii"
