from	statement	to
1	"Plants without clearly differentiated stems and branches; branches, if present, not in fascicles"	"Sphagnum fuscovinosum"
1	"Plants with clearly differentiated stems and branches; branches borne in fascicles on the stem"	2
2	"Cortical cells of stems and branches commonly fibrillose (sometimes almost absent in S. perichaetiale); branch leaves broad, cucullate, roughened at the back (abaxial side) of the broad apex and denticulate along marginal resorption furrow; hyaline cells of branch leaves with pores in 2s and 3s at adjacent cell angles, at least on adaxial surface"	3
2	"Cortical cells of stems and branches never fibrillose; branch leaves tapered to a narrow truncate apex, or less tapered and broadly truncate, usually entire, except across apex; mostly without a resorption furrow; hyaline cells of branch leaves rarely with pores in 2s or 3s at adjacent cell angles, at least on abaxial surface"	4
3	"Adaxial surface pores of branch leaf hyaline cells absent or rare; abaxial surface pores large, 2–8, ringed, often in 3s at basal angles of cells"	"Sphagnum cristatum"
3	"Adaxial surface pores of branch leaf hyaline cells absent or with few (1–4) simple pores scattered along commissures; abaxial surface pores in mid-leaf arranged at conjunction of basal and lateral angles of adjacent cells, forming pseudolacunae, with no or few additional pores"	"Sphagnum perichaetiale"
4	"Stem cortical cells in 1 or 2 layers"	5
4	"Stem cortical cells in 3 (sometimes more) layers"	6
5	"Stem cortical cells predominantly in 1 layer; hyaline cells of branch leaves with numerous pores abaxially, few adaxially; chlorophyllose cells narrowly ellipsoidal or narrowly rectangular in section, exposed equally on both surfaces of leaf"	"Sphagnum novozelandicum"
5	"Stem cortical cells predominantly in 2 layers; hyaline cells of branch leaves with very few pores abaxially or adaxially; chlorophyllose cells triangular in section, exposed abaxially"	"Sphagnum falcatulum"
6	"Hyaline cells of stem cortex fibrillose and porose"	"Sphagnum cristatum"
6	"Hyaline cells of stem cortex efibrillose and porose"	"Sphagnum australe"
