from	statement	to
1	"Upper laminal cells smooth"	2
1	"Upper laminal cells papillose"	4
2	"Costa usually excurrent, rarely percurrent; stems in cross-section with uniformly thin-walled cells"	"Zygodon minutus"
2	"Costa ending below apex; stems in cross-section with at least some of the cortical cells thick-walled"	3
3	"Plants yellow-green; costa strong; leaves 0.3–0.6 mm long, usually plane with flat margins"	"Zygodon gracillimus"
3	"Plants olive-green to dark green-brown above, brown or brown-black below; costa less well defined; leaves 1.0–1.6 (–2.1) mm long, slightly undulate, mostly with margins recurved to revolute in central part"	"Zygodon menziesii"
4	"Leaf apices obtuse; plants to 10 mm tall; leaves to 1 mm long"	"Zygodon obtusifolius"
4	"Leaf apices acute or short-acuminate; plants to 55 mm tall; leaves to 2.4 mm long"	5
5	"Dioicous; perichaetial leaves lanceolate, with an acute apex; leaves rarely denticulate near apex, with teeth formed only by part of a cell; seta 2.5–10 mm long; capsules 1.0–1.5 mm long; spores 13–20 µm diameter"	"Zygodon intermedius"
5	"Synoicous; perichaetial leaves ovate to lanceolate, with an acuminate apex; leaves often dentate, with teeth formed by entire cells; seta 10–15 mm long; capsules 1.5–2.0 mm long; spores 20–25 µm diameter"	"Zygodon hookeri"
