from	statement	to
1	"Leaves lanceolate to narrowly lanceolate, with acuminate apices; margin entire; perichaetial leaves acuminate, with the apical cell coronate-papillose"	"Taxithelium muscicola"
1	"Leaves ovate or ovate-lanceolate, with acute apices, only occasionally short-acuminate; margin serrulate; perichaetial leaves acuminate, with apical the cell usually smooth"	2
2	"Laminal cells only faintly seriately papillose to smooth, short, c. 4–5:1; plants growing on mangrove roots"	"Taxithelium leptosigmatum"
2	"Laminal cells strongly seriately papillose, short or long; growing on stems and logs in rainforest and monsoon forest, rarely on rock"	3
3	"Leaves ovate-lanceolate, gradually narrowing to a short acumen; mid-laminal cells short, c. 5–6:1; perichaetial leaves lanceolate, abruptly narrowing to long narrow subulate apex"	"Taxithelium kerianum"
3	"Leaves ovate; apices acute; mid-laminal cells c. 10:1; leaf margins entire to minutely crenulate or serrulate near the apex; perichaetial leaves lanceolate, gradually narrowing to the apex"	4
4	"Leaf margins sharply serrate towards the apex, serrulate towards the base; basal alar cells usually 2, slightly enlarged and pigmented; supra-alar cells in a small triangular group"	"Taxithelium instratum"
4	"Leaf margins entire to serrulate at the apex, smooth below; basal alar cells 3 or 4, scarcely enlarged and thick-walled, yellowish or hyaline; supra-alar cells numerous"	"Taxithelium nepalense"
