from	statement	to
1	"Leaves in ranks of 5 (this sometimes obscured when dry); operculum rostrate with a long thin bent apex; peristome teeth absent or smooth and joined at the apex"	Conostomum
1	"Leaves not ranked; operculum convex to umbonate; peristome teeth absent or papillose and not joined at the apex"	2
2	"Plants without subfloral innovations; leaves long and narrow (often abruptly narrowed from a sheathing base); apex setaceous"	Bartramia
2	"Plants with subfloral innovations; leaves shorter and more lanceolate (sheathing base not present); apex entire to denticulate, occasionally setaceous"	3
3	"Leaves usually plicate at least at the base; more than 20 cells between margin and costa at leaf base"	Breutelia
3	"Leaves not plicate; fewer than 20 cells between margin and costa at leaf base"	Philonotis
