from	statement	to
1	"Growing on rock or soil; leaf apices curved towards the substratum when dry; setae 5–10 mm long"	"Fissidens oblongifolius var. oblongifolius"
1	"Growing on bark; leaf apices curved away from the substratum when dry; setae to c. 3 mm long"	2
2	"Plants unbranched, dioicous"	"Fissidens oblongifolius var. palmerstonensis"
2	"Plants usually branched, autoicous"	3
3	"Costa pale, 40–60 ?m wide at the base; leaves c. 5–7 times longer than wide"	"Fissidens oblongifolius var. hyophilus"
3	"Costa deep reddish gold, to 80 ?m wide at the base; leaves c. 10 times longer than wide"	"Fissidens oblongifolius var. longiligulatus"
