from	statement	to
1	"Costa extending 10–40 (–60)% up the leaf, very thin except near the base where it can be 60 µm wide, occasionally forked almost from the base"	"Rhynchostegium brevinerve"
1	"Costa extending (50–) 60–85% up the leaf, sometimes percurrent, broader, up to 92 µm wide near the base, not forked."	2
2	"Leaf apex narrowly acute to broadly acuminate, occasionally almost rounded or broadly obtuse; seta mammillose; outer surface of exostome deeply furrowed (not split) in lower part."	"Platyhypnidium austrinum"
2	"Leaf apex subobtuse, broadly acute or broadly apiculate; seta smooth; outer surface of exostome not furrowed."	"Platyhypnidium aquaticum"
