from	statement	to
1	"Plants without subfloral innovations; leaf base broadened, hyaline and sheathing; axillary hairs filamentous, to 7 or 8 cells; basal 2–5 cells with pigmented cross-walls only; all basal cells of leaf elongate"	2
1	"Plants with rare subfloral innovations occurring below some male inflorescences; leaf bases not differentiated; axillary hairs very short, usually comprising 1 pigmented basal cell and 1 hyaline globose cell; leaves with rows of quadrate cells at basal margins"	5
2	"Lamina cells mostly unistratose; mid-laminal cells mostly isodiametric or broader than long; mature capsules clearly asymmetrical"	"Bartramia mossmaniana"
2	"Laminal cells 2- or 3-stratose; mid-laminal cells elongate; mature capsules symmetrical or nearly so"	3
3	"Robust plants of alpine bogs; sheathing leaf base obcuneate (1.5 times longer than wide), with the lamina 2- to 3-stratose near shoulder; green lamina triangular, 3- or more stratose; spores reniform, finely and densely papillose"	"Bartramia subsymmetrica"
3	"Slender to small plants of drier habitats; sheathing leaf base oblong (3 times longer than wide), with the lamina unistratose; green lamina linear-lanceolate, 2-stratose; spores ±globose, verrucose"	4
4	"Plants usually > 10 mm tall; leaves usually spreading; peristome present (although often lost); exothecial cells without prominent trigones"	"Bartramia robusta"
4	"Plants < 8 mm tall; leaves suberect; peristome absent; exothecial cells with prominent trigones"	"Bartramia hampeana subsp. hampei"
5	"Leaves 3.5–4.5 mm long, with 9–12 longitudinal rows of q1uadrate cells at basal margin"	6
5	"Leaves 1.5–3.5 mm long, with up to 5 rows of quadrate cells at basal margin"	7
6	"Lamina with numerous projecting spinose papillae; margin narrowly revolute to near"	"Bartramia alaris"
6	"Laminal papillae low and ‘mounded’, not spinose; margin revolute in lower half or less"	"Bartramia breutelii"
7	"Leaves spreading, flexuose; spores 24–28 µm diam., with small dense verrucae"	"Bartramia pseudostricta"
7	"Leaves erect and appressed to stem when dry; spores 24–35 µm diam., with fewer larger verrucae"	8
8	"Spores 24–25 µm diam., with a few large domed verrucae; leaves usually with 16–22 cells between costa and margin (at the base), 2–5 rows at the margin being quadrate"	"Bartramia strictifolia"
8	"Spores 30–35 µm diam., with very large irregular verrucae; leaves usually with 15–17 cells between costa and margin (at the base), 1–2 (–3) rows at margin being quadrate"	"Bartramia nothostricta"
