from	statement	to
1	"Plants silvery; upper parts of leaves hyaline; costa variable, weak to excurrent"	2
1	"Plants brown or green, not silvery; upper parts of leaves green; costa weak, not reaching apex (to percurrent in B. harriottii)"	4
2	"Leaf apex obtuse or rarely slightly apiculate; apiculus < 3 ?m long and acuminate; leaves often cucullate; basal laminal cells predominantly short-rectangular (2: 1); upper-middle laminal cells broad (> 14 µm) (1)"	"Bryum subrotundifolium"
2	"Leaf apex apiculate to acuminate; hairpoint or apiculus > 8 ?m long; leaves not cucullate; basal laminal cells predominantly quadrate; upper and mid-laminal cells narrow (< 10 µm)."	3
3	"Costa percurrent; leaf abruptly contracted to apiculus"	"Bryum argenteum"
3	"Costa excurrent in a hairpoint, strong; leaf acuminate"	"Bryum lanatum"
4	"Upper laminal cells elongate-vermicular (> 6: 1); tropical Qld"	"Bryum auratum"
4	"Upper laminal cells short and broad (2–3: 1); Tasmania."	"Bryum harriotii"
