from	statement	to
1	"Peristome single (exostome lacking); costa ending below the long hairpointed leaf apex"	Hymenodon
1	"Peristome double; costa usually percurrent to excurrent (ending below apex in Goniobryum); leaf apex lacking a long hairpoint"	2
2	"Laminal cells more than 30 µm long"	Goniobryum
2	"Laminal cells less than 30 µm long"	3
3	"Marginal teeth paired"	Pyrrhobryum
3	"Marginal teeth single"	4
4	"Leaves neither ranked nor complanate, often with propagula between leaves"	"Leptotheca:Leptotheca gaudichaudii"
4	"Leaves ranked and complanate, lacking propagula between leaves"	5
5	"Leaves 4-ranked; plants 2.5–8.0 cm long; leaf border composed of elongate cells"	Mesochaete
5	"Leaves 2-ranked; plants 1–3 cm long; leaf border with or without elongate cells"	Rhizogonium
