from	statement	to
1	"Costa extending to half the leaf length; laminal cells sparingly papillose"	2
1	"Costa extending to more than two-thirds the leaf length; laminal cells densely papillose"	3
2	"Leaves twisted; papillae up to 7 or 8 per laminal cell"	"Papillaria intricata"
2	"Leaves straight; papillae to 2 or 3 per laminal cell"	"Papillaria nitens"
3	"Auricular cells meeting the leaf border at right angles; margin entire; cells ±uniform in size"	4
3	"Auricular cells parallel to the leaf border; margin generally denticulate; cell size variable"	5
4	"Plants very slender; leaves to 0.5 mm wide, carinate in T.S.; costa strong and slightly flexuose"	"Papillaria zeloflexicaulis"
4	"Plants slender, leaves more than 0.5 mm wide, caniculate in T.S.; costa thin and straight"	"Papillaria flexicaulis"
5	"Leaf margin recurved, strongly bent back at mid-leaf; auricles with a broad border of long narrow cells"	"Papillaria flavolimbata"
5	"Leaf margin plane; auricles lacking a broad border"	6
6	"Leaves smoothly curved; costa usually straight, if flexuose then forked"	"Papillaria leuconeura"
6	"Leaves undulate and plicate; costa flexuose, never forked"	"Papillaria crocea"
