from	statement	to
1	"Leaf border 1 or 2 cells wide; apiculus 30–50 µm long"	"Calyptrochaeta brownii"
1	"Leaf border 3–7 cells wide; apiculus (50–) 100–300 µm long"	2
2	"Leaf border 5–7 cells wide; apiculus stout; leaves crisped or curled, often yellowish"	"Calyptrochaeta apiculata"
2	"Leaves border (2–) 3–4 (–5) cells wide; apiculus narrow; leaves ±straight, green to dark green"	3
3	"Leaves orbicular"	"Calyptrochaeta rotundifolia"
3	"Leaves oblong to ovate"	4
4	"Apiculus 50–60 (–120) µm long; denticulations absent or very weak"	"Calyptrochaeta otwayensis"
4	"Apiculus 200–300 µm long; denticulations weak or prominent"	5
5	"Leaf margin prominently denticulate; border 3–5 cells and 18–35 µm wide"	"Calyptrochaeta flexicollis"
5	"Leaf margin weakly denticulate, rarely entire; border 2 or 3 cells and 12–25 µm wide"	"Calyptrochaeta brassii"
