from	statement	to
1	"Plants with axillary gemmae"	2
1	"Plants lacking axillary gemmae"	5
2	"Gemmae solitary in each leaf axil, red, with conspicuous laminate leaf primordia"	"Pohlia inflexa"
2	"Gemmae numerous in each leaf axil, variable in color but not red"	3
3	"Gemmae obconical or variously elongate and vermicular"	"Pohlia annotina"
3	"Gemmae spherical or nearly so"	4
4	"Gemmae 70–150 µm diameter, glossy- translucent when dry, with 1–4 short peg-like primordia near the apex"	"Pohlia camptotrachela"
4	"Gemmae 175–400 µm diameter, dull or slightly glossy, with 4 broadly laminate apical leaf primordia that form a dome over the apex"	"Pohlia bulbifera"
5	"Plants less than 5 mm tall; leaves linear-lanceolate"	"Pohlia tenuifolia"
5	"Plants 8–50 mm tall; leaves lanceolate to ovate-lanceolate"	6
6	"Plants very pale; leaf cells broad, 10–18 µm wide"	"Pohlia wahlenbergii"
6	"Plants pale to dark green, not notably pale; leaf cells 6–10 (–12) µm wide"	7
7	"Plants dull; leaf cells elongate-hexagonal, with ±thickened walls"	8
7	"Plants ±glossy; leaf cells rhomboidal to linear-rhomboidal, with thin walls"	9
8	"Capsule neck as long as or longer than the urn; endostome segments narrowly perforate along the keels; cilia absent or rudimentary"	"Pohlia elongata"
8	"Capsule neck shorter than the urn; endostome segments broadly perforate along the keels; cilia long and nodulose"	"Pohlia nutans"
9	"Leaf cells rhombic; capsules erect; endostome segments irregular, with narrowly (or non-) perforate segments; cilia absent"	"Pohlia clavaeformis"
9	"Leaf cells linear-vermicular; capsules ±inclined; endostome segments well-developed, broadly perforate; cilia present"	"Pohlia cruda"
