from	statement	to
1	"Laminal cells strongly papillose"	2
1	"Laminal cells weakly papillose"	3
2	"Leaf margins markedly serrulate to serrate throughout; leaves flat; L:W of laminal cells 12–14:1"	"Trichosteleum ruficaule"
2	"Leaf margins weakly serrate or serrulate in the upper half; leaves concave; L:W of laminal cells 15–20:1"	"Trichosteleum boschii"
3	"Leaves mostly falcate to falcate-secund, especially the perichaetial and distal branch leaves; apex of perichaetial leaf serrulate"	"Trichosteleum subfalcatulum"
3	"Leaves mostly erect-ascending to weakly secund, not falcate; distal branch leaves and perichaetial leaves very rarely flexuose; apex of perichaetial leaf entire"	"Trichosteleum wattsii"
