from	statement	to
1	"Marginal leaf cells longer than adjacent laminal cells, sometimes visible only in (upper) part of leaf; leaves toothed at least in upper 1/3; capsules markedly asymmetrical, inclined to horizontal; peristome teeth sigmoid in outline; spores coarsely baculate-insulate (subg. Plagiodus)"	2
1	"Marginal leaf cells not differentiated from adjacent laminal cells; leaves entire or toothed; capsules symmetrical  or weakly asymmetrical , erect or nearly so; peristome teeth straight or weakly curved in outline, or absent; spores variously ornamented but not baculate-insulate (subg. Entosthodon)"	3
2	"Leaf apices acute and apiculate; apical cells of upper leaves 30–90 µm long; capsules obovoid, 1.5–2.0 (–2.3) mm long, with a weakly defined neck less than 1/3 the capsule length; common"	"Entosthodon radians"
2	"Leaf apices acuminate; apical cells of upper leaves 125–180 µm long; capsules oblong-obovoid, (2.3–) 2.5–3.2 mm long, with a well-defined neck nearly half the capsule length; rare"	"Entosthodon muehlenbergii"
3	"Leaves widest in the lower 1/3, ovate-lanceolate, erect and appressed to the stem when dry or moist; setae twisted to the left throughout; capsules less than 1.5 mm long, gymnostomous"	"Entosthodon productus"
3	"Leaves widest at or above the middle, ±oblong-obovate, erect-spreading at least when moist; setae twisted to the right, at least in the upper part; capsules more than 1.5 mm long (except in small forms of E. subnudus var. gracilis), peristomate or gymnostomous"	4
4	"Rhizoids cerise; exothecial cells in cross-section with anticlinal walls not or very weakly cuneate; leaves lingulate, entire, ±plane or weakly concave, with broadly acute or obtuse apices; capsules peristomate"	"Entosthodon laxus"
4	"Rhizoids reddish brown; exothecial cells in cross-section with anticlinal walls distinctly cuneate (usually apparent without sectioning); leaves ±obovate and acuminate (except some forms of E. subnudus var. gracilis), serrate or entire; capsules gymnostomous or peristomate"	5
5	"Leaf margins bluntly serrate"	6
5	"Leaf margins entire (rarely ±crenulate)"	7
6	"Capsules obovoid-cylindrical; exostome well developed; endostome rudimentary to greater than half the height of the exostome; exothecial cells obscure in surface view (due to strongly cuneate cell walls); cells of the upper lamina 60–75 µm long; costa less than 45 µm wide in lower 1/3 of leaf; widespread throughout Australia"	"Entosthodon subnudus"
6	"Capsules broadly pyriform, gymnostomous; exothecial cells with distinct lumina, cells of the upper lamina 30–50 µm wide; costa c. 60–65 µm wide in lower 1/3 of the leaf; NE N.S.W. and SE Qld"	"Entosthodon smithurstii"
7	"Capsules (2.0–) 3.0–4.5 mm long, oblong-cylindrical; neck gradually tapered, c. half the capsule length; gymnostomous; spores usually finely verrucate and with a trilete scar"	"Entosthodon apophysatus"
7	"Capsules 1.8–2.5 mm long, obovate or rarely oblong-cylindrical; neck markedly less than half the capsule length; peristomate; spores lacking a trilete scar"	"Entosthodon subnudus"
