from	statement	to
1	"Plants less than 5 mm tall; leaves 0.5–0.9 mm long; capsules wrinkled; peristome absent"	"Conostomum curvirostre"
1	"Plants usually more than 5 mm tall; leaves 0.75–2.40 mm long; capsules sulcate; peristome present"	2
2	"Costa well-defined, occupying c. one-third of leaf base; leaves not clearly in ranks of 5"	"Conostomum pusillum"
2	"Costa broad and poorly defined, occupying c. two-thirds of leaf base; leaves usually clearly 5-ranked, especially on the lower parts of the stem"	"Conostomum pentastichum"
