from	statement	to	shortcut
1	"Monoicous; sporogones and gametoecia usually present; stems rarely exceeding 5 cm in length; paraphyllia simple, occasionally with 1 or 2 short branches, mostly to 5 cells long; axillary hairs with a single distal cell"	Pelekium	
1	"Dioicous; sporogones usually absent; stems in most species exceeding 8 cm in length; paraphyllia simple or branched, when all simple mostly more than 5 cells long"	2	
2	"Paraphyllia strongly branched; branches mostly far longer than the unbranched basal part; axillary hairs with up to 5 distal cells; leaf cells abaxially papillose, adaxially smooth or ornamented near the leaf margin and on folds only; seta and calyptra smooth and naked (except in T. plumulosum); stem leaves often piliferous"	Thuidium	
2	"Paraphyllia mostly unbranched, occasionally with 1 or 2 short lateral branches; axillary hairs with 1 or 2 distal cells; cells papillose on both leaf faces"	3	
3	"Stem leaves broadly rounded cordate-triangular, narrowly acuminate; margins broadly recurved; axillary hairs with 1 or 2 distal cells; setae smooth; calyptrae cucullate, smooth, often sparingly ciliate by paraphysal hairs"	Thuidiopsis	
3	"Stem leaves mostly triangular to ovate; margins ±plane; axillary hairs with a single distal cell; setae spinose; calyptrae campanulate, scabrous, bearing a few scattered hairs"	Aequatoriella	"Aequatoriella bifaria"
