from	statement	to
1	"Alar groups of stem leaves well differentiated, ovate or ovate-triangular, consisting of numerous small oblate to rectangular thin-walled or slightly incrassate cells that extend up along the basal leaf margin 1/6–1/3 way up leaf"	Scorpiurium
1	"Alar groups of stem leaves differentiated or not, if ovate and consisting of small quadrate or rectangular cells, then extending at most 1/6 way up leaf"	2
2	"Stems and branches strongly curved when dry"	Scleropodium
2	"Stems and branches at most slightly curved when dry"	3
3	"Stem leaf costa 66–135 µm wide at the base, if less than 84 µm wide, then axillary hairs with (3–) 4–9 upper cells and the leaves imbricate, broadly obovate to broadly ovate, with a broadly obtuse or rounded and apiculate apex, strongly concave"	4
3	"Stem leaf nerve 18–88 µm wide at the base; axillary hairs with at most 4 upper cells; leaves differently shaped"	5
4	"Stem leaves abruptly narrowed to a broadly obtuse or rounded and apiculate apex; plants of drier habitats"	Pseudoscleropodium
4	"Stem leaves gradually or abruptly tapering to a short- or long-acuminate apex; plants of wet habitats"	Brachythecium
5	"Plants medium-sized to large; stem leaves ovate or broadly ovate to almost orbicular, above shortly narrowed to a broadly obtuse, narrowly acute or broadly acuminate apex; leaves of stoloniferous shoots occasionally scale-like; margin very regularly denticulate or strongly denticulate in the upper 1/2–3/4"	Platyhypnidium
5	"Plants minute to large; stem leaves varying around ovate to broadly cordate, occasionally lanceolate, gradually or abruptly narrowed to a short- or long-acuminate apex; margin above strongly to finely denticulate, but never very regularly so"	6
6	"Alar cells of stem leaves strongly inflated and hyaline, forming a sharply delimited triangular group that reaches from the leaf margin 2/5–4/5 of the distance towards the costa"	Brachythecium
6	"Alar cells of stem leaves not or slightly inflated; appearance of group varying"	7
7	"Alar cells oblate, quadrate, rectangular or elongate-rectangular, often giving a regular appearance, not or slightly inflated, and forming a well-delimited (sometimes small) group"	Brachythecium
7	"Alar cells either rectangular to short-linear and slightly inflated, or weakly differentiated and diffusely delimited from surrounding cells"	8
8	"Branch leaf costa usually ending in a distinct spine on the back in many or all leaves"	9
8	"Branch leaf costa not ending in a spine; in occasional specimens ending in a short and indistinct spine on the back of a few leaves"	12
9	"Stem leaves with a ±well-differentiated acumen that constitutes 1/5 or more of the leaf length (sometimes considerably longer)"	10
9	"Stem leaves without a differentiated acumen, or the acumen constituting less than 1/5 of the leaf length; if longer, then the leaves when dry (especially branch leaves) directed forwards from a spreading leaf base to incurved"	11
10	"Stem and branch leaves differing strongly from each other in size and shape; median laminal cells of stem leaves 5.5–8.5 µm wide; dioicous"	Eurhynchium
10	"Stem and branch leaves ±similar except for slight size differences; median laminal cells of stem leaves 6.5–11.5 µm wide; autoicous."	Rhynchostegium
11	"Stem leaves narrowly ovate to narrowly lanceolate; stem and branch leaves with strongly inrolled margins when dry; leaves appearing very narrow, needle-like; plants small"	Rhynchostegium
11	"Stem leaves ovate to broadly cordate; margins not strongly inrolled when dry; plants minute or medium-sized"	Eurhynchium
12	"Median laminal cells of stem leaves 4.5–8.5 µm wide"	Rhynchostegium
12	"Median laminal cells of stem leaves 7.5–13.0 µm wide"	13
13	"Plants medium-sized; leaves, especially on branches, usually subcomplanate or complanate; seta smooth"	Rhynchostegium
13	"Plants medium-sized to large; leaves evenly arranged around stems and branches, often subimbricate; seta mammillose"	Brachythecium
