from	statement	to
1	"Stems to 2 mm tall; capsules immersed, with very short setae (< 1 mm long)"	2
1	"Stems more than 2 mm tall; capsules exserted on elongate setae"	3
2	"Capsules operculate; spores ellipsoidal, 60–100 µm in greater diam.; calyptra with 8 radial pleats, 8-lobed at the base, covering the immature capsule"	"Goniomitrium:Goniomitrium acuminatum"
2	"Capsules inoperculate; spores subreniform, 25–40 µm diam.; calyptra unlobed or rarely slightly lobed at the base, covering only the rostrum of the capsule"	Physcomitrella
3	"Capsules inclined and asymmetrical, sulcate when dry; peristome double; teeth strongly sigmoid, fused at apex by a lattice disc"	Funaria
3	"Capsules erect and symmetrical, not sulcate when dry (but often with the neck wrinkled); peristome double, single or absent; teeth (if present) not fused at apex"	4
4	"Operculum with a stout to slender rostrum; peristome absent; exothecial cells isodiametric; calyptra mitrate-rostrate"	Physcomitrium
4	"Operculum plane, convex or conical, not or very slightly rostrate; peristome present or absent; exothecial cells linear-oblong, oblong or, very rarely, isodiametric; calyptra cucullate-rostrate"	Entosthodon
