from	statement	to
1	"Leaves lanceolate-subulate, costate; margin entire, serrate or denticulate; calyptra usually cucullate; vaginula ellipsoidal or cylindrical"	2
1	"Leaves variously shaped; costa absent or rudimentary; margin dentate, sometimes deeply incised; calyptra usually campanulate; vaginula subglobose"	3
2	"Perigonia lacking paraphyses; spores 20–30 ?m diam.; leaf margin entire to serrate"	"Ephemerum rehmannii"
2	"Perigonia with uniseriate filamentous paraphyses mixed with antheridia; spores 25–40 ?m diam.; leaf margin serrate to denticulate"	"Ephemerum recurvifolium"
3	"Perichaetial leaves mostly less than 1 mm long, narrowly linear or lanceolate, ecostate; margin with simple distant teeth; gametophores ±hidden by protonema"	4
3	"Perichaetial leaves mostly 1.0–2.5 mm long, variously shaped, spathulate or oblong to ligulate; costa rudimentary; margin with very large simple or branched teeth appearing ciliate or laciniate; mature gametophores usually clearly visible above protonema"	5
4	"Mature gametophores minute, completely hidden by protonema; leaves 1–3; leaf apices entire"	"Ephemerum capense"
4	"Mature gametophores showing above protonema; leaves 3–6, bifurcated at apex into 2 filamentous toothed or entire prongs"	"Ephemerum furcatum"
5	"Perichaetial leaves narrow, ligulate; margin fringed with short and long thorn-like often recurved teeth; bistratose costa almost as wide as lamina; calyptra cells tuberculate"	"Ephemerum fimbriatum"
5	"Perichaetial leaves narrowly oblong, lanceolate or spathulate; margin fringed with sharp or rounded teeth and laciniae composed of large compound antler-like teeth; bistratose costal region narrow in proportion to total width of lamina; calyptra cells tumid or smooth"	"Ephemerum cristatum"
