id	created_at	updated_at	title	author	description	item	spatial	remarks	source_id	created_by	updated_by	key_file
8339	"2017-12-09 13:39:44"	"2017-12-10 00:54:15"	"Key to the species of Camptochaete"		"Key to the species of Camptochaete in Australia. Keys out Camptochaete arbuscula, C. curvata, C. deflexa, C. excavata and C. leichhardtii."	Camptochaete	Australia		3429	niels.klazenga@rbg.vic.gov.au	niels.klazenga@rbg.vic.gov.au	key-8339-key-to-the-species-of-camptochaete.tsv
8340	"2017-12-10 01:10:56"	"2019-08-28 16:43:24"	"Genera of Lembophyllaceae"		"Key to the genera of Lembophyllaceae (Bryophyta) in Australia, from the Flora of Australia treatment; keys out Camptochaete, Fallaciella, Lembophyllum and Weymouthia."	Lembophyllaceae	Australia		3430	niels.klazenga@rbg.vic.gov.au	peri.bolton@environment.gov.au	key-8340-genera-of-lembophyllaceae.tsv
8345	"2017-12-16 12:14:42"	"2017-12-16 12:14:42"	"Key to the species of Lembophyllum"			Lembophyllum	Australia		3433	niels.klazenga@rbg.vic.gov.au	niels.klazenga@rbg.vic.gov.au	key-8345-key-to-the-species-of-lembophyllum.tsv
8346	"2017-12-16 12:29:24"	"2017-12-16 12:29:24"	"Key to the species of Weymouthia"		"Key to the species of Weymouthia in Australia, from the Flora of Australia treatment; keys o W. cochlearifolia and W. mollis."	Weymouthia	Australia		3434	niels.klazenga@rbg.vic.gov.au	niels.klazenga@rbg.vic.gov.au	key-8346-key-to-the-species-of-weymouthia.tsv
8347	"2017-12-16 12:52:35"	"2017-12-16 13:15:51"	"Key to the species of Dicranoloma"		"Key to the species of Dicranoloma in Australia, from the Flora of Australia treatment; keys out the twelve species of Australian Dicranoloma, as well as Holomitrium trichopodum, which is hard to distinguish from D. menziesii when sporogones are not present."	Dicranoloma	Australia		3435	niels.klazenga@rbg.vic.gov.au	niels.klazenga@rbg.vic.gov.au	key-8347-key-to-the-species-of-dicranoloma.tsv
8348	"2017-12-16 13:09:52"	"2019-03-25 14:35:09"	"Genera of Dicranaceae"		"Key to the genera of Dicranaceae in Australia, from the Flora of Australia treatment; keys out Dicnemon, Dicranoloma, Dicranum, Eucamptodon, Holomitrium, Leucoloma and Sclerodontium."	Dicranaceae	Australia		3436	niels.klazenga@rbg.vic.gov.au	peri.bolton@environment.gov.au	key-8348-genera-of-dicranaceae.tsv
8349	"2017-12-16 13:24:03"	"2017-12-16 13:24:03"	"Key to the species of Holomitrium"		"Key to the species of Holomitrium in Australia, from the Flora of Australia treatment; keys out H. perichaetiale and H. trichopodum."	Holomitrium	Australia		3437	niels.klazenga@rbg.vic.gov.au	niels.klazenga@rbg.vic.gov.au	key-8349-key-to-the-species-of-holomitrium.tsv
8350	"2017-12-16 13:33:27"	"2017-12-16 13:33:27"	"Key to the species of Leucoloma"		"Key to the species of Leucoloma in Australia, from the Flora of Australia treatment; two species, L. circinatulum and L. molle, occur in Australia."	Leucoloma	Australia		3438	niels.klazenga@rbg.vic.gov.au	niels.klazenga@rbg.vic.gov.au	key-8350-key-to-the-species-of-leucoloma.tsv
8351	"2017-12-16 13:44:44"	"2017-12-16 13:44:44"	"Key to the species of Sclerodontium"		"Key to the species of Sclerodontium in Australia, from the Flora of Australia; two species, S. clavinerve and S. pallidum, occur in Australia."	Sclerodontium	Australia			niels.klazenga@rbg.vic.gov.au	niels.klazenga@rbg.vic.gov.au	key-8351-key-to-the-species-of-sclerodontium.tsv
9390	"2019-03-22 12:26:37"	"2019-03-22 13:01:29"	"Key to the species of Clastobryum"	"Ramsay, H.P."		Clastobryum	Australia		3833	robyn.lawrence@environment.gov.au	robyn.lawrence@environment.gov.au	key-9390-key-to-the-species-of-clastobryum.tsv
9391	"2019-03-22 12:58:37"	"2019-03-25 14:35:28"	"Species of Funaria"	"Fife, A.J. & Seppelt, R.D."		Funaria	Australia		3834	robyn.lawrence@environment.gov.au	robyn.lawrence@environment.gov.au	key-9391-species-of-funaria.tsv
9395	"2019-03-22 14:12:11"	"2019-10-17 11:54:14"	"Genera of Funariaceae"	"Fife, A.J. & Seppelt, R.D."		Funariaceae	Australia		3835	robyn.lawrence@environment.gov.au	niels.klazenga@rbg.vic.gov.au	key-9395-genera-of-funariaceae.tsv
9396	"2019-03-22 14:30:07"	"2019-03-22 14:35:28"	"Key to the species of Entosthodon"	"Fife, A.J. & Seppelt, R.D. "		Entosthodon	Australia		3836	robyn.lawrence@environment.gov.au	robyn.lawrence@environment.gov.au	key-9396-key-to-the-species-of-entosthodon.tsv
9397	"2019-03-22 14:34:32"	"2019-03-22 17:38:44"	"Key to the varieties of Entosthodon subnudus"	"Fife, A.J. & Seppelt, R.D."		"Entosthodon subnudus"	Australia		3837	robyn.lawrence@environment.gov.au	niels.klazenga@rbg.vic.gov.au	key-9397-key-to-the-varieties-of-entosthodon-subnudus.tsv
9398	"2019-03-22 14:45:38"	"2019-03-25 14:36:26"	"Subspecies of Goniomitrium acuminatum"	"Fife, A.J. & Seppelt, R.D."		"Goniomitrium acuminatum"	Australia		3838	robyn.lawrence@environment.gov.au	peri.bolton@environment.gov.au	key-9398-subspecies-of-goniomitrium-acuminatum.tsv
9399	"2019-03-22 14:52:24"	"2019-03-25 14:34:20"	"Genera of Pylaisiadelphaceae"	"Ramsay, H.P."		Pylaisiadelphaceae	Australia		3839	robyn.lawrence@environment.gov.au	peri.bolton@environment.gov.au	key-9399-genera-of-pylaisiadelphaceae.tsv
9400	"2019-03-22 14:58:57"	"2019-03-22 15:03:29"	"Key to the species of Taxithelium"	"Ramsay, H.P."		Taxithelium	Australia		3840	robyn.lawrence@environment.gov.au	niels.klazenga@rbg.vic.gov.au	key-9400-key-to-the-species-of-taxithelium.tsv
9408	"2019-03-25 09:33:40"	"2019-03-25 09:38:20"	"Key to the species of Leptostomum"	"H.P. Ramsay"		Leptostomum	Australia			peri.bolton@environment.gov.au	niels.klazenga@rbg.vic.gov.au	key-9408-key-to-the-species-of-leptostomum.tsv
9409	"2019-03-25 09:56:35"	"2019-03-25 10:01:14"	"Key to the species of Lepyrodon"	"Niels Klazenga"		Lepyrodon	Australia			peri.bolton@environment.gov.au	niels.klazenga@rbg.vic.gov.au	key-9409-key-to-the-species-of-lepyrodon.tsv
9410	"2019-03-25 10:02:50"	"2019-03-25 14:35:41"	"Genera of Leucobryaceae"	"Niels Klazenga"		Leucobryaceae	Australia			peri.bolton@environment.gov.au	peri.bolton@environment.gov.au	key-9410-genera-of-leucobryaceae.tsv
9411	"2019-03-25 10:08:50"	"2019-03-25 10:13:30"	"Key to the species of Leucobryum"	"Niels Klazenga"		Leucobryum	Australia			peri.bolton@environment.gov.au	niels.klazenga@rbg.vic.gov.au	key-9411-key-to-the-species-of-leucobryum.tsv
9412	"2019-03-25 10:39:50"	"2019-03-25 10:44:30"	"Key to the species of Campylopus"	"Niels Klazenga"		Campylopus	Australia			peri.bolton@environment.gov.au	niels.klazenga@rbg.vic.gov.au	key-9412-key-to-the-species-of-campylopus.tsv
9413	"2019-03-25 11:18:29"	"2019-03-25 14:21:01"	"Genera of Bryaceae"	"John R. Spence & Helen P. Ramsay"		Bryaceae	Australia			peri.bolton@environment.gov.au	peri.bolton@environment.gov.au	key-9413-genera-of-bryaceae.tsv
9414	"2019-03-25 11:21:31"	"2019-03-25 14:21:24"	"Species of Bryum"	"John R. Spence & Helen P. Ramsay"		Bryum	Australia			peri.bolton@environment.gov.au	peri.bolton@environment.gov.au	key-9414-species-of-bryum.tsv
9415	"2019-03-25 11:23:23"	"2019-03-25 11:28:03"	"key to the species of Brachymenium"	"John R. Spence & Helen P. Ramsay"		Brachymenium	Australia			peri.bolton@environment.gov.au	niels.klazenga@rbg.vic.gov.au	key-9415-key-to-the-species-of-brachymenium.tsv
9416	"2019-03-25 11:25:37"	"2019-03-25 11:30:17"	"Key to the species of Gemmabryum"	"John R. Spence & Helen P. Ramsay"		Gemmabryum	Australia			peri.bolton@environment.gov.au	niels.klazenga@rbg.vic.gov.au	key-9416-key-to-the-species-of-gemmabryum.tsv
9417	"2019-03-25 11:27:51"	"2019-03-25 11:32:31"	"Key to the species of Ptychostomum"	"John R. Spence & Helen P. Ramsay"		Ptychostomum	Australia			peri.bolton@environment.gov.au	niels.klazenga@rbg.vic.gov.au	key-9417-key-to-the-species-of-ptychostomum.tsv
9418	"2019-03-25 11:29:06"	"2019-03-25 11:33:46"	"Key to the species of Rosulabryum"	"J.R.Spence & H.P.Ramsay"		Rosulabryum	Australia			peri.bolton@environment.gov.au	niels.klazenga@rbg.vic.gov.au	key-9418-key-to-the-species-of-rosulabryum.tsv
9419	"2019-03-25 14:46:47"	"2019-03-25 13:51:27"	"Genera of Racopilaceae"	"van Zanten, B.O."		Racopilaceae	Australia		3846	robyn.lawrence@environment.gov.au	niels.klazenga@rbg.vic.gov.au	key-9419-genera-of-racopilaceae.tsv
9420	"2019-03-25 14:49:10"	"2019-03-25 13:53:50"	"Species of Powellia"	"van Zanten, B.O."		Powellia	Australia		3847	robyn.lawrence@environment.gov.au	niels.klazenga@rbg.vic.gov.au	key-9420-species-of-powellia.tsv
9421	"2019-03-25 14:52:36"	"2019-03-25 13:57:17"	"Species of Racopilum"	"van Zanten, B.O."		Racopilum	Australia		3848	robyn.lawrence@environment.gov.au	niels.klazenga@rbg.vic.gov.au	key-9421-species-of-racopilum.tsv
9422	"2019-03-25 15:06:43"	"2019-03-25 14:11:24"	"Varieties of Racopilum cuspidigerum"	"van Zanten, B.O."		"Racopilum cuspidigerum"	Australia		3849	robyn.lawrence@environment.gov.au	niels.klazenga@rbg.vic.gov.au	key-9422-varieties-of-racopilum-cuspidigerum.tsv
9423	"2019-03-25 16:10:17"	"2019-10-17 11:59:05"	"Genera of Rhizogoniaceae"	"Gilmore, S.R."		Rhizogoniaceae	Australia		3850	robyn.lawrence@environment.gov.au	niels.klazenga@rbg.vic.gov.au	key-9423-genera-of-rhizogoniaceae.tsv
9424	"2019-03-26 13:51:27"	"2019-04-17 11:45:12"	"Varieties of Leptotheca gaudichaudii"	"Gilmore, S.R."		"Leptotheca gaudichaudii"	Australia		3851	robyn.lawrence@environment.gov.au	robyn.lawrence@environment.gov.au	key-9424-varieties-of-leptotheca-gaudichaudii.tsv
9425	"2019-03-26 14:00:29"	"2019-03-26 13:05:11"	"Species of Mesochaete"	"Gilmore, S.R."		Mesochaete	Australia		3852	robyn.lawrence@environment.gov.au	niels.klazenga@rbg.vic.gov.au	key-9425-species-of-mesochaete.tsv
9426	"2019-03-26 14:16:32"	"2019-03-26 13:21:15"	"Species of Pyrrhobryum"	"Gilmore, S.R."		Pyrrhobryum	Australia		3853	robyn.lawrence@environment.gov.au	niels.klazenga@rbg.vic.gov.au	key-9426-species-of-pyrrhobryum.tsv
9427	"2019-03-26 14:21:49"	"2019-03-26 13:26:32"	"Species of Rhizogonium"	"Gilmore, S.R."		Rhizogonium	Australia		3854	robyn.lawrence@environment.gov.au	niels.klazenga@rbg.vic.gov.au	key-9427-species-of-rhizogonium.tsv
9452	"2019-04-08 11:24:08"	"2019-04-08 11:29:27"	"Key to the genera of Meteoriaceae"	"Heinar Streimann"		Meteoriaceae	Australia			peri.bolton@environment.gov.au	niels.klazenga@rbg.vic.gov.au	key-9452-key-to-the-genera-of-meteoriaceae.tsv
9453	"2019-04-08 11:48:01"	"2019-04-08 11:53:20"	"Key to the species of Floribundaria"	"Heinar Streimann"		Floribundaria	Australia			peri.bolton@environment.gov.au	niels.klazenga@rbg.vic.gov.au	key-9453-key-to-the-species-of-floribundaria.tsv
9454	"2019-04-08 11:56:36"	"2019-04-08 12:01:55"	"Key to the species of Meteoriopsis"	"Heinar Streimann and David Meagher"		Meteoriopsis	Australia			peri.bolton@environment.gov.au	niels.klazenga@rbg.vic.gov.au	key-9454-key-to-the-species-of-meteoriopsis.tsv
9455	"2019-04-08 12:59:17"	"2019-04-08 13:04:36"	"Key to the species of Papillaria"	"Heinar Streimann"		Papillaria	Australia			peri.bolton@environment.gov.au	niels.klazenga@rbg.vic.gov.au	key-9455-key-to-the-species-of-papillaria.tsv
9456	"2019-04-08 13:38:06"	"2019-04-08 13:43:25"	"Genera of Mielichhoferiaceae"	"A.J. Shaw & H.P. Ramsay"		Mielichhoferiaceae	Australia			peri.bolton@environment.gov.au	niels.klazenga@rbg.vic.gov.au	key-9456-genera-of-mielichhoferiaceae.tsv
9457	"2019-04-08 13:57:56"	"2019-04-08 14:03:16"	"Key to the genera of Pohlia"	"A.J. Shaw & H.P. Ramsay"		Pohlia	Australia			peri.bolton@environment.gov.au	niels.klazenga@rbg.vic.gov.au	key-9457-key-to-the-genera-of-pohlia.tsv
9458	"2019-04-08 17:12:54"	"2019-04-08 17:18:13"	"Key to the species of Buxbaumia"	"J. Milne & N. Klazenga"		Buxbaumia	Australia			peri.bolton@environment.gov.au	niels.klazenga@rbg.vic.gov.au	key-9458-key-to-the-species-of-buxbaumia.tsv
9459	"2019-04-09 11:20:14"	"2019-04-09 11:25:36"	"Key to species of Calymperes"	"Reese, W.D. & Stone, I.G."		Calymperes	Australia		3859	robyn.lawrence@environment.gov.au	niels.klazenga@rbg.vic.gov.au	key-9459-key-to-species-of-calymperes.tsv
9460	"2019-04-09 11:33:19"	"2019-04-09 11:38:40"	"Key to species of Leucophanes"	"Catcheside, D.G."		Leucophanes	Australia		3860	robyn.lawrence@environment.gov.au	niels.klazenga@rbg.vic.gov.au	key-9460-key-to-species-of-leucophanes.tsv
9461	"2019-04-09 11:43:37"	"2019-04-09 11:48:59"	"Key to species of Mitthyridium"	"Reese, W.D. & Stone, I.G."		Mitthyridium	Australia		3861	robyn.lawrence@environment.gov.au	niels.klazenga@rbg.vic.gov.au	key-9461-key-to-species-of-mitthyridium.tsv
9462	"2019-04-09 12:11:54"	"2019-04-09 12:17:16"	"Key to species of Syrrhopodon"	"Reese, W.D. & Stone, I.G."		Syrrhopodon	Australia		3862	robyn.lawrence@environment.gov.au	niels.klazenga@rbg.vic.gov.au	key-9462-key-to-species-of-syrrhopodon.tsv
9463	"2019-04-09 12:18:01"	"2019-04-09 12:23:23"	"Key to varieties of Syrrhopodon prolifer"	"Reese, W.D. & Stone, I.G."		"Syrrhopodon prolifer"	Australia		3863	robyn.lawrence@environment.gov.au	niels.klazenga@rbg.vic.gov.au	key-9463-key-to-varieties-of-syrrhopodon-prolifer.tsv
9471	"2019-04-11 15:58:14"	"2019-10-17 12:04:06"	"Genera of Sematophyllaceae"	"H.P Ramsay"		Sematophyllaceae	Australia		3997	peri.bolton@environment.gov.au	niels.klazenga@rbg.vic.gov.au	key-9471-genera-of-sematophyllaceae.tsv
9472	"2019-04-11 16:19:26"	"2019-04-11 16:24:53"	"Species of Acroporium"	"H.P Ramsay"		Acroporium	Australia			peri.bolton@environment.gov.au	niels.klazenga@rbg.vic.gov.au	key-9472-species-of-acroporium.tsv
9473	"2019-04-12 10:08:14"	"2019-04-12 10:13:44"	"Species of Meiothecium"	"H.P. Ramsay"		Meiothecium	Australia			peri.bolton@environment.gov.au	niels.klazenga@rbg.vic.gov.au	key-9473-species-of-meiothecium.tsv
9477	"2019-04-12 11:27:13"	"2019-04-12 11:32:43"	"varieties of Rhaphidorrhynchium amoenum"	"H.P. Ramsay"		"Rhaphidorrhynchium amoenum"	Australia			peri.bolton@environment.gov.au	niels.klazenga@rbg.vic.gov.au	key-9477-varieties-of-rhaphidorrhynchium-amoenum.tsv
9481	"2019-04-12 11:50:53"	"2019-04-12 11:56:23"	"Species of Sematophyllum"	"H.P. Ramsay"		Sematophyllum	Australia			peri.bolton@environment.gov.au	niels.klazenga@rbg.vic.gov.au	key-9481-species-of-sematophyllum.tsv
9493	"2019-04-12 12:41:53"	"2019-04-12 12:47:23"	"Genera and species of Mniaceae"	"R. Wyatt & H.P. Ramsay"		Mniaceae	Australia			peri.bolton@environment.gov.au	niels.klazenga@rbg.vic.gov.au	key-9493-genera-and-species-of-mniaceae.tsv
9498	"2019-04-12 13:15:37"	"2020-08-30 13:06:05"	"Subspecies of Oedicladium rufescens"	"Niels Klazenga"		"Oedicladium rufescens"	Australia			peri.bolton@environment.gov.au	niels.klazenga@rbg.vic.gov.au	key-9498-subspecies-of-oedicladium-rufescens.tsv
9531	"2019-04-17 11:28:21"	"2019-04-17 11:34:05"	"Genera of Neckeraceae"	"J. Milne & N. Klazenga"		Neckeraceae	Australia			peri.bolton@environment.gov.au	niels.klazenga@rbg.vic.gov.au	key-9531-genera-of-neckeraceae.tsv
9532	"2019-04-17 11:42:15"	"2019-04-17 11:47:59"	"Species of Homaliodendron"	"J. Milne & N. Klazenga"		Homaliodendron	Australia			peri.bolton@environment.gov.au	niels.klazenga@rbg.vic.gov.au	key-9532-species-of-homaliodendron.tsv
9533	"2019-04-17 11:52:29"	"2019-04-17 11:58:13"	"Species of Neckeropsis"	"J. Milne & N. Klazenga"		Neckeropsis	Australia			peri.bolton@environment.gov.au	niels.klazenga@rbg.vic.gov.au	key-9533-species-of-neckeropsis.tsv
9534	"2019-04-17 12:03:54"	"2019-04-17 12:09:38"	"Species of Pinnatella"	"J. Milne & N. Klazenga"		Pinnatella	Australia			peri.bolton@environment.gov.au	niels.klazenga@rbg.vic.gov.au	key-9534-species-of-pinnatella.tsv
9535	"2019-04-17 14:07:07"	"2019-04-17 14:12:51"	"Varieties of Sematophyllum subhumile"	"H.P. Ramsay"		"Sematophyllum subhumile"	Australia			peri.bolton@environment.gov.au	niels.klazenga@rbg.vic.gov.au	key-9535-varieties-of-sematophyllum-subhumile.tsv
9536	"2019-04-17 14:48:00"	"2019-04-17 14:53:44"	"Species of Trichosteleum"	"H.P. Ramsay"		Trichosteleum	Australia			peri.bolton@environment.gov.au	niels.klazenga@rbg.vic.gov.au	key-9536-species-of-trichosteleum.tsv
9537	"2019-04-17 15:36:19"	"2019-04-17 15:42:04"	"Species of Warburgiella"	"H.P. Ramsay"		Warburgiella	Australia			peri.bolton@environment.gov.au	niels.klazenga@rbg.vic.gov.au	key-9537-species-of-warburgiella.tsv
9538	"2019-04-17 16:59:17"	"2019-04-17 17:05:01"	"Species of Andreaea"	"B.M. Murray"		Andreaea	Australia			peri.bolton@environment.gov.au	niels.klazenga@rbg.vic.gov.au	key-9538-species-of-andreaea.tsv
9595	"2019-05-02 10:07:08"	"2019-05-02 10:13:34"	"Genera of Anomodontaceae"	"John R. Spence & David G. Catcheside"		Anomodontaceae	Australia			peri.bolton@environment.gov.au	niels.klazenga@rbg.vic.gov.au	key-9595-genera-of-anomodontaceae.tsv
9603	"2019-05-03 11:56:41"	"2019-05-03 12:03:02"	"Species of Archidium"	"Ilma G. Stone"		Archidium	Australia			peri.bolton@environment.gov.au	niels.klazenga@rbg.vic.gov.au	key-9603-species-of-archidium.tsv
9604	"2019-05-03 14:50:59"	"2019-05-03 14:57:20"	"Species of Thamnobryum"	"J. Milne & N. Klazenga"		Thamnobryum	Australia			peri.bolton@environment.gov.au	niels.klazenga@rbg.vic.gov.au	key-9604-species-of-thamnobryum.tsv
9605	"2019-05-03 15:14:00"	"2019-05-03 15:20:21"	"Species of Orthodontium"	"A.J. Shaw"		Orthodontium	Australia			peri.bolton@environment.gov.au	niels.klazenga@rbg.vic.gov.au	key-9605-species-of-orthodontium.tsv
9606	"2019-05-03 15:27:24"	"2019-05-03 15:33:45"	"Genera of Bartramiaceae"	"Scott R. Gilmore"		Batramiaceae	Australia			peri.bolton@environment.gov.au	niels.klazenga@rbg.vic.gov.au	key-9606-genera-of-bartramiaceae.tsv
9607	"2019-05-03 15:45:33"	"2019-05-03 15:51:54"	"species of Bartramia"	"G.H. Bell"		Bartramia	Australia			peri.bolton@environment.gov.au	niels.klazenga@rbg.vic.gov.au	key-9607-species-of-bartramia.tsv
9608	"2019-05-03 16:55:23"	"2019-05-03 17:01:44"	"Species of Breutelia"	"S.R. Gilmore"		Breutelia	Australia			peri.bolton@environment.gov.au	niels.klazenga@rbg.vic.gov.au	key-9608-species-of-breutelia.tsv
9619	"2019-05-08 11:19:23"	"2019-05-08 11:25:58"	"Genera of Orthotrichaceae"	"Helen P. Ramsay, Dale H. Vitt, Jette Lewinsky-Haapasaari"		Orthotrichaceae	Australia			peri.bolton@environment.gov.au	niels.klazenga@rbg.vic.gov.au	key-9619-genera-of-orthotrichaceae.tsv
9620	"2019-05-08 14:57:48"	"2019-05-08 15:04:23"	"Species of Conostomum"	"Scott R. Gilmore"		Conostomum	Australia			peri.bolton@environment.gov.au	niels.klazenga@rbg.vic.gov.au	key-9620-species-of-conostomum.tsv
9621	"2019-05-08 15:34:35"	"2019-05-08 15:41:10"	"Species of Philonotis"	"Scott R. Gilmore"		Philonotis	Australia			peri.bolton@environment.gov.au	niels.klazenga@rbg.vic.gov.au	key-9621-species-of-philonotis.tsv
9622	"2019-05-08 16:36:30"	"2019-05-08 16:43:06"	"Genera of Brachytheciaceae"	"Lars Hedenäs"		Brachytheciaceae	Australia			peri.bolton@environment.gov.au	niels.klazenga@rbg.vic.gov.au	key-9622-genera-of-brachytheciaceae.tsv
9626	"2019-05-09 16:02:26"	"2019-05-09 16:09:04"	"Species of Brachythecium"	"Lars Hedenäs"		Brachythecium	Australia			peri.bolton@environment.gov.au	niels.klazenga@rbg.vic.gov.au	key-9626-species-of-brachythecium.tsv
9628	"2019-05-10 10:19:25"	"2019-05-10 10:26:05"	"Species of Rhynchostegium"	"Lars Hedenäs"		Rhynchostegium	Australia			peri.bolton@environment.gov.au	niels.klazenga@rbg.vic.gov.au	key-9628-species-of-rhynchostegium.tsv
9629	"2019-05-10 10:21:48"	"2019-05-10 10:28:28"	"Species of Eurhynchium"	"Lars Hedenäs"		Eurhynchium	Australia			peri.bolton@environment.gov.au	niels.klazenga@rbg.vic.gov.au	key-9629-species-of-eurhynchium.tsv
9630	"2019-05-10 10:22:57"	"2019-05-10 10:32:21"	"Species of Platyhypnidium"	"Lars Hedenäs"		Platyhypnidium	Australia			peri.bolton@environment.gov.au	niels.klazenga@rbg.vic.gov.au	key-9630-species-of-platyhypnidium.tsv
9631	"2019-05-10 14:16:55"	"2019-05-10 14:23:36"	"Species of Macromitrium"	"Dale H. Vitt & Helen P. Ramsay"		Macromitrium	Australia			peri.bolton@environment.gov.au	niels.klazenga@rbg.vic.gov.au	key-9631-species-of-macromitrium.tsv
9656	"2019-05-20 16:45:25"	"2019-05-20 16:52:34"	"Subspecies of Macromitrium involutifolium"	"Vitt, D.H. & Ramsay, H.P. "		"Macromitrium involutifolium"	Australia			peri.bolton@environment.gov.au	niels.klazenga@rbg.vic.gov.au	key-9656-subspecies-of-macromitrium-involutifolium.tsv
9687	"2019-05-29 09:44:55"	"2019-05-29 09:52:28"	"Species of Orthotrichum"	"J. Lewinsky-Haapasaari & H.P. Ramsay"		Orthotrichum	Australia			peri.bolton@environment.gov.au	niels.klazenga@rbg.vic.gov.au	key-9687-species-of-orthotrichum.tsv
9692	"2019-05-31 14:53:40"	"2019-05-31 15:01:19"	"Species of Schlotheimia"	"H.P. Ramsay, D.H. Vitt & J. Lewinsky-Haapasaari "		Schlotheimia	Australia		3884	peri.bolton@environment.gov.au	niels.klazenga@rbg.vic.gov.au	key-9692-species-of-schlotheimia.tsv
9693	"2019-05-31 15:00:00"	"2019-05-31 15:07:38"	"Species of Ulota"	"H.P. Ramsay"		Ulota	Australia		3885	peri.bolton@environment.gov.au	niels.klazenga@rbg.vic.gov.au	key-9693-species-of-ulota.tsv
9694	"2019-05-31 15:08:11"	"2019-05-31 15:15:50"	"Varieties of Ulota lutea"	"H.P. Ramsay, D.H. Vitt & J. Lewinsky-Haapasaari "		"Ulota lutea"	Australia		3886	peri.bolton@environment.gov.au	niels.klazenga@rbg.vic.gov.au	key-9694-varieties-of-ulota-lutea.tsv
9695	"2019-05-31 15:19:17"	"2019-05-31 15:20:54"	"Varieties of Ulota viridis"	"H.P. Ramsay"		"Ulota viridis"	Australia		3887	peri.bolton@environment.gov.au	peri.bolton@environment.gov.au	key-9695-varieties-of-ulota-viridis.tsv
9696	"2019-05-31 15:27:31"	"2019-05-31 15:35:09"	"Species of Zygodon"	"Jette Lewinsky-Haapasaari & Helen P. Ramsay"		Zygodon	Australia		3888	peri.bolton@environment.gov.au	niels.klazenga@rbg.vic.gov.au	key-9696-species-of-zygodon.tsv
9713	"2019-06-05 11:00:57"	"2019-06-05 11:08:48"	"Species of Pleurophascum"	"David G. Catcheside"		Pleurophascum	Australia		3892	peri.bolton@environment.gov.au	niels.klazenga@rbg.vic.gov.au	key-9713-species-of-pleurophascum.tsv
9714	"2019-06-05 11:47:36"	"2019-06-05 11:55:28"	"Species of Polytrichaceae"	"Jaakko Hyvönen"	"This key is based on gametophytic characters to facilitate the identification of all specimens: sporophyte attributes, although they are characteristic for genera, are ignored in this context. Consequently, a key is provided only for species because gametophyte characters are usually not diagnostic for individual genera."	Polytrichaceae	Australia		3893	peri.bolton@environment.gov.au	niels.klazenga@rbg.vic.gov.au	key-9714-species-of-polytrichaceae.tsv
9718	"2019-06-07 11:34:08"	"2019-06-07 11:42:05"	"Varieties of Fissidens curvatus"	"R.D.Seppelt & I.G.Stone"		"Fissidens curvatus"	Australia		3896	peri.bolton@environment.gov.au	niels.klazenga@rbg.vic.gov.au	key-9718-varieties-of-fissidens-curvatus.tsv
9729	"2019-06-12 12:33:02"	"2019-06-12 12:41:12"	"Varieties of Fissidens flabellulus"	"Rodney D. Seppelt & Ilma G. Stone"		"Fissidens flabellulus"	Australia		3900	peri.bolton@environment.gov.au	niels.klazenga@rbg.vic.gov.au	key-9729-varieties-of-fissidens-flabellulus.tsv
9737	"2019-06-14 10:23:57"	"2019-06-14 10:32:12"	"Varieties of Fissidens oblongifolius"	"Rodney D. Seppelt & Ilma G. Stone"		"Fissidens oblongifolius"	Australia		3902	peri.bolton@environment.gov.au	niels.klazenga@rbg.vic.gov.au	key-9737-varieties-of-fissidens-oblongifolius.tsv
9740	"2019-06-14 14:39:07"	"2019-06-14 14:47:23"	"Varieties of Fissidens tenellus"	"Rodney D. Seppelt & Ilma G. Stone"		"Fissidens tenellus"	Australia		3905	peri.bolton@environment.gov.au	niels.klazenga@rbg.vic.gov.au	key-9740-varieties-of-fissidens-tenellus.tsv
9764	"2019-07-03 11:17:25"	"2019-07-03 11:26:32"	"Genera of Meesiaceae"	"Graham H. Bell & David G. Catcheside"		Meesiaceae	Australia		3907	peri.bolton@environment.gov.au	niels.klazenga@rbg.vic.gov.au	key-9764-genera-of-meesiaceae.tsv
9765	"2019-07-03 11:26:33"	"2019-07-03 11:35:40"	"Species of Meesia"	"Graham H. Bell & David G. Catcheside"		Meesia	Australia		3908	peri.bolton@environment.gov.au	niels.klazenga@rbg.vic.gov.au	key-9765-species-of-meesia.tsv
9766	"2019-07-03 13:06:49"	"2019-07-03 13:15:57"	"Genera of Cryphaeaceae"	"Johannes Enroth"		Cryphaeaceae	Australia		3909	peri.bolton@environment.gov.au	niels.klazenga@rbg.vic.gov.au	key-9766-genera-of-cryphaeaceae.tsv
9767	"2019-07-03 13:15:08"	"2019-07-03 13:24:16"	"Species of Cryphaea"	"Johannes Enroth"		Cryphaea	Australia		3910	peri.bolton@environment.gov.au	niels.klazenga@rbg.vic.gov.au	key-9767-species-of-cryphaea.tsv
9771	"2019-07-04 16:39:24"	"2019-07-04 16:48:34"	"Species of Racomitrium"	"Niels Klazenga"		Racomitrium	Australia		3911	peri.bolton@environment.gov.au	niels.klazenga@rbg.vic.gov.au	key-9771-species-of-racomitrium.tsv
9772	"2019-07-05 10:17:31"	"2019-07-05 10:26:44"	"Species of Schistidium"	"Niels Klazenga"		Schistidium	Australia		3911	peri.bolton@environment.gov.au	niels.klazenga@rbg.vic.gov.au	key-9772-species-of-schistidium.tsv
9780	"2019-07-17 10:28:05"	"2019-07-17 10:37:51"	"Species of Sphagnum"	"R.D. Seppelt"		Sphagnum	Australia		3914	peri.bolton@environment.gov.au	niels.klazenga@rbg.vic.gov.au	key-9780-species-of-sphagnum.tsv
9781	"2019-07-17 12:17:54"	"2019-07-17 12:28:30"	"Species of Hedwigiaceae"	"Scott R. Gilmore"		Hedwigiaceae	Australia		3915	peri.bolton@environment.gov.au	niels.klazenga@rbg.vic.gov.au	key-9781-species-of-hedwigiaceae.tsv
9782	"2019-07-17 16:21:58"	"2019-07-17 16:31:44"	"Species of Echinodium in Australia"	"Scott R. Gilmore"		Echinodium	Australia		3916	peri.bolton@environment.gov.au	niels.klazenga@rbg.vic.gov.au	key-9782-species-of-echinodium-in-australia.tsv
9792	"2019-07-23 14:42:47"	"2019-07-23 14:52:49"	"Genera of Entodontaceae"	"Josephine Milne & Niels Klazenga"		Entodontaceae	Australia		3917	peri.bolton@environment.gov.au	niels.klazenga@rbg.vic.gov.au	key-9792-genera-of-entodontaceae.tsv
9793	"2019-07-23 14:44:11"	"2019-07-23 14:56:35"	"Species of Entodon"	"Josephine Milne & Niels Klazenga"		Entodon	Australia		3917	peri.bolton@environment.gov.au	niels.klazenga@rbg.vic.gov.au	key-9793-species-of-entodon.tsv
9795	"2019-07-25 16:00:15"	"2019-07-25 16:10:23"	"Species of Hypnum"	"Hisatsugu Ando"		Hypnum	Australia		3919	peri.bolton@environment.gov.au	niels.klazenga@rbg.vic.gov.au	key-9795-species-of-hypnum.tsv
9796	"2019-07-25 16:14:43"	"2019-07-25 16:24:51"	"Varieties of Hypnum cupressiforme"	"Hisatsugu Ando"		"Hypnum cupressiforme"	Australia		3919	peri.bolton@environment.gov.au	niels.klazenga@rbg.vic.gov.au	key-9796-varieties-of-hypnum-cupressiforme.tsv
9858	"2019-08-22 13:23:30"	"2019-08-22 13:34:54"	"Species of Ephemerum"	"Ilma G. Stone"		Ephemerum	Australia		3953	peri.bolton@environment.gov.au	niels.klazenga@rbg.vic.gov.au	key-9858-species-of-ephemerum.tsv
9864	"2019-08-28 15:46:30"	"2019-10-17 11:57:06"	"Genera of Hookeriaceae"	"Heinar Streimann"		Hookeriaceae	Australia		3955	peri.bolton@environment.gov.au	niels.klazenga@rbg.vic.gov.au	key-9864-genera-of-hookeriaceae.tsv
9865	"2019-08-28 15:50:49"	"2019-08-28 16:02:29"	"Varieties of Callicostella papillata"	"Heinar Streimann"		"Callicostella papillata"	Australia		3956	peri.bolton@environment.gov.au	niels.klazenga@rbg.vic.gov.au	key-9865-varieties-of-callicostella-papillata.tsv
9866	"2019-08-28 16:12:08"	"2019-08-28 16:23:48"	"Species of Calyptrochaeta"	H.Streimann		Calyptrochaeta	Australia		3957	peri.bolton@environment.gov.au	niels.klazenga@rbg.vic.gov.au	key-9866-species-of-calyptrochaeta.tsv
9867	"2019-08-28 16:34:54"	"2019-08-28 16:46:35"	"Genera of Ephemeraceae"	"Ilma G. Stone"		Ephemeraceae	Australia		3953	peri.bolton@environment.gov.au	niels.klazenga@rbg.vic.gov.au	key-9867-genera-of-ephemeraceae.tsv
9868	"2019-08-28 16:55:25"	"2019-08-28 17:07:05"	"Species of Camptochaete"	"N. Klazenga & J. Milne"		Camptochaete	Australia		3958	peri.bolton@environment.gov.au	niels.klazenga@rbg.vic.gov.au	key-9868-species-of-camptochaete.tsv
9878	"2019-09-04 15:52:43"	"2019-09-04 16:04:43"	"Genera of Leptodontaceae"	"Johannes Enroth"		Leptodontaceae	Australia		3961	peri.bolton@environment.gov.au	niels.klazenga@rbg.vic.gov.au	key-9878-genera-of-leptodontaceae.tsv
9879	"2019-09-05 09:36:04"	"2019-09-05 09:48:05"	"Species of Erpodium"	"Ilma G. Stone"		Erpodium	Australia		3962	peri.bolton@environment.gov.au	niels.klazenga@rbg.vic.gov.au	key-9879-species-of-erpodium.tsv
9880	"2019-09-05 09:43:02"	"2019-09-05 09:55:04"	"Varieties of Erpodium beccarii"	"Ilma G. Stone"		"Erpodium beccarii"	Australia		3963	peri.bolton@environment.gov.au	niels.klazenga@rbg.vic.gov.au	key-9880-varieties-of-erpodium-beccarii.tsv
9881	"2019-09-05 16:43:21"	"2019-09-05 16:55:23"	"Genera of Fabroniaceae"	"Scott R. Gilmore"		Fabroniaceae	Australia		3964	peri.bolton@environment.gov.au	niels.klazenga@rbg.vic.gov.au	key-9881-genera-of-fabroniaceae.tsv
9882	"2019-09-05 16:49:43"	"2019-09-05 17:01:46"	"Species of Fabronia"	"Scott R. Gilmore"		Fabronia	Australia		3964	peri.bolton@environment.gov.au	niels.klazenga@rbg.vic.gov.au	key-9882-species-of-fabronia.tsv
9909	"2019-10-10 16:27:50"	"2019-10-10 16:41:27"	"Species of Acaulon"	"Helen M. Jolley and Josephine Milne"		Acaulon	Australia		3975	peri.bolton@environment.gov.au	niels.klazenga@rbg.vic.gov.au	key-9909-species-of-acaulon.tsv
9910	"2019-10-11 09:07:44"	"2019-10-11 09:21:23"	"Species of Aloina in Australia"	"Helen M. Jolley and Josephine Milne"		Aloina	Australia		3976	peri.bolton@environment.gov.au	niels.klazenga@rbg.vic.gov.au	key-9910-species-of-aloina-in-australia.tsv
9911	"2019-10-11 12:06:22"	"2019-10-11 12:20:02"	"Species of Hennediella"	"Helen M. Jolley, Graham H. Bell and Josephine Milne"		Hennediella	Australia		3977	peri.bolton@environment.gov.au	niels.klazenga@rbg.vic.gov.au	key-9911-species-of-hennediella.tsv
9955	"2019-10-17 11:31:54"	"2019-10-17 11:45:51"	"Genera of Hypnodendraceae"	"Andries Touw"		Hypnodendraceae	Australia		3996	peri.bolton@environment.gov.au	niels.klazenga@rbg.vic.gov.au	key-9955-genera-of-hypnodendraceae.tsv
9956	"2019-10-17 11:34:24"	"2019-10-17 11:48:21"	"Species of Hypnodendron"	"Andries Touw"		Hypnodendron	Australia		3996	peri.bolton@environment.gov.au	niels.klazenga@rbg.vic.gov.au	key-9956-species-of-hypnodendron.tsv
9957	"2019-10-17 11:37:12"	"2019-10-17 11:51:08"	"Subspecies of Hypnodendron"	"Andries Touw"		"Hypnodendron vitiense"	Australia		3996	peri.bolton@environment.gov.au	niels.klazenga@rbg.vic.gov.au	key-9957-subspecies-of-hypnodendron.tsv
9958	"2019-10-18 14:05:58"	"2019-10-18 14:19:58"	"Species of Pterygoneurum"	"Helen M. Jolley, Graham H. Bell and Josephine Milne"		Pterygoneurum	Australia		3998	peri.bolton@environment.gov.au	niels.klazenga@rbg.vic.gov.au	key-9958-species-of-pterygoneurum.tsv
9959	"2019-10-18 15:55:33"	"2019-10-18 16:09:33"	"Species of Uleobryum"	"Helen M. Jolley, Graham H. Bell and Josephine Milne"		Uleobryum	Australia		3998	peri.bolton@environment.gov.au	niels.klazenga@rbg.vic.gov.au	key-9959-species-of-uleobryum.tsv
9960	"2019-10-23 09:30:00"	"2019-10-23 09:45:21"	"Genera of Thuidiaceae"	"Andries Touw"		Thuidiaceae	Australia		3999	peri.bolton@environment.gov.au	niels.klazenga@rbg.vic.gov.au	key-9960-genera-of-thuidiaceae.tsv
9961	"2019-10-23 09:50:16"	"2019-10-23 10:04:29"	"Species of Pelekium"	"Andries Touw"		Pelekium	Australia		3999	peri.bolton@environment.gov.au	niels.klazenga@rbg.vic.gov.au	key-9961-species-of-pelekium.tsv
9969	"2019-10-24 10:06:51"	"2019-10-24 10:21:07"	"Species of Thuidiopsis"	"Andries Touw"		Thuidiopsis	Australia		3999	peri.bolton@environment.gov.au	niels.klazenga@rbg.vic.gov.au	key-9969-species-of-thuidiopsis.tsv
9970	"2019-10-24 10:19:22"	"2019-10-24 10:33:37"	"Varieties of Thuidiopsis sparsa"	"Andries Touw"		"Thuidiopsis sparsa"	Australia		3999	peri.bolton@environment.gov.au	niels.klazenga@rbg.vic.gov.au	key-9970-varieties-of-thuidiopsis-sparsa.tsv
10027	"2019-10-25 13:05:23"	"2019-10-25 13:19:42"	"Species of Thuidium"	"Andries Touw"		Thuidium	Australia		3999	peri.bolton@environment.gov.au	niels.klazenga@rbg.vic.gov.au	key-10027-species-of-thuidium.tsv
10043	"2019-10-30 16:20:38"	"2019-10-30 16:35:10"	"Species of Hypopterygium"	"J.D Kruijer"		Hypopterygium	Australia		4019	peri.bolton@environment.gov.au	niels.klazenga@rbg.vic.gov.au	key-10043-species-of-hypopterygium.tsv
10045	"2019-10-31 09:06:47"	"2019-10-31 09:21:21"	"Species of Lopidium"	"J.D Kruijer"		Lopidium	Australia		4019	peri.bolton@environment.gov.au	niels.klazenga@rbg.vic.gov.au	key-10045-species-of-lopidium.tsv
10052	"2019-11-06 09:10:43"	"2019-11-06 09:25:34"	"Genera of Ptychomniaceae"	"J. Milne & N. Klazenga"		Ptychomniaceae	Australia		4020	peri.bolton@environment.gov.au	niels.klazenga@rbg.vic.gov.au	key-10052-genera-of-ptychomniaceae.tsv
10053	"2019-11-06 09:33:27"	"2019-11-06 09:48:18"	"Species of Hampeella"	"J. Milne & N. Klazenga"		Hampeella	Australia		4020	peri.bolton@environment.gov.au	niels.klazenga@rbg.vic.gov.au	key-10053-species-of-hampeella.tsv
10054	"2019-11-06 09:49:59"	"2019-11-06 10:04:50"	"Varieties of Hampeella alaris"	"J. Milne & N. Klazenga"		"Hampeella alaris"	Australia		4020	peri.bolton@environment.gov.au	niels.klazenga@rbg.vic.gov.au	key-10054-varieties-of-hampeella-alaris.tsv
10056	"2019-11-19 14:12:35"	"2019-11-19 14:28:02"	"Species of Mniodendron"	"Andries Touw"		Mniodendron	Australia		4022	peri.bolton@environment.gov.au	niels.klazenga@rbg.vic.gov.au	key-10056-species-of-mniodendron.tsv
10057	"2019-11-19 15:01:34"	"2019-11-19 15:17:01"	"Species of Tayloria"	"Bernard Goffinet"		Tayloria	Australia		4023	peri.bolton@environment.gov.au	niels.klazenga@rbg.vic.gov.au	key-10057-species-of-tayloria.tsv
10061	"2019-11-28 12:25:24"	"2019-11-28 12:41:16"	"Species of Daltonia"	"Heinar Streimann"		Daltonia	Australia		4024	peri.bolton@environment.gov.au	niels.klazenga@rbg.vic.gov.au	key-10061-species-of-daltonia.tsv
10062	"2019-11-28 12:33:18"	"2019-11-28 12:49:10"	"Species of Distichophyllum"	"Heinar Streimann"		Distichophyllum	Australia		4024	peri.bolton@environment.gov.au	niels.klazenga@rbg.vic.gov.au	key-10062-species-of-distichophyllum.tsv
11144	"2020-10-23 11:15:02"	"2021-03-01 05:32:25"	"Species of Bazzania"	"David A. Meagher"		Bazzania	Australia	"""Most Australian species belong to one of two groups of phytogeographical subregions, as defined by Ebach et al. (2015), namely, a northern area consisting of the Cape York Peninsula, Atherton and Eastern Queensland subregions, and a southern area consisting of the South-eastern, Victoria,Tasmania and Adelaide subregions. The boundary between these areas coincides with the McPherson–Macleay Overlap (Burbidge 1960). For this reason, two keys are provided in the present synopsis, including one for species north of 30°S (approximately the latitude of Coffs Harbour) and one for species south of 30°S."" [Meagher, D.A. 2019. A synopsis of the genus Bazzania (Marchantiophyta: Lepidoziaceae) in Australia. Australian Systematic Botany 32: 310–362.]"		peri.bolton@environment.gov.au	niels.klazenga@rbg.vic.gov.au	key-11144-species-of-bazzania.tsv
11782	"2021-02-08 15:20:12"	"2021-03-02 02:24:20"	"Species of Fissidens"	R.D.Seppelt	"This key has been rewritten from the Flora Online key.  A number of alterations have been made to account for current perceived difficulties in identifying some recent collections, smaller than usual plants in some species, the need for better clarity in identifying some closely related species groups, and to correct some errors in the Online key.  As the tropical and subtropical flora becomes better known and understood, there will no doubt be additional amendments to be made to this version of the key.  Some species are particularly troublesome with the degree of variation encountered – particularly in the nature of the limbidium.  In some taxa the limbidium may only be present on the vaginant laminae of perichaetial leaves and fruiting specimens may not always be available.  Hopefully, it may still be possible to obtain an identification when fruiting plants are missing.  To minimise such difficulties, where possible I have avoided features of perichaetia  and sporophytes in the key."	Fissidens	Australia			endymion.cooper@environment.gov.au	niels.klazenga@rbg.vic.gov.au	key-11782-species-of-fissidens.tsv
11789	"2021-02-09 15:32:43"	"2021-02-11 22:47:32"	"Varieties of Fissidens brassii"	R.D.Seppelt	"Revised key to Fissidens in Australia. Written by R.D.Seppelt for the Flora of Australia, 18 May 2020"	"Fissidens brassii"	Australia	"This key has been rewritten from the Australian Mosses Online key. As the tropical and subtropical flora becomes better known and understood, there will no doubt be additional amendments to be made to this version of the key. Some species are particularly troublesome with the degree of variation encountered – particularly in the nature of the limbidium. In some taxa the limbidium may only be present on the vaginant laminae of perichaetial leaves and fruiting specimens may not always be available. Hopefully, it may still be possible to obtain an identification when fruiting plants are missing. To minimise such difficulties, where possible I have avoided features of perichaetia and sporophytes in the key."		endymion.cooper@environment.gov.au	niels.klazenga@rbg.vic.gov.au	key-11789-varieties-of-fissidens-brassii.tsv
11807	"2021-02-12 09:46:10"	"2021-02-11 22:46:12"	"Varieties of Fissidens linearis"	R.D.Seppelt	"Revised key to Fissidens in Australia. Written by R.D.Seppelt for the Flora of Australia, 18 May 2020."	"Fissidens linearis"	Australia	"This key has been rewritten from the Australian Mosses Online key. As the tropical and subtropical flora becomes better known and understood, there will no doubt be additional amendments to be made to this version of the key. Some species are particularly troublesome with the degree of variation encountered – particularly in the nature of the limbidium. In some taxa the limbidium may only be present on the vaginant laminae of perichaetial leaves and fruiting specimens may not always be available. Hopefully, it may still be possible to obtain an identification when fruiting plants are missing. To minimise such difficulties, where possible I have avoided features of perichaetia and sporophytes in the key."		endymion.cooper@environment.gov.au	niels.klazenga@rbg.vic.gov.au	key-11807-varieties-of-fissidens-linearis.tsv
11808	"2021-02-12 09:52:20"	"2021-02-11 22:52:22"	"Varieties of Fissidens oblongifolius"	R.D.Seppelt	"Revised key to Fissidens in Australia. Written by R.D.Seppelt for the Flora of Australia, 18 May 2020"	"Varieties of Fissidens oblongifolius"	Australia	"This key has been rewritten from the Australian Mosses Online key. As the tropical and subtropical flora becomes better known and understood, there will no doubt be additional amendments to be made to this version of the key. Some species are particularly troublesome with the degree of variation encountered – particularly in the nature of the limbidium. In some taxa the limbidium may only be present on the vaginant laminae of perichaetial leaves and fruiting specimens may not always be available. Hopefully, it may still be possible to obtain an identification when fruiting plants are missing. To minimise such difficulties, where possible I have avoided features of perichaetia and sporophytes in the key."		endymion.cooper@environment.gov.au	niels.klazenga@rbg.vic.gov.au	key-11808-varieties-of-fissidens-oblongifolius.tsv
11809	"2021-02-12 09:55:09"	"2021-02-11 22:56:30"	"Varieties of Fissidens pallidus"	R.D.Seppelt	"Revised key to Fissidens in Australia. Written by R.D.Seppelt for the Flora of Australia, 18 May 2020"	"Fissidens pallidus"	Australia	"This key has been rewritten from the Australian Mosses Online key. As the tropical and subtropical flora becomes better known and understood, there will no doubt be additional amendments to be made to this version of the key. Some species are particularly troublesome with the degree of variation encountered – particularly in the nature of the limbidium. In some taxa the limbidium may only be present on the vaginant laminae of perichaetial leaves and fruiting specimens may not always be available. Hopefully, it may still be possible to obtain an identification when fruiting plants are missing. To minimise such difficulties, where possible I have avoided features of perichaetia and sporophytes in the key."		endymion.cooper@environment.gov.au	niels.klazenga@rbg.vic.gov.au	key-11809-varieties-of-fissidens-pallidus.tsv
11810	"2021-02-12 09:58:25"	"2021-02-11 22:58:27"	"Varieties of Fissidens taylorii"	R.D.Seppelt	"Revised key to Fissidens in Australia. Written by R.D.Seppelt for the Flora of Australia, 18 May 2020"	"Fissidens taylorii"	Australia	"This key has been rewritten from the Australian Mosses Online key. As the tropical and subtropical flora becomes better known and understood, there will no doubt be additional amendments to be made to this version of the key. Some species are particularly troublesome with the degree of variation encountered – particularly in the nature of the limbidium. In some taxa the limbidium may only be present on the vaginant laminae of perichaetial leaves and fruiting specimens may not always be available. Hopefully, it may still be possible to obtain an identification when fruiting plants are missing. To minimise such difficulties, where possible I have avoided features of perichaetia and sporophytes in the key."		endymion.cooper@environment.gov.au	niels.klazenga@rbg.vic.gov.au	key-11810-varieties-of-fissidens-taylorii.tsv
11811	"2021-02-12 10:00:21"	"2021-02-11 23:00:22"	"Varieties of serratus"	R.D.Seppelt	"Revised key to Fissidens in Australia. Written by R.D.Seppelt for the Flora of Australia, 18 May 2020"	"Fissidens serratus"	Australia	"This key has been rewritten from the Australian Mosses Online key. As the tropical and subtropical flora becomes better known and understood, there will no doubt be additional amendments to be made to this version of the key. Some species are particularly troublesome with the degree of variation encountered – particularly in the nature of the limbidium. In some taxa the limbidium may only be present on the vaginant laminae of perichaetial leaves and fruiting specimens may not always be available. Hopefully, it may still be possible to obtain an identification when fruiting plants are missing. To minimise such difficulties, where possible I have avoided features of perichaetia and sporophytes in the key."		endymion.cooper@environment.gov.au	niels.klazenga@rbg.vic.gov.au	key-11811-varieties-of-serratus.tsv
11864	"2021-02-17 11:30:50"	"2021-02-17 00:32:44"	"Varieties of Fissidens crenulatus"	R.D.Seppelt	"Revised key to Fissidens in Australia. Written by R.D.Seppelt for the Flora of Australia, 18 May 2020"	"Fissidens crenulatus"	Australia	"This key has been rewritten from the Australian Mosses Online key. As the tropical and subtropical flora becomes better known and understood, there will no doubt be additional amendments to be made to this version of the key. Some species are particularly troublesome with the degree of variation encountered – particularly in the nature of the limbidium. In some taxa the limbidium may only be present on the vaginant laminae of perichaetial leaves and fruiting specimens may not always be available. Hopefully, it may still be possible to obtain an identification when fruiting plants are missing. To minimise such difficulties, where possible I have avoided features of perichaetia and sporophytes in the key."		endymion.cooper@environment.gov.au	niels.klazenga@rbg.vic.gov.au	key-11864-varieties-of-fissidens-crenulatus.tsv
11912	"2021-03-02 13:16:56"	"2021-03-02 02:57:59"	"Species of Acromastigum"	"E.A. Brown and M.A.M. Renner"		Acromastigum	Australia	"Modified from Brown & Renner (2014) and Renner & Wilson (2018). The key provided by Brown & Renner (2014) included species found in New Zealand. As these are currently unknown in Australia, they have been removed from this version of the key."		endymion.cooper@environment.gov.au	niels.klazenga@rbg.vic.gov.au	key-11912-species-of-acromastigum.tsv
12596	"2022-03-02 14:15:17"	"2022-03-02 03:15:21"	"Species of Eucamptodon"	"Helen P. Ramsay"		Eucamptodon	Australia			endymion.cooper@environment.gov.au	niels.klazenga@rbg.vic.gov.au	key-12596-species-of-eucamptodon.tsv
12598	"2022-03-08 10:09:22"	"2022-03-07 23:09:25"	"Varieties of Eucamptodon muelleri"	"Helen P. Ramsay"		"Eucamptodon muelleri"	Australia			endymion.cooper@environment.gov.au	niels.klazenga@rbg.vic.gov.au	key-12598-varieties-of-eucamptodon-muelleri.tsv
13097	"2023-06-06 16:10:39"	"2023-06-07 15:40:53"	"Genera of Bruchiaceae"	"Ramsay, H.P."		Bruchiaceae	Australia		5602	phillip.kodela@environment.gov.au	phillip.kodela@environment.gov.au	key-13097-genera-of-bruchiaceae.tsv
13099	"2023-06-06 17:34:19"	"2023-06-07 15:42:08"	"Species of Trematodon"	"Ramsay, H.P."		Trematodon	Australia		5602	phillip.kodela@environment.gov.au	phillip.kodela@environment.gov.au	key-13099-species-of-trematodon.tsv
