id	author	year	title	collection_authors	collection_title	edition	series	volume	part	publisher	place_of_publication	pages	url
2857	"Buck, W.R.; Vitt, D.H."	2006	"Key to the genera of Australian mosses"		"Flora of Australia"			51		"ABRS and CSIRO Publishing"	"Canberra and Melbourne"	67–88	
3428	"Klazenga, N.; Milne, J."	2012	"Australian Mosses Online. 30. Lembophyllaceae: Camptochaete"										
3429	"Klazenga, N.; Milne, J."	2012	"Australian Mosses Online 30. Lembophyllaceae: Camptochaete"							"Australian Biological Resources Study"			
3430	"Klazenga, N.; Milne, J."	2012	"Australian Mosses Online. 30. Lembophyllaceae"							"Australian Biological Resources Study"			
3433	"Klazenga, N.; Milne, J."	2012	"Australian Mosses Online. 30. Lembophyllaceae: Lembophyllum"							"Australian Biological Resources Study"			
3434	"Klazenga, N.; Milne, J."	2012	"Australian Mosses Online. 30. Lembophyllaceae: Weymouthia"							"Australian Biological Resources Study"			
3435	"Klazenga, N."	2012	"Australian Mosses Online. 33. Dicranaceae: Dicranoloma"							"Australian Biological Resources Study"			
3436	"Klazenga, N."	2012	"Australian Mosses Online. 33. Dicranaceae"							"Australian Biological Resources Study"			
3437	"Klazenga, N."	2012	"Australian Mosses Online. 33. Dicranaceae: Holomitrium"							"Australian Biological Resources Study"			
3438	"Klazenga, N."	2012	"Australian Mosses Online. 33. Dicranaceae: Leucoloma"							"Australian Biological Resources Study"			
3439	"Klazenga, N."	2012	"Australian Mosses Online. 33. Dicranaceae: Sclerodontium"							"Australian Biological Resources Study"			
3833	"Ramsay, H.P."	2012	"Australian Mosses Online 14. Pylaisiadelphaceae: Clastobryum"							" Australian Biological Resources Study"	Canberra		
3834	"Fife, A.J. & Seppelt, R.D."	2012	"Australian Mosses Online 67. Funariaceae: Funaria"							"Australian Biological Resources Study"	Canberra		
3835	"Fife, A.J. & Seppelt, R.D."	2012	"Australian Mosses Online 67. Funariaceae"							"Australian Biological Resources Study"	Canberra		
3836	"Fife, A.J. & Seppelt, R.D."	2012	"Australian Mosses Online 67. Funariaceae: Entosthodon"							"Australian Biological Resources Study"	Canberra		
3837	"Fife, A.J. & Seppelt, R.D."	2012	"Australian Mosses Online 67. Funariaceae: Entosthodon subnudus"							"Australian Biological Resources Study"	Canberra		
3838	"Fife, A.J. & Seppelt, R.D."	2012	"Key to the subspecies of Goniomitrium acuminatum"							"Australian Biological Resources Study"	Canberra		
3839	"Ramsay, H.P."	2012	"Australian Mosses Online 14. Pylaisiadelphaceae"							"Australian Biological Resources Study"	Canberra		
3840	"Ramsay, H.P."	2012	"Australian Mosses Online 14. Pylaisiadelphaceae: Taxithelium"							"Australian Biological Resources Study"	Canberra		
3846	"van Zanten, B.O."	2012	"Australian Mosses Online 56. Racopilaceae"							"Australian Biological Resources Study"	Canberra		
3847	"van Zanten, B.O."	2012	"Australian Mosses Online 56. Racopilaceae: Powellia"							"Australian Biological Resources Study"	Canberra		
3848	"van Zanten, B.O."	2012	"Australian Mosses Online 56. Racopilaceae: Racopilum"							"Australian Biological Resources Study"	Canberra		
3849	"van Zanten, B.O."	2012	"Australian Mosses Online 56. Racopilaceae: Racopilum cuspidigerum"							"Australian Biological Resources Study"	Canberra		
3850	"Gilmore, S.R."	2012	"Australian Mosses Online 36. Rhizogoniaceae"							"Australian Biological Resources Study"	Canberra		
3851	"Gilmore, S.R."	2012	"Australian Mosses Online. 36. Rhizogoniaceae: Leptotheca gaudichaudii"							"Australian Biological Resources Study"	Canberra		
3852	"Gilmore, S.R."	2012	"Australian Mosses Online. 36. Rhizogoniaceae: Mesochaete"							"Australian Biological Resources Study"	Canberra		
3853	"Gilmore, S.R."	2012	"Australian Mosses Online. 36. Rhizogoniaceae: Pyrrhobryum"							"Australian Biological Resources Study"	Canberra		
3854	"Gilmore, S.R."	2012	"Australian Mosses Online. 36. Rhizogoniaceae: Rhizogonium"							"Australian Biological Resources Study"	Canberra		
3859	"Reese, W.D. & Stone, I.G."	2012	"Australian Mosses Online. 13. Calymperaceae: Calymperes"							"Australian Biological Resources Study"	Canberra		
3860	"Catcheside, D.G."	2012	"Australian Mosses Online. 13. Calymperaceae: Leucophanes"							"Australian Biological Resources Study"	Canberra		
3861	"Reese, W.D. & Stone, I.G."	2012	"Australian Mosses Online. 13. Calymperaceae: Mitthyridium"							"Australian Biological Resources Study"	Canberra		
3862	"Reese, W.D. & Stone, I.G."	2012	"Australian Mosses Online. 13. Calymperaceae: Syrrhopodon"							"Australian Biological Resources Study"	Canberra		
3863	"Reese, W.D. & Stone, I.G."	2012	"Australian Mosses Online. 13. Calymperaceae: Syrrhopodon"							"Australian Biological Resources Study"	Canberra		
3884	"H.P. Ramsay, D.H. Vitt & J. Lewinsky-Haapasaari "	2006	Orthotrichaceae		"Flora of Australia"			51		"Australian Biological Resources Study, Canberra & CSIRO Publishing, Melbourne"			
3885	"H.P. Ramsay"	2006	"Orthotrichaceae - Ulota"		"Flora of Australia"			51		"Australian Biological Resources Study, Canberra & CSIRO Publishing, Melbourne."			
3886	"H.P. Ramsay"	2006	Orthotrichaceae		"Flora of Australia"			51		"Australian Biological Resources Study, Canberra & CSIRO Publishing, Melbourne."			
3887	"H.P. Ramsay"	2006	"Orthotrichaceae "		"Flora of Australia"			51		"Australian Biological Resources Study, Canberra & CSIRO Publishing, Melbourne"			
3888	"Jette Lewinsky-Haapasaari & Helen P. Ramsay"	2006	Orthotrichaceae		"Flora of Australia"			51		"Australian Biological Resources Study, Canberra & CSIRO Publishing, Melbourne"			
3889	"R.D.Seppelt & I.G.Stone "	2016	"Australian Mosses Online 70. Fissidentaceae"							"Australian Biological Resources Study, Canberra. Version 16 June 2016"			
3892	"D.G. Catcheside"	2012	"Australian Mosses Online 8. Pleurophascaceae. Version 17"							"Australian Biological Resources Study"	Canberra		
3893	"J. Hyvönen"	2006	Polytrichaceae	"P.M. McCarthy"	"Flora of Australia"			51		"Australian Biological Resources Study, Canberra & CSIRO Publishing"	Melbourne		
3894	"Seppelt, R.D. & Stone, I.G"	2016	"Australian Mosses Online 70. Fissidentaceae. Version 16."							"Australian Biological Resources Study"	Canberra		
3895	"Rodney D. Seppelt & Ilma G. Stone"	2016	". Australian Mosses Online 70. Fissidentaceae"							"Australian Biological Resources Study"	Canberra		
3896	"R.D. Seppelt & I.G. Stone"	2016	" Australian Mosses Online 70. Fissidentaceae. Version 16."							"Australian Biological Resources Study"	Canberra		
3900	"Rodney D. Seppelt & Ilma G. Stone"	2016	"Australian Mosses Online 70. Fissidentaceae. "							"Australian Biological Resources Study"	Canberra		
3901	"Rodney D. Seppelt & Ilma G. Stone"	2016	"Australian Mosses Online 70. Fissidentaceae. "							"Australian Biological Resources Study"	Canberra		
3902	"Rodney D. Seppelt & Ilma G. Stone"	2016	"Australian Mosses Online 70. Fissidentaceae. Version 16"							"Australian Biological Resources Study"	Canberra		
3903	"Rodney D. Seppelt & Ilma G. Stone"	2016	"Australian Mosses Online 70. Fissidentaceae. Version 16."							"Australian Biological Resources Study"	Canberra		
3904	"Rodney D. Seppelt & Ilma G. Stone"	2016	"Australian Mosses Online 70. Fissidentaceae. Version 16."							"Australian Biological Resources Study"	Canberra		
3905	"Rodney D. Seppelt & Ilma G. Stone"	2016	"Australian Mosses Online 70. Fissidentaceae."							"Australian Biological Resources Study"	Canberra		
3907	"G.H. Bell & D.G. Catcheside"	2006	Meesiaceae	"P.M. McCarthy"	"Flora of Australia"			51		"Australian Biological Resources Study, Canberra & CSIRO Publishing"	Melbourne		
3908	"G.H. Bell & D.G. Catcheside"	2006	Meesiaceae	"P.M. McCarthy"	"Flora of Australia"			51		"Australian Biological Resources Study, Canberra & CSIRO Publishing"	Melbourne		
3909	"Johannes Enroth"	2012	"Australian Mosses Online 59. Cryphaeaceae"							"Australian Biological Resources Study, Canberra"			
3910	"Johannes Enroth"	2012	"Australian Mosses Online 59. Cryphaeaceae"							" Australian Biological Resources Study, Canberra"			
3911	"Niels Klazenga"	2012	"Australian Mosses Online 62. Grimmiaceae"							"Australian Biological Resources Study, Canberra."			
3914	"R.D. Seppelt"	2006	Sphagnaceae	"P.M. McCarthy"	"Flora of Australia"			51		"Australian Biological Resources Study, Canberra & CSIRO Publishing, Melbourne."			
3915	"Scott R. Gilmore"	2012	"Australian Mosses Online 4. Hedwigiaceae. "							"Australian Biological Resources Study, Canberra"			
3916	"Scott R. Gilmore"	2012	"Australian Mosses Online 10. Echinodiaceae"							" Australian Biological Resources Study, Canberra"			
3917	"Josephine Milne & Niels Klazenga"	2012	"Australian Mosses Online 24. Entodontaceae."							"Australian Biological Resources Study, Canberra"			
3919	"H. Ando"	2012	"Australian Mosses Online 58. Hypnaceae - Hypnum"							"Australian Biological Resources Study, Canberra. "			
3953	"Ilma G. Stone"	2012	"Australian Mosses Online 41. Ephemeraceae"							"Australian Biological Resources Study, Canberra"			
3955	H.Streimann	2012	"Australian Mosses Online 11. Hookeriaceae"							"Australian Biological Resources Study, Canberra"			
3956	H.Streimann	2012	"Australian Mosses Online 11. Hookeriaceae"							"Australian Biological Resources Study, Canberra"			
3957	"H. Streimann"	2012	"Australian Mosses Online 11. Hookeriaceae"							"Australian Biological Resources Study, Canberra"			
3958	"N. Klazenga & J. Milne"	2012	"Australian Mosses Online 30. Lembophyllaceae"							"Australian Biological Resources Study, Canberra"			
3961	"Johannes Enroth"	2012	"Australian Mosses Online 60. Leptodontaceae"							"Australian Biological Resources Study, Canberra"			
3962	"Ilma G. Stone"	2012	"Australian Mosses Online 39. Erpodiaceae"							"Australian Biological Resources Study, Canberra"			
3963	"Ilma G. Stone"	2012	"Australian Mosses Online 39. Erpodiaceae"							"Australian Biological Resources Study, Canberra"			
3964	"Scott R. Gilmore"	2012	"Australian Mosses Online 3. Fabroniaceae"							"Australian Biological Resources Study, Canberra"			
3975	"H.M.Jolley, G.H.Bell & J.Milne"	2013	" Australian Mosses Online 57. Pottiaceae"							"Australian Biological Resources Study, Canberra"			
3976	"Jolley, H.M. & Milne, J. "	2013	"Australian Mosses Online 57. Pottiaceae."							"Australian Biological Resources Study, Canberra"			
3977	"Helen M. Jolley, Graham H. Bell and Josephine Milne"	2013	"Australian Mosses Online 57. Pottiaceae."							"Australian Biological Resources Study, Canberra"			
3996	"Touw, A."	2012	"Australian Mosses Online 22. Hypnodendraceae."							"Australian Biological Resources Study, Canberra"			
3997	"Ramsay, H.P."	2012	" Australian Mosses Online 1. Sematophyllaceae"							"Australian Biological Resources Study, Canberra"			
3998	"Jolley, H.M., Bell, G.H., Milne, J."	2013	"Australian Mosses Online 57. Pottiaceae"							"Australian Biological Resources Study, Canberra"			
3999	"Touw, A."	2014	"Australian Mosses Online 23. Thuidiaceae"							"Australian Biological Resources Study, Canberra"			
4019	"Kruijer, J.D."	2012	"Australian Mosses Online 54. Hypopterygiaceae."							"Australian Biological Resources Study, Canberra"			
4020	"Milne, J. & Klazenga, N."	2012	"Australian Mosses Online 31. Ptychomniaceae"							"Australian Biological Resources Study, Canberra"			
4022	"A. Touw"	2012	"Australian Mosses Online 22. Hypnodendraceae: [Mniodendron]. "							"Australian Biological Resources Study, Canberra"			
4023	"Bernard Goffinet"	2012	"Australian Mosses Online 53. Splachnaceae."							"Australian Biological Resources Study, Canberra"			
4024	"Heinar Streimann"	2012	"Australian Mosses Online 11. Hookeriaceae"							"Australian Biological Resources Study, Canberra"			
4829	"David Meagher"	2020	Bazzania							"Australian Biological Resources Study"			
4830	"David Meagher"	2020	Bazzania		"Bryophytes of Australia"					"Australian Biological Resources Study"			
4831	"David Meagher"	2020	Bazzania		"Bryophytes of Australia"					"Australian Biological Resources Study"	Canberra		
5234	"Elizabeth A. Brown and Matt A.M. Renner"	2014	"The genus Acromastigum in Australia"					17				251–293	
5235	"Elizabeth A. Brown and Matt A.M. Renner"	2014	"The genus Acromastigum in Australia"					17				251-293	
5602	"Ramsay, H.P.; Seppelt, R.D.; Downing, A.J."	2020	"The genus Trematodon (Bruchiaceae) in Australia"					23				1–19	
