id	name	url
73631	" Pseudotsuga menziesii"	
26439	Abies	http://intermountainbiota.org/portal/taxa/index.php?taxon=Abies
27277	"Abies concolor"	http://intermountainbiota.org/portal/taxa/index.php?taxon=Abies%20concolor
52615	"Abies lasiocarpa"	http://intermountainbiota.org/portal/taxa/index.php?taxon=Abies%20lasiocarpa
242	Anacardiaceae	
50023	Cotinus	http://intermountainbiota.org/portal/taxa/index.php?taxon=Cotinus
22727	Cupressaceae	http://intermountainbiota.org/portal/taxa/index.php?taxon=Cupressaceae
26534	Echinocereus	http://intermountainbiota.org/portal/taxa/index.php?taxon=Echinocereus
29348	"Echinocereus mojavensis"	http://intermountainbiota.org/portal/taxa/index.php?taxon=Echinocereus%20mojavensis
27272	"Ephedra nevadensis"	
73638	"Ephedra torreyana"	
27273	"Ephedra viridis"	
27045	Ephedraceae	http://intermountainbiota.org/portal/taxa/index.php?taxon=Ephedraceae
73628	"Genera of Cactaceae"	
26527	Grusonia	http://intermountainbiota.org/portal/taxa/index.php?taxon=Grusonia
29335	"Grusonia pulchella"	http://intermountainbiota.org/portal/taxa/index.php?taxon=Grusonia%20pulchella
55760	"Juniperus communis"	
27265	"Juniperus osteosperma"	
55830	"Juniperus scopulorum"	
5090	Opuntia	http://intermountainbiota.org/portal/taxa/index.php?taxon=Opuntia
366	Orobanchaceae	
73636	"Orthocarpus holmgreniorum"	http://intermountainbiota.org/portal/taxa/index.php?taxon=Orthocarpus%20holmgreniorum
30873	"Orthocarpus luteus"	http://intermountainbiota.org/portal/taxa/index.php?taxon=Orthocarpus%20luteus
73637	"Orthocarpus tolmiei"	http://intermountainbiota.org/portal/taxa/index.php?taxon=Orthocarpus%20tolmiei
49348	Pediocactus	http://intermountainbiota.org/portal/taxa/index.php?taxon=Pediocactus
73630	"Pediocactus simpsonii var. simpsonii"	http://intermountainbiota.org/portal/taxa/index.php?taxon=Pediocactus%20simpsonii%20var.%20simpsonii
26441	Picea	http://intermountainbiota.org/portal/taxa/index.php?taxon=Picea
73635	"Picea englemanii"	http://intermountainbiota.org/portal/taxa/index.php?taxon=Picea%20englemanii
36799	"Picea pungens"	http://intermountainbiota.org/portal/taxa/index.php?taxon=Picea%20pungens
22730	Pinaceae	http://intermountainbiota.org/portal/taxa/index.php?taxon=Pinaceae
60433	Pinophyta	
20575	Pinus	http://intermountainbiota.org/portal/taxa/index.php?taxon=Pinus
27297	"Pinus contorta"	http://intermountainbiota.org/portal/taxa/index.php?taxon=Pinus%20contorta
73634	"Pinus edilus"	http://intermountainbiota.org/portal/taxa/index.php?taxon=Pinus%20edilus
73633	"Pinus flexillus"	http://intermountainbiota.org/portal/taxa/index.php?taxon=Pinus%20flexillus
27287	"Pinus monophylla"	http://intermountainbiota.org/portal/taxa/index.php?taxon=Pinus%20monophylla
27308	"Pinus ponderosa"	http://intermountainbiota.org/portal/taxa/index.php?taxon=Pinus%20ponderosa
73140	Pistacio	http://intermountainbiota.org/portal/taxa/index.php?taxon=Pistacio
26440	Pseudotsuga	http://intermountainbiota.org/portal/taxa/index.php?taxon=Pseudotsuga
5164	Rhus	http://intermountainbiota.org/portal/taxa/index.php?taxon=Rhus
26460	Toxicodendron	http://intermountainbiota.org/portal/taxa/index.php?taxon=Toxicodendron
6201	Verbena	
31799	"Verbena bracteata"	http://intermountainbiota.org/portal/taxa/index.php?taxon=Verbena%20bracteata
31804	"Verbena hastata"	http://intermountainbiota.org/portal/taxa/index.php?taxon=Verbena%20hastata
5181	Viola	
58506	"Viola adunca"	http://intermountainbiota.org/portal/taxa/index.php?taxon=Viola%20adunca
31771	"Viola beckwithii"	http://intermountainbiota.org/portal/taxa/index.php?taxon=Viola%20beckwithii
73468	"Viola canadensis"	http://intermountainbiota.org/portal/taxa/index.php?taxon=Viola%20canadensis
73470	"Viola frank-smithii"	http://intermountainbiota.org/portal/taxa/index.php?taxon=Viola%20frank-smithii
73469	"Viola lithion"	http://intermountainbiota.org/portal/taxa/index.php?taxon=Viola%20lithion
31767	"Viola macloskeyi"	http://intermountainbiota.org/portal/taxa/index.php?taxon=Viola%20macloskeyi
31765	"Viola nephrophylla"	http://intermountainbiota.org/portal/taxa/index.php?taxon=Viola%20nephrophylla
73466	"Viola nuttallii"	http://intermountainbiota.org/portal/taxa/index.php?taxon=Viola%20nuttallii
10448	"Viola odorata"	http://intermountainbiota.org/portal/taxa/index.php?taxon=Viola%20odorata
70803	"Viola purpurea"	http://intermountainbiota.org/portal/taxa/index.php?taxon=Viola%20purpurea
73467	"Viola utahensis"	http://intermountainbiota.org/portal/taxa/index.php?taxon=Viola%20utahensis
