from	statement	to
1	"Leaves dissected and trifoliate"	"Viola beckwithii"
1	"Leaves not trifoliate, margins entire or toothed"	2
2	"Flowers yellow"	3
2	"Flowers violet to white"	5
3	"Leaves longer than broad"	"Viola nuttallii"
3	"Leaves as long as broad"	4
4	"Lateral petals bearded within; leaves lobed, purple tinged or purple veined beneath"	"Viola purpurea"
4	"Lateral petals glabrous; leaves toothed, green on both sides or purplish on lower surface"	"Viola utahensis"
5	"Plants acaulescent os short caulescent"	6
5	"Plants with cauline leaves"	7
6	"Plants with rhizomes of stolons"	"Viola macloskeyi"
6	"Plants with neither rhizomes or stolons"	"Viola nephrophylla"
7	"Flowers usually white, sometimes lavender; spurs 0.5- 3 mm long"	"Viola canadensis"
7	"Flowers usually violet, sometimes white; spurs 2.5-7.0 mm long"	8
8	"Flowers fragrant; plants weedy, invasive in urban lawns; styles glabrous"	"Viola odorata"
8	"Flowers not fragrant; plants not weedy; styles bearded"	9
9	"Plants restricted to cliffs in Pilot Range on Utah-Nevada border"	"Viola lithion"
9	"Plants of other distribution"	10
10	"Stipules entire or toothed; plants widely distributed"	"Viola adunca"
10	"Stipules fimbriate; plants restricted to Bear Rive Range"	"Viola frank-smithii"
