id	created_at	updated_at	title	author	description	item	spatial	remarks	source_id	created_by	updated_by	key_file
10738	"2020-06-10 03:30:59"	"2020-06-10 03:32:12"	"Anacardiaceae genera"	"R.J. Shaw"	"As published"	Anacardiaceae	"Northern Utah"			mary.barkworth@usu.edu	niels.klazenga@rbg.vic.gov.au	key-10738-anacardiaceae-genera.tsv
10908	"2020-07-30 01:46:27"	"2020-09-12 02:02:28"	"Violaceae (Viola) species"	"Kristian Valles"		Viola	"Northern Utah"	"Mildly edited from the version on the poster displayed at Botany 2020"		mary.barkworth@usu.edu	Kris.r.valles@gmail.com	key-10908-violaceae-viola-species.tsv
10963	"2020-09-12 01:54:24"	"2020-09-12 02:39:30"	"Cactaceae Key to Genera"			"Genera of Cactaceae"	"Northern Utah"			Kris.r.valles@gmail.com	Kris.r.valles@gmail.com	key-10963-cactaceae-key-to-genera.tsv
10964	"2020-09-12 02:10:12"	"2020-09-11 16:10:12"	"Verbenaceae (Verbena) species"			Verbena	"Northern Utah"			Kris.r.valles@gmail.com	niels.klazenga@rbg.vic.gov.au	key-10964-verbenaceae-verbena-species.tsv
10965	"2020-09-12 02:20:32"	"2020-09-12 03:33:30"	"Pinaceae genera"			Pinaceae	"Northern Utah"			Kris.r.valles@gmail.com	Kris.r.valles@gmail.com	key-10965-pinaceae-genera.tsv
10966	"2020-09-12 03:17:13"	"2020-09-12 04:36:59"	"Pinus species"			Pinaceae	"Northern Utah"			Kris.r.valles@gmail.com	Kris.r.valles@gmail.com	key-10966-pinus-species.tsv
10967	"2020-09-12 03:18:36"	"2020-09-11 17:18:37"	"Abies species"			Pinaceae	"Northern Utah"			Kris.r.valles@gmail.com	niels.klazenga@rbg.vic.gov.au	key-10967-abies-species.tsv
10968	"2020-09-12 03:19:53"	"2020-09-11 17:26:12"	"Picea species"			Pinaceae	"Northern Utah"			Kris.r.valles@gmail.com	niels.klazenga@rbg.vic.gov.au	key-10968-picea-species.tsv
10969	"2020-09-12 03:27:58"	"2020-09-11 17:27:59"	"Orthocarpus species"			Orobanchaceae	"Northern Utah"			Kris.r.valles@gmail.com	niels.klazenga@rbg.vic.gov.au	key-10969-orthocarpus-species.tsv
10970	"2020-09-12 03:28:54"	"2020-09-12 03:29:16"	"Ephedraceae (Ephedra) species"			Ephedraceae	"Northern Utah"			Kris.r.valles@gmail.com	Kris.r.valles@gmail.com	key-10970-ephedraceae-ephedra-species.tsv
10971	"2020-09-12 03:31:56"	"2020-09-11 17:31:57"	"Pinophyta Key to Families"			Pinophyta	"Northern Utah"			Kris.r.valles@gmail.com	niels.klazenga@rbg.vic.gov.au	key-10971-pinophyta-key-to-families.tsv
10972	"2020-09-12 03:35:18"	"2020-09-12 03:39:41"	"Cupressaceae (Juniperus) species"			Cupressaceae	"Northern Utah"			Kris.r.valles@gmail.com	Kris.r.valles@gmail.com	key-10972-cupressaceae-juniperus-species.tsv
