from	statement	to
1	"Margins of leaf lamina conspicuously thickened, smooth (southern W.A.)"	"Caesia rigidifolia"
1	"Margins of leaf lamina ±flat or angular, smooth or partly crenulate"	2
2	"Leaf lamina involute, often canaliculate proximally, with prominent raised nerves, usually partially crenulate on margins; testa smooth or areolate-alveolate, shiny (south-western W.A.)"	"Caesia occidentalis"
2	"Leaf lamina flat or complicate, with nerves included or slightly raised, usually smooth on margins; testa variously ornamented, dull or shiny"	3
3	"Inflorescence axis branched; lower branches subtended by leaf-like bracts more than 10 cm long"	4
3	"Inflorescence axis unbranched, or if branched the lower branches subtended by leaf-like, linear or subulate bracts less than 10 cm long"	8
4	"Testa striate, shiny; roots fibrous with broadly fusiform tubers distally (south-western W.A.)"	"Caesia micrantha"
4	"Testa granulate or colliculate and often pustulate or tuberculate, dull or ±shiny; roots various (tropical and/or temperate eastern Australia)"	5
5	"Roots fleshy-fibrous, or slender and tuberous but without distinct distal tubers; testa granulate with or without scattered pustules or tubercles"	6
5	"Roots fleshy-fibrous with broadly fusiform tubers distally; testa granulate or colliculate with or without irregularly scattered tubercles"	7
6	"Testa granulate with or without scattered pustules; leaf lamina usually more than 7 mm wide (tropical and eastern subtropical Australia)"	"Caesia chlorantha"
6	"Testa granulate with scattered tubercles; leaf lamina usually less than 5 mm wide (tropical to temperate eastern Australia)"	"Caesia parviflora"
7	"Leaf lamina less than 3 mm wide; flower clusters to 9-flowered; flowers white to pale blue (tropical Australia)"	"Caesia setifera"
7	"Leaf lamina 3–15 mm wide; flower clusters to 3-flowered; flowers usually blue or purple (temperate eastern Australia)"	"Caesia calliantha"
8	"Inflorescence axis unbranched"	9
8	"Inflorescence axis branched"	11
9	"Inflorescence spreading-decumbent (temperate eastern Australia)"	"Caesia alpina"
9	"Inflorescence erect or ascending"	10
10	"Perianth segments over 5.5 mm long, usually purple or blue; leaf lamina 3–15 mm wide"	"Caesia calliantha"
10	"Perianth segments 4–5.5 mm long, white or pale blue; leaf lamina 1–2 mm wide"	"Caesia setifera"
11	"Roots fleshy-fibrous or narrowly fusiform; leaf lamina less than 7 mm wide"	12
11	"Roots ±fibrous with broadly fusiform tubers distally; leaf lamina to 15 mm wide"	13
12	"Plant less than 10 cm high; perianth segments less than 5 mm long; testa granulate without tubercles or pustules"	"Caesia alpina"
12	"Plant usually taller than 15 cm; perianth segments more than 5 mm long; testa granulate and regularly tuberculate"	"Caesia parviflora"
13	"Leaf lamina less than 3 mm wide; sheaths persisting as fibres; flower clusters ±evenly and widely separated, 1–9-flowered"	"Caesia setifera"
13	"Leaf lamina 3–15 mm wide; sheaths papery, not remaining long; lower flower clusters evenly spaced, upper ±grouped, 1–3-flowered"	"Caesia calliantha"
