from	statement	to
1	"Leaves with segments linear or linear-lanceolate, less than 5 mm wide; fruit ellipsoid or oblong, 6–10 mm long, pedicels in fruit unequal, 7–20 mm long"	"Gingidia harveyana"
1	"Leaves with segments rhombic, ovate or obovate, more than 7 mm wide; fruit ovate, ± 6 mm long; pedicels in fruit more or less equal, 2–6 mm long"	2
2	"Leaf segments 3-lobed, margins acutely toothed; petioles less than 10 cm long, sheathing base to 4.5 cm long"	"Gingidia algens"
2	"Leaf segments not lobed, margins obtusely toothed; petioles usually more than 10 cm long, sheathing base to 8 cm long"	"Gingidia rupicola"
