from	statement	to
1	"Blade of lamina grey or rusty brown, composed of a single layer of parenchyma cells prolonged into sausage-shaped whitish papillae, intermixed with ferruginous stellate hairs"	"Hymenophyllum applanatum"
1	"Blade of lamina green or glaucous, without cells modified into papillae, glabrous or with simple or forked hairs"	2
2	"Lamina with a black margin, simple or 1–3-forked"	"Hymenophyllum marginatum"
2	"Lamina without a black margin, more divided"	3
3	"Lamina dichotomously divided, with simple or forked hairs confined to margin"	4
3	"Lamina pinnately divided, glabrous or with hairs not confined to margin"	5
4	"Hairs on lamina margins multicellular, pale, often forked; New South Wales"	"Hymenophyllum lyallii"
4	"Hairs on lamina margins unicellular, dark, always simple; northeast Queensland"	"Hymenophyllum digitatum"
5	"Laminal margin distinctly toothed"	6
5	"Laminal margin entire (rarely obscurely toothed)"	16
6	"Involucre scarcely bilabiate; frond pinnatifid"	"Hymenophyllum lobbii"
6	"Involucre with lips at least a half the length of the involucre; fronds usually more divided"	7
7	"Segments clearly undulate"	8
7	"Segments plane"	9
8	"Involucre ovate, surfaces crested or toothed"	"Hymenophyllum kerianum"
8	"Involucre rotund, surfaces smooth"	"Hymenophyllum reinwardtii"
9	"Pinnae branched only on upper (acroscopic) side"	10
9	"Pinnae branched on both sides"	11
10	"Rachis wing restricted to between the ultimate 2 or 3 pinnae; sori solitary on pinnae; Macquarie Island"	"Hymenophyllum falklandicum"
10	"Rachis wing extending the full length of rachis; sori usually 2–5 per pinna; mainland Australia and Tasmania"	"Hymenophyllum peltatum"
11	"Sori immersed for around half their length"	"Hymenophyllum holochilum"
11	"Sori not or only slightly immersed at base"	12
12	"Frond 3-pinnatifid or more divided"	13
12	"Frond 1–2-pinnate-pinnatifid"	14
13	"Involucre bilabiate almost to base; receptacles not or rarely exserted; rachis wing not or shallowly toothed; mainland Australia"	"Hymenophyllum bivalve"
13	"Involucre with lips around half the length of the involucre, the lower half forming a tube; receptacles usually exserted; rachis wings toothed; Lord Howe Island"	"Hymenophyllum multifidum"
14	"Ultimate segments 1.3–2 mm wide; sori few, usually 1 or 2 per frond"	"Hymenophyllum pumilum"
14	"Ultimate segments less than 1.5 mm wide; sori usually numerous per frond"	15
15	"Ultimate segments 0.5–1.5 mm wide; sori usually solitary on short lateral segments"	"Hymenophyllum cupressiforme"
15	"Ultimate segments rarely wider than 0.5 mm; sori usually several per pinna"	"Hymenophyllum gracilescens"
16	"Lamina with a band on either side of veins or axes several cells thick, usually glaucous; involucre not or scarcely bilabiate"	"Hymenophyllum pallidum"
16	"Lamina without multistratose bands adjacent to veins or axes, green; involucre clearly bilabiate"	17
17	"Receptacle long (up to 5 mm) exserted; involucre with a distinctly tubular base"	"Hymenophyllum baileyanum"
17	"Receptacle included or slightly exserted; involucre without a distincly tubular base"	18
18	"Rhizomes and stipes with pale lax yellowish hairs; rachis unwinged between lower pinnae"	"Hymenophyllum flabellatum"
18	"Rhizomes and stipes glabrous or with red or brown hairs; rachis winged throughout"	19
19	"Lips of involucre around half the length of the involucre, clearly immersed in the ultimate segment, base cuneate"	20
19	"Involucre bilabiate to the base or almost so, not or scarcely immersed in the ultimate segment, base truncate"	21
20	"Lamina margin 2 cells thick in places, 1-pinnate to 1–2-pinnatifid; southeast Australia"	"Hymenophyllum rarum"
20	"Lamina (except veins) uniformly 1 cell thick, deeply 3-pinnatifid or more divided; northern Queensland"	"Hymenophyllum contiguum"
21	"Stipe wingless, or inconspicuously winged in upper portion only"	22
21	"Stipe clearly winged for most of its length"	23
22	"Frond pinnatifid; stipe glabrous"	"Hymenophyllum whitei"
22	"Frond more dissected; stipe with conspicuous hairs"	"Hymenophyllum walleri"
23	"Sori round, as wide as long"	"Hymenophyllum eboracense"
23	"Sori longer than wide"	24
24	"Frond margins obscurely toothed, most clearly near segment apices"	"Hymenophyllum samoense"
24	"Frond margins entire"	25
25	"Stipe and rachis wings conspicuously crisped; lamina (except veins) uniformly 1 cell thick; margin of involucral lips irregularly crenate to distinctly dentate"	"Hymenophyllum javanicum"
25	"Stipe and rachis wings plane or slightly crisped; lamina margins 2 cells thick in places; margin of involucral lips erose-denticulate at most"	"Hymenophyllum australe"
