from	statement	to
1	"Flowers sessile"	2
1	"Flowers pedicellate"	3
2	"Staminodial tube not exceeding that of fertile stamens; calyx rupturing, never circumscissile"	"Barringtonia racemosa"
2	"Staminodial tube much exceeding that of fertile stamens; calyx circumscissile, rarely rupturing into lobes"	"Barringtonia calyptrata"
3	"Calyx undivided in bud, rupturing into unequal lobes at anthesis; lobes not fimbriate"	4
3	"Calyx with free, imbricate, fimbriate lobes; staminal filaments 1-2 cm long"	"Barringtonia acutangula"
4	"lnflorescence erect; staminal filaments 8-15 cm long"	"Barringtonia asiatica"
4	"lnflorescence pendulous; staminal filaments 2.2-4 cm long"	"Barringtonia racemosa"
