from	statement	to
1	"Inflorescence ± obovoid; leaf sheath 4–7 cm long (SE Australia)"	"Chaetospora turbinata"
1	"Inflorescence ± globose to depressed-globose; leaf sheath 2–4 cm long (SW Australia)"	2
2	"Flower head usually black (sometimes dark brown); spikelets 1-flowered; perianth segments flat, ciliate, 1.5–2 mm long (about as long as the nutlet)"	"Chaetospora curvifolia"
2	"Flower head rather pale brown; spikelets 3-flowered; perianth segments compressed to terete, 0.2–0.4 mm long (much shorter than the nutlet)"	"Chaetospora subbulbosa"
