from	statement	to
1	"Corolla yellow"	"Centaurium maritimum"
1	"Corolla magenta to pale pink, rarely white"	2
2	"Plant biennial, with prominent basal leaf rosette persisting at flowering time; corolla tube usually much longer than calyx at anthesis; corolla lobes pale rose pink, 5–6 mm long; anthers 1.6–2 mm long"	"Centaurium erythraea"
2	"Plant annual; basal leaf rosette usually absent at flowering; corolla tube scarcely longer than calyx at anthesis; corolla lobes magenta to bright rose pink (rarely white), mostly 3–4.5 mm long; anthers 1–1.2 mm long, rarely more"	3
3	"Main stem(s) of 5–9 internodes below branches; branches divergent from axis at 15°–25°, rarely more, forming a rather dense, irregular or corymbose inflorescence; pedicels mostly absent, or to 2 mm long; corolla usually magenta; seeds mostly 0.25–0.35 mm diam."	"Centaurium tenuiflorum"
3	"Main stem(s) of 2–4 internodes below branches; branches divergent from axis at up to 45°, forming a rather diffuse, regularly dichasial inflorescence; pedicels usually 1–5 mm long; corolla usually bright rose pink; seeds mostly 0.15–0.25 mm diam."	"Centaurium pulchellum"
