from	statement	to
1	"Leaves obcordate, 9–11 mm long, length less than or equal to twice width"	"Crowea exalata subsp. obcordata"
1	"Leaves narrowly oblong or narrowly elliptic, 10–75 mm long, length usually greater than three times width"	2
2	"Leaves 10–75 mm long, 1.5–9.5 mm wide, with margin flat or slightly recurved"	3
2	"Leaves 13–23 mm long, 1.5–2.5 mm wide, with margin revolute"	"Crowea exalata subsp. revoluta"
3	"Leaves narrowly oblong to oblanceolate, sometimes narrowly elliptic or spathulate, 10–60 mm long, 1.5–6 mm wide, obtuse to acute"	"Crowea exalata subsp. exalata"
3	"Leaves narrowly elliptic, rarely narrowly oblong to oblanceolate, 20–75 mm long, 3–9.5 mm wide, mucronate to apiculate, rarely acute to obtuse or retuse"	"Crowea exalata subsp. magnifolia"
