from	statement	to
1	"Petals furnished with scales"	2
1	"Petals scaleless, sometimes with slightly thickened basal margins"	4
2	"Leaves with 1 (rarely 2) pairs of leaflets; petiolules 1-7 mm long; fruits sessile or subsessile"	"Rhysotoechia bifoliolata"
2	"Leaves with 2-4 (rarely 1) pairs of leaflets; petiolules 8-18 mm long; fruits usually conspicuously stipitate"	3
3	"Leaves with 2 or 3 pairs of leaflets; apex of leaflets usually acute or acuminate; reticulate venation lax; inflorescences sparsely flowered; flowers 8-10 mm diameter; pedicels 6-9 mm long; sepals to 6 x 5 mm; petals 4-5 mm long"	"Rhysotoechia mortoniana"
3	"Leaves with 2-4 pairs of leaflets; apex of leaflets broad, obtuse; reticulate venation fine, close together; inflorescences densely flowered; flowers 6-7 mm diameter; pedicels 4-5 mm long; sepals to 4 x 3 mm; petals 2.5-3 mm long"	"Rhysotoechia florulenta"
4	"Branchlets glabrous at tips; leaflets very verrucose, finely closely reticulate- veined; petiolules 7-10 mm long; fruits 2-locular"	"Rhysotoechia flavescens"
4	"Branchlets villous at tips; leaflets shiny, lax and coarsely reticulate-veined; petiolules 2-6 mm long; fruits 3-locular"	"Rhysotoechia robertsonii"
