from	statement	to
1	"Branchlets sparsely stellate-pubescent"	"Bertya cunninghamii  subsp. polyosmoides"
1	"Branchlets glabrous"	2
2	"Shrub to 1.5 m high; petioles 0.5–1 mm long; calyx lobes of female flowers narrowly oblong or oblong-ovate, with entire margins; growing in rocky habitats"	"Bertya cunninghamii  subsp. rupicola"
2	"Shrub to 3 m high; petioles 0.3–0.6 mm long; calyx lobes of female flowers ovate, with minutely fimbriate margins; growing in sandy plains"	"Bertya cunninghamii  subsp. Cunninghamii"
