from	statement	to
1	"Perianth lobes strongly reflexed"	"Tribonanthes brachypetala"
1	"Perianth lobes spreading or erect"	2
2	"Perianth lobes glabrous except ciliate margins; lobes erect at anthesis"	"Tribonanthes purpurea"
2	"Perianth lobes sparsely hairy to woolly; lobes spreading at anthesis, sometimes erect in fruit"	3
3	"Flower usually solitary"	4
3	"Flowers 2–7 per inflorescence"	5
4	"Flower partially enclosed by 2 broad bracts; perianth lobes 4.5–6.5 mm long"	"Tribonanthes violacea"
4	"Flower not partially enclosed by 2 bracts; perianth lobes 8.5–14 mm long"	"Tribonanthes longipetala"
5	"Filament appendage about level with or much exceeding anther tip; longest flower-bearing (i.e. ultimate) branch of inflorescence 2–15 mm long from axil to flower base; perianth lobe length : maximum width ratio usually less than 3"	"Tribonanthes australis"
5	"Filament appendage usually shorter than anther tip; longest flower-bearing (i.e. ultimate) branch of inflorescence 11–60 mm long from axil to flower base; perianth lobe length : maximum width ratio usually more than 3"	"Tribonanthes longipetala"
