from	statement	to
1	"Upper leaf pairs fused at base, surrounding stem; flowers with 3 (or 4) petals and 4 sepals; fruit 3-winged (drier parts of N.T.; S.A.; Qld; N.S.W.)"	"Zygophyllum howittii"
1	"Upper leaf pairs not fused at base and not surrounding stems; flowers 4- or 5-merous; fruit 4-winged or a non-winged, 4- or 5-celled capsule"	2
2	"Flowers 4-merous; fruit with 4 vertical wings or a 4-angled capsule"	3
2	"Flowers 5-merous; ovary and capsule 5-angled"	23
3	"Fruit with 4 vertical wings, dispersed in its entirety or breaking into 4 winged segments corresponding to the carpels; filaments not winged"	4
3	"Fruit a capsule, opening loculicidally to disperse seeds, not winged; filaments winged or not"	9
4	"Leaflets distinctly articulated with petiole (coastal areas of W.A.)"	"Zygophyllum fruticulosum"
4	"Leaflets not articulated with petiole"	5
5	"Fruits dispersed as whole, not dissociating into winged fruitlets at maturity; plants scrambling or sprawling, often climbing in other vegetation"	6
5	"Fruits breaking into 4 single-winged fruitlets for dispersal; stand-alone shrubs, often sprawling but not climbing in other vegetation"	7
6	"Fruits 11–15 mm long, with widely spaced reticulate venation on wings (Wiluna, W.A., through to Port Augusta, S.A.)"	"Zygophyllum reticulatum"
6	"Fruits 7–9 mm long, with very close sub-parallel venation on wings (mallee areas of S mainland states & N.T.)"	"Zygophyllum eremaeum"
7	"Fruiting style 0.1–0.2 mm long; petals shorter than or equal to sepals; disc lobes oblong (salt lake margins, inland W.A.)"	"Zygophyllum tetrapterum"
7	"Fruiting style at least 0.5 mm long; petals longer than sepals; disc lobes semicircular"	8
8	"Petals less than 5 mm long; style less than 1.0 mm long (salt lake margins from Southern Cross to Balladonia, W.A., to Serpentine L., S.A.)"	"Zygophyllum halophilum"
8	"Petals more than 5 mm long; style more than 1.5 mm long (all mainland states and N.T.)"	"Zygophyllum aurantiacum"
9	"Capsule (and ovary) ±obtriangular or obtrullate in outline (i.e. with truncate or obliquely truncate apex)"	10
9	"Capsule (and ovary) elliptic, obovate or circular in outline, not truncate apically, or capsule (and ovary) rectangular with erect appendages at each of the 4 angles of the summit"	16
10	"Perennials; petals 7–10 mm long; style 3–5.5 mm long"	11
10	"Annuals or short-lived perennials; petals not more than 5 mm long (except Z. angustifolium, 4.2–8 mm long); style 3 mm long or less"	12
11	"Leaflets distinctly articulated at base"	"Zygophyllum billardierei"
11	"Leaflets not articulated at base"	"Zygophyllum confluens"
12	"Fruiting pedicel more than 5 mm long; petals 4.2–8 mm long; leaflets articulated at base"	"Zygophyllum angustifolium"
12	"Fruiting pedicel not more than 5 mm long; leaflets articulated at base or not"	13
13	"Leaflet apex emarginate; stamens 8; stigma not lobed"	"Zygophyllum emarginatum"
13	"Leaflet apex rounded or obtuse, or if emarginate then flowers with 4 stamens and stigma 4-lobed"	14
14	"Fruiting style not more than 0.5 mm long; stigma 4-lobed; petals not more than 2.5 mm long; disc lobes oblong"	15
14	"Fruiting style 0.8–1.8 mm long; stigma not lobed; petals 3–5 mm long; disc lobes semicircular (Kangaroo Is. & Eyre Penin., S.A.)"	"Zygophyllum flavum"
15	"Stamens 4"	"Zygophyllum ammophilum"
15	"Stamens 8"	"Zygophyllum simile"
16	"Capsule (and ovary) rectangular with erect appendages at each of the 4 angles of the summit"	17
16	"Capsule (and ovary) elliptic, obovate or circular in outline, lacking appendages at apex"	18
17	"Fruits with a line of white circular glands along the longitudinal grooves of each of the 4 sides; grooves often reddish; apical appendages of fruit narrowly elliptic from a constricted base; fruiting pedicel less than 1 mm long (widespread, N.T.; S.A.; N.S.W.)"	"Zygophyllum prismatothecum"
17	"Fruits lacking white circular glands or these very sparse on apex of grooves of fruit; grooves same colour as rest of fruit; apical appendages of fruit falcate, continuous with fruit; fruiting pedicel 1–2.5 mm long (L. Eyre region, S.A.)"	"Zygophyllum marliesiae"
18	"Mature capsule 10 mm long or more; petals 5–13 mm long"	19
18	"Mature capsule less than 10 mm long; petals not more than 4 mm long"	21
19	"Leaflets with 3 blunt lobes apically, not glaucous; wing apex of filament distinctly fringed (mallee areas from Eyre Penin., S.A., to Balranald area of N.S.W. & NW Vic.)"	"Zygophyllum crenatum"
19	"Leaflets entire or emarginate, usually glaucous; wing apex of filament not fringed"	20
20	"Sprawling herbs or shrubs to 40 cm high; disc of 4 joined lobes; flowers yellow (dry southern Australia, all mainland states)"	"Zygophyllum glaucum"
20	"Upright shrubs, eventually becoming woody and forming mounds to 1 m high; disc of 4 separate lobes; flowers yellow or orange (limestone areas of northern S.A. and southern N.T.)"	"Zygophyllum crassissimum"
21	"Capsule 2.5–3 mm long, transversely broadly elliptic or subcircular in outline; seed 1 per cell (channel country to L. Eyre – from Qld, through N.S.W. to S.A.)"	"Zygophyllum humillimum"
21	"Capsule 5–10 mm long, obovate or ovate in outline; seeds 2 per cell"	22
22	"Leaflets 1–3 mm wide, not appressed to each other; fruiting pedicels to 3 mm long; petals 1–1.8 mm long, shorter than to as long as sepals (widespread in drier areas of southern states and southern N.T.)"	"Zygophyllum ovatum"
22	"Leaflets 4–20 mm wide, appressed to each other; fruiting pedicels 5–12 mm long; petals 2.5–4 mm long, longer than sepals (gypseous areas associated with salt lakes in Norseman-Laverton-Wiluna area of W.A.; southern N.T.; northern S.A.; NW Vic.)"	"Zygophyllum compressum"
23	"Capsule ±obtriangular in outline, truncate apically, with triangular extension (apiculum) on upper corner of each angle (from W.A. to Vic., including Bass Strait Islands, S parts of N.T. & Qld)"	"Zygophyllum apiculatum"
23	"Capsule oblong, elliptic, ovate, or obovate in outline, not obtriangular, rounded apically, lacking an extension on upper corner of each angle"	24
24	"Leaflets lobed at base on outer side"	25
24	"Leaflets not lobed at base"	26
25	"Capsule 5–6 mm long, with 1 or 2 seeds per cell; fruiting pedicels 10–12 mm long (Perth to Coral Bay, W.A.)"	"Zygophyllum lobulatum"
25	"Capsule 8.3–11.5 mm long, with 2–5 seeds per cell; fruiting pedicels 12–18 mm long (L. Eyre region, S.A.)"	"Zygophyllum hybridum"
26	"Leaflets (2–) 3 (–4)-lobed at apex"	27
26	"Leaflets entire or emarginate at apex"	28
27	"Petals 5.5–7 mm long; capsule 8–13 mm long; seeds 2–4 per cell (inland W.A. from the Hamersleys to northern S.A.)"	"Zygophyllum kochii"
27	"Petals 2–4 mm long; capsule 5–6 mm long; seeds 1 or 2 per cell (Perth to Coral Bay, W.A.)"	"Zygophyllum lobulatum"
28	"Fruiting pedicel more than 7 mm long"	29
28	"Fruiting pedicel less than 7 mm long"	30
29	"Flowers white (southern N.T.; Deering Hills S.A.; Rawlinson Ra., ?Norseman and Queen Victoria Spring area, W.A.)"	"Zygophyllum tesquorum"
29	"Flowers yellow, drying white (coastal , Karratha to Hamelin, W.A.)"	"Zygophyllum retivalve"
30	"Stamens with wing apex oblique and with an acute tooth either side of filament; capsule 6.5–8 mm long, 7.5–9.5 mm wide; leaflets entire (inland W.A. and central Australia)"	"Zygophyllum eichleri"
30	"Stamens with wing apex truncate, erose, lacking tooth either side of filament; capsule 4–6 mm long, 5–7 mm wide; leaflets rounded or emarginate"	31
31	"Style 0.2–0.3 (–0.6) mm long; stigma 5-lobed; leaflet apex emarginate; petals 2.7–3.7 mm long (inland, all mainland states)"	"Zygophyllum iodocarpum"
31	"Style 1–1.5 mm long; stigma not lobed; leaflet apex rounded or emarginate; petals 4–4.7 mm long (inland N.T.; S.A.; Qld)"	"Zygophyllum rowelliae"
