from	statement	to
1	"Corolla 5-lobed"	2
1	"Corolla 3- or 4-lobed"	12
2	"Bracts of general involucre with milk-white tips"	3
2	"Bracts of general involucre with hyaline, pale fawn, straw-coloured, or dirty white tips"	6
3	"Plant glabrous; leaves linear, 2–4 cm long, with rounded apex. (South-west WA)"	"Myriocephalus helichrysoides"
3	"Plant variably woolly; leaves linear, 1–3 cm long, acute to acuminate"	4
4	"Cypsela narrowly cylindrical, without a narrow sterile base; pappus absent. (South-west WA)"	"Myriocephalus appendiculatus"
4	"Cypsela narrowly top-shaped at base; pappus absent, or a scale, or of 1–3 bristles."	5
5	"Pappus of 1–3 bristles or absent. (Inland WA & SA, southern NT)"	"Myriocephalus rudallii"
5	"Pappus a broad scale. (Central and north-west SA)"	"Myriocephalus squamatus"
6	"Stem simple, erect, not branched; plant glandular puberulous and cottony; pappus absent. (South-west WA)"	"Myriocephalus nudus"
6	"Plant branched, usually spreading from base, cottony or woolly but without glandular hairs; pappus absent or present."	7
7	"Cypsela narrowly cylindrical or narrowly ellipsoid (sometimes with a very short turbinate base)"	8
7	"Cypsela narrowly top-shaped with a narrow sterile base"	11
8	"Bracts of general involucre with a pale fawn, or straw-coloured, or very pale dirty white hyaline apex; pappus absent or of 1(2) slender bristles"	9
8	"Bracts of general involucre with a glossy transparent hyalineapex; pappus a single firm bristle"	10
9	"Capitula with 4 florets. (Widespread in eastern WA)"	"Myriocephalus oldfieldii"
9	"Capitula with 2 florets. (South-east WA)"	"Myriocephalus biflorus"
10	"Florets 5 per capitulum; twin-hairs on cypsela minutely bidentate. (Carnarvon district, WA)"	"Myriocephalus gascoynensis"
10	"Florets 4 per capitulum; twin-hairs on cypsela with an anchor-shaped tip. (Pilbara region, WA)"	"Myriocephalus scapellus"
11	"Pappus absent. (Murchison district, WA)"	"Myriocephalus walcottii"
11	"Pappus a short erose scale. (North-western SA)"	"Myriocephalus squamatus"
12	"Capitular bracts noticeably cartilaginous towards base"	13
12	"Capitular bracts not cartilaginous towards base"	14
13	"Capitula mostly 1-flowered; achenial hairs slender and minutely bidentate. (SA, NSW, & Vic.)"	"Myriocephalus rhizocephalus"
13	"Capitula mostly 2- or 3-flowered; achenial hairs sub-clavate or rounded. (Southern WA)"	"Myriocephalus occidentalis"
14	"Pappus bristle absent or solitary and less than half length of corolla. (Central and southern WA)"	"Myriocephalus pygmaeus"
14	"Pappus bristles 1 or 2, ± equal to corolla. (SA, NSW, & Qld)"	"Myriocephalus pluriflorus"
