from	statement	to	shortcut
1	"Frond simple"	2	
1	"Frond pinnate or pinnatisect"	3	
2	"Sori ±rounded to narrowly elliptic, oblique to midvein and superficial on lamina or slightly sunken in shallow depression"	Grammitis	
2	"Sori linear, ±parallel to midvein and sunken in grooves in lamina"	Scleroglossum	"Scleroglossum wooroonooran"
3	"Sori solitary on pinna or primary lamina lobe, protected by folded lamina"	Calymmodon	"Calymmodon luerssenianus"
3	"Sori usually more than 1 per pinna or primary lamina lobe, superficial or sunken in lamina"	4	
4	"Rhizome scales pale to medium red-brown, glabrous"	Ctenopteris	
4	"Rhizome scales medium to dark brown or blackish, with hairs on margin and sometimes on face(s) of scales"	Prosaptia	
