from	statement	to
1	"Peduncles 4–6 mm long, longer than the pedicels. Ovary 2-locular, with 1 ovule in each loculus (Fitzgerald River NP)"	"Cyathostemon gracilis"
1	"Peduncles 0.1–2.5 mm long, much shorter than the pedicels. Ovary 3-locular, with 2–9 ovules in each loculus"	2
2	"Stamens 8–15. Ovules 2 per loculus. Fruit valves rounded and not forming a crest"	3
2	"Stamens 11–30. Ovules (2–)3–9 per loculus, never uniformly 2 per loculus. Fruit valves tending to be crested and forming a triangular ridge around the central depression that encloses the style base"	5
3	"Fruits more than half-inferior. Occurring in the northern and central wheatbelt, almost entirely restricted to the South-West Botanical Province (Canna–Mt Madden)"	"Cyathostemon heterantherus"
3	"Fruits largely superior. Occurring inland of the distribution of C. heterantherus in the Coolgardie IBRA region of the Eremaean Botanical Province"	4
4	"Stems divaricately branched. Leaves with a petiole 0.6–1 mm long and with prominent oil glands scattered on the abaxial surface of the blade. Sepals 0.9–1.3 mm long (Kambalda area)"	"Cyathostemon divaricatus"
4	"Stems branched at acute angles. Leaves with a petiole 0.3–0.5 mm long and with prominent oil glands densely covering the abaxial surface of the blade. Sepals 0.5–0.8 mm long (Bungalbin Hill area–Queen Victoria Rocks area)"	"Cyathostemon verrucosus"
5	"Leaves obovate to circular, much wider than thick, 2–5 mm wide. Ovules 5–9 per loculus (Ongerup and Pallinup River to Israelite Bay)"	"Cyathostemon blackettii"
5	"Leaves linear to narrowly obovate in outline, usually about as thick as wide, 0.7–1.8 mm wide. Ovules 2–5 per loculus"	6
6	"Leaves 1.2–1.8 mm wide (Stirling Range area–Israelite Bay)"	"Cyathostemon ambiguus"
6	"Leaves 0.7–1(–1.2) mm wide (Stirling Range area–Israelite Bay)"	"Cyathostemon tenuifolius"
