from	statement	to
1	"Carpels 1–4 (W.A.; S.A.)"	2
1	"Carpels 5 (S.A.; Vic.; N.S.W.; Qld)"	7
2	"Petal hairs of flat, fimbriate scales; petals yellow"	"Asterolasia squamuligera"
2	"Petal hairs stellate; petals yellow, or white to mauve"	3
3	"Petal hairs flat-stellate; petals white"	"Asterolasia drummondii"
3	"Petal hairs not flat-stellate; petals white to mauve or yellow"	4
4	"Petal hairs with slender branches radiating in all directions; petals white or yellow"	5
4	"Petal hairs thick and truncate forming an armour-like cover to bud; petals white or pink to mauve"	6
5	"Leaves flat, smooth or somewhat scabridulous; petals white (W.A.)"	"Asterolasia pallida"
5	"Leaves recurved, muricate above; petals yellow (S.A.)"	"Asterolasia muricata"
6	"Petals pink to mauve, 8–15 mm long"	"Asterolasia grandiflora"
6	"Petals white, 8–10 mm long"	"Asterolasia nivea"
7	"Flowers solitary, sessile or subsessile (rarely pedicels to 2 mm long in A. buckinghamii); cocci rounded or beaked"	8
7	"Flowers 1–several, pedicellate; cocci beaked (fruit not seen in A. rivularis)"	11
8	"Ovary glabrous; carpels glabrous except for adaxial contiguous margin"	"Asterolasia buxifolia"
8	"Ovary stellate-tomentose"	9
9	"Leaf margin recurved; adaxial leaf surface glossy, glabrous, sparsely hispidulous or sparsely stellate"	"Asterolasia trymalioides"
9	"Leaf margin not recurved; adaxial leaf surface dull"	10
10	"Leaves broadly obovate, glabrous or sparsely stellate adaxially"	"Asterolasia buckinghamii"
10	"Leaves cuneate-obcordate, densely stellate-tomentose adaxially"	"Asterolasia phebalioides"
11	"Leaves narrowly oblong to narrowly oblong-cuneate, deeply sulcate adaxially with lateral halves convex, muricate adaxially"	"Asterolasia rivularis"
11	"Leaves variable in shape, flat, stellate or glabrous adaxially"	12
12	"Leaves obtuse to acuminate, 3–14 cm long"	13
12	"Leaves obtuse to rounded, obcordate or obdeltate, 0.5–6 cm long"	14
13	"Leaves adaxially above when mature; petals c. 6 mm long"	"Asterolasia correifolia"
13	"Leaves sparsely stellate adaxially when mature; petals 8–14 mm long"	"Asterolasia elegans"
14	"Leaves obcordate to obdeltate, 0.9–2.0 mm long, emarginate (rarely truncate); petals yellow"	"Asterolasia rupestris"
14	"Leaves 0.5–6 cm long, obtuse or rounded at apex; petals yellow or white"	15
15	"Leaves oblong-cuneate, obovate, or elliptic, 0.5–3.5 cm long; petals yellow (rarely white)"	"Asterolasia asteriscophora"
15	"Leaves oblong-elliptic, 3–6 cm long; petals white"	"Asterolasia hexapetala"
