from	statement	to
1	"Branches, leaves and calyx-lobes densely woolly-tomentose; flowers in dense woolly clusters, often in leafy spikes"	"Cyphanthera odgersii"
1	"Branches, leaves and calyx-lobes not woolly-tomentose; flowers solitary, in cymes, thyrses, or narrow, leafy, panicle-like inflorescences"	2
2	"Upper branches densely (sometimes sparsely) tomentose with mostly dendritic, non-glandular hairs"	3
2	"Upper branches sparsely to moderately pubescent with mostly simple or forked, glandular hairs (hairs sometimes decapitated, but branches then viscid), or with scattered, weak, dendritic hairs, or glabrous"	7
3	"Inflorescence a thyrse; corolla-lobes broad and rounded"	"Cyphanthera racemosa"
3	"Flowers solitary or in few-flowered cymes, or inflorescence panicle-like, narrow, leafy; corolla-lobes long and narrow"	4
4	"Flowers solitary or in distant cymes"	"Cyphanthera scabrella"
4	"Flowers in leafy, panicle-like inflorescences"	5
5	"Leaves almost glabrous or sparsely pubescent, the margins flat, midrib not indented above"	"Cyphanthera anthocercidea"
5	"Leaves moderately to densely pubescent, the margins slightly inrolled, midrib indented above"	6
6	"Stalked, stellate-dendritic hairs absent from stems; secondary veins of leaves obscure"	"Cyphanthera albicans"
6	"Stalked, stellate-dendritic hairs common on stems; secondary veins of leaves conspicuous at least on lower surface"	"Cyphanthera tasmanica"
7	"Branches and leaves not viscid; flowers in thyrses; leaves mostly more than 10 mm long"	"Cyphanthera racemosa"
7	"Branches and leaves viscid; flowers solitary or in few-flowered cymes; leaves mostly less than 10 mm long"	8
8	"Leaves triangular-cordate, the bases subauriculate"	"Cyphanthera miersiana"
8	"Leaves ovate, elliptic or oblong, the bases cuneate or rounded"	9
9	"Mature leaves to 2.2 mm long, more or less appressed to stem; filaments glabrous"	"Cyphanthera microphylla"
9	"Mature leaves 2–10 mm long, spreading to oblique; filaments pubescent at base"	"Cyphanthera myosotidea"
