from	statement	to
1	"Leaflet margins remotely crenate-serrate or wavy"	"Toechima daemelianum"
1	"Leaflet margins entire"	2
2	"Fruit with broad, thin, delicately veined wings from apex to base; peduncles glabrous"	"Toechima pterocarpum"
2	"Fruit not winged, usually keeled at sutures towards base; peduncles mostly hairy"	3
3	"Domatia prominent, few per leaflet; fruit 2-locular, clavate, slightly compressed"	"Toechima tenax"
3	"Domatia small, along whole midrib or absent; fruit 3-locular, ellipsoidal, obovoid or globose, turgid"	4
4	"Leaf rachis 3–8.5 cm long; leaflets 2–8 cm long, 1–3.5 cm wide; rachis and inflorescence usually densely villous; lateral nerves 6–10 pairs, not widely spaced, usually with domatia or hairy tufts in axils"	"Toechima dasyrrhache"
4	"Leaf rachis 6.5–17.5 cm long; leaflets 6.5–22 cm long, 2.8–8 cm wide; rachis and inflorescence shortly puberulous to glabrous; lateral nerves 5–9 pairs, widely spaced; domatia present or absent"	5
5	"Leaflets thinly coriaceous; domatia present; lateral nerves 5 or 6 pairs, 2.5–5 cm apart, reticulation prominent; fruit glabrous outside"	"Toechima erythrocarpum"
5	"Leaflets thickly coriaceous; domatia absent; lateral nerves 5–9 pairs, 1–2.5 cm apart; reticulation obscure above; fruit usually velvety outside"	"Toechima monticola"
