from	statement	to
1	"Stamens in fascicles of 2–4; spikes or racemes usually more than 5 cm long"	2
1	"Flowers sessile, subtended by a broadly ovate, abruptly acuminate bract and two broadly ovate bracteoles c. 2 mm long; petiole usually more than 6 mm long"	"Homalium alnifolium"
2	"Flowers pedicellate, subtended by setaceous bracts and bracteoles up to 1 mm long; petiole usually less than 6 mm long"	"Homalium circumpinnatum"
2	"Stamens solitary or rarely in pairs; racemes usually less than 5 cm long"	"Homalium brachybotrys"
