from	statement	to
1	"Achenes ± oblanceolate, 0.5-1 mm wide, with I:w ratio > 3, weakly to strongly tranversely wrinkled; leaf-margin with few to numerous denticulations or teeth with spiny tips to c. 1 mm long, or margin entire, generally not prickly; auricles commonly sagittate, sometimes downcurved but not rotated"	"Sonchus oleraceus"
1	"Achenes elliptic or slightly obovate, 0.8-2.0 mm wide, with I:w ratio < 3, without transverse wrinkles; leaf-margin with numerous denticulations or teeth with spiny tips to c. 5 mm long, prickly or not; auricles rounded, generally strongly rotated"	2
2	"Mid-stem leaves with I:w ratio 1.5-5(-8); achenes +/- elliptic, 2.0-3.2 mm long, central ones orange-brown and marginal ones pale yellow"	"Sonchus asper"
2	"Mid-stem leaves with l:w ratio 3-10; achenes oblong-elliptic, 2.8-4.2 mm long, usually all mid to dark chocolate-brown"	"Sonchus hydrophilus"
