from	statement	to
1	"Leaflets 6–9 pairs, crenate-serrulate"	"Guioa sarcopterifructa"
1	"Leaflets 2–4 pairs, entire"	2
2	"Indumentum on branchlets, leaves and peduncles of ferruginous long hairs"	"Guioa lasioneura"
2	"Indumentum if present of short pale brown hairs"	3
3	"Domatia solitary, towards base of leaflet; inflorescences slender, usually clustered, ramiflorous or axillary; leaflets 2–4 pairs, not glaucous below"	"Guioa acutifolia"
3	"Domatia absent; inflorescences usually solitary in each axil; leaflets 1 or 2 pairs, usually glaucous below"	4
4	"Leaflets broad, obtuse or rounded at apex, acute at base; margins flat; flowers 4 mm diam.; fruit 6–10 mm long, 10–13 mm diam."	"Guioa semiglauca"
4	"Leaflets acuminate or acute at both ends; margins recurved; flowers 6 mm diam.; fruit 12–16 mm long, 22–25 mm diam."	"Guioa montana"
