from	statement	to
1	"Silicula markedly flattened; plant usually prostrate and spreading"	2
1	"Silicula subterete; plant often erect"	4
2	"Ovary and silicula glabrous"	3
2	"Ovary and silicula papillose"	"Menkea draboides"
3	"Petals usually white; septum absent; ovules 40–80 per ovary"	"Menkea australis"
3	"Petals bright yellow; septum reduced to a narrow rim; ovules 10–40 per ovary"	"Menkea lutea"
4	"Plant villous"	"Menkea villosula"
4	"Plant glabrous"	5
5	"Petals usually white or cream; leaves subsucculent, entire"	"Menkea crassa"
5	"Petals usually mauve or pink; leaves not markedly succulent, usually lobed or dentate"	"Menkea sphaerocarpa"
