from	statement	to	shortcut
1	"Herbs, rarely subshrubby"	2	
1	"Shrubs or climbers"	6	
2	"Flowers densely clustered, in flattened, daisy-like or ovoid, thistle-like heads"	3	
2	"Flowers in loose, cymose inflorescences, if dense then neither daisy- nor thistle-like heads"	4	
3	"Plant thistle-like, spiny; involucral bracts spiny"	Dipsacus	
3	"Plant not spiny; involucral bracts leafy"	Scabiosa	"Scabiosa atropurpurea"
4	"Stamen 1, corolla tube with conspicuous spur"	Centranthus	
4	"Stamens more than 1, corolla not spurred"	5	
5	"Stamens 2"	Fedia	"Fedia graciliflora"
5	"Stamens 3"	Valerianella	
6	"Shrubs or climbers; flowers bilabiate, in pairs in leaf axils"	Lonicera	
6	"Shrubs; flowers funnel-shaped, not bilabiate, in terminal spikes or clustered in leaf axils"	7	
7	"Leaves attenuate; conspicuous leaf-like or petaloid bracts subtending flowers within the inflorescence"	Leycesteria	"Leycesteria formosa"
7	"Leaves not attenuate; inflorescences without conspicuous bracts"	Symphoricarpos	
