from	statement	to
1	"Inflorescence a spike with bisexual and unisexual flowers, also additional female flowers sessile within leaf bases; stamen 1 in both bisexual and staminate flowers; fruit an achene"	"Triglochin:Triglochin scilloides"
1	"Inflorescence a raceme or spike with flowers all bisexual or lower ones sometimes female only in some annual species of Triglochin; additional basal flowers absent; stamens usually more than 1 per flower; fruit of several hard or follicle-like carpels"	2
2	"Bracts 2 per flower; tepals apparently absent; carpels usually 4, sometimes 2 or 3, wholly united lengthwise, falling together or tardily separating at maturity; ovule apical, pendulous and orthotropous"	"Maundia:Maundia triglochinoides"
2	"Bracts absent; tepals present, 3 + 3 (both whorls similar) in perennials, 1–6 in annuals; carpels usually 3–6, from wholly united lengthwise to separate, readily separating at maturity except in a few annual species; ovule basal, erect and anatropous"	3
3	"Perennials; roots bearing naked tubers"	Cycnogeton
3	"Annuals or perennials; roots without tubers (in T. bulbosa bearing fibre-covered bulbils)"	Triglochin
