from	statement	to
1	"Sorus c. 1 mm diam.; stipe hairs brown to ginger-brown; lobes of ultimate segments of fertile pinnae cut about half-way to the midrib"	"Dicksonia antarctica"
1	"Sorus c. 2 mm diam.; stipe hairs red to red-brown; lobes of ultimate segments of fertile pinnae cut almost to the midrib"	2
2	"Fronds shiny, bright green to dark green; basal pinnae spreading; stipe hairs soft, tangled; trunks with accessory growths"	"Dicksonia youngiae"
2	"Fronds dull, pale green to grey-green; basal pinnae projected inwards towards the crown centre; stipe hairs stiffly spreading and irritant; trunks without accessory growths"	"Dicksonia herbertii"
