from	statement	to
1	"Stipules 2–4 mm long; stamens 10–12"	"Casearia dallachii"
1	"Stipules less than 2 mm long; stamens 10 or less"	2
2	"Leaf margins serrate-crenate"	"Casearia grewiifolia"
2	"Leaf margins entire"	3
3	Domatia	"Casearia grayi"
3	"Domatia very rare or absent"	4
4	"Secondary veins 7–10 pairs; tertiary veins mostly oblique to midvein; branchlets pale grey-brown with conspicuous lenticels"	"Casearia multinervosa"
4	"Secondary veins 4–6 (occasionally 7) pairs; tertiary veins mostly perpendicular to midvein; branchlets dark brown when dry with few lenticels"	"Casearia costulata"
