from	statement	to
1	"Wiry black erect stems present; blade apex obtuse with distinct central  V-shaped notch; epidermal cells of blade with a distinct colliculate outer surface; lateral generative shoot absent, occasionally erect stems bear up to 6 inconspicuous spathes"	"Heterozostera nigricaulis"
1	"Wiry black erect stems absent; blade apex obtuse with minute slit or truncate with shallow notch; epidermal cells of blade with smooth outer surface; lateral generative shoots present with 4–18 conspicuous spathes"	2
2	"Rhizome fibrous bundles in both outer and inner cortexes; blade apex  truncate with shallow notch; each spathe bearing 5–12 male and 5–12  female flowers"	"Heterozostera polychlamys"
2	"Rhizome fibrous bundles restricted to outer cortex; blade apex obtuse with narrow, minute slit; each spathe bearing 2–4 male and 2–4 female flowers"	"Heterozostera tasmanica"
