from	statement	to	shortcut
1	"Climbers or scandent shrubs"	2	
1	"Trees or shrubs, not scandent"	7	
2	"Flowers borne on leaf-opposed, laterally compressed hook-shaped axes; other stems often with woody spines"	Artabotrys	"Artabotrys carnosipetalus"
2	"Floral axes not hook-shaped; spines absent"	3	
3	"Indumentum of simple trichomes only"	4	
3	"Indumentum of stellate, peltate or fasciculate trichomes, may be intermixed with simple trichomes"	5	
4	"Stigma subglobular and sessile with a narrow adaxial slit; apocarps moniliform"	Desmos	
4	"Stigma and style terete; apocarps not moniliform"	Mitrella	"Mitrella tiwiensis"
5	"Inner petals clawed at base"	Melodorum	
5	"Inner petals with a broad base"	6	
6	"Flowers more than 2 cm wide, petals spreading; trichomes stellate or peltate"	Uvaria	
6	"Flowers less than 1.5 cm wide, petals not widely spreading; trichomes fasciculate or discrete"	Cyathostemma	
7	"Fruit syncarpous carpels with one basal ovule"	Annona	
7	"Fruit of free apocarps, few to many; ovules marginal"	8	
8	"Stigma on an elongate style, usually as long as ovary"	9	
8	"Stigma sessile or subsessile, shorter than ovary"	11	
9	"Apocarps dehiscent"	Xylopia	
9	"Apocarps indehiscent"	10	
10	"Inner petals remaining coherent forming a conical cap; apocarps subsessile stipe 2-6 mm long"	Goniothalamus	"Goniothalamus australis"
10	"All petals free; apocarps stipitate, stipe 10-20 mm long"	Cananga	"Cananga australis"
11	"Inner petals distinctly clawed for half their length or more"	12	
11	"Inner petals not or only shortly clawed"	13	
12	"Flowers unisexual; inner petals 1-2.3 times length of outer petals"	Pseuduvaria	
12	"Flowers bisexual; outer petals 3-4 times length of inner petals"	Mitrephora	"Mitrephora diversifolia"
13	"Inner and outer petals shortly connate at base"	14	
13	"Inner and outer petals free at base"	15	
14	"Flowers sessile or on short, stout pedicels <5 mm long and c. 1.5 mm wide"	Haplostichanthus	"Haplostichanthus submontanus"
14	"Flowers on pedicels >6 mm long (if shorter then <1 mm wide)"	Polyalthia	
15	"Outer petals sepaloid, markedly different in shape and colour from inner petals"	16	
15	"Outer petals not sepaloid, similar in shape and colour but may be larger or smaller than inner petals"	17	
16	"Inner petals imbricate; stamens with broad, flat-topped connectives"	Fitzalania	
16	"Inner petals valvate; stamens with narrow shortly-produced connectives"	Miliusa	
17	"Ovules 1, fruit 1-seeded"	Polyalthia	
17	"Ovules 3-9, fruit mostly several-seeded"	18	
18	"Inner petals imbricate throughout, boat-shaped"	Fitzalania	
18	"Inner petals valvate, sometimes imbricate at tips, not boat-shaped"	Meiogyne	
