from	statement	to
1	"Anther backs usually glabrous, sometimes with a few hairs about each connective; corolla white, with purple striations usually on tube and hood, often extending onto lobes, sometimes lacking."	"Euphrasia crassiuscula subsp. eglandulosa"
1	"Anther backs usually densely hairy, sometimes sparsely hairy about each connective; corolla white to lilac on lobes to deep lilac or purple throughout, with purple striations on tube and hood only or completely absent."	2
2	"Glandular hairs absent except on corolla; corolla white to deep lilac or purple."	"Euphrasia crassiuscula subsp. crassiuscula"
2	"Glandular hairs present on branches and leaves of lower parts, sometimes extending onto upper leaves, bracts, calyx margins and rachises; corolla pale to deep lilac or purple."	"Euphrasia crassiuscula subsp. glandulifera"
