from	statement	to
1	"Perianth segments 4 or 5; anthers versatile"	2
1	"Perianth segments 6 (occasionally 5 in male Emex flowers); anthers basifixed"	11
2	"Tendril-climber; perianth segments >6 mm long, bright pink"	"Antigonon:Antigonon leptopus"
2	"Herbs to shrubs, if climbing then without tendrils; perianth segments usually <5 mm long, if longer then not bright pink"	3
3	"Ocreas entire, tubular, often only shortly so and soon disintegrating, pale brown, upper margin often ciliate or with a green limb; stamen filaments subulate or filiform"	4
3	"Ocreas lacerate, often nearly to base, glabrous, silvery or white; stamen filaments subulate above, widely dilated in lower half"	Polygonum
4	"Shrubs with thorn-like branch tips; extrafloral nectaries absent"	Duma
4	"Vines or shrubs without thorn-like branch tips; extrafloral nectaries present or absent"	5
5	"Flowers mostly unisexual; stigmas elongate or peltate, fimbriate; extrafloral nectary present at base of petiole on abaxial surface"	6
5	"Flowers bisexual; stigmas capitate, usually smooth; petiolar nectaries absent or present"	7
6	"Outer 3 perianth segments winged in fruit; stigmas shortly elongate; rhizomatous perennials with stout erect annual stems"	Fallopia
6	"Perianth segments not winged but often enlarged in fruit, and becoming fleshy or membranous; stigmas peltate; slender perennial shrubs or woody herbs or climbers, not rhizomatous"	Muehlenbeckia
7	"Nut much exceeding perianth segments"	"Fagopyrum:Fagopyrum esculentum"
7	"Nut enclosed by perianth segments"	8
8	"Outer 3 perianth segments winged or keeled in fruit; twining or decumbent, slender but woody herbs; nectary present at base of petiole"	Fallopia
8	"Perianth segments not winged or keeled; erect to procumbent non-woody herbs, slender to stout; nectaries absent"	Persicaria
8	"Outer 3 perianth segments in female flowers enlarged and hardened in fruit and produced in a rigid spreading spine; perianth segments subequal in male flowers"	Emex
8	"Outer 3 perianth segments smaller than inner 3, not spiny or hardened"	9
9	"Flowers unisexual; inner 3 perianth segments scarcely exceeding the nut; leaves hastate"	"Acetosella:Acetosella vulgaris"
9	"Flowers mostly bisexual; inner 3 perianth segments much exceeding nut; leaves variable"	10
10	"Leaves hastate or sagittate at base; inner 3 perianth segments membranous, inflated"	Acetosa
10	"Leaves rounded, cuneate or cordate at the base; inner 3 perianth segments leathery, not inflated, often toothed"	Rumex
11	"Outer 3 perianth segments winged or keeled in fruit; twining or decumbent, slender but woody herbs; nectary present at base of petiole"	Fallopia
11	"Perianth segments not winged or keeled; erect to procumbent non-woody herbs, slender to stout; nectaries absent"	Persicaria
11	"Outer 3 perianth segments in female flowers enlarged and hardened in fruit and produced in a rigid spreading spine; perianth segments subequal in male flowers"	Emex
11	"Outer 3 perianth segments smaller than inner 3, not spiny or hardened"	12
12	"Flowers unisexual; inner 3 perianth segments scarcely exceeding the nut; leaves hastate"	"Acetosella:Acetosella vulgaris"
12	"Flowers mostly bisexual; inner 3 perianth segments much exceeding nut; leaves variable"	13
13	"Leaves hastate or sagittate at base; inner 3 perianth segments membranous, inflated"	Acetosa
13	"Leaves rounded, cuneate or cordate at the base; inner 3 perianth segments leathery, not inflated, often toothed"	Rumex
