from	statement	to
1	"Fully developed leaves > 14 mm long (rarely down to 8.5 mm), acuminate or the apex rounded with a short mucro"	2
1	"Fully developed leaves < 12 mm long or if longer then with a rounded apex lacking a mucro (Western Australia)"	5
2	"Flowers pedicellate"	"Drummondita borealis"
2	"Flowers sessile"	3
3	"Sepals 4.5–6 mm long"	"Drummondita billyacatting"
3	"Sepals: 6–9 mm long"	4
4	"Branchlets with sparse translucent cilia, without dark stipular excrescences; Western Australia"	"Drummondita longifolia"
4	"Branchlets with or without translucent cilia, with dark stipular excrescences; Queensland"	"Drummondita calida"
5	"Leaves 10–15 mm long with rounded apex; sepals minutely tomentose"	"Drummondita miniata"
5	"Leaves to 12 mm long; sepals glabrous or ciliate (rarely hispidulous in D. hassellii)"	6
6	"Branchlets initially appressed-puberulous; sepals glandular-verrucose"	7
6	"Branchlets glabrous or sparsely puberulous; sepals not or scarcely glandular- verrucose"	8
7	"Leaves ascending"	"Drummondita ericoides"
7	"Leaves spreading"	"Drummondita rubriviridis"
8	"Flowers in terminal clusters of 1–3, shortly pedicellate"	"Drummondita wilsonii"
8	"Flowers solitary, sessile or shortly pedicellate"	9
9	"Leaves sessile; sepals with raised fleshy ridge in centre"	"Drummondita microphylla"
9	"Leaves with a short (c. 0.4 mm) erect petiole; sepals various"	10
10	"Leaves 3–12 mm long, apiculate"	"Drummondita hassellii"
10	"Leaves 2–3.2 (–3.6) mm long, minutely apiculate"	"Drummondita fulva"
