from	statement	to
1	"Leaves usually <10 mm long and/or <3 mm wide, apex recurved; inflorescence terminal."	2
1	"Leaves mostly >10 mm long and >3 mm wide, apex not recurved; inflorescence terminal or axillary."	3
2	"Leaves linear or triangular to elliptic, 5–15 mm long, 1–3 mm wide; stipules minute."	"Oxylobium pulteneae"
2	"Leaves cordate, 3–8 mm long, 2–5 mm wide; stipules absent."	"Oxylobium cordifolium"
3	"Leaves elliptic, occasionally ovate or lanceolate, rarely cordate, mostly 0.8–3 cm long, ≤6 times as long as wide; stipules present or absent."	"Oxylobium ellipticum"
3	"Leaves narrow-elliptic to narrow-lanceolate or linear to linear-lanceolate, 2–8 cm long, >7 times as long as wide; stipules absent."	4
4	"Leaves linear to narrow-lanceolate; stems and lower surface of leaves tomentose; pods oblong, obliquely beaked."	"Oxylobium robustum"
4	"Leaves narrow-elliptic or linear to linear-oblong; stems and lower surface of leaves appressed-pubescent; pods ovoid, acuminate."	"Oxylobium arborescens"
