from	statement	to
1	"Spikelets 7.5-11 mm long"	"Pseudoraphis paradoxa"
1	"Spikelets less than 7 mm long"	2
2	"Mature inflorescence longer than 5 cm long with primary branches at least 3 cm long; upper glume 7-11-nerved"	"Pseudoraphis spinescens"
2	"Mature inflorescence 3-5 cm long with primary branches less than 3 cm long; upper glume 13-15-nerved"	3
3	"Leaf blades 0.5-1.5 mm wide, attenuate to cuneate at the base; spikelets 4-5 mm long"	"Pseudoraphis jagonis"
3	"Leaf blades 2-6 mm wide, rounded at the base; spikelets 2.5-3.5 mm long"	"Pseudoraphis minuta"
