from	statement	to
1	"Inflorescences pendent elongated racemes of 25–120 flowers on long rachises (fruits beaked for 1/3 to 1/2 of length, usually a number developing on each rachis, not noticeably woody and not persisting)"	2
1	"Inflorescences not pendent, or if pendent, then rachis short and flowers less than 35"	15
2	"Leaves flat with obvious longitudinal venation, petiolate; many-stemmed trees or shrubs, lacking thick deeply fissured bark; rachis 4–7 cm long"	3
2	"Leaves simple- or compound-terete or, more rarely, flat with only marginal and midveins visible, sessile; usually single-stemmed; gnarled trees or large shrubs often with thick deeply fissured bark; rachis 2–25 cm long"	4
3	"Tepals green; style red; fruit 1.5–2.2 cm long; shrub or multi-stemmed tree to 7 m high"	"Hakea archaeoides"
3	"Tepals yellow; style green; fruit 2.5–3.5 cm long; shrub 1–3 m high"	"Hakea trineura"
4	"Leaves simple or, if divided, with only 2 or 3 ultimate segments and greater than 13 cm long"	5
4	"Leaves compound with 2–13 ultimate segments, less than 20 cm long, or, if simple, then less than 13 cm long"	9
5	"Leaves flat, linear, 3–15 mm wide (semi-arid to arid W.A., N.T. & Qld; flowers May–Aug.)"	"Hakea macrocarpa"
5	"Leaves terete"	6
6	"Indumentum on current season's branchlets absent, or sometimes of simple, often gland-tipped, sparsely to moderately dense hairs, and/or sometimes 2-armed eglandular hairs, confined to leaf nodes"	"Hakea chordophylla"
6	"Indumentum on current season's branchlets 2-armed eglandular, extending between distal leaf nodes, dense, ±persistent"	7
7	"Leaves flexible, uncinate; rachis 0.9–2.5 cm long; fruit 10–12 mm wide; pale wood zone c. 4 mm wide (New England Tableland, N.S.W.)"	"Hakea fraseri"
7	"Leaves ±rigid, usually straight; rachis (2–) 5–35 cm long; fruit (9–) 13–20 (–25) mm wide; pale wood zone 3–10 mm wide"	8
8	"Branchlets and young leaves densely appressed-pubescent to woolly-tomentose, sometimes with simple glandular hairs as well; hairs on branchlets ±persistent, ultimately glabrescent, on leaves quickly glabrescent; pollen presenter oblique (arid central, and subtropical Australia; flowers Apr.–Sept.)"	"Hakea lorea"
8	"Branchlets red, glabrous or sometimes sparsely (rarely densely) pubescent, glabrescent; young leaves sparsely pubescent, quickly glabrescent; pollen presenter almost lateral (arid central Australia; flowers June–Nov.)"	"Hakea divaricata"
9	"Perianth ±straight with limb slightly oblique in mature bud, 2–5 mm long at anthesis; pistil 8.5–11 mm long; style ±straight; pollen presenter ±erect (leaves with 1–14 ultimate segments; fruit valves 7–11 mm wide; red-brown wood zone 0.5–1 mm wide)"	"Hakea ednieana"
9	"Perianth greatly bent below limb in mature bud, (4–) 5–12 mm long at anthesis; pistil 15–29 (–33) mm long; style curved to straight; pollen presenter oblique"	10
10	"Eglandular 2-armed hairs on branchlets of current season's growth dense, extensive"	11
10	"Eglandular 2-armed hairs on branchlets of current season's growth sparse or confined to leaf bases"	13
11	"Fruit valves (9–) 13–20 (–25) mm wide"	"Hakea lorea"
11	"Fruit valves 10–14 mm wide"	12
12	"Indumentum on current season's branchlets appressed-pubescent; fruit valves 11–14 mm wide; red-brown wood zone 1.0 mm wide"	"Hakea ivoryi"
12	"Indumentum on current season's branchlets tomentose; fruit valves 10–12 mm wide; red-brown wood zone 1–1.5 (–2) mm wide"	"Hakea eyreana"
13	"Pollen presenter deformed, an asymmetrical cone with an upwardly extended flange on the longest side of the style; pollen shrivelled and empty; fruit never forming; perianth 9–12 mm long; pistil c. 20 mm long"	"Hakea pulvinifera"
13	"Pollen presenter normal, a cone with a basal flange; pollen fully formed; fruit forming on every plant; perianth 6–9 mm long; pistil 21–29 mm long"	14
14	"Fruit valves 13–20 mm wide"	"Hakea chordophylla"
14	"Fruit valves 8–14 mm wide"	"Hakea divaricata"
15	"Inflorescence borne at apex of a bare peduncle 2–25 mm long (pedicel and perianth pubescent; involucre lacking, individual flower pairs subtended by early deciduous bracts; leaves flat or terete, with venation obscure (northern tropical Australia and W coast of W.A., N of Murchison R.)"	16
15	"Inflorescence not borne at apex of a bare peduncle"	19
16	"Flowers with white hairs on pedicel and claw, ferruginous on limb apex; pollen presenter conical; pistil 1.5–2.5 mm long"	17
16	"Flowers with white hairs only, sometimes glabrous on pedicel and claw; pollen presenter oblique to lateral; pistil 7–13 mm long"	18
17	"Leaves flat, ranging from linear to narrowly obovate, 1–9 mm wide (N.T., Qld, W.A., tropical Australia; flowers Feb.–Mar.)"	"Hakea arborescens"
17	"Leaves terete, 0.7–1 mm wide (Cape York Penin., N of, and including, Atherton region; flowers Nov.–Feb.)"	"Hakea persiehana"
18	"Leaves narrowly to broadly obovate, 8–25 mm wide; peduncle subglabrous, not branched; branchlets ±glabrous; perianth with claw glabrescent and limb pubescent; fruit 2–3 cm long, 1–1.2 cm wide, not markedly woody; seed occupying whole valve (often in mangrove or swamp areas of Cape York Penin., N of Cooktown; flowers Apr.–Aug.)"	"Hakea pedunculata"
18	"Leaves linear to narrowly obovate, 1–4 mm wide; peduncle white-pubescent, often branched; branchlets appressed-pubescent; perianth pubescent throughout; fruit 3–4.5 cm long, 2–2.6 cm wide, distinctly woody; seed not occupying whole valve (Cape Ra. to Carnarvon, W.A.; flowers June–July)"	"Hakea stenophylla"
19	"Pedicel and perianth evenly pubescent throughout"	20
19	"Pedicel and perianth both glabrous or pedicel pubescent and perianth glabrous or with much sparser hair covering than pedicel"	75
20	"Fruits not distinctly woody, not retained on bush on a thickened branch; seed occupying almost whole valve; leaves flat or compound- or simple-terete"	21
20	"Fruits distinctly woody, retained on bush on a thickened branch; seed not occupying whole valve; leaves flat or simple terete (mixed with occasional compound-terete leaves in H. preissii )"	29
21	"Pollen presenter lateral; leaves compound-terete (sometimes mixed with simple terete leaves and/or flat leaves in H. trifurcata ) or flat; fruits either resembling flat leaves or with obliquely inserted beak, not horned (W.A.)"	22
21	"Pollen presenter oblique; leaves simple terete, rarely with some flattened leaves as well; fruit not resembling leaves, not obliquely beaked, often horned"	26
22	"Plants with mixed simple- and compound-terete leaves, as well as flat leaves once flowering is initiated (fruit resembling the flat leaves; widespread from Murchison R. to Esperance, south-western W.A.; flowers Apr.–Oct.)"	"Hakea trifurcata"
22	"Plants with flat leaves or compound-terete leaves, not both"	23
23	"Leaves flat; fruit leaf-like, not beaked, not pusticulate; seed not boomerang-shaped"	24
23	"Leaves compound-terete; fruit not leaf-like, with long obliquely inserted beak, pusticulate; seed boomerang-shaped"	25
24	"Hairs on young leaves appressed-sericeous; leaves 3–11.5 mm wide; hairs on pedicel and perianth concolorous (Jarrah forests of south-western W.A.; flowers Sept.–Nov.)"	"Hakea lasianthoides"
24	"Hairs on young leaves woolly-tomentose; leaves 7–17 mm wide; hairs on pedicel ferruginous, on perianth cream-white or yellow-brown (mallee scrub, Albany area, W.A.; flowers Mar.–Sept.)"	"Hakea lasiantha"
25	"Lower surface of leaf grooved at base; pollen presenter 1.6–2.5 mm long (Perth to Jurien Bay, W.A.; flowers May–Nov.)"	"Hakea erinacea"
25	"Lower surface of leaf not grooved at base; pollen presenter 3.5–4.5 mm long (Mt Lesueur area, W.A.; flowers June–Sept.)"	"Hakea longiflora"
26	"Pedicel and perianth glabrous"	27
26	"Pedicel and perianth pubescent"	28
27	"Leaves 1.5–3.2 mm wide, recurved or straight, always terete; fruit blackened at position of horns but horns obscure; involucre 4.5–9 mm long (Murchison R. to Gt Victoria Desert, W.A.; flowers July–Oct.)"	"Hakea recurva"
27	"Leaves 0.9–1.6 mm wide, not recurved, terete, but sometimes mixed with flattened leaves to 3.5 mm wide; fruit usually clearly horned, particularly when young; involucre 2.5–3 mm long (E coast, Qld to Tas.; flowers Sept.–Feb.)"	"Hakea microcarpa"
28	"Perianth 2.7–4.5 mm long; leaves 1.5–4.5 cm long, straight (laterite pavements of dissected tablelands in Quilpie area, Qld; flowers May–July)"	"Hakea collina"
28	"Perianth 5.5–7 mm long; leaves 2–9.5 cm long, usually curved (cliff faces of Macdonnell Ra., N.T.; flowers Sept.–Oct.)"	"Hakea standleyensis"
29	"Fruits recurved at base and apex, ±S-shaped"	30
29	"Fruits not recurved basally and apically, not S-shaped"	37
30	"Wing apical (H. eriantha ) or down one side of seed body only; leaves terete or flat; perianth at least 2.5 mm long"	31
30	"Wing encircling seed body; leaves narrowly linear, trigonous or terete; perianth less than 2.6 mm long"	36
31	"Pollen presenter oblique or conical; leaves terete, except H. cyclocarpa from south-western W.A. which has flat leaves; fruit strongly S-shaped (southern Australia)"	32
31	"Pollen presenter lateral; leaves flat; fruit not strongly S-shaped (eastern Australia)"	"Hakea eriantha"
32	"Leaves flat, entire (south-western W.A.; flowers Aug.–Oct.)"	"Hakea cyclocarpa"
32	"Leaves terete"	33
33	"Pollen presenter conical; pistil erect (Eyre Penin., S.A. to western Vic.; flowers Aug.–Oct.)"	"Hakea rugosa"
33	"Pollen presenter an oblique disc; pistil recurved"	34
34	"Fruit 2.2–4.5 cm long; seed 13–22 mm long; flowers bisexual; gland V-shaped; pistil 7.8–11.5 mm long (northern Lofty to south-eastern S.A., Vic.; flowers July–Nov.)"	"Hakea rostrata"
34	"Fruit 1.4–2.6 cm long; seed less than 13 mm long; flowers usually unisexual, male and female on different plants; gland a slightly curved rectangular flap; pistil to 8 mm long"	35
35	"Compact shrub to 3 m high; gland in male, female and bisexual flowers less than 0.5 mm high (coastal to alpine areas in shrubbery in all but NE coast of Tas.; flowering Aug.–Dec.)"	"Hakea epiglottis"
35	"Erect shrub or small tree to 5 m high; gland in male and female flowers 0.5–1 mm high (forest at low altitude on E coast of Tas., higher altitudes on islands of Furneaux Group; flowering Feb.–July)"	"Hakea megadenia"
36	"Leaves flat, trigonous or terete, 1–4 mm wide, not twisted at base; fruit sigmoidal (Tammin to Kalbarri, W.A.; flowers June–Sept.)"	"Hakea candolleana"
36	"Leaves flat, 3–11 mm wide, twisted at base; fruit globular (Tammin to Newdegate area, W.A.; flowers June–Nov.)"	"Hakea incrassata"
37	"Leaves flat"	38
37	"Leaves simple-terete or narrowly linear (H. orthorhhyncha ), not toothed or lobed"	45
38	"Leaves lobed or unlobed, toothed at least partly, not twisted at base (W.A.)"	39
38	"Leaves entire, twisted through 180° at base (W.A.)"	44
39	"Leaves flabelliform, toothed on broad distal apex, with margins otherwise entire"	40
39	"Leaves linear, elliptic, obovate or 3–5-lobed, not flabelliform"	42
40	"Leaf apex truncate; shrub less than 1 m tall; gland a small flap (sand heaths of Jurien Bay area, W.A.; flowers Oct.–Nov.)"	"Hakea flabellifolia"
40	"Leaf apex rounded; erect shrub usually more than 1 m tall; gland U-shaped"	41
41	"Hairs on perianth raised, not sericeous; mature buds 7–9 mm long; red-brown wood zone adjacent to seed and on side of fruit which opens fully, broad at base, narrowing towards apex (Stirling Ra. to Albany, W.A.; flowers Oct.–Nov.)"	"Hakea baxteri"
41	"Hairs on perianth appressed-sericeous; mature buds 5–7 mm long; red-brown wood zone adjacent to seed and on side of fruit which opens fully, narrow and of similar width from base to apex (sand plains and sand heaths from Three Springs to Ongerup, possibly S to Stirling Ra. and Albany, W.A.; flowers Sept.–Nov.)"	"Hakea brownii"
42	"Hairs on pedicel white or cream-yellow, on perianth ferruginous; perianth 2–3.5 mm long; gland a curved flap (fruit 5–5.5 cm long; Fitzgerald R. area, W.A.; flowers Sept.–Jan.)"	"Hakea hookeriana"
42	"Hairs on pedicel and perianth of similar colour throughout; perianth more than 4.5 mm long; gland U-shaped"	43
43	"Fruit 4.5–5.5 cm long, sometimes with corky outgrowths; seed body with slender dagger-like projections; inflorescence racemose on 1–10 mm long rachis; perianth 6–11 mm long (Stirling Ra. to Israelite Bay, W.A.; flowers Sept.–Nov.)"	"Hakea pandanicarpa"
43	"Fruit 2–3.5 cm long, lacking corky outgrowths; seed body lacking projections; inflorescence umbelliform on obscure rachis; perianth 4.5–6 mm long (Perth to Albany, W.A.; flowers Sept.–Dec. (–Feb.))"	"Hakea ceratophylla"
44	"Leaves flat, trigonous or terete, 1–4 mm wide, not twisted at base; fruit sigmoidal (Tammin to Kalbarri, W.A.; flowers June–Sept.)"	"Hakea candolleana"
44	"Leaves flat, 3–11 mm wide, twisted at base; fruit globular (Tammin to Newdegate area, W.A.; flowers June–Nov.)"	"Hakea incrassata"
45	"Pollen presenter a lateral disc (W.A.)"	46
45	"Pollen presenter an oblique disc"	47
46	"Flowers cream-white to pink internally; inflorescences not on old wood; leaves terete, not grooved; fruit globose, 3.8–6.5 cm wide, with tiny lateral apiculum; seed circular, 33–46 mm diam. (Three Springs to Boorabbin and S to Hyden, W.A.; flowers July–Oct.)"	"Hakea platysperma"
46	"Flowers red, becoming black with age; inflorescences often on old wood; leaves flat or terete, the latter grooved on underside; fruit obliquely ovate, 1.5–2.6 cm wide, with very long apiculum at apex; seed obliquely ovate, 22–27 mm long (Murchison R., W.A.; flowers May–Sept.)"	"Hakea orthorrhyncha"
47	"Mature fruit encircled with toothed crest in basal half, long-apiculate (eastern Australia)"	"Hakea teretifolia"
47	"Mature fruit lacking toothed crest in basal half; apiculum, if present, short or above corky outgrowths of fruit body"	48
48	"Mature fruit lacking horns, often with corky outgrowths; gland prominent, U-shaped (small in H. brachyptera ) (W.A.)"	49
48	"Mature fruit with horns, lacking corky outgrowths; gland a rectangular flap"	53
49	"Mucro at leaf apex bent (Norseman, Hopetoun, Israelite Bay area, W.A.; flowers Aug.–Oct.)"	"Hakea adnata"
49	"Mucro at leaf apex erect"	50
50	"Hairs white or yellow on claw, ferruginous on limb; fruit not noticeably corky with age, if at all; seed occupying most of valve"	51
50	"Hairs on perianth all white or yellow; fruit with conspicuous corky outgrowths with age; seed occupying part of valve"	52
51	"Leaves 2.5–5.5 mm long; perianth 3.5–4.2 mm long; fruit erect (sand plains S of Geraldton, W.A.; flowers Aug.–Sept.)"	"Hakea polyanthema"
51	"Leaves 3–9.5 mm long; perianth 2–2.3 mm long; fruit inserted at right angles to stalk (sand in Nyabing, Pingrup & Ongerup area of W.A.; flowers Sept.)"	"Hakea brachyptera"
52	"Non-lignotuberous straggling shrub to 4 m tall; perianth 6.5–9 mm long; pistil 10–11 mm long; disc of pollen presenter 1.5–1.8 mm long (Perth to Geraldton, W.A.; flowers Sept.–Oct.)"	"Hakea psilorrhyncha"
52	"?Lignotuberous dense shrub to 2 m tall; perianth 4.5–7.5 mm long; pistil 6–10 mm long; disc of pollen presenter 0.8–1 mm long (sand plains from Coorow to Israelite Bay, W.A.; flowers Aug.–Oct.)"	"Hakea obliqua"
53	"At least some inflorescences arising from old rachises of previous years"	54
53	"Inflorescences not arising from old rachises of previous years"	61
54	"Pedicel and perianth pubescent throughout; fruit horned"	55
54	"Pedicel and perianth glabrous, or pedicel sparsely hirsute and perianth glabrous except for sparsely hirsute limb in H. circumalata (which has terminal as well as axillary inflorescences); fruit horned or not"	56
55	"Plants with witches broom galls; prostrate or straggly or dense shrub to 2 m high; leaves never divided apically, 0.8–1.5 mm wide; fruit remaining unsplit on pale wood side, obliquely beaked, 0.9–1.5 cm wide (Eyre Penin. to south-eastern S.A., including Kangaroo Is.; flowers Aug.–Nov.)"	"Hakea vittata"
55	"Plants without witches broom galls; erect tree to 8 m or compact shrub 2–3 m high; leaves sometimes divided apically, 1.5–2.5 mm wide; fruit opening both sides, not beaked, 0.7–1.1 cm wide (drier areas of W.A. S & E of Onslow and the Fortescue R. to Cape Arid Natl Park; flowers Aug.–Dec.)"	"Hakea preissii"
56	"Buds straight; pollen presenter a ±porrect cone; flowers yellow (rounded shrub 1–3 m tall; branchlets and young leaves with appressed ferruginous hairs; Nyabing-Newdegate area, southern W.A.; flowers (June–) Sept. & Oct.)"	"Hakea newbeyana"
56	"Buds curved; pollen presenter oblique or lateral disc"	57
57	"Inflorescences terminal and axillary"	58
57	"Inflorescences all axillary, sometimes on old wood as well"	59
58	"Leaves all on one side of branch; young growth glabrous; pedicels glabrous, red; fruit obliquely beaked; wing partly down one side of seed body only (Esperance-Ravensthorpe area, W.A.; flowers Sept.–Nov.)"	"Hakea commutata"
58	"Leaves not all to one side of branch; young growth pubescent; pedicels hirsute with white hairs; fruit not beaked; wing encircling seed body (Perth to Geraldton area, inland to Tammin, W.A.; flowers July–Sept.)"	"Hakea circumalata"
59	"Fruit 1.5–2.2 cm long, 1.2–1.5 cm wide, not beaked; horns 5–6 mm long; flowers cream-white; pistil 4–4.5 mm long (Esperance to Cape Arid, W.A.; flowers Mar., May & Aug.)"	"Hakea bicornata"
59	"Fruit more than 2.5 cm long, more than 1.5 cm wide, obliquely beaked; horns 0–5 mm long; flowers red and yellow or pink or white; pistil more than 6.5 mm long"	60
60	"Flowers red and yellow; perianth 3–4.2 mm long; fruit 3.5–5 cm long; branchlets ferruginous or glabrous (Tammin to Ravensthorpe area, W.A.; flowers Sept.–Nov.)"	"Hakea strumosa"
60	"Flowers white or pink; perianth 4–6.5 mm long; fruit 2.5–4 cm long; branchlets white-pubescent (Eyre Penin., S.A.; flowers Dec.–Aug.)"	"Hakea cycloptera"
61	"Branchlets and leaves densely villous; fruit with seed borne at right-angles to direction of stalk"	"Hakea gibbosa"
61	"Branchlets and leaves often pubescent when young, usually glabrescent, but not villous; fruit with seed borne in same direction as stalk or directed obliquely forward from it"	62
62	"Perianth hairy"	63
62	"Perianth glabrous or glabrescent by anthesis"	69
63	"Leaves not grooved below"	64
63	"Leaves grooved below"	68
64	"Fruit body coarsely rugose or tuberculate"	65
64	"Fruit body smooth, sometimes pusticulate"	66
65	"Fruit beak long-triangular, smooth except for small dense round pusticules; pistil 6.5–8 mm long; perianth 3–3.8 mm long; fruit 35–45 mm long"	"Hakea macrorrhyncha"
65	"Fruit beak transverse, decurrent shortly down one side of fruit; pistil 8–10.5 mm long; perianth 3.5–6 mm long; fruit 23–27 mm long"	"Hakea lissosperma"
66	"Perianth 2.5–3 mm long; pistil 7–7.5 mm long; pedicel sparsely appressed-pubescent (rachis 3–6.5 mm long, densely brown-pubescent, sometimes mixed with sparse white hairs; leaf mucro uncinate; fruit obscurely horned; seed wing grey-yellow)"	"Hakea kippistiana"
66	"Perianth 3–6 mm long; pistil 7–11 mm long; pedicel sparsely to densely appressed- or raised-pubescent"	67
67	"Rachis 1–3 (–4) mm long, brown-pubescent; leaf mucro strongly uncinate; fruit usually clearly horned; seed wing grey-yellow to blackish"	"Hakea tephrosperma"
67	"Rachis 6–14 mm long, white-woolly-pubescent or with an appressed layer of white and brown hairs; leaf mucro porrect or uncinate; fruit often obscurely horned; seed wing cream to brown-white, sometimes darker at base"	"Hakea leucoptera"
68	"Branchlets tomentose, with hairs persistent to flowering; fruit body rugulose-reticulate; beak long; horns obscure, less than 1 mm long; perianth moderately to densely shortly tomentose"	"Hakea macrorrhyncha"
68	"Branchlets appressed-pubescent, with hairs persistent to flowering or glabrescent; fruit body pusticulate; beak short; horns prominent, 1–3 mm long; perianth sparsely appressed-sericeous"	"Hakea macraeana"
69	"Rachis 6–14 mm long"	"Hakea leucoptera"
69	"Rachis 0.5–4 mm long"	70
70	"Fruit 4.3–5.5 cm long, 3–3.5 cm wide; flowers 6–12 (pistil 8–12 mm long)"	"Hakea constablei"
70	"Fruit 1.8–4 cm long, 1–3 cm wide; flowers 1–6 (–8 in H. lissosperma )"	71
71	"Pistil 8.5–12 mm long"	72
71	"Pistil 4–8 mm long"	74
72	"Horns on fruit 1–5 mm long; seed wing decurrent fully down both sides of seed body, more narrowly on one side"	"Hakea decurrens"
72	"Horns on fruit obscure or absent; seed wing decurrent partly down one side of seed body, fully down other"	73
73	"Seed wing light brown (young?) to off-white; flowers 1–6"	"Hakea ochroptera"
73	"Seed wing black to dark brown; flowers 6–8"	"Hakea lissosperma"
74	"Pedicels villous; horns on fruit 1–3 mm long; seed wing broadly and fully down one side only, sometimes narrowly down other"	"Hakea sericea"
74	"Pedicels appressed-sericeous; horns on fruit obscure; seed wing decurrent fully down both sides of seed body"	"Hakea actites"
75	"Leaves flat or simple- or compound-terete; flat leaves obscurely veined; simple-terete leaves lacking 3–12 longitudinal grooves (i.e. not 3–12-angled in cross-section); fruit with or without horns"	76
75	"Leaves flat or simple-terete; flat leaves prominently veined, terete leaves 3–12-grooved longitudinally (i.e. 3–12 angled in cross-section); fruit always without horns (pollen presenter erect, conical)"	166
76	"Buds straight; pollen presenter conical; pedicel and perianth glabrous; fruit with horns (W.A.)"	77
76	"Buds curved; pollen presenter an oblique or lateral disc, rarely (Varia and Ruscifolia p.p. Groups) conical and erect; pedicel glabrous or pubescent; perianth glabrous or with sparser hairs than pedicel; fruit with or without horns"	88
77	"Fruit often on recurved stalk; new branchlets arising from rachis of inflorescence, glabrous or pubescent (sect. Manglesioides )"	78
77	"Fruit erect; new branchlets not arising from rachis of inflorescence, pubescent"	81
78	"Leaves flat, usually spine-toothed (Busselton to Eucla, W.A.; flowers July–Sept., rarely May)"	"Hakea nitida"
78	"Leaves simple- or compound-terete"	79
79	"Leaves flexible; young growth pubescent; rachis 17–26 mm long; flowers pale pink turning white (granite areas, Albany to Esperance and islands of Recherche Archipelago, W.A.; flowers Mar.–June)"	"Hakea drupacea"
79	"Leaves rigid; young growth usually glabrous; rachis less than 10 mm long; flowers white, yellow or pink"	80
80	"Leaves usually simple, if compound then with 2 or 3 segments, not grooved; rachis glabrous; perianth 1.5–2.5 mm long (from Busselton to Stirling Ra., south-western W.A.; flowers Aug.–Oct.)"	"Hakea oldfieldii"
80	"Leaves compound with up to 14 segments, grooved or not; rachis tomentose; perianth 2.5–4 mm long (widespread in south-western W.A.; flowers May–Sept.)"	"Hakea lissocarpha"
81	"Pedicel and perianth pubescent throughout; fruit horned"	82
81	"Pedicel and perianth glabrous, or pedicel sparsely hirsute and perianth glabrous except for sparsely hirsute limb in H. circumalata (which has terminal as well as axillary inflorescences); fruit horned or not"	83
82	"Plants with witches broom galls; prostrate or straggly or dense shrub to 2 m high; leaves never divided apically, 0.8–1.5 mm wide; fruit remaining unsplit on pale wood side, obliquely beaked, 0.9–1.5 cm wide (Eyre Penin. to south-eastern S.A., including Kangaroo Is.; flowers Aug.–Nov.)"	"Hakea vittata"
82	"Plants without witches broom galls; erect tree to 8 m or compact shrub 2–3 m high; leaves sometimes divided apically, 1.5–2.5 mm wide; fruit opening both sides, not beaked, 0.7–1.1 cm wide (drier areas of W.A. S & E of Onslow and the Fortescue R. to Cape Arid Natl Park; flowers Aug.–Dec.)"	"Hakea preissii"
83	"Buds straight; pollen presenter a ±porrect cone; flowers yellow (rounded shrub 1–3 m tall; branchlets and young leaves with appressed ferruginous hairs; Nyabing-Newdegate area, southern W.A.; flowers (June–) Sept. & Oct.)"	"Hakea newbeyana"
83	"Buds curved; pollen presenter oblique or lateral disc"	84
84	"Inflorescences terminal and axillary"	85
84	"Inflorescences all axillary, sometimes on old wood as well"	86
85	"Leaves all on one side of branch; young growth glabrous; pedicels glabrous, red; fruit obliquely beaked; wing partly down one side of seed body only (Esperance-Ravensthorpe area, W.A.; flowers Sept.–Nov.)"	"Hakea commutata"
85	"Leaves not all to one side of branch; young growth pubescent; pedicels hirsute with white hairs; fruit not beaked; wing encircling seed body (Perth to Geraldton area, inland to Tammin, W.A.; flowers July–Sept.)"	"Hakea circumalata"
86	"Fruit 1.5–2.2 cm long, 1.2–1.5 cm wide, not beaked; horns 5–6 mm long; flowers cream-white; pistil 4–4.5 mm long (Esperance to Cape Arid, W.A.; flowers Mar., May & Aug.)"	"Hakea bicornata"
86	"Fruit more than 2.5 cm long, more than 1.5 cm wide, obliquely beaked; horns 0–5 mm long; flowers red and yellow or pink or white; pistil more than 6.5 mm long"	87
87	"Flowers red and yellow; perianth 3–4.2 mm long; fruit 3.5–5 cm long; branchlets ferruginous or glabrous (Tammin to Ravensthorpe area, W.A.; flowers Sept.–Nov.)"	"Hakea strumosa"
87	"Flowers white or pink; perianth 4–6.5 mm long; fruit 2.5–4 cm long; branchlets white-pubescent (Eyre Penin., S.A.; flowers Dec.–Aug.)"	"Hakea cycloptera"
88	"Leaves simple-terete ('Needlewoods'), rarely (H. preissii and H. purpurea ) some compound-terete also present"	89
88	"Leaves flat or elliptic in cross-section, often dentate or divided into spine-tipped segments"	146
89	"Fruit not markedly woody, opening fully down both sides and valves recurving, smooth, not on a thickened branch, often lost very quickly from plant; seed occupying almost whole valve"	90
89	"Fruit distinctly woody, not opening fully down both sides and valves not recurving, smooth to tuberculate, borne on a thickened branch and long persistent; seed not occupying whole valve"	93
90	"Pedicel and perianth glabrous"	91
90	"Pedicel and perianth pubescent"	92
91	"Leaves 1.5–3.2 mm wide, recurved or straight, always terete; fruit blackened at position of horns but horns obscure; involucre 4.5–9 mm long (Murchison R. to Gt Victoria Desert, W.A.; flowers July–Oct.)"	"Hakea recurva"
91	"Leaves 0.9–1.6 mm wide, not recurved, terete, but sometimes mixed with flattened leaves to 3.5 mm wide; fruit usually clearly horned, particularly when young; involucre 2.5–3 mm long (E coast, Qld to Tas.; flowers Sept.–Feb.)"	"Hakea microcarpa"
92	"Perianth 2.7–4.5 mm long; leaves 1.5–4.5 cm long, straight (laterite pavements of dissected tablelands in Quilpie area, Qld; flowers May–July)"	"Hakea collina"
92	"Perianth 5.5–7 mm long; leaves 2–9.5 cm long, usually curved (cliff faces of Macdonnell Ra., N.T.; flowers Sept.–Oct.)"	"Hakea standleyensis"
93	"Tepals remaining fused, splitting to base only between upper pair of tepals; flowers pink or red; pistil more than 14 mm long (pedicel and perianth glabrous)"	94
93	"Tepals not remaining fused, splitting to base between all 4; flowers white, yellow, red or pink; pistil less than 14 mm long"	98
94	"Pollen presenter conical; pistil 14–15.5 mm long (flowers pink with white limb, 6 or 8 per axil; inflorescence pendent, on apex of old branched rachises; Parker Ra., WA; flowers Sept.)"	"Hakea pendens"
94	"Pollen presenter ±lateral; pistil more than 20 mm long"	95
95	"Perianth more than 10.5 mm long; pistil more than 40 mm long; fruit 4.5–7 cm long, 3.3–4.5 cm wide, densely and deeply wrinkled (some inflorescences from old wood; Newcastle to Sydney, N.S.W.; flowers May.–Sept.)"	"Hakea bakeriana"
95	"Perianth to 10 mm long; pistil less than 40 mm long; fruit less than 5 cm long, black-pusticulate or smooth with toothed crest either side of suture"	96
96	"Leaves 6.5–23 cm long, always simple; fruit with toothed crest either side of suture (inflorescences axillary, often from old wood; arid areas from Murchison R. to Petermann Ra., W.A. & N.T.; flowers Apr.–Sept.)"	"Hakea rhombales"
96	"Leaves to 9.5 cm long, simple or compound; fruit lacking any toothed crest"	97
97	"Leaves always simple; pistil 21–25 mm long; pedicels 2.5–4 mm long; rachis branched; fruit distinctly horned; seed wing partly down one side of seed body only (Ravensthorpe area, W.A.; flowers May–Aug.)"	"Hakea verrucosa"
97	"Leaves simple or compound; pistil 29–32 mm long; pedicels 8–14 mm long; rachis not branched; fruit obscurely horned; seed wing encircling seed body (south-eastern Qld, north-eastern N.S.W.; flowers Aug.–Oct.)"	"Hakea purpurea"
98	"Pedicel pubescent; perianth glabrous or with sparser hair covering than pedicel"	99
98	"Pedicel glabrous; perianth glabrous"	124
99	"Inflorescence terminal and axillary"	100
99	"Inflorescence axillary only"	107
100	"Pedicel and perianth pubescent throughout; fruit horned"	101
100	"Pedicel and perianth glabrous, or pedicel sparsely hirsute and perianth glabrous except for sparsely hirsute limb in H. circumalata (which has terminal as well as axillary inflorescences); fruit horned or not"	102
101	"Plants with witches broom galls; prostrate or straggly or dense shrub to 2 m high; leaves never divided apically, 0.8–1.5 mm wide; fruit remaining unsplit on pale wood side, obliquely beaked, 0.9–1.5 cm wide (Eyre Penin. to south-eastern S.A., including Kangaroo Is.; flowers Aug.–Nov.)"	"Hakea vittata"
101	"Plants without witches broom galls; erect tree to 8 m or compact shrub 2–3 m high; leaves sometimes divided apically, 1.5–2.5 mm wide; fruit opening both sides, not beaked, 0.7–1.1 cm wide (drier areas of W.A. S & E of Onslow and the Fortescue R. to Cape Arid Natl Park; flowers Aug.–Dec.)"	"Hakea preissii"
102	"Buds straight; pollen presenter a ±porrect cone; flowers yellow (rounded shrub 1–3 m tall; branchlets and young leaves with appressed ferruginous hairs; Nyabing-Newdegate area, southern W.A.; flowers (June–) Sept. & Oct.)"	"Hakea newbeyana"
102	"Buds curved; pollen presenter oblique or lateral disc"	103
103	"Inflorescences terminal and axillary"	104
103	"Inflorescences all axillary, sometimes on old wood as well"	105
104	"Leaves all on one side of branch; young growth glabrous; pedicels glabrous, red; fruit obliquely beaked; wing partly down one side of seed body only (Esperance-Ravensthorpe area, W.A.; flowers Sept.–Nov.)"	"Hakea commutata"
104	"Leaves not all to one side of branch; young growth pubescent; pedicels hirsute with white hairs; fruit not beaked; wing encircling seed body (Perth to Geraldton area, inland to Tammin, W.A.; flowers July–Sept.)"	"Hakea circumalata"
105	"Fruit 1.5–2.2 cm long, 1.2–1.5 cm wide, not beaked; horns 5–6 mm long; flowers cream-white; pistil 4–4.5 mm long (Esperance to Cape Arid, W.A.; flowers Mar., May & Aug.)"	"Hakea bicornata"
105	"Fruit more than 2.5 cm long, more than 1.5 cm wide, obliquely beaked; horns 0–5 mm long; flowers red and yellow or pink or white; pistil more than 6.5 mm long"	106
106	"Flowers red and yellow; perianth 3–4.2 mm long; fruit 3.5–5 cm long; branchlets ferruginous or glabrous (Tammin to Ravensthorpe area, W.A.; flowers Sept.–Nov.)"	"Hakea strumosa"
106	"Flowers white or pink; perianth 4–6.5 mm long; fruit 2.5–4 cm long; branchlets white-pubescent (Eyre Penin., S.A.; flowers Dec.–Aug.)"	"Hakea cycloptera"
107	"Perianth 2.5–7.2 mm long; pistil 4–12 mm long"	108
107	"Perianth 1.5–2.2 mm long; pistil 3–4.5 mm long"	122
108	"Branchlets and leaves densely villous; fruit with seed borne at right-angles to direction of stalk"	"Hakea gibbosa"
108	"Branchlets and leaves often pubescent when young, usually glabrescent, but not villous; fruit with seed borne in same direction as stalk or directed obliquely forward from it"	109
109	"Perianth hairy"	110
109	"Perianth glabrous or glabrescent by anthesis"	116
110	"Leaves not grooved below"	111
110	"Leaves grooved below"	115
111	"Fruit body coarsely rugose or tuberculate"	112
111	"Fruit body smooth, sometimes pusticulate"	113
112	"Fruit beak long-triangular, smooth except for small dense round pusticules; pistil 6.5–8 mm long; perianth 3–3.8 mm long; fruit 35–45 mm long"	"Hakea macrorrhyncha"
112	"Fruit beak transverse, decurrent shortly down one side of fruit; pistil 8–10.5 mm long; perianth 3.5–6 mm long; fruit 23–27 mm long"	"Hakea lissosperma"
113	"Perianth 2.5–3 mm long; pistil 7–7.5 mm long; pedicel sparsely appressed-pubescent (rachis 3–6.5 mm long, densely brown-pubescent, sometimes mixed with sparse white hairs; leaf mucro uncinate; fruit obscurely horned; seed wing grey-yellow)"	"Hakea kippistiana"
113	"Perianth 3–6 mm long; pistil 7–11 mm long; pedicel sparsely to densely appressed- or raised-pubescent"	114
114	"Rachis 1–3 (–4) mm long, brown-pubescent; leaf mucro strongly uncinate; fruit usually clearly horned; seed wing grey-yellow to blackish"	"Hakea tephrosperma"
114	"Rachis 6–14 mm long, white-woolly-pubescent or with an appressed layer of white and brown hairs; leaf mucro porrect or uncinate; fruit often obscurely horned; seed wing cream to brown-white, sometimes darker at base"	"Hakea leucoptera"
115	"Branchlets tomentose, with hairs persistent to flowering; fruit body rugulose-reticulate; beak long; horns obscure, less than 1 mm long; perianth moderately to densely shortly tomentose"	"Hakea macrorrhyncha"
115	"Branchlets appressed-pubescent, with hairs persistent to flowering or glabrescent; fruit body pusticulate; beak short; horns prominent, 1–3 mm long; perianth sparsely appressed-sericeous"	"Hakea macraeana"
116	"Rachis 6–14 mm long"	"Hakea leucoptera"
116	"Rachis 0.5–4 mm long"	117
117	"Fruit 4.3–5.5 cm long, 3–3.5 cm wide; flowers 6–12 (pistil 8–12 mm long)"	"Hakea constablei"
117	"Fruit 1.8–4 cm long, 1–3 cm wide; flowers 1–6 (–8 in H. lissosperma )"	118
118	"Pistil 8.5–12 mm long"	119
118	"Pistil 4–8 mm long"	121
119	"Horns on fruit 1–5 mm long; seed wing decurrent fully down both sides of seed body, more narrowly on one side"	"Hakea decurrens"
119	"Horns on fruit obscure or absent; seed wing decurrent partly down one side of seed body, fully down other"	120
120	"Seed wing light brown (young?) to off-white; flowers 1–6"	"Hakea ochroptera"
120	"Seed wing black to dark brown; flowers 6–8"	"Hakea lissosperma"
121	"Pedicels villous; horns on fruit 1–3 mm long; seed wing broadly and fully down one side only, sometimes narrowly down other"	"Hakea sericea"
121	"Pedicels appressed-sericeous; horns on fruit obscure; seed wing decurrent fully down both sides of seed body"	"Hakea actites"
122	"Fruit 3.5–4.5 cm long; flowers white; conifer-like tree or shrub, 1–5 m high (Sydney region to Blue Mtns, N.S.W.; flowers May–July)"	"Hakea propinqua"
122	"Fruit 1.3–3.5 cm long; flowers cream-white to deep yellow; spreading to upright tree or shrub, not conifer-like"	123
123	"Leaves often flattened, flexible; fruit dimorphic, woody and less woody; rachis simple or with up to 6 sessile rachises on previous year's rachis; flowers cream-white to deep yellow; seed marginal; seed wing dark grey to grey-yellow (closed heath and swampy areas, south-eastern S.A., Vic., Tas.; flowers May–Aug.)"	"Hakea nodosa"
123	"Leaves always terete, sometimes rigid; plants with woody fruit only; rachis simple; flowers yellow; seed displaced from centre, not marginal; seed wing deep brown (in sandstone at higher altitudes (c. above 800 m) Blue Mtns, N.S.W.; flowers Oct.)"	"Hakea pachyphylla"
124	"Fruits horned, not or obliquely beaked"	125
124	"Fruits obscurely horned, distinctly beaked"	132
125	"Pedicel and perianth pubescent throughout; fruit horned"	126
125	"Pedicel and perianth glabrous, or pedicel sparsely hirsute and perianth glabrous except for sparsely hirsute limb in H. circumalata (which has terminal as well as axillary inflorescences); fruit horned or not"	127
126	"Plants with witches broom galls; prostrate or straggly or dense shrub to 2 m high; leaves never divided apically, 0.8–1.5 mm wide; fruit remaining unsplit on pale wood side, obliquely beaked, 0.9–1.5 cm wide (Eyre Penin. to south-eastern S.A., including Kangaroo Is.; flowers Aug.–Nov.)"	"Hakea vittata"
126	"Plants without witches broom galls; erect tree to 8 m or compact shrub 2–3 m high; leaves sometimes divided apically, 1.5–2.5 mm wide; fruit opening both sides, not beaked, 0.7–1.1 cm wide (drier areas of W.A. S & E of Onslow and the Fortescue R. to Cape Arid Natl Park; flowers Aug.–Dec.)"	"Hakea preissii"
127	"Buds straight; pollen presenter a ±porrect cone; flowers yellow (rounded shrub 1–3 m tall; branchlets and young leaves with appressed ferruginous hairs; Nyabing-Newdegate area, southern W.A.; flowers (June–) Sept. & Oct.)"	"Hakea newbeyana"
127	"Buds curved; pollen presenter oblique or lateral disc"	128
128	"Inflorescences terminal and axillary"	129
128	"Inflorescences all axillary, sometimes on old wood as well"	130
129	"Leaves all on one side of branch; young growth glabrous; pedicels glabrous, red; fruit obliquely beaked; wing partly down one side of seed body only (Esperance-Ravensthorpe area, W.A.; flowers Sept.–Nov.)"	"Hakea commutata"
129	"Leaves not all to one side of branch; young growth pubescent; pedicels hirsute with white hairs; fruit not beaked; wing encircling seed body (Perth to Geraldton area, inland to Tammin, W.A.; flowers July–Sept.)"	"Hakea circumalata"
130	"Fruit 1.5–2.2 cm long, 1.2–1.5 cm wide, not beaked; horns 5–6 mm long; flowers cream-white; pistil 4–4.5 mm long (Esperance to Cape Arid, W.A.; flowers Mar., May & Aug.)"	"Hakea bicornata"
130	"Fruit more than 2.5 cm long, more than 1.5 cm wide, obliquely beaked; horns 0–5 mm long; flowers red and yellow or pink or white; pistil more than 6.5 mm long"	131
131	"Flowers red and yellow; perianth 3–4.2 mm long; fruit 3.5–5 cm long; branchlets ferruginous or glabrous (Tammin to Ravensthorpe area, W.A.; flowers Sept.–Nov.)"	"Hakea strumosa"
131	"Flowers white or pink; perianth 4–6.5 mm long; fruit 2.5–4 cm long; branchlets white-pubescent (Eyre Penin., S.A.; flowers Dec.–Aug.)"	"Hakea cycloptera"
132	"Branchlets and leaves densely villous; fruit with seed borne at right-angles to direction of stalk"	"Hakea gibbosa"
132	"Branchlets and leaves often pubescent when young, usually glabrescent, but not villous; fruit with seed borne in same direction as stalk or directed obliquely forward from it"	133
133	"Perianth hairy"	134
133	"Perianth glabrous or glabrescent by anthesis"	140
134	"Leaves not grooved below"	135
134	"Leaves grooved below"	139
135	"Fruit body coarsely rugose or tuberculate"	136
135	"Fruit body smooth, sometimes pusticulate"	137
136	"Fruit beak long-triangular, smooth except for small dense round pusticules; pistil 6.5–8 mm long; perianth 3–3.8 mm long; fruit 35–45 mm long"	"Hakea macrorrhyncha"
136	"Fruit beak transverse, decurrent shortly down one side of fruit; pistil 8–10.5 mm long; perianth 3.5–6 mm long; fruit 23–27 mm long"	"Hakea lissosperma"
137	"Perianth 2.5–3 mm long; pistil 7–7.5 mm long; pedicel sparsely appressed-pubescent (rachis 3–6.5 mm long, densely brown-pubescent, sometimes mixed with sparse white hairs; leaf mucro uncinate; fruit obscurely horned; seed wing grey-yellow)"	"Hakea kippistiana"
137	"Perianth 3–6 mm long; pistil 7–11 mm long; pedicel sparsely to densely appressed- or raised-pubescent"	138
138	"Rachis 1–3 (–4) mm long, brown-pubescent; leaf mucro strongly uncinate; fruit usually clearly horned; seed wing grey-yellow to blackish"	"Hakea tephrosperma"
138	"Rachis 6–14 mm long, white-woolly-pubescent or with an appressed layer of white and brown hairs; leaf mucro porrect or uncinate; fruit often obscurely horned; seed wing cream to brown-white, sometimes darker at base"	"Hakea leucoptera"
139	"Branchlets tomentose, with hairs persistent to flowering; fruit body rugulose-reticulate; beak long; horns obscure, less than 1 mm long; perianth moderately to densely shortly tomentose"	"Hakea macrorrhyncha"
139	"Branchlets appressed-pubescent, with hairs persistent to flowering or glabrescent; fruit body pusticulate; beak short; horns prominent, 1–3 mm long; perianth sparsely appressed-sericeous"	"Hakea macraeana"
140	"Rachis 6–14 mm long"	"Hakea leucoptera"
140	"Rachis 0.5–4 mm long"	141
141	"Fruit 4.3–5.5 cm long, 3–3.5 cm wide; flowers 6–12 (pistil 8–12 mm long)"	"Hakea constablei"
141	"Fruit 1.8–4 cm long, 1–3 cm wide; flowers 1–6 (–8 in H. lissosperma )"	142
142	"Pistil 8.5–12 mm long"	143
142	"Pistil 4–8 mm long"	145
143	"Horns on fruit 1–5 mm long; seed wing decurrent fully down both sides of seed body, more narrowly on one side"	"Hakea decurrens"
143	"Horns on fruit obscure or absent; seed wing decurrent partly down one side of seed body, fully down other"	144
144	"Seed wing light brown (young?) to off-white; flowers 1–6"	"Hakea ochroptera"
144	"Seed wing black to dark brown; flowers 6–8"	"Hakea lissosperma"
145	"Pedicels villous; horns on fruit 1–3 mm long; seed wing broadly and fully down one side only, sometimes narrowly down other"	"Hakea sericea"
145	"Pedicels appressed-sericeous; horns on fruit obscure; seed wing decurrent fully down both sides of seed body"	"Hakea actites"
146	"Most leaves spine-toothed for at least part of length, rarely in some populations of H. varia , H. florida (Varia Group) and H. linearis (Linearis Group) the majority of leaves entire but some spine-toothed leaves present; H. oleifolia (Varia Group) usually has the majority of leaves entire but some spine-toothed leaves present"	147
146	"Leaves entire"	161
147	"Pollen presenter conical; fruit clearly horned (leaves elliptic in cross-section, often with 1–8 mucronate segments or flat with regular or irregular marginal teeth, sometimes entire)"	148
147	"Pollen presenter an oblique disc; fruit horned or not"	154
148	"Leaves pinnatisect, 4–10 cm long, of 5–14 segments (ovary glandular; gland absent; fruit pubescent; Lake King to Newdegate area, W.A.; flowers Aug.–Oct.)"	"Hakea horrida"
148	"Leaves entire, toothed or lobed, not pinnatisect"	149
149	"Fruit pubescent; ovary glandular; gland absent (Cape Riche to Cape Le Grand, W.A.; flowers Aug.–Oct.)"	"Hakea ilicifolia"
149	"Fruit glabrous; ovary glabrous; gland present"	150
150	"Leaves to 6 mm wide, entire or divided in 2–8 mucronate segments towards apex; fruit to 10 mm wide"	151
150	"Leaves more than 6 mm wide or if less, either toothed for whole length or fruit more than 12 mm wide"	153
151	"Buds c. 8 mm long; pistil 23–25 mm long (Kalgan R. area, W.A.; flowers May– July)"	"Hakea lasiocarpha"
151	"Buds to 3.5 mm long; pistil 4–5.5 mm long"	152
152	"Branchlets densely hirsute with ferruginous hairs persistent until flowering; shrubs with columnar habit (winter-wet areas on ironstone, Augusta to Albany, W.A.; flowers Mar.–Apr. (–?July))"	"Hakea tuberculata"
152	"Branchlets appressed-sericeous, quickly glabrescent; shrubs not with columnar habit (Eneabba to Israelite Bay, W.A.; flowers July–Nov.)"	"Hakea varia"
153	"Shrub or small tree, 0.4–10 m tall; leaves usually entire with occasional leaves with single, or rarely to 4 teeth per side, elliptic; branchlets and young leaves appressed-pubescent (coastal areas or within Jarrah forest, Busselton to Bremer Bay, W.A.; flowers Aug.–Oct.)"	"Hakea oleifolia"
153	"Shrub, 1–3 m tall; leaves usually with 1–10 teeth per side, occasionally entire, narrowly elliptic or obovate; branchlets and young leaves densely villous (Stirling Ra. to Fitzgerald River Natl Park, W.A.; flowers Nov.–Jan.)"	"Hakea florida"
154	"Young shoots arising from base of inflorescence, glabrous; fruit not green, clearly horned, smooth"	"Hakea linearis"
154	"Young shoots not arising from base of inflorescence; fruit usually green, or at least of similar colour to subtending leaves, obviously horned or not, with prickles, protuberances or toothed ridge along sutures, the prickles sometimes scattered all over"	155
155	"Leaves often stem-clasping or cordate at base; fruit to 3.5 cm long, with scattered or dense prickles, obscurely horned"	156
155	"Leaves not stem-clasping at base; fruit 3.5–4.8 cm long, with crested ridges along sutures and abaxially, obviously horned"	"Hakea cristata"
156	"Leaves amplexicaul, to 18 cm long (flowers white, often pink-tinged; Jarrah forests of south-western W.A.; flowers Aug.–Oct.)"	"Hakea amplexicaulis"
156	"Leaves not amplexicaul but often auriculate, less than 6.5 cm long"	157
157	"Leaves dimorphic; upper leaves tricuspidate apically, much narrower and spinier than lower leaves (fruit pubescent, moderately to densely covered with tuberculate prickles, not green; flowers greenish white, cream or pink, sandy heaths N of Perth, W.A.; flowers June–Oct.)"	"Hakea auriculata"
157	"Leaves not dimorphic; upper leaves not tricuspidate apically"	158
158	"Leaves often brown in older parts of plant, narrowly obovate to obovate; fruit pubescent, with scattered to dense tuberculate prickles; flowers red, usually within lower axils among older leaves (sand heaths, Perth to Mt Lesueur, W.A.; flowers June–Oct.)"	"Hakea spathulata"
158	"Leaves green in all parts of plant, obovate, elliptic or broadly ovate; fruit glabrous with occasional truncate prickles; flowers various colours, including red, within upper axils"	159
159	"Compact rounded shrub; flowers 1, 3 or 5 in axils, mid-yellow or orange with red-black on limb and tepal margins, unpleasantly scented; very young leaves with appressed sericeous hairs (Stirling Ra. to Esperance, W.A.; flowers July–Oct.)"	"Hakea denticulata"
159	"Spreading, erect or sprawling shrubs or small trees; flowers 4–16 in axils, cream-white or pink to red-purple, not unpleasantly scented; very young leaves glabrous or with non-sericeous hairs"	160
160	"Erect or sprawling tree or shrub; flowers cream-white, pink or red; perianth 3.5–5.5 mm long (widespread and variable in area bounded by Geraldton, Kalgoorlie and Israelite Bay, south-western W.A.; flowers July–Oct.)"	"Hakea prostrata"
160	"Spreading erect shrub; flowers deep red-purple; perianth 3–4 mm long (Stirling Ra., W.A.; flowers July–Oct.)"	"Hakea pritzelii"
161	"Fruit 7–8.5 cm long (flowers white or pink, becoming red, often on older wood below leaves)"	"Hakea megalosperma"
161	"Fruit less than 4 cm long"	162
162	"Inflorescences terminal; fruits not horned; leaves crowded into short cylindrical branches (south-western W.A.)"	163
162	"Inflorescences axillary (H. clavata has some terminal as well); fruits horned; leaves openly spaced on branchlets"	164
163	"Pollen presenter a ±lateral disc; fruit glabrous (rare, in Cunderdin and Merredin area, W.A.; flowers Sept.–Oct.)"	"Hakea aculeata"
163	"Pollen presenter conical; fruit glabrous or pubescent (common species, Jurien Bay to Cape Arid, W.A.; flowers Dec.–Jan., sporadically in other months)"	"Hakea ruscifolia"
164	"Leaves not noticeably thickened; fruit tuberculate or pusticulate; flowers white or cream, 14–28 per inflorescence (eastern Australia)"	165
164	"Leaves extremely thick, elliptic in cross-section; fruit ±smooth; flowers with claw pink, and limb grey outside, white inside, 60–80 per inflorescence (south-western W.A.)"	"Hakea clavata"
165	"Fruit 1.3–2.3 (–3) cm wide in median view, covered with blunt-topped warts more than 1 mm high; rachises 1 per axil, only within leaves, not (except possibly subsp. angustifolia ) arising from old rachises; slender shrub or tree to 5 m high (in wet sclerophyll forest of coast and ranges of south-eastern Qld & N.S.W. from Springbrook S to Jervis Bay)"	"Hakea salicifolia"
165	"Fruit 0.6–1.2 mm wide in median view, covered with raised black pustules, rarely with blunt-topped warts less than 0.5 mm high; rachises often more than 1 per axil, arising in upper axils and on old wood, often from old rachises; shrubs, usually to 1.5 m high (open forest areas of south-eastern Qld and north-eastern N.S.W., from Bundaberg S to Grafton)"	"Hakea florulenta"
166	"Fruit decurved on rachis; secondary venation visible between longitudinal veins"	167
166	"Fruits not decurved on rachis; secondary venation usually obscure (visible in H. victoria and H. acuminata where longitudinal veins coalesce at base into a cream or red patch, and in H. petiolaris where flowers are on old wood and pink)"	182
167	"Leaves flat or undulate, entire, crenate or toothed; pistil 3–10.5 mm long"	168
167	"Leaves cupped or shell-like; margin entire or toothed; pistil 14–28 mm long (W.A.)"	180
168	"Leaf margin spinulose-dentate"	169
168	"Leaf margin entire or crenate"	170
169	"Erect shrub; leaves 20–65 mm wide, longitudinal veins 3–7; flowers cream-white; pistil 3–4 mm long; fruit 2.3–3 cm long, 1–1.4 cm wide, often more than 3 per axil (Darling Ra. to Albany, W.A.; flowers July–Oct.)"	"Hakea undulata"
169	"Bushy shrub; leaves 6–20 mm wide, longitudinal veins 1–3; flowers white to pink; pistil 4–6 mm long; fruit 1.7–2.3 cm long, 0.8–1.1 cm wide, never more than 3 per axil (Eneabba to Moore R. area and Pingelly/Narrogin area, W.A.; flowers July–Oct.)"	"Hakea anadenia"
170	"Leaves cordate or rounded at base, with secondary venation between main longitudinal veins very prominent"	171
170	"Leaves attenuate or narrowly cuneate at base, with secondary venation between main longitudinal veins prominent or obscure"	173
171	"Leaves 20–55 mm wide; branchlets densely tomentose, with hairs reddish brown (Albany to Nornalup and offshore islands, granite outcrops, W.A.; flowers Dec.)"	"Hakea elliptica"
171	"Leaves 9–27 mm wide; branchlets tomentose or appressed-pubescent, with hairs colourless"	172
172	"Leaves with 3–5 main longitudinal veins above and below; pistil 6.5–10.5 mm long; fruit 21–31 mm long, with apex sometimes recurved (Albany to Esperance and inland to Stirling Ra., W.A.; flowers July–Nov.)"	"Hakea ferruginea"
172	"Leaves with 1–3 main longitudinal veins above and below; pistil 4.5–6 mm long; fruit 16–20 mm long, with apex not recurved (between Pingelly and Katanning, W.A.; flowers Sept.–Oct.)"	"Hakea hastata"
173	"Perianth pink; pistil 9–10.5 mm long; fruit remaining closed on death of a branch or on herbarium specimens (Mt Lesueur to Eneabba, W.A.; flowers Aug.)"	"Hakea neurophylla"
173	"Perianth white, cream or yellow; pistil less than 9 mm long; fruit opening on death of a branch or on herbarium specimens"	174
174	"Pedicels pubescent"	175
174	"Pedicels glabrous"	176
175	"Erect single-stemmed nonsprouting shrub or small tree, 2.4–4.5 m tall; leaves narrowly elliptic to linear, 5–14.5 mm wide (forest areas in coastal areas and tablelands of N.S.W., extending to north-eastern Vic.; flowers Oct.–Jan.)"	"Hakea dactyloides"
175	"Erect bushy lignotuberous shrub, 0.6–2 m tall; leaves obovate-spathulate, sometimes narrowly so, 7–30 mm wide (heaths of central and south coast and tablelands of N.S.W.; flowers Nov.–Jan.)"	"Hakea laevipes"
176	"Branchlets in flowering region glabrous or sparsely appressed-pubescent"	177
176	"Branchlets in flowering region tomentose, often patchily glabrescent"	178
177	"Leaves elliptic to obovate with attenuate base and acuminate apex; flowers 10–16 per inflorescence (Avon Valley to Beverley, W.A.; flowers Aug.–Sept.)"	"Hakea loranthifolia"
177	"Leaves narrowly obovate-elliptic to almost linear with narrowly cuneate base and acute to obtuse apex; flowers 40–70 per inflorescence (Great Dividing Ra. from Daintree to Brisbane, Qld; flowers May–Sept.)"	"Hakea plurinervia"
178	"Fruit prominently beaked; seed wing extending down one side of seed body only; non-sprouting shrubs"	179
178	"Fruit not or obscurely beaked, but apiculate; seed wing extending at least partly down both sides of seed body; resprouting shrubs (north-eastern N.S.W. and south-eastern Qld in higher parts of Great Dividing Ra.; flowers Oct.–Dec.)"	"Hakea laevipes"
179	"Flowers with pedicel shorter than perianth; gland present, functional; leaves not curved (usually in heath or woodland – heath vegetation, Stirling Ra., W.A.; flowers Sept.–Oct.)"	"Hakea ambigua"
179	"Flowers with pedicel longer than perianth; gland absent or vestigial; leaves curved (usually in Eucalyptus marginata woodland, S & W of Stirling Ra., W.A.; flowers Aug.–Sept.)"	"Hakea falcata"
180	"Leaves ascending, not folded almost in half along midrib, in flowering region cordate to depressed-circular, overlapping and cupped about stem; flowers deep pink (Stirling Ra. to Barren Ra., W.A.; flowers May–Nov.)"	"Hakea cucullata"
180	"Leaves downturned, folded almost in half along midrib, in flowering region very broadly ovate to cordate or broadly ovate-acuminate; margins entire or sharply toothed; flowers white, rarely pale pink"	181
181	"Leaf margin entire or almost so (often very finely denticulate or crenulate); leaves elliptic to ovate in non flowering region, broadly ovate-acuminate in flowering region, 1.2–5 cm wide; apex narrowly acute; fruit 11–13 mm long (sand plains Perth to Geraldton and Ravensthorpe to Esperance, W.A.; flowers Aug.–Sept.)"	"Hakea smilacifolia"
181	"Leaf margin sharply crenate-denticulate; leaves very broadly ovate to cordate, 3–7 cm wide; apex acuminate; fruit to 2 cm long (sand plains Gingin to Dongara, N of Perth, W.A.; flowers June–Aug.)"	"Hakea conchifolia"
182	"Leaves rigid, concave and usually whorled in flowering regions; margin entire or toothed; rachis knob-like; inflorescence subtended at base by persistent involucral bracts (W.A.)"	183
182	"Leaves not rigid, flat or terete, not whorled in flowering regions; margin entire; rachis knob-like or elongate; inflorescence not subtended at base by persistent involucral bracts"	187
183	"Leaf margin spinulose-dentate; apex rounded or emarginate; leaves flat and narrowly elliptic in lower parts, almost circular and with cream and red patches in flowering parts, 4–13 cm wide (Fitzgerald River Natl Park, W.A.; flowers July–Oct.)"	"Hakea victoria"
183	"Leaf margin entire or minutely denticulate; apex acute or acuminate to rounded-mucronate; leaves narrowly obovate or elliptic to linear, less than 4 cm wide"	184
184	"Perianth splitting to base between all 4 tepals; flowers 40–56 per inflorescence; pistil 22–23 mm long; gland U-shaped (longitudinal veins 1–3 above, 3–6 below; Ravensthorpe to Israelite Bay, W.A.; flowers Aug.–Nov.)"	"Hakea cinerea"
184	"Perianth splitting to base abaxially only; flowers 12–18 per inflorescence; pistil more than 28 mm long; gland obovoid"	185
185	"Veins coalescing at base into a cream patch which may turn red with age; leaves narrowly obovate to elliptic, 9–38 mm wide; secondary (non-longitudinal) veins conspicuous (Ravensthorpe area, W.A.; flowers July)"	"Hakea acuminata"
185	"Veins not coalescing into a cream or red patch; leaves narrowly obovate, to 14 mm wide; secondary venation obscure"	186
186	"Flowers pale yellowish green proximally, deep yellow distally; multi-stemmed, lignotuberous shrub (sand heaths N of Perth, W.A.; flowers July–Sept.)"	"Hakea eneabba"
186	"Flowers pale yellowish green throughout; ?single-stemmed, non-sprouting shrub (Stirling Ra. to Israelite Bay, inland to Lake King, W.A.; flowers May–Sept.)"	"Hakea corymbosa"
187	"Leaves flat, appearing petiolate; inflorescence a spherical or subspherical umbelliform raceme of 40–200 flowers, often on old wood (perianth pink; pistil 14–21 mm long; W.A.)"	188
187	"Leaves flat, trigonous or terete, not petiolate; inflorescence an umbelliform or long simple raceme of 6–500 flowers, not spherical, rarely on old wood"	190
188	"Fruit not flanged adaxially; leaves 2.3–6 cm wide, acuminate; secondary venation between main longitudinal veins prominent (inflorescence axillary or on bare wood below leaves; granite outcrops, Wongan Hills to Darling Ra. and SE beyond Hyden, W.A.; flowers Mar.–July)"	"Hakea petiolaris"
188	"Fruit flanged (sometimes only narrowly) adaxially; leaves 0.6–2.9 cm wide, obtuse to acute; secondary venation between main longitudinal veins usually obscure"	189
189	"Leaf base narrowly attenuate; leaves 7–21 cm long, with 3–7 veins; inflorescence in axils of current growth; branchlets glabrous by flowering (Dumbleyung to Stirling Ra., E to Mt Ragged, W.A.; flowers Apr.–Aug.)"	"Hakea laurina"
189	"Leaf base narrowly cuneate; leaves 3–10 cm long, with 3 longitudinal veins; inflorescence on bare nodes below leaves, rarely axillary; branchlets densely appressed-sericeous at flowering (Fitzgerald R. area, W.A.; flowers May–Sept.)"	"Hakea obtusa"
190	"Rachis knoblike; leaves flat or terete and then 3–12-grooved longitudinally (sulcate); seed wing encircling body or extending fully or partly down both sides of body"	191
190	"Rachis elongate; leaves flat; seed wing extending down one side of seed body only"	219
191	"At least some leaves terete or subterete"	192
191	"Leaves flat, trigonous or otherwise angular in cross-section; no terete leaves present"	202
192	"Terete or subterete leaves with at least 5 angles, grooves or striations longitudinally (thick flat leaves sometimes also present)"	193
192	"Terete or subterete leaves with obscure longitudinal venation or obscurely 3-angled (trigonous or flat leaves sometimes also present)"	200
193	"Leaves finely striated with 12 longitudinal veins all around; inflorescences borne on bare wood below leafy parts (rarely among leaves); perianth mauve (inland south-western W.A.)"	"Hakea subsulcata"
193	"Leaves with fewer than 12 longitudinal veins, angles or grooves; inflorescences borne among leaves"	194
194	"Leaves 10-sided at least in distal half, flat or shallowly concave between the angles (hexagonal in proximal half) (inland south-western W.A.)"	"Hakea meisneriana"
194	"Leaves with fewer than 10 longitudinal veins, angles or grooves"	195
195	"Leaves with 5 deep narrow longitudinal grooves (much narrower than the broad intervening faces they separate) (inland south-western W.A.)"	"Hakea invaginata"
195	"Leaves with 5 or more shallow to deep but broad longitudinal grooves or concavities (broader than the angles they separate)"	196
196	"Leaves with convex faces or shallowly grooved longitudinally, pentagonal to heptagonal in cross-section"	197
196	"Leaves deeply but openly grooved longitudinally, stellate-pentagonal or hexagonal in cross-section"	199
197	"Fruit scarcely woody, 0.8 cm or less in length, 0.35 cm or less in width; inflorescences with 14 or fewer flowers (thick flat leaves sometimes also present) (south-western W.A.)"	"Hakea sulcata"
197	"Fruit woody, at least 1.7 cm long and 0.8 cm wide; inflorescences with at least 18 flowers"	198
198	"Inflorescences with 50–70 flowers; perianth cream, ageing pink to orange-pink; pistil 13–15 mm long (Mt Ragged, W.A.)"	"Hakea scoparia"
198	"Inflorescences with 18–20 flowers; perianth bright pink; pistil 6.5–8 mm long (inland south-western W.A.)"	"Hakea rigida"
199	"Leaves with longitudinal veins 5 all around; inflorescences umbelliform racemes with 50–70 flowers; pistil 13–15 mm long; fruit 1.7–2.6 cm long (inland south-western W.A.)"	"Hakea scoparia"
199	"Leaves with longitudinal veins 6 all around; inflorescences moderately elongate racemes with 24–34 flowers; pistil 8.5–9.5 mm long; fruit 1.1–1.4 cm long (sand plains N of Perth and scattered inland, W.A.)"	"Hakea gilbertii"
200	"Flowers opening steel blue; fruit covered with prickles; pistil 10.5–11.8 mm long (south-western W.A.)"	"Hakea lehmanniana"
200	"Flowers opening cream-white; fruit without prickles; pistil 7 mm long or less"	201
201	"Branchlets densely sericeous at flowering time; fruit 12–20 mm wide; seed 12–20 mm side; wing encircling ±centred seed body (Lake King, W.A.)"	"Hakea cygna"
201	"Branchlets glabrous by flowering time; fruit 2–13 mm wide; seed 3.5–6 mm wide; wing extending relatively narrowly down both sides of body (which is not centred) (southern S.A. and western Vic.)"	"Hakea mitchellii"
202	"Branchlets villous (sometimes additionally appressed-pubescent) or tomentose (hairs not appressed)"	203
202	"Branchlets sericeous or appressed-pubescent, sometimes (evenly or patchily) glabrescent to glabrous by flowering time"	207
203	"Branchlets moderately to densely villous; (sometimes additionally appressed-pubescent)"	204
203	"Branchlets tomentose"	205
204	"Branchlets densely villous; leaves flat to trigonous, linear, rigid; perianth cream-white; pistil 6.5–9 mm long (sand plains N of Perth, W.A.)"	"Hakea costata"
204	"Branchlets moderately villous and appressed-pubescent; leaves flat, elliptic to broadly elliptic, not markedly rigid; perianth deep pinkish-red; pistil 13–18 mm long (near Perth, and scattered localities to the N & E, W.A.)"	"Hakea myrtoides"
205	"Flowers opening steel-blue; fruit covered with prickles; pistil 10.5–11.8 mm long; leaves not twisted at base (south-western W.A.)"	"Hakea lehmanniana"
205	"Flowers opening cream; fruit without prickles; pistil 4–6 mm long; leaves twisted through 90º at base"	206
206	"Plant non-sprouting; leaves 1.5–4 mm wide with 1–3 prominent longitudinal veins; inflorescences with 6–18 flowers (Vic. to southern N.S.W. and islands of Bass Strait)"	"Hakea ulicina"
206	"Plant resprouting from a lignotuber and often suckering from horizontal roots; leaves 3–12 mm wide with 3–5 (rarely 7) prominent longitudinal veins; inflorescences with 10–36 flowers (south-eastern S.A. to Vic.)"	"Hakea repullulans"
207	"Flowers 50–80 per inflorescence; pistil 13–16 mm long; pedicels mauve or purple (south-western W.A.)"	"Hakea pycnoneura"
207	"Flowers fewer than 40 per inflorescence; pistil less than 12 mm long; pedicels cream-white, pink or blue but not mauve or purple"	208
208	"Pistil 10.5–11.8 mm long; fruit with prickles 1–6 mm long; flowers opening steel-blue, fading almost white (south-western W.A.)"	"Hakea lehmanniana"
208	"Pistil less than 10 mm long; fruit without prickles (or fruit not formed (H. aenigma )); flowers variously coloured, never blue"	209
209	"Branchlets glabrous or almost so by flowering time"	210
209	"Branchlets with sericeous or appressed pubescence persisting at least patchily until flowering time"	211
210	"Leaves twisted at base and often spirally twisted or curled along their length; fruit obliquely narrowly ovate to almost linear, 2.8–3 cm long (south-western W.A.)"	"Hakea stenocarpa"
210	"Leaves not twisted at base or distally, not curled; fruit ellipsoidal to ovoid, 1.2–2.5 cm long (southern S.A., and western Vic.)"	"Hakea mitchellii"
211	"Plant resprouting and suckering from a horizontal root system; flowers sterile (though fully formed); fruit not formed (restricted to W plateau of Kangaroo Is., S.A.)"	"Hakea aenigma"
211	"Plant non-sprouting or resprouting but without a suckering horizontal root system; flowers generally fertile; fruit generally formed"	212
212	"Leaves 20 cm long or more"	213
212	"Leaves less than 20 cm long"	214
213	"Flowers 4–6 per inflorescence; gland absent; fruit obliquely elliptic (southern Blue Mtns, N.S.W.)"	"Hakea dohertyi"
213	"Flowers 8–24 per inflorescence; gland present; fruit obliquely narrowly ovate-elliptic (Flinders & Mt Lofty Ra. & SE Region, S.A.)"	"Hakea carinata"
214	"Fruit scarcely woody, 0.8 cm long or less, 0.35 cm wide or less"	"Hakea sulcata"
214	"Fruit woody, at least 1.2 cm long, at least 0.5 cm wide"	215
215	"Leaves twisted through 90º at base"	216
215	"Leaves not twisted through 90º at base"	217
216	"Leaves oblong elliptic to narrowly obovate, with only marginal vein and midvein prominent (above & below); perianth cream-white"	"Hakea marginata"
216	"Leaves linear to narrowly obovate, with 2 lateral longitudinal veins prominent at least below, in addition to marginal veins and midvein; perianth pink or white"	"Hakea erecta"
217	"Branch supporting fruit markedly thickened; fruit obliquely ovate-elliptic; longitudinal veins (excluding prominent marginal veins) only faintly visible on underside of leaf; seed with wing encircling the ±centred body"	"Hakea cygna"
217	"Branch supporting fruit not markedly thickened; fruit obliquely narrowly ovate-elliptic or obovate-elliptic; at least the midvein, and sometimes further longitudinal veins, prominent on underside of leaf; seed with terminal wing extending only ±narrowly down each side of body"	218
218	"Perianth bright pink; pistil 6.5–8 mm long; fruit obovate-elliptic, 1.0–1.2 cm wide (Campion–Wialki–Kalgoorlie, W.A.)"	"Hakea rigida"
218	"Perianth cream-white; pistil 3–6 mm long; fruit obliquely narrowly ovate-elliptic, 0.6–1.1 cm wide (Flinders & Mt Lofty Ra. & SE Region, S.A.)"	"Hakea carinata"
219	"Leaves less than 3 mm wide"	220
219	"Leaves more than 3 mm wide"	221
220	"Rachis 3–3.5 cm long, densely hirsute; flowers c. 100; pedicel and perianth sparsely pubescent; gland obovoid (Ambathala Ra. area, south-western Qld; flowers Apr.)"	"Hakea maconochieana"
220	"Rachis 8.5–13.5 cm long, glabrous; flowers 250–450; pedicel and perianth glabrous; gland a semi-annular collar (Geraldton area, W.A.; flowers May–Oct.)"	"Hakea bucculenta"
221	"Flowers cream (fruit prominently beaked; rachis 2–6 cm long, glabrous; Merredin, south-western W.A. to ranges of central Australia; flowers Sept.–Oct.)"	"Hakea minyma"
221	"Flowers red or pink"	222
222	"Rachis 5–9 cm long; flowers 150–500 (fruit prominently beaked; sand areas from Geraldton to Hyden in W.A. across to Eyre Penin. and Birksgate Ra., S.A.; flowers July–Oct.)"	"Hakea francisiana"
222	"Rachis 1–5 cm long; flowers 50–150"	223
223	"Rachis glabrous; leaf veins 9–25; pistil 17–22 mm long; fruit doubly keeled along ventral suture, usually prominently beaked (area bounded by Wongan Hills, Esperance and Coolgardie, W.A.; flowers June–Sept.)"	"Hakea multilineata"
223	"Rachis densely tomentose; leaf veins 5–9; pistil 13–16 mm long; fruit not keeled along ventral suture, not or scarcely beaked (Macdonnell Ra., N.T.; flowers Mar.–Aug.)"	"Hakea grammatophylla"
