from	statement	to
1	"Leaves opposite, sessile, cordate at base"	"Dendrophthoe homoplastica"
1	"Leaves usually displaced-opposite or alternate, petiolate, not cordate at base"	2
2	"Fruit warted; inflorescence usually 2-flowered, rarely 1- or 3-flowered"	"Dendrophthoe acacioides"
2	"Fruit smooth; inflorescence several-flowered"	3
3	"Leaves dorsiventral, usually thin; hosts usually rainforest trees"	"Dendrophthoe curvata"
3	"Leaves isobilateral, usually leathery; hosts usually trees of open forest"	4
4	"Ovary glabrous or with sparse white indumentum"	"Dendrophthoe glabrescens"
4	"Ovary white- or brown-tomentose"	5
5	"Calyx prominently toothed; tomentum white"	"Dendrophthoe odontocalyx"
5	"Calyx entire or weakly toothed; tomentum brown"	"Dendrophthoe vitellina"
