from	statement	to	shortcut
1	"Small to medium height trees in adult stages; leaves usually appearing whorled at the ends of branches, marked heterophylly may be present"	2	
1	"Shrubs, scramblers, climbers to 3 m; leaves mostly clustering or alternate, heterophylly if present not markedly so"	6	
2	"Spinescent short shoots present in most developmental stages; new stems often scabrid with rigid hair bases"	3	
2	"Spinescent short shoots mostly absent; new stems ridged or smooth without scabrid surfaces"	4	
3	"Fruit flattened, purse-shaped, loculicidally and part septicidally dehiscent; seeds flat, dry and often winged"	Bursaria	
3	"Fruit globose-cylindrical, indehiscent or loculicidally dehiscent only; seeds chunky, immersed in resin and not winged"	Pittosporum	
4	"Monoecious; fruit prominently bilocular with a septal depression (tetragonal), about as wide as long; seeds dry, not immersed in resin"	5	
4	"Mainly dioecious trees and shrubs; fruit unilocular without septal depressions, shape more cylindrical or ovate; seeds always immersed in viscid resin"	Pittosporum	
5	"About ten flowers in a lax umbel; petals to 40 mm long, cohering in a floral tube; flowers undergo bicoloured colour change with sex phase change; fruit brown, thick, leathery with numerous flat, red-brown seeds with a 4 mm surrounding wing"	Hymenosporum	"Hymenosporum flavum"
5	"Numerous flowers in corymbose panicles; petals to 10–12 mm long, spreading from the base, not cohering; flowers without pronounced colour changes; fruit pithy, red-orange with several angular, glossy black seeds without wings"	Auranticarpa	
6	"Shrubs, not overtly rhizomatous; sometimes initially erect but scandent in later adult stages; fruit spindle shaped or cylindrical"	7	
6	"Rhizomatous shrubs, erect or sprawling/procumbent, never scandent; fruit about as wide as long"	9	
7	"Flowers irregular or zygomorhic; fruit capsular with seeds intermeshing into one row"	8	
7	"Flowers regular; fruits indehiscent berries or berry-like, seeds inserted in two rows in each loculus"	Billardiera	
8	"Anthers much shorter than filaments, clustered at differing heights into a group opposite petal break; seeds mostly lozenge shaped or round"	Marianthus	
8	"Anthers about same length as or longer than filaments, aligned in a row facing the curving pistil; seeds globose"	Cheiranthera	
9	"Branches erect; spinescent short shoots sometimes present"	10	
9	"Branches and stems rapidly procumbent, just above or just below the soil surface; spinescent short shoots absent"	11	
10	"Shrubs to 2–3 m; numerous tiny (4–8 mm) white flowers; petals spreading from the base; fruit flat, purse shaped"	Bursaria	
10	"Shrubs to 20 cm; single large pendulous green flower; petals >10 mm, cohering; fruit variable but not flat"	Bentleya	
11	"Leaves either clustering or alternate and two ranked, often apically tri-lobed; flowers white tinged pink; petals glabrous, spreading from the base; stamens not longer than petals"	Rhytidosporum	
11	"Leaves in simple basal rosettes, not apically tri-lobed; flowers green-yellow; petals very hairy, not spreading; stamens strongly exserted, much longer than petals"	Bentleya	
