from	statement	to
1	"Flowers predominantly 5-merous"	2
1	"Flowers predominantly 4-merous"	9
2	"Branchlets densely hairy"	3
2	"Branchlets becoming glabrous to slightly sericeous"	4
3	"Peduncles 2-7 mm long; midrib of upper leaf surface raised slightly; oil glands absent on upper leaf surface; oil glands on lower surface sparse"	"Gossia inophloia"
3	"Peduncles 2 mm or less long; midrib of upper leaf surface flush; oil glands visible on upper surface; oil glands on lower surface common"	"Gossia pubiflora"
4	"Bark of trunk generally very smooth"	5
4	"Bark of trunk usually somewhat rough"	6
5	"Oil glands on upper leaf surface usually abundant; petiole usually channeled, often deeply so; calyx lobes whitish or greenish white"	"Gossia bidwillii"
5	"Oil glands on upper leaf surface sparse to common; petiole smooth above to sUghtly channeled (rarely deeply so); calyx lobes greenish"	"Gossia acmenoides"
6	"Adaxial midrib of leaf raised"	7
6	"Adaxial midrib of leaf flush"	8
7	"Branchlets winged"	"Gossia gonoclada"
7	"Branchlets wingless"	"Gossia hillii"
8	"Leaf tip (see Methods) pointed; stipules ochreate, short and generally faint, sheathing the branchlet of younger leaves; midveins of abaxial leaf reddish brown; oil glands on abaxial leaf visible only with magnification; hairs on petals ferrugineous; anther sacs sometimes with minute oil glands"	"Gossia lewisensis"
8	"Leaf tip rounded; ochreate stipules absent; midveins of abaxial leaf greenish; oil glands on abaxial leaf visible without magnification; hairs on petals whitish; anther sacs without minute oil glands"	"Gossia punctata"
9	"Abaxial leaf surface glossy"	10
9	"Adaxial leaf surface usually matte"	16
10	"Branchlets winged or quadrangular"	11
10	"Branchlets flattened or terete"	12
11	"Leaf apex refuse; base cun?ate to rounded"	"Gossia retusa"
11	"Leaf apex acute to acuminate; base cuneate"	"Gossia floribunda"
12	"Stipules absent (check closely); bracteoles absent on most flowers; petioles (dried material) black or nearly so"	"Gossia grayi"
12	"Stipules present; bracteoles present on most flowers (except mostly absent on G. bamagensis); petioles (dried material) light or dark but never black"	13
13	"Oil glands on adaxial leaf surface visible without magnification"	14
13	"Oil glands on adaxial leaf surface visible only with magnification"	15
14	"Branchlets puberulous; leaves often silvery-green above; fruit orangish yellow, turning red at maturity; bark rough, fissured or flaky"	"Gossia fragrantissima"
14	"Branchlets glabrous; leaves usually dark green above; fruit red to dark blue to black (at maturity); bark smooth"	"Gossia lucida"
15	"Oil glands on abaxial leaf surface often visible without magnification; bracteoles below flowers absent (rarely 1 or 2) or as undifferentiated protrusions; oil glands on petals fewer than 30"	"Gossia bamagensis"
15	"Oil glands on abaxial leaf surface not or only barely visible (even at lOx); bracteoles below flowers usually two; oil glands on petals 100-175"	"Gossia shepherdii"
16	"Longer leaf blades mostly 10-20 cm long; innermost intramarginal veins on abaxial leaf surface 4-14 mm from margin"	"Gossia dallachiana"
16	"Longer leaf blades usually less than 10 cm long; innermost intramarginal veins on abaxial leaf surface 4 mm or less from margin"	17
17	"Leaf tip rounded, sometimes refuse or mucronate, rarely falcate"	"Gossia sankowskiorum"
17	"Leaf tip obtuse to acuminate"	18
18	"Branchlets quadrangular (check closely)"	19
18	"Branchlets terete or somewhat flattened"	20
19	"Petioles 1.5-4.5 mm long, distinctly channeled; leaf blades 1.5-7.5 cm long, 1.0-4.0 cm wide, base cuneate, apex mostly acuminate; inflorescence a monad borne on pubescent short shoots; filaments glabrous"	"Gossia floribunda"
19	"Petioles 1.0-1.5 mm long, unchanelled or only slightly so; leaf blades 1.7-3.2 cm long, 0.9-1.6 cm wide, base rounded to slightly cordate, apex obtuse to acute; inflorescence a monad or consisting of 2 flowers on glabrous peduncles; filaments sparsely sericeous"	"Gossia byrnesii"
20	"Stipules absent (check closely); bracteoles absent on most flowers; petioles (dried material) black or nearly so"	"Gossia grayi"
20	"Stipules present; bracteoles present on most flowers; petioles light to dark but never black"	21
21	"Oil glands of adaxial leaf surface visible without magnification"	"Gossia lucida"
21	"Oil glands of adaxial leaf surface not visible or requiring magnification"	22
22	"Leaf apex obtuse (or sometimes slightly acuminate)"	"Gossia macilwraithensis"
22	"Leaf apex acuminate with a rounded or acute tip"	23
23	"Trunk not fluted or buttressed; bark rough, scaly or somewhat fissured; petioles at least slightly channeled; oil glands abundant on adaxial and abaxial leaf surfaces (use magnification); hypanthium 1.0-2.5 mm long; calyx lobes 0.7-2.5 mm long, upper surface sparsely sericeous near margins; petals 2.5-5.5 mm long"	"Gossia myrsinocarpa"
23	"Trunk sometimes fluted or buttressed; bark smooth, thin; petioles usually unchannelled; oil glands on adaxial leaf surface sparse (use magnification) but common on abaxial surface; hypanthium 1.7-4.5 mm long; calyx lobes 1.8-3.0 mm long, upper surface sericeous to densely sericeous; petals 4.0-9.5 mm long"	"Gossia shepherdii"
