from	statement	to
1	"Stipules spinescent, spreading or recurved and up to 1 cm long"	"Templetonia aculeata"
1	"Stipules not spinescent"	2
2	"Plant leafy, the leaves simple, unifoliolate or digitately to pinnately 3-5-foliolate"	3
2	"Plant appearing leafless, the leaves reduced to scales up to 1 mm long"	7
3	"Leaves simple"	4
3	"Leaves unifoliolate or digitately to pinnately 3-5-foliolate"	6
4	"Flowers red (very occasionally white or yellow); standard elliptic, 2.7-3.4 cm long; pods 3.5-8 cm long; leaves broadly obovate to almost rotund or narrowly cuneate-oblong to oblanceolate, 0.3-2.6 cm wide"	"Templetonia retusa"
4	"Flowers yellow and brown or purplish-brown; standard orbicular, 0.95-1.6 cm long; pods 1.6-3 cm long; leaves narrow-oblong to slightly obovate- or linear-oblong, 0.2-0.55 (-0.7) cm wide"	5
5	"Stems erect, prostrate or straggling; leaves (0.8-)1.8-5(-7) cm long; pods obliquely oblong-elliptic on a stipe which exceeds the calyx; occurs in SE. South Australia and the eastern States"	"Templetonia stenophylla"
5	"Stems erect; leaves (0.45-)0.7-2.2(-3.8) cm long; pods oblong, on a stipe as long as or just exceeding the calyx; confined to Western Australia"	"Templetonia neglecta"
6	"Leaves unifoliolate; petiole distinctly sulcate adaxially; lamina ovate to narrow- elliptic or obovate-oblong; flowers on pedicels up to 0.75 cm long"	"Templetonia drummondii"
6	"Leaves unifoliolate or digitately to pinnately 3-5-foliolate; petiole not as above; leaflets linear-terete to filiform; flowers on filiform pedicels 2-2.5 cm long"	"Templetonia hookeri"
7	"Stems terete"	8
7	"Stems distinctly flattened"	"Templetonia sulcata"
8	"Slender shrub to 3 m high, branches lax, not terminating in pungent points; style slender, with a small stigma; pods 1.3-2.6 x 0.6-1 cm; seeds 7.5-10(-13.5) mm long, margin of aril frilly"	"Templetonia egena"
8	"Compact divaricate shrub to 1.4 m high, branches rigid, intricately branched, terminating in pungent points; style short, thickened, with a large flattened stigma; pods 1.2-1.5 x 0.5-0.65 cm; seeds 4.8-5 mm long, margins of aril deeply incised"	"Templetonia battii"
