from	statement	to	shortcut
1	"Corolla lobes geniculate with a line of hairs at knee only"	2	
1	"Corolla lobes spreading from base, straight or evenly recurved with hairs present or absent at base of corolla lobes"	6	
2	"Capsule subglobose or turbinate-obovoid, not markedly longer than broad"	3	
2	"Capsule obloid or obloid-ellipsoidal, markedly longer than broad"	4	
3	"Flowers in subsessile fascicles; leaves linear, narrow elliptic or oblanceolate, 15-35 mm long, 1-8 mm wide. WA, NT"	"Oldenlandia spermacocoides"	
3	"Flowers in pedunculate lax cymes; peduncles 1-3 cm long; leaves elliptic or oblong-elliptic, 15-60 mm long, 5-20 mm wide. Qld"	"Oldenlandia biflora"	
4	"Herbs to 20 cm tall; branchlets stout, tetragonous or tetraquetrous; corolla with tube 1.0-1.5 mm long and lobes 3.0-6.5 mm long; capsule obloid, 3.5-6.0 mm long, 3.5-4.5 mm wide; seeds cerebriform. WA"	"Oldenlandia crouchiana"	
4	"Herbs to 40 cm tall; branchlets terete or obtusely 4-angled, somewhat tetragonous when young; corolla with tube 0.5-1.0 mm long and lobes 2.0-4.5 mm long; capsule ellipsoidal or obloid-ellipsoidal, 2.5-5.0 mm long, 1.5-3.0 mm wide; seeds obconic or somewhat scutelliform"	5	
5	"Seeds depressed obconic, shallowly obtriangular in outline; hilum near centre of ventral surface. WA, NT, Qld"	"Oldenlandia argillacea"	
5	"Seeds somewhat scutelliform, broadly elliptic in outline; hilum on longitudinal ridge on ventral surface. Qld"	"Oldenlandia coerulescens"	
6	"Throat of corolla tube densely bearded or with a distinct line of hairs at base of corolla lobes"	7	
6	"Throat of corolla tube glabrous or tube internally hairy without distinct line of hairs at throat"	11	
7	"Seeds scutelliform; hilum on longitudinal ridge on ventral surface"	8	
7	"Seeds cerebriform, obconic or truncate obconoidal, never scutelliform; hilum near centre of ventral surface"	9	
8	"Flowers on unequal, stout pedicels; capsule depressed obovoid, deeply furrowed along dissepiment; beak emarginate; ovules 2 to 6 per locule. WA, NT"	"Oldenlandia pterospora"	
8	"Flowers on +/- equal, slender pedicels; capsule subglobose, ovoid-globose or depressed obovoid, slightly furrowed at dissepiment; beak rounded or truncate; ovules more than 10 per locule. WA, NT, Qld"	"Oldenlandia mitrasacmoides"	
9	"Corolla tube less than 2 mm long"	10	
9	"Corolla tube longer than 3 mm. NT"	"Oldenlandia thysanota"	
10	"Prostrate or decumbent herbs, occasionally forming a mat; flowers axillary, either solitary or in 2- to 7-flowered umbel-like corymbs. WA, NT, Qld"	"Oldenlandia corymbosa"	
10	"Weakly ascending herbs; flowers terminal, in irregular dichasially branched cymes. WA"	"Oldenlandia kochiae"	
11	"Flowers in lax terminal cymes"	12	
11	"Flowers axillary, either solitary or in subsessile or pedicellate fascicles"	16	
12	"Capsule obloid-ellipsoidal, 5-10 mm long; corolla lobes spathulate, 6-8 mm long. Qld"	"Oldenlandia spathulata"	
12	"Capsule globose to subglobose, less than 4 mm diameter; corolla lobes 1-4 mm long"	13	
13	"Decumbent herbs; branchlets rooting at nodes; flowers not protandrous; seeds obconic, laterally compressed. Qld"	"Oldenlandia subulata"	
13	"Erect or ascending herbs; branchlets not rooting at nodes; flowers protandrous; seeds truncate obconoidal"	14	
14	"Plants to 50 cm tall; leaves to 6 cm long; corolla tube longer than 6 mm; capsule 2-3 mm diameter. WA, NT"	"Oldenlandia largiflorens"	
14	"Plants to 30 cm tall; leaves 1-4 cm long; corolla tube less than 5 mm long or if longer then the capsule 1.5-2.0 mm diameter"	15	
15	"Corolla infundibuliform; staminal filaments 0.5-1.0 mm long; calyx lobes 0.5-1.5 mm long. NT"	"Oldenlandia leptocaulis"	
15	"Corolla hypocrateriform; staminal filaments 0.2-0.5 mm long; calyx lobes 0.5-1 mm long. WA, NT, Qld"	"Oldenlandia laceyi"	
16	"Flowers solitary in leaf axils or if more than one, with rudiments of a branchlet between them; leaf apex acute, never with mucro"	17	
16	"Flowers in subsessile axillary or terminal fascicles or if solitary then leaf apex mucronate"	20	
17	"Indumentum on stems and leaves retrorse. WA"	"Oldenlandia delicata"	
17	"Indumentum, if present, on stems and leaves erect or antrorse"	18	
18	"Capsule subglobose, 2.5-3.5 mm diameter; beak broad, calyx lobes 2-3 mm long; corolla infundibular to campanulate with tube 1.5-3.5 mm long. Qld"	19	
18	"Capsule ovoid-globose, 1.5-3.0 x 1.0-3.0 mm, slightly compressed; beak narrow; calyx lobes 1.0-1.5 mm long; corolla tubular to narrow infundibular, with tube 0.5-1.5 mm long. WA, NT, Qld"	"Oldenlandia galioides"	
19	"Pedicels slender, 6-25 mm long, papillose. Qld"	"Oldenlandia subulata"	
19	"Pedicels stout, 2-10 mm long, glabrous. NT, Qld"	"Oldenlandia tenuifolia"	
20	"Low spreading herbaceous perennial; stems much branched, becoming woody with age; flowers terminal in fascicles of 2-8 or solitary; pedicels 3-6 mm long. Qld"	"Oldenlandia polyclada"	
20	"Procumbent annual; stems sparingly branched; flowers axillary in subsessile cymes; pedicels to 1 mm long. Qld"	"Oldenlandia tenelliflora"	"Oldenlandia tenelliflora var. papuana"
