from	statement	to
1	"Leaflets in 2–4 pairs, ovate to cordate, sometimes subfalcate; fruit 6–8 cm diam.; tree of rocky coasts and sand, not mangrove, with neither conspicuous buttresses nor pneumatophores"	"Xylocarpus rumphii"
1	"Leaflets in usually 1–3 pairs, obovate to elliptic or lanceolate, with apex acute or rounded to obtuse; fruit 6–25 cm diam.; tree of mangrove with either conspicuous buttresses or pneumatophores"	2
2	"Leaflets elliptic-oblong or lanceolate to oblanceolate, acute to obtuse; thyrses usually 3–8 cm long, usually with distinct main axis; fruit 6–11 cm diam.; buttresses not ribbon-like; pneumatophores erect, pointed"	"Xylocarpus moluccensis"
2	"Leaflets obovate or elliptic, in mature plants obtuse to emarginate, coriaceous; thyrses (1–) 3–6 cm long, often without distinct main axis; fruit 12–25 cm diam.; buttresses flattened, ribbon-like, spreading across mud; pneumatophores absent"	"Xylocarpus granatum"
