from	statement	to
1	"Leaves opposite"	2
1	"Leaves whorled"	3
2	"Leaves with secondary veins 12–20 each side of midrib"	"Alstonia constricta"
2	"Leaves with secondary veins 35–42 each side of midrib"	"Alstonia linearis"
3	"Leaves with secondary veins 23–45 each side of midrib"	4
3	"Leaves with secondary veins 14–20 each side of midrib"	5
4	"Leaf lamina lanceolate"	"Alstonia actinophylla"
4	"Leaf lamina elliptic to elliptic-lanceolate or elliptic-obovate"	"Alstonia scholaris"
5	"Secondary veins 14–18 each side of midrib; leaves drying black"	"Alstonia muelleriana"
5	"Secondary veins 18–20 each side of midrib; leaves not drying black"	"Alstonia spectabilis"
