from	statement	to
1	"Prophyll below spikelet absent; spikelets 12–22 mm long, with 10–14 glumes and 4 bisexual flowers; perianth absent; anthers 7–10 mm long"	"Ammothryon grandiflorum"
1	"Prophyll below spikelet present; spikelets 2.8–25 mm long, with 4–9 glumes and 1–3 bisexual flowers; perianth present or absent; anthers 0.8–6.5 mm long"	2
2	"Culms with 5–10 nodes below the inflorescence; caudex present; inflorescence 10–35 cm wide, branches arcuate; rachilla curved around nutlet; perianth segments (6)7 or 8, 5–6 mm long"	Xyroschoenus
2	"Culms with 0–5 nodes below the inflorescence; caudex usually absent (present in some Tetraria spp.); inflorescence 0.3–10 cm wide, branches erect to spreading sometimes arcuate in Tetraria); rachilla usually not curved around nutlet (curved in some Morelotia spp.); perianth segments 0, 2 or 6, 0–5 mm long"	3
3	"Leaf lamina reduced, usually <1 cm long (rarely up to 7 cm); involucral bracts reduced, bract-like; inflorescence slender or contracted, panicle-like or head-like, 0.8–15 cm long"	Tricostularia
3	"Leaf lamina well-developed, 4–100 cm long; involucral bracts leaf-like; inflorescence open, elongate or dense, panicle-like or head-like or subglobular, 0.5–1.5 or 5–70 cm long"	4
4	"Culms without nodes; leaf lamina 0.3–0.9 mm wide; inflorescence head-like or subglobular, 0.5–1.5 cm long; branchlets compact, hidden"	Chaetospora
4	"Culms with 0–5 nodes; leaf lamina (0.5–)1–20 mm wide; inflorescence open, elongate or dense, panicle-like, 5–70 cm long; branchlets obvious, erect to spreading"	5
5	"Nutlets ± sessile (shortly stipitate in M. microcarpa, which differs from Tetraria in having a glabrous style base)"	Morelotia
5	"Nutlets distinctly stipitate"	Tetraria
