from	statement	to
1	"Corolla blue or white"	2
1	"Corolla yellow"	5
2	"Leaves opposite"	"Linum catharticum"
2	"Leaves alternate"	3
3	"Styles connate at base only; capsule 7–10 mm diam."	"Linum usitatissimum"
3	"Styles connate for most of length; capsule 4–6 mm diam."	4
4	"Petals white to dark blue; anthers white"	"Linum marginale"
4	"Petals pale blue with darker blue venation; anthers blue"	"Linum bienne"
5	"Leaves entire; inflorescence lax"	"Linum trigynum"
5	"Leaves serrulate; inflorescence dense"	"Linum strictum"
