from	statement	to
1	"Corolla of marginal florets lageniform"	2
1	"Corolla of marginal florets conical or filiform"	3
2	"Coronal pappus 0.02–0.05 mm wide, obscure; leaves glabrescent; marginal florets with several resin globules; pappus bristles always absent; achene hairs usually absent, or rarely 1–4 present at base"	"Sphaeromorphaea australis"
2	"Coronal pappus 0.05–0.08 mm wide, obvious; leaves persistently hairy; marginal florets with few or no resin globules; pappus bristles frequently present; hairs 5–20 at base of achene"	"Sphaeromorphaea harrisii"
3	"Fully expanded leaves sparsely to densely hairy; achenes with several resin globules"	4
3	"Fully expanded leaves glabrous; achenes without resin globules"	5
4	"Leaves dentate or denticulate, teeth present on basal half of leaf; peduncles 2–14 mm long; achenes with 10–40 hairs, mainly at the base"	"Sphaeromorphaea littoralis"
4	"Leaves denticulate, teeth absent from basal half of leaf; peduncles 1.5–3.5 mm long; achene hairs usually absent, or rarely 1–4 present at base"	"Sphaeromorphaea subintegra"
5	"Pappus bristles absent; young stems and leaves sparsely hairy; fertile achenes 0.45–0.7 mm long"	"Sphaeromorphaea ephemera"
5	"Pappus bristles present on some florets; all stems and leaves glabrous; fertile achenes 1.0–1.3 mm long"	"Sphaeromorphaea major"
