from	statement	to
1	"Leaflets 22–50 cm long, 8–20 cm wide; rachis 13–60 cm long"	"Mischocarpus grandissimus"
1	"Leaflets 4–18 cm long, 1–8 cm wide; rachis less than 12 mm long"	2
2	"Leaflets whitish below"	"Mischocarpus albescens"
2	"Leaflets green below"	3
3	"Branchlets, leaves and peduncles ferruginous-villous, rarely glabrous"	4
3	"Branchlets, leaves and peduncles shortly pale brown appressed-hairy or glabrous"	5
4	"Domatia usually prominent; fruit glabrous outside; aril orange; petals present; leaflets usually 2 or 3 pairs"	"Mischocarpus exangulatus"
4	"Domatia usually absent; fruit hairy outside; aril purple; petals absent; leaflets usually 1 pair"	"Mischocarpus lachnocarpus"
5	"Petals present; calyx shortly lobed; filaments hairy; aril orange; fruit glabrous inside; midrib usually sunken in a groove above; reticulation obscure; petiolules 6–25 mm long"	"Mischocarpus pyriformis"
5	"Petals absent; calyx deeply lobed; filaments glabrous; aril purple or blue; fruit villous or glabrous inside; midrib ridged or raised above; reticulation usually distinct; petiolules 4–10 mm long"	6
6	"Domatia prominent, 1 or 2, restricted to base of midrib; lateral nerves decurrent on midrib; valves drying hard and woody, villous inside; leaflets usually 1 pair"	"Mischocarpus anodontus"
6	"Domatia inconspicuous or absent; lateral nerves not decurrent; valves ±crustaceous, glabrous or villous inside; leaflets 1–4 pairs"	7
7	"Domatia absent; leaflets 2–4 pairs; fruit (with stipe) 2–4 cm long, not topped with broad stylar base, glabrous inside"	"Mischocarpus macrocarpus"
7	"Domatia present or absent; leaflets 1–3 pairs; fruit (with stipe) 1–2.4 cm long, topped with broad stylar base, villous inside"	8
8	"Fruit on stipe 3–6 mm long, densely villous inside including septa; leaflets 1 or 2 pairs, usually shiny above"	"Mischocarpus australis"
8	"Fruit on stipe 10–22 mm long, sparsely villous inside, septa glabrous; leaflets 2 or 3 pairs, usually vernicose above"	"Mischocarpus stipitatus"
