from	statement	to
1	"Ultimate segments of pinnules flat to revolute or strongly recurved, never pouched"	2
1	"Ultimate segments of pinnules with distinctly pouched undersurface"	4
2	"Undersurface of ultimate segments pale green; rachis bearing red to blackish brown stellate hairs"	"Gleichenia microphylla"
2	"Undersurface of ultimate segments white; rachis glabrous or bearing matted ciliate scales and stellate hairs"	3
3	"Rachis with pale brown to whitish matted scales and hairs; undersurface of ultimate segments glabrous"	"Gleichenia mendellii"
3	"Rachis glabrous or with a few scattered scales; undersurface of ultimate segments with scattered, minute, orange-brown scales"	"Gleichenia rupestris"
4	"Fronds consisting of 2 undivided branches (1 branch pair), lacking dormant vegetative bud in fork"	"Gleichenia abscida"
4	"Fronds consisting of 1 or more tiers of branches with dormant vegetative buds in each fork"	5
5	"Fronds usually more than 15 cm wide; rhizome scales lanceolate"	"Gleichenia dicarpa"
5	"Fronds rarely more than 6 cm wide; rhizome scales rounded"	"Gleichenia alpina"
