from	statement	to
1	"Inflorescence terminal"	2
1	"Inflorescence axillary"	"Sophora longipes"
2	"Leaflets grey to white or brownish tomentose, at least beneath; standard short-stipitate"	"Sophora tomentosa"
2	"Leaflets glabrous or ± puberulous or appressed puberulous; standard long-stipitate"	3
3	"Calyx 3–4 mm long; corolla yellow; standard lamina ovate, 11 mm long, 12 mm wide; seeds dark brown"	"Sophora fraseri"
3	"Calyx 7–8 mm long; corolla mauve and purple; standard lamina obovate, 13 mm long, 6 mm wide; seeds pale brownish"	"Sophora longipes"
