from	statement	to
1	"All sepals free in bud"	2
1	"Outer sepals fused in bud"	7
2	"Flowers large, markedly zygomorphic; sepals more than 15 mm long, posterior sepals deeply saccate"	"Capparis spinosa"
2	"Flowers small, not markedly zygomorphic; sepals less than 15 mm long, posterior sepals not deeply saccate"	3
3	"Stamens less than 12"	"Capparis quiniflora"
3	"Stamens more than 12"	4
4	"Leaves less than 2.5 cm long"	"Capparis sarmentosa"
4	"Leaves more than 2.5 cm long"	5
5	"Flowers solitary or in serial rows"	"Capparis lasiantha"
5	"Flowers umbellate or sub-umbellate"	6
6	"Sepals up to 6 mm long; leaves mostly acute"	"Capparis sepiaria"
6	"Sepals more than 6 mm long; leaves mostly acute"	"Capparis lanceolaris"
7	"Leaves narrowly linear or more than 4 times as long as wide"	8
7	"Leaves otherwise, less than 4 times as long as wide"	10
8	"Petiole less than 2 mm long; thorns present"	"Capparis thozetiana"
8	"Petiole more than 2 mm long; thorns absent on adult branches"	9
9	"Leaves elliptic to obovate, less than 10 cm long"	"Capparis loranthifolia"
9	"Leaves linear or falcate, more than 10 cm long"	"Capparis umbonata"
10	"Leaves small, less than 3 cm long; pubescent, hairs c. 1 mm long"	"Capparis humistrata"
10	"Leaves longer than 3 cm; if hairy, hairs less than 1 mm long"	11
11	"Leaves glossy and red or maroon above"	"Capparis ornans"
11	"Leaves if glossy above not red or maroon"	12
12	"Buds strongly 4–ribbed"	"Capparis canescens"
12	"Buds not strongly ribbed"	13
13	"Inflorescence with at least some collateral pairs of flowers in upper axils"	"Capparis arborea"
13	"Inflorescence of flowers solitary in axils or in terminal pseudo-corymbs"	14
14	"Leaves drying pink"	"Capparis jacobsii"
14	"Leaves drying green or rusty"	15
15	"Flowers in terminal pseudo-corymbs"	16
15	"Flowers axillary"	17
16	"Shrub or tree, pubescent with simple, straight hairs; Australia to Malesia"	"Capparis lucida"
16	"Scrambling or climbing shrub, glabrous; Norfolk Island"	"Capparis nobilis"
17	"Leaves >6.5 cm long"	"Capparis shanesiana"
17	"Leaves <6.5 cm long"	"Capparis mitchellii"
