from	statement	to
1	"Diaspore with an elongated stipe, > 1 mm long"	2
1	"Diaspore with a stipe < 0.7 mm long"	3
2	"Culms robust; leaves cauline, drying flat, often coiled; hairs at raceme junction c. 0.5 mm long"	"Enteropogon ramosus"
2	"Culms slender; leaves basal, drying flat and straight; hairs at raceme junction > 2 mm long"	"Enteropogon paucispiceus"
3	"Number of racemes > 7; culms > 0.9 mm wide just below junction of racemes"	"Enteropogon acicularis"
3	"Number of racemes < 7; culms < 0.9 mm wide"	4
4	"Leaves with pilose abaxial surface, > 2 mm wide"	"Enteropogon pubifolius"
4	"Leaves glabrous abaxially, width varies"	5
5	"Leaves < 1.5 mm wide; racemes usually 1 (–3); awn of basal lemma < 9 mm long"	"Enteropogon unispiceus"
5	"Leaves > 1.5 mm wide; racemes 1 or more; awn of basal lemma > 9 mm long"	6
6	"Lemma of proximal floret < 3.8 mm long; contraligule present; inflorescence culm furrowed or flattened on one side"	"Enteropogon minutus"
6	"Lemma of proximal floret > 3.5 mm long; contraligule usually absent; inflorescence culm circular in cross-section"	7
7	"First floret > 1 mm wide; racemes usually 1–2 (–4)"	"Enteropogon scabrilemma"
7	"First lemma smooth or sparsely scabrid; racemes usually 6"	8
8	"First lemma conspicuously scabrid; widest leaves < 3 mm"	"Enteropogon acicularis"
8	"First lemma smooth or sparsely scabrid; widest leaves c. 6 mm"	"Enteropogon dolichostachyus"
