from	statement	to
1	"Spikelets (excluding awns) 5-10 mm long; lemma with lobes to 2.5 mm  long"	2
1	"Spikelets (excluding awns) 2.5-5 mm long; lemma entire at apex or with lobes to 1.5 mm long"	4
2	"Inflorescence stiffly erect, twice or less than twice as long as broad"	"Echinopogon  intermedius"
2	"Inflorescence nodding or inclined, three or more times longer than broad"	3
3	"Spikelets 7-10 mm long"	"Echinopogon cheelii"
3	"Spikelets 5-7 mm long"	"Echinopogon nutans"
4	"Awns up to 3 mm long or lemma mucronate"	5
4	"Awns 4-15 mm long"	6
5	"Spikelets 2.5-3.5 mm long; lemma with awn to 3 mm long"	"Echinopogon mckiei"
5	"Spikelet 3.5-4 mm long; lemma with a mucro to 1.5 mm long"	"Echinopogon phleoides"
6	"Culms 2-4 noded; tufted; leaf-blades erect"	"Echinopogon caespitosus"
6	"Culms 3-7 noded; rhizotamous; leaf-blades spreading or deflexed"	"Echinopogon ovatus"
