from	statement	to
1	"Leaves with distinct petioles and leaflets (Y-shaped) (widespread in drier areas, central Australia)"	"Zygophyllum aurantiacum subsp. aurantiacum"
1	"Leaves apparently simple and lacking either petiole or leaflets"	2
2	"Leaves flattened, cuneate or obcordate (Victoria Desert, W.A.; L. Eyre, Gairdner-Torrens and Flinders Ra., S.A.; W Qld)"	"Zygophyllum aurantiacum subsp. cuneatum"
2	"Leaves subterete"	3
3	"Leaves simple, entire or bilobed only at very apex, 2 per node (gypseous areas: Simpson Desert, Nullarbor to Gawler Ranges, NW Eyre Penin., S.A.; N.T.)"	"Zygophyllum aurantiacum subsp. simplicifolium"
3	"Leaves bilobed from base, apparently 4 per node (L. Eyre, Gairdner-Torrens and Flinders Ra., S.A.)"	"Zygophyllum aurantiacum subsp. verticillatum"
