from	statement	to
1	"Flowers with filiform appendages on tips of calyx lobes"	2
1	"Flowers without filiform appendages"	3
2	"Leaves triangular-ovate or oblong-ovate; flowers in condensed racemes on older stems; calyx tube greyish white with purple veins; calyx lobes purple on edge, yellow inside [Bellenden Ker Range area, Qld]"	"Pararistolochia australopithecurus"
2	"Leaves oblong-triangular or sagittate; flowers solitary or in 2- or 3-flowered elongated racemes; calyx tube green to greenish yellow with maroon veins; calyx lobes yellow inside [Mt Lewis area, Qld]"	"Pararistolochia sparusifolia"
3	"Plants with straight and hooked hairs on underside of leaves"	4
3	"Plants glabrous or pubescent, but never with hooked hairs"	5
4	"Upper leaves linear-lanceolate, more than 4 times as long as wide; calyx lobes 3–4 mm long; herbaceous vine of woodlands"	"Pararistolochia linearifolia"
4	"Upper leaves not as above, less than 4 times as long as wide; calyx lobes 7–10 mm long; vigorous, slender to robust vine of rainforests"	"Pararistolochia deltantha"
5	"Leaf base truncate or rounded, occasionally oblique; mature leaves glabrous"	"Pararistolochia laheyana"
5	"Leaf base cordate or subcordate; mature leaves ±glabrous above, pubescent on veins below"	6
6	"Calyx cream with rich purplish brown stripes and spots [Atherton and south-eastern Qld, north-eastern N.S.W.]"	"Pararistolochia praevenosa"
6	"Calyx maroon with darker longitudinal or reticulate veins [Iron Ra., Cape York Penin., Qld]"	"Pararistolochia peninsulensis"
