from	statement	to
1	"Stigmas much expanded, sagitate; leaves becoming markedly recurved (Hill River–Watheroo–Perth area)"	"Hemiphora uncinata"
1	"Stigmas small, capitate; leaves usually not recurved or becoming recurved only near the apex"	2
2	"Upper stamens exserted; lower stamens reduced to much shorter staminodes, with a glabrous filament (Sandstone–Menzies–central wheatbelt)"	"Hemiphora elderi"
2	"Upper stamens included; lower stamens usually fertile, if reduced to staminodes then hairy on basal half of filament"	3
3	"Dendritic hairs on leaves with fairly erect branchesl fruit lop-sided, one side abortive, indehiscent (Geraldton area–Busselton area–Lake Grace area)"	"Hemiphora bartlingii"
3	"Dendritic hairs on leaves with mostly horizontal branchesl fruit separating into two equal fruitlets"	4
4	"Stem hairy but soon becoming glabrous; upper leaves hairy on undersurface; style and stamens prominently exserted (West Mt Barren–Cape Arid NP)"	"Hemiphora exserta"
4	"Stem very densely hairy; upper leaves very densely hairy; style and stamens scarcely exserted (Lake Cronin–Lake Johnson–Ravensthorpe Ra.)"	"Hemiphora lanata"
