from	statement	to
1	"Calyx lobes usually pubescent throughout, occasionally with glabrous margin less than 0.5 mm wide; trunk bark grey, fissured, pustular"	"Avicennia marina subsp. australasica"
1	"Calyx lobes pubescent at base, glabrous for much more than 0.5 mm on margins; trunk bark (at least on larger trees) green, chalky smooth, often irregularly flaky"	2
2	"Stigma reaching lower edge of anthers; corolla diam. mostly greater than 5 mm at anthesis; leaf blade ovate-elliptic"	"Avicennia marina subsp. marina"
2	"Stigma ±reaching upper edge of anthers; corolla diam. mostly less than 5 mm at anthesis; leaf blade lanceolate to narrowly lanceolate"	"Avicennia marina subsp. eucalyptifolia"
