from	statement	to
1	"Flowers 4-merous"	2
1	"Flowers 5-merous"	4
2	"Leaves sessile or nearly so; bases cordate to rounded"	"Pilidiostigma sessile"
2	"Leaves petiolate; bases mostly cuneate"	3
3	"Branchlets soon becoming flaky; petioles greenish to brown, 1.5-5 mm long; leaf blades 32-100 mm long; stamens 25-75; filaments tapered at apex beneath anther"	"Pilidiostigma tetramerum"
3	"Branchlets smooth; petioles dark brown or almost black (dried), 4-9.5 mm long; leaf blades 60-190 mm long; stamens up to 140; filaments not tapered at apex beneath anther"	"Pilidiostigma papuanum"
4	"Branchlets shortly sericeous to villous; petioles not winged on upper margins; stipular hairs (younger leaves) absent"	"Pilidiostigma rhytispermum"
4	"Branchlets glabrous; petioles winged on upper margins; stipular hairs (younger leaves) visible with lens"	5
5	"Petioles sometimes densely glandular (especially below); uppermost leaf tip rounded; peduncles 6-21 mm long; hairs on margins of sepal lobes ferruginous; stamens 70-125; anther sacs cylindrical; locule 1, bilobed, placentation parietal"	"Pilidiostigma tropicum"
5	"Petioles eglandular or sparsely glandular; uppermost leaf tip rounded to pointed or sometimes falcate; peduncles 15-35 mm long; hairs on margins of sepal lobes white; stamens 85-250; anther sacs subcylindrical; locules 3, placentation axile"	"Pilidiostigma glabrum"
