from	statement	to
1	"Stems with branched hairs; leaves usually persistent; flowers sessile or very shortly pedicellate; calyx longer than corolla"	2
1	"Stems glabrous or with simple hairs; leaves caducous; flowers pedicellate; calyx shorter than corolla"	3
2	"Stems and leaves grey-hoary with abundant branched hairs, the underlying surface obscured or nearly so by the indumentum; leaf adaxial surface with sparse to dense branched hairs; whole plant greyish in aspect"	"Spartothamnella canescens"
2	"Stems and leaves with scattered branched hairs, the surface clearly visible beneath the indumentum; leaf adaxial surface with simple or very sparingly branched hairs, with scattered branched hairs on the margin only; whole plant with a green aspect"	"Spartothamnella puberula"
3	"Plant glabrous; stems acutely 4-angled, longitudinally striate; pedicel and calyx glabrous"	"Spartothamnella juncea"
3	"Plant grey-puberulous when young, glabrescent; stems obtusely 4-angled, non-striate; pedicel and calyx grey-puberulous"	"Spartothamnella teucriiflora"
