from	statement	to
1	"Stamens inserted below summit of corolla tube and included or barely exserted; filament scarcely enlarged towards the base. Style included to shortly exserted"	2
1	"Stamens inserted at or just below summit of corolla tube, greatly exserted; filament gradually expanding towards the base. Style greatly exserted."	4
2	"Inflorescence with long white or pink to purple hairs giving the flowers a shaggy appearance, each bract subtending 1 flower. Ovary glabrous, with sessile glands on summit. Occurring in Western Australia and Northern Territory"	"Newcastelia cladotricha"
2	"Inflorescence with short white hairs, each bract usually subtending 3 flowers. Ovary hairy on summit, sometimes also with sessile glands. Occurring in Queensland."	3
3	"Corolla tube hairy inside except at the base. Ovary lacking glands"	"Newcastelia interrupta"
3	"Corolla tube hairy inside in basal half but not distal half. Ovary with sessile glands"	"Newcastelia velutina"
4	"Flowers usually 5-merous. Ovary densely glandular throughout, glabrous"	5
4	"Flowers usually 6-8-merous. Ovary either glandular only on the summit or densely hairy at first in upper half (but glabrescent in fruit)"	7
5	"Flowers usually in globular to obloid heads, rarely in dense spikes. Calyx indumentum c. 2 mm long, with two types of hairs of very different size, the large hairs with long antrorse branches"	"Newcastelia cephalantha"
5	"Flowers in short to long, dense or interrupted spikes. Calyx indumentum 0.5-1 mm long; hairs variable in size but not of two distinct types, with short spreading branches"	6
6	"Leaf undersurface with a continuous dense indumentum. Inflorescence of usually more or less continuous spikes, with a white or off-white indumentum"	"Newcastelia spodiotricha"
6	"Leaf undersurface with hairs concentrated along the veins, the interveinal spaces glabrous. Inflorescence of usually distinctly interrupted spikes, with a pink to red indumentum on the calyces"	"Newcastelia roseoazurea"
7	"Leaves very narrowly ovate. Flower heads or spikes subglobular to shortly cylindric, with a bright yellow indumentum and white or lilac corollas. Bracts sessile, very narrowly ovate"	"Newcastelia insignis"
7	"Leaves narrowly ovate to narrowly elliptic. Flower spikes cylindric, with a white or off-white indumentum and purple corollas. Bracts very shortly petiolate, ovate or broadly ovate"	8
8	"Corolla lobes rather suddenly narrowed to apical point. Ovary glabrous, with sessile glands on summit"	"Newcastelia bracteosa"
8	"Corolla lobes very gradually attenuate to apical point. Ovary densely hairy at first in upper half but glabrescent in fruit, also with sessile glands"	"Newcastelia hexarrhena"
