from	statement	to
1	"Seeds with a dorsal groove"	2
1	"Seeds lacking a dorsal groove"	4
2	"Perennial with fibrous roots, often adventitious from nodes; stems diffusely branching, with sterile axillary shoots common, often mat-forming; mature fruiting sepals broad-ovate to suborbicular"	"Sagina procumbens"
2	"Annual with slender, branching tap root; stems erect or ascending, lacking sterile axillary shoots and rarely mat-forming; mature fruiting sepals ovate"	3
3	"Leaves subulate, aristate, at least the upper often basally ciliate; inflorescence often glandular; fruiting sepals spreading, usually distinctly shorter than capsule"	"Sagina apetala"
3	"Leaves linear, obtuse or acute, often mucronulate, but not aristate or ciliate; inflorescence never glandular; fruiting sepals erect, ±equalling capsule"	"Sagina maritima"
4	"Plant glandular-hairy throughout, rarely glabrous; sepals 2–2.5 mm long, with saccate, ±ridged base, slightly shorter than mature capsule; seeds dull, dark reddish brown, bluntly tuberculate, 0.5–0.7 mm long"	"Sagina diemensis"
4	"Plant glabrous; sepals c. 1.5 mm long, with smoothly rounded base, much shorter than mature capsule; seeds glossy, dark brown, grey or black, bluntly colliculate, 0.4–0.5 mm long"	"Sagina namadgi"
