from	statement	to	shortcut
1	"Flowers 6-9-merous; leaves connate in pairs"	Blackstonia	"Blackstonia perfoliata"
1	"Flowers 4- or 5-merous; leaves not or hardly connate"	2	
2	"Style absent or very short"	3	
2	"Style prominent, ±filiform"	4	
3	"Corolla plicate between lobes; anthers basifixed; nectaries below ovary, poorly developed; seeds few"	Gentiana	
3	"Corolla not plicate; anthers versatile; nectaries epipetalous,  well-developed; seeds usually numerous"	Gentianella	
4	"Corolla purple to violet-blue; anthers dehiscing by apical pores; ovary and capsule globose; style curved or bent to left or right"	Exacum	"Exacum tetragonum"
4	"Corolla yellow, pink or white; anthers dehiscing by vertical slits;  ovary and capsule ovoid to cylindrical; style straight"	5	
5	"Flowers always 4-merous; calyx tube distinctly longer than lobes"	6	
5	"Flowers usually 5-merous, rarely 4-merous; calyx tube ±equalling or much shorter than lobes"	7	
6	"Leaves, at least the lower, petiolate; corolla pink"	Canscora	"Canscora diffusa"
6	"Leaves all sessile; corolla yellow"	Cicendia	
7	"Anthers twisted after dehiscence; ovary 1-locular"	8	
7	"Anthers never twisted after dehiscence; ovary 2-locular"	Sebaea	
8	"Inflorescence branchlets mostly of stiffly erect, (2–) 5–9-flowered monochasia; corolla tube narrowly constricted below limb, especially in fruit; mature seeds brownish black, opaque, very coarsely alveolate-rugose"	Schenkia	
8	"Inflorescence branchlets not stiffly erect, not monochasial or if so then rarely more than 2- or 3-flowered; corolla tube not narrowly constricted; mature seeds yellowish, reddish or greyish brown, ±translucent, reticulate"	Centaurium	
