from	statement	to
1	"Inflorescence erect"	2
1	"Inflorescence pendulous"	3
2	"Corolla tube various shades of yellow, red and green, the lobes green; appendages absent from inner surface of the corolla tube (N.S.W., Tas., Vic.)"	"Stenanthera pinifolia"
2	"Corolla red or orange-red throughout; 5 hairy appendages present towards the base of the inner surface of corolla tube (W.A.: N and NE of Esperance)"	"Stenanthera lacsalaria"
3	"Mature leaves with 5–7 (9) veins (several veins usually visible in situ), the mid-vein 0.08–0.2 mm wide, not or scarcely wider than the others, raised or not; basal corolla tube appendages longitudinally aligned, ridge-like (S.A., Vic.)"	"Stenanthera conostephioides"
3	"Mature leaves with 3 veins (only 1 visible in situ, the other two completely concealed within the revolute margins), the mid-vein 0.3–0.4 mm wide, manifestly wider than the two laterals, always strongly raised; basal corolla tube appendages transversely aligned"	4
4	"Anthers 3–3.5 mm long; style 18.8–22 mm long; sepals long-ciliate, the hairs 0.5–1 mm long; petiole 0.5–1 mm long, hairy (W.A.: restricted distribution, E of Pingrup)"	"Stenanthera pungens"
4	"Anthers 1.7–2.2 mm long; style 13–15.5 mm long; sepals ciliolate, the hairs to c. 0.1 mm long; petioles 1.2–1.6 mm long, glabrous (W.A.: restricted distribution, Cascade area)"	"Stenanthera localis"
