from	statement	to
1	"Calyx tube elongate, attenuate at base into a slightly winged pedicel, together with pedicel 11–19 mm long; fruits strongly ridged; leaves thin, slightly membranous when dry"	"Cyclophyllum costatum"
1	"Calyx tube short, cupular, attached to a slender, rounded pedicel, together with pedicel less than 10 mm long; fruits evenly rounded or slightly ridged; leaf blades ± coriaceous when dry"	2
2	"Domatia present on leaf blades, usually conspicuous"	3
2	"Domatia absent on leaf blades or if present, small and inconspicuous"	5
3	"Cymes (2–)5–12-flowered, sessile; branchlets densely covered with exceedingly conspicuous lenticels; leaf blades (6.7–)9–13 cm long"	"Cyclophyllum multiflorum"
3	"Cymes (1or)2–5-flowered, shortly stalked or sessile; branchlets with few, usually inconspicuous lenticels or lenticels absent; leaf blades usually 5.5–9.5 cm long"	4
4	"Corolla 8.5–9 mm long; cymes 2–5-flowered, sessile; leaf blades 5.6–7.7 (–8.3) × 2.7–3.2(–4) cm, usually abruptly acuminate at apex; petioles 3–8 mm long"	"Cyclophyllum protractum"
4	"Corolla 13–14 mm long; cymes (1 or)2–4-flowered, on short peduncles or sessile; leaf blades 5.5–7(–9.5) × (2.2–)3.3–5.2 cm, acuminate or subacute at apex; petioles 5–16 mm long"	"Cyclophyllum longipetalum"
5	"Inflorescences distinctly pedunculate; peduncles (1 or) 2–6 mm long"	6
5	"Inflorescences sessile or with reduced peduncles; peduncles (where present) 0.5–1.5 mm long"	7
6	"Peduncle branched or simple; cymes (2–)7–11(–16)-flowered; leaf blades 8.5–16.2 × 1.8–7.2(–8.2) cm; fruits 8–12 × 16–23 mm, usually obcordiform, broadly 2-lobed distally; corolla 6–9 mm long"	"Cyclophyllum schultzii"
6	"Peduncle simple; cymes 2–7-flowered; leaf blades 3.8–8.2 × 2.1–4.6(–5.2) cm; fruits 8.5–11.5 × c.8.5 mm, transversely ellipsoid, usually depressed distally; corolla 9–10 mm long"	"Cyclophyllum maritimum"
7	"Cymes (4–)7–10-flowered; bracts glabrous; leaf blades usually acuminate or subcaudate at apex, 6.2–14.7 × 2.5–5.5 cm, drying blackish coloured or dark brown on both surfaces"	"Cyclophyllum brevipes"
7	"Cymes (1 or)2–4-flowered; bracts pubescent; leaf blades rounded, obtuse, retuse, subacute or subacuminate at apex, 3.6–11(–13.5) × 1.6–5.2(–6.7) cm, drying dark or greyish brown adaxially, pale grey or yellow green abaxially"	8
8	"Petioles 8–10 mm long; cymes (1–)3–6-flowered; corolla 10–12 mm long, cream to orange or brownish coloured; apex of flower buds and corolla lobes acuminate or rarely obtuse; bracts usually with rusty brown hairs"	"Cyclophyllum rostellatum"
8	"Petioles 4–7 mm long; cymes (1 or )2–4-flowered; corolla 6.5–8(–11) mm long, cream or deep yellow coloured; apex of flower buds and corolla lobes obtuse; bracts with white or pale brown coloured hairs or glabrous"	"Cyclophyllum coprosmoides"
