from	statement	to
1	"Outer floral segments of female flowers awn-like, inner floral segments of female flowers elliptic; leaf sheath 4-10 mm long"	2
1	"Outer floral segments of female flower narrow but not awn-like, inner floral segments of female flowers hair-like; leaf sheath approx. 15 mm long"	"Chaetanthus leptocarpoides"
2	"Leaf blade very short 0.5-1 mm long; inner floral segments of female flowers approx. 2 mm long; male spikelets reddish-brown, 5-11 mm long, floral segments 1-1.5 mm long"	"Chaetanthus aristatus"
2	"Leaf blade 2-3 mm long; inner floral segments of female flowers approx. 1 mm long; male spikelets brown, 4-7 mm long, floral segments very reduced, minute"	"Chaetanthus tenellus"
