from	statement	to
1	"Stem, leaves (lower surface at least) and outside of calyx with hairs modified into peltate scales"	2
1	"Stems, leaves and outside of calyx glabrous or with simple to dendritic hairs, not scaly."	6
2	"Leaves petiolate, 50–130 mm long. Flowers sessile, in axillary clusters of 5 or more. (Qld)"	"Pityrodia salvifolia"
2	"Leaves sessile, 3–45 mm long. Flowers subsessile or petiolate, solitary or in axillary triads."	3
3	"Sepal lobes glabrous or with non-scaly hairs inside"	4
3	"Sepal lobes scaly inside"	5
4	"Scales with a denticulate margin. Leaves elliptic to broadly ovate. Calyx lobes glabrous inside. (Peak Charles area–Truslove–near Mt Ridley, W.A.)"	"Pityrodia chrysocalyx"
4	"Scales with a fringed margin. Leaves obovate or narrowly obovate. Calyx lobes hairy inside. (Latham–Queen Victoria Spring, W.A.)"	"Pityrodia lepidota"
5	"Leaves linear to very narrowly ovate, 15–50 × 1–4 mm. Anthers with obvious basal appendages. (Anketell–Sandstone, W.A.)"	"Pityrodia canaliculata"
5	"Leaves ovate to obovate or narrrowly so, 8–18 × 2.5–6 mm. Anthers with reduced inconspicuous basal appendages. (Tobin Lake–Queen Victoria Spring, W.A.)"	"Pityrodia loricata"
6	"Leaves with sharply toothed margins"	7
6	"Leaves with entire or crenulate margins"	8
7	"Leaves hairy. Corolla mauve or pink-red. (Arnhem Land, N.T.)"	"Pityrodia serrata"
7	"Leaves glabrous. Corolla white. (Cape Londonderry–Kalumburu, W.A.–Gulf of Carpentaria, N.T.)"	"Pityrodia ternifolia"
8	"Leaves conduplicate, sessile, discolorous, almost glabrous on adaxial surface. (Robinson Ra., W.A.)"	"Pityrodia iphthima"
8	"Leaves not conduplicate, differing in at least one of the other character states given above"	9
9	"Leaves obviously petiolate and/or distinctly narrowed at the base. Corolla pink or mauve"	10
9	"Leaves sessile, broad-based. Corolla white."	12
10	"Leaves narrowly elliptic to narrowly ovate, distinctly narrowed at the base; petiole absent or less than 5 mm long. Corolla 18–25 mm long. (Mt Augustus, W.A.)"	"Pityrodia augustensis"
10	"Leaves ovate, broad-based; petiole 5–25 mm long. Corolla 12–18 mm long"	11
11	"Calyx lobes 5–6 mm long. Corolla 12–15 mm long. Anthers 1–1.3 mm long (Cockburn Ra.–Saw Ra.–King Leopold Ra., W.A.)"	"Pityrodia obliqua"
11	"Calyx lobes 7–8 mm long. Corolla 15–18 mm long. Anthers 1.7–2  mm long. (Strelley River area of Pilbara, W.A.)"	"Pityrodia sp. Marble Bar"
12	"Corolla glabrous outside except sometimes in H. hemigenoides, which has the tube about as wide as long. Occurring in Western Australia."	13
12	"Corolla hairy on the lobes outside, the tube much longer than wide. Occurring in Northern Territory."	15
13	"Leaves with strongly revolute margins. Occurring east of Perth."	"Pityrodia scabra"
13	"Leaves with flat to slightly revolute margins. Occurring north of Perth."	14
14	"Upper surface of leaves densely hairy at first, not viscid; margins usually strongly recurved to revolute. (Dirk Hartog Island–Yandanooka, W.A.)"	"Pityrodia hemigenioides"
14	"Upper surface of leaves appearing glabrous, viscid; margins usually slightly recurved. (Irwin River–near Tathra NP, W.A.)"	"Pityrodia viscida"
15	"Leaves  linear, with a pungent or mucronate apex."	16
15	"Leaves narrowly oblong to broadly ovate or cordate, not or scarcely mucronate."	18
16	"Corolla shorter than or as long as the calyx. Leaves usually pungent. (Katherine Gorge NP–South Aligator River area, N.T.)"	"Pityrodia pungens"
16	"Corolla much longer than the calyx. Leaves not pungent."	17
17	"Leaves glabrous, glutinous, flat, often in whorls of 3. (Arnhem Land, N.T.)"	"Pityrodia gilruthiana"
17	"Leaves hairy, non-glutinous, with recurved margins, opposite. (Arnhem Land, N.T.)"	"Pityrodia puberula"
18	"Leaves oblong or narrowly oblong-elliptic. (Arnhem Land , N.T.)"	"Pityrodia byrnesii"
18	"Leaves narrowly ovate  to cordate."	19
19	"Leaves  narrowly ovate. Upper lip of corolla enclosed within the calyx, purple-streaked. (Arnhem Land, N.T.)"	"Pityrodia lanuginosa"
19	"Leaves ovate to cordate. Upper lip of corolla exceeding the calyx, not streaked."	20
20	"Leaves opposite. Corolla tube glabrous inside. (Arnhem Land, N.T.)"	"Pityrodia jamesii"
20	"Leaves in whorls of 3 or scattered. Corolla tube hairy inside. (Edith Creek, N.T.)"	"Pityrodia spenceri"
