from	statement	to
1	"Leaves along an elongated stem"	"Eriocaulon setaceum"
1	"Leaves in basal rosette"	2
2	"Ovary 2-locular"	3
2	"Ovary 3-locular"	10
3	"Seed longitudinal thickenings white, prominent, thicker than transverse walls"	"Eriocaulon fenshamii"
3	"Seed longitudinal thickenings lacking or similar size to transverse walls"	4
4	"Female sepals lacking a broad dorsal keel or wing, sometimes slightly keeled, acuminate to acute"	5
4	"Female sepals with broad dorsal wing, crested"	6
5	"Floral bracts hyaline; receptacle glabrous; stamens 4; female perianth parts if bearing hyaline hairs then hairs shorter than perianth"	"Eriocaulon spectabile"
5	"Floral bracts black; receptacle densely pilose; stamens 2; female perianth parts bearing hyaline hairs which are much longer than the perianth"	"Eriocaulon wolseleyi"
6	"Involucral bracts thin, flexible, becoming reflexed at maturity"	7
6	"Involucral bracts thickened, rigid, not reflexed at maturity"	9
7	"Male petals equal; female flowers dimorphic within head with upper flowers lacking sepals; female sepal hairs marginal"	8
7	"Male petals dimorphic; female flowers equal within head with all flowers having sepals; female sepal hairs on adaxial surface"	"Eriocaulon concretum"
8	"Floral bracts acuminate to acute; female petals spathulate, glabrous"	"Eriocaulon carpentariae"
8	"Floral bracts obtuse; female petals elliptic, pubescent"	"Eriocaulon fistulosum"
9	"Floral bracts pubescent; male sepals fused for greater part, glabrous; stamens 4"	"Eriocaulon willdenovianum"
9	"Floral bracts glabrous; male sepals free to fused at base, pubescent; stamens 2"	"Eriocaulon depressum"
10	"Seed longitudinal thickenings white, prominent, thicker than transverse walls"	11
10	"Seed longitudinal thickenings lacking or similar thickness to transverse walls"	12
11	"Floral bracts obovate; male sepals 2, free to fused at base; female sepals equal"	"Eriocaulon pusillum"
11	"Floral bracts spathulate; male sepals 3, fused but split on one side to form a spathe; female sepals dimorphic"	"Eriocaulon truncatum"
12	"Anthers yellow"	13
12	"Anthers black"	17
13	"Female petals lacking"	14
13	"Female petals present, 2 or 3"	15
14	"Male petals equal; male sepals fused but split on one side to form a spathe; male petal hairs white, in apical fringe"	"Eriocaulon cinereum"
14	"Male petals dimorphic; male sepals free to fused at base; male petal hairs hyaline, marginal"	"Eriocaulon australasicum"
15	"Leaves greater than 10 cm long, plants often exceeding 30 cm in height"	"Eriocaulon rivicola"
15	"Leaves less than 5 cm long, plants rarely approaching 30 cm in height"	16
16	"Involucral bracts glabrous, floral bracts obtuse; male flowers less than 1 mm long; female sepals glabrous"	"Eriocaulon patericola"
16	"Involucral bracts pubescent, floral bracts acuminate to acute; male flowers greater than 1.5 mm long; female sepals pubescent"	"Eriocaulon scullionii"
17	"Female sepals with a broad, flattened dorsal wing"	18
17	"Female sepals lacking a broad, flattened dorsal wing, at most a slight dorsal keel"	20
18	"Involucral bracts thickened, rigid, not reflexed at maturity"	"Eriocaulon australe"
18	"Involucral bracts thin, flexible, becoming reflexed at maturity"	19
19	"Floral bracts pubescent, hyaline; male sepals pubescent; female petals pubescent"	"Eriocaulon inapertum"
19	"Floral bracts glabrous, straw yellow; male sepals glabrous; female petals glabrous"	"Eriocaulon zollingerianum"
20	"Receptacle glabrous to sparsely hairy"	21
20	"Receptacle densely pilose"	32
21	"Female petals inflated, fleshy"	22
21	"Female petals thin"	23
22	"Female petals with long mucro and broad stipe, all three petals persisting around the seeds"	"Eriocaulon tricornum"
22	"Female petals obtuse with prominent knob-like gland, abruptly constricted into narrow stipe, petals individually caducous"	"Eriocaulon lividum"
23	"Involucral bracts thin, flexible, becoming reflexed at maturity"	24
23	"Involucral bracts thickened, rigid, not reflexed at maturity"	30
24	"Floral bracts with white hairs"	25
24	"Floral bracts glabrous"	29
25	"Epidermal cells of seeds more or less isodiametric, peg-like projections on both transverse and longitudinal walls"	"Eriocaulon scariosum"
25	"Epidermal cells of seeds transversely elongated, projections only on transverse walls"	26
26	"Leaves less than 6 mm wide at base"	27
26	"Leaves greater than 10 mm wide at base"	28
27	"Floral bracts acuminate, with arista prominently exserted from head; receptacle glabrous; male sepals free; female sepals acute to acuminate"	"Eriocaulon clarksonii"
27	"Floral bracts obtuse to acute; receptacle sparsely hairy; male sepals fused but split on one side into a spathe; female sepals obtuse to truncate"	"Eriocaulon schultzii"
28	"Leaves 4–9.4(–16) cm long; female sepals 2.6–3.7 mm long; female petals 2.2–3.2 mm long"	"Eriocaulon aloefolium"
28	"Leaves 12–22 cm long; female sepals 1.1–2.4 mm long; female petals 1.3–2.1 mm long"	"Eriocaulon giganticum"
29	"Seed epidermal thickenings continuous bands on transverse walls"	"Eriocaulon nanum"
29	"Seed epidermal thickenings of unidirectional peg-like projections on transverse walls"	"Eriocaulon athertonense"
30	"Hairs mostly absent on floral bracts and female sepals; short hairs on male petals (c. 0.1–0.2 mm) and female petals (0.05–0.15 mm)"	"Eriocaulon carsonii subsp. carsonii"
30	"Hairs always present on all floral bracts and female sepals; long hairs on male petals (c. 0.2–0.6 mm) and female petals (c. 0.1–0.4 mm)"	31
31	"Leaves with broadly subulate apex with an obtuse tip; leaf width 0.7–1.6 mm at 1 mm from apex"	"Eriocaulon carsonii subsp. orientale"
31	"Leaves with long filiform to narrowly subulate apex with a mostly acute leaf tip; leaf width 0.4–0.8 mm at 1 mm from apex"	"Eriocaulon carsonii subsp. euloense"
32	"Seeds with even thickenings around epidermal cells"	33
32	"Seeds with peg-like projections in various arrangements"	34
33	"Floral bracts aristate"	"Eriocaulon nematophyllum"
33	"Floral bracts obtuse to acute, lacking arista"	"Eriocaulon pygmaeum"
34	"Seed with transversely elongated epidermal cells and unidirectional peg-like projections on transverse walls"	35
34	"Seed with more or less isodiametric epidermal cells and with peg-like projections on all walls"	36
35	"Floral bracts pubescent; male sepals pubescent; female sepals equal, pubescent"	"Eriocaulon odontospermum"
35	"Floral bracts glabrous; male sepals glabrous; female sepals dimorphic, glabrous"	"Eriocaulon athertonense"
36	"Flower heads smooth in outline; involucral bracts glabrous; floral bracts lacking pronounced arista; male sepals fused into a spathe, rarely apparently free; female sepals dimorphic with two laterals larger and navicular"	"Eriocaulon scariosum"
36	"Flower heads squarrose in outline; involucral bracts pubescent with white hairs; floral bracts with pronounced aristate tip; male sepals free; female sepals equal"	"Eriocaulon tortuosum"
