from	statement	to
1	"Leaves serrate; inflorescence 1–few-flowered"	2
1	"Leaves entire; inflorescence many-flowered"	4
2	"Leaves ovate, the longest not more than 10 cm long, serrate in upper half only"	"Celtis sinensis"
2	"Leaves ovate-lanceolate, the longest more than 10 cm long, serrate"	3
3	"Leaves scabrous above"	"Celtis australis"
3	"Leaves glabrous above"	"Celtis occidentalis"
4	"Leaves markedly tri-nerved; fruit orange or red"	"Celtis australiensis"
4	"Leaves not markedly tri-nerved; fruit blue to purple-black"	5
5	"Leaves lanceolate, narrowly acute to acuminate, chartaceous; Australia, Norfolk Island"	"Celtis paniculata"
5	"Leaves elliptic, rounded, leathery; Lord Howe Island"	"Celtis conferta"
