from	statement	to
1	"Fruits armed with glochidiate spines, pubescent; leaves often broader than long"	"Urena lobata"
1	"Fruits lacking glochidiate spines, subglabrous; leaves usually longer than broad"	2
2	"Midstem leaves deeply 3-lobed, sparsely pubescent beneath; involucel 2-3 times length of calyx; petals 1.5-2 cm long"	"Urena australiensis"
2	"Midstem leaves simple or deeply 3-lobed, whitish tomentulose beneath (especially in distal leaves); involucel slightly longer than to twice length of calyx; petals 2-45 cm long"	"Urena armitiana"
