from	statement	to
1	"Leaves bifoliolate; endocarp usually hairy"	2
1	"Leaflets usually 2–4 pairs; endocarp glabrous or hairy only at sutures"	4
2	"Domatia present, prominent, few per leaflet; endocarp villous"	"Arytera distylis"
2	"Domatia absent; endocarp villous or glabrous with only sutures hairy"	3
3	"Leaflets 2–5 cm long, 0.8–3 cm wide; valves densely villous inside"	"Arytera microphylla"
3	"Leaflets 6–19.5 cm long, 2.8–5.5 cm wide; valves glabrous inside except sparsely villous sutures"	"Arytera bifoliolata"
4	"Inflorescence ramiflorous, few-flowered, of small clusters or raceme-like; pedicels 4–12 mm long; leaflets usually bullate"	"Arytera pauciflora"
4	"Inflorescence axillary, panicle-like or raceme-like; pedicels 1–6 mm long; leaflets not bullate"	5
5	"Indumentum on tips of branchlets and inflorescence of crispate hairs"	6
5	"Indumentum of straight, usually short appressed hairs"	7
6	"Leaflets 4–6, opposite to alternate, 6–12.5 cm long 2.3–3.5 cm wide, entire or serrulate; branchlets usually with dense rusty hairs"	"Arytera foveolata"
6	"Leaflets 2 pairs, opposite, 8–15 cm long, 3.5–7 cm wide, entire; branchlets with sparse, pale brown hairs"	"Arytera pseudofoveolata"
7	"Leaflets 2–4 pairs; lateral nerves strongly raised below with prominent cross veins; domatia prominent; branchlets with short, pale hairs; panicles to 18 cm long and wide"	"Arytera divaricata"
7	"Leaflets 2 pairs, finely nerved and delicately reticulate; domatia obscure or absent; branchlets with dense, pale brown to rusty brown hairs; inflorescence to 9 cm long"	"Arytera dictyoneura"
