from	statement	to
1	"Leaves compound (Qld only)"	"Trichosanthes pentaphylla"
1	"Leaves simple"	2
2	"Leaf upperside glabrous or glabrescent"	3
2	"Leaf upperside hairy"	4
3	"Probract linear or narrowly ovate, caducous; seeds toothed, surrounded in orange or red pulp (Qld only)"	"Trichosanthes odontosperma"
3	"Probract obovate, elliptical or oblong, persistent; seeds entire, surrounded in dark green pulp, (NT only)"	"Trichosanthes morrisii"
4	"Plants monoecious; male inflorescence bracts up to 3 mm long; seeds ith an undulate margin (NT, Qld, WA)"	"Trichosanthes cucumerina"
4	"Plants dioecious; male inflorescence bracts 4"	5
5	"Male inflorescence bracts 4"	"Trichosanthes pilosa"
5	"Male inflorescence bracts 15"	"Trichosanthes subvelutina"
