from	statement	to
1	"Flowers in compound axillary cymes, umbels or bracteate heads"	2
1	"Flowers in simple axillary cymes or solitary"	5
2	"Leaves attenuate at base"	3
2	"Leaves cordate-auriculate at base"	4
3	"Plant glabrous; hypanthium appendages reduced or absent"	"Ammannia baccifera"
3	"Plant puberulous; hypanthium appendages present"	"Ammannia triflora"
4	"Flowers in short, open or dense cymes; peduncle to 6 mm long"	"Ammannia multiflora"
4	"Flowers, in open cymes; peduncle more than 6 mm long"	"Ammannia auriculata"
5	"Flowers predominantly 4-merous; sepals truncate"	"Ammannia crinipes"
5	"Flowers predominantly 5- or 6-merous (sometimes some flowers 4-merous); sepals acute"	6
6	"Flowers predominantly 5-merous (sometimes some flowers 4-merous or 6-merous)"	"Ammannia striatiflora"
6	"Flowers predominantly 6-merous (sometimes some flowers 5-merous)"	7
7	"Hypanthium not markedly ribbed; appendages obscure to absent"	"Ammannia muelleri"
7	"Hypanthium markedly ribbed; appendages present"	"Ammannia arnhemica"
