from	statement	to
1	"Leaves thin or leathery, 15–45 mm wide; conflorescence 5–11 cm long"	"Orites excelsus"
1	"Leaves cartilaginous, less than 12 mm wide, or, if wider, serrate; conflorescence less than 5 cm long"	2
2	"Leaves terete, 1-grooved above"	"Orites acicularis"
2	"Leaves flat; margins sometimes recurved to revolute"	3
3	"Leaves ovate to obovate, serrate, 9–19 mm wide"	"Orites milliganii"
3	"Leaves linear or narrowly oblong to lanceolate or elliptic"	4
4	"Leaves linear with revolute margins"	"Orites revolutus"
4	"Leaves lanceolate, elliptic, oblong or ovate, flat or margins slightly recurved"	5
5	"Leaves clearly discolorous, 2–12 cm long, bluntly mucronate; follicle boat-shaped, tapering [Tas.]"	"Orites diversifolius"
5	"Leaves concolorous, usually obtuse, 1–3 cm long; follicle obliquely oblong-obovate, obtuse [high mountains of N.S.W., A.C.T. & Vic.]"	"Orites lancifolius"
