from	statement	to
1	"Ovary superior; fruiting hypanthium saucer-shaped; fruit wider than hypanthium"	2
1	"Ovary half-inferior; fruiting hypanthium cup-shaped; fruit c. equal to hypanthium width"	3
2	"Leaves usually broadly elliptic or broadly oblong; staminal filaments red; calyx warty"	"Sonneratia caseolaris"
2	"Leaves usually elliptic or lanceolate; staminal filaments white; calyx smooth"	"Sonneratia lanceolata"
3	"Leaf apex rounded with broad tip reflexed; petals white or absent; staminal filaments white"	"Sonneratia alba"
3	"Leaf apex acuminate with mucro reflexed; petals red; staminal filaments red"	"Sonneratia x gulngai"
