from	statement	to
1	"Stems and inflorescence winged; rosette-leaves sinuate-lobed to lyrate, ciliate or scabrid"	2
1	"Stems and inflorescence not winged; rosette-leaves entire and glabrous, or absent"	3
2	"Annual; calyx limb pale blue to white, with veins excurrent as bristles; corolla pale yellow"	"Limonium lobatum"
2	"Perennial; calyx limb violet to lavender-blue or white; corolla cream"	"Limonium sinuatum"
3	"Corolla white; leaves to 25 cm long; plants often with a distinct, thickened stem"	"Limonium perezii"
3	"Corolla yellow or pink; leaves usually less than 10 cm long; stem usually subterranean"	4
4	"Corolla yellow"	"Limonium tetragonum"
4	"Corolla pink"	5
5	"Cauline leaves amplexicaul; sterile branchlets numerous, feathery"	"Limonium otolepis"
5	"Cauline leaves absent; sterile branchlets of inflorescence few or absent"	6
6	"Petiole of rosette leaves 3-veined"	"Limonium binervosum"
6	"Petiole of rosette leaves 1-veined"	7
7	"Annual or short-lived perennial with taproot slender; calyx lobes with midrib extended to or slightly exceeding apex; rosette leaves ovate, subacute, with blades twice as long as wide"	"Limonium companyonis"
7	"Perennial with stout, woody rootstock; calyx lobes with midrib terminating 0.5–1 mm below apex; rosette leaves broadly spathulate, obtuse, with blades not more than 1.5 times as long as wide"	"Limonium hyblaeum"
