from	statement	to
1	"Secondary veins c. 50 each side of the midrib on lower surface of leaf lamina; Norfolk Island"	"Melodinus baueri"
1	"Secondary veins ≤20 each side of the midrib on lower surface of leaf lamina; Australian mainland"	2
2	"Secondary veins 9–13 each side of midrib on lower surface of leaf lamina"	3
2	"Secondary veins 15–20 each side of midrib on lower surface of leaf lamina"	4
3	"Tertiary venation in leaf lamina obscure; flowers 4.5–7 mm long; corolla lobes obovate; fruit oblong-ovoid"	"Melodinus australis"
3	"Tertiary venation in leaf lamina reticulate; flowers 7.5–13 mm long; corolla lobes lanceolate-ovate to ovate; fruit globose-ovoid"	"Melodinus baccellianus"
4	"Tertiary venation in leaf lamina ±obscure; flowers 9–12 mm long; corolla lobes lanceolate"	"Melodinus acutiflorus"
4	"Tertiary venation in leaf lamina reticulate and prominent; flowers 13–18 mm long; corolla lobes obovate"	"Melodinus forbesii"
