from	statement	to
1	"Lower glume a membrane to 0.5 mm long"	"Eriochloa meyeriana"
1	"Lower glume reduced to a cup-like ring at spikelet base"	2
2	"Spikelets with apices drawn out into bristles"	3
2	"Spikelets with apices acute to acuminate"	5
3	"Spikelets 9.5-14 mm long (including bristle)"	"Eriochloa longiflora"
3	"Spikelets less than 9 mm long"	4
4	"Spikelets 6-9.4 mm long; annual"	"Eriochloa australiensis"
4	"Spikelets 4-6 mm long; usually perennial"	"Eriochloa pseudoacrotricha"
5	"Spikelets lightly overlapping on racemes, 3.7-5 mm long"	"Eriochloa crebra"
5	"Spikelets ±loose on racemes, 3-3.7 mm long"	6
6	"Slender perennial"	"Eriochloa procera"
6	"Decumbent annual"	"Eriochloa fatmensis"
