from	statement	to
1	"Mid-culm sheaths glabrous"	2
1	"Mid-culm sheaths with fringe of long hairs"	"Hypolaena pubescens"
2	"Rhizomes creeping"	3
2	"Rhizomes erect; culms densely crowded, lax"	"Hypolaena caespitosa"
3	"Culms profusely branched, with sinuous branches"	4
3	"Culms straight, erect, sparsely branched"	6
4	"Bracts of spikelets broadly triangular, lacking translucent margin"	5
4	"Bracts of spikelets tapering to narrow point, with translucent margins"	"Hypolaena fastigiata"
5	"Rhizomes lacking prominent hairs; fruit elongate, 4 x 2 mm, pitted, with a green stalk"	"Hypolaena viridis"
5	"Rhizomes prominently hairy; fruit more or less spherical, c. 2 mm diam., smooth"	"Hypolaena grandiuscula"
6	"Basal culms 1.5-2 mm diam."	7
6	"Basal culms 2.5-5 mm diam."	"Hypolaena robusta"
7	"Rhizome 1.5-2 mm diam.; inflorescence bracts <2 mm long, commonly falling after release of fruit"	"Hypolaena humilis"
7	"Rhizome 4-6 mm diam.; inflorescence bracts 8-15 mm long, persistent after release of fruit"	"Hypolaena exsulca"
