from	statement	to
1	"Stamens 10"	2
1	"Stamens 5"	5
2	"Inflorescence pedunculate"	3
2	"Inflorescence sessile"	4
3	"Floral tube campanulate to urceolate; leaves pIano-convex, not conduplicate, thick, less than 1 mm wide, oil-glands raised when dry; stamens 5 or 10"	"Malleostemon roseus"
3	"Floral tube turbinate to obconic; leaves concavo-convex,  more or less conduplicate, mostly 1.5 mm wide, oil-glands immersed; stamens 10"	"Malleostemon pedunculatus"
4	"Leaves peltate, almost spherical, 1 mm thick"	"Malleostemon peltiger"
4	"Leaves basifixed, concavo-convex, 0.5 mm thick"	"Malleostemon minilyaensis"
5	"Leaves 1-3 mm long, plano- or concavo-convex, lacking a terminal  mucro; stamens antepetalous; inflorescence I-several-flowered"	6
5	"Leaves 3-5 mm long, terete, apex with a recurved mucro; stamens antesepalous; inflorescence mostly a triad"	"Malleostemon tuberculatus"
6	"Leaves shortly petiolate; stamens above 0.7 mm long; bracts or bracteoles deciduous; flowers solitary or occasionally in  triads; stamens 5 or 10"	7
6	"Leaves broad-based, sessile; stamens below 0.6 mm; bracts or  bracteoles prominent, persistent; inflorescence mostly a triad; stamens 5"	"Malleostemon hursthousei"
7	"Inflorescence 1-3 flowered, pedunculate; leaves elliptical to oblong, piano-convex; oil-glands raised"	"Malleostemon roseus"
7	"Inflorescence I-flowered, sessile; leaves orbicular, concavo-convex"	"Malleostemon minilyaensis"
