from	statement	to
1	"Flowers enclosed by 2 large ±persistent bracts; stamens with an elongated connective or if connective lacking then flowers solitary"	2
1	"Flowers with small non-persistent bracts; stamens without an elongated aristate connective; flowers never solitary"	3
2	"Flowers bisexual, in threes; stamens with an elongated aristate connective; leaves glabrous"	Doryphora
2	"Flowers unisexual, solitary; stamens lacking an elongated connective; leaves densely grey to white pubescent beneath, rarely glabrescent"	"Atherosperma:Atherosperma moschatum"
3	"Perianth and androecium persistent in fruiting hypanthium; achenes completely silky-hirsute"	Daphnandra
3	"Perianth and (usually) androecium not persistent in fruiting hypanthium; achenes silky-hirsute down one side"	"Dryadodaphne:Dryadodaphne trachyphloia"
