from	statement	to
1	"Trailing, rarely weakly twining, plants; leaf blade reniform, with obtuse to rounded apex"	"Calystegia soldanella"
1	"Twining plants; leaf blade lanceolate to broad-ovate, with acuminate to narrowly obtuse apex"	2
2	"Peduncles longer than the petioles; corolla > 2.5 cm long"	3
2	"Peduncles shorter than or equal to petioles; corolla < 2.5 cm long"	"Calystegia marginata"
3	"Bracts to 15 mm wide, acute"	"Calystegia sepium"
3	"Bracts > 15 mm wide, rounded to emarginate"	"Calystegia silvatica"
