from	statement	to
1	"Trichomes on the upper surface of leaves strigose, more or less adpressed, with their bases adnate to the epidermis"	2
1	"Trichomes on upper surface of leaves lanate to sericeous, erect or spreading, not conspicuously adnate to epidermis"	4
2	"Undersides of leaves white, with dense woolly hairs predominant; filaments 3-5 mm long"	"Tibouchina heteromalla"
2	"Undersides of leaves pale green, without any woolly hairs; filaments 10-18 mm long"	3
3	"Leaves 4-6 cm long; hairs on filaments 0.3-0.8 mm long; petals white, becoming pink"	"Tibouchina mutabilis"
3	"Leaves 10-20 cm long; hairs on filaments 1-5 mm long; petals purple"	"Tibouchina granulosa"
4	"Longest hairs on upper leaf surface 2.5-3 mm; leaves adjacent to inflorescence +/- sessile, leaf apex cuspidate; petals c. 20 mm long"	"Tibouchina clavata"
4	"Longest hairs on upper leaf surface 1.5-2 mm; leaves adjacent to inflorescence petiolate, leaf apex acute; petals 30-45 mm long"	"Tibouchina urvilleana"
