from	statement	to
1	"Leaves mostly narrow-spathulate, the apices often with a distinct group of 3 2 equal-sized, closely spaced. acute teeth: scapes filiform, usually 1.5-3.0 times as long as the leaves at flowering with up to 6 linear bracts; phyllaries usually becoming reflexed at seed-fall; (Figs 2.3 and 4)"	"Solenogyne bellioides"
1	"Leaves mostly obovate, oblanceolate, or occasionally +/- spathulate, the apices never with a markedly distinct group of 3 teeth: scapes robust. much shorter than or scarcely equalling the leaves at flowering, with 2(-4) linear bracts; phyllaries never reflexed after seed-fall"	2
2	"Whole plant prominently septate-pilose; leaves sessile to short-petiolate (0-0.2 of leaf length), +/- equally light green on both surfaces; marginal teeth usually 9-13 per leaf; disc florets mostly 7-9 per capitulum; phyllaries and ray florets rarely tinged magenta: (Figs 1.5 and 7)"	"Solenogyne gunnii"
2	"Whole plant glabrate; leaves short- to long-petiolate (0.2-0.4 of leaf length), rather dull green. the lower surfaces distinctly paler: marginal teeth usually 15--21 per leaf; disc florets mostly 10-14 per capitulum: phyllaries and ray florets usually magenta-tinged: (Figs 6.7.8 and 9)"	"Solenogyne dominii"
