from	statement	to
1	"Pods strongly arcuate to openly once-coiled; phyllode tip rounded with a minute mucro (southwestern W.A.)."	"Acacia ancistrophylla var. perarcuata"
1	"Pods straight to shallowly curved; phyllode tip acute to subacute."	2
2	"Phyllodes (7–) 10–20 times longer than wide; pods glabrous (W.A., S.A., Vic.)."	"Acacia ancistrophylla var. lissophylla"
2	"Phyllodes mostly 3–8 times longer than wide; pods ±appressed-puberulous (southwestern W.A.)."	"Acacia ancistrophylla var. ancistrophylla"
