from	statement	to
1	"Inflorescences all or mainly axillary clusters, rarely also forming a very small leafless terminal spike or panicle"	2
1	"Inflorescences mainly terminal, leafless, elongated spikes or panicles, although smaller spikes or axillary clusters may also be present"	13
2	"Bracts and bracteoles 2.5–4 mm long, shortly aristate, pungent"	"Amaranthus albus"
2	"Bracts and bracteoles 1–3 mm long, mucronate to shortly aristate but not pungent"	3
3	"Fruit a circumcissile capsule"	4
3	"Fruit an indehiscent utricle"	5
4	"Tepals 3 in female flowers, ovate or narrowly ovate"	"Amaranthus graecizans"
4	"Tepals 5 in female flowers, narrowly obovate to spathulate"	"Amaranthus undulatus"
5	"Fruit smooth to rugose, with prominent (rarely weak), longitudinal, straight ribs or inflated undulate ribs"	6
5	"Fruit rugulose to rugose, without prominent, longitudinal, straight ribs or inflated undulate ribs"	9
6	"Midnerve of tepals at the fruiting stage broad, 0.3–1 mm wide for some or all of length"	7
6	"Midnerve of tepals at the fruiting stage narrow, c. 0.1 mm wide for entire length"	"Amaranthus interruptus"
7	"Fruit 1.2–1.5 mm long, obovoid to globose; ribs inflated and undulate"	"Amaranthus mitchellii"
7	"Fruit 1.5–3 mm long, ellipsoid; ribs slightly raised, straight"	8
8	"Leaves linear to narrowly oblong or narrowly ovate; margins of tepals at the fruiting stage with a single or serrated tooth-like projection on each side"	"Amaranthus induratus"
8	"Leaves ovate or elliptic; margins of tepals at the fruiting stage without tooth-like projections"	"Amaranthus centralis"
9	"Fruit 3–5 mm long (rarely only 2mm long), ellipsoid"	10
9	"Fruit 1–2.5 mm long, globose or obovoid"	11
10	"Tepals 5, 4–8 mm long; fruit slightly shorter than tepals"	"Amaranthus grandiflorus"
10	"Tepals 3 (rarely 4 or 5), to 3 mm long; fruit longer than tepal"	"Amaranthus macrocarpus"
11	"Tepals at the fruiting stage1.2–1.6 mm long (rarely to 2 mm long), spathulate; fruit usually equal to or longer than tepals"	"Amaranthus cochleitepalus"
11	"Tepals at the fruiting stage1.5–3 mm long, broadly spathulate, obovate-spathulate, rounded-obtrullate-spathulate, narrowly obovate-spathulate or narrowly obovate; fruit equal to or shorter than tepals"	12
12	"Tepals at the fruiting stage broadly spathulate, obovate-spathulate or rounded-obtrullate-spathulate, spreading to recurved"	"Amaranthus cuspidifolius"
12	"Tepals at the fruiting stage narrowly obovate-spathulate or narrowly obovate, usually erect"	"Amaranthus interruptus"
13	"Leaf axils with paired spines 5–10 mm long"	"Amaranthus spinosus"
13	"Leaf axils without spines"	14
14	"Inflorescence pendulous, deep red to maroon or sometimes greenish"	"Amaranthus caudatus"
14	"Inflorescence erect, various colours other than deep red to maroon (green but often tinged reddish in A. cruentus)"	15
15	"Fruit an indehiscent utricle"	16
15	"Fruit a circumscissile capsule"	22
16	"Tepals 5 in female flowers, or if 4, then bracts and bracteoles 1 mm long or longer"	17
16	"Tepals 3 (rarely 2) in female flowers, or if 4, then bracts and bracteoles less than 1 mm long"	20
17	"Fruit ellipsoid, smooth to rugose, longitudinally ribbed; tepals becoming hardened in fruit, with midnerve broad, 0.5–1 mm wide"	18
17	"Fruit globose or obovoid, rugulose to rugose, not or weakly ribbed; tepals remaining membranous in fruit, with midnerve narrow, 0.1–0.3 mm wide"	19
18	"Leaves linear to narrowly oblong or narrowly ovate; margins of tepals at the fruiting stage with a single entire or serrated tooth-like projection on each side"	"Amaranthus induratus"
18	"Leaves ovate or elliptic; margins of tepals of female flowers in fruit without tooth-like projections"	"Amaranthus centralis"
19	"Leaves ovate to trullate; stems sparsely hairy"	"Amaranthus interruptus"
19	"Leaves linear to narrowly elliptic; stems glabrous"	"Amaranthus muricatus"
20	"Plants perennial, prostrate or decumbent, with stems hairy; fruit 2–3 mm long, distinctly longer than tepals"	"Amaranthus deflexus"
20	"Plants annual, erect or prostrate, with stems more or less glabrous; fruit 1–2 mm long, equal to or slightly longer than tepals"	21
21	"Young stems glabrous, leaves usually deeply or broadly emarginate; fruit smooth or rugulose in the lower half"	"Amaranthus blitum"
21	"Young stems sparsely hairy; leaves usually obtuse or shallowly emarginate; fruit rugose all over"	"Amaranthus viridis"
22	"Bract and bracteoles shorter than or equal to tepals at the fruiting stage"	23
22	"Bract and bracteoles longer than tepals at the fruiting stage"	28
23	"Tepals of male and female flowers 3"	24
23	"Tepals of male and female flowers 4 or 5"	26
24	"Bracts and bracteoles <2 mm long, acute and mucronate; fruit globose"	"Amaranthus rhombeus"
24	"Bracts and bracteoles 2–3.5 mm long, acuminate and aristate; fruit broadly ovoid or ellipsoid"	25
25	"Tepals at the fruiting stage1.5–2.5 mm long, ovate-oblong to oblong-spathulate, acute, mucronate"	"Amaranthus dubius"
25	"Tepals at the fruiting stage 2.5–4 mm long, narrowly ovate to narrowly elliptic, acuminate, aristate"	"Amaranthus tricolor"
26	"Leaves narrowly ovate; midnerve of tepals at the fruting stage broad, 0.5–0.8 mm wide"	"Amaranthus clementii"
26	"Leaves ovate to broadly ovate or rhombic to trullate or elliptic to circular; midnerve of tepals at the fruiting stage narrow, 0.1 mm wide"	27
27	"Lamina of mature leaves 5–45 mm long, 4–30 mm wide; tepals at the fruiting stage narrowly obovate to spathulate, often recurved"	"Amaranthus undulatus"
27	"Lamina of mature leaves 30–120 mm long, 20–80 mm wide; tepals at the fruiting stage ovate-oblong or oblong-spathulate, erect"	"Amaranthus dubius"
28	"Young stems and inflorescences sparsely to densely hairy, tepals obtuse or emarginate"	"Amaranthus retroflexus"
28	"Young stems and inflorescences glabrous to sparsely hairy; tepals acute or acuminate"	29
29	"Bracts and bracteoles 2–3 mm long, erect"	30
29	"Bracts and bracteoles 3.5–6 mm long, or if <3.5 mm long then spreading to recurved"	31
30	"Spikes greenish, usually 4–7 mm wide; fruit slightly shorter than or equal to tepals"	"Amaranthus hybridus"
30	"Spikes green but often tinged reddish, 7–12 mm wide; fruit equal to or longer than tepals"	"Amaranthus cruentus"
31	"Tepals of female flowers 5, at the fruiting stage often spreading to recurved or erect, unequal, longest tepal up to 2.5 mm long; fruit c. 1.5 mm long"	"Amaranthus quitensis"
31	"Tepals of female flowers 3–5, at the fruiting stage erect, unequal, longest tepal 2.5–4 mm long; fruit 2–2.5 mm long"	"Amaranthus powellii"
