from	statement	to
1	"Apical buds protected by overlapping (imbricate) stipules"	2
1	"Apical buds protected by a connate stipular sheath which splits down one side as leaves emerge"	3
2	"Leaves petiolate; petioles 40?80 mm long; lamina broadly ovate, coriaceous, glabrous below; with 4 or 5 secondary veins each side of midvein; stipules more than 15 mm long (Lord Howe Island)"	"Atractocarpus stipularis"
2	"Leaves subsessile; petioles 0?4 mm long; lamina auriculate, broadly oblanceolate, chartaceous, scattered hairs below; with 8?11 secondary veins each side of midvein; stipules less than 15 mm long (north-eastern Queensland)"	"Atractocarpus merikin"
3	"Leaves with domatia in midvein?secondary vein angles (northern NSW)"	"Atractocarpus benthamianus"
3	"Leaves without domatia in midvein?secondary vein angles"	4
4	"Small, slender, sparsely branched, understorey treelets"	5
4	"Small to medium, robust, densely branched trees"	6
5	"Leaves glabrous above; midvein with 8?11 secondary veins each side (south-eastern Queensland, northern NSW)"	"Atractocarpus chartaceus"
5	"Leaves hairy above; midvein with 11?14 secondary veins each side (north-eastern Queensland)"	"Atractocarpus hirtus"
6	"Bark extending to the petioles of mature leaves; stipules abruptly laterally compressed basally in the plane of the leaves and twisted above, minutely papillate giving a matt appearance; inflorescence fasciculate; flowers and fruit subsessile (north-eastern Queensland)"	"Atractocarpus sessilis"
6	"Bark not extending to the petioles of mature leaves; stipules attenuate, not twisted, glabrous and glossy; inflorescence paniculate; flowers and fruit pedicellate. (central and north-eastern Queensland)"	"Atractocarpus fitzalanii"
