from	statement	to
1	"Inflorescence 1–3 cm long, scarcely raised above the leaves, simple or 2-branched, with 2–6 flowers; leaves less than 5 cm long"	"Milligania johnstonii"
1	"Inflorescence more than 5 cm long, exserted, usually with 3 or more branches, rarely simple or 2-branched; flowers usually more than 7; leaves 5 cm long or longer"	2
2	"Ovary ±enclosed and hidden by perianth; perianth tube 2–4 mm long, lobes ascending to erect in fruit"	3
2	"Ovary exposed; perianth tube 0.5–2.5 mm long, lobes moderately to strongly reflexed in fruit"	4
3	"Leaves pendulous, linear, usually 60–105 cm long, green, often glabrous; panicle usually 30–50 cm long, the flowers widely spaced"	"Milligania longifolia"
3	"Leaves erect to spreading, lanceolate or narrowly lanceolate, usually 10–55 cm long, usually grey-green with obvious hairs; panicle usually 15–33 cm long, the flowers dense"	"Milligania densiflora"
4	"Stamens and base of perianth lobes red; perianth tube 1.5–2.5 mm long, basally adnate to ovary; leaves 5–20 cm long, green above, silvery white below"	"Milligania lindoniana"
4	"Stamens and perianth white; perianth tube 0.5–1.3 mm long, free from ovary; leaves usually 15–50 cm long, silvery white or green or grey-green below"	"Milligania stylosa"
