from	statement	to	shortcut
1	"Aquatic, free-floating plants"	2	
1	"Terrestrial plants, if growing in swampy areas then rooted in the mud"	6	
2	"Leaves rosetted, borne above the water surface, to 14 cm long"	Pistia	"Pistia stratiotes"
2	"Leaf-like stems 1 or more, floating flat on water surface, 1-8 mm in diameter, cohering by their edges"	3	
3	"Roots 1–21 per frond; fronds with 1–21 nerves; daughter fronds and flowers originating from 2 lateral pouches at frond base"	4	
3	"Roots absent; fronds without nerves; daughter fronds originating from a single terminal pouch or cavity at frond base; flowers originating in a cavity on upper frond surface"	Wolffia	
4	"Roots (1–) 2–21 per frond; fronds with (3–) 5–21 nerves; frond base surrounded by a small scale covering the point of attachment of the roots"	5	
4	"Root 1 per frond; fronds with 1–5 (–7) nerves; frond base without a scale"	Lemna	
5	"Fronds 1–1.5 times as long as wide, with 7–16 (–21) nerves and 7–21 roots of which 1 or 2 perforate the scale"	Spirodela	"Spirodela polyrhiza"
5	"Fronds 1.5–3 times as long as wide, with (3–) 5–7 nerves and (1–) 2–7 (–12) roots of which all perforate the scale"	Landoltia	"Landoltia punctata"
6	"Key based on vegetative features"	7	
6	"Key based on reproductive features"	20	
7	"Leaves linear, distichous, apetiolate; midrib and margins erose"	Gymnostachys	"Gymnostachys anceps"
7	"Leaves with distinct blades, distichous or spiral, petiolate; if apparently apetiolate, then arranged in a rosette and the plant floating or petiole subterranean"	8	
8	"Venation reticulate"	9	
8	"Venation striate or inconspicuous (somewhat reticulate near margin in Zantedeschia)"	16	
9	"Leaf highly compound and solitary"	Amorphophallus	
9	"Leaf pedatifid or pinnatifid to simple and entire, usually several to many present"	10	
10	"Leaves peltate"	11	
10	"Leaves not peltate in adult plant"	12	
11	"Plant rhizomatous, semi-aquatic with creeping stolons; leaf glaucous"	Colocasia	"Colocasia esculenta"
11	"Plant cormous, mostly lithophytic with erect bulbiliferous stolons; leaf not glaucous"	Remusatia	"Remusatia vivipara"
12	"Plant climbing; leaves distichous"	13	
12	"Plant terrestrial; leaves spirally arranged"	14	
13	"Leaves simple; internodes not longitudinally ridged"	Pothos	
13	"Leaves pinnatifid; internodes longitudinally ridged"	Epipremnum	
14	"Plant evergreen with massive above-ground rhizome"	Alocasia	
14	"Plant a deciduous geophyte"	15	
15	"Leaf blade mid-green to glaucous, rarely spattered grey-green"	Typhonium	
15	"Leaf blade dark green, usually variegated whitish on main veins"	Arum	"Arum italicum"
16	"Robust terrestrial geophytic herb; leaves spirally arranged"	Zantedeschia	"Zantedeschia aethiopica"
16	"Climbers; leaves distichous"	17	
17	"Climbing shoot sympodial and adherent (or persistently juvenile and bearing shingle leaves), not producing free lateral shoots"	18	
17	"Climbing shoot monopodial, adherent, bearing free sympodial lateral shoots"	19	
18	"Leaf sheath degrading to papery fibres or petiole much shorter than blade and sheath ligulate"	Rhaphidophora	
18	"Leaf sheath persistent; petiole as long as or longer than blade"	Epipremnum	
19	"Plant moderately robust, with internodes of climbing shoots c. 3–10 cm long; sheath fibrous"	Rhaphidophora	
19	"Plant massive, with internodes of climbing shoots c. 30 cm long; sheath persistent"	Scindapsus	"Scindapsus altissima"
20	"Spadix bearing bisexual flowers"	21	
20	"Spadix bearing unisexual flowers"	27	
21	"Tepals present"	22	
21	"Tepals absent"	23	
22	"Spathe absent; spadices in clusters dispersed on long inflorescence axis"	Gymnostachys	"Gymnostachys anceps"
22	"Spathe present; inflorescences mostly solitary or paired"	Pothos	
23	"Inflorescences terminal on adherent climbing shoots"	24	
23	"Inflorescences terminal on free lateral shoots"	26	
24	"Stigmas punctate, raised; ovules numerous"	Rhaphidophora	
24	"Stigmas punctate or slit-like, sessile; ovules various"	25	
25	"Spadix c. 5 cm long; ovules numerous"	Rhaphidophora	
25	"Spadix over 10 cm long; ovules few"	Epipremnum	
26	"Stigmas punctate, raised; ovules numerous"	Rhaphidophora	
26	"Stigmas slit-like, sessile; ovule solitary"	Scindapsus	"Scindapsus altissima"
27	"Male flowers composed of several connate truncate stamens (synandria); neuter organs (synandrodia) above female zone truncate to subglobose"	28	
27	"Male flowers either not readily recognisable as such (male zone a mass of stamens) or stamens free, or stamens partly connate but then neuter organs above female zone filiform"	30	
28	"Male zone clavate; appendix absent"	Remusatia	"Remusatia vivipara"
28	"Male zone (sub)cylindric; appendix usually conspicuous, occasionally rudimentary"	29	
29	"Inflorescences paired, arranged ±parallel to circumference of stem; interpistillar staminodes absent"	Alocasia	
29	"Inflorescences many, in a series centripetal to shoot; some interpistillar staminodes present"	Colocasia	"Colocasia esculenta"
30	"Fertile male and female zones contiguous"	31	
30	"Fertile male and female zones separated by naked interstice and/or conspicuous neuter organs or a flap-like collar"	32	
31	"Pistils naked; inflorescence opening when leaves are absent"	Amorphophallus	
31	"Pistils surrounded by staminodes; leaves present at the time the inflorescence opens"	Zantedeschia	"Zantedeschia aethiopica"
32	"Pistil solitary, adnate to spathe; male zone a stipitate whorl of stamens separated from female by a flap-like collar inserted on spadix; appendix absent"	Pistia	"Pistia stratiotes"
32	"Pistils several to numerous, not adnate to spathe; male zone of numerous stamens separated from female zone by naked zone and/or conspicuous neuter organs and sometimes by a collar-like septum inserted on spathe; appendix conspicuous"	33	
33	"Filiform to truncate to spathulate neuter organs between male and female zones only (rarely also within and below the female zone)"	Typhonium	
33	"Filiform neuter organs above and below the male zone"	Arum	"Arum italicum"
