from	statement	to
1	"Plant appressed-villous with medifixed hairs; branchlets spinescent; anthers with long (c. 0.5 mm) tails"	"Cratystylis subspinescens"
1	"Plant tomentose, hairs basifixed; branchlets not spinescent; anthers with very short tails to 0.05 mm, or these absent"	2
2	"Glandular hairs absent; leaves obovate, spreading, 5–10 mm long; florets (4)5(6)"	"Cratystylis conocephala"
2	"Globular sessile glandular hairs obvious; leaves from subterete and appressed to spathulate and spreading; florets 1–4"	3
3	"Leaves 1–1.5 mm long, oblong, closely appressed to branch, resinous; capitula 1-flowered"	"Cratystylis microphylla"
3	"Leaves 2–6 mm long, elliptic to obovate, not closely appressed to branch, tomentose; capitula 2–4-flowered"	4
4	"Capitula 2-flowered; occurring in Western Australia"	"Cratystylis conocephala x C. microphylla"
4	"Capitula 3- or 4-flowered; occurring in Northern Territory"	"Cratystylis centralis"
