from	statement	to
1	"Stems without spines; leaves 1-pinnate, >10 cm long."	"Berberis aquifolium"
1	"Stems with spines; leaves apparently simple, <7 cm long."	2
2	"Spines on stems mostly simple (occasionally 3-fid) and single in nodes; leaves entire"	"Berberis thunbergii"
2	"Spines on stems usually deeply divided into 3 (rarely undivided) or stem leaves reduced to spinose teeth and usually more than 3; leaves usually toothed."	3
3	"Stem leaves reduced to spinose teeth, usually more than 3, 5–10 mm long; leaves less than 2 cm long, more or less hexagonal, apex spinose, each margin with 2 spinose teeth or rarely only 1."	"Berberis darwinii"
3	"Spines on stems usually deeply divided into 3, rarely undivided, each 8–30 mm long; leaves more than 2 cm long, obovate to elliptic, apex acute or obtuse, entire or with few to numerous marginal teeth."	4
4	"Evergreen plant; leaves irregularly toothed, margins with few to several pairs of teeth; fruit more or less globose, red to black, style 1–2 mm long."	"Berberis floribunda"
4	"Deciduous plant; leaves regularly toothed with numerous fine teeth; fruit more or less oblong, red, stigma more or less sessile."	"Berberis vulgaris"
