from	statement	to
1	"Pinnules glaucous, flat."	"Acacia browniana var. glaucescens"
1	"Pinnules green."	2
2	"Pinnule margins obviously recurved to revolute."	3
2	"Pinnules ±flat."	4
3	"Subshrub 0.3–0.5 m high; flower buds subacute; distal pinnae 4–25 mm long with 2–9 pairs of pinnules."	"Acacia browniana var. endlicheri"
3	"Shrub 0.5–1.5 m high; flower buds ±truncate; distal pinnae usually 2–6 mm long with 2–5 pairs of pinnules"	"Acacia browniana var. intermedia"
4	"Subshrub 0.3–0.5 m high; flower-heads light golden; branchlet hairs patent."	"Acacia browniana var. endlicheri"
4	"Shrub 0.5–2 m high; flower-heads cream to very pale yellow."	5
5	"Branchlet hairs all patent; pinnules hirsutellous on margins; peduncles sometimes puberulous."	"Acacia browniana var. obscura"
5	"Branchlet hairs usually all or some antrorsely ±appressed; pinnules glabrous or margins sometimes puberulous; peduncles glabrous."	"Acacia browniana var. browniana"
