from	statement	to
1	"Leaves narrowly ovate to almost circular, not decurrent (the stems terete)"	2
1	"Leaves linear and/or decurrent (the stems 4-ridged or appearing 4-angled)"	4
2	"Leaves usually acute, the upper surface shallowly bullate; inside of corolla tube glabrous; ovary hairy but not glandular"	"Lachnostachys albicans"
2	"Leaves usually obtuse, the upper surface deeply bullate; inside of corolla tube with dendritic hairs; ovary both hairy and glandular"	3
3	"Bracts ovate or broadly ovate, with a purple or brown indumentum; flowers (6)7-10-merous; corolla tube hairy inside almost to the summit"	"Lachnostachys ferruginea"
3	"Bracts narrowly ovate or ovate, with a white or off-white indumentum; flowers (4)5-7(8)-merous; corolla tube usually glabrous at summit inside (although glabrous portion may be overlaid with hairs that are inserted lower in the tube)"	"Lachnostachys verbascifolia"
4	"Leaves narrowly oblong to ovate; upper surface densely hairy; flowers 5- or 6-merous, with dendritic hairs inside corolla tube; style glabrous. Occurring in the Sandstone-Paynes Find-Coolgardie area"	"Lachnostachys coolgardiensis"
4	"Leaves linear; upper surface becoming glabrous on the tuberculate or rugose summits of the bullae; flowers 7-12-merous, with simple or 2-branched hairs inside corolla tube; style hairy near base. Occurring from Murchison River south-east to Lake King"	5
5	"Flower spikes several to many in an opposite-decussate arrangement terminating each branchlet, often becoming interrupted; inside of corolla glabrous except near base"	"Lachnostachys eriobotrya"
5	"Flowers spikes solitary (each on a separate leafy branchlet), densel inside of corolla hairy throughout"	"Lachnostachys bracteosa"
