from	statement	to
1	"Leaves densely white woolly on both surfaces."	"Gamochaeta calviceps"
1	"Leaves darker with fewer hairs (to glabresent) on the upper surface than the lower surface; large leafy annuals with distinct rosettes."	2
2	"Heads surrounded by and almost obscured by, long woolly hairs; leaves loosely woolly on lower surface."	"Gamochaeta pensylvanica"
2	"Woolly hairs at the base of the heads limited to the peduncles; leaves with fine, appressed hairs below, or glabrous."	3
3	"Leaves with a prominent paler midvein on the upper surface; inflorescences usually a closed spike."	"Gamochaeta coarctata"
3	"Leaves concolorous on the upper surface; inflorescences slightly loose and spreading, the heads not held together tightly."	4
4	"Flowers with purple tips; basal leaves usually persisting in a rosette at flowering, not clasping or decurrent."	"Gamochaeta purpurea"
4	"Flowers with yellowish tips; basal leaves usually withering or withered by flowering and not persisting in a rosette, often clasping to main stem but not auriculate"	"Gamochaeta americana"
