from	statement	to
1	"Proliferous buds present on main rachis; stipes and rachises of young fronds with large, persistent, entire (or coarsely fringed at base), brown scales"	2
1	"Proliferous buds never present on main rachis; stipes and rachises of young fronds with small, densely fringed, pale brown fugacious scales"	3
2	"Stipe scales glossy, usually with a pale border; pinnule lobes obtuse"	"Polystichum proliferum"
2	"Stipe scales dull, uniformly coloured; pinnule lobes sharply toothed"	"Polystichum australiense"
3	"Scales of rhizome and stipe base strongly dimorphic; basal scales narrow (linear) and red-brown; distal scales broader (lanceolate) and often darker; spores fawn"	"Polystichum fallax"
3	"Scales of rhizome and stipe base similar; spores dark brown to black"	"Polystichum formosum"
