from	statement	to
1	"Leaves hastate or sagittate, with an entire, oblong or triangular-oblong, occasionally linear, terminal lobe usually > 2 mm wide, and a pair of entire or occasionally 2-toothed or 2-lobed basal lobes, ascending lobes absent, rarely a tooth or a short lobe present on a few leaves at the junction of the terminal and basal lobes"	2
1	"Leaves crenate, serrate to shallowly lobed or if a distinct terminal lobe is present then basal lobes auriculate and toothed or much divided with ascending lobes prominent"	6
2	"Sepals 4 mm or less in length, with a rounded to truncate, emarginate apex, glabrous to sparsely hairy"	3
2	"Sepals 4–7 mm long, rarely shorter, with apex acute to rounded, apiculate"	4
3	"Petals 15–30 mm long; sepals 3–4 mm long; leaves glabrous or with a few weakly erect hairs"	"Convolvulus arvensis"
3	"Petals 5–10 mm long; sepals usually < 3 mm long; leaves moderately to sparsely hairy with appressed hairs"	"Convolvulus microsepalus"
4	"Sepals and leaves with short appressed or crisped-appressed hairs, or if hairs spreading then seeds with a fine pattern of low irregular tubercles; inflorescence a 1-sided dichasium with 1–3 flowers; pedicels at fruiting straight or sinuate, or if recurved, then petals 7–10 mm long"	5
4	"Sepals and leaves with spreading hairs and seeds with sparse low reticulate ridges; inflorescence of solitary flowers; pedicel at fruiting recurved; petals 8–25 mm long"	"Convolvulus angustissimus"
5	"Pedicels at fruiting recurved; capsule globular to 5.5 mm long; seeds ¼- globular in shape, to 3.5 mm in length, faces with a fine pattern of low irregular tubercles; petals to 10 mm long; sepals usually ± glabrous to sparsely hairy"	"Convolvulus graminetinus"
5	"Pedicels at fruiting straight or sinuate; capsule globular to globular-ovoid, 5.5–8.5 mm long; seeds ¼-ellipsoid in shape, 3–4.8 mm long, faces with irregular ridges; petals exceeding 10mm in length; sepals moderately to densely hairy"	"Convolvulus remotus"
6	"Leaves crenate or serrate with basal lobes usually not prominent, sericeous; hairs ± appressed, commonly > 0.5 mm long"	7
6	"Leaves with distinct terminal lobe and much divided basal lobes or basal lobes auriculate and toothed, not sericeous; hairs usually < 0.5 mm long"	8
7	"Peduncle at flowering < 12 mm long; seeds < 3 mm long; capsule < 4.5 mm in diameter"	"Convolvulus crispifolius"
7	"Peduncle at flowering usually > 12 mm long; seeds > 3 mm long; capsule 5–6 mm in diameter"	"Convolvulus eyreanus"
8	"Corolla with petals > 9 mm long; seeds reticulate, tuberculate or smooth"	9
8	"Corolla with petals < 9 mm long; seeds tuberculate"	12
9	"Pedicel at fruiting straight or sinuate; inflorescence a 1-sided dichasium with 1–3 flowers; peduncle slightly ribbed; margin of terminal lobe usually undulate to lobed; basal lobes auriculate, dentate; seeds with many laterally compressed sinuate tubercles"	"Convolvulus erubescens"
9	"Pedicel at fruiting strongly recurved"	10
10	"Faces of seeds with a fine pattern of low irregular tubercles; inflorescence a 1-sided dichasium with 1 or 2 flowers; peduncle and stems often slightly ribbed; petals to 10 mm long"	"Convolvulus graminetinus"
10	"Faces of seeds with sparse, low, reticulate ridges; flowers solitary; peduncle and stems terete; petals 9–25 mm long"	11
11	"Leaves densely hairy, silvery coloured, with mainly appressed hairs, with ascending lobes often at least half the length of the terminal lobe"	"Convolvulus wimmerensis"
11	"Leaves moderately to sparsely hairy, or if densely hairy, then hairs ascending or spreading, with ascending lobes rarely half the length of the terminal lobe"	"Convolvulus angustissimus"
12	"Pedicel at fruiting recurved"	13
12	"Pedicel at fruiting ± straight to sinuate"	14
13	"Sepals ± glabrous to sparsely hairy; pedicel at fruiting 3–12 mm long; seeds densely tuberculate, wingless"	"Convolvulus graminetinus"
13	"Sepals moderately to densely hairy, pedicels at fruiting 3–6 mm long; seeds sparsely tuberculate, with a discontinuous wing of fused hair-like structures"	"Convolvulus recurvatus"
14	"Stems slender; seeds 2.5–3.2 mm long, with wing present, often discontinuous"	"Convolvulus clementii"
14	"Stems coarse; seeds 3.5–4 mm long with no obvious wing"	"Convolvulus tedmoorei"
