from	statement	to
1	"Lemma of lowest floret with a short apical hook-like bristle"	"Chloris pilosa"
1	"Lemma of lowest floret awned"	2
2	"Spikelet blunt at apex"	3
2	"Spikelet narrowed to pointed at apex"	9
3	"Lowest floret lemma hairy on lower margin"	4
3	"Lowest floret lemma glabrous on margin"	6
4	"Awns much longer than spikelets"	"Chloris virgata"
4	"Awns shorter to slightly longer than spikelets"	5
5	"Inflorescence spikes to 6 cm long; marginal hairs of lemma projecting prominently"	"Chloris ciliata"
5	"Inflorescence spikes more than 8 cm long; marginal hairs of lemma adpressed to margins"	"Chloris gayana"
6	"Spikelet 3-flowered"	7
6	"Spikelet 2-flowered"	8
7	"Inflorescence with more than 5 racemes"	"Chloris inflata"
7	"Inflorescence with up to 4 racemes"	"Chloris sp. Edgbaston (R.J.Fensham 5694)"
8	"Lemma of lowest floret not overlapping second floret, which is clearly visible"	"Chloris truncata"
8	"Lemma of lowest floret overlapping second floret, hiding it from view"	"Chloris ventricosa"
9	"Lemma 1-awned"	10
9	"Lemma 3-awned"	11
10	"Tufted annual; spikes 4-7cm long"	"Chloris pectinata"
10	"Stoloniferous or decumbent perennial; spikes 8-20cm long"	"Chloris divaricata"
11	"Lemma awns subequal, the central slightly longer"	"Chloris lobata"
11	"Lemma awns very unequal"	"Chloris pumilio"
