from	statement	to
1	"Erect or prostrate herb, leaves in basal rosette but also with cauline leaves (leaves up stem); basal leaves +/- oblanceolate, cauline leaves elliptic to lanceolate; stem swollen below involucre; involucre bracts incurved; inner achenes with 5-6 awns"	"Leontodon  rhagadioloides"
1	"Erect herb, leaves in basal rosette, +/- oblanceolate, toothed to deeply lobed"	2
2	"Involucre 6-11mm tall at anthesis, with calyculus (group of small bracts resembling a calyx); outer achenes with a pappus of small scales, inner achenes with a pappus of feathery hairs"	"Leontodon  saxatilis"
2	"Involucre 10-18mm tall at anthesis, no calyculus; all achenes with a pappus of hairs, the outer shorter than the inner"	"Leontodon hispidus"
