from	statement	to
1	"Inflorescence racemose; spikelets on pedicels up to 6mm long"	2
1	"Inflorescence paniculate; spikelets on pedicels up to 30mm long"	4
2	"Spikelets hairy on at least upper glume"	"Whiteochloa semitonsa"
2	"Spikelets glabrous"	3
3	Perennial	"Whiteochloa airoides"
3	Annual	"Whiteochloa cymbiformis"
4	"Spikelets glabrous"	"Whiteochloa capillipes"
4	"Spikelets hairy"	5
5	"Upper glume 5-nerved; lower glume c. 1.5mm long"	"Whiteochloa biciliata"
5	"Upper glume 7-nerved; lower glume c. 1mm long"	"Whiteochloa multiciliata"
