from	statement	to
1	"Leaves > 4 cm long and >2 cm wide"	2
1	"Leaves <4 cm wide and <2 cm wide"	4
2	"Leaf apex acuminate, stipules > 8 mm long [Qld: closed forests of the Atherton Tablelands and near coastal areas as far south as Mission Beach]"	"Erythroxylum sp. (Brewer LA B.Hyland 13373)"
2	"Leaf apex obtuse, stipules < 8 mm long"	3
3	"Leaves > 8 cm long, > 4 cm wide; branchlets markedly flattened; inflorescence a fascicle of 3-4 flowers in the uppermost leaf axils [Qld: closed forests and scrubs on eastern Cape York Peninsula]"	"Erythroxylum sp. (Mosquito Point J.R.Clarkson+ 9991)"
3	"Leaves < 8 cm long, < 4 cm wide; branchlets slightly flattened; inflorescence a single flower (or a pair of flowers) in the uppermost leaf axils [Qld, NT, WA: woodlands north of 20°S from northern Queensland to the Kimberley]"	"Erythroxylum ellipticum"
4	"Stipules 2-setulose; diminutive sub-shrub < 0.5 m tall [Qld, NT: woodlands of Cape York Peninsula north of latitude 13°S and a single population near Gove"	"Erythroxylum sp. (Cholmondely Creek J.R.Clarkson 9367)"
4	"Stipules lacking setae; shrubs or small trees > 1 m"	5
5	"Primary lateral veins in the leaf 9-12, diverging from the midrib at an angle >45º [Qld, NSW: woodlands and deciduous closed forest thickets from near Malborough in central Queensland to northern New South Wales in the vicinity of Killarney, extending as far west as Roma"	"Erythroxylum sp. (Splityard Creek L.Pedley 5360)"
5	"Primary lateral veins in the leaf 3-4, diverging from the midrib at an angle <30º [Qld: woodlands and deciduous vine thickets from Mount Garnett to Duaringa and extending as far west as Hughenden]"	"Erythroxylum australe"
