from	statement	to
1	"Species xx occurring in Western Australia"	2
1	"Species occurring outside Western Australia"	32
2	"Stipules absent"	3
2	"Stipules present"	4
3	"No beard on style; leaves involute; bracteoles scarious"	"Pultenaea adunca"
3	"Beard on style; leaves revolute; bracteoles leaf-like"	"Pultenaea barbata"
4	"Two upper calyx lobes much larger than three lower lobes, with the depth of sinus between two upper lobes > depth of sinus between upper and lower lobes; upper lobes obliquely elliptic and widest near middle"	5
4	"Two upper calyx lobes +/- equal in size to three lower lobes, or if upper lobes larger than lower lobes then upper lobes are fused for almost entire length and sinus between them < sinus between upper and lower lobes; upper lobes +/- triangular or narrowly triangular and widest at base"	13
5	"Leaf margins strongly recurved (particularly clear in young leaves)"	6
5	"Leaf margins flat or incurved"	8
6	"Average leaf length:width ratio > 4:1; leaves spiralled"	"Pultenaea purpurea"
6	"Average leaf length:width ratio < 4:1; leaves decussate or whorled"	7
7	"Pedicels longer than leaves; branchlets with straight appressed hairs"	"Pultenaea rotundifolia"
7	"Pedicels shorter than leaves; branchlets with curly hairs"	"Pultenaea elachista"
8	"Calyx lobes and leaves aristate"	"Pultenaea spinulosa"
8	"Calyx lobes and leaves acute or mucronate but not aristate"	9
9	"In bud upper calyx lobes are coherent with lower lobes for >75% of their length; upper calyx lobe apex acute"	10
9	"In bud upper calyx lobes are coherent with lower lobes for <67% of their length; upper calyx lobe apex obtuse"	11
10	"Prostrate shrub; leaves densely hairy, leaf hairs erect"	"Pultenaea daena"
10	"Erect shrub; leaves sparsely hairy; leaf hairs usually appressed"	"Pultenaea arida"
11	"Leaves usually whorled; leaf length:width ratio > 4:1"	"Pultenaea calycina"
11	"Leaves decussate; leaf length:width ratio < 2:1"	12
12	"Leaf and calyx hairs appressed, grooved; leaves elliptic or obovate; keel petals yellow with red spots at apex"	"Pultenaea wudjariensis"
12	"Leaf and calyx hairs often erect, never grooved; leaves usually obcordate; keel petals red"	"Pultenaea quaerita"
13	"Ovaries and pods have hairs on the inside"	14
13	"Ovaries and pods glabrous inside"	19
14	"Leaves without prominent secondary venation"	15
14	"Leaves with prominent reticulate or pinnate venation"	17
15	"Leaf margins flat; keel pale green"	"Pultenaea pauciflora"
15	"Leaf margins recurved; keel red to brown"	16
16	"Leaves > 10 mm long, held ascending to inclined"	"Pultenaea pinotia"
16	"Leaves < 10 mm long, held divergent to reflexed"	"Pultenaea skinneri"
17	"Leaf venation pinnate; keel pale green or yellow"	"Pultenaea aspalathoides"
17	"Leaf venation reticulate; keel red to brown"	18
18	"Stipules partially enclose stem; leaf apex blunt"	"Pultenaea ochreata"
18	"Stipules do not enclose stem; leaf apex acute to aristate"	"Pultenaea reticulata"
19	"Stipules fused to at least one third of their length behind the petiole"	20
19	"Stipules not fused behind the petiole"	23
20	"Leaf margins recurved"	"Pultenaea brachytropis"
20	"Leaf margins incurved"	21
21	"Bracteoles tridentate, with free stipules"	"Pultenaea vestita"
21	"Bracteoles ovate, without free stipules"	22
22	"Leaves with a sharp point"	"Pultenaea juniperina"
22	"Leaves without a sharp point"	"Pultenaea tenuifolia"
23	"Flower-subtending bracts leaf-like; stipules minute or cryptic"	"Pultenaea adunca"
23	"Flower-subtending bracts scarious with reduced bract 'leaf'; stipules prominent"	24
24	"All leaves < 4 mm measured in a straight line base to apex (i.e., if recurved do not straighten before measuring)"	"Pultenaea empetrifolia"
24	"Most leaves > 4 mm in length"	25
25	"Stipules glabrous"	26
25	"Stipule margins ciliate, body of stipule hairy or glabrous"	31
26	"Bracteoles broad, surrounding calyx, apex rounded"	"Pultenaea radiata"
26	"Bracteoles narrow, not surrounding calyx, apex acuminate"	27
27	"Inflorescence bracts form a tight, multi-layered involucre that is not obscured by leaves"	28
27	"Inflorescence bracts form a lax involucre or simple whorl that is partly obscured by leaves"	30
28	"Inflorescence bracts fused for < two-thirds of length"	29
28	"Inflorescence bracts fused for > three quarters of length"	"Pultenaea strobilifera"
29	"Growing north of 32º 30' S"	"Pultenaea encifolia"
29	"Growing south of 33º 30' S"	"Pultenaea ericifolia southern (Orthia 39)"
30	"Growing south of 33º S parallel; style > 4 mm long and tapering into stigma +/- same diameter as style"	"Pultenaea verruculosa"
30	"Growing north of 32º S parallel; style <4 mm long, bending sharply into bulbous stigma much larger in diameter than style"	"Pultenaea sp. Mt Lesueur (Beard 7827)"
31	"Leaves mucronate; body of bracts and stipules densely hairy to velutinous, hairs on bracts, stipules and stem white and tightly curled"	"Pultenaea brachyphylla"
31	"Leaves aristate; body of bracts and stipules glabrous, or if hairy, then hairs are +/- straight"	"Pultenaea indira"
32	"Ovary glabrous, without a tuft of hairs at the apex"	33
32	"Ovary glabrous except for a tuft of hairs at the apex"	38
32	"Ovary silky-hairy throughout"	63
33	"Venation palmate; leaf base obtuse to rounded, or slightly cordate; leaves often in whorls of three"	"Pultenaea spinosa"
33	"Venation with one main vein, sometimes a ‘false’ marginal vein is present; leaf base attenuate to cuneate; leaves in spirals"	34
34	"Bracteoles round"	"Pultenaea altissima"
34	"Bracteoles longer than wide"	35
35	"Leaves involute to generally u-shaped in cross-section"	"Pultenaea glabra"
35	"Leaves flat in cross-section"	36
36	"Leaf apex straight, emarginate to rounded"	"Pultenaea euchila"
36	"Leaf apex straight to recurved, acute"	37
37	"Leaf apex straight and aristate"	"Pultenaea flexilis"
37	"Leaf apex recurved and not aristate"	"Pultenaea alea"
38	"Margins of bracteole or bracteole stipules fimbriate and beige"	"Pultenaea tuberculata"
38	"Margins of bracteole stipules entire and dark red or stipules apparently absent"	39
39	"Bracteoles without free stipules (bracteole round to linear or boat-shaped)"	40
39	"Bracteoles with free stipules (bracteole tri-dentate)"	50
40	"Inflorescences lax, a leafy raceme"	41
40	"Inflorescences dense, head-like"	45
41	"Petioles decurrent"	42
41	"Petioles not decurrent"	43
42	"Leaf apex acute"	"Pultenaea flexilis"
42	"Leaf apex emarginate to rounded"	"Pultenaea euchila"
43	"Leaf base obtuse to rounded; leaves often in whorls of three or decussate"	"Pultenaea spinosa"
43	"Leaf base attenuate to cuneate; leaves in spirals"	44
44	"Branches drooping, leaves with stiff hairs, usually erect"	"Pultenaea villosa"
44	"Branches erect, leaves with appressed or ascending soft hairs"	"Pultenaea humilis"
45	"Leaves tuberculate"	46
45	"Leaves smooth"	47
46	"Leaves with tufts of needle-like hairs on the tubercles; stipules more than 5 mm long"	"Pultenaea aristata"
46	"Leaves without tufts of needle-like hairs on the tubercles, often with long hairs on the leaf margin; stipules c. 3 mm long"	"Pultenaea echinula"
47	"Leaves linear, acuminate"	48
47	"Leaves elliptic to oblong or ovate"	49
48	"Leaves u-shaped in cross-section; stipules shorter than 6 mm"	"Pultenaea glabra"
48	"Leaves flat in cross-section; stipules longer than 7.5 mm"	"Pultenaea stipularis"
49	"Petioles decurrent; stems glabrous"	"Pultenaea euchila"
49	"Petioles not decurrent; stems spreading-pubescent"	"Pultenaea humilis"
50	"Leaves with a long or short acuminate to aristate point"	51
50	"Leaves lacking a point"	54
51	"Venation palmate"	52
51	"Venation with one main vein, sometimes a ‘false’ marginal vein is present"	53
52	"Leaves straight; calyx lobe apex acute"	"Pultenaea spinosa"
52	"Leaves recurved-arched; calyx lobe apex acuminate"	"Pultenaea procumbens"
53	"Leaves linear, most leaves on a branch more than 3.5 mm long"	"Pultenaea setulosa"
53	"Leaves elliptic, most leaves on a branch less than 3 mm long"	"Pultenaea foliolosa"
54	"Leaf base obtuse to rounded or cordate"	55
54	"Leaf base attenuate to cuneate"	56
55	"Most leaves on a branch more than 4 mm long"	"Pultenaea spinosa"
55	"Most leaves on a branch less than 3 mm long"	"Pultenaea foliolosa"
56	"Bracteoles inserted on the calyx tube"	57
56	"Bracteoles inserted at the base of the calyx"	60
57	"Bracteoles longer than 9 mm; venation palmate (sometimes difficult to see)"	"Pultenaea rostrata"
57	"Bracteoles shorter than 7.5 mm; venation with one main vein, sometimes a ‘false’ marginal vein is present"	58
58	"Leaves covered with hispid hairs and young branches drooping"	"Pultenaea villosa"
58	"Leaves covered with appressed to ascending hairs and young branches straight"	59
59	"Leaf apex obtuse to round; bracteoles more than 3.5 mm long"	"Pultenaea ferruginea"
59	"Leaf apex acute; bracteoles less than 2.6 mm long"	"Pultenaea parviflora"
60	"Leaves covered with hispid hairs; branches drooping"	"Pultenaea villosa"
60	"Leaves covered with appressed to ascending hairs; branches erect"	61
61	"Stipules more than 4.5 mm long"	"Pultenaea canescens"
61	"Stipules less than 3 mm long"	62
62	"Prostrate and mat forming shrub"	"Pultenaea maritima"
62	"Erect to prostrate shrub, but not mat forming"	"Pultenaea subspicata"
63	"Leaves recurved"	64
63	"Leaf margins incurved"	113
64	"Inflorescence-subtending bracts absent (base of inflorescence is not subtended by a set of bract-like scales); petioles not decurrent"	65
64	"Inflorescence-subtending bracts present (base of inflorescence is subtended by a set of bract-like scales); petioles usually decurrent"	80
65	"Flower-subtending bracts scale-like"	66
65	"Flower-subtending bracts leaf-like"	68
66	"Leaf apex acute but without a mucro; leaf surface tuberculate in the Brisbane Ranges (in Victoria) only"	"Pultenaea gunnii"
66	"Leaf apex acute to emarginate and mucronate; leaf surface always tuberculate"	67
67	"Leaf apex acute"	"Pultenaea bracteaminor"
67	"Leaf apex bilobed to emarginate"	"Pultenaea scabra"
68	"Bracteoles boat-shaped with ciliate margins; stipules straw-coloured and ciliate"	"Pultenaea densifolia"
68	"Bracteoles triangular or linear to round without ciliate margins; stipules dark red to brown, not ciliate"	69
69	"Bracteoles round and viscid"	"Pultenaea patellifolia"
69	"Bracteoles triangular to linear and not viscid"	70
70	"Leaves with appressed hairs which are grooved in cross-section (x10 magnification)"	71
70	"Leaves with appressed to erect hairs which are round in cross-section (x10 magnification)"	74
71	"Leaf surface tuberculate"	"Pultenaea bracteamajor"
71	"Leaf surface smooth"	72
72	"Most leaves on a specimen < 1 cm long"	"Pultenaea microphylla"
72	"Most leaves on a specimen > 1 cm long"	73
73	"Bracteoles inserted on the calyx tube; stipules appressed to the stem; endemic to New South Wales and Queensland"	"Pultenaea cuneata"
73	"Bracteoles inserted at the base of the calyx; orientation of stipules on mature branches varying from appressed to recurved; endemic to Queensland"	"Pultenaea millarii"
74	"Peduncles > 5 mm long"	"Pultenaea pedunculata"
74	"Peduncles < 5 mm long"	75
75	"Leaves with a distinct sharp point (a pungent extension of the midvein)"	76
75	"Leaves without a distinct sharp point (midvein not extended beyond the leaf blade)"	78
76	"Leaf apex bilobed to truncate"	"Pultenaea scabra"
76	"Leaf apex acute"	77
77	"Leaves elliptic, endemic to South Australia and Western Australia"	"Pultenaea elachista"
77	"Leaves linear, endemic to northern New South Wales and south-east Queensland"	"Pultenaea petiolaris"
78	"Branchlets with appressed to ascending hairs; stipules appressed to stem"	"Pultenaea gunnii"
78	"Branchlets with erect hairs; stipules recurved"	79
79	"Upper leaf surface with erect hairs"	"Pultenaea hartmannii"
79	"Upper leaf surface glabrous (apart from few hairs at base)"	"Pultenaea tarik"
80	"Hairs round in cross-section (x10 magnification)"	81
80	"Hairs grooved in cross-section (x10 magnification)"	82
81	"Leaves smooth; bracteoles inserted on the calyx tube"	"Pultenaea polifolia"
81	"Leaves tuberculate; bracteoles inserted at the base of the calyx"	"Pultenaea scabra"
82	"Leaf base with thin needle-like hairs (x10 magnification)"	"Pultenaea kraehenbuehlii"
82	"Leaf base without thin needle-like hairs (x10 magnification)"	83
83	"Entire surface of young bracts moderately to densely covered with hairs"	84
83	"Surface of young bracts predominently glabrous, apart from possibly the base, midrib and/or margins"	86
84	"Bracteoles inserted at the base of the calyx"	"Pultenaea pycnocephala"
84	"Bracteoles inserted on the calyx tube"	85
85	"Bracteoles boat-shaped; leaves usually >16 mm long"	"Pultenaea rosmarinifolia"
85	"Bracteoles linear to tri-dentate; leaves <16 mm long"	"Pultenaea capitellata"
86	"Flower-subtending bracts falling at or before flowering"	87
86	"Flower-subtending bracts persistent"	97
87	"Stipules ≥ 1 mm long"	88
87	"Stipules ≤ 1 mm long"	90
88	"Leaf apex not pungent"	"Pultenaea stricta"
88	"Leaf apex pungent"	89
89	"Leaf blade narrowly elliptic to linear with apex tapering gradually into a pungent point"	"Pultenaea benthamii"
89	"Leaf blade cuneate to oblanceolate with apex abruptly ending in a pungent mucro"	"Pultenaea daphnoides"
90	"Petioles not decurrent on young branches"	91
90	"Petioles decurrent on young branches (decurrent till or further than the level of the next leaf down)"	93
91	"Bracteoles ≥ 3 mm long; leaves more or less flat (in South Australia) but incurved in Victoria and New South Wales; apex recurved"	"Pultenaea largiflorens"
91	"Bracteoles usually ≤ 3 mm long; leaves more or less flat, apex straight"	92
92	"Inflorescence-subtending bracts persistent (see notes under species), endemic to the Grampians, Victoria"	"Pultenaea maidenii"
92	"Inflorescence-subtending bracts fall before or during flowering"	"Pultenaea stricta"
93	"Standard < 7 mm long"	"Pultenaea retusa"
93	"Standard > 8 mm long"	94
94	"One flower per inflorescence; bracteoles > 3 mm long; leaves tuberculate"	"Pultenaea victoriensis"
94	"More than 1 flower per inflorescence; bracteoles usually < 3 mm long; leaves smooth"	95
95	"Leaf apex ending abruptly in a mucro; stipules < 1 mm long"	96
95	"Leaf apex without a mucro; stipules > 1 mm long"	"Pultenaea platyphylla"
96	"Calyx lobes all straight; leaf apex usually recurved"	"Pultenaea stricta"
96	"Upper two calyx lobes recurved; leaf apex usually straight"	"Pultenaea daphnoides"
97	"Petioles decurrent on young branches (decurrent to or further than the level of the next leaf down the stem)"	98
97	"Petioles not decurrent on young branches"	100
98	"Bracteoles inserted at the base of the calyx; midrib and secondary side veins prominent on dried upper leaf surface; New South Wales and Queensland"	"Pultenaea myrtoides"
98	"Bracteoles inserted on the calyx tube; midrib prominent only on dried upper leaf surface; endemic to the Victorian Grampians"	99
99	"One flower per inflorescence; bracteoles > 3 mm long; leaves tuberculate"	"Pultenaea victoriensis"
99	"More than 1 flower per inflorescence; bracteoles < 3 mm long; leaves smooth"	"Pultenaea maidenii"
100	"Hairs on the upper part of the calyx spreading"	"Pultenaea linophylla"
100	"Hairs on the calyx appressed"	101
101	"Inflorescence- and flower-subtending bracts with apex obtuse and margin densely ciliate"	"Pultenaea myrtoides"
101	"Inflorescence- and flower-subtending bracts with apex acuminate and margin sparsely ciliate"	102
102	"Bracteoles inserted on the calyx tube"	103
102	"Bracteoles inserted at the base of the calyx"	107
103	"Bracteoles triangular, < 3.8 mm long"	"Pultenaea parrisiae"
103	"Bracteoles boat-shaped to linear, > 3.5 mm long"	104
104	"Midvein prominent only on dried upper leaf surface; lower leaf surface sparsely to moderately hairy"	105
104	"Midvein and side veins prominent on dried upper leaf surface; lower leaf surface densely hairy"	106
105	"Upper calyx lobes acute"	"Pultenaea paleacea"
105	"Upper calyx lobes acuminate"	"Pultenaea rariflora"
106	"Infructescence bracts reddish brown to dark red (Mu 2.5YR4/4, 3/3-6; 10R 3/6)"	"Pultenaea borea"
106	"Infructescence bracts red to yellowish red (Mu 2.5YR4/6-8, 5YR5/6-8)"	"Pultenaea robusta"
107	"Upper two calyx lobes acuminate"	"Pultenaea rariflora"
107	"Upper two calyx lobes acute"	108
108	"Mature lower leaf surface glabrous to sparsely hairy; plants straggling; Victoria and southern New South Wales"	109
108	"Mature lower leaf surface sparsely to densely hairy; plants erect; central and northern New South Wales and southern Queensland"	111
109	"Wing length < 6 mm; endemic to southern New South Wales"	"Pultenaea elusa"
109	"Wing length > 7 mm; Victoria and southern New South Wales"	110
110	"Leaves mostly < 4 mm wide, apex tapering gradually, acute; infructescence bracts very pale brown to yellow"	"Pultenaea sericea"
110	"Leaves mostly > 4 mm wide, apex obtuse with a weak recurved mucro; infructescence bracts red"	"Pultenaea williamsonii"
111	"Midvein prominent only on dried upper leaf surface; lower leaf surface sparsely to moderately hairy"	"Pultenaea paleacea"
111	"Midvein and side veins prominent on dried upper leaf surface; lower leaf surface moderately to densely hairy"	112
112	"Infructescence bracts reddish brown to dark red (Mu 2.5YR4/4, 3/3-6; 10R 3/6)"	"Pultenaea borea"
112	"Infructescence bracts red to yellowish red (Mu 2.5YR4/6-8, 5YR5/6-8)"	"Pultenaea robusta"
113	"Calyx with appressed, grooved hairs"	114
113	"Calyx with appressed to erect, terete in cross-section (not grooved) hairs"	119
114	"Leaves with a long distinct point"	"Pultenaea fasciculata"
114	"Leaves without a sharp point or only shortly aristate"	115
115	"Petioles decurrent"	"Pultenaea dentata"
115	"Petioles not decurrent"	116
116	"Leaves decussate"	"Pultenaea luehmannii"
116	"Leaves spiral or ternate"	117
117	"Bracteoles with free stipules (bracteoles tri-dentate)"	"Pultenaea laxiflora"
117	"Bracteoles without free stipules (bracteoles linear, triangular or boat-shaped)"	118
118	"Inflorescence bracts present and forming an involucre"	"Pultenaea prostrata"
118	"Inflorescence bracts absent"	"Pultenaea tenella"
119	"Bracteoles viscid"	120
119	"Bracteoles not viscid (bracteoles dry)"	124
120	"Young stipules with yellow wax exudate"	121
120	"Young stipules without yellow wax exudate"	122
121	"Leaf base obtuse; petioles decurrent; inflorescences lax"	"Pultenaea graveolens"
121	"Leaf base attenuate to cuneate; petioles not decurrent; inflorescences compact"	"Pultenaea viscidula"
122	"Leaves pungent, elliptic to narrowly elliptic"	"Pultenaea vrolandii"
122	"Leaves at most aristate, linear"	123
123	"Leaf apex recurved, most leaf blades patent relative to the branch"	"Pultenaea williamsoniana"
123	"Leaf apex straight, leaf blades pointing towards the branch apex"	"Pultenaea mollis"
124	"Bracteoles with free stipules (bracteoles tri-dentate)"	125
124	"Bracteoles without free stipules (bracteoles linear to boat-shaped or round)"	128
125	"Leaves with a sharp point"	126
125	"Leaves without a sharp point"	127
126	"Leaves glabrous with attenuate base and straight apex"	"Pultenaea vestita"
126	"Leaves sparsely to densely hairy with round base and recurved (rarely straight) apex"	"Pultenaea trifida"
127	"Leaf blades predominantly flat with incurved margins, glabrous to sparsely hairy (endemic to Queensland)"	"Pultenaea whiteana"
127	"Leaf blades strongly incurved, moderate to densely hairy (South Australia and Victoria)"	"Pultenaea daltonii"
128	"Leaves without a sharp point"	129
128	"Leaves with a sharp point"	134
129	"Standard pink to purple; petioles decurrent"	"Pultenaea subalpina"
129	"Standard yellow to red; petioles not decurrent"	130
130	"Flower-subtending bracts scarious"	131
130	"Flower-subtending bracts herbaceous (with or without enlarged stipules)"	132
131	"Leaves broadly u-shaped in cross-section, linear (Victoria)"	"Pultenaea prolifera"
131	"Leaves flat (with incurved margins), ovate to linear (South Australia)"	"Pultenaea involucrata"
132	"Inflorescence-subtending bracts present; abaxial leaf blade hairs hispid"	"Pultenaea hispidula"
132	"Inflorescence-subtending bracts absent; abaxial leaf blade hairs appressed to ascending"	133
133	"Leaves flat (with incurved margins), margin with long hairs; venation palmate"	"Pultenaea trinervis"
133	"Leaves broadly u-shaped in cross-section, margin without distinct long hairs; one main central vein only"	"Pultenaea tenuifolia"
134	"Flower-subtending bracts scarious or reduced to a single needle with free stipules"	135
134	"Flower-subtending bracts herbaceous (with or without enlarged stipules)"	138
135	"Flower-subtending bracts reduced to a single needle with free stipules"	"Pultenaea juniperina"
135	"Flower-subtending bracts round with fused stipules"	136
136	"Stipules recurved; petioles decurrent"	"Pultenaea rodwayi"
136	"Stipules appressed; petioles not decurrent"	137
137	"Most of leaves recurved; inflorescence-subtending bracts present"	"Pultenaea reflexifolia"
137	"Leaves erect to spreading; inflorescence-subtending bracts absent"	"Pultenaea acerosa"
138	"Petioles decurrent"	139
138	"Petioles not decurrent"	140
139	"Standard pink to purple (Grampians, Victoria)"	"Pultenaea subalpina"
139	"Standard yellow to red (New South Wales)"	"Pultenaea blakelyi"
140	"Inflorescence-subtending bracts present"	141
140	"Inflorescence-subtending bracts absent"	142
141	"Calyx longer than 7 mm, upper lobe apex acuminate; bracteoles longer than 4.5 mm (Grampians, Victoria)"	"Pultenaea costata"
141	"Calyx shorter than 5.5 mm, upper lobe apex acute; bracteoles shorter than 4 mm (Central Victoria)"	"Pultenaea muelleri"
142	"Leaf margin hairs distinctly longer than the other leaf hairs"	143
142	"Leaf margin glabrous or with hairs of similar size to other leaf hairs"	145
143	"Leaves broadly u-shaped in cross-section and stipules longer than 5 mm"	"Pultenaea penna"
143	"Leaves flat (with incurved margin) and stipules shorter than 5.5 mm long"	144
144	"Leaves more than 2 mm wide; calyx more than 5.5 mm long and upper lobe apex acuminate; bracteoles more than 2.5 mm long (New South Wales and Kangaroo I., South Australia)"	"Pultenaea villifera"
144	"Leaves less than 1.6 mm wide; calyx less than 3 mm long and upper lobe apex acute; bracteoles less than 15 mm long (Eyre Peninsula, South Australia)"	"Pultenaea trichophylla"
145	"Leaves smooth (South Australia)"	"Pultenaea acerosa"
145	"Leaves with distinct tubercles (New South Wales)"	146
146	"Stipules more than 5 mm long"	"Pultenaea baeuerlenii"
146	"Stipules less than 2.5 mm long"	"Pultenaea divaricata"
