from	statement	to
1	"Mericarps without a raised vertical crest (rarely slightly ridged) in the centre of the outside surface"	"Embadium johnstonii"
1	"Mericarps with a raised vertical crest in the centre of the outside surface"	2
2	"Mericarps covered with fine hooked hairs on the inside, without spines on the marginal rim, or if rudimentary ones present then margins incurved"	"Embadium stagnense"
2	"Mericarps glabrous, with prominent spines on the marginal rim, with scarcely incurved margins"	"Embadium uncinatum"
