from	statement	to
1	"Leaves distichous or 2-ranked"	"Ardisia bakeri"
1	"Leaves spirally arranged, not distichous or 2-ranked"	2
2	"Margins of lamina crenate with glands/nodules in the sinuses"	"Ardisia crenata"
2	"Margins of lamina usually entire, glands/nodules absent from sinuses"	3
3	"Corolla lobes shorter than corolla-tube"	"Ardisia fasciculata"
3	"Corolla lobes longer than the corolla-tube"	4
4	"Inflorescence paniculate (Christmas Island)"	"Ardisia sanguinolenta"
4	"Inflorescence a short raceme, often appearing subumbellate or condensed"	5
5	"Leaf margins recurved, pedicels >10 mm long"	"Ardisia pachyrrhachis"
5	"Leaf margins not revolute, pedicels<10 mm long"	6
6	"Mature fruits purplish-red to black"	"Ardisia elliptica"
6	"Mature fruits white, pink to red"	7
7	"Flowers usually 12–25 per inflorescence, flowers 3–4 mm long"	"Ardisia brevipedata"
7	"Flowers usually 5–8 per inflorescence, flowers 2–2.5(–3) mm long"	"Ardisia hylandii"
