from	statement	to
1	"Male plants"	2
1	"Female plants"	14
2	"Stems bearing prickles"	"Echinostephia:Echinostephia aculeata"
2	"Stems not bearing prickles"	3
3	"inflorescence umbelliform or a peduncled capitulum"	Stephania
3	"Inflorescence not as above"	4
4	"Sepals spirally arranged"	Hypserpa
4	"Sepals in distinct whorls of 3, or in 1 whorl of 4"	5
5	"Innermost whorl of sepals valvate, at least at apex"	6
5	"Innermost whorl of sepals imbricate"	8
6	"Petals dimorphic; stamens 3"	"Pleogyne:Pleogyne australis"
6	"Petals equal; stamens 6"	7
7	"Sepals glabrous apart from ciliate margins, outer sepals much smaller than inner ones"	"Tiliacora:Tiliacora australiana"
7	"Sepals densely pilose, progressively smaller towards outside"	Carronia
8	"Leaves peltate or subpeltate"	9
8	"Leaves neither peltate nor subpeltate"	11
9	"Petals larger than sepals"	"Sarcopetalum:Sarcopetalum harveyanum"
9	"Petals smaller than sepals"	10
10	"Sepals 4; petals connate into a cup; stamens connate into a peltate synandrium"	"Cissampelos:Cissampelos pareira"
10	"Sepals 6 or more; petals free; stamens free or only partly connate"	"Parapachygone:Parapachygone longifolia"
11	"Stamens 9-18, partly connate in a tight cluster"	Pycnarrhena
11	"Stamens 6, free"	12
12	"Main basal nerves and their main outer laterals extending to leaf margin"	"Legnephora:Legnephora moorei"
12	"Main basal nerves and their main outer laterals not extending to leaf margin"	13
13	"Inflorescence yellowish pubescent, always axillary and subracemose"	"Pachygone:Pachygone ovata"
13	"Inflorescence glabrous or puberulous, axillary or on leafless plants, racemose or branched-spiciform"	Tinospora
14	"Stems bearing prickles"	"Echinostephia:Echinostephia aculeata"
14	"Stems not bearing prickles"	15
15	"Inflorescence with accrescent persistent rotund bracts, often obscuring drupes"	"Cissampelos:Cissampelos pareira"
15	"Inflorescence without accrescent bracts"	16
16	"Inflorescence umbelliform or a peduncled capitulum"	Stephania
16	"Inflorescence not umbelliform or a peduncled capitulum"	17
17	"Drupe with style or its scar terminal or shortly below the apex; seed straight and +/- ellipsoidal, or dorsiventrally flattened and concave"	18
17	"Drupe with style or its scar near base; seed strongly curved, +/- horseshoe-shaped or bean-shaped"	19
18	"Seed +/- ellipsoidal, tilled by large embryo with thick cotyledons, endosperm absent; leaves penninerved, subbasal nerves sometimes present"	Pycnarrhena
18	"Seed dorsiventrally flattened and concave, largely filled with endosperm which surrounds the very thin, flat embryo; leaves palmately nerved at base"	Tinospora
19	"Sepals spirally arranged"	Hypserpa
19	"Sepals in distinct whorls of 3"	20
20	"Carpels 9-12; drupes borne on a shortly branched carpophore"	"Tiliacora:Tiliacora australiana"
20	"Carpels 1-6; drupes not on a branched carpophore"	21
21	"Drupes narrowed at base into a short stipe"	22
21	"Drupes not narrowed at base into a stipe"	23
22	"Endocarp bony; seed horseshoe-shaped"	Carronia
22	"Endocarp crustaceous; seed curved, bean-shaped"	"Pleogyne:Pleogyne australis"
23	"Leaves peltate or subpeltate"	24
23	"Leaves neither peltate nor subpeltate"	25
24	"Leaves lanceolate t6 oblong, penninerved; drupe c. 2.5 cm long; seed without endosperm"	"Parapachygone:Parapachygone longifolia"
24	"Leaves broadly ovate to deltate-ovate, palmately nerved; drupe c. 0.6 cm long; seed with endosperm"	"Sarcopetalum:Sarcopetalum harveyanum"
25	"Main basal nerves and their main outer laterals extending to leaf margin"	"Legnephora:Legnephora moorei"
25	"Main basal nerves and their main outer laterals not extending to leaf margin"	"Pachygone:Pachygone ovata"
