from	statement	to
1	"Leaves with deeply impressed midrib above"	2
1	"Leaves with midrib not or weakly impressed adaxially"	4
2	"Leaves linear-cuneate, c. 1 mm wide at apex; calyx shortly hemispherical"	"Phebalium glandulosum subsp. angustifolium"
2	"Leaves narrowly cuneate or oblong-cuneate, 2–3 mm wide at apex; calyx turbinate to deeply hemispherical"	3
3	"Leaves sinuate; not glossy adaxially; margins flat to slightly recurved"	"Phebalium glandulosum subsp. glandulosum"
3	"Leaves straight-sided, glossy adaxially; margins moderately to strongly recurved"	"Phebalium glandulosum subsp. riparium"
4	"Leaves 2–3 cm long, 3–5 mm wide, glossy adaxially"	"Phebalium glandulosum subsp. nitidum"
4	"Leaves less than 1.5 cm long, 1–2.5 mm wide, not glossy adaxially"	5
5	"Calyx shortly hemispherical, 0.8 mm long, c. 1.5 mm wide"	"Phebalium glandulosum subsp. eglandulosum"
5	"Calyx deeply hemispherical, 0.9–1.6 mm long, 1.8–3 mm wide"	"Phebalium glandulosum subsp. macrocalyx"
