from	statement	to
1	"Mature foliage with velutinous indumentum on lower surface"	"Bridelia finalis"
1	"Mature foliage without velutinous indumentum on lower surface"	2
2	"Leaf petiole black and tessellated; fruit 1-locular"	"Bridelia insulana"
2	"Leaf petiole green or brownish, smooth; fruit 2-locular"	3
3	"Leaf petiole rounded adaxially; sepals < 1.8 mm long"	"Bridelia tomentosa"
3	"Leaf petiole grooved adaxially; sepals 1.8–2 mm long"	4
4	"Leaf lamina with 13–18 lateral veins each side of midrib; fruit 8–13 mm diameter"	"Bridelia exaltata"
4	"Leaf lamina with 10–12 lateral veins each side of midrib; fruit 3–7 mm diameter"	"Bridelia leichhardtii"
