from	statement	to
1	"Outer phyllaries about as long as inner; inner phyllaries without stalked glands; leaves shallowly and irregularly serrate, not deeply lobed"	"Sigesbeckia australiensis"
1	"Outer phyllaries markedly longer than the inner; inner phyllaries bearing stalked glands; leaves coarsely serrate or deeply lobed"	2
2	"Leaves deeply lobed, discolorous; outer phyllaries without glands, inner with stout dark glands"	"Sigesbeckia fugax"
2	"Leaves coarsely serrate or slightly lobed, ± concolorous; outer and inner phyllaries with rather small yellowish glands"	"Sigesbeckia orientalis"
