from	statement	to
1	"Inflorescence a 2-flowered umbel"	2
1	"Inflorescence a raceme of at least three pairs of single flowers or of one or more pairs of triads"	3
2	"Leaves linear to narrowly oblanceolate, discolourous"	"Muellerina myrtifolia"
2	"Leaves elliptic to ovate, concolourous"	"Muellerina bidwillii"
3	"Stems pendulous; leaves usually more than 8 cm long; flowers yellow with red inside"	"Muellerina eucalyptoides"
3	"Stems spreading to erect; leaves usually less than 8 cm long; flowers pink, white or pink-red, with deep purple inside"	4
4	"Leaves linear to lanceolate; flowers open towards raceme; mature bud with distinct bend; epicortical runners hidden or obscured by host bark"	"Muellerina flexialabastra"
4	"Leaves oblong to orbicular ovate; flowers open away from raceme; mature bud an elongated ‘s’ shape; epicortical runners visible"	"Muellerina celastroides"
