from	statement	to
1	"Leaves glabrous on adaxial intervenium"	"Tetracera nordtiana var. wuthiana"
1	"Leaves with stellate-fascicled and/or simple hairs on the adaxial intervenium, the simple hairs 0.4–1.5 mm long"	2
2	"Young stems, leaves and sepals without stellate-fascicled hairs, the sepals sometimes with twinned or few-armed antrorse fascicled hairs, the simple hairs to c. 1.5 mm long; fruiting carpels c. 8 mm long, c. 5 mm wide"	"Tetracera nordtiana var. moluccana"
2	"Young stems, leaves and sepals with stellate-fascicled hairs (sometimes quite dense), the simple hairs 0.4–1 mm long; fruiting carpels c. 5 mm long, c. 3 mm wide"	"Tetracera nordtiana var. nordtiana"
