from	statement	to
1	"Inflorescence compactly capitate; ovate or conical to globose"	2
1	"Inflorescence spiciform or loosely contracted; linear, lanceolate or oblong"	4
2	"Dorsal lemma hairs exceeding base of awns; axilliary spikelets or panicles usually present"	"Enneapogon caerulescens"
2	"Dorsal lemma hairs shorter than or subequal to base of awns; axilliary spikelets or panicles usually present"	3
3	"Awns of lemma distinctly longer than body of lemma; culms usually simple, to 107cm"	"Enneapogon robustissimus"
3	"Awns of lemma shorter than or subequal to body of lemma; culms often strongly branched, to 66cm"	"Enneapogon lindleyanus"
4	"Basal palea cartilaginous, glabrous on body"	5
4	"Basal palea membranous, hairy on body"	6
5	"Basal lemma as wide as long; second floret well developed"	"Enneapogon decipiens"
5	"Basal lemma longer than wide; second floret much smaller than first"	"Enneapogon eremophilus"
6	"Culms disarticulating at nodes"	"Enneapogon cylindricus"
6	"Culms not disarticulating at nodes"	7
7	"Body of basal lemma with appressed hairs on its entire surface; palea keels entirely ciliate"	"Enneapogon virens"
7	"Body of basal lemma with spreading or erect hairs in lower 1/3-1/2; palea keels partly glabrous"	8
8	"Body of basal lemma obscured by dorsal hairs which exceed base of awns"	9
8	"Body of basal lemma partly exposed as dorsal hairs do not or scarcely reach base of awns"	11
9	"Florets usually 2, 1 bisexual; upper florets crowded distally"	"Enneapogon polyphyllus"
9	"Florets usually 3-5, 2-3 bisexual; upper florets not crowded"	10
10	"Glumes usually more than 13-nerved; panicle often loosely contracted"	"Enneapogon avenaceus"
10	"Glumes usually 5-13-nerved; panicle spiciform"	"Enneapogon intermedius"
11	"Body of basal lemma cartilaginous to indurated, nerves scarcely ribbed"	12
11	"Body of basal lemma membranous, nerves thickened"	14
12	"Body of basal palea pubescent in lower 1/2-2/3, glabrous above"	"Enneapogon purpurascens"
12	"Body of basal palea entirely pubescent"	13
13	"Body of basal lemma wider than long, 1.6-2.2mm long; lower glume 9-15-nerved"	"Enneapogon gracilis"
13	"Body of basal lemma as wide as long, 2.0-3.4mm long; lower glume 7-9-nerved"	"Enneapogon pallidus"
14	"Basal lemma deeply corrugated by strongly ribbed nerves"	"Enneapogon truncatus"
14	"Basal lemma with thinly ribbed nerves, not corrugated"	15
15	"Glumes 3.5-8.0mm long; panicle 1-2cm wide, linear-oblong; plant 30-70cm tall"	"Enneapogon nigricans"
15	"Glumes 3.0-5.6mm long; panicle 1.5-2.5cm wide, ovate or pyramidal; plant 50-110cm tall"	"Enneapogon robustissimus"
