from	statement	to	shortcut
1	"Indusium absent; rhizome scandent"	Stenochlaena	"Stenochlaena palustris"
1	"Indusium present; rhizome erect or creeping, if creeping usually underground"	2	
2	"Sterile pinnae with free often forked veins; sori ±continuous and linear on either side of costa"	Blechnum	
2	"Sterile pinnae with at least some anastomosing veins, often some veinlets parallel to costa; sori long and ±continuous or short and ±discrete"	3	
3	"Sori in single or several rows on either side of costa, either short and discrete or ±continuous; if ±continuous then mature lateral fertile pinnae less than 6.5 cm long; lateral sterile pinnae rarely as wide as 1.5 cm"	Doodia	
3	"Sori in a single, ±continuous row on either side of costa; mature lateral fertile pinnae more than 6.5 cm long; lateral sterile pinnae 0.7–3.5 cm wide"	Pteridoblechnum	
