from	statement	to
1	Shrubs	2
1	Herbs	5
2	"Fruit dry"	3
2	"Fruit succulent"	4
3	"Spinescent shrub; leaves leathery, spathulate, to 3 cm long"	"Chenopodium nitrariaceum"
3	"Unarmed soft-wooded shrub; leaves papery, oblong-elliptic to hastate, to 4 cm long"	"Chenopodium auricomum"
4	"Stigma strongly penicillate"	"Chenopodium gaudichaudianum"
4	"Stigma papillose"	"Chenopodium curvispicatum"
5	"Tepals 5, eventually free, almost orbicular, very sparsely mealy, not shed with fruit; seed rounded on margin"	"Chenopodium auricomiforme"
5	"Tepals 3–5, if 5 then mealy and enclosing fruit when shed"	6
6	"Leaves variously toothed"	7
6	"Leaves entire or lobed"	12
7	"Seed deeply muricate"	"Chenopodium erosum"
7	"Seed smooth or minutely pitted"	8
8	"Perianth glabrous; seed horizontal or erect; perianth 3–5-lobed"	9
8	"Perianth mealy; seed horizontal; perianth 5-lobed"	10
9	"Perianth (at least of lateral flowers) shortly 3-lobed, urceolate"	"Chenopodium macrospermum"
9	"Perianth segments free"	"Chenopodium glaucum"
10	"Seed sharply keeled, finely pitted, dull; pericarp persistent"	"Chenopodium murale"
10	"Seed bluntly keeled, smooth to striate or weakly furrowed; pericarp readily detached"	11
11	"Leaves much longer than broad, usually morore than 3 cm long"	"Chenopodium album"
11	"Leaves about as long as broad, usually less than 3 cm long"	"Chenopodium opulifolium"
12	"Plant fetid (smelling of rotting fish)"	13
12	"Plant not fetid"	15
13	"Tepals united to near apex; stamens 5"	"Chenopodium vulvaria"
13	"Tepals free except near base"	14
14	"Stamens 1 or 2"	"Chenopodium detestans"
14	"Stamens 5"	"Chenopodium desertorum"
15	"Inflorescence a very slender panicle; tepals becoming black and enclosing fruit; leaf lamina mostly c. 10 mm long; indumentum very thin"	"Chenopodium hubbardii"
15	"Inflorescence a narrow to broad panicle; tepals not black in fruit"	16
16	"Erect annual; leaves mostly over 3 cm long with a thin mealy indumentum; panicle large"	"Chenopodium album"
16	"Prostrate to erect, usually perennial; leaves usually under 2 cm long, entire; panicle to 5 cm long"	"Chenopodium desertorum"
