from	statement	to
1	"Fronds with an indistinct stipe or sessile; paraphyses lacking enlarged terminal cells"	"Antrophyum callifolium"
1	"Fronds with a distinct stipe; paraphyses with enlarged terminal cells"	2
2	"Stipe abruptly expanded into the lamina; lamina broad (to 8 cm wide)"	"Antrophyum plantagineum"
2	"Stipe gradually expanded into the lamina; lamina narrow (to 1.5 cm wide)"	3
3	"Fronds thinly coriaceous; stipe to 2.5 cm long; smaller fronds obovate-spathulate"	"Antrophyum jagoanum"
3	"Fronds coriaceous; stipe to 7 cm long; smaller fronds lanceolate to oblanceolate"	4
4	"Stipe distinctly winged; paraphyses with short, clavate terminal cells"	"Antrophyum subfalcatum"
4	"Stipe very narrowly winged; paraphyses with elongate, clavate terminal cells"	"Antrophyum austroqueenslandicum"
