from	statement	to
1	"Leaves reduced to sheath, lamina absent"	2
1	"Leaves with a lamina present on some of sheaths, subulate; sheaths appressed"	"Baloskion tenuiculme"
2	"Culms branched"	"Baloskion tetraphyllum"
2	"Culms unbranched"	3
3	"Sheaths with apex either glabrous or fringed with downy hairs less than 1 mm long; spikelets few–many; sterile and flowering glumes either glabrous or the margins sparingly hairy or ciliolate"	4
3	"Sheaths on the upper portion of the culm mostly bearing an apical tuft of fine hairs 1–4 mm long; spikelets few, mostly 1–7; sterile and flowering glumes mostly fringed with long, fine hairs"	"Baloskion fimbriatum"
4	"Free (non-overlapping) portion of the lowest subtending bract on the axis of the inflorescence gradually tapered to an acute or obtuse apex or, if more abruptly tapered, then lax, in either case usually longer than the sheathing base and often exceeding the lowest spikelet, the whole appearing more or less lanceolate"	5
4	"Free portion of the lowest subtending bract more or less abruptly tapered to the apex, never lax, shorter or only slightly longer than the sheathing base, only occasionally exceeding the lowest spikelet; internodes of the axis of the inflorescence elongated"	7
5	"Rhizome (2.5–)4–10 mm diam., up to 20 cm or more in length with few branches; culms 1–3 mm diam., usually spaced 1–5 mm apart on the rhizome; female spikelets ovoid, 6–10 mm"	6
5	"Rhizome 3–4 mm diam., with short crowded branches 0.5–2 cm long, rarely longer; culms 0.75–1.5(–2.0) cm diam., closely arranged on the rhizome; female spikelets oblong-cylindrical, 10–11.5 mm long"	"Baloskion gracile"
6	"Free portion of the lowest subtending bract on the main axis of the inflorescence broad-lanceolate, lax, tending to embrace the lowest spikelets; outer surface of the sheaths and bracts wrinkled to finely muricate"	"Baloskion australe"
6	"Free portion of the lowest subtending bract lanceolate to narrow-lanceolate, appressed, not tending to embrace the spikelets; outer surface of the sheaths and bracts not wrinkled to finely muricate"	"Baloskion stenocoleum"
7	"Spikelets on the lower part of the inflorescence not crowded, but borne on filiform pedicels or fine branches, either of which may be several cm long; apex of the subtending bracts closely appressed; cauline sheaths usually with few very short hairs on margins; flowering glumes 4–6 mm long"	"Baloskion longipes"
7	"Spikelets mostly crowded together on the branches or at the nodes of the inflorescence, the exposed portion of the pedicels not exceeding 5 mm long; apex of the subtending bracts often reflexed by contact with the lower spikelets; cauline sheaths glabrous; flowering glumes c. 2.5–4 mm long"	"Baloskion pallens"
