from	statement	to
1	"Style 5-fid"	"Wahlenbergia capensis"
1	"Style 2- or 3-fid"	2
2	"Stems much-branched; flowers solitary or in few-flowered cymes; inflorescence confined to the upper third of the stem, pedicels ≤ 5 cm long; tufted perennials growing in rock crevices in Queensland and north-eastern New South Wales"	3
2	"Habit and inflorescence various but never a combination of much-branched stems with single- or few-flowered inflorescences"	5
3	"Leaves hirsute, petiolate, elliptic"	"Wahlenbergia scopulicola"
3	"Leaves glabrous, sessile, linear or narrowly elliptic"	4
4	"Stems decumbent or pendent; corolla-lobes 5.5–9 mm long; leaves partly opposite, narrowly elliptic, up to 4 mm wide"	"Wahlenbergia glabra"
4	"Stems ascending; corolla-lobes 3.5–5.5 mm long; leaves all alternate, linear, ≤ 1.5 mm wide"	"Wahlenbergia islensis"
5	"Rhizomatous perennials (although W. insulae-howei becoming tufted when growing in rock crevices); aerial stems and inflorescence unbranched or only sparingly branched"	6
5	"Tufted perennials or annuals; stems usually becoming much-branched, at least in the inflorescence (sometimes unbranched in small annuals)"	11
6	"Leaves linear or narrowly oblong, ≤ 2 mm wide (sometimes lowermost slightly wider in W. gymnoclada)"	7
6	"Lower leaves obovate to narrowly elliptic, > 2 mm wide"	8
7	"All leaves ≤ 15 mm long; style usually 2-fid"	"Wahlenbergia densifolia"
7	"Most leaves > 15 mm long; style 3-fid"	"Wahlenbergia gymnoclada"
8	"Corolla-lobes 10–25 mm long; pedicels (4–)8–40 cm long; leaves rarely confined to basal rosettes"	9
8	"Corolla-lobes 3–11 mm long; pedicels 2–10 cm long; leaves often confined to basal rosettes"	"Wahlenbergia gloriosa"
9	"Corolla blue; style 3-fid; leaves all alternate, margins ± flat; capsules obconic"	"Wahlenbergia ceracea"
9	"Corolla purple; style usually 2-fid; some leaves usually opposite, margins usually undulate; capsules elongated-obconic"	10
10	"Style usually 2-fid; corolla-tube similar in length to the sepals; endemic to Tasmania"	"Wahlenbergia saxicola"
10	"Style 3-fid; corolla-tube distinctly longer than the sepals; endemic to Lord Howe Island"	"Wahlenbergia insulae-howei"
11	"Corolla rotate, lobes > 4 times as long as the tube; style capitate, deeply con stricted less than a third of the way down from the stigmatic lobes"	12
11	"Corolla campanulate, lobes < 4 times as long as the tube; style unconstricted or constricted more than a third of the way down from the stigmatic lobes"	14
12	"Capsules elongated-obconic, more than twice as long as broad; corolla-lobes 2–9 mm long, less than twice as long as the hypanthium; mesic regions of south eastern and south-western Australia"	"Wahlenbergia multicaulis"
12	"Capsules hemispherical to obconic, less than twice as long as broad; corolla-lobes more than twice as long as the hypanthium"	13
13	"Corolla-lobes 6–14 mm long; lower leaves obovate to narrowly elliptic, up to 11 mm wide; plants typically few-stemmed; mesic regions of eastern Australia"	"Wahlenbergia planiflora"
13	"Corolla-lobes 3–9 mm long; lower leaves oblanceolate to linear, ≤ 5 mm wide; plants typically many-stemmed; inland floodplains of the Murray-Darling Basin"	"Wahlenbergia fluminalis"
14	"Lower leaves opposite, linear; capsules elongated-obconic, at least 3 times as long as broad"	"Wahlenbergia luteola"
14	"Lower leaves alternate or, if opposite, then broader than linear and capsules less than 3 times as long as broad"	15
15	"Corolla-lobes 2–4 times as long as the tube"	16
15	"Corolla-lobes 1–2 times as long as the tube"	20
16	"Annuals with slender taproots, often single-stemmed; lower leaves opposite; cap sules elongated-obconic or ellipsoid to globose"	17
16	"Perennials developing thickened, woody taproots, few- to many-stemmed; lower leaves alternate (sometimes the lowermost opposite); capsules hemispherical to obconic"	18
17	"Corolla-lobes 1.5–4 mm long; capsules elongated-obconic; Western Australia and South Australia"	"Wahlenbergia preissii"
17	"Corolla-lobes 6–12 mm long; capsules ellipsoid or globose; New South Wales and Victoria"	"Wahlenbergia victoriensis"
18	"Lower leaves oblanceolate to linear, ≤ 4 mm wide; corolla-lobes 5–9 mm long; mesic regions"	"Wahlenbergia littoricola"
18	"Lower leaves obovate to narrowly elliptical, up to 15 mm wide; corolla-lobes 5–19 mm long"	19
19	"Corolla-lobes 6–19 mm long; plants hirsute, typically few-stemmed; mesic and semi-arid regions"	"Wahlenbergia graniticola"
19	"Corolla-lobes 5–8 mm long; plants glabrous to sparsely hirsute, typically many stemmed; arid regions"	"Wahlenbergia aridicola"
20	"Corolla-lobes 6–20 mm long"	21
20	"Corolla-lobes 0.5–6 mm long"	23
21	"At least the lowermost leaves opposite, margins typically undulate; sepals 3–16 mm long; capsules ellipsoid or globose, often hirsute"	"Wahlenbergia stricta"
21	"Leaves alternate, margins typically flat; sepals 1–6 mm long; capsules hemispher ical, obconic or elongated-obconic, always glabrous"	22
22	"Capsules obconic to elongated-obconic, 4–9 mm long; lower leaves mostly linear"	"Wahlenbergia communis"
22	"Capsules hemispherical to shortly obconic, 1.5–5 mm long; lower leaves broader than linear"	"Wahlenbergia queenslandica"
23	"Annuals with slender taproots, often single-stemmed"	24
23	"Perennials developing thickened, woody taproots, few- to many-stemmed"	26
24	"Sepals narrowly oblong; capsules often hirsute; lower leaves opposite; mesic and semi-arid regions of southern Australia"	"Wahlenbergia gracilenta"
24	"Sepals narrowly triangular; capsules glabrous"	25
25	"Lower leaves alternate; corolla-tube shorter than the lobes; arid and semi-arid regions"	"Wahlenbergia tumidifructa"
25	"Lower leaves opposite; corolla-tube often longer than the lobes; wetter tropical regions"	"Wahlenbergia caryophylloides"
26	"Capsules obconic to obovoid; mesic regions"	"Wahlenbergia gracilis"
26	"Capsules globose to cylindric, often very swollen; arid and semi-arid regions"	"Wahlenbergia tumidifructa"
