from	statement	to
1	"Flowering specimens"	2
1	"Fruiting specimens"	24
2	"Inflorescence racemose or a panicle of shortly pedicellate flowers"	3
2	"Inflorescence spicate or a panicle or fascicle of sessile flowers, or flowers solitary, axillary"	11
3	"Lamina margins serrate or dentate, sometimes obscurely denticulate"	4
3	"Lamina margins denticulate or entire"	8
4	"Petiole up to 4 mm long"	5
4	"Petiole 5–17 mm long"	6
5	"Young branchlets appressed puberulous; petals 1.4–1.6 mm wide; stamens mostly 15–20"	"Symplocos baeuerlenii"
5	"Young branchlets sparsely pilose with erect hairs; petals 2–2.5 mm wide; stamens 30–40"	"Symplocos harroldii"
6	"Young branchlets, petiole and inflorescence glabrous or nearly so"	7
6	"Young branchlets, petiole and inflorescence appressed puberulous or pubescent"	"Symplocos puberula"
7	"Calyx limb 1.7-2 mm long; stamens more than 40; petiole mostly 5–15 mm long"	"Symplocos thwaitesii"
7	"Calyx limb 0.7–0.8 mm long; stamens less than 40; petiole mostly 20–30 mm long"	"Symplocos candelabrum"
8	"Bracts up to 1.2 mm long; bracteoles up to 0.6 mm long; petals up to 4 mm long; stamens up to 20; style up to 2.5 mm long"	9
8	"Bracts 1–2.5 mm long; bracteoles 0.6–1.2 mm long; petals 4 mm long or more; stamens 30–50; style 3 mm long or more"	10
9	"Secondary veins mostly 7–9 pairs; basal ones not more acute and longer than distal ones; bracts caducous before anthesis; petals 2–2.5 mm long; disc and style glabrous"	"Symplocos oresbia"
9	"Secondary veins mostly 4–6 pairs; basal ones more acute and longer than distal ones; bracts persistent to after anthesis; petals 3–3.7 mm long; disc and base of style puberulous"	"Symplocos ampulliformis"
10	"Young branchlets glabrescent; lamina 2–6.5 cm long; inflorescence appressed puberulous; bracts ovate; style 3–3.5 mm long"	"Symplocos wooroonooran"
10	"Young branchlets glabrous; lamina 7–15 cm long; inflorescence glabrous; bracts oblong; style 4.5–5 mm long"	"Symplocos glabra"
11	"Young branchlets, petiole or inflorescence pilose, villous or pubescent with erect hairs"	12
11	"Young branchlets glabrous or puberulous; petiole glabrous; inflorescence glabrous, puberulous, or shortly appressed pubescent"	17
12	"Calyx densely pubescent outside"	13
12	"Calyx glabrous or sparsely pubescent outside"	14
13	"Secondary veins 6–12 pairs; inflorescence a few-flowered fascicle"	"Symplocos cyanocarpa var. pilosa"
13	"Secondary veins mostly 15–20 pairs; inflorescence spicate with many flowers"	"Symplocos crassiramifera"
14	"Sterile shoots rarely with cataphylls; twig hairs, reddish brown; midvein above pilose or villous"	15
14	"Sterile shoots bearing cataphylls; twig hairs white, hyaline or pale ginger brown; midvein glabrous above"	16
15	"Lamina in mature foliage bullate, margins more or less recurved"	"Symplocos bullata"
15	"Lamina not bullate, margins flat"	"Symplocos paucistaminea"
16	"Lamina sometimes bullate between veins, base mostly acutely cuneate, margins often recurved; bracts c. 2 mm long,; calyx lobes obtuse or rounded, entire or minutely denticulate"	"Symplocos hylandii"
16	"Lamina not bullate, base rounded or cordate, margins plane; bracts 3–9 mm long; calyx lobes acute, ciliate"	"Symplocos hayesii"
17	"Inflorescence axes usually branching above the base;"	18
17	"Inflorescence axes solitary or clustered, unbranched above the base or flowers fasciculate or solitary"	22
18	"Lamina margins crenulate and serrulate"	"Symplocos stawellii"
18	"Lamina margins entire, rarely some denticulations evident"	19
19	"Stamens (12–)15–20"	20
19	"Stamens 30–70"	21
20	"Secondary veins mostly 7–9 pairs; basal ones not more acute and longer than distal ones; bracts caducous before anthesis; petals 2–2.5 mm long; disc and style glabrous"	"Symplocos oresbia"
20	"Secondary veins mostly 4–6 pairs; basal ones often more acute and longer than distal ones; bracts persistent to after anthesis; petals 3–3.7 mm long; disc and base of style puberulous"	"Symplocos ampulliformis"
21	"Petiole 3–10 mm long; inflorescence glabrous; bracts oblong; stamens mostly 30–50; style 4.5– mm long"	"Symplocos glabra"
21	"Petiole 10–35 mm long; inflorescence sparsely appressed puberulous; bracts broadly ovate or depressed ovate; stamens mostly 60–70; style 3.5–4 mm long"	"Symplocos gittinsii"
22	"Inflorescence usually several clustered axillary spikes to 1.5 cm long; bracts 1.2–1.5 mm long, sometimes denticulate, pubescent; style 2–2.5 mm long"	"Symplocos graniticola"
22	"Inflorescence a fascicle, or flowers solitary; bracts 1.5 mm long or more; style 2.5–3.5 mm long"	23
23	"Calyx lobes 1–1.4 mm long; petals rounded; filaments pilose"	"Symplocos cyanocarpa var. cyanocarpa"
23	"Calyx lobes 4–5.5 mm long; petals acute; filaments glabrous"	"Symplocos boonjee"
24	"Dry fruit ampulliform (flask-shaped)"	25
24	"Dry fruit globose, depressed globose, or ellipsoid to subcylindrical, rarely ovoid or obovoid"	33
25	"Young branchlets and petiole pilose or villous; infructescence spicate, pilose or villous"	26
25	"Young branchlets and petiole glabrous, puberulous, or appressed pubescent; infructescence paniculate, or racemose, glabrous or appressed pubescent"	29
26	"Dry fruit 5–6 mm long, 3.5–4 mm wide"	"Symplocos paucistaminea"
26	"Dry fruit 7–10 mm long, 4–5 mm wide"	27
27	"Secondary veins 15–20 pairs"	"Symplocos crassiramifera"
27	"Secondary veins 7–12 pairs"	28
28	"Midvein densely villous on upper (adaxial) surface of lamina"	"Symplocos bullata"
28	"Midvein glabrous on upper (adaxial) surface of lamina"	"Symplocos hylandii"
29	"Lamina margins not entire, sometimes teeth scarcely evident on recurved margins"	30
29	"Lamina margins entire"	31
30	"Young branchlets and petiole glabrous; lamina margins flat"	"Symplocos thwaitesii"
30	"Young branchlets puberulous or pubescent; petiole glabrescent; lamina margins recurved"	"Symplocos puberula"
31	"Secondary veins mostly 4–6 pairs; basal pair more acute and longer; style pubescent at base"	"Symplocos ampulliformis"
31	"Secondary veins 7–12 pairs, not more acute and longer near base; style glabrous"	32
32	"Young branchlets puberulous or pubescent, glabrescent; fruit 5.8–6.3 mm long, 4–5.5 mm wide"	"Symplocos wooroonooran"
32	"Young branchlets glabrous; fruit 10–15 mm long; 7–9 mm wide"	"Symplocos oresbia"
33	"Infructescence a glomerule or fruit solitary at each node"	34
33	"Infructescence spicate or racemose, branched or unbranched"	35
34	"Fruit glabrous; calyx lobes 4–5.5 mm long"	"Symplocos boonjee"
34	"Fruit usually not glabrous; calyx lobes 1–1.4 mm long"	"Symplocos cyanocarpa"
35	"Lamina margins entire or sometimes obscurely denticulate"	36
35	"Lamina margins serrate or dentate"	39
36	"Fruit mostly obovoid (Lord Howe Island endemic)"	"Symplocos candelabrum"
36	"Fruit globose, ovoid or ellipsoid (Australian mainland)"	37
37	"Lamina length usually 3-6 times width"	"Symplocos graniticola"
37	"Lamina length usually less than 3 times width"	38
38	"Petioles 10–35 mm long. Pedicels 0–0.2 mm long; fruit 6–7 mm long; 4–5 mm wide"	"Symplocos gittinsii"
38	"Petioles 3–10 mm long. Pedicels 0.2–2 mm long; fruit 9–11 mm long; 8–10 mm wide"	"Symplocos glabra"
39	"Secondary and tertiary veins raised above (adaxially) (dried leaves)"	40
39	"Secondary and tertiary veins not raised above (adaxially)"	42
40	"Young branchlets, bud scales and infructescence axis glabrous"	"Symplocos thwaitesii"
40	"Young branchlets, bud scales and infructescence axis not glabrous"	41
41	"Young branchlets sparsely appressed puberulous; petiole 6–25 mm long; fruit 3.5–4.5 mm wide"	"Symplocos stawellii"
41	"Young branchlets sparsely pilose with erect hairs; petiole 3–4 mm long; fruit 6–7 mm wide"	"Symplocos harroldii"
42	"Shoots usually without cataphylls; lamina 0.7–2 cm wide, sparsely appressed puberulous on underside (abaxially), base acutely cuneate; fruit 4–9 mm long"	"Symplocos baeuerlenii"
42	"Shoots usually bearing scattered cataphylls; lamina 2.5–5.5 cm wide, sparsely pilose on underside (abaxially), base rounded or cordate; fruit 15–20 mm long"	"Symplocos hayesii"
