from	statement	to
1	"Siliqua erect; pedicels at least closely appressed to stem"	2
1	"Siliqua spreading from spreading pedicels"	3
2	"Inflorescence ebracteate; siliqua 20 mm long, conical, appressed to stem"	"Sisymbrium officinale"
2	"Inflorescence bracteate; siliqua 10–35 mm long, cylindrical, basally appressed to stem and then recurved"	"Sisymbrium runcinatum"
3	"Flowers large, the petals more than 6 mm long"	4
3	"Flowers small, the petals less than 6 mm long"	5
4	"Inflorescence bracteate; pedicels to 30 mm long; cotyledons conduplicate (longitudinally folded)"	"Sisymbrium thellungii"
4	"Inflorescence ebracteate; pedicels to 10 mm long; cotyledons flat"	"Sisymbrium orientale"
5	"Siliqua curved, spreading; pedicels slender, 6–10 mm long; petals more then 2.5 mm long"	"Sisymbrium irio"
5	"Siliqua straight, horizontal; pedicels thick, 2–3 mm long; petals less than 2.5 mm long"	"Sisymbrium erysimoides"
