from	statement	to
1	"Hairs bifid with branches closely appressed"	2
1	"Hairs 2- to 4-fid with branches ascending, not appressed"	3
2	"Plant usually erect; petals 3-7 mm long; seeds 1.5-2.5 mm long"	"Phlegmatospermum cochlearinum"
2	"Plant usually prostrate or spreading; petals 3-7 mm long; seeds less than 1.5 mm long"	"Phlegmatospermum eremaeum"
3	"Hairs distinctly stipitate, some 3- or 4-fid; petals 2-3 mm long"	"Phlegmatospermum drummondii"
3	"Hairs subsessile, bifid; petals 3-7 mm long"	"Phlegmatospermum richardsii"
