from	statement	to	shortcut
1	"Ovary and fruit without a fleshy lateral appendage"	2	
1	"Ovary and fruit with a fleshy lateral appendage; domatia absent"	5	
2	"Petals free; style present; domatia present"	3	
2	"Petals united; style obsolete; domatia absent"	4	
3	"Inflorescence a corymbose panicle; filaments reflexed at middle; anthers versatile; ovule 1 per locule; domatia pit-like"	Pennantia	
3	"Inflorescence thyrsoid; filaments not reflexed; anthers not versatile; ovules 2 per locule; domatia pocket-like"	Citronella	
4	"Flowers in spikes; ovary strigose; drupe laterally compressed; endocarp coarsely reticulate"	Ryticaryum	"Ryticaryum longifolium"
4	"Flowers in cymes; ovary glabrous; drupe ellipsoidal; endocarp longitudinally ridged"	Gomphandra	"Gomphandra australiana"
5	"Filaments villous above middle, flattened; style obsolete; drupe ovate or elliptic, 21-25 mm long; appendage ovoid, 28-35 mm long"	Irvingbaileya	"Irvingbaileya australis"
5	"Filaments glabrous, subulate; style slender, persistent; drupe obovate, 12-15 mm long; appendage globular, c. 5 mm long"	Apodytes	"Apodytes brachystylis"
