from	statement	to
1	"Glumes  longer than lemmas and awned"	"Dinebra retroflexa"
1	"Glumes  shorter than lemmas and unawned"	2
2	"Inflorescence of more than 30 racemes"	3
2	"Inflorescence of less than 30 racemes"	7
3	"Spikelets 1-flowered"	"Dinebra neesii"
3	"Spikelets 2-4-flowered"	4
4	"Leaf sheaths lacking tubercle-based pilose hairs"	"Dinebra ligulata"
4	"Leaf sheaths with tubercle-based pilose hairs"	5
5	"Callus apex with long-sericeous to arachnose hairs"	"Dinebra simoniana"
5	"Callus apex glabrous"	6
6	"Plants more than 100cm tall; hairs on leaf sheath occurring throughout the sheath"	"Dinebra southwoodii"
6	"Plants less than 100cm tall; hairs on leaf sheath most dense near sheath apex"	"Dinebra panicea"
7	"Racemes widely spreading and stiff"	"Dinebra divaricatissima"
7	"Racemes not widely spreading, nor stiff"	"Dinebra decipiens"
