from	statement	to
1	"Vegetative leaves opposite, at least on lower stems, linear to ovate, never pinnatifid or terete"	2
1	"Vegetative leaves all alternate, rarely opposite in lower parts and then leaves pinnatifid, trifid, multifid or terete"	5
2	"Ovary 4-locular; styles 4"	3
2	"Ovary 2-locular; styles 2"	"Haloragis serra"
3	"Fruit 4-locular; leaves relatively thin"	4
3	"Fruit becoming 3-locular by abortion; leaves coriaceous"	"Haloragis eichleri"
4	"Leaves lanceolate to oblong, 40 mm long, 6 mm wide or larger; inflorescence bracts toothed"	"Haloragis exalata"
4	"Leaves linear-lanceolate, less than 40 mm long and 6 mm wide; inflorescence bracts usually entire"	"Haloragis stricta"
5	"Leaves distinctly petiolate (petiole at least 5 mm long); hairs (if present) soft"	6
5	"Leaves sessile or very shortly petiolate; hairs (if present) harsh or papillose"	8
6	"Flowers 4-merous; fruit 4-winged or -ribbed"	"Haloragis odontocarpa"
6	"Flowers 3-merous; fruit 3-winged"	7
7	"Fruit sepals with midrib and 2 lateral veins; wings membranous, opaque"	"Haloragis gossei"
7	"Fruit sepals with midrib only; wings woody with 2–4 semi-transparent windows"	"Haloragis trigonocarpa"
8	"Ovary and fruit 4-locular"	9
8	"Ovary and fruit 1–3-locular"	20
9	"Leaves narrowly lanceolate to narrowly ovate, serrate at least in distal part"	10
9	"Leaves terete, multifid or trifid"	19
10	"Plant scabrous"	11
10	"Plant glabrous or with papillose hairs"	17
11	"Hairs curved, 1- or 2-celled, 0.1–0.3 mm long"	12
11	"Hairs hooked at tip, 2–4-celled, 0.1–0.5 mm long"	14
12	"Plant with a tap-root"	13
12	"Plant with deep stoloniferous rootstock"	"Haloragis glauca"
13	"Sepals of flower deltoid; bracteoles membranous, lacking a midrib"	"Haloragis acutangula"
13	"Sepals of flower cordate; bracteoles fleshy, weakly keeled"	"Haloragis foliosa"
14	"Fruit winged"	"Haloragis dura"
14	"Fruit ovoid, pyriform or globular"	15
15	"Fruit (excluding sepals) 2.1 mm long or less"	"Haloragis hamata"
15	"Fruit (excluding sepals) 2.5–4.5 mm long"	16
16	"Fruit ovoid, obpyriform or globular; exocarp verrucose or rugose, not spongy"	"Haloragis aspera"
16	"Fruit globular; exocarp smooth, spongy"	"Haloragis uncatipila"
17	"Plant glabrous; fruit of various shapes; exocarp usually not inflated"	18
17	"Plant with unicellular transparent papillose hairs 0.1–0.2 mm long; fruit depressed-globular; exocarp always swollen, spongy"	"Haloragis platycarpa"
18	"Leaves green; fruiting sepals deltoid, about as long as broad"	"Haloragis acutangula"
18	"Leaves glaucous; fruiting sepals linear, longer than broad"	"Haloragis glauca"
19	"Leaves multifid or trifid, scabrous; hairs hooked at the tip, rarely glabrous"	"Haloragis heterophylla"
19	"Leaves terete, glabrous or very sparsely scabrous; hairs short, thick, curved"	"Haloragis myriocarpa"
20	"Leaves linear to narrowly lanceolate"	21
20	"Leaves pinnatifid, multifid or pinnatipartite"	"Haloragis tenuifolia"
21	"Plant scabrous"	22
21	"Plant glabrous"	24
22	"Fruit scabrous; leaves weakly toothed or entire"	23
22	"Fruit glabrous; leaves strongly toothed to pinnatifid"	"Haloragis aculeolata"
23	"Fruit with swollen exocarp, 1.8–2.1 mm diam.; hairs hooked at tip; shrub or subshrub"	"Haloragis hamata"
23	"Fruit with membranous exocarp, 0.8–1 mm diam.; hairs conical or curved; herb"	"Haloragis eyreana"
24	"Leaves 40 mm or more long, coarsely serrate"	"Haloragis scoparia"
24	"Leaves less than 25 mm long, entire or weakly serrate"	"Haloragis digyna"
