from	statement	to
1	"Fruit pink or red; seeds about 10 mm long"	"Rhodomyrtus macrocarpa"
1	"Fruit cream or brown; seeds 1-2 mm long"	2
2	"Leaf underside clothed in pale brown or silvery hairs"	3
2	"Leaf underside clothed in rusty hairs"	4
3	"Leaf underside clothed in matted hairs"	"Rhodomyrtus canescens"
3	"Leaf underside silky hairy"	"Rhodomyrtus sericea"
4	"Fruit cut lengthways shows seeds stacked in rows of 3-5 (rarely 7)"	"Rhodomyrtus trineura"
4	"Fruit cut lengthways shows seeds stacked in rows of 7-14"	5
5	"Leaf base cuneate; petioles 5-13 mm long"	"Rhodomyrtus pervagata"
5	"Leaf base rounded or cordate; petioles 1-5 mm long"	"Rhodomyrtus effusa"
