from	statement	to
1	"Hilum c. half as long as seed; leaf lamina 0.25–0.5 (–0.7) cm wide; petiole narrowly canaliculate"	"Geijera linearifolia"
1	"Hilum extending for full length of seed; lamina of larger leaves 1–7 cm wide, or, if narrower, then petiole broadly canaliculate"	2
2	"Leaf lamina ovate to elliptic, or narrowly so, in larger leaves 1–7 cm wide, 1.5–8 times longer than wide"	"Geijera salicifolia"
2	"Leaf lamina linear or sublinear, in larger leaves 0.3–1.4 cm wide, 10–50 times longer than wide"	"Geijera parviflora"
