from	statement	to
1	"Leaves expanded and stem-clasping at base, the upper part obovate. Anther appendages minute. (Carnamah–Northam, W.A.)"	"Quoya dilatata"
1	"Leaves neither expanded nor stem-clasping at base. Anther appendages prominent on at least one pair of stamens."	2
2	"Stems with many fine longitudinal striations. (Nickol Bay–Hill River, W.A.–N.T.)"	"Quoya loxocarpa"
2	"Stems not longitudinally striate."	3
3	"Young stems with glandular dendritic hairs."	4
3	"Young stems with non-glandular dendritic hairs."	5
4	"Calyx deeply divided into lobes, the tube shorter than the lobes. (Dirk Hartog Island–Nerren Nerren Stn, W.A.)"	"Quoya cuneata"
4	"Calyx divided to about the middle into lobes. (north of Murchison River–near Mount Magnet–Mingenew area, W.A.)"	"Quoya oldfieldii"
5	"Calyx lobes narrowly ovate. Corolla 6–14 mm long. (Nerren Nerren Stn–Hill River, W.A.)"	"Quoya verbascina"
5	"Calyx lobes ovate to obovate. Corolla (13–)15–25 mm long."	6
6	"Leaves obovate or narrowly so. Cymes arranged in a lax panicle. Calyx lobes distinctly longer than tube. (Roebourne–Shark Bay–Wiluna, W.A.)"	"Quoya paniculata"
6	"Leaves broadly elliptic to broadly obovate or almost circular. Cymes in a leafy raceme-like arrangement. Calyx lobes shorter than or as long as tube. (Dirk Hartog Island–Greenough River, W.A.)"	"Quoya atriplicina"
