from	statement	to
1	"Perennial, spindly shrub to 6 m; corolla yellow"	"Nicotiana glauca"
1	"Annual or short-lived perennial herb; corolla white or pink"	2
2	"Plant 1–3 m high; inflorescence short, dense, panicle-like; corolla white or pink"	"Nicotiana tabacum"
2	"Plant usually less than 1 m high; inflorescence loose, elongated, panicle- or raceme-like, or flowers solitary in leaf axils; corolla white"	3
3	"Ellipsoid-headed glandular hairs present at least on inflorescence"	4
3	"Ellipsoid-headed glandular hairs absent"	7
4	"Lamina of lower leaves wider than long, or nearly as wide; cauline leaves petiolate"	5
4	"Lamina of lower leaves longer than wide; at least the uppermost cauline leaves sessile or almost so"	6
5	"Petioles broadly winged; corolla-lobes obtuse"	"Nicotiana cavicola"
5	"Petioles very narrowly winged or almost terete; corolla-lobes acute"	"Nicotiana umbratica"
6	"Inflorescence many-branched when mature, leafless; corolla-limb 6–13 mm diam., lobes obtuse to acute; Seeds oblong to trapezoid"	"Nicotiana debneyi"
6	"Inflorescence few-branched when mature, often leafy in lower part; corolla-limb 10–25 mm diam., lobes notched; Seeds reniform, acutely angled, C- or U-shaped"	"Nicotiana occidentalis"
7	"Flowering stems leafy; flowers solitary in leaf axils or arising from internodes"	"Nicotiana benthamiana"
7	"Flowering stems leafless, or leafy at base only; flowers in raceme- or panicle-like inflorescences"	8
8	"Cauline leaves decurrent on stem"	"Nicotiana excelsior"
8	"Cauline leaves not decurrent on stem"	9
9	"Leaves mostly cauline, bases broadly auriculate and stem-clasping"	10
9	"Leaves radical and cauline or mostly radical; cauline leaves not broadly auriculate and stem clasping"	12
10	"Corolla-tube 15–20 mm long; capsule 5–9 mm long"	"Nicotiana amplexicaulis"
10	"Corolla-tube more than 25 mm long; capsule 7–16 mm long"	11
11	"Testa irregularly honeycombed or wrinkled; corolla-lobes usually obtuse"	"Nicotiana gossei"
11	"Testa regularly honeycombed; corolla-lobes usually notched"	"Nicotiana megalosiphon"
12	"Stems and leaves pubescent all over"	13
12	"Stems and leaves glabrous, glabrescent, or pubescent near base only"	17
13	"Corolla-tube more than 25 mm long or, if shorter, the length more than 14 times the width (measured at top of calyx)"	14
13	"Corolla-tube less than 25 mm long or, if longer, the length less than 14 times the width (measured at top of calyx)"	15
14	"Corolla-tube usually less than 40 mm long; upper 4 anthers not all at the same level"	"Nicotiana simulans"
14	"Corolla-tube usually at least 40 mm long; upper 4 anthers all at the same level"	"Nicotiana megalosiphon"
15	"Pubescence velvety; intersepalar membranes inconspicuous; Seeds C-shaped"	"Nicotiana velutina"
15	"Pubescence not velvety; intersepalar membranes often conspicuous; Seeds reniform or acutely angled"	16
16	"Bases of stems usually white- or grey-woolly; hairs non-glandular"	"Nicotiana maritima"
16	"Bases of stems not white- or grey-woolly; hairs glandular and non-glandular"	"Nicotiana rotundifolia"
17	"Capsule usually at least 3 times as long as wide; corolla-tube 1–2 mm wide at top of calyx, the length more than 14 times the width at that point"	"Nicotiana rosulata"
17	"Capsule not more than twice as long as wide; corolla-tube 1–6 mm wide at top of calyx, the length less than 14 times the width at that point"	18
18	"Stems and leaves glabrous or basal leaves, stem bases and young shoots pubescent"	19
18	"Stems and leaves glabrescent"	20
19	"Corolla-tube usually more than 18 mm long, distinctly broadening up to the limb"	"Nicotiana suaveolens"
19	"Corolla-tube usually 8–18 mm long, not distinctly broadening up to the limb"	"Nicotiana goodspeedii"
20	"Seeds C-shaped; intersepalar membranes inconspicuous"	"Nicotiana velutina"
20	"Seeds reniform or acutely angled; intersepalar membranes conspicuous"	"Nicotiana rotundifolia"
