from	statement	to
1	"Key based on male flowers"	2
1	"Key based on female flowers"	6
2	"Stamens in several whorls, covering disc"	Gyrostemon
2	"Stamens in 1 whorl; disc bare in centre"	3
3	"Plant prostrate with erect inflorescences"	4
3	"Plant erect"	5
4	"Stamens 8-10; calyx 1.5 mm long; plant often scabrous"	"Cypselocarpus:Cypselocarpus haloragoides"
4	"Stamens 11-15; calyx 2 mm long; plant always smooth"	"Tersonia:Tersonia brevipes"
5	"Leaves flat, petiolate, rarely sessile; small trees"	Codonocarpus
5	"Leaves linear-terete, sessile; small shrubs"	Gyrostemon
6	"Fruit dehiscent"	7
6	"Fruit indehiscent"	8
7	"Fruit turbinate; pedicels 8-50 mm long; leaves flat, petiolate; carpels dehiscing on inner margin"	Codonocarpus
7	"Fruit ± spherical; pedicels to 7 mm long; leaves linear-terete, sessile; carpels dehiscing on outer margin"	Gyrostemon
8	"Carpel 1; fruit barrel-shaped, 2.5-4 mm diam."	"Cypselocarpus:Cypselocarpus haloragoides"
8	"Carpels 16-20; fruit depressed-spherical, rugose, 10-20 mm diam."	"Tersonia:Tersonia brevipes"
