from	statement	to
1	"Flowers red; inflorescence with 1–5 internodes on main axis"	"Corymbia cadophora subsp. pliantha"
1	"Flowers cream to rarely pink; inflorescence with 4–7 internodes on main axis"	2
2	"Umbellasters usually <10-flowered; fruit 25–36 mm long x 22–38 mm wide, usually lacking a distinct neck"	"Corymbia cadophora subsp. cadophora"
2	"Umbellasters usually 3–17-flowered; fruit 30–38 mm long x 18–23 mm wide, sometimes with a distinct neck"	"Corymbia cadophora subsp. polychroma"
