from	statement	to
1	"Trees or shrubs with serrate leaves; south-west Pacific Islands"	"Pouzolzia australis"
1	"Plants herbaceous, stems sometimes woody; leaves entire; mainland Australia"	2
2	"Diffuse herb; stems not woody; leaves 3-nerved at base with upper lateral veins; male perianth not inflexed, appearing globular; fruiting perianth not winged"	"Pouzolzia zeylanica"
2	"Erect herb; stems elongated, woody at base; leaves 3-nerved at base, nerves extending to apex, lateral veins absent near apex; male perianth strongly inflexed, concave at apex; fruiting perianth strongly winged"	"Pouzolzia hirta"
