from	statement	to
1	"Petals 22–32 mm long, 9–22 mm wide; capsules oblong to ovate-elliptic, 25–36 (–45) mm long; capsular spines 14–26 per valve, unequal; seeds 1.5–1.8 mm diam."	2
1	"Petals 30–38 mm long, 20–32 mm wide; capsules fusiform or subfusiform, 35–50 mm long; capsular spines 10–14 per valve, ±equal; seeds 1.8–2.5 mm diam."	"Argemone subfusiformis"
2	"Buds (excluding sepal horns) subspherical or slightly longer than wide; petals bright yellow"	"Argemone mexicana"
2	"Buds (excluding sepal horns) oblong, about twice as long as wide; petals pale yellow"	"Argemone ochroleuca"
