from	statement	to
1	"Stem solitary"	"Linospadix monostachyos"
1	"Stems clustering"	2
2	"Fruit globose-turbinate to subglobose, 5—9 mm long"	"Linospadix microcaryus"
2	"Fruit ellipsoid, or elongate-cylindrical, 8—18 mm long"	3
3	"Petiole lacking or rarely to 2 cm long; leaf usually undivided, occasionally with few divisions with united segments"	"Linospadix apetiolatus"
3	"Petiole 4—51 cm long; leaf always variously divided with both single and united segments in various arrangements"	4
4	"Staminate ﬂowers bullet—shaped in bud, widely opening at anthesis; petals green; stamens 7-20"	"Linospadix minor"
4	"Staminate ﬂowers globose in bud, barely opening at anthesis; petals orange—yellow; stamens 6—9"	"Linospadix palmerianus"
