from	statement	to
1	"Leaf lamina with entire to sinuate margins"	2
1	"Leaf lamina with crenate margins"	3
2	"Leaves +/- concolorous, often in short brachyblasts; male flowers with 2 sepals and 2 stamens"	"Excoecaria parvifolia"
2	"Leaves discolorous, not in short brachyblasts; male flowers with 3 sepals and 3 stamens"	"Excoecaria ovalis"
3	"Leaf lamina with 11-14 teeth per side of midrib on margin; female flowers with pedicels 1-2 mm long, styles 1-1.5 mm long; fruit depressed globose, 4-5 mm long, 5-7 mm diameter"	"Excoecaria agallocha"
3	"Leaf lamina with 14-28 teeth per side of midrib on margin; female flowers with pedicels 0.5-0.8 mm long, styles 1.5-3.5 mm long; fruit globose, 6-6.6 mm long, 7.5-8 mm diameter"	"Excoecaria dallachyana"
