from	statement	to
1	"Lower pair of leaflets partly united to rachis; pod with 4 distinct wings"	"Lotus tetragonolobus"
1	"Lower pair of leaflets free from rachis; pod not winged"	2
2	"Flowers pink, white or purple-red; leaves with all five leaflets obovate or oblanceolate, rarely linear."	3
2	"Flowers yellow, sometimes streaked red or purple; basal and terminal leaflets dissimilar in shape, the basal pair ovate or lanceolate, the upper three obovate or oblanceolate."	4
3	"Plants erect; leaflets 8–40 mm long, umbels with 2–8 flowers; flowers 10–18 mm long; calyx 5–12 mm long; keel obtusely curved along lower edge"	"Lotus australis"
3	"Plants prostrate or ascending; leaflets 10–15 mm long; umbels with 1–3 flowers; flowers 6–9 mm long; calyx 4–5 mm long; keel abruptly angled on lower edge"	"Lotus cruentus"
4	"Plants densely silky hairy, greyish in appearance; leaf rachis 1–2.5 mm long; calyx somewhat bilabiate, the lobes distinctly unequal"	"Lotus creticus"
4	"Plants densely or sparsely hairy or glabrous, green in appearance; leaf rachis more than 3 mm long; calyx campanulate, the lobes subequal"	5
5	"Plants annual, densely hairy with long spreading hairs; flowers 4–10 mm long; calyx lobes much longer than calyx tube"	6
5	"Plants perennial; hairy with adpressed hairs or glabrous; flowers 7–14 mm  long; calyx lobes longer or shorter than calyx tube"	7
6	"Lower edge of keel with a distinct right angled bend near the middle; pods 1–1.5 mm wide and more than 4 times the calyx length"	"Lotus angustissimus"
6	"Lower edge of keel obtusely curved from near base; pods 1.5–2 mm wide and less than 3 times the calyx length"	"Lotus subbiflorus"
7	"Inflorescences with 8–14 flowers; veins on leaflets distinct; calyx lobes equal to or shorter than the tube; corolla drying yellow or brown"	"Lotus uliginosus"
7	"Inflorescences with 1–6 flowers; veins on leaflets barely visible; calyx lobes shorter or longer than the tube; corolla drying green"	8
8	"Leaflets 7–20 mm long; calyx 7–9 mm long; calyx lobes c. 1.5 times longer than calyx tube"	"Lotus preslii"
8	"Leaflets 3–12 mm long; calyx 5–7 mm long; calyx lobes equal to or shorter than calyx tube"	9
9	"Terminal leaflets obovate, less than 3 times as long as wide; standard ovate, acute"	"Lotus corniculatus"
9	"Terminal leaflets linear or narrowly obovate, more than 3 as long as wide; standard broadly obovate"	"Lotus tenuis"
