from	statement	to
1	"Leaflets 6–12; petals 7–7.5 mm long; berries white with speckles"	"Murraya crenulata"
1	"Leaflets 5–21; petals 5–25 mm long; berries orange-red, red, blue-black or black"	2
2	"Branchlets glabrous (young shoots glabrous to hairy), with pale bark; leaflets usually 5–9, not foetid when crushed; rachis usually glabrous; petals 8–25 mm long; berry ovoid, 10–14 mm long, orange-red"	"Murraya paniculata"
2	"Branchlets pubescent, with almost black bark; leaflets 11–21, curry spice scented; rachis pubescent; petals 5–8 mm long; berry subglobose, 5–10 mm long, red or blue-black to black"	"Murraya koenigii"
