from	statement	to
1	"Inflorescence umbel-like, or corymb-like with 1–3 branches, usually 3–10-flowered, shorter than or equalling leaves; flowers white; leaf sheath canaliculate, ribbed but usually smooth outside, the midrib abaxially ridged but not keeled"	"Thelionema umbellatum"
1	"Inflorescence cymose, 2–many-branched, with many flowers, exceeding leaves; flowers blue or white; leaf sheath complicate, ±closed distally, ribbed, papillose or smooth outside, the midrib acutely angled or keeled"	2
2	"Leaf lamina 0.2–1.2 cm wide; sheath papillose outside; mature seed smooth"	"Thelionema caespitosum"
2	"Leaf lamina 1.2–2.8 cm wide; sheath usually smooth outside; mature seed verruculose to ±rugulose"	"Thelionema grande"
