from	statement	to
1	"Prostrate to erect herbs or shrubs, scurfy or scaly pubescent; seed aligned parallel to bracteoles"	2
1	"Prostrate herbs, monoecious, covered with watery bladder-hairs; seed aligned at right angles to the urceolate bracteoles"	"Atriplex billardierei"
2	"Annuals or short-lived perennials, monoecious; fruiting bracteoles almost totally united, spongy or (in one species) dorsiventrally flattened and with broad vertical wings; appendages (other than wings) absent"	3
2	"Annuals, perennials, or shrubs; fruiting bracteoles free or united, not spongy though sometimes with spongy appendages; wings absent"	10
3	"Bracteoles globular, ellipsoidal, or obovoid; wing-like appendages absent"	4
3	"Bracteoles variously shaped bearing one or two horizontal to vertical wing-like appendages (sometimes very narrow)"	5
4	"Leaves sessile or shortly petiolate; bracteoles broadly ellipsoidal to globular, 4–6 mm long, rarely to 8 mm"	"Atriplex spongiosa"
4	"Leaves conspicuously petiolate; bracteoles globular to obovoid, 8–12 mm long"	"Atriplex holocarpa"
5	"Tube small, obconical, 1–3 mm high, somewhat compressed"	6
5	"Tube prominent, 5–12 mm high, either compressed and bordered by decurrent wings or turbinate to globular without decurrent wings"	8
6	"Valves fan-shaped, appressed; appendages inflated, attached to apex of tube on each side"	"Atriplex kochiana"
6	"Valves minute or triangular and 1–2 mm long; appendages wing-like, horizontal, somewhat undulate"	7
7	"Bracteoles scurfy pubescent"	"Atriplex obconica"
7	"Bracteoles glabrous, glossy"	"Atriplex macropterocarpa"
8	"Bracteoles broadly turbinate, cup-shaped, or subglobular; wing more or less horizontal"	9
8	"Bracteoles compressed; wings erect or spreading, decurrent down tube"	"Atriplex lindleyi"
9	"Bracteoles subglobular; upper surface curved; wing narrow, almost horizontal; leaves narrowly elliptic to narrowly obovate, acute"	"Atriplex lindleyi"
9	"Bracteoles turbinate to cup-shaped; upper surface flat; wing prominent, horizontal, thin; leaves rhombic to orbicular"	"Atriplex codonocarpa"
10	"Annuals with slender, ribbed stems; leaves herbaceous, flat, with open venation"	11
10	"Perennial herbs or shrubs; leaves with closed dark green reticulate venation"	13
11	"Fruiting bracteoles sub-orbicular, c. 10 mm long, thin, reticulate, or bracteoles absent and perianth present; erect plant with triangular leaves"	"Atriplex hortensis"
11	"Fruiting bracteoles deltoid to rhomboid, 3–6 mm long, thickened with age and sometimes tuberculate"	12
12	"Lower leaves triangular or hastate with spreading or slightly backwardly directed basal lobes"	"Atriplex prostrata"
12	"Lower leaves lanceolate, entire to deeply serrate, if hastate then with forwardly directed basal lobes"	"Atriplex australasica"
13	"Perennial herbs, monoecious; glomerules of male flowers axillary or spicate"	14
13	"Perennial herbs or shrubs, predominantly dioecious; glomerules of male flowers spicate or paniculate"	59
14	"Bracteoles from half to nearly entirely united"	15
14	"Fruiting bracteoles free to near base"	45
15	"Bracteoles cylindrical or with a cylindrical tube"	16
15	"Bracteoles flattened to biconvex, without a cylindrical tube"	20
16	"Bracteoles 4–6-lobed at apex, the lobes horn-like, fan-shaped, or reduced to small teeth"	"Atriplex limbata"
16	"Bracteoles acute to rounded or truncate"	17
17	"Bracteoles with free broadly fan-shaped to reniform valves, often with recurved lobes"	"Atriplex angulata"
17	"Bracteoles fused to apex; distal portion flattened to cylindrical, oblong or narrowly cuneate"	18
18	"Bracteole apex flattened, rhomboid or cuneate, dentate, glossy when mature"	"Atriplex intermedia"
18	"Bracteole apex compressed or cylindrical, insignificant, scurfy"	19
19	"Bracteoles smooth, 3–5 mm long, the basal portion being the spongy straw-coloured stipe (central Australia)"	"Atriplex sturtii"
19	"Bracteoles smooth or tuberculate, 4–6 mm long including the slender or spongy stipe"	"Atriplex leptocarpa"
20	"Bracteoles without dorsal appendages"	21
20	"Bracteoles with dorsal appendages"	34
21	"Bracteoles sessile or appearing so"	22
21	"Bracteoles stipitate"	29
22	"Bracteoles ± deltoid, prominently reticulate, often red and succulent when fresh; plant prostrate or decumbent"	"Atriplex semibaccata"
22	"Bracteoles variously shaped, not succulent"	23
23	"Erect divaricately branched plant with deeply concave clasping leaves (Nullarbor Plain)"	"Atriplex cryptocarpa"
23	"Prostrate to erect; leaves not clasping"	24
24	"Plant prostrate; leaves 2–6 mm long; bracteoles 1–1.5 mm long"	"Atriplex pumilio"
24	"Plant decumbent to erect; leaves and bracteoles longer than above"	25
25	"Bracteoles oblong with somewhat swollen tube"	"Atriplex acutibractea"
25	"Bracteoles compressed and rhomboid to deltoid or swollen and rounded at apex"	26
26	"Bracteoles swollen, rounded at apex"	"Atriplex muelleri"
26	"Bracteoles compressed, rhomboid to deltoid"	27
27	"Leaves coarsely serrate, sparsely scurfy above and below; bracteoles scurfy-pubescent"	"Atriplex suberecta"
27	"Leaves sinuate-dentate to entire, scurfy below, glabrescent above"	28
28	"Leaves narrowly elliptic, c. 10 mm long, entire; bracteoles c. 2 mm long and wide, scurfy-pubescent"	"Atriplex infrequens"
28	"Leaves oblong-elliptic, 10–20 mm long, entire or sinuate-dentate; bracteoles 2–5 mm long and wide, glabrous or sparsely scurfy"	"Atriplex semibaccata"
29	"Leaves sessile or subsessile, 5–20 mm long, rarely to 30 mm"	30
29	"Leaves prominently petiolate, 20–40 mm long; bracteoles with fan-shaped or reniform valves"	"Atriplex angulata"
30	"Bracteoles deltoid to rhomboid, flattened, reticulate; leaves glabrescent above"	"Atriplex semibaccata"
30	"Bracteoles swollen at least in part"	31
31	"Bracteoles acute"	"Atriplex acutibractea"
31	"Bracteoles obtuse to truncate, entire or toothed"	32
32	"Bracteoles turbinate or narrowly turbinate, c. 5 mm long"	"Atriplex turbinata"
32	"Bracteoles rhomboid to deltoid or broadly deltoid"	33
33	"Bracteoles with a short, thick stipe and deltoid 3-toothed valves, in all 2–3 mm long"	"Atriplex crassipes"
33	"Bracteoles shortly and narrowly stipitate, broadly deltoid, 2–3 mm long, denticulate or entire"	"Atriplex pseudocampanulata"
34	"Bracteole appendages numerous, verrucose, papillose or spiny"	35
34	"Bracteole appendages 1–4, or few and flattened or inflated"	38
35	"Appendages needle-like (W.A.)"	"Atriplex spinulosa"
35	"Appendages blunt, verrucose or papillose"	36
36	"Leaves thick, linear to narrowly oblong, acute"	"Atriplex papillata"
36	"Leaves thin, elliptic to broadly obovate"	37
37	"Leaves broadly obovate, sinuate-dentate, rounded"	"Atriplex morrisii"
37	"Leaves elliptic, acute"	"Atriplex flabelliformis"
38	"Appendages distinct, tuberculate, papapillose, or slender"	39
38	"Appendages inflated, foliaceous, or spiny (and usually united towards base)"	41
39	"Bracteoles with a short, thick stipe; valves flattened, deltoid, c. 2 mm long"	"Atriplex crassipes"
39	"Bracteoles sessile or, if stipitate, with spinose appendages"	40
40	"Bracteoles U-shaped, swollen, c. 1.5 mm long"	"Atriplex elachophylla"
40	"Bracteoles deltoid to fan-shaped, flattened, 3–4 mm long, sessile or shortly stipitate, with 2–4 spines each side"	"Atriplex cornigera"
41	"Bracteoles with swollen base and narrow, beak-like valves; appendages inflated"	"Atriplex nessorhina"
41	"Bracteoles without a swollen base"	42
42	"Flower-clusters arranged in spikes; bracteoles equal; appendages spiny and arranged in a semicircle on both valves"	"Atriplex semilunaris"
42	"Flowers axillary; appendages foliaceous or inflated on both margins of only one side of bracteoles"	43
43	"Bracteoles equal, leaves sinuate on margin"	"Atriplex pseudocampanulata"
43	"Bracteoles unequal"	44
44	"Appendages leaf-like"	"Atriplex eardleyae"
44	"Appendages inflated, attached along each margin on one side of tube"	"Atriplex eichleri"
45	"Bracteoles fan-shaped to reniform, unequal"	"Atriplex eardleyae"
45	"Bracteoles not as above"	46
46	"Bracteoles prominently lobed"	47
46	"Bracteoles entire or the margin sinuate or toothed"	49
47	"Leaves congested, sessile, cordate"	"Atriplex quadrivalvata"
47	"Leaves not congested, petiolate or narrowed at base"	48
48	"Bracteoles with flat or inflated acutely lobed appendages"	"Atriplex fissivalvis"
48	"Bracteoles without appendages"	"Atriplex lobativalvis"
49	"Bracteoles sessile or shortly stipitate"	50
49	"Bracteoles with a stout or narrow stipe"	58
50	"Bracteole appendages inflated, entire, more or less equal in size to bracteoles"	"Atriplex kochiana"
50	"Bracteole appendages small or absent"	51
51	"Leaves narrowly triangular, cordate at base"	"Atriplex cordifolia"
51	"Leaves narrowly oblong to broadly obovate, narrowed at base"	52
52	"Leaves 3–6 mm long; bracteoles 2–3 mm long"	"Atriplex exilifolia"
52	"Leaves 5–40 mm long; bracteoles in all c. 5 mm long"	53
53	"Bracteoles with tubercular or spine-like appendages on each valve"	54
53	"Bracteoles without appendages or with inflated appendages"	56
54	"Bracteoles narrowed at base to form a deltoid tube; valves sinuate or bluntly toothed"	"Atriplex cornigera"
54	"Bracteoles not narrowed into a tube"	55
55	"Bracteoles truncate at base, sharply toothed; appendages spine-like"	"Atriplex spinibractea"
55	"Bracteoles truncate or deltoid at base, entire or weakly toothed; appendages of 1 or 2 tubercles or absent"	"Atriplex semibaccata"
56	"Bracteoles sessile, cordate, rounded, without appendages"	"Atriplex humifusa"
56	"Bracteoles sessile or subsessile, acute or obtuse"	57
57	"Bracteoles prominently dentate, scurfy-tomentose; appendages basal, small and inflated"	"Atriplex acutiloba"
57	"Bracteoles entire or with basal teeth, scurfy-tomentose to subglabrous; appendages basal or absent"	"Atriplex velutinella"
58	"Stipe thick, c. 1 mm long; bracteoles deltoid, smooth or with 1 or 2 short spiny appendages on each valve (Gulf of Carpentaria)"	"Atriplex humilis"
58	"Stipe slender, to 2 mm long, or absent; bracteoles deltoid to fan-shaped with 2–4 spiny appendages c. 1 mm long on each valve (central Qld)"	"Atriplex cornigera"
59	"Bracteoles with slender stipe, reniform or semicircular, entire"	60
59	"Bracteoles with a thick stipe or sessile to subsessile"	61
60	"Bracteole appendages absent; leaves elliptic to broadly elliptic, 0.5–1 cm long, entire"	"Atriplex stipitata"
60	"Bracteole appendages reniform, inflated, c. half width of valve; leaves oblanceolate, c. 2 cm long, distantly toothed"	"Atriplex quinii"
61	"Leaves large; lamina c. 5 cm or more long, thick; bracteoles sessile or with a short hard turbinate stipe; tubercular or verrucose processes often present on bracteoles"	62
61	"Leaves mostly 0.5–3 cm long; bracteoles not as above"	63
62	"Female flowers paniculate, terminal"	"Atriplex isatidea"
62	"Female flowers in axillary clusters"	"Atriplex cinerea"
63	"Bracteoles with bladder-like appendages, occasionally absent in A. vesicaria"	64
63	"Bracteoles without appendages, or with two slender antler-like appendages"	66
64	"Decumbent or spreading shrub; leaves narrowly elliptic, c. 1 cm long; bracteoles thin, orbicular, each with an inflated appendage (W.A.)"	"Atriplex hymenotheca"
64	"Erect shrub; leaves narrowly to broadly elliptic to obovate, sometimes broadly so"	65
65	"Small, dense, rounded shrub c. 30 cm high; leaves narrowly elliptic, boat-shaped, thick, c. 8 mm long; bracteoles deltoid-cordate, c. 5 mm long on a short thick stipe; appendages inflated, sometimes verrucose or divided in two (W.A.)"	"Atriplex nana"
65	"Erect or decumbent shrub; leaves flat, elliptic to obovate; bracteoles sessile or shortly stipitate"	"Atriplex vesicaria"
66	"Leaves entire"	67
66	"Leaves dentate or denticulate"	71
67	"Leaves cordate to deltoid; bracteoles broadly rhomboid to orbicular, c. 3 mm wide, biconvex, hard with little or no papery margin (Murray River area)"	"Atriplex rhagodioides"
67	"Leaves elliptic"	68
68	"Female flowers in terminal panicles"	69
68	"Female flowers axillary (coastal species)"	70
69	"Leaves bluish; bracteoles cordate, apex obtuse or rounded; valves thin, sometimes with 2 antler-like appendages at base"	"Atriplex bunburyana"
69	"Leaves greenish grey; bracteoles cordate to deltoid, acute, without antler-like appendages"	"Atriplex paludosa"
70	"Plant monoecious, decumbent; leaves glabrous above (coastal SW W.A.)"	"Atriplex hypoleuca"
70	"Plant dioecious; leaves scurfy or scaly on both surfaces (coastal Southern Australia)"	"Atriplex cinerea"
71	"Leaves elliptic to oblong, often shortly hastate, remotely denticulate, often glabrescent above; bracteoles somewhat rhomboid, biconvex, hard all over or with short papery valves"	"Atriplex amnicola"
71	"Leaves deltoid to cordate, broadly elliptic or orbicular"	72
72	"Leaves rhomboid to orbicular, sinuate-dentate; bracteoles sessile, rhomboidal to orbicular, papery all over or with thickened base; valves appressed or reflexed with entire or denticulate margins; shrub 1.5–3 m high with ascending branches (inland Australia)"	"Atriplex nummularia"
72	"Leaves cordate to deltoid, dentate; branches sessile, thickened all over or only at base; divaricately branched shrubs"	73
73	"Bracteoles sub-orbicular, 6–10 mm wide; valves papery, slightly recurved, dentate, thickened in centre or towards base (central S.A.)"	"Atriplex incrassata"
73	"Bracteoles broadly rhomboid to orbicular, c. 3 mm wide, biconvex, hard with little or no papery margin (Murray River area)"	"Atriplex rhagodioides"
