from	statement	to
1	"Erect shrub or small tree; flowers in 2-4-flowered umbel-like dichasia and on long and slender pedicels"	2
1	"Woody vine, twining or scandent; flowers usually arranged into dense, many-flowered clusters"	3
2	"Leaves thin-textured, without prominent raised reticulate veins; pedicels expanded distally below the calyx"	"Coelospermum purpureum"
2	"Leaves thick-textured, prominently reticulate-veined; pedicels filiform to the calyx"	"Coelospermum reticulatum"
3	"Young stems glabrous; corolla lobes densely hairy on adaxial surface"	"Coelospermum dasylobum"
3	"Young stems with fine, short hairs; corolla lobes glabrous on adaxial surface"	"Coelospermum paniculatum"
