from	statement	to
1	"Leaves mostly in clusters of 3"	2
1	"Leaves mostly in clusters of 2"	7
2	"Female cones symmetrical"	3
2	"Femal cones asymmetric"	6
3	"Resting buds resinous"	"Pinus ponderosa"
3	"Resting buds non-resinous"	4
4	"Female cone scales with spiny tips; resting buds with appressed scales"	5
4	"Female cone scales lacking spiny tips; resting buds with reflexed, white-fringed scales"	"Pinus canariensis"
5	"Cones yellow-brown, 6–12 cm long; leaves 15–22 cm long"	"Pinus taeda"
5	"Cones glossy chestnut-brown, 9–16 cm long; leaves 20–30 cm long"	"Pinus elliottii"
6	"Cones holding seed and persistent beyond first year"	"Pinus radiata"
6	"Cones dropping seed in first year and falling shortly after"	"Pinus elliottii"
7	"Leaves mostly more than 12 cm long"	8
7	"Leaves mostly less than 12 cm long"	12
8	"Seeds with a rudimentary wing (less than 1 mm long)"	"Pinus pinea"
8	"Seeds with a long, well-developed wing"	9
9	"Basal fascicle sheath more than 15 mm long"	10
9	"Basal fascicle sheath less than 15 mm long"	11
10	"Resin canals of leaf internal and medial (some touching vascular bundle)"	"Pinus elliottii"
10	"Resin canals of leaf medial or external (none touching vascular bundle)"	"Pinus pinaster"
11	"Female cones yellow-brown, shed annually; resting buds resinous, with appressed scales"	"Pinus nigra:Pinus nigra var. corsicana"
11	"Female cones red-brown or grey-brown, persistent for 1–several years after maturity; resting buds non-resinous, with reflexed scales"	"Pinus brutia"
12	"Female cones pedunculate, pendulous and bent back along the stem; resting buds not resinous"	"Pinus halepensis"
12	"Female cones sessile, not pendulous; resting buds resinous"	13
13	"Leaves 3–7 cm long"	"Pinus contorta"
13	"Leaves 8–14 cm long"	"Pinus nigra:Pinus nigra var. corsicana"
