from	statement	to
1	"Pappus absent"	2
1	"Pappus present"	8
2	"Fruit apex cup-like"	3
2	"Fruit apex not cup-like"	4
3	"Peduncles with stalked glandular hairs only; cup at apex of fruit jagged; corolla 3-5 lobed"	"Millotia major"
3	"Peduncles cobwebby; cup at apex of fruit entire; corolla 5-lobed"	"Millotia incurva"
4	"Corollas with 4 or 5 conspicuous lobes 0.4-0.8 mm long; anthers prominently exserted above the limb at anthesis; anthers c.0.6-1.2 mm long; pollen grains more than I000 per floret"	5
4	"Corollas with 3-5 lobes less than 0.35 mm long; anthers not prominently exserted above the limb at anthesis; anthers c. 0.3-0.5 mm long; pollen grains about 60-200 per floret"	7
5	"Indumentum of all or most leaves mainly or only of stalked glandular hairs; major axes less than 4 cm long"	"Millotia steetziana"
5	"Indumentum of many or all leaves mainly or only of cottony hairs, stalked glandular hairs may be present, particularly on upper leaves; major axes to about 20 cm long"	6
6	"Fruit shortly papillate; apex of fruit + dilated and the junction between the beak and corolla tube distinct; beak and corolla not hardening to form a hook"	"Millotia greevesii"
6	"Fruit minutely papillate; apex of fruit not obviously dilated at the junction between the beak and corolla tube; beak and corolla hardening to form a hook"	"Millotia jacksonii"
7	"Involucral bracts with an indumentum mainly or only of stalked glandular hairs, cottony hairs sometimes present but not obscuring the surface of the bract; major axes ascending to erect; apex of fruit + dilated, junction between beak and corolla tube distinct"	"Millotia muelleri"
7	"Involucral bracts with a dense indumentum of cottony hairs which may obscure the surface of the bract, stalked glandular hairs also present; major axes prostrate; apex of beak not obviously dilated and junction between beak and corolla tube indistinct"	"Millotia perpusilla"
8	"Fruit falcate, beak flattened and strongly deflexed near its base"	9
8	"Fruit straight or slightly curved, the beak never strongly deflexed near its base"	10
9	"Bracts glabrous or with scattered hairs, surface of bract clearly visible; pappus of 5-8 barbellate to coarsely plumose bristles about 112-314 the length of the corolla tube"	"Millotia depauperata"
9	"Bracts densely cobwebby, the hairs obscuring the surface; pappus of 11-15 irregularly long-plumose bristles about 112-314 the length of the corolla tube"	"Millotia falcata"
10	"Involucral bracts in two distinct rows, dimorphic; outer bracts about 8-12, narrow and herbaceous, inner bracts much wider and mainly scarious, all bracts with an indumentum of glandular hairs"	"Millotia dimorpha"
10	"Involucral bracts usually uniseriate, if outer leaf-like bracts present and forming a semi-distinct whorl then inner bracts with a cottony indumentum"	11
11	"Pappus of minute scales, of barbellate bristles of unequal length, or of longplumose bristles, all bristles less than about 213 (rarely 314) the length of the corolla tube"	12
11	"Pappus of barbellate bristles, or of bristles which are mainly barbellate but plumose near the apex, or entirely plumose, all bristles of more or less equal length and about 213 or more than 213 the length of the corolla tube"	13
12	"Corollas with usually 5 conspicuous lobes about-04-84 mm long; pappus of minute scales or of long-plumose bristles"	"Millotia greevesii"
12	"Corollas with 3-5 inconspicuous lobes about 0.2 mm long; pappus of minute scales or of barbellate bristles"	"Millotia tenuifolia"
13	"Involucral bracts with an indumentum mainly or only of cottony hairs, sometimes hairs absent, if glandular hairs present then obscured by cottony hairs"	14
13	"Involucral bracts with a prominent indumentum of stalked glandular hairs, if cottony hairs present then not obscuring, or only obscuring some of the glandular hairs"	15
14	"Corollas with 4 or 5 conspicuous lobes about 0.5 mm long; anthers prominently exserted above the limb at anthesis; pollen grains about 2000-3000 per floret"	"Millotia myosotidifolia"
14	"Corollas with 3 or 4 inconspicuous lobes about 0.3 mm long; anthers not prominently exserted above the limb at anthesis; pollen grains about 100-200 per floret"	"Millotia macrocarpa"
15	"Corolla lobes 5; pollen grain about 2000-3000 per floret"	16
15	"Corolla lobes 3-5; pollen grains about 100-600 per floret"	17
16	"Involucral bracts with indumentum mainly of stalked glandular hairs to about 0.5 mm long, cottony hairs absent or sparse; fruit body 2.4-3 mm long"	"Millotia newbeyi"
16	"Involucral bracts with indumentum of cottony hairs and stalked glandular hairs, some of the latter at least 1 mm long; fruit body 1-2-2.5 mm long"	"Millotia pilosa"
17	"Fruit 2.1-3.1 mm long, beak 0.25-0.5 mm long; pappus bristles 14-22, slightly shorter or nearly the length of the corolla tube at anthesis"	"Millotia eichleri"
17	"Fruit 2-7-54 mm long, at least some fruit in a single capitulum more than 3.1 mm long, beak 0.7-23 mm long; pappus bristles 17-30, about the length or just exceeding the corolla tube at anthesis"	"Millotia tenuifolia"
