from	statement	to
1	"Flowers solitary"	2
1	"Flowers in 2–10-flowered inflorescences"	4
2	"Pedicel bright red, at least on one side; hypanthium and calyx pinkish-red or bright red; hypanthium indistinctly ribbed near top only; flowers usually more than 3 cm long"	"Bruguiera gymnorhiza"
2	"Pedicel, hypanthium and calyx green, yellow-green or rusty-brown; hypanthium distinctly ribbed throughout; flowers 2–3 cm long"	3
3	"Petals with 1–3 bristles on each lobe and a distinct bristle in sinus; hypocotyl of propagule c. 15 mm wide"	"Bruguiera sexangula"
3	"Petals with or without a small bristle in sinus, the lobes without bristles; hypocotyl 6–8 mm wide"	"Bruguiera exaristata"
4	"Sepals at least half as long as hypanthium, reflexed in fruit"	"Bruguiera cylindrica"
4	"Sepals about a quarter length of hypanthium, not reflexed in fruit"	"Bruguiera parviflora"
