from	statement	to
1	"Sepals 4"	Mesembryanthemum cordifolium
1	"Sepals 5"	2
2	"Plants minutely papillose; leaf laminae caducous, the leaf-bases persisting"	"Mesembryanthemum granulicaule"
2	"Plants conspicuously papillose or (in M. aitonis) with inconspicuous papillae; if leaves caducous, leaf-bases not persisting"	3
3	"Leaves semiterete"	"Mesembryanthemum nodiflorum"
3	"Leaves flat, ovate or spathulate"	4
4	"Sepals distinctly keeled; plant covered with inconspicuous papillae; branches angled"	"Mesembryanthemum aitonis"
4	"Sepals not keeled; plant densely covered with conspicuous papillae; branches terete"	"Mesembryanthemum crystallinum"
