from	statement	to	shortcut
1	"Flowers actinomorphic, tubular, blue, in discoid heads"	Brunonia	
1	"Flowers not as above, usually zygomorphic, if actinomorphic then not blue or in discoid heads"	2	
2	"Anthers connate"	3	
2	"Anthers free"	6	
3	"Ovules and seeds more than 2; fruit dehiscent or fragmenting into articles, rarely indehiscent and then fruit beaked"	4	
3	"Ovules and seeds 1 or 2; fruit indehiscent, not beaked"	5	
4	"Leaves all cauline; indusium 2-lipped"	Lechenaultia	
4	"Leaves cauline and basal; indusium not 2-lipped"	Anthotium	
5	"Corolla without auricles; hairs simple"	Diaspasis	"Diaspasis filifolia"
5	"Corolla auriculate; hairs branched, rarely absent"	Dampiera	
6	"Ovules (and usually seeds) more than 2 per locule"	7	
6	"Ovules and seeds 1 or 2 per locule"	11	
7	"Seeds ovoid, obloid or irregularly compressed, without a wing, rim or peripheral groove"	8	
7	"Seeds flattened or concave-compressed, with a wing, rim or peripheral groove"	9	
8	"Corolla yellow"	Velleia	
8	"Corolla blue to pinkish or white"	Coopernookia	
9	"Corolla lobes without wings; fruit ±fleshy, indehiscent; prostrate succulent salt-marsh plant"	Selliera	"Selliera radicans"
9	"Corolla lobes winged (although sometimes very narrowly); fruit a dry dehiscent capsule; rarely salt marsh plants"	10	
10	"Flowers in thyrses, racemes, spikes or subumbels; ovary inferior or half-inferior (superior in Goodenia macroplecta only)"	Goodenia	
10	"Flowers in axillary dichasia; ovary superior or apparently so"	Velleia	
11	"Fruit dehiscent (capsular); seed strophiolate"	Coopernookia	
11	"Fruit indehiscent (nutlike, soft-shelled with several seeds, or a 1- or 2-seeded drupe); seed not strophiolate"	12	
12	"Ovary and fruit winged"	Pentaptilon	"Pentaptilon careyi"
12	"Ovary and fruit not winged"	13	
13	"Style with stiff purplish hairs"	Goodenia	
13	"Style with whitish hairs or glabrous"	14	
14	"Corolla yellow; plants herbaceous"	15	
14	"Corolla blue to white, or rarely yellow and then scrambling shrubs"	Scaevola	
15	"Plants glabrous or hairy with unbranched cottony hairs"	Goodenia	
15	"Plants hairy with branched and simple hairs"	Verreauxia	
