from	statement	to
1	"Leaves opposite"	2
1	"Leaves alternate"	7
2	"Plants dioecious, perennial with annual stems dying back to rootstock"	3
2	"Plants monoecious, annual or rarely with perennial rootstock"	4
3	"Flowers in short dense terminal racemes (N.S.W., Vic.)"	"Poranthera oreophila"
3	"Flowers solitary in upper leaf axils (Tas.)"	"Poranthera petalifera"
4	"Seeds smooth (W.A., S.A., Vic., N.S.W.)"	"Poranthera leiosperma"
4	"Seeds tuberculate, granulate or striate"	5
5	"Calyces mostly 3-lobed, or if 4- or 5-lobed then with 1 or 2 lobes much smaller than other 3; seeds granulate (W.A., N.T., S.A.)"	"Poranthera triandra"
5	"Calyces 5-lobed, rarely 4-lobed; lobes all ± equal in dimensions; seeds tuberculate or striate"	6
6	"Seeds granulate with translucent granules; stipules deeply dissected (W.A.)"	"Poranthera dissecta"
6	"Seeds tuberculate with white tubercules; stipules entire or slightly toothed distally (all States)"	"Poranthera microphylla"
7	"Herbaceous perennials or erect woody annuals to 80(rarely to 150) cm high"	8
7	"Small annuals to 30 cm high"	12
8	"Seeds fenestrellate (W.A., S.A.)"	"Poranthera huegelii"
8	"Seeds reticulate ridged, reticulate-foveate, granulate, verrucate or smooth"	9
9	"Leaf laminae ≥ 2 cm long (Qld, N.S.W., Vic.)"	"Poranthera corymbosa"
9	"Leaf laminae < 2 cm long"	10
10	"Stipules laciniate (N.S.W.)"	"Poranthera ericifolia"
10	"Stipules entire"	11
11	"Leaf laminae narrow-obovate, 10–15 mm long, 1.5–3 mm wide (Qld, N.S.W.)"	"Poranthera obovata"
11	"Leaf laminae linear, 4–10 mm long, 0.5–1.4 mm wide (W.A.)"	"Poranthera ericoides"
12	"Seeds smooth or alveolate"	13
12	"Seeds tuberculate, granulate or striate"	16
13	"Seeds smooth (W.A., S.A., Vic., N.S.W.)"	"Poranthera leiosperma"
13	"Seeds alveolate"	14
14	"Flowers in terminal racemes; calyx lobes of male flowers ≤ 1 mm long (W.A., N.T.)"	"Poranthera coerulea"
14	"Flowers in umbel-like racemes arranged in loose corymbose panicles; calyx lobes of male flowers 1.1–1.5 mm long"	15
15	"Leaf laminae narrow-oblanceolate, cuneate at base (W.A.)"	"Poranthera drummondii"
15	"Leaf laminae spathulate, attenuate at base (W.A.)"	"Poranthera florosa"
16	"Stipules deeply lobed (W.A.)"	"Poranthera dissecta"
16	"Stipules entire"	17
17	"Calyces 3-lobed, rarely 4- or 5-lobed; leaves 2–5.5 mm long; seeds granulate (W.A., N.T., S.A.)"	"Poranthera triandra"
17	"Calyces 5-lobed; leaves 6–11 mm long; seeds tuberculate (all States)"	"Poranthera microphylla"
