from	statement	to
1	"Ligules up to 1 mm (0.4-1 mm) long"	2
1	"Ligules more than 1 mm, (1-)1.4-6 mm long"	4
2	"Achenes oblanceolate, 3.2-3.7 mm long excluding beak, 0.7-1.1 mm wide, light or yellowish brown, both sides tapering to the beak; leaves and scapes firmly attached to stem and/or rootstock"	"Lagenophora brachyglossa"
2	"Achenes reniform or obovate, 2.8-3.4 mm long excluding beak, 1.3-1.8 mm wide, dark or reddish brown, both sides abruptly contracted into the beak; leaves and scapes usually readily detached from rootstock"	3
3	"Achenes smooth on both surfaces and edges, scattered hairy on both surfaces; disc florets usually 20-30"	"Lagenophora huegelii"
3	"Achenes transversely wrinkled on both surfaces and edges; glabrous or with a few hairs on both surfaces; disc florets usually 10-15"	"Lagenophora gunniana"
4	"Roots fibrous and wiry, not bunched, rhizomes spreading; stem short or often elongated (leaves alternate along stem), achene glands on the dorsal edge densely and continuously distributed from beak to carpopodium"	5
4	"Roots tuberous and fleshy, bunched; rhizomes short; stem absent or very short (leaves in basal rosette); achene glands scattered on or absent from the dorsal edge"	8
5	"Scape glabrous or with a few appressed to antrorse hairs; the apex of involucral bracts obtuse"	"Lagenophora montana"
5	"Scape hirsute, hairs retrorse to patent; involucral bracts more or less subulate and finely pointed"	6
6	"Leaf margins usually obtusely serrate; scape with eglandular hairs only; achene glands usually confined to dorsal edge from beak to carpopodium"	"Lagenophora stipitata"
6	"Leaf margins sinuate to undulate; scape with eglandular hairs and shorter glandular hairs; achene glands extend all along ventral and dorsal edges from beak to carpopodium and often on the basal and distal portions of both faces"	7
7	"Leaves 4-5 times longer than wide, 7-15 cm long, 1-3 cm wide; achenes 3.3-4.3 mm long, 1-1.3 mm wide"	"Lagenophora adenosa"
7	"Leaves 2.5-2.9 times longer than wide, 1-3.5 cm long, 0.4-1.2 cm wide; achenes 2.7-3.5 mm long, 0.7-0.9 mm wide"	"Lagenophora latifolia"
8	"Achenes reniform or obovate, both sides abruptly contracted into the beak; achene faces often with scattered hairs; leaves and scapes usually readily detached from rootstock"	9
8	"Achenes oblanceolate, one or both sides tapering to the beak; achene faces glabrous; leaves and scapes firmly attached to stem and/or rootstock"	10
9	"Ligules (3-)4.5-6 mm long; achenes 3.7-4.5 mm long excluding beak, 2.1-3 mm wide, achene edges not thickened"	"Lagenophora platysperma"
9	"Ligules 0.9- 1.5 mm long; achenes 2.8-3.3 mm long excluding beak, 1.3-1.7 mm wide; achene edges thickened"	"Lagenophora huegelii"
10	"Achene glands confined to the dorsal side of beak and adjacent upper dorsal edge; achenes usually with 1-5 hairs at base"	"Lagenophora sublyrata"
10	"Achene glands surrounding the beak, and extending sparsely along ventral and/or dorsal edges; achenes without basal hairs"	11
11	"Ligules 3-4.7 mm long; leaf surfaces usually glabrous and leaf margins fimbriate"	"Lagenophora fimbriata"
11	"Ligules 1.4-1.8 mm long; leaf surfaces and leaf margins more or less equally hairy"	12
12	"Leaves 2.1-3.3 times longer than wide, sessile or with a winged petiole-like base to 1 cm long; achene beak usually 0.2-0.3 mm long, without a thickened white annular collar at its apex"	"Lagenophora queenslandica"
12	"Leaves 4-5 times longer than wide, with a winged petiole-like base 1-3 cm long; achene beak usually 0.5-0.7 mm long, with a thickened white annular collar at its apex"	"Lagenophora gracilis"
