from	statement	to
1	"Pinnae with ramenta, i.e. twisted hair-like scales up to 6 mm long, on the midrib on the abaxial surface"	2
1	"Pinnae lacking ramenta on the midrib on the abaxial surface"	3
2	"Abaxial surface of pinnae with dense silver-grey scales; fruit 20–26 mm long"	"Archontophoenix purpurea"
2	"Abaxial surface of pinnae light green; fruit 10–15 mm long"	"Archontophoenix cunninghamiana"
3	"Fruit with <0.5 mm wide fibres in the mesocarp"	"Archontophoenix myolensis"
3	"Fruit with >0.5 mm wide fibres in the mesocarp"	4
4	"Fruit 15–25 mm long; inﬂorescences branched to 3 orders"	"Archontophoenix tuckeri"
4	"Fruit 8–15 mm long; inflorescences branched to 4 orders"	5
5	"Inﬂorescences 80–140 cm long, peduncle to 12 cm wide; leaf with 90 pinnae each side of rachis; pinnae to 90 cm long"	"Archontophoenix maxima"
5	"Inflorescences 50–100 cm long, peduncle <10 cm wide; leaf with 60–80 pinnae each side of the rachis; pinnae to 75 cm long"	"Archontophoenix alexandrae"
