from	statement	to
1	"Anthers of at least shorter stamens hairy; pods with 2 wings along each suture"	"Mucuna gigantea"
1	"Anthers glabrous; pod lacking wings on valves or at sutures but with two longitudinal ribs in addition to sutural ribs"	2
2	"Standard 2 cm or less long; wings and keel petals 3.5–4.5 cm long; pod obviously sigmoid"	"Mucuna pruriens"
2	"Standard 2.5–4 cm long; wings and keel petals 4.5–7 cm long; pod straight to slightly curved"	3
3	"Standard ±4 cm long; calyx tube 8–10 mm long, its upper lip 10–12 mm long (measurements of flower parts from typical subsp.) ; pod straight to slightly curved, with 2 longitudinal, closely parallel ribs in centre of each valve; climbing plant"	"Mucuna diabolica"
3	"Standard to 2.5–3.5 cm long; calyx tube 5–7 mm long, its upper lip 6–10 mm long; pod curved, lacking lateral ribs; prostrate plant"	"Mucuna reptans"
