from	statement	to
1	"Upper stem leaves petiolate or narrowed to base"	2
1	"Upper stem leaves sessile and bract-like, or rounded, or deeply  cordate to stem-clasping at base, or upper part of stem leafless (if narrowed at base then margins convex)."	6
2	"Ovary on a gynophore"	3
2	"Ovary sessile"	4
3	"Basal leaves densely hispid; beak 0.5–2 mm long"	"Brassica elongata"
3	"Basal leaves sparsely hispid; beak 3–6 mm long"	"Brassica fruticulosa"
4	"Fruit appressed; beak less than 4 mm long"	"Brassica nigra"
4	"Fruit not appressed; beak more than 4 mm long"	5
5	"Basal leaves lyrate-pinnatifid sparsely hispid; beak 4–10 mm  long, narrower than stigma"	"Brassica x juncea"
5	"Basal leaves runcinate-pinnatifid, densely hispid; beak 8–20 mm  long, as wide as stigma"	"Brassica tournefortii"
6	"Upper leaves bract-like, reduced or absent"	"Brassica barrelieri"
6	"Upper leaves laminate"	7
7	"All leaves glabrous, cauline leaves never more than ⅓ stem-clasping; stamens erect"	"Brassica oleracea"
7	"Basal leaves always bristly, cauline leaves at least ½ stem-clasping; filament of outer stamens curved at base"	8
8	"All leaves glaucous; inflorescence a convex corymb; petals pale yellow"	"Brassica x napus"
8	"Lower leaves grass green; inflorescence a concave corymb;  petals bright yellow"	"Brassica rapa"
