from	statement	to
1	"Seedling leaves at 20 cm height arranged around a 7-sided stem, 0.2–1.4 mm apart"	2
1	"Seedling leaves at 20 cm height arranged around a 5-sided stem, 1.2–12 mm apart"	3
2	"Umbellasters 9–11-flowered; pedicels <1 mm thick"	"Eucalyptus oleosa subsp. corvina"
2	"Umbellasters mostly 7-flowered; pedicels >1 mm thick"	"Eucalyptus oleosa subsp. cylindroidea"
3	"Seedling leaves linear, length-width ratio 4.5:1–20:1"	"Eucalyptus oleosa subsp. oleosa"
3	"Seedling leaves elliptical, length-width ratio 1.8:1–5.2:1"	"Eucalyptus oleosa subsp. ampliata"
