from	statement	to
1	"Abaxial leaf epidermis not or scarcely papillate and the reticulate venation brown, usually contrasting in colour and distinct; male flower with pedicel 3–4.5 mm long, calyx 5–6 mm long, androphore pubescent at base; female flowers in fascicles of up to 6"	"Myristica globosa"
1	"Abaxial leaf epidermis minutely papillate and the reticulate venation usually not contrasting in colour; male flower with pedicel 1.5–3 mm long, calyx 4.5–5 mm long, androphore glabrous; female flowers in fascicles of up to 3"	2
2	"Secondary veins usually 6–13 pairs; male flower calyx ellipsoidal in bud; female flower with pedicel 0.5–1 mm long, ovary densely tomentose; fruit 2.7–3.5 cm long, 1.7–2 cm wide"	"Myristica insipida"
2	"Secondary veins usually 10–18 pairs; male flower calyx oblong in bud; female flower with pedicel 3–4 mm long, ovary appressed-puberulous; fruit 2–3 cm long, 1.3–1.7 cm wide"	"Myristica lancifolia"
