from	statement	to	shortcut
1	"Leaves opposite; climbers or shrubs; achenes with elongated, often plumose, styles"	Clematis	
1	"Leaves basal and/or cauline and alternate or spirally arranged; annual or perennial herbs; styles not plumose"	2	
2	"Flowers zygomorphic"	Consolida	"Consolida ajacis"
2	"Flowers actinomorphic"	3	
3	"Sepals or petals with a basal spur"	4	
3	"Perianth segments without a spur"	5	
4	"Small annual with basal rosette of linear-filiform or very narrowly spathulate leaves; flowers very small; sepals with a basal spur each of which is appressed to the flowering stem; fruit of numerous achenes on an elongated subulate spike"	Myosurus	"Myosurus australis"
4	"Larger perennial with ternately compound leaves; flowers conspicuous; petals with basal spurs not appressed to flowering stems; fruit a whorl of several follicles"	Aquilegia	"Aquilegia vulgaris"
5	"Flowering stem with a whorl of involucral bracts below flower"	6	
5	"Flowering stem without a whorl of involucral bracts"	7	
6	"Involucral bracts in a whorl of 3 (rarely 2 or 4), lobed or entire, inserted some distance below the perianth; tepals white, without nectaries, not clawed; fruit a cluster of achenes; perennial"	Anemone	
6	"Involucral bracts in a whorl of 5, pinnately dissected with narrow, acute segments, inserted immediately below the perianth; sepals light blue to white, clawed; petals with nectaries; fruit an inflated 5-9 (rarely 12)-celled capsule of connate follicles; annual"	Nigella	"Nigella damascena"
7	"Perianth of +/- equal segments, not clearly separated into sepals and petals"	Psychrophila	
7	"Perianth divided into sepals and petals (honey-leaves)"	8	
8	"Petals yellow, sometimes scarlet when fresh, rarely bright red with a black basal spot"	9	
8	"Petals white"	Ranunculus	
9	"Petals without a nectary pit; annual"	Adonis	"Adonis microcarpa"
9	"Petals with a nectary pit, annual or perennial"	10	
10	"Sepals 3; petals (5-) 7-12; most roots tuberous, obtuse; leaves entire, cordate or slightly undulate or very shallowly dentate"	Ficaria	"Ficaria verna"
10	"Sepals usually 5 (6) or, if 3, then petals usually 0-2 (5-8 in R. acaulis); all roots fibrous or, if swollen, narrowed into a thin filiform apex; leaves often divided"	Ranunculus	
