from	statement	to	shortcut
1	"Leaves ending in a tendril; petals and sepals 5-8 cm long"	Gloriosa	"Gloriosa superba"
1	"Leaves not ending in a tendril; petals and sepals much less than 5 cm long"	2	
2	"Stem usually simple, erect; rootstock a corm or very short rhizome"	3	
2	"Stem branched or simple, creeping or erect; rootstock a well-developed rhizome"	6	
3	"Tepals yellow to red or reddish brown; nectaries absent"	4	
3	"Tepals white, greenish or pink; nectaries present or absent"	5	
4	"Tepals clawed, yellow inside, orange to red outside; capsule c. 4 cm long, septicidal"	Baeometra	"Baeometra uniflora"
4	"Tepals not clawed, dark red or reddish brown; capsule c. 2 cm long, loculicidal"	Iphigenia	"Iphigenia indica"
5	"Flowers sessile, in ebracteate spikes (if a single flower then held above a sheathing cauline leaf); tepals persistent after anthesis"	Wurmbea	
5	"Flowers pedicellate, in umbels subtended by several bracts (sometimes single but then with non-sheathing bracts subtending the pedicel); tepals deciduous after anthesis"	Burchardia	
6	"Leaves petiolate, distinctly 5-7-nerved, the areoles of the vein reticulum as wide as long or wider than long; petiole 3-5 mm long; capsule 8-15 mm diam."	Kuntheria	"Kuntheria pedunculata"
6	"Leaves sessile; main nerves several but indistinct, the areoles of the vein reticulum longer than wide; capsule 5-8 mm diam."	7	
7	"Flowers 15-25 mm diam.; perianth segments 4-7 mm wide, the margins bearing glands at base"	Tripladenia	"Tripladenia cunninghamii"
7	"Flowers 10-15 mm diam.; perianth segments 2-4 mm wide, lacking glands"	Schelhammera	
