from	statement	to
1	"Leaves obtuse, without a mucro; flowers yellow to orange or red"	2
1	"Leaves mucronate or apiculate; or if not mucronate, then flowers green"	4
2	"Leaves linear, 1–1.5 mm wide; margins strongly revolute"	"Lambertia ericifolia"
2	"Leaves not linear, more than 1.5 mm wide; margins not strongly revolute"	3
3	"Leaves ovate or spathulate, 3–7 mm wide; margins scarcely or narrowly revolute"	"Lambertia inermis"
3	"Leaves orbicular, 15–20 mm diam."	"Lambertia orbifolia"
4	"Leaves spiny on margins"	5
4	"Leaves not spiny on margins or, if spiny, flowers less than 12 mm long"	7
5	"Perianth 10–12 mm long, not or scarcely dilated, almost erect"	"Lambertia ilicifolia"
5	"Perianth 25–40 mm long, dilated in middle and facing inwards"	6
6	"Leaves narrowly obovate or narrowly elliptic; spines few and irregularly spaced; fruit smooth or finely textured on sides"	"Lambertia fairallii"
6	"Leaves broader, mostly strongly and regularly lobed; fruit spiny on sides"	"Lambertia echinata"
7	"Flowers less than 12 mm long"	"Lambertia ilicifolia"
7	"Flowers more than 12 mm long"	8
8	"Conflorescence 1-flowered"	9
8	"Conflorescence 4–7-flowered (rarely more)"	10
9	"Leaves linear or narrowly oblanceolate; perianth green or yellow"	"Lambertia rariflora"
9	"Leaves ovate, obovate, or oblong; perianth bright red; limb yellow or yellow-green below"	"Lambertia uniflora"
10	"Leaves orbicular to broadly ovate, mostly in pairs"	"Lambertia orbifolia"
10	"Leaves linear, narrowly elliptic, or uncommonly ovate or auriculate, not in pairs"	11
11	"Inner subfloral bracts less than half length of unopened perianth"	"Lambertia multiflora"
11	"Inner subfloral bracts more than half length of unopened perianth"	12
12	"Perianth pink or red; horns of fruit longer than 10 mm; sides of fruit ornamented with spines or ridges, or almost smooth"	13
12	"Perianth yellow; horns of fruit less than 5 mm long; sides of fruit ±smooth [western Australia]"	"Lambertia fairallii"
13	"Flowers pink or red; fruit with prominent horns; sides of fruit variously spiny to almost smooth [eastern Australia]"	"Lambertia formosa"
13	"Flowers yellow; fruit covered with coarse, spreading spines [western Australia]"	"Lambertia ilicifolia"
