from	statement	to
1	"Raceme 1-2 jointed"	2
1	"Racemes 3-many jointed"	7
2	"Awn to 7mm long or absent"	3
2	"Awn to 17mm long"	4
3	"Tufted plant with setaceous leaf blades"	"Chrysopogon setifolius"
3	"Creeping plant with flat or folded leaf blades"	"Chrysopogon aciculatus"
4	"Callus 4-6mm long"	"Chrysopogon pallidus"
4	"Callus 1.5-3.5mm long"	5
5	"Leaf-blades 1-2cm wide"	"Chrysopogon latifolius"
5	"Leaf-blades much less than 1cm wide"	6
6	"Lower leaf-sheaths not flabellate, breaking up into fibres; racemes mostly 1-jointed"	"Chrysopogon fallax"
6	"Lower leaf-sheaths flattened, not breaking up into fibres; racemes mostly 2-jointed"	"Chrysopogon sylvaticus"
7	"Sessile spikelets awnless"	"Chrysopogon zizanioides"
7	"Sessile spikelets awned"	8
8	"Sessile spikelets more than 8mm long, callus more than 2.5mm long"	9
8	"Sessile spikelets less than 7.5mm long, callus less than 2mm long"	10
9	"Inflorescence branches weak and filiform; racemes 3.5-9cm long"	"Chrysopogon filipes"
9	"Inflorescence branches rather rigid; racemes 1.5-4cm long"	"Chrysopogon rigidus"
10	"Callus hairs 0.75-1.5mm long, ± fulvous; racemes 2-3-jointed"	"Chrysopogon oliganthus"
10	"Callus hairs 2-3mm long, whitish; racemes 3-6-jointed"	"Chrysopogon elongatus"
