from	statement	to
1	"Veins anastomosing"	2
1	"Veins free"	4
2	"Lowest pair of pinnae 1-pinnate to pinnatifid"	Tectaria
2	"Lowest pair of pinnae entire"	3
3	"Pinnae asymmetrical; indusium peltate"	"Cyrtomium:Cyrtomium falcatum"
3	"Pinnae symmetrical; indusium absent"	"Coveniella:Coveniella poecilophlebia"
4	"Epiphytic; rhizome creeping, densely scaly along its length"	5
4	"Terrestrial; rhizome tufted to creeping, scaly at the apex only"	6
5	"Lamina broadly ovate-lanceolate; indusium rounded to reniform, attached by the margin"	"Revwattsia:Revwattsia fragilis"
5	"Lamina ovate to narrowly ovate; indusium peltate"	"Rumohra:Rumohra adiantiformis"
6	"Central groove on adaxial side of main rachis not open to admit the grooves of the secondary rachises"	Polystichum
6	"Central groove on adaxial side of main rachis open to admit the grooves of the secondary rachises"	7
7	"Ridges on either side of the grooves on the adaxial surface of the rachises continuous with the thickened margins of the pinnules"	Lastreopsis
7	"Pinnule margins decurrent as wings; ridges on either side of the grooves on the adaxial surface of the rachises not continuous with the thickened margins of the pinnules"	8
8	"Lamina chartaceous; pinnules with rounded lobes and short teeth"	Dryopteris
8	"Lamina coriaceous; pinnules with triangular lobes and long, fine teeth"	"Arachniodes:Arachniodes aristata"
