from	statement	to
1	"Ovules 1 per loculus"	2
1	"Ovules 2 per loculus, superposed"	19
2	"Stamens 15–17, in a continuous circle with ± antipetalous stamens always present"	3
2	"Stamens 2–11, grouped opposite the sepals"	4
3	"Peduncles absent or up to 0.5 mm long, 1-flowered. Sepals 0.4–0.8 mm long (Binnu area.)"	"Scholtzia sp. Binnu (M.E.Trudgen 2218)"
3	"Peduncles 7–12 mm long, 5–15-flowered. Sepals 0.7–1.3 mm long. (Nolba area.)"	"Scholtzia sp. Nolba (E.Place s.n. Jan. 1964)"
4	"Leaves not thickened, sparsely to moderately densely covered by oil glands"	5
4	"Leaves 0.5–0.6 mm thick, both surfaces densely covered by oil glands. (Coburn Station to near Binnu.)"	"Scholtzia sp. Eurardy (J.S.Beard 6886)"
5	"Variously differing from the above, for example in having shorter leaves or longer sepals, most taxa also being absent from near-coastal areas except north of Hutt River"	6
5	"Leaves 3–7.5 mm long. Peduncles usually 5–12 mm long. Sepals 0.3–0.6 mm long. Petals 1.5–3 mm long. Occurring mainly in near-coastal areas. (Hutt River to Hill River.)"	"Scholtzia laxiflora"
6	"Ovary 3-locular in all or most flowers"	7
6	"Ovary 2-locular in all or most flowers"	13
7	"Petioles 0.2–1.1 mm long"	8
7	"Petioles absent or up to 0.2 mm long. (Morawa area.)"	"Scholtzia sp. Billeranga Hills (B.J.Conn 2159)"
8	"Peduncles 0.7–4 mm long, 1–3-flowered. Occurring north of Geraldton"	9
8	"Peduncles 4–16 mm long, 3–23-flowered. Occurring south of Geraldton"	11
9	"Peduncles 0.4–2 mm long. Petals 1.5–2.5 mm long"	10
9	"Peduncles 1.5–4 mm long. Petals 2.5–3.5 mm long. (Eurardy Station area.)"	"Scholtzia sp. Murchison (M.E.Trudgen 1685)"
10	"Peduncles 0.4–1.1 mm long. Stamens usually 5 or 6. (Near Murchison River to East Yuna Reserve.)"	"Scholtzia sp. East Yuna (A.C.Burns 6)"
10	"Peduncles 0.7–2 mm long. Stamens usually 9–11. (Eurardy Station to Wandana Nature Reserve.)"	"Scholtzia sp. Galena (W.E.Blackall 4728)"
11	"Leaves usually 1.3–2.2 mm wide. Petals commonly 1.2–1.5 mm long. Not in saline habitats"	12
11	"Leaves 2–3.8 mm wide. Petals 1.7–2.7 mm long. Associated with saline habitats. (Near Coorow to near Tammin.)"	"Scholtzia sp. Coomberdale (M.E. & M.E.Trudgen MET 1724)"
12	"Leaves c. 1.5 mm long. Sepals strongly incurved in fruit. (Dongara area.)"	"Scholtzia sp. Dongara (R.Hart 8401)"
12	"Leaves c. 2.5 mm long. Sepals erect or spreading in fruit. (E of Moora.)"	"Scholtzia sp. Walebing (S.McNee 4)"
13	"Peduncles 3.5–16 mm long, (3–)5–23-flowered"	14
13	"Peduncles 0.4–2.5 mm long, 1–8-flowered"	17
14	"Peduncles 3.5–7 mm long, 3–15-flowered. Stamens 5–8"	15
14	"Peduncles 8–16 mm long, 9–23-flowered. Stamens 7–10"	16
15	"Leaves c. 1.4 mm wide, longer than wide. Petals 1.5–2 mm long. Habitat unknown, probably not saline. (Near Kojarina.)"	"Scholtzia sp. Kojarena (A.M. Ashby 1904)"
15	"Leaves 2–2.8 mm wide, as wide or wider than long. Petals c. 1.2 mm long. Associated with salt lakes. (Yenyening Lakes Nature Reserve area.)"	"Scholtzia sp. Yenyening Lakes (A.Gunness 2824)"
16	"Leaves less than twice as long as wide. (Murchison House Station to Yerina Springs.)"	"Scholtzia capitata"
16	"Leaves about twice as long as wide. (Tamala Station to Murchison House Station.)"	"Scholtzia sp. Shark Bay (M.E.Trudgen 7429)"
17	"Peduncles 1–3-flowered. Occurring north of Geraldton"	18
17	"Peduncles 3–8-flowered. Occurring south of Geraldton"	"Scholtzia aff. parviflora"
18	"Sepals usually more uniform in size. (widespread)"	"Scholtzia parviflora"
18	"Outer sepals usually much shorter than inner sepals. (Near Murchison River to East Yuna Reserve.)"	"Scholtzia sp. East Yuna (A.C.Burns 6)"
19	"Stamens 15–30, in a continuous circle or with only a few small gaps present, always with some ± antipetalous stamens"	20
19	"Stamens 2–13(14), 0–4 opposite each sepal, with gaps much wider than the filaments opposite the petals, often also with gaps opposite some of the sepals"	27
20	"Leaves ciliate to entire; cilia (when present) up to 0.3 mm long"	21
20	"Leaves markedly laciniiate-ciliate; longest cilia 0.4–0.8 mm long. (Near Lancelin to N of Seabird and Moore River NP.)"	"Scholtzia sp. Lancelin (M.E.Trudgen 1516)"
21	"Sepals with a herbaceous base that is ridged or horned"	22
21	"Sepals scarious throughout, not ridged. (Eneabba to near Bunbury.)"	"Scholtzia involucrata"
22	"Peduncles 1–3-flowered. Outer sepals with the herbaceous base prominently ridged or horned"	23
22	"Peduncles all 1-flowered. Outer sepals with the herbaceous base ridged but not horned"	24
23	"Sepals denticulate or ciliate; base rather broadly ridged. Longest stamens with a filament c. 3.3 mm long. Occurring on the Darling Range. (Bickley area.)"	"Scholtzia sp. Bickley (W.H.Loaring s.n. PERTH 06165184)"
23	"Sepals entire or denticulate-ciliolate; base prominently and very narrowly ridged or horned. Longest stamens with a filament 1.8–2.4 mm long. Occurring on the coastal plain. (Near Eneabba to near Moore River.)"	"Scholtzia teretifolia"
24	"Hypanthium rugose-pitted. Fruits (where known) with erect seeds"	25
24	"Hypanthium 5-ribbed, not rugose-pitted. Fruits with oblique short seeds. (Near Leeman to near Winchester.)"	"Scholtzia sp. Winchester (C.Chapman s.n. PERTH 05625386)"
25	"Leaves 2.5–5 mm long. Stamens 11–18"	26
25	"Leaves 1.5–2.5 mm long. Stamens (16-)19–23. (Meckering to Youndegin area.)"	"Scholtzia eatoniana"
26	"Peduncles 1.5–2.5 mm long. Mature style 1.5–2.3 mm long. (E of Walkaway.)"	"Scholtzia sp. Burma Road (A.C.Burns 138)"
26	"Peduncles 3–7 mm long. Mature style 2.8–3.4 mm long. (Gunyidi to Dalwallinu.)"	"Scholtzia sp. Gunyidi (J.D.Briggs 1721)"
27	"Ovary 3-locular in half to all of the flowers"	28
27	"Ovary 2-locular in all or most flowers"	32
28	"Leaves entire or ciliolate; longest cilia less than 0.2 mm long"	29
28	"Leaves markedly laciniiate-ciliate; longest cilia 0.2–0.4 mm long. (Howatharra Hills area to N of Irwin River.)"	"Scholtzia ciliata"
29	"Peduncles 4–23 mm long, mostly 2–15-flowered. Stamens 5–12. Occurring closer to the coast and/or further north than above range"	30
29	"Peduncles 2–6(–10) mm long, 1–3-flowered. Stamens 10–14. Occurring inland. (Maya to Tammin area.)"	"Scholtzia drummondii"
30	"Peduncles 4–12(15) mm long. Bracts 0.9–2 mm long. Petals 1.5–2.5 mm long. Largest stamens with a filament 0.4–0.7 mm long"	31
30	"Peduncles 12–23 mm long. Bracts 2–5 mm long. Petals 2.5–3.5 mm long. Largest stamens with a filament 1–1.3 mm long. (Kalbarri NP to Binnu area and Howatharra.)"	"Scholtzia spatulata"
31	"Leaf margins entire. Stamens 8–12. Occurring inland. (E of Geraldton to Watheroo NP.)"	"Scholtzia sp. Eneabba (S.Maley 8)"
31	"Leaf margins denticulate to ciliolate. Stamens 5–8. Occurring on the coast. (Near Kalbarri.)"	"Scholtzia sp. Kalbarri (N.Hoyle 623)"
32	"Peduncles mostly 1-flowered, sometimes also 2- or 3-flowered in S. sp. Z Bend"	33
32	"Peduncles mostly 3–20-flowered"	34
33	"Leaf blades 2.5–4.5 mm long, 0.8–2 mm wide, with a thick midrib; margins ciliolate, the largest cilia 0.2–0.3 mm long. Peduncles 1.5–3 mm long. (E of Walkaway.)"	"Scholtzia sp. Burma Road (A.C.Burns 138)"
33	"Leaf blades 1.4–2.7 mm long, 0.6–1 mm long, 0.3–0.5 mm thick; margins entire. Peduncles 5–11 mm long. (Kalbarri NP.)"	"Scholtzia sp. Z-Bend (Bellairs-Kalflora 912a)"
34	"Leaves depressed orbicular-cordate, broader than long, often reflexed"	35
34	"Leaves of varied shape and orientation, all or mostly longer than broad or rarely depressed ovate in S. sp. Ajana"	38
35	"Leaves distinctly petiolate at base, 2.2–4 mm long, 2.5–4.2 mm wide, not very thick"	36
35	"Leaves sessile, somewhat stem-clasping at base, 1.3–1.5 mm long, 1.5–2 mm wide, 0.5–1 mm thick. (Eurardy Station.)"	"Scholtzia sp. Bungabandi Creek (M.Quicke EURA 48)"
36	"Stamens all or mostly 6–12 per flower, 1–3 opposite each sepal"	37
36	"Stamens all or mostly 5 per flower, 1 opposite each sepal. (Ajana to Greenough.)"	"Scholtzia sp. Northampton (A.Strid 20174)"
37	"Leaves 2.2–4 mm long. Mature style 0.8–1.4 mm long. Stamens 9–12. Occurring inland of range of S. uberiflora. (Kalbarri NP to N of Yuna.)"	"Scholtzia sp. Yuna (C.A.Gardner 14286)"
37	"Leaves 4–7 mm long. Mature style 0.4–0.8 mm long. Stamens 6–10. Occurring near the coast. (Murchison River to near Balline Homestead.)"	"Scholtzia uberiflora"
38	"Hypanthium elongate, 5-ribbed at least in distal half"	39
38	"Hypanthium compact or elongate, smooth or rugose"	42
39	"Leaves denticulate-ciliolate on margins. Stamens 7–12. Style 0.5–1.4 mm long"	40
39	"Leaves entire. Stamens 3–6. Style 0.4–0.6 mm long. (Eradu–Ambania area.)"	"Scholtzia sp. Eradu (R.D.Royce 8016)"
40	"Peduncles 3–8 mm long. Pedicels up to 2 mm long. (Occurring from the Kalbarri area southwards.)"	41
40	"Peduncles 5–13 mm long. Pedicels up to 1 mm long. (N of Carnarvon to Tamala Station.)"	"Scholtzia obovata"
41	"Leaves broadly obovate, 1.5–3 mm long. Peduncles 5–8 mm long. (Cooloomia Nature Reserve to near Ajana.)"	"Scholtzia sp. Folly Hill (M.E.Trudgen 12097)"
41	"Leaves narrowly obovate or obovate, 2–5 mm long. Peduncles 3–6 mm long. (Moresby Range to Lancelin.)"	"Scholtzia umbellifera"
42	"Leaves 1.4–4.5 mm long, less than 3 mm long if occurring north of Geraldton"	43
42	"Leaves 2–8.5 mm long, usually over 3 mm long. Occurring north of Geraldton"	47
43	"Petioles 0.4–0.8 mm long. Petals 1.2–1.5 mm long. Stamens 4 or 5. Occurring south of Geraldton"	44
43	"Petioles 0.1–0.3 mm long. Petals 1.5–2.5 mm long. Stamens 6–12. Occurring east or north of Geraldton"	45
44	"Leaves not pinched in towards the base. Inflorescences tending to be concentrated into a small zone towards the ends of the branchlets. (Carnamah area.)"	"Scholtzia sp. Prowaka Springs (R.J.Cranfield & P.Spencer RJC 8083)"
44	"Leaves usually somewhat pinched inwards towards the base. Inflorescences extending for many axils but usually well below the apex of each branchlet. (Mingenew to Yandanooka area.)"	"Scholtzia sp. Yandanooka (R.Soullier 646)"
45	"Peduncles 0.7–3 mm long. Sepals with a ridged herbaceous base. Stamens usually 10–12"	46
45	"Peduncles 8–13 mm long. Sepals not ridged. Stamens 6–9. (E of Binnu.)"	"Scholtzia sp. Whelarra (M.E.Trudgen 12018)"
46	"Peduncles 0.7–1.1 mm long. Fruits c. 1/2 inferior. (E of Binnu to the Yuna area.)"	"Scholtzia sp. Binnu East Road (M.E.Trudgen 12013)"
46	"Peduncles 1.3–3 mm long. Fruits c. 2/3 inferior. (S of Mullewa.)"	"Scholtzia sp. Valentine Rd (S.J.Patrick 2142)"
47	"Peduncles 7–16 mm long, much longer than the subtending leaves. Stamens usually 6–8 with 1 or 2 opposite each sepal"	48
47	"Peduncles 1.5–6 mm long, less than twice as ong as the subtending leaves (i.e. with the flower cluster nestled among the leaves. Stamens usually 7–11 with 1–3 opposite each sepal"	49
48	"Sepals 0.5–0.6 mm long, with base markedly ridged. (Murchison River to East Yuna Reserve.)"	"Scholtzia sp. Binnu-Yuna (M.E.Trudgen 12016)"
48	"Sepals 0.3–0.5 mm long, smooth or scarcely ridged. (Kalbarri NP and nearby.)"	"Scholtzia sp. Red Bluff (A.Gunness 2373)"
49	"Leaf blades 3.3–5.5 mm long; margins entire or denticulate to ciliolate. Bracteoles caducous or shed by late flower. Sepals 0.5–1.3 mm long"	50
49	"Leaf blades 4–8.5 mm long; margins denticulate to ciliate. Bracteoles persistent in late flower. Sepals 1.5–2.5 mm long. (Kalbarri NP.)"	"Scholtzia sp. Ross Graham Lookout (S.Maley 6)"
50	"Leaf blades very broadly to depressed obovate, 3–5 mm wide; margins yellowish, entire. (Kalbarri NP area.)"	"Scholtzia sp. Ajana (T.A.Halliday 137)"
50	"Leaf blades obovate to very broadly obovate, 1.7–3.3 mm wide; margins clear, denticulate to ciliolate. (Murchison River.)"	"Scholtzia sp. Murchison River (A.S.George 7098)"
