from	statement	to
1	"Nectary 1 per tepal"	2
1	"Nectaries 2 per tepal (sometimes scarcely detectable in dried specimens)"	16
2	"Lowest 2 or the only 2 leaves both basal"	3
2	"Lowest leaf basal, the second leaf attached distinctly higher"	8
3	"Unisexual flowers absent"	"Wurmbea pygmaea"
3	"Unisexual flowers present"	4
4	"Tepals connate for 1/3–1/2 their length"	5
4	"Tepals connate for less than one-sixth their length"	6
5	"Perianth 5–7 mm long"	"Wurmbea drummondii"
5	"Perianth 6–7 mm long in ♂, 9–12 mm long in ♀"	"Wurmbea tubulosa"
6	"Nectary deep purple or greenish"	"Wurmbea dioica"
6	"Nectary white or very faintly purple"	7
7	"Leaves usually more than 4 mm wide (eastern Aust.)"	"Wurmbea latifolia"
7	"Leaves usually up to 2 mm wide (W.A.)"	"Wurmbea dioica"
8	"Nectary a spot or bar at midline of tepal, not reaching margins"	"Wurmbea tenella"
8	"Nectary a band or ridge reaching margins of tepal"	9
9	"Leaves 2"	"Wurmbea odorata"
9	"Leaves 3"	10
10	"Lowest leaf usually more than 4 mm wide"	11
10	"Lowest leaf less than 3 mm wide"	12
11	"Nectary white or faintly purple"	"Wurmbea latifolia"
11	"Nectary purple or greenish"	"Wurmbea dioica"
12	"Nectary usually above middle of tepal"	"Wurmbea graniticola"
12	"Nectary below middle of tepal"	13
13	"Filaments swollen in lower 1/3"	"Wurmbea dilatata"
13	"Filaments slightly broader toward base but not swollen"	14
14	"Perianth including nectaries pink"	"Wurmbea inframediana"
14	"Perianth excluding nectary white or only faintly tinged with pink; nectary colour variable"	15
15	"Nectary a flat or slightly raised band, not or scarcely thicker at sides, not forming channel for filament"	"Wurmbea dioica"
15	"Nectary a curved ridge with prominent thickenings at sides, forming channel for filament"	"Wurmbea monantha"
16	"Perianth excluding nectaries pink at anthesis"	17
16	"Perianth excluding nectaries white at anthesis, sometimes flushed pink with age"	20
17	"Nectaries inconspicuous, sometimes scarcely detectable"	"Wurmbea densiflora"
17	"Nectaries conspicuous"	18
18	"Nectaries usually above middle of tepals"	"Wurmbea graniticola"
18	"Nectaries below middle of tepals"	19
19	"Nectaries a fifth to a quarter from base of perianth, at top of tube, small, circular or elliptic structures"	"Wurmbea deserticola"
19	"Nectaries c. a third from base of perianth, well above top of tube, large, shelf-like or fan-shaped structures"	"Wurmbea centralis"
20	"Nectaries usually above middle of tepals"	"Wurmbea graniticola"
20	"Nectaries below middle of tepals"	21
21	"Tepal apex broad and rounded; flower facing sideways and more or less hooded by upper leaf"	"Wurmbea cernua"
21	"Tepal apex acute; flower or flowers facing more or less upwards, not hooded by upper leaf"	22
22	"Plants with only unisexual flowers"	23
22	"Plants with at least some or only bisexual flowers"	25
23	"Nectary dark purple or greenish"	"Wurmbea dioica"
23	"Nectary white or very faintly purple"	24
24	"Lowest leaf usually more than 4 mm wide (eastern Aust.)"	"Wurmbea latifolia"
24	"Lowest leaf less than 3 mm wide (W.A.)"	"Wurmbea dioica"
25	"All plants with all flowers bisexual"	26
25	"Some plants with upper flowers male"	29
26	"Perianth white with pink nectaries"	"Wurmbea biglandulosa"
26	"Perianth white with white nectaries"	27
27	"Anthers yellow"	"Wurmbea uniflora"
27	"Anthers dark red or purple"	28
28	"Perianth 4–7.5 mm long; tepals 1–1.5 mm wide; flower 1, occasionally 2 or 3"	"Wurmbea sinora"
28	"Perianth 7.5–11 mm long; tepals 2–2.5 mm wide; flowers usually 3–7, occasionally 1 or 2"	"Wurmbea murchisoniana"
29	"Nectaries pink, comprising distinct marginal structures separated by a broad gap"	"Wurmbea biglandulosa"
29	"Nectaries purple, white or greenish, comprising a transverse band with a relatively narrow gap at midline of tepal"	"Wurmbea dioica"
