from	statement	to
1	"Leaves c. 3 mm long; intricately branched spinescent shrubs"	2
1	"Leaves more than 3 mm long, or plant not spinescent"	3
2	"Stamens woolly at base; seed radially verruculose (W.A.)"	"Rhagodia acicularis"
2	"Stamens glabrous; seed smooth to minutely granular (W.A., S.A., N.S.W.)"	"Rhagodia ulicina"
3	"Perianth glabrous or almost so"	4
3	"Perianth mealy"	5
4	"Leaves linear to narrowly or broadly obovate, scurfy below"	"Rhagodia preissii"
4	"Leaves narrowly elliptic, mealy with minute spherical or saucer-shaped vesicular hairs, rarely glabrous"	"Rhagodia baccata"
5	"Leaves becoming scaly and covered with a silvery sheen; staminodes present in female flowers"	6
5	"Leaves mealy with spherical to irregular vesicular hairs or glabrous, not becoming scaly or covered by a sheen"	7
6	"Leaves flat, papery or slightly fleshy"	"Rhagodia candolleana"
6	"Leaves fusiform or semiterete, fleshy"	"Rhagodia crassifolia"
7	"Indumentum of spherical or saucer-shaped vesicular hairs."	8
7	"Indumentum of irregular vesicular hairs"	10
8	"Leaves oblong to narrowly elliptic, c. 30 mm long, glabrous above, sparsely mealy below (coastal south-western W.A.)"	"Rhagodia baccata"
8	"Leaves elliptic to deltoid or circular (inland or eastern States)"	9
9	"Leaves narrowly elliptic; lamina mostly 7–10 mm long; female flowers lacking both disc and staminodes; seed almost smooth (W.A.)"	"Rhagodia drummondii"
9	"Leaf shape variable; lamina mostly 5–20 mm long; lateral female flowers with disc and often staminodes; seed prominently reticulate (central and eastern Australia)"	"Rhagodia spinescens"
10	"Leaves broadly obovate to orbicular or obtusely hastate, flat; inflorescence pyramidal"	11
10	"Leaves linear to elliptic or oblong-elliptic"	12
11	"Leaves obovate to orbicular, often conduplicate; indumentum of dense glossy, irregular vesicular hairs (Shark Bay to Geraldton, W.A.)"	"Rhagodia latifolia"
11	"Leaves broadly ovate to obtusely hastate, flat; indumentum of very minute vesicular hairs, dull (N.T., S.A., eastern Australia)"	"Rhagodia parabolica"
12	"Leaves semiterete, somewhat fleshy; panicle narrow, often racemose (Geraldton area, W.A.)"	"Rhagodia latifolia"
12	"Leaves elliptic to ovate (inland regions, or coastal south-western W.A.)"	13
13	"Leaves ovate or oblong-ovate, c. 15 mm long, sparsely mealy below with minute hairs; flowers in dense slender spikes sometimes paniculately arranged; staminodes usually absent (inland W.A., N.T., S.A.)"	"Rhagodia eremaea"
13	"Leaves elliptic, 10–20 mm long, densely mealy below; flowers in panicles (coastal south-western W.A.)"	"Rhagodia baccata"
