from	statement	to
1	"Flowers more than 3 cm diam."	2
1	"Flowers less than 3 cm diam."	3
2	"Coronal lobes 2.5–4.5 mm long; pollinia lacking a pellucid outer margin"	"Hoya sussuela"
2	"Coronal lobes 10–12 mm long; pollinia with a pellucid outer margin"	"Hoya macgillivrayi"
3	"Leaves distinctly 3-veined from base"	"Hoya pottsii"
3	"Leaves not distinctly 3-veined from base"	4
4	"Pedicels equal; venation pinnate"	"Hoya australis"
4	"Pedicels unequal; venation obscurely subparallel"	5
5	"Corolla lobes strongly reflexed; outer tip of corona lobe divided"	"Hoya revoluta"
5	"Corolla lobes not strongly reflexed; outer tip of corona lobe not divided"	6
6	"Leaf surfaces smooth; flowers 12–13 mm diam."	"Hoya anulata"
6	"Leaf surfaces papillose; flowers 15–16 mm diam."	"Hoya serpens"
