from	statement	to
1	"Lamina margins spinose; leaves sessile to subsessile; petiole rarely to 4 mm long; rachis densely pubescent"	"Macadamia tetraphylla"
1	"Lamina margins entire or spinose; leaves distinctly petiolate; petiole 6–18 mm long; rachis pubescent to glabrescent"	2
2	"Lamina apices obtuse"	"Macadamia integrifolia"
2	"Lamina apices acute to acuminate"	3
3	"Lamina margins entire"	"Macadamia jansenii"
3	"Lamina margins spinose"	4
4	"Lamina lanceolate to oblanceolate; tip long and tapering, at an angle of less than 45°; petiole 4–10 mm long; branchlets smooth, brown to burgundy, with small, white, regular lenticels; flowers pink"	"Macadamia ternifolia"
4	"Lamina obovate to broadly ovate; tip broad, at an angle of more than 60°; petiole 6–18 mm long; branchlets rough, pale brown, with irregular, cream lenticels; flowers cream"	"Macadamia integrifolia"
