from	statement	to
1	"Corolla 15–20 mm long; leaves at least 5 times as long as broad"	"Lycium afrum"
1	"Corolla 8–12 mm long; leaves usually less than 5 times as long as broad"	2
2	"Corolla lobes about a quarter of corolla length; stamens included or scarcely exserted; fresh leaves thick, fleshy, usually 1.5–5 mm wide"	"Lycium australe"
2	"Corolla lobes a third to half of corolla length; stamens much exserted; fresh leaves slightly fleshy, some more than 5 mm wide"	3
3	"Lateral branches mostly longer than 10 mm, leafy, ending in aspine; leaves mostly obovate; berry more or less globose"	"Lycium ferocissimum"
3	"Lateral branches mostly 2–10 mm long, leafless, ending in aspine, or spines absent; leaves mostly ovate; berry more or less ellipsoid"	"Lycium barbarum"
