from	statement	to
1	"Leaflet pairs 2 per leaf throughout the plant"	2
1	"Leaflet pairs more than 2 per leaf"	4
2	"Cocci straight dorsally and with a pair of diverging basal spines (widespread in N Australia)"	"Tribulopis pentandra"
2	"Cocci curved dorsally, lacking basal spines but medial and basal protuberances sometimes present"	3
3	"Cocci 1 per fruit, smooth on dorsal surface; style slender (Mitchell Plateau, Kimberleys, W.A.)"	"Tribulopis sp. Mitchell Plateau (K.F.Kenneally 7935)"
3	"Cocci 1–3 per fruit, strongly reticulate on dorsal surface; style thickened (Dampier Penin., Kimberleys, W.A.)"	"Tribulopis sp. Koolan Island (K.F.Kenneally 8728)"
4	"Leaflets linear to narrowly ovate"	5
4	"Leaflets elliptic, ovate or obovate"	6
5	"Lowest pair of leaflets inserted very close to stem; ovary and fruits glabrous (Kimberleys, W.A.; Victoria R., N.T.; Julia Ck area, Qld)"	"Tribulopis sessilis"
5	"Lowest pair of leaflets inserted well above stem; ovary and fruits covered with white hairs, rarely subglabrous (N Australia, S to Tropic of Capricorn)"	"Tribulopis angustifolia"
6	"Leaflet pairs 4 or 5 per leaf; lowest leaflet pair inserted very close to stem (Kimberleys, W.A.; Victoria R., N.T.; Julia Ck area, Qld)"	"Tribulopis sessilis"
6	"Leaflet pairs usually 3 per leaf; lowest leaflet pair inserted close to or well above stem"	7
7	"Flowering pedicel to 7 mm long; flowers with orange or darker centre or yellow throughout; lowest leaflet pair inserted close to or well above stem (S Kimberleys, W.A., to Victoria R., Katherine & McArthur R. area of N.T.)"	"Tribulopis bicolor"
7	"Flowering pedicel more than 7 mm long; flowers yellow throughout; lowest leaflet pair inserted well above stem (Cape York Penin. Qld)"	8
8	"Fruits with medial and basal spines or protuberances"	"Tribulopis solandri"
8	"Fruits lacking any protuberances or each coccus with a basal semicircular wing"	"Tribulopis homalococca"
