from	statement	to
1	"Proliferous offshoots formed at tip of peduncle; plants rarely flowering"	"Aponogeton prolifer"
1	"Proliferous offshoots not formed on plants; plants regularly flowering"	2
2	"Inflorescence branched with 2 spikes"	3
2	"Inflorescence usually unbranched, with 1 spike"	5
3	"Flowers white (rarely pink); perianth segment 1, with 13 or more veins"	"Aponogeton distachyos"
3	"Flowers yellow, yellow-green, or green; perianth segments 2–6, 1-veined"	4
4	"Leaves all floating; perianth segments 6; seeds (2.6–) 5.1–6.2 (–7.0) mm long"	"Aponogeton hexatepalus"
4	"Leaves all submerged; perianth segments 2; seeds 2.1–3.2 mm long"	"Aponogeton lancesmithii"
5	"Leaves all submerged, slightly to strongly bullate"	6
5	"Leaves submerged and/or floating, not bullate"	7
6	"Spathe caducous, to 1.5 cm long; inflorescence to 34 cm long; peduncle much broader than inflorescence rachis"	"Aponogeton lancesmithii"
6	"Spathe mostly persistent, to 2.5 cm long; inflorescence to 5.5 cm long; peduncle about same diameter as inflorescence rachis"	"Aponogeton bullosus"
7	"Plants mainly producing floating leaves; floating leaves mostly cordate at base; seeds with obvious double testa"	"Aponogeton queenslandicus"
7	"Plants mainly producing submerged leaves, or submerged and floating leaves; floating leaves mostly obtuse, some cuneate or truncate at base; seeds with a single testa or, if double, the second seed coat closely adhering and difficult to detect"	8
8	"Submerged leaves narrow, 0.9–3 mm wide; seeds 0.7–1.4 mm long"	"Aponogeton kimberleyensis"
8	"Submerged leaves broad, >5 mm wide; seeds 1.1–4.9 mm long"	9
9	"Fruiting carpels oval and thick-coated; seed coat closely adhering to embryo and difficult to detect, or tightly-fitting and very thin; floating leaves rarely formed"	10
9	"Fruiting carpels elliptic and papery; seeds with a loose outer coat, easily separated from embryo; floating leaves commonly formed"	11
10	"Perianth segments cuneate (N of the Tropic)"	"Aponogeton cuneatus"
10	"Perianth segments spathulate (S of the Tropic)"	"Aponogeton elongatus"
11	"Seeds with a distinct knob at one end, cylindric to narrowly elliptic, 0.7–1.6 mm wide"	"Aponogeton vanbruggenii"
11	"Seeds without a knob at one end, broadly elliptic to almost cylindric, nearly oval, (1.1–) 1.5–2.8 mm wide"	12
12	"Seeds broadly elliptic, 2–2.8 mm wide (Kimberley Region, W.A.)"	"Aponogeton euryspermus"
12	"Seeds almost cylindric to narrowly ellipsoid, 1.5–2 mm wide (eastern N.T.)"	"Aponogeton tofus"
