from	statement	to
1	"Leaves opposite"	2
1	"Leaves alternate"	8
2	Subshrubs	3
2	Trees	4
3	"Male flowers with a central disc present and stamens 3–6, + free, on a + flat receptacle"	Pseudanthus
3	"Male flowers without a central disc, with stamens > 7, variously fused or on a raised receptacle"	Stachystemon
4	"Plants dioecious"	5
4	"Plants monoecious"	7
5	"Male flowers without pistillodes; seeds semi-elliptic in outline, laterally compressed"	Dissiliaria
5	"Male flowers with pistillodes; seeds globose or ovoid, not laterally compressed"	6
6	"Styles linear in outline; fruit subglobose, strongly tricoccus with style remnants widely separated"	Choriceras
6	"Styles cordate-ovate in outline; fruit globose, style remnants in close proximity"	Austrobuxus
7	"Stipules very large and conspicuous (>8 mm); female flowers with 3 sepals; receptacle in male flower glabrous"	Sankowskya
7	"Stipules small and inconspicuous (<8 mm long) or absent; female flowers with 2+2 or 3+3 sepals; receptacle in male flower hairy"	"Whyanbeelia:Whyanbeelia terrae-reginae"
8	"Disk annular or embracing the base of the filaments or style in male and female flowers"	9
8	"Disk dissected or absent in male and female flowers; seed coat not as above"	Petalostigma
9	"Leaf lamina uninerved; anthers introrse; stigmas linear"	Micrantheum
9	"Leaf lamina indistinctly penninerved; anthers extrorse; stigmas clavate or suborbicular-flabellate"	Neoroepera
