from	statement	to
1	"Prostrate, mat-forming herb; leaves 0.2–1.1 cm long"	"Gratiola nana"
1	"Erect to procumbent herbs; leaves 0.5–4.5 cm long"	2
2	"Pedicels 8–26 mm long; sessile glands with globular heads conspicuous on the leaves, bracteoles and sepals; branches, pedicels, bracteoles and sepals finely glandular-pubescent"	"Gratiola pedunculata"
2	"Pedicels less than 7 or rarely to 12 mm long; sessile glands conspicuous or obscure; indumentum of glandular and non-glandular hairs variable"	3
3	"Sessile glands with conspicuous globular heads on the leaves, bracteoles and sepals; sepals and bracteoles finely glandular-pubescent; pedicels 1–2.5 mm long"	"Gratiola pubescens"
3	"Sessile glands obscure, evident as hollows on the leaves, bracteoles and sepals; sepals and bracteoles sparsely hairy with non-glandular hairs and/or finely glandular-pubescent to glabrous; pedicels 0.5–8 or rarely to 12 mm long"	4
4	"Leaves ovate to more or less elliptic or broadly so, usually 6–27 mm wide; style (on young capsules) 1.8–3.5 mm long; mature seeds with brown ridges; corolla pale pink, white in parts"	"Gratiola peruviana"
4	"Leaves narrow-ovate to narrow-elliptic, 1–8 mm wide; style (on young capsules) usually 1.3–1.8 mm long; mature seeds with white ridges; corolla white"	"Gratiola pumilo"
