from	statement	to
1	"Flowers clustered; broadest leaves > 8 mm wide, domatia present (erect shrubs or small trees)"	2
1	"Flowers solitary; leaves < 7 mm wide, domatia absent, or occasional in C. quadrifida"	4
2	"Leaf apex conspicuously acuminate, apiculate; leaves commonly scabridulous above; calyx lobes > 0.5 mm long; stigmata > 10 mm long; drupes globose"	"Coprosma hirtella"
2	"Leaf apex not or only gradually acuminate, not apiculate; leaves smooth above; calyx lobes not or hardly developed; stigmata < 10 mm long; drupes ellipsoid, broad-obovoid or sub-globose"	3
3	"Leaf apex broadly rounded to truncate; stipules with several denticles; drupes broad-ovoid to sub-globose"	"Coprosma repens"
3	"Leaf apex subacute, acute or slightly acuminate; stipules with a single denticle; drupes ellipsoid"	"Coprosma robusta"
4	"Erect or occasionally nearly prostrate shrubs; branchlets pubescent at first; short spine-tipped branchlets often present"	5
4	"Prostrate subshrubs; branchlets glabrous; spine-tipped branchlets absent"	6
5	"Leaves thin, margins flat to minutely recurved, secondary venation evident, petiole slender (width 1/6-1/12 of lamina-width); bracts subtending flowers 0.3-1 mm long; pyrenes 2-3 mm long"	"Coprosma quadrifida"
5	"Leaves generally thickened, margins conspicuously recurved, secondary venation not evident, petiole stout (width 1/3-1/6 of lamina-width); bracts subtending flowers 1-3 mm long; pyrenes 3-5 mm long"	"Coprosma nitida"
6	"Drupes deep blue; flowers bisexual; leaf apex acute and mostly with a minute point, margins minutely papillose"	"Coprosma moorei"
6	"Drupes pale slaty blue, purplish-red or orange-red; flowers unisexual, or bisexual in C. niphophila; leaf apex rounded to acute without a minute point, margins not minutely papillose"	7
7	"Drupes pale slaty blue or purplish-red; at least some younger leaves with a few hairs on margins; l:w ratio of leaves commonly > 2.5"	8
7	"Drupes orange-red; leaves glabrous; l:w ratio of leaves mostly <2.5"	9
8	"Drupes pale slaty blue; petiole < 20% of total leaf length; stipule margin ciliate; hairs absent from leaf apex"	"Coprosma nivalis"
8	"Drupes purplish-red; petiole > 20% of total leaf length; stipule margin glabrous; a few hairs at leaf apex in at least a proportion of leaves"	"Coprosma pumila"
9	"Flowers structurally unisexual; stigmata 3 or 4; pyrenes 3 or 4 per drupe; stipules < 0.8 mm long"	"Coprosma perpusilla"
9	"Flowers structurally bisexual; stigmata 2; pyrenes 2 per drupe; stipules 0.8-1.1 mm long"	"Coprosma niphophila"
