from	statement	to
1	"Plants spinose, climbing"	"Pisonia aculeata"
1	"Plants not spinose, erect"	2
2	"Leaves hairy below; fruit with viscid prickle-like glandular hairs"	"Pisonia grandis"
2	"Leaves glabrous below; fruit viscid, without prickle-like glandular hairs"	3
3	"Flowers unisexual (but females with well-developed staminodes); flower-buds rounded, the perianth-segments smooth to moderately keeled; stamens long-exserted (male flowers); fruit +/- cylindrical, with ribs narrower than inter-rib spaces"	"Pisonia umbellifera"
3	"Flowers bisexual; flower-buds truncate, the perianth-segments strongly and sharply keeled; stamens included or shortly exserted; fruits fusiform, with ribs nearly as wide as inter-rib spaces"	"Pisonia brunoniana"
