from	statement	to	shortcut
1	"Herbs, rarely subshrubby"	2	
1	"Trees, shrubs or climbers"	5	
2	"Ovary half-inferior"	Samolus	
2	"Ovary entirely superior"	3	
3	"Corolla yellow; plants gland-dotted"	Lysimachia	
3	"Corolla white, reddish, or blue; plants not gland-dotted"	4	
4	"Capsule opening by shedding a cap-like lid"	Lysimachia	
4	"Capsule opening by vertical slits"	"Lysimachia linum-stellatum"	
5	"Ovary partly inferior; fruit many-seeded"	Maesa	
5	"Ovary superior; fruit 1-seeded"	6	
6	"Ovules in several rows"	7	
6	"Ovules in 1 row"	8	
7	"Anthers transversely septate"	Aegiceras	"Aegiceras corniculatum"
7	"Anthers not transversely septate"	Ardisia	
8	"Ovules 6 to 12"	Tapeinosperma	
8	"Ovules fewer than 6"	9	
9	"Inflorescence racemose"	Embelia	
9	"Inflorescence of umbels"	10	
10	"Stigma capitate or fringed"	Myrsine	
10	"Stigma slender, not expanded"	Tetrardisia	"Tetrardisia bifaria"
