from	statement	to
1	"Pinnae stalked; pinna margins with a shallow incision between each pair of primary veins"	"Drynaria rigidula"
1	"Pinnae decurrent; pinna margins entire or ahallowly incised"	2
2	"Sori irregularly placed between adjacent main lateral veins; scales on the rhizome and base of the stipe stiff, narrowed ±abruptly above the base; rhizome, especially when old, ±smooth, covered with flat appressed scale bases"	3
2	"Sori in 2 ±regular (sometimes incomplete) rows between adjacent main lateral veins; scales on the rhizome and base of the stipe soft, narrowed gradually from base to apex; rhizome persistently woolly in appearance"	"Drynaria quercifolia"
3	"Margin of lamina of foliage fronds entire; costular nectaries confined to the upper axils of pinnae; sori round, 1 (–2) mm diam., not raised on upper lamina surface"	"Drynaria sparsisora"
3	"Margin of lamina of foliage fronds with a shallow incision between most pairs of primary veins; costular nectaries in either upper or lower pinna axil or in both axils, or absent; sori round, 1–2 mm diam., or oblong to linear, to 2 mm wide, 3–4 mm long, raised on upper lamina surface"	"Drynaria x dumicola"
