from	statement	to
1	"Inflorescence to 1 cm long, flowers in a capitulum; leaves minutely papillose below"	"Stephania bancroftii"
1	"Inflorescence more than 2 cm long, umbelliform; leaves glabrous or puberulous below, not minutely papillose"	2
2	"Flowers distinctly pedicellate; leaf apex rounded or rounded-obtuse"	3
2	"Flowers sessile or subsessile in small heads; leaf apex ±acuminate"	"Stephania japonica"
3	"Inflorescence twice umbellate; leaves broadly ovate to triangular-ovate"	"Stephania tuberosa"
3	"Inflorescence an umbel of cymes; leaves reniform-ovate"	"Stephania renifolia"
