from	statement	to
1	"Plant apparently leafless"	2
1	"Plant leafy"	3
2	"Flowers and fruits sessile at nodes, with a female flower developed first; leaves reduced to a membranous limb at apex of each internode"	"Viscum articulatum"
2	"Flowers and fruits in pedunculate cymes, with a male flower (when present) central; leaves reduced to a pair of opposite, acute, concave bract-like structures together forming a boat-like sheath at apex of each internode"	"Viscum bancroftii"
3	"Cymes with male flowers, when present, lateral; fruit warty except when fully ripe, orange to dark-coloured; leaves more than 12 mm wide"	"Viscum ovalifolium"
3	"Cymes with male flowers, when present, central; fruit smooth, white, pale yellow or pink; leaves less than 12 mm wide"	"Viscum whitei"
