from	statement	to
1	"Culms much branched, 0.3–1.3 m long, mostly with many slender sterile branches"	"Dapsilanthus spathaceus"
1	"Culms unbranched below the inflorescence or sparsely branched, 1–2 m long, without slender sterile branches"	2
2	"Culms grey-green; male and female glumes much longer than the flowers; anthers not exserted; female inner tepals glabrous or the margin shortly ciliate"	"Dapsilanthus elatior"
2	"Culms yellow-green; male and female glumes as long as the flowers; anthers exserted; female inner tepals adaxially covered with a dense, white, woolly tomentum"	"Dapsilanthus ramosus"
