from	statement	to
1	"Leaf underside velvety over a dense hoary indumentum; leaf surface not visible"	"Trema orientalis"
1	"Leaf almost glabrous, scabrous, or velvety without an underlying indumentum; leaf surface visible"	2
2	"Fruit black; leaves glabrous to moderately tomentose beneath, mostly cordate and asymmetric at base; secondary veins 4 or 5 on each side of midvein; petioles 7-18 mm long; stipules 6-9 mm long"	"Trema tomentosa"
2	"Fruit red; leaves glabrous or rarely very sparsely pubescent beneath, mostly rounded and symmetric at base; secondary veins 2 or 3 on each side of midvein; petioles 4-8 mm long; stipules 2-5 mm long"	"Trema cannabina"
