from	statement	to
1	"Hypanthium muricate or pitted"	2
1	"Hypanthium 5-ribbed or smooth"	4
2	"Leaves elliptic, 1.8–2.1 mm wide. Hypanthium muricate. (Nymboida area, N.S.W.)"	"Kardomia prominens"
2	"Leaves narrowly obovate to linear, 0.5–1.4 mm wide. Hypanthium pitted"	3
3	"Leaves 0.7–1.4 mm wide. Stamens 5–9. Ovules 8–10 per loculus. (near Stanthorpe, Qld)"	"Kardomia granitica"
3	"Leaves 0.5–0.8 mm wide. Stamens 11–13. Ovules 12–14 per loculus. (Torrington area, N.S.W.)"	"Kardomia odontocalyx"
4	"Leaf blades 3–4.5 mm long, 1.5–3.3 mm wide. (Girraween NP, Qld–Dorrigo NP, N.S.W.)"	"Kardomia silvestris"
4	"Leaf blades 0.9–1.5 mm long, 0.5–1.4 mm wide"	5
5	"Flowers stalked. Sepal horn 0.3–0.4 mm long. (N of Miles, Qld–Pilliga area, N.S.W.)"	"Kardomia jucunda"
5	"Flowers sessile. Sepal horn 0.7–1.2 mm long. (W of Pentland, Qld)"	"Kardomia squarrulosa"
