from	statement	to
1	"Deciduous or (often in Australia) semi-deciduous/semi-evergreen; flowers late summer–autumn; leaf lamina 2–7 cm but mostly less than 5 cm long, base slightly oblique, margin with simple teeth; bark smooth becoming scaly and blotchy, mottled olive green, grey, tan and/or orange-brown, shedding in small plates or flakes, sometimes rough, dark and fissured; suckers absent"	"Ulmus parvifolia"
1	"Deciduous; flowers winter–spring; leaf lamina mostly more than 4 cm long, base distinctly oblique, margin double-serrate; bark furrowed, grey-brown; suckers often present"	2
2	"Inflorescence pendulous with pedicels to c. 1 cm long; samaras pubescent, narrowly winged with margin shortly ciliate with a distinct dense fringe of white hairs"	"Ulmus thomasii"
2	"Flowers and fruits clustered, subsessile to shortly pedicellate; samaras mostly glabrous, broadly winged often with marginal hairs at apex (without distinct fringe of hairs)"	3
3	"Leaf lamina (3.5–) 6–13 (–15) cm long, with 10–21 secondary veins each side of midvein, apex usually acuminate; seed c. centre to near top of samara and usually not reaching the apical notch"	"Ulmus x hollandica"
3	"Leaf lamina (3–) 4–10 (–13) cm long, with mostly 9–14 secondary veins each side of midvein (possibly up to 21 veins in U. minor), apex acuminate or abruptly acuminate to acute; seed close to apical notch of samara"	4
4	"Leaf lamina broadly ovate to broadly obovate, ovate, suborbicular or more or less elliptic, upper surface dull to slightly shiny, usually rough/scabrous (sometimes scarcely so), lower surface softly-hairy mainly on main veins and with tufts of hairs in vein axils; petiole c. 5–9 (–11) mm long"	"Ulmus procera"
4	"Leaf lamina obovate to oblanceolate or ovate to lanceolate to elliptic, upper surface smooth and shiny, lower surface glabrous except for small tufts of hairs in vein axils; petiole mostly 7–20 mm long"	"Ulmus minor"
