from	statement	to
1	"Free portion of phyllodes with 2 or 3 gland-bearing angles, sharply pungent; heads 4–7-flowered."	"Acacia alata var. biglandulosa"
1	"Free portion of phyllodes with 1 gland-bearing angle (rarely 2 or 3 in var. tetrantha and then free portion of phyllodes innocuous or scarcely pungent); heads (4–) 6–15-flowered."	2
2	"Flowers 4 per head (free portion of phyllode 10–70 mm long, innocuous or scarcely pungent)."	"Acacia alata var. tetrantha"
2	"Flowers 6 or more per head."	3
3	"Free portion of phyllode 5–20 mm long, sharply pungent."	"Acacia alata var. alata"
3	"Free portion of phyllode 10–70 mm long, acuminate to caudate-acuminate, innocuous or slightly pungent."	"Acacia alata var. platyptera"
