from	statement	to
1	"Branchlets spinescent"	2
1	"Branchlets not spinescent"	6
2	"Branches and leaves conspicuously pubescent"	3
2	"Branches and leaves glabrous or sparsely pubescent"	4
3	"Flowers white to cream; spines pubescent; corolla lobes glabrous at apex"	"Anthocercis anisantha"
3	"Flowers green and purple; spines usually glabrous; corolla lobes with hair tufts at apex"	"Anthocercis sylvicola"
4	"Inflorescence usually branched; pedicels glandular-pubescent; most leaves at least 3 mm wide"	"Anthocercis intricata"
4	"Inflorescence not branched; pedicels glabrous or sparsely pubescent most leaves 0.5-2.5 mm wide"	5
5	"Corolla lobes with minute hairs at apex"	"Anthocercis genistoides"
5	"Corolla lobes glabrous"	"Anthocercis anisantha"
6	"Plant glandular-pubescent, rarely almost glabrous"	7
6	"Plant glabrous, rarely pubescent, the branches sometimes with prickles"	10
7	"Leaves 10–30 mm wide"	"Anthocercis viscosa"
7	"Leaves 0.5–10 mm wide"	8
8	"Corolla 9–16 mm long, the lobes 4–9 mm long"	"Anthocercis fasciculata"
8	"Corolla 15–28 mm long, the lobes 10–20 mm long"	9
9	"Leaves, pedicels and calyces pubescent with conspicuous glandular hairs; corolla-tube narrowly funnel-shaped"	"Anthocercis angustifolia"
9	"Leaves, pedicels and calyces glabrous or sparsely pubescent with inconspicuous hairs; corolla-tube inflated, slightly constricted at apex"	"Anthocercis gracilis"
10	"Leaves 1–2 mm wide, few at flowering; flowers in small groups"	"Anthocercis gracilis"
10	"Leaves 4–35 mm wide; branches leafy; inflorescence raceme- or panicle-like"	11
11	"Plant much-branched from base; inflorescence a leafy raceme; corolla-tube not more than one-third of corolla length, the lobes narrow"	"Anthocercis littorea"
11	"Plant with 1 or 2 main stems; inflorescence a pyramidal panicle leafless except at base; corolla-tube one-third to one-half of corolla length, the lobes broad"	"Anthocercis ilicifolia"
