from	statement	to
1	"Leaflets, rachis, branchlets, inflorescence axes and outer surface of sepals hirsute, at least when young, with long irritant bristly hairs (usually moderately to strongly persistent); most adult leaves more than 35 cm long; pinnae (7–)9–19, the three largest pinnae (terminal and subterminal) 20–40 cm long; margins of pinnae secondarily serrate; inflorescences cauliflorous or ramiflorous, usually borne on the main trunks or sometimes among the leaves; styles 2 or rarely 3, conspicuous, curved, exceeding the stamens; fruit pyriform to obovoid or ellipsoid, with length greater than or equal to its diameter"	2
1	"All parts more or less glabrous, sometimes pubescent when young but glabrescent, hairs not irritant; leaves mostly less than 35 cm long; pinnae 5–9, the three largest pinnae (terminal and subterminal) usually 10–20 cm long; margins of pinnae dentate but not secondarily serrate; inflorescences subterminal on branchlets, borne amongst the leaves; styles reduced or absent, if present 2 or 3, shorter than or scarcely exceeding the stamens; fruit depressed-globose, with length less than diameter"	"Davidsonia johnsonii"
2	"Inflorescences open, paniculate, usually more than 30 cm long; anthers oblong at anthesis, 1.8–3.0 mm long; pyrenes (when fertile, i.e. containing a seed) 2.0–2.7 cm long, 2.5–2.9 cm wide with a prominent dorsal crest 3.0–6.0 mm long; adult leaves usually 60–120 cm long, rachis scarcely winged; upper lateral pinnae mostly lanceolate to oblong, with 15–27 pairs of secondary veins"	"Davidsonia pruriens"
2	"Inflorescences condensed, racemose or spike-like, mostly less than 25 cm long; anthers ellipsoid at anthesis, 1.1–1.7 mm long; pyrenes (when fertile) 2.0–2.2 cm long, 1.6–1.7 cm wide, with an inconspicuous crest 2.0–2.3 mm long; adult leaves usually 35–60 cm long, rachis usually prominently winged; upper lateral pinnae mostly oblanceolate, with 11–17 pairs of secondary veins"	"Davidsonia jerseyana"
