from	statement	to
1	"Rhizomes covered with dark red-brown cataphylls; lowest culm internode not distinctly different from internodes above, c. 4 cm long and to 2 mm diam.; male inflorescence slender, interrupted,20-35 crn long, with spikelets on filiform pedicels up to 2 cm long"	"Alexgeorgea ganopoda"
1	"Catyphylls golden-brown or pale; culms branched above a narrow, partly subterranean, elongated basal internode c. 5-15 cm long; male spikelets sessile and terminating the branchlets"	2
2	"Culm branchlets slender, terete to compressed, 0.5-1.5 mm wide; male spikelets 3.5-6 mm long"	"Alexgeorgea nitens"
2	"Culm branchlets thickish, strap-like, flattened, c. 2 mm wide; male spikelets 6-12 mm long"	"Alexgeorgea subterranea"
