from	statement	to
1	"Leaves with lateral veins very close-set, 0.3–0.5 mm apart, without intermediate reticulation; leaf apex very shortly and abruptly acuminate, lamina margin flat (Lord Howe Island endemic)"	"Metrosideros nervulosa"
1	"Leaves with lateral veins 1–3 mm apart with intermediate reticulation; leaf apex acute to rounded, lamina margin flat to recurved or slightly revolute"	2
2	"Young stems and leaves sparsely tomentose or glabrous; leaf apex acute, sometimes slightly acuminate; submarginal vein evidend (Lord Howe Island endemic)"	"Metrosideros sclerocarpa"
2	"Young stems and leaves persistently pubescent (especially below; lower surface of lamina white- to grey-tomentose); leaf apex acute to obtuse or rounded to blunt; submarginal vein obscure or faint"	3
3	"Leaves with lamina c. 2–5 cm long; flower filaments 10–23 mm long"	"Metrosideros kermadecensis"
3	"Leaves with lamina (2.5–) 5–10 cm long; flower filaments 30–40 mm long"	"Metrosideros excelsa"
