from	statement	to
1	"Cypselas c. 2.5–4 mm wide, with broad scarious wings, not villous apically"	"Soliva sessilis"
1	"Cypselas 1–1.5 mm wide, without broad scarious wings, woolly apically or not"	2
2	"Cypselas smooth, glabrous"	"Soliva valdiviana"
2	"Cypselas transversely corrugated, woolly apically"	3
3	"Leaves to c. 13 cm long, 2- or 3-pinnatisect; cypsela lacking horizontal ridges in upper third; wings of cypsela obtuse to rounded apically"	"Soliva anthemifolia"
3	"Leaves to c. 4 cm long, 1- or 2-pinnatisect; cypsela with horizontal ridges extending for their entire length; wings of cypsela acute apically"	"Soliva stolonifera"
