from	statement	to
1	"Leaf lamina glabrous beneath or very nearly so, a few sparse hairs may persist along the midrib and main lateral veins"	2
1	"Leaf lamina persistently hairy beneath, particularly along midrib and lateral veins"	7
2	"Petiole often reduced, usually less than 3 mm long; venation dense"	"Helicia glabriflora"
2	"Petiole distinct, usually more than 3 mm long; venation dense or lax"	3
3	"Ovary hairy"	4
3	"Ovary glabrous"	6
4	"Tepals glabrous, to 18 mm long; pedicels c. 5 mm long"	"Helicia grayi"
4	"Tepals ferruginous-pilose, sometimes sparsely so, to 15 mm long; pedicels to 3 mm long"	5
5	"Leaf margin recurved; lamina coriaceous"	"Helicia recurva"
5	"Leaf margin not recurved; lamina chartaceous"	"Helicia australasica"
6	"Twigs glabrous; leaf lamina lanceolate to narrowly elliptic; petiole 10–20 mm long"	"Helicia blakei"
6	"Twigs with appressed reddish brown hairs; leaf lamina elliptic; petiole 8–12 mm long"	"Helicia lewisensis"
7	"Tepals 12–18 mm long; leaf lamina orbicular, with irregularly toothed margins"	"Helicia lamingtoniana"
7	"Tepals 6–8.5 mm long; leaf lamina variously shaped, with regularly toothed margins"	8
8	"Leaf lamina ±elliptic; indumentum not persistent, often sparse; lateral veins 6–10 pairs; tepals c. 8.5 mm long"	"Helicia nortoniana"
8	"Leaf lamina oblong or oblong-lanceolate; indumentum persistent and dense; lateral veins 10–20 pairs; tepals c. 6 mm long"	"Helicia ferruginea"
