from	statement	to
1	"Female flowers in fascicles, sometimes co-axillary with several males"	2
1	"Female flowers solitary"	4
2	"Female flowers mostly 3–7 per axil; ripe fruits orange–red; central WA"	"Cucumis variabilis"
2	"Female flowers mostly 1 or 2, rarely 3 or 4 per axil; ripe fruits red; northern and inland Australia"	3
3	"Seeds (6–)9–15 per fruit, markedly verrucose to slightly verrucose; mostly coastal to subcoastal northern Australia"	"Cucumis althaeoides"
3	"Seeds 4–6 per fruit (rarely more), smooth to slightly verrucose; mostly inland Australia"	"Cucumis argenteus"
4	"Seeds pitted or verrucose"	5
4	"Seeds smooth"	8
5	"Fruit globose or subglobose"	6
5	"Fruit ellipsoidal, fusiform or ovoid fusiform"	7
6	"Fruit 1–3 seeded; fruiting pedicel > 5 cm; male inflorescence umbellate; ripe fruit bright orange; WA and NT"	"Cucumis umbellatus"
6	"Fruit (6–) 9–15 seeded; fruiting pedicel < 1 cm long; male inflorescence fasciculate; ripe fruit red; WA, NT and Qld"	"Cucumis althaeoides"
7	"Male inflorescence racemose; fruit strongly ribbed, the ribs scabrid"	"Cucumis costatus"
7	"Male inflorescence fasciculate, rarely racemose; fruit weakly ribbed, the ribs hispid"	"Cucumis queenslandicus"
8	"Fruit aculeate; aculei scattered or dense, soft or rigid"	9
8	"Fruit smooth or longitudinally ribbed, variously hairy, sometimes glabrescent"	13
9	"Aculei soft"	10
9	"Aculei rigid, i.e. spinose"	12
10	"Mature fruit with aculei moderately dense to dense (about 20–100 per square cm); seeds 4-8.5 mm; Qld and NSW"	11
10	"Mature fruit with aculei sparse (about 5–10 per square cm); seeds 4–5.5 mm; all states, NT and ACT"	"Cucumis myriocarpus subsp. myriocarpus"
11	"Aculei dense (about 50–100 per square centimetre, fruit surface at least half-obscured); aculei short (mostly 3–8 mm long); seeds 4mm long; Qld"	"Cucumis dipsaceus"
11	"Aculei moderately dense (about 20-30 per square cm, fruit surface mostly visible); aculei long (mostly 8–16 mm long); NSW"	"Cucumis zeyheri"
12	"Mature fruit with aculei moderately dense (about 10-30 per square cm); fruit ripening yellow; Qld and the Tweed Region of northern NSW"	"Cucumis anguria var. anguria"
12	"Aculei sparse (about 0.5–2 per square centimetre); fruit ripening orange–red; Qld, NSW, NT, Norfolk Island"	"Cucumis metuliferus"
13	"Leaves unlobed or shallowly 3– or 5–lobed; lobes < one third of lamina width; fruit with short antrorse hairs"	"Cucumis melo"
13	"Leaves deeply 5–lobed; lobes more than one third of lamina width; fruit sparsely pilose with spreading hairs; glabrescent"	"Cucumis picrocarpus"
