from	statement	to
1	"Occurs on Norfolk Island (endemic  F.  baueriana subsp. baueriana)"	"Freycinetia baueriana"
1	"Occurs in Northern Territory, Queensland, New South Wales"	2
2	"Leaves usually < 10 cm long, broadly linear to narrowly elliptic or sometimes narrowly ovate or narrowly obovate; staminate spike, including peduncle, usually < 4.5 cm long"	"Freycinetia scandens"
2	"Leaves usually 15–130 cm long, +/- linear; staminate spike, including peduncle, usually > 4.5 cm long"	3
3	"Stigmas usually 8–12 in 2 rows; leaf auricles with a distinct apical lobe; leaf midrib toothed on underside except near base; fruiting heads long-cylindric, to 21 cm long"	"Freycinetia percostata"
3	"Stigmas 2–4; leaf auricles with or without apical lobes; leaf midrib toothed on underside towards apex; fruiting heads ovoid, cylindric to obloid, to 13 cm long"	4
4	"Leaves 60–130 cm long, (2–) 4–8 cm wide; leaf auricles persistent; auricle margins entire or rarely toothed; stigmas 2, very rarely 1 or 3"	"Freycinetia marginata"
4	"Leaves to 50 cm long, to 1 cm wide; leaf auricles not persistent; auricle margins ciliate-spinulose; stigmas 2–4"	"Freycinetia excelsa"
