from	statement	to
1	"Carpels 60–70 in each flower"	2
1	"Carpels 5–25 in each flower"	3
2	"Flowers 1–8 or more in cymes; ovule 1 per carpel; lamina pubescent above becoming scaberulous by persistent hair bases"	"Melodorum uhrii"
2	"Flowers solitary; ovules 6 per carpel; lamina glabrous above"	"Melodorum topazensis"
3	"Carpels 18–25 in each flower; ovules 4–8 per carpel"	4
3	"Carpels 5–9 in each flower; ovules 9–16 per carpel"	5
4	"Outer petals wider than long, or as long as wide, inside not thickened and not shallowly, medially grooved; inner petals with claw longer than blade; ovules 7 or 8; apocarps pubescent with multiradiate-stellate trichomes"	"Melodorum unguiculatum"
4	"Outer petals slightly longer than wide, inside thickened and shallowly, medially grooved; inner petals rhombic with claw half as long as blade; ovules 4 or 5; apocarps with scattered peltate-stellate trichomes, glabrescent"	"Melodorum leichhardtii"
5	"Upper surface of leaf persistently scabridulous"	"Melodorum scabridulum"
5	"Upper surface of leaf softly pubescent, glabrescent or glabrous"	6
6	"Venation slightly raised on both leaf surfaces, indistinct; outer petals 18–23 mm long; apocarps 3.5–6.5 cm long, 2.5–3 cm wide"	"Melodorum crassipetalum"
6	"Venation sunken on leaf upper surface, prominently raised below; outer petals 11–12.5 mm long; apocarps 2–3.5 cm long, 1.4–1.7 cm wide"	"Melodorum rupestre"
