from	statement	to
1	"Mature spikes mostly with 4 or more joints"	2
1	"Mature spikes with 1-3 joints"	5
2	"Spikes more than 2 mm thick"	3
2	"Spikes less than 2 mm thick"	4
3	"Spikes not constricted at nodes"	"Thaumastochloa major"
3	"Spikes constricted at nodes"	"Thaumastochloa monilifera"
4	"Spikes of one type only"	"Thaumastochloa pubescens"
4	"Spikes of two different types"	"Thaumastochloa x heteromorpha"
5	"Spikes constricted at the nodes, usually 3 jointed"	"Thaumastochloa sp. Morehead River (J.R.Clarkson+ 8086)"
5	"Spikes not constricted at the nodes, usually less than 3 jointed"	6
6	"Spikes 11-20 mm long, 2-3 (rarely 1) jointed"	"Thaumastochloa striata"
6	"Spikes 3-9 mm long, 1 (rarely 2) jointed"	7
7	"Culm with 6-9 nodes; lower glume smooth or slightly rugulose"	8
7	"Culm with 10-15 nodes; lower glume not smooth"	9
8	"Joints 2.5-3 mm long; lower glume concave inside view"	"Thaumastochloa rariflora"
8	"Joints 3-6 mm long; lower glume ±straight"	"Thaumastochloa major"
9	"Lower glume distinctly rugulose"	"Thaumastochloa brassii"
9	"Lower glume longitudinally ribbed"	"Thaumastochloa rubra"
