from	statement	to
1	"Lowest node of inflorescence with whorled branches"	2
1	"Lowest node of inflorescence with 1-2 branches"	10
2	"Most inflorescence branches whorled"	3
2	"Only lowest inflorescence branch whorled"	6
3	"Spikelets uniformly distributed in inflorescence; grain globular"	"Sporobolus australasicus"
3	"Spikelets situated on apical 1/3-2/3 of inflorescence branches; grain not globular"	4
4	"Inflorescence branches not all whorled; ligule 0.35-1 mm long; leaves broad"	"Sporobolus coromandelianus"
4	"Inflorescence all, except uppermost, whorled; ligule c. 0.1 mm long; leaves narrow"	5
5	"Spikelets 1.1-1.5 mm long; grain quadrangular"	"Sporobolus pulchellus"
5	"Spikelets 1.6-1.8 mm long; grain lenticular"	"Sporobolus lenticularis"
6	"Inflorescence a very open panicle with small delicate uniformly distributed spikelets"	"Sporobolus caroli"
6	"Inflorescence with spikelets ±clustered on branches"	7
7	"Inflorescence ±open; inflorescence axis and branches distinctly scabrous"	"Sporobolus scabridus"
7	"Inflorescence ±arranged in false spikes; inflorescence axis and branches smooth"	8
8	"Inflorescence branches with several false spikes ±loosely arranged"	"Sporobolus contiguus"
8	"Inflorescence branches with a single false spike towards apex"	9
9	"Upper glume distinctly shorter than spikelet; inflorescence open"	"Sporobolus actinocladus"
9	"Upper glume as long as spikelet; inflorescence mostly closed"	"Sporobolus partimpatens"
10	"Upper glume ±as long as spikelet"	11
10	"Upper glume 1/4-3/4 spikelet length"	12
11	"Stoloniferous; leaf sheaths usually shorter than internodes; spikelets 1.5-2mm long"	"Sporobolus mitchellii"
11	"Rhizomatous; leaf sheaths usually longer than internodes; spikelets ±3mm long"	"Sporobolus virginicus"
12	"Upper glume ±1/3 spikelet length"	13
12	"Upper glume 1/2 spikelet length or more"	14
13	"Plant coarse and tall (to 1.7m), with leaf blades to 70cm x 6-7 mm"	"Sporobolus pyramidalis"
13	"Plant shorter (to 0.75m), with leaf blades to 40cm x 2.5-3.5 mm"	"Sporobolus jacquemontii"
14	"Inflorescence a much branched and open panicle; spikelets at least 2.5 mm long"	"Sporobolus pamelae"
14	"Inflorescence with spikelets and branches appressed to the axis; spikelets up to 2.5 mm long"	15
15	"Inflorescence spicate (to semi-spicate)"	16
15	"Inflorescence spreading or spikelets arranged in spike-like clusters"	18
16	"Inflorescence branches bunched"	"Sporobolus disjunctus"
16	"Inflorescence branches not bunched"	17
17	"Spikelets 2.1-2.5 mm long; inflorescence branches usually appressed uniformly"	"Sporobolus africanus"
17	"Spikelets 1.6-2 mm long; inflorescence branches usually less appressed at base"	"Sporobolus fertilis"
18	"Lower glumes about 1/2 spikelet length; plants shortly rhizomatous"	"Sporobolus latzii"
18	"Lower glume less than 1/2 spikelet length; plants not rhizomatous"	19
19	"Spikelets spaced loosely and fairly evenly along inflorescence branches"	20
19	"Spikelets in spike-like clusters on inflorescence branches"	22
20	"Spikelets 1.6-2.3 mm long"	"Sporobolus natalensis"
20	"Spikelets 1.2-1.6 mm long"	21
21	"Inflorescence branches bearing spikelets to base"	"Sporobolus sessilis"
21	"Inflorescence branches naked for some distance at base"	"Sporobolus laxus"
22	"Inflorescence branches shorter than adjacent internodes"	"Sporobolus creber"
22	"Inflorescence branches as long as or longer than adjacent internodes"	23
23	"Leaf blades involute; leaf sheaths not distinctly fibrous at base of plant"	"Sporobolus elongatus"
23	"Leaf blades flattened; leaf sheaths distinctly fibrous at base of plant"	"Sporobolus blakei"
