from	statement	to
1	"Flower solitary"	"Burchardia monantha"
1	"Flowers 2 or more together, grouped in umbels"	2
2	"Anthers purple"	3
2	"Anthers yellow"	4
3	"Tepals white or with faint pink abaxial mid-stripe; uppermost scape bract 7–40 mm long; longest umbel bract 4–12 mm long"	"Burchardia umbellata"
3	"Tepals pinkish white with deep pink abaxial mid-stripe; uppermost scape bract 35–160 mm long; longest umbel bract usually 15–45 mm long"	"Burchardia multiflora"
4	"Flowers pink; tepal nectaries absent"	"Burchardia rosea"
4	"Flowers white or with at most a pink abaxial mid-stripe; tepal nectaries present"	5
5	"Scape unbranched, rarely once-branched; scape bracts 1 or 2; capsule thickened on angles"	"Burchardia umbellata"
5	"Scape 1–4-branched, occasionally unbranched; scape bracts 3 or 4; capsule not thickened on angles"	"Burchardia bairdiae"
