from	statement	to
1	"Leaves and bracts scale-like, usually caducous (occasionally deciduous) (sect. Leptomeria)"	2
1	"Leaves and bracts well developed, not scale-like, persistent (occasionally deciduous in L. cunninghamii) (sect. Xeromeria)"	13
2	"Tepals white to cream (frequently ageing reddish in L. drupacea and L. glomerata, and occasionally darkening brownish in L. pauciflora upon drying)"	3
2	"Tepals brown, orange, yellow, reddish, purplish or green"	7
3	"Branchlets pungent (some branchlets in L. preissiana may be more or less innocuous); adaxial surface of the tepals minutely hairy all over in the proximal portion (or hairs sometimes restricted to a central longitudinal band and/or the margins). Western Australia and South Australia"	4
3	"Branchlets not pungent; adaxial surface of the tepals glabrous or with small tuft of minute hairs above the point of filament insertion (but never completely or partially hairy as described above). Eastern mainland Australia and Tasmania"	6
4	"Inflorescence a raceme of (7-) 10-25 (-30) flowers, rachis (3-) 9.5-30.5 mm long; bracts caducous to more or less deciduous"	"Leptomeria preissiana"
4	"Inflorescence a corymb or rarely a short raceme of 3-9 (-11) flowers, rachis 0.3-4.2 (-5.5) mm long; bracts caducous"	5
5	"Branchlets terete, slightly to (rarely) distinctly striate, never longitudinally ridged or angled; fertile branchlets 1.3-2.5 mm diameter"	"Leptomeria pachyclada"
5	"Branchlets terete to more or less angular, distinctly longitudinally ridged (rarely only slightly so); fertile branchlets 0.7-1.6 mm diameter"	"Leptomeria pauciflora"
6	"Shrub (0.3-) 1-2.5 m tall. Adaxial surface of tepals with small tuft of minute hairs in the proximal portion, disc deeply lobed"	"Leptomeria drupacea"
6	"Subshrub or shrub 0.04-0.1 (-0.3) m tall. Adaxial surface of tepals glabrous, disc shallowly lobed"	"Leptomeria glomerata"
7	"Branchlets pungent, rigid, terete, smooth or wrinkled to slightly striate but not longitudinally ridged. Divaricately branched, often rounded shrub of southern South Australia and western Victoria"	"Leptomeria aphylla"
7	"Branchlets not pungent, flexible to more or less rigid, sub-terete to prominently angular and longitudinally ridged. Erect, sometimes broom-likeor occasionally more or less spreading sub-shrubs or shrubs, never divaricately-branched, distribution not as above"	8
8	"Inflorescence a spike-like raceme, frequently more or less conical in outline; rachis often thickened with flowers partly sunken; branchlets tuberculate or smooth; fruits dry, globose to subglobose"	9
8	"Inflorescence a raceme, never conical in outline; if rachis thickened then flowers not sunken; branchlets always smooth; fruits succulent (probably so in L. dielsiana), globose, subglobose, strongly depressed-globose, ellipsoid or oblong"	10
9	"Erect, generally rigidly branched subshrub or shrub 0.3-1.5 m tall; branchlets distinctly tuberculate (rarely only slightly so); leaf margin erose to incised"	"Leptomeria scrobiculata"
9	"Sprawling, lax, subshrub 0.2-0.5 m tall; branchlets smooth (rarely some may be minutely tuberculate); leaf margin entire to suberose distally"	"Leptomeria furtiva"
10	"Inflorescence with 12-30 (-45) flowers, tepals reddish or (less often) yellowishbrown or greenish; branchlets prominently angular. Coastal and hinterland areas from south-eastern Queensland to far eastern Victoria"	"Leptomeria acida"
10	"Inflorescence with 2-15 (-25) flowers, tepals various shades of brown, never reddish; branchlets terete to angular-terete. South-west Western Australia"	11
11	"Subshrub 0.3-0.5 m tall with a single, unbranched main stem to 25 cm long, above which lateral branching then occurs; inflorescence rachis soon becoming thickened, woody, and resembling a branchlet (flowers appearing to be solitary on fertile branchlets), mostly longer than 10 mm; apex sometimes continuing growth as a vegetative shoot"	"Leptomeria dielsiana"
11	"Subshrub or shrub (0.4-) 0.7-2 (-3) m tall, habit not as above; inflorescence rachis not becoming woody, slender and distinctly different from the branchlets, usually less than 10 mm long; apex not continuing growth as a vegetative shoot"	12
12	"Drupe oblong-cylindrical to oblong-ellipsoid, (frequently narrowly obovoid when young), distinctly longer than wide, both in life and when dried, 6-7.5 mm long, endocarp ellipsoid to oblong-ellipsoid, 4-4.5 mm long"	"Leptomeria lehmannii"
12	"Drupe strongly depressed-globose to occasionally subglobose, distinctly shorter than wide in life, shorter than or as long as wide when dried, 5-6 mm long, endocarp broadly ellipsoid to broadly oblong-ellipsoid or rarely subglobose, 2.5-3 mm long"	"Leptomeria ellytes"
13	"Bracts not articulate, continuous with inflorescence rachis at base"	14
13	"Bracts articulate, not continuous with inflorescence rachis at base"	15
14	"Leaves not articulate, continuous with branchlets at base, recurved distally (though lowermost leaves on main stems may be slightly incurved overall); bracts 0.5-1.1 mm long"	"Leptomeria squarrulosa"
14	"Leaves articulate, not continuous with branchlets at base, straight to slightly incurved overall; bracts 0.9-2 mm long"	"Leptomeria ericoides"
15	"Inflorescence usually distinctly pendulous, the apex not continuing growth as a vegetative shoot. South coast of Western Australia between Cheyne Beach and Cape Arid"	"Leptomeria axillaris"
15	"Inflorescence spreading but not pendulous, the apex sometimes continuing growth as a vegetative shoot (especially in L. empetriformis). West coast and adjacent areas of Western Australia between Eneabba and Waroona (with outliers at Cranbrook and Albany)"	16
16	"Branchlets, inflorescence rachises and leaf and bract margins weakly to strongly tuberculate. Ascendent (sometimes almost prostrate) to erect subshrub or shrub, frequently spreading to c. 2 m diameter, vegetative parts often tinged reddish. Drupe 3-3.8 mm long"	"Leptomeria empetriformis"
16	"Branchlets, inflorescence rachises and leaf and bract margins smooth. Erect, rarely somewhat spreading subshrub or shrub, vegetative parts never with a reddish tinge. Drupe 2-3 mm long"	"Leptomeria cunninghamii"
