from	statement	to
1	"Leaves, at least those of the primary stem, markedly decurrent (more than 4 mm) or stem-clasping"	2
1	"Leaves simply sessile or only slightly decurrent (less than 2 mm) on stem"	4
2	"Involucres 1.5 cm or more long; marginal florets without ligules"	"Streptoglossa macrocephala"
2	"Involucres less than 1.5 cm long; marginal florets ligulate"	3
3	"Leaves on primary stem 1-3 cm wide; 45-80 florets per capitulum; capitula usually in terminal clusters"	"Streptoglossa decurrens"
3	"Leaves on primary stem rarely more than I cm wide; 15-30 (rarely more than 45) florets per capitulum; capitula scattered"	"Streptoglossa odora"
4	"Leaves all linear or oblanceolate, to 3 mm wide"	"Streptoglossa odora"
4	"Leaves not all linear or if oblanceolate broader than 3 mm"	5
5	"Median phyllaries densely glandular; fresh plants pungently odorous"	6
5	"Median phyllaries with few scattered glands or non-glandular; plants never pungently odorous"	7
6	"Outer and median phyllaries without non-glandular multiseptate hairs; phyllaries straw coloured, never purple-tipped; involucres 1.5 cm or more long"	"Streptoglossa macrocephala"
6	"Outer and median phyllaries villous; phyllaries green, often purple-tipped; involucres less than 1.5 cm long"	"Streptoglossa bubakii"
7	"Involucres less than 1.3 cm long"	8
7	"Involucres 1.3cm or more long"	10
8	"Receptacles non-glandular"	"Streptoglossa tenuiflora"
8	"Receptacles glandular"	9
9	"Capitula mostly terminating branches longer than 3cm; plants sparsely and openly branched; ligules conspicuous, 3-6.7 mm long"	"Streptoglossa liatroides"
9	"Capitula terminating branches up to 3 cm long; plants much branched, compact; ligules inconspicuous, 1-2 mm long"	"Streptoglossa adscendens"
10	"Median phyllaries glabrous; receptacles non-glandular"	"Streptoglossa cylindriceps"
10	"Median phyllaries glabrescent to vinous; receptacles glandular"	"Streptoglossa liatroides"
