from	statement	to
1	"Divisions between leaf segments of mature leaves >60% of the length of the segments; segment apices deeply bifid, pendulous and commonly ribbon-like"	2
1	"Divisions between leaf segments of mature leaves <60% of the length of the segments; segment apices most commonly semi-pendulous, or rigid, infrequently pendulous"	7
2	"Proximal portion of petiole and leaf-base purple"	"Livistona drudei"
2	"Proximal portion of petiole and leaf-base green, infrequently with brown discoloration with age"	3
3	"Stem with leaf-bases remaining attached and with e. half the petiole remaining intact or deteriorating with age or fire"	"Livistona benthamii"
3	"Stem with leaf-bases remaining attached only in lower portions and with none or only small amount of petiole remaining"	4
4	"Inflorescences with diameter of the peduncle >6 cm"	"Livistona decora"
4	"Inflorescences with diameter of the peduncle <6 cm"	5
5	"Petiole lacking marginal spines or with indistinct spines or prickles, largest to 5 mm long"	"Livistona inermis"
5	"Petiole with marginal spines >5 mm long"	6
6	"Robust tall palms to 30 m high, dbh 24-35 cm"	"Livistona concinna"
6	"Moderate palm to 15 m high, dbh 8-20 cm"	"Livistona lorophylla"
7	"Abaxial surface of leaf with coppery brown floccose tomentum; apex of the segment with a cleft <4 cm long"	"Livistona fulva"
7	"Abaxial surface of leaf lacking coppery tomentum; apex of the segment with a cleft >4 cm long"	8
8	"Fruit obovoid"	9
8	"Fruit ellipsoid or globose"	10
9	"Infiorescences sexually dimorphic, on separate plants, female plants having a single partial inflorescence at the apex of the inflorescence, male plants with 4-7 partial inflorescences placed regularly along the primary axis"	"Livistona humilis"
9	"Inflorescences not sexually dimorphic, both female and male plants with 5-6 partial inflorescences placed regularly along the primary axis"	"Livistona eastonii"
10	"Fruit ellipsoidal; leaf segments with rigid apices"	"Livistona muelleri"
10	"Fruit globose; leaf segments pendulous"	11
11	"Fruit >25 mm diam."	12
11	"Fruit <25 mm diam."	13
12	"Inflorescence bracts densely tomentose-lanuginose throughout"	"Livistona lanuginosa"
12	"Infforescence bracts mostly glabrous with scattered patches of tomentum"	"Livistona alfredii"
13	"Adaxial surface of leaf with a covering of wax easily removed with fingernail; segment apices semi-pendulous"	14
13	"Adaxial surface of leaf lacking wax; segment apices pendulous"	17
14	"Inflorescence bracts tomentose throughout"	15
14	"Inflorescence bracts glabrous or with scattered patches of tomentum, usually in the proximal portion"	16
15	"Lamina deeply folded into a narrow 'v'"	"Livistona rigida"
15	"Lamina not deeply folded, being a broad 'v'"	"Livistona mariae"
16	"Lamina pruinose, grey-green to bluish-green; fruit with glossy epicarp"	"Livistona victoriae"
16	"Lamina glossy, grey-green; fruit with semi-glossy epicarp"	"Livistona nasmophila"
17	"Fruit reddish-brown to dull black, occasionally glaucous"	"Livistona australis"
17	"Fruit glossy jet black, not glaucous"	"Livistona nitida"
