from	statement	to
1	"Sepals and petals fused near the base forming a tube; flowers < 3 mm diameter"	2
1	"Sepals and petals free to the base not forming a tube; flowers > 3 mm diameter"	6
2	"Roots terete in cross section"	"Taeniophyllum muelleri"
2	"Roots triangular or flattened in cross section"	3
3	"Roots triangular in cross section (having a raised longitudinal ridge)"	"Taeniophyllum triquetroradix"
3	"Roots flat in cross section"	4
4	"Peduncle filiform"	5
4	"Peduncle not filiform, roots 2‒3 mm broad; peduncle 2‒3 long, floral bracts overlapping, hiding the rachis; flowers 4‒5 mm long"	"Taeniophyllum confertum"
5	"Roots 1–1.5 mm broad; peduncle filiform, 12–15 mm long; rachis filiform; floral bracts small, alternating c. 0.5 mm apart, all in one plane; flowers c. 2.5 mm long"	"Taeniophyllum explanatum"
5	"Roots c. 1 mm or less broad; peduncle filiform, 2–5 mm long; rachis not filiform, fleshy, parallel sided, twice as wide as peduncle; floral bracts alternating < 0.5 mm apart; flowers < 2 mm long"	"Taeniophyllum clementsii"
6	"Peduncle, rachis and ovary sparsely covered with erect short-bristly hairs; flowers green, turning yellow with age"	"Taeniophyllum lobatum"
6	"Peduncle, rachis and ovary glabrous"	7
7	"Peduncle filiform, 20–50(–60) mm long; floral bracts overlapping; flower 7–11 mm wide; roots 1.5–2.5 mm broad, mostly hanging free from host, some appressed"	"Taeniophyllum malianum"
7	"Peduncle not filiform"	8
8	"Roots flat, 2–3.5(–4) mm broad, greyish green; peduncle and rachis reddish, zig-zag from the base, 8–10 mm long; floral bracts alternating 2–3 mm apart; flower 4.5–5 mm wide"	"Taeniophyllum epacridicola"
8	"Roots ± terete in cross section 1.8–2.3 mm diameter, green; peduncle 0–1 mm long, floral bracts overlapping hiding the rachis; flower c. 4.5 mm wide"	"Taeniophyllum walkeri"
