from	statement	to
1	"Leaves sub-erect to spreading, tip short, veins >5"	"Leptecophylla abietina"
1	"Leaves spreading, tip pungent, veins 3-7"	2
2	"Style inserted in a depression at apex of ovary"	3
2	"Style attenuate from the apex of the ovary"	4
3	"Corolla with long hairs inside, tube >5.5 mm; leaves 9-12 mm long, margin recurved"	"Leptecophylla divaricata"
3	"Corolla glabrous, tube <4.5 mm; leaves 3.8-8 mm long, margin flat or slightly recurved"	"Leptecophylla pendulosa"
4	"Corolla glabrous, < or = calyx; calyx puberulent; leaf margin flat"	"Leptecophylla pogonocalyx"
4	"Corolla glabrous or sparsely hairy, > calyx; calyx glabrous; leaf margin flat or recurved"	"Leptecophylla juniperina"
