from	statement	to
1	"Leaf tertiary venation inconspicuous on both surfaces or conspicuous abaxially and inconspicuous adaxially"	"Waterhousea floribunda"
1	"Leaf tertiary venation conspicuous on both surfaces"	2
2	"Leaf lamina base cordate"	"Waterhousea hedraiophylla"
2	"Leaf lamina base rounded, obtuse, attenuate, narrowly cuneate or cuneate"	3
3	"Leaf lamina base rounded, obtuse, narrowly cuneate or cuneate; petiole 2–5 mm long; branchlets winged, angled or rounded; petals with 10–25 glands per petal; mature fruit cream or pale brown"	"Waterhousea mulgraveana"
3	"Leaf lamina base attenutae or cuneate; petiole 4–10 mm long; branchlets rounded, angled or occasionally winged; petals with 30–80 glands per petal; mature fruit purplish or bluish-black"	"Waterhousea unipunctata"
