from	statement	to
1	"Bracteoles present"	"Mazus:Mazus pumilio"
1	"Bracteoles absent"	2
2	"Leaves densely clustered, arrangement obscure"	3
2	"Leaves spaced along branches"	4
3	"Calyx smooth, 3- to 4-lobed. Stamens 2 to 4. Stigma a broad flap. Capsule loculicidal"	Glossostigma
3	"Calyx 5-angled, 5-lobed, in depauperate plants 3-merous. Stigma capitate. Capsule septifragal"	Limosella
4	"Leaves opposite or whorled"	5
4	"Leaves alternate, at least in upper parts"	Limosella
5	"Branches erect to ascending. Bases of opposing leaves quite separate; leaves serrate to entire"	Mimulus
5	"Branches prostrate, rooting at nodes. Bases of opposing leaves linked by narrow flange; leaves entire"	6
6	"Stamens 4; anthers 2-celled. Stigmas 2 broad flaps"	Mimulus
6	"Stamens 4 or 2; anthers 1-celled. Stigmas 2 long filiform lobes or 1 broad flap"	7
7	"Stigmas 2 long filiform lobes, exserted. Stamens 2. Corolla lobes rudimentary, much shorter than tube"	"Elacholoma:Elacholoma hornii"
7	"Stigma 1 broad flap, borne at corolla mouth. Stamens 2 or 4. Corolla lobes prominent, reduced or rudimentary"	8
8	"Calyx 5-angled, equally 5-toothed"	Peplidium
8	"Calyx smooth, with 3 to 4 unequal teeth"	Glossostigma
