from	statement	to
1	"Leaves floating and/or submerged; inflorescences emergent, pollination occurring in the air; flowers bisexual with 4 perianth segments and stamens and 2-5 carpels."	Potamogeton
1	"All leaves submerged; inflorescences submerged, pollination occurring underwater water, flowers unisexual, with perianth cup-like, reduced to a few small scales or absent, 1-3 stamens and 1–9 carpels"	2
2	"Basal leaf sheaths or stipules adnate to leaf blade for most of length; perianth of male flowers consisting of 3 very small segments or a small cup at base of anther mass; anther mass sessile or almost so but sometimes appearing stalked owing to elongation of pedicel; female flowers with 3 carpels enclosed by 3 perianth segments"	Lepilaena
2	"Basal leaf sheaths or stipules free from leaf blade; perianth of male flowers absent; anther mass on slender filament; female flowers with (1–) 3 (–9) carpels enclosed within cup-like perianth"	"Zannichellia:Zannichellia palustris"
