from	statement	to
1	"All or at least the submerged leaves in whorls"	2
1	"All leaves alternate, opposite or irregularly arranged, or some combination of these arrangements"	20
2	"All leaves in whorls"	3
2	"Only submerged leaves in whorls; emergent leaves alternate or irregular"	15
3	"Emergent leaves pectinate"	4
3	"Emergent leaves ovate, terete or lanceolate, entire or toothed but not pectinate"	6
4	"Emergent leaves in whorls of 4–6, with 18–36 pinnae, glaucous; plants with female flowers only"	"Myriophyllum aquaticum"
4	"Emergent leaves in whorls of 2–4, with less than 12 pinnae, green to reddish purple; plants with both male and female flowers usually present"	5
5	"Mericarps shortly cylindrical, smooth or sparsely papillose; leaves often congested at tips of stems"	"Myriophyllum alpinum"
5	"Mericarps oblong, angular, ±coarsely verrucose; leaves ±uniformly spaced, not congested at tips of stems"	"Myriophyllum verrucosum"
6	"Emergent leaves terete or lanceolate (more than 3 times as long as wide)"	7
6	"Emergent leaves ovate to oblong (up to 3 times as long as wide)"	11
7	"Emergent leaves lanceolate, toothed"	"Myriophyllum latifolium"
7	"Emergent leaves terete or slightly flattened, or linear, entire or toothed"	8
8	"Flowers and fruit in fascicles; styles mauve to purple; stems usually bearing papillose excrescences; all emergent leaves coarsely toothed"	"Myriophyllum papillosum"
8	"Flowers and fruit solitary; styles white to pink; stems glabrous or with crisped hairs; uppermost emergent leaves usually ±entire"	9
9	"Emergent leaves in whorls of 5–8; emergent spike fusiform in outline; stems usually bearing crisped hairs"	"Myriophyllum crispatum"
9	"Emergent leaves in whorls of 3–6 or sometimes slightly irregular; emergent spike ±cylindrical, abruptly truncate at tip; stems glabrous"	10
10	"Fruit yellow-brown, 1.4–1.5 mm long; mericarps cylindrical; emergent leaves usually all in whorls of 5; aquatic plant; styles white"	"Myriophyllum variifolium"
10	"Fruit reddish purple, 0.8–1.1 mm long; mericarps ovoid; emergent leaves in whorls of usually 3 or 4 with some usually irregularly arranged in the lower part; aquatic or semi-terrestrial plant; styles pink fading to white"	"Myriophyllum simulans"
11	"Mericarps oblong to ovoid"	12
11	"Mericarps cylindrical"	14
12	"Mericarps ovoid, ±smooth or minutely papillose"	13
12	"Mericarps oblong, ±angled on dorsal surface, coarsely and irregularly verrucose"	"Myriophyllum verrucosum"
13	"Lateral inflorescences often present; fruit 1.3–1.5 mm long (Macquarie Is.)"	"Myriophyllum triphyllum"
13	"Lateral inflorescences never present; fruit 2–2.7 mm long (Tas. & mainland Australia)"	"Myriophyllum salsugineum"
14	"Mature mericarps with dense fine spines on dorsal surface; stems to 2 m long; emergent leaves ±entire, becoming alternate in upper part of stem; petals 2.1–2.6 mm long; fruit 1.4–1.8 mm long"	"Myriophyllum caput-medusae"
14	"Mature mericarps with 3 longitudinal ribs and coarse conical verrucosities on dorsal surface; stems to 30 cm long; emergent leaves often with 2–4 spreading linear lobes towards base, all whorled; petals 1.4–1.5 mm long; fruit 1.8–2.1 mm long"	"Myriophyllum porcatum"
15	"Submerged leaves strictly in whorls"	16
15	"Submerged leaves only in pseudowhorls, many arranged ±irregularly"	18
16	"Mericarps winged; flowers bisexual"	"Myriophyllum muricatum"
16	"Mericarps not winged; flowers unisexual"	17
17	"Mericarps 2.5–2.8 mm long"	"Myriophyllum balladoniense"
17	"Mericarps 0.8–1.1 mm long"	"Myriophyllum simulans"
18	"Fruit mostly bilocular, a few quadrilocular fruit developing from transitional bisexual flowers"	"Myriophyllum dicoccum"
18	"Fruit all quadrilocular"	19
19	"Papillae of fruit scattered"	"Myriophyllum trachycarpum"
19	"Papillae linked in longitudinal lines"	"Myriophyllum striatum"
20	"Leaves all, or predominantly, alternate or irregularly arranged"	21
20	"Leaves all, or predominantly, opposite (becoming alternate or irregular in the upper parts in some species)"	36
21	"Lowermost leaves pectinate"	22
21	"Lowermost leaves entire or, at most, trifid"	25
22	"Sepals of male flowers absent or less than 0.3 mm long and deltoid aquatic plant"	23
22	"Semi-aquatic or terrestrial plant; sepals of male flowers 0.5–1 mm long, lanceolate to ovate"	24
23	"Fruit mostly bilocular, a few quadrilocular fruit developing from transitional bisexual flowers"	"Myriophyllum dicoccum"
23	"Fruit all quadrilocular"	"Myriophyllum trachycarpum"
24	"Mericarps ovoid, widest near the base, tapering slightly to apex; papillae evenly arranged on dorsal surface of mericarps; at least some leaves usually arranged in whorls"	"Myriophyllum simulans"
24	"Mericarps shortly cylindrical, diam. ±constant throughout their length; papillae ±in rows on mericarps; all (or most) leaves alternate"	"Myriophyllum gracile"
25	"Plant actually or potentially perennial with prostrate stems rooting at nodes"	26
25	"Plant annual, usually erect, if some branches prostrate then not rooting at nodes"	30
26	"Male flowers with sepals"	"Myriophyllum gracile"
26	"Male flowers without sepals"	27
27	"Mericarps papillose"	28
27	"Mericarps with longitudinal ridges"	29
28	"Flowers and fruit usually in clusters in axils of leaves; plant monoecious"	"Myriophyllum filiforme"
28	"Flowers and fruit solitary in axils of leaves; plant dioecious"	"Myriophyllum implicatum"
29	"Ridges insubstantial, formed by linking of papillae; anthers nonapiculate"	"Myriophyllum striatum"
29	"Ridges smooth, substantial; anthers minutely apiculate"	"Myriophyllum costatum"
30	"Flowers and fruit in fascicles"	"Myriophyllum glomeratum"
30	"Flowers and fruit solitary in axils of leaves (or adnate to petiole)"	31
31	"Flowers bisexual; styles erect and subulate; fruit cruciform"	"Myriophyllum callitrichoides"
31	"Flowers unisexual; styles shortly clavate to ±sessile; fruit ±globular to cubic-cylindrical"	32
32	"Mericarps cylindrical; aquatic plant with weak stems 15–30 cm long"	"Myriophyllum petraeum"
32	"Mericarps ovoid; terrestrial plant with ±rigid stems 1–12 cm long"	33
33	"Mericarps smooth and rounded on dorsal surface"	34
33	"Mericarps densely papillose or echinate on dorsal surface"	35
34	"Lowermost leaves, if submerged, usually linear; stamens 2 (south-eastern Australia)"	"Myriophyllum integrifolium"
34	"Lowermost leaves, if submerged, trifid; stamens 4 (south-western Australia)"	"Myriophyllum limnophilum"
35	"Mericarps densely papillose on dorsal surface"	"Myriophyllum drummondii"
35	"Mericarps echinate on dorsal surface"	"Myriophyllum echinatum"
36	"Lower (submerged) leaves pectinate"	37
36	"Lower leaves entire or lobed or trifid (or absent in M. decussatum )"	38
37	"Mericarps smooth, 4 per fruit; male flowers 8-stamened, enclosed in a hooded bract before anthesis"	"Myriophyllum muelleri"
37	"Mericarps echinate, 2 per fruit; male flowers 1-stamened, naked and solitary in axil of upper leaves"	"Myriophyllum coronatum"
38	"Mericarps lachrymiform, apex attenuate into the style"	39
38	"Mericarps ovoid to cylindrical, apex truncate"	41
39	"Leaves usually obovate to broadly oblanceolate, some lower leaves sometimes with 1 or 2 broad lobes"	"Myriophyllum amphibium"
39	"Leaves usually linear, the lower leaves sometimes trifid with 3 linear lobes"	40
40	"Trifid leaves sessile (ie. tridigitate); male flowers always sessile; transitional male–female flowers sometimes present (W.A.)"	"Myriophyllum tillaeoides"
40	"Trifid leaves with a long petiole; male flowers often on elongated peduncles; transitional male–female flowers never present (eastern Australia)"	"Myriophyllum pedunculatum"
41	"Fruit with 2 mericarps"	42
41	"Fruit with 4 mericarps"	43
42	"Fruit 5–6.5 mm long, ±rugose; leaves clustered at tips of stems"	"Myriophyllum decussatum"
42	"Fruit 1 mm long, spinose at base and apex; leaves ±evenly spread along stems"	"Myriophyllum coronatum"
43	"Mericarps with a small longitudinal dorsal crest; plant monoecious"	"Myriophyllum lophatum"
43	"Mericarps smooth on dorsal surface; plant dioecious"	"Myriophyllum austropygmaeum"
