from	statement	to
1	"Perianth segments usually 3–7 mm long; plant usually annual"	2
1	"Perianth segments more than 7 mm long; plant perennial"	4
2	"Seed with wing; capsule 4–9 mm long; all stamens bearded; anthers yellow"	"Bulbine alata"
2	"Seed without wing; capsule 2–4.5 mm long; only 3 stamens bearded; anthers reddish, orange or yellow-brown"	3
3	"Flowers and capsule erect"	"Bulbine semibarbata"
3	"Flowers and capsule pendulous"	"Bulbine pendula"
4	"Bulb-shaped tuber present under rootstock"	"Bulbine bulbosa"
4	"Bulb-shaped tuber not present under rootstock"	5
5	"Scape sharply angular; fruiting pedicels often twisted across rachis and drooping at end; style 2–3 mm long, erect or down-curved; seeds heavily ridged"	"Bulbine vagans"
5	"Scape terete or obscurely angular; fruiting pedicels not twisted across rachis or drooping at end; style 2.5–9 mm long, decumbent; seeds smooth, slightly tuberculate or slightly ridged"	6
6	"Mature leaves usually green to dark-green, often flaccid; stamens closely bunched or if not then with acute staminal hairs; anthers ±basifixed with at least some remaining erect and sometimes twisting about vertical axis after dehiscence, partly obscured by hairs"	"Bulbine bulbosa"
6	"Mature leaves glaucous or pale green, succulent; stamens loosely grouped or spreading, with clavate hairs; anthers versatile, all recurving and not noticeably twisted on dehiscence, not obscured by hairs"	7
7	"Scapes 2–6 mm diam.; all stamens bearded; leaves glaucous"	"Bulbine glauca"
7	"Plants robust, scapes 7–10 mm diam.; inner stamens bearded, outer stamens glabrous or sparsely hairy; leaves generally not glaucous"	"Bulbine crassa"
