from	statement	to
1	"Leaves with the lamina mostly narrowly elliptic to linear"	2
1	"Leaves with the lamina mostly obovate to obovate-elliptic or ovate to narrowly ovate or ovate-elliptic"	3
2	"Leaves petiolate, rarely subsessile or sessile. Calyx lobes very narrowly triangular to sublinear. Corolla lobes narrowly ovate to narrowly triangular, 0.4-0.5 times as long as the corolla; corolla 5-8 mm long"	"Duboisia arenitensis"
2	"Leaves sessile or subsessile, rarely petiolate. Calyx lobes triangular to broadly triangular. Corolla lobes broadly ovate to orbicular, 0.1-0.3 times as long as the corolla; corolla 7-15.5 mm long"	"Duboisia hopwoodii"
3	"Leaves with the lamina mostly obovate to obovate-elliptic, apex acute to obtuse. Corolla lobes broadly rounded"	"Duboisia myoporoides"
3	"Leaves with the lamina mostly ovate to narrowly ovate or ovate-elliptic, apex acuminate. Corolla lobes narrowly acute"	4
4	"Pedicel 1.5-3.5 mm long. Corolla 5-8 mm long, corolla lobes 1.75-4 mm long"	"Duboisia arenitensis"
4	"Pedicel 10-16 mm long. Corolla 13-19 mm long, corolla lobes 6.5-11.5 mm long"	"Duboisia leichhardtii"
