from	statement	to
1	"Leaves greyish, velvety below "	"Alder incana"
1	"Leaves green, sometimes hairy below but never velvety "	2
2	"Leaves rounded or indented at the tip "	"Alder glutinosa"
2	"Leaves with pointed tips "	3
3	"Leaves evergreen, narrow, more or less lanceolate"	"Alder A. acuminata subsp. Glabrata"
3	"Leaves deciduous, oval to ovate "	4
4	"Leaves lobed to wavy-toothed, veins pairs mostly more than 10 "	"Alder rubra"
4	"Leaves with pointed teeth, vein pairs mostly fewer than 10 "	5
5	"Leaves with cordate base; fruit in groups of 1–3 "	"Alder cordata"
5	"Leaves with tapering base; fruits in groups of 3–8 "	"Alder nitida"
