from	statement	to
1	"Floral tube shorter than the sepals and the lobes at least as long as the tube "	2
1	"Floral tube longer than the sepals and the lobes to as long as the tube "	3
2	"Leaf base tapering; flowers crowded into heads "	"Epacris breviflora"
2	"Leaf base heart-shaped; flowers generally spread along the branchlets "	"Epacris microphylla"
3	"Leaves narrowed towards the tip but blunt at the end "	"Epacris obtusifolia"
3	"Leaves with pointed tips "	4
4	"Leaf base blunt or heart-shaped "	5
4	"Leaf tapering towards the base (flowers many along stems, often hanging) "	"Epacris impressa"
5	"Corolla tube less than 1 cm long, longer than the sepals "	"Epacris pulchella"
5	"Corolla tube mostly more than 1 cm long, distinctly longer than the sepals "	6
6	"Leaves mostly less than 9 mm long; flower tube mostly less than 1.5 cm long"	"Epacris reclinata"
6	"Leaves mostly more than 9 mm long; flower tube mostly more than 1.5 cm long "	"Epacris longiflora"
