from	statement	to
1	"Rostellum beak-like, projecting"	2
1	"Rostellum short, not projecting"	3
2	"Perianth mostly pink; labellum ridges yellow"	"Oncidium ornithorhynchum"
2	"Perianth mostly yellow; labellum ridges white"	"Oncidium cheirophorum"
3	"Mature pseudobulbs to 4 cm long or absent"	4
3	"Mature pseudobulbs more than 4 cm long"	7
4	"Petals about twice as large as sepals"	"Oncidium onustum"
4	"Petals similar to or smaller than sepals"	5
5	"Lateral sepals fused for most of their length"	"Oncidium cucullatum"
5	"Lateral sepals free"	6
6	"Flowers more than 2 cm wide; labellum mostly pink to purplish"	"Oncidium lanceanum"
6	"Flowers to 1 cm wide; labellum mostly yellow"	"Oncidium pumilum"
7	"Lateral sepals longer than labellum"	"Oncidium longipes"
7	"Lateral sepals shorter than labellum"	8
8	"Lateral sepals joined to some extent"	9
8	"Lateral sepals completely free"	12
9	"Sepals smaller than petals"	"Oncidium forbesii"
9	"Sepals and petals similar in size"	10
10	"Lateral sepals fused for most of their length"	"Oncidium cucullatum"
10	"Lateral sepals fused for up to half their length"	11
11	"Labellum midlobe more than 2.5 cm long, shallowly 4-lobed at tip"	"Oncidium varicosum"
11	"Labellum midlobe to 2 cm long, 2-lobed at tip"	"Oncidium flexuosum"
12	"Sepals smaller than petals"	13
12	"Sepals and petals similar in size"	14
13	"Sepals and petals golden yellow with brown spots and bars"	"Oncidium excavatum"
13	"Sepals and petals brown with yellow edges"	"Oncidium sarcodes"
14	"Labellum mostly white; sepals and petals to 2.5 cm long"	"Oncidium leucochilum"
14	"Labellum mostly yellow; sepals and petals to 1 cm long"	"Oncidium ampliatum"
