from	statement	to
1	"Tepals more than 1 cm long"	2
1	"Tepals less than 1 cm long"	6
2	"Flowers nodding"	"Scilla siberica"
2	"Flower stalks erect"	3
3	"Floral bracts absent"	"Scilla amoena"
3	"Floral bracts present"	4
4	"Leaf solitary"	"Scilla monophyllos"
4	"Leaves several"	5
5	"Leaves 9 or more; flowers more than 40"	"Scilla peruviana"
5	"Leaves 6 or fewer; flowers less than 40"	"Scilla litardierei"
6	"Floral bracts absent"	7
6	"Floral bracts present"	8
7	"Leaves 5 or more; late summer to autumn-flowering"	"Scilla autumnalis"
7	"Leaves 2; spring or early summer-flowering"	"Scilla bifolia"
8	"Flowers 6 or fewer; light blue with a dark stripe"	"Scilla mischtschenkoana"
8	"Flowers 40 or more; mauve-pink"	"Scilla scilloides"
