from	statement	to
1	"Flowers reddish to maroon, occasionally suffused with yellow"	2
1	"Flowers orange-yellow to yellow or greenish yellow"	4
2	"Flowers suffused with yellow, particularly on the corolla lobes"	Cestrum×cultum
2	"Flowers not suffused with yellow"	3
3	"Flowers about 2 cm long with distinct purplish tones"	"Cestrum elegans"
3	"Flowers about 2.5 cm long, predominantly red"	"Cestrum fasciculatum"
4	"Leaves more or less elliptic; flowers orange-yellow; berries white at maturity"	"Cestrum aurantiacum"
4	"Leaves narrowly elliptic to lanceolate; flowers yellow to greenish yellow; berry black or white"	5
5	"Corolla tube 2–3 mm wide at the tip; berries white at maturity"	"Cestrum nocturnum"
5	"Corolla tube 3–5 mm wide at the tip; berries black at maturity"	"Cestrum parqui"
