from	statement	to
1	"Florets yellow or orange"	2
1	"Florets pink, blue or purple"	3
2	"Leaves broad-lanceolate, entire or toothed; involucre to 55 mm across"	"Centaurea macrocephala"
2	"Leaves usually once or twice divided; involucre to 15 mm across"	"Centaurea rupestris"
3	"Involucral bract appendages not continuous with body of bract"	4
3	"Involucral bract appendages continuous with body of bract"	5
4	"Florets pink; lower leaves closely grey-hairy below; involucre to 40 mm across"	"Centaurea dealbata"
4	"Florets purple; lower leaves not closely grey-hairy below; involucre to 18 mm across"	"Centaurea nigra"
5	"Involucral bract appendages forming a narrow margin continuous with base of bract"	6
5	"Involucral bract appendages forming a narrow margin continuous only with upper part of bract"	7
6	"Involucral bract appendages with black to dark brown teeth; plant perennial"	"Centaurea montana"
6	"Involucral bract appendages with silvery teeth; plant annual or rarely biennial"	"Centaurea cyanus"
7	"Involucral bracts spiny at apex; plant to 1.5 m tall; stems much branched"	"Centaurea scabiosa"
7	"Involucral bracts not spiny at apex; plant to 90 cm tall; stems little branched"	"Centaurea cineraria"
