from	statement	to
1	"Leaves with a white stripe on the upper surface"	2
1	"Leaves without a white stripe on the upper surface"	5
2	"Offsets numerous, surrounding the parent bulb"	3
2	"Offsets absent"	"Ornithogalum orthophyllum"
3	"Inflorescence a more or less one-sided raceme"	"Ornithogalum nutans"
3	"Inflorescence more or less corymb-like"	4
4	"Flowering stalk short; fruit bent downwards"	"Ornithogalum refractum"
4	"Flowering stalk long; fruit erect"	"Ornithogalum umbellatum"
5	"Tepals with a green stripe on the back"	6
5	"Tepals without a green stripe on the back"	8
6	"Inflorescence more or less cylindrical with more than 20 flowers"	7
6	"Inflorescence corymb-like with less than 20 flowers"	"Ornithogalum oligophyllum"
7	"Bracts exceeding flowers; bulbs exposed; offsets present"	"Ornithogalum longibracteatum"
7	"Bracts shorter than flowers; bulbs subterranean; offsets absent"	"Ornithogalum narbonense"
8	"Ovary black to greenish-purple"	9
8	"Ovary green to yellow"	"Ornithogalum thyrsoides"
9	"Tepals less than 1.5 cm long, reflexed when withered"	"Ornithogalum saundersiae"
9	"Tepals more than 1.5 cm long, erect when withered"	"Ornithogalum arabicum"
