from	statement	to
1	"Sepals narrow, linear or strap-like, 3−35 cm long"	2
1	"Sepals not linear or strap-like, or, if so, then less than 3 cm long"	4
2	"Sepals deep red with a yellowish base"	"Maxillaria nigrescens"
2	"Sepals not as above"	3
3	"Labellum midlobe white and yellow, rounded at tip, margins wavy"	"Maxillaria luteo-alba"
3	"Labellum midlobe cream with reddish spots, pointed at tip, margins not wavy"	"Maxillaria lepidota"
4	"Sepals completely white or cream"	5
4	"Sepals not completely white or cream"	7
5	"Flowers large, about 10 cm wide"	"Maxillaria grandiflora"
5	"Flowers small, to about 3 cm wide"	6
6	"Pseudobulbs well spaced; flowers few per pseudobulb; labellum midlobe hairy"	"Maxillaria alba"
6	"Pseudobulbs crowded; flowers 20 or more per pseudobulb; labellum midlobe glabrous"	"Maxillaria densa"
7	"Leaves narrow and grass-like"	8
7	"Leaves lanceolate or wider"	10
8	"Pseudobulbs crowded; flowers 20 or more per pseudobulb"	"Maxillaria densa"
8	"Pseudobulbs well spaced; flowers less than 20 per pseudobulb"	9
9	"Labellum with reddish or purplish spots"	"Maxillaria tenuifolia"
9	"Labellum not spotted"	"Maxillaria variabilis"
10	"Lateral sepals obliquely erect, held close to the dorsal sepal"	11
10	"Lateral sepals spreading or deflexed, held away from the dorsal sepal"	13
11	"Sepals and petals bright orange-red"	"Maxillaria sophronitis"
11	"Sepals and petals white to greenish-yellow with reddish blotches or stripes"	12
12	"Sepals and petals white with reddish blotches at base"	"Maxillaria sanderiana"
12	"Sepals and petals greenish-yellow with reddish stripes"	"Maxillaria striata"
13	"Labellum entire"	"Maxillaria variabilis"
13	"Labellum 3-lobed"	14
14	"Pseudobulbs 2-leaved"	15
14	"Pseudobulbs 1-leaved"	16
15	"Labellum midlobe pointed at tip"	"Maxillaria picta"
15	"Labellum midlobe rounded at tip"	"Maxillaria porphyrostele"
16	"Labellum callus with short hairs"	"Maxillaria picta"
16	"Labellum callus glabrous"	17
17	"Labellum midlobe warty; pseudobulbs to 2 cm long"	"Maxillaria sophronitis"
17	"Labellum midlobe smooth; pseudobulbs usually more than 2 cm long"	"Maxillaria variabilis"
