from	statement	to
1	"Leaf margins spiny; leaves stalkless or with a short thick stalk to 4 mm long"	"Macademia tetraphylla"
1	"Leaf margins entire or spiny; leaf stalks 4–18 mm long"	2
2	"Leaf blade tip blunt"	"Macademia integrifolia"
2	"Leaf blade tip pointed to long-pointed"	3
3	"Leaf blade lanceolate to oblanceolate; leaf stalk 4–10 mm long; branchlets smooth; flowers pink"	"Macademia ternifolia"
3	"Leaf blade obovate to broadly ovate; leaf stalk 6–18 mm long; branchlets rough; flowers cream"	"Macademia integrifolia"
