from	statement	to
1	"Individual flowers without stalks"	2
1	"Individual flowers stalked"	5
2	"Ovary with 4 chambers, the fruit separating into 4 nutlets"	Verbena
2	"Ovary of 2 chambers, producing 2 nutlets"	3
3	"Flowers in tall, narrow,mostly open spikes"	Aloysia
3	"Flowers in dense spikes or heads"	4
4	"Perennial herbs; fruits dry"	Phyla
4	"Mostly woody shrubs; fruits fleshy"	Lantana
5	"Calyx large, spreading evenly from the base, the margin entire, often wavy"	Holmskioldia
5	"Calyx not as above"	6
6	"Scrambling or twining plants with flowers in simple racemes"	7
6	"Trees or shrubs with flower clusters generally cymes, sometimes branched"	8
7	"Leaves to 6 cm long; fruit yellow, succulent"	Duranta
7	"Leaves more than 10 cm long; fruit not as above"	Petrea
8	"Leaves compound, palmate"	Vitex
8	"Leaves simple"	9
9	"Flowers regular"	Callicarpa
9	"Flowers irregular"	10
10	"Flowers ornamental; fruit fleshy"	Clerodendrum
10	"Flowers small, hardly showy; fruit dry"	11
11	Trees	12
11	Shrubs	13
12	"Leaf blades more than 10 cm long and 5 cm wide; flowers more than 2 cm long; fruit bluish purple"	Gmelina
12	"Leaf blades 5–10 cm long, 2–4 cm wide; flowers to 1.5 cm long; fruit pink to reddish purple"	Premna
13	"Leaf blades more than 3 cm long"	Caryopteris
13	"Leaf blades ovate to roundish, mostly less than 1 cm long"	Teucridium
