from	statement	to
1	"Flower stalks winged or sharply angled"	2
1	"Flower stalks more or less terete"	3
2	"Lateral sepals joined for about half their length; flowers predominantly crystalline white, tails on sepals cream"	"Masdevallia tovarensis"
2	"Lateral sepals joined for about one third of their length; flowers mostly pale yellow to brownish"	"Masdevallia infracta"
3	"Tube at base of sepals narrow and somewhat curved"	4
3	"Tube at base of sepals broad and cup-shaped, not curved"	7
4	"Lateral sepals with fine tails"	5
4	"Lateral sepals without fine tails"	6
5	"Free part of dorsal sepal 2−3 cm long (excluding tail)"	"Masdevallia veitchiana"
5	"Free part of dorsal sepal to 1 cm long (excluding tail)"	"Masdevallia amabilis"
6	"Dorsal sepal more than 5 cm long, tail erect or curved backwards"	"Masdevallia coccinea"
6	"Dorsal sepal to 5 cm long, tail drooping"	"Masdevallia ignea"
7	"Free part of dorsal sepal to about 6 cm long (including tail)"	8
7	"Free part of dorsal sepal 7−15 cm long (including tail)"	9
8	"Sepals dark purple with green or yellow tails; petals purple"	"Masdevallia rolfeana"
8	"Sepals yellowish-green with purplish spots, tails purple; petals white"	"Masdevallia triangularis"
9	"Lateral sepals joined for about 4 cm at base, not divergent"	"Masdevallia macrura"
9	"Lateral sepals mostly free, divergent"	"Masdevallia caudata"
