from	statement	to
1	"Leaflet stipels prominent at the base of each leaflet"	2
1	"Leaflet stipels absent, minute or often missing"	9
2	"Trees with large leaves and leaflets at least 2 cm long"	Erythrina
2	"Combination of characters not as above"	3
3	"Styles bearded, or hairy for more than halfway"	4
3	"Styles hairless or hairy for less than halfway"	6
4	"Styles tapering and strongly curved from the base, curving the opposite way in the middle"	Dipogon
4	"Styles with a thick upper part and thin lower part"	5
5	"Thick part of style (and the keel) twisted through more than 360°"	Phaseolus
5	"Thick part of style twisted through less than 360°"	Vigna
6	"Flowers solitary or in clusters in the leaf axils, or 1 or 2 on axillary flower cluster stalks"	Kennedia
6	"Flowers few to many in axillary racemes, sometimes clustered at the tip of the flower cluster stalk"	7
7	"Calyx with 5 teeth, or slightly 2-lipped (the upper 2 teeth fused more than lower 3)"	Glycine
7	"Calyx appearing 4-lobed or 2-lipped (upper 2 calyx teeth united almost to the tip)"	8
8	"Calyx teeth about as long as the flower tube; flower clusters short, of less than 10 flowers"	Kennedia
8	"Calyx teeth shorter than the tube; flower clusters long, of more than 10 flowers"	Hardenbergia
9	"Stamens in a sheath opened on upper surface; pods dehiscent"	Goodia
9	"Stamens not as above (or if so then pod indehiscent)"	10
10	"Margins of leaflets entire"	Swainsona
10	"Leaflet margins toothed, or if entire then with sunken glands"	11
11	"Shrub; leaves entire and with sunken glands"	Psoralea
11	"Annual or perennial herb without sunken glands"	12
12	"Erect annual herb; petals free"	Trigonella
12	"Small spreading annual or perennial herbs; petals joined together and to the stamens"	Trifolium
