from	statement	to
1	"Sepals narrowly pointed, 10–18 mm long, mostly twice as long as wide; ovary and sepals warty"	"Billbergia rosea"
1	"Sepals broadly pointed, rounded, foreshortened or notched, distinctly less than twice as broad as long, 7–17 mm long"	2
2	"Sepals deeply notched and sharp-pointed, essentially 3-toothed; floral bracts minute; inflorescence elongate, lax truncate to pointed"	"Billbergia alfonsi-joannis"
2	"Sepals truncate to pointed"	3
3	"Ovary not or slightly grooved, wholly mealy white"	4
3	"Ovary broad top-shaped with large protuberances at tip; axis densely scaly-white or flocculose at flowering"	"Billbergia zebrina"
4	"Petal blades green, strongly spiralled"	"Billbergia decora"
4	"Petal blades dark blue, only slightly spiralled then contorted"	"Billbergia brasiliensis"
