from	statement	to
1	"Receptacle with scales"	2
1	"Receptacle without scales"	9
2	"Pappus present"	3
2	"Pappus absent"	4
3	"Pappus a short crown"	Anthemis
3	"Pappus of long whitish scales"	Ursinia
4	"Capitula diskoid"	Santolina
4	"Capitula radiate"	5
5	"Receptacle scales hairy"	Eriocephalus
5	"Receptacle scales glabrous"	6
6	"Achenes compressed"	7
6	"Achenes not compressed"	8
7	"Achenes with 2 ribs"	Achillea
7	"Achenes with 2 wings"	Anacyclus
8	"Achenes covered with long hairs"	Lasiospermum
8	"Achenes glabrous"	Chamaemelum
9	"Achenes about 8–10-ribbed, the ribs pale, the canals dark"	10
9	"Achenes not as above"	13
10	"Leaves toothed but not lobed or divided"	11
10	"Leaves deeply lobed or divided"	12
11	"Achenes appearing curved; plant annual; ray florets golden yellow"	Coleostephus
11	"Achenes straight; plant perennial; ray florets white or pink, rarely yellow"	Leucanthemum
12	"Leaves 1–3 times divided, moderately to densely hairy; pappus with long tails"	Rhodanthemum
12	"Leaves once divided, glabrous or sparsely hairy; pappus, if present,without long tails"	Leucanthemum
13	"Pappus of scales, a short crown or a small, ear-like lobe"	14
13	"Pappus absent, wings of achenes sometimes extending beyond body of achene to produce a pappus-like crown (in Argyranthemum)"	18
14	"Capitula diskoid"	15
14	"Capitula radiate"	16
15	"Achenes 5- to 12-ribbed; plant usually a perennial herb"	Tanacetum
15	"Achenes 5-ribbed; plant a small shrub"	Pentzia
16	"Plant usually a perennial herb"	Tanacetum
16	"Plant an annual herb"	17
17	"Leaves deeply divided; achenes compressed, with 5 ribs mainly on 1 face"	Matricaria
17	"Leaves lobed; achenes not compressed, prominently 5- or 6-ribbed"	Hymenostemma
18	"Capitula diskoid or diskiform"	19
18	"Capitula radiate"	22
19	"Outer florets not stalked; inner florets 5-lobed"	20
19	"Outer florets stalked; inner florets 3- or 4-lobed"	21
20	"Capitula usually many in a long panicle or raceme; apical anther appendage long and narrow"	Artemisia
20	"Capitula solitary or few in corymbs; apical anther appendage triangular"	Ajania
21	"Achenes hairy, compressed, often winged; inner florets usually fertile, style 2-branched; plants erect or decumbent"	Cotula
21	"Achenes glabrous, sometimes compressed but not winged; inner florets sterile, style unbranched; plants usually prostrate, rooting at nodes"	Leptinella
22	"Outer achenes triangular in section,winged"	23
22	"Outer achenes round in section or slightly compressed, not winged"	25
23	"Plant a perennial subshrub; involucral bracts narrow; wings of achenes often producing a pappus-like crown"	Argyranthemum
23	"Plant an annual herb; involucral bracts broad; wings of achenes not producing a pappuslike crown"	24
24	"Ray florets yellow, sometimes white at apex; inner achenes not compressed"	Chrysanthemum
24	"Ray florets yellow,with a reddish or whitish base; inner achenes compressed"	Ismelia
25	"Plant an annual herb; involucral bracts without dark brown margins; ligules white"	Matricaria
25	"Plant a perennial herb or subshrub; involucral bracts with dark brown margins; ligules white, pink or yellowish"	Dendranthema
