from	statement	to
1	"Labellum basal part deeply pouched, apical part 3-toothed or 3-lobed"	2
1	"Labellum basal part oblong or boat-shaped, pouched only at base, apical part entire"	3
2	"Labellum apical part weakly 3-lobed at tip; sepals about 7 cm long"	"Stanhopea insignis"
2	"Labellum apical part with 3 equal sharp teeth at tip; sepals about 9 cm long"	"Stanhopea tigrina"
3	"Labellum basal part with sides notched at base; column narrowly winged"	"Stanhopea oculata"
3	"Labellum basal part with sides not notched at base; column broadly winged"	Stanhopeawardii
