from	statement	to
1	"Stems perennial, woody"	2
1	"Stems annual, herbaceous"	5
2	"Inflorescence a raceme"	3
2	"Inflorescence clusters of flowers at shoot apices"	"Asparagus setaceus"
3	"Cladodes 1 per node; plants climbing"	4
3	"Cladodes 3 per node; plants erect to trailing, not climbing"	"Asparagus aethiopicus"
4	"Cladodes more than 10 per node, rounded in cross-section"	"Asparagus retrofractus"
4	"Cladodes 1–3 per node; flattened in cross-section"	"Asparagus falcatus"
5	"Plants unisexual; stamens free"	"Asparagus officinalis"
5	"Plants and flowers bisexual; stamens running together into a tube around the ovary"	6
6	"Cladodes wide, leaf-like, flat"	"Asparagus asparagoides"
6	"Cladodes narrow, needle-like, round in cross section"	"Asparagus scandens"
