from	statement	to
1	"Branchlets expanded to form lobed to fan-shaped, leaf-like phylloclades; true leaves absent in adult plants"	Phyllocladus
1	"Plants with true leaves"	2
2	"Leaves less than 3 cm long; needle-like and more or less linear OR scale-like"	3
2	"Leaves either feathery, 2-ranked OR mostly more than 3 cm long, leafy and narrow-lanceolate to linear"	8
3	Shrub	4
3	Tree	6
4	"Leaves in opposite, alternating pairs; branchlets 'square' in section; 20 or more fertile bracts in seed cone"	Microcachrys
4	"Leaves spirally-arranged; branchlets round in section; less than 6 fertile bracts in seed cone"	5
5	"At least some juvenile leaves usually present; cone not becoming fleshy at maturity (rare in cultivation)"	Microstrobos
5	"All leaves scale-like; cone becoming fleshy at maturity (rare in cultivation)"	Lepidothamnus
6	"Branchlets not pendulous; leaves  without  distinct white spots on back [use hand lens]"	Halocarpus
6	"Branchlets pendulous; leaves sometimes with white spotted patches on the back"	7
7	"Leaves mostly 3-4 mm long but up to 7 mm, without white spots on the back"	Dacrydium
7	"Leaves scaly, 1-2 mm long and cypress-like with white spots on the back [hand lens]"	Lagarostrobos
8	"Leaves two-ranked, feathery"	9
8	"Leaves arranged around the stem, narrow-lanceolate to linear"	10
9	"Juvenile leaves less than 1 cm long, sickle-shaped, in 2-ranks; adult leaves scale-like"	Dacrycarpus
9	"At least lateral shoot leaves more or less 2-ranked, linear, more than 1 cm long; adult leaves not scale-like"	Prumnopitys
10	"Leaves dark green, 3-5 cm long, 3-5 mm wide, both sides of the same colour; no fleshy receptacle (seed fleshy yellow)"	Afrocarpus
10	"Leaf surfaces different shades of green; fleshy receptacle red or black"	Podocarpus
