from	statement	to
1	"Leaves compound (consisting of several separate leaflets)"	2
1	"Leaves simple but sometimes lobed or dissected"	6
2	"Leaflets 3"	3
2	"Leaflets more than 3"	4
3	"Leaflets green below"	"Acer negundo"
3	"Leaflets waxy-blue below"	"Acer griseum"
4	"Leaves pinnate"	"Acer negundo"
4	"Leaves palmate"	5
5	"Leaflets entire, narrow, willowy, silvery-grey below"	"Acer pentaphyllum"
5	"Leaflets fernlike, green or red below"	"Acer palmatum (Dissectum Group)"
6	"Leaves with lobes or divisions deep, extending at least three quarters of the way to the leaf base"	7
6	"Leaves either entire or with the lobes or divisions extending less than three quarters of the way to the leaf base"	8
7	"Leaf lobes 2–3 cm wide; stalks hairy; vein axils tufted"	"Acer japonicum 'Aconitifolium' and cvs"
7	"Lobes less than 2 cm wide; leaf stalks and vein axils hairless"	"Acer palmatum and cvs"
8	"Blades unlobed"	9
8	"Blades lobed"	10
9	"Leaves glossy above (occasionally with 2 lobes at base) and pale below, margins with forward-pointing teeth; fruit wings wide-spread to almost horizontal"	"Acer davidii"
9	"Leaves hardly glossy above,waxy below,margins entire; fruit wings horizontal"	"Acer oblongum"
10	"Leaf 3-lobed"	11
10	"Leaves with more than 3 lobes"	14
11	"Leaf lobes pointed"	12
11	"Leaf lobes blunt"	13
12	"Leaves slightly waxy-blue below, lobes entire; fruit wings closed and overlapping"	"Acer buergerianum"
12	"Leaves waxy-blue below, lobes with forward pointing teeth; fruit wings open at about 90° to one another"	"Acer rubrum"
13	"Fruit wings together and overlapping"	"Acer monspessulanum"
13	"Fruit wings completely open, horizontal, at 180°"	"Acer campestre"
14	"Leaves whitish or waxy to silvery below"	15
14	"Leaves green or reddish below"	18
15	"Leaf lobe margins without teeth"	"Acer saccharum"
15	"Leaf lobe margins toothed"	16
16	"Leaf lobes ovate (narrowing or parallel at the broad base)"	"Acer pseudoplatanus"
16	"Leaf lobes triangular (wide at the base, narrowing to the tip)"	17
17	"Crushed twigs not unpleasant-smelling; leaf sinuses acute, cut to halfway, terminal lobe widening to the base or parallel; fruit 1–2 cm long"	"Acer rubrum"
17	"Crushed twigs unpleasant-smelling; terminal leaf lobe narrowing to the base; leaf sinuses rounded, mostly cut more than halfway, lobe margins generally with large, coarse teeth; fruit 3–5 cm long"	"Acer saccharinum"
18	"Sinuses at base of lobes rounded, the lobes without teeth"	19
18	"Sinuses at base of lobes acute, the lobes toothed"	20
19	"Leaves 3–5-lobed, at least a few lobes with secondary lobes"	"Acer campestre"
19	"Leaves mostly 7-lobed, lobes without secondary lobes or teeth"	"Acer cappadocicum"
20	"Leaf outline ovate to lanceolate"	"Acer tataricum subsp. ginnala"
20	"Leaf outline roundish"	21
21	"Leaf blades 5–7-lobed"	"Acer opalus subsp. obtusatum"
21	"Leaf blades (7)9–11-lobed"	22
22	"Leaves with 7–11 lobes; flower clusters erect"	23
22	"Leaves with 9–13 lobes; flower clusters erect or pendent"	24
23	"Leaves with 7–9 lobes; fruit wings horizontal at 180°."	"Acer circinatum"
23	"Leaves with 7–11 lobes; fruit wings at an angle of less than 180°"	"Acer sieboldianum"
24	"Leaves with 9–11 lobes; flower clusters pendent"	"Acer japonicum"
24	"Leaves with 9–13 lobes; flower clusters erect"	"Acer shirasawanum"
