from	statement	to
1	"Mature trunk slender, mostly to 10 cm wide"	2
1	"Mature trunk becoming more than 10 cm wide"	4
2	"Frond stalks with yellow hairs"	"Dicksonia sellowiana"
2	"Frond stalks with red-brown hairs"	3
3	"Frond stalk dark brown to black, rough; fronds dark green above"	"Dicksonia squarrosa"
3	"Frond stalk smooth, pale brown; fronds pale green above"	"Dicksonia lanata"
4	"Frond stalk bases rough and black; sorus large, about 1.5-2 mm wide"	"Dicksonia youngiae"
4	"Frond stalk base brown rough or smooth; sori mostly less than 1.5 mm wide"	5
5	"Ultimate segments cut more or less half way to the midrib, old fronds not remaining as skirt"	"Dicksonia antarctica"
5	"Ultimate segments cut almost to the base, old dead fronds remaining as a skirt"	"Dicksonia fibrosa"
