from	statement	to
1	"Capitula diskoid"	"Rudbeckia occidentalis"
1	"Capitula radiate"	2
2	"Pappus absent; plant biennial or short-lived perennial"	"Rudbeckia hirta"
2	"Pappus present; plant perennial"	3
3	"Disk florets yellowish or greenish"	"Rudbeckia laciniata"
3	"Disk florets brownish or purplish"	4
4	"Lower leaves deeply divided into 3 segments"	"Rudbeckia subtomentosa"
4	"Lower leaves not as above"	5
5	"Capitula to 7 cm across in small groups; stems simple or branched, to 1m tall"	"Rudbeckia fulgida"
5	"Capitula to 13 cm across, solitary; stems simple, to 2 m tall"	"Rudbeckia californica"
