from	statement	to
1	"Stamens free"	2
1	"Stamens variously fused"	5
2	"Flowers yellow; calyx teeth equal and shorter than the flower tube; pods ovoid, thin, indehiscent"	Viminaria
2	"Combination of characters not as above"	3
3	"Flowers in axillary clusters, sometimes solitary; pods mostly triangular"	Daviesia
3	"Flowers and pods not as above"	4
4	"Upper 2 calyx teeth enlarged and mostly united; pods more or less spherical"	Sphaerolobium
4	"Calyx with a short tube, lobes edge to edge in bud; pod ovoid or oblong, sometimes flattened"	Jacksonia
5	"Upper stamen free, lower 9 united to form a sheath"	6
5	"Stamens 10, all united to form a sheath"	7
6	Trees	Erythrina
6	"Shrubs or subshrubs"	Indigofera
7	"Prickly shrubs with yellow flowers; stamens 10, arranged in a tube"	Ulex
7	"Plant habits and flower colours various; stamen sheath split on the upper side"	8
8	"Branches flat with blunt tip; anthers attached to filament towards the centre"	Bossiaea
8	"Branches, if flat, with a hard point; anthers alternately fixed at base and centre"	Templetonia
