from	statement	to
1	"Flowers with petals spreading, not distinctly tubular at the base"	"Escallonia bifida"
1	"Flowers distinctly tubular at the base"	2
2	"Flowers pink or red"	3
2	"Flowers white or rarely pale pink"	4
3	"Leaves ovate to obovate, 1–2 times longer than wide"	"Escallonia rubra"
3	"Leaves oblong to obovate, at least 2 times longer than wide"	"Escallonia laevis"
4	"Flowers white; leaves mostly more than 3 cm long, sticky and curry-scented"	"Escallonia illinita"
4	"Flowers white (rarely pinkish); leaves 1–2.5 cm long, not sticky, lacking fragrance"	"Escallonia rosea"
