from	statement	to
1	"Shrub; flower segments 6–7 "	2
1	"Tree; flower segments 8–20 "	3
2	"Flowers mostly creamy white; leaf stalk 5–10 mm long; flower parts 2–3.5 cm long, fruit stalk 5–8 mm long "	"Michelia yunnanensis"
2	"Flowers purple or purple tinged; leaf stalk 3–5 mm long; flower parts 1.5–2.5 cm long; fruit stalk 1–3 mm long "	"Michelia figo"
3	"Leaves distinctly pale bluish-white below, vein pairs mostly less than 12; flowers more than 10cm wide, creamy white"	"Michelia doltsopa"
3	"Leaves green below, vein pairs mostly more than 12; flowers less than 10 cm wide, white, yellow or orange"	4
4	"Flowers white, perianth segments 8–12; carpels about 10 (sterile) "	"M ×alba"
4	"Flowers yellow becoming orange, perianth segments 12–20; carpels about 30 "	"Michelia champaca"
