from	statement	to
1	"Flowers mostly irregular and 2-lipped; anthers fused around the style"	2
1	"Flowers regular; anthers free from each other and the style"	4
2	"Corolla tube not slit to near the base, notched"	Isotoma
2	"Corolla tube cut to near the base"	3
3	"Erect herbs with 2-lipped flowers, 1 petal usually larger than the others; fruit dehiscent by 2 valves"	Lobelia
3	"Prostrate herbs rooting at the nodes, petals about the same size; fruit indehiscent or bursting irregularly"	Pratia
4	"Flowers grouped in heads, spikes or dense clusters, rarely bell-shaped"	5
4	"Flowers mostly solitary or well separated from each other, mostly bell-shaped"	6
5	"Corolla narrow; capsule opening at the tip"	Jasione
5	"Corolla narrowly tubular; capsule closed at the tip"	Trachelium
6	"Fruit capsule opening by valves at the tip"	7
6	"Fruit capsule opening along the sides or at the base"	9
7	"Plant spreading or scrambling"	Codonopsis
7	"Plant erect"	8
8	"Plants tall, with broad ovate leaves and broad, open, bell-shaped flowers"	Platycodon
8	"Plants mostly fragile in appearance, with smallish leaves and flowers with narrow bells"	Wahlenbergia
9	"Style with a deep, cup-like disk or gland"	Adenophora
9	"Style without cup-like disk or gland"	Campanula
