from	statement	to
1	"Flowers and fruits in 1s"	2
1	"Flowers and fruits in 3s (occasionally to 7)"	4
2	"Buds and fruits prominently 4-sided; common stalk curved"	"Eucalyptus - Group 4 forrestiana"
2	"Buds and fruits variously ribbed"	3
3	"Bud caps and fruits waxy-white, mostly stalkless, warty"	"Eucalyptus - Group 4 globulus"
3	"Fruits not waxy-white, long-stalked, red, pendulous, not warty"	"Eucalyptus - Group 4 stoatei"
4	"Flower bud caps flattened, warty and waxy-white; fruits generally ridged and warted"	"Eucalyptus - Group 4 E. globulus subsp. globulus"
4	"Bud caps and fruits sometimes flattened but not as above"	5
5	"Fruit capsules (excluding stalks) more than 2 cm long"	6
5	"Fruit capsules (excluding stalks) less than 2 cm long"	7
6	"Bark smooth; fruits distinctly 4-winged, square in cross-section; flowers white"	"Eucalyptus - Group 4 steedmanii"
6	"Bark reddish, peeling in scales; fruits not ridged or winged, waxy-white; flowers reddish pink"	"Eucalyptus - Group 4 caesia"
7	"Fruits distinctly ridged, winged, striated or warty"	8
7	"Fruits not ridged, winged or warty"	11
8	"Flowers red; fruits bell-shaped and striated"	"Eucalyptus - Group 4 erythronema"
8	"Characters not as above"	9
9	"Bark greyish; leaves ovate to orbicular, mostly notched at tip; fruits and especially buds very warty, fruit hemispherical"	"Eucalyptus - Group 4 verrucata"
9	"Combination of characters not as above; fruits 2-ribbed, sometimes finely so"	10
10	"Bark pinkish; leaves lanceolate; fruits 2-ridged, bell-shaped, valves protruding"	"Eucalyptus - Group 4 griffithsii"
10	"Bark white to matt grey-blue; leaves dull; bud ‘fat’ ovoid, cap rounded or pointed"	"Eucalyptus - Group 4 cosmophylla"
11	"Common stalk of flower buds and fruits cylindrical"	12
11	"Common stalk of flower buds and fruits angular or flattened"	14
12	"Bark rough (not furrowed); leaves to about 30 cm long; individual fruits stalkless, rim raised"	"Eucalyptus - Group 4 chapmaniana"
12	"Bark smooth, rough at base or furrowed; leaves to 14 cm long; individual and common fruit stalks long, rim flat"	13
13	"Bark smooth (occasionally rough at the base only)"	"Eucalyptus - Group 4 leucoxylon"
13	"Bark more or less black, deeply furrowed"	"Eucalyptus - Group 4 tricarpa"
14	"Leaves thick, elliptic to ovate; flower buds gradually tapering to the base"	"Eucalyptus - Group 4 gunnii"
14	"Leaves not as above; flower buds not gradually tapering to the base"	15
15	"Mature leaves mostly more than 2.5 cm wide; flower buds ‘fat’ roundish to ovoid, often pink; fruits more than 1.5 cm long"	"Eucalyptus - Group 4 cosmophylla"
15	"Mature leaves less than 2.5 cm wide; flower buds relatively narrow, green; fruits less than 1 cm long"	16
16	"Bark red to red-brown (or patched) late summer; juvenile leaves roundish, waxy-white"	"Eucalyptus - Group 4 rubida"
16	"Bark smooth grey, white or yellow-white; juvenile leaves lanceolate, not waxy-white"	"Eucalyptus - Group 4 viminalis"
