from	statement	to
1	"Leaves mostly more than 5 cm long"	2
1	"Leaves mostly less than 5 cm long"	3
2	"Leaves distinctly blue-green below, often with shallow lobing"	"Spiraea cantoniensis"
2	"Leaves grey-green below without lobing"	"Spiraea japonica"
3	"Leaves bluish below with large teeth and shallow lobing"	"Spiraea ×vanhouttei"
3	"Leaves with finely toothed margins"	4
4	"Leaves hairy below; flowers double"	"Spiraea prunifolia"
4	"Leaves entire or with a few teeth at the tip; flowers single"	"Spiraea nipponica"
