from	statement	to
1	"Flowers whitish (rarely pale pink)"	2
1	"Flowers pink to reddish or reddish purple"	7
2	"Prostrate shrub with small leaves to about 0.5 cm long"	"Pimelea prostrata"
2	"Plants mostly erect, or, if prostrate, then leaves more than 0.5 cm long"	3
3	"New growth hairless"	4
3	"New growth hairy"	5
4	"Flowers large, over 5 cm wide, bracts reddish"	"Pimelea spectabilis"
4	"Flowers less than 5 cm wide, bracts green to pink"	"Pimelea linifolia"
5	"Leaves roundish, densely white-hairy below"	"Pimelea nivea"
5	"Leaves not as above"	6
6	"Leaves narrowly elliptic,1–3 mm wide"	"Pimelea imbricata"
6	"Leaves elliptic to lanceolate, 4–8 mm wide"	"Pimelea humilis"
7	"Floral bracts 10–20"	"Pimelea imbricata"
7	"Floral bracts 4"	8
8	"Leaves stiff, glossy on the upper surface"	"Pimelea ferruginea"
8	"Leaves flexible and bent back at the tip, not glossy on upper surface"	"Pimelea rosea"
