from	statement	to
1	"Flower clusters reddish, drooping, more or less branched; perianth 1.5–2 mm long "	"Amaranthus caudatus"
1	"Flower clusters not as above "	2
2	"Flower spikes mostly in the leaf axils; perianth segments of female flowers 1–4 "	"Amaranthus tricolor"
2	"Flower spikes mostly without leaves; perianth segments mostly 5 "	3
3	"Flower spikes mostly red, rarely green; bracts exceeding the style branches on female flowers"	"Amaranthus hybridus"
3	"Flower cluster green; bracts shorter than style branches....."	"Amaranthus cruentus"
