from	statement	to
1	"Flowers pink, purplish or reddish"	2
1	"Flowers yellowish or greenish"	19
2	"Solitary or with occasional offsets"	3
2	"Clustering or spreading"	8
3	"Spines pectinate (arranged in comb formation) "	4
3	"Plant with spreading or appressed spines"	5
4	"Central spines absent, radial spines 15–23 "	"Echinocereus rigidissimus"
4	"Central spines present, radial spines 22–30"	"Echinocereus pectinatus"
5	"Body more or less globular, clearly visible between spines"	6
5	"Body globular or cylindrical, obscured by spines"	7
6	"Body globular, spines typically short and fin"	"Echinocereus pulchellus"
6	"Body globular or elongate, areoles borne on tubercles, spines stout"	"Echinocereus E. fendleri var. kuenzleri"
7	"Body globular or elongate, areoles with 15–20 appressed radial spines"	"Echinocereus adustus"
7	"Body cylindrical, areoles with many radial spines"	"Echinocereus E. sciurus var. floresii"
8	"Stems prostrate or scrambling"	9
8	"Stems erect, clustering or sometimes branching by means of suckers"	10
9	"Stems scrambling"	"Echinocereus poselgeri"
9	"Stems prostrate"	"Echinocereus berlandieri"
10	"Flowers remaining open at night"	"Echinocereus triglochidiatus"
10	"Flowers diurnal"	11
11	"Areoles with long slender or hair-like whitish spines"	12
11	"Areoles without long slender or hair-like whitish spines"	13
12	"Body largely obscured by whitish woolly spines"	"Echinocereus delaetii"
12	"Body visible through long slender whitish spines"	"Echinocereus nivosus"
13	"Areoles with spines minute or falling at maturity"	14
13	"Areoles with persistant spines"	15
14	"Body narrowly cylindrical with 4–5(–7) ribs, spines absent or minute"	"Echinocereus E. scheeri var. gentryi"
14	"Body globular with 6 or 7 rounded ribs, spines falling at maturity"	"Echinocereus E. knippelianus var. kruegeri"
15	"Densely clustering, ribs 4–5"	"Echinocereus pentalophus"
15	"Clustering, ribs 7–14"	16
16	"Body narrowly cylindrical to 3 cm wide with 7–10(–13) ribs, spines up to 2 cm"	"Echinocereus scheeri"
16	"Body more than 3 cm wide, spines exceeding 2 cm"	17
17	"Body typically with less than 10 ribs"	"Echinocereus enneacanthus"
17	"Body typically with more than 10 ribs "	18
18	"Areoles with radial spines to 3 cm long "	"Echinocereus stramineus"
18	"Areoles with radial spines to 1 cm long"	"Echinocereus engelmannii"
19	"Flowers greenish"	"Echinocereus viridiflorus"
19	"Flowers yellowish"	20
20	"Plant spineless at maturity"	"Echinocereus subinermis"
20	"Plant with spines "	21
21	"Spines pectinate "	"Echinocereus E. pectinatus var. dasyacanthus"
21	"Plant with spreading radial spines"	22
22	"Radial spines to 1 cm long"	"Echinocereus papillosus"
22	"Radial spines exceeding 1 cm long"	"Echinocereus E. stoloniferus var. tayopensis"
