from	statement	to
1	"Spathes green"	2
1	"Spathes dark brown"	3
2	"Leaves grooved; spathes under 5 cm long"	"Patersonia fragilis"
2	"Leaves smooth; spathes at least 6 cm long"	"Patersonia umbrosa"
3	"Subshrub with a tangle of woody stems to 40 cm long"	"Patersonia glabrata"
3	"Herbs with underground rhizomes"	4
4	"Flowering stems and spathes silky hairy"	"Patersonia sericea"
4	"Flowering stems and spathes hairless"	5
5	"Leaves cylindrical, less than 2 mm wide"	"Patersonia juncea"
5	"Leaves flat, 2–10 mm wide"	"Patersonia occidentalis"
