from	statement	to
1	"Tubercles higher than wide "	2
1	"Tubercles not higher than wide, low and more or less flattened "	"Neolloydia schmiedickeana var. schwarzii"
2	"Spines flattened and papery; tubercles flattened at the tip "	"Neolloydia schmiedickeana var. gracilis"
2	"Spines thickened and spongy; tubercles tapered at the tip, more or less conical "	3
3	"Spines twisted, not curved towards the tip; flowers white to magenta "	"Neolloydia schmiedickeana var. schmiedickeana"
3	"Spines not twisted, curved towards the body apex; flowers white "	4
4	"Tubercles pointed at the tips, 5–8 mm high "	"Neolloydia schmiedickeana var. klinkeriana"
4	"Tubercles rounded at the tips, 2–5 mm high "	5
5	"Spines 0–4 (mostly 3), thick and spongy "	"Neolloydia schmiedickeana var. macrochele"
5	"Spines more than 10, not thick and spongy, slightly flexible "	"Neolloydia schmiedickeana var. dickisoniae"
