from	statement	to
1	"Leaves 8–12 mm wide, ribbed; perianth segments free"	"Orthrosanthus chimboracensis"
1	"Leaves 3–6 mm wide, flat; perianth segments joined at base"	2
2	"Panicle with a straight central axis and short erect branches; flowers 1 per spathe"	"Orthrosanthus polystachyus"
2	"Panicle with spreading branches; flowers 3–7 per spathe"	3
3	"All spathes terminal on branches; stamens free"	"Orthrosanthus laxus"
3	"Some spathes sessile; stamens shortly joined at base"	"Orthrosanthus multiflorus"
