from	statement	to
1	"Veins of ultimate segments reaching the margins in small notches"	"Hypolepis distans"
1	"Veins of ultimate segments never reaching margins in small notches"	2
2	"Sporangia protected by a distinct mostly transparent membranous flap"	3
2	"Sporangia naked or protected by a reflexed green ridge"	4
3	"Glandular hairs absent on frond"	"Hypolepis elegans"
3	"Glandular hairs abundant on frond surface"	"Hypolepis tenuifolia"
4	"Frond stalks mostly yellow-brown to 1 cm wide; blade covered with sticky hair"	"Hypolepis glandulifera"
4	"Frond stalks mostly red-brown to 5 mm wide; blade not sticky haired"	5
5	"Stalk red-brown to chestnut brown; mature fronds not covered in milky white exudate above"	"Hypolepis rugosula"
5	"Stalk mostly purplish red; mature fronds with upper surface covered with a milky white exudate"	"Hypolepis lactea"
