from	statement	to
1	"Leaves cylindrical"	2
1	"Leaves flat to concave"	3
2	"Flowers yellow; leaves pinnate or bipinnate"	"Isopogon anethifolius"
2	"Flowers mauve-pink to red; leaves variously divided"	"Isopogon formosus"
3	"Leaves undivided; flowers pink or mauve-pink, cones terminal, the flowers with tufts of hairs at the tip"	4
3	"Leaves lobed; flowers yellow or mauve-pink"	5
4	"Cone to about 2 cm long; flowers 1–1.5 cm long"	"Isopogon buxifolius"
4	"Cones to about 8 cm wide; flowers to about 2.5 cm long; leaf blade blunt"	"Isopogon cuneatus"
5	"Flowers pinkish purple (leaves channelled)"	"Isopogon dubius"
5	"Flowers yellow"	6
6	"Flowers uniformly silky-hairy; leaves deeply 3–5-lobed"	"Isopogon trilobus"
6	"Flowers hairless except for hairs at the tip of the floral segments; leaves 2–3-lobed or dividing into 2s and 3s"	7
7	"Erect shrub (occasionally forming low mounds); leaf blade 5–11 cm long"	"Isopogon anemonifolius"
7	"Low-growing compact shrub; leaf blade 2–4 cm long"	"Isopogon ceratophyllus"
