from	statement	to
1	"Pseudobulbs without apical spines, or spines vestigial and less than 3 mm long"	2
1	"Pseudobulbs with apical spines more than 3 mm long"	3
2	"Flowers 12 cm or more wide"	"Lycaste skinneri"
2	"Flowers to 9 cm wide"	"Lycaste macrophylla"
3	"Labellum dull green"	"Lycaste locusta"
3	"Labellum not dull green"	4
4	"Labellum midlobe hairy"	5
4	"Labellum midlobe glabrous"	6
5	"Callus tip flap-like, extending over base of midlobe"	"Lycaste aromatica"
5	"Callus almost rectangular, truncate at tip, not extending over base of midlobe"	"Lycaste cruenta"
6	"Flowers more than 10 cm wide; petals more than 5 cm long"	"Lycaste longipetala"
6	"Flowers to 10 cm wide; petals to 5 cm long"	7
7	"Labellum to 3 cm long, mostly white"	"Lycaste xytriophora"
7	"Labellum 4−5 cm long, yellow with reddish spots"	"Lycaste deppei"
