from	statement	to
1	"Leaves less than 4 mm wide"	2
1	"Leaves more than 4 mm wide"	5
2	"Leaves cylindrical, more than 3 cm long and less than 1mm wide"	"Persoonia pinifolia"
2	"Leaves 1–4 mm wide, linear to cylindrical"	3
3	"Flowers solitary, mostly in the leaf axils"	"Persoonia chamaepeuce"
3	"Flowers in clusters growing on into a leafy shoot"	4
4	"Prostrate shrub; leaves to 2 cm long; ovary densely hairy"	"Persoonia chamaepitys"
4	"Erect shrub or small tree; leaves 2–8 cm long; ovary glabrous"	"Persoonia linearis"
5	"Leaves broad, mostly more than 3 cm wide"	"Persoonia levis"
5	"Leaves to 3 cm wide"	6
6	"Leaves mostly more than 5 cm long"	"Persoonia confertiflora"
6	"Leaves mostly less than 5 cm long"	7
7	"Leaves widest above the middle, bent up at edges"	"Persoonia gunnii"
7	"Leaves mostly widest below the middle, flat"	"Persoonia myrtilloides"
