from	statement	to
1	"Flower clusters and new growth with densely matted hair"	2
1	"Flower clusters and new shoots hairless or with straight hair"	5
2	"Leaves deeply cut or distinctly lobed"	3
2	"Leaf margins toothed or with a few very shallow lobes"	4
3	"Leaves densely soft-hairy on both surfaces, deeply dissected; flowers 2 cm or more wide"	"Crataegus tanacetifolia"
3	"Leaf tips mostly 3–5-lobed, surface more or less hairless; flowers about 1 cm wide"	"Crataegus azarolus"
4	"Stamens 15–20; fruit about 2.5 cm wide, yellow to pale orange with lenticels"	"Crataegus C. pubescens f. stipulacea"
4	"Stamens mostly 5–10; fruit to 2 cm wide, orange-red"	"Crataegus ×lavallei"
5	"Flower clusters and new shoots hairless"	6
5	"Flower clusters and new shoots with some straight (not matted) hair"	8
6	"Leaves more or less triangular; fruit 5–8 mm wide"	"Crataegus phaenopyrum"
6	"Leaves various; fruit at least 10 mm wide"	7
7	"Flowers about 2 cm wide; anthers red"	"Crataegus ×durobrivensis"
7	"Flowers 1–1.5 cm wide; anthers pink"	"Crataegus coccinioides"
8	"Calyx and flower cluster branches with sparse straight hair; thorns to 8 cm long"	"Crataegus crus-galli"
8	"Calyx and flower cluster branches covered with long straight hairs; thorns to 3 cm long"	9
9	"Leaves with 3–5 broad, toothed lobes; styles and nutlets 2 (rarely 1 or 3); fruit 6–12 mm wide"	"Crataegus laevigata"
9	"Leaves with 3–7 narrow, more or less entire lobes; styles and nutlets 1; fruit 6–8 mm wide"	"Crataegus monogyna"
