from	statement	to
1	"Flower stalk less than 5 cm tall; petals spreading or incurved"	2
1	"Flower stalk more than 5 cm tall; petals deflexed against the ovary"	3
2	"Labellum ovate to cordate with several individual stalked and stalkless calli"	"Chiloglottis valida"
2	"Labellum elliptic with an ant-like cluster of stalked and stalkless calli"	"Chiloglottis pescottiana"
3	"Callus confined to base of labellum"	"Chiloglottis trapeziformis"
3	"Callus extending over most of labellum"	4
4	"Labellum tip truncate"	"Chiloglottis truncata"
4	"Labellum tip rounded"	"Chiloglottis formicifera"
