from	statement	to
1	"Stamens bearded"	"Cuphea llavea"
1	"Stamens not bearded"	2
2	"Calyx tube less than 1 cm long"	"Cuphea hyssopifolia"
2	"Calyx tube more than 1 cm long"	3
3	"Stems and calyx tube hairless"	4
3	"Stems and calyx tube hairy"	5
4	"Flowers in clusters; calyx tube more than 3 cm long, red, fading to yellowish green"	"Cuphea micropetala"
4	"Flowers solitary in leaf axils; calyx tube less than 3 cm long, scarlet, the tip black with a white edge"	"Cuphea ignea"
5	"Calyx tube more than 3 cm long; subshrub with leaves to 15 cm long"	"Cuphea micropetala"
5	"Calyx tube less than 3 cm long; perennial with elliptic leaves to 4 cm long"	"Cuphea caeciliae"
