from	statement	to
1	"Ligules yellow, often fading to cream"	2
1	"Ligules white"	3
2	"Leaves 2 or 3 times divided, grey-green and more or less glabrous above, white-woolly below; plant erect, branched, to 1m tall"	"Anthemis tinctoria"
2	"Leaves twice divided, silvery-hairy on both surfaces; plant cushion-forming, to 30 cm tall"	"Anthemis marschalliana"
3	"Receptacle scales not strongly 3-toothed or dark-coloured at apex; involucral bracts without dark margins that are not clearly distinct from inner part of bract"	"Anthemis cretica"
3	"At least outer receptacle scales strongly 3-toothed and dark brown to black at apex; involucral bracts with dark margins contrasting with inner part of bract"	4
4	"Stems mostly 30–60 cm long, stout at base, usually much-branched; capitula often more than 50 mm across"	"Anthemis punctata"
4	"Stems mostly less than 35 cm long, slender at base, usually unbranched; capitula 20–50 mm across"	"Anthemis carpatica"
