from	statement	to
1	"Erect shrubs or trees, not climbing or scandent"	2
1	"Shrubs, climbing or trailing in most developmental stages"	6
2	"Spiny short shoots present in most developmental stages"	3
2	"Spiny shoots absent"	4
3	"Fruit flattened, mainly 2-chambered; seeds flat, dry and often slightly winged"	Bursaria
3	"Fruit globose, not flattened, 1 chamber only; seeds chunky, forming a sticky mass"	Pittosporum
4	"Flowers bisexual; fruits 2-chambered; seeds dry, not immersed in resin"	5
4	"Flowers mainly unisexual; fruits 1-chambered; seeds in a sticky mass"	Pittosporum
5	"Flowers to 40 mm long, nodding in loose umbels; petals joined, floral tube with tips salver-shaped, cream-green at petal break, eventually canary yellow; seeds numerous, red-brown, flat, prominently winged"	Hymenosporum
5	"Flowers to 12 mm long, not nodding; in dense, terminal, clusters; petals free, spreading, cream; seeds few, chunky, glossy black"	Auranticarpa
6	"Flowers irregular, with a long, thin ovary, slender style and little stigma development; fruit a brittle capsule with seeds in one row in each chamber"	7
6	"Flowers regularly shaped, with a plump ovary, short style and well-developed stigma; fruit berry-like, with seeds in 2 rows in each chamber"	8
7	"Anthers white, much shorter than filaments, clustered at different heights into a group facing the pistil; petals 10–12 mm long"	Marianthus
7	"Anthers golden yellow, longer than the filaments, arranged in a line facing the pistil; petals at least 10–12 mm long"	Cheiranthera
8	"Petals free, elliptic, flowers bell- or star-shaped; anthers about the same length as filaments and joined at the tops around the pistil"	Sollya
8	"Petals mostly joined briefly in the throat, flowers tubular; anthers shorter than filaments and not joined around the pistil"	Billardiera
