from	statement	to
1	"Leaves simple"	"Astilbe simplicifolia"
1	"Leaves compound"	2
2	"Flowers pink, red, purple or white, the clusters on stems with dense, curly hair"	3
2	"Flowers white, the hair on the flower cluster stems short and glandular, less curly"	4
3	"Flowers pink, in clusters borne on upright branches, mostly with short, glandular hairs on the flower stems"	"Astilbe chinensis"
3	"Flowers white, in clusters borne on spreading branches"	"Astilbe koreana"
4	"Leaflets tapered at the base"	"Astilbe japonica"
4	"Leaflets rounded or cordate at the base"	"Astilbe thunbergii"
