from	statement	to
1	"Perianth segments pale coloured (in range of pink, orange or lilac) or near (not pure) white "	2
1	"Perianth segments not as above"	8
2	"Inner perianth segments with a dark stripe down the middle "	3
2	"Dark stripe absent "	7
3	"Flowers with a distinctive red throat; spines mostly 3–6 cm long, curved "	4
3	"Flowers without a red throat "	5
4	"Ribs mostly 7–9; central spines 1–2 on older plants only, radial spines 3–6 "	"Gymnocalycium cardenasianum"
4	"Ribs more than 9; central spines absent or 1, radial spines 5–7 "	"Gymnocalycium spegazzini"
5	"Body relatively small and tending to form groups, covered with fine spines "	"Gymnocalycium bruchii"
5	"Not as above "	6
6	"Ribs 8, narrow with a pointed ridge with distinctive cross banding "	"Gymnocalycium mihanovichii"
6	"Ribs 5–6, broad and rounded, pale green, without banding "	"Gymnocalycium horstii"
7	"Floral tube extremely short, the flowers hardly extending beyond the spines; ribs 13–32, flowers funnel-shaped "	"Gymnocalycium saglionis"
7	"Flowers opening beyond the spines; ribs 10–15, flowers bell-shaped "	"Gymnocalycium multiflorum"
8	"Flowers crimson "	"Gymnocalycium baldianum"
8	"Flowers greenish to pink or white "	9
9	"Flowers greenish, sometimes pink inside; body banded "	"Gymnocalycium mihanovichii"
9	"Flowers white (sometimes tinged pink)"	10
10	"Flowers with a distinct red throat "	11
10	"Flowers sometimes pinkish but not as above "	12
11	"Body dull, often becoming purplish; spines less than 5 mm long "	"Gymnocalycium quehlianum"
11	"Body shiny, spines to over 2 cm long "	"Gymnocalycium fleischerianum"
12	"Ribs less than 6, broad and rounded; spines usually flattened to stem "	"Gymnocalycium denudatum"
12	"Ribs more than 6; spines erect or spreading "	13
13	"Radial spines less than 2 cm long "	"Gymnocalycium platense"
13	"Radial spines more than 2 cm long "	14
14	"Spines brown at first, becoming grey "	"Gymnocalycium gibbosum"
14	"Spines not as above "	15
15	"Body dark bluish-green becoming bronze; spines reddish grey or buff "	"Gymnocalycium schickendantzii"
15	"Body dull grey-green; spines brown at tip, pale towards base "	"Gymnocalycium marsoneri"
