from	statement	to
1	"Hairs simple, mostly glandular; corolla lobes longer than the tube; fruit 2–3 cm long"	"Paolownia kawakamii"
1	"Hairs branched, without glands; corolla lobes shorter than the tube; fruit 4–7 mm long"	2
2	"Leaf apex acuminate; flowers white; fruit 6–8 cm long"	"Paolownia fortunei"
2	"Leaf apex acute; flowers blue-violet; fruit 3–5 cm long"	3
3	"Cymes sessile on flower cluster branches; fruit ovoid"	"Paolownia fargesii"
3	"Cymes pedicellate; fruit broad-ovate to globular"	"Paolownia tomentosa"
