from	statement	to
1	"Flowers without stalks or stalks less than 5 mm long"	2
1	"Flower stalks at least 1.5 cm long"	5
2	"Leaves in whorls of 3–7"	"Impatiens hawkeri"
2	"Leaves alternate (rarely near-opposite)"	3
3	"Erect annuals with pendulous hairy capsules"	"Impatiens balsamina"
3	"Perennials with mostly hairless, upright capsules ."	4
4	"Erect perennial with flowers pink to red or purple, or red and yellow"	"Impatiens niamniamensis"
4	"Trailing plant with reddish stems, the flowers yellow, netted red-brown"	"Impatiens repens"
5	"Leaves in whorls of 3; flowers white or pink"	"Impatiens sodenii"
5	"Leaves alternate (rarely a few opposite); flowers either pink and white or variously coloured"	6
6	"Bushy perennial; flowers flat, with a long slender spur"	"Impatiens walleriana"
6	"Annual with pouched flowers, the short spur no longer than the lower sepal; flowers pink and white ."	"Impatiens balfourii"
