from	statement	to
1	"Fruit projecting beyond the level of the hypanthium; seeds flat, winged"	Tristaniopsis
1	"Fruit not or hardly projecting above the rim of the hypanthium; seeds linear"	2
2	"Anthers erect, attached at the base"	3
2	"Anthers attached more or less in the centre (versatile)"	5
3	"Anthers opening at the tip by transverse slits; ovules 1 per ovary chamber"	Beaufortia
3	"Anthers opening by longitudinal slits; ovules 4–many per ovary chamber"	4
4	"Leaves scattered; stamens more than 1.5 cm long"	Calothamnus
4	"Leaves opposite; stamens less than 1.5 cm long"	Regelia
5	"Trees with leaves 5–7 cm wide, oil ducts with milky oil in the leaf stalks; flowers stalked, in cymose clusters"	Lophostemon
5	"Trees or shrubs, leaves not as above; flowers stalkless, in spikes or heads"	6
6	"Stamens shorter than the white petals"	Agonis
6	"Stamens longer than the mostly non-white petals"	Melaleuca
