from	statement	to
1	"Flowers in groups of 1–3; branches more or less bristly or prickly (Gooseberries)"	"Ribes uva-crispa"
1	"Flowers in clusters of 4 or more; branches without prickles and bristles (Currants)"	2
2	"Flowers unisexual in upright clusters"	"Ribes alpinum"
2	"Flowers bisexual in spreading or pendulous clusters"	3
3	"Flower tube at base saucer- or wheel-shaped"	4
3	"Flower tube tubular or bell-shaped"	5
4	"Leaf base cordate; anther cells separated by thick fusion tissue"	"Ribes sativum"
4	"Leaves tapered to the base; anther cells not separated"	"Ribes rubrum"
5	"Leaves with resin dots below; flowers white, tinged with green or yellow"	6
5	"Leaves without resin glands but sometimes sticky; flowers red or yellow"	7
6	"Flower clusters with few flowers; flower bracts shorter than the flower stalks"	"Ribes nigrum"
6	"Flowers numerous in each cluster; floral bracts longer than the flower stalks"	"Ribes americanum"
7	"Flowers red"	"Ribes sanguineum"
7	"Flowers yellow"	8
8	"Sepals less than half the length of the flower tube"	"Ribes odoratum"
8	"Sepals more than half as long as the flower tube"	"Ribes aureum"
