from	statement	to
1	"Flattened stem margins toothed or with shallow scalloping "	2
1	"Flattened stem margins deeply lobed or cut "	5
2	"Flattened stem segments long pointed or tailed, thin; margins wavily scalloped "	3
2	"Flattened stem segments pointed or blunt, thickish, margins toothed or deeply scalloped "	4
3	"Flowers mostly more than 20 cm long "	"Epiphyllum oxypetalum"
3	"Flowers mostly 10–15 cm long "	"Epiphyllum pumilum"
4	"Perianth segments about as long as the tube, pale yellow; flowers open for several days "	"Epiphyllum crenatum"
4	"Perianth segments much shorter than the tube, white; flowers nocturnal "	"Epiphyllum phyllanthus"
5	"Stem segments with deep lobing; pericarpel areoles without bristles "	"Epiphyllum anguliger"
5	"Stem segments cut almost to the midrib; pericarpel areoles bristly "	"Epiphyllum chrysocardium"
