from	statement	to
1	"Rosette plant, leaves linear-lanceolate: bracts enclosing the flowers"	"Tradescantia spathacea"
1	"Plants not as above"	2
2	"Perennial or annual herbs with creeping stems; leaves lanceolate to broadly ovate"	3
2	"Geophytic erect herbs with short rhizomes; leaves linear to oblong-elliptic"	4
3	"Petals pink to violet-blue; leaves silver-striped"	"Tradescantia zebrina"
3	"Petals white; leaves not silver-striped"	"Tradescantia fluminensis"
4	"Leaves linear. green"	"Tradescantia virginiana incl. T. Andersoniana Group)"
4	"Leaves elliptic to narrowly oblong"	5
5	"Leaves white-woolly hairy below"	"Tradescantia sillamontana"
5	"Leaves not woolly hairy below"	6
6	"Flowers stalked"	"Tradescantia cerinthoides"
6	"Flowers stalkless"	"Tradescantia pallida"
