from	statement	to
1	"Leaves opposite (over most of mature tree)"	2
1	"Leaves alternate"	3
2	"Flowers without a cap; fruits ribbed and with sepal teeth on the rim"	Angophora
2	"Flowers with a cap; fruits sometimes ribbed but without sepal teeth"	"Eucalyptus - Group 1"
3	"Flowers in branching clusters (corymbs) and fruits more or less urn-shaped"	Corymbia
3	"Flowers and fruits not as above"	4
4	"Flowers and fruits in (4–)7s"	5
4	"Most flowers and fruits not in 7s"	6
5	"Common flower stalk (peduncle) flattened"	"Eucalyptus - Group 2"
5	"Common flower stalk cylindrical or angled"	"Eucalyptus - Group 3"
6	"Flowers and fruits in 1s or 3s (occasionally 3–7)"	"Eucalyptus - Group 4"
6	"Flowers and fruits more than 7"	"Eucalyptus - Group 5"
