from	statement	to
1	"Involucral bracts in 1 or 2 rows, equal or nearly so"	2
1	"Involucral bracts in 2 or more rows, inner and outer bracts of different lengths"	4
2	"Pappus of long, barbed bristles"	Ageratina
2	"Pappus of scales or absent"	3
3	"Anther appendages small; pappus absent"	Gymnocoronis
3	"Anther appendages large; pappus of scales"	Ageratum
4	"Receptacle hairy; plant a shrub or tree"	Bartlettina
4	"Receptacle glabrous; plant usually a herb"	5
5	"Corolla lobes warty inside; leaves in a basal rosette and along stems, alternate; achenes 10-ribbed, hairy"	Liatris
5	"Corolla lobes smooth inside; leaves only along stems, opposite or in whorls; achenes 5-angled, glandular"	Eupatorium
