from	statement	to
1	"Fertile stamens 2–3, sterile stamens 3–4"	2
1	"Fertile stamens 6"	3
2	"Inflorescence more or less enclosed by a folded bract"	Commelina
2	"Inflorescence a terminal panicle, not enclosed by a folded bract"	Pollia
3	"Flowers bilaterally symmetrical"	4
3	"Flowers radially symmetrical"	5
4	"Tall, erect, many-leaved branched stems; petals entire"	Dichorisandra
4	"Low stemless or creeping plant with few leaves; petals ciliate"	Geogenanthus
5	"Inflorescence bracts inconspicuous"	6
5	"Inflorescence bracts conspicuous, sheathing or spathe-like, paired"	7
6	"Flowers in clusters, more or less stalkless"	Callisia
6	"Flowers solitary per node, stalked"	Gibasis
7	"Cymes enclosed by leaves; anther filaments hairy at the tip"	Cyanotis
7	"Cymes enclosed by paired bracts; anther filaments completely hairy"	Tradescantia
