from	statement	to
1	"Stipes long and narrow; leaves pleated"	2
1	"Stipes short and broad; leaves either pleated or folded together lengthwise"	7
2	"Sepals and petals incurved giving the flower a spherical appearance"	Anguloa
2	"Sepals and petals spreading widely"	3
3	"Viscidium broad, half-moon-shaped; leaves folded together lengthwise, leathery or fleshy; inflorescence 1 flowered"	Maxillaria
3	"Viscidium longer than wide; leaves pleated or folded together lengthwise, thin; inflorescence 1 to many-flowered"	4
4	"Labellum callus not prominent, usually low"	Bifrenaria
4	"Labellum callus prominent, usually with raised ridges or keels"	5
5	"Labellum distinctly 3-lobed"	Promenaea
5	"Labellum obscurely 3-lobed"	6
6	"Flowers 1 to many; labellum callus horseshoe-shaped, crested"	Zygopetalum
6	"Flowers solitary; labellum callus semicircular, fringed"	Huntleya
7	"Plant glaucous; column toothed at tip"	Euchile
7	"Plant not glaucous; column not toothed at tip"	Lycaste
