from	statement	to
1	"Cladodes more than 5 cm long, ovate; flowers unisexual with the sexes on the same plant; stems unbranched or only 1-branched"	"Ruscus hypophyllum"
1	"Cladodes, if more than 5 cm long then mostly widest above the middle; flowers unisexual (rarely bisexual) with the sexes on separate plants"	2
2	"Cladodes dark green, to 2.5 cm long, rigid, widest below the middle; stems multibranched, branches whorled (occasionally flowers bisexual)"	"Ruscus aculeatus"
2	"Cladodes pale green, more than 4 cm long, mostly widest above the middle; stems unbranched"	"Ruscus ×microglossum"
