from	statement	to
1	"Bark white but not forming papery sheets, often dark and fissured towards the base; branchlets thin and strongly weeping on mature plants "	"Betula pendula"
1	"Combination of characters not as above "	2
2	"Leaf blades distinctly cordate at the base, vein pairs (9–)10–12 "	"Betula maximowicziana"
2	"Leaf blades not or hardly cordate at the base; vein pairs 9 or less "	3
3	"Bark a distinctive orange-brown with a waxy white covering, peeling when young; leaves dull above "	"Betula B. albosinensis var. septentrionalis"
3	"Bark not as above; leaves shiny on upper surface"	4
4	"Bark distinctly powdery white (rubbing off on hands); leaves thick, dark green "	"Betula szechuanica"
4	"Combination of characters not as above "	5
5	"Bark exceptionally clear white but not powdery; leaves thick and dark green "	"Betula B. utilis var. jacquemontii"
5	"Bark white (sometimes powdery); leaves pale green "	6
6	"Bark not powdery; young shoots hairy; leaves often more than 10 cm long, 6 cm wide, long pointed, teeth not large "	"Betula papyrifera"
6	"Bark generally powdery; young shoots hairless; leaves usually less than 7 cm long and 5 cm wide, teeth large"	"Betula B. platyphylla var. japonica"
