from	statement	to
1	"Major spines 6–9(–12) per ariole, red, thick, to 5 cm long (never hooked or strongly curved); flowers orange-red, the segments erect "	"Ferocactus pilosus"
1	"Spines and flowers not as above "	2
2	"Spines 1–13 per areole, straight or slightly curved, none flattened above or curved/hooked at tip "	3
2	"Spines more than 13 per areole OR at least 1 strongly flattened or curved/hooked at the tip "	9
3	"Stems flattened spherical to disc-shaped; areoles in notches in the ribs; perianth segments pinkish with pale margins "	"Ferocactus macrodiscus"
3	"Stem spherical to cylindric or areoles or perianth segments not as above "	4
4	"Ribs narrow and with a narrow, pointed ridge "	5
4	"Ribs rounded or blunt and tuberculate "	8
5	"Spines 1–6(–8), to 2.5 cm long and more or less equal "	"Ferocactus glaucescens"
5	"Spines 7–13, to 10 cm long the central one longest or at least distinctive "	6
6	"Spines dull brown or grey "	"Ferocactus echidne"
6	"Spines yellow or red, occasionallly brown at the base "	7
7	"Central spines 1–4, lowermost bent down slightly "	"Ferocactus histrix"
7	"Central spine 1 straight or curved upwards slightly "	"Ferocactus pottsii"
8	"Radial spines 7–9, to 5–8 cm long; central spine 10–25 cm long; young plants waxy blue to pale grey-green "	"Ferocactus emoryi"
8	"Radial spines 3–8, 2–4.5 cm long; central spine to 7.5 cm long; young plants dark green "	"Ferocactus pottsii"
9	"Stems clustering freely; ribs 7–9 "	"Ferocactus robustus"
9	"Stems solitary (except F. flavovirens); ribs 11–13 "	10
10	"Perianth segments and scales of pericarpel and flower tube narrow, tapering towards the apex "	11
10	"Perianth segments and scales not as above "	12
11	"Stems solitary; lowermost central spine broad and flattened, curved or hooked at the tip "	"Ferocactus latispinus"
11	"Stems clustering; lowermost central spine straight or slightly curved, not flattened "	"Ferocactus flavovirens"
12	"Bodies grey to waxy blue "	"Ferocactus emoryi"
12	"Bodies pale to bluish green "	13
13	"Flowers yellow (segments not striped), funnel-shaped, 6.5–7.5 cm long; fruit juicy when ripe "	"Ferocactus hamatacanthus"
13	"Flowers purplish; fruit dry when ripe "	"Ferocactus fordii"
