from	statement	to
1	"Sepals free "	2
1	"Sepals fused (sometimes forming a long tube) "	5
2	"Leaf stipules present; flowers in dense greenish clusters, petals minute "	Herniaria
2	"Leaf stipules absent; petals absent or well developed "	3
3	"Plants forming dense cushions; flowers without petals; fruit a nutlet "	Scleranthus
3	"Plants sometimes forming prostrate mats but not cushion-like; flowers with petals; fruit a capsule "	4
4	"Petals with a deep notch "	Cerastium
4	"Petals more or less entire "	Artenaria
5	"Styles 2 "	6
5	"Styles 3–5 "	"Lychnis & Silene"
6	"Epicalyx present at the base of the calyx "	Dianthus
6	"Epicalyx absent "	7
7	"Petals with 2 projections at the base of the expanded petal lobes (coronal scales, see illustration) "	Saponaria
7	"Petals without coronal scales "	Gypsophila
