from	statement	to
1	"Leaves not variegated"	2
1	"Leaves variegated"	3
2	"Plant to 50 cm tall; leaves linear-lanceolate, to 25 cm long, reddish along the leaf stalk and midrib"	"Calathea rufibarba"
2	"Plant to 2 m tall; leaves more or less ovate, 20–60 cm long"	"Calathea ornata"
3	"Upper leaf surfaces with dark blotches or stripes on each side of the midrib"	4
3	"Leaves not as above"	5
4	"Leaves broadly ovate with elliptic usually large and small blotches"	"Calathea makoyana"
4	"Upper leaf surface with pale stripes extending to the margin"	"Calathea zebrina"
5	"Upper surface of leaf with thin (often unevenly grouped) white or pink stripes"	"Calathea ornata ‘Roseolineata’"
5	"Leaves not as above"	6
6	"Small plant to 20 cm tall; midrib coloured stripe narrow, usually pink"	"Calathea roseopicta"
6	"Plant to 30 cm or more; midrib stripe wide, often covering most of leaf"	"Calathea picturata"
