from	statement	to
1	"Lateral sepals directed downwards away from galea"	2
1	"Lateral sepals more or less erect, often embracing galea"	5
2	"Labellum slender with many yellow hairs on margins; flower usually solitary"	"Pterostylis - Group 1"
2	"Labellum not as above; flowers 1 to many"	3
3	"Labellum glabrous; lateral sepals joined for most of their length; stem-encircling basal rosette present at flowering"	"Pterostylis - Group 2"
3	"Labellum variously hairy; lateral sepals free in part; if a stem-encircling basal rosette present then withered at flowering"	4
4	"Flowering plants lacking a stem-encircling basal rosette; large stem leaves present"	"Pterostylis - Group 3"
4	"Flowering plants with a stem-encircling basal rosette; small bract-like stem leaves present"	"Pterostylis - Group 4"
5	"Flowering plants with a stem-encircling basal rosetted"	"Pterostylis - Group 5"
5	"Flowering plants lacking a stem-encircling basal rosette"	6
6	"Flowers usually more than 1; flowering plants with rosettes on lateral side growths"	"Pterostylis - Group 6"
6	"Flowers usually solitary; flowering plants lacking rosettes"	"Pterostylis - Group 7"
