from	statement	to
1	"Leaves hairless"	2
1	"Leaves hairy"	4
2	"Leaves with obvious brown blotches"	"Kalanchoe marmorata"
2	"Leaves without brown blotches"	3
3	"Leaves shallowly toothed, green"	"Kalanchoe blossfeldiana"
3	"Leaves deeply toothed, red in full sun"	"Kalanchoe sexangularis"
4	"Leaves more or less triangular in outline"	"Kalanchoe beharensis"
4	"Leaves oblong to elliptic-ovate"	5
5	"Leaves alternate, oblong, with shallow teeth at the apex"	"Kalanchoe tomentosa"
5	"Leaves opposite, elliptic-ovate, entire"	"Kalanchoe orgyalis"
