from	statement	to
1	"Labellum at least shallowly 3-lobed"	2
1	"Labellum more or less entire"	5
2	"Sepals and petals pink to purplish"	"Encyclia adenocaula"
2	"Sepals and petals mostly green, beige or brownish"	3
3	"Petals margins strongly wavy"	"Encyclia cordigera"
3	"Petals margins not strongly wavy"	4
4	"Labellum midlobe white with reddish or purplish veins or blotches"	"Encyclia tampensis"
4	"Labellum midlobe yellow or greenish-yellow with yellow edges and red veins"	"Encyclia alata"
5	"Labellum not ovate or cordate, flat or convex"	"Encyclia vitellina"
5	"Labellum ovate or cordate, distinctly concave"	6
6	"Pseudobulbs each with a single leaf"	"Encyclia fragrans"
6	"Pseudobulbs each with 2 or more leaves"	7
7	"Labellum acute or acuminate; sepals and petals spreading"	"Encyclia baculus"
7	"Labellum obtuse or retuse; sepals and petals hanging downwards"	"Encyclia cochleata"
