from	statement	to
1	"Perianth tube at least 6 cm long; ovary hairless"	"Babiana tubulosa"
1	"Perianth tube less than 4 cm long; ovary hairy"	2
2	"Flowers bilabiate, in two distinct rows along spike"	3
2	"Flowers with almost equal segments, spirally arranged"	4
3	"Perianth tube shorter than lobes"	"Babiana odorata"
3	"Perianth tube equal to lobes"	"Babiana disticha"
4	"Perianth tube curved, lower marked lobes face up toward stem apex"	"Babiana angustifolia"
4	"Perianth tube straight, lower marked lobes face down away from stem apex"	5
5	"Bracteoles fused"	"Babiana nana"
5	"Bracteoles free"	"Babiana stricta"
