from	statement	to
1	"Tree "	2
1	"Shrub or herb "	3
2	"Leaves entire, scaly on lower surface; flowers pink "	Lagunaria
2	"Leaves toothed, hairless below; flowers white "	Hoheria
3	"Ovaries united into a single fruiting body (capsule) "	Hibiscus
3	"Fruit consisting of several carpels "	4
4	"Epicalyx absent "	5
4	"Epicalyx present "	7
5	"Staminal column with stamens in upper and lower groups, the lower group consisting of 5 clusters "	Sidalcea
5	"Staminal column with stamens not arranged into groups "	6
6	"Undersurface of leaves white or yellow; flowers small, purple "	Howittia
6	"Undersurface of leaves green; flowers brightly coloured (carpels in ring round axis)"	Abutilon
7	"Epicalyx of 3 segments "	8
7	"Epicalyx of 5 or more segments "	10
8	"Carpels dehiscent and smooth at tip, indehiscent and reticulate at base (see illust.) "	Sphaeralcea
8	"Carpels not as above "	9
9	"Plant mostly more than 1 m tall; epicalyx segments ovate, fused at least at the base "	Lavatera
9	"Plants mostly less than 1 m tall; epicalyx segments more or less linear, free "	Malva
10	"Leaves deeply lobed (epicalyx of 6–10 segments)"	Alyogyne
10	"Leaves entire, or shallowly lobed "	11
11	"Flowers white, pink or purple "	12
11	"Flowers deep red "	13
12	"Leaves not strongly wrinkled; epicalyx segments 6–9; staminal column cylindrical; fruit with about 20 segments "	Althaea
12	"Leaves strongly wrinkled; epicalyx of mostly 6 segments; petals usually 4–5 cm long; staminal column 5-angled; fruit with about 40 segments "	Alcea
13	"Epicalyx of 7–12 more or less linear segments; staminal column protruding beyond petals "	Malvaviscus
13	"Epicalyx of about 5 ovate segments; fruit dry; staminal column not protruding beyond petals "	Phymosia
