from	statement	to
1	"Leaves entire "	"Nothofagus solandri"
1	"Leaves toothed or scalloped "	2
2	"Leaves more than 2.5 cm long "	3
2	"Leaves mostly less than 2.5 cm long "	4
3	"Blade less than 3.5 cm long, the margin with 6–8 teeth "	"Nothofagus fusca"
3	"Blade more than 3.5 cm long, the margin with numerous small teeth "	"Nothofagus moorei"
4	"Leaf veins deeply impressed (surface corrugated) "	"Nothofagus gunnii"
4	"Leaf veins not impressed "	5
5	"Leaves with a few rounded, double teeth; lower surface with small hairy pockets near stalk "	"Nothofagus menziesii"
5	"Leaves with many finely scalloped single teeth; hairy pockets absent "	"Nothofagus cunninghamii"
