from	statement	to
1	"Branches hollow but with solid pith at the nodes"	"Forsythia suspensa"
1	"Branches with pith partitioned to form hollow compartments"	2
2	"Pith solid at the nodes, compartmented between; leaves on vigorous shoots, often 3-parted"	"Forsythia ×intermedia"
2	"Pith compartmented everywhere except sometimes at base of vigorous shoots; leaves not 3-parted"	3
3	"Leaves more or less ovate,mostly entire or with a few teeth"	"Forsythia europaea"
3	"Leaves narrowly elliptic to lanceolate, entire or toothed in the upper half only"	"Forsythia viridissima"
