from	statement	to
1	"Leaves with margins folded back at the base when developing, 0.5–2 cm wide"	"Galanthus plicatus"
1	"Leaves flat or rolled in bud"	2
2	"Leaves to 1 cm wide when mature; inner segments with a green spot at the tip only"	"Galanthus nivalis"
2	"Leaves mostly more than 1 cm wide when mature; inner perianth segments with green spots at the tip, or tip and base"	3
3	"Leaves more or less erect; inner perianth segments with green spots at the base and tip"	"Galanthus elwesii"
3	"Leaves bent back when mature; inner perianth segments with green spots at the tip only"	"Galanthus caucasicus"
