from	statement	to
1	"Leaves more than 2 cm long"	2
1	"Leaves less than 2 cm long"	3
2	"Leaves hardly narrowed at base, mostly more or less narrowly triangular, stiff and rigid; female cone 10-13 cm long"	"Araucaria araucana"
2	"Leaves extremely variable in shape and size, narrowed at base, stiff but flexible; female cone to 30 cm long"	"Araucaria bidwillii"
3	"Crown of tree hardly pointed, upper branches arching upwards; foliage in dense tufts at branch ends"	"Araucaria cunninghamii"
3	"Crown of tree tapered to point, upper branches often angled but not arching; foliage rarely tufted at branch ends"	4
4	"More or less conical tree becoming columnar with age, rarely leaning"	"Araucaria heterophylla"
4	"Narrowly columnar tree, often leaning when mature"	"Araucaria columnaris"
