from	statement	to
1	"Spikelets with 2 or more fertile florets"	2
1	"Spikelets with 1 fertile floret"	3
2	"Glumes 4.5–6.5 mm long; lemma awnless or with sub-apical awn to 1.5 mm long"	Koeleria
2	"Glumes 1.5–4 cm long; lemma usually with bent dorsal awn"	Avena
3	"Fertile floret with male or sterile florets"	4
3	"Fertile floret solitary"	8
4	"Spikelets 2-flowered"	5
4	"Spikelets 3-flowered, the 2 lower male or sterile (obscure in Phalaris)"	6
5	"Spikelet disarticulating above glumes; florets 2-several"	Arrhenatherum
5	"Spikelet disarticulating below glumes; fertile floret 1"	Holcus
6	"Plant non-aromatic; lower lemmas rudimentary, awnless"	Phalaris
6	"Plants aromatic (coumarin scented); lower lemmas well developed"	7
7	"Inflorescence dense, many-flowered, at least the upper glume exceeding the sterile lemmas"	Anthoxanthum
7	"Inflorescence either a loose panicle or slender, few (<20) flowered raceme; glumes shorter than the sterile lemmas"	Hierochloe
8	"Inflorescence soft, white, dense and ovoid"	Lagurus
8	"Inflorescence not as above"	9
9	"Margin of lemma united for 1/3 to 1/2 of lemma length, or glumes shortly and stiffly awned, margins distinctly bristly"	10
9	"Lemmas free; glumes not awned (occasionally tip bristle-like)"	11
10	"Margin of lemma united for a third to half of lemma length ; lemma dorsally awned"	Alopecurus
10	"Glumes shortly and stiffly awned, margins distinctly bristly; lemma awnless"	"Phleum pratense"
11	"Lemma awn 2–4 cm long"	Dichelachne
11	"Lemma awn shorter than 2 cm"	12
12	"Plant rhizomatous; inflorescence dense, cylindric, pencil-like (interrupted towards base); glumes 12–14 mm long"	"Ammophila arenaria"
12	"Plants tufted, stoloniferous or rhizomatous; inflorescence usually open, if contracted then interrupted and not distinctly and densely cylindric; glumes less than 10 mm"	13
13	"Callus hairs more or less as long as lemma"	"Calamagrostis × acutiflora"
13	"Callus hair absent or less than 0.5 mm long, never more than half lemma length"	14
14	"Lemma hairy; whole inflorescence and part of uppermost culm internode detaching and wind blown"	Lachnagrostis
14	"Lemma hairless to shortly hairy; inflorescence not detaching as above"	Agrostis
