from	statement	to
1	"Plants herbaceous, more or less stemless"	2
1	"Shrubs or subshrubs with distinct stems at least 25 cm long below the leaf rosette"	3
2	"Leaves imbricate (forming a flat, plate-like rosette), becoming hairless on both surfaces; margins smooth, with cilia (0.5–)1–2 mm long; petals pale yellow; squamae oblong, 1–1.5 mm long"	"Aeonium tabuliforme"
2	"Leaves loosely imbricate, distinctly pubescent on both surfaces; margins sometimes wavy with cilia (0.3–)0.6–1 mm long; petals pale yellow-green (nearly white) to yellow-green; squamae 0.4–1 mm long, ovate or mushroom-shaped"	"Aeonium canariensis"
3	"Adventitious roots on lower stems; leaves grey-green glaucous; petals cream, greenish white, greenish yellow to pale yellow"	4
3	"Adventitious roots absent on the lower stems; leaves green, dark green or yellow-green or dark purple; petals yellow to golden"	5
4	"Stem becoming hairless below leaf rosettes; bark fissured but not into plates; leaf scars 2–5 mm wide; leaves firm; sepals and petals hairless"	"Aeonium haworthii"
4	"Stem with minute, soft, erect hairs below leaf rosettes; bark fissured into plates; leaf scars c. 1mm wide; leaves limp; sepals and petals hairy"	"Aeonium castello-paivae"
5	"Stems hairy, covered with patent white hairs 3–8 mm long; leaves kite-shaped"	"Aeonium smithii"
5	"Stems hairless or with minute, soft, erect hairs less than 1mm long; leaves obovate to spoon-shaped"	6
6	"Stems 1–3 cm; young branchlets hairless; leaves 5–15 cm long,1–4.5 cm wide, not sticky and without a balsam odour, hairless"	"Aeonium arboreum"
6	"Stems 3–15 mm; young branchlets shortly hairy; leaves 2–4.5 cm long, 0.6–1.6 cm wide, sticky, with a balsam odour, shortly hairy"	"Aeonium lindleyi"
