from	statement	to
1	"Plants with a bulb; leaves 4-angled or channelled in section, absent in dormant period"	2
1	"Plants with a rhizome; leaves flat, usually present all year"	11
2	"Leaves 4-angled; flowering stem absent (Reticulata group, subgenus Hermodactyloides)"	3
2	"Leaves channelled; flowering stem at least 5 cm tall"	5
3	"Standards reduced to bristles 3–5 mm long; flowers yellow"	"Iris danfordiae"
3	"Standards more than 2 cm long; flowers usually blue to purple"	4
4	"Spathes colourless, papery"	"Iris histrioides"
4	"Spathes green"	"Iris reticulata"
5	"Standards horizontal or bent downward; leaves bright green (Juno group, subgenus Scorpiris)"	6
5	"Standards erect; leaves grey-green (subgenus Xiphium)"	8
6	"Plant less than 15 cm tall; perianth tube 6–8 cm long"	"Iris persica"
6	"Plant over 20 cm tall; perianth tube to 5.5 cm long"	7
7	"Leaves with white margins; falls yellow to cream"	"Iris bucharica"
7	"Leaves wholly green; falls pale lilac"	"Iris magnifica"
8	"Leaves appearing in spring; claw of falls 25–30 mm wide"	"Iris latifolia"
8	"Leaves appearing in autumn; claw of falls 7–20 mm wide"	9
9	"Perianth tube 1–3 mm long"	"Iris xiphium"
9	"Perianth tube 10–35 mm long"	10
10	"Flowers 6–8 cm wide, blue with yellow signals"	"Iris tingitana"
10	"Flowers over 9 cm wide, variously coloured"	"Dutch hybrids"
11	"Flowers at ground level, stem virtually absent"	12
11	"Flowers on a prominent erect stem"	13
12	"Perianth tube 4–6 cm long; falls with a wavy crest"	"Iris cristata"
12	"Perianth tube 7–20 cm long; falls without a crest"	"Iris unguicularis"
13	"Falls with a central beard of erect hairs (subgenus Iris)"	14
13	"Falls without a beard (but may have a raised hairless crest)"	23
14	"Standards bearded like the falls; stolons present (section Regelia)"	15
14	"Standards beardless; stolons absent"	16
15	"Flowers pale blue-lilac; beard yellow"	"Iris hoogiana"
15	"Flowers brown to violet, if ever approaching lilac-blue, then beard purple"	"Iris stolonifera"
16	"Stem bearing a solitary flower; seed with large fleshy aril (section Oncocyclus)"	"Iris susiana"
16	"Stem bearing 2 or more flowers; seed without an aril (section Iris)"	17
17	"Spathes completely silvery-papery"	"Iris pallida"
17	"Spathes green except for papery apices"	18
18	"Leaves grey-green, abruptly contracted to a hooked tip (flowers white)"	"Iris albicans"
18	"Leaves waxy blue, straight and tapered at tip (flowers coloured or white)"	19
19	"Plant more than 40 cm tall"	20
19	"Plant less than 40 cm tall"	21
20	"Flower 9–10 cm wide, blue-violet to white"	"Iris germanica"
20	"Flower over 10 cm wide, colours various"	"Bearded hybrids"
21	"Flowers 8–12 cm wide"	"Bearded hybrids"
21	"Flowers 5–7 cm wide"	22
22	"Perianth tube 4–9 cm long; spathes sharply keeled"	"Iris pumila"
22	"Perianth tube 1.5–2.5 cm long; spathes almost keelless"	"Iris reichenbachii"
23	"Falls with a lobed hairless crest (‘Evansia’ group, section Lophiris)"	24
23	"Falls without a crest (section Limniris)"	27
24	"Spathes fused around a solitary flower"	"Iris gracilipes"
24	"Spathes free, enclosing 2–4 flowers"	25
25	"Margin of perianth segments fringed; crest orange"	"Iris japonica"
25	"Margin of perianth segments wavy; crest white"	26
26	"Perianth tube 20–30 mm long; stems 25–35 cm tall"	"Iris tectorum"
26	"Perianth tube 10–15 mm long; stems 30–200 cm tall"	"Iris wattii"
27	"Seeds bright red, persistent on open capsule"	"Iris foetidissima"
27	"Seeds dull coloured, shed when the capsule opens"	28
28	"Standards less than half as long as falls"	"Iris setosa"
28	"Standards more than half as long as falls"	29
29	"Stem hollow (series Sibiricae)"	30
29	"Stem solid"	32
30	"Flowers yellow"	"Iris forrestii"
30	"Flowers white to blue or purple"	31
31	"Stem unbranched; standards held obliquely"	"Iris chrysographes"
31	"Stem branched; standards erect"	"Iris sibirica"
32	"Capsule 3-ribbed"	33
32	"Capsule 6-ribbed"	40
33	"Stigma triangular (series Californicae)"	34
33	"Stigma 2-lobed (series Laevigatae)"	36
34	"Stems branched; leaves 8–20 mm wide"	"Iris douglasiana"
34	"Stems unbranched; leaves 2–5 mm wide"	35
35	"Leaves persisting through winter; perianth tube 15–30 mm long"	"Iris innominata"
35	"Leaves dying off in winter; perianth tube up to 10 mm long"	"Iris tenax"
36	"Flowers yellow, rarely cream"	"Iris pseudacorus"
36	"Flowers blue or purple to white"	37
37	"Flowers 8–15 cm diam."	38
37	"Flowers 6–8 cm diam."	39
38	"Leaves 5–12 mm wide with a thickened midrib"	"Iris ensata"
38	"Leaves 15–40 mm wide, flat"	"Iris laevigata"
39	"Falls 15–30 mm wide with hairless green signal"	"Iris versicolor"
39	"Falls 30–40 mm wide with hairy yellow signal"	"Iris virginica"
40	"Ovary and capsule beakless"	41
40	"Ovary with a beak persistent on the capsule"	42
41	"Standards erect"	"Iris missouriensis"
41	"Standards spreading almost horizontally"	"Louisiana hybrids"
42	"Leaves grey-green, ribbed; stem leafless, to 10 cm"	"Iris lactea"
42	"Leaves green, flat; stems leafy, over 20 cm (series Spuriae)"	43
43	"Stem to 40 cm tall, flattened, with a leaf overtopping flowers"	"Iris graminea"
43	"Stem 50–150 cm tall, round in section, leaf not overtopping flowers"	44
44	"Flowers white with yellow signals"	"Iris orientalis"
44	"Flowers yellow"	45
45	"Flowers golden yellow; style branch lobes about 10 mm, triangular"	"Iris crocea"
45	"Flowers lemon yellow; style branch lobes about 4 mm, recurved"	"Iris ×monnieri"
