from	statement	to
1	"Stamens 5, all fertile, not paired"	2
1	"Stamens in pairs with the fifth small or aborted"	16
2	"Fruit a berry"	3
2	"Fruit a capsule"	13
3	"Anthers more or less converging around the style"	4
3	"Anthers not converging around the style"	6
4	"Anthers splitting along the length"	Lycopersicon
4	"Anthers opening by a pore or small slit at the tip"	5
5	"Leaves often lobed or divided; calyx 5-lobed"	Solanum
5	"Leaves always entire; calyx with 5–10 minute teeth"	Lycianthes
6	"Calyx persisting and enlarging around the fruit"	7
6	"Calyx not as above"	9
7	"Plants woody, with long, tubular flowers"	Iochroma
7	"Plants herbaceous or softly woody; flowers wheel- to funnel-shaped (tubular in Cestrum but constricted below the mouth)"	8
8	"Fruiting calyx with widely spreading lobes about as long as the fruit"	Atropa
8	"Calyx balloon-like, enveloping the fruit"	Physalis
9	"Stems with spines at the nodes"	Lycium
9	"Nodes without spines"	10
10	"Robust, rampant climber; flowers large, yellow, chalice-like"	Solandra
10	"Not true climbing plants; flowers less than 5 cm long"	11
11	"Flowers wheel-shaped"	Capsicum
11	"Flowers tubular to urn-shaped"	12
12	"Climbing plant; flowers white, urn-shaped, about 8 mm long"	Salpichroa
12	"Shrub; flowers tubular, yellowish green, purplish or red"	Cestrum
13	"Capsule opening by a lid"	Hyoscyamus
13	"Capsule not opening by a lid"	14
14	"Flowers cylindrical; calyx more or less enveloping the fruit"	Nicotiana
14	"Flowers generally more than 10 cm long, more or less funnel-shaped, orange or white"	15
15	"Herbs or subshrubs; flowers more or less erect"	Datura
15	"Shrubs or trees; flowers pendulous"	Brugmansia
16	"Fertile stamens 2"	Schizanthus
16	"Fertile stamens 4 or 5"	17
17	"Fertile stamens 5 (1 sometimes shorter than the others)"	18
17	"Fertile stamens 4"	19
18	"Stamens attached in the centre of the flower tube"	Petunia
18	"Stamens attached at the top of the tube"	Nierembergia
19	"Anther chambers all fully formed"	20
19	"1 anther chamber of the shorter anther pair in each stamen undeveloped"	21
20	"Sticky herb; fruit a dry capsule"	Salpiglossis
20	"Non-sticky shrub; fruit a fleshy, berry-like capsule"	Brunfelsia
21	"Fruit a berry"	Duboisia
21	"Fruit a capsule"	22
22	"Grown mostly as bedding plants; flower tube cylindrical and straight"	Browallia
22	"Grown mostly as shrubs; flower tube twisted, widening at the mouth"	Streptosolen
