from	statement	to
1	"Leaves large, mostly 3–5.5 cm long and same colour on both sides; flower clusters about 1 cm wide "	"Buxus balearica"
1	"Leaves less than 3 cm long, paler below; flower clusters about 0.5 cm wide "	2
2	"Large shrubs or small trees (except for dwarf cultivars); young shoots with a few small hairs; flower clusters mostly axillary "	"Buxus sempervirens"
2	"Mostly small shrubs; young shoots hairless (downy in var. koreana, var. sinica and var. insularis); flower clusters mostly terminal "	"Buxus microphylla"
