from	statement	to
1	"Flowering areoles similar to the non-flowering ones "	2
1	"Flowering and non-flowering areoles different "	17
2	"Pericarpel and tube nearly naked or with hairless scales only "	3
2	"Pericarpel and tube variously spiny, bristly, hairy or scaly "	4
3	"Pericarpel and tube more or less scaly "	Stetsonia
3	"Pericarpel and tube naked or nearly so "	Cereus
4	"Pericarpel, flower tube and fruit spiny "	5
4	"Pericarpel, flower tube and fruit with bristles, hairs, wool and/or scales "	8
5	"Stigmas green "	Echinocereus
5	"Stigmas not green "	6
6	"Flowers bell-shaped, the tube shorter than the pericarpel, areoles with long hairs, ribs 9–17 "	Eulychnia
6	"Flowers tubular or funnel-shaped, the tube longer than the pericarpel "	7
7	"Stems with constrictions around them; flower mouth narrow "	Armatocereus
7	"Stems without distinct constrictions; flower mouth broad "	Stenocereus
8	"Flower tube extremely short "	9
8	"Flower tube well developed "	10
9	"Ribs 5–9; flowers small, to 9 per areole; pericarpel scales slightly woolly and without bristles "	Myrtillocactus
9	"Ribs 9–20; flowers medium to large, solitary; pericarpel scales hairy "	Eulychnia
10	"Flower tube at least twice as long as wide (width measured at midpoint) "	11
10	"Flower tube less than twice as long as wide (width measured at midpoint) "	14
11	"Stamens in a single series; flowers 4–11 cm long "	Haageocereus
11	"Stamens in 2 series or flowers about 15 cm long "	12
12	"Flowers nocturnal, white, the opening broad, radially symmetrical"	"Echinopsis (Harrisia)"
12	"Flowers diurnal, mostly red, the opening narrow, often at least slightly bilaterally symmetric"	13
13	"Areoles mostly with long white hairs; fruit hollow "	Oreocereus
13	"Areoles without long white hairs; fruit solid (1–4 cm wide) "	Cleistocactus
14	"Small shrubby plants; flowers diurnal; flower tube narrow "	Mila
14	"Trees or large shrubs; flowers nocturnal, tube wide "	15
15	"Ribs 12–50 "	Carnegiea
15	"Ribs 3–11 "	16
16	"Pericarpel and flower tube with bristles, hairs and wool "	Pachycereus
16	"Pericarpel and tube felted or woolly "	Stenocereus
17	"Flowering areoles spineless or less spiny than the non-flowering areoles "	18
17	"Flowering areoles with longer spines, bristles or hairs and/or more wool "	19
18	"Flowering areoles separated "	Carnegiea
18	"Flowering areoles touching or connected by a woolly groove "	Pachycereus
19	"Fertile zones marked by bristly constrictions around the stems producing fertile and infertile zones "	Arrojadoa
19	"Fertile Fertile zone apical or lateral, continuous "	20
20	"Fertile zone covering the whole apex "	21
20	"Fertile zone confined to one side "	23
21	"Cephalium composed of long or very dense bristle-spines "	Pachycereus
21	"Cephalium composed of wool and hairs or bristles "	22
22	"Stems club-shaped; pericarpel and tube scaly and hairy; fruit yellowish green, opening at base "	Oreocereus
22	"Stems short and cylindrical to long and conical; pericarpel and tube naked; fruit not splitting or yellowish green "	Melocactus
23	"Ribs 4–12 (rarely 19); fertile zone not distinctly defined, flowers buried in long, woolly hair "	Pilosocereus
23	"Ribs 12–30 or more; fertile zone clearly defined by a region of wool and/or bristles "	24
24	"Pericarpel and fruit scaly, the scales conspicuous or minute, hairy in their axils or, if hairless then the flowers red "	25
24	"Pericarpel and fruit naked, or if with 1–2 scales these hairless in their axils and the flowers not red "	27
25	"Flowers produced on stems more than 2 m long; pericarpel and tube with minute, almost hairless scales "	Cephalocereus
25	"Flowers on stems less than 2 m long; pericarpel and tube with conspicuous scales or hairs "	26
26	"Fertile zone densely woolly and sometimes also bristly "	Espostoa
26	"Fertile zone with bristles only "	Cleistocactus
27	"Fruit sunken to flattened at the point of attachment of the dried flower remains, not red "	28
27	"Fruit not flattened or sunken at the apex, red "	30
28	"Fertile zone with more or less conspicuous hair tufts but not forming a mat "	Pilosocereus
28	"Fertile zone a mat or woolly cephalium on one side on the stem only "	29
29	"Cephalium superficial; pericarpel and tube with minute, almost hairless scales "	Cephalocereus
29	"Cephalium in a sunken groove; flowers with few scales "	Coleocephalocereus
30	"Flowers prolific, less than 3 cm long, tube reddish "	Arrojadoa
30	"Flowers few, more than 3 cm long, tube whitish or greenish yellow outside "	Coleocephalocereus
