from	statement	to
1	"Flowers arising from a distinct region or head with dense wool, spines and/or spines (cephalium) "	2
1	"Cephalium not developed although the stem tip often woolly "	3
2	"Flowers diurnal, mostly less than 3 cm long, mostly pink to purple, not scented "	Melocactus
2	"Flowers nocturnal, 3–8 cm long, white, fragrant "	Discocactus
3	"Pericarpel and tube with areoles having wool, hairs, bristles or spines "	4
3	"Pericarpel and flower tube naked or with hairless scales only "	16
4	"Pericarpel and tube bristly or spiny "	Echinocereus
4	"Pericarpel and tube not spiny or the flower tube only with a few bristles "	5
5	"Flowers regular (symmetrical), with a distinct circle of stamens in the throat "	6
5	"Flowers regular or bilaterally symmetrical, without a circle of stamens in the throat "	8
6	"Flowers mostly lateral, more than 4 cm long, variously coloured "	Echinopsis
6	"Flowers at or near the body apex, mostly 2.5–4 cm long, yellow to reddish orange "	7
7	"Stems cylindrical with many branches and covered with bristle-like spines "	Mila
7	"Stems spherical to shortly cylindrical sometimes with a few branches, not densely spiny "	Rebutia
8	"Flowers at the shoulder of the stem or below "	Rebutia
8	"Flowers near the body apex "	9
9	"Scales of the flower tube (at least those near the tip) with wool and bristles in axils "	10
9	"Scales of the flower tube with hairs or wool but not bristles in the axils "	12
10	"Fruit club-shaped to oblong, partly hollow at maturity, opening at the base; seeds with small hilum "	Neoporteria
10	"Fruit spherical to ovoid or cylindrical, not opening at the base; if fruit club-shaped then seed with broad hilum "	11
11	"Stem 1–5 cm wide; flowers and stigmas yellowish "	Frailea
11	"Stem more than 5 cm wide; flowers and stigmas not yellowish "	Parodia
12	"Scales of pericarpel, flower tube and outer perianth segments narrow and pointed, light to dark brown "	13
12	"Scales and outer perianth segments not as above (flowers tubular, the opening not expanded, stamens and style protruding; fruit fleshy inside) "	Denmoza
13	"Stem more or less spotted or covered with small white wool scales; flowers yellow, occaisonally red in the throat "	Astrophytum
13	"Stem surface not as above; flowers various "	14
14	"Stem becoming extremely large, more than 30 cm wide; ribs numerous; flowers yellow "	Echinocactus
14	"Stems smaller than those above at maturity; flowers purple, pink or white "	15
15	"Ribs 7–13, wide; flowers purplish pink; pericarpel densely woolly with scales at tip only "	Echinocactus
15	"Ribs about 15, sharply ridged; flowers pink or white; pericarpel scaly all over "	Echinopsis
16	"Stems ridged and wrinkled between the ribs "	Aztekium
16	"Stem not as above "	17
17	"Spines absent, areoles with tufts of wool only "	Lophophora
17	"Plants more or less spiny (flowers regular)"	18
18	"Flowers yellow with short tube; fruit dry, floral remnants forming a lid "	Copiapoa
18	"Flowers various; fruit not as above "	19
19	"Ribs very thin and more or less wavy or if few then areole with 1–3 large flattened spines above and 1–2 smaller cylindrical ones below "	Stenocactus
19	"Ribs not thin and wavy; spines not as above "	20
20	"Ribs usually with a ‘chin’ below the areole, areolar glands absent; fruit fleshy splitting along the sides "	Gymnocalycium
20	"Ribs without a ‘chin’, areolar glands often present; fruit not splitting "	21
21	"Ribs well defined; mature bodies often more than 20 cm wide "	Ferocactus
21	"Ribs poorly defined; mature bodies 4–20 cm wide "	22
22	"Spines covering the stem or central spines strongly bent back or hooked; flowers never yellow with red throat; stigmas sometimes green "	Sclerocactus
22	"Spines not as above or flowers yellow with red throat; stigmas never green "	Thelocactus
