from	statement	to
1	"Flower clusters appearing from terminal buds (leafy at the base)"	2
1	"Flower clusters paired, appearing from lateral buds (rarely leafy at the base)"	6
2	"Leaves waxy-blue and hairless below"	"Syringa emodi"
2	"Leaves not or hardly waxy below, and with hair at least along the midrib"	3
3	"Flower tube funnel-shaped, widening gradually from about the middle, the lobes more or less erect"	4
3	"Flower tube cylindrical, lobed, spreading ."	5
4	"Leaves mostly oblong to elliptic, anthers at about the middle of the tube"	"Syringa josikaea and hybrids"
4	"Leaves mostly elliptic to lanceolate, anthers at about the upper third of the flower tube"	"Syringa wolfii"
5	"Leaves slightly waxy below and hairless to shaggy-hairy on veins only; flower clusters compact"	"Syringa villosa and hybrids"
5	"Leaves soft-hairy below; flower clusters loose and open"	"Syringa tomentella"
6	"Leaves pinnate, with 7–9 leaflets"	"Syringa pinnatifolia"
6	"Leaves entire, sometimes lobed"	7
7	"Flowers mostly 5–7 mm wide"	8
7	"Flowers mostly 10–15 mm wide"	10
8	"Anthers just below the mouth of the tube"	"Syringa patula"
8	"Anthers above the middle but well below the mouth of the tube"	9
9	"Leaves hairy below, at least on the veins; corolla less than 13 mm long"	"Syringa microphylla"
9	"Leaves hairless below or hairy on veins only; corolla 12–15 mm long"	"Syringa meyeri"
10	"Leaves ovate to broadly ovate"	11
10	"Leaves oblong-ovate to oblong-lanceolate or lanceolate"	12
11	"Leaves broadly ovate; anthers slightly above the middle of the flower tube"	"Syringa ×hyacinthiflora"
11	"Leaves ovate; anthers just below the throat"	"Syringa vulgaris, S. ×chinensis and S. ×hyacinthiflora"
12	"Leaves occasionally dissected (usually 3-lobed), mostly to 6 cm long"	"Syringa ×persica"
12	"Leaves distinctly dissected, mostly 1.5–3 cm long; leaf stalk 1–5 mm long"	"Syringa protolaciniata"
