from	statement	to
1	"Stems with hairs on the 4 angles only, or on 2 opposite faces of the stem only, the other 2 faces glabrous or with sparse hairs"	2
1	"Stems equally hairy all round"	4
2	"Grey, prostrate plant with creeping stems and round, very hairy, leaves to 4 mm long; flowers in the leaf axils, rarely seen"	"Thymus pseudolanuginosus"
2	"Not as above"	3
3	"Stems hairy, predominantly on the angles (on purplish stems this can usually be seen with the naked eye), new shoots growing upwards and eventually terminating in a flower head about 15 mm wide; bracts usually conspicuous at flowering time"	"Thymus pulegioides"
3	"Stems hairy on 2 opposite faces, other faces glabrous or only slightly hairy; new shoots creeping; flower heads usually more than 15 mm wide, on erect side branches; bracts usually inconspicuous at flowering time"	"Thymus polytrichus"
4	"Small shrubs with erect or flexuous branches, rarely rooting at the nodes, leaves without cilia (long marginal hairs)"	5
4	"Habit various, stems prostrate or ascending, eventually rooting at the nodes, cilia usually present, at least at the base of some leaves"	6
5	"Leaves slightly and distantly toothed, flat; flowers in round feathery heads; calyx with 5 similar, long narrow ciliate teeth, corolla white"	"Thymus mastichina"
5	"Leaves not toothed, margins usually rolled under, at least when young and when water-stressed; flowers in leaf axils or in interrupted spikes, calyx conspicuously 2-lipped; teeth of upper lip short, triangular; corolla pink to white"	"Thymus vulgaris"
6	"Herbaceous plant with trailing stems to 30 cm long, turning up to produce a ‘spike’ of about 7 interrupted ‘whorls’ of flowers; leaves narrow-elliptic or linear, up to 20 mm long; anthers of inner stamens touching each other"	"Thymus marschallianus"
6	"Habit otherwise, leaves less than 15 mm long or, if not, broadly ovate; anthers of inner stamens, if present, not touching"	7
7	"Upper surface of leaves without hairs"	8
7	"Leaves grey-green, with long and short hairs on both surfaces"	"Thymus ‘Soft Blush’"
8	"New shoots ascending; leaves ovate to obovate, usually slightly rolled under, often lemon-scented; flowers in an elongated ‘spike’"	Thymus×citriodorus
8	"New shoots prostrate, leaves narrow-lanceolate or narrowly spoon-shaped, not rolled under, flowers in a head, not rising greatly above the leaves"	9
9	"Creeping, mound-forming plant with narrowly spoon-shaped, light green leaves with sparse, long cilia; leaf apex blunt; flower head with about 6 flowers; upper lip of calyx round,with 3 tiny teeth"	"Thymus caespitius"
9	"Prostrate plant with creeping and arching stems; leaves lanceolate, dark green; cilia inconspicuous; leaf apex acute; heads with many flowers; teeth of upper lip of calyx divided to halfway into 3 triangular teeth; caraway-scented"	"Thymus herba-barona"
