from	statement	to
1	"Leaves entire "	2
1	"Leaves toothed "	3
2	"Leaves deciduous, hairless below, spoon-shaped (occasionally with 3 (–5) bristled lobes at tip) "	"Quercus - Group 1 nigra"
2	"Leaves evergreen, white felty below more or less lanceolate with pointed tip "	"Quercus - Group 1 ilex (and Q. virginiana)"
3	"Most leaves less than 8 cm long "	4
3	"Most leaves more than 8 cm long"	9
4	"Leaves with teeth not bristled but occasionally having a minute blunt point"	5
4	"Leaves with teeth having a distinct bristled tip "	7
5	"Leaves softly grey hairy below "	"Quercus - Group 1 faginea"
5	"Leaves hairless except possibly on veins or in vein axils "	6
6	"Leaves often with hair in vein axils below, most stalks more than 5 mm long; acorn tip long-tapered, cup scales lying flat "	"Quercus - Group 1 agrifolia"
6	"Leaves hairless, the stalks mostly less than 5 mm long; acorn round to ovoid, cup scales spreading "	"Quercus - Group 1 calliprinos"
7	"Leaf upper surface downy, at least when young; acorn massive, downy, surrounded by cup scales "	"Quercus - Group 1 macrolepis"
7	"Leaf upper surface and acorn hairless "	8
8	"Bark a thick layer of cork; shoots yellow hairy; leaf teeth mostly 4–5(–7) on each side of the leaf"	"Quercus - Group 1 suber"
8	"Bark dark, not corky; shoots grey hairy; leaf teeth mostly more than 5 each side "	"Quercus - Group 1 ilex"
9	"Buds with long, wiry threads; acorn cup scales loose and bent down"	10
9	"Buds without wiry threads; acorn scales not bent down "	13
10	"Teeth irregularly arranged in 5–7(–9) pairs, jagged, cut one third to almost half way to midrib "	"Quercus - Group 1 cerris"
10	"Teeth more or less regular in 6–15 pairs, shallow along the margin "	11
11	"Bark grey-white, peeling in plates; hair on lower leaf surface forming a pure white felt "	"Quercus - Group 1 leucotrichophora"
11	"Bark brown to black, not peeling in plates; hair on lower surface of leaves grey "	12
12	"Bark gnarled, corky; leaves evergreen or semi-deciduous "	"Quercus - Group 1 ×hispanica ‘Lucombeana’"
12	"Bark not gnarled and corky; leaves deciduous "	"Quercus - Group 1 castaneifolia (& hybrids)"
13	"Leaf teeth without bristled tips "	14
13	"Leaf teeth tipped with bristle-like hairs "	15
14	"Leaf tip rounded, lobes shallow; main teeth 6–8 (–10) pairs; acorns on thin stalks to 8 cm long"	"Quercus - Group 1 bicolor"
14	"Leaf tip distinctly pointed, teeth c.10–15 pairs; acorns on short stout stalks "	"Quercus - Group 1 prinus"
15	"Leaves with more than 12 shallow teeth on each side "	"Quercus - Group 1 acutissima"
15	"Leaves with 2–4 large, irregular long-bristled teeth each side "	"Quercus - Group 1 ‘Macedon’"
