from	statement	to
1	"Leaf blade deeply divided and with a central undivided portion less than one tenth of the total length"	"Livistona decipiens"
1	"Leaf blade less deeply divided and with a central undivided portion more than one tenth of the total length"	2
2	"Leaf blades mostly less than 1 m long; leaflet tips not or hardly drooping"	3
2	"Leaf blades mostly more than 1 m long, but if shorter then tips fine and drooping"	4
3	"Leaves with upper surface glossy grey-green, lower surface blue-green, with a golden brown felt of hair when young; ripe fruit dull, waxy blue-black"	"Livistona fulva"
3	"Leaves dark green, glossy, without brown felt of hair when young; ripe fruit becoming bright orange-red until absolutely mature"	"Livistona rotundifolia"
4	"Leaf blade waxy and bluish below"	"Livistona mariae"
4	"Leaf blade not waxy or blue below"	5
5	"Leaf blades and stalks about the same length, blades with the leaflets cut for about 2/3 of the free length; fruits glossy"	"Livistona nitida"
5	"Leaf blades either longer or shorter than the stalks, the leaflets cut for little more than 1/2 their free length; fruits glossy or dull"	6
6	"Leaf stalks shorter than the leaf blades"	"Livistona chinensis"
6	"Leaf stalks longer than the leaf blades; leaflet tips drooping; fruits dull and blackish suffused browny-red"	"Livistona australis"
