from	statement	to
1	"Plant covered with prominent warty dots"	"Eriostemon verrucous"
1	"Plant not warty"	2
2	"Flower cluster stalk with prominent rounded bracts; petals with star-shaped hair outside"	"Eriostemon australasius"
2	"Bracts absent or basal; petals hairless or with simple hair"	3
3	"Plant hairless"	"Eriostemon myoporoides"
3	"Plant with fine bristles or short hair"	4
4	"Leaves roundish with a short hard point"	"Eriostemon buxifolius"
4	"Leaves clearly broadest towards the tip and without a short hard point"	"Eriostemon obovalis"
