from	statement	to
1	"Ovary with 2 chambers"	2
1	"Ovary with 3 chambers"	3
2	"Leaves linear-lanceolate,1–2.5 cm long; flowers clustered"	"Hypocalymna robustum"
2	"Leaves linear, to 3 cm long, 3-angled with a recurved point; flowers solitary"	"Hypocalymna puniceum"
3	"Ovary with 1 ovule in each chamber"	4
3	"Ovary with 2 or more ovules in each chamber"	5
4	"Leaves broadly oblong, blunt"	"Hypocalymna tetrapterum"
4	"Leaves linear to cylindrical or 3-angled, 1–3 cm long"	"Hypocalymna angustifolium"
5	"Flowers yellow"	"Hypocalymna xanthopetalum"
5	"Flowers white or pinkish purple"	6
6	"Leaves pointed; branchlets winged"	"Hypocalymna cordifolium"
6	"Leaves blunt; branches 4-angled, not winged"	"Hypocalymna speciosum"
