from	statement	to
1	"Leaf margins entire"	2
1	"Leaf margins toothed"	4
2	"Flowers scarlet"	3
2	"Flowers not scarlet; flowers 3 cm or more long"	"Penstemon heterophyllus"
3	"Lower lip bearded"	"Penstemon barbatus"
3	"Leaves ovate-lanceolate; lower lip not bearded; sterile stamen hairless"	"Penstemon centranthifolius"
4	"Leaves long-pointed; stems hairless below the flowers which are swollen at the middle"	"Penstemon campanulatus"
4	"Corolla white or pink, widening abruptly"	"Penstemon digitalis"
