from	statement	to
1	"Flower not or hardly widening towards the tip"	2
1	"Flower widening towards the tip "	6
2	"Ribs 18–30 "	3
2	"Ribs 7–16 "	4
3	"Flowers 6–8 cm long, dark red "	"Cleistocactus straussii"
3	"Flowers 3.5–4 cm long, scarlet "	"Cleistocactus jujuyensis"
4	"Flowers bending upwards at the ovary "	"Cleistocactus baumannii"
4	"Flowers straight or bent downwards "	5
5	"Flowers white "	"Cleistocactus morawetzianus"
5	"Flowers red, at least along the floral tube; outer segments yellow, inner ones green "	"Cleistocactus smaragdiflorus"
6	"Flowers to 3.5 cm long, strongly S-shaped with the tube flattened laterally; spines 13–22 "	"Cleistocactus semaipatanus"
6	"Flowers 7–8 cm long, more or less straight and tube more or less cylindrical; spines 25–30 "	"Cleistocactus icosagonus"
