from	statement	to
1	"Fronds distinctly hairy"	Davallodes
1	"Frond hair absent or inconspicuous"	2
2	"Fronds divided once, herring-bone like, into many pairs of segments; indusia mostly kidney-shaped"	Nephrolepis
2	"Fronds not shaped as above; indusia roundish or cylindrical"	3
3	"Indusia mostly roundish, attached at the base or shortly up the sides"	4
3	"Indusia mostly cylindrical and pouch-like, attached along the edges as well as the base"	5
4	"Frond blades leathery, mostly less than 22 cm long; rhizomes with scales only"	Humata
4	"Fronds soft, blades mostly more than 20 cm long; rhizomes with both scales and hairs"	Leucostegia
5	"Fronds simple or divided once, basal segments sometimes forked; rhizome scales blackish"	Scyphularia
5	"Fronds divided 3 times or more; rhizome scales rarely blackish"	Davallia
