from	statement	to
1	"Leaves densely white to grey-hairy"	2
1	"Leaves with few if any hairs"	4
2	"Leaves and flower spike with grey-white felt"	3
2	"Leaves obovate to elliptic with grey covering"	"Verbascum thapsus"
3	"Leaves over 30 cm long; flowers yellow"	"Verbascum bombyciferum"
3	"Leaves less than 15 cm long"	"Verbascum olympicum"
4	"Basal leaves ovate, to about 15 cm long; flowers violet"	"Verbascum phoeniceum"
4	"Basal leaves oblong to lanceolate, to 25 cm long, lobed or toothed; flowers mostly yellow, rarely whitish"	"Verbascum blattaria"
