from	statement	to
1	"Capitula diskoid"	2
1	"Capitula radiate"	4
2	"Leaves not divided; plant rhizomatous"	"Tanacetum balsamita"
2	"Leaves divided; plant not rhizomatous"	3
3	"Stems closely white-hairy; involucre 3–4 mm across"	"Tanacetum haradjanii"
3	"Stems not closely white-hairy; involucre 5–10 mm across"	"Tanacetum vulgare"
4	"Ray florets yellow"	"Tanacetum densum"
4	"Ray florets white, less often pink, purplish or red"	5
5	"Capitula solitary"	6
5	"Capitula in corymbs"	7
6	"Plant glabrous; capitula to 7 cm across; ray florets often with red or yellow markings"	"Tanacetum coccineum"
6	"Plant hairy, at least the leaves; capitula to 4.5 cm across; ray florets white"	"Tanacetum cinerariifolium"
7	"Leaves not divided, margins toothed"	"Tanacetum balsamita"
7	"At least lower leaves 1–3 times divided"	8
8	"Leaves densely and closely silver- or grey-hairy"	"Tanacetum ptarmiciflorum"
8	"Leaves not as above"	9
9	"Involucre about 10 mm across; leaves once divided"	"Tanacetum corymbosum"
9	"Involucre about 6 mm across; leaves often more than once divided"	"Tanacetum parthenium"
