from	statement	to
1	"Plants reed-like with stem leaves, or forming massive tussocks with plumed flower heads"	2
1	"Plants herbaceous, usually less than 1 m tall"	4
2	"Mostly large, tussock grasses with stems 1–4 m tall (Pampas)"	Cortaderia
2	"Plants reed or bamboo-like"	3
3	"Lowest floret bisexual; lemma hairy"	Arundo
3	"Lowest floret male or empty; lemma hairless"	Phragmites
4	"Lemma awnless; callus not twice as long as the floret stalk"	Molinia
4	"Lemma awned; callus massive, at least twice as long as the floret stalk"	Austrodanthonia
