from	statement	to
1	"Leaves ovate-lanceolate, strongly wrinkled; flowers yellow "	"Agapetes rugosum"
1	"Leaves not as above; flowers red to orange, sometimes deeply veined "	2
2	"Flowers with V-shaped markings "	3
2	"Flowers more or less uniformly coloured or differently coloured at tips only"	4
3	"Flowers red with deep red markings "	"Agapetes serpens"
3	"Flowers carmine with white markings "	"Agapetes ‘Ludgvan Cross’"
4	"Flowers rosy pink, tubular "	"Agapetes meiniana"
4	"Flowers bright orange-red with tips (at least at first) green "	"Agapetes moorei"
