from	statement	to
1	"Stalk and main axis with stiff purplish-black hairs; lower surfaces of segments with tufts of hair"	"Cibotium chamissoi"
1	"Stalk and main axis with yellow-brown hairs at least at first; hair tufts absent on lower segment surface"	2
2	"One or both segments at the base of frond branches 'eared' and bent back"	"Cibotium glaucum"
2	"No segments 'eared'"	3
3	"Trunk naturally growing horizontally; sori in lower half of segment, hairs of axis matted and woolly"	"Cibotium barometz"
3	"Trunk erect; sori not confined to lower part of segment; hairs of axis silky or absent"	4
4	"Sori often extending beyond the segment margin; segments pale green or blue below; axis hairs silky"	"Cibotium schiedii"
4	"Sori not protruding; segments distinctly waxy blue below; hairs absent on axis and main ribs"	"Cibotium regale"
