from	statement	to
1	"Perianth tube at least 4 cm long"	"Ixia paniculata"
1	"Perianth tube less than 2 cm long"	2
2	"Flowers bright blue-green"	"Ixia viridiflora"
2	"Flowers variously yellow to red, pink or white"	3
3	"Flowers with a conspicuous dark-coloured centre; spathes rust-red at tip"	4
3	"Flowers without a dark centre; spathes white to pale pink"	5
4	"Stamens free"	"Ixia lutea"
4	"Stamens fused at base"	"Ixia maculata"
5	"Leaf margins distinctly thickened; perianth tube to 3 mm long"	"Ixia campanulata"
5	"Leaf margins not thickened; perianth tube at least 5 mm long"	"Ixia flexuosa"
