from	statement	to
1	"Plants woody; leaves stalked"	"Bamboos (see key to bamboos)"
1	"Plants usually herbaceous; leaves not stalked"	2
2	"Spikelets 1-many flowered, if 2-flowered then both bisexual or upper sterile"	3
2	"Spikelets 2 flowered, the lower male or sterile (sometimes reduced to a single lemma only), the upper fertile, without rachilla extension (except a few Paniceae)"	24
3	"Spikelets with 1 fertile floret with or without additional male or sterile florets"	4
3	"Spikelets with 2-many fertile florets"	16
4	"Palea 1-keeled; glumes absent or minute"	Oryza
4	"Palea usually 2-keeled, if 0–1 then glumes well developed"	5
5	"Inflorescence a panicle (a single spikelet in Zoysia)"	6
5	"Inflorescence composed of racemes"	13
6	"Ligule membranous, or spikelet with sterile florets below the fertile one"	7
6	"Ligule a line of hairs; lowest floret fertile one"	12
7	"Lemma cylindrical to partly swollen, usually enfolding and concealing palea; spikelets 1-flowered without rachilla extension; awn terminal (rarely absent)"	"Poaceae - Group 1"
7	"Lemma not clasping palea or if so, then with a rachilla extension; awn dorsal or florets sterile"	8
8	"Spikelets with at most 1 sterile floret below the fertile one"	9
8	"Spikelets with 2 male or sterile florets below the fertile one"	11
9	"Glumes shorter than floret, with or without straight terminal awn"	"Poaceae - Group 2"
9	"Glumes longer than floret or lemma with dorsal or bent awn"	10
10	"Fertile spikelets deciduous in triads or accompanied by sterile spikelets"	"Poaceae - Group 2"
10	"Fertile spikelets not as above"	"Poaceae - Group 3"
11	"Lower lemmas hardened (firmer than glumes), sterile, at least the upper longer than fertile floret"	"Ehrharta, Microlaena"
11	"Lower lemmas membranous or subulate, if hardened then male"	"Poaceae - Group 3"
12	"Lemma (1–)3 awned, involute or convolute and concealing palea; spikelets 1-flowered"	"Poaceae - Group 4"
12	"Lemma awnless (rarely 1 awn and then either with sterile florets or palea not concealed"	"Poaceae - Group 5"
13	"Body of lemma 5–9 nerved"	14
13	"Body of lemma 3-nerved"	"Poaceae - Group 6"
14	"Spikelets with 2 sterile lemmas below fertile floret"	"Ehrharta, Microlaena"
14	"Spikelets without (rarely 1) sterile lemmas"	15
15	"Raceme unilateral or irregular and then awn bent"	"Poaceae - Group 3"
15	"Raceme bilateral; awn never bent"	"Poaceae - Group 9"
16	"Lemma 5-many nerved"	17
16	"Lemmas 1–3 nerved"	"Poaceae - Group 5"
17	"Ligule membranous, rarely with a hair-fringed margin"	18
17	"Ligule a line of hairs"	21
18	"Inflorescence a panicle, sometimes a raceme and then unilateral or spikelets edgewayson or lemma with a bent awn"	19
18	"Inflorescence a simple or compound bilateral raceme, the spikelets broadside to rachis"	"Poaceae - Group 9"
19	"Upper glume shorter than adjacent floret or almost so; lemma with or without terminal or sub-terminal awn"	20
19	"Upper glume exceeding adjacent floret or awn dorsal or awn bent"	"Poaceae - Group 3"
20	"Ovary rarely hairy or appendaged and then the stigmas terminal"	"Poaceae - Group 2"
20	"Ovary capped by a hairy-lobed appendage; stigma sub-terminal"	Bromus
21	"Spikelets breaking off between florets when ripe"	22
21	"Spikelets not disarticulating between florets"	23
22	"Leaf blades herbaceous or if pungent then plant tufted"	"Poaceae - Group 4"
22	"Leaf blades stiff, distichous, pungent; plant rhizomatous or stoloniferous"	"Poaceae - Group 5"
23	"Glumes falling with spikelet"	"Poaceae - Group 5"
23	"Glumes persistent on inflorescence"	"Poaceae - Group 6"
24	"Upper lemma or palea tough; spikelets rarely in pairs (if so then similar looking); upper lemma awnless (rarely with straight awn)"	"Poaceae - Group 7"
24	"Both lemmas transparent or membranous"	25
25	"Spikelets neither paired nor bent-awned"	"Poaceae - Group 7"
25	"Spikelets paired, sometimes bent-awned"	"Poaceae - Group 8"
