from	statement	to
1	"Leaves 1–5, brown-striped, appearing with the flowers"	"Ledebouria cooperi"
1	"Combination of characters not as above"	2
2	"Bulbs and lower leaf surface purple, upper leaf surface silver with transverse dark green blotches"	"Ledebouria violacea"
2	"Bulbs and lower leaf surface primarily pale green, upper leaf surface pale green with irregular dark green blotches"	3
3	"Bulbs generally less than 2 cm diameter, lower leaf surface uniformly pale green"	"Ledebouria socialis"
3	"Bulbs generally more than 2 cm diameter, lower leaf surface with faint dark green blotching"	"Ledebouria concolor"
