from	statement	to
1	"Staminal bundles over 1 cm long, the fused region longer than free filaments"	2
1	"Staminal bundles less than 1 cm long; the fused region to as long as filaments"	6
2	"Leaves linear,white-hairy on both surfaces"	"Beaufortia incana"
2	"Leaves ovate to roundish"	3
3	"Petals shorter than the calyx lobes"	"Beaufortia decussata"
3	"Petals longer than the calyx lobes"	4
4	"Leaves scattered"	"Beaufortia sparsa"
4	"Leaves opposite"	5
5	"Petals narrow; anthers with tufts of hair at the tip (hand lens)"	"Beaufortia squarrosa"
5	"Petals broad; anthers hairless"	"Beaufortia orbifolia"
6	"Leaves roundish, bent back at tip; stamens 3–7 per bundle"	"Beaufortia elegans"
6	"Leaves lanceolate, linear or 3-angled"	7
7	"Leaves 3–5-nerved; calyx lobes narrow, linear; petals shorter than the calyx lobes"	"Beaufortia purpurea"
7	"Leaves with 1midvein; calyx lobes triangular; petals longer than the calyx lobes"	"Beaufortia schaueri"
