from	statement	to
1	"Floret dorsally flattened; lemma awnless"	Milium
1	"Floret cylindrical or laterally flattened; lemma awned"	2
2	"Stamen 1; lemma nerves 3"	Anemanthele
2	"Stamens 3; lemma nerves 3 or more"	3
3	"Floret ellipsoid; lemma truncate at tip and with a crown; awn not central"	Nassella
3	"Floret spindle-shaped, slightly laterally flattened if at all; lemma narrowed at tip and without a crown; awn at tip or between lobes"	4
4	"Stems to over 2 m tall"	"Stipa gigantea"
4	"Stems shorter than 2 m"	Austrostipa
