from	statement	to
1	"Grass of pastures and lawns; spreading stoloniferous perennial; leaves folded; flowers remaining enclosed in sheaths of upper leaves (visible briefly as exserted anthers or stigmas)"	"Pennisetum clandestinum"
1	"Tufted annuals or perennials with spike-like flower heads and flat or rolled leaves"	2
2	"Inner bristles of the spikelets rough, not plumed"	"Pennisetum alopecuroides"
2	"Bristles of spikelets plumose"	3
3	"Flower cluster 10–28 cm long, often purplish; bristles to about 2.5 cm long; spikelets to 6.5 mm long"	"Pennisetum setaceum"
3	"Flower cluster 2–12 cm long, pale green to white; bristles 3–5 cm long; spikelets 1–1.5 cm long"	"Pennisetum villosum"
