from	statement	to
1	"Leaf blades more than 25 mm wide; plants large, flowers numerous"	2
1	"Leaf blades less than 25 mm wide; plants small, flowers few"	4
2	"Outer bracts erect, red or pink"	3
2	"Outer bracts spreading, bright scarlet"	"Guzmania lingulata var. cardinalis"
3	"Leaves concolorous"	"Guzmania lingulata var. lingulata"
3	"Leaves marked with reddish-purple longitudinal lines"	"Guzmania lingulata var. splendens"
4	"Leaf sheaths concolorous with blades, outer bracts red"	"Guzmania lingulata var. minor"
4	"Leaf sheaths brown, outer bracts bright scarlet"	"Guzmania lingulata var. flammea"
