from	statement	to
1	"Mature leaves generally more than 30 cm long"	2
1	"Mature leaves less than 30 cm long"	3
2	"Leaves without yellow variegation"	"Sansevieria trifasciata var. trifasciata"
2	"Leaves with yellow variegation on margin"	"Sansevieria trifasciata var. laurentii"
3	"Leaves with yellow variegation"	"Sansevieria trifasciata ‘Golden Hahnii’"
3	"Leaves without yellow variegation"	4
4	"Leaves predominantly grey-green with irregular, transverse silver banding"	"Sansevieria trifasciata ‘Hahnii’"
4	"Leaves predominantly silver with irregular, transverse grey-green banding"	"Sansevieria trifasciata ‘Silver Hahnii’"
