from	statement	to
1	"Inflorescence simple; leaves narrow-linear"	"Puya mirabilis"
1	"Inflorescence compound; leaves broader, not narrow-linear"	2
2	"Inflorescence branches with flowers throughout"	3
2	"Inflorescence branches flowerless (sterile) in at least upper half"	6
3	"Inflorescence narrow, globose, the branches no more than 1.5 times the length of the subtending bracts"	"Puya venusta"
3	"Inflorescence broad, branches more than twice as long as the subtending bracts"	4
4	"Flower stalks persistently tomentose, leaves with bristly, thick, whitish felt above"	"Puya laxa"
4	"Flower stalks hairless, leaves not as above"	5
5	"Petals appendaged (basal scales present), twice as long as sepals"	"Puya coerulea"
5	"Petals without appendages, 1.5 times as long as sepals"	"Puya spathacea"
6	"Leaves concolorous (of the same colour on both sides), petals greenish-yellow"	"Puya chilensis"
6	"Leaves discolorous (green above, whitish beneath) petals blue-green"	7
7	"Leaves 1.5–2.5 cm wide; inflorescence loose, few-flowered, 1–1.5 m high"	"Puya alpestris"
7	"Leaves to 5 cm wide; inflorescence dense, many-flowered, 4 m high"	"Puya berteroniana"
