from	statement	to
1	"Fertile stamens 2"	2
1	"Fertile stamens 4 or 5"	9
2	"Flower 2-lipped"	3
2	"Corolla not or hardly 2-lipped and with 4–5 spreading perianth lobes"	5
3	"Corolla lips of more or less the same size"	Jovellana
3	"Lower corolla lip larger than upper one"	4
4	"Lower corolla lip large, pouched and slipper-like"	Calceolaria
4	"Lower corolla lip not as above; corolla cylindrical"	Gratiola
5	"Capsule rounded, usually splitting along sutures"	Derwentia
5	"Capsule more or less flattened, usually splitting between sutures"	6
6	"Perennial or annual herbs"	7
6	"Semi-woody to woody perennials"	8
7	"Leaves mostly opposite; corolla tube shorter than the corolla lobes"	Veronica
7	"Leaves in whorls of 3–5; tube of corolla much longer than the lobes"	Veronicastrum
8	"Semi-woody, scrambling perennials; fruit capsules laterally flattened and divided transversely"	Parahebe
8	"Mostly upright woody shrubs; fruit capsules more or less globose and divided longitudinally"	Hebe
9	"Fertile stamens 5"	Verbascum
9	"Fertile stamens 4"	10
10	"Sterile stamen prominent"	11
10	"Sterile stamen not prominent (or absent)"	12
11	"Staminode as long as the fertile stamens"	Penstemon
11	"Staminode distinctly shorter than the fertile stamens"	Chelone
12	"Leaves all alternate"	13
12	"Leaves opposite or whorled, upper leaves sometimes alternate"	15
13	"Plant upright; flower throat without a constriction (foxgloves)"	Digitalis
13	"Plant creeping or climbing; flowers with a throat constriction (palate), or plant a twining climber"	14
14	"Plant a delicate creeper; flower throat with prominent constriction"	Cymbalaria
14	"Plant a twining climber,with unusual protruding blackish corolla and pink calyx"	Rhodochiton
15	"Tree with large, soft-hairy, ovate leaves"	Paulownia
15	"Herb or shrub"	16
16	"Corolla tube short or absent"	17
16	"Corolla tube long"	19
17	"Corolla tube very short, sepals free, sterile stamen lacking"	Nemesia
17	"Corolla tube absent"	18
18	"Corolla lower lip with 2 spurs"	Diascia
18	"Corolla inverted by a bent stalk, not 2-spurred"	Alonsoa
19	"Shrub with scarlet, curved, drooping flowers"	Halleria
19	"Plant not as above"	20
20	"Throat of flower with a prominent constriction (palate)"	21
20	"Flower throat without a constriction"	26
21	"Leaves roundish to D-shaped or 5-angled, palmately veined, often arrowhead-shaped"	22
21	"Leaves not as above"	23
22	"Upper leaves opposite; axis-facing lip of corolla with a conspicuously 2-pouched palate"	Asarina
22	"Upper leaves alternate; corolla with a conspicuous projection in the throat (palate)"	Maurandella
23	"Flowers not pouched or spurred at the base"	Mimulus
23	"Flowers pouched or spurred at the base"	24
24	"Flowers pouched at base"	Antirrhinum
24	"Flowers spurred at the base"	25
25	"Delicate creeping plant; leaves with palmate venation"	Cymbalaria
25	"Upright annual or perennial herbs; leaves pinnately veined, upper surface of corolla spurred"	Linaria
26	"Plant a twining climber with arrowhead-shaped leaves and purple flowers"	Maurandya
26	"Plant not as above"	27
27	"Calyx tubular"	28
27	"Calyx divided at least halfway into lobes"	29
28	"Ribs of calyx winged"	Torenia
28	"Ribs of calyx not winged"	Mimulus
29	"Plant creeping"	Mazus
29	"Plant upright"	30
30	"Plant not rush-like; stamens protruding; flowers hanging in wide, open clusters"	Phygelius
30	"Plant rush-like; stamens not protruding; flowers not as above"	Russelia
