from	statement	to
1	"Anthers dehiscing by apical pores"	2
1	"Anthers dehiscing by lateral slits"	4
2	"Leafy climbing perennial; fruit a fleshy capsule"	Eustrephus
2	"Buds underground and with basal leaves; capsules not fleshy"	3
3	"Anthers with prominent appendages; tepal margins not strongly fringed"	Arthropodium
3	"Anthers without appendages; inner tepal margins strongly fringed"	Thysanotus
4	"Tepals twisting spirally after flowering"	Chamaescilla
4	"Tepals not twisting spirally after flowering"	5
5	"Inflorescence a stalked, bracted umbel; anthers 3+3"	Sowerbaea
5	"Inflorescence not a stalked, bracteate umbel"	6
6	"Tepals fused basally into a tube; flowers bisexual; woody trees or shrubs"	Cordyline
6	"Tepals free; plants unisexual; clump-forming, rhizomatous shrubs"	Lomandra
