from	statement	to
1	"Nectary basal on the tepal"	2
1	"Nectary located above the tepal base, often in the angle of the bell"	10
2	"Nectary inconspicuous, small or linear"	3
2	"Nectary conspicuous, large"	6
3	"Style divided"	4
3	"Style undivided or 3-lobed, lobes < 1mm"	5
4	"Bulblets present"	"Frittillaria ehrhartii"
4	"Bulblets absent"	"Frittillaria biflora"
5	"Flowers tubular, purple-black; bulblets absent"	"Frittillaria assyriaca"
5	"Flowers broadly bell-shaped, yellow to orange; bulblets present"	"Frittillaria pudica"
6	"Flowers yellow, red, orange or white outside"	7
6	"Flowers purple or blackish outside"	9
7	"Leaves whorled; flowers numerous with a crown of 10–20 leafy bracts"	"Frittillaria imperialis"
7	"Leaves alternate or opposite; flowers <10; bract usually 1 per flower"	8
8	"Flowers yellow"	"Frittillaria conica"
8	"Flowers white with a yellowish throat"	"Frittillaria liliacea"
9	"Style papillose; bulblets present"	"Frittillaria uva-vulpis"
9	"Style smooth; bulblets absent"	"Frittillaria tuntasia"
10	"Nectary inconspicuous, small or linear"	11
10	"Nectary conspicuous, large"	13
11	"Style divided"	12
11	"Style undivided or only 3-lobed, lobes 1 mm"	"Frittillaria persica"
12	"Bulblets present; flowers purple-brown to blackish"	"Frittillaria camschcatcensis"
12	"Bulblets absent; flowers greenish to reddish-brown, green or cream apically"	"Frittillaria grayana"
13	"Floral bracts in groups of 3"	14
13	"Floral bracts solitary"	17
14	"Tepals tessellated"	15
14	"Tepals variously marked, but not tessellated or only very faintly"	16
15	"Leaves linear; tepals not green-striped"	"Frittillaria messanensis"
15	"Leaves ovate-lanceolate; tepals with a broad green stripe"	"Frittillaria graeca"
16	"Bracts straight; flower 1 (rarely 2), green with reddish-brown marbling"	"Frittillaria pontica"
16	"Bracts coiled; flowers 2–6, white to yellowish"	"Frittillaria verticillata"
17	"Style papillose"	18
17	"Style smooth"	19
18	"Leaves alternate, aerial"	"Frittillaria meleagris"
18	"Lowest leaf pair opposite and borne at ground level"	"Frittillaria davisii"
19	"Leaves or lowest leaf pair opposite or whorled"	20
19	"Leaves all alternate"	21
20	"Flowers tessellated; bulblets present"	"Frittillaria affinis"
20	"Flowers not tessellated; bulblets absent"	"Frittillaria michailovskyi"
21	"Flowers tessellated; bulblets absent"	"Frittillaria pyrenaica"
21	"Flowers not tessellated; bulblets present"	"Frittillaria acmopetala"
