from	statement	to
1	"Mature pseudobulbs less than 10 cm long"	2
1	"Mature pseudobulbs more than 10 cm long"	17
2	"Petals of similar width to sepals or slightly narrower"	3
2	"Petals significantly broader than sepals"	7
3	"Sepals and petals canary yellow or rarely orange"	"Laelia flava"
3	"Sepals and petals not canary yellow"	4
4	"Sepals and petals white; petals slightly narrower than petals"	"Laelia lundii"
4	"Sepals and petals red, pink or purplish; petals about as wide as sepals"	5
5	"Sepals and petals blood-red or orange-red"	"Laelia milleri"
5	"Sepals and petals pink or purplish"	6
6	"Labellum entirely golden-yellow"	"Laelia lucasiana"
6	"Labellum mostly pink or purplish"	"Laelia crispata"
7	"Labellum with 5−7 yellow or orange ridges in throat"	8
7	"Labellum not as above"	9
8	"Labellum not distinctly 3-lobed, throat orange"	"Laelia jongheana"
8	"Labellum distinctly 3-lobed, throat pale yellow"	"Laelia sincorana"
9	"Flower solitary"	10
9	"Flowers 2–10"	12
10	"Labellum midlobe about 2.5 cm wide, purplish with a yellow throat"	"Laelia pumila"
10	"Labellum midlobe more than 2.5 cm wide, white with pink or purplish markings"	11
11	"Flowers to 10 cm wide; labellum side lobes surrounding column, midlobe with 5–7 narrow purple ridges"	"Laelia dayana"
11	"Flowers more than 12 cm wide; labellum side lobes not surrounding column, midlobe with pink spots and streaks"	"Laelia speciosa"
12	"Throat of labellum with 1 ridge extending to base of midlobe"	"Laelia anceps"
12	"Throat of labellum with 2 or 3 ridges extending to base of midlobe"	13
13	"Mature pseudobulbs to 6 cm long"	14
13	"Mature pseudobulbs 6 cm long or more"	16
14	"Flowers 12−18 cm wide"	"Laelia speciosa"
14	"Flowers to 6 cm wide"	15
15	"Sepals and petals mostly white; labellum not deep maroon in throat"	"Laelia albida"
15	"Sepals and petals pale mauve to purple, rarely white or yellow; labellum deep maroon in throat"	"Laelia rubescens"
16	"Labellum side lobes pink to purplish"	"Laelia gouldiana"
16	"Labellum side lobes white"	"Laelia autumnalis"
17	"Sepals and petals similar in size and shape, margins more or less flat; flowers mostly orange or reddish"	18
17	"Sepals and petals dissimilar in size and shape, margins often wavy or curved backwards; flowers not usually orange or reddish"	20
18	"Racemes to 20 cm long, shorter than leaves, 3–7 flowered"	"Laelia harpophylla"
18	"Racemes 25–50 cm long, longer than leaves, 5–15 flowered"	19
19	"Petals 2.5 cm or more long; flowers orange-red"	"Laelia cinnabarina"
19	"Petals less than 2.5 cm long; flowers brick-red"	"Laelia angereri"
20	"Well-formed flowers to 10 cm wide"	21
20	"Well-formed flowers more than 10 cm wide"	23
21	"Flowers mostly yellow or greenish; labellum obscurely 3-lobed"	"Laelia xanthina"
21	"Flowers mostly deep pink or purplish; labellum prominently 3-lobed"	22
22	"Labellum side lobes pink to purplish"	"Laelia gouldiana"
22	"Labellum side lobes white"	"Laelia autumnalis"
23	"Labellum white or cream with purplish veins"	24
23	"Labellum not as above"	25
24	"Sepals and petals pale yellowish-brown"	"Laelia grandis"
24	"Sepals and petals dark copper-bronze"	"Laelia tenebrosa"
25	"Well-formed flowers 15–25 cm wide; labellum throat yellow with purplish veins"	"Laelia purpurata"
25	"Well-formed flowers 12–15 cm wide; labellum throat not as above"	26
26	"Labellum about as long as petals, midlobe much broader than tubular base"	"Laelia lobata"
26	"Labellum shorter than petals; midlobe not much broader than tubular base"	"Laelia perrinii"
