from	statement	to
1	"Petals similar to sepals in size and shape"	"Phragmipedium schlimii"
1	"Petals longer and narrower than sepals"	2
2	"Petals to 60 cm long, more than 3 times as long as sepals"	"Phragmipedium caudatum"
2	"Petals to 12 cm long, less than 3 times as long as sepals"	3
3	"Dorsal sepals to 3 cm long, ovate-elliptic; petals to 6 cm long, slightly twisted"	"Phragmipedium sargentianum"
3	"Dorsal sepals more than 3 cm long, lanceolate; petals more than 6 cm long, twisted"	"Phragmipedium longifolium"
