from	statement	to
1	"Leaves mostly more than 3 cm wide and less than 3 times longer than wide"	2
1	"Leaves mostly less than 3 cm wide and more than 3 times longer than wide"	3
2	"Leaves ovate to elliptic, clearly soft-hairy below (peeled twigs not or hardly ridged) "	"Salix - Group 1 ×reichardtii"
2	"Leaves narrowly ovate to obovate, hairs below often sparse (peeled twigs distinctly ridged) "	"Salix - Group 1 cinerea"
3	"Fastigiate tree (narrow with branches more or less erect) "	"Salix - Group 1 chilensis ‘Fastigiata’"
3	"Not as above "	4
4	"Branches weeping "	5
4	"Branches spreading to erect "	8
5	"Stems twisted and leaves curled "	"Salix - Group 1 S. babylonica var. pekinensis 'Tortuosa'"
5	"Not as above "	6
6	"Branchlets long and vertically pendulous; young leaves more or less hairless; catkins (always female) with stalk absent or to 3 mm long "	"Salix - Group 1 babylonica"
6	"Branchlets short- to long-pendulous; young leaves mostly hairy; catkins stalk to 6 mm long "	7
7	"Leaves hairless or thinly hairy, margins irregularly toothed; ovaries usually much larger than the catkin scale "	"Salix - Group 1 ×pendulina"
7	"Leaves hairy at first, margins finely and regularly toothed; ovaries not much larger than catkin scale "	"Salix - Group 1 ×sepulcralis vars."
8	"Leaves mostly linear (sometimes linear-lanceolate), toothless or almost so, silvery-haired below "	"Salix - Group 1 viminalis"
8	"Not as above "	9
9	"Mature leaves hardly glossy above, silky hairy at least below; twigs not brittle at junction with stem "	"Salix - Group 1 alba"
9	"Mature leaves glossy above, soon more or less hairless on both surfaces; twigs more or less brittle at junction with stem "	10
10	"Leaves distinctly silky at first, though hair soon lost, mostly less than 8 cm long; margins with numerous small, even teeth "	"Salix - Group 1 ×rubens"
10	"Leaves more or less hairless from the start, mostly more than 8 cm long; margins with relatively large uneven teeth "	"Salix - Group 1 fragilis"
