from	statement	to
1	"Stems covered with the dry, stiff remains of persistent inflorescences"	"Tylecodon reticulatus"
1	"Stems not covered as above"	2
2	"Leaves dorsiventrally flattened, obovate to spoon-shaped; stems with leaf bases more or less flush with the general stem surface (and less than 6 mm high); corolla yellowish orange to red"	"Tylecodon paniculatus"
2	"Leaves cylindrical, linear; stems with leaf bases more or less flush with the general stem surface or elevated and more than 6 mm high; corolla pink, red, deep red, yellow, yellow-green or pale brown"	3
3	"Stems covered with persistent leaf bases forming hard thorn-like or wart-like structures 6–13 mm high; corolla yellowish green to yellow"	"Tylecodon wallichii"
3	"Stems with leaf bases more or less flush with the general stem surface and less than 6 mm high; corolla pink, red, deep red or pale brown"	4
4	"Stems with distinctly white leaf bases (at least initially, before the brown peeling bark of older stems forms); all branches at some stage bearing leaves in small rosettes; corolla pale brown"	"Tylecodon pearsonii"
4	"Stems with black leaf bases; leaves rarely produced and then short-lived, not in rosettes and confined to a few branches (other branches with minute scales only); corolla pink, red to deep red"	"Tylecodon buchholzianus"
