from	statement	to
1	"Sori round, solitary at the tip of a veinlet"	2
1	"Sori elongated along the segment margins"	4
2	"Sori without indusia, or false indusia formed from reflexed marginal flaps"	Hypolepis
2	"Sori with a distinct indusium"	3
3	"Sori marginal, protected by a cup-shaped two-sided true indusium"	Dennstaedtia
3	"Sori just inside the margin with a half-cup-like one-sided indusium (or indusium soon shed)"	Microlepia
4	"Fronds extremely thick and leathery; indusia with two flaps, the inner ones thinnest"	Pteridium
4	"Fronds not extremely thick and leathery"	5
5	"Frond branching alternate; inner indusium present"	Paesia
5	"At least the main frond branches more or less opposite; inner indusial flap absent"	Histiopteris
