from	statement	to
1	"Plant with leaves at the base, the flowering stems leafless "	2
1	"Plants with leafy stems "	5
2	"Petal lobes upright or spreading "	3
2	"Petal lobes bent backwards "	4
3	"Flower tube longer than the sepals "	Primula
3	"Flower tube shorter than the petals "	Androsace
4	"Root tuberous; flowers single "	Cyclamen
4	"Root not tuberous; flowers in flat-topped clusters "	Dodecatheon
5	"Petals in a funnel-shape or horizontal at tip of tube "	Androsace
5	"Petals bell-shaped to wheel-like "	6
6	"Small annual garden weed with crimson flowers; stamens usually hairy; capsule with a lid "	Anagallis
6	"Perennial; stamens mostly hairy; capsule with 2–5 valves "	Lysimachia
