from	statement	to
1	"Leaves linear, less than 1 cm wide, usually spotted; labellum hairy on midlobe"	"Sarcochilus ceciliae"
1	"Leaves elliptic to oblong, if linear then more than 1 cm wide, not spotted; labellum not hairy on midlobe"	2
2	"Sepals and petals narrow oblong, green to yellow"	"Sarcochilus olivaceus"
2	"Sepals and petals more or less elliptic, white to pink, sometimes with darker blotches"	3
3	"Sepals and petals crystalline white; stems simple, to about 8 cm long"	"Sarcochilus falcatus"
3	"Sepals and petals white or pink with pink or reddish basal blotches; stems usually muchbranched near base, more than 8 cm long"	4
4	"Flowered part of inflorescence equal to or longer than bare stalk; sepals and petals mostly cream"	"Sarcochilus aequalis"
4	"Flowered part of inflorescence shorter than bare stalk; sepals and petals mostly white or pink"	5
5	"Labellum about 1/2 as long as dorsal sepal; sepals and petals white to pink with copious pink to crimson spots and blotches; leaves slightly channelled; stems pendent"	"Sarcochilus fitzgeraldii"
5	"Labellum less than a 1/4 the length of the dorsal sepal; sepals and petals white with red or brownish spots at very base; leaves deeply channelled; stems erect or decumbent"	"Sarcochilus hartmannii"
