from	statement	to
1	"Plant densely hairy; upper leaves lobed or dissected"	"Prunella laciniata"
1	"Plant hairless or slightly hairy; upper leaves entire or slightly toothed"	2
2	"Flower cluster not subtended by leaves; flowers mostly more than 2 cm long"	"Prunella grandiflora"
2	"Flower cluster subtended by leaves; flowers less than 2 cm long"	3
3	"Leaves ovate, stalks 1–4 cm long"	"Prunella vulgaris"
3	"Leaves linear to narrowly lanceolate, stalkless or shortly stalked"	"Prunella hyssopifolia"
