from	statement	to
1	"Individual flowers distinctly stalked "	2
1	"Flowers more or less stalkless "	4
2	"Rounded shrub covered with dense star-shaped hairs; leaves obovate to oblanceolate to 2 cm long, whitish below "	"Dilleniaceae - Group 1 aspera"
2	"Shrub sometimes spreading; leaves less than 1 cm long and without star-shaped hairs or hairs on midrib only "	3
3	"Dwarf sometimes spreading shrub with leaves to 4 mm long, linear to ovate "	"Dilleniaceae - Group 1 microphylla"
3	"Low scrambling or twining shrub, sparsely hairy, star-shaped hairs on midrib only; leaves 5–7 mm long "	"Dilleniaceae - Group 1 empetrifolia"
4	"Leaves more or less flat, 1–3 cm long "	"Dilleniaceae - Group 1 bracteata"
4	"Leaves linear to 1 cm long, generally slightly rough, margins bent back "	5
5	"Undersurface of leaves obscured by the midrib and the rolled-under margins"	"Dilleniaceae - Group 1 riparia"
5	"Undersurface of at least some leaves visible "	6
6	"Leaf axils with tufts of hairs "	"Dilleniaceae - Group 1 humifusa"
6	"Leaf axils without tufts of hair (hair sparse on upper leaf surface) "	"Dilleniaceae - Group 1 sericea"
