from	statement	to
1	"Pseudobulbs or stems of several internodes"	2
1	"Pseudobulbs or stems, if present, of a single internode"	14
2	"Flowers often unisexual"	3
2	"Flowers always bisexual"	5
3	"Male flowers with a downcurved antenna-like appendage at base of column"	Catasetum
3	"Male flowers not as above"	4
4	"Column slender and arching"	Cycnoches
4	"Column twisted to one side of flower"	Mormodes
5	"Column with a distinct foot"	6
5	"Column without a foot"	9
6	"Inflorescences terminal"	Ansellia
6	"Inflorescences lateral"	7
7	"Inflorescence nodding at tip"	Geodorum
7	"Inflorescence not nodding at tip"	8
8	"Petals much shorter than sepals, joined at base"	Grammangis
8	"Petals of similar length to sepals, not joined at base"	Grobya
9	"Inflorescences terminal"	Galeandra
9	"Inflorescences lateral"	10
10	"Labellum spurred at base"	Eulophia
10	"Labellum not spurred at base"	11
11	"Pseudobulbs short and stout"	Cymbidium
11	"Pseudobulbs narrow and cane-like"	12
12	"Plant terrestrial; labellum midlobe with a tuft of hairs"	Dipodium
12	"Plant epiphytic or epilithic; labellum midlobe without a tuft of hairs"	13
13	"Plant often very robust; stipe of pollinia divided"	Grammatophyllum
13	"Plant not as above; stipe of pollinia not divided"	Cymbidium
14	"Leaves apical, large and pleated"	15
14	"Leaves 2-ranked, not large and pleated"	17
15	"Sepals and petals incurved, the flower more or less bell-shaped"	Peristeria
15	"Sepals and petals spreading or reflexed, the flower not bell-shaped"	16
16	"Dorsal sepal fused to column for about half the length of the latter"	Gongora
16	"Dorsal sepal not fused to column"	Stanhopea
17	"Lateral sepals pouched at base; labellum many times larger than other perianth segments, 2-lobed"	Ionopsis
17	"Lateral sepals not pouched at base; labellum, if many times larger than other perianth segments, not 2-lobed"	18
18	"Sepals and petals linear, much longer than labellum"	Brassia
18	"Sepals and petals not as above"	19
19	"Flowers vivid orange or scarlet, poorly opening, in pendent racemes"	Ada
19	"Flowers not as above"	20
20	"Column with a foot"	Osmoglossum
20	"Column without a foot"	21
21	"Labellum with lower margins joined to column"	Aspasia
21	"Labellum free from column except at base"	22
22	"Anther cap hairy"	Trichopilia
22	"Anther cap glabrous"	23
23	"Column 2-lobed, each lobe with an antennae-like appendage"	Psychopsis
23	"Column not as above"	24
24	"Labellum with basal ridges that tightly clasp column; dorsal sepal and petals more or less erect"	Gomesa
24	"Labellum not as above; dorsal sepal and petals evenly spreading"	25
25	"Labellum mid lobe much larger than side lobes, often prominently 2-lobed"	Oncidium
25	"Labellum not as above"	26
26	"Leaves 1 or 2"	27
26	"Leaves often more than 2"	29
27	"Labellum 3-lobed"	Baptistonia
27	"Labellum more or less entire"	28
28	"Leaves solitary; column entire; pseudobulbs close together"	Miltoniopsis
28	"Leaves 2; column with prominent lobes; pseudobulbs well spaced"	Miltonia
29	"Labellum with small ear-like basal lobes"	Rossioglossum
29	"Labellum not as above"	30
30	"Labellum callus boat-shaped"	Lemboglossum
30	"Labellum callus not boat-shaped"	Odontoglossum
