from	statement	to
1	"Middle lobe of the lower lip of the corolla extending well beyond the others"	2
1	"Middle lobe only slightly exceeding the others"	5
2	"Shrub with bell-like corolla"	"Digitalis obscura"
2	"Herb with corolla tube swollen"	3
3	"Stem of flower cluster glandular or velvet-hairy; corolla whitish with dark veins"	"Digitalis lanata"
3	"Stem of flower cluster hairless, corolla yellow to brown"	4
4	"Calyx lobes blunt,with wide translucent edges"	"Digitalis ferruginea"
4	"Calyx lobes pointed, translucent edges thin or absent"	"Digitalis laevigata"
5	"Corolla tube narrow, cylindrical to urn-shaped"	6
5	"Corolla tube broad, more or less bell-shaped"	7
6	"Calyx lobes ovate, blunt; flowers reddish brown"	"Digitalis parviflora"
6	"Calyx lobes linear to lanceolate, pointed; flowers pale yellow to white"	"Digitalis lutea"
7	"Corolla yellow"	"Digitalis grandiflora"
7	"Corolla purple, pink or white"	8
8	"Whole plant covered in yellow, glandular-sticky hairs"	"Digitalis thapsi"
8	"Hairs not as above"	9
9	"Corolla either hairless outside, or if hairy then lower leaves scalloped and long-stalked"	"Digitalis purpurea"
9	"Corolla hairy outside; lower leaves entire or shallowly toothed and short-stalked"	"Digitalis dubia"
