from	statement	to
1	"Leaves with glands absent; flowers with 6 or 7 anthers fertile, or at the base of the petiole or between leaflets; pods cylindrical or flat (exotic species) "	2
1	"Leaves with glands between leaflet pairs; flowers with 10 anthers fertile; pods flat "	6
2	"Leaflets in 1–3 pairs "	3
2	"Leaflets in 4–8 pairs "	4
3	"Leaflets distinctly pointed "	"Senna corymbosa"
3	"Leaflets blunt or notched "	"Senna pendula"
4	"Basal pair of leaflets with 1 gland between them "	"Senna pendula"
4	"Basal pair of leaflets with 2–4 glands between them "	5
5	"Plants hairy; leaflets in 6–8 pairs with margins bent under "	"Senna multiglandulosa"
5	"Plants hairless; leaflets in 4–5 pairs, flat "	"Senna ×floribunda"
6	"Petals less than 11mm long; seeds dull "	"Senna artemisioides"
6	"Petals more than 11mm long; seeds glossy "	"Senna odorata"
