from	statement	to
1	"Leaflets numerous, all of more or less the same size"	"Filipendula vulgaris"
1	"Leaflets up to 7, the terminal one largest"	2
2	"Lower leaves with lateral leaflets having 3–5 distinct lobes"	3
2	"Lower leaves with leaflets not or hardly lobed"	4
3	"Leaves more or less hairless below; flowers pinkish or purplish red"	"Filipendula rubra"
3	"Leaves white-hairy below; flowers creamy white"	"Filipendula palmata"
4	"Flowers mostly creamy white; carpels hairless, coiling as they mature"	"Filipendula ulmaria"
4	"Flowers mostly pink to purplish red; carpels hairy, at least along the ridges, not coiling"	"Filipendula purpurea"
