from	statement	to
1	"Leaves evergreen, stiff and with the tips and margins spiny"	Eryngium
1	"Leaves deciduous, not spiny"	2
2	"Leaves simple, sometimes deeply divided or lobed but not to the midrib"	3
2	"Leaves compound, often divided several times"	7
3	"Flower clusters surrounded by prominent broad bracts"	4
3	"Flower clusters with bracts that are linear, small or absent"	5
4	"Plants with a dense white covering of star-shaped hair; bracts not green-veined"	Actinotus
4	"Plants with few hairs; bracts with green veins"	Astrantia
5	"Stem leaves surrounding the stem (perfoliate); flowers yellow"	Smyrnium
5	"Stem leaves not perfoliate; flowers white, pink or blue"	6
6	"Plants creeping, rooting at the nodes; leaves kidney-shaped"	Centella
6	"Plants erect although leaves sometimes in a basal rosette"	Trachymene
7	"Plants distinctly hairy"	8
7	"Plants with few if any hairs"	14
8	"Leaves smelling of aniseed when crushed"	9
8	"Leaves not smelling of aniseed when crushed"	10
9	"Perennial herb; leaf lobes ovate-lanceolate and mottled with white"	Myrrhis
9	"Annual herb; leaf lobes linear-lanceolate, not mottled"	Pimpinella
10	"Leaves simply pinnate; flowers yellow"	Pastinaca
10	"Leaves 1–5-pinnate or 1–2 times divided into 3; flower colour variable"	11
11	"Bracts 2–5 cm long"	12
11	"Bracts 1–2 cm long"	13
12	"Stems stout; bracts leafy and irregularly toothed; fruit winged"	Melanoselinum
12	"Stems narrow; bracts thread-like; fruit with hooked spines, not winged"	Daucus
13	"Large plants with leaves divided 1–2 times into 3"	Heracleum
13	"Plants to about 30 cm tall; leaves pinnate, divided 2–3 times"	Anthriscus
14	"Leaves divided into fine, thread-like linear segments smelling of aniseed when crushed"	15
14	"At least some leaves with broad, ovate to lanceolate or diamond-shaped lobes, not smelling of aniseed when crushed"	16
15	"Fruit flattened and with a prominent papery wing"	Anethum
15	"Fruit hardly flattened and not winged"	Foeniculum
16	"Bracts at base of flower clusters longer than the rays; fruit hairy"	Cuminum
16	"Bracts shorter than the rays or absent; fruit smooth"	17
17	"Bracts numerous, pinnatifid"	Ammi
17	"Bracts absent, or few and entire"	18
18	"Base of plant surrounded by old leaf bases"	19
18	"Base of plant without old leaf bases"	20
19	"Old leaf bases scale-like; flowers greenish yellow"	Levisticum
19	"Old leaf bases fibrous; flowers yellow or dark cream (Parsley)"	Petroselinum
20	"Stems pale green and blotched with purple; fruit with wavy ridges"	Conium
20	"Stems green or if purplish then not blotched; fruit ridges rarely wavy"	21
21	"Upper leaf stalks (at least) swollen or winged and usually sheathing the stem"	22
21	"Leaf stalks not swollen or winged"	25
22	"Leaf stalks winged or slightly expanded at the base; stems slender, plants less than 1m tall"	Apium
22	"Leaf stalks strongly swollen; plants 0.5–3 m tall with thick stems"	23
23	"Leaf lobes lanceolate to linear, entire; fruit about 1.2 cm long"	Ferula
23	"Leaf lobes ovate to triangular, with large teeth; fruit 5–8 mm long"	24
24	"Flowers cream; bracteoles absent or few and small; fruit ridged, not winged"	Smyrnium
24	"Flowers white, green or pink-purplish; bracteoles many; fruit winged"	Angelica
25	"Rays 2–5; fruit more or less round, not splitting at maturity"	Coriandrum
25	"Rays 6–15; fruit splitting at maturity and with hard, persistent calyx teeth"	Oenanthe
