from	statement	to
1	"Flower tube curved not green"	2
1	"Flower tube straight, usually green"	3
2	"Leaves usually fewer than 15, hardly channelled, not glossy, tip not long-pointed; flowers 6–12, tube to 8 cm long"	"Crinum moorei"
2	"Leaves usually more than 15, channelled, glossy, long-pointed; flowers 8(–10), tube to 10 cm long"	"Crinum ×powellii"
3	"Leaves to 5 cm wide; anthers strongly curved"	"Crinum flaccidum"
3	"Leaves more than 5 cm wide; anthers straight or weakly curved"	4
4	"Individual flower stalk very short"	"Crinum asiaticum"
4	"Flower stalks 1.5–5 cm long"	"Crinum pedunculatum"
