from	statement	to
1	"Carpels 2, hairless "	"Dilleniaceae - Group 3 prostrata"
1	"Carpels 2 or 3, hairy "	2
2	"Flowers orange "	"Dilleniaceae - Group 3 stellaris"
2	"Flowers mostly yellow "	3
3	"Variable shrub, sometimes prostrate; flower stalks longer than the leaves "	"Dilleniaceae - Group 3 pedunculata"
3	"Mat-forming ground cover; flowers stalkless or stalk extremely short "	4
4	"Sepals more or less hairless "	"Dilleniaceae - Group 3 serpyllifolia"
4	"Sepals distinctly hairy "	"Dilleniaceae - Group 3 vestita"
