from	statement	to
1	"Stamens to half as long as the petals; leaves grey-green and hairy on both surfaces, contracting at the tip, 3–15 mm long, 2–4 mm wide"	"Leptospermum - Group 3 lanigerum"
1	"Combination of characters not as above"	2
2	"Fruit wider than long, often 1.5–2 cm wide; leaves mostly 1–2 cm long, 0.5–1 cm wide"	"Leptospermum - Group 3 macrocarpum"
2	"Combination of characters not as above"	3
3	"Leaves 0.5–2 cm long; flowers white or pink"	"Leptospermum - Group 3 sphaerocarpum"
3	"Leaves 2–3.5 cm long; flowers red"	"Leptospermum - Group 3 spectabile"
