from	statement	to
1	"Low, often spreading shrub with linear leaves"	"Hovea linearis"
1	"Plants not as above"	2
2	"Leaves prickly toothed"	"Hovea chorizemifolia"
2	"Leaves entire"	3
3	"Leaves stalkless, more or less linear and pungently pointed"	"Hovea pungens"
3	"Leaves stalked, rarely linear"	4
4	"Leaves more or less flat, margins not or hardly bent under"	"Hovea lanceolata"
4	"Leaves with margins mostly curled under"	5
5	"Leaves elliptic, tapering to both ends, sometimes sharply pointed"	6
5	"Leaves not as above"	7
6	"Leaves narrow, mostly less than 1.5 cm wide"	"Hovea acutifolia"
6	"Leaves mostly more than 1.5 cm wide"	"Hovea elliptica"
7	"Shrub to 2 m tall; leaves linear to narrowly elliptic; pods rusty-haired"	"Hovea longifolia"
7	"Shrub to about 0.5 m tall; leaves linear to lanceolate; pods hairless"	"Hovea trisperma"
