from	statement	to
1	"Ray florets orange-yellow; plant mat-forming"	"Erigeron aurantiacus"
1	"Ray florets white, pink, lilac, blue or purplish; plant not mat-forming"	2
2	"Plant with succulent stems; leaves mostly basal"	"Erigeron glaucus"
2	"Plant without succulent stems; leaves both basal and along stems"	3
3	"Florets lilac; tips of at least some involucral bracts lilac; pappus tinged with red"	"Erigeron alpinus"
3	"Florets white, pink, blue or purple; tips of involucral bracts not coloured; pappus white"	4
4	"Lower leaves to 15 cm long, tapering to a winged petiole; ray florets blue or rarely white (pink to lilac in possible cultivars)"	"Erigeron speciosus"
4	"Lower leaves to 6 cm long, petiole short, not winged; ray florets white or pink, changing to reddish purple"	"Erigeron karvinskianus"
