from	statement	to
1	"Petals essentially white although often with a coloured blotch at the base "	2
1	"Petals essentially pink to purple or red "	7
2	"Sepals mostly 3 (rarely 5) "	3
2	"Sepals mostly 5 (rarely 4) "	5
3	"Flowers 2.5 cm wide or less; petals white with yellow base; sepals present on fruit "	"Cistus clusii"
3	"Flowers more than 2.5 cm wide; petals with reddish blotch at base; sepals soon shed "	4
4	"Leaves linear-lanceolate; flowers solitary, the petals with a maroon base "	"Cistus ladanifer"
4	"Leaves lanceolate; flowers in clusters, the petals with a pinkish red base "	"Cistus ×cyprius"
5	"Leaves more or less ovate to oblong; petals white with a yellow spot at the base "	6
5	"Leaves linear-lanceolate; petals white throughout "	"Cistus monspeliensis"
6	"Leaves cordate at the base, mostly more than 5 cm long "	"Cistus populifolius"
6	"Leaves rounded or narrowed at the base, less than 5 cm long "	"Cistus salviifolius"
7	"Leaves with 3 nerves along their length "	8
7	"Leaves with 3 nerves at the base only "	9
8	"Plant white-hairy throughout; leaves with edges rolled under; flowers pinkish lilac with yellow base "	"Cistus albidus"
8	"Plants sometimes hairy but not white; leaf edges not rolled under; flowers rose-purple "	"Cistus ×pulverulentus"
9	"Flowers mostly less than 4 cm wide and with long stalks "	"Cistus ×canescens"
9	"Flowers mostly more than 4 cm wide, short stalked "	"Cistus incanus, C. xpurpureus ‘Brilliancy’"
