from	statement	to
1	"Perianth regular; tube straight, shorter than the segments"	2
1	"Perianth irregular; tube curved, at least as long as segments"	5
2	"Stamens grouped on one side of flower; style curved"	3
2	"Stamens arranged symmetrically; style straight"	4
3	"Stem branched with prominent cormils in leaf axils"	"Sparaxis bulbifera"
3	"Stem unbranched, cormils absent"	"Sparaxis grandiflora"
4	"Anthers coiled around style, purple to brown"	"Sparaxis elegans"
4	"Anthers straight, free, yellow"	"Sparaxis tricolor"
5	"Segments almost equal"	"Sparaxis parviflora"
5	"Top segment much larger than others, erect, mauve"	6
6	"Perianth tube 3–4 cm long, bent near apex"	"Sparaxis variegata"
6	"Perianth tube less than 2.5 cm long, straight"	"Sparaxis villosa"
