from	statement	to
1	"Branchlets 4-winged; fruits with seeds not breaking up when squeezed"	"Syzygium australe"
1	"Branchlets cylindrical or 4-angled; fruits breaking up when squeezed in S. paniculatum only"	2
2	"Petals fused to form a cap; fruit purplish blue"	"Syzygium francisii"
2	"Petals free and spreading"	3
3	"Fruit pink or red, about 1 cm long"	"Syzygium luehmannii"
3	"Fruit blue to purple or magenta"	4
4	"Oil glands in the leaves large and visible to the naked eye"	"Syzygium oleosum"
4	"Oil glands small and obscure"	5
5	"Seeds of 2 or more embryos; fruit ovoid to spherical, the seeds splitting into 2–8 embryos when squeezed (polyembryonic)"	"Syzygium paniculatum"
5	"Seeds with 1 embryo, slightly flattened, not splitting as above"	"Syzygium crebrinerve"
