from	statement	to
1	"Calyx absent (shed) from ripe fruit"	2
1	"Calyx persistent on ripe fruit"	4
2	"Fruit with 2(3) chambers (take transverse section)"	"Pyrus calleryana"
2	"Fruit with (4)5 chambers"	3
3	"Mature fruit to 2 cm wide"	"Pyrus pashia"
3	"Mature fruit more than 2 cm wide"	"Pyrus pyrifolia"
4	"Leaf narrowly elliptic, hairy, 3–9 cm long"	"Pyrus salicifolia"
4	"Leaf ovate to elliptic, occasionally obovate"	5
5	"Leaf serrations distinctly bristled at the tip"	"Pyrus ussuriensis"
5	"Leaf margins entire, teeth blunt or pointed but not bristled"	6
6	"New shoots white with woolly hair which is soon shed; leaf entire or only shallowly round-toothed towards the tip"	"Pyrus nivalis"
6	"New shoots not as above; leaf margins round-toothed or saw-toothed throughout"	"Pyrus communis"
