from	statement	to
1	"Leaves cylindrical"	2
1	"Leaves flat"	7
2	"Leaves undivided"	"Petrophile ericifolia"
2	"Leaves divided"	3
3	"Flower heads and cones stalked"	4
3	"Flower heads and cones stalkless"	5
4	"Cones to 8 cm long"	"Petrophile shirleyae"
4	"Flower heads of numerous flowers about 1 cm wide, cones 10–12 mm long"	"Petrophile serruriae"
5	"Leaves less than 2 cm long; cones clustered towards the end of branches"	"Petrophile serruriae"
5	"Leaves more than 2 cm long; cones terminal"	6
6	"Leaves divaricately divided; flowers silky"	"Petrophile sessilis"
6	"Leaves bipinnately divided; flowers and branchlets hairy but hardly silky"	"Petrophile conifera"
7	"Leaves to 4 cm long, deeply 3-lobed"	"Petrophile biloba"
7	"Leaves 5–12 cm long, pointed or blunt at the tip"	"Petrophile linearis"
