from	statement	to
1	"Tubercles with a groove above connecting 2 areoles; flowers more than 4 cm wide "	"Neolloydia conoidea"
1	"Tubercles without grooves; flowers mostly less than 4 cm wide "	2
2	"Spines mostly 25–50 per areole, 1–2 mm long and all closely pressed to body "	"Neolloydia valdeziana"
2	"Spines absent or to about 30 per areole, never all closely pressed to body, to about 40 mm long "	3
3	"Spines absent or to 9 per areole OR stems 1–3 cm wide "	4
3	"Spines about 10–30 per areole; stems 3–9 cm wide "	6
4	"Spines mostly 0–25 per areole, thickened variously shaped, sometimes contorted "	"Neolloydia schmiedickeana"
4	"Spines (2)4–9 per areole, thin, straight or slightly curved "	5
5	"Stamen filaments white "	"Neolloydia gielsdorfiana"
5	"Stamen filaments reddish "	"Neolloydia laui"
6	"Stem distinctly tapered at the base "	"Neolloydia mandragora"
6	"Stem spherical to shortly cylindric, solitary or clustering; perianth magenta or white; style white "	"Neolloydia horripila"
