from	statement	to
1	"Stamens all free"	2
1	"Stamens variously fused"	3
2	"Pod inflated; flowers white, yellow or blue"	Baptisia
2	"Pod not inflated; flowers yellowish"	Gompholobium
3	"All 10 stamens fused to form a sheath that is split along the upper side"	Crotalaria
3	"Stamens forming a complete tube or the upper stamen more or less free"	4
4	"Lower leaf surface at least with translucent gland dots"	Psoralea
4	"Leaves not gland-dotted"	5
5	"Plants herbaceous"	6
5	"Plants shrubs or trees"	7
6	"Plants twining or trailing"	Glycine
6	"Plants erect or spreading"	Trifolium
7	"Small tree with flowers yellow in pendulous clusters; ovary and pod stalked"	Laburnum
7	"Combination of characters not as above"	8
8	"Keel petals oblong and straight on lower surface, the style with sudden curve towards the tip"	Genista
8	"Keel petals curved on lower surface, the style uniformly curved"	9
9	"Stems more or less cylindrical, with faint ridges; calyx tubular"	Chamaecytisus
9	"Stems prominently ridged; calyx bell-shaped"	10
10	"Flowers in leafless terminal racemes; foliage silvery-hairy"	Argyrocytisus
10	"Combination of characters not as above"	Cytisus
