from	statement	to
1	"Central spines 3–4, all hooked, radials 7–9; flowers small, 1.5 cm wide, whitish "	"Coryphantha odorata"
1	"Central spines straight or curved, rarely 1 hooked; flowers 2 cm or more wide, variously coloured "	2
2	"Tubercular grooove of adult stage not extending fully to axil; flowers lilac, perianth segments with fringed edges "	"Coryphantha macromeris"
2	"Tubercular groove of adult stage extending to axil; flowers not as above "	3
3	"Axillary areoles only on flowering plants; body spherical or depressed spherical "	4
3	"Axillary areoles present, even on non-flowering plants; body cylindrical "	7
4	"Tubercles blunt and swollen on one side, often large and spreading "	"Coryphantha elephantidens"
4	"Tubercles conical, somewhat compressed and ascending "	5
5	"Radial spines 6–8 "	"Coryphantha poselgeriana"
5	"Radial spines 12 or more (rarely 7) "	6
6	"Spines more or less the same, radiating and flattened to the body "	"Coryphantha radians"
6	"Spines of 2 or more kinds "	"Coryphantha cornifera"
7	"Radial spines 8–14, amber-yellow; flowers yellow, 5 cm or more long "	"Coryphantha erecta"
7	"Radial spines 8–9, whitish, brown-tipped; flowers 2–4 cm long, whitish, outer segments brownish "	"Coryphantha clavata"
