from	statement	to
1	"Foliage and stems with stalked, glandular hairs"	"Jatropha gossypifolia"
1	"Foliage and stems hairless or with simple hairs"	2
2	"Stipules multifid or laciniate"	3
2	"Stipules entire"	4
3	"Stipules multifid; leaf blade 3–5-palmatifid; lobe tips acute to obtuse"	"Jatropha podagrica"
3	"Stipules laciniate; leaf blade 9–11-palmatipartite; lobe tips narrowed"	"Jatropha multifida"
4	"Leaf blade obovate or 1–3-palmatipartite; lobe tips long-acuminate to apiculate"	"Jatropha integerrima"
4	"Leaf blade broadly ovate with 3–5 short lobes; lobe tips acute, shortly acuminate, obtuse or rounded"	"Jatropha curcas"
