from	statement	to
1	"Tree; leaves more than 4 cm long"	2
1	"Shrub; leaves less than 4 cm long"	4
2	"Leaves c. 3 cm long, tip pungent and pointed"	"Podocarpus totara"
2	"Leaves more than 4 cm long, tip sometimes pointed but not pungent"	3
3	"Leaves rigid, narrowly oblong to lanceolate, essentially blunt but with short point at tip"	"Podocarpus elatus"
3	"Leaves drooping, red at first, tapering gradually to each end"	"Podocarpus neriifolius"
4	"Leaves stalkless, blunt; midrib extremely prominent and raised on lower surface"	"Podocarpus lawrencii"
4	"Leaves shortly but distinctly stalked, mostly pointed; midrib hardly raised below"	"Podocarpus nivalis"
