from	statement	to
1	"Ovules 1 per ovary chamber"	2
1	"Ovules more than 1 per ovary chamber"	8
2	"Plants herbaceous, although sometimes woody at the base; leaves in whorls of 3 or more "	3
2	"Plants shrubs, small trees or climbers"	5
3	"Flowers funnel-shaped, 4-parted"	Asperula
3	"Flowers wheel-like, 4- or 5-parted"	4
4	"Flowers 5-parted; fruits succulent"	Rubia
4	"Flowers 4-parted; fruit dry"	Galium
5	"Woody climbers or scramblers"	Morinda
5	"Shrubs or small trees"	6
6	"Floral tube long and narrow"	Ixora
6	"Floral tube not as above"	7
7	"Corolla lobes entire or notched, the margin rolled under"	Coprosma
7	"Corolla lobes each 3-lobed"	Serissa
8	"Plant a twining climber"	Manettia
8	"Plant not twining"	9
9	"Fruit a capsule"	10
9	"Fruit not a capsule"	12
10	"Seeds without a wing or appendage"	Rondeletia
10	"Seeds with a wing or appendage"	11
11	"Flower clusters pink or white,15–20 cm wide"	Luculia
11	"Flower clusters variously coloured, less than 15 cm wide"	Bouvardia
12	"Flowers not always 5-parted, mostly funnel-shaped and hairless within"	Gardenia
12	"Flowers 5-parted, widely bell-shaped and hairy within"	Rothmannia
