from	statement	to
1	"Leaves more or less arrow-head shaped with 2 (rarely more) lobes at the base"	2
1	"Leaf margins lobed to entire but not as above "	3
2	"Stipules at base of leaf absent or very much reduced "	"Thomasia glutinosa"
2	"Stipules smaller than leaves but prominent "	"Thomasia grandiflora"
3	"Leaves with shallowly round-toothed to slightly lobed margins, blades mostly more than 2.5 cm long "	"Thomasia macrocarpa"
3	"Leaves entire or, if with lobed margins then blades mostly less than 2.5 cm long "	4
4	"Leaves with pronounced lobing "	5
4	"Leaves with lobing absent or extremely shallow "	6
5	"Stipules kidney-shaped; major lobes of leaves (especially those towards the base of the leaf blade) cut more than halfway to the midrib "	"Thomasia quercifolia"
5	"Stipules absent or extremely reduced; lobes of leaf cut less than halfway to midrib "	"Thomasia foliosa"
6	"Leaves small, less than 1.5 cm long, silvery, scaly below and with brown dots, cordate to almost round at the base "	"Thomasia pygmaea"
6	"Leaves mostly more than 1.5 cm long, narrowly oblong to linear or lanceolate"	7
7	"Leaves mostly more than 4 cm long, the tip tapering to a point "	"Thomasia rhynchocarpa"
7	"Leaf blades mostly less than 4 cm long "	8
8	"Leaves mostly less than 1.5 cm long, margin irregularly toothed "	"Thomasia purpurea"
8	"Leaves mostly more than 1.5 cm long, oblong to narrowly elliptic, sometimes arrow-shaped "	9
9	"Leaves with scattered star-shaped hairs, margins not or slightly recurved; flowers more than 2 cm wide "	"Thomasia grandiflora"
9	"Leaves covered with star-shaped hairs, margins strongly recurved; flowers less than 1.5 cm wide "	"Thomasia petalocalyx"
