from	statement	to
1	"Spikelets paired or in groups of 3 at the nodes"	2
1	"Spikelets solitary at the nodes of spike or raceme"	3
2	"Flowering axis fragile, easily separating beneath each triad at maturity; lateral spikelets sterile"	Critesion
2	"Flowering axis tough, triads persistent; lateral spikelets male or bisexual"	Hordeum
3	"Plants perennial; spikes distichous; grain remaining enclosed between lemma and palea"	Elymus
3	"Plants annual; spikes more or less cylindric; grain falling free from lemma and palea at maturity"	4
4	"Spikelet with 2 florets; lemma keel with comb-like spines"	Secale
4	"Spikelet with 2–6 florets; lemma keel rough"	Triticum
