from	statement	to
1	"Plants prostrate or floating"	2
1	"Plants shrubby or more or less erect"	3
2	"Leaves mostly less than 2 cm long"	"Ludwigia arcuata"
2	"Leaves to 10 cm long"	"Ludwigia L. peploides subsp. montevidensis"
3	"Leaves linear to narrowly elliptic, to 20 cm long"	"Ludwigia longifolia"
3	"Leaves ovate to elliptic, less than 12 cm long"	4
4	"Leaves alternate; flowers with petals; stamens twice as many as sepals; fruit 1–2 cm long"	"Ludwigia peruviana"
4	"Leaves opposite; flowers without petals; stamens as many as sepals; fruit 2–5 mm long"	"Ludwigia palustris"
