from	statement	to
1	"Leaves blunt"	2
1	"Leaves with a sharp point or blunt but with a mucronate tip"	4
2	"Leaves linear,1–1.5 mm wide; margins rolled under"	"Lambertia ericifolia"
2	"Leaves not linear, more than 1.5 mm wide; margins not rolled under"	3
3	"Leaves ovate to spoon-shaped, 3–7 mm wide"	"Lambertia inermis"
3	"Leaves orbicular 15–20 mm wide"	"Lambertia orbifolia"
4	"Inner bracts less than half the length of the unopened flower; flowers 2.5–3 cm long, green at the tip"	"Lambertia multiflora"
4	"Inner bracts more than half the length of the unopened flower; flowers mostly about 4.5 cm long, not green at the tip"	"Lambertia formosa"
