from	statement	to
1	"Plants prostrate or mat-forming with relatively few (less than 30) flowers per cluster or solitary"	2
1	"Stems mostly ascending, more than 30 cm tall with flowers numerous in open branching clusters "	3
2	"Leaves spoon-shaped, greyish (Cerastium-like) "	"Gypsophilum cerastioides"
2	"Leaves linear to linear-lanceolate, green "	"Gypsophilum repens"
3	"Annual; flower stalks more than 1 cm long, petals more than 5 mm long "	"Gypsophilum elegans"
3	"Perennial; flower stalks less than 1cm long, petals less than 5 mm long "	"Gypsophilum paniculata"
