from	statement	to
1	"Ligules yellow; inflorescences usually with more than 15 capitula"	2
1	"Ligules white or pinkish; inflorescences with 1 or many capitula"	6
2	"Leaves on middle part of stem apparently terete, leaflets in more than 1 plane"	"Achillea tomentosa"
2	"Leaves on middle part of stem flat, leaflets all in 1 plane"	3
3	"Leaves on middle part of stem toothed"	"Achillea ageratum"
3	"Leaves on middle part of stem divided"	4
4	"Lobes of basal leaves with lanceolate, rounded teeth; basal leaves twice or thrice divided"	"Achillea coarctata"
4	"Lobes of basal leaves with ovate, pointed teeth; basal leaves once or twice divided"	5
5	"Leaves distinctly dotted with glands"	"Achillea filipendulina"
5	"Leaves not distinctly dotted with glands"	"Achillea clypeolata"
6	"Capitula usually solitary"	"Achillea ageratifolia"
6	"Capitula usually in corymbs"	7
7	"Ligules pink"	"Achillea millefolium"
7	"Ligules white"	8
8	"Leaves entire or divided less than halfway to midvein"	"Achillea ptarmica"
8	"Leaves divided more than halfway to midvein"	9
9	"Ligules less than 3 mm long"	"Achillea millefolium"
9	"Ligules 3–6 mm long"	10
10	"Stems to 15 cm tall; capitula mostly 3–6 per inflorescence"	"Achillea umbellata"
10	"Stems to 40 cm tall; capitula mostly 6–25 per inflorescence"	"Achillea clavennae"
