from	statement	to
1	"Flowers in a dense spike "	"Primula vialii"
1	"Flowers solitary or in a head "	2
2	"Flowers arranged in tiers above one-another in the flower head"	3
2	"Flowers solitary or in untiered heads "	4
3	"Leaves cordate and stalked "	"Primula malacoides"
3	"Base of leaf drawn out into an elongated, winged leaf stalk; flowers 2.5 cm wide or more "	"Primula japonica"
4	"Leaves cordate and stalked "	5
4	"Leaf with a conspicuous margin; base drawn out into an elongated, winged leaf stalk "	"Primula auricula"
5	"Leaves ovate to roundish "	6
5	"Leaves elongated (petals folded at the mouth) "	"Primula veris"
6	"Plant hairy; teeth of calyx extremely small "	"Primula obconica"
6	"Plant hairless; teeth of calyx about one third the length of the flower tube "	"Primula florindae"
