from	statement	to
1	"Well developed inflorescences with 1–7 flowers"	2
1	"Well developed inflorescences with 8 or more flowers"	3
2	"Stems not producing distinct pseudobulbs"	"Cymbidium erythrostylum"
2	"Stems thickened into distinct pseudobulbs"	"Cymbidium lancifolium"
3	"Stems not producing distinct pseudobulbs"	"Cymbidium suave"
3	"Stems thickened into distinct pseudobulbs"	4
4	"Pseudobulbs compact, to 4 cm long"	5
4	"Pseudobulbs elongate, longer than 4 cm"	6
5	"Labellum white with maroon blotches; inflorescence arching"	"Cymbidium floribundum"
5	"Labellum purple with darker side lobes; inflorescences pendent"	"Cymbidium devonianum"
6	"Flowers 7–15 cm wide"	7
6	"Flowers to 4 cm wide"	8
7	"Sepals and petals greenish with prominent rusty-brown longitudinal stripes; labellum yellow with reddish spots"	"Cymbidium traceyanum"
7	"Sepals and petals greenish with obscure rusty-brown longitudinal stripes; labellum white or yellow with a deep red V shaped blotch on tip of midlobe"	"Cymbidium lowianum"
8	"Leaves olive- or grey-green, fleshy, deeply grooved; labellum lamina with 2 keels"	"Cymbidium canaliculatum"
8	"Leaves bright green, leathery, not deeply grooved; labellum without keels"	"Cymbidium madidum"
