from	statement	to
1	"Petals white, cream or yellow; fruit mostly 2-valved"	2
1	"Petals dark maroon; fruit mostly 3-valved"	8
2	"Single or few flowers and later fruit appearing in the leaf axils on short shoots; short shoots often spiny"	3
2	"Rarely single flowers, usually at least 3 or more flowers in bunches at ends of branches; short shoots absent"	5
3	"Rounded trees and shrubs, spines present; branches not weeping; fruit not opening, without valves; seeds immersed in liquid resin"	4
3	"Narrow trees without spines; branches conspicuously weeping; fruit capsular, opening with 2 valves; seeds cohering in a sticky resinous mass"	"Pittosporum angustifolium"
4	"Small trees with spines becoming rare; leaf margins entire without spines; fruit greenblack "	"Pittosporum lancifolium"
4	"Multi-stemmed shrubs always with spines; leaves angular-obovate, toothed, pungent; fruits orange and minutely pitted like orange peel"	"Pittosporum multiflorum"
5	"Tiny white star-flowers massed in panicles; petals free, spreading from base, not forming  a floral tube; fruits numerous, globular, thin-walled; less than 10 mm wide"	"Pittosporum eugenioides"
5	"Fewer and larger tubular flowers mostly in terminal umbels; fruits also fewer, ovate and mostly thick-walled, becoming woody"	6
6	"Trees and tallish shrubs to 5 m plus; mostly without hairs; fruit thick but not secondarily thickened or warty; seeds inserted in 2 rows in each chamber"	7
6	"Shrubs less than 4 m high; most plant parts with a dense indumentum of golden brown hairs; fruits very woody, very thick and warty; copious seeds inserted in 4 rows each chamber"	"Pittosporum revolutum"
7	"Trees; leaves thin, wavy; pistil with distinct receptacle disk; stamens of equal heights, not stuck to petal joins; fruit usually 2-valved"	"Pittosporum undulatum"
7	"Shrubby to 5 m high; leaves thick, leathery; pistil on wider receptacle, no disk; stamens at different heights, stuck to petal joins; fruit 2- and 3-valved"	"Pittosporum tobira"
8	"Flowers in bunches at ends of branches; leaves thick, leathery, margins thick and downturning, with a dense indumentum on the under surface obscuring the venation"	9
8	"Single or few flowers and fruit in leaf axils on short shoots; leaves thin, margins flat and undulate; both leaf surfaces rapidly without hair"	"Pittosporum tenuifolium"
9	"Leaves almost oblong with the base narrowing abruptly into the stalk; leaf margins down-turned rather than curved under"	"Pittosporum ralphii"
9	"Leaves obovate with bases wedge-shaped, tapering into stalk; margins curving under"	"Pittosporum crassifolium"
