from	statement	to
1	"Stems distinctly winged (not just angled)"	"Dampiera alata"
1	"Stems not winged but sometimes angled"	2
2	"Stems 3-angled; leaves linear to elliptic"	3
2	"Stems cylindrical or ribbed"	4
3	"Corolla and fruit with rust-coloured hair"	"Dampiera stricta"
3	"Hair, where present, not rust-coloured"	"Dampiera trigona"
4	"Leaves succulent, linear or cylindrical"	"Dampiera teres"
4	"Leaves flat or with the margins turned under"	5
5	"Leaves stalked"	"Dampiera hederacea"
5	"Leaves stalkless or stalks very short"	6
6	"Stems without pronounced ribbing; leaves 1.5–4 cm long, hairless"	"Dampiera linearis"
6	"Stems ribbed; leaves various, lower surface hairy"	7
7	"Leaves to 2 cm long, the margins curled under and lower surface woolly-hairy"	"Dampiera lavandulacea"
7	"Leaves mostly 2–5 cm long, to 4 cm wide, margins hardly curled under, hair short"	"Dampiera purpurea"
