from	statement	to
1	"Calyx tubular,with 5 equal lobes"	2
1	"Calyx 1- or 2-lipped; if 5-lobed then lobes of lower lip differing from those of the upper lip in shape or size"	3
2	"Corolla 2-lipped for about a third of its length, pink, white or purple; at least 2 stamens, usually protruding; spikes loose to compact"	"Origamum vulgare"
2	"Corolla 2-lipped for about a sixth of its length, purple; stamens not protruding; spikes loose (bracts not overlapping much)"	"Origamum laevigatum"
3	"Calyx virtually 1-lipped, bract-like; leaves obtuse, velvety"	"Origamum majorana"
3	"Calyx 2-lipped, not bract like; leaves acute, glabrous or hairy"	4
4	"Bracts more than 9 mm long, differing in texture from the cordate leaves"	5
4	"Bracts less than 8 mm long, similar in texture to the ovate leaves"	7
5	"Leaves hairless above, ciliate"	"Origamum rotundifolium"
5	"Leaves densely hairy"	6
6	"Leaf hairs branched, about 2 mm long"	"Origamum dictamnus"
6	"Leaf hairs unbranched, about 1mm long"	"Origamum ‘Barbara Tingey’"
7	"Ascending to prostrate subshrub, leaves glabrous above, spikes loose, bracts glabrous, purplish, flowers pink"	"Origamum ‘Santa Cruz’"
7	"Erect perennial or subshrub, leaves shortly hairy, spikes dense, bracts hairy, green, flowers white"	"Origamum majorana × O. vulgare"
