from	statement	to
1	"Leaves evergreen; flowers several per stem, red, purple, blue or white "	"Mecronopsis napaulensis"
1	"Leaves deciduous; flowers yellow, orange, mauve or white "	2
2	"Flowers yellow or orange, solitary, less than 5 cm wide "	"Mecronopsis cambrica"
2	"Flowers more than 5 cm wide, mauve or white (rarely red)"	3
3	"Leaves more or less oblong in outline, strongly toothed and sometimes lobed with a few bristles; petals mostly 4 "	"Mecronopsis betonicifolia"
3	"Leaves variable but covered with stout pungent spines; petals 4–8 "	"Mecronopsis horridula"
