from	statement	to
1	"Filament attached to base of anther; fruit fleshy, indehiscent "	2
1	"Filament attached near centre of anther; fruit a dehiscent woody capsule "	3
2	"Leaves clustered or in whorls at the end of branches; anthers without bristles"	Ternstroemia
2	"Leaves alternate, 2-ranked; anthers with bristles "	Cleyera
3	"Leaves deciduous "	4
3	"Leaves evergreen "	5
4	"Flowers stalked; fruit splitting longitudinally along the ribs "	Stewartia
4	"Flowers more or less stalkless; fruit splitting at apex and base "	Franklinia
5	"Seeds not winged; flowers not or hardly stalked, white, yellow or shades and patternings of pink or reddish pink"	Camellia
5	"Seeds winged; flowers distinctly stalked, white "	Gordonia
