from	statement	to
1	"Central spines hooked at the tip; flowers yellow, red in the throat; fruit bright red "	"Thelocactus setispinus"
1	"Central spines not hooked at the tip; flowers not as above; fruits green to brown or purple "	2
2	"Flowers of 2 or 3 colours (magenta or white, and red throat) "	"Thelocactus bicolor & vars."
2	"Flowers of 1 colour or at least the throat not differently coloured "	3
3	"Bodies in clusters "	4
3	"Bodies solitary "	6
4	"Extrafloral nectaries present as spots on areole; flowers yellow, violet or carmine "	"Thelocactus leucacanthus"
4	"Extrafloral nectaries absent; flowers magenta or white "	5
5	"Flowers magenta; ribs indistinct; radial spines 15–25, white "	"Thelocactus macdowellii"
5	"Flowers more or less white; ribs distinct; radial spines 5–12 brownish to grey "	"Thelocactus tulensis"
6	"Radial spines 10–25 "	7
6	"Radial spines less than 10 "	8
7	"Flowers magenta; spines numerous, white at first; central spines mostly less than 2.5 cm long "	"Thelocactus macdowellii"
7	"Flower colour variable; spines not white at first or forming dense cover; central spines 15 cm long"	"Thelocactus conothelos"
8	"Flowers less than 5.5 cm wide; tubercles conical "	"Thelocactus rinconensis"
8	"Flowers large, more than 5.5 cm wide; tubercles rounded or conical "	9
9	"Tubercles rounded; ribs distinct; central spines 1(–3) "	"Thelocactus heterochromus"
9	"Tubercles conical; ribs indistinct; central spines 3–7 "	"Thelocactus tulensis"
