from	statement	to
1	"Capitula grouped into compound heads"	2
1	"Capitula not grouped into compound heads"	6
2	"Capitula diskiform, few together"	Gnaphalium
2	"Capitula diskoid,many together"	3
3	"Achenes glabrous or warty"	Calocephalus
3	"Achenes hairy"	4
4	"Achenes with sparse glandular hairs"	Leucophyta
4	"Achenes with dense simple hairs"	5
5	"Capitula usually stalked; involucral bracts colourless"	Craspedia
5	"Capitula sessile; involucral bracts yellow"	Pycnosorus
6	"Outer florets ligulate"	Podolepis
6	"Outer florets not ligulate"	7
7	"Pappus absent or consisting of a short cup with 2 protruding spines; receptacle scales present"	8
7	"Pappus present, of barbed or feathery bristles; receptacle scales present or absent"	9
8	"Plant a herb with a basal rosette; pappus a short cup with 2 long woody spines; receptacle scales jagged at apex"	Ammobium
8	"Plant a shrub without a basal rosette; pappus absent; receptacle scales entire at apex"	Ixodia
9	"Receptacle with long scales or hairs"	10
9	"Receptacle naked"	13
10	"Capitula solitary"	11
10	"Capitula in clusters"	12
11	"Outer florets purple; leaves small, triangular, concave,with margins rolled inwards"	Edmondia
11	"Outer florets yellow; leaves not as above"	Helichrysum
12	"Plant a shrub with woody stems"	Cassinia
12	"Plant a herb or small shrub, sometimes woody at base only"	Helichrysum
13	"Outer florets purple"	Ewartia
13	"Outer florets yellow or absent"	14
14	"Capitula of 2 types, either with few inner male florets and many outer female florets or with many inner male florets and few outer female florets"	Anaphalis
14	"Capitula all similar"	15
15	"Florets all similar (capitula diskoid)"	16
15	"Florets of 2 types (capitula diskiform)"	19
16	"Outer achenes glabrous"	Leucochrysum
16	"Outer achenes with warts or hairs"	17
17	"Plant a shrub; achenes with short, clubbed, wart-like twin protuberances"	Ozothamnus
17	"Plant an annual herb; achenes with long twin hairs"	18
18	"Pappus bristles joined at base; outer involucral bracts not wholly brownish"	Rhodanthe
18	"Pappus bristles free at base; outer involucral bracts wholly brownish"	Schoenia
19	"Pappus bristles in several rows"	Raoulia
19	"Pappus bristles in a single row"	20
20	"Inflorescences consisting of capitula in flat-topped terminal corymbs surrounded by a whorl of white-woolly leaf-like bracts"	21
20	"Inflorescences not as above"	22
21	"Outer florets outnumbering inner florets"	Leontopodium
21	"Outer florets fewer than inner florets"	Leucogenes
22	"At least outer involucral bracts with ciliate margins"	23
22	"Involucral bracts without ciliate margins"	24
23	"Achene with a distinct beak or narrow neck below pappus; florets longer than the involucre"	Leptorhynchos
23	"Achene without a beak or neck; florets about as long as involucre"	Chrysocephalum
24	"Achenes cylindrical, sparsely hairy; pappus bristles joined at base"	Ixiolaena
24	"Achenes more or less 4-sided, glabrous; pappus bristles not joined at base"	Bracteantha
