from	statement	to
1	"Blade undivided or lobed at the base only"	2
1	"Blade divided"	6
2	"Frond 'eared' and heart-shaped (cordate) at the base; sori double"	"Asplenium scolopendrium"
2	"Frond not 'eared' or cordate at the base; sori single"	3
3	"Frond stalk not winged, veins making narrow  angle with midrib, tip mostly with plantlets"	"Asplenium attenuatum"
3	"Stalk winged or absent, veins wide-angled, tip without plantlets"	4
4	"No vein running along and just inside the segment margin, veins free; fronds to 70 cm long and 1.5-3.5 cm wide"	"Asplenium simplicifrons"
4	"Veins running along and just inside segment margins; fronds to 1.5 m long and 20 cm wide"	5
5	"Midrib ridged on lower surface; sori mostly covering one half to two-thirds of the vein"	"Asplenium australasicum"
5	"Midrib rounded on lower surface; sori mostly (not always) covering half or less of vein"	"Asplenium nidus"
6	"Sterile and fertile fronds clearly different"	"Asplenium dimorphum"
6	"Sterile and fertile fronds similar"	7
7	"Frond divided once"	8
7	"Fronds divided 2-4 times"	13
8	"Fronds more or less linear in outline"	9
8	"Fronds not linear in outline"	11
9	"Segments mostly more than 2 cm long, long-pointed to 10 cm or so long, doubly toothed"	"Asplenium polyodon"
9	"Segments less than 2 cm long"	10
10	"Fronds drooping; ultimate segments fan-shaped to about 1.5 cm long with large marginal teeth"	"Asplenium flabellifolium"
10	"Fronds erect; ultimate segments oblong to elliptic to 1 cm long, hardly toothed"	"Asplenium trichomanes"
11	"Fronds with extremely scaly stalks and main axes"	"Asplenium paleaceum"
11	"Frond stalks and axes sometimes scaly but not densely so"	12
12	"Scales on stalk and blade curly,hair-like; frond glossy above, mostly more than 30 cm long, leathery,not fleshy"	"Asplenium oblongifolium"
12	"Scales of stalk and blade mostly ovate; frond dull above, mostly less than 30 cm long, thick and fleshy"	"Asplenium obtusatum"
13	"Fronds with bulbils on the upper surface"	14
13	"Fronds without bulbils"	16
14	"Side branches with simple paired segments, only upper basal ones further divided (see illustration)"	"Asplenium belangeri"
14	"Side branches with many segments further lobed and divided"	15
15	"Fronds more or less erect divided into extremely fine linear segments; scales linear to hair-like"	"Asplenium viviparum"
15	"Frond arching, segments fine but clearly flattened in parts; scales ovate at the base"	"Asplenium bulbiferum"
16	"Sori 1-2 mm long on linear segments that are swollen at the sori"	"Asplenium shuttleworthianum"
16	"Sori more than 2 mm long; segments not swollen at sori"	17
17	"Side branches with simple paired segments, upper basal ones further divided (see illustration)"	"Asplenium belangeri"
17	"Side branches of fronds not as above"	18
18	"Veins conspicuous, raised, running to segment teeth and with a finely-ridged, striped appearance"	19
18	"Frond segments without a striated appearance"	20
19	"Blade divided 3-4 times, mostly more than 50 cm long (to over 2 m long)"	"Asplenium laserpitiifolium"
19	"Blade divided 2-3 times, mostly less than 50 cm long"	"Asplenium aethiopicum"
20	"Fronds thin; sori 2-4 mm long"	21
20	"Fronds thick or fleshy; sori 2-8 mm long"	22
21	"Fronds mostly with less than 15 pairs of branches; secondary branches stalked; frond stalk thin"	"Asplenium hookerianum"
21	"Fronds with more than 15 pairs of side-branches; secondary branches not or hardly stalked; frond stalk quite thick"	"Asplenium bulbiferum"
22	"Fronds pendent, divided 1 or 2 times at the base; secondary branches more or less linear and similar"	"Asplenium flaccidum"
22	"Fronds erect, divided 2-3 times at the base; secondary branches getting smaller towards branch tips"	"Asplenium terrestre"
