from	statement	to
1	"Pseudobulbs bearing a single leaf"	"Cattleya labiata"
1	"Pseudobulbs bearing 2 or more leaves"	2
2	"Labellum with an undulate or shallowly lobed lamina"	3
2	"Labellum prominently 3-lobed"	4
3	"Sepals and petals pink to magenta; labellum ovate, margins undulate, base tubular"	"Cattleya bowringiana"
3	"Sepals and petals green with brownish suffusions; labellum oblong, 2-lobed at tip, base not tubular"	"Cattleya bicolor"
4	"Labellum midlobe prominently clawed"	"Cattleya guttata"
4	"Labellum midlobe stalkless or very shortly clawed"	5
5	"Labellum side lobes pointed at tip"	"Cattleya amethystoglossa"
5	"Labellum side lobes rounded at tip"	6
6	"Labellum widest wide midlobe"	"Cattleya aclandiae"
6	"Labellum widest wide side lobes"	7
7	"Petals and sepals olive-brown or yellow-green"	"Cattleya forbesii"
7	"Petals and sepals pink, lilac or purplish"	8
8	"Margins of side lobes often strongly curved backwards; lateral sepals and petals unspotted at base"	"Cattleya harrisoniana"
8	"Margins of side lobes not strongly curved backwards; lateral sepals and petals spotted at base"	"Cattleya loddigesii"
