from	statement	to
1	"Spikelets unisexual with male and female spikelets in separate inflorescences or in different parts of the same inflorescence"	2
1	"Spikelets, or at least one of each pair, bisexual"	3
2	"Internode broader than and enclosing female spikelet; seed head a corn cob"	Zea
2	"Internode narrower than and enclosed by female spikelet; fruits round and hard"	Coix
3	"Stalked spikelet similar to the stalkless one"	4
3	"Stalked spikelet different from stalkless one in shape and sex"	12
4	"Inflorescence a panicle with elongated central axis"	5
4	"Inflorescence of single or sub-digitate racemes"	7
5	"Raceme axis fragile; one spikelet of the pair sessile"	Saccharum
5	"Raceme rachis tough; both spikelets stalked"	6
6	"Plants large, usually at least 1 m tall; inflorescence a loose, feathery panicle"	"Miscanthus sinensis"
6	"Plants less than 1 m tall; panicle contracted and spike-like"	Imperata
7	"Awned bisexual floret bordered by a pair of unawned male spikelets, the three surrounded by an involucre of 4 male or sterile spikelets; each aggregate of 7 spikelets with a spathe-like bract and several of these combined into a stalked nodding cluster within a sparse panicle"	Themeda
7	"Spikelets in pairs (lower stalkless, upper shortly stalked)"	8
8	"Both spikelets in each pair awned and fertile; glumes covered with silky brown hairs"	Eulalia
8	"Only the stalkless spikelet awned and fertile"	9
9	"Inflorescence a loose or dense panicle; spikelets plump at maturity"	Sorghum
9	"Inflorescence of 2 or more narrow spike-like racemes; spikelets strongly dorsally flattened, not plump at maturity"	10
10	"Racemes paired, one or more pairs arising from axil of a spathe-like bract"	Cymbopogon
10	"Racemes 2–6, erect or nodding, not subtended by spathe-like bracts"	11
11	"Nodes of culm encircled by dense silky hairs 2 mm or more long; glumes not pitted"	Bothriochloa
11	"Nodes of culm hairless or with sparse hairs to 1 mm long; glume of lower floret of each spikelet pair often deeply pitted on the back"	Dichanthium
12	"Both spikelets in each pair awned and fertile; glumes covered with silky brown hairs"	Eulalia
12	"Only the stalkless spikelet awned and fertile"	13
13	"Inflorescence a loose or dense panicle; spikelets plump at maturity"	Sorghum
13	"Inflorescence of 2 or more narrow spike-like racemes; spikelets strongly dorsally flattened, not plump at maturity"	14
14	"Racemes paired, one or more pairs arising from axil of a spathe-like bract"	Cymbopogon
14	"Racemes 2–6, erect or nodding, not subtended by spathe-like bracts"	15
15	"Nodes of culm encircled by dense silky hairs 2 mm or more long; glumes not pitted"	Bothriochloa
15	"Nodes of culm hairless or with sparse hairs to 1 mm long; glume of lower floret of each spikelet pair often deeply pitted on the back"	Dichanthium
