from	statement	to
1	"Leaves less than 3 mm wide"	2
1	"Leaves more than 3 mm wide"	8
2	"Leaves less than 4 cm long"	3
2	"Leaves more than 4 cm long"	7
3	"Flowers red"	4
3	"Flowers yellow"	5
4	"Anthers crimson"	"Callistemon subulatus"
4	"Anthers yellow"	"Callistemon pearsonii"
5	"Branches flexuous; leaves 2–5 cm long, 2–5 mm wide"	"Callistemon sieberi"
5	"Branches stiff; leaves 1–3 cm long"	6
6	"Leaves 2–3 mm wide; flower spike 3–4 cm wide"	"Callistemon viridiflorus"
6	"Leaves 0.75–1.5 mm wide; flower spike less than 3 cm wide"	"Callistemon pityoides"
7	"Flowers yellow-green (rarely red); leaves terete or channelled, rough with oil glands"	"Callistemon pinifolius"
7	"Flowers red; leaves flat or channelled, not or scarcely rough"	"Callistemon linearis"
8	"Flowers yellow or green"	9
8	"Flowers red, pink or lilac"	12
9	"Fruit width more than 5.5 mm"	"Callistemon pachyphyllus"
9	"Fruit width less than 5.5 mm"	10
10	"Spike width less than 3 cm"	"Callistemon sieberi"
10	"Spike width mostly 3–3.5 cm (occasionally more)"	11
11	"Bark mostly papery; new growth a pronounced purplish red; leaves willow-like, tapering from the centre"	"Callistemon salignus"
11	"Bark persistent; new growth green to pale bronze; leaves elliptic to oblanceolate"	"Callistemon pallidus"
12	"Flowers red"	13
12	"Flowers pink or lilac"	21
13	"Stamens fused into a ring at the base or into 5 irregular bundles"	14
13	"Stamens free"	15
14	"Stamens fused into a ring at the base"	"Callistemon viminalis"
14	"Stamens united into 5 irregular bundles"	"Callistemon glaucus"
15	"Leaves linear"	16
15	"Leaves not linear"	17
16	"Fruits less than 6 mm wide"	"Callistemon subulatus"
16	"Fruits more than 6 mm wide"	"Callistemon rigidus"
17	"Leaves mostly more than 1 cm wide"	"Callistemon comboynensis"
17	"Leaves mostly less than 1 cm wide"	18
18	"Fruit 7–8 mm wide; spikes generally broader than long"	"Callistemon montanus"
18	"Fruit mostly less than 7 mm wide; spikes longer than broad"	19
19	"Leaf surfaces rough with gland dots; anthers yellow"	"Callistemon rugulosus"
19	"Leaf surfaces and anthers not as above"	20
20	"Leaves abruptly narrowed at tip, veins obscure"	"Callistemon pachyphyllus"
20	"Leaves not abruptly narrowed at tip, veins evident"	"Callistemon citrinus"
21	"Leaves less than 5 mm wide"	"Callistemon sieberi"
21	"Leaves more than 5 mm wide"	"Callistemon pallidus or C. citrinus"
