from	statement	to
1	"Leaves evergreen "	2
1	"Leaves deciduous "	8
2	"Flowers and fruits in clusters on the old wood "	3
2	"Flowers and fruits solitary or in solitary stalked clusters on the new wood "	7
3	"Leaves all entire, blunt but with a small point "	"Ilex integra"
3	"At least some of the leaves with spiny teeth or the tip spined "	4
4	"Leaves more or less rectangular, leaves often 3-spined at the tip and 2-spined at the base "	"Ilex cornuta"
4	"Leaves ovate, elliptic or lanceolate "	5
5	"Leaves bluish, relatively small "	"Ilex ×meserveae"
5	"Leaves distinctly green "	6
6	"Leaves tough, glossy, brittle, with a few strongly spiny teeth on wavy edges "	"Ilex aquifolium"
6	"Leaves relatively thin, generally larger and spineless or with more numerous regular spines on more or less flat margins "	Ilex×altaclerensis
7	"Leaves spiny-toothed, dull,mostly more than 5 cm long; fruit red "	"Ilex opaca"
7	"Leaves mostly less than 3.5 cm long and with small rounded teeth; fruit black "	"Ilex crenata"
8	"Leaves to about 7 cm long, hairy, at least on the veins below; flower parts 5–8 "	"Ilex verticillata"
8	"Leaves mostly 7–10 cm long; flower parts 4 "	"Ilex paraguariensis"
