from	statement	to
1	"Flowers funnel-, bell- or trumpet-shaped"	2
1	"Flowers widely open and more or less bowl shaped"	9
2	"Nectary grooves hairy"	3
2	"Nectary grooves lacking hairs"	5
3	"Anther filaments hairy"	4
3	"Anther filaments smooth"	"Lilium philippinense"
4	"Nectary furrows with warts"	"Lilium formosanum"
4	"Nectary furrows lacking warts"	"Lilium L. leucanthum var. centifolium"
5	"Leaves (at least lower ones) in whorls"	6
5	"Leaves scattered along the stem"	7
6	"Flowers funnel- or trumpet-shaped; stem roots absent"	"Lilium parryi"
6	"Flowers bell-shaped; stem roots present"	"Lilium canadense"
7	"Stems hairy"	"Lilium regale"
7	"Stems smooth"	8
8	"Stem roots present; flowers generally few (1–6)"	"Lilium longiflorum"
8	"Stem roots absent; flowers generally more numerous (5–20)"	"Lilium candidum"
9	"Petals not strongly recurved; flowers bowl-shaped"	"Lilium auratum"
9	"Petals very strongly recurved; flowers Turk’s cap-shaped"	10
10	"Flowers white, pink or purple"	11
10	"Flowers yellow, orange or red"	12
11	"Leaves in whorls"	"Lilium martagon"
11	"Leaves scattered along the stem"	"Lilium speciosum"
12	"Nectary grooves with hairs or warts"	13
12	"Nectary grooves without hairs"	16
13	"Perianth segments with basal warts"	14
13	"Perianth segments without basal warts"	"Lilium pumilum"
14	"Bulbils present"	"Lilium henryi"
14	"Bulbils absent"	15
15	"Stems and nectaries hairless"	"Lilium L. pyrenaicum subsp. carniolicum"
15	"Stems and nectaries hairy"	"Lilium lancifolium"
16	"Leaves scattered along the stem, hairy"	Lilium×testaceum
16	"Leaves whorled, hairless"	"Lilium occidentale"
