from	statement	to
1	"Climbing plants"	2
1	"Trees, shrubs or herbs"	12
2	"Ovary with 1 chamber"	Eccremocarpus
2	"Ovary with 2 chambers"	3
3	"Plants deciduous, generally with clasping aerial roots"	Campsis
3	"Plants usually evergreen; aerial roots, if present, not used for attachment"	4
4	"Leaves pinnate; leaflets more than 3 on mature branches; tendrils absent (or not used for climbing)"	5
4	"Leaves in 3s, sometimes one of the 3 leaflets modified to form a clasping tendril"	8
5	"Plant a scrambling climber; flowers distinctly irregular; stamens protruding from the flower mouth"	Tecomaria
5	"Plants clearly climbing; flowers slightly irregular; stamens not protruding from mouth of flower"	6
6	"Calyx slightly inflated; leaflets with saw-toothed margins (sometimes teeth few)"	Podranea
6	"Calyx not inflated; leaflet margins entire or shallowly scalloped"	7
7	"Flower cluster axillary; calyx teeth over 5 mm long"	Tecomanthe
7	"Flower clusters mostly terminal; calyx teeth less than 2 mm long"	Pandorea
8	"Tendrils unbranched"	9
8	"Tendrils branched into 3"	10
9	"Flower hairless, with darker veins inside; seed capsules prickly"	Clytostoma
9	"Flower hairy, not darker-veined inside; seed capsules not prickly"	"Saritaea (Arrabidaea)"
10	"Tendrils claw-like; lobes of flower tube about half as long as the tube"	"Macfadyena (Doxantha)"
10	"Tendrils not claw-like; flower lobes several times shorter than the tube"	11
11	"Flowers orange, the lobes attached edge to edge in bud and the margins hairy; anthers protruding slightly from the flower"	Pyrostegia
11	"Flowers orange-red; flower lobes not as above; anthers within the flower"	"Distictis (Phaedranthus)"
12	"Herbs; anther with the sac-connecting tissue clasping the style"	Incarvillea
12	"Shrubs or trees; anthers not as above"	13
13	"Leaves simple; flowers spotted inside"	Catalpa
13	"Leaves compound (pinnate or bipinnate); corolla unspotted"	14
14	"Trees; leaves pinnate or bipinnate"	15
14	"Shrubs; leaves pinnate"	17
15	"Leaves bipinnate with numerous leaflets; flowers mauve"	16
15	"Leaves pinnate with 9–19 leaflets; flowers scarlet to orange"	Spathodea
16	"Leaflets about 1 cm long; flowers mauve"	Jacaranda
16	"Leaflets to 5 cm long; flowers cream to yellow"	Radermachera
17	"Upright plant with the flowers slightly irregular; stamens inside flower tube"	Tecoma
17	"Scrambling to climbing plant; flowers clearly irregular; stamens protruding from flower tube"	Tecomaria
