from	statement	to
1	"Bodies 2 cm or less wide "	"Epithelantha micromeris var. polycephala"
1	"Bodies 2.5 cm or more wide "	2
2	"Roots distinctly tuberous "	"Epithelantha micromeris var. pachyrhiza"
2	"Roots fibrous "	3
3	"Lower radials blackish, at least twice as long as the others "	"Epithelantha micromeris var. unguispina"
3	"Spines of similar length "	4
4	"Spines untidily and irregularly upright "	"Epithelantha micromeris var. greggii"
4	"Spines closely pressed to body "	5
5	"Spines about 20; flower about 4.5 mm long "	"Epithelantha micromeris var. micromeris"
5	"Spines 35–38; flower 10–12 mm long "	"Epithelantha micromeris var. bokei"
