from	statement	to
1	"At least some leaves more than 5 cm long "	2
1	"Leaves less than 5 cm long "	5
2	"Climbing or scrambling shrub with flowers to 7 cm wide "	"Dilleniaceae - Group 2 scandens"
2	"Spreading or erect shrubs; flowers less than 5 cm wide "	3
3	"Leaf bases extending around the stem "	"Dilleniaceae - Group 2 perfoliata"
3	"Leaf bases sometimes clasping the stems but not extending all the way round"	4
4	"Leaves not eared at the base, margin toothed "	"Dilleniaceae - Group 2 dentata"
4	"Leaves stalkless, entire, eared at the base and stem clasping but not extending around stem "	"Dilleniaceae - Group 2 amplexicaulis"
5	"Leaves narrowing gradually to the base, tips with a few short teeth "	"Dilleniaceae - Group 2 cuneiformis"
5	"Leaves not as above "	6
6	"Leaves 2–3 cm wide "	"Dilleniaceae - Group 2 cunninghamii (H. bracteosa)"
6	"Leaves less than 2 cm wide "	7
7	"Leaves narrowly linear to almost cylindrical, about 1 mm wide "	"Dilleniaceae - Group 2 virgata"
7	"Leaves more than 2 mm wide "	8
8	"Leaves mostly widest towards the tip, 4–10 mm wide, not stem clasping "	"Dilleniaceae - Group 2 obtusifolia"
8	"Leaves linear to linear-oblong, stem clasping 2–7 mm wide "	"Dilleniaceae - Group 2 subvaginata"
