from	statement	to
1	"Flowers blue or pink, darkening or fading with age, not changing colour"	2
1	"Flowers cream-yellow, darkening with age and becoming blotched with dark blue or pink with sex phase change"	3
2	"Flowers with anthers as long as filaments, sometimes cohering at the tip"	"(Sollya group)"
2	"Flowers with anthers much shorter than filaments and not cohering"	"Billardiera volubila"
3	"Climbers and twiners; most plant parts rapidly glabrous; flowers green-yellow, often blotched dark blue with age"	4
3	"Shrubs, eventually climbing; most plant parts densely velvety-hairy; flowers canary yellow, becoming blotched pink with age"	"Billardiera scandens"
4	"Flowers 12–17 mm long, fruit bilocular, cylindrical, mostly glossy green with seeds embedded in fleshy pulp"	5
4	"Flowers 17–27 long; fruit 1-chambered, ovate, royal blue or purple, with thin, spongy skin and seeds free"	"Billardiera macrantha complex"
5	"Flowers and fruit mostly solitary, nodding on long, slender stalks"	"Billardiera mutabilis"
5	"Flowers and fruit in dense, terminal, flattened clusters, not nodding"	"Billardiera cymosa"
