from	statement	to
1	"Plants aquatic"	Ludwigia
1	"Plants terrestrial"	2
2	"Fruit short, nut-like or a berry, not splitting open at maturity"	3
2	"Fruit elongated, splitting at maturity"	4
3	"Herbs; flowers white, butterfly-like on long stems; fruit a nut"	Gaura
3	"Shrubs, usually with soft woody stems; flowers mostly showy, colourful and pendent; fruit a berry"	Fuchsia
4	"Seeds with a tuft of hair at one end"	Epilobium
4	"Seeds without a tuft of hair at one end"	5
5	"Stigma forming a head, sometimes almost hemispherical"	Camissonia
5	"Stigma 4-lobed"	6
6	"Petal tip often lobed or the base strongly narrowed; anthers attached at the base"	Clarkia
6	"Petal tip notched or toothed but base not narrowed; anthers attached at the centre"	Oenothera
