from	statement	to
1	"Leaves evergreen, distinctly rusty haired beneath "	"Magnolia grandiflora"
1	"Leaves deciduous, without rusty hairs beneath or hairs pale yellowish brown. "	2
2	"Anthers opening inwards; flowers not appearing before leaves; no sepal-like parts "	3
2	"Anthers opening sideways; flowers appearing before or at the same time as the leaves and/or with sepal-like parts"	6
3	"Flowers and fruits upright "	"Magnolia ×thompsoniana"
3	"Flowers and fruits pendent "	4
4	"Leaves with yellow and clear hairs below; branchlets deep red; all perianth segments white "	"Magnolia wilsonii"
4	"Leaves with rusty or clear hairs below; branchlets pale or silvery brown; outer perianth segments often tinged pink"	5
5	"Leaves broadly ovate with at least a few rusty hairs below "	"Magnolia M. sieboldii subsp. sieboldii"
5	"Leaves obovate or elliptic, hairs colourless"	"Magnolia M. sieboldii subsp. sinensis"
6	"Floral segments mostly of similar size, the outer ones petal-like, occasionally slightly shorter"	7
6	"Floral segments of different size, the outer ones more or less sepal-like and sometimes shed early"	14
7	"Perianth segments mostly 10–30, strap-like, about 0.5–1.5 cm wide "	"Magnolia stellata"
7	"Perianth segments mostly 5–15, more or less oblanceolate, about 1.5–8 cm wide "	8
8	"Leaves with 12 or more major vein pairs; inner perianth segments upright, enclosing the stamens "	9
8	"Leaves with less than 13 major vein pairs; inner perianth segments not  upright, stamens exposed"	10
9	"Perianth segments 12–16; fruits mostly 10–20 cm long; leaves hairless above "	"Magnolia campbellii"
9	"Perianth segments 7–10; fruits mostly 7–10 cm long; leaves with hairs on the veins above "	"Magnolia ×veitchii"
10	"Flowers more or less erect; leaf tips pointed "	11
10	"Flowers more or less horizontal; leaf tips rounded or notched "	13
11	"Perianth segments 9 (count scars of shed segments), tapering to broad bases "	12
11	"Perianth segments 12 (observe scars), tapering to narrow bases "	"Magnolia sprengeri"
12	"Perianth segments white, outer ones similar to those inside "	"Magnolia denudata"
12	"Perianth segments rarely white, outer face usually flushed purple, outer ones often more or less half length inner"	"Magnolia ×soulangeana"
13	"Tree. Perianth segments 9–12, pale pink outside; lower leaf surface more or less hairless "	"Magnolia dawsoniana"
13	"Shrubby. Perianth segments 12–14, purple-pink outside; lower leaf surface hairy "	"Magnolia sargentiana"
14	"Flowers appearing before the leaves; perianth segments white, sometimes pink to purple at the base or all over "	15
14	"Flowers appearing with the leaves; perianth segments purplish, greenish or yellow "	20
15	"Flowers persisting after the leaves appear; petal-like segments purple outside, white, pink or purple within "	16
15	"Flowers shed when the leaves appear; petal-like segments white on both surfaces, the base occasionally purplish or the outside pink "	17
16	"Stipule scars extending almost to the base of the leaf blades that are often decurrent (extending down the stem); hairs absent or only on the midvein "	"Magnolia liliiflora"
16	"Stipule scars small, basal; blade not decurrent, mostly hairy below "	"Magnolia ×soulangeana"
17	"Petal-like segments 12–33, strap-like, 0.5–1.5 cm wide; sepal-like segments soon shed "	"Magnolia stellata"
17	"Petal-like segments 5–15, 2–4.5 cm wide, sepal-like segments persisting at flowering "	18
18	"Lower leaf surface finely hairy all over or at least adjacent to midvein "	"Magnolia salicifolia"
18	"Lower leaf surface hairless or with hairs on veins and in vein axils "	19
19	"Petal-like segments generally 11–16 "	"Magnolia ×loebneri"
19	"Petal-like segments generally 5–8 "	"Magnolia kobus"
20	"Large shrub, petal-like perianth segments purple "	"Magnolia liliiflora"
20	"Tree or occasionally shrub; perianth segments green to yellow; branches more or less hairy "	"Magnolia M. acuminata subsp. subcordata"
