from	statement	to
1	"Leaves pinnate; flowers 4-parted; fruit with 4 chambers"	Francoa
1	"Leaves not pinnate; flowers 5-parted; fruit of 2–3 separate or united carpels"	2
2	"Leaves palmately lobed; flowers with petals absent"	Rodgersia
2	"Plants not as above"	3
3	"Petals fringed or cut into 3 or more deep lobes"	4
3	"Petals entire or absent"	5
4	"Sepals to 3 mm long; styles less than 1mm long"	Mitella
4	"Sepals 4–8 mm long; styles over 1mm long"	Tellima
5	"Stamens 3 or rarely 2; upper sepals longer than lower ones"	Tolmiea
5	"Stamens 4–10; sepals more or less the same length"	6
6	"Stamens mostly 5; petals small, often smaller than the sepals"	Heuchera
6	"Stamens mostly 6–10; petals longer than the sepals"	7
7	"Flowers with unequal carpels; fruit capsule with 1 chamber"	8
7	"Carpels more or less the same size; fruit capsule with 2–3 chambers"	9
8	"Flowers with 7–8 stamens, rarely 5"	×Heucherella
8	"Flowers with 10 stamens"	Tiarella
9	"Plants with fleshy rhizomes generally visible on the soil surface; leaves large, thick and roundish"	10
9	"Plants without fleshy rhizomes; leaves not as above"	11
10	"Leaves to 90 cm wide and with the stalk attached inside the leaf margin (peltate)"	"Astilboides tabularis"
10	"Leaves to about 15 cm wide and with a waxy feel, stalk attached at the margin"	Bergenia
11	"Leaves divided 2–4 times into 3; flowers small and numerous, several hundred together in dense clusters; petals long and thin"	Astilbe
11	"Leaves mostly entire or palmate, not divided as above; flowers fewer, in more open clusters"	Saxifraga
