from	statement	to
1	"Petals somewhat wider than sepals"	2
1	"Petals similar in width to sepals or narrower"	5
2	"Leaves purplish below; labellum midlobe with anchor-shaped appendages"	3
2	"Leaves green below; labellum midlobe with 2 tendril-like appendages"	4
3	"Flowers usually pink to purplish; lateral sepals with purplish spots at base"	"Phalaenopsis schilleriana"
3	"Flowers usually white; lateral sepals yellowish at base with reddish-brown spots"	"Phalaenopsis stuartiana"
4	"Flowers more than 7 cm wide"	"Phalaenopsis amabilis"
4	"Flowers to 7 cm wide"	"Phalaenopsis rosenstromii"
5	"Petals and sepals strongly horizontally barred with yellow, red, brown or purple"	6
5	"Petals and sepals not strongly barred"	8
6	"Petals much smaller than sepals; labellum midlobe anchor-shaped"	"Phalaenopsis cornu-cervi"
6	"Petals similar in size to sepals; labellum midlobe oblong to ovate"	7
7	"Petals broad-elliptic, about twice as long as wide, not clawed at base"	"Phalaenopsis amboinensis"
7	"Petals elliptic, more than twice as long as wide, distinctly clawed at base"	"Phalaenopsis lueddemanniana"
8	"Flowers mostly deep reddish-purple"	"Phalaenopsis pulchra"
8	"Flowers mostly white, pink or greenish with pink or purple suffusions"	9
9	"Labellum to 1.4 cm long; callus a shield-like flap extending over base of midlobe"	"Phalaenopsis equestris"
9	"Labellum 2 cm long or more; callus not as above"	"Phalaenopsis violacea"
