from	statement	to
1	"Leaves pinnate"	2
1	"Leaves simple"	3
2	"Leaflets 3–5 (early leaves of 1 leaflet)"	"Bryphyllum pinnatum"
2	"Leaflets 7 or more"	"Bryphyllum proliferum"
3	"Leaf blades more or less cylindrical"	"Bryphyllum delagoense"
3	"Leaf blades flattened"	4
4	"Leaf blade more than 10 cm long and 2.5 cm wide"	"Bryphyllum daigremontianum"
4	"Leaf blade less than 10 cm long and 2.5 cm wide"	5
5	"Stems and leaves mottled grey and green; blade more than 2 cm long"	"Bryphyllum daigremontianum × B. delagoense"
5	"Stems and leaves with mottling, pink-green; lamina more than 2 cm long"	"Bryphyllum fedtschenkoi"
