from	statement	to
1	"Leaves mostly more than 14 cm long"	2
1	"Leaves mostly less than 14 cm long"	10
2	"Cone scales with stout, spurred, talon-like projections (not just extending downwards as in P. roxburgii)"	3
2	"Cone scales smooth or with prickles"	4
3	"Shoots slender, mostly less than 1 cm thick; leaves grey-green, drooping; seed wing shorter than seed"	"Pinus sabiniana"
3	"Shoots stout, mostly 1 cm or more thick; leaves blue-green, erect; seed wing longer than seed"	"Pinus coulteri"
4	"Cone scales without prickles although the broad tips may extend downwards"	5
4	"Cone scales with prickles (sometimes minute)"	6
5	"Young shoots grey or brown; cone scale tips elongated downwards"	"Pinus roxburghii"
5	"Young shoots orange-yellow; cone scales blunt, not elongated downwards"	"Pinus canariensis"
6	"Cones curved, prickle minute"	"Pinus patula"
6	"Cones straight, prickle distinct"	7
7	"Buds more than 3 cm long; cones cylindric to conic (c. 3 times longer than wide)"	"Pinus palustris"
7	"Buds less than 2 cm long; cone more or less ovoid (to 2 times longer than wide)"	8
8	"Cones 4-10 cm long with a triangular backward-pointing prickle"	"Pinus taeda"
8	"Cones mostly more than 10 cm long, if spine present not triangular"	9
9	"Cones  mostly less than 15 cm long; young shoots greenish or brown; buds resinous, scales not free"	"Pinus ponderosa"
9	"Cones c. 15-25 cm long; young shoots waxy blue; buds not resinous, scale tips free"	"Pinus jeffreyi"
10	"Leaves less than 5 cm long, basal sheath curled backwards; cones with few scales and large seeds"	"Pinus quadrifolia"
10	"Leaves  more than 5 cm long; cones with many scales"	11
11	"Bark in thick dark plates; cones asymmetrical, scales at base of long side swollen"	12
11	"Bark pale, peeling in thin scales like a plane tree (Platanus); cones symmetrical"	13
12	"Leaves yellow-green; outer cone scales enlarged, sharp and pyramidal"	"Pinus attenuata"
12	"Leaves dark green; outer cone scales often with swollen (occasionally curved), rounded knobs"	"Pinus radiata"
13	"Leaves stiff and stout, well spaced on branchlets; cones less than 7 cm long"	"Pinus bungeana"
13	"Leaves slender, densely distributed; cones more than 10 cm long"	"Pinus gerardiana"
