from	statement	to
1	"Leaves white and waxy below "	Rhodoleia
1	"Leaves soft hairy or hairless below, not waxy white "	2
2	"Leaves with palmate venation (spreading from a single point) "	3
2	"Leaves with pinnate venation "	4
3	"Tree, leaves lobed "	Liquidambar
3	"Shrub, leaves not lobed "	Disanthus
4	"Leaves entire, evergreen "	Loropetalum
4	"Leaves with wavy-toothed margins, deciduous "	5
5	"Flowers white or dull and inconspicuous, petals absent "	6
5	"Flowers yellow, petals present "	7
6	"Shrub; flowers white; anthers opening by valves; sepals 5–7 "	Fothergilla
6	"Tree with flaking bark; flowers dull; anthers opening by longitudinal slits; sepals 7–8 "	Parrotia
7	"Flowers in dense clusters, floral parts in 4s; petals more or less linear "	Hamamelis
7	"Flowers dangling, catkin-like, floral parts in 5s; petals more or less ovate"	Corylopsis
