from	statement	to
1	"All stems trailing along the ground"	"Selaginella kraussiana"
1	"Stems of the branches erect or spreading upwards"	2
2	"Branches of pale yellow green, silvery below"	"Selaginella martensii"
2	"Branches in dense rosetted dark green clusters"	3
3	"Leaves pale below; median ones bristly; lateral ones 3.5-5 mm long, central row white-edged"	"Selaginella pallescens"
3	"Leaves green below, more or less the same shape and size; lateral leaves mostlx 2-3 mm long"	"Selaginella wallichii"
