from	statement	to
1	"Calyx with 4 prominent lanceolate lobes"	"Correa aemula"
1	"Calyx not as above"	2
2	"Calyx with a ridge at the base resulting in a chef’s cap appearance"	"Correa baeuerlenii"
2	"Calyx not as above ."	3
3	"Calyx with prominent intermediate lobes between the main ones"	"Correa decumbens"
3	"Calyx without intermediate lobes or intermediate lobes not prominent"	4
4	"Tall, rusty-haired shrubs; all staminal filaments linear throughout"	"Correa lawrenciana"
4	"Plants not as above"	5
5	"Corolla white or pale pink, the lobes splitting to the base and spreading"	"Correa alba"
5	"Corolla green to red, rarely cream, more or less tubular, rarely split to the base and if so then not spreading"	6
6	"Corolla mostly uniform pale red, orange or white"	"Correa pulchella"
6	"Corolla greenish or tube and lobes different colours"	7
7	"Calyx cup-shaped with straight sides (at least in part)"	8
7	"Calyx near globose to bell-shaped"	9
8	"Calyx bell-shaped and without lobes"	"Correa schlechtendalii"
8	"Calyx near globose and with 4 tooth-like lobes"	"Correa reflexa"
9	"Branchlets more or less hairless; leaves with a fruity smell; anthers protruding from the flowers"	"Correa glabra"
9	"Branches softly hairy; leaves with a peppery smell; anthers hardly protruding"	"Correa reflexa"
