from	statement	to
1	"Leaves mostly more than 12 cm long"	2
1	"Leaves mostly less than 12 cm long"	6
2	"Leaves mostly c. 15-20 cm long, thick, c. 2 mm wide or more; bark in large dark tan scales"	"Pinus pinaster"
2	"Leaves c. 13 cm long, tip pungent and pointed"	3
3	"Crown flat; bark orangish; cones more than 10 cm long, roundish, scales thick,blunt; seed more or less wingless"	"Pinus pinea"
3	"Crown and bark not as above; cones mostly less than 10 cm long, ovate, scales not as above; seed winged"	4
4	"Cones asymmetric, prickly, scales swollen on one side of cone"	"Pinus muricata"
4	"Cones more or less symmetric, not prickly, scales not swollen on one side"	5
5	"Cones borne singly, yellow-brown when young, scale tips pointed"	"Pinus nigra var. corsicana"
5	"Cones mostly in groups, not yellow when young, scale tips more or less flat"	"Pinus brutia"
6	"Crown  mushroom shaped; bark orangish; cones  more than10 cm long, roundish, scales thick,blunt; seed wings absent or small"	"Pinus pinea"
6	"Combination of characters not as above"	7
7	"Leaves mostly more than 8 cm long"	8
7	"Leaves mostly less than 8 cm long"	14
8	"Cones mostly more than 8 cm long"	9
8	"Cones mostly less than 8 cm long"	10
9	"Young shoots and branchlets waxy grey; cones stalked, more or less symmetric, many bent back along the shoot"	"Pinus halepensis"
9	"Young shoots not waxy grey; cones stalkless, asymmetric, not bent back towards the stem"	"Pinus radiata var. binata"
10	"Leaf sheath without filaments, young cones yellowish-brown"	"Pinus nigra var. nigra"
10	"Leaf sheath with extended filaments; young cones not yellowish brown"	11
11	"Shrub or small tree; leaves rigid and curved"	"Pinus mugo"
11	"Tree; leaves more or less straight"	12
12	"Branches short, sometimes contorted; buds cylindrical and resinous, scale tips not free"	"Pinus contorta"
12	"Branches not short or contorted;buds conical or ovate,scales fringed and often curled back"	13
13	"Upper trunk not red;lvs green;cones bent back on thick stalks, mostly  more than 5 cm long, no prickles"	"Pinus halepensis"
13	"Upper trunk red; leaves white lined; cones more or less stalkless, less than 5 cm long, minutely prickly"	"Pinus sylvestris"
14	"Upper trunk dull brown; leaves rigid; cones reddish-brown with small prickles; bud scale tips not free"	"Pinus thunbergii"
14	"Upper trunk reddish; leaves slender, flexible; cones without prickles; bud scale tips free"	"Pinus densiflora"
