from	statement	to
1	"Stems simple and scape-like; capitula solitary"	2
1	"Stems usually branched and not scape-like; capitula in corymbs or panicles"	5
2	"Plant stoloniferous or rhizomatous"	3
2	"Plant not stoloniferous or rhizomatous"	4
3	"Ray florets violet; plant rhizomatous"	"Aster brachytrichis"
3	"Ray florets pale blue; plant stoloniferous"	"Aster tongolensis"
4	"Leaves entire; upper leaves not stem-clasping"	"Aster alpinus"
4	"Leaves toothed; upper leaves somewhat stem-clasping"	"Aster sibiricus"
5	"Capitula diskoid"	"Aster sedifolius"
5	"Capitula radiate"	6
6	"Lower leaves heart-shaped"	7
6	"Lower leaves not heart-shaped"	8
7	"Bushy herb to 1.5 m tall; ray florets 8–20, pale blue"	"Aster cordifolius"
7	"Rhizomatous herb to 60 cm tall; ray florets 10 or less, white"	"Aster divaricatus"
8	"Upper leaves with basal lobes clasping the stem"	9
8	"Upper leaves without basal lobes"	12
9	"Leaves smooth and more or less glabrous"	10
9	"Leaves somewhat hairy or rough"	11
10	"Plant often glaucous; stems glabrous, maroon; leaves entire to shallowly toothed"	"Aster laevis"
10	"Plant not glaucous; stems slightly hairy, green; leaves sparsely toothed"	"Aster novi-belgii"
11	"Leaves toothed; capitula not crowded; plant an erect or ascending herb to 40 cm tall"	"Aster sibiricus"
11	"Leaves entire; capitula crowded; plant a bushy herb to 1.5 m tall"	"Aster novae-angliae"
12	"Capitula large, to about 5 cm across"	13
12	"Capitula small, usually less than 2 cm across"	15
13	"Capitula solitary on ends of branches"	Aster×frikartii
13	"Capitula in terminal corymbs"	14
14	"Stems decumbent at base then erect, hairy; leaves entire"	"Aster amellus"
14	"Stem erect, glabrous; leaves toothed"	"Aster savatieri"
15	"Leaves prominently gland-dotted; ray florets blue to pink"	"Aster sedifolius"
15	"Leaves not noticeably gland-dotted; ray florets white, pink, blue or purplish"	16
16	"At least some leaves usually toothed; ray florets white, often with a purplish apex"	"Aster lateriflorus"
16	"All leaves entire; if ray florets white then not with a purplish apex"	17
17	"Undersurface of leaves prominently hairy, at least when young"	"Aster ericoides"
17	"Undersurface of leaves glabrous or nearly so"	18
18	"Leaves more or less flat; ray florets white; capitula in dense corymbs"	"Aster umbellatus"
18	"Leaves with margins rolled under; ray florets blue or lavender, sometimes white; capitula in loose panicles"	"Aster dumosus"
