from	statement	to
1	"Leaves over 1 cm wide; flowers in sessile cluster of 10–20"	"Sisyrinchium striatum"
1	"Leaves less than 1 cm wide; flowers in loose groups of 2–8"	2
2	"Perianth segments yellow to cream, more or less acute"	3
2	"Perianth segments blue-violet (rarely white), blunt with a point in a notch at the tip"	6
3	"Flowers bright yellow"	4
3	"Flowers white to cream with purple centre or markings"	5
4	"Stem leafless, unbranched"	"Sisyrinchium californicum"
4	"Stem leafy, usually branched"	"Sisyrinchium graminifolium"
5	"Stems cylindrical, unbranched, hardly longer than leaves"	"Sisyrinchium filifolium"
5	"Stems winged, branched, much longer than leaves"	"Sisyrinchium iridifolium"
6	"Stems unbranched and leafless"	7
6	"Stems with 1 or more leaves subtending branches"	8
7	"Pedicels shorter than inner spathe"	"Sisyrinchium montanum"
7	"Pedicels longer than inner spathe"	"Sisyrinchium idahoense"
8	"Flowers blue with wedge-shaped segments"	"Sisyrinchium bellum"
8	"Flowers blue-violet with elliptic segments"	"Sisyrinchium graminoides"
