from	statement	to
1	"Fruit an acorn in a cup (oaks)"	Quercus
1	"Fruit not as above"	2
2	"Buds ovoid; male flowers in stiffly erect catkins; nuts in extremely spiky cases several cm wide (chestnuts) "	Castanea
2	"Buds narrow and with a long point; male flowers not as above; nuts in slightly spiky cases less than 2 cm wide "	3
3	"Male and female flowers solitary or in 3s; cupule with 1–3 nuts (southern beeches)"	Nothofagus
3	"Male flowers in heads; female flowers in pairs; cups with 2 nuts (beeches)"	Fagus
