from	statement	to
1	"Fronds sometimes simple; sori in sunken cavities forming bumps on the frond surface"	2
1	"Fronds all simple; sori not sunken"	5
2	"Fronds membranous"	3
2	"Fronds leathery"	4
3	"Rhizome wiry with spreading scales; sori sunken"	"Microsorum scandens"
3	"Rhizome woody with scales pressed down; sori only slightly sunken"	"Microsorum parksii"
4	"Frond shape on mature plants varying from simple to lobed"	"Microsorum pustulatum"
4	"Fronds all lobed"	"Microsorum scolopendrium"
5	"Fronds long stalked; sori 1.5-2.5 mm wide"	"Microsorum pappei"
5	"Fronds hardly stalked; sori 1-1.5 mm wide"	"Microsorum punctatum"
