from	statement	to
1	"Rootstock a rhizome"	2
1	"Rootstock a bulb"	3
2	"Tepals pouched or spurred at the base ; fruit a capsule"	Tricyrtis
2	"Tepals not pouched or spurred; fruit a berry"	Prosartes
3	"Tepals more or less differentiated into sepals and petals"	Calochortus
3	"Tepals 3+3 but more or less petaloid"	4
4	"Anthers hinged and attached apically on the filaments"	5
4	"Anthers fixed, apparently attached by the base to the filaments"	6
5	"Leaves heart-shaped; flowers tubular; bulb fibrous outside"	Cardiocrinum
5	"Leaves not heart-shaped; flowers not tubular; bulb not fibrous outside"	Lilium
6	"Foliage leaves 2, more or less opposite, net-veined"	Erythronium
6	"Foliage leaves not as above"	7
7	"Inner tepals with obvious basal nectary pits or grooves"	Fritillaria
7	"Inner tepals without nectaries"	Tulipa
