from	statement	to
1	"Mature plants with phyllodes (leaf stalks that look like leaves)"	Acacia
1	"Leaves bipinnate"	2
2	"Width of leaflets more than 12 mm; fewer than 12 leaflets each primary leaf branch; plants not spiny or bristly (fruits papery, pinnae 2–4)"	Pararchidendron
2	"Width of leaflets less than 12 mm; more than 12 leaflets per pinna or if 12 then plants spiny or bristly"	3
3	"Stamens 5 or 10"	4
3	"Stamens numerous"	5
4	"Plants with prickles bent backwards; stipules present; flowers pink or lilac"	Mimosa
4	"Plants not prickly; stipules absent; flowers creamy"	Leucaena
5	"Stamens free"	Acacia
5	"Stamens united to form a tube at the base"	6
6	"Leaf stalk without glands; fruit valves separating from the tip down and bending sideways"	Calliandra
6	"Leaves with glands on the stalks; fruit valves not as above"	Paraserianthes
