from	statement	to
1	"Leaves all opposite and decussate"	2
1	"Leaves all alternate, sometimes both opposite and alternate"	3
2	"Leaves more or less ovate; lower 3 calyx lobes about as long as the tube"	"Brachysema celsianum"
2	"Leaves widest in upper half; lower 3 calyx lobes 2–4 times longer than the tube"	"Brachysema praemorsum"
3	"Flowers pendulous, pale yellow-green"	"Brachysema sericeum"
3	"Flowers not pendulous, red or reddish with darker veins"	4
4	"Scrambling to erect shrubs; leaves mostly opposite (at least some); flowers not pendulous, red"	"Brachysema celsianum"
4	"Plant prostrate; all leaves alternate; flowers yellow-green with reddish margins and veins"	"Brachysema latifolium"
