from	statement	to
1	"Mature leaves with layer of hair below "	2
1	"Mature leaves hairless below or with hairs only on veins "	3
2	"Young strong shoots on mature growth with deeply lobed maple-like leaves white-felted below "	"Populus alba"
2	"Young shoots not maple-like, with rounded shallow teeth, soon becoming grey and nearly hairless below"	Populus×canescens
3	"Mature leaves green below; stalks flattened laterally"	4
3	"Mature leaves whitish below; stalks more or less cylindrical "	10
4	"Leaves ovate to orbicular in outline, either blunt or tapering to a short point at the tip "	5
4	"Leaves triangular to ovate-triangular, the tips sometimes long-pointed  "	8
5	"Leaves with small, close-set, more or less evenly spaced teeth "	"Populus tremuloides"
5	"Leaves with large, often irregular and well spaced blunt teeth "	6
6	"Buds shiny "	"Populus tremula"
6	"Buds dull and sometimes also hairy "	7
7	"Twigs horizontal "	"Populus grandidentata"
7	"Twigs pendulous "	"Populus pseudograndidentata"
8	"Habit narrow, branches upright; leaves cuneate to truncate at base, usually without glands "	"Populus  P. nigra var. italica"
8	"Widespreading; leaves truncate to subcordate at least some with 2–3 glands at junction of blade and stalk "	9
9	"Crown green or yellowish; leaves without hairy edges and some without glands; catkins 3–6 cm long "	"Populus ×canadensis (‘Aurea’)"
9	"Crown green; leaves persistently hairy on edges (lens), all with glands; catkins 7–10 cm long"	"Populus deltoides"
10	"Leaf bases distinctly cordate "	"Populus candicans"
10	"Leaf bases rounded, tapering or only slightly cordate at the base "	11
11	"Leaves with distinctive pink new growth and leaf veins (at least when young) "	"Populus  P. aff. yunnanensis"
11	"New growth and leaves without pinkish colouration "	12
12	"Leaves broadest above the middle "	"Populus simonii"
12	"Leaves broadest at or below the middle "	13
13	"Leaf teeth pointed and close-set; ovary hairless"	"Populus balsamifera"
13	"Leaf teeth rounded and separated; ovary hairy (rare) "	"Populus trichocarpa"
