from	statement	to
1	"Most leaves less than 4 cm long"	2
1	"Most leaves more than 4 cm long"	4
2	"Leaves mostly with up to 5 spiny teeth per side"	"Osmanthus heterophyllus"
2	"Leaves entire or with more than 5 teeth per side"	3
3	"Leaves more or less elliptic, to 2.5 cm long; flowers mostly more than 1 cm long"	"Osmanthus delavayi"
3	"Leaves oval to ovate, usually more than 2.5 cm long; flowers mostly about 0.5 cm long"	"Osmanthus ×burkwoodii"
4	"Leaves often without teeth but generally a few having fine teeth towards their tips"	"Osmanthus fragrans"
4	"Leaves sometimes without teeth but teeth,when present, quite large and spiny"	5
5	"Mature leaf blade more than 8 cm long and 4 cm wide"	"Osmanthus armatus"
5	"Mature leaf blade to 9 cm long but less than 4 cm wide"	6
6	"Leaves to 6 cm long, entire or with up to 5 large, spiny teeth per side"	"Osmanthus heterophyllus"
6	"Leaves to 10 cm long, entire or with up to about 12 teeth per side"	"Osmanthus ×fortunei"
