from	statement	to
1	"Bark and branchlets generally yellowish, especially in cultivar ‘Aurea’; buds black (rarely dark brown)"	"Fraxinus excelsior"
1	"Bark and branchlets brown, green or grey; buds brown"	2
2	"Leaves in 3s, at least near the tips of branches; leaflets with stalks absent or extremely short"	"Fraxinus angustifolia"
2	"Leaves paired, not in 3s; leaflets stalked, at least shortly so"	3
3	"Leaflet margins toothless"	4
3	"Leaflet margins toothed"	5
4	"Leaves deciduous; leaflets mostly more than 8 cm long, waxy-grey below"	"Fraxinus americana"
4	"Leaves evergreen, leathery; leaflets mostly less than 8 cm long, pale green below"	"Fraxinus griffithii"
5	"Leaflets generally either roundish or oblong, with dense rust-coloured hair at the base of the midrib below, and the tip with an abrupt point"	"Fraxinus ornus"
5	"Leaflets not roundish, tapered gradually to the tip, without dense rusty hair below"	6
6	"Leaflets less than 8 cm long, a dense soft-velvety hair covering lower surface"	"Fraxinus velutina"
6	"Leaflets mostly more than 8 cm long; hair, if present, on the stalks and base of the leaf only, not velvety"	7
7	"Leaves evergreen; stalk flattened on top; leaflet stalks about 2 cm long, teeth spaced, large, jagged"	"Fraxinus uhdei"
7	"Leaves deciduous; stalk hardly flattened; leaflet stalks less than 1.5 cm long, teeth not as above"	8
8	"Leaflets waxy-grey (papillae) below; leaflet stalks not winged; fruit wing at tip of seed"	"Fraxinus americana"
8	"Leaflets pale green below; leaflet stalks winged; fruit wing extending down sides of seed"	"Fraxinus pennsylvanica"
