from	statement	to
1	"Plant climbing or twining"	2
1	"Plant an erect shrub"	4
2	"Corolla bright red, lobes to 2 cm long"	"Clerodendrum splendens"
2	"Corolla dark red, lobes to 1 cm long"	3
3	"Calyx white"	"Clerodendrum thomsoniae"
3	"Calyx reddish pink"	"Clerodendrum ×speciosum"
4	"At least some of the petals blue"	"Clerodendrum myricoides"
4	"Petals white, pink to mauve or red"	5
5	"Petals red or reddish mauve"	6
5	"Petals pink, white or lilac"	7
6	"Flowers sweetly scented, in clusters to about 15 cm long, petals rosy pink"	"Clerodendrum bungei"
6	"Flowers not distinctly scented, in clusters to 45 cm long, petals bright red"	"Clerodendrum speciosissimum"
7	"Calyx fleshy and red"	"Clerodendrum trichotomum"
7	"Calyx not as above"	8
8	"Leaves large, to 20 cm or more long and distinctly toothed"	"Clerodendrum philippinum"
8	"Leaves mostly less than 15 cm long, not or hardly toothed"	9
9	"Leaves with a felt of hair; flowers in terminal clusters; stamens yellow"	"Clerodendrum tomentosum"
9	"Leaves hairless above; flowers mostly axillary; stamens and style red"	"Clerodendrum inerme"
