from	statement	to
1	"Anthers white or yellow"	2
1	"Anthers brown, blue or purple"	5
2	"Leaves mottled; stigma lobed"	3
2	"Leaves not mottled; stigma entire"	"Erythronium tuolumnense"
3	"Anthers yellow"	4
3	"Anthers white"	"Erythronium californicum"
4	"Tepal apices not twisted; flowers rose-pink"	"Erythronium revolutum"
4	"Tepal apices twisted; flowers white or pale pink"	"Erythronium oregonum"
5	"Stigma entire; flowers 1–10, lavender with a purple base"	"Erythronium hendersonii"
5	"Stigma lobed; flower 1, rose-pink to purple with a yellow to brown base"	"Erythronium dens-canis"
