from	statement	to
1	"Flowers pale yellow "	"Lampranthus glaucus"
1	"Flowers orange, red, pink, purple or white "	2
2	"Flowers orange, stems brown "	3
2	"Flowers red or purple "	4
3	"Leaves to 3 cm wide "	"Lampranthus aurantiacus"
3	"Leaves more than 5 cm long "	"Lampranthus aureus"
4	"Stems prostrate with leaves to 8 cm long and flowers to 7 cm wide "	"Lampranthus spectabilis"
4	"Stems more or less erect "	5
5	"Stems thick, to 2 cm wide, leaves mostly more than 6 cm long "	"Lampranthus conspicuus"
5	"Stems relatively thin; leaves less than 4 cm long "	6
6	"Flowers 5–6 cm wide, reddish pink "	"Lampranthus blandus"
6	"Flowers mostly 4–5 cm wide, pale pink or white "	7
7	"Flowers pale pink, about 4 cm wide "	"Lampranthus roseus"
7	"Flowers purple or white, 4–5 cm wide "	"Lampranthus multiradiatus"
