from	statement	to
1	"Fertile and sterile fronds similar, the fertile segments being only slightly narrower than the sterile ones"	2
1	"Fertile and sterile fronds clearly different, the fertile segments less than half the width of the sterile ones"	5
2	"Sterile segments all fused to the midrib along their bases"	3
2	"Sterile segments stalked, at least at the base of the frond"	4
3	"Rhizome mostly creeping; segments not reducing gradually in length towards the base of the frond"	"Blechnum cartilagineum"
3	"Rhizome erect forming a clump; segments reducing gradually in length towards the base of the frond"	"Blechnum brasiliense"
4	"All the segments attached by midribs only, except for the terminal one"	"Blechnum indicum"
4	"At least a few of the upper segments fused to the axis broadly across their bases"	"Blechnum whelanii"
5	"Fronds undivided or lobed, the segments never cut to the midrib"	6
5	"Fronds with segments cut to the midrib or nearly so"	7
6	"Fronds thin; wings on stalk continuous"	"Blechnum patersonii"
6	"Fronds thick; wings on stalk interrupted"	"Blechnum colensoi"
7	"Sterile segments stalked, at least in the lower part of the frond"	8
7	"Sterile segments fused to the midrib along broad bases, in some species sometimes fused to one-another at the base"	12
8	"Rhizomes long-creeping to climbing; juvenile and adult fronds completely distinct"	"Blechnum filiforme"
8	"Rhizomes short-creeping to erect, not climbing; juvenile and adult fronds similar"	9
9	"Fertile and sterile segments less than 3 cm long"	"Blechnum fluviatile"
9	"Fertile and sterile segments more than 3 cm long"	10
10	"Basal frond segments becoming progressively smaller down the frond, the lowermost segments circular"	"Blechnum minus"
10	"Basal frond segments not reducing, or if reducing then not to circular segments at the base"	11
11	"Lower stalked segments without a distinct joint at the axis; segment bases rounded"	"Blechnum wattsii"
11	"Lower stalked segments distinctly jointed to the axis; segments tapering at the base"	"Blechnum articulatum"
12	"Sterile segments not fused to one-another along the length of the frond"	"Blechnum fluviatile"
12	"Sterile segments fused to one-another along their bases"	13
13	"Frond blade undivided or if divided then into less than 12 pairs"	"Blechnum colensoi"
13	"Frond blade divided into many pairs of segments"	14
14	"Sterile frond linear to linear-lanceolate in outline, mostly less than 5 cm wide"	15
14	"Sterile frond elliptic, oblong to oblanceolate in outline, mostly more than 5 cm wide"	16
15	"Rhizome long-creeping; frond more or less linear; sterile segments rounded at the tip"	"Blechnum penna-marina"
15	"Rhizome creeping; frond linear-lanceolate; sterile segments slightly pointed"	"Blechnum spicant"
16	"Lowermost segments on sterile blades slightly shorter than the others, cut in lower half to midrib and arched down"	"Blechnum vulcanicum"
16	"Lower sterile segments much shorter than the others, the basal ones reduced to small protrusions"	17
17	"Fertile blades with a transition to sterile segments at the base of the frond"	"Blechnum discolor"
17	"Fertile blades with all segments bearing sori"	18
18	"Sterile segments with rounded marginal teeth; midrib mostly dull and yellowish"	"Blechnum chambersii"
18	"Sterile segment margins toothless; midrib dull or shiny, dark or yellow"	19
19	"Segments in middle of frond almost at right angles to midrib; frond stalk dark and shiny"	"Blechnum nudum"
19	"Segments in middle of frond at an angle of about 45� to midrib; stalk yellowish or green and dull"	"Blechnum gibbum"
