from	statement	to
1	"Bark smooth"	2
1	"Bark rough"	3
2	"Bark white, mottled and dimpled; leaves 1.5–3 cm wide, not smelling of lemons when crushed"	"Corymbia maculata"
2	"Bark white, not mottled or dimpled; leaves 0.5–2 cm wide, smelling of lemons when crushed"	"Corymbia citriodora"
3	"Leaves more or less the same green shade on both faces; fruit 1.5–2 cm long, faintly ribbed"	"Corymbia eximia"
3	"Leaves distinctly different shades of green on either face; fruit more than 3 cm long, not ribbed"	4
4	"Oil glands inconspicuous when leaf held up to light; seeds yellow-brown, winged"	"Corymbia ficifolia"
4	"Oil glands conspicuous when held up to light (1 per reticulation island); seeds black, not winged"	"Corymbia calophylla"
