from	statement	to
1	"Leaves incurved in cross-section and needle-pointed"	2
1	"Leaves not both incurved and needle-pointed"	5
2	"Leaves more or less erect and dense, giving the plant a broom-like appearance"	"Leptospermum - Group 2 juniperinum"
2	"Leaves spreading"	3
3	"Flowers mostly 1–2 cm wide, often pink on short shoots from older branches"	"Leptospermum - Group 2 squarrosum"
3	"Flowers about 1 cm wide on new growth, white"	4
4	"Leaves mostly more than 3 mm wide, broadest below the middle and tapering at each end; fruit 6–9 mm wide"	"Leptospermum - Group 2 scoparium"
4	"Leaves mostly less than 3 mm wide, broadest at base and tapering to tip; fruit 5–7 mm wide"	"Leptospermum - Group 2 continentale"
5	"Leaves lemon-scented, 5–7 mm long; fruit much broader than long and with a wide rim"	"Leptospermum - Group 2 liversidgei"
5	"Combination of characters not as above"	6
6	"Leaves narrowly elliptic to lanceolate, 2–4 cm long, 2–5 mm wide, lemon-scented"	"Leptospermum - Group 2 petersonii"
6	"Leaves narrow-oblanceolate to broad obovate, 0.5–2 cm long, 2–8 mm wide, tip rounded and with a small notch, not lemon-scented"	"Leptospermum - Group 2 obovatum"
