from	statement	to
1	"Annual or short-lived perennial with an inflated balloon-like calyx "	"Hibiscus trionum"
1	"Herbaceous perennial, shrub or small tree "	2
2	"Herbaceous perennial "	3
2	"Shrub to small tree "	4
3	"Leaves more or less hairless, palmately narrowly lobed; flowers crimson "	"Hibiscus coccineus"
3	"Leaves felty below, narrow and undivided or with minor lobing; flowers reddish but never crimson "	"Hibiscus moscheutos"
4	"Epicalyx an 8–10 toothed cup "	"Hibiscus tiliaceus"
4	"Epicalyx of separate bracts, not cup-like "	5
5	"Epicalyx of 5 bracts; flowers yellow "	"Hibiscus calyphyllus"
5	"If epicalyx of 5 bracts then flowers not yellow; flowers variously coloured"	6
6	"Petals fringed and deeply cut "	"Hibiscus schizopetalu"
6	"Petals without fringe or deep cutting "	7
7	"Leaves, if lobed then lobes shallow; stems not prickly "	8
7	"At least some leaves deeply lobed; stems prickly "	11
8	"Margins of leaves more or less entire "	"Hibiscus arnottianus"
8	"Margins toothed or lobed or both "	9
9	"Leaves evergreen, more or less ovate, not lobed; staminal column longer than the petals "	"Hibiscus rosa-sinensis"
9	"Leaves deciduous or semi-deciduous, occasionally lobed; staminal column not longer than the petals "	10
10	"Leaves soft hairy, flowers changing from white to pink "	"Hibiscus mutabilis"
10	"Leaves hairless; flowers of various unchanging colours"	"Hibiscus syriacus"
11	"Leaves with glands at the base of the midrib on the lower surface of the leaf; flower stalk jointed at the base "	"Hibiscus heterophyllus"
11	"Leaves without glands; flowers with a joint on the stalk about 1 cm below the flower "	"Hibiscus splendens"
