id	name	url
5706	Aloe	
77106	"Aloe adigratana"	"https://openherbarium.org/taxa/index.php?taxon=Aloe adigratana"
77098	"Aloe ankoberensis"	"https://openherbarium.org/taxa/index.php?taxon=Aloe ankoberensis"
77109	"Aloe calidophila"	"https://openherbarium.org/taxa/index.php?taxon=Aloe calidophila"
77108	"Aloe camperi"	"https://openherbarium.org/taxa/index.php?taxon=Aloe camperi"
60541	"Aloe citrina"	"https://openherbarium.org/taxa/index.php?taxon=Aloe citrina"
77101	"Aloe debrana"	"https://openherbarium.org/taxa/index.php?taxon=Aloe debrana"
77103	"Aloe elegans"	"https://openherbarium.org/taxa/index.php?taxon=Aloe elegans"
77082	"Aloe ellenbeckii"	"https://openherbarium.org/taxa/index.php?taxon=Aloe ellenbeckii"
77080	"Aloe eumassawana"	"https://openherbarium.org/taxa/index.php?taxon=Aloe eumassawana"
77093	"Aloe gilbertii"	"https://openherbarium.org/taxa/index.php?taxon=Aloe gilbertii"
77089	"Aloe harlana"	"https://openherbarium.org/taxa/index.php?taxon=Aloe harlana"
77104	"Aloe jacksonii"	"https://openherbarium.org/taxa/index.php?taxon=Aloe jacksonii"
77083	"Aloe kefaensis"	"https://openherbarium.org/taxa/index.php?taxon=Aloe kefaensis"
77085	"Aloe lateritia"	"https://openherbarium.org/taxa/index.php?taxon=Aloe lateritia"
77084	"Aloe macrocarpa"	"https://openherbarium.org/taxa/index.php?taxon=Aloe macrocarpa"
77090	"Aloe mcloughlinii"	"https://openherbarium.org/taxa/index.php?taxon=Aloe mcloughlinii"
62148	"Aloe megalacantha"	"https://openherbarium.org/taxa/index.php?taxon=Aloe megalacantha"
77099	"Aloe monticola"	"https://openherbarium.org/taxa/index.php?taxon=Aloe monticola"
77102	"Aloe otallensis"	"https://openherbarium.org/taxa/index.php?taxon=Aloe otallensis"
60533	"Aloe parvidens"	"https://openherbarium.org/taxa/index.php?taxon=Aloe parvidens"
77115	"Aloe percrassa"	"https://openherbarium.org/taxa/index.php?taxon=Aloe percrassa"
77091	"Aloe pirottae"	"https://openherbarium.org/taxa/index.php?taxon=Aloe pirottae"
77079	"Aloe pubescens"	"https://openherbarium.org/taxa/index.php?taxon=Aloe pubescens"
77086	"Aloe pulcherrima"	"https://openherbarium.org/taxa/index.php?taxon=Aloe pulcherrima"
60555	"Aloe retrospiciens"	"https://openherbarium.org/taxa/index.php?taxon=Aloe retrospiciens"
77094	"Aloe rivae"	"https://openherbarium.org/taxa/index.php?taxon=Aloe rivae"
77114	"Aloe rugosifolia"	"https://openherbarium.org/taxa/index.php?taxon=Aloe rugosifolia"
60535	"Aloe ruspoliana"	"https://openherbarium.org/taxa/index.php?taxon=Aloe ruspoliana"
77110	"Aloe schelpei"	"https://openherbarium.org/taxa/index.php?taxon=Aloe schelpei"
77081	"Aloe schoelleri"	"https://openherbarium.org/taxa/index.php?taxon=Aloe schoelleri"
77092	"Aloe secundiflora"	"https://openherbarium.org/taxa/index.php?taxon=Aloe secundiflora"
77107	"Aloe sinana"	"https://openherbarium.org/taxa/index.php?taxon=Aloe sinana"
77097	"Aloe steudneri"	"https://openherbarium.org/taxa/index.php?taxon=Aloe steudneri"
77105	"Aloe tewoidei"	"https://openherbarium.org/taxa/index.php?taxon=Aloe tewoidei"
77078	"Aloe trichosantha"	"https://openherbarium.org/taxa/index.php?taxon=Aloe trichosantha"
77095	"Aloe trigonantha"	"https://openherbarium.org/taxa/index.php?taxon=Aloe trigonantha"
77088	"Aloe vituensis"	"https://openherbarium.org/taxa/index.php?taxon=Aloe vituensis"
77111	"Aloe yavellana"	"https://openherbarium.org/taxa/index.php?taxon=Aloe yavellana"
