from	statement	to
1	"Perianth and bracts shortly hairy or tuberculate; inflorescences unbranched or with up to 4 branches, terminal section and branches (if present)  more than 40 cm long, erect"	2
1	"Perianth and bracts glabrous; inflorescences up to 35 cm long, usually shorter, often profusely branched, rarely with fewer than 4 branches"	6
2	"Perianths and bracts shortly hairy"	3
2	"Perianths and bracts minutely papillate"	5
3	"Bracts never more than spreading or gently recurved; pedicels 8.5-20 mm long"	4
3	"Bracts becoming sharply reflexed from their bases; pedicels 2-8(-11) mm long"	"Aloe trichosantha"
4	"Adult leaves prominently spotted; bracts 3-4 mm wide; perianths greenish yellow or grey-green"	"Aloe citrina"
4	"Adult leaves without spots (juvenile plants sometimes profusely spotted); bracts 6-14 mm wide; perianths pink or red"	"Aloe pubescens"
5	"Marginal teeth about 3 mm long; perianths (20-)25-28 mm long, outer lobes free for about 1/3 rd their length"	"Aloe eumassawana"
5	"Marginal teeth almost absent; perianths and bracts minutely papillate; perianths about 15 mm long; outer lobes free for about 2/3 rd their length"	"Aloe schoelleri"
6	"Flower buds with subglobose basal swelling constricted into a narrower tube; leaves very soft, always with longitudinal lines and usually profusely spotted"	7
6	"Flower buds club-shaped, cylindrical, or conical, sometimes 3-angled; leaves varying but if spotted then rather hard in texture and not with longitudinal lines"	10
7	"Leaves lanceolate to ovate, more than 5 cm wide and/or length less than or equal to 5 times the width; marginal teeth up to 24 per 10 cm, 2-4.5 mm long"	8
7	"Leaves linear-oblong, up to 2.5 cm ide, length more than 8 times the width; marginal teeth 28-40 per 10 cm, up to 1.5 cm long"	"Aloe ellenbeckii"
8	"Leaves very fleshy; basal swelling of the perianths well developed, globose; plants widespread in drier highlands"	9
8	"Leaves much less fleshy than typical for the genus, spotting rather sparse, sometimes absent; basal swelling of the perianths not as clearly globose as in other species"	"Aloe kefaensis"
9	"Leaf margins with 10-24 teeth per 10 cm; capsules ellipsoidal, 25-31 mm long"	"Aloe macrocarpa"
9	"Leaf margins with 8-10 teeth per 10 cm; capsules cylindrical, 37-40 mm long"	"Aloe lateritia"
10	"Marginal teeth 0.1-1 mm long, sometimes absent; leaves always very soft and thin-skinned, pale grey-green, sometimes yellowish, rarely obscurely spotted"	11
10	"Marginal teeth (1-)1.5-5.5 mm long, usually dark-tipped; leaves various but never as thin skinned, often dark green and/or clearly with pale spots"	13
11	"Stems suckering freely from the base; leaves smelling strongly of mice when cut; marginal teeth minute but many and well-defined; perianths yellow, up to 20 mm long; plants growing at 300-1450 m"	12
11	"Stems branching dichotomously at the tips, within the basal rosette; leaves not smelling of mice when cut; marginal teeth almost lacking, traces widely spaced; perianths red, 32-33 mm long; plants growing at 2500-2750 m"	"Aloe pulcherrima"
12	"Plants stemless, rarely with stems to 50 cm long; inflorescences erect, long-pedunculate, 100-200 cm high; bracts about 3 mm long"	"Aloe ruspoliana"
12	"Plants with stout, erect stems 1-2 m tall; inflorescences spreading, short pedunculate, up to 45 cm high; bracts about 5 mm long"	"Aloe retrospiciens"
13	"Leaves dark green with prominent white spots; skin thick so leaves hard-textured"	14
13	"Leaves usually without spots, rarely obscurely grey-green spotted; skin thin or thick"	19
14	"Leaf surfaces smooth, glossy; bracts acuminate to acute, relatively  inconspicuous"	15
14	"Leaf surfaces rugulose, rough to the touch; bracts obtuse, conspicuous, white, scarious"	"Aloe rugosifolia"
15	"Plants stemless of almost so; inflorescences always branched"	16
15	"Plants with distinct, slender stems to about 20 cm long; inflorescences not branched"	"Aloe vituensis"
16	"Leaves only occasionally spotted, bright glossy green with brown, continuous horny margins between some of the teeth; perianths red or bright yellow, not striped; bracts 9.5 - 15 mm long"	"Aloe harlana"
16	"Leaves always spotted, dark green margins pale, only the tips of the teeth brown and horny; perianths glaucous pink of pale yellow to red; bracts 3-10 mm long"	17
17	"Marginal teeth 3-5.5 mm long; perianths 18-26 mm long, not glaucous, clearly striped"	18
17	"Marginal teeth 1-2.5 mm long; perianths 26-30 mm long, glaucous pink, obscurely striped"	"Aloe parvidens"
18	"Perianths broadest that the base, 17-20 mm long, pink"	"Aloe mcloughlinii"
18	"Perianths cylindrical to subclavate, (20-)23-25 mm long, yellow or orange, rarely reddish"	"Aloe pirottae"
19	"Plants stemless or with stout, completely prostrate or pendent stems, rarely some old plants with short erect stems covered with persistent leaf bases"	20
19	"Plants soon developing obvious erect or ascending stems and eventually forming shrubs"	33
20	"Inflorescences much branched panicles with spreading, one side, racemelike branches"	21
20	"Inflorescences erect, radially symmetric, often with few branches"	23
21	"Marginal teeth with minute brown tips; perianths (23-)25-32 mm long, not pale-flecked, their bases truncate"	22
21	"Marginal teeth mostly dark brown, often with color continuous along the margin; perianths 19-32 mm long, white flecked (visible only in fresh material), their bases rounded"	"Aloe secundiflora"
22	"Plants only occasionally stemless; leaves deeply canaliculate, dull grey-green"	"Aloe gilbertii"
22	"Plants nearly always stemless; leaves shallowly canaliculate only towards the tip, dull olive to brown-green"	"Aloe rivae"
23	"Perianths cylindrical or club-shaped, relatively slender"	24
23	"Perianths conical-trigonous, very fleshy, widest near the truncate bases and prominently indented above so as to be 3-sided"	"Aloe trigonantha"
24	"Flower buds cylindrical or nearly so"	25
24	"Flower buds clavate to subclavate"	32
25	"Plants suckering from their bases; leaves not or only slightly glaucous, margins with sharp teeth over 1.5 mm long; dead leaves brown"	26
25	"Plants often unbranched, when branching, doing so dichotomously at the tip and within the leaf rosette; leaves pale green, margins smooth, teeth widely spaced, less that 0.3 mm high, reddish at least in the dry season; dead leaves dark purple"	"Aloe pulcherrima"
26	"Leaves spreading or recurved; inflorescences ascending, sometimes much-branched, branches less than 30 cm long; tepals without obviously pale margins; plants of inland areas"	27
26	"Leaves incurved or erect; inflorescences erect, little branched, branches up to 35 cm long; tepals with prominently pale margins making the flowers look striped; plants growing in or near the coast"	"Aloe eumassawana"
27	"Inflorescences with 1-6 branches; perianths 35-40 mm long; plants of higher elevations, often about 2600 m, often growing on cliffs"	28
27	"Inflorescences with 5-many branches; perianths 15-34 mm long; plants of various elevations, rarely if ever growing on cliffs"	29
28	"Outer perianth lobes free"	"Aloe steudneri"
28	"Outer perianth lobes united for 15-20 mm"	"Aloe ankoberensis"
29	"Leaves with continuous horny margins between the teeth as least in places; leaves glossy green, sometimes spotted; populations with a significant proportion of yellow-flowered plants"	30
29	"Leaves with pale margins, only the teeth horny-brown or red; leaves often glaucous, neither glossy nor spotted except obscurely so in seedlings; yellow-flowered plants extremely rare"	31
30	"Bracts 9.5-15 mm long"	"Aloe harlana"
30	"Bracts 20-22 mm long"	"Aloe monticola"
31	"Bracts (8-)10-16(-20) mm long; leaves usually slightly glaucous; inflorescences with just one level of branching"	"Aloe percrassa"
31	"Bracts 3.5-6.5(-8.5) mm long; leaves not glaucous; inflorescences often with two levels of branching"	"Aloe debrana"
32	"Leaves spreading or recurved; bracts conspicuously white and scarious. Longer than the pedicels; buds erect until just before anthesis; perianth segments with distinctly raised,  rugose midribs"	"Aloe otallensis"
32	"Leaves erect or incurved; bracts inconspicuous, much shorter than the pedicels; buds horizontal for most of their development; perianth segments smooth"	"Aloe elegans"
33	"Leaves up to 2.2 cm wide, linear; inflorescences simple, racemose"	34
33	"Leaves 5 cm wide or wider, never linear; inflorescences usually highly branched"	35
34	"Leaves spotted; inflorescences moderately compact, with 3-4 flowers per cm; pedicels 7-8 mm long"	"Aloe jacksonii"
34	"Leaves unspotted; inflorescences very open, flowers more widely spaced; pedicels about 12 mm long"	"Aloe tewoidei"
35	"Perianths clavate, widest near their tips"	36
35	"Perianths cylindrical to cylindrical-trigonous"	39
36	"Bracts 7-12 mm long; perianths 23-27(-33) mm long"	37
36	"Bracts 3-6 mm long; perianths 17-22 mm long"	38
37	"Inflorescence branches 12-22 cm long; bracts 9-12 mm long. 2.5-4 mm wide"	"Aloe adigratana"
37	"Inflorescence branches 5.5-8.5(-14) cm long; bracts 7-8 mm long; about 2 mm wide"	"Aloe sinana"
38	"Leaves up to 60 cm long, often shorter, green with whitish spots at least near their bases"	"Aloe camperi"
38	"Leaves about 80 cm long, uniformly grey-green, not spotted"	"Aloe calidophila"
39	"Inflorescences with 8 or more branches"	40
39	"Inflorescences with up to 3 branches"	"Aloe schelpei"
40	"Stems stout, 5 cm wide or more; perianths 23-28 mm long"	41
40	"Stems slender, 3-4 mm thick; perianths 20-22 mm long"	"Aloe yavellana"
41	"Marginal teeth 5-7 per 10 cm, 5-6 mm long; bracts (5-)7-12 mm long"	"Aloe megalacantha"
41	"Marginal teeth 7-12 per 10 cm, 3-5 mm long; bracts 4-6 mm long"	"Aloe gilbertii"
