id	name	url
49127	Achnatherum	
68130	"Achnatherum confusum"	"https://openherbarium.org/taxa/index.php?taxon=Achnatherum confusum"
68129	"Achnatherum sibiricum"	"https://openherbarium.org/taxa/index.php?taxon=Achnatherum sibiricum"
59706	"Achnatherum splendens"	"https://openherbarium.org/taxa/index.php?taxon=Achnatherum splendens"
19590	Adiantaceae	https://Openherbarium.org/taxa/index.php?taxon=Woodsiaceae
19583	Aspleniaceae	https://Openherbarium.org/taxa/index.php?taxon=Aspleniaceae
19584	Athyriaceae	https://Openherbarium.org/taxa/index.php?taxon=Athyriaceae
26682	Beckmannia	
74158	"Beckmannia eruciformis"	"https://openherbarium.org/taxa/index.php?taxon=Beckmannia eruciformis"
34992	"Beckmannia syzigachne"	"https://openherbarium.org/taxa/index.php?taxon=Beckmannia syzigachne"
73653	Botrychiaceae	https://Openherbarium.org/taxa/index.php?taxon=Botrychiaceae
73654	Cryptogrammaceae	https://Openherbarium.org/taxa/index.php?taxon=Cryptogrammaceae
22727	Cupressaceae	https://openherbarium.org/taxa/index.php?taxon=Cupressaceae
62155	Cystopteridaceae	https://Openherbarium.org/taxa/index.php?taxon=Cystopteridaceae
19595	Dennstaedtiaceae	https://Openherbarium.org/taxa/index.php?taxon=Woodsiaceae
19579	Dryopteridaceae	https://Openherbarium.org/taxa/index.php?taxon=Dryopteridaceae
27266	Ephedra	https://openherbarium.org/taxa/index.php?taxon=Ephedra
27045	Ephedraceae	https://openherbarium.org/taxa/index.php?taxon=Ephedraceae
19559	Equisetaceae	https://Openherbarium.org/taxa/index.php?taxon=Equisetaceae
68150	Gymnospermae	
65261	Huperziaceae	https://Openherbarium.org/taxa/index.php?taxon=Huperziaceae
73655	Hypolepidaceae	https://Openherbarium.org/taxa/index.php?taxon=Hypolepidaceae
19561	Isoetaceae	https://Openherbarium.org/taxa/index.php?taxon=Isoetaceae
26433	Juniperus	https://openherbarium.org/taxa/index.php?taxon=Juniperus
19563	Lycopodiaceae	https://Openherbarium.org/taxa/index.php?taxon=Lycopodiaceae
73656	"Lycopods, horsetails, and ferns"	
73652	"Lycopods, horsetails, ferns"	
19565	Marsileaceae	https://Openherbarium.org/taxa/index.php?taxon=Marsileaceae
65279	Onocleaceae	https://Openherbarium.org/taxa/index.php?taxon=Onocleaceae
19564	Ophioglossaceae	https://Openherbarium.org/taxa/index.php?taxon=Ophioglossaceae
22730	Pinaceae	https://openherbarium.org/taxa/index.php?taxon=Pinaceae
60433	Pinophyta	
3170	Poa	
72098	"Poa actruensis"	"https://openherbarium.org/taxa/index.php?taxon=Poa actruensis"
72101	"Poa albertii"	"https://openherbarium.org/taxa/index.php?taxon=Poa albertii"
72082	"Poa alpigena"	"https://openherbarium.org/taxa/index.php?taxon=Poa alpigena"
59646	"Poa alpina"	"https://openherbarium.org/taxa/index.php?taxon=Poa alpina"
63993	"Poa altaica"	"https://openherbarium.org/taxa/index.php?taxon=Poa altaica"
72079	"Poa angustifolia"	"https://openherbarium.org/taxa/index.php?taxon=Poa angustifolia"
14386	"Poa annua"	"https://openherbarium.org/taxa/index.php?taxon=Poa annua"
72100	"Poa attenuata"	"https://openherbarium.org/taxa/index.php?taxon=Poa attenuata"
72096	"Poa botryoides"	"https://openherbarium.org/taxa/index.php?taxon=Poa botryoides"
14388	"Poa bulbosa"	"https://openherbarium.org/taxa/index.php?taxon=Poa bulbosa"
72099	"Poa dahurica"	"https://openherbarium.org/taxa/index.php?taxon=Poa dahurica"
59645	"Poa glauca"	"https://openherbarium.org/taxa/index.php?taxon=Poa glauca"
72074	"Poa insignis"	"https://openherbarium.org/taxa/index.php?taxon=Poa insignis"
72087	"Poa intricata"	"https://openherbarium.org/taxa/index.php?taxon=Poa intricata"
72089	"Poa krylovii"	"https://openherbarium.org/taxa/index.php?taxon=Poa krylovii"
72081	"Poa kuraica"	"https://openherbarium.org/taxa/index.php?taxon=Poa kuraica"
72097	"Poa litviniviana"	"https://openherbarium.org/taxa/index.php?taxon=Poa litviniviana"
72076	"Poa mariae"	"https://openherbarium.org/taxa/index.php?taxon=Poa mariae"
32167	"Poa nemoralis"	"https://openherbarium.org/taxa/index.php?taxon=Poa nemoralis"
32160	"Poa palustris"	"https://openherbarium.org/taxa/index.php?taxon=Poa palustris"
72077	"Poa polozhiae"	"https://openherbarium.org/taxa/index.php?taxon=Poa polozhiae"
14393	"Poa pratensis"	"https://openherbarium.org/taxa/index.php?taxon=Poa pratensis"
72090	"Poa pseudoaltaica"	"https://openherbarium.org/taxa/index.php?taxon=Poa pseudoaltaica"
72086	"Poa raduliformis"	"https://openherbarium.org/taxa/index.php?taxon=Poa raduliformis"
72073	"Poa remota"	"https://openherbarium.org/taxa/index.php?taxon=Poa remota"
72094	"Poa reverdattoi"	"https://openherbarium.org/taxa/index.php?taxon=Poa reverdattoi"
72085	"Poa sergieyskajae"	"https://openherbarium.org/taxa/index.php?taxon=Poa sergieyskajae"
72316	"Poa shapshalica"	"https://openherbarium.org/taxa/index.php?taxon=Poa shapshalica"
72075	"Poa sibirica"	"https://openherbarium.org/taxa/index.php?taxon=Poa sibirica"
72083	"Poa soboleyskiana"	"https://openherbarium.org/taxa/index.php?taxon=Poa soboleyskiana"
72093	"Poa sphondyloides"	"https://openherbarium.org/taxa/index.php?taxon=Poa sphondyloides"
72095	"Poa stepposa"	"https://openherbarium.org/taxa/index.php?taxon=Poa stepposa"
59671	"Poa supina"	"https://openherbarium.org/taxa/index.php?taxon=Poa supina"
72080	"Poa tianschanica"	"https://openherbarium.org/taxa/index.php?taxon=Poa tianschanica"
14396	"Poa trivialis"	"https://openherbarium.org/taxa/index.php?taxon=Poa trivialis"
72102	"Poa tshuensis"	"https://openherbarium.org/taxa/index.php?taxon=Poa tshuensis"
72084	"Poa turfosa"	"https://openherbarium.org/taxa/index.php?taxon=Poa turfosa"
72088	"Poa urssulensis"	"https://openherbarium.org/taxa/index.php?taxon=Poa urssulensis"
72078	"Poa vereszaginii"	"https://openherbarium.org/taxa/index.php?taxon=Poa vereszaginii"
72092	"Poa x levitskyi"	"https://openherbarium.org/taxa/index.php?taxon=Poa x levitskyi"
72091	"Poa x navashinii"	"https://openherbarium.org/taxa/index.php?taxon=Poa x navashinii"
19600	Polypodiaceae	https://Openherbarium.org/taxa/index.php?taxon=Polypodiaceae
19596	Pteridaceae	https://Openherbarium.org/taxa/index.php?taxon=Woodsiaceae
19557	Salviniaceae	https://Openherbarium.org/taxa/index.php?taxon=Salviniaceae
19562	Selaginellaceae	https://Openherbarium.org/taxa/index.php?taxon=Selaginellaceae
42059	Sinopteridaceae	https://Openherbarium.org/taxa/index.php?taxon=Sinopteridaceae
19578	Thelypteridaceae	https://Openherbarium.org/taxa/index.php?taxon=Thelypteridaceae
26428	Woodsiaceae	https://Openherbarium.org/taxa/index.php?taxon=Woodsiaceae
