from	statement	to
1	"Uppermost sheaths closed 2/3 their length or more"	2
1	"Uppermost sheaths closed less than  2/3 their length"	4
2	"Lemmas pubescent along keels and marginal veins, with a a tuft of long hairs on the callus; lower sheaths and portions of culms compressed, almost 2-edged"	"Poa remota"
2	"Lemmas completely glabrous; sheaths and culms usually terete throughout, rarely slightly compressed neat the base (aggr. Poa sibirica)"	3
3	"Plants robust, growing predominantly in forest and subalpine belts; leaf blades 3-4 mm wide; lower internodes 2-4 mm in diameter"	"Poa insignis"
3	"Plants usually alpine; leaf blades 1.5-3 mm wide; lower internodes 1-2 mm in diameter"	"Poa sibirica"
4	"Uppermost sheaths closed more than 1/4 their length"	5
4	"Uppermost sheaths closed less than 1/4 their length"	21
5	"Shoots bulbous based"	"Poa bulbosa"
5	"Shoots not bulbous based"	6
6	"Lemma calluses glabrous"	7
6	"Lemma calluses usually with a tuft of long hairs, this sometimes poorly developed"	9
7	"Lemmas usually variegated, pubescent between the veins; plants alpine"	"Poa alpina"
7	"Lemmas usually green, pubescent only over the keels and marginal veins; plants of plains and lower to middle mountain belts and sometimes along paths in the alpine belt"	8
8	"Anthers not more than 1 mm long"	"Poa annua"
8	"Anthers more than 1 mm long"	"Poa supina"
9	"Glumes unequally veined, one with 3 veins, the other with 1; palea keels with very small prickles; ligules of uppermost leaves 3-5 mm long, narrowly acute"	"Poa trivialis"
9	"Both glumes 3-veined; palea keels with well-developed prickles; ligules of uppermost leaves up to 3.5 mm long"	10
10	"Spikelets usually variegated, 3-8 mm long; lemmas pubescent between the veins; plans alpine (aggr. Poa smirnovii)"	11
10	"Spikelets green, 3-5 mm long; lemmas pubescent over the keels and marginal veins; plants of plains and mountains but usually not alpine"	12
11	"Shoots solitary or 2-3 together; spikelets not viviparous"	"Poa mariae"
11	"Shoots usually in loose tufts; spikelets viviparous"	"Poa polozhiae"
12	"Uppermost sheaths closed for 2/3-3/4 their length; plants alpine"	"Poa vereszaginii"
12	"Uppermost sheaths closed less than 1/2 their length (aggr. Poa pratensis"	13
13	"Plants of the steppes; blades grayish green, relatively hard"	14
13	"Plants of more humid habitats; blades green or bluish and waxy, soft"	15
14	"Innovation leaves convolute, setiform, up to 1 mm in diameter"	"Poa angustifolia"
14	"Innovation leaves flat or folded, arcuate, 2-4 mm wide, slightly fleshy"	"Poa tianschanica"
15	"Plants alpine; panicle branches smooth"	16
15	"Plants of the middle or lower montane belts or the plains; panicle branches scabrous"	18
16	"Culms 20-80 cm tall; panicles narrow, ovate"	17
16	"Culms 7-15 cm tall; panicles open, pyramidal"	"Poa kuraica"
17	"Lemmas pubescent only over the keels and marginal veins"	"Poa alpigena"
17	"Lemmas pubescent over the keels, marginal, and intermediate veins"	"Poa soboleyskiana"
18	"Plants of meadows and swamps"	19
18	"Plants of forests; innovation shoots solitary or 2-3 together"	20
19	"Blades of innovation leaves 1.2-5 mm wide, usually flat, sometimes waxy-bluish; plants of meadows"	"Poa pratensis"
19	"Blades of innovation leaves up to 1.2 mm wide; plants of peat bogs"	"Poa turfosa"
20	"Blades of innovation leaves usually folded, narrow, up to 1.2 mm wide; rhizomes pale or straw-colored; lower sheaths and internodes slightly compressed"	"Poa sergieyskajae"
20	"Blades of innovation leaves 3-5 mm wide; lower sheaths and internodes strongly compressed, sheaths almost keeled; rhizomes orange"	"Poa raduliformis"
21	"Culms 20-80 cm tall; uppermost nodes exposed, above to slightly lower midlength"	22
21	"Plants usually alpine or subalpine; culms up to 25(-40) cm tall (if from steppe, check aggr. Poa versicolor); uppermost nodes concealed by the sheath of the leaf below, usually below mid-culm length"	34
22	"Plants mesomorphic; top cauline node usually above mid-culm length, rarely slightly lower; blades  longer than the sheaths, remaining soft and flat with age (1-)2-4(-5) mm wide; panicles open, longest branches about half as long as the panicles"	23
22	"Plants more or less xeromorphic; top cauline node usually below mid-culm length; leaf blades shorter than or as long as the sheaths, initally soft but becoming hard and setiform as they wither ; panicles narrow, longest branches about 1/3 the length of the panicles"	25
23	"Ligules of uppermost leaves (1.8-)2-3 mm long; lemma calluses with a tuft of hairs"	"Poa palustris"
23	"Ligules of uppermost leaves 0.2-1.5 mm long"	24
24	"Rachillas glabrous"	"Poa intricata"
24	"Rachillas pubescent; ligules of upper most leaves to 1 mm long"	"Poa nemoralis"
25	"Top nodes located 1/3-1/2 way up the culms; leaf blades soft, almost equal to the sheaths; panicles 1.5-3 times as long as the longest panicle branches (Aggr. Poa urssulensis)"	26
25	"Top nodes in lowest 1/3 of the culms; leaf blades firm, folded, 1/or less the length of the sheaths"	27
26	"Lemma calluses with a tuft of hairs"	"Poa urssulensis"
26	"Lemma calluses glabrous"	"Poa krylovii"
27	"Plants alpine or subalpine"	28
27	"Plants of plains or lower or midmountain belts"	30
28	"Lemmas glabrous between the veins; panicles usually with few spikelets; plants subalpine, growing on cliffs, among bushes, rarely in forests near timberline"	"Poa pseudoaltaica"
28	"Lemmas pubescent between the veins; plants of alpine steppes"	29
29	"Paleas with prickles and hairs on the keels, pubescent between the keels"	"Poa x navashinii"
29	"Paleas with prickles but not hairs on the keels, glabrous between the keels"	"Poa x levitskyi"
30	"Ligules (3-)3.5-8 mm long; shortest panicle branch at lowest node 1-2 mm long"	"Poa sphondyloides"
30	"Ligules shorter than 3.5 mm (aggr. Poa versicolor)"	31
31	"Ligules shorter than 1(1.2) mm"	"Poa reverdattoi"
31	"Ligules longer than 1(1.2) mm"	32
32	"Panicles (1.5)2-8(-20) cm wide, more or less open, particularly when flowering; longest branches up to 1/3 as long as the panicle"	"Poa stepposa"
32	"Panicles up to 1.5 cm wide, spikelike except when flowering; longest branches up to 1/3 as long as the panicle"	33
33	"Lemmas pubescent between the veins; calluses usually glabrous"	"Poa reverdattoi"
33	"Lemmas glabrous between the veins; calluses with a tuft of hairs"	"Poa botryoides"
34	"Culms 20-30(-45) cm tall; spikelets 3-5(-7) mm long; leaf blades glaucous, firm; plants of subalpine to lower alpine habitats"	"Poa pseudoaltaica"
34	"Culms 5-15(-25) cm tall or, if taller, spikelets 5-8 mm and leaf blades green and soft; plants of alpine habitats"	35
35	"Panicles varying from elongate to almost pyramidal; longest panicle branches 1.5-2 cm long; spikelets (3.8)4-6(-8) mm long, from slightly clustered to dispersed; upper cauline internodes 1.5-2 mm in diameter; leaf blades glaucous, frequently dark violet, folded or flat (Aggr. Poa glauca)"	36
35	"Panicles varying from ovoid to spikelike; longest panicle branches shorter than 1(1.5) cm long; spikelets 3-4(-5) mm long, clustered; uppermost cauline internodes up to 1 mm in diameter; leaf blades greenish yellow, folded"	39
36	"Culms 10-20 cm tall; panicles open, ovoid; longest branches more than 3 cm long; leaf blades green, soft, reaching at least the base of panicle"	37
36	"Culms (5)8-15 cm tall; panicles varying from spikelike to pyramidal, especially when flowering; longest branches up to 2.5 cm long; leaf blades glaucous, firm, not reaching the base of the panicle"	38
37	"Lemma calluses glabrous"	"Poa shapshalica"
37	"Lemma calluses with a tuft of hairs"	"Poa altaica"
38	"Lemma calluses glabrous"	"Poa litviniviana"
38	"Lemma calluses with a tuft of hairs"	"Poa glauca"
39	"Plants densely cespitose; innovations usually intravaginal leaf blades folded, 0.5-1 mm wide ?when folded) (Aggr. Poa attenuata)"	40
39	"Plants cespitose; branching usually extravaginal; leaf blades 1-1.5 mm wide (?when folded) (Aggr. Poa albertii)"	42
40	"Leaf blades thin, withering when dry"	"Poa actruensis"
40	"Leaf blades setiform, wirelike when dry"	41
41	"Lemma calluses glabrous"	"Poa dahurica"
41	"Lemma calluses with a tuft of hairs"	"Poa attenuata"
42	"Lemmas glabrous between the veins; calluses usually glabrous, sometimes with a poorly developed tuft of hairs"	"Poa albertii"
42	"Lemmas pubescent between the veins; calluses usually with a tuft of hairs"	"Poa tshuensis"
