from	statement	to	shortcut
1	"Plants shrubs; branches segmented, green or bluish-green; leaves united into sheaths around the stems; plants unisexual; seeds surrounded by juicy red or yellow scales forming a berry-like structure"	Ephedraceae	Ephedra
1	"Plants trees or shrubs; branches not jointed; leaves linear, narrowly triangular, or scale-like, not united into sheaths"	2	
2	"Plants trees with linear leaves at least 2 cm long; cones woody, ovoid"	Pinaceae	
2	"Plants shrubs; leaves narrowly triangular to linear and less than 2 cm or triangular and scale-like; cones fibrous, not woody, spherical"	Cupressaceae	Juniperus
