from	statement	to
1	"Влагалища верхних листьев замкнуты на 2/3 длины и более"	2
1	"Влагалища верхних листьев замкнуты на менее чем на 2/3 длины"	4
2	"Нижние цветковые чешуи опушены по килю и краевым жилкам, с пучком длинных извилистых волосков на каллусе. Влагалища и стебли в нижней части сильно сплюснуты, почти обоюдоострые"	"Poa remota"
2	"Нижние цветковые чешуи совершенно голые. Влагалища и стебли в нижней части цилиндрические или лишь слегка сплюснуты (aggr. Poa sibirica)"	3
3	"Мощные растения преимущественно лесного пояса. Листовые пластинки 2–4 мм ширины, стебли в нижних узлах 2-4 мм толщины"	"Poa insignis"
3	"Растения преимущественно лесного пояса. Листовые пластинки 1.5–4  мм ширины, стебли в нижних узлах 1-2 мм толщины"	"Poa sibirica"
4	"Влагалища верхних листьев замкнуты  более чем на ¼ длины"	5
4	"Влагалища верхних листьев замкнуты  менее чем на ¼ длины"	21
5	"Основания стеблей луковицеобразно утолщены"	"Poa bulbosa"
5	"Основания стеблей не утолщены луковицеобразно"	6
6	"Каллус нижних цветковых чешуй голый"	7
6	"Каллус нижних цветковых чешуй с пучком длинных извилистых волосков, иногда он слабо выражен"	9
7	"Нижние цветковые чешуи обычно пестро окрашенные и хорошо опушены между жилками; растения  верхнего горного пояса"	"Poa alpina"
7	"Нижние цветковые чешуи обычно зеленые, опушены только по килю и жилкам;растения равнин и нижнего  горного пояса, встречающиеся в высокогорьях только вдоль троп"	8
8	"Пыльники не более 1 мм дл"	"Poa annua"
8	"Пыльники более 1 мм дл."	"Poa supina"
9	"Колосковые чешуи существенно различаются по ширине, одна – с тремя жилками, другая – только с одной"	"Poa trivialis"
9	"Обе колосковые чешуи с тремя жилками"	10
10	"Колоски обычно пестро окрашенные, крупные (5–8 мм дл.); верхние цветковые чешуи, а чаще всего и нижние, опушены между килями (жилками); растения верхнего горного пояса… (aggr. Poa smirnovii)"	11
10	"Колоски обыкновенно зеленые, средних размеров (3.5–5 мм дл.); и верхние, и нижние цветковые чешуи всегда голые между килями (жилками); растения равнин и гор"	12
11	"Побеги одиночные или в числе 2–3, колоски не пролиферированные"	"Poa mariae"
11	"Побеги обычно собраны в рыхлую дерновинку, колоски  пролиферированные"	"Poa polozhiae"
12	"Влагалища верхних листьев замкнуты на ½–3/4 длины; растения верхнего горного пояса"	"Poa vereszaginii"
12	"Влагалища верхних листьев замкнуты менее чем на ½–длины (aggr. Poa pratensis)"	13
13	"Степные растения;  листовые пластинки жесткие, серовато-зеленые"	14
13	"Растения гумидных местообитаний  с более или менее мягкими листовыми пластинками, зелеными или голубоватыми от воскового налета"	15
14	"Листовые пластинки побегов возобновления узкие, щетиновидные, до 1 мм в диаметре"	"Poa angustifolia"
14	"Листовые пластинки побегов возобновления относительно широкие, плоские, немного мясистые, часто вдоль сложенные, дуговидно изогнутые, 2–4 мм шир."	"Poa tianschanica"
15	"Растения верхнего горного пояса; веточки метелки преимущественно гладкие"	16
15	"Растения среднего и нижнего горных поясов или равнин;  Веточки метелки преимущественно шероховатые от коротких шипиков"	18
16	"Растения 20–80 см выс.; метелка узкая, яйцевидная"	17
16	"Растения 7–15 см см выс.; метелка широкая, пирамидальная"	"Poa kuraica"
17	"Нижняя цветковая чешуя опушена только по краевым жилкам и килям"	"Poa alpigena"
17	"Нижняя цветковая чешуя опушена и по краевым, и по промежуточным жилкам"	"Poa soboleyskiana"
18	"Луговые и болотные растения"	19
18	"Лесные растия ; innovation shoots solitary or 2-3 together"	20
19	"Листовые пластинки побегов возобновления 1.2–5 мм шир., обычно не сложенные  вдоль, нередко сизоватые от воскового налета; луговые растения"	"Poa pratensis"
19	"Листовые пластинки побегов возобновления длинные, узкие,  до 1.2 мм шир., обычно вдоль сложенные; растения торфяных болот"	"Poa turfosa"
20	"Листья побегов возобновления длинные и узкие, около 1 (1.2) мм шир., обыкновенно вдоль сложенные, корневища сероватые или соломенного цвета; стебли и влагалища нижних листьев слегка приплюснутые"	"Poa sergieyskajae"
20	"Листья побегов широкие, 3–5 мм, плоские; корневища оранжевые; влагалища нижних листьев сильно сжатые, иногда почти килевидные"	"Poa raduliformis"
21	"Растения высотой (25–)30–100 cм, верхний узел обычно открыт"	22
21	"Растения до 25(–40) cм, обыкновенно альпийского или субальпийского пояса (если степные – см. 30 – Aggr. P. versicolor); верхний узел обычно в нижней части стебля и скрыт влагалищем второго листа"	34
22	"Мезоморфные растения; верхний узел в верхней половине стебля (редко – немного ниже), листовые пластинки мягкие, плоские, (1)2–4(5) мм ширины, длиннее влагалища; метелка раскрытая, с длинными веточками, достигающими половины длины метелки."	23
22	"Более или менее ксероморфные растения; верхний узел в нижней половине стебля, листовые пластинки от сравнительно мягких, при высыхании завядающих, до жестких, щетиновидных, равные влагалищу или немного короче его; метелки узкие, наиболее длинные веточки не превышают 1/3 длины метелки Plants more or less xeromorphic; top cauline node usually below mid-culm length; leaf blades vary from quite soft and witherindg being dry to hard and setiform"	25
23	"Язычок верхних листьев (1.8-)2–3 мм дл., каллус нижней цветковой чешуи с пучком длинных волосков"	"Poa palustris"
23	"Язычок верхних листьев 0.2–1.5 (2) мм дл"	24
24	"Ось колоска голая"	"Poa intricata"
24	"Ось колоска опушена, язычок до 1 мм дл"	"Poa nemoralis"
25	"Верхний узел между половиной и нижней третью стебля (ближе к нижней трети),  листовые пластинки относительно мягкие, почти равные влагалищу. Метелки с довольно длинными, в 1.5–3 раза короче метелки веточками (Aggr. Poa urssulensis)"	26
25	"Верхний узел в нижней трети стебля, листовые пластинки жесткие, вдоль сложенные, часто в 2 и более раз  короче влагалища"	27
26	"Каллус нижних цветковых чешуй с пучком длинных извилистых волосков"	"Poa urssulensis"
26	"Каллус нижних цветковых чешуй голый"	"Poa krylovii"
27	"Альпийские или субальпийские растения"	28
27	"Равнинные или горные растения, не заходящие в верхний горный пояс"	30
28	"Нижние цветковые чешуи между жилками голые; метелки часто с немногочисленными, рассеянными колосками;  субальпийские растения, обитающие на обнажениях горных пород в зарослях кустарников и разреженных лесах у верхней границы"	"Poa pseudoaltaica"
28	"Нижние цветковые чешуи между жилками опушенные; высокогорно-степные растения"	29
29	"Верхние цветковые чешуи по килям с шипиками и волосками, между килями опушенные"	"Poa x navashinii"
29	"Верхние цветковые чешуи по килям с шипиками, опушение между килями отсутствует"	"Poa x levitskyi"
30	"Язычок (3)3.5–8 мм дл.; длина самой короткой веточки нижнего яруса 1–2 мм, не превышает длину колоска"	"Poa sphondyloides"
30	"Язычок короче 3.5 мм (aggr. Poa versicolor)"	31
31	"Длина язычка менее 1(1.2) мм"	"Poa reverdattoi"
31	"Длина язычка превышает 1(1.2) мм"	32
32	"Метелка более или менее широкая, особенно во время цветения, (1.5)2–8(20) см шир., с веточками достигающими 1/3 ее длины"	"Poa stepposa"
32	"Метелка узкая, сжатая, колосовидная, до 1.5 см ширины, с короткими веточками, не превышающими 1.5 (2) см и обычно не достигающими 1/3 ее длины, иногда во время цветения более или менее раскидистая"	33
33	"Нижние цветковые чешуи между жилками опушенные, каллус нижней цветковой чешуи обыкновенно голый"	"Poa reverdattoi"
33	"Нижние цветковые чешуи между жилками голые; каллус нижней цветковой чешуи обыкновенно с пучком длинных извилистых волосков"	"Poa botryoides"
34	"Растения  20–30 (45) cм; колоски 3–5 (7) мм, листовые пластинки серовато-зеленые, жестковатые; субальпийские растения, (или заходящие в альпийский пояс"	"Poa pseudoaltaica"
34	"Растения 5–15(–25) cм, (если выше, то колоски 5–8 мм, листовые пластинки зеленые, мягкие); альпийские растения"	35
35	"Метелки от удлиненных до почти пирамидальных, наиболее длинные веточки 1.5–2 cм, колоски от слабо скученных до рассеянных, (3.8–)4–6(8) мм; верхние междоузлия нередко до 1.5–2 мм толщины; листовые пластинки обычно относительно тонкие, со временем увядающие, вдоль сложенные или плоские; растения серовато-зеленые, колоски и вегетативные части побега нередко темно-окрашенные (Aggr. Poa glauca)"	36
35	"Метелки от густых яйцевидных до колосовидных, с прижатыми веточками, наиболее длинные из них не превышают 1(–1.5) cм; колоски 3–4(–5) мм дл., скученные на веточках, верхние междоузлия относительно тонкие, не более 1 мм в диаметре; листовые пластинки обычно со временем делаются жесткими, узкими, свернутыми или скрученными; растения с серовато-соломенным оттенком, цветковые чешуи иногда с розоватой полоской"	39
36	"Растения 10-20 см выс.; метелка рыхлая, овальная, с длинными веточками,наиболее длинные превышают 3 см; колоски рассеянные, крупные, 5–7(8) мм. Листья зеленые, мягкие, достигающие соцветия"	37
36	"Растения (5)8–15 см выс.; метелки от узких, сжатых, до пирамидальных, особенно во время цветения, наиболее длинные не превышают 2.5 см; листовые пластики серовато-зеленые или темно-окрашенные, жесткие, чаще вдоль сложенные, не достигающие соцветия"	38
37	"Каллус нижней цветковой чешуи голый"	"Poa shapshalica"
37	"Каллус нижней цветковой чешуи с пучком длинных извилистых  волосков"	"Poa altaica"
38	"Каллус нижней цветковой чешуи голый"	"Poa litviniviana"
38	"Каллус нижней цветковой чешуи с пучком длинных извилистых  волосков"	"Poa glauca"
39	"Плотно-дерновинные растения, побеги чаще интравагинальные, листовые пластинки свернутые или скрученные, 0.5–1 мм  ширины (Aggr. Poa attenuata)"	40
39	"Растения с умеренно-плотной дерновиной, побеги обычно экстравагинальные, листовые пластинки вдоль сложенные, 1–1.5 мм шириной (Aggr. Poa albertii)"	42
40	"Листья относительно тонкие, при высыхании завядающие"	"Poa actruensis"
40	"Листья жесткие, при высыхании щетиновидные"	41
41	"Каллус нижней цветковой чешуи голый"	"Poa dahurica"
41	"Каллус нижней цветковой чешуи c пучком длинных извилистых волосков"	"Poa attenuata"
42	"Нижние цветковые чешуи между жилками голые; каллус обыкновенно также голый или со слабовыраженным пучком длинных извилистых  волосков"	"Poa albertii"
42	"Нижние цветковые чешуи между жилками опушенные, каллус обыкновенно с пучком длинных извилистых  волосков"	"Poa tshuensis"
