from	statement	to
1	"Ости почти прямые или слабоизогнутые, обычно с 1 коленом, 0.5–1.5 см длиной. Язычки генеративных листьев имеют треугольную форму, заостренные, 5–10 мм длиной. Растение обычно более 100 см высотой"	"Achnatherum splendens"
1	"Ости дважды коленчатосогнуты, скручены ниже колена, 1.5–2 см длиной. Язычки меньше 2 мм длиной"	2
2	"Верхние колосковые чешуи только по жилкам с шипиками, по средней жилке они крупнее и заметнее, в остальном голые. Листья генеративных побегов с внешней стороны гладкие"	"Achnatherum sibiricum"
2	"Верхние колосковые чешуи почти по всей поверхности покрыты шипиками или щетинками. Листья генеративных побегов с внешней стороны шероховатые из-за наличия шипиков"	"Achnatherum confusum"
