from	statement	to	shortcut
1	"Кустарники с членистыми зелеными или сизо-зелеными ветвями и с листьями в виде перепончатых влагалищ. Растения двудомные. Семена окружены разрастающимися сочными красными или желтоватыми чешуями и шишка приобретает вид ягоды"	Ephedraceae	Ephedra
1	"Деревья или кустарники с не членистыми ветвями и и игловидными или чешуевидными листьями"	2	
2	"Деревья с игловидными, длинными листьями; семенные шишки деревянистые"	Pinaceae	
2	"Кустарники с короткими игловидными или чешуевидными листьями; семенные шишки сочные, ягодообразные"	Cupressaceae	Juniperus
