from	statement	to
1	"Plants almost always aquatic, rarely growing on soil of periodically drying out reservoirs"	2
1	"Plants terrestrial, sometimes growing on banks of streams and lakes"	4
2	"Leaves linear, with a ligule on inner surface; plants no rhizomatous"	Isoetaceae
2	"Leaves not linear, without a ligule; plants rhizomatous"	3
3	"Plants free-floating; leaves (fronds) in whorls of 3, 2 simple and entire, the third dissected"	Salviniaceae
3	"Plants attached to the substrate; leaves (fronds) variously clustered, each with 4 -wedge-shaped segments"	Marsileaceae
4	"Plants with hollow, jointed stems; strobili terminal"	Equisetaceae
4	"Plants with non-segmented stems"	5
5	"Sporangia solitary, in the axils of unmodified leaves or bracts, bracts aggregated into elongated strobili"	6
5	"Sporangia several together, on the underside or edges of the blades or in specialized fronds, not axillary"	8
6	"Sporangia not in elongated strobili, subtended by unmodified leaves"	Huperziaceae
6	"Sporangia in elongated strobili, subtended by bracts, these sometimes closely resembling the leaves"	7
7	"Plants homosporous, the female and male sporangia similar in size; sporangia not covered by a ligule"	Lycopodiaceae
7	"Plants heterosporous, the female sporangia larger than the microsporangia and located on the lower leaves; sporangia covered by a ligule"	Selaginellaceae
8	"Leaves dimorphic, some with separate spore-bearing and vegetative parts, others entirely spore-bearing and sharply different from vegetative leaves"	9
8	"Leaves monomorphic"	12
9	"Leaf blades with separate vegetative and spore-bearing parts"	10
9	"Leaf blades either spore-bearing or vegetative, not both"	11
10	"Vegetative part of blades simple"	Ophioglossaceae
10	"Vegetative part of blades pinnately divided"	Botrychiaceae
11	"Plants 5–20 cm tall; spore-bearing leaves longer than vegetative leaves"	Cryptogrammaceae
11	"Plants 40–150 cm tall; spore-bearing leaves shorter than vegetative leaves"	Onocleaceae
12	"Sori without Indusia"	13
12	"Sori with indusia"	17
13	"Leaf blades simple or once pinnate"	Polypodiaceae
13	"Leaf blades 2-4-times pinnate"	14
14	"Sori near the margins; lower leaf surfaces densely covered with hairs, scales or stalked glands; plants xerophilous"	Sinopteridaceae
14	"Sori not near the margins; lower leaf surfaces sometimes with hairs, scales, or stalked glands but not densely covered by them; plants mesophytic"	15
15	"Blade axes winged distally for more than half the axis length"	Thelypteridaceae
15	"Blade axes not winged or winged distally for no more than 1/3 length"	16
16	"Rhizomes short, rather thick, ending in a rosette of leaves"	Athyriaceae
16	"Rhizomes long, creeping, and relatively thin; leaves all solitary"	Cystopteridaceae
17	"Petioles articulated above their bases, breaking easily"	Woodsiaceae
17	"Petioles not articulated"	18
18	"Sori marginal, covered the edges of the leaf blades"	Hypolepidaceae
18	"Sori usually  distant from the leaf edges and not covered by the reflexed margins, if marginal, the indusia goblet-shaped"	19
19	"19. Indusions are thyroid or rounded-reniform"	20
19	"Indusions are oblong, linear, ovoid or cap-shaped, straight or curved"	21
20	"Sori nearer the lobe  edges than their midline;  in spore-bearing leaves, lobes of the last order with reflexed edges"	Thelypteridaceae
20	"Sori located on the lobes of the last order, approximately halfway between the midvein and the edges; in spore-bearing leaves, lobe edges not reflexed"	Dryopteridaceae
21	"Indusia elliptical and curved, ovoid, or cap-like"	22
21	"Indusia linear, straight"	Aspleniaceae
22	"Plants 5-30 (40) cm tall; sori round"	Cystopteridaceae
22	"Plants 30–150 cm tall; sori oblong"	Athyriaceae
