id	created_at	updated_at	title	author	description	item	spatial	remarks	source_id	created_by	updated_by	key_file
9779	"2019-07-16 10:40:46"	"2020-04-02 04:32:16"	"Achnatherum species"			Achnatherum	Altaia			niels.klazenga@rbg.vic.gov.au	mary.barkworth@usu.edu	key-9779-achnatherum-species.tsv
9789	"2019-07-19 09:51:13"	"2019-07-19 10:01:03"	"Gymnosperm families"			Gymnospermae	"Altai Mountain Country"			mary.barkworth@usu.edu	niels.klazenga@rbg.vic.gov.au	key-9789-gymnosperm-families.tsv
10325	"2020-04-02 01:58:46"	"2020-09-15 00:15:09"	"Poa species aggregates and species (English)"	"Marina V. Olonova"	"Poa is known for its taxonomic complexity. This arises from a combination of apomixis, polyploidy, environmental modification, and lack of collections, particularly from alpine environments. Today, the tendency is to adopt a broad species concept. Studies of variation and phylogeny frequently include only 1-2 representatives of ""accepted"" taxa. Consequently, they overlook much of the variation evident in the field. Olonova, a field botanist with extensive experience in alpine and subalpine regions, adopts a narrower species concept than most. Her species aggregates (for example, “aggr. Poa versicolor”) correspond, in general to the broader species concepts often adopted by other workers (and sometimes insisted on by editors of floras). The use of a narrower species concept enables a better reflection of the range of variation seen in the field while her collections permit better exploration of the bases of such variation."	Poa	"Altai "			mary.barkworth@usu.edu	mary.barkworth@usu.edu	key-10325-poa-species-aggregates-and-species-english.tsv
10483	"2020-04-25 21:34:31"	"2020-06-03 06:48:22"	"Poa species aggregates and species (in Russian)"	"Marina Olonova"		Poa	"Altai Region, Russia"			mary.barkworth@usu.edu	mary.barkworth@usu.edu	key-10483-poa-species-aggregates-and-species-in-russian.tsv
10981	"2020-09-15 00:35:39"	"2020-09-14 14:35:39"	"Gymnosperms families (Russian)"		"This is the original key"	Pinophyta	"Altai mountains"			mary.barkworth@usu.edu	niels.klazenga@rbg.vic.gov.au	key-10981-gymnosperms-families-russian.tsv
10982	"2020-09-15 05:51:27"	"2020-09-15 06:36:03"	"Lycopod, horsetail, and fern families (English)"		"An edited version of the English translation currently (2020-09-15) on the web site"	"Lycopods, horsetails, ferns"	Altai			mary.barkworth@usu.edu	mary.barkworth@usu.edu	key-10982-lycopod-horsetail-and-fern-families-english.tsv
10983	"2020-09-15 06:34:00"	"2020-09-14 20:34:01"	"Lycopod, horsetail, and fern families (English, PPG)"			"Lycopods, horsetails, and ferns"	Altai			mary.barkworth@usu.edu	niels.klazenga@rbg.vic.gov.au	key-10983-lycopod-horsetail-and-fern-families-english-ppg.tsv
11057	"2020-09-26 05:08:49"	"2020-09-25 19:08:50"	"Beckmannia species"			Beckmannia	"Altai Krai"			mary.barkworth@usu.edu	niels.klazenga@rbg.vic.gov.au	key-11057-beckmannia-species.tsv
11058	"2020-09-26 13:10:55"	"2020-10-01 01:16:43"	"Beckmannia species (Russian)"			Beckmannia	Altaia			niels.klazenga@rbg.vic.gov.au	mary.barkworth@usu.edu	key-11058-beckmannia-species-russian.tsv
