id	name	url
26663	Aegilops	
63141	"Aegilops sect. Aegilops"	"https://openherbarium.org/taxa/index.php?taxon=Aegilops sect. Aegilops"
63140	"Aegilops sect. Comopyrum"	"https://openherbarium.org/taxa/index.php?taxon=Aegilops sect. Comopyrum"
63139	"Aegilops sect. Cylindropyrum"	"https://openherbarium.org/taxa/index.php?taxon=Aegilops sect. Cylindropyrum"
63138	"Aegilops sect. Sitopsis"	"https://openherbarium.org/taxa/index.php?taxon=Aegilops sect. Sitopsis"
63137	"Aegilops sect. Vertebrata"	"https://openherbarium.org/taxa/index.php?taxon=Aegilops sect. Vertebrata"
49097	Campeiostachys	
49109	"Campeiostachys × mayebarana"	https://openherbarium.org/taxa/index.php?taxon=Campeiostachys%20×%20mayebarana
49115	"Campeiostachys aristiglumis var. aristiglumis"	"https://openherbarium.org/taxa/index.php?taxon=Campeiostachys aristiglumis var. aristiglumis"
49116	"Campeiostachys aristiglumis var. hirsuta"	"https://openherbarium.org/taxa/index.php?taxon=Campeiostachys aristiglumis var. hirsuta"
49114	"Campeiostachys aristiglumis var. liantha"	"https://openherbarium.org/taxa/index.php?taxon=Campeiostachys aristiglumis var. liantha"
73194	"Campeiostachys dahurica"	https://openherbarium.org/taxa/index.php?taxon=Campeiostachys%20dahurica
49102	"Campeiostachys dahurica var. dahurica"	"https://openherbarium.org/taxa/index.php?taxon=Campeiostachys dahurica var. dahurica"
49101	"Campeiostachys dahurica var. excelsis"	"https://openherbarium.org/taxa/index.php?taxon=Campeiostachys dahurica var. excelsis"
49103	"Campeiostachys dahurica var. pacifica"	"https://openherbarium.org/taxa/index.php?taxon=Campeiostachys dahurica var. pacifica"
49104	"Campeiostachys dahurica var. tangutorum"	"https://openherbarium.org/taxa/index.php?taxon=Campeiostachys dahurica var. tangutorum"
49100	"Campeiostachys dahurica var. villosula"	"https://openherbarium.org/taxa/index.php?taxon=Campeiostachys dahurica var. villosula"
49105	"Campeiostachys dahurica var.cylindrica"	"https://openherbarium.org/taxa/index.php?taxon=Campeiostachys dahurica var.cylindrica"
49107	"Campeiostachys drobovii"	"https://openherbarium.org/taxa/index.php?taxon=Campeiostachys drobovii"
49113	"Campeiostachys himalayana"	"https://openherbarium.org/taxa/index.php?taxon=Campeiostachys himalayana"
49108	"Campeiostachys humidora"	"https://openherbarium.org/taxa/index.php?taxon=Campeiostachys humidora"
49098	"Campeiostachys nutans"	"https://openherbarium.org/taxa/index.php?taxon=Campeiostachys nutans"
49118	"Campeiostachys schrenkiana var. pamirica"	"https://openherbarium.org/taxa/index.php?taxon=Campeiostachys schrenkiana var. pamirica"
49117	"Campeiostachys schrenkiana var. schrenkiana"	"https://openherbarium.org/taxa/index.php?taxon=Campeiostachys schrenkiana var. schrenkiana"
49106	"Campeiostachys tridentata"	"https://openherbarium.org/taxa/index.php?taxon=Campeiostachys tridentata"
60422	"Campeiostachys tsukushiensis"	"https://openherbarium.org/taxa/index.php?taxon=Campeiostachys tsukushiensis"
3101	Hordeum	
32120	"Hordeum arizonicum"	https://openherbarium.org/taxa/index.php?taxon=Hordeum%20arizonicum
60368	"Hordeum bogdanii"	https://openherbarium.org/taxa/index.php?taxon=Hordeum%20bogdanii
59748	"Hordeum brachyantherum"	https://openherbarium.org/taxa/index.php?taxon=Hordeum%20brachyantherum
60366	"Hordeum brevisubulatum"	https://openherbarium.org/taxa/index.php?taxon=Hordeum%20brevisubulatum
59746	"Hordeum bulbosum"	https://openherbarium.org/taxa/index.php?taxon=Hordeum%20bulbosum
60362	"Hordeum capense"	https://openherbarium.org/taxa/index.php?taxon=Hordeum%20capense
60353	"Hordeum chilense"	https://openherbarium.org/taxa/index.php?taxon=Hordeum%20chilense
60360	"Hordeum comosum"	https://openherbarium.org/taxa/index.php?taxon=Hordeum%20comosum
60354	"Hordeum cordobense"	https://openherbarium.org/taxa/index.php?taxon=Hordeum%20cordobense
32125	"Hordeum depressum"	https://openherbarium.org/taxa/index.php?taxon=Hordeum%20depressum
60371	"Hordeum erectifolium"	https://openherbarium.org/taxa/index.php?taxon=Hordeum%20erectifolium
60352	"Hordeum euclaston"	https://openherbarium.org/taxa/index.php?taxon=Hordeum%20euclaston
60351	"Hordeum flexuosum"	https://openherbarium.org/taxa/index.php?taxon=Hordeum%20flexuosum
60359	"Hordeum fuegianum"	https://openherbarium.org/taxa/index.php?taxon=Hordeum%20fuegianum
60372	"Hordeum geniculatum"	https://openherbarium.org/taxa/index.php?taxon=Hordeum%20geniculatum
60370	"Hordeum guatemalense"	https://openherbarium.org/taxa/index.php?taxon=Hordeum%20guatemalense
60364	"Hordeum halophilum"	https://openherbarium.org/taxa/index.php?taxon=Hordeum%20halophilum
32126	"Hordeum intercedens"	https://openherbarium.org/taxa/index.php?taxon=Hordeum%20intercedens
59747	"Hordeum jubatum"	https://openherbarium.org/taxa/index.php?taxon=Hordeum%20jubatum
60365	"Hordeum lechleri"	https://openherbarium.org/taxa/index.php?taxon=Hordeum%20lechleri
14138	"Hordeum marinum"	https://openherbarium.org/taxa/index.php?taxon=Hordeum%20marinum
14139	"Hordeum murinum"	https://openherbarium.org/taxa/index.php?taxon=Hordeum%20murinum
60357	"Hordeum muticum"	https://openherbarium.org/taxa/index.php?taxon=Hordeum%20muticum
60369	"Hordeum parodii"	https://openherbarium.org/taxa/index.php?taxon=Hordeum%20parodii
60355	"Hordeum patagonicum"	https://openherbarium.org/taxa/index.php?taxon=Hordeum%20patagonicum
60361	"Hordeum procerum"	https://openherbarium.org/taxa/index.php?taxon=Hordeum%20procerum
60363	"Hordeum pubiflorum"	https://openherbarium.org/taxa/index.php?taxon=Hordeum%20pubiflorum
59749	"Hordeum pusillum"	https://openherbarium.org/taxa/index.php?taxon=Hordeum%20pusillum
60358	"Hordeum roshevitzii"	https://openherbarium.org/taxa/index.php?taxon=Hordeum%20roshevitzii
14136	"Hordeum secalinum"	https://openherbarium.org/taxa/index.php?taxon=Hordeum%20secalinum
60356	"Hordeum stenostachys"	https://openherbarium.org/taxa/index.php?taxon=Hordeum%20stenostachys
60367	"Hordeum tetraploidum"	https://openherbarium.org/taxa/index.php?taxon=Hordeum%20tetraploidum
14135	"Hordeum vulgare"	https://openherbarium.org/taxa/index.php?taxon=Hordeum%20vulgare
3099	Leymus	
68511	"Leymus aemulans"	"https://openherbarium.org/taxa/index.php?taxon=Leymus aemulans"
68550	"Leymus akmolinearis"	"https://openherbarium.org/taxa/index.php?taxon=Leymus akmolinearis"
68553	"Leymus alaicus var. alaicus"	"https://openherbarium.org/taxa/index.php?taxon=Leymus alaicus var. alaicus"
68554	"Leymus alaicus var. karataviensis"	"https://openherbarium.org/taxa/index.php?taxon=Leymus alaicus var. karataviensis"
68552	"Leymus alaicus var. petraeus"	"https://openherbarium.org/taxa/index.php?taxon=Leymus alaicus var. petraeus"
68541	"Leymus altus"	"https://openherbarium.org/taxa/index.php?taxon=Leymus altus"
59799	"Leymus ambiguus"	"https://openherbarium.org/taxa/index.php?taxon=Leymus ambiguus"
59805	"Leymus angustus"	"https://openherbarium.org/taxa/index.php?taxon=Leymus angustus"
59804	"Leymus arenarius"	"https://openherbarium.org/taxa/index.php?taxon=Leymus arenarius"
68514	"Leymus arjinshanicus"	"https://openherbarium.org/taxa/index.php?taxon=Leymus arjinshanicus"
68531	"Leymus artistiglumis"	"https://openherbarium.org/taxa/index.php?taxon=Leymus artistiglumis"
68524	"Leymus auritus"	"https://openherbarium.org/taxa/index.php?taxon=Leymus auritus"
68525	"Leymus buriaticus"	"https://openherbarium.org/taxa/index.php?taxon=Leymus buriaticus"
59789	"Leymus californicus"	"https://openherbarium.org/taxa/index.php?taxon=Leymus californicus"
68529	"Leymus cappadocicus"	"https://openherbarium.org/taxa/index.php?taxon=Leymus cappadocicus"
68544	"Leymus chakassicus"	"https://openherbarium.org/taxa/index.php?taxon=Leymus chakassicus"
68530	"Leymus chinensis"	"https://openherbarium.org/taxa/index.php?taxon=Leymus chinensis"
59797	"Leymus cinereus"	"https://openherbarium.org/taxa/index.php?taxon=Leymus cinereus"
59793	"Leymus condensatus"	"https://openherbarium.org/taxa/index.php?taxon=Leymus condensatus"
68520	"Leymus coreanus"	"https://openherbarium.org/taxa/index.php?taxon=Leymus coreanus"
68555	"Leymus crassiusculus"	"https://openherbarium.org/taxa/index.php?taxon=Leymus crassiusculus"
68521	"Leymus divaricatus var. divaricatus"	"https://openherbarium.org/taxa/index.php?taxon=Leymus divaricatus var. divaricatus"
68522	"Leymus divaricatus var. fasciculatus"	"https://openherbarium.org/taxa/index.php?taxon=Leymus divaricatus var. fasciculatus"
68560	"Leymus duthiei var. duthiei"	"https://openherbarium.org/taxa/index.php?taxon=Leymus duthiei var. duthiei"
68559	"Leymus duthiei var. japonicus"	"https://openherbarium.org/taxa/index.php?taxon=Leymus duthiei var. japonicus"
68561	"Leymus duthiei var. longiaristatus"	"https://openherbarium.org/taxa/index.php?taxon=Leymus duthiei var. longiaristatus"
68537	"Leymus erianthus"	"https://openherbarium.org/taxa/index.php?taxon=Leymus erianthus"
59795	"Leymus flavescens"	"https://openherbarium.org/taxa/index.php?taxon=Leymus flavescens"
68536	"Leymus flexilis"	"https://openherbarium.org/taxa/index.php?taxon=Leymus flexilis"
68539	"Leymus flexus"	"https://openherbarium.org/taxa/index.php?taxon=Leymus flexus"
59794	"Leymus innovatus"	"https://openherbarium.org/taxa/index.php?taxon=Leymus innovatus"
68504	"Leymus interior"	"https://openherbarium.org/taxa/index.php?taxon=Leymus interior"
68528	"Leymus karelinii"	"https://openherbarium.org/taxa/index.php?taxon=Leymus karelinii"
68558	"Leymus komarovii"	"https://openherbarium.org/taxa/index.php?taxon=Leymus komarovii"
68549	"Leymus kopetdaghensis"	"https://openherbarium.org/taxa/index.php?taxon=Leymus kopetdaghensis"
68548	"Leymus lanatus"	"https://openherbarium.org/taxa/index.php?taxon=Leymus lanatus"
68551	"Leymus latiglumis"	"https://openherbarium.org/taxa/index.php?taxon=Leymus latiglumis"
68512	"Leymus mendocinus"	"https://openherbarium.org/taxa/index.php?taxon=Leymus mendocinus"
59790	"Leymus mollis"	"https://openherbarium.org/taxa/index.php?taxon=Leymus mollis"
59802	"Leymus multicaulis"	"https://openherbarium.org/taxa/index.php?taxon=Leymus multicaulis"
68547	"Leymus ordensis"	"https://openherbarium.org/taxa/index.php?taxon=Leymus ordensis"
68556	"Leymus ovatus"	"https://openherbarium.org/taxa/index.php?taxon=Leymus ovatus"
68526	"Leymus ovipodus"	"https://openherbarium.org/taxa/index.php?taxon=Leymus ovipodus"
68527	"Leymus paboanus"	"https://openherbarium.org/taxa/index.php?taxon=Leymus paboanus"
59796	"Leymus pacificus"	"https://openherbarium.org/taxa/index.php?taxon=Leymus pacificus"
68540	"Leymus pendulus"	"https://openherbarium.org/taxa/index.php?taxon=Leymus pendulus"
68513	"Leymus pishanicus"	"https://openherbarium.org/taxa/index.php?taxon=Leymus pishanicus"
68506	"Leymus pseudoracemosus"	"https://openherbarium.org/taxa/index.php?taxon=Leymus pseudoracemosus"
68523	"Leymus pubinodus"	"https://openherbarium.org/taxa/index.php?taxon=Leymus pubinodus"
68557	"Leymus qinghaicus"	"https://openherbarium.org/taxa/index.php?taxon=Leymus qinghaicus"
68509	"Leymus racemosus var. crassinervius"	"https://openherbarium.org/taxa/index.php?taxon=Leymus racemosus var. crassinervius"
68510	"Leymus racemosus var. cylindricus"	"https://openherbarium.org/taxa/index.php?taxon=Leymus racemosus var. cylindricus"
68507	"Leymus racemosus var. racemosus"	"https://openherbarium.org/taxa/index.php?taxon=Leymus racemosus var. racemosus"
68508	"Leymus racemsus var. sabulosus"	"https://openherbarium.org/taxa/index.php?taxon=Leymus racemsus var. sabulosus"
68516	"Leymus ramosus"	"https://openherbarium.org/taxa/index.php?taxon=Leymus ramosus"
68515	"Leymus ruoqiangensis"	"https://openherbarium.org/taxa/index.php?taxon=Leymus ruoqiangensis"
63220	"Leymus salinus subsp. mojavensis"	"https://openherbarium.org/taxa/index.php?taxon=Leymus salinus subsp. mojavensis"
68518	"Leymus salinus subsp. salinus"	"https://openherbarium.org/taxa/index.php?taxon=Leymus salinus subsp. salinus"
68517	"Leymus salinus subsp. salmonis"	"https://openherbarium.org/taxa/index.php?taxon=Leymus salinus subsp. salmonis"
68542	"Leymus secalinus var. ligulatus"	"https://openherbarium.org/taxa/index.php?taxon=Leymus secalinus var. ligulatus"
68546	"Leymus secalinus var. pubescens"	"https://openherbarium.org/taxa/index.php?taxon=Leymus secalinus var. pubescens"
68545	"Leymus secalinus var. secalinus"	"https://openherbarium.org/taxa/index.php?taxon=Leymus secalinus var. secalinus"
68543	"Leymus secalinus var. tenuis"	"https://openherbarium.org/taxa/index.php?taxon=Leymus secalinus var. tenuis"
68532	"Leymus shanxiensis"	"https://openherbarium.org/taxa/index.php?taxon=Leymus shanxiensis"
68519	"Leymus sibiricus"	"https://openherbarium.org/taxa/index.php?taxon=Leymus sibiricus"
59800	"Leymus simplex"	"https://openherbarium.org/taxa/index.php?taxon=Leymus simplex"
68535	"Leymus sphacelatus"	"https://openherbarium.org/taxa/index.php?taxon=Leymus sphacelatus"
68538	"Leymus tianschanicus"	"https://openherbarium.org/taxa/index.php?taxon=Leymus tianschanicus"
59801	"Leymus triticoides"	"https://openherbarium.org/taxa/index.php?taxon=Leymus triticoides"
68533	"Leymus tuvinicus"	"https://openherbarium.org/taxa/index.php?taxon=Leymus tuvinicus"
68505	"Leymus villosissimus"	"https://openherbarium.org/taxa/index.php?taxon=Leymus villosissimus"
63262	"Leymus x multiflorus"	"https://openherbarium.org/taxa/index.php?taxon=Leymus x multiflorus"
63261	"Leymus x vancouverensis"	"https://openherbarium.org/taxa/index.php?taxon=Leymus x vancouverensis"
68534	"Leymus yiunensis"	"https://openherbarium.org/taxa/index.php?taxon=Leymus yiunensis"
59750	Psathyrostachys	
62927	"Psathyrostachys caduca"	https://openherbarium.org/taxa/index.php?taxon=Psathyrostachys%20caduca
62936	"Psathyrostachys daghestanica"	https://openherbarium.org/taxa/index.php?taxon=Psathyrostachys%20daghestanica
62942	"Psathyrostachys daghestanica subsp. daghestanica"	https://openherbarium.org/taxa/index.php?taxon=Psathyrostachys%20daghestanica%20subsp.%20daghestanica
62943	"Psathyrostachys daghestanica subsp. erzurumica"	https://openherbarium.org/taxa/index.php?taxon=Psathyrostachys%20daghestanica%20subsp.%20erzurumica
62926	"Psathyrostachys fragilis"	https://openherbarium.org/taxa/index.php?taxon=Psathyrostachys%20fragilis
62941	"Psathyrostachys fragilis subsp. artvinense"	https://openherbarium.org/taxa/index.php?taxon=Psathyrostachys%20fragilis%20subsp.%20artvinense
62938	"Psathyrostachys fragilis subsp. fragilis"	https://openherbarium.org/taxa/index.php?taxon=Psathyrostachys%20fragilis%20subsp.%20fragilis
62940	"Psathyrostachys fragilis subsp. secaliformis"	https://openherbarium.org/taxa/index.php?taxon=Psathyrostachys%20fragilis%20subsp.%20secaliformis
62939	"Psathyrostachys fragilis subsp. villosus"	https://openherbarium.org/taxa/index.php?taxon=Psathyrostachys%20fragilis%20subsp.%20villosus
62928	"Psathyrostachys huashanica"	https://openherbarium.org/taxa/index.php?taxon=Psathyrostachys%20huashanica
62933	"Psathyrostachys juncea"	https://openherbarium.org/taxa/index.php?taxon=Psathyrostachys%20juncea
62932	"Psathyrostachys kronenburgii"	https://openherbarium.org/taxa/index.php?taxon=Psathyrostachys%20kronenburgii
62930	"Psathyrostachys lanuginosa"	https://openherbarium.org/taxa/index.php?taxon=Psathyrostachys%20lanuginosa
62937	"Psathyrostachys narmanica"	https://openherbarium.org/taxa/index.php?taxon=Psathyrostachys%20narmanica
62935	"Psathyrostachys rupestris"	https://openherbarium.org/taxa/index.php?taxon=Psathyrostachys%20rupestris
62934	"Psathyrostachys stoloniformis"	https://openherbarium.org/taxa/index.php?taxon=Psathyrostachys%20stoloniformis
3103	Secale	
63468	"Secale cereale s.l."	"https://openherbarium.org/taxa/index.php?taxon=Secale cereale"
63469	"Secale strictum s.l."	"https://openherbarium.org/taxa/index.php?taxon=Secale strictum"
63466	"Secale sylvestre"	"https://openherbarium.org/taxa/index.php?taxon=Secale sylvestre"
