from	statement	to
1	"Leaf blades linear; plants growing in open, mesophilic or saline habitats"	2
1	"Leaf blades lanceolate; plants growing in shady, mesophilic forests, often on acidic soils (sect. silvicola)"	70
2	"Plants of sandy banks and dunes of rivers, lakes and seas (sect. Leymus); rhizomes well-developed, horizontal or vertical (sect. Leymus)"	3
2	"Plants of rocky slopes, steppes, and meadows; rhizomes absent or present and, usually more slender (sect. Anisopyrum)"	14
3	"Spikelets usually 1 per node, occasionally 2"	4
3	"Spikelets 2 or more per node"	5
4	"Glumes subulate to narrowly lanceolate, with 3–5 veins; lemmas acute or pointed, the point less than 2 mm long"	"Leymus pacificus"
4	"Glumes aristate to narrowly subulate, 1-weined; lemmas awned, awns (2.3–)3–6.5(–14) mm long"	"Leymus simplex"
5	"Spikelets 2 per node, rarely 3"	6
5	"Spikelets 3 or more per node"	9
6	"Spikes curved, spikelets not crowded; lemma backs densely silky-villous with long yellowish or brownish hairs"	"Leymus flavescens"
6	"Spikes erect, spikelets crowded; lemma backs not silky villous with long yellowish or brownish hairs"	7
7	"Spikes 12-35 cm long, 15-25 mm wide"	"Leymus arenarius"
7	"Spikes usually shorter and narrower"	8
8	"Glumes unequal, shorter than lemma bodies,with 1-3 evident veins"	"Leymus interior"
8	"Glumes subequal, longer than or equal to lemma bodies, veins not evident"	"Leymus villosissimus"
9	"Glumes subequal, lanceolate to broadly lanceolate"	"Leymus mollis"
9	"Glumes unequal, lanceolate to narrowly lanceolate"	10
10	"Glumes shorter than lemma bodies, with 3 inconspicuous veins; lemma backs initially densely villous, becoming more or less evenly sparsely hairy to glabrous"	"Leymus pseudoracemosus"
10	"Glumes much longer than lemmas and longer than spikelets, with 3-4 evident veins; lemma backs pubescent below, glabrous above"	11
11	"Uppermost cauline internodes pubescent"	"Leymus racemosus var. racemosus"
11	"Uppermost cauline internodes glabrous"	12
12	"Glumes linear-subulate"	"Leymus racemsus var. sabulosus"
12	"Glumes linear-lanceolate"	13
13	"Glumes slightly overlapping at the base; spikelets densely arranged, 2–4 per node"	"Leymus racemosus var. crassinervius"
13	"Glumes not overlapping at base, spikelets loosely arranged, 2–3 per node"	"Leymus racemosus var. cylindricus"
14	"Spikelets usually 1 per node, sometimes 2 at middle part of spike"	15
14	"Spikelets 2 or more per node"	23
15	"Spikelets usually 1 per node, sometimes 2 at middle part of spike"	16
15	"Spikelets 2 or more per node"	21
16	"Plants without rhizomes"	"Leymus aemulans"
16	"Plants with rhizomes"	17
17	"Glumes lanceolate to linear lanceolate, 3–5-veined"	18
17	"Glumes linear lanceolate to subulate, 1-veined or without an evident vein"	19
18	"Glumes unequal, 1–3-veined, first glumes mucronate, mucro about 2.2 mm long, second glumes awned, awns 4 mm long, margins neither membranous nor ciliate"	"Leymus mendocinus"
18	"Glumes subequal, 3-veined, apices acuminate, unawned, margins membranous and ciliate"	"Leymus pishanicus"
19	"Florets with their ventral surface facing the rahcis, glumes with their ventral surface facing sides of lemmas"	"Leymus arjinshanicus"
19	"Florets with their sides towards the rachis, glumes with their venral surface adjacent to the lemma backs"	20
20	"Glumes subequal, first glumes not much shorter than the second; lemmas pubescent, unawned, sometimes pointed; paleas subequal to the lemmas"	"Leymus ruoqiangensis"
20	"First glumes much shorter than second glumes; lemmas glabrous, mucronate or with point 1.5–2mm long; paleas shorter than the lemmas"	"Leymus ramosus"
21	"Leaf sheaths villous; blades flat, lower surfaces with stiff hairs, upper surfaces appressed hirsute; spikelets 2 per node"	"Leymus salinus subsp. salmonis"
21	"Leaf sheaths glabrous; blades involute,lower surfaces glabrous, upper surfaces scabrous or villous; spikelets usually 1 per node, rarely 2"	22
22	"Leaf blades strongly involute, densely hirsute just above the ligules"	"Leymus salinus subsp. salinus"
22	"Leaf blades flat or almost so, not densely hirsute just above the ligules"	"Leymus salinus subsp. mojavensis"
23	"Spikelets 2 or 3 per node"	24
23	"Spikelets usually in groups of 4 or more, rarely 2 per node"	65
24	"Spikelets 1-2 per nodes"	25
24	"Spikelets 2-3 per node"	48
25	"Plants non-rhizomatous or with short rhizomes"	26
25	"Plants with horizontal or vertical rhizomes"	32
26	"Glumes 1-veined or lacking evident veins"	27
26	"Glumes with 3 or more veins"	31
27	"Glumes subulate or spiniform, 1-veined or without evident veins; spikelets with 2-4(-5) florets"	28
27	"Glumes subulate-linear or lanceolate, 1-veined; spikelets with 5 or more florets"	29
28	"Spikelets subsessile"	"Leymus sibiricus"
28	"Spikelets with short, pubescent pedicels"	"Leymus coreanus"
29	"Spikelets with 2-7 florets, sessile, without pedicels; glumes subulate; plants not rhizomatour or with short rhizomes"	"Leymus ambiguus"
29	"Spikelets with 5-10 florets, one of the 2 spicellate or not; glumes linear-lanceoalte, with short horizontal rhizomes"	30
30	"Plants 16-50 cm tall; spikelets 2 per node, one of them with a pedicel up to 5 mm long"	"Leymus divaricatus var. divaricatus"
30	"Plants 70-129 cm tall; spikelets 2 per node, neither pedicillate"	"Leymus divaricatus var. fasciculatus"
31	"Nodes densely and retosely appressed pubescent; glumes oblong-lanceolate, 3-5-veined, evident; paleas slightly longer than the lemmas"	"Leymus pubinodus"
31	"Nodes glabrous; glumes subulate, 3-veined, veins not evident; paleas subequal to the lemmas"	"Leymus auritus"
32	"Plants loosely caespitose or with solitary culms"	33
32	"Plants densely caespitose"	42
33	"Culms solitary; leaf blades flat, sometimes declined"	"Leymus buriaticus"
33	"Culms loosely caespitose; leaf blades ofen involute, never declined"	34
34	"Spikelets pedicillate"	"Leymus ovipodus"
34	"Spikelets not pedicellate"	35
35	"Lower part of glumes wide, covering the lemma bases"	36
35	"Lower part of glumes narrow, not covering the lemma bases"	38
36	"Glumes equaling or shorter than the lowest lemma in each spikelet"	"Leymus multicaulis"
36	"Glumes equaling or longer than the lowest lemma in each spikelets"	37
37	"Spikes oblong; spikelets diverging from the rachises, 2-3 per node, with 3-5 flores; glumes subulate, upper margins entire; lemmas with 3-5 inconspicuous veins, white villous on the back, mucronate, the mucos about 1 mm long"	"Leymus paboanus"
37	"Spikes linear-cylindric; spikelets appressed to the rachises, 2(-3) per node, with 3(-4) florets; glumes lanceolate, upper margins with small teeth; lemmas with 5-7 conspicuous veins, minutely appressed puberulent on the back; mucronate, mucros 1.5-2.5 mm long"	"Leymus karelinii"
38	"Glumes 1-veined"	"Leymus angustus"
38	"Glumes (1-(3-4-veined"	39
39	"Glumes subulate"	40
39	"Glumes linear or lanceolate"	41
40	"Spikelets with 1-2 florets; glumes 4-veined"	"Leymus cappadocicus"
40	"Spikelets with 5-10 florets; glumes 1-3-veined"	"Leymus chinensis"
41	"Spikelets with 3-4 florets; glumes linear, 1-veined, with transparent membranes forming an elliptic outgrowth on the lower half of both sides, upper part awnlike, 4-5 mm long"	"Leymus artistiglumis"
41	"Spikelets with 5-9 florets; glumes lanceolate, 3-7 veined, with narrow membranous margin on either side of the lower half, margins of upper portion ciliate, awn-tiped"	"Leymus shanxiensis"
42	"Plants with long slender rhizomes"	43
42	"Plants without rhizomes"	45
43	"Glumes narrowly lanceolate, 1-veined"	44
43	"Glumes subulate, without an evident vein or with 1 or 3 inconspicuous veins"	"Leymus triticoides"
44	"Glumes glabrous"	"Leymus tuvinicus"
44	"Glumes glabrous below, pubescent above"	"Leymus x vancouverensis"
45	"Glumes narrowly lanceolate"	46
45	"Glumes linear-subulate"	47
46	"Glumes pubescent; lemmas densely white-villous; paleas subequal to the lemmas"	"Leymus yiunensis"
46	"Glumes with diffuse spinuels or pilulosous; lemmas moderately pilose below, glabrescent towars the top; paleas slightly longer than the lemmas"	"Leymus sphacelatus"
47	"Glumes densely but minutely pubescent on the backs and margins, 1-veined below; lemmas not densely long ciliate on back and margins, mucronate, mucros 1-2 mm long"	"Leymus flexilis"
47	"Glumes glabrous, 1-3-veined; lemmas densely long ciliate on back and margins, acute ot awned, awns 1.8-10.2 mm long"	"Leymus erianthus"
48	"Culms solitary or plants loosely cespitose"	49
48	"Plants densely cespitose"	58
49	"Glumes linear-lanceolate"	50
49	"Glumes subulate"	"Leymus innovatus"
50	"Glumes subequal"	51
50	"Glumes unequal"	53
51	"Glumes margins ciliate"	52
51	"Glume margins not ciliate"	"Leymus tianschanicus"
52	"Glumes 1-2-veined, margins membranous; lemmas densely villous, and lost gradually; paleas equal to or shorter than their lemmas, keels shortly ciliate; spikes slightly curved"	"Leymus flexus"
52	"Glumes 1-veined, margins not membranous; lemmas backs sparsely sinulose, margins pubescent; paleas equal to or longer than their lemmas, keels sparsely spinulose; spikes pendulous"	"Leymus pendulus"
53	"Glumes 3-veined, with membranous margins; lemma backs pilose all over, margins ciliate"	"Leymus altus"
53	"Glumes 1-3-veined, without membranous margins; lemma backs shortly hairy or the upper parts glabrous, margins not ciliate"	54
54	"Ligules 3-4 mm long"	"Leymus secalinus var. ligulatus"
54	"Ligules 1-1.5 mm long"	55
55	"Spikes wide; spikelets (1-)22-3(-4) per node, with 4-7(-10) florets"	56
55	"Spikes narrow; spikelets 1-2 per node, with 2-3 florets"	"Leymus secalinus var. tenuis"
56	"Spikes cone-shaped, widest at base, sharply narrowing to the tip"	"Leymus chakassicus"
56	"Spikes cylindric, not narrowing sharply from base to tip"	57
57	"Glumes 1-veined or with 2 inconspicuous veins at the base; upper surfaces and margins of leaf blades scabrous or pubescent, lower surfaces smooth or slightly scabrous"	"Leymus secalinus var. secalinus"
57	"Glumes 3-veined; both upper and lower surfaces of leaf blades pubescent"	"Leymus secalinus var. pubescens"
58	"Glumes narrowly lanceolate"	"Leymus ordensis"
58	"Glumes subulate"	59
59	"Glumes cone-subulate"	"Leymus lanatus"
59	"Glumes linear-subulate"	60
60	"Plants with rhizomes"	61
60	"Plants without rhizomes"	62
61	"Plants with short rhizomes; paleas with scabrous keels and 2-toothed ends"	"Leymus kopetdaghensis"
61	"Plants with long rhizomes; paleas with keels densely ciliate above and truncate to slightly concave ends"	"Leymus akmolinearis"
62	"Old basal leaf sheaths fibrous; spikelets wll-spaced; lemmas glabrous or sparsely spinulose towards the tips"	"Leymus latiglumis"
62	"Old basal leaf sheaths not fibrous; spikelets densely crowded; lemmas appressed setose"	63
63	"Peduncles scabrous or puberulent immediately below the spikes"	64
63	"Peduncles glabrous below the spikes"	"Leymus alaicus var. petraeus"
64	"Lemmas lanceolate, with inconspicuous appresses setae on the back, tis acuminate and shortly awned, awns 2.5-3 mm long"	"Leymus alaicus var. alaicus"
64	"Lemmas broadly lanceolate, without appressed setae on the back, tips abruptly narrowed to a 0.5 mm point"	"Leymus alaicus var. karataviensis"
65	"Plants loosely caespitose or culms solitary"	66
65	"Plants densely caespitose"	69
66	"Spikes 16–22 cm long; spikelets loosely packed"	"Leymus crassiusculus"
66	"Spikes 5–10 cm long; spikelets densely packed"	67
67	"Old basal old leaf sheaths usually with grayish-white pubescence, rarely glabrous"	"Leymus cinereus"
67	"Old basal leaf sheaths without grayish-white pubescence"	68
68	"Spikelets 3–6 per node; spikelets with 6–9 florets, highly sterile; with strongly creeping rhizomes; lemmas without broad hyaline to membranous margins"	"Leymus x multiflorus"
68	"Spikelets 2–7 per node; spikelets with 3–7 florets, highly fertile; with shorter rhizomes; lemmas with broad hyaline margins"	"Leymus condensatus"
69	"Spikes ovate to oblong–elliptic; glumes lanceolate, symmetrical, 1–3-veined, margins membranous margins,not shortly ciliate above"	"Leymus ovatus"
69	"Spikes cylindrical or spindle-like; glumes narrowly lanceolate, oblique, 1-veined, without membranous margins below, shortly ciliate above"	"Leymus qinghaicus"
70	"Leaf blades narrowly lanceolate; spikelets 2–3(–4–5) per node; glumes absent"	"Leymus californicus"
70	"Leaf blades broadly lanceolate; spikelets 1–2 per node; glumes absent or strongly reduced"	71
71	"Spikelets usually with 2–3 florets, rarely only 1; glumes subulate, 1–9 mm long, 1-veined, plants with short rhizomes"	"Leymus komarovii"
71	"Spikelets with 1–2 florets, rarely with 3–5 florets; glumes subulate, aristulate or absent; plants without rhizomes"	72
72	"Culms glabrous just below spikes; rachises glabrous; spikelets solitary"	"Leymus duthiei var. japonicus"
72	"Culms pubescent just below the spikes; rachises pubescent; spikelets 2 per node"	73
73	"Glumes sually absent, rarely aristate and 1–6 mm long"	"Leymus duthiei var. duthiei"
73	"Glumes subulate, 7–10 mm long"	"Leymus duthiei var. longiaristatus"
