from	statement	to
1	"Culm nodes retrorsely villous"	"Campeiostachys dahurica var. villosula"
1	"Culm nodes glabrous"	2
2	"Glumes terminating in a 5-7 mm long awn; lemmas terminating in awns 10-40 mm long"	3
2	"Glumes terminating in a 1-4 mm long awn; lemmas terminating in awns 7-13 mm long"	5
3	"Spikes 6-10 mm wide; spikelets 1 on the proximal and distal nodes; leaf blades 2.5-9(-12) mm wide"	4
3	"Spikes 10-12 mm wide; spikelets 2-3(4) at all nodes; leaf blades 10-16 mm wide"	"Campeiostachys dahurica var. excelsis"
4	"Lemma backs minutely hairy all over; upper surface of leaf bldes scabrous but not hairy, lower surfaces glaucescent; anthers about 2.5 mm long"	"Campeiostachys dahurica var. dahurica"
4	"Lemma backs glabrous or amost so; leaf blades glabrous on both surfaces, not glaucescent; anthers 1.2-1.7 mm long"	"Campeiostachys dahurica var. pacifica"
5	"Spikes 8-10 mm wide; spikes appearing somewhat one-sided; lemma backs gabrous or the distal portion glabrous"	"Campeiostachys dahurica var. tangutorum"
5	"Spikes about 5 mm wide; spikes not appearing to be one-sided; lemma backs hairy all over"	"Campeiostachys dahurica var.cylindrica"
