from	statement	to
1	"Lemma awns at least 6 mm long"	2
1	"Lemma awns up to 4.5 mm long"	7
2	"Glumes more than 30 mm long; lemma awns 21.5-35 mm long; lemmas, including awn, more than 31 mm long;"	"Psathyrostachys fragilis"
2	"Glumes up to 29 mm long; ; lemma awns 6-14 mm long; lemmas, including awns, up to 35 mm long"	3
3	"Leaves densely pubescent on the upper surface; glumes 13-29 mm long, densely pilose, hairs 0.6-1 mm long, patent"	"Psathyrostachys caduca"
3	"Leaves glabrous, scabrous, or puberulent and pilose on the upper surface; glumes 8-19 mm long, scabrous"	4
4	"Plants with short subterranean rhizomes, forming large, loose tufts; leaves more than 5 mm wide, flat, their upper surfaces puberulent and pilose; lemmas, including awns, of lateral spikelets 14.7-26 mm long"	"Psathyrostachys huashanica"
4	"Plants without rhizomes, growing in small tufts; leaves less than 3 mm wide, involute or flat, upper surfaces glabrous to scabrous; lemmas, including awns; of lateral spikelets 12.7-17.2 mm long"	5
5	"Spikelets usually 3 per node; glumes pilose on the lower half"	"Psathyrostachys daghestanica"
5	"Spikelets usually 2 per node; glumes scabrous or pilose"	6
6	"Glumes and lemmas densely pilose; lemma awns 4-5 mm long, pilose"	"Psathyrostachys narmanica"
6	"Glumes and lemmas scabrous; lemma awns 4.7-8.5 mm long, glabrous to scabrous"	"Psathyrostachys rupestris"
7	"Plants up to 40(-60) cm tall; spikes 1-3 cm long, rachises very brittle; glumes densely hairy, hairs 0.5-1.3 mm long, patent"	"Psathyrostachys lanuginosa"
7	"Plants usually more than 40 cm tall; spikes longer than 4.5 cm; rachises not very brittle; glumes scabrous or puberulent, hairs up to 0.8 mm long"	8
8	"Plants growing in loose tufts, with rhizomes"	"Psathyrostachys stoloniformis"
8	"Plants growing in dense tufts, without rhizomes"	9
9	"Spikelets usually with1, rarely 2, florets; glumes pilose, hairs 0.4-0.6 mm long, patent; lemma awns (2.2-)3-4.5 mm long; lemmas with 5 distinct, prominent veins, pilose, hairs 1-1.5 mm long; anthers of lateral florets 5-6.6 mm long"	"Psathyrostachys kronenburgii"
9	"Spikelet 1-, 2- or 3-flowered; glumes scabrous to puberulent, hairs up to 0.3 mm, or puberulent to pilose with appressed hairs 0.3-0.5 mm long; lemma awns 2-3 mm long; lemma veins not distinct or prominent veins, glabrous to puberulent with hairs up to 0.3 m or pilose with appressed hairs 0.3-0.8 mm; anthers of lateral floret 3.7-5.1 mm"	"Psathyrostachys juncea"
