from	statement	to
1	"Culms pubescent on and below the nodes; lower portion of leaf sheaths and upper surface of the blades also pubescent"	"Psathyrostachys fragilis subsp. fragilis"
1	"Culms glabrous on and immediately below the node; leaf sheaths glabrous; blades scabrous on the upper surface"	2
2	"Glumes densely pilose, hairs 0.5-1 mm, patent"	"Psathyrostachys fragilis subsp. villosus"
2	"Glumes scabrous to puberulent, hairs up to 0.3 mm long"	3
3	"Lemmas scabrous to puberulent"	"Psathyrostachys fragilis subsp. secaliformis"
3	"Lemmas densely pilose"	"Psathyrostachys fragilis subsp. artvinense"
