from	statement	to
1	"Spikes disarticulating at the base of the synflorescence so falling intact, or at the base of the rachis internodes, the spikelets falling with the internode segment below (disarticulation wedge-type); spikes slender, narrowly cylindrical, moniliform, or ovoid; plants slender"	2
1	"Spikes disarticulating in the rachis immediately below the spikelets, the spikelets falling with the rachis portion leading to the spikelet above (disarticulation barrel-type) ; spikes stout, cylindrical, or moniliform; plants stout"	"Aegilops sect. Vertebrata"
2	"Spikes disarticulating at the base of the synflorescence, the spike falling intact"	3
2	"Spikes disarticulating at the base of the rachis internodes (wedge-type disariculation; spikes slender, narrowly cylindrical but somewhat dorso-ventrally flattened; at least the distal spikelets with at least1 lemma having a well-developed awn"	"Aegilops sect. Sitopsis"
3	"At least the glumes of the distal spikelets with well-developed awns; spikes either 10 times longer than wide or moniliform or narrowly ovoid and less than 10 times longer than wide"	4
3	"Glumes of distal spikelets obtuse or acute to apiculate, toothed or with a central awn up to 1 cm long; spikes narrowly cylindrical, at least 30 times longer than wide"	"Aegilops sect. Sitopsis"
4	"Glumes of apical spikelet with 1 awn and spike moniliform or 3-5 awns and spikes moniligorm, narrowly cylindrical, or narrowly ovoid; spikes up to 10 times longer than wide but usally less"	5
4	"Glumes of apical spikelet with 1 awn each; spikes narrowly cylindrical, at least 10 times longer than wide, usually more than 20 times"	"Aegilops sect. Cylindropyrum"
5	"Spikes narrowly cylindrical or moniliform throughout; all spikelets similar in shape; glumes of apical spikelets either 3- or 1-awned, if 1-awned sometimes with 2 lateral teeth; glumes of proximal spikelets with 1 awn and 1 conspicuou,s broadly triangular tooth"	"Aegilops sect. Comopyrum"
5	"Spikes narrowly ovoid with an inflated, oval-ellipsoid basal portion and a narrowly cylindrical upper portion; glumes of apical spikelets with 3-4 awns, these usually similar in size and position; glumes of other spikelets with 2-4(-5) awns and/or teeth, teeth never broadly triangular"	"Aegilops sect. Aegilops"
