id	created_at	updated_at	title	author	description	item	spatial	remarks	source_id	created_by	updated_by	key_file
7018	"2017-09-09 08:26:33"	"2020-06-11 20:04:27"	"Campeiostachys amended as described "	"Baum, B.R.; Yang, Jun-Liang; Yen, Chi; Agafonov, Alex V."	"This is the key published by Baum et al. (2011) EXCEPT that Campeiostachys tsukushiensis is treated, as it is usually described, as having 1 spikelets at all or more nodes and Campeiostachys kamoji is treated as a synonym as, for instance, treated by Honda, the author of the basionyn of C. tsukushiensis. Type specimens have NOT been checked. As initially published, Campeiostachys had three varieties.  They have been ignored in this version because it is not clear how they relate to the two named varieties of C. tsukushiensis."	Campeiostachys	Global	"Slightly edited from the published key. "	4596	mary.barkworth@usu.edu	niels.klazenga@rbg.vic.gov.au	key-7018-campeiostachys-amended-as-described.tsv
8352	"2017-12-18 09:00:58"	"2018-08-07 08:07:16"	Hordeum	"Roland von Bothmer, Niels Jacobsen, Claus Baden, Rikke B. Jørgensen and Ib Linde-Laursen"		Hordeum	Global		3440	mary.barkworth@usu.edu	niels.klazenga@rbg.vic.gov.au	key-8352-hordeum.tsv
8646	"2018-07-11 01:29:15"	"2018-07-11 05:51:08"	"Psathyrostachys species"	"M.E. Barkworth"	"Based on Baden (1991) and Cabi, Dogan, and Karabacak (2011)"	Psathyrostachys	Global			mary.barkworth@usu.edu	niels.klazenga@rbg.vic.gov.au	key-8646-psathyrostachys-species.tsv
8647	"2018-07-11 05:37:09"	"2018-07-11 19:59:59"	"Psathyrostachys fragilis subspecies"	"M.E. Barkworth"	"Based on Baden (1991) and Cabi et al (2011)"	"Psathyrostachys fragilis"	Global		3599	mary.barkworth@usu.edu	mary.barkworth@usu.edu	key-8647-psathyrostachys-fragilis-subspecies.tsv
8648	"2018-07-12 11:43:11"	"2018-07-12 10:43:11"	"Psathyrostachys daghestanica subspecies"	"M.E. Barkworth"	"Based on information in Cabi et al. (2011)"	"Psathyrostachys daghestanica"	Global			mary.barkworth@usu.edu	niels.klazenga@rbg.vic.gov.au	key-8648-psathyrostachys-daghestanica-subspecies.tsv
8683	"2018-08-07 06:50:57"	"2018-08-07 07:18:01"	"Aegilops sections"	"M.W. van Slageren modified by M.E. Barkworth"		Aegilops	Global		3608	mary.barkworth@usu.edu	niels.klazenga@rbg.vic.gov.au	key-8683-aegilops-sections.tsv
8775	"2018-09-23 06:37:45"	"2018-09-23 05:42:05"	"Secale species"	"Signe Frederiksen and Gitte Petersen"		Secale	Global		3625	mary.barkworth@usu.edu	niels.klazenga@rbg.vic.gov.au	key-8775-secale-species.tsv
9890	"2019-09-14 20:03:10"	"2019-09-14 20:15:38"	"Leymus species"	"Chi Yen, Jun-Liang Yang, & Bernard R. Baum"		Leymus	Global		3965	mary.barkworth@usu.edu	niels.klazenga@rbg.vic.gov.au	key-9890-leymus-species.tsv
10759	"2020-06-11 20:16:29"	"2020-06-11 20:17:46"	"Campeiostachys dahurica varieties"	"Baum, B.R. J.L. Yang, C. Li, & A. Agafonov"	"As published"	"Campeiostachys dahurica"	Global		4596	mary.barkworth@usu.edu	niels.klazenga@rbg.vic.gov.au	key-10759-campeiostachys-dahurica-varieties.tsv
