id	author	year	title	collection_authors	collection_title	edition	series	volume	part	publisher	place_of_publication	pages	url
3440	"Bothmer, Roland von, Niels Jacobsen, Claus Baden, Rikke B. Jørgensen and Ib. Linde-Laursen"	1995	"An ecogeographical study of the genus Hordeum"		"Systematic and ecogeographical studies on crop genepools"	2		7		"International Plant Genetic Resources Institute"	"Rome, Italy"		
3598	"Baden, C."	1991	"A taxonomic revision of Psathyrostachys (Poaceae)"					11				3-26	
3599	"Barkworth, M.E."	2018	"Psathyrostachys fragilis subspecies"							KeyBase	http://keybase.rbg.vic.gov.au		
3608	"Slageren, M.W. van"	1994	"Wild wheats: a monograph of Aegilops L. and Ambyopyrum (Jaub & Spach) Eig"					94	7	"Wageningen Agricultural University and International Center for Agricultural Research in Dry Areas"	Wageningen		
3625	"Frederiksen, S. and G. Petersen"	1998	"A taxonomic revision of Secale (Triticeae, Poaceae) "					18				399-420	
3965	"Yen, Chi, Jun-Liang Yang, Bernard R. Baum"	2009	"Synopsis of Leymus Hochst. (Triticeae: Poaceae)"					47				67-86	
4595	"Baum, B.R.; Yang, Jun-Liang; Yen, Chi; Agafonov, Alex V."	2001	"A taxonomic synopsis of the genus Campeiostachys Dro"					49	2			146-159	
4596	"Baum, B.R., J.L. CHen, C. Yen, A. Agafonov"	2011	"A taxonomic synopsis of the genus Campeiostachys Drobov"					49	2			146-159	
