id	name	url
892	Acacia	
2068	Bossiaea	
60461	"Bossiaea, Cytisus, Dillwynia, Hardenbergia, Hovea, Mirbelia, Oxylobium, Platylobium, Pultenaea, Spartium, Sphaerolobium"	
34995	Caesalpinioideae	
60462	"Chamaecytisus, Cullen, Cytisus, Desmodium, Genista, Glycine, Gompholobium, Goodia, Lespedeza, Medicago, Melilotus, Trifolium"	
13214	Cullen	
22727	Cupressaceae	
875	Daviesia	
2280	"Daviesia genistifolia"	
2223	"Daviesia leptophylla"	
21880	"Daviesia mimosoides"	
2306	"Daviesia ulicifolia"	
5183	Drosera	
10387	"Drosera auriculata"	
10386	"Drosera peltata"	
310	Fabaceae	
40918	Faboideae	
22934	Gleditsia	
2064	Indigofera	
21858	"Indigofera adesmiifolia"	
21859	"Indigofera australis"	
60463	"Indigofera, Lessertia, Lotus, Robinia, Securigea, Swainsona, Vicia"	
12462	Lathyrus	
4295	Mentha	
67687	"Mentha × piperita var. citrata"	
67689	"Mentha australia"	
67688	"Mentha diemencia"	
22418	"Mentha laxiflora"	
22422	"Mentha spicata"	
22730	Pinaceae	
60433	Pinophyta	
22728	Podocarpaceae	
3009	Senna	
12468	Zornia	
