id	created_at	updated_at	title	author	description	item	spatial	remarks	source_id	created_by	updated_by	key_file
8371	"2018-01-15 12:05:00"	"2018-01-15 12:06:46"	"Subfamilies of Fabaceae"	"White, RJ"		Fabaceae	"Australian Capital Territory"			2160157@schoolsnet.act.edu.au	2160157@schoolsnet.act.edu.au	key-8371-subfamilies-of-fabaceae.tsv
8372	"2018-01-15 12:11:20"	"2018-01-23 16:30:03"	"Genera of Caesalpinioideae"	"White, RJ"		Caesalpinioideae	"Australian Capital Territory"			2160157@schoolsnet.act.edu.au	niels.klazenga@rbg.vic.gov.au	key-8372-genera-of-caesalpinioideae.tsv
8375	"2018-01-19 11:15:04"	"2018-01-19 11:15:04"	"Families of Pinophyta"	"White, RJ"		Pinophyta	"Australian Capital Territory"			2160157@schoolsnet.act.edu.au	niels.klazenga@rbg.vic.gov.au	key-8375-families-of-pinophyta.tsv
8376	"2018-01-19 11:22:20"	"2018-01-19 11:22:20"	"Species of Drosera"	"White, RJ"		Drosera	"Australian Capital Territory"			2160157@schoolsnet.act.edu.au	niels.klazenga@rbg.vic.gov.au	key-8376-species-of-drosera.tsv
8387	"2018-01-23 16:08:02"	"2018-04-25 15:30:51"	"Genera of Faboideae"	"White, RJ"		Faboideae	"Australian Capital Territory"			2160157@schoolsnet.act.edu.au	2160157@schoolsnet.act.edu.au	key-8387-genera-of-faboideae.tsv
8388	"2018-01-24 07:58:48"	"2018-01-24 11:27:24"	"Species of Indigofera"	"White, RJ"		Indigofera	"Australian Capital Territory"			2160157@schoolsnet.act.edu.au	niels.klazenga@rbg.vic.gov.au	key-8388-species-of-indigofera.tsv
8394	"2018-01-27 10:01:44"	"2018-01-27 10:01:44"	"Species of Daviesia"	"White, RJ"		Daviesia	"Australian Capital Territory"			2160157@schoolsnet.act.edu.au	niels.klazenga@rbg.vic.gov.au	key-8394-species-of-daviesia.tsv
9641	"2019-05-14 21:28:14"	"2019-05-14 21:28:40"	"Species of Mentha"	"Robert White"		Mentha	"Australian Capital Territory"			2160157@schoolsnet.act.edu.au	2160157@schoolsnet.act.edu.au	key-9641-species-of-mentha.tsv
