from	statement	to
1	"Plants with unisexual or bisexual flowers; fruit present; seeds produced in the fruit"	2
1	"Plants without flowers; fruit absent; seeds when present, procuded in cones, or alternatively, plants reproducing by spores"	3
2	"Leaves usually patallel-veined (except Dioscoreaceae); floral parts usually in threes (except in e.g. Orchidaceeae or Poaceae)"	Monocots
2	"Leaves usually net-veined; floral parts usually in fours or fives (except in e.g. Euphorbiaceae)"	Dicots
3	"Reproduction by spores; spores usually grouped into sori occuring beneath fronds (leaves) or rarely in the axils of modified leaves or in cone-like structures"	"Ferns and fern allies"
3	"Reproduction by seed; seeds borne in unisexual cones"	Gymnosperms
