id	name	url
14909	Amaryllidaceae	https://openherbarium.org/taxa/index.php?taxon=Amaryllidaceae
40856	Araucariaceae	https://openherbarium.org/taxa/index.php?taxon=Araucariaceae
440	Arecaceae	https://openherbarium.org/taxa/index.php?taxon=Arecaceae
22727	Cupressaceae	https://openherbarium.org/taxa/index.php?taxon=Cupressaceae
54415	Cycadaceae	https://openherbarium.org/taxa/index.php?taxon=Cycadaceae
432	Cyperaceae	https://openherbarium.org/taxa/index.php?taxon=Cyperaceae
27045	Ephedraceae	https://openherbarium.org/taxa/index.php?taxon=Ephedraceae
55103	Ginkgoaceae	https://openherbarium.org/taxa/index.php?taxon=Ginkgoaceae
442	Liliaceae	https://openherbarium.org/taxa/index.php?taxon=Liliaceae
27131	Monocots	
458	Orchidaceae	https://openherbarium.org/taxa/index.php?taxon=Orchidaceae
22730	Pinaceae	https://openherbarium.org/taxa/index.php?taxon=Pinaceae
60433	Pinophyta	
433	Poaceae	https://openherbarium.org/taxa/index.php?taxon=Poaceae
437	Typhaceae	https://openherbarium.org/taxa/index.php?taxon=Typhaceae
