from	statement	to
1	"Plants tree like, with unbranched stem and persistent leaf bases or plants small (<4 mm in diameter) floating, circular or oval to oblong"	Arecaceae
1	"Plants herbaceous, stems absent or branched; more than 4 mm in diameter, never simple floating circular or oval to oblong discs"	2
2	"Flowers with an evident, showy perianth"	3
2	"Flowers without a perianth or with an inconspicuous perianth of scales, bristles"	5
3	"Flowers strongly zygomorphic; stamens 1 or 2 stamens; pollen cohering in pollinia; seeds minute, dust-like"	Orchidaceae
3	"Flowers actinomorphic or almost so; stamens 3 or 6; pollen separate, not cohering in masses; seeds larger"	4
4	"Inflorescences not subtended by scarious bracts; flowers always actinomorphic; ovaries always superior"	Liliaceae
4	"Inflorescences subtended by 1 or more scarious bracts; flowers slightly zygomorphic or actinomorphic; ovaries superior or inferior"	Amaryllidaceae
5	"Inflorescences cylindrical spikes with lower portion carpellate, upper portion staminate or globose heads, lowers heads carpilate, upper head staminate; ovaries with 1 or 2 stigmas each; perianth of 2-6 linear tepals"	Typhaceae
5	"Inflorescence variously open to compact, sometimes spikes; ovary with 2 or 3 stigmas; perianth of scales, bristles, or absent"	6
6	"Leaves 3-ranked, sometimes reduced to basal sheaths; stems usually triangular in cross-section, at least below the inflorescence, usually pith-filled; each pistil associated with a single subtending bract, bracts and flowers often spirally arranged, 2-ranked in Cyperus"	Cyperaceae
6	"Leaves 2-ranked; stems round sometimes flattened in cross-section, usually not pith-filled; pistils hidden between to 2 bracts; bracts and pistils 2-ranked in spikelets"	Poaceae
