from	statement	to
1	"Plants dioecious with unisexual staminate or pistillate spikes (spikes sometimes with a few inconspicuous flowers of the opposite sex)"	"Group 1"
1	"Plants monoecious, with staminate and pistillate flowers in unisexual or bisexual spikes"	2
2	"Upper stem with terminal solitary spike (don't mistake tightly clustered small spikes for a single spike); sometimes several peduncled spikes near base of plant, ± hidden in leaves"	"Group 2"
2	"Spikes 2 or more per stem (don't mistake single spike with male flowers above loosely clustered perigynia as 2 spikes); basal spikes present in a few species ADD"	3
3	"Most pistillate flowers with 2 stigmas, rarely 3; achenes 2-sided in cross section (plumply so in C. aurea)"	4
3	"Most pistillate flowers with 3 stigmas; achenes 3-sided to round in cross section"	6
4	"Terminal spike(s) staminate, sometimes with a few perigynia; lower mostly pistillate or with a few staminate flowers at tip"	"Group 3"
4	"Spikes alike, with both staminate and pistillate flowers (sometimes lower spikes all pistillate in C. interior, Group 5)"	5
5	"Spikes androgynous (staminate flowers above pistillate, white filaments persistent or empty scales at top of spike), rarely pistillate or with inconspicuous staminate flowers"	"Group 4"
5	"Spikes gynecandrous (female flowers above male), sometimes lower spikes all pistillate in C. interior"	"Group 5"
6	"Perigynia pubescent"	"Group 6"
6	"Perigynia glabrous (sometimes papillose)"	"Group 7"
