from	statement	to
1	"Leaf sheath obviously green-veined on front (tip white-translucent)"	"Carex sartwellii"
1	"Leaf sheath hyaline, nerveless on front"	2
2	"Inflorescence a dense head of small spikes; pistillate heads to 5 x 5 cm with long stigmas forming distinctive tangled mats, staminate heads more slender; stems smooth; rhizomes < 2 mm thick"	"Carex douglasii"
2	"Inflorescence ± elongate; upper stems (near spikes) scabrous; rhizomes ≥ 2 mm thick;"	3
3	"Perigynia 2–3 mm long; beak short, abrupt; leaves much shorter than stems"	"Carex hallii"
3	"Perigynia 2.6–4 mm long; beak to ½ as long as body, long tapered,Leaves equal to or shorter than stems, but not greatly so"	"Carex praegracilis"
