id	name	url
47634	Cordia	
76379	"Cordia africana"	"https://openherbarium.org/taxa/index.php?taxon=Cordia africana"
76380	"Cordia boissieri"	"https://openherbarium.org/taxa/index.php?taxon=Cordia boissieri"
65101	"Cordia crenata"	"https://openherbarium.org/taxa/index.php?taxon=Cordia crenata"
76378	"Cordia cylindristachya"	"https://openherbarium.org/taxa/index.php?taxon=Cordia cylindristachya"
76377	"Cordia dentata"	"https://openherbarium.org/taxa/index.php?taxon=Cordia dentata"
37239	"Cordia dichotoma"	"https://openherbarium.org/taxa/index.php?taxon=Cordia dichotoma"
37237	"Cordia myxa"	"https://openherbarium.org/taxa/index.php?taxon=Cordia myxa"
76376	"Cordia sebestana"	"https://openherbarium.org/taxa/index.php?taxon=Cordia sebestana"
65093	"Cordia sinensis"	"https://openherbarium.org/taxa/index.php?taxon=Cordia sinensis"
5074	Datura	
71122	"Datura ceratocaula"	"https://openherbarium.org/taxa/index.php?taxon=Datura ceratocaula"
33113	"Datura discolor"	"https://openherbarium.org/taxa/index.php?taxon=Datura discolor"
11210	"Datura ferox"	"https://openherbarium.org/taxa/index.php?taxon=Datura ferox"
62762	"Datura innoxia"	"https://openherbarium.org/taxa/index.php?taxon=Datura innoxia"
11213	"Datura inoxia"	"https://openherbarium.org/taxa/index.php?taxon=Datura inoxia"
62050	"Datura leichhardtii subsp. leichhardtii"	"https://openherbarium.org/taxa/index.php?taxon=Datura leichhardtii subsp. leichhardtii"
71131	"Datura leichhardtii subsp. pruinosa"	"https://openherbarium.org/taxa/index.php?taxon=Datura leichhardtii subsp. pruinosa"
11212	"Datura metel"	"https://openherbarium.org/taxa/index.php?taxon=Datura metel"
71128	"Datura metel f. atropurpurea"	"https://openherbarium.org/taxa/index.php?taxon=Datura metel f. atropurpurea"
71129	"Datura metel f. fastuosa"	"https://openherbarium.org/taxa/index.php?taxon=Datura metel f. fastuosa"
71130	"Datura metel f. malabrica"	"https://openherbarium.org/taxa/index.php?taxon=Datura metel f. malabrica"
71127	"Datura metel f. obscura"	"https://openherbarium.org/taxa/index.php?taxon=Datura metel f. obscura"
71125	"Datura metel f. rubra"	"https://openherbarium.org/taxa/index.php?taxon=Datura metel f. rubra"
71126	"Datura metel f. sanguinea"	"https://openherbarium.org/taxa/index.php?taxon=Datura metel f. sanguinea"
71123	"Datura metel var. metel"	"https://openherbarium.org/taxa/index.php?taxon=Datura metel var. metel"
71124	"Datura metel var. muricata"	"https://openherbarium.org/taxa/index.php?taxon=Datura metel var. muricata"
71138	"Datura quercifolia"	"https://openherbarium.org/taxa/index.php?taxon=Datura quercifolia"
11209	"Datura stramonium"	"https://openherbarium.org/taxa/index.php?taxon=Datura stramonium"
71137	"Datura stramonium f. bernhardii"	"https://openherbarium.org/taxa/index.php?taxon=Datura stramonium f. bernhardii"
71134	"Datura stramonium f. labilis"	"https://openherbarium.org/taxa/index.php?taxon=Datura stramonium f. labilis"
71133	"Datura stramonium f. stramonium"	"https://openherbarium.org/taxa/index.php?taxon=Datura stramonium f. stramonium"
71136	"Datura stramonium f. tatula"	"https://openherbarium.org/taxa/index.php?taxon=Datura stramonium f. tatula"
71135	"Datura stramonium var. godronii"	"https://openherbarium.org/taxa/index.php?taxon=Datura stramonium var. godronii"
71132	"Datura stramonium var. inermis"	"https://openherbarium.org/taxa/index.php?taxon=Datura stramonium var. inermis"
11214	"Datura wrightii"	"https://openherbarium.org/taxa/index.php?taxon=Datura wrightii"
5316	Hypericum	https://openherbarium.org/taxa/index.php?taxon=Hypericum
73491	"Hypericum aegypticum"	"https://openherbarium.org/taxa/index.php?taxon=Hypericum aegypticum"
73490	"Hypericum sinaicum"	"https://openherbarium.org/taxa/index.php?taxon=Hypericum sinaicum"
21567	"Hypericum triquetrifolium"	"https://openherbarium.org/taxa/index.php?taxon=Hypericum triquetrifolium"
