id	created_at	updated_at	title	author	description	item	spatial	remarks	source_id	created_by	updated_by	key_file
9719	"2019-06-09 07:45:05"	"2019-07-26 20:18:01"	"Datura species"	"Mary E. Barkworth, Sami H. Rabei, Abdel Hamid A. Khedr, and Ibrahim A. El Gamal"	"This includes the five species known to occur in Egypt plus one other that may be there. Records in the Global Biodiversity Information Facility (on 2019-06-08) indicate that it will also meet the needs of most countries in Africa and the Arabian peninsula. "	Datura	Egypt			mary.barkworth@usu.edu	niels.klazenga@rbg.vic.gov.au	key-9719-datura-species.tsv
10055	"2019-11-17 18:13:12"	"2019-11-18 15:51:02"	"Datura taxa as recognized by Hammer et al. in 1983"	"Hammer, K., A. Romeike, & C. Tittel"	"This is the key as presented in the work cited except for the omission of sect. Brumansia which is now treated as a genus. It has been translated, slightly edited, and reformatted by Barkworth"	Datura	Global	"The reason for developing this version of the key was to understand the authors' interpretation of Datura ferox"	4021	mary.barkworth@usu.edu	mary.barkworth@usu.edu	key-10055-datura-taxa-as-recognized-by-hammer-et-al-in-1983.tsv
10914	"2020-08-20 11:14:20"	"2020-08-20 16:02:51"	"Hypericum species"			Hypericum	Egypt			niels.klazenga@rbg.vic.gov.au	niels.klazenga@rbg.vic.gov.au	key-10914-hypericum-species.tsv
12115	"2021-05-10 21:25:33"	"2021-05-10 21:27:47"	"Cordia species"	"Wafar M. Amer, Rim S. Hamdy, & Rhiam A. Mahdy"	"As published"	Cordia	Egypt			mary.barkworth@usu.edu	mary.barkworth@usu.edu	key-12115-cordia-species.tsv
