from	statement	to
1	"Leaves greater than 3 cm wide."	2
1	"Leaves less than 3 cm wide. (sometimes up to 4 cm wide in A. hallii)"	6
2	"Leaf blades white hairy on underside of leaves"	"Asclepias speciosa"
2	"Leaf blades glabrous (hairless) to sparsely hairy"	3
3	"Plants tall, greater than 100 cm."	"Asclepias erosa"
3	"Plants short, less than 80 cm"	4
4	"Plants found only in Kane county, endemic to Coral Pink Sand dunes. Flowers cream with rose tint."	"Asclepias welshii"
4	"Plants more wide spread in Southwest Utah. Flowers Pale yellow to Green"	5
5	"Plants low growing, less than 30cm tall. Flowers yellow with purple hoods"	"Asclepias cryptoceras"
5	"Plants tall, reaching up to 80cm. Flowers white to green. Leafs tend to appear clustered and pointing upwards"	"Asclepias latifolia"
6	"Leafs opposite or whorled"	7
6	"Leafs appearing irregularly alternate"	11
7	"Leafs greater than 5mm wide"	8
7	"Leafs extremely narrow, less than 5mm wide."	9
8	"Flowers yellow to cream yellow. Plants of dry habitats such as sandy washes and mixed desert shrub flats"	"Asclepias labriformis"
8	"Flowers purple. Plants of moist, riparian habitats"	"Asclepias incarnata"
9	"Leafs whorled. Flowers white. Plants more widespread"	"Asclepias subverticillata"
9	"Leafs merely opposite. Flowers greenish to purple. Plants restricted to Grand, San Juan and Washington cos."	10
10	"Plants tall 60-120cm. Flowers Pale green tinted purple. Leafs long, 12-18cm"	"Asclepias rusbyi"
10	"Plants short, 6-12cm. Flowers purple to pinkish. Leafs short, 3-8cm long"	"Asclepias cutleri"
11	"Flowers white, green or purple. Plants with milky sap"	12
11	"Flowers orange, plants lacking milky sap."	"Asclepias tuberosa"
12	"Leafs appearing wrinkled or crinkly. Leafs less than 1cm wide. Vegetation with sparse to dense short curly hairs. Plants restricted to San Juan county"	"Asclepias involucrata"
12	"Leafs appearing flat, leafs greater than 1 cm wide. Vegetation hairless to sparsely hairy."	13
13	"Plants common and widespread, leafs appearing more narrow and linear .5 - 2.5 cm. Flowers greenish sometimes purple tipped"	"Asclepias asperula"
13	"Plants rare but widespread, leafs more broad 2 - 4 cm wide. Flowers pink to purple with white hoods."	"Asclepias hallii"
