id	name	url
49127	Achnatherum	https://openherbarium.org/taxa/index.php?taxon=Achnatherum
72367	"Achnatherum brandisii"	"https://openherbarium.org/taxa/index.php?taxon=Achnatherum brandisii"
72366	"Achnatherum jaquemontii"	"https://openherbarium.org/taxa/index.php?taxon=Achnatherum jaquemontii"
72365	"Achnatherum staintonii"	"https://openherbarium.org/taxa/index.php?taxon=Achnatherum staintonii"
72356	Orthoraphium	https://openherbarium.org/taxa/index.php?taxon=Orthoraphium
72357	"Orthoraphium roylei"	"https://openherbarium.org/taxa/index.php?taxon=Orthoraphium roylei"
3209	Piptatherum	https://openherbarium.org/taxa/index.php?taxon=Piptatherum
72340	"Piptatherum aequiglume"	"https://openherbarium.org/taxa/index.php?taxon=Piptatherum aequiglume"
72344	"Piptatherum gracile"	"https://openherbarium.org/taxa/index.php?taxon=Piptatherum gracile"
72343	"Piptatherum laterale"	"https://openherbarium.org/taxa/index.php?taxon=Piptatherum laterale"
72341	"Piptatherum munroi"	"https://openherbarium.org/taxa/index.php?taxon=Piptatherum munroi"
49126	Ptilagrostis	https://openherbarium.org/taxa/index.php?taxon=Ptilagrostis
72364	"Ptilagrostis concinna"	"https://openherbarium.org/taxa/index.php?taxon=Ptilagrostis concinna"
72363	"Ptilagrostis dichotoma"	"https://openherbarium.org/taxa/index.php?taxon=Ptilagrostis dichotoma"
72361	"Ptilagrostis duthiei"	"https://openherbarium.org/taxa/index.php?taxon=Ptilagrostis duthiei"
72362	"Ptilagrostis yadongensis"	"https://openherbarium.org/taxa/index.php?taxon=Ptilagrostis yadongensis"
20463	Selaginella	
68777	"Selaginella adunca"	"https://openherbarium.org/taxa/index.php?taxon=Selaginella adunca"
68778	"Selaginella aitchisonii"	"https://openherbarium.org/taxa/index.php?taxon=Selaginella aitchisonii"
68787	"Selaginella bisulcata"	"https://openherbarium.org/taxa/index.php?taxon=Selaginella bisulcata"
68776	"Selaginella bryopteris"	"https://openherbarium.org/taxa/index.php?taxon=Selaginella bryopteris"
68789	"Selaginella chrysocaulos"	"https://openherbarium.org/taxa/index.php?taxon=Selaginella chrysocaulos"
68795	"Selaginella chrysorrhizos"	"https://openherbarium.org/taxa/index.php?taxon=Selaginella chrysorrhizos"
68790	"Selaginella ciliaris"	"https://openherbarium.org/taxa/index.php?taxon=Selaginella ciliaris"
68779	"Selaginella fulcrata"	"https://openherbarium.org/taxa/index.php?taxon=Selaginella fulcrata"
68784	"Selaginella helvetica"	"https://openherbarium.org/taxa/index.php?taxon=Selaginella helvetica"
68774	"Selaginella indica"	"https://openherbarium.org/taxa/index.php?taxon=Selaginella indica"
68780	"Selaginella involvens"	"https://openherbarium.org/taxa/index.php?taxon=Selaginella involvens"
68786	"Selaginella laxistrobila"	"https://openherbarium.org/taxa/index.php?taxon=Selaginella laxistrobila"
68791	"Selaginella monospora"	"https://openherbarium.org/taxa/index.php?taxon=Selaginella monospora"
68781	"Selaginella pallida"	"https://openherbarium.org/taxa/index.php?taxon=Selaginella pallida"
68785	"Selaginella pallidissima"	"https://openherbarium.org/taxa/index.php?taxon=Selaginella pallidissima"
68788	"Selaginella pennata"	"https://openherbarium.org/taxa/index.php?taxon=Selaginella pennata"
68775	"Selaginella pulvinata"	"https://openherbarium.org/taxa/index.php?taxon=Selaginella pulvinata"
68782	"Selaginella remotifolia"	"https://openherbarium.org/taxa/index.php?taxon=Selaginella remotifolia"
68793	"Selaginella repanda"	"https://openherbarium.org/taxa/index.php?taxon=Selaginella repanda"
68796	"Selaginella reticulata"	"https://openherbarium.org/taxa/index.php?taxon=Selaginella reticulata"
68783	"Selaginella semicordata"	"https://openherbarium.org/taxa/index.php?taxon=Selaginella semicordata"
68799	"Selaginella subdiaphana"	"https://openherbarium.org/taxa/index.php?taxon=Selaginella subdiaphana"
68798	"Selaginella tenuifolia"	"https://openherbarium.org/taxa/index.php?taxon=Selaginella tenuifolia"
68792	"Selaginella trichophylla"	"https://openherbarium.org/taxa/index.php?taxon=Selaginella trichophylla"
68794	"Selaginella vaginata"	"https://openherbarium.org/taxa/index.php?taxon=Selaginella vaginata"
20913	Stipa	https://openherbarium.org/taxa/index.php?taxon=Stipa
72329	"Stipa breviflora"	"https://openherbarium.org/taxa/index.php?taxon=Stipa breviflora"
72358	"Stipa capillacea"	"https://openherbarium.org/taxa/index.php?taxon=Stipa capillacea"
72360	"Stipa klimesii"	"https://openherbarium.org/taxa/index.php?taxon=Stipa klimesii"
72359	"Stipa krylovii"	"https://openherbarium.org/taxa/index.php?taxon=Stipa krylovii"
49053	Stipeae	
72317	Trikeraia	https://openherbarium.org/taxa/index.php?taxon=Trikeraia
72338	"Trikeraia hookeri"	"https://openherbarium.org/taxa/index.php?taxon=Trikeraia hookeri"
