from	statement	to
1	"Glumes distinctly unequal; lemmawith a crown of hairs over 3 mm; calluses 0.5–0.7 mm long, acute"	"Achnatherum staintonii"
1	"Glumes equal or almost so; lemmas with a crown of hairs up to 2 mm long; calluses up to 0.5 mm long, rounded"	2
2	"Lemmas and paleas clearly unequal; leaves filiform, involute; culms up to 45 cm tall; panicles with very short branches"	"Achnatherum jaquemontii"
2	"Lemmas and paleas subequal; leaves flat; culms over 60 cm tall; panicle with widely spreading branches"	"Achnatherum brandisii"
