from	statement	to
1	"Sporophylls monomorphic"	2
1	"Sporophylls dimorphic"	11
2	"Leaves dimorphic or slightly dimorphic"	3
2	"Leaves monomorphic, spirally arranged on all sides of stem and branches, linear-lanceolate"	"Selaginella indica"
3	"Rhizophores restricted to base of stem, forming thick massive rootstock"	4
3	"Rhizophores at intervals throughout creeping stem and branches or in basal part"	5
4	"Main stems branched near and above base, rosette plants, xerophytic"	"Selaginella pulvinata"
4	"Main stems branched from near middle part, not rosette plants, xerophytic"	"Selaginella bryopteris"
5	"Stems and branches cylindrical, often reddish, sterile leaves not obviously dimorphic, or almost monomorphic, adpressed to stems and branches"	6
5	"Stems and branches cylindrical, not reddish, sterile leaves dimorphic"	7
6	"Leaves ciliolate at margin"	"Selaginella adunca"
6	"Leaves entire or slightly denticulate at margin"	"Selaginella aitchisonii"
7	"Plants with creeping subterranean rhizome and stolons"	8
7	"Plants with rhizophores at intervals throughout length of main stem, borne on ventral or dorsal side in axils of branches"	9
8	"Plants 50–100 cm long, main stem erect, leaves ciliate at base"	"Selaginella fulcrata"
8	"Plants up to 16–65 cm, leaves denticulate with false vein on each side of midvein"	"Selaginella involvens"
9	"Rhizophores borne on ventral side in axils of branches, ventral and dorsal leaves ovate, margin dentate-serrulate"	"Selaginella pallida"
9	"Rhizophores borne on dorsal side in axils of branches"	10
10	"Stems articulate, ventral leaves ovate-lanceolate"	"Selaginella remotifolia"
10	"Stems not articulate, ventral leaves oblong-lanceolate"	"Selaginella semicordata"
11	"Strobili cylindrical or rather lax"	12
11	"Strobili dorsiventrally complanate"	14
12	"Strobili cylindrical, sporophylls monomorphic"	"Selaginella helvetica"
12	"Strobili not cylindrical, sporophylls rather lax, often forked"	13
13	"Plants to 25 cm long, ventral leaves ovate, ovate-triangular or ovate-lanceolate, margin denticulate"	"Selaginella pallidissima"
13	"Plants to 6 cm high, ventral leaves ovate-triangular, margin ciliolate"	"Selaginella laxistrobila"
14	"Apex of dorsal leaves mucronate or aristate, arista curved"	15
14	"Apex of dorsal leaves acuminate or aristate"	16
15	"Apex of dorsal leaf aristate, arista curved, up to 1/2–4/5 as long as leaf, margin sparsely ciliolate; ventral leaves oblong, apex apiculate, margin ciliolate or denticulate"	"Selaginella bisulcata"
15	"Apex of dorsal leaf arista, up to 1/2–3/4 as long as leaf; ventral leaves oblong or oblong-ovate, apex acute or apiculate, margin sparsely shortly ciliolate"	"Selaginella pennata"
16	"Main stems tuberous at base"	"Selaginella chrysocaulos"
16	"Main stems not tuberous at base"	17
17	"Sporophylls at margin long ciliate"	"Selaginella ciliaris"
17	"Sporophylls at margin dentate, or not long ciliate"	18
18	"Plants creeping"	19
18	"Plants sub-erect or creeping"	20
19	"Plants long creeping, ventral leaves ovate-triangular or oblong-falcate, margin denticulate; dorsal leaves ovate-lanceolate or elliptic, margin denticulate, apex acuminate or shortly aristate"	"Selaginella monospora"
19	"Plants long creeping, ventral leaves ovate-triangular, margin ciliolate, dorsal leaves ovate, margin ciliolate, apex aristate"	"Selaginella trichophylla"
20	"Plants creeping"	21
20	"Plants sub-erect or ascending"	22
21	"Plants ascending from decumbent base, leaves on main stems rather approximate, base of ventral leaves long ciliolate; axillary leaves ovate or ovate-lanceolate, margin shortly ciliolate"	"Selaginella repanda"
21	"Plants up to 10 cm, creeping, fertile stems erect, leaves on main stems and branches distant, margin denticulate in basal half, elsewhere subentire, or very ciliolate at base; axillary leaves ovate-triangular, margin ciliolate in basal half, elsewhere subentire"	"Selaginella vaginata"
22	"Plants c. 15 cm long, acroscopic base of ventral leaves dentate"	23
22	"Plants more 15 cm long, acroscopic base of ventral leaves dentate or dentate-ciliolate"	24
23	"Apex of dorsal leaves shortly cuspidate"	"Selaginella chrysorrhizos"
23	"Apes of dorsal leaves not cuspidate"	"Selaginella reticulata"
24	"Ventral leaves ovate to ovate-lanceolate, acroscopic base ciliate-dentate, auriculate at base; dorsal leaves ovate, base obtuse or slightly subcordate, margin ciliolate to denticulate"	"Selaginella subdiaphana"
24	"Ventral leaves ovate, acroscopic base denticulate, base cordate, dorsal leaves ovate, base subcordate, margin minutely dentate"	"Selaginella tenuifolia"
