from	statement	to
1	"Awn columns with hairs 0.3–0.5 mm long; terminal awn segments scabrous"	"Ptilagrostis duthiei"
1	"Awn  columns variously pilose with hairs over 1 mm long; terminal awn segments with hairs 0.5–1.5 mm long"	2
2	"Lower glumes 1.5–3.5 mm longer than the upper glumes; lemmas 1–2.5 mm longer than the paleas"	"Ptilagrostis yadongensis"
2	"Lower and upper glumes similar in length; lemmas and paleas similar in length"	3
3	"Panicles open, 3–5 cm wide; branches up to 6 cm long, spreading"	"Ptilagrostis dichotoma"
3	"Panicles compressed, 0.7–2 cm wide; branches 0.3–2.8 cm long, suberect or narrowly ascending"	"Ptilagrostis concinna"
