id	created_at	updated_at	title	author	description	item	spatial	remarks	source_id	created_by	updated_by	key_file
9905	"2019-10-09 23:19:33"	"2019-10-09 23:33:46"	"Selaginella species"	"Aleksandr Petrovich Shalimov, Yu-Dong Wu, Xian-Chun Zhang"	"This key was presented as part of the authors' Open Access paper titled ""A taxonomic revision of the genus Selaginella
(Selaginellaceae) from Nepal"" and published as Phytokeys 133:1-76 (2019); doi: 10.3897/phytokeys.133.37773"	Selaginella	Nepal		3973	mary.barkworth@usu.edu	niels.klazenga@rbg.vic.gov.au	key-9905-selaginella-species.tsv
10488	"2020-04-26 01:44:59"	"2020-04-27 01:07:18"	"Stipeae genera"	"Marcin Nobis, Polina D. Gudkova, Colin A. Pendry"	"Phrasing slightly modified from text"	Stipeae	Nepal		4380	mary.barkworth@usu.edu	mary.barkworth@usu.edu	key-10488-stipeae-genera.tsv
10489	"2020-04-26 02:29:43"	"2020-04-26 02:31:30"	"Stipa species"	"Marcin Nobis, Polina D. Gudkova, Colin A. Pendry"	"Slightly edited from the published version"	Stipa	Nepal		4380	mary.barkworth@usu.edu	niels.klazenga@rbg.vic.gov.au	key-10489-stipa-species.tsv
10490	"2020-04-26 02:38:38"	"2020-04-26 02:40:26"	"Ptilagrostis species"	"Marcin Nobis, Polina D. Gudkova, Colin A. Pendry"	"Slightly edited"	Ptilagrostis	Nepal			mary.barkworth@usu.edu	niels.klazenga@rbg.vic.gov.au	key-10490-ptilagrostis-species.tsv
10491	"2020-04-26 02:49:36"	"2020-04-26 02:51:23"	"Achnatherum species"	"Marcin Nobis, Polina D. Gudkova, Colin A. Pendry"	"Slightly edited from published version"	Achnatherum	Nepal		4380	mary.barkworth@usu.edu	niels.klazenga@rbg.vic.gov.au	key-10491-achnatherum-species.tsv
10492	"2020-04-26 02:55:06"	"2020-04-26 02:56:53"	"Piptatherum species"	"Marcin Nobis, Polina D. Gudkova, Colin A. Pendry"	"Slightlly eedited from the published version"	Piptatherum	Nepal		4380	mary.barkworth@usu.edu	niels.klazenga@rbg.vic.gov.au	key-10492-piptatherum-species.tsv
