id	name	url
354	Acanthaceae	
5768	Acanthus	
6237	Achyranthes	
14926	Acorus	
15372	"Acorus calamus"	
6234	Aerva	
468	Agavaceae	
5222	Agave	
15373	Aglaonema	
15374	"Aglaonema commutatum"	
328	Aizoaceae	
47620	Alangiaceae	
14901	"Alangium salviifolium"	
448	Alismataceae	
14902	Alliaceae	
1386	Allium	
14905	Allmania	
47622	Aloaceae	
5830	Alocasia	
15375	"Alocasia cucullata"	
15376	"Alocasia fornicata"	
11418	"Alocasia macrorrhizos"	
5706	Aloe	
14919	Alphonsea	
15451	"Alphonsea hortensis"	
15450	"Alphonsea sclerocarpa"	
15452	"Alphonsea zeylanica"	
6239	Alternanthera	
305	Amaranthaceae	
6231	Amaranthus	
14909	Amaryllidaceae	
5827	Amorphophallus	
15367	"Amorphophallus paeoniifolius"	
15368	"Amorphophallus sylvaticus"	
14918	Anaxagorea	
15471	"Anaxagorea luzonensis"	
47625	Ancistrocladaceae	
15487	Ancistrocladus	
14914	"Ancistrocladus hamatus"	
5784	Andrographis	
9885	Angophora	
14959	"Angophora floribunda"	
220	Annona	
266	Annonaceae	
14922	Anthericaceae	
14928	Anthurium	
14934	Anubias	
9748	Aponogeton	
15433	"Aponogeton crispus"	
15430	"Aponogeton natans"	
15432	"Aponogeton rigidifolius"	
445	Aponogetonaceae	
15431	Aponogetonjacobsenii	
253	Aquifoliaceae	
428	Araceae	
14947	Aralia	
15359	"Aralia leschenaultii"	
339	Araliaceae	
14949	Areca	
15349	"Areca catechu"	
15350	"Areca concinna"	
440	Arecaceae	
14944	Arisaema	
15377	"Arisaema constrictum"	
15378	"Arisaema leschenaultii"	
15379	"Arisaema tortuosum"	
214	Artabotrys	
15468	"Artabotrys hexapetalus"	
15469	"Artabotrys zeylanicus"	
5770	Asystasia	
5777	Barleria	
14900	Blepharis	
5841	Borassus	
15351	"Borassus flabellifer"	
14886	Brillantaisia	
15380	Caladium	
15381	"Caladium bicolor"	
5844	Calamus	
15341	"Calamus delicatulus"	
15344	"Calamus digitatus"	
15346	"Calamus ovoideus"	
15343	"Calamus pachystemonus"	
15339	"Calamus pseudotenuis"	
15342	"Calamus radiatus"	
15347	"Calamus rivalis"	
15340	"Calamus rotang"	
15348	"Calamus thwaitesii"	
15345	"Calamus zeylanicus"	
5362	Caldesia	
14940	Callopsis	
223	Cananga	
15486	"Cananga odorata"	
5848	Caryota	
15352	"Caryota urens"	
6232	Celosia	
14908	Centrostachys	
1403	Chlorophytum	
15434	"Chlorophytum heynei"	
8707	"Chlorophytum laxum"	
15435	"Chlorophytum tuberosum"	
5843	Cocos	
15353	"Cocos nucifera"	
5831	Colocasia	
15382	"Colocasia esculenta"	
5846	Corypha	
15354	"Corypha umbraculifera"	
1353	Crinum	
14899	Crossandra	
14946	Cryptocoryne	
15392	"Cryptocoryne alba"	
15387	"Cryptocoryne beckettii"	
15393	"Cryptocoryne bogneri"	
15383	"Cryptocoryne nevillii"	
15390	"Cryptocoryne parva"	
15391	"Cryptocoryne thwaitesii"	
15385	"Cryptocoryne undulata"	
15384	"Cryptocoryne walkeri"	
15388	"Cryptocoryne wendtii"	
15389	"Cryptocoryne x willisii"	
14916	Cyathocalyx	
15470	"Cyathocalyx zeylanica"	
6235	Cyathula	
14930	Cyrtosperma	
215	Desmos	
15436	"Desmos chinensis"	
15438	"Desmos elegans"	
15437	"Desmos zeylanica"	
5776	Dicliptera	
15394	Dieffenbachia	
15395	"Dieffenbachia seguine"	
14903	Digera	
5775	Dipteracanthus	
14888	Dyschoriste	
14897	Elytraria	
14917	Enicosanthum	
15467	"Enicosanthum acuminata"	
11412	Epipremnum	
11419	"Epipremnum pinnatum"	
14891	Eranthemum	
5572	Eucalyptus	
14997	"Eucalyptus alba"	
15013	"Eucalyptus baueriana"	
14992	"Eucalyptus botryoides"	
14987	"Eucalyptus calophylla"	
14996	"Eucalyptus camaldulensis"	
14988	"Eucalyptus citriodora"	
15001	"Eucalyptus deglupta"	
15007	"Eucalyptus fastigata"	
14995	"Eucalyptus globulus"	
14990	"Eucalyptus grandis"	
15002	"Eucalyptus lindleyana"	
14999	"Eucalyptus macarthuri"	
14989	"Eucalyptus maculata"	
15010	"Eucalyptus microcorys"	
15000	"Eucalyptus nova-anglica"	
15011	"Eucalyptus paniculata"	
15008	"Eucalyptus pilularis"	
14994	"Eucalyptus punctata"	
14993	"Eucalyptus robusta"	
14991	"Eucalyptus saligna"	
15005	"Eucalyptus scabra"	
15012	"Eucalyptus sideroxylon"	
15006	"Eucalyptus sparsifolia"	
15009	"Eucalyptus triantha"	
15003	"Eucalyptus urceolaris"	
14998	"Eucalyptus viminalis"	
15014	"Eucalyptus wilkinsoniana"	
14912	Eucharis	
5569	Eugenia	
14819	"Eugenia amoena"	
14824	"Eugenia bracteata"	
14821	"Eugenia cotinifolia"	
14828	"Eugenia fulva"	
14818	"Eugenia glabra"	
14822	"Eugenia mabaeoides"	
14827	"Eugenia rivulorum"	
14820	"Eugenia rotundata"	
14829	"Eugenia rufo-fulva"	
14825	"Eugenia terpnophylla"	
14823	"Eugenia thwaitesii"	
14817	"Eugenia uniflora"	
5223	Furcraea	
6240	Gomphrena	
222	Goniothalamus	
15482	"Goniothalamus gardneri"	
15483	"Goniothalamus hookeri"	
15479	"Goniothalamus salicina"	
15485	"Goniothalamus thomsonii"	
15484	"Goniothalamus thwaitesii"	
14898	Gymnostachyum	
14887	Hemiadelphis	
14910	Hippeastrum	
14937	Homalomena	
5769	Hygrophila	
1345	Hymenocallis	
5707	Ilex	
15427	"Ilex denticulata"	
15428	"Ilex knucklesensis"	
15426	"Ilex walkeri"	
15429	"Ilex zeylanica"	
13057	Iresine	
5787	Justicia	
14945	Lagenandra	
15403	"Lagenandra bogneri"	
15400	"Lagenandra erosa"	
15401	"Lagenandra jacobsenii"	
15399	"Lagenandra koenigii"	
15398	"Lagenandra lancifolia"	
15396	"Lagenandra ovata"	
15397	"Lagenandra praetermissa"	
15402	"Lagenandra thwaitesii"	
14929	Lasia	
15404	"Lasia spinosa"	
12238	Lepidagathis	
9958	Limnophyton	
14950	Loxococcus	
15355	"Loxococcus rupicola"	
14885	Meyenia	
228	Miliusa	
15465	"Miliusa indica"	
15464	"Miliusa tomentosa"	
15466	"Miliusa zeylanica"	
225	Mitrephora	
15449	"Mitrephora heyneana"	
14892	Monothecium	
14923	Monstera	
232	Myrtaceae	
14904	Nothosaerva	
5842	Nypa	
15356	"Nypa fruticans"	
14948	Oncosperma	
15357	"Oncosperma fasciculatum"	
14915	Orophea	
15460	"Orophea polycarpa"	
14911	Pancratium	
14889	Phaulopsis	
15405	Philodendron	
15406	"Philodendron scandens"	
14921	Phoenicanthus	
15447	"Phoenicanthus coriacea"	
15448	"Phoenicanthus obliqua"	
5462	Phoenix	
15358	"Phoenix pusilla"	
5825	Pistia	
15407	"Pistia stratiotes"	
229	Polyalthia	
15453	"Polyalthia cerasoides"	
15456	"Polyalthia coffeoides"	
15454	"Polyalthia korinti"	
15455	"Polyalthia longifolia"	
15459	"Polyalthia moonii"	
15458	"Polyalthia persicaefolia"	
15457	"Polyalthia suberosa"	
5840	Polyscias	
15362	"Polyscias acuminata"	
5832	Pothos	
15408	"Pothos hookeri"	
15410	"Pothos parvispadix"	
15411	"Pothos remotiflorus"	
15409	"Pothos scandens"	
1344	Proiphys	
5780	Pseuderanthemum	
9870	Psidium	
15016	"Psidium cattleyanum"	
15018	"Psidium guajava"	
15015	"Psidium guineense"	
15017	"Psidium montana"	
14906	Psilotrichum	
14894	Ptyssiglottis	
6236	Pupalia	
11411	Remusatia	
15412	"Remusatia vivipara"	
5833	Rhaphidophora	
15413	"Rhaphidophora decursiva"	
15414	"Rhaphidophora pertusa"	
14893	Rhinacanthus	
9873	Rhodomyrtus	
15019	"Rhodomyrtus tomentosa"	
12237	Ruellia	
5788	Rungia	
14920	Sageraea	
15446	"Sageraea thwaitesii"	
5836	Schefflera	
15363	"Schefflera emarginata"	
15365	"Schefflera exaltata"	
15366	"Schefflera heterobotrya"	
15364	"Schefflera stellata"	
14933	Schismatoglottis	
4990	Sesuvium	
14939	Spathicarpa	
14927	Spathiphyllum	
5773	Staurogyne	
14890	Stenosiphonium	
5772	Strobilanthes	
15480	"subsp. reticulata"	
15481	"subsp. salicina"	
9887	Syncarpia	
15020	"Syncarpia glomerulifera"	
15021	"Syncarpia hillii"	
15415	Syngonium	
15416	"Syngonium angustatum"	
5568	Syzygium	
15023	"Syzygium aqueum"	
15034	"Syzygium aromaticum"	
15052	"Syzygium assimile"	
15051	"Syzygium caryophyllatum"	
15042	"Syzygium cordifolium"	
15044	"Syzygium cumini"	
15029	"Syzygium cylindricum"	
15032	"Syzygium fergusoni"	
15026	"Syzygium firmum"	
15047	"Syzygium gardneri"	
15030	"Syzygium hemisphericum"	
15053	"Syzygium jambos"	
15033	"Syzygium lanceolatum"	
15049	"Syzygium lewisii"	
15045	"Syzygium makul"	
15028	"Syzygium malaccensis"	
15048	"Syzygium micranthum"	
15043	"Syzygium neesianum"	
15038	"Syzygium oliganthum"	
15046	"Syzygium operculatum"	
15050	"Syzygium revolutum"	
15036	"Syzygium rotundifolium"	
15039	"Syzygium rubicundum"	
15024	"Syzygium samarangense"	
15054	"Syzygium sclerophyllum"	
15035	"Syzygium sp."	
15040	"Syzygium spathulatum"	
15025	"Syzygium turbinatum"	
15041	"Syzygium umbrosum"	
15031	"Syzygium zeylanicum"	
5460	Tetrapanax	
15360	"Tetrapanax papyriferus"	
14943	Theriophonum	
15417	"Theriophonum minutum"	
5771	Thunbergia	
4991	Trianthema	
14907	Trichurus	
9892	Tristania	
15022	"Tristania conferta"	
5828	Typhonium	
11431	"Typhonium flagelliforme"	
15418	"Typhonium roxburghii"	
15419	"Typhonium trilobatum"	
14932	Typhonodorum	
218	Uvaria	
15443	"Uvaria cordata"	
15445	"Uvaria grandiflora"	
15441	"Uvaria macropoda"	
15440	"Uvaria narum"	
15444	"Uvaria semecarpifolia"	
15442	"Uvaria sphenocarpa"	
15439	"Uvaria zeylanica"	
15371	"var. campanulatus"	
15370	"var. paeoniifolius"	
14942	Xanthosoma	
15420	"Xanthosoma sagittifolium"	
221	Xylopia	
15476	"Xylopia championii"	
15477	"Xylopia nigricans"	
15478	"Xylopia parvifolia"	
14931	Zamioculcas	
5829	Zantedeschia	
15421	"Zantedeschia aethiopica"	
1352	Zephyranthes	
