from	statement	to
1	"Corona absent. No scales or teeth present between filaments"	2
1	"Corona present"	3
2	"Flowers solitary"	Zephyranthes
2	"Flowers in an umbellate inflorescence"	Crinum
3	"Corona of small scales between the filaments. Peduncle hollow"	Hippeastrum
3	"Corona formed by expanded bases of filaments. Peduncle solid"	4
4	"Leaves narrow, sessile. Perianth segments lanceolate"	5
4	"Leaves broad, petiolate.  Perianth segments oblong or ovate"	6
5	"Ovules many in each loculus, superposed"	Pancratium
5	"Ovules 2-6 in each loculus, arranged side by side in basal part of loculi only"	Hymenocallis
6	"Leaves broadly reniform-cordate"	Proiphys
6	"Leaves elliptic or ovate"	Eucharis
