from	statement	to
1	"Lamina without distinct intramarginal nerve; calyx segments longer than broad, becoming reflexed at anthesis, Cultivated"	"Eugenia uniflora"
1	"Lamina with distinct intramarginal nerve; calyx not as above"	2
2	"Young shoots entirely glabrous"	3
2	"Young shoots at first densely puberulent"	5
3	"Petiole exceeding 5 mm long, leaf base cuneate"	"Eugenia glabra"
3	"Petiole at most 2 mm long; leaf base cordate"	4
4	"Lamina at least 9x3 cm; flowers -1 cm diam, at anthesis"	"Eugenia amoena"
4	"Lamina at most 7 x 5.5 cm; flowers  -5 mm diam. at anthesis"	"Eugenia rotundata"
5	"Flowers c. 2 cm diam., large, cream-yellow, solitary; young parts densely silvery pubescent; shrub on mountain peaks"	"Eugenia cotinifolia"
5	"Not as above"	6
6	"Mountain shrubs with slender glabrescent twigs, small leaves, and slender glabrous peduncles"	7
6	"Lowland shrubs or trees with densely "	8
7	"Lamina spathulate to elliptic; twigs brown; flowers 1-3 axillary"	"Eugenia mabaeoides"
7	"Lamina ovate-lanceolate to elliptic; twigs pale cream; flowers many-axillary in clusters"	"Eugenia thwaitesii"
8	"Lamina nervation very slender and hardly raised; intramarginal nerve c. 1 mm within margin and not looped; flowers in reduced terminal racemes. Small trees of dry and intermediate zones"	"Eugenia bracteata"
8	"Lamina nervation not as above; flowers in axillary clusters"	9
9	"Lamina undersurface glabrous,"	"Eugenia terpnophylla"
9	"Lamina undersurface at first pubescent, persisting at least on base of midrib"	10
10	"Lamina nerves very slender and hardly elevated beneath"	"Eugenia rufo-fulva"
10	"Lamina nerves distinctly elevated beneath"	11
11	"Twig and petiole distinctive cream"	"Eugenia rivulorum"
11	"Twig cream but petiole drying pubescent or black"	"Eugenia fulva"
