from	statement	to
1	"Leaves not ending in a cirrus, flagella present and inflorescences flagelliform"	2
1	"Leaves ending in a cirrus, flagella absent and inflorescences not flagelliform"	9
2	"Leaves pinnate and leaflets regular, rarely irregular, then only the basal few; never palmate or costapalmate"	3
2	"Leaves pinnate and leaflets never regular, or palmate or costapalmate"	7
3	"Stem not slender, robust, more than 1.5 cm diameter,leaflets more than 50 cm long, sheath covered with broad, black spines 3-4 cm long, fused at the base to form crescent-shaped half whorls"	"Calamus thwaitesii"
3	"Stems slender, less than 1.5 cm diameter, leaflets small, less than 50 cm long, sheath not covered in large black spines"	4
4	"Ocrea well developed, more than 5 cm long, not covered in spines"	"Calamus pseudotenuis"
4	"Ocrea not well developed, if well developed covered in spines"	5
5	"Spines on the leaf sheath not dense, less than 1.5 cm long, with a broad swollen base, young parts not covered in rufous tomentum"	"Calamus rotang"
5	"Spines on the leaf sheath dense, to 2.2 cm long, without a broad swollen base, young parts covered in rufous tomentum"	6
6	"Sheath without tufted and adpressed long spines, petiole absent, leaflets broadly lanceolate, 25-45 cm long, 1.5-2.5 cm wide"	"Calamus rivalis"
6	"Sheath covered with tufted and adpressed spines, petiole present, 3-5 cm long,leaflets narrowly lanceolate, 20-30 cm long, 1.2-1.5 cm wide"	"Calamus delicatulus"
7	"Staminate flowers with stamens not in two whorls of unequal length, instead in one whorl of same length"	"Calamus radiatus"
7	"Staminate flowers with stamens in two whorls of unequal length"	8
8	"Leaves never palmate, always pinnate"	"Calamus pachystemonus"
8	"Leaves palmate, never pinnate"	"Calamus digitatus"
9	"Sheath copper-coloured, armed with distinct, well spaced rings of dark brown spines, leaflets less than 50 pairs, shiny on both surfaces"	"Calamus zeylanicus"
9	"Sheath not copper-coloured, nor armed with well spaced rings of spines, instead with densely packed oblique rings of spines not distinct from each other; leaflets more than 50 pairs, not shiny on both surfaces, undersurface dull, whitish, covered with a waxy coating"	"Calamus ovoideus"
