from	statement	to
1	"Stem climbing; bracts large, enveloping a reduced calyx"	2
1	"Stem erect or prostrate; bracts generally small, exposing the calyx"	3
2	"Calyx annular or 10-18-toothed; pollen globose"	Thunbergia
2	"Calyx 5-lobed, often obscurely; pollen cog-wheel-shaped"	Meyenia
3	"Corolla-lobes contorted in bud"	4
3	"Corolla-lobes imbricate in bud"	16
4	Herbs	5
4	"Shrubs or undershrubs"	13
5	"Corolla-tube widened or ventricose above a cylindric base; capsule usually with a solid base; seeds 6-indefinite (except in 5. Strobilanthes)"	6
5	"Corolla tube uniformly cylindric; capsule with a solid base; seeds 1-4"	11
6	"Corolla-tube ventricose above a cylindric base; limb 2-lipped"	7
6	"Corolla-tube widened above cylindric base; limb subequally 5-lobed"	10
7	"Stems erect"	8
7	"Stems prostrate"	9
8	"Flowers in spikes or in axillary whorls; stamens 4; staminodes 0"	Hygrophila
8	"Flowers solitary or in lax cymes; stamens 2; staminodes 2"	Brillantaisia
9	"Flowers in spikes; bracts imbricate, longer than calyx; stamens 2"	Hemiadelphis
9	"Flowers in heads; bracts discrete, shorter than calyx; stamens 4"	Strobilanthes
10	"Flowers solitary or in lax, axillary cymes; capsule without a solid base"	Ruellia
10	"Flowers solitary or 2-3 in axillary cymes; capsule with a solid base"	Dipteracanthus
11	"Flowers in short spikes or axillary clusters; stamens 4"	12
11	"Flowers in long spikes; stamens 2"	Pseuderanthemum
12	"Bracts 0; calyx-lobes equal"	Dyschoriste
12	"Bracts present, foliaceous; one calyx lobe longer than others"	Phaulopsis
13	"Stamens 4 or 2"	14
14	"Calyx 5-fid; capsule linear-oblong; seeds 6-indefinite, with hygroscopic hairs"	Stenosiphonium
14	"Calyx (4-)5-partite; capsule oblong or ovoid; seeds 4 or 2, glabrous or    appressedly hairy"	15
15	"Staminodes present"	Pseuderanthemum
15	"Staminodes absent"	Strobilanthes
16	"Corolla-limb subequally 5-lobed"	17
16	"Corolla-limb 2-lipped or 1-lipped"	19
17	"Herbs; calyx 5-partite, lobes equal"	18
17	"Shrubs or undershrubs; calyx 4-partite, lobes in unequal pairs"	Barleria
18	"Bracts shorter than calyx; stamens 4; staminodes 0; seeds glabrous"	Asystasia
18	"Bracts much longer than calyx; stamens 2; staminodes 2; seeds with hygroscopic hairs"	Eranthemum
19	"Corolla-limb 2-lipped"	20
19	"Corolla-limb 1-lipped"	33
20	"Seeds 4 or 2"	21
20	"Seeds 6-indefinite"	29
21	Herbs	22
22	"Bracts conspicuous; stamens 4"	Lepidagathis
22	"Bracts inconspicuous; stamens 2"	23
23	"Flowers in 1-sided spikes or racemes; capsule ovoid or linear-oblong"	24
23	"Flowers in equilateral spikes or panicles; capsule clavate or orbicular"	26
24	"Bracts in subequal levels; lower anther-thecae basally muticous"	25
24	"Bracts in rows; lower anther-thecae basally spurred"	Rungia
25	"Anthers 2-thecous, thecae basally bearded; capsule ovoid"	Andrographis
25	"Anthers 1-thecous, thecae basally smooth; capsule linear-oblong"	Monothecium
26	"Bracts in equal pairs; capsule clavate; retinacula straight"	27
26	"Bracts in subequal pairs; capsule orbicular; retinacula hooked"	Dicliptera
27	"Stem erect; straight; anther-thecae more or less superposed"	28
27	"Stem prostrate; anther-thecae parallel"	Ptyssiglottis
28	"Corolla-tube not much longer than limb; lower anther-theca basally spurred"	Justicia
28	"Corolla-tube longer than limb; anther-thecae basally blunt"	Rhinacanthus
29	"Herbs; calyx-lobes not ciliate"	30
29	"Shrubs or undershrubs; calyx-lobes hirsutely ciliate"	Gymnostachyum
30	"Leaves subradical; calyx 4-partite; staminodes 2"	Elytraria
30	"Leaves cauline; calyx 5-partite; staminodes 0"	31
31	"Seeds indefinite; retinacula 0"	Staurogyne
31	"Seeds 6-16; retinacula present"	32
32	"Stem rhizomatous; corolla-tube curved; anther-thecae basally smooth; seeds    much compressed"	Gymnostachyum
32	"Stem aerial, erect; corolla-tube straight; anther-thecae usually basally bearded; seeds not compressed"	Andrographis
33	"Leaves lineolate with cystoliths; corolla-tube split down posticous face; calyx 5-partite"	Crossandra
33	"Leaves bereft of cystoliths; corolla-tube entire; calyx 4-partite"	34
34	"Leaves spuriously whorled; bracts in more than 2 opposite pairs; corolla-tube short; capsule oblong"	Blepharis
34	"Leaves opposite; bracts in single pairs; corolla-tube long; capsule ovoid"	Acanthus
