from	statement	to
1	"All filaments bearing anthers; anther versatile, opening in broad parallel auriculate lobes,  usually with distal or terminal gland"	2
1	"At least some outer filaments lacking anthers; anther adnate to filament and erect or oblique, without gland, truncate and opening by paired apical slits or pores. Inflorescence terminal or subterminal- axillary"	25
2	"Anther cells distinct, broadest towards the more or less emarginate apex"	3
2	"Anther cells united distally, diverging towards the bases, overall reniform; gland terminal, minute"	16
3	"Filaments attached beneath the gland and in the basal half of the connective; lamina nervation very slender, almost transverse"	4
3	"Filaments tapering to a sharp point and attached near the base of the gland on the upper half of the connective; lamina nervation oblique, prominent"	11
4	"Inflorescence a corymbose panicle, usually terminal"	5
4	"Inflorescences axillary, umbellate"	7
5	"Bark persistently scaly; bud operculum single"	"Eucalyptus calophylla"
5	"Bark overall smooth, scroll-marked; operculum double"	6
6	"Leaves lemon-scented; bud operculum obtuse; fruit as long as broad"	"Eucalyptus citriodora"
6	"Leaves not lemon-scented, bud operculum acute; fruit longer than broad"	"Eucalyptus maculata"
7	"Fruit disc not minutely pelliculose"	8
7	"Fruit disc minutely pelliculose"	"Eucalyptus punctata"
8	"Bark surface overall smooth, scroll-marked"	9
8	"Bark rough, fibrous, persistent"	10
9	"Buds and fruits glaucous, distinctly pedicellate; fruit pyriform, contracted at the orifice"	"Eucalyptus grandis"
9	"Buds and fruits not glaucous, very shortly pedicellate; fruit campanulate"	"Eucalyptus saligna"
10	"Buds and fruit sessile;operculum half length of calyx tube; fruit as broad as long"	"Eucalyptus botryoides"
10	"Buds and fruit pedicellate; operculum larger than calyx tube,contracted in middle; fruit   longer than broad"	"Eucalyptus robusta"
11	"Bark smooth, white"	12
11	"Bark fibrous, flaky throughout trunk or, if smooth and white, then flaky on butt and with long ribbon-like flakes hanging from branches"	14
12	"Juvenile leaves prominently glaucous, orbicular, subsessile, persisting into young tree; bark on butt rough"	"Eucalyptus globulus"
12	"Juvenile leaves not as above; bark surface smooth throughout"	13
13	"Fruit disc well defined, united or free from the prominently exserted valves"	"Eucalyptus camaldulensis"
13	"Fruit disc small, band-like, valves not prominently exserted"	"Eucalyptus alba"
14	"Bark smooth except on butt, with long ribbon-like flakes hanging from branches; fruit subsessile"	"Eucalyptus viminalis"
14	"Bark flaky on trunk, smooth on branches; fruit pedicellate"	15
15	"Buds not glaucous; fruit with small disc and shortly exserted valves"	"Eucalyptus macarthuri"
15	"Buds glaucuos; fruit with well-defined convex disc and prominent valves"	"Eucalyptus nova-anglica"
16	"Anthers cordate-reniform, dehiscing widely in semi-longitudinal almost confluent slits"	"Eucalyptus deglupta"
16	"Anthers widely divergent and thus apparently dehiscing transversely across the base, the valves on opening appearing like the wing of a minute butterfly; trees with persistently fibrous bark"	17
17	"Juvenile leaves strongly aromatic, smelling of peppermint when crushed"	18
17	"Juvenile leaves not scenting of peppermint"	19
18	"Juvenile leaves narrow and willow-like, opposite for many pairs, hispid on midrib and internodes. Bud clavate"	"Eucalyptus lindleyana"
18	"Juvenile leaves broad, glabrous, opposite for up to 12 pairs. Buds urceolate rostrate with prominent subulate operculum"	"Eucalyptus urceolaris"
19	"Juvenile leaves and internodes minutely hispid"	20
19	"Juvenile leaves and internodes glabrous, entire or sparsely denticulate only"	23
20	"Leaves (especially juvenile) sweet smelling; buds padicellate; fruit hemispherical to depressed-globose"	"Eucalyptus wilkinsoniana"
20	"Leaves not sweet smelling"	21
21	"Buds and fruits sessile and congested into heads; juvenile leaves entire"	"Eucalyptus scabra"
21	"Buds and fruits not as above; juvenile leaves more or less denticulate"	22
22	"Juvenile leaves narrow, willow-like; buds and fruits subsessile, fruit subglobose"	"Eucalyptus sparsifolia"
22	"Juvenile leaves broad; buds and fruits pedicellate, fruits pyriform"	"Eucalyptus fastigata"
23	"Bud operculum longer than calyx tube"	24
23	"Bud operculum small, hemispherical"	"Eucalyptus microcorys"
24	"Mature lamina falcate-lanceolate, coriaceous"	"Eucalyptus pilularis"
24	"Mature lamina elliptic-lanceolate, chartaceous, pale beneath"	"Eucalyptus triantha"
25	"Bark dark, tanniniferous, deeply furrowed; leaves broadly lanceolate"	26
25	"Bark of trunk smooth, pale; leaves broadly lanceolate to suborbicular"	"Eucalyptus baueriana"
26	"All outer filaments without anthers"	"Eucalyptus paniculata"
26	"A few outer filaments only without anthers"	"Eucalyptus sideroxylon"
