from	statement	to
1	"Sterile flowers spreading, the lower ones spatulate and becoming increasingly subulate above; spathe blade greenish, narrow and elongate; leaves elongate, hastate"	"Typhonium flagelliforme"
1	"Sterile flowers various, all subulate or filiform; spathe blade reddish purple, ovate"	2
2	"Sterile flowers subulate, strongly decurved; appendix base as thick as stipe or only slightly  swollen and rounded"	"Typhonium roxburghii"
2	"Sterile flowers filiform, curly; appendix base much thicker than stipe, strongly truncate"	"Typhonium trilobatum"
