from	statement	to
1	"Inner petals acuminate. Stamens 15-20. Leaf-blade (2-) 2.5 to about 3.2 times as long as wide, gradually tapering to rounded apex, not or scarcely acuminate,quite glabrous when mature"	"Alphonsea sclerocarpa"
1	"Inner petals obtuse. Stamens 30 to about 50. Leaf-blade acuminate at apex, rather persistently pubescent on midrib beneath"	2
2	"Leaf-blade ovate or elliptical-ovate, 2.5 to about 3 times as long as wide, obtuse at base. Stamens 40-50. Fruiting carpels smooth, soft, succulent, 8-10-seeded"	"Alphonsea hortensis"
2	"Leaf-blade lanceolate. 3.5-4.5 times as long as wide, acute at both ends, caudate-acuminate at apex. Stamens 30-40. Fruiting carpels woody, about 5-seeded"	"Alphonsea zeylanica"
