from	statement	to
1	"Leaf-blade with the midrib flat or convex on upper side when dry. Flowers axillary, mostly solitary. Fruitlets 4-7.5 mm diameter"	2
1	"Leaf-blade with the midrib sulcate or impressed on upper side when dry"	3
2	"Leafy branches, petioles and under surface of leaves densely pubescent by patent or erecto-patent hairs 0.3-0.6 mm long. Leaf-blade pubescent above at least when young; reticulate venation not or hardly prominent on upper side in dry leaf"	"Polyalthia cerasoides"
2	"Leafy branches, petioles and under surface of leaves puberulous by erecto-patent or appressed hairs 0.2-0.3 mm long. Leaf-blade glabrous above except the midrib; reticulate venation prominent on both sides in dry leaf"	"Polyalthia korinti"
3	"Trees, usually 6 to more than 20 m tall. Leafy branches minutely puberulous with hairs 0.1-0.2 mm long. Petiole 4-8 mm long. Leaf-blade 8-22 cm long, almost symmetrical at base, undulate at the margin; reticulate venation prominent on upper side in dry leaf. Flowers mostly few to numerous in axillary inflorescences. Petals 6-25 mm long, puberulous on inner side. Fruitlets 1.5-2.5 cm in diameter"	4
3	"Treelets, up to 3 m tall. Leafy branches densely pubescent with hairs 0.3-0.5 mm long. Petiole 1-4 mm long. Leaf-blade 2-11 cm long, asymmetrical at base; margin not undulate; reticulate venation at most faintly raised on upper side in dry leaf. F'lowers solitary or paired, internodal or leaf-opposed. Petals 3-6 mm long, glabrous on inner side. Fruitlets 4-6 mm in diameter"	5
4	"Leaf-blade (3.5-) 4- to 7-times as long as wide; lateral veins usually 18-24 pairs. Pedicel 2-4 cm long. Petals narrowly lanceolate. Carpels in flower up to 10"	"Polyalthia longifolia"
4	"Leaf-blade 2- to 4-times as long as wide; lateral veins 10-14 pairs. Pedicel about 1 cm  long. Petals elliptical or oblong. Carpels in flower about 20"	"Polyalthia coffeoides"
5	"Leafless branches with thick, corky, deeply fissured bark. Leaf-blade mostly widest  above the middle, very obtuse or rounded and sometimes shortly apiculate at apex; lateral veins 9-12 pairs. Inner petals flat, ovate-elliptical"	"Polyalthia suberosa"
5	"Leafless branches with thin, not corky, bark. Leaf-blade widest at or below the  middle, acute and long-acuminate at apex; lateral veins 6-10 pairs. Inner petals concave, almost orbicular"	6
6	"Pedicel 4-15 mm long. Lateral veins not sculptured on upper side"	"Polyalthia persicaefolia"
6	"Pedicel 20-50 mm long. Lateral veins markedly raised on upper surface"	"Polyalthia moonii"
