from	statement	to
1	"Calyx tube with a thickened staminal disc at the mouth; petals large, not at first caducous; fruit large; large trees with "	2
1	"Calyx tube not as above; petals small, usually calyptrate and falling immediately at anthesis; leaves small, or large but generally without prominent nervation"	9
2	"Leaves subsessile, base cordate or obtuse"	3
2	"Leaves prominently petiolate, lamina base cuneate"	4
3	"Lamina thickly coriaceous, obtuse; flowers bright pink, calyx tube bugle-shaped; indigenous   tree"	"Syzygium aqueum"
3	"Lamina chartaceous, typically acuminate; flowers white, calyx tube-cup shaped; cultivated  exotic"	"Syzygium samarangense"
4	"Lamina thickly coriaceous and prominently revolute, elliptic or obovate, obtuse in mature tree"	5
4	"Lamina not thickly coriaceous or prominently revolute, elliptic or ovate, prominently acuminate"	6
5	"Lamina 3.5 "	"Syzygium turbinatum"
5	"Lamina 10-17 x 5.5- 11 cm; nerves many"	"Syzygium firmum"
6	"Lamina lanceolate or narrowly elliptic, with at least 14 pairs of nerves; cultivated exotics"	7
6	"Lamina elliptic"	8
7	"Lamina with single-tiered intramaginal nerve; flowers white; cyme terminal"	"Syzygium jambos"
7	"Lamina with 2-tiered intramarginal nerve; flowers pink; cyme axillary"	"Syzygium malaccensis"
8	"Lamina nerves 6-8 pairs, evident but frequently channelled above; flowers tinged pink, with prominent bugle-shaped calyx tube; inland rivers"	"Syzygium cylindricum"
8	"Lamina nerves c. 12pairs, distinctly elevated above; flowers white with cup-shaped calyx tube; hill country"	"Syzygium hemisphericum"
9	"Calyx tube long, bugle-shaped; lamina drying grey-green with the midrib paler than the blade beneath"	10
9	"Calyx tube short, cup or funnel-shaped; midrib typically drying darker than lamina beneath"	14
10	"Young twigs quadrangular; petioles at most 4 mm  long, short"	11
10	"Young twigs terete; petioles at least 5 mm long"	12
11	"Fruit  -8 mm diam., subglobose, ripening distinct white; lamina lanceolate or linear, with cuneate base; dry and intermediate zone"	"Syzygium zeylanicum"
11	"Fruit  -18 mm long,  -10 mm diam., urceolate; lamina broadly elliptic-ovate, with cordate or obtuse base; wet zone mountains"	"Syzygium fergusoni"
12	"Lamina thinly chartaceous, ovate-lanceolate to elliptic; cymes -1.5cm long, mainly axillary; indiginous trees"	"Syzygium lanceolatum"
12	"Lamina coriaceous, oblanceolate to elliptic; cymes - 4 cm long,  mainly terminal or subterminal axillary; cultivated trees"	13
13	"Lamina 7-12 x 3-5 cm, oblanceolate; petioles 1-2 cm long; calyx tube -15 mm long, 6 mm diam"	"Syzygium aromaticum"
13	"Lamina 4-10 x 1.8 - 4 cm"	"Syzygium sp."
14	"Twigs at first sharply quadrangular, small leaved trees of hills and mountain forests"	15
14	"Twigs terete; leaves medium sized or large"	20
15	"Lamina small, elliptic to suborbicular, base obtuse or cordate; cymes terminal"	16
15	"Lamina oblanceolatc, elliptic or lanceolate, base cuneate"	17
16	"Lamina base obtuse or broadly cuneate, petiole short but slender, distinct"	"Syzygium rotundifolium"
16	"Lamina subsessile, base cordate"	"Syzygium sclerophyllum"
17	"Leaf at most 25 mm long, small, broadly obovate;cymes mostly  axillary"	"Syzygium oliganthum"
17	"Leaf 2-7 cm long oblanceolate to lanceolate; cymes terminal or, subterminal axillary"	18
18	"Leaf drying purplish brown, prominently acuminate, margin hardly or not revolute,   nerves densely parallel"	"Syzygium rubicundum"
18	"Leaf drying olive or chocolate-brown, shortly bluntly acuminate or obtuse, main nerves relatively few, not as above"	19
19	"Flowers -2 mm long and diam., very small, pinkish; fruit -7 mm diam"	"Syzygium spathulatum"
19	"Flowers -4mm long and diam., white; fruit -20 mm diam"	"Syzygium umbrosum"
20	"Lamina oblong-elliptic or ovate-lanceolate, drying dark chocolate-brown, base cordate"	21
20	"Lamina base cuneate or .if cordate, than leaf suborbicular"	22
21	"Lamina large, at least 7 cm wide, with prominently revolute margin; fruit -2 cm  diam"	"Syzygium cordifolium"
21	"Lamina at most 5cm wide, margin hardly revolute or applanate; fruit -1 cm diam."	"Syzygium neesianum"
22	"Twigs conspicuous cream"	23
22	"Twigs grey or brown"	26
23	"Lamina drying chocolate-brown beneath, purplish above, with many slender nerves"	24
23	"Lamina chartaceous, drying pale grey-green"	25
24	"Lamina 6.5-11 x 2.5-5 cm, elliptic, margin applanate; petiole slender; cymes mainly ramiflorous; dry zone"	"Syzygium cumini"
24	"Lamina 9-17 x 4.5-7 cm, narrowly obovate to elliptic, margin "	"Syzygium makul"
25	"Lamina elliptic-obovate, with 7-15 pairs of distant nerves narrowly depressed above; cymes mainly ramiflorous"	"Syzygium operculatum"
25	"Lamina ovate-lanceolate, with many very slender densely parallel nerves slightly elevated on both surfaces; cymes terminal or sub terminal axillary"	"Syzygium gardneri"
26	"Lamina lanceolate, with -2cm long prominent subcaudate acumen"	27
26	"Lamina elliptic or obovate-oblanceolate; acumen if prominent broad tapering"	28
27	"Leaves and twigs pendent; nerves including tertiaries elevated above; flowers very small, calyx -2 mm long, -1 mm diam, in slender terminal or axillary to ramiflorous cymes"	"Syzygium micranthum"
27	"Leaves and twigs ascending; nerves narrowly depressed above, tertiaries obscure; flower calyx -4 mm long -2 mm diam; cymes stout, terminal or sub terminal axillary"	"Syzygium lewisii"
28	"Lamina at most 1.7 times as long as broad, broadly obovate or suborbicular,  thickly coriaceous, obtuse or subacute; tertiary nerves distinctly and "	"Syzygium revolutum"
28	"Lamina at least twice as long as broad, obovate elliptic; tertiary nerves more prominent beneath than above"	29
29	"Lamina obtuse or (in young trees) bluntly subacuminate, dull beneath with the tertiaries forming a distinctly elevated reticulum"	"Syzygium caryophyllatum"
29	"Lamina shortly but prominently downcurved acuminate, lustrous beneath; tertiaries very slender,"	"Syzygium assimile"
