from	statement	to
1	"Leaves alternate"	2
1	"Leaves Opposite"	7
2	"Fertile flowers each subtended by 2 lateral sterile modified flowers consisting of antler like scales"	Digera
2	"Fertile flowers not subtended by modified sterile flowers"	3
3	"Ovary multiovulate, ovules 4"	Celosia
3	"Ovary uniovulate"	4
4	"Pseudo.staminodes present"	Aerva
4	"Pseudo-staminodes absent"	5
5	"Stamens 1"	Nothosaerva
5	"Stamens 3"	6
6	"Flowers bisexual; seed with a conspicuous, membranous, cupular aril"	Allmania
6	"Flowers unisexual; seed with no aril"	Amaranthus
7	"Fertile flowers subtended by modified sterile flowers bearing strongly accrescent  hooked or glochidiate spines, forming a burr in fruit"	8
7	"Fertile flowers not subtended by such modified sterile flowers"	9
8	"Pseudo-staminodes present"	Cyathula
8	"Pseudo-staminodes absent"	Pupalia
9	"Flowers unisexual in lax panicles: leaves variegated (green with yellow veins to    purplish with pink veins), orbicular to ovate-orbicular commonly emarginated"	Iresine
9	"Flowers bisexual, in dense to lax heads or spikes; leaves rarely variegated, if so the leaves   narrower and never emarginated"	10
10	"Filaments fused almost to the top, the tube 5-toothed, the teeth deeply bilobed with the anthers set between the lobes; bracteoles with a vertical dorsal crest"	Gomphrena
10	"Filaments fused at the base only or free, with or without pseudo-staminodes. bract  teoles not dorsally cristate"	11
11	"Pseudo-staminodes absent"	12
11	"Pseudo-staminodes present"	13
12	"Stamens 2; perianth l"	Nothosaerva
12	"Stamens 5; perianth over 3 mm long"	Psilotrichum
13	"Leaves very narrow, linear-filiform; capsule circumscissile, longitudinally split at maturity"	Trichurus
13	"Leaves not linear-filiform; capsule indehiscent or irregularly rupturing"	14
14	"Flowers in dense, sessile axillary heads"	Alternanthera
14	"Flowers in elongate, pedunculate spikes with the flowers increasingly distant   below in fruit"	15
15	"Bracteoles strongly spinous with the excurrent midrib; tepals only slightly unequal"	Achyranthes
15	"Bracteoles orbicular hyaline, not spinous; tepals distinctly unequal, the outer with a sharper, frequently recurved tip"	Centrostachys
