from	statement	to
1	"Leaves rarely exceeding 3 cm long, entire or rarely shallowly serrate towards apex; flowers 4 - 5-merous"	"Ilex walkeri"
1	"Leaves 3 - 10.5 cm long"	2
2	"Leaves 3 - 8 cm long"	3
2	"Leaves 7 - 10.5 cm long, entire; flowers 5-merous"	"Ilex zeylanica"
3	"Leaves 3 - 8 cm long, sharply, irregularly serrate, with 3 - 6 pairs of lateral veins; flowers 4-merous"	"Ilex denticulata"
3	"Leaves 4 - 6 cm long, entire throughout, with 7 - 9 pairs of lateral veins; flowers 4-, mostly 5-merous"	"Ilex knucklesensis"
