from	statement	to
1	"Petals in 2 series; inner petals longer than outer petals, the latter not exceeding 2 cm"	2
1	"Petals in 1 or 2 series; outer petals longer than inner petals, or inner petals missing"	4
2	"Inner petals lozenge-shaped, long-clawed, coherent by their distal margins forming a  pointed cone. Stamens 6"	Orophea
2	"Inner petals orbicular, ovate, elliptic, oblong or lanceolate, distinct or coherent by their bases only. Stamens 20 to numerous"	3
3	"Petals similar. Inner petals less than twice as long as outer petals. Stamens closely arranged, with a broad, truncate connective concealing the anther-cells"	Polyalthia
3	"Petals dissimilar. Inner petals more than three times as long as outer petals. Stamens  loosely arranged, connective not expanded, not concealing the anther-cells"	Miliusa
4	"Inner petals coherent above the stamens, never missing"	5
4	"Inner petals spreading or connivent but not coherent above the stamens; absent in certain  introduced fruit-trees"	8
5	"Petals dissimilar. Inner petals 0.5-1.5 cm long, lozenge-shaped or obovate, coherent by  their distal margins forming a cap or cone. Pollen in tetrads"	6
5	"Petals similar, both series 2-5 cm long; inner petals narrowly lanceolate to linear, constricted and coherent above the spoon-shaped base, divaricate by their distal portions. Pollen grains solitary"	7
6	"Sepals about 1 mm long. Outer petals 0.8-1.3 cm long. Anthers not septate. Stigma stout,  almost sessile. Flowers leaf-opposed or intermodal"	Mitrephora
6	"Sepals 5-18 mm long. Outer petals (1.2-) 1.5-5 cm long. Anthers septate. Stylules long and slender. Flowers mostly axillary"	Goniothalamus
7	"Sepals distinct or connate at most by their lower third, pubescent outside and within.  Carpels several, with a long and slender stylule"	Artabotrys
7	"Sepals connate into an almost entire cup, glabrous within. Carpel solitary, with a broad,  depressed, short-stipitate stigma"	Cyathocalyx
8	"Stylule elongate, more than half as long as the rest of the carpel. Petals 6, distinct, two or several times as long as broad"	9
8	"Stigma sessile or very short-stipitate"	12
9	"Flowers large: sepals 5-9 mm long, petals 2.5 to about 9 cm long, 1-2 cm wide. Carpels numerous"	10
9	"Flowers medium-sized: sepals 2-2.5 mm long, petals 1-2.4 cm long, 1-6 mm wide.  Carpels 1-6"	11
10	"Sepals and petals imbricate; petals up to 3.5 cm long. Stamens 1.5-2 mm long, truncate and flat at the apex. Carpels strigose, with 1 ovule"	Enicosanthum
10	"Sepals and petals valvate: petals up to 9 cm long. Stamens 2-3 mm long, produced into  an acute cone at the apex. Carpels glabrous except at the very base, with several ovules"	Cananga
11	"Flower pure white; leaf-opposed or from the old wood. Sepals distinct, glabrous. Petals glabrous. Stamens 3 mm long, loosely arranged, connective not expanded, not concealing the anther-cells. Carpels not immersed"	Anaxagorea
11	"Flowers pale yellowish or greenish, axillary. Sepals more or less connate, pubescent  on outside. Petals puberulous. Stamens 1.3-1.8 mm long, closely arranged, with a broad, truncate connective concealing the anther-cells. Carpels sunk in the hollowed receptacle"	Xylopia
12	"Stamens and carpels numerous"	13
12	"Carpels (1-) 3-6. Stamens 6 to rather numerous"	15
13	"Carpels 1-ovulate. Petals 3 or 6, very thick, distinct"	Annona
13	"Carpels with several ovules. Petals 6 (-8)"	14
14	"Sepals and petals sparsely puberulous with solitary hairs; petals distinct. Carpels  tapering into a capitate stigma"	Desmos
14	"Sepals and petals pubescent or tomentose with stellate hairs on outer surface; petals  frequently shortly connate at base. Carpels truncate at apex"	Uvaria
15	"Sepals and petals densely pubescent or tomentose on outside; tips of petals recurved. Carpels densely pubescent. Flowers pale yellowish or ochre"	Alphonsea
15	"Sepals and petals glabrous or almost glabrous on both surfaces; tips of petals not  recurved. Carpels very sparsely puberulous or glabrous"	16
16	"Stamens about 20. Carpels with several ovules. Sepals and both series of petals  imbricate"	Sageraea
16	"Stamens 6 or 9. Carpels with 1 or 2 ovules. Sepals and outer petals valvate, inner  petals slightly imbricate"	Phoenicanthus
