from	statement	to
1	"Leaves almost glabrous on both sides at maturity; blade acute, obtuse or rounded at base. Hairs on branches and leaves 0.1-0.2 mm long. Petals quite or for larger part purple. Buds globose or pointed"	2
1	"Leaves persistently hairy on lower surface and midrib above; blade rounded, truncate or  subcordate at base. Hairs on branches and leaves mostly 0.3-0.6 (-1) mm long. Buds globose"	4
2	"Branches and petioles densely tomentellous when young. Leaf with midrib mostly puberulous on upper side. Petals distinct, about 1 cm long. Ripe fruitlets yellowish, rather dry, subsessile"	"Uvaria zeylanica"
2	"Branches and petioles with scattered tufts of hairs or glabrate when young. Leaves with midrib glabrous at maturity. Petals mostly connate at base, up to 2 cm long. Fruitlets orange or scarlet, succulent, long-stipitate"	3
3	"Branches and petioles quickly glabrate. Pedicel, outer surface of calyx and petals not tuberculate. Fruitlets mostly one- or two-, rarely up to 6-seeded, rounded at apex; stalk up to 5 cm long"	"Uvaria narum"
3	"Branches and petioles with scattered tufts of hairs, glabrate with age. Pedicel, outer  surface of calyx and petals coarsely tuberculate. Fruitlets mostly several-seeded, apiculate at apex; stalk more than 5 cm long"	"Uvaria macropoda"
4	"Pedicel 2-4 cm long. Flower large, usually 9-10 cm in diameter, red or purple, mostly  solitary. Sepals 1-2.5 cm long, connate for less than half way; calyx entirely covering the petals in bud. Introduced ornamental"	"Uvaria grandiflora"
4	"Pedicel up to 1.5 cm long. Flowers 1-4 cm in diameter, mostly in few-flowered cymes. Sepals 3-7 mm long, connate more than half way; calyx not concealing the petals in bud"	5
5	"Leafy branches and petioles slender, 0.7-2 mm thick. Leaf-blade membranous, 4-15 cm  long, 1.5-6 cm wide, gradually long-acuminate; lateral veins 7-10 pairs. Flower yellow. 1-1.5 cm in diameter. Fruitlets sessile"	"Uvaria sphenocarpa"
5	"Leafy branches and petioles stout, 2-5 (-7) mm thick. Leaf-blade coriaceous, 10 to more than 40 cm long. 5-16 cm wide, obtuse, rounded or truncate and often abruptly apiculate at apex; lateral veins 10-24 pairs. Flowers 2-4 cm in diameter. Fruitlets stipitate"	6
6	"Petals dark red. Stamens 6-7 mm long, the outer ones sterile, 1.5-2 mm wide; fertile stamens about 1 mm wide, connective produced beyond the anther-cells into a tongue-like appendage 1.5-2 mm long. Fruitlets smooth and glabrate. Leaves mostly with 10-14 pairs of lateral veins"	"Uvaria cordata"
6	"Petals ochraceous yellow. Stamens about 2 mm long, all fertile, 0.3-0.4 mm wide, connective obliquely truncate at apex. Fruitlets densely stellate-tomentose. Leaves with 15- 24 pairs of lateral veins"	"Uvaria semecarpifolia"
