from	statement	to
1	"Limb of spathe with a pronounced collar"	2
1	"Limb of spathe without pronounced collar but sometimes with a collar zone"	8
2	"Collar protruding 0.5-1.0 mm above surface of limb; upper throat with large purple spots"	"Cryptocoryne nevillii"
2	"Collar not protruding more than 0.3 mm above the surface of the limb; upper throat without large purple spots"	3
3	"Collar green to yellow to cream to brownish, approximately the same colour as the limb"	4
3	"Collar brown to black-purple, usually a darker colour than the limb, or collar purple   (occasionally yellowish) and with a purple limb"	5
4	"Limb yellow to green, more or less flat or recurved"	"Cryptocoryne walkeri"
4	"Limb more or less yellowish to cream, sometimes brownish, more or less obliquely twisted"	"Cryptocoryne undulata"
5	"Collar brown to black-purple; limb usually a lighter colour than the collar, with a  smooth surface or sometimes rough but not warty; leaves usually more than 1 cm broad, green to brown to red and with a prominent, often reddish, venation on the lower surface"	6
5	"Collar purple (occasionally yellowish and then with a purple limb); limb purple (rarely greenish and then with a purple collar), with a warty rough surface; leaves usually less than 1 cm broad, evenly green and without prominent venation"	7
6	"Limb suberect, twisted to recurved"	"Cryptocoryne beckettii"
6	"Limb more or less obliquely twisted, often into a rather long point (tail)"	"Cryptocoryne wendtii"
7	"Spathe usually more than 4 cm long; collar purple, (occasionally yellowish and then with a purple limb); limb purple (rarely greenish and then with a purple collar), usually more than (1.0) 1.5 cm long, suberect and twisted or somewhat recurved, only rarely obliquely twisted"	"Cryptocoryne x willisii"
7	"Spathe usually less than 3 cm long; collar purple; limb purple, usually less than 0.8 (1.2) cm long, more or less obliquely twisted"	"Cryptocoryne parva"
8	"Limb often with long tail, white (to pink or red) or with red spots"	9
8	"Limb without a long tail, evenly yellow to greenish"	10
9	"Limb white with red spots (sometimes inconspicuous); tube usually more than 2 cm long; leaves subelliptic, margin finely undulate"	"Cryptocoryne thwaitesii"
9	"Limb white (occasionally pink or red); tube usually less than 1 cm long; leaves ovate to  narrowly ovate, margin rarely finely undulate"	"Cryptocoryne alba"
10	"Limb surface distinctly rough"	"Cryptocoryne bogneri"
10	"Limb surface smooth (or almost so)"	"Cryptocoryne walkeri"
