from	statement	to
1	"Spathe distinctly warty outside"	2
1	"Spathe smooth or merely roughened outside by papillae"	4
2	"Warts large (1.5-3.0 mm long); spathe limb abruptly globular-inflated above the kettle"	"Lagenandra ovata"
2	"Warts small (to 1.0 mm); spathe limb subcylindric"	3
3	"Spathe large (more than 10 cm long); female flowers scabrid-warty on the sides"	"Lagenandra praetermissa"
3	"Spathe small (to 10 cm); female flowers with a ring of rather long protuberances below  the stigma"	"Lagenandra lancifolia"
4	"Leaf-blade sublinear, c. 10 x longer than broad"	5
4	"Leaf-blade ovate-lanceolate, to 5x longer than broad"	6
5	"Leaf-blade to 50 cm long, margins smooth; inside of spathe-limb strongly laterally  ribbed, outside dark purple"	"Lagenandra koenigii"
5	"Leaf-blade to 20 cm long, margins erose; inside of spathe-limb rugose-spongy, outside  green"	"Lagenandra erosa"
6	"Spathe-limb strongly twisted to one side, inflated and opening subhorizontally; outside  of spathe-limb whitish, inside black-purple and with tan, branched, hairlike protuberances"	"Lagenandra jacobsenii"
6	"Spathe-limb suberect, cylindrical and opening subvertically; outside of spathe-limb  purplish, inside with inconspicuous purplish protuberances"	7
7	"Peduncle c. 2 cm; leaf-blades often silver-margined; stigma unequal; female flowers  subscabrid on sides"	"Lagenandra thwaitesii"
7	"Peduncle 7-12 cm; leaf-blades not silver-margined; stigma dome-shaped; female flowers with long protuberances below stigma"	"Lagenandra bogneri"
