from	statement	to
1	"Leaves pinnate, never costapalmate or palmate, basal leaflets modified into spines (acanthophylls)"	Phoenix
1	"Leaves pinnate or costapalmate, leaflets never modified into spines"	2
2	"Leaves costapalmate, massive"	3
2	"Leaves pinnate or bipinnate, sometimes massive"	4
3	"Flowers hermaphroditic, inflorescences massive, Suprafoliar"	Corypha
3	"Flowers unisexual.Plants dioecious, infloresences not massive, interfoliar"	Borassus
4	"Stems climbing with the help of whip-like structures; ovary and fruits covered with imbricate scales"	Calamus
4	"Stems erect or horizontal but never climbing; ovary and fruits glabrous, never covered with imbricate scales"	5
5	"Stems horizontal, subterranean or submerged; flowers borne in a terminal head, the pistillate forming the crown with male spikes at the tips of inflorescence branches below the head"	Nypa
5	"Stems erect, above ground; flowers not borne in terminal heads"	6
6	"Leaves bipinnate, leaflets obliquely wedge-shaped"	Caryota
6	"Leaves pinnate, never bipinnate, leaflets lanceolate, never wedge-shaped"	7
7	"Leaf sheaths not forming a crown shaft, fruits with 3 apical pores"	Cocos
7	"Leaf sheaths forming a crown shaft, fruits without 3 apical pores"	8
8	"Stems armed; leaflets in several planes"	Oncosperma
8	"Stems not armed; leaflets in a single plane"	9
9	"Inflorescence branches creamy white at anthesis, rachillae tips pendulous; fruits ovoid, brightly coloured"	Areca
9	"Inflorescence branches deep crimson at anthesis, rachillae not pendulous, but stiff; fruits spherical and dull brown"	Loxococcus
