from	statement	to
1	"Lateral veins of leaf-blade including with midrib an angle of about 45"	"Desmos chinensis"
1	"Lateral veins including with midrib an angle of about 60"	2
2	"Leaf-blade narrowly elliptical or oblong, 2.5-5.5 cm wide, obtuse, acute or feebly acuminate at apex, quite glabrous at maturity; lateral veins 10-15 pairs. Petiole stout, 1.3-2.5 mm thick. Sepals about 2 mm long. Petals ovate-elliptical"	"Desmos zeylanica"
2	"Leaf-blade lanceolate, 1.2-2.8 cm wide, long-acuminate at apex, pubescent with appressed colourless hairs on lower side at least on midrib; lateral veins 14 to more than 20 pairs. Petiole slender. 0.6-1 mm thick. Sepals 4-5 mm long. Petals lanceolate"	"Desmos elegans"
