from	statement	to
1	"Flowers solitary. Flower-bud ovoid, blunt. Calyx 5-6 mm in diameter. Sepals connate for one half of their length or almost entirely. Outer petals 4 -5 mm wide in the middle, not abruptly narrowed above the base, not or very faintly keeled along dorsal surface, obtuse at apex. carpel solitary. Leaves with reticulate venation large-meshed: about 1 mesh per square mm: blade frequently with pellucid points"	"Xylopia championii"
1	"Flower mostly 2- 5 in sessile or very short-peduncled cymes. Flower-bud tapering into a slender, acute beak. Calyx 3.5-4.5 mm in diameter. Sepals connate for one-third or one-half of their length. Outer petals 1.5- 2 mm wide in the middle, abruptly attenuate above the base, keeled along dorsal surface, acute at apex. Carpels in flower 5-6. Leaves with pellucid points absent or scattered"	2
2	"Pedicel at anthesis well-developed: internodes between bracts about 1 mm long, uppermost internode up to 3 mm. Dried leaves frequently darker above than beneath, with the reticulate venation rather large-meshed"	"Xylopia nigricans"
2	"Pedicels at anthesis short, most internodes suppressed, the uppermost internode up to 1 mm long. Leaves not turning black when dried or darker beneath than above, with reticulate venation finely meshed on both sides: meshes about 4 per square mm"	"Xylopia parvifolia"
