from	statement	to
1	"Leaves unifoliolate or trifoliolate. Plants differentiated into primary and secondary branches, the latter fertile"	"Schefflera emarginata"
1	"Leaves with 5 or more leaflets"	2
2	"Leaflets with the widest point usually above the middle, obovate or narrowly obovate.   Veins on under surface well-defined when blade dry. Climbers or scramblers, usually of "	"Schefflera stellata"
2	"Leaflets with the widest point usually at or below the middle, more or less oblong-elliptic. Veins on under surface flush with mesophyll when blade dry. Trees or shrubs (sometimes epiphytic) of "	3
3	"Small trees to 10 m or shrubs, sparsely branched, sometimes epiphytic. Leaflets 5"	"Schefflera exaltata"
3	"Medium to large trees, 15"	"Schefflera heterobotrya"
