from	statement	to
1	"Lamina prominently nerved and pubescent beneath, nerves depressed above"	2
1	"Lamina nervation not prominent beneath, "	3
2	"Twig sharply angled or winged; tomentum short, appressed; fruit exceeding 3 cm diam. when ripe"	"Psidium guajava"
2	"Twig not sharply angled; tomentum loosely velutinate, not appressed;fruit at most 2 cm in diam."	"Psidium guineense"
3	"Lamina obovate, apex hardly or not acuminate"	"Psidium cattleyanum"
3	"Lamina broadly elliptic, prominently acuminate"	"Psidium montana"
