from	statement	to
1	"Leaves palmately lobed, softly textured, white-hairy beneath. (Cultivated and possibly   naturalized species.)"	Tetrapanax
1	"Leaves simple, trifoliolate, palmately or pinnately compound; texture more or less firm, the        undersurface glabrous"	2
2	"Leaves simple or trifoliolate"	3
2	"Leaves with 5 or more leaflets"	4
3	"Climbers or scramblers. Pedicels of flowers inarticulate. (Native species.)"	Schefflera
3	"Erect shrubs or treelets. Pedicels of flowers articulate. (Cultivated species.)"	Polyscias
4	"Leaflets palmately compound. (Native and cultivated species.)"	Schefflera
4	"Leaflets pinnately compound, sometimes more than once so"	5
5	"Leaflets entire. (Native species)"	Polyscias
5	"Leaflets toothed or slashed"	6
6	"Leaves once-pinnate. Leaflets finely bristle-toothed. Petals in bud imbricate. (Native species.)"	Aralia
6	"Leaflets once- or twice-pinnate (or more finely divided). Leaflets repandly toothed or slashed or more or less pinnatifid. (Cultivated species.)"	Polyscias
