from	statement	to
1	"Young branches strigose by purplish-brown or blackish hairs 0.3 to about 1 mm long. Leaves with scattered blackish-brown hairs at least on under side; lateral veins (lowermost pair excepted) including with midrib an almost right angle. Pedicel short, up to 5 mm long. Sepals deciduous. Outer petals not exceeding 2 cm in length. Stamens wide, the antheriferous portion once or twice as long as broad; Connective broadly conical above the anther-cells. Receptacle hispid"	"Goniothalamus salicina"
1	"Branches minutely puberulous by fulvous hairs up to 0.2 mm long or almost glabrous when young, glabrate when adult. Leaves with sparse, colourless pubescence or glabrous; lateral veins including with midrib an angle of 45 to 600. Sepals persistent. Outer petals mostly longer than 2 cm. Stamens linear, antheriferous portion much longer than wide; connective rounded. convex or truncate. Receptacle velutinous by minute hairs or glabrate"	2
2	"Pedicel 0.3-1 cm long, shorter than sepals at anthesis, about as long as sepals in fruit. Outer petals sparsely pubescent on both surfaces or almost glabrous on inner side, Stamens 1.8-2.5 mm long. Leaf-blade with 10-20 pairs of lateral veins; reticulate venation not or feebly raised on either surface or faintly raised beneath only"	3
2	"Pedicel l-3 cm long, longer than sepals. Outer petals rather densely pubescent on both sides. Stamens 0.7-1.5 mm long. Leaf-blade with 8-14 pairs of late veins; reticulate venation raised on both surfaces but more strongly so above, or scarcely sculptured beneath"	4
3	"Leaf-blade 4- to 8-times as long as wide, acute at base, mostly acute and often short-, rarely long-acuminate at apex, not shining above. Stamens 1.8 mm long"	"Goniothalamus gardneri"
3	"leaf-blade 2- to 4-times as long as wide, mostly obtuse at base, obtuse and rounded and abruptly short-acuminate at apex, shining on upper surface. Stamens 2 -2.5 mm long"	"Goniothalamus hookeri"
4	"Tree 6 to more than 20 m tall. Leaf-blade elliptical or obovate, obtuse at base, obtuse or short-apiculate at apex., rather firmly coriaceous, shining above. Sepals 8-13 mm long, obtuse or faintly short-acuminate"	"Goniothalamus thwaitesii"
4	"Treelet 0.3- 1 m tall; stem ascending, often rooting from base. Leaf-blade obovate, acute at base, caudate-acuminate at apex, almost membranous, not shining. Sepals 5-6 mm long"	"Goniothalamus thomsonii"
