from	statement	to
1	"Ovules c. 8. Seeds not exceeding 2 mm with a double testa. Embryo without plumule"	"Aponogeton natans"
1	"Ovules 2. Seeds much longer than 2 mm. Embryo with plumule"	2
2	"Leaves (narrowly) ovate. Plumule attached at the middle of the embryo"	Aponogetonjacobsenii
2	"Leaves ribbon-like or narrowly lanceolate. Plumule attached near the base of the embryo"	3
3	"Rhizome creeping and cylindrical, c. 1 cm "	"Aponogeton rigidifolius"
3	"Rhizome elongate or obovoid, not creeping, at least 2 cm "	"Aponogeton crispus"
