id	created_at	updated_at	title	author	description	item	spatial	remarks	source_id	created_by	updated_by	key_file
1150		"2013-01-25 19:54:53"	"Species of Eugenia"			Eugenia	"Sri Lanka"		1041	kevin.thiele@dec.wa.gov.au	kevin.thiele@dec.wa.gov.au	key-1150-species-of-eugenia.tsv
1151		"2013-01-27 03:50:27"	"Genera of Myrtaceae"			Myrtaceae	"Sri Lanka"		1066	siril.wijesundara@gmail.com	siril.wijesundara@gmail.com	key-1151-genera-of-myrtaceae.tsv
1152		"2013-01-26 01:34:50"	"Genera of Agavaceae"			Agavaceae	"Sri Lanka"		1047	siril.wijesundara@gmail.com	siril.wijesundara@gmail.com	key-1152-genera-of-agavaceae.tsv
1153		"2013-01-26 02:31:24"	"Genera of Acanthaceae"			Acanthaceae	"Sri Lanka"		1050	siril.wijesundara@gmail.com	siril.wijesundara@gmail.com	key-1153-genera-of-acanthaceae.tsv
1154		"2013-01-26 02:35:35"	"Genera of Aizoaceae"			Aizoaceae	"Sri Lanka"		1051	siril.wijesundara@gmail.com	siril.wijesundara@gmail.com	key-1154-genera-of-aizoaceae.tsv
1155		"2013-01-26 02:44:04"	"Genera of Alangiaceae"			Alangiaceae	"Sri Lanka"		1052	siril.wijesundara@gmail.com	siril.wijesundara@gmail.com	key-1155-genera-of-alangiaceae.tsv
1156		"2013-01-26 03:20:57"	"Genera of Alismataceae"			Alismataceae	"Sri Lanka"		1053	siril.wijesundara@gmail.com	siril.wijesundara@gmail.com	key-1156-genera-of-alismataceae.tsv
1157		"2013-01-26 03:25:06"	"Genera of Alliaceae"			Alliaceae	"Sri Lanka"		1054	siril.wijesundara@gmail.com	siril.wijesundara@gmail.com	key-1157-genera-of-alliaceae.tsv
1158		"2013-01-26 03:29:15"	"Genera of Aloaceae"			Aloaceae	"Sri Lanka"		1055	siril.wijesundara@gmail.com	siril.wijesundara@gmail.com	key-1158-genera-of-aloaceae.tsv
1159		"2013-01-26 03:47:09"	"Genera of Amaranthaceae"			Amaranthaceae	"Sri Lanka"		1056	siril.wijesundara@gmail.com	siril.wijesundara@gmail.com	key-1159-genera-of-amaranthaceae.tsv
1160		"2013-01-26 03:58:45"	"Genera of Amaryllidaceae"			Amaryllidaceae	"Sri Lanka"		1057	siril.wijesundara@gmail.com	siril.wijesundara@gmail.com	key-1160-genera-of-amaryllidaceae.tsv
1161		"2013-01-28 05:48:44"	"Genera of Ancistrocladaceae"			Ancistrocladaceae	"Sri Lanka"		1058	siril.wijesundara@gmail.com	siril.wijesundara@gmail.com	key-1161-genera-of-ancistrocladaceae.tsv
1162		"2013-01-26 04:21:48"	"Genera of Annonaceae"			Annonaceae	"Sri Lanka"		1059	siril.wijesundara@gmail.com	siril.wijesundara@gmail.com	key-1162-genera-of-annonaceae.tsv
1163		"2013-01-26 04:24:45"	"Genera of Anthericaceae"			Anthericaceae	"Sri Lanka"		1060	siril.wijesundara@gmail.com	siril.wijesundara@gmail.com	key-1163-genera-of-anthericaceae.tsv
1164		"2013-01-26 04:29:25"	"Genera of Aponogetonaceae"			Aponogetonaceae	"Sri Lanka"		1061	siril.wijesundara@gmail.com	siril.wijesundara@gmail.com	key-1164-genera-of-aponogetonaceae.tsv
1165		"2013-01-26 04:31:33"	"Genera of Aquifoliaceae"			Aquifoliaceae	"Sri Lanka"		1062	siril.wijesundara@gmail.com	siril.wijesundara@gmail.com	key-1165-genera-of-aquifoliaceae.tsv
1166		"2013-01-28 05:02:06"	"Genera of Araceae"			Araceae	"Sri Lanka"		1063	siril.wijesundara@gmail.com	siril.wijesundara@gmail.com	key-1166-genera-of-araceae.tsv
1167		"2013-01-26 05:14:27"	"Genera of Araliaceae"			Araliaceae	"Sri Lanka"		1064	siril.wijesundara@gmail.com	siril.wijesundara@gmail.com	key-1167-genera-of-araliaceae.tsv
1168		"2013-01-26 05:34:54"	"Genera of Arecaceae"			Arecaceae	"Sri Lanka"		1065	siril.wijesundara@gmail.com	siril.wijesundara@gmail.com	key-1168-genera-of-arecaceae.tsv
1169		"2013-01-27 04:02:24"	"Species of Angophora"			Angophora	"Sri Lanka"		1067	siril.wijesundara@gmail.com	siril.wijesundara@gmail.com	key-1169-species-of-angophora.tsv
1172		"2013-01-27 04:09:20"	"Species of Eucalyptus"			Eucalyptus	"Sri Lanka"		1070	siril.wijesundara@gmail.com	siril.wijesundara@gmail.com	key-1172-species-of-eucalyptus.tsv
1173		"2013-01-27 04:18:36"	"Species of Psidium"			Psidium	"Sri Lanka"		1071	siril.wijesundara@gmail.com	siril.wijesundara@gmail.com	key-1173-species-of-psidium.tsv
1174		"2013-01-27 04:20:12"	"Species of Rhodomyrtus"			Rhodomyrtus	"Sri Lanka"		1072	siril.wijesundara@gmail.com	siril.wijesundara@gmail.com	key-1174-species-of-rhodomyrtus.tsv
1175		"2013-01-27 04:23:19"	"Species of Syncarpia"			Syncarpia	"Sri Lanka"		1073	siril.wijesundara@gmail.com	siril.wijesundara@gmail.com	key-1175-species-of-syncarpia.tsv
1176		"2013-01-27 04:24:48"	"Species of Tristania"			Tristania	"Sri Lanka"		1074	siril.wijesundara@gmail.com	siril.wijesundara@gmail.com	key-1176-species-of-tristania.tsv
1178		"2013-01-27 04:30:44"	"Species of Syzygium"			Syzygium	"Sri Lanka"		1076	siril.wijesundara@gmail.com	siril.wijesundara@gmail.com	key-1178-species-of-syzygium.tsv
1186		"2013-01-27 16:05:47"	"Species of Calamus"			Calamus	"Sri Lanka"		1085	siril.wijesundara@gmail.com	siril.wijesundara@gmail.com	key-1186-species-of-calamus.tsv
1187		"2013-01-27 16:06:44"	"Species of Areca"			Areca	"Sri Lanka"		1086	siril.wijesundara@gmail.com	siril.wijesundara@gmail.com	key-1187-species-of-areca.tsv
1188		"2013-01-27 16:42:01"	"Species of Borassus"			Borassus	"Sri Lanka"		1087	siril.wijesundara@gmail.com	siril.wijesundara@gmail.com	key-1188-species-of-borassus.tsv
1189		"2013-01-27 16:42:59"	"Species of Caryota"			Caryota	"Sri Lanka"		1088	siril.wijesundara@gmail.com	siril.wijesundara@gmail.com	key-1189-species-of-caryota.tsv
1190		"2013-01-27 16:44:01"	"Species of Cocos"			Cocos	"Sri Lanka"		1089	siril.wijesundara@gmail.com	siril.wijesundara@gmail.com	key-1190-species-of-cocos.tsv
1191		"2013-01-27 16:44:58"	"Species of Corypha"			Corypha	"Sri Lanka"		1090	siril.wijesundara@gmail.com	siril.wijesundara@gmail.com	key-1191-species-of-corypha.tsv
1192		"2013-01-27 16:46:09"	"Species of Loxococcus"			Loxococcus	"Sri Lanka"		1091	siril.wijesundara@gmail.com	siril.wijesundara@gmail.com	key-1192-species-of-loxococcus.tsv
1193		"2013-01-27 16:47:00"	"Species of Nypa"			Nypa	"Sri Lanka"		1092	siril.wijesundara@gmail.com	siril.wijesundara@gmail.com	key-1193-species-of-nypa.tsv
1194		"2013-01-27 16:47:37"	"Species of Oncosperma"			Oncosperma	"Sri Lanka"		1093	siril.wijesundara@gmail.com	siril.wijesundara@gmail.com	key-1194-species-of-oncosperma.tsv
1195		"2013-01-27 16:48:30"	"Species of Phoenix"			Phoenix	"Sri Lanka"		1094	siril.wijesundara@gmail.com	siril.wijesundara@gmail.com	key-1195-species-of-phoenix.tsv
1196		"2013-01-27 20:13:01"	"Species of Aralia"			Aralia	"Sri Lanka"		1095	siril.wijesundara@gmail.com	siril.wijesundara@gmail.com	key-1196-species-of-aralia.tsv
1197		"2013-01-27 20:13:54"	"Species of Tetrapanax"			Tetrapanax	"Sri Lanka"		1096	siril.wijesundara@gmail.com	siril.wijesundara@gmail.com	key-1197-species-of-tetrapanax.tsv
1198		"2013-01-27 20:15:17"	"Species of Polyscias"			Polyscias	"Sri Lanka"		1097	siril.wijesundara@gmail.com	siril.wijesundara@gmail.com	key-1198-species-of-polyscias.tsv
1199		"2013-01-27 20:16:18"	"Species of Schefflera"			Schefflera	"Sri Lanka"		1098	siril.wijesundara@gmail.com	siril.wijesundara@gmail.com	key-1199-species-of-schefflera.tsv
1200		"2013-01-27 20:31:13"	"Species of Amorphophallus"			Amorphophallus	"Sri Lanka"		1099	siril.wijesundara@gmail.com	siril.wijesundara@gmail.com	key-1200-species-of-amorphophallus.tsv
1201		"2013-01-27 20:38:34"	"Varieties of Amorphophallus paeoniifolius  "			"Amorphophallus paeoniifolius"	"Sri Lanka"			siril.wijesundara@gmail.com	siril.wijesundara@gmail.com	key-1201-varieties-of-amorphophallus-paeoniifolius.tsv
1202		"2013-01-27 21:19:28"	"Species of Acorus"			Acorus	"Sri Lanka"		1100	siril.wijesundara@gmail.com	siril.wijesundara@gmail.com	key-1202-species-of-acorus.tsv
1203		"2013-01-27 21:20:34"	"Species of Aglaonena"			Aglaonema	"Sri Lanka"		1101	siril.wijesundara@gmail.com	siril.wijesundara@gmail.com	key-1203-species-of-aglaonena.tsv
1204		"2013-01-27 21:21:29"	"Species of Alocasia"			Alocasia	"Sri Lanka"		1102	siril.wijesundara@gmail.com	siril.wijesundara@gmail.com	key-1204-species-of-alocasia.tsv
1205		"2013-01-27 21:22:26"	"Species of Arisaema"			Arisaema	"Sri Lanka"		1103	siril.wijesundara@gmail.com	siril.wijesundara@gmail.com	key-1205-species-of-arisaema.tsv
1206		"2013-01-27 21:23:50"	"Species of Caladium"			Caladium	"Sri Lanka"		1104	siril.wijesundara@gmail.com	siril.wijesundara@gmail.com	key-1206-species-of-caladium.tsv
1207		"2013-01-27 21:24:54"	"Species of Colocasia"			Colocasia	"Sri Lanka"		1105	siril.wijesundara@gmail.com	siril.wijesundara@gmail.com	key-1207-species-of-colocasia.tsv
1208		"2013-01-27 21:32:07"	"Species of Cryptocoryne"			Cryptocoryne	"Sri Lanka"		1106	siril.wijesundara@gmail.com	siril.wijesundara@gmail.com	key-1208-species-of-cryptocoryne.tsv
1209		"2013-01-27 21:33:29"	"Species of Diffenbachia"			Dieffenbachia	"Sri Lanka"		1107	siril.wijesundara@gmail.com	siril.wijesundara@gmail.com	key-1209-species-of-diffenbachia.tsv
1210		"2013-01-27 21:34:33"	"Species of Epipremnum"			Epipremnum	"Sri Lanka"		1108	siril.wijesundara@gmail.com	siril.wijesundara@gmail.com	key-1210-species-of-epipremnum.tsv
1211		"2013-01-27 21:35:26"	"Species of Lagenandra"			Lagenandra	"Sri Lanka"		1109	siril.wijesundara@gmail.com	siril.wijesundara@gmail.com	key-1211-species-of-lagenandra.tsv
1212		"2013-01-27 21:36:17"	"Species of Lasia"			Lasia	"Sri Lanka"		1110	siril.wijesundara@gmail.com	siril.wijesundara@gmail.com	key-1212-species-of-lasia.tsv
1213		"2013-01-27 21:37:24"	"Species of Philodendron"			Philodendron	"Sri Lanka"		1111	siril.wijesundara@gmail.com	siril.wijesundara@gmail.com	key-1213-species-of-philodendron.tsv
1214		"2013-01-27 21:38:04"	"Species of Pistia"			Pistia	"Sri Lanka"		1112	siril.wijesundara@gmail.com	siril.wijesundara@gmail.com	key-1214-species-of-pistia.tsv
1215		"2013-01-27 21:39:14"	"Species of Pothos"			Pothos	"Sri Lanka"		1113	siril.wijesundara@gmail.com	siril.wijesundara@gmail.com	key-1215-species-of-pothos.tsv
1216		"2013-01-27 21:40:07"	"Species of Remusatia"			Remusatia	"Sri Lanka"		1114	siril.wijesundara@gmail.com	siril.wijesundara@gmail.com	key-1216-species-of-remusatia.tsv
1217		"2013-01-27 21:41:03"	"Species of Rhaphidophora"			Rhaphidophora	"Sri Lanka"		1115	siril.wijesundara@gmail.com	siril.wijesundara@gmail.com	key-1217-species-of-rhaphidophora.tsv
1218		"2013-01-27 21:42:14"	"Species of Syngonium"			Syngonium	"Sri Lanka"		1116	siril.wijesundara@gmail.com	siril.wijesundara@gmail.com	key-1218-species-of-syngonium.tsv
1219		"2013-01-27 21:43:59"	"Species of Theriophonum"			Theriophonum	"Sri Lanka"		1117	siril.wijesundara@gmail.com	siril.wijesundara@gmail.com	key-1219-species-of-theriophonum.tsv
1220		"2013-01-27 21:48:06"	"Species of Typhonium"			Typhonium	"Sri Lanka"		1118	siril.wijesundara@gmail.com	siril.wijesundara@gmail.com	key-1220-species-of-typhonium.tsv
1221		"2013-01-27 21:49:05"	"Species of Xanthosoma"			Xanthosoma	"Sri Lanka"		1119	siril.wijesundara@gmail.com	siril.wijesundara@gmail.com	key-1221-species-of-xanthosoma.tsv
1222		"2013-01-27 21:49:49"	"Species of Zantedeschia"			Zantedeschia	"Sri Lanka"		1120	siril.wijesundara@gmail.com	siril.wijesundara@gmail.com	key-1222-species-of-zantedeschia.tsv
1223		"2013-01-27 22:05:27"	"Species of Ilex"			Ilex	"Sri Lanka"		1121	siril.wijesundara@gmail.com	siril.wijesundara@gmail.com	key-1223-species-of-ilex.tsv
1225		"2013-01-27 22:30:13"	"Species of Aponogeton"			Aponogeton	"Sri Lanka"		1123	siril.wijesundara@gmail.com	siril.wijesundara@gmail.com	key-1225-species-of-aponogeton.tsv
1226		"2013-01-27 22:57:04"	"Species of Chlorophytum"			Chlorophytum	"Sri Lanka"		1124	siril.wijesundara@gmail.com	siril.wijesundara@gmail.com	key-1226-species-of-chlorophytum.tsv
1227		"2013-01-27 23:01:24"	"Species of Desmos"			Desmos	"Sri Lanka"		1125	siril.wijesundara@gmail.com	siril.wijesundara@gmail.com	key-1227-species-of-desmos.tsv
1228		"2013-01-27 23:08:49"	"Species of Uvaria"			Uvaria	"Sri Lanka"		1126	siril.wijesundara@gmail.com	siril.wijesundara@gmail.com	key-1228-species-of-uvaria.tsv
1229		"2013-01-27 23:10:55"	"Species of Sageraea"			Sageraea	"Sri Lanka"		1127	siril.wijesundara@gmail.com	siril.wijesundara@gmail.com	key-1229-species-of-sageraea.tsv
1230		"2013-01-27 23:14:17"	"Species of Phoenicanthus"			Phoenicanthus	"Sri Lanka"		1128	siril.wijesundara@gmail.com	siril.wijesundara@gmail.com	key-1230-species-of-phoenicanthus.tsv
1231		"2013-01-27 23:16:00"	"Species of Mitrephora"			Mitrephora	"Sri Lanka"		1129	siril.wijesundara@gmail.com	siril.wijesundara@gmail.com	key-1231-species-of-mitrephora.tsv
1232		"2013-01-27 23:18:43"	"Species of Alphonsea"			Alphonsea	"Sri Lanka"		1130	siril.wijesundara@gmail.com	siril.wijesundara@gmail.com	key-1232-species-of-alphonsea.tsv
1233		"2013-01-27 23:23:39"	"Species of Polyalthia"			Polyalthia	"Sri Lanka"		1131	siril.wijesundara@gmail.com	siril.wijesundara@gmail.com	key-1233-species-of-polyalthia.tsv
1234		"2013-01-27 23:25:06"	"Species of Orophea"			Orophea	"Sri Lanka"		1132	siril.wijesundara@gmail.com	siril.wijesundara@gmail.com	key-1234-species-of-orophea.tsv
1235		"2013-01-27 23:28:25"	"Species of Miliusa"			Miliusa	"Sri Lanka"		1133	siril.wijesundara@gmail.com	siril.wijesundara@gmail.com	key-1235-species-of-miliusa.tsv
1236		"2013-01-27 23:29:41"	"Species of Enicosanthum"			Enicosanthum	"Sri Lanka"		1134	siril.wijesundara@gmail.com	siril.wijesundara@gmail.com	key-1236-species-of-enicosanthum.tsv
1237		"2013-01-27 23:31:30"	"Species of Artabotrys"			Artabotrys	"Sri Lanka"		1135	siril.wijesundara@gmail.com	siril.wijesundara@gmail.com	key-1237-species-of-artabotrys.tsv
1238		"2013-01-27 23:32:38"	"Species of Cyathocalyx"			Cyathocalyx	"Sri Lanka"		1136	siril.wijesundara@gmail.com	siril.wijesundara@gmail.com	key-1238-species-of-cyathocalyx.tsv
1239		"2013-01-27 23:33:35"	"Species of Anaxagorea"			Anaxagorea	"Sri Lanka"		1137	siril.wijesundara@gmail.com	siril.wijesundara@gmail.com	key-1239-species-of-anaxagorea.tsv
1240		"2013-01-27 23:36:50"	"Species of Xylopia"			Xylopia	"Sri Lanka"		1138	siril.wijesundara@gmail.com	siril.wijesundara@gmail.com	key-1240-species-of-xylopia.tsv
1241		"2013-01-28 05:18:48"	"Species of Goniothalamus"			Goniothalamus	"Sri Lanka"		1139	siril.wijesundara@gmail.com	siril.wijesundara@gmail.com	key-1241-species-of-goniothalamus.tsv
1242		"2013-01-28 05:39:35"	"Subspecies of Goniothalamus salicina"			"Goniothalamus salicina"	"Sri Lanka"		1140	siril.wijesundara@gmail.com	siril.wijesundara@gmail.com	key-1242-subspecies-of-goniothalamus-salicina.tsv
1243		"2013-01-28 05:43:34"	"Species of Cananga"			Cananga	"Sri Lanka"		1142	siril.wijesundara@gmail.com	siril.wijesundara@gmail.com	key-1243-species-of-cananga.tsv
1244		"2013-01-28 05:50:29"	"Species of Ancistrocladus"			Ancistrocladus	"Sri Lanka"		1143	siril.wijesundara@gmail.com	siril.wijesundara@gmail.com	key-1244-species-of-ancistrocladus.tsv
