id	author	year	title	collection_authors	collection_title	edition	series	volume	part	publisher	place_of_publication	pages	url
1041	"Ashton, P.S."												
1047	"Philcox, D."												
1050	"Cramer, L.H.; Wood, J.R.I."												
1051	"Fosberg, F.R."												
1052	"Weerasooriya, A."												
1053	"Dassanayake, M.D.; Weerasooriya, A."												
1054	"Dassanayake, M.D."												
1055	"Dassanayake, M.D."												
1056	"Townsend, C.C."												
1057	"Dassanayake, M.D."												
1058	"Harriman, N.A."												
1059	"Huber, H."												
1060	"Dassanayake, M.D."												
1061	"Bruggen, H.W.E."												
1062	"Philcox, D."												
1063	"Nicholson, D.H."												
1064	"Frodin, D.G."												
1065	"Zoysa, N. de"												
1066	"Ashton, P.S."	1981	Myrtaceae		"A revised Handbook to the Flora of Ceylon"			II		"Amerind Publishing Co. Pvt. Ltd."	"New Delhi"	403-472	
1067	"Ashton, P.S."												
1070	"Ashton, P.S."												
1071	"Ashton, P.S."												
1072	"Ashton, P.S."												
1073	"Ashton, P.S."												
1074	"Ashton, P.S."												
1076	"Ashton, P.S."												
1085	"Zoysa, N. de"												
1086	"Zoysa, N. de"												
1087	"Zoysa, N. de"												
1088	"Zoysa, N. de"												
1089	"Zoysa, N. de"												
1090	"Zoysa, N. de"												
1091	"Zoysa, N. de"												
1092	"Zoysa, N. de"												
1093	"Zoysa, N. de"												
1094	"Zoysa, N. de"												
1095	"Frodin, D.G."												
1096	"Frodin, D.G."												
1097	"Frodin, D.G."												
1098	"Frodin, D.G."												
1099	"Nicholson, D.H."												
1100	"Nicholson, D.H."												
1101	"Nicholson, D.H."												
1102	"Nicholson, D.H."												
1103	"Nicholson, D.H."												
1104	"Nicholson, D.H."												
1105	"Nicholson, D.H."												
1106	"Nicholson, D.H."												
1107	"Nicholson, D.H."												
1108	"Nicholson, D.H."												
1109	"Nicholson, D.H."												
1110	"Nicholson, D.H."												
1111	"Nicholson, D.H."												
1112	"Nicholson, D.H."												
1113	"Nicholson, D.H."												
1114	"Nicholson, D.H."												
1115	"Nicholson, D.H."												
1116	"Nicholson, D.H."												
1117	"Nicholson, D.H."												
1118	"Nicholson, D.H."												
1119	"Nicholson, D.H."												
1120	"Nicholson, D.H."												
1121	"Philcox, D."												
1123	"Bruggen, H.W.E."												
1124	"Dassanayake, M.D."												
1125	"Huber, H."												
1126	"Huber, H."												
1127	"Huber, H."												
1128	"Huber, H."												
1129	"Huber, H."												
1130	"Huber, H."												
1131	"Huber, H."												
1132	"Huber, H."												
1133	"Huber, H."												
1134	"Huber, H."												
1135	"Huber, H."												
1136	"Huber, H."												
1137	"Huber, H."												
1138	"Huber, H."												
1139	"Huber, H."												
1140	"Huber, H."												
1142	"Huber, H."												
1143	"Harriman, N.A."												
