id	name	url
4872	Abelmoschus	
40816	"Abelmoschus ficulneus"	http://eflora.nt.gov.au/factsheet?genus=Abelmoschus&species=ficulneus
40965	"Abelmoschus manihot"	http://eflora.nt.gov.au/factsheet?genus=Abelmoschus&species=manihot
40964	"Abelmoschus moschatus"	http://eflora.nt.gov.au/factsheet?genus=Abelmoschus&species=moschatus
12466	Aeschynomene	
17237	"Aeschynomene americana"	http://eflora.nt.gov.au/factsheet?genus=Aeschynomene&species=americana
17235	"Aeschynomene aspera"	http://eflora.nt.gov.au/factsheet?genus=Aeschynomene&species=aspera
17236	"Aeschynomene indica"	http://eflora.nt.gov.au/factsheet?genus=Aeschynomene&species=indica
37418	"Aeschynomene paniculata"	http://eflora.nt.gov.au/factsheet?genus=Aeschynomene&species=paniculata
17238	"Aeschynomene villosa"	http://eflora.nt.gov.au/factsheet?genus=Aeschynomene&species=villosa
2093	Alysicarpus	
11693	"Alysicarpus brownii"	http://eflora.nt.gov.au/factsheet?genus=Alysicarpus&species=brownii
11698	"Alysicarpus muelleri"	http://eflora.nt.gov.au/factsheet?genus=Alysicarpus&species=muelleri
11694	"Alysicarpus ovalifolius"	http://eflora.nt.gov.au/factsheet?genus=Alysicarpus&species=ovalifolius
11699	"Alysicarpus schomburgkii"	http://eflora.nt.gov.au/factsheet?genus=Alysicarpus&species=schomburgkii
11691	"Alysicarpus suffruticosus"	http://eflora.nt.gov.au/factsheet?genus=Alysicarpus&species=suffruticosus
6231	Amaranthus	
15732	"Amaranthus cochleitepalus"	http://eflora.nt.gov.au/factsheet?genus=Amaranthus&species=cochleitepalus
15741	"Amaranthus dubius"	
15745	"Amaranthus hybridus"	http://eflora.nt.gov.au/factsheet?genus=Amaranthus&species=hybridus
15726	"Amaranthus induratus"	http://eflora.nt.gov.au/factsheet?genus=Amaranthus&species=induratus
15728	"Amaranthus interruptus"	http://eflora.nt.gov.au/factsheet?genus=Amaranthus&species=interruptus
15725	"Amaranthus mitchellii"	http://eflora.nt.gov.au/factsheet?genus=Amaranthus&species=mitchellii
15740	"Amaranthus rhombeus"	http://eflora.nt.gov.au/factsheet?genus=Amaranthus&species=rhombeus
15734	"Amaranthus spinosus"	http://eflora.nt.gov.au/factsheet?genus=Amaranthus&species=spinosus
15742	"Amaranthus tricolor"	http://eflora.nt.gov.au/factsheet?genus=Amaranthus&species=tricolor
15724	"Amaranthus undulatus"	http://eflora.nt.gov.au/factsheet?genus=Amaranthus&species=undulatus
15739	"Amaranthus viridis"	http://eflora.nt.gov.au/factsheet?genus=Amaranthus&species=viridis
4298	Anisomeles	
43204	"Anisomeles brevipilosa"	http://eflora.nt.gov.au/factsheet?genus=Anisomeles&species=brevipilosa
48571	"Anisomeles bundeyensis"	http://eflora.nt.gov.au/factsheet?genus=Anisomeles&species=bundeyensis
43202	"Anisomeles carpentarica"	http://eflora.nt.gov.au/factsheet?genus=Anisomeles&species=carpentarica
48570	"Anisomeles farinacea"	http://eflora.nt.gov.au/factsheet?genus=Anisomeles&species=farinacea
48573	"Anisomeles grandibractea"	http://eflora.nt.gov.au/factsheet?genus=Anisomeles&species=grandibractea
43203	"Anisomeles inodora"	http://eflora.nt.gov.au/factsheet?genus=Anisomeles&species=inodora
48574	"Anisomeles leucotricha"	http://eflora.nt.gov.au/factsheet?genus=Anisomeles&species=leucotricha
48569	"Anisomeles salviifolia"	http://eflora.nt.gov.au/factsheet?genus=Anisomeles&species=salviifolia
48572	"Anisomeles viscidula"	http://eflora.nt.gov.au/factsheet?genus=Anisomeles&species=viscidula
43208	"Anisomeles xerophila"	http://eflora.nt.gov.au/factsheet?genus=Anisomeles&species=xerophila
220	Annona	
7060	"Annona glabra"	
7062	"Annona reticulata"	http://eflora.nt.gov.au/factsheet?genus=Annona&species=reticulata
7061	"Annona squamosa"	http://eflora.nt.gov.au/factsheet?genus=Annona&species=squamosa
2092	Aphyllodium	
17398	"Aphyllodium biarticulatum"	http://eflora.nt.gov.au/factsheet?genus=Aphyllodium&species=biarticulatum
17395	"Aphyllodium schindleri"	http://eflora.nt.gov.au/factsheet?genus=Aphyllodium&species=schindleri
17397	"Aphyllodium stylosanthoides"	http://eflora.nt.gov.au/factsheet?genus=Aphyllodium&species=stylosanthoides
5678	Aristolochia	
7072	"Aristolochia holtzei"	http://eflora.nt.gov.au/factsheet?genus=Aristolochia&species=holtzei
7068	"Aristolochia indica"	http://eflora.nt.gov.au/factsheet?genus=Aristolochia&species=indica
7074	"Aristolochia pubera"	http://eflora.nt.gov.au/factsheet?genus=Aristolochia&species=pubera
881	Bauhinia	
47996	"Bauhinia acuminata"	http://eflora.nt.gov.au/factsheet?genus=Bauhinia&species=acuminata
3028	"Bauhinia binata"	http://eflora.nt.gov.au/factsheet?genus=Bauhinia&species=binata
3031	"Bauhinia cunninghamii"	http://eflora.nt.gov.au/factsheet?genus=Bauhinia&species=cunninghamii
3026	"Bauhinia malabarica"	http://eflora.nt.gov.au/factsheet?genus=Bauhinia&species=malabarica
2914	Blumea	
23980	"Blumea axillaris"	http://eflora.nt.gov.au/factsheet?genus=Blumea&species=axillaris
47296	"Blumea benthamiana"	http://eflora.nt.gov.au/factsheet?genus=Blumea&species=benthamiana
23982	"Blumea diffusa"	http://eflora.nt.gov.au/factsheet?genus=Blumea&species=diffusa
23981	"Blumea integrifolia"	http://eflora.nt.gov.au/factsheet?genus=Blumea&species=integrifolia
41063	"Blumea lacera"	http://eflora.nt.gov.au/factsheet?genus=Blumea&species=lacera
48581	"Blumea psammophila"	http://eflora.nt.gov.au/factsheet?genus=Blumea&species=psammophila
23979	"Blumea pungens"	http://eflora.nt.gov.au/factsheet?genus=Blumea&species=pungens
47294	"Blumea riparia"	
23984	"Blumea saxatilis"	http://eflora.nt.gov.au/factsheet?genus=Blumea&species=saxatilis
23983	"Blumea tenella"	http://eflora.nt.gov.au/factsheet?genus=Blumea&species=tenella
5330	Blyxa	
11227	"Blyxa aubertii"	http://eflora.nt.gov.au/factsheet?genus=Blyxa&species=aubertii
47987	"Blyxa echinosperma"	http://eflora.nt.gov.au/factsheet?genus=Blyxa&species=echinosperma
11226	"Blyxa octandra"	http://eflora.nt.gov.au/factsheet?genus=Blyxa&species=octandra
6171	Brachychiton	
47254	"Brachychiton chrysocarpus"	http://eflora.nt.gov.au/factsheet?genus=Brachychiton&species=chrysocarpus
15506	"Brachychiton collinus"	http://eflora.nt.gov.au/factsheet?genus=Brachychiton&species=collinus
15499	"Brachychiton diversifolius"	http://eflora.nt.gov.au/factsheet?genus=Brachychiton&species=diversifolius
15533	"Brachychiton fitzgeraldianus"	http://eflora.nt.gov.au/factsheet?genus=Brachychiton&species=fitzgeraldianus
15501	"Brachychiton gregorii"	http://eflora.nt.gov.au/factsheet?genus=Brachychiton&species=gregorii
15523	"Brachychiton megaphyllus"	http://eflora.nt.gov.au/factsheet?genus=Brachychiton&species=megaphyllus
15525	"Brachychiton multicaulis"	http://eflora.nt.gov.au/factsheet?genus=Brachychiton&species=multicaulis
15524	"Brachychiton paradoxus"	http://eflora.nt.gov.au/factsheet?genus=Brachychiton&species=paradoxus
47255	"Brachychiton sp. Wangi"	"http://eflora.nt.gov.au/factsheet?genus=Brachychiton&species=sp. Wangi"
15532	"Brachychiton spectabilis"	http://eflora.nt.gov.au/factsheet?genus=Brachychiton&species=spectabilis
15528	"Brachychiton tuberculatus"	http://eflora.nt.gov.au/factsheet?genus=Brachychiton&species=tuberculatus
9716	Byblis	
47517	"Byblis aquatica"	http://eflora.nt.gov.au/factsheet?genus=Byblis&species=aquatica
47518	"Byblis filifolia"	http://eflora.nt.gov.au/factsheet?genus=Byblis&species=filifolia
43596	"Byblis liniflora"	http://eflora.nt.gov.au/factsheet?genus=Byblis&species=liniflora
47519	"Byblis rorida"	http://eflora.nt.gov.au/factsheet?genus=Byblis&species=rorida
6045	Calandrinia	
48422	"Calandrinia arenicola"	http://eflora.nt.gov.au/factsheet?genus=Calandrinia&species=arenicola
48425	"Calandrinia gracilis"	http://eflora.nt.gov.au/factsheet?genus=Calandrinia&species=gracilis
48424	"Calandrinia quadrivalvis"	http://eflora.nt.gov.au/factsheet?genus=Calandrinia&species=quadrivalvis
48419	"Calandrinia sp. Berry Springs"	"http://eflora.nt.gov.au/factsheet?genus=Calandrinia&species=sp. Berry Springs"
48421	"Calandrinia sp. oblong"	
48423	"Calandrinia sp. Yinberrie Hills"	"http://eflora.nt.gov.au/factsheet?genus=Calandrinia&species=sp. Yinberrie Hills"
48426	"Calandrinia spergularina"	http://eflora.nt.gov.au/factsheet?genus=Calandrinia&species=spergularina
48420	"Calandrinia strophiolata"	http://eflora.nt.gov.au/factsheet?genus=Calandrinia&species=strophiolata
48418	"Calandrinia uniflora"	http://eflora.nt.gov.au/factsheet?genus=Calandrinia&species=uniflora
5362	Caldesia	
11230	"Caldesia acanthocarpa"	http://eflora.nt.gov.au/factsheet?genus=Caldesia&species=acanthocarpa
11229	"Caldesia oligococca"	http://eflora.nt.gov.au/factsheet?genus=Caldesia&species=oligococca
5315	Calophyllum	
37316	"Calophyllum inophyllum"	http://eflora.nt.gov.au/factsheet?genus=Calophyllum&species=inophyllum
37320	"Calophyllum sil"	http://eflora.nt.gov.au/factsheet?genus=Calophyllum&species=sil
47520	"Calophyllum soulattri"	http://eflora.nt.gov.au/factsheet?genus=Calophyllum&species=soulattri
12504	Canavalia	
17605	"Canavalia cathartica"	http://eflora.nt.gov.au/factsheet?genus=Canavalia&species=cathartica
17604	"Canavalia papuana"	http://eflora.nt.gov.au/factsheet?genus=Canavalia&species=papuana
17606	"Canavalia rosea"	http://eflora.nt.gov.au/factsheet?genus=Canavalia&species=rosea
5242	Casuarina	
48417	"Casuarina  equisetifolia"	
7968	"Casuarina cunninghamiana"	http://eflora.nt.gov.au/factsheet?genus=Casuarina&species=cunninghamiana
5138	Ceriops	
48576	"Ceriops australis"	http://eflora.nt.gov.au/factsheet?genus=Ceriops&species=australis
43605	"Ceriops pseudodecandra"	http://eflora.nt.gov.au/factsheet?genus=Ceriops&species=pseudodecandra
9293	"Ceriops tagal"	http://eflora.nt.gov.au/factsheet?genus=Ceriops&species=tagal
6214	Clerodendrum	
12115	"Clerodendrum costatum"	http://eflora.nt.gov.au/factsheet?genus=Clerodendrum&species=costatum
12103	"Clerodendrum floribundum"	http://eflora.nt.gov.au/factsheet?genus=Clerodendrum&species=floribundum
12098	"Clerodendrum inerme"	http://eflora.nt.gov.au/factsheet?genus=Clerodendrum&species=inerme
47989	"Clerodendrum longiflorum"	http://eflora.nt.gov.au/factsheet?genus=Clerodendrum&species=longiflorum
12109	"Clerodendrum tatei"	http://eflora.nt.gov.au/factsheet?genus=Clerodendrum&species=tatei
41188	"Clerodendrum tomentosum"	http://eflora.nt.gov.au/factsheet?genus=Clerodendrum&species=tomentosum
12487	Clitoria	
17600	"Clitoria australis"	http://eflora.nt.gov.au/factsheet?genus=Clitoria&species=australis
17602	"Clitoria ternatea"	http://eflora.nt.gov.au/factsheet?genus=Clitoria&species=ternatea
5687	Cochlospermum	
47311	"Cochlospermum arafuricum"	http://eflora.nt.gov.au/factsheet?genus=Cochlospermum&species=arafuricum
47309	"Cochlospermum fraseri subsp. fraseri"	http://eflora.nt.gov.au/factsheet?genus=Cochlospermum&species=fraseri&infrasprank=subsp.&infraspname=fraseri
47310	"Cochlospermum fraseri subsp. heteronemum"	http://eflora.nt.gov.au/factsheet?genus=Cochlospermum&species=fraseri&infrasprank=subsp.&infraspname=heteronemum
10441	"Cochlospermum gillivraei"	http://eflora.nt.gov.au/factsheet?genus=Cochlospermum&species=gillivraei
10440	"Cochlospermum gregorii"	http://eflora.nt.gov.au/factsheet?genus=Cochlospermum&species=gregorii
5899	Commelina	
47251	"Commelina agrostophylla"	http://eflora.nt.gov.au/factsheet?genus=Commelina&species=agrostophylla
34672	"Commelina benghalensis"	http://eflora.nt.gov.au/factsheet?genus=Commelina&species=benghalensis
47249	"Commelina ciliata"	http://eflora.nt.gov.au/factsheet?genus=Commelina&species=ciliata
47250	"Commelina difformis"	
41195	"Commelina ensifolia"	http://eflora.nt.gov.au/factsheet?genus=Commelina&species=ensifolia
47248	"Commelina sp. Sandstone"	"http://eflora.nt.gov.au/factsheet?genus=Commelina&species=sp. sandstone"
47247	"Commelina undulata"	http://eflora.nt.gov.au/factsheet?genus=Commelina&species=undulata
11774	Croton	
11781	"Croton arnhemicus"	http://eflora.nt.gov.au/factsheet?genus=Croton&species=arnhemicus
11801	"Croton dockrillii"	http://eflora.nt.gov.au/factsheet?genus=Croton&species=dockrillii
11800	"Croton habrophyllus"	http://eflora.nt.gov.au/factsheet?genus=Croton&species=habrophyllus
11779	"Croton schultzii"	http://eflora.nt.gov.au/factsheet?genus=Croton&species=schultzii
11780	"Croton tomentellus"	http://eflora.nt.gov.au/factsheet?genus=Croton&species=tomentellus
5000	Cucumis	
17803	"Cucumis althaeoides"	http://eflora.nt.gov.au/factsheet?genus=Cucumis&species=althaeoides
17804	"Cucumis argenteus"	http://eflora.nt.gov.au/factsheet?genus=Cucumis&species=argenteus
10539	"Cucumis melo"	http://eflora.nt.gov.au/factsheet?genus=Cucumis&species=melo
17808	"Cucumis picrocarpus"	http://eflora.nt.gov.au/factsheet?genus=Cucumis&species=picrocarpus
17805	"Cucumis umbellatus"	http://eflora.nt.gov.au/factsheet?genus=Cucumis&species=umbellatus
2090	Dalbergia	
17599	"Dalbergia candenatensis"	http://eflora.nt.gov.au/factsheet?genus=Dalbergia&species=candenatensis
17598	"Dalbergia sissoo"	http://eflora.nt.gov.au/factsheet?genus=Dalbergia&species=sissoo
43901	"Davenportia davenportii"	http://eflora.nt.gov.au/factsheet?genus=Davenportia&species=davenportii
12498	Dendrolobium	
17399	"Dendrolobium multiflorum"	http://eflora.nt.gov.au/factsheet?genus=Dendrolobium&species=multiflorum
17401	"Dendrolobium polyneurum"	http://eflora.nt.gov.au/factsheet?genus=Dendrolobium&species=polyneurum
17404	"Dendrolobium stipatum"	http://eflora.nt.gov.au/factsheet?genus=Dendrolobium&species=stipatum
2094	Desmodium	
17364	"Desmodium brachypodum"	http://eflora.nt.gov.au/factsheet?genus=Desmodium&species=brachypodum
17375	"Desmodium brownii"	http://eflora.nt.gov.au/factsheet?genus=Desmodium&species=brownii
17368	"Desmodium campylocaulon"	http://eflora.nt.gov.au/factsheet?genus=Desmodium&species=campylocaulon
17374	"Desmodium filiforme"	http://eflora.nt.gov.au/factsheet?genus=Desmodium&species=filiforme
17376	"Desmodium flagellare"	http://eflora.nt.gov.au/factsheet?genus=Desmodium&species=flagellare
17382	"Desmodium gangeticum"	http://eflora.nt.gov.au/factsheet?genus=Desmodium&species=gangeticum
17379	"Desmodium glareosum"	http://eflora.nt.gov.au/factsheet?genus=Desmodium&species=glareosum
17385	"Desmodium heterocarpon"	http://eflora.nt.gov.au/factsheet?genus=Desmodium&species=heterocarpon
17378	"Desmodium muelleri"	http://eflora.nt.gov.au/factsheet?genus=Desmodium&species=muelleri
17380	"Desmodium pullenii"	http://eflora.nt.gov.au/factsheet?genus=Desmodium&species=pullenii
17372	"Desmodium pycnotrichum"	http://eflora.nt.gov.au/factsheet?genus=Desmodium&species=pycnotrichum
17388	"Desmodium rhytidophyllum"	http://eflora.nt.gov.au/factsheet?genus=Desmodium&species=rhytidophyllum
17365	"Desmodium scorpiurus"	http://eflora.nt.gov.au/factsheet?genus=Desmodium&species=scorpiurus
17383	"Desmodium tiwiense"	http://eflora.nt.gov.au/factsheet?genus=Desmodium&species=tiwiense
17363	"Desmodium tortuosum"	http://eflora.nt.gov.au/factsheet?genus=Desmodium&species=tortuosum
17373	"Desmodium trichostachyum"	http://eflora.nt.gov.au/factsheet?genus=Desmodium&species=trichostachyum
17370	"Desmodium triflorum"	http://eflora.nt.gov.au/factsheet?genus=Desmodium&species=triflorum
17381	"Desmodium velutinum"	http://eflora.nt.gov.au/factsheet?genus=Desmodium&species=velutinum
6184	Dicarpidium	
47397	"Dicarpidium monoicum"	http://eflora.nt.gov.au/factsheet?genus=Dicarpidium&species=monoicum
47396	"Dicarpidium sp. Arnhem Land"	"http://eflora.nt.gov.au/factsheet?genus=Dicarpidium&species=sp. Arnhem Land"
47394	"Dicarpidium sp. Nabarlek"	"http://eflora.nt.gov.au/factsheet?genus=Dicarpidium&species=sp. Nabarlek"
47393	"Dicarpidium sp. Purnululu"	"http://eflora.nt.gov.au/factsheet?genus=Dicarpidium&species=sp. Purnululu"
47395	"Dicarpidium sp. Ubirr"	"http://eflora.nt.gov.au/factsheet?genus=Dicarpidium&species=sp. Ubirr"
9724	Diospyros	
37447	"Diospyros calycantha"	http://eflora.nt.gov.au/factsheet?genus=Diospyros&species=calycantha
37458	"Diospyros compacta"	http://eflora.nt.gov.au/factsheet?genus=Diospyros&species=compacta
37465	"Diospyros humilis"	http://eflora.nt.gov.au/factsheet?genus=Diospyros&species=humilis
37467	"Diospyros littorea"	http://eflora.nt.gov.au/factsheet?genus=Diospyros&species=littorea
37456	"Diospyros maritima"	http://eflora.nt.gov.au/factsheet?genus=Diospyros&species=maritima
47460	"Diospyros rugulosa"	
12513	Dunbaria	
47990	"Dunbaria rotundifolia"	http://eflora.nt.gov.au/factsheet?genus=Dunbaria&species=rotundifolia
47991	"Dunbaria singuliflora"	http://eflora.nt.gov.au/factsheet?genus=Dunbaria&species=singuliflora
5974	Elaeocarpus	
47992	"Elaeocarpus angustifolius"	http://eflora.nt.gov.au/factsheet?genus=Elaeocarpus&species=angustifolius
47993	"Elaeocarpus arnhemicus"	http://eflora.nt.gov.au/factsheet?genus=Elaeocarpus&species=arnhemicus
47994	"Elaeocarpus culminicola"	http://eflora.nt.gov.au/factsheet?genus=Elaeocarpus&species=culminicola
47995	"Elaeocarpus miegei"	http://eflora.nt.gov.au/factsheet?genus=Elaeocarpus&species=miegei
9744	Eriocaulon	
42216	"Eriocaulon australe"	http://eflora.nt.gov.au/factsheet?genus=Eriocaulon&species=australe
47465	"Eriocaulon carpentariae"	http://eflora.nt.gov.au/factsheet?genus=Eriocaulon&species=carpentariae
47470	"Eriocaulon cinereum"	http://eflora.nt.gov.au/factsheet?genus=Eriocaulon&species=cinereum
47464	"Eriocaulon concretum"	http://eflora.nt.gov.au/factsheet?genus=Eriocaulon&species=concretum
47468	"Eriocaulon depressum"	http://eflora.nt.gov.au/factsheet?genus=Eriocaulon&species=depressum
47466	"Eriocaulon fistulosum"	http://eflora.nt.gov.au/factsheet?genus=Eriocaulon&species=fistulosum
47480	"Eriocaulon inapertum"	http://eflora.nt.gov.au/factsheet?genus=Eriocaulon&species=inapertum
47474	"Eriocaulon lividum"	http://eflora.nt.gov.au/factsheet?genus=Eriocaulon&species=lividum
47478	"Eriocaulon nematophyllum"	http://eflora.nt.gov.au/factsheet?genus=Eriocaulon&species=nematophyllum
47479	"Eriocaulon odontospermum"	http://eflora.nt.gov.au/factsheet?genus=Eriocaulon&species=odontospermum
47471	"Eriocaulon patericola"	http://eflora.nt.gov.au/factsheet?genus=Eriocaulon&species=patericola
47472	"Eriocaulon pusillum"	http://eflora.nt.gov.au/factsheet?genus=Eriocaulon&species=pusillum
47477	"Eriocaulon pygmaeum"	http://eflora.nt.gov.au/factsheet?genus=Eriocaulon&species=pygmaeum
47475	"Eriocaulon schultzii"	http://eflora.nt.gov.au/factsheet?genus=Eriocaulon&species=schultzii
47469	"Eriocaulon scullionii"	http://eflora.nt.gov.au/factsheet?genus=Eriocaulon&species=scullionii
47462	"Eriocaulon setaceum"	http://eflora.nt.gov.au/factsheet?genus=Eriocaulon&species=setaceum
47463	"Eriocaulon spectabile"	http://eflora.nt.gov.au/factsheet?genus=Eriocaulon&species=spectabile
47476	"Eriocaulon tortuosum"	http://eflora.nt.gov.au/factsheet?genus=Eriocaulon&species=tortuosum
47473	"Eriocaulon tricornum"	http://eflora.nt.gov.au/factsheet?genus=Eriocaulon&species=tricornum
47467	"Eriocaulon willdenovianum"	http://eflora.nt.gov.au/factsheet?genus=Eriocaulon&species=willdenovianum
47481	"Eriocaulon zollingerianum"	
5195	Ficus	
48378	"Ficus aculeata"	http://eflora.nt.gov.au/factsheet?genus=Ficus&species=aculeata
8886	"Ficus adenosperma"	http://eflora.nt.gov.au/factsheet?genus=Ficus&species=adenosperma
48382	"Ficus atricha"	http://eflora.nt.gov.au/factsheet?genus=Ficus&species=atricha
8880	"Ficus benjamina"	http://eflora.nt.gov.au/factsheet?genus=Ficus&species=benjamina
48383	"Ficus brachypoda"	http://eflora.nt.gov.au/factsheet?genus=Ficus&species=brachypoda
34746	"Ficus carica"	
48379	"Ficus carpentariensis"	http://eflora.nt.gov.au/factsheet?genus=Ficus&species=carpentariensis
48380	"Ficus cerasicarpa"	http://eflora.nt.gov.au/factsheet?genus=Ficus&species=cerasicarpa
8866	"Ficus congesta"	http://eflora.nt.gov.au/factsheet?genus=Ficus&species=congesta
8862	"Ficus coronulata"	http://eflora.nt.gov.au/factsheet?genus=Ficus&species=coronulata
43655	"Ficus henneana"	http://eflora.nt.gov.au/factsheet?genus=Ficus&species=henneana
8867	"Ficus hispida"	http://eflora.nt.gov.au/factsheet?genus=Ficus&species=hispida
48381	"Ficus lilliputiana"	http://eflora.nt.gov.au/factsheet?genus=Ficus&species=lilliputiana
8883	"Ficus platypoda"	http://eflora.nt.gov.au/factsheet?genus=Ficus&species=platypoda
8892	"Ficus racemosa"	http://eflora.nt.gov.au/factsheet?genus=Ficus&species=racemosa
8870	"Ficus scobina"	http://eflora.nt.gov.au/factsheet?genus=Ficus&species=scobina
8896	"Ficus subpuberula"	http://eflora.nt.gov.au/factsheet?genus=Ficus&species=subpuberula
8864	"Ficus tinctoria"	http://eflora.nt.gov.au/factsheet?genus=Ficus&species=tinctoria
8873	"Ficus virens"	http://eflora.nt.gov.au/factsheet?genus=Ficus&species=virens
2104	Flemingia	
40828	"Flemingia lineata"	http://eflora.nt.gov.au/factsheet?genus=Flemingia&species=lineata
40829	"Flemingia parviflora"	http://eflora.nt.gov.au/factsheet?genus=Flemingia&species=parviflora
40827	"Flemingia pauciflora"	http://eflora.nt.gov.au/factsheet?genus=Flemingia&species=pauciflora
47955	"Flemingia sp. sericea"	"http://eflora.nt.gov.au/factsheet?genus=Flemingia&species=sp. sericea"
40826	"Flemingia trifoliastrum"	http://eflora.nt.gov.au/factsheet?genus=Flemingia&species=trifoliastrum
47954	"Flemingia trifoliata"	http://eflora.nt.gov.au/factsheet?genus=Flemingia&species=trifoliata
12507	Galactia	
47515	"Galactia  muelleri"	
47516	"Galactia  sp. Litchfield"	
47514	"Galactia megalophylla"	http://eflora.nt.gov.au/factsheet?genus=Galactia&species=megalophylla
47513	"Galactia tenuiflora"	http://eflora.nt.gov.au/factsheet?genus=Galactia&species=tenuiflora
904	Gonocarpus	
5475	"Gonocarpus chinensis"	http://eflora.nt.gov.au/factsheet?genus=Gonocarpus&species=chinensis
5485	"Gonocarpus leptothecus"	http://eflora.nt.gov.au/factsheet?genus=Gonocarpus&species=leptothecus
4868	Gossypium	
47315	"Gossypium australe"	http://eflora.nt.gov.au/factsheet?genus=Gossypium&species=australe
47314	"Gossypium cunninghamii"	http://eflora.nt.gov.au/factsheet?genus=Gossypium&species=cunninghamii
26726	"Gossypium hirsutum"	http://eflora.nt.gov.au/factsheet?genus=Gossypium&species=hirsutum
5335	Grewia	
18542	"Grewia asiatica"	http://eflora.nt.gov.au/factsheet?genus=Grewia&species=asiatica
18546	"Grewia breviflora"	http://eflora.nt.gov.au/factsheet?genus=Grewia&species=breviflora
18548	"Grewia mesomischa"	http://eflora.nt.gov.au/factsheet?genus=Grewia&species=mesomischa
18547	"Grewia orbifolia"	http://eflora.nt.gov.au/factsheet?genus=Grewia&species=orbifolia
18541	"Grewia oxyphylla"	http://eflora.nt.gov.au/factsheet?genus=Grewia&species=oxyphylla
18544	"Grewia retusifolia"	http://eflora.nt.gov.au/factsheet?genus=Grewia&species=retusifolia
5226	Haemodorum	
8185	"Haemodorum brevicaule"	http://eflora.nt.gov.au/factsheet?genus=Haemodorum&species=brevicaule
8187	"Haemodorum coccineum"	http://eflora.nt.gov.au/factsheet?genus=Haemodorum&species=coccineum
8200	"Haemodorum ensifolium"	http://eflora.nt.gov.au/factsheet?genus=Haemodorum&species=ensifolium
47488	"Haemodorum flaviflorum"	http://eflora.nt.gov.au/factsheet?genus=Haemodorum&species=flaviflorum
47490	"Haemodorum leptostachyum"	http://eflora.nt.gov.au/factsheet?genus=Haemodorum&species=leptostachyum
8199	"Haemodorum parviflorum"	http://eflora.nt.gov.au/factsheet?genus=Haemodorum&species=parviflorum
47489	"Haemodorum sp. Cobourg Peninsula"	"http://eflora.nt.gov.au/factsheet?genus=Haemodorum&species=sp. Cobourg Peninsula"
47491	"Haemodorum sp. red"	
47487	"Haemodorum sp. Wildman River"	"http://eflora.nt.gov.au/factsheet?genus=Haemodorum&species=sp. Wildman River"
47492	"Haemodorum subvirens"	http://eflora.nt.gov.au/factsheet?genus=Haemodorum&species=subvirens
6189	Helicteres	
47262	"Helicteres angustifolia"	http://eflora.nt.gov.au/factsheet?genus=Helicteres&species=angustifolia
47259	"Helicteres cana"	http://eflora.nt.gov.au/factsheet?genus=Helicteres&species=cana
47266	"Helicteres darwinensis"	http://eflora.nt.gov.au/factsheet?genus=Helicteres&species=darwinensis
47263	"Helicteres flagellaris"	http://eflora.nt.gov.au/factsheet?genus=Helicteres&species=flagellaris
47261	"Helicteres hirsuta"	http://eflora.nt.gov.au/factsheet?genus=Helicteres&species=hirsuta
47270	"Helicteres integrifolia"	http://eflora.nt.gov.au/factsheet?genus=Helicteres&species=integrifolia
47260	"Helicteres isora"	http://eflora.nt.gov.au/factsheet?genus=Helicteres&species=isora
47269	"Helicteres kombolgiana"	http://eflora.nt.gov.au/factsheet?genus=Helicteres&species=kombolgiana
47267	"Helicteres macrothrix"	http://eflora.nt.gov.au/factsheet?genus=Helicteres&species=macrothrix
47264	"Helicteres procumbens"	http://eflora.nt.gov.au/factsheet?genus=Helicteres&species=procumbens
47265	"Helicteres serpens"	http://eflora.nt.gov.au/factsheet?genus=Helicteres&species=serpens
47258	"Helicteres sphaerotheca"	http://eflora.nt.gov.au/factsheet?genus=Helicteres&species=sphaerotheca
47268	"Helicteres tenuipila"	http://eflora.nt.gov.au/factsheet?genus=Helicteres&species=tenuipila
43150	"Hibbertia alopecota"	http://eflora.nt.gov.au/factsheet?genus=Hibbertia&species=alopecota
43143	"Hibbertia angulata"	http://eflora.nt.gov.au/factsheet?genus=Hibbertia&species=angulata
43191	"Hibbertia angustifolia"	http://eflora.nt.gov.au/factsheet?genus=Hibbertia&species=angustifolia
43167	"Hibbertia argyrochiton"	http://eflora.nt.gov.au/factsheet?genus=Hibbertia&species=argyrochiton
45738	"Hibbertia arnhemica"	http://eflora.nt.gov.au/factsheet?genus=Hibbertia&species=arnhemica
47411	"Hibbertia auriculiflora subsp. auriculiflora"	http://eflora.nt.gov.au/factsheet?genus=Hibbertia&species=auriculiflora&infrasprank=subsp.&infraspname=auriculiflora
47412	"Hibbertia auriculiflora subsp. minor"	http://eflora.nt.gov.au/factsheet?genus=Hibbertia&species=auriculiflora&infrasprank=subsp.&infraspname=minor
43166	"Hibbertia brennanii"	http://eflora.nt.gov.au/factsheet?genus=Hibbertia&species=brennanii
43085	"Hibbertia brevipedunculata"	http://eflora.nt.gov.au/factsheet?genus=Hibbertia&species=brevipedunculata
45245	"Hibbertia brownii"	http://eflora.nt.gov.au/factsheet?genus=Hibbertia&species=brownii
47405	"Hibbertia cactiifolia"	
45243	"Hibbertia candicans"	http://eflora.nt.gov.au/factsheet?genus=Hibbertia&species=candicans
43156	"Hibbertia caudice"	http://eflora.nt.gov.au/factsheet?genus=Hibbertia&species=caudice
43157	"Hibbertia ciliolata"	http://eflora.nt.gov.au/factsheet?genus=Hibbertia&species=ciliolata
43148	"Hibbertia circularis"	http://eflora.nt.gov.au/factsheet?genus=Hibbertia&species=circularis
43134	"Hibbertia cistifolia"	http://eflora.nt.gov.au/factsheet?genus=Hibbertia&species=cistifolia
45244	"Hibbertia dealbata"	http://eflora.nt.gov.au/factsheet?genus=Hibbertia&species=dealbata
47413	"Hibbertia echiifolia subsp. cernua"	http://eflora.nt.gov.au/factsheet?genus=Hibbertia&species=echiifolia&infrasprank=subsp.&infraspname=cernua
47415	"Hibbertia echiifolia subsp. echiifolia"	http://eflora.nt.gov.au/factsheet?genus=Hibbertia&species=echiifolia&infrasprank=subsp.&infraspname=echiifolia
47416	"Hibbertia echiifolia subsp. macrantha"	http://eflora.nt.gov.au/factsheet?genus=Hibbertia&species=echiifolia&infrasprank=subsp.&infraspname=macrantha
47414	"Hibbertia echiifolia subsp. oligantha"	http://eflora.nt.gov.au/factsheet?genus=Hibbertia&species=echiifolia&infrasprank=subsp.&infraspname=oligantha
47404	"Hibbertia echiifolia subsp. rotata"	http://eflora.nt.gov.au/factsheet?genus=Hibbertia&species=echiifolia&infrasprank=subsp.&infraspname=rotata
43155	"Hibbertia extrorsa"	http://eflora.nt.gov.au/factsheet?genus=Hibbertia&species=extrorsa
47420	"Hibbertia fractiflexa subsp. brachyblastis"	http://eflora.nt.gov.au/factsheet?genus=Hibbertia&species=fractiflexa&infrasprank=subsp.&infraspname=brachyblastis
47417	"Hibbertia fractiflexa subsp. filicaulis"	http://eflora.nt.gov.au/factsheet?genus=Hibbertia&species=fractiflexa&infrasprank=subsp.&infraspname=filicaulis
47418	"Hibbertia fractiflexa subsp. fractiflexa"	http://eflora.nt.gov.au/factsheet?genus=Hibbertia&species=fractiflexa&infrasprank=subsp.&infraspname=fractiflexa
47419	"Hibbertia fractiflexa subsp. serotina"	http://eflora.nt.gov.au/factsheet?genus=Hibbertia&species=fractiflexa&infrasprank=subsp.&infraspname=serotina
43170	"Hibbertia goyderi"	http://eflora.nt.gov.au/factsheet?genus=Hibbertia&species=goyderi
43138	"Hibbertia guttata"	http://eflora.nt.gov.au/factsheet?genus=Hibbertia&species=guttata
43135	"Hibbertia incompta"	http://eflora.nt.gov.au/factsheet?genus=Hibbertia&species=incompta
43168	"Hibbertia incurvata"	http://eflora.nt.gov.au/factsheet?genus=Hibbertia&species=incurvata
19375	"Hibbertia lepidota"	http://eflora.nt.gov.au/factsheet?genus=Hibbertia&species=lepidota
43144	"Hibbertia ligulata"	http://eflora.nt.gov.au/factsheet?genus=Hibbertia&species=ligulata
43154	"Hibbertia malleolacea"	http://eflora.nt.gov.au/factsheet?genus=Hibbertia&species=malleolacea
43165	"Hibbertia marrawalina"	http://eflora.nt.gov.au/factsheet?genus=Hibbertia&species=marrawalina
43190	"Hibbertia muelleri"	http://eflora.nt.gov.au/factsheet?genus=Hibbertia&species=muelleri
47407	"Hibbertia oblongata subsp. brevifolia"	http://eflora.nt.gov.au/factsheet?genus=Hibbertia&species=oblongata&infrasprank=subsp.&infraspname=brevifolia
47409	"Hibbertia oblongata subsp. macrophylla"	http://eflora.nt.gov.au/factsheet?genus=Hibbertia&species=oblongata&infrasprank=subsp.&infraspname=macrophylla
47408	"Hibbertia oblongata subsp. megalanthera"	http://eflora.nt.gov.au/factsheet?genus=Hibbertia&species=oblongata&infrasprank=subsp.&infraspname=megalanthera
47406	"Hibbertia oblongata subsp. oblongata"	http://eflora.nt.gov.au/factsheet?genus=Hibbertia&species=oblongata&infrasprank=subsp.&infraspname=oblongata
43145	"Hibbertia oligocarpa"	http://eflora.nt.gov.au/factsheet?genus=Hibbertia&species=oligocarpa
43139	"Hibbertia orbicularis"	http://eflora.nt.gov.au/factsheet?genus=Hibbertia&species=orbicularis
43159	"Hibbertia orientalis"	http://eflora.nt.gov.au/factsheet?genus=Hibbertia&species=orientalis
43169	"Hibbertia pancerea"	http://eflora.nt.gov.au/factsheet?genus=Hibbertia&species=pancerea
43153	"Hibbertia pilulis"	http://eflora.nt.gov.au/factsheet?genus=Hibbertia&species=pilulis
43136	"Hibbertia scabra"	http://eflora.nt.gov.au/factsheet?genus=Hibbertia&species=scabra
47410	"Hibbertia solaniifolia"	
47401	"Hibbertia sp. Marrawal"	"http://eflora.nt.gov.au/factsheet?genus=Hibbertia&species=sp. Marrawal"
47403	"Hibbertia sp. Mt Howship"	
47402	"Hibbertia sp. South Magela"	"http://eflora.nt.gov.au/factsheet?genus=Hibbertia&species=sp. South Magela"
43164	"Hibbertia sulcata"	http://eflora.nt.gov.au/factsheet?genus=Hibbertia&species=sulcata
45242	"Hibbertia tasmanica"	http://eflora.nt.gov.au/factsheet?genus=Hibbertia&species=tasmanica
43142	"Hibbertia tomentosa"	http://eflora.nt.gov.au/factsheet?genus=Hibbertia&species=tomentosa
43149	"Hibbertia tricornis"	http://eflora.nt.gov.au/factsheet?genus=Hibbertia&species=tricornis
43151	"Hibbertia tridentata"	http://eflora.nt.gov.au/factsheet?genus=Hibbertia&species=tridentata
47400	"Hibbertia, excluding Sect. Pachynema "	
4874	Hibiscus	
47211	"Hibiscus aneuthe"	http://eflora.nt.gov.au/factsheet?genus=Hibiscus&species=aneuthe
47212	"Hibiscus arnhemensis"	http://eflora.nt.gov.au/factsheet?genus=Hibiscus&species=arnhemensis
47224	"Hibiscus austrinus var. austrinus"	http://eflora.nt.gov.au/factsheet?genus=Hibiscus&species=austrinus&infrasprank=var.&infraspname=austrinus
47215	"Hibiscus bacalusius"	http://eflora.nt.gov.au/factsheet?genus=Hibiscus&species=bacalusius
47233	"Hibiscus brennanii"	http://eflora.nt.gov.au/factsheet?genus=Hibiscus&species=brennanii
47206	"Hibiscus byrnesii"	http://eflora.nt.gov.au/factsheet?genus=Hibiscus&species=byrnesii
47232	"Hibiscus cravenii"	http://eflora.nt.gov.au/factsheet?genus=Hibiscus&species=cravenii
47217	"Hibiscus fallax"	http://eflora.nt.gov.au/factsheet?genus=Hibiscus&species=fallax
47223	"Hibiscus fluvialis"	http://eflora.nt.gov.au/factsheet?genus=Hibiscus&species=fluvialis
47204	"Hibiscus fryxellii var. mollis"	http://eflora.nt.gov.au/factsheet?genus=Hibiscus&species=fryxellii&infrasprank=var.&infraspname=mollis
47226	"Hibiscus geranioides"	http://eflora.nt.gov.au/factsheet?genus=Hibiscus&species=geranioides
47210	"Hibiscus inimicus"	http://eflora.nt.gov.au/factsheet?genus=Hibiscus&species=inimicus
47231	"Hibiscus leptocladus"	http://eflora.nt.gov.au/factsheet?genus=Hibiscus&species=leptocladus
47220	"Hibiscus lobatus"	http://eflora.nt.gov.au/factsheet?genus=Hibiscus&species=lobatus
47219	"Hibiscus menzeliae"	http://eflora.nt.gov.au/factsheet?genus=Hibiscus&species=menzeliae
47209	"Hibiscus meraukensis"	http://eflora.nt.gov.au/factsheet?genus=Hibiscus&species=meraukensis
47221	"Hibiscus multilobatus"	http://eflora.nt.gov.au/factsheet?genus=Hibiscus&species=multilobatus
47222	"Hibiscus panduriformis"	http://eflora.nt.gov.au/factsheet?genus=Hibiscus&species=panduriformis
47225	"Hibiscus pentaphyllus"	http://eflora.nt.gov.au/factsheet?genus=Hibiscus&species=pentaphyllus
47216	"Hibiscus petherickii"	http://eflora.nt.gov.au/factsheet?genus=Hibiscus&species=petherickii
47214	"Hibiscus riceae"	http://eflora.nt.gov.au/factsheet?genus=Hibiscus&species=riceae
47207	"Hibiscus sabdariffa"	http://eflora.nt.gov.au/factsheet?genus=Hibiscus&species=sabdariffa
47230	"Hibiscus setulosus"	http://eflora.nt.gov.au/factsheet?genus=Hibiscus&species=setulosus
47208	"Hibiscus sp. Spirit Hills"	"http://eflora.nt.gov.au/factsheet?genus=Hibiscus&species=sp. Spirit Hills"
47229	"Hibiscus sturtii var. campylochlamys"	http://eflora.nt.gov.au/factsheet?genus=Hibiscus&species=sturtii&infrasprank=var.&infraspname=campylochlamys
47228	"Hibiscus sturtii var. platychlamys"	http://eflora.nt.gov.au/factsheet?genus=Hibiscus&species=sturtii&infrasprank=var.&infraspname=platychlamys
47213	"Hibiscus symonii"	http://eflora.nt.gov.au/factsheet?genus=Hibiscus&species=symonii
47218	"Hibiscus thegaleus"	http://eflora.nt.gov.au/factsheet?genus=Hibiscus&species=thegaleus
41570	"Hibiscus tiliaceus"	http://eflora.nt.gov.au/factsheet?genus=Hibiscus&species=tiliaceus
47227	"Hibiscus verdcourtii"	http://eflora.nt.gov.au/factsheet?genus=Hibiscus&species=verdcourtii
43701	"Hibiscus vitifolius"	http://eflora.nt.gov.au/factsheet?genus=Hibiscus&species=vitifolius
47205	"Hibiscus zonatus"	http://eflora.nt.gov.au/factsheet?genus=Hibiscus&species=zonatus
5063	Ipomoea	
18697	"Ipomoea abrupta"	http://eflora.nt.gov.au/factsheet?genus=Ipomoea&species=abrupta
18703	"Ipomoea antonschmidii"	http://eflora.nt.gov.au/factsheet?genus=Ipomoea&species=antonschmidii
18674	"Ipomoea aquatica"	http://eflora.nt.gov.au/factsheet?genus=Ipomoea&species=aquatica
18687	"Ipomoea argillicola"	http://eflora.nt.gov.au/factsheet?genus=Ipomoea&species=argillicola
20296	"Ipomoea batatas"	
18701	"Ipomoea bracteolata"	http://eflora.nt.gov.au/factsheet?genus=Ipomoea&species=bracteolata
18692	"Ipomoea brassii"	http://eflora.nt.gov.au/factsheet?genus=Ipomoea&species=brassii
18699	"Ipomoea calobra"	
20301	"Ipomoea carnea"	
18659	"Ipomoea coptica"	http://eflora.nt.gov.au/factsheet?genus=Ipomoea&species=coptica
18698	"Ipomoea costata"	http://eflora.nt.gov.au/factsheet?genus=Ipomoea&species=costata
18673	"Ipomoea diamantinensis"	http://eflora.nt.gov.au/factsheet?genus=Ipomoea&species=diamantinensis
18660	"Ipomoea diversifolia"	http://eflora.nt.gov.au/factsheet?genus=Ipomoea&species=diversifolia
48376	"Ipomoea dunlopii"	http://eflora.nt.gov.au/factsheet?genus=Ipomoea&species=dunlopii
18655	"Ipomoea eriocarpa"	http://eflora.nt.gov.au/factsheet?genus=Ipomoea&species=eriocarpa
18684	"Ipomoea gracilis"	http://eflora.nt.gov.au/factsheet?genus=Ipomoea&species=gracilis
18667	"Ipomoea graminea"	http://eflora.nt.gov.au/factsheet?genus=Ipomoea&species=graminea
20288	"Ipomoea hederifolia"	http://eflora.nt.gov.au/factsheet?genus=Ipomoea&species=hederifolia
18676	"Ipomoea imperati"	http://eflora.nt.gov.au/factsheet?genus=Ipomoea&species=imperati
18689	"Ipomoea limosa"	http://eflora.nt.gov.au/factsheet?genus=Ipomoea&species=limosa
18656	"Ipomoea lonchophylla"	http://eflora.nt.gov.au/factsheet?genus=Ipomoea&species=lonchophylla
18679	"Ipomoea mauritiana"	http://eflora.nt.gov.au/factsheet?genus=Ipomoea&species=mauritiana
18691	"Ipomoea muelleri"	http://eflora.nt.gov.au/factsheet?genus=Ipomoea&species=muelleri
20293	"Ipomoea nil"	http://eflora.nt.gov.au/factsheet?genus=Ipomoea&species=nil
18675	"Ipomoea pes-caprae"	http://eflora.nt.gov.au/factsheet?genus=Ipomoea&species=pes-caprae
20294	"Ipomoea pes-tigridis"	http://eflora.nt.gov.au/factsheet?genus=Ipomoea&species=pes-tigridis
18658	"Ipomoea plebeia"	http://eflora.nt.gov.au/factsheet?genus=Ipomoea&species=plebeia
48375	"Ipomoea polpha"	http://eflora.nt.gov.au/factsheet?genus=Ipomoea&species=polpha
18654	"Ipomoea polymorpha"	http://eflora.nt.gov.au/factsheet?genus=Ipomoea&species=polymorpha
20290	"Ipomoea purpurea"	http://eflora.nt.gov.au/factsheet?genus=Ipomoea&species=purpurea
20287	"Ipomoea quamoclit"	http://eflora.nt.gov.au/factsheet?genus=Ipomoea&species=quamoclit
18657	"Ipomoea racemigera"	http://eflora.nt.gov.au/factsheet?genus=Ipomoea&species=racemigera
48374	"Ipomoea tolmerana subsp. tolmerana"	http://eflora.nt.gov.au/factsheet?genus=Ipomoea&species=tolmerana&infrasprank=subsp.&infraspname=tolmerana
20297	"Ipomoea triloba"	http://eflora.nt.gov.au/factsheet?genus=Ipomoea&species=triloba
18688	"Ipomoea versipellis"	http://eflora.nt.gov.au/factsheet?genus=Ipomoea&species=versipellis
18672	"Ipomoea violacea"	http://eflora.nt.gov.au/factsheet?genus=Ipomoea&species=violacea
876	Jacksonia	
2354	"Jacksonia aculeata"	http://eflora.nt.gov.au/factsheet?genus=Jacksonia&species=aculeata
2350	"Jacksonia arnhemica"	http://eflora.nt.gov.au/factsheet?genus=Jacksonia&species=arnhemica
47461	"Jacksonia bifida"	
2324	"Jacksonia dilatata"	http://eflora.nt.gov.au/factsheet?genus=Jacksonia&species=dilatata
2355	"Jacksonia effusa"	http://eflora.nt.gov.au/factsheet?genus=Jacksonia&species=effusa
2358	"Jacksonia flexuosa"	http://eflora.nt.gov.au/factsheet?genus=Jacksonia&species=flexuosa
2356	"Jacksonia forrestii"	http://eflora.nt.gov.au/factsheet?genus=Jacksonia&species=forrestii
2348	"Jacksonia lateritica"	http://eflora.nt.gov.au/factsheet?genus=Jacksonia&species=lateritica
2346	"Jacksonia odontoclada"	http://eflora.nt.gov.au/factsheet?genus=Jacksonia&species=odontoclada
2357	"Jacksonia pendens"	http://eflora.nt.gov.au/factsheet?genus=Jacksonia&species=pendens
2337	"Jacksonia reclinata"	http://eflora.nt.gov.au/factsheet?genus=Jacksonia&species=reclinata
2336	"Jacksonia remota"	http://eflora.nt.gov.au/factsheet?genus=Jacksonia&species=remota
2334	"Jacksonia spicata"	http://eflora.nt.gov.au/factsheet?genus=Jacksonia&species=spicata
2335	"Jacksonia stellaris"	http://eflora.nt.gov.au/factsheet?genus=Jacksonia&species=stellaris
2349	"Jacksonia vernicosa"	http://eflora.nt.gov.au/factsheet?genus=Jacksonia&species=vernicosa
5997	Lemna	
11446	"Lemna aequinoctialis"	http://eflora.nt.gov.au/factsheet?genus=Lemna&species=aequinoctialis
11450	"Lemna tenera"	http://eflora.nt.gov.au/factsheet?genus=Lemna&species=tenera
5256	Lobelia	
48577	"Lobelia arnhemica"	
48579	"Lobelia dioica"	http://eflora.nt.gov.au/factsheet?genus=Lobelia&species=dioica
48580	"Lobelia douglasica"	
48578	"Lobelia sp. Cox Peninsula"	"http://eflora.nt.gov.au/factsheet?genus=Lobelia&species=sp. Cox Peninsula"
1544	Lomandra	
21142	"Lomandra filiformis subsp. filiformis"	http://eflora.nt.gov.au/factsheet?genus=Lomandra&species=filiformis&infrasprank=subsp.&infraspname=filiformis
47274	"Lomandra multiflora subsp. multiflora"	http://eflora.nt.gov.au/factsheet?genus=Lomandra&species=multiflora&infrasprank=subsp.&infraspname=multiflora
47273	"Lomandra tropica subsp. arnhemensis"	
47272	"Lomandra tropica subsp. tropica"	http://eflora.nt.gov.au/factsheet?genus=Lomandra&species=tropica&infrasprank=subsp.&infraspname=tropica
5574	Lophostemon	
17822	"Lophostemon grandiflorus"	http://eflora.nt.gov.au/factsheet?genus=Lophostemon&species=grandiflorus
17823	"Lophostemon lactifluus"	http://eflora.nt.gov.au/factsheet?genus=Lophostemon&species=lactifluus
5129	Lumnitzera	
7997	"Lumnitzera littorea"	http://eflora.nt.gov.au/factsheet?genus=Lumnitzera&species=littorea
7998	"Lumnitzera racemosa"	http://eflora.nt.gov.au/factsheet?genus=Lumnitzera&species=racemosa
12489	Macroptilium	
17610	"Macroptilium atropurpureum"	http://eflora.nt.gov.au/factsheet?genus=Macroptilium&species=atropurpureum
17611	"Macroptilium lathyroides"	http://eflora.nt.gov.au/factsheet?genus=Macroptilium&species=lathyroides
4866	Malachra	
47398	"Malachra capitata"	http://eflora.nt.gov.au/factsheet?genus=Malachra&species=capitata
47399	"Malachra fasciata"	http://eflora.nt.gov.au/factsheet?genus=Malachra&species=fasciata
4886	Malvastrum	
28156	"Malvastrum americanum"	http://eflora.nt.gov.au/factsheet?genus=Malvastrum&species=americanum
28157	"Malvastrum coromandelianum"	http://eflora.nt.gov.au/factsheet?genus=Malvastrum&species=coromandelianum
6190	Melhania	
47257	"Melhania  sp. Mt Bundey"	
47256	"Melhania oblongifolia"	http://eflora.nt.gov.au/factsheet?genus=Melhania&species=oblongifolia
6183	Melochia	
37405	"Melochia corchorifolia"	http://eflora.nt.gov.au/factsheet?genus=Melochia&species=corchorifolia
37406	"Melochia pyramidata"	http://eflora.nt.gov.au/factsheet?genus=Melochia&species=pyramidata
5062	Merremia	
11999	"Merremia aegyptia"	http://eflora.nt.gov.au/factsheet?genus=Merremia&species=aegyptia
11993	"Merremia dissecta"	http://eflora.nt.gov.au/factsheet?genus=Merremia&species=dissecta
12004	"Merremia gemella"	http://eflora.nt.gov.au/factsheet?genus=Merremia&species=gemella
12005	"Merremia hederacea"	http://eflora.nt.gov.au/factsheet?genus=Merremia&species=hederacea
12001	"Merremia incisa"	http://eflora.nt.gov.au/factsheet?genus=Merremia&species=incisa
11997	"Merremia kimberleyensis"	http://eflora.nt.gov.au/factsheet?genus=Merremia&species=kimberleyensis
11998	"Merremia quinata"	http://eflora.nt.gov.au/factsheet?genus=Merremia&species=quinata
11994	"Merremia tuberosa"	
12002	"Merremia umbellata"	http://eflora.nt.gov.au/factsheet?genus=Merremia&species=umbellata
228	Miliusa	
7854	"Miliusa brahei"	http://eflora.nt.gov.au/factsheet?genus=Miliusa&species=brahei
7855	"Miliusa traceyi"	http://eflora.nt.gov.au/factsheet?genus=Miliusa&species=traceyi
5038	Mitrasacme	
10804	"Mitrasacme aggregata"	http://eflora.nt.gov.au/factsheet?genus=Mitrasacme&species=aggregata
10773	"Mitrasacme ambigua"	http://eflora.nt.gov.au/factsheet?genus=Mitrasacme&species=ambigua
10808	"Mitrasacme brachystemonea"	http://eflora.nt.gov.au/factsheet?genus=Mitrasacme&species=brachystemonea
10810	"Mitrasacme connata"	http://eflora.nt.gov.au/factsheet?genus=Mitrasacme&species=connata
10792	"Mitrasacme elata"	http://eflora.nt.gov.au/factsheet?genus=Mitrasacme&species=elata
10769	"Mitrasacme epigaea"	http://eflora.nt.gov.au/factsheet?genus=Mitrasacme&species=epigaea
10793	"Mitrasacme exserta"	http://eflora.nt.gov.au/factsheet?genus=Mitrasacme&species=exserta
10774	"Mitrasacme floribunda"	http://eflora.nt.gov.au/factsheet?genus=Mitrasacme&species=floribunda
10776	"Mitrasacme galbina"	http://eflora.nt.gov.au/factsheet?genus=Mitrasacme&species=galbina
10807	"Mitrasacme geniculosa"	http://eflora.nt.gov.au/factsheet?genus=Mitrasacme&species=geniculosa
10788	"Mitrasacme gentianea"	http://eflora.nt.gov.au/factsheet?genus=Mitrasacme&species=gentianea
10801	"Mitrasacme glaucescens"	http://eflora.nt.gov.au/factsheet?genus=Mitrasacme&species=glaucescens
10785	"Mitrasacme inornata"	http://eflora.nt.gov.au/factsheet?genus=Mitrasacme&species=inornata
10778	"Mitrasacme laevis"	http://eflora.nt.gov.au/factsheet?genus=Mitrasacme&species=laevis
10777	"Mitrasacme laricifolia"	http://eflora.nt.gov.au/factsheet?genus=Mitrasacme&species=laricifolia
10803	"Mitrasacme latiflora"	http://eflora.nt.gov.au/factsheet?genus=Mitrasacme&species=latiflora
10809	"Mitrasacme lutea"	http://eflora.nt.gov.au/factsheet?genus=Mitrasacme&species=lutea
10814	"Mitrasacme micrantha"	http://eflora.nt.gov.au/factsheet?genus=Mitrasacme&species=micrantha
10789	"Mitrasacme multicaulis"	http://eflora.nt.gov.au/factsheet?genus=Mitrasacme&species=multicaulis
10797	"Mitrasacme nidulifera"	http://eflora.nt.gov.au/factsheet?genus=Mitrasacme&species=nidulifera
10791	"Mitrasacme nudicaulis"	http://eflora.nt.gov.au/factsheet?genus=Mitrasacme&species=nudicaulis
10784	"Mitrasacme nummularia"	http://eflora.nt.gov.au/factsheet?genus=Mitrasacme&species=nummularia
10790	"Mitrasacme patens"	http://eflora.nt.gov.au/factsheet?genus=Mitrasacme&species=patens
10768	"Mitrasacme phascoides"	http://eflora.nt.gov.au/factsheet?genus=Mitrasacme&species=phascoides
10783	"Mitrasacme prolifera"	http://eflora.nt.gov.au/factsheet?genus=Mitrasacme&species=prolifera
10798	"Mitrasacme retroloba"	http://eflora.nt.gov.au/factsheet?genus=Mitrasacme&species=retroloba
10799	"Mitrasacme scrithicola"	http://eflora.nt.gov.au/factsheet?genus=Mitrasacme&species=scrithicola
10782	"Mitrasacme secedens"	http://eflora.nt.gov.au/factsheet?genus=Mitrasacme&species=secedens
10796	"Mitrasacme squamigera"	http://eflora.nt.gov.au/factsheet?genus=Mitrasacme&species=squamigera
10811	"Mitrasacme stellata"	http://eflora.nt.gov.au/factsheet?genus=Mitrasacme&species=stellata
10775	"Mitrasacme subvolubilis"	http://eflora.nt.gov.au/factsheet?genus=Mitrasacme&species=subvolubilis
10794	"Mitrasacme troglodytica"	http://eflora.nt.gov.au/factsheet?genus=Mitrasacme&species=troglodytica
5250	Monochoria	
9007	"Monochoria australasica"	http://eflora.nt.gov.au/factsheet?genus=Monochoria&species=australasica
9006	"Monochoria cyanea"	http://eflora.nt.gov.au/factsheet?genus=Monochoria&species=cyanea
9005	"Monochoria hastata"	http://eflora.nt.gov.au/factsheet?genus=Monochoria&species=hastata
9004	"Monochoria vaginalis"	http://eflora.nt.gov.au/factsheet?genus=Monochoria&species=vaginalis
12483	Mucuna	
17612	"Mucuna gigantea"	http://eflora.nt.gov.au/factsheet?genus=Mucuna&species=gigantea
17615	"Mucuna reptans"	http://eflora.nt.gov.au/factsheet?genus=Mucuna&species=reptans
9827	Muniria	
45494	"Muniria angustisepala"	http://eflora.nt.gov.au/factsheet?genus=Muniria&species=angustisepala
45497	"Muniria lanceolata"	http://eflora.nt.gov.au/factsheet?genus=Muniria&species=lanceolata
48377	"Muniria megalophylla"	http://eflora.nt.gov.au/factsheet?genus=Muniria&species=megalophylla
45495	"Muniria quadrangulata"	http://eflora.nt.gov.au/factsheet?genus=Muniria&species=quadrangulata
5745	Myristica	
48428	"Myristica insipida var. insipida"	http://eflora.nt.gov.au/factsheet?genus=Myristica&species=insipida&infrasprank=var.&infraspname=insipida
48429	"Myristica lancifolia subsp. australiana"	http://eflora.nt.gov.au/factsheet?genus=Myristica&species=lancifolia&infrasprank=subsp.&infraspname=australiana
9743	Najas	
11312	"Najas browniana"	http://eflora.nt.gov.au/factsheet?genus=Najas&species=browniana
11311	"Najas foveolata"	http://eflora.nt.gov.au/factsheet?genus=Najas&species=foveolata
11313	"Najas graminea"	http://eflora.nt.gov.au/factsheet?genus=Najas&species=graminea
11309	"Najas malesiana"	http://eflora.nt.gov.au/factsheet?genus=Najas&species=malesiana
11310	"Najas pseudograminea"	http://eflora.nt.gov.au/factsheet?genus=Najas&species=pseudograminea
11315	"Najas tenuifolia"	http://eflora.nt.gov.au/factsheet?genus=Najas&species=tenuifolia
889	Neptunia	
3322	"Neptunia dimorphantha"	http://eflora.nt.gov.au/factsheet?genus=Neptunia&species=dimorphantha
3321	"Neptunia gracilis"	http://eflora.nt.gov.au/factsheet?genus=Neptunia&species=gracilis
3320	"Neptunia major"	http://eflora.nt.gov.au/factsheet?genus=Neptunia&species=major
3323	"Neptunia monosperma"	http://eflora.nt.gov.au/factsheet?genus=Neptunia&species=monosperma
47494	"Neptunia oleracea"	
47493	"Neptunia plena"	http://eflora.nt.gov.au/factsheet?genus=Neptunia&species=plena
5328	Ottelia	
11232	"Ottelia alismoides"	http://eflora.nt.gov.au/factsheet?genus=Ottelia&species=alismoides
11233	"Ottelia ovalifolia"	http://eflora.nt.gov.au/factsheet?genus=Ottelia&species=ovalifolia
5178	Passiflora	
10517	"Passiflora foetida"	http://eflora.nt.gov.au/factsheet?genus=Passiflora&species=foetida
10516	"Passiflora suberosa"	http://eflora.nt.gov.au/factsheet?genus=Passiflora&species=suberosa
2086	Plagiocarpus	
17878	"Plagiocarpus arcuatus"	http://eflora.nt.gov.au/factsheet?genus=Plagiocarpus&species=arcuatus
17882	"Plagiocarpus arnhemicus"	http://eflora.nt.gov.au/factsheet?genus=Plagiocarpus&species=arnhemicus
17880	"Plagiocarpus axillaris"	http://eflora.nt.gov.au/factsheet?genus=Plagiocarpus&species=axillaris
17883	"Plagiocarpus longiflorus"	http://eflora.nt.gov.au/factsheet?genus=Plagiocarpus&species=longiflorus
6285	Polycarpaea	
16658	"Polycarpaea arida"	http://eflora.nt.gov.au/factsheet?genus=Polycarpaea&species=arida
17476	"Polycarpaea breviflora"	http://eflora.nt.gov.au/factsheet?genus=Polycarpaea&species=breviflora
17478	"Polycarpaea corymbosa"	http://eflora.nt.gov.au/factsheet?genus=Polycarpaea&species=corymbosa
16657	"Polycarpaea holtzei"	http://eflora.nt.gov.au/factsheet?genus=Polycarpaea&species=holtzei
17484	"Polycarpaea incana"	http://eflora.nt.gov.au/factsheet?genus=Polycarpaea&species=incana
16655	"Polycarpaea involucrata"	http://eflora.nt.gov.au/factsheet?genus=Polycarpaea&species=involucrata
16662	"Polycarpaea longiflora"	http://eflora.nt.gov.au/factsheet?genus=Polycarpaea&species=longiflora
17482	"Polycarpaea microceps"	http://eflora.nt.gov.au/factsheet?genus=Polycarpaea&species=microceps
17481	"Polycarpaea multicaulis"	http://eflora.nt.gov.au/factsheet?genus=Polycarpaea&species=multicaulis
47203	"Polycarpaea sp. sandstone"	"http://eflora.nt.gov.au/factsheet?genus=Polycarpaea&species=sp. sandstone"
17477	"Polycarpaea spirostylis"	http://eflora.nt.gov.au/factsheet?genus=Polycarpaea&species=spirostylis
16652	"Polycarpaea staminodina"	http://eflora.nt.gov.au/factsheet?genus=Polycarpaea&species=staminodina
17483	"Polycarpaea tenax"	http://eflora.nt.gov.au/factsheet?genus=Polycarpaea&species=tenax
16651	"Polycarpaea violacea"	http://eflora.nt.gov.au/factsheet?genus=Polycarpaea&species=violacea
6287	Polycarpon	
24527	"Polycarpon prostratum"	http://eflora.nt.gov.au/factsheet?genus=Polycarpon&species=prostratum
22879	"Polycarpon tetraphyllum"	http://eflora.nt.gov.au/factsheet?genus=Polycarpon&species=tetraphyllum
5350	Polygala	
12644	"Polygala barbata"	http://eflora.nt.gov.au/factsheet?genus=Polygala&species=barbata
12631	"Polygala barklyensis"	http://eflora.nt.gov.au/factsheet?genus=Polygala&species=barklyensis
12626	"Polygala bifoliata"	http://eflora.nt.gov.au/factsheet?genus=Polygala&species=bifoliata
12618	"Polygala canaliculata"	
12623	"Polygala clavistyla"	http://eflora.nt.gov.au/factsheet?genus=Polygala&species=clavistyla
12625	"Polygala coralliformis"	http://eflora.nt.gov.au/factsheet?genus=Polygala&species=coralliformis
12613	"Polygala crassitesta"	http://eflora.nt.gov.au/factsheet?genus=Polygala&species=crassitesta
12629	"Polygala dependens"	http://eflora.nt.gov.au/factsheet?genus=Polygala&species=dependens
12645	"Polygala difficilis"	http://eflora.nt.gov.au/factsheet?genus=Polygala&species=difficilis
12643	"Polygala dimorphotricha"	http://eflora.nt.gov.au/factsheet?genus=Polygala&species=dimorphotricha
12617	"Polygala eriocephala"	http://eflora.nt.gov.au/factsheet?genus=Polygala&species=eriocephala
12621	"Polygala exsquarrosa"	http://eflora.nt.gov.au/factsheet?genus=Polygala&species=exsquarrosa
12641	"Polygala galeocephala"	http://eflora.nt.gov.au/factsheet?genus=Polygala&species=galeocephala
12630	"Polygala geniculata"	http://eflora.nt.gov.au/factsheet?genus=Polygala&species=geniculata
12628	"Polygala glaucifolia"	http://eflora.nt.gov.au/factsheet?genus=Polygala&species=glaucifolia
12612	"Polygala integra"	http://eflora.nt.gov.au/factsheet?genus=Polygala&species=integra
12646	"Polygala isingii"	http://eflora.nt.gov.au/factsheet?genus=Polygala&species=isingii
12642	"Polygala kimberleyensis"	
47323	"Polygala linearis"	
12605	"Polygala longifolia"	http://eflora.nt.gov.au/factsheet?genus=Polygala&species=longifolia
12634	"Polygala obversa"	http://eflora.nt.gov.au/factsheet?genus=Polygala&species=obversa
12632	"Polygala orbicularis"	http://eflora.nt.gov.au/factsheet?genus=Polygala&species=orbicularis
12624	"Polygala parviloba"	http://eflora.nt.gov.au/factsheet?genus=Polygala&species=parviloba
47322	"Polygala petraphila"	
12611	"Polygala praecox"	
12616	"Polygala pterocarpa"	http://eflora.nt.gov.au/factsheet?genus=Polygala&species=pterocarpa
12619	"Polygala rhynchocarpa"	
12633	"Polygala saccopetala"	http://eflora.nt.gov.au/factsheet?genus=Polygala&species=saccopetala
12637	"Polygala stenoclada"	http://eflora.nt.gov.au/factsheet?genus=Polygala&species=stenoclada
12620	"Polygala succulenta"	http://eflora.nt.gov.au/factsheet?genus=Polygala&species=succulenta
12636	"Polygala tepperi"	http://eflora.nt.gov.au/factsheet?genus=Polygala&species=tepperi
12614	"Polygala validiflora"	http://eflora.nt.gov.au/factsheet?genus=Polygala&species=validiflora
12610	"Polygala wightiana"	http://eflora.nt.gov.au/factsheet?genus=Polygala&species=wightiana
2898	Pterocaulon	
12043	"Pterocaulon ciliosum"	http://eflora.nt.gov.au/factsheet?genus=Pterocaulon&species=ciliosum
12036	"Pterocaulon discolor"	http://eflora.nt.gov.au/factsheet?genus=Pterocaulon&species=discolor
12040	"Pterocaulon intermedium"	http://eflora.nt.gov.au/factsheet?genus=Pterocaulon&species=intermedium
12034	"Pterocaulon niveum"	http://eflora.nt.gov.au/factsheet?genus=Pterocaulon&species=niveum
12041	"Pterocaulon paradoxum"	http://eflora.nt.gov.au/factsheet?genus=Pterocaulon&species=paradoxum
43073	"Pterocaulon serrulatum var. velutinum"	http://eflora.nt.gov.au/factsheet?genus=Pterocaulon&species=serrulatum&infrasprank=var.&infraspname=velutinum
12044	"Pterocaulon sphacelatum"	http://eflora.nt.gov.au/factsheet?genus=Pterocaulon&species=sphacelatum
12033	"Pterocaulon tricholobum"	http://eflora.nt.gov.au/factsheet?genus=Pterocaulon&species=tricholobum
12045	"Pterocaulon verbascifolium"	http://eflora.nt.gov.au/factsheet?genus=Pterocaulon&species=verbascifolium
12042	"Pterocaulon xenicum"	http://eflora.nt.gov.au/factsheet?genus=Pterocaulon&species=xenicum
12515	Rhynchosia	
41956	"Rhynchosia australis"	http://eflora.nt.gov.au/factsheet?genus=Rhynchosia&species=australis
47956	"Rhynchosia filiformis"	http://eflora.nt.gov.au/factsheet?genus=Rhynchosia&species=filiformis
41955	"Rhynchosia minima"	http://eflora.nt.gov.au/factsheet?genus=Rhynchosia&species=minima
5944	Rhynchospora	
47958	"Rhynchospora  sp A (Kimb.Fl.)"	
47962	"Rhynchospora  sp. Koongarra"	
47960	"Rhynchospora  sp. Wessel"	
22768	"Rhynchospora brownii"	http://eflora.nt.gov.au/factsheet?genus=Rhynchospora&species=brownii
32262	"Rhynchospora corymbosa"	http://eflora.nt.gov.au/factsheet?genus=Rhynchospora&species=corymbosa
32266	"Rhynchospora exserta"	http://eflora.nt.gov.au/factsheet?genus=Rhynchospora&species=exserta
32261	"Rhynchospora gracillima"	http://eflora.nt.gov.au/factsheet?genus=Rhynchospora&species=gracillima
32267	"Rhynchospora heterochaeta"	http://eflora.nt.gov.au/factsheet?genus=Rhynchospora&species=heterochaeta
32268	"Rhynchospora leae"	http://eflora.nt.gov.au/factsheet?genus=Rhynchospora&species=leae
32269	"Rhynchospora longisetis"	http://eflora.nt.gov.au/factsheet?genus=Rhynchospora&species=longisetis
32270	"Rhynchospora pterochaeta"	http://eflora.nt.gov.au/factsheet?genus=Rhynchospora&species=pterochaeta
32263	"Rhynchospora rubra"	http://eflora.nt.gov.au/factsheet?genus=Rhynchospora&species=rubra
47959	"Rhynchospora sp."	
47957	"Rhynchospora sp. Arnhem"	"http://eflora.nt.gov.au/factsheet?genus=Rhynchospora&species=sp. Arnhem"
32265	"Rhynchospora submarginata"	http://eflora.nt.gov.au/factsheet?genus=Rhynchospora&species=submarginata
47961	"Rhynchospora subtenuifolla"	
32272	"Rhynchospora wightiana"	http://eflora.nt.gov.au/factsheet?genus=Rhynchospora&species=wightiana
9444	Sonneratia	
9447	"Sonneratia alba"	http://eflora.nt.gov.au/factsheet?genus=Sonneratia&species=alba
9446	"Sonneratia lanceolata"	http://eflora.nt.gov.au/factsheet?genus=Sonneratia&species=lanceolata
12524	Sophora	
17594	"Sophora longipes"	http://eflora.nt.gov.au/factsheet?genus=Sophora&species=longipes
17595	"Sophora tomentosa"	http://eflora.nt.gov.au/factsheet?genus=Sophora&species=tomentosa
42196	Spermacoce	
47387	"Spermacoce aequabilis"	http://eflora.nt.gov.au/factsheet?genus=Spermacoce&species=aequabilis
47343	"Spermacoce argillacea"	http://eflora.nt.gov.au/factsheet?genus=Spermacoce&species=argillacea
47362	"Spermacoce articularis"	http://eflora.nt.gov.au/factsheet?genus=Spermacoce&species=articularis
47364	"Spermacoce aurantiseta"	http://eflora.nt.gov.au/factsheet?genus=Spermacoce&species=aurantiseta
47373	"Spermacoce auriculata"	http://eflora.nt.gov.au/factsheet?genus=Spermacoce&species=auriculata
47345	"Spermacoce brachystema"	http://eflora.nt.gov.au/factsheet?genus=Spermacoce&species=brachystema
47389	"Spermacoce brevicilia"	http://eflora.nt.gov.au/factsheet?genus=Spermacoce&species=brevicilia
47349	"Spermacoce brevidens"	http://eflora.nt.gov.au/factsheet?genus=Spermacoce&species=brevidens
47390	"Spermacoce breviflora"	http://eflora.nt.gov.au/factsheet?genus=Spermacoce&species=breviflora
47391	"Spermacoce calliantha"	http://eflora.nt.gov.au/factsheet?genus=Spermacoce&species=calliantha
47350	"Spermacoce cardiophora"	http://eflora.nt.gov.au/factsheet?genus=Spermacoce&species=cardiophora
47351	"Spermacoce caudata"	http://eflora.nt.gov.au/factsheet?genus=Spermacoce&species=caudata
47339	"Spermacoce congestanthera"	http://eflora.nt.gov.au/factsheet?genus=Spermacoce&species=congestanthera
47392	"Spermacoce constricta"	http://eflora.nt.gov.au/factsheet?genus=Spermacoce&species=constricta
47382	"Spermacoce discreta"	http://eflora.nt.gov.au/factsheet?genus=Spermacoce&species=discreta
47356	"Spermacoce diversistyla"	http://eflora.nt.gov.au/factsheet?genus=Spermacoce&species=diversistyla
47346	"Spermacoce dolichosperma"	http://eflora.nt.gov.au/factsheet?genus=Spermacoce&species=dolichosperma
47359	"Spermacoce elaiosoma"	http://eflora.nt.gov.au/factsheet?genus=Spermacoce&species=elaiosoma
47348	"Spermacoce erectiloba"	http://eflora.nt.gov.au/factsheet?genus=Spermacoce&species=erectiloba
47375	"Spermacoce erosa"	http://eflora.nt.gov.au/factsheet?genus=Spermacoce&species=erosa
47372	"Spermacoce erythrosepala"	http://eflora.nt.gov.au/factsheet?genus=Spermacoce&species=erythrosepala
47383	"Spermacoce fabiformis"	http://eflora.nt.gov.au/factsheet?genus=Spermacoce&species=fabiformis
47353	"Spermacoce gibba"	http://eflora.nt.gov.au/factsheet?genus=Spermacoce&species=gibba
47358	"Spermacoce gilliesiae"	http://eflora.nt.gov.au/factsheet?genus=Spermacoce&species=gilliesiae
47338	"Spermacoce graniticola"	http://eflora.nt.gov.au/factsheet?genus=Spermacoce&species=graniticola
47367	"Spermacoce hillii"	http://eflora.nt.gov.au/factsheet?genus=Spermacoce&species=hillii
47352	"Spermacoce inaperta"	http://eflora.nt.gov.au/factsheet?genus=Spermacoce&species=inaperta
47378	"Spermacoce juncta"	http://eflora.nt.gov.au/factsheet?genus=Spermacoce&species=juncta
47365	"Spermacoce laevigata"	http://eflora.nt.gov.au/factsheet?genus=Spermacoce&species=laevigata
47368	"Spermacoce lamprosperma"	http://eflora.nt.gov.au/factsheet?genus=Spermacoce&species=lamprosperma
47360	"Spermacoce latifolia"	http://eflora.nt.gov.au/factsheet?genus=Spermacoce&species=latifolia
47377	"Spermacoce latimarginata"	http://eflora.nt.gov.au/factsheet?genus=Spermacoce&species=latimarginata
47342	"Spermacoce leptoloba"	http://eflora.nt.gov.au/factsheet?genus=Spermacoce&species=leptoloba
47386	"Spermacoce lignosa"	http://eflora.nt.gov.au/factsheet?genus=Spermacoce&species=lignosa
47363	"Spermacoce membranacea"	http://eflora.nt.gov.au/factsheet?genus=Spermacoce&species=membranacea
47371	"Spermacoce occidentalis"	http://eflora.nt.gov.au/factsheet?genus=Spermacoce&species=occidentalis
47381	"Spermacoce occultiseta"	http://eflora.nt.gov.au/factsheet?genus=Spermacoce&species=occultiseta
47336	"Spermacoce omissa"	http://eflora.nt.gov.au/factsheet?genus=Spermacoce&species=omissa
47355	"Spermacoce pessima"	http://eflora.nt.gov.au/factsheet?genus=Spermacoce&species=pessima
47384	"Spermacoce phaeosperma"	http://eflora.nt.gov.au/factsheet?genus=Spermacoce&species=phaeosperma
47357	"Spermacoce phalloides"	http://eflora.nt.gov.au/factsheet?genus=Spermacoce&species=phalloides
47341	"Spermacoce platyloba"	http://eflora.nt.gov.au/factsheet?genus=Spermacoce&species=platyloba
47340	"Spermacoce pogostoma"	http://eflora.nt.gov.au/factsheet?genus=Spermacoce&species=pogostoma
47385	"Spermacoce protrusa"	http://eflora.nt.gov.au/factsheet?genus=Spermacoce&species=protrusa
47376	"Spermacoce redacta"	http://eflora.nt.gov.au/factsheet?genus=Spermacoce&species=redacta
47354	"Spermacoce remota"	http://eflora.nt.gov.au/factsheet?genus=Spermacoce&species=remota
47366	"Spermacoce resinosula"	http://eflora.nt.gov.au/factsheet?genus=Spermacoce&species=resinosula
47344	"Spermacoce reticulata"	http://eflora.nt.gov.au/factsheet?genus=Spermacoce&species=reticulata
47388	"Spermacoce retitesta"	http://eflora.nt.gov.au/factsheet?genus=Spermacoce&species=retitesta
47347	"Spermacoce rupicola"	http://eflora.nt.gov.au/factsheet?genus=Spermacoce&species=rupicola
47370	"Spermacoce scabrisina"	http://eflora.nt.gov.au/factsheet?genus=Spermacoce&species=scabrisina
47361	"Spermacoce stenophylla"	http://eflora.nt.gov.au/factsheet?genus=Spermacoce&species=stenophylla
47380	"Spermacoce stigmatosa"	http://eflora.nt.gov.au/factsheet?genus=Spermacoce&species=stigmatosa
47374	"Spermacoce suprahila"	http://eflora.nt.gov.au/factsheet?genus=Spermacoce&species=suprahila
47369	"Spermacoce tectanthera"	http://eflora.nt.gov.au/factsheet?genus=Spermacoce&species=tectanthera
47379	"Spermacoce trichosiphonia"	http://eflora.nt.gov.au/factsheet?genus=Spermacoce&species=trichosiphonia
47337	"Spermacoce verticillata"	http://eflora.nt.gov.au/factsheet?genus=Spermacoce&species=verticillata
2899	Sphaeranthus	
24524	"Sphaeranthus africanus"	http://eflora.nt.gov.au/factsheet?genus=Sphaeranthus&species=africanus
24525	"Sphaeranthus indicus"	http://eflora.nt.gov.au/factsheet?genus=Sphaeranthus&species=indicus
506	Stenocarpus	
9027	"Stenocarpus acacioides"	http://eflora.nt.gov.au/factsheet?genus=Stenocarpus&species=acacioides
9026	"Stenocarpus cunninghamii"	http://eflora.nt.gov.au/factsheet?genus=Stenocarpus&species=cunninghamii
9030	"Stenocarpus verticis"	http://eflora.nt.gov.au/factsheet?genus=Stenocarpus&species=verticis
6172	Sterculia	
38999	"Sterculia holtzei"	http://eflora.nt.gov.au/factsheet?genus=Sterculia&species=holtzei
37253	"Sterculia quadrifida"	http://eflora.nt.gov.au/factsheet?genus=Sterculia&species=quadrifida
12521	Stylosanthes	
47484	"Stylosanthes  guianensis"	
47483	"Stylosanthes  hamata"	
47482	"Stylosanthes  humilis"	
47485	"Stylosanthes  scabra"	
47486	"Stylosanthes  viscosa"	
4870	Thespesia	
38996	"Thespesia populneoides"	http://eflora.nt.gov.au/factsheet?genus=Thespesia&species=populneoides
38997	"Thespesia thespesioides"	http://eflora.nt.gov.au/factsheet?genus=Thespesia&species=thespesioides
5800	Trachymene	
24159	"Trachymene bivestita var. bivestita"	http://eflora.nt.gov.au/factsheet?genus=Trachymene&species=bivestita&infrasprank=var.&infraspname=bivestita
12859	"Trachymene dendrothrix"	
12858	"Trachymene didiscoides"	http://eflora.nt.gov.au/factsheet?genus=Trachymene&species=didiscoides
12869	"Trachymene dusenii"	http://eflora.nt.gov.au/factsheet?genus=Trachymene&species=dusenii
12878	"Trachymene glandulosa"	http://eflora.nt.gov.au/factsheet?genus=Trachymene&species=glandulosa
12849	"Trachymene longipedunculata"	http://eflora.nt.gov.au/factsheet?genus=Trachymene&species=longipedunculata
12871	"Trachymene microcephala"	http://eflora.nt.gov.au/factsheet?genus=Trachymene&species=microcephala
47271	"Trachymene oleracea ssp. sedimenta"	
12848	"Trachymene psammophila"	http://eflora.nt.gov.au/factsheet?genus=Trachymene&species=psammophila
12870	"Trachymene rotundifolia"	http://eflora.nt.gov.au/factsheet?genus=Trachymene&species=rotundifolia
12845	"Trachymene tenuifolia"	http://eflora.nt.gov.au/factsheet?genus=Trachymene&species=tenuifolia
12846	"Trachymene umbratica"	http://eflora.nt.gov.au/factsheet?genus=Trachymene&species=umbratica
12876	"Trachymene villosa"	http://eflora.nt.gov.au/factsheet?genus=Trachymene&species=villosa
9486	Typha	
9488	"Typha domingensis"	http://eflora.nt.gov.au/factsheet?genus=Typha&species=domingensis
9489	"Typha orientalis"	http://eflora.nt.gov.au/factsheet?genus=Typha&species=orientalis
2096	Uraria	
28150	"Uraria lagopodioides"	http://eflora.nt.gov.au/factsheet?genus=Uraria&species=lagopodioides
48575	"Uraria sp. Litchfield"	"http://eflora.nt.gov.au/factsheet?genus=Uraria&species=sp. Litchfield"
4865	Urena	
14771	"Urena armitiana var. spenceri"	http://eflora.nt.gov.au/factsheet?genus=Urena&species=armitiana&infrasprank=var.&infraspname=spenceri
14770	"Urena australiensis"	http://eflora.nt.gov.au/factsheet?genus=Urena&species=australiensis
14769	"Urena lobata"	http://eflora.nt.gov.au/factsheet?genus=Urena&species=lobata
218	Uvaria	
47313	"Uvaria glabra"	http://eflora.nt.gov.au/factsheet?genus=Uvaria&species=glabra
7836	"Uvaria holtzei"	http://eflora.nt.gov.au/factsheet?genus=Uvaria&species=holtzei
47312	"Uvaria rupestre"	
5331	Vallisneria	
11241	"Vallisneria annua"	http://eflora.nt.gov.au/factsheet?genus=Vallisneria&species=annua
11244	"Vallisneria nana"	http://eflora.nt.gov.au/factsheet?genus=Vallisneria&species=nana
11238	"Vallisneria rubra"	http://eflora.nt.gov.au/factsheet?genus=Vallisneria&species=rubra
11239	"Vallisneria triptera"	http://eflora.nt.gov.au/factsheet?genus=Vallisneria&species=triptera
6185	Waltheria	
37403	"Waltheria indica"	http://eflora.nt.gov.au/factsheet?genus=Waltheria&species=indica
37404	"Waltheria virgata"	http://eflora.nt.gov.au/factsheet?genus=Waltheria&species=virgata
5573	Xanthostemon	
43717	"Xanthostemon eucalyptoides"	http://eflora.nt.gov.au/factsheet?genus=Xanthostemon&species=eucalyptoides
43712	"Xanthostemon paradoxus"	http://eflora.nt.gov.au/factsheet?genus=Xanthostemon&species=paradoxus
43715	"Xanthostemon psidioides"	http://eflora.nt.gov.au/factsheet?genus=Xanthostemon&species=psidioides
43714	"Xanthostemon umbrosus"	http://eflora.nt.gov.au/factsheet?genus=Xanthostemon&species=umbrosus
