from	statement	to
1	"Stylar hook on pod >4 mm long"	2
1	"Stylar hook on pod absent or <2 mm long"	3
2	"Stipules bristly; stems lacking a longitudinal band of curved hairs"	"Stylosanthes  humilis"
2	"Stipules glabrous or almost so; stems with a longitudinal band of curved hairs"	"Stylosanthes  hamata"
3	"Terminal segment of leaf rachis <1 mm long, leaves appearing digitate; leaflets to 40 mm long"	"Stylosanthes  guianensis"
3	"Terminal segment of leaf rachis >1 mm long; leaflets to 17 mm long"	4
4	"Stylar hook 1.5-2 mm long; pod with long hairs"	"Stylosanthes  scabra"
4	"Stylar hook <1 mm long; pod with short papillose hairs; plant viscid"	"Stylosanthes  viscosa"
