from	statement	to
1	"Flowers bisexual; spathe 1 (rarely 2)-flowered; stamens 3; seeds with obtuse tubercles or more or less acute spines, with terminal filiform projections present or absent"	2
1	"Flowers unisexual (female flowers sometimes with staminodes or stamens); female spathe 1-flowered, male spathe 1-10-flowered (these visible through spathe with transmitted light); stamens 9; seeds with more or less blunt spines, with terminal filiform projections absent"	"Blyxa octandra"
2	"Seeds almost smooth, ribbed or with broad, short, obtuse tubercles, with filiform tails absent"	"Blyxa aubertii"
2	"Seeds with acute spines; base and apex of each seed with a filiform tail 1-5 mm long"	"Blyxa echinosperma"
