from	statement	to
1	"Perennial; erect or scandent shrubs"	2
1	"Annual or biennial, herbaceous"	3
2	"Erect shrub; leaves glandular, vernicose; of arid habitats"	"Blumea pungens"
2	"Scandent shrub; leave eglandular or almost so; rainforest species"	"Blumea riparia"
3	"Capitula in dense panicles"	4
3	"Capitula scattered"	7
4	"Florets purple or pink"	5
4	"Florets yellow"	6
5	"Leaves and stems velutinous or sericeous; involucres villous; glands obscured by indumentum"	"Blumea axillaris"
5	"Leaves, stems and involucral bracts pilose, densely glandular"	"Blumea benthamiana"
6	"Involucres villous; disc corolla lobes with eglandular hairs"	"Blumea lacera"
6	"Involucres glabrescent or pilose; disc corolla lobes without eglandular hairs"	"Blumea saxatilis"
7	"Florets purple or pink"	"Blumea benthamiana"
7	"Florets yellow"	8
8	"Disc corolla lobes eglandular; disc florets functionally male"	9
8	"Disc corolla lobes glandular; disc florets bisexual"	10
9	"Disc corollas yellow in dried specimens; involucres with glandular and eglandular hairs"	"Blumea integrifolia"
9	"Disc corollas colourless in dried specimens; involucres glandular, without eglandular hairs"	"Blumea psammophila"
10	"Cauline leaves mainly entire; peduncles to 150 mm long"	"Blumea diffusa"
10	"Cauline leaves mainly serrate or dentate; peduncles to 80 mm long"	"Blumea tenella"
