from	statement	to
1	"Stipules persistent"	"Ficus racemosa"
1	"Stipules caducous"	2
2	"Internodes hollow in cross section"	3
2	"Internodes solid in cross section"	5
3	"Lower leaf surface glabrous"	"Ficus adenosperma"
3	"Lower leaf surface hispid ..."	4
4	"Flat gland absent at junction of stem and petiole"	"Ficus congesta"
4	"Flat gland present at junction of stem and petiole"	"Ficus hispida"
5	"Leaves deeply lobed (cultivated)"	"Ficus carica"
5	"Leaves not deeply lobed"	6
6	"Upper or lower leaf lamina scabrid, hispid, or with aculeate hairs"	7
6	"Upper or lower leaf lamina glabrous or variously hairy, but not scabrid, hispid or aculeate"	11
7	"Intercostals deeply sunken to form areola"	"Ficus aculeata"
7	"Intercostals not deeply sunken"	8
8	"Leaves obovate"	"Ficus scobina"
8	"Leaves elliptic, ovate"	9
9	"Leaf base asymmetric"	"Ficus tinctoria"
9	"Leaf base symmetric or almost so"	10
10	"Lateral veins 11–18 pairs"	"Ficus carpentariensis"
10	"Lateral veins 20–46 pairs"	"Ficus coronulata"
11	"Basal bracts of syconium persistent; banyan with aerial roots from large branches"	12
11	"Basal bracts caducous; lithophytes or free standing trees, aerial roots from large branches absent"	13
12	"Lateral veins 15–20 pairs; basal bracts 2"	"Ficus benjamina"
12	"Lateral veins 6–16 pairs; basal bracts 3"	"Ficus virens"
13	"Ostiolar bracts imbricate"	"Ficus henneana"
13	"Ostiolar bracts valvate"	14
14	"Intercostals deeply sunken to form areola"	15
14	"Intercostals not deeply sunken"	16
15	"Basal bracts 2–8 mm long, peduncles slender 1–2 mm diam"	"Ficus cerasicarpa"
15	"Basal bracts 6–29 mm long, peduncles thick 2–5 mm in"	"Ficus platypoda"
16	"Plants prostrate woody shrubs, often clinging to vertical rock faces; ferruginous hairs absent"	"Ficus lilliputiana"
16	"Plants erect shrubs or trees; glabrous or with hyaline and ferruginous hairs"	17
17	"Leaf lamina mealy (under high magnification), grey green; syconia yellow at maturity"	"Ficus subpuberula"
17	"Leaf lamina glabrous or with weak ferruginous hairs, ascending hyaline hairs may be present; syconia red to reddish brown at maturity"	18
18	"Plants glabrous in all parts"	"Ficus atricha"
18	"Plants variously pubescent (if appearing glabrous check developing leaves by removing a stipule)"	"Ficus brachypoda"
