from	statement	to
1	"Prostrate herb; leaves usually ovate, sometimes narrow, margin dentate or entire"	"Clerodendrum tatei"
1	"Erect shrubs, vines or trees"	2
2	"Scandent shrub or vine; petioles <20 mm L; near mangroves"	"Clerodendrum inerme"
2	"Erect shrubs or trees; petioles >20 mm; woodland or monsoon forest"	3
3	"Leaves tomentose below, at least along veins"	4
3	"Leaves glabrous on both surfaces venation on leaf undersurface not raised"	"Clerodendrum floribundum"
4	"Leaves glabrous above"	5
4	"Leaves tomentose above"	"Clerodendrum tomentosum"
5	"Calyx sparsely puberulous; corolla rube 60-80 (100) mm long"	"Clerodendrum longiflorum"
5	"Calyx pubescent; corolla tube 50-60 (70) mm long"	"Clerodendrum costatum"
