from	statement	to
1	"Plants scapeless, in cushions or foliose mats usually less than 10 cm diam.; inflorescences contracted, fls often obscured among leaves"	2
1	"Plants erect, prostrate or pendent, with stem and inflorescence not contracted to form cushions or discrete mats"	3
2	"Leaves 3-7 mm long, 0.9-2.5 mm wide; capsule c. 1.5 mm long"	"Mitrasacme phascoides"
2	"Leaves 5-20 mm long, 2-16 mm wide; capsule 2-2.5 mm long"	"Mitrasacme epigaea"
3	"Calyx lobes strongly thickened, conduplicately folded and with lines of digitiform squamae (see Fig. 41 I-K; Fl. of Aust. 28)"	"Mitrasacme ambigua"
3	"Calyx lobes acute or pungent, also smooth or the ribs thickened or with pustular squamae, without lines of digitiform squamae"	4
4	"Horns of capsule connate along their length, flattened in plane at 90 degrees to septum (see Fig. 41G, M. galbina in Fl. of Aust. 28)"	5
4	"Horns of capsule connate only at their apices, (see Fig. 37A-B, M. pilosa in Fl. of Aust. 28) or horns absent"	9
5	"Calyx hispid; fruiting style 4-7 mm long"	"Mitrasacme floribunda"
5	"Calyx glabrous or if hairy then not hispid; fruiting style indistinguishable from horns"	6
6	"Corolla tube 5 mm or more long"	7
6	"Corolla tube 3-5 mm long"	8
7	"Capsule, excluding horns, 2.5-3.5 mm long, stems often twining, swampy areas, flowers yellow"	"Mitrasacme subvolubilis"
7	"Capsule, excluding horns, c. 2 mm long; Keep River area"	"Mitrasacme galbina"
8	"Calyx lobes 2-3 mm long; capsule c. 2.5 mm long"	"Mitrasacme laricifolia"
8	"Calyx lobes 1-2 mm long; capsule c. 2 mm long"	"Mitrasacme laevis"
9	"Stem foliose throughout"	10
9	"Stem not foliose throughout, either scapose (leaves in a basal rosette) or scapiform (leaves cauline, fertile part naked or bracteate)"	17
10	"Aquatic; capsule without horns"	"Mitrasacme secedens"
10	"Terrestrial; capsule with horns"	11
11	"Flowers solitary (or predominantly so) in axils or terminal; umbellate clusters not present"	12
11	"Flowers mostly in umbellate clusters; solitary flowers often also present"	14
12	"Stem 4-angled or narrowly 4-winged; seed coat brown-reticulate"	"Mitrasacme prolifera"
12	"Stem not 4-angled or 4-winged; seed coat not brown-reticulate"	13
13	"Calyx 4-angled; capsule squamulose-papillose; upper part of horns often joined by a membrane"	"Mitrasacme nummularia"
13	"Calyx not 4-angled; capsule smooth; horns without a membrane"	"Mitrasacme inornata"
14	"Corolla tube (5)7-9 mm long [Capsule obovoid; fruiting style 4-6 mm long]"	"Mitrasacme gentianea"
14	"Corolla tube 2-5 mm long"	15
15	"Calyx squamulose; capsule c. 2 mm long [Calyx 4-angled; corolla tube 2-3 mm long]; lvs short"	"Mitrasacme nummularia"
15	"Calyx pilose, hirsute or woolly; capsule 3-4 mm long"	16
16	"Capsule obovoid; fruiting style c. 3 mm long"	"Mitrasacme multicaulis"
16	"Capsule ovoid to ellipsoidal; fruiting style 1.5-2 mm long"	"Mitrasacme patens"
17	"Stem scapose (leaves rosette-like)"	18
17	"Stem scapiform (leaves on a short stock) or leaves absent (rarely M. exserta)"	27
18	"Capsule more than 3.5 mm long"	19
18	"Capsule less than 3.5 mm long"	20
19	"Capsule 4-5 mm long; fruiting style 7-10 mm long"	"Mitrasacme nudicaulis"
19	"Capsule 5-7 mm long; fruiting style 10-14 mm long"	"Mitrasacme elata"
20	"Calyx with 3 thickened nerves to each lobe, often pustulate-squamulose between"	"Mitrasacme exserta"
20	"Calyx smooth"	21
21	"Capsule less than 1.6 mm long; leaves 7-25 mm long, glabrous; anthers oblong, apiculate; Mt Brockman, known type only"	"Mitrasacme troglodytica"
21	"Capsule c. 2 mm or more long"	22
22	"Upper surface of leaves sparsely to densely covered with cupular scales"	23
22	"Upper surface of leaves glabrous or with simple hairs only"	24
23	"Plants to 3 cm high; calyx densely cupular-squamulose"	"Mitrasacme squamigera"
23	"Plants to 12 cm high; calyx glabrous"	"Mitrasacme nidulifera"
24	"Fruiting style more than 5.5 mm long"	"Mitrasacme exserta"
24	"Fruiting style less than 5.5 mm long"	25
25	"Stamen filaments partly adnate to corolla; anthers horseshoe-shaped"	"Mitrasacme retroloba"
25	"Stamen filaments free above point of insertion; anthers oblong or ovate"	26
26	"Leaves hispidulous, non-glaucous, green in dried specimens [Capsule subglaucous; fruiting style 0.5-1 mm long]"	"Mitrasacme scrithicola"
26	"Leaves glabrous, subglaucous, dark-coloured in dried specimens"	"Mitrasacme glaucescens"
27	Perennial	28
27	Annual	30
28	"Plant leafless"	"Mitrasacme latiflora"
28	"Plant leafy"	29
29	"Calyx with 3 thickened nerves to each lobe"	"Mitrasacme aggregata"
29	"Calyx smooth, without thickened nerves"	"Mitrasacme geniculosa"
30	"Calyx with 3 thickened nerves to each lobe"	"Mitrasacme aggregata"
30	"Calyx lacking thickened nerves"	31
31	"Plant leafless"	"Mitrasacme latiflora"
31	"Plant leafy"	32
32	"Calyx hirsute with long, white hairs"	"Mitrasacme brachystemonea"
32	"Calyx glabrous, hispid, squamulose or papillose, lacking long, white hairs"	33
33	"Anthers apiculate (often minutely so)"	34
33	"Anthers lacking apiculum"	37
34	"Corolla tube more than 5 mm long"	35
34	"Corolla tube less than 5 mm long"	36
35	"Capsule 2-3 mm long; fruiting style less than 6 mm long; corolla yellow"	"Mitrasacme lutea"
35	"Capsule c. 5 mm long; fruiting style 6-8 mm long; corolla white"	"Mitrasacme connata"
36	"Leaves not glaucous, green in dried specimens; fruiting style 0.5 mm or more long [Calyx lobes c. 1/3 L of capsule; capsule subglaucous; fruiting style 0.5-1 mm long]"	"Mitrasacme scrithicola"
36	"Leaves subglaucous, dark-coloured in dried specimens; fruiting style 0.2-0.4 mm long"	"Mitrasacme glaucescens"
37	"Corolla tube 3 mm or more long [Capsule globular to ellipsoidal, 2.5-4.5 mm long]"	"Mitrasacme stellata"
37	"Corolla tube to 3 mm long [Calyx lobes = L of capsule; capsule ovoid, squamulose in upper half]"	"Mitrasacme micrantha"
