from	statement	to
1	"Upper stems white, indumentum very dense, hairs completely obscuring stem at ×40 magnification"	2
1	"Upper stems not white, indumentum very sparse to dense, stem surface visible at ×40 magnification"	4
2	"Leaf and stem indumentum appressed, retrorse, hairs 0.05–0.2 mm long"	3
2	"Leaf and stem indumentum woolly, hairs without fixed direction, 0.4–1.2 mm long"	"Anisomeles salviifolia"
3	"External calyx hairs moderately dense to dense, spreading, 0.3–0.8 mm long; style 12–13 mm long; leaves often narrow (3–6.6 times longer than wide)"	"Anisomeles brevipilosa"
3	"External calyx hairs very dense, appressed, 0.15–0.25 mm long; style 9.5–10.5 mm long; leaves often broader (2.8–3.5 times longer than wide)"	"Anisomeles farinacea"
4	"Erect glandular hairs (0.1–0.3 mm long) frequent to abundant on upper stems and inflorescence rachis"	5
4	"Erect glandular hairs absent from upper stems and rachises, although sessile glands usually present"	6
5	"Patent hispid hairs absent from upper stems; cymes twice dichasial at base; cauline leaves 120–150 mm long; bracteoles 6.4–11 mm long"	"Anisomeles bundeyensis"
5	"Patent hispid hairs present (often frequent) on upper stems; cymes monochasial or once dichasial at base; cauline leaves 51–110 mm long; bracteoles 2.5–7.5 mm long"	"Anisomeles viscidula"
6	"Fruiting calyx fringe-hairs < 0.4 mm long"	7
6	"Fruiting calyx fringe-hairs > 0.4 mm long, at least at the sinus end"	8
7	"Floral bracts consistently longer than verticils; fruiting calyx 8.7–11 mm long"	"Anisomeles grandibractea"
7	"Floral bracts not consistently longer than verticils; fruiting calyx 7–8.9 mm long"	"Anisomeles carpentarica"
8	"Longest hairs on the upper leaf surface 0.25–0.4 mm long"	"Anisomeles xerophila"
8	"Longest hairs on the upper leaf surface 0.1–0.25 mm long"	9
9	"Leaves and stems green, indumentum sparse to moderately dense; corolla platform glabrous"	"Anisomeles inodora"
9	"Leaves and stems grey or grey-green, indumentum moderately dense to dense; corolla platform with at least some hairs"	10
10	"Marginal lobes of cauline leaves 4–16 pairs, lobes serrate; fruiting calyx fringe hairs 0.15–0.3 mm long at apical end"	"Anisomeles brevipilosa"
10	"Marginal lobes of cauline leaves 15–37 pairs, lobes crenate; fruiting calyx fringe hairs 0.7–1.4 mm long at apical end"	"Anisomeles leucotricha"
