from	statement	to
1	"Inflorescences all or mainly axillary clusters, rarely also forming a very small leafless terminal spike or panicle"	2
1	"Inflorescences mainly terminal, leafless, elongated spikes or panicles, although smaller spikes or axillary clusters may also be present"	7
2	"Fruit a circumcissile capsule"	"Amaranthus undulatus"
2	"Fruit an indehiscent utricle"	3
3	"Fruit smooth to rugose, with prominent (rarely weak), longitudinal, straight ribs or inflated undulate ribs"	4
3	"Fruit rugulose to rugose, without prominent, longitudinal, straight ribs or inflated undulate ribs"	6
4	"Midnerve of tepals at the fruiting stage broad, 0.3--1 mm wide for some or all of length"	5
4	"Midnerve of tepals at the fruiting stage narrow, c. 0.1 mm wide for entire length"	"Amaranthus interruptus"
5	"Fruit 1.2--1.5 mm long, obovoid to globose; ribs inflated and undulate"	"Amaranthus mitchellii"
5	"Fruit 1.5--3 mm long, ellipsoid; ribs slightly raised, straight"	"Amaranthus induratus"
6	"Tepals at the fruiting stage1.2--1.6 mm long (rarely to 2.3 mm long), spathulate; fruit usually equal to or longer than tepals"	"Amaranthus cochleitepalus"
6	"Tepals at the fruiting stage1.5--3 mm long, narrowly obovate-spathulate or narrowly obovate; fruit equal to or shorter than tepals"	"Amaranthus interruptus"
7	"Leaf axils with paired spines 5--10 mm long"	"Amaranthus spinosus"
7	"Leaf axils without spines"	8
8	"Fruit an indehiscent utricle"	9
8	"Fruit a circumscissile capsule"	11
9	"Tepals 5 in female flowers, or if 4, then bracts and bracteoles 1 mm long or longer"	10
9	"Tepals 3 (rarely 2) in female flowers, or if 4, then bracts and bracteoles less than 1 mm long (Young stems sparsely hairy; leaves usually obtuse or shallowly emarginate; fruit rugose all over)"	"Amaranthus viridis"
10	"Fruit ellipsoid, smooth to rugose, longitudinally ribbed; tepals becoming hardened in fruit, with midnerve broad, 0.5--1 mm wide; leaves linear to narrowly oblong or narrowly ovate"	"Amaranthus induratus"
10	"Fruit globose or obovoid, rugulose to rugose, not or weakly ribbed; tepals remaining membranous in fruit, with midnerve narrow, 0.1--0.3 mm wide leaves ovate to trullate; stems sparsely hairy"	"Amaranthus interruptus"
11	"Bract and bracteoles shorter than or equal to tepals at the fruiting stage"	12
11	"Bract and bracteoles longer than tepals at the fruiting stage"	"Amaranthus hybridus"
12	"Tepals of male and female flowers 3"	13
12	"Tepals of male and female flowers 4 or 5"	15
13	"Bracts and bracteoles <2 mm long, acute and mucronate; fruit globose"	"Amaranthus rhombeus"
13	"Bracts and bracteoles 2--3.5 mm long, acuminate and aristate; fruit broadly ovoid or ellipsoid"	14
14	"Tepals at the fruiting stage1.5--2.5 mm long, ovate-oblong to oblong-spathulate, acute, mucronate"	"Amaranthus dubius"
14	"Tepals at the fruiting stage 2.5--4 mm long, narrowly ovate to narrowly elliptic, acuminate, aristate)"	"Amaranthus tricolor"
15	"Lamina of mature leaves 5--45 mm long, 4--30 mm wide; tepals at the fruiting stage narrowly obovate to spathulate, often recurved"	"Amaranthus undulatus"
15	"Lamina of mature leaves 30--120 mm long, 20--80 mm wide; tepals at the fruiting stage ovate-oblong or oblong-spathulate, erect."	"Amaranthus dubius"
