from	statement	to
1	"Flowers in dense heads subtended by bracts"	"Flemingia trifoliata"
1	"Flowers in panicles or racemes"	2
2	"Flowers in open panicles"	3
2	"Flowers in racemes"	4
3	"Stems prostrate or semi-erect; leaflets 0.9-1.8 times as long as wide"	"Flemingia trifoliastrum"
3	"Stems erect; leaflets 2-5(7.2) times as long as wide"	"Flemingia lineata"
4	"Racemes dense, many-flowered; vesicular glands black"	5
4	"Racemes 1-3-flowered; vesicular glands yellow"	"Flemingia pauciflora"
5	"Calyx 9-15 mm long; leaf rachis 9-40 mm long; corolla red or purple"	"Flemingia sp. sericea"
5	"Calyx 5-11 mm long; leaf rachis (25)50-100 mm long; corolla white or green"	"Flemingia parviflora"
