from	statement	to
1	"Alae petaloid, mostly white or cream (rarely pink) (slender spreading, ascending or erect glabrous herb, usually less than 60 cm high; flowers borne on long terminal inflorescences; aril appendage 3-lobed and short, confined to apex of seed; outer sepals 3-6.4 mm long; style distinctly hooked; fruit narrowly winged); northern NT"	"Polygala longifolia"
1	"Alae herbaceous to leaf like, more or less green, rarely tinged dark maroon/purple"	2
2	"Corolla yellow; staminal filaments 3+2+3 (triadelphous); (stem glabrous; seed 3-4 mm long, oblong); northern NT"	"Polygala wightiana"
2	"Corolla blue, mauve, perhaps pink or white in colour; staminal filaments 8 (monadelphous)"	3
3	"Capsules prominently winged, wing between 0.5 mm and 4 mm wide (sometimes only winged at apex on some capsules)"	4
3	"Capsules not prominently winged, if present, wing < 0.5 mm wide"	8
4	"Alae narrowly elliptic and falcate; capsule asymmetric; WA - Kimberley"	"Polygala praecox"
4	"Alae very widely ovate to orbicular, not falcate; capsule more or less symmetric"	5
5	"Floral appendages entire; capsule wing usually widest at apex of capsule lobes; northern NT  [=P. sp. entire]"	"Polygala integra"
5	"Floral appendages fimbriate; capsule wing usually more or less same width throughout"	6
6	"Testa of seed with thickened adjacent to aril (see Kerrigan Fig. 6 f); northern NT [=P. sp. thickened testa]"	"Polygala crassitesta"
6	"Testa of seed not thickened adjacent to aril"	7
7	"Alae much broader than capsule (incl. wing), almost twice the width; northern NT [=P. sp. Tipperary]"	"Polygala validiflora"
7	"Alae ± equal to, only slightly wider (incl. wing) or narrower than capsule; alae about same width as capsule (excl. wing); capsule wings usually well exserted past alae; northern NT"	"Polygala pterocarpa"
8	"Style shortly hooked (see Kerrigan Fig.3 f & g) or curved (see Kerrigan Fig.3 b); accumulation of pollen above stigma can obscure view in dried material"	9
8	"Style distinctly hooked at apex (see Kerrigan Fig.3 c); pollen accumulation in bend of hook"	17
9	"Floral appendages horned (see Kerrigan Fig. 2 h); style cleft (see Kerrigan Fig. 3 d); northern NT"	"Polygala eriocephala"
9	"Floral appendages not horned; style not cleft"	10
10	"Style truncated into broad flattened apex, shortly hooked (see Kerrigan Fig. 3 b ); WA-Kimberley"	11
10	"Style not truncated into broad flattened apex, straight or curved but not hooked"	12
11	"Apex of capsule lobes obtuse (like P.linearis)"	"Polygala canaliculata"
11	"Apex of capsule lobes acute"	"Polygala rhynchocarpa"
12	"Style dorso-ventrally flattened when fresh, without groove above stigma (see Kerrigan Fig. 3 f & g); seed usually oblong; northern NT (var. congesta has imbricate flowers)"	"Polygala succulenta"
12	"Style more or less terete or laterally flattened when fresh, if dorsoventrally flattened then with groove above stigma; seed usually ovoid"	13
13	"Each floral appendage fimbriate or 2 to 4-lobed (see Kerrigan Fig. 2 b)"	14
13	"Each floral appendage entire, coralline or crenate"	15
14	"Floral appendages fimbriate (apparently 4 lobes per appendage), leaves 4-33 mm long; northern NT"	"Polygala exsquarrosa"
14	"Floral appendages variously divided, not fimbriate (< 4 lobes per appendage), leaves 6-55 mm long; northern NT (var. angustifolia has lvs 1.5-7 mm wide, fls not imbricate)"	"Polygala petraphila"
15	"Floral appendages coralline; northern NT  [=P. sp. Edith Falls]"	"Polygala clavistyla"
15	"Floral appendages not coralline"	16
16	"Alae narrowly ovate; inflorescence clustered and capsules more or less erect, tinged pink on margins; floral appendages with crenate margins; stigma globular and situated just below tip of style; style with hispid ascending hairs below stigma; northern NT"	"Polygala parviloba"
16	"Alae broadly ovate; inflorescence loose and capsules more or less perpendicular to rachis; floral appendages entire (rarely notched); style glabrous and terminated by stigma; northern NT"	"Polygala integra"
17	"Seed with two hair types, fine whitish hairs at base and hollow clear hairs below aril (see Kerrigan Fig. 6 a)"	18
17	"Seed with one hair type, fine whitish or ferruginous hairs throughout or glabrous (hairs can be of different lengths) (see Kerrigan Fig 6 b-g)"	20
18	"Floral appendage coralline; leaves elliptic to obovate (like P. barbata); northern NT [=P. sp. Top End]"	"Polygala coralliformis"
18	"Floral appendage fimbriate; leaves ovate to lanceolate or linear"	19
19	"Leaves of two distinct shapes, ovate and lanceolate; plant with erect and decumbent branches; northern NT"	"Polygala bifoliata"
19	"Leaves uniform, lanceolate; plant erect, lateral branches spreading and ascending in the form of a candelabra, poorly drained sites; northern NT"	"Polygala linearis"
20	"Aril reduced to acute point (see Kerrigan Fig. 5 g-h); if approaching helmet (see Kerrigan Fig. 5h); plant tufted, foliage more or less glaucous and leaf apex emarginate"	21
20	"Aril helmet shaped, hooked or rounded (see Kerrigan Fig. 5. a-f); if approaching acute (see Kerrigan Fig. 5f); plant erect, foliage green and leaf apex obtuse"	24
21	"Floral appendage spathulate to coralline; northern NT [=P. sp. bent]"	"Polygala geniculata"
21	"Floral appendage regularly divided"	22
22	"Indumentum of curved hairs and soft straight hairs; leaf apex emarginate, leaves obovate to oblanceolate, glaucous; plant decumbent; southern NT  [=P. sp. prostrate]"	"Polygala glaucifolia"
22	"Indumentum of curved hairs only; leaf apex acute, leaves usually linear to oblanceolate, rarely obovate; plant erect often with lateral branches"	23
23	"Inflorescence short, axillary, rarely to 20 mm long; fruit pendulous; semi-arid NT [=P. sp. Davenport Ra]"	"Polygala dependens"
23	"Inflorescence longer, axillary to supra-axillary, to 40 mm long; fruit not pendulous (looks like P. exsquarrosa); NT"	"Polygala barklyensis"
24	"Stem and leaf indumentum usually of curved hairs only"	25
24	"Stem and leaf indumentum usually of curved and straight hairs"	30
25	"Leaves mostly orbicular or depressed orbicular, alae often dark purple/maroon otherwise green; northern NT"	"Polygala orbicularis"
25	"Leaves mostly linear to obovate, alae usually green"	26
26	"Lateral pocket on keel well developed (see Kerrigan Fig. 4 c); northern NT, WA [=P. sp. Bradshaw]"	"Polygala saccopetala"
26	"Lateral pocket on keel absent or poorly developed"	27
27	"Most leaves obovate and seed ovoid; northern NT"	"Polygala obversa"
27	"Most leaves other than obovate and if so seed ovoid-oblong"	28
28	"Plants up to 65 cm tall, capsule apex usually acute and ascending, rarely obtuse; leaves linear; semi arid NT, WA"	"Polygala tepperi"
28	"Plants never 65 cm tall, capsule apex obtuse, ascending, perpendicular to rachis or pendulous; leaves various, linear to orbicular"	29
29	"Leaves linear, usually 0.5-2.5 mm wide, seed 4-5 mm long, including long hairs extending past base to c. 1mm long (see Kerrigan Fig. 6 e); northern NT"	"Polygala stenoclada"
29	"Leaves linear to obovate, 1-14 mm wide; seed < 4.2 mm long, oblong-ovoid (Inflorescence not sparse, not exserted past leaves, to 125 mm; alae in mature fruit up to 8 mm long; aril head strongly helmet shaped; alae 4.9-8 mm long); northern NT [=P. sp. Gregory]"	"Polygala galeocephala"
30	"Alae much broader than capsule, almost twice the width; northern NT  [=P. sp. Tipperary]"	"Polygala validiflora"
30	"Alae more or less equal to or narrower than capsule"	31
31	"Most leaves obovate, oblanceolate, orbicular, very widely ovate or very widely elliptic"	32
31	"Most leaves linear, lanceolate, elliptic, oblong, ovate or if oblanceolate then < 10 mm wide"	34
32	"Aril helmet-shaped; floral appendages fimbriate; WA-Kimberley"	"Polygala kimberleyensis"
32	"Aril not helmet-shaped, rounded or hooked; floral appendages spathulate; northern NT"	33
33	"Seed ovoid-oblong; leaves mostly obovate to oblanceolate; staminal column fused to lateral petal to create a flap (see Kerrigan Fig. 4 a); northern NT [=P. sp. Timber Ck]"	"Polygala dimorphotricha"
33	"Seed ovoid; leaves mostly obovate to very widely obovate to orbicular; staminal column fused to lateral petal but not creating a flap (see Kerrigan Fig. 4 b); northern NT [=P. sp. Mudginberri]"	"Polygala barbata"
34	"Keel petal with a few long hairs on back of keel; semi arid  NT [=P. sp. Tennant Ck]"	"Polygala difficilis"
34	"Keel petal glabrous (leaves mostly oblanceolate to obovate; seed with short hairs extending 1/4 to 2/3 seed length from the aril zone); semi arid NT"	"Polygala isingii"
