from	statement	to
1	"Leaves linear, less than 8 mm wide"	"Helicteres sphaerotheca"
1	"Leaves lanceolate, ovate, elliptic, orbicular or obovate, more than 8 mm wide"	2
2	"Androgynophore 8 mm or more long; all petals lacking an area of matted hairs at base of limb"	3
2	"Androgynophore 7 mm or less long; lower 3 (abaxial) petals with a distinct area of matted hairs at base of limb"	5
3	"Leaf margins entire, rarely toothed in upper half; blades grey or grey-green"	"Helicteres cana"
3	"Leaf margins toothed throughout; blades green"	4
4	"Calyx more than 15 mm long; carpels twisted spirally; inflorescence cymose"	"Helicteres isora"
4	"Calyx less than 15 mm long; carpels straight; inflorescence racemose"	"Helicteres hirsuta"
5	"Upper surface of leaves more or less glabrous or simple hairs present, with or without stellate hairs"	6
5	"Upper surface of leaves stellate-hairy, sometimes sparsely, simple hairs absent"	8
6	"Leaf margins entire; erect shrub; leaves hoary below"	"Helicteres angustifolia"
6	"Leaf margins serrate; plant prostrate, stems long and trailing in mature plants; leaves more or less green below"	7
7	"Petals 10--16 mm long; inflorescence 30--140 mm long; extrafloral nectaries present"	"Helicteres flagellaris"
7	"Petals 6--9.5 mm long; inflorescence to 40 mm long; extrafloral nectaries absent"	"Helicteres procumbens"
8	"Plants prostrate, stems long and trailing in mature plant"	9
8	"Plants ascending to erect"	10
9	"Inflorescence elongate, interrupted, usually more than 30 mm long"	"Helicteres serpens"
9	"Inflorescence contracted, often congested, usually less than 30 mm long"	"Helicteres darwinensis"
10	"Leaf indumentum coarse, hairs mostly more than 1.3 mm diam.; petals 11 mm or more long; stipules more than 6 mm long"	"Helicteres macrothrix"
10	"Leaf indumentum fine to medium, hairs mostly less than 1.3 mm diam.; petals mostly less than 10 mm long; stipules less than 6 mm long (rarely longer in H. tenuipila)"	11
11	"Leaves with sparse hairs on both surfaces, green below"	"Helicteres tenuipila"
11	"Leaf lower or both surfaces densely hairy with the surface obscured and often white or grey below"	12
12	"Leaf hairs of two size classes; calyx with bristles and stellate hairs; few-stemmed perennial shrubs to 2 m tall"	"Helicteres kombolgiana"
12	"Leaf hairs of one size class; calyx with stellate hairs only, bristles absent; many-stemmed subshrubs to 0.5 m tall resprouting each year from a woody rootstock"	"Helicteres integrifolia"
