from	statement	to
1	"Inflorescence consisting of 1, 2 or 3 flowers"	2
1	"Inflorescence a few- to many-flowered scorpioid cyme"	3
2	"Inflorescence a solitary flower with scapes always exceeding the length of the leaves and up to 31 cm long; seeds suborbicular, 0.8–1.5 mm long, red-brown to black, more or less smooth"	"Calandrinia uniflora"
2	"Inflorescence with 1, 2 or 3 flowers on scapes equal to or just exceeding the length of the leaves and up to 3 cm long; seeds obovoid, less than 0.5 mm long, brown, finely reticulate"	"Calandrinia sp. Berry Springs"
3	"Seed smooth; petals 12"	"Calandrinia strophiolata"
3	"Seed sculptured, sometimes minutely or faintly; petals 6–8"	4
4	"Seeds 1.2–2.5 mm long, caruncle obvious"	5
4	"Seeds to 1.2 mm long, caruncle absent or minute"	7
5	"Seeds very faintly reticulate, 1–4 per capsule"	"Calandrinia sp. oblong"
5	"Seed colliculate, 6–many per capsule"	6
6	"Basal rosette well developed; caruncle of seed flattened and closely appressed"	"Calandrinia arenicola"
6	"Basal rosette absent; caruncle of seed large, u-shaped, surface convoluted"	"Calandrinia sp. Yinberrie Hills"
7	"Basal rosette well developed, leaves spathulate to linear, 2–5.5 mm wide; plants glabrous or with papillae present on leaves, scapes and sepals"	"Calandrinia quadrivalvis"
7	"Basal rosette poorly developed, leaves linear, to 2 mm wide; plants always glabrous"	8
8	"Longest fruiting pedicel 16–55 mm long; seeds 0.4–1.2 mm long"	"Calandrinia gracilis"
8	"Longest fruiting pedicel to 14 mm long; seeds 0.4–0.6 mm long"	"Calandrinia spergularina"
