from	statement	to
1	"Sepals & petals of male flowers fused into a tube in lower half; female flowers in a solitary globular head, w. long attenuate bracts"	2
1	"Sepals & petals of male & female flowers free to base, at least at their margins; female flowers in a series of heads on an extended rachis"	3
2	"Tussocks coarse; lvs 1-3.5 mm W; mostly W Top End"	"Lomandra tropica subsp. tropica"
2	"Tussocks fine; lvs 0.3-1.3 mm W; mostly Arnhem Land"	"Lomandra tropica subsp. arnhemensis"
3	"Male flowers grouped in a cluster or whorls of several to many; female flowers arramged similarly or in a single terminal cluster"	"Lomandra multiflora subsp. multiflora"
3	"Male flowers separate or 2-3 together; female flowers arramged similarly or in a single terminal cluster"	"Lomandra filiformis subsp. filiformis"
