from	statement	to
1	"Apex of major leaf-lobes rounded, rarely obtusely angled or emarginate, blades mostly less than 1/3 divided; outer stamenal filaments yellow"	2
1	"Apex of major leaf-lobes acute to aristate, blades 1/3 or more divided; at least outer stamenal filaments red"	3
2	"Leaves and young branchlets glabrous; floral bracts 1.5-3.5 mm long"	"Cochlospermum fraseri subsp. fraseri"
2	"Leaves pubescent at least on margins; young branchlets pubescent; floral bracts 4.5-8 mm long"	"Cochlospermum fraseri subsp. heteronemum"
3	"Leaf blades divided to base or lobes connate for less than 5 mm"	"Cochlospermum gregorii"
3	"Leaf blades divided for 1/3-3/4 of their length"	4
4	"Leaf blades divided for 1/3-1/2 of their length, lobes deltate, length to width ratio 0.9-1.5:1"	"Cochlospermum arafuricum"
4	"Leaf blades divided for 2/3 of their length or more, lobes lanceolate, length to width ratio (1.6) 2-3.4 (3.9):1"	"Cochlospermum gillivraei"
