from	statement	to
1	"Leaves, branchlets and fruit more or less glabrous; perianth green, white or cream sometimes with darker streaks on inner surface"	2
1	"Leaves, branchlets and fruit stellate-hairy; perianth orange-red or red"	4
2	"Leaves entire or shallowly lobed; monsoonal tropics"	"Brachychiton diversifolius"
2	"Leaves deeply lobed; central Australia and southern Gulf region"	3
3	"Leaves 5--7-lobed, lobes to c. 1/2 blade length; follicles many-seeded; southern Gulf region"	"Brachychiton collinus"
3	"Leaves 3-lobed, lobes extending almost to base; follicles 1--5-seeded, rarely more; central Australia"	"Brachychiton gregorii"
4	"Lower surface of leaf hoary, softly hairy; either branchlets and leaves, or inflorescence axis and flowers viscid with glandular hairs; follicles often laterally connate at base"	5
4	"Lower surface of leaf green or pale green, stellate-pilose to stellate-hispid; neither branchlets and leaves, nor inflorescence axis and flowers viscid with glandular hairs; follicles always free to base"	6
5	"Branchlets and leaves, inside of flowers and follicles viscid with glandular hairs; outside of flowers not viscid; Victoria River region"	"Brachychiton spectabilis"
5	"Bracts, inflorescence axes and outside of flowers viscid with glandular hairs; branchlets, leaves, inside of flowers and follicles not viscid; Keep River to Port Keats"	"Brachychiton fitzgeraldianus"
6	"Fruit smooth to slightly roughened; stipules 11 mm or less long; leaf lower surface velutinous to scaberulent, hairs to 1.5 mm diam."	7
6	"Fruit tuberculate; stipules 9--50 mm long; leaf lower surface hispid, hairs 0.6--2 mm diam."	9
7	"Leaf lower surface scaberulent, green, the stellate hairs 1 mm diam. apart to touching"	"Brachychiton megaphyllus"
7	"Leaf lower surface hirtellous, or pubescent to velutinous, usually pale or hoary, the stellate hairs with overlapping branches"	8
8	"Adult leaf blades mostly 14--27 cm long; follicles densely hairy, muriculate, 4--15-seeded; flowers pink, green at base"	"Brachychiton chrysocarpus"
8	"Adult leaf blades mostly 8--15 cm long; follicles glabrate, slightly rugose, 29--36-seeded; flowers orange-red"	"Brachychiton paradoxus"
9	"Leaf blades 22--53 cm long; petioles 22--50 cm long; stipules 20--50 mm long"	"Brachychiton sp. Wangi"
9	"Leaf blades 10--22 cm long; petioles 9--20 cm long; stipules 9--25 mm long"	10
10	"Floral bracts 6--14 mm long, the broadest ones 3--12 mm wide; leaf blades scarcely lobed; Keep River--Bullo River area"	"Brachychiton tuberculatus"
10	"Floral bracts 4--9 mm long, all less than 2 mm wide; leaf blades often distinctly lobed; southern Victoria River region and northern Tanami"	"Brachychiton multicaulis"
