from	statement	to
1	"Leaflets with 1 main vein"	2
1	"Leaflets with 2 or more main veins"	3
2	"Standard 9 mm long or less; pods <6 mm wide; annual shrub with glandular hairs"	"Aeschynomene indica"
2	"Standard 10 mm long or more; pods 7-10mm mm wide, not verrucose over seed"	"Aeschynomene aspera"
3	"Pods equally lobed on both margins; lvs with c. 65 pairs of leaflets"	"Aeschynomene paniculata"
3	"Pods more strongly constricted along the lower margin; leaflet pairs less than 30"	4
4	"Pods glabrous, tuberculate, breaking into 1-seeded articles; lvs with 26-29 pairs of leaflets"	"Aeschynomene americana"
4	"Pods hairy, smooth, articles breaking up to release the seeds leaving the margin of the pod entire on the plant; lvs with 12-20 pairs of leaflets"	"Aeschynomene villosa"
