from	statement	to
1	"Anthers all yellow and of about equal size, without appendages; stigma with large, more or less rigid papillae (sect. Limnostachys)"	2
1	"Anthers dissimilar, 5 yellow, the other blue and manifestly larger and with a lateral appendage; stigma with numerous whitish, fine hairs (sect. Monochoria)"	3
2	"Leaf subtending inflorescence with the cylindrical part of the petiole usually less than one-fifth as long as the sheath; anthers in a single flower with an average length of more than 3 mm"	"Monochoria australasica"
2	"Leaf subtending inflorescence with the cylindrical part of the petiole mostly two-fifths to 5 times as long as the sheath; anthers in a single flower with an average length of less than 3 mm"	"Monochoria cyanea"
3	"Leaf lamina sagittate; inflorescence a subumbelliform raceme with c. 30-60 flowers"	"Monochoria hastata"
3	"Leaf lamina widely ovate to lanceolate, basally obtuse or cordate; inflorescence a raceme with 1-20 flowers"	"Monochoria vaginalis"
