from	statement	to
1	"Anthers shorter than their filaments"	2
1	"Anthers as long, or longer, than their filaments"	3
2	"Corolla dark purple, petals 4.5-7.8 mm long; seeds with conspicuous longitudinal channels, transverse walls absent or barely formed"	"Byblis aquatica"
2	"Corolla mauve (at least above), petals 7-10 mm long; seeds with a somewhat honeycomb appearance"	"Byblis liniflora"
3	"Sepals glabrous or only bearing stalked glandular hairs"	"Byblis filifolia"
3	"Sepals bearing sessile glands and stalked glandular hairs"	"Byblis rorida"
