from	statement	to
1	"Upper midrib raised on most leaf lamina, if depressed extending for less than the bottom third of the lamina; bark yellow"	"Calophyllum soulattri"
1	"Upper midrib depressed on the bottom third of the leaf lamina; bark black (if yellow only at first, then becoming rusty brown, grey or black)"	2
2	"Fruit at least 3 cm in diam.; most leaves with the lamina less than 2.5 times longer than wide; bark grey-brown to black"	"Calophyllum inophyllum"
2	"Fruit no more than 2 cm in diam.; most leaves with the lamina more than 2.5 times longer than wide; bark yellow, becoming black"	"Calophyllum sil"
