from	statement	to
1	"Plants with peltate scales; leaf undersurfaces silvery shiny; sepals c. 5 mm long"	"Croton schultzii"
1	"Plants glabrous, stellate hairy or with stellate scales; sepals <3 mm long"	2
2	"Leaves 2.2-4.5 times as long as wide, almost glabrous, base cuneate; new growth with ferruginous, pelatate scales"	"Croton dockrillii"
2	"Leaves usually <2.2 times as long as wide, often densely tomentose, base rounded, truncate or cordate"	3
3	"Leaf 5-7-nerved at base, margins often crenulate to irregularly serrulate; young shoots often rusty or yellow tomentose"	"Croton arnhemicus"
3	"Leaf 3-5-nerved at base, margins finely crenulate; young shoots hoary or green"	4
4	"Undersurface of expanded leaves and inflorescence tomentose; on rocky sites"	"Croton tomentellus"
4	"Undersurface of expanded leaves and inflorescence sparsely stellate hairy"	"Croton habrophyllus"
