from	statement	to
1	"Leaves along an elongated stem"	"Eriocaulon setaceum"
1	"Leaves in a basal rosette"	2
2	"Ovary 2-locular"	3
2	"Ovary 3-locular"	8
3	"Female sepals lacking dorsal keel or wing, rarely with slightly developed keel"	"Eriocaulon spectabile"
3	"Female sepals with broad dorsal wing"	4
4	"Involucral bracts thin, flexible, becoming reflexed at maturity"	5
4	"Involucral bracts thickened, rigid, not reflexed at maturity"	7
5	"Female flowers dimorphic, with lower flowers bearing calyx, with upper flowers lacking calyx"	6
5	"Female flowers monomorphic"	"Eriocaulon concretum"
6	"Involucral bracts glabrous; floral bracts acuminate to acute"	"Eriocaulon carpentariae"
6	"Involucral bracts pubescent; floral bracts obtuse"	"Eriocaulon fistulosum"
7	"Floral bracts pubescent; female flowers monomorphic"	"Eriocaulon willdenovianum"
7	"Floral bracts glabrous; female flowers dimorphic with upper flowers lacking calyx"	"Eriocaulon depressum"
8	"Receptacle glabrous to sparsely hairy"	9
8	"Receptacle densely pilose"	15
9	"Anthers yellow"	10
9	"Anthers black"	12
10	"Involucral bracts pubescent, acute"	"Eriocaulon scullionii"
10	"Involucral bracts glabrous, obtuse"	11
11	"Floral bracts acuminate to acute; female sepal hairs hyaline; female petals absent (10:)"	"Eriocaulon cinereum"
11	"Floral bracts obtuse; female sepal hairs white; female petals mostly present"	"Eriocaulon patericola"
12	"Female sepals 2; male sepals 2"	"Eriocaulon pusillum"
12	"Female sepals 3; male sepals 3"	13
13	"Female petals aristate, swollen, persistent with seed"	"Eriocaulon tricornum"
13	"Female petals lacking aristate tip, not swollen, not persistent with seed"	14
14	"Involucral bracts obovate; female sepals acute"	"Eriocaulon lividum"
14	"Involucral bracts ovate to elliptic; female sepals obtuse to truncate"	"Eriocaulon schultzii"
15	"Female sepals lacking dorsal keel or wing, or rarely slightly keeled"	16
15	"Female sepals with broad dorsal wing"	20
16	"Involucral bracts pubescent"	"Eriocaulon tortuosum"
16	"Involucral bracts glabrous"	17
17	"Male sepals free to fused at base"	18
17	"Male sepals fused but split on one side to form a spathe"	19
18	"Female sepals linear, flattened"	"Eriocaulon pusillum"
18	"Female sepals elliptic, naviculate, geniculate"	"Eriocaulon pygmaeum"
19	"Leaves filiform, less than 1.5 mm wide"	"Eriocaulon nematophyllum"
19	"Leaves linear to lanceolate, greater than 1.5 mm wide"	"Eriocaulon odontospermum"
20	"Involucral bracts pubescent, thickened, rigid, not reflexed at maturity"	"Eriocaulon australe"
20	"Involucral bracts glabrous, thin, flexible, becoming reflexed at maturity"	21
21	"Floral bracts, male sepals and female petals pubescent"	"Eriocaulon inapertum"
21	"Floral bracts, male sepals and female petals glabrous"	"Eriocaulon zollingerianum"
