from	statement	to
1	"Leaves 1.5 times longer than wide or less"	2
1	"Leaves more than 1.5 times longer than wide"	4
2	"Sepals 9 mm or less long; leaves discolorous but not white below; fruit densely hairy; Victoria River region only"	"Grewia orbifolia"
2	"Sepals 10 mm or more long; leaves often white below; fruit with scattered hairs; Top End"	3
3	"Petals yellow, 4.5–9 mm long, geniculate; fruit globular"	"Grewia asiatica"
3	"Petals white, 1.5–3 mm long, not geniculate; fruit almost divided into two parts, each part of two globular lobes; some stems often prostrate"	"Grewia mesomischa"
4	"Margins coarsely serrate, longer teeth 1–2.5 mm long; some stems often prostrate"	"Grewia mesomischa"
4	"Margins finely serrate, longer teeth less than 1 mm long"	5
5	"Leaves white below; multi stemmed shrub"	"Grewia retusifolia"
5	"Leaves discolorous but not white below; small tree, vine or scandent shrub"	6
6	"Small tree; fruit with scattered hairs; flowers yellow; sepals 3–5 mm long"	"Grewia breviflora"
6	"Vine or scandent shrub; fruit densely hairy; flowers white; sepals 14–22 mm long"	"Grewia oxyphylla"
