from	statement	to
1	"Female flowers in fascicles, sometimes coaxillary with several males; fruit red"	2
1	"Female flowers solitary; fruit red to pale yellow or purplish"	3
2	"Seeds verrucose; near-coastal"	"Cucumis althaeoides"
2	"Seeds smooth; inland"	"Cucumis argenteus"
3	"Seeds pitted or verrucose; fruit red"	4
3	"Seeds smooth; fruit green, purplish or yellow"	5
4	"Fruit 1-3-seeded; fruiting pedicel > 5 cm L; male inflorescence umbellate; sandstone"	"Cucumis umbellatus"
4	"Fruit 6-25-seeded; fruiting pedicel < 1 cm L; male inflorescence fasciculate"	"Cucumis althaeoides"
5	"Leaves unlobed or shallowly 3 or 5 lobed, lobes < 1/3 of lamina width; fruit with short antrorse hairs; fruit yellowish"	"Cucumis melo"
5	"Leaves 5- lobed to near the base, , lobes > 1/3 of lamina width; fruit sparsely pilose with spreading hairs; fruit often purplish"	"Cucumis picrocarpus"
