from	statement	to
1	"Inflorescence of 1 or more dense head-like racemes, 2.5-10 cm tall"	2
1	"Inflorescence paniculate or corymbose, dense or open, 20-190 cm tall"	3
2	"Inflorescence of 1 or more dense, cylindrical, head-like racemes; sepals and petals dark red or purplish black; lowest pedicels to 1 mm"	"Haemodorum brevicaule"
2	"Inflorescence 1 or 2 loose heads; sepals white; petals mauve, much finer than above; lowest pedicels to 3 mm; clay flats"	"Haemodorum sp. Wildman River"
3	"Leaves to 5 mm wide, often subterete; inflorescence a simple or branched raceme or a panicle with ultimate branches racemose; plants slender"	4
3	"Leaves > 5 mm wide, flat; inflorescence a panicle, corymb or compound corymb; plants robust"	8
4	"Inflorescence a spreading panicle, branches dividing 2-3 times; flowers yellow; usually on stoney hills"	"Haemodorum parviflorum"
4	"Inflorescence a simple or 2-3-branched raceme, branches not dividing; flowers yellow to red"	5
5	"Flowers yellow; raceme branches 2-3"	6
5	"Flowers red to orange; racemes simple or 2-branched"	7
6	"Bracts attached at base of flower; stoney hills, Western Arnhem Land"	"Haemodorum flaviflorum"
6	"Bracts attached at base of pedicle; flowers & fruit smaller; Cobourg Peninsula only"	"Haemodorum sp. Cobourg Peninsula"
7	"Drainage flats or poorly drained sites"	"Haemodorum leptostachyum"
7	"Flowers larger; excessively drained sandy soils, S of Pine Creek (differences between this and previous species uncertain)"	"Haemodorum sp. red"
8	"Inflorescence corymbose, often compound, the flowers concentrated terminally"	9
8	"Inflorescence paniculate, the flowers loosely racemose and distributed extensively along major branches; well drained sites  & soils"	"Haemodorum ensifolium"
9	"Leaves glaucous, flowers red or orange-red; Eucalypt woodlands"	"Haemodorum coccineum"
9	"Leaves green, flowers yellow; drainage flats and creek margins; Victoria River region"	"Haemodorum subvirens"
