from	statement	to
1	"Small leafless sub-shrub with erect, upswept stems"	2
1	"Leafy plants"	3
2	"Flowers mostly terminal; outer stems very slender; SW of Darwin (Finniss - Dundee)"	"Hibbertia goyderi"
2	"Flowers mostly axillary; outer stems more robust; Marrawal plateau"	"Hibbertia sp. Marrawal"
3	"Plants with only stellate hairs or scales on the leaves stems or inflorescences"	4
3	"Plants with only simple hairs on the leaves stems or inflorescences"	72
4	"Branches and leaf under-surfaces only with stellate hairs"	5
4	"Branches and/or leaf under-surfaces with (at least some) scales"	53
5	"Leaf axils with tufts of brown hair (particularly below inflorescence or flowers)"	6
5	"Leaf axils without tufts of brown hair"	7
6	"Leaves linear to linear-oblanceolate; peduncle some what filiform basally (H. sp. Magela scabrid)"	"Hibbertia guttata"
6	"Leaves elliptic-lanceolate to oblong; peduncle stout"	"Hibbertia echiifolia subsp. rotata"
7	"Leaf under-surface (of mature leaves) with stellate hairs less dense than on the upper-surface"	8
7	"Leaf under-surface with stellate hairs as dense or denser than on the upper-surface"	9
8	"Leaves 3-5 times longer than wide; hairs rough (H. sp. Nitmiluk)"	"Hibbertia cactiifolia"
8	"Leaves 1-2.5 times longer than wide (H. sp. Short leaf)"	"Hibbertia orbicularis"
9	"Stellate hairs on back of petiole erect-spreading (with long rays)"	10
9	"Stellate hairs on back of petiole mostly depressed (rarely with short spreading rays)"	32
10	"Leaves mostly < 5.5 mm wide"	11
10	"Leaves mostly > 6 mm wide"	21
11	"Leaves linear, more than 3 times longer than wide"	12
11	"Leaves not linear, up to 2. 5 times longer than wide"	15
12	"Single or few-stemmed plants without woody rootstock"	"Hibbertia tomentosa"
12	"Multi-stemmed plants with woody rootstock"	13
13	"Leaves > 2.3 mm wide (H. sp. Mt Finnis)"	"Hibbertia brevipedunculata"
13	"Leaves <= 2.3 mm wide"	14
14	"Rays of stellate hairs well developed on branches and leaves (H. sp. Cox Peninsula)"	"Hibbertia angulata"
14	"Rays of stellate hairs vestigial on branches and leaves"	"Hibbertia ligulata"
15	"Peduncle long, filiform"	16
15	"Peduncle short, stout"	17
16	"Under-surface of leaves with lateral vein visible, upper-surface with stellate hairs in two size classes"	"Hibbertia tricornis"
16	"Under-surface of leaves without visible lateral veins, stellate hairs on upper-surface of one size class"	"Hibbertia oligocarpa"
17	"Lateral veins visible, 2-5; flowers axillary (H. sp. Softly hairy)"	"Hibbertia alopecota"
17	"Lateral veins not or incompletely visible; flowers terminal, becoming leaf-opposed (H. oblongata complex)"	18
18	"Leaf upper-surface with short-rayed, appressed hairs"	"Hibbertia oblongata subsp. oblongata"
18	"Leaf upper-surface with medium-rayed, spreading to erect hairs"	19
19	"Leaves <= 5.2 mm long"	"Hibbertia oblongata subsp. brevifolia"
19	"Leaves mostly > 25 mm long"	20
20	"Most petioles > 0.5 mm, anthers <= 26"	"Hibbertia oblongata subsp. megalanthera"
20	"Petiole absent or < 0.5 mm, anthers approx. 30"	"Hibbertia oblongata subsp. macrophylla"
21	"Multi-stemmed plants with woody rootstock (H. sp. Mt Finnis)"	"Hibbertia brevipedunculata"
21	"Single or few-stemmed plants without woody rootstock"	22
22	"Plants with decumbent to prostrate branches"	23
22	"Plants with erect, spreading branches"	27
23	"Mature leaves with toothed to shallow-lobed margins"	24
23	"Mature leaf margins not toothed or lobed"	25
24	"Longest ray of stellate hairs on leaf upper-surface often twice as long as others; peduncle filiform (H. sp. Mann River)"	"Hibbertia tridentata"
24	"Longest ray of stellate hairs on leaf upper-surface only slightly longer than other rays; peduncle short and stout (H. sp. softly hairy)"	"Hibbertia alopecota"
25	"Peduncle short and stout (H. sp. softly hairy)"	"Hibbertia alopecota"
25	"Peduncle long and filiform"	26
26	"Leaves broadly elliptic to almost circular, mostly >12mm wide (H. sp. globular)"	"Hibbertia circularis"
26	"Leaves elliptic, mostly < 12 mm wide (H. sp. Mann River)"	"Hibbertia tricornis"
27	"Mature leaves with entire margins (H. oblongata complex)"	28
27	"Mature leaves with toothed, lobed or sinuate margins"	31
28	"Leaf upper-surface with short-rayed, appressed hairs"	"Hibbertia oblongata subsp. oblongata"
28	"Leaf upper-surface with medium-rayed, spreading to erect hairs"	29
29	"Leaves <= 5.2 mm long"	"Hibbertia oblongata subsp. brevifolia"
29	"Leaves mostly > 25 mm long"	30
30	"Most petioles > 0.5 mm, anthers <= 26"	"Hibbertia oblongata subsp. megalanthera"
30	"Petiole absent or < 0.5 mm, anthers approx. 30"	"Hibbertia oblongata subsp. macrophylla"
31	"Mature leaves toothed distally, peduncle short and stout (H. sp. softly hairy)"	"Hibbertia alopecota"
31	"Mature leaves with sinuate or broad, rounded-lobed margins (H. sp. crenate)"	"Hibbertia solaniifolia"
32	"Multi-stemmed plants with woody rootstock"	33
32	"Single or few-stemmed plants without woody rootstock"	41
33	"Leaf margins mostly flat or barely, irregularly recurved"	34
33	"Leaf margins distinctly recurved to revolute"	36
34	"Leaf blade often somewhat conduplicate, margins +/- recurved; flowers terminal or on obvious lateral short shoots (H. sp. Mt Finnis)"	"Hibbertia brevipedunculata"
34	"Leaf blade mostly flat, margins more or less flat; flowers axillary"	35
35	"Leaves not toothed, buds ovate-ellipsoidal; buds not nodding; bracts linear; stamens unequal"	"Hibbertia cistifolia"
35	"Leaves frequently few-toothed or lobed in the distal half; buds globular, often nodding; bracts ovate; stamens subequal (H. sp. Darwin)"	"Hibbertia caudice"
36	"Leaf under-surface with medium length erect spreading hairs"	"Hibbertia incompta"
36	"Leaf under-surface with very short spreading hairs"	37
37	"Leaves > 2 mm wide"	38
37	"Most leaves <= 2 mm wide"	39
38	"Leaves mostly flat, under-surface usually with some raised lateral and intramarginal veins"	"Hibbertia cistifolia"
38	"Leaves often somewhat conduplicate,undersurface without raised lateral and intramarginal veins (H. sp. Mt Finnis)"	"Hibbertia brevipedunculata"
39	"Leaf upper-surface not scabrid, rays of stellate hairs well developed (H. sp. Cox Peninsula)"	"Hibbertia angulata"
39	"Leaf upper-surface either scabrid or rays of stellate hairs vestigial, or appressed"	40
40	"Leaf upper-surface with the larger hairs along the midvein and margin appressed (scabrid)"	"Hibbertia scabra"
40	"Leaf upper-surface with the larger hairs along the midvein and margins erect spreading (Munmalary area)"	"Hibbertia ligulata"
41	"Leaf margins distinctly recurved to revolute"	42
41	"Leaf margins mostly flat to indistinctly recurved or incurved"	48
42	"Stellate hairs on leaf under-surface dense and coarse with spreading rays (H. oblongata complex)"	43
42	"Stellate hairs on leaf under-surface either sparse and/or dense with very fine short rays"	46
43	"Leaf upper-surface with short-rayed, appressed hairs"	"Hibbertia oblongata subsp. oblongata"
43	"Leaf upper-surface with medium-rayed, spreading to erect hairs"	44
44	"Leaves <= 5.2 mm long"	"Hibbertia oblongata subsp. brevifolia"
44	"Leaves mostly > 25 mm long"	45
45	"Most petioles > 0.5 mm, anthers <= 26"	"Hibbertia oblongata subsp. megalanthera"
45	"Petiole absent or < 0.5 mm, anthers approx. 30"	"Hibbertia oblongata subsp. macrophylla"
46	"Leaf upper-surface sparsely hairy, mostly with short-rayed non-overlapping hairs; pedicels filiform  (H. sp. Fine pedicels)"	"Hibbertia pilulis"
46	"Leaf upper-surface densely hairy with long rayed, overlapping hairs; pedicels not filiform"	47
47	"Plant much branched, spreading, to 0.4 m tall"	"Hibbertia extrorsa"
47	"Plant little branched, erect spreading to pendulous, to 1 m tall (H. sp. Northern outliers)"	"Hibbertia malleolacea"
48	"Leaf margins flat or slightly, irregularly recurved, lateral veins on leaf under-surface at least partially visible (raised) (H. oblongata complex)"	49
48	"Leaf margins incurved, lateral veins on leaf undersurface not visible (not raised) (H. sp. stellate above)"	52
49	"Leaf upper-surface with short-rayed, appressed hairs"	"Hibbertia oblongata subsp. oblongata"
49	"Leaf upper-surface with medium-rayed, spreading to erect hairs"	50
50	"Leaves <= 5.2 mm long"	"Hibbertia oblongata subsp. brevifolia"
50	"Leaves mostly > 25 mm long"	51
51	"Most petioles > 0.5 mm, anthers <= 26"	"Hibbertia oblongata subsp. megalanthera"
51	"Petiole absent or < 0.5 mm, anthers approx. 30"	"Hibbertia oblongata subsp. macrophylla"
52	"Shrub with more or less erect branches, upper leaf surface with numerous smaller hairs under larger ones"	"Hibbertia auriculiflora subsp. auriculiflora"
52	"Subshrub with low spreading branches, upper leaf surface with few small hairs under larger ones"	"Hibbertia auriculiflora subsp. minor"
53	"Scales on back of petiole and leaf apex predominantly large and clearly overtopping the margins"	54
53	"Scales on back of petiole and leaf apex predominantly small and not overtopping the margins"	61
54	"Leaf upper-surface with stellate hairs"	55
54	"Leaf upper-surface with scales"	56
55	"Leaves mostly > 20 mm long (H. sp. Woolaning)"	"Hibbertia ciliolata"
55	"Leaves mostly < 20 mm long (H. sp. Stellate above)"	"Hibbertia brennanii"
56	"Leaves linear, somewhat conduplicate or furrowed, under-surface with entire scales"	57
56	"Leaves elliptic to ovate or obovate, under-surface mostly with ciliate-peltate scales"	59
57	"Upper leaf surface with large and small scales. arranged in irregular rows down the blade, leaves (3-)4-7(-10) scale rows wide across the middle"	"Hibbertia lepidota"
57	"Upper leaf surface with sub-equal scales in regular rows down the blade, leaves 2-3 scale rows wide"	58
58	"Leaves 2 scale rows wide; plants erect"	"Hibbertia marrawalina"
58	"Leaves 3 scale rows wide; plants decumbent"	"Hibbertia sulcata"
59	"Scales on upper leaf surface ciliate (H. sp. Rock platforms)"	"Hibbertia incurvata"
59	"Scales on upper leaf surface entire"	60
60	"Erect spreading shrub to 1.5 m (H. sp. Fire plot 121)"	"Hibbertia pancerea"
60	"Prostrate subshrub to 0.2 m (H. sp. Low lepidote)"	"Hibbertia argyrochiton"
61	"Leaf axils with a tuft (rarely 1) of brown hairs on nodes below inflorescence"	62
61	"Leaf axils without tuft of brown hairs"	67
62	"Leaves linear to linear-oblanceolate; peduncle somewhat filiform basally (H. sp. Magela scabrid)"	"Hibbertia guttata"
62	"Leaves elliptic-lanceolate to oblong; peduncle stout (H. echiifolia complex)"	63
63	"Leaf mucro tipped by a tuft of simple hairs, leaves with cactiform stellate hairs above and below, rarely with scales"	"Hibbertia echiifolia subsp. rotata"
63	"Leaf mucro tipped by scales, leaves with scales above and below"	64
64	"Scales scattered on both leaf surfaces"	65
64	"Scales dense on both leaf surfaces"	66
65	"Most leaves 2-4.5 mm wide; calyx lobes subequal"	"Hibbertia echiifolia subsp. cernua"
65	"Most leaves 4-8 mm wide; calyx lobes unequal, the outer ones shorter than the inner ones by 1/2 - 2/3"	"Hibbertia echiifolia subsp. oligantha"
66	"Calyx lobes < 8.5 mm long; anthers < 3 mm long"	"Hibbertia echiifolia subsp. echiifolia"
66	"Calyx lobes > 8.5 mm long; anthers > 3mm long"	"Hibbertia echiifolia subsp. macrantha"
67	"Plants multi-stemmed, each with very short internodes at the base (H. sp. Mt Finnis)"	"Hibbertia brevipedunculata"
67	"Plants single to few-stemmed, each with distinct internodes at the base."	68
68	"Scales on leaf under-surface ciliate"	"Hibbertia orientalis"
68	"Scales on leaf under-surface mostly entire (H. fractiflexa complex)"	69
69	"Leaves <= 2.2 mm wide, scales on upper leaf surface <=0.15 mm diameter."	"Hibbertia fractiflexa subsp. filicaulis"
69	"Leaves > 2.3 mm wide (most > 3 mm wide), scales on upper leaf surface > 0.15 mm diam."	70
70	"Upper leaf surface with < 22 scales across the middle (H. sp. prostrate)"	"Hibbertia fractiflexa subsp. fractiflexa"
70	"Upper leaf surface with > 22 scales across the middle"	71
71	"Branches without basal short shoots, flowers with >24 stamens"	"Hibbertia fractiflexa subsp. serotina"
71	"Branches with many basal short shoots, flowers with < 23 stamens (H. sp. decumbent)"	"Hibbertia fractiflexa subsp. brachyblastis"
72	"Petiole with an expanded stem-clasping base; rock dwelling and growing from sandstone cliff faces, usually pendant but sometimes erect"	73
72	"Petiole not having a stem-clasping base; terrestrial, erect or prostrate"	74
73	"Leaves grey-green, hairy c. 10-15 mm long"	"Hibbertia sp. South Magela"
73	"Leaves green and sub-glossy above, glabrous, c. 30 mm long"	"Hibbertia sp. Mt Howship"
74	"Prostrate sprawling sub-shrubs with broad ovate leaves, stems often reddish; leaves green below"	"Hibbertia tasmanica"
74	"Erect shrubs; leaves white below"	75
75	"Leaves very narrow linear with tightly revolute margins almost touching or concealing the midrib on the undersurface"	76
75	"Leaves broader, with the undersurface clearly visible"	77
76	"Leaf undersurface with long villous hairs loosely knitted"	"Hibbertia muelleri"
76	"Leaf undersurface with very short crisped hairs tightly knitted"	"Hibbertia angustifolia"
77	"Leaves with prominently raised reticulate venation on the undersurface, hair covering often yellowish"	"Hibbertia arnhemica"
77	"Leaves without raised reticulate venation on the undersurface, hair covering predominantly white"	78
78	"Midrib on the leaf undersurface glabrous or only ever covered by the white hair mat of the rest of the blade, leaf venation if visible (usually only seen on the upper leaf surface) open reticulate, lateral veins fairly perpendicular to the midrib"	"Hibbertia brownii"
78	"Midrib on the leaf undersurface with adpressed yellowish hyaline hairs, leaf venation if visible (usually only seen on the undersurface) primarily pinnate with lateral veins angled acutely to the midrib"	79
79	"Inflorescences terminal, many-flowered; mostly broad-leaved"	"Hibbertia dealbata"
79	"Inflorescences mostly axillary, few-flowered; mostly narrow leaved"	"Hibbertia candicans"
