from	statement	to
1	"Stem wings serrate or dentate"	"Pterocaulon serrulatum var. velutinum"
1	"Stem wings entire or sparsely toothed"	2
2	"Capitulescenes cylindrical or spicate, 2.2-5.8 times longer than wide"	"Pterocaulon verbascifolium"
2	"Capitulescenes globose-ovoid, globular to ellipsoidal. 0.7-2.1 times longer than wide"	3
3	"Some capitulescenes on each plant laterally inserted on branchlets, these lateral branches erect or diverging at < 30 degree"	4
3	"All capitulescenes terminal; lateral branches diverging at 30-90 degrees (old P.sphacellatum group)"	6
4	"Stem wings broad, 2.8-5.5 mm wide; Top End sandstone"	"Pterocaulon tricholobum"
4	"Stem wings narrow, 0.3-2.5 mm wide"	5
5	"Upper side of leaves with dense to very dense woolly indumentum; inner involucral bracts pink to violet  when dried; VRD"	"Pterocaulon niveum"
5	"Upper side of leaves with sparse woolly indumentum; inner involucral bracts greenish-white to white when dried; NW Top End"	"Pterocaulon discolor"
6	"Female florets 8-17 per capitulum; achene hairs 0-25; leaves elliptic to lanceolate, broadest near middle; NE island and Gulf coast"	"Pterocaulon intermedium"
6	"Female florets 16-44 per capitulum; achene hairs 25 to >50; leaves ob lanceolate to obovate, broadest towards middle"	7
7	"Corolla lobes of hermaphrodite floret 0.5-0.8 mm long; numerous cilia on protruding part of inner bracts, but none exceeding apices; coastal"	"Pterocaulon paradoxum"
7	"Corolla lobes of hermaphrodite floret 0.35-0.6 mm long; cilia on protruding part of inner bracts few or absent, or abundant but some exceeding bract apices"	8
8	"Stem wings 0.3-0.5 mm wide; longest inner bracts 4.8-5.6 mm long; W Tanami"	"Pterocaulon xenicum"
8	"Stem wings 0.7-3 mm wide; longest inner bracts 3.4-4.6 mm long"	9
9	"Protruding part of inner bracts with abundant cilia, some exceeding bract apices; inner involucral bracts stramineous to white; leaves 2.1-3.5 times longer than wide; NT Gulf"	"Pterocaulon ciliosum"
9	"Protruding part of inner bracts with few or no cilia; inner involucral bracts white or pink to violet; leaves 3.3-5.8 times longer than wide; very widespread"	"Pterocaulon sphacelatum"
