from	statement	to
1	"Flowering peduncles more than 3 mm long; glandular-tipped hairs present at least on calyx"	2
1	"Flowering peduncles less than 3 mm long; calyx lacking glandular-tipped hairs"	3
2	"Spreading subshrub, leaves less than 20 mm long, margin undulate and serrate; calyx 4-4.5 mm long; ovary 2-locular"	"Dicarpidium sp. Purnululu"
2	"Erect shrub; largest leaves more than 20 mm long, margin serrate; calyx 5.5-9 mm long; ovary 3-locular"	"Dicarpidium sp. Nabarlek"
3	"Leaf upper surface with short-armed stellate hairs 0.1-0.3 mm diam. or minute bifid hairs, hairs sparse to scattered, the arms of adjacent stellate hairs not or scarcely overlapping"	"Dicarpidium sp. Ubirr"
3	"Leaf upper surface either with coarse simple and bifid hairs or with stellate hairs 0.4-0.8 mm diam., the arms strongly overlapping"	4
4	"Erect shrub, 1-2 m tall; broadest leaves more than 8 mm wide; ovary 3-locular"	"Dicarpidium sp. Arnhem Land"
4	"Spreading shrub to 0.6 m tall; leaves all less than 8 mm wide; ovary 2(-3)-locular"	"Dicarpidium monoicum"
