from	statement	to
1	"Spathe subtending inflorescence closed on short side, forming an oblique funnel but only open at top"	2
1	"Spathe subtending inflorescence split to base along the short side, base with rounded auricles closely adpressed but not connate"	4
2	"Leaf margins undulate, coastal plant (may just be a form of C. ensifolia)"	"Commelina undulata"
2	"Leaf margins flat, plants of inland habitats"	3
3	"Leaves <20 mm wide, margins flat; petals 2 (woodlands)"	"Commelina ensifolia"
3	"Leaves 20--35 mm wide, margins flat (cultivated or garden escapee)"	"Commelina benghalensis"
4	"Margin of spathe ciliate (sides of spathe, leaf sheaths hairy or not)"	5
4	"Margin of spathe completely glabrous"	6
5	"Spathe <20 mm long, apex more or less acute; seeds ellipsoidal, flat on one side; petals 3 (sandsheets)"	"Commelina sp. Sandstone"
5	"Spathe >20 mm long, apex long acuminate; seed oblong, subcylindrical to sub reniform (black soil)"	"Commelina ciliata"
6	"Leaves and spathe >10 mm wide when folded; leaves contracted between sheath and blade; petals clawed"	"Commelina difformis"
6	"Leaves and spathe <10 mm wide when folded; leaves not contracted between sheath and blade (wetlands)"	"Commelina agrostophylla"
