from	statement	to
1	"Leaves basal (radical or in rosettes); plants often connected by stolons"	2
1	"Leaves spaced along a distinct stem (cauline), either in whorls or alternate; stolons usually absent"	3
2	"Leaf tips usually attenuate; blades mostly 1-7 mm wide; plants facultatively annual; mature female tufts commonly producing more than 12 flowers in first year"	"Vallisneria annua"
2	"Leaf tips acute to obtuse; blades mostly 7-15 mm wide; plants perennial; female tufts not flowering until plant is several years old and with less than 12 flowers at one time"	"Vallisneria nana"
3	"Leaves linear to elliptic, 4-8 mm wide"	"Vallisneria triptera"
3	"Leaves more or less filiform, to 1 mm wide"	"Vallisneria rubra"
