from	statement	to
1	"Leaves ovate, regularly dentate, glabrous; flowering peduncles 4-5 times leaf length"	"Lobelia arnhemica"
1	"Leaves lanceolate to narrowly elliptic, serrate to almost entire"	2
2	"Perennial (otherwise like L.dioica)"	"Lobelia sp. Cox Peninsula"
2	Annual	3
3	"Flowering peduncles 10-15 mm long; corolla c. 5 mm long; flowers often clustered at ends of stems"	"Lobelia dioica"
3	"Flowering peduncles 50-60 mm long; corolla c. 10 mm long; flowers well spaced on an elongated axis"	"Lobelia douglasica"
