from	statement	to
1	"Calyx strongly reflexed in mature fruit; leaves lacking sunken glands or if glands present, scattered across lower surface then leaves more than 54 mm long"	2
1	"Calyx clasping mature fruit; at least some leaves with paired sunken glands at base of midrib on lower leaf surface, if glands scattered leaves less than 54 mm long"	4
2	"Lower leaf surface with medifixed uneven armed hairs (requires high magnification as hairs may appear basifixed under ×10)"	"Diospyros compacta"
2	"Lower leaf surface with basifixed hairs or hairs absent"	3
3	"Mature fruit c. 15-17.5 mm long, 12.4-18 mm diam.; leaves evergreen, lower surfaces with appressed basifixed hairs"	"Diospyros calycantha"
3	"Mature fruit c. 20 mm long, 25-30 mm diam.; leaves deciduous, lower surfaces with short erect or hooked hairs"	"Diospyros rugulosa"
4	"Lower leaf surface lacking sunken glands or glands scattered (including at base); petiole with erect hairs; fruit 5-10.6 mm diam."	"Diospyros humilis"
4	"Lower surface of at least some leaves with paired sunken glands at base of midrib; petiole with appressed hairs; fruit 6.5-30 mm diam."	5
5	"Leaves dull, 2.5-11.5 cm long, hairs if present medifixed; mature fruit 6.5-14 mm diam."	"Diospyros littorea"
5	"Leaves glossy, 5.9-21.0 mm long, hairs if present basifixed; mature fruit 12-30 mm diam."	"Diospyros maritima"
