from	statement	to
1	"Pods not strongly constricted between seeds, without a sterile terminal segment; calyx lobes not overlapping, <6-nerved at centre"	2
1	"Pods strongly constricted between seeds, with a sterile terminal segment; calyx lobes overlapping at base, >6-nerved at centre"	4
2	"Leaflets <8 times longer than wide; flowers usually red?, standard <5 mm long?"	3
2	"Leaflets >8 times longer than wide; flowers orange, standard >5 mm long"	"Alysicarpus brownii"
3	"Lvs & stems w. dense, villous, spreading hairs; petioles 2-3 mm L; rare"	"Alysicarpus suffruticosus"
3	"Lvs & stems w. scattered, strigose, appressed to ascending hairs; petioles 3-9 mm long; common weed"	"Alysicarpus ovalifolius"
4	"Articles of fruit <2.3 mm long, transverse veins crowded; calyx lobes <1.3 mm wide, 7-9-nerved at centre, bases overlapping slightly"	"Alysicarpus schomburgkii"
4	"Articles of fruit >2.3 mm long, transverse venation open; calyx lobes >1.3 mm wide, >10-nerved at centre, bases overlapping strongly"	"Alysicarpus muelleri"
