from	statement	to
1	"Calyx lobes at least twice as long as the tube; flowers yellow"	2
1	"Calyx lobes as long as the tube or shorter; flowers red or pink"	3
2	"Leaves broadest near the middle, glandular, puberulous; calyx lobes at least 4 times as long as broad"	"Muniria angustisepala"
2	"Leaves broadest in the upper part, woolly tomentose; calyx lobes about twice as long as broad"	"Muniria quadrangulata"
3	"Leaves ovate, cordate at the base; corolla pink"	"Muniria megalophylla"
3	"Leaves narrowly elliptic lanceolate, cuneate towards the base; corolla red"	"Muniria lanceolata"
