from	statement	to
1	"Domatia (foveoles) present on most leaves; petioles usually less than 15 mm long"	2
1	"Domatia rare or absent; petiole usually more than 15 mm long"	3
2	"Fruit globular; stamens with pale bristles at apex; leaves more than 3 times longer than wide"	"Elaeocarpus angustifolius"
2	"Fruit ellipsoid; stamens without bristles; leaves less than 3 times longer than wide"	"Elaeocarpus arnhemicus"
3	"Leaves ovate to elliptic or narrowly so, apices acuminate to caudate; stamens awned"	"Elaeocarpus culminicola"
3	"Leaves mostly obovate, apices mostly obtuse to rounded; stamens not awned"	"Elaeocarpus miegei"
