from	statement	to
1	"Calyx lobes 2"	2
1	"Calyx lobes 4"	3
2	"Corolla lobes >2 mm long; valves of capsule separating completely from septum (Harwood & Dessein, Fig. 8B)"	"Spermacoce omissa"
2	"Corolla lobes to 1 mm long; valves of capsule remaining partially attached to each other and the  septum"	"Spermacoce verticillata"
3	"Inner surface of corolla lobes with a horizontal band of moniliform hairs near the middle, glabrous  above and below this band (Fig. 3E); obturator not persistent on seeds"	"Spermacoce graniticola"
3	"Inside surface of corolla lobes glabrous or with hairs, but hairs not restricted to one horizontal band of  moniliform hairs; obturator persistent or not on seeds"	4
4	"Stamens included, occasionally apex of anthers slightly exceeding top of corolla tube"	5
4	"Stamens exserted, rarely a small portion of anther base not exceeding top of corolla tube"	13
5	"Corolla tube >5 times the length of the corolla lobes (Fig. 2B)"	"Spermacoce congestanthera"
5	"Corolla tube <<5 times the length of the the corolla lobes, often shorter than the lobes"	6
6	"Margin of ventral groove of seed with deep incisions (Fig. 10G); corolla deep maroon, drying black; clay soils"	"Spermacoce pogostoma"
6	"Margin of ventral groove of seed mainly entire (Fig. 10D); corolla white or shades of blue,  rarely yellow"	7
7	"Seeds with persistent obturator"	8
7	"Seeds lacking obturator remains"	9
8	"Ventral groove extending slightly under testa margin (Fig. 9M); membranous sides of persistent obturator adhering to each other at the apex of the seed (Fig. 9L); inner surface of corolla lobes with a band of moniliform hairs across their width (Fig. 3C)"	"Spermacoce platyloba"
8	"Ventral groove not extending under testa margin (Fig. 9O); membranous sides of persistent obturator free from each other for the full length of the seed (Fig. 9N); inner surface of corolla with hairs, moniliform or not, but not forming a horizontal band (Fig. 3A)"	"Spermacoce leptoloba"
9	"Ventral groove conspicuously extending under testa margin (Fig. 9H); > 1mm wide; clay soils"	"Spermacoce argillacea"
9	"Ventral groove not extending under testa margin"	10
10	"Seeds conspicuously reticulate, areole density <15 per mm (Fig. 11E)"	11
10	"Seeds obscurely reticulate, areole density >25 per mm (Fig. 11B)"	12
11	"Thin tissue bearing raphides separated from testa at ventral groove margin (Fig. 11D)"	"Spermacoce reticulata"
11	"Thin tissue bearing raphides adhering to testa at ventral groove margin (Fig. 16A)"	"Spermacoce brachystema"
12	"Seeds >2 mm long; leaves linear to  very narrowly elliptic; clay soils, limestone or laterite"	"Spermacoce dolichosperma"
12	"Seeds <2 mm long; leaves narrowly elliptic; sandstone substates"	"Spermacoce rupicola"
13	"Corolla lobes deeply divided (Fig. 5C), thus corolla appearing 8-lobed"	14
13	"Corolla lobes entire (Fig. 4E), or apex somewhat reduced (Fig. 5B)"	17
14	"Segments of corolla lobes >2 mm long; lobes remaining erect after anthesis (Fig. 5C)"	"Spermacoce erectiloba"
14	"Segments of corolla lobes <2 mm long; lobes bent back after anthesis (Fig. 6C)"	15
15	"Remnant apex of corolla lobes triangular"	"Spermacoce brevidens"
15	"Remnant apex of corolla lobes filiform"	16
16	"Inflorescence compound, the individual capitula of the inflorescence few-flowered and the bracts subtending these capitula protruding prominently from the inflorescence (Fig. 1D)"	"Spermacoce cardiophora"
16	"Inflorescence a single capitulum, no bracts emerging from within it (Fig. 6A)"	"Spermacoce caudata"
17	"Capsule splitting into 2 indehiscent cocci (Fig. 8 E, F); anthers >1.2 mm long"	"Spermacoce inaperta"
17	"Capsule partially dehiscing or 1-seeded and indehiscent; anthers <1.2 mm long"	18
18	"Capsule 1-seeded and indehiscent; apical half of seed gibbous (Fig. 8G)"	"Spermacoce gibba"
18	"Capsule 2-seeded and dehiscent; seed not gibbous"	19
19	"Inner surface of corolla lobes glabrous or with scattered hairs"	20
19	"Inner surface of corolla lobes with appendages or hair-like outgrowths arranged on 2 arcs that follow  anther margin (Fig. 4)"	31
20	"Dorsal seed surface rugose (Fig. 12E); introduced"	"Spermacoce remota"
20	"Dorsal seed surface reticulate, foveate, or smooth"	21
21	"Groove on ventral surface of seed partly or wholly covered with a persistent obturator"	22
21	"Groove on ventral surface of seed without a persistent obturator"	26
22	"Filaments the same length as their anthers or shorter, corolla <2.5 mm long"	"Spermacoce pessima"
22	"Filaments longer than their anthers; corollas >3 mm long"	23
23	"Persistent obturator membranous (Fig. 12G)"	"Spermacoce diversistyla"
23	"Persistent obturator turgid or cellular (Fig. 14A, D)"	24
24	"Persistent obturator restricted to base of seed, turgid, cells not discernible (Fig. 14A)"	"Spermacoce phalloides"
24	"Persistent obturator restricted to base or also at apex, cells discernible with x10 magnification"	25
25	"Capsule glabrous; corolla usually white, rarely blue; perennial"	"Spermacoce gilliesiae"
25	"Capsule with hairs; corolla always blue; annual"	"Spermacoce elaiosoma"
26	"Capitula at several nodes on stem"	27
26	"Capitula usually only terminal, rarely also at penultimate node"	30
27	"Ventral groove of seed extending under testa margin (Fig. 16D); introduced"	"Spermacoce latifolia"
27	"Ventral groove not extending under testa margin"	28
28	"Dorsal surface of seed with a bloom; ventral groove very shallow (Fig. 9K)"	"Spermacoce stenophylla"
28	"Dorsal surface of seed lacking a bloom; ventral groove distinctly sunken (Fig. 9F)"	29
29	"Septum remaining erect at dehiscence; nectary disc bipartite; introduced"	"Spermacoce articularis"
29	"Septum lamellas partially attached to valves as they dehisce; nectary disc entire"	"Spermacoce membranacea"
30	"Seeds yellowish brown, <2.1 mm long"	"Spermacoce aurantiseta"
30	"Seeds dark reddish brown, >2.1 mm long"	"Spermacoce laevigata"
31	"Seeds without a persistent obturator"	32
31	"Seeds with a persistent obturator"	39
32	"Subshrub with new growth resinous"	"Spermacoce resinosula"
32	"Annual herbs lacking resin"	33
33	"Ventral groove extending under testa margin (Fig. 9C)"	"Spermacoce hillii"
33	"Ventral groove not extending under margin (Fig. 9F)"	34
34	"Seed surface smooth; ventral groove very shallow (Fig. 9K)"	"Spermacoce lamprosperma"
34	"Seed surface reticulate or foveate; ventral groove distinctly sunken (Fig. 9F)"	35
35	"Inner surface of corolla lobes with scattered hairs along the mid-vein below the appendages  (Fig. 5A)"	"Spermacoce tectanthera"
35	"Inner surface of corolla lobes glabrous below the appendages (Fig. 5E)"	36
36	"Appendages on inner surface of corolla lobes fused together for part of their length  (Fig. 5A)"	"Spermacoce scabrisina"
36	"Appendages on inner surface of corolla lobes separate from each other for their full length (Fig. 4E)"	37
37	"Hair-like outgrowths forming appendages free for >1/3 of their length along the full length of  appendages (Fig. 4B)"	"Spermacoce occidentalis"
37	"Hair-like outgrowths forming appendages fused for almost their entire length, except for some free  for >1/3 of their length in the basal part of the appendages (Fig. 4C)"	38
38	"Capsule glabrous; upper part of septum lamellas separating from each other and remaining attached  to capsule valves at dehiscence (Fig. 8C)"	"Spermacoce erythrosepala"
38	"Capsule with hairs; septum remaining erect and mostly undamaged as valves separate at dehiscence  (Fig. 8D)"	"Spermacoce auriculata"
39	"Persistent obturator restricted to apical half of seed"	"Spermacoce suprahila"
39	"Persistent obturator always present in basal part of seed"	40
40	"Persistent obturator membranous, halves of membrane on either side of seed centre line free from each other in basal half of seed, free (Fig. 12G) or joined (Fig. 9L) in apical half of seed"	41
40	"Persistent obturator cellular, the cells fluid-filled or dried out"	49
41	"Ventral groove extending under the slightly jagged testa margin (Fig. 12G)"	"Spermacoce erosa"
41	"Ventral groove not extending under testa margin; testa margin not jagged"	42
42	"Apices of corolla lobes much reduced, its base <1/3 as wide as corolla lobe (Fig. 5B)"	"Spermacoce redacta"
42	"Apices only slightly reduced, or not at all"	43
43	"Membranous sides of persistent obturator adhering to each other near the apex of the seed (Fig. 9L)"	44
43	"Membranous sides of persistent obturator remaining free from each other (Fig. 9N)"	46
44	"Inner surface of corolla lobes with hairs along mid-vein below appendages (Fig. 4D)"	"Spermacoce latimarginata"
44	"Inner surface of corolla lobes glabrous below appendages"	45
45	"Outer surface of corolla tube glabrous"	"Spermacoce juncta"
45	"Outer surface of corolla tube with hairs present, at least in upper part"	"Spermacoce trichosiphonia"
46	"External surface of corolla tube with hairs, particularly on the upper half"	"Spermacoce stigmatosa"
46	"External surface of corolla tube glabrous"	47
47	"Calyx lobe apices filiform, pink; inner surface of corolla lobes below appendages glabrous or with  scattered hairs (Fig. 4C)"	"Spermacoce occultiseta"
47	"Calyx lobe apices filiform or not, green or white; inner surface of corolla lobes below appendages  with hairs restricted to mid-vein"	48
48	"Sides of membranous persistent obturator appressed to seed; raphides adhere to persistent obturator if it is removed"	"Spermacoce discreta"
48	"Sides of membranous persistent obturator erect or somewhat appressed; raphides remain on seed if persistent obturator is removed"	"Spermacoce fabiformis"
49	"Persistent obturator cream/white, surface smooth under x10 magnification (Fig. 15G)"	"Spermacoce phaeosperma"
49	"Persistent obturator clear or shades of brown, distinctly cellular, fluid-filled or not (Fig. 14D)"	50
50	"Obturator only persistent below hilum of seed"	"Spermacoce protrusa"
50	"Obturator persistent at both ends of seed"	51
51	"Filaments approximately the same length as their anthers; stems often woody at base"	"Spermacoce lignosa"
51	"Filaments much longer than their anthers"	52
52	"Texture of persistent obturator consistent for the full length of the seed (Fig. 13D); removal of persistent obturator reveals papillose ventral groove surface (Fig. 13H)"	"Spermacoce aequabilis"
52	"Texture of persistent obturator differing over the length of the seed; ventral groove not obviously papillose"	53
53	"Apices of corolla lobes much reduced, its base <1/3 as wide as corolla lobe (Fig. 5B)"	"Spermacoce retitesta"
53	"Apices only slightly reduced, or not at all"	54
54	"Hair-like outgrowths at middle of corolla lobe appendages fused for virtually their full length (Fig. 4F)"	"Spermacoce brevicilia"
54	"Hair-like outgrowths at middle of corolla lobe appendages only fused for 3/4 of their length or less"	55
55	"Inner surface of corolla lobes with hairs below appendages but sometimes restricted to a few  along mid-vein"	"Spermacoce breviflora"
55	"Inner surface of corolla lobes glabrous below appendages"	56
56	"Cells of persistent obturator at base of seed small but distinctly turgid"	"Spermacoce calliantha"
56	"Cells of persistent obturator at base of seed dried out"	"Spermacoce constricta"
