from	statement	to
1	"Broadest lateral leaflets < 5 mm wide; medial leaflet usually moderately to strongly folded; western"	"Plagiocarpus arcuatus"
1	"Broadest lateral leaflets > 5 mm wide or if narrower, then medial leaflet not moderately to strongly folded"	2
2	"Sub-shrubs to c. 0.4 m high; secondary / primary branches 1-2 mm diam.; apiculum mostly < 0.5 mm long; indumentum of branchlets mostly appressed; leaf-hairs scattered to dense, < 1 mm long"	"Plagiocarpus axillaris"
2	"Sub-shrubs mostly > 0.5 m high; primary branches mostly > 2 mm diam.; apiculum > 0.5 mm long; indumentum of branchlets generally divergent; leaf-hairs sparse to scattered, 1-2 mm long"	3
3	"Calyx 3.5 mm long; keel 7-8 mm long; leaflets moderately hairy; Arnhem Land"	"Plagiocarpus arnhemicus"
3	"Calyx 4.5 mm long; keel 10-11 mm long; leaflets sericeous, densely hairy; Victora River area"	"Plagiocarpus longiflorus"
