from	statement	to
1	"Ovary bilocular, symmetrical; fruit consisting of two mericarps, sometimes one aborting"	2
1	"Ovary appearing unilocular, asymetrical; fruit consisting of only one mericarp"	8
2	"Carpophores entire, tapering or 4-lobed at apex; robust plants to 2.5 m tall; often glaucous"	3
2	"Carpophores shortly 2 or 4-fid or 2-fid to base; slender plants  usually < 50 cm tall"	4
3	"Hairs simple (VRD)"	"Trachymene didiscoides"
3	"Hairs branching (E Kimberley)"	"Trachymene dendrothrix"
4	"Involucral bracts 8 or fewer"	5
4	"Involucral bracts more than 8"	6
5	"Plants erect; leaf segments elliptic to ovate, 7-40 mm wide; umbels 3-5 mm diam. (W Arnhem)"	"Trachymene umbratica"
5	"Plants prostrate to ascending; leaf segments narrow 0.5-5 mm wide; umbels 4-15 mm diam. (East Arnhem, Gulf)"	"Trachymene tenuifolia"
6	"Leaves subtending the inflorescences similar to basal leaves (coastal East Arnhem)"	"Trachymene psammophila"
6	"True leaves alternate, clustered and basal; leaves subtending inflorescence branches becoming reduced, sessile,3-fid or simple, often opposite"	7
7	"Leaves divide in to three segments; segments 8-25 (40) mm wide (coastal East Arnhem)"	"Trachymene longipedunculata"
7	"Leaves ternately dissected, the segments again divided; segments < 6 mm wide (East Arnhem, Gulf)"	"Trachymene tenuifolia"
8	"Bracts subtending inflorescence-bearing branches small, triangular or linear; true leaves clustered at the base of the plant, leaf-like bracts not extending to the base of the inflorescence"	9
8	"Leaf-like bracts subtending inflorescence-bearing branches; usually becoming sessile and trilobed or trifid; not minute and triangular or linear; leaves basal or cauline"	13
9	"Hairs on leaves stellate or dendritic"	10
9	"Hairs on stema dn leaves simple, glandular or absent"	11
10	"Stems glabrous; hairs of one type (E Kimberley)"	"Trachymene dendrothrix"
10	"Stems villous; hairs on stems and leaves short stellate and long dendritic (Sthn VRD)"	"Trachymene dusenii"
11	"Leaves simple, orbicular to obovate or cuneate with serrate and sometimes shallowly tri-lobed margins; mericarps 3.4-4.3 mm wide (Top End)"	"Trachymene rotundifolia"
11	"Leaves ternately lobed to lacerate or dissected, margins serrate to laciniate; fruit 2.2-3.3 mm wide"	12
12	"Umbels with more than 70 flowers; robust plants to 2.5 m tall; often glaucous (VRD)"	"Trachymene didiscoides"
12	"Umbels with up to 70 flowers; plants to 1 m tall; never glaucous (Top End)"	"Trachymene microcephala"
13	"Leaves simple, broadly ovate; margins serrate and shallowly 3-lobed; bracts subtending inflorescence branches sessile, fan-shaped, serrate, becoming small and entire (Sthn VRD)"	"Trachymene oleracea ssp. sedimenta"
13	"Leaves ternately to palmately lobed or dissected; bracts not fan-shaped or dissected"	14
14	"Indumentum of sparse non-glandular hairs, 4-6 mm long; fruit 6.5-8.2 mm long; umbels 200-300 flowered; flowers white or pink  (Sthn VRD, Tanami)"	"Trachymene villosa"
14	"Indumentum of glandular hairs or almost glabous; fruit < 5 mm long"	15
15	"Indumentum of sparse glandular hairs; fruit 4-5 mm long; umbels 30-60 flowered; petals purple (Gulf, Qld)"	"Trachymene glandulosa"
15	"Plant almost glabrous; fruit 3.2-3.5 mm long; leaf lobes < 2 mm wide (northern Gulf, Qld)"	"Trachymene bivestita var. bivestita"
