from	statement	to
1	"Inflorescence a compound panicle or clustered in loose corymbs (like most Scleria); plants perennial"	2
1	"Inflorescence a single, dense head; plants annual, rarely slender perennials (R.rubra)"	4
2	"Stems filiform, less than 1 mm wide"	"Rhynchospora gracillima"
2	"Stems stout, 2-15mm wide"	3
3	"Inflorescence a large loose, compound panicle stylar base nearly as long as nut and furrowed on both sides, stout plants 0.7-2 m high"	"Rhynchospora corymbosa"
3	"Inflorescence of several small, irregular corymbs, stylar base nearly as long as nut but not furrowed on either side, slender plants to 1 m high, usually less"	"Rhynchospora brownii"
4	"Involucral bracts glabrous on lower margins"	5
4	"Involucral bracts conspicuously long ciliate on (lower) margins"	6
5	"Nut glabrous, style-base longer than nut"	"Rhynchospora sp. Arnhem"
5	"Nut papillose, style-base shorter than nut (Kimberley taxon)"	"Rhynchospora  sp A (Kimb.Fl.)"
6	"Nut obovate or broadly obovate"	7
6	"Nut oblong to narrowly elliptic or oblanceolate"	8
7	"Nut subtrigonous, majority of bristles shorter than nut; perennial or annual to 1 m"	"Rhynchospora rubra"
7	"Nut ??, majority of bristles longer than nut; annual (Qld taxon)"	"Rhynchospora sp."
8	"Bristles plumose in lower part for at least a quarter the length of the nut, scabrid or glabrous above"	9
8	"Bristles scabrid or glabrous, hairs sometimes present at very base of nut"	11
9	"Style-base > 2.5mm long, with central groove, nut never papillose at base"	"Rhynchospora longisetis"
9	"Style-base < 2.5 mm long, flat or incurved, nut papillose for whole length"	10
10	"Style-base strongly incurved, nut rounded"	"Rhynchospora pterochaeta"
10	"Style-base flat, nut somewhat grooved behind"	"Rhynchospora  sp. Wessel"
11	"Nut deeply longitudinally grooved, almost forming a tube at midpoint"	"Rhynchospora leae"
11	"Nut rounded, flat or concave, without groove"	12
12	"Nut glabrous or with fine hairs, bristles < 6mm long, stems spongy"	"Rhynchospora submarginata"
12	"Nut papillose or scabrid (at least in upper portion), bristles (4) 6 mm Iong, stems not spongy"	13
13	"Style-base 1/2-2/3 width of nut apex"	14
13	"Style-base as wide as nut apex or almost so"	15
14	"Nut summit ?edge rounded and swollen, style base > (1.5) 2mm long; nut (2.5) 3-4 mm long"	"Rhynchospora heterochaeta"
14	"Nut summit edge acute, not thicker above, style base < 2mm long; nut 1.8-2 mm long"	"Rhynchospora subtenuifolla"
15	"Style-base shortly triangular (decurrent? on apex of fruit), pIants of clay or laterite soils"	"Rhynchospora wightiana"
15	"Stye-base long triangular, not decurrent, swollen at base on both sides, plants of sandy soils"	"Rhynchospora exserta"
15	"Style base broadly channelled"	"Rhynchospora  sp. Koongarra"
