from	statement	to
1	"Male flowers (usually located in upper axils) enclosed in a spathe bearing spines at apex"	2
1	"Male flowers not enclosed in a spathe"	5
2	"Seeds 4-6 areoles across; areoles prominently transversely rectangular to square, some irregular, with thin partitions"	"Najas foveolata"
2	"Seeds 10-18 areoles across; areoles quadrate to round or hexagonal, with partitions relatively thick"	3
3	"Auricles of leaf sheath to 0.6 mm long, 0.7-1.3 times as long as wide, the inner edge with 0-2 spines; mature anther 1-celled, 0.7-0.8 mm long; spathe 1.1-1.4 mm long"	"Najas browniana"
3	"Auricles of leaf sheath 0.6-2 mm long, 1.6-4 times as long as wide, the inner edge with 2-6 spines; mature anther 4-celled, 1-2 mm long; spathe 1.4-3 mm long"	4
4	"Seeds 1.0-1.3 mm long"	"Najas pseudograminea"
4	"Seeds 1.6-2.2 mm long"	"Najas tenuifolia"
5	"Seeds 0.9-1.3 mm long; mature anther 1-celled, 0.5-0.8 mm long; auricles of leaf sheath 1-2.5 times as long as wide"	"Najas malesiana"
5	"Seeds 1.5-2 (3) mm long; anther 2- or 4-celled, 1-2 mm long; auricles of leaf sheath 2.3-4.5 times as long as wide"	"Najas graminea"
