from	statement	to
1	"Plants prostrate; pods 1-articled; upper stamen free to base"	"Dendrolobium multiflorum"
1	"Plants erect; pods 2-5-articled; upper stamen connate to sheath in lower half"	2
2	"Leaflet undersurfaces silvery, densely clothed in adpressed, simple, crisped hairs; inflorescence racemose, 30-90 mm long"	"Dendrolobium polyneurum"
2	"Leaflet undersurfaces not silvery, with adpressed, white to brown, short hairs and minute, hooked hairs; flowers in fascicles"	"Dendrolobium stipatum"
