from	statement	to
1	"Branchlets quadrangular; leaves decussate"	2
1	"Branchlets rounded; leaves alternate"	3
2	"Leaf base obtuse to cordate; petioles to 2 mm long"	"Xanthostemon eucalyptoides"
2	"Leaf base attenuate; petioles 2-10 mm long"	"Xanthostemon umbrosus"
3	"Petals and stamens yellow; stamens 20-27 mm long; fruit globose, 7-13 mm diam., glabrous"	"Xanthostemon paradoxus"
3	"Petals and stamens cream; stamens c. 7 mm long; fruit depressed globular, 5-6 mm diam., pubescent"	"Xanthostemon psidioides"
