from	statement	to
1	"Stems and leaves glabrous (nodes excepted); stipules less than 3 mm long"	2
1	"Stems and often leaves thinly pubescent to hoary; stipules usually more than 3 mm long"	3
2	"Sepals less than 4.5 mm long, petals less than 4 mm long"	"Polycarpaea breviflora"
2	"Sepals more than 4.5 mm long; petals more than 4 mm long"	"Polycarpaea spirostylis"
3	"Most cauline leaves in 2--several pairs per node; plants usually annual; stems usually grey, green, stramineous or brown"	4
3	"Most cauline leaves in one (rarely 2) pairs per node; plants perennial; stems often white-hoary"	11
4	"Staminodes linear, 0.2--0.6 mm long, at the base of each petal"	5
4	"Staminodes absent"	6
5	"Sepals usually more than 3.5 mm long; stipules, bracts and sepals glabrous"	"Polycarpaea violacea"
5	"Sepals less than 3.5 mm long; stipules, bracts and sepals hairy at least towards base (Gunlom form w. larger rounded to truncate scarcely hairy sepals w more erose apices may be a distinct taxon; typical form has acute, lacinite sepals, hairy at least at base)"	"Polycarpaea staminodina"
6	"Corolla and stamens adnate at base for 1--3.5 mm"	"Polycarpaea longiflora"
6	"Corolla and stamens free or adnate at base for less than 0.5 mm"	7
7	"Pedicels glabrous; seed 1, often falling as a unit with pedicel, perianth and capsule; petals less than 0.3 times as long as sepals"	"Polycarpaea holtzei"
7	"Pedicels hairy (flowers sometimes sessile); seeds more than 4, shed from capsule; petals usually more than 0.3 times as long as sepals"	8
8	"Nodes of inflorescences and often upper nodes leafless"	9
8	"Nodes of inflorescences or upper nodes usually leafy"	10
9	"Leaves narrowly linear, more or less glabrous"	"Polycarpaea corymbosa"
9	"Leaves flat, hairy, narrowly oblanceolate"	"Polycarpaea sp. sandstone"
10	"Inflorescences capitate and sessile; leaves thinly pubescent to cobwebbed; pedicels less than 1.5 mm long"	"Polycarpaea involucrata"
10	"Inflorescences subcompact; leaves glabrous; most pedicels more than 1.5 mm and up to 5 mm long"	"Polycarpaea arida"
11	"Inflorescences usually open, lacking subtending leaves"	"Polycarpaea multicaulis"
11	"Inflorescences capitate and sessile, subtended by a pair or involucre of leaves"	12
12	"Stipules, bracts and sepals red-brown; stems red-brown and cobwebbed"	"Polycarpaea microceps"
12	"Stipules, bracts and sepals hyaline; stems white-hoary"	13
13	"Corolla and stamens adnate at base for 0.5 to 1 mm; sepals 3.2--5 mm long"	"Polycarpaea tenax"
13	"Corolla and stamens free; sepals 1.8--3 mm long"	"Polycarpaea incana"
