from	statement	to
1	"Flowers in fascicles in the upper leaf axils"	"Desmodium triflorum"
1	"Flowers in racemes or panicles"	2
2	"Leaves all 1-foliolate"	3
2	"Leaves predominantly 3-foliolate, rarely 1- and 3-foliolate"	5
3	"Upper surface of leaves velutinous"	"Desmodium velutinum"
3	"Upper surface of leaves glabrous to thinly hairy"	4
4	"Stems prostrate; upper margin of pod entire"	"Desmodium tiwiense"
4	"Stems erect; both margins of pod constricted"	"Desmodium gangeticum"
5	"Inflorescences crowded; plants erect, usually >60 cm tall and shrubby"	6
5	"Inflorescences interrupted or few flowered, never crowded; plants prostrate or spreading, or if erect usually <60 cm tall, often herbaceous, annual"	8
6	"Pods equally constricted along both margins"	"Desmodium tortuosum"
6	"Pods more deeply constricted along lower margin"	7
7	"Indumentum of vegetative parts of straight, white hairs; upper margin of pod entire"	"Desmodium heterocarpon"
7	"Indumentum of vegetative parts predominantly of short, hooked hairs; upper margin of pod shallowly lobed"	"Desmodium brachypodum"
8	"Pods equally constricted along both margins"	9
8	"Pods more deeply constricted along lower margin"	10
9	"Stipules with a semicircular green auricle at base; articles narrowly elliptic, to 1.5 mm wide"	"Desmodium scorpiurus"
9	"Stipules narrowly triangular; articles suborbicular, >2 mm wide"	"Desmodium tortuosum"
10	"Articles of pod inflated"	"Desmodium campylocaulon"
10	"Articles of pod flattened"	11
11	"Upper margin of pod distinctly notched between articles; articles indehiscent, nerves uniformly reticulate or radiating from centre, often purplish"	12
11	"Upper margin of pod entire or slightly sinuate; articles dehiscing along lower suture, nerves at margin all transverse"	17
12	"Stems clothed with brown hairs; leaflets +rhomboidal"	"Desmodium rhytidophyllum"
12	"Indumentum hyaline, white, or yellow; leaflets linear to suborbicular, not rhomboidal"	13
13	"Stipules cordate-auriculate at base; pedicels <2 mm long"	"Desmodium brachypodum"
13	"Stipules not as above; pedicels >2 mm long"	14
14	"Leaflets linear, <5 mm wide; articles 2.8-4 mm long; plants erect"	"Desmodium brownii"
14	"Leaflets narrowly elliptic to suborbicular or broader, >5 mm wide, or if linear then stems trailing and articles (3.5) 4-5.5 mm long"	15
15	"Pods with clavate hairs only; hairs of stems usually yellow"	"Desmodium pycnotrichum"
15	"Pods with hooked, simple or blunt hairs, lacking clavate hairs, basal articles often glabrous; hairs of stems white"	16
16	"All articles of pod glabrous or sometimes with a few short, hooked hairs; articles 2.2-3 mm long"	"Desmodium trichostachyum"
16	"Margin of pod with white, blunt hairs, face with white simple and minute, hooked hairs; articles (3.5) 4-5.5 mm long"	"Desmodium filiforme"
17	"Pod distinctly curved, fringed with fine, short, pointed hairs, face with fine, hooked hairs"	"Desmodium flagellare"
17	"Pod straight or slightly curved with short, hooked hairs throughout, rarely also with septate, glandular hairs"	18
18	"Central articles >3.5 mm long, 3-5 mm wide; on cracking clay soils"	"Desmodium muelleri"
18	"Central articles <3.5 mm long, usually 2-3 mm wide; on sandy, gravelly or stony soils"	19
19	"Broadest leaflets >5 mm wide; hairs of stems yellow, those on leaflet upper surface adpressed"	"Desmodium pullenii"
19	"Broadest leaflets <5 mm wide; hairs of stems white, those on leaflet upper surface weak, long, adscending"	"Desmodium glareosum"
