from	statement	to
1	"Stamens 10 (introduced species)"	2
1	"Stamens 5 (native species)"	3
2	"Stems branched, usually erect or ascending; leaves with a suppressed gland between or just below the lowest pair of pinnae; seeds 8-20; leaflets frequently in > 20 pairs"	"Neptunia plena"
2	"Stems rarely branched, usually free floating, often spongy; leaves lacking glands; seeds 4-8; leaflets in 20 or less pairs"	"Neptunia oleracea"
3	"Plants with 1, very rarely 2 seeds per pod"	4
3	"Plants mostly with more than 1 seed per pod"	5
4	"Longest pinnae ±narrowly oblong, mostly less than 40 mm long, or if longer, petiolar gland absent or (when present) circular to oval and never wider than petiole; peduncles with larger bract to 10.5 mm long"	"Neptunia dimorphantha"
4	"Longest pinnae ±narrowly lanceolate, 40-80 mm long; petiolar nectary typically elongate-elliptic, often wider than axis; peduncles with larger bract c. 4.5 mm long, rarely longer"	"Neptunia monosperma"
5	"Plants erect, glabrous; usually 2, unequal, contiguous petiolar glands present; pods < 25 mm long, (1-) 3-6 seeded, in dense clusters"	"Neptunia major"
5	"Plants prostrate, pubescent or rarely glabrous; petiolar gland absent; pods > 25 mm long, 3-8-seeded, typically only one per head maturing"	"Neptunia gracilis"
