from	statement	to
1	"Stems flattened into cladodes or phylloclades"	2
1	"Stems not flattened into cladodes or phylloclades"	6
2	"Flowers on axillary branches"	3
2	"Flowers lateral on phylloclades or flattened cladodes"	4
2	"Flowers in terminal spikes on phylloclades or cladodes"	5
3	"Lateral branches flattened into articulated phylloclades with apex bifid; only near Bloomfield Springs"	"Jacksonia bifida"
3	"Lateral branches flattened, but not articulated as phylloclades, apex not bifid"	"Jacksonia reclinata"
4	"Phylloclades green with raised hairs, mature bud length more than 15 mm"	"Jacksonia stellaris"
4	"Phylloclades silvery with appressed hairs, mature bud length less than 15 mm"	"Jacksonia remota"
5	"Articulated phylloclades present, mature bud length less than 9 mm, main stem terete to angular; widespread in northern NT"	"Jacksonia dilatata"
5	"Cladodes not articulated as phylloclades, mature bud length more than 9 mm, main stem winged; Katherine Gorge, Jasper Gorge"	"Jacksonia spicata"
6	"Young branches and buds not resinous"	7
6	"Young branches and buds resinous"	11
7	"Erect virgate shrub to small tree, flowers yellow-orange, mature buds more than 5 mm long"	8
7	"Low sprawling shrub, flowers pale yellow, mature buds less than 5 mm long,"	10
8	"Calyx with fine silky hairs; Kimberley and western NT"	"Jacksonia forrestii"
8	"Calyx with thick woolly hairs; northern NT"	9
9	"Stems straight or slightly flexuose; Kakadu"	"Jacksonia pendens"
9	"Stems strongly flexuose; Nabalek"	"Jacksonia flexuosa"
10	"Pedicels 0.7-0.9 mm; on red sand in northwestern Australia"	"Jacksonia aculeata"
10	"Pedicels 1.3-1.7 mm; Katherine area"	"Jacksonia effusa"
11	"Scale leaves spreading and prominent, (0.6-)1.3-2.4 mm, plants grey-green"	"Jacksonia odontoclada"
11	"Scale leaves ascending and not prominent, 0.6-1.1 mm, plants yellow-green or red-brown"	12
12	"Stems coarse, red-brown, penultimate branches at the mid-point of their length 0.9-1.3 mm; on laterite NT, NW Qld"	"Jacksonia lateritica"
12	"Stems fine, yellow-green, penultimate branches at the mid-point of their length 0.5-0.8 mm; on sand or sandstone"	13
13	"Bud length 8-9.6 mm; Macarthur R to Alexandria"	"Jacksonia vernicosa"
13	"Bud length less than 7 mm; Arnhem Land"	"Jacksonia arnhemica"
