from	statement	to
1	"Mericarps with barbed prickles; epicalyx to 8.5 mm long; petals 10-15 mm long"	"Urena lobata"
1	"Mericarps lacking prickles; epicalyx 8-16 mm long; petals 15-50 mm long"	2
2	"Midstem leaves simple to obscurely 3-lobed, upper leaves 0.8-1.8 times longer than wide; epicalyx lobes hoary, about as long as tube"	"Urena armitiana var. spenceri"
2	"Midstem leaves deeply 3-lobed, upper leaves (1.9) 4-6 times longer than wide; epicalyx lobes sparsely hairy, 2-3.6 times longer than tube"	"Urena australiensis"
