id	created_at	updated_at	title	author	description	item	spatial	remarks	source_id	created_by	updated_by	key_file
6459	"2016-10-03 11:43:38"	"2016-11-01 10:06:15"	"Polycarpaea (NT)"			Polycarpaea	"Northern Territory"	"Taxonomic references: Cowie, I.D. (1994). Three new species, a new name and notes on Australian Polycarpaea (Caryophyllaceae). Nuytsia 9: 319–332;
Pedley, L. (1977). Polycarpaea (Caryophyllaceae) in Australia. Austrobaileya 1:49–62.;
Wadhwa, B.M. (1996). Caryophyllaceae. In Dassanayake, M.D. & Clayton, W.D. (eds), A Revised Handbook to the Flora of Ceylon. (A.A. Balkema, Rotterdam). Vol. X, pp. 54–71."	3122	niels.klazenga@rbg.vic.gov.au	Ian.Cowie@nt.gov.au	key-6459-polycarpaea-nt.tsv
6460	"2016-10-04 10:39:14"	"2016-10-24 12:41:31"	"Hibiscus (Northern NT)"			Hibiscus	"Northern NT"	"Based on keys by:
Craven, L.A., Wilson, F.D. & Fryxell, P.A. (2003). A taxonomic review of Hibiscus sect. 
Furcaria (Malvaceae) in Western Australia and the Northern Territory. Australian Systematic Botany 
16: 185–218;
Juswara, L.S. & Craven, L.A. (2005). The Hibiscus panduriformis complex (Malvaceae) in Australia. Blumea 50: 389–405; and 
Wheeler, J.R. (1992) Malvaceae. In Wheeler, J. R. (ed.), B. L. Rye, B. L. Koch & A. J. G. Wilson. Flora of the Kimberley Region. (Department of Conservation & Land Management: Como).

 
"	3119	Ian.Cowie@nt.gov.au	Ian.Cowie@nt.gov.au	key-6460-hibiscus-northern-nt.tsv
6461	"2016-10-05 10:50:07"	"2017-03-07 10:44:41"	"Commelina (northern NT)"	"Cowie, I.D."		Commelina	"Northern NT"		3269	Ian.Cowie@nt.gov.au	Ian.Cowie@nt.gov.au	key-6461-commelina-northern-nt.tsv
6462	"2016-10-07 10:31:53"	"2017-01-18 18:00:55"	"Brachychiton (NT)"	I.D.Cowie		Brachychiton	"Northern Territory"	"Taxonomic Reference: Guymer, G. P. (1988). A taxonomic revision of Brachychiton (Sterculiaceae). Australian Systematic Botany 1: 199–323."	3121	Ian.Cowie@nt.gov.au	Ian.Cowie@nt.gov.au	key-6462-brachychiton-nt.tsv
6464	"2016-10-07 19:45:20"	"2016-11-01 10:11:27"	"Melhania (NT)"			Melhania	"Northern Territory"		3124	Ian.Cowie@nt.gov.au	Ian.Cowie@nt.gov.au	key-6464-melhania-nt.tsv
6465	"2016-10-10 10:41:37"	"2016-11-01 10:22:05"	"Polycarpon (NT)"			Polycarpon	"Northern Territory"		3125	Ian.Cowie@nt.gov.au	Ian.Cowie@nt.gov.au	key-6465-polycarpon-nt.tsv
6466	"2016-10-10 10:44:45"	"2016-11-01 10:10:43"	"Sterculia (NT)"			Sterculia	"Northern Territory"		3126	Ian.Cowie@nt.gov.au	Ian.Cowie@nt.gov.au	key-6466-sterculia-nt.tsv
6467	"2016-10-10 10:45:35"	"2016-11-01 10:10:22"	"Waltheria (NT)"			Waltheria	"Northern Territory"		3127	Ian.Cowie@nt.gov.au	Ian.Cowie@nt.gov.au	key-6467-waltheria-nt.tsv
6468	"2016-10-10 10:51:46"	"2016-11-01 10:11:07"	"Melochia (NT)"			Melochia	"Northern Territory"		3128	Ian.Cowie@nt.gov.au	Ian.Cowie@nt.gov.au	key-6468-melochia-nt.tsv
6469	"2016-10-10 10:53:14"	"2017-03-07 10:44:01"	"Amaranthus (northern NT)"			Amaranthus	"Northern Territory"		3129	Ian.Cowie@nt.gov.au	Ian.Cowie@nt.gov.au	key-6469-amaranthus-northern-nt.tsv
6470	"2016-10-11 17:25:05"	"2016-10-24 12:38:03"	"Helicteres (NT)"			Helicteres	"Northern Territory"		3130	Ian.Cowie@nt.gov.au	Ian.Cowie@nt.gov.au	key-6470-helicteres-nt.tsv
6471	"2016-10-14 10:09:33"	"2017-03-07 10:46:14"	"Trachymene (northern NT)"			Trachymene	"Northern NT"	"Adapted from Hart, J.M. & Henwood, M.J. (2006)"	3131	Ian.Cowie@nt.gov.au	Ian.Cowie@nt.gov.au	key-6471-trachymene-northern-nt.tsv
6472	"2016-10-14 10:24:57"	"2017-03-07 10:45:51"	"Lomandra (northern NT)"			Lomandra	"Northern NT"	"Adapted from Lee & MacFarlane (1986)"	3132	Ian.Cowie@nt.gov.au	Ian.Cowie@nt.gov.au	key-6472-lomandra-northern-nt.tsv
6480	"2016-10-17 16:30:18"	"2016-11-01 10:26:37"	"Pterocaulon (NT)"			Pterocaulon	"Northern Territory"		3140	Ian.Cowie@nt.gov.au	Ian.Cowie@nt.gov.au	key-6480-pterocaulon-nt.tsv
6489	"2016-10-19 19:13:23"	"2016-10-19 19:07:28"	"Merremia (NT)"			Merremia	"Northern Territory"		3149	Ian.Cowie@nt.gov.au	Ian.Cowie@nt.gov.au	key-6489-merremia-nt.tsv
6491	"2016-10-24 12:33:12"	"2016-10-24 12:35:55"	"Cochlospermum (NT)"			Cochlospermum	"Northern Territory"		3150	Ian.Cowie@nt.gov.au	Ian.Cowie@nt.gov.au	key-6491-cochlospermum-nt.tsv
6492	"2016-10-24 12:47:52"	"2016-10-24 12:54:22"	"Miliusa (NT)"			Miliusa	"Northern Territory"		3151	Ian.Cowie@nt.gov.au	Ian.Cowie@nt.gov.au	key-6492-miliusa-nt.tsv
6493	"2016-10-24 12:52:25"	"2016-10-24 12:53:59"	"Uvaria (NT)"			Uvaria	"Northern Territory"		3152	Ian.Cowie@nt.gov.au	Ian.Cowie@nt.gov.au	key-6493-uvaria-nt.tsv
6494	"2016-10-24 12:56:46"	"2017-01-18 18:00:18"	"Annona (NT)"	"Kerrigan, R.A., Cowie, I.D. & Dixon, D.J."		Annona	"Northern Territory"		3153	Ian.Cowie@nt.gov.au	Ian.Cowie@nt.gov.au	key-6494-annona-nt.tsv
6495	"2016-10-24 13:15:25"	"2017-03-07 10:45:06"	"Gossypium (northern NT)"			Gossypium	"Northern Territory"		3154	Ian.Cowie@nt.gov.au	Ian.Cowie@nt.gov.au	key-6495-gossypium-northern-nt.tsv
6496	"2016-10-24 13:20:30"	"2016-10-24 13:21:50"	"Thespesia (NT)"			Thespesia	"Northern Territory"		3155	Ian.Cowie@nt.gov.au	Ian.Cowie@nt.gov.au	key-6496-thespesia-nt.tsv
6497	"2016-10-24 13:26:00"	"2016-10-24 13:27:10"	"Urena (NT)"			Urena	"Northern Territory"		3156	Ian.Cowie@nt.gov.au	Ian.Cowie@nt.gov.au	key-6497-urena-nt.tsv
6498	"2016-10-27 10:44:17"	"2016-10-27 10:52:11"	"Polygala (NT)"			Polygala	"Northern Territory"		3157	Ian.Cowie@nt.gov.au	Ian.Cowie@nt.gov.au	key-6498-polygala-nt.tsv
6503	"2016-10-28 10:14:43"	"2016-10-28 10:17:22"	"Abelmoschus (NT)"			Abelmoschus	"Northern Territory"		3162	Ian.Cowie@nt.gov.au	Ian.Cowie@nt.gov.au	key-6503-abelmoschus-nt.tsv
6504	"2016-10-28 10:49:08"	"2016-10-28 10:51:31"	"Mitrasacme (NT)"			Mitrasacme	"Northern Territory"		3163	Ian.Cowie@nt.gov.au	Ian.Cowie@nt.gov.au	key-6504-mitrasacme-nt.tsv
6505	"2016-10-31 18:13:25"	"2016-10-31 18:16:28"	"Spermacoce (NT)"			Spermacoce	"Northern Territory"		3164	Ian.Cowie@nt.gov.au	Ian.Cowie@nt.gov.au	key-6505-spermacoce-nt.tsv
6506	"2016-10-31 18:26:57"	"2016-11-01 10:17:54"	"Aeschynomene (NT)"			Aeschynomene	"Northern Territory"		3165	Ian.Cowie@nt.gov.au	Ian.Cowie@nt.gov.au	key-6506-aeschynomene-nt.tsv
6507	"2016-10-31 18:27:59"	"2016-11-01 10:19:10"	"Alysicarpus (NT)"			Alysicarpus	"Northern Territory"		3166	Ian.Cowie@nt.gov.au	Ian.Cowie@nt.gov.au	key-6507-alysicarpus-nt.tsv
6508	"2016-11-01 09:50:39"	"2016-11-01 10:24:23"	"Aristolochia (NT)"			Aristolochia	"Northern Territory"		3167	Ian.Cowie@nt.gov.au	Ian.Cowie@nt.gov.au	key-6508-aristolochia-nt.tsv
6509	"2016-11-01 09:52:57"	"2016-11-01 10:12:18"	"Dicarpidium (NT)"			Dicarpidium	"Northern Territory"		3168	Ian.Cowie@nt.gov.au	Ian.Cowie@nt.gov.au	key-6509-dicarpidium-nt.tsv
6510	"2016-11-01 09:55:26"	"2016-11-01 10:20:04"	"Croton (NT)"			Croton	"Northern Territory"		3169	Ian.Cowie@nt.gov.au	Ian.Cowie@nt.gov.au	key-6510-croton-nt.tsv
6511	"2016-11-01 10:31:07"	"2016-11-01 11:04:51"	"Malvastrum (NT)"			Malvastrum	"Northern Territory"		3170	Ian.Cowie@nt.gov.au	Ian.Cowie@nt.gov.au	key-6511-malvastrum-nt.tsv
6512	"2016-11-01 10:36:29"	"2016-11-01 11:10:12"	"Malachra (NT)"			Malachra	"Northern Territory"		3171	Ian.Cowie@nt.gov.au	Ian.Cowie@nt.gov.au	key-6512-malachra-nt.tsv
6513	"2016-11-01 12:33:40"	"2017-03-07 10:45:29"	"Hibbertia, excluding Sect. Pachynema (northern NT)"			"Hibbertia, excluding Sect. Pachynema "	"Northern NT"	" (), Notes on Hibbertia (Dilleniaceae) 5. H. melhanioides and H. tomentosa groups from tropical Australia. Journal of the Adelaide Botanic Gardens 23"	3172	Ian.Cowie@nt.gov.au	Ian.Cowie@nt.gov.au	key-6513-hibbertia-excluding-sect-pachynema-northern-nt.tsv
6514	"2016-11-01 13:10:31"	"2016-11-01 13:44:15"	"Aphyllodium (NT)"			Aphyllodium	"Northern Territory"		3173	Ian.Cowie@nt.gov.au	Ian.Cowie@nt.gov.au	key-6514-aphyllodium-nt.tsv
6515	"2016-11-01 13:11:15"	"2016-11-01 13:44:59"	"Dendrolobium (NT)"			Dendrolobium	"Northern Territory"		3174	Ian.Cowie@nt.gov.au	Ian.Cowie@nt.gov.au	key-6515-dendrolobium-nt.tsv
6516	"2016-11-01 13:12:03"	"2016-11-01 13:45:47"	"Desmodium (NT)"			Desmodium	"Northern Territory"		3175	Ian.Cowie@nt.gov.au	Ian.Cowie@nt.gov.au	key-6516-desmodium-nt.tsv
6518	"2016-11-16 09:31:01"	"2016-11-16 10:05:26"	"Diospyros (NT)"			Diospyros	"Northern Territory"		3177	Ian.Cowie@nt.gov.au	Ian.Cowie@nt.gov.au	key-6518-diospyros-nt.tsv
6519	"2016-11-16 09:40:21"	"2016-11-16 10:14:46"	"Jacksonia (NT)"			Jacksonia	"Northern Territory"		3178	Ian.Cowie@nt.gov.au	Ian.Cowie@nt.gov.au	key-6519-jacksonia-nt.tsv
6520	"2016-11-16 11:38:42"	"2016-11-16 12:13:08"	"Macroptilium (NT)"			Macroptilium	"Northern Territory"		3179	Ian.Cowie@nt.gov.au	Ian.Cowie@nt.gov.au	key-6520-macroptilium-nt.tsv
6521	"2016-11-16 11:43:27"	"2016-11-16 11:43:56"	"Plagiocarpus (NT)"			Plagiocarpus	"Northern Territory"		3180	Ian.Cowie@nt.gov.au	Ian.Cowie@nt.gov.au	key-6521-plagiocarpus-nt.tsv
6522	"2016-11-16 12:13:45"	"2016-11-16 12:48:11"	"Eriocaulon (NT)"			Eriocaulon	"Northern Territory"		3181	Ian.Cowie@nt.gov.au	Ian.Cowie@nt.gov.au	key-6522-eriocaulon-nt.tsv
6523	"2016-11-16 12:54:30"	"2016-11-16 13:28:56"	"Ottelia (NT)"			Ottelia	"Northern Territory"		3182	Ian.Cowie@nt.gov.au	Ian.Cowie@nt.gov.au	key-6523-ottelia-nt.tsv
6524	"2016-11-16 12:55:31"	"2016-11-16 13:29:57"	"Vallisneria (NT)"			Vallisneria	"Northern Territory"		3183	Ian.Cowie@nt.gov.au	Ian.Cowie@nt.gov.au	key-6524-vallisneria-nt.tsv
6525	"2016-11-16 12:56:12"	"2016-11-16 13:30:38"	"Typha (NT)"			Typha	"Northern Territory"		3184	Ian.Cowie@nt.gov.au	Ian.Cowie@nt.gov.au	key-6525-typha-nt.tsv
6526	"2016-11-16 12:59:40"	"2016-11-16 13:34:06"	"Stylosanthes (NT))"			Stylosanthes	"Northern Territory"		3185	Ian.Cowie@nt.gov.au	Ian.Cowie@nt.gov.au	key-6526-stylosanthes-nt.tsv
6527	"2016-11-17 10:48:32"	"2016-11-17 11:23:00"	"Haemodorum (NT - Draft)"			Haemodorum	"Northern Territory"		3186	Ian.Cowie@nt.gov.au	Ian.Cowie@nt.gov.au	key-6527-haemodorum-nt-draft.tsv
6528	"2016-11-17 15:53:36"	"2016-11-17 18:04:29"	"Neptunia (NT)"			Neptunia	"Northern Territory"	"Taxonomic References: Windler (1966); Dunlop et al. (1995); Cowan (1998)"	3187	Ian.Cowie@nt.gov.au	Ian.Cowie@nt.gov.au	key-6528-neptunia-nt.tsv
6539	"2016-11-29 18:23:39"	"2016-11-29 18:58:42"	"Galactia (NT)"			Galactia	"Northern Territory"		3198	Ian.Cowie@nt.gov.au	Ian.Cowie@nt.gov.au	key-6539-galactia-nt.tsv
6540	"2016-11-29 18:28:09"	"2017-03-07 10:33:02"	"Byblis (NT)"			Byblis	"Northern Territory"		3199	Ian.Cowie@nt.gov.au	Ian.Cowie@nt.gov.au	key-6540-byblis-nt.tsv
6541	"2016-11-29 18:30:59"	"2016-11-29 19:06:02"	"Caldesia (NT)"			Caldesia	"Northern Territory"		3200	Ian.Cowie@nt.gov.au	Ian.Cowie@nt.gov.au	key-6541-caldesia-nt.tsv
6542	"2016-11-29 18:34:33"	"2016-11-29 19:09:36"	"Calophyllum (NT)"			Calophyllum	"Northern Territory"		3201	Ian.Cowie@nt.gov.au	Ian.Cowie@nt.gov.au	key-6542-calophyllum-nt.tsv
6610	"2017-01-18 17:36:14"	"2017-01-18 17:50:12"	"Flemingia (NT)"	"Dunlop, C.R., Leach, G.J. & Cowie, I.D."		Flemingia	"Northern Territory"		3165	Ian.Cowie@nt.gov.au	Ian.Cowie@nt.gov.au	key-6610-flemingia-nt.tsv
6611	"2017-01-18 17:48:26"	"2017-01-18 17:49:50"	"Canavalia (NT)"	"Dunlop, C.R., Leach, G.J. & Cowie, I.D."		Canavalia	"Northern Territory"		3165	Ian.Cowie@nt.gov.au	Ian.Cowie@nt.gov.au	key-6611-canavalia-nt.tsv
6612	"2017-01-18 17:52:29"	"2017-01-18 17:59:26"	"Lemna (NT)"	I.D.Cowie		Lemna	"Northern Territory"		3267	Ian.Cowie@nt.gov.au	Ian.Cowie@nt.gov.au	key-6612-lemna-nt.tsv
6613	"2017-01-18 18:09:32"	"2017-01-18 18:10:09"	"Rhynchosia (NT)"			Rhynchosia	"Northern Territory"		3165	Ian.Cowie@nt.gov.au	Ian.Cowie@nt.gov.au	key-6613-rhynchosia-nt.tsv
6614	"2017-01-18 18:21:51"	"2017-01-18 18:24:08"	"Rhynchospora (NT)"			Rhynchospora	"Northern Territory"	"Adapted from Sharp, P.R. (1986) Keys to Cyperaceae, Restionaceae & Juncaceae of Queensland. Qld Dept of Primary Industries."	3270	Ian.Cowie@nt.gov.au	Ian.Cowie@nt.gov.au	key-6614-rhynchospora-nt.tsv
6618	"2017-01-27 10:26:17"	"2017-01-27 10:32:41"	"Blyxa (NT)"			Blyxa	"Northern Territory"		3200	Ian.Cowie@nt.gov.au	Ian.Cowie@nt.gov.au	key-6618-blyxa-nt.tsv
6620	"2017-01-27 10:35:45"	"2017-01-27 10:37:47"	"Clerodendrum (NT)"			Clerodendrum	"Northern Territory"		0	Ian.Cowie@nt.gov.au	niels.klazenga@rbg.vic.gov.au	key-6620-clerodendrum-nt.tsv
6621	"2017-01-27 12:00:52"	"2017-01-27 12:02:54"	"Clitoria (NT)"			Clitoria	"Northern Territory"		3165	Ian.Cowie@nt.gov.au	niels.klazenga@rbg.vic.gov.au	key-6621-clitoria-nt.tsv
6622	"2017-01-27 12:01:56"	"2017-01-27 12:03:58"	"Dalbergia (NT)"			Dalbergia	"Northern Territory"		3165	Ian.Cowie@nt.gov.au	niels.klazenga@rbg.vic.gov.au	key-6622-dalbergia-nt.tsv
6623	"2017-01-27 12:02:58"	"2017-01-27 12:05:00"	"Dunbaria (NT)"			Dunbaria	"Northern Territory"		3165	Ian.Cowie@nt.gov.au	niels.klazenga@rbg.vic.gov.au	key-6623-dunbaria-nt.tsv
6624	"2017-01-27 12:04:36"	"2017-01-27 12:08:34"	"Elaeocarpus (NT)"			Elaeocarpus	"Northern Territory"		3275	Ian.Cowie@nt.gov.au	Ian.Cowie@nt.gov.au	key-6624-elaeocarpus-nt.tsv
6625	"2017-01-27 12:26:15"	"2017-01-27 12:28:17"	"Bauhinia (northern NT)"			Bauhinia	"Northern Territory"		3186	Ian.Cowie@nt.gov.au	niels.klazenga@rbg.vic.gov.au	key-6625-bauhinia-northern-nt.tsv
6629	"2017-02-14 17:11:40"	"2017-02-14 17:17:44"	"Ipomoea (NT)"			Ipomoea	"Northern Territory"		3282	Ian.Cowie@nt.gov.au	Ian.Cowie@nt.gov.au	key-6629-ipomoea-nt.tsv
6630	"2017-02-14 17:25:45"	"2017-02-14 17:31:35"	"Muniria (NT)"			Muniria	"Northern Territory"		3283	Ian.Cowie@nt.gov.au	Ian.Cowie@nt.gov.au	key-6630-muniria-nt.tsv
6631	"2017-02-14 17:36:30"	"2017-02-14 17:37:15"	"Najas (NT)"			Najas	"Northern Territory"		3200	Ian.Cowie@nt.gov.au	Ian.Cowie@nt.gov.au	key-6631-najas-nt.tsv
6632	"2017-02-14 17:39:53"	"2017-02-14 17:40:22"	"Monochoria (NT)"			Monochoria	"Northern Territory"		3200	Ian.Cowie@nt.gov.au	Ian.Cowie@nt.gov.au	key-6632-monochoria-nt.tsv
6633	"2017-02-14 17:44:16"	"2017-03-07 10:34:59"	"Passiflora (NT)"			Passiflora	"Northern Territory"		3297	Ian.Cowie@nt.gov.au	Ian.Cowie@nt.gov.au	key-6633-passiflora-nt.tsv
6634	"2017-02-14 17:49:55"	"2017-02-14 17:50:17"	"Sophora (NT)"			Sophora	"Northern Territory"		3165	Ian.Cowie@nt.gov.au	Ian.Cowie@nt.gov.au	key-6634-sophora-nt.tsv
6635	"2017-02-14 18:06:39"	"2017-02-14 18:08:43"	"Ficus (NT)"			Ficus	"Northern Territory"		3284	Ian.Cowie@nt.gov.au	Ian.Cowie@nt.gov.au	key-6635-ficus-nt.tsv
6654	"2017-03-07 10:29:28"	"2017-03-07 10:36:48"	"Casuarina (NT)"			Casuarina	"Northern Territory"		3298	Ian.Cowie@nt.gov.au	Ian.Cowie@nt.gov.au	key-6654-casuarina-nt.tsv
6655	"2017-03-07 10:40:30"	"2017-03-07 10:44:20"	"Calandrinia (northern NT)"			Calandrinia	"Northern NT"		3299	Ian.Cowie@nt.gov.au	Ian.Cowie@nt.gov.au	key-6655-calandrinia-northern-nt.tsv
6658	"2017-03-07 11:24:03"	"2017-03-07 11:26:55"	"Myristica (NT)"			Myristica	"Northern Territory"		3302	Ian.Cowie@nt.gov.au	Ian.Cowie@nt.gov.au	key-6658-myristica-nt.tsv
6659	"2017-03-07 11:40:18"	"2017-03-07 11:40:42"	"Mucuna (NT)"			Mucuna	"Northern Territory"		3165	Ian.Cowie@nt.gov.au	Ian.Cowie@nt.gov.au	key-6659-mucuna-nt.tsv
6747	"2017-03-16 13:54:05"	"2017-03-16 13:55:19"	"Anisomeles (NT)"			Anisomeles	"Northern Territory"		3311	Ian.Cowie@nt.gov.au	Ian.Cowie@nt.gov.au	key-6747-anisomeles-nt.tsv
6748	"2017-03-16 14:00:41"	"2017-03-16 14:01:07"	"Xanthostemon (NT)"			Xanthostemon	"Northern Territory"		3165	Ian.Cowie@nt.gov.au	Ian.Cowie@nt.gov.au	key-6748-xanthostemon-nt.tsv
6749	"2017-03-16 14:03:43"	"2017-03-16 14:04:02"	"Uraria (NT)"			Uraria	"Northern Territory"		3165	Ian.Cowie@nt.gov.au	Ian.Cowie@nt.gov.au	key-6749-uraria-nt.tsv
6750	"2017-03-16 14:07:34"	"2017-03-16 14:11:44"	"Stenocarpus (NT)"			Stenocarpus	"Northern Territory"		0	Ian.Cowie@nt.gov.au	niels.klazenga@rbg.vic.gov.au	key-6750-stenocarpus-nt.tsv
6751	"2017-03-16 14:10:26"	"2017-03-16 14:14:36"	"Gonocarpus (northern NT)"			Gonocarpus	"Northern NT"		0	Ian.Cowie@nt.gov.au	niels.klazenga@rbg.vic.gov.au	key-6751-gonocarpus-northern-nt.tsv
6752	"2017-03-16 14:12:55"	"2017-03-16 14:13:14"	"Ceriops (NT)"			Ceriops	"Northern Territory"		3165	Ian.Cowie@nt.gov.au	Ian.Cowie@nt.gov.au	key-6752-ceriops-nt.tsv
6753	"2017-03-16 14:16:36"	"2017-03-16 14:20:46"	"Lophostemon (NT)"			Lophostemon	"Northern Territory"		0	Ian.Cowie@nt.gov.au	niels.klazenga@rbg.vic.gov.au	key-6753-lophostemon-nt.tsv
6754	"2017-03-16 14:18:37"	"2017-03-16 14:22:47"	"Sonneratia (NT)"			Sonneratia	"Northern Territory"		0	Ian.Cowie@nt.gov.au	niels.klazenga@rbg.vic.gov.au	key-6754-sonneratia-nt.tsv
6755	"2017-03-16 14:20:58"	"2017-03-16 14:21:34"	"Sphaeranthus (NT)"			Sphaeranthus	"Northern Territory"		3200	Ian.Cowie@nt.gov.au	Ian.Cowie@nt.gov.au	key-6755-sphaeranthus-nt.tsv
6756	"2017-03-16 14:24:07"	"2017-03-16 14:24:26"	"Lumnitzera (NT)"			Lumnitzera	"Northern Territory"		3165	Ian.Cowie@nt.gov.au	Ian.Cowie@nt.gov.au	key-6756-lumnitzera-nt.tsv
6757	"2017-03-16 14:31:30"	"2017-03-16 14:32:17"	"Lobelia (northern NT)"	I.D.Cowie	unpublished	Lobelia	"Northern NT"		0	Ian.Cowie@nt.gov.au	Ian.Cowie@nt.gov.au	key-6757-lobelia-northern-nt.tsv
6758	"2017-03-16 17:49:07"	"2017-03-16 17:53:18"	"Grewia (NT)"			Grewia	"Northern Territory"		0	Ian.Cowie@nt.gov.au	niels.klazenga@rbg.vic.gov.au	key-6758-grewia-nt.tsv
6759	"2017-03-16 17:52:49"	"2017-03-16 17:57:00"	"Cucumis (NT)"			Cucumis	"Northern Territory"		0	Ian.Cowie@nt.gov.au	niels.klazenga@rbg.vic.gov.au	key-6759-cucumis-nt.tsv
6760	"2017-03-16 18:07:22"	"2017-03-16 18:07:45"	"Blumea (NT)"	C.R.Dunlop		Blumea	"Northern Territory"		0	Ian.Cowie@nt.gov.au	Ian.Cowie@nt.gov.au	key-6760-blumea-nt.tsv
