id	author	year	title	collection_authors	collection_title	edition	series	volume	part	publisher	place_of_publication	pages	url
3119	"Cowie, I.D."	2016	"Key to Hibiscus in northern NT"							unpublished			
3120	"I.D. Cowie"									unpublished			
3121	"Cowie, I.D."	2012	Sterculiaceae	"Short, P.S. & Cowie, I.D. (eds)"	"Flora of the Darwin Region"			1		"Northern Territory Herbarium, Department of Land Resource Management"	"Palmerston, NT"	1-44	
3122	"Cowie, I.D."	2011	Caryophyllaceae	"Short, P.S. & Cowie, I.D. (eds)"	"Flora of the Darwin Region"			1		"Northern Territory Herbarium, Department of Natural Resources, Environment, the Arts and Sport"	"Palmerston, NT"	1-10	
3124	"Cowie, I.D."	2012	Sterculiaceae	"Short, P.S. & Cowie, I.D. (eds)"	"Flora of the Darwin Region"			1		"Northern Territory Herbarium, Department of Land Resource Management"	"Palmerston, NT"	1-44	
3125	"Cowie, I.D."	2011	Caryophyllaceae	"Short, P.S. & Cowie, I.D. (eds)"	"Flora of the Darwin Region"			1		"Northern Territory Herbarium, Department of Natural Resources, Environment, the Arts and Sport"	"Palmerston, NT"	1-10	
3126	"Cowie, I.D."	2012	Sterculiaceae.	"Short, P.S. & Cowie, I.D. (eds)"	"Flora of the Darwin Region"			1		"Northern Territory Herbarium, Department of Land Resource Management"	"Palmerston, NT"	1-44	
3127	"Cowie, I.D."	2012	Sterculiaceae	"Short, P.S. & Cowie, I.D. (eds)"	"Flora of the Darwin Region"			1		"Northern Territory Herbarium, Department of Land Resource Management"	"Palmerston, NT"	1-44	
3128	"Cowie, I.D."	2012	Sterculiaceae	"Short, P.S. & Cowie, I.D. (eds)"	"Flora of the Darwin Region"			1		"Northern Territory Herbarium, Department of Land Resource Management"	"Palmerston, NT"	1-44	
3129	"Palmer, J."												
3130	"Cowie, I.D."	2011	"New taxa and notes on Helicteres L. (Malvaceae: Helicteroideae) from the Northern Territory, Australia"		"The Beagle, Records of the Museums and Art Galleries of the Northern Territory"			27				27–54	
3131	"Hart, J.M. & Henwood, M.J."	2006	"A revision of Australian Trachymene (Apiaceae: Hydrocotyloideae)"					19	1			11–57	
3132	"Lee, A.T. & Macfarlane, T.D."	1986						46					
3140	"Bean, A.R."	2011	"A taxonomic revision of Pterocaulon section Monenteles (Labill.) Kuntze (Asteraceae: Inuleae-Plucheinae)"					8	3			280-334	
3149	"Johnson, R.W."												
3150	"Cowie, I.D. & Kerrigan, R.A."	2015	"A new species of Cochlospermum (Bixaceae) from Arnhem Land, Northern Territory, Australia"					18				135–140	
3151	"Kerrigan, R.A., Cowie, I.D. & Dixon, D.J."	2011	Annonaceae	"Short, P.S. & Cowie, I.D. (eds)"	"Flora of the Darwin Region"			1		"Northern Territory Herbarium, Department of Natural Resources, Environment, the Arts and Sport"		1-15	
3152	"Kerrigan, R.A., Cowie, I.D. & Dixon, D.J."	2011	Annonaceae	"Short, P.S. & Cowie, I.D. (eds)"	"Flora of the Darwin Region"			1		"Northern Territory Herbarium, Department of Natural Resources, Environment, the Arts and Sport"		1-15	
3153	"Kerrigan, R.A., Cowie, I.D. & Dixon, D.J."	2011	Annonaceae	"Short, P.S. & Cowie, I.D. (eds)"	"Flora of the Darwin Region"			1		"Northern Territory Herbarium, Department of Natural Resources, Environment, the Arts and Sport"		1-15	
3154	"Cowie, I.D., Kerrigan, R.A., Dixon, D.J. & Barker, R.M."	2013	Malvaceae	"Short, P.S. & Cowie, I.D. (eds)"	"Flora of the Darwin Region."			1		"Northern Territory Herbarium, Department of Land Resource Management"	"Palmerston, NT"	1–40	
3155	"Cowie, I.D., Kerrigan, R.A., Dixon, D.J. & Barker, R.M."	2013	Malvaceae	"Short, P.S. & Cowie, I.D. (eds)"	"Flora of the Darwin Region"			1		"Northern Territory Herbarium, Department of Land Resource Management"	"Palmerston, NT"	1–40	
3156	"Cowie, I.D., Kerrigan, R.A., Dixon, D.J. & Barker, R.M."	2013	Malvaceae	"Short, P.S. & Cowie, I.D. (eds)"	"Flora of the Darwin Region"			1		"Northern Territory Herbarium, Department of Land Resource Management"	"Palmerston, NT"	1–40	
3157	"Kerrigan, R.A."	2012	"A treatment for Polygala of northern Australia"					25				83–137	
3162	"Cowie, I.D., Kerrigan, R.A., Dixon, D.J. & Barker, R.M."	2013	Malvaceae	"Short, P.S. & Cowie, I.D. (eds)"	" Flora of the Darwin Region"			1		"Northern Territory Herbarium, Department of Land Resource Management"	"Palmerston, NT."	1–40	
3163	"Dunlop, C.R."	1996	Mitrasacme					28				29-57	
3164	"Harwood, R. & Dessein, S. "	2005	"Australian Spermacoce (Rubiaceae: Spermacoceae). I. Northern Territory"					18				297-365	
3165	"Dunlop, C.R., Leach, G.J. & Cowie, I.D."	1995	"Flora of the Darwin Region"					2		"Conservation Commission of the Northern Territory"	"Palmerston, NT"	1-261	
3166	"Dunlop, C.R., Leach, G.J. & Cowie, I.D."	1995	"Flora of the Darwin Region"					2		"Conservation Commission of the Northern Territory"	"Palmerston, NT"	1-261	
3167	Mangion												
3168	"Cowie, I.D."	2012	Sterculiaceae	"Short, P.S. & Cowie, I.D. (eds)"	"Flora of the Darwin Region"			1		"Northern Territory Herbarium, Department of Land Resource Management"	"Palmerston, NT"	1-44	
3169	"Dunlop, C.R., Leach, G.J. & Cowie, I.D."	1995	"Flora of the Darwin Region"					2		"Conservation Commission of the Northern Territory"	"Palmerston, NT"	1-261	
3170	"Cowie, I.D., Kerrigan, R.A., Dixon, D.J. & Barker, R.M."	2012	Malvaceae	"Short, P.S. & Cowie, I.D. (eds)"	"Flora of the Darwin Region"			1		"Northern Territory Herbarium, Department of Land Resource Management"	"Palmerston, NT"	1–40	
3171	"Cowie, I.D., Kerrigan, R.A., Dixon, D.J. & Barker, R.M."	2012	Malvaceae	"Short, P.S. & Cowie, I.D. (eds)"	"Flora of the Darwin Region"			1		"Northern Territory Herbarium, Department of Land Resource Management"	"Palmerston, NT"	1–40	
3172	"Toelken, H.R."	2010	"Notes on Hibbertia (Dilleniaceae) 5. H. melhanioides and H. tomentosa groups from tropical Australia"					23				1-117	
3173	"Cowie, I.D."												
3174	"Cowie, I.D."												
3175	"Cowie, I.D."												
3177	"Kerrigan et al."												
3178	"Chappill et al."												
3179	"Dunlop, C.R., Leach, G.J. & Cowie, I.D."												
3180	I.Thompson												
3181	"Leach, G.J."												
3182	"Cowie, I.D."												
3183	"Cowie, I.D."												
3184	"Cowie, I.D."												
3185	"Dunlop, C.R., Leach, G.J. & Cowie, I.D."	1995											
3186	"Cowie, I.D."									unpublished			
3187	"Cowie, I.D."	2016	"Key to NT Neptunia"							unpublished			
3198	"Dunlop, C.R., Leach, G.J. & Cowie, I.D."	1995											
3199	"Short, P.S."	2011	Byblidaceae	"Short, P.S. & Cowie, I.D. (eds)"	"Flora of the Darwin Region"			1		"Northern Territory Herbarium, Department of Natural Resources, Environment, the Arts and Sport"	Palmerston	1-3	
3200	"Cowie, I.D., Short, P.S. & Osterkamp Madsen, M."	2000	"Floodplain Flora: A flora of the coastal floodplains of the Northern Territory, Australia"					"no. 10"		"Australian Biological Resources Study & Parks and Wildlife Commission of the Northern Territory"	"Canberra / Darwin"	1-382	
3201	"Kerrigan et al."												
3266	"Cowie, I.D."	2000	Lemnaceae	"Cowie, I.D., Short, P.S. & Osterkamp Madsen, M."									
3267	I.D.Cowie	2000	Lemnaceae	"Cowie, I.D., Short, P.S. & Osterkamp Madsen, M."	"Floodplain Flora, a flora of the coastal floodplains of the Northern Territory, Australia"					ABRS/PWCNT	Canberra/Darwiin	216-217	
3268	"Cowie, I.D."	2016	"Key to Commelina species in the northern NT"							unpublished			
3269	"Cowie, I.D."	2016	"Key to Commelina species in the northern NT"							unpublished			
3270	"P.K. Latz & I.D. Cowie"	2005	"Key to Rhynchospora species in the NT"							unpublished			
3275	"Kerrigan, R.A. & Dixon, D.J."	2011	Elaeocarpaceae	"Short, P.S. & Cowie, I.D. (eds)"	"Flora of the Darwin Region"			1		"Department of Natural Resources, Environment, the Arts and Sport"	Palmerston	1-6	
3282	"Johnson, R.W."	2012	"New species and subspecies of Ipomoea L. (Convolvulaceae) from northern Australia and a key to the Australian species"					8	4			699-723	
3283	"Munir, A.A."	1979	"A taxonomic revision of the genus Pityrodia (Chloanthaceae)"					2	1			" 1-138"	
3284	"Dixon, D.J."	2011	Moraceae	"Short, P.S. & Cowie, I.D. (eds)"	"Flora of the Darwin Region"			1		"Department of Natural Resources, Environment, the Arts and Sport"	Palmerston	1–26	
3297	"Short, P.S."	2011	Passifloraceae	"Short, P.S. & Cowie, I.D. (eds)"	"Flora of the Darwin Region"			1		"Northern Territory Herbarium, Department of Natural Resources, Environment, the Arts and Sport"	Palmerston	1-3	
3298	"Short, P.S."	2011	Casuarinaceae	"Short, P.S. & Cowie, I.D. (eds)"	"Flora of the Darwin Region"			1		"Northern Territory Herbarium, Department of Natural Resources, Environment, the Arts and Sport"	Palmerston	1-4	
3299	"Dixon, D.J., Kerrigan, R.A. & Cowie, I.D."	2013	Portulacaceae	"Short, P.S. & Cowie, I.D. (eds)"	"Flora of the Darwin Region"			1		"Northern Territory Herbarium, Department of Land Resource Management"	Palmerston	1-21	
3302	"Mangion, C.P."	2011	Myristicaceae	"Short, P.S. & Cowie, I.D. (eds)"	"Flora of the Darwin Region"			1		"Northern Territory Herbarium, Department of Natural Resources, Environment, the Arts and Sport"	Palmerston	1-5	
3311	"A.R. Bean"	2015	"A taxonomic revision of Anisomeles R.Br. (Lamiaceae)"					9	3			321–381	
3312	"Telford et al."	2011											
